I20261002 19:56:13.764160  9864 automatic_reconstruction.cc:271] === Feature extraction ===
I20261002 19:56:13.767068 22684 feature_extraction.cc:498] === Feature extraction ===
I20261002 19:56:13.770219 27260 sift.cc:754] Creating Covariant SIFT CPU feature extractor
I20261002 19:56:13.770386 11156 sift.cc:754] Creating Covariant SIFT CPU feature extractor
I20261002 19:56:13.770472 20456 sift.cc:754] Creating Covariant SIFT CPU feature extractor
I20261002 19:56:13.770769 27368 sift.cc:754] Creating Covariant SIFT CPU feature extractor
I20261002 19:56:13.771069 20376 sift.cc:754] Creating Covariant SIFT CPU feature extractor
I20261002 19:56:13.771207  4884 sift.cc:754] Creating Covariant SIFT CPU feature extractor
I20261002 19:56:13.771273  2372 sift.cc:754] Creating Covariant SIFT CPU feature extractor
I20261002 19:56:13.771333 25704 sift.cc:754] Creating Covariant SIFT CPU feature extractor
I20261002 19:56:13.771418 19412 sift.cc:754] Creating Covariant SIFT CPU feature extractor
I20261002 19:56:13.771494  4252 sift.cc:754] Creating Covariant SIFT CPU feature extractor
I20261002 19:56:13.771532 26488 sift.cc:754] Creating Covariant SIFT CPU feature extractor
I20261002 19:56:13.771643 23896 sift.cc:754] Creating Covariant SIFT CPU feature extractor
I20261002 19:56:13.771979  6432 sift.cc:754] Creating Covariant SIFT CPU feature extractor
I20261002 19:56:13.772044 12352 sift.cc:754] Creating Covariant SIFT CPU feature extractor
I20261002 19:56:13.772108 23280 sift.cc:754] Creating Covariant SIFT CPU feature extractor
I20261002 19:56:13.772147 19728 sift.cc:754] Creating Covariant SIFT CPU feature extractor
I20261002 19:56:13.772191 27048 sift.cc:754] Creating Covariant SIFT CPU feature extractor
I20261002 19:56:13.772258  9676 sift.cc:754] Creating Covariant SIFT CPU feature extractor
I20261002 19:56:13.772365 26148 sift.cc:754] Creating Covariant SIFT CPU feature extractor
I20261002 19:56:13.772398 20976 sift.cc:754] Creating Covariant SIFT CPU feature extractor
I20261002 19:56:13.843304 22364 feature_extraction.cc:270] Processed file [1/131]
I20261002 19:56:13.843743 22364 feature_extraction.cc:273]   Name:            000001.png
I20261002 19:56:13.843998 22364 feature_extraction.cc:282]   Dimensions:      256 x 256
I20261002 19:56:13.844258 22364 feature_extraction.cc:285]   Camera:          #1 - SIMPLE_RADIAL
I20261002 19:56:13.844458 22364 feature_extraction.cc:289]   Focal Length:    307.20px
I20261002 19:56:13.844621 22364 feature_extraction.cc:294]   Features:        190 (SIFT)
I20261002 19:56:13.847374 22364 feature_extraction.cc:270] Processed file [2/131]
I20261002 19:56:13.847640 22364 feature_extraction.cc:273]   Name:            000000.png
I20261002 19:56:13.847774 22364 feature_extraction.cc:282]   Dimensions:      256 x 256
I20261002 19:56:13.847898 22364 feature_extraction.cc:285]   Camera:          #1 - SIMPLE_RADIAL
I20261002 19:56:13.848017 22364 feature_extraction.cc:289]   Focal Length:    307.20px
I20261002 19:56:13.848137 22364 feature_extraction.cc:294]   Features:        201 (SIFT)
I20261002 19:56:13.854356 22364 feature_extraction.cc:270] Processed file [3/131]
I20261002 19:56:13.854653 22364 feature_extraction.cc:273]   Name:            000004.png
I20261002 19:56:13.854836 22364 feature_extraction.cc:282]   Dimensions:      256 x 256
I20261002 19:56:13.855010 22364 feature_extraction.cc:285]   Camera:          #1 - SIMPLE_RADIAL
I20261002 19:56:13.855187 22364 feature_extraction.cc:289]   Focal Length:    307.20px
I20261002 19:56:13.855354 22364 feature_extraction.cc:294]   Features:        186 (SIFT)
I20261002 19:56:13.856813 22364 feature_extraction.cc:270] Processed file [4/131]
I20261002 19:56:13.857063 22364 feature_extraction.cc:273]   Name:            000002.png
I20261002 19:56:13.857264 22364 feature_extraction.cc:282]   Dimensions:      256 x 256
I20261002 19:56:13.857439 22364 feature_extraction.cc:285]   Camera:          #1 - SIMPLE_RADIAL
I20261002 19:56:13.857617 22364 feature_extraction.cc:289]   Focal Length:    307.20px
I20261002 19:56:13.857796 22364 feature_extraction.cc:294]   Features:        179 (SIFT)
I20261002 19:56:13.861339 22364 feature_extraction.cc:270] Processed file [5/131]
I20261002 19:56:13.861806 22364 feature_extraction.cc:273]   Name:            000009.png
I20261002 19:56:13.861981 22364 feature_extraction.cc:282]   Dimensions:      256 x 256
I20261002 19:56:13.862125 22364 feature_extraction.cc:285]   Camera:          #1 - SIMPLE_RADIAL
I20261002 19:56:13.862256 22364 feature_extraction.cc:289]   Focal Length:    307.20px
I20261002 19:56:13.862484 22364 feature_extraction.cc:294]   Features:        193 (SIFT)
I20261002 19:56:13.863434 22364 feature_extraction.cc:270] Processed file [6/131]
I20261002 19:56:13.863679 22364 feature_extraction.cc:273]   Name:            000003.png
I20261002 19:56:13.863884 22364 feature_extraction.cc:282]   Dimensions:      256 x 256
I20261002 19:56:13.864080 22364 feature_extraction.cc:285]   Camera:          #1 - SIMPLE_RADIAL
I20261002 19:56:13.864255 22364 feature_extraction.cc:289]   Focal Length:    307.20px
I20261002 19:56:13.864433 22364 feature_extraction.cc:294]   Features:        200 (SIFT)
I20261002 19:56:13.867027 22364 feature_extraction.cc:270] Processed file [7/131]
I20261002 19:56:13.867336 22364 feature_extraction.cc:273]   Name:            000006.png
I20261002 19:56:13.867547 22364 feature_extraction.cc:282]   Dimensions:      256 x 256
I20261002 19:56:13.867716 22364 feature_extraction.cc:285]   Camera:          #1 - SIMPLE_RADIAL
I20261002 19:56:13.867865 22364 feature_extraction.cc:289]   Focal Length:    307.20px
I20261002 19:56:13.868007 22364 feature_extraction.cc:294]   Features:        191 (SIFT)
I20261002 19:56:13.870482 22364 feature_extraction.cc:270] Processed file [8/131]
I20261002 19:56:13.870721 22364 feature_extraction.cc:273]   Name:            000010.png
I20261002 19:56:13.870870 22364 feature_extraction.cc:282]   Dimensions:      256 x 256
I20261002 19:56:13.871010 22364 feature_extraction.cc:285]   Camera:          #1 - SIMPLE_RADIAL
I20261002 19:56:13.871140 22364 feature_extraction.cc:289]   Focal Length:    307.20px
I20261002 19:56:13.871266 22364 feature_extraction.cc:294]   Features:        199 (SIFT)
I20261002 19:56:13.873765 22364 feature_extraction.cc:270] Processed file [9/131]
I20261002 19:56:13.874027 22364 feature_extraction.cc:273]   Name:            000005.png
I20261002 19:56:13.874191 22364 feature_extraction.cc:282]   Dimensions:      256 x 256
I20261002 19:56:13.874347 22364 feature_extraction.cc:285]   Camera:          #1 - SIMPLE_RADIAL
I20261002 19:56:13.874487 22364 feature_extraction.cc:289]   Focal Length:    307.20px
I20261002 19:56:13.874707 22364 feature_extraction.cc:294]   Features:        198 (SIFT)
I20261002 19:56:13.877835 22364 feature_extraction.cc:270] Processed file [10/131]
I20261002 19:56:13.878131 22364 feature_extraction.cc:273]   Name:            000011.png
I20261002 19:56:13.878261 22364 feature_extraction.cc:282]   Dimensions:      256 x 256
I20261002 19:56:13.878365 22364 feature_extraction.cc:285]   Camera:          #1 - SIMPLE_RADIAL
I20261002 19:56:13.878581 22364 feature_extraction.cc:289]   Focal Length:    307.20px
I20261002 19:56:13.878820 22364 feature_extraction.cc:294]   Features:        207 (SIFT)
I20261002 19:56:13.880892 22364 feature_extraction.cc:270] Processed file [11/131]
I20261002 19:56:13.881151 22364 feature_extraction.cc:273]   Name:            000013.png
I20261002 19:56:13.881320 22364 feature_extraction.cc:282]   Dimensions:      256 x 256
I20261002 19:56:13.881457 22364 feature_extraction.cc:285]   Camera:          #1 - SIMPLE_RADIAL
I20261002 19:56:13.881597 22364 feature_extraction.cc:289]   Focal Length:    307.20px
I20261002 19:56:13.881717 22364 feature_extraction.cc:294]   Features:        202 (SIFT)
I20261002 19:56:13.883667 22364 feature_extraction.cc:270] Processed file [12/131]
I20261002 19:56:13.883893 22364 feature_extraction.cc:273]   Name:            000007.png
I20261002 19:56:13.884017 22364 feature_extraction.cc:282]   Dimensions:      256 x 256
I20261002 19:56:13.884186 22364 feature_extraction.cc:285]   Camera:          #1 - SIMPLE_RADIAL
I20261002 19:56:13.884297 22364 feature_extraction.cc:289]   Focal Length:    307.20px
I20261002 19:56:13.884522 22364 feature_extraction.cc:294]   Features:        210 (SIFT)
I20261002 19:56:13.886998 22364 feature_extraction.cc:270] Processed file [13/131]
I20261002 19:56:13.887277 22364 feature_extraction.cc:273]   Name:            000012.png
I20261002 19:56:13.887457 22364 feature_extraction.cc:282]   Dimensions:      256 x 256
I20261002 19:56:13.887608 22364 feature_extraction.cc:285]   Camera:          #1 - SIMPLE_RADIAL
I20261002 19:56:13.887771 22364 feature_extraction.cc:289]   Focal Length:    307.20px
I20261002 19:56:13.887926 22364 feature_extraction.cc:294]   Features:        189 (SIFT)
I20261002 19:56:13.890348 22364 feature_extraction.cc:270] Processed file [14/131]
I20261002 19:56:13.890539 22364 feature_extraction.cc:273]   Name:            000014.png
I20261002 19:56:13.890623 22364 feature_extraction.cc:282]   Dimensions:      256 x 256
I20261002 19:56:13.890691 22364 feature_extraction.cc:285]   Camera:          #1 - SIMPLE_RADIAL
I20261002 19:56:13.890759 22364 feature_extraction.cc:289]   Focal Length:    307.20px
I20261002 19:56:13.890830 22364 feature_extraction.cc:294]   Features:        209 (SIFT)
I20261002 19:56:13.892641 22364 feature_extraction.cc:270] Processed file [15/131]
I20261002 19:56:13.892862 22364 feature_extraction.cc:273]   Name:            000017.png
I20261002 19:56:13.893097 22364 feature_extraction.cc:282]   Dimensions:      256 x 256
I20261002 19:56:13.893327 22364 feature_extraction.cc:285]   Camera:          #1 - SIMPLE_RADIAL
I20261002 19:56:13.893507 22364 feature_extraction.cc:289]   Focal Length:    307.20px
I20261002 19:56:13.893729 22364 feature_extraction.cc:294]   Features:        218 (SIFT)
I20261002 19:56:13.905367 22364 feature_extraction.cc:270] Processed file [16/131]
I20261002 19:56:13.905666 22364 feature_extraction.cc:273]   Name:            000015.png
I20261002 19:56:13.905866 22364 feature_extraction.cc:282]   Dimensions:      256 x 256
I20261002 19:56:13.906018 22364 feature_extraction.cc:285]   Camera:          #1 - SIMPLE_RADIAL
I20261002 19:56:13.906157 22364 feature_extraction.cc:289]   Focal Length:    307.20px
I20261002 19:56:13.906294 22364 feature_extraction.cc:294]   Features:        219 (SIFT)
I20261002 19:56:13.908485 22364 feature_extraction.cc:270] Processed file [17/131]
I20261002 19:56:13.908703 22364 feature_extraction.cc:273]   Name:            000018.png
I20261002 19:56:13.908817 22364 feature_extraction.cc:282]   Dimensions:      256 x 256
I20261002 19:56:13.908903 22364 feature_extraction.cc:285]   Camera:          #1 - SIMPLE_RADIAL
I20261002 19:56:13.908983 22364 feature_extraction.cc:289]   Focal Length:    307.20px
I20261002 19:56:13.909066 22364 feature_extraction.cc:294]   Features:        209 (SIFT)
I20261002 19:56:13.911556 22364 feature_extraction.cc:270] Processed file [18/131]
I20261002 19:56:13.911785 22364 feature_extraction.cc:273]   Name:            000008.png
I20261002 19:56:13.911936 22364 feature_extraction.cc:282]   Dimensions:      256 x 256
I20261002 19:56:13.912086 22364 feature_extraction.cc:285]   Camera:          #1 - SIMPLE_RADIAL
I20261002 19:56:13.912259 22364 feature_extraction.cc:289]   Focal Length:    307.20px
I20261002 19:56:13.912406 22364 feature_extraction.cc:294]   Features:        202 (SIFT)
I20261002 19:56:13.913666 22364 feature_extraction.cc:270] Processed file [19/131]
I20261002 19:56:13.913882 22364 feature_extraction.cc:273]   Name:            000016.png
I20261002 19:56:13.914076 22364 feature_extraction.cc:282]   Dimensions:      256 x 256
I20261002 19:56:13.914251 22364 feature_extraction.cc:285]   Camera:          #1 - SIMPLE_RADIAL
I20261002 19:56:13.914400 22364 feature_extraction.cc:289]   Focal Length:    307.20px
I20261002 19:56:13.914555 22364 feature_extraction.cc:294]   Features:        224 (SIFT)
I20261002 19:56:13.915886 22364 feature_extraction.cc:270] Processed file [20/131]
I20261002 19:56:13.916058 22364 feature_extraction.cc:273]   Name:            000019.png
I20261002 19:56:13.916154 22364 feature_extraction.cc:282]   Dimensions:      256 x 256
I20261002 19:56:13.916227 22364 feature_extraction.cc:285]   Camera:          #1 - SIMPLE_RADIAL
I20261002 19:56:13.916323 22364 feature_extraction.cc:289]   Focal Length:    307.20px
I20261002 19:56:13.916392 22364 feature_extraction.cc:294]   Features:        221 (SIFT)
I20261002 19:56:13.918269 22364 feature_extraction.cc:270] Processed file [21/131]
I20261002 19:56:13.918533 22364 feature_extraction.cc:273]   Name:            000020.png
I20261002 19:56:13.918711 22364 feature_extraction.cc:282]   Dimensions:      256 x 256
I20261002 19:56:13.918859 22364 feature_extraction.cc:285]   Camera:          #1 - SIMPLE_RADIAL
I20261002 19:56:13.919009 22364 feature_extraction.cc:289]   Focal Length:    307.20px
I20261002 19:56:13.919183 22364 feature_extraction.cc:294]   Features:        218 (SIFT)
I20261002 19:56:13.921478 22364 feature_extraction.cc:270] Processed file [22/131]
I20261002 19:56:13.921680 22364 feature_extraction.cc:273]   Name:            000022.png
I20261002 19:56:13.921781 22364 feature_extraction.cc:282]   Dimensions:      256 x 256
I20261002 19:56:13.921870 22364 feature_extraction.cc:285]   Camera:          #1 - SIMPLE_RADIAL
I20261002 19:56:13.921959 22364 feature_extraction.cc:289]   Focal Length:    307.20px
I20261002 19:56:13.922048 22364 feature_extraction.cc:294]   Features:        210 (SIFT)
I20261002 19:56:13.930264 22364 feature_extraction.cc:270] Processed file [23/131]
I20261002 19:56:13.930610 22364 feature_extraction.cc:273]   Name:            000023.png
I20261002 19:56:13.930839 22364 feature_extraction.cc:282]   Dimensions:      256 x 256
I20261002 19:56:13.931030 22364 feature_extraction.cc:285]   Camera:          #1 - SIMPLE_RADIAL
I20261002 19:56:13.931191 22364 feature_extraction.cc:289]   Focal Length:    307.20px
I20261002 19:56:13.931350 22364 feature_extraction.cc:294]   Features:        206 (SIFT)
I20261002 19:56:13.933233 22364 feature_extraction.cc:270] Processed file [24/131]
I20261002 19:56:13.933492 22364 feature_extraction.cc:273]   Name:            000021.png
I20261002 19:56:13.933678 22364 feature_extraction.cc:282]   Dimensions:      256 x 256
I20261002 19:56:13.933849 22364 feature_extraction.cc:285]   Camera:          #1 - SIMPLE_RADIAL
I20261002 19:56:13.934010 22364 feature_extraction.cc:289]   Focal Length:    307.20px
I20261002 19:56:13.934163 22364 feature_extraction.cc:294]   Features:        220 (SIFT)
I20261002 19:56:13.945969 22364 feature_extraction.cc:270] Processed file [25/131]
I20261002 19:56:13.946262 22364 feature_extraction.cc:273]   Name:            000024.png
I20261002 19:56:13.946451 22364 feature_extraction.cc:282]   Dimensions:      256 x 256
I20261002 19:56:13.946612 22364 feature_extraction.cc:285]   Camera:          #1 - SIMPLE_RADIAL
I20261002 19:56:13.946764 22364 feature_extraction.cc:289]   Focal Length:    307.20px
I20261002 19:56:13.946917 22364 feature_extraction.cc:294]   Features:        216 (SIFT)
I20261002 19:56:13.948640 22364 feature_extraction.cc:270] Processed file [26/131]
I20261002 19:56:13.948870 22364 feature_extraction.cc:273]   Name:            000025.png
I20261002 19:56:13.949061 22364 feature_extraction.cc:282]   Dimensions:      256 x 256
I20261002 19:56:13.949249 22364 feature_extraction.cc:285]   Camera:          #1 - SIMPLE_RADIAL
I20261002 19:56:13.949433 22364 feature_extraction.cc:289]   Focal Length:    307.20px
I20261002 19:56:13.949734 22364 feature_extraction.cc:294]   Features:        220 (SIFT)
I20261002 19:56:13.961060 22364 feature_extraction.cc:270] Processed file [27/131]
I20261002 19:56:13.961346 22364 feature_extraction.cc:273]   Name:            000026.png
I20261002 19:56:13.961541 22364 feature_extraction.cc:282]   Dimensions:      256 x 256
I20261002 19:56:13.961721 22364 feature_extraction.cc:285]   Camera:          #1 - SIMPLE_RADIAL
I20261002 19:56:13.961965 22364 feature_extraction.cc:289]   Focal Length:    307.20px
I20261002 19:56:13.962154 22364 feature_extraction.cc:294]   Features:        207 (SIFT)
I20261002 19:56:13.962804 22364 feature_extraction.cc:270] Processed file [28/131]
I20261002 19:56:13.963052 22364 feature_extraction.cc:273]   Name:            000027.png
I20261002 19:56:13.963404 22364 feature_extraction.cc:282]   Dimensions:      256 x 256
I20261002 19:56:13.963608 22364 feature_extraction.cc:285]   Camera:          #1 - SIMPLE_RADIAL
I20261002 19:56:13.963784 22364 feature_extraction.cc:289]   Focal Length:    307.20px
I20261002 19:56:13.963955 22364 feature_extraction.cc:294]   Features:        211 (SIFT)
I20261002 19:56:13.965349 22364 feature_extraction.cc:270] Processed file [29/131]
I20261002 19:56:13.965602 22364 feature_extraction.cc:273]   Name:            000028.png
I20261002 19:56:13.965789 22364 feature_extraction.cc:282]   Dimensions:      256 x 256
I20261002 19:56:13.966000 22364 feature_extraction.cc:285]   Camera:          #1 - SIMPLE_RADIAL
I20261002 19:56:13.966193 22364 feature_extraction.cc:289]   Focal Length:    307.20px
I20261002 19:56:13.966375 22364 feature_extraction.cc:294]   Features:        215 (SIFT)
I20261002 19:56:13.968548 22364 feature_extraction.cc:270] Processed file [30/131]
I20261002 19:56:13.968827 22364 feature_extraction.cc:273]   Name:            000029.png
I20261002 19:56:13.969007 22364 feature_extraction.cc:282]   Dimensions:      256 x 256
I20261002 19:56:13.969212 22364 feature_extraction.cc:285]   Camera:          #1 - SIMPLE_RADIAL
I20261002 19:56:13.969406 22364 feature_extraction.cc:289]   Focal Length:    307.20px
I20261002 19:56:13.969588 22364 feature_extraction.cc:294]   Features:        217 (SIFT)
I20261002 19:56:13.971898 22364 feature_extraction.cc:270] Processed file [31/131]
I20261002 19:56:13.972182 22364 feature_extraction.cc:273]   Name:            000030.png
I20261002 19:56:13.972421 22364 feature_extraction.cc:282]   Dimensions:      256 x 256
I20261002 19:56:13.972646 22364 feature_extraction.cc:285]   Camera:          #1 - SIMPLE_RADIAL
I20261002 19:56:13.972854 22364 feature_extraction.cc:289]   Focal Length:    307.20px
I20261002 19:56:13.973020 22364 feature_extraction.cc:294]   Features:        220 (SIFT)
I20261002 19:56:13.975104 22364 feature_extraction.cc:270] Processed file [32/131]
I20261002 19:56:13.975379 22364 feature_extraction.cc:273]   Name:            000032.png
I20261002 19:56:13.975564 22364 feature_extraction.cc:282]   Dimensions:      256 x 256
I20261002 19:56:13.975768 22364 feature_extraction.cc:285]   Camera:          #1 - SIMPLE_RADIAL
I20261002 19:56:13.975932 22364 feature_extraction.cc:289]   Focal Length:    307.20px
I20261002 19:56:13.976084 22364 feature_extraction.cc:294]   Features:        221 (SIFT)
I20261002 19:56:13.977263 22364 feature_extraction.cc:270] Processed file [33/131]
I20261002 19:56:13.977469 22364 feature_extraction.cc:273]   Name:            000031.png
I20261002 19:56:13.977628 22364 feature_extraction.cc:282]   Dimensions:      256 x 256
I20261002 19:56:13.977827 22364 feature_extraction.cc:285]   Camera:          #1 - SIMPLE_RADIAL
I20261002 19:56:13.978020 22364 feature_extraction.cc:289]   Focal Length:    307.20px
I20261002 19:56:13.978210 22364 feature_extraction.cc:294]   Features:        230 (SIFT)
I20261002 19:56:13.979782 22364 feature_extraction.cc:270] Processed file [34/131]
I20261002 19:56:13.980007 22364 feature_extraction.cc:273]   Name:            000035.png
I20261002 19:56:13.980158 22364 feature_extraction.cc:282]   Dimensions:      256 x 256
I20261002 19:56:13.980306 22364 feature_extraction.cc:285]   Camera:          #1 - SIMPLE_RADIAL
I20261002 19:56:13.980456 22364 feature_extraction.cc:289]   Focal Length:    307.20px
I20261002 19:56:13.980625 22364 feature_extraction.cc:294]   Features:        218 (SIFT)
I20261002 19:56:13.982091 22364 feature_extraction.cc:270] Processed file [35/131]
I20261002 19:56:13.982299 22364 feature_extraction.cc:273]   Name:            000033.png
I20261002 19:56:13.982565 22364 feature_extraction.cc:282]   Dimensions:      256 x 256
I20261002 19:56:13.982732 22364 feature_extraction.cc:285]   Camera:          #1 - SIMPLE_RADIAL
I20261002 19:56:13.982902 22364 feature_extraction.cc:289]   Focal Length:    307.20px
I20261002 19:56:13.983058 22364 feature_extraction.cc:294]   Features:        221 (SIFT)
I20261002 19:56:13.984233 22364 feature_extraction.cc:270] Processed file [36/131]
I20261002 19:56:13.984460 22364 feature_extraction.cc:273]   Name:            000034.png
I20261002 19:56:13.984638 22364 feature_extraction.cc:282]   Dimensions:      256 x 256
I20261002 19:56:13.984812 22364 feature_extraction.cc:285]   Camera:          #1 - SIMPLE_RADIAL
I20261002 19:56:13.984996 22364 feature_extraction.cc:289]   Focal Length:    307.20px
I20261002 19:56:13.985170 22364 feature_extraction.cc:294]   Features:        212 (SIFT)
I20261002 19:56:13.986196 22364 feature_extraction.cc:270] Processed file [37/131]
I20261002 19:56:13.986380 22364 feature_extraction.cc:273]   Name:            000037.png
I20261002 19:56:13.986576 22364 feature_extraction.cc:282]   Dimensions:      256 x 256
I20261002 19:56:13.986748 22364 feature_extraction.cc:285]   Camera:          #1 - SIMPLE_RADIAL
I20261002 19:56:13.986904 22364 feature_extraction.cc:289]   Focal Length:    307.20px
I20261002 19:56:13.987070 22364 feature_extraction.cc:294]   Features:        215 (SIFT)
I20261002 19:56:13.988597 22364 feature_extraction.cc:270] Processed file [38/131]
I20261002 19:56:13.988897 22364 feature_extraction.cc:273]   Name:            000036.png
I20261002 19:56:13.989220 22364 feature_extraction.cc:282]   Dimensions:      256 x 256
I20261002 19:56:13.989422 22364 feature_extraction.cc:285]   Camera:          #1 - SIMPLE_RADIAL
I20261002 19:56:13.989594 22364 feature_extraction.cc:289]   Focal Length:    307.20px
I20261002 19:56:13.989781 22364 feature_extraction.cc:294]   Features:        207 (SIFT)
I20261002 19:56:13.991120 22364 feature_extraction.cc:270] Processed file [39/131]
I20261002 19:56:13.991420 22364 feature_extraction.cc:273]   Name:            000041.png
I20261002 19:56:13.991637 22364 feature_extraction.cc:282]   Dimensions:      256 x 256
I20261002 19:56:13.991841 22364 feature_extraction.cc:285]   Camera:          #1 - SIMPLE_RADIAL
I20261002 19:56:13.992025 22364 feature_extraction.cc:289]   Focal Length:    307.20px
I20261002 19:56:13.992208 22364 feature_extraction.cc:294]   Features:        222 (SIFT)
I20261002 19:56:13.993771 22364 feature_extraction.cc:270] Processed file [40/131]
I20261002 19:56:13.994059 22364 feature_extraction.cc:273]   Name:            000040.png
I20261002 19:56:13.994257 22364 feature_extraction.cc:282]   Dimensions:      256 x 256
I20261002 19:56:13.994438 22364 feature_extraction.cc:285]   Camera:          #1 - SIMPLE_RADIAL
I20261002 19:56:13.994612 22364 feature_extraction.cc:289]   Focal Length:    307.20px
I20261002 19:56:13.994804 22364 feature_extraction.cc:294]   Features:        208 (SIFT)
I20261002 19:56:13.996270 22364 feature_extraction.cc:270] Processed file [41/131]
I20261002 19:56:13.996434 22364 feature_extraction.cc:273]   Name:            000042.png
I20261002 19:56:13.996517 22364 feature_extraction.cc:282]   Dimensions:      256 x 256
I20261002 19:56:13.996584 22364 feature_extraction.cc:285]   Camera:          #1 - SIMPLE_RADIAL
I20261002 19:56:13.996649 22364 feature_extraction.cc:289]   Focal Length:    307.20px
I20261002 19:56:13.996717 22364 feature_extraction.cc:294]   Features:        203 (SIFT)
I20261002 19:56:13.999673 22364 feature_extraction.cc:270] Processed file [42/131]
I20261002 19:56:13.999989 22364 feature_extraction.cc:273]   Name:            000038.png
I20261002 19:56:14.000250 22364 feature_extraction.cc:282]   Dimensions:      256 x 256
I20261002 19:56:14.000450 22364 feature_extraction.cc:285]   Camera:          #1 - SIMPLE_RADIAL
I20261002 19:56:14.000620 22364 feature_extraction.cc:289]   Focal Length:    307.20px
I20261002 19:56:14.000790 22364 feature_extraction.cc:294]   Features:        222 (SIFT)
I20261002 19:56:14.003039 22364 feature_extraction.cc:270] Processed file [43/131]
I20261002 19:56:14.003320 22364 feature_extraction.cc:273]   Name:            000039.png
I20261002 19:56:14.003499 22364 feature_extraction.cc:282]   Dimensions:      256 x 256
I20261002 19:56:14.003654 22364 feature_extraction.cc:285]   Camera:          #1 - SIMPLE_RADIAL
I20261002 19:56:14.003911 22364 feature_extraction.cc:289]   Focal Length:    307.20px
I20261002 19:56:14.004078 22364 feature_extraction.cc:294]   Features:        225 (SIFT)
I20261002 19:56:14.006382 22364 feature_extraction.cc:270] Processed file [44/131]
I20261002 19:56:14.006645 22364 feature_extraction.cc:273]   Name:            000044.png
I20261002 19:56:14.006809 22364 feature_extraction.cc:282]   Dimensions:      256 x 256
I20261002 19:56:14.006980 22364 feature_extraction.cc:285]   Camera:          #1 - SIMPLE_RADIAL
I20261002 19:56:14.007157 22364 feature_extraction.cc:289]   Focal Length:    307.20px
I20261002 19:56:14.007324 22364 feature_extraction.cc:294]   Features:        204 (SIFT)
I20261002 19:56:14.008756 22364 feature_extraction.cc:270] Processed file [45/131]
I20261002 19:56:14.008976 22364 feature_extraction.cc:273]   Name:            000045.png
I20261002 19:56:14.009137 22364 feature_extraction.cc:282]   Dimensions:      256 x 256
I20261002 19:56:14.009285 22364 feature_extraction.cc:285]   Camera:          #1 - SIMPLE_RADIAL
I20261002 19:56:14.009425 22364 feature_extraction.cc:289]   Focal Length:    307.20px
I20261002 19:56:14.009643 22364 feature_extraction.cc:294]   Features:        208 (SIFT)
I20261002 19:56:14.012405 22364 feature_extraction.cc:270] Processed file [46/131]
I20261002 19:56:14.012659 22364 feature_extraction.cc:273]   Name:            000043.png
I20261002 19:56:14.012779 22364 feature_extraction.cc:282]   Dimensions:      256 x 256
I20261002 19:56:14.012860 22364 feature_extraction.cc:285]   Camera:          #1 - SIMPLE_RADIAL
I20261002 19:56:14.012936 22364 feature_extraction.cc:289]   Focal Length:    307.20px
I20261002 19:56:14.013018 22364 feature_extraction.cc:294]   Features:        209 (SIFT)
I20261002 19:56:14.014745 22364 feature_extraction.cc:270] Processed file [47/131]
I20261002 19:56:14.015032 22364 feature_extraction.cc:273]   Name:            000046.png
I20261002 19:56:14.015235 22364 feature_extraction.cc:282]   Dimensions:      256 x 256
I20261002 19:56:14.015341 22364 feature_extraction.cc:285]   Camera:          #1 - SIMPLE_RADIAL
I20261002 19:56:14.015415 22364 feature_extraction.cc:289]   Focal Length:    307.20px
I20261002 19:56:14.015485 22364 feature_extraction.cc:294]   Features:        226 (SIFT)
I20261002 19:56:14.018278 22364 feature_extraction.cc:270] Processed file [48/131]
I20261002 19:56:14.018612 22364 feature_extraction.cc:273]   Name:            000047.png
I20261002 19:56:14.018869 22364 feature_extraction.cc:282]   Dimensions:      256 x 256
I20261002 19:56:14.019115 22364 feature_extraction.cc:285]   Camera:          #1 - SIMPLE_RADIAL
I20261002 19:56:14.019423 22364 feature_extraction.cc:289]   Focal Length:    307.20px
I20261002 19:56:14.019632 22364 feature_extraction.cc:294]   Features:        224 (SIFT)
I20261002 19:56:14.021830 22364 feature_extraction.cc:270] Processed file [49/131]
I20261002 19:56:14.022071 22364 feature_extraction.cc:273]   Name:            000049.png
I20261002 19:56:14.022230 22364 feature_extraction.cc:282]   Dimensions:      256 x 256
I20261002 19:56:14.022368 22364 feature_extraction.cc:285]   Camera:          #1 - SIMPLE_RADIAL
I20261002 19:56:14.022537 22364 feature_extraction.cc:289]   Focal Length:    307.20px
I20261002 19:56:14.022674 22364 feature_extraction.cc:294]   Features:        221 (SIFT)
I20261002 19:56:14.025344 22364 feature_extraction.cc:270] Processed file [50/131]
I20261002 19:56:14.025573 22364 feature_extraction.cc:273]   Name:            000048.png
I20261002 19:56:14.025745 22364 feature_extraction.cc:282]   Dimensions:      256 x 256
I20261002 19:56:14.025897 22364 feature_extraction.cc:285]   Camera:          #1 - SIMPLE_RADIAL
I20261002 19:56:14.026057 22364 feature_extraction.cc:289]   Focal Length:    307.20px
I20261002 19:56:14.026279 22364 feature_extraction.cc:294]   Features:        213 (SIFT)
I20261002 19:56:14.028642 22364 feature_extraction.cc:270] Processed file [51/131]
I20261002 19:56:14.028942 22364 feature_extraction.cc:273]   Name:            000050.png
I20261002 19:56:14.029201 22364 feature_extraction.cc:282]   Dimensions:      256 x 256
I20261002 19:56:14.029421 22364 feature_extraction.cc:285]   Camera:          #1 - SIMPLE_RADIAL
I20261002 19:56:14.029630 22364 feature_extraction.cc:289]   Focal Length:    307.20px
I20261002 19:56:14.029832 22364 feature_extraction.cc:294]   Features:        219 (SIFT)
I20261002 19:56:14.032205 22364 feature_extraction.cc:270] Processed file [52/131]
I20261002 19:56:14.032572 22364 feature_extraction.cc:273]   Name:            000051.png
I20261002 19:56:14.032819 22364 feature_extraction.cc:282]   Dimensions:      256 x 256
I20261002 19:56:14.033067 22364 feature_extraction.cc:285]   Camera:          #1 - SIMPLE_RADIAL
I20261002 19:56:14.033252 22364 feature_extraction.cc:289]   Focal Length:    307.20px
I20261002 19:56:14.033444 22364 feature_extraction.cc:294]   Features:        227 (SIFT)
I20261002 19:56:14.035383 22364 feature_extraction.cc:270] Processed file [53/131]
I20261002 19:56:14.035637 22364 feature_extraction.cc:273]   Name:            000053.png
I20261002 19:56:14.035792 22364 feature_extraction.cc:282]   Dimensions:      256 x 256
I20261002 19:56:14.035982 22364 feature_extraction.cc:285]   Camera:          #1 - SIMPLE_RADIAL
I20261002 19:56:14.036164 22364 feature_extraction.cc:289]   Focal Length:    307.20px
I20261002 19:56:14.036387 22364 feature_extraction.cc:294]   Features:        216 (SIFT)
I20261002 19:56:14.043750 22364 feature_extraction.cc:270] Processed file [54/131]
I20261002 19:56:14.044122 22364 feature_extraction.cc:273]   Name:            000052.png
I20261002 19:56:14.044290 22364 feature_extraction.cc:282]   Dimensions:      256 x 256
I20261002 19:56:14.044478 22364 feature_extraction.cc:285]   Camera:          #1 - SIMPLE_RADIAL
I20261002 19:56:14.044662 22364 feature_extraction.cc:289]   Focal Length:    307.20px
I20261002 19:56:14.044821 22364 feature_extraction.cc:294]   Features:        214 (SIFT)
I20261002 19:56:14.046905 22364 feature_extraction.cc:270] Processed file [55/131]
I20261002 19:56:14.047141 22364 feature_extraction.cc:273]   Name:            000054.png
I20261002 19:56:14.047249 22364 feature_extraction.cc:282]   Dimensions:      256 x 256
I20261002 19:56:14.047334 22364 feature_extraction.cc:285]   Camera:          #1 - SIMPLE_RADIAL
I20261002 19:56:14.047412 22364 feature_extraction.cc:289]   Focal Length:    307.20px
I20261002 19:56:14.047555 22364 feature_extraction.cc:294]   Features:        226 (SIFT)
I20261002 19:56:14.049949 22364 feature_extraction.cc:270] Processed file [56/131]
I20261002 19:56:14.050181 22364 feature_extraction.cc:273]   Name:            000055.png
I20261002 19:56:14.050293 22364 feature_extraction.cc:282]   Dimensions:      256 x 256
I20261002 19:56:14.050377 22364 feature_extraction.cc:285]   Camera:          #1 - SIMPLE_RADIAL
I20261002 19:56:14.050565 22364 feature_extraction.cc:289]   Focal Length:    307.20px
I20261002 19:56:14.050790 22364 feature_extraction.cc:294]   Features:        210 (SIFT)
I20261002 19:56:14.052790 22364 feature_extraction.cc:270] Processed file [57/131]
I20261002 19:56:14.053047 22364 feature_extraction.cc:273]   Name:            000056.png
I20261002 19:56:14.053279 22364 feature_extraction.cc:282]   Dimensions:      256 x 256
I20261002 19:56:14.053469 22364 feature_extraction.cc:285]   Camera:          #1 - SIMPLE_RADIAL
I20261002 19:56:14.053686 22364 feature_extraction.cc:289]   Focal Length:    307.20px
I20261002 19:56:14.053870 22364 feature_extraction.cc:294]   Features:        228 (SIFT)
I20261002 19:56:14.055216 22364 feature_extraction.cc:270] Processed file [58/131]
I20261002 19:56:14.055430 22364 feature_extraction.cc:273]   Name:            000057.png
I20261002 19:56:14.055594 22364 feature_extraction.cc:282]   Dimensions:      256 x 256
I20261002 19:56:14.055758 22364 feature_extraction.cc:285]   Camera:          #1 - SIMPLE_RADIAL
I20261002 19:56:14.055906 22364 feature_extraction.cc:289]   Focal Length:    307.20px
I20261002 19:56:14.056068 22364 feature_extraction.cc:294]   Features:        219 (SIFT)
I20261002 19:56:14.058422 22364 feature_extraction.cc:270] Processed file [59/131]
I20261002 19:56:14.058721 22364 feature_extraction.cc:273]   Name:            000058.png
I20261002 19:56:14.058953 22364 feature_extraction.cc:282]   Dimensions:      256 x 256
I20261002 19:56:14.059159 22364 feature_extraction.cc:285]   Camera:          #1 - SIMPLE_RADIAL
I20261002 19:56:14.059342 22364 feature_extraction.cc:289]   Focal Length:    307.20px
I20261002 19:56:14.059526 22364 feature_extraction.cc:294]   Features:        211 (SIFT)
I20261002 19:56:14.061645 22364 feature_extraction.cc:270] Processed file [60/131]
I20261002 19:56:14.061868 22364 feature_extraction.cc:273]   Name:            000060.png
I20261002 19:56:14.061979 22364 feature_extraction.cc:282]   Dimensions:      256 x 256
I20261002 19:56:14.062054 22364 feature_extraction.cc:285]   Camera:          #1 - SIMPLE_RADIAL
I20261002 19:56:14.062126 22364 feature_extraction.cc:289]   Focal Length:    307.20px
I20261002 19:56:14.062200 22364 feature_extraction.cc:294]   Features:        209 (SIFT)
I20261002 19:56:14.065024 22364 feature_extraction.cc:270] Processed file [61/131]
I20261002 19:56:14.065373 22364 feature_extraction.cc:273]   Name:            000059.png
I20261002 19:56:14.065617 22364 feature_extraction.cc:282]   Dimensions:      256 x 256
I20261002 19:56:14.065813 22364 feature_extraction.cc:285]   Camera:          #1 - SIMPLE_RADIAL
I20261002 19:56:14.065987 22364 feature_extraction.cc:289]   Focal Length:    307.20px
I20261002 19:56:14.066153 22364 feature_extraction.cc:294]   Features:        219 (SIFT)
I20261002 19:56:14.068277 22364 feature_extraction.cc:270] Processed file [62/131]
I20261002 19:56:14.068588 22364 feature_extraction.cc:273]   Name:            000061.png
I20261002 19:56:14.068819 22364 feature_extraction.cc:282]   Dimensions:      256 x 256
I20261002 19:56:14.069032 22364 feature_extraction.cc:285]   Camera:          #1 - SIMPLE_RADIAL
I20261002 19:56:14.069222 22364 feature_extraction.cc:289]   Focal Length:    307.20px
I20261002 19:56:14.069406 22364 feature_extraction.cc:294]   Features:        218 (SIFT)
I20261002 19:56:14.071672 22364 feature_extraction.cc:270] Processed file [63/131]
I20261002 19:56:14.071947 22364 feature_extraction.cc:273]   Name:            000063.png
I20261002 19:56:14.072089 22364 feature_extraction.cc:282]   Dimensions:      256 x 256
I20261002 19:56:14.072193 22364 feature_extraction.cc:285]   Camera:          #1 - SIMPLE_RADIAL
I20261002 19:56:14.072269 22364 feature_extraction.cc:289]   Focal Length:    307.20px
I20261002 19:56:14.072345 22364 feature_extraction.cc:294]   Features:        215 (SIFT)
I20261002 19:56:14.075007 22364 feature_extraction.cc:270] Processed file [64/131]
I20261002 19:56:14.075340 22364 feature_extraction.cc:273]   Name:            000062.png
I20261002 19:56:14.075563 22364 feature_extraction.cc:282]   Dimensions:      256 x 256
I20261002 19:56:14.075849 22364 feature_extraction.cc:285]   Camera:          #1 - SIMPLE_RADIAL
I20261002 19:56:14.076041 22364 feature_extraction.cc:289]   Focal Length:    307.20px
I20261002 19:56:14.076213 22364 feature_extraction.cc:294]   Features:        214 (SIFT)
I20261002 19:56:14.078415 22364 feature_extraction.cc:270] Processed file [65/131]
I20261002 19:56:14.078650 22364 feature_extraction.cc:273]   Name:            000064.png
I20261002 19:56:14.078775 22364 feature_extraction.cc:282]   Dimensions:      256 x 256
I20261002 19:56:14.078864 22364 feature_extraction.cc:285]   Camera:          #1 - SIMPLE_RADIAL
I20261002 19:56:14.078952 22364 feature_extraction.cc:289]   Focal Length:    307.20px
I20261002 19:56:14.079031 22364 feature_extraction.cc:294]   Features:        215 (SIFT)
I20261002 19:56:14.081623 22364 feature_extraction.cc:270] Processed file [66/131]
I20261002 19:56:14.082004 22364 feature_extraction.cc:273]   Name:            000065.png
I20261002 19:56:14.082367 22364 feature_extraction.cc:282]   Dimensions:      256 x 256
I20261002 19:56:14.082529 22364 feature_extraction.cc:285]   Camera:          #1 - SIMPLE_RADIAL
I20261002 19:56:14.082719 22364 feature_extraction.cc:289]   Focal Length:    307.20px
I20261002 19:56:14.082867 22364 feature_extraction.cc:294]   Features:        222 (SIFT)
I20261002 19:56:14.084979 22364 feature_extraction.cc:270] Processed file [67/131]
I20261002 19:56:14.085227 22364 feature_extraction.cc:273]   Name:            000067.png
I20261002 19:56:14.085373 22364 feature_extraction.cc:282]   Dimensions:      256 x 256
I20261002 19:56:14.085505 22364 feature_extraction.cc:285]   Camera:          #1 - SIMPLE_RADIAL
I20261002 19:56:14.085587 22364 feature_extraction.cc:289]   Focal Length:    307.20px
I20261002 19:56:14.085659 22364 feature_extraction.cc:294]   Features:        212 (SIFT)
I20261002 19:56:14.088376 22364 feature_extraction.cc:270] Processed file [68/131]
I20261002 19:56:14.088682 22364 feature_extraction.cc:273]   Name:            000066.png
I20261002 19:56:14.088859 22364 feature_extraction.cc:282]   Dimensions:      256 x 256
I20261002 19:56:14.089033 22364 feature_extraction.cc:285]   Camera:          #1 - SIMPLE_RADIAL
I20261002 19:56:14.089203 22364 feature_extraction.cc:289]   Focal Length:    307.20px
I20261002 19:56:14.089379 22364 feature_extraction.cc:294]   Features:        218 (SIFT)
I20261002 19:56:14.091473 22364 feature_extraction.cc:270] Processed file [69/131]
I20261002 19:56:14.091690 22364 feature_extraction.cc:273]   Name:            000068.png
I20261002 19:56:14.091807 22364 feature_extraction.cc:282]   Dimensions:      256 x 256
I20261002 19:56:14.091886 22364 feature_extraction.cc:285]   Camera:          #1 - SIMPLE_RADIAL
I20261002 19:56:14.091958 22364 feature_extraction.cc:289]   Focal Length:    307.20px
I20261002 19:56:14.092033 22364 feature_extraction.cc:294]   Features:        212 (SIFT)
I20261002 19:56:14.094730 22364 feature_extraction.cc:270] Processed file [70/131]
I20261002 19:56:14.095053 22364 feature_extraction.cc:273]   Name:            000070.png
I20261002 19:56:14.095313 22364 feature_extraction.cc:282]   Dimensions:      256 x 256
I20261002 19:56:14.095508 22364 feature_extraction.cc:285]   Camera:          #1 - SIMPLE_RADIAL
I20261002 19:56:14.095698 22364 feature_extraction.cc:289]   Focal Length:    307.20px
I20261002 19:56:14.095889 22364 feature_extraction.cc:294]   Features:        216 (SIFT)
I20261002 19:56:14.097985 22364 feature_extraction.cc:270] Processed file [71/131]
I20261002 19:56:14.098297 22364 feature_extraction.cc:273]   Name:            000069.png
I20261002 19:56:14.098479 22364 feature_extraction.cc:282]   Dimensions:      256 x 256
I20261002 19:56:14.098653 22364 feature_extraction.cc:285]   Camera:          #1 - SIMPLE_RADIAL
I20261002 19:56:14.098809 22364 feature_extraction.cc:289]   Focal Length:    307.20px
I20261002 19:56:14.098991 22364 feature_extraction.cc:294]   Features:        222 (SIFT)
I20261002 19:56:14.101125 22364 feature_extraction.cc:270] Processed file [72/131]
I20261002 19:56:14.101377 22364 feature_extraction.cc:273]   Name:            000072.png
I20261002 19:56:14.101587 22364 feature_extraction.cc:282]   Dimensions:      256 x 256
I20261002 19:56:14.101842 22364 feature_extraction.cc:285]   Camera:          #1 - SIMPLE_RADIAL
I20261002 19:56:14.102047 22364 feature_extraction.cc:289]   Focal Length:    307.20px
I20261002 19:56:14.102239 22364 feature_extraction.cc:294]   Features:        213 (SIFT)
I20261002 19:56:14.104427 22364 feature_extraction.cc:270] Processed file [73/131]
I20261002 19:56:14.104700 22364 feature_extraction.cc:273]   Name:            000073.png
I20261002 19:56:14.104923 22364 feature_extraction.cc:282]   Dimensions:      256 x 256
I20261002 19:56:14.105175 22364 feature_extraction.cc:285]   Camera:          #1 - SIMPLE_RADIAL
I20261002 19:56:14.105394 22364 feature_extraction.cc:289]   Focal Length:    307.20px
I20261002 19:56:14.105598 22364 feature_extraction.cc:294]   Features:        214 (SIFT)
I20261002 19:56:14.107664 22364 feature_extraction.cc:270] Processed file [74/131]
I20261002 19:56:14.107967 22364 feature_extraction.cc:273]   Name:            000071.png
I20261002 19:56:14.108210 22364 feature_extraction.cc:282]   Dimensions:      256 x 256
I20261002 19:56:14.108361 22364 feature_extraction.cc:285]   Camera:          #1 - SIMPLE_RADIAL
I20261002 19:56:14.108447 22364 feature_extraction.cc:289]   Focal Length:    307.20px
I20261002 19:56:14.108530 22364 feature_extraction.cc:294]   Features:        227 (SIFT)
I20261002 19:56:14.110311 22364 feature_extraction.cc:270] Processed file [75/131]
I20261002 19:56:14.110572 22364 feature_extraction.cc:273]   Name:            000074.png
I20261002 19:56:14.110693 22364 feature_extraction.cc:282]   Dimensions:      256 x 256
I20261002 19:56:14.110780 22364 feature_extraction.cc:285]   Camera:          #1 - SIMPLE_RADIAL
I20261002 19:56:14.110862 22364 feature_extraction.cc:289]   Focal Length:    307.20px
I20261002 19:56:14.110941 22364 feature_extraction.cc:294]   Features:        211 (SIFT)
I20261002 19:56:14.112524 22364 feature_extraction.cc:270] Processed file [76/131]
I20261002 19:56:14.112816 22364 feature_extraction.cc:273]   Name:            000076.png
I20261002 19:56:14.113007 22364 feature_extraction.cc:282]   Dimensions:      256 x 256
I20261002 19:56:14.113184 22364 feature_extraction.cc:285]   Camera:          #1 - SIMPLE_RADIAL
I20261002 19:56:14.113297 22364 feature_extraction.cc:289]   Focal Length:    307.20px
I20261002 19:56:14.113376 22364 feature_extraction.cc:294]   Features:        192 (SIFT)
I20261002 19:56:14.115915 22364 feature_extraction.cc:270] Processed file [77/131]
I20261002 19:56:14.116207 22364 feature_extraction.cc:273]   Name:            000075.png
I20261002 19:56:14.116425 22364 feature_extraction.cc:282]   Dimensions:      256 x 256
I20261002 19:56:14.116617 22364 feature_extraction.cc:285]   Camera:          #1 - SIMPLE_RADIAL
I20261002 19:56:14.116814 22364 feature_extraction.cc:289]   Focal Length:    307.20px
I20261002 19:56:14.116988 22364 feature_extraction.cc:294]   Features:        207 (SIFT)
I20261002 19:56:14.119139 22364 feature_extraction.cc:270] Processed file [78/131]
I20261002 19:56:14.119390 22364 feature_extraction.cc:273]   Name:            000077.png
I20261002 19:56:14.119583 22364 feature_extraction.cc:282]   Dimensions:      256 x 256
I20261002 19:56:14.119755 22364 feature_extraction.cc:285]   Camera:          #1 - SIMPLE_RADIAL
I20261002 19:56:14.119928 22364 feature_extraction.cc:289]   Focal Length:    307.20px
I20261002 19:56:14.120095 22364 feature_extraction.cc:294]   Features:        205 (SIFT)
I20261002 19:56:14.122298 22364 feature_extraction.cc:270] Processed file [79/131]
I20261002 19:56:14.122587 22364 feature_extraction.cc:273]   Name:            000080.png
I20261002 19:56:14.122811 22364 feature_extraction.cc:282]   Dimensions:      256 x 256
I20261002 19:56:14.123030 22364 feature_extraction.cc:285]   Camera:          #1 - SIMPLE_RADIAL
I20261002 19:56:14.123218 22364 feature_extraction.cc:289]   Focal Length:    307.20px
I20261002 19:56:14.123432 22364 feature_extraction.cc:294]   Features:        202 (SIFT)
I20261002 19:56:14.125616 22364 feature_extraction.cc:270] Processed file [80/131]
I20261002 19:56:14.125960 22364 feature_extraction.cc:273]   Name:            000079.png
I20261002 19:56:14.126195 22364 feature_extraction.cc:282]   Dimensions:      256 x 256
I20261002 19:56:14.126408 22364 feature_extraction.cc:285]   Camera:          #1 - SIMPLE_RADIAL
I20261002 19:56:14.126588 22364 feature_extraction.cc:289]   Focal Length:    307.20px
I20261002 19:56:14.126785 22364 feature_extraction.cc:294]   Features:        205 (SIFT)
I20261002 19:56:14.128863 22364 feature_extraction.cc:270] Processed file [81/131]
I20261002 19:56:14.129163 22364 feature_extraction.cc:273]   Name:            000078.png
I20261002 19:56:14.129436 22364 feature_extraction.cc:282]   Dimensions:      256 x 256
I20261002 19:56:14.129666 22364 feature_extraction.cc:285]   Camera:          #1 - SIMPLE_RADIAL
I20261002 19:56:14.129994 22364 feature_extraction.cc:289]   Focal Length:    307.20px
I20261002 19:56:14.130245 22364 feature_extraction.cc:294]   Features:        208 (SIFT)
I20261002 19:56:14.132395 22364 feature_extraction.cc:270] Processed file [82/131]
I20261002 19:56:14.132722 22364 feature_extraction.cc:273]   Name:            000082.png
I20261002 19:56:14.132950 22364 feature_extraction.cc:282]   Dimensions:      256 x 256
I20261002 19:56:14.133145 22364 feature_extraction.cc:285]   Camera:          #1 - SIMPLE_RADIAL
I20261002 19:56:14.133296 22364 feature_extraction.cc:289]   Focal Length:    307.20px
I20261002 19:56:14.133530 22364 feature_extraction.cc:294]   Features:        208 (SIFT)
I20261002 19:56:14.135604 22364 feature_extraction.cc:270] Processed file [83/131]
I20261002 19:56:14.136785 22364 feature_extraction.cc:273]   Name:            000083.png
I20261002 19:56:14.136958 22364 feature_extraction.cc:282]   Dimensions:      256 x 256
I20261002 19:56:14.137089 22364 feature_extraction.cc:285]   Camera:          #1 - SIMPLE_RADIAL
I20261002 19:56:14.137227 22364 feature_extraction.cc:289]   Focal Length:    307.20px
I20261002 19:56:14.137345 22364 feature_extraction.cc:294]   Features:        198 (SIFT)
I20261002 19:56:14.138817 22364 feature_extraction.cc:270] Processed file [84/131]
I20261002 19:56:14.139034 22364 feature_extraction.cc:273]   Name:            000081.png
I20261002 19:56:14.139169 22364 feature_extraction.cc:282]   Dimensions:      256 x 256
I20261002 19:56:14.139308 22364 feature_extraction.cc:285]   Camera:          #1 - SIMPLE_RADIAL
I20261002 19:56:14.139459 22364 feature_extraction.cc:289]   Focal Length:    307.20px
I20261002 19:56:14.139599 22364 feature_extraction.cc:294]   Features:        202 (SIFT)
I20261002 19:56:14.142092 22364 feature_extraction.cc:270] Processed file [85/131]
I20261002 19:56:14.142382 22364 feature_extraction.cc:273]   Name:            000084.png
I20261002 19:56:14.142555 22364 feature_extraction.cc:282]   Dimensions:      256 x 256
I20261002 19:56:14.142734 22364 feature_extraction.cc:285]   Camera:          #1 - SIMPLE_RADIAL
I20261002 19:56:14.142981 22364 feature_extraction.cc:289]   Focal Length:    307.20px
I20261002 19:56:14.143179 22364 feature_extraction.cc:294]   Features:        203 (SIFT)
I20261002 19:56:14.145368 22364 feature_extraction.cc:270] Processed file [86/131]
I20261002 19:56:14.145621 22364 feature_extraction.cc:273]   Name:            000085.png
I20261002 19:56:14.145769 22364 feature_extraction.cc:282]   Dimensions:      256 x 256
I20261002 19:56:14.145895 22364 feature_extraction.cc:285]   Camera:          #1 - SIMPLE_RADIAL
I20261002 19:56:14.146024 22364 feature_extraction.cc:289]   Focal Length:    307.20px
I20261002 19:56:14.146151 22364 feature_extraction.cc:294]   Features:        195 (SIFT)
I20261002 19:56:14.148720 22364 feature_extraction.cc:270] Processed file [87/131]
I20261002 19:56:14.149021 22364 feature_extraction.cc:273]   Name:            000089.png
I20261002 19:56:14.149227 22364 feature_extraction.cc:282]   Dimensions:      256 x 256
I20261002 19:56:14.149413 22364 feature_extraction.cc:285]   Camera:          #1 - SIMPLE_RADIAL
I20261002 19:56:14.149591 22364 feature_extraction.cc:289]   Focal Length:    307.20px
I20261002 19:56:14.149768 22364 feature_extraction.cc:294]   Features:        202 (SIFT)
I20261002 19:56:14.152055 22364 feature_extraction.cc:270] Processed file [88/131]
I20261002 19:56:14.152359 22364 feature_extraction.cc:273]   Name:            000086.png
I20261002 19:56:14.152552 22364 feature_extraction.cc:282]   Dimensions:      256 x 256
I20261002 19:56:14.152731 22364 feature_extraction.cc:285]   Camera:          #1 - SIMPLE_RADIAL
I20261002 19:56:14.152906 22364 feature_extraction.cc:289]   Focal Length:    307.20px
I20261002 19:56:14.153057 22364 feature_extraction.cc:294]   Features:        203 (SIFT)
I20261002 19:56:14.153557 22364 feature_extraction.cc:270] Processed file [89/131]
I20261002 19:56:14.153798 22364 feature_extraction.cc:273]   Name:            000087.png
I20261002 19:56:14.154003 22364 feature_extraction.cc:282]   Dimensions:      256 x 256
I20261002 19:56:14.154175 22364 feature_extraction.cc:285]   Camera:          #1 - SIMPLE_RADIAL
I20261002 19:56:14.154368 22364 feature_extraction.cc:289]   Focal Length:    307.20px
I20261002 19:56:14.154525 22364 feature_extraction.cc:294]   Features:        203 (SIFT)
I20261002 19:56:14.154985 22364 feature_extraction.cc:270] Processed file [90/131]
I20261002 19:56:14.155175 22364 feature_extraction.cc:273]   Name:            000088.png
I20261002 19:56:14.155335 22364 feature_extraction.cc:282]   Dimensions:      256 x 256
I20261002 19:56:14.155479 22364 feature_extraction.cc:285]   Camera:          #1 - SIMPLE_RADIAL
I20261002 19:56:14.155622 22364 feature_extraction.cc:289]   Focal Length:    307.20px
I20261002 19:56:14.155768 22364 feature_extraction.cc:294]   Features:        195 (SIFT)
I20261002 19:56:14.156259 22364 feature_extraction.cc:270] Processed file [91/131]
I20261002 19:56:14.156512 22364 feature_extraction.cc:273]   Name:            000091.png
I20261002 19:56:14.156716 22364 feature_extraction.cc:282]   Dimensions:      256 x 256
I20261002 19:56:14.156904 22364 feature_extraction.cc:285]   Camera:          #1 - SIMPLE_RADIAL
I20261002 19:56:14.157083 22364 feature_extraction.cc:289]   Focal Length:    307.20px
I20261002 19:56:14.157220 22364 feature_extraction.cc:294]   Features:        184 (SIFT)
I20261002 19:56:14.157607 22364 feature_extraction.cc:270] Processed file [92/131]
I20261002 19:56:14.157771 22364 feature_extraction.cc:273]   Name:            000090.png
I20261002 19:56:14.157906 22364 feature_extraction.cc:282]   Dimensions:      256 x 256
I20261002 19:56:14.158044 22364 feature_extraction.cc:285]   Camera:          #1 - SIMPLE_RADIAL
I20261002 19:56:14.158159 22364 feature_extraction.cc:289]   Focal Length:    307.20px
I20261002 19:56:14.158270 22364 feature_extraction.cc:294]   Features:        202 (SIFT)
I20261002 19:56:14.158596 22364 feature_extraction.cc:270] Processed file [93/131]
I20261002 19:56:14.158739 22364 feature_extraction.cc:273]   Name:            000092.png
I20261002 19:56:14.158847 22364 feature_extraction.cc:282]   Dimensions:      256 x 256
I20261002 19:56:14.158960 22364 feature_extraction.cc:285]   Camera:          #1 - SIMPLE_RADIAL
I20261002 19:56:14.159088 22364 feature_extraction.cc:289]   Focal Length:    307.20px
I20261002 19:56:14.159218 22364 feature_extraction.cc:294]   Features:        203 (SIFT)
I20261002 19:56:14.164378 22364 feature_extraction.cc:270] Processed file [94/131]
I20261002 19:56:14.164718 22364 feature_extraction.cc:273]   Name:            000093.png
I20261002 19:56:14.164858 22364 feature_extraction.cc:282]   Dimensions:      256 x 256
I20261002 19:56:14.164999 22364 feature_extraction.cc:285]   Camera:          #1 - SIMPLE_RADIAL
I20261002 19:56:14.165136 22364 feature_extraction.cc:289]   Focal Length:    307.20px
I20261002 19:56:14.165279 22364 feature_extraction.cc:294]   Features:        202 (SIFT)
I20261002 19:56:14.165686 22364 feature_extraction.cc:270] Processed file [95/131]
I20261002 19:56:14.165942 22364 feature_extraction.cc:273]   Name:            000094.png
I20261002 19:56:14.166125 22364 feature_extraction.cc:282]   Dimensions:      256 x 256
I20261002 19:56:14.166275 22364 feature_extraction.cc:285]   Camera:          #1 - SIMPLE_RADIAL
I20261002 19:56:14.166414 22364 feature_extraction.cc:289]   Focal Length:    307.20px
I20261002 19:56:14.166560 22364 feature_extraction.cc:294]   Features:        187 (SIFT)
I20261002 19:56:14.167620 22364 feature_extraction.cc:270] Processed file [96/131]
I20261002 19:56:14.167827 22364 feature_extraction.cc:273]   Name:            000096.png
I20261002 19:56:14.167950 22364 feature_extraction.cc:282]   Dimensions:      256 x 256
I20261002 19:56:14.168082 22364 feature_extraction.cc:285]   Camera:          #1 - SIMPLE_RADIAL
I20261002 19:56:14.168229 22364 feature_extraction.cc:289]   Focal Length:    307.20px
I20261002 19:56:14.168367 22364 feature_extraction.cc:294]   Features:        201 (SIFT)
I20261002 19:56:14.169986 22364 feature_extraction.cc:270] Processed file [97/131]
I20261002 19:56:14.170277 22364 feature_extraction.cc:273]   Name:            000097.png
I20261002 19:56:14.170433 22364 feature_extraction.cc:282]   Dimensions:      256 x 256
I20261002 19:56:14.170617 22364 feature_extraction.cc:285]   Camera:          #1 - SIMPLE_RADIAL
I20261002 19:56:14.170783 22364 feature_extraction.cc:289]   Focal Length:    307.20px
I20261002 19:56:14.170935 22364 feature_extraction.cc:294]   Features:        177 (SIFT)
I20261002 19:56:14.171329 22364 feature_extraction.cc:270] Processed file [98/131]
I20261002 19:56:14.171511 22364 feature_extraction.cc:273]   Name:            000095.png
I20261002 19:56:14.171675 22364 feature_extraction.cc:282]   Dimensions:      256 x 256
I20261002 19:56:14.171820 22364 feature_extraction.cc:285]   Camera:          #1 - SIMPLE_RADIAL
I20261002 19:56:14.172060 22364 feature_extraction.cc:289]   Focal Length:    307.20px
I20261002 19:56:14.172260 22364 feature_extraction.cc:294]   Features:        214 (SIFT)
I20261002 19:56:14.173640 22364 feature_extraction.cc:270] Processed file [99/131]
I20261002 19:56:14.173978 22364 feature_extraction.cc:273]   Name:            000098.png
I20261002 19:56:14.174223 22364 feature_extraction.cc:282]   Dimensions:      256 x 256
I20261002 19:56:14.174400 22364 feature_extraction.cc:285]   Camera:          #1 - SIMPLE_RADIAL
I20261002 19:56:14.174533 22364 feature_extraction.cc:289]   Focal Length:    307.20px
I20261002 19:56:14.174674 22364 feature_extraction.cc:294]   Features:        190 (SIFT)
I20261002 19:56:14.175058 22364 feature_extraction.cc:270] Processed file [100/131]
I20261002 19:56:14.175206 22364 feature_extraction.cc:273]   Name:            000099.png
I20261002 19:56:14.175315 22364 feature_extraction.cc:282]   Dimensions:      256 x 256
I20261002 19:56:14.175443 22364 feature_extraction.cc:285]   Camera:          #1 - SIMPLE_RADIAL
I20261002 19:56:14.175552 22364 feature_extraction.cc:289]   Focal Length:    307.20px
I20261002 19:56:14.175660 22364 feature_extraction.cc:294]   Features:        187 (SIFT)
I20261002 19:56:14.179816 22364 feature_extraction.cc:270] Processed file [101/131]
I20261002 19:56:14.180149 22364 feature_extraction.cc:273]   Name:            000100.png
I20261002 19:56:14.180346 22364 feature_extraction.cc:282]   Dimensions:      256 x 256
I20261002 19:56:14.180534 22364 feature_extraction.cc:285]   Camera:          #1 - SIMPLE_RADIAL
I20261002 19:56:14.180802 22364 feature_extraction.cc:289]   Focal Length:    307.20px
I20261002 19:56:14.181084 22364 feature_extraction.cc:294]   Features:        174 (SIFT)
I20261002 19:56:14.181646 22364 feature_extraction.cc:270] Processed file [102/131]
I20261002 19:56:14.181891 22364 feature_extraction.cc:273]   Name:            000102.png
I20261002 19:56:14.182089 22364 feature_extraction.cc:282]   Dimensions:      256 x 256
I20261002 19:56:14.182289 22364 feature_extraction.cc:285]   Camera:          #1 - SIMPLE_RADIAL
I20261002 19:56:14.182448 22364 feature_extraction.cc:289]   Focal Length:    307.20px
I20261002 19:56:14.182615 22364 feature_extraction.cc:294]   Features:        161 (SIFT)
I20261002 19:56:14.182977 22364 feature_extraction.cc:270] Processed file [103/131]
I20261002 19:56:14.183155 22364 feature_extraction.cc:273]   Name:            000103.png
I20261002 19:56:14.183328 22364 feature_extraction.cc:282]   Dimensions:      256 x 256
I20261002 19:56:14.183478 22364 feature_extraction.cc:285]   Camera:          #1 - SIMPLE_RADIAL
I20261002 19:56:14.183615 22364 feature_extraction.cc:289]   Focal Length:    307.20px
I20261002 19:56:14.183728 22364 feature_extraction.cc:294]   Features:        177 (SIFT)
I20261002 19:56:14.188594 22364 feature_extraction.cc:270] Processed file [104/131]
I20261002 19:56:14.188957 22364 feature_extraction.cc:273]   Name:            000101.png
I20261002 19:56:14.189087 22364 feature_extraction.cc:282]   Dimensions:      256 x 256
I20261002 19:56:14.189185 22364 feature_extraction.cc:285]   Camera:          #1 - SIMPLE_RADIAL
I20261002 19:56:14.189287 22364 feature_extraction.cc:289]   Focal Length:    307.20px
I20261002 19:56:14.189390 22364 feature_extraction.cc:294]   Features:        186 (SIFT)
I20261002 19:56:14.192649 22364 feature_extraction.cc:270] Processed file [105/131]
I20261002 19:56:14.193034 22364 feature_extraction.cc:273]   Name:            000106.png
I20261002 19:56:14.193217 22364 feature_extraction.cc:282]   Dimensions:      256 x 256
I20261002 19:56:14.193364 22364 feature_extraction.cc:285]   Camera:          #1 - SIMPLE_RADIAL
I20261002 19:56:14.193500 22364 feature_extraction.cc:289]   Focal Length:    307.20px
I20261002 19:56:14.193646 22364 feature_extraction.cc:294]   Features:        152 (SIFT)
I20261002 19:56:14.194035 22364 feature_extraction.cc:270] Processed file [106/131]
I20261002 19:56:14.194223 22364 feature_extraction.cc:273]   Name:            000105.png
I20261002 19:56:14.194393 22364 feature_extraction.cc:282]   Dimensions:      256 x 256
I20261002 19:56:14.194556 22364 feature_extraction.cc:285]   Camera:          #1 - SIMPLE_RADIAL
I20261002 19:56:14.194759 22364 feature_extraction.cc:289]   Focal Length:    307.20px
I20261002 19:56:14.194931 22364 feature_extraction.cc:294]   Features:        158 (SIFT)
I20261002 19:56:14.195252 22364 feature_extraction.cc:270] Processed file [107/131]
I20261002 19:56:14.195379 22364 feature_extraction.cc:273]   Name:            000104.png
I20261002 19:56:14.195479 22364 feature_extraction.cc:282]   Dimensions:      256 x 256
I20261002 19:56:14.195576 22364 feature_extraction.cc:285]   Camera:          #1 - SIMPLE_RADIAL
I20261002 19:56:14.195674 22364 feature_extraction.cc:289]   Focal Length:    307.20px
I20261002 19:56:14.195772 22364 feature_extraction.cc:294]   Features:        167 (SIFT)
I20261002 19:56:14.198821 22364 feature_extraction.cc:270] Processed file [108/131]
I20261002 19:56:14.199167 22364 feature_extraction.cc:273]   Name:            000109.png
I20261002 19:56:14.199345 22364 feature_extraction.cc:282]   Dimensions:      256 x 256
I20261002 19:56:14.199470 22364 feature_extraction.cc:285]   Camera:          #1 - SIMPLE_RADIAL
I20261002 19:56:14.199589 22364 feature_extraction.cc:289]   Focal Length:    307.20px
I20261002 19:56:14.199693 22364 feature_extraction.cc:294]   Features:        160 (SIFT)
I20261002 19:56:14.200033 22364 feature_extraction.cc:270] Processed file [109/131]
I20261002 19:56:14.200176 22364 feature_extraction.cc:273]   Name:            000107.png
I20261002 19:56:14.200280 22364 feature_extraction.cc:282]   Dimensions:      256 x 256
I20261002 19:56:14.200378 22364 feature_extraction.cc:285]   Camera:          #1 - SIMPLE_RADIAL
I20261002 19:56:14.200473 22364 feature_extraction.cc:289]   Focal Length:    307.20px
I20261002 19:56:14.200569 22364 feature_extraction.cc:294]   Features:        170 (SIFT)
I20261002 19:56:14.202408 22364 feature_extraction.cc:270] Processed file [110/131]
I20261002 19:56:14.202708 22364 feature_extraction.cc:273]   Name:            000110.png
I20261002 19:56:14.202872 22364 feature_extraction.cc:282]   Dimensions:      256 x 256
I20261002 19:56:14.203078 22364 feature_extraction.cc:285]   Camera:          #1 - SIMPLE_RADIAL
I20261002 19:56:14.203223 22364 feature_extraction.cc:289]   Focal Length:    307.20px
I20261002 19:56:14.203362 22364 feature_extraction.cc:294]   Features:        146 (SIFT)
I20261002 19:56:14.208402 22364 feature_extraction.cc:270] Processed file [111/131]
I20261002 19:56:14.208885 22364 feature_extraction.cc:273]   Name:            000111.png
I20261002 19:56:14.209141 22364 feature_extraction.cc:282]   Dimensions:      256 x 256
I20261002 19:56:14.209288 22364 feature_extraction.cc:285]   Camera:          #1 - SIMPLE_RADIAL
I20261002 19:56:14.209430 22364 feature_extraction.cc:289]   Focal Length:    307.20px
I20261002 19:56:14.209574 22364 feature_extraction.cc:294]   Features:        142 (SIFT)
I20261002 19:56:14.209985 22364 feature_extraction.cc:270] Processed file [112/131]
I20261002 19:56:14.210157 22364 feature_extraction.cc:273]   Name:            000108.png
I20261002 19:56:14.210288 22364 feature_extraction.cc:282]   Dimensions:      256 x 256
I20261002 19:56:14.210421 22364 feature_extraction.cc:285]   Camera:          #1 - SIMPLE_RADIAL
I20261002 19:56:14.210548 22364 feature_extraction.cc:289]   Focal Length:    307.20px
I20261002 19:56:14.210707 22364 feature_extraction.cc:294]   Features:        168 (SIFT)
I20261002 19:56:14.215375 22364 feature_extraction.cc:270] Processed file [113/131]
I20261002 19:56:14.215671 22364 feature_extraction.cc:273]   Name:            000117.png
I20261002 19:56:14.215866 22364 feature_extraction.cc:282]   Dimensions:      256 x 256
I20261002 19:56:14.216033 22364 feature_extraction.cc:285]   Camera:          #1 - SIMPLE_RADIAL
I20261002 19:56:14.216195 22364 feature_extraction.cc:289]   Focal Length:    307.20px
I20261002 19:56:14.216355 22364 feature_extraction.cc:294]   Features:        148 (SIFT)
I20261002 19:56:14.217756 22364 feature_extraction.cc:270] Processed file [114/131]
I20261002 19:56:14.217983 22364 feature_extraction.cc:273]   Name:            000112.png
I20261002 19:56:14.218148 22364 feature_extraction.cc:282]   Dimensions:      256 x 256
I20261002 19:56:14.218303 22364 feature_extraction.cc:285]   Camera:          #1 - SIMPLE_RADIAL
I20261002 19:56:14.218454 22364 feature_extraction.cc:289]   Focal Length:    307.20px
I20261002 19:56:14.218681 22364 feature_extraction.cc:294]   Features:        145 (SIFT)
I20261002 19:56:14.219331 22364 feature_extraction.cc:270] Processed file [115/131]
I20261002 19:56:14.219536 22364 feature_extraction.cc:273]   Name:            000119.png
I20261002 19:56:14.219725 22364 feature_extraction.cc:282]   Dimensions:      256 x 256
I20261002 19:56:14.219899 22364 feature_extraction.cc:285]   Camera:          #1 - SIMPLE_RADIAL
I20261002 19:56:14.220073 22364 feature_extraction.cc:289]   Focal Length:    307.20px
I20261002 19:56:14.220248 22364 feature_extraction.cc:294]   Features:        139 (SIFT)
I20261002 19:56:14.221337 22364 feature_extraction.cc:270] Processed file [116/131]
I20261002 19:56:14.221604 22364 feature_extraction.cc:273]   Name:            000113.png
I20261002 19:56:14.221785 22364 feature_extraction.cc:282]   Dimensions:      256 x 256
I20261002 19:56:14.221904 22364 feature_extraction.cc:285]   Camera:          #1 - SIMPLE_RADIAL
I20261002 19:56:14.222162 22364 feature_extraction.cc:289]   Focal Length:    307.20px
I20261002 19:56:14.222384 22364 feature_extraction.cc:294]   Features:        158 (SIFT)
I20261002 19:56:14.222827 22364 feature_extraction.cc:270] Processed file [117/131]
I20261002 19:56:14.223043 22364 feature_extraction.cc:273]   Name:            000114.png
I20261002 19:56:14.223213 22364 feature_extraction.cc:282]   Dimensions:      256 x 256
I20261002 19:56:14.223366 22364 feature_extraction.cc:285]   Camera:          #1 - SIMPLE_RADIAL
I20261002 19:56:14.223516 22364 feature_extraction.cc:289]   Focal Length:    307.20px
I20261002 19:56:14.223680 22364 feature_extraction.cc:294]   Features:        154 (SIFT)
I20261002 19:56:14.224086 22364 feature_extraction.cc:270] Processed file [118/131]
I20261002 19:56:14.224289 22364 feature_extraction.cc:273]   Name:            000116.png
I20261002 19:56:14.224442 22364 feature_extraction.cc:282]   Dimensions:      256 x 256
I20261002 19:56:14.224587 22364 feature_extraction.cc:285]   Camera:          #1 - SIMPLE_RADIAL
I20261002 19:56:14.224732 22364 feature_extraction.cc:289]   Focal Length:    307.20px
I20261002 19:56:14.224973 22364 feature_extraction.cc:294]   Features:        164 (SIFT)
I20261002 19:56:14.225333 22364 feature_extraction.cc:270] Processed file [119/131]
I20261002 19:56:14.225516 22364 feature_extraction.cc:273]   Name:            000115.png
I20261002 19:56:14.225663 22364 feature_extraction.cc:282]   Dimensions:      256 x 256
I20261002 19:56:14.225792 22364 feature_extraction.cc:285]   Camera:          #1 - SIMPLE_RADIAL
I20261002 19:56:14.225936 22364 feature_extraction.cc:289]   Focal Length:    307.20px
I20261002 19:56:14.226088 22364 feature_extraction.cc:294]   Features:        166 (SIFT)
I20261002 19:56:14.227358 22364 feature_extraction.cc:270] Processed file [120/131]
I20261002 19:56:14.227663 22364 feature_extraction.cc:273]   Name:            000120.png
I20261002 19:56:14.227875 22364 feature_extraction.cc:282]   Dimensions:      256 x 256
I20261002 19:56:14.228075 22364 feature_extraction.cc:285]   Camera:          #1 - SIMPLE_RADIAL
I20261002 19:56:14.228216 22364 feature_extraction.cc:289]   Focal Length:    307.20px
I20261002 19:56:14.228356 22364 feature_extraction.cc:294]   Features:        132 (SIFT)
I20261002 19:56:14.228700 22364 feature_extraction.cc:270] Processed file [121/131]
I20261002 19:56:14.228917 22364 feature_extraction.cc:273]   Name:            000118.png
I20261002 19:56:14.229082 22364 feature_extraction.cc:282]   Dimensions:      256 x 256
I20261002 19:56:14.229217 22364 feature_extraction.cc:285]   Camera:          #1 - SIMPLE_RADIAL
I20261002 19:56:14.229351 22364 feature_extraction.cc:289]   Focal Length:    307.20px
I20261002 19:56:14.229484 22364 feature_extraction.cc:294]   Features:        155 (SIFT)
I20261002 19:56:14.229822 22364 feature_extraction.cc:270] Processed file [122/131]
I20261002 19:56:14.229989 22364 feature_extraction.cc:273]   Name:            000121.png
I20261002 19:56:14.230136 22364 feature_extraction.cc:282]   Dimensions:      256 x 256
I20261002 19:56:14.230287 22364 feature_extraction.cc:285]   Camera:          #1 - SIMPLE_RADIAL
I20261002 19:56:14.230436 22364 feature_extraction.cc:289]   Focal Length:    307.20px
I20261002 19:56:14.230608 22364 feature_extraction.cc:294]   Features:        142 (SIFT)
I20261002 19:56:14.230965 22364 feature_extraction.cc:270] Processed file [123/131]
I20261002 19:56:14.231133 22364 feature_extraction.cc:273]   Name:            000122.png
I20261002 19:56:14.231267 22364 feature_extraction.cc:282]   Dimensions:      256 x 256
I20261002 19:56:14.231396 22364 feature_extraction.cc:285]   Camera:          #1 - SIMPLE_RADIAL
I20261002 19:56:14.231533 22364 feature_extraction.cc:289]   Focal Length:    307.20px
I20261002 19:56:14.231666 22364 feature_extraction.cc:294]   Features:        145 (SIFT)
I20261002 19:56:14.237721 22364 feature_extraction.cc:270] Processed file [124/131]
I20261002 19:56:14.238057 22364 feature_extraction.cc:273]   Name:            000123.png
I20261002 19:56:14.238315 22364 feature_extraction.cc:282]   Dimensions:      256 x 256
I20261002 19:56:14.238616 22364 feature_extraction.cc:285]   Camera:          #1 - SIMPLE_RADIAL
I20261002 19:56:14.238825 22364 feature_extraction.cc:289]   Focal Length:    307.20px
I20261002 19:56:14.239016 22364 feature_extraction.cc:294]   Features:        144 (SIFT)
I20261002 19:56:14.239412 22364 feature_extraction.cc:270] Processed file [125/131]
I20261002 19:56:14.239605 22364 feature_extraction.cc:273]   Name:            000124.png
I20261002 19:56:14.239824 22364 feature_extraction.cc:282]   Dimensions:      256 x 256
I20261002 19:56:14.240032 22364 feature_extraction.cc:285]   Camera:          #1 - SIMPLE_RADIAL
I20261002 19:56:14.240243 22364 feature_extraction.cc:289]   Focal Length:    307.20px
I20261002 19:56:14.240459 22364 feature_extraction.cc:294]   Features:        138 (SIFT)
I20261002 19:56:14.240822 22364 feature_extraction.cc:270] Processed file [126/131]
I20261002 19:56:14.240998 22364 feature_extraction.cc:273]   Name:            000126.png
I20261002 19:56:14.241120 22364 feature_extraction.cc:282]   Dimensions:      256 x 256
I20261002 19:56:14.241204 22364 feature_extraction.cc:285]   Camera:          #1 - SIMPLE_RADIAL
I20261002 19:56:14.241272 22364 feature_extraction.cc:289]   Focal Length:    307.20px
I20261002 19:56:14.241340 22364 feature_extraction.cc:294]   Features:        176 (SIFT)
I20261002 19:56:14.241529 22364 feature_extraction.cc:270] Processed file [127/131]
I20261002 19:56:14.241608 22364 feature_extraction.cc:273]   Name:            000125.png
I20261002 19:56:14.241671 22364 feature_extraction.cc:282]   Dimensions:      256 x 256
I20261002 19:56:14.241731 22364 feature_extraction.cc:285]   Camera:          #1 - SIMPLE_RADIAL
I20261002 19:56:14.241791 22364 feature_extraction.cc:289]   Focal Length:    307.20px
I20261002 19:56:14.241855 22364 feature_extraction.cc:294]   Features:        177 (SIFT)
I20261002 19:56:14.242468 22364 feature_extraction.cc:270] Processed file [128/131]
I20261002 19:56:14.242559 22364 feature_extraction.cc:273]   Name:            000128.png
I20261002 19:56:14.242619 22364 feature_extraction.cc:282]   Dimensions:      256 x 256
I20261002 19:56:14.242677 22364 feature_extraction.cc:285]   Camera:          #1 - SIMPLE_RADIAL
I20261002 19:56:14.242736 22364 feature_extraction.cc:289]   Focal Length:    307.20px
I20261002 19:56:14.242795 22364 feature_extraction.cc:294]   Features:        185 (SIFT)
I20261002 19:56:14.246127 22364 feature_extraction.cc:270] Processed file [129/131]
I20261002 19:56:14.246275 22364 feature_extraction.cc:273]   Name:            000127.png
I20261002 19:56:14.246409 22364 feature_extraction.cc:282]   Dimensions:      256 x 256
I20261002 19:56:14.246500 22364 feature_extraction.cc:285]   Camera:          #1 - SIMPLE_RADIAL
I20261002 19:56:14.246571 22364 feature_extraction.cc:289]   Focal Length:    307.20px
I20261002 19:56:14.246636 22364 feature_extraction.cc:294]   Features:        206 (SIFT)
I20261002 19:56:14.247725 22364 feature_extraction.cc:270] Processed file [130/131]
I20261002 19:56:14.247812 22364 feature_extraction.cc:273]   Name:            000129.png
I20261002 19:56:14.247906 22364 feature_extraction.cc:282]   Dimensions:      256 x 256
I20261002 19:56:14.247976 22364 feature_extraction.cc:285]   Camera:          #1 - SIMPLE_RADIAL
I20261002 19:56:14.248028 22364 feature_extraction.cc:289]   Focal Length:    307.20px
I20261002 19:56:14.248081 22364 feature_extraction.cc:294]   Features:        181 (SIFT)
I20261002 19:56:14.250020 22364 feature_extraction.cc:270] Processed file [131/131]
I20261002 19:56:14.250088 22364 feature_extraction.cc:273]   Name:            000130.png
I20261002 19:56:14.250173 22364 feature_extraction.cc:282]   Dimensions:      256 x 256
I20261002 19:56:14.250281 22364 feature_extraction.cc:285]   Camera:          #1 - SIMPLE_RADIAL
I20261002 19:56:14.250345 22364 feature_extraction.cc:289]   Focal Length:    307.20px
I20261002 19:56:14.250399 22364 feature_extraction.cc:294]   Features:        179 (SIFT)
I20261002 19:56:14.250682 22684 timer.cc:90] Elapsed time: 0.008 [minutes]
I20261002 19:56:14.251529  9864 automatic_reconstruction.cc:282] === Feature matching ===
I20261002 19:56:14.251837 26928 feature_matching.cc:196] === Feature matching & geometric verification ===
I20261002 19:56:14.314925 26700 feature_matching_utils.cc:79] Bind FeatureMatcherWorker to GPU device 0
I20261002 19:56:14.314925 14776 feature_matching_utils.cc:79] Bind FeatureMatcherWorker to GPU device 0
I20261002 19:56:14.315444 26700 sift.cc:1679] Creating SIFT GPU feature matcher
I20261002 19:56:14.315448 14776 sift.cc:1679] Creating SIFT GPU feature matcher
I20261002 19:56:14.315779 26928 pairing.cc:438] Generating sequential image pairs...
I20261002 19:56:14.316574 26928 pairing.cc:249] Generating image pairs with vocabulary tree...
I20261002 19:56:14.316739 26928 pairing.cc:372] Indexing image [1/131]
I20261002 19:56:14.839935 26928 pairing.cc:389]  in 0.523s
I20261002 19:56:14.840100 26928 pairing.cc:372] Indexing image [2/131]
I20261002 19:56:14.847439 26928 pairing.cc:389]  in 0.007s
I20261002 19:56:14.847554 26928 pairing.cc:372] Indexing image [3/131]
I20261002 19:56:14.854326 26928 pairing.cc:389]  in 0.007s
I20261002 19:56:14.854434 26928 pairing.cc:372] Indexing image [4/131]
I20261002 19:56:14.860835 26928 pairing.cc:389]  in 0.006s
I20261002 19:56:14.860932 26928 pairing.cc:372] Indexing image [5/131]
I20261002 19:56:14.868230 26928 pairing.cc:389]  in 0.007s
I20261002 19:56:14.868387 26928 pairing.cc:372] Indexing image [6/131]
I20261002 19:56:14.875721 26928 pairing.cc:389]  in 0.007s
I20261002 19:56:14.875852 26928 pairing.cc:372] Indexing image [7/131]
I20261002 19:56:14.883171 26928 pairing.cc:389]  in 0.007s
I20261002 19:56:14.883296 26928 pairing.cc:372] Indexing image [8/131]
I20261002 19:56:14.890174 26928 pairing.cc:389]  in 0.007s
I20261002 19:56:14.890266 26928 pairing.cc:372] Indexing image [9/131]
I20261002 19:56:14.897091 26928 pairing.cc:389]  in 0.007s
I20261002 19:56:14.897207 26928 pairing.cc:372] Indexing image [10/131]
I20261002 19:56:14.904389 26928 pairing.cc:389]  in 0.007s
I20261002 19:56:14.904488 26928 pairing.cc:372] Indexing image [11/131]
I20261002 19:56:14.911465 26928 pairing.cc:389]  in 0.007s
I20261002 19:56:14.911558 26928 pairing.cc:372] Indexing image [12/131]
I20261002 19:56:14.918961 26928 pairing.cc:389]  in 0.007s
I20261002 19:56:14.919100 26928 pairing.cc:372] Indexing image [13/131]
I20261002 19:56:14.925551 26928 pairing.cc:389]  in 0.006s
I20261002 19:56:14.925667 26928 pairing.cc:372] Indexing image [14/131]
I20261002 19:56:14.933629 26928 pairing.cc:389]  in 0.008s
I20261002 19:56:14.933813 26928 pairing.cc:372] Indexing image [15/131]
I20261002 19:56:14.941968 26928 pairing.cc:389]  in 0.008s
I20261002 19:56:14.942134 26928 pairing.cc:372] Indexing image [16/131]
I20261002 19:56:14.949731 26928 pairing.cc:389]  in 0.008s
I20261002 19:56:14.949842 26928 pairing.cc:372] Indexing image [17/131]
I20261002 19:56:14.957488 26928 pairing.cc:389]  in 0.008s
I20261002 19:56:14.957579 26928 pairing.cc:372] Indexing image [18/131]
I20261002 19:56:14.964991 26928 pairing.cc:389]  in 0.007s
I20261002 19:56:14.965080 26928 pairing.cc:372] Indexing image [19/131]
I20261002 19:56:14.973682 26928 pairing.cc:389]  in 0.009s
I20261002 19:56:14.973863 26928 pairing.cc:372] Indexing image [20/131]
I20261002 19:56:14.982505 26928 pairing.cc:389]  in 0.009s
I20261002 19:56:14.982612 26928 pairing.cc:372] Indexing image [21/131]
I20261002 19:56:14.990615 26928 pairing.cc:389]  in 0.008s
I20261002 19:56:14.990759 26928 pairing.cc:372] Indexing image [22/131]
I20261002 19:56:14.999004 26928 pairing.cc:389]  in 0.008s
I20261002 19:56:14.999181 26928 pairing.cc:372] Indexing image [23/131]
I20261002 19:56:15.013895 26928 pairing.cc:389]  in 0.015s
I20261002 19:56:15.014032 26928 pairing.cc:372] Indexing image [24/131]
I20261002 19:56:15.021643 26928 pairing.cc:389]  in 0.008s
I20261002 19:56:15.021738 26928 pairing.cc:372] Indexing image [25/131]
I20261002 19:56:15.029196 26928 pairing.cc:389]  in 0.007s
I20261002 19:56:15.029284 26928 pairing.cc:372] Indexing image [26/131]
I20261002 19:56:15.037468 26928 pairing.cc:389]  in 0.008s
I20261002 19:56:15.037614 26928 pairing.cc:372] Indexing image [27/131]
I20261002 19:56:15.045152 26928 pairing.cc:389]  in 0.008s
I20261002 19:56:15.045261 26928 pairing.cc:372] Indexing image [28/131]
I20261002 19:56:15.052914 26928 pairing.cc:389]  in 0.008s
I20261002 19:56:15.053005 26928 pairing.cc:372] Indexing image [29/131]
I20261002 19:56:15.060729 26928 pairing.cc:389]  in 0.008s
I20261002 19:56:15.060823 26928 pairing.cc:372] Indexing image [30/131]
I20261002 19:56:15.068330 26928 pairing.cc:389]  in 0.008s
I20261002 19:56:15.068433 26928 pairing.cc:372] Indexing image [31/131]
I20261002 19:56:15.076002 26928 pairing.cc:389]  in 0.008s
I20261002 19:56:15.076092 26928 pairing.cc:372] Indexing image [32/131]
I20261002 19:56:15.083797 26928 pairing.cc:389]  in 0.008s
I20261002 19:56:15.083973 26928 pairing.cc:372] Indexing image [33/131]
I20261002 19:56:15.092430 26928 pairing.cc:389]  in 0.008s
I20261002 19:56:15.092564 26928 pairing.cc:372] Indexing image [34/131]
I20261002 19:56:15.100654 26928 pairing.cc:389]  in 0.008s
I20261002 19:56:15.100881 26928 pairing.cc:372] Indexing image [35/131]
I20261002 19:56:15.109298 26928 pairing.cc:389]  in 0.008s
I20261002 19:56:15.109416 26928 pairing.cc:372] Indexing image [36/131]
I20261002 19:56:15.116773 26928 pairing.cc:389]  in 0.007s
I20261002 19:56:15.116895 26928 pairing.cc:372] Indexing image [37/131]
I20261002 19:56:15.124250 26928 pairing.cc:389]  in 0.007s
I20261002 19:56:15.124452 26928 pairing.cc:372] Indexing image [38/131]
I20261002 19:56:15.131794 26928 pairing.cc:389]  in 0.007s
I20261002 19:56:15.131915 26928 pairing.cc:372] Indexing image [39/131]
I20261002 19:56:15.139593 26928 pairing.cc:389]  in 0.008s
I20261002 19:56:15.139706 26928 pairing.cc:372] Indexing image [40/131]
I20261002 19:56:15.147017 26928 pairing.cc:389]  in 0.007s
I20261002 19:56:15.147126 26928 pairing.cc:372] Indexing image [41/131]
I20261002 19:56:15.154677 26928 pairing.cc:389]  in 0.008s
I20261002 19:56:15.154896 26928 pairing.cc:372] Indexing image [42/131]
I20261002 19:56:15.163625 26928 pairing.cc:389]  in 0.009s
I20261002 19:56:15.163771 26928 pairing.cc:372] Indexing image [43/131]
I20261002 19:56:15.172233 26928 pairing.cc:389]  in 0.008s
I20261002 19:56:15.172373 26928 pairing.cc:372] Indexing image [44/131]
I20261002 19:56:15.179909 26928 pairing.cc:389]  in 0.008s
I20261002 19:56:15.180030 26928 pairing.cc:372] Indexing image [45/131]
I20261002 19:56:15.187434 26928 pairing.cc:389]  in 0.007s
I20261002 19:56:15.187614 26928 pairing.cc:372] Indexing image [46/131]
I20261002 19:56:15.195318 26928 pairing.cc:389]  in 0.008s
I20261002 19:56:15.195504 26928 pairing.cc:372] Indexing image [47/131]
I20261002 19:56:15.203621 26928 pairing.cc:389]  in 0.008s
I20261002 19:56:15.203766 26928 pairing.cc:372] Indexing image [48/131]
I20261002 19:56:15.211854 26928 pairing.cc:389]  in 0.008s
I20261002 19:56:15.212047 26928 pairing.cc:372] Indexing image [49/131]
I20261002 19:56:15.220081 26928 pairing.cc:389]  in 0.008s
I20261002 19:56:15.220174 26928 pairing.cc:372] Indexing image [50/131]
I20261002 19:56:15.227879 26928 pairing.cc:389]  in 0.008s
I20261002 19:56:15.227963 26928 pairing.cc:372] Indexing image [51/131]
I20261002 19:56:15.235978 26928 pairing.cc:389]  in 0.008s
I20261002 19:56:15.236074 26928 pairing.cc:372] Indexing image [52/131]
I20261002 19:56:15.244371 26928 pairing.cc:389]  in 0.008s
I20261002 19:56:15.244467 26928 pairing.cc:372] Indexing image [53/131]
I20261002 19:56:15.252396 26928 pairing.cc:389]  in 0.008s
I20261002 19:56:15.252584 26928 pairing.cc:372] Indexing image [54/131]
I20261002 19:56:15.260331 26928 pairing.cc:389]  in 0.008s
I20261002 19:56:15.260505 26928 pairing.cc:372] Indexing image [55/131]
I20261002 19:56:15.268771 26928 pairing.cc:389]  in 0.008s
I20261002 19:56:15.268868 26928 pairing.cc:372] Indexing image [56/131]
I20261002 19:56:15.276552 26928 pairing.cc:389]  in 0.008s
I20261002 19:56:15.276645 26928 pairing.cc:372] Indexing image [57/131]
I20261002 19:56:15.284923 26928 pairing.cc:389]  in 0.008s
I20261002 19:56:15.285008 26928 pairing.cc:372] Indexing image [58/131]
I20261002 19:56:15.292910 26928 pairing.cc:389]  in 0.008s
I20261002 19:56:15.292993 26928 pairing.cc:372] Indexing image [59/131]
I20261002 19:56:15.300860 26928 pairing.cc:389]  in 0.008s
I20261002 19:56:15.301071 26928 pairing.cc:372] Indexing image [60/131]
I20261002 19:56:15.308725 26928 pairing.cc:389]  in 0.008s
I20261002 19:56:15.308846 26928 pairing.cc:372] Indexing image [61/131]
I20261002 19:56:15.316519 26928 pairing.cc:389]  in 0.008s
I20261002 19:56:15.316617 26928 pairing.cc:372] Indexing image [62/131]
I20261002 19:56:15.324465 26928 pairing.cc:389]  in 0.008s
I20261002 19:56:15.324769 26928 pairing.cc:372] Indexing image [63/131]
I20261002 19:56:15.332636 26928 pairing.cc:389]  in 0.008s
I20261002 19:56:15.332760 26928 pairing.cc:372] Indexing image [64/131]
I20261002 19:56:15.340678 26928 pairing.cc:389]  in 0.008s
I20261002 19:56:15.340795 26928 pairing.cc:372] Indexing image [65/131]
I20261002 19:56:15.348460 26928 pairing.cc:389]  in 0.008s
I20261002 19:56:15.348668 26928 pairing.cc:372] Indexing image [66/131]
I20261002 19:56:15.356807 26928 pairing.cc:389]  in 0.008s
I20261002 19:56:15.356905 26928 pairing.cc:372] Indexing image [67/131]
I20261002 19:56:15.364636 26928 pairing.cc:389]  in 0.008s
I20261002 19:56:15.364725 26928 pairing.cc:372] Indexing image [68/131]
I20261002 19:56:15.372363 26928 pairing.cc:389]  in 0.008s
I20261002 19:56:15.372452 26928 pairing.cc:372] Indexing image [69/131]
I20261002 19:56:15.380135 26928 pairing.cc:389]  in 0.008s
I20261002 19:56:15.380263 26928 pairing.cc:372] Indexing image [70/131]
I20261002 19:56:15.387913 26928 pairing.cc:389]  in 0.008s
I20261002 19:56:15.388093 26928 pairing.cc:372] Indexing image [71/131]
I20261002 19:56:15.395840 26928 pairing.cc:389]  in 0.008s
I20261002 19:56:15.396020 26928 pairing.cc:372] Indexing image [72/131]
I20261002 19:56:15.403557 26928 pairing.cc:389]  in 0.008s
I20261002 19:56:15.403760 26928 pairing.cc:372] Indexing image [73/131]
I20261002 19:56:15.411600 26928 pairing.cc:389]  in 0.008s
I20261002 19:56:15.411756 26928 pairing.cc:372] Indexing image [74/131]
I20261002 19:56:15.419928 26928 pairing.cc:389]  in 0.008s
I20261002 19:56:15.420043 26928 pairing.cc:372] Indexing image [75/131]
I20261002 19:56:15.427353 26928 pairing.cc:389]  in 0.007s
I20261002 19:56:15.427471 26928 pairing.cc:372] Indexing image [76/131]
I20261002 19:56:15.434247 26928 pairing.cc:389]  in 0.007s
I20261002 19:56:15.434353 26928 pairing.cc:372] Indexing image [77/131]
I20261002 19:56:15.442153 26928 pairing.cc:389]  in 0.008s
I20261002 19:56:15.442298 26928 pairing.cc:372] Indexing image [78/131]
I20261002 19:56:15.449791 26928 pairing.cc:389]  in 0.008s
I20261002 19:56:15.449908 26928 pairing.cc:372] Indexing image [79/131]
I20261002 19:56:15.456890 26928 pairing.cc:389]  in 0.007s
I20261002 19:56:15.456986 26928 pairing.cc:372] Indexing image [80/131]
I20261002 19:56:15.464467 26928 pairing.cc:389]  in 0.007s
I20261002 19:56:15.464599 26928 pairing.cc:372] Indexing image [81/131]
I20261002 19:56:15.472289 26928 pairing.cc:389]  in 0.008s
I20261002 19:56:15.472415 26928 pairing.cc:372] Indexing image [82/131]
I20261002 19:56:15.479980 26928 pairing.cc:389]  in 0.008s
I20261002 19:56:15.480098 26928 pairing.cc:372] Indexing image [83/131]
I20261002 19:56:15.487443 26928 pairing.cc:389]  in 0.007s
I20261002 19:56:15.487557 26928 pairing.cc:372] Indexing image [84/131]
I20261002 19:56:15.494615 26928 pairing.cc:389]  in 0.007s
I20261002 19:56:15.494704 26928 pairing.cc:372] Indexing image [85/131]
I20261002 19:56:15.501941 26928 pairing.cc:389]  in 0.007s
I20261002 19:56:15.502084 26928 pairing.cc:372] Indexing image [86/131]
I20261002 19:56:15.509066 26928 pairing.cc:389]  in 0.007s
I20261002 19:56:15.509179 26928 pairing.cc:372] Indexing image [87/131]
I20261002 19:56:15.516327 26928 pairing.cc:389]  in 0.007s
I20261002 19:56:15.516446 26928 pairing.cc:372] Indexing image [88/131]
I20261002 19:56:15.523601 26928 pairing.cc:389]  in 0.007s
I20261002 19:56:15.523711 26928 pairing.cc:372] Indexing image [89/131]
I20261002 19:56:15.530830 26928 pairing.cc:389]  in 0.007s
I20261002 19:56:15.530992 26928 pairing.cc:372] Indexing image [90/131]
I20261002 19:56:15.538220 26928 pairing.cc:389]  in 0.007s
I20261002 19:56:15.538330 26928 pairing.cc:372] Indexing image [91/131]
I20261002 19:56:15.544934 26928 pairing.cc:389]  in 0.007s
I20261002 19:56:15.545067 26928 pairing.cc:372] Indexing image [92/131]
I20261002 19:56:15.552385 26928 pairing.cc:389]  in 0.007s
I20261002 19:56:15.552517 26928 pairing.cc:372] Indexing image [93/131]
I20261002 19:56:15.559611 26928 pairing.cc:389]  in 0.007s
I20261002 19:56:15.559724 26928 pairing.cc:372] Indexing image [94/131]
I20261002 19:56:15.566672 26928 pairing.cc:389]  in 0.007s
I20261002 19:56:15.566773 26928 pairing.cc:372] Indexing image [95/131]
I20261002 19:56:15.573501 26928 pairing.cc:389]  in 0.007s
I20261002 19:56:15.573637 26928 pairing.cc:372] Indexing image [96/131]
I20261002 19:56:15.580586 26928 pairing.cc:389]  in 0.007s
I20261002 19:56:15.580697 26928 pairing.cc:372] Indexing image [97/131]
I20261002 19:56:15.587028 26928 pairing.cc:389]  in 0.006s
I20261002 19:56:15.587146 26928 pairing.cc:372] Indexing image [98/131]
I20261002 19:56:15.594856 26928 pairing.cc:389]  in 0.008s
I20261002 19:56:15.594980 26928 pairing.cc:372] Indexing image [99/131]
I20261002 19:56:15.602085 26928 pairing.cc:389]  in 0.007s
I20261002 19:56:15.602224 26928 pairing.cc:372] Indexing image [100/131]
I20261002 19:56:15.609252 26928 pairing.cc:389]  in 0.007s
I20261002 19:56:15.609375 26928 pairing.cc:372] Indexing image [101/131]
I20261002 19:56:15.615619 26928 pairing.cc:389]  in 0.006s
I20261002 19:56:15.615759 26928 pairing.cc:372] Indexing image [102/131]
I20261002 19:56:15.621382 26928 pairing.cc:389]  in 0.006s
I20261002 19:56:15.621505 26928 pairing.cc:372] Indexing image [103/131]
I20261002 19:56:15.627689 26928 pairing.cc:389]  in 0.006s
I20261002 19:56:15.627806 26928 pairing.cc:372] Indexing image [104/131]
I20261002 19:56:15.634655 26928 pairing.cc:389]  in 0.007s
I20261002 19:56:15.634842 26928 pairing.cc:372] Indexing image [105/131]
I20261002 19:56:15.640398 26928 pairing.cc:389]  in 0.006s
I20261002 19:56:15.640523 26928 pairing.cc:372] Indexing image [106/131]
I20261002 19:56:15.646217 26928 pairing.cc:389]  in 0.006s
I20261002 19:56:15.646417 26928 pairing.cc:372] Indexing image [107/131]
I20261002 19:56:15.652779 26928 pairing.cc:389]  in 0.006s
I20261002 19:56:15.652906 26928 pairing.cc:372] Indexing image [108/131]
I20261002 19:56:15.658336 26928 pairing.cc:389]  in 0.005s
I20261002 19:56:15.658523 26928 pairing.cc:372] Indexing image [109/131]
I20261002 19:56:15.664894 26928 pairing.cc:389]  in 0.006s
I20261002 19:56:15.665022 26928 pairing.cc:372] Indexing image [110/131]
I20261002 19:56:15.670230 26928 pairing.cc:389]  in 0.005s
I20261002 19:56:15.670336 26928 pairing.cc:372] Indexing image [111/131]
I20261002 19:56:15.675368 26928 pairing.cc:389]  in 0.005s
I20261002 19:56:15.675469 26928 pairing.cc:372] Indexing image [112/131]
I20261002 19:56:15.681296 26928 pairing.cc:389]  in 0.006s
I20261002 19:56:15.681414 26928 pairing.cc:372] Indexing image [113/131]
I20261002 19:56:15.686582 26928 pairing.cc:389]  in 0.005s
I20261002 19:56:15.686693 26928 pairing.cc:372] Indexing image [114/131]
I20261002 19:56:15.691688 26928 pairing.cc:389]  in 0.005s
I20261002 19:56:15.691793 26928 pairing.cc:372] Indexing image [115/131]
I20261002 19:56:15.696810 26928 pairing.cc:389]  in 0.005s
I20261002 19:56:15.696931 26928 pairing.cc:372] Indexing image [116/131]
I20261002 19:56:15.702955 26928 pairing.cc:389]  in 0.006s
I20261002 19:56:15.703092 26928 pairing.cc:372] Indexing image [117/131]
I20261002 19:56:15.708523 26928 pairing.cc:389]  in 0.005s
I20261002 19:56:15.708626 26928 pairing.cc:372] Indexing image [118/131]
I20261002 19:56:15.714177 26928 pairing.cc:389]  in 0.006s
I20261002 19:56:15.714286 26928 pairing.cc:372] Indexing image [119/131]
I20261002 19:56:15.720114 26928 pairing.cc:389]  in 0.006s
I20261002 19:56:15.720227 26928 pairing.cc:372] Indexing image [120/131]
I20261002 19:56:15.724779 26928 pairing.cc:389]  in 0.005s
I20261002 19:56:15.724873 26928 pairing.cc:372] Indexing image [121/131]
I20261002 19:56:15.730334 26928 pairing.cc:389]  in 0.005s
I20261002 19:56:15.730439 26928 pairing.cc:372] Indexing image [122/131]
I20261002 19:56:15.735555 26928 pairing.cc:389]  in 0.005s
I20261002 19:56:15.735677 26928 pairing.cc:372] Indexing image [123/131]
I20261002 19:56:15.740750 26928 pairing.cc:389]  in 0.005s
I20261002 19:56:15.740858 26928 pairing.cc:372] Indexing image [124/131]
I20261002 19:56:15.746059 26928 pairing.cc:389]  in 0.005s
I20261002 19:56:15.746181 26928 pairing.cc:372] Indexing image [125/131]
I20261002 19:56:15.751159 26928 pairing.cc:389]  in 0.005s
I20261002 19:56:15.751316 26928 pairing.cc:372] Indexing image [126/131]
I20261002 19:56:15.757577 26928 pairing.cc:389]  in 0.006s
I20261002 19:56:15.757714 26928 pairing.cc:372] Indexing image [127/131]
I20261002 19:56:15.764150 26928 pairing.cc:389]  in 0.006s
I20261002 19:56:15.764284 26928 pairing.cc:372] Indexing image [128/131]
I20261002 19:56:15.771287 26928 pairing.cc:389]  in 0.007s
I20261002 19:56:15.771423 26928 pairing.cc:372] Indexing image [129/131]
I20261002 19:56:15.778768 26928 pairing.cc:389]  in 0.007s
I20261002 19:56:15.778894 26928 pairing.cc:372] Indexing image [130/131]
I20261002 19:56:15.785967 26928 pairing.cc:389]  in 0.007s
I20261002 19:56:15.786157 26928 pairing.cc:372] Indexing image [131/131]
I20261002 19:56:15.792885 26928 pairing.cc:389]  in 0.007s
I20261002 19:56:15.796469 26928 pairing.cc:562] Processing image [1/131]
I20261002 19:56:15.807637 26928 feature_matching.cc:218] in 0.011s
I20261002 19:56:15.807805 26928 pairing.cc:562] Processing image [2/131]
I20261002 19:56:15.817263 26928 feature_matching.cc:218] in 0.009s
I20261002 19:56:15.817438 26928 pairing.cc:562] Processing image [3/131]
I20261002 19:56:15.826114 26928 feature_matching.cc:218] in 0.009s
I20261002 19:56:15.826262 26928 pairing.cc:562] Processing image [4/131]
I20261002 19:56:15.835800 26928 feature_matching.cc:218] in 0.010s
I20261002 19:56:15.835935 26928 pairing.cc:562] Processing image [5/131]
I20261002 19:56:15.843492 26928 feature_matching.cc:218] in 0.008s
I20261002 19:56:15.843632 26928 pairing.cc:562] Processing image [6/131]
I20261002 19:56:15.850981 26928 feature_matching.cc:218] in 0.007s
I20261002 19:56:15.851118 26928 pairing.cc:562] Processing image [7/131]
I20261002 19:56:15.857754 26928 feature_matching.cc:218] in 0.007s
I20261002 19:56:15.857875 26928 pairing.cc:562] Processing image [8/131]
I20261002 19:56:15.865668 26928 feature_matching.cc:218] in 0.008s
I20261002 19:56:15.865800 26928 pairing.cc:562] Processing image [9/131]
I20261002 19:56:15.872976 26928 feature_matching.cc:218] in 0.007s
I20261002 19:56:15.873102 26928 pairing.cc:562] Processing image [10/131]
I20261002 19:56:15.884650 26928 feature_matching.cc:218] in 0.012s
I20261002 19:56:15.884784 26928 pairing.cc:562] Processing image [11/131]
I20261002 19:56:15.894489 26928 feature_matching.cc:218] in 0.010s
I20261002 19:56:15.894611 26928 pairing.cc:562] Processing image [12/131]
I20261002 19:56:15.903695 26928 feature_matching.cc:218] in 0.009s
I20261002 19:56:15.903850 26928 pairing.cc:562] Processing image [13/131]
I20261002 19:56:15.911142 26928 feature_matching.cc:218] in 0.007s
I20261002 19:56:15.911274 26928 pairing.cc:562] Processing image [14/131]
I20261002 19:56:15.920955 26928 feature_matching.cc:218] in 0.010s
I20261002 19:56:15.921082 26928 pairing.cc:562] Processing image [15/131]
I20261002 19:56:15.929914 26928 feature_matching.cc:218] in 0.009s
I20261002 19:56:15.930035 26928 pairing.cc:562] Processing image [16/131]
I20261002 19:56:15.938097 26928 feature_matching.cc:218] in 0.008s
I20261002 19:56:15.938262 26928 pairing.cc:562] Processing image [17/131]
I20261002 19:56:15.949863 26928 feature_matching.cc:218] in 0.012s
I20261002 19:56:15.950026 26928 pairing.cc:562] Processing image [18/131]
I20261002 19:56:15.960081 26928 feature_matching.cc:218] in 0.010s
I20261002 19:56:15.960219 26928 pairing.cc:562] Processing image [19/131]
I20261002 19:56:15.969583 26928 feature_matching.cc:218] in 0.009s
I20261002 19:56:15.969756 26928 pairing.cc:562] Processing image [20/131]
I20261002 19:56:15.979107 26928 feature_matching.cc:218] in 0.009s
I20261002 19:56:15.979249 26928 pairing.cc:562] Processing image [21/131]
I20261002 19:56:15.988134 26928 feature_matching.cc:218] in 0.009s
I20261002 19:56:15.988291 26928 pairing.cc:562] Processing image [22/131]
I20261002 19:56:15.998445 26928 feature_matching.cc:218] in 0.010s
I20261002 19:56:15.998633 26928 pairing.cc:562] Processing image [23/131]
I20261002 19:56:16.006344 26928 feature_matching.cc:218] in 0.008s
I20261002 19:56:16.006494 26928 pairing.cc:562] Processing image [24/131]
I20261002 19:56:16.015530 26928 feature_matching.cc:218] in 0.009s
I20261002 19:56:16.015665 26928 pairing.cc:562] Processing image [25/131]
I20261002 19:56:16.024518 26928 feature_matching.cc:218] in 0.009s
I20261002 19:56:16.024650 26928 pairing.cc:562] Processing image [26/131]
I20261002 19:56:16.033630 26928 feature_matching.cc:218] in 0.009s
I20261002 19:56:16.033765 26928 pairing.cc:562] Processing image [27/131]
I20261002 19:56:16.043306 26928 feature_matching.cc:218] in 0.010s
I20261002 19:56:16.043468 26928 pairing.cc:562] Processing image [28/131]
I20261002 19:56:16.051808 26928 feature_matching.cc:218] in 0.008s
I20261002 19:56:16.051938 26928 pairing.cc:562] Processing image [29/131]
I20261002 19:56:16.061365 26928 feature_matching.cc:218] in 0.009s
I20261002 19:56:16.061507 26928 pairing.cc:562] Processing image [30/131]
I20261002 19:56:16.070999 26928 feature_matching.cc:218] in 0.010s
I20261002 19:56:16.071140 26928 pairing.cc:562] Processing image [31/131]
I20261002 19:56:16.079431 26928 feature_matching.cc:218] in 0.008s
I20261002 19:56:16.079569 26928 pairing.cc:562] Processing image [32/131]
I20261002 19:56:16.089089 26928 feature_matching.cc:218] in 0.010s
I20261002 19:56:16.089245 26928 pairing.cc:562] Processing image [33/131]
I20261002 19:56:16.098550 26928 feature_matching.cc:218] in 0.009s
I20261002 19:56:16.098696 26928 pairing.cc:562] Processing image [34/131]
I20261002 19:56:16.106075 26928 feature_matching.cc:218] in 0.007s
I20261002 19:56:16.106218 26928 pairing.cc:562] Processing image [35/131]
I20261002 19:56:16.114053 26928 feature_matching.cc:218] in 0.008s
I20261002 19:56:16.114188 26928 pairing.cc:562] Processing image [36/131]
I20261002 19:56:16.124005 26928 feature_matching.cc:218] in 0.010s
I20261002 19:56:16.124137 26928 pairing.cc:562] Processing image [37/131]
I20261002 19:56:16.133560 26928 feature_matching.cc:218] in 0.009s
I20261002 19:56:16.133702 26928 pairing.cc:562] Processing image [38/131]
I20261002 19:56:16.145840 26928 feature_matching.cc:218] in 0.012s
I20261002 19:56:16.145988 26928 pairing.cc:562] Processing image [39/131]
I20261002 19:56:16.154381 26928 feature_matching.cc:218] in 0.008s
I20261002 19:56:16.154515 26928 pairing.cc:562] Processing image [40/131]
I20261002 19:56:16.165256 26928 feature_matching.cc:218] in 0.011s
I20261002 19:56:16.165392 26928 pairing.cc:562] Processing image [41/131]
I20261002 19:56:16.174231 26928 feature_matching.cc:218] in 0.009s
I20261002 19:56:16.174392 26928 pairing.cc:562] Processing image [42/131]
I20261002 19:56:16.182490 26928 feature_matching.cc:218] in 0.008s
I20261002 19:56:16.182629 26928 pairing.cc:562] Processing image [43/131]
I20261002 19:56:16.192323 26928 feature_matching.cc:218] in 0.010s
I20261002 19:56:16.192440 26928 pairing.cc:562] Processing image [44/131]
I20261002 19:56:16.201660 26928 feature_matching.cc:218] in 0.009s
I20261002 19:56:16.201816 26928 pairing.cc:562] Processing image [45/131]
I20261002 19:56:16.209466 26928 feature_matching.cc:218] in 0.008s
I20261002 19:56:16.209591 26928 pairing.cc:562] Processing image [46/131]
I20261002 19:56:16.216867 26928 feature_matching.cc:218] in 0.007s
I20261002 19:56:16.216994 26928 pairing.cc:562] Processing image [47/131]
I20261002 19:56:16.227172 26928 feature_matching.cc:218] in 0.010s
I20261002 19:56:16.227300 26928 pairing.cc:562] Processing image [48/131]
I20261002 19:56:16.236092 26928 feature_matching.cc:218] in 0.009s
I20261002 19:56:16.236246 26928 pairing.cc:562] Processing image [49/131]
I20261002 19:56:16.249282 26928 feature_matching.cc:218] in 0.013s
I20261002 19:56:16.249431 26928 pairing.cc:562] Processing image [50/131]
I20261002 19:56:16.257015 26928 feature_matching.cc:218] in 0.008s
I20261002 19:56:16.257141 26928 pairing.cc:562] Processing image [51/131]
I20261002 19:56:16.266601 26928 feature_matching.cc:218] in 0.009s
I20261002 19:56:16.266737 26928 pairing.cc:562] Processing image [52/131]
I20261002 19:56:16.279347 26928 feature_matching.cc:218] in 0.013s
I20261002 19:56:16.279480 26928 pairing.cc:562] Processing image [53/131]
I20261002 19:56:16.286797 26928 feature_matching.cc:218] in 0.007s
I20261002 19:56:16.286915 26928 pairing.cc:562] Processing image [54/131]
I20261002 19:56:16.296174 26928 feature_matching.cc:218] in 0.009s
I20261002 19:56:16.296304 26928 pairing.cc:562] Processing image [55/131]
I20261002 19:56:16.302624 26928 feature_matching.cc:218] in 0.006s
I20261002 19:56:16.302757 26928 pairing.cc:562] Processing image [56/131]
I20261002 19:56:16.311938 26928 feature_matching.cc:218] in 0.009s
I20261002 19:56:16.312070 26928 pairing.cc:562] Processing image [57/131]
I20261002 19:56:16.318663 26928 feature_matching.cc:218] in 0.007s
I20261002 19:56:16.318782 26928 pairing.cc:562] Processing image [58/131]
I20261002 19:56:16.325649 26928 feature_matching.cc:218] in 0.007s
I20261002 19:56:16.325769 26928 pairing.cc:562] Processing image [59/131]
I20261002 19:56:16.337203 26928 feature_matching.cc:218] in 0.011s
I20261002 19:56:16.337347 26928 pairing.cc:562] Processing image [60/131]
I20261002 19:56:16.344626 26928 feature_matching.cc:218] in 0.007s
I20261002 19:56:16.344750 26928 pairing.cc:562] Processing image [61/131]
I20261002 19:56:16.353174 26928 feature_matching.cc:218] in 0.008s
I20261002 19:56:16.353361 26928 pairing.cc:562] Processing image [62/131]
I20261002 19:56:16.359578 26928 feature_matching.cc:218] in 0.006s
I20261002 19:56:16.359708 26928 pairing.cc:562] Processing image [63/131]
I20261002 19:56:16.368875 26928 feature_matching.cc:218] in 0.009s
I20261002 19:56:16.369050 26928 pairing.cc:562] Processing image [64/131]
I20261002 19:56:16.376715 26928 feature_matching.cc:218] in 0.008s
I20261002 19:56:16.376862 26928 pairing.cc:562] Processing image [65/131]
I20261002 19:56:16.386407 26928 feature_matching.cc:218] in 0.010s
I20261002 19:56:16.386590 26928 pairing.cc:562] Processing image [66/131]
I20261002 19:56:16.394391 26928 feature_matching.cc:218] in 0.008s
I20261002 19:56:16.394566 26928 pairing.cc:562] Processing image [67/131]
I20261002 19:56:16.402248 26928 feature_matching.cc:218] in 0.008s
I20261002 19:56:16.402397 26928 pairing.cc:562] Processing image [68/131]
I20261002 19:56:16.409761 26928 feature_matching.cc:218] in 0.007s
I20261002 19:56:16.409890 26928 pairing.cc:562] Processing image [69/131]
I20261002 19:56:16.417644 26928 feature_matching.cc:218] in 0.008s
I20261002 19:56:16.417800 26928 pairing.cc:562] Processing image [70/131]
I20261002 19:56:16.425710 26928 feature_matching.cc:218] in 0.008s
I20261002 19:56:16.425849 26928 pairing.cc:562] Processing image [71/131]
I20261002 19:56:16.435583 26928 feature_matching.cc:218] in 0.010s
I20261002 19:56:16.435726 26928 pairing.cc:562] Processing image [72/131]
I20261002 19:56:16.444930 26928 feature_matching.cc:218] in 0.009s
I20261002 19:56:16.445059 26928 pairing.cc:562] Processing image [73/131]
I20261002 19:56:16.453683 26928 feature_matching.cc:218] in 0.009s
I20261002 19:56:16.453825 26928 pairing.cc:562] Processing image [74/131]
I20261002 19:56:16.461424 26928 feature_matching.cc:218] in 0.008s
I20261002 19:56:16.461563 26928 pairing.cc:562] Processing image [75/131]
I20261002 19:56:16.470029 26928 feature_matching.cc:218] in 0.008s
I20261002 19:56:16.470170 26928 pairing.cc:562] Processing image [76/131]
I20261002 19:56:16.476656 26928 feature_matching.cc:218] in 0.006s
I20261002 19:56:16.476781 26928 pairing.cc:562] Processing image [77/131]
I20261002 19:56:16.484764 26928 feature_matching.cc:218] in 0.008s
I20261002 19:56:16.484891 26928 pairing.cc:562] Processing image [78/131]
I20261002 19:56:16.490089 26928 feature_matching.cc:218] in 0.005s
I20261002 19:56:16.490206 26928 pairing.cc:562] Processing image [79/131]
I20261002 19:56:16.496569 26928 feature_matching.cc:218] in 0.006s
I20261002 19:56:16.496670 26928 pairing.cc:562] Processing image [80/131]
I20261002 19:56:16.503105 26928 feature_matching.cc:218] in 0.006s
I20261002 19:56:16.503239 26928 pairing.cc:562] Processing image [81/131]
I20261002 19:56:16.510750 26928 feature_matching.cc:218] in 0.008s
I20261002 19:56:16.510884 26928 pairing.cc:562] Processing image [82/131]
I20261002 19:56:16.517034 26928 feature_matching.cc:218] in 0.006s
I20261002 19:56:16.517149 26928 pairing.cc:562] Processing image [83/131]
I20261002 19:56:16.525117 26928 feature_matching.cc:218] in 0.008s
I20261002 19:56:16.525235 26928 pairing.cc:562] Processing image [84/131]
I20261002 19:56:16.532009 26928 feature_matching.cc:218] in 0.007s
I20261002 19:56:16.532130 26928 pairing.cc:562] Processing image [85/131]
I20261002 19:56:16.539066 26928 feature_matching.cc:218] in 0.007s
I20261002 19:56:16.539189 26928 pairing.cc:562] Processing image [86/131]
I20261002 19:56:16.546511 26928 feature_matching.cc:218] in 0.007s
I20261002 19:56:16.546635 26928 pairing.cc:562] Processing image [87/131]
I20261002 19:56:16.552439 26928 feature_matching.cc:218] in 0.006s
I20261002 19:56:16.552561 26928 pairing.cc:562] Processing image [88/131]
I20261002 19:56:16.561307 26928 feature_matching.cc:218] in 0.009s
I20261002 19:56:16.561426 26928 pairing.cc:562] Processing image [89/131]
I20261002 19:56:16.568304 26928 feature_matching.cc:218] in 0.007s
I20261002 19:56:16.568437 26928 pairing.cc:562] Processing image [90/131]
I20261002 19:56:16.574927 26928 feature_matching.cc:218] in 0.006s
I20261002 19:56:16.575067 26928 pairing.cc:562] Processing image [91/131]
I20261002 19:56:16.583375 26928 feature_matching.cc:218] in 0.008s
I20261002 19:56:16.583501 26928 pairing.cc:562] Processing image [92/131]
I20261002 19:56:16.589638 26928 feature_matching.cc:218] in 0.006s
I20261002 19:56:16.589751 26928 pairing.cc:562] Processing image [93/131]
I20261002 19:56:16.599550 26928 feature_matching.cc:218] in 0.010s
I20261002 19:56:16.599709 26928 pairing.cc:562] Processing image [94/131]
I20261002 19:56:16.607019 26928 feature_matching.cc:218] in 0.007s
I20261002 19:56:16.607153 26928 pairing.cc:562] Processing image [95/131]
I20261002 19:56:16.614858 26928 feature_matching.cc:218] in 0.008s
I20261002 19:56:16.614987 26928 pairing.cc:562] Processing image [96/131]
I20261002 19:56:16.622606 26928 feature_matching.cc:218] in 0.008s
I20261002 19:56:16.622804 26928 pairing.cc:562] Processing image [97/131]
I20261002 19:56:16.628980 26928 feature_matching.cc:218] in 0.006s
I20261002 19:56:16.629116 26928 pairing.cc:562] Processing image [98/131]
I20261002 19:56:16.634812 26928 feature_matching.cc:218] in 0.006s
I20261002 19:56:16.634945 26928 pairing.cc:562] Processing image [99/131]
I20261002 19:56:16.642064 26928 feature_matching.cc:218] in 0.007s
I20261002 19:56:16.642190 26928 pairing.cc:562] Processing image [100/131]
I20261002 19:56:16.649780 26928 feature_matching.cc:218] in 0.008s
I20261002 19:56:16.649901 26928 pairing.cc:562] Processing image [101/131]
I20261002 19:56:16.656936 26928 feature_matching.cc:218] in 0.007s
I20261002 19:56:16.657057 26928 pairing.cc:562] Processing image [102/131]
I20261002 19:56:16.664596 26928 feature_matching.cc:218] in 0.008s
I20261002 19:56:16.664717 26928 pairing.cc:562] Processing image [103/131]
I20261002 19:56:16.670261 26928 feature_matching.cc:218] in 0.006s
I20261002 19:56:16.670401 26928 pairing.cc:562] Processing image [104/131]
I20261002 19:56:16.676184 26928 feature_matching.cc:218] in 0.006s
I20261002 19:56:16.676308 26928 pairing.cc:562] Processing image [105/131]
I20261002 19:56:16.683512 26928 feature_matching.cc:218] in 0.007s
I20261002 19:56:16.683640 26928 pairing.cc:562] Processing image [106/131]
I20261002 19:56:16.688900 26928 feature_matching.cc:218] in 0.005s
I20261002 19:56:16.689018 26928 pairing.cc:562] Processing image [107/131]
I20261002 19:56:16.694689 26928 feature_matching.cc:218] in 0.006s
I20261002 19:56:16.694807 26928 pairing.cc:562] Processing image [108/131]
I20261002 19:56:16.701651 26928 feature_matching.cc:218] in 0.007s
I20261002 19:56:16.701788 26928 pairing.cc:562] Processing image [109/131]
I20261002 19:56:16.706887 26928 feature_matching.cc:218] in 0.005s
I20261002 19:56:16.707010 26928 pairing.cc:562] Processing image [110/131]
I20261002 19:56:16.712257 26928 feature_matching.cc:218] in 0.005s
I20261002 19:56:16.712367 26928 pairing.cc:562] Processing image [111/131]
I20261002 19:56:16.721180 26928 feature_matching.cc:218] in 0.009s
I20261002 19:56:16.721310 26928 pairing.cc:562] Processing image [112/131]
I20261002 19:56:16.727378 26928 feature_matching.cc:218] in 0.006s
I20261002 19:56:16.727500 26928 pairing.cc:562] Processing image [113/131]
I20261002 19:56:16.733619 26928 feature_matching.cc:218] in 0.006s
I20261002 19:56:16.733756 26928 pairing.cc:562] Processing image [114/131]
I20261002 19:56:16.741758 26928 feature_matching.cc:218] in 0.008s
I20261002 19:56:16.741895 26928 pairing.cc:562] Processing image [115/131]
I20261002 19:56:16.747899 26928 feature_matching.cc:218] in 0.006s
I20261002 19:56:16.748033 26928 pairing.cc:562] Processing image [116/131]
I20261002 19:56:16.755307 26928 feature_matching.cc:218] in 0.007s
I20261002 19:56:16.755425 26928 pairing.cc:562] Processing image [117/131]
I20261002 19:56:16.760904 26928 feature_matching.cc:218] in 0.005s
I20261002 19:56:16.761022 26928 pairing.cc:562] Processing image [118/131]
I20261002 19:56:16.766491 26928 feature_matching.cc:218] in 0.005s
I20261002 19:56:16.766651 26928 pairing.cc:562] Processing image [119/131]
I20261002 19:56:16.772305 26928 feature_matching.cc:218] in 0.006s
I20261002 19:56:16.772446 26928 pairing.cc:562] Processing image [120/131]
I20261002 19:56:16.777902 26928 feature_matching.cc:218] in 0.005s
I20261002 19:56:16.778022 26928 pairing.cc:562] Processing image [121/131]
I20261002 19:56:16.783294 26928 feature_matching.cc:218] in 0.005s
I20261002 19:56:16.783406 26928 pairing.cc:562] Processing image [122/131]
I20261002 19:56:16.790186 26928 feature_matching.cc:218] in 0.007s
I20261002 19:56:16.790308 26928 pairing.cc:562] Processing image [123/131]
I20261002 19:56:16.796654 26928 feature_matching.cc:218] in 0.006s
I20261002 19:56:16.796798 26928 pairing.cc:562] Processing image [124/131]
I20261002 19:56:16.802224 26928 feature_matching.cc:218] in 0.005s
I20261002 19:56:16.802366 26928 pairing.cc:562] Processing image [125/131]
I20261002 19:56:16.808121 26928 feature_matching.cc:218] in 0.006s
I20261002 19:56:16.808235 26928 pairing.cc:562] Processing image [126/131]
I20261002 19:56:16.813651 26928 feature_matching.cc:218] in 0.005s
I20261002 19:56:16.813772 26928 pairing.cc:562] Processing image [127/131]
I20261002 19:56:16.820044 26928 feature_matching.cc:218] in 0.006s
I20261002 19:56:16.820167 26928 pairing.cc:562] Processing image [128/131]
I20261002 19:56:16.825145 26928 feature_matching.cc:218] in 0.005s
I20261002 19:56:16.825258 26928 pairing.cc:562] Processing image [129/131]
I20261002 19:56:16.829943 26928 feature_matching.cc:218] in 0.005s
I20261002 19:56:16.830058 26928 pairing.cc:562] Processing image [130/131]
I20261002 19:56:16.835428 26928 feature_matching.cc:218] in 0.005s
I20261002 19:56:16.835565 26928 pairing.cc:562] Processing image [131/131]
I20261002 19:56:16.835684 26928 feature_matching.cc:218] in 0.000s
I20261002 19:56:16.835900 26928 pairing.cc:333] Processing image [1/14]
I20261002 19:56:16.869100 26928 feature_matching.cc:218] in 0.033s
I20261002 19:56:16.869346 26928 pairing.cc:333] Processing image [2/14]
I20261002 19:56:16.891911 26928 feature_matching.cc:218] in 0.023s
I20261002 19:56:16.892101 26928 pairing.cc:333] Processing image [3/14]
I20261002 19:56:16.917491 26928 feature_matching.cc:218] in 0.025s
I20261002 19:56:16.917702 26928 pairing.cc:333] Processing image [4/14]
I20261002 19:56:16.951629 26928 feature_matching.cc:218] in 0.034s
I20261002 19:56:16.951857 26928 pairing.cc:333] Processing image [5/14]
I20261002 19:56:16.970680 26928 feature_matching.cc:218] in 0.019s
I20261002 19:56:16.970957 26928 pairing.cc:333] Processing image [6/14]
I20261002 19:56:16.997520 26928 feature_matching.cc:218] in 0.027s
I20261002 19:56:16.997748 26928 pairing.cc:333] Processing image [7/14]
I20261002 19:56:17.022475 26928 feature_matching.cc:218] in 0.025s
I20261002 19:56:17.022682 26928 pairing.cc:333] Processing image [8/14]
I20261002 19:56:17.041146 26928 feature_matching.cc:218] in 0.018s
I20261002 19:56:17.041332 26928 pairing.cc:333] Processing image [9/14]
I20261002 19:56:17.060036 26928 feature_matching.cc:218] in 0.019s
I20261002 19:56:17.060207 26928 pairing.cc:333] Processing image [10/14]
I20261002 19:56:17.083145 26928 feature_matching.cc:218] in 0.023s
I20261002 19:56:17.083345 26928 pairing.cc:333] Processing image [11/14]
I20261002 19:56:17.100666 26928 feature_matching.cc:218] in 0.017s
I20261002 19:56:17.100840 26928 pairing.cc:333] Processing image [12/14]
I20261002 19:56:17.126848 26928 feature_matching.cc:218] in 0.026s
I20261002 19:56:17.127054 26928 pairing.cc:333] Processing image [13/14]
I20261002 19:56:17.150135 26928 feature_matching.cc:218] in 0.023s
I20261002 19:56:17.150337 26928 pairing.cc:333] Processing image [14/14]
I20261002 19:56:17.172502 26928 feature_matching.cc:218] in 0.022s
I20261002 19:56:17.172716 26928 timer.cc:90] Elapsed time: 0.049 [minutes]
I20261002 19:56:17.191838  9864 automatic_reconstruction.cc:309] === Sparse reconstruction ===
I20261002 19:56:17.193864  9864 incremental_pipeline.cc:353] Loading database
I20261002 19:56:17.194051  9864 database_cache.cc:82] Loading rigs...
I20261002 19:56:17.194178  9864 database_cache.cc:92]  1 in 0.000s
I20261002 19:56:17.194262  9864 database_cache.cc:100] Loading cameras...
I20261002 19:56:17.194361  9864 database_cache.cc:118]  1 in 0.000s
I20261002 19:56:17.194430  9864 database_cache.cc:126] Loading frames...
I20261002 19:56:17.194637  9864 database_cache.cc:136]  131 in 0.000s
I20261002 19:56:17.194715  9864 database_cache.cc:144] Loading matches...
I20261002 19:56:17.197934  9864 database_cache.cc:163]  1343 in 0.003s
I20261002 19:56:17.198036  9864 database_cache.cc:171] Loading images...
I20261002 19:56:17.199331  9864 database_cache.cc:268]  131 in 0.001s (connected 131, loaded 131)
I20261002 19:56:17.199432  9864 database_cache.cc:282] Loading pose priors...
I20261002 19:56:17.199509  9864 database_cache.cc:290]  0 in 0.000s
I20261002 19:56:17.199587  9864 database_cache.cc:298] Building correspondence graph...
I20261002 19:56:17.211014  9864 database_cache.cc:327]  in 0.011s (ignored 0)
I20261002 19:56:17.211181  9864 timer.cc:90] Elapsed time: 0.000 [minutes]
I20261002 19:56:17.213431  9864 incremental_pipeline.cc:465] Finding good initial image pair
I20261002 19:56:17.475958  9864 incremental_pipeline.cc:472] => No good initial image pair found.
I20261002 19:56:17.485048  9864 incremental_pipeline.cc:800] Discarding reconstruction due to no initial pair
I20261002 19:56:17.485320  9864 incremental_pipeline.cc:429] => Relaxing the initialization constraints.
I20261002 19:56:17.485987  9864 incremental_pipeline.cc:465] Finding good initial image pair
I20261002 19:56:17.792365  9864 incremental_pipeline.cc:472] => No good initial image pair found.
I20261002 19:56:17.801506  9864 incremental_pipeline.cc:800] Discarding reconstruction due to no initial pair
I20261002 19:56:17.801785  9864 incremental_pipeline.cc:442] => Relaxing the initialization constraints.
I20261002 19:56:17.802416  9864 incremental_pipeline.cc:465] Finding good initial image pair
I20261002 19:56:17.888432  9864 incremental_pipeline.cc:492] Registering initial image pair #8 and #74
I20261002 19:56:17.889930  9864 incremental_pipeline.cc:510] Global bundle adjustment
W20261002 19:56:17.890334  9864 bundle_adjustment_ceres.cc:162] Requested to use GPU for bundle adjustment, but Ceres was compiled without CUDA support. Falling back to CPU-based dense solvers.
W20261002 19:56:17.890812  9864 bundle_adjustment_ceres.cc:181] Requested to use GPU for bundle adjustment, but Ceres was compiled without cuDSS support. Falling back to CPU-based sparse solvers.
I20261002 19:56:17.903723  9864 incremental_pipeline.cc:620] Registering image #70 (num_reg_frames=2)
I20261002 19:56:17.903849  9864 incremental_pipeline.cc:623] => Image sees 134 / 216 points
I20261002 19:56:17.909141  9864 incremental_pipeline.cc:88] Retriangulation and Global bundle adjustment
I20261002 19:56:17.911712  9864 incremental_pipeline.cc:620] Registering image #43 (num_reg_frames=3)
I20261002 19:56:17.911812  9864 incremental_pipeline.cc:623] => Image sees 146 / 220 points
I20261002 19:56:17.918781  9864 incremental_pipeline.cc:620] Registering image #33 (num_reg_frames=4)
I20261002 19:56:17.918891  9864 incremental_pipeline.cc:623] => Image sees 147 / 227 points
I20261002 19:56:17.922000  9864 incremental_pipeline.cc:88] Retriangulation and Global bundle adjustment
I20261002 19:56:17.989716  9864 incremental_pipeline.cc:620] Registering image #42 (num_reg_frames=5)
I20261002 19:56:17.989872  9864 incremental_pipeline.cc:623] => Image sees 137 / 219 points
I20261002 19:56:17.998301  9864 incremental_pipeline.cc:620] Registering image #55 (num_reg_frames=6)
I20261002 19:56:17.998504  9864 incremental_pipeline.cc:623] => Image sees 145 / 225 points
I20261002 19:56:18.008604  9864 incremental_pipeline.cc:88] Retriangulation and Global bundle adjustment
I20261002 19:56:18.047189  9864 incremental_pipeline.cc:620] Registering image #51 (num_reg_frames=7)
I20261002 19:56:18.047356  9864 incremental_pipeline.cc:623] => Image sees 134 / 218 points
I20261002 19:56:18.059636  9864 incremental_pipeline.cc:620] Registering image #21 (num_reg_frames=8)
I20261002 19:56:18.059798  9864 incremental_pipeline.cc:623] => Image sees 135 / 216 points
I20261002 19:56:18.073044  9864 incremental_pipeline.cc:620] Registering image #20 (num_reg_frames=9)
I20261002 19:56:18.073174  9864 incremental_pipeline.cc:623] => Image sees 143 / 218 points
I20261002 19:56:18.082111  9864 incremental_pipeline.cc:88] Retriangulation and Global bundle adjustment
W20261002 19:56:18.163695  9864 bundle_adjustment_ceres.cc:391] Failed to fix Gauge with two cameras. Falling back to fixing Gauge with three points.
W20261002 19:56:18.163917  9864 bundle_adjustment_ceres.cc:298] Failed to fix Gauge due to insufficient number of fixed points: 0
I20261002 19:56:18.165444  9864 incremental_pipeline.cc:88] Retriangulation and Global bundle adjustment
W20261002 19:56:18.176741  9864 bundle_adjustment_ceres.cc:391] Failed to fix Gauge with two cameras. Falling back to fixing Gauge with three points.
W20261002 19:56:18.176908  9864 bundle_adjustment_ceres.cc:298] Failed to fix Gauge due to insufficient number of fixed points: 0
I20261002 19:56:18.177053  9864 incremental_pipeline.cc:826] Keeping successful reconstruction
I20261002 19:56:18.177838  9864 incremental_pipeline.cc:465] Finding good initial image pair
I20261002 19:56:18.209017  9864 incremental_pipeline.cc:492] Registering initial image pair #131 and #129
I20261002 19:56:18.210013  9864 incremental_pipeline.cc:510] Global bundle adjustment
I20261002 19:56:18.221061  9864 incremental_pipeline.cc:620] Registering image #130 (num_reg_frames=2)
I20261002 19:56:18.221255  9864 incremental_pipeline.cc:623] => Image sees 103 / 172 points
I20261002 19:56:18.225997  9864 incremental_pipeline.cc:88] Retriangulation and Global bundle adjustment
I20261002 19:56:18.230785  9864 incremental_pipeline.cc:620] Registering image #128 (num_reg_frames=3)
I20261002 19:56:18.230983  9864 incremental_pipeline.cc:623] => Image sees 108 / 166 points
I20261002 19:56:18.240289  9864 incremental_pipeline.cc:620] Registering image #126 (num_reg_frames=4)
I20261002 19:56:18.240488  9864 incremental_pipeline.cc:623] => Image sees 108 / 139 points
I20261002 19:56:18.245263  9864 incremental_pipeline.cc:88] Retriangulation and Global bundle adjustment
I20261002 19:56:18.293382  9864 incremental_pipeline.cc:620] Registering image #127 (num_reg_frames=5)
I20261002 19:56:18.293597  9864 incremental_pipeline.cc:623] => Image sees 87 / 123 points
I20261002 19:56:18.299852  9864 incremental_pipeline.cc:620] Registering image #122 (num_reg_frames=6)
I20261002 19:56:18.299981  9864 incremental_pipeline.cc:623] => Image sees 84 / 119 points
I20261002 19:56:18.305069  9864 incremental_pipeline.cc:88] Retriangulation and Global bundle adjustment
I20261002 19:56:18.422088  9864 incremental_pipeline.cc:88] Retriangulation and Global bundle adjustment
W20261002 19:56:18.450850  9864 incremental_pipeline.cc:821] Discarding reconstruction due to insufficient size
I20261002 19:56:18.451937  9864 incremental_pipeline.cc:465] Finding good initial image pair
I20261002 19:56:18.465469  9864 incremental_pipeline.cc:492] Registering initial image pair #110 and #95
I20261002 19:56:18.466398  9864 incremental_pipeline.cc:510] Global bundle adjustment
I20261002 19:56:18.473239  9864 incremental_pipeline.cc:620] Registering image #112 (num_reg_frames=2)
I20261002 19:56:18.473445  9864 incremental_pipeline.cc:623] => Image sees 62 / 154 points
I20261002 19:56:18.475377  9864 incremental_pipeline.cc:88] Retriangulation and Global bundle adjustment
I20261002 19:56:18.482807  9864 incremental_pipeline.cc:620] Registering image #8 (num_reg_frames=3)
I20261002 19:56:18.483012  9864 incremental_pipeline.cc:623] => Image sees 62 / 193 points
I20261002 19:56:18.493758  9864 incremental_pipeline.cc:88] Retriangulation and Global bundle adjustment
I20261002 19:56:18.500199  9864 incremental_pipeline.cc:620] Registering image #94 (num_reg_frames=4)
I20261002 19:56:18.500394  9864 incremental_pipeline.cc:623] => Image sees 125 / 201 points
I20261002 19:56:18.517888  9864 incremental_pipeline.cc:620] Registering image #93 (num_reg_frames=5)
I20261002 19:56:18.518122  9864 incremental_pipeline.cc:623] => Image sees 134 / 202 points
I20261002 19:56:18.538075  9864 incremental_pipeline.cc:88] Retriangulation and Global bundle adjustment
I20261002 19:56:18.598820  9864 incremental_pipeline.cc:620] Registering image #91 (num_reg_frames=6)
I20261002 19:56:18.599001  9864 incremental_pipeline.cc:623] => Image sees 79 / 179 points
I20261002 19:56:18.605257  9864 incremental_pipeline.cc:620] Registering image #87 (num_reg_frames=7)
I20261002 19:56:18.605402  9864 incremental_pipeline.cc:623] => Image sees 79 / 194 points
I20261002 19:56:18.609883  9864 incremental_pipeline.cc:620] Registering image #83 (num_reg_frames=8)
I20261002 19:56:18.609999  9864 incremental_pipeline.cc:623] => Image sees 76 / 197 points
I20261002 19:56:18.614169  9864 incremental_pipeline.cc:88] Retriangulation and Global bundle adjustment
I20261002 19:56:18.687555  9864 incremental_pipeline.cc:620] Registering image #109 (num_reg_frames=9)
I20261002 19:56:18.687818  9864 incremental_pipeline.cc:623] => Image sees 71 / 163 points
I20261002 19:56:18.694568  9864 incremental_pipeline.cc:620] Registering image #106 (num_reg_frames=10)
I20261002 19:56:18.694769  9864 incremental_pipeline.cc:623] => Image sees 83 / 152 points
I20261002 19:56:18.701522  9864 incremental_pipeline.cc:620] Registering image #98 (num_reg_frames=11)
I20261002 19:56:18.701719  9864 incremental_pipeline.cc:623] => Image sees 84 / 210 points
I20261002 19:56:18.707738  9864 incremental_pipeline.cc:620] Registering image #103 (num_reg_frames=12)
I20261002 19:56:18.707852  9864 incremental_pipeline.cc:623] => Image sees 86 / 159 points
I20261002 19:56:18.716747  9864 incremental_pipeline.cc:88] Retriangulation and Global bundle adjustment
W20261002 19:56:18.797599  9864 bundle_adjustment_ceres.cc:391] Failed to fix Gauge with two cameras. Falling back to fixing Gauge with three points.
W20261002 19:56:18.797842  9864 bundle_adjustment_ceres.cc:298] Failed to fix Gauge due to insufficient number of fixed points: 0
I20261002 19:56:18.799156  9864 incremental_pipeline.cc:88] Retriangulation and Global bundle adjustment
W20261002 19:56:18.807902  9864 bundle_adjustment_ceres.cc:391] Failed to fix Gauge with two cameras. Falling back to fixing Gauge with three points.
W20261002 19:56:18.808060  9864 bundle_adjustment_ceres.cc:298] Failed to fix Gauge due to insufficient number of fixed points: 0
I20261002 19:56:18.808181  9864 incremental_pipeline.cc:826] Keeping successful reconstruction
I20261002 19:56:18.809512  9864 incremental_pipeline.cc:465] Finding good initial image pair
I20261002 19:56:18.863805  9864 incremental_pipeline.cc:492] Registering initial image pair #131 and #107
I20261002 19:56:18.864526  9864 incremental_pipeline.cc:510] Global bundle adjustment
I20261002 19:56:18.869634  9864 incremental_pipeline.cc:620] Registering image #128 (num_reg_frames=2)
I20261002 19:56:18.869749  9864 incremental_pipeline.cc:623] => Image sees 37 / 166 points
I20261002 19:56:18.871292  9864 incremental_pipeline.cc:88] Retriangulation and Global bundle adjustment
I20261002 19:56:18.872993  9864 incremental_pipeline.cc:620] Registering image #130 (num_reg_frames=3)
I20261002 19:56:18.873104  9864 incremental_pipeline.cc:623] => Image sees 35 / 172 points
I20261002 19:56:18.877272  9864 incremental_pipeline.cc:620] Registering image #129 (num_reg_frames=4)
I20261002 19:56:18.877388  9864 incremental_pipeline.cc:623] => Image sees 36 / 163 points
I20261002 19:56:18.879968  9864 incremental_pipeline.cc:88] Retriangulation and Global bundle adjustment
I20261002 19:56:18.886760  9864 incremental_pipeline.cc:620] Registering image #103 (num_reg_frames=5)
I20261002 19:56:18.886885  9864 incremental_pipeline.cc:623] => Image sees 35 / 159 points
I20261002 19:56:18.890524  9864 incremental_pipeline.cc:88] Retriangulation and Global bundle adjustment
I20261002 19:56:18.907952  9864 incremental_pipeline.cc:620] Registering image #102 (num_reg_frames=6)
I20261002 19:56:18.908123  9864 incremental_pipeline.cc:623] => Image sees 58 / 156 points
I20261002 19:56:18.915952  9864 incremental_pipeline.cc:620] Registering image #106 (num_reg_frames=7)
I20261002 19:56:18.916084  9864 incremental_pipeline.cc:623] => Image sees 62 / 152 points
I20261002 19:56:18.921198  9864 incremental_pipeline.cc:620] Registering image #108 (num_reg_frames=8)
I20261002 19:56:18.921312  9864 incremental_pipeline.cc:623] => Image sees 63 / 155 points
I20261002 19:56:18.928401  9864 incremental_pipeline.cc:88] Retriangulation and Global bundle adjustment
I20261002 19:56:18.960690  9864 incremental_pipeline.cc:620] Registering image #109 (num_reg_frames=9)
I20261002 19:56:18.960826  9864 incremental_pipeline.cc:623] => Image sees 64 / 163 points
I20261002 19:56:18.960914  9864 incremental_pipeline.cc:646] => Could not register, trying another image.
I20261002 19:56:18.960967  9864 incremental_pipeline.cc:620] Registering image #117 (num_reg_frames=9)
I20261002 19:56:18.961017  9864 incremental_pipeline.cc:623] => Image sees 60 / 145 points
I20261002 19:56:18.961073  9864 incremental_pipeline.cc:646] => Could not register, trying another image.
I20261002 19:56:18.961122  9864 incremental_pipeline.cc:620] Registering image #116 (num_reg_frames=9)
I20261002 19:56:18.961167  9864 incremental_pipeline.cc:623] => Image sees 60 / 136 points
I20261002 19:56:18.961239  9864 incremental_pipeline.cc:646] => Could not register, trying another image.
I20261002 19:56:18.961433  9864 incremental_pipeline.cc:620] Registering image #119 (num_reg_frames=9)
I20261002 19:56:18.961520  9864 incremental_pipeline.cc:623] => Image sees 60 / 152 points
I20261002 19:56:18.961580  9864 incremental_pipeline.cc:646] => Could not register, trying another image.
I20261002 19:56:18.961629  9864 incremental_pipeline.cc:620] Registering image #112 (num_reg_frames=9)
I20261002 19:56:18.961678  9864 incremental_pipeline.cc:623] => Image sees 62 / 154 points
I20261002 19:56:18.961740  9864 incremental_pipeline.cc:646] => Could not register, trying another image.
I20261002 19:56:18.961788  9864 incremental_pipeline.cc:620] Registering image #115 (num_reg_frames=9)
I20261002 19:56:18.961834  9864 incremental_pipeline.cc:623] => Image sees 60 / 129 points
I20261002 19:56:18.961892  9864 incremental_pipeline.cc:646] => Could not register, trying another image.
I20261002 19:56:18.961937  9864 incremental_pipeline.cc:620] Registering image #110 (num_reg_frames=9)
I20261002 19:56:18.961983  9864 incremental_pipeline.cc:623] => Image sees 61 / 137 points
I20261002 19:56:18.962058  9864 incremental_pipeline.cc:646] => Could not register, trying another image.
I20261002 19:56:18.962107  9864 incremental_pipeline.cc:620] Registering image #113 (num_reg_frames=9)
I20261002 19:56:18.962154  9864 incremental_pipeline.cc:623] => Image sees 60 / 142 points
I20261002 19:56:18.962211  9864 incremental_pipeline.cc:646] => Could not register, trying another image.
I20261002 19:56:18.962259  9864 incremental_pipeline.cc:620] Registering image #105 (num_reg_frames=9)
I20261002 19:56:18.962305  9864 incremental_pipeline.cc:623] => Image sees 61 / 148 points
I20261002 19:56:18.962365  9864 incremental_pipeline.cc:646] => Could not register, trying another image.
I20261002 19:56:18.962415  9864 incremental_pipeline.cc:620] Registering image #111 (num_reg_frames=9)
I20261002 19:56:18.962462  9864 incremental_pipeline.cc:623] => Image sees 59 / 136 points
I20261002 19:56:18.962521  9864 incremental_pipeline.cc:646] => Could not register, trying another image.
I20261002 19:56:18.962563  9864 incremental_pipeline.cc:620] Registering image #126 (num_reg_frames=9)
I20261002 19:56:18.962607  9864 incremental_pipeline.cc:623] => Image sees 58 / 139 points
I20261002 19:56:18.962664  9864 incremental_pipeline.cc:646] => Could not register, trying another image.
I20261002 19:56:18.962710  9864 incremental_pipeline.cc:620] Registering image #127 (num_reg_frames=9)
I20261002 19:56:18.962756  9864 incremental_pipeline.cc:623] => Image sees 56 / 123 points
I20261002 19:56:18.962813  9864 incremental_pipeline.cc:646] => Could not register, trying another image.
I20261002 19:56:18.962859  9864 incremental_pipeline.cc:620] Registering image #104 (num_reg_frames=9)
I20261002 19:56:18.962918  9864 incremental_pipeline.cc:623] => Image sees 60 / 177 points
I20261002 19:56:18.962980  9864 incremental_pipeline.cc:646] => Could not register, trying another image.
I20261002 19:56:18.963024  9864 incremental_pipeline.cc:620] Registering image #121 (num_reg_frames=9)
I20261002 19:56:18.963070  9864 incremental_pipeline.cc:623] => Image sees 58 / 146 points
I20261002 19:56:18.963126  9864 incremental_pipeline.cc:646] => Could not register, trying another image.
I20261002 19:56:18.963170  9864 incremental_pipeline.cc:620] Registering image #99 (num_reg_frames=9)
I20261002 19:56:18.963216  9864 incremental_pipeline.cc:623] => Image sees 54 / 184 points
I20261002 19:56:18.963277  9864 incremental_pipeline.cc:646] => Could not register, trying another image.
I20261002 19:56:18.963325  9864 incremental_pipeline.cc:620] Registering image #114 (num_reg_frames=9)
I20261002 19:56:18.963371  9864 incremental_pipeline.cc:623] => Image sees 54 / 130 points
I20261002 19:56:18.963428  9864 incremental_pipeline.cc:646] => Could not register, trying another image.
I20261002 19:56:18.963474  9864 incremental_pipeline.cc:620] Registering image #101 (num_reg_frames=9)
I20261002 19:56:18.963519  9864 incremental_pipeline.cc:623] => Image sees 56 / 169 points
I20261002 19:56:18.963598  9864 incremental_pipeline.cc:646] => Could not register, trying another image.
I20261002 19:56:18.963642  9864 incremental_pipeline.cc:620] Registering image #100 (num_reg_frames=9)
I20261002 19:56:18.963688  9864 incremental_pipeline.cc:623] => Image sees 55 / 181 points
I20261002 19:56:18.963747  9864 incremental_pipeline.cc:646] => Could not register, trying another image.
I20261002 19:56:18.963790  9864 incremental_pipeline.cc:620] Registering image #93 (num_reg_frames=9)
I20261002 19:56:18.963836  9864 incremental_pipeline.cc:623] => Image sees 52 / 202 points
I20261002 19:56:18.963895  9864 incremental_pipeline.cc:646] => Could not register, trying another image.
I20261002 19:56:18.963938  9864 incremental_pipeline.cc:620] Registering image #96 (num_reg_frames=9)
I20261002 19:56:18.963981  9864 incremental_pipeline.cc:623] => Image sees 53 / 193 points
I20261002 19:56:18.964042  9864 incremental_pipeline.cc:646] => Could not register, trying another image.
I20261002 19:56:18.964086  9864 incremental_pipeline.cc:620] Registering image #98 (num_reg_frames=9)
I20261002 19:56:18.964170  9864 incremental_pipeline.cc:623] => Image sees 53 / 210 points
I20261002 19:56:18.964234  9864 incremental_pipeline.cc:646] => Could not register, trying another image.
I20261002 19:56:18.964278  9864 incremental_pipeline.cc:620] Registering image #118 (num_reg_frames=9)
I20261002 19:56:18.964322  9864 incremental_pipeline.cc:623] => Image sees 54 / 152 points
I20261002 19:56:18.964375  9864 incremental_pipeline.cc:646] => Could not register, trying another image.
I20261002 19:56:18.964418  9864 incremental_pipeline.cc:620] Registering image #97 (num_reg_frames=9)
I20261002 19:56:18.964462  9864 incremental_pipeline.cc:623] => Image sees 52 / 176 points
I20261002 19:56:18.964519  9864 incremental_pipeline.cc:646] => Could not register, trying another image.
I20261002 19:56:18.964563  9864 incremental_pipeline.cc:620] Registering image #124 (num_reg_frames=9)
I20261002 19:56:18.964607  9864 incremental_pipeline.cc:623] => Image sees 53 / 130 points
I20261002 19:56:18.964660  9864 incremental_pipeline.cc:646] => Could not register, trying another image.
I20261002 19:56:18.964703  9864 incremental_pipeline.cc:620] Registering image #120 (num_reg_frames=9)
I20261002 19:56:18.964746  9864 incremental_pipeline.cc:623] => Image sees 54 / 125 points
I20261002 19:56:18.964812  9864 incremental_pipeline.cc:646] => Could not register, trying another image.
I20261002 19:56:18.964856  9864 incremental_pipeline.cc:620] Registering image #88 (num_reg_frames=9)
I20261002 19:56:18.964900  9864 incremental_pipeline.cc:623] => Image sees 52 / 193 points
I20261002 19:56:18.964960  9864 incremental_pipeline.cc:646] => Could not register, trying another image.
I20261002 19:56:18.965040  9864 incremental_pipeline.cc:620] Registering image #95 (num_reg_frames=9)
I20261002 19:56:18.965088  9864 incremental_pipeline.cc:623] => Image sees 51 / 184 points
I20261002 19:56:18.965147  9864 incremental_pipeline.cc:646] => Could not register, trying another image.
I20261002 19:56:18.965192  9864 incremental_pipeline.cc:620] Registering image #123 (num_reg_frames=9)
I20261002 19:56:18.965235  9864 incremental_pipeline.cc:623] => Image sees 51 / 134 points
I20261002 19:56:18.965288  9864 incremental_pipeline.cc:646] => Could not register, trying another image.
I20261002 19:56:18.965331  9864 incremental_pipeline.cc:620] Registering image #80 (num_reg_frames=9)
I20261002 19:56:18.965482  9864 incremental_pipeline.cc:623] => Image sees 48 / 194 points
I20261002 19:56:18.965742  9864 incremental_pipeline.cc:646] => Could not register, trying another image.
I20261002 19:56:18.965958  9864 incremental_pipeline.cc:620] Registering image #122 (num_reg_frames=9)
I20261002 19:56:18.966087  9864 incremental_pipeline.cc:623] => Image sees 51 / 119 points
I20261002 19:56:18.966211  9864 incremental_pipeline.cc:646] => Could not register, trying another image.
I20261002 19:56:18.966322  9864 incremental_pipeline.cc:620] Registering image #16 (num_reg_frames=9)
I20261002 19:56:18.966412  9864 incremental_pipeline.cc:623] => Image sees 46 / 218 points
I20261002 19:56:18.966481  9864 incremental_pipeline.cc:646] => Could not register, trying another image.
I20261002 19:56:18.966555  9864 incremental_pipeline.cc:620] Registering image #110 (num_reg_frames=9)
I20261002 19:56:18.966640  9864 incremental_pipeline.cc:623] => Image sees 61 / 137 points
I20261002 19:56:18.966883  9864 incremental_pipeline.cc:629] Registering image with structure-less fallback
I20261002 19:56:18.967015  9864 incremental_pipeline.cc:631] => Image sees 732 / 3943 correspondences
I20261002 19:56:18.967165  9864 incremental_pipeline.cc:646] => Could not register, trying another image.
I20261002 19:56:18.967226  9864 incremental_pipeline.cc:620] Registering image #101 (num_reg_frames=9)
I20261002 19:56:18.967276  9864 incremental_pipeline.cc:623] => Image sees 56 / 169 points
I20261002 19:56:18.967323  9864 incremental_pipeline.cc:629] Registering image with structure-less fallback
I20261002 19:56:18.967371  9864 incremental_pipeline.cc:631] => Image sees 566 / 5665 correspondences
I20261002 19:56:18.967457  9864 incremental_pipeline.cc:646] => Could not register, trying another image.
I20261002 19:56:18.967503  9864 incremental_pipeline.cc:620] Registering image #120 (num_reg_frames=9)
I20261002 19:56:18.967551  9864 incremental_pipeline.cc:623] => Image sees 54 / 125 points
I20261002 19:56:18.967598  9864 incremental_pipeline.cc:629] Registering image with structure-less fallback
I20261002 19:56:18.967645  9864 incremental_pipeline.cc:631] => Image sees 563 / 3166 correspondences
I20261002 19:56:18.967714  9864 incremental_pipeline.cc:646] => Could not register, trying another image.
I20261002 19:56:18.967761  9864 incremental_pipeline.cc:620] Registering image #104 (num_reg_frames=9)
I20261002 19:56:18.967807  9864 incremental_pipeline.cc:623] => Image sees 60 / 177 points
I20261002 19:56:18.967856  9864 incremental_pipeline.cc:629] Registering image with structure-less fallback
I20261002 19:56:18.967901  9864 incremental_pipeline.cc:631] => Image sees 507 / 1685 correspondences
I20261002 19:56:18.967964  9864 incremental_pipeline.cc:646] => Could not register, trying another image.
I20261002 19:56:18.968009  9864 incremental_pipeline.cc:620] Registering image #109 (num_reg_frames=9)
I20261002 19:56:18.968056  9864 incremental_pipeline.cc:623] => Image sees 64 / 163 points
I20261002 19:56:18.968105  9864 incremental_pipeline.cc:629] Registering image with structure-less fallback
I20261002 19:56:18.968150  9864 incremental_pipeline.cc:631] => Image sees 419 / 1495 correspondences
I20261002 19:56:18.968209  9864 incremental_pipeline.cc:646] => Could not register, trying another image.
I20261002 19:56:18.968293  9864 incremental_pipeline.cc:620] Registering image #105 (num_reg_frames=9)
I20261002 19:56:18.968342  9864 incremental_pipeline.cc:623] => Image sees 61 / 148 points
I20261002 19:56:18.968388  9864 incremental_pipeline.cc:629] Registering image with structure-less fallback
I20261002 19:56:18.968435  9864 incremental_pipeline.cc:631] => Image sees 393 / 1360 correspondences
I20261002 19:56:18.968496  9864 incremental_pipeline.cc:646] => Could not register, trying another image.
I20261002 19:56:18.968542  9864 incremental_pipeline.cc:620] Registering image #116 (num_reg_frames=9)
I20261002 19:56:18.968588  9864 incremental_pipeline.cc:623] => Image sees 60 / 136 points
I20261002 19:56:18.968634  9864 incremental_pipeline.cc:629] Registering image with structure-less fallback
I20261002 19:56:18.968680  9864 incremental_pipeline.cc:631] => Image sees 326 / 1335 correspondences
I20261002 19:56:18.968737  9864 incremental_pipeline.cc:646] => Could not register, trying another image.
I20261002 19:56:18.968782  9864 incremental_pipeline.cc:620] Registering image #111 (num_reg_frames=9)
I20261002 19:56:18.968827  9864 incremental_pipeline.cc:623] => Image sees 59 / 136 points
I20261002 19:56:18.968872  9864 incremental_pipeline.cc:629] Registering image with structure-less fallback
I20261002 19:56:18.968917  9864 incremental_pipeline.cc:631] => Image sees 314 / 1235 correspondences
I20261002 19:56:18.968975  9864 incremental_pipeline.cc:646] => Could not register, trying another image.
I20261002 19:56:18.969024  9864 incremental_pipeline.cc:620] Registering image #112 (num_reg_frames=9)
I20261002 19:56:18.969072  9864 incremental_pipeline.cc:623] => Image sees 62 / 154 points
I20261002 19:56:18.969118  9864 incremental_pipeline.cc:629] Registering image with structure-less fallback
I20261002 19:56:18.969163  9864 incremental_pipeline.cc:631] => Image sees 293 / 1240 correspondences
I20261002 19:56:18.969220  9864 incremental_pipeline.cc:646] => Could not register, trying another image.
I20261002 19:56:18.969265  9864 incremental_pipeline.cc:620] Registering image #127 (num_reg_frames=9)
I20261002 19:56:18.969311  9864 incremental_pipeline.cc:623] => Image sees 56 / 123 points
I20261002 19:56:18.969358  9864 incremental_pipeline.cc:629] Registering image with structure-less fallback
I20261002 19:56:18.969404  9864 incremental_pipeline.cc:631] => Image sees 289 / 942 correspondences
I20261002 19:56:18.969464  9864 incremental_pipeline.cc:646] => Could not register, trying another image.
I20261002 19:56:18.969509  9864 incremental_pipeline.cc:620] Registering image #126 (num_reg_frames=9)
I20261002 19:56:18.969554  9864 incremental_pipeline.cc:623] => Image sees 58 / 139 points
I20261002 19:56:18.969599  9864 incremental_pipeline.cc:629] Registering image with structure-less fallback
I20261002 19:56:18.969645  9864 incremental_pipeline.cc:631] => Image sees 288 / 825 correspondences
I20261002 19:56:18.969701  9864 incremental_pipeline.cc:646] => Could not register, trying another image.
I20261002 19:56:18.969748  9864 incremental_pipeline.cc:620] Registering image #98 (num_reg_frames=9)
I20261002 19:56:18.969797  9864 incremental_pipeline.cc:623] => Image sees 53 / 210 points
I20261002 19:56:18.969842  9864 incremental_pipeline.cc:629] Registering image with structure-less fallback
I20261002 19:56:18.969890  9864 incremental_pipeline.cc:631] => Image sees 227 / 2395 correspondences
I20261002 19:56:18.969951  9864 incremental_pipeline.cc:646] => Could not register, trying another image.
I20261002 19:56:18.969996  9864 incremental_pipeline.cc:620] Registering image #114 (num_reg_frames=9)
I20261002 19:56:18.970041  9864 incremental_pipeline.cc:623] => Image sees 54 / 130 points
I20261002 19:56:18.970086  9864 incremental_pipeline.cc:629] Registering image with structure-less fallback
I20261002 19:56:18.970132  9864 incremental_pipeline.cc:631] => Image sees 207 / 1106 correspondences
I20261002 19:56:18.970187  9864 incremental_pipeline.cc:646] => Could not register, trying another image.
I20261002 19:56:18.970232  9864 incremental_pipeline.cc:620] Registering image #115 (num_reg_frames=9)
I20261002 19:56:18.970315  9864 incremental_pipeline.cc:623] => Image sees 60 / 129 points
I20261002 19:56:18.970361  9864 incremental_pipeline.cc:629] Registering image with structure-less fallback
I20261002 19:56:18.970407  9864 incremental_pipeline.cc:631] => Image sees 206 / 971 correspondences
I20261002 19:56:18.970462  9864 incremental_pipeline.cc:646] => Could not register, trying another image.
I20261002 19:56:18.970507  9864 incremental_pipeline.cc:620] Registering image #96 (num_reg_frames=9)
I20261002 19:56:18.970553  9864 incremental_pipeline.cc:623] => Image sees 53 / 193 points
I20261002 19:56:18.970599  9864 incremental_pipeline.cc:629] Registering image with structure-less fallback
I20261002 19:56:18.970644  9864 incremental_pipeline.cc:631] => Image sees 205 / 2107 correspondences
I20261002 19:56:18.970704  9864 incremental_pipeline.cc:646] => Could not register, trying another image.
I20261002 19:56:18.970749  9864 incremental_pipeline.cc:620] Registering image #97 (num_reg_frames=9)
I20261002 19:56:18.970797  9864 incremental_pipeline.cc:623] => Image sees 52 / 176 points
I20261002 19:56:18.970843  9864 incremental_pipeline.cc:629] Registering image with structure-less fallback
I20261002 19:56:18.970889  9864 incremental_pipeline.cc:631] => Image sees 203 / 1968 correspondences
I20261002 19:56:18.970949  9864 incremental_pipeline.cc:646] => Could not register, trying another image.
I20261002 19:56:18.970995  9864 incremental_pipeline.cc:620] Registering image #122 (num_reg_frames=9)
I20261002 19:56:18.971042  9864 incremental_pipeline.cc:623] => Image sees 51 / 119 points
I20261002 19:56:18.971090  9864 incremental_pipeline.cc:629] Registering image with structure-less fallback
I20261002 19:56:18.971137  9864 incremental_pipeline.cc:631] => Image sees 192 / 893 correspondences
I20261002 19:56:18.971191  9864 incremental_pipeline.cc:646] => Could not register, trying another image.
I20261002 19:56:18.971237  9864 incremental_pipeline.cc:620] Registering image #99 (num_reg_frames=9)
I20261002 19:56:18.971282  9864 incremental_pipeline.cc:623] => Image sees 54 / 184 points
I20261002 19:56:18.971329  9864 incremental_pipeline.cc:629] Registering image with structure-less fallback
I20261002 19:56:18.971377  9864 incremental_pipeline.cc:631] => Image sees 175 / 1780 correspondences
I20261002 19:56:18.971487  9864 incremental_pipeline.cc:646] => Could not register, trying another image.
I20261002 19:56:18.971569  9864 incremental_pipeline.cc:620] Registering image #100 (num_reg_frames=9)
I20261002 19:56:18.971626  9864 incremental_pipeline.cc:623] => Image sees 55 / 181 points
I20261002 19:56:18.971676  9864 incremental_pipeline.cc:629] Registering image with structure-less fallback
I20261002 19:56:18.971754  9864 incremental_pipeline.cc:631] => Image sees 166 / 1787 correspondences
I20261002 19:56:18.972008  9864 incremental_pipeline.cc:646] => Could not register, trying another image.
I20261002 19:56:18.972087  9864 incremental_pipeline.cc:620] Registering image #88 (num_reg_frames=9)
I20261002 19:56:18.972140  9864 incremental_pipeline.cc:623] => Image sees 52 / 193 points
I20261002 19:56:18.972186  9864 incremental_pipeline.cc:629] Registering image with structure-less fallback
I20261002 19:56:18.972234  9864 incremental_pipeline.cc:631] => Image sees 163 / 2238 correspondences
I20261002 19:56:18.972295  9864 incremental_pipeline.cc:646] => Could not register, trying another image.
I20261002 19:56:18.972340  9864 incremental_pipeline.cc:620] Registering image #95 (num_reg_frames=9)
I20261002 19:56:18.972385  9864 incremental_pipeline.cc:623] => Image sees 51 / 184 points
I20261002 19:56:18.972457  9864 incremental_pipeline.cc:629] Registering image with structure-less fallback
I20261002 19:56:18.972541  9864 incremental_pipeline.cc:631] => Image sees 156 / 1942 correspondences
I20261002 19:56:18.972612  9864 incremental_pipeline.cc:646] => Could not register, trying another image.
I20261002 19:56:18.972659  9864 incremental_pipeline.cc:620] Registering image #113 (num_reg_frames=9)
I20261002 19:56:18.972719  9864 incremental_pipeline.cc:623] => Image sees 60 / 142 points
I20261002 19:56:18.972821  9864 incremental_pipeline.cc:629] Registering image with structure-less fallback
I20261002 19:56:18.972971  9864 incremental_pipeline.cc:631] => Image sees 143 / 1139 correspondences
I20261002 19:56:18.973045  9864 incremental_pipeline.cc:646] => Could not register, trying another image.
I20261002 19:56:18.973111  9864 incremental_pipeline.cc:620] Registering image #121 (num_reg_frames=9)
I20261002 19:56:18.973196  9864 incremental_pipeline.cc:623] => Image sees 58 / 146 points
I20261002 19:56:18.973250  9864 incremental_pipeline.cc:629] Registering image with structure-less fallback
I20261002 19:56:18.973298  9864 incremental_pipeline.cc:631] => Image sees 139 / 989 correspondences
I20261002 19:56:18.973353  9864 incremental_pipeline.cc:646] => Could not register, trying another image.
I20261002 19:56:18.973399  9864 incremental_pipeline.cc:620] Registering image #124 (num_reg_frames=9)
I20261002 19:56:18.973443  9864 incremental_pipeline.cc:623] => Image sees 53 / 130 points
I20261002 19:56:18.973488  9864 incremental_pipeline.cc:629] Registering image with structure-less fallback
I20261002 19:56:18.973531  9864 incremental_pipeline.cc:631] => Image sees 138 / 951 correspondences
I20261002 19:56:18.973583  9864 incremental_pipeline.cc:646] => Could not register, trying another image.
I20261002 19:56:18.973627  9864 incremental_pipeline.cc:620] Registering image #39 (num_reg_frames=9)
I20261002 19:56:18.973670  9864 incremental_pipeline.cc:623] => Image sees 44 / 217 points
I20261002 19:56:18.973715  9864 incremental_pipeline.cc:629] Registering image with structure-less fallback
I20261002 19:56:18.973759  9864 incremental_pipeline.cc:631] => Image sees 129 / 3270 correspondences
I20261002 19:56:18.973823  9864 incremental_pipeline.cc:646] => Could not register, trying another image.
I20261002 19:56:18.973866  9864 incremental_pipeline.cc:620] Registering image #125 (num_reg_frames=9)
I20261002 19:56:18.973910  9864 incremental_pipeline.cc:623] => Image sees 47 / 125 points
I20261002 19:56:18.973954  9864 incremental_pipeline.cc:629] Registering image with structure-less fallback
I20261002 19:56:18.974002  9864 incremental_pipeline.cc:631] => Image sees 124 / 813 correspondences
I20261002 19:56:18.974054  9864 incremental_pipeline.cc:646] => Could not register, trying another image.
I20261002 19:56:18.974099  9864 incremental_pipeline.cc:620] Registering image #63 (num_reg_frames=9)
I20261002 19:56:18.974143  9864 incremental_pipeline.cc:623] => Image sees 43 / 213 points
I20261002 19:56:18.974191  9864 incremental_pipeline.cc:629] Registering image with structure-less fallback
I20261002 19:56:18.974236  9864 incremental_pipeline.cc:631] => Image sees 109 / 3724 correspondences
I20261002 19:56:18.974299  9864 incremental_pipeline.cc:646] => Could not register, trying another image.
I20261002 19:56:18.974344  9864 incremental_pipeline.cc:620] Registering image #42 (num_reg_frames=9)
I20261002 19:56:18.974388  9864 incremental_pipeline.cc:623] => Image sees 42 / 219 points
I20261002 19:56:18.974431  9864 incremental_pipeline.cc:629] Registering image with structure-less fallback
I20261002 19:56:18.974475  9864 incremental_pipeline.cc:631] => Image sees 105 / 2830 correspondences
I20261002 19:56:18.974535  9864 incremental_pipeline.cc:646] => Could not register, trying another image.
I20261002 19:56:18.974578  9864 incremental_pipeline.cc:620] Registering image #70 (num_reg_frames=9)
I20261002 19:56:18.974623  9864 incremental_pipeline.cc:623] => Image sees 42 / 216 points
I20261002 19:56:18.974666  9864 incremental_pipeline.cc:629] Registering image with structure-less fallback
I20261002 19:56:18.974710  9864 incremental_pipeline.cc:631] => Image sees 105 / 9631 correspondences
I20261002 19:56:18.974796  9864 incremental_pipeline.cc:646] => Could not register, trying another image.
I20261002 19:56:18.974840  9864 incremental_pipeline.cc:620] Registering image #89 (num_reg_frames=9)
I20261002 19:56:18.974894  9864 incremental_pipeline.cc:623] => Image sees 45 / 197 points
I20261002 19:56:18.974938  9864 incremental_pipeline.cc:629] Registering image with structure-less fallback
I20261002 19:56:18.974983  9864 incremental_pipeline.cc:631] => Image sees 103 / 2590 correspondences
I20261002 19:56:18.975043  9864 incremental_pipeline.cc:646] => Could not register, trying another image.
I20261002 19:56:18.975087  9864 incremental_pipeline.cc:620] Registering image #43 (num_reg_frames=9)
I20261002 19:56:18.975131  9864 incremental_pipeline.cc:623] => Image sees 42 / 220 points
I20261002 19:56:18.975175  9864 incremental_pipeline.cc:629] Registering image with structure-less fallback
I20261002 19:56:18.975221  9864 incremental_pipeline.cc:631] => Image sees 101 / 3451 correspondences
I20261002 19:56:18.975284  9864 incremental_pipeline.cc:646] => Could not register, trying another image.
I20261002 19:56:18.975328  9864 incremental_pipeline.cc:88] Retriangulation and Global bundle adjustment
I20261002 19:56:19.006800  9864 incremental_pipeline.cc:620] Registering image #81 (num_reg_frames=9)
I20261002 19:56:19.006978  9864 incremental_pipeline.cc:623] => Image sees 45 / 203 points
I20261002 19:56:19.007073  9864 incremental_pipeline.cc:646] => Could not register, trying another image.
I20261002 19:56:19.007124  9864 incremental_pipeline.cc:620] Registering image #33 (num_reg_frames=9)
I20261002 19:56:19.007173  9864 incremental_pipeline.cc:623] => Image sees 44 / 227 points
I20261002 19:56:19.007238  9864 incremental_pipeline.cc:646] => Could not register, trying another image.
I20261002 19:56:19.007283  9864 incremental_pipeline.cc:620] Registering image #125 (num_reg_frames=9)
I20261002 19:56:19.007327  9864 incremental_pipeline.cc:623] => Image sees 47 / 125 points
I20261002 19:56:19.007379  9864 incremental_pipeline.cc:646] => Could not register, trying another image.
I20261002 19:56:19.007422  9864 incremental_pipeline.cc:620] Registering image #39 (num_reg_frames=9)
I20261002 19:56:19.007472  9864 incremental_pipeline.cc:623] => Image sees 44 / 217 points
I20261002 19:56:19.007536  9864 incremental_pipeline.cc:646] => Could not register, trying another image.
I20261002 19:56:19.007587  9864 incremental_pipeline.cc:620] Registering image #38 (num_reg_frames=9)
I20261002 19:56:19.007632  9864 incremental_pipeline.cc:623] => Image sees 43 / 206 points
I20261002 19:56:19.007693  9864 incremental_pipeline.cc:646] => Could not register, trying another image.
I20261002 19:56:19.007738  9864 incremental_pipeline.cc:620] Registering image #68 (num_reg_frames=9)
I20261002 19:56:19.007782  9864 incremental_pipeline.cc:623] => Image sees 43 / 214 points
I20261002 19:56:19.007926  9864 incremental_pipeline.cc:646] => Could not register, trying another image.
I20261002 19:56:19.008088  9864 incremental_pipeline.cc:620] Registering image #42 (num_reg_frames=9)
I20261002 19:56:19.008213  9864 incremental_pipeline.cc:623] => Image sees 42 / 219 points
I20261002 19:56:19.008307  9864 incremental_pipeline.cc:646] => Could not register, trying another image.
I20261002 19:56:19.008360  9864 incremental_pipeline.cc:620] Registering image #94 (num_reg_frames=9)
I20261002 19:56:19.008412  9864 incremental_pipeline.cc:623] => Image sees 43 / 201 points
I20261002 19:56:19.008478  9864 incremental_pipeline.cc:646] => Could not register, trying another image.
I20261002 19:56:19.008530  9864 incremental_pipeline.cc:620] Registering image #87 (num_reg_frames=9)
I20261002 19:56:19.008582  9864 incremental_pipeline.cc:623] => Image sees 46 / 194 points
I20261002 19:56:19.008655  9864 incremental_pipeline.cc:646] => Could not register, trying another image.
I20261002 19:56:19.008707  9864 incremental_pipeline.cc:620] Registering image #63 (num_reg_frames=9)
I20261002 19:56:19.008756  9864 incremental_pipeline.cc:623] => Image sees 43 / 213 points
I20261002 19:56:19.008826  9864 incremental_pipeline.cc:646] => Could not register, trying another image.
I20261002 19:56:19.008877  9864 incremental_pipeline.cc:620] Registering image #89 (num_reg_frames=9)
I20261002 19:56:19.008949  9864 incremental_pipeline.cc:623] => Image sees 45 / 197 points
I20261002 19:56:19.009016  9864 incremental_pipeline.cc:646] => Could not register, trying another image.
I20261002 19:56:19.009066  9864 incremental_pipeline.cc:620] Registering image #70 (num_reg_frames=9)
I20261002 19:56:19.009117  9864 incremental_pipeline.cc:623] => Image sees 42 / 216 points
I20261002 19:56:19.009218  9864 incremental_pipeline.cc:646] => Could not register, trying another image.
I20261002 19:56:19.009267  9864 incremental_pipeline.cc:620] Registering image #74 (num_reg_frames=9)
I20261002 19:56:19.009318  9864 incremental_pipeline.cc:623] => Image sees 42 / 223 points
I20261002 19:56:19.009392  9864 incremental_pipeline.cc:646] => Could not register, trying another image.
I20261002 19:56:19.009441  9864 incremental_pipeline.cc:620] Registering image #43 (num_reg_frames=9)
I20261002 19:56:19.009502  9864 incremental_pipeline.cc:623] => Image sees 42 / 220 points
I20261002 19:56:19.009609  9864 incremental_pipeline.cc:646] => Could not register, trying another image.
I20261002 19:56:19.009663  9864 incremental_pipeline.cc:620] Registering image #25 (num_reg_frames=9)
I20261002 19:56:19.009718  9864 incremental_pipeline.cc:623] => Image sees 42 / 215 points
I20261002 19:56:19.009783  9864 incremental_pipeline.cc:646] => Could not register, trying another image.
I20261002 19:56:19.009832  9864 incremental_pipeline.cc:620] Registering image #4 (num_reg_frames=9)
I20261002 19:56:19.009925  9864 incremental_pipeline.cc:623] => Image sees 41 / 170 points
I20261002 19:56:19.010018  9864 incremental_pipeline.cc:646] => Could not register, trying another image.
I20261002 19:56:19.010068  9864 incremental_pipeline.cc:620] Registering image #90 (num_reg_frames=9)
I20261002 19:56:19.010122  9864 incremental_pipeline.cc:623] => Image sees 44 / 195 points
I20261002 19:56:19.010194  9864 incremental_pipeline.cc:646] => Could not register, trying another image.
I20261002 19:56:19.010238  9864 incremental_pipeline.cc:620] Registering image #78 (num_reg_frames=9)
I20261002 19:56:19.010314  9864 incremental_pipeline.cc:623] => Image sees 40 / 201 points
I20261002 19:56:19.010383  9864 incremental_pipeline.cc:646] => Could not register, trying another image.
I20261002 19:56:19.010434  9864 incremental_pipeline.cc:620] Registering image #1 (num_reg_frames=9)
I20261002 19:56:19.010484  9864 incremental_pipeline.cc:623] => Image sees 40 / 187 points
I20261002 19:56:19.010549  9864 incremental_pipeline.cc:646] => Could not register, trying another image.
I20261002 19:56:19.010598  9864 incremental_pipeline.cc:620] Registering image #72 (num_reg_frames=9)
I20261002 19:56:19.010648  9864 incremental_pipeline.cc:623] => Image sees 40 / 207 points
I20261002 19:56:19.010716  9864 incremental_pipeline.cc:646] => Could not register, trying another image.
I20261002 19:56:19.010766  9864 incremental_pipeline.cc:620] Registering image #48 (num_reg_frames=9)
I20261002 19:56:19.010815  9864 incremental_pipeline.cc:623] => Image sees 39 / 223 points
I20261002 19:56:19.010890  9864 incremental_pipeline.cc:646] => Could not register, trying another image.
I20261002 19:56:19.010939  9864 incremental_pipeline.cc:620] Registering image #77 (num_reg_frames=9)
I20261002 19:56:19.010994  9864 incremental_pipeline.cc:623] => Image sees 39 / 203 points
I20261002 19:56:19.011058  9864 incremental_pipeline.cc:646] => Could not register, trying another image.
I20261002 19:56:19.011106  9864 incremental_pipeline.cc:620] Registering image #40 (num_reg_frames=9)
I20261002 19:56:19.011155  9864 incremental_pipeline.cc:623] => Image sees 39 / 208 points
I20261002 19:56:19.011257  9864 incremental_pipeline.cc:646] => Could not register, trying another image.
I20261002 19:56:19.011327  9864 incremental_pipeline.cc:620] Registering image #2 (num_reg_frames=9)
I20261002 19:56:19.011379  9864 incremental_pipeline.cc:623] => Image sees 36 / 195 points
I20261002 19:56:19.011464  9864 incremental_pipeline.cc:646] => Could not register, trying another image.
I20261002 19:56:19.011523  9864 incremental_pipeline.cc:620] Registering image #45 (num_reg_frames=9)
I20261002 19:56:19.011572  9864 incremental_pipeline.cc:623] => Image sees 37 / 208 points
I20261002 19:56:19.011638  9864 incremental_pipeline.cc:646] => Could not register, trying another image.
I20261002 19:56:19.011688  9864 incremental_pipeline.cc:620] Registering image #65 (num_reg_frames=9)
I20261002 19:56:19.011738  9864 incremental_pipeline.cc:623] => Image sees 37 / 214 points
I20261002 19:56:19.011812  9864 incremental_pipeline.cc:646] => Could not register, trying another image.
I20261002 19:56:19.011864  9864 incremental_pipeline.cc:620] Registering image #73 (num_reg_frames=9)
I20261002 19:56:19.011913  9864 incremental_pipeline.cc:623] => Image sees 37 / 210 points
I20261002 19:56:19.011981  9864 incremental_pipeline.cc:646] => Could not register, trying another image.
I20261002 19:56:19.012031  9864 incremental_pipeline.cc:620] Registering image #66 (num_reg_frames=9)
I20261002 19:56:19.012086  9864 incremental_pipeline.cc:623] => Image sees 35 / 221 points
I20261002 19:56:19.012165  9864 incremental_pipeline.cc:646] => Could not register, trying another image.
I20261002 19:56:19.012215  9864 incremental_pipeline.cc:620] Registering image #109 (num_reg_frames=9)
I20261002 19:56:19.012265  9864 incremental_pipeline.cc:623] => Image sees 64 / 163 points
I20261002 19:56:19.012330  9864 incremental_pipeline.cc:646] => Could not register, trying another image.
I20261002 19:56:19.012380  9864 incremental_pipeline.cc:620] Registering image #117 (num_reg_frames=9)
I20261002 19:56:19.012429  9864 incremental_pipeline.cc:623] => Image sees 60 / 145 points
I20261002 19:56:19.012488  9864 incremental_pipeline.cc:646] => Could not register, trying another image.
I20261002 19:56:19.012532  9864 incremental_pipeline.cc:620] Registering image #116 (num_reg_frames=9)
I20261002 19:56:19.012575  9864 incremental_pipeline.cc:623] => Image sees 60 / 136 points
I20261002 19:56:19.012633  9864 incremental_pipeline.cc:646] => Could not register, trying another image.
I20261002 19:56:19.012685  9864 incremental_pipeline.cc:620] Registering image #65 (num_reg_frames=9)
I20261002 19:56:19.012733  9864 incremental_pipeline.cc:623] => Image sees 37 / 214 points
I20261002 19:56:19.012776  9864 incremental_pipeline.cc:629] Registering image with structure-less fallback
I20261002 19:56:19.012819  9864 incremental_pipeline.cc:631] => Image sees 96 / 3107 correspondences
I20261002 19:56:19.012880  9864 incremental_pipeline.cc:646] => Could not register, trying another image.
I20261002 19:56:19.012923  9864 incremental_pipeline.cc:620] Registering image #87 (num_reg_frames=9)
I20261002 19:56:19.012967  9864 incremental_pipeline.cc:623] => Image sees 46 / 194 points
I20261002 19:56:19.013013  9864 incremental_pipeline.cc:629] Registering image with structure-less fallback
I20261002 19:56:19.013056  9864 incremental_pipeline.cc:631] => Image sees 94 / 2201 correspondences
I20261002 19:56:19.013117  9864 incremental_pipeline.cc:646] => Could not register, trying another image.
I20261002 19:56:19.013160  9864 incremental_pipeline.cc:620] Registering image #74 (num_reg_frames=9)
I20261002 19:56:19.013203  9864 incremental_pipeline.cc:623] => Image sees 42 / 223 points
I20261002 19:56:19.013246  9864 incremental_pipeline.cc:629] Registering image with structure-less fallback
I20261002 19:56:19.013289  9864 incremental_pipeline.cc:631] => Image sees 91 / 3197 correspondences
I20261002 19:56:19.013350  9864 incremental_pipeline.cc:646] => Could not register, trying another image.
I20261002 19:56:19.013393  9864 incremental_pipeline.cc:620] Registering image #90 (num_reg_frames=9)
I20261002 19:56:19.013465  9864 incremental_pipeline.cc:623] => Image sees 44 / 195 points
I20261002 19:56:19.013520  9864 incremental_pipeline.cc:629] Registering image with structure-less fallback
I20261002 19:56:19.013567  9864 incremental_pipeline.cc:631] => Image sees 89 / 2267 correspondences
I20261002 19:56:19.013626  9864 incremental_pipeline.cc:646] => Could not register, trying another image.
I20261002 19:56:19.013680  9864 incremental_pipeline.cc:620] Registering image #40 (num_reg_frames=9)
I20261002 19:56:19.013724  9864 incremental_pipeline.cc:623] => Image sees 39 / 208 points
I20261002 19:56:19.013768  9864 incremental_pipeline.cc:629] Registering image with structure-less fallback
I20261002 19:56:19.013811  9864 incremental_pipeline.cc:631] => Image sees 82 / 8771 correspondences
I20261002 19:56:19.013892  9864 incremental_pipeline.cc:646] => Could not register, trying another image.
I20261002 19:56:19.014208  9864 incremental_pipeline.cc:620] Registering image #94 (num_reg_frames=9)
I20261002 19:56:19.014287  9864 incremental_pipeline.cc:623] => Image sees 43 / 201 points
I20261002 19:56:19.014341  9864 incremental_pipeline.cc:629] Registering image with structure-less fallback
I20261002 19:56:19.014389  9864 incremental_pipeline.cc:631] => Image sees 82 / 2348 correspondences
I20261002 19:56:19.014451  9864 incremental_pipeline.cc:646] => Could not register, trying another image.
I20261002 19:56:19.014498  9864 incremental_pipeline.cc:620] Registering image #72 (num_reg_frames=9)
I20261002 19:56:19.014544  9864 incremental_pipeline.cc:623] => Image sees 40 / 207 points
I20261002 19:56:19.014592  9864 incremental_pipeline.cc:629] Registering image with structure-less fallback
I20261002 19:56:19.014639  9864 incremental_pipeline.cc:631] => Image sees 80 / 2610 correspondences
I20261002 19:56:19.014701  9864 incremental_pipeline.cc:646] => Could not register, trying another image.
I20261002 19:56:19.014746  9864 incremental_pipeline.cc:620] Registering image #73 (num_reg_frames=9)
I20261002 19:56:19.014792  9864 incremental_pipeline.cc:623] => Image sees 37 / 210 points
I20261002 19:56:19.014838  9864 incremental_pipeline.cc:629] Registering image with structure-less fallback
I20261002 19:56:19.014885  9864 incremental_pipeline.cc:631] => Image sees 79 / 3235 correspondences
I20261002 19:56:19.014950  9864 incremental_pipeline.cc:646] => Could not register, trying another image.
I20261002 19:56:19.014995  9864 incremental_pipeline.cc:620] Registering image #78 (num_reg_frames=9)
I20261002 19:56:19.015046  9864 incremental_pipeline.cc:623] => Image sees 40 / 201 points
I20261002 19:56:19.015092  9864 incremental_pipeline.cc:629] Registering image with structure-less fallback
I20261002 19:56:19.015141  9864 incremental_pipeline.cc:631] => Image sees 79 / 2392 correspondences
I20261002 19:56:19.015203  9864 incremental_pipeline.cc:646] => Could not register, trying another image.
I20261002 19:56:19.015249  9864 incremental_pipeline.cc:620] Registering image #117 (num_reg_frames=9)
I20261002 19:56:19.015297  9864 incremental_pipeline.cc:623] => Image sees 60 / 145 points
I20261002 19:56:19.015343  9864 incremental_pipeline.cc:629] Registering image with structure-less fallback
I20261002 19:56:19.015390  9864 incremental_pipeline.cc:631] => Image sees 74 / 1174 correspondences
I20261002 19:56:19.015443  9864 incremental_pipeline.cc:646] => Could not register, trying another image.
I20261002 19:56:19.015488  9864 incremental_pipeline.cc:620] Registering image #119 (num_reg_frames=9)
I20261002 19:56:19.015534  9864 incremental_pipeline.cc:623] => Image sees 60 / 152 points
I20261002 19:56:19.015580  9864 incremental_pipeline.cc:629] Registering image with structure-less fallback
I20261002 19:56:19.015626  9864 incremental_pipeline.cc:631] => Image sees 71 / 1203 correspondences
I20261002 19:56:19.015682  9864 incremental_pipeline.cc:646] => Could not register, trying another image.
I20261002 19:56:19.015729  9864 incremental_pipeline.cc:620] Registering image #45 (num_reg_frames=9)
I20261002 19:56:19.015774  9864 incremental_pipeline.cc:623] => Image sees 37 / 208 points
I20261002 19:56:19.015821  9864 incremental_pipeline.cc:629] Registering image with structure-less fallback
I20261002 19:56:19.015866  9864 incremental_pipeline.cc:631] => Image sees 70 / 3227 correspondences
I20261002 19:56:19.015929  9864 incremental_pipeline.cc:646] => Could not register, trying another image.
I20261002 19:56:19.015986  9864 incremental_pipeline.cc:620] Registering image #118 (num_reg_frames=9)
I20261002 19:56:19.016035  9864 incremental_pipeline.cc:623] => Image sees 54 / 152 points
I20261002 19:56:19.016082  9864 incremental_pipeline.cc:629] Registering image with structure-less fallback
I20261002 19:56:19.016127  9864 incremental_pipeline.cc:631] => Image sees 68 / 1124 correspondences
I20261002 19:56:19.016183  9864 incremental_pipeline.cc:646] => Could not register, trying another image.
I20261002 19:56:19.016230  9864 incremental_pipeline.cc:620] Registering image #123 (num_reg_frames=9)
I20261002 19:56:19.016277  9864 incremental_pipeline.cc:623] => Image sees 51 / 134 points
I20261002 19:56:19.016324  9864 incremental_pipeline.cc:629] Registering image with structure-less fallback
I20261002 19:56:19.016369  9864 incremental_pipeline.cc:631] => Image sees 67 / 853 correspondences
I20261002 19:56:19.016423  9864 incremental_pipeline.cc:646] => Could not register, trying another image.
I20261002 19:56:19.016471  9864 incremental_pipeline.cc:620] Registering image #93 (num_reg_frames=9)
I20261002 19:56:19.016521  9864 incremental_pipeline.cc:623] => Image sees 52 / 202 points
I20261002 19:56:19.016568  9864 incremental_pipeline.cc:629] Registering image with structure-less fallback
I20261002 19:56:19.016615  9864 incremental_pipeline.cc:631] => Image sees 61 / 2001 correspondences
I20261002 19:56:19.016675  9864 incremental_pipeline.cc:646] => Could not register, trying another image.
I20261002 19:56:19.016721  9864 incremental_pipeline.cc:620] Registering image #80 (num_reg_frames=9)
I20261002 19:56:19.016768  9864 incremental_pipeline.cc:623] => Image sees 48 / 194 points
I20261002 19:56:19.016815  9864 incremental_pipeline.cc:629] Registering image with structure-less fallback
I20261002 19:56:19.016860  9864 incremental_pipeline.cc:631] => Image sees 58 / 1995 correspondences
I20261002 19:56:19.016908  9864 incremental_pipeline.cc:646] => Could not register, trying another image.
I20261002 19:56:19.016958  9864 incremental_pipeline.cc:620] Registering image #33 (num_reg_frames=9)
I20261002 19:56:19.017003  9864 incremental_pipeline.cc:623] => Image sees 44 / 227 points
I20261002 19:56:19.017050  9864 incremental_pipeline.cc:629] Registering image with structure-less fallback
I20261002 19:56:19.017096  9864 incremental_pipeline.cc:631] => Image sees 56 / 3220 correspondences
I20261002 19:56:19.017141  9864 incremental_pipeline.cc:646] => Could not register, trying another image.
I20261002 19:56:19.017187  9864 incremental_pipeline.cc:620] Registering image #1 (num_reg_frames=9)
I20261002 19:56:19.017235  9864 incremental_pipeline.cc:623] => Image sees 40 / 187 points
I20261002 19:56:19.017280  9864 incremental_pipeline.cc:629] Registering image with structure-less fallback
I20261002 19:56:19.017325  9864 incremental_pipeline.cc:631] => Image sees 54 / 1270 correspondences
I20261002 19:56:19.017371  9864 incremental_pipeline.cc:646] => Could not register, trying another image.
I20261002 19:56:19.017417  9864 incremental_pipeline.cc:620] Registering image #81 (num_reg_frames=9)
I20261002 19:56:19.017464  9864 incremental_pipeline.cc:623] => Image sees 45 / 203 points
I20261002 19:56:19.017512  9864 incremental_pipeline.cc:629] Registering image with structure-less fallback
I20261002 19:56:19.017558  9864 incremental_pipeline.cc:631] => Image sees 53 / 2890 correspondences
I20261002 19:56:19.017606  9864 incremental_pipeline.cc:646] => Could not register, trying another image.
I20261002 19:56:19.017650  9864 incremental_pipeline.cc:620] Registering image #38 (num_reg_frames=9)
I20261002 19:56:19.017696  9864 incremental_pipeline.cc:623] => Image sees 43 / 206 points
I20261002 19:56:19.017744  9864 incremental_pipeline.cc:629] Registering image with structure-less fallback
I20261002 19:56:19.017790  9864 incremental_pipeline.cc:631] => Image sees 52 / 3210 correspondences
I20261002 19:56:19.017836  9864 incremental_pipeline.cc:646] => Could not register, trying another image.
I20261002 19:56:19.017892  9864 incremental_pipeline.cc:620] Registering image #68 (num_reg_frames=9)
I20261002 19:56:19.017937  9864 incremental_pipeline.cc:623] => Image sees 43 / 214 points
I20261002 19:56:19.017984  9864 incremental_pipeline.cc:629] Registering image with structure-less fallback
I20261002 19:56:19.018030  9864 incremental_pipeline.cc:631] => Image sees 52 / 2723 correspondences
I20261002 19:56:19.018077  9864 incremental_pipeline.cc:646] => Could not register, trying another image.
I20261002 19:56:19.018121  9864 incremental_pipeline.cc:620] Registering image #48 (num_reg_frames=9)
I20261002 19:56:19.018168  9864 incremental_pipeline.cc:623] => Image sees 39 / 223 points
I20261002 19:56:19.018214  9864 incremental_pipeline.cc:629] Registering image with structure-less fallback
I20261002 19:56:19.018259  9864 incremental_pipeline.cc:631] => Image sees 51 / 3765 correspondences
I20261002 19:56:19.018304  9864 incremental_pipeline.cc:646] => Could not register, trying another image.
I20261002 19:56:19.018349  9864 incremental_pipeline.cc:620] Registering image #66 (num_reg_frames=9)
I20261002 19:56:19.018394  9864 incremental_pipeline.cc:623] => Image sees 35 / 221 points
I20261002 19:56:19.018439  9864 incremental_pipeline.cc:629] Registering image with structure-less fallback
I20261002 19:56:19.018484  9864 incremental_pipeline.cc:631] => Image sees 51 / 3826 correspondences
I20261002 19:56:19.018529  9864 incremental_pipeline.cc:646] => Could not register, trying another image.
I20261002 19:56:19.018576  9864 incremental_pipeline.cc:620] Registering image #16 (num_reg_frames=9)
I20261002 19:56:19.018622  9864 incremental_pipeline.cc:623] => Image sees 46 / 218 points
I20261002 19:56:19.018668  9864 incremental_pipeline.cc:629] Registering image with structure-less fallback
I20261002 19:56:19.018715  9864 incremental_pipeline.cc:631] => Image sees 51 / 2150 correspondences
I20261002 19:56:19.018761  9864 incremental_pipeline.cc:646] => Could not register, trying another image.
I20261002 19:56:19.018810  9864 incremental_pipeline.cc:620] Registering image #2 (num_reg_frames=9)
I20261002 19:56:19.018856  9864 incremental_pipeline.cc:623] => Image sees 36 / 195 points
I20261002 19:56:19.018900  9864 incremental_pipeline.cc:629] Registering image with structure-less fallback
I20261002 19:56:19.018948  9864 incremental_pipeline.cc:631] => Image sees 50 / 6437 correspondences
I20261002 19:56:19.018993  9864 incremental_pipeline.cc:646] => Could not register, trying another image.
I20261002 19:56:19.019037  9864 incremental_pipeline.cc:620] Registering image #25 (num_reg_frames=9)
I20261002 19:56:19.019082  9864 incremental_pipeline.cc:623] => Image sees 42 / 215 points
I20261002 19:56:19.019128  9864 incremental_pipeline.cc:629] Registering image with structure-less fallback
I20261002 19:56:19.019173  9864 incremental_pipeline.cc:631] => Image sees 50 / 2795 correspondences
I20261002 19:56:19.019218  9864 incremental_pipeline.cc:646] => Could not register, trying another image.
I20261002 19:56:19.019264  9864 incremental_pipeline.cc:620] Registering image #4 (num_reg_frames=9)
I20261002 19:56:19.019310  9864 incremental_pipeline.cc:623] => Image sees 41 / 170 points
I20261002 19:56:19.019355  9864 incremental_pipeline.cc:629] Registering image with structure-less fallback
I20261002 19:56:19.019402  9864 incremental_pipeline.cc:631] => Image sees 47 / 1212 correspondences
I20261002 19:56:19.019449  9864 incremental_pipeline.cc:646] => Could not register, trying another image.
I20261002 19:56:19.019495  9864 incremental_pipeline.cc:620] Registering image #77 (num_reg_frames=9)
I20261002 19:56:19.019540  9864 incremental_pipeline.cc:623] => Image sees 39 / 203 points
I20261002 19:56:19.019588  9864 incremental_pipeline.cc:629] Registering image with structure-less fallback
I20261002 19:56:19.019633  9864 incremental_pipeline.cc:631] => Image sees 46 / 2524 correspondences
I20261002 19:56:19.019678  9864 incremental_pipeline.cc:646] => Could not register, trying another image.
I20261002 19:56:19.019725  9864 incremental_pipeline.cc:620] Registering image #110 (num_reg_frames=9)
I20261002 19:56:19.019777  9864 incremental_pipeline.cc:623] => Image sees 61 / 137 points
I20261002 19:56:19.019824  9864 incremental_pipeline.cc:629] Registering image with structure-less fallback
I20261002 19:56:19.019871  9864 incremental_pipeline.cc:631] => Image sees 732 / 3943 correspondences
I20261002 19:56:19.020053  9864 incremental_pipeline.cc:646] => Could not register, trying another image.
I20261002 19:56:19.020148  9864 incremental_pipeline.cc:620] Registering image #101 (num_reg_frames=9)
I20261002 19:56:19.020218  9864 incremental_pipeline.cc:623] => Image sees 56 / 169 points
I20261002 19:56:19.020270  9864 incremental_pipeline.cc:629] Registering image with structure-less fallback
I20261002 19:56:19.020319  9864 incremental_pipeline.cc:631] => Image sees 566 / 5665 correspondences
I20261002 19:56:19.020398  9864 incremental_pipeline.cc:646] => Could not register, trying another image.
I20261002 19:56:19.020446  9864 incremental_pipeline.cc:620] Registering image #120 (num_reg_frames=9)
I20261002 19:56:19.020495  9864 incremental_pipeline.cc:623] => Image sees 54 / 125 points
I20261002 19:56:19.020543  9864 incremental_pipeline.cc:629] Registering image with structure-less fallback
I20261002 19:56:19.020590  9864 incremental_pipeline.cc:631] => Image sees 563 / 3166 correspondences
I20261002 19:56:19.020658  9864 incremental_pipeline.cc:646] => Could not register, trying another image.
W20261002 19:56:19.020706  9864 incremental_pipeline.cc:821] Discarding reconstruction due to insufficient size
I20261002 19:56:19.022209  9864 incremental_pipeline.cc:465] Finding good initial image pair
I20261002 19:56:19.051070  9864 incremental_pipeline.cc:492] Registering initial image pair #101 and #131
I20261002 19:56:19.052113  9864 incremental_pipeline.cc:510] Global bundle adjustment
I20261002 19:56:19.058500  9864 incremental_pipeline.cc:620] Registering image #99 (num_reg_frames=2)
I20261002 19:56:19.058622  9864 incremental_pipeline.cc:623] => Image sees 53 / 184 points
I20261002 19:56:19.061555  9864 incremental_pipeline.cc:88] Retriangulation and Global bundle adjustment
I20261002 19:56:19.063332  9864 incremental_pipeline.cc:620] Registering image #98 (num_reg_frames=3)
I20261002 19:56:19.063446  9864 incremental_pipeline.cc:623] => Image sees 54 / 210 points
I20261002 19:56:19.067409  9864 incremental_pipeline.cc:620] Registering image #130 (num_reg_frames=4)
I20261002 19:56:19.067526  9864 incremental_pipeline.cc:623] => Image sees 57 / 172 points
I20261002 19:56:19.069066  9864 incremental_pipeline.cc:88] Retriangulation and Global bundle adjustment
W20261002 19:56:19.082661  9864 bundle_adjustment_ceres.cc:391] Failed to fix Gauge with two cameras. Falling back to fixing Gauge with three points.
W20261002 19:56:19.082941  9864 bundle_adjustment_ceres.cc:298] Failed to fix Gauge due to insufficient number of fixed points: 0
I20261002 19:56:19.084249  9864 incremental_pipeline.cc:88] Retriangulation and Global bundle adjustment
W20261002 19:56:19.085696  9864 bundle_adjustment_ceres.cc:391] Failed to fix Gauge with two cameras. Falling back to fixing Gauge with three points.
W20261002 19:56:19.085782  9864 bundle_adjustment_ceres.cc:298] Failed to fix Gauge due to insufficient number of fixed points: 0
W20261002 19:56:19.085853  9864 incremental_pipeline.cc:821] Discarding reconstruction due to insufficient size
I20261002 19:56:19.087335  9864 incremental_pipeline.cc:465] Finding good initial image pair
I20261002 19:56:19.124098  9864 incremental_pipeline.cc:492] Registering initial image pair #78 and #120
I20261002 19:56:19.124918  9864 incremental_pipeline.cc:510] Global bundle adjustment
I20261002 19:56:19.130477  9864 incremental_pipeline.cc:620] Registering image #118 (num_reg_frames=2)
I20261002 19:56:19.130582  9864 incremental_pipeline.cc:623] => Image sees 37 / 152 points
I20261002 19:56:19.131858  9864 incremental_pipeline.cc:88] Retriangulation and Global bundle adjustment
I20261002 19:56:19.137862  9864 incremental_pipeline.cc:620] Registering image #81 (num_reg_frames=3)
I20261002 19:56:19.137977  9864 incremental_pipeline.cc:623] => Image sees 37 / 203 points
I20261002 19:56:19.141033  9864 incremental_pipeline.cc:620] Registering image #70 (num_reg_frames=4)
I20261002 19:56:19.141142  9864 incremental_pipeline.cc:623] => Image sees 37 / 216 points
I20261002 19:56:19.145012  9864 incremental_pipeline.cc:88] Retriangulation and Global bundle adjustment
I20261002 19:56:19.156184  9864 incremental_pipeline.cc:620] Registering image #116 (num_reg_frames=5)
I20261002 19:56:19.156287  9864 incremental_pipeline.cc:623] => Image sees 49 / 136 points
I20261002 19:56:19.158854  9864 incremental_pipeline.cc:620] Registering image #119 (num_reg_frames=6)
I20261002 19:56:19.158956  9864 incremental_pipeline.cc:623] => Image sees 47 / 152 points
I20261002 19:56:19.164361  9864 incremental_pipeline.cc:88] Retriangulation and Global bundle adjustment
I20261002 19:56:19.205566  9864 incremental_pipeline.cc:620] Registering image #121 (num_reg_frames=7)
I20261002 19:56:19.205700  9864 incremental_pipeline.cc:623] => Image sees 49 / 146 points
I20261002 19:56:19.211191  9864 incremental_pipeline.cc:88] Retriangulation and Global bundle adjustment
I20261002 19:56:19.264108  9864 incremental_pipeline.cc:620] Registering image #113 (num_reg_frames=8)
I20261002 19:56:19.264260  9864 incremental_pipeline.cc:623] => Image sees 49 / 142 points
I20261002 19:56:19.270918  9864 incremental_pipeline.cc:88] Retriangulation and Global bundle adjustment
I20261002 19:56:19.349701  9864 incremental_pipeline.cc:620] Registering image #117 (num_reg_frames=9)
I20261002 19:56:19.349915  9864 incremental_pipeline.cc:623] => Image sees 98 / 145 points
I20261002 19:56:19.357035  9864 incremental_pipeline.cc:620] Registering image #115 (num_reg_frames=10)
I20261002 19:56:19.357203  9864 incremental_pipeline.cc:623] => Image sees 100 / 129 points
I20261002 19:56:19.364205  9864 incremental_pipeline.cc:620] Registering image #131 (num_reg_frames=11)
I20261002 19:56:19.364312  9864 incremental_pipeline.cc:623] => Image sees 81 / 167 points
I20261002 19:56:19.371215  9864 incremental_pipeline.cc:620] Registering image #130 (num_reg_frames=12)
I20261002 19:56:19.371324  9864 incremental_pipeline.cc:623] => Image sees 97 / 172 points
I20261002 19:56:19.377395  9864 incremental_pipeline.cc:88] Retriangulation and Global bundle adjustment
I20261002 19:56:19.499001  9864 incremental_pipeline.cc:620] Registering image #82 (num_reg_frames=13)
I20261002 19:56:19.499149  9864 incremental_pipeline.cc:623] => Image sees 65 / 200 points
I20261002 19:56:19.508053  9864 incremental_pipeline.cc:620] Registering image #88 (num_reg_frames=14)
I20261002 19:56:19.508179  9864 incremental_pipeline.cc:623] => Image sees 80 / 193 points
I20261002 19:56:19.516055  9864 incremental_pipeline.cc:88] Retriangulation and Global bundle adjustment
I20261002 19:56:19.667295  9864 incremental_pipeline.cc:620] Registering image #21 (num_reg_frames=15)
I20261002 19:56:19.667461  9864 incremental_pipeline.cc:623] => Image sees 84 / 216 points
I20261002 19:56:19.676110  9864 incremental_pipeline.cc:620] Registering image #55 (num_reg_frames=16)
I20261002 19:56:19.676235  9864 incremental_pipeline.cc:623] => Image sees 83 / 225 points
I20261002 19:56:19.683272  9864 incremental_pipeline.cc:620] Registering image #74 (num_reg_frames=17)
I20261002 19:56:19.683390  9864 incremental_pipeline.cc:623] => Image sees 85 / 223 points
I20261002 19:56:19.688331  9864 incremental_pipeline.cc:620] Registering image #40 (num_reg_frames=18)
I20261002 19:56:19.688420  9864 incremental_pipeline.cc:623] => Image sees 83 / 208 points
I20261002 19:56:19.698225  9864 incremental_pipeline.cc:620] Registering image #47 (num_reg_frames=19)
I20261002 19:56:19.698340  9864 incremental_pipeline.cc:623] => Image sees 87 / 219 points
I20261002 19:56:19.709776  9864 incremental_pipeline.cc:620] Registering image #76 (num_reg_frames=20)
I20261002 19:56:19.709904  9864 incremental_pipeline.cc:623] => Image sees 88 / 190 points
I20261002 19:56:19.718673  9864 incremental_pipeline.cc:88] Retriangulation and Global bundle adjustment
I20261002 19:56:20.101945  9864 incremental_pipeline.cc:620] Registering image #61 (num_reg_frames=21)
I20261002 19:56:20.102102  9864 incremental_pipeline.cc:623] => Image sees 82 / 218 points
I20261002 19:56:20.108140  9864 incremental_pipeline.cc:620] Registering image #93 (num_reg_frames=22)
I20261002 19:56:20.108247  9864 incremental_pipeline.cc:623] => Image sees 81 / 202 points
I20261002 19:56:20.113846  9864 incremental_pipeline.cc:620] Registering image #49 (num_reg_frames=23)
I20261002 19:56:20.113949  9864 incremental_pipeline.cc:623] => Image sees 81 / 218 points
I20261002 19:56:20.122007  9864 incremental_pipeline.cc:620] Registering image #22 (num_reg_frames=24)
I20261002 19:56:20.122103  9864 incremental_pipeline.cc:623] => Image sees 80 / 207 points
I20261002 19:56:20.127402  9864 incremental_pipeline.cc:620] Registering image #90 (num_reg_frames=25)
I20261002 19:56:20.127503  9864 incremental_pipeline.cc:623] => Image sees 82 / 195 points
I20261002 19:56:20.132696  9864 incremental_pipeline.cc:620] Registering image #58 (num_reg_frames=26)
I20261002 19:56:20.132798  9864 incremental_pipeline.cc:623] => Image sees 79 / 208 points
I20261002 19:56:20.140536  9864 incremental_pipeline.cc:620] Registering image #42 (num_reg_frames=27)
I20261002 19:56:20.140646  9864 incremental_pipeline.cc:623] => Image sees 79 / 219 points
I20261002 19:56:20.149882  9864 incremental_pipeline.cc:620] Registering image #83 (num_reg_frames=28)
I20261002 19:56:20.150047  9864 incremental_pipeline.cc:623] => Image sees 81 / 197 points
I20261002 19:56:20.156672  9864 incremental_pipeline.cc:620] Registering image #51 (num_reg_frames=29)
I20261002 19:56:20.156801  9864 incremental_pipeline.cc:623] => Image sees 81 / 218 points
I20261002 19:56:20.199244  9864 incremental_pipeline.cc:88] Retriangulation and Global bundle adjustment
I20261002 19:56:20.427165  9864 incremental_pipeline.cc:620] Registering image #38 (num_reg_frames=30)
I20261002 19:56:20.427380  9864 incremental_pipeline.cc:623] => Image sees 78 / 206 points
I20261002 19:56:20.439466  9864 incremental_pipeline.cc:620] Registering image #33 (num_reg_frames=31)
I20261002 19:56:20.439663  9864 incremental_pipeline.cc:623] => Image sees 80 / 227 points
I20261002 19:56:20.452775  9864 incremental_pipeline.cc:620] Registering image #43 (num_reg_frames=32)
I20261002 19:56:20.452949  9864 incremental_pipeline.cc:623] => Image sees 81 / 220 points
I20261002 19:56:20.464549  9864 incremental_pipeline.cc:620] Registering image #98 (num_reg_frames=33)
I20261002 19:56:20.464679  9864 incremental_pipeline.cc:623] => Image sees 83 / 210 points
I20261002 19:56:20.470897  9864 incremental_pipeline.cc:620] Registering image #95 (num_reg_frames=34)
I20261002 19:56:20.470999  9864 incremental_pipeline.cc:623] => Image sees 83 / 184 points
I20261002 19:56:20.479556  9864 incremental_pipeline.cc:620] Registering image #92 (num_reg_frames=35)
I20261002 19:56:20.479659  9864 incremental_pipeline.cc:623] => Image sees 87 / 202 points
I20261002 19:56:20.517831  9864 incremental_pipeline.cc:620] Registering image #48 (num_reg_frames=36)
I20261002 19:56:20.517965  9864 incremental_pipeline.cc:623] => Image sees 88 / 223 points
I20261002 19:56:20.537300  9864 incremental_pipeline.cc:620] Registering image #54 (num_reg_frames=37)
I20261002 19:56:20.537424  9864 incremental_pipeline.cc:623] => Image sees 86 / 213 points
I20261002 19:56:20.553662  9864 incremental_pipeline.cc:620] Registering image #28 (num_reg_frames=38)
I20261002 19:56:20.553782  9864 incremental_pipeline.cc:623] => Image sees 87 / 209 points
I20261002 19:56:20.567046  9864 incremental_pipeline.cc:620] Registering image #45 (num_reg_frames=39)
I20261002 19:56:20.567177  9864 incremental_pipeline.cc:623] => Image sees 84 / 208 points
I20261002 19:56:20.578382  9864 incremental_pipeline.cc:620] Registering image #50 (num_reg_frames=40)
I20261002 19:56:20.578573  9864 incremental_pipeline.cc:623] => Image sees 85 / 209 points
I20261002 19:56:20.591332  9864 incremental_pipeline.cc:620] Registering image #80 (num_reg_frames=41)
I20261002 19:56:20.591454  9864 incremental_pipeline.cc:623] => Image sees 85 / 194 points
I20261002 19:56:20.602507  9864 incremental_pipeline.cc:88] Retriangulation and Global bundle adjustment
I20261002 19:56:21.881506  9864 incremental_pipeline.cc:620] Registering image #60 (num_reg_frames=42)
I20261002 19:56:21.890695  9864 incremental_pipeline.cc:623] => Image sees 87 / 208 points
I20261002 19:56:21.969114  9864 incremental_pipeline.cc:620] Registering image #37 (num_reg_frames=43)
I20261002 19:56:21.969278  9864 incremental_pipeline.cc:623] => Image sees 84 / 214 points
I20261002 19:56:21.989639  9864 incremental_pipeline.cc:620] Registering image #99 (num_reg_frames=44)
I20261002 19:56:21.989820  9864 incremental_pipeline.cc:623] => Image sees 87 / 184 points
I20261002 19:56:22.002397  9864 incremental_pipeline.cc:620] Registering image #35 (num_reg_frames=45)
I20261002 19:56:22.002589  9864 incremental_pipeline.cc:623] => Image sees 95 / 219 points
I20261002 19:56:22.016724  9864 incremental_pipeline.cc:620] Registering image #59 (num_reg_frames=46)
I20261002 19:56:22.016904  9864 incremental_pipeline.cc:623] => Image sees 94 / 211 points
I20261002 19:56:22.037262  9864 incremental_pipeline.cc:620] Registering image #24 (num_reg_frames=47)
I20261002 19:56:22.037404  9864 incremental_pipeline.cc:623] => Image sees 93 / 216 points
I20261002 19:56:22.044148  9864 incremental_pipeline.cc:620] Registering image #20 (num_reg_frames=48)
I20261002 19:56:22.044276  9864 incremental_pipeline.cc:623] => Image sees 93 / 218 points
I20261002 19:56:22.052991  9864 incremental_pipeline.cc:620] Registering image #32 (num_reg_frames=49)
I20261002 19:56:22.053108  9864 incremental_pipeline.cc:623] => Image sees 94 / 218 points
I20261002 19:56:22.068259  9864 incremental_pipeline.cc:620] Registering image #65 (num_reg_frames=50)
I20261002 19:56:22.068385  9864 incremental_pipeline.cc:623] => Image sees 92 / 214 points
I20261002 19:56:22.082070  9864 incremental_pipeline.cc:620] Registering image #19 (num_reg_frames=51)
I20261002 19:56:22.082192  9864 incremental_pipeline.cc:623] => Image sees 97 / 218 points
I20261002 19:56:22.090833  9864 incremental_pipeline.cc:620] Registering image #84 (num_reg_frames=52)
I20261002 19:56:22.091054  9864 incremental_pipeline.cc:623] => Image sees 93 / 197 points
I20261002 19:56:22.105806  9864 incremental_pipeline.cc:620] Registering image #8 (num_reg_frames=53)
I20261002 19:56:22.105963  9864 incremental_pipeline.cc:623] => Image sees 97 / 193 points
I20261002 19:56:22.140824  9864 incremental_pipeline.cc:620] Registering image #10 (num_reg_frames=54)
I20261002 19:56:22.140998  9864 incremental_pipeline.cc:623] => Image sees 94 / 201 points
I20261002 19:56:22.149357  9864 incremental_pipeline.cc:620] Registering image #66 (num_reg_frames=55)
I20261002 19:56:22.149568  9864 incremental_pipeline.cc:623] => Image sees 103 / 221 points
I20261002 19:56:22.175608  9864 incremental_pipeline.cc:620] Registering image #39 (num_reg_frames=56)
I20261002 19:56:22.175768  9864 incremental_pipeline.cc:623] => Image sees 109 / 217 points
I20261002 19:56:22.199855  9864 incremental_pipeline.cc:620] Registering image #30 (num_reg_frames=57)
I20261002 19:56:22.200153  9864 incremental_pipeline.cc:623] => Image sees 104 / 210 points
I20261002 19:56:22.216880  9864 incremental_pipeline.cc:620] Registering image #46 (num_reg_frames=58)
I20261002 19:56:22.217128  9864 incremental_pipeline.cc:623] => Image sees 98 / 204 points
I20261002 19:56:22.232922  9864 incremental_pipeline.cc:88] Retriangulation and Global bundle adjustment
I20261002 19:56:23.331746  9864 incremental_pipeline.cc:620] Registering image #15 (num_reg_frames=59)
I20261002 19:56:23.340797  9864 incremental_pipeline.cc:623] => Image sees 105 / 214 points
I20261002 19:56:23.356870  9864 incremental_pipeline.cc:620] Registering image #56 (num_reg_frames=60)
I20261002 19:56:23.357096  9864 incremental_pipeline.cc:623] => Image sees 104 / 208 points
I20261002 19:56:23.378314  9864 incremental_pipeline.cc:620] Registering image #67 (num_reg_frames=61)
I20261002 19:56:23.378453  9864 incremental_pipeline.cc:623] => Image sees 101 / 210 points
I20261002 19:56:23.389391  9864 incremental_pipeline.cc:620] Registering image #11 (num_reg_frames=62)
I20261002 19:56:23.389493  9864 incremental_pipeline.cc:623] => Image sees 98 / 200 points
I20261002 19:56:23.404002  9864 incremental_pipeline.cc:620] Registering image #5 (num_reg_frames=63)
I20261002 19:56:23.404123  9864 incremental_pipeline.cc:623] => Image sees 98 / 187 points
I20261002 19:56:23.414656  9864 incremental_pipeline.cc:620] Registering image #73 (num_reg_frames=64)
I20261002 19:56:23.414851  9864 incremental_pipeline.cc:623] => Image sees 105 / 210 points
I20261002 19:56:23.436974  9864 incremental_pipeline.cc:620] Registering image #100 (num_reg_frames=65)
I20261002 19:56:23.437102  9864 incremental_pipeline.cc:623] => Image sees 106 / 181 points
I20261002 19:56:23.450755  9864 incremental_pipeline.cc:620] Registering image #69 (num_reg_frames=66)
I20261002 19:56:23.450877  9864 incremental_pipeline.cc:623] => Image sees 110 / 211 points
I20261002 19:56:23.474015  9864 incremental_pipeline.cc:620] Registering image #64 (num_reg_frames=67)
I20261002 19:56:23.474177  9864 incremental_pipeline.cc:623] => Image sees 110 / 212 points
I20261002 19:56:23.500709  9864 incremental_pipeline.cc:620] Registering image #53 (num_reg_frames=68)
I20261002 19:56:23.500827  9864 incremental_pipeline.cc:623] => Image sees 110 / 211 points
I20261002 19:56:23.530991  9864 incremental_pipeline.cc:620] Registering image #63 (num_reg_frames=69)
I20261002 19:56:23.531108  9864 incremental_pipeline.cc:623] => Image sees 117 / 213 points
I20261002 19:56:23.569114  9864 incremental_pipeline.cc:620] Registering image #72 (num_reg_frames=70)
I20261002 19:56:23.569314  9864 incremental_pipeline.cc:623] => Image sees 113 / 207 points
I20261002 19:56:23.588334  9864 incremental_pipeline.cc:620] Registering image #71 (num_reg_frames=71)
I20261002 19:56:23.588448  9864 incremental_pipeline.cc:623] => Image sees 118 / 222 points
I20261002 19:56:23.606460  9864 incremental_pipeline.cc:620] Registering image #94 (num_reg_frames=72)
I20261002 19:56:23.606649  9864 incremental_pipeline.cc:623] => Image sees 115 / 201 points
I20261002 19:56:23.619244  9864 incremental_pipeline.cc:620] Registering image #16 (num_reg_frames=73)
I20261002 19:56:23.619344  9864 incremental_pipeline.cc:623] => Image sees 114 / 218 points
I20261002 19:56:23.637919  9864 incremental_pipeline.cc:620] Registering image #87 (num_reg_frames=74)
I20261002 19:56:23.638030  9864 incremental_pipeline.cc:623] => Image sees 120 / 194 points
I20261002 19:56:23.650995  9864 incremental_pipeline.cc:620] Registering image #79 (num_reg_frames=75)
I20261002 19:56:23.651120  9864 incremental_pipeline.cc:623] => Image sees 121 / 200 points
I20261002 19:56:23.783749  9864 incremental_pipeline.cc:620] Registering image #57 (num_reg_frames=76)
I20261002 19:56:23.783948  9864 incremental_pipeline.cc:623] => Image sees 116 / 224 points
I20261002 19:56:23.821803  9864 incremental_pipeline.cc:620] Registering image #89 (num_reg_frames=77)
I20261002 19:56:23.821939  9864 incremental_pipeline.cc:623] => Image sees 117 / 197 points
I20261002 19:56:23.841635  9864 incremental_pipeline.cc:620] Registering image #18 (num_reg_frames=78)
I20261002 19:56:23.841853  9864 incremental_pipeline.cc:623] => Image sees 110 / 195 points
I20261002 19:56:23.853238  9864 incremental_pipeline.cc:620] Registering image #23 (num_reg_frames=79)
I20261002 19:56:23.853366  9864 incremental_pipeline.cc:623] => Image sees 117 / 201 points
I20261002 19:56:23.866558  9864 incremental_pipeline.cc:620] Registering image #12 (num_reg_frames=80)
I20261002 19:56:23.866665  9864 incremental_pipeline.cc:623] => Image sees 109 / 202 points
I20261002 19:56:23.882216  9864 incremental_pipeline.cc:620] Registering image #85 (num_reg_frames=81)
I20261002 19:56:23.882356  9864 incremental_pipeline.cc:623] => Image sees 119 / 192 points
I20261002 19:56:23.902111  9864 incremental_pipeline.cc:620] Registering image #96 (num_reg_frames=82)
I20261002 19:56:23.902264  9864 incremental_pipeline.cc:623] => Image sees 124 / 193 points
I20261002 19:56:23.911329  9864 incremental_pipeline.cc:88] Retriangulation and Global bundle adjustment
I20261002 19:56:28.607712  9864 incremental_pipeline.cc:620] Registering image #26 (num_reg_frames=83)
I20261002 19:56:28.616732  9864 incremental_pipeline.cc:623] => Image sees 120 / 213 points
I20261002 19:56:28.643019  9864 incremental_pipeline.cc:620] Registering image #52 (num_reg_frames=84)
I20261002 19:56:28.643153  9864 incremental_pipeline.cc:623] => Image sees 119 / 222 points
I20261002 19:56:28.690679  9864 incremental_pipeline.cc:620] Registering image #68 (num_reg_frames=85)
I20261002 19:56:28.690894  9864 incremental_pipeline.cc:623] => Image sees 117 / 214 points
I20261002 19:56:28.706704  9864 incremental_pipeline.cc:620] Registering image #29 (num_reg_frames=86)
I20261002 19:56:28.706852  9864 incremental_pipeline.cc:623] => Image sees 120 / 211 points
I20261002 19:56:28.725239  9864 incremental_pipeline.cc:620] Registering image #27 (num_reg_frames=87)
I20261002 19:56:28.725384  9864 incremental_pipeline.cc:623] => Image sees 120 / 203 points
I20261002 19:56:28.736989  9864 incremental_pipeline.cc:620] Registering image #17 (num_reg_frames=88)
I20261002 19:56:28.737109  9864 incremental_pipeline.cc:623] => Image sees 120 / 206 points
I20261002 19:56:28.749293  9864 incremental_pipeline.cc:620] Registering image #77 (num_reg_frames=89)
I20261002 19:56:28.749408  9864 incremental_pipeline.cc:623] => Image sees 116 / 203 points
I20261002 19:56:28.772594  9864 incremental_pipeline.cc:620] Registering image #25 (num_reg_frames=90)
I20261002 19:56:28.772720  9864 incremental_pipeline.cc:623] => Image sees 119 / 215 points
I20261002 19:56:28.792251  9864 incremental_pipeline.cc:620] Registering image #36 (num_reg_frames=91)
I20261002 19:56:28.792423  9864 incremental_pipeline.cc:623] => Image sees 120 / 209 points
I20261002 19:56:28.807810  9864 incremental_pipeline.cc:620] Registering image #75 (num_reg_frames=92)
I20261002 19:56:28.808027  9864 incremental_pipeline.cc:623] => Image sees 117 / 202 points
I20261002 19:56:28.835427  9864 incremental_pipeline.cc:620] Registering image #86 (num_reg_frames=93)
I20261002 19:56:28.835570  9864 incremental_pipeline.cc:623] => Image sees 118 / 194 points
I20261002 19:56:28.854344  9864 incremental_pipeline.cc:620] Registering image #31 (num_reg_frames=94)
I20261002 19:56:28.854477  9864 incremental_pipeline.cc:623] => Image sees 119 / 216 points
I20261002 19:56:29.094106  9864 incremental_pipeline.cc:620] Registering image #91 (num_reg_frames=95)
I20261002 19:56:29.103191  9864 incremental_pipeline.cc:623] => Image sees 121 / 179 points
I20261002 19:56:29.123099  9864 incremental_pipeline.cc:620] Registering image #34 (num_reg_frames=96)
I20261002 19:56:29.123226  9864 incremental_pipeline.cc:623] => Image sees 120 / 213 points
I20261002 19:56:29.168917  9864 incremental_pipeline.cc:620] Registering image #41 (num_reg_frames=97)
I20261002 19:56:29.169073  9864 incremental_pipeline.cc:623] => Image sees 111 / 201 points
I20261002 19:56:29.206102  9864 incremental_pipeline.cc:620] Registering image #62 (num_reg_frames=98)
I20261002 19:56:29.206267  9864 incremental_pipeline.cc:623] => Image sees 117 / 212 points
I20261002 19:56:29.232098  9864 incremental_pipeline.cc:620] Registering image #101 (num_reg_frames=99)
I20261002 19:56:29.232288  9864 incremental_pipeline.cc:623] => Image sees 120 / 169 points
I20261002 19:56:29.304777  9864 incremental_pipeline.cc:620] Registering image #104 (num_reg_frames=100)
I20261002 19:56:29.304968  9864 incremental_pipeline.cc:623] => Image sees 124 / 177 points
I20261002 19:56:29.322003  9864 incremental_pipeline.cc:620] Registering image #7 (num_reg_frames=101)
I20261002 19:56:29.322247  9864 incremental_pipeline.cc:623] => Image sees 111 / 179 points
I20261002 19:56:29.335463  9864 incremental_pipeline.cc:620] Registering image #1 (num_reg_frames=102)
I20261002 19:56:29.335665  9864 incremental_pipeline.cc:623] => Image sees 113 / 187 points
I20261002 19:56:29.347517  9864 incremental_pipeline.cc:620] Registering image #97 (num_reg_frames=103)
I20261002 19:56:29.347760  9864 incremental_pipeline.cc:623] => Image sees 123 / 176 points
I20261002 19:56:29.371658  9864 incremental_pipeline.cc:620] Registering image #2 (num_reg_frames=104)
I20261002 19:56:29.372028  9864 incremental_pipeline.cc:623] => Image sees 115 / 195 points
I20261002 19:56:29.474319  9864 incremental_pipeline.cc:620] Registering image #6 (num_reg_frames=105)
I20261002 19:56:29.474492  9864 incremental_pipeline.cc:623] => Image sees 112 / 189 points
I20261002 19:56:29.489078  9864 incremental_pipeline.cc:620] Registering image #13 (num_reg_frames=106)
I20261002 19:56:29.489199  9864 incremental_pipeline.cc:623] => Image sees 114 / 187 points
I20261002 19:56:29.513227  9864 incremental_pipeline.cc:620] Registering image #14 (num_reg_frames=107)
I20261002 19:56:29.513390  9864 incremental_pipeline.cc:623] => Image sees 114 / 201 points
I20261002 19:56:29.546416  9864 incremental_pipeline.cc:620] Registering image #4 (num_reg_frames=108)
I20261002 19:56:29.546560  9864 incremental_pipeline.cc:623] => Image sees 111 / 170 points
I20261002 19:56:29.560380  9864 incremental_pipeline.cc:620] Registering image #44 (num_reg_frames=109)
I20261002 19:56:29.560513  9864 incremental_pipeline.cc:623] => Image sees 124 / 203 points
I20261002 19:56:29.598016  9864 incremental_pipeline.cc:620] Registering image #9 (num_reg_frames=110)
I20261002 19:56:29.598193  9864 incremental_pipeline.cc:623] => Image sees 115 / 188 points
I20261002 19:56:29.616075  9864 incremental_pipeline.cc:620] Registering image #3 (num_reg_frames=111)
I20261002 19:56:29.616200  9864 incremental_pipeline.cc:623] => Image sees 113 / 174 points
I20261002 19:56:29.633980  9864 incremental_pipeline.cc:620] Registering image #102 (num_reg_frames=112)
I20261002 19:56:29.634206  9864 incremental_pipeline.cc:623] => Image sees 117 / 156 points
I20261002 19:56:29.647660  9864 incremental_pipeline.cc:620] Registering image #103 (num_reg_frames=113)
I20261002 19:56:29.647801  9864 incremental_pipeline.cc:623] => Image sees 116 / 159 points
I20261002 19:56:29.659887  9864 incremental_pipeline.cc:620] Registering image #109 (num_reg_frames=114)
I20261002 19:56:29.660088  9864 incremental_pipeline.cc:623] => Image sees 108 / 163 points
I20261002 19:56:29.672278  9864 incremental_pipeline.cc:620] Registering image #108 (num_reg_frames=115)
I20261002 19:56:29.672420  9864 incremental_pipeline.cc:623] => Image sees 123 / 155 points
I20261002 19:56:29.683414  9864 incremental_pipeline.cc:620] Registering image #107 (num_reg_frames=116)
I20261002 19:56:29.683832  9864 incremental_pipeline.cc:623] => Image sees 121 / 153 points
I20261002 19:56:29.692748  9864 incremental_pipeline.cc:88] Retriangulation and Global bundle adjustment
I20261002 19:56:51.188682  9864 incremental_pipeline.cc:620] Registering image #105 (num_reg_frames=117)
I20261002 19:56:51.197805  9864 incremental_pipeline.cc:623] => Image sees 122 / 148 points
I20261002 19:56:51.208435  9864 incremental_pipeline.cc:620] Registering image #112 (num_reg_frames=118)
I20261002 19:56:51.208558  9864 incremental_pipeline.cc:623] => Image sees 123 / 154 points
I20261002 19:56:51.219751  9864 incremental_pipeline.cc:88] Retriangulation and Global bundle adjustment
I20261002 19:57:02.071685  9864 incremental_pipeline.cc:826] Keeping successful reconstruction
I20261002 19:57:02.072760  9864 incremental_pipeline.cc:465] Finding good initial image pair
I20261002 19:57:02.081686  9864 incremental_pipeline.cc:472] => No good initial image pair found.
I20261002 19:57:02.081850  9864 incremental_pipeline.cc:800] Discarding reconstruction due to no initial pair
I20261002 19:57:02.082069  9864 incremental_pipeline.cc:429] => Relaxing the initialization constraints.
I20261002 19:57:02.082625  9864 incremental_pipeline.cc:465] Finding good initial image pair
I20261002 19:57:02.091198  9864 incremental_pipeline.cc:472] => No good initial image pair found.
I20261002 19:57:02.093142  9864 incremental_pipeline.cc:800] Discarding reconstruction due to no initial pair
I20261002 19:57:02.093988  9864 incremental_pipeline.cc:442] => Relaxing the initialization constraints.
I20261002 19:57:02.094861  9864 incremental_pipeline.cc:465] Finding good initial image pair
I20261002 19:57:02.100416  9864 incremental_pipeline.cc:492] Registering initial image pair #114 and #128
I20261002 19:57:02.100888  9864 incremental_pipeline.cc:510] Global bundle adjustment
I20261002 19:57:02.103776  9864 incremental_pipeline.cc:791] Discarding reconstruction due to bad initial pair
I20261002 19:57:02.105409  9864 incremental_pipeline.cc:465] Finding good initial image pair
I20261002 19:57:02.111084  9864 incremental_pipeline.cc:492] Registering initial image pair #129 and #124
I20261002 19:57:02.111624  9864 incremental_pipeline.cc:510] Global bundle adjustment
I20261002 19:57:02.118831  9864 incremental_pipeline.cc:620] Registering image #127 (num_reg_frames=2)
I20261002 19:57:02.118930  9864 incremental_pipeline.cc:623] => Image sees 64 / 123 points
I20261002 19:57:02.121427  9864 incremental_pipeline.cc:88] Retriangulation and Global bundle adjustment
I20261002 19:57:02.123288  9864 incremental_pipeline.cc:620] Registering image #125 (num_reg_frames=3)
I20261002 19:57:02.123384  9864 incremental_pipeline.cc:623] => Image sees 81 / 125 points
I20261002 19:57:02.126048  9864 incremental_pipeline.cc:620] Registering image #123 (num_reg_frames=4)
I20261002 19:57:02.126148  9864 incremental_pipeline.cc:623] => Image sees 77 / 134 points
I20261002 19:57:02.127902  9864 incremental_pipeline.cc:88] Retriangulation and Global bundle adjustment
W20261002 19:57:02.141415  9864 bundle_adjustment_ceres.cc:391] Failed to fix Gauge with two cameras. Falling back to fixing Gauge with three points.
W20261002 19:57:02.141580  9864 bundle_adjustment_ceres.cc:298] Failed to fix Gauge due to insufficient number of fixed points: 0
I20261002 19:57:02.142891  9864 incremental_pipeline.cc:88] Retriangulation and Global bundle adjustment
W20261002 19:57:02.144440  9864 bundle_adjustment_ceres.cc:391] Failed to fix Gauge with two cameras. Falling back to fixing Gauge with three points.
W20261002 19:57:02.144572  9864 bundle_adjustment_ceres.cc:298] Failed to fix Gauge due to insufficient number of fixed points: 0
W20261002 19:57:02.144658  9864 incremental_pipeline.cc:821] Discarding reconstruction due to insufficient size
I20261002 19:57:02.146144  9864 incremental_pipeline.cc:465] Finding good initial image pair
I20261002 19:57:02.148372  9864 incremental_pipeline.cc:472] => No good initial image pair found.
I20261002 19:57:02.148474  9864 incremental_pipeline.cc:800] Discarding reconstruction due to no initial pair
I20261002 19:57:02.148628  9864 timer.cc:90] Elapsed time: 0.749 [minutes]
