I20261002 17:35:02.466068 129216368604864 feature_extraction.cc:498] === Feature extraction ===
I20261002 17:35:02.466684 129216104363712 sift.cc:764] Creating SIFT CPU feature extractor
I20261002 17:35:02.466904 129216062400192 sift.cc:764] Creating SIFT CPU feature extractor
I20261002 17:35:02.466796 129216079185600 sift.cc:764] Creating SIFT CPU feature extractor
I20261002 17:35:02.466796 129216087578304 sift.cc:764] Creating SIFT CPU feature extractor
I20261002 17:35:02.466826 129216070792896 sift.cc:764] Creating SIFT CPU feature extractor
I20261002 17:35:02.466778 129216095971008 sift.cc:764] Creating SIFT CPU feature extractor
I20261002 17:35:02.561782 129216054007488 feature_extraction.cc:270] Processed file [1/96]
I20261002 17:35:02.562352 129216054007488 feature_extraction.cc:273]   Name:            0000.png
I20261002 17:35:02.562486 129216054007488 feature_extraction.cc:282]   Dimensions:      256 x 256
I20261002 17:35:02.562585 129216054007488 feature_extraction.cc:285]   Camera:          #1 - PINHOLE
I20261002 17:35:02.562678 129216054007488 feature_extraction.cc:289]   Focal Length:    307.20px
I20261002 17:35:02.562830 129216054007488 feature_extraction.cc:294]   Features:        31 (SIFT)
I20261002 17:35:02.563079 129216054007488 feature_extraction.cc:297]   Mask:            Yes
I20261002 17:35:02.583556 129216054007488 feature_extraction.cc:270] Processed file [2/96]
I20261002 17:35:02.583681 129216054007488 feature_extraction.cc:273]   Name:            0001.png
I20261002 17:35:02.583800 129216054007488 feature_extraction.cc:282]   Dimensions:      256 x 256
I20261002 17:35:02.583996 129216054007488 feature_extraction.cc:285]   Camera:          #1 - PINHOLE
I20261002 17:35:02.584080 129216054007488 feature_extraction.cc:289]   Focal Length:    307.20px
I20261002 17:35:02.584165 129216054007488 feature_extraction.cc:294]   Features:        32 (SIFT)
I20261002 17:35:02.584240 129216054007488 feature_extraction.cc:297]   Mask:            Yes
I20261002 17:35:02.600780 129216054007488 feature_extraction.cc:270] Processed file [3/96]
I20261002 17:35:02.601168 129216054007488 feature_extraction.cc:273]   Name:            0002.png
I20261002 17:35:02.601335 129216054007488 feature_extraction.cc:282]   Dimensions:      256 x 256
I20261002 17:35:02.601502 129216054007488 feature_extraction.cc:285]   Camera:          #1 - PINHOLE
I20261002 17:35:02.601610 129216054007488 feature_extraction.cc:289]   Focal Length:    307.20px
I20261002 17:35:02.601748 129216054007488 feature_extraction.cc:294]   Features:        30 (SIFT)
I20261002 17:35:02.601836 129216054007488 feature_extraction.cc:297]   Mask:            Yes
I20261002 17:35:02.615754 129216054007488 feature_extraction.cc:270] Processed file [4/96]
I20261002 17:35:02.615865 129216054007488 feature_extraction.cc:273]   Name:            0003.png
I20261002 17:35:02.615971 129216054007488 feature_extraction.cc:282]   Dimensions:      256 x 256
I20261002 17:35:02.616076 129216054007488 feature_extraction.cc:285]   Camera:          #1 - PINHOLE
I20261002 17:35:02.616165 129216054007488 feature_extraction.cc:289]   Focal Length:    307.20px
I20261002 17:35:02.616250 129216054007488 feature_extraction.cc:294]   Features:        33 (SIFT)
I20261002 17:35:02.616329 129216054007488 feature_extraction.cc:297]   Mask:            Yes
I20261002 17:35:02.630297 129216054007488 feature_extraction.cc:270] Processed file [5/96]
I20261002 17:35:02.630414 129216054007488 feature_extraction.cc:273]   Name:            0004.png
I20261002 17:35:02.630645 129216054007488 feature_extraction.cc:282]   Dimensions:      256 x 256
I20261002 17:35:02.631292 129216054007488 feature_extraction.cc:285]   Camera:          #1 - PINHOLE
I20261002 17:35:02.631596 129216054007488 feature_extraction.cc:289]   Focal Length:    307.20px
I20261002 17:35:02.631704 129216054007488 feature_extraction.cc:294]   Features:        30 (SIFT)
I20261002 17:35:02.631844 129216054007488 feature_extraction.cc:297]   Mask:            Yes
I20261002 17:35:02.645956 129216054007488 feature_extraction.cc:270] Processed file [6/96]
I20261002 17:35:02.646101 129216054007488 feature_extraction.cc:273]   Name:            0005.png
I20261002 17:35:02.646223 129216054007488 feature_extraction.cc:282]   Dimensions:      256 x 256
I20261002 17:35:02.646393 129216054007488 feature_extraction.cc:285]   Camera:          #1 - PINHOLE
I20261002 17:35:02.646494 129216054007488 feature_extraction.cc:289]   Focal Length:    307.20px
I20261002 17:35:02.646610 129216054007488 feature_extraction.cc:294]   Features:        39 (SIFT)
I20261002 17:35:02.646706 129216054007488 feature_extraction.cc:297]   Mask:            Yes
I20261002 17:35:02.662856 129216054007488 feature_extraction.cc:270] Processed file [7/96]
I20261002 17:35:02.662980 129216054007488 feature_extraction.cc:273]   Name:            0006.png
I20261002 17:35:02.663075 129216054007488 feature_extraction.cc:282]   Dimensions:      256 x 256
I20261002 17:35:02.663158 129216054007488 feature_extraction.cc:285]   Camera:          #1 - PINHOLE
I20261002 17:35:02.663235 129216054007488 feature_extraction.cc:289]   Focal Length:    307.20px
I20261002 17:35:02.663337 129216054007488 feature_extraction.cc:294]   Features:        35 (SIFT)
I20261002 17:35:02.663409 129216054007488 feature_extraction.cc:297]   Mask:            Yes
I20261002 17:35:02.677349 129216054007488 feature_extraction.cc:270] Processed file [8/96]
I20261002 17:35:02.677485 129216054007488 feature_extraction.cc:273]   Name:            0007.png
I20261002 17:35:02.677583 129216054007488 feature_extraction.cc:282]   Dimensions:      256 x 256
I20261002 17:35:02.677677 129216054007488 feature_extraction.cc:285]   Camera:          #1 - PINHOLE
I20261002 17:35:02.677780 129216054007488 feature_extraction.cc:289]   Focal Length:    307.20px
I20261002 17:35:02.677856 129216054007488 feature_extraction.cc:294]   Features:        30 (SIFT)
I20261002 17:35:02.677951 129216054007488 feature_extraction.cc:297]   Mask:            Yes
I20261002 17:35:02.691021 129216054007488 feature_extraction.cc:270] Processed file [9/96]
I20261002 17:35:02.691137 129216054007488 feature_extraction.cc:273]   Name:            0008.png
I20261002 17:35:02.691227 129216054007488 feature_extraction.cc:282]   Dimensions:      256 x 256
I20261002 17:35:02.691333 129216054007488 feature_extraction.cc:285]   Camera:          #1 - PINHOLE
I20261002 17:35:02.691433 129216054007488 feature_extraction.cc:289]   Focal Length:    307.20px
I20261002 17:35:02.691514 129216054007488 feature_extraction.cc:294]   Features:        39 (SIFT)
I20261002 17:35:02.691620 129216054007488 feature_extraction.cc:297]   Mask:            Yes
I20261002 17:35:02.706243 129216054007488 feature_extraction.cc:270] Processed file [10/96]
I20261002 17:35:02.706352 129216054007488 feature_extraction.cc:273]   Name:            0009.png
I20261002 17:35:02.706450 129216054007488 feature_extraction.cc:282]   Dimensions:      256 x 256
I20261002 17:35:02.706551 129216054007488 feature_extraction.cc:285]   Camera:          #1 - PINHOLE
I20261002 17:35:02.706659 129216054007488 feature_extraction.cc:289]   Focal Length:    307.20px
I20261002 17:35:02.706760 129216054007488 feature_extraction.cc:294]   Features:        38 (SIFT)
I20261002 17:35:02.707522 129216054007488 feature_extraction.cc:297]   Mask:            Yes
I20261002 17:35:02.725472 129216054007488 feature_extraction.cc:270] Processed file [11/96]
I20261002 17:35:02.725787 129216054007488 feature_extraction.cc:273]   Name:            0010.png
I20261002 17:35:02.725939 129216054007488 feature_extraction.cc:282]   Dimensions:      256 x 256
I20261002 17:35:02.726077 129216054007488 feature_extraction.cc:285]   Camera:          #1 - PINHOLE
I20261002 17:35:02.726202 129216054007488 feature_extraction.cc:289]   Focal Length:    307.20px
I20261002 17:35:02.726383 129216054007488 feature_extraction.cc:294]   Features:        33 (SIFT)
I20261002 17:35:02.726506 129216054007488 feature_extraction.cc:297]   Mask:            Yes
I20261002 17:35:02.742997 129216054007488 feature_extraction.cc:270] Processed file [12/96]
I20261002 17:35:02.743118 129216054007488 feature_extraction.cc:273]   Name:            0011.png
I20261002 17:35:02.743214 129216054007488 feature_extraction.cc:282]   Dimensions:      256 x 256
I20261002 17:35:02.743335 129216054007488 feature_extraction.cc:285]   Camera:          #1 - PINHOLE
I20261002 17:35:02.743418 129216054007488 feature_extraction.cc:289]   Focal Length:    307.20px
I20261002 17:35:02.743512 129216054007488 feature_extraction.cc:294]   Features:        34 (SIFT)
I20261002 17:35:02.743591 129216054007488 feature_extraction.cc:297]   Mask:            Yes
I20261002 17:35:02.758372 129216054007488 feature_extraction.cc:270] Processed file [13/96]
I20261002 17:35:02.758476 129216054007488 feature_extraction.cc:273]   Name:            0012.png
I20261002 17:35:02.758608 129216054007488 feature_extraction.cc:282]   Dimensions:      256 x 256
I20261002 17:35:02.758702 129216054007488 feature_extraction.cc:285]   Camera:          #1 - PINHOLE
I20261002 17:35:02.759107 129216054007488 feature_extraction.cc:289]   Focal Length:    307.20px
I20261002 17:35:02.759217 129216054007488 feature_extraction.cc:294]   Features:        46 (SIFT)
I20261002 17:35:02.759320 129216054007488 feature_extraction.cc:297]   Mask:            Yes
I20261002 17:35:02.773720 129216054007488 feature_extraction.cc:270] Processed file [14/96]
I20261002 17:35:02.773843 129216054007488 feature_extraction.cc:273]   Name:            0013.png
I20261002 17:35:02.773943 129216054007488 feature_extraction.cc:282]   Dimensions:      256 x 256
I20261002 17:35:02.774035 129216054007488 feature_extraction.cc:285]   Camera:          #1 - PINHOLE
I20261002 17:35:02.774124 129216054007488 feature_extraction.cc:289]   Focal Length:    307.20px
I20261002 17:35:02.774210 129216054007488 feature_extraction.cc:294]   Features:        37 (SIFT)
I20261002 17:35:02.774288 129216054007488 feature_extraction.cc:297]   Mask:            Yes
I20261002 17:35:02.788991 129216054007488 feature_extraction.cc:270] Processed file [15/96]
I20261002 17:35:02.789506 129216054007488 feature_extraction.cc:273]   Name:            0014.png
I20261002 17:35:02.789779 129216054007488 feature_extraction.cc:282]   Dimensions:      256 x 256
I20261002 17:35:02.789943 129216054007488 feature_extraction.cc:285]   Camera:          #1 - PINHOLE
I20261002 17:35:02.790041 129216054007488 feature_extraction.cc:289]   Focal Length:    307.20px
I20261002 17:35:02.790194 129216054007488 feature_extraction.cc:294]   Features:        42 (SIFT)
I20261002 17:35:02.790327 129216054007488 feature_extraction.cc:297]   Mask:            Yes
I20261002 17:35:02.805124 129216054007488 feature_extraction.cc:270] Processed file [16/96]
I20261002 17:35:02.805242 129216054007488 feature_extraction.cc:273]   Name:            0015.png
I20261002 17:35:02.805332 129216054007488 feature_extraction.cc:282]   Dimensions:      256 x 256
I20261002 17:35:02.805417 129216054007488 feature_extraction.cc:285]   Camera:          #1 - PINHOLE
I20261002 17:35:02.805509 129216054007488 feature_extraction.cc:289]   Focal Length:    307.20px
I20261002 17:35:02.805613 129216054007488 feature_extraction.cc:294]   Features:        46 (SIFT)
I20261002 17:35:02.805709 129216054007488 feature_extraction.cc:297]   Mask:            Yes
I20261002 17:35:02.819302 129216054007488 feature_extraction.cc:270] Processed file [17/96]
I20261002 17:35:02.819417 129216054007488 feature_extraction.cc:273]   Name:            0016.png
I20261002 17:35:02.819526 129216054007488 feature_extraction.cc:282]   Dimensions:      256 x 256
I20261002 17:35:02.819664 129216054007488 feature_extraction.cc:285]   Camera:          #1 - PINHOLE
I20261002 17:35:02.819753 129216054007488 feature_extraction.cc:289]   Focal Length:    307.20px
I20261002 17:35:02.819832 129216054007488 feature_extraction.cc:294]   Features:        55 (SIFT)
I20261002 17:35:02.819925 129216054007488 feature_extraction.cc:297]   Mask:            Yes
I20261002 17:35:02.834511 129216054007488 feature_extraction.cc:270] Processed file [18/96]
I20261002 17:35:02.834614 129216054007488 feature_extraction.cc:273]   Name:            0017.png
I20261002 17:35:02.834701 129216054007488 feature_extraction.cc:282]   Dimensions:      256 x 256
I20261002 17:35:02.834831 129216054007488 feature_extraction.cc:285]   Camera:          #1 - PINHOLE
I20261002 17:35:02.834906 129216054007488 feature_extraction.cc:289]   Focal Length:    307.20px
I20261002 17:35:02.835018 129216054007488 feature_extraction.cc:294]   Features:        43 (SIFT)
I20261002 17:35:02.835107 129216054007488 feature_extraction.cc:297]   Mask:            Yes
I20261002 17:35:02.852393 129216054007488 feature_extraction.cc:270] Processed file [19/96]
I20261002 17:35:02.852514 129216054007488 feature_extraction.cc:273]   Name:            0018.png
I20261002 17:35:02.852614 129216054007488 feature_extraction.cc:282]   Dimensions:      256 x 256
I20261002 17:35:02.852724 129216054007488 feature_extraction.cc:285]   Camera:          #1 - PINHOLE
I20261002 17:35:02.852819 129216054007488 feature_extraction.cc:289]   Focal Length:    307.20px
I20261002 17:35:02.852909 129216054007488 feature_extraction.cc:294]   Features:        41 (SIFT)
I20261002 17:35:02.852996 129216054007488 feature_extraction.cc:297]   Mask:            Yes
I20261002 17:35:02.868781 129216054007488 feature_extraction.cc:270] Processed file [20/96]
I20261002 17:35:02.868891 129216054007488 feature_extraction.cc:273]   Name:            0019.png
I20261002 17:35:02.868995 129216054007488 feature_extraction.cc:282]   Dimensions:      256 x 256
I20261002 17:35:02.869094 129216054007488 feature_extraction.cc:285]   Camera:          #1 - PINHOLE
I20261002 17:35:02.869170 129216054007488 feature_extraction.cc:289]   Focal Length:    307.20px
I20261002 17:35:02.869256 129216054007488 feature_extraction.cc:294]   Features:        39 (SIFT)
I20261002 17:35:02.869352 129216054007488 feature_extraction.cc:297]   Mask:            Yes
I20261002 17:35:02.882701 129216054007488 feature_extraction.cc:270] Processed file [21/96]
I20261002 17:35:02.882830 129216054007488 feature_extraction.cc:273]   Name:            0020.png
I20261002 17:35:02.882922 129216054007488 feature_extraction.cc:282]   Dimensions:      256 x 256
I20261002 17:35:02.883025 129216054007488 feature_extraction.cc:285]   Camera:          #1 - PINHOLE
I20261002 17:35:02.883111 129216054007488 feature_extraction.cc:289]   Focal Length:    307.20px
I20261002 17:35:02.883180 129216054007488 feature_extraction.cc:294]   Features:        30 (SIFT)
I20261002 17:35:02.883258 129216054007488 feature_extraction.cc:297]   Mask:            Yes
I20261002 17:35:02.898905 129216054007488 feature_extraction.cc:270] Processed file [22/96]
I20261002 17:35:02.899027 129216054007488 feature_extraction.cc:273]   Name:            0021.png
I20261002 17:35:02.899124 129216054007488 feature_extraction.cc:282]   Dimensions:      256 x 256
I20261002 17:35:02.899229 129216054007488 feature_extraction.cc:285]   Camera:          #1 - PINHOLE
I20261002 17:35:02.899322 129216054007488 feature_extraction.cc:289]   Focal Length:    307.20px
I20261002 17:35:02.899402 129216054007488 feature_extraction.cc:294]   Features:        39 (SIFT)
I20261002 17:35:02.899473 129216054007488 feature_extraction.cc:297]   Mask:            Yes
I20261002 17:35:02.913697 129216054007488 feature_extraction.cc:270] Processed file [23/96]
I20261002 17:35:02.913825 129216054007488 feature_extraction.cc:273]   Name:            0022.png
I20261002 17:35:02.913945 129216054007488 feature_extraction.cc:282]   Dimensions:      256 x 256
I20261002 17:35:02.914043 129216054007488 feature_extraction.cc:285]   Camera:          #1 - PINHOLE
I20261002 17:35:02.914129 129216054007488 feature_extraction.cc:289]   Focal Length:    307.20px
I20261002 17:35:02.914206 129216054007488 feature_extraction.cc:294]   Features:        39 (SIFT)
I20261002 17:35:02.914277 129216054007488 feature_extraction.cc:297]   Mask:            Yes
I20261002 17:35:02.932199 129216054007488 feature_extraction.cc:270] Processed file [24/96]
I20261002 17:35:02.932306 129216054007488 feature_extraction.cc:273]   Name:            0023.png
I20261002 17:35:02.932378 129216054007488 feature_extraction.cc:282]   Dimensions:      256 x 256
I20261002 17:35:02.932477 129216054007488 feature_extraction.cc:285]   Camera:          #1 - PINHOLE
I20261002 17:35:02.932574 129216054007488 feature_extraction.cc:289]   Focal Length:    307.20px
I20261002 17:35:02.932680 129216054007488 feature_extraction.cc:294]   Features:        39 (SIFT)
I20261002 17:35:02.932759 129216054007488 feature_extraction.cc:297]   Mask:            Yes
I20261002 17:35:02.947180 129216054007488 feature_extraction.cc:270] Processed file [25/96]
I20261002 17:35:02.947299 129216054007488 feature_extraction.cc:273]   Name:            0024.png
I20261002 17:35:02.947386 129216054007488 feature_extraction.cc:282]   Dimensions:      256 x 256
I20261002 17:35:02.947465 129216054007488 feature_extraction.cc:285]   Camera:          #1 - PINHOLE
I20261002 17:35:02.947541 129216054007488 feature_extraction.cc:289]   Focal Length:    307.20px
I20261002 17:35:02.947628 129216054007488 feature_extraction.cc:294]   Features:        46 (SIFT)
I20261002 17:35:02.947713 129216054007488 feature_extraction.cc:297]   Mask:            Yes
I20261002 17:35:02.963789 129216054007488 feature_extraction.cc:270] Processed file [26/96]
I20261002 17:35:02.963952 129216054007488 feature_extraction.cc:273]   Name:            0025.png
I20261002 17:35:02.964060 129216054007488 feature_extraction.cc:282]   Dimensions:      256 x 256
I20261002 17:35:02.964800 129216054007488 feature_extraction.cc:285]   Camera:          #1 - PINHOLE
I20261002 17:35:02.965230 129216054007488 feature_extraction.cc:289]   Focal Length:    307.20px
I20261002 17:35:02.965539 129216054007488 feature_extraction.cc:294]   Features:        42 (SIFT)
I20261002 17:35:02.965685 129216054007488 feature_extraction.cc:297]   Mask:            Yes
I20261002 17:35:02.980608 129216054007488 feature_extraction.cc:270] Processed file [27/96]
I20261002 17:35:02.980716 129216054007488 feature_extraction.cc:273]   Name:            0026.png
I20261002 17:35:02.980803 129216054007488 feature_extraction.cc:282]   Dimensions:      256 x 256
I20261002 17:35:02.980892 129216054007488 feature_extraction.cc:285]   Camera:          #1 - PINHOLE
I20261002 17:35:02.980981 129216054007488 feature_extraction.cc:289]   Focal Length:    307.20px
I20261002 17:35:02.981085 129216054007488 feature_extraction.cc:294]   Features:        40 (SIFT)
I20261002 17:35:02.981173 129216054007488 feature_extraction.cc:297]   Mask:            Yes
I20261002 17:35:03.006590 129216054007488 feature_extraction.cc:270] Processed file [28/96]
I20261002 17:35:03.006728 129216054007488 feature_extraction.cc:273]   Name:            0027.png
I20261002 17:35:03.006833 129216054007488 feature_extraction.cc:282]   Dimensions:      256 x 256
I20261002 17:35:03.006955 129216054007488 feature_extraction.cc:285]   Camera:          #1 - PINHOLE
I20261002 17:35:03.007071 129216054007488 feature_extraction.cc:289]   Focal Length:    307.20px
I20261002 17:35:03.007157 129216054007488 feature_extraction.cc:294]   Features:        39 (SIFT)
I20261002 17:35:03.007248 129216054007488 feature_extraction.cc:297]   Mask:            Yes
I20261002 17:35:03.021220 129216054007488 feature_extraction.cc:270] Processed file [29/96]
I20261002 17:35:03.021344 129216054007488 feature_extraction.cc:273]   Name:            0028.png
I20261002 17:35:03.021450 129216054007488 feature_extraction.cc:282]   Dimensions:      256 x 256
I20261002 17:35:03.021550 129216054007488 feature_extraction.cc:285]   Camera:          #1 - PINHOLE
I20261002 17:35:03.021640 129216054007488 feature_extraction.cc:289]   Focal Length:    307.20px
I20261002 17:35:03.021713 129216054007488 feature_extraction.cc:294]   Features:        44 (SIFT)
I20261002 17:35:03.021794 129216054007488 feature_extraction.cc:297]   Mask:            Yes
I20261002 17:35:03.037526 129216054007488 feature_extraction.cc:270] Processed file [30/96]
I20261002 17:35:03.037642 129216054007488 feature_extraction.cc:273]   Name:            0029.png
I20261002 17:35:03.037751 129216054007488 feature_extraction.cc:282]   Dimensions:      256 x 256
I20261002 17:35:03.037866 129216054007488 feature_extraction.cc:285]   Camera:          #1 - PINHOLE
I20261002 17:35:03.037995 129216054007488 feature_extraction.cc:289]   Focal Length:    307.20px
I20261002 17:35:03.038189 129216054007488 feature_extraction.cc:294]   Features:        40 (SIFT)
I20261002 17:35:03.038280 129216054007488 feature_extraction.cc:297]   Mask:            Yes
I20261002 17:35:03.051778 129216054007488 feature_extraction.cc:270] Processed file [31/96]
I20261002 17:35:03.051891 129216054007488 feature_extraction.cc:273]   Name:            0030.png
I20261002 17:35:03.052006 129216054007488 feature_extraction.cc:282]   Dimensions:      256 x 256
I20261002 17:35:03.052098 129216054007488 feature_extraction.cc:285]   Camera:          #1 - PINHOLE
I20261002 17:35:03.052176 129216054007488 feature_extraction.cc:289]   Focal Length:    307.20px
I20261002 17:35:03.052264 129216054007488 feature_extraction.cc:294]   Features:        50 (SIFT)
I20261002 17:35:03.052360 129216054007488 feature_extraction.cc:297]   Mask:            Yes
I20261002 17:35:03.066149 129216054007488 feature_extraction.cc:270] Processed file [32/96]
I20261002 17:35:03.066282 129216054007488 feature_extraction.cc:273]   Name:            0031.png
I20261002 17:35:03.066398 129216054007488 feature_extraction.cc:282]   Dimensions:      256 x 256
I20261002 17:35:03.066509 129216054007488 feature_extraction.cc:285]   Camera:          #1 - PINHOLE
I20261002 17:35:03.066603 129216054007488 feature_extraction.cc:289]   Focal Length:    307.20px
I20261002 17:35:03.066704 129216054007488 feature_extraction.cc:294]   Features:        57 (SIFT)
I20261002 17:35:03.066807 129216054007488 feature_extraction.cc:297]   Mask:            Yes
I20261002 17:35:03.081859 129216054007488 feature_extraction.cc:270] Processed file [33/96]
I20261002 17:35:03.081982 129216054007488 feature_extraction.cc:273]   Name:            0032.png
I20261002 17:35:03.082084 129216054007488 feature_extraction.cc:282]   Dimensions:      256 x 256
I20261002 17:35:03.082177 129216054007488 feature_extraction.cc:285]   Camera:          #1 - PINHOLE
I20261002 17:35:03.082269 129216054007488 feature_extraction.cc:289]   Focal Length:    307.20px
I20261002 17:35:03.082347 129216054007488 feature_extraction.cc:294]   Features:        50 (SIFT)
I20261002 17:35:03.082422 129216054007488 feature_extraction.cc:297]   Mask:            Yes
I20261002 17:35:03.101390 129216054007488 feature_extraction.cc:270] Processed file [34/96]
I20261002 17:35:03.101532 129216054007488 feature_extraction.cc:273]   Name:            0033.png
I20261002 17:35:03.101653 129216054007488 feature_extraction.cc:282]   Dimensions:      256 x 256
I20261002 17:35:03.101765 129216054007488 feature_extraction.cc:285]   Camera:          #1 - PINHOLE
I20261002 17:35:03.101884 129216054007488 feature_extraction.cc:289]   Focal Length:    307.20px
I20261002 17:35:03.101988 129216054007488 feature_extraction.cc:294]   Features:        35 (SIFT)
I20261002 17:35:03.102095 129216054007488 feature_extraction.cc:297]   Mask:            Yes
I20261002 17:35:03.120100 129216054007488 feature_extraction.cc:270] Processed file [35/96]
I20261002 17:35:03.120235 129216054007488 feature_extraction.cc:273]   Name:            0034.png
I20261002 17:35:03.120403 129216054007488 feature_extraction.cc:282]   Dimensions:      256 x 256
I20261002 17:35:03.120509 129216054007488 feature_extraction.cc:285]   Camera:          #1 - PINHOLE
I20261002 17:35:03.120635 129216054007488 feature_extraction.cc:289]   Focal Length:    307.20px
I20261002 17:35:03.120757 129216054007488 feature_extraction.cc:294]   Features:        42 (SIFT)
I20261002 17:35:03.120885 129216054007488 feature_extraction.cc:297]   Mask:            Yes
I20261002 17:35:03.140385 129216054007488 feature_extraction.cc:270] Processed file [36/96]
I20261002 17:35:03.140530 129216054007488 feature_extraction.cc:273]   Name:            0035.png
I20261002 17:35:03.140648 129216054007488 feature_extraction.cc:282]   Dimensions:      256 x 256
I20261002 17:35:03.140756 129216054007488 feature_extraction.cc:285]   Camera:          #1 - PINHOLE
I20261002 17:35:03.140861 129216054007488 feature_extraction.cc:289]   Focal Length:    307.20px
I20261002 17:35:03.141081 129216054007488 feature_extraction.cc:294]   Features:        49 (SIFT)
I20261002 17:35:03.141211 129216054007488 feature_extraction.cc:297]   Mask:            Yes
I20261002 17:35:03.159981 129216054007488 feature_extraction.cc:270] Processed file [37/96]
I20261002 17:35:03.160384 129216054007488 feature_extraction.cc:273]   Name:            0036.png
I20261002 17:35:03.160732 129216054007488 feature_extraction.cc:282]   Dimensions:      256 x 256
I20261002 17:35:03.160841 129216054007488 feature_extraction.cc:285]   Camera:          #1 - PINHOLE
I20261002 17:35:03.160935 129216054007488 feature_extraction.cc:289]   Focal Length:    307.20px
I20261002 17:35:03.161044 129216054007488 feature_extraction.cc:294]   Features:        49 (SIFT)
I20261002 17:35:03.161173 129216054007488 feature_extraction.cc:297]   Mask:            Yes
I20261002 17:35:03.179481 129216054007488 feature_extraction.cc:270] Processed file [38/96]
I20261002 17:35:03.179613 129216054007488 feature_extraction.cc:273]   Name:            0037.png
I20261002 17:35:03.179724 129216054007488 feature_extraction.cc:282]   Dimensions:      256 x 256
I20261002 17:35:03.179826 129216054007488 feature_extraction.cc:285]   Camera:          #1 - PINHOLE
I20261002 17:35:03.179927 129216054007488 feature_extraction.cc:289]   Focal Length:    307.20px
I20261002 17:35:03.180027 129216054007488 feature_extraction.cc:294]   Features:        41 (SIFT)
I20261002 17:35:03.180126 129216054007488 feature_extraction.cc:297]   Mask:            Yes
I20261002 17:35:03.197883 129216054007488 feature_extraction.cc:270] Processed file [39/96]
I20261002 17:35:03.198023 129216054007488 feature_extraction.cc:273]   Name:            0038.png
I20261002 17:35:03.198135 129216054007488 feature_extraction.cc:282]   Dimensions:      256 x 256
I20261002 17:35:03.198242 129216054007488 feature_extraction.cc:285]   Camera:          #1 - PINHOLE
I20261002 17:35:03.198344 129216054007488 feature_extraction.cc:289]   Focal Length:    307.20px
I20261002 17:35:03.198446 129216054007488 feature_extraction.cc:294]   Features:        44 (SIFT)
I20261002 17:35:03.198561 129216054007488 feature_extraction.cc:297]   Mask:            Yes
I20261002 17:35:03.215889 129216054007488 feature_extraction.cc:270] Processed file [40/96]
I20261002 17:35:03.215996 129216054007488 feature_extraction.cc:273]   Name:            0039.png
I20261002 17:35:03.216092 129216054007488 feature_extraction.cc:282]   Dimensions:      256 x 256
I20261002 17:35:03.216194 129216054007488 feature_extraction.cc:285]   Camera:          #1 - PINHOLE
I20261002 17:35:03.216280 129216054007488 feature_extraction.cc:289]   Focal Length:    307.20px
I20261002 17:35:03.216358 129216054007488 feature_extraction.cc:294]   Features:        50 (SIFT)
I20261002 17:35:03.216434 129216054007488 feature_extraction.cc:297]   Mask:            Yes
I20261002 17:35:03.231404 129216054007488 feature_extraction.cc:270] Processed file [41/96]
I20261002 17:35:03.231515 129216054007488 feature_extraction.cc:273]   Name:            0040.png
I20261002 17:35:03.231604 129216054007488 feature_extraction.cc:282]   Dimensions:      256 x 256
I20261002 17:35:03.231700 129216054007488 feature_extraction.cc:285]   Camera:          #1 - PINHOLE
I20261002 17:35:03.231783 129216054007488 feature_extraction.cc:289]   Focal Length:    307.20px
I20261002 17:35:03.231865 129216054007488 feature_extraction.cc:294]   Features:        51 (SIFT)
I20261002 17:35:03.231957 129216054007488 feature_extraction.cc:297]   Mask:            Yes
I20261002 17:35:03.247402 129216054007488 feature_extraction.cc:270] Processed file [42/96]
I20261002 17:35:03.247625 129216054007488 feature_extraction.cc:273]   Name:            0041.png
I20261002 17:35:03.247753 129216054007488 feature_extraction.cc:282]   Dimensions:      256 x 256
I20261002 17:35:03.247852 129216054007488 feature_extraction.cc:285]   Camera:          #1 - PINHOLE
I20261002 17:35:03.248024 129216054007488 feature_extraction.cc:289]   Focal Length:    307.20px
I20261002 17:35:03.248676 129216054007488 feature_extraction.cc:294]   Features:        61 (SIFT)
I20261002 17:35:03.248969 129216054007488 feature_extraction.cc:297]   Mask:            Yes
I20261002 17:35:03.264518 129216054007488 feature_extraction.cc:270] Processed file [43/96]
I20261002 17:35:03.264620 129216054007488 feature_extraction.cc:273]   Name:            0042.png
I20261002 17:35:03.264733 129216054007488 feature_extraction.cc:282]   Dimensions:      256 x 256
I20261002 17:35:03.264832 129216054007488 feature_extraction.cc:285]   Camera:          #1 - PINHOLE
I20261002 17:35:03.264928 129216054007488 feature_extraction.cc:289]   Focal Length:    307.20px
I20261002 17:35:03.265016 129216054007488 feature_extraction.cc:294]   Features:        65 (SIFT)
I20261002 17:35:03.265092 129216054007488 feature_extraction.cc:297]   Mask:            Yes
I20261002 17:35:03.280493 129216054007488 feature_extraction.cc:270] Processed file [44/96]
I20261002 17:35:03.280739 129216054007488 feature_extraction.cc:273]   Name:            0043.png
I20261002 17:35:03.281411 129216054007488 feature_extraction.cc:282]   Dimensions:      256 x 256
I20261002 17:35:03.282012 129216054007488 feature_extraction.cc:285]   Camera:          #1 - PINHOLE
I20261002 17:35:03.282661 129216054007488 feature_extraction.cc:289]   Focal Length:    307.20px
I20261002 17:35:03.283016 129216054007488 feature_extraction.cc:294]   Features:        67 (SIFT)
I20261002 17:35:03.283089 129216054007488 feature_extraction.cc:297]   Mask:            Yes
I20261002 17:35:03.297768 129216054007488 feature_extraction.cc:270] Processed file [45/96]
I20261002 17:35:03.297873 129216054007488 feature_extraction.cc:273]   Name:            0044.png
I20261002 17:35:03.297967 129216054007488 feature_extraction.cc:282]   Dimensions:      256 x 256
I20261002 17:35:03.298074 129216054007488 feature_extraction.cc:285]   Camera:          #1 - PINHOLE
I20261002 17:35:03.298165 129216054007488 feature_extraction.cc:289]   Focal Length:    307.20px
I20261002 17:35:03.298237 129216054007488 feature_extraction.cc:294]   Features:        76 (SIFT)
I20261002 17:35:03.298307 129216054007488 feature_extraction.cc:297]   Mask:            Yes
I20261002 17:35:03.312903 129216054007488 feature_extraction.cc:270] Processed file [46/96]
I20261002 17:35:03.313022 129216054007488 feature_extraction.cc:273]   Name:            0045.png
I20261002 17:35:03.313118 129216054007488 feature_extraction.cc:282]   Dimensions:      256 x 256
I20261002 17:35:03.313201 129216054007488 feature_extraction.cc:285]   Camera:          #1 - PINHOLE
I20261002 17:35:03.313287 129216054007488 feature_extraction.cc:289]   Focal Length:    307.20px
I20261002 17:35:03.313374 129216054007488 feature_extraction.cc:294]   Features:        69 (SIFT)
I20261002 17:35:03.313449 129216054007488 feature_extraction.cc:297]   Mask:            Yes
I20261002 17:35:03.326876 129216054007488 feature_extraction.cc:270] Processed file [47/96]
I20261002 17:35:03.326999 129216054007488 feature_extraction.cc:273]   Name:            0046.png
I20261002 17:35:03.327083 129216054007488 feature_extraction.cc:282]   Dimensions:      256 x 256
I20261002 17:35:03.327158 129216054007488 feature_extraction.cc:285]   Camera:          #1 - PINHOLE
I20261002 17:35:03.327246 129216054007488 feature_extraction.cc:289]   Focal Length:    307.20px
I20261002 17:35:03.327341 129216054007488 feature_extraction.cc:294]   Features:        77 (SIFT)
I20261002 17:35:03.327414 129216054007488 feature_extraction.cc:297]   Mask:            Yes
I20261002 17:35:03.342192 129216054007488 feature_extraction.cc:270] Processed file [48/96]
I20261002 17:35:03.342336 129216054007488 feature_extraction.cc:273]   Name:            0047.png
I20261002 17:35:03.342448 129216054007488 feature_extraction.cc:282]   Dimensions:      256 x 256
I20261002 17:35:03.342544 129216054007488 feature_extraction.cc:285]   Camera:          #1 - PINHOLE
I20261002 17:35:03.342639 129216054007488 feature_extraction.cc:289]   Focal Length:    307.20px
I20261002 17:35:03.342749 129216054007488 feature_extraction.cc:294]   Features:        71 (SIFT)
I20261002 17:35:03.342872 129216054007488 feature_extraction.cc:297]   Mask:            Yes
I20261002 17:35:03.357682 129216054007488 feature_extraction.cc:270] Processed file [49/96]
I20261002 17:35:03.357949 129216054007488 feature_extraction.cc:273]   Name:            0048.png
I20261002 17:35:03.358069 129216054007488 feature_extraction.cc:282]   Dimensions:      256 x 256
I20261002 17:35:03.358173 129216054007488 feature_extraction.cc:285]   Camera:          #1 - PINHOLE
I20261002 17:35:03.358271 129216054007488 feature_extraction.cc:289]   Focal Length:    307.20px
I20261002 17:35:03.358364 129216054007488 feature_extraction.cc:294]   Features:        74 (SIFT)
I20261002 17:35:03.358445 129216054007488 feature_extraction.cc:297]   Mask:            Yes
I20261002 17:35:03.374200 129216054007488 feature_extraction.cc:270] Processed file [50/96]
I20261002 17:35:03.374318 129216054007488 feature_extraction.cc:273]   Name:            0049.png
I20261002 17:35:03.374416 129216054007488 feature_extraction.cc:282]   Dimensions:      256 x 256
I20261002 17:35:03.374508 129216054007488 feature_extraction.cc:285]   Camera:          #1 - PINHOLE
I20261002 17:35:03.374582 129216054007488 feature_extraction.cc:289]   Focal Length:    307.20px
I20261002 17:35:03.374660 129216054007488 feature_extraction.cc:294]   Features:        74 (SIFT)
I20261002 17:35:03.374780 129216054007488 feature_extraction.cc:297]   Mask:            Yes
I20261002 17:35:03.388959 129216054007488 feature_extraction.cc:270] Processed file [51/96]
I20261002 17:35:03.389077 129216054007488 feature_extraction.cc:273]   Name:            0050.png
I20261002 17:35:03.389182 129216054007488 feature_extraction.cc:282]   Dimensions:      256 x 256
I20261002 17:35:03.389250 129216054007488 feature_extraction.cc:285]   Camera:          #1 - PINHOLE
I20261002 17:35:03.389333 129216054007488 feature_extraction.cc:289]   Focal Length:    307.20px
I20261002 17:35:03.389433 129216054007488 feature_extraction.cc:294]   Features:        73 (SIFT)
I20261002 17:35:03.389512 129216054007488 feature_extraction.cc:297]   Mask:            Yes
I20261002 17:35:03.406564 129216054007488 feature_extraction.cc:270] Processed file [52/96]
I20261002 17:35:03.406675 129216054007488 feature_extraction.cc:273]   Name:            0051.png
I20261002 17:35:03.406873 129216054007488 feature_extraction.cc:282]   Dimensions:      256 x 256
I20261002 17:35:03.406967 129216054007488 feature_extraction.cc:285]   Camera:          #1 - PINHOLE
I20261002 17:35:03.407060 129216054007488 feature_extraction.cc:289]   Focal Length:    307.20px
I20261002 17:35:03.407158 129216054007488 feature_extraction.cc:294]   Features:        68 (SIFT)
I20261002 17:35:03.407254 129216054007488 feature_extraction.cc:297]   Mask:            Yes
I20261002 17:35:03.423740 129216054007488 feature_extraction.cc:270] Processed file [53/96]
I20261002 17:35:03.423978 129216054007488 feature_extraction.cc:273]   Name:            0052.png
I20261002 17:35:03.424148 129216054007488 feature_extraction.cc:282]   Dimensions:      256 x 256
I20261002 17:35:03.424314 129216054007488 feature_extraction.cc:285]   Camera:          #1 - PINHOLE
I20261002 17:35:03.424493 129216054007488 feature_extraction.cc:289]   Focal Length:    307.20px
I20261002 17:35:03.424672 129216054007488 feature_extraction.cc:294]   Features:        65 (SIFT)
I20261002 17:35:03.424828 129216054007488 feature_extraction.cc:297]   Mask:            Yes
I20261002 17:35:03.445334 129216054007488 feature_extraction.cc:270] Processed file [54/96]
I20261002 17:35:03.445478 129216054007488 feature_extraction.cc:273]   Name:            0053.png
I20261002 17:35:03.445593 129216054007488 feature_extraction.cc:282]   Dimensions:      256 x 256
I20261002 17:35:03.445696 129216054007488 feature_extraction.cc:285]   Camera:          #1 - PINHOLE
I20261002 17:35:03.445798 129216054007488 feature_extraction.cc:289]   Focal Length:    307.20px
I20261002 17:35:03.445901 129216054007488 feature_extraction.cc:294]   Features:        81 (SIFT)
I20261002 17:35:03.446030 129216054007488 feature_extraction.cc:297]   Mask:            Yes
I20261002 17:35:03.464221 129216054007488 feature_extraction.cc:270] Processed file [55/96]
I20261002 17:35:03.464351 129216054007488 feature_extraction.cc:273]   Name:            0054.png
I20261002 17:35:03.464463 129216054007488 feature_extraction.cc:282]   Dimensions:      256 x 256
I20261002 17:35:03.464564 129216054007488 feature_extraction.cc:285]   Camera:          #1 - PINHOLE
I20261002 17:35:03.464664 129216054007488 feature_extraction.cc:289]   Focal Length:    307.20px
I20261002 17:35:03.464764 129216054007488 feature_extraction.cc:294]   Features:        67 (SIFT)
I20261002 17:35:03.464871 129216054007488 feature_extraction.cc:297]   Mask:            Yes
I20261002 17:35:03.482941 129216054007488 feature_extraction.cc:270] Processed file [56/96]
I20261002 17:35:03.483083 129216054007488 feature_extraction.cc:273]   Name:            0055.png
I20261002 17:35:03.483204 129216054007488 feature_extraction.cc:282]   Dimensions:      256 x 256
I20261002 17:35:03.483322 129216054007488 feature_extraction.cc:285]   Camera:          #1 - PINHOLE
I20261002 17:35:03.483441 129216054007488 feature_extraction.cc:289]   Focal Length:    307.20px
I20261002 17:35:03.483547 129216054007488 feature_extraction.cc:294]   Features:        66 (SIFT)
I20261002 17:35:03.483663 129216054007488 feature_extraction.cc:297]   Mask:            Yes
I20261002 17:35:03.501531 129216054007488 feature_extraction.cc:270] Processed file [57/96]
I20261002 17:35:03.501660 129216054007488 feature_extraction.cc:273]   Name:            0056.png
I20261002 17:35:03.501780 129216054007488 feature_extraction.cc:282]   Dimensions:      256 x 256
I20261002 17:35:03.501898 129216054007488 feature_extraction.cc:285]   Camera:          #1 - PINHOLE
I20261002 17:35:03.502005 129216054007488 feature_extraction.cc:289]   Focal Length:    307.20px
I20261002 17:35:03.502104 129216054007488 feature_extraction.cc:294]   Features:        61 (SIFT)
I20261002 17:35:03.502211 129216054007488 feature_extraction.cc:297]   Mask:            Yes
I20261002 17:35:03.518229 129216054007488 feature_extraction.cc:270] Processed file [58/96]
I20261002 17:35:03.518331 129216054007488 feature_extraction.cc:273]   Name:            0057.png
I20261002 17:35:03.518426 129216054007488 feature_extraction.cc:282]   Dimensions:      256 x 256
I20261002 17:35:03.518523 129216054007488 feature_extraction.cc:285]   Camera:          #1 - PINHOLE
I20261002 17:35:03.518616 129216054007488 feature_extraction.cc:289]   Focal Length:    307.20px
I20261002 17:35:03.518705 129216054007488 feature_extraction.cc:294]   Features:        64 (SIFT)
I20261002 17:35:03.518786 129216054007488 feature_extraction.cc:297]   Mask:            Yes
I20261002 17:35:03.533416 129216054007488 feature_extraction.cc:270] Processed file [59/96]
I20261002 17:35:03.533521 129216054007488 feature_extraction.cc:273]   Name:            0058.png
I20261002 17:35:03.533626 129216054007488 feature_extraction.cc:282]   Dimensions:      256 x 256
I20261002 17:35:03.533724 129216054007488 feature_extraction.cc:285]   Camera:          #1 - PINHOLE
I20261002 17:35:03.533822 129216054007488 feature_extraction.cc:289]   Focal Length:    307.20px
I20261002 17:35:03.533914 129216054007488 feature_extraction.cc:294]   Features:        60 (SIFT)
I20261002 17:35:03.533991 129216054007488 feature_extraction.cc:297]   Mask:            Yes
I20261002 17:35:03.549091 129216054007488 feature_extraction.cc:270] Processed file [60/96]
I20261002 17:35:03.549216 129216054007488 feature_extraction.cc:273]   Name:            0059.png
I20261002 17:35:03.549316 129216054007488 feature_extraction.cc:282]   Dimensions:      256 x 256
I20261002 17:35:03.549414 129216054007488 feature_extraction.cc:285]   Camera:          #1 - PINHOLE
I20261002 17:35:03.549508 129216054007488 feature_extraction.cc:289]   Focal Length:    307.20px
I20261002 17:35:03.549601 129216054007488 feature_extraction.cc:294]   Features:        63 (SIFT)
I20261002 17:35:03.549680 129216054007488 feature_extraction.cc:297]   Mask:            Yes
I20261002 17:35:03.565387 129216054007488 feature_extraction.cc:270] Processed file [61/96]
I20261002 17:35:03.565514 129216054007488 feature_extraction.cc:273]   Name:            0060.png
I20261002 17:35:03.565605 129216054007488 feature_extraction.cc:282]   Dimensions:      256 x 256
I20261002 17:35:03.565813 129216054007488 feature_extraction.cc:285]   Camera:          #1 - PINHOLE
I20261002 17:35:03.565945 129216054007488 feature_extraction.cc:289]   Focal Length:    307.20px
I20261002 17:35:03.566042 129216054007488 feature_extraction.cc:294]   Features:        60 (SIFT)
I20261002 17:35:03.566124 129216054007488 feature_extraction.cc:297]   Mask:            Yes
I20261002 17:35:03.580688 129216054007488 feature_extraction.cc:270] Processed file [62/96]
I20261002 17:35:03.580808 129216054007488 feature_extraction.cc:273]   Name:            0061.png
I20261002 17:35:03.580905 129216054007488 feature_extraction.cc:282]   Dimensions:      256 x 256
I20261002 17:35:03.580986 129216054007488 feature_extraction.cc:285]   Camera:          #1 - PINHOLE
I20261002 17:35:03.581072 129216054007488 feature_extraction.cc:289]   Focal Length:    307.20px
I20261002 17:35:03.581159 129216054007488 feature_extraction.cc:294]   Features:        64 (SIFT)
I20261002 17:35:03.581232 129216054007488 feature_extraction.cc:297]   Mask:            Yes
I20261002 17:35:03.595801 129216054007488 feature_extraction.cc:270] Processed file [63/96]
I20261002 17:35:03.595925 129216054007488 feature_extraction.cc:273]   Name:            0062.png
I20261002 17:35:03.596220 129216054007488 feature_extraction.cc:282]   Dimensions:      256 x 256
I20261002 17:35:03.596322 129216054007488 feature_extraction.cc:285]   Camera:          #1 - PINHOLE
I20261002 17:35:03.596417 129216054007488 feature_extraction.cc:289]   Focal Length:    307.20px
I20261002 17:35:03.596634 129216054007488 feature_extraction.cc:294]   Features:        58 (SIFT)
I20261002 17:35:03.596708 129216054007488 feature_extraction.cc:297]   Mask:            Yes
I20261002 17:35:03.611646 129216054007488 feature_extraction.cc:270] Processed file [64/96]
I20261002 17:35:03.611745 129216054007488 feature_extraction.cc:273]   Name:            0063.png
I20261002 17:35:03.611856 129216054007488 feature_extraction.cc:282]   Dimensions:      256 x 256
I20261002 17:35:03.611942 129216054007488 feature_extraction.cc:285]   Camera:          #1 - PINHOLE
I20261002 17:35:03.612030 129216054007488 feature_extraction.cc:289]   Focal Length:    307.20px
I20261002 17:35:03.612118 129216054007488 feature_extraction.cc:294]   Features:        59 (SIFT)
I20261002 17:35:03.612196 129216054007488 feature_extraction.cc:297]   Mask:            Yes
I20261002 17:35:03.627524 129216054007488 feature_extraction.cc:270] Processed file [65/96]
I20261002 17:35:03.627658 129216054007488 feature_extraction.cc:273]   Name:            0064.png
I20261002 17:35:03.627880 129216054007488 feature_extraction.cc:282]   Dimensions:      256 x 256
I20261002 17:35:03.628005 129216054007488 feature_extraction.cc:285]   Camera:          #1 - PINHOLE
I20261002 17:35:03.628144 129216054007488 feature_extraction.cc:289]   Focal Length:    307.20px
I20261002 17:35:03.628333 129216054007488 feature_extraction.cc:294]   Features:        51 (SIFT)
I20261002 17:35:03.628440 129216054007488 feature_extraction.cc:297]   Mask:            Yes
I20261002 17:35:03.644843 129216054007488 feature_extraction.cc:270] Processed file [66/96]
I20261002 17:35:03.644969 129216054007488 feature_extraction.cc:273]   Name:            0065.png
I20261002 17:35:03.645072 129216054007488 feature_extraction.cc:282]   Dimensions:      256 x 256
I20261002 17:35:03.645194 129216054007488 feature_extraction.cc:285]   Camera:          #1 - PINHOLE
I20261002 17:35:03.645420 129216054007488 feature_extraction.cc:289]   Focal Length:    307.20px
I20261002 17:35:03.645545 129216054007488 feature_extraction.cc:294]   Features:        55 (SIFT)
I20261002 17:35:03.645644 129216054007488 feature_extraction.cc:297]   Mask:            Yes
I20261002 17:35:03.662078 129216054007488 feature_extraction.cc:270] Processed file [67/96]
I20261002 17:35:03.662210 129216054007488 feature_extraction.cc:273]   Name:            0066.png
I20261002 17:35:03.662315 129216054007488 feature_extraction.cc:282]   Dimensions:      256 x 256
I20261002 17:35:03.662378 129216054007488 feature_extraction.cc:285]   Camera:          #1 - PINHOLE
I20261002 17:35:03.662469 129216054007488 feature_extraction.cc:289]   Focal Length:    307.20px
I20261002 17:35:03.662565 129216054007488 feature_extraction.cc:294]   Features:        68 (SIFT)
I20261002 17:35:03.662643 129216054007488 feature_extraction.cc:297]   Mask:            Yes
I20261002 17:35:03.677207 129216054007488 feature_extraction.cc:270] Processed file [68/96]
I20261002 17:35:03.677326 129216054007488 feature_extraction.cc:273]   Name:            0067.png
I20261002 17:35:03.677427 129216054007488 feature_extraction.cc:282]   Dimensions:      256 x 256
I20261002 17:35:03.677526 129216054007488 feature_extraction.cc:285]   Camera:          #1 - PINHOLE
I20261002 17:35:03.677603 129216054007488 feature_extraction.cc:289]   Focal Length:    307.20px
I20261002 17:35:03.677680 129216054007488 feature_extraction.cc:294]   Features:        63 (SIFT)
I20261002 17:35:03.677750 129216054007488 feature_extraction.cc:297]   Mask:            Yes
I20261002 17:35:03.691484 129216054007488 feature_extraction.cc:270] Processed file [69/96]
I20261002 17:35:03.691590 129216054007488 feature_extraction.cc:273]   Name:            0068.png
I20261002 17:35:03.691696 129216054007488 feature_extraction.cc:282]   Dimensions:      256 x 256
I20261002 17:35:03.691771 129216054007488 feature_extraction.cc:285]   Camera:          #1 - PINHOLE
I20261002 17:35:03.691851 129216054007488 feature_extraction.cc:289]   Focal Length:    307.20px
I20261002 17:35:03.691938 129216054007488 feature_extraction.cc:294]   Features:        57 (SIFT)
I20261002 17:35:03.692024 129216054007488 feature_extraction.cc:297]   Mask:            Yes
I20261002 17:35:03.708458 129216054007488 feature_extraction.cc:270] Processed file [70/96]
I20261002 17:35:03.708597 129216054007488 feature_extraction.cc:273]   Name:            0069.png
I20261002 17:35:03.708724 129216054007488 feature_extraction.cc:282]   Dimensions:      256 x 256
I20261002 17:35:03.708829 129216054007488 feature_extraction.cc:285]   Camera:          #1 - PINHOLE
I20261002 17:35:03.708925 129216054007488 feature_extraction.cc:289]   Focal Length:    307.20px
I20261002 17:35:03.709024 129216054007488 feature_extraction.cc:294]   Features:        54 (SIFT)
I20261002 17:35:03.709127 129216054007488 feature_extraction.cc:297]   Mask:            Yes
I20261002 17:35:03.727070 129216054007488 feature_extraction.cc:270] Processed file [71/96]
I20261002 17:35:03.727193 129216054007488 feature_extraction.cc:273]   Name:            0070.png
I20261002 17:35:03.727292 129216054007488 feature_extraction.cc:282]   Dimensions:      256 x 256
I20261002 17:35:03.727364 129216054007488 feature_extraction.cc:285]   Camera:          #1 - PINHOLE
I20261002 17:35:03.727442 129216054007488 feature_extraction.cc:289]   Focal Length:    307.20px
I20261002 17:35:03.727546 129216054007488 feature_extraction.cc:294]   Features:        68 (SIFT)
I20261002 17:35:03.727631 129216054007488 feature_extraction.cc:297]   Mask:            Yes
I20261002 17:35:03.745971 129216054007488 feature_extraction.cc:270] Processed file [72/96]
I20261002 17:35:03.746081 129216054007488 feature_extraction.cc:273]   Name:            0071.png
I20261002 17:35:03.746185 129216054007488 feature_extraction.cc:282]   Dimensions:      256 x 256
I20261002 17:35:03.746279 129216054007488 feature_extraction.cc:285]   Camera:          #1 - PINHOLE
I20261002 17:35:03.746379 129216054007488 feature_extraction.cc:289]   Focal Length:    307.20px
I20261002 17:35:03.746467 129216054007488 feature_extraction.cc:294]   Features:        54 (SIFT)
I20261002 17:35:03.746530 129216054007488 feature_extraction.cc:297]   Mask:            Yes
I20261002 17:35:03.761089 129216054007488 feature_extraction.cc:270] Processed file [73/96]
I20261002 17:35:03.761237 129216054007488 feature_extraction.cc:273]   Name:            0072.png
I20261002 17:35:03.761325 129216054007488 feature_extraction.cc:282]   Dimensions:      256 x 256
I20261002 17:35:03.761425 129216054007488 feature_extraction.cc:285]   Camera:          #1 - PINHOLE
I20261002 17:35:03.761530 129216054007488 feature_extraction.cc:289]   Focal Length:    307.20px
I20261002 17:35:03.761645 129216054007488 feature_extraction.cc:294]   Features:        46 (SIFT)
I20261002 17:35:03.762637 129216054007488 feature_extraction.cc:297]   Mask:            Yes
I20261002 17:35:03.777501 129216054007488 feature_extraction.cc:270] Processed file [74/96]
I20261002 17:35:03.777622 129216054007488 feature_extraction.cc:273]   Name:            0073.png
I20261002 17:35:03.777692 129216054007488 feature_extraction.cc:282]   Dimensions:      256 x 256
I20261002 17:35:03.777770 129216054007488 feature_extraction.cc:285]   Camera:          #1 - PINHOLE
I20261002 17:35:03.777876 129216054007488 feature_extraction.cc:289]   Focal Length:    307.20px
I20261002 17:35:03.777951 129216054007488 feature_extraction.cc:294]   Features:        58 (SIFT)
I20261002 17:35:03.778025 129216054007488 feature_extraction.cc:297]   Mask:            Yes
I20261002 17:35:03.796026 129216054007488 feature_extraction.cc:270] Processed file [75/96]
I20261002 17:35:03.796128 129216054007488 feature_extraction.cc:273]   Name:            0074.png
I20261002 17:35:03.796243 129216054007488 feature_extraction.cc:282]   Dimensions:      256 x 256
I20261002 17:35:03.796371 129216054007488 feature_extraction.cc:285]   Camera:          #1 - PINHOLE
I20261002 17:35:03.796539 129216054007488 feature_extraction.cc:289]   Focal Length:    307.20px
I20261002 17:35:03.796658 129216054007488 feature_extraction.cc:294]   Features:        61 (SIFT)
I20261002 17:35:03.796748 129216054007488 feature_extraction.cc:297]   Mask:            Yes
I20261002 17:35:03.811487 129216054007488 feature_extraction.cc:270] Processed file [76/96]
I20261002 17:35:03.811603 129216054007488 feature_extraction.cc:273]   Name:            0075.png
I20261002 17:35:03.811693 129216054007488 feature_extraction.cc:282]   Dimensions:      256 x 256
I20261002 17:35:03.811794 129216054007488 feature_extraction.cc:285]   Camera:          #1 - PINHOLE
I20261002 17:35:03.811885 129216054007488 feature_extraction.cc:289]   Focal Length:    307.20px
I20261002 17:35:03.811977 129216054007488 feature_extraction.cc:294]   Features:        56 (SIFT)
I20261002 17:35:03.812057 129216054007488 feature_extraction.cc:297]   Mask:            Yes
I20261002 17:35:03.826201 129216054007488 feature_extraction.cc:270] Processed file [77/96]
I20261002 17:35:03.826326 129216054007488 feature_extraction.cc:273]   Name:            0076.png
I20261002 17:35:03.826442 129216054007488 feature_extraction.cc:282]   Dimensions:      256 x 256
I20261002 17:35:03.826538 129216054007488 feature_extraction.cc:285]   Camera:          #1 - PINHOLE
I20261002 17:35:03.827279 129216054007488 feature_extraction.cc:289]   Focal Length:    307.20px
I20261002 17:35:03.827408 129216054007488 feature_extraction.cc:294]   Features:        52 (SIFT)
I20261002 17:35:03.827505 129216054007488 feature_extraction.cc:297]   Mask:            Yes
I20261002 17:35:03.843084 129216054007488 feature_extraction.cc:270] Processed file [78/96]
I20261002 17:35:03.843202 129216054007488 feature_extraction.cc:273]   Name:            0077.png
I20261002 17:35:03.843289 129216054007488 feature_extraction.cc:282]   Dimensions:      256 x 256
I20261002 17:35:03.843379 129216054007488 feature_extraction.cc:285]   Camera:          #1 - PINHOLE
I20261002 17:35:03.843489 129216054007488 feature_extraction.cc:289]   Focal Length:    307.20px
I20261002 17:35:03.843585 129216054007488 feature_extraction.cc:294]   Features:        57 (SIFT)
I20261002 17:35:03.843659 129216054007488 feature_extraction.cc:297]   Mask:            Yes
I20261002 17:35:03.859801 129216054007488 feature_extraction.cc:270] Processed file [79/96]
I20261002 17:35:03.859938 129216054007488 feature_extraction.cc:273]   Name:            0078.png
I20261002 17:35:03.860035 129216054007488 feature_extraction.cc:282]   Dimensions:      256 x 256
I20261002 17:35:03.860131 129216054007488 feature_extraction.cc:285]   Camera:          #1 - PINHOLE
I20261002 17:35:03.860214 129216054007488 feature_extraction.cc:289]   Focal Length:    307.20px
I20261002 17:35:03.860297 129216054007488 feature_extraction.cc:294]   Features:        57 (SIFT)
I20261002 17:35:03.860369 129216054007488 feature_extraction.cc:297]   Mask:            Yes
I20261002 17:35:03.905785 129216054007488 feature_extraction.cc:270] Processed file [80/96]
I20261002 17:35:03.906406 129216054007488 feature_extraction.cc:273]   Name:            0079.png
I20261002 17:35:03.906665 129216054007488 feature_extraction.cc:282]   Dimensions:      256 x 256
I20261002 17:35:03.906789 129216054007488 feature_extraction.cc:285]   Camera:          #1 - PINHOLE
I20261002 17:35:03.906975 129216054007488 feature_extraction.cc:289]   Focal Length:    307.20px
I20261002 17:35:03.907110 129216054007488 feature_extraction.cc:294]   Features:        51 (SIFT)
I20261002 17:35:03.907209 129216054007488 feature_extraction.cc:297]   Mask:            Yes
I20261002 17:35:03.922383 129216054007488 feature_extraction.cc:270] Processed file [81/96]
I20261002 17:35:03.922478 129216054007488 feature_extraction.cc:273]   Name:            0080.png
I20261002 17:35:03.922585 129216054007488 feature_extraction.cc:282]   Dimensions:      256 x 256
I20261002 17:35:03.922687 129216054007488 feature_extraction.cc:285]   Camera:          #1 - PINHOLE
I20261002 17:35:03.922778 129216054007488 feature_extraction.cc:289]   Focal Length:    307.20px
I20261002 17:35:03.922860 129216054007488 feature_extraction.cc:294]   Features:        49 (SIFT)
I20261002 17:35:03.922937 129216054007488 feature_extraction.cc:297]   Mask:            Yes
I20261002 17:35:03.938012 129216054007488 feature_extraction.cc:270] Processed file [82/96]
I20261002 17:35:03.938118 129216054007488 feature_extraction.cc:273]   Name:            0081.png
I20261002 17:35:03.938223 129216054007488 feature_extraction.cc:282]   Dimensions:      256 x 256
I20261002 17:35:03.938320 129216054007488 feature_extraction.cc:285]   Camera:          #1 - PINHOLE
I20261002 17:35:03.938404 129216054007488 feature_extraction.cc:289]   Focal Length:    307.20px
I20261002 17:35:03.938478 129216054007488 feature_extraction.cc:294]   Features:        60 (SIFT)
I20261002 17:35:03.938557 129216054007488 feature_extraction.cc:297]   Mask:            Yes
I20261002 17:35:03.952304 129216054007488 feature_extraction.cc:270] Processed file [83/96]
I20261002 17:35:03.952413 129216054007488 feature_extraction.cc:273]   Name:            0082.png
I20261002 17:35:03.952509 129216054007488 feature_extraction.cc:282]   Dimensions:      256 x 256
I20261002 17:35:03.952607 129216054007488 feature_extraction.cc:285]   Camera:          #1 - PINHOLE
I20261002 17:35:03.952692 129216054007488 feature_extraction.cc:289]   Focal Length:    307.20px
I20261002 17:35:03.952775 129216054007488 feature_extraction.cc:294]   Features:        52 (SIFT)
I20261002 17:35:03.952859 129216054007488 feature_extraction.cc:297]   Mask:            Yes
I20261002 17:35:03.969673 129216054007488 feature_extraction.cc:270] Processed file [84/96]
I20261002 17:35:03.969772 129216054007488 feature_extraction.cc:273]   Name:            0083.png
I20261002 17:35:03.969883 129216054007488 feature_extraction.cc:282]   Dimensions:      256 x 256
I20261002 17:35:03.969993 129216054007488 feature_extraction.cc:285]   Camera:          #1 - PINHOLE
I20261002 17:35:03.970220 129216054007488 feature_extraction.cc:289]   Focal Length:    307.20px
I20261002 17:35:03.970319 129216054007488 feature_extraction.cc:294]   Features:        49 (SIFT)
I20261002 17:35:03.970393 129216054007488 feature_extraction.cc:297]   Mask:            Yes
I20261002 17:35:03.984986 129216054007488 feature_extraction.cc:270] Processed file [85/96]
I20261002 17:35:03.985108 129216054007488 feature_extraction.cc:273]   Name:            0084.png
I20261002 17:35:03.985216 129216054007488 feature_extraction.cc:282]   Dimensions:      256 x 256
I20261002 17:35:03.985311 129216054007488 feature_extraction.cc:285]   Camera:          #1 - PINHOLE
I20261002 17:35:03.985401 129216054007488 feature_extraction.cc:289]   Focal Length:    307.20px
I20261002 17:35:03.985494 129216054007488 feature_extraction.cc:294]   Features:        55 (SIFT)
I20261002 17:35:03.985581 129216054007488 feature_extraction.cc:297]   Mask:            Yes
I20261002 17:35:04.001520 129216054007488 feature_extraction.cc:270] Processed file [86/96]
I20261002 17:35:04.001641 129216054007488 feature_extraction.cc:273]   Name:            0085.png
I20261002 17:35:04.001731 129216054007488 feature_extraction.cc:282]   Dimensions:      256 x 256
I20261002 17:35:04.001842 129216054007488 feature_extraction.cc:285]   Camera:          #1 - PINHOLE
I20261002 17:35:04.001944 129216054007488 feature_extraction.cc:289]   Focal Length:    307.20px
I20261002 17:35:04.002026 129216054007488 feature_extraction.cc:294]   Features:        51 (SIFT)
I20261002 17:35:04.002102 129216054007488 feature_extraction.cc:297]   Mask:            Yes
I20261002 17:35:04.017208 129216054007488 feature_extraction.cc:270] Processed file [87/96]
I20261002 17:35:04.017319 129216054007488 feature_extraction.cc:273]   Name:            0086.png
I20261002 17:35:04.017445 129216054007488 feature_extraction.cc:282]   Dimensions:      256 x 256
I20261002 17:35:04.017545 129216054007488 feature_extraction.cc:285]   Camera:          #1 - PINHOLE
I20261002 17:35:04.017642 129216054007488 feature_extraction.cc:289]   Focal Length:    307.20px
I20261002 17:35:04.017740 129216054007488 feature_extraction.cc:294]   Features:        52 (SIFT)
I20261002 17:35:04.017824 129216054007488 feature_extraction.cc:297]   Mask:            Yes
I20261002 17:35:04.033556 129216054007488 feature_extraction.cc:270] Processed file [88/96]
I20261002 17:35:04.033676 129216054007488 feature_extraction.cc:273]   Name:            0087.png
I20261002 17:35:04.033773 129216054007488 feature_extraction.cc:282]   Dimensions:      256 x 256
I20261002 17:35:04.033868 129216054007488 feature_extraction.cc:285]   Camera:          #1 - PINHOLE
I20261002 17:35:04.033979 129216054007488 feature_extraction.cc:289]   Focal Length:    307.20px
I20261002 17:35:04.034067 129216054007488 feature_extraction.cc:294]   Features:        51 (SIFT)
I20261002 17:35:04.034143 129216054007488 feature_extraction.cc:297]   Mask:            Yes
I20261002 17:35:04.049307 129216054007488 feature_extraction.cc:270] Processed file [89/96]
I20261002 17:35:04.049434 129216054007488 feature_extraction.cc:273]   Name:            0088.png
I20261002 17:35:04.049518 129216054007488 feature_extraction.cc:282]   Dimensions:      256 x 256
I20261002 17:35:04.049597 129216054007488 feature_extraction.cc:285]   Camera:          #1 - PINHOLE
I20261002 17:35:04.049673 129216054007488 feature_extraction.cc:289]   Focal Length:    307.20px
I20261002 17:35:04.049749 129216054007488 feature_extraction.cc:294]   Features:        61 (SIFT)
I20261002 17:35:04.049824 129216054007488 feature_extraction.cc:297]   Mask:            Yes
I20261002 17:35:04.064729 129216054007488 feature_extraction.cc:270] Processed file [90/96]
I20261002 17:35:04.064863 129216054007488 feature_extraction.cc:273]   Name:            0089.png
I20261002 17:35:04.064958 129216054007488 feature_extraction.cc:282]   Dimensions:      256 x 256
I20261002 17:35:04.065039 129216054007488 feature_extraction.cc:285]   Camera:          #1 - PINHOLE
I20261002 17:35:04.065117 129216054007488 feature_extraction.cc:289]   Focal Length:    307.20px
I20261002 17:35:04.065195 129216054007488 feature_extraction.cc:294]   Features:        55 (SIFT)
I20261002 17:35:04.065271 129216054007488 feature_extraction.cc:297]   Mask:            Yes
I20261002 17:35:04.080436 129216054007488 feature_extraction.cc:270] Processed file [91/96]
I20261002 17:35:04.080559 129216054007488 feature_extraction.cc:273]   Name:            0090.png
I20261002 17:35:04.080661 129216054007488 feature_extraction.cc:282]   Dimensions:      256 x 256
I20261002 17:35:04.080767 129216054007488 feature_extraction.cc:285]   Camera:          #1 - PINHOLE
I20261002 17:35:04.080894 129216054007488 feature_extraction.cc:289]   Focal Length:    307.20px
I20261002 17:35:04.080990 129216054007488 feature_extraction.cc:294]   Features:        49 (SIFT)
I20261002 17:35:04.081077 129216054007488 feature_extraction.cc:297]   Mask:            Yes
I20261002 17:35:04.097994 129216054007488 feature_extraction.cc:270] Processed file [92/96]
I20261002 17:35:04.098102 129216054007488 feature_extraction.cc:273]   Name:            0091.png
I20261002 17:35:04.098255 129216054007488 feature_extraction.cc:282]   Dimensions:      256 x 256
I20261002 17:35:04.098383 129216054007488 feature_extraction.cc:285]   Camera:          #1 - PINHOLE
I20261002 17:35:04.098518 129216054007488 feature_extraction.cc:289]   Focal Length:    307.20px
I20261002 17:35:04.098655 129216054007488 feature_extraction.cc:294]   Features:        46 (SIFT)
I20261002 17:35:04.098782 129216054007488 feature_extraction.cc:297]   Mask:            Yes
I20261002 17:35:04.101983 129216054007488 feature_extraction.cc:270] Processed file [93/96]
I20261002 17:35:04.102068 129216054007488 feature_extraction.cc:273]   Name:            0092.png
I20261002 17:35:04.102147 129216054007488 feature_extraction.cc:282]   Dimensions:      256 x 256
I20261002 17:35:04.102217 129216054007488 feature_extraction.cc:285]   Camera:          #1 - PINHOLE
I20261002 17:35:04.102284 129216054007488 feature_extraction.cc:289]   Focal Length:    307.20px
I20261002 17:35:04.102352 129216054007488 feature_extraction.cc:294]   Features:        40 (SIFT)
I20261002 17:35:04.102417 129216054007488 feature_extraction.cc:297]   Mask:            Yes
I20261002 17:35:04.105368 129216054007488 feature_extraction.cc:270] Processed file [94/96]
I20261002 17:35:04.105458 129216054007488 feature_extraction.cc:273]   Name:            0093.png
I20261002 17:35:04.105543 129216054007488 feature_extraction.cc:282]   Dimensions:      256 x 256
I20261002 17:35:04.105636 129216054007488 feature_extraction.cc:285]   Camera:          #1 - PINHOLE
I20261002 17:35:04.105727 129216054007488 feature_extraction.cc:289]   Focal Length:    307.20px
I20261002 17:35:04.105866 129216054007488 feature_extraction.cc:294]   Features:        39 (SIFT)
I20261002 17:35:04.105988 129216054007488 feature_extraction.cc:297]   Mask:            Yes
I20261002 17:35:04.109015 129216054007488 feature_extraction.cc:270] Processed file [95/96]
I20261002 17:35:04.109093 129216054007488 feature_extraction.cc:273]   Name:            0094.png
I20261002 17:35:04.109163 129216054007488 feature_extraction.cc:282]   Dimensions:      256 x 256
I20261002 17:35:04.109231 129216054007488 feature_extraction.cc:285]   Camera:          #1 - PINHOLE
I20261002 17:35:04.109300 129216054007488 feature_extraction.cc:289]   Focal Length:    307.20px
I20261002 17:35:04.109370 129216054007488 feature_extraction.cc:294]   Features:        47 (SIFT)
I20261002 17:35:04.109437 129216054007488 feature_extraction.cc:297]   Mask:            Yes
I20261002 17:35:04.120955 129216054007488 feature_extraction.cc:270] Processed file [96/96]
I20261002 17:35:04.121079 129216054007488 feature_extraction.cc:273]   Name:            0095.png
I20261002 17:35:04.121174 129216054007488 feature_extraction.cc:282]   Dimensions:      256 x 256
I20261002 17:35:04.121247 129216054007488 feature_extraction.cc:285]   Camera:          #1 - PINHOLE
I20261002 17:35:04.121363 129216054007488 feature_extraction.cc:289]   Focal Length:    307.20px
I20261002 17:35:04.121499 129216054007488 feature_extraction.cc:294]   Features:        40 (SIFT)
I20261002 17:35:04.121583 129216054007488 feature_extraction.cc:297]   Mask:            Yes
I20261002 17:35:04.124462 129216368604864 timer.cc:90] Elapsed time: 0.028 [minutes]
I20261002 17:35:04.200301 129216368604864 feature_matching.cc:196] === Feature matching & geometric verification ===
I20261002 17:35:04.205665 129216054007488 sift.cc:1685] Creating SIFT CPU feature matcher
I20261002 17:35:04.205686 129216062400192 sift.cc:1685] Creating SIFT CPU feature matcher
I20261002 17:35:04.205729 129216070792896 sift.cc:1685] Creating SIFT CPU feature matcher
I20261002 17:35:04.205764 129216360212160 sift.cc:1685] Creating SIFT CPU feature matcher
I20261002 17:35:04.205783 129216351819456 sift.cc:1685] Creating SIFT CPU feature matcher
I20261002 17:35:04.205806 129216343426752 sift.cc:1685] Creating SIFT CPU feature matcher
I20261002 17:35:04.208184 129216368604864 pairing.cc:181] Generating exhaustive image pairs...
I20261002 17:35:04.208391 129216368604864 pairing.cc:214] Processing block [1/2, 1/2]
I20261002 17:35:07.313906 129216368604864 feature_matching.cc:218] in 3.106s
I20261002 17:35:07.314018 129216368604864 pairing.cc:214] Processing block [1/2, 2/2]
I20261002 17:35:09.401120 129216368604864 feature_matching.cc:218] in 2.087s
I20261002 17:35:09.401204 129216368604864 pairing.cc:214] Processing block [2/2, 1/2]
I20261002 17:35:12.130074 129216368604864 feature_matching.cc:218] in 2.729s
I20261002 17:35:12.130182 129216368604864 pairing.cc:214] Processing block [2/2, 2/2]
I20261002 17:35:14.998942 129216368604864 feature_matching.cc:218] in 2.869s
I20261002 17:35:14.999054 129216368604864 timer.cc:90] Elapsed time: 0.180 [minutes]
MATCH_GRAPH {"images": 96, "pair_rows": 4560, "raw_matches": 32441, "verified_inliers": 28568, "nonzero_verified_pairs": 1261, "geometry_config_counts": {"6": 1107, "1": 3299, "3": 124, "7": 30}, "by_threshold": {"15": {"pairs": 1261, "largest_component": 96, "component_sizes": [96], "isolated_images": 0}, "30": {"pairs": 194, "largest_component": 51, "component_sizes": [51, 5, 5, 3, 1, 1, 1, 1, 1, 1, 1, 1, 1, 1, 1, 1, 1, 1, 1, 1, 1, 1, 1, 1, 1, 1, 1, 1, 1, 1, 1, 1, 1, 1, 1, 1], "isolated_images": 32}, "50": {"pairs": 1, "largest_component": 2, "component_sizes": [2, 1, 1, 1, 1, 1, 1, 1, 1, 1, 1, 1, 1, 1, 1, 1, 1, 1, 1, 1, 1, 1, 1, 1, 1, 1, 1, 1, 1, 1, 1, 1, 1, 1, 1, 1, 1, 1, 1, 1, 1, 1, 1, 1, 1, 1, 1, 1, 1, 1, 1, 1, 1, 1, 1, 1, 1, 1, 1, 1, 1, 1, 1, 1, 1, 1, 1, 1, 1, 1, 1, 1, 1, 1, 1, 1, 1, 1, 1, 1, 1, 1, 1, 1, 1, 1, 1, 1, 1, 1, 1, 1, 1, 1, 1], "isolated_images": 94}, "100": {"pairs": 0, "largest_component": 1, "component_sizes": [1, 1, 1, 1, 1, 1, 1, 1, 1, 1, 1, 1, 1, 1, 1, 1, 1, 1, 1, 1, 1, 1, 1, 1, 1, 1, 1, 1, 1, 1, 1, 1, 1, 1, 1, 1, 1, 1, 1, 1, 1, 1, 1, 1, 1, 1, 1, 1, 1, 1, 1, 1, 1, 1, 1, 1, 1, 1, 1, 1, 1, 1, 1, 1, 1, 1, 1, 1, 1, 1, 1, 1, 1, 1, 1, 1, 1, 1, 1, 1, 1, 1, 1, 1, 1, 1, 1, 1, 1, 1, 1, 1, 1, 1, 1, 1], "isolated_images": 96}}, "keypoints_median": 51.0, "mask_violations": 0, "initial_cameras": [{"camera_id": 1, "params": [307.2, 307.2, 128.0, 128.0], "has_prior_focal_length": false}]}
I20261002 17:35:15.555022 129220434962240 incremental_pipeline.cc:353] Loading database
I20261002 17:35:15.556496 129220434962240 database_cache.cc:82] Loading rigs...
I20261002 17:35:15.556826 129220434962240 database_cache.cc:92]  1 in 0.000s
I20261002 17:35:15.556911 129220434962240 database_cache.cc:100] Loading cameras...
I20261002 17:35:15.557187 129220434962240 database_cache.cc:118]  1 in 0.000s
I20261002 17:35:15.557288 129220434962240 database_cache.cc:126] Loading frames...
I20261002 17:35:15.557856 129220434962240 database_cache.cc:136]  96 in 0.001s
I20261002 17:35:15.557941 129220434962240 database_cache.cc:144] Loading matches...
I20261002 17:35:15.568353 129220434962240 database_cache.cc:163]  1261 in 0.010s
I20261002 17:35:15.568446 129220434962240 database_cache.cc:171] Loading images...
I20261002 17:35:15.583578 129220434962240 database_cache.cc:268]  96 in 0.015s (connected 96, loaded 96)
I20261002 17:35:15.583654 129220434962240 database_cache.cc:282] Loading pose priors...
I20261002 17:35:15.583872 129220434962240 database_cache.cc:290]  0 in 0.000s
I20261002 17:35:15.583931 129220434962240 database_cache.cc:298] Building correspondence graph...
I20261002 17:35:15.585980 129220434962240 database_cache.cc:327]  in 0.002s (ignored 0)
I20261002 17:35:15.586093 129220434962240 timer.cc:90] Elapsed time: 0.001 [minutes]
I20261002 17:35:15.587499 129220434962240 incremental_pipeline.cc:465] Finding good initial image pair
I20261002 17:35:15.589352 129220434962240 incremental_pipeline.cc:472] => No good initial image pair found.
I20261002 17:35:15.589445 129220434962240 incremental_pipeline.cc:800] Discarding reconstruction due to no initial pair
I20261002 17:35:15.589763 129220434962240 incremental_pipeline.cc:429] => Relaxing the initialization constraints.
I20261002 17:35:15.590081 129220434962240 incremental_pipeline.cc:465] Finding good initial image pair
I20261002 17:35:15.592769 129220434962240 incremental_pipeline.cc:472] => No good initial image pair found.
I20261002 17:35:15.592871 129220434962240 incremental_pipeline.cc:800] Discarding reconstruction due to no initial pair
I20261002 17:35:15.593026 129220434962240 incremental_pipeline.cc:442] => Relaxing the initialization constraints.
I20261002 17:35:15.593413 129220434962240 incremental_pipeline.cc:465] Finding good initial image pair
I20261002 17:35:15.595834 129220434962240 incremental_pipeline.cc:472] => No good initial image pair found.
I20261002 17:35:15.595936 129220434962240 incremental_pipeline.cc:800] Discarding reconstruction due to no initial pair
I20261002 17:35:15.596095 129220434962240 incremental_pipeline.cc:429] => Relaxing the initialization constraints.
I20261002 17:35:15.596398 129220434962240 incremental_pipeline.cc:465] Finding good initial image pair
I20261002 17:35:15.609166 129220434962240 incremental_pipeline.cc:492] Registering initial image pair #71 and #69
I20261002 17:35:15.610152 129220434962240 incremental_pipeline.cc:510] Global bundle adjustment
I20261002 17:35:15.628948 129220434962240 incremental_pipeline.cc:620] Registering image #70 (num_reg_frames=2)
I20261002 17:35:15.629047 129220434962240 incremental_pipeline.cc:623] => Image sees 31 / 54 points
I20261002 17:35:15.632671 129220434962240 incremental_pipeline.cc:88] Retriangulation and Global bundle adjustment
I20261002 17:35:15.641774 129220434962240 incremental_pipeline.cc:620] Registering image #68 (num_reg_frames=3)
I20261002 17:35:15.641884 129220434962240 incremental_pipeline.cc:623] => Image sees 40 / 62 points
I20261002 17:35:15.643244 129220434962240 incremental_pipeline.cc:88] Retriangulation and Global bundle adjustment
I20261002 17:35:15.655335 129220434962240 incremental_pipeline.cc:620] Registering image #67 (num_reg_frames=4)
I20261002 17:35:15.655433 129220434962240 incremental_pipeline.cc:623] => Image sees 31 / 66 points
I20261002 17:35:15.655529 129220434962240 incremental_pipeline.cc:646] => Could not register, trying another image.
I20261002 17:35:15.655602 129220434962240 incremental_pipeline.cc:620] Registering image #72 (num_reg_frames=4)
I20261002 17:35:15.655665 129220434962240 incremental_pipeline.cc:623] => Image sees 31 / 52 points
I20261002 17:35:15.655732 129220434962240 incremental_pipeline.cc:646] => Could not register, trying another image.
I20261002 17:35:15.655792 129220434962240 incremental_pipeline.cc:620] Registering image #76 (num_reg_frames=4)
I20261002 17:35:15.655852 129220434962240 incremental_pipeline.cc:623] => Image sees 31 / 56 points
I20261002 17:35:15.655929 129220434962240 incremental_pipeline.cc:646] => Could not register, trying another image.
I20261002 17:35:15.656007 129220434962240 incremental_pipeline.cc:620] Registering image #89 (num_reg_frames=4)
I20261002 17:35:15.656073 129220434962240 incremental_pipeline.cc:623] => Image sees 30 / 59 points
I20261002 17:35:15.656152 129220434962240 incremental_pipeline.cc:646] => Could not register, trying another image.
I20261002 17:35:15.656235 129220434962240 incremental_pipeline.cc:620] Registering image #72 (num_reg_frames=4)
I20261002 17:35:15.656315 129220434962240 incremental_pipeline.cc:623] => Image sees 31 / 52 points
I20261002 17:35:15.656389 129220434962240 incremental_pipeline.cc:629] Registering image with structure-less fallback
I20261002 17:35:15.656473 129220434962240 incremental_pipeline.cc:631] => Image sees 139 / 862 correspondences
I20261002 17:35:15.656571 129220434962240 incremental_pipeline.cc:646] => Could not register, trying another image.
I20261002 17:35:15.656652 129220434962240 incremental_pipeline.cc:620] Registering image #67 (num_reg_frames=4)
I20261002 17:35:15.656728 129220434962240 incremental_pipeline.cc:623] => Image sees 31 / 66 points
I20261002 17:35:15.656799 129220434962240 incremental_pipeline.cc:629] Registering image with structure-less fallback
I20261002 17:35:15.656873 129220434962240 incremental_pipeline.cc:631] => Image sees 136 / 907 correspondences
I20261002 17:35:15.656946 129220434962240 incremental_pipeline.cc:646] => Could not register, trying another image.
I20261002 17:35:15.657011 129220434962240 incremental_pipeline.cc:620] Registering image #89 (num_reg_frames=4)
I20261002 17:35:15.657075 129220434962240 incremental_pipeline.cc:623] => Image sees 30 / 59 points
I20261002 17:35:15.657138 129220434962240 incremental_pipeline.cc:629] Registering image with structure-less fallback
I20261002 17:35:15.657211 129220434962240 incremental_pipeline.cc:631] => Image sees 104 / 910 correspondences
I20261002 17:35:15.657285 129220434962240 incremental_pipeline.cc:646] => Could not register, trying another image.
I20261002 17:35:15.657358 129220434962240 incremental_pipeline.cc:620] Registering image #76 (num_reg_frames=4)
I20261002 17:35:15.657431 129220434962240 incremental_pipeline.cc:623] => Image sees 31 / 56 points
I20261002 17:35:15.657525 129220434962240 incremental_pipeline.cc:629] Registering image with structure-less fallback
I20261002 17:35:15.657594 129220434962240 incremental_pipeline.cc:631] => Image sees 89 / 1025 correspondences
I20261002 17:35:15.657668 129220434962240 incremental_pipeline.cc:646] => Could not register, trying another image.
I20261002 17:35:15.657735 129220434962240 incremental_pipeline.cc:88] Retriangulation and Global bundle adjustment
I20261002 17:35:15.658274 129220434962240 incremental_pipeline.cc:620] Registering image #67 (num_reg_frames=4)
I20261002 17:35:15.658375 129220434962240 incremental_pipeline.cc:623] => Image sees 31 / 66 points
I20261002 17:35:15.658450 129220434962240 incremental_pipeline.cc:646] => Could not register, trying another image.
I20261002 17:35:15.658512 129220434962240 incremental_pipeline.cc:620] Registering image #72 (num_reg_frames=4)
I20261002 17:35:15.658596 129220434962240 incremental_pipeline.cc:623] => Image sees 31 / 52 points
I20261002 17:35:15.658691 129220434962240 incremental_pipeline.cc:646] => Could not register, trying another image.
I20261002 17:35:15.658864 129220434962240 incremental_pipeline.cc:620] Registering image #76 (num_reg_frames=4)
I20261002 17:35:15.658944 129220434962240 incremental_pipeline.cc:623] => Image sees 31 / 56 points
I20261002 17:35:15.659013 129220434962240 incremental_pipeline.cc:646] => Could not register, trying another image.
I20261002 17:35:15.659092 129220434962240 incremental_pipeline.cc:620] Registering image #89 (num_reg_frames=4)
I20261002 17:35:15.659185 129220434962240 incremental_pipeline.cc:623] => Image sees 30 / 59 points
I20261002 17:35:15.659265 129220434962240 incremental_pipeline.cc:646] => Could not register, trying another image.
I20261002 17:35:15.659354 129220434962240 incremental_pipeline.cc:620] Registering image #72 (num_reg_frames=4)
I20261002 17:35:15.659455 129220434962240 incremental_pipeline.cc:623] => Image sees 31 / 52 points
I20261002 17:35:15.659523 129220434962240 incremental_pipeline.cc:629] Registering image with structure-less fallback
I20261002 17:35:15.659627 129220434962240 incremental_pipeline.cc:631] => Image sees 139 / 862 correspondences
I20261002 17:35:15.659705 129220434962240 incremental_pipeline.cc:646] => Could not register, trying another image.
I20261002 17:35:15.659805 129220434962240 incremental_pipeline.cc:620] Registering image #67 (num_reg_frames=4)
I20261002 17:35:15.659937 129220434962240 incremental_pipeline.cc:623] => Image sees 31 / 66 points
I20261002 17:35:15.660038 129220434962240 incremental_pipeline.cc:629] Registering image with structure-less fallback
I20261002 17:35:15.660542 129220434962240 incremental_pipeline.cc:631] => Image sees 136 / 907 correspondences
I20261002 17:35:15.660670 129220434962240 incremental_pipeline.cc:646] => Could not register, trying another image.
I20261002 17:35:15.660768 129220434962240 incremental_pipeline.cc:620] Registering image #89 (num_reg_frames=4)
I20261002 17:35:15.660849 129220434962240 incremental_pipeline.cc:623] => Image sees 30 / 59 points
I20261002 17:35:15.660932 129220434962240 incremental_pipeline.cc:629] Registering image with structure-less fallback
I20261002 17:35:15.661011 129220434962240 incremental_pipeline.cc:631] => Image sees 104 / 910 correspondences
I20261002 17:35:15.661099 129220434962240 incremental_pipeline.cc:646] => Could not register, trying another image.
I20261002 17:35:15.661176 129220434962240 incremental_pipeline.cc:620] Registering image #76 (num_reg_frames=4)
I20261002 17:35:15.661244 129220434962240 incremental_pipeline.cc:623] => Image sees 31 / 56 points
I20261002 17:35:15.661309 129220434962240 incremental_pipeline.cc:629] Registering image with structure-less fallback
I20261002 17:35:15.661372 129220434962240 incremental_pipeline.cc:631] => Image sees 89 / 1025 correspondences
I20261002 17:35:15.661442 129220434962240 incremental_pipeline.cc:646] => Could not register, trying another image.
I20261002 17:35:15.661524 129220434962240 incremental_pipeline.cc:826] Keeping successful reconstruction
I20261002 17:35:15.670927 129220434962240 incremental_pipeline.cc:465] Finding good initial image pair
I20261002 17:35:15.680279 129220434962240 incremental_pipeline.cc:492] Registering initial image pair #79 and #90
I20261002 17:35:15.680625 129220434962240 incremental_pipeline.cc:510] Global bundle adjustment
I20261002 17:35:15.681798 129220434962240 incremental_pipeline.cc:791] Discarding reconstruction due to bad initial pair
I20261002 17:35:15.682359 129220434962240 incremental_pipeline.cc:465] Finding good initial image pair
I20261002 17:35:15.684629 129220434962240 incremental_pipeline.cc:492] Registering initial image pair #79 and #91
I20261002 17:35:15.684895 129220434962240 incremental_pipeline.cc:510] Global bundle adjustment
I20261002 17:35:15.686074 129220434962240 incremental_pipeline.cc:791] Discarding reconstruction due to bad initial pair
I20261002 17:35:15.686527 129220434962240 incremental_pipeline.cc:465] Finding good initial image pair
I20261002 17:35:15.688573 129220434962240 incremental_pipeline.cc:492] Registering initial image pair #75 and #90
I20261002 17:35:15.688853 129220434962240 incremental_pipeline.cc:510] Global bundle adjustment
I20261002 17:35:15.690061 129220434962240 incremental_pipeline.cc:791] Discarding reconstruction due to bad initial pair
I20261002 17:35:15.690543 129220434962240 incremental_pipeline.cc:465] Finding good initial image pair
I20261002 17:35:15.694311 129220434962240 incremental_pipeline.cc:492] Registering initial image pair #75 and #65
I20261002 17:35:15.694761 129220434962240 incremental_pipeline.cc:510] Global bundle adjustment
I20261002 17:35:15.695979 129220434962240 incremental_pipeline.cc:791] Discarding reconstruction due to bad initial pair
I20261002 17:35:15.696756 129220434962240 incremental_pipeline.cc:465] Finding good initial image pair
I20261002 17:35:15.699959 129220434962240 incremental_pipeline.cc:492] Registering initial image pair #67 and #61
I20261002 17:35:15.700245 129220434962240 incremental_pipeline.cc:510] Global bundle adjustment
I20261002 17:35:15.717046 129220434962240 incremental_pipeline.cc:88] Retriangulation and Global bundle adjustment
W20261002 17:35:15.717442 129220434962240 incremental_pipeline.cc:821] Discarding reconstruction due to insufficient size
I20261002 17:35:15.718067 129220434962240 incremental_pipeline.cc:465] Finding good initial image pair
I20261002 17:35:15.722422 129220434962240 incremental_pipeline.cc:492] Registering initial image pair #67 and #62
I20261002 17:35:15.722768 129220434962240 incremental_pipeline.cc:510] Global bundle adjustment
I20261002 17:35:15.724138 129220434962240 incremental_pipeline.cc:791] Discarding reconstruction due to bad initial pair
I20261002 17:35:15.724646 129220434962240 incremental_pipeline.cc:465] Finding good initial image pair
I20261002 17:35:15.739483 129220434962240 incremental_pipeline.cc:492] Registering initial image pair #64 and #60
I20261002 17:35:15.739886 129220434962240 incremental_pipeline.cc:510] Global bundle adjustment
I20261002 17:35:15.765373 129220434962240 incremental_pipeline.cc:88] Retriangulation and Global bundle adjustment
W20261002 17:35:15.767030 129220434962240 incremental_pipeline.cc:821] Discarding reconstruction due to insufficient size
I20261002 17:35:15.767747 129220434962240 incremental_pipeline.cc:465] Finding good initial image pair
I20261002 17:35:15.772333 129220434962240 incremental_pipeline.cc:492] Registering initial image pair #66 and #60
I20261002 17:35:15.772643 129220434962240 incremental_pipeline.cc:510] Global bundle adjustment
I20261002 17:35:15.773804 129220434962240 incremental_pipeline.cc:791] Discarding reconstruction due to bad initial pair
I20261002 17:35:15.774304 129220434962240 incremental_pipeline.cc:465] Finding good initial image pair
I20261002 17:35:15.778224 129220434962240 incremental_pipeline.cc:492] Registering initial image pair #84 and #90
I20261002 17:35:15.778630 129220434962240 incremental_pipeline.cc:510] Global bundle adjustment
I20261002 17:35:15.780037 129220434962240 incremental_pipeline.cc:791] Discarding reconstruction due to bad initial pair
I20261002 17:35:15.780552 129220434962240 incremental_pipeline.cc:465] Finding good initial image pair
I20261002 17:35:15.791112 129220434962240 incremental_pipeline.cc:492] Registering initial image pair #59 and #55
I20261002 17:35:15.791364 129220434962240 incremental_pipeline.cc:510] Global bundle adjustment
I20261002 17:35:15.792543 129220434962240 incremental_pipeline.cc:791] Discarding reconstruction due to bad initial pair
I20261002 17:35:15.792989 129220434962240 incremental_pipeline.cc:465] Finding good initial image pair
I20261002 17:35:15.796128 129220434962240 incremental_pipeline.cc:492] Registering initial image pair #51 and #48
I20261002 17:35:15.796391 129220434962240 incremental_pipeline.cc:510] Global bundle adjustment
I20261002 17:35:15.796918 129220434962240 incremental_pipeline.cc:791] Discarding reconstruction due to bad initial pair
I20261002 17:35:15.797323 129220434962240 incremental_pipeline.cc:465] Finding good initial image pair
I20261002 17:35:15.799991 129220434962240 incremental_pipeline.cc:492] Registering initial image pair #51 and #47
I20261002 17:35:15.800235 129220434962240 incremental_pipeline.cc:510] Global bundle adjustment
I20261002 17:35:15.801422 129220434962240 incremental_pipeline.cc:791] Discarding reconstruction due to bad initial pair
I20261002 17:35:15.801819 129220434962240 incremental_pipeline.cc:465] Finding good initial image pair
I20261002 17:35:15.803883 129220434962240 incremental_pipeline.cc:492] Registering initial image pair #25 and #28
I20261002 17:35:15.804120 129220434962240 incremental_pipeline.cc:510] Global bundle adjustment
I20261002 17:35:15.805158 129220434962240 incremental_pipeline.cc:791] Discarding reconstruction due to bad initial pair
I20261002 17:35:15.805737 129220434962240 incremental_pipeline.cc:465] Finding good initial image pair
I20261002 17:35:15.815133 129220434962240 incremental_pipeline.cc:492] Registering initial image pair #50 and #47
I20261002 17:35:15.815425 129220434962240 incremental_pipeline.cc:510] Global bundle adjustment
I20261002 17:35:15.832446 129220434962240 incremental_pipeline.cc:620] Registering image #49 (num_reg_frames=2)
I20261002 17:35:15.832538 129220434962240 incremental_pipeline.cc:623] => Image sees 30 / 71 points
I20261002 17:35:15.834021 129220434962240 incremental_pipeline.cc:88] Retriangulation and Global bundle adjustment
I20261002 17:35:15.846034 129220434962240 incremental_pipeline.cc:620] Registering image #51 (num_reg_frames=3)
I20261002 17:35:15.846174 129220434962240 incremental_pipeline.cc:623] => Image sees 38 / 69 points
I20261002 17:35:15.847816 129220434962240 incremental_pipeline.cc:88] Retriangulation and Global bundle adjustment
I20261002 17:35:15.865029 129220434962240 incremental_pipeline.cc:620] Registering image #48 (num_reg_frames=4)
I20261002 17:35:15.865270 129220434962240 incremental_pipeline.cc:623] => Image sees 35 / 64 points
I20261002 17:35:15.867034 129220434962240 incremental_pipeline.cc:88] Retriangulation and Global bundle adjustment
I20261002 17:35:15.877521 129220434962240 incremental_pipeline.cc:620] Registering image #53 (num_reg_frames=5)
I20261002 17:35:15.877645 129220434962240 incremental_pipeline.cc:623] => Image sees 35 / 64 points
I20261002 17:35:15.879730 129220434962240 incremental_pipeline.cc:88] Retriangulation and Global bundle adjustment
I20261002 17:35:15.914586 129220434962240 incremental_pipeline.cc:88] Retriangulation and Global bundle adjustment
W20261002 17:35:15.915990 129220434962240 incremental_pipeline.cc:821] Discarding reconstruction due to insufficient size
I20261002 17:35:15.916570 129220434962240 incremental_pipeline.cc:465] Finding good initial image pair
I20261002 17:35:15.923148 129220434962240 incremental_pipeline.cc:492] Registering initial image pair #50 and #46
I20261002 17:35:15.923444 129220434962240 incremental_pipeline.cc:510] Global bundle adjustment
I20261002 17:35:15.924691 129220434962240 incremental_pipeline.cc:791] Discarding reconstruction due to bad initial pair
I20261002 17:35:15.925183 129220434962240 incremental_pipeline.cc:465] Finding good initial image pair
I20261002 17:35:15.929346 129220434962240 incremental_pipeline.cc:492] Registering initial image pair #45 and #42
I20261002 17:35:15.929625 129220434962240 incremental_pipeline.cc:510] Global bundle adjustment
I20261002 17:35:15.947006 129220434962240 incremental_pipeline.cc:88] Retriangulation and Global bundle adjustment
W20261002 17:35:15.947343 129220434962240 incremental_pipeline.cc:821] Discarding reconstruction due to insufficient size
I20261002 17:35:15.947885 129220434962240 incremental_pipeline.cc:465] Finding good initial image pair
I20261002 17:35:15.951603 129220434962240 incremental_pipeline.cc:492] Registering initial image pair #29 and #30
I20261002 17:35:15.951874 129220434962240 incremental_pipeline.cc:510] Global bundle adjustment
I20261002 17:35:15.953106 129220434962240 incremental_pipeline.cc:791] Discarding reconstruction due to bad initial pair
I20261002 17:35:15.953578 129220434962240 incremental_pipeline.cc:465] Finding good initial image pair
I20261002 17:35:15.956391 129220434962240 incremental_pipeline.cc:472] => No good initial image pair found.
I20261002 17:35:15.956519 129220434962240 incremental_pipeline.cc:800] Discarding reconstruction due to no initial pair
I20261002 17:35:15.956693 129220434962240 incremental_pipeline.cc:442] => Relaxing the initialization constraints.
I20261002 17:35:15.957055 129220434962240 incremental_pipeline.cc:465] Finding good initial image pair
I20261002 17:35:15.962698 129220434962240 incremental_pipeline.cc:492] Registering initial image pair #79 and #82
I20261002 17:35:15.963076 129220434962240 incremental_pipeline.cc:510] Global bundle adjustment
I20261002 17:35:15.980953 129220434962240 incremental_pipeline.cc:620] Registering image #83 (num_reg_frames=2)
I20261002 17:35:15.981051 129220434962240 incremental_pipeline.cc:623] => Image sees 33 / 51 points
I20261002 17:35:15.982340 129220434962240 incremental_pipeline.cc:88] Retriangulation and Global bundle adjustment
I20261002 17:35:15.995354 129220434962240 incremental_pipeline.cc:620] Registering image #78 (num_reg_frames=3)
I20261002 17:35:15.995451 129220434962240 incremental_pipeline.cc:623] => Image sees 36 / 57 points
I20261002 17:35:15.996403 129220434962240 incremental_pipeline.cc:88] Retriangulation and Global bundle adjustment
I20261002 17:35:16.006164 129220434962240 incremental_pipeline.cc:620] Registering image #81 (num_reg_frames=4)
I20261002 17:35:16.006291 129220434962240 incremental_pipeline.cc:623] => Image sees 37 / 48 points
I20261002 17:35:16.007496 129220434962240 incremental_pipeline.cc:88] Retriangulation and Global bundle adjustment
I20261002 17:35:16.024870 129220434962240 incremental_pipeline.cc:620] Registering image #80 (num_reg_frames=5)
I20261002 17:35:16.024979 129220434962240 incremental_pipeline.cc:623] => Image sees 40 / 51 points
I20261002 17:35:16.026128 129220434962240 incremental_pipeline.cc:88] Retriangulation and Global bundle adjustment
I20261002 17:35:16.036672 129220434962240 incremental_pipeline.cc:620] Registering image #86 (num_reg_frames=6)
I20261002 17:35:16.036773 129220434962240 incremental_pipeline.cc:623] => Image sees 37 / 51 points
I20261002 17:35:16.038967 129220434962240 incremental_pipeline.cc:88] Retriangulation and Global bundle adjustment
I20261002 17:35:16.053952 129220434962240 incremental_pipeline.cc:620] Registering image #76 (num_reg_frames=7)
I20261002 17:35:16.054046 129220434962240 incremental_pipeline.cc:623] => Image sees 40 / 56 points
I20261002 17:35:16.054149 129220434962240 incremental_pipeline.cc:646] => Could not register, trying another image.
I20261002 17:35:16.054246 129220434962240 incremental_pipeline.cc:620] Registering image #87 (num_reg_frames=7)
I20261002 17:35:16.054326 129220434962240 incremental_pipeline.cc:623] => Image sees 37 / 52 points
I20261002 17:35:16.054409 129220434962240 incremental_pipeline.cc:646] => Could not register, trying another image.
I20261002 17:35:16.054581 129220434962240 incremental_pipeline.cc:620] Registering image #71 (num_reg_frames=7)
I20261002 17:35:16.054681 129220434962240 incremental_pipeline.cc:623] => Image sees 36 / 65 points
I20261002 17:35:16.054778 129220434962240 incremental_pipeline.cc:646] => Could not register, trying another image.
I20261002 17:35:16.054866 129220434962240 incremental_pipeline.cc:620] Registering image #85 (num_reg_frames=7)
I20261002 17:35:16.054941 129220434962240 incremental_pipeline.cc:623] => Image sees 38 / 54 points
I20261002 17:35:16.055022 129220434962240 incremental_pipeline.cc:646] => Could not register, trying another image.
I20261002 17:35:16.055096 129220434962240 incremental_pipeline.cc:620] Registering image #84 (num_reg_frames=7)
I20261002 17:35:16.055160 129220434962240 incremental_pipeline.cc:623] => Image sees 34 / 48 points
I20261002 17:35:16.055229 129220434962240 incremental_pipeline.cc:646] => Could not register, trying another image.
I20261002 17:35:16.055289 129220434962240 incremental_pipeline.cc:620] Registering image #89 (num_reg_frames=7)
I20261002 17:35:16.055370 129220434962240 incremental_pipeline.cc:623] => Image sees 37 / 59 points
I20261002 17:35:16.055451 129220434962240 incremental_pipeline.cc:646] => Could not register, trying another image.
I20261002 17:35:16.055516 129220434962240 incremental_pipeline.cc:620] Registering image #77 (num_reg_frames=7)
I20261002 17:35:16.055585 129220434962240 incremental_pipeline.cc:623] => Image sees 40 / 52 points
I20261002 17:35:16.055661 129220434962240 incremental_pipeline.cc:646] => Could not register, trying another image.
I20261002 17:35:16.055725 129220434962240 incremental_pipeline.cc:620] Registering image #90 (num_reg_frames=7)
I20261002 17:35:16.055794 129220434962240 incremental_pipeline.cc:623] => Image sees 34 / 52 points
I20261002 17:35:16.055870 129220434962240 incremental_pipeline.cc:646] => Could not register, trying another image.
I20261002 17:35:16.055933 129220434962240 incremental_pipeline.cc:620] Registering image #75 (num_reg_frames=7)
I20261002 17:35:16.056002 129220434962240 incremental_pipeline.cc:623] => Image sees 35 / 59 points
I20261002 17:35:16.056079 129220434962240 incremental_pipeline.cc:646] => Could not register, trying another image.
I20261002 17:35:16.056143 129220434962240 incremental_pipeline.cc:620] Registering image #92 (num_reg_frames=7)
I20261002 17:35:16.056211 129220434962240 incremental_pipeline.cc:623] => Image sees 30 / 45 points
I20261002 17:35:16.056285 129220434962240 incremental_pipeline.cc:646] => Could not register, trying another image.
I20261002 17:35:16.056352 129220434962240 incremental_pipeline.cc:620] Registering image #91 (num_reg_frames=7)
I20261002 17:35:16.056423 129220434962240 incremental_pipeline.cc:623] => Image sees 32 / 48 points
I20261002 17:35:16.056497 129220434962240 incremental_pipeline.cc:646] => Could not register, trying another image.
I20261002 17:35:16.056560 129220434962240 incremental_pipeline.cc:620] Registering image #72 (num_reg_frames=7)
I20261002 17:35:16.056627 129220434962240 incremental_pipeline.cc:623] => Image sees 30 / 52 points
I20261002 17:35:16.056702 129220434962240 incremental_pipeline.cc:646] => Could not register, trying another image.
I20261002 17:35:16.056765 129220434962240 incremental_pipeline.cc:620] Registering image #68 (num_reg_frames=7)
I20261002 17:35:16.056833 129220434962240 incremental_pipeline.cc:623] => Image sees 32 / 62 points
I20261002 17:35:16.056909 129220434962240 incremental_pipeline.cc:646] => Could not register, trying another image.
I20261002 17:35:16.056972 129220434962240 incremental_pipeline.cc:620] Registering image #74 (num_reg_frames=7)
I20261002 17:35:16.057052 129220434962240 incremental_pipeline.cc:623] => Image sees 34 / 58 points
I20261002 17:35:16.057129 129220434962240 incremental_pipeline.cc:646] => Could not register, trying another image.
I20261002 17:35:16.057206 129220434962240 incremental_pipeline.cc:620] Registering image #73 (num_reg_frames=7)
I20261002 17:35:16.057293 129220434962240 incremental_pipeline.cc:623] => Image sees 30 / 46 points
I20261002 17:35:16.057386 129220434962240 incremental_pipeline.cc:646] => Could not register, trying another image.
I20261002 17:35:16.057469 129220434962240 incremental_pipeline.cc:620] Registering image #77 (num_reg_frames=7)
I20261002 17:35:16.057536 129220434962240 incremental_pipeline.cc:623] => Image sees 40 / 52 points
I20261002 17:35:16.057610 129220434962240 incremental_pipeline.cc:629] Registering image with structure-less fallback
I20261002 17:35:16.057674 129220434962240 incremental_pipeline.cc:631] => Image sees 235 / 950 correspondences
I20261002 17:35:16.057746 129220434962240 incremental_pipeline.cc:646] => Could not register, trying another image.
I20261002 17:35:16.057809 129220434962240 incremental_pipeline.cc:620] Registering image #76 (num_reg_frames=7)
I20261002 17:35:16.057876 129220434962240 incremental_pipeline.cc:623] => Image sees 40 / 56 points
I20261002 17:35:16.057939 129220434962240 incremental_pipeline.cc:629] Registering image with structure-less fallback
I20261002 17:35:16.058002 129220434962240 incremental_pipeline.cc:631] => Image sees 233 / 1025 correspondences
I20261002 17:35:16.058073 129220434962240 incremental_pipeline.cc:646] => Could not register, trying another image.
I20261002 17:35:16.058138 129220434962240 incremental_pipeline.cc:620] Registering image #87 (num_reg_frames=7)
I20261002 17:35:16.058209 129220434962240 incremental_pipeline.cc:623] => Image sees 37 / 52 points
I20261002 17:35:16.058274 129220434962240 incremental_pipeline.cc:629] Registering image with structure-less fallback
I20261002 17:35:16.058345 129220434962240 incremental_pipeline.cc:631] => Image sees 233 / 877 correspondences
I20261002 17:35:16.058421 129220434962240 incremental_pipeline.cc:646] => Could not register, trying another image.
I20261002 17:35:16.058484 129220434962240 incremental_pipeline.cc:620] Registering image #85 (num_reg_frames=7)
I20261002 17:35:16.058550 129220434962240 incremental_pipeline.cc:623] => Image sees 38 / 54 points
I20261002 17:35:16.058614 129220434962240 incremental_pipeline.cc:629] Registering image with structure-less fallback
I20261002 17:35:16.058676 129220434962240 incremental_pipeline.cc:631] => Image sees 224 / 813 correspondences
I20261002 17:35:16.058759 129220434962240 incremental_pipeline.cc:646] => Could not register, trying another image.
I20261002 17:35:16.058834 129220434962240 incremental_pipeline.cc:620] Registering image #75 (num_reg_frames=7)
I20261002 17:35:16.058901 129220434962240 incremental_pipeline.cc:623] => Image sees 35 / 59 points
I20261002 17:35:16.058963 129220434962240 incremental_pipeline.cc:629] Registering image with structure-less fallback
I20261002 17:35:16.059027 129220434962240 incremental_pipeline.cc:631] => Image sees 214 / 1101 correspondences
I20261002 17:35:16.059098 129220434962240 incremental_pipeline.cc:646] => Could not register, trying another image.
I20261002 17:35:16.059159 129220434962240 incremental_pipeline.cc:620] Registering image #89 (num_reg_frames=7)
I20261002 17:35:16.059221 129220434962240 incremental_pipeline.cc:623] => Image sees 37 / 59 points
I20261002 17:35:16.059338 129220434962240 incremental_pipeline.cc:629] Registering image with structure-less fallback
I20261002 17:35:16.059602 129220434962240 incremental_pipeline.cc:631] => Image sees 207 / 910 correspondences
I20261002 17:35:16.059758 129220434962240 incremental_pipeline.cc:646] => Could not register, trying another image.
I20261002 17:35:16.060079 129220434962240 incremental_pipeline.cc:620] Registering image #74 (num_reg_frames=7)
I20261002 17:35:16.060197 129220434962240 incremental_pipeline.cc:623] => Image sees 34 / 58 points
I20261002 17:35:16.060371 129220434962240 incremental_pipeline.cc:629] Registering image with structure-less fallback
I20261002 17:35:16.060519 129220434962240 incremental_pipeline.cc:631] => Image sees 194 / 970 correspondences
I20261002 17:35:16.060628 129220434962240 incremental_pipeline.cc:646] => Could not register, trying another image.
I20261002 17:35:16.060697 129220434962240 incremental_pipeline.cc:620] Registering image #84 (num_reg_frames=7)
I20261002 17:35:16.060776 129220434962240 incremental_pipeline.cc:623] => Image sees 34 / 48 points
I20261002 17:35:16.060846 129220434962240 incremental_pipeline.cc:629] Registering image with structure-less fallback
I20261002 17:35:16.060915 129220434962240 incremental_pipeline.cc:631] => Image sees 193 / 733 correspondences
I20261002 17:35:16.061013 129220434962240 incremental_pipeline.cc:646] => Could not register, trying another image.
I20261002 17:35:16.061111 129220434962240 incremental_pipeline.cc:620] Registering image #90 (num_reg_frames=7)
I20261002 17:35:16.061191 129220434962240 incremental_pipeline.cc:623] => Image sees 34 / 52 points
I20261002 17:35:16.061273 129220434962240 incremental_pipeline.cc:629] Registering image with structure-less fallback
I20261002 17:35:16.061340 129220434962240 incremental_pipeline.cc:631] => Image sees 189 / 777 correspondences
I20261002 17:35:16.061412 129220434962240 incremental_pipeline.cc:646] => Could not register, trying another image.
I20261002 17:35:16.061473 129220434962240 incremental_pipeline.cc:620] Registering image #91 (num_reg_frames=7)
I20261002 17:35:16.061585 129220434962240 incremental_pipeline.cc:623] => Image sees 32 / 48 points
I20261002 17:35:16.061765 129220434962240 incremental_pipeline.cc:629] Registering image with structure-less fallback
I20261002 17:35:16.061886 129220434962240 incremental_pipeline.cc:631] => Image sees 184 / 703 correspondences
I20261002 17:35:16.061981 129220434962240 incremental_pipeline.cc:646] => Could not register, trying another image.
I20261002 17:35:16.062067 129220434962240 incremental_pipeline.cc:620] Registering image #71 (num_reg_frames=7)
I20261002 17:35:16.062140 129220434962240 incremental_pipeline.cc:623] => Image sees 36 / 65 points
I20261002 17:35:16.062242 129220434962240 incremental_pipeline.cc:629] Registering image with structure-less fallback
I20261002 17:35:16.062340 129220434962240 incremental_pipeline.cc:631] => Image sees 180 / 1018 correspondences
I20261002 17:35:16.062453 129220434962240 incremental_pipeline.cc:646] => Could not register, trying another image.
I20261002 17:35:16.062547 129220434962240 incremental_pipeline.cc:620] Registering image #73 (num_reg_frames=7)
I20261002 17:35:16.062639 129220434962240 incremental_pipeline.cc:623] => Image sees 30 / 46 points
I20261002 17:35:16.062749 129220434962240 incremental_pipeline.cc:629] Registering image with structure-less fallback
I20261002 17:35:16.062829 129220434962240 incremental_pipeline.cc:631] => Image sees 170 / 895 correspondences
I20261002 17:35:16.062919 129220434962240 incremental_pipeline.cc:646] => Could not register, trying another image.
I20261002 17:35:16.062992 129220434962240 incremental_pipeline.cc:620] Registering image #72 (num_reg_frames=7)
I20261002 17:35:16.063068 129220434962240 incremental_pipeline.cc:623] => Image sees 30 / 52 points
I20261002 17:35:16.063156 129220434962240 incremental_pipeline.cc:629] Registering image with structure-less fallback
I20261002 17:35:16.063223 129220434962240 incremental_pipeline.cc:631] => Image sees 166 / 862 correspondences
I20261002 17:35:16.063305 129220434962240 incremental_pipeline.cc:646] => Could not register, trying another image.
I20261002 17:35:16.063380 129220434962240 incremental_pipeline.cc:620] Registering image #68 (num_reg_frames=7)
I20261002 17:35:16.063458 129220434962240 incremental_pipeline.cc:623] => Image sees 32 / 62 points
I20261002 17:35:16.063533 129220434962240 incremental_pipeline.cc:629] Registering image with structure-less fallback
I20261002 17:35:16.063603 129220434962240 incremental_pipeline.cc:631] => Image sees 162 / 883 correspondences
I20261002 17:35:16.063677 129220434962240 incremental_pipeline.cc:646] => Could not register, trying another image.
I20261002 17:35:16.063748 129220434962240 incremental_pipeline.cc:620] Registering image #92 (num_reg_frames=7)
I20261002 17:35:16.063820 129220434962240 incremental_pipeline.cc:623] => Image sees 30 / 45 points
I20261002 17:35:16.063888 129220434962240 incremental_pipeline.cc:629] Registering image with structure-less fallback
I20261002 17:35:16.063970 129220434962240 incremental_pipeline.cc:631] => Image sees 157 / 589 correspondences
I20261002 17:35:16.064048 129220434962240 incremental_pipeline.cc:646] => Could not register, trying another image.
I20261002 17:35:16.064120 129220434962240 incremental_pipeline.cc:88] Retriangulation and Global bundle adjustment
I20261002 17:35:16.065169 129220434962240 incremental_pipeline.cc:620] Registering image #76 (num_reg_frames=7)
I20261002 17:35:16.065270 129220434962240 incremental_pipeline.cc:623] => Image sees 40 / 56 points
I20261002 17:35:16.065424 129220434962240 incremental_pipeline.cc:646] => Could not register, trying another image.
I20261002 17:35:16.065574 129220434962240 incremental_pipeline.cc:620] Registering image #87 (num_reg_frames=7)
I20261002 17:35:16.065676 129220434962240 incremental_pipeline.cc:623] => Image sees 37 / 52 points
I20261002 17:35:16.065768 129220434962240 incremental_pipeline.cc:646] => Could not register, trying another image.
I20261002 17:35:16.065844 129220434962240 incremental_pipeline.cc:620] Registering image #71 (num_reg_frames=7)
I20261002 17:35:16.065925 129220434962240 incremental_pipeline.cc:623] => Image sees 36 / 65 points
I20261002 17:35:16.066018 129220434962240 incremental_pipeline.cc:646] => Could not register, trying another image.
I20261002 17:35:16.066086 129220434962240 incremental_pipeline.cc:620] Registering image #85 (num_reg_frames=7)
I20261002 17:35:16.066153 129220434962240 incremental_pipeline.cc:623] => Image sees 38 / 54 points
I20261002 17:35:16.066224 129220434962240 incremental_pipeline.cc:646] => Could not register, trying another image.
I20261002 17:35:16.066302 129220434962240 incremental_pipeline.cc:620] Registering image #84 (num_reg_frames=7)
I20261002 17:35:16.066387 129220434962240 incremental_pipeline.cc:623] => Image sees 34 / 48 points
I20261002 17:35:16.066470 129220434962240 incremental_pipeline.cc:646] => Could not register, trying another image.
I20261002 17:35:16.066540 129220434962240 incremental_pipeline.cc:620] Registering image #89 (num_reg_frames=7)
I20261002 17:35:16.066620 129220434962240 incremental_pipeline.cc:623] => Image sees 37 / 59 points
I20261002 17:35:16.066705 129220434962240 incremental_pipeline.cc:646] => Could not register, trying another image.
I20261002 17:35:16.066782 129220434962240 incremental_pipeline.cc:620] Registering image #77 (num_reg_frames=7)
I20261002 17:35:16.066851 129220434962240 incremental_pipeline.cc:623] => Image sees 40 / 52 points
I20261002 17:35:16.066930 129220434962240 incremental_pipeline.cc:646] => Could not register, trying another image.
I20261002 17:35:16.066995 129220434962240 incremental_pipeline.cc:620] Registering image #90 (num_reg_frames=7)
I20261002 17:35:16.067061 129220434962240 incremental_pipeline.cc:623] => Image sees 34 / 52 points
I20261002 17:35:16.067140 129220434962240 incremental_pipeline.cc:646] => Could not register, trying another image.
I20261002 17:35:16.067212 129220434962240 incremental_pipeline.cc:620] Registering image #75 (num_reg_frames=7)
I20261002 17:35:16.067279 129220434962240 incremental_pipeline.cc:623] => Image sees 35 / 59 points
I20261002 17:35:16.067353 129220434962240 incremental_pipeline.cc:646] => Could not register, trying another image.
I20261002 17:35:16.067413 129220434962240 incremental_pipeline.cc:620] Registering image #92 (num_reg_frames=7)
I20261002 17:35:16.067474 129220434962240 incremental_pipeline.cc:623] => Image sees 30 / 45 points
I20261002 17:35:16.067541 129220434962240 incremental_pipeline.cc:646] => Could not register, trying another image.
I20261002 17:35:16.067601 129220434962240 incremental_pipeline.cc:620] Registering image #91 (num_reg_frames=7)
I20261002 17:35:16.067662 129220434962240 incremental_pipeline.cc:623] => Image sees 32 / 48 points
I20261002 17:35:16.067729 129220434962240 incremental_pipeline.cc:646] => Could not register, trying another image.
I20261002 17:35:16.067789 129220434962240 incremental_pipeline.cc:620] Registering image #72 (num_reg_frames=7)
I20261002 17:35:16.067859 129220434962240 incremental_pipeline.cc:623] => Image sees 30 / 52 points
I20261002 17:35:16.067928 129220434962240 incremental_pipeline.cc:646] => Could not register, trying another image.
I20261002 17:35:16.067988 129220434962240 incremental_pipeline.cc:620] Registering image #68 (num_reg_frames=7)
I20261002 17:35:16.068049 129220434962240 incremental_pipeline.cc:623] => Image sees 32 / 62 points
I20261002 17:35:16.068117 129220434962240 incremental_pipeline.cc:646] => Could not register, trying another image.
I20261002 17:35:16.068175 129220434962240 incremental_pipeline.cc:620] Registering image #74 (num_reg_frames=7)
I20261002 17:35:16.068235 129220434962240 incremental_pipeline.cc:623] => Image sees 34 / 58 points
I20261002 17:35:16.068303 129220434962240 incremental_pipeline.cc:646] => Could not register, trying another image.
I20261002 17:35:16.068364 129220434962240 incremental_pipeline.cc:620] Registering image #73 (num_reg_frames=7)
I20261002 17:35:16.068426 129220434962240 incremental_pipeline.cc:623] => Image sees 30 / 46 points
I20261002 17:35:16.068493 129220434962240 incremental_pipeline.cc:646] => Could not register, trying another image.
I20261002 17:35:16.068599 129220434962240 incremental_pipeline.cc:620] Registering image #77 (num_reg_frames=7)
I20261002 17:35:16.068686 129220434962240 incremental_pipeline.cc:623] => Image sees 40 / 52 points
I20261002 17:35:16.068769 129220434962240 incremental_pipeline.cc:629] Registering image with structure-less fallback
I20261002 17:35:16.068836 129220434962240 incremental_pipeline.cc:631] => Image sees 235 / 950 correspondences
I20261002 17:35:16.068907 129220434962240 incremental_pipeline.cc:646] => Could not register, trying another image.
I20261002 17:35:16.068967 129220434962240 incremental_pipeline.cc:620] Registering image #76 (num_reg_frames=7)
I20261002 17:35:16.069032 129220434962240 incremental_pipeline.cc:623] => Image sees 40 / 56 points
I20261002 17:35:16.069097 129220434962240 incremental_pipeline.cc:629] Registering image with structure-less fallback
I20261002 17:35:16.069158 129220434962240 incremental_pipeline.cc:631] => Image sees 233 / 1025 correspondences
I20261002 17:35:16.069226 129220434962240 incremental_pipeline.cc:646] => Could not register, trying another image.
I20261002 17:35:16.069286 129220434962240 incremental_pipeline.cc:620] Registering image #87 (num_reg_frames=7)
I20261002 17:35:16.069356 129220434962240 incremental_pipeline.cc:623] => Image sees 37 / 52 points
I20261002 17:35:16.069420 129220434962240 incremental_pipeline.cc:629] Registering image with structure-less fallback
I20261002 17:35:16.069486 129220434962240 incremental_pipeline.cc:631] => Image sees 233 / 877 correspondences
I20261002 17:35:16.069557 129220434962240 incremental_pipeline.cc:646] => Could not register, trying another image.
I20261002 17:35:16.069637 129220434962240 incremental_pipeline.cc:620] Registering image #85 (num_reg_frames=7)
I20261002 17:35:16.069714 129220434962240 incremental_pipeline.cc:623] => Image sees 38 / 54 points
I20261002 17:35:16.069781 129220434962240 incremental_pipeline.cc:629] Registering image with structure-less fallback
I20261002 17:35:16.069844 129220434962240 incremental_pipeline.cc:631] => Image sees 224 / 813 correspondences
I20261002 17:35:16.069917 129220434962240 incremental_pipeline.cc:646] => Could not register, trying another image.
I20261002 17:35:16.069990 129220434962240 incremental_pipeline.cc:620] Registering image #75 (num_reg_frames=7)
I20261002 17:35:16.070062 129220434962240 incremental_pipeline.cc:623] => Image sees 35 / 59 points
I20261002 17:35:16.070138 129220434962240 incremental_pipeline.cc:629] Registering image with structure-less fallback
I20261002 17:35:16.070210 129220434962240 incremental_pipeline.cc:631] => Image sees 214 / 1101 correspondences
I20261002 17:35:16.070289 129220434962240 incremental_pipeline.cc:646] => Could not register, trying another image.
I20261002 17:35:16.070364 129220434962240 incremental_pipeline.cc:620] Registering image #89 (num_reg_frames=7)
I20261002 17:35:16.070447 129220434962240 incremental_pipeline.cc:623] => Image sees 37 / 59 points
I20261002 17:35:16.070518 129220434962240 incremental_pipeline.cc:629] Registering image with structure-less fallback
I20261002 17:35:16.070600 129220434962240 incremental_pipeline.cc:631] => Image sees 207 / 910 correspondences
I20261002 17:35:16.070685 129220434962240 incremental_pipeline.cc:646] => Could not register, trying another image.
I20261002 17:35:16.070782 129220434962240 incremental_pipeline.cc:620] Registering image #74 (num_reg_frames=7)
I20261002 17:35:16.070860 129220434962240 incremental_pipeline.cc:623] => Image sees 34 / 58 points
I20261002 17:35:16.070930 129220434962240 incremental_pipeline.cc:629] Registering image with structure-less fallback
I20261002 17:35:16.070991 129220434962240 incremental_pipeline.cc:631] => Image sees 194 / 970 correspondences
I20261002 17:35:16.071063 129220434962240 incremental_pipeline.cc:646] => Could not register, trying another image.
I20261002 17:35:16.071125 129220434962240 incremental_pipeline.cc:620] Registering image #84 (num_reg_frames=7)
I20261002 17:35:16.071188 129220434962240 incremental_pipeline.cc:623] => Image sees 34 / 48 points
I20261002 17:35:16.071253 129220434962240 incremental_pipeline.cc:629] Registering image with structure-less fallback
I20261002 17:35:16.071318 129220434962240 incremental_pipeline.cc:631] => Image sees 193 / 733 correspondences
I20261002 17:35:16.071396 129220434962240 incremental_pipeline.cc:646] => Could not register, trying another image.
I20261002 17:35:16.071483 129220434962240 incremental_pipeline.cc:620] Registering image #90 (num_reg_frames=7)
I20261002 17:35:16.071567 129220434962240 incremental_pipeline.cc:623] => Image sees 34 / 52 points
I20261002 17:35:16.071836 129220434962240 incremental_pipeline.cc:629] Registering image with structure-less fallback
I20261002 17:35:16.071937 129220434962240 incremental_pipeline.cc:631] => Image sees 189 / 777 correspondences
I20261002 17:35:16.072025 129220434962240 incremental_pipeline.cc:646] => Could not register, trying another image.
I20261002 17:35:16.072114 129220434962240 incremental_pipeline.cc:620] Registering image #91 (num_reg_frames=7)
I20261002 17:35:16.072206 129220434962240 incremental_pipeline.cc:623] => Image sees 32 / 48 points
I20261002 17:35:16.072278 129220434962240 incremental_pipeline.cc:629] Registering image with structure-less fallback
I20261002 17:35:16.072349 129220434962240 incremental_pipeline.cc:631] => Image sees 184 / 703 correspondences
I20261002 17:35:16.072444 129220434962240 incremental_pipeline.cc:646] => Could not register, trying another image.
I20261002 17:35:16.072580 129220434962240 incremental_pipeline.cc:620] Registering image #71 (num_reg_frames=7)
I20261002 17:35:16.073156 129220434962240 incremental_pipeline.cc:623] => Image sees 36 / 65 points
I20261002 17:35:16.073296 129220434962240 incremental_pipeline.cc:629] Registering image with structure-less fallback
I20261002 17:35:16.073388 129220434962240 incremental_pipeline.cc:631] => Image sees 180 / 1018 correspondences
I20261002 17:35:16.073478 129220434962240 incremental_pipeline.cc:646] => Could not register, trying another image.
I20261002 17:35:16.073556 129220434962240 incremental_pipeline.cc:620] Registering image #73 (num_reg_frames=7)
I20261002 17:35:16.073625 129220434962240 incremental_pipeline.cc:623] => Image sees 30 / 46 points
I20261002 17:35:16.073687 129220434962240 incremental_pipeline.cc:629] Registering image with structure-less fallback
I20261002 17:35:16.073759 129220434962240 incremental_pipeline.cc:631] => Image sees 170 / 895 correspondences
I20261002 17:35:16.073830 129220434962240 incremental_pipeline.cc:646] => Could not register, trying another image.
I20261002 17:35:16.073903 129220434962240 incremental_pipeline.cc:620] Registering image #72 (num_reg_frames=7)
I20261002 17:35:16.073968 129220434962240 incremental_pipeline.cc:623] => Image sees 30 / 52 points
I20261002 17:35:16.074031 129220434962240 incremental_pipeline.cc:629] Registering image with structure-less fallback
I20261002 17:35:16.074112 129220434962240 incremental_pipeline.cc:631] => Image sees 166 / 862 correspondences
I20261002 17:35:16.074194 129220434962240 incremental_pipeline.cc:646] => Could not register, trying another image.
I20261002 17:35:16.074266 129220434962240 incremental_pipeline.cc:620] Registering image #68 (num_reg_frames=7)
I20261002 17:35:16.074344 129220434962240 incremental_pipeline.cc:623] => Image sees 32 / 62 points
I20261002 17:35:16.074418 129220434962240 incremental_pipeline.cc:629] Registering image with structure-less fallback
I20261002 17:35:16.074493 129220434962240 incremental_pipeline.cc:631] => Image sees 162 / 883 correspondences
I20261002 17:35:16.074573 129220434962240 incremental_pipeline.cc:646] => Could not register, trying another image.
I20261002 17:35:16.074648 129220434962240 incremental_pipeline.cc:620] Registering image #92 (num_reg_frames=7)
I20261002 17:35:16.074734 129220434962240 incremental_pipeline.cc:623] => Image sees 30 / 45 points
I20261002 17:35:16.074832 129220434962240 incremental_pipeline.cc:629] Registering image with structure-less fallback
I20261002 17:35:16.074923 129220434962240 incremental_pipeline.cc:631] => Image sees 157 / 589 correspondences
I20261002 17:35:16.075020 129220434962240 incremental_pipeline.cc:646] => Could not register, trying another image.
W20261002 17:35:16.075108 129220434962240 incremental_pipeline.cc:821] Discarding reconstruction due to insufficient size
I20261002 17:35:16.075933 129220434962240 incremental_pipeline.cc:465] Finding good initial image pair
I20261002 17:35:16.080587 129220434962240 incremental_pipeline.cc:492] Registering initial image pair #74 and #79
I20261002 17:35:16.081103 129220434962240 incremental_pipeline.cc:510] Global bundle adjustment
I20261002 17:35:16.101267 129220434962240 incremental_pipeline.cc:620] Registering image #76 (num_reg_frames=2)
I20261002 17:35:16.101400 129220434962240 incremental_pipeline.cc:623] => Image sees 31 / 56 points
I20261002 17:35:16.102465 129220434962240 incremental_pipeline.cc:88] Retriangulation and Global bundle adjustment
I20261002 17:35:16.112701 129220434962240 incremental_pipeline.cc:620] Registering image #82 (num_reg_frames=3)
I20261002 17:35:16.112825 129220434962240 incremental_pipeline.cc:623] => Image sees 36 / 60 points
I20261002 17:35:16.114067 129220434962240 incremental_pipeline.cc:88] Retriangulation and Global bundle adjustment
I20261002 17:35:16.124040 129220434962240 incremental_pipeline.cc:620] Registering image #78 (num_reg_frames=4)
I20261002 17:35:16.124136 129220434962240 incremental_pipeline.cc:623] => Image sees 37 / 57 points
I20261002 17:35:16.125258 129220434962240 incremental_pipeline.cc:88] Retriangulation and Global bundle adjustment
I20261002 17:35:16.137054 129220434962240 incremental_pipeline.cc:620] Registering image #80 (num_reg_frames=5)
I20261002 17:35:16.137210 129220434962240 incremental_pipeline.cc:623] => Image sees 39 / 51 points
I20261002 17:35:16.139365 129220434962240 incremental_pipeline.cc:88] Retriangulation and Global bundle adjustment
I20261002 17:35:16.156008 129220434962240 incremental_pipeline.cc:620] Registering image #81 (num_reg_frames=6)
I20261002 17:35:16.156129 129220434962240 incremental_pipeline.cc:623] => Image sees 39 / 48 points
I20261002 17:35:16.156242 129220434962240 incremental_pipeline.cc:646] => Could not register, trying another image.
I20261002 17:35:16.156332 129220434962240 incremental_pipeline.cc:620] Registering image #83 (num_reg_frames=6)
I20261002 17:35:16.156441 129220434962240 incremental_pipeline.cc:623] => Image sees 37 / 51 points
I20261002 17:35:16.156560 129220434962240 incremental_pipeline.cc:646] => Could not register, trying another image.
I20261002 17:35:16.156690 129220434962240 incremental_pipeline.cc:620] Registering image #86 (num_reg_frames=6)
I20261002 17:35:16.156803 129220434962240 incremental_pipeline.cc:623] => Image sees 37 / 51 points
I20261002 17:35:16.156912 129220434962240 incremental_pipeline.cc:646] => Could not register, trying another image.
I20261002 17:35:16.157029 129220434962240 incremental_pipeline.cc:620] Registering image #87 (num_reg_frames=6)
I20261002 17:35:16.157120 129220434962240 incremental_pipeline.cc:623] => Image sees 36 / 52 points
I20261002 17:35:16.157221 129220434962240 incremental_pipeline.cc:646] => Could not register, trying another image.
I20261002 17:35:16.157320 129220434962240 incremental_pipeline.cc:620] Registering image #77 (num_reg_frames=6)
I20261002 17:35:16.157411 129220434962240 incremental_pipeline.cc:623] => Image sees 41 / 52 points
I20261002 17:35:16.157515 129220434962240 incremental_pipeline.cc:646] => Could not register, trying another image.
I20261002 17:35:16.157596 129220434962240 incremental_pipeline.cc:620] Registering image #75 (num_reg_frames=6)
I20261002 17:35:16.157677 129220434962240 incremental_pipeline.cc:623] => Image sees 38 / 59 points
I20261002 17:35:16.157766 129220434962240 incremental_pipeline.cc:646] => Could not register, trying another image.
I20261002 17:35:16.157846 129220434962240 incremental_pipeline.cc:620] Registering image #91 (num_reg_frames=6)
I20261002 17:35:16.157927 129220434962240 incremental_pipeline.cc:623] => Image sees 33 / 48 points
I20261002 17:35:16.158015 129220434962240 incremental_pipeline.cc:646] => Could not register, trying another image.
I20261002 17:35:16.158097 129220434962240 incremental_pipeline.cc:620] Registering image #90 (num_reg_frames=6)
I20261002 17:35:16.158213 129220434962240 incremental_pipeline.cc:623] => Image sees 32 / 52 points
I20261002 17:35:16.158305 129220434962240 incremental_pipeline.cc:646] => Could not register, trying another image.
I20261002 17:35:16.158386 129220434962240 incremental_pipeline.cc:620] Registering image #85 (num_reg_frames=6)
I20261002 17:35:16.158466 129220434962240 incremental_pipeline.cc:623] => Image sees 34 / 54 points
I20261002 17:35:16.158564 129220434962240 incremental_pipeline.cc:646] => Could not register, trying another image.
I20261002 17:35:16.158644 129220434962240 incremental_pipeline.cc:620] Registering image #84 (num_reg_frames=6)
I20261002 17:35:16.158743 129220434962240 incremental_pipeline.cc:623] => Image sees 31 / 48 points
I20261002 17:35:16.158831 129220434962240 incremental_pipeline.cc:646] => Could not register, trying another image.
I20261002 17:35:16.158912 129220434962240 incremental_pipeline.cc:620] Registering image #71 (num_reg_frames=6)
I20261002 17:35:16.158993 129220434962240 incremental_pipeline.cc:623] => Image sees 33 / 65 points
I20261002 17:35:16.159083 129220434962240 incremental_pipeline.cc:646] => Could not register, trying another image.
I20261002 17:35:16.159170 129220434962240 incremental_pipeline.cc:620] Registering image #89 (num_reg_frames=6)
I20261002 17:35:16.159255 129220434962240 incremental_pipeline.cc:623] => Image sees 34 / 59 points
I20261002 17:35:16.159345 129220434962240 incremental_pipeline.cc:646] => Could not register, trying another image.
I20261002 17:35:16.159425 129220434962240 incremental_pipeline.cc:620] Registering image #88 (num_reg_frames=6)
I20261002 17:35:16.159507 129220434962240 incremental_pipeline.cc:623] => Image sees 30 / 50 points
I20261002 17:35:16.159593 129220434962240 incremental_pipeline.cc:646] => Could not register, trying another image.
I20261002 17:35:16.159674 129220434962240 incremental_pipeline.cc:620] Registering image #68 (num_reg_frames=6)
I20261002 17:35:16.159756 129220434962240 incremental_pipeline.cc:623] => Image sees 32 / 62 points
I20261002 17:35:16.159844 129220434962240 incremental_pipeline.cc:646] => Could not register, trying another image.
I20261002 17:35:16.159932 129220434962240 incremental_pipeline.cc:620] Registering image #75 (num_reg_frames=6)
I20261002 17:35:16.160014 129220434962240 incremental_pipeline.cc:623] => Image sees 38 / 59 points
I20261002 17:35:16.160096 129220434962240 incremental_pipeline.cc:629] Registering image with structure-less fallback
I20261002 17:35:16.160178 129220434962240 incremental_pipeline.cc:631] => Image sees 227 / 1101 correspondences
I20261002 17:35:16.160269 129220434962240 incremental_pipeline.cc:646] => Could not register, trying another image.
I20261002 17:35:16.160376 129220434962240 incremental_pipeline.cc:620] Registering image #77 (num_reg_frames=6)
I20261002 17:35:16.160458 129220434962240 incremental_pipeline.cc:623] => Image sees 41 / 52 points
I20261002 17:35:16.160539 129220434962240 incremental_pipeline.cc:629] Registering image with structure-less fallback
I20261002 17:35:16.160618 129220434962240 incremental_pipeline.cc:631] => Image sees 214 / 950 correspondences
I20261002 17:35:16.160705 129220434962240 incremental_pipeline.cc:646] => Could not register, trying another image.
I20261002 17:35:16.160796 129220434962240 incremental_pipeline.cc:620] Registering image #83 (num_reg_frames=6)
I20261002 17:35:16.160894 129220434962240 incremental_pipeline.cc:623] => Image sees 37 / 51 points
I20261002 17:35:16.160978 129220434962240 incremental_pipeline.cc:629] Registering image with structure-less fallback
I20261002 17:35:16.161057 129220434962240 incremental_pipeline.cc:631] => Image sees 195 / 729 correspondences
I20261002 17:35:16.161144 129220434962240 incremental_pipeline.cc:646] => Could not register, trying another image.
I20261002 17:35:16.161224 129220434962240 incremental_pipeline.cc:620] Registering image #81 (num_reg_frames=6)
I20261002 17:35:16.161304 129220434962240 incremental_pipeline.cc:623] => Image sees 39 / 48 points
I20261002 17:35:16.161384 129220434962240 incremental_pipeline.cc:629] Registering image with structure-less fallback
I20261002 17:35:16.161463 129220434962240 incremental_pipeline.cc:631] => Image sees 194 / 727 correspondences
I20261002 17:35:16.161549 129220434962240 incremental_pipeline.cc:646] => Could not register, trying another image.
I20261002 17:35:16.161628 129220434962240 incremental_pipeline.cc:620] Registering image #87 (num_reg_frames=6)
I20261002 17:35:16.161708 129220434962240 incremental_pipeline.cc:623] => Image sees 36 / 52 points
I20261002 17:35:16.161795 129220434962240 incremental_pipeline.cc:629] Registering image with structure-less fallback
I20261002 17:35:16.161881 129220434962240 incremental_pipeline.cc:631] => Image sees 191 / 877 correspondences
I20261002 17:35:16.161974 129220434962240 incremental_pipeline.cc:646] => Could not register, trying another image.
I20261002 17:35:16.162062 129220434962240 incremental_pipeline.cc:620] Registering image #85 (num_reg_frames=6)
I20261002 17:35:16.162161 129220434962240 incremental_pipeline.cc:623] => Image sees 34 / 54 points
I20261002 17:35:16.162253 129220434962240 incremental_pipeline.cc:629] Registering image with structure-less fallback
I20261002 17:35:16.162376 129220434962240 incremental_pipeline.cc:631] => Image sees 186 / 813 correspondences
I20261002 17:35:16.162509 129220434962240 incremental_pipeline.cc:646] => Could not register, trying another image.
I20261002 17:35:16.162628 129220434962240 incremental_pipeline.cc:620] Registering image #86 (num_reg_frames=6)
I20261002 17:35:16.162741 129220434962240 incremental_pipeline.cc:623] => Image sees 37 / 51 points
I20261002 17:35:16.162834 129220434962240 incremental_pipeline.cc:629] Registering image with structure-less fallback
I20261002 17:35:16.162921 129220434962240 incremental_pipeline.cc:631] => Image sees 181 / 763 correspondences
I20261002 17:35:16.163016 129220434962240 incremental_pipeline.cc:646] => Could not register, trying another image.
I20261002 17:35:16.163102 129220434962240 incremental_pipeline.cc:620] Registering image #71 (num_reg_frames=6)
I20261002 17:35:16.163188 129220434962240 incremental_pipeline.cc:623] => Image sees 33 / 65 points
I20261002 17:35:16.163274 129220434962240 incremental_pipeline.cc:629] Registering image with structure-less fallback
I20261002 17:35:16.163360 129220434962240 incremental_pipeline.cc:631] => Image sees 179 / 1018 correspondences
I20261002 17:35:16.163453 129220434962240 incremental_pipeline.cc:646] => Could not register, trying another image.
I20261002 17:35:16.163539 129220434962240 incremental_pipeline.cc:620] Registering image #84 (num_reg_frames=6)
I20261002 17:35:16.163636 129220434962240 incremental_pipeline.cc:623] => Image sees 31 / 48 points
I20261002 17:35:16.163723 129220434962240 incremental_pipeline.cc:629] Registering image with structure-less fallback
I20261002 17:35:16.163809 129220434962240 incremental_pipeline.cc:631] => Image sees 173 / 733 correspondences
I20261002 17:35:16.163900 129220434962240 incremental_pipeline.cc:646] => Could not register, trying another image.
I20261002 17:35:16.163985 129220434962240 incremental_pipeline.cc:620] Registering image #89 (num_reg_frames=6)
I20261002 17:35:16.164071 129220434962240 incremental_pipeline.cc:623] => Image sees 34 / 59 points
I20261002 17:35:16.164157 129220434962240 incremental_pipeline.cc:629] Registering image with structure-less fallback
I20261002 17:35:16.164243 129220434962240 incremental_pipeline.cc:631] => Image sees 173 / 910 correspondences
I20261002 17:35:16.164336 129220434962240 incremental_pipeline.cc:646] => Could not register, trying another image.
I20261002 17:35:16.164420 129220434962240 incremental_pipeline.cc:620] Registering image #91 (num_reg_frames=6)
I20261002 17:35:16.164505 129220434962240 incremental_pipeline.cc:623] => Image sees 33 / 48 points
I20261002 17:35:16.164590 129220434962240 incremental_pipeline.cc:629] Registering image with structure-less fallback
I20261002 17:35:16.164675 129220434962240 incremental_pipeline.cc:631] => Image sees 158 / 703 correspondences
I20261002 17:35:16.164765 129220434962240 incremental_pipeline.cc:646] => Could not register, trying another image.
I20261002 17:35:16.164849 129220434962240 incremental_pipeline.cc:620] Registering image #90 (num_reg_frames=6)
I20261002 17:35:16.164934 129220434962240 incremental_pipeline.cc:623] => Image sees 32 / 52 points
I20261002 17:35:16.165019 129220434962240 incremental_pipeline.cc:629] Registering image with structure-less fallback
I20261002 17:35:16.165103 129220434962240 incremental_pipeline.cc:631] => Image sees 154 / 777 correspondences
I20261002 17:35:16.165194 129220434962240 incremental_pipeline.cc:646] => Could not register, trying another image.
I20261002 17:35:16.165283 129220434962240 incremental_pipeline.cc:620] Registering image #68 (num_reg_frames=6)
I20261002 17:35:16.165388 129220434962240 incremental_pipeline.cc:623] => Image sees 32 / 62 points
I20261002 17:35:16.165487 129220434962240 incremental_pipeline.cc:629] Registering image with structure-less fallback
I20261002 17:35:16.165574 129220434962240 incremental_pipeline.cc:631] => Image sees 131 / 883 correspondences
I20261002 17:35:16.165670 129220434962240 incremental_pipeline.cc:646] => Could not register, trying another image.
I20261002 17:35:16.165801 129220434962240 incremental_pipeline.cc:620] Registering image #88 (num_reg_frames=6)
I20261002 17:35:16.165904 129220434962240 incremental_pipeline.cc:623] => Image sees 30 / 50 points
I20261002 17:35:16.165990 129220434962240 incremental_pipeline.cc:629] Registering image with structure-less fallback
I20261002 17:35:16.166074 129220434962240 incremental_pipeline.cc:631] => Image sees 131 / 639 correspondences
I20261002 17:35:16.166164 129220434962240 incremental_pipeline.cc:646] => Could not register, trying another image.
I20261002 17:35:16.166249 129220434962240 incremental_pipeline.cc:88] Retriangulation and Global bundle adjustment
I20261002 17:35:16.173435 129220434962240 incremental_pipeline.cc:620] Registering image #81 (num_reg_frames=6)
I20261002 17:35:16.173633 129220434962240 incremental_pipeline.cc:623] => Image sees 39 / 48 points
I20261002 17:35:16.173810 129220434962240 incremental_pipeline.cc:646] => Could not register, trying another image.
I20261002 17:35:16.173903 129220434962240 incremental_pipeline.cc:620] Registering image #83 (num_reg_frames=6)
I20261002 17:35:16.173993 129220434962240 incremental_pipeline.cc:623] => Image sees 37 / 51 points
I20261002 17:35:16.174075 129220434962240 incremental_pipeline.cc:646] => Could not register, trying another image.
I20261002 17:35:16.174140 129220434962240 incremental_pipeline.cc:620] Registering image #86 (num_reg_frames=6)
I20261002 17:35:16.174217 129220434962240 incremental_pipeline.cc:623] => Image sees 37 / 51 points
I20261002 17:35:16.174292 129220434962240 incremental_pipeline.cc:646] => Could not register, trying another image.
I20261002 17:35:16.174358 129220434962240 incremental_pipeline.cc:620] Registering image #87 (num_reg_frames=6)
I20261002 17:35:16.174440 129220434962240 incremental_pipeline.cc:623] => Image sees 36 / 52 points
I20261002 17:35:16.174616 129220434962240 incremental_pipeline.cc:646] => Could not register, trying another image.
I20261002 17:35:16.174711 129220434962240 incremental_pipeline.cc:620] Registering image #77 (num_reg_frames=6)
I20261002 17:35:16.174806 129220434962240 incremental_pipeline.cc:623] => Image sees 41 / 52 points
I20261002 17:35:16.174896 129220434962240 incremental_pipeline.cc:646] => Could not register, trying another image.
I20261002 17:35:16.174967 129220434962240 incremental_pipeline.cc:620] Registering image #75 (num_reg_frames=6)
I20261002 17:35:16.175031 129220434962240 incremental_pipeline.cc:623] => Image sees 38 / 59 points
I20261002 17:35:16.175103 129220434962240 incremental_pipeline.cc:646] => Could not register, trying another image.
I20261002 17:35:16.175164 129220434962240 incremental_pipeline.cc:620] Registering image #91 (num_reg_frames=6)
I20261002 17:35:16.175236 129220434962240 incremental_pipeline.cc:623] => Image sees 33 / 48 points
I20261002 17:35:16.175311 129220434962240 incremental_pipeline.cc:646] => Could not register, trying another image.
I20261002 17:35:16.175388 129220434962240 incremental_pipeline.cc:620] Registering image #90 (num_reg_frames=6)
I20261002 17:35:16.175455 129220434962240 incremental_pipeline.cc:623] => Image sees 32 / 52 points
I20261002 17:35:16.175535 129220434962240 incremental_pipeline.cc:646] => Could not register, trying another image.
I20261002 17:35:16.175601 129220434962240 incremental_pipeline.cc:620] Registering image #85 (num_reg_frames=6)
I20261002 17:35:16.175672 129220434962240 incremental_pipeline.cc:623] => Image sees 34 / 54 points
I20261002 17:35:16.175750 129220434962240 incremental_pipeline.cc:646] => Could not register, trying another image.
I20261002 17:35:16.175815 129220434962240 incremental_pipeline.cc:620] Registering image #84 (num_reg_frames=6)
I20261002 17:35:16.175880 129220434962240 incremental_pipeline.cc:623] => Image sees 31 / 48 points
I20261002 17:35:16.175956 129220434962240 incremental_pipeline.cc:646] => Could not register, trying another image.
I20261002 17:35:16.176021 129220434962240 incremental_pipeline.cc:620] Registering image #71 (num_reg_frames=6)
I20261002 17:35:16.176094 129220434962240 incremental_pipeline.cc:623] => Image sees 33 / 65 points
I20261002 17:35:16.176171 129220434962240 incremental_pipeline.cc:646] => Could not register, trying another image.
I20261002 17:35:16.176266 129220434962240 incremental_pipeline.cc:620] Registering image #89 (num_reg_frames=6)
I20261002 17:35:16.176342 129220434962240 incremental_pipeline.cc:623] => Image sees 34 / 59 points
I20261002 17:35:16.176424 129220434962240 incremental_pipeline.cc:646] => Could not register, trying another image.
I20261002 17:35:16.176508 129220434962240 incremental_pipeline.cc:620] Registering image #88 (num_reg_frames=6)
I20261002 17:35:16.176589 129220434962240 incremental_pipeline.cc:623] => Image sees 30 / 50 points
I20261002 17:35:16.176678 129220434962240 incremental_pipeline.cc:646] => Could not register, trying another image.
I20261002 17:35:16.176747 129220434962240 incremental_pipeline.cc:620] Registering image #68 (num_reg_frames=6)
I20261002 17:35:16.176825 129220434962240 incremental_pipeline.cc:623] => Image sees 32 / 62 points
I20261002 17:35:16.176913 129220434962240 incremental_pipeline.cc:646] => Could not register, trying another image.
I20261002 17:35:16.176987 129220434962240 incremental_pipeline.cc:620] Registering image #75 (num_reg_frames=6)
I20261002 17:35:16.177064 129220434962240 incremental_pipeline.cc:623] => Image sees 38 / 59 points
I20261002 17:35:16.177143 129220434962240 incremental_pipeline.cc:629] Registering image with structure-less fallback
I20261002 17:35:16.177312 129220434962240 incremental_pipeline.cc:631] => Image sees 227 / 1101 correspondences
I20261002 17:35:16.177402 129220434962240 incremental_pipeline.cc:646] => Could not register, trying another image.
I20261002 17:35:16.177480 129220434962240 incremental_pipeline.cc:620] Registering image #77 (num_reg_frames=6)
I20261002 17:35:16.177565 129220434962240 incremental_pipeline.cc:623] => Image sees 41 / 52 points
I20261002 17:35:16.177644 129220434962240 incremental_pipeline.cc:629] Registering image with structure-less fallback
I20261002 17:35:16.177717 129220434962240 incremental_pipeline.cc:631] => Image sees 214 / 950 correspondences
I20261002 17:35:16.177796 129220434962240 incremental_pipeline.cc:646] => Could not register, trying another image.
I20261002 17:35:16.177874 129220434962240 incremental_pipeline.cc:620] Registering image #83 (num_reg_frames=6)
I20261002 17:35:16.177955 129220434962240 incremental_pipeline.cc:623] => Image sees 37 / 51 points
I20261002 17:35:16.178036 129220434962240 incremental_pipeline.cc:629] Registering image with structure-less fallback
I20261002 17:35:16.178114 129220434962240 incremental_pipeline.cc:631] => Image sees 195 / 729 correspondences
I20261002 17:35:16.178190 129220434962240 incremental_pipeline.cc:646] => Could not register, trying another image.
I20261002 17:35:16.178268 129220434962240 incremental_pipeline.cc:620] Registering image #81 (num_reg_frames=6)
I20261002 17:35:16.178347 129220434962240 incremental_pipeline.cc:623] => Image sees 39 / 48 points
I20261002 17:35:16.178425 129220434962240 incremental_pipeline.cc:629] Registering image with structure-less fallback
I20261002 17:35:16.178501 129220434962240 incremental_pipeline.cc:631] => Image sees 194 / 727 correspondences
I20261002 17:35:16.178586 129220434962240 incremental_pipeline.cc:646] => Could not register, trying another image.
I20261002 17:35:16.178662 129220434962240 incremental_pipeline.cc:620] Registering image #87 (num_reg_frames=6)
I20261002 17:35:16.178742 129220434962240 incremental_pipeline.cc:623] => Image sees 36 / 52 points
I20261002 17:35:16.178828 129220434962240 incremental_pipeline.cc:629] Registering image with structure-less fallback
I20261002 17:35:16.178910 129220434962240 incremental_pipeline.cc:631] => Image sees 191 / 877 correspondences
I20261002 17:35:16.178998 129220434962240 incremental_pipeline.cc:646] => Could not register, trying another image.
I20261002 17:35:16.179066 129220434962240 incremental_pipeline.cc:620] Registering image #85 (num_reg_frames=6)
I20261002 17:35:16.179146 129220434962240 incremental_pipeline.cc:623] => Image sees 34 / 54 points
I20261002 17:35:16.179227 129220434962240 incremental_pipeline.cc:629] Registering image with structure-less fallback
I20261002 17:35:16.179305 129220434962240 incremental_pipeline.cc:631] => Image sees 186 / 813 correspondences
I20261002 17:35:16.179390 129220434962240 incremental_pipeline.cc:646] => Could not register, trying another image.
I20261002 17:35:16.179465 129220434962240 incremental_pipeline.cc:620] Registering image #86 (num_reg_frames=6)
I20261002 17:35:16.179542 129220434962240 incremental_pipeline.cc:623] => Image sees 37 / 51 points
I20261002 17:35:16.179611 129220434962240 incremental_pipeline.cc:629] Registering image with structure-less fallback
I20261002 17:35:16.179687 129220434962240 incremental_pipeline.cc:631] => Image sees 181 / 763 correspondences
I20261002 17:35:16.179771 129220434962240 incremental_pipeline.cc:646] => Could not register, trying another image.
I20261002 17:35:16.179839 129220434962240 incremental_pipeline.cc:620] Registering image #71 (num_reg_frames=6)
I20261002 17:35:16.179915 129220434962240 incremental_pipeline.cc:623] => Image sees 33 / 65 points
I20261002 17:35:16.179994 129220434962240 incremental_pipeline.cc:629] Registering image with structure-less fallback
I20261002 17:35:16.180061 129220434962240 incremental_pipeline.cc:631] => Image sees 179 / 1018 correspondences
I20261002 17:35:16.180145 129220434962240 incremental_pipeline.cc:646] => Could not register, trying another image.
I20261002 17:35:16.180220 129220434962240 incremental_pipeline.cc:620] Registering image #84 (num_reg_frames=6)
I20261002 17:35:16.180299 129220434962240 incremental_pipeline.cc:623] => Image sees 31 / 48 points
I20261002 17:35:16.180377 129220434962240 incremental_pipeline.cc:629] Registering image with structure-less fallback
I20261002 17:35:16.180455 129220434962240 incremental_pipeline.cc:631] => Image sees 173 / 733 correspondences
I20261002 17:35:16.180538 129220434962240 incremental_pipeline.cc:646] => Could not register, trying another image.
I20261002 17:35:16.180623 129220434962240 incremental_pipeline.cc:620] Registering image #89 (num_reg_frames=6)
I20261002 17:35:16.180701 129220434962240 incremental_pipeline.cc:623] => Image sees 34 / 59 points
I20261002 17:35:16.180794 129220434962240 incremental_pipeline.cc:629] Registering image with structure-less fallback
I20261002 17:35:16.180890 129220434962240 incremental_pipeline.cc:631] => Image sees 173 / 910 correspondences
I20261002 17:35:16.180994 129220434962240 incremental_pipeline.cc:646] => Could not register, trying another image.
I20261002 17:35:16.181085 129220434962240 incremental_pipeline.cc:620] Registering image #91 (num_reg_frames=6)
I20261002 17:35:16.181199 129220434962240 incremental_pipeline.cc:623] => Image sees 33 / 48 points
I20261002 17:35:16.181289 129220434962240 incremental_pipeline.cc:629] Registering image with structure-less fallback
I20261002 17:35:16.181380 129220434962240 incremental_pipeline.cc:631] => Image sees 158 / 703 correspondences
I20261002 17:35:16.181477 129220434962240 incremental_pipeline.cc:646] => Could not register, trying another image.
I20261002 17:35:16.181566 129220434962240 incremental_pipeline.cc:620] Registering image #90 (num_reg_frames=6)
I20261002 17:35:16.181658 129220434962240 incremental_pipeline.cc:623] => Image sees 32 / 52 points
I20261002 17:35:16.181734 129220434962240 incremental_pipeline.cc:629] Registering image with structure-less fallback
I20261002 17:35:16.181808 129220434962240 incremental_pipeline.cc:631] => Image sees 154 / 777 correspondences
I20261002 17:35:16.181887 129220434962240 incremental_pipeline.cc:646] => Could not register, trying another image.
I20261002 17:35:16.181960 129220434962240 incremental_pipeline.cc:620] Registering image #68 (num_reg_frames=6)
I20261002 17:35:16.182039 129220434962240 incremental_pipeline.cc:623] => Image sees 32 / 62 points
I20261002 17:35:16.182107 129220434962240 incremental_pipeline.cc:629] Registering image with structure-less fallback
I20261002 17:35:16.182187 129220434962240 incremental_pipeline.cc:631] => Image sees 131 / 883 correspondences
I20261002 17:35:16.182266 129220434962240 incremental_pipeline.cc:646] => Could not register, trying another image.
I20261002 17:35:16.182332 129220434962240 incremental_pipeline.cc:620] Registering image #88 (num_reg_frames=6)
I20261002 17:35:16.182396 129220434962240 incremental_pipeline.cc:623] => Image sees 30 / 50 points
I20261002 17:35:16.182461 129220434962240 incremental_pipeline.cc:629] Registering image with structure-less fallback
I20261002 17:35:16.182527 129220434962240 incremental_pipeline.cc:631] => Image sees 131 / 639 correspondences
I20261002 17:35:16.182600 129220434962240 incremental_pipeline.cc:646] => Could not register, trying another image.
W20261002 17:35:16.182668 129220434962240 incremental_pipeline.cc:821] Discarding reconstruction due to insufficient size
I20261002 17:35:16.183692 129220434962240 incremental_pipeline.cc:465] Finding good initial image pair
I20261002 17:35:16.187468 129220434962240 incremental_pipeline.cc:492] Registering initial image pair #75 and #73
I20261002 17:35:16.187786 129220434962240 incremental_pipeline.cc:510] Global bundle adjustment
I20261002 17:35:16.204726 129220434962240 incremental_pipeline.cc:88] Retriangulation and Global bundle adjustment
W20261002 17:35:16.205219 129220434962240 incremental_pipeline.cc:821] Discarding reconstruction due to insufficient size
I20261002 17:35:16.205933 129220434962240 incremental_pipeline.cc:465] Finding good initial image pair
I20261002 17:35:16.208502 129220434962240 incremental_pipeline.cc:492] Registering initial image pair #76 and #72
I20261002 17:35:16.208811 129220434962240 incremental_pipeline.cc:510] Global bundle adjustment
I20261002 17:35:16.224056 129220434962240 incremental_pipeline.cc:88] Retriangulation and Global bundle adjustment
W20261002 17:35:16.224451 129220434962240 incremental_pipeline.cc:821] Discarding reconstruction due to insufficient size
I20261002 17:35:16.225042 129220434962240 incremental_pipeline.cc:465] Finding good initial image pair
I20261002 17:35:16.228239 129220434962240 incremental_pipeline.cc:492] Registering initial image pair #74 and #67
I20261002 17:35:16.228569 129220434962240 incremental_pipeline.cc:510] Global bundle adjustment
I20261002 17:35:16.229821 129220434962240 incremental_pipeline.cc:791] Discarding reconstruction due to bad initial pair
I20261002 17:35:16.230353 129220434962240 incremental_pipeline.cc:465] Finding good initial image pair
I20261002 17:35:16.233163 129220434962240 incremental_pipeline.cc:492] Registering initial image pair #77 and #67
I20261002 17:35:16.233549 129220434962240 incremental_pipeline.cc:510] Global bundle adjustment
I20261002 17:35:16.234908 129220434962240 incremental_pipeline.cc:791] Discarding reconstruction due to bad initial pair
I20261002 17:35:16.235863 129220434962240 incremental_pipeline.cc:465] Finding good initial image pair
I20261002 17:35:16.240173 129220434962240 incremental_pipeline.cc:492] Registering initial image pair #78 and #92
I20261002 17:35:16.240483 129220434962240 incremental_pipeline.cc:510] Global bundle adjustment
I20261002 17:35:16.241272 129220434962240 incremental_pipeline.cc:791] Discarding reconstruction due to bad initial pair
I20261002 17:35:16.241769 129220434962240 incremental_pipeline.cc:465] Finding good initial image pair
I20261002 17:35:16.243875 129220434962240 incremental_pipeline.cc:492] Registering initial image pair #75 and #90
I20261002 17:35:16.244170 129220434962240 incremental_pipeline.cc:510] Global bundle adjustment
I20261002 17:35:16.245401 129220434962240 incremental_pipeline.cc:791] Discarding reconstruction due to bad initial pair
I20261002 17:35:16.245839 129220434962240 incremental_pipeline.cc:465] Finding good initial image pair
I20261002 17:35:16.248589 129220434962240 incremental_pipeline.cc:492] Registering initial image pair #77 and #91
I20261002 17:35:16.248861 129220434962240 incremental_pipeline.cc:510] Global bundle adjustment
I20261002 17:35:16.249816 129220434962240 incremental_pipeline.cc:791] Discarding reconstruction due to bad initial pair
I20261002 17:35:16.250344 129220434962240 incremental_pipeline.cc:465] Finding good initial image pair
I20261002 17:35:16.254424 129220434962240 incremental_pipeline.cc:492] Registering initial image pair #58 and #63
I20261002 17:35:16.254868 129220434962240 incremental_pipeline.cc:510] Global bundle adjustment
I20261002 17:35:16.271963 129220434962240 incremental_pipeline.cc:620] Registering image #61 (num_reg_frames=2)
I20261002 17:35:16.272069 129220434962240 incremental_pipeline.cc:623] => Image sees 33 / 58 points
I20261002 17:35:16.273044 129220434962240 incremental_pipeline.cc:88] Retriangulation and Global bundle adjustment
I20261002 17:35:16.283843 129220434962240 incremental_pipeline.cc:620] Registering image #62 (num_reg_frames=3)
I20261002 17:35:16.283994 129220434962240 incremental_pipeline.cc:623] => Image sees 41 / 63 points
I20261002 17:35:16.285759 129220434962240 incremental_pipeline.cc:88] Retriangulation and Global bundle adjustment
I20261002 17:35:16.299460 129220434962240 incremental_pipeline.cc:620] Registering image #67 (num_reg_frames=4)
I20261002 17:35:16.299556 129220434962240 incremental_pipeline.cc:623] => Image sees 45 / 66 points
I20261002 17:35:16.299663 129220434962240 incremental_pipeline.cc:646] => Could not register, trying another image.
I20261002 17:35:16.299755 129220434962240 incremental_pipeline.cc:620] Registering image #60 (num_reg_frames=4)
I20261002 17:35:16.299865 129220434962240 incremental_pipeline.cc:623] => Image sees 42 / 59 points
I20261002 17:35:16.299961 129220434962240 incremental_pipeline.cc:646] => Could not register, trying another image.
I20261002 17:35:16.300055 129220434962240 incremental_pipeline.cc:620] Registering image #65 (num_reg_frames=4)
I20261002 17:35:16.300158 129220434962240 incremental_pipeline.cc:623] => Image sees 41 / 49 points
I20261002 17:35:16.300260 129220434962240 incremental_pipeline.cc:646] => Could not register, trying another image.
I20261002 17:35:16.300362 129220434962240 incremental_pipeline.cc:620] Registering image #64 (num_reg_frames=4)
I20261002 17:35:16.300464 129220434962240 incremental_pipeline.cc:623] => Image sees 40 / 57 points
I20261002 17:35:16.300572 129220434962240 incremental_pipeline.cc:646] => Could not register, trying another image.
I20261002 17:35:16.300673 129220434962240 incremental_pipeline.cc:620] Registering image #59 (num_reg_frames=4)
I20261002 17:35:16.300775 129220434962240 incremental_pipeline.cc:623] => Image sees 39 / 59 points
I20261002 17:35:16.300884 129220434962240 incremental_pipeline.cc:646] => Could not register, trying another image.
I20261002 17:35:16.300985 129220434962240 incremental_pipeline.cc:620] Registering image #56 (num_reg_frames=4)
I20261002 17:35:16.301086 129220434962240 incremental_pipeline.cc:623] => Image sees 36 / 63 points
I20261002 17:35:16.301194 129220434962240 incremental_pipeline.cc:646] => Could not register, trying another image.
I20261002 17:35:16.301294 129220434962240 incremental_pipeline.cc:620] Registering image #57 (num_reg_frames=4)
I20261002 17:35:16.301393 129220434962240 incremental_pipeline.cc:623] => Image sees 34 / 58 points
I20261002 17:35:16.301498 129220434962240 incremental_pipeline.cc:646] => Could not register, trying another image.
I20261002 17:35:16.301597 129220434962240 incremental_pipeline.cc:620] Registering image #69 (num_reg_frames=4)
I20261002 17:35:16.301696 129220434962240 incremental_pipeline.cc:623] => Image sees 30 / 56 points
I20261002 17:35:16.301801 129220434962240 incremental_pipeline.cc:646] => Could not register, trying another image.
I20261002 17:35:16.301900 129220434962240 incremental_pipeline.cc:620] Registering image #66 (num_reg_frames=4)
I20261002 17:35:16.302032 129220434962240 incremental_pipeline.cc:623] => Image sees 33 / 54 points
I20261002 17:35:16.302170 129220434962240 incremental_pipeline.cc:646] => Could not register, trying another image.
I20261002 17:35:16.302309 129220434962240 incremental_pipeline.cc:620] Registering image #71 (num_reg_frames=4)
I20261002 17:35:16.302462 129220434962240 incremental_pipeline.cc:623] => Image sees 30 / 65 points
I20261002 17:35:16.302604 129220434962240 incremental_pipeline.cc:646] => Could not register, trying another image.
I20261002 17:35:16.302772 129220434962240 incremental_pipeline.cc:620] Registering image #54 (num_reg_frames=4)
I20261002 17:35:16.302907 129220434962240 incremental_pipeline.cc:623] => Image sees 31 / 79 points
I20261002 17:35:16.303025 129220434962240 incremental_pipeline.cc:646] => Could not register, trying another image.
I20261002 17:35:16.303128 129220434962240 incremental_pipeline.cc:620] Registering image #60 (num_reg_frames=4)
I20261002 17:35:16.303226 129220434962240 incremental_pipeline.cc:623] => Image sees 42 / 59 points
I20261002 17:35:16.303332 129220434962240 incremental_pipeline.cc:629] Registering image with structure-less fallback
I20261002 17:35:16.303475 129220434962240 incremental_pipeline.cc:631] => Image sees 148 / 731 correspondences
I20261002 17:35:16.303648 129220434962240 incremental_pipeline.cc:646] => Could not register, trying another image.
I20261002 17:35:16.303761 129220434962240 incremental_pipeline.cc:620] Registering image #59 (num_reg_frames=4)
I20261002 17:35:16.303872 129220434962240 incremental_pipeline.cc:623] => Image sees 39 / 59 points
I20261002 17:35:16.303983 129220434962240 incremental_pipeline.cc:629] Registering image with structure-less fallback
I20261002 17:35:16.304121 129220434962240 incremental_pipeline.cc:631] => Image sees 144 / 705 correspondences
I20261002 17:35:16.304221 129220434962240 incremental_pipeline.cc:646] => Could not register, trying another image.
I20261002 17:35:16.304302 129220434962240 incremental_pipeline.cc:620] Registering image #65 (num_reg_frames=4)
I20261002 17:35:16.304403 129220434962240 incremental_pipeline.cc:623] => Image sees 41 / 49 points
I20261002 17:35:16.304484 129220434962240 incremental_pipeline.cc:629] Registering image with structure-less fallback
I20261002 17:35:16.304566 129220434962240 incremental_pipeline.cc:631] => Image sees 136 / 794 correspondences
I20261002 17:35:16.304653 129220434962240 incremental_pipeline.cc:646] => Could not register, trying another image.
I20261002 17:35:16.304734 129220434962240 incremental_pipeline.cc:620] Registering image #64 (num_reg_frames=4)
I20261002 17:35:16.304816 129220434962240 incremental_pipeline.cc:623] => Image sees 40 / 57 points
I20261002 17:35:16.304898 129220434962240 incremental_pipeline.cc:629] Registering image with structure-less fallback
I20261002 17:35:16.304979 129220434962240 incremental_pipeline.cc:631] => Image sees 131 / 826 correspondences
I20261002 17:35:16.305066 129220434962240 incremental_pipeline.cc:646] => Could not register, trying another image.
I20261002 17:35:16.305148 129220434962240 incremental_pipeline.cc:620] Registering image #56 (num_reg_frames=4)
I20261002 17:35:16.305229 129220434962240 incremental_pipeline.cc:623] => Image sees 36 / 63 points
I20261002 17:35:16.305311 129220434962240 incremental_pipeline.cc:629] Registering image with structure-less fallback
I20261002 17:35:16.305393 129220434962240 incremental_pipeline.cc:631] => Image sees 127 / 763 correspondences
I20261002 17:35:16.305480 129220434962240 incremental_pipeline.cc:646] => Could not register, trying another image.
I20261002 17:35:16.305562 129220434962240 incremental_pipeline.cc:620] Registering image #57 (num_reg_frames=4)
I20261002 17:35:16.305644 129220434962240 incremental_pipeline.cc:623] => Image sees 34 / 58 points
I20261002 17:35:16.305726 129220434962240 incremental_pipeline.cc:629] Registering image with structure-less fallback
I20261002 17:35:16.305807 129220434962240 incremental_pipeline.cc:631] => Image sees 126 / 646 correspondences
I20261002 17:35:16.305894 129220434962240 incremental_pipeline.cc:646] => Could not register, trying another image.
I20261002 17:35:16.305975 129220434962240 incremental_pipeline.cc:620] Registering image #67 (num_reg_frames=4)
I20261002 17:35:16.306060 129220434962240 incremental_pipeline.cc:623] => Image sees 45 / 66 points
I20261002 17:35:16.306144 129220434962240 incremental_pipeline.cc:629] Registering image with structure-less fallback
I20261002 17:35:16.306226 129220434962240 incremental_pipeline.cc:631] => Image sees 126 / 907 correspondences
I20261002 17:35:16.306314 129220434962240 incremental_pipeline.cc:646] => Could not register, trying another image.
I20261002 17:35:16.306395 129220434962240 incremental_pipeline.cc:620] Registering image #66 (num_reg_frames=4)
I20261002 17:35:16.306477 129220434962240 incremental_pipeline.cc:623] => Image sees 33 / 54 points
I20261002 17:35:16.306558 129220434962240 incremental_pipeline.cc:629] Registering image with structure-less fallback
I20261002 17:35:16.306640 129220434962240 incremental_pipeline.cc:631] => Image sees 103 / 780 correspondences
I20261002 17:35:16.306731 129220434962240 incremental_pipeline.cc:646] => Could not register, trying another image.
I20261002 17:35:16.306815 129220434962240 incremental_pipeline.cc:620] Registering image #54 (num_reg_frames=4)
I20261002 17:35:16.306897 129220434962240 incremental_pipeline.cc:623] => Image sees 31 / 79 points
I20261002 17:35:16.306978 129220434962240 incremental_pipeline.cc:629] Registering image with structure-less fallback
I20261002 17:35:16.307059 129220434962240 incremental_pipeline.cc:631] => Image sees 92 / 739 correspondences
I20261002 17:35:16.307145 129220434962240 incremental_pipeline.cc:646] => Could not register, trying another image.
I20261002 17:35:16.307231 129220434962240 incremental_pipeline.cc:620] Registering image #71 (num_reg_frames=4)
I20261002 17:35:16.307312 129220434962240 incremental_pipeline.cc:623] => Image sees 30 / 65 points
I20261002 17:35:16.307393 129220434962240 incremental_pipeline.cc:629] Registering image with structure-less fallback
I20261002 17:35:16.307473 129220434962240 incremental_pipeline.cc:631] => Image sees 88 / 1018 correspondences
I20261002 17:35:16.307560 129220434962240 incremental_pipeline.cc:646] => Could not register, trying another image.
I20261002 17:35:16.307642 129220434962240 incremental_pipeline.cc:620] Registering image #69 (num_reg_frames=4)
I20261002 17:35:16.307737 129220434962240 incremental_pipeline.cc:623] => Image sees 30 / 56 points
I20261002 17:35:16.307832 129220434962240 incremental_pipeline.cc:629] Registering image with structure-less fallback
I20261002 17:35:16.307926 129220434962240 incremental_pipeline.cc:631] => Image sees 86 / 842 correspondences
I20261002 17:35:16.308026 129220434962240 incremental_pipeline.cc:646] => Could not register, trying another image.
I20261002 17:35:16.308147 129220434962240 incremental_pipeline.cc:88] Retriangulation and Global bundle adjustment
I20261002 17:35:16.308941 129220434962240 incremental_pipeline.cc:620] Registering image #67 (num_reg_frames=4)
I20261002 17:35:16.309063 129220434962240 incremental_pipeline.cc:623] => Image sees 45 / 66 points
I20261002 17:35:16.309175 129220434962240 incremental_pipeline.cc:646] => Could not register, trying another image.
I20261002 17:35:16.309278 129220434962240 incremental_pipeline.cc:620] Registering image #60 (num_reg_frames=4)
I20261002 17:35:16.309381 129220434962240 incremental_pipeline.cc:623] => Image sees 42 / 59 points
I20261002 17:35:16.309478 129220434962240 incremental_pipeline.cc:646] => Could not register, trying another image.
I20261002 17:35:16.309571 129220434962240 incremental_pipeline.cc:620] Registering image #65 (num_reg_frames=4)
I20261002 17:35:16.309667 129220434962240 incremental_pipeline.cc:623] => Image sees 41 / 49 points
I20261002 17:35:16.309764 129220434962240 incremental_pipeline.cc:646] => Could not register, trying another image.
I20261002 17:35:16.309858 129220434962240 incremental_pipeline.cc:620] Registering image #64 (num_reg_frames=4)
I20261002 17:35:16.309948 129220434962240 incremental_pipeline.cc:623] => Image sees 40 / 57 points
I20261002 17:35:16.310050 129220434962240 incremental_pipeline.cc:646] => Could not register, trying another image.
I20261002 17:35:16.310146 129220434962240 incremental_pipeline.cc:620] Registering image #59 (num_reg_frames=4)
I20261002 17:35:16.310240 129220434962240 incremental_pipeline.cc:623] => Image sees 39 / 59 points
I20261002 17:35:16.310339 129220434962240 incremental_pipeline.cc:646] => Could not register, trying another image.
I20261002 17:35:16.310429 129220434962240 incremental_pipeline.cc:620] Registering image #56 (num_reg_frames=4)
I20261002 17:35:16.310522 129220434962240 incremental_pipeline.cc:623] => Image sees 36 / 63 points
I20261002 17:35:16.310620 129220434962240 incremental_pipeline.cc:646] => Could not register, trying another image.
I20261002 17:35:16.310712 129220434962240 incremental_pipeline.cc:620] Registering image #57 (num_reg_frames=4)
I20261002 17:35:16.310849 129220434962240 incremental_pipeline.cc:623] => Image sees 34 / 58 points
I20261002 17:35:16.310963 129220434962240 incremental_pipeline.cc:646] => Could not register, trying another image.
I20261002 17:35:16.311054 129220434962240 incremental_pipeline.cc:620] Registering image #69 (num_reg_frames=4)
I20261002 17:35:16.311148 129220434962240 incremental_pipeline.cc:623] => Image sees 30 / 56 points
I20261002 17:35:16.311247 129220434962240 incremental_pipeline.cc:646] => Could not register, trying another image.
I20261002 17:35:16.311339 129220434962240 incremental_pipeline.cc:620] Registering image #66 (num_reg_frames=4)
I20261002 17:35:16.311430 129220434962240 incremental_pipeline.cc:623] => Image sees 33 / 54 points
I20261002 17:35:16.311536 129220434962240 incremental_pipeline.cc:646] => Could not register, trying another image.
I20261002 17:35:16.311626 129220434962240 incremental_pipeline.cc:620] Registering image #71 (num_reg_frames=4)
I20261002 17:35:16.311718 129220434962240 incremental_pipeline.cc:623] => Image sees 30 / 65 points
I20261002 17:35:16.311815 129220434962240 incremental_pipeline.cc:646] => Could not register, trying another image.
I20261002 17:35:16.311905 129220434962240 incremental_pipeline.cc:620] Registering image #54 (num_reg_frames=4)
I20261002 17:35:16.311997 129220434962240 incremental_pipeline.cc:623] => Image sees 31 / 79 points
I20261002 17:35:16.312094 129220434962240 incremental_pipeline.cc:646] => Could not register, trying another image.
I20261002 17:35:16.312188 129220434962240 incremental_pipeline.cc:620] Registering image #60 (num_reg_frames=4)
I20261002 17:35:16.312278 129220434962240 incremental_pipeline.cc:623] => Image sees 42 / 59 points
I20261002 17:35:16.312369 129220434962240 incremental_pipeline.cc:629] Registering image with structure-less fallback
I20261002 17:35:16.312460 129220434962240 incremental_pipeline.cc:631] => Image sees 148 / 731 correspondences
I20261002 17:35:16.312557 129220434962240 incremental_pipeline.cc:646] => Could not register, trying another image.
I20261002 17:35:16.312647 129220434962240 incremental_pipeline.cc:620] Registering image #59 (num_reg_frames=4)
I20261002 17:35:16.312738 129220434962240 incremental_pipeline.cc:623] => Image sees 39 / 59 points
I20261002 17:35:16.312829 129220434962240 incremental_pipeline.cc:629] Registering image with structure-less fallback
I20261002 17:35:16.312920 129220434962240 incremental_pipeline.cc:631] => Image sees 144 / 705 correspondences
I20261002 17:35:16.313015 129220434962240 incremental_pipeline.cc:646] => Could not register, trying another image.
I20261002 17:35:16.313106 129220434962240 incremental_pipeline.cc:620] Registering image #65 (num_reg_frames=4)
I20261002 17:35:16.313196 129220434962240 incremental_pipeline.cc:623] => Image sees 41 / 49 points
I20261002 17:35:16.313287 129220434962240 incremental_pipeline.cc:629] Registering image with structure-less fallback
I20261002 17:35:16.313378 129220434962240 incremental_pipeline.cc:631] => Image sees 136 / 794 correspondences
I20261002 17:35:16.313474 129220434962240 incremental_pipeline.cc:646] => Could not register, trying another image.
I20261002 17:35:16.313564 129220434962240 incremental_pipeline.cc:620] Registering image #64 (num_reg_frames=4)
I20261002 17:35:16.313656 129220434962240 incremental_pipeline.cc:623] => Image sees 40 / 57 points
I20261002 17:35:16.313747 129220434962240 incremental_pipeline.cc:629] Registering image with structure-less fallback
I20261002 17:35:16.313836 129220434962240 incremental_pipeline.cc:631] => Image sees 131 / 826 correspondences
I20261002 17:35:16.313931 129220434962240 incremental_pipeline.cc:646] => Could not register, trying another image.
I20261002 17:35:16.314020 129220434962240 incremental_pipeline.cc:620] Registering image #56 (num_reg_frames=4)
I20261002 17:35:16.314109 129220434962240 incremental_pipeline.cc:623] => Image sees 36 / 63 points
I20261002 17:35:16.314226 129220434962240 incremental_pipeline.cc:629] Registering image with structure-less fallback
I20261002 17:35:16.314348 129220434962240 incremental_pipeline.cc:631] => Image sees 127 / 763 correspondences
I20261002 17:35:16.314455 129220434962240 incremental_pipeline.cc:646] => Could not register, trying another image.
I20261002 17:35:16.314546 129220434962240 incremental_pipeline.cc:620] Registering image #57 (num_reg_frames=4)
I20261002 17:35:16.314636 129220434962240 incremental_pipeline.cc:623] => Image sees 34 / 58 points
I20261002 17:35:16.314757 129220434962240 incremental_pipeline.cc:629] Registering image with structure-less fallback
I20261002 17:35:16.314862 129220434962240 incremental_pipeline.cc:631] => Image sees 126 / 646 correspondences
I20261002 17:35:16.314960 129220434962240 incremental_pipeline.cc:646] => Could not register, trying another image.
I20261002 17:35:16.315057 129220434962240 incremental_pipeline.cc:620] Registering image #67 (num_reg_frames=4)
I20261002 17:35:16.315146 129220434962240 incremental_pipeline.cc:623] => Image sees 45 / 66 points
I20261002 17:35:16.315235 129220434962240 incremental_pipeline.cc:629] Registering image with structure-less fallback
I20261002 17:35:16.315323 129220434962240 incremental_pipeline.cc:631] => Image sees 126 / 907 correspondences
I20261002 17:35:16.315419 129220434962240 incremental_pipeline.cc:646] => Could not register, trying another image.
I20261002 17:35:16.315507 129220434962240 incremental_pipeline.cc:620] Registering image #66 (num_reg_frames=4)
I20261002 17:35:16.315596 129220434962240 incremental_pipeline.cc:623] => Image sees 33 / 54 points
I20261002 17:35:16.315685 129220434962240 incremental_pipeline.cc:629] Registering image with structure-less fallback
I20261002 17:35:16.315774 129220434962240 incremental_pipeline.cc:631] => Image sees 103 / 780 correspondences
I20261002 17:35:16.315867 129220434962240 incremental_pipeline.cc:646] => Could not register, trying another image.
I20261002 17:35:16.315955 129220434962240 incremental_pipeline.cc:620] Registering image #54 (num_reg_frames=4)
I20261002 17:35:16.316044 129220434962240 incremental_pipeline.cc:623] => Image sees 31 / 79 points
I20261002 17:35:16.316133 129220434962240 incremental_pipeline.cc:629] Registering image with structure-less fallback
I20261002 17:35:16.316222 129220434962240 incremental_pipeline.cc:631] => Image sees 92 / 739 correspondences
I20261002 17:35:16.316316 129220434962240 incremental_pipeline.cc:646] => Could not register, trying another image.
I20261002 17:35:16.316404 129220434962240 incremental_pipeline.cc:620] Registering image #71 (num_reg_frames=4)
I20261002 17:35:16.316491 129220434962240 incremental_pipeline.cc:623] => Image sees 30 / 65 points
I20261002 17:35:16.316579 129220434962240 incremental_pipeline.cc:629] Registering image with structure-less fallback
I20261002 17:35:16.316666 129220434962240 incremental_pipeline.cc:631] => Image sees 88 / 1018 correspondences
I20261002 17:35:16.316759 129220434962240 incremental_pipeline.cc:646] => Could not register, trying another image.
I20261002 17:35:16.316845 129220434962240 incremental_pipeline.cc:620] Registering image #69 (num_reg_frames=4)
I20261002 17:35:16.316931 129220434962240 incremental_pipeline.cc:623] => Image sees 30 / 56 points
I20261002 17:35:16.317019 129220434962240 incremental_pipeline.cc:629] Registering image with structure-less fallback
I20261002 17:35:16.317109 129220434962240 incremental_pipeline.cc:631] => Image sees 86 / 842 correspondences
I20261002 17:35:16.317203 129220434962240 incremental_pipeline.cc:646] => Could not register, trying another image.
W20261002 17:35:16.317292 129220434962240 incremental_pipeline.cc:821] Discarding reconstruction due to insufficient size
I20261002 17:35:16.317970 129220434962240 incremental_pipeline.cc:465] Finding good initial image pair
I20261002 17:35:16.323837 129220434962240 incremental_pipeline.cc:492] Registering initial image pair #72 and #65
I20261002 17:35:16.324154 129220434962240 incremental_pipeline.cc:510] Global bundle adjustment
I20261002 17:35:16.324828 129220434962240 incremental_pipeline.cc:791] Discarding reconstruction due to bad initial pair
I20261002 17:35:16.325335 129220434962240 incremental_pipeline.cc:465] Finding good initial image pair
I20261002 17:35:16.332484 129220434962240 incremental_pipeline.cc:492] Registering initial image pair #64 and #62
I20261002 17:35:16.332806 129220434962240 incremental_pipeline.cc:510] Global bundle adjustment
I20261002 17:35:16.333773 129220434962240 incremental_pipeline.cc:791] Discarding reconstruction due to bad initial pair
I20261002 17:35:16.334290 129220434962240 incremental_pipeline.cc:465] Finding good initial image pair
I20261002 17:35:16.338114 129220434962240 incremental_pipeline.cc:492] Registering initial image pair #64 and #57
I20261002 17:35:16.338410 129220434962240 incremental_pipeline.cc:510] Global bundle adjustment
I20261002 17:35:16.353879 129220434962240 incremental_pipeline.cc:88] Retriangulation and Global bundle adjustment
W20261002 17:35:16.354279 129220434962240 incremental_pipeline.cc:821] Discarding reconstruction due to insufficient size
I20261002 17:35:16.354886 129220434962240 incremental_pipeline.cc:465] Finding good initial image pair
I20261002 17:35:16.358152 129220434962240 incremental_pipeline.cc:492] Registering initial image pair #85 and #91
I20261002 17:35:16.358454 129220434962240 incremental_pipeline.cc:510] Global bundle adjustment
I20261002 17:35:16.359888 129220434962240 incremental_pipeline.cc:791] Discarding reconstruction due to bad initial pair
I20261002 17:35:16.360442 129220434962240 incremental_pipeline.cc:465] Finding good initial image pair
I20261002 17:35:16.363998 129220434962240 incremental_pipeline.cc:492] Registering initial image pair #66 and #61
I20261002 17:35:16.364327 129220434962240 incremental_pipeline.cc:510] Global bundle adjustment
I20261002 17:35:16.365581 129220434962240 incremental_pipeline.cc:791] Discarding reconstruction due to bad initial pair
I20261002 17:35:16.366093 129220434962240 incremental_pipeline.cc:465] Finding good initial image pair
I20261002 17:35:16.369742 129220434962240 incremental_pipeline.cc:492] Registering initial image pair #85 and #90
I20261002 17:35:16.370068 129220434962240 incremental_pipeline.cc:510] Global bundle adjustment
I20261002 17:35:16.371502 129220434962240 incremental_pipeline.cc:791] Discarding reconstruction due to bad initial pair
I20261002 17:35:16.372058 129220434962240 incremental_pipeline.cc:465] Finding good initial image pair
I20261002 17:35:16.374694 129220434962240 incremental_pipeline.cc:492] Registering initial image pair #56 and #54
I20261002 17:35:16.375099 129220434962240 incremental_pipeline.cc:510] Global bundle adjustment
I20261002 17:35:16.376221 129220434962240 incremental_pipeline.cc:791] Discarding reconstruction due to bad initial pair
I20261002 17:35:16.376733 129220434962240 incremental_pipeline.cc:465] Finding good initial image pair
I20261002 17:35:16.379640 129220434962240 incremental_pipeline.cc:492] Registering initial image pair #54 and #52
I20261002 17:35:16.379957 129220434962240 incremental_pipeline.cc:510] Global bundle adjustment
I20261002 17:35:16.397788 129220434962240 incremental_pipeline.cc:620] Registering image #53 (num_reg_frames=2)
I20261002 17:35:16.397892 129220434962240 incremental_pipeline.cc:623] => Image sees 33 / 64 points
I20261002 17:35:16.399771 129220434962240 incremental_pipeline.cc:88] Retriangulation and Global bundle adjustment
I20261002 17:35:16.412142 129220434962240 incremental_pipeline.cc:620] Registering image #51 (num_reg_frames=3)
I20261002 17:35:16.412249 129220434962240 incremental_pipeline.cc:623] => Image sees 47 / 69 points
I20261002 17:35:16.414647 129220434962240 incremental_pipeline.cc:88] Retriangulation and Global bundle adjustment
I20261002 17:35:16.433037 129220434962240 incremental_pipeline.cc:620] Registering image #50 (num_reg_frames=4)
I20261002 17:35:16.433151 129220434962240 incremental_pipeline.cc:623] => Image sees 40 / 70 points
I20261002 17:35:16.434294 129220434962240 incremental_pipeline.cc:88] Retriangulation and Global bundle adjustment
I20261002 17:35:16.459672 129220434962240 incremental_pipeline.cc:88] Retriangulation and Global bundle adjustment
W20261002 17:35:16.462067 129220434962240 incremental_pipeline.cc:821] Discarding reconstruction due to insufficient size
I20261002 17:35:16.462704 129220434962240 incremental_pipeline.cc:465] Finding good initial image pair
I20261002 17:35:16.467123 129220434962240 incremental_pipeline.cc:492] Registering initial image pair #60 and #64
I20261002 17:35:16.467935 129220434962240 incremental_pipeline.cc:510] Global bundle adjustment
I20261002 17:35:16.482620 129220434962240 incremental_pipeline.cc:88] Retriangulation and Global bundle adjustment
W20261002 17:35:16.483474 129220434962240 incremental_pipeline.cc:821] Discarding reconstruction due to insufficient size
I20261002 17:35:16.483989 129220434962240 incremental_pipeline.cc:465] Finding good initial image pair
I20261002 17:35:16.488839 129220434962240 incremental_pipeline.cc:492] Registering initial image pair #51 and #52
I20261002 17:35:16.489161 129220434962240 incremental_pipeline.cc:510] Global bundle adjustment
I20261002 17:35:16.508202 129220434962240 incremental_pipeline.cc:620] Registering image #53 (num_reg_frames=2)
I20261002 17:35:16.508290 129220434962240 incremental_pipeline.cc:623] => Image sees 41 / 64 points
I20261002 17:35:16.509654 129220434962240 incremental_pipeline.cc:88] Retriangulation and Global bundle adjustment
I20261002 17:35:16.521794 129220434962240 incremental_pipeline.cc:620] Registering image #54 (num_reg_frames=3)
I20261002 17:35:16.521892 129220434962240 incremental_pipeline.cc:623] => Image sees 45 / 79 points
I20261002 17:35:16.522995 129220434962240 incremental_pipeline.cc:88] Retriangulation and Global bundle adjustment
I20261002 17:35:16.539818 129220434962240 incremental_pipeline.cc:620] Registering image #50 (num_reg_frames=4)
I20261002 17:35:16.539898 129220434962240 incremental_pipeline.cc:623] => Image sees 43 / 70 points
I20261002 17:35:16.541148 129220434962240 incremental_pipeline.cc:88] Retriangulation and Global bundle adjustment
I20261002 17:35:16.561181 129220434962240 incremental_pipeline.cc:88] Retriangulation and Global bundle adjustment
W20261002 17:35:16.562153 129220434962240 incremental_pipeline.cc:821] Discarding reconstruction due to insufficient size
I20261002 17:35:16.562674 129220434962240 incremental_pipeline.cc:465] Finding good initial image pair
I20261002 17:35:16.566470 129220434962240 incremental_pipeline.cc:492] Registering initial image pair #17 and #13
I20261002 17:35:16.566783 129220434962240 incremental_pipeline.cc:510] Global bundle adjustment
I20261002 17:35:16.568118 129220434962240 incremental_pipeline.cc:791] Discarding reconstruction due to bad initial pair
I20261002 17:35:16.568643 129220434962240 incremental_pipeline.cc:465] Finding good initial image pair
I20261002 17:35:16.571374 129220434962240 incremental_pipeline.cc:492] Registering initial image pair #59 and #55
I20261002 17:35:16.571629 129220434962240 incremental_pipeline.cc:510] Global bundle adjustment
I20261002 17:35:16.572836 129220434962240 incremental_pipeline.cc:791] Discarding reconstruction due to bad initial pair
I20261002 17:35:16.573251 129220434962240 incremental_pipeline.cc:465] Finding good initial image pair
I20261002 17:35:16.577233 129220434962240 incremental_pipeline.cc:492] Registering initial image pair #51 and #49
I20261002 17:35:16.577519 129220434962240 incremental_pipeline.cc:510] Global bundle adjustment
I20261002 17:35:16.593782 129220434962240 incremental_pipeline.cc:620] Registering image #50 (num_reg_frames=2)
I20261002 17:35:16.593892 129220434962240 incremental_pipeline.cc:623] => Image sees 32 / 70 points
I20261002 17:35:16.595064 129220434962240 incremental_pipeline.cc:88] Retriangulation and Global bundle adjustment
I20261002 17:35:16.602138 129220434962240 incremental_pipeline.cc:620] Registering image #47 (num_reg_frames=3)
I20261002 17:35:16.602228 129220434962240 incremental_pipeline.cc:623] => Image sees 36 / 72 points
I20261002 17:35:16.603747 129220434962240 incremental_pipeline.cc:88] Retriangulation and Global bundle adjustment
I20261002 17:35:16.612146 129220434962240 incremental_pipeline.cc:620] Registering image #48 (num_reg_frames=4)
I20261002 17:35:16.612231 129220434962240 incremental_pipeline.cc:623] => Image sees 35 / 64 points
I20261002 17:35:16.613820 129220434962240 incremental_pipeline.cc:88] Retriangulation and Global bundle adjustment
I20261002 17:35:16.623235 129220434962240 incremental_pipeline.cc:620] Registering image #53 (num_reg_frames=5)
I20261002 17:35:16.623313 129220434962240 incremental_pipeline.cc:623] => Image sees 35 / 64 points
I20261002 17:35:16.625301 129220434962240 incremental_pipeline.cc:88] Retriangulation and Global bundle adjustment
I20261002 17:35:16.665855 129220434962240 incremental_pipeline.cc:88] Retriangulation and Global bundle adjustment
W20261002 17:35:16.667351 129220434962240 bundle_adjustment_ceres.cc:391] Failed to fix Gauge with two cameras. Falling back to fixing Gauge with three points.
W20261002 17:35:16.667475 129220434962240 bundle_adjustment_ceres.cc:298] Failed to fix Gauge due to insufficient number of fixed points: 0
W20261002 17:35:16.667598 129220434962240 incremental_pipeline.cc:821] Discarding reconstruction due to insufficient size
I20261002 17:35:16.668132 129220434962240 incremental_pipeline.cc:465] Finding good initial image pair
I20261002 17:35:16.671668 129220434962240 incremental_pipeline.cc:492] Registering initial image pair #16 and #13
I20261002 17:35:16.671930 129220434962240 incremental_pipeline.cc:510] Global bundle adjustment
I20261002 17:35:16.673105 129220434962240 incremental_pipeline.cc:791] Discarding reconstruction due to bad initial pair
I20261002 17:35:16.673602 129220434962240 incremental_pipeline.cc:465] Finding good initial image pair
I20261002 17:35:16.678649 129220434962240 incremental_pipeline.cc:492] Registering initial image pair #92 and #94
I20261002 17:35:16.678931 129220434962240 incremental_pipeline.cc:510] Global bundle adjustment
I20261002 17:35:16.680086 129220434962240 incremental_pipeline.cc:791] Discarding reconstruction due to bad initial pair
I20261002 17:35:16.680501 129220434962240 incremental_pipeline.cc:465] Finding good initial image pair
I20261002 17:35:16.684982 129220434962240 incremental_pipeline.cc:492] Registering initial image pair #50 and #54
I20261002 17:35:16.685259 129220434962240 incremental_pipeline.cc:510] Global bundle adjustment
I20261002 17:35:16.700751 129220434962240 incremental_pipeline.cc:620] Registering image #51 (num_reg_frames=2)
I20261002 17:35:16.700851 129220434962240 incremental_pipeline.cc:623] => Image sees 32 / 69 points
I20261002 17:35:16.702164 129220434962240 incremental_pipeline.cc:88] Retriangulation and Global bundle adjustment
I20261002 17:35:16.711849 129220434962240 incremental_pipeline.cc:620] Registering image #52 (num_reg_frames=3)
I20261002 17:35:16.712540 129220434962240 incremental_pipeline.cc:623] => Image sees 37 / 65 points
I20261002 17:35:16.714415 129220434962240 incremental_pipeline.cc:88] Retriangulation and Global bundle adjustment
I20261002 17:35:16.726395 129220434962240 incremental_pipeline.cc:620] Registering image #53 (num_reg_frames=4)
I20261002 17:35:16.726483 129220434962240 incremental_pipeline.cc:623] => Image sees 42 / 64 points
I20261002 17:35:16.728611 129220434962240 incremental_pipeline.cc:88] Retriangulation and Global bundle adjustment
I20261002 17:35:16.742005 129220434962240 incremental_pipeline.cc:620] Registering image #55 (num_reg_frames=5)
I20261002 17:35:16.742092 129220434962240 incremental_pipeline.cc:623] => Image sees 39 / 64 points
I20261002 17:35:16.742170 129220434962240 incremental_pipeline.cc:646] => Could not register, trying another image.
I20261002 17:35:16.742234 129220434962240 incremental_pipeline.cc:620] Registering image #49 (num_reg_frames=5)
I20261002 17:35:16.742328 129220434962240 incremental_pipeline.cc:623] => Image sees 36 / 71 points
I20261002 17:35:16.742427 129220434962240 incremental_pipeline.cc:646] => Could not register, trying another image.
I20261002 17:35:16.743054 129220434962240 incremental_pipeline.cc:620] Registering image #56 (num_reg_frames=5)
I20261002 17:35:16.743184 129220434962240 incremental_pipeline.cc:623] => Image sees 34 / 63 points
I20261002 17:35:16.743268 129220434962240 incremental_pipeline.cc:646] => Could not register, trying another image.
I20261002 17:35:16.743338 129220434962240 incremental_pipeline.cc:620] Registering image #58 (num_reg_frames=5)
I20261002 17:35:16.743413 129220434962240 incremental_pipeline.cc:623] => Image sees 31 / 63 points
I20261002 17:35:16.743503 129220434962240 incremental_pipeline.cc:646] => Could not register, trying another image.
I20261002 17:35:16.743588 129220434962240 incremental_pipeline.cc:620] Registering image #59 (num_reg_frames=5)
I20261002 17:35:16.743664 129220434962240 incremental_pipeline.cc:623] => Image sees 30 / 59 points
I20261002 17:35:16.743767 129220434962240 incremental_pipeline.cc:646] => Could not register, trying another image.
I20261002 17:35:16.743844 129220434962240 incremental_pipeline.cc:620] Registering image #48 (num_reg_frames=5)
I20261002 17:35:16.743919 129220434962240 incremental_pipeline.cc:623] => Image sees 30 / 64 points
I20261002 17:35:16.744007 129220434962240 incremental_pipeline.cc:646] => Could not register, trying another image.
I20261002 17:35:16.744077 129220434962240 incremental_pipeline.cc:620] Registering image #55 (num_reg_frames=5)
I20261002 17:35:16.744153 129220434962240 incremental_pipeline.cc:623] => Image sees 39 / 64 points
I20261002 17:35:16.744222 129220434962240 incremental_pipeline.cc:629] Registering image with structure-less fallback
I20261002 17:35:16.744302 129220434962240 incremental_pipeline.cc:631] => Image sees 173 / 595 correspondences
I20261002 17:35:16.744379 129220434962240 incremental_pipeline.cc:646] => Could not register, trying another image.
I20261002 17:35:16.744442 129220434962240 incremental_pipeline.cc:620] Registering image #49 (num_reg_frames=5)
I20261002 17:35:16.744505 129220434962240 incremental_pipeline.cc:623] => Image sees 36 / 71 points
I20261002 17:35:16.744573 129220434962240 incremental_pipeline.cc:629] Registering image with structure-less fallback
I20261002 17:35:16.744646 129220434962240 incremental_pipeline.cc:631] => Image sees 158 / 562 correspondences
I20261002 17:35:16.744715 129220434962240 incremental_pipeline.cc:646] => Could not register, trying another image.
I20261002 17:35:16.744775 129220434962240 incremental_pipeline.cc:620] Registering image #56 (num_reg_frames=5)
I20261002 17:35:16.744836 129220434962240 incremental_pipeline.cc:623] => Image sees 34 / 63 points
I20261002 17:35:16.744896 129220434962240 incremental_pipeline.cc:629] Registering image with structure-less fallback
I20261002 17:35:16.744957 129220434962240 incremental_pipeline.cc:631] => Image sees 138 / 763 correspondences
I20261002 17:35:16.745081 129220434962240 incremental_pipeline.cc:646] => Could not register, trying another image.
I20261002 17:35:16.745263 129220434962240 incremental_pipeline.cc:620] Registering image #48 (num_reg_frames=5)
I20261002 17:35:16.745371 129220434962240 incremental_pipeline.cc:623] => Image sees 30 / 64 points
I20261002 17:35:16.745447 129220434962240 incremental_pipeline.cc:629] Registering image with structure-less fallback
I20261002 17:35:16.745523 129220434962240 incremental_pipeline.cc:631] => Image sees 133 / 451 correspondences
I20261002 17:35:16.745599 129220434962240 incremental_pipeline.cc:646] => Could not register, trying another image.
I20261002 17:35:16.745671 129220434962240 incremental_pipeline.cc:620] Registering image #58 (num_reg_frames=5)
I20261002 17:35:16.745785 129220434962240 incremental_pipeline.cc:623] => Image sees 31 / 63 points
I20261002 17:35:16.745880 129220434962240 incremental_pipeline.cc:629] Registering image with structure-less fallback
I20261002 17:35:16.745955 129220434962240 incremental_pipeline.cc:631] => Image sees 127 / 905 correspondences
I20261002 17:35:16.746030 129220434962240 incremental_pipeline.cc:646] => Could not register, trying another image.
I20261002 17:35:16.746097 129220434962240 incremental_pipeline.cc:620] Registering image #59 (num_reg_frames=5)
I20261002 17:35:16.746164 129220434962240 incremental_pipeline.cc:623] => Image sees 30 / 59 points
I20261002 17:35:16.746229 129220434962240 incremental_pipeline.cc:629] Registering image with structure-less fallback
I20261002 17:35:16.746295 129220434962240 incremental_pipeline.cc:631] => Image sees 103 / 705 correspondences
I20261002 17:35:16.746365 129220434962240 incremental_pipeline.cc:646] => Could not register, trying another image.
I20261002 17:35:16.746430 129220434962240 incremental_pipeline.cc:88] Retriangulation and Global bundle adjustment
I20261002 17:35:16.758952 129220434962240 incremental_pipeline.cc:620] Registering image #55 (num_reg_frames=5)
I20261002 17:35:16.759137 129220434962240 incremental_pipeline.cc:623] => Image sees 36 / 64 points
I20261002 17:35:16.759268 129220434962240 incremental_pipeline.cc:646] => Could not register, trying another image.
I20261002 17:35:16.759354 129220434962240 incremental_pipeline.cc:620] Registering image #49 (num_reg_frames=5)
I20261002 17:35:16.759460 129220434962240 incremental_pipeline.cc:623] => Image sees 34 / 71 points
I20261002 17:35:16.759560 129220434962240 incremental_pipeline.cc:646] => Could not register, trying another image.
I20261002 17:35:16.759637 129220434962240 incremental_pipeline.cc:620] Registering image #48 (num_reg_frames=5)
I20261002 17:35:16.759708 129220434962240 incremental_pipeline.cc:623] => Image sees 30 / 64 points
I20261002 17:35:16.759798 129220434962240 incremental_pipeline.cc:646] => Could not register, trying another image.
I20261002 17:35:16.759893 129220434962240 incremental_pipeline.cc:620] Registering image #56 (num_reg_frames=5)
I20261002 17:35:16.759976 129220434962240 incremental_pipeline.cc:623] => Image sees 32 / 63 points
I20261002 17:35:16.760096 129220434962240 incremental_pipeline.cc:646] => Could not register, trying another image.
I20261002 17:35:16.760198 129220434962240 incremental_pipeline.cc:620] Registering image #55 (num_reg_frames=5)
I20261002 17:35:16.760280 129220434962240 incremental_pipeline.cc:623] => Image sees 36 / 64 points
I20261002 17:35:16.760356 129220434962240 incremental_pipeline.cc:629] Registering image with structure-less fallback
I20261002 17:35:16.760419 129220434962240 incremental_pipeline.cc:631] => Image sees 173 / 595 correspondences
I20261002 17:35:16.760488 129220434962240 incremental_pipeline.cc:646] => Could not register, trying another image.
I20261002 17:35:16.760548 129220434962240 incremental_pipeline.cc:620] Registering image #49 (num_reg_frames=5)
I20261002 17:35:16.760613 129220434962240 incremental_pipeline.cc:623] => Image sees 34 / 71 points
I20261002 17:35:16.760673 129220434962240 incremental_pipeline.cc:629] Registering image with structure-less fallback
I20261002 17:35:16.760745 129220434962240 incremental_pipeline.cc:631] => Image sees 158 / 562 correspondences
I20261002 17:35:16.760822 129220434962240 incremental_pipeline.cc:646] => Could not register, trying another image.
I20261002 17:35:16.760888 129220434962240 incremental_pipeline.cc:620] Registering image #56 (num_reg_frames=5)
I20261002 17:35:16.760988 129220434962240 incremental_pipeline.cc:623] => Image sees 32 / 63 points
I20261002 17:35:16.761077 129220434962240 incremental_pipeline.cc:629] Registering image with structure-less fallback
I20261002 17:35:16.761165 129220434962240 incremental_pipeline.cc:631] => Image sees 138 / 763 correspondences
I20261002 17:35:16.761267 129220434962240 incremental_pipeline.cc:646] => Could not register, trying another image.
I20261002 17:35:16.761332 129220434962240 incremental_pipeline.cc:620] Registering image #48 (num_reg_frames=5)
I20261002 17:35:16.761395 129220434962240 incremental_pipeline.cc:623] => Image sees 30 / 64 points
I20261002 17:35:16.761458 129220434962240 incremental_pipeline.cc:629] Registering image with structure-less fallback
I20261002 17:35:16.761520 129220434962240 incremental_pipeline.cc:631] => Image sees 133 / 451 correspondences
I20261002 17:35:16.761588 129220434962240 incremental_pipeline.cc:646] => Could not register, trying another image.
W20261002 17:35:16.761651 129220434962240 incremental_pipeline.cc:821] Discarding reconstruction due to insufficient size
I20261002 17:35:16.762312 129220434962240 incremental_pipeline.cc:465] Finding good initial image pair
I20261002 17:35:16.767152 129220434962240 incremental_pipeline.cc:492] Registering initial image pair #50 and #48
I20261002 17:35:16.767431 129220434962240 incremental_pipeline.cc:510] Global bundle adjustment
I20261002 17:35:16.768438 129220434962240 incremental_pipeline.cc:791] Discarding reconstruction due to bad initial pair
I20261002 17:35:16.768949 129220434962240 incremental_pipeline.cc:465] Finding good initial image pair
I20261002 17:35:16.772633 129220434962240 incremental_pipeline.cc:492] Registering initial image pair #47 and #44
I20261002 17:35:16.772920 129220434962240 incremental_pipeline.cc:510] Global bundle adjustment
I20261002 17:35:16.773762 129220434962240 incremental_pipeline.cc:791] Discarding reconstruction due to bad initial pair
I20261002 17:35:16.774222 129220434962240 incremental_pipeline.cc:465] Finding good initial image pair
I20261002 17:35:16.777423 129220434962240 incremental_pipeline.cc:492] Registering initial image pair #46 and #45
I20261002 17:35:16.777795 129220434962240 incremental_pipeline.cc:510] Global bundle adjustment
I20261002 17:35:16.795290 129220434962240 incremental_pipeline.cc:88] Retriangulation and Global bundle adjustment
W20261002 17:35:16.795773 129220434962240 incremental_pipeline.cc:821] Discarding reconstruction due to insufficient size
I20261002 17:35:16.796426 129220434962240 incremental_pipeline.cc:465] Finding good initial image pair
I20261002 17:35:16.799623 129220434962240 incremental_pipeline.cc:492] Registering initial image pair #46 and #44
I20261002 17:35:16.799919 129220434962240 incremental_pipeline.cc:510] Global bundle adjustment
I20261002 17:35:16.800737 129220434962240 incremental_pipeline.cc:791] Discarding reconstruction due to bad initial pair
I20261002 17:35:16.801237 129220434962240 incremental_pipeline.cc:465] Finding good initial image pair
I20261002 17:35:16.805064 129220434962240 incremental_pipeline.cc:492] Registering initial image pair #45 and #42
I20261002 17:35:16.805339 129220434962240 incremental_pipeline.cc:510] Global bundle adjustment
I20261002 17:35:16.822434 129220434962240 incremental_pipeline.cc:88] Retriangulation and Global bundle adjustment
W20261002 17:35:16.822857 129220434962240 incremental_pipeline.cc:821] Discarding reconstruction due to insufficient size
I20261002 17:35:16.823486 129220434962240 incremental_pipeline.cc:465] Finding good initial image pair
I20261002 17:35:16.827192 129220434962240 incremental_pipeline.cc:492] Registering initial image pair #95 and #92
I20261002 17:35:16.827561 129220434962240 incremental_pipeline.cc:510] Global bundle adjustment
I20261002 17:35:16.828768 129220434962240 incremental_pipeline.cc:791] Discarding reconstruction due to bad initial pair
I20261002 17:35:16.829338 129220434962240 incremental_pipeline.cc:465] Finding good initial image pair
I20261002 17:35:16.833643 129220434962240 incremental_pipeline.cc:492] Registering initial image pair #42 and #44
I20261002 17:35:16.834014 129220434962240 incremental_pipeline.cc:510] Global bundle adjustment
I20261002 17:35:16.835378 129220434962240 incremental_pipeline.cc:791] Discarding reconstruction due to bad initial pair
I20261002 17:35:16.835990 129220434962240 incremental_pipeline.cc:465] Finding good initial image pair
I20261002 17:35:16.837401 129220434962240 incremental_pipeline.cc:472] => No good initial image pair found.
I20261002 17:35:16.837520 129220434962240 incremental_pipeline.cc:800] Discarding reconstruction due to no initial pair
I20261002 17:35:16.837680 129220434962240 timer.cc:90] Elapsed time: 0.021 [minutes]
SUMMARY {"run": "main_causal_pinhole_masked_stride1_all", "status": "COMPLETE", "input_frames": [0, 1, 2, 3, 4, 5, 6, 7, 8, 9, 10, 11, 12, 13, 14, 15, 16, 17, 18, 19, 20, 21, 22, 23, 24, 25, 26, 27, 28, 29, 30, 31, 32, 33, 34, 35, 36, 37, 38, 39, 40, 41, 42, 43, 44, 45, 46, 47, 48, 49, 50, 51, 52, 53, 54, 55, 56, 57, 58, 59, 60, 61, 62, 63, 64, 65, 66, 67, 68, 69, 70, 71, 72, 73, 74, 75, 76, 77, 78, 79, 80, 81, 82, 83, 84, 85, 86, 87, 88, 89, 90, 91, 92, 93, 94, 95], "eligible_for_main_K": true, "config_sha256": "e5c8b78d5d33f65967c2685495b00251e9adb8240a96f43d57186d0d795106cf", "rgb_only": true, "elapsed_seconds_this_execution": 14.42, "reconstructions": [{"id": 0, "registered": 4, "usable_size_ge10": false, "points3D": 50, "mean_reprojection_px": 0.17357555317437734, "cameras": [{"model": "CameraModelId.PINHOLE", "params": [325.5438320343786, 2859.90496354242, 128.0, 128.0], "fx": 325.5438320343786, "fy": 2859.90496354242, "cx_colmap": 128.0, "cy_colmap": 128.0, "K_OpenCV": [[325.5438320343786, 0, 127.5], [0, 2859.90496354242, 127.5], [0, 0, 1]]}], "trajectory": [{"frame": 67, "camera_center": [0.37526504233242924, -4.426432945585534, -0.8724291747003191], "c2w_colmap": [[0.9968741376948337, 0.014224590121542424, 0.07771495757610453, 0.37526504233242924], [-0.01183934583773255, 0.9994471756329322, -0.031067233695479646, -4.426432945585534], [-0.07811391351939918, 0.03005002754123694, 0.9964914512224651, -0.8724291747003191], [0.0, 0.0, 0.0, 1.0]]}, {"frame": 68, "camera_center": [-0.4107072741453253, 5.15594374799464, 0.7187386178370512], "c2w_colmap": [[0.9951728878472353, -0.04735944036346603, 0.08595351477544844, -0.4107072741453253], [0.060033648336409506, 0.9866412164722316, -0.15144329310212168, 5.15594374799464], [-0.07763301076999556, 0.15587236242084135, 0.9847217486539697, 0.7187386178370512], [0.0, 0.0, 0.0, 1.0]]}, {"frame": 69, "camera_center": [-0.3821304229196505, 3.9523367370453717, 0.5488720754289592], "c2w_colmap": [[0.9955677455446194, -0.040059378439455756, 0.08508883728344463, -0.3821304229196505], [0.051470275518033286, 0.9893077890789559, -0.13645845230620818, 3.9523367370453717], [-0.07871260870598684, 0.14023317962148765, 0.9869847924684279, 0.5488720754289592], [0.0, 0.0, 0.0, 1.0]]}, {"frame": 70, "camera_center": [0.41757265473254657, -4.681847539454479, -0.3951815185656908], "c2w_colmap": [[0.9970046015639663, 0.015845204913577934, 0.07570174331891973, 0.41757265473254657], [-0.013721317886307118, 0.9994997774761346, -0.028494214511380296, -4.681847539454479], [-0.0761153722696, 0.02737013530117037, 0.9967232944994593, -0.3951815185656908], [0.0, 0.0, 0.0, 1.0]]}]}], "best_registered": 4, "match_graph": "match_graph.json", "initial_cameras": [{"camera_id": 1, "params": [307.2, 307.2, 128.0, 128.0], "has_prior_focal_length": false}]}
