# 3D point list with one line of data per point:
#   POINT3D_ID, X, Y, Z, R, G, B, ERROR, TRACK[] as (IMAGE_ID, POINT2D_IDX)
# Number of points: 654, mean track length: 16.165137614678898
1 8.7179821129599233 -15.782573258822758 18.591408947513258 255 255 255 1.0136873632777748 8 0 15 0 17 0 18 0 16 0 19 0 14 0 20 0 11 0 12 0 9 0 10 0 6 0
2 -16.132370134920528 1.7651210202724732 21.21325453425667 6 8 14 1.1550622324263724 8 1 15 1 17 1 18 1 16 1 19 1 14 1 21 3 20 3 11 3 12 3 22 3 9 1 10 1 13 1 7 1 6 1 26 2 23 1 25 7 28 4 24 4 30 3 31 5 29 3 27 5 33 5 32 2
4 -16.132370134920528 1.7651210202724732 21.21325453425667 6 8 14 1.1550622324263724 8 3 15 3 17 4 18 4 16 4 19 4 14 3 21 6 20 6 11 5 12 8 22 7 9 3 10 5 13 5 7 4 6 4 26 5 23 3 25 4 28 3 24 3 30 2 31 3 29 2 27 3 33 6 32 3
5 3.4002993539543138 -12.021108667077982 27.481715678448481 199 200 194 1.3819019711801448 8 4 15 5 17 5 18 5 16 5 19 5 14 4 21 10 20 10 11 7 12 10 9 5 10 8 7 7 6 5 5 5 34 8
6 -2.2621216259285091 -3.2478704399840694 19.614772314312567 150 13 27 1.1879695332615519 8 5 15 6 17 6 18 6 16 6 19 6 14 5 21 8 20 11 11 8 12 11 22 8 9 6 10 9 13 8 7 8 6 6 4 5 5 6 2 5 3 5 1 5 26 1 23 0 25 3 28 2 24 2 30 1 31 2 29 1 27 2 33 3 32 5 34 2 36 1 35 2 38 2 37 2 39 3 40 3 43 2 41 6 44 2 42 2 45 1 46 1 49 1 47 1 48 1
7 4.8103100888730168 3.8854638541167166 20.795044355796836 230 227 222 0.71950385959743357 8 6 15 7 17 7 18 7 16 7 19 7 14 6 21 5 20 9 11 9 12 5 22 5 9 7 10 7 13 9 7 9 6 7 4 6 5 7 2 6 3 6 1 6 26 4 23 6
8 3.3502527920802656 -5.5717337329084984 18.751765181783806 174 174 170 0.67483545759399044 8 7 15 8 17 8 18 8 16 8 19 8 14 7 21 13 20 12 11 10 12 14 22 11 9 11 10 13 13 12 7 12 6 11 4 9 5 10 2 9 3 9
9 -1.7019057602468737 4.6698182024616743 22.169439291154493 132 19 31 1.3222847079344304 8 8 15 9 17 9 18 9 16 9 19 9 14 8 21 12 20 13 11 11 12 12 22 9 9 12 10 14 13 13 7 13 6 12 4 10 5 11 2 10 3 10 1 9 26 7 23 8 25 11
10 -14.789463930138854 -2.2734955059444224 20.20573342238449 8 7 9 0.66964769944630187 8 9 15 11 17 11 18 11 16 10 19 11 14 9 21 18 20 15 11 13 12 19 22 15 9 14 10 17 13 17 7 20 6 14 4 11 5 12 2 14 3 12 1 10 26 17 23 18 25 19 28 19 24 19 30 19 31 24 29 20 27 22 33 30 32 24 34 25 36 18 35 23 38 22 37 21 39 27 40 26 43 28 41 23 44 17 42 15 45 15 46 16 55 13 49 17 47 18 48 17 51 14 50 13 52 14 61 4 53 17 58 12 57 12 56 7 59 11 60 8 62 6 75 10 64 6 76 10 73 8 69 10 68 9 71 9 72 8
11 -4.3575298312989306 -0.61968155088684773 19.680259961664937 156 10 20 1.0818992687184412 8 38 15 13 17 53 16 41 19 12 14 52 21 64 20 51 11 23 9 36 26 25 25 24 33 28
14 -5.825459023531935 19.757145044268007 24.22746862553829 61 47 48 0.83860519044990567 8 13 15 17 17 13 18 12 16 11 19 21 14 12 20 27 11 21 9 24 10 26 13 25 23 48 25 79
15 -2.3794931169303548 17.523309627218321 20.676916481458008 114 100 101 0.41355049604183952 8 14 15 18 17 14 18 13 16 12 19 22 14 15 21 26 20 17 11 19 12 30 22 27 9 25 10 15 13 16 7 17 6 18 4 13 5 14 2 13 3 11 1 12 26 33 23 35
16 -5.9951793297450537 22.163120912024223 27.070430538134186 61 47 48 0.76554683946814561 8 16 15 19 17 15 18 18 16 16 19 18 14 14 20 18 11 22 9 18 10 24 13 20 28 83 24 147
17 -6.0711741805175317 22.854975346535774 27.95924478833237 61 47 48 0.99147829823785716 8 15 15 20 17 16 18 19 16 17 19 14 14 16 20 20 9 19 10 21 13 23 25 87 28 94 31 77
23 -5.3150528479036332 9.9575582384101384 23.325343067400329 143 136 130 2.0181830241198391 8 24 15 29 17 23 18 21 16 26 19 36 14 30 21 41 20 34 11 30 12 38 10 30 7 30 6 32 4 32 5 28 2 32 3 22 1 24
24 -20.0518629744222 12.006813917788314 23.283461243906739 174 162 155 0.35003616173135238 8 26 15 31 17 24 18 23 16 27 19 35 14 33 21 40 20 37 11 33 12 40 22 21 9 35 10 40 13 36 7 33 6 23 4 31 5 30 2 29 1 23
26 -18.100468196332582 4.1394425947903271 20.979741170153957 88 81 80 0.44268857407538043 8 22 15 34 17 27 18 30 16 24 19 30 14 27 21 37 20 31 11 37 12 34 22 29 9 28 10 35 13 33 7 28 6 30 4 26 5 25 2 24 3 20 1 19 26 27 26 38 23 29 25 33 25 34 28 30 24 28
27 5.1555960405789856 -0.18587769552799355 18.077058722668376 233 233 229 0.74748121594243522 8 29 15 35 17 36 19 31 20 44 10 41 6 26 26 35 25 37
28 -18.873158697389869 10.913260051748713 21.35029398894245 174 162 155 0.66996906569433456 8 32 15 37 17 34 18 33 16 32 19 28 21 46 20 45 11 39 12 45 22 33 7 34 6 28 26 14
29 6.2191419241491825 3.2031052370973225 15.441449204775578 229 229 225 0.44970118153668315 8 21 15 38 17 35 18 28 16 23 19 32 14 24 21 35 20 25 11 38 12 23 22 23 9 32 10 34 13 28 7 22 6 16 4 17 5 18 2 16 3 15 1 14 26 20 23 27
30 -18.547851583826315 4.3026178175988541 21.728724525389087 88 81 80 0.92934232751450097 8 25 15 39 17 31 18 27 16 31 19 33 14 29 21 44 20 43 11 32 12 44 22 25 9 31 10 38 13 38 7 35 6 27 4 30 5 31 2 31 26 37 23 20 25 35 28 25 24 30 30 33 29 34 27 38 33 54 32 53 34 50
31 -18.685431126218688 2.6252678863480008 21.154597647510716 5 7 13 0.43251505595822543 8 41 15 41 17 40 18 35 16 42 19 43 14 38 21 66 20 46 11 58 12 56 22 51 9 47 10 44 13 47 7 50 6 33 4 41 5 45 2 36 3 35 1 36 26 41 23 42 25 48 28 43 24 43 30 36
32 -17.185473145427252 4.9160784701145213 21.168020716909474 3 4 8 0.39278789498767719 8 52 15 42 17 42 18 46 16 36 19 51 14 50 21 67 20 49 11 55 12 57 22 52 9 54 10 45 13 42 7 52 6 48 4 42 5 41 2 45 3 38 1 39 26 42 23 57 25 62 28 50 24 47 30 44 31 49 29 47 27 53
33 12.139009963661369 8.2611395188286654 22.257044568520808 227 227 223 1.0671197475593124 8 44 15 43 17 44 18 45 16 44 19 47 14 61 21 42 20 33 11 54 12 37 22 24 9 60 10 64 13 71 7 48 6 51 4 54 5 54 2 46 3 41 1 52 26 24 23 22
35 -28.716249615454124 35.272000860568426 44.907528047524295 15 16 21 0.98023642065324446 8 47 15 45 17 49 18 42 16 47 19 45 14 51 21 55 20 47 11 50 12 47 22 59 9 37 10 53 13 55 7 43 6 36 4 34 5 36 2 38 3 32 1 30 26 40 23 52 25 66 30 21 28 45
36 -19.050490502667525 1.2808309961410778 21.355695030770875 109 111 112 0.92738312845757109 8 49 15 47 17 186 18 47 18 184 16 40 14 37 21 56 20 52 20 168 12 55 12 157 22 62 9 40 10 60 13 66 7 42 6 66 4 40 5 44 2 42 3 34 1 35 26 49 23 55 23 205 25 64
37 -20.75783303493969 4.7676461054515729 23.295915892968161 5 6 8 0.88563647356251751 8 39 15 48 17 41 18 38 19 37 21 84 20 72 11 57 12 77 22 64 26 100
40 -17.232399257824738 4.9683783994794588 21.258750593700249 3 4 8 0.54479462226992159 8 43 15 53 16 43 19 54 14 39 20 53 11 47 12 50 22 60 9 46 10 58 13 45 7 51 6 34 4 37 5 39 2 41 3 52 24 45 31 55 27 49 33 62 32 54 35 40 36 45 38 39 37 45 40 48 43 67 41 44 44 51 42 24 45 34 46 34
41 -18.108267136702015 14.597919289535938 35.870576114570603 215 208 202 1.1673516186172974 8 45 15 55 17 45 18 44 16 45 19 49 14 41 21 89 20 74 11 53 12 73 22 85 9 45 10 69 13 67 7 70 6 43 4 59 5 56 2 49 3 44 26 51 23 73 25 69 28 55 24 69 30 62 31 65 29 64 27 60 33 68 32 69 39 72 40 44 43 68
42 -14.022340855683099 -2.627657140805336 20.542001443909385 6 5 7 0.68188745866094758 8 67 15 59 17 62 18 62 16 59 19 62 14 60 21 74 20 77 11 60 12 74 22 72 9 56 10 67 13 68 7 66 6 65 4 52 5 53 2 64 3 36 1 53 26 54 23 69 25 73 28 63 24 56 30 102 31 70 29 58 27 62 33 69 32 63 34 55 36 43 35 63 38 68 37 60 39 59 40 74 43 80 41 46 44 42 42 35 45 40 46 38 55 45 49 45 47 47 48 36 51 42 50 35 52 45 61 27 53 39 54 38 58 55 57 39 56 34 59 38 60 43 62 41 63 40 67 49 64 43 65 34 70 43 66 53 73 36 69 41 68 47
47 11.149345096343763 5.7825818666477407 19.250363961787265 154 154 150 1.6175022785974471 8 61 15 65 17 65 18 55 16 60 19 55 19 64 17 74 14 92 11 56 9 72 10 63 13 65 7 69 6 50 4 55 5 52 2 66 3 39 23 38 28 28 24 26 30 27 31 25 27 25 33 31
52 -14.030172451699002 -2.6325718025345628 20.562963570058834 6 5 7 0.69869806878690432 8 69 15 70 17 59 18 63 16 66 19 61 14 54 21 90 20 59 11 59 12 68 22 87 9 57 10 82 13 77 7 56 6 59 4 67 5 69 2 51 3 54 1 37 26 53 23 66 25 84 28 61 24 75 30 81 31 64 29 56 27 68 33 77 32 60 34 68 36 42 35 70 38 55 37 55 39 63 40 83 43 76 41 45 44 44 42 37 45 31 46 41 55 34 49 43 47 40 48 33 51 44 50 37 52 48 61 30 53 46 54 45 58 40 57 42 56 37 59 29 60 32 62 43 63 28 75 47 67 53 64 46 65 37 70 46 66 44 76 38 73 37 69 45 68 42 71 37 72 46 84 42
56 -20.452148254370972 14.545897151716053 23.853029059850897 33 26 20 0.3190660097525268 8 76 15 77 17 100 18 102 16 82 19 85 14 96 21 117 20 106 11 76 12 104 22 121 9 76 6 92
57 -1.0634469521608605 14.475888276850386 18.280856046991982 59 47 37 0.51890210322240071 8 75 15 78 17 102 16 81 19 82 14 83 21 155 11 97 12 106 9 89 10 113 13 102 7 97 6 91 4 102 5 72 2 88 3 72 1 58 25 148
58 -3.3407768108576468 17.603435808777498 21.286365071347539 73 61 57 0.84058378972775916 8 144 15 79 17 103 18 101 16 79 16 138 19 103 14 118 21 115 20 87 11 84 12 92 22 157 9 98 10 141 13 160 7 95 6 90 4 88 5 73 2 78 3 73 1 61 26 149
61 -7.2399810662960329 13.015276903936785 15.167409317647069 85 78 77 1.4743066675779268 8 235 15 83 17 106 18 97 19 94 14 150 21 96 20 82 11 99 22 115 10 157 6 177 3 139 4 169
63 -20.674383442846366 12.610998758971739 34.96005621050989 215 212 214 1.3355806572678826 8 84 15 88 17 85 18 89 16 67 19 77 21 94 20 92 11 93 12 83 22 102 9 71 10 88 13 89 7 80 6 52 4 91 5 88 2 102 26 69 23 85 25 92 28 100
64 -16.654923338618897 6.839271527635419 28.109873625209353 149 105 111 0.51191027867869732 8 93 15 91 17 83 18 92 16 90 19 74 14 64 21 100 20 90 11 82 12 80 22 99 9 78 10 94 13 87 6 82 3 61
67 -2.5211814912423995 16.067608793950441 17.124709303197413 84 77 76 0.81030908640845145 8 95 15 97 17 114 18 103 16 72 19 92 14 91 9 73 10 107 13 95 7 77 6 86 4 58 5 50 2 58 3 75
69 -20.436869920449737 14.521594976991377 23.82782388252134 33 26 20 0.29934039542865287 8 98 15 100 17 89 18 78 16 93 19 83 14 84 21 122 20 96 11 98 12 100 22 108 9 91 10 114 13 103 7 102 6 76 4 72 5 70 2 77 3 71 1 60
70 5.4464235835827219 5.1674377135166054 12.624323630044843 62 62 60 1.5173313736613676 8 37 15 104 17 109 18 82 19 46 17 46 21 61 21 124 20 50 20 101 11 101 12 113 22 93 23 121
73 -17.973091683930186 8.7088466466525496 22.025361297803183 64 60 59 0.56146174062947007 8 70 15 110 18 75 16 71 19 91 14 71 21 119 20 115 11 107 12 88 22 94 9 93 10 91 13 81 7 89 6 93 4 98 5 95 2 108 3 67 1 83 26 104 23 120 25 137 24 117 28 68 30 131 29 115 27 123 31 135
74 1.6990625419054561 7.6531275189017585 13.543032926864994 147 144 137 1.8624583048834824 8 101 15 112 17 119 14 100 20 79 9 109 13 119 7 173 4 80 5 29 6 31 7 32 2 27 2 114 3 80 1 74
75 2.2951961021278064 9.1199647472493766 15.575764687251734 147 144 137 1.3529904619258522 8 71 15 114 17 118 14 99 20 100 9 129 13 146 7 148 4 68 2 112 3 68 1 56 28 111
76 -20.747837273380462 9.7726876067764774 23.229382596374837 42 29 24 0.40983009396997649 8 114 15 117 17 138 18 116 21 192 20 120 11 111 12 115 22 189 3 151
77 -19.491182826703042 10.221475540992994 22.543570900960617 34 24 19 0.3586422014263384 8 115 15 119 17 139 18 118 16 112 19 113 14 111 21 135 20 122 11 144 12 117 22 150 9 110 10 190 3 98 1 103 26 143 23 151 25 175 28 151
78 1.4673628312303737 10.961526711604662 16.590282349811503 129 119 116 1.2390984276226822 8 117 15 121 17 141 18 120 16 114 14 113 21 131 20 123 11 112 12 118 22 128 9 112 10 150 13 120 6 109 5 135 4 135 2 137 3 126 1 130 26 122 23 97 28 95 28 144 31 85 29 108 27 77 7 151
79 -1.552050264094426 18.125922991846689 23.003340095519246 94 82 74 1.1564461080674286 8 118 15 122 17 113 18 121 16 115 19 98 14 138 21 167 20 125 11 177 12 171 22 183 9 135 10 151 13 121 7 98 6 163 4 114 5 112 2 139 3 129 1 105
80 3.3336347819128451 17.879728563420855 22.375306494274696 26 22 22 1.2168083381910517 8 119 15 123 17 142 18 122 16 116 19 169 21 171 20 124 11 113 12 180 22 171 25 189 28 145 31 148
82 1.5411068132158698 8.0088475095061646 24.639212811954433 215 206 193 1.1551300036501946 8 126 15 126 17 176 18 134 16 166 19 120 14 122 21 102 11 121 10 96 13 183 7 203 6 118 4 150 5 168 2 166 3 162 1 166 24 192 30 127 36 148 38 189 37 155 39 218
83 -17.01662153832682 -0.77485775832461046 20.512810768848571 30 29 33 1.36006317195753 8 83 15 130 18 130 16 87 14 81 20 130 11 72 12 120 22 138 9 81 13 84 7 130 6 117 4 76 5 79 2 90 3 147 1 162 25 226 28 75 24 107 33 106 32 94 34 81 36 53 35 80 38 74 37 75 40 85 43 86 43 130 41 75 42 181 45 190 55 72 48 40 51 64 50 59 52 51 61 63 61 115 54 195 55 198 44 215 57 160 58 140 56 119 59 117 60 156 62 132 62 163 63 73 63 128 63 159 75 86 75 190 75 130 67 90 67 139 64 75 65 67 65 121 70 72 70 138 66 70 66 126 66 166 76 68 76 168 73 71 73 158 69 65 69 152 61 183 67 194 65 165 42 190 64 161 68 168 71 57 71 106 71 151 72 70 72 106 72 135 84 57 84 137 70 154
84 5.8328028497874778 4.7715604467734813 13.699926435154349 20 22 20 0.89584042278998699 8 127 15 131 17 147 18 135 16 122 19 121 14 69 21 140 20 133 11 122 12 129 22 142 9 86 10 99 13 97 7 86 6 72 4 94 5 89 2 105 3 65 1 77 26 97
88 -17.382121108492964 8.4643630110696257 21.964893556759186 14 15 17 0.3682607232612789 8 166 15 136 17 153 18 193 16 144 19 126 14 183 20 167 11 128 9 143 10 129 13 185 7 140 6 158 4 153 5 174 2 159 3 148 1 169
89 -19.164020461188208 9.4821947420705346 22.278506855101153 86 80 74 0.26762005433129893 8 130 15 138 17 154 18 143 16 127 19 128 14 129 21 148 20 140 11 130 12 136 22 148 9 126 10 132 13 144 7 143 6 127 4 128 5 129 2 131 3 121 1 124 26 119 23 140
90 -19.986670251555072 9.7185433709649995 22.810233255038401 82 69 65 0.42958440751140897 8 173 15 140 17 155 18 145 16 151 19 141 14 119 21 149 18 117 20 142 11 132 12 138 22 149 9 128 10 133 13 145 7 146 6 141 4 129 5 130 2 132 3 123 1 125 26 141 23 124
91 -19.798844077831042 10.47821136272991 23.054627091738364 34 24 19 0.35746060554446579 8 132 15 142 17 158 18 146 16 129 19 130 14 131 21 165 20 144 11 114 12 140 22 170 9 130 10 171 13 147 7 147 6 129 4 133 5 133 2 135 3 124 1 128
92 1.5806781294721035 11.119379914610539 16.885668289395685 129 119 116 1.3563652394939563 8 135 15 144 17 161 18 150 16 132 14 134 21 151 20 147 11 133 12 141 22 127 9 132 10 135 13 149 6 130 5 111 4 115 2 153 3 99 1 104 26 145 23 93 28 91 28 128 24 115 31 95 29 85 27 78 33 115 34 53 36 71 32 76 35 56 38 116 37 91
95 -1.5602695262367146 17.955475435366861 22.816077136999411 94 82 74 1.0851640160992519 8 139 15 147 17 101 18 157 16 135 19 84 14 114 21 194 20 153 11 160 12 162 9 113 10 136 13 152 7 111 6 147 4 137 5 137 2 154 3 100 1 132
96 3.2832465991799373 17.794823771415643 22.199359610157014 26 22 22 1.4214975742824418 8 140 15 148 17 125 18 158 16 117 19 154 21 168 20 152 11 134 12 170 22 154 13 153 26 147 25 162 23 76 28 131 27 141 29 147 30 86 31 143
98 7.7718112179806864 11.099187428251994 14.556435600867774 212 208 207 1.4745138831809428 8 87 15 150 17 144 18 168 16 118 19 116 14 141 9 138 10 138 13 204 7 201 6 135 4 141 5 139 2 140 3 134 1 110 21 116 23 101 26 84
100 -23.028823671908228 19.469391570265579 28.906038053066045 6 0 0 1.4259071307349274 8 146 15 153 17 126 18 104 16 137 19 135 14 158 21 157 20 155 11 137 9 146 10 159 13 171 6 97 4 171 5 183 2 167 3 156 1 152 26 148 23 143
104 6.8515648653732892 12.003078682100456 13.719069988747995 131 124 117 1.8017432016486505 8 122 15 160 17 181 18 127 16 153 19 117 14 154 21 163 8 58 20 163 12 65 9 171 10 160 13 174 7 164 10 144 6 170 4 173 5 173 2 146 3 137 1 98 1 204 17 133 18 110 15 162 19 110
108 0.66653548092510262 -6.0999882130264158 17.950124258351373 103 41 50 1.9121262905092822 8 212 15 166 17 212 16 174 19 174 19 205 22 132 9 203 10 153 10 216 13 184 7 184 5 161 23 204 28 162
110 -19.414030745088819 8.3697966915848347 21.850373125599582 82 75 69 0.54694696324851277 8 177 15 169 17 187 18 185 16 170 19 166 14 171 21 183 20 178 11 148 12 186 22 173 9 167 10 181 13 179 7 206 6 162 4 155 5 149 2 171 3 166 1 154 26 173 23 169 25 190
112 -18.866212710720198 11.954317372543567 22.453724309382189 172 168 162 0.30673803478375494 8 148 15 174 17 168 18 173 16 155 19 144 14 168 21 188 20 180 11 172 12 168 22 134 9 151 10 177 13 191 7 179 6 143 4 158 5 155 2 177 3 150 1 138 26 126 23 126 25 130 28 137 24 139
113 2.0318799835645125 12.290645848687584 16.244674317176969 68 64 64 0.75066501244262096 8 155 15 175 18 166 17 99 15 76 16 161 19 147 14 151 21 169 20 181 11 173 12 169 22 198 9 154 10 182 13 194 7 182 6 145 5 236 2 239 1 219
114 -4.5564247650271366 22.998751310781728 26.883335938645818 19 5 6 1.5032671187346649 8 157 15 177 17 237 18 204 16 105 18 172 19 137 14 162 21 196 21 175 20 158 20 177 11 157 11 180 12 119 22 129 22 193 22 242 9 149 10 191 13 180 7 174 6 159 4 165 5 182 2 160 3 202 1 151 25 163 26 158 28 195 26 181
119 -19.287971756922445 8.2503593003826445 21.639454283347867 82 75 69 0.48080403910782887 8 167 15 192 17 174 18 194 16 145 19 163 14 169 21 191 20 170 11 169 12 179 9 144 10 174 13 181 7 193 6 139 4 179 5 175 2 185 3 143 1 160
122 -18.925588216802822 10.4121126106371 22.101600369177067 167 161 155 0.30042268168534497 8 198 15 201 17 211 18 210 16 195 19 187 14 196 21 209 20 215 11 221 12 195 22 202 9 194 10 212 13 212 7 230 6 186 4 191 5 196 2 229 3 192 1 192 26 197 23 182 25 201 28 182 24 185
124 4.418062261808779 7.7304612453341708 17.180580500662153 69 68 62 1.1797065299133143 8 183 15 205 17 151 18 190 16 199 19 125 19 150 14 108 21 143 21 190 20 136 11 165 12 183 22 145 10 84
125 -9.5989617974781876 5.6556204209159038 15.320298834591698 167 163 161 1.7713726943731951 8 165 15 207 16 140 14 181 21 221 20 231 12 203 22 209 7 236 4 185 5 172 2 168 3 164 1 168 26 208
126 -1.3170677114821652 11.619187647942395 26.842151246527422 142 122 120 1.6874254664121706 8 234 15 209 18 216 16 183 14 180 21 139 20 195 11 187 12 84 22 96 9 181 10 207 13 219 7 204 4 152 5 171 2 220 3 155 1 167 26 96 28 66 25 117 31 102 30 75 27 92 29 114 33 113 36 51 34 77 32 95
128 -6.5810902951592185 5.2227752148921374 19.437509316802519 215 211 204 1.8073755700270189 8 209 15 213 18 244 16 221 14 226 10 219 13 247 7 243 6 173 4 229 2 203
129 -19.78461961557537 3.5600402924139671 21.340956705555087 54 60 60 0.46737315550064429 8 210 15 215 17 232 18 241 16 230 19 199 14 224 21 231 20 245 11 196 12 235 22 222 9 178 10 220 13 245 7 244 6 219 3 185 1 207
130 -13.983380423382497 5.1523817714189786 24.446924780317396 174 167 166 0.96747057078078025 8 237 15 216 17 230 18 240 19 226 21 232 20 247 11 198 12 181 22 259 10 161 26 130 23 139
131 -19.373889013154113 3.0799088906592931 21.150612714517077 54 60 60 0.46626936511365785 8 231 15 217 17 229 18 199 16 229 19 202 14 225 21 252 20 211 11 199 12 232 22 182 9 180 10 226 13 199 7 248 6 215 4 201 5 223 2 204 3 198 1 209 26 183
133 -19.603145664206739 2.417124676095566 21.06690834122 53 56 57 0.59248454186619781 8 227 15 222 17 227 18 236 16 226 19 219 14 221 21 257 20 225 11 204 12 227 22 228 9 227 10 230 13 242 7 215 6 210 4 223 5 226 2 207 3 216 1 220 26 234
134 -18.853971946891061 6.7225832621677206 21.148784953285666 65 62 57 1.2022548616097548 8 176 15 226 17 222 18 224 18 225 16 212 12 236 22 191 9 165 13 228 26 177 23 160 25 208
135 -18.925588216802822 10.4121126106371 22.101600369177067 167 161 155 0.30042268168534497 8 236 15 228 17 216 18 229 16 216 19 212 14 209 21 242 20 235 11 213 12 220 22 239 9 209 10 221 13 229 7 234 6 201 4 209 5 214 2 215 3 210 1 195 26 225 23 210 25 232 28 215 24 195
137 -2.6727648906664863 -4.5574304650592801 7.4356237755189518 143 31 41 1.1815436972251954 8 219 16 186 14 223 21 216 20 205 11 189 12 161 22 249 9 210 10 198 13 210 6 202 4 187 5 218 2 224 3 138 1 194
138 -15.360574468189785 2.5799989107030052 20.574463691281284 26 28 34 2.1118272599697976 8 225 16 160 18 177 19 158 14 176 23 189 25 251 28 222 24 171 30 180 31 191 27 174 33 195 32 141 34 137 36 107 35 128 38 134 40 173 43 168 43 178 41 184 44 123 44 195 42 141 45 112 45 148 46 175 55 186 49 96 46 85 47 76 48 82 48 195 51 175 47 170 49 159 50 78 50 182 61 67 54 123 58 127 58 177 53 137 70 73 76 137 73 176 62 70 65 74 67 74 60 98 58 82 66 69 63 77 59 70 69 68 75 78 54 200 62 169 54 136 52 73 55 81 75 66 69 73 68 68 68 73 71 64 71 80 72 65 72 73 55 184 84 97 56 180 57 180 56 64 57 69 63 182 73 69 84 66 53 149 76 65 53 64
140 -19.645004632832784 1.9991905899014519 20.975564927319105 114 116 116 0.61638694229733393 8 158 15 241 17 172 18 200 16 139 19 159 14 177 21 251 20 246 11 205 12 225 22 229 9 160 10 168 13 169 7 198 6 160 4 184 5 166 2 163 3 173 1 164
142 -20.002362920835051 15.264648362356025 23.838569978395896 149 142 138 0.25339038373029993 8 239 15 249 17 202 18 250 16 232 19 181 21 205 20 207 11 179 12 242 22 252 9 231 7 253 6 221 26 240
146 -14.367129694022525 3.2044275576425414 22.103272923639789 26 28 34 0.88986522057624251 15 24 17 38 18 29 16 22 19 24 21 30 20 29 11 25 12 33 22 37 10 36 13 31 7 26 4 28 5 23 2 30 3 19 1 18 26 22 23 19 25 38 28 24 24 24 30 24 31 26 29 23 27 33 33 39 32 38 34 27
151 6.2779500683832605 0.33403659401163255 18.447517942393052 232 232 228 1.539848160859419 15 72 17 64 18 53 16 53 21 73 20 71 11 62 22 81 10 62 13 72 7 81 4 56 5 59 2 67 3 37 1 41 26 52 25 72 30 42 42 39 43 65 41 47 44 41 45 32 46 42 47 38 49 42 55 35 48 31 51 34 50 36 52 34
152 -5.3490738284282848 17.217933776730575 21.700251479114765 41 18 24 0.40723353739092327 17 67 18 58 16 64 8 54 11 65 9 67 10 79 13 75 7 57 6 69 4 64 5 66 2 72 3 50 1 50
154 5.2825148288420856 10.185354756533048 21.23086901504028 67 64 59 1.1266282965873875 17 79 18 61 16 86 8 97 19 56 21 95 11 71 9 49 10 46 13 49 7 37 6 42 26 75
157 -17.728357202080815 20.254469378834624 36.473095942361212 68 67 61 1.2814927619836098 15 85 17 94 18 73 16 91 19 89 14 72 20 109 11 80 12 139 9 111 10 102 7 78 4 60 5 57 2 71 3 45 1 44 26 144 23 114 25 141
159 -15.177137359616019 20.591381573435058 36.241138720127616 72 70 67 1.8099753371185401 15 102 17 116 18 80 21 108 20 80 11 88 22 109 12 105 10 70 6 53 4 61 5 55 2 69 1 46 23 99 25 156
160 3.7414480398568442 3.5845410728425131 9.6315387843819575 62 62 60 1.0934545474325628 15 103 17 56 18 81 19 53 11 100 22 110
163 6.3154983454298206 3.9108648151696355 13.423492543078876 230 231 224 0.17834698947531105 15 93 17 108 18 91 11 94 23 63 25 71
166 -2.4943237507088458 16.160103646420435 17.218195584785811 84 77 76 0.77357799332724853 15 96 17 107 18 98 19 96 14 94 9 74 10 100 13 104 7 59 6 74 4 63 5 65 2 61 3 86
170 -13.890647440541816 -0.38324600922251939 19.980349443662046 138 138 145 1.0428863842873106 15 116 17 121 18 113 16 100 19 107 14 106 21 126 20 118 11 109 12 111 22 165 9 105 10 104 13 113 7 167 6 96 4 105 5 107 2 116 3 93 1 113 26 105 23 100 25 105 28 121 24 88 30 92 31 133 29 92 27 104 33 137 32 106 34 97 35 97 37 177 44 120 41 195 42 106 45 136 46 84 55 105 49 94 47 103 48 104 51 108 50 74 53 113 52 105 54 84 58 97 57 103 56 117 59 120 60 135 75 103 65 164 70 166 66 91 76 126 71 108 72 114 84 129 84 139
173 -2.5645502462019514 17.745155573017758 21.02233794010861 117 104 103 0.25485320902498992 17 120 18 125 21 114 22 107 26 74 25 99 23 112
175 2.2059127495510191 -0.16036727631586223 22.078399154832628 244 225 223 1.1930465627426969 17 194 18 131 15 186 16 158 8 186 14 215 21 170 11 118 22 235 9 79 9 216 10 92 10 166 13 86 6 206 26 229 25 223 28 76 24 109 30 146 29 130 31 63 31 197 27 100 33 112 33 214 32 68 34 49 27 52 33 61 32 48 34 185 38 40 38 71
176 -13.979088332441057 -0.34885141085673577 20.158178375341766 138 138 145 0.93132986589520261 15 115 17 122 18 132 16 102 19 106 14 121 21 137 20 119 11 108 12 125 22 139 9 119 10 93 13 133 7 127 6 95 4 107 5 105 2 119 3 101 1 101 26 108 23 82 25 90 28 115 24 108 30 67 31 128 29 74 27 122 33 141 32 131 34 100 35 113 37 148 39 154 41 216 46 95 55 101 49 108 47 127 48 98 51 101 50 95 52 101 58 89 56 128 59 128 75 98 66 112 76 140 71 129 72 122 84 123
179 -20.860998439425984 8.6414134487733811 23.756877162887005 38 32 26 0.23585738216373914 17 152 18 140 21 145 20 138 11 127 12 134 22 146 26 136
180 3.9006599729275133 7.2270617111631141 14.117926320582358 98 94 92 1.4368739164562669 15 137 17 137 18 142 16 126 19 127 14 128 21 147 20 139 11 129 12 135 9 125 10 131 13 142 7 144 6 126 4 131 5 131 2 133 3 122 1 126 26 139 23 123 28 150 25 177
181 -20.561038867923937 9.6275423819214243 22.968396983284421 39 26 21 0.49549704379561804 15 139 17 157 18 144 16 128 8 131 19 129 14 130 21 184 20 141 11 131 12 137 22 175 9 127 10 134 13 143 7 145 6 128 4 132 5 132 2 134 3 153 1 127 26 222
188 -13.984138940807318 -1.3711310570879345 20.326780674441356 149 148 150 0.78803389060632179 15 184 17 195 18 165 16 147 19 155 14 160 21 199 20 182 11 156 12 167 22 179 9 173 10 164 13 129 7 129 4 110 5 120 2 121 1 112 26 165 23 153 25 158 28 158 24 150 30 145 31 149 29 142 33 161 40 149 41 114 42 183 47 102 48 141 51 114 50 128 61 94 54 135 58 125 57 127 56 112 59 116 60 133 62 85 63 98 75 131 67 108 65 91 64 90 70 97 66 127 76 99 73 120 69 86 52 112 68 90 71 107 72 117 84 84 53 82
191 -18.39363406274795 1.1658407458394289 20.38247704454891 118 119 121 1.3080205051232303 15 50 17 173 18 178 21 65 20 54 20 189 12 51 12 176 22 50 26 39 23 44 23 191 25 61
196 6.4692229448249359 5.5009471695207823 14.457575865109963 207 209 207 0.84826993651535387 15 206 17 215 18 189 19 208 21 201 20 175 11 163 12 205 22 211 26 135 23 167
197 -16.712658401785884 9.1643422093097051 21.278179196212708 0 1 4 0.31690587112580565 15 167 17 175 18 195 19 191 21 250 20 172 11 164 22 205
198 0.26470310067341207 8.6296318457792616 24.632455899152554 127 103 99 1.6089787441424841 17 198 18 197 16 209 8 207 13 223 6 196 32 168 33 180
199 3.9249126947639024 5.2635792533690449 6.2286756742984037 48 27 10 1.2851564156078874 17 192 18 202 14 117 9 116 7 166 6 112 4 119 5 108 2 149
200 -2.6337554395347835 19.509738424065706 22.370892194408704 70 59 59 0.71907550488637162 15 250 17 234 18 203 19 223 20 127 21 161 11 153 12 121 22 130 22 161 26 112 23 198 25 240 24 206
203 -14.431928748089282 -3.1967291097384036 20.381418603049255 27 26 27 0.15259512284680551 17 220 18 207 16 203 8 220 14 212 9 213 6 204
205 -8.9024813411943668 -0.18300904677216237 19.643249777589961 237 237 233 0.65343365265806796 15 246 17 213 18 221 19 206 11 207 7 255 33 185
206 -19.564711533474931 7.1772524878730541 22.23464384637721 63 60 53 0.84527253080727027 17 221 18 226 15 208 18 217 16 213 8 175 12 204 22 190 9 166 10 162 13 227 6 161 26 178 23 165
207 -8.9024813411943668 -0.18300904677216237 19.643249777589961 237 237 233 0.65343365265806796 15 253 17 225 18 233 19 218 11 217 7 249 33 199
210 -11.433949410331619 3.1657586059639011 19.656799269152842 237 243 245 0.98383893541792733 15 221 17 228 18 238 15 223 16 162 19 160 21 235 11 203 12 228 22 227 10 228 13 250 7 208 6 174 4 206 5 228 2 205 3 182 1 205
211 -18.845169537796714 4.811900160229337 21.014790956466719 65 65 61 0.52442590491379215 15 211 17 197 18 245 16 208 19 197 21 228 20 243 11 193 12 213 22 217 10 213 13 222 7 241 6 194 4 216 5 208 2 202 3 206 1 208 26 214 23 209 25 195 28 227 24 198
212 -24.322475947039273 24.605133600250078 32.298314597137271 34 36 42 1.3573908618682136 18 72 8 48 15 66 17 71 16 56 19 70 14 47 21 78 20 95 15 84 11 103 22 82 9 55 10 54 7 75 6 35 4 33 5 61 2 55 3 42 1 38
216 -0.095639047023150542 11.025291052161318 12.984672446133656 74 66 67 0.61261814870273457 8 34 17 26 16 33 14 35 9 41 10 51 13 44 7 40 6 38 4 35 5 34 2 34 3 30 1 33
219 -17.30164426224826 -0.28798594323053262 19.615793496294632 12 10 17 1.2038546261143019 18 40 16 37 15 57 19 50 21 62 20 57 11 42 12 54 13 76 7 54 23 43 25 114 28 116 24 55 24 131 29 129 27 88 33 118 32 105
222 -15.979471995915935 10.567793478276242 35.24387003658638 213 209 204 1.421982459294223 8 90 18 54 16 57 11 162 12 81 10 86 13 57 4 121 28 142 24 134 30 114 40 68 41 56 42 49 45 47
227 4.9401376826280545 6.3772906416990649 11.836638174764499 60 58 57 1.0965882334818047 8 72 17 95 16 84 19 87 14 89 21 98 20 108 12 90 22 122 9 92 10 116 13 99 7 90 5 96 2 73 26 78 23 94
231 -23.500451706547945 30.716934865994943 52.932038226356617 68 67 61 2.1068674116863222 17 93 16 94 19 100 14 78 20 98 12 116 9 131 10 87 13 148 7 149 6 84 4 134 5 134 2 110 3 125 1 129 26 120 25 157 24 138 30 106 29 111
246 -14.529775706617936 -0.91048462280410436 20.39287701068141 15 14 18 1.2020970104515354 18 94 16 157 15 129 14 167 20 89 9 174 10 122 6 205 10 235 3 176 31 106 27 72 33 109 33 223 32 93 36 66 43 85 43 170 41 76 41 196 44 139 42 81 46 184 55 73 55 204 47 173 51 164 53 212 75 191 67 82 66 165 71 58 72 69
261 -18.407658091062451 11.042268335490141 24.085896781133815 38 39 43 0.42841424705840053 18 196 16 197 19 176 21 185 17 136 15 141 20 143 12 188 22 176 5 199 4 194
265 -17.127031448445081 6.3710650475328228 21.420973209096648 5 8 11 0.30667841548259678 8 204 18 198 16 205 19 195 20 129 2 238
267 -18.557314110522359 4.8676882160069379 21.079270134874104 58 55 50 0.43852378654273683 8 206 18 247 16 207 19 198 14 228 21 227 20 244 11 192 22 216 9 202 10 225 13 220 7 239 6 193 4 200 5 206 2 201 26 213 25 213
272 -4.9718576178177374 26.228497689552967 30.339843870459013 19 5 6 2.1915014599847606 8 156 17 233 8 180 15 183 17 235 18 230 16 178 15 179 19 114 19 173 19 214 14 156 14 161 21 193 12 154 9 169 9 228 10 194 10 196 10 199 13 132 13 176 13 202 7 163 6 152 6 165 6 166 5 179 4 182 7 195 2 190 3 163 3 196 1 134 26 152
273 3.4634733343432682 19.19213020295166 22.282230029618809 47 43 43 1.0078640040716691 8 218 17 182 17 57 18 67 16 220 19 204 14 174 21 63 20 55 20 126 11 44 11 171 21 254 12 49 9 168 10 185 13 233 7 240 6 164 4 181 5 178 2 189 3 141 1 157 26 47 26 160 25 65 28 90
275 -2.5246797881564076 17.164847593215157 20.408874186017528 121 108 106 0.50343732344584391 17 123 18 107 16 103 17 200 18 206 8 145 14 144 21 106 21 202 22 120 9 99 10 142 13 161 7 159 6 138 4 112 5 142 2 120 3 87 1 94 26 83 23 106 25 98
277 0.61379282271724123 -0.51145382635216052 21.812336190740563 123 13 20 1.2928140474086796 15 36 17 29 19 13 21 50 28 36 24 34 33 29 32 26 11 49 38 25 39 25
278 1.8230839072507907 3.8640942133069758 12.048474987983637 219 224 216 0.92642576583167069 8 40 16 15 19 17 14 40 9 50 10 65 13 70 7 79 6 63 4 48 5 49 2 70 3 43 1 42
280 -20.726814653980192 4.7872638593791539 23.218651548489216 5 6 10 0.93887400692512801 15 54 17 51 19 38 11 46 26 99
284 -17.41595911509954 7.2060731853559279 23.018347308617969 33 36 39 0.76013115302705236 8 73 16 69 19 79 14 68 18 56 20 73 11 63 9 69 10 97 13 93 7 85 6 80 5 85 2 101 1 63
286 -1.0639743406177253 14.412468029066428 18.201570396525959 62 46 40 0.49405898966442208 15 99 17 115 19 97 14 95 21 132 11 74 12 107 9 75 10 101 13 109 7 110 6 75 4 73 5 98 2 97 3 77 1 72 25 126
295 0.99391329125056549 -6.7041545495421566 19.455176311743749 107 55 64 0.93753351610687774 8 194 19 175 9 207 10 202 23 196 28 155
298 -17.635997712081362 9.5620042763703044 21.948670329988357 10 8 7 0.37916797977653682 15 203 19 190 18 211 21 213 20 220 11 220 12 198 22 238 4 202 3 169 26 223 23 172 25 252
301 5.4935967779087758 7.419452003330874 8.4522640660822645 122 105 96 1.2314919485500169 15 239 19 224 18 201 7 217 9 225 13 249 14 231 3 203 1 172
303 -13.784247680698686 -0.79764605744995964 20.268984319996239 122 123 129 0.92107344019546444 17 30 14 22 21 38 12 31 9 26 10 27 7 49 25 41 31 47 29 40 32 40 36 29 35 36 38 33 37 33 39 37 40 35 43 40 41 31 45 20 46 27 55 25 49 24 47 27 48 29 51 25 52 23 61 20 53 29 54 24 58 29 56 18 59 25 60 26 62 27 63 24 75 26 67 27 64 24 65 23 70 22 66 26 76 25 73 20 69 24 68 22 71 22 72 24 84 29
306 4.4485227538981995 5.5354105233185686 6.6217451247490127 175 130 70 1.844759965626847 8 111 16 110 14 104 11 143 20 164 12 110 9 104 10 77 6 100 26 115 21 82 17 191 22 79
308 4.5313015154276393 11.970612003235335 21.095564005070177 68 64 62 1.1693166531305894 17 243 14 199 13 189 7 177 3 190 1 214 30 162
309 -17.943906742165574 -0.47686086415256829 20.04401650048899 129 131 131 1.4777225711919164 8 221 18 232 14 217 20 227 25 225 29 210 27 196 33 222
310 0.69566668057941616 13.871198021743378 17.758849089886581 42 34 33 0.64366625253172172 8 60 18 57 14 234 9 153 5 235 2 236 1 182
313 -15.993300979560672 10.168463338947719 23.991736735984137 214 216 216 1.6313902838099692 15 30 18 22 21 24 20 23 11 31 12 29 22 17 26 19 23 14 25 13 28 11 24 15 30 9 31 9 29 7 27 12 33 11 43 16 40 12 39 11 41 11 44 6
314 -5.6885919302252672 4.5342984509030133 20.986849425274077 219 215 205 1.9392763081875011 15 25 21 31 12 25 22 38 10 25 13 21 23 25 25 25 24 21 28 21
315 -5.6286211713045224 4.3362948494331794 20.516513357797738 219 215 205 1.7904204857881827 15 40 21 34 12 28 22 30 10 19 13 22 23 28 25 26 24 20
316 -13.295766026643939 18.806969606138438 37.10331297169305 66 62 60 2.2248524687397513 14 10 21 47 20 35 12 39 10 16 7 16 4 20 5 13 13 19 5 20 2 11 2 22 3 13 3 18 1 11 1 17
317 -23.014314707289728 14.850009500082564 28.08037753125042 172 160 153 0.93923034218982782 8 31 17 33 21 48 22 34 24 145 28 143
318 6.05920051171318 6.1584826024778492 9.9549731378830675 142 138 135 1.2226091245814334 14 32 21 68 12 58 22 55 13 39 23 47 24 59
319 -12.642468325376399 11.821333020672363 28.714617417042376 152 149 144 1.4051872347753529 21 93 20 94 11 91 12 95 26 90 23 88 25 76 28 105 24 79 30 74 29 81 33 85 32 88 34 79 36 111 35 149 18 87 15 95 38 140 37 159
320 6.3182145031589778 7.3507313703944517 15.614101267405699 230 228 227 0.42151365491537124 21 120 20 78 12 87 22 125 26 91 23 91 25 138
321 -19.096267450356105 9.4540854530985392 22.167742932135429 85 79 73 0.26673960898351867 15 164 18 115 21 130 20 166 11 110 12 114 22 169 26 140 23 122 25 139 28 125
323 -2.4661743129336995 1.5577678632845513 22.038401036565769 159 29 41 1.3624288630429848 25 133 24 110 30 68 31 108 29 76 27 97 33 104 32 91 34 61 35 58 38 52 37 57 39 67 40 46
324 -12.337239530856076 5.7680380888832357 15.191088249930699 243 243 246 1.797829168048364 18 191 21 144 20 137 11 167 12 133 22 147 11 186 26 118 23 68
327 1.4832477128163439 6.1527105560969018 11.060543422840755 81 78 72 1.6641062783319747 15 202 18 147 21 186 11 170 12 166 22 177 3 144 2 136 5 151 1 135
328 1.7025844954204601 10.437833254051636 17.038805346534275 60 53 49 1.2339836672784876 15 243 21 210 20 216 11 228 12 196 22 201 26 196 23 200 25 198 28 179 31 213 27 155 33 157 31 156
329 2.2514663784357749 10.225850491824989 17.519786949823711 61 55 50 0.81246391464767242 19 189 21 211 20 217 12 197 22 203 26 198 23 199 25 200 28 176
331 1.4271850331716518 5.6269270404484732 21.328982285551636 245 215 211 0.69705814057781312 8 211 16 165 21 229 9 162 22 185 10 197 13 221 6 176
332 -17.077126812374292 3.4645856642989625 20.827149124105105 60 61 65 1.6598055370238882 15 219 17 231 21 233 15 218 20 224 11 201 12 229 22 244 26 243 23 186 25 216 28 211 24 191 30 181 31 201 29 199 33 210 33 174 32 192 32 175 34 191 34 172 36 173 36 181 35 181 28 232 38 177 38 183 3 183 26 237 37 179 37 185 1 170 39 193 39 210 40 217 40 224 43 211 41 180 41 204 42 133 42 178 44 191 45 189 46 171 49 199 47 165 47 189 48 185 50 140
333 -11.401986554918249 3.2312688248508095 19.661198063733433 240 246 248 0.64160430571882132 15 224 18 222 21 236 11 208 12 215 22 234 10 218 13 225 6 198 4 205 5 211 2 213 3 207
335 -17.551957856537733 9.4799552323947278 21.804140587494654 12 10 9 0.41313996046838303 18 228 19 210 21 241 20 234 11 212 22 204 4 203 26 201 23 219 25 247
336 -5.2794395146827364 20.297128711836216 24.156144097946566 68 47 50 0.61761203065964609 15 248 16 219 21 243 20 236 12 233 22 243 26 179
340 3.7479516946211935 19.863214011174026 23.047290598430042 55 51 51 0.97277106519155898 8 189 17 190 17 80 18 59 16 185 19 68 19 177 14 157 21 51 19 178 20 48 20 157 11 41 11 151 12 60 22 58 9 139 10 189 13 248 7 213 6 154 4 163 5 157 2 184 3 140 1 139 26 48 23 40 25 67
342 2.1072058039727319 17.101249237306025 20.297126717162488 77 69 70 1.0395616132649601 8 151 15 155 17 183 18 106 16 177 19 152 14 143 21 158 8 65 15 68 17 75 18 69 16 63 19 57 11 138 22 156 9 97 10 120 13 105 13 159 7 118 7 158 6 137 4 143 5 141 2 79 3 136 1 93 26 150 23 128 25 124 24 99 28 96 30 90
343 -4.6310604113520828 4.2672037479236415 19.364343556438008 230 213 208 1.1194550501672387 8 125 15 172 17 146 18 124 16 121 14 179 21 72 18 64 14 90 12 108 22 98 9 120 10 123 13 200 7 82 7 205 6 83 6 156 4 77 4 214 5 81 5 209 2 124 3 59 3 172 1 116
344 -11.065303609071714 -6.5440218219918007 20.267274070296619 160 162 158 1.4633479269856187 21 1 20 1 11 1 12 1 22 1 25 1 28 1 24 1 31 0 27 0 33 2 32 1 34 3 36 3 35 1 38 1 37 1 39 2 40 2 43 1 41 1 44 0 42 0 45 2
345 -11.141060074089507 -6.5247045172430829 20.327259281136847 160 162 158 1.3504152288404341 21 2 20 2 11 2 12 2 22 2 25 2 34 5 36 2 35 3 38 3 37 3 39 5 40 6 43 5 41 5 44 3 42 3 45 4
346 5.9523640843569785 15.085664407595623 18.772043590726852 61 49 52 2.0411324886533611 21 21 20 26 11 15 12 17 22 14 7 25 6 15 2 18 23 11
347 -17.874442994365118 4.0996763861968075 20.660455011175554 87 80 79 0.22993794912954368 21 45 20 42 12 46 22 31 26 36 23 30 25 32 28 31
352 -19.637337520832332 10.693345552772231 30.323325911458333 22 22 29 1.352644006012387 14 55 21 92 20 81 11 64 12 101 22 103 10 66 13 92 6 79 4 69 5 86 2 103 3 74 1 76 26 68
360 -20.487736540719318 15.830381949629961 25.759551796725042 45 41 43 2.3811132375851893 18 155 20 150 11 115 22 153 7 155 13 155 3 131 1 90 25 146 28 129 24 142
361 4.0673471958445848 6.9314484798805491 14.638400782365096 47 43 41 0.84148750554967955 14 202 20 169 11 147 13 215 10 215 7 247 2 197 3 188 1 190 23 173
363 -4.9281891800421933 19.356032812299457 23.448985256451344 36 11 16 1.0957645378669842 21 174 20 184 22 192 13 252 26 155 23 170
366 0.68818326864237955 17.760543524666637 20.322602345541423 31 24 25 0.32468893463058807 21 177 20 194 11 182 12 175 22 194 26 164 23 147 25 167 28 156 24 165
372 -12.960944782869054 5.8956077269142515 16.086081988715758 36 36 43 1.5049454559478217 21 220 20 228 22 208 23 119 25 115 28 103
374 5.2433627998658991 6.2059455754540922 16.334477161874325 63 33 32 0.088875902936173271 14 204 20 237 9 200
376 -14.577503773616645 5.4607002066070951 25.722833892884065 165 164 165 0.91733008202010979 8 103 17 112 16 96 19 102 14 79 20 230 8 241 15 230 17 214 18 223 21 234 21 238 11 210 12 177 22 225 22 260 9 58 10 81 13 69 7 83 6 60 4 78 5 78 2 99 3 60 1 75 26 116 23 136
378 -0.65043525733402785 15.16254038773001 18.398978394730221 83 70 66 1.6702406715659255 8 120 15 152 18 161 14 142 20 154 8 142 15 124 18 123 21 156 11 136 12 145 22 178 9 117 10 140 13 158 7 156 6 136 4 87 4 101 5 140 18 105 15 154 2 142 3 135 1 92 26 154 29 86 27 74
379 -17.497141124657013 10.023578098879639 22.854901588804228 20 22 27 1.3801650758164903 17 156 20 121 15 118 8 147 15 204 17 203 18 212 16 149 19 192 14 166 17 189 18 186 20 179 11 149 12 187 9 145 10 176 13 188 7 175 6 140 4 156 5 150 2 172 3 167 1 133 26 204
380 -0.31115738425892325 14.976418921958714 17.567171514284219 40 36 34 1.8607377652073853 12 151 21 160 22 69 10 111 13 107 7 101 3 85 26 57 28 134 29 90 30 91 20 40 11 36
383 -5.2583382629425515 -4.2370391985246236 11.729967333743046 182 160 161 0.14641870917099281 19 118 11 104
384 -16.851914842446554 -0.97936424482874851 19.353415552875113 129 129 127 0.73170180935849694 18 129 11 117 12 124 22 137 9 118 26 127 13 231 23 132 25 227 28 141 29 213 27 197
387 -18.034185171039709 7.6275668947218023 22.577698979394579 17 19 21 1.2676742405713548 21 263 11 188 22 212 13 217 6 190 5 203 3 115 5 125 13 110 1 86 30 185 31 179 33 178 32 177
389 -19.480848469953976 15.632674484312783 24.184158159694295 13 11 12 0.45260068998733055 15 198 11 229 17 240 22 250 26 192 23 152
390 -18.799221514630009 3.8736944286416271 20.971456766048817 8 9 7 2.1694680549251282 15 247 11 230 22 220 3 208 1 193 26 217 28 210
392 -9.7961933392701077 3.5769619094209997 9.3281039860032511 14 15 19 1.8693387122804617 20 36 21 22 12 16 22 19
394 -3.8594490880261061 27.106700179733469 30.591035632000224 84 76 75 1.2427358254853085 8 104 20 110 12 96 14 76 16 75 22 116 9 85 13 78 4 85 5 75 2 82 1 80 26 80
396 -0.6899536587410976 -2.024820562018419 14.667624084883288 123 11 18 0.72910656212080172 15 232 20 128 12 122 26 124
397 -15.029882964397022 -3.2257169407094861 19.670008165007427 25 25 24 0.74937302976762254 11 145 12 158 1 158 31 193 27 183 33 207 32 201 36 140 35 142 38 147 37 124 39 147 40 160 43 131 44 133 42 118 45 139 46 127 55 126 49 149 48 135 51 127 50 131 52 151 61 89 54 186 58 91 57 136 59 92 75 99 64 109 70 120 66 113 76 91 73 86 69 102 68 81 71 98
398 -15.206385063408456 -3.2438401819505596 19.951423186652896 25 25 24 1.6705016680516029 11 116 12 163 1 143 31 172 27 189 33 200 32 199 34 134 36 127 35 119 38 122 37 113 39 136 40 147 43 153 41 113 44 118 42 102 45 144 46 120 55 152 49 137 47 101 48 107 51 157 50 127 52 126 61 97 53 202 54 191 54 192 58 101 58 136 57 118 57 159 59 102 56 189 59 181 60 96 62 92 63 97 75 105 53 210 75 198 67 107 64 93 70 96 66 93 76 103 73 92 69 89 69 168 68 82 71 84 72 85 84 83 52 170 53 203 54 194 58 138 55 197 56 175 57 163 59 143 60 171 61 165 63 155 69 154 51 158 73 156 72 104 50 166 71 104 65 119
399 -17.064935140055219 4.3365964770615069 20.860922906645982 2 2 6 0.89546420724226827 12 165 9 121 24 169 28 209 30 164 27 202 33 218 32 173 8 169 35 162 38 197 37 170 41 177 48 206
400 16.729185071051777 10.82889947412218 27.060486353427471 200 199 195 1.4180680052437329 8 203 11 215 12 206 16 202 22 184 7 238 13 218 6 191 4 199 5 205 26 134 23 146 25 176 28 171
401 3.7107961863799979 5.7528375508446556 14.997969975083947 234 205 206 0.19621382728886838 14 203 12 208 22 214
405 7.4387895338688903 19.326778847599122 24.773885691550703 66 46 49 1.9627511939390501 18 162 21 264 12 237 17 238 18 237 9 189 10 208 6 179 26 216 28 193 29 208
408 -2.7088599561848472 -7.8219997013219 18.571299476951324 183 181 178 1.6445215241628131 14 21 22 45 31 23
417 -18.013544692510735 3.4547790475611135 21.01435457361276 82 79 82 0.4015075877783344 11 197 22 223 9 177 26 187 23 185
419 5.7130343064645412 8.5962216485364156 11.013966663417953 123 117 112 2.0853955020178834 12 61 21 52 22 57 21 112 26 44 23 50 23 74 25 110 28 72 20 86
422 3.6785914031950622 12.610448889947804 16.326592550409874 38 34 34 0.39321504557202158 21 11 9 9 10 11 13 10 7 10 6 9 4 7 5 8 2 7 3 7 1 7
423 3.6785914031950622 12.610448889947804 16.326592550409874 38 34 34 0.39321504557202158 21 9 9 10 10 12 13 11 7 11 6 10 4 8 5 9 2 8 3 8 1 8
427 -1.3060774778635913 14.541661492136422 18.701077044816376 55 42 32 0.37084415415644578 11 178 9 233 7 225 6 222
428 -20.311205051496845 14.370533265443978 26.183095352935041 43 38 35 2.2307503571755882 17 163 18 151 14 136 8 136 20 149 12 142 9 133 8 197 15 199 17 209 18 209 16 194 19 186 21 208 20 214 11 223 12 194 22 200 13 150 7 153 6 131 4 189 5 193 10 210 2 227 1 188 26 195 23 201 25 196 28 181 24 187 30 165
429 -2.4412614502275845 17.188523879101464 20.33823633177192 114 100 101 0.1636127146050628 21 28 10 18 13 18 7 18 4 12 5 15 2 12 3 14 1 13
431 -17.802641107823426 19.371574064127429 40.328848849470369 74 72 71 1.3538446267090165 8 85 9 61 14 73 15 245 10 47 16 52 23 71 28 49 25 77 5 91
434 -5.4265726735588693 -0.031770069833967685 18.099287016393092 181 150 148 2.0799500756880493 8 107 15 71 17 63 18 36 19 72 14 101 20 70 11 73 12 79 22 63 9 96 10 233 16 210 20 242 22 233 13 172 7 209 6 61 6 114 4 225 5 220 2 161 3 175 1 199 26 107 23 83 23 193 28 77 24 118 25 224 29 157 27 203 33 219 32 70 34 110 35 115 36 102 35 77 24 132 38 53 38 100 37 77 37 95 39 112
436 7.3240962378622649 7.4558733747895811 16.410868629980968 64 65 63 0.70799788509029682 10 163 21 218 13 186 9 142 7 192 4 154 2 170 3 165 1 153
437 4.2634928319133065 17.403271724864474 19.710181549757987 78 70 71 0.78536314472655 21 54 13 54 15 61 19 48 11 51 9 39 7 44 4 46 2 35 3 28 1 29
439 7.4388347967227304 -14.257056711205227 16.611656341820364 255 255 255 1.6311452084808018 13 0 21 0 22 0 7 0 4 0 5 0 2 0 3 0 1 0 26 0
440 -10.629297190914825 17.281370086150581 32.215593293275809 68 65 60 2.1174992266210957 13 14 21 15 22 26 7 14 33 24 25 31 32 27 26 30
454 -19.016811291588379 12.232072332007904 22.429658505202386 10 7 3 0.21489034141102312 9 192 10 209 7 228 6 182 16 192 4 228 5 192 2 226 1 187 25 244 28 184
468 -4.4158730600930101 18.458653733581667 23.121576023260396 92 76 72 2.2465475382307347 8 57 15 60 16 51 19 66 14 59 21 76 20 105 12 97 9 62 10 71 13 61 7 73 6 54 8 192 15 165 17 201 18 170 16 168 19 221 14 153 21 172 20 183 11 175 12 146 22 155 9 157 10 205 13 205 6 175 4 62 4 162 5 58 5 189 2 54 2 231 3 46 1 40 1 171 28 191
469 -8.4986331800183752 13.205641464873372 21.035881251517033 63 59 57 1.783545159000774 7 3 4 2 13 3 5 2 2 2 3 2 1 2 33 13 20 5 12 6
470 -8.4249300879754667 12.54500243184561 20.133838204403027 63 59 57 2.1867180249619609 7 6 4 3 10 4 13 4 5 4 2 4 3 4 1 4 31 15 33 16 20 8 12 7
476 4.0056591693830139 7.8534898884720814 13.624562376634627 60 56 54 0.88943829268814145 13 26 14 11 16 21 5 21 9 17 10 20 8 12 30 16 31 16 29 15 27 19 24 18
481 2.265657974766806 -1.5618179680319737 23.344395821120667 176 158 158 2.0430171240846993 7 218 21 247 24 151 2 211 34 124 5 219 38 185
483 -7.1766029547947809 -0.52052816895898801 17.853514526176944 192 193 184 2.2049109843368022 17 224 31 48 24 46 33 60 32 52 34 82 36 68 16 88 8 86 9 84 1 65 11 95 18 50 17 77 15 46 38 67 37 78 39 65 35 68
485 -17.931509609671764 3.0894232768585304 21.157588270800126 3 2 6 0.85404591143039743 8 230 15 220 17 170 18 239 16 228 19 222 14 185 21 179 20 191 11 202 12 164 22 181 9 176 10 227 13 244 6 214 4 104 5 101 18 93 16 98 2 115 26 159 23 157 25 182 28 220 24 111 31 164 29 160 27 105 33 160 32 142 34 131 40 220 43 213 41 183 44 193 42 130 46 125 35 166
487 6.0793408454334292 18.618224749586993 21.554474825991402 55 47 48 2.3317076841155568 17 105 19 95 7 108 10 109 13 80 6 87 4 83 5 83 8 77 15 80 18 100 16 78 19 81 14 80 21 113 11 83 12 152 10 112 13 106 7 104 6 89 4 86 5 74 2 80 2 85 3 83 1 89 23 154 21 261 25 242 20 84
493 0.41548510805390898 12.172429477554205 14.524057701582771 78 70 71 2.3916629431881873 8 36 16 34 17 32 14 36 9 53 10 55 13 53 7 45 6 46 4 45 5 38 2 39 8 63 15 62 17 68 18 65 16 55 19 67 21 69 20 63 11 66 12 59 22 56 13 108 7 119 3 27 1 27 26 45 23 49 25 53 30 55 24 116
508 -0.13123837503877023 10.390921934655227 12.537237029764869 75 67 68 2.0428313208842037 8 35 17 28 16 35 9 52 10 59 13 43 7 41 6 45 4 38 3 29 1 32 8 66 15 67 17 76 18 68 16 62 19 59 14 116 9 115 10 152 13 125 7 122 6 111 4 147 5 114 2 96 3 105 1 107
509 2.8410920061031559 -5.0487932450119493 22.059088062467467 170 168 165 0.30505952327713148 21 43 26 32 23 37 33 32
510 -21.842216100614714 22.433688214566882 41.233229995909205 68 67 61 1.3367531134579069 14 43 26 43 25 59 28 46 24 50 30 46 29 41 36 48 37 34
511 -18.486443192081506 2.60827703745495 20.882308438209513 5 7 13 0.42960648255059375 21 59 22 61 26 46 23 33 25 42 28 44 24 39 30 37
515 -19.836064281229017 4.1289068365189099 22.022841820395438 7 7 7 0.92322755378284926 21 85 22 86 26 86 23 116 25 135 28 169
516 1.021699137986041 16.573094048120812 19.807761232537903 91 81 78 1.496469656461012 20 206 22 158 26 111 21 203 23 144 25 113 28 82 24 104 24 201
517 -17.784266386031714 20.367739723062385 37.045465924694966 68 67 61 0.53056744794825028 3 51 26 121 1 51 2 62 4 65 5 67 7 58 23 113 25 125
518 -13.455894977991745 7.051573063570749 17.208617620830353 232 233 237 2.047872587875267 21 129 22 168 26 138 23 72 25 78 28 69
519 0.5531894501907958 0.21842608682034198 23.525611352924649 125 15 23 2.1602395449827676 13 236 21 248 22 232 26 153 31 195 31 161 29 159 27 128 33 165 33 205 32 154 32 193 34 183 35 170 36 170 38 131 38 179 37 101 37 104 40 127 55 130 51 134 38 182 59 65
522 0.20893153722124164 -5.7503679478543477 19.002385222378198 122 19 27 1.3368666592826992 26 176 23 163 25 185 28 163 24 167 34 115 36 93 38 97 55 60 13 170
524 -10.298382940203446 10.510501038080157 28.924885618944622 164 154 149 0.65175805760783967 20 240 21 226 26 211 25 210 30 151 33 179
525 -20.848710303671183 7.7889794808026149 23.768285270308791 50 48 48 2.0306826328838241 17 207 18 215 16 200 8 164 20 174 12 218 12 241 22 186 9 141 10 195 13 216 6 157 26 170 15 135 17 150 18 139 16 125 19 124 21 134 20 135 11 126 22 133 9 123 10 148 13 130 7 137 9 107 10 128 6 106 6 123 16 111 5 121 3 114 1 118 26 171 23 164 25 229
526 -0.39869518804535764 9.8469484325702332 24.908973411195205 155 138 134 1.9026216123643471 8 205 15 244 19 194 14 205 21 224 20 238 11 227 12 210 9 201 10 224 26 168 8 80 19 76 14 66 18 126 21 103 20 132 12 128 18 174 20 131 22 101 10 124 13 135 7 133 6 119 4 122 5 123 2 125 3 112 1 117 23 137 25 136 25 209 28 122 24 136 29 153 38 144
527 -2.6495397560658023 0.47114069276247694 18.533755440752834 160 29 42 2.793924969532235 22 140 26 129 23 134 33 138 32 107
530 -0.92310919853361095 19.204690677918094 22.73055279463237 88 82 77 0.67568511651554253 22 119 26 123 24 98 28 81 23 111 30 89
531 -0.36053632961028265 16.82214789137225 19.290621591355606 44 40 38 1.6344903438791623 21 57 23 36 25 47 28 37 30 99
533 0.46191750643022694 14.210740337798125 19.050246418243422 104 97 96 1.59101318031172 26 85 23 103 25 121 27 73 33 86 32 80 34 72 36 92 28 87 35 94 12 143 18 153 38 84 37 69 39 86 40 97
534 5.9213592081443647 7.8202853483466921 11.183640787270237 210 206 204 1.8792754732611692 12 144 21 154 22 247 26 193 21 207 23 127 25 243 20 151 11 85 20 251
536 -15.199127465727662 7.1984110839463717 20.884425660290557 37 38 41 1.4988454715776474 21 258 22 251 23 179 24 129 29 197 39 185 40 206
538 -17.042972259407843 15.230625125411644 36.127286305970173 146 140 136 0.95505819554016391 25 187 28 174 24 166 30 147 29 164 27 145 33 215 31 167 32 160 34 194 23 207 26 220
539 -18.93433436620888 5.7118291896806914 21.201907293209818 50 49 45 1.5901687955962134 19 184 21 223 6 192 23 181 18 246 16 206 15 210 19 196 21 225 20 239 11 191 12 212 22 215 6 225 26 212 15 242 25 211 25 212 28 203
540 -19.266503146063865 17.630580329521941 24.111799208290602 21 23 32 2.1535292173667719 3 158 26 114 8 159 15 178 17 130 18 176 16 107 19 108 14 147 21 162 20 159 11 140 12 153 22 159 9 170 10 156 13 165 15 180 19 148 18 187 21 164 20 162 11 142 12 155 22 162 7 186 6 169 4 168 5 185 2 192 3 170 1 146 26 79 23 129 2 193 5 186 7 187 25 112 25 166
541 0.064737719826080564 -7.5764362181368616 27.857854533985922 134 30 38 0.39012915022603917 26 199 23 195 25 235 28 205 24 177
544 -18.046620209870472 0.15024106054247116 21.052284372756958 8 8 8 1.6752644624884592 15 14 16 18 19 10 21 32 11 16 12 27 22 36 7 21 4 29 5 22 2 23 23 26 26 21 15 49 17 54 18 39 16 39 19 44 8 42 14 53 21 60 20 56 11 43 12 48 9 48 10 43 13 56 7 63 6 37 4 39 5 43 2 44 3 33 1 34 23 54 28 32 24 23 24 65 30 23 31 37 29 22 27 42
548 -15.715283141708747 5.4797826135931826 20.121070352407926 30 33 36 0.68013290115493197 21 71 23 45 22 65 25 63 28 64 24 63
555 -18.11470034521043 -0.52200670385888037 20.681492076915497 18 18 23 0.88681417238317928 18 220 25 106 28 120 9 204 24 143 29 134 27 85
561 -3.8554363937139047 1.3099403334335369 19.773505342403396 172 36 52 1.6106101992290007 14 219 25 159 9 221 16 223 28 225 24 154 30 126 31 129 29 131 27 126 33 139 32 109 34 116 36 104 35 100 39 75
563 0.20506585495880533 -5.7221618202131781 19.114440778652519 122 20 27 1.7175139440839036 23 155 26 163 25 180 17 219 15 231 19 209 28 164 24 149 30 143 31 153 27 125 33 166 34 103 36 98 38 103 37 96 39 113 55 54 40 123 53 45
565 -18.831206216990303 11.093434582024679 22.256413280884409 39 36 29 0.40929653031046886 3 194 25 197 1 189 28 177
571 6.0406604498795211 18.018851508039564 22.88850646937567 29 21 20 0.66284879345944303 23 211 26 226 25 233 28 192 29 190 31 176 27 194
573 6.0406604498795211 18.018851508039564 22.88850646937567 29 21 20 0.66284879345944303 23 214 26 239 25 237 28 218 29 183 31 204 27 160
574 -10.07482142431658 1.2053556184933407 20.152530099302012 239 239 235 1.9200290741267172 23 192 26 233 4 230 5 237 13 254 2 237 25 221 28 226 24 174 30 177 31 196 29 203 33 204 9 232 14 233 34 184 35 169 38 132 43 140 44 146 41 190 45 214 46 192 55 155 49 157 47 188 48 193 50 185 50 187
575 2.6546835315252433 8.7086185261642175 16.365325202200907 72 65 64 2.0609648512846315 25 96 28 102 24 89 27 109
577 1.4136591964051142 16.38505181098035 19.593867241225968 84 71 67 0.49489858189339075 23 56 25 55 28 40 24 38 30 34
578 6.311822191906634 3.8410698239436507 13.405349977480077 237 237 232 0.8693480085347417 25 74 28 79 24 113 30 69 31 74 29 63 27 69 33 66 32 55 36 31 35 51 23 65
579 -16.046449163331776 8.4621598921611536 23.440914439000533 244 245 247 0.54868651767671217 23 118 25 95 28 108 24 95 30 60
580 5.2494665425877143 5.8498861866307843 14.573610830567619 39 36 31 1.1165527279171492 23 67 25 102 28 67 24 71 30 64 29 59
582 -20.638784476409977 13.101201978765188 35.223679306344899 221 214 217 1.857063754770049 23 110 25 123 28 80 24 76 30 71 31 100 29 78 27 95 33 111 32 89 34 93 36 70 35 72 38 90 37 82 39 85 40 96 43 99 41 98 44 96 42 88 45 94 55 137 49 99 47 89 48 134 51 139 50 107 53 114 54 131 57 130 56 134 58 112 60 136 59 132 75 113 71 89 72 89 73 58 68 99 76 108 69 95 63 117 65 109
583 -20.336471762948751 11.687005101143006 32.856291209072388 29 26 29 0.51958120175907696 23 159 25 172 28 123 24 135 30 70 31 134 29 104
584 1.473129557690338 -4.1532929430284042 19.165332139535465 108 29 36 1.9938587002220463 23 156 25 181 28 165 34 104 36 122 35 96 38 145 37 97 39 114 40 124
586 5.5291108672572049 4.6929196977082128 12.775160225421093 227 229 227 0.93429900505927399 23 166 25 207 28 230 24 182 30 153 29 171 34 151 33 184 40 198 39 179 41 160 44 168 42 150 45 203 46 149 55 156 49 162 47 179 48 170 51 182 50 170 52 179 61 148 53 160 54 151 58 160 57 184 56 143 59 177 60 154 62 143 63 142 64 150 65 158 70 152 67 179
587 -15.183067272731595 2.3107775479684478 20.772686676090217 2 4 10 1.6215747135964436 23 190 25 220 28 223 24 172 30 178 31 192 29 195 14 220 16 225 27 175 33 197 32 182 34 180 36 166 35 167 38 180 39 197 40 211 43 177 42 129 45 147 46 136 49 158 47 104 48 194 50 191 62 168 75 184 67 187 64 155 70 180 66 159 69 146 68 163 71 147 72 148
588 -18.20042741787271 12.949260571140661 28.676072214214738 187 189 185 1.4804711311704797 23 174 25 230 28 213 24 204 31 168 33 151 36 115 34 143 32 152 35 87 38 156 35 154 34 128
599 -16.678349808739188 14.907194676370864 35.360688870581534 146 141 137 0.87660928658598891 23 178 25 174 28 175 24 160 30 130 31 147 29 136 27 133 33 172 32 143 34 170 39 126
602 -2.4092467397523007 17.126518227567633 20.544179999119251 125 112 108 0.32345274074518915 14 213 28 194 9 211
603 -1.8410859497920742 19.155030284545429 21.276905505446518 86 79 78 1.1310717950135176 23 109 25 109 18 60 21 77 20 65 11 67 12 72 22 76 8 81 15 63 17 69 18 66 16 74 19 69 21 87 12 63 26 81
616 -19.369382290981644 8.6682418514805359 31.818422067815391 142 98 106 1.102075859516769 25 91 24 200 8 89 15 92 17 84 18 84 16 92 19 75 14 65 21 101 20 91 11 106 12 82 22 100 9 77 10 95 13 88 7 84 6 81 4 75 5 93 2 93 3 62 1 68 26 67 23 84 30 150
618 5.2393275174477241 6.0560778506060187 14.826241566616005 35 29 25 1.5821423495056239 8 129 15 133 17 117 18 137 16 124 19 105 14 124 21 142 20 134 11 124 12 131 22 144 9 95 10 127 13 138 7 138 6 121 4 97 5 92 2 128 3 118 1 120 26 133 23 138 25 116 21 83 20 62 12 62 22 53 26 56 23 64
619 1.6441469779977054 -9.9839048829110091 20.72028038888843 198 198 194 1.1706095885426393 24 5 28 5 30 4 31 7 29 4 33 8 27 7 32 8 25 8 43 12
626 -12.798401436841448 7.2141604949107725 15.818542863305224 10 11 15 1.4136282720325832 30 158 31 150 27 151 33 134
627 -18.970107204693353 10.008807665650401 22.642791958515314 25 19 13 0.33038763455795328 24 193 28 183 30 159 25 203 29 176 27 150
631 -18.970107204693353 10.008807665650401 22.642791958515314 25 19 13 0.33038763455795328 24 183 28 214 30 182 25 231 29 200 27 185
633 -20.622707205609736 21.640047039346996 27.907935637419989 35 37 45 1.6864092499237455 15 182 18 188 21 166 20 198 11 154 23 148 25 152 28 138 24 128 30 108 30 110 23 149 25 154 28 139 24 127 29 125 29 127 27 119
634 -6.4375466177115284 22.036503426953249 25.415053393186877 79 76 73 1.100983212924262 20 210 11 183 12 189 22 117 8 121 16 106 19 146 14 146 21 75 20 64 12 91 9 101 6 115 26 62
635 -13.479359741205295 5.3241246118104417 22.278764603539898 246 229 228 0.85237225956769946 24 61 28 57 30 43 31 44 33 47 32 32 34 30
638 5.1344753423479466 8.5532480713510441 16.404042936468908 83 79 77 2.0159898264834539 30 161 29 169 31 144 27 137 33 164 34 145 35 116 31 215 32 194 33 191 27 205
639 -10.189457336740027 1.1650206988415652 19.074025649082369 61 62 61 1.8534229617336679 24 173 30 174 31 216 29 196 27 178 33 225 34 201 36 167 50 186 51 184 61 185 60 167 63 162 54 145 62 162 53 121 56 178 57 161 64 158 66 161 76 179 73 137 69 150 53 206 59 146 58 176 56 179 68 165 71 150 72 152 8 240
640 -18.09338003372233 0.50457404583673582 20.399775718423033 7 7 11 0.30186700644884673 28 228 30 179 29 185 31 208 27 187
642 -0.089669665565290435 -7.5184974949881989 12.235153496241361 0 0 0 0.7762660153679084 13 7 23 5
643 8.7646151492853992 9.0720377046572995 16.759985157873977 62 58 58 1.3786068363278925 24 14 30 15 31 12 27 14 29 16 33 19 32 19 34 20 35 10
648 5.3524171561120824 5.0010745348128456 16.128246544014271 85 20 25 0.93614524967146617 24 37 25 50 28 38 30 32 31 43 29 37 27 37 33 52 32 44 34 37 36 30 35 39 38 35 37 32 39 34 40 42 43 54 41 41 44 36 42 27 45 26 46 29 55 30 49 28 47 35 48 26 51 31 50 30 52 29 53 33 54 31 58 33 57 31 56 27
650 -18.006087977850427 14.230460623838509 35.547357622108564 207 197 192 0.65917930322753926 24 70 30 63 31 67 29 70 27 67 33 80 32 59 34 67 39 57
651 1.9650684641369573 8.8839113333708486 15.640984625004331 88 76 71 1.6187603916241082 30 53 31 69 27 47 29 57 33 74 33 89
652 5.0916756104427927 7.3011197866980861 15.063600448007797 228 225 223 1.5857061765519807 24 82 30 51 29 50 27 46 31 42 33 51 32 43
654 5.5247377361682899 4.4533176012444997 13.905769880862112 197 190 186 0.82804999860956185 24 85 28 98 30 96 31 88 29 107 34 88
655 -15.733143152237774 -2.1637155576424325 20.221834375251309 14 15 17 1.2183450562829523 20 83 28 119 31 92 27 87 33 96 32 84 46 94 45 104 48 97
656 -15.687521291195214 -2.0999237538237678 20.127190683593753 14 15 17 1.5710788991072344 20 104 28 117 31 93 27 98 33 92 32 96 46 83 45 83 48 77 60 93
658 -0.60154497251877981 1.4055922131593381 1.5394455129529399 131 127 125 1.5569877695760503 30 80 31 111 27 79
659 2.5455854802668503 8.7369552208159611 15.341681653238924 163 143 130 0.99483172433417899 31 119 27 112 28 114
661 5.0828380887885407 5.5845382558039232 12.920619823301811 135 133 132 1.0193808610179971 24 199 30 132 31 127 29 138 27 135 31 145 33 153 32 163 34 127 36 116 35 141 38 119 37 109 39 128 40 135 43 152 41 135 44 112 42 100 45 134 46 112 55 142 49 111 47 124 48 114 51 93 50 112 52 139 61 82 53 95 54 124 58 84 57 85 56 85 59 85 60 110 62 105 63 109 64 104 65 101 70 112 67 120 66 108
664 -16.088190576454689 -1.797815545526751 20.182209834959899 146 147 149 0.24911065806260244 28 166 31 154 29 167 27 147
665 -4.6963562861702455 -2.1515548043086894 14.864520903697592 191 153 153 1.5503739675999733 30 144 31 155 29 168 27 182 44 203
666 -0.96944261942543197 2.6681345980049227 3.3295017956438397 67 63 61 1.9726104660008372 24 188 31 158 27 139
667 1.459675389503867 0.90613452622271262 22.921911810854368 105 46 46 1.7510960782709635 11 219 22 256 31 163 29 202 27 181 33 167 32 136 34 136 35 127 38 133 37 103 39 118 44 196 41 186 42 128 45 146 59 104
668 -15.282937237213549 7.8408044354296935 20.265353663334732 18 19 23 1.7259499567489509 26 207 31 170 29 172 33 182 32 197
669 -13.607752307879601 9.2420823211606979 16.923459401820306 22 21 25 2.2395624517484354 31 174 29 174 30 117 24 54
672 -23.508789293794077 1.9910072783843187 37.509299822396102 124 130 135 2.246323307032092 31 194 27 180 59 148 63 126 49 216 54 147 55 206 61 134 62 174 56 154 58 174 60 160 51 167 57 168 50 189 53 146 46 169 47 187 48 200 75 152 67 198 64 160 65 169 70 168 66 167 73 174 69 122 41 187 44 148 61 121 62 128 63 127 64 132 65 125 66 124 67 189 70 140 60 119 68 164 71 155 72 136
673 -10.320041956553366 0.5656073449083403 20.56160580600185 157 157 153 2.2177346609941213 26 166 31 198 33 162 27 179 32 186 34 186 36 124 35 123 38 126 37 149 39 156 40 168 43 173 46 188 42 124 44 208 45 212 46 187 55 110 49 154 47 77 51 122 48 80 11 206 50 77 52 172 61 178 53 204 54 188 45 213 42 125 41 217 49 156
675 -7.1463280521781636 -0.91798461843626356 18.348346405359901 159 160 153 2.57007969377266 22 97 24 52 15 56 17 73 18 37 11 79 12 53 4 74 10 90 5 80 2 87 31 54 33 57 32 51 35 60
676 0.42893571731014407 12.300096270115519 17.479591622151329 68 60 59 0.78525061864763712 14 195 11 224 9 193 6 183 25 249 24 156 18 208 30 133 10 178 13 192 2 178 29 162
677 -13.662709891183145 4.0964691300949037 22.412577510792321 64 71 65 0.7196090828641416 30 113 31 130 24 133 29 132 27 106
683 2.9533155551015504 9.5913813692480492 22.239522969127883 225 218 212 1.7436120808110844 30 6 31 10 29 6 33 12 27 9 24 7 28 7
684 -2.4334014816374969 6.6353764714712993 23.966434572655185 129 18 30 1.3193093670163547 30 12 31 18 29 9 27 15 33 15 32 16 34 16 36 13 35 16 38 14 37 14
688 8.7177715676117042 7.4067374971187956 18.107320726854194 231 231 229 1.8144252282959543 24 13 30 14 31 14 29 14 28 18 27 10 33 17 32 10 34 13 36 10 35 13 38 7 37 7
690 -15.467055178960907 12.252093757413329 22.831353473179707 66 67 67 2.185329209079474 24 33 30 31 29 26 27 27
693 -13.079332561054104 10.425787023933268 31.249864982748129 214 210 203 0.92856659245877182 24 25 25 27 30 26 29 30 28 23 27 31 34 38 36 36 35 34 38 36
694 6.2853298192273179 10.103265350784531 18.329554141824961 66 59 58 1.9411103145449231 30 22 31 40 29 43 27 41 33 48 32 30 35 28 34 34
700 5.1230539216550781 5.4451248124850284 14.037794073801297 35 32 27 1.2419548780918239 24 58 30 61 31 76 29 67 28 53 27 59 33 70 32 64 34 58 36 64 35 53 38 60 37 61 39 54 40 70 43 73 41 59 44 72 42 48 45 46 46 57 55 59 49 51 47 59 48 45 51 55 50 43 52 60 61 49 53 59 54 54 58 56 57 49 56 43 59 40 60 45 62 52 63 42 64 50 65 51 70 50 65 44 70 60 64 62 47 78 51 103 53 104 67 73 67 64 66 58 68 57 71 49 69 48
701 -15.450641059929593 7.340475989311857 23.304547316731387 243 243 243 1.4894093516819646 30 115 31 73 29 77 24 157 28 202 27 96 33 63 32 45 47 9 50 9 48 12 51 10
703 0.40395091044853948 15.733022941066737 19.35434425434341 0 0 0 0.67709023528477796 24 112 31 66
704 -5.9130567947666544 -5.5200479536944709 17.226230297814897 173 161 159 1.1178311404681665 21 246 24 178 28 206 30 142 36 182 37 145 38 193 39 202 40 174
705 4.7479905953460957 6.0210964655106256 14.24492813476998 55 52 47 0.90238974924313753 24 81 30 77 31 101 29 102 33 65 34 59 36 61 35 67 44 60 45 52 46 62 55 65 49 61 47 62 48 56 51 50 50 45 52 62 61 39 53 52 54 63 57 54 59 59 60 61 62 48 63 51 65 43
707 -2.2136833411526218 1.4813168575007969 21.267914748166291 156 31 40 0.37195254828730495 24 87 30 93 29 110
709 -4.8272406433029182 5.783436405497862 20.957597058734983 232 212 209 1.8677683328131272 30 190 31 183 32 170 33 119 34 176 36 132 29 133 24 57 38 170 32 102 34 187
711 12.383859536214528 9.0001872501079969 20.944848965711568 215 215 211 1.3158781249045255 24 161 31 117 29 140 33 123 27 108 36 57 34 101 32 117 35 106 35 172
712 3.4736121077305335 8.1291558189545938 14.665995685456382 103 96 91 0.85750649681857338 24 163 25 142 29 143 26 142 28 172
714 3.8162824907731268 16.433091519004517 20.569540687335611 35 33 34 0.56306152829571021 25 161 29 146 27 140
722 -5.1214769406682281 2.5227744737654749 19.436027785920803 248 207 205 0.29308327065111944 25 218 29 194 27 173
725 4.0846810527880457 2.3132859222635935 18.799363783541352 230 226 224 1.1385967770924732 30 5 31 8 25 9 28 6 24 6 29 5 33 9 27 8 32 9 34 9 35 7 38 10 37 6
726 -19.300516668756462 18.520726174897309 25.027117849331976 9 11 20 0.26041881317458482 24 123 30 123 29 121 25 150 28 133
728 -12.294997648586268 0.14052525283110501 18.796546552646433 129 133 138 1.4547714102533531 29 205 35 186 44 141 42 123 45 208 73 170 61 44 75 192 76 174 65 163 66 164 69 151 71 165 65 180 66 163 75 195 72 151 84 143
730 -13.301669381213431 2.8129012110420035 20.434113540681025 24 36 36 1.7506926636123632 31 32 29 27 27 36 33 33 32 31 34 24 36 19 35 24 38 19 37 24 39 26 40 27 43 29 41 20 44 18 42 16 45 16 46 19 55 23 49 22 47 23 48 15 50 15 75 14 64 20 67 12 65 28 70 6 66 13 66 27 69 14 76 16 51 18 52 17 68 11 71 11 84 15
731 8.0446364976653051 0.16495507828700806 20.965411563940648 151 151 147 1.4699217578256674 31 177 29 155 27 177 33 224
733 9.8637472872109555 -16.466948468478542 22.995388144781028 255 255 255 1.6079568337536583 29 0 31 1 27 1 33 1 32 4
737 -4.6667222778786943 9.1796524715719894 18.019974987435209 0 0 0 1.7699075061983787 28 41 30 28 24 27 27 24
739 -19.990286415770004 4.5148672004749537 23.500589858559565 86 82 75 0.45967330189346017 29 35 30 41 27 43
740 -12.232153789923817 7.4165367742177288 15.512994214908757 232 232 230 2.4805544813842997 29 68 31 56 33 59 27 48 30 50
741 -12.232153789923812 7.4165367742177262 15.512994214908749 232 232 230 2.4805544813843006 29 60 31 50 30 66 33 55 27 55
744 2.5455854802668498 8.7369552208159593 15.34168165323892 162 143 130 0.99483172433418743 28 112 31 137 27 101
745 2.4964058771512234 10.425597212107013 18.521930047514147 89 74 65 1.0627100323084036 29 100 31 118 32 137 33 156
746 -14.498843954665473 15.02268513709809 20.183441165520168 31 33 37 1.4973384453171943 29 120 31 125 27 117 30 104 33 90
749 -11.904809517635574 5.3701871711984213 20.855470158414729 144 125 130 0.70099414734087451 30 166 29 186 27 165 34 163 33 170
750 -13.300693678136904 1.8512736030092174 21.296404966548849 130 138 143 1.5820715318116036 27 176 30 188 31 207 29 212 33 213 32 183 34 181 36 183 35 180 39 116 40 126 43 120 41 105 44 91 45 81 46 144 55 129 47 167 50 188 52 147 62 84 53 85 75 135 67 141 70 167 65 135 73 122 76 183 68 177 71 110 72 119 84 104
751 -17.013962017313769 3.1786090673981198 20.590174529086031 47 48 52 1.0310539023917078 23 188 31 190 29 184 27 172 15 225 21 237 20 229 11 209 12 216 22 226 26 218 23 206 25 228 28 212 24 170 30 167 31 188 29 180 33 193 32 178 32 180 34 175 36 164 35 173 38 178 37 176 39 194 40 219 41 182 42 132 47 190 45 150
752 5.6890829948216499 5.2919271966394312 13.542363098712755 223 223 220 0.90688751183653071 29 48 27 54 33 64 32 56 34 42 36 46 35 52 38 47 37 46 39 47 40 49 43 57 41 50 44 49 42 30 45 37 46 35 55 40 49 39 47 45 48 35 51 38 50 33 52 38 61 34 53 36 54 50 58 48 57 36 56 40 59 32 60 35 62 38 63 34 64 40 65 39 70 39 67 40
754 -20.071182983437538 12.214858548480015 32.151127034883963 197 197 194 1.6195144074552659 29 170 31 178 27 192 33 149 32 198 34 150 36 151 35 152 38 139 37 157 39 182 40 200 43 202 41 155 44 164 42 149 45 118 46 134 76 106 70 61 62 67 64 85 65 73 63 60 67 76 75 111 66 84 69 69 68 97
759 -4.7999713497715915 -0.3390771834302051 15.250558695308062 175 153 147 2.2669911064109765 30 189 34 188 44 90 42 107 45 108 36 179
761 -15.185386160877883 7.561027301760527 24.024196340137998 195 193 190 1.4476610079350203 31 109 33 120 27 130 29 113 29 161
762 -14.938631159128617 4.3275079323380439 23.361224042971923 36 34 35 2.1103587227913869 33 169 32 174 34 130 35 164 38 172 37 169 37 171 39 191 38 176 40 213 40 214 43 208 43 209 40 215 41 176 44 188 42 134 45 154 46 99 55 183 47 163 47 164 51 112 39 192 37 174 44 189 75 137 50 119 76 119 66 114 43 115 52 174 69 111 67 142 70 141 73 108 68 119 71 112 72 124 84 106 64 120 50 139
766 0.89361552411465262 -0.97963530835076607 21.527994803329602 137 31 40 0.7978975055464822 31 209 33 183 32 187 34 159 36 149 37 150
770 -17.411267612203286 11.11891932562132 23.096482045709823 209 207 204 0.70196556305927116 31 36 33 23 32 23 34 22
775 4.8275409769786624 6.1562799906544647 14.677459149219832 55 52 47 1.0356984149359729 31 87 33 67 34 66 36 54 35 64 44 52 45 42 46 58 55 56 49 52 47 60 48 46 51 53 50 46 52 66 61 50 53 60 54 61 57 50 59 41 60 50 62 50 63 46 67 65 64 61 65 52 66 62 69 49 71 52
776 4.9881273727689832 6.1359654334303215 13.950135351661277 226 224 221 1.3518775478373029 27 90 31 99 33 72 32 72 34 56 36 50 35 86 36 75 38 62 38 80 37 62 39 80 40 71 43 90 41 87 44 77 42 55 45 77 46 44 55 63 49 62 47 61 48 48 51 56 50 40 52 68 61 54 53 62 54 66 58 58 57 60 56 44 59 58 60 53 62 53 63 48 67 69 64 57 65 54 70 52 66 55 68 58 71 53 69 51 75 54
795 5.6031450351602174 8.1368181639698278 13.87885040223798 253 249 249 1.9448968467067953 25 60 33 75 32 65 34 44 36 40 35 45 38 64 37 51 39 88 40 116 43 109 41 93 44 106 42 91 55 127 49 114 54 122 61 157 58 189 57 151 59 162 62 150 63 152 64 176 65 176 70 160 45 110 67 206
797 4.8493997537084521 4.965389195346475 7.576232486152219 120 115 108 1.7994273887295202 33 79 32 67 34 54 36 58
799 -18.368783256136204 14.567682686360046 29.502835188844564 152 152 148 1.3230611534067955 31 116 33 98 32 75 27 146 34 62 36 47 35 31 38 34 37 35
807 -14.661231749326927 7.3270308501258476 20.399762125390655 242 243 243 1.1061331443136275 21 222 32 111 22 210 35 79 36 69 37 74 39 74 40 88 43 82 44 80 42 60 45 57 46 64 49 68 47 69 48 59 50 57
813 3.981447032186709 3.9711808576383469 5.6162589745062075 154 123 99 0.84850400226575651 33 133 32 128 34 117 35 175
820 5.4491573420335442 3.4939592463439628 8.669890435954235 136 135 132 1.7247954896995787 33 154 32 164 34 155 43 194 39 163 40 180 37 183 41 166 44 214 42 155 45 162 46 153 49 165 47 181 51 205 53 153 52 175 51 176
827 -16.284507890144742 -1.1766710115242736 20.170265104119775 135 134 138 1.1274365995923323 17 184 18 181 20 197 32 150 17 145 18 128 19 119 8 123 16 73 14 120 20 117 22 136 10 239 13 59 7 55 6 116 4 53 5 60 2 52 3 58 1 64 26 109 23 81 25 89 25 131 28 74 24 106 30 103 31 97 31 146 30 124 29 73 29 163 27 71 27 144 33 136 32 100 34 189 36 123 35 143 38 148 37 125 39 199 40 138 43 162 41 55 44 197 42 80 45 50 46 178 55 90 49 64 47 55 51 71 52 50 52 111 53 108 54 53 54 107 57 43 56 72 59 103 60 75 60 139 62 167 63 175 75 185 67 86 64 167 64 48 65 168 70 55 66 173 76 73 76 104 73 72 69 59 69 85 68 51 71 128 72 121 84 65 84 122
829 1.3925690639891657 2.9381535792781146 18.216586311060976 248 217 210 1.9183979240650166 33 135 32 103 34 171 35 163 38 175 37 173 40 156
832 6.1676707604038281 2.6621603667896654 27.429762477680178 230 227 222 1.9808016456583388 31 11 37 9 40 10 43 13 41 10 44 7 55 3 51 2 52 4 53 4 54 4 57 2 34 15
840 -3.9752377742965792 1.107390353513598 22.539674920896882 147 8 23 1.6557002808613053 33 142 34 83 36 73 35 78 38 72 37 76 40 77 40 106 43 74
846 -14.685806425161697 8.5246463917320643 19.080565224686367 238 237 234 1.0138275985802321 11 52 32 112 33 117 34 111
848 3.0100582698093352 9.6986789728426785 16.720489152932629 98 72 63 1.2417435342429586 27 154 32 118 34 120 35 108
850 -24.725640435499315 4.4736005108296784 28.123461429548566 83 79 77 0.26525209704596187 27 170 34 138 31 187
853 0.90031216532054803 -2.6713130053023453 29.202536305822271 141 34 41 1.4496268950911007 31 159 32 151 34 149 36 141 39 138 40 151 43 167
855 -20.556133206311642 10.198192951017331 32.942185785367251 66 48 52 1.3457698053750953 31 181 34 160 27 142 33 95 37 181 39 105 38 98 40 163 47 176 49 205
857 -4.1182389369496351 2.6523250313110522 16.175174977940042 128 68 70 2.173895865905116 27 171 34 173 36 110 35 165 40 154 41 179
859 -13.425447306882818 2.9413801627090841 21.935317150798262 140 152 151 0.68480644556952275 32 191 33 209 34 190 40 221
860 -20.52969571722371 10.340363219858002 33.036694016180938 66 48 52 1.1963420043799897 31 202 34 192 37 152 38 108 32 101 33 108 34 98 31 90 27 134 39 117 40 157 43 122 41 83 44 81 42 61 45 73 49 189 47 155
862 -2.4112111922862312 6.5988909314676558 24.090412102434755 129 18 30 1.4992993768788296 27 11 32 11 33 10 24 9 30 8 31 13 29 12 34 10 35 11 36 8 28 9 37 10 38 12
865 -10.663177378585244 9.0892590761831453 16.974693727484411 148 145 140 1.754123115172495 33 155 34 200 36 55 32 189
871 1.3297853404947422 -5.8702606970298135 19.424048708545534 100 35 45 0.6207490494523652 34 107 36 99 38 104
873 -12.90054776007781 0.93214934355010159 20.374015692199329 119 125 130 1.9640081213128149 33 203 36 125 32 185 31 41 28 42 29 31 33 43 25 54 35 50 44 27 38 129 68 130
874 -16.816826787752191 2.2306033657929429 20.355569455257594 15 19 25 0.36364528033836707 33 196 36 126 37 172 39 142 40 222
875 -13.093270237725614 6.5174181595248397 18.539833127412624 234 236 235 1.9539917348092075 36 147 35 184 42 157 42 166 44 165
877 -13.720503990211572 1.6585163504541269 21.23123809122001 24 29 34 0.73538027073760193 33 206 36 168 42 127
897 -10.863350543970686 20.884930528991173 36.499698618428049 138 128 125 1.4810649540946561 24 35 36 23 30 40 35 32 38 27
905 5.8497625741483619 4.7520663072784286 8.6690296994702312 132 128 126 1.5593968922702506 32 66 36 89 35 73 33 116 31 61
907 5.9361822986428372 4.8650199424785248 8.8442403214097975 132 128 126 1.3892031872736277 31 72 32 71 35 83 33 114
918 -13.44451355747521 7.4908584305310812 19.175785673402654 201 203 199 1.401590610857915 32 167 36 109 35 134 38 138 37 108 39 121 40 132 43 145 41 119 44 163 42 146 45 117 49 182 47 149 48 174 55 163
922 5.8753734743529984 4.2128708768578385 13.277081492704408 221 222 218 1.2501764249459646 34 140 36 134 29 156 31 165 33 171 27 131 32 149 35 124 21 176 20 192 12 182 22 172 23 158 25 169 26 167 38 127 37 107 39 120 40 159 43 144 41 99 44 95 42 87 45 92 46 88 55 116 49 98 47 90 48 87 51 88 50 85 52 116 61 57 53 89 54 88 58 105 57 72 56 79 59 69 60 103 62 99 63 53 64 83 65 71 70 105 67 115
923 -19.866480443120583 11.185633927320474 31.84343366236277 88 86 85 2.117791453542782 32 110 34 109 35 101 24 144 30 94 31 131 29 109 33 107 32 90 34 94 36 106 38 109 37 85 39 92 40 128 43 123 41 101 44 93 44 79 42 59 42 85 45 58 45 90 46 65 55 87 55 66 49 86 47 68 48 76 51 87 41 74 50 62 50 68 61 55 52 72 53 79 54 80 58 78 57 74 56 78 59 67 60 64 43 81 38 92 37 73 40 93 72 88 71 88 39 87 51 82
924 -16.308510939754559 -1.1514226788257771 20.205347330356428 135 134 138 1.0398604933043862 17 169 18 163 20 171 35 121 17 134 18 112 19 111 8 112 16 85 14 105 20 114 22 164 10 237 7 65 6 102 4 66 5 68 2 63 3 53 1 84 26 106 23 102 25 107 25 155 28 101 24 102 30 105 31 91 31 157 30 112 29 93 29 151 27 86 27 148 33 140 32 99 32 158 34 148 36 136 38 124 37 98 39 209 40 148 43 132 44 205 42 75 46 182 55 91 52 65 52 99 53 100 54 65 54 97 56 91 59 93 60 80 60 132 62 165 63 157 75 189 67 99 64 163 65 166 66 133 76 92 73 68 76 72 69 103 71 105 72 105 84 72 84 118
932 5.6587881191019864 -0.086918120873309135 19.236918726852565 233 233 229 1.0633018211418264 8 19 15 23 17 37 19 23 20 28 11 24 12 32 22 42 10 28 6 25 26 26 23 34 25 36 28 35 24 32 30 39 29 32 31 46 27 40 33 45 32 46 36 44 35 35 38 50 37 44 39 48 40 45
933 6.3592598213438052 3.2731804357957404 15.731541264807991 229 229 225 0.67155467301818894 31 27 32 33 34 26 36 20 33 34 27 34 35 25 8 28 15 26 17 20 18 31 16 30 19 26 14 31 21 36 20 24 11 27 12 26 22 39 9 33 10 39 26 23 23 21 25 40 28 26 24 41 30 20 29 24 38 20 37 23 39 24
934 -20.409690681657487 15.167945359341516 37.006938699871306 26 21 19 1.2319912599865004 32 79 36 77 35 89 8 94 15 107 17 87 18 86 16 70 19 99 14 70 21 121 20 103 11 90 12 85 22 92 9 68 10 103 13 98 7 88 6 71 4 95 5 90 2 106 3 66 1 82 26 72 23 87 25 120 28 106 24 78 30 73 31 104 29 84 27 93 33 102 38 88 37 70 40 102 43 91 41 60 44 70 42 44 45 49 46 46 49 59 53 57 54 52 71 72 72 72 63 38
935 -0.63130139660930429 0.74345950720321918 22.733096605757591 137 18 28 2.0053530978906267 21 249 20 253 11 225 12 223 22 231 26 231 25 219 28 224 24 153 15 187 17 193 18 179 16 159 19 157 14 175 21 200 20 187 11 161 12 126 22 141 9 159 10 167 13 166 7 196 6 172 4 170 5 163 2 162 3 174 1 163 26 128 23 133 25 132 13 237 2 209 5 164 7 197 4 172 35 129 17 226 15 235
936 -18.187988724535813 14.423507374896001 35.908547768501577 215 208 202 1.609136296386934 8 50 15 52 17 43 18 49 16 38 19 52 21 70 20 76 11 48 12 78 22 66 26 55 23 70 25 75 7 116 28 65 24 64 30 56 31 75 29 66 27 58 33 84 34 57 32 62 36 83 35 90 38 81 37 71 39 53 41 61 44 69 42 43 45 48 46 54 55 48 49 48 47 46 48 43 51 47 50 42 52 52 71 48 68 48 63 33 61 33 65 29 75 50 69 57
937 -16.491930938432699 10.114762021073886 31.404335643593939 66 29 33 0.90197753015999849 34 31 36 22 35 20 8 23 15 27 17 21 18 32 16 25 19 29 14 25 21 49 20 32 11 28 12 35 22 41 9 29 10 33 13 34 7 29 6 19 4 24 5 26 2 25 3 24 1 20 26 28 23 31 25 44 25 49 28 22 28 29 24 22 24 29 30 25 30 29 31 28 31 38 29 25 29 28 27 29 27 35 33 37 33 40 32 34 32 36 34 29 38 30 39 32
938 6.8095212993273959 1.6524411931729168 14.910657193176402 153 153 149 0.98027608650567966 8 20 17 39 19 25 14 23 21 33 20 30 11 26 12 43 9 27 13 32 7 27 6 29 4 27 5 24 23 32 25 43 28 39 24 42 30 38 29 33 31 45 34 28 27 39 33 46 35 30
939 -5.28694194027074 -5.6836468803915352 17.703970178077292 111 22 37 1.5434110052407695 31 58 32 92 34 80 36 52 31 59 33 73 27 57 27 51 35 49 15 87 17 61 18 95 16 49 21 107 12 66 22 90 10 89 13 83 7 68 2 89 1 111 26 65 23 80 25 88 28 62 24 101 30 100 29 71 38 49 37 43 39 50 40 47
940 -5.4456900778775239 -5.7945994654515216 18.062051894160273 141 80 90 1.7949693866790006 15 237 20 199 11 214 12 199 22 88 15 106 17 58 18 85 16 50 21 110 12 75 10 106 13 85 7 67 4 197 5 217 2 100 2 199 1 100 1 218 26 102 23 104 25 108 24 90 28 56 30 82 31 68 29 94 27 64 27 50 33 71 34 90 32 85 36 63 35 47 31 53 38 46 37 40 39 52 40 56
941 5.6152307848700751 4.7079729895825375 14.342318243642264 189 175 173 0.9675314141240553 8 82 15 94 17 86 18 88 16 68 19 78 20 93 11 92 22 111 9 70 26 98 23 98 25 103 28 97 24 114 30 84 29 79 31 110 33 105 32 87 34 92 35 84 36 74 38 93 39 73 40 105 43 94 41 91 44 88 42 70 45 106 46 71 55 82 48 63 50 70 52 86 53 70 58 93 56 93 60 90 62 87 63 91 64 111 70 89 67 131
942 -2.3903408064532372 -6.0797126317702794 17.883603646934716 88 15 31 2.3790955178634317 30 168 33 201 25 206 29 193 28 207
943 5.7125065258914054 4.6017021886385301 13.433787805112383 23 25 23 1.1449762842794018 15 163 17 135 18 114 19 112 21 127 20 165 11 146 12 112 22 166 26 71 23 107 25 94 28 107 24 77 30 72 29 80 31 105 33 103 27 99 32 86 34 91 35 91 36 78 38 89 37 72 39 83 40 98 43 96 41 85 44 78 42 58 45 68 46 67 55 79 49 85 47 67 48 74 51 81 50 66 52 84 61 77 53 75 54 78 58 76 57 71 56 59 59 72 60 84 62 61 63 54 64 66 65 70 70 81 67 101
944 5.3263830558061498 5.0525131063760398 16.146654525678567 81 23 29 0.99320529954568537 31 39 33 53 27 44 32 47 34 39 35 38 36 32 8 30 15 28 17 22 18 20 16 28 19 34 14 26 21 39 20 41 11 29 12 36 22 46 9 30 10 32 13 35 7 36 6 20 4 23 5 27 2 26 3 21 1 21 26 29 23 41 25 45 28 34 24 36 30 35 29 36 38 38 37 36 39 39 40 36 43 47 41 32 44 30 42 25 45 21 46 22 55 28 49 27 47 30 48 21 51 28 50 25 52 25 61 26 53 24 54 36 58 30 57 26 56 22 59 27 60 28
945 5.5919061096703615 4.7027036646150639 14.311424945008305 190 176 175 1.0704688759042105 31 89 33 94 34 89 32 83 36 79 35 81 8 102 15 105 17 110 18 83 16 95 19 101 20 102 11 102 22 112 26 70 23 86 25 93 28 99 24 86 30 95 29 105 38 91 39 79 40 95 43 97 41 97 44 97 42 71 45 93 46 66 55 67 48 75 50 67 52 90 61 105 53 76 58 106 57 81 56 80 59 108 60 104 62 100 63 104 64 101 65 96 70 107 67 116 68 79 66 103
946 1.3948952302161586 -0.26400426280058026 21.370995984316792 108 31 37 1.6581093474260316 17 241 18 234 16 222 8 222 19 217 14 218 15 234 21 260 20 203 22 248 9 219 2 210 26 230 25 222 28 199 24 176 30 125 31 160 33 163 32 153 24 152 25 183 28 160 29 158 17 223 18 164 16 156 27 149 34 135 36 135 38 130 37 100
947 1.0761739240961479 12.149161453373786 18.264527547870692 67 56 56 2.2085219835772314 31 123 33 127 34 165 27 114 35 148 36 142 21 152 20 148 12 230 22 258 26 245 23 202 28 186 31 152 3 146 30 170 27 138 33 125 34 146 32 195 35 117
949 4.3926385100157495 -5.8803055780942959 22.411334999561607 172 174 170 1.9673072520332742 34 21 32 20 15 10 17 10 18 10 21 14 20 14 11 12 12 15 22 12 23 10 25 15 28 14 24 16 30 18 31 22 29 18 27 21 33 20 38 16 37 17 39 17 40 19 43 24 41 16 55 11 51 13 47 11 44 11 48 11 49 13 46 11 42 11 45 11 50 11 52 13 53 11
950 -17.144871502044239 10.885690125783027 25.363038795275155 202 201 193 2.0767019141622867 32 12 35 8 38 6 34 11 43 19 40 16 36 9
952 -4.3025674532220579 -6.065169742546594 16.563375636807802 182 180 179 1.1814277390756835 35 37 38 32 37 42 39 42 40 43 43 49 35 59 42 20
956 -0.15946836001525566 -8.4696049259646866 28.807192184003934 118 13 27 1.6235236755927074 35 99 38 105 37 65 39 76 43 87 42 57 45 62
959 6.5937739519010767 4.6180820567132166 11.530360154527457 233 233 229 1.4783323997229856 32 155 35 155 36 118 38 137 34 156 37 88 52 138
961 6.1745974973464115 4.4867044845269746 10.467871113389245 227 227 225 0.94330575915590886 35 156 36 157 38 162 34 197
963 6.2028642497346844 3.2492011511659591 11.066019692594688 144 143 139 1.5874016987896875 35 151 36 172 38 187 34 164 51 190 55 176 50 177 52 184 48 180 45 199 44 173 53 179 54 169
965 5.1322374181691117 3.4105659909313748 8.2424943352759286 229 229 227 1.5598086223292846 37 187 55 119 40 179 47 113 51 179 42 154 41 167 50 150 44 175 45 161 46 151 49 164 48 156 50 159 55 161 51 204 52 176 53 171 47 138 54 155
966 -7.3484661915582397 8.5274155569620333 24.275086461187374 151 135 132 1.5759051822734191 34 139 36 133 35 132 38 136 28 118 30 59 37 106 39 146
967 0.52042162560617911 -8.4590300551324074 21.766023131407994 196 189 188 1.993885229826442 14 49 28 51 13 46 34 70 38 102 34 126 36 96 35 98 37 80 39 119 43 100 41 66
968 1.8833413828056755 14.792270420299564 25.310146592378935 0 0 0 1.3560861158394297 31 35 33 49 32 42 34 52 32 49 35 54 27 45
969 5.8871196752042909 4.199974484622099 16.672112272644799 234 224 219 1.062362232926404 35 69 36 59 38 56 34 60 37 58 39 68 40 67 43 75 41 62 44 68 42 41 45 45 46 53 55 46 49 40 47 48 48 51 51 63 50 32 52 53 61 47 53 54 54 59 58 47 57 46 56 47 59 57 60 52 62 51 63 41 64 59 65 49 70 58 67 75
970 -5.9072954908937572 0.52561310863550859 15.304607853411261 217 218 211 0.46282765824881883 36 108 38 117 39 157
971 5.7801983048696686 6.0430932165282742 17.304517537192325 197 177 176 1.2686961498279401 35 136 36 84 38 141 34 108 37 110 39 122 40 162 43 147 41 120 44 128 42 92 45 119 46 102 55 138 49 145 47 110 48 108 51 140 50 109 52 133 61 111 53 118 54 133 58 113 57 183 56 135 59 133 60 137 62 123 63 118 67 149 64 126 65 111 70 123 66 115 68 125 71 118 69 118 75 117 72 110
972 4.8661050209830741 4.6829036558377277 12.507494862182909 25 18 14 0.81295090402617165 35 144 36 137 38 149 39 124 43 134 44 135 42 120 45 210 46 131 55 150 49 151 47 92 48 139 51 155 50 136 52 155 53 141 54 139 70 90
973 5.2599448827026114 4.9948303090489112 13.75921079532486 25 18 14 0.43815154334287082 35 145 36 138 38 150
976 -5.639513115133779 0.91616566742706107 17.161183058408714 217 220 212 1.6415500673799994 27 30 38 41 37 28 30 30 43 35 39 36 40 101 43 69 41 81 44 59 42 46 44 28 45 67
978 5.4242907614011813 7.7261906383049679 13.07329114899864 243 239 239 0.80932588187000754 34 46 36 39 38 69 37 63 35 46 39 90 40 121
980 11.461834546709678 8.3290824046849892 19.69747359060543 162 160 157 1.7418317583935097 34 167 38 166 37 139 32 190 36 187 33 189 35 190
982 10.365200669954463 11.089167095195348 21.987109059146682 0 0 0 1.8071418807833837 29 39 32 37 33 38 30 47 29 42 24 49 25 57 28 48 31 31 27 28
984 2.5014351426619226 2.3656212784794879 3.5096822003525356 172 170 167 1.3283058215906067 38 0 39 0 37 0
985 1.9060819051607671 2.4330519374791586 2.7917088022899486 207 197 194 0.37395204255907866 38 13 39 15
986 3.5402351463347559 8.7306698558084594 23.398011367479324 223 216 210 1.2835151243188896 26 8 39 16 22 10 23 7 25 10 12 13
987 2.4902227177725371 3.0843607894280196 4.1899530592151342 226 224 221 1.027706829466678 38 21 39 19 37 20
988 2.6245916961851559 3.3547168751836423 4.3579331398319106 61 53 52 1.5462776150365631 38 24 39 22 43 46
990 2.3186331939025631 3.1697722975251321 4.1799838410941179 224 220 218 0.75533668776082152 38 44 39 29 37 38
992 1.7183956876803594 3.4589499538078119 4.2694654158751035 74 67 68 1.7591646793380338 38 37 39 40 43 27
993 2.422231487071679 2.461326796091758 2.8045119420542881 56 49 48 1.4789651045870182 38 45 39 43
994 1.7526714853027714 2.4781209985628241 2.9316968767048968 143 125 123 1.5958459190414214 38 111 39 91
995 -16.699673881807268 9.3210208425378305 21.368799431050888 235 235 233 1.0644356883549551 35 104 37 86 38 110 39 95 36 85 40 129 43 124 41 165 44 172 45 160 46 152
997 3.3796459646307322 4.202650649390117 6.4868388900079665 226 222 222 1.9403763211416105 39 102 40 113 43 160 41 130 37 90 47 122 48 130 51 154 50 99 52 134 53 117 54 128 58 126 56 122 57 126 61 124 63 123 65 116 64 115 70 158
998 1.9405900569518184 2.8073535362512025 3.2057149207867974 92 86 82 1.4631077884544836 38 99 39 110
999 4.8000073368248799 4.609751400854913 12.261348783936691 39 34 30 0.83895235934374046 35 137 38 142 36 112 39 149 43 149 41 157 44 129 42 93 45 159 46 104 55 139 49 146 47 111 48 109 51 141 50 110 52 136 53 119 54 134 70 109
1000 4.8706038856239422 5.298123347006535 12.136277051062498 126 126 124 0.75803438737924522 35 147 38 152 39 150 36 139 34 132 40 165 43 135 41 139 44 137 42 121 45 145 49 152 47 96 48 140 51 104 50 137 58 95 57 93
1003 5.9180183146382577 3.7305418168540294 10.467163497144858 171 171 167 1.9521064346585943 38 154 39 208 33 221 32 202 34 152 27 200 36 153 37 160 37 188 39 165 39 180 40 239 40 242 43 196 43 198 43 200 41 159 42 151 45 187 46 146 49 169 41 161
1004 2.7145108237929199 2.9681040014117417 4.1443067673174419 118 114 113 0.16643485615860529 38 114 39 89
1010 -14.158285362315317 9.1255521031805262 27.21334871543062 83 26 31 1.3178065426213674 33 41 36 17 37 22 39 31 40 28 35 21 38 26 34 35 32 39 43 30 41 21 44 19 42 17 45 12 46 13 55 18 47 14 48 13 51 19 50 16 52 19
1013 4.0887022717759587 3.0604890933635982 5.4719852062686272 0 0 0 1.5042010439688185 31 86 37 115 38 157 27 116
1018 -20.086423428265128 16.550603804871486 36.685713837937293 168 164 162 1.1882551748891241 23 176 40 178 12 202 21 219 22 207 25 205 26 206 20 226 11 226 22 257 18 141
1019 1.9495180591960661 1.7416832459254556 2.729608390108941 158 69 72 0.85045542146367537 39 195 40 218 43 212 41 181 49 141 47 105 57 109 56 74 59 106
1020 -13.937074814243589 3.0104321368966964 22.671504791682732 63 69 73 0.68223537530362977 9 226 10 169 13 241 7 216 6 209 4 224 12 224 5 225 2 208 40 223 32 179 33 194 34 177
1022 1.5212111212941686 2.1111630931473044 2.8967511258366625 241 211 209 1.1495607302723523 39 60 40 158 43 180 43 205 48 153 51 142 52 137 61 81 53 120 54 156 57 124 56 82 59 82
1023 1.9324193512339087 1.5209846442449613 3.5082514762425641 139 32 41 1.2466274252940988 39 188 40 169 43 174 41 115 42 108 44 121 45 128 46 186 48 143 50 115
1024 2.4455556002163532 2.3617532766235354 3.3314379981760993 179 178 177 2.0329685842412912 29 44 43 0 41 0
1029 -12.837764378451432 15.44692124487676 25.443359404645669 0 0 0 1.4969336990449225 31 30 32 35 38 101 33 35 34 33
1030 1.7815923594934395 2.3512440891696507 2.5657409419776203 138 125 121 1.6476839949821673 38 112 43 60 44 46
1034 5.5547749837633393 3.9131891899020244 8.9869144314443279 230 230 228 1.5516331192500237 35 185 39 96 40 107 43 128 34 157 36 156 38 196 37 127 36 159 39 166 40 182 36 155 41 94 44 115 42 99 45 124 55 96 48 37 48 158 49 172 46 111 51 95 49 112 50 113 52 92 53 125 54 110
1041 4.1915388688996043 6.8224484648609991 15.291114902901422 214 213 208 1.2707301063357894 27 124 32 74 34 105 29 116 36 65 38 78 37 66 39 78 18 192 16 141 15 191 14 126 21 182 20 176 11 168 12 184 22 188 33 99 43 89 41 89 44 84 45 96 46 90 55 94 49 102 47 87 48 90 51 92 50 87 52 121 61 109 53 94 54 90 58 83 57 132 56 104 59 84 60 109 62 104 63 108 64 87 65 100
1045 1.6732218142731281 1.8211500719652236 2.5273221359662741 169 42 51 1.0092557978493142 40 216 43 210 45 206 44 209 55 147 51 130 52 150 53 138 41 205
1046 1.6749007978612416 1.8265677823582467 2.526357760691869 169 42 51 1.4938950919255019 40 225 43 215 44 210 45 155 55 135 49 195 47 107 41 175 48 149 51 138 52 158 53 144 54 171
1059 1.9176266186624997 2.1121746677129463 2.5147024661554958 115 95 90 0.20987100629984592 40 122 43 126 41 96
1060 1.7103681729510787 2.20015679362132 2.3087981393632915 119 112 106 1.6425472248292428 37 68 43 182 41 111
1064 -18.849925022803752 16.944514254729256 34.409315093564892 149 143 139 1.6136222403868539 31 169 41 171 27 152 44 100
1065 6.053128624968334 3.4625071251073631 10.517310836676218 203 203 199 2.2174337349370643 34 141 41 211 36 114 35 139 44 166 44 167 42 147 42 175 45 192 45 193 46 143 46 148 55 205 49 185 49 186 47 147 47 148 55 158 55 202 48 173 48 176 51 170 51 187 51 209 50 173 50 174 50 198 52 182 52 181 53 173 53 174 53 175 54 152 54 168 54 198 57 164
1066 4.2813617633538561 -5.7059526272595855 21.953025395393635 173 173 169 2.0116944422347047 37 19 40 24 43 26 27 18 32 21 33 22 30 13 31 21 23 9 25 12 28 10 24 12 29 13 34 23 38 18 39 20 55 8 51 7 41 19 48 9 49 12 44 13 46 10 47 12 42 9 50 8 52 7 53 7
1067 1.9997081798420482 1.6297191918897875 2.7504614111163921 96 25 30 0.82007449945848654 43 175 41 191 39 115
1068 -8.8638573434830423 3.3842542339522468 20.335688785468772 217 216 208 1.6455798430278481 31 6 32 7 34 7 36 6 33 7 27 6 35 6 41 7 37 8 40 7 43 9 38 5 39 6 15 4 17 3 18 3 16 3 19 3 21 7 20 7 11 6 12 9 22 6 9 4 10 6 13 6 7 5 6 3 4 4 5 3 2 3 3 3 1 3 26 6 23 4 25 6 44 4 42 5 45 6
1069 1.1284347527709857 2.5879011449344658 3.2394125194411885 120 112 111 1.5904703657527399 40 17 43 21 41 15 47 16 49 15 48 8
1071 0.9740051690936663 2.7195549736233855 3.9842039544548844 125 113 109 1.365080305482069 40 37 43 45 41 38 44 31 42 36 45 22 46 36 55 77 49 38 47 43 48 53 51 96 50 64 52 93 64 32
1073 1.727779653543867 1.4062895589965927 2.7202052834656021 138 7 22 1.095565759112362 39 4 41 2 43 8 44 1 40 1 42 1 45 0 46 0 49 0 47 0 48 0 55 0 51 0 50 0 52 0 53 0
1075 1.2024481680826626 2.243855139654332 3.3548603307844278 218 213 203 1.4519782819356837 41 18 43 25 44 15 42 14 45 13 46 14 55 12 49 14 47 15 48 14 51 20 50 12 52 20 61 11 53 22 54 18 58 24 57 24 56 16 59 16 60 12 62 17 63 12 67 14 64 12 65 14 70 9 66 14 68 13
1081 1.8691629608191587 2.1426191741906462 2.3596377982742873 128 112 109 1.6735032555055991 39 49 44 33
1084 2.0744947913496823 1.4964982183044686 3.7577663865843092 242 226 222 1.0877675971985317 39 158 41 104 43 114 40 125 40 170 43 199 41 192 44 86 42 126 42 82 49 155 48 113 59 118
1086 1.078097021621345 2.4874851119129286 3.449952449795668 125 119 112 2.2922618040353195 39 82 44 99 45 97
1090 1.9569725669742464 1.5050454432648372 2.6489644614317576 137 36 41 0.92162194302156752 39 153 43 171 44 142 40 234 41 194 49 126 48 190
1091 1.6463068441961359 1.9859108484771979 2.5670440555693359 133 69 73 0.94665001624195511 39 189 44 161 37 166 45 194
1100 0.60450392928847085 2.8081372500544211 3.4828889973975357 129 123 118 1.7860569991359352 43 36 44 16 40 29 41 29 42 18 45 14 46 18
1114 1.9834534475072376 1.7421464341020898 2.5212213080030059 134 72 69 0.2505314006950497 43 169 40 153 45 87
1116 -11.650807429294902 2.7078162664344338 20.539533660862336 204 208 205 2.3450428081837842 36 105 42 189 31 189 33 181 32 176 34 174 34 178 41 117 44 125 37 83 38 107 36 129 45 86 45 149 51 168 47 191 55 203 46 174 48 198 49 160 50 192 52 173 73 177 75 154 42 112 44 124 45 113 48 157 47 169 49 191 55 185 46 137 50 190 55 187 44 192 71 148 84 149
1120 1.4260799449234798 2.2857055247181068 2.9485225061296858 113 101 97 2.1840398396144312 43 52 44 34 45 27 41 36 40 40 55 21 51 22 50 17 61 19 60 21 62 24
1124 1.6646639904254972 1.7261300091859171 2.6234600246001905 138 5 16 2.3893763176769403 42 65 44 67 41 63 45 70 46 79 55 26 49 79 51 24 52 22 53 28 67 29 65 32 56 20
1128 2.3880081145198573 4.8101032511356019 7.9246849471591441 249 247 236 1.2996190730976656 38 76 43 103 41 67 44 76 58 69 53 98 57 56 56 54 59 61
1129 1.5355738331552955 2.1183540656570132 2.7065238253580395 142 130 126 2.1714200481291646 43 146 45 158 40 152 61 123 53 162 54 160 58 188 56 142 57 134 59 160 67 203 68 114 76 154
1132 -15.082729444214978 0.61925486612444325 22.485785737812435 31 33 39 1.8255488696105437 29 75 42 38 28 78 41 43 44 43 45 36 40 243 39 214 43 227 41 212 55 47 49 44 47 39 48 32 51 46 50 38 52 33 61 98 58 190 57 52 60 97 62 93 75 100 67 140 52 191 51 193 64 116 65 123 70 121 66 88 76 90 73 87 69 124 50 180 71 99 72 77 84 124
1137 -20.137819158067344 18.405672682325417 38.584955181973164 73 69 67 2.1741290868238545 29 137 42 52 45 39 36 86 31 115 32 129 33 97 34 102 33 152 32 161 34 144 35 71 38 73 24 181 30 156 31 211 29 173 27 190 38 159 46 39 47 32 49 30 48 20
1138 -1.0459041311897948 3.3422568610272783 5.3651233395205526 201 195 189 1.8283286737310549 45 3 46 2 47 2 49 2 50 1 63 1 64 1 52 1 65 1
1139 1.7348827536834157 1.6877586312572017 2.2865385669892428 154 7 17 0.6744226726817063 42 12 46 12 47 13 40 20
1141 1.8621446626906635 1.6812789771477401 2.3091824239786423 139 5 18 0.97199338780706412 43 72 46 32 40 72 55 37 51 36 39 66 52 35 61 22 54 37 62 25 67 30 64 28 66 41 70 24 69 36 68 34 71 30
1142 2.0155138385492442 1.6670494494158381 2.1673969944959537 0 0 0 0.22457416787838091 37 81 41 64
1146 3.5072128240464235 4.3644333318262927 6.5662501165281517 212 208 208 1.8001055792127407 41 132 40 230 43 219 55 174 46 139 47 146 46 101 51 186 52 164 53 168
1161 1.1062118406383727 1.7859260099529464 3.1243928315418708 213 212 206 1.0695474688902182 42 6 45 9 46 5 49 6 55 9 47 5 48 4 51 9 50 5 52 9 61 3 53 9 54 9 58 4 57 5 56 4 59 4 60 4 62 4 63 4 75 8 67 4 64 2 65 2 70 1 66 5 76 7 73 7 69 8 68 8 71 7 72 5
1167 1.5837952000826254 1.69467210562473 2.5660149723063812 166 4 22 0.70143488782073871 42 23 44 29 46 21 55 20 47 29 49 21 48 24 51 23 50 20 61 14 54 21 58 25 57 33 56 19 59 26 60 17 62 23 63 17 65 19
1168 2.0824554260195476 1.573558030409701 3.2173049750107237 225 226 219 1.5718561630125667 43 50 55 24 39 35 55 36 45 69 46 59 49 26 49 70 47 21 47 41 48 28 48 42 51 35 50 19 50 39 52 31 53 34 54 25 57 20 57 40 58 38 56 39 59 18
1172 2.7513072256961939 3.3800104538404274 4.517757829409919 148 144 144 0.72012480847113514 42 31 44 47 45 29 55 33 51 26
1173 1.5224956447344433 1.5440411913050205 2.5379731477033096 148 142 136 1.9485636771478829 46 81 55 68 53 35 61 21 54 23 58 42 57 18 57 34 54 47 56 15 59 24 62 44 63 29 75 48 67 54 64 45 65 47 70 23 70 34 66 45 66 51 69 39 68 39 84 33 71 43
1175 1.9141240286270238 2.210497776161743 2.8017961296481477 109 87 85 1.7310193296420096 44 101 45 98 55 97 52 130 61 156 54 118 53 132 37 158 58 123 59 122 56 120 57 123 60 129
1182 1.414886815045705 1.2197485234080845 2.6767255840491209 85 76 74 1.0620636553026339 42 144 45 175 55 128 49 208 47 130 48 182 51 117 52 107 54 103 53 109 57 96 56 96 58 96 59 97 61 159 60 71 63 65 61 180 67 83 64 68 65 63 70 68 66 80 69 81 75 64 71 51
1184 1.8681436568440888 1.7815096664664152 4.1550688510837173 114 16 19 2.1244743723854231 45 114 48 144 42 113 61 42 60 48 62 36 41 214 63 31 65 31
1190 1.4691157061038767 1.7543461406105247 2.7276720632270584 246 196 199 1.60823984527939 42 131 45 151 55 182 49 129 47 106 51 137 52 157 61 187 53 191 54 182 58 129 57 135 56 126 59 125 63 174 75 181 67 134 65 110 76 144 72 156 84 109
1192 1.016192928174146 1.5468135057491581 3.3366390637221914 146 141 137 0.58294686919510075 42 69 55 189 51 194 48 99 50 132
1197 1.8552769735542729 1.764639457422895 2.4561483951530083 129 19 25 0.94458975931511391 43 83 44 92 42 66 45 59 46 68 49 75 47 56 48 65 51 62 37 84 50 41 52 47
1198 1.7701014729686664 1.7583407192824481 2.5407807465744501 156 37 45 1.2532024856395354 45 33 46 33 41 48 43 66 44 40 42 29 55 27 48 23 47 37 49 41 51 32 50 24 53 26 54 30
1208 -17.445705429376325 -0.72709822569153559 20.430547198277413 68 68 70 1.9116838670143479 34 133 36 175 38 125 37 147 40 232 39 205 41 108 41 197 44 138 44 204 42 182 45 195 9 217 10 234 13 232 7 207 28 231 34 196 36 176 40 233 39 152 44 140 42 122 46 185 49 153 49 214 51 163 60 134 75 106 62 129 63 116 67 138 65 120 70 137 66 94 76 98 69 90 69 121 73 93 64 170 68 92 68 113 71 85 72 86 84 79 84 119
1214 2.0769226438925923 1.6004374533660461 2.0741561243608104 155 153 152 1.7140631825626902 45 43 55 200 48 39 49 60
1215 1.9305627708970723 1.7749428711058377 2.4218109035167368 132 34 37 1.2638115899741933 55 86 49 69 48 54 51 68 50 81 52 57 61 28 54 58 57 45 56 45 59 56 60 49
1219 1.3254304371462868 2.3330390278091571 3.2389104469351744 136 126 120 0.74659971491304233 46 106 55 208 49 110 47 115 50 147
1221 1.5600634497902046 1.3351749297977948 2.5361822659163908 135 23 42 1.2740717485778188 55 141 49 135 47 150 48 124 51 121 52 142 61 88 53 110 54 104 57 98 56 99 59 91 59 100 60 95 60 117 62 111 63 89 63 96 67 106 75 104 64 92 65 65 65 84 70 94 66 86 69 88 73 94 68 91 71 83 71 82 72 74 72 75 84 74 84 75 76 81
1223 0.7870446397724119 1.519337993299992 3.6991416960207717 141 139 136 0.76949365514378731 46 110 55 201 42 67 41 77 49 139 51 166 48 79 50 133
1225 1.9767833439055849 1.6938932035796952 2.0049360254717241 156 60 62 1.1671927774734412 46 98 55 134 50 102
1228 1.7894446683569865 1.7407077888714246 2.0610961353914945 195 197 197 1.6975746249716661 55 159 49 196 47 160
1232 1.961010481255187 1.5237899481284143 2.3912488263666836 134 38 43 0.97412584582800521 45 207 46 183 55 199 49 211 48 189 51 115 50 172 54 143
1236 1.8985434894850335 1.2751388695929839 2.5915111916740199 122 38 48 1.5650476569268572 45 142 55 106 49 134 47 98 48 126 51 120 50 125 52 143 76 59 73 45 72 48 84 41 39 151 40 238 43 142
1244 0.70391364893510044 2.5869353914521018 3.3003811383459492 189 186 179 1.9679737263890593 43 71 47 31 41 88 46 23
1249 -13.801305079892861 5.395068735464454 20.649627537178677 239 239 237 1.440314960493762 33 176 46 86 55 113 47 73 45 88 27 162 31 182 42 172 41 143 47 161 48 84 51 67 36 146 35 159 52 75
1255 1.5373266737864884 1.898300790285147 2.6929022441746402 240 210 208 0.44777965439338202 42 171 46 165 49 142 47 132 45 116
1258 1.7548978496239429 3.1690958144983332 4.6000533975279945 179 164 161 0.91317747023185736 40 108 43 102 50 91 47 141 48 123
1261 1.5188168220911673 1.6340909363096925 2.5698522431167294 220 160 163 1.4864686233444115 46 49 55 111 49 63 47 171 44 144 49 217 49 140 48 68 51 105 50 56 53 152 56 36 57 41 59 30 84 39 66 15 54 20
1269 2.2947153248795886 1.8911445759251089 2.3085285865084662 208 207 204 1.1294267418746915 42 160 47 142 45 168 48 166
1277 1.798593811813614 1.7965966371099737 3.1143719814860029 146 41 47 1.8672965077526833 49 77 55 57 45 72 48 66 39 139 44 82
1279 3.4060357371160253 4.6434991711400606 7.3229335420418309 231 227 226 1.6530652530544236 43 107 48 72 40 111 52 85
1280 1.9423125399281131 1.3205571324890544 2.5713270993470982 128 43 55 1.5795892725558176 45 143 47 100 49 136 55 131 48 115 42 101 46 177 44 119 50 126 52 144 61 60 43 143 45 82 44 89 42 79 54 101 58 100 57 100 56 69 59 63 60 74 62 59 63 64 65 66 41 112 41 107 39 133
1284 1.5349478971276647 1.4235511192401351 2.5359494407301519 178 151 152 1.9632855345400153 43 117 55 107 48 188 51 106 50 75 52 109 53 111 54 105 57 101 56 100
1285 1.9959895682820437 1.4691611065329955 2.3058486343444327 98 35 47 0.66053269198366926 45 180 48 192 44 201
1287 1.9740915177446094 1.8490247938614621 2.5081046046492843 143 71 71 0.81881222262719533 49 143 48 133 46 163 47 108 42 169 52 160 53 136 54 119 57 114
1291 0.44178955339827614 1.0972897233569983 3.9118567603960108 133 133 131 0.95352179269046167 47 4 55 7 51 8 46 4 48 3 49 5 50 4 52 8 53 8 54 8 57 6 63 7 65 6
1297 1.6455625247388359 1.3817878141726441 2.3305108988684591 151 148 146 1.702156226303539 43 70 51 116 50 105
1298 1.8344203340920024 1.1834053922177161 2.6541497902805351 106 84 88 1.7556989505497624 42 145 51 124 45 178 46 141 50 162 43 129 52 168 61 161 53 198 54 141 57 162 60 161 41 201
1299 2.1690855920936856 2.5439605015504227 3.7669474737586541 212 207 198 1.4793977360666166 42 184 55 166 51 195 50 183 52 195 53 158 56 173
1302 -17.677707176708047 4.5126174571156286 21.234586349530662 52 48 49 1.8164883971602555 8 208 15 212 17 236 18 243 16 211 19 200 14 227 21 230 11 195 12 211 22 219 9 179 6 220 26 215 23 184 28 208 31 185 29 189 27 169 33 173 32 172 34 168 35 160 11 194 22 218 23 183 25 215 30 154 31 184 29 188 16 233 27 168 36 145 38 171 37 168 41 163 18 242 16 231 19 201 22 221 26 175 25 160 31 186 29 166 27 127 32 145 36 131 35 131 38 174 37 123 39 143 40 155 43 139 41 118 44 160 45 156 46 168 75 145 76 64 70 100 75 65 66 78 67 110 64 95 65 92 73 60 73 182 69 91 71 79 68 63 84 164 69 143
1303 5.3354896918581609 4.872757425729179 13.41534971494346 235 235 232 1.7262539432041766 24 159 30 129 31 166 28 170 29 154 33 148 27 132 34 142 32 144 36 113 35 138 38 143 37 122 41 121 40 133 43 148 39 123 44 130 42 95 45 121 46 103 8 105 15 134 17 149 18 138 19 123 21 141 11 125 12 130 22 143 10 117 13 115 6 104 3 96 26 169 23 161 25 173
1304 -8.9257840492443545 3.481801952425422 20.556548047518564 217 216 208 1.5622223599778562 8 2 15 2 17 2 18 2 16 2 19 2 14 2 21 4 20 4 11 4 12 4 22 4 9 2 10 2 13 2 7 2 6 2 4 1 5 1 2 1 3 1 1 1 26 3 23 2 25 5 31 4 32 6 34 6 36 5 33 4 27 4 35 5 38 9 39 7 43 10 37 5 40 8 41 8
1305 4.4703389762342756 -0.84831951604250633 13.304895634456592 130 130 126 1.3942322959974311 34 73 36 49 35 75 30 149 31 205 29 179 38 58 37 56 39 64 40 73
1306 3.445635565763193 2.4835723569682999 4.5020889163999751 132 131 127 1.6801143510068983 37 143 41 169 36 188 39 216 43 188
1307 4.4703389762342756 -0.84831951604250633 13.304895634456592 130 130 126 1.3942322959974311 34 85 36 62 35 92 30 141 31 200 29 198 38 70 37 64 39 58 40 82
1308 6.0570464343835777 -0.03910820418671266 16.355639380445005 27 27 23 1.4419454071758746 11 159 22 230 27 184 15 90 17 81 18 133 16 99 19 90 21 99 20 58 11 87 11 120 12 76 22 95 13 134 7 131 6 85 4 108 5 104 2 122 3 111 1 114 26 182 25 134 23 78 28 88 24 60 30 58 34 84 36 67 29 55 33 78 31 114 32 130 32 61 35 55 38 94 37 102 39 140 40 86 43 101 41 57 41 103
1327 1.9268368556214492 1.2838843673403604 2.5959219365725987 107 13 29 1.5811058491300498 48 119 51 123 52 108 47 99 50 101 49 93 54 142 57 99 51 161 47 143 56 121 59 101 50 164
1328 2.4750477538152249 1.8329334685982721 2.7945674031660257 115 113 112 1.4307303555440656 45 89 51 89 52 117 42 84 49 144 46 82
1333 4.7146209164574122 3.2194656098424854 6.9814689616704477 0 0 0 0.7062011525903763 38 160 48 168 49 170
1338 1.6271964879949807 2.0527064326082867 2.5702916601463914 95 79 78 2.1937925453336495 61 16 53 38 54 51 58 31 57 38 56 29 59 34 60 19 62 22 67 22 70 16 66 21 71 18 72 14
1342 2.946107199924564 4.3532740060492925 6.0092064132087168 200 196 194 1.8021050601954443 51 27 52 27 55 22 61 37 47 22 48 19 50 22 59 37 62 40 60 39 63 37 64 42 65 35 70 42
1349 3.1486167355533414 5.5699144429805481 10.874967625738558 229 223 217 1.7473717487935989 40 131 47 86 48 91 49 103 50 88 51 94 52 122 55 95 42 64 36 190 44 102 43 127 54 92 53 97 61 79 45 66 39 77 57 86 58 85 56 87 60 111 59 80 65 115 41 95
1352 1.9461962053381439 1.8337924224591062 3.2866041377495985 129 40 46 1.6137136667992689 45 153 61 95 48 122
1353 1.162065731695052 1.0176434403802435 3.1604157204489871 139 31 48 1.3176974480297916 48 118 61 96 47 94 49 133 58 99 62 91 70 119 76 83 73 85
1356 2.9507601241137076 2.2212270302814856 3.7793537530000836 226 222 222 1.1357429524478662 46 105 51 144 50 167 52 140 55 143 49 147 53 96 54 91 39 94
1360 3.8775996835719995 4.4008077948043942 8.1734455182546579 195 188 189 2.1886487664033258 41 158 44 206 47 83 48 125 51 150 52 94 46 118 42 185 45 170 49 115 46 113 54 115 58 121 57 117 56 114 60 128 59 140 47 117 48 163 61 120 63 122 62 115 65 122 70 115 64 130 50 124 37 132 36 160 35 187 67 153
1362 2.6967593105328249 1.8544521583262223 3.3619484139887277 116 114 112 1.6447211791830958 49 194 61 127 46 166 48 150 42 170 62 121 63 115 75 143 67 146 64 124 65 128 66 156 69 116 72 126 73 146 84 116
1371 3.3757790186898986 2.115043643355428 5.2180378213805056 231 231 227 1.272486077734023 45 204 51 192 47 158 52 187 55 178 46 164 48 151 49 193 50 144 44 186 45 216 53 185 41 210 43 206 37 175 39 190 40 209 54 176 41 151 44 184
1373 2.6072491643539109 1.450158503297418 3.7586383968228905 21 21 17 1.5347620224963292 44 122 50 129 52 146 61 186 45 84 42 110 49 95 53 145 55 49 42 63 45 44 46 52 48 41 50 55 51 59 52 67 53 51 54 56 54 146 57 181 58 175 56 145 59 150 60 166
1379 0.47918535151618635 1.5450541127223725 4.1038842341937345 233 236 227 1.4297344995131929 47 79 48 100 51 128 52 192 55 102 61 184 49 203 46 179 53 194 54 174 56 177 75 109 76 67 73 97 72 67
1409 1.3961023867596027 1.4109789326501592 2.7217306409890214 170 133 135 1.0876892944562118 51 107 52 110 53 112 55 108 50 53 54 106 57 94 56 71 59 111
1421 1.409267575672932 1.2155583333485718 2.6821489559437168 85 76 74 1.2631569319434401 42 176 45 205 55 151 50 130 53 101 61 177 60 86 63 72 75 79 67 100 64 82 65 86 70 78 66 83 55 195 69 74 71 56
1422 1.961316045575203 1.6664855477449891 2.5910988129709422 145 43 50 1.6871386741031587 46 196 61 99 37 164 39 159 40 172 43 176 41 188 53 142 54 108 62 94 60 99 57 107 63 99 75 58 67 111 70 101
1423 2.5802436930964521 3.9285127714808743 5.5825249630730855 128 120 119 1.4652065088175656 50 10 51 11 52 11 48 10 55 10 47 10 49 11 63 14 75 22 67 16 64 16 65 17 62 14 70 11 66 22 69 21 76 28 68 20 72 16 71 19 73 26
1439 1.8115410790854902 1.4753673078145297 2.429127668386061 121 2 16 0.69566499565512341 52 2 53 2 55 2 50 2 51 1 54 2
1442 2.0321632023830745 2.3724509668748759 3.2765404723048883 214 207 202 1.3430951419182173 61 36 54 19 51 16 57 16 58 21 56 14 59 20 60 25 63 58 65 103
1456 1.7487261141525721 1.8079110250473867 2.3837742413895704 0 0 0 0.64109042221804424 53 184 61 90 60 118
1467 1.5537124254514136 2.0346537945951852 2.6123340306666316 205 198 194 1.142005065922133 52 30 53 27 61 15 54 34 58 27 57 32 59 22 60 20 62 15 63 10 67 10 64 14 65 11
1472 1.3230636081320983 2.3982285408329775 3.2617884839809834 125 113 108 1.821000765878992 53 127 61 119 54 112 58 118 57 139 56 109 59 138 62 149 63 150 64 49 65 175 70 77 67 87 51 146 66 74 75 73 76 87 69 78 68 65 71 94 72 98
1483 2.0663634719948032 1.8964610506389368 2.2950037170753785 0 0 0 2.1874423426812739 50 49 55 50 52 82
1489 5.3628655243575496 3.866110138604272 8.1139812584580273 0 0 0 1.7823012940143683 50 120 53 130 55 120 39 171 41 140 48 121 51 149 52 125 54 114 47 118 49 121 42 136 43 225 44 153 46 193 37 133 40 185 45 173 49 118 40 187 46 115 48 164 39 173
1498 2.7904645153321583 1.8108922181357345 3.8276651823862204 234 234 231 1.7963249799132717 53 188 61 174 50 143 54 178 46 167 50 142 52 166 54 197 55 181 45 157 49 198 47 162 48 147 57 185 60 143 59 170 62 154 63 170 67 166 66 177 73 162 71 142 69 160
1500 1.9707711830416659 1.1514561342402083 2.7219237147416129 128 111 112 1.001606943724876 53 208 61 160 58 183 57 154 56 157 59 141 62 155 75 116 67 197 69 123
1502 1.9479432260919813 1.6674176774281884 2.5256270402452894 129 25 31 1.5509667523230481 41 17 44 14 42 13 58 13 41 28 43 32 44 22 42 21 46 15 45 19 47 19 49 16 55 16 51 17 48 16 50 14 52 18 53 16 54 13 57 10 56 10 59 7
1511 1.6592104212593659 1.3956826408700087 2.3656919474198412 114 75 80 1.7146965416731432 61 130 58 134 57 155 59 112 59 164 56 158 57 186 63 179 67 161 64 113 70 125 66 125 75 125 69 128 73 124 68 103 71 126 84 117
1515 3.5873698417445135 2.8185331860015608 5.6412248949095662 236 234 233 1.447932199235308 47 7 51 5 53 5 54 6 55 6 58 3 57 3 42 8 44 10 46 9 48 6 49 8 52 6 50 7 45 8 56 3 59 3
1536 1.4750692097125737 1.6063175285319853 2.6393315151914578 235 228 221 1.5217593040997421 47 172 57 104
1549 1.9085291205635864 1.2495423182246965 2.547952221752058 113 96 97 0.96329746433314145 58 181 61 170 57 153 59 176 56 155 60 142 62 114
1554 -1.0001811685440498 2.3001207015369682 5.2507664641735419 26 26 28 2.293385830370914 40 212 58 122 61 131 57 175 41 189 42 174 56 127 59 126 60 162 57 174 53 205 54 179 56 136 62 112 63 130 75 139 52 114 53 189 67 144 64 131 65 118 70 130 66 145 69 112 76 173 68 127 84 108 61 176 63 171 62 156 66 146 70 182 67 209 69 167 75 180 76 145 69 166 66 144 67 184 68 159 73 180 73 136 53 65 84 145
1556 4.2655925278946754 3.3408236431283189 7.3401643815683837 236 234 233 0.87148019308357605 47 6 51 4 53 6 54 5 55 5 46 6 48 5 49 4 50 6 52 5 45 7 41 12 44 8 42 7 40 13 43 17
1586 3.0080321975828115 3.761488139149519 5.3118505596169276 237 233 233 1.767644756092428 48 67 52 97 57 61 58 66 56 58 53 99 47 63 49 81 59 87 60 113 61 86 63 84 62 108 65 79 64 134 70 92
1594 1.6715916204951995 1.3542767409234278 2.4107187260153018 93 84 83 2.0665151495091889 54 177 61 128 56 101 75 126 84 73
1600 -1.0448144756180016 2.4606500560416813 5.1363121734944475 30 30 33 2.1261275512609799 54 187 55 179 57 172 58 166 61 173 56 137 53 186 48 152 50 145 52 76 47 157 49 190 59 169 51 110 50 83 60 181 62 179 63 169 75 178 67 164 64 157 65 157 70 176 66 147 58 164 61 69 54 83 58 67 60 63 62 69 63 176 57 75 64 56 76 138 46 124 68 110
1603 2.4220854215171959 4.0586630441102782 7.0239506225328174 206 201 191 1.5896230683013062 55 193 58 186 56 147 50 152 47 136 46 190 49 177 51 199 53 197 52 193 45 126 41 185 42 117
1619 2.8608542963560759 1.2696789707125939 4.5836954557237233 32 32 28 1.126824610219471 57 53 58 62 49 47 61 31 56 50 63 30 62 45 59 52 60 54 76 44 70 35 75 46 65 36 66 43 67 56 64 47 73 38 69 42 68 40 71 38 72 47 84 43
1620 1.9508584228723453 1.4415384724581475 2.39609409990639 130 39 46 1.3710060872277576 61 61 57 102 56 49 47 192 46 142 54 193 52 209 53 211 60 51 62 60 75 51 67 85 64 71 70 54 66 68 76 60 73 46 69 63 37 112 68 72 71 60 72 56
1651 1.9196204593690864 1.9900815890640231 2.3628887790713371 113 92 89 2.1997255208378803 54 57 59 48 60 58
1652 1.8723772576001119 2.1893863621178196 2.6005361008530374 111 91 86 0.92849123139668632 54 28 59 50 57 28
1653 1.8955101698379175 1.7655689505828842 2.4050382890669098 132 34 41 0.8778373110252411 58 64 61 75 59 55 62 68 60 72 57 44
1656 2.0038667741327205 1.4646693918896352 2.2316978813843766 0 0 0 1.9869870624685593 54 44 56 98
1668 2.0064847651111002 1.3834118649765135 2.8531165615444869 106 42 48 1.8581499409741202 55 124 56 188 58 110 59 182 52 128
1671 1.5441949214063762 2.0443809320402622 2.6308260618511574 210 200 197 1.2143126507894668 54 26 56 23 58 20 61 18 59 19 52 28 53 30 57 27 60 18 62 18 63 15 67 9 64 17 65 18 66 11
1687 1.8109084074261399 1.7822924294202327 2.4377371278703888 141 26 33 0.97541744473318159 57 29 58 34 59 31 60 34 56 21 75 34 66 31 76 33 73 27 69 34 68 25 71 26 72 29
1741 2.1954312314416922 1.6692671294079566 2.9204480138467663 229 229 225 0.77191167480337275 58 2 60 2 62 3 59 2 56 2 63 3 75 5 67 5 64 3 65 3 70 2 66 6 76 5 73 4 69 5 68 5 71 5 72 4
1746 1.8962956298371616 1.7495843291618745 2.2479088487626138 99 10 16 1.8562457781984696 58 46 62 37
1747 2.1832243441754251 2.1806942328553718 2.6847034586901999 0 0 0 1.8667043731399748 53 20 58 53
1755 1.9533557618571 1.7359811791588113 2.2840572593416466 145 53 58 0.52583500279542372 61 102 62 96 63 114
1761 1.9646286160771984 1.4908261639873075 2.1737817715152521 0 0 0 0.057417407376645774 58 182 60 182
1776 2.1817793046137433 1.510460214954485 2.9617229614686074 148 146 143 1.5987398336392955 49 25 62 26 63 19 60 23 43 55 46 28 47 28 50 23 64 44 70 56 75 39 69 43 76 55 73 55 68 53 71 39 72 39 84 38
1778 2.1801478775602101 1.5089610542938898 2.9520647122852504 148 146 143 1.7117927339260723 49 32 62 30 63 25 60 27 43 56 46 20 47 36 50 27 69 40 75 45 76 54 71 42 72 44 84 36
1793 1.4245760045359452 2.1882174595262716 2.7907023643699511 0 0 0 1.025793834835611 43 151 55 169 50 118 40 134
1794 1.1993557482481472 1.863561336844302 3.2024495538241258 223 198 194 1.4382300208253109 59 171 62 158 63 172 56 181 67 135 70 163 73 132
1796 1.5244017050826428 2.0255141584356791 2.9257347697224438 136 105 98 1.3633308646049309 61 110 62 122 63 149 60 147 57 157 43 181 75 119 67 147 64 125 65 139 70 129 76 131 76 132 68 126 71 120
1797 0.9009612535695275 1.7103987483824572 3.2068600434771306 20 22 28 2.034814607850679 54 85 62 35 63 27 53 106 60 30 52 148 56 125 57 106 51 135 57 19 59 14 61 17 62 20 56 12 58 19 63 16 67 39 64 36 70 36 76 36 73 34
1814 2.1333387031592466 3.2385983093949888 4.2854817097083986 193 185 184 1.7033896738935672 58 23 59 21 60 16 75 23 56 17 66 12 76 29 73 23 69 19 68 15 72 17 84 51
1817 0.39682538879207901 2.5391204269212722 4.0846556297074681 208 202 198 1.5517112265216997 52 37 53 31 56 28 60 29 75 35 67 38 70 31 66 33 71 27
1819 0.0078713857501358682 3.0712924528363859 5.1853480225352238 70 58 56 1.4927805955378788 48 73 50 65 51 80 52 77 53 69 54 77 55 78 56 68 57 67 58 72 59 76 60 83 61 76 62 76 63 55 75 69 67 88 64 74 65 69 70 79 66 73 76 112 69 77 68 69 71 62 72 59
1826 0.0078713857501358682 3.0712924528363859 5.1853480225352238 70 58 56 1.4927805955378788 48 62 50 69 51 76 52 83 53 73 54 72 55 74 56 60 57 70 58 75 59 79 60 78 61 73 62 62 63 69 75 88 67 97 64 78 65 82 70 85 66 85 76 95 69 71 68 77 71 70 72 71
1828 -0.92689665662962495 3.7746906474321738 6.5802461391384277 200 191 188 1.684734330322845 50 97 51 156 52 103 53 105 54 140 55 104 56 94 57 92 58 94 59 94 60 91 61 107 62 102 63 107 75 102 67 118 64 103 65 99 70 111 66 106 76 134 75 67 76 75 60 82 57 79 58 74 59 78 61 51 48 47 56 52 50 47 52 61 55 62 69 50 69 98 51 54 53 61 54 62 57 48 58 57 47 52 49 53 59 43 66 54 63 43 65 53 68 49 68 102 71 63 71 91 72 61
1836 3.109807955931112 1.932177933095786 4.2523778995994599 193 186 185 0.82360387504338539 56 140 60 177 63 164 75 156 59 166 61 167 62 173 58 144 67 167 64 173 66 150 65 140 76 158 73 159 69 130 68 142 71 157 72 138
1837 3.1926192205164061 2.0486823005795771 4.3590082230012372 150 143 142 1.0347777762299499 56 165 58 153 59 154 63 154 75 161 61 149 67 172 64 142 70 144 65 147 66 154 76 185 73 171 69 135 68 146 72 158 71 135
1838 3.2854882764944735 2.0584056941001379 4.4765250581399112 194 190 188 1.1042298919044513 63 135 75 163 59 155 61 141 62 137 56 164 58 154 60 145 67 173 64 143 65 148 70 145 66 169 76 163 69 149 68 124 71 136 72 157 84 158 73 144
1839 3.1516324233375421 2.0654368504489482 4.237657388671094 150 147 146 1.4956998474975662 75 167 56 162 58 155 60 150 61 143 59 156 63 136 62 138 67 175 64 145 65 150 70 146 66 170 75 164 73 148 76 188 69 136 68 147 71 137 71 140 72 153 84 159 84 161
1845 3.1708862713421646 1.8065769705828303 4.5007498302948834 126 124 121 0.90493479354150919 56 185 75 199 64 178 65 179 66 179 76 172 73 165 71 166
1849 3.2340890067926331 1.8751612331887446 4.7092473310856153 156 156 152 2.0716534682529222 58 168 75 179 57 173 61 172 62 153 63 168 75 177 59 168 60 180 67 165 70 177 76 167 69 141 66 180 68 153 71 143
1851 2.4052764799462905 1.5313998309659096 3.3243382343372536 230 229 225 1.9983577593921642 56 38 58 43 59 54 60 33 63 20 57 35 62 47 53 47 61 65 54 48 64 35 65 33 67 28 62 21 75 27 84 44 73 21
1858 3.1212737324883992 1.9014673872232686 4.4976517018976638 229 229 227 1.3919220874073648 57 171 61 171 62 152 75 176 58 165 60 179 63 166 56 138 64 172 65 137 70 178 68 138 84 111
1859 0.89274194996896339 1.7994919024532476 3.2819459968237568 209 206 204 0.58545946402588689 58 170 59 172 75 202 67 185 70 164 69 144 66 155 68 160
1860 0.061706412150747063 2.5838115041118508 4.4624949142961237 196 196 193 1.9262992210934755 52 208 55 192 63 177 75 204 56 172 50 194 48 184 64 169 65 170 70 169 71 133
1864 -0.039149834273174436 2.21521007659481 3.9944290547638857 21 21 24 2.007402897488503 52 159 53 116 54 129 56 132 57 129 75 141 67 145 55 80 59 127 63 113 62 95 48 64 64 96 70 127 73 134 69 106 60 120 58 120 68 121 84 89 61 125
1866 3.6062236652790363 2.2519284478062529 4.9599232547900733 184 182 179 1.2296801511232049 56 182 75 168 76 191 58 158 59 153 61 146 60 151 62 141 65 155 73 150 72 130 84 132
1869 1.1060546742415653 1.9276657767091929 3.1240889761799742 211 206 196 1.0178244182238869 55 38 67 33 50 31
1871 1.6337184708690244 2.0037366026233276 2.6195315827690893 218 199 194 1.7634632279209539 63 22 67 41 62 34 64 27 75 59 65 24 70 27 66 49 69 54 68 59 84 8
1873 1.6419367656776176 1.9998681946502492 2.6083599990505895 218 199 194 1.3268616136359523 63 26 67 50 65 27 66 52 70 30 69 52 75 62 68 50
1876 1.7884127042412987 1.6930948449939176 2.2922399877541046 130 2 13 1.4731538480316775 61 32 67 59 58 44 63 32 68 23
1880 1.000016112521235 1.8398364087188774 3.0353175846905818 237 235 234 0.82396507520548623 59 105 61 100 63 100 67 112 54 102 62 90 57 110 58 102 60 100 65 81
1883 -0.46985225025192534 3.3378787237300345 5.6745055544569025 83 65 63 1.5345124754803361 55 140 59 134 61 113 75 172 67 151 48 112 50 111 51 125 52 149 53 123 54 126 56 102 57 131 58 114 60 122 70 132 76 117 69 119 68 105 71 122 72 111
1884 1.4794117486799669 1.6421510808137179 2.5182647194938435 107 111 116 0.87137177863786686 59 64 67 154
1885 1.3318989539928405 1.6390975094351619 2.711185508744502 107 111 116 1.4707622972580177 59 77 67 160 73 133
1889 2.0019216897078831 1.6033645267612491 2.4696461990890319 101 33 40 0.68140081456492274 59 183 63 165 67 188
1893 1.6417179716254267 1.7453178997741825 2.5549280336403966 170 37 48 1.4007669614800615 61 68 75 49 41 82 43 84 44 73 40 84 42 62 45 71 55 85 46 69 49 76 47 64 48 70 51 66 50 71 52 91 53 87 58 79 56 63 57 77 59 66 60 62 62 81 63 45 67 58 64 58 65 48 70 38 76 42 66 59 73 40 69 60 68 55 71 46 84 53
1895 1.642150595481344 2.0197050833866181 2.7816903151768009 106 6 19 1.0521976316179582 67 8 75 11 64 7 65 8 66 10 61 12
1897 1.8982104498347863 1.6924965499598856 2.3035428356464069 140 26 30 0.76733197768202743 67 31 75 29 64 25 66 40 76 35 73 28 69 26 68 33 71 24 72 26 84 23
1900 1.8531688432306914 1.6881845479180555 2.3604325266969268 124 2 12 0.62807320407625999 67 36 75 28 64 30 70 29 66 28 76 27 73 29 69 25 68 32 71 23 72 25 84 17
1902 1.9415214605400557 1.6850621511670172 2.4924906010007599 96 8 13 1.0117588040707632 48 52 67 57 64 37 66 46 75 40 70 37 76 43 73 39 69 44 68 38 71 44 72 49 84 45
1904 -1.1693040504649752 3.6122929599958522 6.8106891669831473 37 21 19 1.7356606531322003 48 44 55 51 63 39 67 89 75 81 64 60 47 57 50 44 51 52 52 54 53 55 54 49 49 49 46 55 65 50 70 80 66 72 76 70 69 66 68 60 71 75 72 58
1907 1.5647983751274053 1.943698151300725 2.80761815213096 157 47 58 0.9102291809794224 63 102 67 114 75 114 64 98 62 97 65 94 57 95 56 76 70 104 66 100
1909 1.7633893050825631 1.0480389401385999 2.8518855880715264 97 85 85 1.1431263551418152 63 124 75 151 64 112 61 129 60 130 71 102
1915 1.0921928442407673 1.9598211511096959 2.814846426137215 198 198 194 1.1117637376870912 61 181 64 144 58 151 60 159 65 149
1918 2.9762105850343321 1.7635910427485852 4.2570251297413977 163 163 159 1.4203870013450373 56 186 67 162 57 188 60 146 64 162 70 161 65 156 73 166 68 157 84 142 72 160
1920 -0.14586857088254038 2.2692825262437961 4.07833110487356 23 22 25 1.2632495693636794 61 168 63 129 64 174 59 161 62 135 58 167 60 178 56 141 76 105 65 141 66 131 51 111 72 82
1926 0.29931160991687245 3.1993400805807495 4.1092425258937855 107 101 97 1.8081407947997927 75 17 48 18 69 13 76 17 50 21 55 19 72 11 52 16
1929 2.6242706593559402 3.7326152629389373 5.1096679568928236 211 200 200 1.9171596341909212 57 17 75 33 73 16 76 31 69 33 66 38 68 31 67 47 71 32 72 34
1935 1.9494266671176959 1.7619065226188819 2.3328566623683935 143 56 61 1.3650755033538138 63 101 64 99 65 93 66 117
1938 1.9787998710605912 1.3006082342780743 2.4963069811233543 120 111 110 1.3646438881041922 64 165 75 128 67 207 65 108 70 134 73 152
1943 1.9111724920599658 1.7223330142227156 2.2235721077270201 126 27 39 0.56619831322277048 64 122 65 127 70 128
1952 3.1195803308473131 2.0084105552425884 4.3399928867691324 233 229 226 2.1533251750591895 59 152 61 162 63 156 58 150 64 141 65 146 57 176 59 186 60 148 61 166 75 153 56 169 58 142 63 163 67 168 64 121 66 151 76 148 76 150 73 102 73 121 69 131 68 143 71 158 72 137
1963 1.5303359500249523 1.9952065210428225 2.4763878556965091 109 103 99 2.504228040339437 62 13 75 19 76 15 69 18 72 13
1964 1.9746878222695243 1.6525308169904223 2.4695977344445685 110 18 28 1.180268233728049 64 10 67 13 65 10 70 7 66 9 68 12
1968 1.9319793094707061 2.7582963086085983 3.6604575440903191 145 129 125 1.2783153890196195 65 45 67 45 70 41 61 45 62 55 63 76 60 44
1972 2.0135538385155467 1.2328777502522388 2.6212844784632003 112 104 105 1.3883863049896814 64 70 65 64 67 61 75 56 70 69 73 53 76 58 66 63 69 155 69 58 68 70 68 158 71 47 72 51 84 52
1982 -12.634749148060704 -3.1678878148707459 18.428999065544541 123 123 123 0.72080708612388089 34 147 58 137 61 114 62 113 64 164 67 136 70 136 63 153 71 153 72 133
1987 1.9194518358757675 1.419535197910982 2.3881625022357342 105 8 25 1.0915403650568762 43 116 61 29 60 31 59 23 62 28 63 18 67 25 64 23 70 20 65 22 75 25 66 25 76 24 73 18 69 23 68 21 71 33 72 36 84 26
1990 1.6078341531027935 1.7113378659197189 2.5951704317532491 143 8 17 1.4728814500403777 62 118 70 183 60 165 61 188 63 185 65 117 62 176 84 107 68 120 75 127
1991 3.1997259620642571 1.9949618511582383 4.3681250610994873 190 190 186 1.6510401414500802 59 163 61 142 63 160 75 160 67 170 62 134 56 166 58 147 60 168 64 139 65 144 70 143 59 187 61 164 63 161 67 169 58 145 64 138 65 143 66 153 66 178 76 157 73 140 73 175 76 180 69 134 68 144 68 176 71 132 72 161 72 163
1997 2.9250053011340729 4.9046703700984944 8.2457887787511641 217 205 201 1.7265088183781516 36 38 65 4 67 6 70 3 75 9 66 7 62 5 63 5 64 4 35 44 76 9 73 10 69 9 68 7 71 8 72 7
1999 2.0405697660890896 1.6127644794306115 2.5310630253571298 231 230 224 0.54982365442606196 60 15 66 17
2006 1.9598988177963073 1.6364934347780853 2.4069949209701185 124 35 41 1.6173881071930651 75 110 66 96 57 105 73 66 76 63 68 93 84 64
2024 1.9483261373953658 1.3948755825506671 2.4320312630125187 123 47 55 0.7344851414149165 70 70 75 90 64 77 66 67 67 84 76 69 69 76 73 57 72 55 68 78 71 69
2026 1.4992427697362773 1.5579813047990885 2.5857243772029763 151 120 124 0.92009876280230884 61 43 75 107 76 135 56 46 57 51 58 61 59 51 60 47 73 95 69 83 68 37 71 86 72 118
2031 3.1651696269899454 2.0148639860823749 4.3491406257448118 148 141 140 1.0524706835972149 70 142 76 156 64 140 65 145 61 163 62 136 63 140 56 167 59 151 73 138 58 146 68 145 72 154
2046 1.9012444552544621 1.7167815695511841 2.2246344153495095 125 28 40 0.75150661517439166 75 85 76 111 73 76 71 71 72 92
2048 1.9007840461084298 1.73357665180471 2.2693690329750567 125 28 40 0.93111670353715859 75 80 76 94 73 89 68 100 66 99 71 59 72 80
2049 1.94541131977474 1.7502959803899931 2.3384143339525769 145 58 61 1.0528567629652832 75 118 76 133 73 105 66 132 68 123 72 109
2051 -13.954395742893295 -0.59487441747777992 21.471214312407319 113 119 124 0.45388078031616491 31 199 76 177 73 126 33 208
2063 1.736992672239803 1.726156278487661 2.6063294702930864 160 22 29 0.61666205550393227 66 16 70 14 75 24 76 22 73 13 67 17 69 22 68 19 72 21 71 13 84 11
2064 1.8305284791562384 1.7506867909953014 2.3432199724332681 154 22 31 0.41924828222452515 66 39 75 36 76 32 69 27 68 35 71 31 72 35
2076 2.5896897253203379 1.7228215400113303 3.4425954317959699 238 238 234 1.4635870309918784 62 159 70 175 67 163 60 163 68 155
2085 1.8465822991520897 1.5115865147300982 2.3254084622296092 127 4 20 1.9265344926150534 64 0 65 0 67 0 56 0 59 0 60 0 62 0 63 0 54 0 58 0 61 0 57 0 70 0 66 0 75 0 76 0 69 0 73 0 68 0 72 0 71 0 84 0
2087 1.998510474859915 1.2627331301478408 2.5495432234026603 106 80 81 1.6865546479440745 52 169 53 199 55 207 54 149 51 159 42 177 49 201 55 188 47 125 44 213 51 126 46 176 50 179 52 152 53 193 54 185 58 98 57 97 56 97 59 98 60 73 62 58 63 63 58 124 41 202 39 198
2088 2.0012493401045721 1.2611276759840213 2.5667451449947469 117 96 97 1.7600064146362486 64 81 65 85 75 63 70 87 66 65 69 62 51 160 59 99 60 94 47 185 53 200 42 164 49 209 55 196 47 97 44 216 51 118 46 173 50 163 52 124 53 201 54 189 58 90 57 90 56 90 59 90 60 69 62 79 63 71 60 172 41 200 68 75 39 203
2089 1.7575853553161556 2.0903146391121443 2.7831739636248662 114 13 25 1.8731155866553799 40 11 43 15 41 9 39 9 44 5 42 4 45 5 46 3 55 4 49 3 47 3 48 2 51 3 50 3 52 3 61 1 53 3 54 3 57 1 58 1 60 1 59 1 56 1 62 1 63 2
2090 1.9355556765622037 1.1841863960680381 2.6414592537085366 223 216 217 0.9246618282896274 42 56 47 74 55 71 44 83 45 61 48 69 49 71 51 83 46 72 61 59 50 60 52 71 54 69 53 83 58 81 57 62 56 48 59 62 60 70 62 46 63 44 67 23 64 55 65 46 70 45 66 42 76 57 58 36 75 61 69 55 73 51 67 67 68 52 71 50 72 45 84 25 55 165
2096 1.7118399325926872 1.7813066839317211 2.5662478993230344 0 0 0 1.297773748283134 52 36 64 34 67 34 53 44 54 43 58 63 56 35 57 47
2099 1.9399166614440675 2.2230754714841034 3.0676382625356533 118 24 31 1.4956668857360258 64 21 66 35 68 28 65 20 67 42 84 69
2102 1.9134525947120375 1.7198406954897307 2.2938639599057584 95 9 13 0.2969094411344112 67 62 69 47 75 41 68 46 73 43
2106 1.9546944363425254 1.6976053839913976 2.3490671438704358 136 49 55 0.90080014879799353 64 63 66 97 68 80 70 83
2126 2.078793670954012 3.1410946689750832 4.3643091048612623 90 20 32 1.1268839648806921 61 40 66 64 69 37 75 31 76 20 71 28 73 15 58 41 59 47 60 60 72 30
2133 1.1460929343979269 2.0091819423650321 3.0063520370671624 202 200 197 1.2228251254827571 61 74 75 203 71 163 60 79 62 77 53 81 63 70 64 79 65 83 67 98 70 86 66 82
2149 1.9461647098905708 1.7520583923323068 2.2949548230131898 110 47 45 0.7921962356268204 73 111 75 93 76 120 72 93 69 97
2151 3.7644557537559096 2.4832235769357354 5.2641964716703269 228 221 222 1.445926147500362 68 83 71 93 73 79 75 95 76 114 72 95 69 100 59 83 63 119 65 112 66 107 67 119 58 109 61 108 64 127 60 108 62 103 84 77 56 84
2173 1.858135618736072 1.6808234224051419 2.3103169863943886 140 1 21 0.024065434366001899 62 31 84 22
2175 1.9488048936905908 1.6648327280373791 2.1251542497420632 230 213 217 1.0767743362333888 73 44 84 55 76 40
2176 1.9479598311777104 1.6897611793847886 2.162350192059165 217 202 199 0.34960150187698935 76 50 84 56 73 63
2181 1.9500992125990884 1.6584793018574444 2.1283610454842732 53 47 42 0.50438451390300409 73 74 84 95 76 109
2183 1.6410210106212622 2.0218707367055799 2.6669215064733547 167 139 135 0.68145857309844537 63 110 84 100
2187 1.6061880706697735 1.6744274361871005 2.3402725906165811 0 0 0 1.5503310377422954 65 159 76 139
2188 1.6048745801533424 1.7099212603345777 2.5905260629203872 154 4 17 0.77484068001364337 61 138 63 183 68 132 75 146 84 126 62 160
2191 1.9462548327939453 1.6479398500890505 2.1160665766210416 149 137 132 0.26454104521884186 73 135 84 147 76 146
2195 2.0140627827388902 1.5627159986249903 2.4708028609771153 162 139 140 2.3512188470588113 66 162 69 110 75 134 68 117 71 109 84 146 70 76 84 68 75 133 69 148
2205 4.6835380258673522 5.7395267940004882 14.707942057067989 249 240 236 1.1301453418362746 31 103 33 101 27 91 32 73 34 64 35 62 35 88 36 60 43 98 41 84 44 71 42 40 55 58 47 58 48 38 51 48 50 52 56 65 59 71 60 65 62 71 63 74 67 81 64 73 65 77 70 82 20 60 8 128 15 132 17 148 18 136 16 123 19 122 14 123 20 193 11 123 9 122 10 147 13 114 7 168 6 103 4 116 5 109 2 150 3 95 1 102 23 89 25 118 28 104 24 80 30 76 29 83 38 59 37 59 39 81 40 69 45 60 46 56 49 50 52 55 61 62 53 58 54 60 58 65 57 57
