# Image list with two lines of data per image:
#   IMAGE_ID, QW, QX, QY, QZ, TX, TY, TZ, CAMERA_ID, NAME
#   POINTS2D[] as (X, Y, POINT3D_ID)
# Number of images: 109, mean observations per image: 78.614678899082563
1 0.92827648959649267 0.36611949446542197 -0.065193031689184833 0.0030237814023754092 3.6133120003867982 10.989441283997769 1.8058397890611644 1 000002.png
147.60481262207031 59.480899810791016 -1 116.14829254150391 128.2987060546875 -1 116.14829254150391 128.2987060546875 -1 116.14829254150391 128.2987060546875 -1 116.14829254150391 128.2987060546875 -1 117.04409027099609 82.520332336425781 -1 221.41650390625 84.020210266113281 463 117.427978515625 122.99687957763672 -1 117.04409027099609 82.520332336425781 -1 117.427978515625 122.99687957763672 -1 117.17666625976562 77.979835510253906 -1 117.17666625976562 77.979835510253906 -1 105.05653381347656 31.612565994262695 461 141.2322998046875 25.75562858581543 -1 105.99677276611328 58.869003295898438 69 116.73155975341797 100.80277252197266 198 105.99677276611328 58.869003295898438 68 105.05653381347656 31.612565994262695 461 118.10456085205078 12.047382354736328 455 98.185844421386719 13.938089370727539 4 105.99677276611328 58.869003295898438 433 197.30950927734375 103.00843048095703 9 197.30950927734375 103.00843048095703 70 197.30950927734375 103.00843048095703 406 110.75048065185547 7.3823051452636719 -1 138.67430114746094 20.946971893310547 -1 233.1221923828125 96.684646606445312 418 163.70881652832031 189.23878479003906 -1 83.961898803710938 18.799922943115234 12 110.75048065185547 7.3823051452636719 419 231.77467346191406 79.754035949707031 13 184.54078674316406 99.158126831054688 16 174.91505432128906 101.47663879394531 -1 202.23731994628906 118.42690277099609 292 244.9005126953125 88.468910217285156 464 123.70182800292969 9.8653430938720703 409 221.69654846191406 71.903533935546875 20 196.31277465820312 84.605392456054688 25 238.07766723632812 111.01995849609375 420 194.95982360839844 120.7784423828125 407 126.90229034423828 115.15432739257812 -1 230.60198974609375 97.006278991699219 288 126.90229034423828 115.15432739257812 28 196.31277465820312 84.605392456054688 23 135.83973693847656 16.053741455078125 -1 207.62702941894531 87.638442993164062 34 213.67097473144531 88.024673461914062 286 213.67097473144531 88.024673461914062 287 207.62702941894531 87.638442993164062 39 171.46534729003906 133.05775451660156 325 187.0718994140625 242.91873168945312 -1 168.52972412109375 141.75450134277344 459 206.43605041503906 126.69300079345703 404 188.50198364257812 124.26799011230469 77 224.36302185058594 95.622467041015625 222 187.0718994140625 242.91873168945312 -1 169.82438659667969 107.37940979003906 -1 169.82438659667969 107.37940979003906 -1 93.079093933105469 21.694156646728516 -1 93.079093933105469 21.694156646728516 -1 166.0133056640625 198.59332275390625 -1 111.25791931152344 21.649044036865234 403 196.67691040039062 115.31221008300781 1319 215.9940185546875 81.929115295410156 346 96.386215209960938 29.790853500366211 33 88.515426635742188 34.409564971923828 314 222.54371643066406 221.92329406738281 -1 250.06800842285156 250.09263610839844 -1 119.49252319335938 252.68574523925781 -1 254.13287353515625 100.36110687255859 411 209.50482177734375 113.27943420410156 47 227.20133972167969 227.09107971191406 -1 190.02003479003906 245.669677734375 -1 126.60597991943359 253.53135681152344 -1 109.21241760253906 18.443004608154297 45 254.25761413574219 95.961578369140625 422 178.58723449707031 97.906158447265625 43 206.39231872558594 115.65024566650391 462 172.66934204101562 142.70597839355469 -1 254.25761413574219 95.961578369140625 421 209.50482177734375 113.27943420410156 49 220.35673522949219 103.48374176025391 -1 242.72445678710938 243.53787231445312 -1 205.26527404785156 130.49079895019531 -1 36.058204650878906 117.62188720703125 -1 243.54486083984375 152.75473022460938 -1 241.34947204589844 159.87176513671875 -1 245.91177368164062 163.50442504882812 -1 49.058765411376953 108.15619659423828 -1 252.45840454101562 105.15545654296875 -1 181.08119201660156 99.318031311035156 60 249.55805969238281 95.502388000488281 61 245.05075073242188 89.055145263671875 -1 251.13191223144531 88.544486999511719 430 194.27619934082031 79.561080932617188 341 27.404525756835938 124.00197601318359 -1 170.92391967773438 188.30593872070312 -1 115.59501647949219 58.900581359863281 -1 95.842758178710938 56.890457153320312 46 95.071136474609375 50.589519500732422 -1 92.59515380859375 22.947793960571289 55 117.62654113769531 5.2320942878723145 -1 216.58793640136719 70.756156921386719 105 219.89521789550781 141.93203735351562 -1 171.41334533691406 146.74751281738281 425 252.45840454101562 105.15545654296875 -1 232.09501647949219 232.46914672851562 -1 113.12184906005859 57.054603576660156 -1 217.67681884765625 140.53080749511719 -1 42.696063995361328 112.78666687011719 -1 204.61550903320312 212.08531188964844 -1 
2 0.92830320046388504 0.36617604711317281 -0.064530122510299617 0.0020331792555513682 3.5653721157736737 10.989397529317522 1.8297504208697415 1 000001.png
145.46029663085938 58.911525726318359 -1 145.46029663085938 58.911525726318359 -1 145.46029663085938 58.911525726318359 -1 114.95226287841797 127.07034301757812 -1 114.95226287841797 127.07034301757812 -1 114.95226287841797 127.07034301757812 -1 116.89246368408203 121.14486694335938 -1 116.33458709716797 82.9130859375 -1 221.27191162109375 84.02484130859375 463 116.89246368408203 121.14486694335938 -1 116.50340270996094 78.603973388671875 -1 116.50340270996094 78.603973388671875 -1 209.87313842773438 71.342864990234375 414 105.98712158203125 59.053955078125 69 98.165084838867188 13.940755844116211 4 105.06471252441406 31.709012985229492 461 116.26776123046875 100.19293975830078 198 105.06471252441406 31.709012985229492 461 105.98712158203125 59.053955078125 433 116.26776123046875 100.19293975830078 -1 105.98712158203125 59.053955078125 68 197.16239929199219 102.92476654052734 9 197.16239929199219 102.92476654052734 406 197.16239929199219 102.92476654052734 70 110.84765625 7.3986673355102539 -1 137.01043701171875 19.217475891113281 -1 244.62091064453125 89.250350952148438 464 233.0853271484375 95.977378845214844 418 83.969970703125 18.539209365844727 12 110.84765625 7.3986673355102539 419 217.04165649414062 111.38001251220703 -1 135.58387756347656 16.857839584350586 -1 184.55897521972656 99.157142639160156 16 175.06773376464844 101.14129638671875 -1 217.04165649414062 111.38001251220703 -1 202.21029663085938 118.36438751220703 292 231.6263427734375 79.594474792480469 13 123.04584503173828 8.7006149291992188 409 196.30474853515625 84.655517578125 25 196.30474853515625 84.655517578125 23 195.06153869628906 120.76895141601562 407 221.57820129394531 71.723953247070312 20 168.36520385742188 105.82774353027344 -1 168.59671020507812 141.64930725097656 459 186.06077575683594 239.32453918457031 -1 225.44361877441406 222.48088073730469 -1 186.06077575683594 239.32453918457031 -1 160.4649658203125 90.358078002929688 -1 171.41065979003906 133.18254089355469 325 206.66677856445312 126.44544982910156 404 188.95416259765625 124.82425689697266 77 235.92655944824219 109.27304840087891 420 224.25627136230469 95.730712890625 222 229.55961608886719 96.7198486328125 288 160.4649658203125 90.358078002929688 -1 213.70603942871094 88.194679260253906 286 207.61862182617188 87.565902709960938 34 91.640678405761719 78.713241577148438 -1 213.70603942871094 88.194679260253906 287 196.88275146484375 115.23530578613281 1319 192.95474243164062 246.79583740234375 -1 111.27129364013672 21.626869201660156 403 93.002342224121094 21.786081314086914 -1 96.478919982910156 29.743635177612305 33 251.97026062011719 98.420074462890625 61 118.84764099121094 248.26458740234375 -1 216.043701171875 81.990531921386719 346 93.002342224121094 21.786081314086914 -1 251.97026062011719 98.420074462890625 411 94.484687805175781 69.92926025390625 -1 95.791725158691406 56.788059234619141 46 92.923980712890625 10.361617088317871 106 109.16199493408203 18.471925735473633 45 216.35896301269531 213.57546997070312 -1 132.44696044921875 66.816734313964844 -1 208.74623107910156 118.20248413085938 462 212.5748291015625 80.151069641113281 346 178.66717529296875 97.776031494140625 43 123.15524291992188 248.79020690917969 -1 164.23356628417969 115.30738830566406 -1 206.36854553222656 115.35086822509766 462 201.13851928710938 251.38578796386719 -1 208.74623107910156 118.20248413085938 408 129.87228393554688 40.567466735839844 -1 94.484687805175781 69.92926025390625 -1 209.5997314453125 113.31625366210938 47 227.95448303222656 148.27838134765625 -1 247.27586364746094 163.878173828125 -1 164.72993469238281 131.68751525878906 -1 207.56410217285156 131.68916320800781 -1 211.13113403320312 134.55192565917969 423 49.101158142089844 107.07553863525391 -1 171.36985778808594 146.69573974609375 425 233.61199951171875 152.95677185058594 -1 175.55107116699219 106.15452575683594 92 173.22262573242188 104.30467224121094 -1 56.526782989501953 101.41033172607422 -1 181.07427978515625 99.331596374511719 60 187.4058837890625 99.105064392089844 397 194.216552734375 79.583076477050781 341 216.46345520019531 70.740020751953125 105 95.059700012207031 50.612171173095703 -1 92.617904663085938 22.861722946166992 55 100.71840667724609 23.525131225585938 54 195.45999145507812 249.383544921875 -1 216.52487182617188 116.69178009033203 -1 108.44425964355469 14.340827941894531 44 117.24980926513672 4.9644899368286133 -1 85.813163757324219 3.0276265144348145 307 251.81094360351562 167.54476928710938 -1 148.99700927734375 22.958457946777344 -1 173.22262573242188 104.30467224121094 -1 174.55162048339844 183.0390625 -1 231.18368530273438 238.12667846679688 -1 174.55162048339844 183.0390625 -1 227.09028625488281 233.71394348144531 -1 85.813163757324219 3.0276265144348145 308 220.06471252441406 141.77189636230469 -1 93.117660522460938 56.395233154296875 -1 
3 0.92793617783410065 0.36714578399220815 -0.064299151469047758 0.0020105431474581 3.5514853531982626 11.054827970570448 1.85367178013385 1 000000.png
145.24061584472656 58.876495361328125 -1 145.24061584472656 58.876495361328125 -1 145.24061584472656 58.876495361328125 -1 114.67738342285156 127.22676849365234 -1 114.67738342285156 127.22676849365234 -1 114.67738342285156 127.22676849365234 -1 116.73019409179688 121.14007568359375 -1 221.26708984375 83.985038757324219 463 116.73019409179688 121.14007568359375 -1 116.50253295898438 80.267311096191406 -1 116.50253295898438 80.267311096191406 -1 209.76268005371094 71.244087219238281 414 98.196090698242188 13.996573448181152 4 105.09679412841797 31.628900527954102 461 105.97331237792969 58.924938201904297 69 105.09679412841797 31.628900527954102 461 105.97331237792969 58.924938201904297 68 105.97331237792969 58.924938201904297 433 197.1251220703125 103.00046539306641 9 229.16644287109375 132.04975891113281 -1 197.1251220703125 103.00046539306641 406 197.1251220703125 103.00046539306641 70 110.79602813720703 7.4494476318359375 -1 83.9432373046875 18.561185836791992 12 137.03166198730469 19.233457565307617 -1 244.35215759277344 89.121337890625 464 232.972412109375 96.022956848144531 418 110.79602813720703 7.4494476318359375 419 202.29344177246094 118.46169281005859 292 211.67820739746094 141.04847717285156 -1 161.58680725097656 189.03866577148438 -1 175.01580810546875 101.23594665527344 -1 217.21720886230469 111.58718872070312 -1 135.70590209960938 16.991119384765625 -1 231.60618591308594 79.572158813476562 13 184.55690002441406 99.1646728515625 16 217.21720886230469 111.58718872070312 -1 221.68014526367188 71.797538757324219 20 168.28883361816406 105.66594696044922 -1 140.22483825683594 225.06173706054688 -1 123.05119323730469 8.6817293167114258 409 196.33888244628906 84.607322692871094 25 194.94990539550781 120.81114959716797 407 196.33888244628906 84.607322692871094 23 92.840324401855469 35.929645538330078 -1 116.01158142089844 64.249298095703125 -1 186.21699523925781 239.43647766113281 -1 125.95381927490234 113.31822204589844 28 105.46297454833984 96.150535583496094 -1 168.58807373046875 141.63240051269531 459 171.421875 133.24234008789062 325 206.56622314453125 126.41816711425781 404 188.9718017578125 124.72479248046875 77 125.95381927490234 113.31822204589844 -1 229.97920227050781 96.064888000488281 288 236.03363037109375 109.26571655273438 420 105.46297454833984 96.150535583496094 -1 224.22230529785156 95.768203735351562 222 213.78953552246094 88.258529663085938 286 207.66168212890625 87.599105834960938 34 92.840324401855469 35.929645538330078 -1 186.21699523925781 239.43647766113281 -1 116.01158142089844 64.249298095703125 -1 168.4346923828125 113.9825439453125 -1 168.4346923828125 113.9825439453125 -1 111.25986480712891 21.696653366088867 403 93.103256225585938 21.74365234375 -1 96.466781616210938 29.825225830078125 33 88.564750671386719 34.612636566162109 314 212.38104248046875 80.214996337890625 346 255.34494018554688 95.027664184570312 421 196.69601440429688 115.31471252441406 1319 251.62686157226562 98.769088745117188 61 208.75587463378906 118.15168762207031 462 123.09657287597656 7.2089180946350098 -1 208.75587463378906 118.15168762207031 -1 93.103256225585938 21.74365234375 -1 255.34494018554688 95.027664184570312 422 251.62686157226562 98.769088745117188 411 190.1099853515625 123.49588012695312 432 22.245153427124023 126.64932250976562 -1 172.82066345214844 142.24809265136719 -1 122.93407440185547 248.49006652832031 -1 189.14299011230469 101.34120178222656 397 247.41537475585938 164.18634033203125 -1 95.792579650878906 56.721321105957031 46 209.53370666503906 113.25315856933594 47 195.2933349609375 249.45367431640625 -1 92.801826477050781 10.592854499816895 106 109.15956878662109 18.462606430053711 45 178.53620910644531 97.973648071289062 48 132.13600158691406 66.770591735839844 -1 178.53620910644531 97.973648071289062 43 230.96348571777344 238.06317138671875 -1 211.70512390136719 135.18098449707031 423 149.10015869140625 240.59010314941406 -1 207.55441284179688 131.60569763183594 -1 164.85581970214844 131.64213562011719 -1 238.24917602539062 125.52515411376953 -1 181.50416564941406 120.07735443115234 157 216.45193481445312 116.48580169677734 -1 175.56442260742188 106.07315826416016 92 181.08851623535156 99.3701171875 60 228.19700622558594 96.903511047363281 288 194.26519775390625 79.578384399414062 341 216.45004272460938 70.615425109863281 105 136.95967102050781 67.42071533203125 -1 92.631027221679688 22.934013366699219 55 234.5078125 153.85769653320312 -1 237.07917785644531 155.80931091308594 -1 117.00536346435547 4.9252228736877441 -1 85.817558288574219 2.9123091697692871 307 223.18011474609375 144.63510131835938 -1 171.43228149414062 146.75932312011719 425 227.02165222167969 147.91061401367188 -1 85.817558288574219 2.9123091697692871 308 164.85581970214844 131.64213562011719 427 149.10015869140625 240.59010314941406 -1 240.34503173828125 158.55012512207031 -1 251.58146667480469 167.62321472167969 -1 203.81819152832031 201.40425109863281 -1 8.7938108444213867 136.06369018554688 -1 220.35928344726562 142.26889038085938 -1 247.96488952636719 86.398246765136719 430 
4 0.95103523235807685 0.30564691454233306 -0.045824366591855251 0.0034753231253687499 2.3209429852769041 6.8816256171673578 0.54934626409090237 1 000009.png
119.43536376953125 95.626457214355469 248 119.43536376953125 95.626457214355469 234 170.42593383789062 59.199596405029297 281 217.67507934570312 221.12747192382812 -1 122.16497802734375 19.045377731323242 249 221.66445922851562 84.421401977539062 463 159.79182434082031 106.12328338623047 282 128.99562072753906 42.121841430664062 -1 98.338157653808594 13.707846641540527 4 105.81792449951172 32.136070251464844 269 244.06182861328125 106.68939971923828 -1 127.20159912109375 130.84194946289062 198 105.81792449951172 32.136070251464844 461 244.06182861328125 106.68939971923828 -1 197.66830444335938 102.58051300048828 9 227.94976806640625 110.42971038818359 -1 242.09513854980469 201.05789184570312 -1 242.09513854980469 201.05789184570312 -1 195.67401123046875 156.55746459960938 293 205.99081420898438 166.02801513671875 15 112.89051055908203 121.431884765625 -1 184.59323120117188 99.027664184570312 16 175.47624206542969 242.77937316894531 -1 146.11328125 46.686923980712891 -1 146.11328125 46.686923980712891 -1 175.47624206542969 242.77937316894531 -1 85.243293762207031 20.537660598754883 12 232.06668090820312 80.091178894042969 13 235.19914245605469 89.677932739257812 254 221.55352783203125 71.925460815429688 20 239.86872863769531 99.069252014160156 -1 202.43768310546875 118.82902526855469 292 187.60221862792969 125.92978668212891 77 169.41627502441406 117.992919921875 251 130.19486999511719 144.85060119628906 184 202.43768310546875 118.82902526855469 697 250.427490234375 90.710067749023438 284 196.26100158691406 84.50640869140625 25 120.45257568359375 140.83499145507812 -1 196.26100158691406 84.50640869140625 23 125.09111785888672 51.520008087158203 -1 171.53912353515625 132.99240112304688 325 136.51132202148438 147.89215087890625 28 107.39432525634766 73.905586242675781 337 130.59107971191406 146.31610107421875 348 107.39432525634766 73.905586242675781 133 130.59107971191406 146.31610107421875 139 168.87689208984375 141.74465942382812 459 208.29411315917969 87.231361389160156 34 216.19461059570312 82.073143005371094 346 181.36753845214844 126.29397583007812 -1 185.91946411132812 132.99821472167969 -1 197.46319580078125 234.1649169921875 -1 226.28366088867188 100.27244567871094 -1 96.438690185546875 29.785480499267578 33 88.233238220214844 34.299797058105469 314 127.17913818359375 47.664035797119141 -1 196.54507446289062 115.45209503173828 1319 206.06048583984375 115.70872497558594 462 241.26017761230469 179.36308288574219 -1 108.48435974121094 14.254181861877441 44 203.9237060546875 125.03219604492188 115 114.95247650146484 86.954925537109375 256 147.55718994140625 96.701309204101562 261 178.29188537597656 98.301826477050781 48 177.73234558105469 151.11735534667969 -1 119.42578125 45.677200317382812 -1 177.73234558105469 151.11735534667969 38 109.26469421386719 18.43402099609375 45 225.03121948242188 164.57843017578125 -1 228.15708923339844 167.62698364257812 -1 144.97727966308594 54.060371398925781 -1 233.91542053222656 181.63105773925781 -1 238.65570068359375 186.13507080078125 -1 251.28515625 198.104736328125 -1 212.12236022949219 64.14935302734375 31 238.37144470214844 83.139869689941406 -1 119.42578125 45.677200317382812 -1 238.37144470214844 83.139869689941406 -1 178.29188537597656 98.301826477050781 43 177.73234558105469 151.11735534667969 -1 177.73234558105469 151.11735534667969 -1 131.12284851074219 148.64175415039062 -1 94.96075439453125 12.298088073730469 106 215.94114685058594 164.91773986816406 386 202.54800415039062 152.85420227050781 698 206.38346862792969 147.86637878417969 -1 196.84425354003906 147.35890197753906 303 57.527175903320312 137.13656616210938 -1 197.08653259277344 119.01847076416016 276 170.2911376953125 114.48501586914062 330 250.91873168945312 102.01496887207031 -1 181.10664367675781 99.420707702636719 60 92.546195983886719 23.059778213500977 55 209.71946716308594 113.39611053466797 47 181.10664367675781 99.420707702636719 63 131.12284851074219 148.64175415039062 -1 182.99491882324219 177.4840087890625 163 187.78236389160156 238.65806579589844 -1 187.78236389160156 238.65806579589844 -1 182.99491882324219 177.4840087890625 164 185.78425598144531 237.18801879882812 -1 209.71946716308594 113.39611053466797 49 217.10948181152344 157.40565490722656 378 213.89036560058594 154.84394836425781 -1 194.12889099121094 79.76324462890625 341 114.83110046386719 33.541488647460938 -1 
5 0.93090221431984632 0.360018610451943 -0.061643740075467177 0.0027779150756438737 3.369723865908123 10.588419079456724 1.5468273650214495 1 000003.png
151.93185424804688 60.258438110351562 -1 149.03166198730469 36.340087890625 -1 221.77359008789062 84.47991943359375 463 118.44904327392578 128.20285034179688 -1 145.23707580566406 30.237707138061523 -1 118.52384948730469 76.670135498046875 -1 118.52384948730469 76.670135498046875 -1 97.952095031738281 14.243259429931641 4 105.20218658447266 31.632024765014648 461 106.04698944091797 58.616970062255859 433 118.51186370849609 104.44449615478516 198 106.04698944091797 58.616970062255859 7 106.04698944091797 58.616970062255859 68 197.61204528808594 102.78612518310547 9 234.66580200195312 99.891151428222656 418 197.61204528808594 102.78612518310547 70 234.54681396484375 140.12342834472656 -1 197.61204528808594 102.78612518310547 406 248.27810668945312 92.191619873046875 -1 104.74553680419922 96.120063781738281 -1 163.64122009277344 108.60923767089844 368 164.77142333984375 197.91127014160156 -1 83.816909790039062 18.976337432861328 12 104.74553680419922 96.120063781738281 -1 248.27810668945312 92.191619873046875 464 231.0390625 79.869026184082031 13 140.36265563964844 21.088216781616211 -1 184.59637451171875 99.13433837890625 16 202.08657836914062 118.39997863769531 292 205.43016052246094 129.51678466796875 404 109.84091949462891 9.6334238052368164 419 109.84091949462891 9.6334238052368164 -1 130.18922424316406 12.82597827911377 -1 221.62930297851562 71.856941223144531 20 95.092742919921875 83.144767761230469 -1 196.30914306640625 84.631210327148438 23 241.75128173828125 117.11219024658203 -1 128.6724853515625 119.64292144775391 -1 187.72599792480469 124.04644775390625 77 195.16241455078125 121.22419738769531 407 128.6724853515625 119.64292144775391 28 196.30914306640625 84.631210327148438 25 128.6724853515625 119.64292144775391 -1 138.753662109375 18.012575149536133 -1 136.60176086425781 60.093593597412109 -1 239.53202819824219 82.767601013183594 -1 207.82278442382812 87.67352294921875 34 171.37806701660156 133.39964294433594 325 168.58183288574219 141.78562927246094 459 162.61543273925781 132.20533752441406 427 207.82278442382812 87.67352294921875 39 213.861328125 88.178474426269531 287 224.32859802246094 95.262245178222656 222 213.861328125 88.178474426269531 286 96.367881774902344 29.789863586425781 33 216.05813598632812 82.008987426757812 346 55.100368499755859 110.05541229248047 -1 196.62797546386719 115.32215118408203 1319 208.79588317871094 118.27566528320312 408 208.79588317871094 118.27566528320312 462 120.48725128173828 10.081764221191406 409 80.325790405273438 82.927383422851562 -1 41.613800048828125 118.73058319091797 -1 121.99220275878906 118.79301452636719 139 239.2763671875 162.17227172851562 -1 135.20486450195312 70.946067810058594 -1 3.9185960292816162 146.36872863769531 -1 221.74446105957031 147.278564453125 -1 245.81236267089844 167.61294555664062 -1 86.367835998535156 2.8668406009674072 307 92.826919555664062 10.417472839355469 106 109.15963745117188 18.468557357788086 45 111.45074462890625 21.132184982299805 403 227.02226257324219 152.17141723632812 -1 95.660255432128906 75.103096008300781 -1 230.85261535644531 155.2132568359375 -1 243.07553100585938 87.414482116699219 -1 229.72639465332031 94.850395202636719 288 61.147026062011719 96.817367553710938 -1 178.33515930175781 98.257339477539062 48 206.37942504882812 115.71221160888672 462 172.41889953613281 116.16774749755859 -1 209.55868530273438 113.36298370361328 47 95.701744079589844 56.508068084716797 46 86.367835998535156 2.8668406009674072 308 95.660255432128906 75.103096008300781 -1 178.33515930175781 98.257339477539062 43 121.99220275878906 118.79301452636719 348 224.46858215332031 149.51631164550781 -1 210.71714782714844 138.09359741210938 423 92.568717956542969 23.028270721435547 55 93.860527038574219 27.300788879394531 275 197.12997436523438 118.62065887451172 276 181.63510131835938 120.19940185546875 157 38.097499847412109 121.12757873535156 -1 195.99934387207031 123.77916717529297 -1 208.96434020996094 128.02947998046875 -1 181.08609008789062 99.35357666015625 60 168.22335815429688 95.608917236328125 -1 221.07577514648438 94.59356689453125 231 213.97224426269531 92.393569946289062 111 253.49459838867188 90.090179443359375 410 218.59532165527344 85.983932495117188 319 92.540046691894531 48.227104187011719 -1 245.07591247558594 84.765884399414062 -1 212.97946166992188 80.050338745117188 346 194.28065490722656 79.57861328125 341 92.209571838378906 74.396209716796875 -1 216.43544006347656 70.797561645507812 105 253.49459838867188 90.090179443359375 -1 174.6585693359375 100.00278472900391 -1 174.6585693359375 100.00278472900391 -1 252.87554931640625 100.74983215332031 -1 135.50672912597656 60.071372985839844 394 217.10194396972656 143.22019958496094 -1 171.33944702148438 146.68325805664062 425 252.87554931640625 100.74983215332031 411 181.08609008789062 99.35357666015625 63 200.1683349609375 86.62274169921875 96 
6 0.93980364748397482 0.33748940960653129 -0.053348147703052885 0.0048967045964490204 2.8339296915549008 9.0373456898604445 1.4562775822352965 1 000005.png
124.56262969970703 85.278465270996094 -1 124.56262969970703 85.278465270996094 -1 161.02363586425781 59.868545532226562 -1 224.93853759765625 213.53387451171875 -1 224.93853759765625 213.53387451171875 -1 157.06025695800781 91.116348266601562 282 222.45877075195312 85.561439514160156 463 121.07166290283203 137.86178588867188 -1 153.68479919433594 40.190479278564453 -1 149.86091613769531 33.688564300537109 -1 106.11840057373047 30.882251739501953 461 147.59963989257812 28.766838073730469 -1 122.45671844482422 114.97547912597656 198 97.978752136230469 13.749491691589355 4 106.11840057373047 30.882251739501953 269 197.56681823730469 102.74162292480469 9 243.05111694335938 115.82882690429688 -1 239.45645141601562 152.66984558105469 -1 239.45645141601562 152.66984558105469 -1 197.56681823730469 102.74162292480469 70 125.78950500488281 22.014217376708984 409 230.79476928710938 101.73977661132812 418 194.58631896972656 126.91458129882812 407 190.39093017578125 138.31297302246094 293 199.56350708007812 145.13922119140625 15 170.26075744628906 212.45118713378906 -1 118.50776672363281 16.650602340698242 -1 230.79476928710938 101.73977661132812 -1 190.39093017578125 138.31297302246094 -1 118.50776672363281 16.650602340698242 -1 199.56350708007812 145.13922119140625 -1 229.72245788574219 114.50801086425781 -1 201.72431945800781 117.92231750488281 292 110.13906860351562 24.307071685791016 -1 146.02854919433594 24.461429595947266 -1 85.263572692871094 20.542375564575195 12 110.13906860351562 24.307071685791016 -1 231.58865356445312 79.390541076660156 13 184.61639404296875 99.078483581542969 16 101.76007080078125 70.165214538574219 -1 113.53868103027344 70.119529724121094 -1 132.57266235351562 129.74443054199219 -1 132.57266235351562 129.74443054199219 28 196.26702880859375 84.685577392578125 25 134.83425903320312 29.321550369262695 -1 247.8399658203125 130.296142578125 -1 221.6845703125 71.8819580078125 20 134.83425903320312 29.321550369262695 -1 143.69029235839844 50.429634094238281 -1 241.23350524902344 84.870475769042969 399 132.57266235351562 129.74443054199219 -1 82.127037048339844 104.58544921875 -1 196.26702880859375 84.685577392578125 23 120.77232360839844 27.700326919555664 -1 207.73065185546875 87.506454467773438 34 213.53923034667969 88.178512573242188 286 81.293083190917969 97.441703796386719 252 53.893955230712891 118.01637268066406 315 193.32154846191406 126.53974151611328 -1 141.9486083984375 82.687828063964844 261 168.56336975097656 141.77345275878906 459 81.293083190917969 97.441703796386719 -1 171.51515197753906 132.8826904296875 325 53.893955230712891 118.01637268066406 318 101.20142364501953 71.891143798828125 -1 206.00459289550781 115.45713806152344 -1 167.36116027832031 120.08775329589844 -1 196.60926818847656 115.35868835449219 1319 119.38826751708984 4.7190394401550293 -1 119.60858917236328 26.31889533996582 -1 96.494712829589844 29.763149261474609 33 137.97119140625 57.246158599853516 394 249.67144775390625 94.747451782226562 -1 224.39582824707031 96.348411560058594 222 110.83776092529297 98.847488403320312 -1 206.00459289550781 115.45713806152344 462 49.273590087890625 116.50572204589844 -1 167.36116027832031 120.08775329589844 -1 187.57510375976562 125.47531127929688 432 232.25291442871094 251.29293823242188 -1 119.38826751708984 4.7190394401550293 -1 202.89909362792969 130.16157531738281 404 92.570808410644531 10.796265602111816 106 109.05162811279297 18.562213897705078 45 159.19305419921875 123.67477416992188 -1 44.243854522705078 129.49139404296875 311 125.93524932861328 129.24447631835938 139 178.22392272949219 98.420989990234375 43 212.83219909667969 147.66305541992188 -1 232.99644470214844 155.48394775390625 -1 226.11195373535156 159.08900451660156 -1 231.7501220703125 164.09371948242188 -1 195.49519348144531 210.61647033691406 -1 109.81893920898438 74.972312927246094 256 143.28457641601562 19.517850875854492 73 111.92778015136719 20.662126541137695 403 86.574981689453125 3.6270449161529541 307 140.24542236328125 34.248699188232422 -1 123.89943695068359 10.102036476135254 -1 62.778305053710938 115.53568267822266 -1 86.574981689453125 3.6270449161529541 308 123.89943695068359 10.102036476135254 -1 111.92778015136719 20.662126541137695 -1 248.75747680664062 99.607658386230469 384 209.63136291503906 113.28787231445312 49 125.93524932861328 129.24447631835938 348 178.22392272949219 98.420989990234375 48 248.75747680664062 99.607658386230469 -1 209.63136291503906 113.28787231445312 47 181.08682250976562 99.342864990234375 60 228.33537292480469 96.063621520996094 288 221.528564453125 94.998626708984375 231 217.46662902832031 94.876792907714844 -1 194.22315979003906 79.60986328125 341 112.54781341552734 74.893402099609375 -1 216.35610961914062 70.508781433105469 105 95.817855834960938 56.7469482421875 46 138.15422058105469 68.651016235351562 -1 138.45100402832031 62.70947265625 -1 115.58325958251953 57.89935302734375 -1 103.41072845458984 21.990827560424805 54 92.561012268066406 22.948022842407227 55 181.08682250976562 99.342864990234375 63 207.02926635742188 142.6234130859375 -1 210.07740783691406 145.1541748046875 386 222.61170959472656 147.04887390136719 -1 197.11679077148438 118.82376098632812 276 216.05354309082031 150.22018432617188 -1 196.61851501464844 133.85789489746094 698 195.0950927734375 132.03321838378906 -1 212.697998046875 80.075477600097656 346 124.46433258056641 9.7214155197143555 -1 175.78450012207031 105.41748809814453 92 137.66873168945312 81.055145263671875 -1 
7 0.93681904801253135 0.34525395328681741 -0.0561052289829094 0.0046885287131367605 3.0068719702883335 9.5763746691829166 1.4614966373839902 1 000004.png
158.65837097167969 60.547153472900391 -1 81.936279296875 95.327590942382812 -1 226.16162109375 211.74858093261719 -1 81.936279296875 95.327590942382812 -1 226.16162109375 211.74858093261719 -1 120.17646789550781 133.50631713867188 -1 222.16777038574219 85.010536193847656 463 147.95953369140625 33.180328369140625 -1 98.060142517089844 13.723307609558105 4 105.88236999511719 31.008386611938477 461 120.79728698730469 111.20712280273438 198 105.88236999511719 31.008386611938477 269 237.60551452636719 148.5311279296875 -1 7.6818537712097168 64.118934631347656 -1 197.60008239746094 102.75803375244141 9 205.72445678710938 231.00648498535156 -1 197.60008239746094 102.75803375244141 406 197.60008239746094 102.75803375244141 70 143.08549499511719 23.235586166381836 -1 172.30743408203125 107.36681365966797 92 197.4215087890625 141.35009765625 15 12.289705276489258 156.6993408203125 -1 167.75650024414062 208.24052429199219 -1 242.68594360351562 87.884552001953125 399 197.4215087890625 141.35009765625 -1 107.41980743408203 101.32781219482422 -1 227.56709289550781 110.76304626464844 -1 165.10081481933594 113.41834259033203 368 201.71047973632812 118.01766204833984 292 34.107654571533203 137.62101745605469 -1 85.154731750488281 20.453977584838867 12 231.51934814453125 79.524635314941406 13 124.17704010009766 18.653781890869141 -1 184.62451171875 99.109123229980469 16 114.13138580322266 9.7206602096557617 419 130.92584228515625 126.55467987060547 -1 130.92584228515625 126.55467987060547 28 196.29232788085938 84.62225341796875 25 130.92584228515625 126.55467987060547 -1 214.59588623046875 88.405677795410156 286 196.29232788085938 84.62225341796875 23 245.12007141113281 125.71708679199219 -1 221.67874145507812 71.940284729003906 20 114.13138580322266 9.7206602096557617 -1 207.79359436035156 87.561676025390625 34 178.449462890625 109.9110107421875 220 168.6263427734375 141.74555969238281 459 187.55300903320312 124.68442535400391 432 174.34063720703125 125.69566345214844 -1 92.797706604003906 35.880664825439453 -1 187.55300903320312 124.68442535400391 77 171.46121215820312 133.56207275390625 325 239.37774658203125 83.273818969726562 399 120.40027618408203 24.177862167358398 -1 92.797706604003906 35.880664825439453 -1 139.51168823242188 78.830841064453125 261 80.058197021484375 94.252281188964844 252 80.058197021484375 94.252281188964844 -1 216.21832275390625 82.155792236328125 346 196.677490234375 115.34169769287109 1319 216.21832275390625 82.155792236328125 21 124.34000396728516 125.2999267578125 348 55.496028900146484 107.73633575439453 -1 111.62543487548828 21.177051544189453 403 135.93527221679688 57.232780456542969 394 132.47593688964844 17.075481414794922 -1 96.2945556640625 29.788034439086914 33 252.32414245605469 93.894325256347656 422 229.45932006835938 96.04681396484375 288 67.664817810058594 98.963592529296875 -1 206.06729125976562 115.54949951171875 462 204.02334594726562 120.37191009521484 292 124.34000396728516 125.2999267578125 139 200.25627136230469 212.58047485351562 -1 111.62543487548828 21.177051544189453 -1 132.47593688964844 17.075481414794922 -1 252.32414245605469 93.894325256347656 421 108.50893402099609 14.329675674438477 -1 75.901573181152344 93.153892517089844 -1 246.48301696777344 95.465988159179688 -1 178.25885009765625 98.43939208984375 48 209.57438659667969 113.29128265380859 47 41.776016235351562 127.14067077636719 -1 194.45303344726562 129.93284606933594 -1 215.5909423828125 138.46957397460938 -1 237.82795715332031 157.67684936523438 -1 236.25152587890625 165.669921875 -1 92.538833618164062 10.950961112976074 106 109.16577911376953 18.494230270385742 45 212.60945129394531 80.158393859863281 346 86.516708374023438 3.1625244617462158 307 246.48301696777344 95.465988159179688 411 208.85795593261719 118.288330078125 408 189.25099182128906 101.20793151855469 397 86.516708374023438 3.1625244617462158 308 94.644386291503906 45.894775390625 -1 178.25885009765625 98.43939208984375 43 209.57438659667969 113.29128265380859 49 95.697563171386719 56.622051239013672 46 181.08956909179688 99.358306884765625 60 204.20948791503906 129.09884643554688 404 226.89456176757812 98.49932861328125 288 112.59786224365234 96.264068603515625 -1 221.42166137695312 94.852638244628906 231 218.68423461914062 86.446258544921875 319 108.35426330566406 72.721298217773438 256 136.06246948242188 67.628250122070312 -1 92.773674011230469 17.933395385742188 -1 93.775177001953125 27.352441787719727 275 92.5927734375 22.896703720092773 55 105.86641693115234 15.11524486541748 -1 181.08956909179688 99.358306884765625 63 201.98368835449219 136.04527282714844 -1 212.03993225097656 135.83798217773438 378 103.43354797363281 21.96527099609375 54 217.876220703125 149.36842346191406 -1 225.06375122070312 244.72308349609375 -1 173.41030883789062 104.17025756835938 -1 105.86641693115234 15.11524486541748 -1 209.04142761230469 133.45356750488281 423 197.10836791992188 118.84867095947266 276 210.55113220214844 110.16825866699219 358 164.74462890625 97.025428771972656 -1 161.25778198242188 93.889411926269531 -1 188.73918151855469 200.52682495117188 -1 
8 0.95366551916316511 0.29731238770123292 -0.045978444568093677 0.0036611902083005343 2.3351684084448423 6.3132413546002084 0.42341490101133666 1 000010.png
120.47971343994141 96.50445556640625 234 120.47971343994141 96.50445556640625 248 170.25691223144531 59.434585571289062 281 216.58680725097656 224.86796569824219 -1 162.42451477050781 47.121253967285156 349 124.15929412841797 21.253576278686523 249 158.78485107421875 107.84728240966797 282 128.36831665039062 46.3778076171875 -1 222.01420593261719 84.318496704101562 463 98.328628540039062 13.718206405639648 4 105.78736114501953 32.492198944091797 269 244.02316284179688 111.23832702636719 -1 126.07207489013672 134.07168579101562 198 105.78736114501953 32.492198944091797 461 105.78736114501953 32.492198944091797 461 244.02316284179688 111.23832702636719 -1 126.07207489013672 134.07168579101562 -1 197.67219543457031 102.52515411376953 9 126.87245941162109 139.64645385742188 198 235.86543273925781 92.284400939941406 254 228.88679504394531 118.61563873291016 -1 195.80351257324219 161.52963256835938 293 206.3857421875 171.01780700683594 15 184.58316040039062 99.035308837890625 16 168.15316772460938 120.87549591064453 251 144.97395324707031 51.062095642089844 -1 175.46701049804688 249.07183837890625 -1 85.543136596679688 20.921998977661133 12 144.97395324707031 51.062095642089844 -1 231.6697998046875 80.107696533203125 13 251.86082458496094 94.515914916992188 284 116.88491058349609 42.805564880371094 -1 136.40892028808594 42.821990966796875 -1 187.6361083984375 124.57577514648438 77 196.24359130859375 84.498458862304688 25 202.62788391113281 118.99484252929688 292 129.19424438476562 148.94842529296875 184 129.19424438476562 148.94842529296875 348 202.62788391113281 118.99484252929688 697 196.24359130859375 84.498458862304688 23 221.57414245605469 71.817268371582031 20 129.61471557617188 150.65545654296875 139 135.72477722167969 152.18125915527344 28 184.645751953125 136.66064453125 -1 171.71873474121094 133.11799621582031 325 224.42982482910156 95.558692932128906 222 205.80844116210938 94.292564392089844 147 129.61471557617188 150.65545654296875 348 150.56678771972656 69.150444030761719 71 184.645751953125 136.66064453125 -1 168.98995971679688 141.57942199707031 459 213.59445190429688 88.045700073242188 286 213.59445190429688 88.045700073242188 287 190.97943115234375 242.50724792480469 -1 120.62351226806641 52.796287536621094 -1 208.520751953125 87.167839050292969 39 190.97943115234375 242.50724792480469 -1 208.520751953125 87.167839050292969 34 120.62351226806641 52.796287536621094 -1 216.23381042480469 81.930007934570312 346 246.81809997558594 89.17974853515625 384 199.43928527832031 111.33108520507812 161 196.64781188964844 115.46820831298828 1319 205.92982482910156 115.52021789550781 462 204.01066589355469 120.41399383544922 292 146.59495544433594 99.438491821289062 261 95.246231079101562 12.526209831237793 106 172.66189575195312 115.65985870361328 -1 235.235107421875 187.79998779296875 237 245.15013122558594 197.45570373535156 -1 172.66189575195312 115.65985870361328 -1 76.098976135253906 121.13689422607422 -1 95.7012939453125 56.42132568359375 46 212.60444641113281 79.906539916992188 346 244.851806640625 84.471664428710938 399 228.05210876464844 91.5858154296875 107 178.31156921386719 98.326393127441406 48 100.27393341064453 100.89897155761719 240 109.25038146972656 18.424505233764648 45 148.80252075195312 51.202777862548828 -1 76.098976135253906 121.13689422607422 -1 148.80252075195312 51.202777862548828 -1 178.31156921386719 98.326393127441406 43 217.55641174316406 171.38130187988281 386 226.55912780761719 179.78602600097656 -1 169.33929443359375 117.49211883544922 330 174.65049743652344 109.09523773193359 -1 181.75846862792969 120.20171356201172 157 199.65544128417969 145.98866271972656 303 230.26524353027344 93.29693603515625 288 203.00389099121094 157.8079833984375 698 218.07963562011719 163.38314819335938 378 174.65049743652344 109.09523773193359 -1 92.898406982421875 18.069921493530273 -1 181.09919738769531 99.390701293945312 60 252.70945739746094 89.188453674316406 410 200.01963806152344 86.784156799316406 96 250.61561584472656 194.07464599609375 305 196.9765625 248.12886047363281 306 86.827339172363281 5.6237545013427734 307 92.581771850585938 22.971168518066406 55 103.64682006835938 21.876890182495117 290 86.827339172363281 5.6237545013427734 308 108.48352813720703 14.37558650970459 44 181.09919738769531 99.390701293945312 63 140.55987548828125 41.019954681396484 356 209.73956298828125 113.40497589111328 47 209.73956298828125 113.40497589111328 49 209.97306823730469 163.95947265625 -1 228.94761657714844 173.36827087402344 -1 37.885307312011719 155.00430297851562 -1 182.59861755371094 182.78689575195312 163 213.60842895507812 92.011039733886719 111 182.59861755371094 182.78689575195312 164 
9 0.9486033770586535 0.31312718139901785 -0.045701538846521852 0.0037908638968497214 2.3083299134572237 7.3900540615132613 0.71094410682482734 1 000008.png
118.96530914306641 95.424606323242188 248 118.96530914306641 95.424606323242188 234 169.17205810546875 58.633777618408203 281 219.805908203125 219.50541687011719 -1 221.80467224121094 84.74517822265625 463 159.75419616699219 103.00408935546875 282 216.412109375 232.27822875976562 -1 121.41194152832031 16.327419281005859 249 121.41194152832031 16.327419281005859 170 98.133071899414062 13.780101776123047 4 105.6922607421875 31.885505676269531 269 244.16011047363281 101.23410034179688 -1 126.99249267578125 126.98648834228516 198 197.771484375 102.58536529541016 9 84.064353942871094 19.599119186401367 12 226.5792236328125 106.0137939453125 -1 205.4400634765625 161.00492858886719 15 194.64230346679688 151.0892333984375 293 174.57550048828125 235.65664672851562 -1 232.05389404296875 79.944366455078125 13 145.20358276367188 41.988124847412109 -1 161.98443603515625 119.31597900390625 -1 178.27909851074219 115.55026245117188 220 184.60687255859375 99.107139587402344 16 175.97401428222656 248.14006042480469 -1 174.57550048828125 235.65664672851562 -1 161.98443603515625 119.31597900390625 -1 145.20358276367188 41.988124847412109 -1 236.76470947265625 109.49067687988281 420 170.64260864257812 115.805419921875 251 174.722900390625 125.94556427001953 362 221.65534973144531 71.987838745117188 20 202.46249389648438 118.86733245849609 292 196.25820922851562 84.58258056640625 23 152.7017822265625 46.447906494140625 -1 196.25820922851562 84.58258056640625 25 238.28285217285156 94.326423645019531 -1 236.76470947265625 109.49067687988281 -1 136.88192749023438 143.273681640625 28 107.83071136474609 73.266815185546875 133 168.77207946777344 141.69775390625 459 171.56709289550781 132.9298095703125 325 107.83071136474609 73.266815185546875 337 249.04400634765625 88.754646301269531 284 207.94989013671875 87.417388916015625 34 235.14991760253906 86.220367431640625 -1 127.15547943115234 48.55291748046875 -1 136.88192749023438 143.273681640625 -1 136.88192749023438 143.273681640625 -1 178.28439331054688 98.248870849609375 48 96.174919128417969 29.824426651000977 33 144.21788024902344 49.915771484375 -1 222.21665954589844 102.6832275390625 -1 196.541015625 115.41141510009766 1319 205.97276306152344 115.4703369140625 462 187.18548583984375 130.99024963378906 -1 130.41946411132812 142.52030944824219 139 180.778564453125 150.08296203613281 -1 190.57151794433594 226.20327758789062 -1 196.32696533203125 226.31005859375 -1 170.35493469238281 246.92938232421875 -1 178.28439331054688 98.248870849609375 43 190.57151794433594 226.20327758789062 -1 224.13092041015625 96.464767456054688 222 115.02475738525391 83.655838012695312 256 146.97177124023438 93.454643249511719 261 199.58366394042969 230.88668823242188 -1 86.319343566894531 107.52604675292969 252 209.61997985839844 113.23889923095703 47 88.901412963867188 35.615833282470703 314 122.51619720458984 39.877288818359375 -1 212.17996215820312 79.788040161132812 346 176.908203125 146.76998901367188 38 86.597793579101562 3.0976893901824951 307 109.21562194824219 18.442249298095703 45 30.491603851318359 152.39982604980469 -1 86.597793579101562 3.0976893901824951 308 86.319343566894531 107.52604675292969 -1 209.61997985839844 113.23889923095703 49 176.908203125 146.76998901367188 -1 176.908203125 146.76998901367188 -1 176.908203125 146.76998901367188 -1 30.491603851318359 152.39982604980469 -1 131.60630798339844 50.89111328125 -1 146.37315368652344 71.390571594238281 -1 194.28370666503906 79.560234069824219 341 105.08119201660156 88.35845947265625 -1 251.9874267578125 194.11933898925781 -1 195.65995788574219 230.00578308105469 -1 204.02523803710938 240.22084045410156 -1 205.79983520507812 242.49748229980469 -1 148.19857788085938 53.265171051025391 -1 38.440593719482422 142.43515014648438 -1 45.204006195068359 143.90168762207031 311 201.36872863769531 148.09564208984375 698 96.943389892578125 44.087875366210938 -1 37.519721984863281 150.02096557617188 343 25.558162689208984 152.87197875976562 -1 33.852767944335938 152.95584106445312 -1 18.50701904296875 158.40007019042969 -1 214.29885864257812 159.51077270507812 386 218.01918029785156 163.06668090820312 386 5.8727521896362305 176.14987182617188 -1 232.92744445800781 176.56568908691406 -1 42.389976501464844 139.42362976074219 -1 51.429039001464844 138.72882080078125 174 54.188480377197266 129.86747741699219 -1 187.48513793945312 127.24630737304688 -1 197.07389831542969 119.16342926025391 276 179.30349731445312 140.9317626953125 -1 175.67141723632812 105.64833068847656 92 181.0938720703125 99.343162536621094 60 102.17559814453125 90.877922058105469 240 117.21623992919922 30.656982421875 -1 181.0938720703125 99.343162536621094 63 108.50750732421875 14.397253036499023 44 3.2553482055664062 178.08326721191406 -1 103.49678039550781 21.971307754516602 54 92.584037780761719 22.844234466552734 55 93.689979553222656 27.384946823120117 275 117.21623992919922 30.656982421875 -1 151.43913269042969 44.724796295166016 -1 148.62692260742188 50.509693145751953 -1 236.38139343261719 179.73689270019531 -1 48.376087188720703 140.9766845703125 -1 10.923404693603516 171.4989013671875 -1 248.71504211425781 97.253654479980469 -1 
10 0.95472402682864554 0.29375493946820458 -0.046753838945591993 0.004913926940523416 2.3889365897947377 6.0730156409600964 0.26568095454415519 1 000011.png
121.24857330322266 96.808860778808594 234 121.24857330322266 96.808860778808594 248 215.9805908203125 227.20065307617188 -1 170.2161865234375 59.600620269775391 281 124.87574768066406 22.278167724609375 249 158.37800598144531 109.16313171386719 282 128.33505249023438 48.642154693603516 -1 222.49032592773438 84.173072814941406 463 98.344284057617188 13.738231658935547 4 105.77523040771484 32.654205322265625 269 126.04495239257812 138.82530212402344 198 105.77523040771484 32.654205322265625 461 105.77523040771484 32.654205322265625 461 126.04495239257812 138.82530212402344 -1 236.65025329589844 93.66644287109375 254 197.57386779785156 102.61862945556641 9 195.94561767578125 163.505859375 293 206.57505798339844 172.91731262207031 15 143.97691345214844 52.851947784423828 -1 184.56068420410156 99.046417236328125 16 167.8079833984375 122.12310028076172 251 73.181800842285156 134.08622741699219 241 143.97691345214844 52.851947784423828 -1 119.85517120361328 149.21212768554688 -1 85.580604553222656 21.115585327148438 12 127.25225067138672 37.924591064453125 -1 116.98967742919922 44.343662261962891 -1 221.66976928710938 71.872848510742188 20 196.25474548339844 84.495285034179688 25 198.75755310058594 247.93093872070312 -1 202.60638427734375 119.00115203857422 292 187.72517395019531 124.47932434082031 77 174.44308471679688 125.87631225585938 362 126.6351318359375 62.277126312255859 -1 135.78512573242188 154.38331604003906 28 202.60638427734375 119.00115203857422 697 196.25474548339844 84.495285034179688 23 126.6351318359375 62.277126312255859 -1 120.82493591308594 56.202915191650391 -1 178.64913940429688 110.39305877685547 220 129.27891540527344 152.58491516113281 139 129.27891540527344 152.58491516113281 348 224.51628112792969 95.438117980957031 222 120.82493591308594 56.202915191650391 -1 116.26282501220703 28.235153198242188 201 168.86341857910156 141.57249450683594 459 252.14778137207031 97.433525085449219 -1 230.38749694824219 86.300048828125 -1 196.59947204589844 115.47108459472656 1319 183.37559509277344 137.05281066894531 -1 129.63728332519531 154.10858154296875 139 134.21270751953125 155.40443420410156 -1 177.56483459472656 158.00489807128906 38 119.57592010498047 54.549819946289062 -1 183.37559509277344 137.05281066894531 475 183.37559509277344 137.05281066894531 -1 129.63728332519531 154.10858154296875 -1 177.56483459472656 158.00489807128906 -1 205.85835266113281 115.48013305664062 462 146.70089721679688 101.19965362548828 261 87.179115295410156 2.8384435176849365 307 96.217422485351562 29.880231857299805 33 88.569114685058594 36.277271270751953 314 119.57592010498047 54.549819946289062 -1 150.251953125 56.890064239501953 -1 216.30397033691406 81.706565856933594 346 187.86300659179688 246.51683044433594 -1 235.41273498535156 190.23678588867188 237 241.05477905273438 195.6693115234375 -1 53.507968902587891 140.39254760742188 315 95.795654296875 56.782363891601562 46 212.34661865234375 64.137283325195312 31 190.23649597167969 123.74184417724609 -1 117.99211120605469 143.61784362792969 -1 227.53605651855469 98.206527709960938 -1 172.66255187988281 115.67147827148438 357 95.36798095703125 106.31992340087891 488 251.55500793457031 205.96025085449219 -1 190.23649597167969 123.74184417724609 432 148.2633056640625 53.1103515625 -1 178.25375366210938 98.433364868164062 43 83.938491821289062 115.94376373291016 470 109.22476959228516 18.428981781005859 45 148.2633056640625 53.1103515625 -1 229.74290466308594 94.874771118164062 288 178.25375366210938 98.433364868164062 48 53.507968902587891 140.39254760742188 318 220.614013671875 176.3294677734375 -1 168.52638244628906 117.95546722412109 -1 83.938491821289062 115.94376373291016 594 92.548171997070312 23.041419982910156 55 95.089118957519531 50.549537658691406 -1 145.91470336914062 50.534168243408203 -1 181.11740112304688 99.374114990234375 60 175.73390197753906 105.4610595703125 92 218.68086242675781 86.184188842773438 319 3.5516006946563721 184.54606628417969 320 182.93998718261719 185.36030578613281 164 27.532279968261719 219.0093994140625 -1 10.887995719909668 178.59959411621094 321 168.33033752441406 165.10629272460938 94 168.74671936035156 118.66971588134766 330 202.92066955566406 159.56826782226562 698 41.212055206298828 153.69404602050781 311 187.79995727539062 126.91191864013672 52 182.93998718261719 185.36030578613281 163 187.79995727539062 126.91191864013672 58 181.60015869140625 120.39729309082031 157 197.11827087402344 118.89665985107422 276 108.49254608154297 14.47417163848877 44 32.171581268310547 161.099365234375 -1 166.8028564453125 145.67294311523438 -1 174.62800598144531 109.14291381835938 294 252.29417419433594 88.857177734375 410 181.11740112304688 99.374114990234375 63 222.00634765625 169.16000366210938 -1 
11 0.94751219607062642 0.31603365891503726 -0.048298176025864344 0.0032635751511959233 2.4888691182751805 7.5818931969570675 0.80897483572462647 1 000007.png
119.39905548095703 95.105216979980469 248 119.39905548095703 95.105216979980469 234 167.86477661132812 58.163799285888672 281 220.59996032714844 219.5533447265625 -1 161.7230224609375 46.333843231201172 349 159.32687377929688 100.85404205322266 282 124.38365173339844 149.91006469726562 -1 222.04042053222656 84.926399230957031 463 216.21383666992188 231.14224243164062 -1 120.86857604980469 14.787223815917969 249 128.66215515136719 36.459743499755859 -1 120.86857604980469 14.787223815917969 170 98.121124267578125 13.768881797790527 4 105.47563934326172 31.917316436767578 269 243.760009765625 98.104606628417969 -1 126.53727722167969 125.58788299560547 198 197.88827514648438 102.53836059570312 9 84.017814636230469 19.415500640869141 12 225.25334167480469 105.11032104492188 -1 193.38687133789062 149.48715209960938 293 225.25334167480469 105.11032104492188 -1 178.41226196289062 115.14170837402344 220 205.47050476074219 244.246337890625 -1 231.73040771484375 79.846992492675781 13 174.8447265625 244.77197265625 -1 173.41914367675781 231.66934204101562 -1 198.43902587890625 224.38772583007812 -1 189.99636840820312 109.3033447265625 -1 184.60125732421875 99.105606079101562 16 173.41914367675781 231.66934204101562 -1 189.99636840820312 109.3033447265625 -1 174.74143981933594 125.92861175537109 362 235.2191162109375 106.96413421630859 -1 117.75347137451172 32.246170043945312 -1 196.246826171875 84.624435424804688 23 102.34971618652344 100.77016448974609 -1 196.246826171875 84.624435424804688 25 102.34971618652344 100.77016448974609 -1 171.01956176757812 115.11236572265625 251 202.48532104492188 118.83168029785156 292 142.06852722167969 47.777244567871094 -1 168.59738159179688 141.72660827636719 459 221.63070678710938 71.863563537597656 20 135.82980346679688 141.36888122558594 28 121.62474060058594 23.767971038818359 -1 135.82980346679688 141.36888122558594 -1 171.5555419921875 133.08590698242188 325 188.55618286132812 131.06861877441406 -1 135.82980346679688 141.36888122558594 -1 113.67954254150391 82.952011108398438 -1 249.79112243652344 109.11402893066406 -1 249.79112243652344 109.11402893066406 -1 146.17271423339844 91.999488830566406 261 196.52809143066406 115.42018890380859 1319 206.10984802246094 115.59584045410156 462 62.289905548095703 129.50666809082031 -1 169.29501342773438 242.92134094238281 -1 219.79100036621094 251.91421508789062 -1 119.61190795898438 39.531917572021484 -1 108.92633056640625 71.982872009277344 133 169.29501342773438 242.92134094238281 -1 96.435958862304688 29.70013427734375 33 119.61190795898438 39.531917572021484 -1 143.15646362304688 46.589340209960938 -1 108.92633056640625 71.982872009277344 337 176.15827941894531 144.7662353515625 -1 176.15827941894531 144.7662353515625 -1 238.09054565429688 170.95552062988281 -1 110.02361297607422 81.612617492675781 -1 86.55999755859375 3.1045842170715332 307 109.17796325683594 18.439750671386719 45 113.00614929199219 61.702621459960938 -1 120.02527618408203 35.899246215820312 -1 144.53977966308594 72.987663269042969 -1 212.25021362304688 79.953208923339844 346 65.95806884765625 125.44908142089844 -1 114.32261657714844 82.238662719726562 256 178.28044128417969 98.408828735351562 48 227.5831298828125 98.468147277832031 -1 170.99702453613281 110.91867828369141 330 209.57229614257812 113.19540405273438 47 118.93285369873047 122.03810882568359 -1 203.92575073242188 125.02764892578125 118 194.9913330078125 222.47474670410156 -1 176.15827941894531 144.7662353515625 38 235.42439270019531 177.62147521972656 -1 110.02361297607422 81.612617492675781 -1 86.55999755859375 3.1045842170715332 308 178.28044128417969 98.408828735351562 43 209.57229614257812 113.19540405273438 49 108.45610809326172 14.371631622314453 44 103.45811462402344 21.988582611083984 54 171.21115112304688 111.58899688720703 -1 130.19047546386719 22.611663818359375 -1 92.547210693359375 22.943855285644531 55 45.922904968261719 134.19064331054688 381 143.35653686523438 35.496974945068359 -1 95.818321228027344 56.880599975585938 46 212.36943054199219 64.02984619140625 31 146.63619995117188 76.5445556640625 356 194.21337890625 79.612838745117188 341 110.74049377441406 81.830848693847656 -1 101.39553833007812 89.311676025390625 240 231.06332397460938 92.461212158203125 288 181.09486389160156 99.339385986328125 60 175.63615417480469 105.79198455810547 92 84.934585571289062 109.60793304443359 252 174.58497619628906 109.25077056884766 357 210.00431823730469 109.61040496826172 358 251.98196411132812 183.97776794433594 -1 193.1741943359375 224.75758361816406 -1 53.67572021484375 134.74244689941406 174 204.46208190917969 238.47970581054688 -1 209.77362060546875 241.16285705566406 -1 207.549072265625 242.31361389160156 -1 212.57594299316406 244.32514953613281 -1 169.05870056152344 249.23652648925781 -1 211.94796752929688 155.88575744628906 -1 36.752803802490234 148.49771118164062 343 25.686525344848633 157.04011535644531 -1 215.14096069335938 159.07536315917969 386 225.05712890625 159.44354248046875 -1 22.080085754394531 160.09230041503906 -1 218.74580383300781 162.08969116210938 -1 194.78096008300781 140.33030700683594 303 207.92123413085938 144.11753845214844 -1 56.638023376464844 132.1898193359375 -1 200.0767822265625 145.46737670898438 698 191.87899780273438 129.75053405761719 -1 197.03068542480469 118.98600769042969 276 68.376632690429688 116.38177490234375 -1 181.09486389160156 99.339385986328125 63 171.21115112304688 111.58899688720703 -1 169.05870056152344 249.23652648925781 -1 144.90960693359375 69.215965270996094 -1 167.53605651855469 252.40480041503906 -1 167.53605651855469 252.40480041503906 -1 220.36529541015625 163.67985534667969 -1 217.72537231445312 152.95733642578125 378 230.60287475585938 172.88787841796875 -1 114.76417541503906 22.243976593017578 201 159.25831604003906 27.027523040771484 361 65.899528503417969 118.60935974121094 -1 211.0804443359375 147.18475341796875 -1 200.23448181152344 233.29811096191406 -1 33.624610900878906 150.56584167480469 -1 44.430259704589844 142.00456237792969 311 
12 0.94354333353807496 0.32777017567589084 -0.047703071553225243 0.0041360171228426515 2.4488737361130832 8.3835880866283343 1.0548385625011001 1 000006.png
118.62320709228516 90.669715881347656 248 118.62320709228516 90.669715881347656 234 222.6326904296875 216.88398742675781 -1 123.00912475585938 145.15190124511719 -1 158.07820129394531 96.481285095214844 282 157.32395935058594 41.894851684570312 -1 126.06315612792969 72.312713623046875 -1 222.35954284667969 85.414695739746094 463 126.06315612792969 72.312713623046875 -1 98.017799377441406 13.728294372558594 4 125.79583740234375 28.155158996582031 455 105.70063018798828 31.451889038085938 269 207.280517578125 69.591598510742188 414 124.95546722412109 120.73366546630859 198 105.70063018798828 31.451889038085938 461 121.61882781982422 24.917409896850586 -1 243.97001647949219 90.767929077148438 464 134.85777282714844 31.379941940307617 -1 197.72259521484375 102.65966796875 9 241.32379150390625 160.06005859375 -1 131.67037963867188 44.562736511230469 -1 111.05647277832031 110.56322479248047 -1 191.34095764160156 143.33244323730469 293 202.26950073242188 152.375244140625 15 173.98190307617188 220.47532653808594 -1 84.108184814453125 19.524219512939453 12 131.67037963867188 44.562736511230469 -1 131.67037963867188 44.562736511230469 -1 109.29842376708984 25.247934341430664 -1 14.531444549560547 166.16151428222656 -1 109.29842376708984 25.247934341430664 -1 14.531444549560547 166.16151428222656 365 140.74835205078125 30.777585983276367 -1 231.51583862304688 79.558784484863281 13 184.62062072753906 99.105262756347656 16 178.57205200195312 114.50927734375 220 232.51188659667969 122.36238861083984 -1 203.22712707519531 235.11869812011719 -1 122.39386749267578 36.764724731445312 -1 250.19093322753906 138.156494140625 -1 221.7060546875 72.220565795898438 20 105.33172607421875 77.531234741210938 -1 196.27951049804688 84.611236572265625 23 223.34320068359375 102.8653564453125 -1 248.10946655273438 102.37284851074219 -1 171.41671752929688 112.28404998779297 251 122.39386749267578 36.764724731445312 -1 165.15821838378906 115.71556854248047 368 202.35212707519531 118.68025970458984 292 196.27951049804688 84.611236572265625 25 161.90443420410156 130.62266540527344 427 134.58792114257812 136.0152587890625 28 167.6524658203125 234.754150390625 -1 167.6524658203125 234.754150390625 -1 168.69114685058594 141.7587890625 459 171.54043579101562 133.0989990234375 325 199.462646484375 110.85456848144531 161 213.41297912597656 88.500679016113281 286 207.75245666503906 87.521415710449219 34 134.58792114257812 136.0152587890625 -1 134.58792114257812 136.0152587890625 -1 140.25907897949219 38.278766632080078 -1 111.19478607177734 22.337860107421875 403 196.51698303222656 115.37345123291016 1319 206.1251220703125 115.59699249267578 462 61.013923645019531 124.77808380126953 -1 194.73728942871094 126.6031494140625 -1 191.01382446289062 128.97410583496094 -1 235.99012756347656 163.09623718261719 -1 120.01663208007812 34.193977355957031 -1 224.31330871582031 96.661346435546875 222 84.335029602050781 101.85780334472656 -1 120.01663208007812 34.193977355957031 -1 96.417709350585938 29.780982971191406 33 215.66815185546875 82.523544311523438 346 144.2222900390625 87.477500915527344 261 249.87094116210938 88.787612915039062 464 224.31330871582031 96.661346435546875 -1 84.335029602050781 101.85780334472656 252 48.027416229248047 134.00640869140625 -1 108.48154449462891 14.275196075439453 44 109.20465087890625 18.440896987915039 45 95.68914794921875 56.4451904296875 46 70.693885803222656 108.57817077636719 -1 142.47584533691406 61.969795227050781 -1 143.43325805664062 52.639999389648438 -1 241.55174255371094 83.107780456542969 399 86.569908142089844 3.0677585601806641 307 175.62516784667969 105.71022033691406 92 171.86122131347656 107.89898681640625 330 89.854293823242188 93.287368774414062 -1 209.58055114746094 113.20532989501953 47 178.24612426757812 98.41607666015625 48 52.138828277587891 122.74246978759766 -1 190.01904296875 123.10739135742188 77 86.569908142089844 3.0677585601806641 308 30.58955192565918 147.75898742675781 -1 27.441919326782227 150.36909484863281 -1 225.82801818847656 154.63775634765625 -1 20.495933532714844 156.14346313476562 -1 229.18153381347656 167.1363525390625 -1 245.9630126953125 182.15763854980469 305 193.84848022460938 215.193359375 -1 166.51470947265625 243.90998840332031 -1 173.75846862792969 247.80754089355469 -1 178.24612426757812 98.41607666015625 43 80.870895385742188 104.45901489257812 280 190.01904296875 123.10739135742188 432 166.51470947265625 243.90998840332031 -1 81.593132019042969 100.10797882080078 -1 253.12371826171875 102.49927520751953 -1 80.870895385742188 104.45901489257812 279 92.33648681640625 10.919144630432129 106 103.49012756347656 21.961513519287109 54 92.572906494140625 22.909046173095703 55 109.37060546875 71.064117431640625 337 199.22439575195312 140.66709899902344 -1 168.627685546875 119.11787414550781 -1 194.2196044921875 79.57763671875 341 187.41777038574219 127.017822265625 432 169.72103881835938 144.56732177734375 -1 177.85247802734375 125.35301208496094 362 216.04393005371094 146.81333923339844 378 163.47586059570312 249.03472900390625 -1 227.3792724609375 93.508773803710938 -1 209.80548095703125 109.44956970214844 358 246.8172607421875 89.898841857910156 -1 99.697257995605469 85.46893310546875 240 245.04086303710938 85.034843444824219 430 109.37060546875 71.064117431640625 133 181.08514404296875 99.338188171386719 63 187.41777038574219 127.017822265625 -1 169.72103881835938 144.56732177734375 -1 132.06295776367188 9.3355436325073242 -1 174.82374572753906 108.80507659912109 357 162.85968017578125 100.28678131103516 -1 168.627685546875 119.11787414550781 -1 181.08514404296875 99.338188171386719 60 228.59979248046875 96.187934875488281 288 220.8114013671875 94.885910034179688 231 144.54019165039062 40.740802764892578 -1 151.97773742675781 90.452568054199219 -1 146.72569274902344 42.802803039550781 -1 171.37472534179688 146.66169738769531 425 
13 0.95738205451321678 0.28519014076459936 -0.045396246716341307 0.0050364760288462759 2.296390665357543 5.4864261819098425 0.096281158279204138 1 000012.png
122.13370513916016 97.203079223632812 234 122.13370513916016 97.203079223632812 248 170.49165344238281 59.940544128417969 281 125.28409576416016 24.668834686279297 249 158.38539123535156 112.04779815673828 282 158.38539123535156 112.04779815673828 29 127.99765777587891 52.075088500976562 -1 222.90145874023438 83.991813659667969 463 239.46485900878906 95.808372497558594 -1 105.69103240966797 32.895965576171875 269 105.69103240966797 32.895965576171875 461 98.362907409667969 13.754460334777832 4 105.69103240966797 32.895965576171875 461 106.85121917724609 58.637161254882812 433 154.57389831542969 68.554473876953125 -1 197.380859375 102.65704345703125 9 126.32680511474609 145.45928955078125 -1 126.32680511474609 145.45928955078125 198 244.06706237792969 110.92507934570312 -1 197.46092224121094 168.06422424316406 293 208.88931274414062 178.80665588378906 15 85.575843811035156 21.262331008911133 12 248.93673706054688 93.278823852539062 284 184.54750061035156 99.055580139160156 16 74.300315856933594 136.20497131347656 241 167.17828369140625 124.35343170166016 251 187.67620849609375 124.28538513183594 77 135.60565185546875 158.929931640625 28 196.24763488769531 84.472068786621094 23 221.53334045410156 71.840400695800781 20 116.96051788330078 47.089134216308594 -1 196.24763488769531 84.472068786621094 25 216.677490234375 81.621177673339844 346 216.677490234375 81.621177673339844 21 114.86308288574219 140.40672302246094 -1 114.86308288574219 140.40672302246094 -1 213.85594177246094 87.974288940429688 286 208.39013671875 87.234909057617188 34 213.85594177246094 87.974288940429688 287 208.39013671875 87.234909057617188 39 129.45356750488281 158.48797607421875 348 178.17633056640625 162.4805908203125 -1 96.433830261230469 29.792842864990234 33 150.54562377929688 61.246562957763672 -1 241.53334045410156 83.082473754882812 399 231.53602600097656 92.022140502929688 221 199.53570556640625 111.56588745117188 161 196.65168762207031 115.48072052001953 1319 205.75567626953125 115.37723541259766 462 204.05072021484375 120.46503448486328 292 181.99311828613281 139.17681884765625 475 129.45356750488281 158.48797607421875 139 178.17633056640625 162.4805908203125 38 181.99311828613281 139.17681884765625 -1 181.99311828613281 139.17681884765625 -1 108.51873779296875 14.265650749206543 44 52.224559783935547 144.48643493652344 315 137.68023681640625 155.91201782226562 -1 229.00166320800781 95.747306823730469 288 95.778793334960938 56.798748016357422 46 93.486251831054688 110.64714050292969 488 112.51920318603516 94.612648010253906 256 203.91426086425781 124.88590240478516 115 109.24308776855469 18.420377731323242 45 212.68289184570312 80.067878723144531 346 178.30889892578125 98.36602783203125 48 188.86251831054688 101.12548065185547 397 93.486251831054688 110.64714050292969 -1 203.91426086425781 124.88590240478516 118 178.30889892578125 98.36602783203125 43 52.224559783935547 144.48643493652344 318 206.39494323730469 109.88747406005859 -1 175.77505493164062 105.46427917480469 92 174.65916442871094 109.15239715576172 294 218.13966369628906 95.086441040039062 231 181.68594360351562 120.35191345214844 157 10.770454406738281 182.03971862792969 -1 229.43797302246094 188.09835815429688 -1 238.88937377929688 188.44497680664062 -1 218.98860168457031 178.09060668945312 386 183.92124938964844 191.20242309570312 164 237.92434692382812 196.04032897949219 237 251.16262817382812 200.2603759765625 305 13.712059020996094 179.46737670898438 -1 103.50639343261719 21.956001281738281 290 92.617942810058594 22.908878326416016 55 19.03302001953125 175.19517517089844 -1 215.39974975585938 174.66856384277344 -1 219.96763610839844 170.41932678222656 378 204.35334777832031 164.21992492675781 698 165.68583679199219 152.48385620117188 -1 57.864570617675781 140.09596252441406 -1 68.578094482421875 131.34739685058594 -1 218.75621032714844 86.142669677734375 177 181.11297607421875 99.335197448730469 63 93.601799011230469 27.466941833496094 275 218.75621032714844 86.142669677734375 319 186.38346862792969 129.44367980957031 -1 68.578094482421875 131.34739685058594 -1 57.864570617675781 140.09596252441406 -1 183.92124938964844 191.20242309570312 163 181.11297607421875 99.335197448730469 60 209.68386840820312 113.39631652832031 49 197.12098693847656 118.86808776855469 276 100.39811706542969 101.41244506835938 240 186.38346862792969 129.44367980957031 -1 187.826171875 127.14926147460938 52 146.07780456542969 102.94226837158203 261 209.68386840820312 113.39631652832031 47 187.826171875 127.14926147460938 58 231.46101379394531 181.64254760742188 -1 198.36624145507812 150.04966735839844 303 
14 0.96030773088783594 0.2755981140644313 -0.042590389532095013 0.0063875066097036854 2.1125292763172117 4.8259762535909809 -0.1466035953447665 1 000013.png
121.01677703857422 96.610893249511719 234 121.01677703857422 96.610893249511719 248 171.73886108398438 60.586845397949219 281 125.69573211669922 27.462259292602539 249 158.75668334960938 115.36574554443359 29 158.75668334960938 115.36574554443359 282 129.02210998535156 56.745365142822266 -1 223.23924255371094 83.866905212402344 463 98.344444274902344 13.78843879699707 4 105.17633819580078 31.797124862670898 461 107.16997528076172 61.446464538574219 433 105.17633819580078 31.797124862670898 269 105.17633819580078 31.797124862670898 461 197.15911865234375 102.61268615722656 9 155.06195068359375 71.206855773925781 -1 200.11593627929688 174.09745788574219 293 211.47528076171875 184.70390319824219 15 242.60093688964844 104.95816802978516 83 184.55255126953125 99.044166564941406 16 85.279365539550781 20.673580169677734 12 187.77700805664062 124.47924041748047 77 166.64569091796875 126.46207427978516 251 137.2491455078125 164.05276489257812 28 114.82011413574219 70.920867919921875 -1 196.23501586914062 84.492965698242188 25 202.73971557617188 119.21720123291016 292 187.77700805664062 124.47924041748047 432 202.73971557617188 119.21720123291016 697 196.23501586914062 84.492965698242188 23 121.36269378662109 43.289566040039062 -1 121.36269378662109 43.289566040039062 -1 130.39752197265625 162.91993713378906 139 217.01014709472656 81.330001831054688 21 221.43385314941406 71.746864318847656 20 130.39752197265625 162.91993713378906 348 217.01014709472656 81.330001831054688 346 184.20458984375 171.83998107910156 -1 184.20458984375 171.83998107910156 752 184.20458984375 171.83998107910156 84 208.30842590332031 87.255828857421875 34 208.30842590332031 87.255828857421875 39 58.22967529296875 149.68415832519531 -1 180.36962890625 167.91229248046875 38 213.47431945800781 87.912612915039062 287 240.46641540527344 87.702400207519531 -1 203.94747924804688 120.41434478759766 -1 196.67947387695312 115.48052215576172 1319 96.392913818359375 29.796287536621094 33 88.491836547851562 35.247287750244141 314 142.6826171875 73.204429626464844 -1 152.72358703613281 75.157791137695312 71 212.62063598632812 79.731071472167969 346 213.47431945800781 87.912612915039062 286 240.46641540527344 87.702400207519531 203 148.95249938964844 108.48983001708984 261 199.75114440917969 111.73575592041016 161 205.87188720703125 115.50990295410156 462 203.94747924804688 120.41434478759766 292 81.978103637695312 129.86251831054688 -1 151.12825012207031 82.908134460449219 -1 108.520751953125 14.245502471923828 44 146.8197021484375 96.901123046875 -1 22.658348083496094 170.03324890136719 -1 242.00819396972656 203.19281005859375 -1 247.10568237304688 208.26776123046875 227 151.74729919433594 79.609687805175781 -1 200.06568908691406 87.135734558105469 96 111.89103698730469 80.974418640136719 -1 153.01213073730469 66.645248413085938 -1 109.19345855712891 18.441011428833008 45 52.053730010986328 149.56211853027344 315 95.685920715332031 56.475238800048828 46 146.84407043457031 92.872261047363281 -1 112.97042846679688 98.57061767578125 256 178.31257629394531 98.349288940429688 48 106.43772888183594 99.958610534667969 -1 203.90667724609375 124.89161682128906 115 180.33685302734375 139.98524475097656 475 180.52919006347656 168.95243835449219 -1 178.31257629394531 98.349288940429688 43 203.90667724609375 124.89161682128906 118 52.053730010986328 149.56211853027344 318 48.790245056152344 148.48896789550781 381 175.71842956542969 105.48641204833984 92 96.376091003417969 109.20670318603516 -1 174.681396484375 109.07225036621094 294 93.477294921875 111.75353240966797 488 209.79258728027344 113.57279205322266 47 172.82595825195312 115.33320617675781 -1 87.98345947265625 116.58267211914062 -1 14.121296882629395 184.60044860839844 -1 186.5970458984375 198.12004089355469 164 215.285400390625 177.09686279296875 495 217.72325134277344 179.60603332519531 -1 103.38739776611328 22.068153381347656 54 205.98699951171875 167.92887878417969 698 92.521354675292969 23.0521240234375 55 93.747390747070312 27.345800399780273 275 149.06393432617188 78.743942260742188 265 241.71630859375 82.384361267089844 399 133.93031311035156 13.555600166320801 -1 202.52919006347656 165.06462097167969 159 42.301506042480469 161.0723876953125 311 39.380882263183594 156.87528991699219 -1 60.462722778320312 139.43626403808594 -1 64.5880126953125 136.17936706542969 -1 79.4769287109375 130.60264587402344 -1 81.874252319335938 128.38479614257812 -1 188.0791015625 127.25027465820312 52 79.995353698730469 126.63545989990234 279 87.567726135253906 123.60791778564453 -1 208.67198181152344 83.705879211425781 245 79.926429748535156 123.50691223144531 -1 208.67198181152344 83.705879211425781 243 218.69546508789062 86.242782592773438 180 181.12759399414062 99.412300109863281 63 209.79258728027344 113.57279205322266 49 93.276039123535156 115.36711883544922 -1 79.995353698730469 126.63545989990234 280 93.276039123535156 115.36711883544922 488 186.5970458984375 198.12004089355469 163 218.69546508789062 86.242782592773438 177 148.02316284179688 87.948112487792969 -1 219.07833862304688 95.951385498046875 231 197.06019592285156 118.90449523925781 276 181.12759399414062 99.412300109863281 60 22.287200927734375 177.85289001464844 -1 188.0791015625 127.25027465820312 58 
15 0.9660873583283528 0.25721601346906514 -0.022325857687508638 0.0040858991352718454 0.73231166584260365 3.5539352561567568 -0.62613414648561649 1 000016.png
113.59320831298828 82.565338134765625 -1 143.40687561035156 199.09672546386719 1 127.03486633300781 35.533374786376953 169 127.03486633300781 35.533374786376953 170 141.57211303710938 69.827644348144531 -1 136.90043640136719 125.10007476806641 -1 223.50248718261719 83.508453369140625 463 135.91142272949219 155.76560974121094 198 135.91142272949219 155.76560974121094 -1 98.213348388671875 13.788599967956543 4 155.71562194824219 154.04161071777344 -1 155.71562194824219 154.04161071777344 -1 104.73300933837891 30.571338653564453 461 119.81365203857422 40.205596923828125 201 197.17877197265625 102.61762237548828 9 224.96638488769531 198.96328735351562 15 104.73300933837891 30.571338653564453 461 83.972198486328125 19.437070846557617 12 120.45504760742188 74.715591430664062 -1 164.96815490722656 125.61786651611328 29 212.44767761230469 186.68351745605469 293 138.72050476074219 172.78019714355469 348 138.72050476074219 172.78019714355469 184 10.841778755187988 212.43606567382812 -1 102.94244384765625 69.796257019042969 130 184.55256652832031 99.009933471679688 16 221.4923095703125 71.758529663085938 20 196.23454284667969 84.419845581054688 25 242.02748107910156 94.797325134277344 -1 178.60223388671875 112.06430816650391 220 202.7886962890625 119.21462249755859 292 146.01214599609375 176.46714782714844 28 127.93645477294922 65.466224670410156 -1 121.6185302734375 69.453437805175781 -1 202.7886962890625 119.21462249755859 697 188.03311157226562 124.90788269042969 77 140.74867248535156 19.770404815673828 73 188.03311157226562 124.90788269042969 432 127.38558197021484 58.219470977783203 -1 168.84207153320312 81.151573181152344 -1 195.46047973632812 184.36796569824219 752 195.46047973632812 184.36796569824219 84 127.38558197021484 58.219470977783203 -1 217.32063293457031 80.94927978515625 21 107.85593414306641 73.532379150390625 133 195.46047973632812 184.36796569824219 -1 116.23788452148438 32.024478912353516 202 199.1080322265625 212.68731689453125 164 208.5045166015625 87.093307495117188 39 205.94410705566406 115.48888397216797 -1 232.1353759765625 91.399856567382812 221 96.502899169921875 29.780405044555664 33 88.526802062988281 35.741024017333984 314 122.36749267578125 68.071243286132812 -1 208.5045166015625 87.093307495117188 34 224.88674926757812 95.788536071777344 222 122.30892944335938 104.52937316894531 256 199.16912841796875 111.22613525390625 161 196.67945861816406 115.51002502441406 1319 205.94410705566406 115.48888397216797 462 161.54638671875 121.99439239501953 -1 157.28291320800781 122.62916564941406 -1 191.06155395507812 180.16854858398438 38 108.56089019775391 14.338719367980957 44 219.70368957519531 182.55244445800781 698 182.17561340332031 188.52587890625 94 21.986063003540039 197.17344665527344 -1 4.3938484191894531 204.30026245117188 -1 3.7135405540466309 213.43342590332031 -1 58.927303314208984 164.68142700195312 174 193.76280212402344 173.07212829589844 -1 212.87373352050781 80.100814819335938 346 95.077056884765625 11.660638809204102 106 43.987602233886719 173.61689758300781 -1 34.680492401123047 177.60694885253906 -1 139.52752685546875 177.29106140136719 139 71.437492370605469 153.71524047851562 -1 42.590679168701172 178.84672546386719 343 109.26492309570312 18.412637710571289 45 95.711715698242188 56.428455352783203 46 125.65442657470703 75.177322387695312 -1 200.22293090820312 86.904266357421875 96 216.98213195800781 94.569488525390625 111 178.31744384765625 98.315406799316406 48 180.16413879394531 140.33668518066406 82 69.660896301269531 147.50306701660156 -1 123.41084289550781 125.26609039306641 179 178.31744384765625 98.315406799316406 43 193.76280212402344 173.07212829589844 -1 43.987602233886719 173.61689758300781 -1 139.52752685546875 177.29106140136719 -1 209.70320129394531 113.28305053710938 47 172.79440307617188 115.43936157226562 -1 209.77377319335938 172.20742797851562 -1 237.25532531738281 198.36216735839844 386 242.13217163085938 203.02604675292969 -1 47.951690673828125 173.66696166992188 209 229.52412414550781 191.18917846679688 495 253.46119689941406 89.770172119140625 -1 185.00288391113281 193.94538879394531 -1 177.05235290527344 169.19854736328125 -1 6.3551712036132812 210.55741882324219 -1 103.62105560302734 21.898294448852539 290 92.618637084960938 22.911540985107422 55 95.075653076171875 50.651908874511719 -1 26.036617279052734 192.95358276367188 -1 216.30632019042969 70.65435791015625 105 218.81135559082031 85.965415954589844 177 250.76072692871094 88.253990173339844 464 57.086990356445312 162.01182556152344 98 54.347824096679688 160.9501953125 207 59.987773895263672 156.21907043457031 507 82.462333679199219 143.74716186523438 241 195.41622924804688 88.8751220703125 -1 81.260986328125 137.86994934082031 -1 221.25599670410156 94.586624145507812 231 188.24339294433594 127.14024353027344 52 228.21281433105469 96.447708129882812 288 203.87791442871094 124.79496765136719 115 218.81135559082031 85.965415954589844 180 195.41622924804688 88.8751220703125 -1 181.1373291015625 99.406150817871094 63 203.87791442871094 124.79496765136719 118 181.1373291015625 99.406150817871094 60 57.086990356445312 162.01182556152344 101 177.05235290527344 169.19854736328125 -1 122.90872192382812 98.062705993652344 -1 117.48299407958984 105.05100250244141 -1 175.6663818359375 105.66893768310547 92 174.75318908691406 108.93814849853516 294 109.93172454833984 111.76496887207031 240 188.24339294433594 127.14024353027344 58 229.99864196777344 92.864372253417969 233 
16 0.96134131233654885 0.2726130907035958 -0.038317298816705661 0.0060637103712570025 1.821844833304668 4.6199675867157124 -0.29366648085740793 1 000014.png
119.83312225341797 95.38970947265625 234 119.83312225341797 95.38970947265625 248 173.01200866699219 61.148876190185547 281 126.38156890869141 28.588764190673828 249 129.35517883300781 58.123668670654297 -1 223.32273864746094 83.909080505371094 463 159.83424377441406 118.55577087402344 29 129.35517883300781 58.123668670654297 -1 104.94017028808594 31.059144973754883 461 98.312049865722656 13.787837028503418 4 107.16085815429688 61.851291656494141 433 128.38455200195312 149.52302551269531 -1 104.94017028808594 31.059144973754883 461 104.94017028808594 31.059144973754883 269 128.38455200195312 149.52302551269531 198 197.19497680664062 102.65146636962891 9 237.55569458007812 132.23347473144531 -1 201.80897521972656 176.35063171386719 293 214.34170532226562 187.3270263671875 15 156.89418029785156 74.548263549804688 -1 237.55569458007812 132.23347473144531 -1 249.81687927246094 116.34609985351562 -1 121.38480377197266 160.2646484375 -1 8.7203197479248047 198.66374206542969 -1 121.38480377197266 160.2646484375 644 85.326515197753906 20.767595291137695 12 8.7203197479248047 198.66374206542969 365 117.17195129394531 34.886764526367188 201 184.54541015625 99.027999877929688 16 244.65504455566406 106.66036987304688 -1 221.54512023925781 71.805450439453125 20 187.74002075195312 124.45716857910156 432 138.35984802246094 166.45088195800781 28 196.23146057128906 84.48681640625 23 202.65031433105469 119.11222839355469 697 166.45603942871094 126.63206481933594 -1 187.74002075195312 124.45716857910156 77 202.65031433105469 119.11222839355469 292 196.23146057128906 84.48681640625 25 123.71636199951172 69.874397277832031 -1 217.01290893554688 81.280464172363281 346 251.63882446289062 99.41015625 284 131.50962829589844 164.31968688964844 139 251.63882446289062 99.41015625 -1 217.01290893554688 81.280464172363281 21 131.50962829589844 164.31968688964844 348 123.71636199951172 69.874397277832031 -1 186.1224365234375 174.20370483398438 -1 186.1224365234375 174.20370483398438 84 186.1224365234375 174.20370483398438 752 208.27812194824219 87.214897155761719 34 208.27812194824219 87.214897155761719 39 96.411186218261719 29.820550918579102 33 125.28212738037109 44.894779205322266 -1 205.87603759765625 93.663543701171875 147 151.01303100585938 110.93166351318359 261 199.48905944824219 111.53334045410156 161 196.63165283203125 115.52061462402344 1319 205.94808959960938 115.52635192871094 462 203.98329162597656 120.41249084472656 292 181.87693786621094 170.07749938964844 38 203.98329162597656 120.41249084472656 -1 113.91054534912109 100.40602874755859 256 108.50666809082031 14.251893997192383 44 3.6662516593933105 193.36604309082031 659 3.6902849674224854 197.34765625 645 188.42231750488281 200.48573303222656 164 244.3507080078125 80.75244140625 399 149.55610656738281 92.032905578613281 306 113.92014312744141 93.53289794921875 -1 178.32138061523438 98.327003479003906 48 86.294677734375 120.13417816162109 -1 203.94943237304688 124.82775115966797 115 252.34400939941406 213.55697631835938 660 244.87031555175781 206.08720397949219 -1 119.91934204101562 145.04345703125 -1 49.956817626953125 150.55905151367188 -1 53.994831085205078 155.06730651855469 174 249.72923278808594 210.96548461914062 227 18.986597061157227 184.63298034667969 -1 15.401312828063965 187.47966003417969 -1 4.5982027053833008 188.32205200195312 -1 95.152725219726562 11.95726203918457 106 109.24104309082031 18.429899215698242 45 95.738540649414062 56.623428344726562 46 75.52203369140625 133.11802673339844 -1 214.88746643066406 76.074295043945312 -1 180.18502807617188 140.21273803710938 475 75.52203369140625 133.11802673339844 -1 178.32138061523438 98.327003479003906 43 203.94943237304688 124.82775115966797 118 188.42231750488281 200.48573303222656 163 229.62335205078125 94.03594970703125 233 221.6998291015625 94.902862548828125 231 111.34688568115234 98.757644653320312 -1 181.11810302734375 99.367721557617188 60 175.75653076171875 105.50479888916016 92 238.87091064453125 105.25379943847656 -1 101.15826416015625 107.57350158691406 240 147.48667907714844 109.79442596435547 -1 174.65602111816406 109.10478210449219 294 212.79347229003906 80.198158264160156 346 25.177461624145508 178.77139282226562 -1 51.354709625244141 157.08549499511719 207 218.77485656738281 85.863044738769531 177 217.29823303222656 179.41146850585938 495 22.640636444091797 181.17001342773438 -1 132.43148803710938 168.02719116210938 -1 173.07086181640625 181.05305480957031 94 203.40895080566406 166.13571166992188 159 175.31747436523438 182.61659240722656 -1 192.20259094238281 183.01712036132812 -1 9.8510122299194336 191.744873046875 -1 103.54512023925781 21.965366363525391 54 92.567314147949219 23.003986358642578 55 96.866020202636719 25.768655776977539 -1 43.650630950927734 163.0928955078125 64 190.76856994628906 154.10516357421875 -1 62.612995147705078 147.43309020996094 -1 56.105045318603516 145.88249206542969 -1 69.44012451171875 141.59439086914062 -1 77.247207641601562 134.91987609863281 -1 207.08918762207031 61.092479705810547 -1 81.673927307128906 131.38504028320312 -1 216.22027587890625 70.609527587890625 105 188.133056640625 127.10911560058594 52 209.78706359863281 113.5164794921875 47 118.42979431152344 125.53285980224609 179 190.55606079101562 123.80348205566406 432 181.78073120117188 120.36085510253906 157 197.09657287597656 118.92772674560547 276 113.37251281738281 74.938690185546875 -1 208.86247253417969 83.87738037109375 243 218.77485656738281 85.863044738769531 180 74.647186279296875 130.42210388183594 -1 181.11810302734375 99.367721557617188 63 209.78706359863281 113.5164794921875 49 188.133056640625 127.10911560058594 58 240.2447509765625 81.760765075683594 -1 132.43148803710938 168.02719116210938 139 241.79542541503906 82.529289245605469 399 208.86247253417969 83.87738037109375 245 116.45627593994141 87.665512084960938 -1 95.732833862304688 112.19709777832031 488 111.34688568115234 98.757644653320312 -1 116.58965301513672 130.32559204101562 -1 
17 0.96376543520297331 0.26486454502420886 -0.031137311686456028 0.005781567095770497 1.3406842479897654 4.0845817677250977 -0.42535619619403175 1 000015.png
116.0938720703125 91.312728881835938 -1 116.0938720703125 91.312728881835938 -1 126.52304840087891 32.585777282714844 169 135.24066162109375 64.696624755859375 -1 132.74842834472656 121.36774444580078 -1 223.48403930664062 83.890625 463 98.258621215820312 13.793545722961426 4 151.49114990234375 150.96281433105469 -1 151.49114990234375 150.96281433105469 -1 104.79473114013672 30.576375961303711 461 197.35406494140625 102.69709014892578 9 162.53485107421875 123.26821136474609 29 104.79473114013672 30.576375961303711 461 118.63395690917969 36.807182312011719 201 181.38568115234375 156.27113342285156 -1 206.75950622558594 181.40983581542969 293 219.23178100585938 192.55281066894531 15 242.76246643066406 136.2491455078125 -1 242.76246643066406 136.2491455078125 -1 138.4698486328125 19.432991027832031 -1 85.458213806152344 21.143865585327148 12 124.81665802001953 165.22885131835938 -1 184.56257629394531 99.0233154296875 16 137.91596984863281 18.084264755249023 -1 162.44529724121094 76.452445983886719 -1 141.80766296386719 171.42483520507812 28 202.69508361816406 119.15116882324219 292 166.41880798339844 127.02678680419922 -1 91.111274719238281 134.42337036132812 252 134.91802978515625 169.03427124023438 184 202.69508361816406 119.15116882324219 697 196.2388916015625 84.432388305664062 23 188.53211975097656 124.79037475585938 77 134.91802978515625 169.03427124023438 348 179.17752075195312 150.23710632324219 -1 221.57785034179688 71.87823486328125 20 196.2388916015625 84.432388305664062 25 188.53211975097656 124.79037475585938 432 236.92291259765625 91.480110168457031 253 190.61991882324219 179.12664794921875 84 190.61991882324219 179.12664794921875 -1 247.08885192871094 91.541450500488281 -1 236.92291259765625 91.480110168457031 254 247.08885192871094 91.541450500488281 464 216.9715576171875 81.294975280761719 21 121.30518341064453 77.973793029785156 -1 178.70449829101562 110.52557373046875 220 212.80963134765625 65.813858032226562 31 190.61991882324219 179.12664794921875 752 216.9715576171875 81.294975280761719 346 208.50279235839844 87.098731994628906 34 224.80665588378906 95.891563415527344 222 224.62979125976562 101.13134765625 -1 199.2769775390625 111.51304626464844 161 196.6046142578125 115.48899078369141 1319 205.96275329589844 115.43143463134766 462 180.33700561523438 140.52613830566406 475 119.78798675537109 150.21528625488281 -1 186.15463256835938 175.06895446777344 38 208.50279235839844 87.098731994628906 39 122.35771942138672 126.04035949707031 179 119.78798675537109 150.21528625488281 -1 117.75043487548828 102.70701599121094 256 137.47604370117188 16.652894973754883 -1 96.387245178222656 29.778863906860352 33 108.5224609375 14.293319702148438 44 214.48074340820312 177.8922119140625 698 23.984025955200195 187.91995239257812 -1 4.4853348731994629 205.09400939941406 -1 67.355422973632812 142.56910705566406 -1 250.52310180664062 211.38880920410156 -1 212.5675048828125 80.098472595214844 346 119.835205078125 143.29365539550781 -1 212.64175415039062 175.22380065917969 698 37.09832763671875 176.56167602539062 -1 95.152839660644531 11.855063438415527 106 109.20557403564453 18.434654235839844 45 248.88575744628906 86.905189514160156 464 178.30975341796875 98.318458557128906 48 155.93609619140625 116.17874145507812 -1 178.30975341796875 98.318458557128906 43 152.12762451171875 115.92416381835938 -1 247.09103393554688 89.186782836914062 -1 188.31301879882812 101.22434997558594 397 203.94889831542969 124.81493377685547 115 195.25703430175781 158.71133422851562 -1 193.83119201660156 79.998382568359375 341 54.518489837646484 157.23826599121094 98 50.402950286865234 164.29069519042969 64 172.6063232421875 164.32949829101562 -1 203.68470764160156 166.6224365234375 -1 208.29574584960938 171.001953125 159 228.88243103027344 190.41365051269531 386 76.389801025390625 142.10159301757812 241 244.5684814453125 205.55397033691406 237 103.44412994384766 22.015987396240234 54 92.586868286132812 22.894048690795898 55 244.4718017578125 84.376144409179688 399 115.03319549560547 43.723712921142578 -1 115.40384674072266 56.481735229492188 -1 122.37872314453125 141.04441833496094 -1 122.11881256103516 137.31199645996094 -1 78.302421569824219 133.67901611328125 -1 188.07473754882812 127.18360900878906 52 181.78903198242188 120.52194213867188 157 121.5921630859375 115.44951629638672 -1 172.91242980957031 115.24580383300781 -1 181.18304443359375 99.415969848632812 60 113.09206390380859 61.890663146972656 56 103.69967651367188 111.21687316894531 240 245.01484680175781 106.97956848144531 -1 175.663330078125 105.77423858642578 92 218.7996826171875 86.110855102539062 180 247.09103393554688 89.186782836914062 -1 181.18304443359375 99.415969848632812 63 209.80438232421875 113.58946228027344 47 188.07473754882812 127.18360900878906 58 172.6063232421875 164.32949829101562 -1 216.36625671386719 70.732955932617188 105 203.94889831542969 124.81493377685547 118 54.518489837646484 157.23826599121094 101 218.7996826171875 86.110855102539062 177 209.80438232421875 113.58946228027344 49 121.831298828125 129.22935485839844 -1 
18 0.96987086220537344 0.24310791093499545 -0.015781427864326767 2.8642470086362195e-05 0.25951210185559681 2.5974901108377573 -0.82559873032133257 1 000018.png
127.93735504150391 42.266273498535156 169 144.46928405761719 203.72381591796875 1 127.93735504150391 42.266273498535156 170 144.46928405761719 203.72381591796875 -1 180.19694519042969 61.397975921630859 -1 190.9505615234375 147.96395874023438 -1 148.46304321289062 76.958229064941406 -1 223.89736938476562 82.954093933105469 463 140.90019226074219 163.91374206542969 198 140.90019226074219 163.91374206542969 -1 98.169975280761719 13.801370620727539 4 104.62212371826172 30.492467880249023 461 124.77394866943359 82.127593994140625 -1 168.25602722167969 83.707771301269531 -1 197.19996643066406 102.54441833496094 9 231.76280212402344 207.73623657226562 -1 104.62212371826172 30.492467880249023 461 84.000350952148438 19.863840103149414 12 118.52040863037109 49.850502014160156 -1 158.86526489257812 63.080703735351562 -1 219.05790710449219 195.68778991699219 293 158.86526489257812 63.080703735351562 -1 184.56378173828125 98.987861633300781 16 170.93588256835938 141.525634765625 459 147.33534240722656 65.059776306152344 -1 170.93588256835938 141.525634765625 19 133.23048400878906 125.21768951416016 -1 144.81498718261719 23.325742721557617 73 147.33534240722656 65.059776306152344 -1 221.45193481445312 71.736572265625 20 188.01429748535156 124.47187042236328 432 150.69085693359375 184.45051574707031 28 116.41111755371094 36.163948059082031 202 196.21563720703125 84.463432312011719 25 249.4381103515625 100.48992156982422 -1 202.75448608398438 119.18325805664062 292 202.75448608398438 119.18325805664062 697 188.01429748535156 124.47187042236328 77 213.12518310546875 65.691055297851562 31 143.98481750488281 184.06146240234375 139 215.7852783203125 94.788398742675781 111 246.35917663574219 91.91363525390625 203 137.45547485351562 183.12420654296875 -1 108.03307342529297 73.458122253417969 133 143.98481750488281 184.06146240234375 -1 243.90985107421875 84.479629516601562 399 217.47628784179688 80.847908020019531 21 128.31903076171875 77.115653991699219 -1 208.373779296875 87.119598388671875 34 208.373779296875 87.119598388671875 39 166.3402099609375 123.46475982666016 -1 196.65814208984375 115.51820373535156 1319 178.26661682128906 98.265846252441406 43 96.409523010253906 29.798913955688477 33 116.07383728027344 52.758316040039062 108 212.53901672363281 79.553497314453125 346 206.49729919433594 93.330398559570312 147 199.40312194824219 111.39216613769531 161 205.87327575683594 115.20577239990234 462 166.3402099609375 123.46475982666016 -1 165.57864379882812 145.42227172851562 -1 197.46543884277344 189.00807189941406 38 188.01971435546875 197.52374267578125 94 178.26661682128906 98.265846252441406 48 108.56414794921875 14.276289939880371 44 57.001926422119141 175.67251586914062 -1 109.01156616210938 124.58271789550781 205 201.36097717285156 185.77299499511719 57 251.29252624511719 213.75471496582031 -1 205.99919128417969 223.34829711914062 163 36.625896453857422 190.04263305664062 -1 209.70457458496094 113.24435424804688 49 209.70457458496094 113.24435424804688 47 36.625896453857422 190.04263305664062 -1 201.36097717285156 185.77299499511719 59 109.01156616210938 124.58271789550781 -1 205.99919128417969 223.34829711914062 164 175.60858154296875 105.71549224853516 92 109.26959228515625 18.426362991333008 45 248.08856201171875 107.06906127929688 -1 227.25814819335938 191.73515319824219 698 190.2757568359375 123.89264678955078 432 167.90007019042969 128.71981811523438 -1 179.57162475585938 141.02815246582031 82 127.88167572021484 157.13059997558594 -1 55.881237030029297 168.78977966308594 207 60.677383422851562 172.4010009765625 174 143.72122192382812 19.605167388916016 73 103.32441711425781 22.087259292602539 54 92.6075439453125 22.898605346679688 55 139.73628234863281 62.624313354492188 208 216.32476806640625 70.499763488769531 105 129.59288024902344 74.916175842285156 -1 243.00555419921875 79.979469299316406 399 181.10171508789062 99.364242553710938 60 106.4044189453125 123.60617828369141 488 203.89109802246094 124.68707275390625 118 188.08877563476562 127.5133056640625 52 164.81906127929688 129.20014953613281 -1 218.81285095214844 86.165496826171875 180 54.138687133789062 177.5345458984375 -1 220.49191284179688 184.2257080078125 159 47.530906677246094 180.10531616210938 -1 50.896064758300781 180.59349060058594 209 209.86799621582031 174.06907653808594 -1 55.686687469482422 172.91807556152344 -1 59.068515777587891 169.67803955078125 98 63.990016937255859 168.77801513671875 -1 60.043239593505859 165.386474609375 -1 68.792686462402344 164.62176513671875 -1 69.155052185058594 160.90544128417969 -1 130.63339233398438 158.98490905761719 -1 128.35968017578125 151.88737487792969 -1 128.53019714355469 146.31094360351562 -1 197.46257019042969 203.53047180175781 -1 218.81285095214844 86.165496826171875 177 181.10171508789062 99.364242553710938 63 249.8505859375 203.48826599121094 -1 203.89109802246094 124.68707275390625 115 188.08877563476562 127.5133056640625 58 69.155052185058594 160.90544128417969 -1 59.068515777587891 169.67803955078125 101 33.364433288574219 196.50413513183594 -1 47.530906677246094 180.10531616210938 -1 55.686687469482422 172.91807556152344 -1 43.830085754394531 179.92643737792969 -1 29.492712020874023 200.04470825195312 -1 231.49392700195312 90.933563232421875 233 205.94503784179688 170.91374206542969 -1 100.46769714355469 129.3035888671875 -1 37.210960388183594 192.7315673828125 -1 
19 0.96742203020845696 0.25237331117971096 -0.020029144710267913 0.0010773271143573598 0.54504485377963985 3.2272702474870867 -0.7340234047766796 1 000017.png
126.26483917236328 38.877033233642578 169 143.65419006347656 200.73568725585938 1 126.26483917236328 38.877033233642578 170 179.57583618164062 61.106365203857422 -1 144.74684143066406 72.229835510253906 -1 223.62548828125 83.215110778808594 463 137.82621765136719 157.71015930175781 198 137.82621765136719 157.71015930175781 -1 98.188346862792969 13.791045188903809 4 158.07073974609375 156.10067749023438 -1 158.07073974609375 156.10067749023438 -1 197.16836547851562 102.58075714111328 9 104.70139312744141 30.568231582641602 461 104.70139312744141 30.568231582641602 461 122.47873687744141 75.527191162109375 -1 130.04005432128906 173.74696350097656 172 215.36917114257812 190.03738403320312 293 227.8369140625 200.97303771972656 15 84.081855773925781 19.661001205444336 12 143.21488952636719 60.519676208496094 -1 143.21488952636719 60.519676208496094 -1 123.19024658203125 149.92092895507812 -1 142.46292114257812 21.70570182800293 73 234.5908203125 89.955520629882812 254 184.55691528320312 99.005714416503906 16 102.95940399169922 69.683029174804688 130 234.5908203125 89.955520629882812 221 11.269814491271973 216.15264892578125 -1 212.81820678710938 65.99688720703125 31 124.21200561523438 71.279342651367188 -1 221.54310607910156 71.843467712402344 20 196.23577880859375 84.437515258789062 25 123.66769409179688 106.64811706542969 256 160.66444396972656 118.93827056884766 -1 202.70062255859375 119.20278167724609 292 18.043535232543945 207.90792846679688 196 245.00732421875 96.683822631835938 -1 165.97482299804688 127.00862884521484 29 147.78884887695312 179.27047729492188 28 202.70062255859375 119.20278167724609 697 187.95626831054688 124.68001556396484 77 187.95626831054688 124.68001556396484 432 141.7471923828125 19.699548721313477 73 246.9268798828125 86.278793334960938 464 217.39065551757812 80.909164428710938 21 198.62548828125 187.46324157714844 84 198.62548828125 187.46324157714844 -1 198.62548828125 187.46324157714844 752 241.5428466796875 88.405464172363281 203 208.4912109375 87.173675537109375 34 208.4912109375 87.173675537109375 39 193.46626281738281 183.07717895507812 38 201.7779541015625 216.23753356933594 164 205.79820251464844 115.33261108398438 -1 201.7779541015625 216.23753356933594 163 96.445106506347656 29.789638519287109 33 115.78144073486328 34.038902282714844 202 128.52374267578125 78.235565185546875 -1 199.23580932617188 111.39404296875 161 196.63247680664062 115.50041961669922 1319 205.79820251464844 115.33261108398438 462 160.0235595703125 124.73952484130859 -1 108.50489807128906 14.334430694580078 44 95.068046569824219 11.857064247131348 106 109.24496459960938 18.440608978271484 45 141.44483947753906 18.574871063232422 80 128.2532958984375 144.26434326171875 -1 138.05389404296875 55.919544219970703 208 180.08766174316406 140.48056030273438 82 178.41117858886719 98.196136474609375 43 178.41117858886719 98.196136474609375 48 212.75224304199219 80.069129943847656 346 164.05790710449219 124.65779113769531 -1 94.107757568359375 128.98518371582031 -1 79.488014221191406 145.99113464355469 -1 58.203407287597656 164.46633911132812 101 141.44992065429688 180.02064514160156 -1 125.04435729980469 86.166633605957031 -1 25.563800811767578 193.40061950683594 -1 243.5604248046875 103.44886779785156 -1 209.71966552734375 113.29080963134766 47 164.05790710449219 124.65779113769531 -1 215.11067199707031 76.43731689453125 -1 76.188522338867188 145.08282470703125 -1 79.488014221191406 145.99113464355469 -1 70.792579650878906 149.67623901367188 -1 54.366943359375 164.05471801757812 207 58.203407287597656 164.46633911132812 98 59.506389617919922 167.48089599609375 174 215.41178894042969 178.10714721679688 159 141.44992065429688 180.02064514160156 139 221.86009216308594 184.4276123046875 698 36.300609588623047 188.13652038574219 -1 25.563800811767578 193.40061950683594 -1 235.71383666992188 197.04780578613281 -1 246.4798583984375 207.35539245605469 227 11.37298583984375 209.99134826660156 616 250.29182434082031 210.73176574707031 206 3.5859429836273193 217.27320861816406 -1 103.38253021240234 22.050506591796875 54 92.605812072753906 22.943191528320312 55 115.22248077392578 43.877208709716797 265 115.39997863769531 53.685169219970703 108 112.88088989257812 61.836185455322266 56 216.37570190429688 70.676841735839844 105 214.35661315917969 92.455650329589844 111 227.40846252441406 93.220191955566406 222 175.80567932128906 105.45188140869141 92 111.70845031738281 113.13009643554688 176 197.14883422851562 118.88273620605469 276 218.77865600585938 85.711990356445312 177 63.477817535400391 156.56005859375 507 180.1678466796875 136.80726623535156 -1 91.324478149414062 131.93714904785156 -1 125.41488647460938 129.42884826660156 179 187.19239807128906 196.45393371582031 -1 188.22294616699219 127.11820220947266 52 96.722541809082031 126.75327301025391 -1 167.26068115234375 124.19393157958984 -1 218.77865600585938 85.711990356445312 180 181.11781311035156 99.39935302734375 63 188.22294616699219 127.11820220947266 58 88.014701843261719 138.39138793945312 279 204.93086242675781 196.84573364257812 -1 194.04408264160156 150.5994873046875 -1 177.71177673339844 174.98709106445312 -1 181.91242980957031 120.50060272216797 157 88.014701843261719 138.39138793945312 280 181.11781311035156 99.39935302734375 60 179.27790832519531 171.89228820800781 -1 79.850776672363281 148.7723388671875 241 46.506839752197266 178.201171875 209 
20 0.97291092231288057 0.22983783245839359 -0.024402572796011195 0.0048396752022291665 0.8628408599338927 1.6792941916906916 -0.94171003833497324 1 000020.png
133.46498107910156 48.31292724609375 -1 133.46498107910156 48.31292724609375 -1 142.84892272949219 206.40238952636719 1 184.47682189941406 153.53645324707031 -1 142.59538269042969 93.318061828613281 -1 137.04318237304688 142.57391357421875 478 224.06205749511719 82.975311279296875 463 98.131790161132812 13.826127052307129 4 122.30921173095703 46.035820007324219 -1 106.44908905029297 59.851997375488281 69 155.98771667480469 169.36587524414062 -1 106.44908905029297 59.851997375488281 7 106.44908905029297 59.851997375488281 68 104.58214569091797 30.523580551147461 461 197.17704772949219 102.55857849121094 9 125.17063140869141 185.49696350097656 10 104.58214569091797 30.523580551147461 461 83.995872497558594 19.909168243408203 12 143.2796630859375 22.950632095336914 73 118.40168762207031 49.629684448242188 201 230.12026977539062 80.84014892578125 13 213.36640930175781 203.86930847167969 293 225.93113708496094 216.34129333496094 15 141.79220581054688 75.959877014160156 -1 154.28164672851562 76.308540344238281 71 184.54806518554688 98.974525451660156 16 170.543212890625 141.58207702636719 459 138.23147583007812 188.04238891601562 348 138.23147583007812 188.04238891601562 184 170.543212890625 141.58207702636719 19 141.79220581054688 75.959877014160156 -1 156.55551147460938 117.83897399902344 -1 221.55430603027344 71.857063293457031 20 217.56126403808594 80.740219116210938 21 246.63786315917969 110.49687957763672 553 196.2164306640625 84.483833312988281 23 156.55551147460938 117.83897399902344 -1 202.797607421875 119.24581909179688 292 196.2164306640625 84.483833312988281 25 202.797607421875 119.24581909179688 697 181.3662109375 139.51554870605469 475 144.82603454589844 191.52137756347656 28 164.54277038574219 135.83091735839844 29 188.23646545410156 125.11186218261719 432 212.85755920410156 65.812355041503906 31 242.47482299804688 101.40135192871094 83 183.74833679199219 156.72578430175781 -1 191.83003234863281 196.53262329101562 32 96.371147155761719 29.799224853515625 33 245.61776733398438 85.710441589355469 464 208.43467712402344 87.144020080566406 34 206.08267211914062 93.58380126953125 147 199.60981750488281 111.93827819824219 161 196.66523742675781 115.52904510498047 1319 205.70509338378906 115.38016510009766 462 170.97491455078125 145.16180419921875 -1 183.74833679199219 156.72578430175781 -1 200.89015197753906 168.95903015136719 -1 219.89991760253906 187.44554138183594 194 191.83003234863281 196.53262329101562 38 232.78057861328125 206.19041442871094 495 249.89305114746094 218.49504089355469 237 208.43467712402344 87.144020080566406 39 147.00450134277344 72.403938293457031 -1 122.06777191162109 112.73373413085938 40 159.55799865722656 26.807626724243164 361 241.92919921875 82.930458068847656 399 236.3922119140625 205.49559020996094 -1 183.25978088378906 208.64039611816406 94 122.47294616699219 88.626976013183594 -1 212.58180236816406 79.796745300292969 346 178.32835388183594 98.256294250488281 43 108.64692687988281 14.181114196777344 44 109.27261352539062 18.396162033081055 45 95.699150085449219 56.350734710693359 46 214.20787048339844 92.920951843261719 111 139.07038879394531 193.37083435058594 140 125.40949249267578 96.253173828125 -1 209.68551635742188 113.1776123046875 47 175.12802124023438 146.97171020507812 82 179.08067321777344 146.96234130859375 -1 180.56718444824219 152.8922119140625 -1 192.57676696777344 161.39776611328125 -1 178.32835388183594 98.256294250488281 48 209.68551635742188 113.1776123046875 49 180.56718444824219 152.8922119140625 -1 139.07038879394531 193.37083435058594 139 214.41621398925781 192.05563354492188 159 204.58769226074219 116.49606323242188 51 108.77344512939453 124.50888061523438 240 188.14509582519531 127.30744171142578 52 100.68393707275391 131.89558410644531 550 186.04986572265625 155.02873229980469 484 199.59320068359375 232.19642639160156 163 7.8586635589599609 218.30142211914062 616 248.98431396484375 105.67207336425781 53 103.52403259277344 21.949712753295898 54 92.5966796875 22.8416748046875 55 115.48123168945312 53.914249420166016 108 112.91082763671875 61.680950164794922 56 227.5584716796875 93.14501953125 107 190.95974731445312 210.68077087402344 -1 229.52926635742188 207.02584838867188 495 20.439785003662109 206.892822265625 120 189.75564575195312 199.79202270507812 -1 27.856454849243164 197.02609252929688 -1 196.06758117675781 193.61737060546875 57 34.126502990722656 191.52542114257812 -1 132.39396667480469 183.93496704101562 617 204.90023803710938 173.98965454101562 -1 111.51946258544922 121.92709350585938 -1 188.14509582519531 127.30744171142578 58 100.68393707275391 131.89558410644531 205 34.126502990722656 191.52542114257812 -1 196.06758117675781 193.61737060546875 59 27.856454849243164 197.02609252929688 -1 189.75564575195312 199.79202270507812 -1 190.95974731445312 210.68077087402344 -1 199.59320068359375 232.19642639160156 164 181.15763854980469 99.383399963378906 60 248.94108581542969 102.21901702880859 61 174.76507568359375 108.93962097167969 -1 125.12760925292969 112.60666656494141 -1 172.71766662597656 115.57419586181641 294 5.4000015258789062 220.34014892578125 616 181.15763854980469 99.383399963378906 63 46.670909881591797 180.26081848144531 102 46.670909881591797 180.26081848144531 64 
21 0.97162201288193373 0.23593487854458098 -0.016779993750777402 0.0019567777434274921 0.33878935373672442 2.1039769682728151 -0.99215062301047507 1 000019.png
130.31072998046875 45.219165802001953 -1 144.42707824707031 205.73269653320312 1 144.42707824707031 205.73269653320312 1 130.31072998046875 45.219165802001953 170 188.59506225585938 151.1058349609375 -1 141.58956909179688 141.61222839355469 478 147.43399047851562 85.5504150390625 -1 223.99348449707031 82.99334716796875 463 106.37440490722656 59.723068237304688 68 98.156990051269531 13.868382453918457 4 106.37440490722656 59.723068237304688 69 106.37440490722656 59.723068237304688 7 104.58699035644531 30.46912956237793 461 104.58699035644531 30.46912956237793 461 197.16659545898438 102.60038757324219 9 129.81892395019531 184.37583923339844 -1 83.918922424316406 19.964460372924805 12 231.18257141113281 213.60084533691406 -1 218.56269836425781 201.47502136230469 293 144.98188781738281 23.511203765869141 73 146.715087890625 71.656181335449219 -1 88.756439208984375 155.33485412597656 479 184.56747436523438 99.021064758300781 16 170.59437561035156 142.25772094726562 19 102.97888946533203 69.375473022460938 130 146.715087890625 71.656181335449219 -1 126.02618408203125 85.5787353515625 -1 202.70945739746094 119.20531463623047 697 221.44160461425781 71.781547546386719 20 161.740234375 112.70736694335938 -1 173.48487854003906 93.166946411132812 -1 187.94198608398438 124.87183380126953 432 173.48487854003906 93.166946411132812 -1 250.06298828125 106.14519500732422 53 161.740234375 112.70736694335938 -1 202.70945739746094 119.20531463623047 292 132.02745056152344 171.52622985839844 172 196.19833374023438 84.486358642578125 23 196.19833374023438 84.486358642578125 25 132.02745056152344 171.52622985839844 -1 213.00874328613281 66.05218505859375 31 107.33849334716797 73.700828552246094 133 217.34805297851562 80.848075866699219 21 143.03375244140625 188.56575012207031 140 143.03375244140625 188.56575012207031 139 223.16551208496094 188.54135131835938 159 149.3231201171875 189.13442993164062 28 205.63960266113281 171.87672424316406 -1 205.49197387695312 165.61940002441406 -1 217.34805297851562 80.848075866699219 346 126.63425445556641 110.69882202148438 40 230.18608093261719 195.64320373535156 -1 116.68460845947266 53.998332977294922 108 201.14022827148438 198.298583984375 752 201.14022827148438 198.298583984375 -1 201.14022827148438 198.298583984375 84 205.73658752441406 115.46994018554688 462 159.45423889160156 118.80657958984375 -1 186.50938415527344 130.56753540039062 -1 182.42117309570312 143.40260314941406 -1 197.74276733398438 158.93324279785156 -1 210.14730834960938 170.93162536621094 -1 196.70448303222656 194.07572937011719 38 241.70782470703125 201.49636840820312 -1 237.90480041503906 202.96629333496094 495 245.84317016601562 204.86869812011719 -1 143.45135498046875 190.738037109375 139 208.42501831054688 87.112045288085938 39 178.14608764648438 98.037368774414062 -1 178.14608764648438 98.037368774414062 -1 159.45423889160156 118.80657958984375 -1 182.42117309570312 143.40260314941406 -1 196.70448303222656 194.07572937011719 32 143.45135498046875 190.738037109375 140 96.548072814941406 29.720605850219727 33 208.42501831054688 87.112045288085938 34 246.60630798339844 96.9505615234375 -1 178.14608764648438 98.037368774414062 -1 178.14608764648438 98.037368774414062 -1 199.38920593261719 111.58168029785156 161 196.71522521972656 115.52169036865234 1319 127.3975830078125 123.55995941162109 -1 209.60992431640625 113.14120483398438 47 127.05419158935547 142.99557495117188 -1 115.63165283203125 56.232917785644531 -1 95.775146484375 56.815319061279297 46 126.89382934570312 169.44346618652344 -1 181.45805358886719 142.90414428710938 -1 126.89382934570312 169.44346618652344 -1 177.63224792480469 143.61262512207031 82 165.89749145507812 145.13627624511719 -1 129.80815124511719 160.47428894042969 -1 109.23727416992188 18.418670654296875 45 10.011106491088867 216.19351196289062 -1 205.07136535644531 229.310791015625 163 234.81365966796875 204.388671875 495 188.16978454589844 205.96902465820312 94 10.011106491088867 216.19351196289062 -1 209.60992431640625 113.14120483398438 49 181.45805358886719 142.90414428710938 -1 205.07136535644531 229.310791015625 164 246.07110595703125 81.64678955078125 399 175.57522583007812 105.75453186035156 92 166.48712158203125 106.33216857910156 -1 204.5408935546875 116.44844055175781 51 251.91319274902344 85.597030639648438 -1 203.92112731933594 124.60693359375 118 225.6866455078125 195.49856567382812 698 3.264535665512085 225.855224609375 -1 10.775256156921387 219.03959655761719 616 17.103899002075195 213.3218994140625 196 216.68351745605469 201.74525451660156 -1 94.630195617675781 11.253711700439453 106 224.00328063964844 192.45907592773438 -1 200.6065673828125 191.02027893066406 57 203.83404541015625 190.45455932617188 -1 132.00442504882812 175.43534851074219 -1 57.033229827880859 173.81333923339844 98 194.57211303710938 197.02780151367188 -1 188.97930908203125 165.89689636230469 -1 127.45558929443359 131.36270141601562 179 188.16661071777344 127.40911102294922 52 218.85284423828125 85.824073791503906 177 253.07363891601562 98.133407592773438 -1 181.91970825195312 120.39337921142578 157 253.83587646484375 101.57992553710938 -1 203.92112731933594 124.60693359375 115 188.16661071777344 127.40911102294922 58 57.033229827880859 173.81333923339844 173 200.6065673828125 191.02027893066406 59 194.57211303710938 197.02780151367188 -1 103.43157958984375 22.001888275146484 54 92.616653442382812 22.820734024047852 55 216.320068359375 70.613861083984375 105 143.92510986328125 19.947566986083984 73 218.85284423828125 85.824073791503906 180 212.73721313476562 80.005477905273438 346 253.07363891601562 98.133407592773438 -1 181.13931274414062 99.389091491699219 60 253.83587646484375 101.57992553710938 -1 127.56016540527344 109.25879669189453 -1 181.13931274414062 99.389091491699219 63 202.24900817871094 172.2293701171875 -1 138.99873352050781 70.560142517089844 -1 
22 0.97445584502750482 0.22216897597706456 -0.030952311899274419 0.010895255532763234 1.3575402262850822 1.1526287726936166 -1.1486815558731518 1 000022.png
135.67399597167969 50.963958740234375 -1 177.4576416015625 155.06202697753906 -1 142.11337280273438 207.93812561035156 1 135.9669189453125 103.13471984863281 -1 135.9669189453125 103.13471984863281 -1 189.97265625 63.180164337158203 -1 224.29095458984375 82.753807067871094 463 151.32707214355469 174.79707336425781 -1 151.32707214355469 174.79707336425781 -1 106.46520233154297 59.000446319580078 69 98.058753967285156 13.836788177490234 4 122.14516448974609 45.994968414306641 -1 106.46520233154297 59.000446319580078 7 104.62594604492188 30.447973251342773 461 123.53739166259766 93.627159118652344 -1 82.420127868652344 18.289583206176758 12 197.47770690917969 102.50485229492188 9 156.31756591796875 106.14508819580078 -1 197.47770690917969 102.50485229492188 70 104.62594604492188 30.447973251342773 461 123.53739166259766 93.627159118652344 -1 156.31756591796875 106.14508819580078 -1 120.68873596191406 187.99330139160156 10 132.63166809082031 188.50209045410156 348 208.55105590820312 209.16380310058594 293 244.32369995117188 244.77769470214844 465 230.40805053710938 80.723045349121094 13 221.10350036621094 222.43450927734375 15 133.04913330078125 191.6326904296875 348 163.65745544433594 154.66276550292969 -1 184.54440307617188 98.993293762207031 16 161.29792785644531 140.04853820800781 -1 242.89778137207031 115.93779754638672 -1 246.52250671386719 88.609504699707031 464 102.82005310058594 69.744316101074219 130 163.65745544433594 154.66276550292969 -1 140.70272827148438 195.03933715820312 28 135.97052001953125 80.595062255859375 -1 135.97052001953125 80.595062255859375 -1 196.22616577148438 84.490829467773438 25 202.78755187988281 119.27915954589844 292 150.1455078125 126.39332580566406 -1 174.33883666992188 126.66884613037109 362 196.22616577148438 84.490829467773438 23 169.94940185546875 142.20567321777344 19 169.94940185546875 142.20567321777344 459 87.809478759765625 150.45556640625 -1 169.94940185546875 142.20567321777344 -1 202.78755187988281 119.27915954589844 697 217.49996948242188 80.827125549316406 21 133.67189025878906 195.42118835449219 140 188.19987487792969 124.987548828125 432 221.47953796386719 71.845794677734375 20 212.94577026367188 65.876197814941406 31 191.91839599609375 206.14480590820312 752 191.91839599609375 206.14480590820312 -1 191.91839599609375 206.14480590820312 84 191.91839599609375 206.14480590820312 -1 116.57674407958984 48.5576171875 108 188.19987487792969 124.987548828125 77 133.67189025878906 195.42118835449219 139 209.71307373046875 118.74532318115234 491 115.58128356933594 25.633398056030273 -1 96.399673461914062 29.779836654663086 33 135.811767578125 79.339149475097656 -1 208.58099365234375 87.051651000976562 34 196.64115905761719 115.51558685302734 1319 205.77330017089844 115.48028564453125 462 143.42124938964844 130.2197265625 -1 133.87504577636719 196.504150390625 -1 214.05490112304688 196.86044311523438 159 187.26840209960938 201.78334045410156 38 248.42045593261719 233.72637939453125 -1 252.03630065917969 237.54457092285156 685 135.811767578125 79.339149475097656 -1 208.58099365234375 87.051651000976562 39 133.87504577636719 196.504150390625 -1 187.26840209960938 201.78334045410156 32 123.93812561035156 7.2022190093994141 -1 209.70106506347656 113.15677642822266 47 116.25727844238281 116.52262878417969 40 159.09858703613281 137.14173889160156 -1 170.44241333007812 145.36177062988281 -1 179.46876525878906 160.13468933105469 -1 203.86251831054688 186.05203247070312 -1 191.31895446777344 198.48106384277344 57 228.054443359375 211.77235412597656 495 219.94117736816406 203.27688598632812 -1 138.11930847167969 197.31011962890625 -1 234.30535888671875 223.28031921386719 -1 139.4395751953125 17.470773696899414 80 118.61574554443359 101.99526977539062 -1 109.242919921875 18.429412841796875 45 178.32554626464844 98.362045288085938 43 209.70106506347656 113.15677642822266 49 179.46876525878906 160.13468933105469 -1 191.31895446777344 198.48106384277344 59 212.74003601074219 80.017265319824219 346 200.26689147949219 86.858489990234375 96 178.32554626464844 98.362045288085938 48 209.06846618652344 83.953224182128906 245 214.20515441894531 92.216445922851562 111 221.41592407226562 94.647560119628906 231 181.13644409179688 99.44873046875 60 175.7315673828125 105.5943603515625 92 214.96249389648438 193.8404541015625 194 225.76179504394531 213.98588562011719 495 134.0267333984375 198.0565185546875 140 217.97747802734375 200.63230895996094 -1 223.66030883789062 203.14102172851562 -1 228.54396057128906 208.4072265625 -1 235.29508972167969 215.51034545898438 -1 238.15855407714844 218.84417724609375 -1 230.82937622070312 219.35714721679688 -1 248.22224426269531 229.52481079101562 -1 244.32904052734375 233.66047668457031 -1 236.08448791503906 89.695358276367188 -1 146.94337463378906 183.36637878417969 -1 203.63534545898438 182.13468933105469 -1 48.584014892578125 176.13211059570312 98 197.64308166503906 175.41917419433594 -1 176.88653564453125 156.98057556152344 -1 143.51806640625 152.13720703125 -1 143.929443359375 148.60244750976562 -1 81.335762023925781 147.822265625 -1 163.34249877929688 137.8280029296875 -1 92.971061706542969 137.45675659179688 -1 188.11326599121094 127.29747772216797 52 203.92869567871094 124.70292663574219 115 160.67399597167969 118.45607757568359 -1 204.5059814453125 116.50367736816406 51 206.98776245117188 114.10932159423828 -1 209.06846618652344 83.953224182128906 243 181.13644409179688 99.44873046875 63 206.98776245117188 114.10932159423828 462 203.92869567871094 124.70292663574219 118 188.11326599121094 127.29747772216797 58 92.971061706542969 137.45675659179688 -1 81.335762023925781 147.822265625 -1 13.800987243652344 210.09521484375 -1 134.0267333984375 198.0565185546875 139 94.639999389648438 11.751623153686523 106 103.52162170410156 21.952526092529297 54 92.581825256347656 22.892246246337891 55 100.37330627441406 23.730358123779297 -1 112.87915802001953 61.539100646972656 56 216.52801513671875 70.702232360839844 105 239.25180053710938 80.867591857910156 -1 48.584014892578125 176.13211059570312 101 36.964580535888672 189.48674011230469 120 66.244400024414062 161.11819458007812 212 180.72561645507812 138.64802551269531 -1 201.45753479003906 187.32763671875 494 66.244400024414062 161.11819458007812 473 
23 0.97327866590111667 0.22807941894594297 -0.025045424515916587 0.0090079890009454374 0.95333581129473222 1.5528861039098518 -0.91637389084968357 1 000021.png
134.32276916503906 49.174633026123047 -1 181.86607360839844 154.85066223144531 -1 142.41477966308594 206.75941467285156 1 140.33126831054688 96.798171997070312 -1 135.18118286132812 141.33708190917969 478 224.11082458496094 82.883407592773438 463 113.56404876708984 162.66049194335938 -1 135.26130676269531 181.19319152832031 -1 106.46166229248047 59.611869812011719 68 135.26130676269531 181.19319152832031 -1 154.18067932128906 172.21366882324219 -1 106.46166229248047 59.611869812011719 69 122.449462890625 45.985538482666016 -1 98.112571716308594 13.830010414123535 4 104.57895660400391 30.375110626220703 461 104.57895660400391 30.375110626220703 461 197.28111267089844 102.44960784912109 9 197.28111267089844 102.44960784912109 70 83.885444641113281 19.659662246704102 12 123.79074859619141 185.90309143066406 10 230.14883422851562 80.812225341796875 13 152.83987426757812 78.767570495605469 71 118.19002532958984 49.202995300292969 201 142.45515441894531 22.704368591308594 73 223.7183837890625 217.84184265136719 15 211.52110290527344 205.83648681640625 293 170.42257690429688 141.78517150878906 459 245.18075561523438 112.46141052246094 553 184.55134582519531 98.99139404296875 16 139.60179138183594 78.415206909179688 -1 136.33375549316406 189.51564025878906 348 170.42257690429688 141.78517150878906 19 139.60179138183594 78.415206909179688 -1 143.85670471191406 191.83961486816406 28 188.55862426757812 124.98966979980469 432 163.33999633789062 137.31655883789062 -1 163.33999633789062 137.31655883789062 29 196.20997619628906 84.496429443359375 23 188.55862426757812 124.98966979980469 77 204.7728271484375 61.532196044921875 -1 202.75544738769531 119.26438140869141 697 196.20997619628906 84.496429443359375 25 202.75544738769531 119.26438140869141 292 154.31462097167969 120.37995910644531 -1 136.58883666992188 190.94723510742188 140 136.58883666992188 190.94723510742188 139 212.87203979492188 65.828987121582031 31 141.41346740722656 19.438272476196289 80 250.07698059082031 89.72381591796875 464 217.49147033691406 80.711181640625 21 221.51390075683594 71.832656860351562 20 174.11567687988281 148.95903015136719 82 174.11567687988281 148.95903015136719 -1 174.11567687988281 148.95903015136719 -1 240.97904968261719 103.3687744140625 83 196.64248657226562 115.53815460205078 1319 205.76809692382812 115.37127685546875 462 124.12412261962891 153.51251220703125 -1 141.864013671875 193.6798095703125 -1 190.18370056152344 198.17335510253906 38 194.73536682128906 202.49085998535156 84 247.646484375 220.1126708984375 237 251.60615539550781 229.56797790527344 -1 208.5064697265625 87.032142639160156 39 190.18370056152344 198.17335510253906 32 194.73536682128906 202.49085998535156 -1 194.73536682128906 202.49085998535156 752 96.494346618652344 29.805742263793945 33 212.39230346679688 64.741096496582031 -1 208.5064697265625 87.032142639160156 34 123.60307312011719 115.52530670166016 -1 234.10653686523438 207.13815307617188 -1 108.55770111083984 14.298416137695312 44 241.66537475585938 214.58290100097656 -1 177.88897705078125 148.46725463867188 -1 194.19599914550781 195.12353515625 57 95.794761657714844 56.719577789306641 46 109.30089569091797 18.421249389648438 45 209.68309020996094 113.11687469482422 47 175.71926879882812 105.56867980957031 92 206.06202697753906 178.06324768066406 -1 212.75881958007812 80.164505004882812 346 123.12461090087891 97.324455261230469 -1 133.64326477050781 194.49186706542969 -1 178.37216186523438 98.240303039550781 43 169.37422180175781 98.273216247558594 -1 181.15061950683594 210.42315673828125 94 238.17304992675781 210.79069519042969 -1 169.37422180175781 98.273216247558594 -1 178.37216186523438 98.240303039550781 48 209.68309020996094 113.11687469482422 49 124.16671752929688 174.71159362792969 -1 191.11798095703125 162.99076843261719 -1 124.16671752929688 174.71159362792969 -1 203.473876953125 175.31558227539062 -1 218.86717224121094 200.31013488769531 698 200.29888916015625 86.322372436523438 96 137.37525939941406 194.87120056152344 140 40.931556701660156 184.38092041015625 -1 120.29483795166016 108.43675231933594 -1 120.19143676757812 113.21588134765625 40 203.80415344238281 124.80603790283203 115 47.008419036865234 179.03482055664062 64 54.996150970458984 171.96025085449219 98 166.93751525878906 142.07450866699219 -1 91.064552307128906 140.00135803222656 -1 191.04623413085938 127.34335327148438 -1 188.1324462890625 127.38134002685547 52 204.70947265625 116.52394866943359 51 172.72712707519531 115.55323791503906 294 206.95555114746094 114.22634887695312 -1 174.62431335449219 109.23859405517578 -1 247.52952575683594 104.28251647949219 61 181.17416381835938 99.382217407226562 63 244.50688171386719 94.382232666015625 -1 188.1324462890625 127.38134002685547 58 103.51006317138672 21.946666717529297 54 54.996150970458984 171.96025085449219 101 47.008419036865234 179.03482055664062 102 40.931556701660156 184.38092041015625 -1 137.37525939941406 194.87120056152344 139 92.600799560546875 22.818206787109375 55 91.064552307128906 140.00135803222656 470 93.719009399414062 27.377964019775391 275 203.80415344238281 124.80603790283203 118 216.45938110351562 70.705116271972656 105 94.5079345703125 11.780027389526367 106 181.17416381835938 99.382217407226562 60 213.27896118164062 194.01960754394531 159 206.95555114746094 114.22634887695312 462 73.603797912597656 155.77108764648438 -1 73.603797912597656 155.77108764648438 -1 227.65556335449219 93.055343627929688 107 
24 0.97473590816536915 0.22066310485843393 -0.03273977574492571 0.011216531167919638 1.4755328951747508 1.0497540898179571 -1.1577155583702672 1 000023.png
136.05355834960938 51.5543212890625 -1 176.27880859375 155.51921081542969 -1 141.87092590332031 208.20855712890625 1 134.64358520507812 105.28926086425781 -1 134.64358520507812 105.28926086425781 -1 190.10102844238281 63.580699920654297 -1 224.36965942382812 82.691337585449219 463 150.3453369140625 176.25666809082031 -1 150.3453369140625 176.25666809082031 -1 98.045822143554688 13.828051567077637 4 236.23689270019531 99.509918212890625 -1 110.79983520507812 159.81007385253906 -1 106.45301818847656 59.501323699951172 7 106.45301818847656 59.501323699951172 68 122.01631927490234 46.507419586181641 -1 106.45301818847656 59.501323699951172 69 104.65464782714844 30.340681076049805 461 156.05302429199219 107.90611267089844 -1 82.392692565917969 18.280551910400391 12 197.42747497558594 102.56468200683594 9 197.42747497558594 102.56468200683594 70 104.65464782714844 30.340681076049805 461 156.05302429199219 107.90611267089844 -1 120.01451873779297 188.59304809570312 10 131.63589477539062 190.25425720214844 348 207.76103210449219 210.5062255859375 293 220.13163757324219 223.22918701171875 15 230.46131896972656 80.68951416015625 13 184.54071044921875 98.989723205566406 16 160.67193603515625 140.91499328613281 -1 246.19754028320312 88.458908081054688 464 148.46046447753906 128.59934997558594 -1 242.14134216308594 117.50282287597656 -1 234.27960205078125 90.269195556640625 253 162.68310546875 155.01980590820312 -1 162.68310546875 155.01980590820312 -1 234.27960205078125 90.269195556640625 254 116.79930114746094 48.101936340332031 108 118.79607391357422 93.219703674316406 -1 138.79940795898438 196.41708374023438 28 102.61885070800781 70.003005981445312 130 169.86665344238281 142.36273193359375 19 196.230224609375 84.462471008300781 23 134.72450256347656 81.788909912109375 -1 118.79607391357422 93.219703674316406 -1 169.86665344238281 142.36273193359375 459 134.72450256347656 81.788909912109375 -1 196.230224609375 84.462471008300781 25 147.25119018554688 86.040306091308594 -1 202.88272094726562 119.36611938476562 292 174.31190490722656 126.57767486572266 362 169.86665344238281 142.36273193359375 -1 202.88272094726562 119.36611938476562 697 188.04766845703125 124.99478149414062 432 217.53221130371094 80.726882934570312 21 107.54648590087891 73.479446411132812 133 212.94308471679688 65.909286499023438 31 221.55216979980469 71.861701965332031 20 132.647705078125 196.29808044433594 139 188.04766845703125 124.99478149414062 77 132.647705078125 196.29808044433594 140 176.262939453125 145.16571044921875 -1 178.32530212402344 98.288246154785156 48 140.80702209472656 139.90013122558594 -1 96.427505493164062 29.745367050170898 33 208.56095886230469 87.066825866699219 34 254.23699951171875 99.262924194335938 -1 196.62728881835938 115.52679443359375 1319 205.79432678222656 115.40074920654297 462 142.00352478027344 133.05265808105469 -1 141.88581848144531 157.98118591308594 -1 186.16563415527344 202.84658813476562 38 178.32530212402344 98.288246154785156 43 208.56095886230469 87.066825866699219 39 186.16563415527344 202.84658813476562 32 95.7276611328125 56.530689239501953 46 212.67425537109375 79.966384887695312 346 200.1212158203125 87.017250061035156 96 214.39059448242188 199.09111022949219 489 209.34661865234375 108.62270355224609 358 209.68925476074219 113.12085723876953 47 147.2333984375 180.4296875 -1 209.16181945800781 198.50910949707031 159 226.96475219726562 212.98979187011719 495 243.89573669433594 231.54736328125 -1 249.233642578125 242.19230651855469 -1 109.25019073486328 18.398288726806641 45 247.04177856445312 234.73211669921875 -1 209.68925476074219 113.12085723876953 49 139.17396545410156 17.162693023681641 80 217.21113586425781 202.09356689453125 -1 15.744147300720215 207.29193115234375 490 12.075045585632324 210.43589782714844 -1 220.79428100585938 211.4451904296875 -1 224.97491455078125 215.69181823730469 495 140.47918701171875 146.63749694824219 -1 203.89541625976562 124.71372222900391 115 108.86029052734375 122.66622161865234 -1 242.65139770507812 117.93011474609375 -1 115.05877685546875 117.17695617675781 40 172.76092529296875 115.50443267822266 294 206.89433288574219 114.14120483398438 -1 181.16670227050781 99.391120910644531 60 249.75227355957031 94.34552001953125 -1 230.60224914550781 87.224739074707031 107 216.63143920898438 70.788215637207031 105 92.565467834472656 22.904291152954102 55 115.02257537841797 27.146032333374023 -1 138.88359069824219 176.629150390625 -1 94.622772216796875 11.847721099853516 106 181.16670227050781 99.391120910644531 63 206.89433288574219 114.14120483398438 462 242.65139770507812 117.93011474609375 -1 203.89541625976562 124.71372222900391 118 103.42482757568359 21.981971740722656 54 36.671875 186.03826904296875 -1 190.55374145507812 199.87242126464844 59 46.565959930419922 177.34747314453125 98 36.671875 186.03826904296875 -1 190.55374145507812 199.87242126464844 57 46.565959930419922 177.34747314453125 101 56.703464508056641 171.70500183105469 -1 253.10025024414062 89.830612182617188 -1 
25 0.97431748809463914 0.22297138714735859 -0.027959166605574796 0.014404093489602154 1.1950479147904793 1.1960959325481868 -1.117865632161573 1 000025.png
178.16748046875 154.76274108886719 -1 140.04403686523438 207.45588684082031 1 136.65299987792969 97.555007934570312 -1 131.8486328125 139.89450073242188 -1 131.8486328125 139.89450073242188 -1 224.87522888183594 82.190597534179688 463 151.31538391113281 174.38838195800781 -1 151.31538391113281 174.38838195800781 -1 157.08979797363281 101.31559753417969 -1 157.08979797363281 101.31559753417969 -1 121.85199737548828 43.654579162597656 -1 106.59037017822266 59.468547821044922 7 157.08979797363281 101.31559753417969 -1 106.59037017822266 59.468547821044922 433 106.59037017822266 59.468547821044922 -1 98.042404174804688 13.799710273742676 4 104.54940032958984 30.422103881835938 461 197.14842224121094 102.47299957275391 9 82.052001953125 17.161527633666992 12 104.54940032958984 30.422103881835938 461 197.14842224121094 102.47299957275391 70 209.93667602539062 210.41047668457031 293 221.67520141601562 222.693603515625 15 119.70849609375 187.6702880859375 10 148.52177429199219 113.64250183105469 -1 245.18478393554688 245.60794067382812 465 230.5802001953125 80.627532958984375 13 161.98040771484375 139.01687622070312 -1 85.014244079589844 20.275119781494141 12 245.58798217773438 114.77285003662109 -1 151.96212768554688 123.71250152587891 -1 180.70779418945312 141.30171203613281 475 170.34396362304688 141.84541320800781 459 85.638893127441406 150.11422729492188 -1 132.55609130859375 191.78678894042969 348 170.34396362304688 141.84541320800781 19 184.55862426757812 98.951095581054688 16 161.98040771484375 139.01687622070312 29 202.91560363769531 119.34414672851562 292 119.76334381103516 87.321739196777344 -1 202.91560363769531 119.34414672851562 697 251.00546264648438 90.808883666992188 -1 196.20562744140625 84.522048950195312 23 140.02763366699219 194.51634216308594 28 119.76334381103516 87.321739196777344 -1 102.66155242919922 69.922592163085938 130 251.00546264648438 90.808883666992188 464 196.20562744140625 84.522048950195312 25 221.60540771484375 71.888229370117188 20 212.90986633300781 66.05029296875 31 192.00889587402344 206.13459777832031 84 192.00889587402344 206.13459777832031 752 208.09805297851562 87.32275390625 34 157.16690063476562 131.44879150390625 -1 116.22068786621094 46.042613983154297 108 125.42343139648438 75.541824340820312 -1 217.63526916503906 80.538787841796875 21 208.09805297851562 87.32275390625 39 188.04928588867188 124.94331359863281 77 188.04928588867188 124.94331359863281 432 192.00889587402344 206.13459777832031 -1 192.00889587402344 206.13459777832031 -1 107.62796783447266 73.637763977050781 133 187.93046569824219 202.16099548339844 32 139.37342834472656 17.461227416992188 80 96.448898315429688 29.826747894287109 33 187.93046569824219 202.16099548339844 38 145.00350952148438 128.14805603027344 -1 205.82296752929688 115.54580688476562 462 196.62982177734375 115.50890350341797 1319 116.02396392822266 114.00424957275391 40 146.55741882324219 121.61228179931641 -1 108.53369903564453 14.243186950683594 44 209.76026916503906 113.25128936767578 47 250.49592590332031 235.32827758789062 -1 86.791694641113281 2.8800251483917236 307 109.27898406982422 18.444540023803711 45 178.28962707519531 98.344085693359375 48 146.55741882324219 121.61228179931641 -1 144.98554992675781 147.24690246582031 -1 46.028591156005859 177.94029235839844 64 246.30709838867188 235.87260437011719 -1 251.74632263183594 241.79354858398438 -1 212.54307556152344 79.828811645507812 346 250.49592590332031 235.32827758789062 685 86.791694641113281 2.8800251483917236 308 178.28962707519531 98.344085693359375 43 209.76026916503906 113.25128936767578 49 94.599769592285156 11.599347114562988 106 216.61175537109375 70.736282348632812 105 200.24002075195312 86.7349853515625 96 20.447015762329102 195.99624633789062 -1 30.048345565795898 184.5430908203125 -1 23.11627197265625 197.0499267578125 -1 211.2359619140625 197.40229797363281 159 191.83897399902344 198.71481323242188 57 15.796894073486328 199.88055419921875 -1 189.59005737304688 200.83634948730469 -1 9.0995502471923828 202.14529418945312 -1 29.258693695068359 191.87806701660156 -1 197.77784729003906 174.56973266601562 -1 41.869915008544922 174.55108642578125 -1 17.442302703857422 201.78959655761719 -1 48.641521453857422 171.94172668457031 98 54.420566558837891 167.13218688964844 -1 15.796894073486328 199.88055419921875 -1 103.4044189453125 22.041645050048828 54 59.878639221191406 159.54136657714844 -1 15.263034820556641 203.82600402832031 490 181.14183044433594 99.377655029296875 63 80.5384521484375 144.78874206542969 -1 248.23344421386719 109.65703582763672 53 87.528236389160156 138.69981384277344 594 94.077285766601562 132.87995910644531 -1 188.15019226074219 127.47200775146484 52 181.96821594238281 120.53887176513672 157 204.74253845214844 116.63063049316406 51 172.77545166015625 115.47719573974609 294 95.798683166503906 56.840831756591797 46 248.35655212402344 106.51531219482422 61 175.75749206542969 105.53458404541016 92 181.14183044433594 99.377655029296875 60 208.57205200195312 83.425865173339844 -1 118.98548126220703 81.583541870117188 -1 112.90546417236328 61.771553039550781 56 92.621658325195312 22.778482437133789 55 208.57205200195312 83.425865173339844 34 250.01756286621094 114.65449523925781 -1 188.15019226074219 127.47200775146484 58 94.077285766601562 132.87995910644531 -1 87.528236389160156 138.69981384277344 470 80.5384521484375 144.78874206542969 -1 54.420566558837891 167.13218688964844 173 48.641521453857422 171.94172668457031 101 32.673885345458984 185.52523803710938 -1 20.447015762329102 195.99624633789062 -1 191.83897399902344 198.71481323242188 59 5.7274627685546875 205.125732421875 -1 231.54890441894531 219.18060302734375 -1 32.673885345458984 185.52523803710938 -1 40.135940551757812 182.33140563964844 -1 57.169971466064453 164.71858215332031 -1 63.023021697998047 162.95114135742188 -1 75.367172241210938 149.32551574707031 -1 133.08206176757812 50.821731567382812 176 166.87399291992188 142.21742248535156 -1 75.367172241210938 149.32551574707031 -1 57.169971466064453 164.71858215332031 -1 
27 0.97402771590450032 0.2247298000621292 -0.025693139682638332 0.010314464947150272 0.9995027208982038 1.3227695982638803 -1.1692823548065021 1 000026.png
130.29510498046875 41.899833679199219 169 181.04437255859375 154.95738220214844 -1 138.62185668945312 206.35812377929688 1 130.29510498046875 41.899833679199219 -1 139.20976257324219 87.761573791503906 -1 133.01327514648438 136.19485473632812 -1 164.73423767089844 114.04095458984375 -1 109.97657012939453 160.636474609375 477 152.80555725097656 173.83808898925781 -1 164.73423767089844 114.04095458984375 -1 152.80555725097656 173.83808898925781 -1 80.251388549804688 15.38040828704834 -1 98.068229675292969 13.80224609375 4 106.94124603271484 60.159538269042969 -1 225.55511474609375 81.275299072265625 463 158.44407653808594 92.809074401855469 -1 106.94124603271484 60.159538269042969 69 104.52582550048828 30.534318923950195 461 197.18014526367188 102.40826416015625 9 119.95622253417969 185.94911193847656 10 212.27406311035156 209.22126770019531 293 225.30714416503906 222.8504638671875 15 197.18014526367188 102.40826416015625 70 104.52582550048828 30.534318923950195 461 84.089523315429688 19.741399765014648 12 139.54541015625 68.349174499511719 -1 230.57460021972656 80.47735595703125 13 139.54541015625 68.349174499511719 -1 133.27214050292969 188.91204833984375 184 133.27214050292969 188.91204833984375 348 184.5576171875 98.928825378417969 16 170.61521911621094 141.48847961425781 459 82.334022521972656 149.80595397949219 -1 170.61521911621094 141.48847961425781 19 140.61471557617188 19.769157409667969 73 116.61669158935547 39.827503204345703 202 102.50210571289062 70.361984252929688 130 196.20707702636719 84.508583068847656 25 174.27978515625 126.72219848632812 362 163.36845397949219 136.65559387207031 29 140.84469604492188 192.87370300292969 28 196.20707702636719 84.508583068847656 23 249.14480590820312 111.11503601074219 468 221.70004272460938 72.010467529296875 20 194.67132568359375 205.45854187011719 752 163.52978515625 106.83796691894531 -1 245.65858459472656 101.43490600585938 -1 207.65617370605469 87.623153686523438 39 217.70692443847656 80.344688415527344 21 121.56613159179688 77.774627685546875 -1 194.67132568359375 205.45854187011719 -1 207.65617370605469 87.623153686523438 34 217.70692443847656 80.344688415527344 -1 121.56613159179688 77.774627685546875 -1 126.59048461914062 67.754592895507812 -1 188.32521057128906 124.94253540039062 432 188.32521057128906 124.94253540039062 77 178.32704162597656 98.237144470214844 43 162.07344055175781 134.94755554199219 427 213.44966125488281 87.665824890136719 286 189.82728576660156 200.70610046386719 32 178.32704162597656 98.237144470214844 48 248.91848754882812 229.56962585449219 -1 96.484390258789062 29.759542465209961 33 126.63824462890625 72.720207214355469 -1 248.11210632324219 86.256637573242188 464 213.44966125488281 87.665824890136719 287 238.53941345214844 105.66230010986328 83 196.67964172363281 115.51123046875 1319 205.91648864746094 115.45914459228516 462 191.49954223632812 163.35977172851562 -1 189.82728576660156 200.70610046386719 38 162.07344055175781 134.94755554199219 -1 252.32852172851562 102.65808868408203 61 108.541748046875 14.200076103210449 44 6.1101579666137695 199.00048828125 -1 232.46893310546875 211.75588989257812 495 171.129638671875 145.86897277832031 -1 120.03684234619141 73.048637390136719 -1 209.79454040527344 113.19406127929688 49 229.48965454101562 213.48660278320312 495 239.973876953125 215.28305053710938 -1 209.79454040527344 113.19406127929688 47 252.57928466796875 238.79638671875 -1 252.32852172851562 102.65808868408203 485 171.129638671875 145.86897277832031 -1 245.52085876464844 230.86209106445312 -1 213.59779357910156 196.23725891113281 159 193.99578857421875 197.46652221679688 57 193.99578857421875 197.46652221679688 59 109.27442169189453 18.424530029296875 45 95.805892944335938 56.919448852539062 46 134.02738952636719 63.842945098876953 208 216.52032470703125 70.684051513671875 105 232.95143127441406 82.987808227539062 -1 94.651695251464844 11.990059852600098 106 252.99269104003906 89.133003234863281 -1 181.15562438964844 99.386940002441406 60 245.30097961425781 100.12355041503906 -1 175.71771240234375 105.50798034667969 92 252.49307250976562 106.37594604492188 53 198.82670593261719 180.10466003417969 -1 199.51095581054688 83.344406127929688 -1 196.28273010253906 177.41017150878906 -1 42.913913726806641 172.26066589355469 -1 27.313583374023438 181.86187744140625 -1 33.579113006591797 183.52803039550781 -1 30.888864517211914 185.73204040527344 -1 18.933477401733398 188.95233154296875 -1 26.404184341430664 189.65011596679688 486 217.38529968261719 191.36927795410156 194 17.581731796264648 196.87100219726562 -1 15.167727470397949 199.04818725585938 483 191.5716552734375 199.35856628417969 -1 11.499428749084473 201.86540222167969 -1 38.075099945068359 176.43524169921875 -1 46.992733001708984 169.02099609375 -1 49.580158233642578 166.95664978027344 -1 62.473030090332031 156.174560546875 -1 66.455398559570312 152.92875671386719 -1 63.270133972167969 152.53660583496094 210 168.27394104003906 146.96719360351562 -1 79.150032043457031 139.05709838867188 474 83.41473388671875 138.66647338867188 594 92.963943481445312 133.58396911621094 -1 188.22052001953125 127.34245300292969 52 162.90234375 122.79206848144531 -1 114.37940216064453 108.71209716796875 -1 252.99269104003906 89.133003234863281 -1 181.15562438964844 99.386940002441406 63 224.76322937011719 100.76941680908203 -1 114.37940216064453 108.71209716796875 -1 188.22052001953125 127.34245300292969 58 83.41473388671875 138.66647338867188 -1 168.27394104003906 146.96719360351562 -1 66.455398559570312 152.92875671386719 -1 62.473030090332031 156.174560546875 -1 49.580158233642578 166.95664978027344 -1 46.992733001708984 169.02099609375 -1 38.075099945068359 176.43524169921875 -1 197.361572265625 238.50666809082031 164 233.04917907714844 208.13104248046875 -1 197.361572265625 238.50666809082031 163 42.913913726806641 172.26066589355469 -1 103.48109436035156 21.968252182006836 54 92.602737426757812 22.88929557800293 55 224.76322937011719 100.76941680908203 -1 43.398731231689453 174.97219848632812 482 114.95323181152344 44.140052795410156 -1 191.25398254394531 127.12482452392578 -1 158.18487548828125 107.58929443359375 -1 243.62886047363281 85.896286010742188 -1 113.11244964599609 61.716930389404297 56 
28 0.97450128388716362 0.22194854568981906 -0.030664456706989626 0.012074016038967565 1.3404170443974115 1.1468945555324279 -1.3137468250761144 1 000024.png
135.79969787597656 51.043952941894531 -1 176.71380615234375 155.38047790527344 -1 141.70433044433594 208.20492553710938 1 134.95845031738281 103.86981201171875 -1 134.95845031738281 103.86981201171875 -1 190.17611694335938 63.565338134765625 -1 224.4183349609375 82.537117004394531 463 150.57527160644531 175.74374389648438 -1 150.57527160644531 175.74374389648438 -1 98.05615234375 13.826226234436035 4 122.09271240234375 45.436107635498047 -1 106.47026062011719 59.810626983642578 69 106.47026062011719 59.810626983642578 68 106.47026062011719 59.810626983642578 7 208.67784118652344 211.3455810546875 293 197.24819946289062 102.45020294189453 70 82.343574523925781 18.077804565429688 12 156.00970458984375 106.78533935546875 -1 104.58642578125 30.460672378540039 461 197.24819946289062 102.45020294189453 9 156.00970458984375 106.78533935546875 -1 104.58642578125 30.460672378540039 461 244.91432189941406 247.29109191894531 465 141.07234191894531 21.968879699707031 73 120.03407287597656 188.6190185546875 10 220.82879638671875 224.03514099121094 15 230.96708679199219 80.483863830566406 13 131.97695922851562 190.72331237792969 348 243.28590393066406 116.98350524902344 -1 246.97686767578125 88.832878112792969 464 184.53485107421875 98.988700866699219 16 149.38040161132812 127.76113128662109 -1 160.93443298339844 140.62364196777344 -1 163.02587890625 154.82768249511719 -1 163.02587890625 154.82768249511719 -1 221.61734008789062 71.935646057128906 20 139.50517272949219 196.40513610839844 28 202.82199096679688 119.30918884277344 292 196.22219848632812 84.462440490722656 25 169.88734436035156 142.319091796875 -1 135.35379028320312 80.85906982421875 -1 202.82199096679688 119.30918884277344 697 169.88734436035156 142.319091796875 459 169.88734436035156 142.319091796875 19 196.22219848632812 84.462440490722656 23 135.35379028320312 80.85906982421875 -1 213.05712890625 65.914939880371094 31 205.96553039550781 94.445907592773438 147 239.60511779785156 107.68831634521484 83 178.67317199707031 110.16399383544922 220 190.87760925292969 207.39483642578125 752 217.49185180664062 80.757553100585938 21 188.24026489257812 124.99655151367188 77 188.24026489257812 124.99655151367188 432 208.25892639160156 87.144859313964844 39 208.25892639160156 87.144859313964844 34 147.55068969726562 181.266357421875 -1 96.341758728027344 29.738002777099609 33 205.79527282714844 115.44359588623047 462 176.03916931152344 145.53694152832031 -1 186.78935241699219 202.84150695800781 38 251.96965026855469 239.56138610839844 685 186.78935241699219 202.84150695800781 32 196.63836669921875 115.53245544433594 1319 230.80046081542969 216.63017272949219 -1 108.58960723876953 14.445858001708984 44 238.10557556152344 229.36888122558594 -1 109.29139709472656 18.421342849731445 45 215.05723571777344 76.31964111328125 -1 95.776947021484375 56.711189270019531 46 212.60568237304688 80.081863403320312 346 178.31796264648438 98.36138916015625 48 209.68011474609375 113.05802917480469 47 162.59060668945312 137.54188537597656 -1 141.41749572753906 141.42770385742188 -1 173.79933166503906 154.81422424316406 -1 191.58940124511719 174.95295715332031 -1 248.32176208496094 235.42454528808594 -1 227.48086547851562 212.87176513671875 495 167.25938415527344 142.26596069335938 -1 254.95645141601562 107.09176635742188 -1 254.95645141601562 107.09176635742188 -1 178.31796264648438 98.36138916015625 43 209.68011474609375 113.05802917480469 49 173.79933166503906 154.81422424316406 -1 31.184732437133789 193.61895751953125 -1 208.05915832519531 196.00991821289062 -1 210.42301940917969 198.97373962402344 159 188.59028625488281 201.69937133789062 -1 217.63752746582031 201.94070434570312 -1 2.6903083324432373 214.84075927734375 -1 6.2055230140686035 215.2191162109375 -1 139.26556396484375 17.013431549072266 80 118.60874938964844 136.77337646484375 -1 163.2027587890625 138.72531127929688 -1 188.22885131835938 127.28216552734375 52 203.8209228515625 124.80657958984375 115 94.651824951171875 11.521419525146484 106 141.06434631347656 146.14979553222656 -1 65.191253662109375 161.02473449707031 212 181.94932556152344 120.45709991455078 157 204.54231262207031 116.68915557861328 51 172.84614562988281 115.34714508056641 -1 172.84614562988281 115.34714508056641 -1 206.94903564453125 114.25714111328125 -1 174.80943298339844 108.81639862060547 -1 103.32429504394531 22.075353622436523 54 175.78814697265625 105.45950317382812 92 162.89692687988281 102.76522827148438 -1 181.16941833496094 99.398918151855469 60 143.40640258789062 130.59757995605469 -1 221.40858459472656 94.56610107421875 231 227.68099975585938 92.997657775878906 107 230.55058288574219 87.059814453125 107 181.16941833496094 99.398918151855469 63 92.555809020996094 22.908397674560547 55 206.94903564453125 114.25714111328125 462 203.8209228515625 124.80657958984375 118 188.22885131835938 127.28216552734375 58 65.191253662109375 161.02473449707031 473 46.098987579345703 177.40875244140625 101 115.02153015136719 29.033058166503906 -1 216.38058471679688 70.630508422851562 105 33.6629638671875 191.24221801757812 120 109.35923767089844 71.108924865722656 -1 46.098987579345703 177.40875244140625 98 140.66249084472656 149.63699340820312 -1 
29 0.981312235206523 0.19136119189125833 0.014836650610293732 -0.013677173341114571 -2.6902501801344512 -1.5938001718630062 0.2879805739751759 1 000028.png
137.04592895507812 201.87312316894531 621 129.71601867675781 136.67100524902344 478 112.91351318359375 24.635181427001953 622 105.52289581298828 157.33024597167969 477 150.30632019042969 159.19609069824219 -1 241.68681335449219 93.934906005859375 741 117.67955017089844 178.53500366210938 10 219.68870544433594 206.60919189453125 -1 233.48895263671875 220.9232177734375 465 241.68681335449219 93.934906005859375 -1 188.96257019042969 51.860843658447266 1326 201.81048583984375 59.986400604248047 696 223.82783508300781 109.10552978515625 731 151.18367004394531 121.35638427734375 19 76.244979858398438 147.31858825683594 479 182.57928466796875 159.97946166992188 848 131.28120422363281 179.36656188964844 140 131.28120422363281 179.36656188964844 706 135.13365173339844 34.640201568603516 628 181.33447265625 45.544876098632812 597 135.13365173339844 34.640201568603516 1004 164.182861328125 48.263504028320312 596 102.39380645751953 48.930637359619141 720 156.3782958984375 77.12152099609375 16 164.40293884277344 102.81156921386719 432 151.7266845703125 103.80928802490234 362 156.3782958984375 77.12152099609375 627 112.97769165039062 44.453567504882812 631 196.00450134277344 198.03157043457031 32 109.1937255859375 34.977066040039062 1325 141.40579223632812 18.849796295166016 649 121.71043395996094 26.620540618896484 630 174.0465087890625 39.563385009765625 675 169.91098022460938 63.051319122314453 25 171.99789428710938 88.277580261230469 611 168.93138122558594 91.447021484375 1319 254.71017456054688 94.014892578125 1349 179.94233703613281 94.522209167480469 491 238.61294555664062 94.798637390136719 -1 175.40983581542969 95.405357360839844 697 169.04867553710938 95.875556945800781 276 247.46463012695312 102.65142822265625 730 159.33576965332031 122.32227325439453 475 112.80722045898438 148.14599609375 -1 196.00450134277344 198.03157043457031 38 227.56581115722656 200.61320495605469 698 121.71043395996094 26.620540618896484 648 169.91098022460938 63.051319122314453 23 169.91098022460938 63.051319122314453 599 175.40983581542969 95.405357360839844 292 247.46463012695312 102.65142822265625 468 119.68747711181641 34.823387145996094 1003 220.81588745117188 193.41258239746094 159 85.155654907226562 130.09727478027344 594 205.67562866210938 177.4901123046875 -1 239.46177673339844 126.92177581787109 -1 200.33958435058594 194.22474670410156 57 126.26226806640625 30.650529861450195 1322 166.64962768554688 41.610221862792969 753 210.61494445800781 182.45684814453125 494 200.33958435058594 194.22474670410156 59 126.26226806640625 30.650529861450195 654 252.66015625 88.908218383789062 -1 249.13031005859375 89.888130187988281 -1 249.13031005859375 89.888130187988281 -1 85.155654907226562 130.09727478027344 470 151.51922607421875 75.851409912109375 43 234.94761657714844 77.756576538085938 -1 234.94761657714844 77.756576538085938 -1 252.66015625 88.908218383789062 -1 249.13031005859375 89.888130187988281 -1 180.4200439453125 141.05184936523438 -1 63.150600433349609 147.82095336914062 212 66.3460693359375 148.49432373046875 210 202.38247680664062 173.64810180664062 -1 34.016532897949219 174.15982055664062 209 2.945157527923584 198.9539794921875 320 116.89894104003906 36.635318756103516 1003 169.37605285644531 40.258792877197266 620 102.96656036376953 43.98455810546875 -1 11.391847610473633 192.33685302734375 321 217.22410583496094 189.11042785644531 -1 18.068025588989258 187.10415649414062 -1 172.348388671875 60.302806854248047 -1 241.44277954101562 84.657173156738281 825 151.53207397460938 116.35600280761719 -1 63.150600433349609 147.82095336914062 473 189.57237243652344 64.317733764648438 619 184.75759887695312 69.597015380859375 111 158.46755981445312 80.546928405761719 705 241.44277954101562 84.657173156738281 1054 250.03953552246094 87.06964111328125 -1 166.30935668945312 88.898262023925781 603 250.99237060546875 116.98976898193359 590 180.99562072753906 89.18121337890625 47 225.9200439453125 100.21348571777344 1109 157.41993713378906 102.39384460449219 157 151.53207397460938 116.35600280761719 605 145.10308837890625 122.27996826171875 -1 84.130805969238281 134.26715087890625 474 204.75726318359375 237.31607055664062 163 204.75726318359375 237.31607055664062 164 
30 0.98136240216086257 0.19103746663255405 0.015802380979612632 -0.013520603649712059 -2.7473854047199464 -1.6246125683783477 0.4168817851170904 1 000030.png
137.07621765136719 201.96746826171875 621 129.74073791503906 136.34414672851562 478 112.92227935791016 24.610790252685547 622 150.36241149902344 159.06428527832031 -1 129.86590576171875 171.80815124511719 529 129.86590576171875 171.80815124511719 -1 242.06806945800781 94.042106628417969 -1 98.172676086425781 29.125801086425781 623 242.06806945800781 94.042106628417969 741 118.13578033447266 179.07247924804688 10 219.69979858398438 206.59774780273438 -1 233.67643737792969 221.06019592285156 465 131.24604797363281 178.39070129394531 -1 131.24604797363281 178.39070129394531 706 189.07652282714844 52.047637939453125 1326 201.86465454101562 59.991474151611328 696 223.82206726074219 109.11565399169922 731 151.19483947753906 121.50544738769531 19 76.403228759765625 146.98432922363281 479 135.12898254394531 34.637706756591797 628 181.41996765136719 45.634311676025391 597 131.68142700195312 180.97161865234375 140 131.68142700195312 180.97161865234375 706 135.12898254394531 34.637706756591797 1004 156.4921875 77.005142211914062 627 156.4921875 77.005142211914062 16 141.66825866699219 19.564859390258789 649 164.2249755859375 48.307567596435547 596 102.79048919677734 49.286228179931641 720 188.47212219238281 70.775794982910156 -1 164.51278686523438 102.725341796875 432 151.70567321777344 104.20326232910156 362 112.37209320068359 148.36528015136719 -1 174.59518432617188 40.183391571044922 675 167.93968200683594 90.719039916992188 1319 254.34342956542969 94.00823974609375 1349 179.95184326171875 94.590713500976562 491 175.34266662597656 95.332237243652344 697 169.11253356933594 95.802993774414062 276 247.75360107421875 102.92256927490234 730 159.37197875976562 122.26622772216797 475 195.99520874023438 197.94099426269531 38 227.44770812988281 200.6773681640625 698 121.71221160888672 26.570484161376953 648 169.90069580078125 63.054450988769531 23 169.90069580078125 63.054450988769531 599 175.34266662597656 95.332237243652344 292 247.75360107421875 102.92256927490234 468 195.99520874023438 197.94099426269531 32 109.18685150146484 35.017814636230469 1325 121.71221160888672 26.570484161376953 630 112.96640014648438 44.193805694580078 631 169.90069580078125 63.054450988769531 25 172.22433471679688 89.017120361328125 611 141.17286682128906 18.275888442993164 649 249.20669555664062 89.79534912109375 -1 242.4820556640625 216.130615234375 -1 119.86591339111328 34.721893310546875 1003 239.314208984375 126.75402069091797 -1 95.602508544921875 121.23626708984375 -1 39.596240997314453 166.16828918457031 -1 220.85848999023438 193.42440795898438 159 249.20669555664062 89.79534912109375 -1 249.20669555664062 89.79534912109375 -1 39.596240997314453 166.16828918457031 102 200.34477233886719 194.24189758300781 59 200.34477233886719 194.24189758300781 57 151.58854675292969 75.619773864746094 43 237.5753173828125 210.76712036132812 495 100.26558685302734 5.9715681076049805 1328 126.55096435546875 30.636171340942383 1322 116.927490234375 36.599067687988281 1003 169.39743041992188 40.073848724365234 620 184.35630798339844 69.737548828125 111 238.99954223632812 79.941810607910156 700 158.50584411621094 80.52081298828125 705 250.14201354980469 87.150772094726562 -1 166.3189697265625 88.808479309082031 603 8.5105152130126953 194.4139404296875 196 252.66526794433594 88.835601806640625 -1 239.2119140625 95.277420043945312 -1 251.23997497558594 95.740768432617188 485 235.12104797363281 77.832847595214844 700 252.66526794433594 88.835601806640625 -1 217.03701782226562 189.12826538085938 -1 211.54917907714844 183.13583374023438 494 239.2119140625 95.277420043945312 -1 25.972927093505859 180.42341613769531 486 189.7825927734375 64.058967590332031 619 57.302459716796875 155.66050720214844 481 251.31925964355469 116.85697937011719 590 238.71052551269531 105.47478485107422 976 238.71052551269531 105.47478485107422 -1 251.31925964355469 116.85697937011719 590 247.82057189941406 85.614166259765625 -1 36.299663543701172 172.0523681640625 209 
31 0.98079263848465748 0.19379152349257894 0.012178860529623648 -0.018501920790264671 -2.5760787947424033 -1.4104943254345084 0.38892198815259738 1 000032.png
137.44520568847656 201.89480590820312 621 200.45402526855469 75.525718688964844 553 129.70478820800781 136.52313232421875 478 112.92634582519531 24.602664947509766 622 225.19119262695312 124.81692504882812 -1 129.8955078125 172.29707336425781 529 129.8955078125 172.29707336425781 -1 150.64776611328125 158.15077209472656 -1 201.25692749023438 193.37326049804688 -1 201.25692749023438 193.37326049804688 -1 118.04058837890625 178.76756286621094 10 219.72767639160156 204.38264465332031 -1 233.65249633789062 218.28584289550781 465 187.48725891113281 51.859592437744141 1326 190.6925048828125 171.57427978515625 -1 76.270065307617188 147.00885009765625 479 201.82785034179688 59.902641296386719 696 223.62403869628906 107.65518951416016 731 151.29380798339844 121.134765625 19 131.53102111816406 179.86727905273438 140 131.53102111816406 179.86727905273438 706 156.48245239257812 77.044044494628906 16 135.23619079589844 34.7353515625 628 181.40065002441406 45.564865112304688 597 135.23619079589844 34.7353515625 1004 156.48245239257812 77.044044494628906 627 174.58798217773438 40.214752197265625 675 164.12934875488281 48.097393035888672 596 167.94148254394531 90.717536926269531 1319 164.36279296875 102.77108764648438 432 151.80171203613281 103.77201080322266 362 245.49617004394531 211.38238525390625 -1 102.72025299072266 49.193775177001953 720 188.14828491210938 71.052444458007812 -1 113.01728820800781 44.430625915527344 631 247.03898620605469 100.96741485595703 468 196.24981689453125 195.65704345703125 32 109.19769287109375 34.812274932861328 1325 141.490478515625 19.011110305786133 649 121.67156982421875 26.532861709594727 630 169.91462707519531 63.053989410400391 25 183.16270446777344 69.992446899414062 111 171.81681823730469 88.129371643066406 611 179.95791625976562 94.508201599121094 491 175.40335083007812 95.340888977050781 697 168.98292541503906 95.88482666015625 276 247.03898620605469 100.96741485595703 730 160.05110168457031 121.56710815429688 475 112.95999145507812 147.10581970214844 -1 196.24981689453125 195.65704345703125 38 109.19769287109375 34.812274932861328 827 121.67156982421875 26.532861709594727 648 169.91462707519531 63.053989410400391 23 169.91462707519531 63.053989410400391 599 175.40335083007812 95.340888977050781 292 179.25640869140625 185.02925109863281 -1 126.23910522460938 30.644830703735352 1322 251.50077819824219 223.1568603515625 -1 197.72006225585938 223.88233947753906 -1 151.5775146484375 75.675300598144531 43 123.29739379882812 40.199600219726562 -1 253.77249145507812 92.747840881347656 1349 222.87590026855469 106.03401947021484 731 205.35150146484375 175.06706237792969 -1 179.25640869140625 185.02925109863281 -1 126.23910522460938 30.644830703735352 654 123.29739379882812 40.199600219726562 883 179.25640869140625 185.02925109863281 -1 221.14266967773438 191.2635498046875 159 200.45172119140625 191.79092407226562 57 237.38246154785156 207.689697265625 495 250.16981506347656 211.46348571777344 -1 242.29136657714844 213.50279235839844 -1 172.16209411621094 89.136917114257812 611 180.98171997070312 89.14361572265625 47 247.62303161621094 106.50994110107422 -1 251.30122375488281 109.52481079101562 -1 251.91867065429688 113.04438781738281 590 151.60078430175781 116.30537414550781 605 226.07981872558594 194.68280029296875 698 3.3118360042572021 198.53028869628906 320 232.1900634765625 219.46160888671875 -1 204.916015625 234.65682983398438 163 242.16200256347656 81.905509948730469 -1 11.792123794555664 191.71311950683594 321 100.217041015625 6.0964322090148926 1328 117.03695678710938 36.548686981201172 1003 174.68537902832031 53.101112365722656 -1 177.54541015625 136.02543640136719 -1 95.364326477050781 124.56934356689453 -1 111.01548767089844 85.364830017089844 -1 252.0416259765625 88.382110595703125 -1 196.18936157226562 56.7213134765625 -1 251.30122375488281 109.52481079101562 590 151.60078430175781 116.30537414550781 -1 204.916015625 234.65682983398438 164 167.85736083984375 60.40069580078125 -1 213.09616088867188 173.38487243652344 -1 189.44731140136719 64.620124816894531 619 252.0416259765625 88.382110595703125 -1 238.417724609375 79.647239685058594 700 237.07502746582031 82.378128051757812 1055 240.76156616210938 84.386787414550781 1054 246.9691162109375 84.993110656738281 -1 111.01548767089844 85.364830017089844 -1 166.3140869140625 88.907989501953125 603 166.3140869140625 88.907989501953125 684 105.26010894775391 116.36494445800781 -1 88.776390075683594 129.8343505859375 -1 6.7330336570739746 195.68377685546875 196 204.21983337402344 164.8626708984375 -1 180.76657104492188 139.83538818359375 -1 
34 0.97386325461710399 0.22571844095046428 -0.022819764940871168 0.010991135042246329 0.81531620038831676 1.3791298617136918 -1.1577285723016091 1 000027.png
129.39469909667969 39.777805328369141 169 182.76802062988281 155.07493591308594 -1 137.95840454101562 206.20066833496094 1 129.39469909667969 39.777805328369141 -1 176.54292297363281 60.617179870605469 -1 140.74591064453125 82.147911071777344 -1 133.81036376953125 134.68180847167969 -1 76.72027587890625 10.334385871887207 -1 165.60978698730469 111.23866271972656 -1 109.78996276855469 159.88909912109375 477 153.48358154296875 173.08412170410156 -1 153.48358154296875 173.08412170410156 -1 165.60978698730469 111.23866271972656 -1 107.17449188232422 59.947116851806641 -1 107.17449188232422 59.947116851806641 69 98.083824157714844 13.78148365020752 4 225.97088623046875 81.061744689941406 463 161.62374877929688 88.438522338867188 -1 104.55464935302734 30.442731857299805 461 197.09066772460938 102.41777801513672 9 119.98900604248047 184.88310241699219 10 213.80975341796875 208.82676696777344 293 226.70098876953125 222.151123046875 15 104.55464935302734 30.442731857299805 461 197.09066772460938 102.41777801513672 70 83.887626647949219 19.438457489013672 12 230.68998718261719 80.367729187011719 13 81.002815246582031 150.51997375488281 -1 133.33201599121094 185.11959838867188 529 117.53398132324219 36.689620971679688 -1 117.53398132324219 36.689620971679688 -1 184.53492736816406 98.933982849121094 16 170.71163940429688 141.34622192382812 459 133.87342834472656 189.67355346679688 348 142.01399230957031 191.49803161621094 28 141.1668701171875 62.381702423095703 -1 102.73508453369141 69.810798645019531 130 141.1668701171875 62.381702423095703 -1 133.87342834472656 189.67355346679688 184 170.71163940429688 141.34622192382812 19 164.15975952148438 135.4244384765625 29 188.19303894042969 124.78630828857422 432 188.19303894042969 124.78630828857422 77 221.64356994628906 71.908882141113281 20 182.19297790527344 139.03750610351562 475 196.18893432617188 84.5128173828125 25 250.49644470214844 108.87717437744141 468 178.67289733886719 111.93282318115234 220 196.18893432617188 84.5128173828125 23 217.83341979980469 80.15478515625 -1 207.50608825683594 87.721099853515625 34 217.83341979980469 80.15478515625 21 158.56825256347656 134.16427612304688 -1 196.02925109863281 204.96272277832031 -1 207.50608825683594 87.721099853515625 39 240.85403442382812 104.38840484619141 83 191.00422668457031 200.14375305175781 32 96.395820617675781 29.7677001953125 33 240.41349792480469 109.69825744628906 -1 196.58680725097656 115.51328277587891 1319 205.83453369140625 115.29766845703125 462 250.49729919433594 117.5457763671875 -1 204.03746032714844 120.35634613037109 292 171.05783081054688 145.31808471679688 -1 134.49615478515625 194.10768127441406 140 191.00422668457031 200.14375305175781 38 233.99923706054688 211.02743530273438 495 134.49615478515625 194.10768127441406 139 109.30564117431641 18.442441940307617 45 108.54841613769531 14.292359352111816 44 140.09251403808594 17.571327209472656 80 241.07571411132812 114.80978393554688 -1 212.20573425292969 79.778068542480469 346 246.99766540527344 81.92059326171875 -1 207.98506164550781 82.749702453613281 -1 246.42935180664062 88.971870422363281 -1 178.3360595703125 98.330642700195312 48 254.64523315429688 100.79136657714844 485 209.73429870605469 113.06840515136719 47 190.18806457519531 123.84479522705078 432 175.037841796875 147.25625610351562 82 215.77273559570312 196.43162536621094 159 223.50714111328125 199.51756286621094 -1 3.9272270202636719 206.23031616210938 320 181.94854736328125 212.74789428710938 94 207.98506164550781 82.749702453613281 34 178.3360595703125 98.330642700195312 43 115.16676330566406 41.75335693359375 -1 134.37074279785156 46.924095153808594 -1 95.844284057617188 57.095260620117188 46 94.669349670410156 11.428990364074707 106 251.39492797851562 84.825340270996094 -1 250.65238952636719 87.4981689453125 -1 181.14793395996094 99.404434204101562 60 9.6907320022583008 200.90914916992188 321 7.2227072715759277 203.06695556640625 -1 232.0321044921875 213.95552062988281 495 198.9715576171875 238.54270935058594 164 216.47897338867188 70.573173522949219 105 121.37342834472656 74.447402954101562 -1 52.101863861083984 166.1070556640625 -1 43.433341979980469 166.55209350585938 -1 57.850883483886719 158.05757141113281 -1 199.12225341796875 170.16348266601562 -1 45.969955444335938 170.94908142089844 482 22.172445297241211 183.87783813476562 -1 29.438344955444336 184.59011840820312 -1 205.75421142578125 185.56340026855469 -1 19.244951248168945 186.4178466796875 -1 211.70745849609375 191.6517333984375 -1 16.974822998046875 195.20997619628906 483 63.487991333007812 156.52546691894531 210 84.981307983398438 135.47889709472656 594 97.019905090332031 125.09114074707031 488 203.97618103027344 124.63418579101562 118 181.89840698242188 120.41860198974609 157 204.57984924316406 116.49812316894531 51 172.78199768066406 115.43275451660156 294 46.14459228515625 164.5118408203125 -1 174.71638488769531 108.92884826660156 -1 244.29171752929688 106.85076141357422 -1 234.03675842285156 105.64192962646484 -1 175.78561401367188 105.42488861083984 92 181.14793395996094 99.404434204101562 63 155.86424255371094 110.65065765380859 -1 203.97618103027344 124.63418579101562 115 155.86424255371094 110.65065765380859 -1 84.981307983398438 135.47889709472656 -1 57.850883483886719 158.05757141113281 -1 198.9715576171875 238.54270935058594 163 121.37342834472656 74.447402954101562 -1 103.35693359375 22.043893814086914 54 92.620513916015625 22.882007598876953 55 8.2216758728027344 195.4620361328125 -1 97.019905090332031 125.09114074707031 -1 166.78170776367188 141.94866943359375 -1 58.739654541015625 160.23486328125 481 
36 0.98067782099116274 0.19404214672781289 0.017054891554659477 -0.018104899429314262 -2.8777920066221081 -1.3974798843053571 0.4728799018352095 1 000035.png
138.45805358886719 201.85562133789062 621 200.84194946289062 75.777481079101562 553 129.72998046875 136.58291625976562 478 112.90823364257812 24.620235443115234 622 226.30999755859375 125.31403350830078 -1 150.83807373046875 156.99137878417969 -1 98.120384216308594 29.219619750976562 623 202.14907836914062 62.504177093505859 -1 118.03170013427734 178.87110900878906 10 221.46139526367188 204.39857482910156 293 235.66836547851562 218.84129333496094 465 187.54896545410156 51.870899200439453 1326 111.18400573730469 133.44160461425781 -1 201.97959899902344 60.570148468017578 696 151.25407409667969 121.12893676757812 19 77.438507080078125 147.78819274902344 479 131.36579895019531 179.19772338867188 140 131.36579895019531 179.19772338867188 706 189.88668823242188 70.861640930175781 -1 189.88668823242188 70.861640930175781 -1 225.33404541015625 107.69561767578125 731 139.28526306152344 181.87088012695312 680 135.43632507324219 35.021625518798828 628 135.43632507324219 35.021625518798828 1004 142.83537292480469 20.569860458374023 649 174.54562377929688 40.209434509277344 675 180.94778442382812 44.749195098876953 597 102.85469818115234 49.618354797363281 720 164.19674682617188 102.80873870849609 432 151.72634887695312 103.78630065917969 362 202.92057800292969 200.66015625 84 202.92057800292969 200.66015625 752 156.46981811523438 77.031883239746094 627 167.89759826660156 90.690315246582031 1319 156.46981811523438 77.031883239746094 16 113.01149749755859 44.466403961181641 631 175.2525634765625 95.28936767578125 292 183.09283447265625 69.954673767089844 111 121.58964538574219 26.469661712646484 630 175.2525634765625 95.28936767578125 697 243.24307250976562 207.04052734375 495 229.69540405273438 199.06912231445312 698 197.95358276367188 196.06150817871094 38 160.64297485351562 121.06520080566406 475 248.93241882324219 101.07329559326172 730 169.89448547363281 63.066013336181641 25 109.17563629150391 34.911457061767578 1325 169.10099792480469 95.834068298339844 276 171.8123779296875 88.163871765136719 611 248.93241882324219 101.07329559326172 468 169.89448547363281 63.066013336181641 599 169.89448547363281 63.066013336181641 23 179.98355102539062 94.486328125 491 197.95358276367188 196.06150817871094 32 126.23724365234375 30.647649765014648 654 243.94300842285156 202.78077697753906 -1 251.97000122070312 210.84016418457031 -1 202.27838134765625 192.30073547363281 57 224.82855224609375 106.06275177001953 731 159.90237426757812 67.771705627441406 -1 151.57440185546875 75.677726745605469 43 42.39263916015625 165.45872497558594 102 245.63226318359375 102.70867919921875 -1 126.23724365234375 30.647649765014648 1322 107.87659454345703 112.47118377685547 -1 42.39263916015625 165.45872497558594 -1 208.77685546875 166.98014831542969 -1 225.74198913574219 184.21820068359375 194 222.25865173339844 190.9937744140625 159 116.81850433349609 36.668159484863281 1003 169.50053405761719 40.022212982177734 620 110.62855529785156 40.8804931640625 -1 174.99850463867188 53.515296936035156 -1 196.4208984375 56.460475921630859 608 111.01481628417969 85.267433166503906 716 62.833335876464844 152.89396667480469 481 42.955928802490234 168.59561157226562 482 203.04409790039062 170.64506530761719 -1 119.73085784912109 34.810699462890625 1003 205.08975219726562 239.38514709472656 -1 247.13337707519531 206.85038757324219 -1 8.7711162567138672 196.32220458984375 196 228.52011108398438 195.20668029785156 698 218.89076232910156 187.01284790039062 -1 21.73649787902832 185.9072265625 483 93.906669616699219 124.07185363769531 488 238.69256591796875 79.855789184570312 700 87.193565368652344 129.60598754882812 594 111.01481628417969 85.267433166503906 -1 166.3133544921875 88.889190673828125 684 242.10655212402344 81.9871826171875 -1 87.193565368652344 129.60598754882812 470 191.61442565917969 149.90159606933594 484 253.10136413574219 94.424346923828125 485 166.3133544921875 88.889190673828125 603 30.560937881469727 178.61358642578125 486 248.42184448242188 85.980377197265625 -1 176.45452880859375 133.40507507324219 -1 249.99002075195312 106.77714538574219 -1 
37 0.98005637839049764 0.19710451975254659 0.011758041566879564 -0.022384189235515852 -2.5928921288034443 -1.173341465400648 0.40454231502703208 1 000045.png
131.76617431640625 117.92374420166016 640 136.51750183105469 201.26242065429688 621 173.509765625 129.98707580566406 -1 200.00251770019531 74.650527954101562 553 130.86900329589844 134.75567626953125 478 112.95404815673828 24.645471572875977 622 225.85700988769531 122.12612152099609 -1 225.85700988769531 122.12612152099609 -1 130.703125 170.58255004882812 529 118.27156829833984 178.2244873046875 10 151.96220397949219 155.39216613769531 -1 203.78131103515625 189.27323913574219 -1 130.703125 170.58255004882812 -1 203.78131103515625 189.27323913574219 -1 130.703125 170.58255004882812 -1 98.021430969238281 28.958944320678711 623 221.37939453125 200.54646301269531 -1 235.338134765625 214.36557006835938 465 187.45265197753906 51.874523162841797 1326 124.94513702392578 11.196545600891113 624 151.64192199707031 121.06044006347656 19 224.48527526855469 104.58570098876953 731 201.68228149414062 59.995616912841797 696 231.03523254394531 77.571754455566406 956 76.022109985351562 147.48225402832031 479 132.44752502441406 179.7138671875 140 135.19856262207031 34.309528350830078 1004 132.44752502441406 179.7138671875 706 156.55632019042969 76.901611328125 627 140.18333435058594 180.86317443847656 680 156.55632019042969 76.901611328125 16 135.19856262207031 34.309528350830078 628 202.80656433105469 196.6754150390625 -1 161.31399536132812 114.34126281738281 -1 202.80656433105469 196.6754150390625 -1 164.415283203125 102.64146423339844 432 180.90032958984375 44.765419006347656 597 132.86366271972656 181.68687438964844 -1 167.86810302734375 90.576141357421875 1319 164.32991027832031 48.032264709472656 596 141.61701965332031 19.517185211181641 649 132.86366271972656 181.68687438964844 -1 121.70529174804688 26.255716323852539 630 112.96469879150391 43.798507690429688 631 174.23899841308594 39.839958190917969 675 169.92744445800781 63.030143737792969 25 171.87190246582031 88.10943603515625 611 180.01664733886719 94.360824584960938 491 168.90811157226562 95.999092102050781 276 238.59054565429688 100.09449768066406 -1 161.3934326171875 119.78047180175781 475 197.97450256347656 192.39022827148438 38 109.16232299804688 34.975044250488281 1325 169.92744445800781 63.030143737792969 23 169.92744445800781 63.030143737792969 599 197.97450256347656 192.39022827148438 32 206.89630126953125 171.91639709472656 -1 126.263916015625 30.610118865966797 1322 141.18484497070312 18.276519775390625 649 239.08056640625 120.74642181396484 -1 184.86314392089844 73.112312316894531 111 229.07449340820312 74.409538269042969 1006 151.57440185546875 75.669319152832031 43 246.70292663574219 81.145355224609375 -1 251.70716857910156 88.287925720214844 -1 241.45388793945312 97.434364318847656 -1 243.17848205566406 208.70860290527344 -1 42.331809997558594 164.59530639648438 -1 126.263916015625 30.610118865966797 654 42.331809997558594 164.59530639648438 -1 117.11377716064453 36.508792877197266 -1 117.11377716064453 36.508792877197266 -1 169.44659423828125 40.262744903564453 620 174.84683227539062 53.264904022216797 -1 167.8802490234375 60.346660614013672 739 189.56581115722656 64.366058349609375 619 239.42959594726562 80.043014526367188 -1 158.50851440429688 80.552581787109375 705 243.34187316894531 82.753082275390625 -1 6.2756261825561523 197.96064758300781 196 163.5557861328125 109.85936737060547 -1 248.45761108398438 103.37890625 -1 251.40440368652344 111.63418579101562 590 223.69195556640625 102.86899566650391 731 246.29084777832031 117.55759429931641 -1 114.52104949951172 125.36814117431641 -1 54.087032318115234 158.64697265625 507 197.64239501953125 162.64643859863281 -1 154.0634765625 102.84053802490234 662 255.58096313476562 94.957794189453125 -1 180.94801330566406 89.105987548828125 47 172.10537719726562 89.170989990234375 611 166.40470886230469 88.810310363769531 603 242.04144287109375 108.03513336181641 688 108.94437408447266 4.8988637924194336 638 166.40470886230469 88.810310363769531 1319 166.40470886230469 88.810310363769531 684 154.0634765625 102.84053802490234 -1 242.04144287109375 108.03513336181641 -1 246.29084777832031 117.55759429931641 -1 108.94437408447266 4.8988637924194336 1005 100.24409484863281 6.034278392791748 1328 34.889209747314453 174.46440124511719 209 218.487548828125 183.2159423828125 -1 9.1753711700439453 195.58377075195312 196 246.70315551757812 84.904182434082031 -1 108.21539306640625 82.899879455566406 -1 103.37982177734375 117.88132476806641 -1 108.21539306640625 82.899879455566406 -1 191.70481872558594 156.02597045898438 -1 156.80726623535156 97.225944519042969 -1 219.88043212890625 68.919181823730469 -1 
38 0.98094455100487732 0.19245177922970882 0.018352034374248125 -0.019321059999022089 -2.9714516180016717 -1.4819317826346503 0.34134338066685488 1 000038.png
132.26260375976562 116.91850280761719 640 138.63789367675781 201.08291625976562 621 172.748046875 129.1883544921875 -1 172.748046875 129.1883544921875 -1 129.65179443359375 137.35203552246094 478 112.91902923583984 24.669988632202148 622 228.66487121582031 126.30398559570312 -1 151.06871032714844 156.71688842773438 -1 130.45579528808594 173.40606689453125 529 244.60015869140625 93.809150695800781 -1 202.2958984375 63.019515991210938 -1 244.60015869140625 93.809150695800781 741 118.07850646972656 178.44583129882812 10 223.63983154296875 205.78865051269531 293 237.89826965332031 220.01141357421875 465 126.61290740966797 13.493901252746582 624 187.36248779296875 51.870864868164062 1326 201.976318359375 60.916454315185547 696 227.55670166015625 108.96456909179688 731 151.48947143554688 121.01699829101562 19 104.36483764648438 127.72107696533203 -1 79.568199157714844 148.87110900878906 479 135.45396423339844 34.914363861083984 1004 94.146957397460938 135.03387451171875 -1 135.45396423339844 34.914363861083984 628 144.68711853027344 21.704317092895508 649 156.43595886230469 77.002593994140625 16 167.92570495605469 90.765426635742188 1319 164.2359619140625 102.75157165527344 432 161.33377075195312 114.30792236328125 -1 249.71205139160156 212.58580017089844 685 174.65298461914062 40.249683380126953 675 156.43595886230469 77.002593994140625 627 181.02212524414062 44.815975189208984 597 121.62906646728516 26.48614501953125 630 164.61758422851562 49.114154815673828 596 103.56284332275391 50.818038940429688 720 169.90863037109375 63.064552307128906 25 183.38922119140625 69.936576843261719 111 231.15557861328125 76.275581359863281 1006 171.83416748046875 88.171607971191406 611 179.98118591308594 94.543159484863281 491 169.00119018554688 95.908248901367188 276 251.51316833496094 102.56794738769531 730 244.31050109863281 106.09159851074219 -1 187.40730285644531 148.36871337890625 -1 200.09088134765625 196.64002990722656 38 231.51231384277344 199.71502685546875 698 169.90863037109375 63.064552307128906 23 169.90863037109375 63.064552307128906 599 251.51316833496094 102.56794738769531 468 187.40730285644531 148.36871337890625 -1 200.09088134765625 196.64002990722656 32 112.99579620361328 43.872222900390625 631 251.76261901855469 220.46371459960938 -1 122.48525238037109 40.456226348876953 -1 119.87400817871094 34.722312927246094 1003 209.17451477050781 176.38728332519531 -1 151.56184387207031 75.716018676757812 43 105.08290100097656 12.41562557220459 -1 247.60658264160156 85.487442016601562 -1 255.67156982421875 95.860771179199219 485 161.0390625 119.71947479248047 475 182.57281494140625 185.89515686035156 -1 242.91957092285156 126.09275054931641 -1 122.48525238037109 40.456226348876953 -1 182.57281494140625 185.89515686035156 -1 221.06916809082031 188.31550598144531 -1 224.60296630859375 192.13690185546875 159 190.4031982421875 209.68220520019531 94 245.58222961425781 214.12031555175781 -1 166.26837158203125 88.938179016113281 603 253.25491333007812 88.977706909179688 -1 172.09727478027344 89.308998107910156 611 226.65263366699219 106.95301818847656 731 34.404266357421875 179.05606079101562 -1 203.80978393554688 189.83052062988281 -1 241.5062255859375 203.21279907226562 -1 197.41239929199219 210.27801513671875 -1 21.029993057250977 190.07330322265625 -1 108.86933135986328 4.8302040100097656 1005 104.89730834960938 6.9369850158691406 1328 116.99314117431641 36.596771240234375 1003 32.252864837646484 180.65547180175781 -1 125.62101745605469 38.137973785400391 -1 220.82771301269531 178.31866455078125 -1 205.39532470703125 171.836181640625 -1 199.97773742675781 166.5872802734375 -1 169.41754150390625 40.374691009521484 620 107.39240264892578 68.129188537597656 -1 110.74820709228516 40.754558563232422 -1 172.35423278808594 60.308319091796875 -1 166.26837158203125 88.938179016113281 1319 253.25491333007812 88.977706909179688 -1 226.65263366699219 106.95301818847656 -1 197.41239929199219 210.27801513671875 -1 169.41754150390625 40.374691009521484 -1 166.93157958984375 42.562229156494141 -1 196.41700744628906 56.507030487060547 608 172.35423278808594 60.308319091796875 -1 158.5330810546875 80.593727111816406 705 243.75967407226562 83.10284423828125 -1 108.86933135986328 4.8302040100097656 638 156.832763671875 97.445960998535156 1158 243.81631469726562 202.41719055175781 -1 
39 0.9810910602150823 0.19167137847589438 0.019631152554222393 -0.018358433718299511 -3.0377121288175926 -1.5479499379010337 0.45495135367577422 1 000037.png
132.56462097167969 116.99075317382812 640 138.82170104980469 201.26869201660156 621 172.77351379394531 128.92996215820312 -1 172.77351379394531 128.92996215820312 -1 129.63888549804688 137.87417602539062 478 112.90799713134766 24.669660568237305 622 156.20332336425781 36.041080474853516 -1 228.90719604492188 126.32836151123047 -1 151.28759765625 156.59904479980469 -1 202.349853515625 62.917243957519531 -1 118.03714752197266 178.47238159179688 10 223.98237609863281 205.63278198242188 293 238.35348510742188 219.70803833007812 465 187.52436828613281 51.8770751953125 1326 244.63807678222656 93.087501525878906 741 244.63807678222656 93.087501525878906 -1 131.49520874023438 178.67724609375 -1 131.49520874023438 178.67724609375 706 135.88591003417969 35.7550048828125 774 119.25394439697266 162.43327331542969 -1 135.88591003417969 35.7550048828125 1004 228.18106079101562 108.58937072753906 731 151.46151733398438 120.97749328613281 19 79.954475402832031 148.89472961425781 479 119.25394439697266 162.43327331542969 -1 135.88591003417969 35.7550048828125 628 144.93675231933594 21.787250518798828 649 151.82818603515625 104.11041259765625 362 161.21711730957031 114.18766784667969 -1 164.31179809570312 102.83503723144531 432 156.44406127929688 76.996612548828125 627 156.44406127929688 76.996612548828125 16 180.92996215820312 44.797229766845703 597 167.87651062011719 90.699310302734375 1319 113.02082824707031 44.380592346191406 631 175.26747131347656 95.298614501953125 697 121.63945007324219 26.42234992980957 630 175.26747131347656 95.298614501953125 292 251.8831787109375 102.50315856933594 468 109.19156646728516 34.864913940429688 1325 169.21022033691406 45.865280151367188 -1 103.31423187255859 50.591178894042969 720 169.91647338867188 63.051792144775391 25 183.51980590820312 69.842597961425781 111 171.74699401855469 88.009719848632812 611 179.96910095214844 94.472808837890625 491 169.00735473632812 95.904731750488281 276 251.8831787109375 102.50315856933594 730 243.923095703125 105.55014801025391 -1 161.32577514648438 119.83448791503906 475 200.51608276367188 196.63641357421875 38 231.98631286621094 199.73318481445312 698 174.23284912109375 39.943305969238281 675 250.77909851074219 218.89918518066406 -1 169.91647338867188 63.051792144775391 23 169.91647338867188 63.051792144775391 599 246.90130615234375 214.73280334472656 -1 151.67802429199219 115.94671630859375 605 209.72898864746094 176.38345336914062 -1 151.67802429199219 115.94671630859375 -1 214.77420043945312 181.25094604492188 494 221.75436401367188 188.21279907226562 -1 224.95109558105469 192.03028869628906 159 151.60372924804688 75.640068054199219 43 249.37074279785156 83.210372924804688 -1 249.37074279785156 83.210372924804688 -1 100.15135192871094 121.823974609375 -1 126.23644256591797 30.653417587280273 1322 126.23644256591797 30.653417587280273 654 123.75608062744141 39.904876708984375 -1 100.15135192871094 121.823974609375 -1 119.82310485839844 34.753215789794922 1003 123.75608062744141 39.904876708984375 -1 172.11471557617188 89.200859069824219 611 229.70147705078125 99.804931640625 1109 244.36503601074219 101.15174865722656 -1 154.02450561523438 102.62261962890625 662 227.34188842773438 107.07662963867188 731 92.615898132324219 128.412841796875 -1 86.923385620117188 133.15669250488281 -1 83.563705444335938 135.98947143554688 -1 68.856475830078125 148.02444458007812 -1 243.38575744628906 211.15817260742188 495 209.70341491699219 235.89523315429688 163 90.179756164550781 130.44889831542969 594 6.561582088470459 202.55502319335938 -1 204.56922912597656 193.45852661132812 57 22.722984313964844 189.05262756347656 -1 25.167482376098633 187.0810546875 -1 200.36433410644531 166.59902954101562 -1 60.118412017822266 155.1285400390625 481 110.61495971679688 40.820674896240234 -1 166.28619384765625 88.963386535644531 684 244.36503601074219 101.15174865722656 -1 154.02450561523438 102.62261962890625 -1 92.615898132324219 128.412841796875 -1 116.86616516113281 36.665321350097656 1003 86.923385620117188 133.15669250488281 -1 83.563705444335938 135.98947143554688 -1 68.856475830078125 148.02444458007812 -1 65.985710144042969 150.46748352050781 -1 204.56922912597656 193.45852661132812 59 204.56922912597656 193.45852661132812 -1 209.70341491699219 235.89523315429688 164 110.61495971679688 40.820674896240234 -1 189.49966430664062 64.494499206542969 619 248.27558898925781 86.02679443359375 -1 251.62567138671875 88.019783020019531 -1 166.28619384765625 88.963386535644531 603 65.985710144042969 150.46748352050781 -1 90.179756164550781 130.44889831542969 470 42.779315948486328 172.52720642089844 209 108.24037170410156 79.697860717773438 -1 
41 0.9804905252453151 0.19498363786647374 0.015952963220518528 -0.019110568620712882 -2.8062146451780121 -1.342454542676117 0.75760170412248107 1 000039.png
180.10122680664062 131.42715454101562 -1 137.60600280761719 200.84721374511719 621 200.48162841796875 75.612922668457031 553 129.69505310058594 137.33592224121094 478 112.91862487792969 24.660543441772461 622 225.99313354492188 124.76145172119141 -1 225.99313354492188 124.76145172119141 -1 151.01327514648438 156.86698913574219 -1 130.2777099609375 171.31703186035156 529 130.2777099609375 171.31703186035156 -1 97.999984741210938 28.91798210144043 623 220.98829650878906 202.72744750976562 -1 234.43821716308594 216.06179809570312 465 126.46379852294922 13.318572998046875 624 187.0469970703125 51.464893341064453 1326 119.72163391113281 178.26545715332031 10 119.72163391113281 178.26545715332031 -1 201.95365905761719 60.244552612304688 696 93.145942687988281 135.01040649414062 -1 224.88758850097656 107.683837890625 731 151.45048522949219 121.18247222900391 19 103.72664642333984 126.40925598144531 -1 135.7210693359375 35.695365905761719 1004 78.290390014648438 147.88578796386719 479 118.92290496826172 162.70079040527344 -1 118.92290496826172 162.70079040527344 -1 103.72664642333984 126.40925598144531 -1 135.7210693359375 35.695365905761719 774 135.7210693359375 35.695365905761719 628 156.52168273925781 76.995338439941406 16 156.52168273925781 76.995338439941406 627 174.4737548828125 40.19677734375 675 164.14053344726562 48.091632843017578 596 102.68057250976562 49.641574859619141 720 167.86161804199219 90.702507019042969 1319 164.27708435058594 102.88825988769531 432 151.90066528320312 103.80216979980469 362 203.41755676269531 198.47296142578125 752 161.19168090820312 114.3948974609375 -1 226.41998291015625 188.40763854980469 489 203.41755676269531 198.47296142578125 84 180.92044067382812 44.826465606689453 597 121.62420654296875 26.488405227661133 648 175.26762390136719 95.312667846679688 292 175.26762390136719 95.312667846679688 697 121.62420654296875 26.488405227661133 630 248.1927490234375 101.21490478515625 468 169.90937805175781 63.059547424316406 599 169.90937805175781 63.059547424316406 23 143.28309631347656 20.276609420776367 649 198.054931640625 193.95231628417969 32 198.054931640625 193.95231628417969 38 248.1927490234375 101.21490478515625 730 169.08090209960938 95.817901611328125 276 109.20613861083984 34.874088287353516 1325 179.98576354980469 94.488540649414062 491 171.84645080566406 88.193611145019531 611 169.90937805175781 63.059547424316406 25 169.09588623046875 46.142337799072266 -1 112.99979400634766 44.042278289794922 631 45.231224060058594 164.68051147460938 -1 89.028236389160156 129.00384521484375 594 243.10299682617188 211.34809875488281 -1 126.2071533203125 30.619342803955078 1322 123.82206726074219 39.793243408203125 -1 151.58184814453125 75.643363952636719 43 247.77716064453125 85.551597595214844 -1 224.18663024902344 106.01357269287109 731 251.62026977539062 108.79818725585938 -1 160.92970275878906 119.91950225830078 475 181.0281982421875 183.40019226074219 -1 218.94439697265625 185.71818542480469 -1 222.30047607421875 189.141357421875 159 238.95147705078125 206.84292602539062 495 126.2071533203125 30.619342803955078 654 123.82206726074219 39.793243408203125 -1 251.62026977539062 108.79818725585938 -1 45.231224060058594 164.68051147460938 102 181.0281982421875 183.40019226074219 -1 181.0281982421875 183.40019226074219 -1 181.0281982421875 183.40019226074219 -1 89.028236389160156 129.00384521484375 470 201.62492370605469 190.22166442871094 57 21.344301223754883 188.19754028320312 490 24.873203277587891 184.96612548828125 483 28.122838973999023 182.10536193847656 486 30.736949920654297 179.86140441894531 486 254.16766357421875 92.62115478515625 485 203.46286010742188 169.87774658203125 -1 91.838706970214844 126.667236328125 -1 253.1123046875 112.99065399169922 -1 154.02333068847656 102.76193237304688 662 189.39219665527344 205.89851379394531 94 172.11819458007812 89.320236206054688 611 166.26649475097656 88.89080810546875 603 111.03078460693359 85.302108764648438 716 238.03787231445312 82.721107482910156 -1 244.25199890136719 80.293563842773438 -1 158.55079650878906 80.591171264648438 705 238.71971130371094 79.991409301757812 700 211.45454406738281 75.58740234375 -1 184.43011474609375 69.879112243652344 111 189.48063659667969 64.567573547363281 619 169.51336669921875 40.529747009277344 -1 172.14125061035156 60.192787170410156 -1 211.45454406738281 75.58740234375 -1 111.03078460693359 85.302108764648438 -1 166.26649475097656 88.89080810546875 1319 180.94859313964844 89.146995544433594 47 201.62492370605469 190.22166442871094 59 206.56141662597656 231.9652099609375 164 252.40336608886719 210.79812622070312 -1 206.56141662597656 231.9652099609375 163 227.39756774902344 193.11639404296875 698 205.05464172363281 190.42144775390625 -1 10.171825408935547 196.93145751953125 196 2.9110517501831055 202.63104248046875 -1 172.14125061035156 60.192787170410156 -1 196.1365966796875 56.791465759277344 608 169.51336669921875 40.529747009277344 620 117.07647705078125 36.543437957763672 1003 104.98134613037109 6.897944450378418 1328 34.624496459960938 176.7578125 -1 18.066082000732422 190.25840759277344 321 
48 0.97997747481150876 0.19742828901769893 0.013372516016698774 -0.022077032703371014 -2.6929976276171281 -1.1539920684285077 0.43271233953415816 1 000047.png
131.67741394042969 117.89594268798828 640 136.59512329101562 201.16130065917969 621 174.467529296875 128.99221801757812 -1 200.09344482421875 74.713661193847656 553 130.89247131347656 134.19853210449219 478 112.96428680419922 24.653066635131836 622 126.11503601074219 98.640632629394531 -1 225.97160339355469 121.84200286865234 -1 225.97160339355469 121.84200286865234 -1 151.8912353515625 156.03898620605469 -1 203.78501892089844 189.50712585449219 -1 203.78501892089844 189.50712585449219 -1 98.062850952148438 29.100608825683594 623 185.37733459472656 51.217761993408203 1326 118.54476165771484 177.94233703613281 10 221.58673095703125 200.56196594238281 -1 235.54603576660156 214.51126098632812 465 124.99782562255859 11.280591011047363 624 102.37494659423828 125.89704895019531 -1 239.28791809082031 88.352165222167969 -1 132.45283508300781 178.96858215332031 706 201.70327758789062 59.9796142578125 696 239.28791809082031 88.352165222167969 741 224.45970153808594 104.79985046386719 731 151.80215454101562 120.64290618896484 19 102.37494659423828 125.89704895019531 -1 76.135414123535156 147.37965393066406 479 183.923828125 154.96856689453125 848 132.45283508300781 178.96858215332031 140 140.32443237304688 180.67739868164062 680 232.35499572753906 77.503158569335938 956 141.75617980957031 19.81578254699707 649 135.05729675292969 33.672950744628906 628 167.88693237304688 90.610519409179688 1319 135.05729675292969 33.672950744628906 1004 156.44850158691406 76.976852416992188 16 180.88230895996094 44.801383972167969 597 156.44850158691406 76.976852416992188 627 164.44773864746094 102.69763946533203 432 121.64352416992188 26.549716949462891 630 121.64352416992188 26.549716949462891 648 198.01969909667969 192.36393737792969 38 250.34034729003906 215.9384765625 206 169.92155456542969 63.048828125 23 169.92155456542969 63.048828125 599 175.39277648925781 95.345901489257812 292 248.39320373535156 97.881500244140625 730 198.01969909667969 192.36393737792969 32 169.0323486328125 91.434005737304688 -1 239.71501159667969 100.73207092285156 -1 174.53279113769531 40.043312072753906 675 112.94174194335938 43.751865386962891 631 169.92155456542969 63.048828125 25 171.78372192382812 87.972755432128906 611 180.01188659667969 94.40625 491 175.39277648925781 95.345901489257812 697 168.95698547363281 95.913894653320312 276 248.39320373535156 97.881500244140625 468 161.38059997558594 114.49332427978516 -1 161.35284423828125 119.48533630371094 475 126.29042816162109 30.640020370483398 1322 229.08110046386719 74.226898193359375 1006 183.90385437011719 69.839683532714844 111 151.58726501464844 75.688446044921875 43 92.618080139160156 123.56789398193359 -1 92.618080139160156 123.56789398193359 -1 126.29042816162109 30.640020370483398 654 212.82101440429688 177.55210876464844 494 218.27922058105469 182.78904724121094 -1 222.73382568359375 187.59843444824219 159 25.401737213134766 182.17158508300781 486 21.900005340576172 184.9033203125 -1 19.864156723022461 186.65420532226562 -1 15.20318603515625 190.49481201171875 321 6.3779821395874023 197.52375793457031 196 3.6157517433166504 199.93669128417969 -1 246.49053955078125 201.97380065917969 -1 240.26254272460938 205.26473999023438 495 203.67948913574219 173.10066223144531 -1 197.74851989746094 162.51351928710938 -1 53.906116485595703 158.85708618164062 507 117.02304077148438 36.575862884521484 1003 189.72216796875 64.178726196289062 619 151.82962036132812 116.91657257080078 605 172.11061096191406 89.098136901855469 611 166.35800170898438 88.75531005859375 603 166.35800170898438 88.75531005859375 1319 169.4310302734375 40.168003082275391 620 195.97737121582031 56.913814544677734 608 242.94941711425781 82.466346740722656 -1 29.675260543823242 178.43656921386719 486 184.753662109375 72.925048828125 111 158.52574157714844 80.46484375 705 206.55799865722656 171.22088623046875 -1 203.5986328125 167.83718872070312 -1 100.15070343017578 6.2844562530517578 1328 
52 0.9800347711061822 0.19711087391338297 0.012750842334266073 -0.022728106558230186 -2.6611870078822597 -1.169392474456822 0.36540639467776598 1 000049.png
131.4901123046875 117.70196533203125 640 136.59031677246094 201.13575744628906 621 173.64483642578125 129.79214477539062 -1 200.02729797363281 74.688087463378906 553 130.87043762207031 134.80305480957031 478 112.97945404052734 24.646787643432617 622 226.00259399414062 122.04306030273438 -1 226.00259399414062 122.04306030273438 -1 151.99066162109375 155.43115234375 -1 97.983718872070312 28.826894760131836 623 118.94847106933594 177.778076171875 10 221.377685546875 200.13119506835938 -1 235.61444091796875 214.26472473144531 465 187.59413146972656 51.892192840576172 1326 124.93072509765625 11.176050186157227 624 230.824462890625 77.561203002929688 956 201.78401184082031 59.962753295898438 696 239.73611450195312 88.377418518066406 741 224.58567810058594 104.75179290771484 731 151.7545166015625 120.67926788330078 19 75.626724243164062 147.698486328125 241 183.62179565429688 154.87318420410156 848 239.73611450195312 88.377418518066406 -1 156.49577331542969 76.949859619140625 16 181.22976684570312 45.253387451171875 597 140.32948303222656 180.28141784667969 680 156.49577331542969 76.949859619140625 627 174.55136108398438 40.249526977539062 675 167.94017028808594 90.634963989257812 1319 134.96929931640625 33.474895477294922 1004 134.96929931640625 33.474895477294922 628 164.27700805664062 102.61397552490234 432 151.99539184570312 104.22821807861328 362 113.77991485595703 121.882080078125 -1 183.29934692382812 69.916038513183594 111 249.02989196777344 92.456466674804688 -1 121.70874786376953 26.284795761108398 630 112.96583557128906 43.751621246337891 631 169.925537109375 63.040695190429688 25 171.76106262207031 87.942138671875 611 180.03779602050781 94.347702026367188 491 175.412353515625 95.308982849121094 697 168.97062683105469 95.863983154296875 276 248.24174499511719 97.9471435546875 730 239.45916748046875 100.43010711669922 -1 161.49554443359375 119.57832336425781 475 198.08645629882812 192.42764282226562 38 228.82025146484375 193.92240905761719 698 251.96812438964844 217.55390930175781 206 169.925537109375 63.040695190429688 23 169.925537109375 63.040695190429688 599 175.412353515625 95.308982849121094 292 248.24174499511719 97.9471435546875 468 198.08645629882812 192.42764282226562 32 109.18144989013672 34.913509368896484 1325 141.51663208007812 19.11811637878418 649 184.0338134765625 69.990753173828125 111 210.10337829589844 72.299766540527344 -1 207.5673828125 172.36561584472656 -1 229.71311950683594 74.691856384277344 1006 222.32646179199219 187.32598876953125 159 151.56118774414062 75.753524780273438 43 252.25860595703125 105.73876190185547 -1 251.28555297851562 87.949615478515625 -1 126.39933013916016 30.613861083984375 1322 177.57846069335938 91.218986511230469 462 243.56915283203125 208.95883178710938 -1 202.37460327148438 188.54107666015625 57 211.96231079101562 176.60780334472656 494 177.57846069335938 91.218986511230469 655 210.10337829589844 72.299766540527344 -1 251.28555297851562 87.949615478515625 -1 252.25860595703125 105.73876190185547 -1 14.034329414367676 191.74945068359375 321 240.29682922363281 205.461669921875 495 246.99801635742188 212.11212158203125 -1 151.78994750976562 116.58670806884766 605 90.082405090332031 125.56327056884766 -1 54.290069580078125 158.60061645507812 507 226.36441040039062 95.354133605957031 1109 242.44784545898438 101.78706359863281 976 243.01475524902344 82.523651123046875 -1 172.061279296875 89.161186218261719 611 108.72708892822266 5.010836124420166 638 100.24124908447266 6.0730695724487305 1328 207.36106872558594 230.64761352539062 163 25.441303253173828 182.22305297851562 486 37.836353302001953 171.75802612304688 209 204.07557678222656 168.41267395019531 -1 108.72708892822266 5.010836124420166 1005 116.92927551269531 36.630096435546875 1003 169.40225219726562 40.190879821777344 620 166.41096496582031 88.892173767089844 684 207.36106872558594 230.64761352539062 164 189.60087585449219 64.365516662597656 619 166.41096496582031 88.892173767089844 603 166.41096496582031 88.892173767089844 1319 180.95933532714844 89.105789184570312 47 240.61085510253906 96.468116760253906 -1 113.95173645019531 105.13617706298828 40 251.20698547363281 111.27144622802734 590 168.24223327636719 47.835659027099609 -1 169.40225219726562 40.190879821777344 753 107.04190063476562 57.854846954345703 -1 241.910888671875 108.11558532714844 -1 241.910888671875 108.11558532714844 688 
59 0.97994893910220615 0.19751866264216617 0.01280811534584564 -0.022856221074325628 -2.6592634553879195 -1.1457674814390448 0.49774626398491251 1 000059.png
132.20945739746094 118.12482452392578 640 136.56402587890625 201.11537170410156 621 172.75125122070312 129.52305603027344 -1 172.75125122070312 129.52305603027344 -1 200.08961486816406 74.695182800292969 553 130.96775817871094 134.67909240722656 478 113.00325012207031 24.68754768371582 622 126.27693176269531 98.555488586425781 -1 131.05845642089844 170.60806274414062 529 152.01466369628906 155.91732788085938 -1 131.05845642089844 170.60806274414062 -1 131.05845642089844 170.60806274414062 -1 98.14349365234375 29.090328216552734 623 185.47390747070312 51.308273315429688 1326 118.69562530517578 177.5257568359375 10 221.6573486328125 200.28292846679688 -1 235.75767517089844 214.34915161132812 465 187.59706115722656 51.440330505371094 1326 120.03952789306641 99.442237854003906 -1 124.95298767089844 11.20051383972168 624 239.98948669433594 88.617935180664062 -1 102.35762023925781 125.66575622558594 -1 201.79379272460938 60.010108947753906 696 239.98948669433594 88.617935180664062 741 151.74516296386719 120.69175720214844 19 102.35762023925781 125.66575622558594 -1 75.514175415039062 147.68295288085938 479 183.92669677734375 155.25382995605469 848 239.98948669433594 88.617935180664062 -1 140.68911743164062 180.22023010253906 680 135.24853515625 34.099628448486328 1004 181.4039306640625 45.592697143554688 597 231.37124633789062 77.634994506835938 956 135.24853515625 34.099628448486328 628 156.42335510253906 76.97991943359375 16 241.16496276855469 116.43135070800781 1327 174.64268493652344 40.251537322998047 675 152.00881958007812 103.90519714355469 362 164.36473083496094 102.67377471923828 432 167.84278869628906 90.554435729980469 1319 156.42335510253906 76.97991943359375 627 141.7266845703125 19.498952865600586 649 169.92184448242188 63.030948638916016 23 169.92184448242188 63.030948638916016 599 194.45660400390625 63.378696441650391 -1 236.26148986816406 82.729057312011719 -1 175.412841796875 95.321762084960938 292 248.30487060546875 97.879356384277344 468 239.50143432617188 100.45347595214844 -1 197.92460632324219 191.81588745117188 32 203.30421447753906 195.78312683105469 -1 109.17635345458984 35.009315490722656 1325 121.72144317626953 26.598657608032227 630 112.92568206787109 43.842754364013672 631 169.92184448242188 63.030948638916016 25 194.45660400390625 63.378696441650391 -1 236.26148986816406 82.729057312011719 -1 171.90176391601562 88.202720642089844 611 180.01393127441406 94.366859436035156 491 175.412841796875 95.321762084960938 697 168.91494750976562 95.991828918457031 276 248.30487060546875 97.879356384277344 730 239.50143432617188 100.45347595214844 976 197.92460632324219 191.81588745117188 38 203.30421447753906 195.78312683105469 84 161.45620727539062 119.27980041503906 475 207.6800537109375 172.33657836914062 -1 127.45021820068359 33.635532379150391 1322 222.4691162109375 187.24542236328125 159 252.39805603027344 217.9110107421875 -1 202.49046325683594 188.45343017578125 57 3.4260995388031006 196.25062561035156 320 246.00418090820312 211.06752014160156 -1 15.577282905578613 190.43754577636719 321 151.61776733398438 75.648338317871094 43 223.91444396972656 103.17292022705078 731 189.65179443359375 64.301223754882812 619 158.51568603515625 80.577140808105469 705 166.38027954101562 88.774810791015625 603 172.1181640625 89.166961669921875 611 219.10842895507812 183.48921203613281 -1 27.415525436401367 180.45075988769531 -1 81.019874572753906 133.17840576171875 617 90.221382141113281 125.41458129882812 -1 244.68089294433594 102.77167510986328 976 154.0291748046875 102.84932708740234 662 226.48985290527344 95.391410827636719 1109 243.02536010742188 82.572303771972656 850 166.38027954101562 88.774810791015625 684 81.019874572753906 133.17840576171875 -1 207.46759033203125 230.68540954589844 164 204.34886169433594 168.62310791015625 -1 207.46759033203125 230.68540954589844 163 126.56779479980469 30.658163070678711 1322 117.00584411621094 36.594337463378906 1003 195.75350952148438 57.343856811523438 608 242.05450439453125 107.98153686523438 688 166.38027954101562 88.774810791015625 1319 198.21757507324219 162.51382446289062 -1 151.88633728027344 116.73240661621094 605 191.48960876464844 147.08636474609375 484 
60 0.98002600338056212 0.19718467724624397 0.012481424768571121 -0.022615255757199807 -2.6378758649221981 -1.1644754272878024 0.39690363287448988 1 000058.png
131.89854431152344 117.93006134033203 640 136.62762451171875 201.23941040039062 621 173.7337646484375 129.8363037109375 -1 200.08642578125 74.671409606933594 553 131.01091003417969 134.70133972167969 478 112.97610473632812 24.656305313110352 622 226.29568481445312 121.76949310302734 -1 226.29568481445312 121.76949310302734 -1 152.15609741210938 155.3720703125 -1 98.06243896484375 29.052736282348633 623 118.64020538330078 177.33023071289062 10 221.6824951171875 200.4798583984375 -1 235.8018798828125 214.33341979980469 465 182.24687194824219 155.70359802246094 848 124.92234039306641 11.137276649475098 624 201.70722961425781 60.068473815917969 696 239.70094299316406 88.074241638183594 741 224.60404968261719 104.68252563476562 731 151.62867736816406 120.97712707519531 19 184.15422058105469 155.11611938476562 848 132.4122314453125 178.17568969726562 706 132.4122314453125 178.17568969726562 -1 239.70094299316406 88.074241638183594 -1 181.5072021484375 45.794387817382812 597 231.57809448242188 77.577812194824219 956 140.51400756835938 180.61050415039062 680 141.73309326171875 19.729568481445312 649 134.94819641113281 33.572673797607422 628 174.60015869140625 40.231727600097656 675 156.5264892578125 76.933334350585938 16 167.90640258789062 90.631118774414062 1319 164.44332885742188 102.65953063964844 432 151.92292785644531 104.10089874267578 362 156.5264892578125 76.933334350585938 627 134.94819641113281 33.572673797607422 1004 249.40521240234375 92.797843933105469 485 171.83872985839844 88.098373413085938 611 168.95857238769531 91.407379150390625 -1 179.95307922363281 94.500717163085938 491 175.37284851074219 95.336517333984375 697 168.94737243652344 95.945549011230469 276 248.57575988769531 97.833030700683594 468 240.36802673339844 100.74758911132812 -1 250.373291015625 104.16318511962891 -1 198.162841796875 192.64732360839844 38 243.93975830078125 209.21516418457031 -1 169.92535400390625 63.027099609375 23 169.92535400390625 63.027099609375 599 175.37284851074219 95.336517333984375 292 248.57575988769531 97.833030700683594 730 250.373291015625 104.16318511962891 -1 198.162841796875 192.64732360839844 32 109.20069885253906 34.961498260498047 1325 121.73412322998047 26.555908203125 630 112.92436981201172 43.801216125488281 631 169.92535400390625 63.027099609375 25 100.01429748535156 5.6153450012207031 1328 240.20338439941406 121.58704376220703 -1 126.38791656494141 30.623941421508789 1322 229.54428100585938 74.528129577636719 1006 116.05168914794922 45.554592132568359 635 92.649002075195312 123.45235443115234 -1 183.89437866210938 69.899238586425781 111 161.47418212890625 119.28754425048828 475 151.53683471679688 75.755271911621094 43 212.11383056640625 176.55349731445312 494 83.586502075195312 131.04327392578125 594 83.586502075195312 131.04327392578125 -1 202.4298095703125 188.50082397460938 57 126.38791656494141 30.623941421508789 654 116.05168914794922 45.554592132568359 632 240.20338439941406 121.58704376220703 -1 202.4298095703125 188.50082397460938 59 239.93502807617188 205.1925048828125 495 172.14884948730469 89.27044677734375 611 244.43783569335938 102.56307983398438 976 154.05693054199219 102.8011474609375 662 6.4636201858520508 197.45481872558594 196 22.095302581787109 184.84880065917969 -1 133.52056884765625 184.13211059570312 706 117.03333282470703 36.569801330566406 1003 64.149078369140625 146.99163818359375 -1 80.60888671875 133.529541015625 617 169.47738647460938 40.454978942871094 620 154.05693054199219 102.8011474609375 656 110.73857879638672 40.922985076904297 -1 80.60888671875 133.529541015625 -1 243.74064636230469 83.086799621582031 850 133.52056884765625 184.13211059570312 140 175.13206481933594 53.528190612792969 -1 195.94508361816406 57.000225067138672 608 180.98234558105469 89.112899780273438 47 189.65277099609375 64.204986572265625 619 158.53042602539062 80.503684997558594 705 64.149078369140625 146.99163818359375 -1 3.2278025150299072 200.51846313476562 -1 166.34843444824219 88.738632202148438 603 15.660475730895996 190.04255676269531 321 197.95671081542969 162.41154479980469 -1 193.09854125976562 63.846210479736328 -1 18.062345504760742 187.8685302734375 -1 207.63380432128906 230.29841613769531 163 207.63380432128906 230.29841613769531 164 
62 0.97988730325929951 0.19774992303422387 0.013319175271721717 -0.02320431902162599 -2.6965264815684575 -1.1286187376027843 0.51264563555848008 1 000063.png
132.24557495117188 118.13046264648438 640 136.62907409667969 201.20883178710938 621 173.36038208007812 129.65084838867188 -1 200.03294372558594 74.622871398925781 553 130.9615478515625 134.94419860839844 478 113.07622528076172 24.715673446655273 622 226.33537292480469 121.79736328125 -1 226.33537292480469 121.79736328125 -1 152.14208984375 155.78288269042969 -1 98.09197998046875 29.372636795043945 623 118.58394622802734 177.50883483886719 10 221.69927978515625 200.19804382324219 -1 235.41458129882812 213.92622375488281 465 187.42408752441406 51.876430511474609 1326 124.95612335205078 11.181785583496094 624 201.84931945800781 60.101287841796875 696 230.20069885253906 77.528450012207031 956 240.0433349609375 88.692398071289062 -1 240.0433349609375 88.692398071289062 -1 184.13365173339844 154.98860168457031 848 151.74417114257812 120.78599548339844 19 224.6033935546875 104.69383239746094 731 240.0433349609375 88.692398071289062 741 181.34451293945312 45.578765869140625 597 135.04493713378906 33.680744171142578 628 135.04493713378906 33.680744171142578 1004 140.58229064941406 180.5205078125 680 141.75041198730469 19.819171905517578 649 151.95407104492188 103.67607879638672 362 164.38296508789062 102.65708160400391 432 167.89190673828125 90.583168029785156 1319 208.21832275390625 167.70780944824219 -1 156.55677795410156 76.86187744140625 627 156.55677795410156 76.86187744140625 16 190.052490234375 68.7061767578125 -1 161.44570922851562 114.34564971923828 -1 229.23614501953125 194.30584716796875 698 198.05300903320312 192.35523986816406 38 161.53572082519531 119.52082061767578 475 248.4910888671875 97.842231750488281 468 168.95454406738281 95.883590698242188 276 109.21047210693359 35.048130035400391 1325 175.32795715332031 95.295967102050781 697 180.01705932617188 94.403007507324219 491 171.84321594238281 88.062850952148438 611 194.80747985839844 63.072826385498047 -1 121.78722381591797 26.204267501831055 630 169.02468872070312 46.511798858642578 753 174.17466735839844 39.731380462646484 675 169.92942810058594 63.027797698974609 25 169.92942810058594 63.027797698974609 23 169.92942810058594 63.027797698974609 599 194.80747985839844 63.072826385498047 -1 175.32795715332031 95.295967102050781 292 248.4910888671875 97.842231750488281 730 206.97988891601562 171.55819702148438 -1 212.03598022460938 176.6771240234375 494 19.336851119995117 187.43862915039062 -1 202.45407104492188 188.43290710449219 57 239.9659423828125 205.21690368652344 495 241.13621520996094 101.33234405517578 -1 222.14701843261719 186.99153137207031 159 154.07865905761719 102.72660064697266 662 90.416549682617188 125.23741149902344 -1 241.13621520996094 101.33234405517578 976 241.52651977539062 200.14532470703125 495 126.23999786376953 30.638593673706055 654 83.084152221679688 131.52474975585938 -1 202.45407104492188 188.43290710449219 59 126.23999786376953 30.638593673706055 1322 184.20237731933594 69.566009521484375 111 151.542236328125 75.736839294433594 43 240.63356018066406 121.6033935546875 -1 83.084152221679688 131.52474975585938 594 69.537239074707031 145.88835144042969 -1 169.4034423828125 40.287429809570312 620 116.9310302734375 36.605140686035156 1003 99.924217224121094 6.0067362785339355 1328 108.85819244384766 4.9620547294616699 638 9.5853185653686523 195.17277526855469 196 179.61279296875 134.10270690917969 -1 115.86851501464844 45.298095703125 635 80.528800964355469 133.65780639648438 617 92.903701782226562 123.21437072753906 -1 158.51846313476562 80.532150268554688 705 166.39479064941406 88.832450866699219 684 80.528800964355469 133.65780639648438 -1 241.97047424316406 107.84943389892578 688 115.86851501464844 45.298095703125 632 114.03324127197266 105.03832244873047 40 226.42539978027344 95.276176452636719 1109 180.96913146972656 89.104171752929688 47 172.04771423339844 89.170028686523438 611 166.39479064941406 88.832450866699219 603 235.89459228515625 78.049797058105469 700 189.52677917480469 64.406951904296875 619 108.85819244384766 4.9620547294616699 1005 
63 0.97999915355671507 0.19721793632025725 0.012981876273012519 -0.02319947219514313 -2.6743077112742024 -1.1659956108928515 0.56082126944440258 1 000062.png
132.45510864257812 118.32328033447266 640 136.62028503417969 201.18043518066406 621 173.78448486328125 129.72694396972656 -1 200.07533264160156 74.644454956054688 553 130.91078186035156 134.8272705078125 478 113.08463287353516 24.70399284362793 622 126.41002655029297 98.589912414550781 -1 152.17926025390625 155.45616149902344 -1 117.92740631103516 178.21124267578125 10 98.266510009765625 29.656917572021484 623 221.61749267578125 200.24705505371094 -1 235.55320739746094 214.29078674316406 465 187.54425048828125 51.962562561035156 1326 239.62239074707031 88.277130126953125 741 102.41487121582031 125.65299987792969 -1 132.459228515625 178.83784484863281 -1 239.62239074707031 88.277130126953125 -1 132.459228515625 178.83784484863281 706 102.41487121582031 125.65299987792969 -1 201.77749633789062 59.959915161132812 696 231.07405090332031 77.665809631347656 956 224.67976379394531 104.89620971679688 731 151.72412109375 120.77091217041016 19 184.95256042480469 154.45170593261719 848 132.74531555175781 180.23629760742188 706 140.20463562011719 180.7454833984375 680 132.74531555175781 180.23629760742188 -1 135.18218994140625 33.547267913818359 628 174.69172668457031 40.310325622558594 675 180.87950134277344 44.773975372314453 597 156.52867126464844 76.929519653320312 16 164.46388244628906 102.71757507324219 432 152.00296020507812 103.77991485595703 362 156.52867126464844 76.929519653320312 627 135.18218994140625 33.547267913818359 1004 141.74681091308594 19.79167366027832 649 167.96302795410156 90.654708862304688 1319 171.87290954589844 88.181770324707031 611 169.09925842285156 91.456680297851562 -1 180.02597045898438 94.351318359375 491 175.3350830078125 95.273284912109375 697 168.99008178710938 95.846855163574219 276 248.37022399902344 97.69140625 468 239.75189208984375 100.63534545898438 976 161.37712097167969 114.51560211181641 -1 161.53376770019531 119.48349761962891 475 197.91438293457031 191.77622985839844 38 121.73098754882812 26.592309951782227 648 169.92765808105469 63.038597106933594 23 169.92765808105469 63.038597106933594 599 175.3350830078125 95.273284912109375 292 248.37022399902344 97.69140625 730 239.75189208984375 100.63534545898438 -1 197.91438293457031 191.77622985839844 32 109.21065521240234 34.899509429931641 1325 121.73098754882812 26.592309951782227 630 169.92765808105469 63.038597106933594 25 226.55690002441406 95.557212829589844 1109 110.47132873535156 70.369026184082031 653 238.43580627441406 197.10244750976562 -1 151.90528869628906 116.43283843994141 605 89.917434692382812 125.69690704345703 -1 129.18009948730469 36.293144226074219 -1 243.39472961425781 208.51881408691406 -1 126.38373565673828 30.621309280395508 1322 115.97107696533203 45.423240661621094 635 247.19694519042969 81.553695678710938 -1 151.55607604980469 75.751983642578125 43 245.9166259765625 84.493858337402344 -1 115.97107696533203 45.423240661621094 632 110.47132873535156 70.369026184082031 651 177.42359924316406 91.036552429199219 655 177.42359924316406 91.036552429199219 462 218.91433715820312 183.53727722167969 -1 223.08132934570312 187.65766906738281 159 202.418212890625 188.46109008789062 57 166.34989929199219 88.757308959960938 603 114.57823944091797 111.22775268554688 -1 10.599720001220703 194.39720153808594 196 17.611551284790039 188.4677734375 321 3.0367860794067383 200.64810180664062 -1 133.55549621582031 184.11054992675781 140 7.00634765625 197.20538330078125 196 229.7525634765625 74.701889038085938 -1 215.90275573730469 180.16670227050781 -1 212.85105895996094 177.1661376953125 494 205.01519775390625 169.35696411132812 -1 201.53041076660156 165.63526916503906 -1 197.99971008300781 162.58836364746094 -1 83.553825378417969 131.03604125976562 594 172.1343994140625 89.110885620117188 611 108.82435607910156 5.1560673713684082 638 83.553825378417969 131.03604125976562 -1 133.55549621582031 184.11054992675781 706 117.01314544677734 36.560249328613281 1003 169.52217102050781 40.234664916992188 620 195.9638671875 56.932537078857422 608 166.34989929199219 88.757308959960938 1319 189.7862548828125 64.032112121582031 619 207.54238891601562 172.26322937011719 -1 184.43037414550781 69.495452880859375 111 158.53141784667969 80.51251220703125 705 243.140869140625 82.707321166992188 850 108.82435607910156 5.1560673713684082 1005 114.08647155761719 104.88759613037109 40 248.85420227050781 92.528106689453125 485 31.798261642456055 176.56173706054688 -1 
64 0.97984498611727011 0.19796298542806348 0.013241444293363679 -0.023219038185953663 -2.7017924384389334 -1.1043503294519632 0.33317837226062924 1 000061.png
132.17860412597656 118.05679321289062 640 136.657470703125 201.2203369140625 621 173.10662841796875 129.63372802734375 -1 200.13542175292969 74.748344421386719 553 130.96733093261719 134.7105712890625 478 126.56053161621094 98.709564208984375 -1 113.06723785400391 24.716770172119141 622 152.23390197753906 155.37602233886719 -1 98.023033142089844 29.083740234375 623 118.50942993164062 177.57933044433594 10 221.54510498046875 200.04425048828125 -1 235.63490295410156 214.23173522949219 465 187.36480712890625 51.928325653076172 1326 124.93889617919922 11.16413402557373 624 224.76510620117188 104.88025665283203 731 239.80889892578125 88.707916259765625 741 201.95506286621094 59.928554534912109 696 151.7474365234375 120.76034545898438 19 239.80889892578125 88.707916259765625 -1 239.80889892578125 88.707916259765625 -1 140.54000854492188 180.35198974609375 680 135.31349182128906 34.219673156738281 1004 132.80183410644531 179.75920104980469 706 132.80183410644531 179.75920104980469 140 181.33543395996094 45.465785980224609 597 231.46058654785156 77.545486450195312 956 135.31349182128906 34.219673156738281 628 167.90318298339844 90.610992431640625 1319 156.52415466308594 76.892189025878906 16 241.378173828125 116.32305145263672 1327 164.35731506347656 102.66516876220703 432 156.52415466308594 76.892189025878906 627 175.28118896484375 95.254554748535156 697 141.67585754394531 19.366292953491211 649 175.28118896484375 95.254554748535156 292 112.94557952880859 43.831729888916016 631 169.92585754394531 63.026851654052734 25 189.57771301269531 69.299232482910156 -1 183.52922058105469 69.782012939453125 111 171.81552124023438 88.162620544433594 611 169.17462158203125 91.501388549804688 -1 180.01199340820312 94.459640502929688 491 168.93441772460938 95.926887512207031 276 248.25944519042969 98.005783081054688 468 239.10784912109375 99.870170593261719 -1 161.52088928222656 119.52743530273438 475 198.17231750488281 192.69351196289062 38 169.92585754394531 63.026851654052734 23 169.92585754394531 63.026851654052734 599 248.25944519042969 98.005783081054688 730 198.17231750488281 192.69351196289062 32 121.70758056640625 26.276056289672852 630 174.2799072265625 39.943679809570312 675 99.945442199707031 5.4317560195922852 1328 126.28755187988281 30.632129669189453 1322 202.38560485839844 188.43899536132812 57 210.13394165039062 72.0682373046875 -1 229.57901000976562 74.598129272460938 1006 213.07701110839844 177.72169494628906 494 234.29672241210938 77.127098083496094 700 151.60687255859375 75.628242492675781 43 240.52354431152344 121.56983947753906 -1 222.45697021484375 187.42921447753906 159 249.16427612304688 214.06146240234375 -1 229.15982055664062 194.16558837890625 698 210.13394165039062 72.0682373046875 -1 126.28755187988281 30.632129669189453 654 238.49430847167969 197.19195556640625 -1 166.36000061035156 88.805221557617188 603 180.98765563964844 89.120857238769531 47 172.04130554199219 89.270103454589844 611 223.90617370605469 102.50424957275391 731 114.44014739990234 111.36066436767578 -1 77.595901489257812 136.06040954589844 617 103.39246368408203 253.56059265136719 -1 7.224921703338623 196.91294860839844 196 189.68434143066406 64.181304931640625 619 108.7742919921875 5.0424594879150391 638 241.61012268066406 200.13165283203125 495 240.34748840332031 205.32919311523438 495 117.13111877441406 36.53033447265625 1003 169.42414855957031 40.174808502197266 620 21.971349716186523 185.04737854003906 -1 133.58363342285156 184.08041381835938 140 218.62860107421875 183.18980407714844 -1 25.882213592529297 181.68064880371094 -1 226.82978820800781 95.609291076660156 1109 166.36000061035156 88.805221557617188 1319 110.71952056884766 40.875545501708984 -1 77.595901489257812 136.06040954589844 -1 133.58363342285156 184.08041381835938 706 207.52775573730469 230.55169677734375 164 168.134521484375 60.181068420410156 739 166.36000061035156 88.805221557617188 684 158.52615356445312 80.498092651367188 705 2.7485907077789307 200.71295166015625 -1 31.537164688110352 176.92369079589844 -1 207.52775573730469 230.55169677734375 163 108.7742919921875 5.0424594879150391 1005 12.071311950683594 192.66600036621094 321 
65 0.98005827112168942 0.19694298396455648 0.013282956293754766 -0.02286502449593758 -2.6947970207336178 -1.1861931613698975 0.50440316921808503 1 000065.png
132.22190856933594 118.13588714599609 640 136.71090698242188 201.105712890625 621 173.43978881835938 129.69377136230469 -1 200.00933837890625 74.623207092285156 553 130.93669128417969 135.22476196289062 478 113.06816864013672 24.705938339233398 622 126.35022735595703 98.379753112792969 -1 226.41452026367188 121.92776489257812 -1 226.41452026367188 121.92776489257812 -1 130.98081970214844 170.30381774902344 529 118.44000244140625 177.61219787597656 10 152.09060668945312 155.25788879394531 -1 130.98081970214844 170.30381774902344 -1 130.98081970214844 170.30381774902344 -1 98.1353759765625 29.224519729614258 623 120.10395050048828 99.029067993164062 -1 221.57574462890625 200.14767456054688 -1 235.43814086914062 214.24003601074219 465 187.48123168945312 51.883022308349609 1326 124.85484313964844 11.018167495727539 624 102.911865234375 125.04709625244141 -1 201.64823913574219 59.923843383789062 696 230.84593200683594 77.545806884765625 956 239.613525390625 88.508323669433594 741 224.53778076171875 104.56269073486328 731 151.62956237792969 120.99182891845703 19 102.911865234375 125.04709625244141 -1 75.503875732421875 147.72833251953125 479 239.613525390625 88.508323669433594 -1 140.55802917480469 180.46321105957031 680 132.78216552734375 179.74777221679688 706 132.78216552734375 179.74777221679688 140 164.40234375 102.64337158203125 432 151.93093872070312 103.81719970703125 362 156.46563720703125 76.983108520507812 16 156.46563720703125 76.983108520507812 627 134.98616027832031 33.611160278320312 1004 180.92544555664062 44.887287139892578 597 134.98616027832031 33.611160278320312 628 141.72091674804688 19.69542121887207 649 167.88462829589844 90.551284790039062 1319 169.91624450683594 63.043121337890625 25 171.89179992675781 88.173126220703125 611 180.00315856933594 94.365974426269531 491 175.37117004394531 95.310905456542969 697 169.0189208984375 95.875648498535156 276 248.27619934082031 97.769874572753906 730 239.29830932617188 100.28531646728516 976 161.57688903808594 119.56507873535156 475 197.99699401855469 192.06806945800781 38 169.91624450683594 63.043121337890625 23 169.91624450683594 63.043121337890625 599 175.37117004394531 95.310905456542969 292 248.27619934082031 97.769874572753906 468 239.29830932617188 100.28531646728516 -1 197.99699401855469 192.06806945800781 32 109.16639709472656 35.006237030029297 1325 121.72269439697266 26.572822570800781 630 174.45216369628906 40.033905029296875 675 246.57090759277344 81.276535034179688 -1 126.24482727050781 30.644430160522461 1322 151.52713012695312 75.765785217285156 43 246.57090759277344 81.276535034179688 -1 116.06062316894531 45.651382446289062 635 230.1083984375 74.834495544433594 1006 212.22776794433594 176.86376953125 494 202.39276123046875 188.44511413574219 57 166.04217529296875 44.303478240966797 753 202.39276123046875 188.44511413574219 59 126.24482727050781 30.644430160522461 654 116.06062316894531 45.651382446289062 632 238.91632080078125 89.759674072265625 -1 223.8560791015625 103.13595581054688 731 184.39697265625 69.775047302246094 111 166.39633178710938 88.868537902832031 603 172.13465881347656 89.082687377929688 611 225.98672485351562 95.177482604980469 1109 154.05697631835938 102.90332794189453 662 242.07839965820312 107.88516998291016 688 240.26205444335938 205.35816955566406 495 8.4618005752563477 195.7786865234375 196 3.0833399295806885 200.5745849609375 -1 207.51544189453125 230.41561889648438 163 14.649378776550293 191.11610412597656 321 251.0810546875 206.06851196289062 -1 206.70848083496094 171.17098999023438 -1 38.854473114013672 171.03887939453125 209 203.69367980957031 168.01473999023438 -1 86.877273559570312 131.70256042480469 594 239.70257568359375 121.03560638427734 -1 114.55262756347656 111.28382873535156 -1 180.98233032226562 89.116874694824219 47 99.87091064453125 6.2321548461914062 1328 239.70257568359375 121.03560638427734 -1 133.56881713867188 184.12825012207031 706 207.51544189453125 230.41561889648438 164 117.04458618164062 36.537956237792969 1003 169.51426696777344 40.174880981445312 620 166.39633178710938 88.868537902832031 1319 133.56881713867188 184.12825012207031 140 246.7337646484375 84.845054626464844 -1 246.7337646484375 84.845054626464844 -1 167.87835693359375 60.329551696777344 739 189.57752990722656 64.368255615234375 619 166.39633178710938 88.868537902832031 684 120.74594879150391 40.472347259521484 -1 120.74594879150391 40.472347259521484 -1 95.423683166503906 124.20317840576172 -1 115.8603515625 102.23442840576172 40 200.74583435058594 164.80081176757812 -1 
66 0.9799372248434608 0.1975915196334912 0.013574436892824615 -0.022279169600035544 -2.7012681274028889 -1.148253422446353 0.53191195928947299 1 000064.png
132.27412414550781 118.2147216796875 640 136.71394348144531 201.18545532226562 621 173.40826416015625 129.60121154785156 -1 200.07440185546875 74.643089294433594 553 113.08013916015625 24.705856323242188 622 226.18545532226562 121.89729309082031 -1 226.18545532226562 121.89729309082031 -1 130.80836486816406 169.45657348632812 -1 152.22076416015625 155.97160339355469 -1 130.80836486816406 169.45657348632812 529 130.80836486816406 169.45657348632812 -1 98.109199523925781 29.22456169128418 623 185.51461791992188 51.277355194091797 1326 118.73517608642578 177.31556701660156 10 221.69183349609375 200.60107421875 -1 235.44361877441406 213.34776306152344 465 124.96385192871094 11.195511817932129 624 239.72999572753906 88.45416259765625 741 103.07469940185547 124.55373382568359 -1 151.66816711425781 120.97628784179688 19 230.46209716796875 77.366455078125 956 224.66706848144531 104.82034301757812 731 201.74798583984375 60.055831909179688 696 76.125717163085938 147.14173889160156 479 239.72999572753906 88.45416259765625 -1 103.07469940185547 124.55373382568359 -1 239.72999572753906 88.45416259765625 -1 190.51162719726562 69.3992919921875 -1 140.47120666503906 180.4835205078125 680 181.46051025390625 45.712162017822266 597 202.67315673828125 196.37368774414062 -1 202.67315673828125 196.37368774414062 84 202.67315673828125 196.37368774414062 -1 241.29054260253906 116.32630157470703 1327 135.05430603027344 33.520389556884766 1004 164.41334533691406 102.70025634765625 432 135.05430603027344 33.520389556884766 628 152.0220947265625 104.02428436279297 362 156.48480224609375 76.970466613769531 627 167.91841125488281 90.615333557128906 1319 156.48480224609375 76.970466613769531 16 141.61726379394531 19.284492492675781 649 175.31472778320312 95.262794494628906 292 175.31472778320312 95.262794494628906 697 180.00965881347656 94.403877258300781 491 169.00466918945312 95.886154174804688 276 248.28335571289062 97.705009460449219 468 161.55195617675781 119.5072021484375 475 121.69231414794922 26.704019546508789 648 169.91960144042969 63.039299011230469 23 169.91960144042969 63.039299011230469 599 251.02371215820312 87.935920715332031 -1 248.28335571289062 97.705009460449219 730 109.16986083984375 35.128639221191406 1325 121.69231414794922 26.704019546508789 630 174.52197265625 40.048564910888672 675 112.96834564208984 43.752056121826172 631 169.91960144042969 63.039299011230469 25 235.0032958984375 82.140693664550781 1055 171.90371704101562 88.263938903808594 611 251.02371215820312 87.935920715332031 -1 177.50679016113281 91.220344543457031 462 151.57421875 75.628585815429688 43 218.73588562011719 183.23295593261719 -1 222.44990539550781 187.3701171875 159 126.35874938964844 30.608686447143555 654 212.36701965332031 176.74583435058594 494 202.41641235351562 188.4725341796875 57 99.881568908691406 5.3363704681396484 1328 229.49172973632812 74.560569763183594 1006 209.87016296386719 71.893707275390625 -1 177.50679016113281 91.220344543457031 655 119.86665344238281 34.732181549072266 1003 126.35874938964844 30.608686447143555 1322 209.87016296386719 71.893707275390625 -1 189.61541748046875 64.393905639648438 619 207.57650756835938 172.22003173828125 -1 9.5850000381469727 194.9788818359375 196 15.502582550048828 190.52507019042969 321 204.06440734863281 173.33256530761719 -1 64.107124328613281 146.95462036132812 -1 70.973876953125 141.45730590820312 -1 241.43618774414062 122.32320404052734 -1 98.467758178710938 121.64036560058594 -1 251.48728942871094 111.44675445556641 590 114.01642608642578 105.02296447753906 40 240.94795227050781 96.480598449707031 -1 108.82084655761719 5.1302704811096191 1005 169.4560546875 40.345710754394531 753 166.38665771484375 88.805885314941406 1319 166.38665771484375 88.805885314941406 684 70.973876953125 141.45730590820312 -1 116.91368103027344 36.65472412109375 1003 169.4560546875 40.345710754394531 620 166.38665771484375 88.805885314941406 603 110.54861450195312 40.849315643310547 -1 108.82084655761719 5.1302704811096191 638 243.68321228027344 82.977348327636719 850 172.05146789550781 89.169189453125 611 110.54861450195312 40.849315643310547 -1 181.02780151367188 89.141944885253906 47 108.25721740722656 83.289070129394531 -1 108.25721740722656 83.289070129394531 -1 107.11796569824219 57.85791015625 -1 
67 0.98006038840659582 0.19686114605204658 0.013628845686232644 -0.023271846008607329 -2.7203624394744779 -1.1952319563502642 0.56650748018375829 1 000067.png
132.25843811035156 118.19131469726562 640 136.65998840332031 201.23165893554688 621 173.934326171875 129.73594665527344 -1 200.01913452148438 74.652877807617188 553 130.93199157714844 134.82919311523438 478 126.58242034912109 98.568023681640625 -1 113.08889007568359 24.738044738769531 622 226.47041320800781 121.98316192626953 -1 226.47041320800781 121.98316192626953 -1 130.97772216796875 170.44046020507812 529 152.09518432617188 155.61068725585938 -1 130.97772216796875 170.44046020507812 -1 130.97772216796875 170.44046020507812 -1 98.109725952148438 29.206323623657227 623 185.51533508300781 51.276317596435547 1326 118.50527191162109 177.57049560546875 10 221.69407653808594 200.37158203125 -1 235.36911010742188 214.08439636230469 465 124.98150634765625 11.233297348022461 624 184.16375732421875 155.12413024902344 848 239.92192077636719 88.455368041992188 741 151.72352600097656 120.94327545166016 19 224.53616333007812 104.71485900878906 731 201.76078796386719 60.037330627441406 696 239.92192077636719 88.455368041992188 -1 239.92192077636719 88.455368041992188 -1 181.35923767089844 45.561508178710938 597 140.44517517089844 180.58119201660156 680 231.35057067871094 77.631660461425781 956 132.82264709472656 179.6387939453125 706 132.82264709472656 179.6387939453125 140 156.51893615722656 76.913688659667969 627 152.06379699707031 103.75421905517578 362 174.708251953125 40.298046112060547 675 167.87104797363281 90.561317443847656 1319 135.03837585449219 33.595611572265625 1004 156.51893615722656 76.913688659667969 16 135.03837585449219 33.595611572265625 628 164.25053405761719 102.72260284423828 432 175.31495666503906 95.309310913085938 292 141.59255981445312 19.29595947265625 649 175.31495666503906 95.309310913085938 697 248.55810546875 97.849296569824219 468 239.4027099609375 100.35888671875 976 161.57281494140625 119.59815979003906 475 198.26240539550781 192.7921142578125 38 229.26441955566406 194.40855407714844 698 251.72264099121094 217.2984619140625 -1 121.7265625 26.622652053833008 648 169.92160034179688 63.029609680175781 23 169.92160034179688 63.029609680175781 599 251.18339538574219 87.930259704589844 -1 248.55810546875 97.849296569824219 730 239.4027099609375 100.35888671875 -1 198.26240539550781 192.7921142578125 32 109.16349792480469 34.937122344970703 1325 121.7265625 26.622652053833008 630 112.94166564941406 43.753440856933594 631 169.92160034179688 63.029609680175781 25 171.92750549316406 88.257423400878906 611 251.18339538574219 87.930259704589844 1349 179.99176025390625 94.363899230957031 491 169.04179382324219 95.842742919921875 276 18.91148567199707 187.70756530761719 -1 151.56050109863281 75.672584533691406 43 251.52584838867188 84.374710083007812 -1 247.25125122070312 212.38883972167969 -1 242.29669189453125 101.50108337402344 976 202.40980529785156 188.45501708984375 57 240.16514587402344 205.10111999511719 495 223.86361694335938 102.96197509765625 731 240.6181640625 121.55696868896484 -1 207.64630126953125 172.32762145996094 -1 219.36489868164062 183.6898193359375 -1 126.28205108642578 30.621297836303711 654 240.6181640625 121.55696868896484 -1 242.89016723632812 208.10609436035156 -1 241.94131469726562 107.89406585693359 688 99.927558898925781 5.6072897911071777 1328 126.28205108642578 30.621297836303711 1322 245.06573486328125 87.467430114746094 -1 166.37603759765625 88.80255126953125 603 172.10273742675781 89.050285339355469 611 158.55207824707031 80.500228881835938 705 154.02958679199219 102.85462951660156 662 30.96192741394043 177.27682495117188 -1 108.76190948486328 5.0663332939147949 638 212.2816162109375 176.62469482421875 494 40.058437347412109 169.96266174316406 209 203.59078979492188 168.00180053710938 -1 200.27876281738281 164.65245056152344 -1 191.57028198242188 147.06990051269531 484 86.258590698242188 132.25238037109375 594 251.7337646484375 111.50857543945312 590 226.1549072265625 95.239479064941406 1109 245.06573486328125 87.467430114746094 -1 166.37603759765625 88.80255126953125 1319 14.619982719421387 190.95721435546875 321 116.98500823974609 36.584426879882812 1003 108.76190948486328 5.0663332939147949 1005 169.4796142578125 40.111339569091797 620 110.64209747314453 40.910591125488281 -1 189.66227722167969 64.289306640625 619 228.02755737304688 190.93086242675781 698 207.51866149902344 230.39988708496094 163 2.4652335643768311 200.81607055664062 -1 246.71543884277344 84.982337951660156 -1 151.787353515625 116.70516967773438 605 207.51866149902344 230.39988708496094 164 
69 0.97991204699407342 0.19764928874942872 0.013477169230227366 -0.022923889771797674 -2.7104016583769637 -1.1286105205116521 0.41556227189722067 1 000066.png
132.13108825683594 118.07698822021484 640 136.54859924316406 201.12239074707031 621 173.21197509765625 129.62651062011719 -1 200.05584716796875 74.688079833984375 553 130.93869018554688 134.75221252441406 478 113.07919311523438 24.72296142578125 622 126.47945404052734 98.827117919921875 -1 226.1766357421875 121.95717620849609 -1 226.1766357421875 121.95717620849609 -1 152.09422302246094 155.2054443359375 -1 131.09007263183594 170.49873352050781 -1 131.09007263183594 170.49873352050781 -1 131.09007263183594 170.49873352050781 529 98.115219116210938 29.235799789428711 623 118.52330780029297 177.3927001953125 10 221.53739929199219 200.26547241210938 -1 235.21926879882812 213.65707397460938 465 187.425048828125 51.881629943847656 1326 182.5579833984375 155.37358093261719 848 201.85421752929688 60.153179168701172 696 229.75030517578125 77.422340393066406 956 239.880859375 88.638145446777344 741 224.59283447265625 104.679443359375 731 151.67094421386719 120.97694396972656 19 75.866371154785156 147.3536376953125 479 239.880859375 88.638145446777344 -1 239.880859375 88.638145446777344 -1 156.54881286621094 76.898208618164062 16 181.36932373046875 45.555675506591797 597 140.54397583007812 180.36503601074219 680 156.54881286621094 76.898208618164062 627 141.75778198242188 19.784904479980469 649 134.91548156738281 33.540306091308594 628 241.21775817871094 116.23341369628906 1327 167.87358093261719 90.562232971191406 1319 134.91548156738281 33.540306091308594 1004 152.014404296875 103.72464752197266 362 164.32020568847656 102.66326141357422 432 175.3319091796875 95.302330017089844 697 175.3319091796875 95.302330017089844 292 171.84286499023438 88.156143188476562 611 180.00505065917969 94.39410400390625 491 168.95486450195312 95.889747619628906 276 248.53399658203125 97.818931579589844 468 238.96597290039062 99.783164978027344 -1 161.31095886230469 114.43399047851562 -1 242.65924072265625 202.00779724121094 495 251.41436767578125 216.92500305175781 -1 121.72667694091797 26.601318359375 648 169.92233276367188 63.018203735351562 23 169.92233276367188 63.018203735351562 599 248.53399658203125 97.818931579589844 730 109.17454528808594 35.012596130371094 1325 121.72667694091797 26.601318359375 630 174.5577392578125 40.015682220458984 675 112.91907501220703 43.817104339599609 631 169.92233276367188 63.018203735351562 25 183.57966613769531 69.71337890625 111 177.61297607421875 91.226417541503906 462 126.28131866455078 30.649892807006836 1322 161.46347045898438 119.26603698730469 475 229.7093505859375 74.603202819824219 1006 166.42703247070312 43.926609039306641 753 202.42225646972656 188.45608520507812 57 151.59346008300781 75.704551696777344 43 43.749401092529297 167.44729614257812 -1 207.33216857910156 172.03326416015625 -1 222.498046875 187.3094482421875 159 177.61297607421875 91.226417541503906 655 126.28131866455078 30.649892807006836 654 116.96749114990234 36.608421325683594 1003 169.45880126953125 40.311985015869141 620 189.64518737792969 64.270233154296875 619 166.41993713378906 88.830238342285156 603 181.00546264648438 89.105064392089844 47 237.3653564453125 93.632644653320312 -1 15.44615650177002 190.09246826171875 321 234.81539916992188 77.427589416503906 700 30.946950912475586 177.43157958984375 -1 133.47442626953125 183.99519348144531 706 107.00961303710938 57.830219268798828 -1 212.43727111816406 176.80235290527344 494 36.491321563720703 172.75454711914062 209 54.057689666748047 158.64915466308594 507 59.796985626220703 153.83982849121094 481 64.145706176757812 146.99423217773438 -1 74.735641479492188 141.49313354492188 -1 99.403640747070312 120.86902618408203 -1 109.00112915039062 4.8804178237915039 1005 107.00961303710938 57.830219268798828 -1 172.12216186523438 89.27862548828125 611 166.41993713378906 88.830238342285156 1319 109.00112915039062 4.8804178237915039 638 64.145706176757812 146.99423217773438 -1 133.47442626953125 183.99519348144531 140 99.837692260742188 6.1443276405334473 1328 237.3653564453125 93.632644653320312 -1 240.33967590332031 205.2410888671875 495 2.586555004119873 200.89096069335938 -1 154.0860595703125 102.88613891601562 662 166.41993713378906 88.830238342285156 684 207.54585266113281 230.34733581542969 164 207.54585266113281 230.34733581542969 163 
70 0.97990469756155085 0.19773389677084413 0.012815547998570029 -0.022887802299898254 -2.662834642212959 -1.1273507403226661 0.43346345437249595 1 000069.png
132.34417724609375 118.2255859375 640 136.71636962890625 201.21537780761719 621 173.94505310058594 129.75141906738281 -1 200.02499389648438 74.645065307617188 553 130.924560546875 135.16297912597656 478 113.11400604248047 24.740947723388672 622 226.10592651367188 121.79974365234375 -1 226.10592651367188 121.79974365234375 -1 152.11167907714844 156.3577880859375 -1 98.182907104492188 29.398731231689453 623 185.45791625976562 51.303836822509766 1326 118.55905151367188 177.57542419433594 10 221.79437255859375 200.77867126464844 -1 235.48359680175781 214.09135437011719 465 125.01094055175781 11.298957824707031 624 224.59219360351562 104.47126007080078 731 201.8997802734375 60.122371673583984 696 231.10505676269531 77.550621032714844 956 151.62712097167969 120.98632049560547 19 102.42130279541016 125.41472625732422 -1 75.587211608886719 147.64421081542969 479 102.42130279541016 125.41472625732422 -1 156.595947265625 76.883995056152344 16 140.38754272460938 180.6556396484375 680 132.92448425292969 179.97027587890625 706 156.595947265625 76.883995056152344 627 132.92448425292969 179.97027587890625 140 151.92753601074219 104.22583770751953 362 241.1005859375 116.40318298339844 1327 202.517578125 196.31289672851562 752 135.17304992675781 33.535533905029297 628 180.97665405273438 44.756969451904297 597 135.17304992675781 33.535533905029297 1004 167.86962890625 90.558609008789062 1319 164.34721374511719 102.79564666748047 432 141.84538269042969 19.831586837768555 649 202.517578125 196.31289672851562 84 202.517578125 196.31289672851562 -1 175.30616760253906 95.256744384765625 697 175.30616760253906 95.256744384765625 292 169.92173767089844 63.035129547119141 25 171.84635925292969 88.12115478515625 611 180.02024841308594 94.332748413085938 491 168.89860534667969 95.969085693359375 276 248.4720458984375 97.859992980957031 730 239.56071472167969 100.34889984130859 -1 161.55345153808594 119.5433349609375 475 198.01448059082031 192.10350036621094 38 250.04617309570312 215.523193359375 -1 121.70254516601562 26.582197189331055 648 169.92173767089844 63.035129547119141 23 169.92173767089844 63.035129547119141 599 248.4720458984375 97.859992980957031 468 198.01448059082031 192.10350036621094 32 109.15525817871094 35.054187774658203 1325 121.70254516601562 26.582197189331055 630 174.28562927246094 39.736259460449219 675 112.96109008789062 43.677825927734375 631 248.576416015625 82.379104614257812 -1 240.90542602539062 121.82500457763672 -1 238.388427734375 203.30203247070312 495 119.86290740966797 34.726234436035156 1003 126.27659606933594 30.625165939331055 1322 230.26683044433594 74.958709716796875 1006 241.60205078125 107.89167022705078 688 151.549560546875 75.747039794921875 43 184.08543395996094 69.912246704101562 111 99.861648559570312 5.5513448715209961 1328 110.46616363525391 70.521186828613281 747 226.52397155761719 95.412399291992188 1109 207.28915405273438 171.91714477539062 -1 110.46616363525391 70.521186828613281 -1 126.27659606933594 30.625165939331055 654 216.82518005371094 181.11769104003906 -1 218.84779357910156 183.2078857421875 -1 222.52629089355469 187.42898559570312 159 202.41220092773438 188.46595764160156 57 172.06584167480469 89.36602783203125 611 153.96466064453125 102.88947296142578 662 115.81616973876953 45.526569366455078 635 195.76856994628906 61.170673370361328 -1 14.720704078674316 190.96903991699219 321 158.51484680175781 80.424613952636719 705 166.39012145996094 88.824615478515625 603 17.939931869506836 188.22135925292969 -1 133.52207946777344 184.07966613769531 706 29.481147766113281 178.55961608886719 -1 213.3040771484375 177.54173278808594 494 48.086460113525391 163.42042541503906 -1 64.086929321289062 147.04367065429688 -1 108.91590881347656 5.1043643951416016 638 117.10122680664062 36.529552459716797 1003 166.39012145996094 88.824615478515625 1319 64.086929321289062 147.04367065429688 -1 133.52207946777344 184.07966613769531 140 169.48431396484375 40.134616851806641 620 115.81616973876953 45.526569366455078 632 166.39012145996094 88.824615478515625 684 195.91334533691406 56.879875183105469 608 189.66526794433594 64.204254150390625 619 243.24678039550781 82.629562377929688 -1 114.03229522705078 105.05828094482422 40 249.86820983886719 86.927513122558594 -1 108.91590881347656 5.1043643951416016 1005 195.66014099121094 159.86979675292969 -1 102.06993103027344 35.43084716796875 -1 
72 0.97991553064735704 0.19761687584941706 0.013436837806503387 -0.023077577112568085 -2.708530500963557 -1.1351417854923365 0.44074616253531862 1 000070.png
132.28872680664062 118.15129852294922 640 136.69549560546875 201.15089416503906 621 173.4393310546875 129.62712097167969 -1 200.04042053222656 74.65264892578125 553 130.91572570800781 134.7301025390625 478 126.54377746582031 98.003219604492188 -1 113.12530517578125 24.742282867431641 622 152.17787170410156 155.95574951171875 -1 98.078804016113281 29.326799392700195 623 185.54789733886719 51.286834716796875 1326 118.75752258300781 177.5477294921875 10 221.64537048339844 200.38824462890625 -1 235.55059814453125 214.15608215332031 465 124.88538360595703 11.075494766235352 624 224.51225280761719 104.68399810791016 731 201.74189758300781 60.006309509277344 696 240.40890502929688 88.652374267578125 741 151.68482971191406 120.67134857177734 19 183.95353698730469 155.40995788574219 848 240.40890502929688 88.652374267578125 -1 240.40890502929688 88.652374267578125 -1 181.48095703125 45.649284362792969 597 231.49317932128906 77.584564208984375 956 140.19140625 180.93626403808594 680 134.93891906738281 33.626537322998047 628 141.75759887695312 19.773700714111328 649 156.52154541015625 76.923851013183594 16 167.94692993164062 90.625694274902344 1319 164.3223876953125 102.70551300048828 432 151.91792297363281 104.20685577392578 362 156.52154541015625 76.923851013183594 627 134.93891906738281 33.626537322998047 1004 243.04144287109375 202.5089111328125 495 121.69695281982422 26.637014389038086 630 174.28558349609375 39.847652435302734 675 112.9637451171875 43.789077758789062 631 169.92903137207031 63.023765563964844 25 195.02670288085938 62.746719360351562 -1 183.41792297363281 69.932334899902344 111 179.96907043457031 94.373039245605469 491 175.46614074707031 95.360984802246094 697 168.87643432617188 96.042831420898438 276 248.31597900390625 97.740936279296875 468 239.58602905273438 100.29450225830078 -1 161.53033447265625 119.51729583740234 475 198.04226684570312 192.31515502929688 38 203.4913330078125 195.83009338378906 84 121.69695281982422 26.637014389038086 648 169.92903137207031 63.023765563964844 23 169.92903137207031 63.023765563964844 599 195.02670288085938 62.746719360351562 -1 175.46614074707031 95.360984802246094 292 248.31597900390625 97.740936279296875 730 203.4913330078125 195.83009338378906 -1 171.83349609375 88.052726745605469 611 109.17062377929688 34.943065643310547 1325 164.98521423339844 49.255859375 596 234.12379455566406 77.217819213867188 700 229.20671081542969 194.22142028808594 698 229.3985595703125 74.437461853027344 1006 126.38111114501953 30.62598991394043 1322 151.5439453125 75.747062683105469 43 223.93089294433594 103.23698425292969 731 145.61892700195312 124.53586578369141 -1 100.09932708740234 117.02838134765625 -1 207.62185668945312 172.22489929199219 -1 219.82220458984375 184.03826904296875 -1 145.61892700195312 124.53586578369141 -1 222.80778503417969 187.58306884765625 159 202.44322204589844 188.43617248535156 57 239.10977172851562 204.18074035644531 495 245.84085083007812 210.79972839355469 -1 166.36955261230469 88.841102600097656 603 172.08673095703125 89.212196350097656 611 226.7509765625 95.466964721679688 1109 116.10652923583984 102.14807891845703 40 154.068115234375 102.71947479248047 662 242.10116577148438 107.80653381347656 688 151.84027099609375 116.77976226806641 605 103.55632781982422 253.53114318847656 -1 119.72039031982422 34.804889678955078 1003 35.837203979492188 173.30711364746094 209 54.045398712158203 158.66267395019531 507 108.83656311035156 5.3070154190063477 638 15.286355972290039 190.50473022460938 321 198.025634765625 162.59065246582031 -1 115.90100860595703 45.694801330566406 635 99.828079223632812 6.277644157409668 1328 57.460987091064453 155.65711975097656 481 74.687713623046875 141.59443664550781 -1 180.98452758789062 89.12359619140625 47 116.9998779296875 36.582237243652344 1003 166.36955261230469 88.841102600097656 1319 207.57754516601562 230.59065246582031 164 115.90100860595703 45.694801330566406 632 128.20742797851562 36.571010589599609 -1 108.83656311035156 5.3070154190063477 1005 169.54541015625 40.142314910888672 620 189.60768127441406 64.294563293457031 619 158.50936889648438 80.509773254394531 705 246.96826171875 85.015533447265625 -1 207.57754516601562 230.59065246582031 163 251.04351806640625 111.21830749511719 590 108.21047973632812 83.166419982910156 -1 184.39115905761719 72.817298889160156 -1 60.810150146484375 152.97026062011719 -1 114.10717010498047 104.90631866455078 40 8.2654399871826172 195.79774475097656 196 108.21047973632812 83.166419982910156 -1 
74 0.98188015979905874 0.18811566664942028 0.013109130393621004 -0.018761621847329397 -2.641860538042283 -1.8140498056740373 0.74966416757860921 1 000074.png
141.29769897460938 122.57337951660156 -1 136.39056396484375 199.66305541992188 621 130.42439270019531 138.1405029296875 478 113.13161468505859 24.847835540771484 622 151.03289794921875 158.99830627441406 -1 98.274124145507812 29.761686325073242 623 219.44651794433594 205.35195922851562 -1 232.61378479003906 218.12535095214844 465 126.63828277587891 13.594268798828125 624 186.92436218261719 51.696186065673828 1326 201.93177795410156 60.845058441162109 696 151.23835754394531 122.10113525390625 19 104.12760925292969 131.45457458496094 -1 82.555244445800781 151.74549865722656 -1 104.12760925292969 131.45457458496094 -1 231.58474731445312 78.007820129394531 700 141.62434387207031 19.434965133666992 649 135.08757019042969 33.668449401855469 628 166.43894958496094 35.768379211425781 646 180.96652221679688 44.863410949707031 597 164.25538635253906 47.971626281738281 596 156.46507263183594 76.980659484863281 16 167.77030944824219 90.669509887695312 1319 164.30842590332031 102.89610290527344 432 151.89012145996094 104.04361724853516 362 149.43157958984375 161.81622314453125 -1 156.46507263183594 76.980659484863281 627 135.08757019042969 33.668449401855469 1004 179.98446655273438 94.469490051269531 491 244.87771606445312 105.37492370605469 -1 158.56130981445312 122.9998779296875 475 145.64266967773438 124.61576843261719 -1 196.93565368652344 196.93409729003906 38 244.02767944335938 211.10159301757812 -1 121.67210388183594 26.601762771606445 648 169.90806579589844 63.053024291992188 23 169.90806579589844 63.053024291992188 599 244.10777282714844 87.311210632324219 -1 196.93565368652344 196.93409729003906 32 121.67210388183594 26.601762771606445 630 112.96167755126953 43.725051879882812 631 168.96664428710938 46.486343383789062 753 169.90806579589844 63.053024291992188 25 182.93855285644531 70.377983093261719 111 244.10777282714844 87.311210632324219 -1 171.81436157226562 88.13970947265625 611 252.5338134765625 93.588851928710938 1349 66.277168273925781 151.5263671875 -1 252.71446228027344 225.26298522949219 -1 9.1760215759277344 209.72019958496094 616 47.272022247314453 176.34233093261719 -1 151.59149169921875 75.663597106933594 43 240.04756164550781 212.32623291015625 495 126.19090270996094 30.65997314453125 1322 244.15255737304688 216.45501708984375 -1 251.83811950683594 85.056625366210938 674 169.14474487304688 95.656028747558594 276 108.03335571289062 113.84451293945312 -1 91.18505859375 129.40475463867188 -1 75.767341613769531 143.07142639160156 -1 57.468017578125 167.19009399414062 -1 206.73297119140625 169.04995727539062 -1 46.216419219970703 172.75978088378906 64 42.284984588623047 171.91175842285156 -1 126.19090270996094 30.65997314453125 654 43.425827026367188 179.68658447265625 -1 217.34445190429688 188.68026733398438 -1 220.58442687988281 192.20356750488281 159 227.03273010253906 199.39627075195312 698 46.216419219970703 172.75978088378906 -1 221.72126770019531 110.55852508544922 -1 248.9227294921875 113.12403869628906 590 79.917198181152344 139.84249877929688 -1 71.761344909667969 153.82960510253906 -1 66.485946655273438 158.82611083984375 -1 50.558509826660156 172.51531982421875 -1 210.83158874511719 181.92674255371094 494 223.11848449707031 185.50448608398438 -1 198.63702392578125 195.82244873046875 -1 233.53443908691406 196.53916931152344 -1 205.50715637207031 235.23323059082031 163 158.48837280273438 80.627555847167969 705 115.89812469482422 45.533546447753906 635 108.71468353271484 5.2929043769836426 638 141.06217956542969 18.173171997070312 649 116.93389129638672 36.612651824951172 1003 169.44197082519531 40.392276763916016 620 167.8526611328125 60.383663177490234 739 200.61256408691406 193.84371948242188 57 154.45037841796875 72.799736022949219 -1 228.58027648925781 73.970985412597656 1006 238.9583740234375 80.058303833007812 -1 166.22660827636719 88.933685302734375 603 251.63325500488281 214.52169799804688 -1 247.99842834472656 211.04278564453125 -1 198.90025329589844 208.06776428222656 -1 235.93231201171875 198.94172668457031 -1 108.71468353271484 5.2929043769836426 1005 169.44197082519531 40.392276763916016 753 151.74497985839844 116.64405822753906 605 238.36326599121094 101.52960205078125 -1 153.97601318359375 102.89499664306641 656 221.72126770019531 110.55852508544922 -1 200.61256408691406 193.84371948242188 59 200.61256408691406 193.84371948242188 -1 205.50715637207031 235.23323059082031 164 172.08628845214844 89.241600036621094 611 115.89812469482422 45.533546447753906 632 180.99981689453125 89.081657409667969 47 179.22676086425781 95.660636901855469 -1 248.97207641601562 98.678047180175781 485 238.36326599121094 101.52960205078125 976 153.97601318359375 102.89499664306641 662 166.22660827636719 88.933685302734375 1319 142.73542785644531 123.10684967041016 703 
75 0.98040887233027807 0.19551151696804528 0.014132958193791846 -0.019337768268828451 -2.7127860960651589 -1.3001028784369675 0.47966074894505001 1 000073.png
135.54530334472656 119.74845886230469 -1 136.6126708984375 200.49955749511719 621 199.97648620605469 75.266586303710938 553 130.59814453125 136.67822265625 478 225.17823791503906 124.38359069824219 -1 225.17823791503906 124.38359069824219 -1 113.16481781005859 24.82386589050293 622 151.70860290527344 156.38232421875 -1 98.224655151367188 29.606170654296875 623 241.08930969238281 91.972404479980469 741 119.35945129394531 177.72883605957031 10 220.69804382324219 202.64361572265625 293 234.51181030273438 216.02120971679688 465 241.08930969238281 91.972404479980469 -1 187.31651306152344 51.944004058837891 1326 78.893913269042969 150.27137756347656 -1 151.38255310058594 121.10188293457031 19 223.88421630859375 107.31027221679688 731 201.80355834960938 59.905620574951172 696 132.8021240234375 179.98054504394531 140 135.24797058105469 34.247535705566406 1004 132.8021240234375 179.98054504394531 706 135.24797058105469 34.247535705566406 628 201.65255737304688 198.43638610839844 -1 167.80570983886719 90.626541137695312 1319 164.32670593261719 48.113578796386719 596 180.94679260253906 44.827499389648438 597 174.5189208984375 40.306545257568359 675 164.38441467285156 102.76157379150391 432 151.82241821289062 104.06502532958984 362 201.65255737304688 198.43638610839844 752 201.65255737304688 198.43638610839844 84 156.42561340332031 77.00213623046875 627 104.49001312255859 13.65914249420166 676 141.56256103515625 19.443700790405273 649 104.49001312255859 13.65914249420166 679 156.42561340332031 77.00213623046875 16 121.57022094726562 26.495693206787109 630 121.57022094726562 26.495693206787109 648 160.42283630371094 121.12569427490234 475 197.52793884277344 194.27122497558594 38 241.56611633300781 204.1702880859375 495 100.20403289794922 4.2296676635742188 711 169.89576721191406 63.049736022949219 23 169.89576721191406 63.049736022949219 599 175.32832336425781 95.314773559570312 292 247.230224609375 100.58851623535156 468 197.52793884277344 194.27122497558594 32 109.15061950683594 34.985828399658203 1325 100.20403289794922 4.2296676635742188 1328 112.94115447998047 43.801517486572266 631 169.19868469238281 46.038181304931641 753 103.53670501708984 50.931652069091797 720 169.89576721191406 63.049736022949219 25 171.83161926269531 88.214447021484375 611 179.90460205078125 94.457527160644531 491 175.32832336425781 95.314773559570312 697 168.99612426757812 95.825904846191406 276 247.230224609375 100.58851623535156 730 247.32025146484375 215.48794555664062 -1 126.17976379394531 30.657749176025391 1322 129.74969482421875 35.882125854492188 -1 221.83413696289062 189.66806030273438 159 201.59561157226562 190.79052734375 57 116.00754547119141 45.416053771972656 635 4.1634645462036133 204.87103271484375 -1 238.04447937011719 205.86251831054688 495 151.57443237304688 75.651626586914062 43 235.90231323242188 100.52655792236328 -1 55.348987579345703 157.83543395996094 -1 39.499355316162109 166.771728515625 -1 45.057254791259766 170.57595825195312 -1 116.00754547119141 45.416053771972656 632 201.59561157226562 190.79052734375 59 126.17976379394531 30.657749176025391 654 235.90231323242188 100.52655792236328 -1 55.348987579345703 157.83543395996094 -1 217.55253601074219 184.99386596679688 -1 11.745323181152344 190.30387878417969 321 239.19189453125 196.89772033691406 -1 7.7969498634338379 201.64698791503906 -1 166.32112121582031 88.814323425292969 603 172.07907104492188 89.289138793945312 611 240.38406372070312 96.939178466796875 -1 154.128662109375 102.90058898925781 656 223.04960632324219 105.59173583984375 731 151.79489135742188 115.92854309082031 605 114.56026458740234 119.15857696533203 -1 114.50675964355469 122.09468841552734 -1 169.984619140625 126.83341979980469 -1 172.04641723632812 128.94990539550781 -1 33.594505310058594 179.58985900878906 -1 50.707511901855469 165.19332885742188 -1 230.54881286621094 188.40150451660156 -1 227.0872802734375 193.05027770996094 698 195.02296447753906 197.25416564941406 -1 184.53349304199219 69.657455444335938 111 203.94012451171875 170.88937377929688 -1 108.67312622070312 5.1095371246337891 638 141.01934814453125 18.040552139282227 649 117.01792144775391 36.571186065673828 1003 110.5576171875 41.019172668457031 -1 166.89675903320312 42.908313751220703 753 65.205711364746094 153.010498046875 -1 59.953136444091797 150.582763671875 -1 191.38723754882812 149.525390625 484 65.588615417480469 146.09999084472656 -1 75.609550476074219 144.45976257324219 479 67.869819641113281 143.89859008789062 -1 75.014205932617188 141.45391845703125 -1 79.491851806640625 137.63858032226562 -1 108.67312622070312 5.1095371246337891 1005 240.62338256835938 83.997055053710938 -1 251.55059814453125 88.21112060546875 -1 174.95066833496094 53.536235809326172 701 154.128662109375 102.90058898925781 662 247.50588989257812 105.90388488769531 -1 151.79489135742188 115.92854309082031 -1 79.491851806640625 137.63858032226562 -1 75.014205932617188 141.45391845703125 -1 196.25450134277344 56.724246978759766 608 195.02296447753906 197.25416564941406 -1 172.36897277832031 60.320709228515625 -1 166.32112121582031 88.814323425292969 1319 158.50401306152344 80.570831298828125 705 230.68807983398438 82.614723205566406 -1 237.16036987304688 82.281631469726562 -1 89.284225463867188 132.60845947265625 -1 197.44842529296875 164.82382202148438 -1 240.62338256835938 83.997055053710938 -1 246.85670471191406 84.952239990234375 -1 251.55059814453125 88.21112060546875 1349 247.50588989257812 105.90388488769531 -1 248.25335693359375 95.625869750976562 485 
76 0.98180376052360252 0.18882086639221499 0.010327342911127182 -0.017360939634769829 -2.4565163930729015 -1.7472875087405642 0.23826719228774387 1 000075.png
131.35295104980469 116.37788391113281 640 136.65599060058594 199.80915832519531 621 198.46054077148438 75.442619323730469 553 130.33587646484375 139.16769409179688 478 113.07275390625 24.863161087036133 622 150.41078186035156 161.04217529296875 -1 217.26866149902344 206.456787109375 293 128.06143188476562 15.658227920532227 791 98.027969360351562 29.802373886108398 623 187.42593383789062 52.168983459472656 1326 27.117856979370117 209.68846130371094 -1 230.59693908691406 219.87754821777344 465 87.1492919921875 153.10362243652344 -1 201.47119140625 59.87030029296875 696 252.03460693359375 109.58067321777344 -1 252.03460693359375 109.58067321777344 -1 156.55265808105469 76.943901062011719 627 135.30842590332031 34.576534271240234 628 156.55265808105469 76.943901062011719 16 122.9552001953125 8.6089401245117188 -1 122.9552001953125 8.6089401245117188 624 135.30842590332031 34.576534271240234 1004 151.16229248046875 122.99127197265625 19 180.92959594726562 44.774795532226562 597 164.33993530273438 48.123989105224609 596 164.53712463378906 102.75034332275391 432 151.96885681152344 104.33635711669922 362 241.85061645507812 104.481689453125 -1 167.67765808105469 90.728851318359375 1319 200.10429382324219 203.59437561035156 752 241.85061645507812 104.481689453125 976 140.24705505371094 133.31863403320312 -1 223.16188049316406 72.217605590820312 826 200.10429382324219 203.59437561035156 84 249.7620849609375 100.35453796386719 485 168.63165283203125 96.407569885253906 276 246.58372497558594 95.386085510253906 -1 121.54386901855469 26.446880340576172 630 121.54386901855469 26.446880340576172 648 195.30662536621094 62.233539581298828 -1 169.90505981445312 63.048191070556641 25 183.10581970214844 70.344505310058594 111 171.79948425292969 88.105598449707031 611 179.93496704101562 94.487335205078125 491 113.6868896484375 117.63308715820312 256 157.47978210449219 125.52229309082031 823 67.895408630371094 165.360595703125 -1 195.37892150878906 199.79801940917969 38 237.00636291503906 208.52957153320312 495 100.38661193847656 3.8591358661651611 1328 195.30662536621094 62.233539581298828 -1 169.90505981445312 63.048191070556641 23 169.90505981445312 63.048191070556641 599 195.37892150878906 199.79801940917969 32 244.14030456542969 106.25962829589844 -1 100.38661193847656 3.8591358661651611 711 141.55540466308594 19.152883529663086 649 174.02104187011719 39.763221740722656 675 112.91531372070312 43.881732940673828 631 169.08970642089844 46.107006072998047 753 103.38437652587891 50.785316467285156 720 186.351806640625 211.97499084472656 94 35.998989105224609 185.13630676269531 -1 31.227569580078125 189.43415832519531 -1 226.56373596191406 197.38368225097656 698 224.66876220703125 200.97731018066406 698 244.60650634765625 211.95977783203125 -1 126.15160369873047 30.651466369628906 1322 245.46255493164062 93.602287292480469 -1 7.0526232719421387 211.53901672363281 -1 195.95997619628906 57.294647216796875 608 151.63645935058594 75.550086975097656 43 241.58338928222656 92.678627014160156 -1 169.17367553710938 95.590202331542969 276 141.00410461425781 133.9061279296875 -1 82.370674133300781 150.99113464355469 -1 218.78022766113281 194.33154296875 159 126.15160369873047 30.651466369628906 654 241.58338928222656 92.678627014160156 -1 245.46255493164062 93.602287292480469 -1 49.393566131591797 176.83943176269531 -1 45.901252746582031 176.40400695800781 -1 49.393566131591797 176.83943176269531 -1 204.24444580078125 179.56626892089844 -1 116.57780456542969 116.97760009765625 -1 104.15774536132812 122.99136352539062 240 150.09078979492188 124.58301544189453 -1 100.27572631835938 129.86058044433594 550 93.392440795898438 140.04127502441406 -1 140.42457580566406 139.883544921875 -1 83.421844482421875 146.01901245117188 -1 139.23553466796875 147.36932373046875 -1 138.48039245605469 152.2076416015625 -1 76.011260986328125 152.83367919921875 -1 72.356201171875 156.14009094238281 -1 63.672885894775391 160.75334167480469 -1 64.982933044433594 163.01840209960938 -1 197.83265686035156 165.29698181152344 -1 63.605297088623047 167.47903442382812 -1 57.857162475585938 169.43257141113281 -1 59.798519134521484 170.94613647460938 -1 55.066761016845703 172.008056640625 -1 50.484241485595703 172.49528503417969 -1 46.672782897949219 179.55599975585938 -1 25.108985900878906 203.22895812988281 -1 205.33308410644531 172.09599304199219 -1 19.78132438659668 207.67054748535156 -1 11.106505393981934 215.72380065917969 -1 8.6346120834350586 218.18482971191406 -1 5.4197902679443359 220.95668029785156 -1 119.70005035400391 34.823272705078125 1003 115.83333587646484 45.327720642089844 635 102.11074829101562 13.947890281677246 676 116.80746459960938 36.6834716796875 1003 169.5213623046875 40.229175567626953 620 13.915768623352051 212.98782348632812 -1 176.83721923828125 40.859123229980469 -1 189.5367431640625 64.351287841796875 619 167.95396423339844 69.698677062988281 715 22.537502288818359 205.07205200195312 -1 31.174463272094727 197.53410339355469 -1 228.93916320800781 74.41961669921875 1006 215.0242919921875 190.44816589355469 -1 44.623683929443359 184.85128784179688 -1 137.135498046875 183.96647644042969 680 102.11074829101562 13.947890281677246 679 166.18623352050781 88.967453002929688 1319 253.49826049804688 91.994903564453125 -1 253.49826049804688 91.994903564453125 1349 16.213672637939453 210.99339294433594 -1 83.421844482421875 146.01901245117188 -1 76.011260986328125 152.83367919921875 -1 72.356201171875 156.14009094238281 -1 64.982933044433594 163.01840209960938 -1 57.857162475585938 169.43257141113281 -1 55.066761016845703 172.008056640625 -1 46.672782897949219 179.55599975585938 -1 235.37922668457031 78.138725280761719 700 115.83333587646484 45.327720642089844 632 158.55754089355469 80.583656311035156 705 253.11869812011719 86.544891357421875 674 166.18623352050781 88.967453002929688 603 140.43952941894531 156.03285217285156 691 50.290214538574219 179.56477355957031 -1 172.04840087890625 89.288383483886719 611 253.49826049804688 91.994903564453125 -1 151.71357727050781 116.61577606201172 605 100.27572631835938 129.86058044433594 205 235.00985717773438 210.71894836425781 495 188.57870483398438 155.15702819824219 484 
78 0.9828369135604117 0.18323220912098515 0.0072773334750147103 -0.020114653891652675 -2.289069403627348 -2.1214251714566359 0.48869692700557715 1 000076.png
136.88133239746094 200.07255554199219 621 198.57142639160156 74.185256958007812 553 130.40272521972656 140.57017517089844 478 130.40272521972656 140.57017517089844 -1 157.73907470703125 36.712978363037109 756 113.41843414306641 25.064876556396484 622 150.53398132324219 162.07609558105469 -1 128.09164428710938 15.618102073669434 791 98.121162414550781 29.72663688659668 623 202.42681884765625 62.819042205810547 -1 229.41444396972656 220.85604858398438 15 187.41813659667969 52.164836883544922 1326 210.57005310058594 91.881370544433594 769 28.397123336791992 212.147216796875 -1 216.275390625 207.61041259765625 293 125.3228759765625 11.760887145996094 624 201.67036437988281 60.087684631347656 696 172.54812622070312 51.628437042236328 693 222.16519165039062 72.669624328613281 826 89.629043579101562 153.49151611328125 -1 251.09677124023438 112.00898742675781 590 151.22096252441406 123.11683654785156 19 251.09677124023438 112.00898742675781 -1 135.32659912109375 34.403789520263672 1004 156.63099670410156 77.051841735839844 627 135.32659912109375 34.403789520263672 628 156.63099670410156 77.051841735839844 16 104.27970123291016 14.060111045837402 679 151.93170166015625 103.93060302734375 362 104.27970123291016 14.060111045837402 676 167.79522705078125 90.954124450683594 1319 58.127399444580078 179.11851501464844 -1 200.83992004394531 57.694183349609375 696 180.74494934082031 44.371250152587891 31 252.49427795410156 93.721412658691406 -1 179.90802001953125 94.540435791015625 491 248.04641723632812 102.81810760498047 -1 49.275165557861328 185.31834411621094 -1 194.61943054199219 200.27513122558594 38 109.20183563232422 34.822029113769531 827 169.89064025878906 63.063331604003906 23 169.89064025878906 63.063331604003906 599 248.04641723632812 102.81810760498047 -1 194.61943054199219 200.27513122558594 32 109.20183563232422 34.822029113769531 1325 121.70256805419922 26.360054016113281 630 112.97463226318359 43.682708740234375 631 164.79539489746094 48.971828460693359 596 169.89064025878906 63.063331604003906 25 183.12701416015625 70.277824401855469 111 236.8939208984375 79.831687927246094 700 171.66583251953125 88.057388305664062 611 189.73199462890625 64.142105102539062 619 115.93914031982422 45.576892852783203 632 251.03579711914062 88.127708435058594 -1 156.69407653808594 126.34946441650391 823 196.83201599121094 169.87001037597656 -1 47.283374786376953 178.2581787109375 -1 52.328514099121094 181.37068176269531 -1 217.50613403320312 195.11370849609375 159 150.03639221191406 124.11767578125 -1 24.805076599121094 199.1768798828125 -1 16.746566772460938 214.57089233398438 -1 237.25984191894531 215.732666015625 495 4.254786491394043 217.61656188964844 -1 244.20994567871094 223.3717041015625 -1 126.19565582275391 30.652185440063477 1322 249.46372985839844 228.58203125 -1 115.93914031982422 45.576892852783203 635 151.59986877441406 75.622459411621094 43 242.85627746582031 79.312301635742188 -1 114.06431579589844 119.32733154296875 256 251.03579711914062 88.127708435058594 674 126.19565582275391 30.652185440063477 654 169.18208312988281 95.558311462402344 276 119.58493041992188 34.853267669677734 1003 116.97511291503906 36.608589172363281 1003 125.36174011230469 38.116146087646484 883 122.05731201171875 39.966606140136719 -1 169.39776611328125 40.332809448242188 620 196.24081420898438 56.824474334716797 608 167.91795349121094 60.327571868896484 739 184.2669677734375 70.107009887695312 -1 111.00079345703125 85.40533447265625 716 166.15957641601562 89.054779052734375 603 172.07524108886719 89.380706787109375 611 234.76437377929688 108.66768646240234 -1 125.36174011230469 38.116146087646484 885 108.76678466796875 120.82145690917969 -1 108.77593994140625 5.1519908905029297 638 174.55831909179688 141.46919250488281 -1 84.451889038085938 144.53092956542969 -1 69.619270324707031 158.37496948242188 -1 64.282859802246094 166.58834838867188 -1 57.541252136230469 172.90406799316406 -1 52.050624847412109 174.55778503417969 -1 54.711093902587891 175.38685607910156 -1 200.56739807128906 177.26094055175781 -1 203.46897888183594 180.61337280273438 -1 225.47920227050781 198.28392028808594 -1 248.91111755371094 219.03646850585938 -1 198.74566650390625 196.98828125 57 35.574367523193359 196.92306518554688 -1 42.831775665283203 189.7296142578125 -1 219.51863098144531 188.4293212890625 -1 46.875759124755859 186.00244140625 -1 108.77593994140625 5.1519908905029297 1005 185.51251220703125 153.5286865234375 484 122.05731201171875 39.966606140136719 -1 169.39776611328125 40.332809448242188 753 111.00079345703125 85.40533447265625 749 166.15957641601562 89.054779052734375 1319 64.282859802246094 166.58834838867188 -1 57.541252136230469 172.90406799316406 -1 54.711093902587891 175.38685607910156 -1 2.9416089057922363 227.49443054199219 -1 243.17684936523438 212.98918151855469 -1 19.950260162353516 211.17753601074219 -1 22.502330780029297 209.00782775878906 -1 27.034585952758789 204.77735900878906 -1 32.643871307373047 199.45976257324219 -1 13.468072891235352 217.2347412109375 -1 151.77828979492188 116.71821594238281 605 
79 0.98357259321092116 0.17967119373925253 -0.0006431963347197574 -0.017401216139416972 -1.7512218512141298 -2.3614198560199746 0.19819537541237101 1 000078.png
130.71208190917969 114.58932495117188 640 137.33990478515625 201.47576904296875 621 170.80970764160156 139.094970703125 745 197.83985900878906 73.472282409667969 699 236.63789367675781 105.6025390625 -1 160.81851196289062 137.76692199707031 -1 236.63789367675781 105.6025390625 -1 160.81851196289062 137.76692199707031 -1 113.07060241699219 24.817239761352539 622 157.929931640625 36.972480773925781 756 195.15351867675781 203.46554565429688 -1 195.15351867675781 203.46554565429688 -1 98.04364013671875 30.055418014526367 623 202.912841796875 63.433040618896484 696 222.37693786621094 76.346847534179688 -1 188.24775695800781 52.256313323974609 1326 206.53701782226562 101.07880401611328 -1 170.13334655761719 103.51898956298828 -1 120.59439849853516 176.84326171875 -1 212.13322448730469 210.90303039550781 293 224.0672607421875 222.69157409667969 15 245.28446960449219 243.38984680175781 -1 120.59439849853516 176.84326171875 644 120.59439849853516 176.84326171875 -1 124.91374969482422 11.383699417114258 624 172.42819213867188 51.725276947021484 693 151.48568725585938 122.61371612548828 19 249.10031127929688 91.660072326660156 674 8.1006221771240234 239.96905517578125 645 134.96873474121094 33.686000823974609 1004 134.96873474121094 33.686000823974609 628 156.71452331542969 76.993507385253906 16 245.60719299316406 121.72639465332031 -1 156.71452331542969 76.993507385253906 694 156.71452331542969 76.993507385253906 627 166.31710815429688 35.791278839111328 646 174.77067565917969 95.249198913574219 292 196.293212890625 208.60383605957031 84 104.28575897216797 13.758904457092285 676 158.132568359375 123.61618041992188 475 138.8948974609375 183.12167358398438 680 151.85417175292969 103.86922454833984 362 164.22914123535156 103.03746795654297 432 104.28575897216797 13.758904457092285 679 174.77067565917969 95.249198913574219 697 167.68318176269531 90.923820495605469 1319 200.72512817382812 57.613086700439453 696 164.58180236816406 48.323020935058594 596 121.60169982910156 26.633783340454102 630 121.60169982910156 26.633783340454102 648 169.88697814941406 63.088512420654297 599 191.40879821777344 204.25440979003906 32 140.03121948242188 139.43569946289062 707 141.64654541015625 19.159931182861328 649 180.76458740234375 44.417984008789062 597 169.04780578613281 46.716983795166016 -1 169.88697814941406 63.088512420654297 25 171.71566772460938 88.034126281738281 611 179.89340209960938 94.496589660644531 491 61.683372497558594 184.37374877929688 -1 191.40879821777344 204.25440979003906 38 169.88697814941406 63.088512420654297 23 119.62040710449219 34.832653045654297 1003 169.30349731445312 95.61492919921875 276 183.44987487792969 163.59281921386719 -1 201.02259826660156 181.98141479492188 -1 195.4744873046875 201.05506896972656 57 141.11796569824219 133.71864318847656 -1 110.38465881347656 70.299331665039062 651 115.94477844238281 45.643623352050781 632 191.86659240722656 172.98686218261719 -1 177.99520874023438 53.548915863037109 701 230.24235534667969 212.74847412109375 -1 110.38465881347656 70.299331665039062 653 151.62739562988281 75.615226745605469 43 247.92713928222656 113.15672302246094 590 246.35235595703125 229.88792419433594 -1 250.00582885742188 233.56282043457031 -1 126.22760772705078 30.639999389648438 654 183.44987487792969 163.59281921386719 -1 195.4744873046875 201.05506896972656 59 126.22760772705078 30.639999389648438 1322 115.94477844238281 45.643623352050781 635 110.55023956298828 41.012584686279297 631 176.82609558105469 40.877696990966797 -1 195.71388244628906 57.528575897216797 608 189.40666198730469 64.624610900878906 619 244.27659606933594 84.428680419921875 -1 110.90704345703125 85.207229614257812 749 180.61260986328125 160.25579833984375 -1 166.12217712402344 89.074806213378906 603 181.02047729492188 89.134658813476562 47 172.09832763671875 89.427406311035156 611 177.9468994140625 89.947158813476562 655 254.21205139160156 94.179397583007812 -1 153.994873046875 102.81749725341797 656 247.85931396484375 116.99925994873047 -1 114.38796234130859 126.47341918945312 -1 171.90025329589844 65.705062866210938 -1 144.33279418945312 129.02503967285156 -1 228.55667114257812 215.15669250488281 495 232.09196472167969 218.91380310058594 495 29.870859146118164 210.01376342773438 -1 23.61039924621582 219.87713623046875 -1 12.218276977539062 223.64299011230469 -1 34.196414947509766 205.90110778808594 -1 222.65567016601562 204.54000854492188 -1 9.0129852294921875 227.06513977050781 -1 241.29867553710938 228.75250244140625 -1 3.1878752708435059 236.37347412109375 659 251.24447631835938 239.08827209472656 660 143.20339965820312 252.86328125 -1 35.968326568603516 204.13063049316406 -1 41.201946258544922 202.20060729980469 -1 220.5592041015625 202.1614990234375 698 213.53096008300781 199.22811889648438 159 41.613849639892578 198.49856567382812 -1 203.88906860351562 184.96559143066406 494 51.881000518798828 185.24501037597656 -1 133.47494506835938 184.61636352539062 759 125.80603790283203 37.896007537841797 885 110.90704345703125 85.207229614257812 716 166.12217712402344 89.074806213378906 1319 166.12217712402344 89.074806213378906 684 181.02047729492188 89.134658813476562 49 177.9468994140625 89.947158813476562 462 254.21205139160156 94.179397583007812 -1 153.994873046875 102.81749725341797 662 138.41156005859375 152.25868225097656 702 133.47494506835938 184.61636352539062 706 41.613849639892578 198.49856567382812 -1 35.968326568603516 204.13063049316406 -1 34.196414947509766 205.90110778808594 -1 29.870859146118164 210.01376342773438 -1 116.80107116699219 36.682826995849609 1003 125.80603790283203 37.896007537841797 883 173.05119323730469 38.469707489013672 675 169.41438293457031 40.143348693847656 620 63.209419250488281 177.53265380859375 -1 50.554187774658203 189.68756103515625 -1 24.639753341674805 215.24752807617188 -1 24.639753341674805 215.24752807617188 -1 71.774085998535156 168.95498657226562 -1 228.75297546386719 85.817802429199219 -1 54.968482971191406 185.28115844726562 -1 50.554187774658203 189.68756103515625 -1 63.209419250488281 177.53265380859375 -1 228.75297546386719 85.817802429199219 -1 54.968482971191406 185.28115844726562 -1 71.774085998535156 168.95498657226562 -1 
80 0.98383217909606879 0.17793241280515928 -0.0040232174647836082 -0.01995278350622379 -1.5686612215604385 -2.4597015271703255 0.114206167923535 1 000079.png
125.45369720458984 112.32804870605469 -1 176.76205444335938 138.39306640625 -1 137.52099609375 201.53207397460938 621 243.96340942382812 117.29078674316406 -1 243.96340942382812 117.29078674316406 -1 198.01919555664062 73.43475341796875 699 235.6805419921875 107.40850830078125 -1 235.6805419921875 107.40850830078125 -1 113.04572296142578 24.819917678833008 622 158.22158813476562 37.110912322998047 756 203.30671691894531 64.747840881347656 -1 221.99899291992188 77.2752685546875 -1 97.993507385253906 30.186878204345703 623 248.65386962890625 93.24017333984375 -1 210.92361450195312 211.41139221191406 293 223.14729309082031 223.67219543457031 15 243.97059631347656 244.40971374511719 -1 125.17214202880859 11.855411529541016 624 205.17523193359375 103.97982025146484 -1 151.49209594726562 122.15533447265625 19 189.29512023925781 52.407726287841797 1326 172.3955078125 51.584529876708984 693 158.75326538085938 124.00594329833984 475 156.67327880859375 77.085037231445312 16 244.19599914550781 123.66619110107422 -1 156.67327880859375 77.085037231445312 627 156.67327880859375 77.085037231445312 694 5.0359597206115723 6.6088829040527344 -1 138.73886108398438 183.45561218261719 680 174.78749084472656 95.303337097167969 697 167.68009948730469 90.960426330566406 1319 181.00801086425781 44.75927734375 597 135.00131225585938 33.577342987060547 628 166.18756103515625 35.759269714355469 646 174.78749084472656 95.303337097167969 292 250.24722290039062 101.80084228515625 730 104.34272003173828 13.534592628479004 676 104.34272003173828 13.534592628479004 679 113.36429595947266 118.50466918945312 -1 135.00131225585938 33.577342987060547 1004 194.91339111328125 208.93728637695312 84 121.59871673583984 26.213958740234375 630 190.69915771484375 205.12399291992188 38 164.73097229003906 48.73968505859375 695 169.90322875976562 63.073886871337891 23 169.90322875976562 63.073886871337891 599 249.67536926269531 88.760673522949219 -1 190.69915771484375 205.12399291992188 32 142.95803833007812 142.6727294921875 707 141.50248718261719 19.169832229614258 649 112.92996215820312 43.734249114990234 631 164.73097229003906 48.73968505859375 596 200.58120727539062 57.214359283447266 696 169.90322875976562 63.073886871337891 25 235.55088806152344 79.66619873046875 700 171.6739501953125 88.043495178222656 611 249.67536926269531 88.760673522949219 674 179.91500854492188 94.453575134277344 491 145.552490234375 124.50831604003906 -1 155.27728271484375 134.64262390136719 -1 248.41055297851562 233.94534301757812 -1 173.03912353515625 38.489349365234375 675 251.93289184570312 237.70291137695312 660 169.19398498535156 95.60546875 276 151.61979675292969 75.611404418945312 43 202.50973510742188 185.61134338378906 494 116.65387725830078 115.36299896240234 -1 182.47915649414062 217.66841125488281 94 126.15244293212891 30.628808975219727 654 126.15244293212891 30.628808975219727 1322 102.04365539550781 14.033904075622559 676 116.89933776855469 36.622371673583984 1003 195.98204040527344 57.103645324707031 608 189.50068664550781 64.438552856445312 619 166.1129150390625 89.145095825195312 603 181.03359985351562 89.1170654296875 47 172.11985778808594 89.391845703125 611 177.9949951171875 89.737167358398438 655 183.49690246582031 89.742469787597656 -1 179.16552734375 95.611534118652344 761 153.95991516113281 103.11263275146484 656 246.62129211425781 116.01837158203125 -1 114.49641418457031 127.88418579101562 -1 139.45147705078125 146.70584106445312 -1 175.60987854003906 152.95901489257812 -1 182.43161010742188 164.2244873046875 -1 136.57405090332031 165.21435546875 -1 192.53581237792969 175.59375 -1 197.23178100585938 180.10359191894531 -1 115.87391662597656 45.32379150390625 635 194.67683410644531 201.98941040039062 57 27.961366653442383 214.28082275390625 -1 45.412502288818359 200.21055603027344 -1 232.04879760742188 216.7015380859375 495 230.91462707519531 219.57925415039062 495 21.63288688659668 220.74667358398438 -1 24.600419998168945 220.89442443847656 -1 18.943550109863281 223.24972534179688 -1 236.29423522949219 225.52117919921875 -1 11.46949291229248 227.53570556640625 -1 239.12739562988281 228.47322082519531 -1 243.63194274902344 228.99266052246094 -1 241.38185119628906 230.68695068359375 -1 209.23956298828125 196.39341735839844 -1 176.08619689941406 196.71975708007812 -1 203.61158752441406 190.29110717773438 494 205.40478515625 188.43357849121094 -1 199.00978088378906 185.90219116210938 -1 196.16600036621094 182.5855712890625 -1 108.90083312988281 5.0234265327453613 1005 102.04365539550781 14.033904075622559 679 166.1129150390625 89.145095825195312 1319 166.1129150390625 89.145095825195312 684 212.77995300292969 200.344482421875 159 177.9949951171875 89.737167358398438 462 183.49690246582031 89.742469787597656 -1 153.95991516113281 103.11263275146484 662 176.08619689941406 196.71975708007812 -1 176.08619689941406 196.71975708007812 -1 194.67683410644531 201.98941040039062 59 27.961366653442383 214.28082275390625 -1 21.63288688659668 220.74667358398438 -1 18.943550109863281 223.24972534179688 -1 123.21180725097656 3.9918043613433838 -1 115.87391662597656 45.32379150390625 632 11.833282470703125 233.72459411621094 -1 2.9807589054107666 239.32261657714844 659 142.986328125 253.63545227050781 -1 108.90083312988281 5.0234265327453613 638 181.03359985351562 89.1170654296875 49 227.3355712890625 215.732177734375 495 
82 0.98521846436547555 0.16952892942784142 -0.01480473869898901 -0.019630060428814846 -0.86735051895735926 -3.0453162069832516 0.31034907875053147 1 000083.png
75.735519409179688 50.976829528808594 -1 75.735519409179688 50.976829528808594 -1 75.735519409179688 50.976829528808594 -1 172.34355163574219 141.80056762695312 745 246.60865783691406 133.00318908691406 1131 137.75228881835938 202.14247131347656 621 246.60865783691406 133.00318908691406 -1 198.01390075683594 73.2950439453125 699 113.11244964599609 24.793319702148438 622 96.052230834960938 28.404500961303711 623 231.59757995605469 97.361618041992188 -1 231.59757995605469 97.361618041992188 -1 166.55461120605469 79.525230407714844 725 143.04034423828125 180.1083984375 680 215.71360778808594 226.60343933105469 15 204.7489013671875 215.4532470703125 293 248.343505859375 106.68351745605469 -1 151.48046875 121.96260833740234 19 189.54972839355469 52.654197692871094 1326 234.98828125 245.06509399414062 -1 248.343505859375 106.68351745605469 -1 171.9522705078125 51.682880401611328 693 120.48869323730469 161.87034606933594 -1 124.77874755859375 11.132244110107422 624 231.96893310546875 80.371772766113281 700 156.73332214355469 77.101417541503906 16 158.43331909179688 124.86357116699219 475 237.00860595703125 108.07965087890625 -1 200.993896484375 59.001781463623047 -1 7.739377498626709 14.382697105407715 -1 135.18997192382812 34.2122802734375 628 135.18997192382812 34.2122802734375 1004 179.46083068847656 183.125732421875 -1 156.73332214355469 77.101417541503906 627 156.73332214355469 77.101417541503906 694 104.43597412109375 13.687477111816406 679 166.3843994140625 35.819271087646484 646 167.73652648925781 91.091072082519531 1319 174.64175415039062 95.265846252441406 697 151.85478210449219 103.82024383544922 362 174.64175415039062 95.265846252441406 292 66.487419128417969 195.29924011230469 -1 243.93231201171875 111.792724609375 688 246.60617065429688 87.743873596191406 674 169.91328430175781 63.100967407226562 23 171.78604125976562 88.162513732910156 611 242.66375732421875 93.000099182128906 -1 179.94129943847656 94.502517700195312 491 189.76318359375 213.46943664550781 84 164.85293579101562 49.040729522705078 695 186.12983703613281 209.96710205078125 32 101.72699737548828 8.4688606262207031 1328 121.70126342773438 26.381818771362305 648 5.3407788276672363 32.049476623535156 -1 178.4818115234375 52.863845825195312 701 169.91328430175781 63.100967407226562 25 169.91328430175781 63.100967407226562 599 189.76318359375 213.46943664550781 -1 189.76318359375 213.46943664550781 752 189.76318359375 213.46943664550781 -1 164.85293579101562 49.040729522705078 596 186.12983703613281 209.96710205078125 38 101.72699737548828 8.4688606262207031 711 121.70126342773438 26.381818771362305 630 5.3407788276672363 32.049476623535156 -1 4.4194936752319336 37.633213043212891 -1 173.91470336914062 39.608905792236328 675 112.9991455078125 43.606109619140625 631 180.78744506835938 44.490936279296875 597 178.4818115234375 52.863845825195312 -1 200.847412109375 57.5997314453125 696 119.55204010009766 34.843967437744141 1003 115.91188049316406 45.511825561523438 632 153.09632873535156 143.24267578125 -1 126.25649261474609 30.646446228027344 1322 240.97981262207031 82.744476318359375 1029 115.91188049316406 45.511825561523438 635 174.67721557617188 52.996746063232422 870 151.59095764160156 75.615791320800781 43 6.3726158142089844 31.923761367797852 -1 116.86231994628906 36.629825592041016 1003 169.42185974121094 40.138095855712891 620 196.13163757324219 56.944503784179688 608 172.15068054199219 81.085395812988281 733 166.10504150390625 89.23651123046875 1319 172.12550354003906 89.559104919433594 611 178.03182983398438 90.001396179199219 655 169.08676147460938 95.537506103515625 276 140.37026977539062 156.66120910644531 691 223.99971008300781 220.18601989746094 495 209.44903564453125 204.35745239257812 -1 205.56834411621094 203.98493957519531 159 178.65638732910156 171.57508850097656 -1 138.54156494140625 151.93486022949219 702 142.32640075683594 124.97225952148438 703 151.47926330566406 115.939208984375 605 154.021484375 102.8037109375 656 242.060791015625 101.12187957763672 -1 157.02786254882812 97.7315673828125 867 113.37188720703125 1.7371118068695068 734 108.82688903808594 4.9943852424621582 1005 6.3726158142089844 31.923761367797852 -1 169.42185974121094 40.138095855712891 753 166.10504150390625 89.23651123046875 603 214.48564147949219 210.18156433105469 698 178.03182983398438 90.001396179199219 462 178.65638732910156 171.57508850097656 -1 230.9747314453125 227.98013305664062 -1 235.0284423828125 232.202392578125 -1 238.6236572265625 236.00592041015625 -1 245.45204162597656 239.92901611328125 -1 245.02326965332031 242.93447875976562 -1 113.37188720703125 1.7371118068695068 732 217.951416015625 214.0052490234375 -1 108.82688903808594 4.9943852424621582 638 35.838726043701172 10.896112442016602 -1 166.10504150390625 89.23651123046875 684 20.214668273925781 26.207437515258789 -1 181.09379577636719 89.124969482421875 47 
83 0.98449562126373358 0.17411894473847925 -0.011357642057783517 -0.017943488027163199 -1.0690486733126834 -2.7279280895198479 0.10319930742867943 1 000082.png
74.215835571289062 48.85137939453125 -1 171.84347534179688 142.25004577636719 745 137.65681457519531 202.18252563476562 621 198.41207885742188 73.605674743652344 699 112.99417877197266 24.816713333129883 622 17.175741195678711 27.118303298950195 -1 97.774307250976562 30.165817260742188 623 233.07386779785156 94.485145568847656 -1 206.52235412597656 214.62905883789062 293 217.67115783691406 225.86953735351562 15 239.78199768066406 246.70513916015625 -1 120.28157043457031 161.96229553222656 -1 151.52528381347656 121.92633819580078 19 251.28480529785156 92.392074584960938 -1 172.10995483398438 51.640663146972656 693 123.96167755126953 10.104109764099121 624 141.0052490234375 181.71272277832031 680 158.83609008789062 124.80222320556641 475 189.30718994140625 52.574501037597656 1326 239.78199768066406 246.70513916015625 -1 251.28480529785156 92.392074584960938 -1 156.73092651367188 77.155227661132812 16 249.72789001464844 102.89339447021484 730 239.72386169433594 104.68656921386719 -1 236.61419677734375 131.82841491699219 -1 123.02375030517578 8.8023910522460938 -1 118.87904357910156 162.17893981933594 -1 118.87904357910156 162.17893981933594 -1 156.73092651367188 77.155227661132812 694 123.02375030517578 8.8023910522460938 624 239.72386169433594 104.68656921386719 -1 249.72789001464844 102.89339447021484 -1 156.73092651367188 77.155227661132812 627 104.27584838867188 13.697696685791016 679 164.40682983398438 102.88560485839844 432 167.56977844238281 90.919937133789062 1319 233.70533752441406 79.76318359375 700 167.91734313964844 54.565731048583984 -1 135.02870178222656 33.680393218994141 1004 151.84147644042969 103.85860443115234 362 167.91734313964844 54.565731048583984 -1 166.54226684570312 35.883773803710938 646 135.02870178222656 33.680393218994141 628 174.63081359863281 95.221237182617188 697 174.63081359863281 95.221237182617188 292 164.70022583007812 48.605831146240234 596 164.70022583007812 48.605831146240234 695 121.67333221435547 26.287746429443359 630 112.94873809814453 43.748874664306641 631 180.6907958984375 44.484806060791016 597 169.33522033691406 46.337203979492188 -1 178.34674072265625 53.278358459472656 701 200.6552734375 57.238044738769531 696 169.90925598144531 63.100395202636719 23 249.22476196289062 88.563545227050781 674 179.95069885253906 94.424972534179688 491 251.27371215820312 123.23118591308594 -1 118.40590667724609 170.46302795410156 -1 187.43698120117188 208.55320739746094 38 101.64203643798828 8.4315032958984375 1328 121.67333221435547 26.287746429443359 648 178.34674072265625 53.278358459472656 -1 169.90925598144531 63.100395202636719 25 169.90925598144531 63.100395202636719 599 249.22476196289062 88.563545227050781 1078 251.27371215820312 123.23118591308594 -1 187.43698120117188 208.55320739746094 32 101.64203643798828 8.4315032958984375 711 138.49325561523438 151.95925903320312 702 244.92636108398438 106.19132232666016 -1 164.92877197265625 153.04342651367188 -1 119.55667114257812 34.876735687255859 1003 151.63359069824219 75.593093872070312 43 142.15130615234375 124.71388244628906 703 7.2281732559204102 21.312856674194336 -1 195.73516845703125 57.213489532470703 608 143.57878112792969 138.5703125 -1 6.1265015602111816 25.183694839477539 -1 126.17720794677734 30.633203506469727 1322 164.92877197265625 153.04342651367188 -1 126.17720794677734 30.633203506469727 654 140.05421447753906 139.94013977050781 707 42.459991455078125 214.48257446289062 -1 244.65170288085938 239.04656982421875 -1 189.44291687011719 64.439170837402344 619 168.06855773925781 69.368583679199219 715 232.06459045410156 76.959129333496094 1006 241.74838256835938 83.068893432617188 1029 245.56599426269531 85.543899536132812 -1 166.12423706054688 89.133857727050781 603 181.06025695800781 89.100448608398438 47 172.13449096679688 89.540054321289062 611 169.11288452148438 95.594429016113281 276 244.98466491699219 97.322715759277344 1112 11.413885116577148 242.59684753417969 -1 8.1744327545166016 245.94869995117188 -1 207.89299011230469 203.40763854980469 159 115.85062408447266 45.446144104003906 635 158.63468933105469 80.568519592285156 705 207.00587463378906 198.60054016113281 -1 199.13410949707031 190.55718994140625 494 195.58247375488281 190.61851501464844 -1 133.52342224121094 184.50910949707031 759 179.59085083007812 169.52485656738281 -1 137.10098266601562 161.26478576660156 -1 137.67034912109375 157.34510803222656 691 160.50688171386719 148.07752990722656 -1 114.71955108642578 134.92625427246094 1088 151.38504028320312 116.03766632080078 605 108.80471038818359 4.8954386711120605 1005 166.12423706054688 89.133857727050781 1319 166.12423706054688 89.133857727050781 684 177.83355712890625 90.106552124023438 462 151.38504028320312 116.03766632080078 -1 133.52342224121094 184.50910949707031 706 11.413885116577148 242.59684753417969 -1 8.1744327545166016 245.94869995117188 -1 108.80471038818359 4.8954386711120605 638 115.85062408447266 45.446144104003906 632 177.83355712890625 90.106552124023438 655 116.86559295654297 36.625011444091797 1003 243.47451782226562 111.30867767333984 -1 211.6168212890625 203.48280334472656 -1 169.4222412109375 40.215339660644531 620 174.97370910644531 53.240970611572266 870 223.38735961914062 216.32626342773438 495 241.47908020019531 235.68525695800781 -1 160.50688171386719 148.07752990722656 -1 16.178287506103516 14.005821228027344 -1 15.91438102722168 237.84487915039062 -1 15.91438102722168 237.84487915039062 -1 47.260044097900391 2.181380033493042 -1 
84 0.98432376633718965 0.17492524477374849 -0.010431104789022533 -0.019976832018473899 -1.154168613579601 -2.6590625747025056 0.038119515432091688 1 000081.png
74.3265380859375 50.561679840087891 -1 171.67681884765625 142.33384704589844 745 137.47018432617188 202.26913452148438 621 198.53138732910156 73.621902465820312 699 16.768199920654297 24.338699340820312 -1 113.00109100341797 24.818958282470703 622 97.875617980957031 30.068784713745117 623 166.615478515625 79.411872863769531 725 218.79277038574219 225.32723999023438 15 207.33255004882812 214.07637023925781 293 15.189409255981445 247.1297607421875 -1 15.189409255981445 247.1297607421875 -1 240.37626647949219 245.77687072753906 -1 140.80131530761719 181.89320373535156 680 241.25765991210938 102.85550689697266 -1 234.28388977050781 93.257453918457031 -1 120.45709228515625 162.16180419921875 -1 189.16648864746094 52.441162109375 1326 41.006008148193359 8.1386680603027344 -1 151.5435791015625 121.77783966064453 19 171.97193908691406 51.716037750244141 693 240.37626647949219 245.77687072753906 -1 241.25765991210938 102.85550689697266 -1 234.28388977050781 93.257453918457031 -1 41.006008148193359 8.1386680603027344 -1 15.351388931274414 244.94708251953125 -1 250.7978515625 100.855712890625 730 156.74101257324219 77.117813110351562 16 158.63787841796875 124.94908905029297 475 238.06788635253906 130.32112121582031 -1 156.74101257324219 77.117813110351562 627 156.74101257324219 77.117813110351562 694 250.7978515625 100.855712890625 -1 134.90084838867188 33.595294952392578 628 141.37971496582031 19.686931610107422 649 104.35610961914062 13.861800193786621 679 122.4874267578125 7.9525365829467773 -1 122.4874267578125 7.9525365829467773 624 244.03634643554688 109.65953063964844 688 248.99176025390625 106.79501342773438 -1 174.65684509277344 95.248664855957031 697 167.56800842285156 90.897544860839844 1319 164.42439270019531 48.114818572998047 596 151.834716796875 103.85124206542969 362 251.80967712402344 91.538948059082031 -1 174.65684509277344 95.248664855957031 292 164.42439270019531 48.114818572998047 695 134.90084838867188 33.595294952392578 1004 104.35610961914062 13.861800193786621 676 166.88571166992188 35.691841125488281 646 4.6863284111022949 24.518112182617188 -1 121.63894653320312 26.247646331787109 630 174.21299743652344 39.866817474365234 675 112.94154357910156 43.675727844238281 631 180.74873352050781 44.499649047851562 597 103.39045715332031 51.012165069580078 720 169.90536499023438 63.107967376708984 23 179.96560668945312 94.4683837890625 491 142.66447448730469 145.77703857421875 707 187.81166076660156 207.71696472167969 38 192.24864196777344 212.02354431152344 84 102.00038909912109 8.6276168823242188 1328 4.6863284111022949 24.518112182617188 -1 121.63894653320312 26.247646331787109 648 169.90536499023438 63.107967376708984 25 169.90536499023438 63.107967376708984 599 192.24864196777344 212.02354431152344 -1 144.05607604980469 137.12745666503906 -1 102.00038909912109 8.6276168823242188 711 169.15533447265625 95.643791198730469 276 18.295028686523438 17.06104850769043 -1 196.66596984863281 186.322021484375 -1 217.33920288085938 208.54631042480469 698 242.66476440429688 235.3966064453125 -1 246.052978515625 239.09532165527344 -1 127.38140869140625 33.774818420410156 1322 252.11911010742188 245.51254272460938 -1 45.931732177734375 3.62626051902771 -1 227.89945983886719 219.63243103027344 495 9.3788442611694336 18.288597106933594 -1 9.3788442611694336 18.288597106933594 -1 126.18193054199219 30.64384651184082 1322 238.9991455078125 231.62052917480469 -1 45.931732177734375 3.62626051902771 -1 151.58425903320312 75.626884460449219 43 139.10334777832031 146.7818603515625 -1 126.18193054199219 30.64384651184082 654 158.59077453613281 80.536476135253906 705 246.696044921875 104.34973907470703 -1 141.93060302734375 127.02796936035156 -1 117.674072265625 168.94119262695312 -1 137.55511474609375 174.85337829589844 -1 249.62496948242188 88.113624572753906 -1 166.12435913085938 89.130477905273438 603 181.055419921875 89.079917907714844 47 172.13308715820312 89.442840576171875 611 178.05990600585938 89.859298706054688 655 246.610595703125 95.492057800292969 1112 230.8768310546875 219.44265747070312 495 230.43659973144531 222.45204162597656 -1 208.23587036132812 202.01205444335938 159 167.98439025878906 69.523994445800781 715 115.85084533691406 45.425163269042969 635 42.376472473144531 2.144059419631958 -1 205.83822631835938 196.00640869140625 -1 199.31996154785156 189.25910949707031 494 133.51606750488281 184.55270385742188 759 196.86947631835938 183.0994873046875 -1 192.4945068359375 182.1993408203125 -1 180.44192504882812 169.04765319824219 -1 173.54154968261719 157.61311340332031 -1 140.05322265625 156.1595458984375 691 139.77973937988281 143.46722412109375 707 153.42434692382812 139.08395385742188 -1 142.51268005371094 123.34170532226562 -1 151.59101867675781 116.07423400878906 605 35.588764190673828 5.5384817123413086 -1 110.92707061767578 85.23516845703125 716 166.12435913085938 89.130477905273438 1319 166.12435913085938 89.130477905273438 684 181.055419921875 89.079917907714844 49 178.05990600585938 89.859298706054688 462 180.44192504882812 169.04765319824219 -1 133.51606750488281 184.55270385742188 706 205.15904235839844 198.95401000976562 -1 17.030069351196289 14.339809417724609 -1 115.85084533691406 45.425163269042969 632 8.7207059860229492 21.542234420776367 -1 116.8404541015625 36.629970550537109 1003 169.42312622070312 40.143245697021484 620 224.63816833496094 216.19239807128906 495 196.14518737792969 56.844833374023438 608 110.92707061767578 85.23516845703125 749 167.16082763671875 41.109230041503906 753 
85 0.98585959526122302 0.16567250017463878 -0.018310379304363533 -0.017268790548048172 -0.60886048008493643 -3.320764503672299 0.41623859271935981 1 000085.png
76.282249450683594 53.547073364257812 -1 76.282249450683594 53.547073364257812 -1 172.09098815917969 141.61936950683594 745 137.47978210449219 202.4736328125 621 79.542190551757812 22.260568618774414 -1 197.31387329101562 72.707351684570312 699 113.11571502685547 24.844449996948242 622 97.612594604492188 30.100166320800781 623 244.28762817382812 111.50041961669922 746 202.86268615722656 63.256244659423828 696 230.74862670898438 102.02552795410156 -1 230.74862670898438 102.02552795410156 -1 166.656982421875 79.441856384277344 725 110.63284301757812 93.314300537109375 722 143.3087158203125 180.2894287109375 680 179.07728576660156 192.1907958984375 -1 202.25149536132812 218.13198852539062 293 212.71659851074219 228.6768798828125 15 245.94918823242188 90.140800476074219 674 160.36569213867188 170.87115478515625 -1 160.36569213867188 170.87115478515625 -1 172.22108459472656 51.88201904296875 693 189.20286560058594 52.4361572265625 1326 151.61785888671875 121.49571228027344 19 7.5248069763183594 40.514518737792969 -1 9.1223983764648438 17.455623626708984 -1 156.69085693359375 77.21832275390625 16 161.97994995117188 85.810165405273438 1138 228.51864624023438 88.375030517578125 -1 133.01803588867188 180.77629089355469 759 11.712871551513672 33.93048095703125 -1 11.712871551513672 33.93048095703125 -1 233.30824279785156 114.07164001464844 -1 118.95552062988281 162.35816955566406 -1 133.01803588867188 180.77629089355469 706 233.30824279785156 114.07164001464844 -1 156.69085693359375 77.21832275390625 627 156.69085693359375 77.21832275390625 694 242.37457275390625 94.354087829589844 -1 174.62759399414062 95.259918212890625 697 164.58273315429688 48.422584533691406 695 164.58273315429688 48.422584533691406 596 104.47714233398438 13.797232627868652 679 135.00303649902344 33.606391906738281 1004 135.00303649902344 33.606391906738281 628 8.9526176452636719 47.478492736816406 -1 194.17326354980469 54.112651824951172 -1 237.93978881835938 82.003425598144531 -1 242.37457275390625 94.354087829589844 913 246.33180236816406 87.652618408203125 -1 238.48495483398438 99.29656982421875 -1 167.68098449707031 91.097763061523438 1319 238.48495483398438 99.29656982421875 -1 174.62759399414062 95.259918212890625 292 121.59443664550781 26.252212524414062 648 166.71794128417969 35.716323852539062 646 180.71266174316406 44.581378936767578 597 121.59443664550781 26.252212524414062 630 152.39228820800781 147.28762817382812 -1 68.548355102539062 196.47732543945312 -1 183.78727722167969 211.82974243164062 38 187.48587036132812 215.81387329101562 84 164.98672485351562 49.296035766601562 596 169.89942932128906 63.123245239257812 599 169.89942932128906 63.123245239257812 25 187.48587036132812 215.81387329101562 752 187.48587036132812 215.81387329101562 -1 187.48587036132812 215.81387329101562 -1 179.93109130859375 94.560539245605469 491 164.98672485351562 49.296035766601562 695 112.91581726074219 43.756080627441406 631 103.33946228027344 51.451019287109375 720 178.30142211914062 53.433551788330078 701 169.89942932128906 63.123245239257812 23 171.80024719238281 88.168197631835938 611 151.61431884765625 75.615737915039062 43 171.97349548339844 80.8966064453125 733 214.36439514160156 216.03369140625 -1 11.517529487609863 35.635463714599609 -1 214.36439514160156 216.03369140625 -1 110.36479949951172 70.362724304199219 747 119.55336761474609 34.851173400878906 1003 233.18150329589844 77.951576232910156 -1 27.024265289306641 19.906686782836914 -1 84.667526245117188 3.7416439056396484 -1 108.88301086425781 4.8031802177429199 638 105.2901611328125 6.7350101470947266 1328 43.066154479980469 11.799755096435547 -1 54.712593078613281 12.617775917053223 -1 54.712593078613281 12.617775917053223 -1 60.618537902832031 2.7548568248748779 -1 24.274835586547852 28.830665588378906 -1 137.71743774414062 157.45225524902344 691 168.87016296386719 165.48857116699219 -1 33.620723724365234 16.602859497070312 -1 139.38687133789062 145.97117614746094 -1 143.58258056640625 134.83265686035156 -1 151.36814880371094 116.09400177001953 605 174.59251403808594 172.06108093261719 -1 176.70933532714844 174.66490173339844 -1 192.33418273925781 191.55116271972656 -1 200.83438110351562 200.91737365722656 -1 169.12199401855469 95.600372314453125 276 187.60260009765625 209.0054931640625 -1 184.46205139160156 214.22274780273438 -1 217.49748229980469 219.13134765625 -1 177.85519409179688 90.262931823730469 655 172.09129333496094 89.429206848144531 611 166.08782958984375 89.313270568847656 1319 181.1259765625 89.128913879394531 47 111.01649475097656 85.592208862304688 749 168.19056701660156 69.281471252441406 715 167.94151306152344 60.303619384765625 739 196.39511108398438 56.932205200195312 608 190.00326538085938 49.507831573486328 1326 169.42034912109375 40.208755493164062 620 116.86727142333984 36.652660369873047 1003 126.55618286132812 30.636194229125977 1322 108.88301086425781 4.8031802177429199 1005 105.2901611328125 6.7350101470947266 864 169.42034912109375 40.208755493164062 753 111.01649475097656 85.592208862304688 716 166.08782958984375 89.313270568847656 603 166.08782958984375 89.313270568847656 684 177.85519409179688 90.262931823730469 462 176.70933532714844 174.66490173339844 -1 184.46205139160156 214.22274780273438 -1 176.74455261230469 222.79960632324219 -1 123.25612640380859 4.0333328247070312 -1 227.49690246582031 230.10699462890625 -1 231.57952880859375 231.027587890625 -1 231.64112854003906 234.62263488769531 -1 234.43377685546875 237.61972045898438 -1 240.71859741210938 244.5665283203125 -1 215.37823486328125 213.56439208984375 -1 135.7755126953125 169.93949890136719 -1 
86 0.98568955708118033 0.16666923308344231 -0.016590048981358636 -0.019032448063235834 -0.74578658347588689 -3.244599580346105 0.42093512405572397 1 000084.png
76.223976135253906 52.654216766357422 -1 76.223976135253906 52.654216766357422 -1 76.223976135253906 52.654216766357422 -1 172.26246643066406 141.67723083496094 745 137.755615234375 202.29158020019531 621 197.5811767578125 72.96734619140625 699 113.12569427490234 24.840570449829102 622 156.85400390625 36.473304748535156 756 202.90165710449219 63.028488159179688 696 160.99137878417969 125.25491333007812 475 97.446365356445312 29.89173698425293 623 232.37794494628906 99.944313049316406 -1 245.02871704101562 109.51113128662109 746 232.37794494628906 99.944313049316406 -1 143.21891784667969 180.31968688964844 680 203.18849182128906 217.23048400878906 293 213.68768310546875 227.59016418457031 15 166.546630859375 79.557601928710938 725 5.5035929679870605 37.516700744628906 -1 8.3170204162597656 16.307197570800781 -1 189.31593322753906 52.535633087158203 1326 245.8797607421875 89.535873413085938 674 151.592041015625 121.55191802978516 19 132.82901000976562 180.07041931152344 759 233.2822265625 246.22854614257812 -1 172.25093078613281 51.618740081787109 693 156.70529174804688 77.173316955566406 16 162.02142333984375 85.74365234375 1138 234.70109558105469 111.92005920410156 -1 156.70529174804688 77.173316955566406 627 156.70529174804688 77.173316955566406 694 135.3175048828125 34.381080627441406 628 135.3175048828125 34.381080627441406 1004 167.72416687011719 91.130668640136719 1319 174.63362121582031 95.270942687988281 697 155.55166625976562 157.31069946289062 -1 118.75000762939453 162.634521484375 -1 168.16580200195312 54.378444671630859 -1 104.57815551757812 13.636444091796875 679 239.87675476074219 96.740730285644531 -1 166.26321411132812 35.800098419189453 646 118.75000762939453 162.634521484375 -1 155.55166625976562 157.31069946289062 -1 174.63362121582031 95.270942687988281 292 168.16580200195312 54.378444671630859 -1 164.59306335449219 48.337715148925781 695 11.011048316955566 32.606487274169922 -1 7.3179202079772949 44.572998046875 -1 164.59306335449219 48.337715148925781 596 11.011048316955566 32.606487274169922 -1 121.546142578125 26.206958770751953 648 121.546142578125 26.206958770751953 630 169.91831970214844 63.10821533203125 23 238.22576904296875 81.327980041503906 -1 171.79005432128906 88.235641479492188 611 179.96537780761719 94.530616760253906 491 145.52322387695312 124.32680511474609 -1 138.89009094238281 146.36883544921875 -1 68.461051940917969 195.412353515625 -1 188.65745544433594 214.95506286621094 -1 165.03056335449219 49.333393096923828 695 178.41131591796875 52.956817626953125 -1 169.91831970214844 63.10821533203125 25 169.91831970214844 63.10821533203125 599 188.65745544433594 214.95506286621094 84 188.65745544433594 214.95506286621094 -1 188.65745544433594 214.95506286621094 752 109.15234375 34.86773681640625 1325 165.03056335449219 49.333393096923828 596 112.92993927001953 43.795810699462891 631 180.71499633789062 44.41064453125 31 174.48789978027344 53.067741394042969 870 178.41131591796875 52.956817626953125 701 200.67698669433594 57.502101898193359 696 249.68644714355469 251.83651733398438 -1 71.755226135253906 7.6939396858215332 -1 63.728279113769531 11.962972640991211 -1 127.80185699462891 33.471523284912109 1322 245.28010559082031 85.791519165039062 -1 184.76304626464844 211.29133605957031 32 184.76304626464844 211.29133605957031 38 151.62857055664062 75.587074279785156 43 113.35456848144531 1.7574025392532349 732 140.3328857421875 156.76527404785156 691 55.839637756347656 3.5507028102874756 -1 52.778568267822266 5.126805305480957 -1 108.82916259765625 4.9641666412353516 638 67.2305908203125 9.4187355041503906 -1 36.298862457275391 20.800685882568359 -1 45.052516937255859 21.416999816894531 -1 33.387641906738281 22.348394393920898 -1 23.988555908203125 27.328605651855469 -1 177.93545532226562 90.008872985839844 655 138.59507751464844 151.5408935546875 702 137.63722229003906 157.76628112792969 691 226.8123779296875 227.08247375488281 -1 232.9468994140625 233.6832275390625 -1 241.67457580566406 239.59793090820312 -1 123.99064636230469 39.071552276611328 -1 115.79281616210938 45.566501617431641 635 142.49566650390625 124.02141571044922 703 172.07530212402344 89.497940063476562 611 166.07308959960938 89.465309143066406 1319 233.41506958007812 81.049560546875 700 233.16360473632812 77.550338745117188 -1 168.43319702148438 69.078468322753906 715 189.13961791992188 65.04840087890625 619 195.75456237792969 57.445903778076172 608 169.47845458984375 40.256175994873047 620 116.7877197265625 36.697517395019531 1003 119.62503051757812 34.81494140625 1003 15.163942337036133 34.933609008789062 -1 113.35456848144531 1.7574025392532349 734 108.82916259765625 4.9641666412353516 1005 17.0723876953125 30.975091934204102 -1 10.746828079223633 34.509437561035156 -1 15.163942337036133 34.933609008789062 -1 169.47845458984375 40.256175994873047 753 166.07308959960938 89.465309143066406 603 166.07308959960938 89.465309143066406 684 177.93545532226562 90.008872985839844 462 123.99064636230469 39.071552276611328 -1 169.11943054199219 95.583877563476562 276 10.746828079223633 34.509437561035156 -1 74.054977416992188 3.2556118965148926 -1 22.918094635009766 30.745372772216797 -1 22.918094635009766 30.745372772216797 -1 22.918094635009766 30.745372772216797 -1 22.918094635009766 30.745372772216797 -1 178.70643615722656 96.119514465332031 761 22.918094635009766 30.745372772216797 -1 181.115478515625 89.116653442382812 47 22.918094635009766 30.745372772216797 -1 
87 0.98616983249237533 0.16334826757530888 -0.020633377408759011 -0.01899127954650056 -0.49704045108080058 -3.4556602605998603 0.088655505079394237 1 000086.png
76.150901794433594 55.260677337646484 762 76.150901794433594 55.260677337646484 -1 171.15618896484375 144.54789733886719 745 243.37821960449219 140.58370971679688 839 243.37821960449219 140.58370971679688 -1 136.63230895996094 202.69749450683594 621 196.60856628417969 71.768218994140625 699 87.789077758789062 20.643207550048828 735 87.789077758789062 20.643207550048828 765 228.83393859863281 106.19034576416016 731 113.33036041259766 25.191827774047852 622 113.33036041259766 25.191827774047852 723 128.269775390625 15.918288230895996 791 97.953086853027344 30.857326507568359 623 241.25796508789062 116.19785308837891 -1 166.66773986816406 79.398086547851562 725 160.280517578125 124.65966796875 475 143.36231994628906 180.35079956054688 680 210.40751647949219 230.31950378417969 -1 110.38483428955078 93.447410583496094 722 200.20774841308594 219.28793334960938 293 10.604751586914062 19.677192687988281 -1 90.635093688964844 10.06673526763916 727 90.635093688964844 10.06673526763916 -1 132.70484924316406 179.33116149902344 759 151.66865539550781 121.58538818359375 19 189.05479431152344 52.334072113037109 1326 172.11439514160156 51.770217895507812 693 162.01348876953125 85.754981994628906 1138 13.228898048400879 36.527256011962891 -1 230.71559143066406 118.48755645751953 -1 7.2232956886291504 55.705539703369141 -1 156.74017333984375 77.164314270019531 16 237.60853576660156 82.523460388183594 -1 247.72734069824219 89.737258911132812 674 154.18109130859375 90.520195007324219 802 230.71559143066406 118.48755645751953 -1 156.74017333984375 77.164314270019531 627 156.74017333984375 77.164314270019531 694 13.228898048400879 36.527256011962891 -1 151.8201904296875 103.84183502197266 362 174.59426879882812 95.292877197265625 697 226.11160278320312 93.138587951660156 724 167.66813659667969 91.093864440917969 1319 174.59426879882812 95.292877197265625 292 164.49761962890625 48.201473236083984 596 135.16407775878906 33.598590850830078 1004 104.57379913330078 13.407264709472656 676 194.17594909667969 54.07379150390625 -1 164.49761962890625 48.201473236083984 695 135.16407775878906 33.598590850830078 628 141.4344482421875 19.518041610717773 649 151.8201904296875 103.84183502197266 -1 104.57379913330078 13.407264709472656 679 76.885093688964844 3.8044192790985107 778 229.12136840820312 76.461143493652344 1006 249.70162963867188 121.13924407958984 -1 235.91433715820312 104.02983856201172 -1 158.27716064453125 123.69366455078125 -1 121.62013244628906 26.236543655395508 648 121.62013244628906 26.236543655395508 630 182.67372131347656 213.88531494140625 32 185.8116455078125 217.42306518554688 -1 174.24099731445312 53.436912536621094 870 101.33898162841797 7.9138474464416504 1328 178.35531616210938 53.260967254638672 -1 169.91963195800781 63.103591918945312 599 169.91963195800781 63.103591918945312 25 239.00723266601562 99.169845581054688 -1 182.67372131347656 213.88531494140625 38 185.8116455078125 217.42306518554688 84 185.8116455078125 217.42306518554688 752 174.24099731445312 53.436912536621094 -1 101.33898162841797 7.9138474464416504 711 78.375259399414062 11.640639305114746 783 167.11399841308594 35.625736236572266 646 174.2447509765625 39.930538177490234 675 112.95864105224609 43.756786346435547 631 180.76271057128906 44.513839721679688 597 178.35531616210938 53.260967254638672 701 169.91963195800781 63.103591918945312 23 171.77731323242188 88.174148559570312 611 229.88223266601562 88.451515197753906 740 179.95709228515625 94.551162719726562 491 239.00723266601562 99.169845581054688 -1 126.29183197021484 30.626834869384766 1322 151.61181640625 75.652748107910156 43 119.74364471435547 34.715248107910156 1003 11.559744834899902 30.891460418701172 -1 86.478439331054688 4.9074549674987793 782 86.478439331054688 4.9074549674987793 -1 65.990943908691406 9.4639434814453125 -1 33.566429138183594 19.624568939208984 -1 25.131021499633789 31.286626815795898 -1 18.178007125854492 35.117835998535156 -1 130.14337158203125 35.429691314697266 -1 116.80373382568359 36.631381988525391 1003 31.16297721862793 37.364295959472656 -1 190.97706604003906 194.06068420410156 -1 204.21597290039062 208.53704833984375 159 174.888427734375 224.85870361328125 -1 220.17352294921875 226.43275451660156 -1 228.93829345703125 236.1593017578125 -1 234.88218688964844 242.63970947265625 -1 244.4874267578125 253.40492248535156 -1 175.51950073242188 100.45318603515625 118 115.82926177978516 45.741809844970703 635 178.99301147460938 95.846389770507812 761 169.08595275878906 95.588340759277344 276 178.05419921875 89.595710754394531 655 172.11892700195312 89.435379028320312 611 166.0941162109375 89.303535461425781 603 181.11248779296875 89.107345581054688 47 111.09524536132812 85.853782653808594 749 172.23178100585938 81.011360168457031 733 168.16458129882812 69.434776306152344 715 167.88609313964844 60.336872100830078 739 204.501220703125 59.056510925292969 696 196.28369140625 56.890636444091797 608 23.335258483886719 42.074436187744141 -1 169.36407470703125 40.276924133300781 620 108.83403015136719 4.9005866050720215 1005 169.36407470703125 40.276924133300781 753 111.09524536132812 85.853782653808594 716 166.0941162109375 89.303535461425781 1319 16.249294281005859 38.992942810058594 -1 178.05419921875 89.595710754394531 462 175.51950073242188 100.45318603515625 888 133.56901550292969 184.34443664550781 706 108.83403015136719 4.9005866050720215 638 115.82926177978516 45.741809844970703 632 140.84495544433594 152.28926086425781 702 183.46771240234375 213.21366882324219 -1 139.46295166015625 145.38679504394531 -1 175.47270202636719 177.04844665527344 -1 141.55271911621094 130.69459533691406 -1 183.46771240234375 213.21366882324219 -1 135.70137023925781 169.85069274902344 -1 175.47270202636719 177.04844665527344 -1 235.22181701660156 111.95088195800781 -1 133.56901550292969 184.34443664550781 759 166.0941162109375 89.303535461425781 684 72.851737976074219 5.8203363418579102 -1 
88 0.98618986714803458 0.16372986126067923 -0.017529494969286716 -0.017742470860128146 -0.67494624277493709 -3.4357152053352671 0.2761929057344587 1 000087.png
77.044235229492188 58.056900024414062 762 170.97474670410156 145.0108642578125 745 242.36831665039062 142.62995910644531 839 242.36831665039062 142.62995910644531 -1 136.20716857910156 202.96501159667969 621 196.58877563476562 71.71453857421875 699 155.72622680664062 153.88990783691406 -1 155.72622680664062 153.88990783691406 -1 90.62786865234375 21.708703994750977 735 90.62786865234375 21.708703994750977 765 113.34869384765625 25.260957717895508 723 240.25856018066406 119.01424407958984 -1 229.46502685546875 107.49251556396484 -1 166.73780822753906 79.368095397949219 725 110.15190887451172 93.386512756347656 722 170.48582458496094 104.46115875244141 -1 160.80380249023438 176.09944152832031 -1 143.22944641113281 180.72831726074219 680 12.243050575256348 49.098682403564453 -1 210.35621643066406 231.81016540527344 -1 151.78317260742188 121.30632019042969 19 132.85719299316406 180.03916931152344 706 132.85719299316406 180.03916931152344 759 11.162006378173828 21.81999397277832 -1 171.8541259765625 51.612430572509766 693 188.94279479980469 52.280956268310547 1326 237.19940185546875 83.569328308105469 -1 162.00856018066406 85.69805908203125 1138 13.851827621459961 38.323585510253906 -1 154.18368530273438 90.522453308105469 802 158.76307678222656 124.54552459716797 475 135.18850708007812 34.214115142822266 1004 156.70606994628906 77.328216552734375 16 229.11965942382812 77.443107604980469 1006 156.70606994628906 77.328216552734375 694 135.18850708007812 34.214115142822266 628 13.851827621459961 38.323585510253906 -1 229.29426574707031 88.212013244628906 -1 229.29426574707031 88.212013244628906 -1 156.70606994628906 77.328216552734375 627 104.60234832763672 13.676529884338379 679 102.51538848876953 49.60211181640625 720 194.63394165039062 64.842842102050781 -1 167.66612243652344 91.065391540527344 1319 174.62910461425781 95.2457275390625 697 238.701904296875 119.78337860107422 -1 248.93235778808594 124.90895843505859 -1 136.5887451171875 157.62916564941406 691 77.06982421875 5.2304039001464844 778 151.77055358886719 103.72906494140625 362 151.77055358886719 103.72906494140625 -1 174.62910461425781 95.2457275390625 292 104.60234832763672 13.676529884338379 676 7.3746199607849121 58.834129333496094 -1 164.65438842773438 102.72105407714844 432 225.60264587402344 95.854713439941406 724 141.84733581542969 19.390850067138672 649 180.80857849121094 44.632339477539062 597 166.93293762207031 35.759681701660156 646 171.80909729003906 88.295616149902344 611 179.9737548828125 94.456924438476562 491 252.54849243164062 114.79030609130859 -1 145.61625671386719 124.87227630615234 -1 141.84259033203125 150.32247924804688 -1 137.62162780761719 183.97195434570312 -1 182.53532409667969 215.03549194335938 38 101.41434478759766 7.9336581230163574 1328 121.64888000488281 26.248001098632812 648 164.77890014648438 48.741214752197266 596 169.90473937988281 63.136962890625 599 169.90473937988281 63.136962890625 25 238.75238037109375 102.05293273925781 -1 101.41434478759766 7.9336581230163574 711 79.05316162109375 13.997434616088867 783 121.64888000488281 26.248001098632812 630 27.756008148193359 42.893573760986328 -1 112.90499114990234 43.752883911132812 631 164.77890014648438 48.741214752197266 695 178.32818603515625 53.373329162597656 701 200.77201843261719 57.320240020751953 696 169.90473937988281 63.136962890625 23 126.21763610839844 30.625659942626953 1322 34.3709716796875 35.320339202880859 -1 38.620426177978516 36.504329681396484 -1 233.71917724609375 91.464912414550781 -1 29.413837432861328 38.078937530517578 -1 189.3653564453125 64.485244750976562 619 151.61676025390625 75.553802490234375 43 143.38429260253906 138.45932006835938 -1 171.96730041503906 80.926666259765625 733 167.91709899902344 35.519802093505859 -1 88.56378173828125 7.9934744834899902 782 43.308212280273438 30.161725997924805 -1 142.61505126953125 142.29119873046875 707 246.50810241699219 86.608108520507812 -1 43.308212280273438 30.161725997924805 -1 233.71917724609375 91.464912414550781 -1 88.56378173828125 7.9934744834899902 -1 34.3709716796875 35.320339202880859 -1 29.413837432861328 38.078937530517578 -1 229.12701416015625 91.327476501464844 740 230.59829711914062 122.12255096435547 -1 140.94294738769531 133.25262451171875 -1 124.68721008300781 38.533401489257812 -1 234.88221740722656 114.615478515625 -1 140.54696655273438 137.8658447265625 -1 175.70478820800781 178.7886962890625 -1 178.92680358886719 95.8900146484375 761 133.49066162109375 184.53994750976562 759 234.12828063964844 243.60072326660156 -1 169.06809997558594 95.583076477050781 276 33.250885009765625 29.264152526855469 -1 172.09947204589844 89.507789611816406 611 166.10108947753906 89.308242797851562 1319 181.1187744140625 89.107536315917969 47 110.93891906738281 85.37548828125 749 3.2933928966522217 57.405918121337891 -1 196.17391967773438 56.940265655517578 608 167.96180725097656 51.522151947021484 -1 189.93406677246094 49.537895202636719 1326 28.715507507324219 45.803081512451172 -1 169.56137084960938 40.113620758056641 620 108.830078125 4.8892726898193359 638 108.830078125 4.8892726898193359 1005 124.68721008300781 38.533401489257812 -1 105.11305999755859 6.7960963249206543 864 166.10108947753906 89.308242797851562 603 57.153385162353516 9.7907705307006836 -1 242.15496826171875 107.52316284179688 -1 175.70478820800781 178.7886962890625 -1 133.49066162109375 184.53994750976562 706 51.569656372070312 19.381866455078125 -1 158.60470581054688 80.555816650390625 -1 41.384960174560547 24.869340896606445 -1 26.748241424560547 25.551931381225586 -1 242.15496826171875 107.52316284179688 -1 37.200874328613281 27.1749267578125 -1 119.67597198486328 34.783050537109375 1003 116.83681488037109 36.656425476074219 1003 110.93891906738281 85.37548828125 716 237.11329650878906 246.89814758300781 -1 171.8173828125 65.585029602050781 805 
89 0.98333172265231272 0.1799803343711335 -0.016015004965475688 -0.020231709795415765 -0.77778453823652527 -2.3290631453915824 0.23138323084914156 1 000089.png
79.264427185058594 62.7489013671875 762 170.20285034179688 141.23291015625 745 134.45368957519531 204.73611450195312 -1 194.84715270996094 70.475357055664062 699 233.05171203613281 123.94969177246094 -1 233.05171203613281 123.94969177246094 -1 91.423126220703125 24.807037353515625 765 91.423126220703125 24.807037353515625 735 113.38909912109375 25.388126373291016 723 107.90052795410156 93.977195739746094 722 128.04031372070312 15.458522796630859 791 247.52015686035156 113.40362548828125 -1 241.18133544921875 89.047607421875 -1 247.52015686035156 113.40362548828125 746 247.52015686035156 113.40362548828125 767 16.406948089599609 52.551128387451172 -1 12.014308929443359 66.199485778808594 -1 166.854736328125 79.103225708007812 725 238.74749755859375 85.400100708007812 -1 110.16954040527344 92.890495300292969 722 208.00433349609375 93.173004150390625 769 142.66355895996094 181.10394287109375 680 226.38578796386719 93.95831298828125 724 166.854736328125 79.103225708007812 771 226.38578796386719 93.95831298828125 726 188.60116577148438 52.469070434570312 1326 124.39521026611328 10.481133460998535 624 172.015625 51.516544342041016 693 248.23692321777344 90.396224975585938 938 151.50729370117188 121.32323455810547 19 203.15750122070312 200.24795532226562 -1 212.99443054199219 208.97688293457031 -1 158.51487731933594 124.71566772460938 475 135.50607299804688 34.553272247314453 1004 19.584659576416016 43.17059326171875 -1 156.70703125 77.005134582519531 16 156.70703125 77.005134582519531 694 135.50607299804688 34.553272247314453 628 135.50607299804688 34.553272247314453 774 82.405242919921875 3.2446041107177734 -1 82.405242919921875 3.2446041107177734 -1 19.584659576416016 43.17059326171875 -1 122.54417419433594 7.9363274574279785 -1 180.73878479003906 44.651264190673828 597 230.16781616210938 76.852027893066406 1006 222.25146484375 83.313720703125 -1 227.4066162109375 105.84814453125 731 164.52297973632812 102.50848388671875 432 174.63230895996094 95.287796020507812 292 245.45866394042969 220.76602172851562 -1 230.9337158203125 91.597824096679688 -1 167.68287658691406 90.9556884765625 1319 78.072677612304688 11.600784301757812 778 174.63230895996094 95.287796020507812 697 122.54417419433594 7.9363274574279785 -1 121.51631164550781 26.236820220947266 648 121.51631164550781 26.236820220947266 630 164.73313903808594 48.657394409179688 596 169.89935302734375 63.138580322265625 599 169.89935302734375 63.138580322265625 25 247.06199645996094 98.106895446777344 -1 232.97666931152344 107.91710662841797 -1 101.01156616210938 8.4450206756591797 1328 188.15139770507812 167.62052917480469 -1 74.178573608398438 7.882411003112793 -1 87.161224365234375 8.5669288635253906 -1 81.910079956054688 9.1926145553588867 -1 142.84878540039062 19.902059555053711 649 31.019123077392578 31.151542663574219 -1 112.95220947265625 43.778831481933594 631 164.73313903808594 48.657394409179688 695 103.39978790283203 51.132259368896484 720 178.13081359863281 53.657329559326172 701 169.89935302734375 63.138580322265625 23 171.99504089355469 88.224998474121094 611 180.03262329101562 94.366142272949219 491 247.06199645996094 98.106895446777344 -1 244.39454650878906 105.92768859863281 -1 232.97666931152344 107.91710662841797 -1 244.56478881835938 119.57940673828125 -1 154.33979797363281 138.65199279785156 -1 193.67585754394531 172.65615844726562 -1 185.44398498535156 198.23387145996094 -1 101.01156616210938 8.4450206756591797 711 81.910079956054688 9.1926145553588867 -1 182.50341796875 162.41249084472656 -1 87.901947021484375 13.269941329956055 782 126.20246124267578 30.633108139038086 1322 127.7825927734375 33.565135955810547 1322 173.22567749023438 38.768421173095703 675 79.415962219238281 19.211263656616211 783 42.755096435546875 20.3970947265625 -1 200.43637084960938 56.561714172363281 696 50.893463134765625 16.024580001831055 -1 6.5857267379760742 57.932655334472656 -1 234.26039123535156 87.784011840820312 -1 6.5857267379760742 57.932655334472656 -1 151.58329772949219 75.583221435546875 43 225.42762756347656 78.733085632324219 1353 234.26039123535156 87.784011840820312 -1 180.19293212890625 160.18186950683594 -1 231.21714782714844 99.203353881835938 -1 169.10133361816406 95.649040222167969 276 172.07954406738281 89.482063293457031 611 181.13005065917969 89.132659912109375 47 81.9561767578125 16.855926513671875 -1 172.45989990234375 80.543205261230469 733 6.3441171646118164 62.294849395751953 -1 196.57058715820312 56.811885833740234 608 108.92658996582031 35.908889770507812 1325 116.93582153320312 36.583332061767578 1003 108.92658996582031 35.908889770507812 827 169.52687072753906 40.186130523681641 753 4.1628756523132324 53.388500213623047 -1 166.12493896484375 89.183525085449219 1319 166.12493896484375 89.183525085449219 684 169.52687072753906 40.186130523681641 620 22.160322189331055 49.159622192382812 -1 7.9233460426330566 55.294109344482422 -1 185.31857299804688 203.6553955078125 38 4.1628756523132324 53.388500213623047 -1 180.56849670410156 202.79081726074219 -1 158.41224670410156 138.764404296875 -1 165.23426818847656 145.26869201660156 -1 248.03041076660156 125.47799682617188 -1 166.12493896484375 89.183525085449219 603 
90 0.98455820802147442 0.17301514503944607 -0.016995181011174417 -0.02054406062393584 -0.73886683333585657 -2.7980763105702091 0.18469333183750233 1 000088.png
78.315208435058594 60.544948577880859 762 171.47431945800781 140.706787109375 745 237.31617736816406 130.89080810546875 -1 135.92446899414062 203.30644226074219 621 237.31617736816406 130.89080810546875 -1 195.32215881347656 70.601531982421875 699 87.887016296386719 23.472450256347656 765 87.887016296386719 23.472450256347656 735 113.35770416259766 25.351577758789062 723 108.2255859375 94.585929870605469 722 202.63653564453125 62.822055816650391 696 128.13116455078125 15.633142471313477 791 228.28018188476562 97.59356689453125 -1 237.7833251953125 107.96105194091797 -1 228.28018188476562 97.59356689453125 -1 13.411762237548828 50.529022216796875 -1 188.46531677246094 52.415340423583984 1326 166.79840087890625 79.418807983398438 725 110.37932586669922 93.202430725097656 722 119.95838928222656 176.78994750976562 -1 142.43614196777344 181.50303649902344 680 166.79840087890625 79.418807983398438 771 119.95838928222656 176.78994750976562 -1 124.44936370849609 10.609744071960449 624 151.4754638671875 121.63199615478516 19 171.95243835449219 51.786037445068359 693 158.44966125488281 124.98587799072266 475 16.263645172119141 40.450675964355469 -1 156.72352600097656 77.142669677734375 16 242.53201293945312 85.825836181640625 -1 154.20930480957031 90.492034912109375 802 228.77186584472656 110.841552734375 -1 181.71009826660156 173.86399841308594 -1 16.263645172119141 40.450675964355469 -1 135.42730712890625 34.377815246582031 628 135.42730712890625 34.377815246582031 1004 156.72352600097656 77.142669677734375 694 156.72352600097656 77.142669677734375 627 153.81356811523438 143.62846374511719 -1 167.66285705566406 91.051856994628906 1319 164.34550476074219 47.968048095703125 596 223.50018310546875 87.114463806152344 -1 164.34550476074219 47.968048095703125 695 76.598655700683594 7.5907206535339355 778 164.54769897460938 102.65056610107422 432 174.61978149414062 95.297149658203125 697 233.01463317871094 78.703895568847656 -1 174.61978149414062 95.297149658203125 292 180.69038391113281 44.483383178710938 31 166.83714294433594 35.647377014160156 646 121.53256225585938 26.248163223266602 630 121.53256225585938 26.248163223266602 648 112.91278839111328 43.932704925537109 631 169.12046813964844 46.697483062744141 -1 178.18754577636719 53.409435272216797 701 169.88740539550781 63.139968872070312 23 225.27397155761719 73.00628662109375 826 171.95960998535156 88.267692565917969 611 236.5338134765625 92.581466674804688 -1 179.99691772460938 94.424270629882812 491 175.81239318847656 174.61091613769531 -1 101.4132080078125 8.7680940628051758 711 169.88740539550781 63.139968872070312 599 78.084312438964844 15.93760871887207 783 169.88740539550781 63.139968872070312 25 101.4132080078125 8.7680940628051758 1328 59.611907958984375 30.699550628662109 -1 59.611907958984375 30.699550628662109 -1 48.078121185302734 37.919589996337891 -1 174.05369567871094 39.589237213134766 675 93.765090942382812 5.0577616691589355 -1 126.26591491699219 30.621395111083984 1322 185.88192749023438 199.86824035644531 -1 9.621586799621582 34.331558227539062 -1 80.146568298339844 4.4589734077453613 -1 14.272613525390625 35.274497985839844 -1 19.353477478027344 46.779212951660156 -1 3.5980827808380127 47.745048522949219 -1 174.50091552734375 53.013423919677734 870 151.59245300292969 75.61865234375 43 172.18595886230469 80.546806335449219 733 87.909202575683594 10.019279479980469 782 27.958488464355469 27.859397888183594 -1 55.913833618164062 28.832080841064453 -1 144.72608947753906 129.39846801757812 1311 74.771415710449219 12.08155632019043 -1 93.765090942382812 5.0577616691589355 -1 93.765090942382812 5.0577616691589355 -1 87.909202575683594 10.019279479980469 -1 9.621586799621582 34.331558227539062 -1 185.88192749023438 199.86824035644531 -1 38.550987243652344 22.257381439208984 -1 108.91806793212891 35.915462493896484 1325 117.01219177246094 36.5279541015625 1003 169.50552368164062 40.146804809570312 620 42.337970733642578 29.735715866088867 -1 21.546854019165039 31.245012283325195 -1 192.97105407714844 204.157470703125 -1 140.17123413085938 157.01579284667969 691 142.49504089355469 123.38520812988281 703 169.11073303222656 95.671028137207031 276 178.20068359375 89.600479125976562 655 172.07814025878906 89.515586853027344 611 166.11805725097656 89.223388671875 603 181.13658142089844 89.140830993652344 47 111.08482360839844 85.945304870605469 749 196.49040222167969 56.805801391601562 608 108.90287780761719 5.2739500999450684 1005 44.8857421875 28.178337097167969 -1 42.337970733642578 29.735715866088867 -1 169.50552368164062 40.146804809570312 753 108.90287780761719 5.2739500999450684 638 21.342462539672852 41.652515411376953 -1 106.42198181152344 6.3495979309082031 -1 4.5560946464538574 55.663932800292969 -1 111.08482360839844 85.945304870605469 716 166.11805725097656 89.223388671875 1319 166.11805725097656 89.223388671875 684 178.20068359375 89.600479125976562 462 81.777267456054688 13.63127326965332 -1 4.5560946464538574 55.663932800292969 -1 42.608741760253906 19.915281295776367 -1 69.535003662109375 20.998300552368164 -1 44.8857421875 28.178337097167969 -1 74.267532348632812 3.0736007690429688 -1 4.5560946464538574 55.663932800292969 -1 21.342462539672852 41.652515411376953 -1 21.342462539672852 41.652515411376953 -1 171.90669250488281 65.470878601074219 805 
91 0.98208041510702737 0.1867703960415095 0.0096843188994097402 -0.023261371265704801 -2.4702475390523517 -1.8832268680421564 0.8365619623059154 1 000090.png
81.922676086425781 67.39617919921875 -1 169.51663208007812 140.95916748046875 -1 131.9775390625 206.94471740722656 895 193.76148986816406 69.236351013183594 699 233.153076171875 120.44788360595703 -1 193.76148986816406 69.236351013183594 809 233.153076171875 120.44788360595703 -1 107.90401458740234 94.637336730957031 722 113.91201782226562 25.329429626464844 723 238.72369384765625 89.034416198730469 741 130.72554016113281 173.69065856933594 -1 97.018943786621094 28.063396453857422 811 245.07159423828125 109.36687469482422 746 245.07159423828125 109.36687469482422 -1 245.07159423828125 109.36687469482422 767 130.72554016113281 173.69065856933594 529 130.72554016113281 173.69065856933594 -1 188.3480224609375 52.545490264892578 1326 202.0047607421875 61.287124633789062 696 206.68017578125 91.656814575195312 -1 224.43629455566406 91.646621704101562 724 228.51802062988281 114.77325439453125 814 166.86766052246094 79.341117858886719 725 166.86766052246094 79.341117858886719 771 224.43629455566406 91.646621704101562 726 172.23182678222656 51.416122436523438 693 50.820442199707031 230.91276550292969 -1 131.83070373535156 178.245849609375 813 151.60713195800781 120.69396209716797 19 136.06298828125 35.222915649414062 1004 124.82714080810547 11.082760810852051 624 136.06298828125 35.222915649414062 774 245.69354248046875 88.405838012695312 938 131.83070373535156 178.245849609375 759 204.90596008300781 193.90472412109375 -1 214.89814758300781 202.43014526367188 -1 158.59172058105469 124.30110931396484 823 156.6766357421875 76.942726135253906 16 24.465547561645508 58.308456420898438 -1 91.53179931640625 12.465997695922852 727 84.665489196777344 12.389712333679199 816 132.4578857421875 180.46383666992188 759 132.4578857421875 180.46383666992188 706 156.6766357421875 76.942726135253906 627 156.6766357421875 76.942726135253906 694 70.440254211425781 30.426103591918945 -1 180.69549560546875 44.586193084716797 597 80.406257629394531 20.654888153076172 1009 225.0933837890625 102.69522857666016 731 25.231069564819336 50.127902984619141 923 224.28897094726562 123.96665191650391 -1 174.76655578613281 95.409278869628906 292 234.72413635253906 79.851829528808594 700 25.231069564819336 50.127902984619141 919 167.81419372558594 90.842864990234375 1319 174.76655578613281 95.409278869628906 697 121.50672912597656 26.252281188964844 630 121.50672912597656 26.252281188964844 648 112.96495056152344 43.843196868896484 631 178.19139099121094 53.256389617919922 701 169.9051513671875 63.144168853759766 23 9.3773460388183594 73.743522644042969 -1 172.10885620117188 88.002296447753906 611 180.05064392089844 94.344779968261719 491 164.64080810546875 102.05307006835938 432 250.41792297363281 102.67089080810547 -1 230.6351318359375 104.85576629638672 -1 169.9051513671875 63.144168853759766 599 169.9051513671875 63.144168853759766 25 164.64080810546875 102.05307006835938 818 100.83580780029297 8.5898237228393555 1328 173.99346923828125 39.445972442626953 675 151.56130981445312 75.648841857910156 43 227.79405212402344 107.48131561279297 -1 235.9091796875 205.45079040527344 -1 239.23562622070312 208.49345397949219 495 83.347114562988281 17.426044464111328 806 60.977546691894531 34.297229766845703 833 89.16729736328125 17.331001281738281 -1 64.177810668945312 20.026622772216797 851 243.54782104492188 95.296241760253906 -1 89.568199157714844 21.542610168457031 -1 113.10406494140625 2.6968755722045898 732 165.07122802734375 49.482528686523438 695 7.1552553176879883 50.153728485107422 -1 39.767810821533203 52.095291137695312 828 109.51424407958984 5.529447078704834 1005 9.8059320449829102 55.217258453369141 -1 80.124076843261719 11.32747745513916 -1 77.358383178710938 16.951122283935547 -1 173.23573303222656 79.134033203125 733 78.088241577148438 25.005260467529297 -1 126.17536163330078 30.652410507202148 1322 114.36090087890625 121.36466217041016 893 5.2507991790771484 53.798717498779297 -1 109.51424407958984 5.529447078704834 638 113.10406494140625 2.6968755722045898 734 89.568199157714844 21.542610168457031 735 165.07122802734375 49.482528686523438 596 5.2507991790771484 53.798717498779297 -1 166.09463500976562 72.048011779785156 715 36.087924957275391 38.982242584228516 -1 19.045473098754883 44.654556274414062 -1 243.54782104492188 95.296241760253906 -1 211.52986145019531 187.55679321289062 -1 106.00572204589844 6.8999752998352051 1005 104.24062347412109 9.4499740600585938 1328 100.64240264892578 11.068376541137695 -1 195.13287353515625 172.65582275390625 -1 194.94088745117188 169.462158203125 -1 191.15611267089844 169.57449340820312 -1 158.95669555664062 138.99627685546875 -1 144.16123962402344 20.052568435668945 649 240.70445251464844 115.07865142822266 -1 166.98916625976562 104.27153778076172 -1 228.91722106933594 103.29118347167969 834 166.09449768066406 101.21105194091797 831 169.09782409667969 95.627029418945312 276 172.06593322753906 89.391311645507812 611 166.21383666992188 89.022994995117188 603 84.108306884765625 25.348442077636719 -1 108.90980529785156 35.869388580322266 1325 166.21383666992188 89.022994995117188 1319 240.70445251464844 115.07865142822266 -1 240.70445251464844 115.07865142822266 -1 158.95669555664062 138.99627685546875 -1 189.436279296875 190.244384765625 -1 116.90486145019531 36.611137390136719 1003 226.48477172851562 197.75721740722656 698 196.21624755859375 57.569164276123047 608 167.93989562988281 60.309341430664062 739 189.436279296875 190.244384765625 -1 169.674072265625 40.033393859863281 620 222.66055297851562 77.788330078125 -1 218.68460083007812 194.03286743164062 159 216.75508117675781 188.84579467773438 -1 230.99644470214844 85.610054016113281 740 181.14950561523438 89.179412841796875 47 181.14950561523438 89.179412841796875 49 
92 0.97674543703702632 0.21078716755989729 -0.035693471552633999 -0.016220274595260362 0.60078582939056169 -0.27709469108600338 0.19996685057118285 1 000093.png
96.776397705078125 79.261917114257812 -1 172.08818054199219 127.93670654296875 -1 125.27438354492188 208.07633972167969 895 125.27438354492188 208.07633972167969 -1 191.63198852539062 66.917259216308594 -1 191.63198852539062 66.917259216308594 809 127.64091491699219 155.80503845214844 -1 234.80886840820312 106.51689910888672 -1 234.80886840820312 106.51689910888672 -1 185.91439819335938 55.271171569824219 -1 114.50303649902344 25.910121917724609 723 239.53150939941406 130.52630615234375 1163 232.57968139648438 234.75631713867188 -1 231.1448974609375 82.374191284179688 -1 126.99120330810547 14.003799438476562 791 99.276756286621094 30.869552612304688 623 189.07643127441406 52.841407775878906 1326 214.79768371582031 69.62200927734375 -1 166.93144226074219 79.3406982421875 725 99.276756286621094 30.869552612304688 811 166.93144226074219 79.3406982421875 771 194.94184875488281 164.45187377929688 1216 136.8450927734375 36.279590606689453 774 201.36949157714844 59.588790893554688 696 226.5767822265625 98.563400268554688 -1 172.2398681640625 51.322635650634766 693 240.79893493652344 93.363479614257812 -1 226.5767822265625 98.563400268554688 -1 151.873291015625 119.13577270507812 19 154.07829284667969 90.653358459472656 802 215.07452392578125 176.08432006835938 1178 131.86880493164062 179.68089294433594 813 156.50567626953125 76.985427856445312 16 156.50567626953125 76.985427856445312 627 39.121349334716797 57.175800323486328 1089 199.66360473632812 235.48637390136719 -1 131.86880493164062 179.68089294433594 -1 154.07829284667969 90.653358459472656 -1 156.50567626953125 76.985427856445312 694 34.697715759277344 36.546646118164062 -1 7.7285857200622559 66.093238830566406 -1 217.58882141113281 69.471145629882812 -1 196.66682434082031 96.622711181640625 -1 86.662193298339844 22.38427734375 778 54.913536071777344 26.558069229125977 -1 134.51846313476562 33.542381286621094 -1 38.658580780029297 48.908779144287109 899 30.333654403686523 63.139259338378906 -1 180.66397094726562 44.602638244628906 597 244.40788269042969 86.012496948242188 -1 222.36021423339844 106.55638122558594 -1 174.62931823730469 95.266899108886719 292 168.04838562011719 90.999099731445312 1319 182.37942504882812 146.27580261230469 1104 7.8788533210754395 31.646835327148438 -1 200.92799377441406 57.865657806396484 696 132.2991943359375 181.17355346679688 759 174.62931823730469 95.266899108886719 697 132.2991943359375 181.17355346679688 706 244.12564086914062 120.09359741210938 1145 38.658580780029297 48.908779144287109 900 134.51846313476562 33.542381286621094 -1 134.51846313476562 33.542381286621094 1004 164.58061218261719 48.3358154296875 695 164.58061218261719 48.3358154296875 596 180.11712646484375 94.196128845214844 491 252.11764526367188 109.18001556396484 -1 197.71505737304688 147.43038940429688 -1 169.95457458496094 63.105228424072266 599 169.95457458496094 63.105228424072266 25 3.7414343357086182 77.331321716308594 -1 252.7861328125 91.225006103515625 1078 99.299674987792969 20.198625564575195 -1 110.07102966308594 24.081981658935547 -1 174.0025634765625 39.414260864257812 675 112.97548675537109 43.741928100585938 631 11.195598602294922 46.089698791503906 -1 178.22273254394531 53.443626403808594 701 169.95457458496094 63.105228424072266 23 227.57676696777344 74.23870849609375 1006 3.7414343357086182 77.331321716308594 -1 172.18217468261719 87.870208740234375 611 227.54380798339844 89.602592468261719 -1 127.91648101806641 33.446041107177734 1322 68.110992431640625 44.455406188964844 -1 64.432098388671875 46.870380401611328 -1 15.367911338806152 47.806415557861328 -1 3.2051985263824463 64.313430786132812 -1 54.717330932617188 49.053482055664062 -1 195.37184143066406 164.52388000488281 -1 237.13653564453125 97.692512512207031 -1 242.78251647949219 107.44255065917969 -1 250.39187622070312 112.46139526367188 -1 174.01594543457031 128.22988891601562 -1 177.13224792480469 130.84793090820312 -1 191.85963439941406 143.51220703125 1053 41.810985565185547 53.67364501953125 904 103.97710418701172 9.5292825698852539 1328 98.080879211425781 16.150455474853516 -1 122.267333984375 26.95941162109375 630 88.037162780761719 28.889492034912109 783 11.331297874450684 30.598377227783203 -1 236.6468505859375 87.080101013183594 -1 126.258544921875 30.655387878417969 1322 151.5181884765625 75.739707946777344 43 122.267333984375 26.95941162109375 648 3.2051985263824463 64.313430786132812 -1 100.57865905761719 8.6802577972412109 1328 11.233918190002441 69.703720092773438 1056 9.907588005065918 73.716056823730469 935 123.59795379638672 7.316063404083252 -1 175.24919128417969 100.65085601806641 118 68.036293029785156 41.011318206787109 -1 166.24147033691406 89.135696411132812 603 110.97776031494141 85.479827880859375 716 154.87202453613281 72.411567687988281 -1 6.9812297821044922 70.271415710449219 -1 35.226737976074219 50.944919586181641 -1 17.629112243652344 45.791770935058594 -1 169.56147766113281 39.982486724853516 620 71.485725402832031 38.825489044189453 -1 11.291040420532227 37.630722045898438 -1 116.76820373535156 36.692111968994141 1003 108.85503387451172 35.938529968261719 1325 9.9655170440673828 34.356342315673828 -1 96.895011901855469 23.210718154907227 -1 86.701576232910156 14.292404174804688 -1 108.85503387451172 35.938529968261719 827 11.291040420532227 37.630722045898438 -1 169.56147766113281 39.982486724853516 -1 110.97776031494141 85.479827880859375 749 166.24147033691406 89.135696411132812 684 166.24147033691406 89.135696411132812 1319 9.9655170440673828 34.356342315673828 -1 175.24919128417969 100.65085601806641 888 89.357688903808594 18.804815292358398 806 96.895011901855469 23.210718154907227 -1 9.5848512649536133 26.99180793762207 -1 4.7584066390991211 29.964321136474609 -1 4.9678215980529785 32.977020263671875 -1 181.132568359375 89.094718933105469 47 211.11091613769531 166.44778442382812 -1 181.132568359375 89.094718933105469 49 
93 0.97668849945320235 0.21058025294557023 -0.036444313266909348 -0.020182768287207484 0.60143745090289535 -0.27645799430694351 0.12197734353968376 1 000091.png
83.6065673828125 68.726791381835938 762 170.81056213378906 134.662109375 745 130.13981628417969 206.85578918457031 895 130.13981628417969 206.85578918457031 -1 193.05503845214844 68.359481811523438 -1 193.05503845214844 68.359481811523438 809 234.55450439453125 113.93110656738281 1327 128.98065185546875 153.03938293457031 -1 234.55450439453125 113.93110656738281 -1 187.10479736328125 105.41243743896484 -1 187.10479736328125 105.41243743896484 -1 114.31755828857422 25.431659698486328 723 235.19419860839844 86.703872680664062 741 242.00785827636719 142.97354125976562 839 97.96258544921875 29.318866729736328 811 97.96258544921875 29.318866729736328 623 166.72149658203125 79.575164794921875 725 206.29193115234375 86.157478332519531 769 222.333740234375 86.587158203125 -1 109.84452819824219 93.380699157714844 722 243.44334411621094 102.3109130859375 913 188.99977111816406 52.693370819091797 1326 243.44334411621094 102.3109130859375 -1 222.333740234375 86.587158203125 -1 166.72149658203125 79.575164794921875 771 249.50709533691406 91.099739074707031 938 136.25827026367188 35.665451049804688 1004 215.01197814941406 191.05606079101562 -1 201.46517944335938 59.943065643310547 696 172.36210632324219 51.341156005859375 693 136.25827026367188 35.665451049804688 774 125.30670166015625 11.778428077697754 624 205.69837951660156 183.63511657714844 -1 156.64691162109375 76.9671630859375 694 30.282241821289062 59.182033538818359 1089 156.64691162109375 76.9671630859375 16 231.24571228027344 78.702247619628906 700 150.99627685546875 122.40817260742188 19 156.64691162109375 76.9671630859375 627 30.525594711303711 50.803245544433594 919 180.78311157226562 44.672828674316406 597 223.82545471191406 96.516281127929688 -1 185.55796813964844 155.59446716308594 -1 185.55796813964844 155.59446716308594 848 174.70491027832031 95.351089477539062 697 82.375938415527344 22.511545181274414 778 86.767189025878906 15.041096687316895 -1 92.756851196289062 14.184738159179688 -1 86.767189025878906 15.041096687316895 816 92.756851196289062 14.184738159179688 727 223.57720947265625 116.44211578369141 -1 174.70491027832031 95.351089477539062 292 30.525594711303711 50.803245544433594 923 167.90219116210938 90.844070434570312 1319 240.68853759765625 83.707077026367188 850 61.393383026123047 20.427133560180664 851 164.6378173828125 48.317668914794922 695 164.6378173828125 48.317668914794922 596 121.43532562255859 26.258869171142578 648 121.43532562255859 26.258869171142578 630 169.92660522460938 63.129806518554688 23 172.1588134765625 87.898941040039062 611 180.074462890625 94.317390441894531 491 247.85807800292969 95.808753967285156 -1 252.42147827148438 96.235740661621094 -1 164.49351501464844 101.98412322998047 432 244.7457275390625 117.72489166259766 -1 190.37371826171875 154.71267700195312 -1 196.52500915527344 159.58853149414062 -1 100.76200866699219 8.771998405456543 -1 133.61007690429688 33.093570709228516 -1 133.61007690429688 33.093570709228516 -1 127.25684356689453 38.287372589111328 -1 169.92660522460938 63.129806518554688 599 169.92660522460938 63.129806518554688 25 247.85807800292969 95.808753967285156 730 252.42147827148438 96.235740661621094 -1 127.25684356689453 38.287372589111328 -1 164.49351501464844 101.98412322998047 818 100.76200866699219 8.771998405456543 1328 133.61007690429688 33.093570709228516 1004 178.169921875 53.212020874023438 701 8.2538967132568359 59.364723205566406 -1 224.89938354492188 72.429214477539062 826 104.16000366210938 9.4625511169433594 1328 113.02455902099609 2.9611756801605225 734 33.704025268554688 55.856346130371094 904 113.02455902099609 2.9611756801605225 732 151.58717346191406 75.584930419921875 43 240.99153137207031 88.492408752441406 -1 242.20588684082031 93.62689208984375 -1 77.056808471679688 249.3282470703125 -1 97.800811767578125 16.033950805664062 -1 239.68754577636719 107.49355316162109 -1 253.22404479980469 123.06824493408203 -1 183.14337158203125 148.4210205078125 -1 185.36958312988281 150.78189086914062 -1 97.800811767578125 16.033950805664062 -1 97.800811767578125 16.033950805664062 -1 230.20574951171875 75.82745361328125 700 97.800811767578125 16.033950805664062 -1 7.8354792594909668 49.379119873046875 -1 7.8354792594909668 49.379119873046875 -1 242.20588684082031 93.62689208984375 -1 239.68754577636719 107.49355316162109 -1 192.70196533203125 181.92254638671875 -1 192.70196533203125 181.92254638671875 -1 189.24658203125 182.33134460449219 -1 192.70196533203125 181.92254638671875 -1 189.24658203125 182.33134460449219 -1 7.8354792594909668 49.379119873046875 -1 126.16641998291016 30.654794692993164 1322 11.81800651550293 51.003246307373047 -1 127.82408142089844 33.50164794921875 1322 83.340095520019531 29.163076400756836 783 78.724853515625 246.70112609863281 -1 189.25096130371094 186.92608642578125 -1 187.47538757324219 185.60887145996094 -1 190.52326965332031 178.85594177246094 -1 238.68031311035156 110.49333190917969 -1 116.33818817138672 2.6180753707885742 732 165.98915100097656 101.15974426269531 831 169.10586547851562 95.716209411621094 276 166.24174499511719 89.071311950683594 603 172.44526672363281 80.67877197265625 733 116.33818817138672 2.6180753707885742 -1 105.80527496337891 7.0792994499206543 864 82.443939208984375 14.030719757080078 -1 92.306388854980469 23.188356399536133 782 4.1144847869873047 35.247051239013672 -1 108.89301300048828 35.905376434326172 827 166.24174499511719 89.071311950683594 1319 238.68031311035156 110.49333190917969 -1 190.52326965332031 178.85594177246094 -1 105.80527496337891 7.0792994499206543 1005 100.61147308349609 10.937738418579102 -1 82.443939208984375 14.030719757080078 -1 84.923774719238281 18.703165054321289 806 92.306388854980469 23.188356399536133 735 4.1144847869873047 35.247051239013672 -1 108.89301300048828 35.905376434326172 1325 169.56605529785156 39.881763458251953 620 60.100296020507812 40.356685638427734 -1 9.5384101867675781 46.958740234375 -1 154.083740234375 102.81706237792969 867 48.190391540527344 47.410999298095703 -1 48.244598388671875 50.435539245605469 -1 40.912555694580078 54.576923370361328 828 12.251614570617676 58.405891418457031 -1 13.815750122070312 55.872219085693359 -1 116.71710968017578 36.702091217041016 1003 238.79403686523438 95.291679382324219 -1 174.50570678710938 53.243476867675781 870 171.9765625 65.55487060546875 805 88.21795654296875 8.3833017349243164 -1 181.13005065917969 89.142379760742188 47 181.13005065917969 89.142379760742188 49 
94 0.97669104408111151 0.21057625280312234 -0.036224434370572448 -0.020494792550207971 0.58882924827790528 -0.28763780403163269 0.28933264287122934 1 000092.png
84.660903930664062 69.159339904785156 762 170.99325561523438 132.32843017578125 745 128.12399291992188 207.64720153808594 895 128.12399291992188 207.64720153808594 -1 192.65350341796875 67.985855102539062 809 192.65350341796875 67.985855102539062 -1 234.55656433105469 112.02211761474609 1327 128.54869079589844 153.84141540527344 -1 234.55656433105469 112.02211761474609 -1 114.52704620361328 25.651895523071289 723 241.06190490722656 139.28959655761719 839 234.01571655273438 85.768402099609375 741 98.404792785644531 30.252571105957031 623 98.404792785644531 30.252571105957031 811 126.62230682373047 13.401028633117676 624 11.020820617675781 49.417335510253906 -1 188.40205383300781 52.593662261962891 1326 166.7923583984375 79.473648071289062 725 206.44212341308594 84.6234130859375 769 242.57717895507812 100.19363403320312 913 221.51686096191406 244.83872985839844 -1 136.85514831542969 36.243011474609375 774 221.51686096191406 244.83872985839844 -1 242.57717895507812 100.19363403320312 -1 166.7923583984375 79.473648071289062 771 11.020820617675781 49.417335510253906 -1 131.27291870117188 176.91722106933594 813 131.27291870117188 176.91722106933594 -1 247.95021057128906 90.050613403320312 938 245.43830871582031 192.97505187988281 -1 215.03488159179688 186.83065795898438 -1 227.44699096679688 105.56255340576172 814 64.45623779296875 47.797340393066406 -1 201.37484741210938 59.542800903320312 696 6.2829117774963379 56.802505493164062 -1 172.27789306640625 51.326580047607422 693 227.44699096679688 105.56255340576172 -1 156.6392822265625 77.031158447265625 16 156.6392822265625 77.031158447265625 627 62.841049194335938 213.36663818359375 -1 199.28067016601562 250.56452941894531 -1 156.6392822265625 77.031158447265625 694 230.23689270019531 77.713180541992188 700 33.068870544433594 58.534503936767578 1089 174.64321899414062 95.298553466796875 697 5.886141300201416 76.293373107910156 -1 33.635875701904297 50.474212646484375 900 134.47148132324219 33.397781372070312 -1 88.274093627929688 15.762710571289062 816 195.96324157714844 103.48136138916016 -1 174.64321899414062 95.298553466796875 292 223.50187683105469 94.091529846191406 -1 84.064567565917969 22.973798751831055 778 5.886141300201416 76.293373107910156 -1 33.635875701904297 50.474212646484375 899 168.01272583007812 90.985420227050781 1319 180.71810913085938 44.706996917724609 597 134.47148132324219 33.397781372070312 1004 223.02537536621094 113.752197265625 -1 134.47148132324219 33.397781372070312 -1 121.4468994140625 26.272270202636719 630 109.93490600585938 23.754840850830078 -1 121.4468994140625 26.272270202636719 648 93.848159790039062 15.24997615814209 727 173.64027404785156 39.062473297119141 675 112.92989349365234 43.849205017089844 631 164.76040649414062 48.694976806640625 695 178.24079895019531 53.356105804443359 701 169.92901611328125 63.132087707519531 23 172.1737060546875 87.896736145019531 611 246.61758422851562 93.479301452636719 -1 180.09010314941406 94.206626892089844 491 225.85179138183594 98.527542114257812 1109 164.52337646484375 101.96283721923828 432 243.56825256347656 114.85857391357422 -1 164.76040649414062 48.694976806640625 596 169.92901611328125 63.132087707519531 599 169.92901611328125 63.132087707519531 25 246.61758422851562 93.479301452636719 -1 164.52337646484375 101.96283721923828 818 100.64557647705078 8.6089696884155273 1328 190.61598205566406 151.61370849609375 -1 189.86911010742188 178.32009887695312 -1 113.19829559326172 2.788710355758667 732 109.91482543945312 5.5580296516418457 1005 36.76922607421875 55.427467346191406 904 113.19829559326172 2.788710355758667 734 12.020403861999512 57.700233459472656 -1 103.90866851806641 9.461181640625 1328 84.120803833007812 14.348824501037598 -1 97.786582946777344 15.883837699890137 -1 85.245040893554688 29.50086784362793 783 97.786582946777344 15.883837699890137 -1 126.15706634521484 30.664033889770508 1322 127.99129486083984 33.383140563964844 1322 129.52775573730469 36.484657287597656 -1 252.28225708007812 120.41020965576172 -1 227.90739440917969 95.64495849609375 834 11.111369132995605 48.968936920166016 -1 56.764808654785156 50.004981994628906 -1 109.91482543945312 5.5580296516418457 638 11.111369132995605 48.968936920166016 -1 177.70506286621094 90.159011840820312 462 227.90739440917969 95.64495849609375 -1 151.53788757324219 75.671798706054688 43 177.70506286621094 90.159011840820312 655 241.17083740234375 91.267723083496094 -1 251.10337829589844 93.851516723632812 -1 166.94168090820312 41.398273468017578 -1 56.857486724853516 46.587154388427734 -1 23.834817886352539 46.812454223632812 -1 50.355697631835938 47.537441253662109 -1 133.28311157226562 184.54411315917969 706 169.53030395507812 39.827789306640625 620 184.59349060058594 146.87042236328125 -1 169.39682006835938 133.40348815917969 -1 160.59805297851562 125.47257995605469 -1 156.63435363769531 125.74329376220703 823 238.27719116210938 108.35187530517578 -1 238.16450500488281 104.97051239013672 -1 153.95539855957031 102.90687561035156 867 169.12837219238281 95.645217895507812 276 243.96368408203125 89.066703796386719 825 166.24310302734375 89.074752807617188 603 172.76722717285156 80.422813415527344 733 2.672938346862793 74.135261535644531 -1 224.16787719726562 71.620147705078125 826 26.803256988525391 67.326026916503906 -1 196.18782043457031 57.357948303222656 608 14.033601760864258 54.161033630371094 -1 116.36217498779297 2.6417820453643799 -1 105.92189025878906 7.1162757873535156 864 92.700363159179688 10.577487945556641 -1 94.108856201171875 23.901317596435547 735 108.87073516845703 35.920860290527344 827 42.607738494873047 52.012939453125 828 166.24310302734375 89.074752807617188 1319 166.24310302734375 89.074752807617188 684 153.95539855957031 102.90687561035156 -1 238.16450500488281 104.97051239013672 -1 133.28311157226562 184.54411315917969 759 105.92189025878906 7.1162757873535156 1005 42.607738494873047 52.012939453125 -1 92.700363159179688 10.577487945556641 -1 87.230438232421875 16.360099792480469 -1 87.0050048828125 19.530235290527344 806 5.7535839080810547 50.870773315429688 -1 94.108856201171875 23.901317596435547 782 108.87073516845703 35.920860290527344 1325 116.88179016113281 36.63702392578125 1003 116.36217498779297 2.6417820453643799 732 5.7535839080810547 50.870773315429688 -1 147.16262817382812 21.847110748291016 -1 166.18519592285156 100.87814331054688 831 181.12913513183594 89.150611877441406 49 8.2034778594970703 49.216808319091797 -1 60.235198974609375 41.613494873046875 -1 181.12913513183594 89.150611877441406 47 
95 0.97678522377009636 0.21082706442191407 -0.035361938811223466 -0.013860332432958701 0.60292209291652343 -0.27648472825367704 0.21636080791746257 1 000094.png
99.53594970703125 81.986923217773438 -1 123.40192413330078 207.06498718261719 895 123.40192413330078 207.06498718261719 -1 190.41423034667969 65.742156982421875 -1 212.24896240234375 229.10519409179688 -1 24.594661712646484 80.522483825683594 1007 126.91334533691406 156.0836181640625 -1 24.594661712646484 80.522483825683594 -1 31.094074249267578 57.051612854003906 1065 55.675014495849609 233.80239868164062 -1 55.675014495849609 233.80239868164062 -1 215.25811767578125 91.341720581054688 -1 114.43617248535156 25.980670928955078 723 234.24333190917969 102.22460174560547 -1 190.07710266113281 94.554328918457031 -1 234.24333190917969 102.22460174560547 -1 114.43617248535156 25.980670928955078 -1 190.07710266113281 94.554328918457031 -1 237.83210754394531 123.37348937988281 1163 127.13495635986328 14.550027847290039 624 188.83612060546875 52.781425476074219 1326 11.487436294555664 68.017860412597656 -1 228.659423828125 79.29974365234375 956 166.7117919921875 79.61138916015625 725 166.7117919921875 79.61138916015625 771 120.98129272460938 37.838542938232422 -1 199.88267517089844 219.8231201171875 1039 248.17897033691406 89.806686401367188 1349 172.20046997070312 51.251621246337891 693 131.09605407714844 177.07742309570312 813 225.25759887695312 93.011619567871094 -1 225.25759887695312 93.011619567871094 -1 131.09605407714844 177.07742309570312 -1 131.09605407714844 177.07742309570312 -1 24.158737182617188 65.852699279785156 -1 131.09605407714844 177.07742309570312 -1 248.17897033691406 89.806686401367188 938 101.48802947998047 44.054721832275391 -1 43.329494476318359 54.77593994140625 1089 166.20098876953125 35.711013793945312 646 156.6285400390625 77.025337219238281 627 156.6285400390625 77.025337219238281 694 156.6285400390625 77.025337219238281 16 187.31221008300781 145.22787475585938 -1 16.693212509155273 62.085559844970703 1162 89.371696472167969 21.461606979370117 765 134.09623718261719 33.470470428466797 -1 180.67340087890625 44.560382843017578 597 43.273056030273438 46.811862945556641 899 43.273056030273438 46.811862945556641 900 134.09623718261719 33.470470428466797 1004 134.09623718261719 33.470470428466797 -1 220.44844055175781 162.6748046875 -1 165.36882019042969 124.96319580078125 -1 196.94139099121094 91.386032104492188 -1 168.06889343261719 91.02276611328125 1319 241.67008972167969 113.20798492431641 590 239.91233825683594 87.385345458984375 -1 221.73356628417969 83.210952758789062 1055 11.885893821716309 72.243927001953125 1019 9.8810997009277344 63.951835632324219 1024 5.7827291488647461 80.136856079101562 -1 103.52787780761719 51.029998779296875 720 151.70870971679688 103.62813568115234 362 174.52021789550781 95.174102783203125 292 9.8810997009277344 63.951835632324219 1018 151.70870971679688 103.62813568115234 -1 174.52021789550781 95.174102783203125 697 168.06889343261719 91.02276611328125 -1 11.885893821716309 72.243927001953125 1025 172.20236206054688 87.866828918457031 611 180.12339782714844 94.152732849121094 491 221.34408569335938 100.61011505126953 -1 164.21087646484375 102.04917144775391 818 255.00691223144531 106.88662719726562 -1 149.63278198242188 122.98188781738281 19 192.42770385742188 136.09954833984375 1053 165.00100708007812 49.143814086914062 596 169.92250061035156 63.166057586669922 25 164.21087646484375 102.04917144775391 432 110.07949829101562 23.267549514770508 -1 255.00691223144531 106.88662719726562 -1 151.140625 25.196584701538086 -1 57.112815856933594 26.823135375976562 -1 112.98220062255859 43.764556884765625 631 165.00100708007812 49.143814086914062 695 178.32185363769531 53.373191833496094 701 169.92250061035156 63.166057586669922 599 216.47381591796875 67.578269958496094 -1 126.50064849853516 9.2423105239868164 -1 235.412841796875 92.006523132324219 -1 128.00688171386719 33.419334411621094 1322 155.73567199707031 27.580438613891602 -1 125.41180419921875 38.657238006591797 883 22.332061767578125 45.423927307128906 -1 56.523571014404297 52.351478576660156 -1 19.541177749633789 65.366584777832031 1056 18.699298858642578 69.230453491210938 935 126.14749908447266 30.651981353759766 1322 178.54179382324219 124.75543975830078 -1 187.43310546875 132.411865234375 -1 110.80937194824219 84.816459655761719 749 151.56925964355469 75.662422180175781 43 100.51290130615234 8.7212429046630859 1328 104.21135711669922 9.4470109939575195 1328 90.348785400390625 28.059818267822266 -1 14.374269485473633 30.568222045898438 -1 110.80937194824219 84.816459655761719 716 175.75103759765625 48.980442047119141 -1 90.348785400390625 28.059818267822266 -1 14.374269485473633 30.568222045898438 -1 14.374269485473633 30.568222045898438 -1 14.374269485473633 30.568222045898438 -1 125.41180419921875 38.657238006591797 885 250.85603332519531 111.53309631347656 -1 247.66915893554688 105.61852264404297 -1 250.85603332519531 111.53309631347656 -1 172.53355407714844 119.92596435546875 -1 168.03782653808594 117.05664825439453 -1 163.53875732421875 116.49528503417969 -1 250.94288635253906 107.83272552490234 -1 165.93893432617188 101.00418853759766 831 175.58172607421875 100.54087066650391 888 234.71952819824219 94.919754028320312 -1 239.8592529296875 89.359161376953125 -1 172.15946960449219 89.343315124511719 611 51.123405456542969 48.55950927734375 -1 166.22291564941406 89.084014892578125 603 241.43772888183594 85.349655151367188 -1 11.301693916320801 70.647377014160156 -1 16.00874137878418 66.323539733886719 -1 11.438323974609375 60.246517181396484 1162 46.229724884033203 51.452602386474609 904 59.352016448974609 49.89593505859375 -1 42.845085144042969 47.977848052978516 -1 23.513788223266602 48.098560333251953 -1 169.62458801269531 40.089599609375 -1 23.513788223266602 48.098560333251953 -1 51.123405456542969 48.55950927734375 -1 91.861732482910156 17.824590682983398 806 112.89793395996094 25.823919296264648 -1 166.22291564941406 89.084014892578125 684 108.87858581542969 36.048667907714844 1325 175.58172607421875 100.54087066650391 118 165.93893432617188 101.00418853759766 -1 250.94288635253906 107.83272552490234 -1 163.53875732421875 116.49528503417969 -1 163.53875732421875 116.49528503417969 -1 150.33088684082031 123.98209381103516 -1 150.33088684082031 123.98209381103516 -1 166.22291564941406 89.084014892578125 1319 116.85100555419922 36.657787322998047 1003 169.62458801269531 40.089599609375 620 71.513389587402344 43.018882751464844 833 64.855575561523438 43.421791076660156 -1 190.85501098632812 252.36393737792969 -1 103.01369476318359 44.195404052734375 -1 114.55840301513672 127.68046569824219 893 150.33088684082031 123.98209381103516 -1 133.27096557617188 184.78321838378906 706 181.18234252929688 89.11798095703125 47 133.27096557617188 184.78321838378906 759 181.18234252929688 89.11798095703125 49 
96 0.97676476024568382 0.21082583897910129 -0.03550832446659332 -0.014907302053858153 0.60347198508607136 -0.27988722639075786 0.23017009080105397 1 000095.png
101.88732147216797 84.107460021972656 -1 122.78008270263672 204.58001708984375 895 189.52471923828125 65.052017211914062 -1 214.624755859375 221.261474609375 1034 32.820938110351562 77.697952270507812 1007 126.65453338623047 154.59660339355469 -1 32.820938110351562 77.697952270507812 -1 91.134010314941406 27.468206405639648 1009 170.17208862304688 114.05355834960938 -1 114.44890594482422 25.968505859375 723 157.58181762695312 36.354984283447266 756 37.511348724365234 54.460601806640625 1065 186.32524108886719 55.283489227294922 -1 191.24772644042969 91.221664428710938 -1 233.68402099609375 97.994606018066406 -1 214.36631774902344 86.240425109863281 -1 235.8585205078125 116.34902191162109 1327 80.480262756347656 237.4439697265625 -1 205.50782775878906 65.920677185058594 -1 80.480262756347656 237.4439697265625 -1 233.68402099609375 97.994606018066406 -1 127.34430694580078 14.949295997619629 624 188.64361572265625 52.946861267089844 1326 20.190793991088867 64.28546142578125 1012 225.74790954589844 76.512535095214844 956 166.88163757324219 79.376991271972656 725 247.16194152832031 91.689071655273438 1349 221.05870056152344 109.996337890625 -1 211.01274108886719 138.13655090332031 -1 166.88163757324219 79.376991271972656 771 120.99257659912109 37.796051025390625 -1 218.62699890136719 240.87692260742188 -1 101.43120574951172 32.151519775390625 623 172.23286437988281 51.32098388671875 693 46.763828277587891 52.916095733642578 1089 11.103163719177246 66.704154968261719 1066 240.71684265136719 162.08757019042969 1103 11.103163719177246 66.704154968261719 1015 134.72846984863281 34.493484497070312 -1 174.38792419433594 95.076408386230469 697 156.63400268554688 77.042953491210938 16 168.0960693359375 91.068794250488281 -1 174.38792419433594 95.076408386230469 292 168.0960693359375 91.068794250488281 1319 156.63400268554688 77.042953491210938 694 6.6564717292785645 75.008445739746094 -1 14.588074684143066 75.431159973144531 1016 134.72846984863281 34.493484497070312 1004 224.262939453125 87.786384582519531 -1 154.12882995605469 90.432258605957031 802 167.85250854492188 121.57998657226562 -1 225.79461669921875 122.03091430664062 1121 200.13227844238281 207.41397094726562 1039 6.6564717292785645 75.008445739746094 -1 156.63400268554688 77.042953491210938 627 224.262939453125 87.786384582519531 -1 154.12882995605469 90.432258605957031 -1 101.98365783691406 43.796981811523438 -1 134.72846984863281 34.493484497070312 774 47.738265991210938 44.787250518798828 899 164.59709167480469 48.314834594726562 695 24.844692230224609 58.552169799804688 1162 20.052513122558594 68.085548400878906 1019 196.75019836425781 86.640296936035156 -1 239.72836303710938 106.91271209716797 1145 245.68075561523438 109.1630859375 -1 183.88053894042969 133.255615234375 1104 132.43547058105469 182.11843872070312 706 200.80776977539062 251.19277954101562 -1 172.34066772460938 87.772552490234375 611 20.052513122558594 68.085548400878906 1025 164.59709167480469 48.314834594726562 596 47.738265991210938 44.787250518798828 900 220.33052062988281 95.029830932617188 -1 180.62539672851562 44.546253204345703 597 20.052513122558594 68.085548400878906 1020 152.76971435546875 26.977941513061523 -1 165.00372314453125 49.212879180908203 695 178.14370727539062 53.523567199707031 701 169.9268798828125 63.167488098144531 599 243.12405395507812 84.533981323242188 1029 180.11415100097656 94.210945129394531 491 18.426828384399414 60.092140197753906 1024 166.24256896972656 112.53377532958984 -1 114.86032867431641 6.8453431129455566 638 91.336677551269531 20.463460922241211 -1 109.95336151123047 23.618824005126953 -1 173.94465637207031 39.367279052734375 675 166.24256896972656 112.53377532958984 -1 166.24256896972656 112.53377532958984 -1 165.00372314453125 49.212879180908203 596 18.426828384399414 60.092140197753906 1018 169.9268798828125 63.167488098144531 25 30.24626350402832 42.458934783935547 -1 50.933647155761719 49.254478454589844 904 20.529487609863281 56.037742614746094 1162 151.53515625 75.754753112792969 43 231.37063598632812 88.792221069335938 -1 245.43730163574219 99.659599304199219 -1 252.84022521972656 104.6590576171875 -1 22.934299468994141 28.377269744873047 -1 192.62294006347656 129.49516296386719 1053 126.15675354003906 30.67805290222168 1322 128.08514404296875 33.356666564941406 1322 108.99372863769531 35.260665893554688 1325 193.81126403808594 231.03453063964844 -1 92.391815185546875 27.204164505004883 -1 93.872505187988281 5.3480944633483887 -1 100.44337463378906 8.609832763671875 1328 104.14076232910156 9.516143798828125 1328 94.905998229980469 17.711782455444336 -1 22.934299468994141 28.377269744873047 -1 93.872505187988281 5.3480944633483887 -1 92.391815185546875 27.204164505004883 -1 22.934299468994141 28.377269744873047 -1 233.47257995605469 86.839950561523438 -1 247.59652709960938 87.099830627441406 -1 166.22708129882812 89.145095825195312 603 240.06446838378906 90.701644897460938 -1 232.55120849609375 96.352005004882812 -1 237.91328430175781 83.85052490234375 -1 241.46163940429688 99.669486999511719 976 107.3779296875 145.86875915527344 -1 195.11335754394531 227.63285827636719 -1 172.86167907714844 80.635574340820312 733 235.49214172363281 78.680305480957031 -1 21.467430114746094 69.007369995117188 -1 26.011451721191406 65.915748596191406 935 33.094814300537109 47.519176483154297 -1 116.82565307617188 36.664840698242188 1003 166.22708129882812 89.145095825195312 1319 107.3779296875 145.86875915527344 -1 90.753860473632812 5.7106118202209473 -1 119.72840881347656 34.82708740234375 1003 95.988990783691406 25.086223602294922 -1 111.16492462158203 85.848274230957031 716 191.14076232910156 237.25314331054688 -1 91.677970886230469 12.463637351989746 -1 21.467430114746094 69.007369995117188 -1 181.11106872558594 89.066413879394531 47 232.85299682617188 89.6710205078125 -1 112.05558013916016 6.2200942039489746 1005 112.05558013916016 6.2200942039489746 638 
97 0.97675811049485139 0.21071059981610926 -0.035754086871127432 -0.016318148782116213 0.60322078986963823 -0.28298917515363575 0.23921006031628236 1 000096.png
102.30867767333984 84.055770874023438 -1 121.20504760742188 202.62409973144531 -1 189.21035766601562 64.818748474121094 -1 34.242481231689453 77.827713012695312 1007 213.55097961425781 211.22389221191406 1034 34.242481231689453 77.827713012695312 -1 213.55097961425781 211.22389221191406 1062 91.976737976074219 26.313533782958984 1009 180.60870361328125 31.13365364074707 -1 114.4678955078125 25.909219741821289 723 157.94517517089844 36.479175567626953 756 40.466743469238281 53.033561706542969 1065 186.38203430175781 55.312877655029297 -1 171.074462890625 111.24840545654297 -1 114.35590362548828 175.47590637207031 -1 114.35590362548828 175.47590637207031 -1 235.31210327148438 112.80366516113281 1327 205.62800598144531 65.070510864257812 -1 213.93853759765625 83.575088500976562 -1 233.60462951660156 95.029876708984375 -1 233.60462951660156 95.029876708984375 -1 127.39437866210938 14.954631805419922 791 166.85089111328125 79.464073181152344 725 220.60020446777344 106.29471588134766 -1 211.37823486328125 133.88284301757812 1371 195.15385437011719 145.10250854492188 1216 178.69938659667969 242.66888427734375 -1 188.96675109863281 53.036502838134766 1326 166.85089111328125 79.464073181152344 771 120.76072692871094 37.907756805419922 -1 223.49909973144531 74.722198486328125 -1 15.925402641296387 64.388534545898438 1015 49.901725769042969 51.420555114746094 1089 101.76479339599609 32.519580841064453 623 172.22064208984375 51.235172271728516 693 15.925402641296387 64.388534545898438 1066 246.32939147949219 90.089607238769531 1349 246.99360656738281 181.97856140136719 -1 89.130615234375 3.1682653427124023 -1 89.130615234375 3.1682653427124023 -1 166.15214538574219 35.751716613769531 646 156.63301086425781 77.065536499023438 694 154.14457702636719 90.332450866699219 802 29.361763000488281 56.097015380859375 1162 199.79005432128906 200.68214416503906 1039 8.1939563751220703 79.478630065917969 1067 224.04621887207031 84.718734741210938 -1 19.166826248168945 73.057441711425781 1016 188.83425903320312 134.93095397949219 -1 250.1241455078125 231.45616149902344 -1 174.392578125 95.071685791015625 697 168.1063232421875 91.094635009765625 -1 174.392578125 95.071685791015625 292 168.1063232421875 91.094635009765625 1319 156.63301086425781 77.065536499023438 16 19.166826248168945 73.057441711425781 1302 19.166826248168945 73.057441711425781 1301 156.63301086425781 77.065536499023438 627 224.04621887207031 84.718734741210938 -1 154.14457702636719 90.332450866699219 -1 102.40708923339844 43.659839630126953 -1 24.406675338745117 65.818595886230469 1020 24.406675338745117 65.818595886230469 1025 134.30538940429688 33.558662414550781 -1 228.73269653320312 102.64248657226562 -1 103.59014129638672 50.653129577636719 720 180.65547180175781 44.521266937255859 597 24.406675338745117 65.818595886230469 1019 225.48207092285156 118.41915130615234 1121 201.29988098144531 242.29725646972656 -1 244.85530090332031 105.61109161376953 -1 44.529476165771484 33.603729248046875 -1 228.73269653320312 102.64248657226562 -1 134.30538940429688 33.558662414550781 -1 163.47348022460938 103.23477172851562 432 197.02079772949219 84.233253479003906 -1 163.47348022460938 103.23477172851562 818 52.423191070556641 51.603458404541016 1089 178.20162963867188 53.387596130371094 701 22.829914093017578 57.998981475830078 1024 169.92156982421875 63.185619354248047 599 243.98539733886719 85.117919921875 1029 172.22843933105469 87.950340270996094 611 220.03302001953125 92.012908935546875 -1 78.650482177734375 252.06474304199219 -1 180.14274597167969 94.203819274902344 491 93.821548461914062 26.30986213684082 -1 114.90251922607422 6.7636556625366211 638 92.552337646484375 19.554231643676758 -1 112.97027587890625 43.755168914794922 631 164.8184814453125 48.840450286865234 695 164.8184814453125 48.840450286865234 596 22.829914093017578 57.998981475830078 1018 169.92156982421875 63.185619354248047 25 243.98539733886719 85.117919921875 -1 132.9178466796875 183.89546203613281 706 128.83767700195312 36.815895080566406 -1 63.098217010498047 44.972457885742188 -1 128.03326416015625 33.386909484863281 1322 4.6962032318115234 49.660987854003906 -1 197.66177368164062 129.09445190429688 -1 114.04227447509766 2.1772956848144531 732 94.003387451171875 5.3251590728759766 -1 100.43453979492188 8.5391435623168945 1328 103.98509216308594 9.6394205093383789 1328 151.55740356445312 75.7138671875 43 25.343692779541016 53.931110382080078 1162 237.06062316894531 91.620773315429688 -1 244.5504150390625 96.222122192382812 -1 166.94432067871094 109.12009429931641 -1 94.003387451171875 5.3251590728759766 -1 166.94432067871094 109.12009429931641 -1 132.9178466796875 183.89546203613281 759 252.05511474609375 101.14788818359375 -1 244.25450134277344 102.08946228027344 -1 166.94432067871094 109.12009429931641 -1 74.982452392578125 37.564540863037109 -1 116.88209533691406 36.638633728027344 1003 217.41166687011719 144.55253601074219 -1 126.72419738769531 30.640256881713867 1322 27.532793045043945 26.890522003173828 -1 92.759147644042969 11.338829040527344 -1 108.84971618652344 35.929176330566406 1325 166.22456359863281 89.1641845703125 603 247.52731323242188 101.55792236328125 -1 177.63388061523438 78.723312377929688 -1 192.51445007324219 125.93315124511719 1053 232.68379211425781 83.531684875488281 1054 27.532793045043945 26.890522003173828 -1 108.84971618652344 35.929176330566406 827 224.20489501953125 76.399986267089844 1055 166.22456359863281 89.1641845703125 1319 247.52731323242188 101.55792236328125 -1 30.177452087402344 63.524471282958984 935 31.656013488769531 59.428401947021484 1056 40.994361877441406 40.682453155517578 -1 6.9351696968078613 53.899703979492188 -1 53.077854156494141 47.884346008300781 904 169.58441162109375 40.047134399414062 620 123.0775146484375 39.456005096435547 883 169.58441162109375 40.047134399414062 -1 181.12394714355469 89.0723876953125 47 
98 0.97674086902858837 0.21073730036277738 -0.035880102953825758 -0.016723732152527267 0.60391791195957245 -0.28570095149255625 0.25435304902307132 1 000097.png
103.34099578857422 84.505950927734375 -1 81.712806701660156 43.220970153808594 -1 113.55023956298828 209.41802978515625 -1 81.712806701660156 43.220970153808594 -1 188.57647705078125 63.694839477539062 -1 38.119789123535156 77.3199462890625 1007 126.31793212890625 151.93522644042969 -1 212.01969909667969 198.72752380371094 1062 212.01969909667969 198.72752380371094 1034 92.799301147460938 25.911045074462891 765 180.79313659667969 31.282882690429688 -1 218.67941284179688 233.81575012207031 -1 114.52159118652344 25.825700759887695 723 158.59519958496094 36.823429107666016 756 45.966907501220703 50.792469024658203 1065 70.204002380371094 200.92575073242188 -1 191.29531860351562 235.22720336914062 -1 114.52159118652344 25.825700759887695 -1 232.92692565917969 107.34888458251953 1163 128.48492431640625 16.159221649169922 624 120.64295959472656 38.011531829833984 -1 11.018368721008301 53.699630737304688 -1 188.83583068847656 53.132606506347656 1326 204.66838073730469 63.289768218994141 -1 166.78515625 79.659568786621094 725 212.24484252929688 80.052223205566406 -1 231.62144470214844 90.52978515625 -1 170.67941284179688 106.55177307128906 -1 210.15132141113281 127.99427795410156 1371 11.018368721008301 53.699630737304688 -1 220.38420104980469 71.900993347167969 -1 243.32435607910156 86.957427978515625 1349 246.41081237792969 111.39816284179688 -1 53.378681182861328 49.560867309570312 1089 93.062751770019531 7.6862034797668457 -1 219.19270324707031 101.71976470947266 -1 23.361259460449219 59.838935852050781 1015 243.32435607910156 86.957427978515625 1029 247.29252624511719 219.20368957519531 -1 172.21368408203125 51.176315307617188 693 214.42857360839844 247.20303344726562 -1 31.630313873291016 58.173599243164062 1012 247.29252624511719 219.20368957519531 -1 237.48921203613281 149.82406616210938 1103 23.361259460449219 59.838935852050781 1066 156.6026611328125 77.270423889160156 16 134.88771057128906 34.514034271240234 774 156.6026611328125 77.270423889160156 627 194.00027465820312 54.080623626708984 1326 156.6026611328125 77.270423889160156 694 188.21878051757812 129.08360290527344 -1 199.2811279296875 189.93328857421875 1039 80.265548706054688 245.5364990234375 -1 174.35420227050781 95.039016723632812 697 134.88771057128906 34.514034271240234 -1 174.35420227050781 95.039016723632812 292 92.703483581542969 5.9491062164306641 -1 102.68055725097656 44.057907104492188 -1 180.60983276367188 44.521003723144531 597 158.06411743164062 102.94566345214844 -1 183.50753784179688 123.71751403808594 1104 222.34336853027344 80.946037292480469 -1 196.42353820800781 80.501655578613281 -1 16.119972229003906 75.231498718261719 1067 35.861492156982422 52.988170623779297 1162 223.73577880859375 112.71642303466797 1121 26.569868087768555 68.894989013671875 1302 26.569868087768555 68.894989013671875 1016 31.439201354980469 61.950294494628906 1019 222.34336853027344 80.946037292480469 -1 31.439201354980469 61.950294494628906 1020 31.439201354980469 61.950294494628906 1025 92.703483581542969 5.9491062164306641 -1 164.67984008789062 48.646381378173828 695 201.14657592773438 57.740215301513672 696 53.463600158691406 41.741634368896484 899 53.463600158691406 41.741634368896484 900 235.11463928222656 156.03541564941406 1355 132.59774780273438 182.86100769042969 706 30.267454147338867 54.125881195068359 1018 169.88932800292969 63.228759765625 25 164.16958618164062 102.37670135498047 818 246.88291931152344 108.65597534179688 -1 109.24626922607422 35.148815155029297 1325 13.617330551147461 45.377780914306641 -1 104.01480102539062 50.169601440429688 720 16.70794677734375 51.180335998535156 -1 178.36436462402344 53.222274780273438 701 30.267454147338867 54.125881195068359 1024 169.88932800292969 63.228759765625 599 218.58155822753906 87.904777526855469 -1 180.14108276367188 94.167106628417969 491 236.42941284179688 98.330192565917969 1145 242.11796569824219 100.73610687255859 -1 164.16958618164062 102.37670135498047 432 246.88291931152344 108.65597534179688 -1 242.11225891113281 91.941986083984375 -1 248.86190795898438 96.285110473632812 -1 100.05607604980469 8.2553634643554688 -1 95.988311767578125 25.817853927612305 -1 240.44596862792969 82.411453247070312 1029 236.01467895507812 79.403671264648438 -1 126.24232482910156 30.66493034362793 1322 234.64205932617188 87.498756408691406 -1 128.24703979492188 33.255344390869141 1322 248.86190795898438 96.285110473632812 1112 242.11225891113281 91.941986083984375 -1 238.57554626464844 155.02218627929688 -1 201.07160949707031 227.54878234863281 -1 100.05607604980469 8.2553634643554688 711 70.711219787597656 40.851226806640625 -1 62.531532287597656 45.566913604736328 -1 3.9481122493743896 47.344406127929688 -1 5.9426383972167969 50.123943328857422 -1 100.05607604980469 8.2553634643554688 1328 26.052986145019531 55.583980560302734 -1 151.54255676269531 75.694709777832031 43 167.4940185546875 104.61686706542969 -1 111.31237030029297 6.1503353118896484 638 241.2093505859375 97.189071655273438 -1 165.97262573242188 101.39179992675781 -1 179.64048767089844 110.90402221679688 -1 179.51377868652344 113.83821105957031 -1 150.33648681640625 124.09719848632812 -1 195.1893310546875 137.86090087890625 -1 233.90423583984375 92.656585693359375 -1 130.75498962402344 35.218116760253906 -1 166.23591613769531 89.182998657226562 603 224.28005981445312 87.779899597167969 -1 111.13294219970703 85.74603271484375 716 172.59181213378906 80.670646667480469 733 230.55305480957031 79.938018798828125 1054 236.03114318847656 75.954963684082031 -1 230.80209350585938 75.547752380371094 1006 27.879182815551758 65.357467651367188 -1 36.999275207519531 59.700782775878906 935 8.0805702209472656 58.41217041015625 1185 38.473575592041016 56.316318511962891 1056 31.773929595947266 50.612022399902344 1162 190.08859252929688 49.498031616210938 1326 7.0279622077941895 47.016208648681641 -1 111.31237030029297 6.1503353118896484 1005 169.68995666503906 40.068641662597656 620 169.68995666503906 40.068641662597656 -1 27.879182815551758 65.357467651367188 -1 230.55305480957031 79.938018798828125 -1 165.97262573242188 101.39179992675781 -1 167.4940185546875 104.61686706542969 -1 167.4940185546875 104.61686706542969 -1 150.33648681640625 124.09719848632812 -1 166.23591613769531 89.182998657226562 1319 241.2093505859375 97.189071655273438 -1 56.777091979980469 46.011974334716797 904 8.2565956115722656 55.396305084228516 1185 116.94982147216797 36.62554931640625 1003 40.395233154296875 38.073902130126953 -1 40.395233154296875 38.073902130126953 -1 170.83381652832031 107.20688629150391 -1 34.683006286621094 24.774299621582031 -1 34.683006286621094 24.774299621582031 -1 181.09202575683594 89.043365478515625 47 170.83381652832031 107.20688629150391 -1 181.09202575683594 89.043365478515625 49 229.9051513671875 88.970420837402344 -1 34.683006286621094 24.774299621582031 -1 
99 0.97674982397653509 0.2106397059749204 -0.035924710846127923 -0.017323705701408534 0.60415170185508804 -0.28779829282370939 0.2637353430902814 1 000098.png
104.05667877197266 83.553443908691406 -1 81.825096130371094 40.470493316650391 -1 81.825096130371094 40.470493316650391 -1 41.237911224365234 76.136680603027344 1007 188.28253173828125 63.477241516113281 -1 126.40015411376953 150.82168579101562 -1 117.2008056640625 224.10691833496094 -1 92.779258728027344 26.02088737487793 1009 180.90486145019531 31.385133743286133 -1 210.84272766113281 190.80851745605469 1062 219.78108215332031 226.3460693359375 -1 210.84272766113281 190.80851745605469 1034 219.78108215332031 226.3460693359375 -1 12.189416885375977 72.187637329101562 1173 192.43984985351562 227.79803466796875 -1 158.9830322265625 37.042476654052734 756 114.5115966796875 25.797161102294922 -1 12.189416885375977 72.187637329101562 -1 114.5115966796875 25.797161102294922 723 128.40646362304688 16.00145149230957 624 49.236244201660156 49.329116821289062 1065 244.76443481445312 133.11209106445312 -1 232.38742065429688 103.77683258056641 1163 120.49019622802734 38.097560882568359 -1 189.5406494140625 53.243766784667969 1326 211.39080810546875 77.800140380859375 -1 166.81741333007812 79.554847717285156 725 210.11935424804688 124.11474609375 1371 244.3824462890625 170.81309509277344 -1 180.78849792480469 219.17109680175781 -1 78.452690124511719 233.52383422851562 -1 10.427824974060059 61.053813934326172 -1 180.78849792480469 219.17109680175781 -1 78.452690124511719 233.52383422851562 -1 10.427824974060059 61.053813934326172 -1 87.881385803222656 220.53221130371094 -1 245.6051025390625 107.34618377685547 -1 172.09332275390625 51.105213165283203 693 170.68730163574219 103.41988372802734 -1 219.08805847167969 98.582763671875 -1 231.42155456542969 87.437088012695312 -1 204.61666870117188 62.204521179199219 -1 35.438430786132812 56.749324798583984 1012 55.111804962158203 48.427803039550781 1089 151.96481323242188 46.94537353515625 -1 94.28582763671875 8.5057010650634766 -1 219.08805847167969 98.582763671875 -1 27.554611206054688 58.321632385253906 1066 19.540182113647461 72.827857971191406 1067 156.60231018066406 77.297439575195312 694 162.0478515625 85.388648986816406 1138 154.16932678222656 90.37353515625 802 174.25587463378906 95.092933654785156 292 199.62786865234375 183.98580932617188 1039 196.10423278808594 204.61537170410156 -1 222.44728088378906 246.4954833984375 -1 194.99749755859375 134.31684875488281 1216 250.85780334472656 235.65713500976562 -1 156.60231018066406 77.297439575195312 16 7.0244441032409668 50.943382263183594 1137 27.554611206054688 58.321632385253906 1015 156.60231018066406 77.297439575195312 627 154.16932678222656 90.37353515625 -1 174.25587463378906 95.092933654785156 697 222.44728088378906 246.4954833984375 -1 193.93238830566406 54.130458831787109 1326 233.60832214355469 79.136505126953125 -1 168.36271667480469 91.338462829589844 1319 222.0345458984375 77.988296508789062 -1 30.614978790283203 66.730506896972656 1016 242.50352478027344 84.949729919433594 -1 225.51156616210938 139.12239074707031 1336 35.159229278564453 59.786376953125 1019 35.159229278564453 59.786376953125 1020 196.67640686035156 77.54754638671875 -1 218.88751220703125 69.771087646484375 -1 35.159229278564453 59.786376953125 1025 39.850959777832031 51.323574066162109 1162 180.55648803710938 44.473686218261719 597 102.3062744140625 44.811138153076172 -1 166.26625061035156 35.780170440673828 646 184.23262023925781 120.51874542236328 1104 222.0345458984375 77.988296508789062 -1 151.70339965820312 103.46187591552734 -1 169.92050170898438 109.80315399169922 -1 242.50352478027344 84.949729919433594 1029 223.30401611328125 109.26271057128906 1121 169.92050170898438 109.80315399169922 -1 168.36271667480469 91.338462829589844 -1 151.70339965820312 103.46187591552734 362 158.24432373046875 102.43633270263672 -1 172.38357543945312 87.825653076171875 611 188.8502197265625 117.92090606689453 -1 121.13002777099609 26.472099304199219 648 114.73112487792969 7.2758932113647461 638 121.13002777099609 26.472099304199219 630 58.285808563232422 48.389766693115234 1089 164.88829040527344 48.915077209472656 695 34.038776397705078 52.313041687011719 1024 178.19496154785156 53.452232360839844 701 169.90541076660156 63.218067169189453 599 218.29782104492188 84.782707214355469 -1 250.18643188476562 89.5859375 1078 235.77754211425781 94.960830688476562 1145 241.13833618164062 96.834877014160156 -1 246.10810852050781 105.26546478271484 -1 201.45402526855469 219.41474914550781 -1 180.13282775878906 94.142173767089844 491 174.33457946777344 52.894706726074219 870 93.167564392089844 5.1139950752258301 -1 104.07343292236328 9.5106897354125977 1328 96.926193237304688 24.990554809570312 -1 155.53132629394531 28.236663818359375 -1 50.769126892089844 31.463207244873047 -1 133.74017333984375 33.047111511230469 -1 6.85919189453125 41.410362243652344 -1 18.360069274902344 43.462383270263672 -1 133.74017333984375 33.047111511230469 -1 34.038776397705078 52.313041687011719 1018 169.90541076660156 63.218067169189453 25 246.10810852050781 105.26546478271484 -1 100.05149841308594 8.2647342681884766 1328 97.2476806640625 14.109653472900391 -1 126.24739074707031 30.701377868652344 1322 128.0274658203125 33.441310882568359 1322 8.9856252670288086 33.928916931152344 -1 119.98274230957031 34.646224975585938 1003 109.12776184082031 35.206340789794922 1325 11.022343635559082 37.198184967041016 -1 182.23091125488281 41.009479522705078 -1 155.19364929199219 27.336545944213867 -1 166.84262084960938 41.564643859863281 -1 16.532279968261719 46.930194854736328 -1 36.597202301025391 48.969650268554688 1162 110.98021697998047 6.0767450332641602 638 151.53677368164062 75.715194702148438 43 228.43614196777344 79.038742065429688 -1 184.83683776855469 66.908966064453125 -1 240.91900634765625 88.529701232910156 -1 41.952045440673828 53.794513702392578 1056 132.55459594726562 183.25679016113281 706 247.77247619628906 92.955818176269531 -1 240.91900634765625 88.529701232910156 -1 100.05149841308594 8.2647342681884766 -1 166.84262084960938 41.564643859863281 620 247.77247619628906 92.955818176269531 -1 229.531005859375 85.759521484375 -1 166.28684997558594 101.24402618408203 -1 107.61956024169922 70.356803894042969 -1 12.535444259643555 56.682891845703125 1185 12.409163475036621 53.784088134765625 -1 59.083465576171875 44.605400085449219 904 2.3734643459320068 37.060600280761719 -1 116.80779266357422 36.696300506591797 1003 2.433901309967041 32.484767913818359 -1 192.60395812988281 116.85330963134766 1053 2.3734643459320068 37.060600280761719 -1 107.61956024169922 70.356803894042969 -1 166.28684997558594 101.24402618408203 818 150.32164001464844 123.99619293212891 -1 243.81883239746094 93.840957641601562 -1 177.45687866210938 105.14752197265625 -1 145.23101806640625 122.87834167480469 1311 166.20286560058594 89.094024658203125 603 150.32164001464844 123.99619293212891 -1 114.48957824707031 131.89839172363281 1088 166.20286560058594 89.094024658203125 1319 229.60189819335938 79.547111511230469 -1 40.208797454833984 58.135486602783203 935 3.8752601146697998 21.1865234375 -1 181.06663513183594 89.041221618652344 49 190.10414123535156 49.506484985351562 1326 181.06663513183594 89.041221618652344 47 
100 0.97678955995112748 0.21053451829883474 -0.0357542135488444 -0.016703544194693297 0.60534659742673402 -0.28958115866162504 0.28016203440784121 1 000099.png
105.17421722412109 81.228935241699219 -1 95.23773193359375 138.854736328125 -1 95.23773193359375 138.854736328125 -1 84.0328369140625 37.180187225341797 -1 84.0328369140625 37.180187225341797 -1 188.07942199707031 63.173095703125 -1 45.741012573242188 72.379493713378906 1007 126.35455322265625 150.3719482421875 -1 45.741012573242188 72.379493713378906 -1 92.102157592773438 27.016674041748047 765 181.12242126464844 31.560966491699219 -1 65.317169189453125 210.189453125 -1 245.49664306640625 210.73179626464844 1172 217.82247924804688 212.794189453125 -1 65.317169189453125 210.189453125 -1 217.82247924804688 212.794189453125 -1 193.3505859375 214.31546020507812 -1 193.3505859375 214.31546020507812 -1 114.58719635009766 25.718704223632812 -1 159.52145385742188 37.435028076171875 756 18.872173309326172 67.315628051757812 1173 118.65171051025391 217.49090576171875 -1 128.50003051757812 15.978239059448242 624 54.1641845703125 47.076725006103516 1065 230.73970031738281 98.202789306640625 1163 243.05226135253906 126.35917663574219 1131 120.42963409423828 38.201911926269531 -1 34.879009246826172 70.913719177246094 -1 166.87104797363281 79.583488464355469 725 248.41264343261719 92.336524963378906 1349 190.25738525390625 53.4664306640625 1326 82.688179016113281 221.80128479003906 -1 247.42950439453125 220.30406188964844 -1 41.867031097412109 52.953327178955078 1012 7.3600201606750488 53.770164489746094 -1 7.3600201606750488 53.770164489746094 -1 229.4302978515625 83.033836364746094 -1 243.37797546386719 101.98812103271484 -1 217.83824157714844 93.44451904296875 -1 234.96089172363281 137.97817993164062 1103 217.83824157714844 93.44451904296875 -1 172.17068481445312 50.768688201904297 693 111.40755462646484 240.5758056640625 -1 156.63728332519531 77.393623352050781 694 174.20816040039062 95.119155883789062 697 156.63728332519531 77.393623352050781 627 15.066965103149414 46.891277313232422 1137 34.451187133789062 54.341728210449219 1015 193.9080810546875 54.240039825439453 1326 202.86576843261719 59.750308990478516 696 174.20816040039062 95.119155883789062 292 156.30908203125 118.42340087890625 -1 89.844207763671875 223.55227661132812 1166 69.59765625 252.2879638671875 -1 156.63728332519531 77.393623352050781 16 199.01412963867188 172.92164611816406 1039 102.08029937744141 44.226593017578125 -1 11.052569389343262 39.754470825195312 -1 157.52995300292969 30.870817184448242 -1 34.451187133789062 54.341728210449219 1066 220.15657043457031 229.04743957519531 -1 6.3416309356689453 30.379978179931641 -1 133.87263488769531 33.365882873535156 -1 172.35125732421875 87.795783996582031 611 158.135009765625 102.88350677490234 -1 167.85392761230469 91.026695251464844 1319 37.121963500976562 62.727222442626953 1016 27.296045303344727 68.559364318847656 1067 106.62733459472656 252.23248291015625 -1 96.737518310546875 17.576370239257812 -1 151.69400024414062 103.54129028320312 -1 133.87263488769531 33.365882873535156 -1 221.952392578125 103.56869506835938 1121 151.69400024414062 103.54129028320312 362 164.79887390136719 48.277267456054688 695 121.28366088867188 26.487462997436523 648 121.28366088867188 26.487462997436523 630 40.524070739746094 48.867244720458984 1018 41.525650024414062 56.207298278808594 1019 41.525650024414062 56.207298278808594 1020 169.90145874023438 63.243328094482422 25 224.82380676269531 89.925033569335938 -1 242.62823486328125 105.28961181640625 -1 227.3328857421875 74.309288024902344 1006 93.319412231445312 4.9817962646484375 -1 114.19178771972656 7.1474967002868652 638 109.15160369873047 23.900089263916016 -1 11.691697120666504 33.418014526367188 -1 167.13604736328125 35.680671691894531 646 59.202831268310547 38.404144287109375 899 112.94068908691406 43.791358947753906 631 180.3072509765625 44.214870452880859 597 62.015289306640625 45.917373657226562 1089 169.32994079589844 46.855682373046875 753 40.524070739746094 48.867244720458984 1024 178.31730651855469 53.269649505615234 701 41.525650024414062 56.207298278808594 1025 169.90145874023438 63.243328094482422 599 218.35719299316406 68.388015747070312 -1 217.15476989746094 80.181877136230469 -1 224.82380676269531 89.925033569335938 -1 233.81781005859375 89.887748718261719 1145 239.11515808105469 91.894889831542969 -1 180.13157653808594 94.04937744140625 491 251.4432373046875 103.78715515136719 -1 242.62823486328125 105.28961181640625 -1 185.41181945800781 114.20236968994141 1104 233.47564697265625 239.30670166015625 -1 121.16290283203125 252.28883361816406 -1 59.202831268310547 38.404144287109375 900 18.592676162719727 27.392282485961914 -1 252.11557006835938 90.108505249023438 1078 20.203813552856445 30.072830200195312 -1 221.04812622070312 73.637351989746094 -1 174.49198913574219 53.114368438720703 870 231.84053039550781 139.46905517578125 -1 243.61534118652344 99.398551940917969 -1 196.48165893554688 74.08416748046875 -1 114.10465240478516 2.0095484256744385 732 221.04812622070312 73.637351989746094 -1 126.24582672119141 30.691835403442383 1322 128.06085205078125 33.383106231689453 1322 109.16628265380859 35.234703063964844 1325 15.154520988464355 37.556716918945312 -1 234.934814453125 145.52854919433594 -1 151.58415222167969 75.683319091796875 43 25.926937103271484 40.773075103759766 -1 17.6092529296875 42.024658203125 1379 243.61534118652344 99.398551940917969 -1 116.92948913574219 36.635810852050781 1003 21.537010192871094 38.188945770263672 -1 238.46467590332031 148.06539916992188 -1 166.23023986816406 89.247398376464844 603 19.353002548217773 44.768074035644531 -1 180.98519897460938 105.84659576416016 -1 201.91781616210938 118.06573486328125 -1 201.91781616210938 118.06573486328125 -1 238.39346313476562 88.497383117675781 -1 111.08388519287109 85.522026062011719 716 172.47274780273438 80.935791015625 733 236.98649597167969 79.988113403320312 -1 222.42750549316406 79.8402099609375 -1 6.9536151885986328 72.116043090820312 -1 4.3508377075195312 67.356040954589844 -1 8.4087009429931641 31.574880599975586 -1 46.453598022460938 54.144054412841797 935 20.773767471313477 52.7437744140625 1185 42.617088317871094 45.445823669433594 1162 27.562580108642578 44.946479797363281 -1 238.39346313476562 88.497383117675781 -1 166.23023986816406 89.247398376464844 1319 62.404033660888672 42.367160797119141 904 6.9536151885986328 72.116043090820312 -1 180.76783752441406 102.49793243408203 -1 210.31166076660156 124.29006958007812 -1 209.67616271972656 126.9620361328125 -1 227.98335266113281 136.88713073730469 -1 227.74435424804688 143.12689208984375 -1 162.58486938476562 28.897714614868164 -1 145.19041442871094 123.05527496337891 1311 181.06153869628906 89.035087585449219 49 70.970878601074219 175.71823120117188 -1 181.06153869628906 89.035087585449219 47 70.970878601074219 175.71823120117188 -1 223.43026733398438 70.801841735839844 -1 168.19927978515625 50.973747253417969 -1 
101 0.97676867873138129 0.21063563122273643 -0.035880373567038278 -0.016376138172383602 0.60654245084964731 -0.29167693375230958 0.29838001723597363 1 000100.png
106.74102020263672 80.339309692382812 -1 102.32157135009766 204.93716430664062 -1 83.702659606933594 36.644977569580078 -1 181.351806640625 31.804010391235352 -1 49.642654418945312 69.696937561035156 -1 187.9796142578125 62.441310882568359 -1 49.642654418945312 69.696937561035156 1007 125.99717712402344 150.32749938964844 -1 179.51753234863281 178.76643371582031 -1 46.683433532714844 229.51454162597656 -1 121.5616455078125 232.19137573242188 1287 179.51753234863281 178.76643371582031 -1 46.683433532714844 229.51454162597656 1408 241.73602294921875 198.06834411621094 1172 241.73602294921875 198.06834411621094 -1 114.55010223388672 25.710258483886719 -1 160.01821899414062 37.694683074951172 756 25.146541595458984 63.265205383300781 1173 208.63951110839844 168.94593811035156 1062 217.30833435058594 201.71890258789062 -1 217.30833435058594 201.71890258789062 1170 217.30833435058594 201.71890258789062 -1 208.63951110839844 168.94593811035156 1034 91.88922119140625 204.80351257324219 -1 68.276824951171875 241.42677307128906 -1 91.88922119140625 204.80351257324219 1193 84.475730895996094 173.68374633789062 -1 84.475730895996094 173.68374633789062 1331 240.47357177734375 120.24412536621094 -1 228.86849975585938 93.327316284179688 1163 128.83863830566406 16.322263717651367 791 84.475730895996094 173.68374633789062 1346 59.133571624755859 45.275653839111328 1065 12.791316986083984 50.304164886474609 -1 166.86756896972656 79.78753662109375 725 12.258174896240234 104.45635223388672 -1 141.18531799316406 169.57147216796875 -1 141.18531799316406 169.57147216796875 -1 12.258174896240234 104.45635223388672 -1 128.29621887207031 235.50320434570312 -1 114.40113830566406 243.15492248535156 1352 147.35479736328125 254.80392456054688 1246 30.727392196655273 44.957180023193359 -1 128.29621887207031 235.50320434570312 1202 5.9859409332275391 79.15924072265625 -1 216.43963623046875 89.030364990234375 -1 245.88583374023438 89.491432189941406 1349 240.53770446777344 96.707778930664062 -1 208.2794189453125 113.44989013671875 1371 157.95362854003906 115.18777465820312 -1 194.41770935058594 122.12432861328125 1216 119.87601470947266 162.12394714355469 -1 95.35009765625 179.21730041503906 -1 117.07893371582031 224.43161010742188 1201 110.91329956054688 234.35044860839844 -1 117.07893371582031 224.43161010742188 -1 194.41770935058594 122.12432861328125 1390 216.43963623046875 89.030364990234375 -1 5.9859409332275391 79.15924072265625 -1 30.727392196655273 44.957180023193359 -1 30.727392196655273 44.957180023193359 1359 47.903736114501953 49.607978820800781 1012 172.1234130859375 50.484237670898438 693 69.704887390136719 249.68040466308594 -1 154.30033874511719 252.47514343261719 -1 203.53038024902344 125.59317779541016 -1 227.62686157226562 79.922698974609375 956 76.976997375488281 235.54432678222656 -1 218.69541931152344 213.79638671875 1347 40.848251342773438 50.664283752441406 1066 156.66358947753906 77.565132141113281 16 156.66358947753906 77.565132141113281 627 154.15908813476562 90.482818603515625 -1 168.43205261230469 91.432807922363281 -1 168.43205261230469 91.432807922363281 603 174.225830078125 95.084281921386719 292 22.284929275512695 43.101554870605469 1137 40.848251342773438 50.664283752441406 1015 33.399566650390625 64.536369323730469 1067 156.66358947753906 77.565132141113281 694 161.97352600097656 85.626655578613281 1138 154.15908813476562 90.482818603515625 802 168.43205261230469 91.432807922363281 1319 174.225830078125 95.084281921386719 697 179.71699523925781 100.82342529296875 -1 233.19369506835938 111.09304046630859 -1 203.53038024902344 125.59317779541016 -1 232.37245178222656 131.53878784179688 1103 95.449882507324219 210.37632751464844 1166 179.71699523925781 100.82342529296875 -1 120.47125244140625 234.35137939453125 1253 64.385818481445312 235.75030517578125 1207 76.976997375488281 235.54432678222656 1251 102.77571868896484 43.9991455078125 -1 43.373031616210938 59.184722900390625 1016 5.9018411636352539 61.301288604736328 -1 172.37745666503906 87.816581726074219 611 220.34901428222656 98.749160766601562 1121 248.96575927734375 99.050048828125 -1 158.07359313964844 103.18851470947266 -1 151.76695251464844 103.53056335449219 -1 198.441650390625 165.35523986816406 1039 199.22018432617188 189.09700012207031 1337 82.214759826660156 211.60392761230469 1210 31.509248733520508 222.66387939453125 1348 97.180397033691406 17.596334457397461 -1 151.76695251464844 103.53056335449219 362 199.22018432617188 189.09700012207031 1339 163.97308349609375 102.29041290283203 432 121.34368896484375 26.336284637451172 630 121.34368896484375 26.336284637451172 648 158.16130065917969 29.994295120239258 -1 164.83076477050781 48.479114532470703 695 163.97308349609375 102.29041290283203 818 180.2728271484375 44.283603668212891 597 133.569580078125 32.990116119384766 -1 91.095924377441406 9.5961627960205078 -1 79.593925476074219 243.31626892089844 1361 215.77522277832031 76.527854919433594 -1 46.775138854980469 45.631881713867188 1024 233.16329956054688 78.314315795898438 -1 46.775138854980469 45.631881713867188 1018 223.06207275390625 85.623008728027344 -1 79.593925476074219 243.31626892089844 1211 231.63124084472656 85.472175598144531 1145 236.72860717773438 87.379547119140625 -1 56.434543609619141 240.92469787597656 -1 180.15768432617188 94.001777648925781 491 239.52407836914062 83.396415710449219 1029 91.095924377441406 9.5961627960205078 -1 195.69596862792969 70.873329162597656 -1 47.529254913330078 52.780979156494141 1019 133.569580078125 32.990116119384766 -1 167.09721374511719 35.792091369628906 646 62.526042938232422 36.745754241943359 899 104.66442108154297 200.59284973144531 1209 51.375053405761719 44.81732177734375 1162 169.32203674316406 47.051738739013672 753 194.16065979003906 116.60315704345703 -1 226.21144104003906 110.38082122802734 -1 47.529254913330078 52.780979156494141 1025 178.28225708007812 53.319625854492188 701 201.51217651367188 57.812294006347656 696 169.92802429199219 63.23150634765625 599 25.904975891113281 70.839637756347656 -1 47.529254913330078 52.780979156494141 1020 223.06207275390625 85.623008728027344 -1 62.526042938232422 36.745754241943359 900 226.21144104003906 110.38082122802734 -1 56.434543609619141 240.92469787597656 1461 241.00025939941406 94.65185546875 -1 239.94972229003906 100.33897399902344 -1 132.16398620605469 182.58174133300781 706 142.51522827148438 250.44931030273438 -1 105.15686798095703 51.241931915283203 -1 251.51522827148438 89.958106994628906 1078 224.68472290039062 71.767768859863281 1006 114.10902404785156 1.9178268909454346 732 93.490798950195312 5.0410361289978027 -1 20.745176315307617 30.514965057373047 -1 128.23150634765625 33.283382415771484 1322 251.51522827148438 89.958106994628906 -1 241.00025939941406 94.65185546875 -1 239.94972229003906 100.33897399902344 -1 132.16398620605469 182.58174133300781 -1 105.15686798095703 51.241931915283203 -1 12.742383003234863 20.452602386474609 -1 28.672145843505859 46.325817108154297 1185 174.33560180664062 52.969860076904297 870 214.45068359375 65.371871948242188 -1 151.56657409667969 75.686859130859375 43 181.44026184082031 48.999721527099609 -1 15.933036804199219 51.483585357666016 -1 153.8515625 123.0994873046875 -1 83.389022827148438 206.21563720703125 -1 112.12599182128906 223.62608337402344 -1 131.51373291015625 237.76118469238281 -1 115.98764801025391 246.14385986328125 -1 185.63314819335938 108.62378692626953 1104 109.03297424316406 35.809894561767578 1325 196.70263671875 109.70907592773438 -1 215.24424743652344 62.900497436523438 -1 52.294025421142578 50.717464447021484 935 12.954482078552246 68.578987121582031 -1 7.4582610130310059 68.200271606445312 -1 10.364699363708496 66.7459716796875 -1 34.675548553466797 41.966850280761719 -1 12.151009559631348 61.308547973632812 -1 168.27435302734375 51.454837799072266 -1 32.986289978027344 37.935859680175781 -1 12.151009559631348 61.308547973632812 -1 12.151009559631348 61.308547973632812 -1 12.954482078552246 68.578987121582031 -1 225.10980224609375 75.418502807617188 -1 166.20285034179688 89.121025085449219 1319 181.03781127929688 88.986160278320312 49 131.51373291015625 237.76118469238281 -1 62.292945861816406 40.504356384277344 -1 181.44026184082031 48.999721527099609 -1 156.52276611328125 97.276191711425781 1158 181.03781127929688 88.986160278320312 47 166.20285034179688 89.121025085449219 603 31.415895462036133 40.478260040283203 -1 25.606082916259766 39.358112335205078 1379 22.338161468505859 38.037651062011719 -1 116.80811309814453 36.658443450927734 1003 111.05220794677734 85.273567199707031 716 19.983272552490234 33.532901763916016 -1 236.01194763183594 84.390220642089844 -1 222.54226684570312 80.474525451660156 -1 225.10980224609375 75.418502807617188 -1 25.164236068725586 72.376480102539062 -1 196.47909545898438 112.5599365234375 -1 180.45573425292969 100.85208892822266 -1 252.87612915039062 94.634353637695312 -1 252.87612915039062 94.634353637695312 -1 180.45573425292969 100.85208892822266 -1 
102 0.97677941885993436 0.21058771224944944 -0.035809484464825146 -0.016506458237777237 0.60708444934766159 -0.29290104608168843 0.3057293436225122 1 000101.png
108.68117523193359 77.280632019042969 -1 107.01477813720703 203.62393188476562 -1 210.59103393554688 201.96513366699219 1558 181.54466247558594 31.861425399780273 -1 122.12743377685547 227.63374328613281 1287 51.782535552978516 34.351871490478516 -1 86.230133056640625 33.699306488037109 -1 188.11851501464844 62.413074493408203 -1 52.534019470214844 68.121932983398438 1007 125.85912322998047 151.35737609863281 -1 180.03773498535156 174.14088439941406 -1 48.775474548339844 225.2376708984375 -1 48.775474548339844 225.2376708984375 -1 180.03773498535156 174.14088439941406 -1 52.534019470214844 68.121932983398438 -1 231.6767578125 232.02044677734375 1330 231.6767578125 232.02044677734375 -1 28.230417251586914 61.496654510498047 -1 160.14347839355469 37.694328308105469 756 232.27386474609375 89.007164001464844 -1 217.5128173828125 196.60240173339844 -1 217.5128173828125 196.60240173339844 1170 241.69851684570312 192.93888854980469 -1 208.46295166015625 164.4832763671875 1034 217.5128173828125 196.60240173339844 -1 232.27386474609375 89.007164001464844 1163 114.66410064697266 25.62005615234375 -1 241.69851684570312 192.93888854980469 1172 208.46295166015625 164.4832763671875 1062 28.230417251586914 61.496654510498047 1173 135.41549682617188 241.46730041503906 -1 95.044952392578125 198.92190551757812 1193 135.41549682617188 241.46730041503906 -1 71.643699645996094 234.47491455078125 -1 95.044952392578125 198.92190551757812 -1 86.012191772460938 170.77371215820312 1331 128.86184692382812 16.343038558959961 791 239.77972412109375 117.06759643554688 -1 86.012191772460938 170.77371215820312 1346 71.643699645996094 234.47491455078125 -1 140.70620727539062 171.47479248046875 -1 15.783846855163574 48.957126617431641 -1 120.4810791015625 38.143924713134766 -1 61.334056854248047 44.25103759765625 1065 242.68003845214844 244.55419921875 1333 140.70620727539062 171.47479248046875 -1 140.70620727539062 171.47479248046875 -1 166.83782958984375 79.915840148925781 725 216.2000732421875 71.564598083496094 -1 97.572357177734375 174.4451904296875 -1 130.35166931152344 228.48504638671875 1202 112.86836242675781 227.06968688964844 -1 119.45833587646484 217.69563293457031 1201 227.02536010742188 213.84700012207031 -1 245.06297302246094 88.027435302734375 1349 172.03097534179688 50.331008911132812 693 216.33705139160156 86.931175231933594 -1 43.730049133300781 65.052688598632812 -1 148.61386108398438 245.26531982421875 1246 117.12497711181641 235.66726684570312 1352 245.06297302246094 88.027435302734375 938 148.61386108398438 245.26531982421875 1332 232.68850708007812 108.23214721679688 -1 209.91778564453125 127.34309387207031 1178 232.22398376464844 128.57882690429688 1103 98.10028076171875 204.32113647460938 1166 218.15135192871094 206.95310974121094 1347 80.672416687011719 227.94880676269531 1251 122.56735229492188 227.19868469238281 1253 73.530258178710938 242.35121154785156 -1 155.4541015625 244.7047119140625 -1 61.350765228271484 245.88410949707031 1249 66.764366149902344 249.62509155273438 1377 194.79814147949219 119.19545745849609 1216 43.892070770263672 49.159137725830078 1066 134.93154907226562 34.413478851318359 774 18.237464904785156 25.864959716796875 -1 134.93154907226562 34.413478851318359 -1 23.093708038330078 36.490348815917969 -1 43.892070770263672 49.159137725830078 1015 36.385978698730469 62.91064453125 1067 156.64004516601562 77.718673706054688 694 7.2503519058227539 78.574432373046875 -1 161.83695983886719 85.96099853515625 1138 154.16973876953125 90.400978088378906 -1 168.7730712890625 91.669631958007812 1319 239.63334655761719 94.659454345703125 -1 174.22724914550781 95.115325927734375 697 168.7730712890625 91.669631958007812 603 156.64004516601562 77.718673706054688 16 156.64004516601562 77.718673706054688 627 7.2503519058227539 78.574432373046875 -1 154.16973876953125 90.400978088378906 802 168.7730712890625 91.669631958007812 -1 174.22724914550781 95.115325927734375 292 180.62028503417969 98.855979919433594 -1 182.1700439453125 107.24607086181641 -1 80.672416687011719 227.94880676269531 -1 180.62028503417969 98.855979919433594 -1 182.1700439453125 107.24607086181641 -1 199.33695983886719 183.83290100097656 1337 118.65310668945312 163.09593200683594 -1 118.65310668945312 163.09593200683594 -1 151.75115966796875 103.57842254638672 362 46.532283782958984 57.694820404052734 1016 180.38478088378906 44.466575622558594 597 102.65601348876953 43.902271270751953 -1 97.185920715332031 17.875932693481445 -1 184.29061889648438 107.67173767089844 -1 198.56002807617188 161.44752502441406 1039 151.75115966796875 103.57842254638672 -1 220.03437805175781 96.485763549804688 1121 172.41903686523438 87.8868408203125 611 227.19728088378906 78.373680114746094 956 247.94334411621094 96.1553955078125 -1 8.9612627029418945 60.016353607177734 -1 158.70143127441406 30.305538177490234 -1 121.41190338134766 26.325082778930664 648 121.41190338134766 26.325082778930664 630 184.38748168945312 67.41943359375 -1 196.04464721679688 68.687248229980469 -1 4.7945766448974609 72.258476257324219 -1 4.4062280654907227 80.387367248535156 -1 231.15115356445312 83.257431030273438 1145 236.054931640625 85.053115844726562 -1 180.14704895019531 93.842880249023438 491 225.43148803710938 95.851020812988281 -1 164.23199462890625 101.93000030517578 818 225.70777893066406 107.65943145751953 -1 154.73733520507812 121.14824676513672 -1 230.1248779296875 129.65296936035156 -1 202.27622985839844 155.68902587890625 -1 60.492752075195312 232.78691101074219 -1 82.979698181152344 235.43717956542969 1211 77.853324890136719 238.32371520996094 -1 239.22515869140625 97.447494506835938 -1 104.20005035400391 9.6378555297851562 1328 91.450042724609375 9.7480220794677734 -1 167.06221008300781 35.776294708251953 646 64.47772216796875 35.984413146972656 899 169.28291320800781 47.11822509765625 753 164.88209533691406 48.74249267578125 695 104.54247283935547 51.016822814941406 720 50.341243743896484 51.400489807128906 1025 178.28866577148438 53.289710998535156 701 239.22515869140625 97.447494506835938 -1 169.90476989746094 63.233200073242188 599 64.47772216796875 35.984413146972656 900 50.341243743896484 51.400489807128906 1020 50.341243743896484 51.400489807128906 1019 169.90476989746094 63.233200073242188 23 169.90476989746094 63.233200073242188 25 4.4062280654907227 80.387367248535156 -1 225.43148803710938 95.851020812988281 -1 164.23199462890625 101.93000030517578 432 60.492752075195312 232.78691101074219 1461 205.34077453613281 116.36342620849609 -1 225.04983520507812 126.36024475097656 -1 229.63459777832031 133.60429382324219 1355 78.999076843261719 233.292236328125 -1 128.29344177246094 33.199325561523438 1322 77.095451354980469 252.90510559082031 -1 167.78620910644531 35.529754638671875 -1 168.52491760253906 52.001945495605469 -1 93.563362121582031 5.159233570098877 -1 114.30825042724609 2.0150232315063477 732 113.60523223876953 6.8042464256286621 638 112.06669616699219 20.067436218261719 -1 27.15843391418457 33.47479248046875 -1 67.839653015136719 43.195911407470703 -1 49.524314880371094 44.438323974609375 1018 36.628166198730469 35.960468292236328 -1 78.999076843261719 233.292236328125 -1 77.095451354980469 252.90510559082031 -1 67.839653015136719 43.195911407470703 1089 49.524314880371094 44.438323974609375 1024 201.62580871582031 57.574996948242188 696 212.87738037109375 64.412933349609375 -1 215.57295227050781 74.554908752441406 -1 151.58918762207031 75.684989929199219 43 232.34165954589844 76.977760314941406 -1 238.52239990234375 81.660247802734375 -1 192.30279541015625 104.23844909667969 1053 185.73699951171875 105.73886108398438 1104 156.02149963378906 92.320228576660156 -1 172.66757202148438 80.89263916015625 733 196.63650512695312 106.99629974365234 -1 209.21949768066406 115.76560211181641 -1 183.01516723632812 96.863235473632812 -1 166.199462890625 89.195526123046875 1319 181.03727722167969 88.980880737304688 47 234.98454284667969 81.570350646972656 -1 4.710515022277832 61.147388458251953 -1 16.428585052490234 66.953109741210938 -1 166.199462890625 89.195526123046875 603 181.03727722167969 88.980880737304688 49 181.52471923828125 99.20166015625 -1 16.428585052490234 66.953109741210938 -1 12.389031410217285 65.738616943359375 -1 4.710515022277832 61.147388458251953 -1 12.049792289733887 54.431915283203125 -1 189.96514892578125 49.516963958740234 1326 56.340057373046875 46.441822052001953 1056 46.403301239013672 45.548423767089844 -1 109.16561889648438 35.809486389160156 1325 67.735122680664062 39.723606109619141 904 63.959659576416016 39.563671112060547 -1 35.088409423828125 39.054130554199219 -1 61.793308258056641 38.143543243408203 -1 116.88645935058594 36.657646179199219 1003 162.59898376464844 28.91490364074707 -1 181.52471923828125 99.20166015625 -1 36.545833587646484 42.288894653320312 -1 31.47694206237793 47.841285705566406 1185 
103 0.97676496478910568 0.21052154939176607 -0.036048556356254702 -0.017646030342756469 0.60719829532391811 -0.29674942673395166 0.31943147080445716 1 000102.png
109.22859191894531 64.579544067382812 -1 211.42520141601562 192.91334533691406 1558 168.46749877929688 213.72869873046875 -1 107.13120269775391 196.17613220214844 -1 125.67115783691406 154.94793701171875 -1 87.770294189453125 31.041393280029297 1009 182.01394653320312 31.961887359619141 -1 56.79217529296875 64.244537353515625 1007 188.09390258789062 63.244033813476562 -1 72.028602600097656 193.26734924316406 -1 56.79217529296875 64.244537353515625 -1 72.028602600097656 193.26734924316406 -1 72.028602600097656 193.26734924316406 -1 54.587284088134766 30.703369140625 -1 124.16652679443359 215.42764282226562 1287 30.951728820800781 237.68714904785156 -1 227.90629577636719 217.60919189453125 1330 30.951728820800781 237.68714904785156 -1 216.44081115722656 186.778076171875 1170 100.40614318847656 187.88728332519531 1193 136.55123901367188 230.11349487304688 -1 33.518863677978516 57.676528930664062 -1 207.0592041015625 155.37086486816406 1034 228.8431396484375 84.787368774414062 1163 216.44081115722656 186.778076171875 -1 33.518863677978516 57.676528930664062 1173 228.8431396484375 84.787368774414062 -1 216.44081115722656 186.778076171875 -1 207.0592041015625 155.37086486816406 1062 114.64248657226562 25.57331657409668 -1 160.29452514648438 37.825881958007812 756 107.03898620605469 164.61514282226562 -1 81.386802673339844 177.40791320800781 -1 239.28857421875 182.40371704101562 1172 77.381271362304688 220.97200012207031 1382 243.30999755859375 204.71662902832031 -1 243.30999755859375 204.71662902832031 -1 147.64784240722656 132.88789367675781 -1 237.63330078125 111.50448608398438 -1 177.34609985351562 70.889762878417969 -1 128.58042907714844 16.042877197265625 791 77.381271362304688 220.97200012207031 -1 64.803657531738281 41.694900512695312 1065 167.03016662597656 79.740425109863281 725 162.67622375488281 96.727554321289062 -1 91.029808044433594 160.08735656738281 1346 140.8406982421875 170.54080200195312 -1 240.09342956542969 229.212646484375 1333 91.029808044433594 160.08735656738281 1331 20.009311676025391 45.804851531982422 -1 140.21635437011719 236.40234375 -1 140.8406982421875 170.54080200195312 -1 160.62918090820312 236.218994140625 1370 140.8406982421875 170.54080200195312 -1 54.915241241455078 45.070472717285156 1012 120.95384216308594 221.77285766601562 1352 171.86920166015625 50.224315643310547 693 214.62297058105469 68.843025207519531 -1 24.670648574829102 94.797706604003906 -1 207.21900939941406 105.39476013183594 1371 101.3917236328125 164.51863098144531 -1 116.72350311279297 212.05439758300781 -1 150.02156066894531 230.65493774414062 1246 153.0029296875 244.16877746582031 -1 101.49689483642578 255.16326904296875 -1 116.72350311279297 212.05439758300781 -1 150.02156066894531 230.65493774414062 1332 194.38864135742188 113.60892486572266 1216 230.20114135742188 122.44963073730469 1103 216.43121337890625 194.85609436035156 1347 28.912664413452148 33.530139923095703 -1 197.86528015136719 152.41191101074219 1039 223.869873046875 200.60496520996094 -1 122.81980895996094 204.82597351074219 1201 133.00234985351562 214.74284362792969 1202 167.026611328125 246.56170654296875 -1 12.219579696655273 74.851959228515625 -1 156.61407470703125 77.928482055664062 16 215.34384155273438 82.464775085449219 -1 161.69277954101562 86.757438659667969 1138 237.5367431640625 90.187225341796875 -1 156.61407470703125 77.928482055664062 694 174.16032409667969 95.151985168457031 697 181.2369384765625 95.221969604492188 491 174.16032409667969 95.151985168457031 292 194.38864135742188 113.60892486572266 1390 193.53939819335938 54.367870330810547 1326 230.99917602539062 102.98300933837891 -1 48.620494842529297 46.087459564208984 1015 9.3601484298706055 69.271331787109375 -1 229.93019104003906 78.034881591796875 -1 243.22842407226562 85.618186950683594 -1 182.6591796875 101.95532989501953 -1 151.73774719238281 103.42218780517578 -1 202.62577819824219 116.81008148193359 -1 198.72686767578125 173.49641418457031 1337 72.550552368164062 234.32196044921875 1375 91.589859008789062 184.38674926757812 -1 101.42695617675781 193.97377014160156 1166 74.222877502441406 214.46139526367188 1207 79.763961791992188 214.80107116699219 1395 85.594573974609375 214.63497924804688 1251 77.829673767089844 228.39601135253906 -1 68.384757995605469 230.24449157714844 1249 221.39772033691406 78.58837890625 -1 99.154365539550781 23.190616607666016 -1 48.620494842529297 46.087459564208984 1066 182.6591796875 101.95532989501953 -1 151.73774719238281 103.42218780517578 362 198.72686767578125 173.49641418457031 1339 79.763961791992188 214.80107116699219 1399 72.550552368164062 234.32196044921875 1377 99.154365539550781 23.190616607666016 -1 134.38954162597656 33.631198883056641 -1 166.53034973144531 35.986019134521484 646 102.49630737304688 44.105781555175781 -1 218.74102783203125 91.374053955078125 1121 178.41871643066406 53.009933471679688 -1 178.41871643066406 53.009933471679688 701 172.32740783691406 88.114418029785156 611 42.202800750732422 59.375312805175781 1067 179.89651489257812 44.194786071777344 597 121.44991302490234 26.34002685546875 648 121.44991302490234 26.34002685546875 630 245.40731811523438 91.316543579101562 -1 164.71542358398438 101.37680053710938 818 224.05329895019531 102.499267578125 -1 149.46086120605469 111.59626007080078 -1 201.465087890625 147.62841796875 -1 111.19107055664062 184.98521423339844 1209 90.909400939941406 195.755615234375 1210 75.962387084960938 238.33384704589844 1426 5.3848600387573242 244.735595703125 -1 109.82022094726562 248.68826293945312 -1 40.619037628173828 252.64414978027344 -1 87.735710144042969 221.37197875976562 1211 84.162742614746094 217.892578125 -1 66.391067504882812 219.97550964355469 -1 66.942214965820312 33.680747985839844 899 133.39888000488281 33.231067657470703 -1 58.509811401367188 40.615982055664062 1162 169.29891967773438 47.275901794433594 753 54.551689147949219 48.029701232910156 1025 165.00466918945312 48.833736419677734 695 104.44387054443359 50.868881225585938 720 50.798980712890625 54.194190979003906 1016 169.92182922363281 63.267612457275391 599 3.3636415004730225 71.254135131835938 -1 9.5071172714233398 76.481857299804688 -1 84.162742614746094 217.892578125 -1 250.15826416015625 89.507011413574219 1078 66.942214965820312 33.680747985839844 900 133.39888000488281 33.231067657470703 -1 54.551689147949219 48.029701232910156 1020 54.551689147949219 48.029701232910156 1019 50.798980712890625 54.194190979003906 1301 169.92182922363281 63.267612457275391 23 9.5071172714233398 76.481857299804688 -1 250.15826416015625 89.507011413574219 938 245.40731811523438 91.316543579101562 -1 149.46086120605469 111.59626007080078 -1 109.82022094726562 248.68826293945312 -1 40.619037628173828 252.64414978027344 -1 221.97785949707031 123.06659698486328 -1 237.16180419921875 92.5323486328125 -1 5.2119712829589844 84.40106201171875 -1 238.07441711425781 87.142410278320312 -1 177.7138671875 90.442817687988281 655 193.66200256347656 107.97666168212891 -1 8.5449399948120117 77.322914123535156 -1 213.03424072265625 116.84329223632812 -1 61.376239776611328 32.870574951171875 -1 61.376239776611328 32.870574951171875 -1 53.982250213623047 41.165061950683594 1018 8.5449399948120117 77.322914123535156 -1 177.7138671875 90.442817687988281 462 237.16180419921875 92.5323486328125 -1 128.31765747070312 33.206916809082031 1322 113.94696807861328 2.0384759902954102 732 93.700096130371094 5.292353630065918 -1 53.982250213623047 41.165061950683594 1024 37.701824188232422 41.490345001220703 1185 211.2171630859375 63.441993713378906 -1 225.7122802734375 75.15594482421875 956 151.59579467773438 75.640708923339844 43 222.05010986328125 70.154678344726562 -1 164.21096801757812 105.33287811279297 -1 200.45634460449219 108.08484649658203 -1 219.36892700195312 118.26251983642578 1336 217.65943908691406 67.130538940429688 -1 58.907901763916016 46.216400146484375 935 216.87973022460938 119.55561065673828 -1 150.32258605957031 124.06824493408203 -1 225.40953063964844 125.45801544189453 1355 24.560529708862305 51.062305450439453 -1 11.92764949798584 71.139312744140625 -1 166.18452453613281 89.120292663574219 603 181.03334045410156 88.929832458496094 49 141.89689636230469 236.36680603027344 -1 233.69322204589844 81.303810119628906 -1 25.904129028320312 47.611576080322266 -1 173.49473571777344 44.690052032470703 -1 34.748245239257812 39.972831726074219 1185 247.03775024414062 137.94070434570312 -1 36.0081787109375 36.738914489746094 -1 90.508377075195312 222.21392822265625 -1 141.89689636230469 236.36680603027344 -1 116.86128234863281 36.67950439453125 1003 198.24156188964844 54.907028198242188 -1 167.99200439453125 35.519535064697266 646 181.03334045410156 88.929832458496094 47 126.70157623291016 30.604536056518555 1322 29.399272918701172 29.527494430541992 -1 38.053718566894531 25.110570907592773 -1 11.92764949798584 71.139312744140625 -1 166.18452453613281 89.120292663574219 1319 21.278728485107422 63.410823822021484 -1 41.253288269042969 38.712520599365234 -1 
104 0.97679383273757858 0.21048768203109416 -0.03589216738851881 -0.016748025530278991 0.60874368793153377 -0.29830865533046863 0.3366197930888033 1 000103.png
111.02713775634766 60.600833892822266 -1 102.58343505859375 195.54421997070312 -1 102.58343505859375 195.54421997070312 -1 212.14241027832031 183.63505554199219 1558 170.12559509277344 198.86495971679688 -1 170.12559509277344 198.86495971679688 -1 88.930374145507812 29.38116455078125 1009 183.36592102050781 35.871669769287109 -1 188.39076232910156 66.030021667480469 -1 54.339466094970703 211.39959716796875 1381 54.339466094970703 211.39959716796875 -1 59.178657531738281 27.600135803222656 -1 125.95372772216797 163.68797302246094 -1 63.900302886962891 195.97511291503906 -1 129.35414123535156 199.50460815429688 -1 224.75398254394531 203.864990234375 1330 33.783771514892578 232.02056884765625 -1 33.783771514892578 232.02056884765625 1368 215.39334106445312 176.63728332519531 -1 114.52828216552734 25.604404449462891 -1 215.39334106445312 176.63728332519531 -1 236.25518798828125 172.19296264648438 -1 215.39334106445312 176.63728332519531 1170 106.35334777832031 176.49885559082031 1193 193.43984985351562 175.51617431640625 1409 236.25518798828125 172.19296264648438 1172 39.637393951416016 53.855560302734375 1173 160.33283996582031 37.891284942626953 756 138.6153564453125 215.83203125 -1 108.72799682617188 155.52532958984375 -1 240.56764221191406 191.38484191894531 -1 83.815719604492188 207.10482788085938 1382 24.372333526611328 41.846050262451172 -1 147.20547485351562 235.46931457519531 -1 205.90620422363281 146.80326843261719 1034 240.56764221191406 191.38484191894531 -1 114.52628326416016 192.10134887695312 -1 83.815719604492188 207.10482788085938 -1 114.52628326416016 192.10134887695312 -1 226.48727416992188 81.044166564941406 -1 147.73672485351562 131.82955932617188 -1 205.90620422363281 146.80326843261719 1062 54.122226715087891 240.95114135742188 -1 54.122226715087891 240.95114135742188 -1 161.71607971191406 220.44039916992188 1370 236.80839538574219 214.27947998046875 1333 140.91242980957031 169.78042602539062 -1 163.02668762207031 97.407470703125 -1 167.32542419433594 79.372108459472656 725 127.48694610595703 14.967656135559082 624 94.454261779785156 152.45941162109375 1331 140.91242980957031 169.78042602539062 -1 94.454261779785156 152.45941162109375 1346 235.33052062988281 106.12350463867188 -1 53.746883392333984 57.965110778808594 -1 140.91242980957031 169.78042602539062 -1 68.951026916503906 39.231128692626953 1065 155.27786254882812 228.1429443359375 -1 151.79228210449219 215.97401428222656 1332 120.66000366210938 198.64453125 -1 161.60675048828125 95.105476379394531 -1 9.124293327331543 73.630996704101562 -1 120.66000366210938 198.64453125 -1 151.79228210449219 215.97401428222656 1246 154.18576049804688 90.266357421875 -1 174.08503723144531 95.171127319335938 697 228.99172973632812 97.760574340820312 -1 193.52828979492188 108.74069213867188 1216 117.79153442382812 112.51863861083984 -1 228.27775573730469 116.69521331787109 1103 248.06845092773438 145.34452819824219 -1 126.35199737548828 191.62788391113281 1201 136.05693054199219 200.76220703125 1202 124.98617553710938 207.1864013671875 1352 167.65379333496094 229.81101989746094 -1 59.767162322998047 248.51324462890625 -1 154.24156188964844 250.53880310058594 -1 137.03237915039062 251.54148864746094 -1 154.18576049804688 90.266357421875 802 156.56393432617188 78.414093017578125 694 135.00497436523438 34.444969177246094 774 193.59030151367188 54.270763397216797 1326 135.00497436523438 34.444969177246094 -1 59.995090484619141 42.277801513671875 1012 106.96691131591797 236.35862731933594 -1 18.233123779296875 70.439231872558594 -1 193.52828979492188 108.74069213867188 1390 174.08503723144531 95.171127319335938 292 167.65379333496094 229.81101989746094 -1 167.65379333496094 229.81101989746094 -1 59.767162322998047 248.51324462890625 -1 154.24156188964844 250.53880310058594 -1 156.56393432617188 78.414093017578125 16 214.01564025878906 78.436119079589844 -1 113.53531646728516 159.62568664550781 -1 151.69287109375 103.50469970703125 -1 234.83866882324219 94.365486145019531 -1 16.863258361816406 71.174880981445312 -1 213.24897766113281 66.301155090332031 -1 102.28487396240234 44.248889923095703 -1 54.060337066650391 42.997371673583984 1015 149.62727355957031 37.479347229003906 -1 98.295516967773438 2.6953322887420654 -1 75.179222106933594 213.77500915527344 1249 78.994094848632812 218.66744995117188 1377 91.416847229003906 200.11688232421875 1251 85.891372680664062 200.51942443847656 1395 129.44903564453125 198.967529296875 1253 47.178726196289062 55.443161010742188 1067 78.994094848632812 218.66744995117188 1375 84.579826354980469 215.29263305664062 -1 201.62380981445312 168.76042175292969 -1 85.891372680664062 200.51942443847656 1399 151.69287109375 103.50469970703125 362 149.62727355957031 37.479347229003906 -1 98.295516967773438 2.6953322887420654 -1 113.51700592041016 7.2846531867980957 638 183.61489868164062 92.6448974609375 -1 121.50526428222656 26.319778442382812 648 121.50526428222656 26.319778442382812 630 59.54888916015625 44.606449127197266 1025 169.29780578613281 47.205829620361328 753 56.147289276123047 50.625846862792969 1016 177.70869445800781 53.742282867431641 -1 18.27789306640625 53.991035461425781 -1 5.5781650543212891 56.06329345703125 -1 169.94949340820312 63.256416320800781 23 15.71345329284668 64.719978332519531 -1 8.8888483047485352 67.700630187988281 -1 4.9449701309204102 69.823379516601562 -1 15.524282455444336 72.075531005859375 -1 219.76728820800781 75.083694458007812 -1 227.52157592773438 74.829200744628906 -1 6.1694231033325195 79.6484375 -1 239.81320190429688 82.621551513671875 -1 217.25196838378906 87.023750305175781 1121 183.65715026855469 97.220726013183594 -1 222.50796508789062 97.763626098632812 -1 149.38973999023438 111.69287109375 -1 154.25242614746094 122.10317993164062 -1 105.14162445068359 132.32687377929688 -1 199.9462890625 140.58248901367188 -1 197.03936767578125 145.80702209472656 1039 77.044189453125 162.47103881835938 1340 105.68720245361328 182.70199584960938 1166 81.457832336425781 200.37518310546875 1207 73.088485717773438 205.14122009277344 -1 166.94091796875 36.012989044189453 -1 197.65397644042969 162.5386962890625 1337 229.77897644042969 86.543281555175781 -1 179.72282409667969 94.934478759765625 491 69.883651733398438 31.290258407592773 899 109.57418060302734 34.475822448730469 1325 170.349365234375 39.614032745361328 675 229.77897644042969 86.543281555175781 -1 112.9541015625 43.673557281494141 631 69.883651733398438 31.290258407592773 900 109.57418060302734 34.475822448730469 827 170.349365234375 39.614032745361328 -1 59.54888916015625 44.606449127197266 1020 15.524282455444336 72.075531005859375 -1 6.1694231033325195 79.6484375 -1 183.65715026855469 97.220726013183594 -1 149.38973999023438 111.69287109375 -1 197.65397644042969 162.5386962890625 1339 174.17747497558594 51.958805084228516 -1 14.875020027160645 60.238044738769531 -1 93.639968872070312 5.3591060638427734 -1 108.45584869384766 23.683649063110352 -1 173.06036376953125 79.515098571777344 733 128.36918640136719 33.104282379150391 1322 59.074787139892578 37.971061706542969 1024 193.52996826171875 103.29839324951172 -1 167.78387451171875 35.647651672363281 646 28.27055549621582 44.060115814208984 -1 219.39546203613281 69.193313598632812 -1 14.570640563964844 72.877548217773438 -1 183.07774353027344 74.643241882324219 -1 151.62629699707031 75.563728332519531 43 11.014132499694824 80.319526672363281 -1 167.78387451171875 35.647651672363281 -1 93.639968872070312 5.3591060638427734 -1 59.074787139892578 37.971061706542969 1018 14.875020027160645 60.238044738769531 -1 14.570640563964844 72.877548217773438 -1 234.78622436523438 87.992034912109375 -1 226.10813903808594 121.58134460449219 1355 109.31321716308594 127.2154541015625 -1 93.177947998046875 206.86280822753906 1211 31.065788269042969 44.433979034423828 -1 43.995510101318359 38.362159729003906 1185 116.71173095703125 36.721164703369141 1003 109.03908538818359 35.793228149414062 1325 70.474365234375 34.971015930175781 -1 41.206977844238281 20.820819854736328 -1 114.90300750732422 245.46498107910156 -1 114.31745910644531 1.8772507905960083 732 225.83714294433594 118.19106292724609 -1 156.15115356445312 97.047317504882812 1158 180.97886657714844 88.9378662109375 49 166.17503356933594 89.080009460449219 1319 41.206977844238281 20.820819854736328 -1 242.92967224121094 87.119499206542969 1029 2.0852022171020508 84.442054748535156 -1 48.907234191894531 55.947784423828125 -1 17.783397674560547 67.148712158203125 -1 2.0852022171020508 84.442054748535156 -1 166.17503356933594 89.080009460449219 603 180.97886657714844 88.9378662109375 47 166.11613464355469 239.41206359863281 -1 235.69998168945312 82.958610534667969 -1 17.783397674560547 67.148712158203125 -1 38.606906890869141 62.818180084228516 -1 3.7571883201599121 60.824943542480469 -1 228.53549194335938 120.39584350585938 -1 21.997535705566406 59.194492340087891 -1 82.520408630371094 219.96511840820312 1426 128.19523620605469 36.574687957763672 -1 48.907234191894531 55.947784423828125 -1 14.60322380065918 54.512203216552734 -1 195.68109130859375 97.635322570800781 1053 192.54635620117188 51.291103363037109 1326 222.36929321289062 115.76625061035156 -1 164.62055969238281 105.27445220947266 -1 166.11613464355469 239.41206359863281 -1 46.201976776123047 32.427204132080078 -1 
105 0.97678953676853164 0.21041701054417045 -0.036032702352583615 -0.0175649336560664 0.60904305263715919 -0.30110782624748611 0.35098154517821317 1 000104.png
102.7161865234375 191.75738525390625 -1 102.7161865234375 191.75738525390625 -1 211.36631774902344 176.39125061035156 1492 174.61590576171875 192.21101379394531 -1 31.161588668823242 238.14764404296875 -1 31.161588668823242 238.14764404296875 -1 174.61590576171875 192.21101379394531 -1 89.510971069335938 29.670305252075195 1009 60.169307708740234 201.72654724121094 1381 180.92207336425781 44.282859802246094 -1 62.199268341064453 58.687122344970703 1007 242.33494567871094 96.940399169921875 -1 84.524169921875 168.76582336425781 -1 109.43190765380859 196.58195495605469 -1 223.78083801269531 195.14720153808594 1330 42.684795379638672 217.69224548339844 1368 88.204948425292969 236.18218994140625 -1 43.607921600341797 51.863613128662109 1173 90.420547485351562 159.63815307617188 -1 235.06698608398438 165.25367736816406 1172 126.60327911376953 165.54109191894531 -1 61.677070617675781 27.503053665161133 1359 193.55953979492188 168.67401123046875 1409 132.05335998535156 192.45033264160156 1287 193.55953979492188 168.67401123046875 1407 90.420547485351562 159.63815307617188 -1 114.5504150390625 25.628948211669922 -1 109.68690490722656 221.43507385253906 -1 160.446044921875 38.004352569580078 756 28.427175521850586 41.326190948486328 -1 177.07902526855469 70.585777282714844 -1 95.716323852539062 150.42448425292969 1346 205.32881164550781 141.022705078125 1062 163.93173217773438 220.626220703125 1383 214.516357421875 169.59034729003906 1170 141.00825500488281 204.64543151855469 -1 88.009841918945312 198.42152404785156 -1 120.91674041748047 208.6024169921875 -1 88.009841918945312 198.42152404785156 1382 109.32801818847656 169.68672180175781 1193 147.93881225585938 132.44322204589844 -1 98.581390380859375 210.45112609863281 -1 128.61862182617188 16.230632781982422 791 214.516357421875 169.59034729003906 -1 95.716323852539062 150.42448425292969 1331 205.32881164550781 141.022705078125 1034 233.87773132324219 102.29815673828125 -1 97.65679931640625 146.487060546875 1346 140.60115051269531 171.89224243164062 -1 149.81013488769531 224.40724182128906 -1 60.016136169433594 229.25473022460938 1388 70.384803771972656 243.62644958496094 -1 132.58952331542969 246.3544921875 1438 167.10356140136719 79.544578552246094 725 110.39942932128906 149.44869995117188 -1 133.41133117675781 54.569496154785156 -1 225.03231811523438 78.491470336914062 826 162.41748046875 96.825172424316406 -1 60.016136169433594 229.25473022460938 1385 60.016136169433594 229.25473022460938 -1 149.81013488769531 224.40724182128906 1410 140.60115051269531 171.89224243164062 -1 140.60115051269531 171.89224243164062 -1 97.65679931640625 146.487060546875 1331 167.10356140136719 79.544578552246094 771 133.41133117675781 54.569496154785156 -1 13.352353096008301 72.655029296875 -1 162.34490966796875 211.57377624511719 1387 153.029541015625 206.19432067871094 1246 237.92277526855469 183.91371154785156 -1 150.45066833496094 248.41319274902344 -1 158.03413391113281 218.92616271972656 -1 162.34490966796875 211.57377624511719 -1 153.029541015625 206.19432067871094 1332 234.8836669921875 203.4788818359375 1333 237.92277526855469 183.91371154785156 -1 161.34365844726562 93.993568420410156 -1 71.818870544433594 38.642574310302734 1089 162.34490966796875 211.57377624511719 1370 179.20079040527344 227.49107360839844 -1 117.56767272949219 231.39378356933594 -1 138.50079345703125 241.11418151855469 1391 65.269500732421875 236.4093017578125 -1 117.56767272949219 231.39378356933594 -1 179.20079040527344 227.49107360839844 -1 174.018798828125 95.153999328613281 292 40.082199096679688 30.013294219970703 -1 34.347835540771484 36.389297485351562 -1 34.347835540771484 36.389297485351562 -1 170.90934753417969 41.228172302246094 675 65.269500732421875 236.4093017578125 1414 40.082199096679688 30.013294219970703 -1 63.523891448974609 40.980842590332031 1012 193.52728271484375 54.286388397216797 1326 156.47233581542969 78.786087036132812 16 174.018798828125 95.153999328613281 697 193.79861450195312 105.34205627441406 1216 226.94618225097656 112.66534423828125 1103 138.01634216308594 191.81477355957031 1202 127.41128540039062 197.9832763671875 1352 96.021408081054688 203.51699829101562 -1 110.77877807617188 225.48057556152344 -1 151.67662048339844 103.46955108642578 -1 227.66744995117188 94.387001037597656 -1 43.731132507324219 58.976585388183594 -1 102.46536254882812 44.040275573730469 -1 185.46466064453125 97.591987609863281 -1 87.6715087890625 249.54568481445312 -1 140.02964782714844 255.39138793945312 -1 185.46466064453125 97.591987609863281 -1 165.61248779296875 245.66523742675781 -1 53.300022125244141 237.46095275878906 1424 87.6715087890625 249.54568481445312 -1 131.26008605957031 190.6846923828125 1253 126.63861846923828 189.92962646484375 -1 151.67662048339844 103.46955108642578 362 66.727867126464844 222.37008666992188 1431 57.723758697509766 41.590080261230469 1015 110.71337890625 210.36369323730469 -1 131.26008605957031 190.6846923828125 1253 126.63861846923828 189.92962646484375 -1 128.02536010742188 183.99905395507812 1201 213.54071044921875 174.47087097167969 1347 98.23297119140625 173.03884887695312 -1 199.72648620605469 144.36271667480469 -1 201.27923583984375 108.03429412841797 -1 121.52677917480469 26.308664321899414 648 238.64694213867188 179.04794311523438 -1 172.45332336425781 88.126007080078125 611 103.88871002197266 50.734653472900391 720 164.75968933105469 48.482448577880859 695 109.74591064453125 34.126548767089844 1325 109.74591064453125 34.126548767089844 827 121.52677917480469 26.308664321899414 630 110.42881011962891 159.92359924316406 -1 89.948135375976562 190.69772338867188 1399 96.94805908203125 197.30653381347656 1403 83.177848815917969 208.96771240234375 1377 3.8620166778564453 239.2056884765625 -1 137.49928283691406 248.3792724609375 -1 20.570060729980469 63.257717132568359 -1 157.70549011230469 252.31953430175781 -1 113.13607788085938 7.3478775024414062 638 91.4654541015625 10.130518913269043 -1 72.69622802734375 31.095378875732422 899 133.49644470214844 33.199256896972656 -1 166.86689758300781 36.051216125488281 646 62.975379943847656 43.761253356933594 1025 112.92742919921875 43.788120269775391 631 59.553573608398438 49.362098693847656 1016 108.9747314453125 51.489280700683594 -1 21.517238616943359 53.3980712890625 -1 188.28892517089844 53.672340393066406 -1 169.932373046875 63.272140502929688 23 211.97894287109375 64.536003112792969 -1 10.040329933166504 69.292030334472656 -1 20.104898452758789 70.610321044921875 -1 10.475201606750488 78.399765014648438 -1 216.47634887695312 84.006767272949219 1121 250.34909057617188 89.519317626953125 1078 179.94261169433594 94.377952575683594 491 221.35398864746094 94.234687805175781 -1 184.47445678710938 94.989479064941406 -1 149.47795104980469 111.51064300537109 -1 154.37103271484375 121.98582458496094 -1 197.52064514160156 155.67327880859375 1337 110.42881011962891 159.92359924316406 -1 117.6258544921875 163.69955444335938 1209 219.21650695800781 179.47976684570312 -1 215.22941589355469 181.0535888671875 -1 220.36077880859375 184.630859375 -1 133.83595275878906 185.88548278808594 -1 89.948135375976562 190.69772338867188 1395 85.257049560546875 192.15640258789062 1207 94.290611267089844 192.5029296875 1251 96.94805908203125 197.30653381347656 1211 80.733345031738281 202.89205932617188 1249 83.177848815917969 208.96771240234375 1375 164.37147521972656 224.22183227539062 -1 3.8620166778564453 239.2056884765625 1394 137.49928283691406 248.3792724609375 -1 157.70549011230469 252.31953430175781 -1 72.69622802734375 31.095378875732422 900 133.49644470214844 33.199256896972656 -1 166.86689758300781 36.051216125488281 -1 59.553573608398438 49.362098693847656 1301 59.553573608398438 49.362098693847656 1302 108.9747314453125 51.489280700683594 -1 21.517238616943359 53.3980712890625 -1 188.28892517089844 53.672340393066406 -1 20.104898452758789 70.610321044921875 -1 10.475201606750488 78.399765014648438 -1 221.35398864746094 94.234687805175781 -1 184.47445678710938 94.989479064941406 -1 149.47795104980469 111.51064300537109 -1 197.52064514160156 155.67327880859375 1339 87.255401611328125 209.93069458007812 1426 86.999885559082031 205.53451538085938 1426 185.12226867675781 169.24075317382812 -1 104.77252960205078 213.22218322753906 -1 172.19160461425781 89.4052734375 611 166.11091613769531 55.350261688232422 -1 185.12226867675781 169.24075317382812 -1 99.711563110351562 174.11470031738281 1210 13.569234848022461 68.258979797363281 -1 93.599082946777344 5.5236349105834961 -1 62.648838043212891 37.111000061035156 1018 125.41142272949219 38.668792724609375 -1 15.386234283447266 56.165596008300781 -1 221.07229614257812 83.465782165527344 -1 104.77252960205078 213.22218322753906 -1 146.98947143554688 251.66046142578125 -1 151.82749938964844 242.30813598632812 -1 93.599082946777344 5.5236349105834961 -1 233.33865356445312 84.771835327148438 -1 146.98947143554688 251.66046142578125 -1 15.386234283447266 56.165596008300781 -1 11.331681251525879 70.726692199707031 -1 125.41142272949219 38.668792724609375 883 218.84698486328125 72.613662719726562 -1 151.59434509277344 75.669136047363281 43 13.569234848022461 68.258979797363281 -1 62.648838043212891 37.111000061035156 1024 221.07229614257812 83.465782165527344 -1 239.40293884277344 92.914268493652344 -1 128.32380676269531 33.168193817138672 1322 193.15846252441406 100.16529083251953 -1 36.813053131103516 27.004844665527344 -1 230.06460571289062 100.92874145507812 -1 221.70474243164062 102.22299957275391 -1 192.4915771484375 154.24807739257812 1417 204.1922607421875 166.02229309082031 -1 18.636978149414062 71.850234985351562 -1 218.06483459472656 67.702384948730469 -1 43.224845886230469 60.92852783203125 -1 172.2135009765625 60.148330688476562 -1 198.28218078613281 55.066459655761719 -1 18.778264999389648 53.926738739013672 -1 192.46009826660156 51.345020294189453 1326 32.399360656738281 43.804214477539062 -1 167.95579528808594 35.598655700683594 -1 109.03835296630859 35.887042999267578 827 192.46009826660156 51.345020294189453 -1 18.778264999389648 53.926738739013672 -1 19.891323089599609 59.121391296386719 -1 172.2135009765625 60.148330688476562 -1 166.173583984375 89.03863525390625 1319 181.07502746582031 88.933372497558594 47 82.059432983398438 252.85282897949219 -1 108.41539764404297 23.336164474487305 -1 126.79541015625 30.622785568237305 1322 73.210166931152344 34.792030334472656 -1 167.95579528808594 35.598655700683594 646 109.03835296630859 35.887042999267578 1325 19.891323089599609 59.121391296386719 -1 114.31210327148438 1.6558302640914917 732 35.139572143554688 43.607395172119141 -1 82.059432983398438 252.85282897949219 -1 157.37078857421875 245.47508239746094 1404 171.91024780273438 244.88377380371094 -1 150.859130859375 211.46829223632812 -1 208.4627685546875 170.97224426269531 -1 240.06529235839844 170.14192199707031 -1 200.35452270507812 135.07192993164062 -1 114.515625 130.7000732421875 -1 234.53428649902344 124.00833129882812 -1 224.69938659667969 117.10943603515625 1355 164.83639526367188 105.76020050048828 -1 181.07502746582031 88.933372497558594 -1 116.80644989013672 36.699115753173828 1003 168.48982238769531 252.96145629882812 -1 166.173583984375 89.03863525390625 603 151.36517333984375 88.4063720703125 -1 3.9744303226470947 81.582389831542969 -1 15.410468101501465 78.943069458007812 -1 231.9755859375 77.057609558105469 -1 183.53216552734375 73.453956604003906 -1 226.08036804199219 73.104957580566406 -1 7.9967036247253418 72.919776916503906 -1 18.636978149414062 71.850234985351562 -1 145.20228576660156 122.76430511474609 1311 107.21106719970703 65.441490173339844 -1 107.21106719970703 65.441490173339844 -1 
106 0.97680076614041655 0.21035388692792856 -0.035953769797655688 -0.017855866238985187 0.6090609419665286 -0.30188511376464683 0.35439975351405723 1 000105.png
102.71373748779297 190.80844116210938 -1 102.71373748779297 190.80844116210938 -1 211.0028076171875 174.78034973144531 1492 142.65455627441406 32.940959930419922 -1 151.17160034179688 234.3033447265625 1444 61.536952972412109 199.22555541992188 1381 90.206001281738281 30.094240188598633 1009 179.81430053710938 47.317428588867188 -1 241.45936584472656 96.062355041503906 -1 84.675559997558594 168.776611328125 1408 223.32273864746094 192.71012878417969 1330 90.245552062988281 235.54092407226562 -1 193.58184814453125 166.87283325195312 1407 63.050121307373047 27.907552719116211 1359 160.54862976074219 38.126846313476562 756 44.895980834960938 51.874542236328125 1173 114.56681823730469 25.693592071533203 -1 234.96083068847656 163.57133483886719 1172 126.88375854492188 165.32759094238281 -1 193.58184814453125 166.87283325195312 1409 132.2071533203125 191.2576904296875 1287 110.74944305419922 218.66714477539062 -1 29.921030044555664 42.012031555175781 -1 147.42909240722656 133.22442626953125 -1 205.15396118164062 139.39680480957031 1062 89.127471923828125 196.10015869140625 1382 100.14792633056641 207.12989807128906 -1 128.89656066894531 16.585981369018555 791 176.88566589355469 70.389999389648438 -1 109.78176116943359 168.0577392578125 1193 214.45912170410156 167.85340881347656 1170 89.127471923828125 196.10015869140625 -1 141.53033447265625 201.76248168945312 -1 100.14792633056641 207.12989807128906 -1 164.13789367675781 217.74365234375 1383 205.15396118164062 139.39680480957031 1034 133.58433532714844 54.92926025390625 -1 184.30915832519531 54.31463623046875 -1 224.78921508789062 77.933479309082031 826 167.15118408203125 79.485786437988281 725 133.58433532714844 54.92926025390625 -1 162.38796997070312 96.868659973144531 -1 98.588813781738281 145.01719665527344 1346 120.87439727783203 204.87785339355469 -1 150.36503601074219 221.33309936523438 1410 61.432193756103516 226.24774169921875 1388 71.883674621582031 240.04896545410156 -1 133.15519714355469 243.40721130371094 1438 149.47128295898438 244.68637084960938 -1 14.168318748474121 87.014915466308594 -1 61.432193756103516 226.24774169921875 -1 71.883674621582031 240.04896545410156 -1 61.432193756103516 226.24774169921875 1385 150.36503601074219 221.33309936523438 -1 98.588813781738281 145.01719665527344 1331 167.15118408203125 79.485786437988281 771 185.84368896484375 91.421485900878906 -1 185.84368896484375 91.421485900878906 -1 234.79289245605469 191.25566101074219 -1 237.70967102050781 181.71487426757812 -1 234.79289245605469 191.25566101074219 -1 72.800544738769531 38.925319671630859 1065 14.994450569152832 72.901252746582031 -1 248.15534973144531 91.059394836425781 1349 110.92355346679688 147.3775634765625 -1 237.70967102050781 181.71487426757812 -1 162.57656860351562 208.86381530761719 1370 153.25704956054688 204.0462646484375 1332 153.25704956054688 204.0462646484375 1246 162.57656860351562 208.86381530761719 1387 162.57656860351562 208.86381530761719 -1 41.70477294921875 30.313161849975586 -1 106.77651977539062 15.334503173828125 -1 138.45262145996094 189.45037841796875 1202 231.97929382324219 129.78691101074219 -1 171.04559326171875 41.987194061279297 675 64.701988220214844 40.887519836425781 1012 66.708999633789062 233.05563354492188 1414 156.44964599609375 78.902046203613281 16 174.03132629394531 95.192550659179688 697 156.28790283203125 234.77505493164062 -1 193.62196350097656 104.62840270996094 1216 227.17012023925781 111.95611572265625 1103 219.69688415527344 138.3175048828125 -1 127.99110412597656 195.55386352539062 1352 156.28790283203125 234.77505493164062 -1 174.03132629394531 95.192550659179688 292 193.51530456542969 54.392505645751953 1326 171.04559326171875 41.987194061279297 -1 3.540067195892334 74.397331237792969 -1 3.4415888786315918 85.225440979003906 -1 233.08587646484375 90.021217346191406 -1 227.61897277832031 93.624282836914062 -1 151.67581176757812 103.45697021484375 -1 187.34841918945312 54.925945281982422 -1 44.884502410888672 59.024009704589844 -1 185.74688720703125 97.300148010253906 -1 96.965995788574219 200.75732421875 -1 31.532276153564453 210.47773742675781 -1 5.3040609359741211 237.80056762695312 1394 83.509384155273438 194.89068603515625 1400 36.125740051269531 36.695423126220703 -1 138.64671325683594 238.09791564941406 1391 163.03231811523438 250.22952270507812 -1 201.49826049804688 107.3175048828125 -1 131.669189453125 188.51480102539062 1253 225.56710815429688 186.74032592773438 -1 59.039543151855469 41.955368041992188 1015 166.43710327148438 36.223258972167969 646 231.95045471191406 153.58607482910156 1402 185.74688720703125 97.300148010253906 -1 102.48095703125 44.033973693847656 -1 163.03231811523438 250.22952270507812 -1 52.260837554931641 53.774372100830078 1067 131.669189453125 188.51480102539062 -1 131.669189453125 188.51480102539062 1253 201.49826049804688 107.3175048828125 -1 233.08587646484375 90.021217346191406 -1 3.4415888786315918 85.225440979003906 -1 187.34841918945312 54.925945281982422 -1 134.04859924316406 33.474071502685547 -1 36.125740051269531 36.695423126220703 -1 83.509384155273438 194.89068603515625 1396 81.684967041015625 200.35157775878906 1249 109.72526550292969 34.207279205322266 1325 109.72526550292969 34.207279205322266 827 121.52654266357422 26.32794189453125 648 121.52654266357422 26.32794189453125 630 137.87689208984375 244.73063659667969 -1 10.511369705200195 78.690605163574219 -1 10.511369705200195 78.690605163574219 -1 73.834403991699219 31.590547561645508 900 36.542343139648438 57.430622100830078 -1 221.37673950195312 93.576385498046875 -1 184.88217163085938 94.691192626953125 -1 164.05387878417969 101.96364593505859 818 197.53092956542969 154.04721069335938 1339 133.47607421875 184.570556640625 -1 91.053184509277344 188.07267761230469 1399 97.794944763183594 194.78422546386719 1403 84.236045837402344 206.45381164550781 1377 9.0003976821899414 233.44306945800781 -1 157.95872497558594 249.01338195800781 -1 157.95872497558594 249.01338195800781 1398 10.511369705200195 78.690605163574219 -1 113.12619018554688 7.3871364593505859 638 73.834403991699219 31.590547561645508 899 112.91950988769531 43.813934326171875 631 64.080429077148438 43.875648498535156 1025 164.97232055664062 48.471706390380859 695 23.528177261352539 54.11004638671875 -1 36.542343139648438 57.430622100830078 -1 22.427209854125977 63.223857879638672 -1 169.90977478027344 63.271095275878906 23 216.20201110839844 83.278472900390625 1121 172.35469055175781 88.280738830566406 611 221.37673950195312 93.576385498046875 -1 179.97146606445312 94.488739013671875 491 184.88217163085938 94.691192626953125 -1 164.05387878417969 101.96364593505859 432 149.55731201171875 111.58480072021484 -1 199.18038940429688 143.07275390625 -1 197.53092956542969 154.04721069335938 1337 214.67681884765625 178.50993347167969 -1 128.13031005859375 182.75003051757812 1201 133.47607421875 184.570556640625 -1 91.053184509277344 188.07267761230469 1395 133.82652282714844 193.40191650390625 -1 97.794944763183594 194.78422546386719 1211 36.765605926513672 203.90371704101562 1434 84.236045837402344 206.45381164550781 1375 88.703018188476562 207.34419250488281 1426 67.596710205078125 219.87196350097656 1431 155.20330810546875 221.10508728027344 -1 9.0003976821899414 233.44306945800781 1430 55.965171813964844 233.97889709472656 1424 157.95872497558594 249.01338195800781 -1 10.511369705200195 78.690605163574219 -1 88.000091552734375 203.02371215820312 1426 95.185592651367188 190.35516357421875 1251 155.27879333496094 240.57737731933594 1404 118.19510650634766 210.85371398925781 -1 96.510002136230469 251.27935791015625 -1 95.228584289550781 19.681081771850586 -1 164.71896362304688 221.2471923828125 -1 136.07400512695312 236.61006164550781 -1 134.50550842285156 246.013916015625 -1 93.537017822265625 5.5586671829223633 -1 72.842727661132812 249.68580627441406 -1 21.013345718383789 59.756359100341797 -1 21.013345718383789 59.756359100341797 -1 68.84710693359375 250.085693359375 -1 220.90264892578125 82.815597534179688 -1 228.59188842773438 82.925361633300781 1353 233.08642578125 84.012039184570312 -1 250.412353515625 89.462486267089844 1078 154.15460205078125 122.5682373046875 -1 193.23812866210938 99.355300903320312 -1 229.80030822753906 99.742576599121094 -1 221.53422546386719 101.34564208984375 -1 103.56390380859375 131.484375 1406 224.58305358886719 147.08457946777344 1354 225.94554138183594 181.93133544921875 -1 63.782955169677734 37.447597503662109 1018 60.632591247558594 49.474361419677734 1302 60.632591247558594 49.474361419677734 1016 151.60159301757812 75.671051025390625 -1 93.537017822265625 5.5586671829223633 -1 95.228584289550781 19.681081771850586 -1 220.90264892578125 82.815597534179688 -1 250.412353515625 89.462486267089844 938 134.50550842285156 246.013916015625 -1 134.50550842285156 246.013916015625 -1 68.84710693359375 250.085693359375 -1 128.22467041015625 33.261589050292969 1322 161.21299743652344 77.533576965332031 -1 63.782955169677734 37.447597503662109 1024 37.091827392578125 44.018054962158203 -1 60.632591247558594 49.474361419677734 1301 211.72946166992188 64.169631958007812 -1 12.807109832763672 70.61474609375 -1 218.71006774902344 71.965866088867188 -1 161.21299743652344 77.533576965332031 -1 151.60159301757812 75.671051025390625 43 238.35780334472656 175.67903137207031 -1 211.65446472167969 171.88322448730469 1347 241.66763305664062 170.34626770019531 -1 239.77494812011719 168.37101745605469 -1 185.12281799316406 167.71922302246094 -1 192.38934326171875 151.76739501953125 1417 114.53652191162109 129.64289855957031 -1 243.75106811523438 129.11488342285156 -1 145.26177978515625 122.82053375244141 1311 224.83732604980469 116.23619842529297 1355 156.10719299316406 97.055198669433594 1158 156.06549072265625 92.563957214355469 -1 177.972900390625 89.736709594726562 655 181.08810424804688 88.851455688476562 47 166.16465759277344 88.953857421875 603 5.6935310363769531 81.990707397460938 -1 17.097339630126953 78.449066162109375 -1 226.22793579101562 73.1865234375 -1 9.7880840301513672 73.109291076660156 -1 20.362548828125 71.8726806640625 -1 109.05621337890625 35.909687042236328 827 192.48240661621094 51.390331268310547 -1 20.362548828125 71.8726806640625 -1 189.39009094238281 61.159736633300781 -1 177.972900390625 89.736709594726562 462 185.12281799316406 167.71922302246094 -1 110.80337524414062 208.51788330078125 -1 152.03500366210938 239.04159545898438 -1 172.7430419921875 245.96366882324219 -1 108.31702423095703 23.568376541137695 -1 126.83994293212891 30.627918243408203 1322 36.945987701416016 31.695793151855469 -1 119.63682556152344 34.886669158935547 -1 109.05621337890625 35.909687042236328 1325 172.7430419921875 245.96366882324219 -1 116.86176300048828 36.653095245361328 1003 192.48240661621094 51.390331268310547 1326 190.56605529785156 57.573429107666016 -1 114.38472747802734 1.6879698038101196 732 172.27005004882812 60.087356567382812 -1 144.97781372070312 218.88360595703125 -1 222.47340393066406 70.782142639160156 -1 144.92132568359375 244.90780639648438 -1 44.530986785888672 60.850700378417969 -1 157.90336608886719 241.66630554199219 1404 152.03500366210938 239.04159545898438 -1 144.20758056640625 236.43406677246094 1435 142.701904296875 233.23057556152344 -1 100.00437164306641 226.12956237792969 -1 110.80337524414062 208.51788330078125 -1 83.003288269042969 200.14247131347656 -1 230.84635925292969 198.02272033691406 -1 211.57212829589844 195.3802490234375 -1 218.71975708007812 177.49809265136719 -1 172.70785522460938 80.271621704101562 733 166.16465759277344 88.953857421875 1319 231.38035583496094 87.770317077636719 -1 33.083656311035156 56.096942901611328 -1 168.03030395507812 35.610496520996094 646 150.60038757324219 252.78781127929688 1412 168.03030395507812 35.610496520996094 -1 205.50579833984375 59.384941101074219 696 
107 0.9767576740182371 0.21017269325797655 -0.036488677073778876 -0.020987179433580628 0.60749677161933879 -0.30674464395957907 0.36252294202290786 1 000106.png
102.18306732177734 190.45135498046875 -1 102.18306732177734 190.45135498046875 -1 210.66712951660156 169.98538208007812 1492 143.38937377929688 33.533702850341797 -1 64.66339111328125 194.1981201171875 1381 90.431861877441406 29.682817459106445 1009 218.68998718261719 56.560512542724609 -1 86.315437316894531 166.65335083007812 1408 153.13618469238281 228.997802734375 1444 86.315437316894531 166.65335083007812 -1 193.55317687988281 162.78392028808594 1407 92.719863891601562 230.23333740234375 -1 94.288017272949219 153.77391052246094 -1 92.719863891601562 230.23333740234375 -1 113.55790710449219 212.66445922851562 1496 193.55317687988281 162.78392028808594 1409 233.71377563476562 159.0758056640625 1172 64.388076782226562 27.635190963745117 1359 94.288017272949219 153.77391052246094 -1 47.056549072265625 51.277889251708984 1173 160.46444702148438 38.103992462158203 756 114.63649749755859 25.634151458740234 -1 32.2637939453125 41.344940185546875 -1 147.91900634765625 132.4332275390625 -1 204.93544006347656 136.27381896972656 1062 110.43159484863281 164.5816650390625 1193 213.98320007324219 163.51933288574219 1170 92.013908386230469 191.38510131835938 -1 142.65147399902344 196.87544250488281 -1 103.62026977539062 200.91757202148438 -1 164.76261901855469 211.6019287109375 1383 150.36158752441406 237.058837890625 -1 208.88725280761719 53.562698364257812 -1 129.02545166015625 16.718088150024414 624 150.36158752441406 237.058837890625 -1 204.93544006347656 136.27381896972656 1034 92.013908386230469 191.38510131835938 1382 142.65147399902344 196.87544250488281 -1 103.62026977539062 200.91757202148438 -1 232.85617065429688 98.692123413085938 -1 162.38819885253906 97.002052307128906 -1 16.485492706298828 86.567672729492188 -1 166.89947509765625 79.720558166503906 725 223.57325744628906 76.464744567871094 826 183.49549865722656 57.625560760498047 -1 133.52224731445312 55.033115386962891 -1 90.856704711914062 246.10446166992188 -1 133.52224731445312 55.033115386962891 -1 166.89947509765625 79.720558166503906 771 135.30165100097656 236.49055480957031 1438 101.49835968017578 179.31169128417969 -1 65.300682067871094 220.2774658203125 1385 65.300682067871094 220.2774658203125 1388 101.49835968017578 179.31169128417969 -1 122.87033081054688 200.00343322753906 -1 99.844451904296875 143.21311950683594 1346 99.844451904296875 143.21311950683594 1331 152.3582763671875 215.10902404785156 -1 152.3582763671875 215.10902404785156 1410 82.777854919433594 240.53387451171875 -1 154.14826965332031 199.06880187988281 1246 236.88275146484375 176.33131408691406 -1 175.94589233398438 67.337860107421875 -1 161.29960632324219 93.967010498046875 -1 246.63642883300781 89.759620666503906 938 192.41635131835938 153.05697631835938 1417 74.263618469238281 38.781467437744141 1089 175.94589233398438 67.337860107421875 -1 17.44169807434082 72.839569091796875 -1 246.63642883300781 89.759620666503906 1349 158.21365356445312 114.16079711914062 -1 111.84400939941406 143.97181701660156 -1 236.88275146484375 176.33131408691406 -1 154.14826965332031 199.06880187988281 1332 82.777854919433594 240.53387451171875 -1 148.74789428710938 248.44737243652344 -1 148.74789428710938 248.44737243652344 1490 38.230194091796875 36.311923980712891 -1 135.15362548828125 34.632553100585938 774 163.35816955566406 203.10812377929688 1387 163.35816955566406 203.10812377929688 -1 234.36576843261719 167.1788330078125 -1 139.89701843261719 184.74919128417969 1202 129.66773986816406 190.24539184570312 1352 163.35816955566406 203.10812377929688 1370 161.28286743164062 91.531265258789062 -1 234.36576843261719 167.1788330078125 -1 112.70340728759766 220.22500610351562 -1 66.429519653320312 40.929454803466797 1012 38.230194091796875 36.311923980712891 -1 193.5911865234375 102.03961944580078 1216 226.10604858398438 109.33438873291016 1103 156.36190795898438 79.192764282226562 16 186.51341247558594 96.693771362304688 -1 186.51341247558594 96.693771362304688 -1 193.56027221679688 54.544609069824219 1326 174.06027221679688 95.243888854980469 292 174.06027221679688 95.243888854980469 697 135.15362548828125 34.632553100585938 -1 5.3402080535888672 74.251884460449219 -1 105.58753967285156 205.58572387695312 -1 242.01731872558594 165.62898254394531 -1 232.00291442871094 87.692550659179688 -1 157.31095886230469 227.91416931152344 -1 201.15983581542969 105.28775024414062 -1 5.370182991027832 85.168853759765625 -1 5.370182991027832 85.168853759765625 -1 14.218487739562988 78.248001098632812 -1 54.236865997314453 53.458091735839844 1067 47.21710205078125 58.412281036376953 -1 10.769691467285156 232.20115661621094 1394 157.31095886230469 227.91416931152344 -1 70.450630187988281 226.74691772460938 1414 99.803451538085938 195.73313903808594 -1 199.6572265625 139.6639404296875 -1 198.44306945800781 131.77940368652344 -1 201.15983581542969 105.28775024414062 -1 151.58921813964844 103.51841735839844 -1 185.92117309570312 95.299385070800781 -1 226.54743957519531 91.518882751464844 -1 5.370182991027832 85.168853759765625 -1 14.218487739562988 78.248001098632812 -1 237.3712158203125 172.6781005859375 -1 121.48833465576172 26.315153121948242 648 121.48833465576172 26.315153121948242 630 120.97237396240234 212.87840270996094 -1 237.3712158203125 172.6781005859375 -1 154.68287658691406 121.51241302490234 -1 164.99644470214844 48.467239379882812 695 159.2889404296875 241.24298095703125 -1 74.923492431640625 31.434139251708984 900 89.061721801757812 185.35842895507812 1207 113.01971435546875 7.4357833862304688 638 75.487777709960938 21.327953338623047 -1 166.90005493164062 36.001655578613281 646 60.961872100830078 42.252407073974609 1015 65.70819091796875 43.53704833984375 1025 39.580589294433594 43.777565002441406 -1 25.253240585327148 54.142879486083984 -1 24.565652847290039 63.093925476074219 -1 169.86589050292969 63.268474578857422 23 210.22721862792969 63.207698822021484 -1 162.1309814453125 77.47894287109375 -1 215.47477722167969 81.386093139648438 1121 248.05545043945312 87.920799255371094 -1 172.45919799804688 88.178718566894531 611 220.23538208007812 91.280014038085938 -1 185.31968688964844 93.491645812988281 -1 179.99626159667969 94.354713439941406 491 164.10691833496094 101.97349548339844 432 149.62545776367188 111.61733245849609 -1 197.04208374023438 149.88301086425781 1337 93.67376708984375 183.29814147949219 1399 237.78358459472656 183.64100646972656 -1 133.56565856933594 184.32406616210938 1253 85.917884826660156 189.77232360839844 1400 100.38722991943359 189.65806579589844 1211 87.084968566894531 201.45578002929688 1375 35.215496063232422 205.46592712402344 -1 30.222721099853516 210.38038635253906 1432 166.45095825195312 233.91290283203125 -1 159.2889404296875 241.24298095703125 1398 165.83624267578125 248.16917419433594 -1 74.923492431640625 31.434139251708984 899 166.90005493164062 36.001655578613281 -1 25.253240585327148 54.142879486083984 -1 162.1309814453125 77.47894287109375 -1 220.23538208007812 91.280014038085938 -1 164.10691833496094 101.97349548339844 818 197.04208374023438 149.88301086425781 1339 93.67376708984375 183.29814147949219 1395 237.78358459472656 183.64100646972656 -1 133.56565856933594 184.32406616210938 -1 85.917884826660156 189.77232360839844 1396 100.38722991943359 189.65806579589844 1403 87.084968566894531 201.45578002929688 1377 165.77392578125 215.15385437011719 -1 232.24781799316406 81.892387390136719 -1 13.441264152526855 227.56910705566406 -1 155.00004577636719 240.55279541015625 -1 128.3675537109375 33.141536712646484 1322 65.626991271972656 37.181755065917969 1024 116.68487548828125 3.2138261795043945 732 62.582023620605469 49.179477691650391 1301 14.876584053039551 70.367668151855469 -1 151.57127380371094 75.712799072265625 43 139.26957702636719 215.07357788085938 1442 6.6837801933288574 225.52413940429688 1386 19.692686080932617 77.426338195800781 -1 113.46109008789062 211.82206726074219 -1 12.220770835876465 78.407966613769531 -1 93.211441040039062 5.2474837303161621 -1 95.401832580566406 19.831071853637695 -1 235.11045837402344 79.157875061035156 -1 65.626991271972656 37.181755065917969 1018 62.582023620605469 49.179477691650391 1302 62.582023620605469 49.179477691650391 1016 14.876584053039551 70.367668151855469 -1 151.57127380371094 75.712799072265625 -1 12.220770835876465 78.407966613769531 -1 12.220770835876465 78.407966613769531 -1 12.220770835876465 78.407966613769531 -1 177.72712707519531 90.408035278320312 462 172.60728454589844 80.010795593261719 733 219.99600219726562 81.002540588378906 -1 177.72712707519531 90.408035278320312 655 185.32151794433594 92.310386657714844 -1 192.86090087890625 97.6214599609375 -1 228.84982299804688 97.507835388183594 -1 95.401832580566406 19.831071853637695 -1 135.62226867675781 188.48995971679688 -1 38.508018493652344 200.52046203613281 -1 166.17892456054688 89.005508422851562 603 181.19093322753906 88.725990295410156 47 111.07825469970703 85.447700500488281 716 7.6223545074462891 81.727630615234375 -1 161.61308288574219 80.885467529296875 -1 183.45201110839844 69.4560546875 -1 190.50096130371094 57.643863677978516 -1 192.46600341796875 51.357860565185547 1326 195.25218200683594 50.128486633300781 -1 60.671092987060547 45.220493316650391 -1 70.487846374511719 44.531909942626953 -1 116.846923828125 36.707187652587891 1003 109.09407043457031 35.917121887207031 1325 167.87675476074219 35.642623901367188 -1 192.46600341796875 51.357860565185547 -1 166.17892456054688 89.005508422851562 1319 153.23329162597656 231.92124938964844 -1 146.201171875 237.83061218261719 -1 172.70785522460938 239.89447021484375 -1 171.58108520507812 243.10340881347656 -1 18.008415222167969 252.89993286132812 -1 171.58108520507812 243.10340881347656 -1 172.39704895019531 60.089950561523438 -1 172.70785522460938 239.89447021484375 -1 146.201171875 237.83061218261719 -1 153.23329162597656 231.92124938964844 -1 145.68867492675781 229.51473999023438 1435 67.417144775390625 223.87033081054688 -1 143.04795837402344 217.49159240722656 -1 152.24679565429688 203.25669860839844 -1 90.342208862304688 198.31791687011719 1426 167.87675476074219 35.642623901367188 646 93.941421508789062 192.51228332519531 -1 190.47395324707031 172.16653442382812 -1 227.2918701171875 80.9259033203125 1353 237.47080993652344 89.645133972167969 -1 233.58160400390625 150.07879638671875 -1 230.56478881835938 148.14509582519531 1402 126.85576629638672 30.648849487304688 1322 225.73992919921875 115.04793548583984 -1 223.32174682617188 113.20563507080078 1355 156.04412841796875 96.874687194824219 1158 194.97749328613281 94.656715393066406 -1 172.15272521972656 89.523788452148438 611 114.13208770751953 2.0336766242980957 732 109.09407043457031 35.917121887207031 827 145.1968994140625 122.72765350341797 1311 
108 0.97675540777780889 0.21008456280554291 -0.036606417704180202 -0.021755919435345918 0.60704170469966101 -0.30767458310932166 0.362441310770653 1 000107.png
102.18502807617188 190.52970886230469 -1 102.18502807617188 190.52970886230469 -1 210.721923828125 169.98310852050781 1492 143.42481994628906 33.521602630615234 -1 64.792304992675781 194.03884887695312 1381 90.426628112792969 29.741687774658203 765 218.63494873046875 56.545322418212891 -1 86.276763916015625 166.59304809570312 1408 153.17326354980469 228.87521362304688 1444 86.276763916015625 166.59304809570312 -1 93.08135986328125 230.03079223632812 -1 93.08135986328125 230.03079223632812 -1 93.689613342285156 154.66448974609375 -1 233.78372192382812 159.07647705078125 1172 193.62078857421875 162.77525329589844 1409 93.689613342285156 154.66448974609375 -1 113.65716552734375 212.66558837890625 1496 193.62078857421875 162.77525329589844 1407 160.43194580078125 38.115692138671875 756 64.398117065429688 27.652030944824219 1359 47.053855895996094 51.277877807617188 1173 114.62938690185547 25.639244079589844 -1 213.99679565429688 163.49021911621094 1170 142.76995849609375 196.70924377441406 -1 92.064994812011719 191.38246154785156 -1 103.60745239257812 200.96232604980469 -1 164.85008239746094 211.53021240234375 1383 110.46482849121094 164.62417602539062 1193 32.315093994140625 41.362400054931641 -1 150.36054992675781 236.87835693359375 -1 142.76995849609375 196.70924377441406 -1 103.60745239257812 200.96232604980469 -1 208.95111083984375 53.590560913085938 -1 147.850830078125 133.14659118652344 -1 205.00323486328125 135.75541687011719 1062 92.064994812011719 191.38246154785156 1382 205.00323486328125 135.75541687011719 1034 131.34989929199219 222.67636108398438 -1 129.01937866210938 16.725744247436523 624 223.61112976074219 76.519981384277344 826 166.91554260253906 79.690109252929688 725 16.521892547607422 86.627113342285156 -1 162.4078369140625 97.010948181152344 -1 99.843765258789062 143.26026916503906 1346 65.389839172363281 220.27580261230469 1388 135.39241027832031 236.46331787109375 1438 90.934219360351562 246.05682373046875 -1 122.96929931640625 199.94134521484375 -1 65.389839172363281 220.27580261230469 1385 99.843765258789062 143.26026916503906 1331 183.51092529296875 57.692020416259766 -1 166.91554260253906 79.690109252929688 771 133.50120544433594 55.091636657714844 -1 133.50120544433594 55.091636657714844 -1 176.39120483398438 68.449127197265625 -1 152.56889343261719 215.08697509765625 1410 152.56889343261719 215.08697509765625 -1 154.19841003417969 199.02549743652344 1332 236.66780090332031 176.45890808105469 -1 111.84975433349609 143.95884704589844 -1 157.89793395996094 114.90110015869141 -1 246.6107177734375 89.821815490722656 1349 17.430110931396484 72.855392456054688 -1 74.27801513671875 38.775135040283203 1065 82.608634948730469 241.07414245605469 -1 246.6107177734375 89.821815490722656 938 236.66780090332031 176.45890808105469 -1 154.19841003417969 199.02549743652344 1246 175.89115905761719 66.631820678710938 -1 148.80667114257812 248.36508178710938 -1 192.40010070800781 152.87641906738281 1417 82.608634948730469 241.07414245605469 -1 148.80667114257812 248.36508178710938 1490 225.97438049316406 109.20849609375 1103 231.6556396484375 127.14433288574219 -1 231.6556396484375 127.14433288574219 -1 214.49801635742188 138.28160095214844 1513 242.10035705566406 166.29811096191406 -1 234.47962951660156 166.97795104980469 -1 139.946533203125 184.70835876464844 1202 129.72557067871094 190.18487548828125 1352 163.41302490234375 203.13591003417969 1370 120.57072448730469 220.93031311035156 -1 46.665088653564453 235.82972717285156 1450 37.265663146972656 36.7076416015625 -1 120.57072448730469 220.93031311035156 -1 163.41302490234375 203.13591003417969 1387 163.41302490234375 203.13591003417969 -1 234.47962951660156 166.97795104980469 -1 242.10035705566406 166.29811096191406 -1 174.08045959472656 95.276329040527344 -1 174.08045959472656 95.276329040527344 292 135.05947875976562 34.362995147705078 774 171.03073120117188 42.028270721435547 -1 171.03073120117188 42.028270721435547 675 106.32838439941406 14.942268371582031 -1 135.05947875976562 34.362995147705078 -1 66.432701110839844 40.903400421142578 1012 193.56254577636719 54.618572235107422 1326 112.82575225830078 220.232177734375 -1 156.32164001464844 79.210891723632812 16 161.2564697265625 91.554969787597656 -1 174.08045959472656 95.276329040527344 697 193.77532958984375 102.01621246337891 1216 231.948486328125 87.743484497070312 -1 186.3140869140625 96.346122741699219 -1 130.72088623046875 245.33860778808594 1419 133.03092956542969 182.74592590332031 -1 133.03092956542969 182.74592590332031 1253 10.701951026916504 232.32365417480469 1394 186.3140869140625 96.346122741699219 -1 157.37298583984375 227.86784362792969 -1 70.574562072753906 226.67205810546875 1414 232.65779113769531 194.50306701660156 1333 157.37298583984375 227.86784362792969 -1 237.21041870117188 183.8900146484375 -1 201.128173828125 105.19087982177734 -1 5.3029985427856445 85.14068603515625 -1 5.3029985427856445 85.14068603515625 -1 14.211858749389648 78.250053405761719 -1 237.21041870117188 183.8900146484375 -1 5.3049511909484863 74.207862854003906 -1 47.229679107666016 58.424873352050781 -1 54.235145568847656 53.465400695800781 1067 166.37266540527344 36.143337249755859 646 113.54685974121094 7.7065973281860352 638 110.24533843994141 173.6488037109375 -1 206.80099487304688 108.58758544921875 -1 201.128173828125 105.19087982177734 -1 151.6402587890625 103.46776580810547 -1 185.66825866699219 94.726860046386719 -1 226.4974365234375 91.417060852050781 -1 5.3029985427856445 85.14068603515625 -1 236.45947265625 81.197357177734375 -1 14.211858749389648 78.250053405761719 -1 121.49005889892578 26.292150497436523 648 121.49005889892578 26.292150497436523 630 74.891380310058594 31.455547332763672 900 76.344184875488281 20.575050354003906 -1 60.972377777099609 42.220165252685547 1015 165.05067443847656 48.585811614990234 695 24.555122375488281 63.136360168457031 -1 169.89772033691406 63.238643646240234 23 210.02635192871094 63.111873626708984 -1 182.39002990722656 69.621391296386719 -1 161.88673400878906 77.463508605957031 -1 15.323118209838867 77.766975402832031 -1 173.04513549804688 79.011558532714844 733 215.44869995117188 81.421882629394531 1121 221.23294067382812 85.427070617675781 -1 172.439453125 88.243888854980469 611 220.29298400878906 91.125 -1 185.28114318847656 93.582183837890625 -1 180.01731872558594 94.296852111816406 491 164.216796875 101.80827331542969 432 149.59776306152344 111.73104858398438 -1 105.2235107421875 129.76060485839844 -1 223.60121154785156 143.95321655273438 -1 197.06292724609375 149.82011413574219 1337 93.733787536621094 183.45176696777344 1399 133.67391967773438 184.41212463378906 -1 85.995185852050781 189.74528503417969 1400 100.41224670410156 189.58355712890625 1211 91.767845153808594 201.16981506347656 1426 87.140869140625 201.419189453125 1375 34.904018402099609 205.793212890625 -1 29.494283676147461 211.41477966308594 1432 166.62117004394531 233.85501098632812 -1 159.43180847167969 241.0780029296875 1398 164.04388427734375 243.2611083984375 -1 166.12026977539062 247.66679382324219 -1 65.684646606445312 43.579818725585938 1025 159.43180847167969 241.0780029296875 -1 74.891380310058594 31.455547332763672 899 112.79071044921875 7.392174243927002 638 161.88673400878906 77.463508605957031 -1 15.323118209838867 77.766975402832031 -1 164.216796875 101.80827331542969 818 149.59776306152344 111.73104858398438 -1 197.06292724609375 149.82011413574219 1339 93.733787536621094 183.45176696777344 1395 133.67391967773438 184.41212463378906 1253 85.995185852050781 189.74528503417969 1396 100.41224670410156 189.58355712890625 1403 87.140869140625 201.419189453125 1377 192.75923156738281 97.365264892578125 -1 228.62693786621094 97.484748840332031 -1 89.300895690917969 185.52760314941406 1207 135.54896545410156 188.25762939453125 -1 97.251655578613281 201.9105224609375 1361 117.62368011474609 214.50320434570312 -1 165.9248046875 215.10289001464844 -1 139.54888916015625 215.2738037109375 1442 17.713108062744141 251.25798034667969 -1 116.70079803466797 3.2405893802642822 732 14.883628845214844 70.3668212890625 -1 93.254104614257812 5.3135819435119629 -1 123.39852905273438 36.13134765625 -1 128.38229370117188 33.110984802246094 1322 109.37167358398438 35.214645385742188 1325 65.638496398925781 37.198539733886719 1024 62.580272674560547 49.208358764648438 1301 65.638496398925781 37.198539733886719 1018 62.580272674560547 49.208358764648438 1302 62.580272674560547 49.208358764648438 1016 14.883628845214844 70.3668212890625 -1 151.56707763671875 75.726287841796875 -1 12.131681442260742 78.439476013183594 -1 12.131681442260742 78.439476013183594 -1 12.131681442260742 78.439476013183594 -1 177.77076721191406 90.516197204589844 462 19.165733337402344 56.384860992431641 -1 151.56707763671875 75.726287841796875 43 19.660818099975586 77.610954284667969 -1 12.131681442260742 78.439476013183594 -1 235.20671081542969 79.2645263671875 -1 227.76669311523438 80.782295227050781 1353 232.04093933105469 82.023696899414062 -1 248.31867980957031 87.735267639160156 -1 237.29640197753906 89.366973876953125 -1 177.77076721191406 90.516197204589844 655 172.48994445800781 60.092918395996094 -1 168.07847595214844 60.202827453613281 -1 23.434417724609375 59.536998748779297 -1 190.47242736816406 57.682621002197266 -1 198.3382568359375 55.050193786621094 -1 192.41361999511719 51.3319091796875 1326 146.44439697265625 237.47091674804688 -1 70.512458801269531 44.52410888671875 -1 116.87688446044922 36.679325103759766 1003 109.07298278808594 35.968105316162109 1325 132.01777648925781 33.266613006591797 -1 126.88330078125 30.631933212280273 1322 114.50090026855469 1.6573872566223145 732 171.780517578125 242.79862976074219 -1 167.9368896484375 35.592227935791016 646 109.07298278808594 35.968105316162109 827 174.127685546875 50.22552490234375 -1 192.41361999511719 51.3319091796875 -1 168.07847595214844 60.202827453613281 -1 17.76203727722168 69.027862548828125 -1 153.55351257324219 77.950714111328125 -1 166.16998291015625 88.965087890625 1319 169.54524230957031 214.7735595703125 -1 153.21429443359375 231.87600708007812 -1 146.44439697265625 237.47091674804688 -1 171.780517578125 242.79862976074219 -1 172.84872436523438 234.67253112792969 -1 153.21429443359375 231.87600708007812 -1 140.114990234375 232.17559814453125 1391 145.78251647949219 229.48147583007812 1435 169.54524230957031 214.7735595703125 -1 152.03947448730469 203.88459777832031 -1 93.999488830566406 192.56138610839844 -1 114.46346282958984 132.56027221679688 -1 251.6673583984375 132.02899169921875 -1 145.27906799316406 123.42713928222656 1311 223.84701538085938 113.59171295166016 1355 174.127685546875 50.22552490234375 -1 188.52645874023438 90.554779052734375 -1 166.16998291015625 88.965087890625 603 181.12617492675781 88.71307373046875 47 111.01805114746094 85.2149658203125 716 7.5998611450195312 81.691947937011719 -1 153.55351257324219 77.950714111328125 -1 11.893166542053223 72.835884094238281 -1 225.16940307617188 72.334701538085938 -1 17.76203727722168 69.027862548828125 -1 167.9368896484375 35.592227935791016 -1 230.78407287597656 148.03706359863281 1402 
109 0.97674146123335703 0.21008104791222801 -0.036708409385240753 -0.022238792598349402 0.60675994136478706 -0.30834968142481833 0.36303469232075064 1 000108.png
102.32819366455078 190.8465576171875 -1 102.32819366455078 190.8465576171875 -1 210.79931640625 169.67152404785156 1492 143.37284851074219 33.47735595703125 -1 64.831199645996094 194.08375549316406 1381 90.410240173339844 29.645418167114258 1009 218.48747253417969 56.476486206054688 -1 86.978767395019531 165.64907836914062 1408 153.36428833007812 228.42108154296875 1444 86.978767395019531 165.64907836914062 -1 93.576576232910156 229.74305725097656 -1 93.576576232910156 229.74305725097656 -1 233.98411560058594 158.9649658203125 1172 113.93657684326172 212.58151245117188 1496 94.04754638671875 154.08042907714844 -1 193.90214538574219 162.58351135253906 1409 193.90214538574219 162.58351135253906 1407 94.04754638671875 154.08042907714844 -1 64.3807373046875 27.565183639526367 1359 160.44692993164062 38.090579986572266 756 114.61581420898438 25.626693725585938 -1 47.051471710205078 51.204742431640625 1173 92.259941101074219 191.35076904296875 -1 103.82518768310547 200.99397277832031 -1 142.95027160644531 196.48880004882812 -1 210.19561767578125 53.707687377929688 -1 204.84385681152344 135.69717407226562 1062 110.54782104492188 164.51393127441406 1193 32.246894836425781 41.390857696533203 -1 131.33792114257812 222.17990112304688 -1 147.82984924316406 132.43815612792969 -1 129.01040649414062 16.696281433105469 791 123.28585815429688 199.51725769042969 -1 103.82518768310547 200.99397277832031 -1 142.95027160644531 196.48880004882812 -1 92.259941101074219 191.35076904296875 1382 204.84385681152344 135.69717407226562 1034 150.63162231445312 236.66091918945312 -1 214.10844421386719 163.04054260253906 1170 183.50782775878906 57.750099182128906 -1 132.99137878417969 54.626308441162109 -1 176.35621643066406 68.410858154296875 -1 223.50343322753906 76.315116882324219 826 166.78041076660156 79.812530517578125 725 16.440139770507812 86.681892395019531 -1 65.66796875 220.07431030273438 1385 162.38154602050781 97.003402709960938 -1 152.17233276367188 214.78109741210938 1410 65.66796875 220.07431030273438 1388 152.17233276367188 214.78109741210938 -1 99.581451416015625 143.43818664550781 1331 135.69126892089844 236.30424499511719 1438 166.78041076660156 79.812530517578125 771 132.99137878417969 54.626308441162109 -1 165.53245544433594 211.63876342773438 1383 99.581451416015625 143.43818664550781 1346 75.784339904785156 233.70211791992188 1411 91.042617797851562 245.85513305664062 -1 75.784339904785156 233.70211791992188 -1 46.924457550048828 234.92265319824219 1450 163.60182189941406 202.36544799804688 -1 74.250923156738281 38.714424133300781 1065 237.03791809082031 175.86990356445312 -1 111.85334777832031 143.78646850585938 -1 157.82562255859375 115.10789489746094 -1 246.48391723632812 89.62518310546875 1349 17.401283264160156 72.84832763671875 -1 234.455322265625 166.29226684570312 -1 135.85203552246094 35.411399841308594 -1 234.455322265625 166.29226684570312 -1 154.36418151855469 199.04269409179688 1332 246.48391723632812 89.62518310546875 938 237.03791809082031 175.86990356445312 -1 135.85203552246094 35.411399841308594 774 163.60182189941406 202.36544799804688 1370 163.60182189941406 202.36544799804688 1387 148.97125244140625 248.05364990234375 -1 148.97125244140625 248.05364990234375 1490 140.17671203613281 184.44197082519531 1202 235.08221435546875 184.69026184082031 -1 129.94668579101562 190.00125122070312 1352 57.854286193847656 227.34625244140625 1424 235.08221435546875 184.69026184082031 -1 186.48745727539062 96.532127380371094 -1 174.04885864257812 95.221153259277344 -1 174.04885864257812 95.221153259277344 292 170.99540710449219 41.882156372070312 -1 170.99540710449219 41.882156372070312 675 186.00027465820312 58.045780181884766 -1 57.854286193847656 227.34625244140625 1425 106.14735412597656 15.057544708251953 -1 66.417198181152344 40.782264709472656 1012 193.569580078125 54.630542755126953 1326 175.69239807128906 66.067848205566406 -1 156.32698059082031 79.198837280273438 16 161.28849792480469 91.553184509277344 -1 174.04885864257812 95.221153259277344 697 186.48745727539062 96.532127380371094 -1 193.42521667480469 101.83910369873047 1216 226.04000854492188 108.9139404296875 1103 38.268791198730469 36.484916687011719 -1 47.204147338867188 58.359588623046875 -1 54.246273040771484 53.385646820068359 1067 157.69407653808594 227.61598205566406 -1 166.44126892089844 36.106037139892578 646 10.652337074279785 232.28829956054688 1394 70.776573181152344 226.73326110839844 1414 106.45492553710938 205.1588134765625 -1 157.69407653808594 227.61598205566406 -1 106.45492553710938 205.1588134765625 -1 237.16658020019531 183.71073913574219 -1 133.31233215332031 183.36395263671875 1253 201.21809387207031 104.90601348876953 -1 5.2099742889404297 85.183151245117188 -1 5.2099742889404297 85.183151245117188 -1 237.16658020019531 183.71073913574219 -1 166.44126892089844 36.106037139892578 -1 5.2099742889404297 85.183151245117188 -1 38.268791198730469 36.484916687011719 -1 113.48016357421875 7.6278572082519531 638 133.31233215332031 183.36395263671875 -1 225.9278564453125 181.34620666503906 -1 89.157569885253906 148.2919921875 1340 199.7222900390625 139.35108947753906 -1 214.28819274902344 137.45132446289062 1513 117.33828735351562 118.32179260253906 -1 201.21809387207031 104.90601348876953 -1 151.60951232910156 103.51203918457031 -1 185.79403686523438 94.677574157714844 -1 226.34901428222656 91.1756591796875 -1 231.85874938964844 87.232879638671875 -1 236.43473815917969 80.985282897949219 -1 5.3527421951293945 74.2254638671875 -1 121.52494049072266 26.331354141235352 648 121.52494049072266 26.331354141235352 630 220.1043701171875 80.505516052246094 -1 109.71853637695312 34.293460845947266 1325 60.982734680175781 42.228199005126953 1015 65.713409423828125 43.438800811767578 1025 39.468914031982422 43.843986511230469 -1 165.03390502929688 48.590408325195312 695 24.56694221496582 63.059364318847656 -1 169.86978149414062 63.265045166015625 23 209.90084838867188 62.980072021484375 -1 14.135105133056641 69.602005004882812 -1 161.95014953613281 77.528633117675781 -1 15.08536434173584 77.891510009765625 -1 215.36500549316406 81.338211059570312 1121 172.3836669921875 88.234901428222656 611 237.3812255859375 88.756134033203125 -1 220.30084228515625 91.049613952636719 -1 185.36610412597656 93.450103759765625 -1 180.05412292480469 94.28167724609375 491 164.14051818847656 101.87021636962891 432 149.55986022949219 111.66712188720703 -1 154.45797729492188 121.97711181640625 -1 250.97711181640625 136.30546569824219 -1 197.17237854003906 149.31925964355469 1337 57.390846252441406 181.3331298828125 -1 93.944297790527344 183.22872924804688 1395 86.307746887207031 189.6632080078125 1400 100.81904602050781 189.42352294921875 1211 87.291114807128906 201.32559204101562 1375 92.0472412109375 200.96871948242188 1426 6.8488402366638184 225.48538208007812 1386 159.62350463867188 240.96577453613281 1398 166.44105529785156 247.51812744140625 -1 25.41004753112793 54.067047119140625 -1 159.62350463867188 240.96577453613281 -1 74.961051940917969 31.36247444152832 899 74.961051940917969 31.36247444152832 900 109.71853637695312 34.293460845947266 827 25.41004753112793 54.067047119140625 -1 161.95014953613281 77.528633117675781 -1 15.08536434173584 77.891510009765625 -1 15.08536434173584 77.891510009765625 -1 164.14051818847656 101.87021636962891 818 197.17237854003906 149.31925964355469 1339 93.944297790527344 183.22872924804688 1399 86.307746887207031 189.6632080078125 1396 100.81904602050781 189.42352294921875 1403 87.291114807128906 201.32559204101562 1377 117.71379852294922 214.34593200683594 -1 166.15000915527344 214.92337036132812 -1 97.752410888671875 185.64732360839844 1251 155.47319030761719 240.029296875 -1 65.61328125 37.115535736083984 1024 65.61328125 37.115535736083984 1018 93.19085693359375 5.2242622375488281 -1 112.68586730957031 7.1871538162231445 638 62.577091217041016 49.109172821044922 1301 128.38409423828125 33.080173492431641 1322 12.097652435302734 78.482505798339844 -1 19.212873458862305 56.394767761230469 -1 220.67341613769531 98.849609375 -1 161.72242736816406 80.7991943359375 -1 62.577091217041016 49.109172821044922 1302 62.577091217041016 49.109172821044922 1016 19.212873458862305 56.394767761230469 -1 151.61865234375 75.608283996582031 -1 12.097652435302734 78.482505798339844 -1 12.097652435302734 78.482505798339844 -1 12.097652435302734 78.482505798339844 -1 177.79110717773438 90.431022644042969 462 151.61865234375 75.608283996582031 43 19.649272918701172 77.534934997558594 -1 235.18373107910156 79.297798156738281 -1 172.82337951660156 79.778450012207031 733 177.79110717773438 90.431022644042969 655 192.87661743164062 97.242385864257812 -1 228.95326232910156 97.2581787109375 -1 203.57015991210938 180.00083923339844 -1 135.6722412109375 187.87257385253906 -1 97.1766357421875 201.92979431152344 1361 228.26194763183594 74.478485107421875 -1 224.69769287109375 72.152572631835938 -1 17.696001052856445 68.9705810546875 -1 172.46446228027344 60.091571807861328 -1 23.899349212646484 59.126510620117188 -1 190.49130249023438 57.659332275390625 -1 198.08747863769531 54.997802734375 -1 192.48269653320312 51.339012145996094 1326 70.329643249511719 44.540840148925781 -1 116.86962890625 36.677875518798828 1003 145.98881530761719 229.52253723144531 1435 98.353553771972656 26.513214111328125 -1 108.95203399658203 13.937143325805664 -1 114.28562164306641 1.8914186954498291 732 167.99026489257812 35.616779327392578 -1 109.06842041015625 35.950046539306641 827 109.06842041015625 35.950046539306641 1325 17.696001052856445 68.9705810546875 -1 153.4783935546875 77.888160705566406 -1 166.18397521972656 88.99432373046875 1319 253.12075805664062 90.641441345214844 -1 251.99217224121094 131.95050048828125 -1 185.10740661621094 163.55517578125 -1 105.99693298339844 222.96116638183594 -1 146.74200439453125 237.41058349609375 -1 165.59687805175781 253.74400329589844 -1 129.86557006835938 238.67097473144531 -1 7.0903129577636719 226.45892333984375 -1 165.59687805175781 253.74400329589844 -1 146.74200439453125 237.41058349609375 -1 144.60012817382812 226.01211547851562 -1 105.99693298339844 222.96116638183594 -1 152.50315856933594 209.53022766113281 -1 185.10740661621094 163.55517578125 -1 129.86557006835938 238.67097473144531 -1 251.99217224121094 131.95050048828125 -1 168.934814453125 96.888961791992188 276 167.99026489257812 35.616779327392578 646 156.26087951660156 96.95086669921875 1158 253.12075805664062 90.641441345214844 1078 14.568249702453613 243.86749267578125 -1 166.18397521972656 88.99432373046875 603 181.15473937988281 88.729667663574219 47 232.00711059570312 81.815765380859375 -1 7.4760847091674805 81.742691040039062 -1 226.77156066894531 80.680641174316406 1353 153.4783935546875 77.888160705566406 -1 192.48269653320312 51.339012145996094 -1 145.24099731445312 122.81288146972656 1311 247.89558410644531 132.25688171386719 -1 103.20040130615234 43.716594696044922 -1 178.72624206542969 83.773468017578125 -1 
110 0.97693076006698243 0.21086349526133266 -0.033591899885088039 -0.0038027178743880348 0.62129282940990704 -0.30122688523330454 0.34784756568146113 1 000114.png
93.797836303710938 164.61729431152344 -1 169.19209289550781 220.6317138671875 -1 145.79161071777344 35.362358093261719 -1 45.093505859375 183.81230163574219 1420 185.55427551269531 143.07464599609375 -1 199.12355041503906 156.80636596679688 -1 185.55427551269531 143.07464599609375 -1 45.612060546875 24.413366317749023 -1 15.681442260742188 35.032085418701172 -1 205.88510131835938 125.17139434814453 1407 75.249626159667969 139.13465881347656 1381 233.27981567382812 150.96665954589844 -1 158.30841064453125 181.42448425292969 1444 205.88510131835938 125.17139434814453 1409 205.88510131835938 125.17139434814453 -1 251.108642578125 125.27401733398438 -1 100.69031524658203 141.325439453125 1382 19.005949020385742 152.52540588378906 -1 117.43278503417969 26.3831787109375 723 161.90885925292969 39.223670959472656 756 228.118896484375 127.84470367431641 1170 106.35034942626953 181.44581604003906 -1 95.627662658691406 192.39886474609375 -1 119.14311981201172 222.067138671875 -1 116.03042602539062 240.57363891601562 -1 117.43278503417969 26.3831787109375 -1 139.54670715332031 186.87538146972656 1438 152.10554504394531 200.46630859375 1490 219.96310424804688 100.05909729003906 1062 157.82063293457031 168.65919494628906 1410 126.65043640136719 13.524418830871582 624 11.361757278442383 33.393238067626953 -1 182.67478942871094 58.805152893066406 -1 167.00254821777344 80.10186767578125 771 118.83343505859375 95.44525146484375 -1 162.59066772460938 97.805404663085938 -1 167.00254821777344 80.10186767578125 725 20.064903259277344 158.16056823730469 1386 219.96310424804688 100.05909729003906 1034 141.85142517089844 166.23115539550781 -1 172.29252624511719 167.17088317871094 1383 17.504219055175781 169.04412841796875 -1 89.388877868652344 182.07156372070312 1454 53.051185607910156 17.133821487426758 -1 82.161796569824219 176.09474182128906 1411 113.70159149169922 166.77508544921875 -1 72.760154724121094 163.36996459960938 1385 169.73114013671875 157.06771850585938 -1 239.718017578125 137.87550354003906 -1 101.41820526123047 106.62109375 -1 161.20993041992188 94.291053771972656 -1 132.31927490234375 55.485050201416016 -1 32.549503326416016 52.350749969482422 -1 100.72988128662109 32.667995452880859 623 169.73114013671875 157.06771850585938 1387 148.74046325683594 211.51130676269531 1530 101.41820526123047 106.62109375 -1 72.760154724121094 163.36996459960938 1388 148.74046325683594 211.51130676269531 -1 156.45808410644531 78.980720520019531 16 161.191650390625 91.905776977539062 -1 211.86039733886719 112.82511138916016 1337 247.54043579101562 116.66130065917969 -1 25.790285110473633 172.32315063476562 1394 146.71588134765625 180.96327209472656 1391 157.94259643554688 193.85755920410156 1412 99.097427368164062 198.28726196289062 1423 112.72330474853516 218.4671630859375 -1 131.59896850585938 219.19728088378906 -1 115.09462738037109 225.99880981445312 -1 122.6962890625 226.98323059082031 -1 32.081916809082031 20.219804763793945 -1 193.60824584960938 54.541213989257812 1326 116.74594116210938 10.5775146484375 -1 116.74594116210938 10.5775146484375 -1 116.74594116210938 10.5775146484375 -1 211.86039733886719 112.82511138916016 1339 247.54043579101562 116.66130065917969 -1 112.72330474853516 218.4671630859375 -1 115.09462738037109 225.99880981445312 -1 103.05661773681641 22.351903915405273 -1 153.37356567382812 227.85281372070312 -1 175.56515502929688 65.860481262207031 -1 136.59278869628906 60.484939575195312 -1 170.66603088378906 41.519779205322266 -1 4.0709905624389648 40.974651336669922 -1 180.47329711914062 158.86500549316406 -1 250.43708801269531 135.83059692382812 -1 174.54731750488281 95.364456176757812 697 168.74008178710938 91.982566833496094 -1 168.74008178710938 91.982566833496094 603 170.66603088378906 41.519779205322266 675 71.254196166992188 4.0367355346679688 -1 27.464912414550781 27.370742797851562 -1 111.47247314453125 23.531028747558594 -1 71.254196166992188 4.0367355346679688 -1 168.74008178710938 91.982566833496094 1319 145.35646057128906 193.48056030273438 1440 134.31077575683594 193.7110595703125 1419 180.47329711914062 158.86500549316406 -1 25.832721710205078 164.79110717773438 1413 77.332878112792969 169.44090270996094 1414 145.35646057128906 193.48056030273438 1439 77.332878112792969 169.44090270996094 1415 25.832721710205078 164.79110717773438 -1 180.47329711914062 158.86500549316406 -1 98.38800048828125 151.25529479980469 1426 155.60980224609375 150.52337646484375 -1 250.43708801269531 135.83059692382812 -1 112.72700500488281 105.53659820556641 -1 151.552001953125 103.32135772705078 -1 174.54731750488281 95.364456176757812 292 251.07002258300781 146.89424133300781 -1 251.07002258300781 146.89424133300781 -1 179.97679138183594 94.399604797363281 491 204.68414306640625 108.96080017089844 1417 149.59483337402344 111.65701293945312 -1 97.008033752441406 133.57521057128906 1207 101.09951782226562 134.5001220703125 1395 105.28839874267578 134.49264526367188 -1 106.50159454345703 145.67218017578125 -1 68.853355407714844 158.25236511230469 1418 163.07484436035156 191.42877197265625 1398 61.431320190429688 10.992995262145996 -1 45.299068450927734 13.775572776794434 -1 38.150932312011719 19.790163040161133 -1 15.145648956298828 22.32459831237793 -1 6.4006490707397461 26.019414901733398 -1 15.167046546936035 29.247182846069336 -1 17.050113677978516 32.90655517578125 -1 121.67479705810547 41.751811981201172 -1 121.01380157470703 47.52716064453125 -1 108.89859008789062 51.528388977050781 -1 177.3946533203125 60.377891540527344 -1 121.01380157470703 47.52716064453125 -1 108.89859008789062 51.528388977050781 -1 204.68414306640625 108.96080017089844 -1 149.59483337402344 111.65701293945312 -1 101.09951782226562 134.5001220703125 1399 170.00466918945312 63.201305389404297 23 163.07484436035156 191.42877197265625 -1 209.61955261230469 68.592254638671875 1390 165.21661376953125 213.56764221191406 -1 165.21661376953125 213.56764221191406 -1 107.60517120361328 139.39530944824219 1403 10.315271377563477 25.793472290039062 -1 128.30422973632812 33.236888885498047 1322 151.6011962890625 75.701362609863281 43 173.00360107421875 79.468544006347656 733 92.289154052734375 144.06216430664062 1249 177.5224609375 90.912727355957031 655 134.4820556640625 232.18043518066406 -1 162.52748107910156 211.54440307617188 -1 168.95614624023438 212.72088623046875 -1 134.4820556640625 232.18043518066406 -1 151.6011962890625 75.701362609863281 -1 177.5224609375 90.912727355957031 462 165.21661376953125 213.56764221191406 -1 165.21661376953125 213.56764221191406 -1 172.93682861328125 60.173206329345703 -1 192.4700927734375 51.397884368896484 1326 173.98960876464844 50.190853118896484 -1 102.94416809082031 43.571830749511719 -1 116.89339447021484 36.688629150390625 -1 108.970458984375 36.070453643798828 827 167.73020935058594 32.328758239746094 -1 3.8084855079650879 32.090213775634766 -1 21.030349731445312 29.615238189697266 -1 27.81396484375 21.830709457397461 -1 56.868656158447266 11.111506462097168 -1 106.18284606933594 88.668807983398438 -1 24.768396377563477 20.946624755859375 -1 172.02316284179688 89.597160339355469 611 163.2530517578125 103.91725158691406 -1 145.11994934082031 122.36943054199219 1311 170.84812927246094 208.62922668457031 -1 185.06503295898438 181.58938598632812 -1 24.768396377563477 20.946624755859375 -1 3.8084855079650879 32.090213775634766 -1 3.8084855079650879 32.090213775634766 -1 108.970458984375 36.070453643798828 1325 173.98960876464844 50.190853118896484 -1 192.4700927734375 51.397884368896484 -1 153.55400085449219 77.914695739746094 -1 185.06503295898438 181.58938598632812 -1 158.01387023925781 226.94984436035156 -1 173.96539306640625 197.67524719238281 -1 172.91300964355469 199.92817687988281 -1 114.27867126464844 1.913698673248291 638 111.13713073730469 85.913421630859375 716 153.55400085449219 77.914695739746094 -1 189.48646545410156 61.369022369384766 -1 177.50712585449219 196.49772644042969 -1 163.266357421875 186.24223327636719 1404 178.57498168945312 194.19813537597656 -1 177.50712585449219 196.49772644042969 -1 173.96539306640625 197.67524719238281 -1 172.91300964355469 199.92817687988281 -1 173.64260864257812 203.82275390625 -1 165.76034545898438 207.27273559570312 -1 128.1937255859375 36.4039306640625 -1 187.22856140136719 176.29969787597656 -1 
111 0.97667323315110888 0.2100629343257687 -0.037078873393369134 -0.024660016554861341 0.60546072471867829 -0.31235183746749057 0.36110104317159319 1 000109.png
102.09254455566406 190.912353515625 -1 102.09254455566406 190.912353515625 -1 211.31777954101562 166.84489440917969 1492 143.50181579589844 33.579612731933594 -1 192.73890686035156 75.395538330078125 -1 65.416114807128906 191.23046875 1381 90.449058532714844 27.731821060180664 765 66.071998596191406 54.728660583496094 1007 86.298583984375 164.16485595703125 1408 223.53939819335938 183.66157531738281 1330 154.0716552734375 224.74940490722656 1444 86.298583984375 164.16485595703125 -1 115.21753692626953 209.64105224609375 1496 127.33887481689453 166.15353393554688 -1 194.8070068359375 159.67268371582031 1409 239.0142822265625 91.236434936523438 -1 64.649833679199219 25.022035598754883 1359 46.887729644775391 48.496757507324219 1173 160.44967651367188 38.109054565429688 756 114.64033508300781 25.418472290039062 -1 114.64033508300781 25.418472290039062 723 239.0142822265625 91.236434936523438 -1 194.8070068359375 159.67268371582031 1407 215.06205749511719 160.08436584472656 1170 144.0838623046875 193.87353515625 -1 132.53944396972656 219.43351745605469 -1 151.56916809082031 233.10186767578125 -1 147.86228942871094 132.66436767578125 -1 144.0838623046875 193.87353515625 -1 93.145851135253906 188.46235656738281 -1 93.145851135253906 188.46235656738281 1382 31.847080230712891 39.296760559082031 -1 44.555507659912109 65.734565734863281 -1 235.02763366699219 155.53153991699219 1172 127.40777587890625 14.757230758666992 791 133.24642944335938 54.655811309814453 -1 183.5634765625 57.593818664550781 -1 166.82757568359375 79.730400085449219 725 15.776116371154785 83.003173828125 -1 162.45356750488281 97.088966369628906 -1 205.51065063476562 132.53578186035156 1062 92.087554931640625 243.17658996582031 -1 136.92631530761719 233.1170654296875 1438 66.562782287597656 217.11915588378906 1388 152.99653625488281 211.55458068847656 1410 159.297119140625 111.56085205078125 -1 150.93962097167969 246.12759399414062 -1 150.93962097167969 246.12759399414062 1490 92.087554931640625 243.17658996582031 -1 66.562782287597656 217.11915588378906 1385 152.99653625488281 211.55458068847656 -1 205.51065063476562 132.53578186035156 1034 166.82757568359375 79.730400085449219 771 133.24642944335938 54.655811309814453 -1 100.06372833251953 141.05267333984375 1331 100.06372833251953 141.05267333984375 1346 166.97163391113281 208.26429748535156 1383 124.54180145263672 197.52275085449219 -1 110.55949401855469 161.57595825195312 1193 76.822914123535156 230.50643920898438 -1 76.822914123535156 230.50643920898438 1411 175.92762756347656 67.059402465820312 -1 136.22611999511719 35.695205688476562 -1 175.92762756347656 67.059402465820312 -1 237.97422790527344 172.32083129882812 -1 164.61256408691406 199.04293823242188 1387 136.22611999511719 35.695205688476562 774 164.61256408691406 199.04293823242188 -1 74.354393005371094 35.817878723144531 1065 237.97422790527344 172.32083129882812 -1 155.37779235839844 196.22215270996094 1332 164.61256408691406 199.04293823242188 1370 205.57539367675781 91.50067138671875 1371 234.174072265625 82.358688354492188 -1 223.49952697753906 74.779693603515625 826 17.030250549316406 70.592880249023438 -1 19.980495452880859 102.82363128662109 -1 226.72976684570312 106.2626953125 1103 112.3336181640625 140.60235595703125 -1 141.3907470703125 181.62240600585938 1202 130.70863342285156 187.40888977050781 1352 114.46746826171875 216.39669799804688 -1 58.767845153808594 224.0284423828125 1424 106.47029876708984 245.24240112304688 -1 95.477462768554688 250.27842712402344 1423 58.767845153808594 224.0284423828125 1425 174.08462524414062 95.289131164550781 292 245.35087585449219 87.798896789550781 1349 37.730796813964844 33.576580047607422 -1 171.00265502929688 41.732303619384766 675 106.47663116455078 202.42350769042969 -1 193.4427490234375 147.82536315917969 1417 171.00265502929688 41.732303619384766 -1 106.54253387451172 15.19572925567627 -1 37.730796813964844 33.576580047607422 -1 66.416053771972656 37.721393585205078 1012 193.5701904296875 54.636966705322266 1326 156.35556030273438 79.190322875976562 16 245.35087585449219 87.798896789550781 938 161.28852844238281 91.588165283203125 -1 174.08462524414062 95.289131164550781 697 187.38536071777344 94.651863098144531 -1 193.95697021484375 99.501266479492188 1216 151.67698669433594 103.46748352050781 -1 4.4106225967407227 82.697502136230469 -1 5.4927811622619629 71.749252319335938 -1 46.774227142333984 56.348239898681641 -1 54.121875762939453 50.416851043701172 1067 101.75066375732422 44.047985076904297 -1 155.87004089355469 241.27366638183594 1412 132.6041259765625 241.794677734375 1419 93.567977905273438 235.57655334472656 -1 158.87269592285156 224.23811340332031 -1 71.7757568359375 223.59599304199219 1415 4.4106225967407227 82.697502136230469 -1 227.14900207519531 88.382179260253906 -1 61.017330169677734 38.595802307128906 1015 11.780454635620117 229.8555908203125 1394 142.33818054199219 227.1932373046875 1391 158.87269592285156 224.23811340332031 -1 71.7757568359375 223.59599304199219 1414 103.6082763671875 210.03031921386719 -1 127.33892059326172 208.88175964355469 -1 114.98192596435547 198.29049682617188 -1 213.76948547363281 163.4410400390625 1347 200.72344970703125 136.44746398925781 -1 113.36457824707031 129.80487060546875 -1 85.564682006835938 192.35890197753906 1249 121.46446990966797 26.308752059936523 630 46.148883819580078 61.772640228271484 -1 109.79431915283203 34.068378448486328 827 121.46446990966797 26.308752059936523 648 109.79431915283203 34.068378448486328 1325 160.82772827148438 237.55157470703125 1398 167.71368408203125 244.06234741210938 -1 75.527992248535156 28.782665252685547 899 31.017139434814453 207.75259399414062 1432 112.74026489257812 7.3385524749755859 638 61.078239440917969 39.448768615722656 1015 65.616783142089844 40.705875396728516 1025 39.195297241210938 41.415809631347656 -1 75.924263000488281 41.568092346191406 -1 165.11044311523438 48.733989715576172 695 24.909603118896484 51.684402465820312 -1 51.073253631591797 58.120941162109375 -1 169.88929748535156 63.273544311523438 23 161.78866577148438 77.486824035644531 -1 216.01029968261719 78.361328125 1121 235.91917419433594 80.11883544921875 -1 180.00755310058594 82.623878479003906 -1 172.40301513671875 88.296737670898438 611 221.0872802734375 88.469856262207031 -1 180.11067199707031 94.228775024414062 491 183.96562194824219 97.485099792480469 -1 149.61033630371094 111.66176605224609 -1 198.30987548828125 146.13710021972656 1337 201.54800415039062 151.85523986816406 -1 209.57524108886719 160.4344482421875 -1 219.39677429199219 168.42169189453125 -1 57.458576202392578 179.55372619628906 -1 94.703758239746094 180.66551208496094 1395 90.169120788574219 182.01658630371094 1207 99.024765014648438 182.12690734863281 1251 137.31195068359375 186.50413513183594 -1 87.15911865234375 186.75303649902344 1400 101.47801208496094 186.61309814453125 1211 98.036170959472656 197.40570068359375 1361 88.173553466796875 198.10891723632812 1375 92.920021057128906 198.06288146972656 1426 72.367301940917969 210.795654296875 1431 7.3833856582641602 222.2044677734375 1386 61.331790924072266 224.59391784667969 1424 160.82772827148438 237.55157470703125 -1 167.71368408203125 244.06234741210938 -1 75.527992248535156 28.782665252685547 900 24.909603118896484 51.684402465820312 -1 161.78866577148438 77.486824035644531 -1 180.11067199707031 94.228775024414062 -1 183.96562194824219 97.485099792480469 -1 149.61033630371094 111.66176605224609 -1 198.30987548828125 146.13710021972656 1339 94.703758239746094 180.66551208496094 1399 87.15911865234375 186.75303649902344 1396 101.47801208496094 186.61309814453125 1403 88.173553466796875 198.10891723632812 1377 65.577247619628906 34.520153045654297 1018 209.71966552734375 165.04069519042969 -1 31.170022964477539 54.829120635986328 -1 14.318439483642578 67.858871459960938 -1 23.219257354736328 68.305923461914062 -1 19.436643600463867 74.236091613769531 -1 151.59413146972656 75.670486450195312 43 11.61759090423584 76.514984130859375 -1 173.1790771484375 79.252288818359375 733 182.52413940429688 80.34320068359375 -1 238.18756103515625 86.240310668945312 -1 62.558952331542969 46.373989105224609 1301 177.74943542480469 90.349014282226562 655 224.28346252441406 107.14305114746094 -1 224.0152587890625 110.63991546630859 1355 167.37709045410156 211.85395812988281 -1 150.53219604492188 237.03736877441406 -1 78.273063659667969 238.87193298339844 -1 101.38115692138672 240.81684875488281 -1 75.928359985351562 32.737514495849609 -1 158.29971313476562 229.59902954101562 1404 126.28757476806641 38.193672180175781 -1 62.558952331542969 46.373989105224609 1302 62.558952331542969 46.373989105224609 1016 31.170022964477539 54.829120635986328 -1 14.318439483642578 67.858871459960938 -1 23.219257354736328 68.305923461914062 -1 151.59413146972656 75.670486450195312 -1 11.61759090423584 76.514984130859375 -1 11.61759090423584 76.514984130859375 -1 116.70508575439453 3.2798759937286377 732 93.2039794921875 5.2183065414428711 -1 122.85198974609375 8.0190773010253906 -1 94.836563110351562 17.9439697265625 -1 75.928359985351562 32.737514495849609 -1 128.32986450195312 33.199661254882812 1322 65.577247619628906 34.520153045654297 1024 126.28757476806641 38.193672180175781 1406 6.9685325622558594 79.788604736328125 -1 21.018039703369141 77.1038818359375 -1 163.4974365234375 75.079559326171875 -1 16.362466812133789 75.038993835449219 -1 26.41326904296875 70.85186767578125 -1 11.566158294677734 70.588027954101562 -1 6.7998089790344238 86.355422973632812 -1 172.48202514648438 60.083103179931641 -1 190.51103210449219 57.648117065429688 -1 22.964288711547852 57.419570922851562 -1 192.42817687988281 51.337535858154297 1326 55.852706909179688 50.583694458007812 -1 174.20065307617188 49.705196380615234 -1 64.731971740722656 48.400623321533203 -1 70.73480224609375 41.583591461181641 -1 109.085693359375 35.918148040771484 1325 109.085693359375 35.918148040771484 827 174.20065307617188 49.705196380615234 -1 55.852706909179688 50.583694458007812 -1 192.42817687988281 51.337535858154297 -1 6.9685325622558594 79.788604736328125 -1 166.16960144042969 89.021598815917969 1319 158.97175598144531 187.98100280761719 -1 114.42192077636719 1.7863491773605347 732 126.93166351318359 30.668682098388672 1322 158.97175598144531 187.98100280761719 -1 153.56880187988281 199.27880859375 -1 87.053550720214844 192.31509399414062 -1 154.93869018554688 228.22512817382812 -1 114.50482177734375 124.6141357421875 -1 145.2576904296875 122.91115570068359 1311 220.94253540039062 105.34222412109375 -1 116.79178619384766 36.713577270507812 1003 160.53170776367188 231.08189392089844 1404 9.7717123031616211 63.424625396728516 -1 208.45819091796875 97.589813232421875 -1 168.98092651367188 96.901115417480469 276 145.6243896484375 222.96563720703125 -1 230.46061706542969 189.02378845214844 -1 156.01701354980469 96.864105224609375 1158 172.203857421875 89.464653015136719 611 181.01004028320312 88.806915283203125 47 166.16960144042969 89.021598815917969 603 191.78005981445312 87.053535461425781 1053 111.03298950195312 85.201370239257812 716 165.03358459472656 253.68087768554688 -1 12.122733116149902 222.80352783203125 -1 168.08718872070312 35.541526794433594 -1 232.20584106445312 79.375396728515625 -1 168.08718872070312 35.541526794433594 646 
112 0.97682251511757789 0.21025647826759836 -0.035965220601195107 -0.017790171808717937 0.61082192106648747 -0.31126302906706232 0.35524945543847863 1 000112.png
99.472938537597656 59.577346801757812 -1 97.997688293457031 183.2523193359375 -1 213.71827697753906 148.41377258300781 1472 144.17596435546875 34.143844604492188 -1 38.451187133789062 209.98431396484375 1420 125.49414825439453 159.57015991210938 -1 86.1805419921875 25.409324645996094 -1 225.92515563964844 165.87449645996094 1330 155.10191345214844 202.45864868164062 1444 104.72241973876953 243.24456787109375 -1 104.72241973876953 243.24456787109375 -1 104.72241973876953 243.24456787109375 -1 50.7574462890625 26.280994415283203 1173 54.958736419677734 178.60028076171875 1368 95.675621032714844 200.22549438476562 -1 95.675621032714844 200.22549438476562 -1 117.35782623291016 186.20285034179688 -1 115.29906463623047 25.032686233520508 723 239.62391662597656 139.93901062011719 1172 147.74238586425781 131.83537292480469 -1 219.13639831542969 143.37358093261719 1170 95.74603271484375 165.50431823730469 1382 36.408554077148438 20.494297027587891 -1 161.33058166503906 38.584342956542969 756 95.74603271484375 165.50431823730469 -1 87.693496704101562 9.4490776062011719 -1 100.29160308837891 31.553791046142578 623 47.363430023193359 42.865016937255859 -1 17.766794204711914 50.387386322021484 -1 183.19769287109375 59.580142974853516 -1 162.87040710449219 97.748703002929688 -1 100.54078674316406 124.10881042480469 1346 168.57952880859375 187.0546875 1383 167.0814208984375 79.8968505859375 771 127.20326232910156 14.237767219543457 791 93.054351806640625 218.23863220214844 -1 210.18287658691406 116.27475738525391 1062 137.65150451660156 209.46025085449219 1438 151.19566345214844 222.82742309570312 1490 106.31453704833984 176.45133972167969 -1 210.18287658691406 116.27475738525391 1034 87.693496704101562 9.4490776062011719 -1 167.0814208984375 79.8968505859375 725 100.54078674316406 124.10881042480469 1331 9.3453302383422852 199.20223999023438 -1 69.08978271484375 190.91644287109375 1388 101.97861480712891 121.60003662109375 1331 69.08978271484375 190.91644287109375 1385 101.97861480712891 121.60003662109375 1346 211.48721313476562 76.331520080566406 -1 175.83366394042969 66.691978454589844 -1 111.81431579589844 141.07255554199219 1193 156.99406433105469 175.71299743652344 1332 166.04624938964844 177.4730224609375 1387 49.081111907958984 7.8401041030883789 1137 49.081111907958984 7.8401041030883789 -1 166.04624938964844 177.4730224609375 1370 124.42582702636719 10.687594413757324 -1 77.936630249023438 14.570466995239258 1065 199.15095520019531 117.06825256347656 -1 79.261787414550781 203.50691223144531 1411 11.815308570861816 189.68998718261719 1386 242.12147521972656 97.555702209472656 1402 61.266845703125 196.58793640136719 1425 156.27995300292969 49.1292724609375 -1 156.4393310546875 79.0767822265625 16 55.257774353027344 36.351478576660156 -1 120.28512573242188 244.01516723632812 -1 118.71987152099609 162.68603515625 -1 223.60749816894531 85.415115356445312 1336 232.90455627441406 91.115989685058594 1103 174.11515808105469 95.289283752441406 697 241.63851928710938 155.40138244628906 1525 115.72484588623047 195.48387145996094 -1 61.266845703125 196.58793640136719 1424 50.846420288085938 202.51113891601562 1450 143.73846435546875 202.94288635253906 1391 156.31224060058594 216.22503662109375 1412 97.046005249023438 224.28887939453125 1423 131.36585998535156 244.91885375976562 -1 153.63282775878906 251.94416809082031 -1 156.27995300292969 49.1292724609375 -1 170.99349975585938 42.727203369140625 -1 170.99349975585938 42.727203369140625 675 135.01202392578125 34.722503662109375 -1 193.48799133300781 54.431079864501953 1326 118.71987152099609 162.68603515625 -1 102.941162109375 211.75672912597656 -1 236.81982421875 173.64865112304688 1333 241.63851928710938 155.40138244628906 1515 135.01202392578125 34.722503662109375 774 174.11515808105469 95.289283752441406 292 174.11515808105469 95.289283752441406 -1 48.929679870605469 34.358123779296875 -1 102.43053436279297 44.107707977294922 -1 33.670387268066406 48.949691772460938 -1 241.21084594726562 162.49958801269531 1466 122.45983123779297 250.12783813476562 -1 140.21788024902344 125.13677215576172 -1 17.478601455688477 201.93057250976562 1394 199.05329895019531 83.986015319824219 1216 74.095405578613281 196.96958923339844 1414 18.816516876220703 193.65354919433594 1416 202.77584838867188 128.69493103027344 1337 103.18410491943359 169.49520874023438 -1 74.095405578613281 196.96958923339844 1415 44.649459838867188 20.70085334777832 -1 18.816516876220703 193.65354919433594 1413 151.64346313476562 103.33531951904297 -1 241.21084594726562 162.49958801269531 -1 189.44514465332031 68.283027648925781 -1 202.77584838867188 128.69493103027344 1339 189.44514465332031 68.283027648925781 -1 16.935379028320312 57.161369323730469 -1 133.16831970214844 217.35348510742188 1419 202.09796142578125 58.439430236816406 -1 177.00079345703125 60.50775146484375 -1 169.98048400878906 63.185237884521484 23 193.02752685546875 66.131690979003906 -1 180.05810546875 94.249732971191406 491 149.60493469238281 111.59408569335938 -1 113.46609497070312 119.55165100097656 -1 204.27581787109375 119.46510314941406 -1 196.95368957519531 127.48865509033203 1417 92.640777587890625 157.81524658203125 1207 89.687347412109375 162.99299621582031 1396 103.79305267333984 163.24305725097656 1403 94.712837219238281 174.60716247558594 1426 28.060897827148438 184.03507995605469 -1 64.733085632324219 185.922119140625 1418 161.407958984375 213.45692443847656 1398 124.85220336914062 240.54769897460938 -1 97.036788940429688 158.09957885742188 1395 83.047828674316406 9.8357343673706055 -1 90.524398803710938 5.5607476234436035 -1 96.363998413085938 10.751748085021973 -1 79.824310302734375 20.079853057861328 -1 109.15597534179688 24.0640869140625 -1 41.111965179443359 35.412544250488281 -1 21.997812271118164 44.355293273925781 -1 4.797701358795166 53.951919555664062 -1 4.3942985534667969 58.674701690673828 -1 83.047828674316406 9.8357343673706055 -1 90.524398803710938 5.5607476234436035 -1 193.02752685546875 66.131690979003906 -1 149.60493469238281 111.59408569335938 -1 97.036788940429688 158.09957885742188 1399 89.687347412109375 162.99299621582031 1400 103.79305267333984 163.24305725097656 1211 28.060897827148438 184.03507995605469 -1 161.407958984375 213.45692443847656 -1 189.52880859375 61.680084228515625 -1 7.1636252403259277 61.681118011474609 -1 114.25579833984375 2.3281326293945312 732 78.561782836914062 5.9568395614624023 -1 151.56706237792969 75.737899780273438 43 69.785636901855469 13.927388191223145 1024 43.127941131591797 30.87188720703125 -1 161.89431762695312 234.45182800292969 -1 29.592174530029297 31.849273681640625 -1 128.34564208984375 33.144474029541016 1322 35.308666229248047 34.858268737792969 -1 131.33285522460938 34.788589477539062 -1 42.109794616699219 39.091342926025391 -1 165.17051696777344 49.845066070556641 695 167.67240905761719 52.569515228271484 -1 177.66552734375 90.450904846191406 655 109.10678863525391 133.04864501953125 -1 3.5179321765899658 50.295658111572266 -1 88.535049438476562 168.78398132324219 1249 100.28561401367188 173.60871887207031 -1 164.79631042480469 228.98127746582031 -1 29.592174530029297 31.849273681640625 -1 151.56706237792969 75.737899780273438 -1 177.66552734375 90.450904846191406 462 100.28561401367188 173.60871887207031 -1 116.93340301513672 36.666408538818359 1003 89.354949951171875 9.7698554992675781 -1 83.625045776367188 5.9885616302490234 -1 53.828010559082031 5.730339527130127 1379 87.879013061523438 3.749220609664917 -1 161.23959350585938 207.63180541992188 1404 171.35015869140625 221.08473205566406 -1 168.23619079589844 69.848793029785156 -1 188.62742614746094 64.72467041015625 -1 172.70486450195312 60.1177978515625 -1 190.52186584472656 57.706985473632812 -1 192.48487854003906 51.398418426513672 1326 121.41194152832031 40.394683837890625 883 153.48123168945312 77.722694396972656 -1 161.49180603027344 81.242835998535156 -1 13.820868492126465 41.319255828857422 -1 6.6671323776245117 45.470081329345703 -1 173.95062255859375 50.642246246337891 -1 192.48487854003906 51.398418426513672 -1 153.48123168945312 77.722694396972656 -1 166.23136901855469 89.312591552734375 1319 105.89828491210938 106.58501434326172 -1 111.10866546630859 85.359268188476562 716 173.95062255859375 50.642246246337891 -1 6.6671323776245117 45.470081329345703 -1 8.8616676330566406 44.171546936035156 -1 13.820868492126465 41.319255828857422 -1 166.23136901855469 89.312591552734375 603 172.06195068359375 89.539665222167969 611 156.31059265136719 97.058334350585938 1158 105.89828491210938 106.58501434326172 -1 92.647178649902344 115.78794860839844 1340 152.89012145996094 177.38540649414062 -1 174.54818725585938 189.96847534179688 -1 106.18535614013672 103.11416625976562 -1 
113 0.97669618974032024 0.21007599714483538 -0.036931016141266114 -0.023848027530953324 0.60622509363752353 -0.31421513272043783 0.35746928990227844 1 000110.png
106.18598937988281 57.772426605224609 -1 98.280494689941406 189.88827514648438 -1 211.99177551269531 160.05937194824219 1558 143.90083312988281 33.816360473632812 -1 193.03457641601562 75.136894226074219 -1 35.384037017822266 226.68116760253906 1420 90.500045776367188 23.201520919799805 765 68.366455078125 45.597782135009766 -1 223.73036193847656 176.50529479980469 1330 154.04568481445312 215.529541015625 1444 68.366455078125 45.597782135009766 -1 114.69477081298828 24.966972351074219 723 66.015388488769531 17.098054885864258 -1 195.89797973632812 153.1531982421875 1407 114.69477081298828 24.966972351074219 -1 160.48748779296875 38.057559967041016 756 94.18792724609375 217.97738647460938 -1 116.18088531494141 201.19715881347656 1509 195.89797973632812 153.1531982421875 1409 176.76930236816406 73.176971435546875 -1 47.319232940673828 40.408599853515625 1173 94.084053039550781 180.1729736328125 -1 237.23117065429688 87.678901672363281 -1 235.82669067382812 149.46458435058594 1172 32.358959197998047 32.619224548339844 -1 132.16984558105469 211.21487426757812 -1 127.22602081298828 14.232803344726562 624 105.65767669677734 189.62109375 1465 237.23117065429688 87.678901672363281 -1 147.73017883300781 132.27810668945312 -1 216.19085693359375 153.71133422851562 1170 94.084053039550781 180.1729736328125 1382 152.00013732910156 223.9873046875 -1 44.865753173828125 57.073463439941406 -1 183.50973510742188 57.600807189941406 -1 151.54714965820312 237.979248046875 1490 92.186439514160156 234.78569030761719 -1 137.56477355957031 224.453125 1438 153.17239379882812 203.12016296386719 1410 167.7081298828125 200.3568115234375 1383 103.20435333251953 167.52842712402344 -1 110.92247772216797 154.02017211914062 1193 100.21531677246094 134.84199523925781 1331 162.67924499511719 97.30078125 -1 166.83010864257812 79.837532043457031 725 16.2034912109375 63.204998016357422 -1 166.83010864257812 79.837532043457031 771 206.69389343261719 126.48123168945312 1034 67.274856567382812 207.93653869628906 1385 100.21531677246094 134.84199523925781 1346 153.17239379882812 203.12016296386719 -1 67.274856567382812 207.93653869628906 1388 92.186439514160156 234.78569030761719 -1 206.69389343261719 126.48123168945312 1062 156.1187744140625 189.17704772949219 1332 143.97315979003906 245.04275512695312 -1 143.97315979003906 245.04275512695312 -1 77.851409912109375 220.69149780273438 -1 165.16822814941406 190.75979614257812 1370 135.784912109375 35.080493927001953 -1 45.083244323730469 20.48954963684082 1137 74.979629516601562 28.164726257324219 1065 77.851409912109375 220.69149780273438 1411 124.71315002441406 11.004919052124023 624 45.083244323730469 20.48954963684082 -1 37.402469635009766 26.56089973449707 -1 101.84255981445312 31.978134155273438 623 135.784912109375 35.080493927001953 774 206.87132263183594 85.65338134765625 769 20.42047119140625 94.165946960449219 -1 117.59074401855469 172.76106262207031 -1 235.5096435546875 184.33724975585938 1333 165.16822814941406 190.75979614257812 1387 156.44792175292969 231.73019409179688 1412 40.821422576904297 7.567817211151123 -1 112.56939697265625 133.12762451171875 -1 170.89163208007812 41.531410217285156 675 156.61306762695312 48.931148529052734 -1 114.98379516601562 210.11616516113281 -1 101.24253845214844 228.06449890136719 -1 132.39613342285156 232.60490417480469 1419 96.049430847167969 240.79714965820312 1423 193.54502868652344 54.575939178466797 1326 175.66084289550781 65.99761962890625 -1 156.40003967285156 79.063133239746094 16 238.72535705566406 165.62846374511719 1515 161.28303527832031 91.699615478515625 -1 195.02786254882812 93.956924438476562 1216 174.07991027832031 95.279991149902344 697 228.34854125976562 100.71964263916016 1103 237.380126953125 107.25775909423828 -1 59.432308197021484 214.07505798339844 1424 143.0828857421875 217.99446105957031 1391 59.432308197021484 214.07505798339844 1425 238.72535705566406 165.62846374511719 1525 174.07991027832031 95.279991149902344 -1 13.682503700256348 220.61048889160156 1394 156.61306762695312 48.931148529052734 -1 174.07991027832031 95.279991149902344 292 170.89163208007812 41.531410217285156 -1 78.0323486328125 21.547151565551758 899 102.18583679199219 43.369827270507812 -1 51.951335906982422 50.449626922607422 -1 234.73098754882812 80.371742248535156 -1 159.40402221679688 215.54641723632812 -1 72.53497314453125 214.12904357910156 1414 8.3304367065429688 211.05912780761719 1386 159.40402221679688 215.54641723632812 -1 122.56558990478516 8.0490789413452148 -1 98.47784423828125 13.50736141204834 -1 98.47784423828125 13.50736141204834 -1 122.56558990478516 8.0490789413452148 -1 74.682884216308594 201.69908142089844 1431 216.13542175292969 128.46139526367188 1513 72.53497314453125 214.12904357910156 1415 219.24888610839844 96.045295715332031 1336 212.26066589355469 96.881759643554688 -1 228.29100036621094 82.787429809570312 -1 14.121450424194336 69.192001342773438 -1 214.12367248535156 66.607833862304688 -1 151.70339965820312 103.42164611816406 -1 121.42873382568359 26.314130783081055 630 121.42873382568359 26.314130783081055 648 117.61195373535156 123.85663604736328 -1 101.992919921875 178.25289916992188 1403 89.020744323730469 188.79119873046875 1377 19.203212738037109 206.99429321289062 -1 13.517048835754395 213.03884887695312 1413 161.31961059570312 228.13179016113281 1398 93.172210693359375 5.7054610252380371 -1 40.183151245117188 33.631965637207031 -1 76.622268676757812 33.890937805175781 -1 165.02702331542969 48.531761169433594 695 38.933403015136719 52.568141937255859 -1 24.538736343383789 60.147834777832031 -1 14.31584358215332 60.663761138916016 -1 169.88308715820312 63.272693634033203 23 182.56829833984375 69.451995849609375 -1 222.55068969726562 71.755104064941406 826 3.8409667015075684 74.872215270996094 -1 6.6340570449829102 78.995986938476562 -1 222.49041748046875 82.703559875488281 -1 172.45231628417969 88.209335327148438 611 180.10504150390625 94.163711547851562 491 149.59149169921875 111.58912658691406 -1 199.35369873046875 139.51980590820312 1337 220.46464538574219 161.32298278808594 -1 95.433441162109375 172.68342590332031 1395 91.001335144042969 173.24623107910156 1207 99.638961791992188 173.25543212890625 1251 88.191246032714844 178.36888122558594 1396 101.992919921875 178.25289916992188 1211 131.77297973632812 180.36061096191406 706 86.824005126953125 183.81649780273438 1249 89.020744323730469 188.79119873046875 1375 93.450416564941406 189.27536010742188 1426 62.79443359375 203.04306030273438 1418 19.203212738037109 206.99429321289062 -1 13.517048835754395 213.03884887695312 1416 161.31961059570312 228.13179016113281 -1 24.538736343383789 60.147834777832031 -1 6.6340570449829102 78.995986938476562 -1 149.59149169921875 111.58912658691406 -1 199.35369873046875 139.51980590820312 1339 95.433441162109375 172.68342590332031 1399 88.191246032714844 178.36888122558594 1400 151.57966613769531 75.717071533203125 43 172.1728515625 89.427146911621094 611 217.38894653320312 73.251716613769531 -1 8.2488021850585938 75.49041748046875 -1 181.73814392089844 76.991111755371094 -1 188.92845153808594 77.8758544921875 -1 174.77197265625 221.56370544433594 -1 193.19808959960938 80.724044799804688 1053 184.25566101074219 74.193618774414062 -1 177.70191955566406 90.326873779296875 655 246.22618103027344 115.46761322021484 -1 136.27775573730469 181.48773193359375 -1 98.796524047851562 188.57296752929688 1361 42.94012451171875 8.554931640625 -1 93.326957702636719 13.150731086730957 -1 155.26457214355469 218.77250671386719 -1 66.3634033203125 26.955764770507812 1024 128.34982299804688 33.197376251220703 1322 39.257297515869141 43.752525329589844 -1 31.653995513916016 47.366508483886719 -1 25.515478134155273 64.452102661132812 -1 162.28941345214844 250.33171081542969 -1 17.764707565307617 58.599407196044922 -1 151.57966613769531 75.717071533203125 -1 181.73814392089844 76.991111755371094 -1 177.70191955566406 90.326873779296875 462 136.27775573730469 181.48773193359375 -1 98.796524047851562 188.57296752929688 -1 155.26457214355469 218.77250671386719 -1 89.092208862304688 5.3140568733215332 -1 17.764707565307617 58.599407196044922 -1 168.06034851074219 244.67579650878906 -1 9.2743167877197266 71.550811767578125 -1 172.41998291015625 60.086647033691406 -1 17.98588752746582 59.318866729736328 -1 1.9146933555603027 57.935169219970703 -1 190.5303955078125 57.675777435302734 -1 9.7944984436035156 53.103954315185547 -1 167.33160400390625 52.261756896972656 -1 192.46047973632812 51.361843109130859 1326 174.04280090332031 50.186920166015625 -1 28.544918060302734 46.685920715332031 -1 65.122177124023438 41.017787933349609 -1 116.90116119384766 36.656867980957031 1003 109.10357666015625 35.949604034423828 1325 167.96133422851562 35.601875305175781 646 38.436866760253906 29.84379768371582 -1 162.63993835449219 29.01807975769043 -1 49.337871551513672 23.811923980712891 1185 108.37139892578125 23.543970108032227 -1 87.225105285644531 19.837497711181641 -1 77.291793823242188 18.644769668579102 -1 79.563888549804688 17.403963088989258 -1 74.407485961914062 17.542655944824219 -1 40.840244293212891 15.608829498291016 -1 38.114528656005859 15.140915870666504 -1 79.895599365234375 14.210335731506348 -1 40.840244293212891 15.608829498291016 -1 89.945823669433594 4.9725079536437988 -1 167.96133422851562 35.601875305175781 -1 109.10357666015625 35.949604034423828 827 192.46047973632812 51.361843109130859 -1 9.7944984436035156 53.103954315185547 -1 1.9146933555603027 57.935169219970703 -1 17.98588752746582 59.318866729736328 -1 166.17218017578125 89.064773559570312 1319 102.13116455078125 119.98451995849609 -1 150.45339965820312 188.28909301757812 -1 88.428443908691406 12.415159225463867 -1 74.643363952636719 206.720458984375 -1 171.41555786132812 235.91026306152344 -1 165.10232543945312 244.72264099121094 -1 170.87638854980469 204.18138122558594 -1 74.643363952636719 206.720458984375 -1 158.46783447265625 221.89204406738281 1404 171.97274780273438 234.2764892578125 -1 171.41555786132812 235.91026306152344 -1 114.35073852539062 1.8782132863998413 732 45.419513702392578 13.643962860107422 -1 170.87638854980469 204.18138122558594 1376 41.167301177978516 2.7560079097747803 -1 165.10232543945312 244.72264099121094 -1 195.36886596679688 93.3228759765625 -1 181.00137329101562 88.941200256347656 47 168.91526794433594 96.859153747558594 276 102.13116455078125 119.98451995849609 -1 90.995796203613281 127.66130065917969 1494 150.45339965820312 188.28909301757812 -1 166.17218017578125 89.064773559570312 603 168.01409912109375 203.96345520019531 -1 74.407485961914062 17.542655944824219 -1 
114 0.97694539924836377 0.21030312010494309 -0.034922790547964697 -0.011431678001239677 0.61641209026996646 -0.31277247090038846 0.34898585831137324 1 000115.png
145.802490234375 35.377056121826172 -1 46.258430480957031 176.68244934082031 1420 168.2152099609375 218.17414855957031 -1 185.90187072753906 136.78353881835938 -1 185.90187072753906 136.78353881835938 -1 91.762924194335938 28.317127227783203 -1 208.31544494628906 121.9984130859375 -1 76.962890625 133.06890869140625 1381 235.2679443359375 148.16357421875 -1 159.8475341796875 176.64505004882812 1444 101.42839813232422 211.68392944335938 -1 208.31544494628906 121.9984130859375 -1 101.42839813232422 211.68392944335938 -1 89.398429870605469 153.87629699707031 1464 102.27365875244141 135.32679748535156 1382 182.01130676269531 57.489776611328125 -1 128.16546630859375 15.359521865844727 624 162.08575439453125 39.048858642578125 756 230.60600280761719 124.52748107910156 -1 96.453018188476562 186.03575134277344 -1 119.14198303222656 216.08311462402344 -1 115.77900695800781 233.729248046875 -1 119.14198303222656 216.08311462402344 -1 12.969751358032227 25.857151031494141 -1 118.19754028320312 26.661701202392578 723 176.20309448242188 68.597114562988281 -1 166.99665832519531 80.151130676269531 771 119.03221893310547 94.761238098144531 -1 222.81834411621094 96.490631103515625 -1 162.47525024414062 97.706962585449219 -1 161.44644165039062 150.5281982421875 1332 152.53413391113281 195.21530151367188 1490 173.53041076660156 162.61949157714844 1383 21.654022216796875 148.87272644042969 -1 158.74884033203125 163.37091064453125 1410 106.51577758789062 176.57998657226562 -1 142.51966857910156 162.68846130371094 -1 118.19754028320312 26.661701202392578 -1 166.99665832519531 80.151130676269531 725 10.602724075317383 138.53544616699219 -1 161.44644165039062 150.5281982421875 1246 142.51966857910156 162.68846130371094 -1 19.386333465576172 160.95455932617188 -1 10.602724075317383 138.53544616699219 -1 82.966102600097656 169.44729614257812 1411 90.247673034667969 175.16629028320312 1454 132.94769287109375 180.34773254394531 -1 141.3160400390625 182.547119140625 1438 149.16168212890625 206.26054382324219 1530 73.807632446289062 156.65992736816406 1388 170.95730590820312 152.63894653320312 1387 132.94769287109375 180.34773254394531 -1 57.80816650390625 9.9092292785644531 -1 34.886814117431641 45.873691558837891 -1 133.38298034667969 56.226551055908203 -1 216.84886169433594 112.00912475585938 -1 242.23587036132812 134.73025512695312 -1 170.95730590820312 152.63894653320312 1370 73.807632446289062 156.65992736816406 1385 161.17990112304688 91.961433410644531 -1 99.623931884765625 192.16433715820312 1423 177.49314880371094 204.55926513671875 -1 131.88340759277344 213.68722534179688 -1 232.52851867675781 99.707252502441406 -1 177.49314880371094 204.55926513671875 -1 115.36224365234375 219.533203125 -1 107.21954345703125 243.28660583496094 -1 175.50531005859375 65.796653747558594 -1 156.51455688476562 78.925346374511719 16 123.16460418701172 220.74320983886719 -1 214.81658935546875 110.00745391845703 -1 22.727296829223633 153.51033020019531 1386 65.590126037597656 161.67816162109375 1424 27.223455429077148 164.58499145507812 1430 56.149158477783203 165.41595458984375 1450 158.52827453613281 188.83653259277344 1412 65.590126037597656 161.67816162109375 1425 193.55393981933594 54.446548461914062 1326 101.65718841552734 32.957450866699219 623 103.32767486572266 22.940034866333008 -1 34.968833923339844 14.402041435241699 -1 5.1544928550720215 25.330318450927734 -1 170.64476013183594 41.301567077636719 -1 112.86128234863281 212.33503723144531 -1 145.90672302246094 187.91932678222656 -1 145.90672302246094 187.91932678222656 1439 78.143707275390625 162.733642578125 1414 249.94703674316406 112.58495330810547 -1 216.803466796875 100.60969543457031 -1 174.70913696289062 95.419532775878906 697 168.84748840332031 91.977989196777344 1319 168.84748840332031 91.977989196777344 603 170.64476013183594 41.301567077636719 675 174.70913696289062 95.419532775878906 292 112.77947998046875 101.83341979980469 -1 216.803466796875 100.60969543457031 -1 153.62809753417969 222.13101196289062 -1 112.86128234863281 212.33503723144531 -1 145.90672302246094 187.91932678222656 1440 78.143707275390625 162.733642578125 1415 249.94703674316406 112.58495330810547 -1 151.55293273925781 103.45799255371094 -1 168.84748840332031 91.977989196777344 -1 189.76951599121094 62.024188995361328 -1 63.70965576171875 4.8028311729431152 -1 18.459760665893555 17.358509063720703 -1 9.4722213745117188 21.1234130859375 -1 121.669921875 41.611392974853516 -1 121.25113677978516 47.691574096679688 -1 170.01296997070312 63.159934997558594 23 216.27517700195312 67.500892639160156 -1 107.99000549316406 92.205986022949219 -1 179.95884704589844 94.489875793457031 491 149.55441284179688 111.55665588378906 -1 102.32477569580078 128.43048095703125 1395 106.63292694091797 128.80525207519531 -1 94.979255676269531 132.32859802246094 1396 107.62300109863281 139.25465393066406 -1 99.299530029296875 144.16404724121094 1426 181.17063903808594 154.62200927734375 -1 26.828376770019531 157.74601745605469 1416 163.77903747558594 186.56304931640625 1398 125.37908172607422 208.1466064453125 -1 134.46305847167969 226.0947265625 -1 131.08822631835938 233.20068359375 -1 131.08822631835938 233.20068359375 -1 121.25113677978516 47.691574096679688 -1 149.55441284179688 111.55665588378906 -1 102.32477569580078 128.43048095703125 1399 94.979255676269531 132.32859802246094 1400 26.828376770019531 157.74601745605469 1413 26.828376770019531 157.74601745605469 -1 163.77903747558594 186.56304931640625 -1 134.46305847167969 226.0947265625 -1 126.37126922607422 30.70684814453125 1322 109.04267883300781 133.50161743164062 -1 93.382064819335938 137.80427551269531 1249 162.915283203125 206.53459167480469 -1 47.566818237304688 8.8490886688232422 -1 13.612542152404785 20.084403991699219 -1 23.46735954284668 24.43037223815918 -1 112.20333099365234 28.410478591918945 -1 177.47718811035156 90.921669006347656 655 128.21017456054688 33.299179077148438 1322 123.51089477539062 36.125011444091797 -1 252.47959899902344 135.01641845703125 -1 151.61280822753906 75.712326049804688 -1 188.56338500976562 65.259971618652344 -1 151.61280822753906 75.712326049804688 43 173.00967407226562 79.438667297363281 733 88.025390625 187.76303100585938 -1 211.51799011230469 101.42002105712891 -1 177.47718811035156 90.921669006347656 462 211.51799011230469 101.42002105712891 -1 162.915283203125 206.53459167480469 -1 136.61759948730469 188.87799072265625 1419 159.64599609375 212.571533203125 -1 153.83671569824219 234.63619995117188 -1 252.47959899902344 135.01641845703125 -1 148.81645202636719 243.62527465820312 -1 144.58563232421875 252.02407836914062 -1 100.84822082519531 92.99468994140625 -1 172.00157165527344 89.658485412597656 611 161.63790893554688 80.916183471679688 -1 189.54557800292969 61.403812408447266 -1 172.56568908691406 60.247966766357422 -1 168.15235900878906 60.164382934570312 -1 192.49140930175781 51.426822662353516 1326 173.92218017578125 50.382102966308594 -1 111.03086090087891 85.633018493652344 716 109.05118560791016 35.913009643554688 827 167.73532104492188 32.292922973632812 -1 8.7592296600341797 29.089275360107422 -1 7.3641963005065918 26.980100631713867 -1 12.414861679077148 24.910970687866211 -1 104.92440032958984 7.0825490951538086 -1 42.833488464355469 6.4886474609375 -1 116.93397521972656 36.676128387451172 -1 7.3641963005065918 26.980100631713867 -1 109.05118560791016 35.913009643554688 1325 173.92218017578125 50.382102966308594 -1 192.49140930175781 51.426822662353516 -1 168.15235900878906 60.164382934570312 -1 111.03086090087891 85.633018493652344 -1 100.84822082519531 92.99468994140625 -1 161.25382995605469 180.732177734375 1404 168.83250427246094 198.37057495117188 -1 166.35560607910156 201.86521911621094 -1 158.48291015625 221.14424133300781 -1 163.10342407226562 222.48252868652344 -1 156.89295959472656 229.19770812988281 -1 166.35560607910156 201.86521911621094 -1 161.25382995605469 180.732177734375 -1 89.0528564453125 167.16827392578125 -1 57.262569427490234 127.55903625488281 1434 114.45158386230469 125.94467926025391 -1 73.450103759765625 113.45546722412109 -1 80.90545654296875 107.02877807617188 -1 109.07225036621094 189.12942504882812 1437 168.83250427246094 198.37057495117188 -1 104.92440032958984 7.0825490951538086 -1 153.34880065917969 77.851524353027344 -1 164.10809326171875 180.64765930175781 1404 153.34880065917969 77.851524353027344 -1 
115 0.97678253691531247 0.21037121795743224 -0.03618399455630672 -0.018180890251640731 0.61039034212840393 -0.31019739943835278 0.35619250585121875 1 000111.png
102.24816131591797 58.635456085205078 -1 97.818939208984375 186.24809265136719 -1 212.7999267578125 152.37345886230469 1472 144.07583618164062 34.018009185791016 -1 195.86727905273438 73.336647033691406 -1 37.219764709472656 216.00254821777344 1420 69.603042602539062 1.202972412109375 -1 169.58580017089844 231.49165344238281 -1 125.75657653808594 160.09637451171875 -1 224.60163879394531 169.26252746582031 1330 154.83639526367188 207.23741149902344 1444 75.853431701660156 160.09716796875 -1 197.163818359375 145.78903198242188 1409 197.163818359375 145.78903198242188 1407 114.99285888671875 24.95619010925293 723 145.63900756835938 152.29762268066406 -1 160.57838439941406 38.207279205322266 756 49.199565887451172 31.539379119873047 1173 117.07562255859375 191.38360595703125 -1 54.182228088378906 184.24099731445312 1368 237.63185119628906 143.131103515625 1172 95.128890991210938 170.74443054199219 1382 152.30091857910156 214.039306640625 -1 87.896392822265625 13.937464714050293 -1 108.66512298583984 246.94818115234375 -1 95.128890991210938 170.74443054199219 -1 217.4912109375 146.57331848144531 1170 108.66512298583984 246.94818115234375 -1 34.524490356445312 24.778156280517578 -1 47.029571533203125 48.074947357177734 -1 147.69903564453125 132.25393676757812 -1 17.027248382568359 54.914577484130859 -1 183.28739929199219 58.963905334472656 -1 167.14579772949219 79.787750244140625 771 162.85128784179688 97.717430114746094 -1 208.52882385253906 119.58238220214844 1062 237.83763122558594 84.961318969726562 1354 92.9443359375 223.90541076660156 -1 137.68638610839844 214.54826354980469 1438 68.53472900390625 196.79603576660156 1385 153.84196472167969 194.09317016601562 1410 168.16978454589844 191.53817749023438 1383 103.42246246337891 157.82595825195312 -1 111.54837036132812 145.60978698730469 1193 102.03269958496094 125.36993408203125 1331 68.53472900390625 196.79603576660156 1388 151.39666748046875 227.87168884277344 1490 106.53072357177734 180.13075256347656 -1 195.85108947753906 120.92913818359375 -1 167.14579772949219 79.787750244140625 725 208.52882385253906 119.58238220214844 1034 102.03269958496094 125.36993408203125 1346 153.84196472167969 194.09317016601562 -1 223.92007446289062 75.434638977050781 826 165.65043640136719 181.97633361816406 1387 10.423113822937012 196.67987060546875 1386 78.91656494140625 209.52066040039062 1411 139.913818359375 172.61509704589844 -1 139.913818359375 172.61509704589844 -1 165.65043640136719 181.97633361816406 1370 125.0750732421875 11.614108085632324 624 39.860431671142578 17.967216491699219 -1 209.5159912109375 79.438880920410156 1371 139.913818359375 172.61509704589844 -1 156.60415649414062 180.53898620605469 1332 235.83436584472656 177.3759765625 1333 132.40115356445312 222.43228149414062 -1 171.01596069335938 41.908485412597656 675 240.33639526367188 158.68832397460938 1515 174.10993957519531 95.281990051269531 -1 239.68344116210938 100.64314270019531 -1 112.57257843017578 125.43517303466797 -1 240.33639526367188 158.68832397460938 1525 174.10993957519531 95.281990051269531 292 115.35250854492188 200.94891357421875 -1 60.448032379150391 203.27439880371094 1424 16.469396591186523 208.59614562988281 1394 143.5821533203125 208.23849487304688 1391 102.26913452148438 217.16798400878906 -1 132.40115356445312 222.43228149414062 1419 96.885978698730469 230.060546875 1423 120.50583648681641 249.67526245117188 -1 130.63121032714844 249.98429870605469 -1 135.24781799316406 34.736423492431641 774 77.073814392089844 19.609081268310547 1065 196.99604797363281 87.43804931640625 1216 135.24781799316406 34.736423492431641 -1 171.01596069335938 41.908485412597656 -1 193.51875305175781 54.521335601806641 1326 175.68080139160156 66.075180053710938 -1 156.42597961425781 79.022384643554688 16 60.448032379150391 203.27439880371094 1425 230.73782348632812 94.345191955566406 1103 174.10993957519531 95.281990051269531 697 47.856815338134766 39.274909973144531 -1 103.32139587402344 50.645740509033203 -1 32.697372436523438 53.930561065673828 -1 156.51570129394531 222.0731201171875 1412 141.04618835449219 248.73492431640625 -1 156.83831787109375 48.829635620117188 -1 159.59983825683594 205.92091369628906 -1 156.83831787109375 48.829635620117188 -1 42.818252563476562 25.349336624145508 -1 73.688392639160156 202.98287963867188 1415 159.59983825683594 205.92091369628906 -1 182.81501770019531 76.692886352539062 -1 182.81501770019531 76.692886352539062 -1 73.688392639160156 202.98287963867188 1414 151.69584655761719 103.43447875976562 -1 221.74617004394531 89.590263366699219 1336 182.81501770019531 76.692886352539062 -1 15.548436164855957 61.498569488525391 -1 221.73709106445312 154.0277099609375 -1 200.97067260742188 131.85624694824219 1339 200.97067260742188 131.85624694824219 1337 107.35107421875 138.34620666503906 -1 121.38880920410156 26.37127685546875 630 121.38880920410156 26.37127685546875 648 161.3841552734375 218.37411499023438 -1 90.142448425292969 178.45497131347656 1375 96.208518981933594 10.433808326721191 -1 80.973335266113281 14.155755996704102 -1 53.595081329345703 22.495674133300781 -1 78.627670288085938 24.95713996887207 -1 143.78337097167969 33.9423828125 -1 39.496414184570312 40.117225646972656 -1 52.260707855224609 41.436656951904297 -1 41.109661102294922 43.877109527587891 -1 20.08568000793457 49.254871368408203 -1 27.159156799316406 51.775115966796875 -1 177.0596923828125 60.543941497802734 -1 169.91900634765625 63.22796630859375 23 221.20602416992188 70.969879150390625 -1 172.22584533691406 88.490959167480469 611 180.07394409179688 94.27349853515625 491 149.61790466308594 111.53988647460938 -1 195.84367370605469 131.23883056640625 1376 96.484100341796875 163.19960021972656 1395 92.089958190917969 163.56063842773438 1207 100.78475952148438 163.63661193847656 1251 89.288169860839844 168.49656677246094 1396 120.26663208007812 172.90278625488281 -1 94.432632446289062 179.64990234375 1426 64.145584106445312 191.89567565917969 1418 161.3841552734375 218.37411499023438 1398 157.45936584472656 234.55210876464844 -1 124.88344573974609 246.29940795898438 -1 27.159156799316406 51.775115966796875 -1 149.61790466308594 111.53988647460938 -1 96.484100341796875 163.19960021972656 1399 89.288169860839844 168.49656677246094 1400 90.142448425292969 178.45497131347656 1377 68.340385437011719 18.544443130493164 1024 162.060302734375 239.40286254882812 -1 165.12770080566406 240.81175231933594 1480 114.15735626220703 2.287078857421875 732 50.832454681396484 14.878846168518066 1185 248.8822021484375 109.13563537597656 -1 128.34405517578125 33.196224212646484 1322 41.346588134765625 35.697845458984375 -1 27.828227996826172 36.628753662109375 -1 33.848590850830078 39.207405090332031 -1 107.73196411132812 237.15634155273438 -1 103.11684417724609 168.54466247558594 1211 5.7381319999694824 66.141708374023438 -1 162.61598205566406 28.924036026000977 -1 88.029273986816406 174.28411865234375 1249 151.58343505859375 75.738304138183594 43 173.00418090820312 79.533470153808594 733 177.63363647460938 90.377090454101562 655 61.284145355224609 196.76094055175781 -1 68.340385437011719 18.544443130493164 1018 27.828227996826172 36.628753662109375 -1 151.58343505859375 75.738304138183594 -1 177.63363647460938 90.377090454101562 462 155.8240966796875 209.59152221679688 -1 107.73196411132812 237.15634155273438 -1 96.048934936523438 115.56394958496094 1479 61.284145355224609 196.76094055175781 -1 155.8240966796875 209.59152221679688 -1 103.11684417724609 168.54466247558594 1403 164.87217712402344 234.29446411132812 -1 104.42002105712891 228.01777648925781 -1 92.584022521972656 231.59263610839844 -1 230.05001831054688 180.522216796875 -1 151.33383178710938 88.629783630371094 -1 9.254486083984375 66.613578796386719 -1 189.45108032226562 69.596168518066406 -1 172.40519714355469 60.151279449462891 -1 190.52334594726562 57.690872192382812 -1 192.47930908203125 51.402351379394531 1326 30.706291198730469 38.637611389160156 -1 125.89002990722656 38.143363952636719 883 116.86666107177734 36.724864959716797 1003 126.78828430175781 30.666706085205078 1322 54.216434478759766 3.2124588489532471 -1 70.068603515625 27.926332473754883 -1 111.56730651855469 20.156656265258789 -1 53.826244354248047 14.127527236938477 -1 58.085811614990234 13.732994079589844 -1 56.98577880859375 10.884032249450684 -1 52.317474365234375 10.812387466430664 1379 73.891433715820312 10.619917869567871 -1 76.671371459960938 10.145809173583984 -1 43.714473724365234 7.769930362701416 -1 47.522769927978516 4.8667464256286621 -1 42.526123046875 3.7023718357086182 -1 43.714473724365234 7.769930362701416 -1 76.671371459960938 10.145809173583984 -1 192.47930908203125 51.402351379394531 -1 153.41838073730469 77.874481201171875 -1 166.19660949707031 89.175552368164062 1319 181.0391845703125 88.939521789550781 49 172.0955810546875 89.484130859375 611 108.13145446777344 107.59727478027344 -1 99.942893981933594 179.00827026367188 -1 75.633995056152344 195.50950622558594 -1 171.354248046875 225.68489074707031 -1 104.42002105712891 228.01777648925781 -1 168.91749572753906 96.922744750976562 276 107.50770568847656 104.75058746337891 -1 108.13145446777344 107.59727478027344 -1 166.19660949707031 89.175552368164062 603 153.41838073730469 77.874481201171875 -1 102.88961029052734 109.36964416503906 -1 99.942893981933594 179.00827026367188 -1 42.526123046875 3.7023718357086182 -1 152.45866394042969 182.16011047363281 -1 181.0391845703125 88.939521789550781 47 75.633995056152344 195.50950622558594 -1 158.79551696777344 211.28028869628906 1404 175.03059387207031 212.14686584472656 -1 171.354248046875 225.68489074707031 -1 108.13145446777344 107.59727478027344 -1 55.925151824951172 20.183671951293945 -1 168.04986572265625 35.608482360839844 646 168.04986572265625 35.608482360839844 -1 109.13850402832031 23.722806930541992 -1 
116 0.9769643200684982 0.2107508760740609 -0.033431548636381037 -0.0026677898879774076 0.6248091308553374 -0.30652976831972273 0.33717071194729509 1 000117.png
36.699993133544922 99.253494262695312 -1 172.03671264648438 212.33981323242188 -1 145.05282592773438 35.778427124023438 -1 215.14048767089844 150.19569396972656 -1 54.301654815673828 156.86051940917969 1420 195.39736938476562 123.07823181152344 -1 127.73896026611328 148.57383728027344 -1 127.17747497558594 160.32328796386719 -1 167.28324890136719 163.80754089355469 -1 129.09037780761719 203.38771057128906 -1 167.28324890136719 163.80754089355469 1444 104.78221130371094 86.866111755371094 -1 26.047807693481445 15.810626983642578 -1 31.663719177246094 122.85929870605469 -1 253.1114501953125 121.47991180419922 -1 105.80399322509766 170.80181884765625 -1 118.70663452148438 219.70465087890625 -1 118.70663452148438 219.70465087890625 -1 105.80399322509766 170.80181884765625 1481 71.545158386230469 126.97264099121094 1368 161.80482482910156 39.346088409423828 756 239.35684204101562 88.172981262207031 -1 109.63370513916016 121.28278350830078 1382 119.23716735839844 26.611873626708984 -1 182.97598266601562 59.545944213867188 -1 166.94692993164062 80.328643798828125 771 162.22172546386719 97.378837585449219 -1 171.39642333984375 139.97889709472656 1332 138.53187561035156 211.81069946289062 -1 176.22763061523438 68.684440612792969 -1 127.12545013427734 13.988175392150879 624 171.39642333984375 139.97889709472656 1246 183.61787414550781 152.47616577148438 1383 119.23716735839844 26.611873626708984 723 166.94692993164062 80.328643798828125 725 160.61605834960938 183.53492736816406 -1 160.61605834960938 183.53492736816406 1490 29.675882339477539 140.64498901367188 -1 169.90077209472656 51.114353179931641 693 41.125217437744141 8.0686550140380859 -1 124.52526092529297 10.59967041015625 -1 133.69540405273438 55.808322906494141 -1 161.25917053222656 94.705291748046875 -1 151.51028442382812 120.07382202148438 -1 82.138580322265625 139.44511413574219 1385 181.01193237304688 141.97126770019531 1370 90.774742126464844 152.59097290039062 1411 149.47879028320312 168.93719482421875 1438 156.75239562988281 194.28741455078125 1530 149.47879028320312 168.93719482421875 -1 82.138580322265625 139.44511413574219 1388 29.675882339477539 140.64498901367188 -1 156.75239562988281 194.28741455078125 1540 47.835166931152344 27.328725814819336 -1 122.99748992919922 8.8517074584960938 -1 101.44167327880859 32.930805206298828 623 107.63570404052734 42.938377380371094 -1 132.27235412597656 180.7901611328125 706 138.72404479980469 182.47679138183594 -1 64.379127502441406 146.54751586914062 1450 185.14234924316406 196.07295227050781 -1 139.09577941894531 199.62840270996094 -1 112.78809356689453 227.53915405273438 -1 248.50946044921875 130.21102905273438 -1 193.65718078613281 54.732872009277344 1326 175.66482543945312 66.258674621582031 -1 156.44697570800781 79.08258056640625 16 161.16914367675781 92.351127624511719 -1 7.5546784400939941 103.68862152099609 -1 107.63570404052734 42.938377380371094 -1 229.34675598144531 103.08077239990234 -1 7.5546784400939941 103.68862152099609 -1 73.538795471191406 143.929931640625 1425 185.14234924316406 196.07295227050781 -1 73.538795471191406 143.929931640625 1424 107.40627288818359 176.82118225097656 1423 167.28347778320312 178.19943237304688 1412 12.271562576293945 250.35494995117188 -1 119.38356018066406 239.51197814941406 -1 112.09130096435547 114.00460815429688 -1 43.418312072753906 5.6021647453308105 -1 174.82176208496094 95.809585571289062 292 112.7569580078125 97.695968627929688 -1 151.37718200683594 103.53919982910156 -1 154.00953674316406 175.20388793945312 1440 86.107330322265625 145.61210632324219 1414 35.860500335693359 144.54046630859375 1542 164.53472900390625 103.11019134521484 432 174.82176208496094 95.809585571289062 697 140.2281494140625 212.49496459960938 -1 173.50250244140625 211.28884887695312 -1 102.22731781005859 209.95835876464844 -1 142.81658935546875 144.85501098632812 -1 164.53472900390625 103.11019134521484 818 127.53389739990234 182.43803405761719 -1 159.32118225097656 122.61299896240234 -1 102.22731781005859 209.95835876464844 -1 173.50250244140625 211.28884887695312 -1 107.91005706787109 218.0406494140625 -1 35.860500335693359 144.54046630859375 1430 86.107330322265625 145.61210632324219 1415 154.40205383300781 162.515380859375 1391 158.450439453125 234.49957275390625 -1 154.00953674316406 175.20388793945312 1439 129.61485290527344 207.6163330078125 -1 147.77549743652344 198.98826599121094 -1 179.90049743652344 94.793296813964844 491 230.08375549316406 94.628250122070312 -1 149.45130920410156 111.50208282470703 -1 107.43831634521484 113.22278594970703 -1 104.00839996337891 116.79953765869141 1396 240.13381958007812 117.51295471191406 -1 102.48665618896484 121.97122192382812 1249 88.410568237304688 134.49716186523438 1431 76.303489685058594 144.00196838378906 1424 172.59056091308594 175.42070007324219 1398 111.82577514648438 182.439453125 -1 156.90800476074219 191.51570129394531 -1 161.83541870117188 209.54609680175781 -1 156.13597106933594 211.29052734375 -1 137.45281982421875 183.585205078125 -1 184.92263793945312 66.427574157714844 -1 24.087551116943359 8.2730388641357422 -1 113.69320678710938 23.397983551025391 -1 120.81172180175781 47.481372833251953 -1 190.03199768066406 62.658283233642578 -1 170.04216003417969 63.206039428710938 23 169.12869262695312 92.176925659179688 1319 226.14619445800781 93.488548278808594 -1 184.92263793945312 66.427574157714844 -1 113.69320678710938 23.397983551025391 -1 120.81172180175781 47.481372833251953 -1 169.12869262695312 92.176925659179688 603 226.14619445800781 93.488548278808594 -1 149.45130920410156 111.50208282470703 -1 172.59056091308594 175.42070007324219 -1 137.45281982421875 183.585205078125 -1 28.348495483398438 6.6406927108764648 -1 32.560436248779297 6.850285530090332 -1 113.93916320800781 17.856855392456055 -1 128.29513549804688 33.240039825439453 1322 128.94082641601562 36.677936553955078 -1 165.47087097167969 49.258625030517578 695 180.66471862792969 64.043212890625 -1 103.08402252197266 220.51919555664062 -1 151.55331420898438 75.744377136230469 -1 191.21466064453125 145.27772521972656 -1 177.38603210449219 91.127815246582031 655 166.49787902832031 109.67874908447266 -1 248.14927673339844 124.42919158935547 -1 161.70932006835938 80.879043579101562 -1 171.50338745117188 194.56210327148438 -1 131.82421875 192.17579650878906 -1 91.071556091308594 159.46376037597656 -1 116.56062316894531 173.89634704589844 -1 32.986579895019531 137.33505249023438 1470 105.95454406738281 225.14302062988281 -1 239.47959899902344 121.14391326904297 -1 105.95454406738281 225.14302062988281 -1 151.55331420898438 75.744377136230469 43 151.55331420898438 75.744377136230469 -1 177.38603210449219 91.127815246582031 462 32.986579895019531 137.33505249023438 1488 171.50338745117188 194.56210327148438 -1 103.08402252197266 220.51919555664062 -1 108.67160797119141 5.3632221221923828 -1 19.194650650024414 11.158194541931152 -1 108.13333129882812 127.98215484619141 1426 172.0343017578125 89.771270751953125 611 172.96818542480469 170.08607482910156 -1 192.51152038574219 51.463325500488281 -1 168.13954162597656 60.14678955078125 -1 153.51080322265625 78.014686584472656 -1 172.96818542480469 170.08607482910156 1404 167.45994567871094 200.82945251464844 -1 167.45994567871094 200.82945251464844 -1 113.07178497314453 236.67958068847656 -1 153.51080322265625 78.014686584472656 -1 154.93856811523438 72.355499267578125 -1 189.56146240234375 61.485942840576172 -1 172.77336120605469 60.197280883789062 -1 168.13954162597656 60.14678955078125 -1 192.51152038574219 51.463325500488281 1326 105.63674163818359 7.004450798034668 -1 191.11802673339844 171.49783325195312 -1 145.34617614746094 175.67015075683594 -1 151.20980834960938 193.60317993164062 -1 159.375732421875 199.0384521484375 -1 167.45994567871094 200.82945251464844 -1 166.30641174316406 209.1875 -1 113.07178497314453 236.67958068847656 -1 189.06512451171875 54.795642852783203 -1 168.14718627929688 35.533847808837891 646 110.3125 227.02362060546875 -1 168.14718627929688 35.533847808837891 -1 
117 0.97695912910269167 0.21025898693769679 -0.03483948687949702 -0.011323808052820655 0.61772703756673253 -0.31567913930134611 0.33815494352384362 1 000116.png
32.612552642822266 104.59038543701172 -1 145.63053894042969 35.558448791503906 -1 128.58621215820312 148.18023681640625 -1 50.37847900390625 165.11843872070312 1420 190.59852600097656 128.29168701171875 -1 208.65902709960938 150.67645263671875 -1 240.61735534667969 143.15390014648438 -1 234.53596496582031 90.119056701660156 -1 215.50552368164062 117.54456329345703 -1 80.798561096191406 124.0428466796875 1381 163.93846130371094 169.03831481933594 1444 103.28861999511719 202.64601135253906 -1 163.93846130371094 169.03831481933594 -1 103.28861999511719 202.64601135253906 -1 104.72821807861328 87.66162109375 -1 21.185356140136719 20.908580780029297 -1 106.31724548339844 126.36881256103516 1382 116.87895202636719 225.24172973632812 -1 100.33347320556641 176.6063232421875 -1 162.01908874511719 39.122299194335938 756 239.18997192382812 121.11164093017578 -1 144.74165344238281 152.46211242675781 -1 122.48939514160156 207.22483825683594 -1 95.119377136230469 28.373079299926758 1009 95.119377136230469 28.373079299926758 -1 100.33347320556641 176.6063232421875 1481 122.48939514160156 207.22483825683594 -1 166.8890380859375 80.254615783691406 771 162.40951538085938 97.662582397460938 -1 166.21124267578125 143.54254150390625 1332 164.19020080566406 156.86129760742188 1410 178.43342590332031 155.96623229980469 1383 166.8890380859375 80.254615783691406 725 14.129456520080566 123.48747253417969 -1 156.23590087890625 187.71119689941406 1490 118.85289764404297 26.642948150634766 -1 118.85289764404297 26.642948150634766 723 14.129456520080566 123.48747253417969 -1 166.21124267578125 143.54254150390625 1246 157.83729553222656 174.03890991210938 -1 176.24296569824219 68.598594665527344 -1 157.83729553222656 174.03890991210938 -1 24.986764907836914 149.1798095703125 -1 9.2756824493408203 28.848186492919922 -1 9.2756824493408203 28.848186492919922 -1 77.809829711914062 146.14546203613281 1388 93.427398681640625 165.29129028320312 -1 93.427398681640625 165.29129028320312 -1 125.05422973632812 11.393604278564453 624 41.410831451416016 34.847988128662109 -1 175.91366577148438 145.62408447265625 1370 77.809829711914062 146.14546203613281 1385 86.575042724609375 159.101806640625 1411 120.07302093505859 161.19720458984375 -1 93.427398681640625 165.29129028320312 1454 152.72627258300781 199.01908874511719 1530 161.17855834960938 92.008415222167969 -1 27.827098846435547 142.13308715820312 -1 162.525146484375 181.32734680175781 1412 135.19808959960938 206.06787109375 -1 126.23799896240234 212.3037109375 -1 109.47795104980469 233.69265747070312 -1 69.45355224609375 150.58697509765625 1424 143.72421264648438 141.54507446289062 -1 101.45207977294922 33.036655426025391 623 193.56265258789062 54.44219970703125 1326 175.52731323242188 65.801231384277344 -1 156.50422668457031 79.058242797851562 16 69.45355224609375 150.58697509765625 1425 109.47795104980469 233.69265747070312 -1 59.982574462890625 153.82356262207031 1450 107.50841522216797 167.58784484863281 -1 174.91476440429688 95.74359130859375 697 180.3760986328125 198.96464538574219 -1 170.64456176757812 40.947761535644531 -1 117.75106811523438 10.007016181945801 -1 117.75106811523438 10.007016181945801 -1 103.15363311767578 182.84780883789062 1423 31.589103698730469 152.55162048339844 1430 82.153388977050781 151.943359375 1415 151.45352172851562 103.48436737060547 -1 174.91476440429688 95.74359130859375 292 184.38748168945312 64.932052612304688 -1 82.153388977050781 151.943359375 1414 180.3760986328125 198.96464538574219 -1 49.183269500732422 5.5943713188171387 -1 117.75106811523438 10.007016181945801 -1 170.64456176757812 40.947761535644531 675 116.20692443847656 245.40379333496094 -1 136.72213745117188 217.48506164550781 -1 184.38748168945312 64.932052612304688 -1 121.94683074951172 47.906822204589844 -1 121.94683074951172 47.906822204589844 -1 112.85648345947266 98.011871337890625 -1 115.01679229736328 232.71745300292969 -1 179.95199584960938 94.602256774902344 491 219.31877136230469 95.648582458496094 -1 149.50172424316406 111.54190063476562 -1 106.82505798339844 118.95336151123047 1555 99.3868408203125 122.88194274902344 1396 100.78913879394531 131.25836181640625 1532 186.043701171875 147.9290771484375 -1 124.31755828857422 178.01007080078125 -1 168.06723022460938 179.49391174316406 1398 128.0660400390625 198.47494506835938 -1 129.90937805175781 200.89498901367188 -1 157.70823669433594 214.00727844238281 -1 17.443790435791016 13.496397972106934 -1 184.9202880859375 66.398338317871094 -1 112.88124084472656 23.617773056030273 -1 122.44562530517578 41.293869018554688 -1 102.34383392333984 43.634654998779297 -1 120.94975280761719 47.430980682373047 -1 189.90103149414062 62.829654693603516 -1 170.05570983886719 63.217678070068359 23 168.06723022460938 179.49391174316406 -1 112.88124084472656 23.617773056030273 -1 112.88124084472656 23.617773056030273 -1 122.44562530517578 41.293869018554688 -1 120.94975280761719 47.430980682373047 -1 219.31877136230469 95.648582458496094 -1 149.50172424316406 111.54190063476562 -1 106.82505798339844 118.95336151123047 1556 99.3868408203125 122.88194274902344 1400 100.78913879394531 131.25836181640625 -1 186.043701171875 147.9290771484375 -1 126.28404235839844 30.714122772216797 1322 188.65409851074219 65.1624755859375 -1 151.53323364257812 75.831924438476562 -1 128.40377807617188 33.156623840332031 1322 21.58625602722168 12.354031562805176 -1 12.515426635742188 16.792665481567383 -1 110.66597747802734 120.31995391845703 -1 177.42257690429688 91.164390563964844 655 167.00503540039062 198.9241943359375 -1 167.00503540039062 198.9241943359375 -1 151.53323364257812 75.831924438476562 43 172.63601684570312 80.0335693359375 733 177.42257690429688 91.164390563964844 462 113.79935455322266 124.60283660888672 -1 111.38214874267578 130.1121826171875 -1 103.3388671875 134.27142333984375 1426 167.00503540039062 198.9241943359375 -1 192.48216247558594 51.400691986083984 1326 102.93166351318359 43.622329711914062 -1 117.05422973632812 36.620304107666016 1003 113.36756896972656 18.656438827514648 -1 105.57307434082031 6.916172981262207 -1 133.99411010742188 225.05406188964844 -1 166.57421875 215.66030883789062 -1 172.07121276855469 89.592231750488281 611 192.48216247558594 51.400691986083984 -1 168.11515808105469 60.174991607666016 -1 170.46479797363281 194.63792419433594 -1 70.245887756347656 114.54547119140625 -1 45.123851776123047 134.97781372070312 -1 168.31173706054688 173.87625122070312 1404 170.46479797363281 194.63792419433594 -1 163.27545166015625 204.94383239746094 -1 168.31173706054688 173.87625122070312 -1 45.123851776123047 134.97781372070312 -1 133.99411010742188 225.05406188964844 -1 41.507854461669922 134.88912963867188 1557 70.245887756347656 114.54547119140625 -1 161.5411376953125 80.948898315429688 -1 103.25760650634766 118.81780242919922 -1 133.22798156738281 184.53363037109375 706 153.52757263183594 77.851539611816406 -1 189.54902648925781 61.483726501464844 -1 172.90635681152344 60.207523345947266 -1 32.202507019042969 145.75144958496094 -1 168.11515808105469 60.174991607666016 -1 153.52757263183594 77.851539611816406 -1 253.45368957519531 149.14457702636719 -1 253.45368957519531 149.14457702636719 -1 
118 0.9769891279374886 0.21051514651699299 -0.033828379963320443 -0.0055908575310029416 0.62490567693641708 -0.31376934205686086 0.31903460841347558 1 000121.png
144.6558837890625 34.487476348876953 -1 95.949127197265625 129.26539611816406 -1 128.39718627929688 136.4580078125 -1 54.446090698242188 138.24470520019531 1451 54.446090698242188 138.24470520019531 -1 222.53298950195312 144.07989501953125 -1 202.51762390136719 113.59172058105469 -1 222.53298950195312 144.07989501953125 1492 32.768657684326172 100.48393249511719 -1 173.75489807128906 152.58082580566406 -1 154.38490295410156 184.61259460449219 -1 104.63892364501953 75.265953063964844 -1 32.768657684326172 100.48393249511719 -1 173.75489807128906 152.58082580566406 1444 118.11617279052734 26.140737533569336 723 161.74879455566406 37.989177703857422 756 127.76094055175781 14.855850219726562 624 109.64833831787109 158.11477661132812 1465 156.2220458984375 157.75019836425781 -1 144.78599548339844 202.54362487792969 -1 132.52316284179688 208.29533386230469 -1 148.54595947265625 231.53910827636719 -1 169.09524536132812 174.61666870117188 -1 176.55555725097656 69.562309265136719 -1 180.4013671875 130.78414916992188 1332 192.91925048828125 144.43629455566406 -1 156.2220458984375 157.75019836425781 1438 132.52316284179688 208.29533386230469 -1 167.06185913085938 79.920478820800781 771 87.078498840332031 123.82328033447266 1549 180.4013671875 130.78414916992188 1246 192.91925048828125 144.43629455566406 1383 146.68486022949219 188.47578430175781 -1 96.330009460449219 137.98851013183594 1411 164.46368408203125 185.13897705078125 1540 141.119140625 170.56008911132812 -1 103.32178497314453 144.95004272460938 1454 96.330009460449219 137.98851013183594 1411 193.92835998535156 54.916175842285156 1326 244.08248901367188 88.202659606933594 -1 184.15628051757812 60.45184326171875 -1 149.94891357421875 46.242183685302734 -1 154.30238342285156 199.63285827636719 -1 189.91725158691406 133.45114135742188 1370 102.37754058837891 32.490703582763672 623 169.80233764648438 52.211929321289062 693 175.69577026367188 66.056770324707031 -1 156.72943115234375 78.881767272949219 16 161.29620361328125 92.422500610351562 -1 167.69462585449219 111.54856109619141 -1 36.135692596435547 127.41438293457031 1457 116.56668090820312 169.76057434082031 -1 116.71366882324219 10.089470863342285 -1 167.69462585449219 111.54856109619141 -1 116.71366882324219 10.089470863342285 -1 122.98139953613281 8.5234155654907227 -1 116.71366882324219 10.089470863342285 -1 123.25742340087891 179.31600952148438 1496 113.69960021972656 140.91084289550781 -1 91.289299011230469 130.46078491210938 1415 112.6351318359375 110.19455718994141 1382 164.58070373535156 104.15586090087891 432 198.41499328613281 50.617938995361328 -1 13.790725708007812 234.19181823730469 -1 102.61205291748047 43.829841613769531 -1 108.21527099609375 42.879714965820312 -1 72.004753112792969 96.7353515625 1482 169.77647399902344 201.01927185058594 -1 13.790725708007812 234.19181823730469 -1 13.790725708007812 234.19181823730469 -1 162.21885681152344 165.74201965332031 1439 91.289299011230469 130.46078491210938 1550 164.58070373535156 104.15586090087891 818 72.004753112792969 96.7353515625 1483 108.21527099609375 42.879714965820312 -1 166.57810974121094 35.974128723144531 646 125.63047790527344 24.239089965820312 630 111.40079498291016 23.792484283447266 -1 97.841133117675781 12.497513771057129 -1 174.96089172363281 167.65139770507812 1412 162.21885681152344 165.74201965332031 1440 118.68923950195312 162.22380065917969 -1 169.19660949707031 92.487724304199219 1319 169.19660949707031 92.487724304199219 603 175.26382446289062 95.923484802246094 697 175.26382446289062 95.923484802246094 292 149.310546875 111.49704742431641 -1 164.2020263671875 227.5537109375 -1 175.31661987304688 135.70510864257812 -1 240.67218017578125 136.83474731445312 -1 121.62618255615234 41.943843841552734 -1 190.11723327636719 62.432598114013672 -1 170.11386108398438 63.149150848388672 23 182.78013610839844 69.835334777832031 -1 96.000900268554688 76.202568054199219 -1 179.89703369140625 94.7275390625 491 67.908592224121094 94.972412109375 1434 181.51753234863281 100.46385955810547 -1 181.51753234863281 100.46385955810547 -1 150.97921752929688 103.39414215087891 -1 149.310546875 111.49704742431641 -1 37.890789031982422 115.12599945068359 -1 83.198196411132812 118.01170349121094 1418 93.58154296875 119.07727813720703 1431 37.147121429443359 120.28384399414062 1416 127.04447937011719 194.048095703125 -1 164.2020263671875 227.5537109375 -1 134.78572082519531 252.31446838378906 -1 190.11723327636719 62.432598114013672 -1 181.51753234863281 100.46385955810547 -1 181.51753234863281 100.46385955810547 -1 181.51753234863281 100.46385955810547 -1 181.51753234863281 100.46385955810547 -1 150.97921752929688 103.39414215087891 -1 167.3634033203125 35.6544189453125 -1 112.18454742431641 28.850664138793945 -1 128.39730834960938 33.166595458984375 1322 232.36729431152344 88.47698974609375 -1 129.5921630859375 36.366317749023438 -1 165.39523315429688 49.368057250976562 695 104.08502197265625 71.574989318847656 -1 180.06039428710938 186.60189819335938 -1 183.56304931640625 69.698257446289062 -1 49.579799652099609 170.42301940917969 -1 156.55117797851562 188.88479614257812 -1 151.50657653808594 75.837791442871094 -1 151.50657653808594 75.837791442871094 43 232.36729431152344 88.47698974609375 -1 152.5439453125 191.87727355957031 -1 174.59034729003906 201.03614807128906 -1 166.59535217285156 207.8927001953125 -1 166.59535217285156 207.8927001953125 -1 173.67567443847656 167.54916381835938 -1 152.5439453125 191.87727355957031 1435 130.92842102050781 195.10919189453125 -1 174.59034729003906 201.03614807128906 -1 166.59535217285156 207.8927001953125 -1 141.22453308105469 209.51698303222656 -1 164.95848083496094 180.37184143066406 -1 52.499240875244141 178.87080383300781 1524 147.99159240722656 177.90243530273438 1442 153.89984130859375 177.75 -1 182.34866333007812 166.65693664550781 -1 152.26681518554688 163.75099182128906 -1 234.64483642578125 130.55389404296875 -1 114.34391021728516 2.0494918823242188 638 167.68048095703125 116.40911102294922 -1 172.0908203125 89.640312194824219 611 235.82484436035156 88.362213134765625 -1 107.87239837646484 72.632987976074219 -1 167.95086669921875 60.298126220703125 -1 189.09881591796875 54.781318664550781 -1 117.01889801025391 36.661899566650391 1003 192.53269958496094 51.423553466796875 1326 155.62017822265625 39.664234161376953 -1 108.8096923828125 5.4807133674621582 -1 167.95086669921875 60.298126220703125 -1 107.87239837646484 72.632987976074219 -1 235.82484436035156 88.362213134765625 -1 150.10786437988281 203.73075866699219 -1 108.8096923828125 5.4807133674621582 -1 60.550060272216797 201.53773498535156 1521 150.10786437988281 203.73075866699219 -1 154.36199951171875 207.0823974609375 -1 145.16139221191406 210.399658203125 -1 159.07649230957031 212.57662963867188 -1 135.13580322265625 195.91304016113281 -1 172.21224975585938 60.100540161132812 -1 159.55012512207031 183.9271240234375 -1 156.46031188964844 184.42491149902344 -1 157.41694641113281 218.16183471679688 -1 17.568962097167969 236.03041076660156 -1 148.91331481933594 214.232177734375 -1 137.48518371582031 184.24885559082031 -1 236.33097839355469 93.833526611328125 -1 162.27366638183594 215.78874206542969 -1 185.28121948242188 121.83359527587891 -1 
119 0.9769303570085125 0.21098368514644783 -0.033055816433383574 0.00052455425590086646 0.62827613992057929 -0.30446021862299844 0.32503844663279541 1 000119.png
38.50286865234375 90.394851684570312 -1 144.23040771484375 35.425064086914062 -1 57.356296539306641 147.3026123046875 1420 221.161376953125 148.6011962890625 -1 57.356296539306641 147.3026123046875 -1 221.161376953125 148.6011962890625 1492 201.22657775878906 118.66607666015625 -1 128.25445556640625 151.41450500488281 1506 104.27472686767578 83.412002563476562 -1 128.61712646484375 156.86260986328125 -1 171.47119140625 158.41233825683594 -1 156.12271118164062 193.6060791015625 -1 135.04541015625 200.83787536621094 -1 104.27472686767578 83.412002563476562 -1 171.47119140625 158.41233825683594 1444 109.48248291015625 164.9466552734375 1481 110.91718292236328 194.02130126953125 -1 124.62376403808594 214.05326843261719 -1 109.48248291015625 164.9466552734375 -1 110.91718292236328 194.02130126953125 -1 124.62376403808594 214.05326843261719 -1 36.012802124023438 113.49349975585938 -1 162.04426574707031 39.318790435791016 756 119.05135345458984 26.470510482788086 -1 177.4405517578125 135.38566589355469 1332 189.83151245117188 148.89457702636719 1383 153.41200256347656 163.10052490234375 1438 166.21366882324219 164.44769287109375 -1 166.11506652832031 179.3572998046875 -1 127.3040771484375 212.62821960449219 -1 127.19234466552734 14.029403686523438 624 151.36543273925781 237.950439453125 -1 166.914794921875 80.317718505859375 771 166.21366882324219 164.44769287109375 -1 153.41200256347656 163.10052490234375 -1 189.83151245117188 148.89457702636719 -1 177.4405517578125 135.38566589355469 1246 166.914794921875 80.317718505859375 725 119.05135345458984 26.470510482788086 723 166.11506652832031 179.3572998046875 1490 228.55110168457031 98.973808288574219 -1 112.01637268066406 116.38880157470703 1382 193.88984680175781 55.032051086425781 1326 187.255126953125 138.12814331054688 1370 95.329902648925781 145.40605163574219 1411 102.12287139892578 151.76397705078125 1454 161.68650817871094 190.08702087402344 1540 143.9046630859375 193.92234802246094 -1 151.6787109375 204.0257568359375 -1 100.49714660644531 32.743770599365234 623 53.705390930175781 17.0745849609375 -1 10.220413208007812 13.561188697814941 -1 86.632179260253906 131.92459106445312 1385 124.63657379150391 10.739020347595215 -1 95.329902648925781 145.40605163574219 1411 161.68650817871094 190.08702087402344 1530 172.50047302246094 221.39544677734375 -1 133.6796875 55.375808715820312 -1 183.86019897460938 62.515998840332031 -1 175.96615600585938 67.327552795410156 -1 8.2750005722045898 240.76405334472656 -1 184.26713562011719 64.399948120117188 -1 169.71696472167969 52.013526916503906 693 8.2750005722045898 240.76405334472656 -1 107.63961791992188 42.869709014892578 -1 107.63961791992188 42.869709014892578 -1 68.448150634765625 139.11398315429688 1450 165.02410888671875 117.31981658935547 -1 184.26713562011719 64.399948120117188 -1 112.07436370849609 212.03437805175781 -1 152.35699462890625 238.2745361328125 -1 161.20774841308594 92.386505126953125 -1 156.53038024902344 79.115608215332031 16 174.95448303222656 96.046623229980469 292 112.30382537841797 97.144546508789062 -1 164.47607421875 102.8311767578125 432 151.37255859375 103.55569458007812 -1 239.02340698242188 112.01424407958984 -1 140.50669860839844 124.53751373291016 -1 126.13838195800781 181.63591003417969 -1 172.59835815429688 173.39515686035156 1412 103.89706420898438 14.688034057617188 -1 37.926506042480469 21.46563720703125 -1 37.926506042480469 21.46563720703125 -1 166.45256042480469 205.66990661621094 -1 159.50543212890625 170.61807250976562 1440 164.47607421875 102.8311767578125 818 174.95448303222656 96.046623229980469 697 166.45256042480469 205.66990661621094 -1 103.89706420898438 14.688034057617188 -1 159.50543212890625 170.61807250976562 1440 37.926506042480469 21.46563720703125 -1 162.5230712890625 231.0977783203125 -1 54.727458953857422 182.02006530761719 -1 159.50543212890625 170.61807250976562 1439 90.783378601074219 137.94892883300781 1415 38.939113616943359 136.03231811523438 1430 90.783378601074219 137.94892883300781 1414 184.79769897460938 65.701019287109375 -1 184.79769897460938 65.701019287109375 -1 15.965413093566895 239.39993286132812 -1 118.04918670654297 8.6812114715576172 -1 118.04918670654297 8.6812114715576172 -1 169.14558410644531 92.188873291015625 603 229.39456176757812 92.499748229980469 -1 149.45539855957031 111.31739807128906 -1 123.27162170410156 192.55877685546875 -1 178.00642395019531 207.7822265625 -1 118.04918670654297 8.6812114715576172 -1 190.04841613769531 62.54473876953125 -1 170.10211181640625 63.148963928222656 23 169.14558410644531 92.188873291015625 1319 229.39456176757812 92.499748229980469 -1 179.82992553710938 94.919952392578125 491 236.41848754882812 101.09053802490234 -1 149.45539855957031 111.31739807128906 -1 65.828323364257812 115.80101013183594 -1 60.220737457275391 119.48136138916016 -1 93.001472473144531 127.56010437011719 1431 172.47402954101562 141.02215576171875 -1 72.701530456542969 154.25274658203125 -1 149.10269165039062 169.45071411132812 -1 178.77001953125 171.25425720214844 -1 123.27162170410156 192.55877685546875 -1 153.2926025390625 193.86831665039062 -1 161.43568420410156 206.9949951171875 -1 178.00642395019531 207.7822265625 -1 58.388118743896484 204.48094177246094 -1 107.67425537109375 152.91181945800781 -1 78.091537475585938 164.17263793945312 -1 196.93011474609375 168.147216796875 -1 162.53634643554688 186.66175842285156 -1 177.04371643066406 190.8602294921875 -1 164.79249572753906 194.78097534179688 -1 161.73493957519531 80.886795043945312 -1 195.12078857421875 176.08721923828125 -1 118.79512023925781 169.96437072753906 -1 83.421859741210938 125.97956848144531 1418 113.89022064208984 17.950553894042969 -1 183.40385437011719 152.12257385253906 -1 128.27151489257812 33.286472320556641 1322 165.50157165527344 49.399162292480469 695 151.57489013671875 75.702362060546875 -1 173.06657409667969 79.516838073730469 733 177.37675476074219 91.075218200683594 655 233.67926025390625 91.352973937988281 -1 108.04098510742188 115.00779724121094 1249 81.273658752441406 135.8555908203125 1424 35.825939178466797 128.61659240722656 1488 160.54850769042969 215.95088195800781 -1 195.12078857421875 176.08721923828125 -1 171.73051452636719 205.20713806152344 -1 113.89022064208984 17.950553894042969 -1 151.57489013671875 75.702362060546875 43 177.37675476074219 91.075218200683594 462 233.67926025390625 91.352973937988281 -1 164.79249572753906 194.78097534179688 -1 149.86573791503906 196.32484436035156 -1 172.91120910644531 196.57502746582031 -1 99.008941650390625 199.8609619140625 -1 171.73051452636719 205.20713806152344 -1 174.64210510253906 210.88710021972656 -1 149.86573791503906 196.32484436035156 1435 172.91120910644531 196.57502746582031 -1 99.008941650390625 199.8609619140625 -1 171.73051452636719 205.20713806152344 -1 174.64210510253906 210.88710021972656 -1 95.314811706542969 151.68508911132812 -1 91.377960205078125 150.69503784179688 1461 235.97825622558594 135.32472229003906 -1 51.457569122314453 176.55421447753906 -1 50.971450805664062 121.54192352294922 -1 26.048751831054688 120.56703948974609 -1 51.823116302490234 117.83145141601562 1544 21.843830108642578 114.71370697021484 -1 8.390467643737793 96.593482971191406 -1 172.03173828125 89.605949401855469 611 166.18370056152344 89.319953918457031 1319 108.77537536621094 5.4890055656433105 -1 114.55830383300781 133.39865112304688 -1 165.57588195800781 72.873489379882812 -1 192.50411987304688 51.463260650634766 -1 166.18370056152344 89.319953918457031 603 3.1716630458831787 85.018913269042969 -1 91.377960205078125 150.69503784179688 -1 179.0828857421875 166.04293823242188 1404 105.62031555175781 6.960545539855957 -1 180.50480651855469 187.26820373535156 -1 183.49526977539062 188.46304321289062 -1 167.98861694335938 35.473335266113281 646 107.41149139404297 213.94920349121094 -1 117.21044921875 36.560569763183594 1003 102.90930938720703 43.432754516601562 -1 192.50411987304688 51.463260650634766 1326 107.41149139404297 213.94920349121094 -1 159.04203796386719 219.94090270996094 -1 129.09249877929688 250.65093994140625 -1 126.40088653564453 30.749897003173828 1322 114.53658294677734 1.6847915649414062 638 92.847793579101562 188.86416625976562 -1 92.847793579101562 188.86416625976562 -1 183.49526977539062 188.46304321289062 -1 157.00027465820312 188.51487731933594 -1 137.05584716796875 187.84001159667969 1551 172.65234375 60.203872680664062 -1 180.50480651855469 187.26820373535156 -1 101.38237762451172 169.81330871582031 -1 179.0828857421875 166.04293823242188 -1 105.36321258544922 205.61164855957031 -1 50.971450805664062 121.54192352294922 -1 176.58470153808594 104.74765777587891 -1 179.84979248046875 76.768112182617188 -1 176.58470153808594 104.74765777587891 -1 176.58470153808594 104.74765777587891 -1 
120 0.97699896686477006 0.21050258778367253 -0.03376917038578417 -0.0046176198419884788 0.6256557170255912 -0.31183306676145656 0.32262688163860281 1 000120.png
144.47627258300781 34.948875427246094 -1 96.185905456542969 132.65841674804688 -1 55.887668609619141 141.2159423828125 1451 55.887668609619141 141.2159423828125 -1 202.73696899414062 116.55442047119141 -1 222.23457336425781 146.055419921875 -1 33.997718811035156 104.10094451904297 -1 173.35928344726562 155.00254821777344 -1 154.87548828125 187.60682678222656 -1 136.80964660644531 197.79182434082031 -1 104.37801361083984 78.760757446289062 -1 173.35928344726562 155.00254821777344 1444 33.997718811035156 104.10094451904297 -1 162.03659057617188 38.738819122314453 756 149.87750244140625 233.58598327636719 -1 109.66741180419922 160.81982421875 1465 176.42848205566406 69.228363037109375 -1 167.01094055175781 80.085380554199219 771 179.8970947265625 132.83494567871094 1332 192.41511535644531 146.33615112304688 1383 155.65037536621094 159.92269897460938 -1 168.47648620605469 176.55899047851562 -1 144.11521911621094 204.53413391113281 -1 118.55573272705078 26.328475952148438 723 131.15234375 210.81838989257812 -1 179.8970947265625 132.83494567871094 1246 131.15234375 210.81838989257812 -1 155.65037536621094 159.92269897460938 1438 192.41511535644531 146.33615112304688 -1 167.01094055175781 80.085380554199219 725 118.55573272705078 26.328475952148438 -1 87.4383544921875 126.93471527099609 1549 133.77194213867188 55.615444183349609 1547 244.52505493164062 88.653068542480469 -1 184.03765869140625 61.492637634277344 -1 153.79859924316406 201.73880004882812 -1 124.45529174804688 10.474118232727051 -1 146.21260070800781 190.52629089355469 -1 164.00701904296875 187.18913269042969 1540 140.58625793457031 171.66786193847656 -1 150.71566772460938 46.741531372070312 -1 103.09549713134766 147.73724365234375 1454 193.94659423828125 55.048679351806641 1326 96.375137329101562 140.91133117675781 1411 189.52130126953125 135.34880065917969 1370 96.375137329101562 140.91133117675781 1411 124.50016784667969 180.61941528320312 1496 173.561279296875 219.09027099609375 -1 54.074253082275391 8.0878314971923828 -1 7.4311776161193848 237.67930603027344 -1 112.14238739013672 94.205604553222656 -1 102.16768646240234 32.499031066894531 623 169.78923034667969 52.117519378662109 693 175.66584777832031 66.065498352050781 -1 156.67643737792969 78.895431518554688 16 161.25027465820312 92.261154174804688 -1 164.24505615234375 105.34405517578125 432 167.1966552734375 113.77372741699219 -1 37.773910522460938 130.61630249023438 1457 54.074253082275391 8.0878314971923828 -1 7.4311776161193848 237.67930603027344 -1 173.561279296875 219.09027099609375 -1 164.24505615234375 105.34405517578125 818 37.564197540283203 12.170616149902344 -1 37.564197540283203 12.170616149902344 -1 37.564197540283203 12.170616149902344 -1 168.93220520019531 203.34187316894531 -1 53.743492126464844 177.70013427734375 -1 118.59220886230469 162.11106872558594 -1 174.75169372558594 170.18098449707031 1412 161.74552917480469 167.76669311523438 1440 91.519447326660156 133.27983093261719 1415 112.63175964355469 113.13376617431641 1382 91.519447326660156 133.27983093261719 1550 102.48217010498047 43.831550598144531 -1 166.58868408203125 37.197769165039062 646 125.68428802490234 24.28394889831543 630 122.72636413574219 8.0775918960571289 -1 161.74552917480469 167.76669311523438 1439 161.74552917480469 167.76669311523438 1440 122.82613372802734 41.7640380859375 -1 156.46763610839844 165.86085510253906 -1 240.90576171875 109.70267486572266 -1 156.46763610839844 165.86085510253906 -1 38.618816375732422 123.77598571777344 1416 174.89808654785156 137.97929382324219 -1 55.368728637695312 185.21734619140625 1524 124.68128204345703 190.71693420410156 -1 155.7711181640625 190.98072814941406 -1 163.90347290039062 204.90800476074219 -1 15.065959930419922 236.1923828125 -1 154.12240600585938 235.72404479980469 -1 168.97648620605469 92.196212768554688 603 73.081535339355469 99.88336181640625 1482 150.97764587402344 103.37664794921875 -1 149.40628051757812 111.58979797363281 -1 124.68128204345703 190.71693420410156 -1 163.90347290039062 204.90800476074219 -1 163.90347290039062 204.90800476074219 -1 15.065959930419922 236.1923828125 -1 103.2359619140625 136.91801452636719 -1 96.296493530273438 10.265884399414062 -1 177.55630493164062 42.011009216308594 675 190.07266235351562 62.437789916992188 -1 170.14454650878906 63.139240264892578 23 168.97648620605469 92.196212768554688 1319 179.88554382324219 94.774528503417969 491 73.081535339355469 99.88336181640625 1483 150.97764587402344 103.37664794921875 -1 51.756813049316406 110.25430297851562 -1 149.40628051757812 111.58979797363281 -1 83.432853698730469 121.13121032714844 1418 93.368148803710938 121.96634674072266 1431 56.453159332275391 107.33485412597656 1432 112.38821411132812 29.61305046081543 -1 126.27783966064453 30.713539123535156 1322 128.34188842773438 33.185146331787109 1322 167.08938598632812 192.20939636230469 -1 125.87895202636719 38.671840667724609 883 165.46279907226562 49.358970642089844 695 151.52133178710938 75.764480590820312 -1 88.409515380859375 85.273933410644531 1348 231.93258666992188 90.007179260253906 -1 74.507408142089844 95.245292663574219 1554 96.105918884277344 147.98060607910156 -1 39.266559600830078 119.33705139160156 -1 197.37510681152344 173.97015380859375 -1 181.38859558105469 168.76077270507812 -1 158.75381469726562 213.84663391113281 -1 3.8951997756958008 3.4300882816314697 -1 236.26078796386719 95.170379638671875 -1 69.844383239746094 98.482231140136719 1434 120.48839569091797 47.248943328857422 -1 238.63058471679688 100.07706451416016 -1 180.08782958984375 102.30615234375 -1 3.8951997756958008 3.4300882816314697 -1 125.87895202636719 38.671840667724609 -1 151.52133178710938 75.764480590820312 43 231.93258666992188 90.007179260253906 -1 180.08782958984375 102.30615234375 -1 180.08782958984375 102.30615234375 -1 151.96354675292969 194.00047302246094 -1 120.48839569091797 47.248943328857422 -1 33.485759735107422 122.07947540283203 1386 179.59159851074219 188.51583862304688 -1 151.96354675292969 194.00047302246094 1435 175.38514709472656 194.31166076660156 -1 163.26797485351562 213.2408447265625 -1 172.03164672851562 89.513748168945312 611 161.3226318359375 217.99073791503906 -1 156.79457092285156 220.19908142089844 -1 157.14044189453125 223.73638916015625 -1 69.387321472167969 233.21517944335938 -1 70.263603210449219 235.85411071777344 -1 133.18228149414062 211.26834106445312 -1 166.06549072265625 210.22531127929688 -1 153.62881469726562 208.78643798828125 -1 170.98234558105469 201.88005065917969 -1 58.104801177978516 193.89204406738281 -1 158.97756958007812 185.904541015625 -1 136.48255920410156 185.38700866699219 -1 152.71392822265625 180.54249572753906 -1 162.37590026855469 179.95646667480469 -1 147.62324523925781 180.01860046386719 1442 49.203266143798828 168.99687194824219 1529 169.83413696289062 165.92182922363281 -1 92.291725158691406 146.4510498046875 1461 82.422866821289062 131.38189697265625 -1 142.9896240234375 119.75852203369141 1546 168.22836303710938 108.04301452636719 1437 236.81556701660156 102.38349151611328 -1 79.270088195800781 92.284049987792969 -1 252.88606262207031 91.014991760253906 -1 62.903411865234375 215.49331665039062 -1 153.54940795898438 77.759628295898438 -1 235.64439392089844 89.754287719726562 -1 108.71190643310547 5.3834576606750488 -1 92.291725158691406 146.4510498046875 -1 136.48255920410156 185.38700866699219 -1 170.98234558105469 201.88005065917969 -1 105.15203857421875 7.0613040924072266 -1 192.50723266601562 51.423843383789062 1326 172.3914794921875 60.174320220947266 -1 168.08256530761719 60.217830657958984 -1 180.43104553222656 64.091018676757812 -1 183.52841186523438 69.688972473144531 -1 252.88606262207031 91.014991760253906 1078 148.78070068359375 74.590408325195312 -1 102.13241577148438 76.874298095703125 -1 148.06056213378906 216.39311218261719 -1 153.54940795898438 77.759628295898438 -1 235.64439392089844 89.754287719726562 -1 98.153495788574219 79.245887756347656 -1 172.30746459960938 80.884376525878906 733 92.763755798339844 83.172500610351562 -1 168.08256530761719 60.217830657958984 -1 166.17138671875 89.473091125488281 603 62.223342895507812 212.14759826660156 -1 166.17138671875 89.473091125488281 1319 
121 0.97686272889047154 0.21069974493258484 -0.03498550261956837 -0.010992770190497643 0.61589914250895761 -0.30661780288950147 0.34955144545527528 1 000113.png
91.766792297363281 69.502449035644531 -1 97.669029235839844 175.53868103027344 -1 174.3892822265625 219.821044921875 -1 145.11659240722656 34.877300262451172 -1 41.819816589355469 197.03678894042969 1420 125.85569000244141 154.603271484375 -1 81.026580810546875 20.474811553955078 -1 194.916748046875 163.34407043457031 1517 72.991035461425781 151.76167297363281 1381 229.75796508789062 157.90643310546875 1330 156.4246826171875 191.63493347167969 1444 102.49562835693359 230.8134765625 -1 229.75796508789062 157.90643310546875 -1 161.5311279296875 39.043006896972656 756 54.833927154541016 14.087558746337891 -1 148.67724609375 134.3660888671875 -1 57.019390106201172 165.9053955078125 1368 97.052932739257812 187.786376953125 -1 148.67724609375 134.3660888671875 -1 97.052932739257812 187.786376953125 -1 244.40913391113281 132.34101867675781 1172 223.2957763671875 134.94967651367188 1170 127.29449462890625 14.652948379516602 624 97.783653259277344 153.65165710449219 1382 116.42726898193359 25.885223388671875 723 116.33824157714844 175.77656555175781 -1 94.232795715332031 205.34524536132812 -1 13.530743598937988 184.33796691894531 -1 138.30943298339844 197.9710693359375 1438 151.70088195800781 211.68968200683594 1490 194.76126098632812 57.640495300292969 -1 41.733325958251953 11.729513168334961 -1 49.222175598144531 30.445167541503906 -1 205.28935241699219 53.037128448486328 -1 182.94490051269531 59.564949035644531 -1 167.10624694824219 79.987190246582031 725 162.650634765625 97.700576782226562 -1 214.65435791015625 107.56883239746094 1034 100.45855712890625 116.04186248779297 -1 214.65435791015625 107.56883239746094 1062 100.45855712890625 116.04186248779297 -1 167.10624694824219 79.987190246582031 771 170.43110656738281 176.9893798828125 1383 124.79635620117188 11.421895027160645 624 131.28361511230469 231.09002685546875 -1 80.736763000488281 189.92796325683594 1411 62.324104309082031 183.19540405273438 1424 70.892257690429688 177.20985412597656 1385 16.539297103881836 175.135986328125 1386 140.022705078125 172.94953918457031 -1 167.77593994140625 167.0760498046875 1370 158.64506530761719 165.39750671386719 1332 133.19291687011719 55.885578155517578 -1 120.19000244140625 231.93632507324219 -1 133.19291687011719 55.885578155517578 -1 167.77593994140625 167.0760498046875 1387 70.892257690429688 177.20985412597656 1388 62.324104309082031 183.19540405273438 1425 120.19000244140625 231.93632507324219 -1 120.19000244140625 231.93632507324219 -1 175.56951904296875 65.816642761230469 -1 204.09306335449219 75.751937866210938 1390 156.43354797363281 79.010261535644531 16 174.17845153808594 95.262161254882812 697 207.41131591796875 120.81785583496094 1337 244.80934143066406 140.50837707519531 -1 243.18511962890625 155.62631225585938 -1 144.93672180175781 191.400634765625 1391 132.57017517089844 205.42115783691406 1419 157.0472412109375 204.62980651855469 1412 98.080818176269531 211.414306640625 1423 112.75389099121094 231.92538452148438 -1 153.48347473144531 239.49754333496094 -1 122.32072448730469 239.62008666992188 -1 112.85446929931641 130.53926086425781 1193 122.32072448730469 239.62008666992188 -1 112.75389099121094 231.92538452148438 -1 132.57017517089844 205.42115783691406 -1 244.80934143066406 140.50837707519531 -1 207.41131591796875 120.81785583496094 1339 174.17845153808594 95.262161254882812 -1 174.17845153808594 95.262161254882812 292 164.41453552246094 46.41302490234375 -1 134.99246215820312 34.673408508300781 774 170.84555053710938 41.852512359619141 -1 243.18511962890625 155.62631225585938 -1 170.84555053710938 41.852512359619141 675 122.97588348388672 8.9134359359741211 -1 115.97787475585938 10.114805221557617 -1 134.99246215820312 34.673408508300781 -1 21.538009643554688 39.240726470947266 -1 5.8010244369506836 46.090503692626953 -1 164.41453552246094 46.41302490234375 695 193.4185791015625 54.429576873779297 1326 124.65377044677734 178.965576171875 -1 245.14813232421875 154.7451171875 -1 114.50929260253906 239.9879150390625 -1 144.76136779785156 204.97854614257812 1439 75.375946044921875 183.79290771484375 1414 245.14813232421875 154.7451171875 -1 246.69723510742188 147.60235595703125 -1 246.69723510742188 147.60235595703125 -1 88.585273742675781 2.1950826644897461 -1 88.585273742675781 2.1950826644897461 -1 151.64706420898438 103.18531036376953 -1 57.896213531494141 23.746044158935547 -1 66.645942687988281 16.258247375488281 -1 88.585273742675781 2.1950826644897461 -1 96.656982421875 163.08534240722656 1426 103.91701507568359 23.095527648925781 -1 114.50929260253906 239.9879150390625 -1 101.49863433837891 43.364921569824219 -1 144.76136779785156 204.97854614257812 1440 52.772117614746094 186.93916320800781 1450 21.755020141601562 186.73892211914062 1394 75.375946044921875 183.79290771484375 1415 166.77041625976562 36.0772705078125 646 110.24568176269531 24.521211624145508 -1 52.062862396240234 23.028066635131836 -1 166.77041625976562 36.0772705078125 -1 0.66671484708786011 53.566051483154297 -1 177.42988586425781 60.326572418212891 -1 169.99055480957031 63.171768188476562 23 180.01130676269531 94.375579833984375 491 149.54620361328125 111.59058380126953 -1 94.581291198730469 145.79325866699219 1207 98.907760620117188 146.51815795898438 1395 103.24961853027344 146.41835021972656 -1 54.80340576171875 147.98402404785156 1482 91.898910522460938 151.07310485839844 1396 104.66121673583984 157.50315856933594 -1 66.721015930175781 172.12370300292969 1418 162.22349548339844 202.47544860839844 1398 125.22740173339844 227.19171142578125 -1 134.8848876953125 245.48263549804688 -1 83.596237182617188 8.1938056945800781 -1 100.50335693359375 8.9481306076049805 -1 96.648063659667969 11.287920951843262 -1 114.17379760742188 31.466251373291016 -1 27.127887725830078 32.932899475097656 -1 11.055938720703125 43.625762939453125 -1 134.8848876953125 245.48263549804688 -1 100.50335693359375 8.9481306076049805 711 169.40373229980469 46.46441650390625 -1 149.54620361328125 111.59058380126953 -1 98.907760620117188 146.51815795898438 1399 54.80340576171875 147.98402404785156 1483 91.898910522460938 151.07310485839844 1400 125.73268127441406 38.522758483886719 883 94.4150390625 110.00925445556641 1494 110.85142517089844 122.7662353515625 -1 114.28327178955078 2.3628859519958496 638 39.274723052978516 24.911273956298828 -1 128.41157531738281 33.150527954101562 1322 39.596149444580078 33.846366882324219 -1 3.857337474822998 36.395984649658203 -1 129.08131408691406 36.574825286865234 -1 110.85142517089844 122.7662353515625 -1 120.54705810546875 47.73419189453125 -1 10.15824031829834 48.306514739990234 -1 151.60107421875 75.700469970703125 43 172.92100524902344 79.766166687011719 733 240.84840393066406 86.825042724609375 -1 177.569580078125 90.651176452636719 655 250.60697937011719 93.266021728515625 -1 105.52245330810547 151.55267333984375 1403 90.474418640136719 156.82145690917969 1249 86.724708557128906 191.01945495605469 -1 168.7847900390625 210.18794250488281 -1 162.29617309570312 222.74185180664062 -1 136.15116882324219 181.7127685546875 -1 39.274723052978516 24.911273956298828 -1 120.54705810546875 47.73419189453125 -1 10.15824031829834 48.306514739990234 -1 151.60107421875 75.700469970703125 -1 177.569580078125 90.651176452636719 462 94.4150390625 110.00925445556641 -1 105.52245330810547 151.55267333984375 1211 168.7847900390625 210.18794250488281 -1 136.15116882324219 181.7127685546875 -1 116.86843109130859 36.706806182861328 -1 167.96870422363281 35.676311492919922 646 34.153438568115234 33.779518127441406 -1 18.852567672729492 31.607820510864258 -1 126.79314422607422 30.674566268920898 1322 162.63111877441406 29.041536331176758 -1 111.32161712646484 21.214693069458008 -1 253.33589172363281 91.055717468261719 -1 106.18544769287109 6.9367656707763672 -1 73.715667724609375 3.0077352523803711 -1 165.06512451171875 218.55381774902344 -1 168.67613220214844 222.96969604492188 -1 171.96101379394531 89.717033386230469 611 166.23068237304688 89.662521362304688 1319 236.11643981933594 79.818534851074219 -1 100.34697723388672 100.91281890869141 1340 34.153438568115234 33.779518127441406 -1 167.96870422363281 35.676311492919922 -1 2.9096426963806152 40.943107604980469 -1 174.09713745117188 50.449760437011719 -1 192.485107421875 51.423110961914062 -1 166.23068237304688 89.662521362304688 603 253.33589172363281 91.055717468261719 -1 236.11643981933594 79.818534851074219 -1 172.56257629394531 209.34124755859375 -1 165.06512451171875 218.55381774902344 -1 154.81564331054688 72.458747863769531 -1 168.09141540527344 70.068008422851562 -1 189.50645446777344 61.384468078613281 -1 172.90699768066406 60.175014495849609 -1 2.4857301712036133 52.326934814453125 -1 192.485107421875 51.423110961914062 1326 73.715667724609375 3.0077352523803711 -1 174.09713745117188 50.449760437011719 -1 48.456768035888672 16.981752395629883 -1 2.9096426963806152 40.943107604980469 -1 108.93668365478516 93.188514709472656 -1 172.56257629394531 209.34124755859375 -1 18.852567672729492 31.607820510864258 -1 145.24102783203125 122.90129852294922 1311 118.65760040283203 46.750720977783203 -1 176.00291442871094 97.126884460449219 -1 153.26121520996094 77.791831970214844 -1 162.19075012207031 196.77676391601562 1404 118.65760040283203 46.750720977783203 -1 153.26121520996094 77.791831970214844 -1 
122 0.97696103581489591 0.21071342600584483 -0.033651946065819539 -0.0038122337740639353 0.62573472486379245 -0.3125284201598939 0.31804601540440214 1 000122.png
94.508895874023438 127.93113708496094 -1 86.491127014160156 226.84474182128906 -1 144.1951904296875 33.824798583984375 -1 233.75520324707031 103.08629608154297 -1 51.941753387451172 133.9022216796875 1451 128.32879638671875 132.79283142089844 1506 51.941753387451172 133.9022216796875 -1 202.10853576660156 113.75089263916016 -1 221.08290100097656 144.19853210449219 -1 221.08290100097656 144.19853210449219 1492 104.17481994628906 70.476974487304688 -1 29.934909820556641 96.374702453613281 -1 173.1546630859375 150.03706359863281 -1 153.09498596191406 181.67803955078125 -1 29.934909820556641 96.374702453613281 -1 173.1546630859375 150.03706359863281 1444 92.885848999023438 152.43359375 -1 109.16555023193359 155.37895202636719 1465 116.90042114257812 25.623945236206055 723 160.005859375 36.86663818359375 756 176.43756103515625 70.681060791015625 -1 168.27725219726562 172.14263916015625 -1 132.58186340332031 205.81916809082031 -1 134.69354248046875 55.723922729492188 -1 184.41880798339844 58.416709899902344 -1 167.14176940917969 79.7730712890625 771 85.745193481445312 120.00950622558594 1549 179.9052734375 128.5386962890625 1246 192.26341247558594 142.38291931152344 1383 155.50384521484375 155.43161010742188 -1 144.094970703125 200.23257446289062 -1 132.58186340332031 205.81916809082031 -1 146.58027648925781 229.32106018066406 -1 155.50384521484375 155.43161010742188 1438 192.26341247558594 142.38291931152344 -1 179.9052734375 128.5386962890625 1332 134.69354248046875 55.723922729492188 -1 100.71443176269531 31.256814956665039 623 153.48460388183594 197.14501953125 -1 145.91546630859375 186.13996887207031 -1 242.95758056640625 87.3931884765625 -1 189.56993103027344 131.22174072265625 1370 95.095687866210938 134.64028930664062 1411 102.16255950927734 141.72384643554688 1454 141.2366943359375 171.84321594238281 -1 163.60389709472656 182.74948120117188 1540 95.095687866210938 134.64028930664062 1411 242.95758056640625 87.3931884765625 -1 121.4599609375 177.32920837402344 1496 156.73045349121094 78.831886291503906 16 193.89643859863281 54.803684234619141 1326 161.39688110351562 92.087379455566406 -1 112.24063110351562 106.62579345703125 1382 140.16184997558594 219.62741088867188 -1 164.56484985351562 47.481597900390625 -1 10.329353332519531 231.63156127929688 -1 108.43382263183594 42.599605560302734 -1 50.273792266845703 172.17317199707031 1524 90.104415893554688 126.68208312988281 1415 156.22479248046875 161.28068542480469 -1 32.648113250732422 121.95768737792969 1542 167.80039978027344 109.41748809814453 -1 116.34697723388672 7.5740046501159668 -1 168.61482238769531 92.037101745605469 1319 103.30867767333984 32.9359130859375 623 164.58650207519531 34.323287963867188 -1 10.329353332519531 231.63156127929688 -1 10.329353332519531 231.63156127929688 -1 122.48339080810547 7.8979201316833496 -1 156.22479248046875 161.28068542480469 -1 90.104415893554688 126.68208312988281 1550 32.648113250732422 121.95768737792969 1457 167.80039978027344 109.41748809814453 -1 168.61482238769531 92.037101745605469 603 108.43382263183594 42.599605560302734 -1 161.64982604980469 163.2509765625 1440 168.96270751953125 199.028564453125 -1 102.96463012695312 43.988285064697266 -1 161.64982604980469 163.2509765625 1439 116.24382781982422 167.89161682128906 -1 147.42047119140625 170.90592956542969 -1 169.02149963378906 178.98060607910156 -1 126.02886199951172 191.26710510253906 -1 96.851768493652344 194.84249877929688 -1 133.21028137207031 197.85675048828125 -1 192.32597351074219 147.81466674804688 -1 190.15786743164062 62.462635040283203 -1 150.82077026367188 103.22676849365234 -1 126.02886199951172 191.26710510253906 -1 192.32597351074219 147.81466674804688 -1 54.406230926513672 196.67485046386719 -1 58.337394714355469 207.54351806640625 -1 177.67510986328125 41.912319183349609 675 190.15786743164062 62.462635040283203 -1 170.15713500976562 63.084758758544922 23 182.71759033203125 69.989692687988281 -1 179.93266296386719 94.672195434570312 491 150.82077026367188 103.22676849365234 -1 50.730854034423828 109.23307800292969 1544 102.91005706787109 144.01275634765625 -1 169.02191162109375 179.71910095214844 -1 151.51399230957031 75.78570556640625 -1 151.88795471191406 189.51318359375 1435 126.28618621826172 38.240425109863281 883 119.97422027587891 47.028457641601562 -1 165.37620544433594 49.261451721191406 695 113.85193634033203 2.4322614669799805 638 99.3516845703125 3.9485306739807129 -1 45.491058349609375 162.15219116210938 1529 61.941368103027344 216.34529113769531 -1 156.21965026855469 162.924560546875 -1 129.79502868652344 192.25970458984375 -1 108.89376068115234 5.6381983757019043 -1 173.66928100585938 199.10755920410156 -1 126.23529815673828 30.714817047119141 1322 128.28726196289062 33.237648010253906 1322 61.973136901855469 208.54928588867188 -1 64.397850036621094 214.50025939941406 -1 155.73143005371094 186.54098510742188 -1 151.51399230957031 75.78570556640625 43 156.21965026855469 162.924560546875 -1 151.88795471191406 189.51318359375 -1 99.3516845703125 3.9485306739807129 -1 108.89376068115234 5.6381983757019043 -1 119.97422027587891 47.028457641601562 -1 231.82295227050781 86.839447021484375 -1 231.82295227050781 86.839447021484375 -1 169.02191162109375 179.71910095214844 -1 155.73143005371094 186.54098510742188 -1 173.66928100585938 199.10755920410156 -1 67.27935791015625 230.47611999511719 -1 135.21427917480469 253.97422790527344 -1 147.73762512207031 212.26641845703125 -1 165.88423156738281 205.58407592773438 -1 153.47544860839844 204.80230712890625 -1 60.0787353515625 204.29074096679688 -1 137.0653076171875 197.87136840820312 -1 154.7025146484375 189.113525390625 -1 133.72698974609375 184.4971923828125 -1 155.6005859375 182.44285583496094 -1 147.14048767089844 181.92951965332031 -1 158.83316040039062 181.35417175292969 -1 149.32160949707031 177.14962768554688 -1 152.56340026855469 175.93730163574219 -1 146.05230712890625 172.50184631347656 1442 34.993045806884766 132.993896484375 -1 29.588615417480469 115.44107055664062 1386 43.683639526367188 109.34597778320312 -1 172.16815185546875 89.598472595214844 611 108.80206298828125 86.8675537109375 -1 161.38389587402344 30.875259399414062 -1 117.037353515625 36.659088134765625 1003 98.594551086425781 73.910873413085938 -1 43.683639526367188 109.34597778320312 -1 174.09364318847656 38.2042236328125 675 192.54470825195312 51.405536651611328 1326 155.6005859375 182.44285583496094 -1 133.72698974609375 184.4971923828125 -1 193.92460632324219 60.003608703613281 -1 165.88423156738281 205.58407592773438 -1 98.594551086425781 73.910873413085938 1494 145.24453735351562 214.43498229980469 -1 146.55197143554688 217.01019287109375 -1 29.588615417480469 115.44107055664062 -1 140.55387878417969 207.58113098144531 -1 193.26205444335938 135.20388793945312 -1 156.70280456542969 219.66244506835938 -1 158.39476013183594 210.24076843261719 -1 104.84839630126953 7.0408062934875488 -1 157.48715209960938 222.89581298828125 -1 235.33164978027344 91.733818054199219 -1 193.26205444335938 135.20388793945312 -1 193.92460632324219 60.003608703613281 -1 48.686817169189453 106.23456573486328 -1 48.686817169189453 106.23456573486328 -1 172.64985656738281 80.480796813964844 733 
123 0.976877343753354 0.2112686587741513 -0.032689477184032256 0.0027581085180680819 0.6288672311093757 -0.30032389890795574 0.33391123999056987 1 000118.png
95.248870849609375 240.74057006835938 -1 37.646099090576172 96.022270202636719 -1 171.86166381835938 212.37971496582031 -1 144.61636352539062 35.753623962402344 -1 217.94917297363281 150.18392944335938 -1 56.175621032714844 153.52043151855469 1420 217.94917297363281 150.18392944335938 1492 56.175621032714844 153.52043151855469 -1 197.64859008789062 121.20504760742188 -1 127.79604339599609 159.8834228515625 1506 169.03300476074219 161.87832641601562 -1 108.44432067871094 195.97474670410156 -1 131.45179748535156 202.2664794921875 -1 169.03300476074219 161.87832641601562 1444 108.44432067871094 195.97474670410156 -1 104.40081024169922 86.022048950195312 -1 33.985561370849609 119.80208587646484 -1 26.330720901489258 14.101035118103027 -1 107.73931121826172 168.56930541992188 1481 120.02687835693359 217.37535095214844 -1 107.73931121826172 168.56930541992188 -1 120.02687835693359 217.37535095214844 -1 73.928024291992188 123.60768890380859 1368 161.94406127929688 39.322616577148438 756 119.32366180419922 26.515298843383789 -1 176.22911071777344 68.554931640625 -1 167.05447387695312 80.261550903320312 771 241.403564453125 88.101486206054688 -1 110.62657928466797 119.38477325439453 1382 173.628662109375 138.22291564941406 1332 185.82138061523438 151.05474853515625 1383 150.70632934570312 166.44100952148438 1438 162.62741088867188 181.72708129882812 1490 127.07188415527344 13.900088310241699 624 183.143798828125 59.977321624755859 -1 167.05447387695312 80.261550903320312 725 119.32366180419922 26.515298843383789 723 162.62741088867188 181.72708129882812 -1 185.82138061523438 151.05474853515625 -1 173.628662109375 138.22291564941406 1246 223.81739807128906 101.42975616455078 -1 84.17498779296875 136.71603393554688 1385 31.611360549926758 137.2177734375 -1 31.611360549926758 137.2177734375 -1 84.17498779296875 136.71603393554688 1388 168.21479797363281 130.59785461425781 -1 168.21479797363281 130.59785461425781 -1 8.6270895004272461 21.743295669555664 -1 124.2867431640625 10.30787467956543 -1 92.773536682128906 149.91885375976562 1411 99.831825256347656 155.87313842773438 1454 8.6270895004272461 21.743295669555664 -1 133.47116088867188 55.345272064208984 -1 161.414306640625 95.5960693359375 -1 183.29322814941406 140.49613952636719 1370 151.90995788574219 119.12448120117188 -1 168.21479797363281 130.59785461425781 -1 158.54318237304688 192.60481262207031 1530 148.14895629882812 206.52806091308594 -1 169.88737487792969 50.942699432373047 693 158.54318237304688 192.60481262207031 1540 161.12217712402344 92.387184143066406 -1 66.233741760253906 143.60592651367188 1450 140.82807922363281 197.14842224121094 -1 114.28221893310547 224.7391357421875 -1 7.2306113243103027 247.44306945800781 -1 193.74664306640625 54.941944122314453 1326 101.24061584472656 32.951618194580078 623 50.610172271728516 24.514366149902344 -1 7.2306113243103027 247.44306945800781 -1 107.62291717529297 42.994338989257812 -1 107.62291717529297 42.994338989257812 -1 50.610172271728516 24.514366149902344 -1 107.62291717529297 42.994338989257812 -1 175.70489501953125 66.2349853515625 -1 156.4488525390625 79.078742980957031 16 125.50208282470703 23.494588851928711 630 184.451416015625 65.087356567382812 -1 174.84194946289062 95.919242858886719 292 8.6458663940429688 99.423995971679688 -1 231.91236877441406 102.03839111328125 -1 14.607710838317871 245.41407775878906 -1 121.28878784179688 237.80305480957031 -1 151.35205078125 103.70578002929688 -1 234.21745300292969 113.31427764892578 -1 37.650241851806641 141.56515502929688 1430 88.462944030761719 142.48745727539062 1415 156.21165466308594 160.38449096679688 1391 109.26569366455078 174.51667785644531 1423 155.92927551269531 173.61009216308594 1439 169.169677734375 176.14994812011719 1412 120.78891754150391 194.91844177246094 -1 103.91487884521484 207.50527954101562 -1 179.24176025390625 155.52311706542969 -1 120.78891754150391 194.91844177246094 -1 155.92927551269531 173.61009216308594 1440 155.92927551269531 173.61009216308594 1440 88.462944030761719 142.48745727539062 1415 88.462944030761719 142.48745727539062 1414 37.650241851806641 141.56515502929688 1542 174.84194946289062 95.919242858886719 697 184.451416015625 65.087356567382812 -1 159.85145568847656 232.71078491210938 -1 109.45072174072266 215.14955139160156 -1 161.39419555664062 120.615234375 -1 40.994251251220703 5.6640958786010742 -1 14.607710838317871 245.41407775878906 -1 29.364227294921875 133.94851684570312 -1 138.772216796875 216.92335510253906 -1 138.772216796875 216.92335510253906 -1 26.800418853759766 5.627833366394043 -1 174.83332824707031 173.89837646484375 1398 251.02642822265625 123.47044372558594 -1 149.56939697265625 111.44544219970703 -1 229.05247497558594 92.752426147460938 -1 169.239501953125 92.227455139160156 603 179.85682678222656 94.884918212890625 491 167.54240417480469 107.24864196777344 -1 80.399124145507812 108.20949554443359 -1 149.56939697265625 111.44544219970703 -1 106.0936279296875 114.56998443603516 1396 243.5506591796875 117.11910247802734 -1 141.30923461914062 123.68861389160156 -1 251.02642822265625 123.47044372558594 -1 58.060291290283203 125.26154327392578 -1 250.58265686035156 127.75906372070312 -1 90.580520629882812 132.00572204589844 1431 34.722702026367188 133.73689270019531 1488 78.576690673828125 141.72482299804688 1424 174.83332824707031 173.89837646484375 -1 49.611255645751953 178.48851013183594 -1 113.50513458251953 180.21322631835938 -1 158.91326904296875 189.53569030761719 -1 55.397853851318359 194.37750244140625 -1 184.89822387695312 66.391288757324219 -1 149.82099914550781 196.71066284179688 -1 163.89453125 207.60189819335938 -1 158.09461975097656 209.38267517089844 -1 118.18624877929688 9.018162727355957 -1 118.18624877929688 9.018162727355957 -1 190.03910827636719 62.648258209228516 -1 170.07846069335938 63.22528076171875 23 184.89822387695312 66.391288757324219 -1 181.069091796875 76.541946411132812 -1 169.239501953125 92.227455139160156 1319 229.05247497558594 92.752426147460938 -1 233.18928527832031 93.769660949707031 -1 180.64326477050781 64.009971618652344 -1 151.52665710449219 75.837432861328125 -1 172.96418762207031 79.691459655761719 733 177.33676147460938 91.17340087890625 655 104.91129302978516 119.63121795654297 1249 247.29714965820312 124.44673919677734 -1 193.51739501953125 143.95948791503906 -1 93.364715576171875 156.4705810546875 -1 193.33940124511719 169.77812194824219 -1 146.67994689941406 173.21055603027344 -1 133.70916748046875 190.26097106933594 -1 173.34663391113281 193.24943542480469 -1 176.30923461914062 195.19407653808594 -1 169.17658996582031 199.34109497070312 -1 96.625450134277344 204.11650085449219 -1 99.005416870117188 208.15542602539062 -1 171.29402160644531 212.8194580078125 -1 104.56855773925781 217.42591857910156 -1 120.53499603271484 238.60887145996094 -1 117.51500701904297 239.27247619628906 -1 121.10138702392578 245.13265991210938 -1 120.11978912353516 47.494110107421875 -1 114.03225708007812 17.741493225097656 -1 168.28524780273438 207.40724182128906 -1 128.27702331542969 33.261566162109375 1322 120.11978912353516 47.494110107421875 -1 151.52665710449219 75.837432861328125 43 151.52665710449219 75.837432861328125 -1 177.33676147460938 91.17340087890625 462 173.34663391113281 193.24943542480469 -1 169.17658996582031 199.34109497070312 -1 169.17658996582031 199.34109497070312 -1 169.17658996582031 199.34109497070312 -1 96.625450134277344 204.11650085449219 -1 99.005416870117188 208.15542602539062 -1 120.53499603271484 238.60887145996094 -1 117.51500701904297 239.27247619628906 -1 121.10138702392578 245.13265991210938 -1 110.13727569580078 125.59819793701172 1426 242.59837341308594 120.14366912841797 -1 221.78451538085938 93.163978576660156 -1 172.00991821289062 89.651863098144531 611 166.19970703125 89.40667724609375 1319 161.51898193359375 80.895912170410156 -1 153.42556762695312 77.98876953125 -1 148.7957763671875 74.811744689941406 -1 189.57704162597656 61.211257934570312 -1 175.978759765625 60.804615020751953 -1 172.38888549804688 60.303813934326172 -1 168.11029052734375 60.155288696289062 -1 192.48919677734375 51.4371337890625 1326 117.39611053466797 36.443813323974609 1003 114.88919830322266 234.54463195800781 -1 168.04396057128906 35.520244598388672 -1 192.48919677734375 51.4371337890625 -1 168.11029052734375 60.155288696289062 -1 153.42556762695312 77.98876953125 -1 166.19970703125 89.40667724609375 603 175.23666381835938 168.46784973144531 1404 114.88919830322266 234.54463195800781 -1 115.08006286621094 229.47868347167969 -1 112.07456207275391 224.5732421875 -1 17.039731979370117 241.35313415527344 -1 161.31634521484375 197.19255065917969 -1 52.029041290283203 194.62501525878906 -1 153.261962890625 191.57376098632812 -1 133.04437255859375 184.3543701171875 -1 175.23666381835938 168.46784973144531 -1 112.62824249267578 161.10769653320312 -1 183.26283264160156 157.82438659667969 -1 114.47874450683594 131.77537536621094 -1 177.21333312988281 127.96856689453125 -1 114.54087829589844 1.520334005355835 638 64.422134399414062 221.59892272949219 -1 168.04396057128906 35.520244598388672 646 21.451644897460938 8.4921455383300781 -1 105.31676483154297 7.0872201919555664 -1 108.62478637695312 5.4062151908874512 -1 30.72355842590332 4.2336387634277344 -1 30.72355842590332 4.2336387634277344 -1 117.38184356689453 233.98585510253906 -1 
124 0.97693920800152789 0.21066670083076477 -0.034080374077941157 -0.0069175959072490557 0.62388912358493254 -0.31654778751533302 0.316759610582868 1 000123.png
33.328975677490234 75.576087951660156 -1 94.679679870605469 127.01995086669922 -1 144.2314453125 33.815410614013672 -1 233.27195739746094 102.41199493408203 -1 128.31256103515625 132.18881225585938 1506 52.314357757568359 133.34526062011719 1451 86.521659851074219 226.85009765625 -1 52.314357757568359 133.34526062011719 -1 202.31866455078125 113.24463653564453 -1 221.2757568359375 142.50840759277344 -1 221.2757568359375 142.50840759277344 1492 104.503173828125 70.377464294433594 -1 30.093711853027344 96.176582336425781 -1 173.56256103515625 149.1356201171875 -1 153.77481079101562 180.77696228027344 -1 30.093711853027344 96.176582336425781 -1 173.56256103515625 149.1356201171875 1444 30.641525268554688 100.83332061767578 -1 93.411651611328125 152.66195678710938 -1 169.19938659667969 171.68048095703125 -1 116.91133880615234 25.673652648925781 723 159.70634460449219 36.764347076416016 756 109.49967956542969 154.76922607421875 1465 144.59672546386719 199.05345153808594 -1 146.64178466796875 228.62728881835938 -1 86.268989562988281 119.67217254638672 1549 180.19052124023438 127.5889892578125 1246 192.64356994628906 141.33383178710938 1383 156.186279296875 154.49409484863281 -1 180.19052124023438 127.5889892578125 1332 192.64356994628906 141.33383178710938 -1 133.57752990722656 204.19102478027344 -1 133.57752990722656 204.19102478027344 -1 134.85612487792969 55.813453674316406 -1 176.45100402832031 69.895584106445312 -1 167.101318359375 79.841690063476562 771 134.85612487792969 55.813453674316406 -1 100.68074035644531 31.084648132324219 623 154.33999633789062 196.21728515625 -1 122.86051940917969 199.02491760253906 -1 95.771049499511719 134.11567687988281 1411 242.57191467285156 86.948829650878906 -1 163.62309265136719 35.558986663818359 756 121.31273651123047 177.23069763183594 1496 184.44851684570312 59.32049560546875 -1 242.57191467285156 86.948829650878906 -1 189.83544921875 130.34425354003906 1370 95.771049499511719 134.11567687988281 1411 102.83472442626953 141.2738037109375 1454 141.4515380859375 171.39482116699219 -1 146.68470764160156 185.22232055664062 -1 129.4847412109375 187.1690673828125 -1 164.40504455566406 46.767799377441406 -1 193.89833068847656 54.780818939208984 1326 156.72276306152344 78.821022033691406 16 161.3948974609375 92.102798461914062 -1 33.541862487792969 122.43228149414062 1457 123.55116271972656 9.4253501892089844 -1 129.4847412109375 187.1690673828125 -1 33.541862487792969 122.43228149414062 1542 164.40504455566406 46.767799377441406 -1 116.31344604492188 7.7400317192077637 -1 177.58078002929688 42.204547882080078 675 140.79536437988281 218.7823486328125 -1 169.7930908203125 197.750244140625 -1 162.32073974609375 162.42105102539062 1440 113.61474609375 137.24478149414062 -1 90.880043029785156 126.13219451904297 1415 51.247653961181641 110.00115966796875 1544 167.98896789550781 108.67668151855469 -1 112.40785217285156 106.53311920166016 1382 168.62039184570312 92.084014892578125 1319 102.77672576904297 43.897365570068359 -1 108.35417175292969 42.596996307373047 -1 58.323440551757812 207.25318908691406 -1 162.32073974609375 162.42105102539062 1439 90.880043029785156 126.13219451904297 1415 90.880043029785156 126.13219451904297 1550 167.98896789550781 108.67668151855469 -1 168.62039184570312 92.084014892578125 603 108.35417175292969 42.596996307373047 -1 130.78022766113281 193.20445251464844 -1 182.86054992675781 69.864837646484375 -1 179.92967224121094 94.687149047851562 491 175.39271545410156 96.046791076660156 292 175.18952941894531 132.72325134277344 -1 156.87471008300781 160.93515014648438 -1 169.744873046875 177.95050048828125 -1 135.14041137695312 249.54930114746094 -1 175.39271545410156 96.046791076660156 697 150.92890930175781 103.28391265869141 -1 156.87471008300781 160.93515014648438 -1 150.92890930175781 103.28391265869141 -1 115.18817901611328 31.186677932739258 -1 165.20048522949219 49.122539520263672 695 140.58395385742188 205.97872924804688 -1 159.95039367675781 208.454833984375 -1 111.26549530029297 23.491649627685547 -1 103.84432220458984 33.252712249755859 623 190.11221313476562 62.547496795654297 -1 170.14222717285156 63.095241546630859 23 128.25152587890625 33.231208801269531 1322 156.89059448242188 161.83348083496094 -1 146.76280212402344 171.27206420898438 1442 51.151870727539062 176.03169250488281 1524 155.88381958007812 225.21337890625 -1 184.24920654296875 183.72195434570312 -1 156.62960815429688 185.66703796386719 -1 188.76593017578125 54.791664123535156 -1 181.60536193847656 187.28042602539062 -1 55.596519470214844 187.92015075683594 -1 151.84886169433594 172.32978820800781 -1 120.73597717285156 47.462654113769531 -1 151.53135681152344 75.751319885253906 -1 172.92205810546875 79.459762573242188 733 180.074462890625 183.17073059082031 -1 181.86601257324219 98.599174499511719 -1 108.87731170654297 103.09751129150391 -1 81.57977294921875 114.40102386474609 1418 47.761837005615234 166.70191955566406 -1 44.440196990966797 165.68980407714844 -1 241.65147399902344 102.53305053710938 -1 108.3011474609375 87.430320739746094 -1 188.76593017578125 54.791664123535156 -1 151.53135681152344 75.751319885253906 43 181.86601257324219 98.599174499511719 -1 156.89059448242188 161.83348083496094 -1 156.62960815429688 185.66703796386719 -1 120.73597717285156 47.462654113769531 -1 113.83008575439453 2.4563503265380859 638 98.775947570800781 193.32876586914062 -1 102.29048919677734 199.353515625 -1 139.59635925292969 199.59390258789062 -1 173.07876586914062 200.6064453125 -1 171.03762817382812 203.54191589355469 -1 154.28512573242188 203.71023559570312 -1 63.931507110595703 211.69970703125 -1 148.66349792480469 211.35696411132812 -1 157.81367492675781 214.63150024414062 -1 147.60691833496094 215.92427062988281 -1 127.88880920410156 236.64047241210938 -1 148.02760314941406 181.13906860351562 -1 129.81596374511719 239.81687927246094 -1 159.6383056640625 180.41177368164062 -1 190.06346130371094 180.02127075195312 -1 153.42424011230469 175.04905700683594 -1 148.39060974121094 174.36537170410156 1442 126.59797668457031 30.753377914428711 1322 164.44476318359375 33.436611175537109 -1 114.48273468017578 124.77822113037109 -1 29.913270950317383 115.26762390136719 1488 117.01736450195312 36.634738922119141 1003 224.00016784667969 93.310722351074219 -1 10.861024856567383 92.775421142578125 -1 172.18441772460938 89.427360534667969 611 231.92967224121094 85.693038940429688 -1 236.25328063964844 79.97015380859375 -1 174.22207641601562 38.152420043945312 675 189.6195068359375 61.144931793212891 -1 192.55874633789062 51.394073486328125 1326 172.10566711425781 60.080295562744141 -1 168.03617858886719 60.225414276123047 -1 231.92967224121094 85.693038940429688 -1 29.913270950317383 115.26762390136719 -1 190.06346130371094 180.02127075195312 -1 133.75204467773438 184.43391418457031 -1 186.21949768066406 185.66191101074219 -1 152.82286071777344 188.27418518066406 -1 126.64813232421875 191.22055053710938 -1 173.07876586914062 200.6064453125 -1 171.03762817382812 203.54191589355469 -1 154.28512573242188 203.71023559570312 -1 172.10566711425781 60.080295562744141 -1 168.03617858886719 60.225414276123047 -1 152.82286071777344 188.27418518066406 1435 133.75204467773438 184.43391418457031 -1 112.0172119140625 28.552606582641602 -1 136.11799621582031 252.94422912597656 -1 126.64813232421875 191.22055053710938 -1 186.21949768066406 185.66191101074219 -1 168.04884338378906 35.374973297119141 646 99.91778564453125 72.739608764648438 -1 99.91778564453125 72.739608764648438 1494 225.89520263671875 120.59830474853516 -1 
125 0.97692517382654964 0.21068622764187861 -0.034328088560975904 -0.0070781750296325689 0.62242623767172089 -0.3180711974633163 0.31799204038886897 1 000125.png
158.76905822753906 204.81614685058594 -1 44.468379974365234 128.76884460449219 -1 44.468379974365234 128.76884460449219 1451 127.69437408447266 128.22543334960938 -1 80.033866882324219 223.04890441894531 -1 212.72319030761719 137.96455383300781 -1 196.05473327636719 113.78481292724609 -1 150.50848388671875 178.07327270507812 -1 104.53325653076172 62.514583587646484 -1 125.24807739257812 238.04872131347656 -1 168.39958190917969 144.28648376464844 1444 107.26736450195312 151.56474304199219 1465 88.447265625 147.65948486328125 -1 168.39958190917969 144.28648376464844 -1 155.819580078125 34.187767028808594 -1 98.201400756835938 26.165552139282227 -1 115.95462036132812 25.280132293701172 723 77.264305114746094 129.00802612304688 1424 176.60719299316406 70.582199096679688 -1 94.233650207519531 161.86764526367188 -1 139.35835266113281 193.1513671875 -1 115.95462036132812 25.280132293701172 -1 121.49713134765625 37.475940704345703 -1 138.1519775390625 38.488502502441406 -1 134.22177124023438 55.202903747558594 -1 167.28327941894531 79.507278442382812 771 236.17674255371094 84.194183349609375 -1 163.650146484375 166.29571533203125 -1 186.38844299316406 137.1722412109375 1383 174.50253295898438 123.86445617675781 1246 80.977073669433594 114.60552978515625 1549 174.50253295898438 123.86445617675781 1332 110.08523559570312 99.0318603515625 1382 149.16020202636719 46.829158782958984 -1 130.42915344238281 203.89431762695312 -1 186.38844299316406 137.1722412109375 -1 236.17674255371094 84.194183349609375 -1 134.22177124023438 55.202903747558594 -1 130.42915344238281 203.89431762695312 -1 125.40996551513672 11.9559326171875 -1 152.0433349609375 163.42240905761719 -1 90.724609375 129.070556640625 1411 98.508934020996094 135.84916687011719 1454 153.22039794921875 151.07754516601562 -1 102.59913635253906 31.826116561889648 623 149.5791015625 190.79240417480469 -1 183.90950012207031 126.57509613037109 1370 90.724609375 129.070556640625 1411 141.32069396972656 172.71701049804688 -1 142.50837707519531 181.11700439453125 -1 142.50837707519531 181.11700439453125 -1 125.97043609619141 182.06752014160156 -1 123.68585205078125 196.77752685546875 -1 138.60987854003906 235.00625610351562 -1 193.69898986816406 54.228786468505859 1326 170.04193115234375 52.055717468261719 693 156.77664184570312 78.759521484375 16 154.34365844726562 90.799606323242188 -1 161.51702880859375 91.966171264648438 -1 156.77664184570312 78.759521484375 694 154.34365844726562 90.799606323242188 802 141.32069396972656 172.71701049804688 -1 138.60987854003906 235.00625610351562 -1 25.67909049987793 117.80715179443359 1457 85.46649169921875 121.39527130126953 1550 85.46649169921875 121.39527130126953 1415 170.42178344726562 117.63174438476562 -1 63.899333953857422 87.48944091796875 1483 92.377494812011719 5.8498597145080566 -1 85.46649169921875 121.39527130126953 1415 157.23875427246094 157.55574035644531 1440 169.41299438476562 159.52105712890625 1412 170.46220397949219 172.61993408203125 -1 130.17091369628906 243.16517639160156 -1 126.63877105712891 189.96621704101562 -1 145.88764953613281 200.2147216796875 -1 168.06044006347656 91.505462646484375 603 168.06044006347656 91.505462646484375 1319 157.23875427246094 157.55574035644531 1439 126.63877105712891 189.96621704101562 -1 130.17091369628906 243.16517639160156 -1 92.377494812011719 5.8498597145080566 -1 63.899333953857422 87.48944091796875 1482 231.23509216308594 105.34905242919922 -1 26.835447311401367 110.31503295898438 1416 246.20137023925781 115.22519683837891 -1 166.80029296875 35.73626708984375 646 112.70897674560547 32.313545227050781 827 112.70897674560547 32.313545227050781 1325 104.82270812988281 93.850128173828125 1396 180.06423950195312 94.394432067871094 491 164.590576171875 101.95738220214844 818 106.38346862792969 102.9228515625 -1 96.894775390625 123.48371887207031 -1 117.72095489501953 169.66429138183594 -1 46.113494873046875 175.71963500976562 -1 147.66102600097656 183.72395324707031 -1 136.73861694335938 212.544677734375 -1 150.96818542480469 218.35639953613281 -1 113.20270538330078 91.810173034667969 -1 170.03327941894531 63.194629669189453 23 88.069931030273438 68.295906066894531 -1 181.58505249023438 76.339225769042969 -1 65.771827697753906 81.712913513183594 1554 227.47564697265625 82.571517944335938 -1 59.263134002685547 85.528450012207031 1434 172.19700622558594 88.380813598632812 611 164.590576171875 101.95738220214844 432 164.590576171875 101.95738220214844 -1 106.38346862792969 102.9228515625 -1 151.534912109375 75.748382568359375 -1 227.04925537109375 89.649650573730469 -1 109.14311981201172 91.005859375 -1 136.32533264160156 205.85894775390625 -1 103.94937896728516 98.312545776367188 -1 180.79670715332031 100.43287658691406 -1 97.93609619140625 128.997314453125 -1 152.60200500488281 144.07382202148438 1522 82.284759521484375 164.82424926757812 -1 151.98056030273438 180.527587890625 -1 135.40673828125 200.52604675292969 -1 151.534912109375 75.748382568359375 43 151.534912109375 75.748382568359375 -1 180.79670715332031 100.43287658691406 -1 180.79670715332031 100.43287658691406 -1 97.93609619140625 128.997314453125 -1 152.60200500488281 144.07382202148438 -1 82.284759521484375 164.82424926757812 -1 122.20806884765625 185.51042175292969 -1 93.528839111328125 189.51496887207031 -1 136.32533264160156 205.85894775390625 -1 113.75562286376953 2.4765489101409912 638 126.31585693359375 30.731044769287109 1322 128.28123474121094 33.24432373046875 1322 122.20806884765625 185.51042175292969 -1 122.20806884765625 185.51042175292969 -1 143.89501953125 205.91432189941406 -1 211.51713562011719 114.60044097900391 -1 172.28034973144531 89.498573303222656 611 166.15357971191406 89.458724975585938 1319 161.75141906738281 80.797805786132812 -1 172.75071716308594 80.398208618164062 733 107.90543365478516 79.665077209472656 -1 91.579734802246094 67.036529541015625 -1 187.43856811523438 43.870395660400391 -1 174.40837097167969 38.655506134033203 675 116.98729705810547 36.693252563476562 1003 106.02766418457031 6.5876460075378418 -1 142.98799133300781 210.34890747070312 -1 154.69357299804688 218.94232177734375 -1 107.90543365478516 79.665077209472656 -1 166.15357971191406 89.458724975585938 603 192.53805541992188 51.29815673828125 1326 143.89501953125 205.91432189941406 -1 154.69357299804688 218.94232177734375 -1 106.75060272216797 162.33985900878906 -1 187.42512512207031 132.96000671386719 -1 160.5477294921875 30.885524749755859 -1 133.75892639160156 184.45294189453125 -1 154.21743774414062 99.004837036132812 1158 107.17375183105469 60.813751220703125 -1 
126 0.97694808857020066 0.21022141947507364 -0.035091871891434125 -0.012163369601865256 0.61681902747192796 -0.32644179763875475 0.32316879943217985 1 000127.png
93.748603820800781 113.24011993408203 -1 93.748603820800781 113.24011993408203 -1 221.71826171875 105.61742401123047 1472 33.543411254882812 121.05447387695312 1451 142.66081237792969 208.13394165039062 -1 69.782493591308594 218.49606323242188 -1 104.41147613525391 53.516799926757812 -1 186.85423278808594 62.150291442871094 -1 183.15335083007812 94.673713684082031 -1 201.83226013183594 133.85177612304688 -1 104.41147613525391 53.516799926757812 -1 201.83226013183594 133.85177612304688 -1 187.77490234375 112.40224456787109 -1 148.17355346679688 179.9478759765625 -1 187.77490234375 112.40224456787109 -1 114.42621612548828 25.097963333129883 723 160.9693603515625 137.54643249511719 1444 118.73032379150391 232.61433410644531 -1 100.99267578125 145.08570861816406 1481 80.429351806640625 139.57740783691406 -1 160.9693603515625 137.54643249511719 -1 105.83353424072266 92.203590393066406 -1 114.42621612548828 25.097963333129883 -1 90.826431274414062 105.09812164306641 1464 151.99577331542969 30.389013290405273 -1 176.08207702636719 71.234855651855469 -1 69.068382263183594 121.31848907470703 1424 87.40435791015625 156.09062194824219 -1 102.90524291992188 241.08978271484375 -1 133.21446228027344 240.55801391601562 -1 168.75146484375 78.285934448242188 725 102.90524291992188 241.08978271484375 -1 69.068382263183594 121.31848907470703 -1 168.75146484375 78.285934448242188 -1 168.75146484375 78.285934448242188 771 178.41273498535156 132.05267333984375 1383 250.0234375 111.86806488037109 -1 172.20208740234375 92.320907592773438 -1 172.20208740234375 92.320907592773438 -1 250.0234375 111.86806488037109 -1 73.399795532226562 106.52850341796875 1549 118.823486328125 96.301986694335938 -1 172.20208740234375 92.320907592773438 -1 146.01725769042969 42.723335266113281 -1 120.90126037597656 37.940303802490234 -1 132.98526000976562 189.10494995117188 -1 119.54293060302734 175.83967590332031 -1 156.38258361816406 159.3309326171875 -1 178.41273498535156 132.05267333984375 -1 132.98526000976562 189.10494995117188 -1 166.88677978515625 118.85858917236328 1332 166.88677978515625 118.85858917236328 1246 83.273712158203125 121.22519683837891 1411 176.0638427734375 121.82344055175781 1370 91.640556335449219 127.98222351074219 1454 242.98873901367188 143.20936584472656 -1 83.273712158203125 121.22519683837891 1411 136.36637878417969 35.506698608398438 -1 124.51023864746094 10.58316707611084 -1 136.36637878417969 35.506698608398438 774 193.82661437988281 54.600185394287109 1326 153.17434692382812 102.46258544921875 362 165.87289428710938 35.868522644042969 646 156.86265563964844 78.589935302734375 694 154.5626220703125 91.22998046875 -1 41.389640808105469 93.781013488769531 -1 153.17434692382812 102.46258544921875 -1 13.156072616577148 108.53422546386719 1457 122.48796081542969 235.25616455078125 -1 149.3414306640625 164.47064208984375 -1 13.156072616577148 108.53422546386719 1542 122.48796081542969 235.25616455078125 -1 156.86265563964844 78.589935302734375 16 154.5626220703125 91.22998046875 -1 154.5626220703125 91.22998046875 802 175.00112915039062 40.479450225830078 675 181.46139526367188 44.376934051513672 -1 66.633590698242188 79.223541259765625 -1 161.79486083984375 91.402885437011719 -1 167.81108093261719 91.017318725585938 603 14.895556449890137 101.09145355224609 1416 165.05586242675781 102.44060516357422 818 77.831535339355469 113.54527282714844 1415 250.49566650390625 128.90553283691406 1466 184.66799926757812 135.97654724121094 -1 149.240234375 163.34906005859375 1540 162.86726379394531 165.80659484863281 -1 142.55635070800781 172.34075927734375 -1 138.59481811523438 192.69932556152344 -1 122.48239135742188 195.68289184570312 -1 77.831535339355469 113.54527282714844 1550 77.831535339355469 113.54527282714844 1415 161.79486083984375 91.402885437011719 -1 121.49990844726562 26.378593444824219 648 121.49990844726562 26.378593444824219 630 106.89255523681641 83.590744018554688 1555 54.452968597412109 84.282974243164062 -1 97.992172241210938 86.642044067382812 1396 143.36491394042969 216.77217102050781 -1 31.661008834838867 87.623786926269531 -1 96.866401672363281 91.483078002929688 -1 180.08451843261719 94.356246948242188 491 15.84804630279541 96.010231018066406 -1 99.400291442871094 96.061775207519531 -1 107.90103912353516 99.290237426757812 -1 222.65138244628906 99.418548583984375 -1 69.122184753417969 100.36900329589844 1418 179.70295715332031 103.72459411621094 1480 250.41168212890625 120.0904541015625 1515 150.48402404785156 151.93731689453125 1439 137.12399291992188 186.27462768554688 -1 129.87504577636719 204.85279846191406 -1 143.7496337890625 210.36672973632812 -1 250.41168212890625 120.0904541015625 1525 143.36491394042969 216.77217102050781 -1 99.400291442871094 96.061775207519531 1532 178.42933654785156 53.643829345703125 -1 170.35420227050781 62.901088714599609 23 102.18576049804688 83.847702026367188 -1 107.08781433105469 68.840034484863281 -1 79.620094299316406 101.67052459716797 1431 234.02207946777344 113.96395111083984 -1 162.61326599121094 123.22875213623047 -1 113.48674774169922 227.64616394042969 1553 111.11917877197266 95.614028930664062 -1 75.379692077636719 68.707878112792969 -1 9.0179319381713867 99.398033142089844 1488 57.756866455078125 74.747230529785156 1554 151.52793884277344 75.711448669433594 -1 216.89837646484375 82.540794372558594 -1 110.64128112792969 85.26824951171875 749 27.992832183837891 90.190399169921875 -1 102.97589874267578 99.038139343261719 -1 128.36506652832031 33.186378479003906 1322 155.05018615722656 99.322334289550781 1158 175.64088439941406 101.60086822509766 118 146.75746154785156 212.34065246582031 -1 108.93123626708984 5.5264286994934082 -1 155.85197448730469 31.991891860961914 -1 75.379692077636719 68.707878112792969 -1 113.56378173828125 2.0663661956787109 638 216.89837646484375 82.540794372558594 -1 75.379692077636719 68.707878112792969 -1 75.379692077636719 68.707878112792969 -1 107.08781433105469 68.840034484863281 -1 151.52793884277344 75.711448669433594 -1 151.52793884277344 75.711448669433594 43 155.05018615722656 99.322334289550781 -1 175.64088439941406 101.60086822509766 -1 146.75746154785156 212.34065246582031 -1 139.97824096679688 176.93719482421875 -1 193.911865234375 59.875629425048828 -1 169.78944396972656 40.661384582519531 -1 90.854454040527344 57.846149444580078 -1 136.80868530273438 215.10197448730469 -1 84.205322265625 61.002250671386719 -1 172.36299133300781 89.519630432128906 611 95.680091857910156 60.935955047607422 1479 78.527046203613281 66.989067077636719 -1 166.21730041503906 89.320709228515625 1319 180.04800415039062 76.586456298828125 -1 154.7886962890625 72.441917419433594 -1 169.78944396972656 40.661384582519531 -1 78.527046203613281 66.989067077636719 -1 154.7886962890625 72.441917419433594 -1 166.21730041503906 89.320709228515625 603 116.87841796875 36.75286865234375 1003 156.77088928222656 28.47718620300293 -1 118.82225799560547 180.47901916503906 -1 87.10198974609375 172.21244812011719 -1 82.637031555175781 165.27786254882812 -1 63.6629638671875 134.64012145996094 -1 166.571533203125 127.678955078125 -1 172.36299133300781 89.519630432128906 611 245.50325012207031 122.97015380859375 -1 235.50021362304688 118.66353607177734 -1 2.9922888278961182 92.009918212890625 -1 135.99678039550781 202.42082214355469 -1 109.5509033203125 140.22090148925781 -1 136.81636047363281 198.10685729980469 -1 2.9922888278961182 92.009918212890625 -1 92.612068176269531 181.71781921386719 -1 
127 0.97694554596112271 0.21014291053195261 -0.035285011190065836 -0.013127275619893118 0.61706883218934039 -0.32712182043696914 0.31967873115317508 1 000126.png
224.58555603027344 104.64339447021484 1472 37.168060302734375 123.16096496582031 1451 128.34320068359375 123.18152618408203 -1 73.335456848144531 219.73667907714844 -1 104.12437438964844 55.243370056152344 -1 187.37646484375 63.895160675048828 -1 186.31459045410156 96.633895874023438 -1 205.56916809082031 133.93281555175781 -1 205.56916809082031 133.93281555175781 -1 104.12437438964844 55.243370056152344 -1 79.719375610351562 85.899009704589844 -1 150.06761169433594 179.33441162109375 -1 164.15150451660156 139.85821533203125 1444 83.470077514648438 142.22671508789062 -1 114.85784149169922 25.095199584960938 -1 114.85784149169922 25.095199584960938 723 93.005729675292969 106.93436431884766 1464 164.15150451660156 139.85821533203125 -1 83.470077514648438 142.22671508789062 -1 103.62675476074219 146.75296020507812 1481 122.01693725585938 158.763671875 1509 121.84562683105469 234.48147583007812 -1 90.802009582519531 158.08155822753906 -1 105.42015075683594 242.12933349609375 -1 137.17718505859375 241.31629943847656 -1 167.81991577148438 79.169105529785156 -1 167.81991577148438 79.169105529785156 725 167.81991577148438 79.169105529785156 771 105.42015075683594 242.12933349609375 -1 158.9752197265625 113.18241119384766 -1 158.9752197265625 113.18241119384766 -1 176.3525390625 70.9293212890625 -1 107.79689788818359 94.122566223144531 -1 158.9752197265625 113.18241119384766 -1 120.83694458007812 37.947288513183594 -1 134.21176147460938 55.099403381347656 -1 172.1773681640625 92.585884094238281 -1 76.17864990234375 108.59761047363281 1549 111.00822448730469 116.72727203369141 -1 169.61103820800781 120.01156616210938 1246 181.48178100585938 133.38665771484375 -1 159.2242431640625 161.37213134765625 -1 135.94760131835938 189.73892211914062 -1 181.48178100585938 133.38665771484375 1383 169.61103820800781 120.01156616210938 1332 134.21176147460938 55.099403381347656 -1 172.1773681640625 92.585884094238281 -1 172.1773681640625 92.585884094238281 -1 86.026542663574219 123.33724212646484 1411 159.04115295410156 147.72776794433594 -1 150.24420166015625 166.41194152832031 1540 121.68115234375 177.36984252929688 -1 145.49740600585938 184.70672607421875 -1 127.87789916992188 202.772216796875 -1 94.6224365234375 129.89842224121094 1454 136.57321166992188 35.742347717285156 -1 86.026542663574219 123.33724212646484 1411 159.04115295410156 147.72776794433594 -1 150.24420166015625 166.41194152832031 -1 127.87789916992188 202.772216796875 -1 178.80122375488281 123.08727264404297 1370 124.52278900146484 10.629814147949219 -1 136.57321166992188 35.742347717285156 774 125.35662078857422 237.316650390625 -1 166.26524353027344 35.710159301757812 646 154.48835754394531 91.004714965820312 -1 156.8310546875 78.64337158203125 16 164.233642578125 113.79216003417969 -1 117.18874359130859 97.353736877441406 -1 17.577018737792969 111.00953674316406 1457 193.87545776367188 54.322742462158203 1326 156.8310546875 78.64337158203125 694 154.48835754394531 91.004714965820312 802 154.48835754394531 91.004714965820312 -1 125.35662078857422 237.316650390625 -1 53.023441314697266 128.07321166992188 -1 221.03424072265625 80.508705139160156 -1 123.58038330078125 195.77017211914062 -1 141.48628234863281 194.69761657714844 -1 165.70747375488281 167.62702941894531 -1 161.63768005371094 91.711326599121094 -1 110.68686676025391 100.36896514892578 -1 104.52610015869141 34.078403472900391 -1 175.85208129882812 40.815387725830078 675 153.17012023925781 152.99537658691406 1439 221.03424072265625 80.508705139160156 -1 58.386817932128906 81.675697326660156 1482 187.76675415039062 137.49520874023438 -1 104.91824340820312 161.83158874511719 -1 167.87715148925781 91.12823486328125 603 153.17012023925781 152.99537658691406 1440 164.88722229003906 102.23622894287109 818 19.31843376159668 103.56827545166016 1416 251.43363952636719 103.52133178710938 -1 80.732498168945312 115.62194061279297 1415 80.732498168945312 115.62194061279297 1550 80.732498168945312 115.62194061279297 1415 164.88722229003906 102.23622894287109 432 167.87715148925781 91.12823486328125 1319 58.386817932128906 81.675697326660156 1483 121.45783996582031 26.350921630859375 648 121.45783996582031 26.350921630859375 630 104.60302734375 56.302242279052734 -1 170.27781677246094 62.991870880126953 23 60.453472137451172 76.291839599609375 1554 53.543586730957031 80.010055541992188 1434 100.58286285400391 88.646263122558594 1396 172.33088684082031 88.359115600585938 611 180.07943725585938 94.361640930175781 491 102.15541839599609 97.708343505859375 -1 180.78350830078125 101.77178955078125 -1 71.767509460449219 102.84089660644531 1418 233.679931640625 114.76921844482422 -1 146.23898315429688 218.86093139648438 -1 132.64860534667969 206.82269287109375 -1 116.76722717285156 4.1502814292907715 -1 178.09434509277344 54.053756713867188 -1 220.7913818359375 81.737777709960938 -1 99.318824768066406 93.290542602539062 -1 105.66240692138672 100.97241973876953 -1 146.748291015625 170.13078308105469 -1 94.070091247558594 6.212092399597168 -1 109.0694580078125 6.0405926704406738 -1 112.93142700195312 44.136249542236328 631 100.58286285400391 88.646263122558594 -1 172.33088684082031 88.359115600585938 611 102.15541839599609 97.708343505859375 1532 109.2069091796875 35.237274169921875 1325 152.33914184570312 145.10250854492188 -1 149.99456787109375 214.00505065917969 -1 93.367034912109375 58.4547119140625 -1 75.559326171875 68.125167846679688 1348 151.48745727539062 75.835968017578125 -1 79.438766479492188 125.54472351074219 -1 104.66509246826172 85.782913208007812 -1 112.66654968261719 7.0917611122131348 -1 154.91647338867188 99.245925903320312 -1 154.91647338867188 99.245925903320312 1158 113.76045227050781 2.105888843536377 732 133.81515502929688 184.42921447753906 -1 236.63446044921875 116.74266052246094 -1 230.30641174316406 110.45249176025391 1514 175.63041687011719 101.67440032958984 118 91.966545104980469 117.68964385986328 -1 248.53173828125 122.32617950439453 -1 245.41793823242188 123.9205322265625 -1 152.33914184570312 145.10250854492188 -1 149.99456787109375 214.00505065917969 -1 139.42121887207031 217.04721069335938 -1 151.48745727539062 75.835968017578125 -1 151.48745727539062 75.835968017578125 43 175.63041687011719 101.67440032958984 -1 183.25291442871094 44.062877655029297 -1 73.248085021972656 147.68568420410156 -1 147.68367004394531 175.35528564453125 -1 144.09034729003906 178.57783508300781 -1 7.3394551277160645 99.199798583984375 -1 56.136245727539062 123.93949127197266 -1 145.94331359863281 113.17266845703125 -1 111.05369567871094 86.116989135742188 -1 10.412920951843262 99.166297912597656 -1 8.4520359039306641 96.268707275390625 -1 172.34396362304688 89.395347595214844 611 166.16964721679688 89.383560180664062 1319 108.37706756591797 86.655998229980469 1555 111.05369567871094 86.116989135742188 749 240.5428466796875 82.659317016601562 -1 161.58473205566406 81.0438232421875 -1 180.09843444824219 76.562118530273438 -1 107.48558807373047 71.6673583984375 -1 167.87478637695312 60.346385955810547 -1 101.46953582763672 54.42694091796875 -1 116.94751739501953 36.70391845703125 1003 108.37706756591797 86.655998229980469 -1 166.16964721679688 89.383560180664062 603 153.71791076660156 25.955703735351562 -1 126.72813415527344 30.702032089233398 1322 131.63398742675781 196.51351928710938 -1 157.76388549804688 29.009250640869141 -1 107.57878112792969 27.929378509521484 -1 138.87953186035156 204.42855834960938 -1 112.07158660888672 141.79655456542969 -1 107.48558807373047 71.6673583984375 -1 12.562808990478516 102.09371185302734 1488 64.910171508789062 134.59906005859375 -1 
128 0.97690944850191253 0.21079810972096505 -0.034232807342742637 -0.0063404469236637614 0.62395725788619205 -0.31607990257937879 0.31720044913003925 1 000124.png
31.33686637878418 73.846038818359375 -1 94.189224243164062 126.962890625 -1 85.922050476074219 225.30201721191406 -1 144.03887939453125 33.516658782958984 -1 231.91389465332031 101.71452331542969 -1 128.136474609375 131.52528381347656 1506 50.878120422363281 132.97113037109375 1451 50.878120422363281 132.97113037109375 -1 219.05178833007812 140.54707336425781 -1 200.70425415039062 111.92821502685547 -1 219.05178833007812 140.54707336425781 1492 104.29605102539062 68.416107177734375 -1 28.474403381347656 94.9766845703125 -1 172.56057739257812 147.61701965332031 -1 153.12333679199219 179.46078491210938 -1 172.56057739257812 147.61701965332031 1444 28.474403381347656 94.9766845703125 -1 158.38554382324219 36.054916381835938 756 92.750862121582031 151.30291748046875 -1 127.47054290771484 14.673144340515137 791 116.60163116455078 25.80748176574707 723 176.4202880859375 70.667121887207031 -1 109.27637481689453 153.94998168945312 1465 134.39201354980469 55.787368774414062 -1 167.21531677246094 79.673973083496094 771 85.434745788574219 118.7652587890625 1549 179.13449096679688 126.5286865234375 1246 133.21525573730469 203.1739501953125 -1 100.42613983154297 30.725723266601562 623 191.27330017089844 139.92414855957031 1383 144.09425354003906 197.51518249511719 -1 168.07150268554688 169.56314086914062 -1 155.51992797851562 153.2999267578125 -1 179.13449096679688 126.5286865234375 1332 191.27330017089844 139.92414855957031 -1 240.63941955566406 85.791191101074219 -1 123.21939086914062 198.81622314453125 -1 153.78842163085938 194.87747192382812 -1 146.20755004882812 183.86090087890625 -1 184.4725341796875 59.259727478027344 -1 120.09227752685547 176.46705627441406 1496 141.97586059570312 171.67343139648438 -1 102.27582550048828 140.04513549804688 1454 94.988265991210938 133.13137817382812 1411 188.64741516113281 128.85469055175781 1370 240.63941955566406 85.791191101074219 -1 94.988265991210938 133.13137817382812 1411 141.97586059570312 171.67343139648438 -1 123.21939086914062 198.81622314453125 -1 164.29461669921875 46.064365386962891 -1 170.04681396484375 51.397216796875 693 193.77120971679688 54.622890472412109 1326 12.193221092224121 230.72491455078125 -1 161.40228271484375 91.961715698242188 -1 112.05522918701172 104.78084564208984 1382 164.29461669921875 46.064365386962891 -1 156.73233032226562 78.857872009277344 16 12.193221092224121 230.72491455078125 -1 122.74789428710938 8.4130649566650391 -1 174.61497497558594 176.25398254394531 -1 161.53207397460938 161.02583312988281 1440 113.40287780761719 135.89793395996094 -1 31.506101608276367 121.64703369140625 1457 49.823192596435547 109.515380859375 1544 167.6053466796875 107.81662750244141 -1 89.745361328125 125.41572570800781 1415 130.44601440429688 193.01304626464844 -1 129.15104675292969 185.3485107421875 -1 161.53207397460938 161.02583312988281 1439 89.745361328125 125.41572570800781 1550 31.506101608276367 121.64703369140625 1542 168.85777282714844 196.01486206054688 -1 167.6053466796875 107.81662750244141 -1 168.40936279296875 91.870712280273438 603 129.15104675292969 185.3485107421875 -1 108.36147308349609 42.529483795166016 -1 168.40936279296875 91.870712280273438 1319 103.00910949707031 43.884387969970703 -1 177.43252563476562 42.128250122070312 675 108.36147308349609 42.529483795166016 -1 103.36744689941406 32.980979919433594 623 110.65978240966797 24.072254180908203 -1 130.44601440429688 193.01304626464844 -1 140.66395568847656 217.14613342285156 -1 116.14121246337891 7.9344882965087891 -1 182.41758728027344 69.934814453125 -1 170.13296508789062 63.102432250976562 23 190.02714538574219 62.602512359619141 -1 151.8302001953125 187.47914123535156 1435 139.14324951171875 183.64511108398438 -1 155.86235046386719 159.31819152832031 -1 175.12452697753906 121.01809692382812 -1 238.537353515625 105.57991790771484 -1 150.87863159179688 103.2662353515625 -1 134.60086059570312 247.432373046875 -1 134.60086059570312 247.432373046875 -1 155.61781311035156 222.63188171386719 -1 97.146926879882812 193.19120788574219 -1 179.95841979980469 94.59991455078125 491 115.058349609375 30.746286392211914 -1 190.02714538574219 62.602512359619141 -1 150.87863159179688 103.2662353515625 -1 155.86235046386719 159.31819152832031 -1 151.8302001953125 187.47914123535156 -1 128.36569213867188 33.163619995117188 1322 123.44257354736328 36.150711059570312 -1 129.83755493164062 36.441932678222656 -1 124.75493621826172 39.066291809082031 883 119.80425262451172 47.024921417236328 -1 165.50540161132812 49.576023101806641 695 151.47392272949219 75.814910888671875 -1 70.954780578613281 86.5120849609375 1554 75.830276489257812 86.984954833984375 -1 233.20417785644531 89.589691162109375 -1 34.360260009765625 110.37254333496094 -1 250.24482727050781 113.48487854003906 -1 99.5706787109375 137.7821044921875 -1 150.99870300292969 145.90205383300781 -1 158.97332763671875 179.08177185058594 -1 155.96572875976562 184.2017822265625 -1 126.34871673583984 189.16946411132812 -1 173.99853515625 195.64306640625 -1 150.49330139160156 202.15753173828125 -1 139.99359130859375 204.23307800292969 -1 188.63983154296875 54.079971313476562 -1 98.477828979492188 72.098686218261719 1494 108.01625823974609 101.76677703857422 -1 133.70097351074219 184.40408325195312 -1 14.200077056884766 235.25112915039062 -1 113.73764801025391 2.7075858116149902 638 98.477828979492188 72.098686218261719 -1 133.70097351074219 184.40408325195312 -1 119.80425262451172 47.024921417236328 -1 151.47392272949219 75.814910888671875 43 151.47392272949219 75.814910888671875 -1 75.830276489257812 86.984954833984375 -1 158.97332763671875 179.08177185058594 -1 155.96572875976562 184.2017822265625 -1 126.34871673583984 189.16946411132812 -1 150.49330139160156 202.15753173828125 -1 188.63983154296875 54.079971313476562 -1 114.66343688964844 21.283205032348633 -1 111.09366607666016 30.564682006835938 1325 126.35960388183594 30.717470169067383 1322 162.99749755859375 32.614887237548828 -1 50.086814880371094 175.4923095703125 1524 152.96830749511719 173.36656188964844 -1 146.43016052246094 170.00529479980469 1442 86.497314453125 167.89239501953125 -1 58.1124267578125 196.88677978515625 -1 28.00019645690918 114.31791687011719 1386 246.15962219238281 112.97093963623047 -1 58.114086151123047 98.542404174804688 -1 172.20832824707031 89.612220764160156 611 110.97776031494141 85.228218078613281 749 233.16606140136719 84.505905151367188 -1 161.65324401855469 80.951957702636719 -1 86.267570495605469 79.961013793945312 -1 176.73806762695312 196.72695922851562 -1 188.90780639648438 54.809043884277344 -1 192.53752136230469 51.396697998046875 1326 175.71015930175781 36.525592803955078 -1 116.88175201416016 36.748489379882812 -1 167.93128967285156 35.471176147460938 646 74.021827697753906 245.57154846191406 1535 163.95130920410156 216.23358154296875 -1 233.16606140136719 84.505905151367188 -1 155.55015563964844 227.64048767089844 -1 69.331321716308594 91.160507202148438 1483 182.11827087402344 97.741836547851562 -1 86.267570495605469 79.961013793945312 -1 76.470893859863281 83.542327880859375 -1 110.97776031494141 85.228218078613281 -1 110.97776031494141 85.228218078613281 -1 58.114086151123047 98.542404174804688 -1 86.497314453125 167.89239501953125 -1 147.41812133789062 214.18040466308594 -1 176.73806762695312 196.72695922851562 -1 153.94474792480469 202.14218139648438 -1 124.06936645507812 228.96653747558594 -1 162.34402465820312 213.85188293457031 -1 129.99058532714844 239.01907348632812 -1 157.27078247070312 212.93023681640625 -1 69.331321716308594 91.160507202148438 1482 182.11827087402344 97.741836547851562 -1 167.46333312988281 210.44680786132812 -1 164.60014343261719 210.21125793457031 -1 147.98593139648438 209.95542907714844 -1 146.17190551757812 207.36026000976562 -1 168.13487243652344 204.87814331054688 -1 148.05656433105469 204.97718811035156 -1 153.94474792480469 202.14218139648438 -1 239.10691833496094 139.31564331054688 -1 107.13200378417969 66.207275390625 -1 158.86094665527344 222.73594665527344 -1 158.86094665527344 222.73594665527344 -1 
129 0.97697095327024519 0.2102830501127893 -0.034811031354850967 -0.0098482179861161655 0.61786281779409669 -0.32408028922072929 0.32174987454736953 1 000128.png
93.770782470703125 112.22885894775391 -1 93.770782470703125 112.22885894775391 -1 220.16780090332031 104.65976715087891 1472 31.016237258911133 118.85312652587891 1451 130.30549621582031 130.62931823730469 -1 141.26463317871094 205.99551391601562 -1 67.734207153320312 217.49484252929688 -1 103.12178039550781 52.450290679931641 -1 186.24461364746094 61.703117370605469 -1 198.86801147460938 132.44525146484375 -1 198.86801147460938 132.44525146484375 1517 198.86801147460938 132.44525146484375 -1 198.86801147460938 132.44525146484375 -1 103.12178039550781 52.450290679931641 -1 185.80203247070312 112.45005798339844 -1 123.64260101318359 183.8905029296875 -1 185.80203247070312 112.45005798339844 -1 185.80203247070312 112.45005798339844 -1 98.441993713378906 142.32452392578125 1481 114.24259948730469 25.09803581237793 723 158.79815673828125 135.85542297363281 1444 116.38174438476562 229.84272766113281 -1 114.24259948730469 25.09803581237793 -1 103.70008087158203 89.853004455566406 -1 88.741844177246094 102.36964416503906 1464 78.077804565429688 137.15469360351562 -1 158.79815673828125 135.85542297363281 -1 112.72335815429688 157.87545776367188 1509 66.639427185058594 118.15252685546875 1424 168.7528076171875 78.243721008300781 771 168.7528076171875 78.243721008300781 -1 168.7528076171875 78.243721008300781 725 129.69357299804688 238.17581176757812 -1 120.94692230224609 37.932456970214844 -1 134.5032958984375 55.564128875732422 -1 172.28535461425781 92.397499084472656 -1 175.81468200683594 130.13909912109375 1383 172.28535461425781 92.397499084472656 -1 172.28535461425781 92.397499084472656 -1 117.01490783691406 172.85145568847656 -1 154.13681030273438 157.18522644042969 -1 175.81468200683594 130.13909912109375 -1 71.153083801269531 103.67509460449219 1549 80.945747375488281 118.27033996582031 1411 208.63543701171875 90.548019409179688 -1 80.945747375488281 118.27033996582031 1411 119.71076965332031 231.84623718261719 -1 249.4788818359375 112.8194580078125 -1 161.22842407226562 95.945770263671875 -1 124.38986206054688 10.37169075012207 -1 165.00340270996094 119.01071166992188 1332 88.776954650878906 125.48494720458984 1454 129.89602661132812 187.46296691894531 -1 161.22842407226562 95.945770263671875 -1 165.00340270996094 119.01071166992188 1246 119.71076965332031 231.84623718261719 -1 10.791950225830078 105.14006042480469 1457 122.65389251708984 7.9840226173400879 -1 167.52684020996094 90.657760620117188 603 135.45133972167969 34.456356048583984 -1 193.37094116210938 53.841091156005859 1326 10.791950225830078 105.14006042480469 1542 165.28665161132812 104.28191375732422 432 154.57412719726562 91.421920776367188 802 156.90238952636719 78.586143493652344 16 135.45133972167969 34.456356048583984 774 156.90238952636719 78.586143493652344 694 122.65389251708984 7.9840226173400879 -1 154.57412719726562 91.421920776367188 -1 165.28665161132812 104.28191375732422 818 75.425651550292969 110.77478790283203 1415 229.37406921386719 88.326644897460938 -1 161.85336303710938 91.355201721191406 -1 174.79530334472656 40.471519470214844 675 166.79951477050781 112.664306640625 1246 75.425651550292969 110.77478790283203 1415 161.85336303710938 91.355201721191406 -1 180.81919860839844 44.174900054931641 -1 166.79951477050781 112.664306640625 -1 75.425651550292969 110.77478790283203 1550 121.51352691650391 26.374095916748047 648 121.51352691650391 26.374095916748047 630 178.37934875488281 53.721229553222656 -1 170.32949829101562 62.897617340087891 23 182.82740783691406 70.15814208984375 -1 104.8287353515625 81.743736267089844 1555 109.97660827636719 83.96441650390625 749 172.45510864257812 88.175300598144531 611 97.175941467285156 93.751838684082031 -1 180.09870910644531 94.318763732910156 491 105.94491577148438 97.318145751953125 -1 244.42803955078125 103.2337646484375 -1 249.21798706054688 126.69155120849609 1466 124.95774078369141 190.92398071289062 -1 95.605796813964844 84.212539672851562 1396 97.175941467285156 93.751838684082031 1522 247.9869384765625 101.78933715820312 -1 187.1024169921875 47.217426300048828 -1 170.32949829101562 62.897617340087891 599 104.8287353515625 81.743736267089844 1556 26.620630264282227 151.38583374023438 1524 116.87450408935547 167.69206237792969 -1 140.97329711914062 207.25932312011719 -1 134.12150573730469 211.7054443359375 -1 133.88175964355469 216.4859619140625 -1 123.74606323242188 39.780998229980469 883 155.04376220703125 99.467330932617188 1158 128.32525634765625 33.239971160888672 1322 108.70231628417969 5.7130241394042969 -1 248.83529663085938 118.75234222412109 1525 175.562744140625 101.58721923828125 118 230.17486572265625 87.608848571777344 1513 250.10179138183594 122.12419128417969 1515 151.53091430664062 75.707290649414062 -1 155.04376220703125 99.467330932617188 -1 123.74606323242188 39.780998229980469 -1 151.53091430664062 75.707290649414062 -1 151.53091430664062 75.707290649414062 43 175.562744140625 101.58721923828125 -1 250.10179138183594 122.12419128417969 1525 175.88050842285156 135.27938842773438 -1 114.10742950439453 127.67970275878906 -1 175.88050842285156 135.27938842773438 -1 53.272056579589844 77.136283874511719 1483 68.629035949707031 69.051376342773438 -1 78.341438293457031 64.097885131835938 -1 84.192726135253906 61.174652099609375 -1 84.192726135253906 61.174652099609375 -1 103.45252227783203 51.734375 -1 116.84903717041016 36.751079559326172 1003 126.67758178710938 30.704322814941406 1322 113.53755187988281 2.0821032524108887 732 127.81217193603516 200.61087036132812 -1 139.64015197753906 187.02842712402344 -1 103.45252227783203 51.734375 -1 84.192726135253906 61.174652099609375 -1 84.192726135253906 61.174652099609375 -1 78.341438293457031 64.097885131835938 -1 39.084133148193359 183.89370727539062 -1 53.272056579589844 77.136283874511719 1482 213.38825988769531 82.298515319824219 -1 41.509876251220703 83.189849853515625 -1 33.523529052734375 87.123306274414062 -1 33.4661865234375 176.96356201171875 -1 9.3130464553833008 99.198768615722656 1470 166.81062316894531 174.53981018066406 -1 166.81062316894531 174.53981018066406 -1 114.33373260498047 130.55665588378906 -1 9.3130464553833008 99.198768615722656 -1 6.9503512382507324 97.282562255859375 -1 6.9503512382507324 97.282562255859375 1386 33.523529052734375 87.123306274414062 -1 41.509876251220703 83.189849853515625 -1 213.38825988769531 82.298515319824219 -1 168.25016784667969 69.76708984375 1514 172.66545104980469 80.316558837890625 733 68.629035949707031 69.051376342773438 -1 11.968905448913574 97.864540100097656 -1 11.968905448913574 97.864540100097656 -1 
130 0.97697548326671169 0.21018872829983365 -0.034886588192033531 -0.011069306924709367 0.61710049871123762 -0.32548727520271115 0.3231150346736068 1 000130.png
93.679512023925781 113.19123077392578 -1 93.679512023925781 113.19123077392578 -1 221.08625793457031 104.80278015136719 1558 31.083309173583984 119.3673095703125 1451 130.44198608398438 130.42636108398438 -1 141.34077453613281 207.19619750976562 -1 67.574630737304688 218.34735107421875 -1 199.70794677734375 132.88374328613281 -1 199.70794677734375 132.88374328613281 1517 103.38312530517578 52.629341125488281 -1 186.04273986816406 61.269298553466797 -1 199.70794677734375 132.88374328613281 -1 199.70794677734375 132.88374328613281 -1 103.38312530517578 52.629341125488281 -1 186.18157958984375 112.22138977050781 -1 124.03648376464844 184.48262023925781 -1 186.18157958984375 112.22138977050781 -1 186.18157958984375 112.22138977050781 -1 114.22245025634766 25.127614974975586 -1 103.89269256591797 90.229934692382812 -1 88.7386474609375 102.85173034667969 1464 78.085014343261719 137.46397399902344 -1 159.20945739746094 136.19371032714844 -1 114.22245025634766 25.127614974975586 723 98.745849609375 142.96253967285156 1481 159.20945739746094 136.19371032714844 1444 113.777099609375 158.00253295898438 1509 116.72344970703125 231.10595703125 -1 85.793624877929688 154.75765991210938 -1 66.877906799316406 118.64605712890625 1424 130.64570617675781 239.17127990722656 -1 168.84318542480469 78.177696228027344 -1 151.24176025390625 29.797098159790039 -1 168.84318542480469 78.177696228027344 725 172.3553466796875 92.286125183105469 -1 71.198829650878906 104.15515899658203 1549 154.51083374023438 157.39970397949219 -1 117.67807769775391 174.17338562011719 -1 121.08299255371094 37.819263458251953 -1 176.51828002929688 130.57443237304688 -1 176.51828002929688 130.57443237304688 1383 172.3553466796875 92.286125183105469 -1 172.3553466796875 92.286125183105469 -1 193.18795776367188 54.546268463134766 1326 130.33792114257812 188.097900390625 -1 124.39212036132812 10.423837661743164 -1 89.327743530273438 125.65290069580078 1454 250.26370239257812 113.00867462158203 -1 165.39457702636719 118.68756103515625 1332 161.24641418457031 96.016304016113281 -1 209.73731994628906 88.287101745605469 -1 165.39457702636719 118.68756103515625 1246 161.24641418457031 96.016304016113281 -1 209.73731994628906 88.287101745605469 -1 135.80908203125 34.930557250976562 -1 174.3836669921875 120.31869506835938 1370 135.80908203125 34.930557250976562 774 10.259926795959473 105.84165954589844 1542 120.39484405517578 233.43524169921875 -1 153.38333129882812 102.20389556884766 362 154.57276916503906 91.0592041015625 802 154.57276916503906 91.0592041015625 -1 156.88594055175781 78.565933227539062 16 168.27513122558594 91.709609985351562 1319 165.37052917480469 104.84233856201172 432 122.67906188964844 8.0482254028320312 -1 122.67906188964844 8.0482254028320312 -1 168.27513122558594 91.709609985351562 603 156.88594055175781 78.565933227539062 694 154.57276916503906 91.0592041015625 -1 244.5926513671875 96.207183837890625 -1 153.38333129882812 102.20389556884766 -1 165.37052917480469 104.84233856201172 818 10.259926795959473 105.84165954589844 1457 120.39484405517578 233.43524169921875 -1 75.612251281738281 111.05775451660156 1550 75.612251281738281 111.05775451660156 1415 161.86299133300781 91.225944519042969 -1 181.1451416015625 44.435325622558594 -1 174.66954040527344 40.452770233154297 675 106.75961303710938 13.585236549377441 -1 112.08516693115234 89.761863708496094 -1 149.13429260253906 163.39201354980469 1540 167.08000183105469 112.73967742919922 1246 75.612251281738281 111.05775451660156 1415 244.925537109375 103.84011077880859 -1 161.86299133300781 91.225944519042969 -1 167.08000183105469 112.73967742919922 -1 106.75961303710938 13.585236549377441 -1 121.58048248291016 26.390445709228516 630 121.58048248291016 26.390445709228516 648 170.26950073242188 62.979473114013672 599 105.00835418701172 81.724662780761719 1556 97.467689514160156 94.111244201660156 1532 95.768989562988281 84.605667114257812 1396 250.55177307128906 126.93119049072266 -1 175.63356018066406 101.60535430908203 118 155.10787963867188 164.09725952148438 -1 94.147193908691406 6.1429214477539062 -1 187.41375732421875 47.863563537597656 -1 178.42742919921875 53.492366790771484 -1 170.26950073242188 62.979473114013672 23 182.69503784179688 70.140739440917969 -1 105.00835418701172 81.724662780761719 1555 109.98649597167969 84.262657165527344 749 172.46896362304688 88.190628051757812 611 235.00570678710938 92.9820556640625 -1 97.467689514160156 94.111244201660156 -1 180.11892700195312 94.295722961425781 491 106.10964965820312 97.626495361328125 -1 12.264771461486816 102.91122436523438 1542 179.09030151367188 104.14361572265625 1480 250.55177307128906 126.93119049072266 1466 107.86751556396484 136.77816772460938 -1 160.37818908691406 163.28546142578125 -1 142.20991516113281 172.57817077636719 -1 41.920352935791016 201.57131958007812 1535 175.63356018066406 101.60535430908203 -1 155.10787963867188 164.09725952148438 -1 251.01596069335938 122.41015625 1515 32.869525909423828 176.65507507324219 -1 110.88717651367188 85.800849914550781 -1 137.37971496582031 208.12612915039062 -1 141.66865539550781 208.39305114746094 -1 134.64692687988281 212.78446960449219 -1 134.52285766601562 217.61575317382812 -1 249.54986572265625 118.86338806152344 1525 227.06515502929688 79.635993957519531 -1 57.243083953857422 230.78703308105469 -1 176.54937744140625 135.703125 -1 21.420560836791992 139.56356811523438 -1 155.0343017578125 99.350486755371094 1158 151.52798461914062 75.711395263671875 -1 128.36752319335938 33.212936401367188 1322 108.38352966308594 5.8569626808166504 -1 65.151512145996094 250.52752685546875 -1 64.183151245117188 248.19000244140625 -1 110.90471649169922 90.127029418945312 -1 251.01596069335938 122.41015625 1525 151.52798461914062 75.711395263671875 -1 151.52798461914062 75.711395263671875 43 155.0343017578125 99.350486755371094 -1 168.50942993164062 174.21939086914062 -1 249.54986572265625 118.86338806152344 1515 176.54937744140625 135.703125 -1 168.50942993164062 174.21939086914062 -1 127.88568115234375 202.02983093261719 -1 159.87435913085938 181.75559997558594 -1 145.47512817382812 193.01564025878906 -1 127.88568115234375 202.02983093261719 -1 10.73436164855957 98.9039306640625 -1 6.5464982986450195 97.831062316894531 1488 22.497045516967773 93.01824951171875 -1 28.801193237304688 89.893020629882812 -1 230.8924560546875 87.522140502929688 -1 40.83843994140625 83.882568359375 -1 214.09596252441406 82.615707397460938 -1 211.37879943847656 81.708389282226562 -1 172.98028564453125 79.896331787109375 733 168.08253479003906 69.990493774414062 -1 67.842620849609375 69.916641235351562 -1 107.08021545410156 65.526222229003906 -1 85.104164123535156 61.204845428466797 -1 85.104164123535156 61.204845428466797 -1 85.104164123535156 61.204845428466797 -1 107.08021545410156 65.526222229003906 -1 67.842620849609375 69.916641235351562 -1 214.09596252441406 82.615707397460938 -1 40.83843994140625 83.882568359375 -1 28.801193237304688 89.893020629882812 -1 6.5464982986450195 97.831062316894531 -1 10.73436164855957 98.9039306640625 1470 126.51943969726562 193.05686950683594 -1 116.79068756103516 36.764751434326172 1003 168.13090515136719 60.158576965332031 -1 113.48489379882812 2.0840654373168945 732 136.3016357421875 202.16535949707031 -1 134.84645080566406 195.43690490722656 -1 211.37879943847656 81.708389282226562 -1 126.51943969726562 193.05686950683594 -1 166.20927429199219 89.149559020996094 1319 124.19980621337891 189.46473693847656 -1 25.517229080200195 150.65211486816406 1524 85.104164123535156 61.204845428466797 -1 114.44587707519531 127.39064025878906 -1 238.67195129394531 118.99268341064453 -1 143.57081604003906 114.30235290527344 -1 159.9617919921875 186.22560119628906 -1 13.035147666931152 97.846817016601562 -1 159.9617919921875 186.22560119628906 -1 13.035147666931152 97.846817016601562 -1 
131 0.97697840329870456 0.21022960859004791 -0.034803090819175389 -0.010269178614731651 0.61766783641188805 -0.32458468574482796 0.32201346163778299 1 000129.png
93.448089599609375 112.70915222167969 -1 93.448089599609375 112.70915222167969 -1 220.60403442382812 104.76572418212891 1472 31.075922012329102 118.86674499511719 1451 130.07514953613281 130.86962890625 -1 141.22601318359375 206.27566528320312 -1 67.757598876953125 218.16127014160156 -1 103.42510223388672 52.525432586669922 -1 186.15969848632812 61.598987579345703 -1 199.30740356445312 132.59001159667969 -1 103.42510223388672 52.525432586669922 -1 199.30740356445312 132.59001159667969 -1 199.30740356445312 132.59001159667969 -1 199.30740356445312 132.59001159667969 1517 185.95254516601562 112.24259185791016 -1 123.7884521484375 184.12516784667969 -1 185.95254516601562 112.24259185791016 -1 185.95254516601562 112.24259185791016 -1 114.20621490478516 25.135549545288086 -1 103.76337432861328 89.994422912597656 -1 88.73583984375 102.46833038330078 1464 78.050765991210938 136.97392272949219 -1 159.03549194335938 135.96707153320312 -1 98.604629516601562 142.52674865722656 1481 116.46774291992188 230.29573059082031 -1 114.20621490478516 25.135549545288086 723 159.03549194335938 135.96707153320312 1444 85.539375305175781 154.1644287109375 -1 101.46229553222656 239.90242004394531 -1 130.77879333496094 238.19776916503906 -1 113.25791168212891 158.05305480957031 1509 168.761474609375 78.196571350097656 771 168.761474609375 78.196571350097656 -1 101.46229553222656 239.90242004394531 -1 168.761474609375 78.196571350097656 725 66.748733520507812 118.51290130615234 1424 151.0230712890625 29.607822418212891 -1 121.13838958740234 37.833110809326172 -1 172.30671691894531 92.357452392578125 -1 71.203826904296875 103.86179351806641 1549 176.09651184082031 130.30419921875 -1 154.32682800292969 157.31585693359375 -1 117.17316436767578 173.16508483886719 -1 176.09651184082031 130.30419921875 1383 172.30671691894531 92.357452392578125 -1 172.30671691894531 92.357452392578125 -1 214.83250427246094 136.06956481933594 -1 124.12593078613281 10.088555335998535 -1 135.95941162109375 34.982875823974609 774 193.27542114257812 54.350391387939453 1326 161.199462890625 95.613945007324219 -1 250.26885986328125 113.02875518798828 -1 89.132919311523438 125.48020935058594 1454 105.53702545166016 130.09954833984375 -1 130.1763916015625 187.75875854492188 -1 165.16572570800781 118.85469818115234 1332 161.199462890625 95.613945007324219 -1 161.199462890625 95.613945007324219 -1 135.95941162109375 34.982875823974609 -1 165.16572570800781 118.85469818115234 1246 165.39976501464844 104.60147094726562 818 10.776449203491211 105.48305511474609 1457 168.227294921875 91.614830017089844 603 120.09543609619141 232.72018432617188 -1 156.89665222167969 78.577583312988281 694 154.581787109375 91.141433715820312 -1 120.09543609619141 232.72018432617188 -1 10.776449203491211 105.48305511474609 1542 165.39976501464844 104.60147094726562 432 154.581787109375 91.141433715820312 802 156.89665222167969 78.577583312988281 16 168.227294921875 91.614830017089844 1319 122.64194488525391 8.0199766159057617 -1 122.64194488525391 8.0199766159057617 -1 29.81001091003418 157.85023498535156 1521 47.23626708984375 122.65377807617188 -1 174.57354736328125 40.384624481201172 675 75.64569091796875 110.84674835205078 1550 75.64569091796875 110.84674835205078 1415 166.93856811523438 112.58225250244141 1246 75.64569091796875 110.84674835205078 1415 181.24481201171875 44.374778747558594 -1 38.052341461181641 90.476776123046875 -1 229.33778381347656 88.5838623046875 -1 166.93856811523438 112.58225250244141 -1 112.99835968017578 44.462860107421875 -1 162.41433715820312 77.417228698730469 -1 121.52321624755859 26.389894485473633 630 154.74940490722656 162.7010498046875 -1 121.52321624755859 26.389894485473633 648 154.74940490722656 162.7010498046875 -1 234.91616821289062 92.579353332519531 -1 95.700881958007812 84.275543212890625 1396 109.96086883544922 84.165763854980469 749 172.44160461425781 88.204093933105469 611 106.02336883544922 97.429214477539062 -1 187.29220581054688 47.589790344238281 -1 97.28717041015625 93.875411987304688 -1 180.104736328125 94.300819396972656 491 250.31088256835938 126.55661010742188 1466 170.21844482421875 63.017807006835938 23 178.36482238769531 53.734531402587891 -1 106.21247863769531 66.567802429199219 -1 182.76585388183594 70.018623352050781 -1 227.55160522460938 80.209327697753906 -1 104.91489410400391 81.759056091308594 1555 250.31088256835938 126.55661010742188 -1 106.21247863769531 66.567802429199219 -1 104.91489410400391 81.759056091308594 1556 97.28717041015625 93.875411987304688 1522 251.221435546875 126.15644836425781 1466 101.80735778808594 129.87806701660156 -1 221.99591064453125 140.89639282226562 -1 175.60873413085938 101.57467651367188 118 137.125 207.78419494628906 -1 151.51223754882812 75.770927429199219 -1 134.10343933105469 217.13996887207031 -1 126.18043518066406 38.505020141601562 883 39.960109710693359 194.1624755859375 -1 108.62398529052734 5.6831412315368652 -1 248.346435546875 106.01779174804688 -1 128.27339172363281 33.271999359130859 1322 129.83547973632812 36.482192993164062 -1 141.28083801269531 207.816650390625 -1 151.51223754882812 75.770927429199219 -1 210.58201599121094 82.485702514648438 -1 151.51223754882812 75.770927429199219 43 210.58201599121094 82.485702514648438 -1 155.01542663574219 99.269721984863281 -1 175.60873413085938 101.57467651367188 -1 126.18043518066406 38.505020141601562 -1 251.221435546875 126.15644836425781 -1 110.54931640625 89.845542907714844 -1 155.01542663574219 99.269721984863281 1158 250.47007751464844 122.22249603271484 1515 250.47007751464844 122.22249603271484 1525 122.39029693603516 186.91403198242188 -1 140.48553466796875 180.147705078125 -1 34.614479064941406 173.17340087890625 -1 25.429176330566406 149.8507080078125 1524 24.479352951049805 147.1058349609375 1524 176.13739013671875 135.8387451171875 -1 114.31373596191406 130.003173828125 -1 114.5400390625 126.8369140625 -1 50.150978088378906 118.69235992431641 -1 86.708015441894531 113.09114837646484 -1 144.77880859375 107.4398193359375 -1 7.2003860473632812 102.64937591552734 1542 10.055270195007324 99.004547119140625 -1 22.032730102539062 92.9874267578125 -1 25.686807632446289 91.146980285644531 -1 28.539426803588867 89.781394958496094 -1 172.37312316894531 89.402984619140625 611 166.22210693359375 89.396156311035156 1319 213.78422546386719 82.524169921875 -1 172.59516906738281 80.340316772460938 733 51.749340057373047 78.083900451660156 -1 179.45022583007812 77.04302978515625 -1 53.809047698974609 77.027565002441406 1483 183.89042663574219 73.160148620605469 -1 132.18641662597656 32.960910797119141 -1 103.42195892333984 51.934150695800781 -1 73.174850463867188 66.910446166992188 -1 53.809047698974609 77.027565002441406 1482 51.749340057373047 78.083900451660156 -1 213.78422546386719 82.524169921875 -1 166.22210693359375 89.396156311035156 603 172.37312316894531 89.402984619140625 611 28.539426803588867 89.781394958496094 -1 25.686807632446289 91.146980285644531 -1 10.055270195007324 99.004547119140625 1470 176.13739013671875 135.8387451171875 -1 132.18641662597656 32.960910797119141 -1 161.49058532714844 81.186775207519531 -1 116.87621307373047 36.737785339355469 1003 103.42195892333984 51.934150695800781 -1 168.08538818359375 60.167285919189453 -1 84.478111267089844 61.239978790283203 -1 73.174850463867188 66.910446166992188 -1 168.17485046386719 69.843696594238281 1514 65.0848388671875 249.45025634765625 -1 113.54494476318359 1.991568922996521 732 43.899875640869141 203.76040649414062 1535 134.49897766113281 212.27735900878906 -1 125.05742645263672 190.46400451660156 -1 84.478111267089844 61.239978790283203 -1 119.97926330566406 183.16305541992188 -1 46.449306488037109 204.08793640136719 -1 111.28225708007812 86.658012390136719 -1 172.17384338378906 56.733963012695312 -1 172.17384338378906 56.733963012695312 -1 172.17384338378906 56.733963012695312 -1 
132 0.9769443832516912 0.21001745877227276 -0.035501489666754683 -0.014559645436988495 0.6149293279290946 -0.32979734362398339 0.31990815236579917 1 000131.png
94.102943420410156 114.89543151855469 -1 94.102943420410156 114.89543151855469 -1 221.03730773925781 105.00495910644531 1472 30.718608856201172 120.43171691894531 1451 141.61447143554688 208.93016052246094 -1 67.586868286132812 220.07110595703125 -1 104.49207305908203 52.744518280029297 -1 185.63551330566406 60.191474914550781 -1 182.95172119140625 94.525642395019531 -1 201.60134887695312 132.54344177246094 -1 104.49207305908203 52.744518280029297 -1 201.60134887695312 132.54344177246094 -1 187.32698059082031 110.91950988769531 -1 148.03688049316406 179.87469482421875 -1 187.32698059082031 110.91950988769531 -1 99.410530090332031 143.43576049804688 1481 160.66716003417969 136.70150756835938 -1 114.18856048583984 25.141382217407227 -1 114.18856048583984 25.141382217407227 723 118.25896453857422 233.67807006835938 -1 116.51348876953125 157.82972717285156 1509 104.65914154052734 90.47216796875 -1 85.673507690429688 155.40849304199219 -1 78.693695068359375 138.37367248535156 -1 89.206764221191406 103.15396118164062 1464 160.66716003417969 136.70150756835938 1444 168.92190551757812 78.021659851074219 725 133.08267211914062 240.93663024902344 -1 102.00294494628906 243.48414611816406 -1 102.00294494628906 243.48414611816406 -1 168.92190551757812 78.021659851074219 -1 130.27803039550781 189.04754638671875 -1 119.07350921630859 94.758804321289062 -1 138.23492431640625 40.565628051757812 -1 178.67811584472656 130.82035827636719 1383 81.633369445800781 119.57115936279297 1411 172.2901611328125 92.065322875976562 -1 172.2901611328125 92.065322875976562 -1 71.53314208984375 104.55924224853516 1549 172.2901611328125 92.065322875976562 -1 191.73054504394531 54.603992462158203 1326 156.33343505859375 158.09223937988281 -1 121.36232757568359 37.692096710205078 -1 178.67811584472656 130.82035827636719 -1 81.633369445800781 119.57115936279297 1411 166.89228820800781 117.44995880126953 1246 166.89228820800781 117.44995880126953 1332 89.76025390625 126.51646423339844 1454 176.0540771484375 120.55813598632812 1370 122.17144012451172 236.33808898925781 -1 161.16011047363281 95.636543273925781 -1 211.63075256347656 88.6435546875 -1 136.02481079101562 35.00653076171875 774 124.32556915283203 10.347816467285156 -1 161.16011047363281 95.636543273925781 -1 161.16011047363281 95.636543273925781 -1 136.02481079101562 35.00653076171875 -1 122.17144012451172 236.33808898925781 -1 122.67076873779297 8.0542259216308594 -1 154.62855529785156 91.0255126953125 -1 246.56782531738281 96.006996154785156 -1 9.8668680191040039 106.59303283691406 1542 156.91081237792969 78.436622619628906 694 9.8668680191040039 106.59303283691406 1457 246.56782531738281 96.006996154785156 -1 154.62855529785156 91.0255126953125 802 154.62855529785156 91.0255126953125 -1 156.91081237792969 78.436622619628906 16 167.94172668457031 91.202781677246094 1319 122.67076873779297 8.0542259216308594 -1 167.94172668457031 91.202781677246094 603 166.31117248535156 35.816333770751953 646 142.66844177246094 172.18064880371094 -1 106.73884582519531 13.598198890686035 -1 149.45205688476562 162.45140075683594 1540 251.41230773925781 127.83034515380859 1466 76.053382873535156 111.66661834716797 1550 76.053382873535156 111.66661834716797 1415 161.8646240234375 91.279243469238281 -1 161.8646240234375 91.279243469238281 -1 76.053382873535156 111.66661834716797 1415 106.73884582519531 13.598198890686035 -1 161.8646240234375 91.279243469238281 -1 181.07762145996094 44.595439910888672 -1 174.25587463378906 40.328624725341797 675 121.57541656494141 26.413585662841797 648 121.57541656494141 26.413585662841797 630 96.804542541503906 156.42007446289062 -1 180.13162231445312 94.310203552246094 491 107.03408813476562 97.908973693847656 -1 180.03884887695312 102.74135589599609 1480 90.196342468261719 129.27072143554688 -1 137.36457824707031 185.86799621582031 -1 178.37652587890625 53.593471527099609 701 170.20768737792969 63.035194396972656 599 106.31700897216797 67.284774780273438 -1 105.80042266845703 82.1436767578125 1556 98.123390197753906 94.345458984375 1522 106.31700897216797 67.284774780273438 -1 90.196342468261719 129.27072143554688 -1 149.27006530761719 160.75164794921875 -1 39.292869567871094 197.71968078613281 -1 94.117210388183594 5.9907007217407227 -1 178.37652587890625 53.593471527099609 -1 98.783004760742188 59.285713195800781 -1 170.20768737792969 63.035194396972656 23 105.80042266845703 82.1436767578125 1555 110.28501892089844 84.466575622558594 749 96.480926513671875 84.779006958007812 1396 172.44157409667969 88.166236877441406 611 232.48411560058594 88.097297668457031 -1 236.94107055664062 92.246284484863281 -1 98.123390197753906 94.345458984375 -1 150.079833984375 206.84284973144531 -1 24.130611419677734 149.55778503417969 1529 108.52938842773438 5.7635140419006348 -1 128.28286743164062 33.217464447021484 1322 129.84260559082031 203.99110412597656 -1 6.0943140983581543 98.064117431640625 -1 50.338653564453125 120.18705749511719 -1 143.87312316894531 210.51638793945312 -1 136.79399108886719 215.23406982421875 -1 218.18087768554688 128.53343200683594 -1 136.72073364257812 220.07942199707031 -1 218.39356994628906 92.301841735839844 -1 155.0958251953125 99.327774047851562 1158 175.50303649902344 101.60823822021484 118 163.12185668945312 117.67411041259766 -1 155.0958251953125 99.327774047851562 -1 151.57620239257812 75.622581481933594 -1 151.57620239257812 75.622581481933594 43 163.12185668945312 117.67411041259766 -1 150.079833984375 206.84284973144531 -1 151.57620239257812 75.622581481933594 -1 229.57919311523438 79.956901550292969 -1 236.28811645507812 86.61865234375 -1 215.03463745117188 92.380226135253906 -1 6.0943140983581543 98.064117431640625 -1 125.65422821044922 239.92234802246094 -1 142.52070617675781 217.26954650878906 -1 139.84638977050781 216.70564270019531 -1 138.17378234863281 204.04391479492188 -1 135.91798400878906 201.82656860351562 -1 153.59158325195312 201.53398132324219 -1 150.68756103515625 201.60832214355469 -1 145.54862976074219 200.90168762207031 -1 136.19747924804688 197.74540710449219 -1 157.84202575683594 194.63664245605469 -1 138.90733337402344 189.56657409667969 -1 162.35069274902344 187.94479370117188 -1 133.91183471679688 184.5045166015625 -1 147.34814453125 164.21417236328125 -1 245.30378723144531 134.47438049316406 -1 114.59351348876953 129.17367553710938 -1 14.085697174072266 124.05419921875 -1 162.98599243164062 122.02524566650391 -1 143.23556518554688 119.29441070556641 1311 227.56365966796875 109.53659820556641 -1 6.5837674140930176 103.95423889160156 1542 6.0789966583251953 98.793678283691406 -1 172.3909912109375 89.382560729980469 611 166.21665954589844 89.329544067382812 1319 216.40591430664062 87.486930847167969 -1 38.002689361572266 85.973045349121094 -1 216.06248474121094 82.392501831054688 -1 213.11729431152344 81.833953857421875 -1 103.84638977050781 52.480052947998047 -1 84.495834350585938 62.092891693115234 -1 73.012016296386719 67.895881652832031 -1 154.81643676757812 72.418815612792969 -1 61.828895568847656 73.75946044921875 -1 213.11729431152344 81.833953857421875 -1 201.47708129882812 109.00824737548828 -1 38.002689361572266 85.973045349121094 -1 166.21665954589844 89.329544067382812 603 172.3909912109375 89.382560729980469 611 116.84368896484375 36.744735717773438 1003 162.35069274902344 187.94479370117188 -1 157.84202575683594 194.63664245605469 -1 150.68756103515625 201.60832214355469 -1 153.59158325195312 201.53398132324219 -1 135.91798400878906 201.82656860351562 -1 139.84638977050781 216.70564270019531 -1 142.52070617675781 217.26954650878906 -1 128.57591247558594 36.583683013916016 -1 103.84638977050781 52.480052947998047 -1 6.0789966583251953 98.793678283691406 1488 168.13003540039062 60.157585144042969 -1 84.495834350585938 62.092891693115234 -1 161.67578125 80.955711364746094 -1 73.012016296386719 67.895881652832031 -1 113.09251403808594 228.69418334960938 -1 168.49020385742188 69.715301513671875 1514 154.81643676757812 72.418815612792969 -1 61.828895568847656 73.75946044921875 -1 113.50112915039062 2.1030488014221191 732 216.06248474121094 82.392501831054688 -1 140.46681213378906 186.26118469238281 -1 
133 0.97686444399483874 0.21010169675413737 -0.035928041633563959 -0.017387090155169926 0.61334845969838014 -0.33362903322383797 0.31666170322244169 1 000132.png
95.413497924804688 115.65949249267578 -1 95.413497924804688 115.65949249267578 -1 222.43838500976562 101.94998931884766 1472 130.04444885253906 121.04393005371094 -1 130.04444885253906 121.04393005371094 -1 29.505434036254883 120.08591461181641 1451 140.12065124511719 210.42019653320312 -1 138.7293701171875 27.579460144042969 -1 105.27517700195312 51.415000915527344 -1 185.09465026855469 58.968505859375 -1 184.39665222167969 93.658622741699219 -1 105.27517700195312 51.415000915527344 -1 153.659423828125 93.1717529296875 -1 202.33541870117188 128.0535888671875 -1 100.67779541015625 142.29020690917969 1481 150.21533203125 177.49501037597656 -1 202.33541870117188 128.0535888671875 -1 153.659423828125 93.1717529296875 -1 114.04122161865234 25.09956169128418 -1 104.94882202148438 88.464683532714844 -1 89.743766784667969 101.18331146240234 1464 164.13713073730469 134.50752258300781 -1 79.358955383300781 137.44850158691406 -1 117.27755737304688 157.32514953613281 1509 121.09584808349609 235.12991333007812 -1 105.83675384521484 251.59623718261719 -1 114.04122161865234 25.09956169128418 723 79.358955383300781 137.44850158691406 -1 164.13713073730469 134.50752258300781 -1 164.13713073730469 134.50752258300781 1444 226.85920715332031 79.300331115722656 -1 119.17853546142578 92.571502685546875 -1 167.380859375 40.551799774169922 -1 159.26606750488281 156.83711242675781 -1 121.28477478027344 37.757156372070312 -1 172.37046813964844 91.730354309082031 -1 71.590354919433594 102.59791564941406 1549 169.14804077148438 115.29991912841797 1246 82.102180480957031 117.69081115722656 1411 181.55360412597656 129.05270385742188 -1 133.57975769042969 189.37753295898438 -1 133.57975769042969 189.37753295898438 -1 172.37046813964844 91.730354309082031 -1 181.55360412597656 129.05270385742188 1383 172.37046813964844 91.730354309082031 -1 146.01974487304688 181.48904418945312 -1 126.22760009765625 200.75422668457031 -1 126.22760009765625 200.75422668457031 -1 151.02986145019531 162.50192260742188 1530 161.02735900878906 96.056571960449219 -1 161.02735900878906 96.056571960449219 -1 113.87276458740234 152.32498168945312 -1 124.36525726318359 10.301315307617188 -1 161.02735900878906 96.056571960449219 -1 178.59260559082031 118.48109436035156 1370 90.87860107421875 124.6842041015625 1454 151.02986145019531 162.50192260742188 1540 124.80137634277344 237.57319641113281 -1 124.80137634277344 237.57319641113281 -1 7.9384222030639648 105.78511810302734 1457 154.69833374023438 91.020858764648438 802 154.69833374023438 91.020858764648438 -1 201.98858642578125 103.28610992431641 -1 7.9384222030639648 105.78511810302734 1542 122.65795135498047 7.9801898002624512 -1 122.65795135498047 7.9801898002624512 -1 156.93428039550781 78.309761047363281 694 154.69833374023438 91.020858764648438 -1 135.44709777832031 34.271427154541016 774 139.27256774902344 185.20506286621094 -1 135.44709777832031 34.271427154541016 -1 201.98858642578125 103.28610992431641 -1 181.08029174804688 44.501075744628906 -1 36.929676055908203 89.938705444335938 1557 167.82376098632812 91.029731750488281 603 161.87541198730469 91.116859436035156 -1 76.428031921386719 109.66039276123047 1415 152.40467834472656 148.75054931640625 -1 76.428031921386719 109.66039276123047 1550 76.428031921386719 109.66039276123047 1415 161.87541198730469 91.116859436035156 -1 161.87541198730469 91.116859436035156 -1 152.40467834472656 148.75054931640625 1439 159.98178100585938 99.065841674804688 -1 159.98178100585938 99.065841674804688 -1 121.57563018798828 26.437843322753906 648 121.57563018798828 26.437843322753906 630 98.794204711914062 92.2906494140625 1522 249.70716857910156 100.83901214599609 -1 180.22161865234375 94.206657409667969 491 133.23184204101562 232.94908142089844 -1 110.26013946533203 136.27474975585938 -1 77.709861755371094 156.031982421875 -1 160.341552734375 163.917236328125 -1 107.06444549560547 12.381868362426758 -1 128.0162353515625 33.550792694091797 1322 112.89009094238281 44.233516693115234 631 178.36380004882812 53.584117889404297 701 170.17674255371094 63.039279937744141 599 182.94148254394531 70.060806274414062 -1 162.08580017089844 77.435142517089844 -1 106.48130798339844 80.129478454589844 1555 97.037315368652344 82.668807983398438 1396 172.51905822753906 88.112884521484375 611 239.17764282226562 90.711524963378906 -1 98.794204711914062 92.2906494140625 -1 247.36602783203125 94.24639892578125 -1 107.96517181396484 95.926589965820312 -1 16.460220336914062 98.833175659179688 -1 249.70716857910156 100.83901214599609 -1 9.8483686447143555 102.63800811767578 1542 103.47265625 128.59190368652344 1551 141.96682739257812 174.46492004394531 -1 133.23184204101562 232.94908142089844 -1 160.341552734375 163.917236328125 -1 107.06444549560547 12.381868362426758 -1 178.36380004882812 53.584117889404297 -1 170.17674255371094 63.039279937744141 23 106.48130798339844 80.129478454589844 1556 108.52802276611328 5.5494656562805176 -1 83.318527221679688 165.6185302734375 -1 181.24461364746094 99.6466064453125 1480 155.09701538085938 99.321243286132812 1158 3.8243305683135986 97.249114990234375 1488 151.49569702148438 75.77685546875 -1 106.39059448242188 64.948532104492188 -1 132.56430053710938 204.21977233886719 -1 217.22825622558594 123.23416900634766 -1 175.32817077636719 101.50520324707031 118 98.98114013671875 53.254314422607422 -1 98.98114013671875 53.254314422607422 -1 106.39059448242188 64.948532104492188 -1 106.39059448242188 64.948532104492188 -1 151.49569702148438 75.77685546875 -1 151.49569702148438 75.77685546875 43 151.49569702148438 75.77685546875 -1 155.09701538085938 99.321243286132812 -1 181.24461364746094 99.6466064453125 -1 181.64872741699219 134.22189331054688 -1 170.24504089355469 180.663818359375 -1 170.24504089355469 180.663818359375 -1 132.56430053710938 204.21977233886719 -1 147.707763671875 210.41447448730469 -1 122.31789398193359 211.13652038574219 -1 147.707763671875 210.41447448730469 -1 122.31789398193359 211.13652038574219 -1 181.64872741699219 134.22189331054688 -1 140.10789489746094 220.72201538085938 -1 103.52462005615234 51.086402893066406 -1 116.92106628417969 36.677860260009766 1003 113.48648071289062 1.9509437084197998 732 126.83335113525391 30.667810440063477 1322 132.02723693847656 33.549629211425781 -1 103.52462005615234 51.086402893066406 -1 215.52711486816406 78.943634033203125 -1 218.17970275878906 79.72314453125 -1 172.43968200683594 89.414268493652344 611 120.93003082275391 208.15605163574219 -1 106.45536041259766 21.483808517456055 1547 140.40940856933594 215.611328125 -1 120.93003082275391 208.15605163574219 -1 42.119777679443359 205.91865539550781 1535 137.38948059082031 199.33700561523438 -1 139.62564086914062 197.18040466308594 -1 145.58670043945312 189.2269287109375 -1 133.90156555175781 184.43380737304688 -1 147.10142517089844 166.58992004394531 -1 181.94277954101562 122.37410736083984 -1 253.54435729980469 118.15510559082031 -1 172.43968200683594 89.414268493652344 611 166.19100952148438 89.095558166503906 1319 132.02723693847656 33.549629211425781 -1 155.50418090820312 27.583742141723633 -1 161.36839294433594 81.523971557617188 -1 218.17970275878906 79.72314453125 -1 215.52711486816406 78.943634033203125 -1 231.19070434570312 81.996383666992188 -1 172.26821899414062 56.984844207763672 -1 253.54435729980469 118.15510559082031 -1 233.83955383300781 78.143173217773438 -1 143.37252807617188 186.22610473632812 -1 
135 0.97687535345353482 0.20982001340777087 -0.036234846735365589 -0.019420135701352658 0.61190569773479486 -0.33642241479375412 0.31575982198432601 1 000134.png
94.862770080566406 115.12517547607422 -1 94.862770080566406 115.12517547607422 -1 221.88963317871094 101.23081207275391 1472 130.15487670898438 121.94862365722656 -1 130.15487670898438 121.94862365722656 -1 66.33502197265625 218.52230834960938 -1 29.001625061035156 118.91040802001953 1451 140.8843994140625 209.02603149414062 -1 185.07330322265625 58.512496948242188 -1 203.29910278320312 127.64585113525391 -1 203.29910278320312 127.64585113525391 -1 184.16726684570312 93.311882019042969 -1 153.60044860839844 92.873123168945312 -1 100.25814819335938 140.92886352539062 1481 149.77720642089844 176.89909362792969 -1 105.07567596435547 50.733863830566406 -1 153.60044860839844 92.873123168945312 -1 105.07567596435547 50.733863830566406 -1 78.618415832519531 135.48487854003906 -1 117.37674713134766 155.71748352050781 1509 120.46089172363281 233.71240234375 -1 114.00919342041016 25.141349792480469 -1 104.48838806152344 87.406051635742188 -1 89.049972534179688 99.679481506347656 1464 66.1290283203125 116.98317718505859 1424 163.16859436035156 133.73460388183594 -1 78.618415832519531 135.48487854003906 -1 163.16859436035156 133.73460388183594 -1 163.16859436035156 133.73460388183594 1444 114.00919342041016 25.141349792480469 723 132.0367431640625 188.88493347167969 -1 147.44761657714844 180.79205322265625 -1 167.49594116210938 40.617755889892578 -1 158.59735107421875 155.63609313964844 -1 132.0367431640625 188.88493347167969 -1 134.25929260253906 242.09230041503906 -1 168.7508544921875 114.43206787109375 1246 81.672111511230469 116.34219360351562 1411 180.92547607421875 128.03401184082031 -1 119.06553649902344 174.98262023925781 -1 172.45793151855469 91.761001586914062 -1 180.92547607421875 128.03401184082031 1383 172.45793151855469 91.761001586914062 -1 121.30591583251953 37.701118469238281 -1 226.57856750488281 78.876266479492188 -1 172.45793151855469 91.761001586914062 -1 71.187576293945312 101.3175048828125 1549 53.798965454101562 13.140810012817383 -1 124.91487884521484 11.08501148223877 -1 124.13066101074219 236.10403442382812 -1 161.11605834960938 95.442481994628906 -1 161.11605834960938 95.442481994628906 -1 161.11605834960938 95.442481994628906 -1 178.27496337890625 117.39531707763672 1370 90.042442321777344 123.53607177734375 1454 114.47312164306641 150.28524780273438 -1 114.47312164306641 150.28524780273438 -1 124.13066101074219 236.10403442382812 -1 7.4729323387145996 104.37796020507812 1457 165.318603515625 104.96221160888672 818 49.400936126708984 131.41650390625 -1 150.96180725097656 160.48477172851562 1540 153.68833923339844 102.04502105712891 -1 165.318603515625 104.96221160888672 432 75.912429809570312 108.43833160400391 1415 7.4729323387145996 104.37796020507812 1542 153.68833923339844 102.04502105712891 362 75.912429809570312 108.43833160400391 1550 75.912429809570312 108.43833160400391 1415 135.35789489746094 33.792934417724609 -1 156.92514038085938 78.270965576171875 694 46.150379180908203 121.93425750732422 -1 152.09196472167969 148.014892578125 1439 16.042850494384766 99.001434326171875 -1 251.129638671875 90.285720825195312 -1 18.226434707641602 149.31582641601562 -1 181.15403747558594 44.645610809326172 -1 167.73324584960938 90.839347839355469 603 28.947929382324219 92.143135070800781 1544 251.129638671875 90.285720825195312 -1 131.71511840820312 202.86759948730469 -1 124.06856536865234 213.71611022949219 -1 139.52333068847656 219.05563354492188 -1 121.65825653076172 26.462383270263672 630 106.09181213378906 78.789505004882812 1556 98.454925537109375 91.102027893066406 1532 131.71511840820312 202.86759948730469 -1 182.85580444335938 70.010604858398438 -1 124.06856536865234 213.71611022949219 -1 121.65825653076172 26.462383270263672 648 112.92740631103516 44.023723602294922 631 170.13597106933594 63.089523315429688 599 106.09181213378906 78.789505004882812 1555 96.7154541015625 81.439956665039062 1396 172.47518920898438 88.245635986328125 611 98.454925537109375 91.102027893066406 -1 180.23092651367188 94.192245483398438 491 247.62348937988281 94.176338195800781 -1 107.60552978515625 94.599311828613281 -1 66.244071960449219 95.389122009277344 1418 113.734619140625 122.09989929199219 -1 103.04425811767578 127.26421356201172 1551 22.45570182800293 148.26432800292969 1524 165.35488891601562 161.52915954589844 -1 30.117641448974609 166.90432739257812 -1 87.041778564453125 169.37767028808594 -1 37.874271392822266 197.523681640625 -1 151.54463195800781 75.666244506835938 -1 77.645973205566406 155.58615112304688 -1 151.54463195800781 75.666244506835938 -1 27.881757736206055 162.66941833496094 -1 142.43740844726562 173.22247314453125 -1 189.82318115234375 49.498504638671875 -1 108.55729675292969 5.4912233352661133 -1 106.46982574462891 63.920169830322266 -1 181.30226135253906 121.34520721435547 -1 101.6561279296875 79.113037109375 -1 234.12135314941406 85.073379516601562 -1 155.21340942382812 99.2777099609375 1158 181.1119384765625 99.660491943359375 1480 175.25382995605469 101.44979095458984 118 227.05473327636719 139.380126953125 -1 106.46982574462891 63.920169830322266 -1 106.46982574462891 63.920169830322266 -1 151.54463195800781 75.666244506835938 -1 151.54463195800781 75.666244506835938 43 101.6561279296875 79.113037109375 -1 155.21340942382812 99.2777099609375 -1 181.1119384765625 99.660491943359375 -1 128.35673522949219 33.148662567138672 1322 178.11080932617188 53.911891937255859 701 94.014808654785156 58.096321105957031 1546 165.265869140625 185.64588928222656 -1 133.8873291015625 184.42591857910156 -1 168.49749755859375 180.98919677734375 -1 145.80113220214844 172.5364990234375 -1 111.49165344238281 143.0296630859375 -1 48.246089935302734 115.00936889648438 -1 76.557777404785156 110.59292602539062 -1 3.3375704288482666 96.078758239746094 1488 68.858566284179688 94.080863952636719 -1 26.13299560546875 91.037559509277344 -1 172.4451904296875 89.317489624023438 611 166.22035217285156 89.271011352539062 1319 161.39015197753906 81.209739685058594 -1 172.8572998046875 80.184158325195312 733 217.9205322265625 79.157981872558594 -1 215.30690002441406 78.252853393554688 -1 148.38172912597656 77.075462341308594 -1 50.882671356201172 76.122230529785156 1483 181.53062438964844 72.297950744628906 -1 168.12538146972656 60.149082183837891 -1 106.38299560546875 21.424650192260742 -1 66.481170654296875 68.1483154296875 -1 66.481170654296875 68.1483154296875 -1 50.882671356201172 76.122230529785156 1482 215.30690002441406 78.252853393554688 -1 217.9205322265625 79.157981872558594 -1 166.22035217285156 89.271011352539062 603 168.49749755859375 180.98919677734375 -1 165.265869140625 185.64588928222656 -1 131.21304321289062 196.98515319824219 -1 106.38299560546875 21.424650192260742 1547 154.92176818847656 27.136579513549805 -1 116.88554382324219 36.702049255371094 1003 121.2774658203125 40.608722686767578 -1 172.4451904296875 89.317489624023438 611 103.40915679931641 50.132823944091797 -1 113.36346435546875 1.9654837846755981 732 22.669315338134766 157.09822082519531 -1 138.8399658203125 195.82698059082031 -1 139.5028076171875 214.27662658691406 -1 131.21304321289062 196.98515319824219 -1 144.76181030273438 187.79299926757812 -1 103.40915679931641 50.132823944091797 -1 148.64305114746094 198.75164794921875 -1 
138 0.97681971365421805 0.2098610911551114 -0.036546129276734986 -0.021117525199836489 0.6105841671515112 -0.33928544941555927 0.31302474054455243 1 000135.png
95.533180236816406 113.51631164550781 -1 95.533180236816406 113.51631164550781 -1 220.30587768554688 97.481956481933594 1472 65.001014709472656 218.82637023925781 -1 26.996063232421875 117.79340362548828 1451 141.34339904785156 206.93190002441406 -1 183.72453308105469 92.1982421875 -1 202.81224060058594 128.37640380859375 -1 202.81224060058594 128.37640380859375 -1 137.72392272949219 26.046560287475586 -1 184.83096313476562 57.746059417724609 -1 153.54411315917969 92.338920593261719 -1 200.62191772460938 122.40644836425781 -1 98.5667724609375 137.63201904296875 1481 200.62191772460938 122.40644836425781 -1 153.54411315917969 92.338920593261719 -1 200.62191772460938 122.40644836425781 -1 102.91843414306641 83.83612060546875 -1 87.433578491210938 96.604606628417969 1464 63.806941986083984 113.45738983154297 1424 161.34515380859375 130.29692077636719 1444 76.409805297851562 131.9862060546875 -1 161.34515380859375 130.29692077636719 -1 76.409805297851562 131.9862060546875 -1 113.93875122070312 25.127363204956055 723 113.93875122070312 25.127363204956055 -1 157.62388610839844 152.34518432617188 -1 172.45668029785156 91.785629272460938 -1 169.31446838378906 41.420310974121094 -1 133.60115051269531 239.45657348632812 -1 172.45668029785156 91.785629272460938 -1 172.45668029785156 91.785629272460938 -1 157.62388610839844 152.34518432617188 -1 69.006576538085938 97.889213562011719 1549 79.687187194824219 112.87907409667969 1411 180.0928955078125 124.77265930175781 -1 121.40737152099609 37.664375305175781 -1 180.0928955078125 124.77265930175781 1383 79.687187194824219 112.87907409667969 1411 135.63978576660156 195.37158203125 -1 88.086326599121094 120.18144226074219 1454 104.51102447509766 123.79298400878906 -1 135.63978576660156 195.37158203125 -1 224.97615051269531 75.81732177734375 -1 168.42901611328125 112.15365600585938 1246 177.42364501953125 114.32364654541016 1370 122.60060882568359 7.8655667304992676 -1 153.79258728027344 102.08413696289062 -1 73.752159118652344 105.13018035888672 1415 201.84051513671875 110.93828582763672 -1 5.5417938232421875 101.65093994140625 1457 122.60060882568359 7.8655667304992676 -1 154.79325866699219 91.085456848144531 -1 156.93717956542969 78.171417236328125 694 73.752159118652344 105.13018035888672 1550 73.752159118652344 105.13018035888672 1415 153.79258728027344 102.08413696289062 362 5.5417938232421875 101.65093994140625 1542 154.79325866699219 91.085456848144531 802 154.79325866699219 91.085456848144531 -1 26.632055282592773 89.637901306152344 1544 33.89447021484375 86.509254455566406 -1 186.2930908203125 128.75616455078125 -1 164.99716186523438 102.87790679931641 432 161.98582458496094 90.924606323242188 -1 160.02528381347656 99.003219604492188 -1 134.38592529296875 33.710895538330078 -1 167.73304748535156 90.786834716796875 1319 100.34468078613281 152.63235473632812 -1 164.99716186523438 102.87790679931641 818 100.34468078613281 152.63235473632812 -1 161.98582458496094 90.924606323242188 -1 181.08847045898438 44.581043243408203 -1 167.73304748535156 90.786834716796875 603 100.51792907714844 90.913551330566406 -1 105.71514129638672 90.963294982910156 -1 180.20635986328125 94.155540466308594 491 248.57569885253906 97.7088623046875 -1 79.936790466308594 120.31275177001953 -1 101.07210540771484 123.73056793212891 1551 219.59309387207031 123.59310913085938 -1 164.64268493652344 158.24676513671875 -1 80.865203857421875 160.376220703125 -1 27.288454055786133 164.61038208007812 -1 131.06637573242188 228.92124938964844 -1 122.99461364746094 211.39218139648438 -1 121.64225769042969 26.44573974609375 630 104.55014038085938 76.037651062011719 1556 94.995414733886719 78.34478759765625 -1 96.829818725585938 87.534370422363281 1532 248.57569885253906 97.7088623046875 -1 99.937332153320312 75.605644226074219 -1 152.43978881835938 25.988975524902344 -1 178.22274780273438 53.775314331054688 701 131.06637573242188 228.92124938964844 -1 86.813522338867188 108.06243133544922 -1 122.99461364746094 211.39218139648438 -1 121.64225769042969 26.44573974609375 648 112.96840667724609 43.906425476074219 631 170.11532592773438 63.122402191162109 599 182.98257446289062 69.915054321289062 -1 104.55014038085938 76.037651062011719 1555 94.995414733886719 78.34478759765625 1396 96.829818725585938 87.534370422363281 -1 172.46910095214844 88.194473266601562 611 7.2054786682128906 89.624412536621094 -1 65.210182189941406 91.182708740234375 1418 168.42451477050781 177.17268371582031 -1 142.50146484375 173.13142395019531 -1 128.3306884765625 33.246116638183594 1322 199.08294677734375 100.54541015625 -1 130.55903625488281 199.84121704101562 -1 189.78715515136719 49.538650512695312 -1 138.00967407226562 211.0579833984375 -1 53.207588195800781 74.930213928222656 -1 151.49934387207031 75.768974304199219 -1 217.32902526855469 76.176162719726562 -1 14.765288352966309 86.36602783203125 1553 14.20833683013916 90.074974060058594 -1 108.51537322998047 5.4169473648071289 -1 69.319633483886719 59.917755126953125 1348 84.690055847167969 59.572017669677734 -1 88.95819091796875 57.515949249267578 -1 125.90090179443359 38.669212341308594 883 19.062870025634766 144.816650390625 1524 150.69697570800781 146.56391906738281 1439 199.08294677734375 100.54541015625 -1 76.239044189453125 60.005844116210938 -1 181.8642578125 98.540733337402344 -1 125.90090179443359 38.669212341308594 -1 76.239044189453125 60.005844116210938 -1 151.49934387207031 75.768974304199219 -1 151.49934387207031 75.768974304199219 43 151.49934387207031 75.768974304199219 -1 217.32902526855469 76.176162719726562 -1 155.24595642089844 99.472480773925781 1158 130.55903625488281 199.84121704101562 -1 181.8642578125 98.540733337402344 -1 213.79301452636719 77.354202270507812 -1 155.24595642089844 99.472480773925781 -1 213.79301452636719 77.354202270507812 -1 175.1680908203125 101.35021209716797 118 53.226856231689453 68.003158569335938 1554 184.66314697265625 129.43121337890625 -1 140.17091369628906 219.47442626953125 -1 141.32569885253906 212.90058898925781 -1 147.7008056640625 208.39686584472656 -1 149.369384765625 205.50729370117188 -1 153.42210388183594 199.667236328125 -1 128.06448364257812 196.14479064941406 -1 155.20037841796875 192.62089538574219 -1 137.30380249023438 193.3184814453125 -1 140.13441467285156 184.64607238769531 -1 22.159700393676758 153.52426147460938 -1 58.422374725341797 130.98358154296875 -1 253.32080078125 114.18868255615234 1515 251.25309753417969 96.076095581054688 -1 172.404296875 89.421295166015625 611 166.235107421875 89.071937561035156 1319 23.461967468261719 88.699081420898438 -1 129.16061401367188 36.630641937255859 -1 87.262001037597656 54.881977081298828 -1 172.404296875 89.421295166015625 611 116.93893432617188 36.697502136230469 1003 129.16061401367188 36.630641937255859 -1 253.32080078125 114.18868255615234 -1 155.20037841796875 192.62089538574219 -1 97.190994262695312 47.376636505126953 -1 141.32569885253906 212.90058898925781 -1 140.17091369628906 219.47442626953125 -1 140.17091369628906 219.47442626953125 -1 87.262001037597656 54.881977081298828 -1 79.577827453613281 55.388893127441406 -1 172.32814025878906 57.07574462890625 -1 75.033073425292969 57.7938232421875 -1 126.88784027099609 30.706024169921875 1322 107.05751037597656 59.060558319091797 -1 153.42210388183594 199.667236328125 -1 168.11912536621094 60.177021026611328 -1 47.688064575195312 76.821372985839844 -1 41.834445953369141 79.981979370117188 -1 173.04304504394531 79.947341918945312 733 239.92521667480469 82.182579040527344 -1 72.462654113769531 58.965362548828125 -1 72.472663879394531 113.95185089111328 -1 61.985431671142578 252.40499877929688 -1 125.92664337158203 238.09202575683594 -1 253.32080078125 114.18868255615234 1525 121.21661376953125 40.59844970703125 -1 
