# 3D point list with one line of data per point:
#   POINT3D_ID, X, Y, Z, R, G, B, ERROR, TRACK[] as (IMAGE_ID, POINT2D_IDX)
# Number of points: 548, mean track length: 15.636861313868613
1 1.378309422662237 16.700954375009193 31.59798909382836 114 108 104 1.2499333205611605 25 1 20 2 23 2 22 2 24 2 28 2 21 1 21 2 19 1 34 2 27 2 18 1 15 1
4 -0.030824633490238285 10.769467246156921 32.485581162398077 254 255 249 0.54740920635187951 25 15 20 7 23 13 22 10 24 9 28 9 21 9 19 8 34 15 27 12 18 10 15 9 16 9 17 6 14 8 13 11 8 9 10 8 4 8 9 9 11 12 12 9 6 13 7 8 5 7 3 12 2 14 1 19
7 0.17527156093856622 11.814190234605173 31.966197189811407 56 46 33 0.51792701981047806 25 11 20 11 22 12 24 12 28 13 21 11 5 11
9 2.8407306086624384 12.635288372462059 30.701668450659408 142 137 139 0.36108357942605979 25 17 20 14 23 16 22 16 24 19 28 19 21 14 19 11 34 19 27 18 18 14 15 14 16 15 17 10 14 13 13 15 8 17 10 15 4 14 9 13 11 16 12 18 6 15 7 14 5 13 3 18 2 21 1 21
10 0.87698681707165205 17.92881213563976 34.875688614341769 101 96 94 1.6843573034080399 25 23 20 15 23 19 22 22 24 23 28 24 34 20 27 19 36 8 29 6 41 15 30 9 52 10 59 14 70 11 65 10 72 10 63 8 60 10 75 10 66 13 64 9 67 15 48 14 69 14 62 10 37 9 39 10 31 10 38 12
12 -0.4291763973891129 10.92549104535 32.438980702299652 93 94 88 1.0938437740526914 25 28 20 17 23 18 22 15 24 18 25 18 28 16 21 16 19 18 34 25 27 24 18 17 15 17 16 25 17 20 14 19 13 21 8 27 10 24 4 26 9 14 11 17 12 25 6 35 7 30 5 22 3 23 2 28 1 28
13 3.7098066902181372 12.148398316391068 31.043425676063482 67 95 117 1.1754174035188643 25 26 20 20 23 20 22 26 24 27 28 26 34 26 27 26 4 27 8 29 9 19 11 23 12 33 6 37 7 31 5 25 3 34 2 36 1 30
15 4.820911805110506 20.854074162660211 38.228434051440018 136 142 140 1.3897791062206457 25 22 20 22 23 24 22 27 24 26 28 25 19 17 34 22 27 21 15 15 17 16 16 18 14 16 13 20 8 22 10 17 4 19 9 16 12 23 6 24 7 20 78 10 79 20 80 15 82 14 83 9 84 8 85 17 86 16
16 2.4580370232123294 12.580956886533032 30.812991560826799 254 255 249 0.94358543124346339 25 36 20 25 23 28 22 30 24 28 28 30 21 22 19 24 34 31 27 30 18 22 15 25 16 28 17 22 14 18 13 23 8 23 10 19 4 21 9 23 11 28 12 34 6 38 7 33 5 27 3 35 2 32 1 31 29 23 36 34 30 25 41 29 52 23 59 34 76 18 70 22 65 34 72 26 63 30 60 29 75 36 66 40 74 21 64 28 78 26 79 31 67 36 80 23 48 35 69 27 62 33 37 30 39 31 31 21 38 26 82 25 83 21 87 32 84 27 91 37 85 26 86 26 88 32 89 35 90 28 94 37 93 35 95 42 92 32 96 40 100 54 97 54 99 58 98 45 101 70 102 89 103 77 104 92 105 94 113 84 111 97 106 78 109 94 107 92 108 100 115 90 112 65 121 62 110 59 114 68 120 54 116 66 125 56 123 75 127 66 126 72 118 47 119 72 117 67 124 54 128 56 122 49 129 64 131 70 132 67 130 62
19 2.2447183508257198 14.173802376187851 31.122362078141368 142 138 136 1.2081119658194768 25 35 20 29 23 31 22 44 24 41 28 43 21 23 34 39 27 33 18 25 36 14 41 20 30 17 29 13 52 19 59 24 76 22 70 18 65 25 72 17 63 22 60 18 75 16 66 19 74 11 64 17 78 21 79 26 67 21 80 19 48 24 69 23 62 20 37 20 39 22 31 18 38 19 82 17 83 12 87 25 84 19 91 28 85 23 86 22 88 20 89 29 90 24 93 37 92 28 95 75
20 3.4493781144256674 11.929285792450377 31.160616249186255 97 117 138 0.46753107748566253 25 48 20 32 23 50 22 52 24 57 28 35 21 28 19 30 34 43 27 43 18 29 15 26 16 30 17 35 14 33 13 29 8 40 10 27 4 29 9 31 11 42 12 40 6 46 7 42 5 33 3 37 2 41 1 36
21 3.3317695781079868 12.080498235200391 30.917416237901428 77 98 116 0.36717445147088545 25 56 20 33 23 49 22 49 24 54 28 51 21 42 19 44 34 51 27 48 18 46 15 43 16 44 17 44 14 32 13 33 7 60
23 2.8511121773751489 12.274386406167439 31.12855558363897 252 255 249 0.90553750881982642 25 42 20 35 23 37 22 43 24 42 28 44 21 37 34 48 27 41 16 33 17 31 14 28 13 28 8 39 10 36 4 39 9 33 11 34 12 42 6 52 7 40 5 35 3 43 2 39 1 43 29 47 36 51 41 48 30 44 52 49 59 42 76 51 70 50 65 50 72 48 63 48 60 46 75 43 66 49 74 35 64 47 78 40 79 61 67 49 80 44 48 43 69 49 62 50 37 53 39 54 31 52 38 48 82 44 83 53 87 80 84 56 91 60 85 73 86 52 88 80 89 73 90 55 94 68 93 60 92 78 102 150 103 156 104 126 105 153 113 136 111 145 106 153 109 142 107 140 108 142 115 131 112 117 121 122 110 139 114 109 120 104 116 126 125 100 123 141 127 103 126 117 118 92 119 110 117 114 124 100 128 86 122 94 129 83 131 100 132 105 133 117 130 101
25 2.8430129703309444 12.280062371045851 31.142759466793919 252 255 249 0.87292950975131667 25 47 20 38 23 41 22 39 24 47 28 38 21 38 19 31 34 45 27 37 18 33 15 27 16 38 17 36 14 24 13 31 8 34 10 28 4 37 9 35 11 36 12 49 6 43 7 37 5 41 3 41 2 38 1 37 29 33 36 45 41 57 30 52 52 38 59 54 76 40 70 40 65 41 72 36 63 56 60 55 75 53 66 57 74 42 64 36 78 48 79 56 67 58 80 53 48 52 69 56 62 49 37 45 39 42 31 40 38 37 82 55 83 62 87 67 84 64 91 68 85 64 86 62 88 70 89 59 90 64 94 77 93 74 95 78 92 69 96 92 100 80 97 93 99 119 98 80 102 151
28 1.9824090839667021 20.188320027730697 38.542066113826507 114 80 74 1.022327300112013 25 43 20 41 23 33 22 36 24 39 28 36 21 46 19 38 34 34 27 40 18 31 15 31 16 32 17 25 14 22 13 27 8 42 10 34 4 42 9 38 11 43 12 51 6 42 7 36 5 40 3 47 1 42
29 2.5389225593394413 16.87401980578861 36.84237978394097 37 29 20 1.1810927263953834 25 37 20 42 23 36 19 37 34 40 27 39 15 19 17 11 16 6 14 4 13 5
31 3.2242585406253248 11.839477999480112 31.413966452865793 128 148 165 0.80780619045882329 25 49 20 44 23 46 22 53 24 56 28 46 21 40 19 28 18 38 17 47 10 71 4 75 11 98 78 33 86 70 90 48
32 3.7707857708959081 20.430632693465352 38.664044736178106 125 125 121 0.67990832332354323 25 63 20 47 23 64 22 77 24 74 28 62 21 72 34 56 27 60 29 28 36 53 41 50 30 48 52 53 59 49 76 53 70 53 65 55 63 53 60 51 75 47 74 38 64 50 78 43 79 51 67 54 80 47 48 47 37 55 31 36 38 52 82 50 83 66 87 61 86 79
33 -0.10126146316008144 11.122723417963403 32.312794335041225 61 53 41 0.54447822583074246 25 65 20 48 23 67 22 63 24 64 28 57 21 74 19 55 34 57 27 63 18 53 15 51 16 52 17 64 14 47 13 42 10 61 4 54 9 50 11 61 12 73 6 70 7 66 5 54 3 67 2 63 1 64
34 3.1106227377372346 12.232824619055942 30.886181181194079 206 195 192 0.73896048081676891 25 52 20 50 23 69 22 65 24 65 28 55 21 75 19 49 34 50 34 85 25 126 27 51 18 48 15 54 16 50 17 50 14 39 13 37 8 57 4 48 9 44 12 58 6 54 7 44 5 46 3 59 2 56 1 45
38 3.7686405992030005 20.447813095695434 38.686488125299256 125 125 121 0.76309916299636993 25 66 20 59 23 59 22 71 24 71 28 60 21 62 19 51 34 65 27 71 18 61 15 62 16 60 17 58 14 42 13 52 10 52 4 67 9 72 11 84 29 44 36 42 41 51 30 41 52 46 59 63 76 47 70 47 65 49 72 45 63 46 60 44 75 40 74 32 64 46 78 38 79 60 67 45 80 42 48 41 62 37 37 51 39 50 31 49 38 46 82 61 83 58 87 69 84 59 85 60 86 80 89 119 88 65
39 3.1229234817505884 12.280465658475922 30.952608046080261 206 195 192 0.42425374560247597 25 57 20 62 23 63 22 75 24 73 28 54 21 67 19 50 27 47 34 54 18 49 15 48 16 51 17 59 14 40 13 39 8 55 5 50 1 48
40 0.80199440429400382 15.378278100155837 35.745354517662456 47 32 27 1.5623923168810581 25 70 20 64 23 100 22 80 24 99 70 101 52 99 72 106 63 104 65 108 66 85 72 75 21 50 62 89
43 2.2917261002124785 12.509410804399055 30.800228895391822 62 61 50 0.40369048527383911 25 86 20 71 23 84 22 93 24 72 28 82 19 69 34 86 27 57 18 52 15 87 16 89 17 80 14 79 13 69 8 82 10 80 4 79 9 61 11 88 12 105 6 87 7 96 5 86 3 92 2 77 1 76 29 66 36 60 30 67 41 65 52 61 59 74 76 71 70 65 65 61 72 61 63 67 60 64 75 67 66 62 74 51 64 60 78 69 79 74 67 64 80 64 48 63 69 64 62 71 37 62 39 63 31 59 38 58 82 78 83 72 87 86 84 84 91 72 85 75 86 81 88 87 89 97 90 79 94 104 93 88 95 102 92 104 96 96 100 125 97 105 99 135 98 116 101 170 102 179 103 184 104 178 105 220 113 166 111 191 106 223 109 204 107 185 108 212 115 167 112 155 121 160 110 147 114 148 120 137 116 159 125 121 123 173 127 150 126 146 118 126 119 153 117 136 124 124 128 133 122 119 129 117 131 126 132 130 133 134 135 125 138 132 130 140
44 0.2593331169157771 10.766030967733665 32.474402427699999 94 93 91 0.47547110553690919 25 72 20 72 23 72 28 65 19 62 34 69 27 74 18 64 15 63 16 63 17 65 14 60 13 55 8 103 10 109 4 60 9 115 11 90 12 80 2 106
45 0.27609282857841044 10.8425021523207 32.406217677004797 254 232 216 0.48043304215889104 25 76 20 73 23 77 22 92 24 86 28 67 21 92 19 64 34 68 27 90 18 78 15 78 16 83 17 76 14 69 13 63 8 78 10 82 4 68 9 74 11 70 12 81 6 83 7 88 5 71 3 89 2 72 1 74
46 -0.15703125635638157 11.748887081547183 31.970978910698705 144 143 138 0.65154966526961788 25 118 20 74 23 76 24 75 28 69 21 85 34 89 27 91 15 79 16 84 14 71 13 59 8 72 10 70 11 97 12 82 6 116 7 98 5 83 3 85 2 70 1 98
47 3.1757744434077355 12.894282360456547 30.492075450089544 253 250 222 0.29324214031858692 25 73 20 78 23 78 22 79 24 80 28 72 21 82 19 80 34 78 27 82 18 72 15 91 16 126 17 115 14 87 13 108 8 106 4 94 9 68 11 80 12 91 6 108 7 81 5 82 3 86 2 85 1 70 29 94 41 108 52 97 65 91 72 90 60 91 66 100 74 108 64 69 79 91 80 75 69 74 62 91 37 90 31 74 82 118 83 90 87 112 84 94 91 137 85 109 86 131 88 114 89 104 90 104 94 157 93 155 95 160 92 140 96 139 100 162 97 141 99 172 98 160 101 200 102 190 103 210 104 208 105 247 113 249 111 264 106 237 109 256 107 213 108 261 115 228
48 2.3148396360785721 12.586579678891125 30.91517727624203 62 61 50 0.25172319647814478 25 77 20 83 23 89 22 99 24 62 28 71 19 70 34 76 27 61 18 63 15 83 16 70 17 78 14 74 13 65 8 76 10 85 4 64 9 49 11 77 12 92 6 106 7 80 5 79 3 90
49 3.1745939558879499 12.887821626571107 30.482233622284618 253 250 222 0.27049773261965332 25 87 20 84 23 90 22 94 24 88 28 83 21 98 27 79 18 71 16 136 17 122 14 116 13 102 8 107 4 102 9 78 11 89 6 104 7 97 1 80 79 124 80 129 84 120 91 138 94 154 93 156 95 162 92 142 99 170 98 162 101 195 100 160 102 195 104 199 103 197 115 212
51 3.0115217107036338 12.876801981925952 30.242072731345338 222 179 158 0.28821314464977782 25 116 20 88 23 108 22 130 28 101 21 104 34 116
52 2.6008192415440141 13.321938611175893 30.426625015304165 146 141 135 0.34792118861716165 25 114 20 90 23 107 22 127 28 95 21 121 19 116 27 125 18 97 15 116 16 125 17 103 14 108 13 106 10 104
53 4.231471721956594 12.978287353956576 31.030268557616385 221 220 224 1.6579188878010402 25 111 20 95 21 33 27 100
54 0.10396657253698821 10.932370798116182 32.375501653208374 235 197 176 0.62393825425021698 25 106 20 96 23 116 22 142 24 114 28 106 21 131 19 99 34 131 27 144 18 88 16 113 17 95 14 94 9 117 11 91 12 113 6 120 7 114 2 103
55 -0.2000118786148008 10.980557778504753 32.401044918701622 255 254 223 0.57430758296304918 25 125 20 97 23 121 22 143 24 106 28 115 21 132 19 100 34 132 27 145 18 89 15 103 16 114 17 96 14 96 13 85 8 100 10 90 4 93 9 118 11 94 12 114 6 121 7 109 5 90 3 107 2 102 1 100
56 0.36067925326282824 11.818680707676231 31.829335700642375 61 50 41 0.41904501751170237 25 124 20 99 22 145 19 103 27 152 17 108
57 3.9233487648591012 20.260908258706245 38.640362666929285 236 225 217 0.600081286101948 25 95 20 106 23 75 22 85 24 119 21 114 27 88 18 67 29 56 36 57 41 82 30 66 52 67 59 70 70 76 65 66 72 69 63 75 60 68 75 63 66 67 74 88 64 55 78 101 79 66 67 68 80 90 69 63 62 58 39 86 31 69
58 2.6008192415440141 13.321938611175893 30.426625015304165 146 141 135 0.34792118861716165 25 128 20 111 23 115 22 136 28 118 21 127 19 121 27 132 18 119 15 131 16 137 17 116 14 127 13 109 10 106
59 3.9207067189033022 20.270032741406851 38.64338773012917 236 225 217 0.60728581812786775 25 136 20 114 22 96 24 116 21 129 27 89 18 74 29 60 41 109 30 65 65 68 60 72 75 73 74 103 79 80 80 119 62 68 39 101
60 2.3945973559397622 12.608197543296576 30.881529964346168 254 253 240 0.24776691753538055 25 121 20 119 23 127 22 103 24 102 28 109 21 138 19 128 34 93 27 97 18 94 15 123 16 95 17 107 14 125 13 101 8 94 10 93 4 92 9 111 11 104 12 137 6 109 7 99 5 97 3 102 2 97 1 90
61 4.2397341266737119 12.829533108769549 30.953680194134662 204 199 205 2.8307503468140953 25 119 20 120 23 112 27 73 3 72 2 64 1 91
63 2.3968974333455977 12.612764259517752 30.890851467947535 254 253 240 0.23370395516695752 25 109 20 125 23 113 22 133 24 110 28 114 21 141 19 120 34 123 27 129 18 116 15 121 16 135 17 114 14 115 13 94 8 104 10 114 4 95 9 114 11 131 12 130 6 122 7 111 5 117
64 -1.6370844462077345 17.557273169949639 35.011248439318749 37 38 26 1.9218652594241796 25 80 20 127 23 102 74 62 17 88 16 116
68 0.16318234802302567 11.804273157285193 31.939690056924718 56 48 34 0.54259247364017915 20 12 23 8 24 13 28 12 21 8 5 12 3 16 2 20 1 16
69 0.17156526968141173 11.813887438167491 31.949977481238239 56 48 34 0.73317950932935261 20 9 23 11 24 15 28 11 21 10 34 14 27 16 22 9 3 14 2 13 1 14
70 2.8394740730096069 12.63226159807806 30.694948363770738 142 140 138 0.32214583870942853 25 20 23 17 22 18 24 20 28 15 34 24 27 22 6 19 7 17 5 15 3 21 2 23 1 22
71 1.7003555960131842 12.789168786853384 32.899199743363532 88 85 80 1.7783701335043611 20 24 23 21 14 50 8 48
73 1.2539226310957039 10.962299249270263 32.536994761028126 85 92 91 1.7576798976457411 20 18 23 23 28 23 21 19 19 22 27 34 18 27 18 87 21 134 15 36 19 42 6 94
77 2.593239042621152 13.220772338965045 30.395909070740057 138 134 131 0.67099906622752292 25 58 23 38 22 59 24 59 28 52 19 40 34 42 27 56 18 37 15 35 16 36 17 32 14 20 13 26 8 33 10 31 4 32 12 94 7 50 5 38 3 52 2 50 1 53
80 1.1419032058884429 10.71180523975589 32.132883536135253 84 88 89 1.0686116503908631 25 64 23 47 22 90 24 89 28 92 19 65 34 70
82 2.7021587890877257 15.976495041708374 34.238656266322408 45 39 34 2.0495424868245427 20 79 23 51 21 89 19 68 34 80 18 83 15 84
83 3.9272079287844148 12.647248519150891 30.508998263095812 210 205 210 2.1585588567535718 20 45 23 54 28 48 27 67 34 55 14 17
84 3.9235039140666954 20.585532194987401 38.643587171260783 129 129 123 0.60440181064569942 25 50 23 60 22 56 21 55 19 45 15 41 16 48 17 39 14 38 79 37 80 40 76 33 59 64 75 31 70 36 72 46 36 30 41 40 66 31 82 48 87 70 84 60 85 61 86 64
92 2.22792819340324 12.739692300402524 30.737431049713567 56 54 49 0.54003700779038188 25 120 23 79 22 104 28 107 21 102 19 107 34 122 27 99 18 77 15 128 16 96 17 111 14 83 13 72 10 94 9 110 11 105 12 88 6 132 3 101 2 94 7 19
94 3.4238089969541798 20.988871353668213 38.785547638489987 125 126 122 1.38366795972626 20 68 23 86 21 96 34 84 18 62 15 65 16 108 10 100 41 92 76 61 80 67 38 69
96 2.9159208518581559 12.290114197850626 31.029788702508352 183 175 178 0.26574405860754075 25 90 23 96 22 98 24 77 14 66 8 96 15 81 5 118
98 -1.4908930448712554 17.975029216736267 36.088184463842886 41 39 31 1.7942063892689704 25 103 22 119 24 117 28 125 19 87 21 117 18 106 15 109 23 103 17 87
101 -1.4897213754116558 17.998287436040865 36.150144965150531 41 39 31 1.6931141796455729 25 133 23 117 22 148 24 120 28 120 19 75 18 121 15 124 17 120
102 -1.5901930133267594 16.57538095474084 33.237475237778185 45 40 32 1.4885466840298975 20 126 23 118 36 61 41 77 30 64
105 3.3125181778737871 11.900087913039105 31.195437731297893 137 159 171 0.33379167717975133 25 89 23 125 22 146 24 105 28 122 21 133 19 104 34 98 27 93 18 91 15 106 16 124 17 118 6 115 5 108 3 105 2 100 1 102
106 -0.13120225582720108 10.794169180129039 32.642482323055162 255 254 236 0.92135877943584532 25 88 23 126 22 141 24 109 28 97 21 112 19 63 34 90 27 95 15 72 16 82 17 75 8 66 4 83 12 112 6 82 7 87 5 70 3 88 2 71
107 3.5893465023541289 12.215858394130651 30.52280900205206 79 95 112 2.7386432639322549 23 132 24 104 28 113 8 75 28 112 20 100
108 0.38313867760494158 10.754613487422034 30.082543795736814 88 86 77 1.6299977548629421 20 98 22 58 24 37 25 54 21 52 19 102 18 54
111 3.2671789519600671 12.419907999941316 30.809787721665788 137 137 137 1.1487260915109785 20 75 22 101 19 105 18 40 15 82 8 112 5 100 63 100 30 73 60 62 72 38 29 88 36 37 52 34 65 73 70 66 76 41 41 101 52 56 75 96 74 43 64 38 78 49 48 62 69 57 62 70 37 60 48 91 39 43 31 41 38 38
115 3.0117144328212371 13.157865642148987 30.277073309223709 118 113 110 0.20901744959935906 23 101 22 128 24 96 28 96 21 126 34 125 18 118 15 118 16 72 17 84 14 76 13 62 4 61
118 3.0142797424515715 13.210736701196172 30.354776627027046 118 113 110 0.62107745137779669 23 124 22 135 24 113 28 117 21 106 34 114 18 96 15 122 16 90 17 119 14 80 13 68 11 82 87 105 95 143 92 111 127 142 126 135 129 110 131 113 132 126 133 128 135 120 138 141 130 96
120 -1.5455489074939965 8.1022846297645401 17.25362050247417 107 114 113 0.80785012851468407 20 103 22 149 28 123
130 0.056899267270770937 12.117651612971562 31.912082057351054 62 51 37 0.5425508340118097 22 34 25 45 24 40 21 24 19 25 34 36 27 36 15 24
133 0.19456751678225248 12.179029803670232 31.805478494430506 92 85 75 0.8159994830163696 25 62 24 55 21 41 18 43 15 44 4 45 9 39 11 59 12 129
139 1.764877964861427 20.496946733353234 38.996849857836438 247 100 97 1.5406117497711189 20 86 23 120 22 140 24 58 23 45 22 60 21 66 19 90 34 67 18 39 21 44 15 75 16 42 16 139 14 31 13 51 8 41 10 40 10 50 4 46 9 56 6 86 7 72 5 63
140 1.4081031226198122 17.878924304762489 34.391992827389451 245 100 99 2.2245561968083951 22 50 23 44 20 76 23 97 22 107 24 60 21 73 34 64 70 94 65 99 63 81 60 88 64 83 69 94 75 19 65 31 70 26 64 23 67 30 37 25 30 21 48 28 31 19 36 16 29 16 21 43
147 3.0761147990575815 12.454673484887593 30.882669009892155 142 138 140 0.3294447099922751 20 51 28 47 18 56 16 54 8 46
157 2.438017334480671 13.229464351385072 30.657277286060097 130 127 122 0.89514451758652591 25 115 28 100 19 126 21 124 34 115 17 104 16 129 13 75 8 87 10 107 5 93 3 99 29 96
159 4.6239233937011521 20.288149028791377 38.856357788154838 81 88 88 1.0359488242660633 25 94 20 87 23 128 24 82 28 87 22 70 21 45 19 89 34 81 27 87 18 101 16 109 17 91 14 101 29 52 36 68 41 72 30 61 52 60 59 68 76 76 70 75 72 68 63 74 75 62 66 64 74 67 64 62 78 59 79 115 80 113 48 69 69 67 62 61 39 62 31 68 38 68 82 91 83 96 87 99 84 100 91 134
161 2.9119401220093666 12.910096700167051 30.644988112043656 184 137 115 0.32303713868855011 20 52 21 79 19 58 18 57 15 57 16 56 17 53 14 55 13 46 8 61 12 56
163 3.9702342599546414 21.854316844000238 38.659823455592033 167 164 158 1.27118348865776 20 93 21 94 19 54 34 129 27 142 18 69 16 91 14 120 13 100 8 111 10 105 4 97 41 112 29 100 65 82 52 85 72 101 59 92 60 101 74 80 64 97 67 104 69 102 39 83 31 82
164 3.9719077116763382 21.854314729116027 38.662139213995722 167 164 158 1.2756763339138584 20 118 21 100 19 52 34 97 27 140 18 76 15 47 16 66 14 91 13 80 8 113 10 97 4 100 41 110 29 101 65 95 52 93 72 93 59 90 60 102 74 105 64 91 67 108 69 101 39 103 31 95
169 0.9152032746016906 12.175524069057097 34.207712324063642 93 93 85 2.4757370929376137 19 0 34 0 27 0 15 2 18 0 17 2
170 1.0127647721701996 13.331578985298883 36.650479481066697 93 93 85 1.3118350978377584 19 2 18 2 15 3 9 8 21 3 11 11
172 0.79776311579439374 13.645527028558462 28.276589287683596 90 87 84 1.2654427754246442 21 36 19 15
173 -1.2669086693851552 13.599336817734025 28.2858597636186 0 0 0 1.7521285549674621 21 128 25 132
174 -1.405270580680829 18.808106732532679 37.280438986894247 106 110 107 1.9280957934005771 19 88 15 69 18 86 16 77 9 105 11 111
176 -0.067275841231114852 5.710065282791323 17.304753774789091 96 87 78 0.96675102329944773 25 144 19 108
177 3.3943522528314709 12.264101894226307 30.957423198663566 92 113 128 0.25511680896574523 21 122 19 110 18 115 15 107 16 104 17 121 14 121 13 93
179 0.82357242231892014 15.37960447508957 34.036568543846641 101 94 88 1.8718913828880523 21 120 19 114 15 86 16 127 17 60
180 3.3969372941671345 12.277578371287746 30.982542787702307 92 113 128 0.24287629795097204 21 135 19 119 18 99 15 119 16 133 17 112 14 114
184 1.6565135423725192 19.949693479512298 38.387711819363922 252 98 98 1.670750853200899 20 28 34 38 27 28 15 22 17 29 8 36 4 34
194 4.7044448603480662 19.842728864999618 38.436115236394677 141 145 140 0.71221114469795421 20 58 22 105 27 110 36 67
196 -2.3523878731100618 16.849204667958993 31.912132507259731 112 117 113 1.5924891473086176 19 35 21 110 30 78 72 107 65 80 60 77 63 82 41 115 36 81 66 77 64 75 62 79 48 74 63 78 37 79 37 104 31 109
198 1.5628346481907123 19.331436514705324 38.521324076862811 255 98 97 1.2846394210155587 19 6 18 8 15 7 16 14 13 17 10 10 4 11 8 12 9 12 11 15 12 13 6 12 7 10 5 10 1 15 8 18 2 16
201 0.74897116050913703 13.084637670573416 35.892845667163868 89 84 80 1.2349629365482784 20 19 23 22 15 13 16 27 17 13 10 44 11 140
202 0.56245322211226334 12.353421181548642 34.821998721852488 88 85 74 0.88729552118723232 19 56 27 35 18 32 15 46
203 4.2497007670650415 13.189089001232096 32.406341556347286 223 221 228 1.6792643362773105 19 48 18 41 14 53
205 0.20481921435238426 16.955513955829911 37.42088387116349 47 39 27 1.7013119151580673 20 112 18 66 76 147
206 5.353436700437995 20.483283020124031 37.224169691623558 100 108 107 0.88179076766763786 19 97 52 48 48 42
207 -1.5159198107696255 17.033016204998432 34.538085752064823 119 119 111 1.2101297538991982 19 86 18 85 15 110 16 103
208 1.314888440996445 13.575347952647355 35.814705133055575 75 58 56 1.9459954203832381 19 67 27 92 18 90
209 -1.7091733094923951 16.781870282651614 33.292653097209893 101 109 102 2.0272416392829546 19 131 18 103 15 96 30 95 52 87 65 86 72 81 29 75 67 88 69 82 37 102 39 111
210 -1.1250331527534145 17.436195333222113 36.578879824735054 115 114 106 2.3118573366310398 27 120 29 73 34 111
212 -0.96748012163601749 16.342300931216379 34.091758746861643 49 45 41 1.1528101057382447 29 72 28 99 22 150
220 2.2877664487269751 12.777529473860065 30.420333942654608 146 146 149 1.914467186440707 28 49 15 29 17 46 10 39 34 47 11 21 9 22 12 35 7 45
221 3.751008737495015 12.39659519300003 30.84825771645427 180 181 181 1.280004006131598 19 26 15 50 13 45
222 3.5482183703313677 12.438696795721564 30.70582699780886 67 88 104 0.75726017114739042 19 106 15 55 17 51 8 45 10 42 9 63 12 70 5 52 6 73 3 57 2 52 1 54
227 3.744753488618441 14.351909846675415 28.001291150640501 98 107 108 1.420709048486245 19 95 14 64 16 78
231 3.4556423057707129 12.447181328455709 30.77283743319877 77 94 109 1.0129463717626135 28 111 15 115 22 102 16 93 14 123 13 74 12 139 6 111 7 103 5 99
233 3.6283385081435018 12.230234719522485 30.459560108645686 170 166 166 1.0219130406955965 18 127 15 132 16 92
234 0.60927644195624253 13.161114892933716 32.055058979660316 254 98 100 1.5539200285079362 16 0 14 0 13 0 8 0 10 0 4 1 9 1 11 1 12 1
237 4.7787050202519392 18.130927972673753 33.693410939062957 101 111 109 1.1837718148243079 20 61 23 61 17 94 13 81 10 67 8 68
240 0.37702026222296137 16.53180891221675 37.120984756862725 98 91 81 1.5393688041384319 15 130 20 89 16 98 17 109 13 104 8 77 9 112 11 102 12 127 76 85
241 -0.68801640256965668 16.905235328507853 35.404604484986166 82 83 85 1.2042123030101093 15 112 17 93 13 24 19 130 10 21 52 20
243 3.1499351185339397 12.244771688251511 31.096532772603986 120 126 137 0.10562873567230856 22 132 16 132 14 113
245 3.1499351185339397 12.244771688251511 31.096532772603986 120 126 137 0.10562873567230856 22 100 16 141 14 111
248 0.60927644195624253 13.161114892933716 32.055058979660316 95 85 73 1.5539200285079362 16 1 14 1 13 1 8 1 10 1 4 0 9 0 11 0 12 0
249 1.040978946432388 12.870279566209815 35.902845626094681 96 96 90 1.4972443863990943 16 3 14 3 13 3 8 5 10 4 4 4 9 7 11 9
251 2.6179378375185132 15.69336736119808 34.265318494640539 32 31 26 1.8665940481989416 14 21 13 25 8 24 10 20 4 33 9 29 11 38 12 45
252 -0.093558276012640273 18.545438644174116 38.743728913944572 99 104 99 1.0890990508230722 17 28 11 106 9 67 12 78 6 56 7 56
253 3.779009763911179 12.28844438488456 30.655766139876231 159 158 161 1.4586908012741824 24 33 17 38
254 3.7711284934023324 12.24021929598784 30.566672835548481 159 158 161 1.5413929683561829 24 36 17 42 8 19 19 23 10 14 4 28
256 0.84600804258374251 16.239440889394196 37.160610106766391 49 38 31 1.7415667797255638 15 56 16 62 19 32 17 62 14 73 13 61 4 62 9 64 11 76 6 93 7 105 78 71 76 44
261 2.1707212194528345 16.820638532277268 37.384047128347603 35 20 13 1.4625565196065695 16 55 14 54 13 107 8 65 10 59 4 63 9 65 11 52 12 75 6 59 7 55
265 0.088255137699268793 5.972216124733996 20.413737654502221 93 90 79 0.85681287791179617 19 101 14 98
269 0.15853420409015384 11.196518665571762 32.352420392466271 60 51 37 0.42595615081959026 16 13 14 11 13 9 8 10 10 9 4 9 9 10 11 13 12 11 6 14 7 11
275 -0.18085170522318778 11.043926587215864 32.297389890934099 213 189 180 0.27645326610790283 23 123 14 97 13 95 9 119 7 108 5 91
276 2.8222654702304819 13.073123993147465 30.454178262557409 101 109 113 0.60931802019077697 16 130 19 109 14 124 13 103 10 108 4 89 9 108 11 129 6 126 7 120 5 92 52 42 30 38 29 40 36 47 41 53 59 60 76 35 70 43 65 45 72 41 63 41 60 40 75 57 66 45 74 56 76 73 64 42 78 74 79 63 67 62 80 63 48 56 69 42 62 40 37 48 39 46 31 45 38 42 82 87 83 92 87 108 84 69 91 117 85 102 86 122 88 110 89 102 90 100 94 121 93 122 113 250 111 259 109 250 115 219
279 -0.38920462314085447 17.600832724093021 37.329922329879494 32 29 25 1.4699706298299178 19 122 14 109 12 111
280 -0.38920462314085447 17.600832724093021 37.329922329879494 32 29 25 1.4699706298299178 19 127 14 118 12 106
281 2.1722378864949481 12.12738226114168 32.377445831432169 102 103 100 1.0293316619382951 14 2 16 2 13 2 8 2 10 3 4 2 9 2 11 2
282 2.5222281722331803 16.473224409107697 36.274288126353447 84 81 76 0.9346958542729068 14 5 13 4 8 6 10 5 4 6 9 5 11 5 12 4 6 5
284 4.8073998157161988 14.188024069377979 33.46527896157513 227 225 231 1.5210500799464006 16 41 13 22 8 30 4 36 9 43
286 3.2628553028493767 12.261694154144621 30.870631481290371 72 93 113 0.38912158790169121 14 52 13 36 8 51 27 59 12 57 6 55 7 39 5 53 3 58 2 55 1 46
287 3.2584775490719031 12.26690779146462 30.880820402036143 72 93 113 0.23961609960242367 14 43 13 38 8 52 27 66 5 51 2 58 1 47
288 3.6263857154917396 12.318538222659852 30.529241245212646 169 168 165 1.3510272867333615 15 117 13 58 10 84 8 89 11 103 7 68 7 101 5 77 6 110 3 103 2 53 3 54 1 41 12 138
290 0.11701713804661884 11.02679497088244 32.58154590616666 240 192 168 0.13854643800212421 15 102 13 84 8 101
292 2.9938624313397746 13.070381827064287 30.459769402558063 252 253 246 0.65339967371487739 16 59 14 57 13 49 25 38 20 37 23 42 22 40 24 49 28 37 21 35 19 34 34 62 18 35 15 30 16 37 17 26 14 25 8 35 8 64 10 30 4 31 9 32 11 39 12 48 6 32 7 28 7 71 5 28 3 28 2 35 1 33 29 49 36 36 41 43 30 46 52 51 59 46 70 39 65 52 72 51 63 50 60 48 75 45 66 42 64 34 79 36 67 39 80 34 48 45 69 39 62 53 39 37 31 54 82 40 83 44 87 44 84 45 91 51 85 53 86 43 88 51 89 48 90 47 94 50 93 51 95 64 92 51 96 42 100 50 97 52 99 52 98 55 101 75 102 94 103 84 105 85 104 87 113 98 111 86 106 86 109 85 107 96 108 91 115 73 112 91 121 81 110 111 114 93 116 81 123 78 118 85 119 73 117 81 124 84
293 4.4861506143767311 20.640951256147122 38.588542630296203 134 134 131 1.1522215940456837 25 21 20 21 23 25 22 24 24 25 28 14 21 18 34 21 27 20 18 20 16 17 14 15 13 19 19 16 15 20 17 15 8 21 10 16 4 18 9 17 11 19 12 22 6 23 36 9 76 6 75 11 78 14 79 19 80 14 39 11 38 13 82 15 83 8 87 20 84 9 85 16 86 15
294 2.3557577455456276 13.665995068765783 32.035701423545028 58 56 51 1.6423375379950991 15 129 16 100 14 85 13 73 25 117 20 123 23 109 24 100 34 117 10 112
303 3.5009300130116556 16.295364772922358 33.490372860205035 118 120 119 1.9714574361546169 13 111 8 88 4 87 11 124
305 5.1382407026794343 18.215057310026339 33.570790602142097 131 137 131 0.4968832393373474 13 82 8 97 12 101
306 -0.88546890287031399 0.6551936229201536 10.461991294181365 102 100 90 0.026919086851244042 16 68 8 98
307 -0.33362210329568631 10.609335135120322 32.668882820066493 158 141 131 0.54813562642090108 25 75 8 99 10 60 9 73 11 69 12 87 6 96 7 90 5 69 3 111 2 108
308 -0.3339212452271369 10.619626996496127 32.681309337305173 158 141 131 0.52236846834341488 25 85 8 102 9 76 11 87 12 95 6 100 7 94 5 84 3 115 2 116
311 -1.6361884070438197 19.15034382264739 37.425199482084153 94 100 101 1.7113609588377812 14 102 10 103 11 146 9 93 6 85
314 -0.33278691550001366 11.311679363400287 32.345383215244439 101 98 89 0.64897875548441297 14 48 10 62 4 55 9 69 15 52 3 68 1 65
315 -1.3030960626528227 18.826622095002399 37.759273112592339 38 31 20 1.6972836344612039 13 56 14 70 10 69 6 57
318 -1.3030960626528227 18.826622095002399 37.759273112592339 38 31 20 1.6972836344612039 13 70 14 81 10 86 6 63
319 3.4031321289248586 12.258469214828171 30.950004754461474 89 116 139 0.26572507663057265 13 96 10 95 7 104 5 102
320 -2.7601373264174844 17.907611723356446 34.079835284268768 104 108 105 1.4927866635577274 10 96 59 71 34 83 29 76 31 80
321 -2.5602270769284599 17.900591345120887 34.429168761964746 104 108 103 1.2764128409879441 34 94 10 99 29 80 72 84 41 123 52 73 59 73 60 97 65 83 70 81 75 78 66 78 64 99 67 97 48 73 69 76 31 84 63 79
325 2.0832240340145622 13.414863964818686 30.225456850348401 146 148 152 0.3121290826647844 8 44 4 41 9 41 11 46 12 55 7 51 6 62 5 47 3 50 2 48 1 49
330 2.764558481884968 16.011570369645174 34.943002770433239 100 100 96 1.2554201703638121 8 85 4 90 10 101 11 79 12 89
337 0.28540426500256511 12.866595478070547 32.826258530179864 102 94 81 0.88454412360971668 4 43 9 42 11 64 12 115
341 2.7479439391013978 12.121783005246314 31.165821566982459 87 83 79 0.25989741644793668 4 105 9 85 11 100 17 86 12 118 6 113 5 106 3 104 2 99 1 94
343 -1.8998012847284533 19.445027563528811 37.383891208273354 99 105 106 1.3243473025228447 15 77 9 96 11 118
346 3.2504099501921266 12.066119213287198 30.946509304792372 115 131 143 1.9562189896882118 16 40 21 49 17 49 14 35 13 32 8 59 10 65 4 49 9 71 25 83 20 70 23 81 22 97 24 76 28 70 21 136 19 71 34 72 18 55 15 71 16 101 17 71 14 51 13 64 8 73 11 74 12 74 6 130 7 58 7 89 5 55 5 105 2 66 2 76 1 63 3 69
348 1.6431367513301351 19.732958494409779 38.039257659260983 252 99 98 1.3783096207825236 25 34 20 27 23 30 22 28 24 24 22 23 28 27 34 33 27 29 15 21 17 33 16 45 14 34 13 40 8 47 10 41 4 44 8 37 6 105 7 61 5 87
349 1.8377746813197811 11.525534504243153 32.074052753426813 100 105 101 0.34551911899453613 8 4 11 4
356 -0.30416248007603175 3.9575574382965053 19.448592365993854 106 82 79 1.4073354662408797 8 105 11 99
357 2.6296083993276498 14.805515327376476 33.331482793735411 57 58 56 1.34115528829667 10 75 11 107 12 134
358 3.1644982439292773 12.718510716133165 30.43510393060523 148 138 137 0.59064933184256452 24 79 11 108 12 125 7 121
361 1.7097635050122255 10.92083635177009 32.065898102551813 241 248 245 0.46060915095630572 20 65 11 141
362 2.2787974453868789 13.339010033536598 30.537677635916886 149 147 145 0.87478808763767502 22 42 27 38 24 50 11 31 9 30 10 32 12 121 29 25 41 36 36 29 30 31 52 32 59 37 76 26 70 27 65 33 72 29 63 32 60 32 75 29 66 37 74 24 78 28 79 41 67 32 69 36 62 28 39 27 31 30 82 39 83 39 87 40 84 43 88 49 95 63 99 89 101 106 100 73 102 103 104 113 103 108 105 115 126 61 135 66 138 56 130 59
365 -2.6470496349948114 20.446174669439895 37.304855212073292 123 130 129 2.586345916803555 16 26 12 31
368 2.3865733239278839 15.123542544867808 33.314662744583025 125 124 124 1.01289648908367 12 47 7 27 5 20
378 5.0313528991878051 19.875738552346345 37.426913148267118 119 122 117 1.0088777560008404 13 88 8 91 11 138 12 122 4 103 7 113
381 -1.5654130497058905 17.342001112310744 35.520092869798937 0 0 0 1.4974295969066795 11 95 14 82
384 3.4951083314741993 10.615853565221249 28.149062332601719 178 184 187 0.74129406326511282 8 60 6 103
386 5.1512046775346993 20.72494421313835 38.110745501296343 93 100 98 1.5598660819422649 4 84 6 124 15 94 13 79 17 92 8 83 9 101 11 120 9 100
394 0.89525445720465868 10.902011918794969 30.751523942198826 254 87 77 1.1941203698260952 6 71 7 64 5 113
397 2.6123473594165953 12.66489267028966 30.863479558161476 156 151 152 0.90750309482964242 13 66 7 93 3 83 17 83 2 98
399 3.9441299022887826 12.088990336449234 30.725707659947584 190 192 196 1.9890542818054808 20 66 18 93 21 101 16 67 12 86 7 52 16 140 17 97 14 99 13 44 8 74 18 45 6 49 7 23
403 0.32804545954202879 10.855298015192188 32.295595230712877 67 56 47 0.51053530490471399 6 95 7 63 5 72 3 65 12 62 2 61 1 61
404 3.2459685017072371 13.919800182845934 30.964567473953064 130 127 123 1.5306018141849904 6 81 7 100 5 29 3 51 2 49 1 52
406 2.8200093362528329 12.574577813370967 30.629513045369961 136 136 137 0.41902856435562341 7 16 5 17 3 20 2 22 1 23
407 3.3050608729701172 15.093517352412524 32.54846163530501 83 86 89 0.81029563813186589 6 22 5 39 3 42 2 40 1 39
408 3.1623023720820003 13.034463780008945 30.427653925933971 136 109 93 0.39980954933154417 7 92 5 58 2 82
409 1.3007642683155263 13.826616465083134 36.677699695583946 254 158 141 1.4816422994155978 6 20 5 60 2 37 3 40 1 35
410 4.1715462006502362 12.184178900652048 30.562909625157214 169 179 187 0.39116131139895688 8 95 10 113 5 101
411 3.5252968275661503 10.571463693769729 28.367688697744988 147 147 150 1.8995159686482215 7 91 3 78 2 68 5 116 1 69
414 2.9742683521657076 11.379873507774242 30.58241396727729 111 138 171 0.63511772643765108 12 12 3 11 2 12
418 4.1886449452343406 13.822889105217476 32.167036802747049 165 167 169 1.3705655718569221 5 14 6 21 3 26 2 27 1 26
419 0.50807187386534736 11.491620350389214 33.672434676191244 242 91 91 0.91897679223930206 5 30 7 34 3 27 2 29 1 29
420 3.8284434071795328 12.687305309155384 30.337895952284633 127 126 127 1.0291068062527529 9 28 3 55 2 51 1 38
421 3.9473170378017199 11.550843148883706 29.62013228584852 188 195 196 0.69756586611604299 7 76 3 70 1 79
422 3.9473170378017191 11.550843148883702 29.62013228584852 188 195 196 0.69756586611605209 7 67 3 77 1 75
423 2.929453218480389 12.496221429496124 29.08964555725332 95 100 98 1.2960068272220537 5 89 7 119 3 94 2 90
425 2.0711403545950615 13.798187907658525 30.019118312788631 106 105 101 0.28028936413441874 5 115 12 143 3 113 2 92 1 104
427 1.88007803611222 13.63182758563889 30.556285401379753 131 128 125 1.1992213103367075 5 49 12 50 27 58 3 116
430 3.8378707143617685 11.456259107410183 29.842489150744658 173 181 186 1.821155781663635 12 128 3 123 1 93
432 2.6665601549825468 13.348388655832299 30.600374352206028 137 133 129 1.1346023610804206 6 78 7 47 3 79 18 81 16 128 12 107 25 59 20 43 23 34 22 51 24 53 28 53 21 31 19 41 34 41 27 55 18 30 15 37 16 31 17 37 14 26 34 79 10 78 12 119 29 24 36 28 41 35 30 30 52 31 59 38 76 25 70 34 65 32 72 28 63 31 60 31 75 28 66 35 74 23 64 30 79 42 67 38 48 38 69 37 62 29 37 35 39 29 31 29 38 28 83 34 91 64 88 54 89 47 90 44 94 73 93 65 95 79 97 74 98 94 101 108 102 154 106 159 109 153 107 149 108 154 116 87 120 56 125 107 127 97 118 61 119 75 131 68 129 62 135 63 138 63 130 64
433 0.1700919139737298 11.884432646587777 32.032663065639092 60 47 31 0.88865899637327439 5 9 25 13 16 10 14 10 13 13 3 17 2 18 1 20
455 1.231891958950488 14.108448831075368 36.923763049555973 230 85 85 0.73392120836152119 12 10 1 18
459 2.0420596002428071 13.695826467955092 30.159348318807865 130 123 120 1.4165967869183875 8 50 10 45 4 47 11 41 9 40 12 54 3 49 2 43 1 51 25 32 20 26 23 26 22 45 24 45 28 42 34 32 27 31 18 23 6 60 7 46 5 48
461 0.13671465375399139 11.070487735051142 32.156430921924077 57 55 36 0.59472350301017463 25 19 20 13 23 15 22 13 24 16 28 18 21 13 19 12 34 18 27 17 18 11 15 12 16 8 17 9 14 12 13 10 8 14 10 12 4 12 12 14 6 10 7 9 5 8 3 13 3 15 2 15 2 17 1 12 1 17 25 16 20 16 23 14 22 19 24 21 28 21 21 12 19 13 34 23 27 23 18 16 15 16 16 12 17 12 14 9 13 12 8 13 10 11
462 3.0602283410774529 12.859126296416878 30.315491536807663 221 163 133 0.75756479350196915 3 73 5 59 2 75 25 68 20 54 23 56 22 67 24 68 28 58 21 56 19 60 34 60 27 69 18 58 15 59 16 58 17 55 14 56 13 48 8 63 10 58 4 58 9 54 11 54 12 64 6 75 7 70 5 80 2 80 1 77 52 65 63 72 66 61 79 125 80 114 69 58 82 105 83 112 87 126 22 134 23 129 24 111 28 116 84 121 85 124 86 120 90 118 94 102 103 175 113 191 106 248 109 203 107 202 108 210 115 174 112 174 121 175 110 156 114 152 116 161 123 175 119 154 117 138
463 3.4779467674296032 12.113571025181153 30.821599753566247 89 111 127 1.076792928314479 2 8 3 7 1 6 25 5 20 6 23 5 22 6 24 6 28 6 21 7 19 5 34 16 27 14 18 7 15 6 16 5 17 5 14 7 13 7 8 8 10 7 4 5 9 4 11 7 12 7 6 6 7 6 5 2
464 4.0590928562217696 12.249573386097772 30.680956397162316 170 175 178 2.4729103009827575 23 48 22 33 24 30 28 29 20 49 19 43 27 65 25 46 15 108 17 77 12 76 17 43 2 26 3 25 1 34 5 24 12 16
465 4.617881499506761 18.303993033348732 32.942742440058154 143 143 142 1.3890024957241716 28 22 29 8 22 25 25 25 30 11 36 10 41 12 52 12 59 16 76 11 70 13 65 17 72 12 63 11 60 12 75 12 66 15 74 7 64 11 67 17 48 16 69 16 62 12 37 17 39 12 31 12 38 14
468 5.5619650784977157 16.543251447265362 38.566250134966801 182 180 184 0.64200016184993081 34 46 29 50 36 49 41 46 30 47 52 52 59 47 70 52 27 42 65 53 72 42 63 42 60 41 75 46 66 46 64 43 67 42 48 57 62 39 69 43 39 38 31 35 38 50
470 -0.26662306899320165 16.279379274207749 35.578131261720301 38 32 23 1.5694011331540554 29 65 10 81 36 91 41 81 25 130 39 110 23 122
473 -0.96748012163601749 16.342300931216379 34.091758746861643 25 26 20 1.1528101057382447 28 119 29 86 22 153
474 -0.55414807634152308 17.357566995955715 37.753745206866611 83 84 83 1.717418594558779 27 122 29 99
475 2.5439487625594333 14.232846372676947 31.228068732984049 71 66 61 1.5883178101869189 25 31 20 40 34 44 29 42 16 87 17 56 14 77 13 50 10 54 36 43 41 69 30 40 52 45 59 65 70 46 65 48 72 44 63 45 60 63 75 39 66 47 74 30 64 45 79 39 67 44 80 22 48 59 69 60 62 38 37 50 39 49 31 47 38 62 82 26 83 17 87 16 84 28 86 9 88 30 89 32 90 26
477 0.47093064451534017 17.460685784772458 35.993774210896575 103 103 103 1.9339089962623091 27 7 34 9 29 3
478 1.3752682095025079 16.51971827568228 35.467325634824327 252 107 104 1.0777684775502838 20 5 21 5 36 2 29 1 41 3 30 1 52 4 59 5 76 3 70 4 65 4 72 4 63 4 60 4 75 3 74 2 64 4 78 2 67 4 48 4 69 4 62 4 37 4 39 4 31 2 38 4 23 4
479 -0.50141262777841789 16.170343142400725 33.766929747945127 109 112 112 1.3977957704483277 21 21 36 15 41 23 30 18 29 14 59 26 70 20 65 27 75 107 66 23 48 26 69 24 37 24 39 23 31 15 38 21
481 -1.301814691373524 17.241811055796958 35.674858673064541 90 94 95 1.4991510370921226 34 136 30 89 72 88 69 84 36 75 39 90
482 -1.7084749311153531 17.284930828108799 34.859679677830854 104 112 107 2.3364565297768292 34 104 36 76 27 147
483 -2.4347171981374394 18.042479701989176 34.941769767007862 105 108 112 1.7486571329638068 34 110 36 84 41 84 27 112
484 3.616533705442218 18.54255463520758 38.649708126144809 109 107 106 1.7587525757630544 20 92 36 92 76 149 59 100 75 105 78 107 67 91
485 5.6689172143953925 16.465468446563399 38.931167000175236 207 206 212 1.6965571446590635 34 77 36 93 27 84 30 81 63 105 60 35 41 87 75 133 74 110 76 34 38 61
486 -2.1742371495792132 17.605232297306905 34.474435264674945 104 111 111 2.1360107857859587 36 95 27 109 41 86 30 87 52 86 41 85 48 90 48 70
488 0.029252608550352388 16.033070378584522 35.831281421975255 74 64 54 2.3239937207674926 16 143 14 86 13 60 36 85 14 119 34 113 10 76 18 95
489 4.7489885120043747 20.113898015439386 38.554543389551469 43 51 44 0.47618342677482789 24 78 41 39
490 -2.3077069499213296 17.499033587269818 33.519632426088002 108 113 114 1.6357595055006833 24 91 41 83 25 108
491 3.1492767258557617 13.056418233917096 30.480073697480879 90 71 57 0.44597990098594203 22 61 29 37 36 52 41 55 30 36 52 40 59 58 76 43 70 42 65 43 72 39 63 39 60 38 75 55 66 44 74 28 64 41 78 35 79 58 67 61 80 57 48 54 69 41 62 43 37 47 39 45 31 43 38 41 82 47 83 55 87 83 84 57 91 63 85 68 86 55 88 60 89 75 90 59 94 71 93 62 95 71 92 65 96 81 97 85 99 107 98 91 101 127 100 103 102 125 104 150 105 160 103 83 113 143 111 152 106 157 109 152 107 148 108 153 115 134 112 119 121 123 110 114 114 112 120 106 116 106 125 90 123 116 127 108 126 101 118 95 119 113 117 95 124 83 128 98 122 96 129 89 131 98 132 88 133 89 135 96 138 76 130 108
494 4.325060767534171 19.809942590122418 38.770439315530545 94 99 99 0.94369417644773013 22 152 29 59 30 85 52 68 70 87 65 65 63 85 60 65 66 66 74 76 64 58 79 117 67 87 80 65 48 67 80 105 69 81 62 56 39 60 84 105 83 100
495 5.1778422936907313 20.987601782611534 39.071855312782453 80 89 87 2.1486976733263292 20 102 22 106 24 94 21 95 34 96 27 80 15 97 16 105 14 92 30 68 20 60 22 86 24 83 28 78 21 64 27 76 34 66 36 40 41 73 52 74 76 48 76 148 70 60 65 79 72 32 72 70 60 73 75 41 75 66 64 79 79 100 67 69 80 93 80 130 48 77 69 46 69 97 62 59 62 65 39 82 31 70 82 89 84 78 91 75 83 125 84 130 64 78 74 52 78 63 79 101 80 94 84 98
507 -1.3617578894119748 17.02836356413896 34.865786076035057 97 104 102 1.3006507295369301 19 111 52 78 15 111 37 86 72 82 69 83 48 80
529 1.3344976640018515 17.512718522809223 34.443066387097325 252 98 95 0.7852741044170779 30 4 34 28 59 8 41 8 65 9 66 9 67 9 69 12 37 8 31 5 38 8 91 15
550 0.16617925074156448 16.958228172699009 37.387528020185606 49 41 32 1.3221718169392682 20 91 76 87
553 3.6176116113914292 11.5451038316343 27.832566427939437 116 117 113 0.98881021483980081 20 34 70 3 65 3 52 3 72 3 36 1 41 2 59 4 76 2 63 3 60 3 75 2 66 3 64 3 78 1 67 3 48 3 69 3 62 3 37 3 31 1 23 27
590 5.1720182607175724 14.406529942134688 32.022221039332244 184 185 187 1.5307613691862119 52 100 72 102 66 84 74 71 78 20 79 75 29 93 30 93 67 93 37 82 31 77 31 93 30 90 95 56
594 -0.35051886290522033 16.44415648050478 35.913761941839923 38 32 23 2.3467801382922677 27 123 63 89 60 66 34 112 29 53 10 89 36 87 41 61 25 112 67 92 65 88 62 73 39 84
596 2.6794202800809082 11.73359212461102 30.832090522711741 101 99 95 0.48590677303998792 30 27 72 56 76 24 75 25 29 21 41 32 74 20 78 47 79 47 80 51 37 39 31 27 38 35 82 60 83 45 87 45 84 42 91 98 85 41 85 62 86 48 86 68 88 68 89 57 90 40 94 75 93 57 95 77 92 64 96 71 96 90 97 91
597 3.1557583499798358 11.729876990944248 30.989929294084384 115 123 131 0.64646800165013041 30 20 65 37 70 31 72 21 76 23 75 26 59 31 29 19 36 26 41 41 52 24 60 23 63 29 66 29 74 19 64 24 79 54 67 26 80 31 48 36 69 28 62 23 37 36 39 32 31 23 38 33 82 68 83 49 87 78 84 54 91 46 85 56 88 57 89 43 94 56 93 40 95 47 92 48 96 74 100 91 97 66 99 78 98 58 101 114 102 105 103 121
599 2.8441973578220283 12.152864611068184 30.768937126400079 254 255 250 0.2813996327940691 30 45 65 51 70 51 72 49 76 52 75 44 59 43 29 48 36 50 41 47 52 50 60 47 63 49 66 50 74 36 64 48 78 41 79 50 67 50 80 45 48 44 69 50 62 51 37 54 39 55 31 53 38 49 82 56 83 63 87 66 84 65 91 67 85 63 86 63 88 69 89 58 90 62 94 76 93 73 95 87 92 68 96 79 100 97 97 80 99 100 98 89 101 143 102 146 103 146 129 98 132 94 133 98 135 91 138 99 130 91
603 2.7319373527665398 12.800656713173892 30.302388871678843 252 247 227 1.1180654933279484 30 77 65 74 70 83 72 72 76 141 75 81 59 78 29 92 36 94 41 94 52 95 60 96 63 76 66 94 74 92 64 68 78 84 79 90 67 81 80 74 48 85 69 73 62 93 37 92 39 108 31 105 38 71 82 103 83 89 87 111 84 93 91 119 85 122 86 118 88 126 89 125 90 103 94 123 93 123 95 127 92 113 96 117 100 132 97 123 99 163 98 127 101 201 102 194 103 196 104 207 105 271 113 254 111 265 106 238 109 255 107 212 108 260 115 222 112 203 121 201 114 91 110 90 101 74 102 88 120 196 116 132 125 151 123 204 127 174 125 76 127 89 126 79 126 165 119 182 124 79 128 73 122 73 129 58 131 62 131 166 132 70 132 174 133 74 135 77 135 158 138 73 118 83 120 92 123 115 119 103 130 67
605 2.2653307815798116 13.62935645877433 30.168423543741177 150 144 139 0.65339738501018085 72 78 76 146 75 86 59 99 29 97 52 76 63 60 74 99 78 122 67 107 48 83 39 57 31 78 82 95 83 108 84 115 85 97
608 3.5857539661036055 12.035180198578857 30.712592216677983 162 156 149 0.47517902756345709 70 98 76 70 75 120 59 95 60 90 63 96 78 80 79 85 80 72 48 88 41 118 36 73 38 98 82 82 83 75 87 118 84 131 91 129 85 113 86 107 88 117 89 108 90 106 94 128
611 2.9102398598746246 12.871547527553318 30.521009153978607 153 118 93 0.64311840077897686 65 42 70 41 72 54 76 42 75 54 59 57 29 34 36 48 41 56 52 39 60 36 63 37 30 53 65 75 70 77 72 73 76 144 75 82 59 79 41 93 52 82 60 74 63 90 66 59 66 98 74 45 74 106 64 39 64 70 78 51 78 85 79 57 79 92 67 59 67 82 80 55 80 76 48 53 48 84 69 40 69 90 62 44 62 92 37 46 37 91 39 44 39 73 31 42 31 73 38 40 38 73 82 45 82 85 83 91 87 81 87 110 84 95 91 62 91 118 85 74 85 107 86 54 86 101 88 59 88 112 89 74 89 103 90 57 90 102 94 69 93 61 95 70 95 125 92 81 96 69 100 63 97 82 99 91 101 96 102 112 103 119 105 128 105 200 113 142 113 167 111 150 111 263 106 155 109 148 107 145 107 255 108 150 115 133 115 213 112 204 121 192 110 172 114 162 120 148 116 168 125 106 125 138 123 188 127 125 127 162 127 107 126 156 126 173 118 147 119 176 117 150 124 154 128 153 122 148 129 87 131 94 131 152 131 167 132 109 132 160 132 175 133 103 133 156 133 169 135 94 135 142 135 166 138 104 138 157 138 162 130 105
616 -2.6860278746373023 18.384274581499319 34.177141968404165 111 113 115 1.4909143039757482 20 124 74 49 21 109 20 94 19 96
617 0.53595185099865306 11.248496871846102 23.325405103598278 33 25 19 1.0264333260071932 20 108 60 82 59 82 62 82 64 73
619 3.4140712789093817 12.236543603530876 30.72694579196175 154 148 146 0.3699906446859525 30 88 59 76 63 98 65 103 70 99 72 98 64 76 29 87 41 102 52 94 60 92 66 75 76 117 78 52 79 86 67 102 80 73 48 82 69 72 62 95 37 75 39 105 31 98 83 84 86 106 88 86
620 2.8193969627758912 11.553588849519098 30.952197708377891 136 133 133 0.44908189500849788 30 72 63 95 65 97 70 95 72 97 64 81 29 78 36 70 41 119 52 91 60 83 66 93 74 86 76 114 78 79 79 137 67 100 48 87 69 71 62 75 37 72 38 88 82 81 83 123 87 120 84 129 91 132 85 115 86 108 88 121 89 116 90 94 94 113 93 141 95 152 92 119 97 138 99 144 98 142
621 1.679806345468069 16.151773355066499 29.420604582648821 109 106 100 1.1716434112356373 72 1 76 1 78 0 30 0 59 1 74 1 75 1 36 0 41 1 52 1 60 1 63 1 64 1 65 1 66 1 70 1 29 0 67 1 80 2 48 1 79 1 69 1 62 1 37 1 39 1 31 0 38 1 82 5 83 2 87 5 84 2 85 3 86 4 88 4 90 3
622 1.1700869033314594 11.053133180393726 30.983665311569276 254 255 249 0.43771189346504075 72 6 74 3 76 4 78 5 30 2 59 6 75 6 60 5 29 2 36 3 41 4 52 5 63 5 64 6 65 5 66 4 70 5 79 8 67 6 80 8 48 5 69 5 62 5 37 5 39 5 31 3 38 5 82 8 83 4 87 10 84 5 85 6 86 6
623 0.74693853922862286 11.022775328090583 30.437669129431782 88 86 76 1.5473548546015834 72 8 74 5 76 8 78 8 30 7 59 12 75 8 60 9 36 6 41 10 52 9 63 9 64 8 65 14 66 11 70 9 79 12 67 13 80 12 48 12 69 13 62 9 37 15 82 9 83 6 87 13 84 6 85 7 86 10 94 12 92 15 93 15 96 32 97 33 113 66 112 26 118 44 125 44 124 37 122 37 128 28 114 78 120 51 122 64 117 64 110 53 116 55 124 98 128 80 119 49 123 67
624 1.5358368258088486 10.613597568611059 30.565276828817321 96 94 89 1.8920381057323781 72 13 78 15 41 13 52 14 59 19 60 14 64 13 65 19 66 16 70 14 74 8 76 20 79 24 67 18 80 17 48 17 62 14 37 19 38 15 82 23 83 15 83 29 91 30 89 26 90 23 94 14 93 31 95 19 96 21 84 37 100 22 99 19 98 19 104 49 113 26 107 33 108 38 115 60 121 22 118 16 114 16 113 63 110 30 121 43 123 33 116 30 119 30 117 48
627 2.4410897230845316 12.505032338798738 30.632747109464066 250 213 198 0.23967455528642315 72 30 74 26 76 16 78 24 30 24 59 40 75 32 60 33 29 26 36 32 41 30 52 26 63 33 64 31 65 35 66 38 70 25 79 34 67 31 80 25 48 37 69 30 62 32 37 28 39 30 31 25 38 32 82 33 83 32 87 37 84 30 91 43 85 36 86 29 88 39 90 37 94 38 93 38 95 40 92 33 96 54 100 45 97 57 99 61 98 47 101 71 102 90
628 1.8124411681730948 11.291288932609971 30.88146929777718 252 111 108 0.52732978226967342 72 24 74 17 76 17 78 25 30 19 59 33 75 22 60 27 29 18 36 22 41 28 52 30 63 27 64 26 65 38 66 36 70 30 79 30 67 37 80 32 48 32 69 32 62 24 37 31 39 25 31 22 38 24 82 30 83 42 87 50 84 33 85 44 86 31 88 35 89 37 90 34
630 1.4168711219387262 11.152369051984225 31.183081169413061 254 255 249 0.70671044711639985 72 33 74 39 76 37 78 45 30 50 59 52 75 37 60 53 29 31 36 38 41 45 52 36 63 55 64 51 65 57 66 54 70 55 79 48 67 56 80 41 48 39 69 53 62 46 37 42 39 36 31 39 38 34 82 63 83 47 87 60 84 51 91 56 85 57 86 51 88 74 89 56 90 50 94 60 93 59 92 99 99 95 100 76 101 109 103 123 102 118 105 133 104 119 113 121 111 128 106 127 109 134 107 124 108 136 115 116 120 76 127 101 126 94 118 76 129 81 131 87 132 86 133 86 135 83 138 86 123 76 130 89
631 1.1285653338124413 11.559486983133473 30.978060343969247 61 51 39 0.58128383361910507 72 35 74 40 76 58 78 46 30 51 59 53 75 50 60 54 29 27 36 35 41 59 52 37 64 35 66 56 70 57 67 57 79 83 80 50 48 51 69 55 37 43 39 34 31 34 38 53 82 67 83 48 87 77 84 53 91 58 85 70 86 69 88 76 89 69 90 52 94 65 95 84 92 75 97 89 100 90 105 148 104 155 106 147 127 123 135 90 133 96 138 98
632 1.2252391221570762 11.574962318372217 30.850763194113803 250 105 103 0.23640832908614937 72 94 74 107 76 138 78 53 75 72 60 70 63 69 65 70 70 96 79 69 80 124 62 88 82 72 83 118 87 130 84 126
635 1.2243085862690237 11.577009296823917 30.858839043748105 250 105 103 0.25228296446709297 72 86 74 82 76 111 78 68 75 64 60 60 63 65 65 63 70 79 79 82 80 89 62 81 82 76 83 97 87 106 84 102 86 99
638 1.1282477303470344 10.445667583020597 30.639321803873294 203 170 159 1.7777178578429085 72 83 74 83 78 89 75 98 52 83 63 91 64 77 66 96 70 90 67 86 69 92 62 78 80 128 37 94 38 102 82 114 83 117 87 129 91 95 85 85 86 86 88 122 90 111 94 100 96 142 99 134 98 118 102 166 111 137 106 145 104 116 105 142 100 85 109 119 109 189 107 132 108 125 108 174 125 131 118 145 121 151 126 140 110 188 122 106 124 129 128 129 119 198 99 94 96 84 97 87 123 219
640 1.6795604137258535 13.03959885945576 28.658525736377744 252 117 109 0.66743600832543748 63 0 79 0 60 0 64 0 66 0 72 0 52 0 59 0 65 0 70 0 76 0 67 0 48 0 69 0 62 0 37 0 39 0 38 0
644 1.0872982412769234 18.15644714239124 35.943575713590455 103 103 102 1.0861750493147451 16 24 79 22
645 -2.9055001446967292 21.181248319940973 38.472907746775697 124 130 124 0.12053469167878959 16 65 79 28
646 2.7453801331014001 11.445782772269183 31.052453561139806 98 102 99 0.78560695355834997 74 18 79 35 80 33 82 36 83 41 87 75 84 49 85 55 86 40 88 58 90 49 95 39 113 211 100 88 103 209 104 173 105 252 99 80 101 133 102 138 103 114 97 40 111 272 106 282 109 251 107 243 108 235 115 235 121 181 120 75 105 146 106 108 107 134 108 124 109 104 121 116 118 75 119 189 128 163 124 180 125 86 127 64 126 62 132 71 116 192 123 221
648 1.4143445970722075 11.159846102992162 31.205043944341483 254 255 249 0.59981565069673037 30 43 63 47 72 47 74 34 79 49 75 38 76 38 29 46 41 42 66 48 70 49 67 48 48 40 69 48 31 51 82 52 83 60 87 59 84 63 91 57 85 54 86 50 88 67 89 55 90 51 94 62 93 58 92 105 99 93 100 75 101 110 103 122 105 126 104 118 102 117 113 122 111 131 106 126 109 133 107 123 108 135 115 117 127 100 126 93 129 80 131 89 132 85 133 85 135 89 138 97 130 90
649 2.0173547196705957 10.967358839133439 31.035949251775428 80 77 73 0.79144251275499011 30 54 63 35 72 25 79 53 29 30 30 26 36 24 41 49 52 55 59 41 60 26 64 33 65 39 66 41 70 35 74 16 75 34 76 56 74 84 75 99 67 40 80 49 48 31 69 31 62 27 37 40 37 58 31 38 39 26 38 25 87 51 84 34 91 112 88 56 89 67
651 1.0179175248077388 12.21042687705668 30.568489448893569 141 138 132 0.18281264157619573 63 70 79 68
653 1.0179175248077388 12.21042687705668 30.568489448893569 141 138 132 0.18281264157619573 63 58 79 73
654 1.5518285188924739 11.19674033808929 30.91066363178 232 205 191 0.31836615327095741 74 64 78 73 79 78 76 77 60 69 75 74 65 69 70 72 64 66 66 65 67 74 36 54 41 74 80 68 48 66 69 69 62 66 37 68 39 68 31 65 29 61 83 80 84 86
655 3.0715373712976577 12.905273008365723 30.438293923076145 215 154 120 0.56318006405529386 63 71 79 93 66 71 80 77 69 68 82 86 83 119 87 109 84 96 52 69 85 106 86 92 90 101 94 105 109 208 111 197 113 175 103 167 106 236 107 205 108 220 115 169 112 166 121 163 110 150 114 142 116 147 123 150 119 144 117 133
656 2.3526540281783013 13.253404812137195 30.380101283512484 157 153 147 0.32637751493666217 74 101 79 95 60 84 75 84 80 80 82 96
659 -2.9820901109143656 20.945810097147245 38.316235946465476 57 61 55 1.7705379837522444 16 64 79 109 80 126
660 5.3987180425682224 19.912749598658085 35.448645780473427 92 102 101 2.4268517857623961 16 73 79 110 80 62
662 2.3513471971052105 13.171587422389036 30.158622802495447 157 153 147 0.23480507216702878 72 76 74 112 79 127 60 76 75 115 41 91 59 85 65 77 70 78 67 84 80 116 69 99 62 62 37 88 39 76
674 5.2253134505131467 13.765024569728748 32.611039282640107 163 163 173 1.2520824537610755 76 140 80 56 74 55 82 43 83 54 87 34 78 72 85 18 86 21 79 27
675 2.9543325218241971 11.642788506019391 31.192578295533089 141 146 151 1.5870512194447433 76 57 79 136 80 61 30 33 59 36 67 33 72 34 75 27 65 58 70 56 29 32 36 25 41 31 52 27 60 28 63 28 64 52 66 55 48 50 69 54 62 48 37 44 39 52 31 26 82 66 38 31 87 76 84 52 91 71 89 89 90 69 94 64 92 74 96 87 104 153 105 89 113 76 111 89 106 75 109 87 108 94 115 67 112 83 125 145 120 102 127 83 126 75 124 62 128 78 124 157 122 92 122 154 129 73 131 76 132 84 121 86 130 79 114 92 117 87 110 91
676 0.93763332800064447 10.70830421538548 30.719929859695366 215 170 158 0.73907878768085644 76 112 80 70 75 33 78 29 79 38 80 36 87 47 84 48 88 52
679 0.93694729578416547 10.706303899922407 30.716573377406228 215 170 158 0.62236744764598106 76 125 80 110 75 35 78 27 79 43 80 37 82 35 83 33 87 53 84 35 85 42 86 38 88 40
680 1.8235056810211172 15.2466956961792 28.85735256133318 103 80 73 0.88920604801473846 52 25 72 23 80 28 48 29 79 40 36 21 59 29 60 25 63 25 64 20 65 29 66 28 67 27 70 23 76 124 69 29 62 26 37 29 83 16 84 13 89 21 90 20 86 14 88 17 85 14 82 13 87 17
684 2.7364296796597567 12.89792979077057 30.600495242915112 252 250 229 0.25356265642578724 59 88 64 93 65 104 66 90 80 112 62 85 79 123 69 100 52 92 70 97 37 96 39 92 36 89 31 106 82 116 83 111 87 141 84 119 85 123 86 119 89 115 90 117 94 137 95 141 92 131
685 4.9817284062909861 18.693879984685417 34.00092763216302 40 49 42 2.3263243943695624 22 73 38 30 28 61 25 84
688 4.8297253540434042 13.632907105071725 30.410180661545304 167 172 174 0.91985298799866189 67 77 59 96 62 87 65 78 70 64 72 77 37 93 52 105 84 38 82 42
691 1.844456339015677 15.457430537424953 31.357444174853487 249 82 76 1.3329538314451765 76 142 82 88 83 105 84 111 85 92 86 83 86 94 88 47 90 98
693 2.9194780858816207 11.970456319745875 31.254423858576082 139 141 148 1.1176330058179254 80 21 82 21 79 25 78 17 83 14 87 27 84 20 91 25 85 21 86 25 88 24 89 27 90 25 94 35 93 29 95 28 92 25 96 33 100 41 97 34 99 37 98 39 101 62 102 55 103 56 123 59 116 38 119 62 120 52 118 45 125 55 128 50
694 2.4334113834150046 12.479932275148213 30.538066601413757 245 207 197 0.50276843993474785 80 26 82 34 79 33 83 28 87 38 84 31 91 44 85 37 86 30 88 34 89 36 90 36 94 41 93 33 95 41 92 38 96 44 100 43 97 41 99 49 98 49 101 79 102 81 103 81 104 79 125 59 127 71 126 63 129 66 131 64 132 62 133 66 135 70 138 53 130 68
695 2.6908642594830057 11.773949824851385 30.95745293648158 99 97 97 0.51247532988411659 80 43 82 49 83 46 87 49 84 46 91 83 85 40 85 69 86 45 86 60 88 77 89 70 90 42 94 66 93 56 95 85 92 63 96 60 96 77 100 74 97 90 99 97 98 73 102 141 101 112 103 143 105 130 113 132 111 142 106 149 109 140 107 128 108 140 112 164 121 92 120 119 118 119 119 141 124 94 128 109 122 105 116 142
696 3.7453511438920799 12.12335341474857 30.691325646829942 118 119 121 1.5032917287949272 72 15 74 10 78 16 30 15 60 15 75 18 29 11 36 13 41 17 52 16 59 22 63 19 64 16 65 21 66 22 70 16 67 23 79 13 48 21 69 19 62 15 37 22 31 16 38 17 78 32 79 46 76 13 80 52 83 52 87 117 91 18 86 73 82 70 88 79 89 92 90 10 94 33 93 28 92 23 92 55 86 8 85 9 98 74 100 49 101 142 102 176 106 285
697 2.9963703130651118 13.09359935266934 30.520274892698616 250 250 239 0.56679379472998481 25 40 20 39 23 40 22 48 24 52 28 41 21 27 19 39 18 36 15 34 16 34 17 30 14 27 8 38 10 35 4 35 80 29 30 37 63 40 72 40 79 44 29 39 36 39 41 44 52 41 59 59 60 39 64 32 65 44 66 43 70 38 75 56 67 41 48 55 69 38 62 42 39 35 31 44 82 38 83 43 87 41 84 40 91 55 85 39 86 34 88 44 89 53 90 45 94 44 93 44 95 67 92 57 96 39 100 44 97 50 99 63 98 53 101 83 102 87 103 82 105 95 104 65 113 88 111 100 106 79 109 96 107 97 108 102 115 93 112 71 121 63 110 88 114 89 116 88 123 100 118 84 119 87 117 72 124 89
698 4.7804380638504442 20.430591350994813 38.661154741365621 102 110 109 1.9972558156147953 76 64 82 104 79 114 17 73 14 95 23 95 21 107 19 91 18 80 15 64 17 66 13 89 8 90 10 102 4 85 9 94 11 127 6 128 36 82 41 113 52 47 72 58 29 45 30 42 36 41 76 65 75 94 74 68 64 64 67 46 67 103 62 36 39 51 31 79 38 47 84 72 91 128
699 3.6328922797941212 12.492999066135376 30.736342327479708 120 120 119 1.6791762324171717 79 3 82 7 80 5 83 3 87 6 84 3 85 5 88 5 86 5 89 3 90 5 91 3
700 4.7345899355481231 13.178528622751287 31.752080994759112 141 142 148 1.8249249493725312 69 77 83 36 30 74 78 50 30 82 72 57 36 86 62 94 64 59 76 137 74 15 31 100 41 99 80 54 82 24 91 52 86 103 94 42 93 36 93 99
701 3.0682796143923725 11.87220709964344 30.724078351576999 119 126 138 0.47781340601414857 79 71 82 54 83 51 87 79 91 59 85 72 86 72 88 78 89 72 75 114 90 54 94 67 93 81 95 86 92 77 96 78 100 95 97 78 99 99 98 87 101 141 102 144 103 118 132 93 133 97 135 130 138 93
702 1.7963878101044184 14.57083913714494 29.522323060511415 255 131 115 0.78429225457052576 79 128 82 93 83 68 87 131 86 93
703 1.9689953429090541 14.03824100022252 30.625815590716428 254 125 112 0.51192531857569346 74 114 82 94 83 73 86 100 90 99
705 2.5019614311129632 12.551131066886391 30.432513734074135 231 210 199 0.22682385503775065 74 81 83 98 30 75 60 93 72 99 75 124 76 139 59 77 67 83 70 82 29 89 37 77 38 100 41 98 48 92 62 84 63 101 64 94 84 87
706 1.5685799457547014 15.580130889973463 29.550187501773959 251 119 107 2.037772929890119 69 79 79 129 83 114 63 93 60 79 65 94 64 90 70 85 87 128 84 123 75 21 30 22 65 30 67 29 70 24 64 22 36 17 37 27 48 20 63 24 91 42 85 34 88 130 88 21 39 17 30 13 29 17 31 20 60 20 63 17 96 67 98 78 99 140 97 95 101 152 92 58 94 112 95 159 113 152 116 57 117 166
707 1.9088669364131254 14.532746035893055 30.303368298032215 251 127 113 2.2696076548769635 79 52 83 81 84 112 80 48 88 93 84 58
711 0.8581326573215452 10.720750674616701 31.34678818726044 191 148 136 1.4212975031059001 83 67 87 73 82 62 84 68 88 72 89 83 90 61 76 55 75 42 98 109 121 142
715 2.7531214579168637 12.130743526455655 30.06465950760338 126 120 123 0.77591782117607289 83 85 87 115 84 101 91 100 76 118 85 111 86 105
716 0.99977954367677835 12.723093183264707 30.707538817259991 141 137 135 0.52113152374853755 79 121 87 123 78 83 85 121 84 117 88 139 90 115 95 107 92 114 96 135 36 74 41 95 98 129 100 138 101 206 111 267 107 214 108 262 110 189 112 198 114 169
720 0.82875424212126247 11.658607149308532 30.718844204925649 87 83 75 0.80837909584291079 75 52 84 55 30 28 76 60 29 22 31 32 36 27 38 36 39 41 41 33 85 71 88 41 89 71 95 62 97 65 98 85 105 129 103 144 102 142
722 0.93633735190808498 12.818552446294399 30.222384483567001 87 78 70 1.3259656076245807 87 19 91 7 85 13 88 14 89 9 89 19 90 9 90 18 93 19
723 1.2022697820098469 11.016708383373601 30.848633104740774 254 255 247 1.2528262391303258 87 11 91 8 88 10 89 8 90 8 94 9 93 11 95 12 92 10 96 9 97 9 99 18 98 12 113 11 111 20 115 14 112 17 121 24 120 23 125 16 127 15 126 15 118 14 124 20 128 20 122 18 129 19 131 25 132 18 133 26 135 29 138 24 110 18 117 36 114 24 119 38 116 33 130 23 123 36
724 4.4324442910049049 13.21245528072718 30.666379131286906 165 165 167 1.103684931871862 87 42 91 20 88 55 89 22
725 2.7561643928781074 12.585112748826184 30.602820658309902 110 109 111 0.64557374946253254 82 12 84 7 87 15 91 22 85 12 86 17 88 13 89 17 90 17 94 17 93 16 95 23 92 18 96 25 100 28 97 22 99 26 98 24 101 34 102 47 103 43 104 48 105 53 113 44 111 37 106 39 109 43 107 42 108 40 115 49 112 42 121 35 110 36 114 38 120 29 116 34 123 35 127 26 126 30 119 37 117 32 131 34 129 31 132 26 130 33
726 4.3944066567828219 13.064942322140991 30.293174164882398 165 165 167 0.89931465768049268 91 24 89 24
727 0.59204624720933741 10.539638063743187 30.327276134684617 254 254 254 0.706309891055104 87 22 91 39 94 63 93 49
730 5.0035284105846776 13.4893428441578 30.756812021500956 146 148 153 1.5421468987373779 80 35 83 22 84 26 39 47 30 39 36 44 38 43 41 52 29 41 31 46 75 58 65 46 70 44 66 52 67 52 52 43 59 61 60 49 62 54 63 51 69 51 72 52 48 46 64 49 93 75
731 4.3749571632581095 13.371324195351757 30.104027749220805 143 143 146 1.4750019262929415 38 18 63 21 69 22 87 9 60 17 65 24 66 21 67 22 72 14 30 16 62 21 64 14 41 19 36 20 48 23 37 21 70 15 59 75 29 12 31 17 52 18 75 17 91 48 67 70 72 62 31 62 36 58 38 74 39 77 41 67 65 72 75 85 89 46 64 71 37 83 39 21
732 1.2264280516206569 10.499437273429058 31.0922670812215 208 171 151 1.2060503721710607 82 112 91 82 86 82 94 83 93 87 97 101 101 157 100 118 102 165 103 178 104 196 105 255 113 243 111 246 106 262 109 227 107 256 108 194 108 233 93 120 107 182 111 215 94 150 115 155 112 153 127 138 129 131 132 195 131 181 133 150 135 168 130 175
733 2.9508631255298265 12.713838837167618 30.84922919608784 106 108 112 0.70619797846909216 82 83 87 114 91 90 85 76 88 89 89 106 90 80 94 124 93 124 96 124 100 139 98 130 102 185 104 169 111 193 106 278 109 207 107 203 108 147 115 168 121 161 110 148 114 149 120 193 125 141 123 149 119 143 117 137 124 114 122 175 129 155 131 155 135 145 138 181 130 158
734 1.2068840908100005 10.486104919556631 30.994788682558667 208 171 151 0.25838537729041255 82 99 91 96 86 112 94 86 93 85
735 0.52507365163398767 10.842616718135588 30.487285919098699 189 184 177 1.9885279110462528 87 7 91 97 88 8 89 7 90 7 94 133 93 138
739 2.7890436478020058 12.071503130123004 30.773240267126372 96 65 60 0.20729471177550193 37 74 64 92 65 102 74 87 78 81 87 116 91 130 85 112
740 4.6663401742076616 13.445766711540282 31.837461684792135 135 134 138 1.1931431667725838 87 82 91 136 88 100
741 4.8834042370094286 13.664069306336451 32.04607825550589 147 148 153 1.5352926463416312 52 17 60 16 63 13 64 15 65 23 69 21 91 9 66 17 67 20 72 16 62 22 75 9 59 23 48 22 29 5 30 8 94 11 93 12 39 14 38 11
745 3.014683766586908 15.339973813016391 32.395175016340033 94 92 87 1.5977150823737964 82 3 84 1 87 2 85 2 83 1 86 3 88 1 89 1 90 1 94 1 93 1 79 2
746 4.9103740209663913 13.668509877751957 30.298534550425988 142 146 147 1.5584948939443375 91 12 85 8 86 12 89 13
747 1.0063646175811138 12.256737618138391 30.703443967664914 148 144 140 0.24336149324549455 70 68 85 80
749 0.99963661420832539 12.786742081232806 30.900793302022549 141 138 135 0.70032308522857067 84 132 87 113 85 110 88 115 90 105 95 101 79 88 78 110 92 130 127 165 126 130 130 104 128 154 129 86 131 93 132 107
752 3.9159928315128907 20.580625651396783 38.625863299273625 130 130 125 0.47685625144425858 76 29 82 58 75 30 70 29 85 65 25 51 23 66 22 54 28 50 21 53 19 47 27 44 15 40 16 49 17 48 14 37 36 31 41 37 87 71 86 66
753 2.7616459225707573 11.333536870310898 30.01264927251799 122 123 124 2.4124519423378885 75 102 82 102 84 133 85 120 74 41 75 51 76 59 69 62 65 67 62 47 87 122 78 109 86 117 89 112 74 98 90 110 52 102 29 58 66 88 101 137 100 93 102 140 103 141 104 121
756 2.4892990159737778 11.28417090617665 30.492349748642017 95 96 92 1.2011768382572858 78 4 86 7 79 9 80 9 96 10 100 19 97 10 99 15 98 13 101 16 102 18 103 30 104 27 105 28 113 15 111 18 106 14 109 19 107 20 108 18 115 16 121 13 112 23 110 19 114 17 120 13 118 15 119 22 117 19 124 21 124 42 128 17 122 19 123 23 116 20
759 1.5526031031258927 15.379667490932002 29.087258961019501 250 116 111 1.8979284287706888 79 119 83 102 87 140 86 23 85 29 91 41 84 106 87 24 88 22 88 108 91 33 94 140 95 161 97 112 92 56
761 3.1389252573830033 13.203176435697721 30.80552884415896 107 82 66 0.20902985284620967 80 79 87 107 88 107 86 129
762 0.11466280302522558 11.096056569647295 27.896424630847967 92 91 82 1.4730312620487831 88 0 89 0 87 0 90 0 94 0 93 0
765 0.49830468077268786 10.835844360683605 30.381790403314607 89 90 81 2.178491062474003 88 9 89 6 87 8 90 6 95 45 98 9 100 9 113 6 111 6 108 5
767 4.913715354596933 13.635960144072568 30.154069890337961 189 191 192 1.6517904350344299 91 14 89 14
769 4.1734147044898489 13.741655958008636 32.53064093424328 125 125 121 1.5064899951680233 89 20 78 12 94 18 93 17 113 68
771 2.755016679982659 12.58665723266809 30.606268042736268 117 115 114 0.57536514038456998 91 23 89 23 90 21 94 24 93 24 95 24 92 20 96 29 97 28 105 64 113 46 111 52 106 55 109 52 107 48 108 51 115 33 112 33 121 41 110 33 114 26 120 17 116 25 125 25 123 26 127 27 126 34 118 28 119 32 117 27 124 35 128 24 122 25 131 31 129 29
774 1.8177057566623653 11.356569956505373 31.0543293453239 253 109 102 0.85816120367782134 91 31 89 38 39 18 41 27 94 21 93 30 92 22 96 58 98 46 102 75 104 80 113 67 111 66 109 73 107 78 108 92 115 83 112 90 121 83 127 62 126 59 129 65 131 48 132 52 133 68 130 56
778 0.24034179899776986 9.778482978763261 27.531504757793087 113 110 103 0.98922365743553764 88 48 89 52 87 54 90 43 94 52 93 45 92 43
782 0.48627703388612209 9.87906507720386 27.788529035029903 192 184 174 1.0630917292478554 88 91 89 86 90 81 87 89 94 147 93 128
783 0.25700387204200037 9.9975929404273227 27.719035832209446 97 94 88 1.0739777752375657 88 73 89 90 87 74 90 63 94 91 93 114 92 100
791 1.6247480949203408 10.925576279149352 31.330570511034662 103 104 98 1.0498887887294981 87 12 89 10 90 11 92 14 97 21 101 30 105 42 102 36 103 40 78 7 76 7 111 34 106 27 109 31 112 34 128 19
802 2.3554671168582924 12.863522029528584 30.448073563713507 154 150 147 0.30614568613019394 87 35 88 29 90 30 96 49 92 29 97 42 99 51 101 81 102 92 104 78 125 60 127 72 126 74 129 63 131 69 132 65 133 60 138 58 130 60
805 2.897871661698503 12.195468887217668 30.66331155762094 118 113 114 0.088741042514805302 88 141 90 128 93 153
806 0.41982273918213009 10.472085616796049 29.791386455602506 188 184 178 1.9238154385125206 91 76 94 145 93 137 92 135 95 139
809 3.5793999831086514 12.591695928513646 31.321547019442146 122 122 124 0.80583364544788416 91 5 94 4 93 5 92 5
811 0.70910370079525553 10.923170853075371 30.300684258185576 99 102 101 0.73672359703948032 91 11 94 13 92 19 93 14
813 1.5340730083153118 15.640419057635787 29.918110390493883 252 102 100 1.3660126478593804 91 27 94 26 95 29 92 31
814 4.6202795101156173 14.120704151081426 31.478339695516848 213 213 218 3.8006878696528994 91 21 94 31
816 0.43054111535105888 10.438991614477359 29.981996962678114 141 133 130 0.58885511637202503 91 40 94 48 93 48
818 2.6842131677646308 13.300627243147517 30.480635671165832 139 128 119 1.0400384396165401 91 69 94 79 93 78 95 73 97 76 99 158 101 113 98 81 102 127 103 125 106 135 109 176 107 168 108 177 120 62 116 93 125 91 127 91 126 81 118 72 119 86 129 69 131 60 135 59 138 69 130 72
823 2.4451097882966177 14.138006863867396 30.618492545428893 61 49 46 0.87618935485740224 78 55 94 117 76 45 91 36
825 4.6947791422060181 12.548171899404464 29.383838627020257 175 175 180 3.0798175365776022 29 84 94 122
826 4.2606980369481393 12.363889935946094 29.93702151690038 155 155 158 2.1221325145050156 78 18 90 56 94 126 76 32 93 83 113 138 111 74 109 42 107 43 108 39 115 53 106 38 105 56
827 1.0374645449761859 11.353454515772187 31.119545947175684 254 253 201 0.94750041755835535 78 39 94 134 93 130 89 111 92 127 97 129 31 50 105 241 113 226 104 157 105 132 111 239 106 125 106 244 111 130 109 171 109 229 107 257 108 236 125 87 114 170 110 164
828 -0.91024585389504464 11.483658943237025 30.005258199308511 126 118 109 1.3279699632784989 91 85 94 135 93 147
831 2.7355211401565924 13.298496725723735 30.583922656049406 139 129 120 0.27822908569211685 91 116 94 153 93 121 95 121
833 -0.1181046537942595 10.373070856530576 27.827110493694182 101 101 95 0.96497786621555326 91 77 95 153
834 4.6133900391685003 13.737473050688862 31.404011057173467 170 169 172 3.0924500386292033 91 115 94 97
839 4.7441502989457405 14.38847567942932 29.720987247069107 134 135 137 1.353001449420467 88 2 94 10 87 3 93 13
848 3.1887209993087029 14.786694932534552 29.646630893030764 61 65 65 0.91708366896966531 59 27 93 43 60 19 62 19 67 19 72 18 29 15 48 27 52 21 63 23 69 18 60 13
850 4.8725787291478078 13.096164712950234 31.021455733426649 146 145 146 0.61804119432543903 59 87 93 54 60 87 63 102 66 97
851 -0.24860377696048652 10.986924801138173 31.171812474832269 252 232 212 0.47231443136538143 91 79 93 55
864 0.98282006307375014 10.624073806476346 31.09620214865069 214 155 130 0.55778359129878541 88 125 94 131 93 126 85 119
867 2.2956224005320771 12.838957534341414 29.481102730386613 138 140 138 2.3117017910723257 82 98 94 120 93 144
870 2.9842083850287704 11.926820878082452 30.942175314692257 144 153 158 0.28623157183972103 82 77 93 152 83 124 86 71 87 63 90 78 100 114 99 108 101 168
883 1.4889355818731267 11.46147125281434 31.075662492960046 244 86 86 1.3566498123760573 79 135 95 93 78 77 97 139 31 66 105 218 115 192 121 148 120 118 128 107 112 188 122 103 129 105 131 117 138 123
885 1.5182693538928271 11.436563369112505 31.041545761387216 244 86 86 0.33054674992728422 79 120 95 113 78 87
888 3.003709434330514 13.204566468506846 30.370145419889266 101 96 93 0.27707225465539503 87 127 95 122 92 134
893 1.0390025001127934 13.483930607605124 29.274399194462909 105 84 77 2.1218677396060759 91 93 95 157
895 1.4196676621842474 17.147735337928609 30.979206190543877 107 107 105 2.0976457094414207 94 2 95 1 93 2 92 2 96 1 91 2
899 -0.63037621917205966 0.35037735562582584 0.26401789718292268 116 106 99 0.79638250554319079 92 46 96 59 100 89 98 75 101 134 102 139 103 138 104 151 105 144 95 48 94 54 113 100 111 135 106 146 109 169 107 163 108 173
900 -0.63041571272396957 0.35394223104953193 0.27381483775362658 116 106 99 0.4937888321487553 92 60 96 72 100 109 98 76 101 147 102 147 103 151 104 156 105 182 95 49 94 46 106 131 109 170 111 174 107 130 108 137
904 -0.62917578725480472 0.35203244491897445 0.26296139933300999 134 121 115 0.31799219973962523 94 85 95 132 96 94 93 86 100 151 97 137 99 151 98 152 102 205 92 96
913 4.5234549642631565 12.569287026018079 28.424650088942872 0 0 0 1.4547704588539956 85 48 93 20 94 19
919 -1.1807450201488625 11.23033794819149 29.372902964474775 0 0 0 2.077741597564188 91 53 93 39
923 -1.1807450201488625 11.23033794819149 29.372902964474775 0 0 0 2.077741597564188 91 49 93 52
935 -0.63716751208636024 0.29341068639227541 0.089067307344703139 55 57 63 0.40997247549983701 95 97 96 127 100 145 97 133 99 168 98 135 101 182 103 190 92 109
938 4.9069964871644745 12.966618366188326 30.1445015297029 145 145 145 1.7822790231636778 93 25 94 28 95 36 91 32 89 28 103 158 106 210 111 98 109 71 102 60 107 64 108 65
956 4.5810014795382905 13.02844638745702 31.391811633566657 140 144 149 0.88982252708945242 62 16 95 22 63 20 48 30 59 32 64 25 65 22 66 20 67 28 72 22 37 23 52 15 60 24 69 20 70 17 96 24 102 113 101 66 103 183
976 4.7875162033018581 13.347866637958971 30.237801884689823 179 181 190 1.9392060424884277 62 64 96 121 30 91 59 84 63 43 65 47 67 67 52 80 67 43 60 75 59 62 74 111 76 30
1003 1.2753899166227534 11.410027328642823 31.157088258113262 242 201 182 1.1716848475429269 72 80 76 110 78 75 30 57 29 51 36 78 66 72 70 61 79 62 39 71 38 56 82 71 83 71 87 87 85 81 86 110 88 137 96 133 72 91 74 85 76 113 78 76 30 71 59 94 75 100 60 80 29 77 36 69 41 120 52 90 63 94 64 80 65 96 66 92 70 91 79 134 67 98 80 71 48 81 69 70 62 76 39 96 31 86 38 82 82 80 83 120 87 96 84 128 91 127 85 116 86 109 88 138 89 110 90 93 94 149 93 150 95 151 92 122 96 129 97 117 99 126 99 153 98 154 100 129 101 205 102 209 103 207 105 269 104 191 113 209 111 255 106 259 109 223 107 223 108 229 115 193 112 176 127 172 126 166 124 151 129 129 122 151 131 174 132 176 133 149 135 164 138 163 117 145 130 173 118 152 125 146 119 191 123 198
1004 1.8093198043367367 11.3472348536641 31.070428934621201 251 110 107 0.68497981684390052 94 57 95 50 93 80 92 62 72 31 74 27 76 21 78 23 30 23 59 30 75 20 60 34 29 20 36 23 41 22 52 29 63 34 64 21 65 36 66 34 70 32 79 29 67 35 80 39 48 34 69 35 62 25 37 26 39 20 31 24 38 22 82 31 83 38 87 46 84 47 91 29 85 43 86 32 88 31 89 33 90 35 93 26 96 47
1005 1.08332029908276 10.57636927282155 31.035936115213854 203 169 157 0.89544494055992563 91 105 94 141 72 96 74 97 78 106 75 111 52 89 63 103 64 98 66 87 70 103 67 99 69 88 62 96 80 109 37 100 38 80 82 100 83 109 87 121 91 86 85 118 86 113 88 123 90 107 94 84 96 141 93 134 98 141
1006 4.5222050768934334 12.777739784278635 30.987130552650978 155 155 155 1.1428168054435648 70 63 64 57 65 64 72 59 37 61 38 39 48 61 52 59 60 59 66 69 69 61 76 121 74 90 88 33 89 44 87 55 92 79 83 86 101 156 100 83 98 133
1007 -0.63902575258235128 0.34950116426447719 0.21636206918368528 112 118 114 1.8812707067997172 96 4 100 6 95 5 97 3 99 3 98 5 101 6 102 8 103 7 105 10 111 7
1009 0.40107616211149655 10.121167820317867 28.125809823091927 135 130 128 1.8409878669434863 91 47 96 7 97 7 99 7 105 7 104 6 107 5 103 5 106 6 109 5 117 23
1012 -0.63867914106410706 0.29087309999001043 0.083263457452008249 171 126 128 0.40838428548794564 96 23 100 33 99 42 98 41 101 61 103 54 104 83 105 92 111 95 106 76 109 91 107 88 108 97
1015 -0.64112603450478489 0.28860753560384267 0.075477539849597486 252 255 251 0.61001799955965186 96 37 100 47 97 31 99 60 98 36 101 77 102 79 103 88 104 100 105 117 111 116 106 107 109 137 111 138 107 135 108 139
1016 -0.64076244979695696 0.29429242354662222 0.082406068749778738 252 255 251 0.32088911591345404 96 46 100 66 97 47 99 69 98 67 101 94 102 104 103 145 104 122 105 149 111 208 106 205 109 197 107 196 108 204
1018 -0.6388444093727772 0.28772368785303315 0.078629858946672071 63 59 62 0.6240610374528851 96 91 100 77 95 65 97 92 99 118 98 79 101 121 102 170 103 173 104 182 105 206 111 185 106 203 109 187 107 194 108 202 115 171
1019 -0.63894713518055091 0.29217650405612372 0.0835889280535691 65 69 73 0.40779360055624325 96 62 100 78 95 59 97 67 99 72 98 68 101 131 102 149 103 154
1020 -0.63896615570267046 0.29198343255147963 0.083221561084679707 65 69 73 0.30456924619993742 96 75 100 79 97 61 99 73 98 70 101 145 102 148 103 153 104 159
1024 -0.63876126744050477 0.28733492473243638 0.077435831485120676 63 59 62 0.90942440611460318 96 82 100 94 95 60 97 79 99 98 98 88 101 119 102 175 103 180 104 171 105 222 111 221 106 216 113 182 109 186 107 181 108 200 115 152 112 156
1025 -0.63900644279136232 0.29323222802491378 0.086307450463191548 65 69 73 0.3872400720576652 96 70 100 96 95 69 97 62 99 76 98 71 101 140 102 143 103 142 104 120 105 147 111 139 106 148 109 138 107 136 108 171
1029 4.6865288252361612 12.600659609172125 29.67000937894116 172 176 182 1.5927567972551733 82 75 96 80 83 87 97 81 99 85 98 37 98 100 101 128 104 202
1034 -0.588951909471922 0.29459633687788234 -0.021583679782160914 78 76 66 1.0176711268843615 97 4 99 11 98 8 101 22 96 3 102 23 103 22 104 34 105 45 113 47 111 51 106 35 109 36 107 35 108 36 115 50 112 40 121 37 110 38
1039 -0.58674300281023983 0.31230837753881757 0.016668563818688531 129 134 132 0.99021663018180095 95 26 97 44 96 52 99 53 98 51 100 55 101 101 102 109 103 71 104 142
1053 -0.57834748916578316 0.32134628195749948 0.091220969461545676 120 121 118 1.2588456556258614 95 76 97 126 96 101 99 155 92 95 102 182 104 220 113 173 111 266
1054 4.9303958113075366 13.70057888523335 32.685044810035045 216 218 226 1.2880879055275847 31 102 97 127 29 90 98 131
1055 4.8786385412537436 14.097666134083765 33.884073316244283 0 0 0 2.4644455674444576 66 58 95 58 31 101 97 130
1056 -0.63649821649969773 0.29057608846778349 0.085178975925186085 254 254 248 0.33265399384120165 95 96 97 134 99 139 98 137 102 202 92 108
1062 -0.5887524656299673 0.29512133982694344 -0.020458162843533967 77 78 67 0.99409475020052129 97 6 99 9 98 7 101 18 102 28 103 28 104 41 105 32 113 53 111 40 106 24 109 26 107 24 108 34 115 35 112 36 121 39 110 28
1065 -0.63383460103795097 0.31053639947805434 0.1429218978339567 252 255 249 1.6490157129679357 95 8 97 11 100 23 99 20 96 11 98 14 101 32 102 43 103 42 104 56 113 61 111 68 106 61 109 61 108 63 115 84 112 58
1066 -0.64112024694061898 0.2881146912188044 0.074373632449013072 252 255 249 0.52366191967697251 97 35 100 59 99 47 96 35 98 44 101 69 102 74 103 106
1067 -0.64448632002682815 0.29760339781256273 0.085278577564791957 253 255 251 0.59075284676466899 97 45 100 67 99 48 98 63 101 78 102 80 103 120 104 108 111 107 106 113 109 102 107 108 108 123
1078 4.8544678854665948 12.644006879151169 29.353309814223149 149 153 158 1.340754800383277 83 64 99 102 101 155 100 111 92 71 105 159 103 150 106 195 109 253 120 186
1088 1.0743458667608174 14.523032261532505 31.074404405024509 65 44 41 0.37518498740711703 83 107 99 165
1089 -0.63066222734907629 0.35631986812380667 0.26952859112210847 254 254 253 1.2959504604259922 97 77 100 92 94 43 95 38 93 34 96 34 97 32 99 43 99 96 98 33 102 174 105 77 92 34 107 66
1103 -0.56785937520431529 0.32002955543039424 0.06140989624407045 134 137 136 0.64975227154897985 96 36 100 39 98 43 101 87 102 64 103 68 104 69 105 97 113 89 111 77 106 82 109 99 107 91 108 73 115 92 112 70
1104 -0.58447126437985264 0.3115814354325539 0.067621587533723937 104 110 112 0.70208529357729876 92 53 96 66 100 106 101 178 102 183 98 60 99 81
1109 4.4414310137710702 13.274264715480887 30.555045085348009 0 0 0 1.3235689445884145 65 76 52 79 62 90 64 86 67 94 70 69 72 74 29 95 59 86 63 57 94 72 39 74
1112 4.783369722090316 12.883421941201046 29.397844459758751 180 187 191 1.4993659925941134 84 97 98 105 83 93
1121 -0.57064921327020035 0.31052733494853935 0.07292090484953262 157 163 163 1.1472840627839234 97 68 99 86 98 65 96 51 100 72 101 97 102 111 103 116 104 135 105 158 111 147 106 154 109 147 107 143 108 148
1131 5.1758457997473011 14.960969951495331 32.015267178566795 120 125 126 0.691206518963702 100 25 82 4
1137 -0.64604541669842752 0.27531535321383571 0.04619057973802676 254 255 249 1.2516994141781825 100 46 101 76 99 59 113 60 112 54
1138 2.5996198951706848 12.755333200229385 30.527001346660306 106 111 111 0.30488427044057753 86 27 99 50 101 80 85 27 87 28 88 27 102 83 103 79
1145 -0.56787658327892232 0.30189785975756211 0.065157555706737091 159 164 168 0.68770053211442872 98 92 99 103 100 101 101 124 102 123 92 59 96 64
1158 2.4145892236658386 13.225126649856735 30.703465277730224 117 120 123 1.2332899584050492 38 103 101 199 104 198 111 262 106 234 109 252 107 253 112 205 125 159 127 137 126 134 129 106 131 133 132 125 133 122 135 118 138 135 130 131
1162 -0.63744401323986977 0.28472125653770464 0.073158582784720871 254 254 245 2.2462771492176898 95 44 96 61 97 43 99 77 98 64 101 136 100 147 97 106 99 133 98 138 103 140 96 95 95 131
1163 -0.57017696125605921 0.30090076727127379 0.055583444944602212 140 146 146 1.0585558968870004 98 18 99 22 100 24 101 29 103 23 102 25 92 11 95 18
1166 -0.62615584629758692 0.30793460220920887 -0.021333936109906415 76 84 85 0.4212669180618917 100 52 101 88 102 65 103 98 104 144
1170 -0.58516116800706386 0.30876020667832016 -0.016361009736342358 93 91 81 1.0553177450937967 101 20 102 21 103 18 104 22 105 34 113 30 111 23 106 30 109 38 107 26 108 22 115 26 112 20 121 21 110 20
1172 -0.57740771129931834 0.31016113106215126 -0.010295709749468696 65 67 55 1.0481208011379641 100 12 101 13 102 27 103 33 104 25 105 19 113 23 111 33 106 17 109 12 107 16 108 13 115 20 112 18 121 20
1173 -0.64698211797756477 0.29097695732069551 0.069698359491470852 254 255 249 1.2791057345189567 100 20 101 17 102 29 99 13 103 25 104 26 105 17 113 20 111 17 106 15 109 21 107 19 108 20 115 17 112 12
1178 -0.5752733987531774 0.32080976907146708 0.065223424297676469 112 119 119 0.59605926104596274 92 30 102 63
1185 -0.64477921995429843 0.27796059700959463 0.050127883127730866 121 125 122 1.8558537918570437 98 136 100 146 98 153 101 167 102 213 99 149 103 181 103 202 104 190 113 214 115 156
1193 -0.62816231721499849 0.2885507570783592 -0.054051840654828265 3 22 38 1.0511017875439119 101 25 102 31 103 19 104 23 105 39 106 29 111 58 113 41 109 27 107 25 108 27 115 43 112 51 121 74
1201 -0.62128699637501272 0.29093400369433864 -0.061391429326977498 2 17 25 0.40528679015444502 101 53 102 52 103 73 104 71 105 121 106 164
1202 -0.61889989678453405 0.28710839569046165 -0.074162398959140119 3 19 27 0.34189639485044793 101 43 102 50 103 74 104 72 105 98 111 79 106 73 109 78 107 82 108 79
1207 -0.63638392843150138 0.28343667264503969 -0.077788503663087649 29 98 158 1.4475784890500536 101 91 103 99 104 145 105 173 113 148 111 161 107 131 108 187 115 138 112 124 121 125 110 117
1209 -0.62548376058105559 0.27710948228956456 -0.073913256348507539 22 92 145 1.07898071133066 101 135 103 129 105 167
1210 -0.63100830512121031 0.29001253870727095 -0.054900461063224548 12 95 152 0.99676076379918632 101 103 103 130 105 203
1211 -0.63252075565633514 0.28724780419582663 -0.075075278970981207 14 47 73 1.1613474224637899 101 123 102 133 103 135 104 188 105 175 113 151 111 165 106 168 109 161 107 156 108 162 115 163 112 148 121 177
1216 -0.58129707608551562 0.3164603783080564 0.064444003699386632 150 151 150 0.55481803429508858 97 25 99 56 103 67 92 21 101 50 102 73 104 67 105 96 113 87 111 102 106 81 109 98 107 90 108 103 115 85 112 100
1246 -0.61152187867729124 0.30530966325898778 -0.051084963950711715 10 23 36 1.7503996790931433 103 62 104 63 102 58 101 41 105 68 106 68 107 60 108 67 114 40 116 31 120 25 123 39 119 36 117 38 129 74 131 79 133 37 128 26 130 51 118 30 125 29 124 26 126 51 127 39 122 27 132 45 135 36 138 44 130 83 131 59 129 54
1249 -0.63812069550584893 0.27886783960691575 -0.093613149695122577 33 105 164 1.3089707679297888 103 103 104 103 102 71 105 176 113 153 111 127 106 123 115 166 112 169 121 166 114 136 110 149 116 112 123 151 119 146
1251 -0.63287394158004795 0.29181429074925491 -0.063087513661886807 22 96 147 1.223524946217674 102 67 103 101 104 105 101 92 105 174 113 149 111 162 106 179 109 184 115 139
1253 -0.62108259794278597 0.28712425052570878 -0.073177455757151511 74 118 169 0.44077820113996058 102 68 104 107 101 90 105 113 105 119 106 105 106 115 107 154 109 111 108 108 108 181
1287 -0.61923588601208346 0.30308397955561461 -0.044815425286783062 74 116 164 1.3817240656043688 103 14 105 23 102 4 101 10 106 20
1301 -0.64076569170218178 0.29418359884915724 0.081958713667599326 251 255 254 0.29556443452639702 97 56 103 155 105 185 106 218 111 196 109 190 107 183 108 201
1302 -0.64076360097442508 0.29455358736898218 0.082935301178320375 251 255 254 0.28839356340492717 97 55 105 186 98 66 106 204 111 207 109 196 107 195 108 203
1311 2.2031591547499358 14.77364538098321 32.289104668316526 205 61 60 1.0584522084943626 90 84 105 280 106 232 109 262 111 253 107 258 108 256 100 159 99 162 121 219 110 174 132 156
1319 2.7574594361856404 12.830304720469076 30.322381104788018 250 249 237 1.4949607794118402 25 69 20 53 23 55 22 66 24 67 28 63 21 80 19 59 34 59 27 68 18 51 15 58 16 57 17 54 14 46 13 47 8 62 10 48 4 57 9 53 11 53 12 63 6 67 7 59 5 57 3 71 2 59 1 62 29 35 41 34 36 33 30 34 52 28 59 39 76 28 70 33 65 40 72 27 63 36 60 30 75 24 66 39 74 22 64 27 78 30 79 45 67 34 80 30 48 33 69 34 62 30 37 38 39 33 31 28 38 27 82 37 83 35 87 43 84 41 91 54 85 51 86 33 88 43 89 51 90 39 94 55 93 53 95 55 92 52 96 43 100 65 97 53 99 67 101 82 102 85 65 98 70 92 72 92 76 126 75 123 59 97 41 107 52 96 63 97 66 89 74 113 64 87 78 111 79 122 67 96 80 111 48 86 69 91 37 95 38 92 82 84 83 110 87 124 84 118 91 122 85 108 86 102 88 113 89 114 90 116 94 136 93 131 95 150 92 132 96 130 100 150 97 131 99 166 98 150 101 194 102 189 103 215 104 200 105 246 113 231 111 244 106 279 109 233 107 227 108 242 115 211 112 196 121 193 110 96 114 90 120 105 120 198 116 127 125 77 125 139 123 144 123 189 127 98 127 163 126 159 118 82 119 111 119 177 124 71 128 76 122 63 131 71 131 153 132 68 132 161 133 170 135 143 138 67 138 158 130 63 130 180
1322 1.5538447666187767 11.185895167395492 30.828292986452087 232 202 190 1.372113908596335 59 67 89 88 72 60 74 53 76 67 78 66 30 70 59 93 75 60 60 58 29 57 36 63 41 63 52 64 63 64 64 54 65 60 66 73 70 62 79 81 67 79 80 69 48 60 69 59 62 69 37 57 39 67 31 56 82 74 83 78 87 85 84 81 91 92 85 117 86 77 88 81 89 87 90 71 94 93 94 94 93 111 93 113 84 75 95 91 95 98 92 83 92 103 96 102 96 103 100 121 97 98 97 119 99 123 99 124 98 102 98 104 101 160 103 177 104 170 102 160 105 225 100 120 103 211 105 250 113 183 111 220 111 247 106 214 106 254 109 191 107 180 107 250 108 198 108 232 115 158 115 194 112 160 121 153 121 184 125 133 127 176 126 133 118 116 124 101 124 147 128 104 128 143 122 115 122 114 129 107 129 130 131 121 132 116 133 95 133 151 135 129 138 109 117 126 117 129 130 133 119 140 114 143 120 116 110 146 114 134 120 115 125 132 138 175 119 197 123 171 116 140
1325 1.0325158072624987 11.34418844147665 31.07709412491527 254 254 243 0.73241472779148986 72 55 78 44 29 29 30 49 36 46 41 54 52 54 59 51 60 52 63 54 65 56 66 53 70 54 75 48 67 55 69 52 62 41 37 52 39 39 31 37 91 121 86 67 89 109 90 92 94 148 93 140 95 142 92 123 96 104 97 122 99 127 98 83 100 122 101 179 102 204 104 192 105 253 113 210 111 238 106 257 109 230 107 224 108 199 108 230 127 127 125 88 111 132 106 124 109 136 105 131 104 152 128 142 110 180 114 179
1326 3.3316298151389607 11.556019693372642 29.81416572412498 114 121 127 1.9711128308369859 72 9 74 9 79 15 76 9 59 13 66 12 70 10 67 14 48 13 95 20 90 16 94 16 89 25 92 16 96 22 97 27 99 24 98 22 100 30 30 14 59 17 63 12 64 12 65 18 80 20 62 13 52 13 69 17 75 14 29 10 36 11 41 14 37 18 39 13 31 13 38 16 82 18 83 18 87 26 84 17 91 17 78 11 85 22 86 20 88 25 93 21 85 114 88 119 113 205 131 49 132 40 126 60 111 233 100 48 103 86 104 81 123 66 99 65 125 54 127 70 128 51 110 72 113 82 116 64 119 42 120 42 122 50 105 93 106 87 108 98 107 95 109 92 111 96 114 77 115 88 118 38 124 53 121 93 112 85 117 65 129 60 98 48 106 260 108 226 109 221 115 190 121 211 130 43 105 238 107 219 112 187 122 155 124 159 128 160 125 152 104 221 118 153 117 143 114 167 110 160 123 197 116 182 119 193 120 181 99 171 98 139 102 201
1327 4.8867036328934912 14.347233732549466 31.582474767448151 161 162 164 1.0206242042233398 93 6 59 35 94 6 64 29 70 28 66 33 96 16 69 33 97 16
1328 0.870666998915676 10.57526953136802 30.865529387952165 195 145 130 1.9436088078522276 67 78 76 49 82 51 30 69 72 87 75 49 62 77 65 92 69 95 70 67 64 53 60 56 66 68 52 84 48 95 31 85 37 101 41 121 38 81 83 59 87 64 84 61 88 66 89 62 90 65 98 114 99 121 102 136 91 70 94 80 93 79 95 103 92 107 96 108 97 103 99 110 91 106 94 88 93 84 92 97 85 86 95 104 96 109 97 104
1330 -0.58761655629706133 0.3032651693951729 -0.046244875892956561 40 45 35 0.79382954634116565 102 15 103 16 104 15 105 14 113 8 111 9 106 10 115 9 112 7 121 9
1331 -0.63009521908551214 0.30013559891860742 -0.010704062872700093 93 97 96 1.2536460051233873 101 27 103 48 104 50 105 44 113 42 102 35 105 63 111 54 106 54 109 50 107 56 108 49 115 44 112 46 112 43
1332 -0.61123432321671822 0.30721818059916384 -0.047166984236127529 8 21 32 1.4821468659474417 103 66 105 73 113 54 104 58 102 61 111 70 106 67 109 70 107 73 108 57 115 64 112 52 121 51 114 30 120 18 116 27 123 29 119 24 117 29 130 48 118 24 125 31 126 50 127 44 128 33 132 46 124 29 131 55 122 35 129 50
1333 -0.58613173171626043 0.30144877210008025 -0.055189013342890614 119 117 113 1.0492001823833279 102 44 103 47 104 45 105 74 113 71 108 113 115 65 112 88
1336 -0.5723294271840571 0.31558090559639518 0.056976601100016011 132 137 135 0.8575476003866237 99 71 103 188 113 115 115 109 112 69
1337 -0.59486553622649962 0.28941174653900736 -0.044501889481455836 90 83 75 1.2720797623701892 101 102 102 100 103 95 104 148 105 165 113 145 111 155 106 162 109 157 107 151 108 158 115 114 112 103 121 64 110 61
1339 -0.59453951665460414 0.29041887925064014 -0.042339798128516737 90 83 75 1.2702235727649749 103 109 104 164 105 195 113 163 111 180 106 136 109 177 107 169 108 179 115 113 112 111 121 79 110 76 101 107
1340 -0.63823780112243322 0.23525246268431621 -0.15122907133102659 89 89 83 1.9787437648653179 104 143 109 122 121 195 112 207
1346 -0.63009521908550892 0.30013559891862895 -0.010704062872607611 91 98 96 1.2536460051119562 102 38 113 49 111 55 104 52 101 31 103 45 105 47 106 42 109 55 105 31 107 55 108 43 115 51 112 48 112 31
1347 -0.59385496073291133 0.2841856291501561 -0.068349707862493614 94 92 84 0.62763121618837447 101 68 102 66 111 124 103 69 105 122 106 225
1348 -0.6433304602894061 0.27132040093437171 -0.090672861531250537 86 94 92 0.63623392447128846 101 104 127 131 120 121 138 120
1349 5.1881781508291169 13.663851663710249 31.836733818796684 151 158 162 1.7109569317641089 74 46 30 35 29 36 31 61 76 128 101 46 102 54 100 29 111 87 95 27 96 26 98 31 67 60 97 36 75 131 106 63 109 65 107 69 108 61
1352 -0.6224479585420033 0.29010576329976212 -0.072036029242460109 2 15 19 0.53058064998470356 102 59 104 73 105 99 111 80 106 84 103 55 101 40 109 80 107 83 108 80
1353 4.2184662312872065 12.222472906911621 29.08964830613348 139 145 147 0.74228539572768049 89 98 106 193 107 246 109 259 108 216
1354 -0.62313213411324486 0.17905791184338482 -0.26868116362786554 79 80 73 0.70920177047628796 106 201 115 36
1355 -0.57129747432370159 0.3153347652400984 0.046755908451001305 49 51 48 0.79899200591596531 98 77 102 158 104 186 105 266 111 199 106 233 103 193 107 252 108 257
1359 -0.64119767485818757 0.21773100432808778 -0.11098548465422942 253 254 248 1.009830999225553 101 60 106 13 107 17 109 18 111 16 108 19 105 21
1361 -0.63050757109776112 0.34015950458688238 0.017053957751607784 55 64 67 1.6271844221337577 101 117 109 213 111 166 108 189 113 178
1368 -0.64806977554520939 0.26861986662511916 -0.1188236167548371 91 99 96 1.3822297358115081 104 17 115 19 105 15 112 13 121 16 116 19 123 22
1370 -0.60835879172127361 0.30659694029485873 -0.050653842547651484 95 136 192 1.5883473875835141 104 44 108 81 111 71 113 58 115 59 105 78 106 66 107 84 109 74 103 52 112 56 121 50 114 57 116 45 123 54 117 50 130 55 118 43 120 44 119 43 125 46 128 44 122 41 124 46 133 54 135 53 138 45 126 53 132 48 127 60
1371 -0.57380373239346572 0.31939305970411569 0.079417034634381767 143 149 149 0.86080760846746851 101 48 111 72 97 24 98 28 99 27 103 59 115 62
1375 -0.6369137200361199 0.29340385792502777 -0.070320667275532656 1 27 59 0.96540417109619803 104 109 111 167 113 154 115 119 105 177 106 170 107 157 108 164 109 162 103 96
1376 -0.64143040328908651 0.1404513278084627 -0.36576294685761723 39 42 35 0.65825216075063908 113 245 115 136
1377 -0.63664393742788183 0.29778471218130864 -0.06217183352549005 1 27 59 1.1633880109856547 104 104 111 184 113 125 115 151 105 137 106 140 107 175 108 184 109 181 103 111 102 72
1379 -0.64467855677181785 0.2743889227253602 0.046481587220220222 137 139 139 2.392770129044552 101 203 115 201 100 127 112 179
1381 -0.64405796974787899 0.27056754430487051 -0.10735869723746183 89 97 94 1.4563644922980201 106 5 111 5 121 8 108 4 109 4 104 9 105 8 107 4 110 10 114 7 117 9
1382 -0.63564870199121015 0.28249146772264688 -0.084532538671256874 0 13 26 1.1808381956693654 111 30 112 21 113 31 115 21 121 23 108 35 107 36 109 35 106 25 104 31 105 38 103 34 110 16 114 14 116 22 120 72 125 32 123 28 118 60 119 41 117 16 124 70 128 54 122 52
1383 -0.60653097250261856 0.31461479153026684 -0.042101305808384337 3 17 30 1.8841368184973546 106 34 111 56 112 32 113 39 115 41 121 42 108 26 105 33 107 30 109 54 132 34 127 43 131 43 126 35 129 36 130 40 125 28 138 37 135 41 114 32 117 31 110 40 116 32 120 19 123 30 128 29 133 43 119 25 118 31 122 28 124 27
1385 -0.64435198350070344 0.27511554498755242 -0.11392004699227332 0 16 34 1.1263403823586924 106 52 111 49 112 47 113 48 115 39 121 47 108 48 105 58 107 51 109 45 110 46 114 58 116 44 123 41 119 52 117 51
1386 -0.65780852312512761 0.26442576775460003 -0.13121269108037725 86 95 89 1.7056515243868151 111 170 112 61 113 106 115 55 121 48 107 187 109 164 110 37 120 143 128 150 122 146 129 150 114 71
1387 -0.61151791490900598 0.2919473298783446 -0.077827840991476105 87 129 185 0.74719503649636232 106 69 111 65 112 53 113 72 115 54 121 55 108 86 105 67 107 79 109 75 110 54 114 50
1388 -0.64433600752352538 0.27577430663274272 -0.11270885575948497 0 16 34 1.1043953623136826 106 45 111 43 112 45 113 51 115 45 121 56 108 44 105 50 107 52 109 48 110 57 114 49 116 50 123 44 117 45
1390 -0.58035156319325021 0.31818381989460409 0.06815307349955424 120 128 127 1.1333850683710891 101 56 121 61 103 85 104 86 110 141
1391 -0.62033419287728708 0.2962005291971217 -0.086472381573067025 117 141 184 1.0542445638765809 106 102 111 118 112 76 113 92 115 77 121 67 105 81 108 249 110 64 116 101 123 87
1394 -0.6584048437432104 0.28873708505218598 -0.090625213032328955 81 95 93 1.9951886024356893 111 117 112 99 113 96 115 76 121 114 108 109 105 179 106 99 107 110 109 105 110 63
1395 -0.63529514961843736 0.27852972640497287 -0.087448359924881869 1 21 45 0.60129022767594642 106 166 111 160 112 132 113 147 115 137 121 126 105 172 108 180 109 159 104 106 107 170 103 100 110 118 114 114
1396 -0.63781874255132576 0.27027823017355934 -0.10747371314083665 1 34 68 1.6549585560339393 106 122 111 182 112 125 113 150 115 140 121 129 108 182 107 173 109 179 114 116 116 110 125 89 126 97 127 106 130 94 123 120 117 99 129 94 131 92 132 108 133 102 135 93 138 102
1398 -0.61309588525997516 0.30822911706302913 -0.071397391698619361 111 144 198 1.0860472009276674 106 143 111 133 112 130 113 128 115 144 121 132 108 168 107 161 109 165 110 122 114 121 116 115 123 111 117 103
1399 -0.63529514961843725 0.27852972640496776 -0.087448359924881314 1 21 45 0.60129022767534779 111 181 112 146 113 164 115 149 121 145 105 135 106 138 108 159 109 178 107 152 104 112 103 110 110 138 114 128
1400 -0.63804158245929155 0.27366686249925043 -0.10058192119217857 1 34 68 0.56179074416086294 106 100 111 164 112 147 113 165 115 150 121 147 108 161 107 155 109 160 114 129 117 123
1402 -0.61489860219945958 0.20101232235732058 -0.2259863377031418 0 0 0 1.6626428171006267 106 109 112 62 108 269 107 249
1403 -0.63358214184472672 0.27627276946008439 -0.09631578313913125 7 41 75 0.4205159805795553 106 139 111 183 112 126 113 124 115 180 121 165 108 183 105 136 107 174 109 180 110 144
1404 -0.61310590592038527 0.30716294067918382 -0.069524368063012321 104 139 197 1.3919715274052826 106 268 111 256 112 181 121 223 115 230 105 258 111 205 113 240 106 180 110 193 114 185 114 202 116 173 123 205 119 185 117 156
1406 -0.64371169063451428 0.12443794258267049 -0.38179599491289717 0 0 0 0.19264796632729853 106 200 111 222
1407 -0.59398392063377403 0.30245151364858258 -0.028081193382598735 31 35 27 0.51842450665980844 107 10 113 13 110 9 105 24 106 12 108 17 109 16 111 22 115 13
1408 -0.63910988358509613 0.2434261850644388 -0.14514864630350932 0 0 0 1.4933115897090155 101 12 107 7 106 9 108 7 109 7 111 8
1409 -0.5941832985435217 0.30190428722296292 -0.029221463151041904 31 35 27 0.55040282181957312 107 15 113 18 110 13 104 24 105 22 106 19 108 14 109 15 111 14 115 12
1410 -0.61494283903396696 0.29957976156759236 -0.071513476515623009 108 141 190 0.76107911969587827 113 38 110 29 105 60 106 44 107 58 108 55 109 47 111 44 115 40 114 34 117 30
1411 -0.64236960909067153 0.27070218507762522 -0.13016362082598243 0 13 26 1.6213936668276494 112 60 113 62 121 45 110 44 111 60 115 56 109 56 114 44 116 46 123 49 119 44 117 52 120 45 118 33 124 40 122 46 125 47 128 46 127 56 126 56 129 45 132 44 133 38 132 35 126 52 129 43 127 48 125 41 124 47 128 43 120 43 122 42 118 37 119 54 135 37 138 34 138 38
1412 -0.61524095126328193 0.30827232625278111 -0.073007269461711433 143 165 208 1.230836271803861 112 77 113 73 121 69 110 65 111 109 115 97 114 75 120 69 116 76 125 71 123 90 118 79 119 80 117 58 106 283
1413 -0.65696760833861489 0.27151236204504192 -0.1198299995367258 65 69 67 1.5414909921335436 112 107 113 127 110 100 114 130
1414 -0.64301628682502976 0.27676751052451998 -0.11469570321140732 29 94 145 1.5068463029892405 112 101 113 105 121 98 110 101 115 107 105 90 106 77 107 112 108 112 109 106 111 120 114 86 116 85 123 98 119 97 117 83
1415 -0.64372444555231645 0.26632311658282037 -0.13486082383628506 29 94 145 1.3481474369550774 112 105 113 114 121 115 110 103 111 113 115 103 114 99 116 100 123 86 123 97 119 95 117 79 124 76 120 71 128 65 118 59 124 67 122 58 127 94 125 69 126 82 125 65 126 91 127 96 129 70 130 76 135 68 131 78 132 77 129 75 130 84 131 80 132 80 135 64 133 79 133 76 138 48 138 55
1416 -0.65656572708222294 0.26152312987907278 -0.13866553849119523 65 69 67 1.7033969656548908 112 102 113 158 120 84 125 84 118 104 127 92 126 80 114 120
1417 -0.59718161977468376 0.28711211833356431 -0.048849006810615325 35 38 39 1.4598335097267612 107 65 110 115 108 70 111 91 105 230 112 123 106 229
1418 -0.64578102657930891 0.26226577544724594 -0.13624085168136368 11 88 147 1.3299166194340606 112 129 113 156 121 131 110 121 115 143 120 111 127 111 126 106 118 102 124 118 135 99 138 106 119 137
1419 -0.62340213409952505 0.30417920086988404 -0.079934778000095741 58 98 142 0.98970305866416397 112 114 113 80 121 68 110 98 111 110 115 79 108 106 114 155
1420 -0.65203965589286206 0.27883688283459929 -0.11634534778018657 89 100 97 1.7660878264204616 110 3 113 5 115 5 121 4 114 1 112 4 116 4 123 5 117 3 119 2
1423 -0.63592458901017057 0.29734377897340702 -0.094185588885019489 67 75 76 1.1960246910833368 110 66 113 81 115 80 121 70 114 60 112 78 111 84 116 75 123 88 117 77
1424 -0.6460630687569332 0.27823997987790694 -0.11131825057891975 9 97 159 2.1831014087298928 113 91 115 75 121 46 114 72 111 82 112 74 109 81 105 111 106 175 111 171 116 74 116 114 125 17 123 128 130 29 126 26 117 62 119 147 129 28 131 35 135 24 138 19
1425 -0.64659602640609981 0.27381394737473608 -0.11957340758646995 9 97 159 1.2299105520119678 113 93 115 91 121 57 114 76 111 85 112 63 109 89 116 72 117 68
1426 -0.63628892222311562 0.28077041006525127 -0.094117894746886366 10 73 121 1.3430915745980414 110 106 115 142 121 108 114 118 112 127 108 163 113 155 109 163 111 168 106 171 107 242 106 178 104 216 105 196 103 131 105 197 116 167 123 185 117 141
1430 -0.65683934118723442 0.28232755161772616 -0.1004447871165608 84 96 96 1.3499105965986671 106 174 114 73 116 99 119 96 117 78 123 85
1431 -0.64271839014593235 0.27184163657015548 -0.11677868339054587 17 78 125 1.7576076005190493 106 172 105 116 111 169 113 112 116 113 123 126 119 118 118 103 120 112 126 120
1432 -0.65265128136952411 0.25714952128149071 -0.1394855958780048 88 89 85 0.91342169118040584 107 159 120 113 108 166 111 136
1434 -0.64940472402831095 0.25795372192000099 -0.13215038077199071 86 87 81 1.596830274733243 106 169 114 194 120 131 125 105 127 105 118 96
1435 -0.59218752253593854 0.48019302551835108 0.23767258315329132 95 127 179 1.717123316191606 106 270 120 145 107 238 108 250 109 224 118 133 124 174 128 88 122 102 119 162
1437 -0.64375428918583388 0.18672216326157609 -0.30456609313055971 46 102 152 0.28813456036678819 114 198 120 169
1438 -0.62166418629483633 0.30225867193910494 -0.078773617993086464 6 15 19 0.91823645080929062 110 26 114 47 120 27 112 37 121 28 113 37 115 38 109 51 105 52 107 49 108 45 111 42 106 47 116 47 123 31 118 26 119 26 122 33
1439 -0.61940711554600003 0.30733421450899967 -0.07349152172384088 120 147 197 0.670972070403278 110 102 120 78 114 85 121 97 116 103 125 78 123 89 127 84 126 109 118 70 119 94 124 75 128 68 122 78 135 72 133 82 138 125
1440 -0.61978252439332027 0.3059247705056547 -0.076259993540989779 120 147 197 0.47889449884376201 110 97 114 98 120 79 121 112 116 84 125 70 123 96 127 90 123 95 120 70 118 80 119 85 119 90 124 65 128 60 122 75
1442 -0.59771369419612175 0.45688457083216094 0.21390908149731347 92 124 171 2.0549749778648554 107 186 108 192 118 140 124 146 128 147 124 103 122 144 120 163
1444 -0.61573052313477294 0.30177110182954192 -0.075532723290615555 99 135 190 1.5110822917695119 114 9 120 11 121 10 116 10 110 12 112 8 113 9 115 10 108 8 106 4 107 8 109 8 111 10 125 10 123 13 127 12 126 16 118 13 119 14 117 10 124 16 128 15 122 15 129 20 131 26 132 25 133 29 135 28 138 20 130 25
1450 -0.64920149983851738 0.26952866991296176 -0.12987103879249162 10 91 151 1.1456231439627558 114 74 121 113 116 59 112 75 109 59 108 83 123 62 119 66 117 70
1451 -0.65307809669856121 0.25869017651222714 -0.15616686063648622 83 90 86 1.6742264942227725 125 2 127 1 130 3 126 3 118 3 124 5 128 6 122 4 129 3 120 2 131 3 132 3 133 5 135 6 138 4
1454 -0.64083191651348381 0.26879788641578251 -0.13857161449760125 23 79 121 1.308944806704772 120 41 123 50 125 42 127 54 126 54 130 46 118 36 119 45 114 45 110 42 117 54 124 48 128 42 122 43 129 51 131 52 132 47 133 55 135 54 138 40
1457 -0.6562145083570089 0.2509372819724951 -0.16704005488450069 81 90 89 1.0736775857455241 125 63 127 69 130 73 126 67 122 71 118 50 124 56 128 62 120 58 129 56 131 61 132 63 133 59 135 58 138 50
1461 -0.63762492989088715 0.36572894534143408 0.065956889453965717 0 0 0 1.6241183666623176 101 149 120 166 102 155 119 168
1464 -0.64069741963706051 0.26026530090779687 -0.14354558533534145 11 83 137 0.57729013455256251 114 13 127 16 130 20 126 23 129 24 131 20 132 24 133 20 135 23 138 18
1465 -0.61896328605011552 0.46696805452509116 0.26168041720557389 0 8 17 1.5339150898044942 113 27 125 11 118 17 120 15 124 22 128 22 122 17
1466 -0.53516206961797208 0.43511627536234254 0.22187257673006189 47 51 45 0.93338781436912044 112 96 129 92 131 99 126 83 132 75 131 110 130 112
1470 -0.65634085236675643 0.25117243256252575 -0.16327909013338127 26 27 20 0.81538224754280142 130 171 129 144 131 170 116 155
1472 -0.56872727952491098 0.37118262908820876 0.10911726015070966 41 42 36 1.5275735557667525 115 2 129 2 126 2 127 0 131 2 132 2 133 2 135 2 138 2 112 2
1479 -0.62996000691859644 0.33214463361501179 0.074489540147599009 79 84 83 1.3601516910543774 115 177 126 157
1480 -0.62839833522833333 0.22740559906725166 -0.22303290257204955 132 133 135 1.7187598723162159 115 154 132 90 126 107 133 121 135 119 130 111
1481 -0.63736665298982431 0.28634866305476203 -0.11126750241331396 0 9 19 0.98977980635975726 116 18 130 24 123 18 126 18 127 19 119 15 117 25 138 13 132 15 135 13 129 18 131 23 133 14
1482 -0.64832083402971508 0.2655539080935625 -0.11479428267886982 39 48 45 0.79976227542471712 120 93 121 128 125 82 118 66 127 86 128 183 129 139 131 163 135 155
1483 -0.64832083402971485 0.26555390809355983 -0.1147942826788747 39 48 45 0.7997622754245397 120 107 121 146 125 67 118 73 127 99 128 168 129 123 131 158 135 149
1488 -0.65623402250536467 0.24434691886362891 -0.17841574732681276 87 95 89 1.6402194757523638 116 162 123 127 126 126 130 151 119 148 127 183 124 150 132 186 135 139 133 123
1490 -0.61568914210534065 0.31770970174592672 -0.059322332318826998 5 17 20 1.0264495590925986 110 27 112 38 114 31 116 36 123 32 117 34 119 39 121 29 115 46 113 35 107 76 108 72 111 47 109 77
1492 -0.5139218396950499 0.55450053360573359 0.46346027551833613 107 115 115 1.5754959920853355 108 2 118 7 119 5 124 10 123 6 106 2 107 2 109 2 111 2 105 2 128 10 122 9
1494 -0.63242666340083298 0.3329597942211 0.069952486175652528 26 27 22 1.9040589584243002 113 252 124 182 121 149 128 125 122 160
1496 -0.60640075954476758 0.52053689080657528 0.3348866021671083 12 70 112 1.2461576414368167 109 13 124 43 128 40 107 14 108 16 111 12 122 48 118 57 120 46
1506 -0.64218566551641099 0.21701208703605324 -0.24695387670635538 252 91 89 1.5389575647568301 123 9 124 4 128 5 122 5 119 7
1509 -0.61556489865335284 0.43665251720147347 0.1876628836889197 50 100 145 1.9544233757440928 113 17 130 26 129 27 131 30 132 20 133 23 135 19 127 20
1513 -0.54712022198810017 0.40970489919444408 0.22330816012211852 79 80 73 1.5210703929341829 113 113 129 111 109 124 108 76
1514 -0.64513026116554917 0.16947997256079694 -0.35683567892253543 76 75 76 0.44386472837176016 127 141 129 154 131 179 132 192
1515 -0.53788820195536857 0.42481257200058353 0.20807501935969464 117 119 114 1.6650397236690739 112 89 126 108 129 112 115 68 131 134 138 155 113 85 130 119 130 143
1517 -0.5668423469242988 0.42046444205617095 0.18439744154328874 113 116 117 0.34988158904913003 121 7 129 10 131 13 130 8
1521 -0.65118683450623649 0.21911024318741501 -0.25854191196264564 81 88 82 1.9545399490547697 118 161 131 74
1522 -0.6457015684283165 0.18184430520688077 -0.32829250869238991 1 14 35 1.6897301314904081 125 117 129 95 131 109 132 97 133 87
1524 -0.65248620709615412 0.23271294510348928 -0.22680095626544261 85 89 83 1.5800697202724583 118 139 131 140 120 86 122 57 124 104 128 145 130 182 131 139 138 124 135 102 129 100
1525 -0.53850167989563147 0.42332522183631616 0.20512526338024695 113 120 115 1.7142700890249993 113 94 126 113 129 119 112 72 115 72 131 135 138 187 130 138 130 126 129 109
1529 -0.65417769706323248 0.26300620910423511 -0.16093116014980857 80 88 89 1.9148741099358251 120 164 132 114 122 108
1530 -0.62136839977066982 0.30021074755828869 -0.099025670212119721 112 148 212 1.7065698067561057 117 55 133 48 110 55 114 48 116 48 123 57 119 55
1532 -0.63756880196528964 0.26783959390742518 -0.11971211192090958 0 11 26 0.69824697579585981 117 100 130 93 126 115 127 126 135 85 138 89
1535 -0.64937160308812003 0.2169973853274425 -0.27354950198894545 40 47 43 1.1746153959904815 128 164 133 161 131 182 130 116
1540 -0.62580157306464312 0.27945132128952643 -0.1393054666171456 109 149 217 1.4463078078284406 120 38 123 60 133 56 135 61 132 74 116 52 119 46 118 34 126 85 130 82 122 45 127 50
1542 -0.6559039185983917 0.2468053464844715 -0.17638346597854004 84 96 93 1.9277642617667083 123 99 133 63 135 65 129 61 130 57 116 86 122 60 124 59 128 70 126 70 131 67 132 61 131 147 132 158 133 110 130 110 138 57
1544 -0.65307943839463167 0.2602416917999899 -0.13833164262387132 83 93 91 1.3031570679719167 135 78 122 98 124 68 128 63 138 60 119 173
1546 -0.64365788144318647 0.19937467302516754 -0.27846971560267908 83 90 90 2.3978004695783635 120 168 135 131
1547 -0.63670290214274794 0.23367314613394474 -0.16882697654411738 218 162 142 2.1442410118342279 120 32 133 158 135 162
1549 -0.64478017757877237 0.26470324935007117 -0.13405824193113092 0 13 29 1.0827014851384209 120 31 126 40 130 35 132 38 135 46 127 37 133 36 124 25 131 39 118 29 122 26 125 30 128 25 129 42 138 33
1550 -0.64377929544096968 0.26673017356902684 -0.13374015714325094 22 84 129 0.93916536292519381 120 73 126 90 130 75 132 76 135 67 127 95 133 78 124 77 131 77 118 71 122 70 125 64 128 69 129 79 138 54
1551 -0.64293824053608961 0.21082777163901234 -0.26951264926965302 16 81 129 1.563924315409212 135 101 138 79 133 111 119 203
1553 -0.64741416432841858 0.16710190635778566 -0.36763033482248464 94 98 93 0.1297801092620037 126 123 138 117
1554 -0.64760229924821155 0.26777916194252316 -0.10588832596676512 92 97 92 0.72837085890916686 120 123 126 127 138 142 125 103 127 104 128 111
1555 -0.63476877515700891 0.27064343184882955 -0.10461905746459654 0 0 0 0.9058657086805505 117 98 133 101 129 85 130 103 132 106 135 92 127 164 138 101 126 95 131 105
1556 -0.63477053287573493 0.27035016954126867 -0.10525692218765004 0 0 0 0.85085785377642531 117 122 133 118 129 99 130 92 132 96 135 84 138 87 131 108
1557 -0.65248535116800244 0.26050705534132046 -0.13618943793529592 0 0 0 3.2974259402278827 117 162 133 73
1558 -0.57788023893582763 0.34405296243883288 0.046192504941398926 0 0 0 2.2349148533183651 113 2 130 2 102 2 103 1 104 3
