# Image list with two lines of data per image:
#   IMAGE_ID, QW, QX, QY, QZ, TX, TY, TZ, CAMERA_ID, NAME
#   POINTS2D[] as (X, Y, POINT3D_ID)
# Number of images: 35, mean observations per image: 128.02857142857144
61 0.99914564796238725 0.037217850445139193 -0.017606704832734688 -0.0035790656598866325 -0.16214191515088971 -1.640582046612292 2.0348530341798585 1 000060.png
116.50528717041016 87.499458312988281 -1 109.77188110351562 193.10981750488281 -1 211.47268676757812 183.5364990234375 -1 57.186695098876953 137.44755554199219 465 27.079336166381836 90.9945068359375 398 168.80508422851562 213.93399047851562 -1 20.32411003112793 240.57270812988281 -1 27.079336166381836 90.9945068359375 399 36.752475738525391 124.93478393554688 575 134.83465576171875 184.69380187988281 -1 58.387214660644531 166.63481140136719 -1 73.527687072753906 177.42001342773438 455 91.684593200683594 180.28521728515625 577 168.29611206054688 236.21536254882812 -1 76.574882507324219 132.17364501953125 545 59.718154907226562 198.25836181640625 578 67.349601745605469 211.61257934570312 469 40.122119903564453 126.48741149902344 263 59.718154907226562 198.25836181640625 579 67.349601745605469 211.61257934570312 580 36.396080017089844 103.54209899902344 401 61.626167297363281 100.91947174072266 600 114.13429260253906 136.61476135253906 -1 172.08474731445312 167.26106262207031 -1 176.323974609375 222.92098999023438 -1 176.323974609375 222.92098999023438 -1 172.08474731445312 167.26106262207031 -1 36.774555206298828 90.768760681152344 403 132.51667785644531 156.96354675292969 -1 140.29135131835938 67.357856750488281 -1 36.774555206298828 90.768760681152344 131 192.26118469238281 115.59001159667969 133 91.794639587402344 136.18124389648438 -1 66.811698913574219 175.47149658203125 -1 186.65342712402344 182.34527587890625 -1 50.496471405029297 186.75250244140625 -1 146.62837219238281 205.67428588867188 -1 179.78382873535156 249.00956726074219 -1 66.811698913574219 175.47149658203125 -1 171.40324401855469 184.20277404785156 -1 143.97943115234375 222.06706237792969 13 162.75370788574219 245.49295043945312 -1 135.77311706542969 136.38381958007812 -1 64.111175537109375 106.02798461914062 67 40.697418212890625 108.19553375244141 435 135.7935791015625 224.513427734375 -1 134.67002868652344 237.63368225097656 -1 176.98637390136719 158.70649719238281 -1 81.344375610351562 161.34921264648438 -1 176.72315979003906 179.71144104003906 -1 171.40324401855469 184.20277404785156 -1 58.184761047363281 186.45628356933594 -1 35.520301818847656 224.02426147460938 -1 35.520301818847656 224.02426147460938 -1 176.13490295410156 188.82823181152344 -1 45.258754730224609 165.48989868164062 329 48.204608917236328 170.03964233398438 464 190.44656372070312 169.30934143066406 -1 124.88919067382812 245.80577087402344 -1 150.6434326171875 43.081062316894531 -1 147.572998046875 67.570709228515625 616 147.15687561035156 77.0189208984375 -1 169.10617065429688 178.06875610351562 -1 5.9161972999572754 100.58238220214844 612 53.072639465332031 120.42095184326172 134 189.01121520996094 122.61697387695312 -1 129.58499145507812 225.84516906738281 -1 19.575082778930664 127.26264190673828 136 83.876617431640625 141.15589904785156 -1 14.764264106750488 155.77986145019531 264 169.10617065429688 178.06875610351562 -1 124.88919067382812 245.80577087402344 -1 129.58499145507812 225.84516906738281 -1 62.368690490722656 181.77473449707031 328 45.258754730224609 165.48989868164062 -1 125.44831848144531 156.46122741699219 -1 62.368690490722656 181.77473449707031 331 186.95130920410156 173.78500366210938 -1 249.37675476074219 206.72355651855469 585 156.08723449707031 195.26168823242188 -1 177.02699279785156 186.92672729492188 -1 83.5560302734375 187.35807800292969 -1 181.09393310546875 187.8731689453125 -1 181.74984741210938 235.14515686035156 -1 120.85163879394531 243.66578674316406 -1 131.57000732421875 244.25532531738281 -1 190.49275207519531 244.96096801757812 -1 164.50511169433594 252.33952331542969 -1 69.561943054199219 58.126510620117188 -1 18.936359405517578 81.840362548828125 238 86.663925170898438 164.67318725585938 -1 186.30862426757812 165.54519653320312 -1 57.291774749755859 183.82200622558594 -1 131.57000732421875 244.25532531738281 -1 35.094680786132812 99.349884033203125 137 140.92825317382812 146.42059326171875 -1 69.561943054199219 58.126510620117188 -1 18.936359405517578 81.840362548828125 139 41.157997131347656 115.09437561035156 250 141.88082885742188 132.53604125976562 604 31.669914245605469 142.63932800292969 547 89.309036254882812 148.35438537597656 -1 139.55662536621094 156.00813293457031 -1 86.663925170898438 164.67318725585938 -1 186.30862426757812 165.54519653320312 -1 181.54536437988281 170.66513061523438 -1 47.053924560546875 175.18681335449219 336 57.291774749755859 183.82200622558594 325 234.35554504394531 185.62852478027344 516 162.87492370605469 186.36119079589844 -1 86.778305053710938 171.24708557128906 -1 174.93733215332031 174.71328735351562 -1 230.7918701171875 179.81265258789062 615 53.837963104248047 184.49101257324219 -1 31.501609802246094 81.82354736328125 554 4.6720423698425293 99.519264221191406 612 244.26918029785156 192.248291015625 -1 246.48246765136719 195.40715026855469 -1 249.89817810058594 199.60903930664062 -1 75.254631042480469 201.39942932128906 587 186.59880065917969 204.83854675292969 -1 54.378673553466797 124.76930999755859 160 69.834747314453125 132.4688720703125 200 62.24591064453125 206.80943298339844 588 188.75564575195312 229.86680603027344 -1 9.7947626113891602 155.12049865722656 -1 14.649868965148926 160.09796142578125 -1 229.12400817871094 163.98027038574219 146 79.620635986328125 43.566516876220703 -1 126.15818023681641 44.153236389160156 356 65.573516845703125 47.576457977294922 -1 22.650287628173828 145.31196594238281 -1 9.2133197784423828 125.05892944335938 -1 174.93733215332031 174.71328735351562 -1 57.746677398681641 122.19245910644531 160 9.2133197784423828 125.05892944335938 -1 23.375909805297852 127.23990631103516 -1 43.636993408203125 132.95390319824219 153 82.828536987304688 135.32737731933594 355 73.43902587890625 165.77110290527344 -1 5.7170991897583008 166.81509399414062 -1 228.27970886230469 167.65130615234375 -1 225.9012451171875 164.5357666015625 613 227.43600463867188 170.67483520507812 234 234.11569213867188 170.82679748535156 617 231.50926208496094 171.54776000976562 -1 234.61289978027344 175.43141174316406 -1 231.64649963378906 176.35246276855469 -1 188.02560424804688 177.27371215820312 -1 224.875732421875 167.41465759277344 248 237.82827758789062 179.466064453125 434 242.10525512695312 189.46951293945312 -1 247.83071899414062 191.96626281738281 -1 249.75326538085938 194.33267211914062 -1 251.87625122070312 196.78704833984375 -1 142.84934997558594 206.34596252441406 -1 132.86967468261719 221.9625244140625 -1 188.00141906738281 224.18399047851562 -1 233.80491638183594 178.58326721191406 -1 57.496635437011719 44.641998291015625 -1 157.25212097167969 46.957996368408203 609 132.30079650878906 44.638469696044922 -1 220.0360107421875 165.57290649414062 140 222.645751953125 164.82266235351562 140 224.10198974609375 162.45059204101562 613 22.080915451049805 84.505943298339844 414 217.24887084960938 161.94619750976562 614 221.66397094726562 159.43556213378906 245 5.6145033836364746 158.392822265625 144 222.25428771972656 156.66122436523438 174 143.88287353515625 45.551540374755859 -1 212.02862548828125 154.74937438964844 307 213.98576354980469 153.24443054199219 307 14.004137992858887 152.15528869628906 264 207.78022766113281 149.11370849609375 -1 19.974094390869141 148.00971984863281 -1 26.354333877563477 145.63453674316406 298 54.774578094482422 46.597824096679688 593 64.721450805664062 116.82491302490234 -1 215.9910888671875 155.79638671875 360 54.774578094482422 46.597824096679688 447 5.7170991897583008 166.81509399414062 -1 40.952796936035156 96.805755615234375 -1 8.6636934280395508 100.06484985351562 165 64.721450805664062 116.82491302490234 -1 58.497966766357422 118.47104644775391 -1 194.03376770019531 121.23567199707031 133 73.262001037597656 137.2122802734375 -1 82.828536987304688 135.32737731933594 351 
66 0.99949118434417383 0.030323549168831395 -0.0098585063783379057 0.00081525215391214077 0.97900277948734282 -2.3136129612077592 0.30230890363368002 1 000067.png
127.10227966308594 88.387886047363281 -1 37.178558349609375 183.01205444335938 -1 37.178558349609375 183.01205444335938 -1 37.178558349609375 183.01205444335938 -1 124.08431243896484 178.44834899902344 2 61.176750183105469 138.140380859375 465 183.85606384277344 140.54472351074219 511 163.51203918457031 211.33995056152344 -1 160.02708435058594 32.896892547607422 -1 156.66778564453125 136.89506530761719 437 98.128105163574219 185.17562866210938 577 62.922943115234375 208.12916564941406 579 151.71612548828125 246.76817321777344 33 42.040996551513672 126.22509765625 263 75.747055053710938 177.37246704101562 455 67.385887145996094 123.65943908691406 322 112.02077484130859 143.60882568359375 10 173.3193359375 129.56411743164062 -1 169.34541320800781 153.74626159667969 27 65.533134460449219 164.05549621582031 -1 31.603969573974609 212.16763305664062 344 69.576637268066406 225.15077209472656 469 167.9764404296875 237.917724609375 594 197.19255065917969 244.07551574707031 -1 60.14434814453125 55.539924621582031 470 154.75323486328125 67.658767700195312 616 40.441043853759766 102.94496917724609 401 44.389560699462891 127.82695007324219 263 125.42596435546875 144.35919189453125 -1 136.72843933105469 149.37141418457031 -1 58.154743194580078 153.56234741210938 -1 115.39949035644531 163.23081970214844 -1 171.47871398925781 167.18244934082031 58 45.446693420410156 178.4031982421875 -1 163.40155029296875 177.88874816894531 510 140.41127014160156 206.08232116699219 -1 45.131870269775391 210.80528259277344 -1 194.48158264160156 224.87307739257812 -1 177.80607604980469 249.69735717773438 -1 115.39949035644531 163.23081970214844 440 136.72843933105469 149.37141418457031 -1 125.42596435546875 144.35919189453125 -1 162.982666015625 38.480903625488281 404 198.63978576660156 118.52464294433594 133 41.260387420654297 90.459609985351562 131 67.588516235351562 104.22344207763672 67 148.67005920410156 143.33180236816406 111 75.645057678222656 155.40547180175781 -1 185.33306884765625 181.89149475097656 -1 83.066154479980469 200.49522399902344 -1 176.11953735351562 224.59222412109375 -1 68.169677734375 105.81386566162109 67 83.066154479980469 200.49522399902344 -1 41.260387420654297 90.459609985351562 403 59.331394195556641 186.52294921875 325 174.67549133300781 189.50897216796875 -1 163.91755676269531 203.37583923339844 -1 150.34666442871094 133.67617797851562 604 175.53831481933594 179.52310180664062 42 90.04461669921875 146.53656005859375 28 174.7430419921875 158.51834106445312 -1 65.97955322265625 174.88874816894531 -1 170.61183166503906 183.80043029785156 -1 179.00302124023438 46.607276916503906 405 146.43121337890625 229.1019287109375 13 179.00302124023438 46.607276916503906 -1 174.7430419921875 158.51834106445312 -1 162.990234375 66.38006591796875 407 162.37677001953125 75.835174560546875 -1 23.645238876342773 126.58731079101562 136 10.187410354614258 99.680946350097656 612 185.69111633300781 173.45368957519531 -1 58.7523193359375 176.45413208007812 323 63.257415771484375 181.66683959960938 331 76.566436767578125 204.40373229980469 -1 149.36503601074219 204.82353210449219 618 149.51701354980469 222.97325134277344 -1 179.57154846191406 235.70912170410156 -1 7.7262783050537109 137.25373840332031 173 49.3743896484375 169.72532653808594 464 61.895545959472656 42.596946716308594 447 57.445236206054688 121.56410217285156 134 46.274883270263672 165.48100280761719 -1 61.895545959472656 42.596946716308594 593 46.274883270263672 165.48100280761719 329 63.257415771484375 181.66683959960938 328 74.937774658203125 56.003936767578125 -1 29.514442443847656 143.92213439941406 -1 44.464565277099609 113.68302917480469 250 185.01216125488281 165.41270446777344 -1 58.464813232421875 183.54862976074219 -1 37.439987182617188 104.85826873779297 199 189.65133666992188 240.80833435058594 481 23.649221420288086 81.11309814453125 139 4.4772872924804688 98.09051513671875 612 44.464565277099609 113.68302917480469 250 156.42202758789062 131.46156311035156 -1 154.67765808105469 153.48744201660156 -1 185.01216125488281 165.41270446777344 -1 136.82040405273438 169.29266357421875 -1 91.841323852539062 169.19903564453125 -1 188.76443481445312 169.54228210449219 -1 54.499931335449219 170.097900390625 464 180.30299377441406 170.34767150878906 -1 48.295528411865234 174.89237976074219 336 240.30349731445312 181.65756225585938 -1 58.464813232421875 183.54862976074219 325 244.43687438964844 187.13175964355469 141 179.87136840820312 187.51359558105469 -1 249.36009216308594 193.39393615722656 -1 154.24101257324219 233.55149841308594 -1 189.67164611816406 249.30758666992188 586 37.439987182617188 104.85826873779297 202 23.649221420288086 81.11309814453125 238 47.477497100830078 134.32586669921875 153 173.27381896972656 174.83570861816406 -1 237.02381896972656 177.20599365234375 234 151.04788208007812 178.12489318847656 -1 26.945842742919922 150.15632629394531 -1 173.27381896972656 174.83570861816406 -1 248.21821594238281 185.72572326660156 141 185.59713745117188 205.22222900390625 550 162.05523681640625 250.11628723144531 -1 245.76763916015625 182.81756591796875 -1 58.510871887207031 126.08629608154297 160 72.399131774902344 43.3973388671875 589 8.9473361968994141 98.541465759277344 612 39.021156311035156 98.882347106933594 137 13.486846923828125 124.06919860839844 -1 13.486846923828125 124.06919860839844 -1 64.56591796875 157.24639892578125 -1 10.08580207824707 159.0458984375 144 152.41169738769531 171.49169921875 -1 15.806681632995605 97.530357360839844 166 247.57237243652344 176.78315734863281 225 241.85098266601562 178.18357849121094 159 248.86439514160156 182.02226257324219 434 92.311393737792969 184.2506103515625 -1 253.05250549316406 186.95101928710938 433 46.659248352050781 92.217147827148438 262 252.56878662109375 191.14814758300781 433 150.06181335449219 230.47135925292969 -1 86.394851684570312 188.45442199707031 -1 210.32756042480469 142.843994140625 158 29.808595657348633 144.60955810546875 298 26.181072235107422 147.29325866699219 298 29.713924407958984 147.50392150878906 298 18.351343154907227 153.37313842773438 264 232.04136657714844 159.22030639648438 174 227.06095886230469 159.80973815917969 360 232.95246887207031 163.4296875 245 228.75021362304688 165.82313537597656 614 238.275634765625 166.082275390625 146 237.09835815429688 168.5577392578125 613 236.33378601074219 171.55393981933594 248 49.107131958007812 136.45924377441406 -1 243.25407409667969 171.76324462890625 617 47.376029968261719 131.00921630859375 -1 53.98175048828125 126.53797149658203 533 27.511398315429688 125.38188171386719 523 58.405437469482422 123.03199005126953 451 61.955455780029297 120.32473754882812 162 170.63569641113281 114.94454193115234 -1 40.190589904785156 109.95836639404297 435 42.695209503173828 108.65290069580078 435 33.961277008056641 104.71030426025391 452 12.904744148254395 99.074317932128906 165 61.730152130126953 123.49423980712891 160 40.190589904785156 109.95836639404297 -1 240.0660400390625 171.97886657714844 171 238.43135070800781 174.17182922363281 234 242.79981994628906 175.13432312011719 617 186.79107666015625 176.883544921875 -1 15.806681632995605 97.530357360839844 170 79.418037414550781 150.85157775878906 -1 205.76246643066406 136.46417236328125 -1 85.306892395019531 182.2154541015625 358 220.59770202636719 155.59642028808594 307 235.18199157714844 166.06741333007812 613 225.49310302734375 151.17646789550781 168 220.42643737792969 151.85487365722656 167 
67 0.99942869011250468 0.032315198648326493 -0.0099001165251653873 -9.4916334469543123e-05 0.86732838199115392 -2.2732829841620159 0.40066684533127433 1 000066.png
126.58057403564453 87.893516540527344 -1 32.171592712402344 183.7196044921875 -1 32.171592712402344 183.7196044921875 -1 123.11492919921875 178.42716979980469 2 61.35198974609375 137.73980712890625 465 182.72616577148438 139.80567932128906 511 162.9739990234375 211.31373596191406 -1 177.27650451660156 237.10020446777344 -1 97.785232543945312 183.46296691894531 577 61.941741943359375 207.02383422851562 579 61.941741943359375 207.02383422851562 578 159.75059509277344 33.235511779785156 -1 41.965644836425781 126.19513702392578 263 157.65541076660156 135.67518615722656 437 75.962059020996094 177.78535461425781 455 29.888683319091797 211.62388610839844 344 166.759521484375 235.17453002929688 -1 111.96985626220703 142.96023559570312 10 65.406005859375 163.98707580566406 -1 162.29757690429688 177.8448486328125 510 197.28857421875 243.84674072265625 -1 44.809898376464844 210.05262756347656 -1 69.006217956542969 221.00601196289062 469 162.16864013671875 37.883342742919922 404 60.547103881835938 54.289115905761719 470 153.75813293457031 67.140472412109375 616 194.57106018066406 224.29420471191406 -1 40.183292388916016 102.68418121337891 401 195.57667541503906 128.87312316894531 128 98.882316589355469 138.76107788085938 -1 124.92379760742188 142.74629211425781 -1 135.92451477050781 148.03062438964844 -1 57.407672882080078 153.54562377929688 -1 57.407672882080078 153.54562377929688 -1 102.69371032714844 154.166748046875 -1 171.56929016113281 167.30607604980469 58 124.92379760742188 142.74629211425781 -1 13.504261016845703 92.996734619140625 126 44.942832946777344 178.47012329101562 -1 45.183425903320312 128.08293151855469 263 185.74295043945312 182.41828918457031 -1 82.841346740722656 199.7254638671875 -1 142.58110046386719 203.70478820800781 -1 69.19683837890625 208.43247985839844 -1 176.21080017089844 223.80487060546875 -1 136.4693603515625 230.24334716796875 -1 139.34120178222656 241.0653076171875 -1 178.12533569335938 247.43704223632812 -1 190.97293090820312 109.12973022460938 -1 41.025279998779297 90.217491149902344 403 82.841346740722656 199.7254638671875 -1 75.993911743164062 155.99360656738281 -1 61.359298706054688 52.497760772705078 -1 41.025279998779297 90.217491149902344 131 67.962997436523438 104.57664489746094 67 190.97293090820312 109.12973022460938 -1 198.18569946289062 117.32620239257812 133 147.55369567871094 141.88632202148438 111 90.413238525390625 146.15902709960938 28 99.719711303710938 146.49977111816406 439 84.243621826171875 156.50674438476562 -1 178.85345458984375 45.741256713867188 405 140.46673583984375 159.47517395019531 -1 86.857223510742188 170.87283325195312 -1 175.68702697753906 179.80389404296875 42 170.79316711425781 183.86135864257812 -1 121.76374053955078 245.19779968261719 -1 161.96687316894531 38.848117828369141 404 65.626434326171875 174.95970153808594 -1 174.85421752929688 189.63162231445312 -1 163.35301208496094 204.24745178222656 -1 143.10295104980469 218.07221984863281 -1 160.69404602050781 244.05113220214844 -1 175.68702697753906 179.80389404296875 42 23.46917724609375 126.44003295898438 136 174.6702880859375 159.23069763183594 -1 45.816154479980469 165.54653930664062 329 49.000701904296875 169.71522521972656 464 118.49102783203125 254.12612915039062 -1 151.19059753417969 201.78935241699219 618 151.71873474121094 192.24395751953125 -1 168.11721801757812 178.0640869140625 -1 33.191829681396484 100.75305938720703 452 62.077556610107422 42.303031921386719 447 162.03817749023438 65.446380615234375 407 161.40159606933594 75.331336975097656 -1 14.372259140014648 95.313072204589844 170 75.938407897949219 203.81689453125 -1 62.905300140380859 181.66873168945312 331 58.367717742919922 176.36688232421875 323 9.9625482559204102 99.46807861328125 612 154.77842712402344 206.32695007324219 -1 153.41191101074219 224.34051513671875 -1 56.934757232666016 121.03754425048828 134 168.11721801757812 178.0640869140625 -1 168.11721801757812 178.0640869140625 -1 118.49102783203125 254.12612915039062 -1 62.905300140380859 181.66873168945312 328 45.816154479980469 165.54653930664062 -1 14.372259140014648 95.313072204589844 166 62.077556610107422 42.303031921386719 593 185.93949890136719 173.50471496582031 -1 180.16534423828125 234.99211120605469 -1 176.25303649902344 238.90473937988281 -1 176.25303649902344 238.90473937988281 -1 147.84031677246094 41.111865997314453 -1 75.231307983398438 55.753326416015625 -1 23.017776489257812 80.745162963867188 139 38.800022125244141 98.597274780273438 137 12.95379638671875 123.77150726318359 -1 6.6915450096130371 136.3720703125 173 154.11854553222656 137.12628173828125 56 35.180850982666016 143.70045471191406 547 185.25967407226562 165.44256591796875 -1 91.618049621582031 168.27940368652344 -1 189.05802917480469 169.53208923339844 -1 180.51687622070312 170.35934448242188 -1 53.943038940429688 170.25790405273438 464 58.006935119628906 183.30628967285156 325 244.44667053222656 187.38038635253906 141 180.10012817382812 187.84422302246094 -1 249.42182922363281 193.59230041503906 -1 156.21800231933594 194.70489501953125 -1 151.38363647460938 213.08038330078125 -1 51.598224639892578 222.34640502929688 -1 148.40565490722656 223.16864013671875 -1 176.25303649902344 238.90473937988281 -1 189.69120788574219 239.19200134277344 481 162.49714660644531 250.05722045898438 -1 12.95379638671875 123.77150726318359 -1 185.25967407226562 165.44256591796875 -1 180.51687622070312 170.35934448242188 -1 58.006935119628906 183.30628967285156 -1 51.598224639892578 222.34640502929688 -1 77.332504272460938 138.22857666015625 -1 76.337196350097656 146.51536560058594 -1 35.384361267089844 80.884941101074219 554 18.728326797485352 93.864707946777344 -1 4.5665864944458008 97.873390197753906 612 8.6472234725952148 98.280555725097656 612 44.415908813476562 113.44117736816406 250 49.831836700439453 123.30776214599609 -1 47.188194274902344 133.90548706054688 153 248.215087890625 185.95169067382812 141 26.172470092773438 146.27545166015625 298 10.070990562438965 158.31547546386719 144 239.59297180175781 167.18232727050781 146 91.802330017089844 173.75506591796875 -1 48.110721588134766 174.70999145507812 336 173.94065856933594 174.71047973632812 -1 38.068775177001953 146.81135559082031 145 54.474067687988281 184.2071533203125 -1 188.55195617675781 165.14094543457031 -1 185.8671875 204.86671447753906 550 50.005393981933594 122.59137725830078 -1 188.06878662109375 229.16656494140625 383 189.75047302246094 247.161376953125 586 44.415908813476562 113.44117736816406 250 18.728326797485352 93.864707946777344 -1 173.94065856933594 174.71047973632812 -1 50.005393981933594 122.59137725830078 473 72.333351135253906 43.257774353027344 589 215.88444519042969 146.37089538574219 -1 214.82952880859375 149.03462219238281 -1 18.300996780395508 152.53276062011719 264 221.37017822265625 153.03057861328125 167 218.85531616210938 153.89134216308594 307 231.96153259277344 162.42591857910156 245 227.56964111328125 164.7996826171875 614 234.36529541015625 165.29037475585938 613 236.13059997558594 167.50741577148438 613 230.57209777832031 168.6192626953125 140 235.40122985839844 170.661865234375 248 238.64234924316406 170.70635986328125 171 244.07838439941406 172.77476501464844 617 237.66049194335938 173.65982055664062 234 243.38130187988281 176.130859375 -1 243.38130187988281 176.130859375 -1 247.471435546875 176.80166625976562 225 187.11991882324219 177.32939147949219 -1 241.795166015625 178.39154052734375 159 244.00157165527344 180.57130432128906 -1 248.87982177734375 182.30683898925781 434 220.99911499023438 145.98225402832031 474 29.767604827880859 143.98588562011719 298 48.483760833740234 136.51890563964844 -1 204.7708740234375 135.59246826171875 -1 27.235034942626953 125.44147491455078 523 165.41329956054688 125.02219390869141 546 58.33489990234375 125.22077941894531 160 202.61105346679688 117.67754364013672 -1 167.96066284179688 107.08539581298828 -1 47.209339141845703 105.13943481445312 -1 169.02362060546875 102.09785461425781 -1 12.546389579772949 98.658660888671875 165 26.081199645996094 83.546669006347656 414 47.209339141845703 105.13943481445312 -1 167.57394409179688 42.838546752929688 609 61.238510131835938 123.004150390625 160 245.75856018066406 183.01089477539062 141 156.72264099121094 42.032623291015625 422 253.05921936035156 187.201416015625 433 252.57142639160156 191.38584899902344 -1 68.240730285644531 215.27467346191406 588 142.60232543945312 229.41398620605469 -1 123.26949310302734 249.91133117675781 -1 187.43116760253906 223.72979736328125 -1 174.49104309082031 43.702842712402344 -1 78.730140686035156 146.333251953125 -1 29.769290924072266 146.64936828613281 298 
68 0.99950805675337118 0.030101645376375098 -0.0087880918889838445 0.00055215186819290653 0.99453328482752534 -2.3324157524358444 0.24561582143620059 1 000068.png
127.72786712646484 88.839523315429688 -1 35.142349243164062 184.38410949707031 -1 35.142349243164062 184.38410949707031 -1 35.142349243164062 184.38410949707031 -1 124.66329193115234 178.95664978027344 2 184.83346557617188 140.9378662109375 511 72.497909545898438 197.59431457519531 -1 164.31047058105469 211.6778564453125 -1 61.238914489746094 138.52671813964844 465 31.554555892944336 90.706390380859375 398 31.554555892944336 90.706390380859375 399 42.16510009765625 126.78509521484375 263 159.71868896484375 137.01600646972656 437 75.511550903320312 176.98321533203125 455 29.562383651733398 212.70431518554688 344 152.55267333984375 247.74960327148438 33 29.562383651733398 212.70431518554688 362 170.82186889648438 153.71188354492188 27 65.634300231933594 164.15066528320312 -1 112.18038940429688 144.37789916992188 10 168.4205322265625 238.12225341796875 -1 156.03436279296875 67.877059936523438 616 40.709232330322266 103.42303466796875 401 99.217094421386719 147.77999877929688 439 137.48281860351562 151.44169616699219 -1 115.56952667236328 165.20855712890625 -1 172.22447204589844 167.38253784179688 58 164.13693237304688 178.16984558105469 510 140.20008850097656 208.37641906738281 -1 45.478775024414062 211.69590759277344 -1 194.63897705078125 225.03340148925781 -1 178.38644409179688 250.114013671875 594 125.82479858398438 145.48025512695312 395 137.48281860351562 151.44169616699219 -1 125.82479858398438 145.48025512695312 -1 115.56952667236328 165.20855712890625 440 176.37188720703125 224.60296630859375 -1 68.072479248046875 105.89334106445312 67 149.68215942382812 143.30735778808594 111 67.149444580078125 104.04887390136719 67 199.1363525390625 118.4783935546875 133 157.66682434082031 219.96522521972656 -1 41.478157043457031 90.945457458496094 131 185.8331298828125 182.117919921875 -1 129.20506286621094 228.31575012207031 -1 7.6250724792480469 248.03961181640625 -1 142.00682067871094 163.56265258789062 -1 41.478157043457031 90.945457458496094 403 66.345634460449219 174.88984680175781 -1 59.755168914794922 186.58680725097656 325 83.619438171386719 203.19155883789062 -1 14.538931846618652 95.191184997558594 170 164.18646240234375 39.057216644287109 404 180.90969848632812 121.37097930908203 130 151.23524475097656 133.9429931640625 604 89.767601013183594 147.19296264648438 28 75.653541564941406 155.49656677246094 -1 176.11784362792969 179.67071533203125 42 175.23452758789062 189.51161193847656 -1 83.619438171386719 203.19155883789062 -1 59.17315673828125 176.43446350097656 323 44.936843872070312 98.849563598632812 -1 57.712528228759766 122.1356201171875 134 7.704679012298584 137.6961669921875 173 120.27838134765625 250.73313903808594 -1 77.365806579589844 205.36308288574219 -1 150.2698974609375 222.9388427734375 -1 186.18740844726562 173.46418762207031 -1 23.956525802612305 126.94355773925781 274 63.631366729736328 181.66021728515625 331 181.36618041992188 46.345977783203125 405 150.2698974609375 222.9388427734375 -1 163.37901306152344 75.97406005859375 -1 23.956525802612305 126.94355773925781 136 44.936843872070312 98.849563598632812 -1 181.36618041992188 46.345977783203125 -1 49.877052307128906 169.63383483886719 464 63.631366729736328 181.66021728515625 328 164.02432250976562 66.26416015625 407 180.76271057128906 170.48779296875 -1 155.67063903808594 153.33454895019531 -1 23.295772552490234 81.743812561035156 238 23.295772552490234 81.743812561035156 139 246.37290954589844 188.92143249511719 141 44.513942718505859 230.58232116699219 -1 31.549884796142578 237.59771728515625 -1 190.10673522949219 240.598876953125 481 185.51416015625 165.36920166015625 -1 58.830329895019531 183.57847595214844 -1 31.549884796142578 237.59771728515625 -1 39.404697418212891 99.213058471679688 137 74.751152038574219 56.519241333007812 -1 4.6391782760620117 98.588371276855469 612 157.39338684082031 131.57286071777344 -1 38.948688507080078 147.77818298339844 145 77.881072998046875 161.99348449707031 -1 185.51416015625 165.36920166015625 -1 47.031688690185547 165.76480102539062 329 189.28851318359375 169.5377197265625 -1 55.024578094482422 169.80355834960938 464 136.82058715820312 171.29244995117188 -1 48.761405944824219 174.89976501464844 336 58.830329895019531 183.57847595214844 325 72.369094848632812 43.609169006347656 589 249.46867370605469 178.39903259277344 225 55.478862762451172 184.14491271972656 -1 190.01191711425781 249.39408874511719 586 250.22331237792969 187.69837951660156 433 252.763671875 190.97789001464844 433 153.55752563476562 198.6907958984375 -1 20.106985092163086 156.14398193359375 264 81.252166748046875 212.10292053222656 587 26.495071411132812 78.770370483398438 -1 9.0713844299316406 99.031112670898438 612 68.070159912109375 219.61360168457031 588 48.114776611328125 106.49868011474609 -1 44.953578948974609 114.10591125488281 250 171.14942932128906 120.05754852294922 353 13.460838317871094 124.64501190185547 -1 47.477989196777344 135.32498168945312 153 88.417472839355469 139.12809753417969 351 9.8974113464355469 159.88809204101562 144 239.97773742675781 166.95216369628906 146 153.16746520996094 172.32917785644531 -1 240.81658935546875 172.19168090820312 171 174.16766357421875 174.78498840332031 -1 92.11376953125 175.50067138671875 -1 26.943693161010742 147.39945983886719 298 186.08807373046875 205.3309326171875 550 48.114776611328125 106.49868011474609 -1 44.953578948974609 114.10591125488281 250 13.460838317871094 124.64501190185547 -1 88.417472839355469 139.12809753417969 355 174.16766357421875 174.78498840332031 -1 203.64421081542969 118.49935150146484 -1 224.45600891113281 156.21778869628906 -1 247.7359619140625 184.76219177246094 141 64.196205139160156 157.36669921875 -1 219.85890197753906 154.32893371582031 307 61.515308380126953 158.86164855957031 -1 233.09048461914062 159.93646240234375 174 227.998046875 160.50871276855469 360 233.92845153808594 164.15176391601562 245 229.70588684082031 166.6097412109375 614 238.03213500976562 169.26689147949219 613 235.06742858886719 169.4647216796875 140 237.358154296875 172.35334777832031 248 239.5557861328125 174.99653625488281 234 83.866493225097656 175.60546875 -1 243.94927978515625 175.90177917480469 617 187.36891174316406 177.06065368652344 -1 240.72372436523438 180.19769287109375 -1 243.76216125488281 180.07009887695312 159 222.30210876464844 153.49969482421875 167 57.984989166259766 40.741340637207031 447 215.80795288085938 149.47795104980469 -1 161.42645263671875 43.016498565673828 422 216.88653564453125 146.86489868164062 -1 177.24778747558594 44.628742218017578 -1 30.494264602661133 144.95269775390625 298 49.107166290283203 137.45933532714844 -1 205.7860107421875 136.32012939453125 -1 47.361019134521484 132.03607177734375 -1 27.617441177368164 125.59035491943359 523 61.916164398193359 124.065185546875 160 62.441062927246094 120.51455688476562 162 212.65040588378906 145.09408569335938 158 47.007610321044922 92.5599365234375 262 13.029871940612793 99.579719543457031 165 65.867172241210938 112.19058227539062 189 153.19329833984375 202.54154968261719 -1 63.035720825195312 222.45265197753906 -1 230.14729309082031 156.12495422363281 174 85.275260925292969 182.978759765625 358 250.85569763183594 184.02871704101562 434 65.867172241210938 112.19058227539062 -1 236.23463439941406 166.9139404296875 613 48.185596466064453 124.79612731933594 -1 
69 0.99952552426607577 0.029571432128353593 -0.0086171410636267445 4.0278954373370239e-05 0.98527872607444378 -2.3450599985123044 0.23566433779844054 1 000069.png
127.78558349609375 93.952095031738281 396 124.79348754882812 178.66728210449219 2 35.448932647705078 185.35104370117188 -1 35.448932647705078 185.35104370117188 -1 35.448932647705078 185.35104370117188 -1 185.31781005859375 141.24220275878906 511 71.8585205078125 199.01536560058594 -1 57.3336181640625 90.54248046875 123 61.279544830322266 138.87889099121094 465 164.20001220703125 211.36869812011719 -1 31.529064178466797 91.143394470214844 398 31.529064178466797 91.143394470214844 399 29.199802398681641 213.50196838378906 362 19.428155899047852 236.25534057617188 -1 43.387779235839844 127.82805633544922 263 173.30819702148438 151.76730346679688 -1 75.139495849609375 177.0472412109375 455 29.199802398681641 213.50196838378906 344 19.428155899047852 236.25534057617188 -1 152.85574340820312 247.75117492675781 33 64.821075439453125 164.39956665039062 -1 168.24862670898438 238.56181335449219 -1 112.33639526367188 144.65719604492188 10 156.16363525390625 68.078834533691406 616 40.580760955810547 103.70401763916016 401 125.86446380615234 146.43310546875 395 137.49285888671875 152.56013488769531 -1 115.32266235351562 166.65208435058594 440 171.95005798339844 167.22198486328125 58 164.50381469726562 178.00300598144531 510 45.113002777099609 211.54193115234375 -1 174.4981689453125 224.13348388671875 -1 194.21534729003906 224.81974792480469 -1 177.86190795898438 250.22360229492188 594 115.32266235351562 166.65208435058594 21 137.49285888671875 152.56013488769531 -1 125.86446380615234 146.43310546875 -1 148.76274108886719 228.76557922363281 13 196.22604370117188 245.67869567871094 -1 66.026527404785156 102.91645812988281 67 182.97073364257812 120.90928649902344 182 41.4749755859375 91.186897277832031 403 199.41847229003906 118.78981781005859 133 182.97073364257812 120.90928649902344 130 149.72314453125 145.41757202148438 111 41.4749755859375 91.186897277832031 131 185.4334716796875 182.156005859375 -1 142.10195922851562 165.37168884277344 -1 175.46011352539062 179.71247863769531 42 170.63523864746094 183.78573608398438 -1 59.377033233642578 186.67433166503906 325 174.69319152832031 189.44367980957031 -1 83.631278991699219 204.11605834960938 -1 157.58233642578125 220.32595825195312 -1 83.631278991699219 204.11605834960938 -1 164.09950256347656 39.174472808837891 404 157.58233642578125 220.32595825195312 36 65.775070190429688 174.96885681152344 -1 181.44654846191406 46.512382507324219 405 14.576414108276367 96.063453674316406 170 89.537666320800781 147.76676940917969 28 75.072883605957031 155.26751708984375 -1 181.44654846191406 46.512382507324219 -1 163.72706604003906 75.829025268554688 -1 28.653270721435547 78.433952331542969 -1 10.464226722717285 100.63699340820312 612 58.771633148193359 176.46723937988281 323 57.780502319335938 122.50399017333984 134 23.994434356689453 127.37387847900391 136 46.42291259765625 165.47540283203125 329 49.584178924560547 169.59417724609375 464 63.131015777587891 181.56803894042969 328 46.42291259765625 165.47540283203125 -1 23.994434356689453 127.37387847900391 274 60.779457092285156 43.536670684814453 593 185.69026184082031 173.47544860839844 -1 164.45799255371094 66.203239440917969 407 63.131015777587891 181.56803894042969 331 77.441993713378906 206.35145568847656 -1 149.4512939453125 207.19340515136719 618 179.50090026855469 236.19770812988281 -1 60.779457092285156 43.536670684814453 447 155.86988830566406 155.54219055175781 -1 69.305900573730469 110.48274993896484 189 58.494792938232422 183.65325927734375 -1 15.289388656616211 97.260025024414062 170 39.214572906494141 99.634857177734375 137 99.180130004882812 39.727878570556641 -1 74.166877746582031 56.869438171386719 -1 23.938426971435547 82.101463317871094 139 4.6525993347167969 99.082374572753906 612 7.1382441520690918 137.27760314941406 173 0.76500463485717773 150.87641906738281 -1 185.01237487792969 165.4111328125 -1 188.77861022949219 169.53805541992188 -1 54.706016540527344 169.62332153320312 464 180.2960205078125 170.34039306640625 -1 156.06236267089844 183.49882507324219 -1 58.494792938232422 183.65325927734375 325 179.8592529296875 187.73924255371094 -1 246.49493408203125 188.63327026367188 141 189.87159729003906 249.46188354492188 586 23.938426971435547 82.101463317871094 238 15.289388656616211 97.260025024414062 166 185.01237487792969 165.4111328125 -1 180.2960205078125 170.34039306640625 -1 10.299753189086914 160.40644836425781 144 250.23184204101562 187.26541137695312 -1 45.244087219238281 114.64176940917969 250 250.91716003417969 193.506591796875 -1 172.06442260742188 119.70961761474609 353 47.545875549316406 135.72837829589844 153 26.799776077270508 148.07415771484375 298 38.62109375 148.68698120117188 145 185.5955810546875 205.22232055664062 550 154.78330993652344 209.35775756835938 -1 244.65464782714844 171.97152709960938 617 48.546585083007812 174.57792663574219 336 173.50570678710938 174.81442260742188 -1 55.052696228027344 184.16062927246094 -1 162.72001647949219 251.70063781738281 -1 9.0760707855224609 99.505119323730469 612 62.161819458007812 124.44158935546875 160 169.45161437988281 43.676521301269531 609 45.244087219238281 114.64176940917969 250 173.50570678710938 174.81442260742188 -1 154.78330993652344 209.35775756835938 -1 247.87570190429688 184.49967956542969 141 72.364433288574219 43.611019134521484 589 18.987064361572266 95.188316345214844 -1 234.03471374511719 163.87513732910156 245 229.76325988769531 166.25103759765625 614 239.5343017578125 166.58102416992188 146 57.415924072265625 167.00807189941406 327 238.14743041992188 168.97557067871094 613 237.45121765136719 172.07736206054688 248 239.49601745605469 174.60418701171875 234 186.84553527832031 177.0230712890625 -1 249.5235595703125 178.30511474609375 225 240.79087829589844 179.86056518554688 -1 243.9632568359375 179.89689636230469 159 222.24171447753906 153.16423034667969 167 212.36761474609375 144.54942321777344 158 6.5086631774902344 138.42268371582031 173 49.237995147705078 137.83647155761719 -1 47.39111328125 132.54203796386719 -1 27.621015548706055 125.94084167480469 523 13.488590240478516 125.07814788818359 -1 172.27767944335938 115.50643920898438 -1 241.06185913085938 172.23635864257812 171 62.425945281982422 120.90559387207031 162 42.993114471435547 109.38531494140625 435 13.32680606842041 100.16898345947266 165 46.949386596679688 92.852584838867188 262 26.523015975952148 84.540489196777344 414 177.50840759277344 44.633110046386719 -1 58.394424438476562 40.449119567871094 447 26.523015975952148 84.540489196777344 -1 13.488590240478516 125.07814788818359 -1 57.415924072265625 167.00807189941406 -1 219.8946533203125 154.10369873046875 -1 63.573982238769531 157.2518310546875 -1 228.09147644042969 160.17283630371094 360 250.99998474121094 183.80964660644531 434 221.88777160644531 146.13037109375 474 233.43630981445312 159.87054443359375 174 30.447429656982422 145.62374877929688 298 30.266458511352539 148.69392395019531 298 26.456951141357422 81.830001831054688 -1 3.3719370365142822 102.07913208007812 297 
70 0.99947455859267564 0.030618266495827922 -0.010377468501565486 0.0023316582652214454 0.97937778244523155 -2.3342335021091776 0.2863228722339542 1 000065.png
125.06407928466797 87.720466613769531 -1 60.725982666015625 137.58732604980469 465 181.48884582519531 139.23599243164062 -1 161.77006530761719 211.73567199707031 -1 22.024782180786133 236.7042236328125 598 22.024782180786133 236.7042236328125 599 40.520999908447266 125.78298187255859 575 155.60575866699219 135.03657531738281 437 61.302196502685547 165.52871704101562 -1 75.858718872070312 177.72665405273438 455 29.77223014831543 211.48561096191406 344 166.72286987304688 234.849853515625 594 198.2769775390625 242.28288269042969 -1 64.775764465332031 164.09437561035156 -1 111.3409423828125 143.0029296875 10 161.43824768066406 177.72654724121094 510 69.038551330566406 220.63604736328125 469 176.00700378417969 223.17630004882812 -1 195.12428283691406 224.27587890625 -1 60.024349212646484 54.738121032714844 470 151.21121215820312 66.876258850097656 616 57.954551696777344 153.057861328125 -1 39.311458587646484 102.58876037597656 401 65.864334106445312 101.56404876708984 67 123.82729339599609 142.94354248046875 -1 164.6051025390625 156.79685974121094 -1 172.02365112304688 167.26223754882812 58 81.590721130371094 196.12339782714844 -1 44.959598541259766 209.57878112792969 -1 123.82729339599609 142.94354248046875 -1 81.590721130371094 196.12339782714844 -1 44.858730316162109 178.40835571289062 -1 68.293502807617188 206.37724304199219 -1 77.936988830566406 169.06306457519531 -1 67.3004150390625 104.43238830566406 67 197.10636901855469 117.29486846923828 133 44.554157257080078 128.03955078125 263 145.96221923828125 140.31463623046875 -1 89.875656127929688 146.05294799804688 28 186.56442260742188 182.347900390625 -1 148.81976318359375 188.884765625 -1 135.98249816894531 230.49346923828125 -1 178.96977233886719 247.9747314453125 -1 40.371086120605469 90.135093688964844 403 137.58694458007812 241.64569091796875 -1 160.50111389160156 38.6236572265625 404 40.371086120605469 90.135093688964844 131 143.20263671875 232.26606750488281 -1 143.20263671875 232.26606750488281 -1 121.75755310058594 244.28109741210938 -1 176.58180236816406 179.74197387695312 42 65.668487548828125 174.94346618652344 -1 175.68661499023438 189.43721008300781 -1 161.36386108398438 244.55116271972656 -1 158.99801635742188 76.055862426757812 -1 13.634550094604492 94.342857360839844 170 179.34001159667969 119.32241058349609 -1 56.415512084960938 120.63607025146484 134 175.96392822265625 158.94696044921875 -1 86.619010925292969 170.89712524414062 -1 176.58180236816406 179.74197387695312 42 45.773853302001953 165.44122314453125 329 48.968967437744141 169.71875 464 163.60340881347656 204.24180603027344 -1 149.085205078125 205.69526672363281 618 140.84675598144531 220.15867614746094 -1 140.84675598144531 220.15867614746094 -1 180.62319946289062 235.03767395019531 -1 61.698108673095703 42.663200378417969 447 177.27235412597656 46.142173767089844 -1 159.93231201171875 65.672561645507812 -1 251.27586364746094 199.08668518066406 -1 9.718109130859375 99.306106567382812 612 22.89012336730957 126.24626159667969 136 246.98092651367188 193.23155212402344 -1 77.610343933105469 137.00117492675781 -1 168.63284301757812 114.18247222900391 -1 76.009819030761719 203.5753173828125 -1 61.698108673095703 42.663200378417969 593 62.981082916259766 181.66241455078125 331 58.348495483398438 176.49403381347656 323 186.70582580566406 173.51210021972656 -1 168.9776611328125 178.03225708007812 -1 151.77682495117188 147.49046325683594 -1 168.9776611328125 178.03225708007812 -1 62.981082916259766 181.66241455078125 328 45.773853302001953 165.44122314453125 -1 177.27235412597656 46.142173767089844 -1 186.01564025878906 165.38320922851562 -1 181.28697204589844 170.42364501953125 -1 178.03433227539062 176.18063354492188 -1 58.0047607421875 183.32221984863281 -1 190.65617370605469 247.70217895507812 586 146.37077331542969 41.345775604248047 -1 74.742523193359375 56.161930084228516 -1 157.4405517578125 60.884017944335938 -1 22.088459014892578 80.895309448242188 139 38.085971832275391 98.621635437011719 137 43.577033996582031 113.46963500976562 250 12.841050148010254 123.64011383056641 -1 6.026587963104248 135.8658447265625 173 152.58584594726562 137.45590209960938 56 235.98463439941406 162.95994567871094 -1 186.01564025878906 165.38320922851562 -1 91.318038940429688 168.23162841796875 -1 189.72718811035156 169.64054870605469 -1 53.841384887695312 170.3812255859375 464 181.28697204589844 170.42364501953125 -1 47.982639312744141 174.86885070800781 336 178.03433227539062 176.18063354492188 -1 234.59211730957031 176.69087219238281 -1 58.0047607421875 183.32221984863281 325 181.01652526855469 188.0302734375 -1 152.84028625488281 199.96176147460938 -1 145.27082824707031 203.954833984375 -1 186.62055969238281 204.84420776367188 550 147.56706237792969 218.93353271484375 -1 190.21295166015625 239.71493530273438 481 163.52085876464844 250.45057678222656 -1 74.742523193359375 56.161930084228516 -1 22.088459014892578 80.895309448242188 238 43.577033996582031 113.46963500976562 250 12.841050148010254 123.64011383056641 -1 174.7027587890625 174.70379638671875 -1 253.00765991210938 193.50401306152344 -1 72.322158813476562 43.725135803222656 589 37.067985534667969 146.81498718261719 145 9.0501985549926758 158.31324768066406 144 135.5074462890625 165.93016052246094 -1 91.513267517089844 173.60966491699219 -1 25.165834426879883 146.28996276855469 298 246.41658020019531 176.35023498535156 617 54.420204162597656 184.17021179199219 -1 247.91485595703125 187.08573913574219 141 169.31253051757812 43.987842559814453 609 174.7027587890625 174.70379638671875 -1 35.377010345458984 80.83251953125 554 4.429257869720459 97.855331420898438 612 8.5986499786376953 98.218894958496094 612 201.61781311035156 117.84767150878906 -1 57.331687927246094 125.58002471923828 160 46.248222351074219 133.89068603515625 153 228.82901000976562 163.54122924804688 -1 231.91621398925781 163.2841796875 -1 231.10823059082031 166.33944702148438 -1 234.24211120605469 166.34419250488281 245 233.43307495117188 169.43974304199219 248 237.56144714355469 170.33505249023438 613 43.354305267333984 172.18067932128906 -1 242.93167114257812 172.90478515625 617 240.08528137207031 173.46871948242188 171 238.31559753417969 175.51162719726562 234 188.01742553710938 177.37705993652344 -1 251.96650695800781 187.53498840332031 433 12.404828071594238 98.562545776367188 165 51.049694061279297 222.20535278320312 -1 148.96148681640625 222.01344299316406 -1 158.30043029785156 222.06489562988281 -1 188.42120361328125 228.96014404296875 383 188.64016723632812 232.34625244140625 -1 187.84483337402344 223.82864379882812 -1 214.88609313964844 146.37147521972656 -1 219.98674011230469 145.95777893066406 474 75.853523254394531 146.19049072265625 -1 47.534580230712891 136.50892639160156 -1 203.77081298828125 135.59254455566406 -1 33.021343231201172 104.58872985839844 452 48.992317199707031 123.91416168212891 -1 60.59674072265625 122.96834564208984 160 43.354305267333984 172.18067932128906 -1 51.049694061279297 222.20535278320312 -1 158.30043029785156 222.06489562988281 -1 45.670516967773438 115.70677185058594 -1 250.98939514160156 190.715087890625 -1 60.516399383544922 120.05001068115234 451 213.81057739257812 149.01539611816406 -1 17.31639289855957 152.50898742675781 264 220.34822082519531 153.00434875488281 307 217.85440063476562 153.89163208007812 -1 81.097312927246094 158.92306518554688 -1 26.60783576965332 125.39347839355469 523 62.867942810058594 157.518310546875 -1 28.750560760498047 146.65963745117188 298 90.689285278320312 138.81660461425781 607 78.290306091308594 146.1607666015625 81 
71 0.99961720645557395 0.025510071878016689 -0.010001049677731685 0.0038282889228326874 1.1274704232198278 -2.3735146434520762 0.23733590391516826 1 000071.png
127.44248199462891 95.910659790039062 396 123.66345977783203 180.52262878417969 2 33.461490631103516 186.27803039550781 -1 33.461490631103516 186.27803039550781 -1 68.905410766601562 206.56494140625 -1 185.25947570800781 142.26449584960938 511 143.47322082519531 189.62998962402344 -1 60.189277648925781 139.54336547851562 465 164.22714233398438 212.62129211425781 -1 31.228410720825195 91.146690368652344 398 31.228410720825195 91.146690368652344 399 42.338352203369141 127.68720245361328 263 152.58775329589844 252.41278076171875 -1 111.69173431396484 146.10546875 10 172.41122436523438 153.7218017578125 -1 65.152755737304688 164.54925537109375 -1 74.095817565917969 176.02473449707031 455 32.167007446289062 213.94581604003906 344 69.553184509277344 229.33160400390625 -1 167.65518188476562 239.71766662597656 -1 32.167007446289062 213.94581604003906 362 69.553184509277344 229.33160400390625 580 40.203014373779297 103.89408111572266 401 125.59862518310547 148.06112670898438 395 137.49978637695312 154.48092651367188 -1 172.07708740234375 167.46598815917969 58 115.35855865478516 169.255859375 21 46.733810424804688 178.268310546875 -1 148.55421447753906 230.98309326171875 13 196.03938293457031 245.62980651855469 -1 125.59862518310547 148.06112670898438 -1 115.35855865478516 169.255859375 440 177.47998046875 252.91046142578125 -1 156.65675354003906 69.413803100585938 616 135.87104797363281 233.87260437011719 347 52.530792236328125 227.23631286621094 -1 52.530792236328125 227.23631286621094 -1 41.236766815185547 91.258010864257812 131 199.42155456542969 120.50412750244141 133 182.99569702148438 122.70230102539062 130 164.69447326660156 178.30680847167969 510 185.42481994628906 182.24467468261719 -1 182.99569702148438 122.70230102539062 182 66.016075134277344 105.34801483154297 67 150.20692443847656 146.83207702636719 111 179.26927185058594 237.14486694335938 -1 88.47869873046875 148.80665588378906 28 182.51014709472656 48.055580139160156 405 66.963218688964844 174.81549072265625 -1 175.49224853515625 179.85964965820312 42 164.34902954101562 40.343631744384766 404 60.665428161621094 43.7254638671875 447 170.66204833984375 184.00750732421875 -1 174.78311157226562 189.47100830078125 -1 157.73741149902344 221.75074768066406 36 157.73741149902344 221.75074768066406 -1 60.665428161621094 43.7254638671875 593 10.095237731933594 100.60468292236328 612 33.253097534179688 101.83205413818359 -1 136.10145568847656 175.87808227539062 -1 164.73786926269531 76.868370056152344 -1 140.12344360351562 179.77885437011719 61 64.345169067382812 181.4012451171875 331 60.448501586914062 185.89250183105469 325 23.608819961547852 127.70036315917969 136 144.52992248535156 206.14700317382812 424 82.816429138183594 214.9305419921875 587 32.290992736816406 238.35383605957031 -1 160.32926940917969 199.2742919921875 -1 165.38380432128906 67.08905029296875 407 64.345169067382812 181.4012451171875 328 136.10145568847656 175.87808227539062 -1 60.029136657714844 175.96427917480469 -1 44.274993896484375 99.422943115234375 425 44.274993896484375 99.422943115234375 426 60.029136657714844 175.96427917480469 323 185.60858154296875 173.47987365722656 -1 51.140346527099609 169.22909545898438 464 155.80973815917969 157.01821899414062 -1 7.5924959182739258 138.25700378417969 173 23.608819961547852 127.70036315917969 274 57.377719879150391 123.04143524169922 134 73.000679016113281 56.903316497802734 427 73.000679016113281 56.903316497802734 410 23.409133911132812 81.857666015625 139 4.4297137260437012 99.035125732421875 612 68.338714599609375 111.49574279785156 189 44.841411590576172 114.84278106689453 250 48.18231201171875 165.80015563964844 329 56.176837921142578 168.99588012695312 464 188.56863403320312 169.54270935058594 -1 59.835315704345703 183.70484924316406 325 179.87265014648438 187.77191162109375 -1 246.05194091796875 190.68893432617188 141 78.577621459960938 207.07186889648438 -1 153.47837829589844 214.99191284179688 -1 44.220989227294922 233.86283874511719 -1 59.835315704345703 183.70484924316406 -1 23.409133911132812 81.857666015625 238 44.841411590576172 114.84278106689453 250 56.176837921142578 168.99588012695312 327 162.67082214355469 254.029296875 -1 133.44956970214844 41.503726959228516 356 189.61872863769531 251.20648193359375 586 26.218120574951172 85.026901245117188 414 15.399929046630859 97.756729125976562 166 8.9151725769042969 99.55572509765625 612 38.707202911376953 99.89471435546875 137 37.0528564453125 105.78292083740234 199 172.05490112304688 121.72492980957031 353 50.32781982421875 124.80222320556641 -1 185.59077453613281 205.222412109375 550 47.504325866699219 135.80810546875 153 76.701446533203125 161.83462524414062 -1 164.16572570800781 164.43930053710938 -1 184.960693359375 165.29493713378906 -1 163.35433959960938 169.712158203125 -1 50.055316925048828 174.25306701660156 336 173.70649719238281 174.75604248046875 -1 238.13601684570312 179.86795043945312 234 90.432937622070312 180.18003845214844 -1 90.549186706542969 183.72518920898438 -1 56.398521423339844 183.7718505859375 -1 250.01699829101562 189.52227783203125 433 252.85374450683594 192.92637634277344 433 155.48823547363281 197.62446594238281 460 68.837799072265625 44.524177551269531 589 153.49494934082031 201.83468627929688 -1 15.399929046630859 97.756729125976562 170 37.0528564453125 105.78292083740234 202 184.960693359375 165.29493713378906 -1 173.70649719238281 174.75604248046875 -1 238.08140563964844 171.02627563476562 613 45.463729858398438 171.75762939453125 -1 233.12510681152344 161.71463012695312 174 237.35456848144531 174.11628723144531 248 240.51913452148438 173.87451171875 171 239.40916442871094 176.64646911621094 234 242.67555236816406 176.42637634277344 617 186.78846740722656 177.0760498046875 -1 241.20953369140625 178.83677673339844 234 243.52937316894531 181.57440185546875 159 221.4830322265625 158.08512878417969 307 221.41334533691406 154.34786987304688 167 187.99459838867188 165.06733703613281 -1 217.4180908203125 153.37666320800781 -1 211.29006958007812 145.35284423828125 158 27.538043975830078 126.09828948974609 523 58.633277893066406 127.21675872802734 160 203.97392272949219 120.78816223144531 -1 61.897510528564453 121.62495422363281 162 12.766277313232422 100.03094482421875 165 46.737846374511719 93.045875549316406 262 35.789573669433594 81.91339111328125 554 250.51078796386719 185.66146850585938 434 61.804370880126953 124.699951171875 160 190.5316162109375 173.4423828125 -1 233.9599609375 165.92317199707031 245 229.636474609375 168.25068664550781 614 239.23283386230469 168.4302978515625 146 247.4788818359375 186.47099304199219 141 73.924201965332031 219.97885131835938 -1 31.912391662597656 223.17955017089844 -1 45.463729858398438 171.75762939453125 -1 228.06398010253906 162.33915710449219 360 39.922306060791016 110.87836456298828 435 226.49502563476562 153.62913513183594 168 
72 0.99959961693285715 0.026247975620153637 -0.010181578377628012 0.0028257857791326702 1.1636616239095006 -2.3779708325774997 0.20315042458736143 1 000072.png
127.3985595703125 96.038589477539062 396 123.67072296142578 180.20907592773438 2 33.175548553466797 186.1885986328125 -1 33.175548553466797 186.1885986328125 -1 185.50294494628906 142.39515686035156 511 59.812175750732422 139.84321594238281 465 68.995933532714844 206.81217956542969 -1 163.65315246582031 211.77177429199219 -1 31.234617233276367 91.06298828125 398 144.86273193359375 191.64190673828125 -1 31.234617233276367 91.06298828125 399 20.858413696289062 235.92079162597656 -1 70.630699157714844 231.05072021484375 580 20.858413696289062 235.92079162597656 -1 70.630699157714844 231.05072021484375 -1 32.690971374511719 213.83645629882812 344 166.91073608398438 239.49519348144531 -1 153.16624450683594 248.35069274902344 33 78.04730224609375 162.09426879882812 -1 111.54315948486328 146.13302612304688 -1 32.690971374511719 213.83645629882812 362 111.54315948486328 146.13302612304688 10 65.374046325683594 164.75299072265625 -1 74.045623779296875 176.08268737792969 455 40.174457550048828 103.93202209472656 401 125.52235412597656 148.1844482421875 395 137.50624084472656 155.15676879882812 -1 170.75752258300781 155.61984252929688 27 171.01492309570312 167.46417236328125 58 115.07878875732422 169.86943054199219 21 149.22923278808594 229.85626220703125 13 135.8399658203125 233.9495849609375 347 7.9295635223388672 246.81703186035156 -1 195.42324829101562 246.12631225585938 -1 176.59378051757812 251.21038818359375 -1 115.07878875732422 169.86943054199219 440 156.88088989257812 69.308128356933594 616 75.561210632324219 223.89903259277344 -1 75.561210632324219 223.89903259277344 469 183.25189208984375 122.71607208251953 130 88.3011474609375 155.0606689453125 456 164.41192626953125 178.53672790527344 510 184.43067932128906 182.00251770019531 -1 53.024452209472656 227.69198608398438 -1 183.25189208984375 122.71607208251953 182 164.76121520996094 39.513568878173828 404 41.087440490722656 91.104148864746094 131 199.54719543457031 120.54878234863281 133 153.61811828613281 58.628089904785156 457 150.39828491210938 146.82818603515625 111 174.43232727050781 179.94497680664062 42 182.492431640625 47.326442718505859 405 157.71942138671875 221.40692138671875 36 178.37918090820312 236.32212829589844 -1 157.71942138671875 221.40692138671875 -1 165.97808837890625 66.84820556640625 407 165.31840515136719 76.490005493164062 -1 184.61543273925781 173.19769287109375 -1 60.602874755859375 176.17716979980469 323 64.58349609375 181.30290222167969 331 140.10760498046875 181.46128845214844 61 60.875881195068359 185.96022033691406 325 174.10838317871094 188.8232421875 -1 82.822715759277344 214.92453002929688 587 155.72874450683594 158.08039855957031 -1 23.606416702270508 127.7005615234375 274 57.385772705078125 123.03620910644531 134 67.591232299804688 121.61511993408203 322 51.614444732666016 169.30345153808594 464 33.253952026367188 101.80880737304688 -1 10.092201232910156 100.60285949707031 612 64.58349609375 181.30290222167969 328 60.602874755859375 176.17716979980469 -1 23.606416702270508 127.7005615234375 136 72.585159301757812 56.903537750244141 410 72.585159301757812 56.903537750244141 427 49.059455871582031 231.35292053222656 -1 44.840587615966797 114.84260559082031 250 56.679512023925781 169.00192260742188 327 179.25956726074219 170.32374572753906 -1 136.35868835449219 178.76614379882812 -1 78.513954162597656 207.07478332519531 -1 7.2917046546936035 162.00411987304688 144 49.059455871582031 231.35292053222656 -1 68.095489501953125 44.478199005126953 589 23.470767974853516 81.746208190917969 139 4.4294548034667969 99.042366027832031 612 44.840587615966797 114.84260559082031 250 48.751529693603516 165.72897338867188 329 56.679512023925781 169.00192260742188 464 187.52775573730469 169.36268615722656 -1 179.25956726074219 170.32374572753906 -1 136.35868835449219 178.76614379882812 61 156.08644104003906 187.29769897460938 -1 178.864501953125 187.48194885253906 -1 246.40591430664062 190.85098266601562 141 156.22299194335938 196.71044921875 460 160.83729553222656 198.22700500488281 -1 78.513954162597656 207.07478332519531 -1 153.49760437011719 214.75102233886719 -1 44.710700988769531 233.880859375 -1 32.902328491210938 238.51687622070312 -1 189.28868103027344 249.56159973144531 586 251.37249755859375 182.17333984375 225 26.221546173095703 85.030616760253906 414 15.396053314208984 97.757026672363281 166 8.9186792373657227 99.557502746582031 612 38.82611083984375 148.34115600585938 145 77.856857299804688 152.53549194335938 -1 153.41978454589844 177.96044921875 485 173.127685546875 174.526611328125 -1 56.850208282470703 183.79403686523438 -1 250.25633239746094 189.48326110839844 433 32.052074432373047 223.29856872558594 -1 37.052536010742188 105.78255462646484 199 187.78167724609375 234.82820129394531 -1 161.46524047851562 253.45889282226562 -1 38.711112976074219 99.8929443359375 137 67.870582580566406 111.30187225341797 189 50.334110260009766 124.76387023925781 -1 183.97503662109375 165.02186584472656 -1 15.396053314208984 97.757026672363281 170 37.052536010742188 105.78255462646484 202 173.127685546875 174.526611328125 -1 47.706867218017578 135.49404907226562 153 183.97503662109375 165.02186584472656 -1 244.66415405273438 173.54389953613281 617 50.542457580566406 174.29197692871094 336 185.77986145019531 176.84431457519531 -1 245.59217834472656 179.2696533203125 617 247.15773010253906 181.37754821777344 156 250.82670593261719 185.73162841796875 434 150.30807495117188 214.63853454589844 -1 35.597175598144531 81.838844299316406 554 46.605339050292969 92.8116455078125 262 12.766604423522949 100.03108978271484 165 58.633533477783203 127.22065734863281 160 229.6932373046875 168.05979919433594 614 233.95619201660156 165.68267822265625 245 76.834373474121094 165.08891296386719 -1 186.97676086425781 164.71871948242188 -1 239.44987487792969 168.37680053710938 146 228.06048583984375 162.11497497558594 360 78.105911254882812 158.34353637695312 -1 64.965492248535156 157.47248840332031 -1 77.672744750976562 153.24407958984375 -1 63.247585296630859 110.45140075683594 -1 76.059371948242188 150.25918579101562 -1 27.53577995300293 126.09429168701172 523 61.840057373046875 124.68537902832031 162 63.247585296630859 110.45140075683594 -1 39.931804656982422 110.92082214355469 435 61.923717498779297 121.58415985107422 162 241.27615356445312 178.529541015625 159 235.04837036132812 170.93449401855469 140 189.52285766601562 173.35513305664062 -1 74.804283142089844 144.83808898925781 81 240.52484130859375 173.41920471191406 171 237.33517456054688 173.83106994628906 248 243.07499694824219 176.42927551269531 617 219.33460998535156 151.28286743164062 167 236.2633056640625 168.44683837890625 613 70.765953063964844 155.99995422363281 -1 238.05259704589844 170.72775268554688 613 
73 0.99958227998249305 0.025593466347660854 -0.011578883081215215 0.006794813603314429 1.4610570754121455 -2.4233445191496386 0.061755399874612912 1 000074.png
127.18936920166016 96.005645751953125 396 122.55209350585938 181.23709106445312 2 37.631435394287109 181.39710998535156 -1 37.631435394287109 181.39710998535156 -1 186.12933349609375 143.65016174316406 511 70.230148315429688 207.5186767578125 124 55.798625946044922 93.303115844726562 123 58.879749298095703 140.33515930175781 465 31.010095596313477 90.338424682617188 398 144.8525390625 193.14375305175781 15 162.13079833984375 210.70567321777344 -1 31.010095596313477 90.338424682617188 399 64.751678466796875 166.54278564453125 -1 111.31143188476562 146.71214294433594 10 36.237754821777344 213.49264526367188 344 149.16156005859375 231.59844970703125 13 172.78099060058594 252.09288024902344 -1 36.237754821777344 213.49264526367188 362 156.97412109375 69.263710021972656 616 12.560673713684082 93.026786804199219 126 39.818691253662109 103.54315185546875 401 198.06950378417969 133.00006103515625 128 14.278533935546875 245.94097900390625 -1 151.90769958496094 247.91700744628906 33 63.49310302734375 177.79861450195312 -1 75.467437744140625 224.82710266113281 -1 164.49366760253906 239.14805603027344 32 114.70863342285156 171.00741577148438 21 137.42431640625 156.61920166015625 -1 125.15917205810547 149.23503112792969 395 75.467437744140625 224.82710266113281 469 74.406303405761719 175.92430114746094 455 65.016281127929688 191.73234558105469 -1 65.016281127929688 191.73234558105469 -1 45.013988494873047 129.45646667480469 263 125.60055541992188 235.98323059082031 -1 40.791511535644531 90.761604309082031 403 40.791511535644531 90.761604309082031 131 199.37724304199219 121.13426208496094 133 150.26263427734375 145.90631103515625 111 87.406196594238281 149.02629089355469 28 169.61956787109375 157.10215759277344 27 168.89179992675781 166.91069030761719 58 141.57620239257812 170.9622802734375 -1 180.46305847167969 180.62632751464844 -1 154.62632751464844 58.458206176757812 457 165.29837036132812 76.566322326660156 -1 163.36810302734375 178.75152587890625 510 171.40736389160156 179.39793395996094 42 157.48406982421875 221.70755004882812 36 174.82533264160156 235.9794921875 -1 165.165771484375 39.250434875488281 404 170.20281982421875 190.1507568359375 -1 183.53460693359375 47.145801544189453 405 157.48406982421875 221.70755004882812 -1 182.61869812011719 124.03670501708984 130 174.82533264160156 235.9794921875 -1 165.98924255371094 66.567222595214844 407 56.075557708740234 168.64910888671875 464 64.689048767089844 176.57244873046875 323 6.5198330879211426 137.7486572265625 173 139.99578857421875 183.6470947265625 61 64.925216674804688 186.06211853027344 325 170.70004272460938 188.6993408203125 -1 75.1273193359375 195.07600402832031 -1 83.592063903808594 214.99415588378906 150 157.58470153808594 138.10836791992188 56 64.689048767089844 176.57244873046875 -1 14.292702674865723 95.590507507324219 166 22.595890045166016 127.71860504150391 136 57.343963623046875 122.37837982177734 134 9.7556638717651367 99.7646484375 612 14.292702674865723 95.590507507324219 170 175.57032775878906 170.39677429199219 -1 180.67095947265625 172.47506713867188 -1 54.894893646240234 174.19035339355469 336 136.18159484863281 180.73892211914062 61 68.450515747070312 181.59619140625 331 175.60452270507812 188.1304931640625 -1 246.44715881347656 191.70193481445312 141 154.18138122558594 197.26747131347656 460 81.71337890625 200.30934143066406 -1 147.39109802246094 201.26216125488281 -1 80.633926391601562 208.38850402832031 -1 153.25967407226562 214.71243286132812 -1 71.615921020507812 56.574954986572266 427 22.869085311889648 81.191818237304688 238 44.730865478515625 115.02283477783203 250 12.506372451782227 124.36031341552734 -1 136.18159484863281 180.73892211914062 -1 68.450515747070312 181.59619140625 328 80.633926391601562 208.38850402832031 -1 22.869085311889648 81.191818237304688 139 4.2653589248657227 98.411376953125 612 71.615921020507812 56.574954986572266 410 66.971099853515625 110.27035522460938 189 44.730865478515625 115.02283477783203 250 67.387977600097656 120.70547485351562 322 12.506372451782227 124.36031341552734 -1 69.037956237792969 126.21226501464844 -1 53.238506317138672 164.89714050292969 329 183.43861389160156 168.52476501464844 -1 232.52410888671875 173.21693420410156 140 176.30813598632812 173.78425598144531 -1 169.24519348144531 174.7301025390625 -1 152.96461486816406 181.26728820800781 485 251.364990234375 183.102783203125 225 89.289360046386719 183.80453491210938 -1 46.981800079345703 135.3072509765625 153 243.71250915527344 182.32412719726562 159 250.18650817871094 190.39469909667969 433 155.26815795898438 190.4896240234375 -1 61.332778930664062 167.79080200195312 464 161.28933715820312 194.00509643554688 -1 252.76753234863281 193.74763488769531 433 155.210693359375 204.93785095214844 100 155.51591491699219 227.84867858886719 118 186.23980712890625 249.86346435546875 586 38.223663330078125 147.83680725097656 145 125.196533203125 250.07542419433594 -1 38.506824493408203 99.344596862792969 137 228.77375793457031 168.80447387695312 614 50.016284942626953 124.03749847412109 -1 154.92140197753906 209.01628112792969 -1 69.04888916015625 43.053920745849609 589 169.24519348144531 174.7301025390625 -1 47.273227691650391 106.45125579833984 -1 180.07347106933594 163.98368835449219 86 61.332778930664062 167.79080200195312 327 169.24519348144531 174.7301025390625 338 155.210693359375 204.93785095214844 320 47.273227691650391 106.45125579833984 -1 74.06494140625 144.59620666503906 81 50.016284942626953 124.03749847412109 473 8.410304069519043 160.33895874023438 144 180.07347106933594 163.98368835449219 -1 29.731287002563477 147.68174743652344 298 61.503433227539062 121.3314208984375 162 235.09307861328125 171.75492858886719 140 232.19264221191406 168.26129150390625 614 238.13584899902344 171.57502746582031 613 185.59048461914062 172.78610229492188 -1 166.37451171875 173.55343627929688 -1 65.283927917480469 44.221988677978516 -1 240.2647705078125 174.26983642578125 171 181.87142944335938 175.912353515625 -1 246.1046142578125 177.16862487792969 617 243.17658996582031 177.59121704101562 617 241.31460571289062 179.576416015625 159 245.5968017578125 180.29818725585938 617 247.14933776855469 182.36553955078125 156 250.83341979980469 186.74383544921875 434 179.45303344726562 45.328113555908203 -1 150.00894165039062 214.50634765625 -1 66.015129089355469 225.04350280761719 -1 143.08265686035156 252.49638366699219 -1 25.222110748291016 84.236595153808594 414 241.20303344726562 171.40580749511719 171 12.547666549682617 99.306159973144531 165 233.92347717285156 166.15585327148438 245 228.01191711425781 162.76568603515625 360 43.545650482177734 86.203781127929688 339 221.56135559082031 158.54878234863281 307 230.09727478027344 158.3397216796875 174 66.781646728515625 158.17866516113281 -1 226.52729797363281 154.09410095214844 168 218.84770202636719 151.30513000488281 167 224.0042724609375 150.96029663085938 474 11.43454647064209 96.438392639160156 321 44.4443359375 96.728691101074219 -1 42.156318664550781 109.16524505615234 435 237.32571411132812 174.56843566894531 248 44.814414978027344 110.93609619140625 -1 57.881057739257812 124.10307312011719 451 61.171241760253906 124.53953552246094 160 236.29649353027344 169.24960327148438 613 26.530059814453125 126.12594604492188 523 58.167812347412109 126.85072326660156 160 75.687995910644531 152.71981811523438 249 46.902633666992188 132.02371215820312 -1 29.757991790771484 144.93548583984375 298 233.06718444824219 161.89834594726562 174 4.8673186302185059 138.41328430175781 173 2.7618210315704346 101.24234771728516 297 
74 0.99957956124437974 0.02602964575704542 -0.011457235268718629 0.0056471270796378875 1.4639204685406817 -2.4045690061180127 0.10829236856888101 1 000075.png
126.86084747314453 95.927223205566406 396 122.16169738769531 181.31977844238281 2 38.159908294677734 180.38319396972656 -1 38.159908294677734 180.38319396972656 -1 85.177108764648438 162.16030883789062 -1 55.767021179199219 93.129219055175781 123 51.200672149658203 74.822639465332031 -1 58.6871337890625 140.44670104980469 465 70.659263610839844 207.55630493164062 124 162.23423767089844 33.828865051269531 -1 161.40919494628906 202.83943176269531 397 111.30715179443359 146.71368408203125 10 65.826919555664062 166.30189514160156 -1 37.644966125488281 212.71615600585938 362 148.52427673339844 231.58125305175781 13 14.911664962768555 244.66102600097656 -1 170.12162780761719 249.02023315429688 14 144.87425231933594 194.92839050292969 15 14.911664962768555 244.66102600097656 -1 156.50222778320312 69.359779357910156 616 12.591867446899414 92.988883972167969 126 39.80963134765625 103.53598785400391 401 198.16893005371094 132.96902465820312 128 137.29853820800781 157.3609619140625 -1 114.65305328369141 171.25506591796875 21 75.413597106933594 224.79972839355469 -1 125.21407318115234 149.41716003417969 395 75.413597106933594 224.79972839355469 469 164.67279052734375 36.936550140380859 404 64.728164672851562 177.99447631835938 -1 45.20025634765625 129.2210693359375 263 199.49919128417969 121.01610565185547 133 169.53239440917969 157.05386352539062 27 87.387306213378906 148.978515625 28 40.746654510498047 90.686897277832031 131 150.02534484863281 146.13198852539062 111 140.91246032714844 171.98939514160156 -1 74.473876953125 175.73829650878906 455 163.10090637207031 238.47200012207031 32 151.26304626464844 246.70155334472656 33 140.91246032714844 171.98939514160156 34 167.61175537109375 189.21038818359375 35 157.40875244140625 221.76669311523438 36 56.938983917236328 227.09695434570312 -1 166.25823974609375 68.613388061523438 407 182.85455322265625 123.9666748046875 130 58.479827880859375 41.298126220703125 593 143.04005432128906 205.24406433105469 39 58.479827880859375 41.298126220703125 447 153.48670959472656 57.914615631103516 457 167.84622192382812 165.89070129394531 -1 176.44548034667969 179.2686767578125 42 56.938983917236328 227.09695434570312 -1 6.5160460472106934 137.49264526367188 173 57.403202056884766 122.30912017822266 134 9.7870054244995117 99.694435119628906 612 139.49868774414062 178.36439514160156 46 83.506752014160156 215.51785278320312 150 169.08651733398438 178.90376281738281 48 66.093727111816406 186.25709533691406 325 169.08651733398438 178.90376281738281 -1 14.30811595916748 95.527801513671875 170 139.49868774414062 178.36439514160156 51 65.948127746582031 176.59892272949219 -1 14.30811595916748 95.527801513671875 166 150.91777038574219 202.58457946777344 618 157.391845703125 178.1981201171875 485 65.948127746582031 176.59892272949219 323 57.720813751220703 168.46185302734375 464 157.32688903808594 137.71044921875 56 180.09420776367188 167.57609558105469 -1 172.51316833496094 170.05374145507812 58 177.69276428222656 171.76005554199219 -1 56.658676147460938 173.92164611816406 336 69.750190734863281 181.96450805664062 331 135.85295104980469 182.97036743164062 61 154.286376953125 195.47163391113281 460 22.975887298583984 81.173149108886719 238 69.750190734863281 181.96450805664062 328 246.52371215820312 191.52316284179688 141 71.616104125976562 56.574275970458984 410 22.975887298583984 81.173149108886719 139 65.846351623535156 108.39331817626953 67 44.729347229003906 115.01049041748047 250 67.116569519042969 120.69773864746094 322 68.780235290527344 126.27806854248047 -1 22.832263946533203 127.83101654052734 136 8.0393714904785156 160.09396362304688 144 54.934310913085938 164.61749267578125 329 66.070503234863281 158.59271240234375 499 246.39122009277344 176.63140869140625 617 243.7098388671875 181.94183349609375 159 251.564453125 182.79988098144531 225 38.244125366210938 147.816650390625 145 89.290496826171875 185.80168151855469 -1 250.28839111328125 190.13035583496094 433 252.82087707519531 193.40565490722656 433 144.55326843261719 206.17575073242188 424 38.504035949707031 99.346221923828125 137 155.21900939941406 226.89755249023438 118 161.66062927246094 42.705924987792969 422 4.3205080032348633 98.374786376953125 612 12.505011558532715 124.38683319091797 -1 47.149642944335938 135.03997802734375 153 73.802299499511719 144.967041015625 81 184.24118041992188 249.86283874511719 -1 222.89207458496094 160.53826904296875 307 176.48567199707031 163.57284545898438 -1 62.890850067138672 167.20545959472656 464 228.82093811035156 168.58473205566406 614 232.49012756347656 173.00532531738281 140 148.37969970703125 213.46632385253906 -1 80.733039855957031 209.1807861328125 -1 78.595474243164062 204.17463684082031 -1 148.37969970703125 213.46632385253906 -1 12.505011558532715 124.38683319091797 -1 176.48567199707031 163.57284545898438 86 62.890850067138672 167.20545959472656 327 78.595474243164062 204.17463684082031 236 228.01615905761719 162.53843688964844 360 233.96762084960938 165.9466552734375 245 237.04165649414062 166.011474609375 146 232.15470886230469 167.92501831054688 614 236.29200744628906 168.93701171875 613 238.10856628417969 171.30677795410156 613 235.07772827148438 171.47154235839844 140 182.10281372070312 171.93827819824219 -1 240.43655395507812 174.15370178222656 171 79.652671813964844 174.74726867675781 -1 237.37213134765625 174.41297912597656 248 240.03950500488281 177.6744384765625 234 243.33343505859375 177.38471984863281 617 241.43684387207031 179.33502197265625 159 245.799560546875 180.17533874511719 617 247.25794982910156 182.10240173339844 156 250.916015625 186.44435119628906 434 12.656352043151855 99.185531616210938 165 155.9361572265625 200.067626953125 -1 233.10174560546875 161.65351867675781 174 2.8178839683532715 101.24810028076172 297 226.59501647949219 153.70878601074219 168 75.566566467285156 152.75433349609375 249 219.35328674316406 151.801513671875 167 29.928377151489258 147.54798889160156 298 211.88078308105469 146.06388854980469 158 29.868223190307617 144.61322021484375 298 58.281902313232422 126.62541961669922 160 230.11228942871094 157.92044067382812 174 42.157604217529297 109.16422271728516 435 61.525798797607422 121.19716644287109 162 57.915126800537109 123.88743591308594 451 61.450275421142578 124.22071838378906 162 25.219289779663086 84.121971130371094 414 37.815982818603516 222.24676513671875 -1 26.834779739379883 125.41650390625 523 62.016765594482422 109.55307006835938 -1 62.016765594482422 109.55307006835938 -1 
75 0.99957214644101755 0.027750006957804236 -0.0092354779045578216 0.00040880437050377379 0.96696747989107312 -2.3375864685334453 0.28492492315970908 1 000070.png
127.60408020019531 95.324836730957031 396 124.55268859863281 178.95011901855469 2 34.040065765380859 186.47465515136719 -1 34.040065765380859 186.47465515136719 -1 34.040065765380859 186.47465515136719 -1 185.16770935058594 141.74714660644531 511 92.981826782226562 155.15440368652344 -1 70.201171875 202.28421020507812 -1 60.592021942138672 139.20907592773438 465 163.9703369140625 211.62042236328125 -1 31.35078239440918 91.294059753417969 398 97.951568603515625 189.83047485351562 -1 143.63102722167969 188.80760192871094 -1 31.35078239440918 91.294059753417969 399 42.304290771484375 127.76134490966797 263 74.327873229980469 177.02790832519531 455 28.944051742553711 213.87504577636719 344 18.263412475585938 236.87208557128906 -1 28.944051742553711 213.87504577636719 362 18.263412475585938 236.87208557128906 -1 171.6666259765625 153.71722412109375 27 64.506744384765625 164.51356506347656 -1 167.77632141113281 239.76673889160156 594 152.9207763671875 247.12965393066406 33 111.68626403808594 145.73176574707031 10 156.30914306640625 69.190017700195312 616 40.421222686767578 103.86663055419922 401 197.92240905761719 131.05130004882812 128 125.89982604980469 147.20416259765625 395 137.52799987792969 153.99334716796875 -1 174.16264343261719 225.34768676757812 -1 148.854736328125 229.00944519042969 13 136.16653442382812 231.76791381835938 347 177.09817504882812 251.03445434570312 -1 115.41134643554688 168.64280700683594 21 45.223659515380859 178.29466247558594 -1 115.41134643554688 168.64280700683594 440 171.46023559570312 167.28135681152344 58 44.796833038330078 211.10830688476562 -1 182.98527526855469 121.65695953369141 130 149.75184631347656 146.67576599121094 111 142.1876220703125 166.89723205566406 -1 164.23757934570312 178.23898315429688 510 184.92254638671875 181.95896911621094 -1 51.383289337158203 227.37672424316406 -1 182.98527526855469 121.65695953369141 182 199.41752624511719 119.78890228271484 133 41.457466125488281 91.437896728515625 131 65.935249328613281 104.28395080566406 67 88.692298889160156 148.47956848144531 28 65.575874328613281 175.15762329101562 -1 164.14128112792969 76.868301391601562 -1 175.08168029785156 179.51736450195312 42 157.80130004882812 220.11447143554688 -1 174.23269653320312 189.41242980957031 -1 39.240371704101562 200.33396911621094 -1 181.95195007324219 47.4083251953125 405 157.80130004882812 220.11447143554688 36 151.24191284179688 137.92401123046875 604 83.238197326660156 205.79829406738281 -1 74.070419311523438 155.21466064453125 -1 164.33224487304688 40.154006958007812 404 83.238197326660156 205.79829406738281 -1 181.95195007324219 47.4083251953125 -1 60.062294006347656 43.972282409667969 447 7.6798338890075684 138.24163818359375 173 23.603166580200195 127.69650268554688 274 58.925819396972656 186.04295349121094 325 142.57647705078125 178.92204284667969 -1 62.718246459960938 181.52020263671875 331 47.685829162597656 175.38002014160156 336 159.99874877929688 198.078369140625 -1 149.51387023925781 207.037841796875 618 77.355567932128906 207.05526733398438 -1 179.11540222167969 236.64997863769531 -1 184.65959167480469 237.36883544921875 -1 30.937135696411133 238.50424194335938 -1 179.72653198242188 170.56817626953125 -1 23.603166580200195 127.69650268554688 136 60.062294006347656 43.972282409667969 593 136.37744140625 174.56585693359375 -1 58.422622680664062 176.42835998535156 323 179.72653198242188 170.56817626953125 -1 49.3841552734375 169.44908142089844 464 151.10516357421875 43.503017425537109 -1 136.37744140625 174.56585693359375 -1 10.162211418151855 100.63686370849609 612 57.357349395751953 123.06357574462891 134 62.718246459960938 181.52020263671875 328 142.57647705078125 178.92204284667969 -1 164.88302612304688 67.217376708984375 407 155.88981628417969 156.63320922851562 -1 185.08039855957031 173.19282531738281 -1 156.13674926757812 184.55812072753906 -1 179.39070129394531 187.53492736816406 -1 246.40847778320312 189.61817932128906 141 154.75340270996094 197.67588806152344 460 42.903362274169922 233.83731079101562 -1 37.437538146972656 105.85740661621094 202 23.666599273681641 82.104446411132812 238 44.873622894287109 114.87739562988281 250 54.426013946533203 169.23503112792969 327 58.07708740234375 183.52052307128906 325 37.437538146972656 105.85740661621094 199 73.505958557128906 57.269325256347656 -1 23.666599273681641 82.104446411132812 139 4.4427070617675781 99.063003540039062 612 68.944381713867188 112.18579864501953 189 44.873622894287109 114.87739562988281 250 69.134506225585938 120.16718292236328 322 157.53321838378906 135.11662292480469 56 46.386173248291016 165.87741088867188 329 188.06118774414062 169.33811950683594 -1 54.426013946533203 169.23503112792969 464 91.124931335449219 172.52806091308594 -1 58.07708740234375 183.52052307128906 -1 169.70269775390625 44.691364288330078 609 173.17485046386719 174.52566528320312 -1 153.48724365234375 174.92756652832031 -1 91.090164184570312 177.638427734375 -1 161.41629028320312 253.07902526855469 -1 250.17642211914062 188.38018798828125 433 252.80667114257812 191.78842163085938 433 152.76939392089844 201.88819885253906 618 185.07887268066406 205.06117248535156 550 68.910636901855469 44.757549285888672 589 81.519073486328125 44.473117828369141 -1 87.392425537109375 140.57546997070312 351 177.9256591796875 45.619270324707031 -1 18.427217483520508 96.208221435546875 -1 8.9090280532836914 99.555206298828125 612 39.043914794921875 99.888320922851562 137 154.7935791015625 209.23760986328125 -1 172.5797119140625 116.50306701660156 -1 172.08058166503906 120.63748931884766 353 50.322208404541016 124.83829498291016 -1 189.21211242675781 249.73323059082031 586 47.267429351806641 136.0653076171875 153 13.469430923461914 125.10353851318359 -1 26.115627288818359 148.43833923339844 298 38.253108978271484 149.09603881835938 145 9.9930400848388672 160.51202392578125 144 184.46775817871094 165.04612731933594 -1 244.34573364257812 173.10980224609375 617 48.354713439941406 174.39663696289062 336 6.2282977104187012 138.3570556640625 173 87.392425537109375 140.57546997070312 355 184.46775817871094 165.04612731933594 -1 173.17485046386719 174.52566528320312 -1 154.7935791015625 209.23760986328125 -1 13.469430923461914 125.10353851318359 -1 133.74578857421875 41.180206298828125 356 61.813014984130859 124.69750213623047 160 229.64262390136719 167.2515869140625 614 58.632537841796875 127.21672821044922 160 247.68742370605469 185.42118835449219 141 233.947998046875 164.92372131347656 245 186.88133239746094 226.23829650878906 -1 239.21774291992188 167.6146240234375 146 162.92446899414062 169.24143981933594 -1 238.10491943359375 170.05691528320312 613 237.36895751953125 173.12443542480469 248 190.12582397460938 173.34283447265625 -1 241.05445861816406 173.46742248535156 171 239.43180847167969 175.66317749023438 234 243.52690124511719 176.24461364746094 617 186.29916381835938 176.87034606933594 -1 241.76972961425781 178.33973693847656 159 245.40428161621094 178.66845703125 156 249.43218994140625 179.30783081054688 225 240.72923278808594 180.81338500976562 -1 243.81027221679688 180.89610290527344 159 54.860862731933594 184.1263427734375 -1 84.373809814453125 185.03475952148438 358 187.52241516113281 164.77676391601562 -1 163.74705505371094 164.10879516601562 -1 221.62188720703125 157.17227172851562 307 224.12103271484375 156.54290771484375 307 18.199886322021484 154.8231201171875 264 221.41363525390625 153.3525390625 167 29.750949859619141 149.04341125488281 298 75.911102294921875 143.31022644042969 81 46.908180236816406 93.107872009277344 262 47.046794891357422 132.84324645996094 -1 27.540132522583008 126.10323333740234 523 15.800759315490723 98.562026977539062 170 81.253135681152344 215.07328796386719 587 47.114341735839844 231.21095275878906 -1 250.86338806152344 184.78924560546875 434 15.800759315490723 98.562026977539062 166 12.853508949279785 100.09458160400391 165 33.957756042480469 105.71391296386719 452 42.694442749023438 109.65103912353516 435 72.429344177246094 219.69601440429688 -1 47.114341735839844 231.21095275878906 -1 40.146121978759766 110.95211029052734 435 61.841503143310547 121.71279907226562 451 228.06536865234375 161.32571411132812 360 26.294710159301758 81.81683349609375 -1 226.4915771484375 152.62840270996094 168 63.257987976074219 157.34146118164062 -1 237.00471496582031 165.18199157714844 146 48.818115234375 138.25575256347656 -1 44.081935882568359 171.79905700683594 -1 44.081935882568359 171.79905700683594 -1 
76 0.99961024135251941 0.025456256325280788 -0.010413699457938767 0.0047853171952703076 1.2559305012944799 -2.4084494036168431 0.12796289181466602 1 000073.png
127.30001068115234 96.103439331054688 396 123.45011901855469 180.18373107910156 2 33.348609924316406 185.68020629882812 -1 33.348609924316406 185.68020629882812 -1 90.371604919433594 159.62704467773438 -1 186.05931091308594 143.29074096679688 511 56.081344604492188 92.223602294921875 123 59.439167022705078 139.91014099121094 465 69.215690612792969 206.87608337402344 -1 162.79005432128906 209.99797058105469 -1 31.143705368041992 90.837532043457031 398 144.67538452148438 192.86627197265625 15 31.143705368041992 90.837532043457031 399 71.426399230957031 230.80497741699219 580 71.426399230957031 230.80497741699219 -1 21.491369247436523 235.61418151855469 -1 41.969673156738281 127.59709167480469 263 21.491369247436523 235.61418151855469 -1 73.830207824707031 176.33210754394531 455 33.054737091064453 213.78839111328125 344 149.09669494628906 230.8321533203125 13 33.054737091064453 213.78839111328125 362 111.4140625 147.11495971679688 10 65.316390991210938 165.18765258789062 -1 156.97062683105469 69.335762023925781 616 40.064785003662109 103.63866424560547 401 198.14759826660156 132.81613159179688 128 125.18984222412109 149.15951538085938 395 165.32710266113281 239.33200073242188 32 152.16421508789062 247.57373046875 33 8.486846923828125 246.68711853027344 -1 174.14089965820312 251.41818237304688 -1 114.92173004150391 170.96046447753906 440 114.92173004150391 170.96046447753906 21 170.70046997070312 155.88710021972656 27 137.44900512695312 155.65060424804688 -1 45.392971038818359 129.65264892578125 263 53.307598114013672 227.67991638183594 -1 40.882415771484375 90.925621032714844 131 136.53720092773438 215.17884826660156 -1 181.78994750976562 180.87222290039062 -1 169.76246643066406 166.90596008300781 58 87.815292358398438 149.47679138183594 28 150.254150390625 146.29429626464844 111 199.55191040039062 121.12692260742188 133 87.937164306640625 155.20228576660156 456 53.307598114013672 227.67991638183594 -1 68.045013427734375 175.32084655761719 -1 163.72117614746094 178.67449951171875 510 172.3428955078125 179.38847351074219 42 171.47029113769531 189.2027587890625 -1 72.163619995117188 194.4832763671875 -1 157.78173828125 220.47541809082031 36 175.79495239257812 235.98066711425781 -1 182.83334350585938 123.30947875976562 182 182.83334350585938 123.30947875976562 130 157.78173828125 220.47541809082031 -1 164.83189392089844 39.367019653320312 404 182.97184753417969 47.235687255859375 405 154.21298217773438 58.552173614501953 457 165.30816650390625 76.508537292480469 -1 175.79495239257812 235.98066711425781 -1 155.73811340332031 158.37002563476562 -1 157.46931457519531 138.08203125 56 6.8516693115234375 137.97142028808594 173 22.866554260253906 128.01080322265625 274 57.485492706298828 122.53082275390625 134 67.330841064453125 121.5921630859375 322 9.9253091812133789 100.42703247070312 612 165.98997497558594 66.877479553222656 407 61.238269805908203 176.11224365234375 323 61.238269805908203 176.11224365234375 -1 14.483798027038574 96.445579528808594 166 14.483798027038574 96.445579528808594 170 157.26065063476562 179.03363037109375 485 61.549419403076172 185.71554565429688 325 143.67454528808594 206.13339233398438 424 50.384010314941406 175.45233154296875 -1 176.63005065917969 170.50518798828125 -1 52.358840942382812 169.07501220703125 464 83.090606689453125 216.53794860839844 150 71.931068420410156 56.727317810058594 410 83.090606689453125 216.53794860839844 587 71.931068420410156 56.727317810058594 427 162.84371948242188 192.21250915527344 -1 147.46998596191406 201.0048828125 -1 151.15423583984375 203.07890319824219 618 78.503089904785156 207.61233520507812 -1 153.46786499023438 213.47999572753906 -1 33.413227081298828 238.35939025878906 -1 44.832202911376953 114.96222686767578 250 23.400886535644531 81.530067443847656 238 15.076460838317871 97.35235595703125 166 57.416976928710938 168.88714599609375 327 136.19123840332031 180.48796081542969 -1 65.242279052734375 181.88742065429688 328 33.413227081298828 238.35939025878906 -1 38.155471801757812 148.55905151367188 145 4.2504339218139648 98.911354064941406 612 38.713977813720703 99.690101623535156 137 44.832202911376953 114.96222686767578 250 69.386360168457031 126.14712524414062 -1 83.013999938964844 39.229026794433594 -1 23.400886535644531 81.530067443847656 139 15.076460838317871 97.35235595703125 170 8.2014169692993164 160.81266784667969 144 49.549167633056641 165.45742797851562 329 184.71839904785156 168.70716857910156 -1 57.416976928710938 168.88714599609375 464 181.89775085449219 172.725341796875 -1 51.083820343017578 174.43769836425781 336 136.19123840332031 180.48796081542969 61 65.242279052734375 181.88742065429688 331 176.67935180664062 187.77601623535156 -1 246.75833129882812 191.42440795898438 141 154.21870422363281 197.00434875488281 460 251.836669921875 183.09599304199219 225 57.529685974121094 183.82197570800781 -1 89.843925476074219 183.84149169921875 -1 47.123775482177734 135.67613220214844 153 155.27029418945312 190.49049377441406 -1 157.63514709472656 193.17848205566406 -1 155.13533020019531 204.86093139648438 100 32.194992065429688 223.43887329101562 -1 154.74592590332031 231.09083557128906 118 181.33528137207031 164.1944580078125 86 37.078384399414062 105.56806945800781 199 187.02555847167969 249.8671875 586 177.44410705566406 173.74951171875 -1 153.85142517089844 174.64210510253906 -1 170.25392150878906 174.72183227539062 -1 89.642738342285156 175.73085021972656 -1 89.73065185546875 180.00689697265625 -1 152.96565246582031 181.2850341796875 485 61.11614990234375 183.29788208007812 325 67.572708129882812 111.23854827880859 189 12.476228713989258 124.86864471435547 -1 27.077308654785156 125.97744750976562 523 19.616649627685547 156.58006286621094 264 38.472888946533203 138.88088989257812 368 37.078384399414062 105.56806945800781 202 12.476228713989258 124.86864471435547 -1 170.25392150878906 174.72183227539062 -1 155.13533020019531 204.86093139648438 320 74.476829528808594 144.81475830078125 81 30.300136566162109 148.57720947265625 298 181.33528137207031 164.1944580078125 -1 239.41325378417969 168.31864929199219 146 228.84761047363281 168.30332946777344 614 61.11614990234375 183.29788208007812 -1 232.48538208007812 172.49752807617188 140 251.35140991210938 186.76496887207031 434 159.42195129394531 198.08366394042969 -1 150.30455017089844 213.20790100097656 -1 66.511390686035156 224.66659545898438 -1 55.029598236083984 44.873668670654297 -1 235.06661987304688 171.21003723144531 140 238.10723876953125 171.07048034667969 613 233.91812133789062 165.64299011230469 245 43.828170776367188 92.878250122070312 262 167.35577392578125 173.59605407714844 -1 11.430237770080566 96.899559020996094 321 2.7025442123413086 101.7298583984375 297 240.38835144042969 173.89088439941406 171 76.703170776367188 165.5777587890625 -1 233.15805053710938 161.4989013671875 174 165.20857238769531 161.42582702636719 -1 225.00947570800781 158.60736083984375 307 12.739815711975098 99.866996765136719 165 63.346309661865234 158.78102111816406 -1 230.1800537109375 158.01420593261719 174 47.155834197998047 106.20929718017578 -1 226.59005737304688 153.68353271484375 168 30.033842086791992 145.41737365722656 298 42.550457000732422 109.39398956298828 435 47.023849487304688 132.47396850585938 -1 47.155834197998047 106.20929718017578 -1 47.155834197998047 106.20929718017578 -1 204.10592651367188 122.974365234375 -1 61.616672515869141 121.45632171630859 162 236.2698974609375 168.70181274414062 613 204.10592651367188 122.974365234375 -1 232.19154357910156 167.74005126953125 614 50.027965545654297 125.53190612792969 -1 61.513011932373047 124.62543487548828 162 237.36630249023438 174.15557861328125 248 183.12785339355469 176.14649963378906 -1 243.63211059570312 177.55830383300781 617 241.82279968261719 179.57601928710938 159 246.03640747070312 180.24554443359375 617 244.29020690917969 182.3673095703125 159 247.6607666015625 182.39047241210938 156 47.685306549072266 125.29182434082031 -1 53.621864318847656 127.93189239501953 -1 228.01020812988281 162.24908447265625 360 
77 0.99947314824967948 0.03160855103438355 -0.0069999298293572671 0.0023079020268286805 0.17735077303972643 -1.6884175476351611 -0.39290696855347207 1 000076.png
125.01511383056641 95.244514465332031 396 119.83683776855469 183.18350219726562 2 38.925746917724609 177.84716796875 -1 38.925746917724609 177.84716796875 -1 187.00048828125 146.22987365722656 511 55.771762847900391 143.64170837402344 465 83.839935302734375 168.83447265625 177 55.771762847900391 143.64170837402344 251 48.439044952392578 70.96044921875 476 54.860660552978516 93.783226013183594 123 156.71983337402344 139.9332275390625 437 72.277320861816406 206.04263305664062 124 108.35848999023438 147.90896606445312 10 143.55374145507812 194.92803955078125 15 159.98661804199219 201.6739501953125 397 38.895675659179688 212.1314697265625 371 33.004962921142578 232.94100952148438 -1 33.004962921142578 232.94100952148438 -1 122.65918731689453 150.57421875 395 198.24174499511719 132.91954040527344 128 66.502517700195312 151.74226379394531 -1 67.36297607421875 166.91001892089844 -1 87.024490356445312 192.68414306640625 477 78.087158203125 224.70069885253906 341 147.14883422851562 233.06492614746094 13 167.66287231445312 247.8746337890625 14 78.087158203125 224.70069885253906 -1 54.056423187255859 54.006504058837891 470 153.98367309570312 68.927345275878906 616 12.571088790893555 92.867546081542969 126 39.801486968994141 103.28743743896484 401 134.88267517089844 157.85992431640625 20 19.951778411865234 243.71357727050781 598 164.12019348144531 36.704193115234375 404 112.29573822021484 173.52064514160156 21 45.310890197753906 128.99049377441406 263 61.053314208984375 186.31608581542969 -1 138.69790649414062 173.25509643554688 34 182.53523254394531 122.854248046875 182 56.552894592285156 40.890037536621094 593 199.629150390625 120.9130859375 133 56.552894592285156 40.890037536621094 447 150.85426330566406 57.205974578857422 457 40.746517181396484 90.565406799316406 131 182.53523254394531 122.854248046875 130 168.04051208496094 157.12570190429688 27 85.52392578125 162.73350524902344 482 138.69790649414062 173.25509643554688 441 174.80523681640625 179.54774475097656 42 61.053314208984375 186.31608581542969 -1 155.84487915039062 222.15957641601562 36 161.31741333007812 237.40606689453125 32 149.55723571777344 246.1322021484375 33 182.32974243164062 46.127044677734375 405 163.56631469726562 67.772209167480469 407 84.977745056152344 148.5867919921875 28 153.65960693359375 165.83168029785156 184 165.80323791503906 165.92646789550781 41 74.07110595703125 175.39297485351562 455 165.58088684082031 189.28213500976562 35 182.32974243164062 46.127044677734375 -1 141.27157592773438 206.52058410644531 39 14.312256813049316 95.414314270019531 170 9.8179197311401367 99.610076904296875 612 57.411964416503906 122.29476928710938 134 65.159286499023438 122.47768402099609 322 149.18063354492188 203.24702453613281 618 146.97677612304688 186.51141357421875 486 137.4447021484375 178.24696350097656 46 172.92185974121094 118.06983184814453 353 68.888832092285156 184.89350891113281 -1 14.312256813049316 95.414314270019531 166 58.368618011474609 173.92570495605469 483 155.70292663574219 137.03515625 56 6.4640035629272461 137.08926391601562 173 167.07539367675781 179.01499938964844 48 167.07539367675781 179.01499938964844 -1 137.4447021484375 178.24696350097656 51 161.21034240722656 177.99067687988281 510 63.222606658935547 105.87310028076172 67 170.51463317871094 170.02433776855469 58 175.50775146484375 171.61701965332031 59 155.947998046875 178.85345458984375 485 133.84901428222656 182.95280456542969 61 246.73428344726562 191.2760009765625 141 68.603675842285156 55.844085693359375 427 23.063587188720703 81.123794555664062 238 77.5738525390625 37.070262908935547 -1 130.63058471679688 38.573497772216797 356 68.603675842285156 55.844085693359375 410 23.063587188720703 81.123794555664062 139 38.759490966796875 99.091949462890625 137 63.844295501708984 114.11349487304688 189 22.859960556030273 127.80568695068359 136 8.0921306610107422 159.80717468261719 144 58.658607482910156 163.79927062988281 487 177.81224060058594 167.65573120117188 57 60.735992431640625 168.01866149902344 406 45.059276580810547 114.60269165039062 250 72.144783020019531 146.44818115234375 81 12.580227851867676 156.95431518554688 264 162.02818298339844 157.3389892578125 -1 62.312023162841797 165.39073181152344 -1 65.409576416015625 166.73867797851562 509 72.04473876953125 181.19410705566406 -1 243.88726806640625 181.73143005371094 159 68.609855651855469 182.73846435546875 -1 251.59046936035156 182.51547241210938 225 38.544525146484375 147.3509521484375 145 26.469438552856445 146.887451171875 298 84.929039001464844 215.78504943847656 150 67.024581909179688 41.259201049804688 -1 63.081924438476562 42.033123016357422 -1 4.3944864273071289 98.33013916015625 612 8.8476581573486328 98.677734375 612 36.747051239013672 105.02698516845703 199 160.6312255859375 230.47883605957031 -1 12.51047420501709 124.35379028320312 -1 70.055343627929688 128.91302490234375 200 47.228069305419922 134.76667785644531 153 250.43612670898438 189.87997436523438 433 36.747051239013672 105.02698516845703 202 45.059276580810547 114.60269165039062 250 12.51047420501709 124.35379028320312 -1 46.769783020019531 105.67716979980469 -1 241.52250671386719 179.03945922851562 159 247.46170043945312 181.947998046875 156 251.02784729003906 186.18110656738281 434 35.029739379882812 80.937606811523438 554 154.12380981445312 200.98979187011719 100 166.47164916992188 233.00735473632812 243 75.2071533203125 189.32656860351562 -1 19.54930305480957 155.52313232421875 -1 228.05815124511719 162.11373901367188 360 75.453178405761719 162.40264892578125 -1 174.46408081054688 163.13035583496094 82 233.95619201660156 165.68272399902344 245 29.994138717651367 144.47767639160156 298 229.69322204589844 168.05979919433594 614 239.52593994140625 168.46023559570312 146 238.10467529296875 170.7725830078125 613 235.04434204101562 170.92959594726562 140 179.81208801269531 172.03343200683594 -1 242.4967041015625 172.20680236816406 171 237.33183288574219 173.80821228027344 248 241.44671630859375 174.83482360839844 171 239.89527893066406 177.15657043457031 234 243.440185546875 177.12051391601562 617 219.33460998535156 151.28286743164062 167 4.9622049331665039 137.88003540039062 173 25.268623352050781 83.966461181640625 414 58.295284271240234 126.45558166503906 160 26.825998306274414 125.61268615722656 523 50.082130432128906 124.77198791503906 -1 61.465747833251953 124.04344177246094 162 58.048377990722656 123.69243621826172 451 61.549346923828125 121.02656555175781 162 46.769783020019531 105.67716979980469 -1 47.218776702880859 131.61231994628906 -1 26.825998306274414 125.61268615722656 -1 75.453178405761719 162.40264892578125 -1 174.46408081054688 163.13035583496094 86 75.2071533203125 189.32656860351562 -1 12.666385650634766 99.092124938964844 165 2.9331624507904053 101.23361206054688 297 33.472614288330078 105.04572296142578 452 246.43019104003906 176.59686279296875 617 46.769783020019531 105.67716979980469 -1 77.764869689941406 189.92720031738281 -1 47.693675994873047 124.927978515625 -1 236.26142883300781 168.44761657714844 613 3.5606842041015625 132.71368408203125 -1 
78 0.99943365196852441 0.033135656226052107 -0.0057389453884299658 0.001211653892822508 0.076905983726617111 -1.435601779431575 -0.37815423676480275 1 000079.png
125.49501800537109 94.601959228515625 396 40.972957611083984 175.37586975097656 -1 40.972957611083984 175.37586975097656 -1 191.34333801269531 152.00289916992188 252 55.326728820800781 145.05970764160156 465 84.407508850097656 170.31764221191406 177 55.326728820800781 145.05970764160156 251 47.988265991210938 70.33697509765625 476 55.168670654296875 93.709846496582031 123 73.285781860351562 206.09812927246094 124 166.69662475585938 248.12576293945312 14 107.8724365234375 144.554443359375 10 42.160045623779297 126.83959197998047 263 160.13673400878906 202.09306335449219 397 40.509788513183594 211.42594909667969 371 69.291389465332031 167.52104187011719 -1 86.356124877929688 192.1138916015625 477 121.18824005126953 149.43788146972656 395 144.9881591796875 195.431640625 15 148.61729431152344 232.62919616699219 13 22.075986862182617 243.51811218261719 598 165.29388427734375 35.325145721435547 404 120.621826171875 245.67959594726562 420 154.26515197753906 68.120735168457031 616 12.841492652893066 92.755699157714844 126 40.137790679931641 103.21397399902344 401 133.89739990234375 159.395751953125 20 92.951942443847656 156.08091735839844 421 110.950927734375 172.74043273925781 21 79.896095275878906 223.12567138671875 341 22.075986862182617 243.51811218261719 599 79.896095275878906 223.12567138671875 314 60.243709564208984 101.201416015625 600 137.43995666503906 173.84376525878906 441 168.72288513183594 157.31396484375 27 183.19845581054688 122.71225738525391 182 147.63990783691406 146.76376342773438 111 199.48582458496094 130.86459350585938 128 45.815593719482422 128.95027160644531 263 183.19845581054688 122.71225738525391 130 64.35931396484375 123.92772674560547 322 41.419353485107422 90.44317626953125 131 151.56831359863281 56.360179901123047 457 127.15074920654297 236.29930114746094 -1 200.12144470214844 120.41847229003906 133 83.790672302246094 149.61334228515625 28 84.217147827148438 164.02732849121094 482 152.957763671875 166.13258361816406 184 60.300979614257812 174.20307922363281 483 173.66984558105469 178.95814514160156 42 156.55343627929688 223.11770629882812 36 161.09288024902344 237.21577453613281 32 149.833251953125 245.96099853515625 33 153.85281372070312 154.10055541992188 -1 165.15036010742188 189.42266845703125 35 183.37481689453125 45.362152099609375 405 141.4703369140625 210.76652526855469 424 166.77522277832031 179.58883666992188 48 136.38066101074219 178.21757507324219 46 156.19157409667969 177.88589477539062 485 165.75355529785156 166.652587890625 41 155.09152221679688 140.0126953125 56 57.647304534912109 122.28787231445312 134 173.70521545410156 117.24795532226562 -1 33.172267913818359 100.86763000488281 -1 10.162396430969238 99.67138671875 612 150.18247985839844 204.40284729003906 618 146.9061279296875 187.21591186523438 486 136.38066101074219 178.21757507324219 51 67.9669189453125 54.947883605957031 410 67.9669189453125 54.947883605957031 427 23.260416030883789 127.49776458740234 136 63.406593322753906 113.76611328125 189 39.027912139892578 99.100425720214844 137 4.4965496063232422 98.06732177734375 612 23.578346252441406 81.060379028320312 139 233.46427917480469 173.34173583984375 140 66.455329895019531 40.244716644287109 -1 176.95939636230469 167.57691955566406 57 161.71188354492188 178.39631652832031 510 248.0670166015625 191.11573791503906 141 155.71757507324219 193.36082458496094 460 145.40695190429688 203.40205383300781 -1 174.681396484375 171.68560791015625 59 169.76606750488281 170.28904724121094 58 62.710395812988281 168.10948181152344 406 60.735965728759766 163.90684509277344 487 8.3851814270019531 159.91046142578125 144 38.634712219238281 147.46246337890625 145 70.252120971679688 175.614013671875 492 240.0869140625 167.15025329589844 146 161.38739013671875 167.45700073242188 -1 67.447509765625 168.11955261230469 509 230.03831481933594 168.24224853515625 614 247.57528686523438 175.93026733398438 617 252.86538696289062 182.22599792480469 -1 249.13505554199219 186.64913940429688 141 251.53471374511719 189.41395568847656 433 85.048881530761719 215.36224365234375 150 65.5924072265625 216.69334411621094 496 154.62850952148438 228.44139099121094 118 70.487739562988281 181.65830993652344 -1 161.2493896484375 40.980373382568359 422 8.9371147155761719 98.533729553222656 612 37.086578369140625 105.07264709472656 199 45.303310394287109 114.27060699462891 250 70.090476989746094 128.80819702148438 200 47.419582366943359 134.656005859375 153 26.739158630371094 146.57058715820312 298 162.93745422363281 157.27369689941406 -1 223.46987915039062 159.352294921875 307 75.472198486328125 163.31767272949219 -1 173.35078430175781 163.60650634765625 82 37.086578369140625 105.07264709472656 202 45.303310394287109 114.27060699462891 250 75.472198486328125 163.31767272949219 -1 161.38739013671875 167.45700073242188 -1 85.048881530761719 215.36224365234375 279 30.295976638793945 144.36386108398438 298 248.70155334472656 181.65986633300781 156 252.2928466796875 185.95526123046875 519 74.834060668945312 186.25225830078125 -1 40.902172088623047 222.14315795898438 468 212.47378540039062 144.98429870605469 158 215.08673095703125 148.06385803222656 500 242.88838195800781 178.90827941894531 159 47.584468841552734 131.39262390136719 -1 58.581817626953125 126.42845153808594 160 27.281499862670898 125.40676116943359 523 61.707523345947266 124.03012084960938 162 58.287609100341797 123.710205078125 451 172.00495910644531 122.63858032226562 353 72.933853149414062 179.69793701171875 -1 42.561843872070312 108.92765808105469 435 12.897976875305176 99.070533752441406 165 15.811471939086914 97.553581237792969 166 46.951309204101562 92.141448974609375 262 30.202266693115234 147.06568908691406 298 220.10690307617188 150.77963256835938 167 18.830095291137695 152.91239929199219 -1 40.1041259765625 110.23166656494141 435 227.86387634277344 153.42079162597656 168 226.08460998535156 157.95997619628906 307 72.363845825195312 147.01766967773438 81 57.593559265136719 169.12788391113281 505 239.70338439941406 171.17178344726562 613 242.81153869628906 170.77229309082031 171 179.10171508789062 172.03875732421875 -1 15.811471939086914 97.553581237792969 170 241.82492065429688 173.61924743652344 171 244.65994262695312 176.82907104492188 617 5.4018564224243164 137.96041870117188 173 67.416229248046875 117.03491973876953 283 231.30230712890625 157.56834411621094 174 222.69137573242188 154.08734130859375 167 165.28768920898438 172.93998718261719 -1 165.28768920898438 172.93998718261719 338 
79 0.99945868576945684 0.032082196213363279 -0.0069352951813855621 0.0022293063639732802 0.17369099483671718 -1.5553595917830827 -0.37947625819430791 1 000077.png
125.27085113525391 95.087005615234375 396 119.81889343261719 184.36494445800781 2 39.527477264404297 176.97532653808594 -1 39.527477264404297 176.97532653808594 -1 55.58056640625 144.05793762207031 465 84.066688537597656 169.36116027832031 177 55.58056640625 144.05793762207031 251 48.142677307128906 70.210403442382812 476 55.005725860595703 93.797966003417969 123 72.607841491699219 206.32673645019531 124 108.00775909423828 147.50471496582031 10 144.0345458984375 195.45266723632812 15 160.15045166015625 202.35908508300781 397 39.381061553955078 211.76686096191406 371 54.018932342529297 54.033790588378906 470 44.087577819824219 128.16650390625 263 198.453857421875 132.99752807617188 128 66.19158935546875 151.34695434570312 -1 122.19427490234375 150.17698669433594 395 67.961441040039062 166.94229125976562 -1 86.874557495117188 192.34318542480469 477 78.709678649902344 224.81288146972656 341 148.00416564941406 232.87164306640625 13 119.20595550537109 241.43531799316406 -1 167.57211303710938 247.88014221191406 14 164.48724365234375 36.313201904296875 404 154.08546447753906 68.845588684082031 616 12.572303771972656 92.780860900878906 126 39.970386505126953 103.24639892578125 401 134.47909545898438 157.81045532226562 20 111.61400604248047 173.05076599121094 21 130.330078125 245.65524291992188 -1 130.330078125 245.65524291992188 347 20.400789260864258 243.62612915039062 598 182.65046691894531 122.88964080810547 182 84.941329956054688 163.08531188964844 482 41.136165618896484 90.528549194335938 131 199.71621704101562 120.95853424072266 133 182.65046691894531 122.88964080810547 130 148.01490783691406 146.65522766113281 111 168.47007751464844 157.17642211914062 27 138.35525512695312 173.53472900390625 441 138.35525512695312 173.53472900390625 34 182.36967468261719 45.824005126953125 405 164.25909423828125 67.373100280761719 407 84.470481872558594 149.37742614746094 28 153.44509887695312 165.90939331054688 184 155.48373413085938 177.30381774902344 485 173.95063781738281 178.99586486816406 42 165.43998718261719 189.665771484375 35 141.49607849121094 207.07469177246094 39 161.37309265136719 237.41485595703125 32 149.98800659179688 245.90496826171875 33 156.24673461914062 222.49015808105469 36 14.333815574645996 95.349418640136719 170 154.0399169921875 153.95184326171875 -1 166.94821166992188 179.14251708984375 48 65.174232482910156 122.50823974609375 322 155.38491821289062 138.47677612304688 56 165.89100646972656 166.056396484375 41 59.25482177734375 173.77134704589844 483 74.27374267578125 175.04560852050781 455 137.10054016113281 178.3114013671875 46 6.7688803672790527 137.24966430664062 173 69.560012817382812 185.21481323242188 -1 57.500507354736328 122.30592346191406 134 147.1214599609375 186.82945251464844 486 149.3853759765625 204.21963500976562 618 137.10054016113281 178.3114013671875 51 14.333815574645996 95.349418640136719 166 9.8539142608642578 99.493415832519531 612 23.09138298034668 127.80576324462891 136 7.9193439483642578 159.90985107421875 144 59.406513214111328 163.82952880859375 487 177.61994934082031 167.59616088867188 57 61.432018280029297 168.04685974121094 406 170.25442504882812 170.18679809570312 58 175.26582336425781 171.70198059082031 59 69.212867736816406 175.88211059570312 492 161.49507141113281 178.15292358398438 510 156.27778625488281 178.8973388671875 485 246.71678161621094 191.04405212402344 141 154.58308410644531 193.73568725585938 460 152.25703430175781 197.86793518066406 -1 152.25703430175781 197.86793518066406 -1 68.26898193359375 55.571613311767578 427 23.131628036499023 80.973434448242188 238 133.41647338867188 183.12886047363281 61 68.26898193359375 55.571613311767578 410 23.131628036499023 80.973434448242188 139 38.90789794921875 99.100303649902344 137 63.397144317626953 105.77674865722656 67 12.498083114624023 124.37876892089844 -1 70.056098937988281 128.91293334960938 200 47.127632141113281 134.65705871582031 153 72.247291564941406 146.69927978515625 81 12.358113288879395 156.95257568359375 264 75.686271667480469 162.75596618652344 -1 45.323650360107422 114.45948791503906 250 12.498083114624023 124.37876892089844 -1 66.092704772949219 167.07447814941406 509 72.3369140625 180.53720092773438 -1 252.89653015136719 192.81546020507812 433 251.62168884277344 182.24569702148438 225 75.686271667480469 162.75596618652344 -1 250.43104553222656 189.61402893066406 433 69.211067199707031 182.43487548828125 -1 85.059768676757812 215.80036926269531 150 243.9249267578125 181.51243591308594 159 63.994857788085938 217.4886474609375 496 38.408500671386719 147.36175537109375 145 38.493816375732422 137.91279602050781 368 45.323650360107422 114.45948791503906 250 37.010677337646484 105.09680938720703 202 66.973159790039062 41.056190490722656 -1 161.24478149414062 41.666122436523438 422 4.515284538269043 98.301643371582031 612 8.8671464920043945 98.595947265625 612 37.010677337646484 105.09680938720703 199 64.052330017089844 114.14505004882812 189 25.276269912719727 83.973617553710938 414 46.543624877929688 92.235076904296875 262 12.717684745788574 99.042594909667969 165 33.582473754882812 104.96153259277344 452 42.513755798339844 108.95244598388672 435 39.893314361572266 110.43611907958984 435 171.61550903320312 122.81100463867188 353 58.176933288574219 123.77469635009766 451 61.571063995361328 124.05523681640625 162 58.412849426269531 126.47303009033203 160 167.93672180175781 127.51925659179688 -1 55.024028778076172 129.03671264648438 533 241.53157043457031 178.80239868164062 159 245.86811828613281 179.59416198730469 617 247.43696594238281 181.65530395507812 156 251.02577209472656 185.92849731445312 434 154.39706420898438 201.37107849121094 100 39.987262725830078 222.2393798828125 468 166.44776916503906 232.887939453125 243 174.19886779785156 163.38568115234375 82 223.4498291015625 160.14564514160156 307 154.304931640625 228.0338134765625 118 229.73101806640625 167.84089660644531 614 239.53619384765625 168.17216491699219 146 241.45571899414062 174.59645080566406 171 56.167366027832031 169.12332153320312 505 235.0115966796875 170.64012145996094 140 238.11885070800781 170.54100036621094 613 179.61395263671875 172.05473327636719 -1 242.54071044921875 171.90315246582031 171 237.32933044433594 173.5418701171875 248 221.94480895996094 158.09272766113281 307 233.06877136230469 161.11079406738281 174 246.40164184570312 176.29136657714844 617 239.98963928222656 176.99424743652344 234 243.44810485839844 176.87945556640625 617 19.411928176879883 155.50566101074219 -1 226.5745849609375 153.14253234863281 168 18.414028167724609 152.98776245117188 -1 26.393054962158203 146.90420532226562 298 211.59477233886719 145.20230102539062 158 27.04774284362793 125.49351501464844 523 39.893314361572266 110.43611907958984 -1 228.06585693359375 161.85920715332031 360 27.04774284362793 125.49351501464844 -1 56.167366027832031 169.12332153320312 -1 233.94920349121094 165.42306518554688 245 161.43232727050781 166.92543029785156 -1 174.19886779785156 163.38568115234375 86 3.7265443801879883 132.79763793945312 -1 236.24197387695312 168.16395568847656 613 221.90374755859375 154.32505798339844 167 237.02598571777344 165.61740112304688 146 
80 0.99932514626711966 0.036336778926872079 -0.005358851368266024 0.00041623002343971893 -0.060757392700119928 -0.95538919465703243 -0.40618744525512496 1 000082.png
125.96225738525391 93.629570007324219 396 42.470054626464844 172.85702514648438 -1 42.470054626464844 172.85702514648438 -1 191.46675109863281 153.16964721679688 252 48.059211730957031 69.428230285644531 476 53.79010009765625 148.1905517578125 465 53.79010009765625 148.1905517578125 251 55.033863067626953 94.072303771972656 123 158.07160949707031 209.21578979492188 -1 192.17861938476562 34.2872314453125 -1 42.065711975097656 211.46244812011719 371 192.17861938476562 34.2872314453125 -1 166.10459899902344 247.2308349609375 14 192.17861938476562 34.2872314453125 -1 54.325218200683594 50.320018768310547 -1 160.4920654296875 198.98905944824219 397 145.12020874023438 195.51251220703125 15 120.85137939453125 149.46968078613281 395 154.72006225585938 67.534500122070312 616 39.720611572265625 103.19172668457031 401 199.58177185058594 132.90324401855469 128 92.537315368652344 156.39581298828125 421 103.34994506835938 160.13705444335938 -1 133.41041564941406 159.42811584472656 20 148.486572265625 232.6988525390625 13 24.721590042114258 243.467041015625 598 12.598043441772461 92.739921569824219 126 24.721590042114258 243.467041015625 599 103.34994506835938 160.13705444335938 -1 103.34994506835938 160.13705444335938 559 168.57907104492188 230.87747192382812 -1 45.454444885253906 129.08146667480469 263 168.8382568359375 157.23963928222656 27 137.17474365234375 173.66508483886719 441 80.965774536132812 221.05949401855469 314 164.80766296386719 35.534145355224609 404 147.62171936035156 146.79412841796875 111 186.28317260742188 241.41361999511719 481 141.46408081054688 246.05741882324219 -1 80.965774536132812 221.05949401855469 341 199.7750244140625 120.94143676757812 133 150.70358276367188 55.869770050048828 457 64.280357360839844 123.97474670410156 322 40.739387512207031 90.5806884765625 131 61.776588439941406 173.76866149902344 483 83.786880493164062 150.17369079589844 28 153.71992492675781 154.34233093261719 -1 84.365509033203125 164.86843872070312 439 72.411697387695312 224.72357177734375 -1 134.25321960449219 226.65562438964844 -1 172.91122436523438 178.94833374023438 42 184.01136779785156 45.519767761230469 405 174.73843383789062 117.046142578125 -1 164.26651000976562 189.44906616210938 35 165.05372619628906 66.664222717285156 407 147.69694519042969 38.654071807861328 -1 14.486383438110352 95.475799560546875 170 9.9692602157592773 99.481094360351562 612 57.496147155761719 122.38644409179688 134 6.5255084037780762 137.76139831542969 173 154.98060607910156 141.04853820800781 56 156.16752624511719 177.08872985839844 485 146.79351806640625 187.32101440429688 486 77.846168518066406 33.953109741210938 -1 152.90631103515625 166.41787719726562 184 160.45730590820312 237.21847534179688 32 166.09776306152344 179.90707397460938 48 155.69303894042969 223.474365234375 36 22.85273551940918 127.08887481689453 274 141.94609069824219 210.93023681640625 424 148.99652099609375 246.00570678710938 33 14.486383438110352 95.475799560546875 166 150.76486206054688 203.54440307617188 618 22.85273551940918 127.08887481689453 136 8.3691329956054688 159.90577697753906 144 63.397468566894531 163.350830078125 487 64.927436828613281 167.74748229980469 406 72.661598205566406 170.04512023925781 488 168.81979370117188 170.34918212890625 58 173.42951965332031 171.5712890625 59 161.27838134765625 178.4405517578125 510 247.77079772949219 191.05030822753906 141 155.73580932617188 193.47969055175781 460 67.885223388671875 52.234714508056641 427 23.190406799316406 81.141448974609375 238 15.968428611755371 115.88816070556641 366 205.16773986816406 120.86224365234375 -1 63.397468566894531 163.350830078125 490 67.885223388671875 52.234714508056641 410 23.190406799316406 81.141448974609375 139 4.4937334060668945 98.061294555664062 612 38.822933197021484 99.142959594726562 137 63.406524658203125 113.9564208984375 189 15.968428611755371 115.88816070556641 367 205.16773986816406 120.86224365234375 -1 38.620594024658203 147.47279357910156 145 161.21650695800781 40.405746459960938 422 47.317474365234375 134.70077514648438 153 81.878273010253906 141.14106750488281 351 26.677705764770508 146.77171325683594 298 12.817490577697754 156.94612121582031 264 163.01686096191406 157.3580322265625 -1 160.80216979980469 167.89909362792969 -1 244.90969848632812 181.73342895507812 159 252.62088012695312 182.51596069335938 225 157.82577514648438 183.85652160644531 495 36.746829986572266 105.02814483642578 202 69.666694641113281 166.67900085449219 509 84.716911315917969 215.08526611328125 279 84.716911315917969 215.08526611328125 150 160.80216979980469 167.89909362792969 -1 71.860977172851562 175.29512023925781 492 83.190032958984375 206.79338073730469 -1 66.959320068359375 38.366996765136719 -1 81.878273010253906 141.14106750488281 355 8.933934211730957 98.532432556152344 612 36.746829986572266 105.02814483642578 199 26.572917938232422 125.74948883056641 523 71.860977172851562 175.29512023925781 497 71.860977172851562 175.29512023925781 498 83.190032958984375 206.79338073730469 -1 67.331954956054688 116.92115783691406 283 58.020294189453125 123.91290283203125 451 58.393779754638672 126.64154052734375 160 69.675491333007812 130.06776428222656 200 71.986076354980469 147.86932373046875 81 67.025543212890625 216.569580078125 236 37.847274780273438 223.15074157714844 468 164.85063171386719 232.22880554199219 243 172.15634155273438 163.34861755371094 82 67.103408813476562 164.61979675292969 -1 75.61431884765625 179.76860046386719 494 72.210014343261719 165.19032287597656 501 237.25381469726562 164.71272277832031 146 229.46755981445312 167.26849365234375 614 35.016288757324219 80.849281311035156 554 239.63043212890625 167.45529174804688 146 175.20858764648438 168.58743286132812 57 238.287353515625 170.02384948730469 613 235.39407348632812 170.31533813476562 140 242.48809814453125 170.97280883789062 171 177.59146118164062 171.78044128417969 -1 237.66419982910156 173.21812438964844 248 74.830467224121094 173.70896911621094 506 241.48075866699219 173.77098083496094 171 241.08961486816406 177.26106262207031 234 244.43147277832031 177.11473083496094 617 247.42388916015625 176.70925903320312 617 242.55438232421875 179.069580078125 159 248.46000671386719 181.94599914550781 156 234.01893615722656 164.50736999511719 245 233.49072265625 160.76417541503906 174 231.04617309570312 164.83158874511719 614 228.14131164550781 161.11492919921875 360 223.82658386230469 159.57630920410156 307 223.85987854003906 156.08708190917969 307 224.39756774902344 153.06234741210938 168 18.838308334350586 153.02102661132812 -1 25.242834091186523 83.964195251464844 -1 74.830467224121094 173.70896911621094 455 236.55567932128906 167.71881103515625 613 25.242834091186523 83.964195251464844 414 12.786431312561035 98.982757568359375 165 42.285480499267578 108.9263916015625 435 252.03866577148438 186.195068359375 433 160.64820861816406 194.89096069335938 -1 154.69337463378906 202.79318237304688 100 81.643669128417969 213.85113525390625 281 221.76054382324219 157.32240295410156 307 4.8670539855957031 138.41352844238281 173 54.539508819580078 126.77582550048828 533 221.88880920410156 153.78048706054688 167 223.91914367675781 149.5462646484375 474 30.201663970947266 147.15190124511719 298 
81 0.99933751978244512 0.035948453071618813 -0.0055957081951310082 0.00095829360004470125 -0.040024033179267622 -0.90276671588724056 -0.39599653075037639 1 000083.png
126.05121612548828 93.651817321777344 396 42.527145385742188 172.84916687011719 -1 42.527145385742188 172.84916687011719 -1 191.37107849121094 153.20777893066406 252 48.107048034667969 69.599372863769531 476 54.110847473144531 147.52534484863281 465 54.110847473144531 147.52534484863281 251 55.06353759765625 93.379226684570312 123 74.277381896972656 206.22901916503906 124 158.04464721679688 209.26023864746094 -1 107.47207641601562 145.36172485351562 10 191.98771667480469 34.440433502197266 -1 159.39521789550781 203.62937927246094 397 191.98771667480469 34.440433502197266 -1 41.487022399902344 211.489013671875 371 166.10205078125 247.91644287109375 14 191.98771667480469 34.440433502197266 -1 121.03667449951172 149.38739013671875 395 145.75663757324219 195.75160217285156 15 160.37983703613281 199.26025390625 397 39.791343688964844 103.44707489013672 401 92.651527404785156 156.46070861816406 421 103.32539367675781 160.19642639160156 -1 133.50889587402344 159.57191467285156 20 148.38462829589844 233.10673522949219 13 24.138809204101562 244.23640441894531 598 154.97625732421875 67.439598083496094 616 103.32539367675781 160.19642639160156 -1 24.138809204101562 244.23640441894531 599 45.283172607421875 129.16810607910156 263 147.70204162597656 146.73637390136719 111 64.324935913085938 124.05657958984375 322 199.78077697753906 121.00479888916016 133 40.770221710205078 90.870452880859375 131 150.71089172363281 55.738365173339844 457 164.86764526367188 35.530136108398438 404 80.829010009765625 221.7762451171875 314 80.829010009765625 221.7762451171875 341 60.843830108642578 174.39332580566406 483 137.43917846679688 173.44534301757812 441 168.81732177734375 157.27980041503906 27 141.41741943359375 211.45085144042969 39 73.08056640625 225.59796142578125 -1 134.24734497070312 226.5736083984375 -1 155.65817260742188 223.77388000488281 36 164.27552795410156 189.42005920410156 35 172.94621276855469 178.99600219726562 42 184.03036499023438 45.501911163330078 405 165.07585144042969 66.626235961914062 407 83.914176940917969 150.60981750488281 28 153.80314636230469 154.41651916503906 -1 84.436691284179688 164.86532592773438 439 6.5271525382995605 137.76248168945312 173 22.852762222290039 127.09548187255859 274 57.450386047363281 122.43286895751953 134 14.38612174987793 96.00140380859375 170 35.936805725097656 80.470985412597656 -1 77.622413635253906 33.966670989990234 -1 166.10099792480469 180.00149536132812 48 150.87272644042969 203.4296875 618 159.95726013183594 237.95095825195312 32 156.22567749023438 176.93644714355469 561 22.852762222290039 127.09548187255859 136 14.38612174987793 96.00140380859375 166 70.274711608886719 123.86533355712891 525 148.98667907714844 246.37870788574219 33 146.91416931152344 187.26622009277344 486 156.22567749023438 176.93644714355469 485 155.08625793457031 141.01089477539062 56 63.498844146728516 106.43358612060547 67 38.668182373046875 147.44221496582031 145 8.3691329956054688 159.90577697753906 144 63.485919952392578 163.26925659179688 487 64.965843200683594 167.68009948730469 406 72.749267578125 169.86395263671875 488 168.80386352539062 170.41029357910156 58 173.43287658691406 171.57563781738281 59 161.29649353027344 178.43156433105469 510 247.52326965332031 191.66386413574219 141 155.79104614257812 193.43843078613281 460 68.043785095214844 52.180290222167969 427 15.970017433166504 115.84128570556641 366 63.485919952392578 163.26925659179688 490 68.043785095214844 52.180290222167969 410 23.085941314697266 81.162162780761719 139 38.792285919189453 99.396125793457031 137 63.358715057373047 114.15435028076172 189 15.970017433166504 115.84128570556641 367 26.587284088134766 125.65821075439453 523 26.684909820556641 146.77772521972656 298 12.817490577697754 156.94612121582031 264 8.6456737518310547 99.037796020507812 612 163.05955505371094 157.39677429199219 -1 172.08193969726562 163.40779113769531 82 69.662200927734375 166.77217102050781 509 160.84674072265625 167.96723937988281 -1 71.931404113769531 175.29859924316406 492 247.43719482421875 176.91044616699219 617 84.81207275390625 215.12417602539062 150 66.851119995117188 217.71615600585938 236 161.22276306152344 40.381973266601562 422 4.3587131500244141 98.796180725097656 612 244.92538452148438 182.41256713867188 159 36.733966827392578 105.2510986328125 199 45.379379272460938 115.37905120849609 250 67.667579650878906 116.92362976074219 283 252.71849060058594 183.10649108886719 -1 70.001968383789062 130.42230224609375 200 85.165023803710938 140.67308044433594 -1 81.781929016113281 141.47773742675781 351 47.469024658203125 134.68527221679688 153 36.733966827392578 105.2510986328125 202 81.781929016113281 141.47773742675781 355 160.84674072265625 167.96723937988281 -1 71.931404113769531 175.29859924316406 497 71.931404113769531 175.29859924316406 498 84.81207275390625 215.12417602539062 279 66.49713134765625 38.256553649902344 -1 58.394737243652344 126.641357421875 160 237.36416625976562 165.34059143066406 146 58.020336151123047 123.91294860839844 451 75.617080688476562 179.76458740234375 494 157.89529418945312 183.81759643554688 495 83.265998840332031 206.76593017578125 538 72.387077331542969 165.32296752929688 501 229.49755859375 167.73899841308594 614 236.53581237792969 168.19612121582031 613 239.55415344238281 167.93357849121094 146 228.24482727050781 161.73094177246094 360 238.28169250488281 170.55047607421875 613 235.38053894042969 170.79238891601562 140 242.66459655761719 171.39912414550781 171 177.59037780761719 171.75297546386719 -1 161.41566467285156 173.00630187988281 -1 74.90350341796875 173.67623901367188 506 237.58792114257812 173.58074951171875 248 241.47370910644531 174.27699279785156 171 244.46261596679688 177.77548217773438 617 248.38551330566406 182.45204162597656 156 252.02745056152344 186.79365539550781 433 154.7239990234375 202.73979187011719 100 223.5435791015625 160.20803833007812 307 221.98715209960938 158.16319274902344 307 11.465123176574707 96.621070861816406 321 18.838308334350586 153.02102661132812 -1 72.078094482421875 148.29438781738281 81 210.94464111328125 144.13186645507812 158 39.591625213623047 83.520240783691406 467 25.240175247192383 83.963127136230469 -1 161.41566467285156 173.00630187988281 -1 74.90350341796875 173.67623901367188 455 73.076828002929688 152.68450927734375 249 25.240175247192383 83.963127136230469 414 12.4964599609375 99.479217529296875 165 34.443340301513672 100.92414093017578 -1 33.473953247070312 105.33196258544922 452 42.171363830566406 109.08885192871094 435 172.5198974609375 122.87439727783203 353 81.630790710449219 213.99478149414062 281 202.57218933105469 38.990341186523438 -1 81.630790710449219 213.99478149414062 150 4.8670539855957031 138.41352844238281 173 30.278488159179688 147.16305541992188 298 54.539516448974609 126.77583312988281 533 
82 0.99931680985534077 0.03660343408918583 -0.0049589024830307407 -0.0012294061929159197 -0.15550458175464776 -0.34218186816076224 -0.29270871505976759 1 000085.png
126.23218536376953 93.616683959960938 396 191.31504821777344 153.50579833984375 252 47.838764190673828 69.711761474609375 476 54.556106567382812 148.5732421875 465 31.262790679931641 91.819206237792969 398 55.181140899658203 95.583709716796875 123 74.240158081054688 207.47991943359375 124 31.262790679931641 91.819206237792969 399 107.47569274902344 145.33978271484375 10 42.308090209960938 128.67007446289062 263 73.553207397460938 172.10374450683594 308 40.934795379638672 212.74378967285156 371 121.14131164550781 149.4002685546875 395 145.86195373535156 195.69265747070312 15 160.28347778320312 199.40339660644531 397 155.29043579101562 67.599632263183594 616 12.77747917175293 94.133399963378906 126 8.8050394058227539 104.972412109375 536 40.380016326904297 104.62685394287109 401 92.823295593261719 156.9178466796875 421 103.40412902832031 160.14599609375 -1 133.5546875 160.1639404296875 20 162.41226196289062 167.00946044921875 41 147.84808349609375 234.08470153808594 13 23.526161193847656 245.83573913574219 598 122.39090728759766 245.64669799804688 -1 103.40412902832031 160.14599609375 -1 23.526161193847656 245.83573913574219 599 122.39090728759766 245.64669799804688 420 103.40412902832031 160.14599609375 559 137.52641296386719 173.281494140625 441 81.047843933105469 222.78443908691406 314 81.047843933105469 222.78443908691406 341 41.488960266113281 92.156173706054688 403 164.93673706054688 35.563465118408203 404 150.52911376953125 55.713893890380859 457 41.488960266113281 92.156173706054688 131 199.77427673339844 121.46170806884766 133 45.724437713623047 130.48602294921875 263 199.44961547851562 131.6820068359375 128 147.78056335449219 146.78092956542969 111 168.84091186523438 157.28239440917969 27 166.0364990234375 180.06060791015625 48 148.41136169433594 248.94000244140625 33 184.17462158203125 45.464359283447266 405 165.19752502441406 66.553764343261719 407 153.86491394042969 154.47090148925781 -1 84.525917053222656 164.85899353027344 482 61.758884429931641 173.55171203613281 483 172.96488952636719 179.03120422363281 42 140.8123779296875 212.52630615234375 39 155.53157043457031 225.10401916503906 36 164.29083251953125 189.34951782226562 35 158.9027099609375 239.822509765625 32 57.991306304931641 123.51877593994141 134 65.340782165527344 123.89140319824219 322 153.0303955078125 166.53800964355469 184 61.854179382324219 224.93153381347656 504 61.854179382324219 224.93153381347656 508 45.21728515625 99.966690063476562 426 151.09152221679688 203.03865051269531 618 147.03402709960938 187.17092895507812 486 156.26957702636719 176.97874450683594 485 155.14985656738281 140.91903686523438 56 45.21728515625 99.966690063476562 425 156.26957702636719 176.97874450683594 561 68.392982482910156 51.952743530273438 410 39.078926086425781 100.55210876464844 137 63.893276214599609 107.32591247558594 67 63.39605712890625 115.2073974609375 189 85.377967834472656 140.5657958984375 -1 81.6895751953125 141.51792907714844 351 9.426605224609375 161.41032409667969 144 63.813385009765625 162.89570617675781 487 65.217140197753906 167.47991943359375 406 72.943527221679688 169.64411926269531 488 168.77278137207031 170.44682312011719 58 173.43086242675781 171.57130432128906 59 161.30824279785156 178.38006591796875 510 247.62017822265625 191.87669372558594 141 155.84463500976562 193.49476623535156 460 68.392982482910156 51.952743530273438 427 23.375123977661133 82.488151550292969 238 63.813385009765625 162.89570617675781 490 23.375123977661133 82.488151550292969 139 13.418501853942871 158.50044250488281 264 77.357269287109375 33.8712158203125 -1 47.842021942138672 136.10060119628906 153 244.96183776855469 182.61151123046875 159 70.104560852050781 130.80877685546875 200 158.11500549316406 183.52760314941406 495 35.399394989013672 141.997314453125 -1 163.11553955078125 157.57130432128906 -1 252.76217651367188 183.3609619140625 -1 50.405590057373047 125.73009490966797 -1 83.971488952636719 209.76348876953125 -1 69.634765625 167.023681640625 509 161.33541870117188 40.384136199951172 422 39.142658233642578 148.88137817382812 145 160.93394470214844 168.05430603027344 -1 175.16136169433594 168.00465393066406 57 239.81080627441406 167.91864013671875 146 66.253837585449219 220.51174926757812 236 72.036300659179688 175.26875305175781 492 247.46478271484375 177.09980773925781 617 66.577247619628906 38.109626770019531 -1 15.4534912109375 98.451179504394531 166 4.5867071151733398 99.823997497558594 612 8.9424142837524414 100.07450103759766 612 68.045181274414062 117.81844329833984 283 68.232437133789062 160.50881958007812 499 68.232437133789062 160.50881958007812 -1 15.4534912109375 98.451179504394531 170 37.017002105712891 106.45349884033203 202 45.145774841308594 115.75428009033203 250 160.93394470214844 168.05430603027344 -1 72.036300659179688 175.26875305175781 497 72.036300659179688 175.26875305175781 498 83.971488952636719 209.76348876953125 -1 37.017002105712891 106.45349884033203 199 45.145774841308594 115.75428009033203 250 241.52943420410156 174.5860595703125 171 223.43902587890625 160.19862365722656 307 242.76937866210938 171.71809387207031 171 75.62127685546875 179.76028442382812 494 241.17875671386719 178.20100402832031 234 177.61891174316406 171.73832702636719 -1 244.44734191894531 177.949462890625 617 162.55972290039062 43.431110382080078 503 246.90264892578125 180.68365478515625 617 248.46438598632812 182.76622009277344 156 252.03071594238281 186.99319458007812 433 154.8927001953125 202.54037475585938 100 81.632888793945312 214.47372436523438 281 40.992786407470703 225.897216796875 468 40.352066040039062 85.089645385742188 467 242.54348754882812 179.89373779296875 159 46.990066528320312 93.509132385253906 262 12.821208000183105 100.52362823486328 165 172.50804138183594 123.28428649902344 353 238.31710815429688 170.69659423828125 613 235.37730407714844 170.92723083496094 140 236.57820129394531 168.35186767578125 613 229.46759033203125 167.95016479492188 614 237.34535217285156 165.33041381835938 146 27.120246887207031 126.85745239257812 523 24.748388290405273 124.96153259277344 -1 72.598182678222656 165.266357421875 501 171.97438049316406 163.47148132324219 82 58.261650085449219 125.22180938720703 451 46.990066528320312 93.509132385253906 -1 24.748388290405273 124.96153259277344 523 58.9427490234375 127.7410888671875 160 75.034797668457031 173.6278076171875 455 81.632888793945312 214.47372436523438 150 231.14134216308594 165.62725830078125 614 168.94558715820312 128.58049011230469 -1 27.703521728515625 151.40684509277344 298 227.20578002929688 153.6790771484375 168 19.387783050537109 154.56236267089844 -1 74.050346374511719 155.75946044921875 249 20.204128265380859 157.04006958007812 -1 221.88679504394531 158.02325439453125 307 75.034797668457031 173.6278076171875 506 27.373760223388672 148.445556640625 298 40.992786407470703 225.897216796875 292 30.726785659790039 148.66949462890625 298 78.425941467285156 176.21261596679688 -1 78.425941467285156 176.21261596679688 -1 
83 0.9994493391678253 0.03266682716952031 -0.0056605058414266034 0.0013621722700617039 0.053456300334239169 -1.524999893265806 -0.41836647826411394 1 000078.png
125.46953582763672 94.906364440917969 396 119.96370697021484 185.02001953125 2 40.183986663818359 176.4163818359375 -1 40.183986663818359 176.4163818359375 -1 191.27153015136719 151.63107299804688 252 55.595260620117188 144.54216003417969 465 84.225341796875 169.90008544921875 177 55.595260620117188 144.54216003417969 251 48.13311767578125 70.545501708984375 476 55.183807373046875 94.13330078125 123 72.947410583496094 206.35978698730469 124 144.68878173828125 195.51374816894531 15 167.19316101074219 248.13763427734375 14 40.247509002685547 211.4381103515625 371 160.23930358886719 203.03480529785156 397 107.04808807373047 147.47579956054688 10 42.131172180175781 127.02703857421875 263 53.898899078369141 54.470424652099609 470 121.65693664550781 149.5106201171875 395 134.10177612304688 158.13067626953125 20 68.677818298339844 166.98130798339844 -1 86.780021667480469 192.31329345703125 477 66.208534240722656 151.29335021972656 -1 148.6534423828125 232.82528686523438 13 79.426773071289062 224.78070068359375 341 165.24009704589844 35.569881439208984 404 120.46382904052734 245.47886657714844 420 21.21406364440918 243.11965942382812 598 111.14366149902344 172.78117370605469 21 93.163299560546875 156.44842529296875 421 40.148670196533203 103.21086120605469 401 12.890292167663574 92.781387329101562 126 21.21406364440918 243.11965942382812 599 154.14997863769531 68.165443420410156 616 45.556941986083984 128.91999816894531 263 199.35989379882812 130.91372680664062 128 183.22019958496094 122.63787078857422 130 41.418701171875 90.447624206542969 131 84.532943725585938 163.49749755859375 482 147.73594665527344 146.80978393554688 111 168.68415832519531 157.36933898925781 27 200.12654113769531 120.41973114013672 133 186.209228515625 241.09696960449219 481 183.22019958496094 122.63787078857422 182 137.93563842773438 173.83723449707031 441 156.39987182617188 222.84611511230469 36 150.30496215820312 245.86749267578125 33 182.98292541503906 45.448600769042969 405 151.88734436035156 56.546134948730469 457 161.37832641601562 237.24392700195312 32 164.33132934570312 66.873100280761719 407 84.0064697265625 149.86515808105469 28 153.86700439453125 153.92950439453125 -1 173.88029479980469 179.04884338378906 42 165.32978820800781 189.91510009765625 35 141.60475158691406 208.90910339355469 39 155.16604614257812 139.54046630859375 56 57.641838073730469 122.28691101074219 134 173.61897277832031 117.41757965087891 -1 33.188159942626953 100.89295196533203 -1 10.178299903869629 99.676826477050781 612 148.61396789550781 39.485782623291016 -1 165.88388061523438 166.45304870605469 41 60.058815002441406 173.7215576171875 483 74.428291320800781 174.94953918457031 455 136.71197509765625 178.44660949707031 46 167.05580139160156 179.31251525878906 48 147.32984924316406 187.07192993164062 486 80.184890747070312 218.14022827148438 -1 136.71197509765625 178.44660949707031 51 149.68368530273438 204.77401733398438 618 80.184890747070312 218.14022827148438 314 65.192543029785156 122.53388214111328 322 63.240474700927734 105.49490356445312 67 23.267019271850586 127.7606201171875 136 38.663398742675781 147.44319152832031 145 60.121574401855469 163.74308776855469 487 177.35745239257812 167.62310791015625 57 62.174964904785156 168.05137634277344 406 169.99063110351562 170.21730041503906 58 175.01744079589844 171.76698303222656 59 69.844284057617188 175.76455688476562 492 156.62925720214844 178.89193725585938 485 133.080810546875 183.43629455566406 61 166.29405212402344 186.81655883789062 -1 247.72608947753906 191.24920654296875 141 152.52961730957031 198.53172302246094 -1 145.16639709472656 203.63246154785156 -1 67.895431518554688 55.312122344970703 427 161.72059631347656 178.37811279296875 510 97.714363098144531 36.346759796142578 -1 130.35565185546875 37.480293273925781 356 67.895431518554688 55.312122344970703 410 23.637195587158203 81.128974914550781 139 4.4892678260803223 98.089630126953125 612 39.028572082519531 99.101150512695312 137 63.861896514892578 114.02653503417969 189 37.087177276611328 105.07312774658203 199 45.309738159179688 114.267333984375 250 70.055458068847656 128.91305541992188 200 26.678554534912109 146.77249145507812 298 85.20599365234375 216.05390930175781 150 63.806835174560547 165.29588317871094 -1 66.726638793945312 166.7076416015625 509 229.98287963867188 168.26570129394531 614 244.90927124023438 181.73316955566406 159 154.00726318359375 232.86201477050781 118 69.829216003417969 182.45550537109375 -1 47.501998901367188 134.65185546875 153 66.552154541015625 182.93955993652344 -1 164.736572265625 174.42068481445312 338 252.62088012695312 182.51596069335938 225 154.7569580078125 228.46270751953125 118 158.73501586914062 183.30278015136719 495 162.95091247558594 157.34573364257812 -1 251.52464294433594 189.98260498046875 433 79.203170776367188 40.377819061279297 -1 66.989532470703125 40.804943084716797 -1 161.23843383789062 41.149028778076172 422 8.9428253173828125 98.535903930664062 612 38.986179351806641 137.88789367675781 368 164.736572265625 174.42068481445312 -1 37.087177276611328 105.07312774658203 202 45.309738159179688 114.267333984375 250 42.557559967041016 108.92681121826172 435 172.00820922851562 122.62844085693359 353 58.287639617919922 123.7105712890625 451 61.702426910400391 124.03337097167969 162 27.289802551269531 125.50938415527344 523 47.409965515136719 131.6158447265625 -1 252.03861999511719 186.19500732421875 519 74.846534729003906 186.8966064453125 -1 154.64256286621094 202.41630554199219 100 166.41622924804688 232.78501892089844 243 72.363967895507812 147.01783752441406 81 234.49369812011719 161.57156372070312 174 58.585239410400391 126.42731475830078 160 75.565841674804688 162.85365295410156 -1 173.94773864746094 163.39825439453125 82 235.16011047363281 165.63070678710938 245 238.33143615722656 165.84402465820312 146 161.32118225097656 167.32763671875 -1 233.48545837402344 167.77296447753906 614 237.55795288085938 168.71241760253906 613 73.158432006835938 169.86085510253906 -1 239.3565673828125 171.06588745117188 613 242.43133544921875 170.89390563964844 171 236.39360046386719 171.31440734863281 140 179.33966064453125 172.06307983398438 -1 238.62081909179688 174.14053344726562 248 241.54010009765625 173.82196044921875 171 231.41011047363281 157.89547729492188 174 241.04104614257812 177.2559814453125 234 244.43183898925781 177.11506652832031 617 247.42388916015625 176.70925903320312 617 72.790885925292969 180.39891052246094 -1 248.46000671386719 181.94599914550781 156 18.844297409057617 153.02308654785156 -1 215.08673095703125 148.06385803222656 500 212.47142028808594 144.98280334472656 158 82.963882446289062 39.980358123779297 -1 242.53448486328125 179.05821228027344 159 27.289802551269531 125.50938415527344 -1 75.565841674804688 162.85365295410156 -1 75.565841674804688 162.85365295410156 -1 173.94773864746094 163.39825439453125 86 161.32118225097656 167.32763671875 -1 46.936580657958984 92.143661499023438 262 15.812963485717773 97.561065673828125 166 12.89940357208252 99.073333740234375 165 15.812963485717773 97.561065673828125 170 220.10664367675781 150.779052734375 167 40.715476989746094 221.93669128417969 468 30.278219223022461 147.16317749023438 298 5.4019889831542969 137.96072387695312 173 206.78330993652344 137.38621520996094 -1 
84 0.9993584760317118 0.035398914775926819 -0.0052595709378593552 0.0013748199193760532 -0.071635471979109897 -1.03396239261242 -0.35687024853338395 1 000080.png
125.44307708740234 94.279548645019531 396 41.491287231445312 173.95368957519531 -1 41.491287231445312 173.95368957519531 -1 191.38467407226562 152.49815368652344 252 47.917484283447266 70.106430053710938 476 54.582653045654297 146.28207397460938 465 82.519561767578125 172.22108459472656 177 55.121589660644531 93.533821105957031 123 73.942634582519531 205.46279907226562 124 158.16119384765625 209.14794921875 -1 193.22358703613281 36.850170135498047 -1 107.12654876708984 145.271240234375 10 41.181983947753906 210.79566955566406 371 166.35084533691406 248.132080078125 14 193.22358703613281 36.850170135498047 -1 44.098911285400391 128.07113647460938 263 65.813507080078125 151.96434020996094 -1 120.45681762695312 149.71749877929688 395 70.513275146484375 168.63905334472656 308 22.300270080566406 242.23765563964844 598 145.01065063476562 195.61048889160156 15 22.300270080566406 242.23765563964844 599 120.45681762695312 149.71749877929688 395 133.28208923339844 159.69319152832031 20 148.57229614257812 232.63191223144531 13 165.12004089355469 35.578659057617188 404 154.34730529785156 67.606216430664062 616 12.812490463256836 92.708038330078125 126 102.88800811767578 160.27537536621094 -1 40.075035095214844 103.20261383056641 401 102.88800811767578 160.27537536621094 559 102.88800811767578 160.27537536621094 -1 63.821891784667969 186.00155639648438 -1 60.406009674072266 101.683837890625 600 141.67710876464844 245.21101379394531 -1 80.096450805664062 221.427978515625 341 183.16236877441406 122.79776000976562 182 152.69979858398438 188.53834533691406 -1 183.16236877441406 122.79776000976562 130 64.247756958007812 124.04072570800781 322 152.69979858398438 188.53834533691406 -1 151.63514709472656 56.186748504638672 457 41.408432006835938 90.460823059082031 131 200.13365173339844 120.41457366943359 133 199.64427185058594 130.80876159667969 128 147.65074157714844 146.76997375488281 111 168.72492980957031 157.27403259277344 27 136.796875 173.72193908691406 441 80.096450805664062 221.427978515625 314 141.67710876464844 245.21101379394531 -1 83.85345458984375 164.57893371582031 439 149.37442016601562 245.87765502929688 33 183.42718505859375 45.362293243408203 405 83.455970764160156 149.6358642578125 28 153.76930236816406 153.88241577148438 -1 173.37255859375 178.93797302246094 42 164.66030883789062 189.93780517578125 35 10.109201431274414 99.650856018066406 612 166.55326843261719 179.72219848632812 48 156.25498962402344 176.92658996582031 485 150.76690673828125 203.53907775878906 618 146.79351806640625 187.32099914550781 486 152.89999389648438 165.70230102539062 184 61.578994750976562 173.67478942871094 483 154.98959350585938 140.51325988769531 56 14.487833023071289 95.49725341796875 170 22.910120010375977 127.06618499755859 136 57.612758636474609 122.30852508544922 134 173.616943359375 117.45650482177734 -1 141.41874694824219 211.05870056152344 39 161.10008239746094 237.1641845703125 32 155.77078247070312 223.1339111328125 36 14.487833023071289 95.49725341796875 166 78.0494384765625 35.196201324462891 -1 67.908523559570312 54.377372741699219 410 67.908523559570312 54.377372741699219 427 161.65211486816406 178.46025085449219 510 247.86482238769531 191.12123107910156 141 155.91160583496094 193.28555297851562 460 4.4965457916259766 98.06732177734375 612 15.881012916564941 116.10440063476562 366 62.201305389404297 163.43020629882812 490 63.508522033691406 106.2459716796875 67 23.513290405273438 80.981880187988281 139 38.942249298095703 99.125259399414062 137 63.1192626953125 113.62881469726562 189 15.881012916564941 116.10440063476562 367 70.056007385253906 129.41070556640625 200 38.580184936523438 147.5025634765625 145 8.3702850341796875 159.53945922851562 144 62.201305389404297 163.43020629882812 487 72.184097290039062 165.7825927734375 -1 63.874317169189453 167.82864379882812 406 72.156272888183594 169.26950073242188 488 169.32269287109375 170.40536499023438 58 173.92727661132812 171.57301330566406 59 74.482955932617188 174.24569702148438 455 26.576223373413086 125.58366394042969 523 252.65818786621094 182.24436950683594 225 251.29548645019531 189.4412841796875 433 83.064117431640625 206.01364135742188 -1 84.925239562988281 215.247802734375 150 66.753837585449219 216.46620178222656 236 45.285480499267578 114.24077606201172 250 50.388629913330078 123.73325347900391 -1 68.672988891601562 166.70785522460938 509 47.12921142578125 134.65359497070312 153 81.553230285644531 141.26432800292969 351 26.67857551574707 146.47709655761719 298 71.916763305664062 147.09959411621094 81 162.9434814453125 157.20223999023438 -1 223.31813049316406 159.51554870605469 307 244.98146057128906 181.54287719726562 159 161.22752380371094 40.7957763671875 422 161.04832458496094 167.99922180175781 -1 70.791641235351562 175.2965087890625 492 247.33755493164062 175.93344116210938 617 66.871330261230469 39.564178466796875 -1 15.392122268676758 96.844390869140625 166 8.9353790283203125 98.53277587890625 612 27.424276351928711 149.65176391601562 298 38.493740081787109 137.91278076171875 368 15.392122268676758 96.844390869140625 170 37.008377075195312 105.09535217285156 202 45.285480499267578 114.24077606201172 250 50.388629913330078 123.73325347900391 473 81.553230285644531 141.26432800292969 355 161.04832458496094 167.99922180175781 -1 84.925239562988281 215.247802734375 279 37.008377075195312 105.09535217285156 199 246.84701538085938 179.55413818359375 617 178.0574951171875 171.81523132324219 -1 248.43771362304688 181.6563720703125 156 157.69256591796875 184.22926330566406 495 252.04063415527344 185.9451904296875 519 154.693359375 202.79318237304688 100 41.134002685546875 222.30921936035156 468 12.834916114807129 99.0252685546875 165 75.06878662109375 180.85635375976562 494 33.637660980224609 104.97135162353516 452 227.01612854003906 163.67900085449219 360 224.929443359375 153.58052062988281 168 219.70887756347656 150.68028259277344 167 42.561229705810547 108.96508026123047 435 67.328330993652344 116.92527008056641 283 30.202394485473633 147.00215148925781 298 172.00581359863281 122.64332580566406 353 172.6754150390625 163.29206848144531 82 55.004749298095703 129.04420471191406 533 58.562679290771484 126.44686889648438 160 61.714527130126953 124.02970886230469 162 58.287975311279297 123.71102905273438 451 161.8885498046875 173.00546264648438 -1 41.134002685546875 222.30921936035156 292 242.45880126953125 170.92930603027344 171 46.952667236328125 92.1414794921875 262 154.31910705566406 228.69363403320312 118 161.8885498046875 173.00546264648438 -1 241.52609252929688 173.80809020996094 171 241.12882995605469 177.1612548828125 234 244.513916015625 176.99174499511719 617 242.57415771484375 178.83572387695312 159 59.06866455078125 168.64537048339844 505 59.06866455078125 168.64537048339844 -1 5.4018549919128418 137.960693359375 173 
85 0.99933188445489995 0.036173626503368091 -0.0051801595540089292 0.00064761439795452418 -0.079993606613227144 -0.97898103553429561 -0.37248529073443881 1 000081.png
125.78840637207031 93.931343078613281 396 41.960350036621094 173.31004333496094 -1 41.960350036621094 173.31004333496094 -1 191.3507080078125 152.90806579589844 252 47.860584259033203 69.068374633789062 476 54.516654968261719 146.87966918945312 465 55.059562683105469 93.457283020019531 123 74.107337951660156 205.47535705566406 124 192.44416809082031 35.207050323486328 -1 42.146232604980469 126.80519104003906 263 159.06344604492188 204.92247009277344 -1 41.562606811523438 210.86125183105469 371 166.10272216796875 247.23063659667969 14 192.44416809082031 35.207050323486328 -1 192.44416809082031 35.207050323486328 -1 160.52836608886719 199.07492065429688 397 120.69676208496094 149.60946655273438 395 23.199373245239258 242.5040283203125 598 145.06764221191406 195.54202270507812 15 23.199373245239258 242.5040283203125 599 154.57426452636719 67.494766235351562 616 39.934951782226562 103.21473693847656 401 199.59916687011719 132.9031982421875 128 92.399971008300781 156.29693603515625 421 103.21681213378906 160.22077941894531 -1 133.34947204589844 159.55430603027344 20 148.37364196777344 232.95964050292969 13 12.68984317779541 92.70697021484375 126 103.21681213378906 160.22077941894531 -1 103.21681213378906 160.22077941894531 559 168.56216430664062 230.80599975585938 -1 80.817733764648438 221.11320495605469 314 80.817733764648438 221.11320495605469 341 41.125484466552734 90.5400390625 131 64.273689270019531 123.96907043457031 322 151.478515625 56.041801452636719 457 199.77059936523438 120.94682312011719 133 45.597736358642578 128.82830810546875 263 147.6180419921875 146.82962036132812 111 168.75581359863281 157.28018188476562 27 136.93309020996094 173.73973083496094 441 64.420822143554688 185.50794982910156 -1 153.74923706054688 154.08792114257812 -1 61.756256103515625 173.73640441894531 483 172.89678955078125 178.93515014648438 42 72.504295349121094 224.61628723144531 -1 164.27494812011719 189.387451171875 35 164.54486083984375 67.131393432617188 407 83.646087646484375 149.83735656738281 28 84.351715087890625 164.85209655761719 439 10.082242965698242 99.641197204589844 612 166.10298156738281 179.95574951171875 48 155.710205078125 223.48088073730469 36 160.45730590820312 237.21847534179688 32 149.12113952636719 245.86198425292969 33 141.61013793945312 211.01667785644531 424 150.76580810546875 203.54183959960938 618 57.618385314941406 122.30988311767578 134 146.79353332519531 187.32101440429688 486 135.78457641601562 178.95124816894531 46 156.26322937011719 177.14680480957031 485 154.97084045410156 140.94009399414062 56 6.7556357383728027 137.459228515625 173 22.901334762573242 127.10161590576172 136 152.89271545410156 165.90811157226562 184 135.78457641601562 178.95124816894531 51 66.236083984375 38.648548126220703 -1 67.899765014648438 52.513450622558594 410 23.337507247924805 81.073822021484375 139 14.8990478515625 96.105918884277344 170 4.4937362670898438 98.061294555664062 612 38.888050079345703 99.133270263671875 137 63.333534240722656 113.85804748535156 189 205.12876892089844 120.92957305908203 -1 70.00469970703125 129.78291320800781 200 38.620906829833984 147.47090148925781 145 63.044342041015625 163.20957946777344 487 64.483505249023438 167.78221130371094 406 72.408645629882812 170.05879211425781 488 169.05119323730469 170.32527160644531 58 173.68463134765625 171.58659362792969 59 161.26603698730469 178.46267700195312 510 247.68743896484375 191.05796813964844 141 155.74771118164062 193.46876525878906 460 67.899765014648438 52.513450622558594 427 23.337507247924805 81.073822021484375 238 14.8990478515625 96.105918884277344 166 205.12876892089844 120.92957305908203 -1 63.044342041015625 163.20957946777344 490 77.658798217773438 34.308452606201172 -1 160.9151611328125 167.91859436035156 -1 175.59495544433594 168.10165405273438 57 71.653961181640625 175.31986999511719 492 247.31338500976562 176.09893798828125 617 71.653961181640625 175.31986999511719 498 252.62344360351562 182.38589477539062 225 83.081024169921875 206.22073364257812 -1 251.34547424316406 189.61103820800781 433 55.092685699462891 129.1162109375 533 66.918632507324219 216.56431579589844 236 244.91801452636719 181.61473083496094 159 8.9353094100952148 98.533218383789062 612 27.426040649414062 149.65171813964844 298 83.081024169921875 206.22073364257812 -1 84.717071533203125 215.08462524414062 150 161.18124389648438 40.564968109130859 422 45.335952758789062 114.81855010986328 250 84.717071533203125 215.08462524414062 279 36.794963836669922 105.01641082763672 202 81.733894348144531 141.0189208984375 355 160.9151611328125 167.91859436035156 -1 71.653961181640625 175.31986999511719 497 36.794963836669922 105.01641082763672 199 45.335952758789062 114.81855010986328 250 50.398338317871094 123.72476196289062 -1 26.570991516113281 125.58074188232422 523 47.232563018798828 134.67111206054688 153 81.733894348144531 141.0189208984375 351 26.679849624633789 146.48857116699219 298 71.998291015625 147.33601379394531 81 162.98152160644531 157.29495239257812 -1 223.02513122558594 159.5185546875 307 8.321385383605957 159.93028259277344 144 25.685859680175781 84.09930419921875 414 12.810385704040527 99.005744934082031 165 33.556678771972656 105.02858734130859 452 42.407970428466797 108.9178466796875 435 67.33123779296875 116.92068481445312 283 58.287563323974609 123.71006774902344 451 61.716968536376953 124.02732849121094 162 58.573509216308594 126.4390869140625 160 47.381439208984375 131.42306518554688 -1 30.189048767089844 147.01548767089844 298 224.42373657226562 153.30429077148438 168 235.39421081542969 170.31561279296875 140 248.47532653808594 181.83123779296875 156 221.86358642578125 157.54190063476562 307 164.85063171386719 232.22880554199219 243 239.61648559570312 167.49710083007812 146 228.25743103027344 161.25227355957031 360 233.60462951660156 160.85734558105469 174 172.44212341308594 163.24557495117188 82 75.463409423828125 179.71412658691406 494 157.787109375 183.92045593261719 495 236.55517578125 167.72126770019531 613 238.28729248046875 170.02394104003906 613 160.70198059082031 195.08218383789062 -1 154.693359375 202.79318237304688 100 252.03749084472656 186.06517028808594 433 81.673484802246094 213.82594299316406 281 242.48812866210938 170.97264099121094 171 229.46757507324219 167.26847839355469 614 69.438117980957031 166.50936889648438 509 177.53865051269531 171.80703735351562 -1 72.019813537597656 165.28688049316406 501 161.48043823242188 173.07177734375 -1 231.04573059082031 164.83079528808594 614 234.01858520507812 164.50701904296875 245 66.84588623046875 164.70530700683594 -1 25.685859680175781 84.09930419921875 -1 161.48043823242188 173.07177734375 -1 74.596664428710938 173.838134765625 455 74.596664428710938 173.838134765625 506 241.48194885253906 173.76860046386719 171 7.4987788200378418 133.13328552246094 507 241.10336303710938 177.19425964355469 234 244.47135925292969 177.0498046875 617 242.53955078125 178.929443359375 159 246.82833862304688 179.67887878417969 617 227.54745483398438 153.66845703125 168 221.91026306152344 153.82208251953125 167 230.98628234863281 157.71812438964844 174 225.93296813964844 158.29670715332031 307 81.355400085449219 210.73373413085938 -1 81.355400085449219 210.73373413085938 563 237.19622802734375 164.70628356933594 146 
86 0.99931687174666872 0.036673361526377929 -0.0045666308815382134 -1.6709264460462473e-05 -0.17378035734723254 -0.08679012357232968 -0.24792552468010393 1 000086.png
126.3642578125 93.695571899414062 396 191.0953369140625 153.81204223632812 252 47.769550323486328 69.722419738769531 476 54.741989135742188 148.74325561523438 465 31.336030960083008 92.208328247070312 398 55.261695861816406 96.928062438964844 123 74.188278198242188 208.54737854003906 124 31.336030960083008 92.208328247070312 399 42.239063262939453 129.07687377929688 263 73.567817687988281 171.99490356445312 308 40.323978424072266 214.95458984375 371 121.18629455566406 149.51058959960938 395 194.69427490234375 39.222518920898438 -1 145.900146484375 195.67350769042969 15 160.30311584472656 199.27792358398438 397 194.69427490234375 39.222518920898438 -1 194.69427490234375 39.222518920898438 -1 155.32203674316406 67.5174560546875 616 40.292213439941406 104.88993072509766 401 103.53375244140625 160.695068359375 -1 133.58099365234375 160.18153381347656 20 162.22987365722656 166.91145324707031 41 122.45236968994141 245.65153503417969 -1 12.722504615783691 94.316848754882812 126 103.53375244140625 160.695068359375 -1 64.630767822265625 186.17375183105469 -1 150.46878051757812 55.633464813232422 457 41.484325408935547 92.402267456054688 131 199.77481079101562 122.07968139648438 133 147.84080505371094 146.74905395507812 111 168.85426330566406 157.27142333984375 27 137.51150512695312 173.29664611816406 441 41.484325408935547 92.402267456054688 403 165.00437927246094 35.55755615234375 404 184.05482482910156 45.455375671386719 405 62.162757873535156 173.42118835449219 483 172.96905517578125 179.046875 42 166.04655456542969 180.10319519042969 48 140.78715515136719 212.68074035644531 39 81.412696838378906 222.71958923339844 314 165.18896484375 66.697433471679688 407 46.044727325439453 99.752510070800781 426 183.68992614746094 124.5999755859375 130 153.95442199707031 154.50289916992188 -1 84.571922302246094 164.92369079589844 482 81.412696838378906 222.71958923339844 341 183.68992614746094 124.5999755859375 182 164.30059814453125 189.28492736816406 35 46.044727325439453 99.752510070800781 425 27.70930290222168 79.493125915527344 -1 57.896343231201172 124.06803894042969 134 6.876986026763916 139.0538330078125 173 155.23771667480469 140.88766479492188 56 153.08644104003906 166.07533264160156 184 148.030517578125 250.10789489746094 33 154.6826171875 226.49087524414062 36 159.37066650390625 241.7449951171875 32 150.38038635253906 222.15463256835938 -1 65.42559814453125 124.36870574951172 322 150.38038635253906 222.15463256835938 -1 151.28520202636719 202.81707763671875 618 147.05775451660156 187.09906005859375 486 156.32289123535156 176.99307250976562 485 156.32289123535156 176.99307250976562 561 63.635078430175781 107.46819305419922 67 68.468429565429688 51.914405822753906 410 23.507278442382812 82.929267883300781 139 85.436088562011719 140.62446594238281 -1 81.592605590820312 141.38511657714844 351 39.218254089355469 149.3714599609375 145 9.3949594497680664 161.86759948730469 144 63.840133666992188 162.88127136230469 487 65.300437927246094 167.4449462890625 406 73.005966186523438 169.51718139648438 488 168.76095581054688 170.45896911621094 58 173.42439270019531 171.56300354003906 59 161.33041381835938 178.36068725585938 510 247.77079772949219 193.05030822753906 141 155.92131042480469 193.41024780273438 460 85.489128112792969 216.85281372070312 150 61.402629852294922 223.88299560546875 504 68.468429565429688 51.914405822753906 427 63.840133666992188 162.88127136230469 490 161.33041381835938 178.36068725585938 510 85.489128112792969 216.85281372070312 279 61.402629852294922 223.88299560546875 508 39.085468292236328 100.80319976806641 137 77.213905334472656 33.817111968994141 -1 68.098197937011719 118.40361022949219 283 172.52937316894531 123.68000793457031 353 50.423683166503906 125.96689605712891 -1 15.514407157897949 98.821685791015625 166 70.131301879882812 130.70480346679688 200 47.866683959960938 136.62567138671875 153 163.12115478515625 157.60354614257812 -1 69.617057800292969 167.09468078613281 509 152.87107849121094 232.55191040039062 118 161.35250854492188 40.367057800292969 422 45.241527557373047 116.05083465576172 250 64.369003295898438 115.67884826660156 189 175.19441223144531 167.96968078613281 57 72.124717712402344 175.22427368164062 492 75.985420227050781 179.72079467773438 494 158.21360778808594 183.46638488769531 495 66.553207397460938 38.045600891113281 -1 244.90971374511719 183.73342895507812 159 252.62088012695312 184.51596069335938 225 84.052391052246094 210.09927368164062 -1 65.880836486816406 221.43997192382812 236 4.5979189872741699 99.924728393554688 612 151.90269470214844 238.12078857421875 -1 37.029098510742188 106.69430541992188 202 15.514407157897949 98.821685791015625 170 45.241527557373047 116.05083465576172 250 72.124717712402344 175.22427368164062 497 72.124717712402344 175.22427368164062 498 84.052391052246094 210.09927368164062 -1 8.957423210144043 100.24071502685547 612 37.029098510742188 106.69430541992188 199 224.99777221679688 159.11572265625 307 223.82952880859375 161.40673828125 307 228.13261413574219 163.10646057128906 360 171.91470336914062 163.57499694824219 82 72.669326782226562 165.23228454589844 501 69.948135375976562 166.22718811035156 509 160.99526977539062 168.09786987304688 -1 163.75137329101562 235.43827819824219 -1 241.59310913085938 175.89154052734375 171 241.09153747558594 179.26380920410156 234 244.43426513671875 179.12055969238281 617 27.344703674316406 148.92829895019531 298 75.092208862304688 173.56307983398438 506 247.41539001464844 178.560546875 617 242.55436706542969 181.06956481933594 159 248.46000671386719 183.94599914550781 156 252.03866577148438 188.195068359375 433 154.96328735351562 202.35679626464844 100 154.56863403320312 206.52705383300781 320 81.6517333984375 214.75169372558594 281 41.089321136474609 226.41862487792969 468 164.49748229980469 239.95440673828125 -1 162.82839965820312 43.438457489013672 503 46.963150024414062 93.912879943847656 262 235.39402770996094 172.31529235839844 140 238.26637268066406 172.01499938964844 613 177.59478759765625 171.78102111816406 -1 239.64242553710938 169.49282836914062 146 237.65664672851562 175.20906066894531 248 11.700300216674805 97.901535034179688 321 229.46743774414062 169.26866149902344 614 237.31401062011719 166.73828125 146 231.04615783691406 166.83157348632812 614 234.01885986328125 166.50726318359375 245 75.092208862304688 173.56307983398438 455 154.56863403320312 206.52705383300781 100 81.6517333984375 214.75169372558594 150 41.089321136474609 226.41862487792969 292 24.716300964355469 125.24854278564453 -1 242.82600402832031 173.21861267089844 171 58.295642852783203 125.643310546875 451 160.99526977539062 168.09786987304688 -1 61.739860534667969 125.94988250732422 162 27.1385498046875 127.01892852783203 523 58.943626403808594 128.26016235351562 160 19.359199523925781 155.03079223632812 -1 12.793571472167969 100.88205718994141 165 221.98834228515625 159.1641845703125 307 236.555419921875 169.71867370605469 613 3.0682711601257324 102.78150177001953 297 79.727134704589844 193.23374938964844 358 233.37605285644531 162.76179504394531 174 30.754499435424805 149.16209411621094 298 5.3817882537841797 139.91770935058594 173 
87 0.99904930612717346 0.043492139345847759 -0.0029588780784900012 0.00040346307304856655 -0.95855462864181262 3.3993278719999593 -0.050720395203891079 1 000091.png
126.48735046386719 95.106842041015625 396 187.86505126953125 152.49307250976562 -1 47.717353820800781 71.82061767578125 476 56.06182861328125 149.85125732421875 512 82.488510131835938 174.00669860839844 177 55.3790283203125 98.277862548828125 123 74.359779357910156 213.48745727539062 124 42.652290344238281 133.13664245605469 263 73.483970642089844 172.44122314453125 308 74.191978454589844 198.88725280761719 515 36.156307220458984 225.09255981445312 371 36.156307220458984 225.09255981445312 -1 120.54556274414062 151.71792602539062 395 154.98115539550781 68.391395568847656 616 105.51177215576172 154.21510314941406 10 145.71470642089844 195.71759033203125 15 160.26457214355469 199.5003662109375 397 80.284858703613281 234.3525390625 341 122.18006134033203 244.14068603515625 -1 80.284858703613281 234.3525390625 314 122.18006134033203 244.14068603515625 420 53.503684997558594 118.79191589355469 -1 92.795127868652344 156.22842407226562 421 133.59504699707031 160.40008544921875 20 165.74029541015625 34.897499084472656 404 12.668148994445801 96.492431640625 126 53.503684997558594 118.79191589355469 -1 186.41575622558594 241.41502380371094 383 153.37350463867188 236.67329406738281 36 47.556564331054688 101.04518890380859 426 183.1737060546875 45.656021118164062 405 40.963180541992188 94.408859252929688 131 199.2298583984375 125.93607330322266 133 45.996116638183594 134.61125183105469 263 197.75828552246094 135.8541259765625 128 168.87550354003906 157.28514099121094 27 109.94570159912109 172.77333068847656 21 137.463623046875 173.12034606933594 441 170.35833740234375 228.81881713867188 484 82.422569274902344 228.19294738769531 -1 165.24154663085938 67.038345336914062 407 183.76747131347656 128.61688232421875 130 84.625129699707031 164.27317810058594 456 62.225074768066406 173.45677185058594 483 172.96263122558594 179.04389953613281 42 164.30062866210938 189.28457641601562 35 166.04365539550781 180.09053039550781 48 82.422569274902344 228.19294738769531 -1 9.8717212677001953 103.47021484375 612 151.28627014160156 202.81472778320312 618 152.916259765625 167.55120849609375 184 147.10557556152344 187.0899658203125 486 156.3551025390625 177.04736328125 485 6.4169774055480957 141.74716186523438 173 57.265060424804688 128.47312927246094 134 63.778423309326172 109.77850341796875 67 155.92131042480469 193.41024780273438 460 155.615234375 253.19767761230469 32 68.470115661621094 51.914134979248047 410 23.151798248291016 85.237396240234375 139 36.979061126708984 108.57865905761719 199 70.424942016601562 128.30914306640625 525 22.716949462890625 132.33576965332031 136 63.893856048583984 163.03346252441406 487 8.151768684387207 167.49551391601562 144 65.209892272949219 167.68632507324219 406 73.059150695800781 169.58451843261719 488 168.68458557128906 170.39739990234375 58 173.36456298828125 171.56898498535156 59 161.33018493652344 178.36421203613281 510 68.470115661621094 51.914134979248047 427 23.151798248291016 85.237396240234375 238 36.979061126708984 108.57865905761719 202 63.893856048583984 163.03346252441406 490 38.884918212890625 102.85746002197266 137 70.609321594238281 133.38014221191406 200 175.16294860839844 167.99362182617188 57 69.171150207519531 168.96029663085938 509 72.216102600097656 175.29052734375 492 76.007011413574219 179.78262329101562 494 158.21360778808594 183.46635437011719 495 4.0603761672973633 102.05889129638672 612 15.381587028503418 100.9371337890625 166 250.58186340332031 190.18666076660156 225 30.732000350952148 238.81361389160156 -1 8.451141357421875 102.21286773681641 612 82.577476501464844 219.65324401855469 281 248.38441467285156 201.86009216308594 516 39.730033874511719 153.34886169433594 145 66.553253173828125 38.045341491699219 -1 161.46788024902344 40.342506408691406 422 15.381587028503418 100.9371337890625 170 45.141960144042969 118.24753570556641 250 72.216102600097656 175.29052734375 497 45.141960144042969 118.24753570556641 250 67.9129638671875 121.72308349609375 283 23.607423782348633 128.23727416992188 523 72.216102600097656 175.29052734375 498 55.937232971191406 134.56573486328125 533 82.577476501464844 219.65324401855469 150 26.377653121948242 154.07884216308594 298 162.99848937988281 157.39656066894531 -1 163.22549438476562 43.443519592285156 503 235.10189819335938 171.03913879394531 146 43.957141876220703 96.477066040039062 262 11.188053131103516 99.910530090332031 321 12.367636680603027 102.84702301025391 165 42.157501220703125 112.61772155761719 435 39.093387603759766 113.67081451416016 435 26.584196090698242 129.61567687988281 523 55.105991363525391 132.01687622070312 533 59.108993530273438 131.85173034667969 160 7.3798494338989258 136.79411315917969 507 211.41424560546875 151.890380859375 158 74.091682434082031 155.81919860839844 249 67.606254577636719 159.26768493652344 499 220.03950500488281 159.60639953613281 167 230.00360107421875 172.76136779785156 614 237.14645385742188 173.45401000976562 146 48.432712554931641 139.84417724609375 153 245.36674499511719 183.89213562011719 617 75.12139892578125 173.98797607421875 506 154.96328735351562 202.35679626464844 100 154.56867980957031 206.5269775390625 320 149.54214477539062 244.11161804199219 118 239.45388793945312 180.94059753417969 171 239.02932739257812 184.23677062988281 234 161.42391967773438 173.17950439453125 -1 228.83795166015625 171.17657470703125 614 242.44122314453125 184.62886047363281 617 69.921821594238281 166.50859069824219 509 72.667236328125 165.60896301269531 501 171.91358947753906 163.65132141113281 82 161.42391967773438 173.17950439453125 -1 75.12139892578125 173.98797607421875 455 154.56867980957031 206.5269775390625 100 62.711906433105469 115.99188232421875 540 177.44100952148438 172.06521606445312 -1 240.84080505371094 186.92437744140625 159 246.44044494628906 189.66569519042969 156 235.95748901367188 176.35633850097656 613 249.48947143554688 193.27316284179688 434 252.10269165039062 197.04681396484375 433 44.105659484863281 92.784782409667969 339 44.105659484863281 92.784782409667969 403 2.5786423683166504 104.79828643798828 297 
88 0.99920612963332189 0.03962065878016828 -0.0038575574747096871 -0.0015598561959544275 -0.68151290432456435 1.4867937385493859 0.057082629065887083 1 000089.png
126.38972473144531 94.194107055664062 396 45.042510986328125 173.10057067871094 -1 45.042510986328125 173.10057067871094 -1 190.12127685546875 154.98255920410156 252 47.713695526123047 71.136138916015625 476 55.456817626953125 149.47416687011719 512 55.306888580322266 97.560394287109375 123 74.135215759277344 211.39041137695312 124 30.471778869628906 93.269363403320312 398 30.471778869628906 93.269363403320312 399 74.029006958007812 197.00039672851562 515 42.486804962158203 131.18212890625 263 133.57057189941406 140.51258850097656 480 73.486717224121094 172.43060302734375 308 37.869899749755859 220.609375 371 145.71922302246094 195.74740600585938 15 160.26742553710938 199.46232604980469 397 120.80754089355469 150.80145263671875 395 120.80754089355469 150.80145263671875 395 155.32179260253906 67.5225830078125 616 12.898741722106934 95.935249328613281 126 8.6585540771484375 107.02335357666016 536 39.920635223388672 106.26800537109375 401 92.829505920410156 156.20632934570312 421 133.64305114746094 160.00947570800781 20 162.43815612792969 167.00056457519531 41 122.38263702392578 245.53355407714844 420 80.872520446777344 230.53001403808594 341 122.38263702392578 245.53355407714844 -1 165.37248229980469 34.914585113525391 404 80.872520446777344 230.53001403808594 314 64.6192626953125 186.20712280273438 -1 49.062374114990234 99.416458129882812 426 110.16120147705078 173.072021484375 21 137.5086669921875 173.29371643066406 441 110.16120147705078 173.072021484375 440 183.40280151367188 45.593414306640625 405 150.47529602050781 55.638538360595703 457 40.979225158691406 93.50299072265625 131 199.62794494628906 124.6209716796875 133 198.27859497070312 133.72352600097656 128 168.86424255371094 157.24655151367188 27 165.18898010253906 66.69744873046875 407 84.630104064941406 164.382080078125 482 172.96900939941406 179.04685974121094 42 166.0462646484375 180.10299682617188 48 155.21189880371094 227.07475280761719 36 183.44781494140625 126.56449890136719 130 62.214393615722656 173.45687866210938 483 153.52606201171875 235.23562622070312 118 183.44781494140625 126.56449890136719 182 164.30059814453125 189.28489685058594 35 10.174911499023438 102.83108520507812 612 57.775638580322266 126.11609649658203 134 151.28544616699219 202.81687927246094 618 61.77410888671875 222.37435913085938 -1 162.81390380859375 245.7977294921875 -1 152.98548889160156 166.29998779296875 184 147.04266357421875 187.10136413574219 486 155.20297241210938 141.19239807128906 56 61.77410888671875 222.37435913085938 -1 156.29212951660156 176.93330383300781 561 22.88067626953125 130.42791748046875 136 156.29212951660156 176.93330383300781 485 39.023395538330078 102.07550811767578 137 37.248943328857422 107.95983123779297 199 16.011695861816406 119.36100006103516 367 6.4070396423339844 139.66995239257812 173 39.333164215087891 151.68753051757812 145 63.931404113769531 163.02934265136719 487 65.205604553222656 167.69210815429688 406 73.05841064453125 169.56916809082031 488 168.76095581054688 170.45896911621094 58 173.42439270019531 171.56300354003906 59 161.33122253417969 178.36099243164062 510 155.92131042480469 193.41024780273438 460 86.586631774902344 222.30378723144531 279 157.71170043945312 246.84432983398438 -1 15.37163257598877 99.935600280761719 166 68.468429565429688 51.914405822753906 427 23.422016143798828 84.368522644042969 238 37.248943328857422 107.95983123779297 202 63.931404113769531 163.02934265136719 490 161.33122253417969 178.36099243164062 510 86.586631774902344 222.30378723144531 528 15.37163257598877 99.935600280761719 170 77.05816650390625 33.824378967285156 -1 68.468429565429688 51.914405822753906 410 23.422016143798828 84.368522644042969 139 55.912723541259766 132.92984008789062 533 29.244718551635742 153.20933532714844 298 161.4056396484375 40.346088409423828 422 163.16912841796875 157.64045715332031 -1 7.3080601692199707 166.52427673339844 144 66.553077697753906 38.045539855957031 -1 160.92494201660156 168.16972351074219 -1 68.152656555175781 120.40660095214844 283 4.580009937286377 101.45108795166016 612 150.81794738769531 241.83168029785156 -1 175.19441223144531 167.96968078613281 57 69.171745300292969 168.96281433105469 509 72.123115539550781 175.26141357421875 497 76.004722595214844 179.77578735351562 494 158.21359252929688 183.46640014648438 495 250.59812927246094 186.45388793945312 225 248.37176513671875 197.63009643554688 516 84.060646057128906 210.108154296875 538 82.37481689453125 219.24053955078125 281 62.515415191650391 229.01187133789062 496 26.855302810668945 128.37838745117188 523 45.068466186523438 117.16590881347656 250 18.555217742919922 98.014625549316406 -1 160.92494201660156 168.16972351074219 -1 72.123115539550781 175.26141357421875 492 72.123115539550781 175.26141357421875 498 8.9450368881225586 101.86626434326172 612 12.756332397460938 102.37032318115234 165 45.068466186523438 117.16590881347656 250 216.5677490234375 151.98736572265625 568 74.103965759277344 155.72929382324219 249 67.651008605957031 159.3238525390625 499 219.39501953125 159.453125 307 14.620956420898438 161.3704833984375 264 171.91470336914062 163.57499694824219 82 231.51670837402344 163.90281677246094 174 177.59478759765625 171.78102111816406 -1 75.124015808105469 173.9437255859375 506 240.78297424316406 174.90203857421875 171 59.080039978027344 130.33859252929688 160 239.45578002929688 177.19358825683594 171 239.05744934082031 180.51951599121094 234 245.36296081542969 180.36283874511719 617 242.45166015625 180.88951110839844 617 240.86009216308594 183.21931457519531 159 246.46270751953125 185.92605590820312 156 249.49322509765625 189.54000854492188 434 253.08920288085938 190.6514892578125 433 79.598770141601562 193.12559509277344 358 252.33352661132812 193.12860107421875 433 154.96328735351562 202.35679626464844 100 154.56863403320312 206.52705383300781 320 234.56306457519531 170.97116088867188 613 237.62796020507812 170.70903015136719 146 227.50979614257812 170.4969482421875 614 62.805038452148438 123.94731140136719 162 229.07662963867188 168.140380859375 614 69.922447204589844 166.50723266601562 509 162.92721557617188 43.426719665527344 503 72.667228698730469 165.60896301269531 501 226.03938293457031 164.30032348632812 360 25.974267959594727 87.022468566894531 -1 10.213142395019531 136.00181579589844 520 75.124015808105469 173.9437255859375 455 154.56863403320312 206.52705383300781 100 25.974267959594727 87.022468566894531 414 235.75772094726562 176.61811828613281 248 44.12957763671875 96.172378540039062 262 11.578693389892578 99.473426818847656 321 64.675849914550781 117.17213439941406 189 236.2529296875 173.24336242675781 613 233.37619018554688 173.55357360839844 140 10.213142395019531 136.00181579589844 507 4.0699038505554199 146.07177734375 566 29.410612106323242 150.01206970214844 298 224.17942810058594 166.07521057128906 360 44.07989501953125 91.797019958496094 403 3.0834851264953613 104.31992340087891 297 44.07989501953125 91.797019958496094 339 
89 0.99912404632624763 0.041706274107803663 -0.0034046969010601735 0.00036713992268055381 -0.79508095657294642 2.4714021680078 0.028609256361038803 1 000090.png
126.52462005615234 94.519004821777344 396 191.20584106445312 156.779052734375 252 46.831951141357422 164.40391540527344 -1 46.831951141357422 164.40391540527344 -1 47.68719482421875 71.445175170898438 476 55.719966888427734 149.56083679199219 512 82.728446960449219 174.89569091796875 177 55.311935424804688 97.70147705078125 123 191.54782104492188 33.517375946044922 -1 37.15447998046875 223.16989135742188 -1 191.54782104492188 33.517375946044922 -1 37.15447998046875 223.16989135742188 371 74.215133666992188 199.57075500488281 515 73.48223876953125 172.43719482421875 308 133.6175537109375 140.92268371582031 480 120.71141052246094 151.26605224609375 395 80.915504455566406 232.3109130859375 314 120.71141052246094 151.26605224609375 395 145.72332763671875 195.75053405761719 15 160.25927734375 199.52151489257812 397 80.915504455566406 232.3109130859375 341 155.32186889648438 67.519577026367188 616 162.50868225097656 167.04347229003906 41 133.70321655273438 159.91975402832031 20 92.814163208007812 155.87193298339844 421 53.181941986083984 117.81580352783203 -1 8.5326766967773438 107.09820556640625 536 12.591651916503906 95.849807739257812 126 53.181941986083984 117.81580352783203 -1 122.38687133789062 245.57986450195312 420 122.38687133789062 245.57986450195312 -1 165.67263793945312 34.807727813720703 404 64.617294311523438 186.21109008789062 -1 137.50361633300781 173.30169677734375 441 110.15655517578125 173.04997253417969 440 183.257568359375 45.616535186767578 405 150.47517395019531 55.638595581054688 457 41.010292053222656 93.927803039550781 131 48.878604888916016 99.639999389648438 426 199.357421875 125.06743621826172 133 45.953586578369141 133.59613037109375 263 198.01466369628906 134.8282470703125 128 147.34536743164062 151.57754516601562 111 168.86344909667969 157.24026489257812 27 110.15655517578125 173.04997253417969 21 62.216049194335938 173.45640563964844 483 153.5916748046875 235.09809875488281 36 164.30059814453125 189.28492736816406 35 165.18898010253906 66.697433471679688 407 183.86834716796875 127.60309600830078 130 84.629623413085938 164.3065185546875 456 172.96905517578125 179.046875 42 166.04655456542969 180.10319519042969 48 170.36131286621094 228.99119567871094 484 8.7151126861572266 171.53596496582031 -1 151.28482055664062 202.81831359863281 618 85.400527954101562 236.18081665039062 -1 157.16978454589844 250.79963684082031 32 147.05044555664062 187.100830078125 486 85.400527954101562 236.18081665039062 -1 9.9245901107788086 102.67238616943359 612 156.32289123535156 176.99307250976562 485 153.98095703125 151.36273193359375 -1 155.13053894042969 141.52384948730469 56 22.54057502746582 130.78263854980469 274 57.415451049804688 127.2664794921875 134 65.679840087890625 126.533203125 322 156.32289123535156 176.99307250976562 561 63.934249877929688 163.01548767089844 487 8.8899755477905273 165.88771057128906 144 65.205963134765625 167.691650390625 406 73.059181213378906 169.58445739746094 488 168.76095581054688 170.45896911621094 58 173.42439270019531 171.56300354003906 59 161.33041381835938 178.36068725585938 510 155.92131042480469 193.41024780273438 460 38.862754821777344 102.34750366210938 137 86.597152709960938 222.53640747070312 528 58.362739562988281 232.70892333984375 504 68.468429565429688 51.914405822753906 427 23.173933029174805 84.490814208984375 238 14.960351943969727 99.367034912109375 166 36.984245300292969 108.07184600830078 202 63.934249877929688 163.01548767089844 490 161.33041381835938 178.36068725585938 510 86.597152709960938 222.53640747070312 279 58.362739562988281 232.70892333984375 508 14.960351943969727 99.367034912109375 170 77.213905334472656 33.817111968994141 -1 68.468429565429688 51.914405822753906 410 23.173933029174805 84.490814208984375 139 36.984245300292969 108.07184600830078 199 70.527397155761719 127.78694152832031 525 5.9102878570556641 139.95445251464844 173 163.14857482910156 157.63046264648438 -1 70.449569702148438 133.33177185058594 200 45.171943664550781 117.79592132568359 250 82.508499145507812 219.33348083496094 281 62.583393096923828 229.68612670898438 496 13.216361045837402 163.01228332519531 264 72.216094970703125 175.29052734375 497 145.67973327636719 251.747802734375 33 175.19441223144531 167.96968078613281 57 69.171707153320312 168.96232604980469 509 68.198478698730469 120.68299102783203 283 66.553070068359375 38.045524597167969 -1 72.216094970703125 175.29052734375 492 76.0069580078125 179.78265380859375 494 39.519840240478516 152.34565734863281 145 158.21360778808594 183.46638488769531 495 250.58186340332031 188.18666076660156 225 248.38473510742188 199.85940551757812 516 72.216094970703125 175.29052734375 498 82.508499145507812 219.33348083496094 150 161.47804260253906 40.333526611328125 422 4.580009937286377 101.45108795166016 612 8.9408721923828125 101.8648681640625 612 45.171943664550781 117.79592132568359 250 64.4515380859375 118.05763244628906 189 30.415996551513672 150.02322387695312 298 30.166624069213867 153.09414672851562 298 74.096542358398438 155.78729248046875 249 67.618072509765625 159.2843017578125 499 171.91470336914062 163.57499694824219 82 221.99932861328125 164.13522338867188 307 48.408912658691406 138.88143920898438 153 7.3722515106201172 136.19644165039062 507 160.99528503417969 168.09782409667969 -1 245.36669921875 181.89215087890625 617 233.39942932128906 175.32485961914062 140 239.45294189453125 178.93882751464844 171 237.60118103027344 172.49946594238281 146 239.02932739257812 182.23675537109375 234 242.44122314453125 182.62886047363281 617 163.17042541503906 43.438144683837891 503 246.44044494628906 187.66569519042969 156 249.48947143554688 191.27316284179688 434 252.10269165039062 195.04681396484375 433 154.96328735351562 202.35679626464844 100 154.56867980957031 206.5269775390625 320 38.428836822509766 234.21934509277344 468 150.82379150390625 241.70767211914062 118 162.0928955078125 244.63569641113281 243 162.82228088378906 249.18028259277344 -1 234.52867126464844 172.65948486328125 613 227.48103332519531 172.25123596191406 614 177.59478759765625 171.78102111816406 -1 229.0521240234375 169.83961486816406 614 232.01173400878906 169.5 245 62.026573181152344 128.34231567382812 162 231.417236328125 165.64500427246094 174 72.667236328125 165.60896301269531 501 75.121383666992188 173.9879150390625 455 154.56867980957031 206.5269775390625 100 38.428836822509766 234.21934509277344 292 160.99528503417969 168.09782409667969 -1 240.84080505371094 184.92437744140625 159 40.069278717041016 86.987533569335938 467 43.901451110839844 95.939682006835938 262 11.578933715820312 99.471542358398438 321 17.487762451171875 102.71205902099609 -1 39.097496032714844 113.20275115966797 435 12.719250679016113 102.30867004394531 165 75.121383666992188 173.9879150390625 506 26.583560943603516 128.98756408691406 523 59.127998352050781 130.81155395507812 160 69.922470092773438 166.50718688964844 509 9.8130683898925781 136.31134033203125 520 44.005878448486328 92.247848510742188 339 236.26614379882812 175.01519775390625 613 44.005878448486328 92.247848510742188 403 9.8130683898925781 136.31134033203125 507 235.1815185546875 169.69981384277344 146 3.0834851264953613 104.31992340087891 297 
90 0.99931156536615551 0.036888527449475864 -0.0039514559263668161 -0.00013365670627780063 -0.39981033683216699 0.28342743945220622 -0.13906147654121828 1 000087.png
126.37162017822266 93.873687744140625 396 190.8431396484375 154.16996765136719 252 47.732330322265625 70.25543212890625 476 54.998104095458984 149.13275146484375 465 55.417984008789062 97.269706726074219 123 40.200859069824219 129.1102294921875 575 74.053009033203125 209.95074462890625 124 43.343315124511719 130.23573303222656 263 74.097984313964844 197.50909423828125 515 73.509376525878906 172.41148376464844 308 39.804779052734375 216.46524047851562 371 199.609619140625 135.05366516113281 128 121.02825927734375 149.8255615234375 395 145.81488037109375 195.69863891601562 15 160.29507446289062 199.32154846191406 397 20.169870376586914 246.21199035644531 599 121.02825927734375 149.8255615234375 395 20.169870376586914 246.21199035644531 598 165.3941650390625 35.503635406494141 404 155.32185363769531 67.522178649902344 616 40.493160247802734 105.37181854248047 401 92.904434204101562 156.80099487304688 421 133.58749389648438 160.14936828613281 20 162.26463317871094 166.92971801757812 41 80.774917602539062 226.90278625488281 341 122.452392578125 245.72946166992188 -1 122.452392578125 245.72946166992188 -1 80.774917602539062 226.90278625488281 314 64.619911193847656 186.20600891113281 -1 147.77664184570312 147.21820068359375 111 168.85089111328125 157.27249145507812 27 137.51004028320312 173.29267883300781 441 41.570842742919922 92.829277038574219 403 81.151763916015625 223.98614501953125 341 183.73135375976562 125.34330749511719 182 150.47560119628906 55.638591766357422 457 183.73135375976562 125.34330749511719 130 81.151763916015625 223.98614501953125 314 183.87217712402344 45.490642547607422 405 41.570842742919922 92.829277038574219 131 199.78407287597656 122.94593048095703 133 164.30059814453125 189.28489685058594 35 84.629837036132812 164.79545593261719 482 62.206233978271484 173.4527587890625 483 172.96900939941406 179.04685974121094 42 166.0462646484375 180.10299682617188 48 165.18898010253906 66.697441101074219 407 14.618905067443848 97.394424438476562 170 65.53955078125 125.17833709716797 322 44.998947143554688 100.77848815917969 426 63.373966217041016 116.46546936035156 189 58.19873046875 124.49932861328125 134 155.23847961425781 140.94508361816406 56 153.01319885253906 166.47007751464844 184 151.28565979003906 202.81610107421875 618 82.039581298828125 221.18089294433594 -1 147.04373168945312 187.10110473632812 486 150.287841796875 222.41722106933594 -1 154.7728271484375 226.52955627441406 36 152.78874206542969 236.20654296875 118 158.62315368652344 242.44236755371094 32 10.474161148071289 101.81138610839844 612 156.29212951660156 176.93330383300781 485 17.156347274780273 156.4566650390625 -1 150.287841796875 222.41722106933594 -1 246.98895263671875 195.23420715332031 -1 156.29212951660156 176.93330383300781 561 44.998947143554688 100.77848815917969 425 15.127484321594238 121.00649261474609 366 15.127484321594238 121.00649261474609 367 63.7091064453125 107.74142456054688 67 68.468429565429688 51.914405822753906 410 39.330924987792969 101.30055999755859 137 81.612876892089844 141.23394775390625 351 63.919788360595703 163.05397033691406 487 65.205543518066406 167.69223022460938 406 73.053070068359375 169.56216430664062 488 168.76095581054688 170.45896911621094 58 173.42439270019531 171.56300354003906 59 232.59149169921875 175.19914245605469 140 161.33122253417969 178.36099243164062 510 155.92131042480469 193.41024780273438 460 85.544357299804688 216.95541381835938 150 68.468429565429688 51.914405822753906 427 63.919788360595703 163.05397033691406 490 161.33122253417969 178.36099243164062 510 85.544357299804688 216.95541381835938 279 23.792253494262695 83.410324096679688 139 77.05816650390625 33.824378967285156 -1 66.553176879882812 38.045585632324219 -1 9.2212724685668945 100.71762847900391 612 37.207611083984375 107.1429443359375 199 45.205074310302734 116.35852813720703 250 59.193511962890625 129.11221313476562 -1 47.917530059814453 137.50155639648438 153 28.740638732910156 152.4415283203125 298 163.11691284179688 157.6033935546875 -1 160.92494201660156 168.16972351074219 -1 39.205844879150391 150.28512573242188 145 175.19441223144531 167.96968078613281 57 69.1717529296875 168.96290588378906 509 242.71086120605469 173.90142822265625 171 72.121604919433594 175.26055908203125 497 50.770683288574219 126.59380340576172 -1 76.001968383789062 179.771728515625 494 158.21359252929688 183.46640014648438 495 251.60145568847656 184.45271301269531 225 252.37863159179688 194.75495910644531 433 84.060958862304688 210.11701965332031 538 61.055393218994141 223.17488098144531 504 161.31210327148438 40.339347839355469 422 4.7885665893554688 100.48097991943359 612 237.51441955566406 176.16598510742188 248 37.207611083984375 107.1429443359375 202 45.205074310302734 116.35852813720703 250 160.92494201660156 168.16972351074219 -1 72.121604919433594 175.26055908203125 492 72.121604919433594 175.26055908203125 498 61.055393218994141 223.17488098144531 508 50.770683288574219 126.59380340576172 473 162.93280029296875 43.432624816894531 503 68.146347045898438 119.42355346679688 283 62.162662506103516 123.48956298828125 162 24.975559234619141 126.03607177734375 -1 27.356678009033203 127.45591735839844 523 252.92617797851562 191.02593994140625 433 154.96328735351562 202.35679626464844 100 154.56863403320312 206.52705383300781 320 81.670051574707031 214.61712646484375 281 64.626388549804688 116.15885925292969 189 231.1162109375 167.69819641113281 614 237.40139770507812 167.56245422363281 146 72.667190551757812 165.60934448242188 501 229.48796081542969 170.13325500488281 614 228.21534729003906 163.93339538574219 360 239.61585998535156 170.20314025878906 146 236.58309936523438 170.5125732421875 613 177.59478759765625 171.78102111816406 -1 235.31283569335938 172.94451904296875 140 238.40841674804688 172.87284851074219 613 75.127113342285156 173.87730407714844 506 78.548347473144531 176.17753601074219 -1 26.124826431274414 83.167579650878906 -1 240.66413879394531 176.04841613769531 171 246.38394165039062 178.42475891113281 617 233.40596008300781 163.34457397460938 174 171.91470336914062 163.57499694824219 82 223.92390441894531 162.21949768066406 307 67.767494201660156 159.50071716308594 499 226.86854553222656 155.42692565917969 168 224.51728820800781 152.61991882324219 168 69.922462463378906 166.5072021484375 509 40.716060638427734 85.930419921875 467 208.52976989746094 142.64717102050781 -1 4.1345052719116211 135.3741455078125 539 44.536869049072266 91.203575134277344 403 41.898765563964844 98.427299499511719 -1 16.005516052246094 99.872543334960938 170 24.975559234619141 126.03607177734375 523 75.127113342285156 173.87730407714844 455 154.56863403320312 206.52705383300781 100 81.670051574707031 214.61712646484375 150 28.906845092773438 148.99104309082031 298 44.536869049072266 91.203575134277344 339 18.576112747192383 97.868011474609375 -1 11.924900054931641 98.428909301757812 321 41.898765563964844 98.427299499511719 -1 16.005516052246094 99.872543334960938 166 243.51383972167969 178.94607543945312 617 13.182703971862793 101.37050628662109 165 241.88174438476562 181.202392578125 159 247.46391296386719 183.9271240234375 156 250.48008728027344 187.52699279785156 434 3.2803878784179688 103.30516052246094 297 61.793003082275391 126.50255584716797 162 
91 0.999270547299001 0.037933246535800769 -0.0042324361435210874 -0.0012363625279104881 -0.41600074242081525 0.85920543901419777 -0.15692944227600147 1 000088.png
126.34452056884766 94.048347473144531 396 44.627239227294922 173.482666015625 -1 44.627239227294922 173.482666015625 -1 190.5889892578125 154.46875 252 47.585723876953125 70.210258483886719 476 55.281024932861328 149.34738159179688 465 55.506092071533203 97.711875915527344 123 74.183067321777344 210.55152893066406 124 107.29843139648438 146.79893493652344 10 74.062187194824219 197.22402954101562 515 42.655185699462891 130.4298095703125 263 73.49847412109375 172.41888427734375 308 38.556545257568359 218.36494445800781 371 120.91656494140625 150.35186767578125 395 145.74334716796875 195.73995971679688 15 160.27622985839844 199.40980529785156 397 120.91656494140625 150.35186767578125 395 165.60714721679688 35.609245300292969 404 155.32182312011719 67.522262573242188 616 40.460182189941406 105.82798004150391 401 92.894744873046875 156.41767883300781 421 133.61659240722656 160.06382751464844 20 162.16377258300781 166.91400146484375 41 80.475517272949219 228.70741271972656 341 122.37854766845703 245.83154296875 -1 122.37854766845703 245.83154296875 -1 80.475517272949219 228.70741271972656 314 64.621536254882812 186.20066833496094 -1 45.858486175537109 132.38655090332031 263 41.692329406738281 93.373497009277344 131 199.73844909667969 123.49844360351562 133 168.85371398925781 157.26414489746094 27 41.692329406738281 93.373497009277344 403 137.50222778320312 173.3134765625 441 183.61326599121094 45.549575805664062 405 150.47552490234375 55.638595581054688 457 165.18898010253906 66.69744873046875 407 181.02296447753906 126.07805633544922 130 84.235977172851562 156.75798034667969 456 84.630241394042969 164.54869079589844 482 62.214611053466797 173.45718383789062 483 172.96903991699219 179.04685974121094 42 166.04611206054688 180.10275268554688 48 153.20574951171875 235.82649230957031 118 164.30059814453125 189.28489685058594 35 14.506975173950195 97.585777282714844 170 181.02296447753906 126.07805633544922 182 155.16801452636719 226.67483520507812 36 10.48397159576416 102.52664184570312 612 15.133011817932129 121.6082763671875 366 58.326229095458984 125.22743225097656 134 156.2879638671875 176.79582214355469 561 147.04234313964844 187.10281372070312 486 151.28555297851562 202.81672668457031 618 150.15399169921875 222.8902587890625 -1 162.87828063964844 246.64952087402344 -1 7.0415234565734863 171.35722351074219 -1 158.59947204589844 253.13871765136719 -1 150.15399169921875 222.8902587890625 -1 156.2879638671875 176.79582214355469 485 15.133011817932129 121.6082763671875 367 155.22682189941406 141.05021667480469 56 23.259260177612305 130.09101867675781 274 65.7183837890625 125.48416900634766 322 63.924633026123047 163.03956604003906 490 161.33110046386719 178.360107421875 510 61.184375762939453 222.75553894042969 -1 77.180831909179688 33.837284088134766 -1 68.468429565429688 51.914405822753906 410 23.73777961730957 84.195854187011719 139 39.320930480957031 101.80050659179688 137 81.678352355957031 140.86500549316406 351 39.218940734863281 151.37957763671875 145 63.924633026123047 163.03956604003906 487 7.0260462760925293 165.81854248046875 144 65.205467224121094 167.69229125976562 406 73.054710388183594 169.56553649902344 488 168.76095581054688 170.458984375 58 173.42439270019531 171.56300354003906 59 161.33110046386719 178.360107421875 510 241.12214660644531 187.41746520996094 -1 155.92131042480469 193.41024780273438 460 247.72116088867188 195.66970825195312 141 61.184375762939453 222.75553894042969 -1 68.468429565429688 51.914405822753906 427 72.121368408203125 175.26019287109375 497 76.003837585449219 179.76921081542969 494 158.21359252929688 183.4664306640625 495 238.28201293945312 182.77711486816406 -1 250.59860229492188 184.45405578613281 225 66.553077697753906 38.045539855957031 -1 161.3792724609375 40.343631744384766 422 4.7864694595336914 100.97024536132812 612 37.223388671875 107.66094207763672 199 45.11199951171875 116.67551422119141 250 68.20623779296875 119.73560333251953 283 84.066726684570312 210.13807678222656 538 55.937442779541016 132.56072998046875 533 40.540126800537109 144.14625549316406 -1 24.903436660766602 152.35403442382812 298 163.1475830078125 157.62458801269531 -1 160.86247253417969 168.15806579589844 -1 175.19441223144531 167.96968078613281 57 82.20599365234375 219.12190246582031 281 48.103103637695312 138.05503845214844 153 69.1717529296875 168.96293640136719 509 157.95492553710938 246.63900756835938 -1 64.041549682617188 226.03036499023438 496 37.223388671875 107.66094207763672 202 45.11199951171875 116.67551422119141 250 160.86247253417969 168.15806579589844 -1 72.121368408203125 175.26019287109375 492 72.121368408203125 175.26019287109375 498 42.514209747314453 98.738365173339844 -1 15.991977691650391 100.33620452880859 166 13.152604103088379 101.85261535644531 165 3.2696323394775391 103.83274078369141 297 62.546661376953125 123.82752227783203 162 24.956649780273438 126.65038299560547 -1 61.781124114990234 127.4267578125 162 27.443662643432617 127.94032287597656 523 59.0428466796875 129.93281555175781 160 4.1143798828125 135.86576843261719 539 39.617332458496094 141.38674926757812 368 28.659023284912109 150.05877685546875 298 28.498502731323242 153.11886596679688 298 79.676010131835938 193.05874633789062 358 154.96328735351562 202.35679626464844 100 154.56863403320312 206.52705383300781 320 65.317314147949219 111.27339172363281 67 72.667198181152344 165.60934448242188 501 39.514183044433594 230.32435607910156 292 234.01885986328125 168.50726318359375 245 231.04615783691406 168.83158874511719 614 237.31401062011719 168.73828125 146 229.46469116210938 171.27279663085938 614 236.555419921875 171.71865844726562 613 239.64178466796875 171.49288940429688 146 177.59478759765625 171.78102111816406 -1 75.126724243164062 173.89759826660156 506 238.26841735839844 174.01661682128906 613 235.39410400390625 174.31538391113281 140 78.591384887695312 176.12442016601562 -1 237.59272766113281 177.12309265136719 248 245.39456176757812 178.40655517578125 617 242.53155517578125 178.97041320800781 171 240.79635620117188 181.14402770996094 159 238.47868347167969 182.199951171875 -1 246.46273803710938 183.92607116699219 156 162.92726135253906 43.428707122802734 503 26.11079216003418 83.945404052734375 -1 69.922447204589844 166.50724792480469 509 171.91470336914062 163.57499694824219 82 14.598194122314453 160.87446594238281 264 223.84086608886719 159.77085876464844 307 67.798713684082031 159.566650390625 499 74.103790283203125 155.7208251953125 249 42.514209747314453 98.738365173339844 -1 15.991977691650391 100.33620452880859 170 24.956649780273438 126.65038299560547 523 228.13296508789062 165.10675048828125 360 154.56863403320312 206.52705383300781 100 36.128665924072266 84.067352294921875 554 16.919448852539062 94.987716674804688 -1 47.171958923339844 94.979743957519531 262 18.552762985229492 98.380477905273438 -1 11.982817649841309 98.878517150878906 321 39.514183044433594 230.32435607910156 468 249.47407531738281 187.5078125 434 253.12080383300781 188.60037231445312 433 251.9146728515625 191.02291870117188 433 75.126724243164062 173.89759826660156 455 8.1815891265869141 135.66102600097656 507 233.37602233886719 164.76222229003906 174 
92 0.99893776218848029 0.045983291909325597 -0.0028547507538360713 0.00085705144925495751 -1.1165394338504764 4.4001915346809675 -0.08179237458382381 1 000092.png
126.47823333740234 95.673309326171875 396 187.30891418457031 153.02407836914062 -1 47.729652404785156 72.336898803710938 476 56.122886657714844 150.17889404296875 512 82.863044738769531 174.21012878417969 177 47.729652404785156 72.336898803710938 526 30.880718231201172 94.272224426269531 398 54.962150573730469 99.293807983398438 123 160.65191650390625 237.03558349609375 -1 30.880718231201172 94.272224426269531 399 42.144004821777344 134.06488037109375 263 73.419242858886719 172.48768615722656 308 78.301719665527344 236.61866760253906 314 120.33664703369141 152.09536743164062 395 104.74469757080078 156.71815490722656 10 74.050895690917969 195.748291015625 515 160.258544921875 199.51205444335938 397 35.625190734863281 230.58291625976562 371 78.301719665527344 236.61866760253906 341 145.13465881347656 195.35830688476562 15 155.36224365234375 67.543418884277344 616 165.7308349609375 34.916522979736328 404 122.67424011230469 244.33372497558594 -1 133.46952819824219 160.87728881835938 20 92.724937438964844 156.29843139648438 421 122.67424011230469 244.33372497558594 420 84.605781555175781 164.10856628417969 482 197.73098754882812 137.59226989746094 128 198.63008117675781 128.13516235351562 133 40.664962768554688 94.8909912109375 131 183.07672119140625 45.694984436035156 405 6.557182788848877 148.67173767089844 527 168.77508544921875 157.43707275390625 27 137.57666015625 173.03257751464844 441 151.474365234375 241.63986206054688 36 186.37944030761719 241.456787109375 383 40.664962768554688 94.8909912109375 403 153.39170837402344 234.25616455078125 -1 172.95742797851562 179.05386352539062 42 164.30068969726562 189.28402709960938 35 46.365917205810547 101.40467071533203 425 46.365917205810547 101.40467071533203 426 65.546333312988281 128.70042419433594 322 181.02752685546875 129.93019104003906 182 181.02752685546875 129.93019104003906 130 62.229804992675781 173.45930480957031 483 166.04118347167969 180.08493041992188 48 170.35064697265625 228.65245056152344 484 82.590408325195312 229.39578247070312 -1 82.590408325195312 229.39578247070312 -1 204.45211791992188 125.13646697998047 -1 14.251365661621094 99.744712829589844 170 14.251365661621094 99.744712829589844 166 9.6259965896606445 103.73023223876953 612 147.16032409667969 187.1075439453125 486 151.28654479980469 202.81431579589844 618 152.83924865722656 168.3218994140625 184 156.35775756835938 177.05680847167969 485 6.393439769744873 142.00810241699219 173 64.038070678710938 110.29812622070312 67 173.30583190917969 171.57295227050781 59 168.61578369140625 170.39146423339844 58 73.059280395507812 169.58445739746094 488 8.1207485198974609 168.50384521484375 144 65.202423095703125 167.69717407226562 406 63.850212097167969 163.05412292480469 487 30.966413497924805 150.66567993164062 -1 22.723030090332031 132.34469604492188 136 70.506744384765625 129.14967346191406 525 37.360137939453125 109.47397613525391 199 22.888742446899414 85.535285949707031 139 87.40924072265625 226.13136291503906 -1 68.469635009765625 51.914260864257812 410 85.441932678222656 140.25750732421875 529 63.850212097167969 163.05412292480469 490 37.360137939453125 109.47397613525391 202 22.888742446899414 85.535285949707031 238 68.469635009765625 51.914260864257812 427 87.40924072265625 226.13136291503906 528 155.92131042480469 193.41024780273438 460 246.22769165039062 186.69917297363281 617 161.33085632324219 178.36482238769531 510 23.702688217163086 128.21397399902344 523 47.866981506347656 141.4586181640625 153 175.15113830566406 167.99148559570312 57 69.171150207519531 168.96028137207031 509 66.553543090820312 38.04498291015625 -1 76.005455017089844 179.78277587890625 494 158.21363830566406 183.46632385253906 495 250.32008361816406 202.71003723144531 519 72.216094970703125 175.29051208496094 492 40.024669647216797 154.02859497070312 145 44.156536102294922 118.21403503417969 250 72.216094970703125 175.29051208496094 497 72.216094970703125 175.29051208496094 498 161.60971069335938 40.390605926513672 422 4.0587401390075684 102.52500152587891 612 8.4518823623657227 102.73113250732422 612 38.768928527832031 103.26018524169922 137 44.156536102294922 118.21403503417969 250 67.898788452148438 122.39939880371094 283 163.22096252441406 43.438278198242188 503 39.716556549072266 87.916488647460938 467 11.185430526733398 100.41773986816406 321 12.258454322814941 103.29800415039062 165 174.06932067871094 131.75466918945312 -1 41.716316223144531 113.01315307617188 435 64.620216369628906 120.86940765380859 189 61.769832611083984 130.27886962890625 162 174.06932067871094 131.75466918945312 -1 54.704441070556641 133.10934448242188 533 58.825939178466797 132.8671875 160 210.92512512207031 154.11038208007812 158 26.461343765258789 154.93365478515625 298 154.56867980957031 206.5269775390625 320 247.93084716796875 205.07475280761719 516 241.11900329589844 194.63563537597656 615 154.96328735351562 202.35679626464844 100 148.57717895507812 247.425537109375 118 248.03302001953125 199.4049072265625 516 251.14718627929688 198.84165954589844 519 252.04498291015625 195.88697814941406 433 248.32443237304688 194.861572265625 434 249.12184143066406 191.81179809570312 434 245.32624816894531 191.43901062011719 156 237.14501953125 185.19259643554688 234 238.57112121582031 182.78556823730469 171 235.23825073242188 182.45932006835938 234 235.66560363769531 178.81729125976562 613 232.63526916503906 171.49203491210938 245 224.52699279785156 168.16578674316406 522 161.47628784179688 173.09602355957031 -1 221.29478454589844 167.90242004394531 307 69.921836853027344 166.50856018066406 509 72.667236328125 165.60896301269531 501 171.9249267578125 163.68064880371094 82 223.98545837402344 160.27035522460938 -1 218.48368835449219 160.1314697265625 167 7.377357006072998 137.30413818359375 507 161.47628784179688 173.09602355957031 -1 75.121368408203125 173.98786926269531 455 154.56867980957031 206.5269775390625 100 55.970420837402344 236.95169067382812 -1 59.574081420898438 235.68508911132812 -1 227.53179931640625 172.52470397949219 614 230.35592651367188 176.15267944335938 614 75.121368408203125 173.98786926269531 506 67.605049133300781 159.26622009277344 499 74.085716247558594 155.86968994140625 249 2.5869431495666504 105.28688812255859 297 
93 0.99935153992179093 0.035608528087365393 -0.0052790510971498462 -0.00081486373726073313 -0.13544574107369203 -0.79798964239962511 -0.28459646912909042 1 000084.png
126.15753936767578 93.580863952636719 396 42.944637298583984 173.02552795410156 -1 42.944637298583984 173.02552795410156 -1 191.40280151367188 153.34246826171875 252 48.015659332275391 69.817832946777344 476 54.306785583496094 148.06221008300781 465 31.207839965820312 91.128326416015625 398 74.268020629882812 206.76431274414062 124 31.207839965820312 91.128326416015625 399 107.45537567138672 145.38320922851562 10 193.1236572265625 36.638717651367188 -1 42.271846771240234 128.1337890625 263 73.488716125488281 172.08665466308594 308 41.27288818359375 211.78582763671875 371 166.13667297363281 248.85609436035156 14 121.08883666992188 149.44378662109375 395 145.83380126953125 195.75202941894531 15 160.35939025878906 199.23965454101562 397 155.29563903808594 67.591766357421875 616 8.3512287139892578 105.01744079589844 536 39.813140869140625 103.75453186035156 401 92.750801086425781 156.70098876953125 421 103.33182525634766 160.20158386230469 -1 133.57342529296875 159.90193176269531 20 103.33182525634766 160.20158386230469 -1 148.35807800292969 233.23399353027344 13 122.33209228515625 245.68598937988281 -1 23.820545196533203 245.28201293945312 598 122.33209228515625 245.68598937988281 -1 23.820545196533203 245.28201293945312 599 122.33209228515625 245.68598937988281 -1 122.33209228515625 245.68598937988281 -1 162.81048583984375 167.15451049804688 41 137.49862670898438 173.47804260253906 441 60.973278045654297 174.22373962402344 483 80.769615173339844 222.30500793457031 314 80.769615173339844 222.30500793457031 341 199.77516174316406 121.06138610839844 133 164.91255187988281 35.542343139648438 404 150.7100830078125 55.726955413818359 457 41.116374969482422 91.570213317871094 131 161.08808898925781 100.92173767089844 -1 45.41876220703125 129.94117736816406 263 147.72808837890625 146.72732543945312 111 168.85899353027344 157.25625610351562 27 164.28340148925781 189.37783813476562 35 165.17922973632812 66.666015625 407 183.76211547851562 123.60757446289062 130 83.995330810546875 151.74006652832031 28 153.86080932617188 154.43782043457031 -1 172.96560668945312 179.02545166015625 42 166.02561950683594 179.97052001953125 48 141.12736511230469 211.80828857421875 39 155.66542053222656 224.1343994140625 36 62.278129577636719 225.11561584472656 -1 84.456069946289062 164.89082336425781 439 184.10122680664062 45.483085632324219 405 62.278129577636719 225.11561584472656 -1 57.6265869140625 123.12442016601562 134 65.220848083496094 123.25641632080078 322 22.849172592163086 128.0885009765625 136 6.5428934097290039 138.71348571777344 173 155.12712097167969 140.93502807617188 56 9.9675884246826172 100.48297882080078 612 148.98908996582031 246.80453491210938 33 146.96046447753906 187.25486755371094 486 156.22813415527344 176.94561767578125 485 156.22813415527344 176.94561767578125 561 22.849172592163086 128.0885009765625 274 159.42950439453125 238.40666198730469 32 151.03305053710938 202.99282836914062 618 15.968178749084473 116.88864135742188 367 38.830245971679688 148.47026062011719 145 8.3867874145507812 160.93101501464844 144 63.582561492919922 163.13258361816406 487 65.213134765625 167.54548645019531 406 72.864486694335938 169.70561218261719 488 168.78884887695312 170.42764282226562 58 173.4305419921875 171.57524108886719 59 161.29515075683594 178.3883056640625 510 247.60386657714844 191.73887634277344 141 155.79786682128906 193.52886962890625 460 68.2073974609375 52.061595916748047 427 14.847261428833008 96.929306030273438 166 15.968178749084473 116.88864135742188 366 63.582561492919922 163.13258361816406 490 68.2073974609375 52.061595916748047 410 23.181726455688477 82.146873474121094 139 14.847261428833008 96.929306030273438 170 38.799373626708984 99.890846252441406 137 63.796104431152344 106.84660339355469 67 63.313579559326172 114.7420654296875 189 85.187248229980469 140.71867370605469 -1 223.04342651367188 159.87440490722656 307 172.01510620117188 163.46868896484375 82 43.884860992431641 93.8529052734375 262 45.317977905273438 115.58083343505859 250 69.6412353515625 166.90943908691406 509 160.86001586914062 168.02317810058594 -1 242.70521545410156 171.25418090820312 171 232.60470581054688 171.88958740234375 -1 71.976829528808594 175.29147338867188 492 36.749519348144531 105.75833892822266 199 247.43716430664062 176.91044616699219 617 66.608123779296875 218.33580017089844 236 244.92536926269531 182.41255187988281 159 252.71849060058594 183.10649108886719 -1 157.98902893066406 183.65151977539062 495 67.853225708007812 117.32084655761719 283 26.635772705078125 126.95539855957031 523 70.021659851074219 130.74540710449219 200 47.348587036132812 135.68385314941406 153 84.947761535644531 215.10505676269531 150 211.03851318359375 144.618408203125 158 26.941591262817383 147.431884765625 298 163.058349609375 157.51385498046875 -1 81.745277404785156 141.35282897949219 351 66.442024230957031 38.186557769775391 -1 36.749519348144531 105.75833892822266 202 45.317977905273438 115.58083343505859 250 160.86001586914062 168.02317810058594 -1 71.976829528808594 175.29147338867188 497 71.976829528808594 175.29147338867188 498 84.947761535644531 215.10505676269531 279 161.23468017578125 40.3629150390625 422 4.5990190505981445 99.293601989746094 612 8.9652528762817383 99.607162475585938 612 81.745277404785156 141.35282897949219 355 172.50306701660156 123.29111480712891 353 75.617584228515625 179.76544189453125 494 72.503517150878906 165.30445861816406 501 239.60176086425781 167.61061096191406 146 162.55532836914062 43.428401947021484 503 235.36863708496094 170.54067993164062 140 238.3497314453125 170.32270812988281 613 177.62298583984375 171.72731018066406 -1 161.29531860351562 173.1353759765625 -1 39.965389251708984 84.43475341796875 467 237.57209777832031 173.30630493164062 248 74.977958679199219 173.66883850097656 506 241.51211547851562 174.30235290527344 171 238.9625244140625 175.76332092285156 234 244.46258544921875 177.77543640136719 617 248.38551330566406 182.45204162597656 156 252.02767944335938 186.79403686523438 433 154.80043029785156 202.61380004882812 100 81.613838195800781 214.23385620117188 281 25.233482360839844 85.037139892578125 414 231.0732421875 165.13662719726562 614 228.24003601074219 161.4771728515625 360 221.83375549316406 157.7919921875 307 12.749817848205566 99.970130920410156 165 34.42120361328125 101.55319213867188 -1 227.50837707519531 153.64939880371094 168 224.13516235351562 153.29606628417969 168 30.464820861816406 148.03636169433594 298 208.47650146484375 140.39811706542969 -1 25.233482360839844 85.037139892578125 -1 161.29531860351562 173.1353759765625 -1 74.977958679199219 173.66883850097656 455 81.613838195800781 214.23385620117188 150 236.58222961425781 168.0115966796875 613 33.510814666748047 105.83462524414062 452 65.10430908203125 109.2843017578125 67 42.119831085205078 109.552978515625 435 61.639293670654297 121.93671417236328 162 58.186103820800781 124.63365173339844 451 61.506763458251953 124.93416595458984 162 58.736133575439453 127.20338439941406 160 47.261581420898438 132.56825256347656 -1 229.45742797851562 167.58198547363281 614 230.88768005371094 157.66287231445312 174 4.7634305953979492 139.45964050292969 173 
94 0.99881032652708013 0.048727480249994265 -0.0016834436322840094 -0.0008545811202345803 -1.987357194418014 6.0591657207079539 0.61866503767936076 1 000094.png
126.51969146728516 97.096595764160156 396 189.76139831542969 160.46173095703125 252 47.599567413330078 73.422592163085938 476 56.918853759765625 150.82537841796875 512 83.607032775878906 174.77833557128906 177 47.599567413330078 73.422592163085938 526 55.122509002685547 100.33763885498047 123 73.809616088867188 219.74760437011719 543 194.54193115234375 224.6904296875 -1 42.264564514160156 136.28660583496094 263 73.318817138671875 172.54158020019531 308 32.552524566650391 236.24980163574219 371 119.90154266357422 153.14598083496094 395 86.579597473144531 193.71421813964844 477 74.03057861328125 195.38665771484375 515 160.24856567382812 199.53477478027344 397 122.20401000976562 243.20436096191406 420 145.09806823730469 195.41032409667969 15 122.20401000976562 243.20436096191406 -1 155.46072387695312 67.600265502929688 616 12.479312896728516 98.407905578613281 126 130.64520263671875 145.02885437011719 480 109.81166839599609 145.96598815917969 -1 92.62957763671875 156.70826721191406 421 133.21806335449219 161.57217407226562 20 165.9249267578125 35.025962829589844 404 104.01646423339844 158.22169494628906 10 82.444534301757812 235.61952209472656 -1 40.665424346923828 96.533485412597656 403 82.444534301757812 235.61952209472656 -1 109.862060546875 172.58042907714844 -1 186.34364318847656 241.50296020507812 481 84.602951049804688 164.11703491210938 456 182.94277954101562 45.768768310546875 405 40.665424346923828 96.533485412597656 131 198.33705139160156 129.59225463867188 133 196.16018676757812 139.47090148925781 128 148.35859680175781 145.65750122070312 -1 6.3252253532409668 150.27133178710938 527 168.71026611328125 157.61160278320312 27 109.862060546875 172.58042907714844 -1 137.3775634765625 172.61428833007812 441 182.61068725585938 132.13786315917969 130 62.236259460449219 173.46009826660156 483 172.92076110839844 179.022705078125 42 166.03582763671875 180.0723876953125 48 147.33198547363281 156.9317626953125 111 170.34030151367188 228.23448181152344 484 148.72108459472656 242.39881896972656 36 164.30072021484375 189.28369140625 35 14.313418388366699 101.33739471435547 170 45.801673889160156 103.20453643798828 426 9.6935033798217773 105.42070770263672 612 22.540908813476562 133.45002746582031 136 236.03749084472656 196.39122009277344 -1 151.28633117675781 202.81565856933594 618 65.957801818847656 130.39601135253906 322 156.35041809082031 177.10818481445312 485 147.06088256835938 187.10298156738281 486 45.801673889160156 103.20453643798828 425 14.313418388366699 101.33739471435547 166 152.81111145019531 168.45323181152344 184 6.4141173362731934 143.60787963867188 173 37.362892150878906 110.97617340087891 199 44.064586639404297 119.81033325195312 250 153.49147033691406 155.77362060546875 -1 39.966751098632812 156.604736328125 145 63.807708740234375 163.04856872558594 487 165.03729248046875 166.55973815917969 41 65.214401245117188 167.69004821777344 406 73.059944152832031 169.58370971679688 488 168.49542236328125 170.35969543457031 58 173.19497680664062 171.5887451171875 59 161.33464050292969 178.36225891113281 510 246.15274047851562 192.09976196289062 225 155.92131042480469 193.41024780273438 460 237.02854919433594 196.21697998046875 615 68.468276977539062 51.917320251464844 427 22.914375305175781 87.234725952148438 238 37.362892150878906 110.97617340087891 202 44.064586639404297 119.81033325195312 250 63.807708740234375 163.04856872558594 490 88.162864685058594 230.29888916015625 -1 88.162864685058594 230.29888916015625 528 68.468276977539062 51.917320251464844 410 22.914375305175781 87.234725952148438 139 68.145103454589844 124.44347381591797 283 55.899375915527344 137.63471984863281 533 64.581451416015625 246.26638793945312 -1 70.832748413085938 137.39424133300781 200 48.074565887451172 143.85671997070312 153 30.768909454345703 154.12338256835938 -1 161.76908874511719 40.437812805175781 422 174.99911499023438 168.07835388183594 57 69.171195983886719 168.96011352539062 509 83.629692077636719 226.774169921875 -1 8.2855911254882812 171.98408508300781 144 222.508056640625 174.9080810546875 614 72.216094970703125 175.29051208496094 492 226.77249145507812 176.16860961914062 614 76.005195617675781 179.78291320800781 494 158.21368408203125 183.46629333496094 495 241.72055053710938 196.51629638671875 615 240.88723754882812 200.34747314453125 141 250.32086181640625 208.2266845703125 553 82.796798706054688 221.38127136230469 -1 38.741672515869141 104.75373840332031 137 234.87895202636719 191.66490173339844 555 56.8211669921875 243.57598876953125 496 85.065925598144531 215.49601745605469 538 72.216094970703125 175.29051208496094 497 72.216094970703125 175.29051208496094 498 83.629692077636719 226.774169921875 -1 66.556182861328125 38.043941497802734 -1 4.0634350776672363 104.00290679931641 612 26.460969924926758 157.94917297363281 298 67.610008239746094 159.27218627929688 499 212.4122314453125 159.40586853027344 500 215.44332885742188 160.08676147460938 167 171.93338012695312 163.79808044433594 82 72.667236328125 165.60896301269531 501 69.921844482421875 166.508544921875 509 218.04066467285156 167.55343627929688 307 12.306212425231934 104.87354278564453 165 229.91860961914062 180.34988403320312 140 82.224227905273438 152.91156005859375 355 235.66810607910156 183.59783935546875 171 235.26361083984375 187.20864868164062 234 241.33946228027344 187.12374877929688 617 238.61422729492188 187.5863037109375 617 237.08897399902344 189.86116027832031 159 163.41334533691406 43.459720611572266 503 241.6207275390625 191.86296081542969 156 245.46337890625 196.92547607421875 434 249.41387939453125 197.44966125488281 -1 248.33125305175781 200.36451721191406 556 252.05654907226562 201.43183898925781 -1 154.96328735351562 202.35679626464844 542 251.14871215820312 204.34742736816406 557 154.56867980957031 206.5269775390625 320 11.215238571166992 101.88320159912109 321 53.168830871582031 244.71067810058594 504 232.75753784179688 180.00538635253906 613 233.92996215820312 177.28677368164062 146 62.052711486816406 115.03915405273438 67 223.52507019042969 171.52262878417969 522 228.64579772949219 170.49613952636719 174 220.08979797363281 170.47261047363281 307 60.654197692871094 167.44891357421875 505 220.96678161621094 167.68017578125 307 82.224227905273438 152.91156005859375 351 75.121353149414062 173.98780822753906 455 154.56867980957031 206.5269775390625 100 75.121353149414062 173.98780822753906 506 26.598842620849609 131.29544067382812 523 62.050777435302734 132.326904296875 162 59.070568084716797 134.87132263183594 160 30.600015640258789 247.46147155761719 -1 7.3807806968688965 138.72412109375 507 39.72412109375 89.436058044433594 467 74.074714660644531 155.95634460449219 249 53.168830871582031 244.71067810058594 508 54.994705200195312 135.11726379394531 533 2.5945100784301758 106.79271697998047 297 
95 0.99884422428391795 0.047952417056386844 -0.003168768150681464 0.00086036127056008467 -1.3218910299152855 5.3390114898198977 0.48984960217839246 1 000093.png
126.50552368164062 96.430168151855469 396 119.92955780029297 184.10658264160156 -1 186.21382141113281 152.52766418457031 511 47.678096771240234 72.799728393554688 476 56.43994140625 150.442626953125 512 83.044662475585938 174.35943603515625 177 47.678096771240234 72.799728393554688 526 54.994533538818359 99.871330261230469 123 74.069229125976562 217.52999877929688 543 30.715564727783203 95.233894348144531 398 160.18009948730469 238.84104919433594 -1 30.715564727783203 95.233894348144531 399 73.376686096191406 172.51448059082031 308 34.070652008056641 232.3594970703125 371 43.888820648193359 135.91964721679688 263 120.07781982421875 152.61872863769531 395 104.25485992431641 157.70085144042969 10 86.702117919921875 194.06163024902344 477 74.038970947265625 195.545654296875 515 160.25625610351562 199.51368713378906 397 145.13455200195312 195.37339782714844 15 155.39480590820312 67.590583801269531 616 130.71527099609375 143.99351501464844 480 92.655311584472656 156.40180969238281 421 133.25691223144531 161.6055908203125 20 79.833091735839844 236.39582824707031 341 122.74183654785156 244.18562316894531 420 165.81680297851562 34.9658203125 404 79.833091735839844 236.39582824707031 314 122.74183654785156 244.18562316894531 -1 6.621088981628418 148.82197570800781 527 182.99040222167969 45.732799530029297 405 40.692989349365234 95.538658142089844 131 198.47137451171875 128.69271850585938 133 196.37628173828125 138.43040466308594 128 168.74458312988281 157.3486328125 27 84.584197998046875 163.94129943847656 482 109.88030242919922 172.64506530761719 -1 137.45738220214844 172.78727722167969 441 150.86820983886719 241.58116149902344 36 186.34434509277344 241.51737976074219 383 40.692989349365234 95.538658142089844 403 109.88030242919922 172.64506530761719 -1 164.30070495605469 189.28378295898438 35 182.63760375976562 131.14079284667969 130 62.238323211669922 173.46127319335938 483 172.949462890625 179.04205322265625 42 166.03817749023438 180.0760498046875 48 147.32588195800781 156.1708984375 111 170.34194946289062 228.413818359375 484 147.08941650390625 187.08731079101562 486 151.28665161132812 202.81430053710938 618 6.4601931571960449 142.48948669433594 173 65.829978942871094 128.6119384765625 322 152.9193115234375 168.54173278808594 184 45.739383697509766 102.24974060058594 425 14.36331844329834 100.18872833251953 166 22.557390213012695 132.32905578613281 136 45.739383697509766 102.24974060058594 426 14.36331844329834 100.18872833251953 170 156.34881591796875 177.06661987304688 485 29.296710968017578 152.8714599609375 298 63.808261871337891 163.05793762207031 487 165.0133056640625 166.57902526855469 41 65.207572937011719 167.69488525390625 406 73.059906005859375 169.583740234375 488 8.0871238708496094 169.76324462890625 144 168.55165100097656 170.37991333007812 58 173.25495910644531 171.58450317382812 59 161.33155822753906 178.3653564453125 510 155.92131042480469 193.41024780273438 460 55.911655426025391 236.56790161132812 -1 68.469245910644531 51.915470123291016 427 22.921676635742188 86.236259460449219 238 37.353832244873047 109.97882843017578 202 63.808261871337891 163.05793762207031 490 55.911655426025391 236.56790161132812 -1 68.469245910644531 51.915470123291016 410 22.921676635742188 86.236259460449219 139 37.353832244873047 109.97882843017578 199 64.35321044921875 111.23912048339844 67 85.442543029785156 140.19657897949219 529 4.0725002288818359 102.79013824462891 612 8.4940528869628906 103.04812622070312 612 38.776290893554688 103.77142333984375 137 44.075450897216797 118.67638397216797 250 68.129066467285156 123.44606018066406 283 48.157676696777344 142.39662170410156 153 175.1173095703125 168.01809692382812 57 69.171157836914062 168.96026611328125 509 72.216094970703125 175.29051208496094 492 76.005447387695312 179.78277587890625 494 158.21365356445312 183.46632385253906 495 249.130615234375 193.99021911621094 434 250.03520202636719 205.28289794921875 -1 252.31381225585938 208.38803100585938 553 82.758087158203125 221.19535827636719 281 246.01417541503906 199.61854553222656 516 66.553543090820312 38.04498291015625 -1 161.71162414550781 40.42596435546875 422 83.388046264648438 226.14356994628906 -1 248.03230285644531 207.76278686523438 -1 44.075450897216797 118.67638397216797 250 72.216094970703125 175.29051208496094 497 72.216094970703125 175.29051208496094 498 82.758087158203125 221.19535827636719 150 2.5944323539733887 105.59070587158203 297 41.611724853515625 113.49910736083984 435 61.848709106445312 113.96945190429688 67 163.22105407714844 43.438037872314453 503 58.069644927978516 131.09928894042969 451 62.093086242675781 131.02450561523438 162 58.940727233886719 133.66075134277344 160 54.771774291992188 133.79351806640625 533 7.3686647415161133 137.66156005859375 507 26.533927917480469 130.40559387207031 523 230.11360168457031 170.54570007324219 174 161.37623596191406 173.11944580078125 -1 75.121368408203125 173.98785400390625 506 223.98509216308594 174.44990539550781 614 227.93104553222656 175.14414978027344 614 233.17190551757812 177.99598693847656 613 230.37971496582031 178.65814208984375 140 235.72930908203125 181.43077087402344 171 235.228271484375 184.94036865234375 234 241.661865234375 185.2525634765625 617 238.65753173828125 185.40892028808594 617 237.10748291015625 187.64224243164062 159 242.71281433105469 191.08787536621094 156 247.63276672363281 197.10708618164062 434 251.62077331542969 197.97509765625 -1 219.62760925292969 167.5916748046875 307 69.921836853027344 166.508544921875 509 72.667236328125 165.60896301269531 501 225.0030517578125 171.48927307128906 522 39.589847564697266 88.472038269042969 467 67.606353759765625 159.26786804199219 499 25.453264236450195 156.91957092285156 298 74.082717895507812 155.90032958984375 249 43.516304016113281 94.208404541015625 403 39.539443969726562 96.966842651367188 -1 161.37623596191406 173.11944580078125 -1 75.121368408203125 173.98785400390625 455 171.93751525878906 163.718017578125 82 43.516304016113281 94.208404541015625 339 39.539443969726562 96.966842651367188 -1 11.209147453308105 100.60359191894531 321 12.359047889709473 103.58016967773438 165 250.40977478027344 200.73521423339844 556 154.96328735351562 202.35679626464844 542 253.24545288085938 204.79483032226562 557 154.56867980957031 206.5269775390625 320 154.56867980957031 206.5269775390625 100 9.8028526306152344 137.70060729980469 520 9.8028526306152344 137.70060729980469 507 
96 0.99867849491131333 0.051093794690152003 -0.0054409664006572584 -0.001041071784955844 -0.9983394868817983 7.2251720241901669 1.2317288588736697 1 000095.png
126.44113159179688 98.02349853515625 396 47.524925231933594 74.190254211425781 476 185.22576904296875 153.69866943359375 511 83.548202514648438 174.6585693359375 177 47.524925231933594 74.190254211425781 526 55.280384063720703 100.96747589111328 123 58.867984771728516 149.07139587402344 512 190.03652954101562 32.094711303710938 -1 42.223949432373047 138.28683471679688 263 73.423103332519531 172.59243774414062 308 31.961238861083984 239.68746948242188 -1 86.579826354980469 193.76338195800781 477 74.015876770019531 195.27897644042969 515 160.27668762207031 199.42971801757812 397 122.04441070556641 242.94046020507812 420 145.0462646484375 195.43367004394531 15 155.69438171386719 67.240318298339844 616 130.63632202148438 144.77510070800781 480 119.86658477783203 152.78494262695312 558 103.73622894287109 160.65538024902344 10 133.39707946777344 161.60873413085938 20 166.33305358886719 34.695087432861328 404 7.9468355178833008 111.16691589355469 536 129.65773010253906 254.34431457519531 -1 129.65773010253906 254.34431457519531 -1 182.53164672851562 45.594165802001953 405 6.4777765274047852 151.03929138183594 527 168.78233337402344 157.43931579589844 27 137.40559387207031 172.64118957519531 441 92.739555358886719 158.05422973632812 421 40.596172332763672 97.5701904296875 131 198.14404296875 131.00685119628906 133 195.99057006835938 140.92066955566406 128 148.20294189453125 145.89668273925781 -1 45.100765228271484 130.02778625488281 -1 147.23834228515625 157.27764892578125 111 84.678802490234375 164.64247131347656 482 62.237239837646484 173.46206665039062 483 172.97727966308594 179.03778076171875 42 166.03639221191406 180.07241821289062 48 170.34039306640625 228.22523498535156 484 144.86686706542969 236.60206604003906 -1 164.30075073242188 189.28314208984375 35 45.738330841064453 104.27130889892578 426 9.6422815322875977 106.55302429199219 612 22.401926040649414 134.54957580566406 136 156.27749633789062 176.87197875976562 485 136.22615051269531 179.00177001953125 -1 147.06228637695312 187.10409545898438 486 151.29508972167969 202.77163696289062 618 183.19873046875 241.81901550292969 481 152.72004699707031 168.5482177734375 184 146.45150756835938 244.04336547851562 -1 71.562942504882812 133.77854919433594 525 66.306205749511719 131.3448486328125 322 136.22615051269531 179.00177001953125 -1 45.738330841064453 104.27130889892578 425 14.375349044799805 102.75135040283203 170 14.375349044799805 102.75135040283203 166 22.921819686889648 88.237236022949219 139 37.185462951660156 111.99897766113281 199 43.798664093017578 120.81111145019531 250 5.6765999794006348 143.48532104492188 173 153.43830871582031 155.72300720214844 -1 63.836181640625 163.03915405273438 487 165.02922058105469 166.58645629882812 41 65.201148986816406 167.70835876464844 406 168.49250793457031 170.32550048828125 58 173.19123840332031 171.58662414550781 59 161.33406066894531 178.35995483398438 510 155.92131042480469 193.41024780273438 460 68.429450988769531 51.923133850097656 427 22.921819686889648 88.237236022949219 238 37.185462951660156 111.99897766113281 202 63.836181640625 163.03915405273438 490 73.039901733398438 169.69422912597656 488 68.429450988769531 51.923133850097656 410 161.86857604980469 40.432888031005859 422 4.0729579925537109 105.29475402832031 612 8.5079526901245117 105.52574157714844 612 38.729690551757812 105.75324249267578 137 65.351295471191406 115.58370971679688 67 64.419479370117188 123.87290191650391 189 68.191085815429688 125.73828887939453 283 71.12799072265625 138.52421569824219 200 234.50172424316406 194.67115783691406 -1 246.5699462890625 206.31675720214844 537 30.783002853393555 156.12467956542969 298 24.376335144042969 161.46688842773438 -1 171.78709411621094 163.93159484863281 82 175.04951477050781 168.0780029296875 57 69.179069519042969 168.90547180175781 509 72.123130798339844 175.28800964355469 497 76.003387451171875 179.77920532226562 494 154.47415161132812 206.67933654785156 100 67.03802490234375 37.999691009521484 589 252.78524780273438 215.04559326171875 -1 85.111587524414062 215.49305725097656 538 82.763259887695312 221.23016357421875 -1 83.66058349609375 227.15025329589844 281 158.21368408203125 183.46632385253906 495 72.123130798339844 175.28800964355469 492 72.123130798339844 175.28800964355469 498 154.47415161132812 206.67933654785156 320 2.9718575477600098 150.11550903320312 566 74.072990417480469 155.95294189453125 249 67.634590148925781 159.29917907714844 499 213.61190795898438 160.2930908203125 167 72.650955200195312 165.52926635742188 501 82.443817138671875 234.37574768066406 -1 182.59475708007812 246.5322265625 -1 28.566102981567383 252.77560424804688 -1 3.137798547744751 140.00883483886719 539 163.42176818847656 43.503505706787109 503 39.998825073242188 90.96160888671875 467 12.340312957763672 106.06462097167969 165 2.5758407115936279 108.11734008789062 297 227.87202453613281 175.94020080566406 -1 225.09046936035156 176.79273986816406 614 228.54389953613281 173.15083312988281 174 222.38912963867188 177.09811401367188 572 232.02011108398438 177.39256286621094 146 230.77264404296875 180.03334045410156 613 227.89248657226562 180.33274841308594 140 233.61415100097656 183.54008483886719 171 233.36679077148438 187.53050231933594 234 236.7403564453125 187.94183349609375 617 75.116111755371094 173.96815490722656 506 235.1572265625 190.49913024902344 -1 61.463394165039062 118.54899597167969 540 241.53631591796875 195.30378723144531 434 241.05157470703125 198.92247009277344 615 221.79946899414062 171.75975036621094 522 216.36062622070312 167.938720703125 307 60.655776977539062 167.469482421875 505 75.116111755371094 173.96815490722656 455 237.07516479492188 192.81892395019531 -1 61.834030151367188 131.11866760253906 162 62.106876373291016 134.07142639160156 162 59.099952697753906 136.58804321289062 160 154.96321105957031 202.35713195800781 542 250.22596740722656 206.57344055175781 -1 69.919807434082031 166.50325012207031 509 252.4609375 209.19395446777344 553 28.566102981567383 252.77560424804688 -1 4.3772168159484863 145.81922912597656 173 219.23727416992188 167.88714599609375 307 223.66621398925781 174.01130676269531 -1 
97 0.99825006211388034 0.058876622994963428 -0.005234328226896289 0.00172004719591291 -1.1297809378862929 10.887375051631867 1.3008732945663162 1 000097.png
126.44149017333984 99.788963317871094 396 47.214820861816406 74.929855346679688 476 184.09799194335938 155.77874755859375 511 83.11083984375 174.2650146484375 177 47.214820861816406 74.929855346679688 526 55.40911865234375 101.93611907958984 123 59.532978057861328 150.05755615234375 512 73.718040466308594 226.09088134765625 543 30.419750213623047 99.406761169433594 398 39.871124267578125 140.38104248046875 575 30.419750213623047 99.406761169433594 399 73.697715759277344 172.61882019042969 308 144.98751831054688 195.47299194335938 15 155.548828125 67.720085144042969 616 76.232078552246094 143.94075012207031 545 118.89841461181641 154.57135009765625 558 86.498588562011719 193.68421936035156 477 73.99578857421875 195.1134033203125 515 160.32215881347656 199.26608276367188 397 130.49192810058594 144.98234558105469 480 103.74296569824219 161.35084533691406 559 133.75712585449219 162.00401306152344 20 197.40980529785156 134.76852416992188 133 40.217826843261719 99.558158874511719 131 137.3544921875 172.93093872070312 441 92.813072204589844 159.50729370117188 421 66.247642517089844 134.48248291015625 322 13.43925952911377 103.14120483398438 170 164.30076599121094 189.28292846679688 35 50.348335266113281 131.53721618652344 -1 181.86590576171875 137.20556640625 130 146.43998718261719 163.29269409179688 111 84.857391357421875 165.4234619140625 482 62.255928039550781 173.45858764648438 483 156.0626220703125 176.00502014160156 485 166.03790283203125 180.07264709472656 48 170.34147644042969 228.22012329101562 484 144.53683471679688 237.01239013671875 -1 50.348335266113281 131.53721618652344 -1 173.00582885742188 179.06185913085938 42 144.53683471679688 237.01239013671875 -1 156.0626220703125 176.00502014160156 561 181.68133544921875 229.38587951660156 550 182.92610168457031 241.47210693359375 586 152.39125061035156 168.371337890625 184 37.485885620117188 158.74246215820312 547 36.5277099609375 153.28828430175781 368 5.4386606216430664 145.53025817871094 173 136.22941589355469 179.09951782226562 -1 45.641151428222656 106.13090515136719 425 71.634483337402344 135.89352416992188 525 147.06303405761719 187.10478210449219 486 45.641151428222656 106.13090515136719 426 151.30844116210938 202.71998596191406 618 22.390985488891602 135.70040893554688 136 81.336051940917969 233.04837036132812 563 78.219940185546875 245.47386169433594 -1 22.6439208984375 90.23114013671875 238 36.878719329833984 113.54336547851562 202 63.884269714355469 163.06976318359375 490 81.336051940917969 233.04837036132812 -1 22.6439208984375 90.23114013671875 139 3.5707535743713379 106.56459045410156 612 36.878719329833984 113.54336547851562 199 65.335655212402344 117.16964721679688 67 85.429481506347656 140.74032592773438 529 63.884269714355469 163.06976318359375 487 165.00625610351562 166.67251586914062 41 65.170967102050781 167.74238586425781 406 73.035354614257812 169.74850463867188 488 173.19975280761719 171.58782958984375 59 8.0912971496582031 178.09907531738281 144 161.33187866210938 178.34494018554688 510 155.92131042480469 193.41024780273438 460 247.03404235839844 222.04608154296875 -1 250.79985046386719 228.14668273925781 585 75.979835510253906 179.712158203125 494 158.21365356445312 183.46647644042969 495 225.51412963867188 184.55859375 140 237.67280578613281 201.78543090820312 615 14.46329402923584 105.61715698242188 170 241.38481140136719 202.40681457519531 434 154.47007751464844 206.67857360839844 100 38.218975067138672 107.53334808349609 137 43.753013610839844 122.46677398681641 250 68.394737243652344 128.427490234375 283 252.79495239257812 224.30548095703125 557 82.701393127441406 220.95939636230469 -1 85.716445922851562 154.50128173828125 607 68.320121765136719 51.961200714111328 410 82.747261047363281 156.77671813964844 351 171.60227966308594 164.11036682128906 82 175.05313110351562 168.03746032714844 57 69.203948974609375 168.88540649414062 509 84.589820861816406 230.87530517578125 -1 72.070449829101562 175.2762451171875 497 246.90266418457031 215.02238464355469 -1 146.43434143066406 241.3797607421875 -1 14.46329402923584 105.61715698242188 166 43.753013610839844 122.46677398681641 250 72.070449829101562 175.2762451171875 492 72.070449829101562 175.2762451171875 498 154.47007751464844 206.67857360839844 320 146.43434143066406 241.3797607421875 -1 68.751884460449219 37.807598114013672 589 162.20610046386719 40.431114196777344 422 50.518543243408203 140.06840515136719 473 167.01969909667969 141.34442138671875 -1 50.130661010742188 143.38502502441406 -1 2.415595531463623 151.89468383789062 566 204.78797912597656 157.91606140136719 -1 208.50935363769531 163.25515747070312 -1 26.407558441162109 163.39602661132812 298 72.601966857910156 165.22955322265625 501 69.902183532714844 166.53279113769531 509 213.44754028320312 166.85057067871094 167 60.656272888183594 167.57395935058594 505 75.103256225585938 173.88482666015625 506 55.759029388427734 142.14566040039062 -1 198.87078857421875 138.35111999511719 133 225.92100524902344 189.28831481933594 -1 232.02734375 189.50746154785156 171 235.12289428710938 193.82057189941406 617 234.75668334960938 197.486328125 -1 240.81242370605469 197.45462036132812 617 233.1395263671875 186.83433532714844 613 238.10295104980469 197.83790588378906 617 236.64532470703125 200.18946838378906 -1 154.96322631835938 202.35708618164062 542 246.35675048828125 209.67219543457031 -1 250.09812927246094 210.49205017089844 -1 243.92860412597656 211.33784484863281 537 249.80046081542969 214.37065124511719 -1 163.76776123046875 43.499080657958984 503 252.20840454101562 218.09245300292969 -1 253.33311462402344 219.93231201171875 -1 182.58811950683594 246.70013427734375 -1 136.66999816894531 249.42996215820312 -1 228.68742370605469 184.20184326171875 140 199.641845703125 49.373497009277344 -1 220.45317077636719 181.38374328613281 360 221.60336303710938 178.55747985839844 572 217.972412109375 177.47726440429688 307 216.07052612304688 174.27615356445312 307 43.377559661865234 98.608421325683594 403 39.994926452636719 92.964614868164062 467 61.054718017578125 117.54956817626953 -1 50.518543243408203 140.06840515136719 -1 75.103256225585938 173.88482666015625 455 2.4361414909362793 141.54531860351562 539 136.66999816894531 249.42996215820312 -1 43.377559661865234 98.608421325683594 339 11.760377883911133 107.53861999511719 165 33.526271820068359 114.03408050537109 452 61.054718017578125 117.54956817626953 540 48.541797637939453 133.03971862792969 -1 61.680290222167969 133.88377380371094 162 59.076763153076172 139.08700561523438 160 228.83883666992188 189.39146423339844 -1 136.66999816894531 249.42996215820312 -1 244.25514221191406 206.50624084472656 -1 67.527359008789062 159.29695129394531 499 
100 0.99815132354174885 0.060527492465176587 -0.0054865007392524145 -0.00050623845301959439 -1.2242998859527909 11.751439784209186 1.5348696417159327 1 000098.png
126.47780609130859 100.63958740234375 396 118.37184143066406 189.75778198242188 -1 47.132953643798828 75.988716125488281 476 183.58941650390625 156.91029357910156 511 47.132953643798828 75.988716125488281 526 59.954242706298828 150.46281433105469 512 54.888866424560547 103.47040557861328 123 73.740692138671875 228.42121887207031 543 30.109930038452148 100.47068786621094 398 30.109930038452148 100.47068786621094 399 190.07325744628906 33.941001892089844 -1 41.402614593505859 142.62461853027344 263 74.30242919921875 172.67388916015625 308 144.97796630859375 195.47065734863281 15 190.07325744628906 33.941001892089844 -1 76.185882568359375 144.8636474609375 545 118.32413482666016 155.21197509765625 558 86.470428466796875 193.68722534179688 477 73.968345642089844 194.73075866699219 515 160.32148742675781 199.26712036132812 397 155.58381652832031 67.540031433105469 616 130.35487365722656 145.34243774414062 480 104.21276092529297 161.76194763183594 -1 141.72505187988281 167.34986877441406 -1 104.21276092529297 161.76194763183594 559 38.446556091308594 113.08519744873047 401 6.6331515312194824 153.345703125 527 168.87043762207031 157.08917236328125 27 92.829261779785156 160.07489013671875 421 177.30052185058594 234.20220947265625 -1 177.30052185058594 234.20220947265625 -1 150.68736267089844 55.634860992431641 -1 39.972469329833984 100.49888610839844 131 60.636600494384766 125.64878845214844 -1 196.42005920410156 136.50102233886719 133 162.93611145019531 148.23716735839844 546 146.49130249023438 163.20075988769531 111 84.946182250976562 165.83876037597656 482 62.235126495361328 173.48159790039062 483 155.99949645996094 176.09028625488281 485 172.92424011230469 178.90476989746094 42 166.03927612304688 180.07461547851562 48 170.34140014648438 228.22370910644531 484 114.24437713623047 178.02847290039062 -1 164.30078125 189.28271484375 35 114.24437713623047 178.02847290039062 -1 181.08282470703125 139.12576293945312 130 44.9993896484375 107.10543060302734 426 8.9203348159790039 108.72089385986328 612 64.728157043457031 116.82041931152344 67 66.244827270507812 136.09443664550781 322 37.346504211425781 160.73178100585938 547 136.25067138671875 179.19557189941406 -1 147.062744140625 187.104736328125 486 151.30659484863281 202.73028564453125 618 181.64173889160156 229.44981384277344 550 152.37516784667969 168.34445190429688 184 48.682628631591797 150.34339904785156 153 182.9248046875 241.06349182128906 481 44.9993896484375 107.10543060302734 425 43.836677551269531 149.071044921875 -1 21.545984268188477 136.91802978515625 136 63.941585540771484 163.03395080566406 490 22.413263320922852 91.2301025390625 139 13.963550567626953 105.44274139404297 170 43.549381256103516 107.9056396484375 -1 36.375717163085938 114.1741943359375 199 43.038341522216797 123.09300231933594 250 85.433189392089844 140.712158203125 -1 63.941585540771484 163.03395080566406 487 164.98628234863281 166.71736145019531 41 65.168281555175781 167.7591552734375 406 73.018218994140625 169.77951049804688 488 168.48928833007812 170.24212646484375 58 173.20184326171875 171.58839416503906 59 161.33157348632812 178.34432983398438 510 155.92131042480469 193.41024780273438 460 249.02740478515625 231.3446044921875 -1 188.18505859375 240.96121215820312 -1 22.413263320922852 91.2301025390625 238 13.963550567626953 105.44274139404297 166 43.549381256103516 107.9056396484375 -1 36.375717163085938 114.1741943359375 202 85.433189392089844 140.712158203125 -1 37.786376953125 108.35157775878906 137 68.381629943847656 130.22006225585938 283 55.729343414306641 143.72013854980469 -1 85.724807739257812 154.56956481933594 607 36.783351898193359 156.12104797363281 368 82.755561828613281 156.49879455566406 351 171.52194213867188 164.12046813964844 82 84.655723571777344 231.01026916503906 -1 3.6853351593017578 107.46780395507812 612 175.0181884765625 167.97491455078125 57 180.44229125976562 229.97671508789062 550 69.224105834960938 168.87474060058594 509 72.071357727050781 175.29484558105469 497 46.089729309082031 152.01618957519531 -1 75.976119995117188 179.71925354003906 494 158.21363830566406 183.46656799316406 495 217.88359069824219 182.80752563476562 360 234.18716430664062 201.83389282226562 615 237.88751220703125 202.40391540527344 -1 238.00799560546875 207.5074462890625 -1 82.638900756835938 220.7281494140625 -1 245.74876403808594 225.02922058105469 -1 11.636505126953125 108.31282043457031 165 253.50108337402344 231.51554870605469 -1 146.26087951660156 241.26470947265625 -1 251.54255676269531 228.35258483886719 553 222.25163269042969 184.44398498535156 -1 72.071357727050781 175.29484558105469 492 72.071357727050781 175.29484558105469 498 146.26087951660156 241.26470947265625 -1 68.975479125976562 37.699855804443359 589 162.3968505859375 40.426410675048828 422 68.307525634765625 51.949970245361328 410 203.79925537109375 159.97419738769531 -1 32.705837249755859 160.33686828613281 -1 28.197370529174805 163.97102355957031 298 72.6160888671875 165.23466491699219 501 69.969329833984375 166.38691711425781 509 60.654548645019531 167.51875305175781 505 22.539215087890625 168.97964477539062 -1 212.43132019042969 169.33233642578125 568 222.8128662109375 189.33860778808594 -1 50.012260437011719 145.08514404296875 -1 164.05708312988281 43.495548248291016 503 39.256053924560547 93.542633056640625 467 231.2353515625 197.45335388183594 -1 234.63032531738281 197.8487548828125 617 237.37956237792969 197.41026306152344 617 233.13380432128906 200.18730163574219 -1 154.96330261230469 202.356689453125 542 154.58583068847656 206.54054260253906 320 236.41744995117188 210.51289367675781 555 243.17442321777344 211.12661743164062 -1 246.82566833496094 211.63697814941406 -1 239.02085876464844 214.24943542480469 141 246.13923645019531 214.63917541503906 556 248.55360412597656 218.3338623046875 -1 245.96052551269531 219.38078308105469 -1 251.99835205078125 219.47789001464844 -1 250.96290588378906 222.10588073730469 -1 252.27078247070312 224.24531555175781 557 50.535232543945312 141.54499816894531 473 43.013252258300781 102.49246978759766 262 229.94720458984375 186.82176208496094 613 61.623737335205078 135.37796020507812 162 225.47093200683594 184.23313903808594 140 218.82417297363281 179.29501342773438 572 75.102218627929688 173.85978698730469 455 43.013252258300781 102.49246978759766 339 50.535232543945312 141.54499816894531 -1 8.858820915222168 142.36492919921875 520 225.44287109375 189.18507385253906 -1 154.58583068847656 206.54054260253906 100 61.981224060058594 138.12965393066406 162 48.050254821777344 139.50660705566406 -1 59.053764343261719 140.62673950195312 160 182.58808898925781 246.70022583007812 -1 8.858820915222168 142.36492919921875 507 52.121963500976562 146.59962463378906 -1 42.362674713134766 151.98980712890625 -1 228.74288940429688 189.48495483398438 613 75.102218627929688 173.85978698730469 506 172.33987426757812 140.79362487792969 -1 172.33987426757812 140.79362487792969 -1 
101 0.99843867819144005 0.055762661617703671 -0.0032351917621683116 0.00051477655492993696 -1.743274801920893 9.3114484535209421 1.1188334776025242 1 000096.png
126.46375274658203 98.848190307617188 396 47.205558776855469 74.142684936523438 476 184.49406433105469 154.45407104492188 511 83.357254028320312 174.39765930175781 177 47.205558776855469 74.142684936523438 526 55.350738525390625 101.32817077636719 123 59.127513885498047 149.58265686035156 512 73.766975402832031 223.69313049316406 543 30.703348159790039 97.87921142578125 398 30.703348159790039 97.87921142578125 399 166.50157165527344 31.89179801940918 404 41.903903961181641 139.35188293457031 263 73.560684204101562 172.60296630859375 455 145.01478576660156 195.45703125 15 192.03959655761719 233.04754638671875 -1 76.122123718261719 142.5977783203125 545 119.23348236083984 154.14706420898438 558 86.530494689941406 193.70549011230469 477 74.004852294921875 195.19137573242188 515 160.31559753417969 199.29216003417969 397 121.87494659423828 242.59492492675781 420 155.54702758789062 67.671607971191406 616 130.59587097167969 145.02183532714844 480 7.3354587554931641 150.79548645019531 527 133.59115600585938 161.66336059570312 20 103.74747467041016 161.6087646484375 10 64.889106750488281 135.61474609375 322 182.61404418945312 45.472591400146484 405 145.67970275878906 246.18208312988281 -1 40.244373321533203 98.496551513671875 131 197.62620544433594 133.40087890625 133 195.088623046875 142.514892578125 128 168.81146240234375 157.30252075195312 27 92.8125 159.14485168457031 421 145.67970275878906 246.18208312988281 -1 137.43405151367188 172.78402709960938 441 13.711664199829102 102.27400970458984 170 181.99636840820312 135.39688110351562 130 62.238258361816406 173.46641540527344 483 172.99162292480469 179.05203247070312 42 166.03717041015625 180.07289123535156 48 170.34048461914062 228.22373962402344 484 144.57827758789062 237.00350952148438 -1 100.42314910888672 251.13916015625 -1 164.30076599121094 189.28309631347656 35 84.775863647460938 165.038818359375 482 144.57827758789062 237.00350952148438 -1 45.639854431152344 105.15283203125 426 71.512985229492188 134.81103515625 525 5.6240439414978027 144.97474670410156 173 151.30001831054688 202.74977111816406 618 89.708305358886719 235.74560546875 528 183.16786193847656 241.14535522460938 481 147.06227111816406 187.1041259765625 486 156.27102661132812 176.61820983886719 485 89.708305358886719 235.74560546875 -1 45.639854431152344 105.15283203125 425 152.61207580566406 168.49617004394531 184 22.402166366577148 135.19033813476562 136 22.639690399169922 89.243988037109375 139 36.879062652587891 112.55157470703125 199 65.448577880859375 116.00652313232422 67 85.428276062011719 140.73098754882812 529 36.848793029785156 152.00430297851562 368 63.844039916992188 163.07801818847656 487 165.01687622070312 166.62582397460938 41 65.18408203125 167.73757934570312 406 73.065727233886719 169.59339904785156 488 168.48931884765625 170.29330444335938 58 173.19985961914062 171.58815002441406 59 7.8893718719482422 176.15733337402344 144 161.33346557617188 178.35456848144531 510 220.4674072265625 178.86654663085938 -1 155.92131042480469 193.41024780273438 460 244.1204833984375 196.41552734375 225 234.94584655761719 200.50773620605469 615 238.56527709960938 205.20811462402344 -1 180.83049011230469 229.56710815429688 550 68.346420288085938 51.924419403076172 427 22.639690399169922 89.243988037109375 238 36.879062652587891 112.55157470703125 202 63.844039916992188 163.07801818847656 490 232.30854797363281 196.5682373046875 -1 68.346420288085938 51.924419403076172 410 8.4982156753540039 106.05509185791016 612 220.52020263671875 178.19264221191406 -1 76.004631042480469 179.77821350097656 494 68.238388061523438 127.31294250488281 283 232.05880737304688 180.89889526367188 146 158.21366882324219 183.46638488769531 495 236.16911315917969 195.807861328125 617 154.44119262695312 206.72969055175781 100 246.92503356933594 210.33807373046875 537 146.47648620605469 241.54995727539062 -1 58.547611236572266 138.44232177734375 160 82.731361389160156 221.12440490722656 -1 252.77711486816406 219.55018615722656 -1 162.03782653808594 40.440170288085938 422 187.58634948730469 41.115673065185547 -1 4.0630836486816406 105.78279113769531 612 38.222484588623047 106.53955841064453 137 43.741870880126953 121.488037109375 250 72.215576171875 175.29521179199219 497 72.215576171875 175.29521179199219 498 154.44119262695312 206.72969055175781 320 43.741870880126953 121.488037109375 250 85.713211059570312 154.49772644042969 607 82.734886169433594 157.02395629882812 351 26.364131927490234 161.50929260253906 298 171.71026611328125 164.02922058105469 82 175.05372619628906 168.07083129882812 57 69.209754943847656 168.92254638671875 509 72.215576171875 175.29521179199219 492 40.029701232910156 91.970298767089844 467 17.022674560546875 93.043365478515625 -1 12.364428520202637 106.58138275146484 165 33.536975860595703 112.97644805908203 452 61.562763214111328 116.78704833984375 67 249.80374145507812 209.61833190917969 -1 61.790382385253906 132.1683349609375 162 58.039863586425781 135.49691772460938 451 253.21086120605469 210.50016784667969 -1 167.43501281738281 139.37057495117188 -1 74.068214416503906 155.94454956054688 249 67.682830810546875 159.32049560546875 499 213.43495178222656 163.32969665527344 167 72.602691650390625 165.26066589355469 501 69.970130920410156 166.41763305664062 509 60.653427124023438 167.55230712890625 505 216.03373718261719 170.7840576171875 307 218.10125732421875 173.72627258300781 307 226.49693298339844 173.62443542480469 174 75.1168212890625 173.94471740722656 506 224.82890319824219 179.88414001464844 614 235.1444091796875 194.2032470703125 159 61.562763214111328 116.78704833984375 -1 252.13862609863281 213.25596618652344 -1 253.35537719726562 215.26065063476562 -1 182.5941162109375 246.53450012207031 -1 62.818691253662109 250.7626953125 -1 239.498046875 196.02127075195312 -1 61.721939086914062 135.43342590332031 162 239.498046875 196.02127075195312 -1 240.30210876464844 201.47657775878906 615 236.71267700195312 191.63275146484375 617 243.48039245605469 201.46305847167969 434 233.70303344726562 187.4072265625 171 230.71528625488281 183.70565795898438 613 227.88534545898438 184.07177734375 140 228.51678466796875 175.8817138671875 -1 225.66200256347656 176.32388305664062 -1 221.54661560058594 174.78495788574219 522 163.64851379394531 43.516857147216797 503 75.1168212890625 173.94471740722656 455 233.36306762695312 191.25067138671875 234 247.29931640625 201.97323608398438 -1 154.96324157714844 202.35708618164062 542 246.34988403320312 204.89936828613281 556 250.12945556640625 205.91337585449219 -1 66.340461730957031 118.46697998046875 -1 54.759105682373047 138.298583984375 533 245.62013244628906 212.90986633300781 -1 
