image_id_a,image_id_b,frame_a,frame_b,raw_matches,verified_inliers,geometry_config
1,2,0,1,27,27,6
1,3,0,2,21,20,6
1,4,0,3,21,20,6
1,5,0,4,21,21,6
1,6,0,5,20,20,6
1,7,0,6,21,20,6
1,8,0,7,17,16,6
1,9,0,8,20,19,6
1,10,0,9,18,17,6
1,11,0,10,19,18,6
1,12,0,11,0,0,1
1,13,0,12,19,18,6
1,14,0,13,17,17,6
1,15,0,14,17,17,6
1,16,0,15,20,20,6
1,17,0,16,20,19,6
1,18,0,17,15,0,1
1,19,0,18,18,16,6
1,20,0,19,18,17,6
1,21,0,20,15,15,6
1,22,0,21,0,0,1
1,23,0,22,0,0,1
1,24,0,23,0,0,1
1,25,0,24,16,16,6
1,26,0,25,0,0,1
1,27,0,26,0,0,1
1,28,0,27,0,0,1
1,29,0,28,0,0,1
1,30,0,29,0,0,1
1,31,0,30,0,0,1
1,32,0,31,0,0,1
1,33,0,32,0,0,1
1,34,0,33,0,0,1
1,35,0,34,0,0,1
1,36,0,35,0,0,1
1,37,0,36,0,0,1
1,38,0,37,0,0,1
1,39,0,38,0,0,1
1,40,0,39,0,0,1
1,41,0,40,0,0,1
1,42,0,41,0,0,1
1,43,0,42,0,0,1
1,44,0,43,0,0,1
1,45,0,44,0,0,1
1,46,0,45,0,0,1
1,47,0,46,0,0,1
1,48,0,47,0,0,1
1,49,0,48,0,0,1
1,50,0,49,0,0,1
1,51,0,50,0,0,1
1,52,0,51,0,0,1
1,53,0,52,0,0,1
1,54,0,53,0,0,1
1,55,0,54,0,0,1
1,56,0,55,0,0,1
1,57,0,56,0,0,1
1,58,0,57,0,0,1
1,59,0,58,0,0,1
1,60,0,59,0,0,1
1,61,0,60,0,0,1
1,62,0,61,0,0,1
1,63,0,62,0,0,1
1,64,0,63,0,0,1
1,65,0,64,0,0,1
1,66,0,65,0,0,1
1,67,0,66,0,0,1
1,68,0,67,0,0,1
1,69,0,68,0,0,1
1,70,0,69,0,0,1
1,71,0,70,0,0,1
1,72,0,71,0,0,1
1,73,0,72,0,0,1
1,74,0,73,0,0,1
1,75,0,74,0,0,1
1,76,0,75,0,0,1
1,77,0,76,0,0,1
1,78,0,77,0,0,1
1,79,0,78,0,0,1
1,80,0,79,0,0,1
1,81,0,80,0,0,1
1,82,0,81,0,0,1
1,83,0,82,0,0,1
1,84,0,83,0,0,1
1,85,0,84,0,0,1
1,86,0,85,0,0,1
1,87,0,86,0,0,1
1,88,0,87,0,0,1
1,89,0,88,0,0,1
1,90,0,89,0,0,1
1,91,0,90,0,0,1
1,92,0,91,0,0,1
1,93,0,92,0,0,1
1,94,0,93,0,0,1
1,95,0,94,0,0,1
1,96,0,95,0,0,1
1,97,0,96,0,0,1
1,98,0,97,0,0,1
1,99,0,98,0,0,1
1,100,0,99,0,0,1
1,101,0,100,0,0,1
1,102,0,101,0,0,1
1,103,0,102,0,0,1
1,104,0,103,0,0,1
1,105,0,104,0,0,1
1,106,0,105,0,0,1
1,107,0,106,0,0,1
1,108,0,107,0,0,1
1,109,0,108,0,0,1
1,110,0,109,0,0,1
1,111,0,110,0,0,1
1,112,0,111,0,0,1
1,113,0,112,0,0,1
1,114,0,113,0,0,1
1,115,0,114,0,0,1
1,116,0,115,0,0,1
1,117,0,116,0,0,1
1,118,0,117,0,0,1
1,119,0,118,0,0,1
1,120,0,119,0,0,1
1,121,0,120,0,0,1
1,122,0,121,0,0,1
1,123,0,122,0,0,1
1,124,0,123,0,0,1
1,125,0,124,0,0,1
1,126,0,125,0,0,1
1,127,0,126,0,0,1
1,128,0,127,0,0,1
1,129,0,128,0,0,1
1,130,0,129,0,0,1
1,131,0,130,0,0,1
1,132,0,131,0,0,1
1,133,0,132,0,0,1
1,134,0,133,0,0,1
1,135,0,134,0,0,1
1,136,0,135,0,0,1
1,137,0,136,0,0,1
1,138,0,137,0,0,1
1,139,0,138,0,0,1
1,140,0,139,0,0,1
1,141,0,140,0,0,1
1,142,0,141,0,0,1
1,143,0,142,0,0,1
1,144,0,143,0,0,1
1,145,0,144,0,0,1
1,146,0,145,0,0,1
1,147,0,146,0,0,1
1,148,0,147,0,0,1
1,149,0,148,0,0,1
1,150,0,149,0,0,1
1,151,0,150,0,0,1
1,152,0,151,0,0,1
1,153,0,152,0,0,1
1,154,0,153,0,0,1
1,155,0,154,0,0,1
1,156,0,155,0,0,1
1,157,0,156,0,0,1
1,158,0,157,0,0,1
1,159,0,158,0,0,1
1,160,0,159,0,0,1
1,161,0,160,0,0,1
1,162,0,161,0,0,1
1,163,0,162,0,0,1
1,164,0,163,0,0,1
1,165,0,164,0,0,1
1,166,0,165,0,0,1
1,167,0,166,0,0,1
1,168,0,167,0,0,1
1,169,0,168,0,0,1
1,170,0,169,0,0,1
1,171,0,170,0,0,1
1,172,0,171,0,0,1
1,173,0,172,0,0,1
1,174,0,173,0,0,1
1,175,0,174,0,0,1
1,176,0,175,0,0,1
1,177,0,176,0,0,1
1,178,0,177,0,0,1
1,179,0,178,0,0,1
1,180,0,179,0,0,1
1,181,0,180,0,0,1
1,182,0,181,0,0,1
1,183,0,182,0,0,1
1,184,0,183,0,0,1
1,185,0,184,0,0,1
1,186,0,185,0,0,1
1,187,0,186,0,0,1
1,188,0,187,0,0,1
1,189,0,188,0,0,1
1,190,0,189,0,0,1
1,191,0,190,0,0,1
1,192,0,191,0,0,1
1,193,0,192,0,0,1
1,194,0,193,0,0,1
1,195,0,194,0,0,1
1,196,0,195,0,0,1
1,197,0,196,0,0,1
1,198,0,197,0,0,1
1,199,0,198,0,0,1
1,200,0,199,0,0,1
1,201,0,200,0,0,1
1,202,0,201,0,0,1
1,203,0,202,0,0,1
1,204,0,203,0,0,1
1,205,0,204,0,0,1
1,206,0,205,0,0,1
1,207,0,206,0,0,1
1,208,0,207,0,0,1
1,209,0,208,0,0,1
1,210,0,209,0,0,1
1,211,0,210,0,0,1
1,212,0,211,0,0,1
1,213,0,212,0,0,1
1,214,0,213,0,0,1
1,215,0,214,0,0,1
1,216,0,215,0,0,1
1,217,0,216,0,0,1
1,218,0,217,0,0,1
1,219,0,218,0,0,1
1,220,0,219,0,0,1
1,221,0,220,0,0,1
1,222,0,221,0,0,1
1,223,0,222,0,0,1
1,224,0,223,0,0,1
1,225,0,228,0,0,1
1,226,0,225,0,0,1
1,227,0,226,0,0,1
1,228,0,227,0,0,1
1,229,0,224,0,0,1
1,230,0,229,0,0,1
1,231,0,230,0,0,1
1,232,0,231,0,0,1
1,233,0,232,0,0,1
1,234,0,233,0,0,1
1,235,0,234,0,0,1
1,236,0,235,0,0,1
1,237,0,236,0,0,1
1,238,0,237,0,0,1
1,239,0,238,0,0,1
1,240,0,239,0,0,1
1,241,0,240,0,0,1
1,242,0,241,0,0,1
1,243,0,242,0,0,1
2,3,1,2,18,18,6
2,4,1,3,19,19,6
2,5,1,4,19,18,6
2,6,1,5,19,19,6
2,7,1,6,18,18,6
2,8,1,7,16,16,6
2,9,1,8,15,15,6
2,10,1,9,18,17,6
2,11,1,10,17,16,6
2,12,1,11,0,0,1
2,13,1,12,17,17,6
2,14,1,13,18,18,6
2,15,1,14,17,17,6
2,16,1,15,20,19,6
2,17,1,16,17,16,6
2,18,1,17,15,0,1
2,19,1,18,18,17,6
2,20,1,19,18,18,6
2,21,1,20,15,15,6
2,22,1,21,15,0,1
2,23,1,22,15,0,1
2,24,1,23,0,0,1
2,25,1,24,16,15,6
2,26,1,25,0,0,1
2,27,1,26,0,0,1
2,28,1,27,0,0,1
2,29,1,28,0,0,1
2,30,1,29,0,0,1
2,31,1,30,0,0,1
2,32,1,31,0,0,1
2,33,1,32,0,0,1
2,34,1,33,0,0,1
2,35,1,34,0,0,1
2,36,1,35,0,0,1
2,37,1,36,0,0,1
2,38,1,37,0,0,1
2,39,1,38,0,0,1
2,40,1,39,0,0,1
2,41,1,40,0,0,1
2,42,1,41,0,0,1
2,43,1,42,0,0,1
2,44,1,43,0,0,1
2,45,1,44,0,0,1
2,46,1,45,0,0,1
2,47,1,46,0,0,1
2,48,1,47,0,0,1
2,49,1,48,0,0,1
2,50,1,49,0,0,1
2,51,1,50,0,0,1
2,52,1,51,0,0,1
2,53,1,52,0,0,1
2,54,1,53,0,0,1
2,55,1,54,0,0,1
2,56,1,55,0,0,1
2,57,1,56,0,0,1
2,58,1,57,0,0,1
2,59,1,58,0,0,1
2,60,1,59,0,0,1
2,61,1,60,0,0,1
2,62,1,61,0,0,1
2,63,1,62,0,0,1
2,64,1,63,0,0,1
2,65,1,64,0,0,1
2,66,1,65,0,0,1
2,67,1,66,0,0,1
2,68,1,67,0,0,1
2,69,1,68,0,0,1
2,70,1,69,0,0,1
2,71,1,70,0,0,1
2,72,1,71,0,0,1
2,73,1,72,0,0,1
2,74,1,73,0,0,1
2,75,1,74,0,0,1
2,76,1,75,0,0,1
2,77,1,76,0,0,1
2,78,1,77,0,0,1
2,79,1,78,0,0,1
2,80,1,79,0,0,1
2,81,1,80,0,0,1
2,82,1,81,0,0,1
2,83,1,82,0,0,1
2,84,1,83,0,0,1
2,85,1,84,0,0,1
2,86,1,85,0,0,1
2,87,1,86,0,0,1
2,88,1,87,0,0,1
2,89,1,88,0,0,1
2,90,1,89,0,0,1
2,91,1,90,0,0,1
2,92,1,91,0,0,1
2,93,1,92,0,0,1
2,94,1,93,0,0,1
2,95,1,94,0,0,1
2,96,1,95,0,0,1
2,97,1,96,0,0,1
2,98,1,97,0,0,1
2,99,1,98,0,0,1
2,100,1,99,0,0,1
2,101,1,100,0,0,1
2,102,1,101,0,0,1
2,103,1,102,0,0,1
2,104,1,103,0,0,1
2,105,1,104,0,0,1
2,106,1,105,0,0,1
2,107,1,106,0,0,1
2,108,1,107,0,0,1
2,109,1,108,0,0,1
2,110,1,109,0,0,1
2,111,1,110,0,0,1
2,112,1,111,0,0,1
2,113,1,112,0,0,1
2,114,1,113,0,0,1
2,115,1,114,0,0,1
2,116,1,115,0,0,1
2,117,1,116,0,0,1
2,118,1,117,0,0,1
2,119,1,118,0,0,1
2,120,1,119,0,0,1
2,121,1,120,0,0,1
2,122,1,121,0,0,1
2,123,1,122,0,0,1
2,124,1,123,0,0,1
2,125,1,124,0,0,1
2,126,1,125,0,0,1
2,127,1,126,0,0,1
2,128,1,127,0,0,1
2,129,1,128,0,0,1
2,130,1,129,0,0,1
2,131,1,130,0,0,1
2,132,1,131,0,0,1
2,133,1,132,0,0,1
2,134,1,133,0,0,1
2,135,1,134,0,0,1
2,136,1,135,0,0,1
2,137,1,136,0,0,1
2,138,1,137,0,0,1
2,139,1,138,0,0,1
2,140,1,139,0,0,1
2,141,1,140,0,0,1
2,142,1,141,0,0,1
2,143,1,142,0,0,1
2,144,1,143,0,0,1
2,145,1,144,0,0,1
2,146,1,145,0,0,1
2,147,1,146,0,0,1
2,148,1,147,0,0,1
2,149,1,148,0,0,1
2,150,1,149,0,0,1
2,151,1,150,0,0,1
2,152,1,151,0,0,1
2,153,1,152,0,0,1
2,154,1,153,0,0,1
2,155,1,154,0,0,1
2,156,1,155,0,0,1
2,157,1,156,0,0,1
2,158,1,157,0,0,1
2,159,1,158,0,0,1
2,160,1,159,0,0,1
2,161,1,160,0,0,1
2,162,1,161,0,0,1
2,163,1,162,0,0,1
2,164,1,163,0,0,1
2,165,1,164,0,0,1
2,166,1,165,0,0,1
2,167,1,166,0,0,1
2,168,1,167,0,0,1
2,169,1,168,0,0,1
2,170,1,169,0,0,1
2,171,1,170,0,0,1
2,172,1,171,0,0,1
2,173,1,172,0,0,1
2,174,1,173,0,0,1
2,175,1,174,0,0,1
2,176,1,175,0,0,1
2,177,1,176,0,0,1
2,178,1,177,0,0,1
2,179,1,178,0,0,1
2,180,1,179,0,0,1
2,181,1,180,0,0,1
2,182,1,181,0,0,1
2,183,1,182,0,0,1
2,184,1,183,0,0,1
2,185,1,184,0,0,1
2,186,1,185,0,0,1
2,187,1,186,0,0,1
2,188,1,187,0,0,1
2,189,1,188,0,0,1
2,190,1,189,0,0,1
2,191,1,190,0,0,1
2,192,1,191,0,0,1
2,193,1,192,0,0,1
2,194,1,193,0,0,1
2,195,1,194,0,0,1
2,196,1,195,0,0,1
2,197,1,196,0,0,1
2,198,1,197,0,0,1
2,199,1,198,0,0,1
2,200,1,199,0,0,1
2,201,1,200,0,0,1
2,202,1,201,0,0,1
2,203,1,202,0,0,1
2,204,1,203,0,0,1
2,205,1,204,0,0,1
2,206,1,205,0,0,1
2,207,1,206,0,0,1
2,208,1,207,0,0,1
2,209,1,208,0,0,1
2,210,1,209,0,0,1
2,211,1,210,0,0,1
2,212,1,211,0,0,1
2,213,1,212,0,0,1
2,214,1,213,0,0,1
2,215,1,214,0,0,1
2,216,1,215,0,0,1
2,217,1,216,0,0,1
2,218,1,217,0,0,1
2,219,1,218,0,0,1
2,220,1,219,0,0,1
2,221,1,220,0,0,1
2,222,1,221,0,0,1
2,223,1,222,0,0,1
2,224,1,223,0,0,1
2,225,1,228,0,0,1
2,226,1,225,0,0,1
2,227,1,226,0,0,1
2,228,1,227,0,0,1
2,229,1,224,0,0,1
2,230,1,229,0,0,1
2,231,1,230,0,0,1
2,232,1,231,0,0,1
2,233,1,232,0,0,1
2,234,1,233,0,0,1
2,235,1,234,0,0,1
2,236,1,235,0,0,1
2,237,1,236,0,0,1
2,238,1,237,0,0,1
2,239,1,238,0,0,1
2,240,1,239,0,0,1
2,241,1,240,0,0,1
2,242,1,241,0,0,1
2,243,1,242,0,0,1
3,4,2,3,29,29,6
3,5,2,4,27,26,6
3,6,2,5,24,24,6
3,7,2,6,24,24,6
3,8,2,7,18,18,6
3,9,2,8,20,20,6
3,10,2,9,17,17,6
3,11,2,10,19,19,6
3,12,2,11,16,16,6
3,13,2,12,24,24,6
3,14,2,13,18,18,6
3,15,2,14,19,15,6
3,16,2,15,20,18,6
3,17,2,16,23,23,6
3,18,2,17,21,20,6
3,19,2,18,20,19,6
3,20,2,19,18,17,6
3,21,2,20,19,18,6
3,22,2,21,19,17,6
3,23,2,22,16,15,6
3,24,2,23,17,16,6
3,25,2,24,19,18,6
3,26,2,25,17,15,6
3,27,2,26,18,15,6
3,28,2,27,15,0,1
3,29,2,28,0,0,1
3,30,2,29,0,0,1
3,31,2,30,0,0,1
3,32,2,31,0,0,1
3,33,2,32,0,0,1
3,34,2,33,0,0,1
3,35,2,34,0,0,1
3,36,2,35,0,0,1
3,37,2,36,0,0,1
3,38,2,37,0,0,1
3,39,2,38,0,0,1
3,40,2,39,0,0,1
3,41,2,40,0,0,1
3,42,2,41,0,0,1
3,43,2,42,0,0,1
3,44,2,43,0,0,1
3,45,2,44,0,0,1
3,46,2,45,0,0,1
3,47,2,46,0,0,1
3,48,2,47,0,0,1
3,49,2,48,0,0,1
3,50,2,49,0,0,1
3,51,2,50,0,0,1
3,52,2,51,0,0,1
3,53,2,52,0,0,1
3,54,2,53,0,0,1
3,55,2,54,0,0,1
3,56,2,55,0,0,1
3,57,2,56,0,0,1
3,58,2,57,0,0,1
3,59,2,58,0,0,1
3,60,2,59,0,0,1
3,61,2,60,0,0,1
3,62,2,61,0,0,1
3,63,2,62,0,0,1
3,64,2,63,0,0,1
3,65,2,64,0,0,1
3,66,2,65,0,0,1
3,67,2,66,0,0,1
3,68,2,67,0,0,1
3,69,2,68,0,0,1
3,70,2,69,0,0,1
3,71,2,70,0,0,1
3,72,2,71,0,0,1
3,73,2,72,0,0,1
3,74,2,73,0,0,1
3,75,2,74,0,0,1
3,76,2,75,0,0,1
3,77,2,76,0,0,1
3,78,2,77,0,0,1
3,79,2,78,0,0,1
3,80,2,79,0,0,1
3,81,2,80,0,0,1
3,82,2,81,0,0,1
3,83,2,82,0,0,1
3,84,2,83,0,0,1
3,85,2,84,0,0,1
3,86,2,85,0,0,1
3,87,2,86,0,0,1
3,88,2,87,0,0,1
3,89,2,88,0,0,1
3,90,2,89,0,0,1
3,91,2,90,0,0,1
3,92,2,91,0,0,1
3,93,2,92,0,0,1
3,94,2,93,0,0,1
3,95,2,94,0,0,1
3,96,2,95,0,0,1
3,97,2,96,0,0,1
3,98,2,97,0,0,1
3,99,2,98,0,0,1
3,100,2,99,0,0,1
3,101,2,100,0,0,1
3,102,2,101,0,0,1
3,103,2,102,0,0,1
3,104,2,103,0,0,1
3,105,2,104,0,0,1
3,106,2,105,0,0,1
3,107,2,106,0,0,1
3,108,2,107,0,0,1
3,109,2,108,0,0,1
3,110,2,109,0,0,1
3,111,2,110,0,0,1
3,112,2,111,0,0,1
3,113,2,112,0,0,1
3,114,2,113,0,0,1
3,115,2,114,0,0,1
3,116,2,115,0,0,1
3,117,2,116,0,0,1
3,118,2,117,0,0,1
3,119,2,118,0,0,1
3,120,2,119,0,0,1
3,121,2,120,0,0,1
3,122,2,121,0,0,1
3,123,2,122,0,0,1
3,124,2,123,0,0,1
3,125,2,124,0,0,1
3,126,2,125,0,0,1
3,127,2,126,0,0,1
3,128,2,127,0,0,1
3,129,2,128,0,0,1
3,130,2,129,0,0,1
3,131,2,130,0,0,1
3,132,2,131,0,0,1
3,133,2,132,0,0,1
3,134,2,133,0,0,1
3,135,2,134,0,0,1
3,136,2,135,0,0,1
3,137,2,136,0,0,1
3,138,2,137,0,0,1
3,139,2,138,0,0,1
3,140,2,139,0,0,1
3,141,2,140,0,0,1
3,142,2,141,0,0,1
3,143,2,142,0,0,1
3,144,2,143,0,0,1
3,145,2,144,0,0,1
3,146,2,145,0,0,1
3,147,2,146,0,0,1
3,148,2,147,0,0,1
3,149,2,148,0,0,1
3,150,2,149,0,0,1
3,151,2,150,0,0,1
3,152,2,151,0,0,1
3,153,2,152,0,0,1
3,154,2,153,0,0,1
3,155,2,154,0,0,1
3,156,2,155,0,0,1
3,157,2,156,0,0,1
3,158,2,157,0,0,1
3,159,2,158,0,0,1
3,160,2,159,0,0,1
3,161,2,160,0,0,1
3,162,2,161,0,0,1
3,163,2,162,0,0,1
3,164,2,163,0,0,1
3,165,2,164,0,0,1
3,166,2,165,0,0,1
3,167,2,166,0,0,1
3,168,2,167,0,0,1
3,169,2,168,0,0,1
3,170,2,169,0,0,1
3,171,2,170,0,0,1
3,172,2,171,0,0,1
3,173,2,172,0,0,1
3,174,2,173,0,0,1
3,175,2,174,0,0,1
3,176,2,175,0,0,1
3,177,2,176,0,0,1
3,178,2,177,0,0,1
3,179,2,178,0,0,1
3,180,2,179,0,0,1
3,181,2,180,0,0,1
3,182,2,181,0,0,1
3,183,2,182,0,0,1
3,184,2,183,0,0,1
3,185,2,184,0,0,1
3,186,2,185,0,0,1
3,187,2,186,0,0,1
3,188,2,187,0,0,1
3,189,2,188,0,0,1
3,190,2,189,0,0,1
3,191,2,190,0,0,1
3,192,2,191,0,0,1
3,193,2,192,0,0,1
3,194,2,193,0,0,1
3,195,2,194,0,0,1
3,196,2,195,0,0,1
3,197,2,196,0,0,1
3,198,2,197,0,0,1
3,199,2,198,0,0,1
3,200,2,199,0,0,1
3,201,2,200,0,0,1
3,202,2,201,0,0,1
3,203,2,202,0,0,1
3,204,2,203,0,0,1
3,205,2,204,0,0,1
3,206,2,205,0,0,1
3,207,2,206,0,0,1
3,208,2,207,0,0,1
3,209,2,208,0,0,1
3,210,2,209,0,0,1
3,211,2,210,0,0,1
3,212,2,211,0,0,1
3,213,2,212,0,0,1
3,214,2,213,0,0,1
3,215,2,214,0,0,1
3,216,2,215,0,0,1
3,217,2,216,0,0,1
3,218,2,217,0,0,1
3,219,2,218,0,0,1
3,220,2,219,0,0,1
3,221,2,220,0,0,1
3,222,2,221,0,0,1
3,223,2,222,0,0,1
3,224,2,223,0,0,1
3,225,2,228,0,0,1
3,226,2,225,0,0,1
3,227,2,226,0,0,1
3,228,2,227,0,0,1
3,229,2,224,0,0,1
3,230,2,229,0,0,1
3,231,2,230,0,0,1
3,232,2,231,0,0,1
3,233,2,232,0,0,1
3,234,2,233,0,0,1
3,235,2,234,0,0,1
3,236,2,235,0,0,1
3,237,2,236,0,0,1
3,238,2,237,0,0,1
3,239,2,238,0,0,1
3,240,2,239,0,0,1
3,241,2,240,0,0,1
3,242,2,241,0,0,1
3,243,2,242,0,0,1
4,5,3,4,28,27,6
4,6,3,5,24,24,6
4,7,3,6,23,23,6
4,8,3,7,18,18,6
4,9,3,8,21,21,6
4,10,3,9,18,18,6
4,11,3,10,20,20,6
4,12,3,11,16,16,6
4,13,3,12,24,24,6
4,14,3,13,19,19,6
4,15,3,14,21,19,6
4,16,3,15,22,22,6
4,17,3,16,23,23,6
4,18,3,17,20,19,6
4,19,3,18,21,20,6
4,20,3,19,20,19,6
4,21,3,20,20,19,6
4,22,3,21,20,19,6
4,23,3,22,0,0,1
4,24,3,23,18,17,6
4,25,3,24,19,18,6
4,26,3,25,18,15,6
4,27,3,26,20,17,6
4,28,3,27,16,15,6
4,29,3,28,0,0,1
4,30,3,29,0,0,1
4,31,3,30,0,0,1
4,32,3,31,0,0,1
4,33,3,32,0,0,1
4,34,3,33,0,0,1
4,35,3,34,0,0,1
4,36,3,35,0,0,1
4,37,3,36,0,0,1
4,38,3,37,0,0,1
4,39,3,38,0,0,1
4,40,3,39,0,0,1
4,41,3,40,0,0,1
4,42,3,41,0,0,1
4,43,3,42,0,0,1
4,44,3,43,0,0,1
4,45,3,44,0,0,1
4,46,3,45,0,0,1
4,47,3,46,0,0,1
4,48,3,47,0,0,1
4,49,3,48,0,0,1
4,50,3,49,0,0,1
4,51,3,50,0,0,1
4,52,3,51,0,0,1
4,53,3,52,0,0,1
4,54,3,53,0,0,1
4,55,3,54,0,0,1
4,56,3,55,0,0,1
4,57,3,56,0,0,1
4,58,3,57,0,0,1
4,59,3,58,0,0,1
4,60,3,59,0,0,1
4,61,3,60,0,0,1
4,62,3,61,0,0,1
4,63,3,62,0,0,1
4,64,3,63,0,0,1
4,65,3,64,0,0,1
4,66,3,65,0,0,1
4,67,3,66,0,0,1
4,68,3,67,0,0,1
4,69,3,68,0,0,1
4,70,3,69,0,0,1
4,71,3,70,0,0,1
4,72,3,71,0,0,1
4,73,3,72,0,0,1
4,74,3,73,0,0,1
4,75,3,74,0,0,1
4,76,3,75,0,0,1
4,77,3,76,0,0,1
4,78,3,77,0,0,1
4,79,3,78,0,0,1
4,80,3,79,0,0,1
4,81,3,80,0,0,1
4,82,3,81,0,0,1
4,83,3,82,0,0,1
4,84,3,83,0,0,1
4,85,3,84,0,0,1
4,86,3,85,0,0,1
4,87,3,86,0,0,1
4,88,3,87,0,0,1
4,89,3,88,0,0,1
4,90,3,89,0,0,1
4,91,3,90,0,0,1
4,92,3,91,0,0,1
4,93,3,92,0,0,1
4,94,3,93,0,0,1
4,95,3,94,0,0,1
4,96,3,95,0,0,1
4,97,3,96,0,0,1
4,98,3,97,0,0,1
4,99,3,98,0,0,1
4,100,3,99,0,0,1
4,101,3,100,0,0,1
4,102,3,101,0,0,1
4,103,3,102,0,0,1
4,104,3,103,0,0,1
4,105,3,104,0,0,1
4,106,3,105,0,0,1
4,107,3,106,0,0,1
4,108,3,107,0,0,1
4,109,3,108,0,0,1
4,110,3,109,0,0,1
4,111,3,110,0,0,1
4,112,3,111,0,0,1
4,113,3,112,0,0,1
4,114,3,113,0,0,1
4,115,3,114,0,0,1
4,116,3,115,0,0,1
4,117,3,116,0,0,1
4,118,3,117,0,0,1
4,119,3,118,0,0,1
4,120,3,119,0,0,1
4,121,3,120,0,0,1
4,122,3,121,0,0,1
4,123,3,122,0,0,1
4,124,3,123,0,0,1
4,125,3,124,0,0,1
4,126,3,125,0,0,1
4,127,3,126,0,0,1
4,128,3,127,0,0,1
4,129,3,128,0,0,1
4,130,3,129,0,0,1
4,131,3,130,0,0,1
4,132,3,131,0,0,1
4,133,3,132,0,0,1
4,134,3,133,0,0,1
4,135,3,134,0,0,1
4,136,3,135,0,0,1
4,137,3,136,0,0,1
4,138,3,137,0,0,1
4,139,3,138,0,0,1
4,140,3,139,0,0,1
4,141,3,140,0,0,1
4,142,3,141,0,0,1
4,143,3,142,0,0,1
4,144,3,143,0,0,1
4,145,3,144,0,0,1
4,146,3,145,0,0,1
4,147,3,146,0,0,1
4,148,3,147,0,0,1
4,149,3,148,0,0,1
4,150,3,149,0,0,1
4,151,3,150,0,0,1
4,152,3,151,0,0,1
4,153,3,152,0,0,1
4,154,3,153,0,0,1
4,155,3,154,0,0,1
4,156,3,155,0,0,1
4,157,3,156,0,0,1
4,158,3,157,0,0,1
4,159,3,158,0,0,1
4,160,3,159,0,0,1
4,161,3,160,0,0,1
4,162,3,161,0,0,1
4,163,3,162,0,0,1
4,164,3,163,0,0,1
4,165,3,164,0,0,1
4,166,3,165,0,0,1
4,167,3,166,0,0,1
4,168,3,167,0,0,1
4,169,3,168,0,0,1
4,170,3,169,0,0,1
4,171,3,170,0,0,1
4,172,3,171,0,0,1
4,173,3,172,0,0,1
4,174,3,173,0,0,1
4,175,3,174,0,0,1
4,176,3,175,0,0,1
4,177,3,176,0,0,1
4,178,3,177,0,0,1
4,179,3,178,0,0,1
4,180,3,179,0,0,1
4,181,3,180,0,0,1
4,182,3,181,0,0,1
4,183,3,182,0,0,1
4,184,3,183,0,0,1
4,185,3,184,0,0,1
4,186,3,185,0,0,1
4,187,3,186,0,0,1
4,188,3,187,0,0,1
4,189,3,188,0,0,1
4,190,3,189,0,0,1
4,191,3,190,0,0,1
4,192,3,191,0,0,1
4,193,3,192,0,0,1
4,194,3,193,0,0,1
4,195,3,194,0,0,1
4,196,3,195,0,0,1
4,197,3,196,0,0,1
4,198,3,197,0,0,1
4,199,3,198,0,0,1
4,200,3,199,0,0,1
4,201,3,200,0,0,1
4,202,3,201,0,0,1
4,203,3,202,0,0,1
4,204,3,203,0,0,1
4,205,3,204,0,0,1
4,206,3,205,0,0,1
4,207,3,206,0,0,1
4,208,3,207,0,0,1
4,209,3,208,0,0,1
4,210,3,209,0,0,1
4,211,3,210,0,0,1
4,212,3,211,0,0,1
4,213,3,212,0,0,1
4,214,3,213,0,0,1
4,215,3,214,0,0,1
4,216,3,215,0,0,1
4,217,3,216,0,0,1
4,218,3,217,0,0,1
4,219,3,218,0,0,1
4,220,3,219,0,0,1
4,221,3,220,0,0,1
4,222,3,221,0,0,1
4,223,3,222,0,0,1
4,224,3,223,0,0,1
4,225,3,228,0,0,1
4,226,3,225,0,0,1
4,227,3,226,0,0,1
4,228,3,227,0,0,1
4,229,3,224,0,0,1
4,230,3,229,0,0,1
4,231,3,230,0,0,1
4,232,3,231,0,0,1
4,233,3,232,0,0,1
4,234,3,233,0,0,1
4,235,3,234,0,0,1
4,236,3,235,0,0,1
4,237,3,236,0,0,1
4,238,3,237,0,0,1
4,239,3,238,0,0,1
4,240,3,239,0,0,1
4,241,3,240,0,0,1
4,242,3,241,0,0,1
4,243,3,242,0,0,1
5,6,4,5,24,24,6
5,7,4,6,24,22,6
5,8,4,7,20,18,6
5,9,4,8,22,21,6
5,10,4,9,19,19,6
5,11,4,10,21,19,6
5,12,4,11,17,15,6
5,13,4,12,24,23,6
5,14,4,13,21,19,6
5,15,4,14,20,18,6
5,16,4,15,22,21,6
5,17,4,16,25,22,6
5,18,4,17,21,19,6
5,19,4,18,21,20,6
5,20,4,19,19,18,6
5,21,4,20,19,18,6
5,22,4,21,19,18,6
5,23,4,22,17,16,6
5,24,4,23,17,16,6
5,25,4,24,19,17,6
5,26,4,25,18,16,6
5,27,4,26,19,17,6
5,28,4,27,16,16,3
5,29,4,28,0,0,1
5,30,4,29,0,0,1
5,31,4,30,0,0,1
5,32,4,31,0,0,1
5,33,4,32,0,0,1
5,34,4,33,0,0,1
5,35,4,34,0,0,1
5,36,4,35,0,0,1
5,37,4,36,0,0,1
5,38,4,37,0,0,1
5,39,4,38,0,0,1
5,40,4,39,0,0,1
5,41,4,40,0,0,1
5,42,4,41,0,0,1
5,43,4,42,0,0,1
5,44,4,43,0,0,1
5,45,4,44,0,0,1
5,46,4,45,0,0,1
5,47,4,46,0,0,1
5,48,4,47,0,0,1
5,49,4,48,0,0,1
5,50,4,49,0,0,1
5,51,4,50,0,0,1
5,52,4,51,0,0,1
5,53,4,52,0,0,1
5,54,4,53,0,0,1
5,55,4,54,0,0,1
5,56,4,55,0,0,1
5,57,4,56,0,0,1
5,58,4,57,0,0,1
5,59,4,58,0,0,1
5,60,4,59,0,0,1
5,61,4,60,0,0,1
5,62,4,61,0,0,1
5,63,4,62,0,0,1
5,64,4,63,0,0,1
5,65,4,64,0,0,1
5,66,4,65,0,0,1
5,67,4,66,0,0,1
5,68,4,67,0,0,1
5,69,4,68,0,0,1
5,70,4,69,0,0,1
5,71,4,70,0,0,1
5,72,4,71,0,0,1
5,73,4,72,0,0,1
5,74,4,73,0,0,1
5,75,4,74,0,0,1
5,76,4,75,0,0,1
5,77,4,76,0,0,1
5,78,4,77,0,0,1
5,79,4,78,0,0,1
5,80,4,79,0,0,1
5,81,4,80,0,0,1
5,82,4,81,0,0,1
5,83,4,82,0,0,1
5,84,4,83,0,0,1
5,85,4,84,0,0,1
5,86,4,85,0,0,1
5,87,4,86,0,0,1
5,88,4,87,0,0,1
5,89,4,88,0,0,1
5,90,4,89,0,0,1
5,91,4,90,0,0,1
5,92,4,91,0,0,1
5,93,4,92,0,0,1
5,94,4,93,0,0,1
5,95,4,94,0,0,1
5,96,4,95,0,0,1
5,97,4,96,0,0,1
5,98,4,97,0,0,1
5,99,4,98,0,0,1
5,100,4,99,0,0,1
5,101,4,100,0,0,1
5,102,4,101,0,0,1
5,103,4,102,0,0,1
5,104,4,103,0,0,1
5,105,4,104,0,0,1
5,106,4,105,0,0,1
5,107,4,106,0,0,1
5,108,4,107,0,0,1
5,109,4,108,0,0,1
5,110,4,109,0,0,1
5,111,4,110,0,0,1
5,112,4,111,0,0,1
5,113,4,112,0,0,1
5,114,4,113,0,0,1
5,115,4,114,0,0,1
5,116,4,115,0,0,1
5,117,4,116,0,0,1
5,118,4,117,0,0,1
5,119,4,118,0,0,1
5,120,4,119,0,0,1
5,121,4,120,0,0,1
5,122,4,121,0,0,1
5,123,4,122,0,0,1
5,124,4,123,0,0,1
5,125,4,124,0,0,1
5,126,4,125,0,0,1
5,127,4,126,0,0,1
5,128,4,127,0,0,1
5,129,4,128,0,0,1
5,130,4,129,0,0,1
5,131,4,130,0,0,1
5,132,4,131,0,0,1
5,133,4,132,0,0,1
5,134,4,133,0,0,1
5,135,4,134,0,0,1
5,136,4,135,0,0,1
5,137,4,136,0,0,1
5,138,4,137,0,0,1
5,139,4,138,0,0,1
5,140,4,139,0,0,1
5,141,4,140,0,0,1
5,142,4,141,0,0,1
5,143,4,142,0,0,1
5,144,4,143,0,0,1
5,145,4,144,0,0,1
5,146,4,145,0,0,1
5,147,4,146,0,0,1
5,148,4,147,0,0,1
5,149,4,148,0,0,1
5,150,4,149,0,0,1
5,151,4,150,0,0,1
5,152,4,151,0,0,1
5,153,4,152,0,0,1
5,154,4,153,0,0,1
5,155,4,154,0,0,1
5,156,4,155,0,0,1
5,157,4,156,0,0,1
5,158,4,157,0,0,1
5,159,4,158,0,0,1
5,160,4,159,0,0,1
5,161,4,160,0,0,1
5,162,4,161,0,0,1
5,163,4,162,0,0,1
5,164,4,163,0,0,1
5,165,4,164,0,0,1
5,166,4,165,0,0,1
5,167,4,166,0,0,1
5,168,4,167,0,0,1
5,169,4,168,0,0,1
5,170,4,169,0,0,1
5,171,4,170,0,0,1
5,172,4,171,0,0,1
5,173,4,172,0,0,1
5,174,4,173,0,0,1
5,175,4,174,0,0,1
5,176,4,175,0,0,1
5,177,4,176,0,0,1
5,178,4,177,0,0,1
5,179,4,178,0,0,1
5,180,4,179,0,0,1
5,181,4,180,0,0,1
5,182,4,181,0,0,1
5,183,4,182,0,0,1
5,184,4,183,0,0,1
5,185,4,184,0,0,1
5,186,4,185,0,0,1
5,187,4,186,0,0,1
5,188,4,187,0,0,1
5,189,4,188,0,0,1
5,190,4,189,0,0,1
5,191,4,190,0,0,1
5,192,4,191,0,0,1
5,193,4,192,0,0,1
5,194,4,193,0,0,1
5,195,4,194,0,0,1
5,196,4,195,0,0,1
5,197,4,196,0,0,1
5,198,4,197,0,0,1
5,199,4,198,0,0,1
5,200,4,199,0,0,1
5,201,4,200,0,0,1
5,202,4,201,0,0,1
5,203,4,202,0,0,1
5,204,4,203,0,0,1
5,205,4,204,0,0,1
5,206,4,205,0,0,1
5,207,4,206,0,0,1
5,208,4,207,0,0,1
5,209,4,208,0,0,1
5,210,4,209,0,0,1
5,211,4,210,0,0,1
5,212,4,211,0,0,1
5,213,4,212,0,0,1
5,214,4,213,0,0,1
5,215,4,214,0,0,1
5,216,4,215,0,0,1
5,217,4,216,0,0,1
5,218,4,217,0,0,1
5,219,4,218,0,0,1
5,220,4,219,0,0,1
5,221,4,220,0,0,1
5,222,4,221,0,0,1
5,223,4,222,0,0,1
5,224,4,223,0,0,1
5,225,4,228,0,0,1
5,226,4,225,0,0,1
5,227,4,226,0,0,1
5,228,4,227,0,0,1
5,229,4,224,0,0,1
5,230,4,229,0,0,1
5,231,4,230,0,0,1
5,232,4,231,0,0,1
5,233,4,232,0,0,1
5,234,4,233,0,0,1
5,235,4,234,0,0,1
5,236,4,235,0,0,1
5,237,4,236,0,0,1
5,238,4,237,0,0,1
5,239,4,238,0,0,1
5,240,4,239,0,0,1
5,241,4,240,0,0,1
5,242,4,241,0,0,1
5,243,4,242,0,0,1
6,7,5,6,26,26,6
6,8,5,7,23,23,6
6,9,5,8,24,23,6
6,10,5,9,0,0,1
6,11,5,10,21,21,6
6,12,5,11,19,16,6
6,13,5,12,23,23,6
6,14,5,13,24,21,6
6,15,5,14,22,20,6
6,16,5,15,22,22,6
6,17,5,16,24,23,6
6,18,5,17,21,19,6
6,19,5,18,20,20,3
6,20,5,19,19,17,6
6,21,5,20,20,19,6
6,22,5,21,16,0,1
6,23,5,22,0,0,1
6,24,5,23,0,0,1
6,25,5,24,16,0,1
6,26,5,25,15,0,1
6,27,5,26,0,0,1
6,28,5,27,0,0,1
6,29,5,28,0,0,1
6,30,5,29,0,0,1
6,31,5,30,0,0,1
6,32,5,31,0,0,1
6,33,5,32,0,0,1
6,34,5,33,0,0,1
6,35,5,34,0,0,1
6,36,5,35,0,0,1
6,37,5,36,0,0,1
6,38,5,37,0,0,1
6,39,5,38,0,0,1
6,40,5,39,0,0,1
6,41,5,40,0,0,1
6,42,5,41,0,0,1
6,43,5,42,0,0,1
6,44,5,43,0,0,1
6,45,5,44,0,0,1
6,46,5,45,0,0,1
6,47,5,46,0,0,1
6,48,5,47,0,0,1
6,49,5,48,0,0,1
6,50,5,49,0,0,1
6,51,5,50,0,0,1
6,52,5,51,0,0,1
6,53,5,52,0,0,1
6,54,5,53,0,0,1
6,55,5,54,0,0,1
6,56,5,55,0,0,1
6,57,5,56,0,0,1
6,58,5,57,0,0,1
6,59,5,58,0,0,1
6,60,5,59,0,0,1
6,61,5,60,0,0,1
6,62,5,61,0,0,1
6,63,5,62,0,0,1
6,64,5,63,0,0,1
6,65,5,64,0,0,1
6,66,5,65,0,0,1
6,67,5,66,0,0,1
6,68,5,67,0,0,1
6,69,5,68,0,0,1
6,70,5,69,0,0,1
6,71,5,70,0,0,1
6,72,5,71,0,0,1
6,73,5,72,0,0,1
6,74,5,73,0,0,1
6,75,5,74,0,0,1
6,76,5,75,0,0,1
6,77,5,76,0,0,1
6,78,5,77,0,0,1
6,79,5,78,0,0,1
6,80,5,79,0,0,1
6,81,5,80,0,0,1
6,82,5,81,0,0,1
6,83,5,82,0,0,1
6,84,5,83,0,0,1
6,85,5,84,0,0,1
6,86,5,85,0,0,1
6,87,5,86,0,0,1
6,88,5,87,0,0,1
6,89,5,88,0,0,1
6,90,5,89,0,0,1
6,91,5,90,0,0,1
6,92,5,91,0,0,1
6,93,5,92,0,0,1
6,94,5,93,0,0,1
6,95,5,94,0,0,1
6,96,5,95,0,0,1
6,97,5,96,0,0,1
6,98,5,97,0,0,1
6,99,5,98,0,0,1
6,100,5,99,0,0,1
6,101,5,100,0,0,1
6,102,5,101,0,0,1
6,103,5,102,0,0,1
6,104,5,103,0,0,1
6,105,5,104,0,0,1
6,106,5,105,0,0,1
6,107,5,106,0,0,1
6,108,5,107,0,0,1
6,109,5,108,0,0,1
6,110,5,109,0,0,1
6,111,5,110,0,0,1
6,112,5,111,0,0,1
6,113,5,112,0,0,1
6,114,5,113,0,0,1
6,115,5,114,0,0,1
6,116,5,115,0,0,1
6,117,5,116,0,0,1
6,118,5,117,0,0,1
6,119,5,118,0,0,1
6,120,5,119,0,0,1
6,121,5,120,0,0,1
6,122,5,121,0,0,1
6,123,5,122,0,0,1
6,124,5,123,0,0,1
6,125,5,124,0,0,1
6,126,5,125,0,0,1
6,127,5,126,0,0,1
6,128,5,127,0,0,1
6,129,5,128,0,0,1
6,130,5,129,0,0,1
6,131,5,130,0,0,1
6,132,5,131,0,0,1
6,133,5,132,0,0,1
6,134,5,133,0,0,1
6,135,5,134,0,0,1
6,136,5,135,0,0,1
6,137,5,136,0,0,1
6,138,5,137,0,0,1
6,139,5,138,0,0,1
6,140,5,139,0,0,1
6,141,5,140,0,0,1
6,142,5,141,0,0,1
6,143,5,142,0,0,1
6,144,5,143,0,0,1
6,145,5,144,0,0,1
6,146,5,145,0,0,1
6,147,5,146,0,0,1
6,148,5,147,0,0,1
6,149,5,148,0,0,1
6,150,5,149,0,0,1
6,151,5,150,0,0,1
6,152,5,151,0,0,1
6,153,5,152,0,0,1
6,154,5,153,0,0,1
6,155,5,154,0,0,1
6,156,5,155,0,0,1
6,157,5,156,0,0,1
6,158,5,157,0,0,1
6,159,5,158,0,0,1
6,160,5,159,0,0,1
6,161,5,160,0,0,1
6,162,5,161,0,0,1
6,163,5,162,0,0,1
6,164,5,163,0,0,1
6,165,5,164,0,0,1
6,166,5,165,0,0,1
6,167,5,166,0,0,1
6,168,5,167,0,0,1
6,169,5,168,0,0,1
6,170,5,169,0,0,1
6,171,5,170,0,0,1
6,172,5,171,0,0,1
6,173,5,172,0,0,1
6,174,5,173,0,0,1
6,175,5,174,0,0,1
6,176,5,175,0,0,1
6,177,5,176,0,0,1
6,178,5,177,0,0,1
6,179,5,178,0,0,1
6,180,5,179,0,0,1
6,181,5,180,0,0,1
6,182,5,181,0,0,1
6,183,5,182,0,0,1
6,184,5,183,0,0,1
6,185,5,184,0,0,1
6,186,5,185,0,0,1
6,187,5,186,0,0,1
6,188,5,187,0,0,1
6,189,5,188,0,0,1
6,190,5,189,0,0,1
6,191,5,190,0,0,1
6,192,5,191,0,0,1
6,193,5,192,0,0,1
6,194,5,193,0,0,1
6,195,5,194,0,0,1
6,196,5,195,0,0,1
6,197,5,196,0,0,1
6,198,5,197,0,0,1
6,199,5,198,0,0,1
6,200,5,199,0,0,1
6,201,5,200,0,0,1
6,202,5,201,0,0,1
6,203,5,202,0,0,1
6,204,5,203,0,0,1
6,205,5,204,0,0,1
6,206,5,205,0,0,1
6,207,5,206,0,0,1
6,208,5,207,0,0,1
6,209,5,208,0,0,1
6,210,5,209,0,0,1
6,211,5,210,0,0,1
6,212,5,211,0,0,1
6,213,5,212,0,0,1
6,214,5,213,0,0,1
6,215,5,214,0,0,1
6,216,5,215,0,0,1
6,217,5,216,0,0,1
6,218,5,217,0,0,1
6,219,5,218,0,0,1
6,220,5,219,0,0,1
6,221,5,220,0,0,1
6,222,5,221,0,0,1
6,223,5,222,0,0,1
6,224,5,223,0,0,1
6,225,5,228,0,0,1
6,226,5,225,0,0,1
6,227,5,226,0,0,1
6,228,5,227,0,0,1
6,229,5,224,0,0,1
6,230,5,229,0,0,1
6,231,5,230,0,0,1
6,232,5,231,0,0,1
6,233,5,232,0,0,1
6,234,5,233,0,0,1
6,235,5,234,0,0,1
6,236,5,235,0,0,1
6,237,5,236,0,0,1
6,238,5,237,0,0,1
6,239,5,238,0,0,1
6,240,5,239,0,0,1
6,241,5,240,0,0,1
6,242,5,241,0,0,1
6,243,5,242,0,0,1
7,8,6,7,22,21,6
7,9,6,8,24,23,6
7,10,6,9,21,19,6
7,11,6,10,21,20,6
7,12,6,11,19,18,6
7,13,6,12,24,24,6
7,14,6,13,19,18,6
7,15,6,14,18,17,6
7,16,6,15,20,18,6
7,17,6,16,24,23,6
7,18,6,17,22,20,6
7,19,6,18,21,21,6
7,20,6,19,17,17,6
7,21,6,20,16,16,6
7,22,6,21,0,0,1
7,23,6,22,0,0,1
7,24,6,23,0,0,1
7,25,6,24,16,16,6
7,26,6,25,15,15,6
7,27,6,26,0,0,1
7,28,6,27,0,0,1
7,29,6,28,0,0,1
7,30,6,29,0,0,1
7,31,6,30,0,0,1
7,32,6,31,0,0,1
7,33,6,32,0,0,1
7,34,6,33,0,0,1
7,35,6,34,0,0,1
7,36,6,35,0,0,1
7,37,6,36,0,0,1
7,38,6,37,0,0,1
7,39,6,38,0,0,1
7,40,6,39,0,0,1
7,41,6,40,0,0,1
7,42,6,41,0,0,1
7,43,6,42,0,0,1
7,44,6,43,0,0,1
7,45,6,44,0,0,1
7,46,6,45,0,0,1
7,47,6,46,0,0,1
7,48,6,47,0,0,1
7,49,6,48,0,0,1
7,50,6,49,0,0,1
7,51,6,50,0,0,1
7,52,6,51,0,0,1
7,53,6,52,0,0,1
7,54,6,53,0,0,1
7,55,6,54,0,0,1
7,56,6,55,0,0,1
7,57,6,56,0,0,1
7,58,6,57,0,0,1
7,59,6,58,0,0,1
7,60,6,59,0,0,1
7,61,6,60,0,0,1
7,62,6,61,0,0,1
7,63,6,62,0,0,1
7,64,6,63,0,0,1
7,65,6,64,0,0,1
7,66,6,65,0,0,1
7,67,6,66,0,0,1
7,68,6,67,0,0,1
7,69,6,68,0,0,1
7,70,6,69,0,0,1
7,71,6,70,0,0,1
7,72,6,71,0,0,1
7,73,6,72,0,0,1
7,74,6,73,0,0,1
7,75,6,74,0,0,1
7,76,6,75,0,0,1
7,77,6,76,0,0,1
7,78,6,77,0,0,1
7,79,6,78,0,0,1
7,80,6,79,0,0,1
7,81,6,80,0,0,1
7,82,6,81,0,0,1
7,83,6,82,0,0,1
7,84,6,83,0,0,1
7,85,6,84,0,0,1
7,86,6,85,0,0,1
7,87,6,86,0,0,1
7,88,6,87,0,0,1
7,89,6,88,0,0,1
7,90,6,89,0,0,1
7,91,6,90,0,0,1
7,92,6,91,0,0,1
7,93,6,92,0,0,1
7,94,6,93,0,0,1
7,95,6,94,0,0,1
7,96,6,95,0,0,1
7,97,6,96,0,0,1
7,98,6,97,0,0,1
7,99,6,98,0,0,1
7,100,6,99,0,0,1
7,101,6,100,0,0,1
7,102,6,101,0,0,1
7,103,6,102,0,0,1
7,104,6,103,0,0,1
7,105,6,104,0,0,1
7,106,6,105,0,0,1
7,107,6,106,0,0,1
7,108,6,107,0,0,1
7,109,6,108,0,0,1
7,110,6,109,0,0,1
7,111,6,110,0,0,1
7,112,6,111,0,0,1
7,113,6,112,0,0,1
7,114,6,113,0,0,1
7,115,6,114,0,0,1
7,116,6,115,0,0,1
7,117,6,116,0,0,1
7,118,6,117,0,0,1
7,119,6,118,0,0,1
7,120,6,119,0,0,1
7,121,6,120,0,0,1
7,122,6,121,0,0,1
7,123,6,122,0,0,1
7,124,6,123,0,0,1
7,125,6,124,0,0,1
7,126,6,125,0,0,1
7,127,6,126,0,0,1
7,128,6,127,0,0,1
7,129,6,128,0,0,1
7,130,6,129,0,0,1
7,131,6,130,0,0,1
7,132,6,131,0,0,1
7,133,6,132,0,0,1
7,134,6,133,0,0,1
7,135,6,134,0,0,1
7,136,6,135,0,0,1
7,137,6,136,0,0,1
7,138,6,137,0,0,1
7,139,6,138,0,0,1
7,140,6,139,0,0,1
7,141,6,140,0,0,1
7,142,6,141,0,0,1
7,143,6,142,0,0,1
7,144,6,143,0,0,1
7,145,6,144,0,0,1
7,146,6,145,0,0,1
7,147,6,146,0,0,1
7,148,6,147,0,0,1
7,149,6,148,0,0,1
7,150,6,149,0,0,1
7,151,6,150,0,0,1
7,152,6,151,0,0,1
7,153,6,152,0,0,1
7,154,6,153,0,0,1
7,155,6,154,0,0,1
7,156,6,155,0,0,1
7,157,6,156,0,0,1
7,158,6,157,0,0,1
7,159,6,158,0,0,1
7,160,6,159,0,0,1
7,161,6,160,0,0,1
7,162,6,161,0,0,1
7,163,6,162,0,0,1
7,164,6,163,0,0,1
7,165,6,164,0,0,1
7,166,6,165,0,0,1
7,167,6,166,0,0,1
7,168,6,167,0,0,1
7,169,6,168,0,0,1
7,170,6,169,0,0,1
7,171,6,170,0,0,1
7,172,6,171,0,0,1
7,173,6,172,0,0,1
7,174,6,173,0,0,1
7,175,6,174,0,0,1
7,176,6,175,0,0,1
7,177,6,176,0,0,1
7,178,6,177,0,0,1
7,179,6,178,0,0,1
7,180,6,179,0,0,1
7,181,6,180,0,0,1
7,182,6,181,0,0,1
7,183,6,182,0,0,1
7,184,6,183,0,0,1
7,185,6,184,0,0,1
7,186,6,185,0,0,1
7,187,6,186,0,0,1
7,188,6,187,0,0,1
7,189,6,188,0,0,1
7,190,6,189,0,0,1
7,191,6,190,0,0,1
7,192,6,191,0,0,1
7,193,6,192,0,0,1
7,194,6,193,0,0,1
7,195,6,194,0,0,1
7,196,6,195,0,0,1
7,197,6,196,0,0,1
7,198,6,197,0,0,1
7,199,6,198,0,0,1
7,200,6,199,0,0,1
7,201,6,200,0,0,1
7,202,6,201,0,0,1
7,203,6,202,0,0,1
7,204,6,203,0,0,1
7,205,6,204,0,0,1
7,206,6,205,0,0,1
7,207,6,206,0,0,1
7,208,6,207,0,0,1
7,209,6,208,0,0,1
7,210,6,209,0,0,1
7,211,6,210,0,0,1
7,212,6,211,0,0,1
7,213,6,212,0,0,1
7,214,6,213,0,0,1
7,215,6,214,0,0,1
7,216,6,215,0,0,1
7,217,6,216,0,0,1
7,218,6,217,0,0,1
7,219,6,218,0,0,1
7,220,6,219,0,0,1
7,221,6,220,0,0,1
7,222,6,221,0,0,1
7,223,6,222,0,0,1
7,224,6,223,0,0,1
7,225,6,228,0,0,1
7,226,6,225,0,0,1
7,227,6,226,0,0,1
7,228,6,227,0,0,1
7,229,6,224,0,0,1
7,230,6,229,0,0,1
7,231,6,230,0,0,1
7,232,6,231,0,0,1
7,233,6,232,0,0,1
7,234,6,233,0,0,1
7,235,6,234,0,0,1
7,236,6,235,0,0,1
7,237,6,236,0,0,1
7,238,6,237,0,0,1
7,239,6,238,0,0,1
7,240,6,239,0,0,1
7,241,6,240,0,0,1
7,242,6,241,0,0,1
7,243,6,242,0,0,1
8,9,7,8,22,22,6
8,10,7,9,21,19,6
8,11,7,10,20,19,6
8,12,7,11,18,18,6
8,13,7,12,21,21,6
8,14,7,13,21,21,6
8,15,7,14,22,21,6
8,16,7,15,22,20,6
8,17,7,16,23,23,6
8,18,7,17,22,18,6
8,19,7,18,23,20,6
8,20,7,19,21,18,6
8,21,7,20,22,18,6
8,22,7,21,16,0,1
8,23,7,22,15,0,1
8,24,7,23,0,0,1
8,25,7,24,17,15,6
8,26,7,25,0,0,1
8,27,7,26,0,0,1
8,28,7,27,0,0,1
8,29,7,28,0,0,1
8,30,7,29,0,0,1
8,31,7,30,15,0,1
8,32,7,31,0,0,1
8,33,7,32,0,0,1
8,34,7,33,0,0,1
8,35,7,34,0,0,1
8,36,7,35,0,0,1
8,37,7,36,0,0,1
8,38,7,37,0,0,1
8,39,7,38,0,0,1
8,40,7,39,0,0,1
8,41,7,40,0,0,1
8,42,7,41,0,0,1
8,43,7,42,0,0,1
8,44,7,43,0,0,1
8,45,7,44,0,0,1
8,46,7,45,0,0,1
8,47,7,46,0,0,1
8,48,7,47,0,0,1
8,49,7,48,0,0,1
8,50,7,49,0,0,1
8,51,7,50,0,0,1
8,52,7,51,0,0,1
8,53,7,52,0,0,1
8,54,7,53,0,0,1
8,55,7,54,0,0,1
8,56,7,55,0,0,1
8,57,7,56,0,0,1
8,58,7,57,0,0,1
8,59,7,58,0,0,1
8,60,7,59,0,0,1
8,61,7,60,0,0,1
8,62,7,61,0,0,1
8,63,7,62,0,0,1
8,64,7,63,0,0,1
8,65,7,64,0,0,1
8,66,7,65,0,0,1
8,67,7,66,0,0,1
8,68,7,67,0,0,1
8,69,7,68,0,0,1
8,70,7,69,0,0,1
8,71,7,70,0,0,1
8,72,7,71,0,0,1
8,73,7,72,0,0,1
8,74,7,73,0,0,1
8,75,7,74,0,0,1
8,76,7,75,0,0,1
8,77,7,76,0,0,1
8,78,7,77,0,0,1
8,79,7,78,0,0,1
8,80,7,79,0,0,1
8,81,7,80,0,0,1
8,82,7,81,0,0,1
8,83,7,82,0,0,1
8,84,7,83,0,0,1
8,85,7,84,0,0,1
8,86,7,85,0,0,1
8,87,7,86,0,0,1
8,88,7,87,0,0,1
8,89,7,88,0,0,1
8,90,7,89,0,0,1
8,91,7,90,0,0,1
8,92,7,91,0,0,1
8,93,7,92,0,0,1
8,94,7,93,0,0,1
8,95,7,94,0,0,1
8,96,7,95,0,0,1
8,97,7,96,0,0,1
8,98,7,97,0,0,1
8,99,7,98,0,0,1
8,100,7,99,0,0,1
8,101,7,100,0,0,1
8,102,7,101,0,0,1
8,103,7,102,0,0,1
8,104,7,103,0,0,1
8,105,7,104,0,0,1
8,106,7,105,0,0,1
8,107,7,106,0,0,1
8,108,7,107,0,0,1
8,109,7,108,0,0,1
8,110,7,109,0,0,1
8,111,7,110,0,0,1
8,112,7,111,0,0,1
8,113,7,112,0,0,1
8,114,7,113,0,0,1
8,115,7,114,0,0,1
8,116,7,115,0,0,1
8,117,7,116,0,0,1
8,118,7,117,0,0,1
8,119,7,118,0,0,1
8,120,7,119,0,0,1
8,121,7,120,0,0,1
8,122,7,121,0,0,1
8,123,7,122,0,0,1
8,124,7,123,0,0,1
8,125,7,124,0,0,1
8,126,7,125,0,0,1
8,127,7,126,0,0,1
8,128,7,127,0,0,1
8,129,7,128,0,0,1
8,130,7,129,0,0,1
8,131,7,130,0,0,1
8,132,7,131,0,0,1
8,133,7,132,0,0,1
8,134,7,133,0,0,1
8,135,7,134,0,0,1
8,136,7,135,0,0,1
8,137,7,136,0,0,1
8,138,7,137,0,0,1
8,139,7,138,0,0,1
8,140,7,139,0,0,1
8,141,7,140,0,0,1
8,142,7,141,0,0,1
8,143,7,142,0,0,1
8,144,7,143,0,0,1
8,145,7,144,0,0,1
8,146,7,145,0,0,1
8,147,7,146,0,0,1
8,148,7,147,0,0,1
8,149,7,148,0,0,1
8,150,7,149,0,0,1
8,151,7,150,0,0,1
8,152,7,151,0,0,1
8,153,7,152,0,0,1
8,154,7,153,0,0,1
8,155,7,154,0,0,1
8,156,7,155,0,0,1
8,157,7,156,0,0,1
8,158,7,157,0,0,1
8,159,7,158,0,0,1
8,160,7,159,0,0,1
8,161,7,160,0,0,1
8,162,7,161,0,0,1
8,163,7,162,0,0,1
8,164,7,163,0,0,1
8,165,7,164,0,0,1
8,166,7,165,0,0,1
8,167,7,166,0,0,1
8,168,7,167,0,0,1
8,169,7,168,0,0,1
8,170,7,169,0,0,1
8,171,7,170,0,0,1
8,172,7,171,0,0,1
8,173,7,172,0,0,1
8,174,7,173,0,0,1
8,175,7,174,0,0,1
8,176,7,175,0,0,1
8,177,7,176,0,0,1
8,178,7,177,0,0,1
8,179,7,178,0,0,1
8,180,7,179,0,0,1
8,181,7,180,0,0,1
8,182,7,181,0,0,1
8,183,7,182,0,0,1
8,184,7,183,0,0,1
8,185,7,184,0,0,1
8,186,7,185,0,0,1
8,187,7,186,0,0,1
8,188,7,187,0,0,1
8,189,7,188,0,0,1
8,190,7,189,0,0,1
8,191,7,190,0,0,1
8,192,7,191,0,0,1
8,193,7,192,0,0,1
8,194,7,193,0,0,1
8,195,7,194,0,0,1
8,196,7,195,0,0,1
8,197,7,196,0,0,1
8,198,7,197,0,0,1
8,199,7,198,0,0,1
8,200,7,199,0,0,1
8,201,7,200,0,0,1
8,202,7,201,0,0,1
8,203,7,202,0,0,1
8,204,7,203,0,0,1
8,205,7,204,0,0,1
8,206,7,205,0,0,1
8,207,7,206,0,0,1
8,208,7,207,0,0,1
8,209,7,208,0,0,1
8,210,7,209,0,0,1
8,211,7,210,0,0,1
8,212,7,211,0,0,1
8,213,7,212,0,0,1
8,214,7,213,0,0,1
8,215,7,214,0,0,1
8,216,7,215,0,0,1
8,217,7,216,0,0,1
8,218,7,217,0,0,1
8,219,7,218,0,0,1
8,220,7,219,0,0,1
8,221,7,220,0,0,1
8,222,7,221,0,0,1
8,223,7,222,0,0,1
8,224,7,223,0,0,1
8,225,7,228,0,0,1
8,226,7,225,0,0,1
8,227,7,226,0,0,1
8,228,7,227,0,0,1
8,229,7,224,0,0,1
8,230,7,229,0,0,1
8,231,7,230,0,0,1
8,232,7,231,0,0,1
8,233,7,232,0,0,1
8,234,7,233,0,0,1
8,235,7,234,0,0,1
8,236,7,235,0,0,1
8,237,7,236,0,0,1
8,238,7,237,0,0,1
8,239,7,238,0,0,1
8,240,7,239,0,0,1
8,241,7,240,0,0,1
8,242,7,241,0,0,1
8,243,7,242,0,0,1
9,10,8,9,25,25,6
9,11,8,10,25,25,6
9,12,8,11,23,23,6
9,13,8,12,26,26,6
9,14,8,13,25,25,6
9,15,8,14,25,25,6
9,16,8,15,25,21,6
9,17,8,16,24,24,6
9,18,8,17,20,19,6
9,19,8,18,20,20,6
9,20,8,19,19,19,6
9,21,8,20,18,18,6
9,22,8,21,19,19,6
9,23,8,22,0,0,1
9,24,8,23,15,15,6
9,25,8,24,15,15,6
9,26,8,25,16,16,6
9,27,8,26,0,0,1
9,28,8,27,0,0,1
9,29,8,28,0,0,1
9,30,8,29,0,0,1
9,31,8,30,0,0,1
9,32,8,31,0,0,1
9,33,8,32,0,0,1
9,34,8,33,0,0,1
9,35,8,34,0,0,1
9,36,8,35,0,0,1
9,37,8,36,0,0,1
9,38,8,37,0,0,1
9,39,8,38,0,0,1
9,40,8,39,0,0,1
9,41,8,40,0,0,1
9,42,8,41,0,0,1
9,43,8,42,0,0,1
9,44,8,43,0,0,1
9,45,8,44,0,0,1
9,46,8,45,0,0,1
9,47,8,46,0,0,1
9,48,8,47,0,0,1
9,49,8,48,0,0,1
9,50,8,49,0,0,1
9,51,8,50,0,0,1
9,52,8,51,0,0,1
9,53,8,52,0,0,1
9,54,8,53,0,0,1
9,55,8,54,0,0,1
9,56,8,55,0,0,1
9,57,8,56,0,0,1
9,58,8,57,0,0,1
9,59,8,58,0,0,1
9,60,8,59,0,0,1
9,61,8,60,0,0,1
9,62,8,61,0,0,1
9,63,8,62,0,0,1
9,64,8,63,0,0,1
9,65,8,64,0,0,1
9,66,8,65,0,0,1
9,67,8,66,0,0,1
9,68,8,67,0,0,1
9,69,8,68,0,0,1
9,70,8,69,0,0,1
9,71,8,70,0,0,1
9,72,8,71,0,0,1
9,73,8,72,0,0,1
9,74,8,73,0,0,1
9,75,8,74,0,0,1
9,76,8,75,0,0,1
9,77,8,76,0,0,1
9,78,8,77,0,0,1
9,79,8,78,0,0,1
9,80,8,79,0,0,1
9,81,8,80,0,0,1
9,82,8,81,0,0,1
9,83,8,82,0,0,1
9,84,8,83,0,0,1
9,85,8,84,0,0,1
9,86,8,85,0,0,1
9,87,8,86,0,0,1
9,88,8,87,0,0,1
9,89,8,88,0,0,1
9,90,8,89,0,0,1
9,91,8,90,0,0,1
9,92,8,91,0,0,1
9,93,8,92,0,0,1
9,94,8,93,0,0,1
9,95,8,94,0,0,1
9,96,8,95,0,0,1
9,97,8,96,0,0,1
9,98,8,97,0,0,1
9,99,8,98,0,0,1
9,100,8,99,0,0,1
9,101,8,100,0,0,1
9,102,8,101,0,0,1
9,103,8,102,0,0,1
9,104,8,103,0,0,1
9,105,8,104,0,0,1
9,106,8,105,0,0,1
9,107,8,106,0,0,1
9,108,8,107,0,0,1
9,109,8,108,0,0,1
9,110,8,109,0,0,1
9,111,8,110,0,0,1
9,112,8,111,0,0,1
9,113,8,112,0,0,1
9,114,8,113,0,0,1
9,115,8,114,0,0,1
9,116,8,115,0,0,1
9,117,8,116,0,0,1
9,118,8,117,0,0,1
9,119,8,118,0,0,1
9,120,8,119,0,0,1
9,121,8,120,0,0,1
9,122,8,121,0,0,1
9,123,8,122,0,0,1
9,124,8,123,0,0,1
9,125,8,124,0,0,1
9,126,8,125,0,0,1
9,127,8,126,0,0,1
9,128,8,127,0,0,1
9,129,8,128,0,0,1
9,130,8,129,0,0,1
9,131,8,130,0,0,1
9,132,8,131,0,0,1
9,133,8,132,0,0,1
9,134,8,133,0,0,1
9,135,8,134,0,0,1
9,136,8,135,0,0,1
9,137,8,136,0,0,1
9,138,8,137,0,0,1
9,139,8,138,0,0,1
9,140,8,139,0,0,1
9,141,8,140,0,0,1
9,142,8,141,0,0,1
9,143,8,142,0,0,1
9,144,8,143,0,0,1
9,145,8,144,0,0,1
9,146,8,145,0,0,1
9,147,8,146,0,0,1
9,148,8,147,0,0,1
9,149,8,148,0,0,1
9,150,8,149,0,0,1
9,151,8,150,0,0,1
9,152,8,151,0,0,1
9,153,8,152,0,0,1
9,154,8,153,0,0,1
9,155,8,154,0,0,1
9,156,8,155,0,0,1
9,157,8,156,0,0,1
9,158,8,157,0,0,1
9,159,8,158,0,0,1
9,160,8,159,0,0,1
9,161,8,160,0,0,1
9,162,8,161,0,0,1
9,163,8,162,0,0,1
9,164,8,163,0,0,1
9,165,8,164,0,0,1
9,166,8,165,0,0,1
9,167,8,166,0,0,1
9,168,8,167,0,0,1
9,169,8,168,0,0,1
9,170,8,169,0,0,1
9,171,8,170,0,0,1
9,172,8,171,0,0,1
9,173,8,172,0,0,1
9,174,8,173,0,0,1
9,175,8,174,0,0,1
9,176,8,175,0,0,1
9,177,8,176,0,0,1
9,178,8,177,0,0,1
9,179,8,178,0,0,1
9,180,8,179,0,0,1
9,181,8,180,0,0,1
9,182,8,181,0,0,1
9,183,8,182,0,0,1
9,184,8,183,0,0,1
9,185,8,184,0,0,1
9,186,8,185,0,0,1
9,187,8,186,0,0,1
9,188,8,187,0,0,1
9,189,8,188,0,0,1
9,190,8,189,0,0,1
9,191,8,190,0,0,1
9,192,8,191,0,0,1
9,193,8,192,0,0,1
9,194,8,193,0,0,1
9,195,8,194,0,0,1
9,196,8,195,0,0,1
9,197,8,196,0,0,1
9,198,8,197,0,0,1
9,199,8,198,0,0,1
9,200,8,199,0,0,1
9,201,8,200,0,0,1
9,202,8,201,0,0,1
9,203,8,202,0,0,1
9,204,8,203,0,0,1
9,205,8,204,0,0,1
9,206,8,205,0,0,1
9,207,8,206,0,0,1
9,208,8,207,0,0,1
9,209,8,208,0,0,1
9,210,8,209,0,0,1
9,211,8,210,0,0,1
9,212,8,211,0,0,1
9,213,8,212,0,0,1
9,214,8,213,0,0,1
9,215,8,214,0,0,1
9,216,8,215,0,0,1
9,217,8,216,0,0,1
9,218,8,217,0,0,1
9,219,8,218,0,0,1
9,220,8,219,0,0,1
9,221,8,220,0,0,1
9,222,8,221,0,0,1
9,223,8,222,0,0,1
9,224,8,223,0,0,1
9,225,8,228,0,0,1
9,226,8,225,0,0,1
9,227,8,226,0,0,1
9,228,8,227,0,0,1
9,229,8,224,0,0,1
9,230,8,229,0,0,1
9,231,8,230,0,0,1
9,232,8,231,0,0,1
9,233,8,232,0,0,1
9,234,8,233,0,0,1
9,235,8,234,0,0,1
9,236,8,235,0,0,1
9,237,8,236,0,0,1
9,238,8,237,0,0,1
9,239,8,238,0,0,1
9,240,8,239,0,0,1
9,241,8,240,0,0,1
9,242,8,241,0,0,1
9,243,8,242,0,0,1
10,11,9,10,25,25,6
10,12,9,11,18,18,6
10,13,9,12,22,22,6
10,14,9,13,21,21,6
10,15,9,14,21,21,6
10,16,9,15,23,22,6
10,17,9,16,27,26,6
10,18,9,17,20,20,6
10,19,9,18,21,19,6
10,20,9,19,19,18,6
10,21,9,20,19,19,6
10,22,9,21,18,18,6
10,23,9,22,16,16,6
10,24,9,23,18,18,6
10,25,9,24,19,18,6
10,26,9,25,19,19,6
10,27,9,26,16,0,1
10,28,9,27,0,0,1
10,29,9,28,0,0,1
10,30,9,29,0,0,1
10,31,9,30,0,0,1
10,32,9,31,0,0,1
10,33,9,32,0,0,1
10,34,9,33,0,0,1
10,35,9,34,0,0,1
10,36,9,35,0,0,1
10,37,9,36,0,0,1
10,38,9,37,0,0,1
10,39,9,38,0,0,1
10,40,9,39,0,0,1
10,41,9,40,0,0,1
10,42,9,41,0,0,1
10,43,9,42,0,0,1
10,44,9,43,0,0,1
10,45,9,44,0,0,1
10,46,9,45,0,0,1
10,47,9,46,0,0,1
10,48,9,47,0,0,1
10,49,9,48,0,0,1
10,50,9,49,0,0,1
10,51,9,50,0,0,1
10,52,9,51,0,0,1
10,53,9,52,0,0,1
10,54,9,53,0,0,1
10,55,9,54,0,0,1
10,56,9,55,0,0,1
10,57,9,56,0,0,1
10,58,9,57,0,0,1
10,59,9,58,0,0,1
10,60,9,59,0,0,1
10,61,9,60,0,0,1
10,62,9,61,0,0,1
10,63,9,62,0,0,1
10,64,9,63,0,0,1
10,65,9,64,0,0,1
10,66,9,65,0,0,1
10,67,9,66,0,0,1
10,68,9,67,0,0,1
10,69,9,68,0,0,1
10,70,9,69,0,0,1
10,71,9,70,0,0,1
10,72,9,71,0,0,1
10,73,9,72,0,0,1
10,74,9,73,0,0,1
10,75,9,74,0,0,1
10,76,9,75,0,0,1
10,77,9,76,0,0,1
10,78,9,77,0,0,1
10,79,9,78,0,0,1
10,80,9,79,0,0,1
10,81,9,80,0,0,1
10,82,9,81,0,0,1
10,83,9,82,0,0,1
10,84,9,83,0,0,1
10,85,9,84,0,0,1
10,86,9,85,0,0,1
10,87,9,86,0,0,1
10,88,9,87,0,0,1
10,89,9,88,0,0,1
10,90,9,89,0,0,1
10,91,9,90,0,0,1
10,92,9,91,0,0,1
10,93,9,92,0,0,1
10,94,9,93,0,0,1
10,95,9,94,0,0,1
10,96,9,95,0,0,1
10,97,9,96,0,0,1
10,98,9,97,0,0,1
10,99,9,98,0,0,1
10,100,9,99,0,0,1
10,101,9,100,0,0,1
10,102,9,101,0,0,1
10,103,9,102,0,0,1
10,104,9,103,0,0,1
10,105,9,104,0,0,1
10,106,9,105,0,0,1
10,107,9,106,0,0,1
10,108,9,107,0,0,1
10,109,9,108,0,0,1
10,110,9,109,0,0,1
10,111,9,110,0,0,1
10,112,9,111,0,0,1
10,113,9,112,0,0,1
10,114,9,113,0,0,1
10,115,9,114,0,0,1
10,116,9,115,0,0,1
10,117,9,116,0,0,1
10,118,9,117,0,0,1
10,119,9,118,0,0,1
10,120,9,119,0,0,1
10,121,9,120,0,0,1
10,122,9,121,0,0,1
10,123,9,122,0,0,1
10,124,9,123,0,0,1
10,125,9,124,0,0,1
10,126,9,125,0,0,1
10,127,9,126,0,0,1
10,128,9,127,0,0,1
10,129,9,128,0,0,1
10,130,9,129,0,0,1
10,131,9,130,0,0,1
10,132,9,131,0,0,1
10,133,9,132,0,0,1
10,134,9,133,0,0,1
10,135,9,134,0,0,1
10,136,9,135,0,0,1
10,137,9,136,0,0,1
10,138,9,137,0,0,1
10,139,9,138,0,0,1
10,140,9,139,0,0,1
10,141,9,140,0,0,1
10,142,9,141,0,0,1
10,143,9,142,0,0,1
10,144,9,143,0,0,1
10,145,9,144,0,0,1
10,146,9,145,0,0,1
10,147,9,146,0,0,1
10,148,9,147,0,0,1
10,149,9,148,0,0,1
10,150,9,149,0,0,1
10,151,9,150,0,0,1
10,152,9,151,0,0,1
10,153,9,152,0,0,1
10,154,9,153,0,0,1
10,155,9,154,0,0,1
10,156,9,155,0,0,1
10,157,9,156,0,0,1
10,158,9,157,0,0,1
10,159,9,158,0,0,1
10,160,9,159,0,0,1
10,161,9,160,0,0,1
10,162,9,161,0,0,1
10,163,9,162,0,0,1
10,164,9,163,0,0,1
10,165,9,164,0,0,1
10,166,9,165,0,0,1
10,167,9,166,0,0,1
10,168,9,167,0,0,1
10,169,9,168,0,0,1
10,170,9,169,0,0,1
10,171,9,170,0,0,1
10,172,9,171,0,0,1
10,173,9,172,0,0,1
10,174,9,173,0,0,1
10,175,9,174,0,0,1
10,176,9,175,0,0,1
10,177,9,176,0,0,1
10,178,9,177,0,0,1
10,179,9,178,0,0,1
10,180,9,179,0,0,1
10,181,9,180,0,0,1
10,182,9,181,0,0,1
10,183,9,182,0,0,1
10,184,9,183,0,0,1
10,185,9,184,0,0,1
10,186,9,185,0,0,1
10,187,9,186,0,0,1
10,188,9,187,0,0,1
10,189,9,188,0,0,1
10,190,9,189,0,0,1
10,191,9,190,0,0,1
10,192,9,191,0,0,1
10,193,9,192,0,0,1
10,194,9,193,0,0,1
10,195,9,194,0,0,1
10,196,9,195,0,0,1
10,197,9,196,0,0,1
10,198,9,197,0,0,1
10,199,9,198,0,0,1
10,200,9,199,0,0,1
10,201,9,200,0,0,1
10,202,9,201,0,0,1
10,203,9,202,0,0,1
10,204,9,203,0,0,1
10,205,9,204,0,0,1
10,206,9,205,0,0,1
10,207,9,206,0,0,1
10,208,9,207,0,0,1
10,209,9,208,0,0,1
10,210,9,209,0,0,1
10,211,9,210,0,0,1
10,212,9,211,0,0,1
10,213,9,212,0,0,1
10,214,9,213,0,0,1
10,215,9,214,0,0,1
10,216,9,215,0,0,1
10,217,9,216,0,0,1
10,218,9,217,0,0,1
10,219,9,218,0,0,1
10,220,9,219,0,0,1
10,221,9,220,0,0,1
10,222,9,221,0,0,1
10,223,9,222,0,0,1
10,224,9,223,0,0,1
10,225,9,228,0,0,1
10,226,9,225,0,0,1
10,227,9,226,0,0,1
10,228,9,227,0,0,1
10,229,9,224,0,0,1
10,230,9,229,0,0,1
10,231,9,230,0,0,1
10,232,9,231,0,0,1
10,233,9,232,0,0,1
10,234,9,233,0,0,1
10,235,9,234,0,0,1
10,236,9,235,0,0,1
10,237,9,236,0,0,1
10,238,9,237,0,0,1
10,239,9,238,0,0,1
10,240,9,239,0,0,1
10,241,9,240,0,0,1
10,242,9,241,0,0,1
10,243,9,242,0,0,1
11,12,10,11,22,22,6
11,13,10,12,24,24,6
11,14,10,13,22,22,6
11,15,10,14,20,19,6
11,16,10,15,22,21,6
11,17,10,16,23,23,6
11,18,10,17,20,18,6
11,19,10,18,20,18,6
11,20,10,19,18,17,6
11,21,10,20,19,18,6
11,22,10,21,16,15,6
11,23,10,22,19,16,6
11,24,10,23,16,15,6
11,25,10,24,19,19,3
11,26,10,25,18,16,6
11,27,10,26,16,0,1
11,28,10,27,0,0,1
11,29,10,28,0,0,1
11,30,10,29,0,0,1
11,31,10,30,0,0,1
11,32,10,31,0,0,1
11,33,10,32,0,0,1
11,34,10,33,0,0,1
11,35,10,34,0,0,1
11,36,10,35,0,0,1
11,37,10,36,0,0,1
11,38,10,37,0,0,1
11,39,10,38,0,0,1
11,40,10,39,0,0,1
11,41,10,40,0,0,1
11,42,10,41,0,0,1
11,43,10,42,0,0,1
11,44,10,43,0,0,1
11,45,10,44,0,0,1
11,46,10,45,0,0,1
11,47,10,46,0,0,1
11,48,10,47,0,0,1
11,49,10,48,0,0,1
11,50,10,49,0,0,1
11,51,10,50,0,0,1
11,52,10,51,0,0,1
11,53,10,52,0,0,1
11,54,10,53,0,0,1
11,55,10,54,0,0,1
11,56,10,55,0,0,1
11,57,10,56,0,0,1
11,58,10,57,0,0,1
11,59,10,58,0,0,1
11,60,10,59,0,0,1
11,61,10,60,0,0,1
11,62,10,61,0,0,1
11,63,10,62,0,0,1
11,64,10,63,0,0,1
11,65,10,64,0,0,1
11,66,10,65,0,0,1
11,67,10,66,0,0,1
11,68,10,67,0,0,1
11,69,10,68,0,0,1
11,70,10,69,0,0,1
11,71,10,70,0,0,1
11,72,10,71,0,0,1
11,73,10,72,0,0,1
11,74,10,73,0,0,1
11,75,10,74,0,0,1
11,76,10,75,0,0,1
11,77,10,76,0,0,1
11,78,10,77,0,0,1
11,79,10,78,0,0,1
11,80,10,79,0,0,1
11,81,10,80,0,0,1
11,82,10,81,0,0,1
11,83,10,82,0,0,1
11,84,10,83,0,0,1
11,85,10,84,0,0,1
11,86,10,85,0,0,1
11,87,10,86,0,0,1
11,88,10,87,0,0,1
11,89,10,88,0,0,1
11,90,10,89,0,0,1
11,91,10,90,0,0,1
11,92,10,91,0,0,1
11,93,10,92,0,0,1
11,94,10,93,0,0,1
11,95,10,94,0,0,1
11,96,10,95,0,0,1
11,97,10,96,0,0,1
11,98,10,97,0,0,1
11,99,10,98,0,0,1
11,100,10,99,0,0,1
11,101,10,100,0,0,1
11,102,10,101,0,0,1
11,103,10,102,0,0,1
11,104,10,103,0,0,1
11,105,10,104,0,0,1
11,106,10,105,0,0,1
11,107,10,106,0,0,1
11,108,10,107,0,0,1
11,109,10,108,0,0,1
11,110,10,109,0,0,1
11,111,10,110,0,0,1
11,112,10,111,0,0,1
11,113,10,112,0,0,1
11,114,10,113,0,0,1
11,115,10,114,0,0,1
11,116,10,115,0,0,1
11,117,10,116,0,0,1
11,118,10,117,0,0,1
11,119,10,118,0,0,1
11,120,10,119,0,0,1
11,121,10,120,0,0,1
11,122,10,121,0,0,1
11,123,10,122,0,0,1
11,124,10,123,0,0,1
11,125,10,124,0,0,1
11,126,10,125,0,0,1
11,127,10,126,0,0,1
11,128,10,127,0,0,1
11,129,10,128,0,0,1
11,130,10,129,0,0,1
11,131,10,130,0,0,1
11,132,10,131,0,0,1
11,133,10,132,0,0,1
11,134,10,133,0,0,1
11,135,10,134,0,0,1
11,136,10,135,0,0,1
11,137,10,136,0,0,1
11,138,10,137,0,0,1
11,139,10,138,0,0,1
11,140,10,139,0,0,1
11,141,10,140,0,0,1
11,142,10,141,0,0,1
11,143,10,142,0,0,1
11,144,10,143,0,0,1
11,145,10,144,0,0,1
11,146,10,145,0,0,1
11,147,10,146,0,0,1
11,148,10,147,0,0,1
11,149,10,148,0,0,1
11,150,10,149,0,0,1
11,151,10,150,0,0,1
11,152,10,151,0,0,1
11,153,10,152,0,0,1
11,154,10,153,0,0,1
11,155,10,154,0,0,1
11,156,10,155,0,0,1
11,157,10,156,0,0,1
11,158,10,157,0,0,1
11,159,10,158,0,0,1
11,160,10,159,0,0,1
11,161,10,160,0,0,1
11,162,10,161,0,0,1
11,163,10,162,0,0,1
11,164,10,163,0,0,1
11,165,10,164,0,0,1
11,166,10,165,0,0,1
11,167,10,166,0,0,1
11,168,10,167,0,0,1
11,169,10,168,0,0,1
11,170,10,169,0,0,1
11,171,10,170,0,0,1
11,172,10,171,0,0,1
11,173,10,172,0,0,1
11,174,10,173,0,0,1
11,175,10,174,0,0,1
11,176,10,175,0,0,1
11,177,10,176,0,0,1
11,178,10,177,0,0,1
11,179,10,178,0,0,1
11,180,10,179,0,0,1
11,181,10,180,0,0,1
11,182,10,181,0,0,1
11,183,10,182,0,0,1
11,184,10,183,0,0,1
11,185,10,184,0,0,1
11,186,10,185,0,0,1
11,187,10,186,0,0,1
11,188,10,187,0,0,1
11,189,10,188,0,0,1
11,190,10,189,0,0,1
11,191,10,190,0,0,1
11,192,10,191,0,0,1
11,193,10,192,0,0,1
11,194,10,193,0,0,1
11,195,10,194,0,0,1
11,196,10,195,0,0,1
11,197,10,196,0,0,1
11,198,10,197,0,0,1
11,199,10,198,0,0,1
11,200,10,199,0,0,1
11,201,10,200,0,0,1
11,202,10,201,0,0,1
11,203,10,202,0,0,1
11,204,10,203,0,0,1
11,205,10,204,0,0,1
11,206,10,205,0,0,1
11,207,10,206,0,0,1
11,208,10,207,0,0,1
11,209,10,208,0,0,1
11,210,10,209,0,0,1
11,211,10,210,0,0,1
11,212,10,211,0,0,1
11,213,10,212,0,0,1
11,214,10,213,0,0,1
11,215,10,214,0,0,1
11,216,10,215,0,0,1
11,217,10,216,0,0,1
11,218,10,217,0,0,1
11,219,10,218,0,0,1
11,220,10,219,0,0,1
11,221,10,220,0,0,1
11,222,10,221,0,0,1
11,223,10,222,0,0,1
11,224,10,223,0,0,1
11,225,10,228,0,0,1
11,226,10,225,0,0,1
11,227,10,226,0,0,1
11,228,10,227,0,0,1
11,229,10,224,0,0,1
11,230,10,229,0,0,1
11,231,10,230,0,0,1
11,232,10,231,0,0,1
11,233,10,232,0,0,1
11,234,10,233,0,0,1
11,235,10,234,0,0,1
11,236,10,235,0,0,1
11,237,10,236,0,0,1
11,238,10,237,0,0,1
11,239,10,238,0,0,1
11,240,10,239,0,0,1
11,241,10,240,0,0,1
11,242,10,241,0,0,1
11,243,10,242,0,0,1
12,13,11,12,25,25,6
12,14,11,13,21,21,6
12,15,11,14,20,20,6
12,16,11,15,21,19,6
12,17,11,16,22,22,6
12,18,11,17,16,0,1
12,19,11,18,16,16,6
12,20,11,19,15,0,1
12,21,11,20,0,0,1
12,22,11,21,15,0,1
12,23,11,22,0,0,1
12,24,11,23,0,0,1
12,25,11,24,15,0,1
12,26,11,25,16,15,6
12,27,11,26,16,0,1
12,28,11,27,0,0,1
12,29,11,28,0,0,1
12,30,11,29,0,0,1
12,31,11,30,0,0,1
12,32,11,31,0,0,1
12,33,11,32,0,0,1
12,34,11,33,0,0,1
12,35,11,34,0,0,1
12,36,11,35,0,0,1
12,37,11,36,0,0,1
12,38,11,37,0,0,1
12,39,11,38,0,0,1
12,40,11,39,0,0,1
12,41,11,40,0,0,1
12,42,11,41,0,0,1
12,43,11,42,0,0,1
12,44,11,43,0,0,1
12,45,11,44,0,0,1
12,46,11,45,0,0,1
12,47,11,46,0,0,1
12,48,11,47,0,0,1
12,49,11,48,0,0,1
12,50,11,49,0,0,1
12,51,11,50,0,0,1
12,52,11,51,0,0,1
12,53,11,52,0,0,1
12,54,11,53,0,0,1
12,55,11,54,0,0,1
12,56,11,55,0,0,1
12,57,11,56,0,0,1
12,58,11,57,0,0,1
12,59,11,58,0,0,1
12,60,11,59,0,0,1
12,61,11,60,0,0,1
12,62,11,61,0,0,1
12,63,11,62,0,0,1
12,64,11,63,0,0,1
12,65,11,64,0,0,1
12,66,11,65,0,0,1
12,67,11,66,0,0,1
12,68,11,67,0,0,1
12,69,11,68,0,0,1
12,70,11,69,0,0,1
12,71,11,70,0,0,1
12,72,11,71,0,0,1
12,73,11,72,0,0,1
12,74,11,73,0,0,1
12,75,11,74,0,0,1
12,76,11,75,0,0,1
12,77,11,76,0,0,1
12,78,11,77,0,0,1
12,79,11,78,0,0,1
12,80,11,79,0,0,1
12,81,11,80,0,0,1
12,82,11,81,0,0,1
12,83,11,82,0,0,1
12,84,11,83,0,0,1
12,85,11,84,0,0,1
12,86,11,85,0,0,1
12,87,11,86,0,0,1
12,88,11,87,0,0,1
12,89,11,88,0,0,1
12,90,11,89,0,0,1
12,91,11,90,0,0,1
12,92,11,91,0,0,1
12,93,11,92,0,0,1
12,94,11,93,0,0,1
12,95,11,94,0,0,1
12,96,11,95,0,0,1
12,97,11,96,0,0,1
12,98,11,97,0,0,1
12,99,11,98,0,0,1
12,100,11,99,0,0,1
12,101,11,100,0,0,1
12,102,11,101,0,0,1
12,103,11,102,0,0,1
12,104,11,103,0,0,1
12,105,11,104,0,0,1
12,106,11,105,0,0,1
12,107,11,106,0,0,1
12,108,11,107,0,0,1
12,109,11,108,0,0,1
12,110,11,109,0,0,1
12,111,11,110,0,0,1
12,112,11,111,0,0,1
12,113,11,112,0,0,1
12,114,11,113,0,0,1
12,115,11,114,0,0,1
12,116,11,115,0,0,1
12,117,11,116,0,0,1
12,118,11,117,0,0,1
12,119,11,118,0,0,1
12,120,11,119,0,0,1
12,121,11,120,0,0,1
12,122,11,121,0,0,1
12,123,11,122,0,0,1
12,124,11,123,0,0,1
12,125,11,124,0,0,1
12,126,11,125,0,0,1
12,127,11,126,0,0,1
12,128,11,127,0,0,1
12,129,11,128,0,0,1
12,130,11,129,0,0,1
12,131,11,130,0,0,1
12,132,11,131,0,0,1
12,133,11,132,0,0,1
12,134,11,133,0,0,1
12,135,11,134,0,0,1
12,136,11,135,0,0,1
12,137,11,136,0,0,1
12,138,11,137,0,0,1
12,139,11,138,0,0,1
12,140,11,139,0,0,1
12,141,11,140,0,0,1
12,142,11,141,0,0,1
12,143,11,142,0,0,1
12,144,11,143,0,0,1
12,145,11,144,0,0,1
12,146,11,145,0,0,1
12,147,11,146,0,0,1
12,148,11,147,0,0,1
12,149,11,148,0,0,1
12,150,11,149,0,0,1
12,151,11,150,0,0,1
12,152,11,151,0,0,1
12,153,11,152,0,0,1
12,154,11,153,0,0,1
12,155,11,154,0,0,1
12,156,11,155,0,0,1
12,157,11,156,0,0,1
12,158,11,157,0,0,1
12,159,11,158,0,0,1
12,160,11,159,0,0,1
12,161,11,160,0,0,1
12,162,11,161,0,0,1
12,163,11,162,0,0,1
12,164,11,163,0,0,1
12,165,11,164,0,0,1
12,166,11,165,0,0,1
12,167,11,166,0,0,1
12,168,11,167,0,0,1
12,169,11,168,0,0,1
12,170,11,169,0,0,1
12,171,11,170,0,0,1
12,172,11,171,0,0,1
12,173,11,172,0,0,1
12,174,11,173,0,0,1
12,175,11,174,0,0,1
12,176,11,175,0,0,1
12,177,11,176,0,0,1
12,178,11,177,0,0,1
12,179,11,178,0,0,1
12,180,11,179,0,0,1
12,181,11,180,0,0,1
12,182,11,181,0,0,1
12,183,11,182,0,0,1
12,184,11,183,0,0,1
12,185,11,184,0,0,1
12,186,11,185,0,0,1
12,187,11,186,0,0,1
12,188,11,187,0,0,1
12,189,11,188,0,0,1
12,190,11,189,0,0,1
12,191,11,190,0,0,1
12,192,11,191,0,0,1
12,193,11,192,0,0,1
12,194,11,193,0,0,1
12,195,11,194,0,0,1
12,196,11,195,0,0,1
12,197,11,196,0,0,1
12,198,11,197,0,0,1
12,199,11,198,0,0,1
12,200,11,199,0,0,1
12,201,11,200,0,0,1
12,202,11,201,0,0,1
12,203,11,202,0,0,1
12,204,11,203,0,0,1
12,205,11,204,0,0,1
12,206,11,205,0,0,1
12,207,11,206,0,0,1
12,208,11,207,0,0,1
12,209,11,208,0,0,1
12,210,11,209,0,0,1
12,211,11,210,0,0,1
12,212,11,211,0,0,1
12,213,11,212,0,0,1
12,214,11,213,0,0,1
12,215,11,214,0,0,1
12,216,11,215,0,0,1
12,217,11,216,0,0,1
12,218,11,217,0,0,1
12,219,11,218,0,0,1
12,220,11,219,0,0,1
12,221,11,220,0,0,1
12,222,11,221,0,0,1
12,223,11,222,0,0,1
12,224,11,223,0,0,1
12,225,11,228,0,0,1
12,226,11,225,0,0,1
12,227,11,226,0,0,1
12,228,11,227,0,0,1
12,229,11,224,0,0,1
12,230,11,229,0,0,1
12,231,11,230,0,0,1
12,232,11,231,0,0,1
12,233,11,232,0,0,1
12,234,11,233,0,0,1
12,235,11,234,0,0,1
12,236,11,235,0,0,1
12,237,11,236,0,0,1
12,238,11,237,0,0,1
12,239,11,238,0,0,1
12,240,11,239,0,0,1
12,241,11,240,0,0,1
12,242,11,241,0,0,1
12,243,11,242,0,0,1
13,14,12,13,26,25,6
13,15,12,14,25,23,6
13,16,12,15,28,26,6
13,17,12,16,31,30,6
13,18,12,17,27,25,6
13,19,12,18,24,21,6
13,20,12,19,20,18,6
13,21,12,20,20,19,6
13,22,12,21,25,25,6
13,23,12,22,21,19,6
13,24,12,23,19,17,6
13,25,12,24,22,20,6
13,26,12,25,20,18,6
13,27,12,26,20,19,3
13,28,12,27,19,17,6
13,29,12,28,15,0,1
13,30,12,29,0,0,1
13,31,12,30,15,0,1
13,32,12,31,16,0,1
13,33,12,32,0,0,1
13,34,12,33,0,0,1
13,35,12,34,0,0,1
13,36,12,35,0,0,1
13,37,12,36,0,0,1
13,38,12,37,0,0,1
13,39,12,38,0,0,1
13,40,12,39,0,0,1
13,41,12,40,0,0,1
13,42,12,41,0,0,1
13,43,12,42,0,0,1
13,44,12,43,0,0,1
13,45,12,44,0,0,1
13,46,12,45,0,0,1
13,47,12,46,0,0,1
13,48,12,47,0,0,1
13,49,12,48,0,0,1
13,50,12,49,0,0,1
13,51,12,50,0,0,1
13,52,12,51,0,0,1
13,53,12,52,0,0,1
13,54,12,53,0,0,1
13,55,12,54,0,0,1
13,56,12,55,0,0,1
13,57,12,56,0,0,1
13,58,12,57,0,0,1
13,59,12,58,0,0,1
13,60,12,59,0,0,1
13,61,12,60,0,0,1
13,62,12,61,0,0,1
13,63,12,62,0,0,1
13,64,12,63,0,0,1
13,65,12,64,0,0,1
13,66,12,65,0,0,1
13,67,12,66,0,0,1
13,68,12,67,0,0,1
13,69,12,68,0,0,1
13,70,12,69,0,0,1
13,71,12,70,0,0,1
13,72,12,71,0,0,1
13,73,12,72,0,0,1
13,74,12,73,0,0,1
13,75,12,74,0,0,1
13,76,12,75,0,0,1
13,77,12,76,0,0,1
13,78,12,77,0,0,1
13,79,12,78,0,0,1
13,80,12,79,0,0,1
13,81,12,80,0,0,1
13,82,12,81,0,0,1
13,83,12,82,0,0,1
13,84,12,83,0,0,1
13,85,12,84,0,0,1
13,86,12,85,0,0,1
13,87,12,86,0,0,1
13,88,12,87,0,0,1
13,89,12,88,0,0,1
13,90,12,89,0,0,1
13,91,12,90,0,0,1
13,92,12,91,0,0,1
13,93,12,92,0,0,1
13,94,12,93,0,0,1
13,95,12,94,0,0,1
13,96,12,95,0,0,1
13,97,12,96,0,0,1
13,98,12,97,0,0,1
13,99,12,98,0,0,1
13,100,12,99,0,0,1
13,101,12,100,0,0,1
13,102,12,101,0,0,1
13,103,12,102,0,0,1
13,104,12,103,0,0,1
13,105,12,104,0,0,1
13,106,12,105,0,0,1
13,107,12,106,0,0,1
13,108,12,107,0,0,1
13,109,12,108,0,0,1
13,110,12,109,0,0,1
13,111,12,110,0,0,1
13,112,12,111,0,0,1
13,113,12,112,0,0,1
13,114,12,113,0,0,1
13,115,12,114,0,0,1
13,116,12,115,0,0,1
13,117,12,116,0,0,1
13,118,12,117,0,0,1
13,119,12,118,0,0,1
13,120,12,119,0,0,1
13,121,12,120,0,0,1
13,122,12,121,0,0,1
13,123,12,122,0,0,1
13,124,12,123,0,0,1
13,125,12,124,0,0,1
13,126,12,125,0,0,1
13,127,12,126,0,0,1
13,128,12,127,0,0,1
13,129,12,128,0,0,1
13,130,12,129,0,0,1
13,131,12,130,0,0,1
13,132,12,131,0,0,1
13,133,12,132,0,0,1
13,134,12,133,0,0,1
13,135,12,134,0,0,1
13,136,12,135,0,0,1
13,137,12,136,0,0,1
13,138,12,137,0,0,1
13,139,12,138,0,0,1
13,140,12,139,0,0,1
13,141,12,140,0,0,1
13,142,12,141,0,0,1
13,143,12,142,0,0,1
13,144,12,143,0,0,1
13,145,12,144,0,0,1
13,146,12,145,0,0,1
13,147,12,146,0,0,1
13,148,12,147,0,0,1
13,149,12,148,0,0,1
13,150,12,149,0,0,1
13,151,12,150,0,0,1
13,152,12,151,0,0,1
13,153,12,152,0,0,1
13,154,12,153,0,0,1
13,155,12,154,0,0,1
13,156,12,155,0,0,1
13,157,12,156,0,0,1
13,158,12,157,0,0,1
13,159,12,158,0,0,1
13,160,12,159,0,0,1
13,161,12,160,0,0,1
13,162,12,161,0,0,1
13,163,12,162,0,0,1
13,164,12,163,0,0,1
13,165,12,164,0,0,1
13,166,12,165,0,0,1
13,167,12,166,0,0,1
13,168,12,167,0,0,1
13,169,12,168,0,0,1
13,170,12,169,0,0,1
13,171,12,170,0,0,1
13,172,12,171,0,0,1
13,173,12,172,0,0,1
13,174,12,173,0,0,1
13,175,12,174,0,0,1
13,176,12,175,0,0,1
13,177,12,176,0,0,1
13,178,12,177,0,0,1
13,179,12,178,0,0,1
13,180,12,179,0,0,1
13,181,12,180,0,0,1
13,182,12,181,0,0,1
13,183,12,182,0,0,1
13,184,12,183,0,0,1
13,185,12,184,0,0,1
13,186,12,185,0,0,1
13,187,12,186,0,0,1
13,188,12,187,0,0,1
13,189,12,188,0,0,1
13,190,12,189,0,0,1
13,191,12,190,0,0,1
13,192,12,191,0,0,1
13,193,12,192,0,0,1
13,194,12,193,0,0,1
13,195,12,194,0,0,1
13,196,12,195,0,0,1
13,197,12,196,0,0,1
13,198,12,197,0,0,1
13,199,12,198,0,0,1
13,200,12,199,0,0,1
13,201,12,200,0,0,1
13,202,12,201,0,0,1
13,203,12,202,0,0,1
13,204,12,203,0,0,1
13,205,12,204,0,0,1
13,206,12,205,0,0,1
13,207,12,206,0,0,1
13,208,12,207,0,0,1
13,209,12,208,0,0,1
13,210,12,209,0,0,1
13,211,12,210,0,0,1
13,212,12,211,0,0,1
13,213,12,212,0,0,1
13,214,12,213,0,0,1
13,215,12,214,0,0,1
13,216,12,215,0,0,1
13,217,12,216,0,0,1
13,218,12,217,0,0,1
13,219,12,218,0,0,1
13,220,12,219,0,0,1
13,221,12,220,0,0,1
13,222,12,221,0,0,1
13,223,12,222,0,0,1
13,224,12,223,0,0,1
13,225,12,228,0,0,1
13,226,12,225,0,0,1
13,227,12,226,0,0,1
13,228,12,227,0,0,1
13,229,12,224,0,0,1
13,230,12,229,0,0,1
13,231,12,230,0,0,1
13,232,12,231,0,0,1
13,233,12,232,0,0,1
13,234,12,233,0,0,1
13,235,12,234,0,0,1
13,236,12,235,0,0,1
13,237,12,236,0,0,1
13,238,12,237,0,0,1
13,239,12,238,0,0,1
13,240,12,239,0,0,1
13,241,12,240,0,0,1
13,242,12,241,0,0,1
13,243,12,242,0,0,1
14,15,13,14,28,28,6
14,16,13,15,0,0,1
14,17,13,16,20,20,6
14,18,13,17,25,25,6
14,19,13,18,22,22,6
14,20,13,19,21,21,6
14,21,13,20,22,22,6
14,22,13,21,24,24,6
14,23,13,22,19,18,6
14,24,13,23,19,18,6
14,25,13,24,21,20,6
14,26,13,25,19,15,6
14,27,13,26,16,0,1
14,28,13,27,18,0,1
14,29,13,28,17,15,6
14,30,13,29,15,0,1
14,31,13,30,16,0,1
14,32,13,31,0,0,1
14,33,13,32,0,0,1
14,34,13,33,0,0,1
14,35,13,34,0,0,1
14,36,13,35,0,0,1
14,37,13,36,0,0,1
14,38,13,37,0,0,1
14,39,13,38,0,0,1
14,40,13,39,0,0,1
14,41,13,40,0,0,1
14,42,13,41,0,0,1
14,43,13,42,0,0,1
14,44,13,43,0,0,1
14,45,13,44,0,0,1
14,46,13,45,0,0,1
14,47,13,46,0,0,1
14,48,13,47,0,0,1
14,49,13,48,0,0,1
14,50,13,49,0,0,1
14,51,13,50,0,0,1
14,52,13,51,0,0,1
14,53,13,52,0,0,1
14,54,13,53,0,0,1
14,55,13,54,0,0,1
14,56,13,55,0,0,1
14,57,13,56,0,0,1
14,58,13,57,0,0,1
14,59,13,58,0,0,1
14,60,13,59,0,0,1
14,61,13,60,0,0,1
14,62,13,61,0,0,1
14,63,13,62,0,0,1
14,64,13,63,0,0,1
14,65,13,64,0,0,1
14,66,13,65,0,0,1
14,67,13,66,0,0,1
14,68,13,67,0,0,1
14,69,13,68,0,0,1
14,70,13,69,0,0,1
14,71,13,70,0,0,1
14,72,13,71,0,0,1
14,73,13,72,0,0,1
14,74,13,73,0,0,1
14,75,13,74,0,0,1
14,76,13,75,0,0,1
14,77,13,76,0,0,1
14,78,13,77,0,0,1
14,79,13,78,0,0,1
14,80,13,79,0,0,1
14,81,13,80,0,0,1
14,82,13,81,0,0,1
14,83,13,82,0,0,1
14,84,13,83,0,0,1
14,85,13,84,0,0,1
14,86,13,85,0,0,1
14,87,13,86,0,0,1
14,88,13,87,0,0,1
14,89,13,88,0,0,1
14,90,13,89,0,0,1
14,91,13,90,0,0,1
14,92,13,91,0,0,1
14,93,13,92,0,0,1
14,94,13,93,0,0,1
14,95,13,94,0,0,1
14,96,13,95,0,0,1
14,97,13,96,0,0,1
14,98,13,97,0,0,1
14,99,13,98,0,0,1
14,100,13,99,0,0,1
14,101,13,100,0,0,1
14,102,13,101,0,0,1
14,103,13,102,0,0,1
14,104,13,103,0,0,1
14,105,13,104,0,0,1
14,106,13,105,0,0,1
14,107,13,106,0,0,1
14,108,13,107,0,0,1
14,109,13,108,0,0,1
14,110,13,109,0,0,1
14,111,13,110,0,0,1
14,112,13,111,0,0,1
14,113,13,112,0,0,1
14,114,13,113,0,0,1
14,115,13,114,0,0,1
14,116,13,115,0,0,1
14,117,13,116,0,0,1
14,118,13,117,0,0,1
14,119,13,118,0,0,1
14,120,13,119,0,0,1
14,121,13,120,0,0,1
14,122,13,121,0,0,1
14,123,13,122,0,0,1
14,124,13,123,0,0,1
14,125,13,124,0,0,1
14,126,13,125,0,0,1
14,127,13,126,0,0,1
14,128,13,127,0,0,1
14,129,13,128,0,0,1
14,130,13,129,0,0,1
14,131,13,130,0,0,1
14,132,13,131,0,0,1
14,133,13,132,0,0,1
14,134,13,133,0,0,1
14,135,13,134,0,0,1
14,136,13,135,0,0,1
14,137,13,136,0,0,1
14,138,13,137,0,0,1
14,139,13,138,0,0,1
14,140,13,139,0,0,1
14,141,13,140,0,0,1
14,142,13,141,0,0,1
14,143,13,142,0,0,1
14,144,13,143,0,0,1
14,145,13,144,0,0,1
14,146,13,145,0,0,1
14,147,13,146,0,0,1
14,148,13,147,0,0,1
14,149,13,148,0,0,1
14,150,13,149,0,0,1
14,151,13,150,0,0,1
14,152,13,151,0,0,1
14,153,13,152,0,0,1
14,154,13,153,0,0,1
14,155,13,154,0,0,1
14,156,13,155,0,0,1
14,157,13,156,0,0,1
14,158,13,157,0,0,1
14,159,13,158,0,0,1
14,160,13,159,0,0,1
14,161,13,160,0,0,1
14,162,13,161,0,0,1
14,163,13,162,0,0,1
14,164,13,163,0,0,1
14,165,13,164,0,0,1
14,166,13,165,0,0,1
14,167,13,166,0,0,1
14,168,13,167,0,0,1
14,169,13,168,0,0,1
14,170,13,169,0,0,1
14,171,13,170,0,0,1
14,172,13,171,0,0,1
14,173,13,172,0,0,1
14,174,13,173,0,0,1
14,175,13,174,0,0,1
14,176,13,175,0,0,1
14,177,13,176,0,0,1
14,178,13,177,0,0,1
14,179,13,178,0,0,1
14,180,13,179,0,0,1
14,181,13,180,0,0,1
14,182,13,181,0,0,1
14,183,13,182,0,0,1
14,184,13,183,0,0,1
14,185,13,184,0,0,1
14,186,13,185,0,0,1
14,187,13,186,0,0,1
14,188,13,187,0,0,1
14,189,13,188,0,0,1
14,190,13,189,0,0,1
14,191,13,190,0,0,1
14,192,13,191,0,0,1
14,193,13,192,0,0,1
14,194,13,193,0,0,1
14,195,13,194,0,0,1
14,196,13,195,0,0,1
14,197,13,196,0,0,1
14,198,13,197,0,0,1
14,199,13,198,0,0,1
14,200,13,199,0,0,1
14,201,13,200,0,0,1
14,202,13,201,0,0,1
14,203,13,202,0,0,1
14,204,13,203,0,0,1
14,205,13,204,0,0,1
14,206,13,205,0,0,1
14,207,13,206,0,0,1
14,208,13,207,0,0,1
14,209,13,208,0,0,1
14,210,13,209,0,0,1
14,211,13,210,0,0,1
14,212,13,211,0,0,1
14,213,13,212,0,0,1
14,214,13,213,0,0,1
14,215,13,214,0,0,1
14,216,13,215,0,0,1
14,217,13,216,0,0,1
14,218,13,217,0,0,1
14,219,13,218,0,0,1
14,220,13,219,0,0,1
14,221,13,220,0,0,1
14,222,13,221,0,0,1
14,223,13,222,0,0,1
14,224,13,223,0,0,1
14,225,13,228,0,0,1
14,226,13,225,0,0,1
14,227,13,226,0,0,1
14,228,13,227,0,0,1
14,229,13,224,0,0,1
14,230,13,229,0,0,1
14,231,13,230,0,0,1
14,232,13,231,0,0,1
14,233,13,232,0,0,1
14,234,13,233,0,0,1
14,235,13,234,0,0,1
14,236,13,235,0,0,1
14,237,13,236,0,0,1
14,238,13,237,0,0,1
14,239,13,238,0,0,1
14,240,13,239,0,0,1
14,241,13,240,0,0,1
14,242,13,241,0,0,1
14,243,13,242,0,0,1
15,16,14,15,30,28,6
15,17,14,16,35,32,6
15,18,14,17,21,21,6
15,19,14,18,22,21,6
15,20,14,19,24,22,6
15,21,14,20,22,20,6
15,22,14,21,22,21,6
15,23,14,22,16,0,1
15,24,14,23,23,20,6
15,25,14,24,21,19,6
15,26,14,25,21,18,6
15,27,14,26,17,0,1
15,28,14,27,15,0,1
15,29,14,28,15,15,6
15,30,14,29,0,0,1
15,31,14,30,16,0,1
15,32,14,31,17,0,1
15,33,14,32,20,16,6
15,34,14,33,0,0,1
15,35,14,34,0,0,1
15,36,14,35,0,0,1
15,37,14,36,0,0,1
15,38,14,37,0,0,1
15,39,14,38,0,0,1
15,40,14,39,0,0,1
15,41,14,40,0,0,1
15,42,14,41,0,0,1
15,43,14,42,0,0,1
15,44,14,43,0,0,1
15,45,14,44,0,0,1
15,46,14,45,0,0,1
15,47,14,46,0,0,1
15,48,14,47,0,0,1
15,49,14,48,0,0,1
15,50,14,49,0,0,1
15,51,14,50,0,0,1
15,52,14,51,0,0,1
15,53,14,52,0,0,1
15,54,14,53,0,0,1
15,55,14,54,0,0,1
15,56,14,55,0,0,1
15,57,14,56,0,0,1
15,58,14,57,0,0,1
15,59,14,58,0,0,1
15,60,14,59,0,0,1
15,61,14,60,0,0,1
15,62,14,61,0,0,1
15,63,14,62,0,0,1
15,64,14,63,0,0,1
15,65,14,64,0,0,1
15,66,14,65,0,0,1
15,67,14,66,0,0,1
15,68,14,67,0,0,1
15,69,14,68,0,0,1
15,70,14,69,0,0,1
15,71,14,70,0,0,1
15,72,14,71,0,0,1
15,73,14,72,0,0,1
15,74,14,73,0,0,1
15,75,14,74,0,0,1
15,76,14,75,0,0,1
15,77,14,76,0,0,1
15,78,14,77,0,0,1
15,79,14,78,0,0,1
15,80,14,79,0,0,1
15,81,14,80,0,0,1
15,82,14,81,0,0,1
15,83,14,82,0,0,1
15,84,14,83,0,0,1
15,85,14,84,0,0,1
15,86,14,85,0,0,1
15,87,14,86,0,0,1
15,88,14,87,0,0,1
15,89,14,88,0,0,1
15,90,14,89,0,0,1
15,91,14,90,0,0,1
15,92,14,91,0,0,1
15,93,14,92,0,0,1
15,94,14,93,0,0,1
15,95,14,94,0,0,1
15,96,14,95,0,0,1
15,97,14,96,0,0,1
15,98,14,97,0,0,1
15,99,14,98,0,0,1
15,100,14,99,0,0,1
15,101,14,100,0,0,1
15,102,14,101,0,0,1
15,103,14,102,0,0,1
15,104,14,103,0,0,1
15,105,14,104,0,0,1
15,106,14,105,0,0,1
15,107,14,106,0,0,1
15,108,14,107,0,0,1
15,109,14,108,0,0,1
15,110,14,109,0,0,1
15,111,14,110,0,0,1
15,112,14,111,0,0,1
15,113,14,112,0,0,1
15,114,14,113,0,0,1
15,115,14,114,0,0,1
15,116,14,115,0,0,1
15,117,14,116,0,0,1
15,118,14,117,0,0,1
15,119,14,118,0,0,1
15,120,14,119,0,0,1
15,121,14,120,0,0,1
15,122,14,121,0,0,1
15,123,14,122,0,0,1
15,124,14,123,0,0,1
15,125,14,124,0,0,1
15,126,14,125,0,0,1
15,127,14,126,0,0,1
15,128,14,127,0,0,1
15,129,14,128,0,0,1
15,130,14,129,0,0,1
15,131,14,130,0,0,1
15,132,14,131,0,0,1
15,133,14,132,0,0,1
15,134,14,133,0,0,1
15,135,14,134,0,0,1
15,136,14,135,0,0,1
15,137,14,136,0,0,1
15,138,14,137,0,0,1
15,139,14,138,0,0,1
15,140,14,139,0,0,1
15,141,14,140,0,0,1
15,142,14,141,0,0,1
15,143,14,142,0,0,1
15,144,14,143,0,0,1
15,145,14,144,0,0,1
15,146,14,145,0,0,1
15,147,14,146,0,0,1
15,148,14,147,0,0,1
15,149,14,148,0,0,1
15,150,14,149,0,0,1
15,151,14,150,0,0,1
15,152,14,151,0,0,1
15,153,14,152,0,0,1
15,154,14,153,0,0,1
15,155,14,154,0,0,1
15,156,14,155,0,0,1
15,157,14,156,0,0,1
15,158,14,157,0,0,1
15,159,14,158,0,0,1
15,160,14,159,0,0,1
15,161,14,160,0,0,1
15,162,14,161,0,0,1
15,163,14,162,0,0,1
15,164,14,163,0,0,1
15,165,14,164,0,0,1
15,166,14,165,0,0,1
15,167,14,166,0,0,1
15,168,14,167,0,0,1
15,169,14,168,0,0,1
15,170,14,169,0,0,1
15,171,14,170,0,0,1
15,172,14,171,0,0,1
15,173,14,172,0,0,1
15,174,14,173,0,0,1
15,175,14,174,0,0,1
15,176,14,175,0,0,1
15,177,14,176,0,0,1
15,178,14,177,0,0,1
15,179,14,178,0,0,1
15,180,14,179,0,0,1
15,181,14,180,0,0,1
15,182,14,181,0,0,1
15,183,14,182,0,0,1
15,184,14,183,0,0,1
15,185,14,184,0,0,1
15,186,14,185,0,0,1
15,187,14,186,0,0,1
15,188,14,187,0,0,1
15,189,14,188,0,0,1
15,190,14,189,0,0,1
15,191,14,190,0,0,1
15,192,14,191,0,0,1
15,193,14,192,0,0,1
15,194,14,193,0,0,1
15,195,14,194,0,0,1
15,196,14,195,0,0,1
15,197,14,196,0,0,1
15,198,14,197,0,0,1
15,199,14,198,0,0,1
15,200,14,199,0,0,1
15,201,14,200,0,0,1
15,202,14,201,0,0,1
15,203,14,202,0,0,1
15,204,14,203,0,0,1
15,205,14,204,0,0,1
15,206,14,205,0,0,1
15,207,14,206,0,0,1
15,208,14,207,0,0,1
15,209,14,208,0,0,1
15,210,14,209,0,0,1
15,211,14,210,0,0,1
15,212,14,211,0,0,1
15,213,14,212,0,0,1
15,214,14,213,0,0,1
15,215,14,214,0,0,1
15,216,14,215,0,0,1
15,217,14,216,0,0,1
15,218,14,217,0,0,1
15,219,14,218,0,0,1
15,220,14,219,0,0,1
15,221,14,220,0,0,1
15,222,14,221,0,0,1
15,223,14,222,0,0,1
15,224,14,223,0,0,1
15,225,14,228,0,0,1
15,226,14,225,0,0,1
15,227,14,226,0,0,1
15,228,14,227,0,0,1
15,229,14,224,0,0,1
15,230,14,229,0,0,1
15,231,14,230,0,0,1
15,232,14,231,0,0,1
15,233,14,232,0,0,1
15,234,14,233,0,0,1
15,235,14,234,0,0,1
15,236,14,235,0,0,1
15,237,14,236,0,0,1
15,238,14,237,0,0,1
15,239,14,238,0,0,1
15,240,14,239,0,0,1
15,241,14,240,0,0,1
15,242,14,241,0,0,1
15,243,14,242,0,0,1
16,17,15,16,34,32,6
16,18,15,17,29,29,6
16,19,15,18,28,25,6
16,20,15,19,27,27,6
16,21,15,20,25,25,6
16,22,15,21,26,24,6
16,23,15,22,22,22,6
16,24,15,23,24,20,6
16,25,15,24,23,22,6
16,26,15,25,25,24,3
16,27,15,26,25,22,6
16,28,15,27,21,20,3
16,29,15,28,19,17,6
16,30,15,29,0,0,1
16,31,15,30,20,17,6
16,32,15,31,19,16,6
16,33,15,32,20,15,6
16,34,15,33,0,0,1
16,35,15,34,0,0,1
16,36,15,35,0,0,1
16,37,15,36,0,0,1
16,38,15,37,0,0,1
16,39,15,38,0,0,1
16,40,15,39,0,0,1
16,41,15,40,0,0,1
16,42,15,41,0,0,1
16,43,15,42,0,0,1
16,44,15,43,0,0,1
16,45,15,44,0,0,1
16,46,15,45,0,0,1
16,47,15,46,0,0,1
16,48,15,47,0,0,1
16,49,15,48,0,0,1
16,50,15,49,0,0,1
16,51,15,50,0,0,1
16,52,15,51,0,0,1
16,53,15,52,0,0,1
16,54,15,53,0,0,1
16,55,15,54,0,0,1
16,56,15,55,0,0,1
16,57,15,56,0,0,1
16,58,15,57,0,0,1
16,59,15,58,0,0,1
16,60,15,59,0,0,1
16,61,15,60,0,0,1
16,62,15,61,0,0,1
16,63,15,62,0,0,1
16,64,15,63,0,0,1
16,65,15,64,0,0,1
16,66,15,65,0,0,1
16,67,15,66,0,0,1
16,68,15,67,0,0,1
16,69,15,68,0,0,1
16,70,15,69,0,0,1
16,71,15,70,0,0,1
16,72,15,71,0,0,1
16,73,15,72,0,0,1
16,74,15,73,0,0,1
16,75,15,74,0,0,1
16,76,15,75,0,0,1
16,77,15,76,0,0,1
16,78,15,77,0,0,1
16,79,15,78,0,0,1
16,80,15,79,0,0,1
16,81,15,80,0,0,1
16,82,15,81,0,0,1
16,83,15,82,0,0,1
16,84,15,83,0,0,1
16,85,15,84,0,0,1
16,86,15,85,0,0,1
16,87,15,86,0,0,1
16,88,15,87,0,0,1
16,89,15,88,0,0,1
16,90,15,89,0,0,1
16,91,15,90,0,0,1
16,92,15,91,0,0,1
16,93,15,92,0,0,1
16,94,15,93,0,0,1
16,95,15,94,0,0,1
16,96,15,95,0,0,1
16,97,15,96,0,0,1
16,98,15,97,0,0,1
16,99,15,98,0,0,1
16,100,15,99,0,0,1
16,101,15,100,0,0,1
16,102,15,101,0,0,1
16,103,15,102,0,0,1
16,104,15,103,0,0,1
16,105,15,104,0,0,1
16,106,15,105,0,0,1
16,107,15,106,0,0,1
16,108,15,107,0,0,1
16,109,15,108,0,0,1
16,110,15,109,0,0,1
16,111,15,110,0,0,1
16,112,15,111,0,0,1
16,113,15,112,0,0,1
16,114,15,113,0,0,1
16,115,15,114,0,0,1
16,116,15,115,0,0,1
16,117,15,116,0,0,1
16,118,15,117,0,0,1
16,119,15,118,0,0,1
16,120,15,119,0,0,1
16,121,15,120,0,0,1
16,122,15,121,0,0,1
16,123,15,122,0,0,1
16,124,15,123,0,0,1
16,125,15,124,0,0,1
16,126,15,125,0,0,1
16,127,15,126,0,0,1
16,128,15,127,0,0,1
16,129,15,128,0,0,1
16,130,15,129,0,0,1
16,131,15,130,0,0,1
16,132,15,131,0,0,1
16,133,15,132,0,0,1
16,134,15,133,0,0,1
16,135,15,134,0,0,1
16,136,15,135,0,0,1
16,137,15,136,0,0,1
16,138,15,137,0,0,1
16,139,15,138,0,0,1
16,140,15,139,0,0,1
16,141,15,140,0,0,1
16,142,15,141,0,0,1
16,143,15,142,0,0,1
16,144,15,143,0,0,1
16,145,15,144,0,0,1
16,146,15,145,0,0,1
16,147,15,146,0,0,1
16,148,15,147,0,0,1
16,149,15,148,0,0,1
16,150,15,149,0,0,1
16,151,15,150,0,0,1
16,152,15,151,0,0,1
16,153,15,152,0,0,1
16,154,15,153,0,0,1
16,155,15,154,0,0,1
16,156,15,155,0,0,1
16,157,15,156,0,0,1
16,158,15,157,0,0,1
16,159,15,158,0,0,1
16,160,15,159,0,0,1
16,161,15,160,0,0,1
16,162,15,161,0,0,1
16,163,15,162,0,0,1
16,164,15,163,0,0,1
16,165,15,164,0,0,1
16,166,15,165,0,0,1
16,167,15,166,0,0,1
16,168,15,167,0,0,1
16,169,15,168,0,0,1
16,170,15,169,0,0,1
16,171,15,170,0,0,1
16,172,15,171,0,0,1
16,173,15,172,0,0,1
16,174,15,173,0,0,1
16,175,15,174,0,0,1
16,176,15,175,0,0,1
16,177,15,176,0,0,1
16,178,15,177,0,0,1
16,179,15,178,0,0,1
16,180,15,179,0,0,1
16,181,15,180,0,0,1
16,182,15,181,0,0,1
16,183,15,182,0,0,1
16,184,15,183,0,0,1
16,185,15,184,0,0,1
16,186,15,185,0,0,1
16,187,15,186,0,0,1
16,188,15,187,0,0,1
16,189,15,188,0,0,1
16,190,15,189,0,0,1
16,191,15,190,0,0,1
16,192,15,191,0,0,1
16,193,15,192,0,0,1
16,194,15,193,0,0,1
16,195,15,194,0,0,1
16,196,15,195,0,0,1
16,197,15,196,0,0,1
16,198,15,197,0,0,1
16,199,15,198,0,0,1
16,200,15,199,0,0,1
16,201,15,200,0,0,1
16,202,15,201,0,0,1
16,203,15,202,0,0,1
16,204,15,203,0,0,1
16,205,15,204,0,0,1
16,206,15,205,0,0,1
16,207,15,206,0,0,1
16,208,15,207,0,0,1
16,209,15,208,0,0,1
16,210,15,209,0,0,1
16,211,15,210,0,0,1
16,212,15,211,0,0,1
16,213,15,212,0,0,1
16,214,15,213,0,0,1
16,215,15,214,0,0,1
16,216,15,215,0,0,1
16,217,15,216,0,0,1
16,218,15,217,0,0,1
16,219,15,218,0,0,1
16,220,15,219,0,0,1
16,221,15,220,0,0,1
16,222,15,221,0,0,1
16,223,15,222,0,0,1
16,224,15,223,0,0,1
16,225,15,228,0,0,1
16,226,15,225,0,0,1
16,227,15,226,0,0,1
16,228,15,227,0,0,1
16,229,15,224,0,0,1
16,230,15,229,0,0,1
16,231,15,230,0,0,1
16,232,15,231,0,0,1
16,233,15,232,0,0,1
16,234,15,233,0,0,1
16,235,15,234,0,0,1
16,236,15,235,0,0,1
16,237,15,236,0,0,1
16,238,15,237,0,0,1
16,239,15,238,0,0,1
16,240,15,239,0,0,1
16,241,15,240,0,0,1
16,242,15,241,0,0,1
16,243,15,242,0,0,1
17,18,16,17,30,29,6
17,19,16,18,30,30,6
17,20,16,19,27,26,6
17,21,16,20,25,23,6
17,22,16,21,27,26,6
17,23,16,22,21,19,6
17,24,16,23,24,22,6
17,25,16,24,23,21,6
17,26,16,25,24,23,3
17,27,16,26,21,18,6
17,28,16,27,16,0,1
17,29,16,28,15,0,1
17,30,16,29,17,15,6
17,31,16,30,19,16,6
17,32,16,31,19,15,6
17,33,16,32,17,0,1
17,34,16,33,0,0,1
17,35,16,34,0,0,1
17,36,16,35,0,0,1
17,37,16,36,0,0,1
17,38,16,37,0,0,1
17,39,16,38,0,0,1
17,40,16,39,0,0,1
17,41,16,40,0,0,1
17,42,16,41,0,0,1
17,43,16,42,0,0,1
17,44,16,43,0,0,1
17,45,16,44,0,0,1
17,46,16,45,0,0,1
17,47,16,46,0,0,1
17,48,16,47,0,0,1
17,49,16,48,0,0,1
17,50,16,49,0,0,1
17,51,16,50,0,0,1
17,52,16,51,0,0,1
17,53,16,52,0,0,1
17,54,16,53,0,0,1
17,55,16,54,0,0,1
17,56,16,55,0,0,1
17,57,16,56,0,0,1
17,58,16,57,0,0,1
17,59,16,58,0,0,1
17,60,16,59,0,0,1
17,61,16,60,0,0,1
17,62,16,61,0,0,1
17,63,16,62,0,0,1
17,64,16,63,0,0,1
17,65,16,64,0,0,1
17,66,16,65,0,0,1
17,67,16,66,0,0,1
17,68,16,67,0,0,1
17,69,16,68,0,0,1
17,70,16,69,0,0,1
17,71,16,70,0,0,1
17,72,16,71,0,0,1
17,73,16,72,0,0,1
17,74,16,73,0,0,1
17,75,16,74,0,0,1
17,76,16,75,0,0,1
17,77,16,76,0,0,1
17,78,16,77,0,0,1
17,79,16,78,0,0,1
17,80,16,79,0,0,1
17,81,16,80,0,0,1
17,82,16,81,0,0,1
17,83,16,82,0,0,1
17,84,16,83,0,0,1
17,85,16,84,0,0,1
17,86,16,85,0,0,1
17,87,16,86,0,0,1
17,88,16,87,0,0,1
17,89,16,88,0,0,1
17,90,16,89,0,0,1
17,91,16,90,0,0,1
17,92,16,91,0,0,1
17,93,16,92,0,0,1
17,94,16,93,0,0,1
17,95,16,94,0,0,1
17,96,16,95,0,0,1
17,97,16,96,0,0,1
17,98,16,97,0,0,1
17,99,16,98,0,0,1
17,100,16,99,0,0,1
17,101,16,100,0,0,1
17,102,16,101,0,0,1
17,103,16,102,0,0,1
17,104,16,103,0,0,1
17,105,16,104,0,0,1
17,106,16,105,0,0,1
17,107,16,106,0,0,1
17,108,16,107,0,0,1
17,109,16,108,0,0,1
17,110,16,109,0,0,1
17,111,16,110,0,0,1
17,112,16,111,0,0,1
17,113,16,112,0,0,1
17,114,16,113,0,0,1
17,115,16,114,0,0,1
17,116,16,115,0,0,1
17,117,16,116,0,0,1
17,118,16,117,0,0,1
17,119,16,118,0,0,1
17,120,16,119,0,0,1
17,121,16,120,0,0,1
17,122,16,121,0,0,1
17,123,16,122,0,0,1
17,124,16,123,0,0,1
17,125,16,124,0,0,1
17,126,16,125,0,0,1
17,127,16,126,0,0,1
17,128,16,127,0,0,1
17,129,16,128,0,0,1
17,130,16,129,0,0,1
17,131,16,130,0,0,1
17,132,16,131,0,0,1
17,133,16,132,0,0,1
17,134,16,133,0,0,1
17,135,16,134,0,0,1
17,136,16,135,0,0,1
17,137,16,136,0,0,1
17,138,16,137,0,0,1
17,139,16,138,0,0,1
17,140,16,139,0,0,1
17,141,16,140,0,0,1
17,142,16,141,0,0,1
17,143,16,142,0,0,1
17,144,16,143,0,0,1
17,145,16,144,0,0,1
17,146,16,145,0,0,1
17,147,16,146,0,0,1
17,148,16,147,0,0,1
17,149,16,148,0,0,1
17,150,16,149,0,0,1
17,151,16,150,0,0,1
17,152,16,151,0,0,1
17,153,16,152,0,0,1
17,154,16,153,0,0,1
17,155,16,154,0,0,1
17,156,16,155,0,0,1
17,157,16,156,0,0,1
17,158,16,157,0,0,1
17,159,16,158,0,0,1
17,160,16,159,0,0,1
17,161,16,160,0,0,1
17,162,16,161,0,0,1
17,163,16,162,0,0,1
17,164,16,163,0,0,1
17,165,16,164,0,0,1
17,166,16,165,0,0,1
17,167,16,166,0,0,1
17,168,16,167,0,0,1
17,169,16,168,0,0,1
17,170,16,169,0,0,1
17,171,16,170,0,0,1
17,172,16,171,0,0,1
17,173,16,172,0,0,1
17,174,16,173,0,0,1
17,175,16,174,0,0,1
17,176,16,175,0,0,1
17,177,16,176,0,0,1
17,178,16,177,0,0,1
17,179,16,178,0,0,1
17,180,16,179,0,0,1
17,181,16,180,0,0,1
17,182,16,181,0,0,1
17,183,16,182,0,0,1
17,184,16,183,0,0,1
17,185,16,184,0,0,1
17,186,16,185,0,0,1
17,187,16,186,0,0,1
17,188,16,187,0,0,1
17,189,16,188,0,0,1
17,190,16,189,0,0,1
17,191,16,190,0,0,1
17,192,16,191,0,0,1
17,193,16,192,0,0,1
17,194,16,193,0,0,1
17,195,16,194,0,0,1
17,196,16,195,0,0,1
17,197,16,196,0,0,1
17,198,16,197,0,0,1
17,199,16,198,0,0,1
17,200,16,199,0,0,1
17,201,16,200,0,0,1
17,202,16,201,0,0,1
17,203,16,202,0,0,1
17,204,16,203,0,0,1
17,205,16,204,0,0,1
17,206,16,205,0,0,1
17,207,16,206,0,0,1
17,208,16,207,0,0,1
17,209,16,208,0,0,1
17,210,16,209,0,0,1
17,211,16,210,0,0,1
17,212,16,211,0,0,1
17,213,16,212,0,0,1
17,214,16,213,0,0,1
17,215,16,214,0,0,1
17,216,16,215,0,0,1
17,217,16,216,0,0,1
17,218,16,217,0,0,1
17,219,16,218,0,0,1
17,220,16,219,0,0,1
17,221,16,220,0,0,1
17,222,16,221,0,0,1
17,223,16,222,0,0,1
17,224,16,223,0,0,1
17,225,16,228,0,0,1
17,226,16,225,0,0,1
17,227,16,226,0,0,1
17,228,16,227,0,0,1
17,229,16,224,0,0,1
17,230,16,229,0,0,1
17,231,16,230,0,0,1
17,232,16,231,0,0,1
17,233,16,232,0,0,1
17,234,16,233,0,0,1
17,235,16,234,0,0,1
17,236,16,235,0,0,1
17,237,16,236,0,0,1
17,238,16,237,0,0,1
17,239,16,238,0,0,1
17,240,16,239,0,0,1
17,241,16,240,0,0,1
17,242,16,241,0,0,1
17,243,16,242,0,0,1
18,19,17,18,28,27,6
18,20,17,19,26,26,6
18,21,17,20,25,25,6
18,22,17,21,25,23,6
18,23,17,22,20,20,6
18,24,17,23,21,20,6
18,25,17,24,21,20,6
18,26,17,25,20,18,6
18,27,17,26,19,17,6
18,28,17,27,19,18,6
18,29,17,28,0,0,1
18,30,17,29,0,0,1
18,31,17,30,18,17,6
18,32,17,31,0,0,1
18,33,17,32,0,0,1
18,34,17,33,0,0,1
18,35,17,34,0,0,1
18,36,17,35,0,0,1
18,37,17,36,0,0,1
18,38,17,37,0,0,1
18,39,17,38,0,0,1
18,40,17,39,0,0,1
18,41,17,40,0,0,1
18,42,17,41,0,0,1
18,43,17,42,0,0,1
18,44,17,43,0,0,1
18,45,17,44,0,0,1
18,46,17,45,0,0,1
18,47,17,46,0,0,1
18,48,17,47,0,0,1
18,49,17,48,0,0,1
18,50,17,49,0,0,1
18,51,17,50,0,0,1
18,52,17,51,0,0,1
18,53,17,52,0,0,1
18,54,17,53,0,0,1
18,55,17,54,0,0,1
18,56,17,55,0,0,1
18,57,17,56,0,0,1
18,58,17,57,0,0,1
18,59,17,58,0,0,1
18,60,17,59,0,0,1
18,61,17,60,0,0,1
18,62,17,61,0,0,1
18,63,17,62,0,0,1
18,64,17,63,0,0,1
18,65,17,64,0,0,1
18,66,17,65,0,0,1
18,67,17,66,0,0,1
18,68,17,67,0,0,1
18,69,17,68,0,0,1
18,70,17,69,0,0,1
18,71,17,70,0,0,1
18,72,17,71,0,0,1
18,73,17,72,0,0,1
18,74,17,73,0,0,1
18,75,17,74,0,0,1
18,76,17,75,0,0,1
18,77,17,76,0,0,1
18,78,17,77,0,0,1
18,79,17,78,0,0,1
18,80,17,79,0,0,1
18,81,17,80,0,0,1
18,82,17,81,0,0,1
18,83,17,82,0,0,1
18,84,17,83,0,0,1
18,85,17,84,0,0,1
18,86,17,85,0,0,1
18,87,17,86,0,0,1
18,88,17,87,0,0,1
18,89,17,88,0,0,1
18,90,17,89,0,0,1
18,91,17,90,0,0,1
18,92,17,91,0,0,1
18,93,17,92,0,0,1
18,94,17,93,0,0,1
18,95,17,94,0,0,1
18,96,17,95,0,0,1
18,97,17,96,0,0,1
18,98,17,97,0,0,1
18,99,17,98,0,0,1
18,100,17,99,0,0,1
18,101,17,100,0,0,1
18,102,17,101,0,0,1
18,103,17,102,0,0,1
18,104,17,103,0,0,1
18,105,17,104,0,0,1
18,106,17,105,0,0,1
18,107,17,106,0,0,1
18,108,17,107,0,0,1
18,109,17,108,0,0,1
18,110,17,109,0,0,1
18,111,17,110,0,0,1
18,112,17,111,0,0,1
18,113,17,112,0,0,1
18,114,17,113,0,0,1
18,115,17,114,0,0,1
18,116,17,115,0,0,1
18,117,17,116,0,0,1
18,118,17,117,0,0,1
18,119,17,118,0,0,1
18,120,17,119,0,0,1
18,121,17,120,0,0,1
18,122,17,121,0,0,1
18,123,17,122,0,0,1
18,124,17,123,0,0,1
18,125,17,124,0,0,1
18,126,17,125,0,0,1
18,127,17,126,0,0,1
18,128,17,127,0,0,1
18,129,17,128,0,0,1
18,130,17,129,0,0,1
18,131,17,130,0,0,1
18,132,17,131,0,0,1
18,133,17,132,0,0,1
18,134,17,133,0,0,1
18,135,17,134,0,0,1
18,136,17,135,0,0,1
18,137,17,136,0,0,1
18,138,17,137,0,0,1
18,139,17,138,0,0,1
18,140,17,139,0,0,1
18,141,17,140,0,0,1
18,142,17,141,0,0,1
18,143,17,142,0,0,1
18,144,17,143,0,0,1
18,145,17,144,0,0,1
18,146,17,145,0,0,1
18,147,17,146,0,0,1
18,148,17,147,0,0,1
18,149,17,148,0,0,1
18,150,17,149,0,0,1
18,151,17,150,0,0,1
18,152,17,151,0,0,1
18,153,17,152,0,0,1
18,154,17,153,0,0,1
18,155,17,154,0,0,1
18,156,17,155,0,0,1
18,157,17,156,0,0,1
18,158,17,157,0,0,1
18,159,17,158,0,0,1
18,160,17,159,0,0,1
18,161,17,160,0,0,1
18,162,17,161,0,0,1
18,163,17,162,0,0,1
18,164,17,163,0,0,1
18,165,17,164,0,0,1
18,166,17,165,0,0,1
18,167,17,166,0,0,1
18,168,17,167,0,0,1
18,169,17,168,0,0,1
18,170,17,169,0,0,1
18,171,17,170,0,0,1
18,172,17,171,0,0,1
18,173,17,172,0,0,1
18,174,17,173,0,0,1
18,175,17,174,0,0,1
18,176,17,175,0,0,1
18,177,17,176,0,0,1
18,178,17,177,0,0,1
18,179,17,178,0,0,1
18,180,17,179,0,0,1
18,181,17,180,0,0,1
18,182,17,181,0,0,1
18,183,17,182,0,0,1
18,184,17,183,0,0,1
18,185,17,184,0,0,1
18,186,17,185,0,0,1
18,187,17,186,0,0,1
18,188,17,187,0,0,1
18,189,17,188,0,0,1
18,190,17,189,0,0,1
18,191,17,190,0,0,1
18,192,17,191,0,0,1
18,193,17,192,0,0,1
18,194,17,193,0,0,1
18,195,17,194,0,0,1
18,196,17,195,0,0,1
18,197,17,196,0,0,1
18,198,17,197,0,0,1
18,199,17,198,0,0,1
18,200,17,199,0,0,1
18,201,17,200,0,0,1
18,202,17,201,0,0,1
18,203,17,202,0,0,1
18,204,17,203,0,0,1
18,205,17,204,0,0,1
18,206,17,205,0,0,1
18,207,17,206,0,0,1
18,208,17,207,0,0,1
18,209,17,208,0,0,1
18,210,17,209,0,0,1
18,211,17,210,0,0,1
18,212,17,211,0,0,1
18,213,17,212,0,0,1
18,214,17,213,0,0,1
18,215,17,214,0,0,1
18,216,17,215,0,0,1
18,217,17,216,0,0,1
18,218,17,217,0,0,1
18,219,17,218,0,0,1
18,220,17,219,0,0,1
18,221,17,220,0,0,1
18,222,17,221,0,0,1
18,223,17,222,0,0,1
18,224,17,223,0,0,1
18,225,17,228,0,0,1
18,226,17,225,0,0,1
18,227,17,226,0,0,1
18,228,17,227,0,0,1
18,229,17,224,0,0,1
18,230,17,229,0,0,1
18,231,17,230,0,0,1
18,232,17,231,0,0,1
18,233,17,232,0,0,1
18,234,17,233,0,0,1
18,235,17,234,0,0,1
18,236,17,235,0,0,1
18,237,17,236,0,0,1
18,238,17,237,0,0,1
18,239,17,238,0,0,1
18,240,17,239,0,0,1
18,241,17,240,0,0,1
18,242,17,241,0,0,1
18,243,17,242,0,0,1
19,20,18,19,23,23,6
19,21,18,20,23,22,6
19,22,18,21,21,21,6
19,23,18,22,19,18,6
19,24,18,23,19,18,6
19,25,18,24,21,17,6
19,26,18,25,19,17,6
19,27,18,26,20,18,6
19,28,18,27,18,16,6
19,29,18,28,0,0,1
19,30,18,29,0,0,1
19,31,18,30,15,0,1
19,32,18,31,17,15,6
19,33,18,32,19,16,6
19,34,18,33,0,0,1
19,35,18,34,0,0,1
19,36,18,35,0,0,1
19,37,18,36,0,0,1
19,38,18,37,0,0,1
19,39,18,38,0,0,1
19,40,18,39,0,0,1
19,41,18,40,0,0,1
19,42,18,41,0,0,1
19,43,18,42,0,0,1
19,44,18,43,0,0,1
19,45,18,44,0,0,1
19,46,18,45,0,0,1
19,47,18,46,0,0,1
19,48,18,47,0,0,1
19,49,18,48,0,0,1
19,50,18,49,0,0,1
19,51,18,50,0,0,1
19,52,18,51,0,0,1
19,53,18,52,0,0,1
19,54,18,53,0,0,1
19,55,18,54,0,0,1
19,56,18,55,0,0,1
19,57,18,56,0,0,1
19,58,18,57,0,0,1
19,59,18,58,0,0,1
19,60,18,59,0,0,1
19,61,18,60,0,0,1
19,62,18,61,0,0,1
19,63,18,62,0,0,1
19,64,18,63,0,0,1
19,65,18,64,0,0,1
19,66,18,65,0,0,1
19,67,18,66,0,0,1
19,68,18,67,0,0,1
19,69,18,68,0,0,1
19,70,18,69,0,0,1
19,71,18,70,0,0,1
19,72,18,71,0,0,1
19,73,18,72,0,0,1
19,74,18,73,0,0,1
19,75,18,74,0,0,1
19,76,18,75,0,0,1
19,77,18,76,0,0,1
19,78,18,77,0,0,1
19,79,18,78,0,0,1
19,80,18,79,0,0,1
19,81,18,80,0,0,1
19,82,18,81,0,0,1
19,83,18,82,0,0,1
19,84,18,83,0,0,1
19,85,18,84,0,0,1
19,86,18,85,0,0,1
19,87,18,86,0,0,1
19,88,18,87,0,0,1
19,89,18,88,0,0,1
19,90,18,89,0,0,1
19,91,18,90,0,0,1
19,92,18,91,0,0,1
19,93,18,92,0,0,1
19,94,18,93,0,0,1
19,95,18,94,0,0,1
19,96,18,95,0,0,1
19,97,18,96,0,0,1
19,98,18,97,0,0,1
19,99,18,98,0,0,1
19,100,18,99,0,0,1
19,101,18,100,0,0,1
19,102,18,101,0,0,1
19,103,18,102,0,0,1
19,104,18,103,0,0,1
19,105,18,104,0,0,1
19,106,18,105,0,0,1
19,107,18,106,0,0,1
19,108,18,107,0,0,1
19,109,18,108,0,0,1
19,110,18,109,0,0,1
19,111,18,110,0,0,1
19,112,18,111,0,0,1
19,113,18,112,0,0,1
19,114,18,113,0,0,1
19,115,18,114,0,0,1
19,116,18,115,0,0,1
19,117,18,116,0,0,1
19,118,18,117,0,0,1
19,119,18,118,0,0,1
19,120,18,119,0,0,1
19,121,18,120,0,0,1
19,122,18,121,0,0,1
19,123,18,122,0,0,1
19,124,18,123,0,0,1
19,125,18,124,0,0,1
19,126,18,125,0,0,1
19,127,18,126,0,0,1
19,128,18,127,0,0,1
19,129,18,128,0,0,1
19,130,18,129,0,0,1
19,131,18,130,0,0,1
19,132,18,131,0,0,1
19,133,18,132,0,0,1
19,134,18,133,0,0,1
19,135,18,134,0,0,1
19,136,18,135,0,0,1
19,137,18,136,0,0,1
19,138,18,137,0,0,1
19,139,18,138,0,0,1
19,140,18,139,0,0,1
19,141,18,140,0,0,1
19,142,18,141,0,0,1
19,143,18,142,0,0,1
19,144,18,143,0,0,1
19,145,18,144,0,0,1
19,146,18,145,0,0,1
19,147,18,146,0,0,1
19,148,18,147,0,0,1
19,149,18,148,0,0,1
19,150,18,149,0,0,1
19,151,18,150,0,0,1
19,152,18,151,0,0,1
19,153,18,152,0,0,1
19,154,18,153,0,0,1
19,155,18,154,0,0,1
19,156,18,155,0,0,1
19,157,18,156,0,0,1
19,158,18,157,0,0,1
19,159,18,158,0,0,1
19,160,18,159,0,0,1
19,161,18,160,0,0,1
19,162,18,161,0,0,1
19,163,18,162,0,0,1
19,164,18,163,0,0,1
19,165,18,164,0,0,1
19,166,18,165,0,0,1
19,167,18,166,0,0,1
19,168,18,167,0,0,1
19,169,18,168,0,0,1
19,170,18,169,0,0,1
19,171,18,170,0,0,1
19,172,18,171,0,0,1
19,173,18,172,0,0,1
19,174,18,173,0,0,1
19,175,18,174,0,0,1
19,176,18,175,0,0,1
19,177,18,176,0,0,1
19,178,18,177,0,0,1
19,179,18,178,0,0,1
19,180,18,179,0,0,1
19,181,18,180,0,0,1
19,182,18,181,0,0,1
19,183,18,182,0,0,1
19,184,18,183,0,0,1
19,185,18,184,0,0,1
19,186,18,185,0,0,1
19,187,18,186,0,0,1
19,188,18,187,0,0,1
19,189,18,188,0,0,1
19,190,18,189,0,0,1
19,191,18,190,0,0,1
19,192,18,191,0,0,1
19,193,18,192,0,0,1
19,194,18,193,0,0,1
19,195,18,194,0,0,1
19,196,18,195,0,0,1
19,197,18,196,0,0,1
19,198,18,197,0,0,1
19,199,18,198,0,0,1
19,200,18,199,0,0,1
19,201,18,200,0,0,1
19,202,18,201,0,0,1
19,203,18,202,0,0,1
19,204,18,203,0,0,1
19,205,18,204,0,0,1
19,206,18,205,0,0,1
19,207,18,206,0,0,1
19,208,18,207,0,0,1
19,209,18,208,0,0,1
19,210,18,209,0,0,1
19,211,18,210,0,0,1
19,212,18,211,0,0,1
19,213,18,212,0,0,1
19,214,18,213,0,0,1
19,215,18,214,0,0,1
19,216,18,215,0,0,1
19,217,18,216,0,0,1
19,218,18,217,0,0,1
19,219,18,218,0,0,1
19,220,18,219,0,0,1
19,221,18,220,0,0,1
19,222,18,221,0,0,1
19,223,18,222,0,0,1
19,224,18,223,0,0,1
19,225,18,228,0,0,1
19,226,18,225,0,0,1
19,227,18,226,0,0,1
19,228,18,227,0,0,1
19,229,18,224,0,0,1
19,230,18,229,0,0,1
19,231,18,230,0,0,1
19,232,18,231,0,0,1
19,233,18,232,0,0,1
19,234,18,233,0,0,1
19,235,18,234,0,0,1
19,236,18,235,0,0,1
19,237,18,236,0,0,1
19,238,18,237,0,0,1
19,239,18,238,0,0,1
19,240,18,239,0,0,1
19,241,18,240,0,0,1
19,242,18,241,0,0,1
19,243,18,242,0,0,1
20,21,19,20,27,27,6
20,22,19,21,23,23,6
20,23,19,22,19,19,6
20,24,19,23,20,20,6
20,25,19,24,23,21,6
20,26,19,25,21,20,6
20,27,19,26,22,21,6
20,28,19,27,19,17,6
20,29,19,28,19,17,6
20,30,19,29,15,0,1
20,31,19,30,21,21,6
20,32,19,31,18,16,6
20,33,19,32,19,16,6
20,34,19,33,0,0,1
20,35,19,34,0,0,1
20,36,19,35,0,0,1
20,37,19,36,0,0,1
20,38,19,37,0,0,1
20,39,19,38,0,0,1
20,40,19,39,0,0,1
20,41,19,40,0,0,1
20,42,19,41,0,0,1
20,43,19,42,0,0,1
20,44,19,43,0,0,1
20,45,19,44,0,0,1
20,46,19,45,0,0,1
20,47,19,46,0,0,1
20,48,19,47,0,0,1
20,49,19,48,0,0,1
20,50,19,49,0,0,1
20,51,19,50,0,0,1
20,52,19,51,0,0,1
20,53,19,52,0,0,1
20,54,19,53,0,0,1
20,55,19,54,0,0,1
20,56,19,55,0,0,1
20,57,19,56,0,0,1
20,58,19,57,0,0,1
20,59,19,58,0,0,1
20,60,19,59,0,0,1
20,61,19,60,0,0,1
20,62,19,61,0,0,1
20,63,19,62,0,0,1
20,64,19,63,0,0,1
20,65,19,64,0,0,1
20,66,19,65,0,0,1
20,67,19,66,0,0,1
20,68,19,67,0,0,1
20,69,19,68,0,0,1
20,70,19,69,0,0,1
20,71,19,70,0,0,1
20,72,19,71,0,0,1
20,73,19,72,0,0,1
20,74,19,73,0,0,1
20,75,19,74,0,0,1
20,76,19,75,0,0,1
20,77,19,76,0,0,1
20,78,19,77,0,0,1
20,79,19,78,0,0,1
20,80,19,79,0,0,1
20,81,19,80,0,0,1
20,82,19,81,0,0,1
20,83,19,82,0,0,1
20,84,19,83,0,0,1
20,85,19,84,0,0,1
20,86,19,85,0,0,1
20,87,19,86,0,0,1
20,88,19,87,0,0,1
20,89,19,88,0,0,1
20,90,19,89,0,0,1
20,91,19,90,0,0,1
20,92,19,91,0,0,1
20,93,19,92,0,0,1
20,94,19,93,0,0,1
20,95,19,94,0,0,1
20,96,19,95,0,0,1
20,97,19,96,0,0,1
20,98,19,97,0,0,1
20,99,19,98,0,0,1
20,100,19,99,0,0,1
20,101,19,100,0,0,1
20,102,19,101,0,0,1
20,103,19,102,0,0,1
20,104,19,103,0,0,1
20,105,19,104,0,0,1
20,106,19,105,0,0,1
20,107,19,106,0,0,1
20,108,19,107,0,0,1
20,109,19,108,0,0,1
20,110,19,109,0,0,1
20,111,19,110,0,0,1
20,112,19,111,0,0,1
20,113,19,112,0,0,1
20,114,19,113,0,0,1
20,115,19,114,0,0,1
20,116,19,115,0,0,1
20,117,19,116,0,0,1
20,118,19,117,0,0,1
20,119,19,118,0,0,1
20,120,19,119,0,0,1
20,121,19,120,0,0,1
20,122,19,121,0,0,1
20,123,19,122,0,0,1
20,124,19,123,0,0,1
20,125,19,124,0,0,1
20,126,19,125,0,0,1
20,127,19,126,0,0,1
20,128,19,127,0,0,1
20,129,19,128,0,0,1
20,130,19,129,0,0,1
20,131,19,130,0,0,1
20,132,19,131,0,0,1
20,133,19,132,0,0,1
20,134,19,133,0,0,1
20,135,19,134,0,0,1
20,136,19,135,0,0,1
20,137,19,136,0,0,1
20,138,19,137,0,0,1
20,139,19,138,0,0,1
20,140,19,139,0,0,1
20,141,19,140,0,0,1
20,142,19,141,0,0,1
20,143,19,142,0,0,1
20,144,19,143,0,0,1
20,145,19,144,0,0,1
20,146,19,145,0,0,1
20,147,19,146,0,0,1
20,148,19,147,0,0,1
20,149,19,148,0,0,1
20,150,19,149,0,0,1
20,151,19,150,0,0,1
20,152,19,151,0,0,1
20,153,19,152,0,0,1
20,154,19,153,0,0,1
20,155,19,154,0,0,1
20,156,19,155,0,0,1
20,157,19,156,0,0,1
20,158,19,157,0,0,1
20,159,19,158,0,0,1
20,160,19,159,0,0,1
20,161,19,160,0,0,1
20,162,19,161,0,0,1
20,163,19,162,0,0,1
20,164,19,163,0,0,1
20,165,19,164,0,0,1
20,166,19,165,0,0,1
20,167,19,166,0,0,1
20,168,19,167,0,0,1
20,169,19,168,0,0,1
20,170,19,169,0,0,1
20,171,19,170,0,0,1
20,172,19,171,0,0,1
20,173,19,172,0,0,1
20,174,19,173,0,0,1
20,175,19,174,0,0,1
20,176,19,175,0,0,1
20,177,19,176,0,0,1
20,178,19,177,0,0,1
20,179,19,178,0,0,1
20,180,19,179,0,0,1
20,181,19,180,0,0,1
20,182,19,181,0,0,1
20,183,19,182,0,0,1
20,184,19,183,0,0,1
20,185,19,184,0,0,1
20,186,19,185,0,0,1
20,187,19,186,0,0,1
20,188,19,187,0,0,1
20,189,19,188,0,0,1
20,190,19,189,0,0,1
20,191,19,190,0,0,1
20,192,19,191,0,0,1
20,193,19,192,0,0,1
20,194,19,193,0,0,1
20,195,19,194,0,0,1
20,196,19,195,0,0,1
20,197,19,196,0,0,1
20,198,19,197,0,0,1
20,199,19,198,0,0,1
20,200,19,199,0,0,1
20,201,19,200,0,0,1
20,202,19,201,0,0,1
20,203,19,202,0,0,1
20,204,19,203,0,0,1
20,205,19,204,0,0,1
20,206,19,205,0,0,1
20,207,19,206,0,0,1
20,208,19,207,0,0,1
20,209,19,208,0,0,1
20,210,19,209,0,0,1
20,211,19,210,0,0,1
20,212,19,211,0,0,1
20,213,19,212,0,0,1
20,214,19,213,0,0,1
20,215,19,214,0,0,1
20,216,19,215,0,0,1
20,217,19,216,0,0,1
20,218,19,217,0,0,1
20,219,19,218,0,0,1
20,220,19,219,0,0,1
20,221,19,220,0,0,1
20,222,19,221,0,0,1
20,223,19,222,0,0,1
20,224,19,223,0,0,1
20,225,19,228,0,0,1
20,226,19,225,0,0,1
20,227,19,226,0,0,1
20,228,19,227,0,0,1
20,229,19,224,0,0,1
20,230,19,229,0,0,1
20,231,19,230,0,0,1
20,232,19,231,0,0,1
20,233,19,232,0,0,1
20,234,19,233,0,0,1
20,235,19,234,0,0,1
20,236,19,235,0,0,1
20,237,19,236,0,0,1
20,238,19,237,0,0,1
20,239,19,238,0,0,1
20,240,19,239,0,0,1
20,241,19,240,0,0,1
20,242,19,241,0,0,1
20,243,19,242,0,0,1
21,22,20,21,23,23,6
21,23,20,22,20,20,6
21,24,20,23,20,18,6
21,25,20,24,23,22,6
21,26,20,25,18,17,6
21,27,20,26,19,18,6
21,28,20,27,20,20,3
21,29,20,28,17,16,6
21,30,20,29,0,0,1
21,31,20,30,16,16,6
21,32,20,31,0,0,1
21,33,20,32,0,0,1
21,34,20,33,0,0,1
21,35,20,34,0,0,1
21,36,20,35,0,0,1
21,37,20,36,0,0,1
21,38,20,37,0,0,1
21,39,20,38,0,0,1
21,40,20,39,0,0,1
21,41,20,40,0,0,1
21,42,20,41,0,0,1
21,43,20,42,0,0,1
21,44,20,43,0,0,1
21,45,20,44,0,0,1
21,46,20,45,0,0,1
21,47,20,46,0,0,1
21,48,20,47,0,0,1
21,49,20,48,0,0,1
21,50,20,49,0,0,1
21,51,20,50,0,0,1
21,52,20,51,0,0,1
21,53,20,52,0,0,1
21,54,20,53,0,0,1
21,55,20,54,0,0,1
21,56,20,55,0,0,1
21,57,20,56,0,0,1
21,58,20,57,0,0,1
21,59,20,58,0,0,1
21,60,20,59,0,0,1
21,61,20,60,0,0,1
21,62,20,61,0,0,1
21,63,20,62,0,0,1
21,64,20,63,0,0,1
21,65,20,64,0,0,1
21,66,20,65,0,0,1
21,67,20,66,0,0,1
21,68,20,67,0,0,1
21,69,20,68,0,0,1
21,70,20,69,0,0,1
21,71,20,70,0,0,1
21,72,20,71,0,0,1
21,73,20,72,0,0,1
21,74,20,73,0,0,1
21,75,20,74,0,0,1
21,76,20,75,0,0,1
21,77,20,76,0,0,1
21,78,20,77,0,0,1
21,79,20,78,0,0,1
21,80,20,79,0,0,1
21,81,20,80,0,0,1
21,82,20,81,0,0,1
21,83,20,82,0,0,1
21,84,20,83,0,0,1
21,85,20,84,0,0,1
21,86,20,85,0,0,1
21,87,20,86,0,0,1
21,88,20,87,0,0,1
21,89,20,88,0,0,1
21,90,20,89,0,0,1
21,91,20,90,0,0,1
21,92,20,91,0,0,1
21,93,20,92,0,0,1
21,94,20,93,0,0,1
21,95,20,94,0,0,1
21,96,20,95,0,0,1
21,97,20,96,0,0,1
21,98,20,97,0,0,1
21,99,20,98,0,0,1
21,100,20,99,0,0,1
21,101,20,100,0,0,1
21,102,20,101,0,0,1
21,103,20,102,0,0,1
21,104,20,103,0,0,1
21,105,20,104,0,0,1
21,106,20,105,0,0,1
21,107,20,106,0,0,1
21,108,20,107,0,0,1
21,109,20,108,0,0,1
21,110,20,109,0,0,1
21,111,20,110,0,0,1
21,112,20,111,0,0,1
21,113,20,112,0,0,1
21,114,20,113,0,0,1
21,115,20,114,0,0,1
21,116,20,115,0,0,1
21,117,20,116,0,0,1
21,118,20,117,0,0,1
21,119,20,118,0,0,1
21,120,20,119,0,0,1
21,121,20,120,0,0,1
21,122,20,121,0,0,1
21,123,20,122,0,0,1
21,124,20,123,0,0,1
21,125,20,124,0,0,1
21,126,20,125,0,0,1
21,127,20,126,0,0,1
21,128,20,127,0,0,1
21,129,20,128,0,0,1
21,130,20,129,0,0,1
21,131,20,130,0,0,1
21,132,20,131,0,0,1
21,133,20,132,0,0,1
21,134,20,133,0,0,1
21,135,20,134,0,0,1
21,136,20,135,0,0,1
21,137,20,136,0,0,1
21,138,20,137,0,0,1
21,139,20,138,0,0,1
21,140,20,139,0,0,1
21,141,20,140,0,0,1
21,142,20,141,0,0,1
21,143,20,142,0,0,1
21,144,20,143,0,0,1
21,145,20,144,0,0,1
21,146,20,145,0,0,1
21,147,20,146,0,0,1
21,148,20,147,0,0,1
21,149,20,148,0,0,1
21,150,20,149,0,0,1
21,151,20,150,0,0,1
21,152,20,151,0,0,1
21,153,20,152,0,0,1
21,154,20,153,0,0,1
21,155,20,154,0,0,1
21,156,20,155,0,0,1
21,157,20,156,0,0,1
21,158,20,157,0,0,1
21,159,20,158,0,0,1
21,160,20,159,0,0,1
21,161,20,160,0,0,1
21,162,20,161,0,0,1
21,163,20,162,0,0,1
21,164,20,163,0,0,1
21,165,20,164,0,0,1
21,166,20,165,0,0,1
21,167,20,166,0,0,1
21,168,20,167,0,0,1
21,169,20,168,0,0,1
21,170,20,169,0,0,1
21,171,20,170,0,0,1
21,172,20,171,0,0,1
21,173,20,172,0,0,1
21,174,20,173,0,0,1
21,175,20,174,0,0,1
21,176,20,175,0,0,1
21,177,20,176,0,0,1
21,178,20,177,0,0,1
21,179,20,178,0,0,1
21,180,20,179,0,0,1
21,181,20,180,0,0,1
21,182,20,181,0,0,1
21,183,20,182,0,0,1
21,184,20,183,0,0,1
21,185,20,184,0,0,1
21,186,20,185,0,0,1
21,187,20,186,0,0,1
21,188,20,187,0,0,1
21,189,20,188,0,0,1
21,190,20,189,0,0,1
21,191,20,190,0,0,1
21,192,20,191,0,0,1
21,193,20,192,0,0,1
21,194,20,193,0,0,1
21,195,20,194,0,0,1
21,196,20,195,0,0,1
21,197,20,196,0,0,1
21,198,20,197,0,0,1
21,199,20,198,0,0,1
21,200,20,199,0,0,1
21,201,20,200,0,0,1
21,202,20,201,0,0,1
21,203,20,202,0,0,1
21,204,20,203,0,0,1
21,205,20,204,0,0,1
21,206,20,205,0,0,1
21,207,20,206,0,0,1
21,208,20,207,0,0,1
21,209,20,208,0,0,1
21,210,20,209,0,0,1
21,211,20,210,0,0,1
21,212,20,211,0,0,1
21,213,20,212,0,0,1
21,214,20,213,0,0,1
21,215,20,214,0,0,1
21,216,20,215,0,0,1
21,217,20,216,0,0,1
21,218,20,217,0,0,1
21,219,20,218,0,0,1
21,220,20,219,0,0,1
21,221,20,220,0,0,1
21,222,20,221,0,0,1
21,223,20,222,0,0,1
21,224,20,223,0,0,1
21,225,20,228,0,0,1
21,226,20,225,0,0,1
21,227,20,226,0,0,1
21,228,20,227,0,0,1
21,229,20,224,0,0,1
21,230,20,229,0,0,1
21,231,20,230,0,0,1
21,232,20,231,0,0,1
21,233,20,232,0,0,1
21,234,20,233,0,0,1
21,235,20,234,0,0,1
21,236,20,235,0,0,1
21,237,20,236,0,0,1
21,238,20,237,0,0,1
21,239,20,238,0,0,1
21,240,20,239,0,0,1
21,241,20,240,0,0,1
21,242,20,241,0,0,1
21,243,20,242,0,0,1
22,23,21,22,28,28,6
22,24,21,23,25,24,6
22,25,21,24,21,21,6
22,26,21,25,19,18,6
22,27,21,26,17,16,6
22,28,21,27,20,18,6
22,29,21,28,17,16,6
22,30,21,29,16,15,6
22,31,21,30,16,16,6
22,32,21,31,17,15,6
22,33,21,32,0,0,1
22,34,21,33,0,0,1
22,35,21,34,0,0,1
22,36,21,35,0,0,1
22,37,21,36,0,0,1
22,38,21,37,0,0,1
22,39,21,38,0,0,1
22,40,21,39,0,0,1
22,41,21,40,0,0,1
22,42,21,41,0,0,1
22,43,21,42,0,0,1
22,44,21,43,0,0,1
22,45,21,44,0,0,1
22,46,21,45,0,0,1
22,47,21,46,0,0,1
22,48,21,47,0,0,1
22,49,21,48,0,0,1
22,50,21,49,0,0,1
22,51,21,50,0,0,1
22,52,21,51,0,0,1
22,53,21,52,0,0,1
22,54,21,53,0,0,1
22,55,21,54,0,0,1
22,56,21,55,0,0,1
22,57,21,56,0,0,1
22,58,21,57,0,0,1
22,59,21,58,0,0,1
22,60,21,59,0,0,1
22,61,21,60,0,0,1
22,62,21,61,0,0,1
22,63,21,62,0,0,1
22,64,21,63,0,0,1
22,65,21,64,0,0,1
22,66,21,65,0,0,1
22,67,21,66,0,0,1
22,68,21,67,0,0,1
22,69,21,68,0,0,1
22,70,21,69,0,0,1
22,71,21,70,0,0,1
22,72,21,71,0,0,1
22,73,21,72,0,0,1
22,74,21,73,0,0,1
22,75,21,74,0,0,1
22,76,21,75,0,0,1
22,77,21,76,0,0,1
22,78,21,77,0,0,1
22,79,21,78,0,0,1
22,80,21,79,0,0,1
22,81,21,80,0,0,1
22,82,21,81,0,0,1
22,83,21,82,0,0,1
22,84,21,83,0,0,1
22,85,21,84,0,0,1
22,86,21,85,0,0,1
22,87,21,86,0,0,1
22,88,21,87,0,0,1
22,89,21,88,0,0,1
22,90,21,89,0,0,1
22,91,21,90,0,0,1
22,92,21,91,0,0,1
22,93,21,92,0,0,1
22,94,21,93,0,0,1
22,95,21,94,0,0,1
22,96,21,95,0,0,1
22,97,21,96,0,0,1
22,98,21,97,0,0,1
22,99,21,98,0,0,1
22,100,21,99,0,0,1
22,101,21,100,0,0,1
22,102,21,101,0,0,1
22,103,21,102,0,0,1
22,104,21,103,0,0,1
22,105,21,104,0,0,1
22,106,21,105,0,0,1
22,107,21,106,0,0,1
22,108,21,107,0,0,1
22,109,21,108,0,0,1
22,110,21,109,0,0,1
22,111,21,110,0,0,1
22,112,21,111,0,0,1
22,113,21,112,0,0,1
22,114,21,113,0,0,1
22,115,21,114,0,0,1
22,116,21,115,0,0,1
22,117,21,116,0,0,1
22,118,21,117,0,0,1
22,119,21,118,0,0,1
22,120,21,119,0,0,1
22,121,21,120,0,0,1
22,122,21,121,0,0,1
22,123,21,122,0,0,1
22,124,21,123,0,0,1
22,125,21,124,0,0,1
22,126,21,125,0,0,1
22,127,21,126,0,0,1
22,128,21,127,0,0,1
22,129,21,128,0,0,1
22,130,21,129,0,0,1
22,131,21,130,0,0,1
22,132,21,131,0,0,1
22,133,21,132,0,0,1
22,134,21,133,0,0,1
22,135,21,134,0,0,1
22,136,21,135,0,0,1
22,137,21,136,0,0,1
22,138,21,137,0,0,1
22,139,21,138,0,0,1
22,140,21,139,0,0,1
22,141,21,140,0,0,1
22,142,21,141,0,0,1
22,143,21,142,0,0,1
22,144,21,143,0,0,1
22,145,21,144,0,0,1
22,146,21,145,0,0,1
22,147,21,146,0,0,1
22,148,21,147,0,0,1
22,149,21,148,0,0,1
22,150,21,149,0,0,1
22,151,21,150,0,0,1
22,152,21,151,0,0,1
22,153,21,152,0,0,1
22,154,21,153,0,0,1
22,155,21,154,0,0,1
22,156,21,155,0,0,1
22,157,21,156,0,0,1
22,158,21,157,0,0,1
22,159,21,158,0,0,1
22,160,21,159,0,0,1
22,161,21,160,0,0,1
22,162,21,161,0,0,1
22,163,21,162,0,0,1
22,164,21,163,0,0,1
22,165,21,164,0,0,1
22,166,21,165,0,0,1
22,167,21,166,0,0,1
22,168,21,167,0,0,1
22,169,21,168,0,0,1
22,170,21,169,0,0,1
22,171,21,170,0,0,1
22,172,21,171,0,0,1
22,173,21,172,0,0,1
22,174,21,173,0,0,1
22,175,21,174,0,0,1
22,176,21,175,0,0,1
22,177,21,176,0,0,1
22,178,21,177,0,0,1
22,179,21,178,0,0,1
22,180,21,179,0,0,1
22,181,21,180,0,0,1
22,182,21,181,0,0,1
22,183,21,182,0,0,1
22,184,21,183,0,0,1
22,185,21,184,0,0,1
22,186,21,185,0,0,1
22,187,21,186,0,0,1
22,188,21,187,0,0,1
22,189,21,188,0,0,1
22,190,21,189,0,0,1
22,191,21,190,0,0,1
22,192,21,191,0,0,1
22,193,21,192,0,0,1
22,194,21,193,0,0,1
22,195,21,194,0,0,1
22,196,21,195,0,0,1
22,197,21,196,0,0,1
22,198,21,197,0,0,1
22,199,21,198,0,0,1
22,200,21,199,0,0,1
22,201,21,200,0,0,1
22,202,21,201,0,0,1
22,203,21,202,0,0,1
22,204,21,203,0,0,1
22,205,21,204,0,0,1
22,206,21,205,0,0,1
22,207,21,206,0,0,1
22,208,21,207,0,0,1
22,209,21,208,0,0,1
22,210,21,209,0,0,1
22,211,21,210,0,0,1
22,212,21,211,0,0,1
22,213,21,212,0,0,1
22,214,21,213,0,0,1
22,215,21,214,0,0,1
22,216,21,215,0,0,1
22,217,21,216,0,0,1
22,218,21,217,0,0,1
22,219,21,218,0,0,1
22,220,21,219,0,0,1
22,221,21,220,0,0,1
22,222,21,221,0,0,1
22,223,21,222,0,0,1
22,224,21,223,0,0,1
22,225,21,228,0,0,1
22,226,21,225,0,0,1
22,227,21,226,0,0,1
22,228,21,227,0,0,1
22,229,21,224,0,0,1
22,230,21,229,0,0,1
22,231,21,230,0,0,1
22,232,21,231,0,0,1
22,233,21,232,0,0,1
22,234,21,233,0,0,1
22,235,21,234,0,0,1
22,236,21,235,0,0,1
22,237,21,236,0,0,1
22,238,21,237,0,0,1
22,239,21,238,0,0,1
22,240,21,239,0,0,1
22,241,21,240,0,0,1
22,242,21,241,0,0,1
22,243,21,242,0,0,1
23,24,22,23,21,20,6
23,25,22,24,21,21,6
23,26,22,25,17,16,6
23,27,22,26,17,15,6
23,28,22,27,18,16,6
23,29,22,28,16,15,6
23,30,22,29,17,0,1
23,31,22,30,17,17,6
23,32,22,31,16,16,6
23,33,22,32,15,0,1
23,34,22,33,0,0,1
23,35,22,34,0,0,1
23,36,22,35,0,0,1
23,37,22,36,0,0,1
23,38,22,37,0,0,1
23,39,22,38,0,0,1
23,40,22,39,0,0,1
23,41,22,40,0,0,1
23,42,22,41,0,0,1
23,43,22,42,0,0,1
23,44,22,43,0,0,1
23,45,22,44,0,0,1
23,46,22,45,0,0,1
23,47,22,46,0,0,1
23,48,22,47,0,0,1
23,49,22,48,0,0,1
23,50,22,49,0,0,1
23,51,22,50,0,0,1
23,52,22,51,0,0,1
23,53,22,52,0,0,1
23,54,22,53,0,0,1
23,55,22,54,0,0,1
23,56,22,55,0,0,1
23,57,22,56,0,0,1
23,58,22,57,0,0,1
23,59,22,58,0,0,1
23,60,22,59,0,0,1
23,61,22,60,0,0,1
23,62,22,61,0,0,1
23,63,22,62,0,0,1
23,64,22,63,0,0,1
23,65,22,64,0,0,1
23,66,22,65,0,0,1
23,67,22,66,0,0,1
23,68,22,67,0,0,1
23,69,22,68,0,0,1
23,70,22,69,0,0,1
23,71,22,70,0,0,1
23,72,22,71,0,0,1
23,73,22,72,0,0,1
23,74,22,73,0,0,1
23,75,22,74,0,0,1
23,76,22,75,0,0,1
23,77,22,76,0,0,1
23,78,22,77,0,0,1
23,79,22,78,0,0,1
23,80,22,79,0,0,1
23,81,22,80,0,0,1
23,82,22,81,0,0,1
23,83,22,82,0,0,1
23,84,22,83,0,0,1
23,85,22,84,0,0,1
23,86,22,85,0,0,1
23,87,22,86,0,0,1
23,88,22,87,0,0,1
23,89,22,88,0,0,1
23,90,22,89,0,0,1
23,91,22,90,0,0,1
23,92,22,91,0,0,1
23,93,22,92,0,0,1
23,94,22,93,0,0,1
23,95,22,94,0,0,1
23,96,22,95,0,0,1
23,97,22,96,0,0,1
23,98,22,97,0,0,1
23,99,22,98,0,0,1
23,100,22,99,0,0,1
23,101,22,100,0,0,1
23,102,22,101,0,0,1
23,103,22,102,0,0,1
23,104,22,103,0,0,1
23,105,22,104,0,0,1
23,106,22,105,0,0,1
23,107,22,106,0,0,1
23,108,22,107,0,0,1
23,109,22,108,0,0,1
23,110,22,109,0,0,1
23,111,22,110,0,0,1
23,112,22,111,0,0,1
23,113,22,112,0,0,1
23,114,22,113,0,0,1
23,115,22,114,0,0,1
23,116,22,115,0,0,1
23,117,22,116,0,0,1
23,118,22,117,0,0,1
23,119,22,118,0,0,1
23,120,22,119,0,0,1
23,121,22,120,0,0,1
23,122,22,121,0,0,1
23,123,22,122,0,0,1
23,124,22,123,0,0,1
23,125,22,124,0,0,1
23,126,22,125,0,0,1
23,127,22,126,0,0,1
23,128,22,127,0,0,1
23,129,22,128,0,0,1
23,130,22,129,0,0,1
23,131,22,130,0,0,1
23,132,22,131,0,0,1
23,133,22,132,0,0,1
23,134,22,133,0,0,1
23,135,22,134,0,0,1
23,136,22,135,0,0,1
23,137,22,136,0,0,1
23,138,22,137,0,0,1
23,139,22,138,0,0,1
23,140,22,139,0,0,1
23,141,22,140,0,0,1
23,142,22,141,0,0,1
23,143,22,142,0,0,1
23,144,22,143,0,0,1
23,145,22,144,0,0,1
23,146,22,145,0,0,1
23,147,22,146,0,0,1
23,148,22,147,0,0,1
23,149,22,148,0,0,1
23,150,22,149,0,0,1
23,151,22,150,0,0,1
23,152,22,151,0,0,1
23,153,22,152,0,0,1
23,154,22,153,0,0,1
23,155,22,154,0,0,1
23,156,22,155,0,0,1
23,157,22,156,0,0,1
23,158,22,157,0,0,1
23,159,22,158,0,0,1
23,160,22,159,0,0,1
23,161,22,160,0,0,1
23,162,22,161,0,0,1
23,163,22,162,0,0,1
23,164,22,163,0,0,1
23,165,22,164,0,0,1
23,166,22,165,0,0,1
23,167,22,166,0,0,1
23,168,22,167,0,0,1
23,169,22,168,0,0,1
23,170,22,169,0,0,1
23,171,22,170,0,0,1
23,172,22,171,0,0,1
23,173,22,172,0,0,1
23,174,22,173,0,0,1
23,175,22,174,0,0,1
23,176,22,175,0,0,1
23,177,22,176,0,0,1
23,178,22,177,0,0,1
23,179,22,178,0,0,1
23,180,22,179,0,0,1
23,181,22,180,0,0,1
23,182,22,181,0,0,1
23,183,22,182,0,0,1
23,184,22,183,0,0,1
23,185,22,184,0,0,1
23,186,22,185,0,0,1
23,187,22,186,0,0,1
23,188,22,187,0,0,1
23,189,22,188,0,0,1
23,190,22,189,0,0,1
23,191,22,190,0,0,1
23,192,22,191,0,0,1
23,193,22,192,0,0,1
23,194,22,193,0,0,1
23,195,22,194,0,0,1
23,196,22,195,0,0,1
23,197,22,196,0,0,1
23,198,22,197,0,0,1
23,199,22,198,0,0,1
23,200,22,199,0,0,1
23,201,22,200,0,0,1
23,202,22,201,0,0,1
23,203,22,202,0,0,1
23,204,22,203,0,0,1
23,205,22,204,0,0,1
23,206,22,205,0,0,1
23,207,22,206,0,0,1
23,208,22,207,0,0,1
23,209,22,208,0,0,1
23,210,22,209,0,0,1
23,211,22,210,0,0,1
23,212,22,211,0,0,1
23,213,22,212,0,0,1
23,214,22,213,0,0,1
23,215,22,214,0,0,1
23,216,22,215,0,0,1
23,217,22,216,0,0,1
23,218,22,217,0,0,1
23,219,22,218,0,0,1
23,220,22,219,0,0,1
23,221,22,220,0,0,1
23,222,22,221,0,0,1
23,223,22,222,0,0,1
23,224,22,223,0,0,1
23,225,22,228,0,0,1
23,226,22,225,0,0,1
23,227,22,226,0,0,1
23,228,22,227,0,0,1
23,229,22,224,0,0,1
23,230,22,229,0,0,1
23,231,22,230,0,0,1
23,232,22,231,0,0,1
23,233,22,232,0,0,1
23,234,22,233,0,0,1
23,235,22,234,0,0,1
23,236,22,235,0,0,1
23,237,22,236,0,0,1
23,238,22,237,0,0,1
23,239,22,238,0,0,1
23,240,22,239,0,0,1
23,241,22,240,0,0,1
23,242,22,241,0,0,1
23,243,22,242,0,0,1
24,25,23,24,28,28,6
24,26,23,25,26,25,6
24,27,23,26,22,21,6
24,28,23,27,21,19,6
24,29,23,28,19,19,6
24,30,23,29,18,18,6
24,31,23,30,22,22,6
24,32,23,31,18,16,6
24,33,23,32,17,15,6
24,34,23,33,0,0,1
24,35,23,34,0,0,1
24,36,23,35,0,0,1
24,37,23,36,0,0,1
24,38,23,37,0,0,1
24,39,23,38,0,0,1
24,40,23,39,0,0,1
24,41,23,40,0,0,1
24,42,23,41,0,0,1
24,43,23,42,0,0,1
24,44,23,43,0,0,1
24,45,23,44,0,0,1
24,46,23,45,0,0,1
24,47,23,46,0,0,1
24,48,23,47,0,0,1
24,49,23,48,0,0,1
24,50,23,49,0,0,1
24,51,23,50,0,0,1
24,52,23,51,0,0,1
24,53,23,52,0,0,1
24,54,23,53,0,0,1
24,55,23,54,0,0,1
24,56,23,55,0,0,1
24,57,23,56,0,0,1
24,58,23,57,0,0,1
24,59,23,58,0,0,1
24,60,23,59,0,0,1
24,61,23,60,0,0,1
24,62,23,61,0,0,1
24,63,23,62,0,0,1
24,64,23,63,0,0,1
24,65,23,64,0,0,1
24,66,23,65,0,0,1
24,67,23,66,0,0,1
24,68,23,67,0,0,1
24,69,23,68,0,0,1
24,70,23,69,0,0,1
24,71,23,70,0,0,1
24,72,23,71,0,0,1
24,73,23,72,0,0,1
24,74,23,73,0,0,1
24,75,23,74,0,0,1
24,76,23,75,0,0,1
24,77,23,76,0,0,1
24,78,23,77,0,0,1
24,79,23,78,0,0,1
24,80,23,79,0,0,1
24,81,23,80,0,0,1
24,82,23,81,0,0,1
24,83,23,82,0,0,1
24,84,23,83,0,0,1
24,85,23,84,0,0,1
24,86,23,85,0,0,1
24,87,23,86,0,0,1
24,88,23,87,0,0,1
24,89,23,88,0,0,1
24,90,23,89,0,0,1
24,91,23,90,0,0,1
24,92,23,91,0,0,1
24,93,23,92,0,0,1
24,94,23,93,0,0,1
24,95,23,94,0,0,1
24,96,23,95,0,0,1
24,97,23,96,0,0,1
24,98,23,97,0,0,1
24,99,23,98,0,0,1
24,100,23,99,0,0,1
24,101,23,100,0,0,1
24,102,23,101,0,0,1
24,103,23,102,0,0,1
24,104,23,103,0,0,1
24,105,23,104,0,0,1
24,106,23,105,0,0,1
24,107,23,106,0,0,1
24,108,23,107,0,0,1
24,109,23,108,0,0,1
24,110,23,109,0,0,1
24,111,23,110,0,0,1
24,112,23,111,0,0,1
24,113,23,112,0,0,1
24,114,23,113,0,0,1
24,115,23,114,0,0,1
24,116,23,115,0,0,1
24,117,23,116,0,0,1
24,118,23,117,0,0,1
24,119,23,118,0,0,1
24,120,23,119,0,0,1
24,121,23,120,0,0,1
24,122,23,121,0,0,1
24,123,23,122,0,0,1
24,124,23,123,0,0,1
24,125,23,124,0,0,1
24,126,23,125,0,0,1
24,127,23,126,0,0,1
24,128,23,127,0,0,1
24,129,23,128,0,0,1
24,130,23,129,0,0,1
24,131,23,130,0,0,1
24,132,23,131,0,0,1
24,133,23,132,0,0,1
24,134,23,133,0,0,1
24,135,23,134,0,0,1
24,136,23,135,0,0,1
24,137,23,136,0,0,1
24,138,23,137,0,0,1
24,139,23,138,0,0,1
24,140,23,139,0,0,1
24,141,23,140,0,0,1
24,142,23,141,0,0,1
24,143,23,142,0,0,1
24,144,23,143,0,0,1
24,145,23,144,0,0,1
24,146,23,145,0,0,1
24,147,23,146,0,0,1
24,148,23,147,0,0,1
24,149,23,148,0,0,1
24,150,23,149,0,0,1
24,151,23,150,0,0,1
24,152,23,151,0,0,1
24,153,23,152,0,0,1
24,154,23,153,0,0,1
24,155,23,154,0,0,1
24,156,23,155,0,0,1
24,157,23,156,0,0,1
24,158,23,157,0,0,1
24,159,23,158,0,0,1
24,160,23,159,0,0,1
24,161,23,160,0,0,1
24,162,23,161,0,0,1
24,163,23,162,0,0,1
24,164,23,163,0,0,1
24,165,23,164,0,0,1
24,166,23,165,0,0,1
24,167,23,166,0,0,1
24,168,23,167,0,0,1
24,169,23,168,0,0,1
24,170,23,169,0,0,1
24,171,23,170,0,0,1
24,172,23,171,0,0,1
24,173,23,172,0,0,1
24,174,23,173,0,0,1
24,175,23,174,0,0,1
24,176,23,175,0,0,1
24,177,23,176,0,0,1
24,178,23,177,0,0,1
24,179,23,178,0,0,1
24,180,23,179,0,0,1
24,181,23,180,0,0,1
24,182,23,181,0,0,1
24,183,23,182,0,0,1
24,184,23,183,0,0,1
24,185,23,184,0,0,1
24,186,23,185,0,0,1
24,187,23,186,0,0,1
24,188,23,187,0,0,1
24,189,23,188,0,0,1
24,190,23,189,0,0,1
24,191,23,190,0,0,1
24,192,23,191,0,0,1
24,193,23,192,0,0,1
24,194,23,193,0,0,1
24,195,23,194,0,0,1
24,196,23,195,0,0,1
24,197,23,196,0,0,1
24,198,23,197,0,0,1
24,199,23,198,0,0,1
24,200,23,199,0,0,1
24,201,23,200,0,0,1
24,202,23,201,0,0,1
24,203,23,202,0,0,1
24,204,23,203,0,0,1
24,205,23,204,0,0,1
24,206,23,205,0,0,1
24,207,23,206,0,0,1
24,208,23,207,0,0,1
24,209,23,208,0,0,1
24,210,23,209,0,0,1
24,211,23,210,0,0,1
24,212,23,211,0,0,1
24,213,23,212,0,0,1
24,214,23,213,0,0,1
24,215,23,214,0,0,1
24,216,23,215,0,0,1
24,217,23,216,0,0,1
24,218,23,217,0,0,1
24,219,23,218,0,0,1
24,220,23,219,0,0,1
24,221,23,220,0,0,1
24,222,23,221,0,0,1
24,223,23,222,0,0,1
24,224,23,223,0,0,1
24,225,23,228,0,0,1
24,226,23,225,0,0,1
24,227,23,226,0,0,1
24,228,23,227,0,0,1
24,229,23,224,0,0,1
24,230,23,229,0,0,1
24,231,23,230,0,0,1
24,232,23,231,0,0,1
24,233,23,232,0,0,1
24,234,23,233,0,0,1
24,235,23,234,0,0,1
24,236,23,235,0,0,1
24,237,23,236,0,0,1
24,238,23,237,0,0,1
24,239,23,238,0,0,1
24,240,23,239,0,0,1
24,241,23,240,0,0,1
24,242,23,241,0,0,1
24,243,23,242,0,0,1
25,26,24,25,30,30,6
25,27,24,26,27,25,6
25,28,24,27,28,27,6
25,29,24,28,28,28,6
25,30,24,29,22,20,6
25,31,24,30,24,21,6
25,32,24,31,20,19,6
25,33,24,32,17,16,6
25,34,24,33,0,0,1
25,35,24,34,15,15,3
25,36,24,35,0,0,1
25,37,24,36,0,0,1
25,38,24,37,0,0,1
25,39,24,38,0,0,1
25,40,24,39,0,0,1
25,41,24,40,0,0,1
25,42,24,41,0,0,1
25,43,24,42,0,0,1
25,44,24,43,0,0,1
25,45,24,44,0,0,1
25,46,24,45,0,0,1
25,47,24,46,0,0,1
25,48,24,47,15,15,3
25,49,24,48,0,0,1
25,50,24,49,0,0,1
25,51,24,50,0,0,1
25,52,24,51,0,0,1
25,53,24,52,0,0,1
25,54,24,53,0,0,1
25,55,24,54,0,0,1
25,56,24,55,0,0,1
25,57,24,56,0,0,1
25,58,24,57,0,0,1
25,59,24,58,0,0,1
25,60,24,59,0,0,1
25,61,24,60,0,0,1
25,62,24,61,0,0,1
25,63,24,62,0,0,1
25,64,24,63,0,0,1
25,65,24,64,0,0,1
25,66,24,65,0,0,1
25,67,24,66,0,0,1
25,68,24,67,0,0,1
25,69,24,68,0,0,1
25,70,24,69,0,0,1
25,71,24,70,0,0,1
25,72,24,71,0,0,1
25,73,24,72,0,0,1
25,74,24,73,0,0,1
25,75,24,74,0,0,1
25,76,24,75,0,0,1
25,77,24,76,0,0,1
25,78,24,77,0,0,1
25,79,24,78,0,0,1
25,80,24,79,0,0,1
25,81,24,80,0,0,1
25,82,24,81,0,0,1
25,83,24,82,0,0,1
25,84,24,83,0,0,1
25,85,24,84,0,0,1
25,86,24,85,0,0,1
25,87,24,86,0,0,1
25,88,24,87,0,0,1
25,89,24,88,0,0,1
25,90,24,89,0,0,1
25,91,24,90,0,0,1
25,92,24,91,0,0,1
25,93,24,92,0,0,1
25,94,24,93,0,0,1
25,95,24,94,0,0,1
25,96,24,95,0,0,1
25,97,24,96,0,0,1
25,98,24,97,0,0,1
25,99,24,98,0,0,1
25,100,24,99,0,0,1
25,101,24,100,0,0,1
25,102,24,101,0,0,1
25,103,24,102,0,0,1
25,104,24,103,0,0,1
25,105,24,104,0,0,1
25,106,24,105,0,0,1
25,107,24,106,0,0,1
25,108,24,107,0,0,1
25,109,24,108,0,0,1
25,110,24,109,0,0,1
25,111,24,110,0,0,1
25,112,24,111,0,0,1
25,113,24,112,0,0,1
25,114,24,113,0,0,1
25,115,24,114,0,0,1
25,116,24,115,0,0,1
25,117,24,116,0,0,1
25,118,24,117,0,0,1
25,119,24,118,0,0,1
25,120,24,119,0,0,1
25,121,24,120,0,0,1
25,122,24,121,0,0,1
25,123,24,122,0,0,1
25,124,24,123,0,0,1
25,125,24,124,0,0,1
25,126,24,125,0,0,1
25,127,24,126,0,0,1
25,128,24,127,0,0,1
25,129,24,128,0,0,1
25,130,24,129,0,0,1
25,131,24,130,0,0,1
25,132,24,131,0,0,1
25,133,24,132,0,0,1
25,134,24,133,0,0,1
25,135,24,134,0,0,1
25,136,24,135,0,0,1
25,137,24,136,0,0,1
25,138,24,137,0,0,1
25,139,24,138,0,0,1
25,140,24,139,0,0,1
25,141,24,140,0,0,1
25,142,24,141,0,0,1
25,143,24,142,0,0,1
25,144,24,143,0,0,1
25,145,24,144,0,0,1
25,146,24,145,0,0,1
25,147,24,146,0,0,1
25,148,24,147,0,0,1
25,149,24,148,0,0,1
25,150,24,149,0,0,1
25,151,24,150,0,0,1
25,152,24,151,0,0,1
25,153,24,152,0,0,1
25,154,24,153,0,0,1
25,155,24,154,0,0,1
25,156,24,155,0,0,1
25,157,24,156,0,0,1
25,158,24,157,0,0,1
25,159,24,158,0,0,1
25,160,24,159,0,0,1
25,161,24,160,0,0,1
25,162,24,161,0,0,1
25,163,24,162,0,0,1
25,164,24,163,0,0,1
25,165,24,164,0,0,1
25,166,24,165,0,0,1
25,167,24,166,0,0,1
25,168,24,167,0,0,1
25,169,24,168,0,0,1
25,170,24,169,0,0,1
25,171,24,170,0,0,1
25,172,24,171,0,0,1
25,173,24,172,0,0,1
25,174,24,173,0,0,1
25,175,24,174,0,0,1
25,176,24,175,0,0,1
25,177,24,176,0,0,1
25,178,24,177,0,0,1
25,179,24,178,0,0,1
25,180,24,179,0,0,1
25,181,24,180,0,0,1
25,182,24,181,0,0,1
25,183,24,182,0,0,1
25,184,24,183,0,0,1
25,185,24,184,0,0,1
25,186,24,185,0,0,1
25,187,24,186,0,0,1
25,188,24,187,0,0,1
25,189,24,188,0,0,1
25,190,24,189,0,0,1
25,191,24,190,0,0,1
25,192,24,191,0,0,1
25,193,24,192,0,0,1
25,194,24,193,0,0,1
25,195,24,194,0,0,1
25,196,24,195,0,0,1
25,197,24,196,0,0,1
25,198,24,197,0,0,1
25,199,24,198,0,0,1
25,200,24,199,0,0,1
25,201,24,200,0,0,1
25,202,24,201,0,0,1
25,203,24,202,0,0,1
25,204,24,203,0,0,1
25,205,24,204,0,0,1
25,206,24,205,0,0,1
25,207,24,206,0,0,1
25,208,24,207,0,0,1
25,209,24,208,0,0,1
25,210,24,209,0,0,1
25,211,24,210,0,0,1
25,212,24,211,0,0,1
25,213,24,212,0,0,1
25,214,24,213,0,0,1
25,215,24,214,0,0,1
25,216,24,215,0,0,1
25,217,24,216,0,0,1
25,218,24,217,0,0,1
25,219,24,218,0,0,1
25,220,24,219,0,0,1
25,221,24,220,0,0,1
25,222,24,221,0,0,1
25,223,24,222,0,0,1
25,224,24,223,0,0,1
25,225,24,228,0,0,1
25,226,24,225,0,0,1
25,227,24,226,0,0,1
25,228,24,227,0,0,1
25,229,24,224,0,0,1
25,230,24,229,0,0,1
25,231,24,230,0,0,1
25,232,24,231,0,0,1
25,233,24,232,0,0,1
25,234,24,233,0,0,1
25,235,24,234,0,0,1
25,236,24,235,0,0,1
25,237,24,236,0,0,1
25,238,24,237,0,0,1
25,239,24,238,0,0,1
25,240,24,239,0,0,1
25,241,24,240,0,0,1
25,242,24,241,0,0,1
25,243,24,242,0,0,1
26,27,25,26,29,29,6
26,28,25,27,25,24,6
26,29,25,28,25,24,6
26,30,25,29,18,18,6
26,31,25,30,23,23,6
26,32,25,31,24,24,6
26,33,25,32,21,19,6
26,34,25,33,0,0,1
26,35,25,34,0,0,1
26,36,25,35,0,0,1
26,37,25,36,0,0,1
26,38,25,37,0,0,1
26,39,25,38,0,0,1
26,40,25,39,0,0,1
26,41,25,40,0,0,1
26,42,25,41,0,0,1
26,43,25,42,0,0,1
26,44,25,43,0,0,1
26,45,25,44,0,0,1
26,46,25,45,0,0,1
26,47,25,46,0,0,1
26,48,25,47,0,0,1
26,49,25,48,0,0,1
26,50,25,49,0,0,1
26,51,25,50,0,0,1
26,52,25,51,0,0,1
26,53,25,52,0,0,1
26,54,25,53,0,0,1
26,55,25,54,0,0,1
26,56,25,55,0,0,1
26,57,25,56,0,0,1
26,58,25,57,0,0,1
26,59,25,58,0,0,1
26,60,25,59,0,0,1
26,61,25,60,0,0,1
26,62,25,61,0,0,1
26,63,25,62,0,0,1
26,64,25,63,0,0,1
26,65,25,64,0,0,1
26,66,25,65,0,0,1
26,67,25,66,0,0,1
26,68,25,67,0,0,1
26,69,25,68,0,0,1
26,70,25,69,0,0,1
26,71,25,70,0,0,1
26,72,25,71,0,0,1
26,73,25,72,0,0,1
26,74,25,73,0,0,1
26,75,25,74,0,0,1
26,76,25,75,0,0,1
26,77,25,76,0,0,1
26,78,25,77,0,0,1
26,79,25,78,0,0,1
26,80,25,79,0,0,1
26,81,25,80,0,0,1
26,82,25,81,0,0,1
26,83,25,82,0,0,1
26,84,25,83,0,0,1
26,85,25,84,0,0,1
26,86,25,85,0,0,1
26,87,25,86,0,0,1
26,88,25,87,0,0,1
26,89,25,88,0,0,1
26,90,25,89,0,0,1
26,91,25,90,0,0,1
26,92,25,91,0,0,1
26,93,25,92,0,0,1
26,94,25,93,0,0,1
26,95,25,94,0,0,1
26,96,25,95,0,0,1
26,97,25,96,0,0,1
26,98,25,97,0,0,1
26,99,25,98,0,0,1
26,100,25,99,0,0,1
26,101,25,100,0,0,1
26,102,25,101,0,0,1
26,103,25,102,0,0,1
26,104,25,103,0,0,1
26,105,25,104,0,0,1
26,106,25,105,0,0,1
26,107,25,106,0,0,1
26,108,25,107,0,0,1
26,109,25,108,0,0,1
26,110,25,109,0,0,1
26,111,25,110,0,0,1
26,112,25,111,0,0,1
26,113,25,112,0,0,1
26,114,25,113,0,0,1
26,115,25,114,0,0,1
26,116,25,115,0,0,1
26,117,25,116,0,0,1
26,118,25,117,0,0,1
26,119,25,118,0,0,1
26,120,25,119,0,0,1
26,121,25,120,0,0,1
26,122,25,121,0,0,1
26,123,25,122,0,0,1
26,124,25,123,0,0,1
26,125,25,124,0,0,1
26,126,25,125,0,0,1
26,127,25,126,0,0,1
26,128,25,127,0,0,1
26,129,25,128,0,0,1
26,130,25,129,0,0,1
26,131,25,130,0,0,1
26,132,25,131,0,0,1
26,133,25,132,0,0,1
26,134,25,133,0,0,1
26,135,25,134,0,0,1
26,136,25,135,0,0,1
26,137,25,136,0,0,1
26,138,25,137,0,0,1
26,139,25,138,0,0,1
26,140,25,139,0,0,1
26,141,25,140,0,0,1
26,142,25,141,0,0,1
26,143,25,142,0,0,1
26,144,25,143,0,0,1
26,145,25,144,0,0,1
26,146,25,145,0,0,1
26,147,25,146,0,0,1
26,148,25,147,0,0,1
26,149,25,148,0,0,1
26,150,25,149,0,0,1
26,151,25,150,0,0,1
26,152,25,151,0,0,1
26,153,25,152,0,0,1
26,154,25,153,0,0,1
26,155,25,154,0,0,1
26,156,25,155,0,0,1
26,157,25,156,0,0,1
26,158,25,157,0,0,1
26,159,25,158,0,0,1
26,160,25,159,0,0,1
26,161,25,160,0,0,1
26,162,25,161,0,0,1
26,163,25,162,0,0,1
26,164,25,163,0,0,1
26,165,25,164,0,0,1
26,166,25,165,0,0,1
26,167,25,166,0,0,1
26,168,25,167,0,0,1
26,169,25,168,0,0,1
26,170,25,169,0,0,1
26,171,25,170,0,0,1
26,172,25,171,0,0,1
26,173,25,172,0,0,1
26,174,25,173,0,0,1
26,175,25,174,0,0,1
26,176,25,175,0,0,1
26,177,25,176,0,0,1
26,178,25,177,0,0,1
26,179,25,178,0,0,1
26,180,25,179,0,0,1
26,181,25,180,0,0,1
26,182,25,181,0,0,1
26,183,25,182,0,0,1
26,184,25,183,0,0,1
26,185,25,184,0,0,1
26,186,25,185,0,0,1
26,187,25,186,0,0,1
26,188,25,187,0,0,1
26,189,25,188,0,0,1
26,190,25,189,0,0,1
26,191,25,190,0,0,1
26,192,25,191,0,0,1
26,193,25,192,0,0,1
26,194,25,193,0,0,1
26,195,25,194,0,0,1
26,196,25,195,0,0,1
26,197,25,196,0,0,1
26,198,25,197,0,0,1
26,199,25,198,0,0,1
26,200,25,199,0,0,1
26,201,25,200,0,0,1
26,202,25,201,0,0,1
26,203,25,202,0,0,1
26,204,25,203,0,0,1
26,205,25,204,0,0,1
26,206,25,205,0,0,1
26,207,25,206,0,0,1
26,208,25,207,0,0,1
26,209,25,208,0,0,1
26,210,25,209,0,0,1
26,211,25,210,0,0,1
26,212,25,211,0,0,1
26,213,25,212,0,0,1
26,214,25,213,0,0,1
26,215,25,214,0,0,1
26,216,25,215,0,0,1
26,217,25,216,0,0,1
26,218,25,217,0,0,1
26,219,25,218,0,0,1
26,220,25,219,0,0,1
26,221,25,220,0,0,1
26,222,25,221,0,0,1
26,223,25,222,0,0,1
26,224,25,223,0,0,1
26,225,25,228,0,0,1
26,226,25,225,0,0,1
26,227,25,226,0,0,1
26,228,25,227,0,0,1
26,229,25,224,0,0,1
26,230,25,229,0,0,1
26,231,25,230,0,0,1
26,232,25,231,0,0,1
26,233,25,232,0,0,1
26,234,25,233,0,0,1
26,235,25,234,0,0,1
26,236,25,235,0,0,1
26,237,25,236,0,0,1
26,238,25,237,0,0,1
26,239,25,238,0,0,1
26,240,25,239,0,0,1
26,241,25,240,0,0,1
26,242,25,241,0,0,1
26,243,25,242,0,0,1
27,28,26,27,30,29,6
27,29,26,28,23,22,6
27,30,26,29,22,21,6
27,31,26,30,26,24,6
27,32,26,31,25,24,6
27,33,26,32,24,21,6
27,34,26,33,17,15,6
27,35,26,34,17,0,1
27,36,26,35,15,0,1
27,37,26,36,0,0,1
27,38,26,37,0,0,1
27,39,26,38,0,0,1
27,40,26,39,0,0,1
27,41,26,40,0,0,1
27,42,26,41,0,0,1
27,43,26,42,0,0,1
27,44,26,43,0,0,1
27,45,26,44,0,0,1
27,46,26,45,0,0,1
27,47,26,46,0,0,1
27,48,26,47,0,0,1
27,49,26,48,0,0,1
27,50,26,49,0,0,1
27,51,26,50,0,0,1
27,52,26,51,0,0,1
27,53,26,52,0,0,1
27,54,26,53,0,0,1
27,55,26,54,0,0,1
27,56,26,55,0,0,1
27,57,26,56,0,0,1
27,58,26,57,0,0,1
27,59,26,58,0,0,1
27,60,26,59,0,0,1
27,61,26,60,0,0,1
27,62,26,61,0,0,1
27,63,26,62,0,0,1
27,64,26,63,0,0,1
27,65,26,64,0,0,1
27,66,26,65,0,0,1
27,67,26,66,0,0,1
27,68,26,67,0,0,1
27,69,26,68,0,0,1
27,70,26,69,0,0,1
27,71,26,70,0,0,1
27,72,26,71,0,0,1
27,73,26,72,0,0,1
27,74,26,73,0,0,1
27,75,26,74,0,0,1
27,76,26,75,0,0,1
27,77,26,76,0,0,1
27,78,26,77,0,0,1
27,79,26,78,0,0,1
27,80,26,79,0,0,1
27,81,26,80,0,0,1
27,82,26,81,0,0,1
27,83,26,82,0,0,1
27,84,26,83,0,0,1
27,85,26,84,0,0,1
27,86,26,85,0,0,1
27,87,26,86,0,0,1
27,88,26,87,0,0,1
27,89,26,88,0,0,1
27,90,26,89,0,0,1
27,91,26,90,0,0,1
27,92,26,91,0,0,1
27,93,26,92,0,0,1
27,94,26,93,0,0,1
27,95,26,94,0,0,1
27,96,26,95,0,0,1
27,97,26,96,0,0,1
27,98,26,97,0,0,1
27,99,26,98,0,0,1
27,100,26,99,0,0,1
27,101,26,100,0,0,1
27,102,26,101,0,0,1
27,103,26,102,0,0,1
27,104,26,103,0,0,1
27,105,26,104,0,0,1
27,106,26,105,0,0,1
27,107,26,106,0,0,1
27,108,26,107,0,0,1
27,109,26,108,0,0,1
27,110,26,109,0,0,1
27,111,26,110,0,0,1
27,112,26,111,0,0,1
27,113,26,112,0,0,1
27,114,26,113,0,0,1
27,115,26,114,0,0,1
27,116,26,115,0,0,1
27,117,26,116,0,0,1
27,118,26,117,0,0,1
27,119,26,118,0,0,1
27,120,26,119,0,0,1
27,121,26,120,0,0,1
27,122,26,121,0,0,1
27,123,26,122,0,0,1
27,124,26,123,0,0,1
27,125,26,124,0,0,1
27,126,26,125,0,0,1
27,127,26,126,0,0,1
27,128,26,127,0,0,1
27,129,26,128,0,0,1
27,130,26,129,0,0,1
27,131,26,130,0,0,1
27,132,26,131,0,0,1
27,133,26,132,0,0,1
27,134,26,133,0,0,1
27,135,26,134,0,0,1
27,136,26,135,0,0,1
27,137,26,136,0,0,1
27,138,26,137,0,0,1
27,139,26,138,0,0,1
27,140,26,139,0,0,1
27,141,26,140,0,0,1
27,142,26,141,0,0,1
27,143,26,142,0,0,1
27,144,26,143,0,0,1
27,145,26,144,0,0,1
27,146,26,145,0,0,1
27,147,26,146,0,0,1
27,148,26,147,0,0,1
27,149,26,148,0,0,1
27,150,26,149,0,0,1
27,151,26,150,0,0,1
27,152,26,151,0,0,1
27,153,26,152,0,0,1
27,154,26,153,0,0,1
27,155,26,154,0,0,1
27,156,26,155,0,0,1
27,157,26,156,0,0,1
27,158,26,157,0,0,1
27,159,26,158,0,0,1
27,160,26,159,0,0,1
27,161,26,160,0,0,1
27,162,26,161,0,0,1
27,163,26,162,0,0,1
27,164,26,163,0,0,1
27,165,26,164,0,0,1
27,166,26,165,0,0,1
27,167,26,166,0,0,1
27,168,26,167,0,0,1
27,169,26,168,0,0,1
27,170,26,169,0,0,1
27,171,26,170,0,0,1
27,172,26,171,0,0,1
27,173,26,172,0,0,1
27,174,26,173,0,0,1
27,175,26,174,0,0,1
27,176,26,175,0,0,1
27,177,26,176,0,0,1
27,178,26,177,0,0,1
27,179,26,178,0,0,1
27,180,26,179,0,0,1
27,181,26,180,0,0,1
27,182,26,181,0,0,1
27,183,26,182,0,0,1
27,184,26,183,0,0,1
27,185,26,184,0,0,1
27,186,26,185,0,0,1
27,187,26,186,0,0,1
27,188,26,187,0,0,1
27,189,26,188,0,0,1
27,190,26,189,0,0,1
27,191,26,190,0,0,1
27,192,26,191,0,0,1
27,193,26,192,0,0,1
27,194,26,193,0,0,1
27,195,26,194,0,0,1
27,196,26,195,0,0,1
27,197,26,196,0,0,1
27,198,26,197,0,0,1
27,199,26,198,0,0,1
27,200,26,199,0,0,1
27,201,26,200,0,0,1
27,202,26,201,0,0,1
27,203,26,202,0,0,1
27,204,26,203,0,0,1
27,205,26,204,0,0,1
27,206,26,205,0,0,1
27,207,26,206,0,0,1
27,208,26,207,0,0,1
27,209,26,208,0,0,1
27,210,26,209,0,0,1
27,211,26,210,0,0,1
27,212,26,211,0,0,1
27,213,26,212,0,0,1
27,214,26,213,0,0,1
27,215,26,214,0,0,1
27,216,26,215,0,0,1
27,217,26,216,0,0,1
27,218,26,217,0,0,1
27,219,26,218,0,0,1
27,220,26,219,0,0,1
27,221,26,220,0,0,1
27,222,26,221,0,0,1
27,223,26,222,0,0,1
27,224,26,223,0,0,1
27,225,26,228,0,0,1
27,226,26,225,0,0,1
27,227,26,226,0,0,1
27,228,26,227,0,0,1
27,229,26,224,0,0,1
27,230,26,229,0,0,1
27,231,26,230,0,0,1
27,232,26,231,0,0,1
27,233,26,232,0,0,1
27,234,26,233,0,0,1
27,235,26,234,0,0,1
27,236,26,235,0,0,1
27,237,26,236,0,0,1
27,238,26,237,0,0,1
27,239,26,238,0,0,1
27,240,26,239,0,0,1
27,241,26,240,0,0,1
27,242,26,241,0,0,1
27,243,26,242,0,0,1
28,29,27,28,28,28,6
28,30,27,29,25,24,6
28,31,27,30,29,28,6
28,32,27,31,26,25,6
28,33,27,32,24,21,6
28,34,27,33,17,0,1
28,35,27,34,0,0,1
28,36,27,35,0,0,1
28,37,27,36,0,0,1
28,38,27,37,0,0,1
28,39,27,38,0,0,1
28,40,27,39,0,0,1
28,41,27,40,0,0,1
28,42,27,41,0,0,1
28,43,27,42,0,0,1
28,44,27,43,0,0,1
28,45,27,44,0,0,1
28,46,27,45,0,0,1
28,47,27,46,0,0,1
28,48,27,47,0,0,1
28,49,27,48,0,0,1
28,50,27,49,0,0,1
28,51,27,50,0,0,1
28,52,27,51,0,0,1
28,53,27,52,0,0,1
28,54,27,53,0,0,1
28,55,27,54,0,0,1
28,56,27,55,0,0,1
28,57,27,56,0,0,1
28,58,27,57,0,0,1
28,59,27,58,0,0,1
28,60,27,59,0,0,1
28,61,27,60,0,0,1
28,62,27,61,0,0,1
28,63,27,62,0,0,1
28,64,27,63,0,0,1
28,65,27,64,0,0,1
28,66,27,65,0,0,1
28,67,27,66,0,0,1
28,68,27,67,0,0,1
28,69,27,68,0,0,1
28,70,27,69,0,0,1
28,71,27,70,0,0,1
28,72,27,71,0,0,1
28,73,27,72,0,0,1
28,74,27,73,0,0,1
28,75,27,74,0,0,1
28,76,27,75,0,0,1
28,77,27,76,0,0,1
28,78,27,77,0,0,1
28,79,27,78,0,0,1
28,80,27,79,0,0,1
28,81,27,80,0,0,1
28,82,27,81,0,0,1
28,83,27,82,0,0,1
28,84,27,83,0,0,1
28,85,27,84,0,0,1
28,86,27,85,0,0,1
28,87,27,86,0,0,1
28,88,27,87,0,0,1
28,89,27,88,0,0,1
28,90,27,89,0,0,1
28,91,27,90,0,0,1
28,92,27,91,0,0,1
28,93,27,92,0,0,1
28,94,27,93,0,0,1
28,95,27,94,0,0,1
28,96,27,95,0,0,1
28,97,27,96,0,0,1
28,98,27,97,0,0,1
28,99,27,98,0,0,1
28,100,27,99,0,0,1
28,101,27,100,0,0,1
28,102,27,101,0,0,1
28,103,27,102,0,0,1
28,104,27,103,0,0,1
28,105,27,104,0,0,1
28,106,27,105,0,0,1
28,107,27,106,0,0,1
28,108,27,107,0,0,1
28,109,27,108,0,0,1
28,110,27,109,0,0,1
28,111,27,110,0,0,1
28,112,27,111,0,0,1
28,113,27,112,0,0,1
28,114,27,113,0,0,1
28,115,27,114,0,0,1
28,116,27,115,0,0,1
28,117,27,116,0,0,1
28,118,27,117,0,0,1
28,119,27,118,0,0,1
28,120,27,119,0,0,1
28,121,27,120,0,0,1
28,122,27,121,0,0,1
28,123,27,122,0,0,1
28,124,27,123,0,0,1
28,125,27,124,0,0,1
28,126,27,125,0,0,1
28,127,27,126,0,0,1
28,128,27,127,0,0,1
28,129,27,128,0,0,1
28,130,27,129,0,0,1
28,131,27,130,0,0,1
28,132,27,131,0,0,1
28,133,27,132,0,0,1
28,134,27,133,0,0,1
28,135,27,134,0,0,1
28,136,27,135,0,0,1
28,137,27,136,0,0,1
28,138,27,137,0,0,1
28,139,27,138,0,0,1
28,140,27,139,0,0,1
28,141,27,140,0,0,1
28,142,27,141,0,0,1
28,143,27,142,0,0,1
28,144,27,143,0,0,1
28,145,27,144,0,0,1
28,146,27,145,0,0,1
28,147,27,146,0,0,1
28,148,27,147,0,0,1
28,149,27,148,0,0,1
28,150,27,149,0,0,1
28,151,27,150,0,0,1
28,152,27,151,0,0,1
28,153,27,152,0,0,1
28,154,27,153,0,0,1
28,155,27,154,0,0,1
28,156,27,155,0,0,1
28,157,27,156,0,0,1
28,158,27,157,0,0,1
28,159,27,158,0,0,1
28,160,27,159,0,0,1
28,161,27,160,0,0,1
28,162,27,161,0,0,1
28,163,27,162,0,0,1
28,164,27,163,0,0,1
28,165,27,164,0,0,1
28,166,27,165,0,0,1
28,167,27,166,0,0,1
28,168,27,167,0,0,1
28,169,27,168,0,0,1
28,170,27,169,0,0,1
28,171,27,170,0,0,1
28,172,27,171,0,0,1
28,173,27,172,0,0,1
28,174,27,173,0,0,1
28,175,27,174,0,0,1
28,176,27,175,0,0,1
28,177,27,176,0,0,1
28,178,27,177,0,0,1
28,179,27,178,0,0,1
28,180,27,179,0,0,1
28,181,27,180,0,0,1
28,182,27,181,0,0,1
28,183,27,182,0,0,1
28,184,27,183,0,0,1
28,185,27,184,0,0,1
28,186,27,185,0,0,1
28,187,27,186,0,0,1
28,188,27,187,0,0,1
28,189,27,188,0,0,1
28,190,27,189,0,0,1
28,191,27,190,0,0,1
28,192,27,191,0,0,1
28,193,27,192,0,0,1
28,194,27,193,0,0,1
28,195,27,194,0,0,1
28,196,27,195,0,0,1
28,197,27,196,0,0,1
28,198,27,197,0,0,1
28,199,27,198,0,0,1
28,200,27,199,0,0,1
28,201,27,200,0,0,1
28,202,27,201,0,0,1
28,203,27,202,0,0,1
28,204,27,203,0,0,1
28,205,27,204,0,0,1
28,206,27,205,0,0,1
28,207,27,206,0,0,1
28,208,27,207,0,0,1
28,209,27,208,0,0,1
28,210,27,209,0,0,1
28,211,27,210,0,0,1
28,212,27,211,0,0,1
28,213,27,212,0,0,1
28,214,27,213,0,0,1
28,215,27,214,0,0,1
28,216,27,215,0,0,1
28,217,27,216,0,0,1
28,218,27,217,0,0,1
28,219,27,218,0,0,1
28,220,27,219,0,0,1
28,221,27,220,0,0,1
28,222,27,221,0,0,1
28,223,27,222,0,0,1
28,224,27,223,0,0,1
28,225,27,228,0,0,1
28,226,27,225,0,0,1
28,227,27,226,0,0,1
28,228,27,227,0,0,1
28,229,27,224,0,0,1
28,230,27,229,0,0,1
28,231,27,230,0,0,1
28,232,27,231,0,0,1
28,233,27,232,0,0,1
28,234,27,233,0,0,1
28,235,27,234,0,0,1
28,236,27,235,0,0,1
28,237,27,236,0,0,1
28,238,27,237,0,0,1
28,239,27,238,0,0,1
28,240,27,239,0,0,1
28,241,27,240,0,0,1
28,242,27,241,0,0,1
28,243,27,242,0,0,1
29,30,28,29,27,27,6
29,31,28,30,33,32,6
29,32,28,31,25,24,6
29,33,28,32,22,20,6
29,34,28,33,15,0,1
29,35,28,34,0,0,1
29,36,28,35,0,0,1
29,37,28,36,0,0,1
29,38,28,37,0,0,1
29,39,28,38,0,0,1
29,40,28,39,0,0,1
29,41,28,40,0,0,1
29,42,28,41,0,0,1
29,43,28,42,0,0,1
29,44,28,43,0,0,1
29,45,28,44,0,0,1
29,46,28,45,0,0,1
29,47,28,46,0,0,1
29,48,28,47,0,0,1
29,49,28,48,0,0,1
29,50,28,49,0,0,1
29,51,28,50,0,0,1
29,52,28,51,0,0,1
29,53,28,52,0,0,1
29,54,28,53,0,0,1
29,55,28,54,0,0,1
29,56,28,55,0,0,1
29,57,28,56,0,0,1
29,58,28,57,0,0,1
29,59,28,58,0,0,1
29,60,28,59,0,0,1
29,61,28,60,0,0,1
29,62,28,61,0,0,1
29,63,28,62,0,0,1
29,64,28,63,0,0,1
29,65,28,64,0,0,1
29,66,28,65,0,0,1
29,67,28,66,0,0,1
29,68,28,67,0,0,1
29,69,28,68,0,0,1
29,70,28,69,0,0,1
29,71,28,70,0,0,1
29,72,28,71,0,0,1
29,73,28,72,0,0,1
29,74,28,73,0,0,1
29,75,28,74,0,0,1
29,76,28,75,0,0,1
29,77,28,76,0,0,1
29,78,28,77,0,0,1
29,79,28,78,0,0,1
29,80,28,79,0,0,1
29,81,28,80,0,0,1
29,82,28,81,0,0,1
29,83,28,82,0,0,1
29,84,28,83,0,0,1
29,85,28,84,0,0,1
29,86,28,85,0,0,1
29,87,28,86,0,0,1
29,88,28,87,0,0,1
29,89,28,88,0,0,1
29,90,28,89,0,0,1
29,91,28,90,0,0,1
29,92,28,91,0,0,1
29,93,28,92,0,0,1
29,94,28,93,0,0,1
29,95,28,94,0,0,1
29,96,28,95,0,0,1
29,97,28,96,0,0,1
29,98,28,97,0,0,1
29,99,28,98,0,0,1
29,100,28,99,0,0,1
29,101,28,100,0,0,1
29,102,28,101,0,0,1
29,103,28,102,0,0,1
29,104,28,103,0,0,1
29,105,28,104,0,0,1
29,106,28,105,0,0,1
29,107,28,106,0,0,1
29,108,28,107,0,0,1
29,109,28,108,0,0,1
29,110,28,109,0,0,1
29,111,28,110,0,0,1
29,112,28,111,0,0,1
29,113,28,112,0,0,1
29,114,28,113,0,0,1
29,115,28,114,0,0,1
29,116,28,115,0,0,1
29,117,28,116,0,0,1
29,118,28,117,0,0,1
29,119,28,118,0,0,1
29,120,28,119,0,0,1
29,121,28,120,0,0,1
29,122,28,121,0,0,1
29,123,28,122,0,0,1
29,124,28,123,0,0,1
29,125,28,124,0,0,1
29,126,28,125,0,0,1
29,127,28,126,0,0,1
29,128,28,127,0,0,1
29,129,28,128,0,0,1
29,130,28,129,0,0,1
29,131,28,130,0,0,1
29,132,28,131,0,0,1
29,133,28,132,0,0,1
29,134,28,133,0,0,1
29,135,28,134,0,0,1
29,136,28,135,0,0,1
29,137,28,136,0,0,1
29,138,28,137,0,0,1
29,139,28,138,0,0,1
29,140,28,139,0,0,1
29,141,28,140,0,0,1
29,142,28,141,0,0,1
29,143,28,142,0,0,1
29,144,28,143,0,0,1
29,145,28,144,0,0,1
29,146,28,145,0,0,1
29,147,28,146,0,0,1
29,148,28,147,0,0,1
29,149,28,148,0,0,1
29,150,28,149,0,0,1
29,151,28,150,0,0,1
29,152,28,151,0,0,1
29,153,28,152,0,0,1
29,154,28,153,0,0,1
29,155,28,154,0,0,1
29,156,28,155,0,0,1
29,157,28,156,0,0,1
29,158,28,157,0,0,1
29,159,28,158,0,0,1
29,160,28,159,0,0,1
29,161,28,160,0,0,1
29,162,28,161,0,0,1
29,163,28,162,0,0,1
29,164,28,163,0,0,1
29,165,28,164,0,0,1
29,166,28,165,0,0,1
29,167,28,166,0,0,1
29,168,28,167,0,0,1
29,169,28,168,0,0,1
29,170,28,169,0,0,1
29,171,28,170,0,0,1
29,172,28,171,0,0,1
29,173,28,172,0,0,1
29,174,28,173,0,0,1
29,175,28,174,0,0,1
29,176,28,175,0,0,1
29,177,28,176,0,0,1
29,178,28,177,0,0,1
29,179,28,178,0,0,1
29,180,28,179,0,0,1
29,181,28,180,0,0,1
29,182,28,181,0,0,1
29,183,28,182,0,0,1
29,184,28,183,0,0,1
29,185,28,184,0,0,1
29,186,28,185,0,0,1
29,187,28,186,0,0,1
29,188,28,187,0,0,1
29,189,28,188,0,0,1
29,190,28,189,0,0,1
29,191,28,190,0,0,1
29,192,28,191,0,0,1
29,193,28,192,0,0,1
29,194,28,193,0,0,1
29,195,28,194,0,0,1
29,196,28,195,0,0,1
29,197,28,196,0,0,1
29,198,28,197,0,0,1
29,199,28,198,0,0,1
29,200,28,199,0,0,1
29,201,28,200,0,0,1
29,202,28,201,0,0,1
29,203,28,202,0,0,1
29,204,28,203,0,0,1
29,205,28,204,0,0,1
29,206,28,205,0,0,1
29,207,28,206,0,0,1
29,208,28,207,0,0,1
29,209,28,208,0,0,1
29,210,28,209,0,0,1
29,211,28,210,0,0,1
29,212,28,211,0,0,1
29,213,28,212,0,0,1
29,214,28,213,0,0,1
29,215,28,214,0,0,1
29,216,28,215,0,0,1
29,217,28,216,0,0,1
29,218,28,217,0,0,1
29,219,28,218,0,0,1
29,220,28,219,0,0,1
29,221,28,220,0,0,1
29,222,28,221,0,0,1
29,223,28,222,0,0,1
29,224,28,223,0,0,1
29,225,28,228,0,0,1
29,226,28,225,0,0,1
29,227,28,226,0,0,1
29,228,28,227,0,0,1
29,229,28,224,0,0,1
29,230,28,229,0,0,1
29,231,28,230,0,0,1
29,232,28,231,0,0,1
29,233,28,232,0,0,1
29,234,28,233,0,0,1
29,235,28,234,0,0,1
29,236,28,235,0,0,1
29,237,28,236,0,0,1
29,238,28,237,0,0,1
29,239,28,238,0,0,1
29,240,28,239,0,0,1
29,241,28,240,0,0,1
29,242,28,241,0,0,1
29,243,28,242,0,0,1
30,31,29,30,0,0,1
30,32,29,31,26,25,6
30,33,29,32,25,23,6
30,34,29,33,17,0,1
30,35,29,34,0,0,1
30,36,29,35,0,0,1
30,37,29,36,0,0,1
30,38,29,37,0,0,1
30,39,29,38,0,0,1
30,40,29,39,0,0,1
30,41,29,40,0,0,1
30,42,29,41,0,0,1
30,43,29,42,0,0,1
30,44,29,43,0,0,1
30,45,29,44,0,0,1
30,46,29,45,0,0,1
30,47,29,46,0,0,1
30,48,29,47,0,0,1
30,49,29,48,0,0,1
30,50,29,49,0,0,1
30,51,29,50,0,0,1
30,52,29,51,0,0,1
30,53,29,52,0,0,1
30,54,29,53,0,0,1
30,55,29,54,0,0,1
30,56,29,55,0,0,1
30,57,29,56,0,0,1
30,58,29,57,0,0,1
30,59,29,58,0,0,1
30,60,29,59,0,0,1
30,61,29,60,0,0,1
30,62,29,61,0,0,1
30,63,29,62,0,0,1
30,64,29,63,0,0,1
30,65,29,64,0,0,1
30,66,29,65,0,0,1
30,67,29,66,0,0,1
30,68,29,67,0,0,1
30,69,29,68,0,0,1
30,70,29,69,0,0,1
30,71,29,70,0,0,1
30,72,29,71,0,0,1
30,73,29,72,0,0,1
30,74,29,73,0,0,1
30,75,29,74,0,0,1
30,76,29,75,0,0,1
30,77,29,76,0,0,1
30,78,29,77,0,0,1
30,79,29,78,0,0,1
30,80,29,79,0,0,1
30,81,29,80,0,0,1
30,82,29,81,0,0,1
30,83,29,82,0,0,1
30,84,29,83,0,0,1
30,85,29,84,0,0,1
30,86,29,85,0,0,1
30,87,29,86,0,0,1
30,88,29,87,0,0,1
30,89,29,88,0,0,1
30,90,29,89,0,0,1
30,91,29,90,0,0,1
30,92,29,91,0,0,1
30,93,29,92,0,0,1
30,94,29,93,0,0,1
30,95,29,94,0,0,1
30,96,29,95,0,0,1
30,97,29,96,0,0,1
30,98,29,97,0,0,1
30,99,29,98,0,0,1
30,100,29,99,0,0,1
30,101,29,100,0,0,1
30,102,29,101,0,0,1
30,103,29,102,0,0,1
30,104,29,103,0,0,1
30,105,29,104,0,0,1
30,106,29,105,0,0,1
30,107,29,106,0,0,1
30,108,29,107,0,0,1
30,109,29,108,0,0,1
30,110,29,109,0,0,1
30,111,29,110,0,0,1
30,112,29,111,0,0,1
30,113,29,112,0,0,1
30,114,29,113,0,0,1
30,115,29,114,0,0,1
30,116,29,115,0,0,1
30,117,29,116,0,0,1
30,118,29,117,0,0,1
30,119,29,118,0,0,1
30,120,29,119,0,0,1
30,121,29,120,0,0,1
30,122,29,121,0,0,1
30,123,29,122,0,0,1
30,124,29,123,0,0,1
30,125,29,124,0,0,1
30,126,29,125,0,0,1
30,127,29,126,0,0,1
30,128,29,127,0,0,1
30,129,29,128,0,0,1
30,130,29,129,0,0,1
30,131,29,130,0,0,1
30,132,29,131,0,0,1
30,133,29,132,0,0,1
30,134,29,133,0,0,1
30,135,29,134,0,0,1
30,136,29,135,0,0,1
30,137,29,136,0,0,1
30,138,29,137,0,0,1
30,139,29,138,0,0,1
30,140,29,139,0,0,1
30,141,29,140,0,0,1
30,142,29,141,0,0,1
30,143,29,142,0,0,1
30,144,29,143,0,0,1
30,145,29,144,0,0,1
30,146,29,145,0,0,1
30,147,29,146,0,0,1
30,148,29,147,0,0,1
30,149,29,148,0,0,1
30,150,29,149,0,0,1
30,151,29,150,0,0,1
30,152,29,151,0,0,1
30,153,29,152,0,0,1
30,154,29,153,0,0,1
30,155,29,154,0,0,1
30,156,29,155,0,0,1
30,157,29,156,0,0,1
30,158,29,157,0,0,1
30,159,29,158,0,0,1
30,160,29,159,0,0,1
30,161,29,160,0,0,1
30,162,29,161,0,0,1
30,163,29,162,0,0,1
30,164,29,163,0,0,1
30,165,29,164,0,0,1
30,166,29,165,0,0,1
30,167,29,166,0,0,1
30,168,29,167,0,0,1
30,169,29,168,0,0,1
30,170,29,169,0,0,1
30,171,29,170,0,0,1
30,172,29,171,0,0,1
30,173,29,172,0,0,1
30,174,29,173,0,0,1
30,175,29,174,0,0,1
30,176,29,175,0,0,1
30,177,29,176,0,0,1
30,178,29,177,0,0,1
30,179,29,178,0,0,1
30,180,29,179,0,0,1
30,181,29,180,0,0,1
30,182,29,181,0,0,1
30,183,29,182,0,0,1
30,184,29,183,0,0,1
30,185,29,184,0,0,1
30,186,29,185,0,0,1
30,187,29,186,0,0,1
30,188,29,187,0,0,1
30,189,29,188,0,0,1
30,190,29,189,0,0,1
30,191,29,190,0,0,1
30,192,29,191,0,0,1
30,193,29,192,0,0,1
30,194,29,193,0,0,1
30,195,29,194,0,0,1
30,196,29,195,0,0,1
30,197,29,196,0,0,1
30,198,29,197,0,0,1
30,199,29,198,0,0,1
30,200,29,199,0,0,1
30,201,29,200,0,0,1
30,202,29,201,0,0,1
30,203,29,202,0,0,1
30,204,29,203,0,0,1
30,205,29,204,0,0,1
30,206,29,205,0,0,1
30,207,29,206,0,0,1
30,208,29,207,0,0,1
30,209,29,208,0,0,1
30,210,29,209,0,0,1
30,211,29,210,0,0,1
30,212,29,211,0,0,1
30,213,29,212,0,0,1
30,214,29,213,0,0,1
30,215,29,214,0,0,1
30,216,29,215,0,0,1
30,217,29,216,0,0,1
30,218,29,217,0,0,1
30,219,29,218,0,0,1
30,220,29,219,0,0,1
30,221,29,220,0,0,1
30,222,29,221,0,0,1
30,223,29,222,0,0,1
30,224,29,223,0,0,1
30,225,29,228,0,0,1
30,226,29,225,0,0,1
30,227,29,226,0,0,1
30,228,29,227,0,0,1
30,229,29,224,0,0,1
30,230,29,229,0,0,1
30,231,29,230,0,0,1
30,232,29,231,0,0,1
30,233,29,232,0,0,1
30,234,29,233,0,0,1
30,235,29,234,0,0,1
30,236,29,235,0,0,1
30,237,29,236,0,0,1
30,238,29,237,0,0,1
30,239,29,238,0,0,1
30,240,29,239,0,0,1
30,241,29,240,0,0,1
30,242,29,241,0,0,1
30,243,29,242,0,0,1
31,32,30,31,34,34,6
31,33,30,32,31,31,6
31,34,30,33,19,17,6
31,35,30,34,17,15,6
31,36,30,35,18,17,6
31,37,30,36,16,0,1
31,38,30,37,0,0,1
31,39,30,38,16,0,1
31,40,30,39,16,0,1
31,41,30,40,0,0,1
31,42,30,41,18,15,6
31,43,30,42,0,0,1
31,44,30,43,0,0,1
31,45,30,44,0,0,1
31,46,30,45,0,0,1
31,47,30,46,15,0,1
31,48,30,47,15,0,1
31,49,30,48,0,0,1
31,50,30,49,0,0,1
31,51,30,50,0,0,1
31,52,30,51,0,0,1
31,53,30,52,0,0,1
31,54,30,53,0,0,1
31,55,30,54,0,0,1
31,56,30,55,0,0,1
31,57,30,56,0,0,1
31,58,30,57,0,0,1
31,59,30,58,0,0,1
31,60,30,59,0,0,1
31,61,30,60,0,0,1
31,62,30,61,0,0,1
31,63,30,62,0,0,1
31,64,30,63,0,0,1
31,65,30,64,0,0,1
31,66,30,65,0,0,1
31,67,30,66,0,0,1
31,68,30,67,0,0,1
31,69,30,68,0,0,1
31,70,30,69,0,0,1
31,71,30,70,0,0,1
31,72,30,71,0,0,1
31,73,30,72,0,0,1
31,74,30,73,0,0,1
31,75,30,74,0,0,1
31,76,30,75,0,0,1
31,77,30,76,0,0,1
31,78,30,77,0,0,1
31,79,30,78,0,0,1
31,80,30,79,0,0,1
31,81,30,80,0,0,1
31,82,30,81,0,0,1
31,83,30,82,0,0,1
31,84,30,83,0,0,1
31,85,30,84,0,0,1
31,86,30,85,0,0,1
31,87,30,86,0,0,1
31,88,30,87,0,0,1
31,89,30,88,0,0,1
31,90,30,89,0,0,1
31,91,30,90,0,0,1
31,92,30,91,0,0,1
31,93,30,92,0,0,1
31,94,30,93,0,0,1
31,95,30,94,0,0,1
31,96,30,95,0,0,1
31,97,30,96,0,0,1
31,98,30,97,0,0,1
31,99,30,98,0,0,1
31,100,30,99,0,0,1
31,101,30,100,0,0,1
31,102,30,101,0,0,1
31,103,30,102,0,0,1
31,104,30,103,0,0,1
31,105,30,104,0,0,1
31,106,30,105,0,0,1
31,107,30,106,0,0,1
31,108,30,107,0,0,1
31,109,30,108,0,0,1
31,110,30,109,0,0,1
31,111,30,110,0,0,1
31,112,30,111,0,0,1
31,113,30,112,0,0,1
31,114,30,113,0,0,1
31,115,30,114,0,0,1
31,116,30,115,0,0,1
31,117,30,116,0,0,1
31,118,30,117,0,0,1
31,119,30,118,0,0,1
31,120,30,119,0,0,1
31,121,30,120,0,0,1
31,122,30,121,0,0,1
31,123,30,122,0,0,1
31,124,30,123,0,0,1
31,125,30,124,0,0,1
31,126,30,125,0,0,1
31,127,30,126,0,0,1
31,128,30,127,0,0,1
31,129,30,128,0,0,1
31,130,30,129,0,0,1
31,131,30,130,0,0,1
31,132,30,131,0,0,1
31,133,30,132,0,0,1
31,134,30,133,0,0,1
31,135,30,134,0,0,1
31,136,30,135,0,0,1
31,137,30,136,0,0,1
31,138,30,137,0,0,1
31,139,30,138,0,0,1
31,140,30,139,0,0,1
31,141,30,140,0,0,1
31,142,30,141,0,0,1
31,143,30,142,0,0,1
31,144,30,143,0,0,1
31,145,30,144,0,0,1
31,146,30,145,0,0,1
31,147,30,146,0,0,1
31,148,30,147,0,0,1
31,149,30,148,0,0,1
31,150,30,149,0,0,1
31,151,30,150,0,0,1
31,152,30,151,0,0,1
31,153,30,152,0,0,1
31,154,30,153,0,0,1
31,155,30,154,0,0,1
31,156,30,155,0,0,1
31,157,30,156,0,0,1
31,158,30,157,0,0,1
31,159,30,158,0,0,1
31,160,30,159,0,0,1
31,161,30,160,0,0,1
31,162,30,161,0,0,1
31,163,30,162,0,0,1
31,164,30,163,0,0,1
31,165,30,164,0,0,1
31,166,30,165,0,0,1
31,167,30,166,0,0,1
31,168,30,167,0,0,1
31,169,30,168,0,0,1
31,170,30,169,0,0,1
31,171,30,170,0,0,1
31,172,30,171,0,0,1
31,173,30,172,0,0,1
31,174,30,173,0,0,1
31,175,30,174,0,0,1
31,176,30,175,0,0,1
31,177,30,176,0,0,1
31,178,30,177,0,0,1
31,179,30,178,0,0,1
31,180,30,179,0,0,1
31,181,30,180,0,0,1
31,182,30,181,0,0,1
31,183,30,182,0,0,1
31,184,30,183,0,0,1
31,185,30,184,0,0,1
31,186,30,185,0,0,1
31,187,30,186,0,0,1
31,188,30,187,0,0,1
31,189,30,188,0,0,1
31,190,30,189,0,0,1
31,191,30,190,0,0,1
31,192,30,191,0,0,1
31,193,30,192,0,0,1
31,194,30,193,0,0,1
31,195,30,194,0,0,1
31,196,30,195,0,0,1
31,197,30,196,0,0,1
31,198,30,197,0,0,1
31,199,30,198,0,0,1
31,200,30,199,0,0,1
31,201,30,200,0,0,1
31,202,30,201,0,0,1
31,203,30,202,0,0,1
31,204,30,203,0,0,1
31,205,30,204,0,0,1
31,206,30,205,0,0,1
31,207,30,206,0,0,1
31,208,30,207,0,0,1
31,209,30,208,0,0,1
31,210,30,209,0,0,1
31,211,30,210,0,0,1
31,212,30,211,0,0,1
31,213,30,212,0,0,1
31,214,30,213,0,0,1
31,215,30,214,0,0,1
31,216,30,215,0,0,1
31,217,30,216,0,0,1
31,218,30,217,0,0,1
31,219,30,218,0,0,1
31,220,30,219,0,0,1
31,221,30,220,0,0,1
31,222,30,221,0,0,1
31,223,30,222,0,0,1
31,224,30,223,0,0,1
31,225,30,228,0,0,1
31,226,30,225,0,0,1
31,227,30,226,0,0,1
31,228,30,227,0,0,1
31,229,30,224,0,0,1
31,230,30,229,0,0,1
31,231,30,230,0,0,1
31,232,30,231,0,0,1
31,233,30,232,0,0,1
31,234,30,233,0,0,1
31,235,30,234,0,0,1
31,236,30,235,0,0,1
31,237,30,236,0,0,1
31,238,30,237,0,0,1
31,239,30,238,0,0,1
31,240,30,239,0,0,1
31,241,30,240,0,0,1
31,242,30,241,0,0,1
31,243,30,242,0,0,1
32,33,31,32,41,39,6
32,34,31,33,26,23,6
32,35,31,34,20,18,6
32,36,31,35,24,24,3
32,37,31,36,17,0,1
32,38,31,37,0,0,1
32,39,31,38,15,0,1
32,40,31,39,16,16,6
32,41,31,40,17,16,6
32,42,31,41,17,16,6
32,43,31,42,15,0,1
32,44,31,43,0,0,1
32,45,31,44,15,15,3
32,46,31,45,17,16,3
32,47,31,46,16,15,3
32,48,31,47,15,15,3
32,49,31,48,0,0,1
32,50,31,49,0,0,1
32,51,31,50,0,0,1
32,52,31,51,0,0,1
32,53,31,52,0,0,1
32,54,31,53,0,0,1
32,55,31,54,0,0,1
32,56,31,55,0,0,1
32,57,31,56,0,0,1
32,58,31,57,0,0,1
32,59,31,58,0,0,1
32,60,31,59,0,0,1
32,61,31,60,0,0,1
32,62,31,61,0,0,1
32,63,31,62,0,0,1
32,64,31,63,0,0,1
32,65,31,64,0,0,1
32,66,31,65,0,0,1
32,67,31,66,0,0,1
32,68,31,67,0,0,1
32,69,31,68,0,0,1
32,70,31,69,0,0,1
32,71,31,70,0,0,1
32,72,31,71,0,0,1
32,73,31,72,0,0,1
32,74,31,73,0,0,1
32,75,31,74,0,0,1
32,76,31,75,0,0,1
32,77,31,76,0,0,1
32,78,31,77,0,0,1
32,79,31,78,0,0,1
32,80,31,79,0,0,1
32,81,31,80,0,0,1
32,82,31,81,0,0,1
32,83,31,82,0,0,1
32,84,31,83,0,0,1
32,85,31,84,0,0,1
32,86,31,85,0,0,1
32,87,31,86,0,0,1
32,88,31,87,0,0,1
32,89,31,88,0,0,1
32,90,31,89,0,0,1
32,91,31,90,0,0,1
32,92,31,91,0,0,1
32,93,31,92,0,0,1
32,94,31,93,0,0,1
32,95,31,94,0,0,1
32,96,31,95,0,0,1
32,97,31,96,0,0,1
32,98,31,97,0,0,1
32,99,31,98,0,0,1
32,100,31,99,0,0,1
32,101,31,100,0,0,1
32,102,31,101,0,0,1
32,103,31,102,0,0,1
32,104,31,103,0,0,1
32,105,31,104,0,0,1
32,106,31,105,0,0,1
32,107,31,106,0,0,1
32,108,31,107,0,0,1
32,109,31,108,0,0,1
32,110,31,109,0,0,1
32,111,31,110,0,0,1
32,112,31,111,0,0,1
32,113,31,112,0,0,1
32,114,31,113,0,0,1
32,115,31,114,0,0,1
32,116,31,115,0,0,1
32,117,31,116,0,0,1
32,118,31,117,0,0,1
32,119,31,118,0,0,1
32,120,31,119,0,0,1
32,121,31,120,0,0,1
32,122,31,121,0,0,1
32,123,31,122,0,0,1
32,124,31,123,0,0,1
32,125,31,124,0,0,1
32,126,31,125,0,0,1
32,127,31,126,0,0,1
32,128,31,127,0,0,1
32,129,31,128,0,0,1
32,130,31,129,0,0,1
32,131,31,130,0,0,1
32,132,31,131,0,0,1
32,133,31,132,0,0,1
32,134,31,133,0,0,1
32,135,31,134,0,0,1
32,136,31,135,0,0,1
32,137,31,136,0,0,1
32,138,31,137,0,0,1
32,139,31,138,0,0,1
32,140,31,139,0,0,1
32,141,31,140,0,0,1
32,142,31,141,0,0,1
32,143,31,142,0,0,1
32,144,31,143,0,0,1
32,145,31,144,0,0,1
32,146,31,145,0,0,1
32,147,31,146,0,0,1
32,148,31,147,0,0,1
32,149,31,148,0,0,1
32,150,31,149,0,0,1
32,151,31,150,0,0,1
32,152,31,151,0,0,1
32,153,31,152,0,0,1
32,154,31,153,0,0,1
32,155,31,154,0,0,1
32,156,31,155,0,0,1
32,157,31,156,0,0,1
32,158,31,157,0,0,1
32,159,31,158,0,0,1
32,160,31,159,0,0,1
32,161,31,160,0,0,1
32,162,31,161,0,0,1
32,163,31,162,0,0,1
32,164,31,163,0,0,1
32,165,31,164,0,0,1
32,166,31,165,0,0,1
32,167,31,166,0,0,1
32,168,31,167,0,0,1
32,169,31,168,0,0,1
32,170,31,169,0,0,1
32,171,31,170,0,0,1
32,172,31,171,0,0,1
32,173,31,172,0,0,1
32,174,31,173,0,0,1
32,175,31,174,0,0,1
32,176,31,175,0,0,1
32,177,31,176,0,0,1
32,178,31,177,0,0,1
32,179,31,178,0,0,1
32,180,31,179,0,0,1
32,181,31,180,0,0,1
32,182,31,181,0,0,1
32,183,31,182,0,0,1
32,184,31,183,0,0,1
32,185,31,184,0,0,1
32,186,31,185,0,0,1
32,187,31,186,0,0,1
32,188,31,187,0,0,1
32,189,31,188,0,0,1
32,190,31,189,0,0,1
32,191,31,190,0,0,1
32,192,31,191,0,0,1
32,193,31,192,0,0,1
32,194,31,193,0,0,1
32,195,31,194,0,0,1
32,196,31,195,0,0,1
32,197,31,196,0,0,1
32,198,31,197,0,0,1
32,199,31,198,0,0,1
32,200,31,199,0,0,1
32,201,31,200,0,0,1
32,202,31,201,0,0,1
32,203,31,202,0,0,1
32,204,31,203,0,0,1
32,205,31,204,0,0,1
32,206,31,205,0,0,1
32,207,31,206,0,0,1
32,208,31,207,0,0,1
32,209,31,208,0,0,1
32,210,31,209,0,0,1
32,211,31,210,0,0,1
32,212,31,211,0,0,1
32,213,31,212,0,0,1
32,214,31,213,0,0,1
32,215,31,214,0,0,1
32,216,31,215,0,0,1
32,217,31,216,0,0,1
32,218,31,217,0,0,1
32,219,31,218,0,0,1
32,220,31,219,0,0,1
32,221,31,220,0,0,1
32,222,31,221,0,0,1
32,223,31,222,0,0,1
32,224,31,223,0,0,1
32,225,31,228,0,0,1
32,226,31,225,0,0,1
32,227,31,226,0,0,1
32,228,31,227,0,0,1
32,229,31,224,0,0,1
32,230,31,229,0,0,1
32,231,31,230,0,0,1
32,232,31,231,0,0,1
32,233,31,232,0,0,1
32,234,31,233,0,0,1
32,235,31,234,0,0,1
32,236,31,235,0,0,1
32,237,31,236,0,0,1
32,238,31,237,0,0,1
32,239,31,238,0,0,1
32,240,31,239,0,0,1
32,241,31,240,0,0,1
32,242,31,241,0,0,1
32,243,31,242,0,0,1
33,34,32,33,28,26,6
33,35,32,34,26,22,6
33,36,32,35,22,20,6
33,37,32,36,20,18,6
33,38,32,37,0,0,1
33,39,32,38,17,0,1
33,40,32,39,18,17,6
33,41,32,40,18,17,6
33,42,32,41,18,18,3
33,43,32,42,0,0,1
33,44,32,43,0,0,1
33,45,32,44,15,0,1
33,46,32,45,0,0,1
33,47,32,46,0,0,1
33,48,32,47,0,0,1
33,49,32,48,0,0,1
33,50,32,49,0,0,1
33,51,32,50,0,0,1
33,52,32,51,0,0,1
33,53,32,52,0,0,1
33,54,32,53,0,0,1
33,55,32,54,0,0,1
33,56,32,55,0,0,1
33,57,32,56,0,0,1
33,58,32,57,0,0,1
33,59,32,58,0,0,1
33,60,32,59,0,0,1
33,61,32,60,0,0,1
33,62,32,61,0,0,1
33,63,32,62,0,0,1
33,64,32,63,0,0,1
33,65,32,64,0,0,1
33,66,32,65,0,0,1
33,67,32,66,0,0,1
33,68,32,67,0,0,1
33,69,32,68,0,0,1
33,70,32,69,0,0,1
33,71,32,70,0,0,1
33,72,32,71,0,0,1
33,73,32,72,0,0,1
33,74,32,73,0,0,1
33,75,32,74,0,0,1
33,76,32,75,0,0,1
33,77,32,76,0,0,1
33,78,32,77,0,0,1
33,79,32,78,0,0,1
33,80,32,79,0,0,1
33,81,32,80,0,0,1
33,82,32,81,0,0,1
33,83,32,82,0,0,1
33,84,32,83,0,0,1
33,85,32,84,0,0,1
33,86,32,85,0,0,1
33,87,32,86,0,0,1
33,88,32,87,0,0,1
33,89,32,88,0,0,1
33,90,32,89,0,0,1
33,91,32,90,0,0,1
33,92,32,91,0,0,1
33,93,32,92,0,0,1
33,94,32,93,0,0,1
33,95,32,94,0,0,1
33,96,32,95,0,0,1
33,97,32,96,0,0,1
33,98,32,97,0,0,1
33,99,32,98,0,0,1
33,100,32,99,0,0,1
33,101,32,100,0,0,1
33,102,32,101,0,0,1
33,103,32,102,0,0,1
33,104,32,103,0,0,1
33,105,32,104,0,0,1
33,106,32,105,0,0,1
33,107,32,106,0,0,1
33,108,32,107,0,0,1
33,109,32,108,0,0,1
33,110,32,109,0,0,1
33,111,32,110,0,0,1
33,112,32,111,0,0,1
33,113,32,112,0,0,1
33,114,32,113,0,0,1
33,115,32,114,0,0,1
33,116,32,115,0,0,1
33,117,32,116,0,0,1
33,118,32,117,0,0,1
33,119,32,118,0,0,1
33,120,32,119,0,0,1
33,121,32,120,0,0,1
33,122,32,121,0,0,1
33,123,32,122,0,0,1
33,124,32,123,0,0,1
33,125,32,124,0,0,1
33,126,32,125,0,0,1
33,127,32,126,0,0,1
33,128,32,127,0,0,1
33,129,32,128,0,0,1
33,130,32,129,0,0,1
33,131,32,130,0,0,1
33,132,32,131,0,0,1
33,133,32,132,0,0,1
33,134,32,133,0,0,1
33,135,32,134,0,0,1
33,136,32,135,0,0,1
33,137,32,136,0,0,1
33,138,32,137,0,0,1
33,139,32,138,0,0,1
33,140,32,139,0,0,1
33,141,32,140,0,0,1
33,142,32,141,0,0,1
33,143,32,142,0,0,1
33,144,32,143,0,0,1
33,145,32,144,0,0,1
33,146,32,145,0,0,1
33,147,32,146,0,0,1
33,148,32,147,0,0,1
33,149,32,148,0,0,1
33,150,32,149,0,0,1
33,151,32,150,0,0,1
33,152,32,151,0,0,1
33,153,32,152,0,0,1
33,154,32,153,0,0,1
33,155,32,154,0,0,1
33,156,32,155,0,0,1
33,157,32,156,0,0,1
33,158,32,157,0,0,1
33,159,32,158,0,0,1
33,160,32,159,0,0,1
33,161,32,160,0,0,1
33,162,32,161,0,0,1
33,163,32,162,0,0,1
33,164,32,163,0,0,1
33,165,32,164,0,0,1
33,166,32,165,0,0,1
33,167,32,166,0,0,1
33,168,32,167,0,0,1
33,169,32,168,0,0,1
33,170,32,169,0,0,1
33,171,32,170,0,0,1
33,172,32,171,0,0,1
33,173,32,172,0,0,1
33,174,32,173,0,0,1
33,175,32,174,0,0,1
33,176,32,175,0,0,1
33,177,32,176,0,0,1
33,178,32,177,0,0,1
33,179,32,178,0,0,1
33,180,32,179,0,0,1
33,181,32,180,0,0,1
33,182,32,181,0,0,1
33,183,32,182,0,0,1
33,184,32,183,0,0,1
33,185,32,184,0,0,1
33,186,32,185,0,0,1
33,187,32,186,0,0,1
33,188,32,187,0,0,1
33,189,32,188,0,0,1
33,190,32,189,0,0,1
33,191,32,190,0,0,1
33,192,32,191,0,0,1
33,193,32,192,0,0,1
33,194,32,193,0,0,1
33,195,32,194,0,0,1
33,196,32,195,0,0,1
33,197,32,196,0,0,1
33,198,32,197,0,0,1
33,199,32,198,0,0,1
33,200,32,199,0,0,1
33,201,32,200,0,0,1
33,202,32,201,0,0,1
33,203,32,202,0,0,1
33,204,32,203,0,0,1
33,205,32,204,0,0,1
33,206,32,205,0,0,1
33,207,32,206,0,0,1
33,208,32,207,0,0,1
33,209,32,208,0,0,1
33,210,32,209,0,0,1
33,211,32,210,0,0,1
33,212,32,211,0,0,1
33,213,32,212,0,0,1
33,214,32,213,0,0,1
33,215,32,214,0,0,1
33,216,32,215,0,0,1
33,217,32,216,0,0,1
33,218,32,217,0,0,1
33,219,32,218,0,0,1
33,220,32,219,0,0,1
33,221,32,220,0,0,1
33,222,32,221,0,0,1
33,223,32,222,0,0,1
33,224,32,223,0,0,1
33,225,32,228,0,0,1
33,226,32,225,0,0,1
33,227,32,226,0,0,1
33,228,32,227,0,0,1
33,229,32,224,0,0,1
33,230,32,229,0,0,1
33,231,32,230,0,0,1
33,232,32,231,0,0,1
33,233,32,232,0,0,1
33,234,32,233,0,0,1
33,235,32,234,0,0,1
33,236,32,235,0,0,1
33,237,32,236,0,0,1
33,238,32,237,0,0,1
33,239,32,238,0,0,1
33,240,32,239,0,0,1
33,241,32,240,0,0,1
33,242,32,241,0,0,1
33,243,32,242,0,0,1
34,35,33,34,21,20,6
34,36,33,35,20,19,6
34,37,33,36,16,16,6
34,38,33,37,0,0,1
34,39,33,38,0,0,1
34,40,33,39,16,16,6
34,41,33,40,0,0,1
34,42,33,41,15,15,3
34,43,33,42,0,0,1
34,44,33,43,0,0,1
34,45,33,44,0,0,1
34,46,33,45,15,15,3
34,47,33,46,0,0,1
34,48,33,47,0,0,1
34,49,33,48,0,0,1
34,50,33,49,0,0,1
34,51,33,50,0,0,1
34,52,33,51,0,0,1
34,53,33,52,0,0,1
34,54,33,53,0,0,1
34,55,33,54,0,0,1
34,56,33,55,0,0,1
34,57,33,56,0,0,1
34,58,33,57,0,0,1
34,59,33,58,0,0,1
34,60,33,59,0,0,1
34,61,33,60,0,0,1
34,62,33,61,0,0,1
34,63,33,62,0,0,1
34,64,33,63,0,0,1
34,65,33,64,0,0,1
34,66,33,65,0,0,1
34,67,33,66,0,0,1
34,68,33,67,0,0,1
34,69,33,68,0,0,1
34,70,33,69,0,0,1
34,71,33,70,0,0,1
34,72,33,71,0,0,1
34,73,33,72,0,0,1
34,74,33,73,0,0,1
34,75,33,74,0,0,1
34,76,33,75,0,0,1
34,77,33,76,0,0,1
34,78,33,77,0,0,1
34,79,33,78,0,0,1
34,80,33,79,0,0,1
34,81,33,80,0,0,1
34,82,33,81,0,0,1
34,83,33,82,0,0,1
34,84,33,83,0,0,1
34,85,33,84,0,0,1
34,86,33,85,0,0,1
34,87,33,86,0,0,1
34,88,33,87,0,0,1
34,89,33,88,0,0,1
34,90,33,89,0,0,1
34,91,33,90,0,0,1
34,92,33,91,0,0,1
34,93,33,92,0,0,1
34,94,33,93,0,0,1
34,95,33,94,0,0,1
34,96,33,95,0,0,1
34,97,33,96,0,0,1
34,98,33,97,0,0,1
34,99,33,98,0,0,1
34,100,33,99,0,0,1
34,101,33,100,0,0,1
34,102,33,101,0,0,1
34,103,33,102,0,0,1
34,104,33,103,0,0,1
34,105,33,104,0,0,1
34,106,33,105,0,0,1
34,107,33,106,0,0,1
34,108,33,107,0,0,1
34,109,33,108,0,0,1
34,110,33,109,0,0,1
34,111,33,110,0,0,1
34,112,33,111,0,0,1
34,113,33,112,0,0,1
34,114,33,113,0,0,1
34,115,33,114,0,0,1
34,116,33,115,0,0,1
34,117,33,116,0,0,1
34,118,33,117,0,0,1
34,119,33,118,0,0,1
34,120,33,119,0,0,1
34,121,33,120,0,0,1
34,122,33,121,0,0,1
34,123,33,122,0,0,1
34,124,33,123,0,0,1
34,125,33,124,0,0,1
34,126,33,125,0,0,1
34,127,33,126,0,0,1
34,128,33,127,0,0,1
34,129,33,128,0,0,1
34,130,33,129,0,0,1
34,131,33,130,0,0,1
34,132,33,131,0,0,1
34,133,33,132,0,0,1
34,134,33,133,0,0,1
34,135,33,134,0,0,1
34,136,33,135,0,0,1
34,137,33,136,0,0,1
34,138,33,137,0,0,1
34,139,33,138,0,0,1
34,140,33,139,0,0,1
34,141,33,140,0,0,1
34,142,33,141,0,0,1
34,143,33,142,0,0,1
34,144,33,143,0,0,1
34,145,33,144,0,0,1
34,146,33,145,0,0,1
34,147,33,146,0,0,1
34,148,33,147,0,0,1
34,149,33,148,0,0,1
34,150,33,149,0,0,1
34,151,33,150,0,0,1
34,152,33,151,0,0,1
34,153,33,152,0,0,1
34,154,33,153,0,0,1
34,155,33,154,0,0,1
34,156,33,155,0,0,1
34,157,33,156,0,0,1
34,158,33,157,0,0,1
34,159,33,158,0,0,1
34,160,33,159,0,0,1
34,161,33,160,0,0,1
34,162,33,161,0,0,1
34,163,33,162,0,0,1
34,164,33,163,0,0,1
34,165,33,164,0,0,1
34,166,33,165,0,0,1
34,167,33,166,0,0,1
34,168,33,167,0,0,1
34,169,33,168,0,0,1
34,170,33,169,0,0,1
34,171,33,170,0,0,1
34,172,33,171,0,0,1
34,173,33,172,0,0,1
34,174,33,173,0,0,1
34,175,33,174,0,0,1
34,176,33,175,0,0,1
34,177,33,176,0,0,1
34,178,33,177,0,0,1
34,179,33,178,0,0,1
34,180,33,179,0,0,1
34,181,33,180,0,0,1
34,182,33,181,0,0,1
34,183,33,182,0,0,1
34,184,33,183,0,0,1
34,185,33,184,0,0,1
34,186,33,185,0,0,1
34,187,33,186,0,0,1
34,188,33,187,0,0,1
34,189,33,188,0,0,1
34,190,33,189,0,0,1
34,191,33,190,0,0,1
34,192,33,191,0,0,1
34,193,33,192,0,0,1
34,194,33,193,0,0,1
34,195,33,194,0,0,1
34,196,33,195,0,0,1
34,197,33,196,0,0,1
34,198,33,197,0,0,1
34,199,33,198,0,0,1
34,200,33,199,0,0,1
34,201,33,200,0,0,1
34,202,33,201,0,0,1
34,203,33,202,0,0,1
34,204,33,203,0,0,1
34,205,33,204,0,0,1
34,206,33,205,0,0,1
34,207,33,206,0,0,1
34,208,33,207,0,0,1
34,209,33,208,0,0,1
34,210,33,209,0,0,1
34,211,33,210,0,0,1
34,212,33,211,0,0,1
34,213,33,212,0,0,1
34,214,33,213,0,0,1
34,215,33,214,0,0,1
34,216,33,215,0,0,1
34,217,33,216,0,0,1
34,218,33,217,0,0,1
34,219,33,218,0,0,1
34,220,33,219,0,0,1
34,221,33,220,0,0,1
34,222,33,221,0,0,1
34,223,33,222,0,0,1
34,224,33,223,0,0,1
34,225,33,228,0,0,1
34,226,33,225,0,0,1
34,227,33,226,0,0,1
34,228,33,227,0,0,1
34,229,33,224,0,0,1
34,230,33,229,0,0,1
34,231,33,230,0,0,1
34,232,33,231,0,0,1
34,233,33,232,0,0,1
34,234,33,233,0,0,1
34,235,33,234,0,0,1
34,236,33,235,0,0,1
34,237,33,236,0,0,1
34,238,33,237,0,0,1
34,239,33,238,0,0,1
34,240,33,239,0,0,1
34,241,33,240,0,0,1
34,242,33,241,0,0,1
34,243,33,242,0,0,1
35,36,34,35,25,21,6
35,37,34,36,23,23,6
35,38,34,37,18,17,6
35,39,34,38,20,17,6
35,40,34,39,22,20,6
35,41,34,40,21,20,6
35,42,34,41,15,0,1
35,43,34,42,16,15,6
35,44,34,43,0,0,1
35,45,34,44,0,0,1
35,46,34,45,16,0,1
35,47,34,46,15,15,3
35,48,34,47,19,19,3
35,49,34,48,0,0,1
35,50,34,49,15,15,3
35,51,34,50,0,0,1
35,52,34,51,0,0,1
35,53,34,52,0,0,1
35,54,34,53,0,0,1
35,55,34,54,0,0,1
35,56,34,55,0,0,1
35,57,34,56,0,0,1
35,58,34,57,0,0,1
35,59,34,58,0,0,1
35,60,34,59,0,0,1
35,61,34,60,0,0,1
35,62,34,61,0,0,1
35,63,34,62,0,0,1
35,64,34,63,0,0,1
35,65,34,64,0,0,1
35,66,34,65,0,0,1
35,67,34,66,0,0,1
35,68,34,67,0,0,1
35,69,34,68,0,0,1
35,70,34,69,0,0,1
35,71,34,70,0,0,1
35,72,34,71,0,0,1
35,73,34,72,0,0,1
35,74,34,73,0,0,1
35,75,34,74,0,0,1
35,76,34,75,0,0,1
35,77,34,76,0,0,1
35,78,34,77,0,0,1
35,79,34,78,0,0,1
35,80,34,79,0,0,1
35,81,34,80,0,0,1
35,82,34,81,0,0,1
35,83,34,82,0,0,1
35,84,34,83,0,0,1
35,85,34,84,0,0,1
35,86,34,85,0,0,1
35,87,34,86,0,0,1
35,88,34,87,0,0,1
35,89,34,88,0,0,1
35,90,34,89,0,0,1
35,91,34,90,0,0,1
35,92,34,91,0,0,1
35,93,34,92,0,0,1
35,94,34,93,0,0,1
35,95,34,94,0,0,1
35,96,34,95,0,0,1
35,97,34,96,0,0,1
35,98,34,97,0,0,1
35,99,34,98,0,0,1
35,100,34,99,0,0,1
35,101,34,100,0,0,1
35,102,34,101,0,0,1
35,103,34,102,0,0,1
35,104,34,103,0,0,1
35,105,34,104,0,0,1
35,106,34,105,0,0,1
35,107,34,106,0,0,1
35,108,34,107,0,0,1
35,109,34,108,0,0,1
35,110,34,109,0,0,1
35,111,34,110,0,0,1
35,112,34,111,0,0,1
35,113,34,112,0,0,1
35,114,34,113,0,0,1
35,115,34,114,0,0,1
35,116,34,115,0,0,1
35,117,34,116,0,0,1
35,118,34,117,0,0,1
35,119,34,118,0,0,1
35,120,34,119,0,0,1
35,121,34,120,0,0,1
35,122,34,121,0,0,1
35,123,34,122,0,0,1
35,124,34,123,0,0,1
35,125,34,124,0,0,1
35,126,34,125,0,0,1
35,127,34,126,0,0,1
35,128,34,127,0,0,1
35,129,34,128,0,0,1
35,130,34,129,0,0,1
35,131,34,130,0,0,1
35,132,34,131,0,0,1
35,133,34,132,0,0,1
35,134,34,133,0,0,1
35,135,34,134,0,0,1
35,136,34,135,0,0,1
35,137,34,136,0,0,1
35,138,34,137,0,0,1
35,139,34,138,0,0,1
35,140,34,139,0,0,1
35,141,34,140,0,0,1
35,142,34,141,0,0,1
35,143,34,142,0,0,1
35,144,34,143,0,0,1
35,145,34,144,0,0,1
35,146,34,145,0,0,1
35,147,34,146,0,0,1
35,148,34,147,0,0,1
35,149,34,148,0,0,1
35,150,34,149,0,0,1
35,151,34,150,0,0,1
35,152,34,151,0,0,1
35,153,34,152,0,0,1
35,154,34,153,0,0,1
35,155,34,154,0,0,1
35,156,34,155,0,0,1
35,157,34,156,0,0,1
35,158,34,157,0,0,1
35,159,34,158,0,0,1
35,160,34,159,0,0,1
35,161,34,160,0,0,1
35,162,34,161,0,0,1
35,163,34,162,0,0,1
35,164,34,163,0,0,1
35,165,34,164,0,0,1
35,166,34,165,0,0,1
35,167,34,166,0,0,1
35,168,34,167,0,0,1
35,169,34,168,0,0,1
35,170,34,169,0,0,1
35,171,34,170,0,0,1
35,172,34,171,0,0,1
35,173,34,172,0,0,1
35,174,34,173,0,0,1
35,175,34,174,0,0,1
35,176,34,175,0,0,1
35,177,34,176,0,0,1
35,178,34,177,0,0,1
35,179,34,178,0,0,1
35,180,34,179,0,0,1
35,181,34,180,0,0,1
35,182,34,181,0,0,1
35,183,34,182,0,0,1
35,184,34,183,0,0,1
35,185,34,184,0,0,1
35,186,34,185,0,0,1
35,187,34,186,0,0,1
35,188,34,187,0,0,1
35,189,34,188,0,0,1
35,190,34,189,0,0,1
35,191,34,190,0,0,1
35,192,34,191,0,0,1
35,193,34,192,0,0,1
35,194,34,193,0,0,1
35,195,34,194,0,0,1
35,196,34,195,0,0,1
35,197,34,196,0,0,1
35,198,34,197,0,0,1
35,199,34,198,0,0,1
35,200,34,199,0,0,1
35,201,34,200,0,0,1
35,202,34,201,0,0,1
35,203,34,202,0,0,1
35,204,34,203,0,0,1
35,205,34,204,0,0,1
35,206,34,205,0,0,1
35,207,34,206,0,0,1
35,208,34,207,0,0,1
35,209,34,208,0,0,1
35,210,34,209,0,0,1
35,211,34,210,0,0,1
35,212,34,211,0,0,1
35,213,34,212,0,0,1
35,214,34,213,0,0,1
35,215,34,214,0,0,1
35,216,34,215,0,0,1
35,217,34,216,0,0,1
35,218,34,217,0,0,1
35,219,34,218,0,0,1
35,220,34,219,0,0,1
35,221,34,220,0,0,1
35,222,34,221,0,0,1
35,223,34,222,0,0,1
35,224,34,223,0,0,1
35,225,34,228,0,0,1
35,226,34,225,0,0,1
35,227,34,226,0,0,1
35,228,34,227,0,0,1
35,229,34,224,0,0,1
35,230,34,229,0,0,1
35,231,34,230,0,0,1
35,232,34,231,0,0,1
35,233,34,232,0,0,1
35,234,34,233,0,0,1
35,235,34,234,0,0,1
35,236,34,235,0,0,1
35,237,34,236,0,0,1
35,238,34,237,0,0,1
35,239,34,238,0,0,1
35,240,34,239,0,0,1
35,241,34,240,0,0,1
35,242,34,241,0,0,1
35,243,34,242,0,0,1
36,37,35,36,26,26,6
36,38,35,37,21,21,6
36,39,35,38,18,17,6
36,40,35,39,18,18,6
36,41,35,40,20,18,6
36,42,35,41,0,0,1
36,43,35,42,0,0,1
36,44,35,43,17,16,6
36,45,35,44,0,0,1
36,46,35,45,15,0,1
36,47,35,46,0,0,1
36,48,35,47,0,0,1
36,49,35,48,15,0,1
36,50,35,49,17,0,1
36,51,35,50,16,0,1
36,52,35,51,0,0,1
36,53,35,52,0,0,1
36,54,35,53,0,0,1
36,55,35,54,0,0,1
36,56,35,55,0,0,1
36,57,35,56,0,0,1
36,58,35,57,0,0,1
36,59,35,58,0,0,1
36,60,35,59,0,0,1
36,61,35,60,0,0,1
36,62,35,61,0,0,1
36,63,35,62,0,0,1
36,64,35,63,0,0,1
36,65,35,64,0,0,1
36,66,35,65,0,0,1
36,67,35,66,0,0,1
36,68,35,67,0,0,1
36,69,35,68,0,0,1
36,70,35,69,0,0,1
36,71,35,70,0,0,1
36,72,35,71,0,0,1
36,73,35,72,0,0,1
36,74,35,73,0,0,1
36,75,35,74,0,0,1
36,76,35,75,0,0,1
36,77,35,76,0,0,1
36,78,35,77,0,0,1
36,79,35,78,0,0,1
36,80,35,79,0,0,1
36,81,35,80,0,0,1
36,82,35,81,0,0,1
36,83,35,82,0,0,1
36,84,35,83,0,0,1
36,85,35,84,0,0,1
36,86,35,85,0,0,1
36,87,35,86,0,0,1
36,88,35,87,0,0,1
36,89,35,88,0,0,1
36,90,35,89,0,0,1
36,91,35,90,0,0,1
36,92,35,91,0,0,1
36,93,35,92,0,0,1
36,94,35,93,0,0,1
36,95,35,94,0,0,1
36,96,35,95,0,0,1
36,97,35,96,0,0,1
36,98,35,97,0,0,1
36,99,35,98,0,0,1
36,100,35,99,0,0,1
36,101,35,100,0,0,1
36,102,35,101,0,0,1
36,103,35,102,0,0,1
36,104,35,103,0,0,1
36,105,35,104,0,0,1
36,106,35,105,0,0,1
36,107,35,106,0,0,1
36,108,35,107,0,0,1
36,109,35,108,0,0,1
36,110,35,109,0,0,1
36,111,35,110,0,0,1
36,112,35,111,0,0,1
36,113,35,112,0,0,1
36,114,35,113,0,0,1
36,115,35,114,0,0,1
36,116,35,115,0,0,1
36,117,35,116,0,0,1
36,118,35,117,0,0,1
36,119,35,118,0,0,1
36,120,35,119,0,0,1
36,121,35,120,0,0,1
36,122,35,121,0,0,1
36,123,35,122,0,0,1
36,124,35,123,0,0,1
36,125,35,124,0,0,1
36,126,35,125,0,0,1
36,127,35,126,0,0,1
36,128,35,127,0,0,1
36,129,35,128,0,0,1
36,130,35,129,0,0,1
36,131,35,130,0,0,1
36,132,35,131,0,0,1
36,133,35,132,0,0,1
36,134,35,133,0,0,1
36,135,35,134,0,0,1
36,136,35,135,0,0,1
36,137,35,136,0,0,1
36,138,35,137,0,0,1
36,139,35,138,0,0,1
36,140,35,139,0,0,1
36,141,35,140,0,0,1
36,142,35,141,0,0,1
36,143,35,142,0,0,1
36,144,35,143,0,0,1
36,145,35,144,0,0,1
36,146,35,145,0,0,1
36,147,35,146,0,0,1
36,148,35,147,0,0,1
36,149,35,148,0,0,1
36,150,35,149,0,0,1
36,151,35,150,0,0,1
36,152,35,151,0,0,1
36,153,35,152,0,0,1
36,154,35,153,0,0,1
36,155,35,154,0,0,1
36,156,35,155,0,0,1
36,157,35,156,0,0,1
36,158,35,157,0,0,1
36,159,35,158,0,0,1
36,160,35,159,0,0,1
36,161,35,160,0,0,1
36,162,35,161,0,0,1
36,163,35,162,0,0,1
36,164,35,163,0,0,1
36,165,35,164,0,0,1
36,166,35,165,0,0,1
36,167,35,166,0,0,1
36,168,35,167,0,0,1
36,169,35,168,0,0,1
36,170,35,169,0,0,1
36,171,35,170,0,0,1
36,172,35,171,0,0,1
36,173,35,172,0,0,1
36,174,35,173,0,0,1
36,175,35,174,0,0,1
36,176,35,175,0,0,1
36,177,35,176,0,0,1
36,178,35,177,0,0,1
36,179,35,178,0,0,1
36,180,35,179,0,0,1
36,181,35,180,0,0,1
36,182,35,181,0,0,1
36,183,35,182,0,0,1
36,184,35,183,0,0,1
36,185,35,184,0,0,1
36,186,35,185,0,0,1
36,187,35,186,0,0,1
36,188,35,187,0,0,1
36,189,35,188,0,0,1
36,190,35,189,0,0,1
36,191,35,190,0,0,1
36,192,35,191,0,0,1
36,193,35,192,0,0,1
36,194,35,193,0,0,1
36,195,35,194,0,0,1
36,196,35,195,0,0,1
36,197,35,196,0,0,1
36,198,35,197,0,0,1
36,199,35,198,0,0,1
36,200,35,199,0,0,1
36,201,35,200,0,0,1
36,202,35,201,0,0,1
36,203,35,202,0,0,1
36,204,35,203,0,0,1
36,205,35,204,0,0,1
36,206,35,205,0,0,1
36,207,35,206,0,0,1
36,208,35,207,0,0,1
36,209,35,208,0,0,1
36,210,35,209,0,0,1
36,211,35,210,0,0,1
36,212,35,211,0,0,1
36,213,35,212,0,0,1
36,214,35,213,0,0,1
36,215,35,214,0,0,1
36,216,35,215,0,0,1
36,217,35,216,0,0,1
36,218,35,217,0,0,1
36,219,35,218,0,0,1
36,220,35,219,0,0,1
36,221,35,220,0,0,1
36,222,35,221,0,0,1
36,223,35,222,0,0,1
36,224,35,223,0,0,1
36,225,35,228,0,0,1
36,226,35,225,0,0,1
36,227,35,226,0,0,1
36,228,35,227,0,0,1
36,229,35,224,0,0,1
36,230,35,229,0,0,1
36,231,35,230,0,0,1
36,232,35,231,0,0,1
36,233,35,232,0,0,1
36,234,35,233,0,0,1
36,235,35,234,0,0,1
36,236,35,235,0,0,1
36,237,35,236,0,0,1
36,238,35,237,0,0,1
36,239,35,238,0,0,1
36,240,35,239,0,0,1
36,241,35,240,0,0,1
36,242,35,241,0,0,1
36,243,35,242,0,0,1
37,38,36,37,21,20,6
37,39,36,38,24,20,6
37,40,36,39,24,23,6
37,41,36,40,23,23,6
37,42,36,41,19,19,6
37,43,36,42,0,0,1
37,44,36,43,0,0,1
37,45,36,44,16,0,1
37,46,36,45,15,15,3
37,47,36,46,17,15,6
37,48,36,47,15,0,1
37,49,36,48,16,15,3
37,50,36,49,15,0,1
37,51,36,50,0,0,1
37,52,36,51,0,0,1
37,53,36,52,0,0,1
37,54,36,53,0,0,1
37,55,36,54,0,0,1
37,56,36,55,0,0,1
37,57,36,56,0,0,1
37,58,36,57,0,0,1
37,59,36,58,0,0,1
37,60,36,59,0,0,1
37,61,36,60,0,0,1
37,62,36,61,0,0,1
37,63,36,62,0,0,1
37,64,36,63,0,0,1
37,65,36,64,0,0,1
37,66,36,65,0,0,1
37,67,36,66,0,0,1
37,68,36,67,0,0,1
37,69,36,68,0,0,1
37,70,36,69,0,0,1
37,71,36,70,0,0,1
37,72,36,71,0,0,1
37,73,36,72,0,0,1
37,74,36,73,0,0,1
37,75,36,74,0,0,1
37,76,36,75,0,0,1
37,77,36,76,0,0,1
37,78,36,77,0,0,1
37,79,36,78,0,0,1
37,80,36,79,0,0,1
37,81,36,80,0,0,1
37,82,36,81,0,0,1
37,83,36,82,0,0,1
37,84,36,83,0,0,1
37,85,36,84,0,0,1
37,86,36,85,0,0,1
37,87,36,86,0,0,1
37,88,36,87,0,0,1
37,89,36,88,0,0,1
37,90,36,89,0,0,1
37,91,36,90,0,0,1
37,92,36,91,0,0,1
37,93,36,92,0,0,1
37,94,36,93,0,0,1
37,95,36,94,0,0,1
37,96,36,95,0,0,1
37,97,36,96,0,0,1
37,98,36,97,0,0,1
37,99,36,98,0,0,1
37,100,36,99,0,0,1
37,101,36,100,0,0,1
37,102,36,101,0,0,1
37,103,36,102,0,0,1
37,104,36,103,0,0,1
37,105,36,104,0,0,1
37,106,36,105,0,0,1
37,107,36,106,0,0,1
37,108,36,107,0,0,1
37,109,36,108,0,0,1
37,110,36,109,0,0,1
37,111,36,110,0,0,1
37,112,36,111,0,0,1
37,113,36,112,0,0,1
37,114,36,113,0,0,1
37,115,36,114,0,0,1
37,116,36,115,0,0,1
37,117,36,116,0,0,1
37,118,36,117,0,0,1
37,119,36,118,0,0,1
37,120,36,119,0,0,1
37,121,36,120,0,0,1
37,122,36,121,0,0,1
37,123,36,122,0,0,1
37,124,36,123,0,0,1
37,125,36,124,0,0,1
37,126,36,125,0,0,1
37,127,36,126,0,0,1
37,128,36,127,0,0,1
37,129,36,128,0,0,1
37,130,36,129,0,0,1
37,131,36,130,0,0,1
37,132,36,131,0,0,1
37,133,36,132,0,0,1
37,134,36,133,0,0,1
37,135,36,134,0,0,1
37,136,36,135,0,0,1
37,137,36,136,0,0,1
37,138,36,137,0,0,1
37,139,36,138,0,0,1
37,140,36,139,0,0,1
37,141,36,140,0,0,1
37,142,36,141,0,0,1
37,143,36,142,0,0,1
37,144,36,143,0,0,1
37,145,36,144,0,0,1
37,146,36,145,0,0,1
37,147,36,146,0,0,1
37,148,36,147,0,0,1
37,149,36,148,0,0,1
37,150,36,149,0,0,1
37,151,36,150,0,0,1
37,152,36,151,0,0,1
37,153,36,152,0,0,1
37,154,36,153,0,0,1
37,155,36,154,0,0,1
37,156,36,155,0,0,1
37,157,36,156,0,0,1
37,158,36,157,0,0,1
37,159,36,158,0,0,1
37,160,36,159,0,0,1
37,161,36,160,0,0,1
37,162,36,161,0,0,1
37,163,36,162,0,0,1
37,164,36,163,0,0,1
37,165,36,164,0,0,1
37,166,36,165,0,0,1
37,167,36,166,0,0,1
37,168,36,167,0,0,1
37,169,36,168,0,0,1
37,170,36,169,0,0,1
37,171,36,170,0,0,1
37,172,36,171,0,0,1
37,173,36,172,0,0,1
37,174,36,173,0,0,1
37,175,36,174,0,0,1
37,176,36,175,0,0,1
37,177,36,176,0,0,1
37,178,36,177,0,0,1
37,179,36,178,0,0,1
37,180,36,179,0,0,1
37,181,36,180,0,0,1
37,182,36,181,0,0,1
37,183,36,182,0,0,1
37,184,36,183,0,0,1
37,185,36,184,0,0,1
37,186,36,185,0,0,1
37,187,36,186,0,0,1
37,188,36,187,0,0,1
37,189,36,188,0,0,1
37,190,36,189,0,0,1
37,191,36,190,0,0,1
37,192,36,191,0,0,1
37,193,36,192,0,0,1
37,194,36,193,0,0,1
37,195,36,194,0,0,1
37,196,36,195,0,0,1
37,197,36,196,0,0,1
37,198,36,197,0,0,1
37,199,36,198,0,0,1
37,200,36,199,0,0,1
37,201,36,200,0,0,1
37,202,36,201,0,0,1
37,203,36,202,0,0,1
37,204,36,203,0,0,1
37,205,36,204,0,0,1
37,206,36,205,0,0,1
37,207,36,206,0,0,1
37,208,36,207,0,0,1
37,209,36,208,0,0,1
37,210,36,209,0,0,1
37,211,36,210,0,0,1
37,212,36,211,0,0,1
37,213,36,212,0,0,1
37,214,36,213,0,0,1
37,215,36,214,0,0,1
37,216,36,215,0,0,1
37,217,36,216,0,0,1
37,218,36,217,0,0,1
37,219,36,218,0,0,1
37,220,36,219,0,0,1
37,221,36,220,0,0,1
37,222,36,221,0,0,1
37,223,36,222,0,0,1
37,224,36,223,0,0,1
37,225,36,228,0,0,1
37,226,36,225,0,0,1
37,227,36,226,0,0,1
37,228,36,227,0,0,1
37,229,36,224,0,0,1
37,230,36,229,0,0,1
37,231,36,230,0,0,1
37,232,36,231,0,0,1
37,233,36,232,0,0,1
37,234,36,233,0,0,1
37,235,36,234,0,0,1
37,236,36,235,0,0,1
37,237,36,236,0,0,1
37,238,36,237,0,0,1
37,239,36,238,0,0,1
37,240,36,239,0,0,1
37,241,36,240,0,0,1
37,242,36,241,0,0,1
37,243,36,242,0,0,1
38,39,37,38,29,28,6
38,40,37,39,25,25,6
38,41,37,40,21,21,6
38,42,37,41,15,0,1
38,43,37,42,0,0,1
38,44,37,43,0,0,1
38,45,37,44,18,16,6
38,46,37,45,0,0,1
38,47,37,46,0,0,1
38,48,37,47,0,0,1
38,49,37,48,0,0,1
38,50,37,49,0,0,1
38,51,37,50,0,0,1
38,52,37,51,0,0,1
38,53,37,52,0,0,1
38,54,37,53,0,0,1
38,55,37,54,0,0,1
38,56,37,55,0,0,1
38,57,37,56,0,0,1
38,58,37,57,0,0,1
38,59,37,58,0,0,1
38,60,37,59,0,0,1
38,61,37,60,0,0,1
38,62,37,61,0,0,1
38,63,37,62,0,0,1
38,64,37,63,0,0,1
38,65,37,64,0,0,1
38,66,37,65,0,0,1
38,67,37,66,0,0,1
38,68,37,67,0,0,1
38,69,37,68,0,0,1
38,70,37,69,0,0,1
38,71,37,70,0,0,1
38,72,37,71,0,0,1
38,73,37,72,0,0,1
38,74,37,73,0,0,1
38,75,37,74,0,0,1
38,76,37,75,0,0,1
38,77,37,76,0,0,1
38,78,37,77,0,0,1
38,79,37,78,0,0,1
38,80,37,79,0,0,1
38,81,37,80,0,0,1
38,82,37,81,0,0,1
38,83,37,82,0,0,1
38,84,37,83,0,0,1
38,85,37,84,0,0,1
38,86,37,85,0,0,1
38,87,37,86,0,0,1
38,88,37,87,0,0,1
38,89,37,88,0,0,1
38,90,37,89,0,0,1
38,91,37,90,0,0,1
38,92,37,91,0,0,1
38,93,37,92,0,0,1
38,94,37,93,0,0,1
38,95,37,94,0,0,1
38,96,37,95,0,0,1
38,97,37,96,0,0,1
38,98,37,97,0,0,1
38,99,37,98,0,0,1
38,100,37,99,0,0,1
38,101,37,100,0,0,1
38,102,37,101,0,0,1
38,103,37,102,0,0,1
38,104,37,103,0,0,1
38,105,37,104,0,0,1
38,106,37,105,0,0,1
38,107,37,106,0,0,1
38,108,37,107,0,0,1
38,109,37,108,0,0,1
38,110,37,109,0,0,1
38,111,37,110,0,0,1
38,112,37,111,0,0,1
38,113,37,112,0,0,1
38,114,37,113,0,0,1
38,115,37,114,0,0,1
38,116,37,115,0,0,1
38,117,37,116,0,0,1
38,118,37,117,0,0,1
38,119,37,118,0,0,1
38,120,37,119,0,0,1
38,121,37,120,0,0,1
38,122,37,121,0,0,1
38,123,37,122,0,0,1
38,124,37,123,0,0,1
38,125,37,124,0,0,1
38,126,37,125,0,0,1
38,127,37,126,0,0,1
38,128,37,127,0,0,1
38,129,37,128,0,0,1
38,130,37,129,0,0,1
38,131,37,130,0,0,1
38,132,37,131,0,0,1
38,133,37,132,0,0,1
38,134,37,133,0,0,1
38,135,37,134,0,0,1
38,136,37,135,0,0,1
38,137,37,136,0,0,1
38,138,37,137,0,0,1
38,139,37,138,0,0,1
38,140,37,139,0,0,1
38,141,37,140,0,0,1
38,142,37,141,0,0,1
38,143,37,142,0,0,1
38,144,37,143,0,0,1
38,145,37,144,0,0,1
38,146,37,145,0,0,1
38,147,37,146,0,0,1
38,148,37,147,0,0,1
38,149,37,148,0,0,1
38,150,37,149,0,0,1
38,151,37,150,0,0,1
38,152,37,151,0,0,1
38,153,37,152,0,0,1
38,154,37,153,0,0,1
38,155,37,154,0,0,1
38,156,37,155,0,0,1
38,157,37,156,0,0,1
38,158,37,157,0,0,1
38,159,37,158,0,0,1
38,160,37,159,0,0,1
38,161,37,160,0,0,1
38,162,37,161,0,0,1
38,163,37,162,0,0,1
38,164,37,163,0,0,1
38,165,37,164,0,0,1
38,166,37,165,0,0,1
38,167,37,166,0,0,1
38,168,37,167,0,0,1
38,169,37,168,0,0,1
38,170,37,169,0,0,1
38,171,37,170,0,0,1
38,172,37,171,0,0,1
38,173,37,172,0,0,1
38,174,37,173,0,0,1
38,175,37,174,0,0,1
38,176,37,175,0,0,1
38,177,37,176,0,0,1
38,178,37,177,0,0,1
38,179,37,178,0,0,1
38,180,37,179,0,0,1
38,181,37,180,0,0,1
38,182,37,181,0,0,1
38,183,37,182,0,0,1
38,184,37,183,0,0,1
38,185,37,184,0,0,1
38,186,37,185,0,0,1
38,187,37,186,0,0,1
38,188,37,187,0,0,1
38,189,37,188,0,0,1
38,190,37,189,0,0,1
38,191,37,190,0,0,1
38,192,37,191,0,0,1
38,193,37,192,0,0,1
38,194,37,193,0,0,1
38,195,37,194,0,0,1
38,196,37,195,0,0,1
38,197,37,196,0,0,1
38,198,37,197,0,0,1
38,199,37,198,0,0,1
38,200,37,199,0,0,1
38,201,37,200,0,0,1
38,202,37,201,0,0,1
38,203,37,202,0,0,1
38,204,37,203,0,0,1
38,205,37,204,0,0,1
38,206,37,205,0,0,1
38,207,37,206,0,0,1
38,208,37,207,0,0,1
38,209,37,208,0,0,1
38,210,37,209,0,0,1
38,211,37,210,0,0,1
38,212,37,211,0,0,1
38,213,37,212,0,0,1
38,214,37,213,0,0,1
38,215,37,214,0,0,1
38,216,37,215,0,0,1
38,217,37,216,0,0,1
38,218,37,217,0,0,1
38,219,37,218,0,0,1
38,220,37,219,0,0,1
38,221,37,220,0,0,1
38,222,37,221,0,0,1
38,223,37,222,0,0,1
38,224,37,223,0,0,1
38,225,37,228,0,0,1
38,226,37,225,0,0,1
38,227,37,226,0,0,1
38,228,37,227,0,0,1
38,229,37,224,0,0,1
38,230,37,229,0,0,1
38,231,37,230,0,0,1
38,232,37,231,0,0,1
38,233,37,232,0,0,1
38,234,37,233,0,0,1
38,235,37,234,0,0,1
38,236,37,235,0,0,1
38,237,37,236,0,0,1
38,238,37,237,0,0,1
38,239,37,238,0,0,1
38,240,37,239,0,0,1
38,241,37,240,0,0,1
38,242,37,241,0,0,1
38,243,37,242,0,0,1
39,40,38,39,35,33,6
39,41,38,40,25,25,6
39,42,38,41,20,19,6
39,43,38,42,16,0,1
39,44,38,43,15,0,1
39,45,38,44,19,16,6
39,46,38,45,19,18,3
39,47,38,46,15,0,1
39,48,38,47,0,0,1
39,49,38,48,17,0,1
39,50,38,49,0,0,1
39,51,38,50,15,0,1
39,52,38,51,0,0,1
39,53,38,52,0,0,1
39,54,38,53,0,0,1
39,55,38,54,0,0,1
39,56,38,55,0,0,1
39,57,38,56,0,0,1
39,58,38,57,16,16,3
39,59,38,58,0,0,1
39,60,38,59,0,0,1
39,61,38,60,0,0,1
39,62,38,61,0,0,1
39,63,38,62,0,0,1
39,64,38,63,0,0,1
39,65,38,64,0,0,1
39,66,38,65,0,0,1
39,67,38,66,0,0,1
39,68,38,67,0,0,1
39,69,38,68,0,0,1
39,70,38,69,0,0,1
39,71,38,70,0,0,1
39,72,38,71,0,0,1
39,73,38,72,0,0,1
39,74,38,73,0,0,1
39,75,38,74,0,0,1
39,76,38,75,0,0,1
39,77,38,76,0,0,1
39,78,38,77,0,0,1
39,79,38,78,0,0,1
39,80,38,79,0,0,1
39,81,38,80,0,0,1
39,82,38,81,0,0,1
39,83,38,82,0,0,1
39,84,38,83,0,0,1
39,85,38,84,0,0,1
39,86,38,85,0,0,1
39,87,38,86,0,0,1
39,88,38,87,0,0,1
39,89,38,88,0,0,1
39,90,38,89,0,0,1
39,91,38,90,0,0,1
39,92,38,91,0,0,1
39,93,38,92,0,0,1
39,94,38,93,0,0,1
39,95,38,94,0,0,1
39,96,38,95,0,0,1
39,97,38,96,0,0,1
39,98,38,97,0,0,1
39,99,38,98,0,0,1
39,100,38,99,0,0,1
39,101,38,100,0,0,1
39,102,38,101,0,0,1
39,103,38,102,0,0,1
39,104,38,103,0,0,1
39,105,38,104,0,0,1
39,106,38,105,0,0,1
39,107,38,106,0,0,1
39,108,38,107,0,0,1
39,109,38,108,0,0,1
39,110,38,109,0,0,1
39,111,38,110,0,0,1
39,112,38,111,0,0,1
39,113,38,112,0,0,1
39,114,38,113,0,0,1
39,115,38,114,0,0,1
39,116,38,115,0,0,1
39,117,38,116,0,0,1
39,118,38,117,0,0,1
39,119,38,118,0,0,1
39,120,38,119,0,0,1
39,121,38,120,0,0,1
39,122,38,121,0,0,1
39,123,38,122,0,0,1
39,124,38,123,0,0,1
39,125,38,124,0,0,1
39,126,38,125,0,0,1
39,127,38,126,0,0,1
39,128,38,127,0,0,1
39,129,38,128,0,0,1
39,130,38,129,0,0,1
39,131,38,130,0,0,1
39,132,38,131,0,0,1
39,133,38,132,0,0,1
39,134,38,133,0,0,1
39,135,38,134,0,0,1
39,136,38,135,0,0,1
39,137,38,136,0,0,1
39,138,38,137,0,0,1
39,139,38,138,0,0,1
39,140,38,139,0,0,1
39,141,38,140,0,0,1
39,142,38,141,0,0,1
39,143,38,142,0,0,1
39,144,38,143,0,0,1
39,145,38,144,0,0,1
39,146,38,145,0,0,1
39,147,38,146,0,0,1
39,148,38,147,0,0,1
39,149,38,148,0,0,1
39,150,38,149,0,0,1
39,151,38,150,0,0,1
39,152,38,151,0,0,1
39,153,38,152,0,0,1
39,154,38,153,0,0,1
39,155,38,154,0,0,1
39,156,38,155,0,0,1
39,157,38,156,0,0,1
39,158,38,157,0,0,1
39,159,38,158,0,0,1
39,160,38,159,0,0,1
39,161,38,160,0,0,1
39,162,38,161,0,0,1
39,163,38,162,0,0,1
39,164,38,163,0,0,1
39,165,38,164,0,0,1
39,166,38,165,0,0,1
39,167,38,166,0,0,1
39,168,38,167,0,0,1
39,169,38,168,0,0,1
39,170,38,169,0,0,1
39,171,38,170,0,0,1
39,172,38,171,0,0,1
39,173,38,172,0,0,1
39,174,38,173,0,0,1
39,175,38,174,0,0,1
39,176,38,175,0,0,1
39,177,38,176,0,0,1
39,178,38,177,0,0,1
39,179,38,178,0,0,1
39,180,38,179,0,0,1
39,181,38,180,0,0,1
39,182,38,181,0,0,1
39,183,38,182,0,0,1
39,184,38,183,0,0,1
39,185,38,184,0,0,1
39,186,38,185,0,0,1
39,187,38,186,0,0,1
39,188,38,187,0,0,1
39,189,38,188,0,0,1
39,190,38,189,0,0,1
39,191,38,190,0,0,1
39,192,38,191,0,0,1
39,193,38,192,0,0,1
39,194,38,193,0,0,1
39,195,38,194,0,0,1
39,196,38,195,0,0,1
39,197,38,196,0,0,1
39,198,38,197,0,0,1
39,199,38,198,0,0,1
39,200,38,199,0,0,1
39,201,38,200,0,0,1
39,202,38,201,0,0,1
39,203,38,202,0,0,1
39,204,38,203,0,0,1
39,205,38,204,0,0,1
39,206,38,205,0,0,1
39,207,38,206,0,0,1
39,208,38,207,0,0,1
39,209,38,208,0,0,1
39,210,38,209,0,0,1
39,211,38,210,0,0,1
39,212,38,211,0,0,1
39,213,38,212,0,0,1
39,214,38,213,0,0,1
39,215,38,214,0,0,1
39,216,38,215,0,0,1
39,217,38,216,0,0,1
39,218,38,217,0,0,1
39,219,38,218,0,0,1
39,220,38,219,0,0,1
39,221,38,220,0,0,1
39,222,38,221,0,0,1
39,223,38,222,0,0,1
39,224,38,223,0,0,1
39,225,38,228,0,0,1
39,226,38,225,0,0,1
39,227,38,226,0,0,1
39,228,38,227,0,0,1
39,229,38,224,0,0,1
39,230,38,229,0,0,1
39,231,38,230,0,0,1
39,232,38,231,0,0,1
39,233,38,232,0,0,1
39,234,38,233,0,0,1
39,235,38,234,0,0,1
39,236,38,235,0,0,1
39,237,38,236,0,0,1
39,238,38,237,0,0,1
39,239,38,238,0,0,1
39,240,38,239,0,0,1
39,241,38,240,0,0,1
39,242,38,241,0,0,1
39,243,38,242,0,0,1
40,41,39,40,33,33,6
40,42,39,41,24,23,6
40,43,39,42,22,18,6
40,44,39,43,20,18,6
40,45,39,44,24,24,3
40,46,39,45,18,0,1
40,47,39,46,19,15,6
40,48,39,47,16,0,1
40,49,39,48,21,18,6
40,50,39,49,17,17,3
40,51,39,50,17,15,6
40,52,39,51,0,0,1
40,53,39,52,0,0,1
40,54,39,53,0,0,1
40,55,39,54,0,0,1
40,56,39,55,0,0,1
40,57,39,56,0,0,1
40,58,39,57,17,16,3
40,59,39,58,15,0,1
40,60,39,59,0,0,1
40,61,39,60,0,0,1
40,62,39,61,0,0,1
40,63,39,62,0,0,1
40,64,39,63,0,0,1
40,65,39,64,0,0,1
40,66,39,65,0,0,1
40,67,39,66,0,0,1
40,68,39,67,0,0,1
40,69,39,68,0,0,1
40,70,39,69,0,0,1
40,71,39,70,0,0,1
40,72,39,71,0,0,1
40,73,39,72,0,0,1
40,74,39,73,0,0,1
40,75,39,74,0,0,1
40,76,39,75,0,0,1
40,77,39,76,0,0,1
40,78,39,77,0,0,1
40,79,39,78,0,0,1
40,80,39,79,0,0,1
40,81,39,80,0,0,1
40,82,39,81,0,0,1
40,83,39,82,0,0,1
40,84,39,83,0,0,1
40,85,39,84,0,0,1
40,86,39,85,0,0,1
40,87,39,86,0,0,1
40,88,39,87,0,0,1
40,89,39,88,0,0,1
40,90,39,89,0,0,1
40,91,39,90,0,0,1
40,92,39,91,0,0,1
40,93,39,92,0,0,1
40,94,39,93,0,0,1
40,95,39,94,0,0,1
40,96,39,95,0,0,1
40,97,39,96,0,0,1
40,98,39,97,0,0,1
40,99,39,98,0,0,1
40,100,39,99,0,0,1
40,101,39,100,0,0,1
40,102,39,101,0,0,1
40,103,39,102,0,0,1
40,104,39,103,0,0,1
40,105,39,104,0,0,1
40,106,39,105,0,0,1
40,107,39,106,0,0,1
40,108,39,107,0,0,1
40,109,39,108,0,0,1
40,110,39,109,0,0,1
40,111,39,110,0,0,1
40,112,39,111,0,0,1
40,113,39,112,0,0,1
40,114,39,113,0,0,1
40,115,39,114,0,0,1
40,116,39,115,0,0,1
40,117,39,116,0,0,1
40,118,39,117,0,0,1
40,119,39,118,0,0,1
40,120,39,119,0,0,1
40,121,39,120,0,0,1
40,122,39,121,0,0,1
40,123,39,122,0,0,1
40,124,39,123,0,0,1
40,125,39,124,0,0,1
40,126,39,125,0,0,1
40,127,39,126,0,0,1
40,128,39,127,0,0,1
40,129,39,128,0,0,1
40,130,39,129,0,0,1
40,131,39,130,0,0,1
40,132,39,131,0,0,1
40,133,39,132,0,0,1
40,134,39,133,0,0,1
40,135,39,134,0,0,1
40,136,39,135,0,0,1
40,137,39,136,0,0,1
40,138,39,137,0,0,1
40,139,39,138,0,0,1
40,140,39,139,0,0,1
40,141,39,140,0,0,1
40,142,39,141,0,0,1
40,143,39,142,0,0,1
40,144,39,143,0,0,1
40,145,39,144,0,0,1
40,146,39,145,0,0,1
40,147,39,146,0,0,1
40,148,39,147,0,0,1
40,149,39,148,0,0,1
40,150,39,149,0,0,1
40,151,39,150,0,0,1
40,152,39,151,0,0,1
40,153,39,152,0,0,1
40,154,39,153,0,0,1
40,155,39,154,0,0,1
40,156,39,155,0,0,1
40,157,39,156,0,0,1
40,158,39,157,0,0,1
40,159,39,158,0,0,1
40,160,39,159,0,0,1
40,161,39,160,0,0,1
40,162,39,161,0,0,1
40,163,39,162,0,0,1
40,164,39,163,0,0,1
40,165,39,164,0,0,1
40,166,39,165,0,0,1
40,167,39,166,0,0,1
40,168,39,167,0,0,1
40,169,39,168,0,0,1
40,170,39,169,0,0,1
40,171,39,170,0,0,1
40,172,39,171,0,0,1
40,173,39,172,0,0,1
40,174,39,173,0,0,1
40,175,39,174,0,0,1
40,176,39,175,0,0,1
40,177,39,176,0,0,1
40,178,39,177,0,0,1
40,179,39,178,0,0,1
40,180,39,179,0,0,1
40,181,39,180,0,0,1
40,182,39,181,0,0,1
40,183,39,182,0,0,1
40,184,39,183,0,0,1
40,185,39,184,0,0,1
40,186,39,185,0,0,1
40,187,39,186,0,0,1
40,188,39,187,0,0,1
40,189,39,188,0,0,1
40,190,39,189,0,0,1
40,191,39,190,0,0,1
40,192,39,191,0,0,1
40,193,39,192,0,0,1
40,194,39,193,0,0,1
40,195,39,194,0,0,1
40,196,39,195,0,0,1
40,197,39,196,0,0,1
40,198,39,197,0,0,1
40,199,39,198,0,0,1
40,200,39,199,0,0,1
40,201,39,200,0,0,1
40,202,39,201,0,0,1
40,203,39,202,0,0,1
40,204,39,203,0,0,1
40,205,39,204,0,0,1
40,206,39,205,0,0,1
40,207,39,206,0,0,1
40,208,39,207,0,0,1
40,209,39,208,0,0,1
40,210,39,209,0,0,1
40,211,39,210,0,0,1
40,212,39,211,0,0,1
40,213,39,212,0,0,1
40,214,39,213,0,0,1
40,215,39,214,0,0,1
40,216,39,215,0,0,1
40,217,39,216,0,0,1
40,218,39,217,0,0,1
40,219,39,218,0,0,1
40,220,39,219,0,0,1
40,221,39,220,0,0,1
40,222,39,221,0,0,1
40,223,39,222,0,0,1
40,224,39,223,0,0,1
40,225,39,228,0,0,1
40,226,39,225,0,0,1
40,227,39,226,0,0,1
40,228,39,227,0,0,1
40,229,39,224,0,0,1
40,230,39,229,0,0,1
40,231,39,230,0,0,1
40,232,39,231,0,0,1
40,233,39,232,0,0,1
40,234,39,233,0,0,1
40,235,39,234,0,0,1
40,236,39,235,0,0,1
40,237,39,236,0,0,1
40,238,39,237,0,0,1
40,239,39,238,0,0,1
40,240,39,239,0,0,1
40,241,39,240,0,0,1
40,242,39,241,0,0,1
40,243,39,242,0,0,1
41,42,40,41,23,22,6
41,43,40,42,17,15,6
41,44,40,43,18,16,6
41,45,40,44,22,18,6
41,46,40,45,19,15,6
41,47,40,46,21,20,3
41,48,40,47,18,18,3
41,49,40,48,19,15,6
41,50,40,49,19,18,3
41,51,40,50,15,0,1
41,52,40,51,0,0,1
41,53,40,52,0,0,1
41,54,40,53,0,0,1
41,55,40,54,0,0,1
41,56,40,55,0,0,1
41,57,40,56,0,0,1
41,58,40,57,0,0,1
41,59,40,58,0,0,1
41,60,40,59,0,0,1
41,61,40,60,0,0,1
41,62,40,61,15,0,1
41,63,40,62,15,0,1
41,64,40,63,0,0,1
41,65,40,64,0,0,1
41,66,40,65,0,0,1
41,67,40,66,0,0,1
41,68,40,67,0,0,1
41,69,40,68,0,0,1
41,70,40,69,0,0,1
41,71,40,70,0,0,1
41,72,40,71,0,0,1
41,73,40,72,0,0,1
41,74,40,73,0,0,1
41,75,40,74,0,0,1
41,76,40,75,0,0,1
41,77,40,76,0,0,1
41,78,40,77,0,0,1
41,79,40,78,0,0,1
41,80,40,79,0,0,1
41,81,40,80,0,0,1
41,82,40,81,0,0,1
41,83,40,82,0,0,1
41,84,40,83,0,0,1
41,85,40,84,0,0,1
41,86,40,85,0,0,1
41,87,40,86,0,0,1
41,88,40,87,0,0,1
41,89,40,88,0,0,1
41,90,40,89,0,0,1
41,91,40,90,0,0,1
41,92,40,91,0,0,1
41,93,40,92,0,0,1
41,94,40,93,0,0,1
41,95,40,94,0,0,1
41,96,40,95,0,0,1
41,97,40,96,0,0,1
41,98,40,97,0,0,1
41,99,40,98,0,0,1
41,100,40,99,0,0,1
41,101,40,100,0,0,1
41,102,40,101,0,0,1
41,103,40,102,0,0,1
41,104,40,103,0,0,1
41,105,40,104,0,0,1
41,106,40,105,0,0,1
41,107,40,106,0,0,1
41,108,40,107,0,0,1
41,109,40,108,0,0,1
41,110,40,109,0,0,1
41,111,40,110,0,0,1
41,112,40,111,0,0,1
41,113,40,112,0,0,1
41,114,40,113,0,0,1
41,115,40,114,0,0,1
41,116,40,115,0,0,1
41,117,40,116,0,0,1
41,118,40,117,0,0,1
41,119,40,118,0,0,1
41,120,40,119,0,0,1
41,121,40,120,0,0,1
41,122,40,121,0,0,1
41,123,40,122,0,0,1
41,124,40,123,0,0,1
41,125,40,124,0,0,1
41,126,40,125,0,0,1
41,127,40,126,0,0,1
41,128,40,127,0,0,1
41,129,40,128,0,0,1
41,130,40,129,0,0,1
41,131,40,130,0,0,1
41,132,40,131,0,0,1
41,133,40,132,0,0,1
41,134,40,133,0,0,1
41,135,40,134,0,0,1
41,136,40,135,0,0,1
41,137,40,136,0,0,1
41,138,40,137,0,0,1
41,139,40,138,0,0,1
41,140,40,139,0,0,1
41,141,40,140,0,0,1
41,142,40,141,0,0,1
41,143,40,142,0,0,1
41,144,40,143,0,0,1
41,145,40,144,0,0,1
41,146,40,145,0,0,1
41,147,40,146,0,0,1
41,148,40,147,0,0,1
41,149,40,148,0,0,1
41,150,40,149,0,0,1
41,151,40,150,0,0,1
41,152,40,151,0,0,1
41,153,40,152,0,0,1
41,154,40,153,0,0,1
41,155,40,154,0,0,1
41,156,40,155,0,0,1
41,157,40,156,0,0,1
41,158,40,157,0,0,1
41,159,40,158,0,0,1
41,160,40,159,0,0,1
41,161,40,160,0,0,1
41,162,40,161,0,0,1
41,163,40,162,0,0,1
41,164,40,163,0,0,1
41,165,40,164,0,0,1
41,166,40,165,0,0,1
41,167,40,166,0,0,1
41,168,40,167,0,0,1
41,169,40,168,0,0,1
41,170,40,169,0,0,1
41,171,40,170,0,0,1
41,172,40,171,0,0,1
41,173,40,172,0,0,1
41,174,40,173,0,0,1
41,175,40,174,0,0,1
41,176,40,175,0,0,1
41,177,40,176,0,0,1
41,178,40,177,0,0,1
41,179,40,178,0,0,1
41,180,40,179,0,0,1
41,181,40,180,0,0,1
41,182,40,181,0,0,1
41,183,40,182,0,0,1
41,184,40,183,0,0,1
41,185,40,184,0,0,1
41,186,40,185,0,0,1
41,187,40,186,0,0,1
41,188,40,187,0,0,1
41,189,40,188,0,0,1
41,190,40,189,0,0,1
41,191,40,190,0,0,1
41,192,40,191,0,0,1
41,193,40,192,0,0,1
41,194,40,193,0,0,1
41,195,40,194,0,0,1
41,196,40,195,0,0,1
41,197,40,196,0,0,1
41,198,40,197,0,0,1
41,199,40,198,0,0,1
41,200,40,199,0,0,1
41,201,40,200,0,0,1
41,202,40,201,0,0,1
41,203,40,202,0,0,1
41,204,40,203,0,0,1
41,205,40,204,0,0,1
41,206,40,205,0,0,1
41,207,40,206,0,0,1
41,208,40,207,0,0,1
41,209,40,208,0,0,1
41,210,40,209,0,0,1
41,211,40,210,0,0,1
41,212,40,211,0,0,1
41,213,40,212,0,0,1
41,214,40,213,0,0,1
41,215,40,214,0,0,1
41,216,40,215,0,0,1
41,217,40,216,0,0,1
41,218,40,217,0,0,1
41,219,40,218,0,0,1
41,220,40,219,0,0,1
41,221,40,220,0,0,1
41,222,40,221,0,0,1
41,223,40,222,0,0,1
41,224,40,223,0,0,1
41,225,40,228,0,0,1
41,226,40,225,0,0,1
41,227,40,226,0,0,1
41,228,40,227,0,0,1
41,229,40,224,0,0,1
41,230,40,229,0,0,1
41,231,40,230,0,0,1
41,232,40,231,0,0,1
41,233,40,232,0,0,1
41,234,40,233,0,0,1
41,235,40,234,0,0,1
41,236,40,235,0,0,1
41,237,40,236,0,0,1
41,238,40,237,0,0,1
41,239,40,238,0,0,1
41,240,40,239,0,0,1
41,241,40,240,0,0,1
41,242,40,241,0,0,1
41,243,40,242,0,0,1
42,43,41,42,28,28,6
42,44,41,43,27,26,6
42,45,41,44,34,32,6
42,46,41,45,15,0,1
42,47,41,46,18,15,6
42,48,41,47,19,18,6
42,49,41,48,19,16,6
42,50,41,49,16,0,1
42,51,41,50,16,0,1
42,52,41,51,0,0,1
42,53,41,52,0,0,1
42,54,41,53,0,0,1
42,55,41,54,0,0,1
42,56,41,55,0,0,1
42,57,41,56,0,0,1
42,58,41,57,0,0,1
42,59,41,58,0,0,1
42,60,41,59,0,0,1
42,61,41,60,0,0,1
42,62,41,61,0,0,1
42,63,41,62,0,0,1
42,64,41,63,0,0,1
42,65,41,64,0,0,1
42,66,41,65,0,0,1
42,67,41,66,0,0,1
42,68,41,67,0,0,1
42,69,41,68,0,0,1
42,70,41,69,0,0,1
42,71,41,70,0,0,1
42,72,41,71,0,0,1
42,73,41,72,0,0,1
42,74,41,73,0,0,1
42,75,41,74,0,0,1
42,76,41,75,0,0,1
42,77,41,76,0,0,1
42,78,41,77,0,0,1
42,79,41,78,0,0,1
42,80,41,79,0,0,1
42,81,41,80,0,0,1
42,82,41,81,0,0,1
42,83,41,82,0,0,1
42,84,41,83,0,0,1
42,85,41,84,0,0,1
42,86,41,85,0,0,1
42,87,41,86,0,0,1
42,88,41,87,0,0,1
42,89,41,88,0,0,1
42,90,41,89,0,0,1
42,91,41,90,0,0,1
42,92,41,91,0,0,1
42,93,41,92,0,0,1
42,94,41,93,0,0,1
42,95,41,94,0,0,1
42,96,41,95,0,0,1
42,97,41,96,0,0,1
42,98,41,97,0,0,1
42,99,41,98,0,0,1
42,100,41,99,0,0,1
42,101,41,100,0,0,1
42,102,41,101,0,0,1
42,103,41,102,0,0,1
42,104,41,103,0,0,1
42,105,41,104,0,0,1
42,106,41,105,0,0,1
42,107,41,106,0,0,1
42,108,41,107,0,0,1
42,109,41,108,0,0,1
42,110,41,109,0,0,1
42,111,41,110,0,0,1
42,112,41,111,0,0,1
42,113,41,112,0,0,1
42,114,41,113,0,0,1
42,115,41,114,0,0,1
42,116,41,115,0,0,1
42,117,41,116,0,0,1
42,118,41,117,0,0,1
42,119,41,118,0,0,1
42,120,41,119,0,0,1
42,121,41,120,0,0,1
42,122,41,121,0,0,1
42,123,41,122,0,0,1
42,124,41,123,0,0,1
42,125,41,124,0,0,1
42,126,41,125,0,0,1
42,127,41,126,0,0,1
42,128,41,127,0,0,1
42,129,41,128,0,0,1
42,130,41,129,0,0,1
42,131,41,130,0,0,1
42,132,41,131,0,0,1
42,133,41,132,0,0,1
42,134,41,133,0,0,1
42,135,41,134,0,0,1
42,136,41,135,0,0,1
42,137,41,136,0,0,1
42,138,41,137,0,0,1
42,139,41,138,0,0,1
42,140,41,139,0,0,1
42,141,41,140,0,0,1
42,142,41,141,0,0,1
42,143,41,142,0,0,1
42,144,41,143,0,0,1
42,145,41,144,0,0,1
42,146,41,145,0,0,1
42,147,41,146,0,0,1
42,148,41,147,0,0,1
42,149,41,148,0,0,1
42,150,41,149,0,0,1
42,151,41,150,0,0,1
42,152,41,151,0,0,1
42,153,41,152,0,0,1
42,154,41,153,0,0,1
42,155,41,154,0,0,1
42,156,41,155,0,0,1
42,157,41,156,0,0,1
42,158,41,157,0,0,1
42,159,41,158,0,0,1
42,160,41,159,0,0,1
42,161,41,160,0,0,1
42,162,41,161,0,0,1
42,163,41,162,0,0,1
42,164,41,163,0,0,1
42,165,41,164,0,0,1
42,166,41,165,0,0,1
42,167,41,166,0,0,1
42,168,41,167,0,0,1
42,169,41,168,0,0,1
42,170,41,169,0,0,1
42,171,41,170,0,0,1
42,172,41,171,0,0,1
42,173,41,172,0,0,1
42,174,41,173,0,0,1
42,175,41,174,0,0,1
42,176,41,175,0,0,1
42,177,41,176,0,0,1
42,178,41,177,0,0,1
42,179,41,178,0,0,1
42,180,41,179,0,0,1
42,181,41,180,0,0,1
42,182,41,181,0,0,1
42,183,41,182,0,0,1
42,184,41,183,0,0,1
42,185,41,184,0,0,1
42,186,41,185,0,0,1
42,187,41,186,0,0,1
42,188,41,187,0,0,1
42,189,41,188,0,0,1
42,190,41,189,0,0,1
42,191,41,190,0,0,1
42,192,41,191,0,0,1
42,193,41,192,0,0,1
42,194,41,193,0,0,1
42,195,41,194,0,0,1
42,196,41,195,0,0,1
42,197,41,196,0,0,1
42,198,41,197,0,0,1
42,199,41,198,0,0,1
42,200,41,199,0,0,1
42,201,41,200,0,0,1
42,202,41,201,0,0,1
42,203,41,202,0,0,1
42,204,41,203,0,0,1
42,205,41,204,0,0,1
42,206,41,205,0,0,1
42,207,41,206,0,0,1
42,208,41,207,0,0,1
42,209,41,208,0,0,1
42,210,41,209,0,0,1
42,211,41,210,0,0,1
42,212,41,211,0,0,1
42,213,41,212,0,0,1
42,214,41,213,0,0,1
42,215,41,214,0,0,1
42,216,41,215,0,0,1
42,217,41,216,0,0,1
42,218,41,217,0,0,1
42,219,41,218,0,0,1
42,220,41,219,0,0,1
42,221,41,220,0,0,1
42,222,41,221,0,0,1
42,223,41,222,0,0,1
42,224,41,223,0,0,1
42,225,41,228,0,0,1
42,226,41,225,0,0,1
42,227,41,226,0,0,1
42,228,41,227,0,0,1
42,229,41,224,0,0,1
42,230,41,229,0,0,1
42,231,41,230,0,0,1
42,232,41,231,0,0,1
42,233,41,232,0,0,1
42,234,41,233,0,0,1
42,235,41,234,0,0,1
42,236,41,235,0,0,1
42,237,41,236,0,0,1
42,238,41,237,0,0,1
42,239,41,238,0,0,1
42,240,41,239,0,0,1
42,241,41,240,0,0,1
42,242,41,241,0,0,1
42,243,41,242,0,0,1
43,44,42,43,35,34,6
43,45,42,44,44,43,6
43,46,42,45,23,22,6
43,47,42,46,24,23,6
43,48,42,47,24,23,6
43,49,42,48,31,29,6
43,50,42,49,20,17,6
43,51,42,50,18,18,3
43,52,42,51,19,19,3
43,53,42,52,24,24,3
43,54,42,53,0,0,1
43,55,42,54,0,0,1
43,56,42,55,0,0,1
43,57,42,56,0,0,1
43,58,42,57,0,0,1
43,59,42,58,0,0,1
43,60,42,59,0,0,1
43,61,42,60,0,0,1
43,62,42,61,0,0,1
43,63,42,62,0,0,1
43,64,42,63,0,0,1
43,65,42,64,0,0,1
43,66,42,65,0,0,1
43,67,42,66,0,0,1
43,68,42,67,0,0,1
43,69,42,68,0,0,1
43,70,42,69,0,0,1
43,71,42,70,0,0,1
43,72,42,71,0,0,1
43,73,42,72,0,0,1
43,74,42,73,0,0,1
43,75,42,74,0,0,1
43,76,42,75,0,0,1
43,77,42,76,0,0,1
43,78,42,77,0,0,1
43,79,42,78,0,0,1
43,80,42,79,0,0,1
43,81,42,80,0,0,1
43,82,42,81,0,0,1
43,83,42,82,0,0,1
43,84,42,83,0,0,1
43,85,42,84,0,0,1
43,86,42,85,0,0,1
43,87,42,86,0,0,1
43,88,42,87,0,0,1
43,89,42,88,0,0,1
43,90,42,89,0,0,1
43,91,42,90,0,0,1
43,92,42,91,0,0,1
43,93,42,92,0,0,1
43,94,42,93,0,0,1
43,95,42,94,0,0,1
43,96,42,95,0,0,1
43,97,42,96,0,0,1
43,98,42,97,0,0,1
43,99,42,98,0,0,1
43,100,42,99,0,0,1
43,101,42,100,0,0,1
43,102,42,101,0,0,1
43,103,42,102,0,0,1
43,104,42,103,0,0,1
43,105,42,104,0,0,1
43,106,42,105,0,0,1
43,107,42,106,0,0,1
43,108,42,107,0,0,1
43,109,42,108,0,0,1
43,110,42,109,0,0,1
43,111,42,110,0,0,1
43,112,42,111,0,0,1
43,113,42,112,0,0,1
43,114,42,113,0,0,1
43,115,42,114,0,0,1
43,116,42,115,0,0,1
43,117,42,116,0,0,1
43,118,42,117,0,0,1
43,119,42,118,0,0,1
43,120,42,119,0,0,1
43,121,42,120,0,0,1
43,122,42,121,0,0,1
43,123,42,122,0,0,1
43,124,42,123,0,0,1
43,125,42,124,0,0,1
43,126,42,125,0,0,1
43,127,42,126,0,0,1
43,128,42,127,0,0,1
43,129,42,128,0,0,1
43,130,42,129,0,0,1
43,131,42,130,0,0,1
43,132,42,131,0,0,1
43,133,42,132,0,0,1
43,134,42,133,0,0,1
43,135,42,134,0,0,1
43,136,42,135,0,0,1
43,137,42,136,0,0,1
43,138,42,137,0,0,1
43,139,42,138,0,0,1
43,140,42,139,0,0,1
43,141,42,140,0,0,1
43,142,42,141,0,0,1
43,143,42,142,0,0,1
43,144,42,143,0,0,1
43,145,42,144,0,0,1
43,146,42,145,0,0,1
43,147,42,146,0,0,1
43,148,42,147,0,0,1
43,149,42,148,0,0,1
43,150,42,149,0,0,1
43,151,42,150,0,0,1
43,152,42,151,0,0,1
43,153,42,152,0,0,1
43,154,42,153,0,0,1
43,155,42,154,0,0,1
43,156,42,155,0,0,1
43,157,42,156,0,0,1
43,158,42,157,0,0,1
43,159,42,158,0,0,1
43,160,42,159,0,0,1
43,161,42,160,0,0,1
43,162,42,161,0,0,1
43,163,42,162,0,0,1
43,164,42,163,0,0,1
43,165,42,164,0,0,1
43,166,42,165,0,0,1
43,167,42,166,0,0,1
43,168,42,167,0,0,1
43,169,42,168,0,0,1
43,170,42,169,0,0,1
43,171,42,170,0,0,1
43,172,42,171,0,0,1
43,173,42,172,0,0,1
43,174,42,173,0,0,1
43,175,42,174,0,0,1
43,176,42,175,0,0,1
43,177,42,176,0,0,1
43,178,42,177,0,0,1
43,179,42,178,0,0,1
43,180,42,179,0,0,1
43,181,42,180,0,0,1
43,182,42,181,0,0,1
43,183,42,182,0,0,1
43,184,42,183,0,0,1
43,185,42,184,0,0,1
43,186,42,185,0,0,1
43,187,42,186,0,0,1
43,188,42,187,0,0,1
43,189,42,188,0,0,1
43,190,42,189,0,0,1
43,191,42,190,0,0,1
43,192,42,191,0,0,1
43,193,42,192,0,0,1
43,194,42,193,0,0,1
43,195,42,194,0,0,1
43,196,42,195,0,0,1
43,197,42,196,0,0,1
43,198,42,197,0,0,1
43,199,42,198,0,0,1
43,200,42,199,0,0,1
43,201,42,200,0,0,1
43,202,42,201,0,0,1
43,203,42,202,0,0,1
43,204,42,203,0,0,1
43,205,42,204,0,0,1
43,206,42,205,0,0,1
43,207,42,206,0,0,1
43,208,42,207,0,0,1
43,209,42,208,0,0,1
43,210,42,209,0,0,1
43,211,42,210,0,0,1
43,212,42,211,0,0,1
43,213,42,212,0,0,1
43,214,42,213,0,0,1
43,215,42,214,0,0,1
43,216,42,215,0,0,1
43,217,42,216,0,0,1
43,218,42,217,0,0,1
43,219,42,218,0,0,1
43,220,42,219,0,0,1
43,221,42,220,0,0,1
43,222,42,221,0,0,1
43,223,42,222,0,0,1
43,224,42,223,0,0,1
43,225,42,228,0,0,1
43,226,42,225,0,0,1
43,227,42,226,0,0,1
43,228,42,227,0,0,1
43,229,42,224,0,0,1
43,230,42,229,0,0,1
43,231,42,230,0,0,1
43,232,42,231,0,0,1
43,233,42,232,0,0,1
43,234,42,233,0,0,1
43,235,42,234,0,0,1
43,236,42,235,0,0,1
43,237,42,236,0,0,1
43,238,42,237,0,0,1
43,239,42,238,0,0,1
43,240,42,239,0,0,1
43,241,42,240,0,0,1
43,242,42,241,0,0,1
43,243,42,242,0,0,1
44,45,43,44,48,48,6
44,46,43,45,33,29,6
44,47,43,46,31,30,6
44,48,43,47,29,26,6
44,49,43,48,30,26,6
44,50,43,49,23,23,3
44,51,43,50,21,17,6
44,52,43,51,20,20,3
44,53,43,52,20,19,3
44,54,43,53,15,0,1
44,55,43,54,16,0,1
44,56,43,55,15,15,3
44,57,43,56,0,0,1
44,58,43,57,0,0,1
44,59,43,58,0,0,1
44,60,43,59,0,0,1
44,61,43,60,0,0,1
44,62,43,61,0,0,1
44,63,43,62,0,0,1
44,64,43,63,0,0,1
44,65,43,64,0,0,1
44,66,43,65,0,0,1
44,67,43,66,0,0,1
44,68,43,67,0,0,1
44,69,43,68,0,0,1
44,70,43,69,0,0,1
44,71,43,70,0,0,1
44,72,43,71,0,0,1
44,73,43,72,0,0,1
44,74,43,73,0,0,1
44,75,43,74,0,0,1
44,76,43,75,0,0,1
44,77,43,76,0,0,1
44,78,43,77,0,0,1
44,79,43,78,0,0,1
44,80,43,79,0,0,1
44,81,43,80,0,0,1
44,82,43,81,0,0,1
44,83,43,82,0,0,1
44,84,43,83,0,0,1
44,85,43,84,0,0,1
44,86,43,85,0,0,1
44,87,43,86,0,0,1
44,88,43,87,0,0,1
44,89,43,88,0,0,1
44,90,43,89,0,0,1
44,91,43,90,0,0,1
44,92,43,91,0,0,1
44,93,43,92,0,0,1
44,94,43,93,0,0,1
44,95,43,94,0,0,1
44,96,43,95,0,0,1
44,97,43,96,0,0,1
44,98,43,97,0,0,1
44,99,43,98,0,0,1
44,100,43,99,0,0,1
44,101,43,100,0,0,1
44,102,43,101,0,0,1
44,103,43,102,0,0,1
44,104,43,103,0,0,1
44,105,43,104,0,0,1
44,106,43,105,0,0,1
44,107,43,106,0,0,1
44,108,43,107,0,0,1
44,109,43,108,0,0,1
44,110,43,109,0,0,1
44,111,43,110,0,0,1
44,112,43,111,0,0,1
44,113,43,112,0,0,1
44,114,43,113,0,0,1
44,115,43,114,0,0,1
44,116,43,115,0,0,1
44,117,43,116,0,0,1
44,118,43,117,0,0,1
44,119,43,118,0,0,1
44,120,43,119,0,0,1
44,121,43,120,0,0,1
44,122,43,121,0,0,1
44,123,43,122,0,0,1
44,124,43,123,0,0,1
44,125,43,124,0,0,1
44,126,43,125,0,0,1
44,127,43,126,0,0,1
44,128,43,127,0,0,1
44,129,43,128,0,0,1
44,130,43,129,0,0,1
44,131,43,130,0,0,1
44,132,43,131,0,0,1
44,133,43,132,0,0,1
44,134,43,133,0,0,1
44,135,43,134,0,0,1
44,136,43,135,0,0,1
44,137,43,136,0,0,1
44,138,43,137,0,0,1
44,139,43,138,0,0,1
44,140,43,139,0,0,1
44,141,43,140,0,0,1
44,142,43,141,0,0,1
44,143,43,142,0,0,1
44,144,43,143,0,0,1
44,145,43,144,0,0,1
44,146,43,145,0,0,1
44,147,43,146,0,0,1
44,148,43,147,0,0,1
44,149,43,148,0,0,1
44,150,43,149,0,0,1
44,151,43,150,0,0,1
44,152,43,151,0,0,1
44,153,43,152,0,0,1
44,154,43,153,0,0,1
44,155,43,154,0,0,1
44,156,43,155,0,0,1
44,157,43,156,0,0,1
44,158,43,157,0,0,1
44,159,43,158,0,0,1
44,160,43,159,0,0,1
44,161,43,160,0,0,1
44,162,43,161,0,0,1
44,163,43,162,0,0,1
44,164,43,163,0,0,1
44,165,43,164,0,0,1
44,166,43,165,0,0,1
44,167,43,166,0,0,1
44,168,43,167,0,0,1
44,169,43,168,0,0,1
44,170,43,169,0,0,1
44,171,43,170,0,0,1
44,172,43,171,0,0,1
44,173,43,172,0,0,1
44,174,43,173,0,0,1
44,175,43,174,0,0,1
44,176,43,175,0,0,1
44,177,43,176,0,0,1
44,178,43,177,0,0,1
44,179,43,178,0,0,1
44,180,43,179,0,0,1
44,181,43,180,0,0,1
44,182,43,181,0,0,1
44,183,43,182,0,0,1
44,184,43,183,0,0,1
44,185,43,184,0,0,1
44,186,43,185,0,0,1
44,187,43,186,0,0,1
44,188,43,187,0,0,1
44,189,43,188,0,0,1
44,190,43,189,0,0,1
44,191,43,190,0,0,1
44,192,43,191,0,0,1
44,193,43,192,0,0,1
44,194,43,193,0,0,1
44,195,43,194,0,0,1
44,196,43,195,0,0,1
44,197,43,196,0,0,1
44,198,43,197,0,0,1
44,199,43,198,0,0,1
44,200,43,199,0,0,1
44,201,43,200,0,0,1
44,202,43,201,0,0,1
44,203,43,202,0,0,1
44,204,43,203,0,0,1
44,205,43,204,0,0,1
44,206,43,205,0,0,1
44,207,43,206,0,0,1
44,208,43,207,0,0,1
44,209,43,208,0,0,1
44,210,43,209,0,0,1
44,211,43,210,0,0,1
44,212,43,211,0,0,1
44,213,43,212,0,0,1
44,214,43,213,0,0,1
44,215,43,214,0,0,1
44,216,43,215,0,0,1
44,217,43,216,0,0,1
44,218,43,217,0,0,1
44,219,43,218,0,0,1
44,220,43,219,0,0,1
44,221,43,220,0,0,1
44,222,43,221,0,0,1
44,223,43,222,0,0,1
44,224,43,223,0,0,1
44,225,43,228,0,0,1
44,226,43,225,0,0,1
44,227,43,226,0,0,1
44,228,43,227,0,0,1
44,229,43,224,0,0,1
44,230,43,229,0,0,1
44,231,43,230,0,0,1
44,232,43,231,0,0,1
44,233,43,232,0,0,1
44,234,43,233,0,0,1
44,235,43,234,0,0,1
44,236,43,235,0,0,1
44,237,43,236,0,0,1
44,238,43,237,0,0,1
44,239,43,238,0,0,1
44,240,43,239,0,0,1
44,241,43,240,0,0,1
44,242,43,241,0,0,1
44,243,43,242,0,0,1
45,46,44,45,38,37,6
45,47,44,46,38,37,6
45,48,44,47,30,29,6
45,49,44,48,38,35,6
45,50,44,49,27,26,3
45,51,44,50,24,23,3
45,52,44,51,23,18,6
45,53,44,52,21,21,3
45,54,44,53,0,0,1
45,55,44,54,16,16,3
45,56,44,55,17,0,1
45,57,44,56,0,0,1
45,58,44,57,0,0,1
45,59,44,58,0,0,1
45,60,44,59,0,0,1
45,61,44,60,0,0,1
45,62,44,61,0,0,1
45,63,44,62,0,0,1
45,64,44,63,0,0,1
45,65,44,64,0,0,1
45,66,44,65,0,0,1
45,67,44,66,0,0,1
45,68,44,67,0,0,1
45,69,44,68,0,0,1
45,70,44,69,0,0,1
45,71,44,70,0,0,1
45,72,44,71,0,0,1
45,73,44,72,0,0,1
45,74,44,73,0,0,1
45,75,44,74,0,0,1
45,76,44,75,0,0,1
45,77,44,76,0,0,1
45,78,44,77,0,0,1
45,79,44,78,0,0,1
45,80,44,79,0,0,1
45,81,44,80,0,0,1
45,82,44,81,0,0,1
45,83,44,82,0,0,1
45,84,44,83,0,0,1
45,85,44,84,0,0,1
45,86,44,85,0,0,1
45,87,44,86,0,0,1
45,88,44,87,0,0,1
45,89,44,88,0,0,1
45,90,44,89,0,0,1
45,91,44,90,0,0,1
45,92,44,91,0,0,1
45,93,44,92,0,0,1
45,94,44,93,0,0,1
45,95,44,94,0,0,1
45,96,44,95,0,0,1
45,97,44,96,0,0,1
45,98,44,97,0,0,1
45,99,44,98,0,0,1
45,100,44,99,0,0,1
45,101,44,100,0,0,1
45,102,44,101,0,0,1
45,103,44,102,0,0,1
45,104,44,103,0,0,1
45,105,44,104,0,0,1
45,106,44,105,0,0,1
45,107,44,106,0,0,1
45,108,44,107,0,0,1
45,109,44,108,0,0,1
45,110,44,109,0,0,1
45,111,44,110,0,0,1
45,112,44,111,0,0,1
45,113,44,112,0,0,1
45,114,44,113,0,0,1
45,115,44,114,0,0,1
45,116,44,115,0,0,1
45,117,44,116,0,0,1
45,118,44,117,0,0,1
45,119,44,118,0,0,1
45,120,44,119,0,0,1
45,121,44,120,0,0,1
45,122,44,121,0,0,1
45,123,44,122,0,0,1
45,124,44,123,0,0,1
45,125,44,124,0,0,1
45,126,44,125,0,0,1
45,127,44,126,0,0,1
45,128,44,127,0,0,1
45,129,44,128,0,0,1
45,130,44,129,0,0,1
45,131,44,130,0,0,1
45,132,44,131,0,0,1
45,133,44,132,0,0,1
45,134,44,133,0,0,1
45,135,44,134,0,0,1
45,136,44,135,0,0,1
45,137,44,136,0,0,1
45,138,44,137,0,0,1
45,139,44,138,0,0,1
45,140,44,139,0,0,1
45,141,44,140,0,0,1
45,142,44,141,0,0,1
45,143,44,142,0,0,1
45,144,44,143,0,0,1
45,145,44,144,0,0,1
45,146,44,145,0,0,1
45,147,44,146,0,0,1
45,148,44,147,0,0,1
45,149,44,148,0,0,1
45,150,44,149,0,0,1
45,151,44,150,0,0,1
45,152,44,151,0,0,1
45,153,44,152,0,0,1
45,154,44,153,0,0,1
45,155,44,154,0,0,1
45,156,44,155,0,0,1
45,157,44,156,0,0,1
45,158,44,157,0,0,1
45,159,44,158,0,0,1
45,160,44,159,0,0,1
45,161,44,160,0,0,1
45,162,44,161,0,0,1
45,163,44,162,0,0,1
45,164,44,163,0,0,1
45,165,44,164,0,0,1
45,166,44,165,0,0,1
45,167,44,166,0,0,1
45,168,44,167,0,0,1
45,169,44,168,0,0,1
45,170,44,169,0,0,1
45,171,44,170,0,0,1
45,172,44,171,0,0,1
45,173,44,172,0,0,1
45,174,44,173,0,0,1
45,175,44,174,0,0,1
45,176,44,175,0,0,1
45,177,44,176,0,0,1
45,178,44,177,0,0,1
45,179,44,178,0,0,1
45,180,44,179,0,0,1
45,181,44,180,0,0,1
45,182,44,181,0,0,1
45,183,44,182,0,0,1
45,184,44,183,0,0,1
45,185,44,184,0,0,1
45,186,44,185,0,0,1
45,187,44,186,0,0,1
45,188,44,187,0,0,1
45,189,44,188,0,0,1
45,190,44,189,0,0,1
45,191,44,190,0,0,1
45,192,44,191,0,0,1
45,193,44,192,0,0,1
45,194,44,193,0,0,1
45,195,44,194,0,0,1
45,196,44,195,0,0,1
45,197,44,196,0,0,1
45,198,44,197,0,0,1
45,199,44,198,0,0,1
45,200,44,199,0,0,1
45,201,44,200,0,0,1
45,202,44,201,0,0,1
45,203,44,202,0,0,1
45,204,44,203,0,0,1
45,205,44,204,0,0,1
45,206,44,205,0,0,1
45,207,44,206,0,0,1
45,208,44,207,0,0,1
45,209,44,208,0,0,1
45,210,44,209,0,0,1
45,211,44,210,0,0,1
45,212,44,211,0,0,1
45,213,44,212,0,0,1
45,214,44,213,0,0,1
45,215,44,214,0,0,1
45,216,44,215,0,0,1
45,217,44,216,0,0,1
45,218,44,217,0,0,1
45,219,44,218,0,0,1
45,220,44,219,0,0,1
45,221,44,220,0,0,1
45,222,44,221,0,0,1
45,223,44,222,0,0,1
45,224,44,223,0,0,1
45,225,44,228,0,0,1
45,226,44,225,0,0,1
45,227,44,226,0,0,1
45,228,44,227,0,0,1
45,229,44,224,0,0,1
45,230,44,229,0,0,1
45,231,44,230,0,0,1
45,232,44,231,0,0,1
45,233,44,232,0,0,1
45,234,44,233,0,0,1
45,235,44,234,0,0,1
45,236,44,235,0,0,1
45,237,44,236,0,0,1
45,238,44,237,0,0,1
45,239,44,238,0,0,1
45,240,44,239,0,0,1
45,241,44,240,0,0,1
45,242,44,241,0,0,1
45,243,44,242,0,0,1
46,47,45,46,49,49,6
46,48,45,47,40,39,6
46,49,45,48,43,43,6
46,50,45,49,32,26,6
46,51,45,50,31,30,3
46,52,45,51,22,22,3
46,53,45,52,20,19,3
46,54,45,53,19,19,3
46,55,45,54,17,15,3
46,56,45,55,16,16,3
46,57,45,56,0,0,1
46,58,45,57,15,0,1
46,59,45,58,0,0,1
46,60,45,59,0,0,1
46,61,45,60,0,0,1
46,62,45,61,0,0,1
46,63,45,62,0,0,1
46,64,45,63,0,0,1
46,65,45,64,0,0,1
46,66,45,65,0,0,1
46,67,45,66,0,0,1
46,68,45,67,0,0,1
46,69,45,68,0,0,1
46,70,45,69,0,0,1
46,71,45,70,0,0,1
46,72,45,71,0,0,1
46,73,45,72,0,0,1
46,74,45,73,0,0,1
46,75,45,74,0,0,1
46,76,45,75,0,0,1
46,77,45,76,0,0,1
46,78,45,77,0,0,1
46,79,45,78,0,0,1
46,80,45,79,0,0,1
46,81,45,80,0,0,1
46,82,45,81,0,0,1
46,83,45,82,0,0,1
46,84,45,83,0,0,1
46,85,45,84,0,0,1
46,86,45,85,0,0,1
46,87,45,86,0,0,1
46,88,45,87,0,0,1
46,89,45,88,0,0,1
46,90,45,89,0,0,1
46,91,45,90,0,0,1
46,92,45,91,0,0,1
46,93,45,92,0,0,1
46,94,45,93,0,0,1
46,95,45,94,0,0,1
46,96,45,95,0,0,1
46,97,45,96,0,0,1
46,98,45,97,0,0,1
46,99,45,98,0,0,1
46,100,45,99,0,0,1
46,101,45,100,0,0,1
46,102,45,101,0,0,1
46,103,45,102,0,0,1
46,104,45,103,0,0,1
46,105,45,104,0,0,1
46,106,45,105,0,0,1
46,107,45,106,0,0,1
46,108,45,107,0,0,1
46,109,45,108,0,0,1
46,110,45,109,0,0,1
46,111,45,110,0,0,1
46,112,45,111,0,0,1
46,113,45,112,0,0,1
46,114,45,113,0,0,1
46,115,45,114,0,0,1
46,116,45,115,0,0,1
46,117,45,116,0,0,1
46,118,45,117,0,0,1
46,119,45,118,0,0,1
46,120,45,119,0,0,1
46,121,45,120,0,0,1
46,122,45,121,0,0,1
46,123,45,122,0,0,1
46,124,45,123,0,0,1
46,125,45,124,0,0,1
46,126,45,125,0,0,1
46,127,45,126,0,0,1
46,128,45,127,0,0,1
46,129,45,128,0,0,1
46,130,45,129,0,0,1
46,131,45,130,0,0,1
46,132,45,131,0,0,1
46,133,45,132,0,0,1
46,134,45,133,0,0,1
46,135,45,134,0,0,1
46,136,45,135,0,0,1
46,137,45,136,0,0,1
46,138,45,137,0,0,1
46,139,45,138,0,0,1
46,140,45,139,0,0,1
46,141,45,140,0,0,1
46,142,45,141,0,0,1
46,143,45,142,0,0,1
46,144,45,143,0,0,1
46,145,45,144,0,0,1
46,146,45,145,0,0,1
46,147,45,146,0,0,1
46,148,45,147,0,0,1
46,149,45,148,0,0,1
46,150,45,149,0,0,1
46,151,45,150,0,0,1
46,152,45,151,0,0,1
46,153,45,152,0,0,1
46,154,45,153,0,0,1
46,155,45,154,0,0,1
46,156,45,155,0,0,1
46,157,45,156,0,0,1
46,158,45,157,0,0,1
46,159,45,158,0,0,1
46,160,45,159,0,0,1
46,161,45,160,0,0,1
46,162,45,161,0,0,1
46,163,45,162,0,0,1
46,164,45,163,0,0,1
46,165,45,164,0,0,1
46,166,45,165,0,0,1
46,167,45,166,0,0,1
46,168,45,167,0,0,1
46,169,45,168,0,0,1
46,170,45,169,0,0,1
46,171,45,170,0,0,1
46,172,45,171,0,0,1
46,173,45,172,0,0,1
46,174,45,173,0,0,1
46,175,45,174,0,0,1
46,176,45,175,0,0,1
46,177,45,176,0,0,1
46,178,45,177,0,0,1
46,179,45,178,0,0,1
46,180,45,179,0,0,1
46,181,45,180,0,0,1
46,182,45,181,0,0,1
46,183,45,182,0,0,1
46,184,45,183,0,0,1
46,185,45,184,0,0,1
46,186,45,185,0,0,1
46,187,45,186,0,0,1
46,188,45,187,0,0,1
46,189,45,188,0,0,1
46,190,45,189,0,0,1
46,191,45,190,0,0,1
46,192,45,191,0,0,1
46,193,45,192,0,0,1
46,194,45,193,0,0,1
46,195,45,194,0,0,1
46,196,45,195,0,0,1
46,197,45,196,0,0,1
46,198,45,197,0,0,1
46,199,45,198,0,0,1
46,200,45,199,0,0,1
46,201,45,200,0,0,1
46,202,45,201,0,0,1
46,203,45,202,0,0,1
46,204,45,203,0,0,1
46,205,45,204,0,0,1
46,206,45,205,0,0,1
46,207,45,206,0,0,1
46,208,45,207,0,0,1
46,209,45,208,0,0,1
46,210,45,209,0,0,1
46,211,45,210,0,0,1
46,212,45,211,0,0,1
46,213,45,212,0,0,1
46,214,45,213,0,0,1
46,215,45,214,0,0,1
46,216,45,215,0,0,1
46,217,45,216,0,0,1
46,218,45,217,0,0,1
46,219,45,218,0,0,1
46,220,45,219,0,0,1
46,221,45,220,0,0,1
46,222,45,221,0,0,1
46,223,45,222,0,0,1
46,224,45,223,0,0,1
46,225,45,228,0,0,1
46,226,45,225,0,0,1
46,227,45,226,0,0,1
46,228,45,227,0,0,1
46,229,45,224,0,0,1
46,230,45,229,0,0,1
46,231,45,230,0,0,1
46,232,45,231,0,0,1
46,233,45,232,0,0,1
46,234,45,233,0,0,1
46,235,45,234,0,0,1
46,236,45,235,0,0,1
46,237,45,236,0,0,1
46,238,45,237,0,0,1
46,239,45,238,0,0,1
46,240,45,239,0,0,1
46,241,45,240,0,0,1
46,242,45,241,0,0,1
46,243,45,242,0,0,1
47,48,46,47,46,46,6
47,49,46,48,53,53,6
47,50,46,49,40,37,6
47,51,46,50,35,29,6
47,52,46,51,25,21,6
47,53,46,52,28,22,6
47,54,46,53,24,23,3
47,55,46,54,19,18,3
47,56,46,55,22,17,6
47,57,46,56,18,17,3
47,58,46,57,15,15,3
47,59,46,58,17,15,3
47,60,46,59,16,0,1
47,61,46,60,0,0,1
47,62,46,61,17,16,3
47,63,46,62,15,0,1
47,64,46,63,0,0,1
47,65,46,64,0,0,1
47,66,46,65,0,0,1
47,67,46,66,0,0,1
47,68,46,67,0,0,1
47,69,46,68,0,0,1
47,70,46,69,0,0,1
47,71,46,70,0,0,1
47,72,46,71,0,0,1
47,73,46,72,0,0,1
47,74,46,73,0,0,1
47,75,46,74,0,0,1
47,76,46,75,0,0,1
47,77,46,76,0,0,1
47,78,46,77,0,0,1
47,79,46,78,0,0,1
47,80,46,79,0,0,1
47,81,46,80,0,0,1
47,82,46,81,0,0,1
47,83,46,82,0,0,1
47,84,46,83,0,0,1
47,85,46,84,0,0,1
47,86,46,85,0,0,1
47,87,46,86,0,0,1
47,88,46,87,0,0,1
47,89,46,88,0,0,1
47,90,46,89,0,0,1
47,91,46,90,0,0,1
47,92,46,91,0,0,1
47,93,46,92,0,0,1
47,94,46,93,0,0,1
47,95,46,94,0,0,1
47,96,46,95,0,0,1
47,97,46,96,0,0,1
47,98,46,97,0,0,1
47,99,46,98,0,0,1
47,100,46,99,0,0,1
47,101,46,100,0,0,1
47,102,46,101,0,0,1
47,103,46,102,0,0,1
47,104,46,103,0,0,1
47,105,46,104,0,0,1
47,106,46,105,0,0,1
47,107,46,106,0,0,1
47,108,46,107,0,0,1
47,109,46,108,0,0,1
47,110,46,109,0,0,1
47,111,46,110,0,0,1
47,112,46,111,0,0,1
47,113,46,112,0,0,1
47,114,46,113,0,0,1
47,115,46,114,0,0,1
47,116,46,115,0,0,1
47,117,46,116,0,0,1
47,118,46,117,0,0,1
47,119,46,118,0,0,1
47,120,46,119,0,0,1
47,121,46,120,0,0,1
47,122,46,121,0,0,1
47,123,46,122,0,0,1
47,124,46,123,0,0,1
47,125,46,124,0,0,1
47,126,46,125,0,0,1
47,127,46,126,0,0,1
47,128,46,127,0,0,1
47,129,46,128,0,0,1
47,130,46,129,0,0,1
47,131,46,130,0,0,1
47,132,46,131,0,0,1
47,133,46,132,0,0,1
47,134,46,133,0,0,1
47,135,46,134,0,0,1
47,136,46,135,0,0,1
47,137,46,136,0,0,1
47,138,46,137,0,0,1
47,139,46,138,0,0,1
47,140,46,139,0,0,1
47,141,46,140,0,0,1
47,142,46,141,0,0,1
47,143,46,142,0,0,1
47,144,46,143,0,0,1
47,145,46,144,0,0,1
47,146,46,145,0,0,1
47,147,46,146,0,0,1
47,148,46,147,0,0,1
47,149,46,148,0,0,1
47,150,46,149,0,0,1
47,151,46,150,0,0,1
47,152,46,151,0,0,1
47,153,46,152,0,0,1
47,154,46,153,0,0,1
47,155,46,154,0,0,1
47,156,46,155,0,0,1
47,157,46,156,0,0,1
47,158,46,157,0,0,1
47,159,46,158,0,0,1
47,160,46,159,0,0,1
47,161,46,160,0,0,1
47,162,46,161,0,0,1
47,163,46,162,0,0,1
47,164,46,163,0,0,1
47,165,46,164,0,0,1
47,166,46,165,0,0,1
47,167,46,166,0,0,1
47,168,46,167,0,0,1
47,169,46,168,0,0,1
47,170,46,169,0,0,1
47,171,46,170,0,0,1
47,172,46,171,0,0,1
47,173,46,172,0,0,1
47,174,46,173,0,0,1
47,175,46,174,0,0,1
47,176,46,175,0,0,1
47,177,46,176,0,0,1
47,178,46,177,0,0,1
47,179,46,178,0,0,1
47,180,46,179,0,0,1
47,181,46,180,0,0,1
47,182,46,181,0,0,1
47,183,46,182,0,0,1
47,184,46,183,0,0,1
47,185,46,184,0,0,1
47,186,46,185,0,0,1
47,187,46,186,0,0,1
47,188,46,187,0,0,1
47,189,46,188,0,0,1
47,190,46,189,0,0,1
47,191,46,190,0,0,1
47,192,46,191,0,0,1
47,193,46,192,0,0,1
47,194,46,193,0,0,1
47,195,46,194,0,0,1
47,196,46,195,0,0,1
47,197,46,196,0,0,1
47,198,46,197,0,0,1
47,199,46,198,0,0,1
47,200,46,199,0,0,1
47,201,46,200,0,0,1
47,202,46,201,0,0,1
47,203,46,202,0,0,1
47,204,46,203,0,0,1
47,205,46,204,0,0,1
47,206,46,205,0,0,1
47,207,46,206,0,0,1
47,208,46,207,0,0,1
47,209,46,208,0,0,1
47,210,46,209,0,0,1
47,211,46,210,0,0,1
47,212,46,211,0,0,1
47,213,46,212,0,0,1
47,214,46,213,0,0,1
47,215,46,214,0,0,1
47,216,46,215,0,0,1
47,217,46,216,0,0,1
47,218,46,217,0,0,1
47,219,46,218,0,0,1
47,220,46,219,0,0,1
47,221,46,220,0,0,1
47,222,46,221,0,0,1
47,223,46,222,0,0,1
47,224,46,223,0,0,1
47,225,46,228,0,0,1
47,226,46,225,0,0,1
47,227,46,226,0,0,1
47,228,46,227,0,0,1
47,229,46,224,0,0,1
47,230,46,229,0,0,1
47,231,46,230,0,0,1
47,232,46,231,0,0,1
47,233,46,232,0,0,1
47,234,46,233,0,0,1
47,235,46,234,0,0,1
47,236,46,235,0,0,1
47,237,46,236,0,0,1
47,238,46,237,0,0,1
47,239,46,238,0,0,1
47,240,46,239,0,0,1
47,241,46,240,0,0,1
47,242,46,241,0,0,1
47,243,46,242,0,0,1
48,49,47,48,42,42,6
48,50,47,49,33,32,6
48,51,47,50,32,29,6
48,52,47,51,24,20,6
48,53,47,52,27,27,3
48,54,47,53,24,20,6
48,55,47,54,21,20,3
48,56,47,55,16,0,1
48,57,47,56,0,0,1
48,58,47,57,0,0,1
48,59,47,58,18,17,3
48,60,47,59,16,0,1
48,61,47,60,0,0,1
48,62,47,61,15,0,1
48,63,47,62,15,15,3
48,64,47,63,0,0,1
48,65,47,64,0,0,1
48,66,47,65,0,0,1
48,67,47,66,0,0,1
48,68,47,67,0,0,1
48,69,47,68,0,0,1
48,70,47,69,0,0,1
48,71,47,70,0,0,1
48,72,47,71,0,0,1
48,73,47,72,16,0,1
48,74,47,73,0,0,1
48,75,47,74,0,0,1
48,76,47,75,0,0,1
48,77,47,76,0,0,1
48,78,47,77,0,0,1
48,79,47,78,0,0,1
48,80,47,79,0,0,1
48,81,47,80,0,0,1
48,82,47,81,0,0,1
48,83,47,82,0,0,1
48,84,47,83,0,0,1
48,85,47,84,0,0,1
48,86,47,85,0,0,1
48,87,47,86,0,0,1
48,88,47,87,0,0,1
48,89,47,88,0,0,1
48,90,47,89,0,0,1
48,91,47,90,0,0,1
48,92,47,91,0,0,1
48,93,47,92,0,0,1
48,94,47,93,0,0,1
48,95,47,94,0,0,1
48,96,47,95,0,0,1
48,97,47,96,0,0,1
48,98,47,97,0,0,1
48,99,47,98,0,0,1
48,100,47,99,0,0,1
48,101,47,100,0,0,1
48,102,47,101,0,0,1
48,103,47,102,0,0,1
48,104,47,103,0,0,1
48,105,47,104,0,0,1
48,106,47,105,0,0,1
48,107,47,106,0,0,1
48,108,47,107,0,0,1
48,109,47,108,0,0,1
48,110,47,109,0,0,1
48,111,47,110,0,0,1
48,112,47,111,0,0,1
48,113,47,112,0,0,1
48,114,47,113,0,0,1
48,115,47,114,0,0,1
48,116,47,115,0,0,1
48,117,47,116,0,0,1
48,118,47,117,0,0,1
48,119,47,118,0,0,1
48,120,47,119,0,0,1
48,121,47,120,0,0,1
48,122,47,121,0,0,1
48,123,47,122,0,0,1
48,124,47,123,0,0,1
48,125,47,124,0,0,1
48,126,47,125,0,0,1
48,127,47,126,0,0,1
48,128,47,127,0,0,1
48,129,47,128,0,0,1
48,130,47,129,0,0,1
48,131,47,130,0,0,1
48,132,47,131,0,0,1
48,133,47,132,0,0,1
48,134,47,133,0,0,1
48,135,47,134,0,0,1
48,136,47,135,0,0,1
48,137,47,136,0,0,1
48,138,47,137,0,0,1
48,139,47,138,0,0,1
48,140,47,139,0,0,1
48,141,47,140,0,0,1
48,142,47,141,0,0,1
48,143,47,142,0,0,1
48,144,47,143,0,0,1
48,145,47,144,0,0,1
48,146,47,145,0,0,1
48,147,47,146,0,0,1
48,148,47,147,0,0,1
48,149,47,148,0,0,1
48,150,47,149,0,0,1
48,151,47,150,0,0,1
48,152,47,151,0,0,1
48,153,47,152,0,0,1
48,154,47,153,0,0,1
48,155,47,154,0,0,1
48,156,47,155,0,0,1
48,157,47,156,0,0,1
48,158,47,157,0,0,1
48,159,47,158,0,0,1
48,160,47,159,0,0,1
48,161,47,160,0,0,1
48,162,47,161,0,0,1
48,163,47,162,0,0,1
48,164,47,163,0,0,1
48,165,47,164,0,0,1
48,166,47,165,0,0,1
48,167,47,166,0,0,1
48,168,47,167,0,0,1
48,169,47,168,0,0,1
48,170,47,169,0,0,1
48,171,47,170,0,0,1
48,172,47,171,0,0,1
48,173,47,172,0,0,1
48,174,47,173,0,0,1
48,175,47,174,0,0,1
48,176,47,175,0,0,1
48,177,47,176,0,0,1
48,178,47,177,0,0,1
48,179,47,178,0,0,1
48,180,47,179,0,0,1
48,181,47,180,0,0,1
48,182,47,181,0,0,1
48,183,47,182,0,0,1
48,184,47,183,0,0,1
48,185,47,184,0,0,1
48,186,47,185,0,0,1
48,187,47,186,0,0,1
48,188,47,187,0,0,1
48,189,47,188,0,0,1
48,190,47,189,0,0,1
48,191,47,190,0,0,1
48,192,47,191,0,0,1
48,193,47,192,0,0,1
48,194,47,193,0,0,1
48,195,47,194,0,0,1
48,196,47,195,0,0,1
48,197,47,196,0,0,1
48,198,47,197,0,0,1
48,199,47,198,0,0,1
48,200,47,199,0,0,1
48,201,47,200,0,0,1
48,202,47,201,0,0,1
48,203,47,202,0,0,1
48,204,47,203,0,0,1
48,205,47,204,0,0,1
48,206,47,205,0,0,1
48,207,47,206,0,0,1
48,208,47,207,0,0,1
48,209,47,208,0,0,1
48,210,47,209,0,0,1
48,211,47,210,0,0,1
48,212,47,211,0,0,1
48,213,47,212,0,0,1
48,214,47,213,0,0,1
48,215,47,214,0,0,1
48,216,47,215,0,0,1
48,217,47,216,0,0,1
48,218,47,217,0,0,1
48,219,47,218,0,0,1
48,220,47,219,0,0,1
48,221,47,220,0,0,1
48,222,47,221,0,0,1
48,223,47,222,0,0,1
48,224,47,223,0,0,1
48,225,47,228,0,0,1
48,226,47,225,0,0,1
48,227,47,226,0,0,1
48,228,47,227,0,0,1
48,229,47,224,0,0,1
48,230,47,229,0,0,1
48,231,47,230,0,0,1
48,232,47,231,0,0,1
48,233,47,232,0,0,1
48,234,47,233,0,0,1
48,235,47,234,0,0,1
48,236,47,235,0,0,1
48,237,47,236,0,0,1
48,238,47,237,0,0,1
48,239,47,238,0,0,1
48,240,47,239,0,0,1
48,241,47,240,0,0,1
48,242,47,241,0,0,1
48,243,47,242,0,0,1
49,50,48,49,42,41,6
49,51,48,50,42,38,6
49,52,48,51,34,31,6
49,53,48,52,32,28,6
49,54,48,53,28,27,3
49,55,48,54,23,18,6
49,56,48,55,20,17,6
49,57,48,56,19,18,3
49,58,48,57,18,17,3
49,59,48,58,16,0,1
49,60,48,59,16,0,1
49,61,48,60,17,15,3
49,62,48,61,0,0,1
49,63,48,62,16,0,1
49,64,48,63,0,0,1
49,65,48,64,15,0,1
49,66,48,65,0,0,1
49,67,48,66,0,0,1
49,68,48,67,0,0,1
49,69,48,68,0,0,1
49,70,48,69,0,0,1
49,71,48,70,0,0,1
49,72,48,71,0,0,1
49,73,48,72,0,0,1
49,74,48,73,0,0,1
49,75,48,74,0,0,1
49,76,48,75,0,0,1
49,77,48,76,0,0,1
49,78,48,77,0,0,1
49,79,48,78,0,0,1
49,80,48,79,0,0,1
49,81,48,80,0,0,1
49,82,48,81,0,0,1
49,83,48,82,0,0,1
49,84,48,83,0,0,1
49,85,48,84,0,0,1
49,86,48,85,0,0,1
49,87,48,86,0,0,1
49,88,48,87,0,0,1
49,89,48,88,0,0,1
49,90,48,89,0,0,1
49,91,48,90,0,0,1
49,92,48,91,0,0,1
49,93,48,92,0,0,1
49,94,48,93,0,0,1
49,95,48,94,0,0,1
49,96,48,95,0,0,1
49,97,48,96,0,0,1
49,98,48,97,0,0,1
49,99,48,98,0,0,1
49,100,48,99,0,0,1
49,101,48,100,0,0,1
49,102,48,101,0,0,1
49,103,48,102,0,0,1
49,104,48,103,0,0,1
49,105,48,104,0,0,1
49,106,48,105,0,0,1
49,107,48,106,0,0,1
49,108,48,107,0,0,1
49,109,48,108,0,0,1
49,110,48,109,0,0,1
49,111,48,110,0,0,1
49,112,48,111,0,0,1
49,113,48,112,0,0,1
49,114,48,113,0,0,1
49,115,48,114,0,0,1
49,116,48,115,0,0,1
49,117,48,116,0,0,1
49,118,48,117,0,0,1
49,119,48,118,0,0,1
49,120,48,119,0,0,1
49,121,48,120,0,0,1
49,122,48,121,0,0,1
49,123,48,122,0,0,1
49,124,48,123,0,0,1
49,125,48,124,0,0,1
49,126,48,125,0,0,1
49,127,48,126,0,0,1
49,128,48,127,0,0,1
49,129,48,128,0,0,1
49,130,48,129,0,0,1
49,131,48,130,0,0,1
49,132,48,131,0,0,1
49,133,48,132,0,0,1
49,134,48,133,0,0,1
49,135,48,134,0,0,1
49,136,48,135,0,0,1
49,137,48,136,0,0,1
49,138,48,137,0,0,1
49,139,48,138,0,0,1
49,140,48,139,0,0,1
49,141,48,140,0,0,1
49,142,48,141,0,0,1
49,143,48,142,0,0,1
49,144,48,143,0,0,1
49,145,48,144,0,0,1
49,146,48,145,0,0,1
49,147,48,146,0,0,1
49,148,48,147,0,0,1
49,149,48,148,0,0,1
49,150,48,149,0,0,1
49,151,48,150,0,0,1
49,152,48,151,0,0,1
49,153,48,152,0,0,1
49,154,48,153,0,0,1
49,155,48,154,0,0,1
49,156,48,155,0,0,1
49,157,48,156,0,0,1
49,158,48,157,0,0,1
49,159,48,158,0,0,1
49,160,48,159,0,0,1
49,161,48,160,0,0,1
49,162,48,161,0,0,1
49,163,48,162,0,0,1
49,164,48,163,0,0,1
49,165,48,164,0,0,1
49,166,48,165,0,0,1
49,167,48,166,0,0,1
49,168,48,167,0,0,1
49,169,48,168,0,0,1
49,170,48,169,0,0,1
49,171,48,170,0,0,1
49,172,48,171,0,0,1
49,173,48,172,0,0,1
49,174,48,173,0,0,1
49,175,48,174,0,0,1
49,176,48,175,0,0,1
49,177,48,176,0,0,1
49,178,48,177,0,0,1
49,179,48,178,0,0,1
49,180,48,179,0,0,1
49,181,48,180,0,0,1
49,182,48,181,0,0,1
49,183,48,182,0,0,1
49,184,48,183,0,0,1
49,185,48,184,0,0,1
49,186,48,185,0,0,1
49,187,48,186,0,0,1
49,188,48,187,0,0,1
49,189,48,188,0,0,1
49,190,48,189,0,0,1
49,191,48,190,0,0,1
49,192,48,191,0,0,1
49,193,48,192,0,0,1
49,194,48,193,0,0,1
49,195,48,194,0,0,1
49,196,48,195,0,0,1
49,197,48,196,0,0,1
49,198,48,197,0,0,1
49,199,48,198,0,0,1
49,200,48,199,0,0,1
49,201,48,200,0,0,1
49,202,48,201,0,0,1
49,203,48,202,0,0,1
49,204,48,203,0,0,1
49,205,48,204,0,0,1
49,206,48,205,0,0,1
49,207,48,206,0,0,1
49,208,48,207,0,0,1
49,209,48,208,0,0,1
49,210,48,209,0,0,1
49,211,48,210,0,0,1
49,212,48,211,0,0,1
49,213,48,212,0,0,1
49,214,48,213,0,0,1
49,215,48,214,0,0,1
49,216,48,215,0,0,1
49,217,48,216,0,0,1
49,218,48,217,0,0,1
49,219,48,218,0,0,1
49,220,48,219,0,0,1
49,221,48,220,0,0,1
49,222,48,221,0,0,1
49,223,48,222,0,0,1
49,224,48,223,0,0,1
49,225,48,228,0,0,1
49,226,48,225,0,0,1
49,227,48,226,0,0,1
49,228,48,227,0,0,1
49,229,48,224,0,0,1
49,230,48,229,0,0,1
49,231,48,230,0,0,1
49,232,48,231,0,0,1
49,233,48,232,0,0,1
49,234,48,233,0,0,1
49,235,48,234,0,0,1
49,236,48,235,0,0,1
49,237,48,236,0,0,1
49,238,48,237,0,0,1
49,239,48,238,0,0,1
49,240,48,239,0,0,1
49,241,48,240,0,0,1
49,242,48,241,0,0,1
49,243,48,242,0,0,1
50,51,49,50,50,49,6
50,52,49,51,39,39,6
50,53,49,52,40,38,6
50,54,49,53,40,37,6
50,55,49,54,32,30,6
50,56,49,55,27,25,7
50,57,49,56,19,19,3
50,58,49,57,23,19,6
50,59,49,58,19,15,6
50,60,49,59,17,0,1
50,61,49,60,0,0,1
50,62,49,61,0,0,1
50,63,49,62,16,16,3
50,64,49,63,0,0,1
50,65,49,64,0,0,1
50,66,49,65,0,0,1
50,67,49,66,0,0,1
50,68,49,67,0,0,1
50,69,49,68,0,0,1
50,70,49,69,0,0,1
50,71,49,70,0,0,1
50,72,49,71,0,0,1
50,73,49,72,0,0,1
50,74,49,73,0,0,1
50,75,49,74,0,0,1
50,76,49,75,0,0,1
50,77,49,76,0,0,1
50,78,49,77,0,0,1
50,79,49,78,0,0,1
50,80,49,79,0,0,1
50,81,49,80,0,0,1
50,82,49,81,0,0,1
50,83,49,82,0,0,1
50,84,49,83,0,0,1
50,85,49,84,0,0,1
50,86,49,85,0,0,1
50,87,49,86,0,0,1
50,88,49,87,0,0,1
50,89,49,88,0,0,1
50,90,49,89,0,0,1
50,91,49,90,0,0,1
50,92,49,91,0,0,1
50,93,49,92,0,0,1
50,94,49,93,0,0,1
50,95,49,94,0,0,1
50,96,49,95,0,0,1
50,97,49,96,0,0,1
50,98,49,97,0,0,1
50,99,49,98,0,0,1
50,100,49,99,0,0,1
50,101,49,100,0,0,1
50,102,49,101,0,0,1
50,103,49,102,0,0,1
50,104,49,103,0,0,1
50,105,49,104,0,0,1
50,106,49,105,0,0,1
50,107,49,106,0,0,1
50,108,49,107,0,0,1
50,109,49,108,0,0,1
50,110,49,109,0,0,1
50,111,49,110,0,0,1
50,112,49,111,0,0,1
50,113,49,112,0,0,1
50,114,49,113,0,0,1
50,115,49,114,0,0,1
50,116,49,115,0,0,1
50,117,49,116,0,0,1
50,118,49,117,0,0,1
50,119,49,118,0,0,1
50,120,49,119,0,0,1
50,121,49,120,0,0,1
50,122,49,121,0,0,1
50,123,49,122,0,0,1
50,124,49,123,0,0,1
50,125,49,124,0,0,1
50,126,49,125,0,0,1
50,127,49,126,0,0,1
50,128,49,127,0,0,1
50,129,49,128,0,0,1
50,130,49,129,0,0,1
50,131,49,130,0,0,1
50,132,49,131,0,0,1
50,133,49,132,0,0,1
50,134,49,133,0,0,1
50,135,49,134,0,0,1
50,136,49,135,0,0,1
50,137,49,136,0,0,1
50,138,49,137,0,0,1
50,139,49,138,0,0,1
50,140,49,139,0,0,1
50,141,49,140,0,0,1
50,142,49,141,0,0,1
50,143,49,142,0,0,1
50,144,49,143,0,0,1
50,145,49,144,0,0,1
50,146,49,145,0,0,1
50,147,49,146,0,0,1
50,148,49,147,0,0,1
50,149,49,148,0,0,1
50,150,49,149,0,0,1
50,151,49,150,0,0,1
50,152,49,151,0,0,1
50,153,49,152,0,0,1
50,154,49,153,0,0,1
50,155,49,154,0,0,1
50,156,49,155,0,0,1
50,157,49,156,0,0,1
50,158,49,157,0,0,1
50,159,49,158,0,0,1
50,160,49,159,0,0,1
50,161,49,160,0,0,1
50,162,49,161,0,0,1
50,163,49,162,0,0,1
50,164,49,163,0,0,1
50,165,49,164,0,0,1
50,166,49,165,0,0,1
50,167,49,166,0,0,1
50,168,49,167,0,0,1
50,169,49,168,0,0,1
50,170,49,169,0,0,1
50,171,49,170,0,0,1
50,172,49,171,0,0,1
50,173,49,172,0,0,1
50,174,49,173,0,0,1
50,175,49,174,0,0,1
50,176,49,175,0,0,1
50,177,49,176,0,0,1
50,178,49,177,0,0,1
50,179,49,178,0,0,1
50,180,49,179,0,0,1
50,181,49,180,0,0,1
50,182,49,181,0,0,1
50,183,49,182,0,0,1
50,184,49,183,0,0,1
50,185,49,184,0,0,1
50,186,49,185,0,0,1
50,187,49,186,0,0,1
50,188,49,187,0,0,1
50,189,49,188,0,0,1
50,190,49,189,0,0,1
50,191,49,190,0,0,1
50,192,49,191,0,0,1
50,193,49,192,0,0,1
50,194,49,193,0,0,1
50,195,49,194,0,0,1
50,196,49,195,0,0,1
50,197,49,196,0,0,1
50,198,49,197,0,0,1
50,199,49,198,0,0,1
50,200,49,199,0,0,1
50,201,49,200,0,0,1
50,202,49,201,0,0,1
50,203,49,202,0,0,1
50,204,49,203,0,0,1
50,205,49,204,0,0,1
50,206,49,205,0,0,1
50,207,49,206,0,0,1
50,208,49,207,0,0,1
50,209,49,208,0,0,1
50,210,49,209,0,0,1
50,211,49,210,0,0,1
50,212,49,211,0,0,1
50,213,49,212,0,0,1
50,214,49,213,0,0,1
50,215,49,214,0,0,1
50,216,49,215,0,0,1
50,217,49,216,0,0,1
50,218,49,217,0,0,1
50,219,49,218,0,0,1
50,220,49,219,0,0,1
50,221,49,220,0,0,1
50,222,49,221,0,0,1
50,223,49,222,0,0,1
50,224,49,223,0,0,1
50,225,49,228,0,0,1
50,226,49,225,0,0,1
50,227,49,226,0,0,1
50,228,49,227,0,0,1
50,229,49,224,0,0,1
50,230,49,229,0,0,1
50,231,49,230,0,0,1
50,232,49,231,0,0,1
50,233,49,232,0,0,1
50,234,49,233,0,0,1
50,235,49,234,0,0,1
50,236,49,235,0,0,1
50,237,49,236,0,0,1
50,238,49,237,0,0,1
50,239,49,238,0,0,1
50,240,49,239,0,0,1
50,241,49,240,0,0,1
50,242,49,241,0,0,1
50,243,49,242,0,0,1
51,52,50,51,48,48,6
51,53,50,52,47,47,6
51,54,50,53,45,41,6
51,55,50,54,39,33,6
51,56,50,55,33,28,7
51,57,50,56,25,24,3
51,58,50,57,26,21,6
51,59,50,58,26,26,3
51,60,50,59,19,19,3
51,61,50,60,19,19,3
51,62,50,61,17,17,3
51,63,50,62,20,19,3
51,64,50,63,15,15,3
51,65,50,64,15,15,3
51,66,50,65,17,0,1
51,67,50,66,21,16,6
51,68,50,67,0,0,1
51,69,50,68,16,15,3
51,70,50,69,0,0,1
51,71,50,70,0,0,1
51,72,50,71,16,0,1
51,73,50,72,17,0,1
51,74,50,73,16,16,3
51,75,50,74,16,16,3
51,76,50,75,0,0,1
51,77,50,76,0,0,1
51,78,50,77,0,0,1
51,79,50,78,0,0,1
51,80,50,79,0,0,1
51,81,50,80,0,0,1
51,82,50,81,0,0,1
51,83,50,82,15,15,3
51,84,50,83,15,0,1
51,85,50,84,15,15,3
51,86,50,85,0,0,1
51,87,50,86,0,0,1
51,88,50,87,0,0,1
51,89,50,88,0,0,1
51,90,50,89,0,0,1
51,91,50,90,0,0,1
51,92,50,91,0,0,1
51,93,50,92,0,0,1
51,94,50,93,0,0,1
51,95,50,94,0,0,1
51,96,50,95,0,0,1
51,97,50,96,0,0,1
51,98,50,97,0,0,1
51,99,50,98,0,0,1
51,100,50,99,0,0,1
51,101,50,100,0,0,1
51,102,50,101,0,0,1
51,103,50,102,0,0,1
51,104,50,103,0,0,1
51,105,50,104,0,0,1
51,106,50,105,0,0,1
51,107,50,106,0,0,1
51,108,50,107,0,0,1
51,109,50,108,0,0,1
51,110,50,109,0,0,1
51,111,50,110,0,0,1
51,112,50,111,0,0,1
51,113,50,112,0,0,1
51,114,50,113,0,0,1
51,115,50,114,0,0,1
51,116,50,115,0,0,1
51,117,50,116,0,0,1
51,118,50,117,0,0,1
51,119,50,118,0,0,1
51,120,50,119,0,0,1
51,121,50,120,0,0,1
51,122,50,121,0,0,1
51,123,50,122,0,0,1
51,124,50,123,0,0,1
51,125,50,124,0,0,1
51,126,50,125,0,0,1
51,127,50,126,0,0,1
51,128,50,127,0,0,1
51,129,50,128,0,0,1
51,130,50,129,0,0,1
51,131,50,130,0,0,1
51,132,50,131,0,0,1
51,133,50,132,0,0,1
51,134,50,133,0,0,1
51,135,50,134,0,0,1
51,136,50,135,0,0,1
51,137,50,136,0,0,1
51,138,50,137,0,0,1
51,139,50,138,0,0,1
51,140,50,139,0,0,1
51,141,50,140,0,0,1
51,142,50,141,0,0,1
51,143,50,142,0,0,1
51,144,50,143,0,0,1
51,145,50,144,0,0,1
51,146,50,145,0,0,1
51,147,50,146,0,0,1
51,148,50,147,0,0,1
51,149,50,148,0,0,1
51,150,50,149,0,0,1
51,151,50,150,0,0,1
51,152,50,151,0,0,1
51,153,50,152,0,0,1
51,154,50,153,0,0,1
51,155,50,154,0,0,1
51,156,50,155,0,0,1
51,157,50,156,0,0,1
51,158,50,157,0,0,1
51,159,50,158,0,0,1
51,160,50,159,0,0,1
51,161,50,160,0,0,1
51,162,50,161,0,0,1
51,163,50,162,0,0,1
51,164,50,163,0,0,1
51,165,50,164,0,0,1
51,166,50,165,0,0,1
51,167,50,166,0,0,1
51,168,50,167,0,0,1
51,169,50,168,0,0,1
51,170,50,169,0,0,1
51,171,50,170,0,0,1
51,172,50,171,0,0,1
51,173,50,172,0,0,1
51,174,50,173,0,0,1
51,175,50,174,0,0,1
51,176,50,175,0,0,1
51,177,50,176,0,0,1
51,178,50,177,0,0,1
51,179,50,178,0,0,1
51,180,50,179,0,0,1
51,181,50,180,0,0,1
51,182,50,181,0,0,1
51,183,50,182,0,0,1
51,184,50,183,0,0,1
51,185,50,184,0,0,1
51,186,50,185,0,0,1
51,187,50,186,0,0,1
51,188,50,187,0,0,1
51,189,50,188,0,0,1
51,190,50,189,0,0,1
51,191,50,190,0,0,1
51,192,50,191,0,0,1
51,193,50,192,0,0,1
51,194,50,193,0,0,1
51,195,50,194,0,0,1
51,196,50,195,0,0,1
51,197,50,196,0,0,1
51,198,50,197,0,0,1
51,199,50,198,0,0,1
51,200,50,199,0,0,1
51,201,50,200,0,0,1
51,202,50,201,0,0,1
51,203,50,202,0,0,1
51,204,50,203,0,0,1
51,205,50,204,0,0,1
51,206,50,205,0,0,1
51,207,50,206,0,0,1
51,208,50,207,0,0,1
51,209,50,208,0,0,1
51,210,50,209,0,0,1
51,211,50,210,0,0,1
51,212,50,211,0,0,1
51,213,50,212,0,0,1
51,214,50,213,0,0,1
51,215,50,214,0,0,1
51,216,50,215,0,0,1
51,217,50,216,0,0,1
51,218,50,217,0,0,1
51,219,50,218,0,0,1
51,220,50,219,0,0,1
51,221,50,220,0,0,1
51,222,50,221,0,0,1
51,223,50,222,0,0,1
51,224,50,223,0,0,1
51,225,50,228,0,0,1
51,226,50,225,0,0,1
51,227,50,226,0,0,1
51,228,50,227,0,0,1
51,229,50,224,0,0,1
51,230,50,229,0,0,1
51,231,50,230,0,0,1
51,232,50,231,0,0,1
51,233,50,232,0,0,1
51,234,50,233,0,0,1
51,235,50,234,0,0,1
51,236,50,235,0,0,1
51,237,50,236,0,0,1
51,238,50,237,0,0,1
51,239,50,238,0,0,1
51,240,50,239,0,0,1
51,241,50,240,0,0,1
51,242,50,241,0,0,1
51,243,50,242,0,0,1
52,53,51,52,45,45,6
52,54,51,53,44,41,6
52,55,51,54,34,30,6
52,56,51,55,25,23,6
52,57,51,56,22,18,6
52,58,51,57,27,21,6
52,59,51,58,25,24,3
52,60,51,59,17,17,3
52,61,51,60,17,0,1
52,62,51,61,15,15,3
52,63,51,62,21,16,6
52,64,51,63,0,0,1
52,65,51,64,19,19,3
52,66,51,65,15,0,1
52,67,51,66,18,18,3
52,68,51,67,0,0,1
52,69,51,68,15,0,1
52,70,51,69,0,0,1
52,71,51,70,16,0,1
52,72,51,71,16,0,1
52,73,51,72,17,0,1
52,74,51,73,15,0,1
52,75,51,74,15,15,3
52,76,51,75,0,0,1
52,77,51,76,0,0,1
52,78,51,77,0,0,1
52,79,51,78,0,0,1
52,80,51,79,0,0,1
52,81,51,80,0,0,1
52,82,51,81,0,0,1
52,83,51,82,0,0,1
52,84,51,83,0,0,1
52,85,51,84,0,0,1
52,86,51,85,0,0,1
52,87,51,86,0,0,1
52,88,51,87,0,0,1
52,89,51,88,0,0,1
52,90,51,89,0,0,1
52,91,51,90,0,0,1
52,92,51,91,0,0,1
52,93,51,92,0,0,1
52,94,51,93,0,0,1
52,95,51,94,0,0,1
52,96,51,95,0,0,1
52,97,51,96,0,0,1
52,98,51,97,0,0,1
52,99,51,98,0,0,1
52,100,51,99,0,0,1
52,101,51,100,0,0,1
52,102,51,101,0,0,1
52,103,51,102,0,0,1
52,104,51,103,0,0,1
52,105,51,104,0,0,1
52,106,51,105,0,0,1
52,107,51,106,0,0,1
52,108,51,107,0,0,1
52,109,51,108,0,0,1
52,110,51,109,0,0,1
52,111,51,110,0,0,1
52,112,51,111,0,0,1
52,113,51,112,0,0,1
52,114,51,113,0,0,1
52,115,51,114,0,0,1
52,116,51,115,0,0,1
52,117,51,116,0,0,1
52,118,51,117,0,0,1
52,119,51,118,0,0,1
52,120,51,119,0,0,1
52,121,51,120,0,0,1
52,122,51,121,0,0,1
52,123,51,122,0,0,1
52,124,51,123,0,0,1
52,125,51,124,0,0,1
52,126,51,125,0,0,1
52,127,51,126,0,0,1
52,128,51,127,0,0,1
52,129,51,128,0,0,1
52,130,51,129,0,0,1
52,131,51,130,0,0,1
52,132,51,131,0,0,1
52,133,51,132,0,0,1
52,134,51,133,0,0,1
52,135,51,134,0,0,1
52,136,51,135,0,0,1
52,137,51,136,0,0,1
52,138,51,137,0,0,1
52,139,51,138,0,0,1
52,140,51,139,0,0,1
52,141,51,140,0,0,1
52,142,51,141,0,0,1
52,143,51,142,0,0,1
52,144,51,143,0,0,1
52,145,51,144,0,0,1
52,146,51,145,0,0,1
52,147,51,146,0,0,1
52,148,51,147,0,0,1
52,149,51,148,0,0,1
52,150,51,149,0,0,1
52,151,51,150,0,0,1
52,152,51,151,0,0,1
52,153,51,152,0,0,1
52,154,51,153,0,0,1
52,155,51,154,0,0,1
52,156,51,155,0,0,1
52,157,51,156,0,0,1
52,158,51,157,0,0,1
52,159,51,158,0,0,1
52,160,51,159,0,0,1
52,161,51,160,0,0,1
52,162,51,161,0,0,1
52,163,51,162,0,0,1
52,164,51,163,0,0,1
52,165,51,164,0,0,1
52,166,51,165,0,0,1
52,167,51,166,0,0,1
52,168,51,167,0,0,1
52,169,51,168,0,0,1
52,170,51,169,0,0,1
52,171,51,170,0,0,1
52,172,51,171,0,0,1
52,173,51,172,0,0,1
52,174,51,173,0,0,1
52,175,51,174,0,0,1
52,176,51,175,0,0,1
52,177,51,176,0,0,1
52,178,51,177,0,0,1
52,179,51,178,0,0,1
52,180,51,179,0,0,1
52,181,51,180,0,0,1
52,182,51,181,0,0,1
52,183,51,182,0,0,1
52,184,51,183,0,0,1
52,185,51,184,0,0,1
52,186,51,185,0,0,1
52,187,51,186,0,0,1
52,188,51,187,0,0,1
52,189,51,188,0,0,1
52,190,51,189,0,0,1
52,191,51,190,0,0,1
52,192,51,191,0,0,1
52,193,51,192,0,0,1
52,194,51,193,0,0,1
52,195,51,194,0,0,1
52,196,51,195,0,0,1
52,197,51,196,0,0,1
52,198,51,197,0,0,1
52,199,51,198,0,0,1
52,200,51,199,0,0,1
52,201,51,200,0,0,1
52,202,51,201,0,0,1
52,203,51,202,0,0,1
52,204,51,203,0,0,1
52,205,51,204,0,0,1
52,206,51,205,0,0,1
52,207,51,206,0,0,1
52,208,51,207,0,0,1
52,209,51,208,0,0,1
52,210,51,209,0,0,1
52,211,51,210,0,0,1
52,212,51,211,0,0,1
52,213,51,212,0,0,1
52,214,51,213,0,0,1
52,215,51,214,0,0,1
52,216,51,215,0,0,1
52,217,51,216,0,0,1
52,218,51,217,0,0,1
52,219,51,218,0,0,1
52,220,51,219,0,0,1
52,221,51,220,0,0,1
52,222,51,221,0,0,1
52,223,51,222,0,0,1
52,224,51,223,0,0,1
52,225,51,228,0,0,1
52,226,51,225,0,0,1
52,227,51,226,0,0,1
52,228,51,227,0,0,1
52,229,51,224,0,0,1
52,230,51,229,0,0,1
52,231,51,230,0,0,1
52,232,51,231,0,0,1
52,233,51,232,0,0,1
52,234,51,233,0,0,1
52,235,51,234,0,0,1
52,236,51,235,0,0,1
52,237,51,236,0,0,1
52,238,51,237,0,0,1
52,239,51,238,0,0,1
52,240,51,239,0,0,1
52,241,51,240,0,0,1
52,242,51,241,0,0,1
52,243,51,242,0,0,1
53,54,52,53,46,46,6
53,55,52,54,36,36,6
53,56,52,55,31,25,6
53,57,52,56,23,19,6
53,58,52,57,24,21,6
53,59,52,58,27,26,3
53,60,52,59,21,20,3
53,61,52,60,19,16,6
53,62,52,61,16,0,1
53,63,52,62,17,17,3
53,64,52,63,0,0,1
53,65,52,64,15,15,3
53,66,52,65,0,0,1
53,67,52,66,18,17,3
53,68,52,67,0,0,1
53,69,52,68,0,0,1
53,70,52,69,0,0,1
53,71,52,70,15,15,3
53,72,52,71,15,0,1
53,73,52,72,0,0,1
53,74,52,73,0,0,1
53,75,52,74,0,0,1
53,76,52,75,0,0,1
53,77,52,76,0,0,1
53,78,52,77,0,0,1
53,79,52,78,0,0,1
53,80,52,79,0,0,1
53,81,52,80,0,0,1
53,82,52,81,0,0,1
53,83,52,82,0,0,1
53,84,52,83,0,0,1
53,85,52,84,0,0,1
53,86,52,85,0,0,1
53,87,52,86,0,0,1
53,88,52,87,0,0,1
53,89,52,88,0,0,1
53,90,52,89,0,0,1
53,91,52,90,0,0,1
53,92,52,91,0,0,1
53,93,52,92,0,0,1
53,94,52,93,0,0,1
53,95,52,94,0,0,1
53,96,52,95,0,0,1
53,97,52,96,0,0,1
53,98,52,97,0,0,1
53,99,52,98,0,0,1
53,100,52,99,0,0,1
53,101,52,100,0,0,1
53,102,52,101,0,0,1
53,103,52,102,0,0,1
53,104,52,103,0,0,1
53,105,52,104,0,0,1
53,106,52,105,0,0,1
53,107,52,106,0,0,1
53,108,52,107,0,0,1
53,109,52,108,0,0,1
53,110,52,109,0,0,1
53,111,52,110,0,0,1
53,112,52,111,0,0,1
53,113,52,112,0,0,1
53,114,52,113,0,0,1
53,115,52,114,0,0,1
53,116,52,115,0,0,1
53,117,52,116,0,0,1
53,118,52,117,0,0,1
53,119,52,118,0,0,1
53,120,52,119,0,0,1
53,121,52,120,0,0,1
53,122,52,121,0,0,1
53,123,52,122,0,0,1
53,124,52,123,0,0,1
53,125,52,124,0,0,1
53,126,52,125,0,0,1
53,127,52,126,0,0,1
53,128,52,127,0,0,1
53,129,52,128,0,0,1
53,130,52,129,0,0,1
53,131,52,130,0,0,1
53,132,52,131,0,0,1
53,133,52,132,0,0,1
53,134,52,133,0,0,1
53,135,52,134,0,0,1
53,136,52,135,0,0,1
53,137,52,136,0,0,1
53,138,52,137,0,0,1
53,139,52,138,0,0,1
53,140,52,139,0,0,1
53,141,52,140,0,0,1
53,142,52,141,0,0,1
53,143,52,142,0,0,1
53,144,52,143,0,0,1
53,145,52,144,0,0,1
53,146,52,145,0,0,1
53,147,52,146,0,0,1
53,148,52,147,0,0,1
53,149,52,148,0,0,1
53,150,52,149,0,0,1
53,151,52,150,0,0,1
53,152,52,151,0,0,1
53,153,52,152,0,0,1
53,154,52,153,0,0,1
53,155,52,154,0,0,1
53,156,52,155,0,0,1
53,157,52,156,0,0,1
53,158,52,157,0,0,1
53,159,52,158,0,0,1
53,160,52,159,0,0,1
53,161,52,160,0,0,1
53,162,52,161,0,0,1
53,163,52,162,0,0,1
53,164,52,163,0,0,1
53,165,52,164,0,0,1
53,166,52,165,0,0,1
53,167,52,166,0,0,1
53,168,52,167,0,0,1
53,169,52,168,0,0,1
53,170,52,169,0,0,1
53,171,52,170,0,0,1
53,172,52,171,0,0,1
53,173,52,172,0,0,1
53,174,52,173,0,0,1
53,175,52,174,0,0,1
53,176,52,175,0,0,1
53,177,52,176,0,0,1
53,178,52,177,0,0,1
53,179,52,178,0,0,1
53,180,52,179,0,0,1
53,181,52,180,0,0,1
53,182,52,181,0,0,1
53,183,52,182,0,0,1
53,184,52,183,0,0,1
53,185,52,184,0,0,1
53,186,52,185,0,0,1
53,187,52,186,0,0,1
53,188,52,187,0,0,1
53,189,52,188,0,0,1
53,190,52,189,0,0,1
53,191,52,190,0,0,1
53,192,52,191,0,0,1
53,193,52,192,0,0,1
53,194,52,193,0,0,1
53,195,52,194,0,0,1
53,196,52,195,0,0,1
53,197,52,196,0,0,1
53,198,52,197,0,0,1
53,199,52,198,0,0,1
53,200,52,199,0,0,1
53,201,52,200,0,0,1
53,202,52,201,0,0,1
53,203,52,202,0,0,1
53,204,52,203,0,0,1
53,205,52,204,0,0,1
53,206,52,205,0,0,1
53,207,52,206,0,0,1
53,208,52,207,0,0,1
53,209,52,208,0,0,1
53,210,52,209,0,0,1
53,211,52,210,0,0,1
53,212,52,211,0,0,1
53,213,52,212,0,0,1
53,214,52,213,0,0,1
53,215,52,214,0,0,1
53,216,52,215,0,0,1
53,217,52,216,0,0,1
53,218,52,217,0,0,1
53,219,52,218,0,0,1
53,220,52,219,0,0,1
53,221,52,220,0,0,1
53,222,52,221,0,0,1
53,223,52,222,0,0,1
53,224,52,223,0,0,1
53,225,52,228,0,0,1
53,226,52,225,0,0,1
53,227,52,226,0,0,1
53,228,52,227,0,0,1
53,229,52,224,0,0,1
53,230,52,229,0,0,1
53,231,52,230,0,0,1
53,232,52,231,0,0,1
53,233,52,232,0,0,1
53,234,52,233,0,0,1
53,235,52,234,0,0,1
53,236,52,235,0,0,1
53,237,52,236,0,0,1
53,238,52,237,0,0,1
53,239,52,238,0,0,1
53,240,52,239,0,0,1
53,241,52,240,0,0,1
53,242,52,241,0,0,1
53,243,52,242,0,0,1
54,55,53,54,41,41,6
54,56,53,55,36,36,6
54,57,53,56,36,32,6
54,58,53,57,33,28,6
54,59,53,58,32,31,3
54,60,53,59,23,19,6
54,61,53,60,24,20,6
54,62,53,61,25,21,6
54,63,53,62,24,21,6
54,64,53,63,24,20,6
54,65,53,64,18,15,6
54,66,53,65,17,16,6
54,67,53,66,23,20,6
54,68,53,67,17,17,6
54,69,53,68,19,19,3
54,70,53,69,15,15,6
54,71,53,70,22,20,6
54,72,53,71,17,16,6
54,73,53,72,18,18,3
54,74,53,73,18,18,3
54,75,53,74,19,19,3
54,76,53,75,15,15,3
54,77,53,76,17,16,3
54,78,53,77,0,0,1
54,79,53,78,15,0,1
54,80,53,79,0,0,1
54,81,53,80,0,0,1
54,82,53,81,0,0,1
54,83,53,82,0,0,1
54,84,53,83,15,0,1
54,85,53,84,0,0,1
54,86,53,85,15,0,1
54,87,53,86,0,0,1
54,88,53,87,15,15,3
54,89,53,88,0,0,1
54,90,53,89,0,0,1
54,91,53,90,0,0,1
54,92,53,91,0,0,1
54,93,53,92,0,0,1
54,94,53,93,0,0,1
54,95,53,94,0,0,1
54,96,53,95,0,0,1
54,97,53,96,0,0,1
54,98,53,97,0,0,1
54,99,53,98,0,0,1
54,100,53,99,0,0,1
54,101,53,100,0,0,1
54,102,53,101,0,0,1
54,103,53,102,0,0,1
54,104,53,103,0,0,1
54,105,53,104,0,0,1
54,106,53,105,0,0,1
54,107,53,106,0,0,1
54,108,53,107,0,0,1
54,109,53,108,0,0,1
54,110,53,109,0,0,1
54,111,53,110,0,0,1
54,112,53,111,0,0,1
54,113,53,112,0,0,1
54,114,53,113,0,0,1
54,115,53,114,0,0,1
54,116,53,115,0,0,1
54,117,53,116,0,0,1
54,118,53,117,0,0,1
54,119,53,118,0,0,1
54,120,53,119,0,0,1
54,121,53,120,0,0,1
54,122,53,121,0,0,1
54,123,53,122,0,0,1
54,124,53,123,0,0,1
54,125,53,124,0,0,1
54,126,53,125,0,0,1
54,127,53,126,0,0,1
54,128,53,127,0,0,1
54,129,53,128,0,0,1
54,130,53,129,0,0,1
54,131,53,130,0,0,1
54,132,53,131,0,0,1
54,133,53,132,0,0,1
54,134,53,133,0,0,1
54,135,53,134,0,0,1
54,136,53,135,0,0,1
54,137,53,136,0,0,1
54,138,53,137,0,0,1
54,139,53,138,0,0,1
54,140,53,139,0,0,1
54,141,53,140,0,0,1
54,142,53,141,0,0,1
54,143,53,142,0,0,1
54,144,53,143,0,0,1
54,145,53,144,0,0,1
54,146,53,145,0,0,1
54,147,53,146,0,0,1
54,148,53,147,0,0,1
54,149,53,148,0,0,1
54,150,53,149,0,0,1
54,151,53,150,0,0,1
54,152,53,151,0,0,1
54,153,53,152,0,0,1
54,154,53,153,0,0,1
54,155,53,154,0,0,1
54,156,53,155,0,0,1
54,157,53,156,0,0,1
54,158,53,157,0,0,1
54,159,53,158,0,0,1
54,160,53,159,0,0,1
54,161,53,160,0,0,1
54,162,53,161,0,0,1
54,163,53,162,0,0,1
54,164,53,163,0,0,1
54,165,53,164,0,0,1
54,166,53,165,0,0,1
54,167,53,166,0,0,1
54,168,53,167,0,0,1
54,169,53,168,0,0,1
54,170,53,169,0,0,1
54,171,53,170,0,0,1
54,172,53,171,0,0,1
54,173,53,172,0,0,1
54,174,53,173,0,0,1
54,175,53,174,0,0,1
54,176,53,175,0,0,1
54,177,53,176,0,0,1
54,178,53,177,0,0,1
54,179,53,178,0,0,1
54,180,53,179,0,0,1
54,181,53,180,0,0,1
54,182,53,181,0,0,1
54,183,53,182,0,0,1
54,184,53,183,0,0,1
54,185,53,184,0,0,1
54,186,53,185,0,0,1
54,187,53,186,0,0,1
54,188,53,187,0,0,1
54,189,53,188,0,0,1
54,190,53,189,0,0,1
54,191,53,190,0,0,1
54,192,53,191,0,0,1
54,193,53,192,0,0,1
54,194,53,193,0,0,1
54,195,53,194,0,0,1
54,196,53,195,0,0,1
54,197,53,196,0,0,1
54,198,53,197,0,0,1
54,199,53,198,0,0,1
54,200,53,199,0,0,1
54,201,53,200,0,0,1
54,202,53,201,0,0,1
54,203,53,202,0,0,1
54,204,53,203,0,0,1
54,205,53,204,0,0,1
54,206,53,205,0,0,1
54,207,53,206,0,0,1
54,208,53,207,0,0,1
54,209,53,208,0,0,1
54,210,53,209,0,0,1
54,211,53,210,0,0,1
54,212,53,211,0,0,1
54,213,53,212,0,0,1
54,214,53,213,0,0,1
54,215,53,214,0,0,1
54,216,53,215,0,0,1
54,217,53,216,0,0,1
54,218,53,217,0,0,1
54,219,53,218,0,0,1
54,220,53,219,0,0,1
54,221,53,220,0,0,1
54,222,53,221,0,0,1
54,223,53,222,0,0,1
54,224,53,223,0,0,1
54,225,53,228,0,0,1
54,226,53,225,0,0,1
54,227,53,226,0,0,1
54,228,53,227,0,0,1
54,229,53,224,0,0,1
54,230,53,229,0,0,1
54,231,53,230,0,0,1
54,232,53,231,0,0,1
54,233,53,232,0,0,1
54,234,53,233,0,0,1
54,235,53,234,0,0,1
54,236,53,235,0,0,1
54,237,53,236,0,0,1
54,238,53,237,0,0,1
54,239,53,238,0,0,1
54,240,53,239,0,0,1
54,241,53,240,0,0,1
54,242,53,241,0,0,1
54,243,53,242,0,0,1
55,56,54,55,43,40,6
55,57,54,56,35,34,6
55,58,54,57,32,28,6
55,59,54,58,30,26,6
55,60,54,59,22,20,6
55,61,54,60,22,18,6
55,62,54,61,20,17,6
55,63,54,62,27,22,6
55,64,54,63,22,20,6
55,65,54,64,21,19,6
55,66,54,65,20,18,6
55,67,54,66,22,18,6
55,68,54,67,17,15,6
55,69,54,68,15,15,6
55,70,54,69,0,0,1
55,71,54,70,16,15,6
55,72,54,71,0,0,1
55,73,54,72,0,0,1
55,74,54,73,15,0,1
55,75,54,74,17,17,3
55,76,54,75,0,0,1
55,77,54,76,16,15,3
55,78,54,77,0,0,1
55,79,54,78,16,15,3
55,80,54,79,15,0,1
55,81,54,80,0,0,1
55,82,54,81,0,0,1
55,83,54,82,0,0,1
55,84,54,83,0,0,1
55,85,54,84,0,0,1
55,86,54,85,0,0,1
55,87,54,86,15,0,1
55,88,54,87,0,0,1
55,89,54,88,0,0,1
55,90,54,89,0,0,1
55,91,54,90,0,0,1
55,92,54,91,0,0,1
55,93,54,92,0,0,1
55,94,54,93,0,0,1
55,95,54,94,0,0,1
55,96,54,95,0,0,1
55,97,54,96,0,0,1
55,98,54,97,0,0,1
55,99,54,98,0,0,1
55,100,54,99,0,0,1
55,101,54,100,0,0,1
55,102,54,101,0,0,1
55,103,54,102,0,0,1
55,104,54,103,0,0,1
55,105,54,104,0,0,1
55,106,54,105,0,0,1
55,107,54,106,0,0,1
55,108,54,107,0,0,1
55,109,54,108,0,0,1
55,110,54,109,0,0,1
55,111,54,110,0,0,1
55,112,54,111,0,0,1
55,113,54,112,0,0,1
55,114,54,113,0,0,1
55,115,54,114,0,0,1
55,116,54,115,0,0,1
55,117,54,116,0,0,1
55,118,54,117,0,0,1
55,119,54,118,0,0,1
55,120,54,119,0,0,1
55,121,54,120,0,0,1
55,122,54,121,0,0,1
55,123,54,122,0,0,1
55,124,54,123,0,0,1
55,125,54,124,0,0,1
55,126,54,125,0,0,1
55,127,54,126,0,0,1
55,128,54,127,0,0,1
55,129,54,128,0,0,1
55,130,54,129,0,0,1
55,131,54,130,0,0,1
55,132,54,131,0,0,1
55,133,54,132,0,0,1
55,134,54,133,0,0,1
55,135,54,134,0,0,1
55,136,54,135,0,0,1
55,137,54,136,0,0,1
55,138,54,137,0,0,1
55,139,54,138,0,0,1
55,140,54,139,0,0,1
55,141,54,140,0,0,1
55,142,54,141,0,0,1
55,143,54,142,0,0,1
55,144,54,143,0,0,1
55,145,54,144,0,0,1
55,146,54,145,0,0,1
55,147,54,146,0,0,1
55,148,54,147,0,0,1
55,149,54,148,0,0,1
55,150,54,149,0,0,1
55,151,54,150,0,0,1
55,152,54,151,0,0,1
55,153,54,152,0,0,1
55,154,54,153,0,0,1
55,155,54,154,0,0,1
55,156,54,155,0,0,1
55,157,54,156,0,0,1
55,158,54,157,0,0,1
55,159,54,158,0,0,1
55,160,54,159,0,0,1
55,161,54,160,0,0,1
55,162,54,161,0,0,1
55,163,54,162,0,0,1
55,164,54,163,0,0,1
55,165,54,164,0,0,1
55,166,54,165,0,0,1
55,167,54,166,0,0,1
55,168,54,167,0,0,1
55,169,54,168,0,0,1
55,170,54,169,0,0,1
55,171,54,170,0,0,1
55,172,54,171,0,0,1
55,173,54,172,0,0,1
55,174,54,173,0,0,1
55,175,54,174,0,0,1
55,176,54,175,0,0,1
55,177,54,176,0,0,1
55,178,54,177,0,0,1
55,179,54,178,0,0,1
55,180,54,179,0,0,1
55,181,54,180,0,0,1
55,182,54,181,0,0,1
55,183,54,182,0,0,1
55,184,54,183,0,0,1
55,185,54,184,0,0,1
55,186,54,185,0,0,1
55,187,54,186,0,0,1
55,188,54,187,0,0,1
55,189,54,188,0,0,1
55,190,54,189,0,0,1
55,191,54,190,0,0,1
55,192,54,191,0,0,1
55,193,54,192,0,0,1
55,194,54,193,0,0,1
55,195,54,194,0,0,1
55,196,54,195,0,0,1
55,197,54,196,0,0,1
55,198,54,197,0,0,1
55,199,54,198,0,0,1
55,200,54,199,0,0,1
55,201,54,200,0,0,1
55,202,54,201,0,0,1
55,203,54,202,0,0,1
55,204,54,203,0,0,1
55,205,54,204,0,0,1
55,206,54,205,0,0,1
55,207,54,206,0,0,1
55,208,54,207,0,0,1
55,209,54,208,0,0,1
55,210,54,209,0,0,1
55,211,54,210,0,0,1
55,212,54,211,0,0,1
55,213,54,212,0,0,1
55,214,54,213,0,0,1
55,215,54,214,0,0,1
55,216,54,215,0,0,1
55,217,54,216,0,0,1
55,218,54,217,0,0,1
55,219,54,218,0,0,1
55,220,54,219,0,0,1
55,221,54,220,0,0,1
55,222,54,221,0,0,1
55,223,54,222,0,0,1
55,224,54,223,0,0,1
55,225,54,228,0,0,1
55,226,54,225,0,0,1
55,227,54,226,0,0,1
55,228,54,227,0,0,1
55,229,54,224,0,0,1
55,230,54,229,0,0,1
55,231,54,230,0,0,1
55,232,54,231,0,0,1
55,233,54,232,0,0,1
55,234,54,233,0,0,1
55,235,54,234,0,0,1
55,236,54,235,0,0,1
55,237,54,236,0,0,1
55,238,54,237,0,0,1
55,239,54,238,0,0,1
55,240,54,239,0,0,1
55,241,54,240,0,0,1
55,242,54,241,0,0,1
55,243,54,242,0,0,1
56,57,55,56,41,41,6
56,58,55,57,41,38,6
56,59,55,58,35,33,6
56,60,55,59,34,31,6
56,61,55,60,33,32,6
56,62,55,61,28,28,6
56,63,55,62,30,29,6
56,64,55,63,26,24,6
56,65,55,64,26,25,6
56,66,55,65,26,26,3
56,67,55,66,25,24,6
56,68,55,67,16,16,6
56,69,55,68,23,23,6
56,70,55,69,16,16,6
56,71,55,70,21,18,6
56,72,55,71,18,17,6
56,73,55,72,18,16,6
56,74,55,73,19,16,6
56,75,55,74,18,17,6
56,76,55,75,19,18,6
56,77,55,76,16,16,3
56,78,55,77,0,0,1
56,79,55,78,15,0,1
56,80,55,79,16,0,1
56,81,55,80,0,0,1
56,82,55,81,0,0,1
56,83,55,82,0,0,1
56,84,55,83,0,0,1
56,85,55,84,0,0,1
56,86,55,85,0,0,1
56,87,55,86,0,0,1
56,88,55,87,0,0,1
56,89,55,88,0,0,1
56,90,55,89,0,0,1
56,91,55,90,0,0,1
56,92,55,91,0,0,1
56,93,55,92,0,0,1
56,94,55,93,0,0,1
56,95,55,94,0,0,1
56,96,55,95,0,0,1
56,97,55,96,0,0,1
56,98,55,97,0,0,1
56,99,55,98,0,0,1
56,100,55,99,0,0,1
56,101,55,100,0,0,1
56,102,55,101,0,0,1
56,103,55,102,0,0,1
56,104,55,103,0,0,1
56,105,55,104,0,0,1
56,106,55,105,0,0,1
56,107,55,106,0,0,1
56,108,55,107,0,0,1
56,109,55,108,0,0,1
56,110,55,109,0,0,1
56,111,55,110,0,0,1
56,112,55,111,0,0,1
56,113,55,112,0,0,1
56,114,55,113,0,0,1
56,115,55,114,0,0,1
56,116,55,115,0,0,1
56,117,55,116,0,0,1
56,118,55,117,0,0,1
56,119,55,118,0,0,1
56,120,55,119,0,0,1
56,121,55,120,0,0,1
56,122,55,121,0,0,1
56,123,55,122,0,0,1
56,124,55,123,0,0,1
56,125,55,124,0,0,1
56,126,55,125,0,0,1
56,127,55,126,0,0,1
56,128,55,127,0,0,1
56,129,55,128,0,0,1
56,130,55,129,0,0,1
56,131,55,130,0,0,1
56,132,55,131,0,0,1
56,133,55,132,0,0,1
56,134,55,133,0,0,1
56,135,55,134,0,0,1
56,136,55,135,0,0,1
56,137,55,136,0,0,1
56,138,55,137,0,0,1
56,139,55,138,0,0,1
56,140,55,139,0,0,1
56,141,55,140,0,0,1
56,142,55,141,0,0,1
56,143,55,142,0,0,1
56,144,55,143,0,0,1
56,145,55,144,0,0,1
56,146,55,145,0,0,1
56,147,55,146,0,0,1
56,148,55,147,0,0,1
56,149,55,148,0,0,1
56,150,55,149,0,0,1
56,151,55,150,0,0,1
56,152,55,151,0,0,1
56,153,55,152,0,0,1
56,154,55,153,0,0,1
56,155,55,154,0,0,1
56,156,55,155,0,0,1
56,157,55,156,0,0,1
56,158,55,157,0,0,1
56,159,55,158,0,0,1
56,160,55,159,0,0,1
56,161,55,160,0,0,1
56,162,55,161,0,0,1
56,163,55,162,0,0,1
56,164,55,163,0,0,1
56,165,55,164,0,0,1
56,166,55,165,0,0,1
56,167,55,166,0,0,1
56,168,55,167,0,0,1
56,169,55,168,0,0,1
56,170,55,169,0,0,1
56,171,55,170,0,0,1
56,172,55,171,0,0,1
56,173,55,172,0,0,1
56,174,55,173,0,0,1
56,175,55,174,0,0,1
56,176,55,175,0,0,1
56,177,55,176,0,0,1
56,178,55,177,0,0,1
56,179,55,178,0,0,1
56,180,55,179,0,0,1
56,181,55,180,0,0,1
56,182,55,181,0,0,1
56,183,55,182,0,0,1
56,184,55,183,0,0,1
56,185,55,184,0,0,1
56,186,55,185,0,0,1
56,187,55,186,0,0,1
56,188,55,187,0,0,1
56,189,55,188,0,0,1
56,190,55,189,0,0,1
56,191,55,190,0,0,1
56,192,55,191,0,0,1
56,193,55,192,0,0,1
56,194,55,193,0,0,1
56,195,55,194,0,0,1
56,196,55,195,0,0,1
56,197,55,196,0,0,1
56,198,55,197,0,0,1
56,199,55,198,0,0,1
56,200,55,199,0,0,1
56,201,55,200,0,0,1
56,202,55,201,0,0,1
56,203,55,202,0,0,1
56,204,55,203,0,0,1
56,205,55,204,0,0,1
56,206,55,205,0,0,1
56,207,55,206,0,0,1
56,208,55,207,0,0,1
56,209,55,208,0,0,1
56,210,55,209,0,0,1
56,211,55,210,0,0,1
56,212,55,211,0,0,1
56,213,55,212,0,0,1
56,214,55,213,0,0,1
56,215,55,214,0,0,1
56,216,55,215,0,0,1
56,217,55,216,0,0,1
56,218,55,217,0,0,1
56,219,55,218,0,0,1
56,220,55,219,0,0,1
56,221,55,220,0,0,1
56,222,55,221,0,0,1
56,223,55,222,0,0,1
56,224,55,223,0,0,1
56,225,55,228,0,0,1
56,226,55,225,0,0,1
56,227,55,226,0,0,1
56,228,55,227,0,0,1
56,229,55,224,0,0,1
56,230,55,229,0,0,1
56,231,55,230,0,0,1
56,232,55,231,0,0,1
56,233,55,232,0,0,1
56,234,55,233,0,0,1
56,235,55,234,0,0,1
56,236,55,235,0,0,1
56,237,55,236,0,0,1
56,238,55,237,0,0,1
56,239,55,238,0,0,1
56,240,55,239,0,0,1
56,241,55,240,0,0,1
56,242,55,241,0,0,1
56,243,55,242,0,0,1
57,58,56,57,42,40,6
57,59,56,58,37,36,6
57,60,56,59,30,29,6
57,61,56,60,31,31,6
57,62,56,61,27,26,6
57,63,56,62,30,29,6
57,64,56,63,31,31,6
57,65,56,64,28,26,6
57,66,56,65,25,23,6
57,67,56,66,22,20,6
57,68,56,67,16,16,6
57,69,56,68,15,0,1
57,70,56,69,15,0,1
57,71,56,70,20,18,6
57,72,56,71,15,0,1
57,73,56,72,16,0,1
57,74,56,73,17,16,6
57,75,56,74,20,19,6
57,76,56,75,21,20,6
57,77,56,76,0,0,1
57,78,56,77,15,15,3
57,79,56,78,15,0,1
57,80,56,79,16,16,3
57,81,56,80,0,0,1
57,82,56,81,0,0,1
57,83,56,82,0,0,1
57,84,56,83,0,0,1
57,85,56,84,0,0,1
57,86,56,85,0,0,1
57,87,56,86,0,0,1
57,88,56,87,0,0,1
57,89,56,88,15,15,6
57,90,56,89,0,0,1
57,91,56,90,0,0,1
57,92,56,91,0,0,1
57,93,56,92,0,0,1
57,94,56,93,0,0,1
57,95,56,94,0,0,1
57,96,56,95,0,0,1
57,97,56,96,0,0,1
57,98,56,97,0,0,1
57,99,56,98,0,0,1
57,100,56,99,0,0,1
57,101,56,100,0,0,1
57,102,56,101,0,0,1
57,103,56,102,0,0,1
57,104,56,103,0,0,1
57,105,56,104,0,0,1
57,106,56,105,0,0,1
57,107,56,106,0,0,1
57,108,56,107,0,0,1
57,109,56,108,0,0,1
57,110,56,109,0,0,1
57,111,56,110,0,0,1
57,112,56,111,0,0,1
57,113,56,112,0,0,1
57,114,56,113,0,0,1
57,115,56,114,0,0,1
57,116,56,115,0,0,1
57,117,56,116,0,0,1
57,118,56,117,0,0,1
57,119,56,118,0,0,1
57,120,56,119,0,0,1
57,121,56,120,0,0,1
57,122,56,121,0,0,1
57,123,56,122,0,0,1
57,124,56,123,0,0,1
57,125,56,124,0,0,1
57,126,56,125,0,0,1
57,127,56,126,0,0,1
57,128,56,127,0,0,1
57,129,56,128,0,0,1
57,130,56,129,0,0,1
57,131,56,130,0,0,1
57,132,56,131,0,0,1
57,133,56,132,0,0,1
57,134,56,133,0,0,1
57,135,56,134,0,0,1
57,136,56,135,0,0,1
57,137,56,136,0,0,1
57,138,56,137,0,0,1
57,139,56,138,0,0,1
57,140,56,139,0,0,1
57,141,56,140,0,0,1
57,142,56,141,0,0,1
57,143,56,142,0,0,1
57,144,56,143,0,0,1
57,145,56,144,0,0,1
57,146,56,145,0,0,1
57,147,56,146,0,0,1
57,148,56,147,0,0,1
57,149,56,148,0,0,1
57,150,56,149,0,0,1
57,151,56,150,0,0,1
57,152,56,151,0,0,1
57,153,56,152,0,0,1
57,154,56,153,0,0,1
57,155,56,154,0,0,1
57,156,56,155,0,0,1
57,157,56,156,0,0,1
57,158,56,157,0,0,1
57,159,56,158,0,0,1
57,160,56,159,0,0,1
57,161,56,160,0,0,1
57,162,56,161,0,0,1
57,163,56,162,0,0,1
57,164,56,163,0,0,1
57,165,56,164,0,0,1
57,166,56,165,0,0,1
57,167,56,166,0,0,1
57,168,56,167,0,0,1
57,169,56,168,0,0,1
57,170,56,169,0,0,1
57,171,56,170,0,0,1
57,172,56,171,0,0,1
57,173,56,172,0,0,1
57,174,56,173,0,0,1
57,175,56,174,0,0,1
57,176,56,175,0,0,1
57,177,56,176,0,0,1
57,178,56,177,0,0,1
57,179,56,178,0,0,1
57,180,56,179,0,0,1
57,181,56,180,0,0,1
57,182,56,181,0,0,1
57,183,56,182,0,0,1
57,184,56,183,0,0,1
57,185,56,184,0,0,1
57,186,56,185,0,0,1
57,187,56,186,0,0,1
57,188,56,187,0,0,1
57,189,56,188,0,0,1
57,190,56,189,0,0,1
57,191,56,190,0,0,1
57,192,56,191,0,0,1
57,193,56,192,0,0,1
57,194,56,193,0,0,1
57,195,56,194,0,0,1
57,196,56,195,0,0,1
57,197,56,196,0,0,1
57,198,56,197,0,0,1
57,199,56,198,0,0,1
57,200,56,199,0,0,1
57,201,56,200,0,0,1
57,202,56,201,0,0,1
57,203,56,202,0,0,1
57,204,56,203,0,0,1
57,205,56,204,0,0,1
57,206,56,205,0,0,1
57,207,56,206,0,0,1
57,208,56,207,0,0,1
57,209,56,208,0,0,1
57,210,56,209,0,0,1
57,211,56,210,0,0,1
57,212,56,211,0,0,1
57,213,56,212,0,0,1
57,214,56,213,0,0,1
57,215,56,214,0,0,1
57,216,56,215,0,0,1
57,217,56,216,0,0,1
57,218,56,217,0,0,1
57,219,56,218,0,0,1
57,220,56,219,0,0,1
57,221,56,220,0,0,1
57,222,56,221,0,0,1
57,223,56,222,0,0,1
57,224,56,223,0,0,1
57,225,56,228,0,0,1
57,226,56,225,0,0,1
57,227,56,226,0,0,1
57,228,56,227,0,0,1
57,229,56,224,0,0,1
57,230,56,229,0,0,1
57,231,56,230,0,0,1
57,232,56,231,0,0,1
57,233,56,232,0,0,1
57,234,56,233,0,0,1
57,235,56,234,0,0,1
57,236,56,235,0,0,1
57,237,56,236,0,0,1
57,238,56,237,0,0,1
57,239,56,238,0,0,1
57,240,56,239,0,0,1
57,241,56,240,0,0,1
57,242,56,241,0,0,1
57,243,56,242,0,0,1
58,59,57,58,47,47,6
58,60,57,59,34,33,6
58,61,57,60,42,40,6
58,62,57,61,31,30,6
58,63,57,62,37,36,6
58,64,57,63,30,30,6
58,65,57,64,29,28,6
58,66,57,65,23,21,6
58,67,57,66,29,26,6
58,68,57,67,20,19,6
58,69,57,68,18,18,6
58,70,57,69,21,21,6
58,71,57,70,23,19,6
58,72,57,71,21,19,6
58,73,57,72,20,19,6
58,74,57,73,20,18,6
58,75,57,74,21,20,3
58,76,57,75,21,18,6
58,77,57,76,19,19,3
58,78,57,77,18,18,3
58,79,57,78,17,17,3
58,80,57,79,20,20,3
58,81,57,80,17,0,1
58,82,57,81,19,19,3
58,83,57,82,15,0,1
58,84,57,83,16,0,1
58,85,57,84,17,15,6
58,86,57,85,17,15,6
58,87,57,86,16,0,1
58,88,57,87,15,0,1
58,89,57,88,21,17,6
58,90,57,89,16,0,1
58,91,57,90,0,0,1
58,92,57,91,0,0,1
58,93,57,92,0,0,1
58,94,57,93,0,0,1
58,95,57,94,0,0,1
58,96,57,95,0,0,1
58,97,57,96,0,0,1
58,98,57,97,0,0,1
58,99,57,98,0,0,1
58,100,57,99,0,0,1
58,101,57,100,0,0,1
58,102,57,101,0,0,1
58,103,57,102,0,0,1
58,104,57,103,0,0,1
58,105,57,104,0,0,1
58,106,57,105,0,0,1
58,107,57,106,0,0,1
58,108,57,107,0,0,1
58,109,57,108,0,0,1
58,110,57,109,0,0,1
58,111,57,110,0,0,1
58,112,57,111,0,0,1
58,113,57,112,0,0,1
58,114,57,113,0,0,1
58,115,57,114,0,0,1
58,116,57,115,0,0,1
58,117,57,116,0,0,1
58,118,57,117,0,0,1
58,119,57,118,0,0,1
58,120,57,119,0,0,1
58,121,57,120,0,0,1
58,122,57,121,0,0,1
58,123,57,122,0,0,1
58,124,57,123,0,0,1
58,125,57,124,0,0,1
58,126,57,125,0,0,1
58,127,57,126,0,0,1
58,128,57,127,0,0,1
58,129,57,128,0,0,1
58,130,57,129,0,0,1
58,131,57,130,0,0,1
58,132,57,131,0,0,1
58,133,57,132,0,0,1
58,134,57,133,0,0,1
58,135,57,134,0,0,1
58,136,57,135,0,0,1
58,137,57,136,0,0,1
58,138,57,137,0,0,1
58,139,57,138,0,0,1
58,140,57,139,0,0,1
58,141,57,140,0,0,1
58,142,57,141,0,0,1
58,143,57,142,0,0,1
58,144,57,143,0,0,1
58,145,57,144,0,0,1
58,146,57,145,0,0,1
58,147,57,146,0,0,1
58,148,57,147,0,0,1
58,149,57,148,0,0,1
58,150,57,149,0,0,1
58,151,57,150,0,0,1
58,152,57,151,0,0,1
58,153,57,152,0,0,1
58,154,57,153,0,0,1
58,155,57,154,0,0,1
58,156,57,155,0,0,1
58,157,57,156,0,0,1
58,158,57,157,0,0,1
58,159,57,158,0,0,1
58,160,57,159,0,0,1
58,161,57,160,0,0,1
58,162,57,161,0,0,1
58,163,57,162,0,0,1
58,164,57,163,0,0,1
58,165,57,164,0,0,1
58,166,57,165,0,0,1
58,167,57,166,0,0,1
58,168,57,167,0,0,1
58,169,57,168,0,0,1
58,170,57,169,0,0,1
58,171,57,170,0,0,1
58,172,57,171,0,0,1
58,173,57,172,0,0,1
58,174,57,173,0,0,1
58,175,57,174,0,0,1
58,176,57,175,0,0,1
58,177,57,176,0,0,1
58,178,57,177,0,0,1
58,179,57,178,0,0,1
58,180,57,179,0,0,1
58,181,57,180,0,0,1
58,182,57,181,0,0,1
58,183,57,182,0,0,1
58,184,57,183,0,0,1
58,185,57,184,0,0,1
58,186,57,185,0,0,1
58,187,57,186,0,0,1
58,188,57,187,0,0,1
58,189,57,188,0,0,1
58,190,57,189,0,0,1
58,191,57,190,0,0,1
58,192,57,191,0,0,1
58,193,57,192,0,0,1
58,194,57,193,0,0,1
58,195,57,194,0,0,1
58,196,57,195,0,0,1
58,197,57,196,0,0,1
58,198,57,197,0,0,1
58,199,57,198,0,0,1
58,200,57,199,0,0,1
58,201,57,200,0,0,1
58,202,57,201,0,0,1
58,203,57,202,0,0,1
58,204,57,203,0,0,1
58,205,57,204,0,0,1
58,206,57,205,0,0,1
58,207,57,206,0,0,1
58,208,57,207,0,0,1
58,209,57,208,0,0,1
58,210,57,209,0,0,1
58,211,57,210,0,0,1
58,212,57,211,0,0,1
58,213,57,212,0,0,1
58,214,57,213,0,0,1
58,215,57,214,0,0,1
58,216,57,215,0,0,1
58,217,57,216,0,0,1
58,218,57,217,0,0,1
58,219,57,218,0,0,1
58,220,57,219,0,0,1
58,221,57,220,0,0,1
58,222,57,221,0,0,1
58,223,57,222,0,0,1
58,224,57,223,0,0,1
58,225,57,228,0,0,1
58,226,57,225,0,0,1
58,227,57,226,0,0,1
58,228,57,227,0,0,1
58,229,57,224,0,0,1
58,230,57,229,0,0,1
58,231,57,230,0,0,1
58,232,57,231,0,0,1
58,233,57,232,0,0,1
58,234,57,233,0,0,1
58,235,57,234,0,0,1
58,236,57,235,0,0,1
58,237,57,236,0,0,1
58,238,57,237,0,0,1
58,239,57,238,0,0,1
58,240,57,239,0,0,1
58,241,57,240,0,0,1
58,242,57,241,0,0,1
58,243,57,242,0,0,1
59,60,58,59,34,33,6
59,61,58,60,37,36,6
59,62,58,61,30,29,6
59,63,58,62,33,32,6
59,64,58,63,32,31,6
59,65,58,64,26,24,6
59,66,58,65,25,24,6
59,67,58,66,26,25,6
59,68,58,67,16,16,6
59,69,58,68,21,20,6
59,70,58,69,18,18,6
59,71,58,70,23,21,6
59,72,58,71,19,16,6
59,73,58,72,20,18,6
59,74,58,73,19,16,6
59,75,58,74,22,17,6
59,76,58,75,0,0,1
59,77,58,76,0,0,1
59,78,58,77,0,0,1
59,79,58,78,0,0,1
59,80,58,79,0,0,1
59,81,58,80,0,0,1
59,82,58,81,0,0,1
59,83,58,82,0,0,1
59,84,58,83,0,0,1
59,85,58,84,0,0,1
59,86,58,85,15,15,3
59,87,58,86,15,0,1
59,88,58,87,0,0,1
59,89,58,88,0,0,1
59,90,58,89,0,0,1
59,91,58,90,0,0,1
59,92,58,91,0,0,1
59,93,58,92,0,0,1
59,94,58,93,0,0,1
59,95,58,94,0,0,1
59,96,58,95,0,0,1
59,97,58,96,0,0,1
59,98,58,97,0,0,1
59,99,58,98,0,0,1
59,100,58,99,0,0,1
59,101,58,100,0,0,1
59,102,58,101,0,0,1
59,103,58,102,0,0,1
59,104,58,103,0,0,1
59,105,58,104,0,0,1
59,106,58,105,0,0,1
59,107,58,106,0,0,1
59,108,58,107,0,0,1
59,109,58,108,0,0,1
59,110,58,109,0,0,1
59,111,58,110,0,0,1
59,112,58,111,0,0,1
59,113,58,112,0,0,1
59,114,58,113,0,0,1
59,115,58,114,0,0,1
59,116,58,115,0,0,1
59,117,58,116,0,0,1
59,118,58,117,0,0,1
59,119,58,118,0,0,1
59,120,58,119,0,0,1
59,121,58,120,0,0,1
59,122,58,121,0,0,1
59,123,58,122,0,0,1
59,124,58,123,0,0,1
59,125,58,124,0,0,1
59,126,58,125,0,0,1
59,127,58,126,0,0,1
59,128,58,127,0,0,1
59,129,58,128,0,0,1
59,130,58,129,0,0,1
59,131,58,130,0,0,1
59,132,58,131,0,0,1
59,133,58,132,0,0,1
59,134,58,133,0,0,1
59,135,58,134,0,0,1
59,136,58,135,0,0,1
59,137,58,136,0,0,1
59,138,58,137,0,0,1
59,139,58,138,0,0,1
59,140,58,139,0,0,1
59,141,58,140,0,0,1
59,142,58,141,0,0,1
59,143,58,142,0,0,1
59,144,58,143,0,0,1
59,145,58,144,0,0,1
59,146,58,145,0,0,1
59,147,58,146,0,0,1
59,148,58,147,0,0,1
59,149,58,148,0,0,1
59,150,58,149,0,0,1
59,151,58,150,0,0,1
59,152,58,151,0,0,1
59,153,58,152,0,0,1
59,154,58,153,0,0,1
59,155,58,154,0,0,1
59,156,58,155,0,0,1
59,157,58,156,0,0,1
59,158,58,157,0,0,1
59,159,58,158,0,0,1
59,160,58,159,0,0,1
59,161,58,160,0,0,1
59,162,58,161,0,0,1
59,163,58,162,0,0,1
59,164,58,163,0,0,1
59,165,58,164,0,0,1
59,166,58,165,0,0,1
59,167,58,166,0,0,1
59,168,58,167,0,0,1
59,169,58,168,0,0,1
59,170,58,169,0,0,1
59,171,58,170,0,0,1
59,172,58,171,0,0,1
59,173,58,172,0,0,1
59,174,58,173,0,0,1
59,175,58,174,0,0,1
59,176,58,175,0,0,1
59,177,58,176,0,0,1
59,178,58,177,0,0,1
59,179,58,178,0,0,1
59,180,58,179,0,0,1
59,181,58,180,0,0,1
59,182,58,181,0,0,1
59,183,58,182,0,0,1
59,184,58,183,0,0,1
59,185,58,184,0,0,1
59,186,58,185,0,0,1
59,187,58,186,0,0,1
59,188,58,187,0,0,1
59,189,58,188,0,0,1
59,190,58,189,0,0,1
59,191,58,190,0,0,1
59,192,58,191,0,0,1
59,193,58,192,0,0,1
59,194,58,193,0,0,1
59,195,58,194,0,0,1
59,196,58,195,0,0,1
59,197,58,196,0,0,1
59,198,58,197,0,0,1
59,199,58,198,0,0,1
59,200,58,199,0,0,1
59,201,58,200,0,0,1
59,202,58,201,0,0,1
59,203,58,202,0,0,1
59,204,58,203,0,0,1
59,205,58,204,0,0,1
59,206,58,205,0,0,1
59,207,58,206,0,0,1
59,208,58,207,0,0,1
59,209,58,208,0,0,1
59,210,58,209,0,0,1
59,211,58,210,0,0,1
59,212,58,211,0,0,1
59,213,58,212,0,0,1
59,214,58,213,0,0,1
59,215,58,214,0,0,1
59,216,58,215,0,0,1
59,217,58,216,0,0,1
59,218,58,217,0,0,1
59,219,58,218,0,0,1
59,220,58,219,0,0,1
59,221,58,220,0,0,1
59,222,58,221,0,0,1
59,223,58,222,0,0,1
59,224,58,223,0,0,1
59,225,58,228,0,0,1
59,226,58,225,0,0,1
59,227,58,226,0,0,1
59,228,58,227,0,0,1
59,229,58,224,0,0,1
59,230,58,229,0,0,1
59,231,58,230,0,0,1
59,232,58,231,0,0,1
59,233,58,232,0,0,1
59,234,58,233,0,0,1
59,235,58,234,0,0,1
59,236,58,235,0,0,1
59,237,58,236,0,0,1
59,238,58,237,0,0,1
59,239,58,238,0,0,1
59,240,58,239,0,0,1
59,241,58,240,0,0,1
59,242,58,241,0,0,1
59,243,58,242,0,0,1
60,61,59,60,38,38,6
60,62,59,61,43,43,6
60,63,59,62,36,33,6
60,64,59,63,32,31,6
60,65,59,64,32,28,6
60,66,59,65,28,25,6
60,67,59,66,32,30,6
60,68,59,67,21,20,6
60,69,59,68,21,18,6
60,70,59,69,21,19,6
60,71,59,70,23,20,6
60,72,59,71,19,19,6
60,73,59,72,22,20,6
60,74,59,73,17,16,6
60,75,59,74,19,18,6
60,76,59,75,20,19,6
60,77,59,76,15,15,3
60,78,59,77,0,0,1
60,79,59,78,17,17,3
60,80,59,79,18,15,6
60,81,59,80,0,0,1
60,82,59,81,0,0,1
60,83,59,82,0,0,1
60,84,59,83,0,0,1
60,85,59,84,0,0,1
60,86,59,85,0,0,1
60,87,59,86,15,0,1
60,88,59,87,17,16,6
60,89,59,88,17,16,6
60,90,59,89,18,16,6
60,91,59,90,15,0,1
60,92,59,91,0,0,1
60,93,59,92,0,0,1
60,94,59,93,0,0,1
60,95,59,94,0,0,1
60,96,59,95,0,0,1
60,97,59,96,0,0,1
60,98,59,97,0,0,1
60,99,59,98,0,0,1
60,100,59,99,0,0,1
60,101,59,100,0,0,1
60,102,59,101,0,0,1
60,103,59,102,0,0,1
60,104,59,103,0,0,1
60,105,59,104,0,0,1
60,106,59,105,0,0,1
60,107,59,106,0,0,1
60,108,59,107,0,0,1
60,109,59,108,0,0,1
60,110,59,109,0,0,1
60,111,59,110,0,0,1
60,112,59,111,0,0,1
60,113,59,112,0,0,1
60,114,59,113,0,0,1
60,115,59,114,0,0,1
60,116,59,115,0,0,1
60,117,59,116,0,0,1
60,118,59,117,0,0,1
60,119,59,118,0,0,1
60,120,59,119,0,0,1
60,121,59,120,0,0,1
60,122,59,121,0,0,1
60,123,59,122,0,0,1
60,124,59,123,0,0,1
60,125,59,124,0,0,1
60,126,59,125,0,0,1
60,127,59,126,0,0,1
60,128,59,127,0,0,1
60,129,59,128,0,0,1
60,130,59,129,0,0,1
60,131,59,130,0,0,1
60,132,59,131,0,0,1
60,133,59,132,0,0,1
60,134,59,133,0,0,1
60,135,59,134,0,0,1
60,136,59,135,0,0,1
60,137,59,136,0,0,1
60,138,59,137,0,0,1
60,139,59,138,0,0,1
60,140,59,139,0,0,1
60,141,59,140,0,0,1
60,142,59,141,0,0,1
60,143,59,142,0,0,1
60,144,59,143,0,0,1
60,145,59,144,0,0,1
60,146,59,145,0,0,1
60,147,59,146,0,0,1
60,148,59,147,0,0,1
60,149,59,148,0,0,1
60,150,59,149,0,0,1
60,151,59,150,0,0,1
60,152,59,151,0,0,1
60,153,59,152,0,0,1
60,154,59,153,0,0,1
60,155,59,154,0,0,1
60,156,59,155,0,0,1
60,157,59,156,0,0,1
60,158,59,157,0,0,1
60,159,59,158,0,0,1
60,160,59,159,0,0,1
60,161,59,160,0,0,1
60,162,59,161,0,0,1
60,163,59,162,0,0,1
60,164,59,163,0,0,1
60,165,59,164,0,0,1
60,166,59,165,0,0,1
60,167,59,166,0,0,1
60,168,59,167,0,0,1
60,169,59,168,0,0,1
60,170,59,169,0,0,1
60,171,59,170,0,0,1
60,172,59,171,0,0,1
60,173,59,172,0,0,1
60,174,59,173,0,0,1
60,175,59,174,0,0,1
60,176,59,175,0,0,1
60,177,59,176,0,0,1
60,178,59,177,0,0,1
60,179,59,178,0,0,1
60,180,59,179,0,0,1
60,181,59,180,0,0,1
60,182,59,181,0,0,1
60,183,59,182,0,0,1
60,184,59,183,0,0,1
60,185,59,184,0,0,1
60,186,59,185,0,0,1
60,187,59,186,0,0,1
60,188,59,187,0,0,1
60,189,59,188,0,0,1
60,190,59,189,0,0,1
60,191,59,190,0,0,1
60,192,59,191,0,0,1
60,193,59,192,0,0,1
60,194,59,193,0,0,1
60,195,59,194,0,0,1
60,196,59,195,0,0,1
60,197,59,196,0,0,1
60,198,59,197,0,0,1
60,199,59,198,0,0,1
60,200,59,199,0,0,1
60,201,59,200,0,0,1
60,202,59,201,0,0,1
60,203,59,202,0,0,1
60,204,59,203,0,0,1
60,205,59,204,0,0,1
60,206,59,205,0,0,1
60,207,59,206,0,0,1
60,208,59,207,0,0,1
60,209,59,208,0,0,1
60,210,59,209,0,0,1
60,211,59,210,0,0,1
60,212,59,211,0,0,1
60,213,59,212,0,0,1
60,214,59,213,0,0,1
60,215,59,214,0,0,1
60,216,59,215,0,0,1
60,217,59,216,0,0,1
60,218,59,217,0,0,1
60,219,59,218,0,0,1
60,220,59,219,0,0,1
60,221,59,220,0,0,1
60,222,59,221,0,0,1
60,223,59,222,0,0,1
60,224,59,223,0,0,1
60,225,59,228,0,0,1
60,226,59,225,0,0,1
60,227,59,226,0,0,1
60,228,59,227,0,0,1
60,229,59,224,0,0,1
60,230,59,229,0,0,1
60,231,59,230,0,0,1
60,232,59,231,0,0,1
60,233,59,232,0,0,1
60,234,59,233,0,0,1
60,235,59,234,0,0,1
60,236,59,235,0,0,1
60,237,59,236,0,0,1
60,238,59,237,0,0,1
60,239,59,238,0,0,1
60,240,59,239,0,0,1
60,241,59,240,0,0,1
60,242,59,241,0,0,1
60,243,59,242,0,0,1
61,62,60,61,44,44,6
61,63,60,62,40,39,6
61,64,60,63,33,32,6
61,65,60,64,35,34,6
61,66,60,65,28,26,6
61,67,60,66,32,32,6
61,68,60,67,22,21,6
61,69,60,68,23,20,6
61,70,60,69,20,20,6
61,71,60,70,23,21,6
61,72,60,71,18,17,6
61,73,60,72,22,19,6
61,74,60,73,15,0,1
61,75,60,74,19,17,6
61,76,60,75,16,0,1
61,77,60,76,17,0,1
61,78,60,77,17,17,3
61,79,60,78,16,0,1
61,80,60,79,18,18,3
61,81,60,80,0,0,1
61,82,60,81,15,0,1
61,83,60,82,0,0,1
61,84,60,83,0,0,1
61,85,60,84,0,0,1
61,86,60,85,0,0,1
61,87,60,86,0,0,1
61,88,60,87,0,0,1
61,89,60,88,16,15,6
61,90,60,89,15,0,1
61,91,60,90,0,0,1
61,92,60,91,0,0,1
61,93,60,92,0,0,1
61,94,60,93,0,0,1
61,95,60,94,0,0,1
61,96,60,95,0,0,1
61,97,60,96,0,0,1
61,98,60,97,0,0,1
61,99,60,98,0,0,1
61,100,60,99,0,0,1
61,101,60,100,0,0,1
61,102,60,101,0,0,1
61,103,60,102,0,0,1
61,104,60,103,0,0,1
61,105,60,104,0,0,1
61,106,60,105,0,0,1
61,107,60,106,0,0,1
61,108,60,107,0,0,1
61,109,60,108,0,0,1
61,110,60,109,0,0,1
61,111,60,110,0,0,1
61,112,60,111,0,0,1
61,113,60,112,0,0,1
61,114,60,113,0,0,1
61,115,60,114,0,0,1
61,116,60,115,0,0,1
61,117,60,116,0,0,1
61,118,60,117,0,0,1
61,119,60,118,0,0,1
61,120,60,119,0,0,1
61,121,60,120,0,0,1
61,122,60,121,0,0,1
61,123,60,122,0,0,1
61,124,60,123,0,0,1
61,125,60,124,0,0,1
61,126,60,125,0,0,1
61,127,60,126,0,0,1
61,128,60,127,0,0,1
61,129,60,128,0,0,1
61,130,60,129,0,0,1
61,131,60,130,0,0,1
61,132,60,131,0,0,1
61,133,60,132,0,0,1
61,134,60,133,0,0,1
61,135,60,134,0,0,1
61,136,60,135,0,0,1
61,137,60,136,0,0,1
61,138,60,137,0,0,1
61,139,60,138,0,0,1
61,140,60,139,0,0,1
61,141,60,140,0,0,1
61,142,60,141,0,0,1
61,143,60,142,0,0,1
61,144,60,143,0,0,1
61,145,60,144,0,0,1
61,146,60,145,0,0,1
61,147,60,146,0,0,1
61,148,60,147,0,0,1
61,149,60,148,0,0,1
61,150,60,149,0,0,1
61,151,60,150,0,0,1
61,152,60,151,0,0,1
61,153,60,152,0,0,1
61,154,60,153,0,0,1
61,155,60,154,0,0,1
61,156,60,155,0,0,1
61,157,60,156,0,0,1
61,158,60,157,0,0,1
61,159,60,158,0,0,1
61,160,60,159,0,0,1
61,161,60,160,0,0,1
61,162,60,161,0,0,1
61,163,60,162,0,0,1
61,164,60,163,0,0,1
61,165,60,164,0,0,1
61,166,60,165,0,0,1
61,167,60,166,0,0,1
61,168,60,167,0,0,1
61,169,60,168,0,0,1
61,170,60,169,0,0,1
61,171,60,170,0,0,1
61,172,60,171,0,0,1
61,173,60,172,0,0,1
61,174,60,173,0,0,1
61,175,60,174,0,0,1
61,176,60,175,0,0,1
61,177,60,176,0,0,1
61,178,60,177,0,0,1
61,179,60,178,0,0,1
61,180,60,179,0,0,1
61,181,60,180,0,0,1
61,182,60,181,0,0,1
61,183,60,182,0,0,1
61,184,60,183,0,0,1
61,185,60,184,0,0,1
61,186,60,185,0,0,1
61,187,60,186,0,0,1
61,188,60,187,0,0,1
61,189,60,188,0,0,1
61,190,60,189,0,0,1
61,191,60,190,0,0,1
61,192,60,191,0,0,1
61,193,60,192,0,0,1
61,194,60,193,0,0,1
61,195,60,194,0,0,1
61,196,60,195,0,0,1
61,197,60,196,0,0,1
61,198,60,197,0,0,1
61,199,60,198,0,0,1
61,200,60,199,0,0,1
61,201,60,200,0,0,1
61,202,60,201,0,0,1
61,203,60,202,0,0,1
61,204,60,203,0,0,1
61,205,60,204,0,0,1
61,206,60,205,0,0,1
61,207,60,206,0,0,1
61,208,60,207,0,0,1
61,209,60,208,0,0,1
61,210,60,209,0,0,1
61,211,60,210,0,0,1
61,212,60,211,0,0,1
61,213,60,212,0,0,1
61,214,60,213,0,0,1
61,215,60,214,0,0,1
61,216,60,215,0,0,1
61,217,60,216,0,0,1
61,218,60,217,0,0,1
61,219,60,218,0,0,1
61,220,60,219,0,0,1
61,221,60,220,0,0,1
61,222,60,221,0,0,1
61,223,60,222,0,0,1
61,224,60,223,0,0,1
61,225,60,228,0,0,1
61,226,60,225,0,0,1
61,227,60,226,0,0,1
61,228,60,227,0,0,1
61,229,60,224,0,0,1
61,230,60,229,0,0,1
61,231,60,230,0,0,1
61,232,60,231,0,0,1
61,233,60,232,0,0,1
61,234,60,233,0,0,1
61,235,60,234,0,0,1
61,236,60,235,0,0,1
61,237,60,236,0,0,1
61,238,60,237,0,0,1
61,239,60,238,0,0,1
61,240,60,239,0,0,1
61,241,60,240,0,0,1
61,242,60,241,0,0,1
61,243,60,242,0,0,1
62,63,61,62,40,40,6
62,64,61,63,32,32,6
62,65,61,64,37,36,6
62,66,61,65,30,26,6
62,67,61,66,31,28,6
62,68,61,67,24,23,6
62,69,61,68,26,25,6
62,70,61,69,25,23,6
62,71,61,70,27,24,6
62,72,61,71,22,20,6
62,73,61,72,23,20,6
62,74,61,73,20,19,6
62,75,61,74,22,22,6
62,76,61,75,21,19,6
62,77,61,76,19,16,6
62,78,61,77,17,0,1
62,79,61,78,20,17,6
62,80,61,79,20,20,3
62,81,61,80,15,0,1
62,82,61,81,15,15,6
62,83,61,82,0,0,1
62,84,61,83,15,0,1
62,85,61,84,16,0,1
62,86,61,85,0,0,1
62,87,61,86,0,0,1
62,88,61,87,17,0,1
62,89,61,88,19,18,6
62,90,61,89,15,0,1
62,91,61,90,15,15,3
62,92,61,91,16,0,1
62,93,61,92,0,0,1
62,94,61,93,0,0,1
62,95,61,94,0,0,1
62,96,61,95,0,0,1
62,97,61,96,0,0,1
62,98,61,97,0,0,1
62,99,61,98,0,0,1
62,100,61,99,0,0,1
62,101,61,100,0,0,1
62,102,61,101,0,0,1
62,103,61,102,0,0,1
62,104,61,103,0,0,1
62,105,61,104,0,0,1
62,106,61,105,0,0,1
62,107,61,106,0,0,1
62,108,61,107,0,0,1
62,109,61,108,0,0,1
62,110,61,109,0,0,1
62,111,61,110,0,0,1
62,112,61,111,0,0,1
62,113,61,112,0,0,1
62,114,61,113,0,0,1
62,115,61,114,0,0,1
62,116,61,115,0,0,1
62,117,61,116,0,0,1
62,118,61,117,0,0,1
62,119,61,118,0,0,1
62,120,61,119,0,0,1
62,121,61,120,0,0,1
62,122,61,121,0,0,1
62,123,61,122,0,0,1
62,124,61,123,0,0,1
62,125,61,124,0,0,1
62,126,61,125,0,0,1
62,127,61,126,0,0,1
62,128,61,127,0,0,1
62,129,61,128,0,0,1
62,130,61,129,0,0,1
62,131,61,130,0,0,1
62,132,61,131,0,0,1
62,133,61,132,0,0,1
62,134,61,133,0,0,1
62,135,61,134,0,0,1
62,136,61,135,0,0,1
62,137,61,136,0,0,1
62,138,61,137,0,0,1
62,139,61,138,0,0,1
62,140,61,139,0,0,1
62,141,61,140,0,0,1
62,142,61,141,0,0,1
62,143,61,142,0,0,1
62,144,61,143,0,0,1
62,145,61,144,0,0,1
62,146,61,145,0,0,1
62,147,61,146,0,0,1
62,148,61,147,0,0,1
62,149,61,148,0,0,1
62,150,61,149,0,0,1
62,151,61,150,0,0,1
62,152,61,151,0,0,1
62,153,61,152,0,0,1
62,154,61,153,0,0,1
62,155,61,154,0,0,1
62,156,61,155,0,0,1
62,157,61,156,0,0,1
62,158,61,157,0,0,1
62,159,61,158,0,0,1
62,160,61,159,0,0,1
62,161,61,160,0,0,1
62,162,61,161,0,0,1
62,163,61,162,0,0,1
62,164,61,163,0,0,1
62,165,61,164,0,0,1
62,166,61,165,0,0,1
62,167,61,166,0,0,1
62,168,61,167,0,0,1
62,169,61,168,0,0,1
62,170,61,169,0,0,1
62,171,61,170,0,0,1
62,172,61,171,0,0,1
62,173,61,172,0,0,1
62,174,61,173,0,0,1
62,175,61,174,0,0,1
62,176,61,175,0,0,1
62,177,61,176,0,0,1
62,178,61,177,0,0,1
62,179,61,178,0,0,1
62,180,61,179,0,0,1
62,181,61,180,0,0,1
62,182,61,181,0,0,1
62,183,61,182,0,0,1
62,184,61,183,0,0,1
62,185,61,184,0,0,1
62,186,61,185,0,0,1
62,187,61,186,0,0,1
62,188,61,187,0,0,1
62,189,61,188,0,0,1
62,190,61,189,0,0,1
62,191,61,190,0,0,1
62,192,61,191,0,0,1
62,193,61,192,0,0,1
62,194,61,193,0,0,1
62,195,61,194,0,0,1
62,196,61,195,0,0,1
62,197,61,196,0,0,1
62,198,61,197,0,0,1
62,199,61,198,0,0,1
62,200,61,199,0,0,1
62,201,61,200,0,0,1
62,202,61,201,0,0,1
62,203,61,202,0,0,1
62,204,61,203,0,0,1
62,205,61,204,0,0,1
62,206,61,205,0,0,1
62,207,61,206,0,0,1
62,208,61,207,0,0,1
62,209,61,208,0,0,1
62,210,61,209,0,0,1
62,211,61,210,0,0,1
62,212,61,211,0,0,1
62,213,61,212,0,0,1
62,214,61,213,0,0,1
62,215,61,214,0,0,1
62,216,61,215,0,0,1
62,217,61,216,0,0,1
62,218,61,217,0,0,1
62,219,61,218,0,0,1
62,220,61,219,0,0,1
62,221,61,220,0,0,1
62,222,61,221,0,0,1
62,223,61,222,0,0,1
62,224,61,223,0,0,1
62,225,61,228,0,0,1
62,226,61,225,0,0,1
62,227,61,226,0,0,1
62,228,61,227,0,0,1
62,229,61,224,0,0,1
62,230,61,229,0,0,1
62,231,61,230,0,0,1
62,232,61,231,0,0,1
62,233,61,232,0,0,1
62,234,61,233,0,0,1
62,235,61,234,0,0,1
62,236,61,235,0,0,1
62,237,61,236,0,0,1
62,238,61,237,0,0,1
62,239,61,238,0,0,1
62,240,61,239,0,0,1
62,241,61,240,0,0,1
62,242,61,241,0,0,1
62,243,61,242,0,0,1
63,64,62,63,36,36,6
63,65,62,64,38,37,6
63,66,62,65,30,28,6
63,67,62,66,43,40,6
63,68,62,67,23,23,6
63,69,62,68,27,22,6
63,70,62,69,25,25,6
63,71,62,70,29,27,6
63,72,62,71,21,20,6
63,73,62,72,24,23,6
63,74,62,73,22,19,6
63,75,62,74,22,20,6
63,76,62,75,22,22,6
63,77,62,76,29,26,6
63,78,62,77,22,19,6
63,79,62,78,21,17,6
63,80,62,79,17,0,1
63,81,62,80,16,0,1
63,82,62,81,16,0,1
63,83,62,82,17,15,6
63,84,62,83,15,0,1
63,85,62,84,0,0,1
63,86,62,85,15,0,1
63,87,62,86,17,15,6
63,88,62,87,18,15,6
63,89,62,88,19,18,6
63,90,62,89,16,15,6
63,91,62,90,0,0,1
63,92,62,91,0,0,1
63,93,62,92,0,0,1
63,94,62,93,0,0,1
63,95,62,94,0,0,1
63,96,62,95,0,0,1
63,97,62,96,0,0,1
63,98,62,97,0,0,1
63,99,62,98,0,0,1
63,100,62,99,0,0,1
63,101,62,100,0,0,1
63,102,62,101,0,0,1
63,103,62,102,0,0,1
63,104,62,103,0,0,1
63,105,62,104,0,0,1
63,106,62,105,0,0,1
63,107,62,106,0,0,1
63,108,62,107,0,0,1
63,109,62,108,0,0,1
63,110,62,109,0,0,1
63,111,62,110,0,0,1
63,112,62,111,0,0,1
63,113,62,112,0,0,1
63,114,62,113,0,0,1
63,115,62,114,0,0,1
63,116,62,115,0,0,1
63,117,62,116,0,0,1
63,118,62,117,0,0,1
63,119,62,118,0,0,1
63,120,62,119,0,0,1
63,121,62,120,0,0,1
63,122,62,121,0,0,1
63,123,62,122,0,0,1
63,124,62,123,0,0,1
63,125,62,124,0,0,1
63,126,62,125,0,0,1
63,127,62,126,0,0,1
63,128,62,127,0,0,1
63,129,62,128,0,0,1
63,130,62,129,0,0,1
63,131,62,130,0,0,1
63,132,62,131,0,0,1
63,133,62,132,0,0,1
63,134,62,133,0,0,1
63,135,62,134,0,0,1
63,136,62,135,0,0,1
63,137,62,136,0,0,1
63,138,62,137,0,0,1
63,139,62,138,0,0,1
63,140,62,139,0,0,1
63,141,62,140,0,0,1
63,142,62,141,0,0,1
63,143,62,142,0,0,1
63,144,62,143,0,0,1
63,145,62,144,0,0,1
63,146,62,145,0,0,1
63,147,62,146,0,0,1
63,148,62,147,0,0,1
63,149,62,148,0,0,1
63,150,62,149,0,0,1
63,151,62,150,0,0,1
63,152,62,151,0,0,1
63,153,62,152,0,0,1
63,154,62,153,0,0,1
63,155,62,154,0,0,1
63,156,62,155,0,0,1
63,157,62,156,0,0,1
63,158,62,157,0,0,1
63,159,62,158,0,0,1
63,160,62,159,0,0,1
63,161,62,160,0,0,1
63,162,62,161,0,0,1
63,163,62,162,0,0,1
63,164,62,163,0,0,1
63,165,62,164,0,0,1
63,166,62,165,0,0,1
63,167,62,166,0,0,1
63,168,62,167,0,0,1
63,169,62,168,0,0,1
63,170,62,169,0,0,1
63,171,62,170,0,0,1
63,172,62,171,0,0,1
63,173,62,172,0,0,1
63,174,62,173,0,0,1
63,175,62,174,0,0,1
63,176,62,175,0,0,1
63,177,62,176,0,0,1
63,178,62,177,0,0,1
63,179,62,178,0,0,1
63,180,62,179,0,0,1
63,181,62,180,0,0,1
63,182,62,181,0,0,1
63,183,62,182,0,0,1
63,184,62,183,0,0,1
63,185,62,184,0,0,1
63,186,62,185,0,0,1
63,187,62,186,0,0,1
63,188,62,187,0,0,1
63,189,62,188,0,0,1
63,190,62,189,0,0,1
63,191,62,190,0,0,1
63,192,62,191,0,0,1
63,193,62,192,0,0,1
63,194,62,193,0,0,1
63,195,62,194,0,0,1
63,196,62,195,0,0,1
63,197,62,196,0,0,1
63,198,62,197,0,0,1
63,199,62,198,0,0,1
63,200,62,199,0,0,1
63,201,62,200,0,0,1
63,202,62,201,0,0,1
63,203,62,202,0,0,1
63,204,62,203,0,0,1
63,205,62,204,0,0,1
63,206,62,205,0,0,1
63,207,62,206,0,0,1
63,208,62,207,0,0,1
63,209,62,208,0,0,1
63,210,62,209,0,0,1
63,211,62,210,0,0,1
63,212,62,211,0,0,1
63,213,62,212,0,0,1
63,214,62,213,0,0,1
63,215,62,214,0,0,1
63,216,62,215,0,0,1
63,217,62,216,0,0,1
63,218,62,217,0,0,1
63,219,62,218,0,0,1
63,220,62,219,0,0,1
63,221,62,220,0,0,1
63,222,62,221,0,0,1
63,223,62,222,0,0,1
63,224,62,223,0,0,1
63,225,62,228,0,0,1
63,226,62,225,0,0,1
63,227,62,226,0,0,1
63,228,62,227,0,0,1
63,229,62,224,0,0,1
63,230,62,229,0,0,1
63,231,62,230,0,0,1
63,232,62,231,0,0,1
63,233,62,232,0,0,1
63,234,62,233,0,0,1
63,235,62,234,0,0,1
63,236,62,235,0,0,1
63,237,62,236,0,0,1
63,238,62,237,0,0,1
63,239,62,238,0,0,1
63,240,62,239,0,0,1
63,241,62,240,0,0,1
63,242,62,241,0,0,1
63,243,62,242,0,0,1
64,65,63,64,39,38,6
64,66,63,65,34,33,6
64,67,63,66,36,33,6
64,68,63,67,28,26,6
64,69,63,68,24,21,6
64,70,63,69,21,20,6
64,71,63,70,29,28,6
64,72,63,71,25,23,6
64,73,63,72,23,22,6
64,74,63,73,24,22,6
64,75,63,74,26,26,3
64,76,63,75,24,22,6
64,77,63,76,21,18,6
64,78,63,77,24,23,3
64,79,63,78,22,22,3
64,80,63,79,23,21,3
64,81,63,80,19,16,6
64,82,63,81,21,17,6
64,83,63,82,16,0,1
64,84,63,83,15,0,1
64,85,63,84,19,17,6
64,86,63,85,19,19,3
64,87,63,86,18,15,6
64,88,63,87,17,0,1
64,89,63,88,18,15,6
64,90,63,89,17,16,3
64,91,63,90,0,0,1
64,92,63,91,18,15,6
64,93,63,92,15,15,3
64,94,63,93,0,0,1
64,95,63,94,0,0,1
64,96,63,95,0,0,1
64,97,63,96,0,0,1
64,98,63,97,0,0,1
64,99,63,98,0,0,1
64,100,63,99,0,0,1
64,101,63,100,0,0,1
64,102,63,101,0,0,1
64,103,63,102,0,0,1
64,104,63,103,0,0,1
64,105,63,104,0,0,1
64,106,63,105,0,0,1
64,107,63,106,0,0,1
64,108,63,107,0,0,1
64,109,63,108,0,0,1
64,110,63,109,0,0,1
64,111,63,110,0,0,1
64,112,63,111,0,0,1
64,113,63,112,0,0,1
64,114,63,113,0,0,1
64,115,63,114,0,0,1
64,116,63,115,0,0,1
64,117,63,116,0,0,1
64,118,63,117,0,0,1
64,119,63,118,0,0,1
64,120,63,119,0,0,1
64,121,63,120,0,0,1
64,122,63,121,0,0,1
64,123,63,122,0,0,1
64,124,63,123,0,0,1
64,125,63,124,0,0,1
64,126,63,125,0,0,1
64,127,63,126,0,0,1
64,128,63,127,0,0,1
64,129,63,128,0,0,1
64,130,63,129,0,0,1
64,131,63,130,0,0,1
64,132,63,131,0,0,1
64,133,63,132,0,0,1
64,134,63,133,0,0,1
64,135,63,134,0,0,1
64,136,63,135,0,0,1
64,137,63,136,0,0,1
64,138,63,137,0,0,1
64,139,63,138,0,0,1
64,140,63,139,0,0,1
64,141,63,140,0,0,1
64,142,63,141,0,0,1
64,143,63,142,0,0,1
64,144,63,143,0,0,1
64,145,63,144,0,0,1
64,146,63,145,0,0,1
64,147,63,146,0,0,1
64,148,63,147,0,0,1
64,149,63,148,0,0,1
64,150,63,149,0,0,1
64,151,63,150,0,0,1
64,152,63,151,0,0,1
64,153,63,152,0,0,1
64,154,63,153,0,0,1
64,155,63,154,0,0,1
64,156,63,155,0,0,1
64,157,63,156,0,0,1
64,158,63,157,0,0,1
64,159,63,158,0,0,1
64,160,63,159,0,0,1
64,161,63,160,0,0,1
64,162,63,161,0,0,1
64,163,63,162,0,0,1
64,164,63,163,0,0,1
64,165,63,164,0,0,1
64,166,63,165,0,0,1
64,167,63,166,0,0,1
64,168,63,167,0,0,1
64,169,63,168,0,0,1
64,170,63,169,0,0,1
64,171,63,170,0,0,1
64,172,63,171,0,0,1
64,173,63,172,0,0,1
64,174,63,173,0,0,1
64,175,63,174,0,0,1
64,176,63,175,0,0,1
64,177,63,176,0,0,1
64,178,63,177,0,0,1
64,179,63,178,0,0,1
64,180,63,179,0,0,1
64,181,63,180,0,0,1
64,182,63,181,0,0,1
64,183,63,182,0,0,1
64,184,63,183,0,0,1
64,185,63,184,0,0,1
64,186,63,185,0,0,1
64,187,63,186,0,0,1
64,188,63,187,0,0,1
64,189,63,188,0,0,1
64,190,63,189,0,0,1
64,191,63,190,0,0,1
64,192,63,191,0,0,1
64,193,63,192,0,0,1
64,194,63,193,0,0,1
64,195,63,194,0,0,1
64,196,63,195,0,0,1
64,197,63,196,0,0,1
64,198,63,197,0,0,1
64,199,63,198,0,0,1
64,200,63,199,0,0,1
64,201,63,200,0,0,1
64,202,63,201,0,0,1
64,203,63,202,0,0,1
64,204,63,203,0,0,1
64,205,63,204,0,0,1
64,206,63,205,0,0,1
64,207,63,206,0,0,1
64,208,63,207,0,0,1
64,209,63,208,0,0,1
64,210,63,209,0,0,1
64,211,63,210,0,0,1
64,212,63,211,0,0,1
64,213,63,212,0,0,1
64,214,63,213,0,0,1
64,215,63,214,0,0,1
64,216,63,215,0,0,1
64,217,63,216,0,0,1
64,218,63,217,0,0,1
64,219,63,218,0,0,1
64,220,63,219,0,0,1
64,221,63,220,0,0,1
64,222,63,221,0,0,1
64,223,63,222,0,0,1
64,224,63,223,0,0,1
64,225,63,228,0,0,1
64,226,63,225,0,0,1
64,227,63,226,0,0,1
64,228,63,227,0,0,1
64,229,63,224,0,0,1
64,230,63,229,0,0,1
64,231,63,230,0,0,1
64,232,63,231,0,0,1
64,233,63,232,0,0,1
64,234,63,233,0,0,1
64,235,63,234,0,0,1
64,236,63,235,0,0,1
64,237,63,236,0,0,1
64,238,63,237,0,0,1
64,239,63,238,0,0,1
64,240,63,239,0,0,1
64,241,63,240,0,0,1
64,242,63,241,0,0,1
64,243,63,242,0,0,1
65,66,64,65,35,34,6
65,67,64,66,36,35,6
65,68,64,67,26,26,6
65,69,64,68,28,27,6
65,70,64,69,25,24,6
65,71,64,70,27,27,6
65,72,64,71,26,26,6
65,73,64,72,24,24,6
65,74,64,73,24,24,6
65,75,64,74,27,24,6
65,76,64,75,28,28,6
65,77,64,76,24,22,6
65,78,64,77,23,21,6
65,79,64,78,22,20,6
65,80,64,79,20,20,3
65,81,64,80,15,15,6
65,82,64,81,17,17,6
65,83,64,82,15,0,1
65,84,64,83,0,0,1
65,85,64,84,16,16,6
65,86,64,85,17,17,6
65,87,64,86,20,19,6
65,88,64,87,16,15,6
65,89,64,88,17,17,6
65,90,64,89,17,0,1
65,91,64,90,0,0,1
65,92,64,91,0,0,1
65,93,64,92,0,0,1
65,94,64,93,15,0,1
65,95,64,94,0,0,1
65,96,64,95,0,0,1
65,97,64,96,0,0,1
65,98,64,97,0,0,1
65,99,64,98,0,0,1
65,100,64,99,0,0,1
65,101,64,100,0,0,1
65,102,64,101,0,0,1
65,103,64,102,0,0,1
65,104,64,103,0,0,1
65,105,64,104,0,0,1
65,106,64,105,0,0,1
65,107,64,106,0,0,1
65,108,64,107,0,0,1
65,109,64,108,0,0,1
65,110,64,109,0,0,1
65,111,64,110,0,0,1
65,112,64,111,0,0,1
65,113,64,112,0,0,1
65,114,64,113,0,0,1
65,115,64,114,0,0,1
65,116,64,115,0,0,1
65,117,64,116,0,0,1
65,118,64,117,0,0,1
65,119,64,118,0,0,1
65,120,64,119,0,0,1
65,121,64,120,0,0,1
65,122,64,121,0,0,1
65,123,64,122,0,0,1
65,124,64,123,0,0,1
65,125,64,124,0,0,1
65,126,64,125,0,0,1
65,127,64,126,0,0,1
65,128,64,127,0,0,1
65,129,64,128,0,0,1
65,130,64,129,0,0,1
65,131,64,130,0,0,1
65,132,64,131,0,0,1
65,133,64,132,0,0,1
65,134,64,133,0,0,1
65,135,64,134,0,0,1
65,136,64,135,0,0,1
65,137,64,136,0,0,1
65,138,64,137,0,0,1
65,139,64,138,0,0,1
65,140,64,139,0,0,1
65,141,64,140,0,0,1
65,142,64,141,0,0,1
65,143,64,142,0,0,1
65,144,64,143,0,0,1
65,145,64,144,0,0,1
65,146,64,145,0,0,1
65,147,64,146,0,0,1
65,148,64,147,0,0,1
65,149,64,148,0,0,1
65,150,64,149,0,0,1
65,151,64,150,0,0,1
65,152,64,151,0,0,1
65,153,64,152,0,0,1
65,154,64,153,0,0,1
65,155,64,154,0,0,1
65,156,64,155,0,0,1
65,157,64,156,0,0,1
65,158,64,157,0,0,1
65,159,64,158,0,0,1
65,160,64,159,0,0,1
65,161,64,160,0,0,1
65,162,64,161,0,0,1
65,163,64,162,0,0,1
65,164,64,163,0,0,1
65,165,64,164,0,0,1
65,166,64,165,0,0,1
65,167,64,166,0,0,1
65,168,64,167,0,0,1
65,169,64,168,0,0,1
65,170,64,169,0,0,1
65,171,64,170,0,0,1
65,172,64,171,0,0,1
65,173,64,172,0,0,1
65,174,64,173,0,0,1
65,175,64,174,0,0,1
65,176,64,175,0,0,1
65,177,64,176,0,0,1
65,178,64,177,0,0,1
65,179,64,178,0,0,1
65,180,64,179,0,0,1
65,181,64,180,0,0,1
65,182,64,181,0,0,1
65,183,64,182,0,0,1
65,184,64,183,0,0,1
65,185,64,184,0,0,1
65,186,64,185,0,0,1
65,187,64,186,0,0,1
65,188,64,187,0,0,1
65,189,64,188,0,0,1
65,190,64,189,0,0,1
65,191,64,190,0,0,1
65,192,64,191,0,0,1
65,193,64,192,0,0,1
65,194,64,193,0,0,1
65,195,64,194,0,0,1
65,196,64,195,0,0,1
65,197,64,196,0,0,1
65,198,64,197,0,0,1
65,199,64,198,0,0,1
65,200,64,199,0,0,1
65,201,64,200,0,0,1
65,202,64,201,0,0,1
65,203,64,202,0,0,1
65,204,64,203,0,0,1
65,205,64,204,0,0,1
65,206,64,205,0,0,1
65,207,64,206,0,0,1
65,208,64,207,0,0,1
65,209,64,208,0,0,1
65,210,64,209,0,0,1
65,211,64,210,0,0,1
65,212,64,211,0,0,1
65,213,64,212,0,0,1
65,214,64,213,0,0,1
65,215,64,214,0,0,1
65,216,64,215,0,0,1
65,217,64,216,0,0,1
65,218,64,217,0,0,1
65,219,64,218,0,0,1
65,220,64,219,0,0,1
65,221,64,220,0,0,1
65,222,64,221,0,0,1
65,223,64,222,0,0,1
65,224,64,223,0,0,1
65,225,64,228,0,0,1
65,226,64,225,0,0,1
65,227,64,226,0,0,1
65,228,64,227,0,0,1
65,229,64,224,0,0,1
65,230,64,229,0,0,1
65,231,64,230,0,0,1
65,232,64,231,0,0,1
65,233,64,232,0,0,1
65,234,64,233,0,0,1
65,235,64,234,0,0,1
65,236,64,235,0,0,1
65,237,64,236,0,0,1
65,238,64,237,0,0,1
65,239,64,238,0,0,1
65,240,64,239,0,0,1
65,241,64,240,0,0,1
65,242,64,241,0,0,1
65,243,64,242,0,0,1
66,67,65,66,41,38,6
66,68,65,67,28,28,6
66,69,65,68,26,26,6
66,70,65,69,24,24,6
66,71,65,70,28,28,6
66,72,65,71,24,24,6
66,73,65,72,25,23,6
66,74,65,73,24,24,6
66,75,65,74,24,24,6
66,76,65,75,22,20,6
66,77,65,76,23,23,3
66,78,65,77,18,16,6
66,79,65,78,19,16,6
66,80,65,79,20,16,6
66,81,65,80,18,18,6
66,82,65,81,19,19,6
66,83,65,82,16,16,6
66,84,65,83,17,17,6
66,85,65,84,17,17,6
66,86,65,85,16,15,6
66,87,65,86,18,17,6
66,88,65,87,16,0,1
66,89,65,88,20,19,6
66,90,65,89,17,15,6
66,91,65,90,17,0,1
66,92,65,91,15,0,1
66,93,65,92,0,0,1
66,94,65,93,0,0,1
66,95,65,94,0,0,1
66,96,65,95,0,0,1
66,97,65,96,16,15,3
66,98,65,97,0,0,1
66,99,65,98,0,0,1
66,100,65,99,0,0,1
66,101,65,100,0,0,1
66,102,65,101,0,0,1
66,103,65,102,0,0,1
66,104,65,103,0,0,1
66,105,65,104,0,0,1
66,106,65,105,0,0,1
66,107,65,106,0,0,1
66,108,65,107,0,0,1
66,109,65,108,0,0,1
66,110,65,109,0,0,1
66,111,65,110,0,0,1
66,112,65,111,0,0,1
66,113,65,112,0,0,1
66,114,65,113,0,0,1
66,115,65,114,0,0,1
66,116,65,115,0,0,1
66,117,65,116,0,0,1
66,118,65,117,0,0,1
66,119,65,118,0,0,1
66,120,65,119,0,0,1
66,121,65,120,0,0,1
66,122,65,121,0,0,1
66,123,65,122,0,0,1
66,124,65,123,0,0,1
66,125,65,124,0,0,1
66,126,65,125,0,0,1
66,127,65,126,0,0,1
66,128,65,127,0,0,1
66,129,65,128,0,0,1
66,130,65,129,0,0,1
66,131,65,130,0,0,1
66,132,65,131,0,0,1
66,133,65,132,0,0,1
66,134,65,133,0,0,1
66,135,65,134,0,0,1
66,136,65,135,0,0,1
66,137,65,136,0,0,1
66,138,65,137,0,0,1
66,139,65,138,0,0,1
66,140,65,139,0,0,1
66,141,65,140,0,0,1
66,142,65,141,0,0,1
66,143,65,142,0,0,1
66,144,65,143,0,0,1
66,145,65,144,0,0,1
66,146,65,145,0,0,1
66,147,65,146,0,0,1
66,148,65,147,0,0,1
66,149,65,148,0,0,1
66,150,65,149,0,0,1
66,151,65,150,0,0,1
66,152,65,151,0,0,1
66,153,65,152,0,0,1
66,154,65,153,0,0,1
66,155,65,154,0,0,1
66,156,65,155,0,0,1
66,157,65,156,0,0,1
66,158,65,157,0,0,1
66,159,65,158,0,0,1
66,160,65,159,0,0,1
66,161,65,160,0,0,1
66,162,65,161,0,0,1
66,163,65,162,0,0,1
66,164,65,163,0,0,1
66,165,65,164,0,0,1
66,166,65,165,0,0,1
66,167,65,166,0,0,1
66,168,65,167,0,0,1
66,169,65,168,0,0,1
66,170,65,169,0,0,1
66,171,65,170,0,0,1
66,172,65,171,0,0,1
66,173,65,172,0,0,1
66,174,65,173,0,0,1
66,175,65,174,0,0,1
66,176,65,175,0,0,1
66,177,65,176,0,0,1
66,178,65,177,0,0,1
66,179,65,178,0,0,1
66,180,65,179,0,0,1
66,181,65,180,0,0,1
66,182,65,181,0,0,1
66,183,65,182,0,0,1
66,184,65,183,0,0,1
66,185,65,184,0,0,1
66,186,65,185,0,0,1
66,187,65,186,0,0,1
66,188,65,187,0,0,1
66,189,65,188,0,0,1
66,190,65,189,0,0,1
66,191,65,190,0,0,1
66,192,65,191,0,0,1
66,193,65,192,0,0,1
66,194,65,193,0,0,1
66,195,65,194,0,0,1
66,196,65,195,0,0,1
66,197,65,196,0,0,1
66,198,65,197,0,0,1
66,199,65,198,0,0,1
66,200,65,199,0,0,1
66,201,65,200,0,0,1
66,202,65,201,0,0,1
66,203,65,202,0,0,1
66,204,65,203,0,0,1
66,205,65,204,0,0,1
66,206,65,205,0,0,1
66,207,65,206,0,0,1
66,208,65,207,0,0,1
66,209,65,208,0,0,1
66,210,65,209,0,0,1
66,211,65,210,0,0,1
66,212,65,211,0,0,1
66,213,65,212,0,0,1
66,214,65,213,0,0,1
66,215,65,214,0,0,1
66,216,65,215,0,0,1
66,217,65,216,0,0,1
66,218,65,217,0,0,1
66,219,65,218,0,0,1
66,220,65,219,0,0,1
66,221,65,220,0,0,1
66,222,65,221,0,0,1
66,223,65,222,0,0,1
66,224,65,223,0,0,1
66,225,65,228,0,0,1
66,226,65,225,0,0,1
66,227,65,226,0,0,1
66,228,65,227,0,0,1
66,229,65,224,0,0,1
66,230,65,229,0,0,1
66,231,65,230,0,0,1
66,232,65,231,0,0,1
66,233,65,232,0,0,1
66,234,65,233,0,0,1
66,235,65,234,0,0,1
66,236,65,235,0,0,1
66,237,65,236,0,0,1
66,238,65,237,0,0,1
66,239,65,238,0,0,1
66,240,65,239,0,0,1
66,241,65,240,0,0,1
66,242,65,241,0,0,1
66,243,65,242,0,0,1
67,68,66,67,37,37,6
67,69,66,68,32,32,6
67,70,66,69,32,32,6
67,71,66,70,36,36,6
67,72,66,71,26,26,6
67,73,66,72,30,29,6
67,74,66,73,28,27,6
67,75,66,74,34,34,6
67,76,66,75,28,28,6
67,77,66,76,30,27,6
67,78,66,77,27,25,6
67,79,66,78,27,25,6
67,80,66,79,23,19,6
67,81,66,80,19,18,6
67,82,66,81,19,19,6
67,83,66,82,21,21,6
67,84,66,83,21,18,6
67,85,66,84,16,16,6
67,86,66,85,16,16,6
67,87,66,86,20,18,6
67,88,66,87,16,15,6
67,89,66,88,21,20,6
67,90,66,89,18,18,6
67,91,66,90,0,0,1
67,92,66,91,0,0,1
67,93,66,92,0,0,1
67,94,66,93,0,0,1
67,95,66,94,0,0,1
67,96,66,95,0,0,1
67,97,66,96,0,0,1
67,98,66,97,0,0,1
67,99,66,98,0,0,1
67,100,66,99,0,0,1
67,101,66,100,0,0,1
67,102,66,101,0,0,1
67,103,66,102,0,0,1
67,104,66,103,0,0,1
67,105,66,104,0,0,1
67,106,66,105,0,0,1
67,107,66,106,0,0,1
67,108,66,107,0,0,1
67,109,66,108,0,0,1
67,110,66,109,0,0,1
67,111,66,110,0,0,1
67,112,66,111,0,0,1
67,113,66,112,0,0,1
67,114,66,113,0,0,1
67,115,66,114,0,0,1
67,116,66,115,0,0,1
67,117,66,116,0,0,1
67,118,66,117,0,0,1
67,119,66,118,0,0,1
67,120,66,119,0,0,1
67,121,66,120,0,0,1
67,122,66,121,0,0,1
67,123,66,122,0,0,1
67,124,66,123,0,0,1
67,125,66,124,0,0,1
67,126,66,125,0,0,1
67,127,66,126,0,0,1
67,128,66,127,0,0,1
67,129,66,128,0,0,1
67,130,66,129,0,0,1
67,131,66,130,0,0,1
67,132,66,131,0,0,1
67,133,66,132,0,0,1
67,134,66,133,0,0,1
67,135,66,134,0,0,1
67,136,66,135,0,0,1
67,137,66,136,0,0,1
67,138,66,137,0,0,1
67,139,66,138,0,0,1
67,140,66,139,0,0,1
67,141,66,140,0,0,1
67,142,66,141,0,0,1
67,143,66,142,0,0,1
67,144,66,143,0,0,1
67,145,66,144,0,0,1
67,146,66,145,0,0,1
67,147,66,146,0,0,1
67,148,66,147,0,0,1
67,149,66,148,0,0,1
67,150,66,149,0,0,1
67,151,66,150,0,0,1
67,152,66,151,0,0,1
67,153,66,152,0,0,1
67,154,66,153,0,0,1
67,155,66,154,0,0,1
67,156,66,155,0,0,1
67,157,66,156,0,0,1
67,158,66,157,0,0,1
67,159,66,158,0,0,1
67,160,66,159,0,0,1
67,161,66,160,0,0,1
67,162,66,161,0,0,1
67,163,66,162,0,0,1
67,164,66,163,0,0,1
67,165,66,164,0,0,1
67,166,66,165,0,0,1
67,167,66,166,0,0,1
67,168,66,167,0,0,1
67,169,66,168,0,0,1
67,170,66,169,0,0,1
67,171,66,170,0,0,1
67,172,66,171,0,0,1
67,173,66,172,0,0,1
67,174,66,173,0,0,1
67,175,66,174,0,0,1
67,176,66,175,0,0,1
67,177,66,176,0,0,1
67,178,66,177,0,0,1
67,179,66,178,0,0,1
67,180,66,179,0,0,1
67,181,66,180,0,0,1
67,182,66,181,0,0,1
67,183,66,182,0,0,1
67,184,66,183,0,0,1
67,185,66,184,0,0,1
67,186,66,185,0,0,1
67,187,66,186,0,0,1
67,188,66,187,0,0,1
67,189,66,188,0,0,1
67,190,66,189,0,0,1
67,191,66,190,0,0,1
67,192,66,191,0,0,1
67,193,66,192,0,0,1
67,194,66,193,0,0,1
67,195,66,194,0,0,1
67,196,66,195,0,0,1
67,197,66,196,0,0,1
67,198,66,197,0,0,1
67,199,66,198,0,0,1
67,200,66,199,0,0,1
67,201,66,200,0,0,1
67,202,66,201,0,0,1
67,203,66,202,0,0,1
67,204,66,203,0,0,1
67,205,66,204,0,0,1
67,206,66,205,0,0,1
67,207,66,206,0,0,1
67,208,66,207,0,0,1
67,209,66,208,0,0,1
67,210,66,209,0,0,1
67,211,66,210,0,0,1
67,212,66,211,0,0,1
67,213,66,212,0,0,1
67,214,66,213,0,0,1
67,215,66,214,0,0,1
67,216,66,215,0,0,1
67,217,66,216,0,0,1
67,218,66,217,0,0,1
67,219,66,218,0,0,1
67,220,66,219,0,0,1
67,221,66,220,0,0,1
67,222,66,221,0,0,1
67,223,66,222,0,0,1
67,224,66,223,0,0,1
67,225,66,228,0,0,1
67,226,66,225,0,0,1
67,227,66,226,0,0,1
67,228,66,227,0,0,1
67,229,66,224,0,0,1
67,230,66,229,0,0,1
67,231,66,230,0,0,1
67,232,66,231,0,0,1
67,233,66,232,0,0,1
67,234,66,233,0,0,1
67,235,66,234,0,0,1
67,236,66,235,0,0,1
67,237,66,236,0,0,1
67,238,66,237,0,0,1
67,239,66,238,0,0,1
67,240,66,239,0,0,1
67,241,66,240,0,0,1
67,242,66,241,0,0,1
67,243,66,242,0,0,1
68,69,67,68,32,32,6
68,70,67,69,37,37,6
68,71,67,70,46,46,6
68,72,67,71,37,37,6
68,73,67,72,31,30,6
68,74,67,73,28,27,6
68,75,67,74,30,29,6
68,76,67,75,31,30,6
68,77,67,76,28,24,7
68,78,67,77,37,34,6
68,79,67,78,30,26,6
68,80,67,79,31,26,6
68,81,67,80,21,20,6
68,82,67,81,27,26,7
68,83,67,82,20,19,6
68,84,67,83,23,22,6
68,85,67,84,18,17,6
68,86,67,85,20,19,6
68,87,67,86,22,20,6
68,88,67,87,18,16,6
68,89,67,88,30,29,7
68,90,67,89,18,17,7
68,91,67,90,18,17,7
68,92,67,91,18,17,6
68,93,67,92,0,0,1
68,94,67,93,0,0,1
68,95,67,94,0,0,1
68,96,67,95,0,0,1
68,97,67,96,0,0,1
68,98,67,97,0,0,1
68,99,67,98,0,0,1
68,100,67,99,0,0,1
68,101,67,100,0,0,1
68,102,67,101,0,0,1
68,103,67,102,0,0,1
68,104,67,103,0,0,1
68,105,67,104,0,0,1
68,106,67,105,0,0,1
68,107,67,106,0,0,1
68,108,67,107,0,0,1
68,109,67,108,0,0,1
68,110,67,109,0,0,1
68,111,67,110,0,0,1
68,112,67,111,0,0,1
68,113,67,112,0,0,1
68,114,67,113,0,0,1
68,115,67,114,0,0,1
68,116,67,115,0,0,1
68,117,67,116,0,0,1
68,118,67,117,0,0,1
68,119,67,118,0,0,1
68,120,67,119,0,0,1
68,121,67,120,0,0,1
68,122,67,121,0,0,1
68,123,67,122,0,0,1
68,124,67,123,0,0,1
68,125,67,124,0,0,1
68,126,67,125,0,0,1
68,127,67,126,0,0,1
68,128,67,127,0,0,1
68,129,67,128,0,0,1
68,130,67,129,0,0,1
68,131,67,130,0,0,1
68,132,67,131,0,0,1
68,133,67,132,0,0,1
68,134,67,133,0,0,1
68,135,67,134,0,0,1
68,136,67,135,0,0,1
68,137,67,136,0,0,1
68,138,67,137,0,0,1
68,139,67,138,0,0,1
68,140,67,139,0,0,1
68,141,67,140,0,0,1
68,142,67,141,0,0,1
68,143,67,142,0,0,1
68,144,67,143,0,0,1
68,145,67,144,0,0,1
68,146,67,145,0,0,1
68,147,67,146,0,0,1
68,148,67,147,0,0,1
68,149,67,148,0,0,1
68,150,67,149,0,0,1
68,151,67,150,0,0,1
68,152,67,151,0,0,1
68,153,67,152,0,0,1
68,154,67,153,0,0,1
68,155,67,154,0,0,1
68,156,67,155,0,0,1
68,157,67,156,0,0,1
68,158,67,157,0,0,1
68,159,67,158,0,0,1
68,160,67,159,0,0,1
68,161,67,160,0,0,1
68,162,67,161,0,0,1
68,163,67,162,0,0,1
68,164,67,163,0,0,1
68,165,67,164,0,0,1
68,166,67,165,0,0,1
68,167,67,166,0,0,1
68,168,67,167,0,0,1
68,169,67,168,0,0,1
68,170,67,169,0,0,1
68,171,67,170,0,0,1
68,172,67,171,0,0,1
68,173,67,172,0,0,1
68,174,67,173,0,0,1
68,175,67,174,0,0,1
68,176,67,175,0,0,1
68,177,67,176,0,0,1
68,178,67,177,0,0,1
68,179,67,178,0,0,1
68,180,67,179,0,0,1
68,181,67,180,0,0,1
68,182,67,181,0,0,1
68,183,67,182,0,0,1
68,184,67,183,0,0,1
68,185,67,184,0,0,1
68,186,67,185,0,0,1
68,187,67,186,0,0,1
68,188,67,187,0,0,1
68,189,67,188,0,0,1
68,190,67,189,0,0,1
68,191,67,190,0,0,1
68,192,67,191,0,0,1
68,193,67,192,0,0,1
68,194,67,193,0,0,1
68,195,67,194,0,0,1
68,196,67,195,0,0,1
68,197,67,196,0,0,1
68,198,67,197,0,0,1
68,199,67,198,0,0,1
68,200,67,199,0,0,1
68,201,67,200,0,0,1
68,202,67,201,0,0,1
68,203,67,202,0,0,1
68,204,67,203,0,0,1
68,205,67,204,0,0,1
68,206,67,205,0,0,1
68,207,67,206,0,0,1
68,208,67,207,0,0,1
68,209,67,208,0,0,1
68,210,67,209,0,0,1
68,211,67,210,0,0,1
68,212,67,211,0,0,1
68,213,67,212,0,0,1
68,214,67,213,0,0,1
68,215,67,214,0,0,1
68,216,67,215,0,0,1
68,217,67,216,0,0,1
68,218,67,217,0,0,1
68,219,67,218,0,0,1
68,220,67,219,0,0,1
68,221,67,220,0,0,1
68,222,67,221,0,0,1
68,223,67,222,0,0,1
68,224,67,223,0,0,1
68,225,67,228,0,0,1
68,226,67,225,0,0,1
68,227,67,226,0,0,1
68,228,67,227,0,0,1
68,229,67,224,0,0,1
68,230,67,229,0,0,1
68,231,67,230,0,0,1
68,232,67,231,0,0,1
68,233,67,232,0,0,1
68,234,67,233,0,0,1
68,235,67,234,0,0,1
68,236,67,235,0,0,1
68,237,67,236,0,0,1
68,238,67,237,0,0,1
68,239,67,238,0,0,1
68,240,67,239,0,0,1
68,241,67,240,0,0,1
68,242,67,241,0,0,1
68,243,67,242,0,0,1
69,70,68,69,39,39,6
69,71,68,70,33,33,6
69,72,68,71,29,29,6
69,73,68,72,30,29,6
69,74,68,73,35,35,6
69,75,68,74,32,32,6
69,76,68,75,29,28,6
69,77,68,76,28,26,6
69,78,68,77,25,23,6
69,79,68,78,24,22,6
69,80,68,79,21,19,6
69,81,68,80,16,15,6
69,82,68,81,21,21,6
69,83,68,82,17,17,7
69,84,68,83,16,16,6
69,85,68,84,16,16,6
69,86,68,85,16,16,6
69,87,68,86,20,20,6
69,88,68,87,0,0,1
69,89,68,88,21,21,7
69,90,68,89,18,18,6
69,91,68,90,15,15,6
69,92,68,91,0,0,1
69,93,68,92,0,0,1
69,94,68,93,15,0,1
69,95,68,94,0,0,1
69,96,68,95,0,0,1
69,97,68,96,0,0,1
69,98,68,97,0,0,1
69,99,68,98,0,0,1
69,100,68,99,0,0,1
69,101,68,100,0,0,1
69,102,68,101,0,0,1
69,103,68,102,0,0,1
69,104,68,103,0,0,1
69,105,68,104,0,0,1
69,106,68,105,0,0,1
69,107,68,106,0,0,1
69,108,68,107,0,0,1
69,109,68,108,0,0,1
69,110,68,109,0,0,1
69,111,68,110,0,0,1
69,112,68,111,0,0,1
69,113,68,112,0,0,1
69,114,68,113,0,0,1
69,115,68,114,0,0,1
69,116,68,115,0,0,1
69,117,68,116,0,0,1
69,118,68,117,0,0,1
69,119,68,118,0,0,1
69,120,68,119,0,0,1
69,121,68,120,0,0,1
69,122,68,121,0,0,1
69,123,68,122,0,0,1
69,124,68,123,0,0,1
69,125,68,124,0,0,1
69,126,68,125,0,0,1
69,127,68,126,0,0,1
69,128,68,127,0,0,1
69,129,68,128,0,0,1
69,130,68,129,0,0,1
69,131,68,130,0,0,1
69,132,68,131,0,0,1
69,133,68,132,0,0,1
69,134,68,133,0,0,1
69,135,68,134,0,0,1
69,136,68,135,0,0,1
69,137,68,136,0,0,1
69,138,68,137,0,0,1
69,139,68,138,0,0,1
69,140,68,139,0,0,1
69,141,68,140,0,0,1
69,142,68,141,0,0,1
69,143,68,142,0,0,1
69,144,68,143,0,0,1
69,145,68,144,0,0,1
69,146,68,145,0,0,1
69,147,68,146,0,0,1
69,148,68,147,0,0,1
69,149,68,148,0,0,1
69,150,68,149,0,0,1
69,151,68,150,0,0,1
69,152,68,151,0,0,1
69,153,68,152,0,0,1
69,154,68,153,0,0,1
69,155,68,154,0,0,1
69,156,68,155,0,0,1
69,157,68,156,0,0,1
69,158,68,157,0,0,1
69,159,68,158,0,0,1
69,160,68,159,0,0,1
69,161,68,160,0,0,1
69,162,68,161,0,0,1
69,163,68,162,0,0,1
69,164,68,163,0,0,1
69,165,68,164,0,0,1
69,166,68,165,0,0,1
69,167,68,166,0,0,1
69,168,68,167,0,0,1
69,169,68,168,0,0,1
69,170,68,169,0,0,1
69,171,68,170,0,0,1
69,172,68,171,0,0,1
69,173,68,172,0,0,1
69,174,68,173,0,0,1
69,175,68,174,0,0,1
69,176,68,175,0,0,1
69,177,68,176,0,0,1
69,178,68,177,0,0,1
69,179,68,178,0,0,1
69,180,68,179,0,0,1
69,181,68,180,0,0,1
69,182,68,181,0,0,1
69,183,68,182,0,0,1
69,184,68,183,0,0,1
69,185,68,184,0,0,1
69,186,68,185,0,0,1
69,187,68,186,0,0,1
69,188,68,187,0,0,1
69,189,68,188,0,0,1
69,190,68,189,0,0,1
69,191,68,190,0,0,1
69,192,68,191,0,0,1
69,193,68,192,0,0,1
69,194,68,193,0,0,1
69,195,68,194,0,0,1
69,196,68,195,0,0,1
69,197,68,196,0,0,1
69,198,68,197,0,0,1
69,199,68,198,0,0,1
69,200,68,199,0,0,1
69,201,68,200,0,0,1
69,202,68,201,0,0,1
69,203,68,202,0,0,1
69,204,68,203,0,0,1
69,205,68,204,0,0,1
69,206,68,205,0,0,1
69,207,68,206,0,0,1
69,208,68,207,0,0,1
69,209,68,208,0,0,1
69,210,68,209,0,0,1
69,211,68,210,0,0,1
69,212,68,211,0,0,1
69,213,68,212,0,0,1
69,214,68,213,0,0,1
69,215,68,214,0,0,1
69,216,68,215,0,0,1
69,217,68,216,0,0,1
69,218,68,217,0,0,1
69,219,68,218,0,0,1
69,220,68,219,0,0,1
69,221,68,220,0,0,1
69,222,68,221,0,0,1
69,223,68,222,0,0,1
69,224,68,223,0,0,1
69,225,68,228,0,0,1
69,226,68,225,0,0,1
69,227,68,226,0,0,1
69,228,68,227,0,0,1
69,229,68,224,0,0,1
69,230,68,229,0,0,1
69,231,68,230,0,0,1
69,232,68,231,0,0,1
69,233,68,232,0,0,1
69,234,68,233,0,0,1
69,235,68,234,0,0,1
69,236,68,235,0,0,1
69,237,68,236,0,0,1
69,238,68,237,0,0,1
69,239,68,238,0,0,1
69,240,68,239,0,0,1
69,241,68,240,0,0,1
69,242,68,241,0,0,1
69,243,68,242,0,0,1
70,71,69,70,43,43,6
70,72,69,71,33,33,6
70,73,69,72,30,30,6
70,74,69,73,27,27,6
70,75,69,74,31,30,6
70,76,69,75,29,29,6
70,77,69,76,26,23,6
70,78,69,77,25,23,6
70,79,69,78,22,20,6
70,80,69,79,20,18,6
70,81,69,80,17,16,6
70,82,69,81,21,21,7
70,83,69,82,17,17,7
70,84,69,83,17,17,6
70,85,69,84,19,19,6
70,86,69,85,0,0,1
70,87,69,86,23,23,6
70,88,69,87,19,18,6
70,89,69,88,25,25,7
70,90,69,89,22,22,7
70,91,69,90,18,17,7
70,92,69,91,0,0,1
70,93,69,92,0,0,1
70,94,69,93,0,0,1
70,95,69,94,0,0,1
70,96,69,95,0,0,1
70,97,69,96,0,0,1
70,98,69,97,0,0,1
70,99,69,98,16,16,3
70,100,69,99,0,0,1
70,101,69,100,0,0,1
70,102,69,101,0,0,1
70,103,69,102,0,0,1
70,104,69,103,0,0,1
70,105,69,104,0,0,1
70,106,69,105,0,0,1
70,107,69,106,0,0,1
70,108,69,107,0,0,1
70,109,69,108,0,0,1
70,110,69,109,0,0,1
70,111,69,110,0,0,1
70,112,69,111,0,0,1
70,113,69,112,0,0,1
70,114,69,113,0,0,1
70,115,69,114,0,0,1
70,116,69,115,0,0,1
70,117,69,116,0,0,1
70,118,69,117,0,0,1
70,119,69,118,0,0,1
70,120,69,119,0,0,1
70,121,69,120,0,0,1
70,122,69,121,0,0,1
70,123,69,122,0,0,1
70,124,69,123,0,0,1
70,125,69,124,0,0,1
70,126,69,125,0,0,1
70,127,69,126,0,0,1
70,128,69,127,0,0,1
70,129,69,128,0,0,1
70,130,69,129,0,0,1
70,131,69,130,0,0,1
70,132,69,131,0,0,1
70,133,69,132,0,0,1
70,134,69,133,0,0,1
70,135,69,134,0,0,1
70,136,69,135,0,0,1
70,137,69,136,0,0,1
70,138,69,137,0,0,1
70,139,69,138,0,0,1
70,140,69,139,0,0,1
70,141,69,140,0,0,1
70,142,69,141,0,0,1
70,143,69,142,0,0,1
70,144,69,143,0,0,1
70,145,69,144,0,0,1
70,146,69,145,0,0,1
70,147,69,146,0,0,1
70,148,69,147,0,0,1
70,149,69,148,0,0,1
70,150,69,149,0,0,1
70,151,69,150,0,0,1
70,152,69,151,0,0,1
70,153,69,152,0,0,1
70,154,69,153,0,0,1
70,155,69,154,0,0,1
70,156,69,155,0,0,1
70,157,69,156,0,0,1
70,158,69,157,0,0,1
70,159,69,158,0,0,1
70,160,69,159,0,0,1
70,161,69,160,0,0,1
70,162,69,161,0,0,1
70,163,69,162,0,0,1
70,164,69,163,0,0,1
70,165,69,164,0,0,1
70,166,69,165,0,0,1
70,167,69,166,0,0,1
70,168,69,167,0,0,1
70,169,69,168,0,0,1
70,170,69,169,0,0,1
70,171,69,170,0,0,1
70,172,69,171,0,0,1
70,173,69,172,0,0,1
70,174,69,173,0,0,1
70,175,69,174,0,0,1
70,176,69,175,0,0,1
70,177,69,176,0,0,1
70,178,69,177,0,0,1
70,179,69,178,0,0,1
70,180,69,179,0,0,1
70,181,69,180,0,0,1
70,182,69,181,0,0,1
70,183,69,182,0,0,1
70,184,69,183,0,0,1
70,185,69,184,0,0,1
70,186,69,185,0,0,1
70,187,69,186,0,0,1
70,188,69,187,0,0,1
70,189,69,188,0,0,1
70,190,69,189,0,0,1
70,191,69,190,0,0,1
70,192,69,191,0,0,1
70,193,69,192,0,0,1
70,194,69,193,0,0,1
70,195,69,194,0,0,1
70,196,69,195,0,0,1
70,197,69,196,0,0,1
70,198,69,197,0,0,1
70,199,69,198,0,0,1
70,200,69,199,0,0,1
70,201,69,200,0,0,1
70,202,69,201,0,0,1
70,203,69,202,0,0,1
70,204,69,203,0,0,1
70,205,69,204,0,0,1
70,206,69,205,0,0,1
70,207,69,206,0,0,1
70,208,69,207,0,0,1
70,209,69,208,0,0,1
70,210,69,209,0,0,1
70,211,69,210,0,0,1
70,212,69,211,0,0,1
70,213,69,212,0,0,1
70,214,69,213,0,0,1
70,215,69,214,0,0,1
70,216,69,215,0,0,1
70,217,69,216,0,0,1
70,218,69,217,0,0,1
70,219,69,218,0,0,1
70,220,69,219,0,0,1
70,221,69,220,0,0,1
70,222,69,221,0,0,1
70,223,69,222,0,0,1
70,224,69,223,0,0,1
70,225,69,228,0,0,1
70,226,69,225,0,0,1
70,227,69,226,0,0,1
70,228,69,227,0,0,1
70,229,69,224,0,0,1
70,230,69,229,0,0,1
70,231,69,230,0,0,1
70,232,69,231,0,0,1
70,233,69,232,0,0,1
70,234,69,233,0,0,1
70,235,69,234,0,0,1
70,236,69,235,0,0,1
70,237,69,236,0,0,1
70,238,69,237,0,0,1
70,239,69,238,0,0,1
70,240,69,239,0,0,1
70,241,69,240,0,0,1
70,242,69,241,0,0,1
70,243,69,242,0,0,1
71,72,70,71,41,41,6
71,73,70,72,36,36,6
71,74,70,73,32,29,6
71,75,70,74,32,31,6
71,76,70,75,31,31,6
71,77,70,76,31,27,6
71,78,70,77,36,34,6
71,79,70,78,30,27,6
71,80,70,79,30,27,6
71,81,70,80,24,23,6
71,82,70,81,29,29,6
71,83,70,82,18,18,6
71,84,70,83,20,19,6
71,85,70,84,21,21,6
71,86,70,85,22,22,6
71,87,70,86,27,26,6
71,88,70,87,20,20,6
71,89,70,88,29,29,7
71,90,70,89,19,19,6
71,91,70,90,18,18,6
71,92,70,91,17,17,6
71,93,70,92,0,0,1
71,94,70,93,15,15,6
71,95,70,94,15,0,1
71,96,70,95,0,0,1
71,97,70,96,15,0,1
71,98,70,97,0,0,1
71,99,70,98,0,0,1
71,100,70,99,0,0,1
71,101,70,100,0,0,1
71,102,70,101,0,0,1
71,103,70,102,0,0,1
71,104,70,103,0,0,1
71,105,70,104,0,0,1
71,106,70,105,0,0,1
71,107,70,106,0,0,1
71,108,70,107,0,0,1
71,109,70,108,0,0,1
71,110,70,109,0,0,1
71,111,70,110,0,0,1
71,112,70,111,0,0,1
71,113,70,112,0,0,1
71,114,70,113,0,0,1
71,115,70,114,0,0,1
71,116,70,115,0,0,1
71,117,70,116,0,0,1
71,118,70,117,0,0,1
71,119,70,118,0,0,1
71,120,70,119,0,0,1
71,121,70,120,0,0,1
71,122,70,121,0,0,1
71,123,70,122,0,0,1
71,124,70,123,0,0,1
71,125,70,124,0,0,1
71,126,70,125,0,0,1
71,127,70,126,0,0,1
71,128,70,127,0,0,1
71,129,70,128,0,0,1
71,130,70,129,0,0,1
71,131,70,130,0,0,1
71,132,70,131,0,0,1
71,133,70,132,0,0,1
71,134,70,133,0,0,1
71,135,70,134,0,0,1
71,136,70,135,0,0,1
71,137,70,136,0,0,1
71,138,70,137,0,0,1
71,139,70,138,0,0,1
71,140,70,139,0,0,1
71,141,70,140,0,0,1
71,142,70,141,0,0,1
71,143,70,142,0,0,1
71,144,70,143,0,0,1
71,145,70,144,0,0,1
71,146,70,145,0,0,1
71,147,70,146,0,0,1
71,148,70,147,0,0,1
71,149,70,148,0,0,1
71,150,70,149,0,0,1
71,151,70,150,0,0,1
71,152,70,151,0,0,1
71,153,70,152,0,0,1
71,154,70,153,0,0,1
71,155,70,154,0,0,1
71,156,70,155,0,0,1
71,157,70,156,0,0,1
71,158,70,157,0,0,1
71,159,70,158,0,0,1
71,160,70,159,0,0,1
71,161,70,160,0,0,1
71,162,70,161,0,0,1
71,163,70,162,0,0,1
71,164,70,163,0,0,1
71,165,70,164,0,0,1
71,166,70,165,0,0,1
71,167,70,166,0,0,1
71,168,70,167,0,0,1
71,169,70,168,0,0,1
71,170,70,169,0,0,1
71,171,70,170,0,0,1
71,172,70,171,0,0,1
71,173,70,172,0,0,1
71,174,70,173,0,0,1
71,175,70,174,0,0,1
71,176,70,175,0,0,1
71,177,70,176,0,0,1
71,178,70,177,0,0,1
71,179,70,178,0,0,1
71,180,70,179,0,0,1
71,181,70,180,0,0,1
71,182,70,181,0,0,1
71,183,70,182,0,0,1
71,184,70,183,0,0,1
71,185,70,184,0,0,1
71,186,70,185,0,0,1
71,187,70,186,0,0,1
71,188,70,187,0,0,1
71,189,70,188,0,0,1
71,190,70,189,0,0,1
71,191,70,190,0,0,1
71,192,70,191,0,0,1
71,193,70,192,0,0,1
71,194,70,193,0,0,1
71,195,70,194,0,0,1
71,196,70,195,0,0,1
71,197,70,196,0,0,1
71,198,70,197,0,0,1
71,199,70,198,0,0,1
71,200,70,199,0,0,1
71,201,70,200,0,0,1
71,202,70,201,0,0,1
71,203,70,202,0,0,1
71,204,70,203,0,0,1
71,205,70,204,0,0,1
71,206,70,205,0,0,1
71,207,70,206,0,0,1
71,208,70,207,0,0,1
71,209,70,208,0,0,1
71,210,70,209,0,0,1
71,211,70,210,0,0,1
71,212,70,211,0,0,1
71,213,70,212,0,0,1
71,214,70,213,0,0,1
71,215,70,214,0,0,1
71,216,70,215,0,0,1
71,217,70,216,0,0,1
71,218,70,217,0,0,1
71,219,70,218,0,0,1
71,220,70,219,0,0,1
71,221,70,220,0,0,1
71,222,70,221,0,0,1
71,223,70,222,0,0,1
71,224,70,223,0,0,1
71,225,70,228,0,0,1
71,226,70,225,0,0,1
71,227,70,226,0,0,1
71,228,70,227,0,0,1
71,229,70,224,0,0,1
71,230,70,229,0,0,1
71,231,70,230,0,0,1
71,232,70,231,0,0,1
71,233,70,232,0,0,1
71,234,70,233,0,0,1
71,235,70,234,0,0,1
71,236,70,235,0,0,1
71,237,70,236,0,0,1
71,238,70,237,0,0,1
71,239,70,238,0,0,1
71,240,70,239,0,0,1
71,241,70,240,0,0,1
71,242,70,241,0,0,1
71,243,70,242,0,0,1
72,73,71,72,41,41,6
72,74,71,73,32,32,6
72,75,71,74,29,29,6
72,76,71,75,30,30,6
72,77,71,76,27,25,6
72,78,71,77,32,30,6
72,79,71,78,25,23,6
72,80,71,79,26,24,6
72,81,71,80,22,22,6
72,82,71,81,28,27,7
72,83,71,82,20,20,7
72,84,71,83,23,22,6
72,85,71,84,20,20,7
72,86,71,85,21,20,6
72,87,71,86,24,23,6
72,88,71,87,16,15,6
72,89,71,88,25,25,6
72,90,71,89,21,20,6
72,91,71,90,17,16,6
72,92,71,91,17,17,6
72,93,71,92,0,0,1
72,94,71,93,0,0,1
72,95,71,94,0,0,1
72,96,71,95,0,0,1
72,97,71,96,0,0,1
72,98,71,97,0,0,1
72,99,71,98,0,0,1
72,100,71,99,0,0,1
72,101,71,100,0,0,1
72,102,71,101,0,0,1
72,103,71,102,0,0,1
72,104,71,103,0,0,1
72,105,71,104,0,0,1
72,106,71,105,0,0,1
72,107,71,106,0,0,1
72,108,71,107,0,0,1
72,109,71,108,0,0,1
72,110,71,109,0,0,1
72,111,71,110,0,0,1
72,112,71,111,0,0,1
72,113,71,112,0,0,1
72,114,71,113,0,0,1
72,115,71,114,0,0,1
72,116,71,115,0,0,1
72,117,71,116,0,0,1
72,118,71,117,0,0,1
72,119,71,118,0,0,1
72,120,71,119,0,0,1
72,121,71,120,0,0,1
72,122,71,121,0,0,1
72,123,71,122,0,0,1
72,124,71,123,0,0,1
72,125,71,124,0,0,1
72,126,71,125,0,0,1
72,127,71,126,0,0,1
72,128,71,127,0,0,1
72,129,71,128,0,0,1
72,130,71,129,0,0,1
72,131,71,130,0,0,1
72,132,71,131,0,0,1
72,133,71,132,0,0,1
72,134,71,133,0,0,1
72,135,71,134,0,0,1
72,136,71,135,0,0,1
72,137,71,136,0,0,1
72,138,71,137,0,0,1
72,139,71,138,0,0,1
72,140,71,139,0,0,1
72,141,71,140,0,0,1
72,142,71,141,0,0,1
72,143,71,142,0,0,1
72,144,71,143,0,0,1
72,145,71,144,0,0,1
72,146,71,145,0,0,1
72,147,71,146,0,0,1
72,148,71,147,0,0,1
72,149,71,148,0,0,1
72,150,71,149,0,0,1
72,151,71,150,0,0,1
72,152,71,151,0,0,1
72,153,71,152,0,0,1
72,154,71,153,0,0,1
72,155,71,154,0,0,1
72,156,71,155,0,0,1
72,157,71,156,0,0,1
72,158,71,157,0,0,1
72,159,71,158,0,0,1
72,160,71,159,0,0,1
72,161,71,160,0,0,1
72,162,71,161,0,0,1
72,163,71,162,0,0,1
72,164,71,163,0,0,1
72,165,71,164,0,0,1
72,166,71,165,0,0,1
72,167,71,166,0,0,1
72,168,71,167,0,0,1
72,169,71,168,0,0,1
72,170,71,169,0,0,1
72,171,71,170,0,0,1
72,172,71,171,0,0,1
72,173,71,172,0,0,1
72,174,71,173,0,0,1
72,175,71,174,0,0,1
72,176,71,175,0,0,1
72,177,71,176,0,0,1
72,178,71,177,0,0,1
72,179,71,178,0,0,1
72,180,71,179,0,0,1
72,181,71,180,0,0,1
72,182,71,181,0,0,1
72,183,71,182,0,0,1
72,184,71,183,0,0,1
72,185,71,184,0,0,1
72,186,71,185,0,0,1
72,187,71,186,0,0,1
72,188,71,187,0,0,1
72,189,71,188,0,0,1
72,190,71,189,0,0,1
72,191,71,190,0,0,1
72,192,71,191,0,0,1
72,193,71,192,0,0,1
72,194,71,193,0,0,1
72,195,71,194,0,0,1
72,196,71,195,0,0,1
72,197,71,196,0,0,1
72,198,71,197,0,0,1
72,199,71,198,0,0,1
72,200,71,199,0,0,1
72,201,71,200,0,0,1
72,202,71,201,0,0,1
72,203,71,202,0,0,1
72,204,71,203,0,0,1
72,205,71,204,0,0,1
72,206,71,205,0,0,1
72,207,71,206,0,0,1
72,208,71,207,0,0,1
72,209,71,208,0,0,1
72,210,71,209,0,0,1
72,211,71,210,0,0,1
72,212,71,211,0,0,1
72,213,71,212,0,0,1
72,214,71,213,0,0,1
72,215,71,214,0,0,1
72,216,71,215,0,0,1
72,217,71,216,0,0,1
72,218,71,217,0,0,1
72,219,71,218,0,0,1
72,220,71,219,0,0,1
72,221,71,220,0,0,1
72,222,71,221,0,0,1
72,223,71,222,0,0,1
72,224,71,223,0,0,1
72,225,71,228,0,0,1
72,226,71,225,0,0,1
72,227,71,226,0,0,1
72,228,71,227,0,0,1
72,229,71,224,0,0,1
72,230,71,229,0,0,1
72,231,71,230,0,0,1
72,232,71,231,0,0,1
72,233,71,232,0,0,1
72,234,71,233,0,0,1
72,235,71,234,0,0,1
72,236,71,235,0,0,1
72,237,71,236,0,0,1
72,238,71,237,0,0,1
72,239,71,238,0,0,1
72,240,71,239,0,0,1
72,241,71,240,0,0,1
72,242,71,241,0,0,1
72,243,71,242,0,0,1
73,74,72,73,31,31,6
73,75,72,74,33,32,6
73,76,72,75,32,32,6
73,77,72,76,32,30,6
73,78,72,77,33,30,6
73,79,72,78,29,27,6
73,80,72,79,26,24,6
73,81,72,80,23,22,6
73,82,72,81,24,23,6
73,83,72,82,22,22,6
73,84,72,83,25,23,6
73,85,72,84,22,22,6
73,86,72,85,23,22,6
73,87,72,86,28,26,6
73,88,72,87,18,16,6
73,89,72,88,25,24,6
73,90,72,89,24,23,6
73,91,72,90,20,19,6
73,92,72,91,17,15,6
73,93,72,92,16,0,1
73,94,72,93,15,0,1
73,95,72,94,15,15,3
73,96,72,95,0,0,1
73,97,72,96,0,0,1
73,98,72,97,0,0,1
73,99,72,98,0,0,1
73,100,72,99,0,0,1
73,101,72,100,0,0,1
73,102,72,101,0,0,1
73,103,72,102,0,0,1
73,104,72,103,0,0,1
73,105,72,104,0,0,1
73,106,72,105,0,0,1
73,107,72,106,0,0,1
73,108,72,107,0,0,1
73,109,72,108,0,0,1
73,110,72,109,0,0,1
73,111,72,110,0,0,1
73,112,72,111,0,0,1
73,113,72,112,0,0,1
73,114,72,113,0,0,1
73,115,72,114,0,0,1
73,116,72,115,0,0,1
73,117,72,116,0,0,1
73,118,72,117,0,0,1
73,119,72,118,0,0,1
73,120,72,119,0,0,1
73,121,72,120,0,0,1
73,122,72,121,0,0,1
73,123,72,122,0,0,1
73,124,72,123,0,0,1
73,125,72,124,0,0,1
73,126,72,125,0,0,1
73,127,72,126,0,0,1
73,128,72,127,0,0,1
73,129,72,128,0,0,1
73,130,72,129,0,0,1
73,131,72,130,0,0,1
73,132,72,131,0,0,1
73,133,72,132,0,0,1
73,134,72,133,0,0,1
73,135,72,134,0,0,1
73,136,72,135,0,0,1
73,137,72,136,0,0,1
73,138,72,137,0,0,1
73,139,72,138,0,0,1
73,140,72,139,0,0,1
73,141,72,140,0,0,1
73,142,72,141,0,0,1
73,143,72,142,0,0,1
73,144,72,143,0,0,1
73,145,72,144,0,0,1
73,146,72,145,0,0,1
73,147,72,146,0,0,1
73,148,72,147,0,0,1
73,149,72,148,0,0,1
73,150,72,149,0,0,1
73,151,72,150,0,0,1
73,152,72,151,0,0,1
73,153,72,152,0,0,1
73,154,72,153,0,0,1
73,155,72,154,0,0,1
73,156,72,155,0,0,1
73,157,72,156,0,0,1
73,158,72,157,0,0,1
73,159,72,158,0,0,1
73,160,72,159,0,0,1
73,161,72,160,0,0,1
73,162,72,161,0,0,1
73,163,72,162,0,0,1
73,164,72,163,0,0,1
73,165,72,164,0,0,1
73,166,72,165,0,0,1
73,167,72,166,0,0,1
73,168,72,167,0,0,1
73,169,72,168,0,0,1
73,170,72,169,0,0,1
73,171,72,170,0,0,1
73,172,72,171,0,0,1
73,173,72,172,0,0,1
73,174,72,173,0,0,1
73,175,72,174,0,0,1
73,176,72,175,0,0,1
73,177,72,176,0,0,1
73,178,72,177,0,0,1
73,179,72,178,0,0,1
73,180,72,179,0,0,1
73,181,72,180,0,0,1
73,182,72,181,0,0,1
73,183,72,182,0,0,1
73,184,72,183,0,0,1
73,185,72,184,0,0,1
73,186,72,185,0,0,1
73,187,72,186,0,0,1
73,188,72,187,0,0,1
73,189,72,188,0,0,1
73,190,72,189,0,0,1
73,191,72,190,0,0,1
73,192,72,191,0,0,1
73,193,72,192,0,0,1
73,194,72,193,0,0,1
73,195,72,194,0,0,1
73,196,72,195,0,0,1
73,197,72,196,0,0,1
73,198,72,197,0,0,1
73,199,72,198,0,0,1
73,200,72,199,0,0,1
73,201,72,200,0,0,1
73,202,72,201,0,0,1
73,203,72,202,0,0,1
73,204,72,203,0,0,1
73,205,72,204,0,0,1
73,206,72,205,0,0,1
73,207,72,206,0,0,1
73,208,72,207,0,0,1
73,209,72,208,0,0,1
73,210,72,209,0,0,1
73,211,72,210,0,0,1
73,212,72,211,0,0,1
73,213,72,212,0,0,1
73,214,72,213,0,0,1
73,215,72,214,0,0,1
73,216,72,215,0,0,1
73,217,72,216,0,0,1
73,218,72,217,0,0,1
73,219,72,218,0,0,1
73,220,72,219,0,0,1
73,221,72,220,0,0,1
73,222,72,221,0,0,1
73,223,72,222,0,0,1
73,224,72,223,0,0,1
73,225,72,228,0,0,1
73,226,72,225,0,0,1
73,227,72,226,0,0,1
73,228,72,227,0,0,1
73,229,72,224,0,0,1
73,230,72,229,0,0,1
73,231,72,230,0,0,1
73,232,72,231,0,0,1
73,233,72,232,0,0,1
73,234,72,233,0,0,1
73,235,72,234,0,0,1
73,236,72,235,0,0,1
73,237,72,236,0,0,1
73,238,72,237,0,0,1
73,239,72,238,0,0,1
73,240,72,239,0,0,1
73,241,72,240,0,0,1
73,242,72,241,0,0,1
73,243,72,242,0,0,1
74,75,73,74,47,47,6
74,76,73,75,41,41,6
74,77,73,76,34,32,6
74,78,73,77,30,28,6
74,79,73,78,33,31,6
74,80,73,79,29,27,6
74,81,73,80,23,22,6
74,82,73,81,34,33,6
74,83,73,82,26,26,6
74,84,73,83,28,26,6
74,85,73,84,28,28,6
74,86,73,85,28,27,6
74,87,73,86,31,29,6
74,88,73,87,20,19,6
74,89,73,88,27,26,6
74,90,73,89,23,22,6
74,91,73,90,24,24,6
74,92,73,91,22,20,6
74,93,73,92,18,17,6
74,94,73,93,19,17,6
74,95,73,94,17,16,6
74,96,73,95,16,0,1
74,97,73,96,16,16,3
74,98,73,97,0,0,1
74,99,73,98,0,0,1
74,100,73,99,0,0,1
74,101,73,100,0,0,1
74,102,73,101,0,0,1
74,103,73,102,0,0,1
74,104,73,103,0,0,1
74,105,73,104,0,0,1
74,106,73,105,0,0,1
74,107,73,106,0,0,1
74,108,73,107,0,0,1
74,109,73,108,0,0,1
74,110,73,109,0,0,1
74,111,73,110,0,0,1
74,112,73,111,0,0,1
74,113,73,112,0,0,1
74,114,73,113,0,0,1
74,115,73,114,0,0,1
74,116,73,115,0,0,1
74,117,73,116,0,0,1
74,118,73,117,0,0,1
74,119,73,118,0,0,1
74,120,73,119,0,0,1
74,121,73,120,0,0,1
74,122,73,121,0,0,1
74,123,73,122,0,0,1
74,124,73,123,0,0,1
74,125,73,124,0,0,1
74,126,73,125,0,0,1
74,127,73,126,0,0,1
74,128,73,127,0,0,1
74,129,73,128,0,0,1
74,130,73,129,0,0,1
74,131,73,130,0,0,1
74,132,73,131,0,0,1
74,133,73,132,0,0,1
74,134,73,133,0,0,1
74,135,73,134,0,0,1
74,136,73,135,0,0,1
74,137,73,136,0,0,1
74,138,73,137,0,0,1
74,139,73,138,0,0,1
74,140,73,139,0,0,1
74,141,73,140,0,0,1
74,142,73,141,0,0,1
74,143,73,142,0,0,1
74,144,73,143,0,0,1
74,145,73,144,0,0,1
74,146,73,145,0,0,1
74,147,73,146,0,0,1
74,148,73,147,0,0,1
74,149,73,148,0,0,1
74,150,73,149,0,0,1
74,151,73,150,0,0,1
74,152,73,151,0,0,1
74,153,73,152,0,0,1
74,154,73,153,0,0,1
74,155,73,154,0,0,1
74,156,73,155,0,0,1
74,157,73,156,0,0,1
74,158,73,157,0,0,1
74,159,73,158,0,0,1
74,160,73,159,0,0,1
74,161,73,160,0,0,1
74,162,73,161,0,0,1
74,163,73,162,0,0,1
74,164,73,163,0,0,1
74,165,73,164,0,0,1
74,166,73,165,0,0,1
74,167,73,166,0,0,1
74,168,73,167,0,0,1
74,169,73,168,0,0,1
74,170,73,169,0,0,1
74,171,73,170,0,0,1
74,172,73,171,0,0,1
74,173,73,172,0,0,1
74,174,73,173,0,0,1
74,175,73,174,0,0,1
74,176,73,175,0,0,1
74,177,73,176,0,0,1
74,178,73,177,0,0,1
74,179,73,178,0,0,1
74,180,73,179,0,0,1
74,181,73,180,0,0,1
74,182,73,181,0,0,1
74,183,73,182,0,0,1
74,184,73,183,0,0,1
74,185,73,184,0,0,1
74,186,73,185,0,0,1
74,187,73,186,0,0,1
74,188,73,187,0,0,1
74,189,73,188,0,0,1
74,190,73,189,0,0,1
74,191,73,190,0,0,1
74,192,73,191,0,0,1
74,193,73,192,0,0,1
74,194,73,193,0,0,1
74,195,73,194,0,0,1
74,196,73,195,0,0,1
74,197,73,196,0,0,1
74,198,73,197,0,0,1
74,199,73,198,0,0,1
74,200,73,199,0,0,1
74,201,73,200,0,0,1
74,202,73,201,0,0,1
74,203,73,202,0,0,1
74,204,73,203,0,0,1
74,205,73,204,0,0,1
74,206,73,205,0,0,1
74,207,73,206,0,0,1
74,208,73,207,0,0,1
74,209,73,208,0,0,1
74,210,73,209,0,0,1
74,211,73,210,0,0,1
74,212,73,211,0,0,1
74,213,73,212,0,0,1
74,214,73,213,0,0,1
74,215,73,214,0,0,1
74,216,73,215,0,0,1
74,217,73,216,0,0,1
74,218,73,217,0,0,1
74,219,73,218,0,0,1
74,220,73,219,0,0,1
74,221,73,220,0,0,1
74,222,73,221,0,0,1
74,223,73,222,0,0,1
74,224,73,223,0,0,1
74,225,73,228,0,0,1
74,226,73,225,0,0,1
74,227,73,226,0,0,1
74,228,73,227,0,0,1
74,229,73,224,0,0,1
74,230,73,229,0,0,1
74,231,73,230,0,0,1
74,232,73,231,0,0,1
74,233,73,232,0,0,1
74,234,73,233,0,0,1
74,235,73,234,0,0,1
74,236,73,235,0,0,1
74,237,73,236,0,0,1
74,238,73,237,0,0,1
74,239,73,238,0,0,1
74,240,73,239,0,0,1
74,241,73,240,0,0,1
74,242,73,241,0,0,1
74,243,73,242,0,0,1
75,76,74,75,47,46,6
75,77,74,76,39,34,6
75,78,74,77,38,34,7
75,79,74,78,38,36,6
75,80,74,79,32,29,6
75,81,74,80,26,25,6
75,82,74,81,36,35,6
75,83,74,82,27,27,7
75,84,74,83,25,25,6
75,85,74,84,29,29,6
75,86,74,85,28,28,6
75,87,74,86,31,31,7
75,88,74,87,22,22,6
75,89,74,88,28,28,6
75,90,74,89,27,27,6
75,91,74,90,25,24,6
75,92,74,91,23,22,6
75,93,74,92,16,16,6
75,94,74,93,18,18,6
75,95,74,94,16,15,6
75,96,74,95,15,0,1
75,97,74,96,0,0,1
75,98,74,97,0,0,1
75,99,74,98,0,0,1
75,100,74,99,0,0,1
75,101,74,100,0,0,1
75,102,74,101,0,0,1
75,103,74,102,0,0,1
75,104,74,103,0,0,1
75,105,74,104,0,0,1
75,106,74,105,0,0,1
75,107,74,106,0,0,1
75,108,74,107,0,0,1
75,109,74,108,0,0,1
75,110,74,109,0,0,1
75,111,74,110,0,0,1
75,112,74,111,0,0,1
75,113,74,112,0,0,1
75,114,74,113,0,0,1
75,115,74,114,0,0,1
75,116,74,115,0,0,1
75,117,74,116,0,0,1
75,118,74,117,0,0,1
75,119,74,118,0,0,1
75,120,74,119,0,0,1
75,121,74,120,0,0,1
75,122,74,121,0,0,1
75,123,74,122,0,0,1
75,124,74,123,0,0,1
75,125,74,124,0,0,1
75,126,74,125,0,0,1
75,127,74,126,0,0,1
75,128,74,127,0,0,1
75,129,74,128,0,0,1
75,130,74,129,0,0,1
75,131,74,130,0,0,1
75,132,74,131,0,0,1
75,133,74,132,0,0,1
75,134,74,133,0,0,1
75,135,74,134,0,0,1
75,136,74,135,0,0,1
75,137,74,136,0,0,1
75,138,74,137,0,0,1
75,139,74,138,0,0,1
75,140,74,139,0,0,1
75,141,74,140,0,0,1
75,142,74,141,0,0,1
75,143,74,142,0,0,1
75,144,74,143,0,0,1
75,145,74,144,0,0,1
75,146,74,145,0,0,1
75,147,74,146,0,0,1
75,148,74,147,0,0,1
75,149,74,148,0,0,1
75,150,74,149,0,0,1
75,151,74,150,0,0,1
75,152,74,151,0,0,1
75,153,74,152,0,0,1
75,154,74,153,0,0,1
75,155,74,154,0,0,1
75,156,74,155,0,0,1
75,157,74,156,0,0,1
75,158,74,157,0,0,1
75,159,74,158,0,0,1
75,160,74,159,0,0,1
75,161,74,160,0,0,1
75,162,74,161,0,0,1
75,163,74,162,0,0,1
75,164,74,163,0,0,1
75,165,74,164,0,0,1
75,166,74,165,0,0,1
75,167,74,166,0,0,1
75,168,74,167,0,0,1
75,169,74,168,0,0,1
75,170,74,169,0,0,1
75,171,74,170,0,0,1
75,172,74,171,0,0,1
75,173,74,172,0,0,1
75,174,74,173,0,0,1
75,175,74,174,0,0,1
75,176,74,175,0,0,1
75,177,74,176,0,0,1
75,178,74,177,0,0,1
75,179,74,178,0,0,1
75,180,74,179,0,0,1
75,181,74,180,0,0,1
75,182,74,181,0,0,1
75,183,74,182,0,0,1
75,184,74,183,0,0,1
75,185,74,184,0,0,1
75,186,74,185,0,0,1
75,187,74,186,0,0,1
75,188,74,187,0,0,1
75,189,74,188,0,0,1
75,190,74,189,0,0,1
75,191,74,190,0,0,1
75,192,74,191,0,0,1
75,193,74,192,0,0,1
75,194,74,193,0,0,1
75,195,74,194,0,0,1
75,196,74,195,0,0,1
75,197,74,196,0,0,1
75,198,74,197,0,0,1
75,199,74,198,0,0,1
75,200,74,199,0,0,1
75,201,74,200,0,0,1
75,202,74,201,0,0,1
75,203,74,202,0,0,1
75,204,74,203,0,0,1
75,205,74,204,0,0,1
75,206,74,205,0,0,1
75,207,74,206,0,0,1
75,208,74,207,0,0,1
75,209,74,208,0,0,1
75,210,74,209,0,0,1
75,211,74,210,0,0,1
75,212,74,211,0,0,1
75,213,74,212,0,0,1
75,214,74,213,0,0,1
75,215,74,214,0,0,1
75,216,74,215,0,0,1
75,217,74,216,0,0,1
75,218,74,217,0,0,1
75,219,74,218,0,0,1
75,220,74,219,0,0,1
75,221,74,220,0,0,1
75,222,74,221,0,0,1
75,223,74,222,0,0,1
75,224,74,223,0,0,1
75,225,74,228,0,0,1
75,226,74,225,0,0,1
75,227,74,226,0,0,1
75,228,74,227,0,0,1
75,229,74,224,0,0,1
75,230,74,229,0,0,1
75,231,74,230,0,0,1
75,232,74,231,0,0,1
75,233,74,232,0,0,1
75,234,74,233,0,0,1
75,235,74,234,0,0,1
75,236,74,235,0,0,1
75,237,74,236,0,0,1
75,238,74,237,0,0,1
75,239,74,238,0,0,1
75,240,74,239,0,0,1
75,241,74,240,0,0,1
75,242,74,241,0,0,1
75,243,74,242,0,0,1
76,77,75,76,40,36,6
76,78,75,77,42,38,6
76,79,75,78,41,38,6
76,80,75,79,32,29,6
76,81,75,80,29,28,6
76,82,75,81,39,38,7
76,83,75,82,34,33,6
76,84,75,83,31,29,6
76,85,75,84,34,33,6
76,86,75,85,30,29,6
76,87,75,86,34,32,7
76,88,75,87,24,23,6
76,89,75,88,29,28,6
76,90,75,89,28,26,6
76,91,75,90,29,27,6
76,92,75,91,23,22,6
76,93,75,92,17,15,6
76,94,75,93,19,18,6
76,95,75,94,16,0,1
76,96,75,95,0,0,1
76,97,75,96,0,0,1
76,98,75,97,0,0,1
76,99,75,98,0,0,1
76,100,75,99,0,0,1
76,101,75,100,0,0,1
76,102,75,101,0,0,1
76,103,75,102,0,0,1
76,104,75,103,0,0,1
76,105,75,104,0,0,1
76,106,75,105,0,0,1
76,107,75,106,0,0,1
76,108,75,107,0,0,1
76,109,75,108,0,0,1
76,110,75,109,0,0,1
76,111,75,110,0,0,1
76,112,75,111,0,0,1
76,113,75,112,0,0,1
76,114,75,113,0,0,1
76,115,75,114,0,0,1
76,116,75,115,0,0,1
76,117,75,116,0,0,1
76,118,75,117,0,0,1
76,119,75,118,0,0,1
76,120,75,119,0,0,1
76,121,75,120,0,0,1
76,122,75,121,0,0,1
76,123,75,122,0,0,1
76,124,75,123,0,0,1
76,125,75,124,0,0,1
76,126,75,125,0,0,1
76,127,75,126,0,0,1
76,128,75,127,0,0,1
76,129,75,128,0,0,1
76,130,75,129,0,0,1
76,131,75,130,0,0,1
76,132,75,131,0,0,1
76,133,75,132,0,0,1
76,134,75,133,0,0,1
76,135,75,134,0,0,1
76,136,75,135,0,0,1
76,137,75,136,0,0,1
76,138,75,137,0,0,1
76,139,75,138,0,0,1
76,140,75,139,0,0,1
76,141,75,140,0,0,1
76,142,75,141,0,0,1
76,143,75,142,0,0,1
76,144,75,143,0,0,1
76,145,75,144,0,0,1
76,146,75,145,0,0,1
76,147,75,146,0,0,1
76,148,75,147,0,0,1
76,149,75,148,0,0,1
76,150,75,149,0,0,1
76,151,75,150,0,0,1
76,152,75,151,0,0,1
76,153,75,152,0,0,1
76,154,75,153,0,0,1
76,155,75,154,0,0,1
76,156,75,155,0,0,1
76,157,75,156,0,0,1
76,158,75,157,0,0,1
76,159,75,158,0,0,1
76,160,75,159,0,0,1
76,161,75,160,0,0,1
76,162,75,161,0,0,1
76,163,75,162,0,0,1
76,164,75,163,0,0,1
76,165,75,164,0,0,1
76,166,75,165,0,0,1
76,167,75,166,0,0,1
76,168,75,167,0,0,1
76,169,75,168,0,0,1
76,170,75,169,0,0,1
76,171,75,170,0,0,1
76,172,75,171,0,0,1
76,173,75,172,0,0,1
76,174,75,173,0,0,1
76,175,75,174,0,0,1
76,176,75,175,0,0,1
76,177,75,176,0,0,1
76,178,75,177,0,0,1
76,179,75,178,0,0,1
76,180,75,179,0,0,1
76,181,75,180,0,0,1
76,182,75,181,0,0,1
76,183,75,182,0,0,1
76,184,75,183,0,0,1
76,185,75,184,0,0,1
76,186,75,185,0,0,1
76,187,75,186,0,0,1
76,188,75,187,0,0,1
76,189,75,188,0,0,1
76,190,75,189,0,0,1
76,191,75,190,0,0,1
76,192,75,191,0,0,1
76,193,75,192,0,0,1
76,194,75,193,0,0,1
76,195,75,194,0,0,1
76,196,75,195,0,0,1
76,197,75,196,0,0,1
76,198,75,197,0,0,1
76,199,75,198,0,0,1
76,200,75,199,0,0,1
76,201,75,200,0,0,1
76,202,75,201,0,0,1
76,203,75,202,0,0,1
76,204,75,203,0,0,1
76,205,75,204,0,0,1
76,206,75,205,0,0,1
76,207,75,206,0,0,1
76,208,75,207,0,0,1
76,209,75,208,0,0,1
76,210,75,209,0,0,1
76,211,75,210,0,0,1
76,212,75,211,0,0,1
76,213,75,212,0,0,1
76,214,75,213,0,0,1
76,215,75,214,0,0,1
76,216,75,215,0,0,1
76,217,75,216,0,0,1
76,218,75,217,0,0,1
76,219,75,218,0,0,1
76,220,75,219,0,0,1
76,221,75,220,0,0,1
76,222,75,221,0,0,1
76,223,75,222,0,0,1
76,224,75,223,0,0,1
76,225,75,228,0,0,1
76,226,75,225,0,0,1
76,227,75,226,0,0,1
76,228,75,227,0,0,1
76,229,75,224,0,0,1
76,230,75,229,0,0,1
76,231,75,230,0,0,1
76,232,75,231,0,0,1
76,233,75,232,0,0,1
76,234,75,233,0,0,1
76,235,75,234,0,0,1
76,236,75,235,0,0,1
76,237,75,236,0,0,1
76,238,75,237,0,0,1
76,239,75,238,0,0,1
76,240,75,239,0,0,1
76,241,75,240,0,0,1
76,242,75,241,0,0,1
76,243,75,242,0,0,1
77,78,76,77,41,41,6
77,79,76,78,38,38,6
77,80,76,79,32,31,6
77,81,76,80,30,30,6
77,82,76,81,36,36,6
77,83,76,82,33,32,6
77,84,76,83,29,28,6
77,85,76,84,31,30,6
77,86,76,85,29,27,6
77,87,76,86,32,31,6
77,88,76,87,20,19,6
77,89,76,88,27,26,6
77,90,76,89,27,25,6
77,91,76,90,27,25,6
77,92,76,91,21,20,6
77,93,76,92,15,0,1
77,94,76,93,17,0,1
77,95,76,94,17,15,6
77,96,76,95,0,0,1
77,97,76,96,0,0,1
77,98,76,97,0,0,1
77,99,76,98,0,0,1
77,100,76,99,0,0,1
77,101,76,100,0,0,1
77,102,76,101,0,0,1
77,103,76,102,0,0,1
77,104,76,103,0,0,1
77,105,76,104,0,0,1
77,106,76,105,0,0,1
77,107,76,106,0,0,1
77,108,76,107,0,0,1
77,109,76,108,0,0,1
77,110,76,109,0,0,1
77,111,76,110,0,0,1
77,112,76,111,0,0,1
77,113,76,112,0,0,1
77,114,76,113,0,0,1
77,115,76,114,0,0,1
77,116,76,115,0,0,1
77,117,76,116,0,0,1
77,118,76,117,0,0,1
77,119,76,118,0,0,1
77,120,76,119,0,0,1
77,121,76,120,0,0,1
77,122,76,121,0,0,1
77,123,76,122,0,0,1
77,124,76,123,0,0,1
77,125,76,124,0,0,1
77,126,76,125,0,0,1
77,127,76,126,0,0,1
77,128,76,127,0,0,1
77,129,76,128,0,0,1
77,130,76,129,0,0,1
77,131,76,130,0,0,1
77,132,76,131,0,0,1
77,133,76,132,0,0,1
77,134,76,133,0,0,1
77,135,76,134,0,0,1
77,136,76,135,0,0,1
77,137,76,136,0,0,1
77,138,76,137,0,0,1
77,139,76,138,0,0,1
77,140,76,139,0,0,1
77,141,76,140,0,0,1
77,142,76,141,0,0,1
77,143,76,142,0,0,1
77,144,76,143,0,0,1
77,145,76,144,0,0,1
77,146,76,145,0,0,1
77,147,76,146,0,0,1
77,148,76,147,0,0,1
77,149,76,148,0,0,1
77,150,76,149,0,0,1
77,151,76,150,0,0,1
77,152,76,151,0,0,1
77,153,76,152,0,0,1
77,154,76,153,0,0,1
77,155,76,154,0,0,1
77,156,76,155,0,0,1
77,157,76,156,0,0,1
77,158,76,157,0,0,1
77,159,76,158,0,0,1
77,160,76,159,0,0,1
77,161,76,160,0,0,1
77,162,76,161,0,0,1
77,163,76,162,0,0,1
77,164,76,163,0,0,1
77,165,76,164,0,0,1
77,166,76,165,0,0,1
77,167,76,166,0,0,1
77,168,76,167,0,0,1
77,169,76,168,0,0,1
77,170,76,169,0,0,1
77,171,76,170,0,0,1
77,172,76,171,0,0,1
77,173,76,172,0,0,1
77,174,76,173,0,0,1
77,175,76,174,0,0,1
77,176,76,175,0,0,1
77,177,76,176,0,0,1
77,178,76,177,0,0,1
77,179,76,178,0,0,1
77,180,76,179,0,0,1
77,181,76,180,0,0,1
77,182,76,181,0,0,1
77,183,76,182,0,0,1
77,184,76,183,0,0,1
77,185,76,184,0,0,1
77,186,76,185,0,0,1
77,187,76,186,0,0,1
77,188,76,187,0,0,1
77,189,76,188,0,0,1
77,190,76,189,0,0,1
77,191,76,190,0,0,1
77,192,76,191,0,0,1
77,193,76,192,0,0,1
77,194,76,193,0,0,1
77,195,76,194,0,0,1
77,196,76,195,0,0,1
77,197,76,196,0,0,1
77,198,76,197,0,0,1
77,199,76,198,0,0,1
77,200,76,199,0,0,1
77,201,76,200,0,0,1
77,202,76,201,0,0,1
77,203,76,202,0,0,1
77,204,76,203,0,0,1
77,205,76,204,0,0,1
77,206,76,205,0,0,1
77,207,76,206,0,0,1
77,208,76,207,0,0,1
77,209,76,208,0,0,1
77,210,76,209,0,0,1
77,211,76,210,0,0,1
77,212,76,211,0,0,1
77,213,76,212,0,0,1
77,214,76,213,0,0,1
77,215,76,214,0,0,1
77,216,76,215,0,0,1
77,217,76,216,0,0,1
77,218,76,217,0,0,1
77,219,76,218,0,0,1
77,220,76,219,0,0,1
77,221,76,220,0,0,1
77,222,76,221,0,0,1
77,223,76,222,0,0,1
77,224,76,223,0,0,1
77,225,76,228,0,0,1
77,226,76,225,0,0,1
77,227,76,226,0,0,1
77,228,76,227,0,0,1
77,229,76,224,0,0,1
77,230,76,229,0,0,1
77,231,76,230,0,0,1
77,232,76,231,0,0,1
77,233,76,232,0,0,1
77,234,76,233,0,0,1
77,235,76,234,0,0,1
77,236,76,235,0,0,1
77,237,76,236,0,0,1
77,238,76,237,0,0,1
77,239,76,238,0,0,1
77,240,76,239,0,0,1
77,241,76,240,0,0,1
77,242,76,241,0,0,1
77,243,76,242,0,0,1
78,79,77,78,44,43,6
78,80,77,79,37,35,6
78,81,77,80,33,33,6
78,82,77,81,42,42,6
78,83,77,82,33,33,6
78,84,77,83,31,31,6
78,85,77,84,31,30,6
78,86,77,85,30,29,6
78,87,77,86,31,31,6
78,88,77,87,21,20,6
78,89,77,88,29,28,6
78,90,77,89,25,24,6
78,91,77,90,28,26,6
78,92,77,91,25,25,6
78,93,77,92,17,16,6
78,94,77,93,18,18,6
78,95,77,94,18,18,6
78,96,77,95,0,0,1
78,97,77,96,15,0,1
78,98,77,97,0,0,1
78,99,77,98,0,0,1
78,100,77,99,0,0,1
78,101,77,100,0,0,1
78,102,77,101,0,0,1
78,103,77,102,0,0,1
78,104,77,103,0,0,1
78,105,77,104,0,0,1
78,106,77,105,0,0,1
78,107,77,106,0,0,1
78,108,77,107,0,0,1
78,109,77,108,0,0,1
78,110,77,109,0,0,1
78,111,77,110,0,0,1
78,112,77,111,0,0,1
78,113,77,112,0,0,1
78,114,77,113,0,0,1
78,115,77,114,0,0,1
78,116,77,115,0,0,1
78,117,77,116,0,0,1
78,118,77,117,0,0,1
78,119,77,118,0,0,1
78,120,77,119,0,0,1
78,121,77,120,0,0,1
78,122,77,121,0,0,1
78,123,77,122,0,0,1
78,124,77,123,0,0,1
78,125,77,124,0,0,1
78,126,77,125,0,0,1
78,127,77,126,0,0,1
78,128,77,127,0,0,1
78,129,77,128,0,0,1
78,130,77,129,0,0,1
78,131,77,130,0,0,1
78,132,77,131,0,0,1
78,133,77,132,0,0,1
78,134,77,133,0,0,1
78,135,77,134,0,0,1
78,136,77,135,0,0,1
78,137,77,136,0,0,1
78,138,77,137,0,0,1
78,139,77,138,0,0,1
78,140,77,139,0,0,1
78,141,77,140,0,0,1
78,142,77,141,0,0,1
78,143,77,142,0,0,1
78,144,77,143,0,0,1
78,145,77,144,0,0,1
78,146,77,145,0,0,1
78,147,77,146,0,0,1
78,148,77,147,0,0,1
78,149,77,148,0,0,1
78,150,77,149,0,0,1
78,151,77,150,0,0,1
78,152,77,151,0,0,1
78,153,77,152,0,0,1
78,154,77,153,0,0,1
78,155,77,154,0,0,1
78,156,77,155,0,0,1
78,157,77,156,0,0,1
78,158,77,157,0,0,1
78,159,77,158,0,0,1
78,160,77,159,0,0,1
78,161,77,160,0,0,1
78,162,77,161,0,0,1
78,163,77,162,0,0,1
78,164,77,163,0,0,1
78,165,77,164,0,0,1
78,166,77,165,0,0,1
78,167,77,166,0,0,1
78,168,77,167,0,0,1
78,169,77,168,0,0,1
78,170,77,169,0,0,1
78,171,77,170,0,0,1
78,172,77,171,0,0,1
78,173,77,172,0,0,1
78,174,77,173,0,0,1
78,175,77,174,0,0,1
78,176,77,175,0,0,1
78,177,77,176,0,0,1
78,178,77,177,0,0,1
78,179,77,178,0,0,1
78,180,77,179,0,0,1
78,181,77,180,0,0,1
78,182,77,181,0,0,1
78,183,77,182,0,0,1
78,184,77,183,0,0,1
78,185,77,184,0,0,1
78,186,77,185,0,0,1
78,187,77,186,0,0,1
78,188,77,187,0,0,1
78,189,77,188,0,0,1
78,190,77,189,0,0,1
78,191,77,190,0,0,1
78,192,77,191,0,0,1
78,193,77,192,0,0,1
78,194,77,193,0,0,1
78,195,77,194,0,0,1
78,196,77,195,0,0,1
78,197,77,196,0,0,1
78,198,77,197,0,0,1
78,199,77,198,0,0,1
78,200,77,199,0,0,1
78,201,77,200,0,0,1
78,202,77,201,0,0,1
78,203,77,202,0,0,1
78,204,77,203,0,0,1
78,205,77,204,0,0,1
78,206,77,205,0,0,1
78,207,77,206,0,0,1
78,208,77,207,0,0,1
78,209,77,208,0,0,1
78,210,77,209,0,0,1
78,211,77,210,0,0,1
78,212,77,211,0,0,1
78,213,77,212,0,0,1
78,214,77,213,0,0,1
78,215,77,214,0,0,1
78,216,77,215,0,0,1
78,217,77,216,0,0,1
78,218,77,217,0,0,1
78,219,77,218,0,0,1
78,220,77,219,0,0,1
78,221,77,220,0,0,1
78,222,77,221,0,0,1
78,223,77,222,0,0,1
78,224,77,223,0,0,1
78,225,77,228,0,0,1
78,226,77,225,0,0,1
78,227,77,226,0,0,1
78,228,77,227,0,0,1
78,229,77,224,0,0,1
78,230,77,229,0,0,1
78,231,77,230,0,0,1
78,232,77,231,0,0,1
78,233,77,232,0,0,1
78,234,77,233,0,0,1
78,235,77,234,0,0,1
78,236,77,235,0,0,1
78,237,77,236,0,0,1
78,238,77,237,0,0,1
78,239,77,238,0,0,1
78,240,77,239,0,0,1
78,241,77,240,0,0,1
78,242,77,241,0,0,1
78,243,77,242,0,0,1
79,80,78,79,41,41,6
79,81,78,80,38,37,6
79,82,78,81,42,40,6
79,83,78,82,35,35,6
79,84,78,83,31,30,6
79,85,78,84,29,29,6
79,86,78,85,31,31,6
79,87,78,86,35,35,6
79,88,78,87,25,24,6
79,89,78,88,33,33,6
79,90,78,89,26,26,6
79,91,78,90,26,26,6
79,92,78,91,26,26,6
79,93,78,92,18,16,6
79,94,78,93,17,16,6
79,95,78,94,18,18,6
79,96,78,95,0,0,1
79,97,78,96,0,0,1
79,98,78,97,0,0,1
79,99,78,98,0,0,1
79,100,78,99,0,0,1
79,101,78,100,0,0,1
79,102,78,101,0,0,1
79,103,78,102,0,0,1
79,104,78,103,0,0,1
79,105,78,104,0,0,1
79,106,78,105,0,0,1
79,107,78,106,0,0,1
79,108,78,107,0,0,1
79,109,78,108,0,0,1
79,110,78,109,0,0,1
79,111,78,110,0,0,1
79,112,78,111,0,0,1
79,113,78,112,0,0,1
79,114,78,113,0,0,1
79,115,78,114,0,0,1
79,116,78,115,0,0,1
79,117,78,116,0,0,1
79,118,78,117,0,0,1
79,119,78,118,0,0,1
79,120,78,119,0,0,1
79,121,78,120,0,0,1
79,122,78,121,0,0,1
79,123,78,122,0,0,1
79,124,78,123,0,0,1
79,125,78,124,0,0,1
79,126,78,125,0,0,1
79,127,78,126,0,0,1
79,128,78,127,0,0,1
79,129,78,128,0,0,1
79,130,78,129,0,0,1
79,131,78,130,0,0,1
79,132,78,131,0,0,1
79,133,78,132,0,0,1
79,134,78,133,0,0,1
79,135,78,134,0,0,1
79,136,78,135,0,0,1
79,137,78,136,0,0,1
79,138,78,137,0,0,1
79,139,78,138,0,0,1
79,140,78,139,0,0,1
79,141,78,140,0,0,1
79,142,78,141,0,0,1
79,143,78,142,0,0,1
79,144,78,143,0,0,1
79,145,78,144,0,0,1
79,146,78,145,0,0,1
79,147,78,146,0,0,1
79,148,78,147,0,0,1
79,149,78,148,0,0,1
79,150,78,149,0,0,1
79,151,78,150,0,0,1
79,152,78,151,0,0,1
79,153,78,152,0,0,1
79,154,78,153,0,0,1
79,155,78,154,0,0,1
79,156,78,155,0,0,1
79,157,78,156,0,0,1
79,158,78,157,0,0,1
79,159,78,158,0,0,1
79,160,78,159,0,0,1
79,161,78,160,0,0,1
79,162,78,161,0,0,1
79,163,78,162,0,0,1
79,164,78,163,0,0,1
79,165,78,164,0,0,1
79,166,78,165,0,0,1
79,167,78,166,0,0,1
79,168,78,167,0,0,1
79,169,78,168,0,0,1
79,170,78,169,0,0,1
79,171,78,170,0,0,1
79,172,78,171,0,0,1
79,173,78,172,0,0,1
79,174,78,173,0,0,1
79,175,78,174,0,0,1
79,176,78,175,0,0,1
79,177,78,176,0,0,1
79,178,78,177,0,0,1
79,179,78,178,0,0,1
79,180,78,179,0,0,1
79,181,78,180,0,0,1
79,182,78,181,0,0,1
79,183,78,182,0,0,1
79,184,78,183,0,0,1
79,185,78,184,0,0,1
79,186,78,185,0,0,1
79,187,78,186,0,0,1
79,188,78,187,0,0,1
79,189,78,188,0,0,1
79,190,78,189,0,0,1
79,191,78,190,0,0,1
79,192,78,191,0,0,1
79,193,78,192,0,0,1
79,194,78,193,0,0,1
79,195,78,194,0,0,1
79,196,78,195,0,0,1
79,197,78,196,0,0,1
79,198,78,197,0,0,1
79,199,78,198,0,0,1
79,200,78,199,0,0,1
79,201,78,200,0,0,1
79,202,78,201,0,0,1
79,203,78,202,0,0,1
79,204,78,203,0,0,1
79,205,78,204,0,0,1
79,206,78,205,0,0,1
79,207,78,206,0,0,1
79,208,78,207,0,0,1
79,209,78,208,0,0,1
79,210,78,209,0,0,1
79,211,78,210,0,0,1
79,212,78,211,0,0,1
79,213,78,212,0,0,1
79,214,78,213,0,0,1
79,215,78,214,0,0,1
79,216,78,215,0,0,1
79,217,78,216,0,0,1
79,218,78,217,0,0,1
79,219,78,218,0,0,1
79,220,78,219,0,0,1
79,221,78,220,0,0,1
79,222,78,221,0,0,1
79,223,78,222,0,0,1
79,224,78,223,0,0,1
79,225,78,228,0,0,1
79,226,78,225,0,0,1
79,227,78,226,0,0,1
79,228,78,227,0,0,1
79,229,78,224,0,0,1
79,230,78,229,0,0,1
79,231,78,230,0,0,1
79,232,78,231,0,0,1
79,233,78,232,0,0,1
79,234,78,233,0,0,1
79,235,78,234,0,0,1
79,236,78,235,0,0,1
79,237,78,236,0,0,1
79,238,78,237,0,0,1
79,239,78,238,0,0,1
79,240,78,239,0,0,1
79,241,78,240,0,0,1
79,242,78,241,0,0,1
79,243,78,242,0,0,1
80,81,79,80,36,35,6
80,82,79,81,35,34,6
80,83,79,82,27,26,6
80,84,79,83,26,23,6
80,85,79,84,26,26,6
80,86,79,85,29,28,6
80,87,79,86,27,26,6
80,88,79,87,22,21,6
80,89,79,88,27,24,6
80,90,79,89,23,23,6
80,91,79,90,24,23,6
80,92,79,91,22,22,6
80,93,79,92,18,17,6
80,94,79,93,17,16,6
80,95,79,94,20,18,6
80,96,79,95,0,0,1
80,97,79,96,0,0,1
80,98,79,97,0,0,1
80,99,79,98,0,0,1
80,100,79,99,0,0,1
80,101,79,100,0,0,1
80,102,79,101,0,0,1
80,103,79,102,0,0,1
80,104,79,103,0,0,1
80,105,79,104,0,0,1
80,106,79,105,0,0,1
80,107,79,106,0,0,1
80,108,79,107,0,0,1
80,109,79,108,0,0,1
80,110,79,109,0,0,1
80,111,79,110,0,0,1
80,112,79,111,0,0,1
80,113,79,112,0,0,1
80,114,79,113,0,0,1
80,115,79,114,0,0,1
80,116,79,115,0,0,1
80,117,79,116,0,0,1
80,118,79,117,0,0,1
80,119,79,118,0,0,1
80,120,79,119,0,0,1
80,121,79,120,0,0,1
80,122,79,121,0,0,1
80,123,79,122,0,0,1
80,124,79,123,0,0,1
80,125,79,124,0,0,1
80,126,79,125,0,0,1
80,127,79,126,0,0,1
80,128,79,127,0,0,1
80,129,79,128,0,0,1
80,130,79,129,0,0,1
80,131,79,130,0,0,1
80,132,79,131,0,0,1
80,133,79,132,0,0,1
80,134,79,133,0,0,1
80,135,79,134,0,0,1
80,136,79,135,0,0,1
80,137,79,136,0,0,1
80,138,79,137,0,0,1
80,139,79,138,0,0,1
80,140,79,139,0,0,1
80,141,79,140,0,0,1
80,142,79,141,0,0,1
80,143,79,142,0,0,1
80,144,79,143,0,0,1
80,145,79,144,0,0,1
80,146,79,145,0,0,1
80,147,79,146,0,0,1
80,148,79,147,0,0,1
80,149,79,148,0,0,1
80,150,79,149,0,0,1
80,151,79,150,0,0,1
80,152,79,151,0,0,1
80,153,79,152,0,0,1
80,154,79,153,0,0,1
80,155,79,154,0,0,1
80,156,79,155,0,0,1
80,157,79,156,0,0,1
80,158,79,157,0,0,1
80,159,79,158,0,0,1
80,160,79,159,0,0,1
80,161,79,160,0,0,1
80,162,79,161,0,0,1
80,163,79,162,0,0,1
80,164,79,163,0,0,1
80,165,79,164,0,0,1
80,166,79,165,0,0,1
80,167,79,166,0,0,1
80,168,79,167,0,0,1
80,169,79,168,0,0,1
80,170,79,169,0,0,1
80,171,79,170,0,0,1
80,172,79,171,0,0,1
80,173,79,172,0,0,1
80,174,79,173,0,0,1
80,175,79,174,0,0,1
80,176,79,175,0,0,1
80,177,79,176,0,0,1
80,178,79,177,0,0,1
80,179,79,178,0,0,1
80,180,79,179,0,0,1
80,181,79,180,0,0,1
80,182,79,181,0,0,1
80,183,79,182,0,0,1
80,184,79,183,0,0,1
80,185,79,184,0,0,1
80,186,79,185,0,0,1
80,187,79,186,0,0,1
80,188,79,187,0,0,1
80,189,79,188,0,0,1
80,190,79,189,0,0,1
80,191,79,190,0,0,1
80,192,79,191,0,0,1
80,193,79,192,0,0,1
80,194,79,193,0,0,1
80,195,79,194,0,0,1
80,196,79,195,0,0,1
80,197,79,196,0,0,1
80,198,79,197,0,0,1
80,199,79,198,0,0,1
80,200,79,199,0,0,1
80,201,79,200,0,0,1
80,202,79,201,0,0,1
80,203,79,202,0,0,1
80,204,79,203,0,0,1
80,205,79,204,0,0,1
80,206,79,205,0,0,1
80,207,79,206,0,0,1
80,208,79,207,0,0,1
80,209,79,208,0,0,1
80,210,79,209,0,0,1
80,211,79,210,0,0,1
80,212,79,211,0,0,1
80,213,79,212,0,0,1
80,214,79,213,0,0,1
80,215,79,214,0,0,1
80,216,79,215,0,0,1
80,217,79,216,0,0,1
80,218,79,217,0,0,1
80,219,79,218,0,0,1
80,220,79,219,0,0,1
80,221,79,220,0,0,1
80,222,79,221,0,0,1
80,223,79,222,0,0,1
80,224,79,223,0,0,1
80,225,79,228,0,0,1
80,226,79,225,0,0,1
80,227,79,226,0,0,1
80,228,79,227,0,0,1
80,229,79,224,0,0,1
80,230,79,229,0,0,1
80,231,79,230,0,0,1
80,232,79,231,0,0,1
80,233,79,232,0,0,1
80,234,79,233,0,0,1
80,235,79,234,0,0,1
80,236,79,235,0,0,1
80,237,79,236,0,0,1
80,238,79,237,0,0,1
80,239,79,238,0,0,1
80,240,79,239,0,0,1
80,241,79,240,0,0,1
80,242,79,241,0,0,1
80,243,79,242,0,0,1
81,82,80,81,39,39,6
81,83,80,82,30,30,6
81,84,80,83,28,27,6
81,85,80,84,29,29,6
81,86,80,85,31,30,6
81,87,80,86,28,28,6
81,88,80,87,20,19,6
81,89,80,88,29,28,6
81,90,80,89,27,27,6
81,91,80,90,23,22,6
81,92,80,91,22,22,6
81,93,80,92,16,15,6
81,94,80,93,16,16,6
81,95,80,94,19,18,6
81,96,80,95,0,0,1
81,97,80,96,15,0,1
81,98,80,97,0,0,1
81,99,80,98,15,15,3
81,100,80,99,0,0,1
81,101,80,100,0,0,1
81,102,80,101,0,0,1
81,103,80,102,0,0,1
81,104,80,103,0,0,1
81,105,80,104,0,0,1
81,106,80,105,0,0,1
81,107,80,106,0,0,1
81,108,80,107,0,0,1
81,109,80,108,0,0,1
81,110,80,109,0,0,1
81,111,80,110,0,0,1
81,112,80,111,0,0,1
81,113,80,112,0,0,1
81,114,80,113,0,0,1
81,115,80,114,0,0,1
81,116,80,115,0,0,1
81,117,80,116,0,0,1
81,118,80,117,0,0,1
81,119,80,118,0,0,1
81,120,80,119,0,0,1
81,121,80,120,0,0,1
81,122,80,121,0,0,1
81,123,80,122,0,0,1
81,124,80,123,0,0,1
81,125,80,124,0,0,1
81,126,80,125,0,0,1
81,127,80,126,0,0,1
81,128,80,127,0,0,1
81,129,80,128,0,0,1
81,130,80,129,0,0,1
81,131,80,130,0,0,1
81,132,80,131,0,0,1
81,133,80,132,0,0,1
81,134,80,133,0,0,1
81,135,80,134,0,0,1
81,136,80,135,0,0,1
81,137,80,136,0,0,1
81,138,80,137,0,0,1
81,139,80,138,0,0,1
81,140,80,139,0,0,1
81,141,80,140,0,0,1
81,142,80,141,0,0,1
81,143,80,142,0,0,1
81,144,80,143,0,0,1
81,145,80,144,0,0,1
81,146,80,145,0,0,1
81,147,80,146,0,0,1
81,148,80,147,0,0,1
81,149,80,148,0,0,1
81,150,80,149,0,0,1
81,151,80,150,0,0,1
81,152,80,151,0,0,1
81,153,80,152,0,0,1
81,154,80,153,0,0,1
81,155,80,154,0,0,1
81,156,80,155,0,0,1
81,157,80,156,0,0,1
81,158,80,157,0,0,1
81,159,80,158,0,0,1
81,160,80,159,0,0,1
81,161,80,160,0,0,1
81,162,80,161,0,0,1
81,163,80,162,0,0,1
81,164,80,163,0,0,1
81,165,80,164,0,0,1
81,166,80,165,0,0,1
81,167,80,166,0,0,1
81,168,80,167,0,0,1
81,169,80,168,0,0,1
81,170,80,169,0,0,1
81,171,80,170,0,0,1
81,172,80,171,0,0,1
81,173,80,172,0,0,1
81,174,80,173,0,0,1
81,175,80,174,0,0,1
81,176,80,175,0,0,1
81,177,80,176,0,0,1
81,178,80,177,0,0,1
81,179,80,178,0,0,1
81,180,80,179,0,0,1
81,181,80,180,0,0,1
81,182,80,181,0,0,1
81,183,80,182,0,0,1
81,184,80,183,0,0,1
81,185,80,184,0,0,1
81,186,80,185,0,0,1
81,187,80,186,0,0,1
81,188,80,187,0,0,1
81,189,80,188,0,0,1
81,190,80,189,0,0,1
81,191,80,190,0,0,1
81,192,80,191,0,0,1
81,193,80,192,0,0,1
81,194,80,193,0,0,1
81,195,80,194,0,0,1
81,196,80,195,0,0,1
81,197,80,196,0,0,1
81,198,80,197,0,0,1
81,199,80,198,0,0,1
81,200,80,199,0,0,1
81,201,80,200,0,0,1
81,202,80,201,0,0,1
81,203,80,202,0,0,1
81,204,80,203,0,0,1
81,205,80,204,0,0,1
81,206,80,205,0,0,1
81,207,80,206,0,0,1
81,208,80,207,0,0,1
81,209,80,208,0,0,1
81,210,80,209,0,0,1
81,211,80,210,0,0,1
81,212,80,211,0,0,1
81,213,80,212,0,0,1
81,214,80,213,0,0,1
81,215,80,214,0,0,1
81,216,80,215,0,0,1
81,217,80,216,0,0,1
81,218,80,217,0,0,1
81,219,80,218,0,0,1
81,220,80,219,0,0,1
81,221,80,220,0,0,1
81,222,80,221,0,0,1
81,223,80,222,0,0,1
81,224,80,223,0,0,1
81,225,80,228,0,0,1
81,226,80,225,0,0,1
81,227,80,226,0,0,1
81,228,80,227,0,0,1
81,229,80,224,0,0,1
81,230,80,229,0,0,1
81,231,80,230,0,0,1
81,232,80,231,0,0,1
81,233,80,232,0,0,1
81,234,80,233,0,0,1
81,235,80,234,0,0,1
81,236,80,235,0,0,1
81,237,80,236,0,0,1
81,238,80,237,0,0,1
81,239,80,238,0,0,1
81,240,80,239,0,0,1
81,241,80,240,0,0,1
81,242,80,241,0,0,1
81,243,80,242,0,0,1
82,83,81,82,42,42,7
82,84,81,83,35,34,6
82,85,81,84,40,40,6
82,86,81,85,37,37,6
82,87,81,86,39,39,6
82,88,81,87,24,24,6
82,89,81,88,36,35,6
82,90,81,89,33,33,6
82,91,81,90,32,32,6
82,92,81,91,30,30,6
82,93,81,92,18,18,6
82,94,81,93,16,16,6
82,95,81,94,18,18,6
82,96,81,95,17,15,6
82,97,81,96,15,0,1
82,98,81,97,0,0,1
82,99,81,98,0,0,1
82,100,81,99,0,0,1
82,101,81,100,0,0,1
82,102,81,101,0,0,1
82,103,81,102,0,0,1
82,104,81,103,0,0,1
82,105,81,104,0,0,1
82,106,81,105,0,0,1
82,107,81,106,0,0,1
82,108,81,107,0,0,1
82,109,81,108,0,0,1
82,110,81,109,0,0,1
82,111,81,110,0,0,1
82,112,81,111,0,0,1
82,113,81,112,0,0,1
82,114,81,113,0,0,1
82,115,81,114,0,0,1
82,116,81,115,0,0,1
82,117,81,116,0,0,1
82,118,81,117,0,0,1
82,119,81,118,0,0,1
82,120,81,119,0,0,1
82,121,81,120,0,0,1
82,122,81,121,0,0,1
82,123,81,122,0,0,1
82,124,81,123,0,0,1
82,125,81,124,0,0,1
82,126,81,125,0,0,1
82,127,81,126,0,0,1
82,128,81,127,0,0,1
82,129,81,128,0,0,1
82,130,81,129,0,0,1
82,131,81,130,0,0,1
82,132,81,131,0,0,1
82,133,81,132,0,0,1
82,134,81,133,0,0,1
82,135,81,134,0,0,1
82,136,81,135,0,0,1
82,137,81,136,0,0,1
82,138,81,137,0,0,1
82,139,81,138,0,0,1
82,140,81,139,0,0,1
82,141,81,140,0,0,1
82,142,81,141,0,0,1
82,143,81,142,0,0,1
82,144,81,143,0,0,1
82,145,81,144,0,0,1
82,146,81,145,0,0,1
82,147,81,146,0,0,1
82,148,81,147,0,0,1
82,149,81,148,0,0,1
82,150,81,149,0,0,1
82,151,81,150,0,0,1
82,152,81,151,0,0,1
82,153,81,152,0,0,1
82,154,81,153,0,0,1
82,155,81,154,0,0,1
82,156,81,155,0,0,1
82,157,81,156,0,0,1
82,158,81,157,0,0,1
82,159,81,158,0,0,1
82,160,81,159,0,0,1
82,161,81,160,0,0,1
82,162,81,161,0,0,1
82,163,81,162,0,0,1
82,164,81,163,0,0,1
82,165,81,164,0,0,1
82,166,81,165,0,0,1
82,167,81,166,0,0,1
82,168,81,167,0,0,1
82,169,81,168,0,0,1
82,170,81,169,0,0,1
82,171,81,170,0,0,1
82,172,81,171,0,0,1
82,173,81,172,0,0,1
82,174,81,173,0,0,1
82,175,81,174,0,0,1
82,176,81,175,0,0,1
82,177,81,176,0,0,1
82,178,81,177,0,0,1
82,179,81,178,0,0,1
82,180,81,179,0,0,1
82,181,81,180,0,0,1
82,182,81,181,0,0,1
82,183,81,182,0,0,1
82,184,81,183,0,0,1
82,185,81,184,0,0,1
82,186,81,185,0,0,1
82,187,81,186,0,0,1
82,188,81,187,0,0,1
82,189,81,188,0,0,1
82,190,81,189,0,0,1
82,191,81,190,0,0,1
82,192,81,191,0,0,1
82,193,81,192,0,0,1
82,194,81,193,0,0,1
82,195,81,194,0,0,1
82,196,81,195,0,0,1
82,197,81,196,0,0,1
82,198,81,197,0,0,1
82,199,81,198,0,0,1
82,200,81,199,0,0,1
82,201,81,200,0,0,1
82,202,81,201,0,0,1
82,203,81,202,0,0,1
82,204,81,203,0,0,1
82,205,81,204,0,0,1
82,206,81,205,0,0,1
82,207,81,206,0,0,1
82,208,81,207,0,0,1
82,209,81,208,0,0,1
82,210,81,209,0,0,1
82,211,81,210,0,0,1
82,212,81,211,0,0,1
82,213,81,212,0,0,1
82,214,81,213,0,0,1
82,215,81,214,0,0,1
82,216,81,215,0,0,1
82,217,81,216,0,0,1
82,218,81,217,0,0,1
82,219,81,218,0,0,1
82,220,81,219,0,0,1
82,221,81,220,0,0,1
82,222,81,221,0,0,1
82,223,81,222,0,0,1
82,224,81,223,0,0,1
82,225,81,228,0,0,1
82,226,81,225,0,0,1
82,227,81,226,0,0,1
82,228,81,227,0,0,1
82,229,81,224,0,0,1
82,230,81,229,0,0,1
82,231,81,230,0,0,1
82,232,81,231,0,0,1
82,233,81,232,0,0,1
82,234,81,233,0,0,1
82,235,81,234,0,0,1
82,236,81,235,0,0,1
82,237,81,236,0,0,1
82,238,81,237,0,0,1
82,239,81,238,0,0,1
82,240,81,239,0,0,1
82,241,81,240,0,0,1
82,242,81,241,0,0,1
82,243,81,242,0,0,1
83,84,82,83,40,40,7
83,85,82,84,37,37,7
83,86,82,85,33,32,6
83,87,82,86,38,38,7
83,88,82,87,24,24,6
83,89,82,88,31,31,7
83,90,82,89,32,32,7
83,91,82,90,29,29,6
83,92,82,91,24,24,6
83,93,82,92,0,0,1
83,94,82,93,17,0,1
83,95,82,94,17,17,6
83,96,82,95,0,0,1
83,97,82,96,15,15,6
83,98,82,97,0,0,1
83,99,82,98,0,0,1
83,100,82,99,0,0,1
83,101,82,100,0,0,1
83,102,82,101,0,0,1
83,103,82,102,0,0,1
83,104,82,103,0,0,1
83,105,82,104,0,0,1
83,106,82,105,0,0,1
83,107,82,106,0,0,1
83,108,82,107,0,0,1
83,109,82,108,0,0,1
83,110,82,109,0,0,1
83,111,82,110,0,0,1
83,112,82,111,0,0,1
83,113,82,112,0,0,1
83,114,82,113,0,0,1
83,115,82,114,0,0,1
83,116,82,115,0,0,1
83,117,82,116,0,0,1
83,118,82,117,0,0,1
83,119,82,118,0,0,1
83,120,82,119,0,0,1
83,121,82,120,0,0,1
83,122,82,121,0,0,1
83,123,82,122,0,0,1
83,124,82,123,0,0,1
83,125,82,124,0,0,1
83,126,82,125,0,0,1
83,127,82,126,0,0,1
83,128,82,127,0,0,1
83,129,82,128,0,0,1
83,130,82,129,0,0,1
83,131,82,130,0,0,1
83,132,82,131,0,0,1
83,133,82,132,0,0,1
83,134,82,133,0,0,1
83,135,82,134,0,0,1
83,136,82,135,0,0,1
83,137,82,136,0,0,1
83,138,82,137,0,0,1
83,139,82,138,0,0,1
83,140,82,139,0,0,1
83,141,82,140,0,0,1
83,142,82,141,0,0,1
83,143,82,142,0,0,1
83,144,82,143,0,0,1
83,145,82,144,0,0,1
83,146,82,145,0,0,1
83,147,82,146,0,0,1
83,148,82,147,0,0,1
83,149,82,148,0,0,1
83,150,82,149,0,0,1
83,151,82,150,0,0,1
83,152,82,151,0,0,1
83,153,82,152,0,0,1
83,154,82,153,0,0,1
83,155,82,154,0,0,1
83,156,82,155,0,0,1
83,157,82,156,0,0,1
83,158,82,157,0,0,1
83,159,82,158,0,0,1
83,160,82,159,0,0,1
83,161,82,160,0,0,1
83,162,82,161,0,0,1
83,163,82,162,0,0,1
83,164,82,163,0,0,1
83,165,82,164,0,0,1
83,166,82,165,0,0,1
83,167,82,166,0,0,1
83,168,82,167,0,0,1
83,169,82,168,0,0,1
83,170,82,169,0,0,1
83,171,82,170,0,0,1
83,172,82,171,0,0,1
83,173,82,172,0,0,1
83,174,82,173,0,0,1
83,175,82,174,0,0,1
83,176,82,175,0,0,1
83,177,82,176,0,0,1
83,178,82,177,0,0,1
83,179,82,178,0,0,1
83,180,82,179,0,0,1
83,181,82,180,0,0,1
83,182,82,181,0,0,1
83,183,82,182,0,0,1
83,184,82,183,0,0,1
83,185,82,184,0,0,1
83,186,82,185,0,0,1
83,187,82,186,0,0,1
83,188,82,187,0,0,1
83,189,82,188,0,0,1
83,190,82,189,0,0,1
83,191,82,190,0,0,1
83,192,82,191,0,0,1
83,193,82,192,0,0,1
83,194,82,193,0,0,1
83,195,82,194,0,0,1
83,196,82,195,0,0,1
83,197,82,196,0,0,1
83,198,82,197,0,0,1
83,199,82,198,0,0,1
83,200,82,199,0,0,1
83,201,82,200,0,0,1
83,202,82,201,0,0,1
83,203,82,202,0,0,1
83,204,82,203,0,0,1
83,205,82,204,0,0,1
83,206,82,205,0,0,1
83,207,82,206,0,0,1
83,208,82,207,0,0,1
83,209,82,208,0,0,1
83,210,82,209,0,0,1
83,211,82,210,0,0,1
83,212,82,211,0,0,1
83,213,82,212,0,0,1
83,214,82,213,0,0,1
83,215,82,214,0,0,1
83,216,82,215,0,0,1
83,217,82,216,0,0,1
83,218,82,217,0,0,1
83,219,82,218,0,0,1
83,220,82,219,0,0,1
83,221,82,220,0,0,1
83,222,82,221,0,0,1
83,223,82,222,0,0,1
83,224,82,223,0,0,1
83,225,82,228,0,0,1
83,226,82,225,0,0,1
83,227,82,226,0,0,1
83,228,82,227,0,0,1
83,229,82,224,0,0,1
83,230,82,229,0,0,1
83,231,82,230,0,0,1
83,232,82,231,0,0,1
83,233,82,232,0,0,1
83,234,82,233,0,0,1
83,235,82,234,0,0,1
83,236,82,235,0,0,1
83,237,82,236,0,0,1
83,238,82,237,0,0,1
83,239,82,238,0,0,1
83,240,82,239,0,0,1
83,241,82,240,0,0,1
83,242,82,241,0,0,1
83,243,82,242,0,0,1
84,85,83,84,41,40,6
84,86,83,85,31,31,6
84,87,83,86,33,33,6
84,88,83,87,28,28,6
84,89,83,88,29,29,6
84,90,83,89,29,29,6
84,91,83,90,28,28,6
84,92,83,91,22,22,6
84,93,83,92,18,18,6
84,94,83,93,18,17,6
84,95,83,94,19,19,6
84,96,83,95,15,15,6
84,97,83,96,15,15,6
84,98,83,97,0,0,1
84,99,83,98,0,0,1
84,100,83,99,0,0,1
84,101,83,100,0,0,1
84,102,83,101,0,0,1
84,103,83,102,0,0,1
84,104,83,103,0,0,1
84,105,83,104,0,0,1
84,106,83,105,0,0,1
84,107,83,106,0,0,1
84,108,83,107,0,0,1
84,109,83,108,0,0,1
84,110,83,109,0,0,1
84,111,83,110,0,0,1
84,112,83,111,0,0,1
84,113,83,112,0,0,1
84,114,83,113,0,0,1
84,115,83,114,0,0,1
84,116,83,115,0,0,1
84,117,83,116,0,0,1
84,118,83,117,0,0,1
84,119,83,118,0,0,1
84,120,83,119,0,0,1
84,121,83,120,0,0,1
84,122,83,121,0,0,1
84,123,83,122,0,0,1
84,124,83,123,0,0,1
84,125,83,124,0,0,1
84,126,83,125,0,0,1
84,127,83,126,0,0,1
84,128,83,127,0,0,1
84,129,83,128,0,0,1
84,130,83,129,0,0,1
84,131,83,130,0,0,1
84,132,83,131,0,0,1
84,133,83,132,0,0,1
84,134,83,133,0,0,1
84,135,83,134,0,0,1
84,136,83,135,0,0,1
84,137,83,136,0,0,1
84,138,83,137,0,0,1
84,139,83,138,0,0,1
84,140,83,139,0,0,1
84,141,83,140,0,0,1
84,142,83,141,0,0,1
84,143,83,142,0,0,1
84,144,83,143,0,0,1
84,145,83,144,0,0,1
84,146,83,145,0,0,1
84,147,83,146,0,0,1
84,148,83,147,0,0,1
84,149,83,148,0,0,1
84,150,83,149,0,0,1
84,151,83,150,0,0,1
84,152,83,151,0,0,1
84,153,83,152,0,0,1
84,154,83,153,0,0,1
84,155,83,154,0,0,1
84,156,83,155,0,0,1
84,157,83,156,0,0,1
84,158,83,157,0,0,1
84,159,83,158,0,0,1
84,160,83,159,0,0,1
84,161,83,160,0,0,1
84,162,83,161,0,0,1
84,163,83,162,0,0,1
84,164,83,163,0,0,1
84,165,83,164,0,0,1
84,166,83,165,0,0,1
84,167,83,166,0,0,1
84,168,83,167,0,0,1
84,169,83,168,0,0,1
84,170,83,169,0,0,1
84,171,83,170,0,0,1
84,172,83,171,0,0,1
84,173,83,172,0,0,1
84,174,83,173,0,0,1
84,175,83,174,0,0,1
84,176,83,175,0,0,1
84,177,83,176,0,0,1
84,178,83,177,0,0,1
84,179,83,178,0,0,1
84,180,83,179,0,0,1
84,181,83,180,0,0,1
84,182,83,181,0,0,1
84,183,83,182,0,0,1
84,184,83,183,0,0,1
84,185,83,184,0,0,1
84,186,83,185,0,0,1
84,187,83,186,0,0,1
84,188,83,187,0,0,1
84,189,83,188,0,0,1
84,190,83,189,0,0,1
84,191,83,190,0,0,1
84,192,83,191,0,0,1
84,193,83,192,0,0,1
84,194,83,193,0,0,1
84,195,83,194,0,0,1
84,196,83,195,0,0,1
84,197,83,196,0,0,1
84,198,83,197,0,0,1
84,199,83,198,0,0,1
84,200,83,199,0,0,1
84,201,83,200,0,0,1
84,202,83,201,0,0,1
84,203,83,202,0,0,1
84,204,83,203,0,0,1
84,205,83,204,0,0,1
84,206,83,205,0,0,1
84,207,83,206,0,0,1
84,208,83,207,0,0,1
84,209,83,208,0,0,1
84,210,83,209,0,0,1
84,211,83,210,0,0,1
84,212,83,211,0,0,1
84,213,83,212,0,0,1
84,214,83,213,0,0,1
84,215,83,214,0,0,1
84,216,83,215,0,0,1
84,217,83,216,0,0,1
84,218,83,217,0,0,1
84,219,83,218,0,0,1
84,220,83,219,0,0,1
84,221,83,220,0,0,1
84,222,83,221,0,0,1
84,223,83,222,0,0,1
84,224,83,223,0,0,1
84,225,83,228,0,0,1
84,226,83,225,0,0,1
84,227,83,226,0,0,1
84,228,83,227,0,0,1
84,229,83,224,0,0,1
84,230,83,229,0,0,1
84,231,83,230,0,0,1
84,232,83,231,0,0,1
84,233,83,232,0,0,1
84,234,83,233,0,0,1
84,235,83,234,0,0,1
84,236,83,235,0,0,1
84,237,83,236,0,0,1
84,238,83,237,0,0,1
84,239,83,238,0,0,1
84,240,83,239,0,0,1
84,241,83,240,0,0,1
84,242,83,241,0,0,1
84,243,83,242,0,0,1
85,86,84,85,33,33,6
85,87,84,86,30,30,6
85,88,84,87,30,30,6
85,89,84,88,29,29,6
85,90,84,89,28,28,6
85,91,84,90,29,29,6
85,92,84,91,22,22,6
85,93,84,92,0,0,1
85,94,84,93,17,17,6
85,95,84,94,16,16,6
85,96,84,95,0,0,1
85,97,84,96,0,0,1
85,98,84,97,0,0,1
85,99,84,98,17,0,1
85,100,84,99,0,0,1
85,101,84,100,0,0,1
85,102,84,101,0,0,1
85,103,84,102,0,0,1
85,104,84,103,0,0,1
85,105,84,104,0,0,1
85,106,84,105,0,0,1
85,107,84,106,0,0,1
85,108,84,107,0,0,1
85,109,84,108,0,0,1
85,110,84,109,0,0,1
85,111,84,110,0,0,1
85,112,84,111,0,0,1
85,113,84,112,0,0,1
85,114,84,113,0,0,1
85,115,84,114,0,0,1
85,116,84,115,0,0,1
85,117,84,116,0,0,1
85,118,84,117,0,0,1
85,119,84,118,0,0,1
85,120,84,119,0,0,1
85,121,84,120,0,0,1
85,122,84,121,0,0,1
85,123,84,122,0,0,1
85,124,84,123,0,0,1
85,125,84,124,0,0,1
85,126,84,125,0,0,1
85,127,84,126,0,0,1
85,128,84,127,0,0,1
85,129,84,128,0,0,1
85,130,84,129,0,0,1
85,131,84,130,0,0,1
85,132,84,131,0,0,1
85,133,84,132,0,0,1
85,134,84,133,0,0,1
85,135,84,134,0,0,1
85,136,84,135,0,0,1
85,137,84,136,0,0,1
85,138,84,137,0,0,1
85,139,84,138,0,0,1
85,140,84,139,0,0,1
85,141,84,140,0,0,1
85,142,84,141,0,0,1
85,143,84,142,0,0,1
85,144,84,143,0,0,1
85,145,84,144,0,0,1
85,146,84,145,0,0,1
85,147,84,146,0,0,1
85,148,84,147,0,0,1
85,149,84,148,0,0,1
85,150,84,149,0,0,1
85,151,84,150,0,0,1
85,152,84,151,0,0,1
85,153,84,152,0,0,1
85,154,84,153,0,0,1
85,155,84,154,0,0,1
85,156,84,155,0,0,1
85,157,84,156,0,0,1
85,158,84,157,0,0,1
85,159,84,158,0,0,1
85,160,84,159,0,0,1
85,161,84,160,0,0,1
85,162,84,161,0,0,1
85,163,84,162,0,0,1
85,164,84,163,0,0,1
85,165,84,164,0,0,1
85,166,84,165,0,0,1
85,167,84,166,0,0,1
85,168,84,167,0,0,1
85,169,84,168,0,0,1
85,170,84,169,0,0,1
85,171,84,170,0,0,1
85,172,84,171,0,0,1
85,173,84,172,0,0,1
85,174,84,173,0,0,1
85,175,84,174,0,0,1
85,176,84,175,0,0,1
85,177,84,176,0,0,1
85,178,84,177,0,0,1
85,179,84,178,0,0,1
85,180,84,179,0,0,1
85,181,84,180,0,0,1
85,182,84,181,0,0,1
85,183,84,182,0,0,1
85,184,84,183,0,0,1
85,185,84,184,0,0,1
85,186,84,185,0,0,1
85,187,84,186,0,0,1
85,188,84,187,0,0,1
85,189,84,188,0,0,1
85,190,84,189,0,0,1
85,191,84,190,0,0,1
85,192,84,191,0,0,1
85,193,84,192,0,0,1
85,194,84,193,0,0,1
85,195,84,194,0,0,1
85,196,84,195,0,0,1
85,197,84,196,0,0,1
85,198,84,197,0,0,1
85,199,84,198,0,0,1
85,200,84,199,0,0,1
85,201,84,200,0,0,1
85,202,84,201,0,0,1
85,203,84,202,0,0,1
85,204,84,203,0,0,1
85,205,84,204,0,0,1
85,206,84,205,0,0,1
85,207,84,206,0,0,1
85,208,84,207,0,0,1
85,209,84,208,0,0,1
85,210,84,209,0,0,1
85,211,84,210,0,0,1
85,212,84,211,0,0,1
85,213,84,212,0,0,1
85,214,84,213,0,0,1
85,215,84,214,0,0,1
85,216,84,215,0,0,1
85,217,84,216,0,0,1
85,218,84,217,0,0,1
85,219,84,218,0,0,1
85,220,84,219,0,0,1
85,221,84,220,0,0,1
85,222,84,221,0,0,1
85,223,84,222,0,0,1
85,224,84,223,0,0,1
85,225,84,228,0,0,1
85,226,84,225,0,0,1
85,227,84,226,0,0,1
85,228,84,227,0,0,1
85,229,84,224,0,0,1
85,230,84,229,0,0,1
85,231,84,230,0,0,1
85,232,84,231,0,0,1
85,233,84,232,0,0,1
85,234,84,233,0,0,1
85,235,84,234,0,0,1
85,236,84,235,0,0,1
85,237,84,236,0,0,1
85,238,84,237,0,0,1
85,239,84,238,0,0,1
85,240,84,239,0,0,1
85,241,84,240,0,0,1
85,242,84,241,0,0,1
85,243,84,242,0,0,1
86,87,85,86,38,37,6
86,88,85,87,30,30,6
86,89,85,88,30,28,6
86,90,85,89,24,24,6
86,91,85,90,26,26,6
86,92,85,91,23,23,6
86,93,85,92,18,18,6
86,94,85,93,19,18,6
86,95,85,94,19,19,6
86,96,85,95,18,18,6
86,97,85,96,17,16,6
86,98,85,97,0,0,1
86,99,85,98,0,0,1
86,100,85,99,0,0,1
86,101,85,100,0,0,1
86,102,85,101,0,0,1
86,103,85,102,0,0,1
86,104,85,103,0,0,1
86,105,85,104,0,0,1
86,106,85,105,0,0,1
86,107,85,106,0,0,1
86,108,85,107,0,0,1
86,109,85,108,0,0,1
86,110,85,109,0,0,1
86,111,85,110,0,0,1
86,112,85,111,0,0,1
86,113,85,112,0,0,1
86,114,85,113,0,0,1
86,115,85,114,0,0,1
86,116,85,115,0,0,1
86,117,85,116,0,0,1
86,118,85,117,0,0,1
86,119,85,118,0,0,1
86,120,85,119,0,0,1
86,121,85,120,0,0,1
86,122,85,121,0,0,1
86,123,85,122,0,0,1
86,124,85,123,0,0,1
86,125,85,124,0,0,1
86,126,85,125,0,0,1
86,127,85,126,0,0,1
86,128,85,127,0,0,1
86,129,85,128,0,0,1
86,130,85,129,0,0,1
86,131,85,130,0,0,1
86,132,85,131,0,0,1
86,133,85,132,0,0,1
86,134,85,133,0,0,1
86,135,85,134,0,0,1
86,136,85,135,0,0,1
86,137,85,136,0,0,1
86,138,85,137,0,0,1
86,139,85,138,0,0,1
86,140,85,139,0,0,1
86,141,85,140,0,0,1
86,142,85,141,0,0,1
86,143,85,142,0,0,1
86,144,85,143,0,0,1
86,145,85,144,0,0,1
86,146,85,145,0,0,1
86,147,85,146,0,0,1
86,148,85,147,0,0,1
86,149,85,148,0,0,1
86,150,85,149,0,0,1
86,151,85,150,0,0,1
86,152,85,151,0,0,1
86,153,85,152,0,0,1
86,154,85,153,0,0,1
86,155,85,154,0,0,1
86,156,85,155,0,0,1
86,157,85,156,0,0,1
86,158,85,157,0,0,1
86,159,85,158,0,0,1
86,160,85,159,0,0,1
86,161,85,160,0,0,1
86,162,85,161,0,0,1
86,163,85,162,0,0,1
86,164,85,163,0,0,1
86,165,85,164,0,0,1
86,166,85,165,0,0,1
86,167,85,166,0,0,1
86,168,85,167,0,0,1
86,169,85,168,0,0,1
86,170,85,169,0,0,1
86,171,85,170,0,0,1
86,172,85,171,0,0,1
86,173,85,172,0,0,1
86,174,85,173,0,0,1
86,175,85,174,0,0,1
86,176,85,175,0,0,1
86,177,85,176,0,0,1
86,178,85,177,0,0,1
86,179,85,178,0,0,1
86,180,85,179,0,0,1
86,181,85,180,0,0,1
86,182,85,181,0,0,1
86,183,85,182,0,0,1
86,184,85,183,0,0,1
86,185,85,184,0,0,1
86,186,85,185,0,0,1
86,187,85,186,0,0,1
86,188,85,187,0,0,1
86,189,85,188,0,0,1
86,190,85,189,0,0,1
86,191,85,190,0,0,1
86,192,85,191,0,0,1
86,193,85,192,0,0,1
86,194,85,193,0,0,1
86,195,85,194,0,0,1
86,196,85,195,0,0,1
86,197,85,196,0,0,1
86,198,85,197,0,0,1
86,199,85,198,0,0,1
86,200,85,199,0,0,1
86,201,85,200,0,0,1
86,202,85,201,0,0,1
86,203,85,202,0,0,1
86,204,85,203,0,0,1
86,205,85,204,0,0,1
86,206,85,205,0,0,1
86,207,85,206,0,0,1
86,208,85,207,0,0,1
86,209,85,208,0,0,1
86,210,85,209,0,0,1
86,211,85,210,0,0,1
86,212,85,211,0,0,1
86,213,85,212,0,0,1
86,214,85,213,0,0,1
86,215,85,214,0,0,1
86,216,85,215,0,0,1
86,217,85,216,0,0,1
86,218,85,217,0,0,1
86,219,85,218,0,0,1
86,220,85,219,0,0,1
86,221,85,220,0,0,1
86,222,85,221,0,0,1
86,223,85,222,0,0,1
86,224,85,223,0,0,1
86,225,85,228,0,0,1
86,226,85,225,0,0,1
86,227,85,226,0,0,1
86,228,85,227,0,0,1
86,229,85,224,0,0,1
86,230,85,229,0,0,1
86,231,85,230,0,0,1
86,232,85,231,0,0,1
86,233,85,232,0,0,1
86,234,85,233,0,0,1
86,235,85,234,0,0,1
86,236,85,235,0,0,1
86,237,85,236,0,0,1
86,238,85,237,0,0,1
86,239,85,238,0,0,1
86,240,85,239,0,0,1
86,241,85,240,0,0,1
86,242,85,241,0,0,1
86,243,85,242,0,0,1
87,88,86,87,29,29,6
87,89,86,88,37,37,6
87,90,86,89,29,29,6
87,91,86,90,28,28,6
87,92,86,91,26,26,6
87,93,86,92,19,19,6
87,94,86,93,18,18,6
87,95,86,94,20,20,6
87,96,86,95,16,0,1
87,97,86,96,17,16,6
87,98,86,97,16,15,6
87,99,86,98,17,17,3
87,100,86,99,0,0,1
87,101,86,100,0,0,1
87,102,86,101,0,0,1
87,103,86,102,0,0,1
87,104,86,103,0,0,1
87,105,86,104,0,0,1
87,106,86,105,0,0,1
87,107,86,106,0,0,1
87,108,86,107,0,0,1
87,109,86,108,0,0,1
87,110,86,109,0,0,1
87,111,86,110,0,0,1
87,112,86,111,0,0,1
87,113,86,112,0,0,1
87,114,86,113,0,0,1
87,115,86,114,0,0,1
87,116,86,115,0,0,1
87,117,86,116,0,0,1
87,118,86,117,0,0,1
87,119,86,118,0,0,1
87,120,86,119,0,0,1
87,121,86,120,0,0,1
87,122,86,121,0,0,1
87,123,86,122,0,0,1
87,124,86,123,0,0,1
87,125,86,124,0,0,1
87,126,86,125,0,0,1
87,127,86,126,0,0,1
87,128,86,127,0,0,1
87,129,86,128,0,0,1
87,130,86,129,0,0,1
87,131,86,130,0,0,1
87,132,86,131,0,0,1
87,133,86,132,0,0,1
87,134,86,133,0,0,1
87,135,86,134,0,0,1
87,136,86,135,0,0,1
87,137,86,136,0,0,1
87,138,86,137,0,0,1
87,139,86,138,0,0,1
87,140,86,139,0,0,1
87,141,86,140,0,0,1
87,142,86,141,0,0,1
87,143,86,142,0,0,1
87,144,86,143,0,0,1
87,145,86,144,0,0,1
87,146,86,145,0,0,1
87,147,86,146,0,0,1
87,148,86,147,0,0,1
87,149,86,148,0,0,1
87,150,86,149,0,0,1
87,151,86,150,0,0,1
87,152,86,151,0,0,1
87,153,86,152,0,0,1
87,154,86,153,0,0,1
87,155,86,154,0,0,1
87,156,86,155,0,0,1
87,157,86,156,0,0,1
87,158,86,157,0,0,1
87,159,86,158,0,0,1
87,160,86,159,0,0,1
87,161,86,160,0,0,1
87,162,86,161,0,0,1
87,163,86,162,0,0,1
87,164,86,163,0,0,1
87,165,86,164,0,0,1
87,166,86,165,0,0,1
87,167,86,166,0,0,1
87,168,86,167,0,0,1
87,169,86,168,0,0,1
87,170,86,169,0,0,1
87,171,86,170,0,0,1
87,172,86,171,0,0,1
87,173,86,172,0,0,1
87,174,86,173,0,0,1
87,175,86,174,0,0,1
87,176,86,175,0,0,1
87,177,86,176,0,0,1
87,178,86,177,0,0,1
87,179,86,178,0,0,1
87,180,86,179,0,0,1
87,181,86,180,0,0,1
87,182,86,181,0,0,1
87,183,86,182,0,0,1
87,184,86,183,0,0,1
87,185,86,184,0,0,1
87,186,86,185,0,0,1
87,187,86,186,0,0,1
87,188,86,187,0,0,1
87,189,86,188,0,0,1
87,190,86,189,0,0,1
87,191,86,190,0,0,1
87,192,86,191,0,0,1
87,193,86,192,0,0,1
87,194,86,193,0,0,1
87,195,86,194,0,0,1
87,196,86,195,0,0,1
87,197,86,196,0,0,1
87,198,86,197,0,0,1
87,199,86,198,0,0,1
87,200,86,199,0,0,1
87,201,86,200,0,0,1
87,202,86,201,0,0,1
87,203,86,202,0,0,1
87,204,86,203,0,0,1
87,205,86,204,0,0,1
87,206,86,205,0,0,1
87,207,86,206,0,0,1
87,208,86,207,0,0,1
87,209,86,208,0,0,1
87,210,86,209,0,0,1
87,211,86,210,0,0,1
87,212,86,211,0,0,1
87,213,86,212,0,0,1
87,214,86,213,0,0,1
87,215,86,214,0,0,1
87,216,86,215,0,0,1
87,217,86,216,0,0,1
87,218,86,217,0,0,1
87,219,86,218,0,0,1
87,220,86,219,0,0,1
87,221,86,220,0,0,1
87,222,86,221,0,0,1
87,223,86,222,0,0,1
87,224,86,223,0,0,1
87,225,86,228,0,0,1
87,226,86,225,0,0,1
87,227,86,226,0,0,1
87,228,86,227,0,0,1
87,229,86,224,0,0,1
87,230,86,229,0,0,1
87,231,86,230,0,0,1
87,232,86,231,0,0,1
87,233,86,232,0,0,1
87,234,86,233,0,0,1
87,235,86,234,0,0,1
87,236,86,235,0,0,1
87,237,86,236,0,0,1
87,238,86,237,0,0,1
87,239,86,238,0,0,1
87,240,86,239,0,0,1
87,241,86,240,0,0,1
87,242,86,241,0,0,1
87,243,86,242,0,0,1
88,89,87,88,40,36,6
88,90,87,89,25,25,6
88,91,87,90,26,26,6
88,92,87,91,24,24,6
88,93,87,92,18,15,6
88,94,87,93,19,18,6
88,95,87,94,18,18,6
88,96,87,95,15,0,1
88,97,87,96,0,0,1
88,98,87,97,0,0,1
88,99,87,98,0,0,1
88,100,87,99,0,0,1
88,101,87,100,0,0,1
88,102,87,101,0,0,1
88,103,87,102,0,0,1
88,104,87,103,0,0,1
88,105,87,104,0,0,1
88,106,87,105,0,0,1
88,107,87,106,0,0,1
88,108,87,107,0,0,1
88,109,87,108,0,0,1
88,110,87,109,0,0,1
88,111,87,110,0,0,1
88,112,87,111,0,0,1
88,113,87,112,0,0,1
88,114,87,113,0,0,1
88,115,87,114,0,0,1
88,116,87,115,0,0,1
88,117,87,116,0,0,1
88,118,87,117,0,0,1
88,119,87,118,0,0,1
88,120,87,119,0,0,1
88,121,87,120,0,0,1
88,122,87,121,0,0,1
88,123,87,122,0,0,1
88,124,87,123,0,0,1
88,125,87,124,0,0,1
88,126,87,125,0,0,1
88,127,87,126,0,0,1
88,128,87,127,0,0,1
88,129,87,128,0,0,1
88,130,87,129,0,0,1
88,131,87,130,0,0,1
88,132,87,131,0,0,1
88,133,87,132,0,0,1
88,134,87,133,0,0,1
88,135,87,134,0,0,1
88,136,87,135,0,0,1
88,137,87,136,0,0,1
88,138,87,137,0,0,1
88,139,87,138,0,0,1
88,140,87,139,0,0,1
88,141,87,140,0,0,1
88,142,87,141,0,0,1
88,143,87,142,0,0,1
88,144,87,143,0,0,1
88,145,87,144,0,0,1
88,146,87,145,0,0,1
88,147,87,146,0,0,1
88,148,87,147,0,0,1
88,149,87,148,0,0,1
88,150,87,149,0,0,1
88,151,87,150,0,0,1
88,152,87,151,0,0,1
88,153,87,152,0,0,1
88,154,87,153,0,0,1
88,155,87,154,0,0,1
88,156,87,155,0,0,1
88,157,87,156,0,0,1
88,158,87,157,0,0,1
88,159,87,158,0,0,1
88,160,87,159,0,0,1
88,161,87,160,0,0,1
88,162,87,161,0,0,1
88,163,87,162,0,0,1
88,164,87,163,0,0,1
88,165,87,164,0,0,1
88,166,87,165,0,0,1
88,167,87,166,0,0,1
88,168,87,167,0,0,1
88,169,87,168,0,0,1
88,170,87,169,0,0,1
88,171,87,170,0,0,1
88,172,87,171,0,0,1
88,173,87,172,0,0,1
88,174,87,173,0,0,1
88,175,87,174,0,0,1
88,176,87,175,0,0,1
88,177,87,176,0,0,1
88,178,87,177,0,0,1
88,179,87,178,0,0,1
88,180,87,179,0,0,1
88,181,87,180,0,0,1
88,182,87,181,0,0,1
88,183,87,182,0,0,1
88,184,87,183,0,0,1
88,185,87,184,0,0,1
88,186,87,185,0,0,1
88,187,87,186,0,0,1
88,188,87,187,0,0,1
88,189,87,188,0,0,1
88,190,87,189,0,0,1
88,191,87,190,0,0,1
88,192,87,191,0,0,1
88,193,87,192,0,0,1
88,194,87,193,0,0,1
88,195,87,194,0,0,1
88,196,87,195,0,0,1
88,197,87,196,0,0,1
88,198,87,197,0,0,1
88,199,87,198,0,0,1
88,200,87,199,0,0,1
88,201,87,200,0,0,1
88,202,87,201,0,0,1
88,203,87,202,0,0,1
88,204,87,203,0,0,1
88,205,87,204,0,0,1
88,206,87,205,0,0,1
88,207,87,206,0,0,1
88,208,87,207,0,0,1
88,209,87,208,0,0,1
88,210,87,209,0,0,1
88,211,87,210,0,0,1
88,212,87,211,0,0,1
88,213,87,212,0,0,1
88,214,87,213,0,0,1
88,215,87,214,0,0,1
88,216,87,215,0,0,1
88,217,87,216,0,0,1
88,218,87,217,0,0,1
88,219,87,218,0,0,1
88,220,87,219,0,0,1
88,221,87,220,0,0,1
88,222,87,221,0,0,1
88,223,87,222,0,0,1
88,224,87,223,0,0,1
88,225,87,228,0,0,1
88,226,87,225,0,0,1
88,227,87,226,0,0,1
88,228,87,227,0,0,1
88,229,87,224,0,0,1
88,230,87,229,0,0,1
88,231,87,230,0,0,1
88,232,87,231,0,0,1
88,233,87,232,0,0,1
88,234,87,233,0,0,1
88,235,87,234,0,0,1
88,236,87,235,0,0,1
88,237,87,236,0,0,1
88,238,87,237,0,0,1
88,239,87,238,0,0,1
88,240,87,239,0,0,1
88,241,87,240,0,0,1
88,242,87,241,0,0,1
88,243,87,242,0,0,1
89,90,88,89,38,37,7
89,91,88,90,30,28,6
89,92,88,91,25,23,6
89,93,88,92,18,17,6
89,94,88,93,18,17,6
89,95,88,94,17,17,6
89,96,88,95,18,15,6
89,97,88,96,0,0,1
89,98,88,97,15,0,1
89,99,88,98,0,0,1
89,100,88,99,0,0,1
89,101,88,100,0,0,1
89,102,88,101,0,0,1
89,103,88,102,0,0,1
89,104,88,103,0,0,1
89,105,88,104,0,0,1
89,106,88,105,0,0,1
89,107,88,106,0,0,1
89,108,88,107,0,0,1
89,109,88,108,0,0,1
89,110,88,109,0,0,1
89,111,88,110,0,0,1
89,112,88,111,0,0,1
89,113,88,112,0,0,1
89,114,88,113,0,0,1
89,115,88,114,0,0,1
89,116,88,115,0,0,1
89,117,88,116,0,0,1
89,118,88,117,0,0,1
89,119,88,118,0,0,1
89,120,88,119,0,0,1
89,121,88,120,0,0,1
89,122,88,121,0,0,1
89,123,88,122,0,0,1
89,124,88,123,0,0,1
89,125,88,124,0,0,1
89,126,88,125,0,0,1
89,127,88,126,0,0,1
89,128,88,127,0,0,1
89,129,88,128,0,0,1
89,130,88,129,0,0,1
89,131,88,130,0,0,1
89,132,88,131,0,0,1
89,133,88,132,0,0,1
89,134,88,133,0,0,1
89,135,88,134,0,0,1
89,136,88,135,0,0,1
89,137,88,136,0,0,1
89,138,88,137,0,0,1
89,139,88,138,0,0,1
89,140,88,139,0,0,1
89,141,88,140,0,0,1
89,142,88,141,0,0,1
89,143,88,142,0,0,1
89,144,88,143,0,0,1
89,145,88,144,0,0,1
89,146,88,145,0,0,1
89,147,88,146,0,0,1
89,148,88,147,0,0,1
89,149,88,148,0,0,1
89,150,88,149,0,0,1
89,151,88,150,0,0,1
89,152,88,151,0,0,1
89,153,88,152,0,0,1
89,154,88,153,0,0,1
89,155,88,154,0,0,1
89,156,88,155,0,0,1
89,157,88,156,0,0,1
89,158,88,157,0,0,1
89,159,88,158,0,0,1
89,160,88,159,0,0,1
89,161,88,160,0,0,1
89,162,88,161,0,0,1
89,163,88,162,0,0,1
89,164,88,163,0,0,1
89,165,88,164,0,0,1
89,166,88,165,0,0,1
89,167,88,166,0,0,1
89,168,88,167,0,0,1
89,169,88,168,0,0,1
89,170,88,169,0,0,1
89,171,88,170,0,0,1
89,172,88,171,0,0,1
89,173,88,172,0,0,1
89,174,88,173,0,0,1
89,175,88,174,0,0,1
89,176,88,175,0,0,1
89,177,88,176,0,0,1
89,178,88,177,0,0,1
89,179,88,178,0,0,1
89,180,88,179,0,0,1
89,181,88,180,0,0,1
89,182,88,181,0,0,1
89,183,88,182,0,0,1
89,184,88,183,0,0,1
89,185,88,184,0,0,1
89,186,88,185,0,0,1
89,187,88,186,0,0,1
89,188,88,187,0,0,1
89,189,88,188,0,0,1
89,190,88,189,0,0,1
89,191,88,190,0,0,1
89,192,88,191,0,0,1
89,193,88,192,0,0,1
89,194,88,193,0,0,1
89,195,88,194,0,0,1
89,196,88,195,0,0,1
89,197,88,196,0,0,1
89,198,88,197,0,0,1
89,199,88,198,0,0,1
89,200,88,199,0,0,1
89,201,88,200,0,0,1
89,202,88,201,0,0,1
89,203,88,202,0,0,1
89,204,88,203,0,0,1
89,205,88,204,0,0,1
89,206,88,205,0,0,1
89,207,88,206,0,0,1
89,208,88,207,0,0,1
89,209,88,208,0,0,1
89,210,88,209,0,0,1
89,211,88,210,0,0,1
89,212,88,211,0,0,1
89,213,88,212,0,0,1
89,214,88,213,0,0,1
89,215,88,214,0,0,1
89,216,88,215,0,0,1
89,217,88,216,0,0,1
89,218,88,217,0,0,1
89,219,88,218,0,0,1
89,220,88,219,0,0,1
89,221,88,220,0,0,1
89,222,88,221,0,0,1
89,223,88,222,0,0,1
89,224,88,223,0,0,1
89,225,88,228,0,0,1
89,226,88,225,0,0,1
89,227,88,226,0,0,1
89,228,88,227,0,0,1
89,229,88,224,0,0,1
89,230,88,229,0,0,1
89,231,88,230,0,0,1
89,232,88,231,0,0,1
89,233,88,232,0,0,1
89,234,88,233,0,0,1
89,235,88,234,0,0,1
89,236,88,235,0,0,1
89,237,88,236,0,0,1
89,238,88,237,0,0,1
89,239,88,238,0,0,1
89,240,88,239,0,0,1
89,241,88,240,0,0,1
89,242,88,241,0,0,1
89,243,88,242,0,0,1
90,91,89,90,35,35,6
90,92,89,91,31,29,6
90,93,89,92,23,20,6
90,94,89,93,25,22,6
90,95,89,94,23,21,6
90,96,89,95,16,16,6
90,97,89,96,18,18,6
90,98,89,97,17,17,6
90,99,89,98,17,16,6
90,100,89,99,15,15,3
90,101,89,100,0,0,1
90,102,89,101,0,0,1
90,103,89,102,0,0,1
90,104,89,103,0,0,1
90,105,89,104,0,0,1
90,106,89,105,0,0,1
90,107,89,106,0,0,1
90,108,89,107,0,0,1
90,109,89,108,0,0,1
90,110,89,109,0,0,1
90,111,89,110,0,0,1
90,112,89,111,0,0,1
90,113,89,112,0,0,1
90,114,89,113,0,0,1
90,115,89,114,0,0,1
90,116,89,115,0,0,1
90,117,89,116,0,0,1
90,118,89,117,0,0,1
90,119,89,118,0,0,1
90,120,89,119,0,0,1
90,121,89,120,0,0,1
90,122,89,121,0,0,1
90,123,89,122,0,0,1
90,124,89,123,0,0,1
90,125,89,124,0,0,1
90,126,89,125,0,0,1
90,127,89,126,0,0,1
90,128,89,127,0,0,1
90,129,89,128,0,0,1
90,130,89,129,0,0,1
90,131,89,130,0,0,1
90,132,89,131,0,0,1
90,133,89,132,0,0,1
90,134,89,133,0,0,1
90,135,89,134,0,0,1
90,136,89,135,0,0,1
90,137,89,136,0,0,1
90,138,89,137,0,0,1
90,139,89,138,0,0,1
90,140,89,139,0,0,1
90,141,89,140,0,0,1
90,142,89,141,0,0,1
90,143,89,142,0,0,1
90,144,89,143,0,0,1
90,145,89,144,0,0,1
90,146,89,145,0,0,1
90,147,89,146,0,0,1
90,148,89,147,0,0,1
90,149,89,148,0,0,1
90,150,89,149,0,0,1
90,151,89,150,0,0,1
90,152,89,151,0,0,1
90,153,89,152,0,0,1
90,154,89,153,0,0,1
90,155,89,154,0,0,1
90,156,89,155,0,0,1
90,157,89,156,0,0,1
90,158,89,157,0,0,1
90,159,89,158,0,0,1
90,160,89,159,0,0,1
90,161,89,160,0,0,1
90,162,89,161,0,0,1
90,163,89,162,0,0,1
90,164,89,163,0,0,1
90,165,89,164,0,0,1
90,166,89,165,0,0,1
90,167,89,166,0,0,1
90,168,89,167,0,0,1
90,169,89,168,0,0,1
90,170,89,169,0,0,1
90,171,89,170,0,0,1
90,172,89,171,0,0,1
90,173,89,172,0,0,1
90,174,89,173,0,0,1
90,175,89,174,0,0,1
90,176,89,175,0,0,1
90,177,89,176,0,0,1
90,178,89,177,0,0,1
90,179,89,178,0,0,1
90,180,89,179,0,0,1
90,181,89,180,0,0,1
90,182,89,181,0,0,1
90,183,89,182,0,0,1
90,184,89,183,0,0,1
90,185,89,184,0,0,1
90,186,89,185,0,0,1
90,187,89,186,0,0,1
90,188,89,187,0,0,1
90,189,89,188,0,0,1
90,190,89,189,0,0,1
90,191,89,190,0,0,1
90,192,89,191,0,0,1
90,193,89,192,0,0,1
90,194,89,193,0,0,1
90,195,89,194,0,0,1
90,196,89,195,0,0,1
90,197,89,196,0,0,1
90,198,89,197,0,0,1
90,199,89,198,0,0,1
90,200,89,199,0,0,1
90,201,89,200,0,0,1
90,202,89,201,0,0,1
90,203,89,202,0,0,1
90,204,89,203,0,0,1
90,205,89,204,0,0,1
90,206,89,205,0,0,1
90,207,89,206,0,0,1
90,208,89,207,0,0,1
90,209,89,208,0,0,1
90,210,89,209,0,0,1
90,211,89,210,0,0,1
90,212,89,211,0,0,1
90,213,89,212,0,0,1
90,214,89,213,0,0,1
90,215,89,214,0,0,1
90,216,89,215,0,0,1
90,217,89,216,0,0,1
90,218,89,217,0,0,1
90,219,89,218,0,0,1
90,220,89,219,0,0,1
90,221,89,220,0,0,1
90,222,89,221,0,0,1
90,223,89,222,0,0,1
90,224,89,223,0,0,1
90,225,89,228,0,0,1
90,226,89,225,0,0,1
90,227,89,226,0,0,1
90,228,89,227,0,0,1
90,229,89,224,0,0,1
90,230,89,229,0,0,1
90,231,89,230,0,0,1
90,232,89,231,0,0,1
90,233,89,232,0,0,1
90,234,89,233,0,0,1
90,235,89,234,0,0,1
90,236,89,235,0,0,1
90,237,89,236,0,0,1
90,238,89,237,0,0,1
90,239,89,238,0,0,1
90,240,89,239,0,0,1
90,241,89,240,0,0,1
90,242,89,241,0,0,1
90,243,89,242,0,0,1
91,92,90,91,33,33,6
91,93,90,92,21,19,6
91,94,90,93,21,21,6
91,95,90,94,24,23,6
91,96,90,95,17,17,6
91,97,90,96,15,15,6
91,98,90,97,15,0,1
91,99,90,98,0,0,1
91,100,90,99,0,0,1
91,101,90,100,0,0,1
91,102,90,101,0,0,1
91,103,90,102,0,0,1
91,104,90,103,0,0,1
91,105,90,104,0,0,1
91,106,90,105,0,0,1
91,107,90,106,0,0,1
91,108,90,107,0,0,1
91,109,90,108,0,0,1
91,110,90,109,0,0,1
91,111,90,110,0,0,1
91,112,90,111,0,0,1
91,113,90,112,0,0,1
91,114,90,113,0,0,1
91,115,90,114,0,0,1
91,116,90,115,0,0,1
91,117,90,116,0,0,1
91,118,90,117,0,0,1
91,119,90,118,0,0,1
91,120,90,119,0,0,1
91,121,90,120,0,0,1
91,122,90,121,0,0,1
91,123,90,122,0,0,1
91,124,90,123,0,0,1
91,125,90,124,0,0,1
91,126,90,125,0,0,1
91,127,90,126,0,0,1
91,128,90,127,0,0,1
91,129,90,128,0,0,1
91,130,90,129,0,0,1
91,131,90,130,0,0,1
91,132,90,131,0,0,1
91,133,90,132,0,0,1
91,134,90,133,0,0,1
91,135,90,134,0,0,1
91,136,90,135,0,0,1
91,137,90,136,0,0,1
91,138,90,137,0,0,1
91,139,90,138,0,0,1
91,140,90,139,0,0,1
91,141,90,140,0,0,1
91,142,90,141,0,0,1
91,143,90,142,0,0,1
91,144,90,143,0,0,1
91,145,90,144,0,0,1
91,146,90,145,0,0,1
91,147,90,146,0,0,1
91,148,90,147,0,0,1
91,149,90,148,0,0,1
91,150,90,149,0,0,1
91,151,90,150,0,0,1
91,152,90,151,0,0,1
91,153,90,152,0,0,1
91,154,90,153,0,0,1
91,155,90,154,0,0,1
91,156,90,155,0,0,1
91,157,90,156,0,0,1
91,158,90,157,0,0,1
91,159,90,158,0,0,1
91,160,90,159,0,0,1
91,161,90,160,0,0,1
91,162,90,161,0,0,1
91,163,90,162,0,0,1
91,164,90,163,0,0,1
91,165,90,164,0,0,1
91,166,90,165,0,0,1
91,167,90,166,0,0,1
91,168,90,167,0,0,1
91,169,90,168,0,0,1
91,170,90,169,0,0,1
91,171,90,170,0,0,1
91,172,90,171,0,0,1
91,173,90,172,0,0,1
91,174,90,173,0,0,1
91,175,90,174,0,0,1
91,176,90,175,0,0,1
91,177,90,176,0,0,1
91,178,90,177,0,0,1
91,179,90,178,0,0,1
91,180,90,179,0,0,1
91,181,90,180,0,0,1
91,182,90,181,0,0,1
91,183,90,182,0,0,1
91,184,90,183,0,0,1
91,185,90,184,0,0,1
91,186,90,185,0,0,1
91,187,90,186,0,0,1
91,188,90,187,0,0,1
91,189,90,188,0,0,1
91,190,90,189,0,0,1
91,191,90,190,0,0,1
91,192,90,191,0,0,1
91,193,90,192,0,0,1
91,194,90,193,0,0,1
91,195,90,194,0,0,1
91,196,90,195,0,0,1
91,197,90,196,0,0,1
91,198,90,197,0,0,1
91,199,90,198,0,0,1
91,200,90,199,0,0,1
91,201,90,200,0,0,1
91,202,90,201,0,0,1
91,203,90,202,0,0,1
91,204,90,203,0,0,1
91,205,90,204,0,0,1
91,206,90,205,0,0,1
91,207,90,206,0,0,1
91,208,90,207,0,0,1
91,209,90,208,0,0,1
91,210,90,209,0,0,1
91,211,90,210,0,0,1
91,212,90,211,0,0,1
91,213,90,212,0,0,1
91,214,90,213,0,0,1
91,215,90,214,0,0,1
91,216,90,215,0,0,1
91,217,90,216,0,0,1
91,218,90,217,0,0,1
91,219,90,218,0,0,1
91,220,90,219,0,0,1
91,221,90,220,0,0,1
91,222,90,221,0,0,1
91,223,90,222,0,0,1
91,224,90,223,0,0,1
91,225,90,228,0,0,1
91,226,90,225,0,0,1
91,227,90,226,0,0,1
91,228,90,227,0,0,1
91,229,90,224,0,0,1
91,230,90,229,0,0,1
91,231,90,230,0,0,1
91,232,90,231,0,0,1
91,233,90,232,0,0,1
91,234,90,233,0,0,1
91,235,90,234,0,0,1
91,236,90,235,0,0,1
91,237,90,236,0,0,1
91,238,90,237,0,0,1
91,239,90,238,0,0,1
91,240,90,239,0,0,1
91,241,90,240,0,0,1
91,242,90,241,0,0,1
91,243,90,242,0,0,1
92,93,91,92,24,24,6
92,94,91,93,25,25,6
92,95,91,94,18,18,6
92,96,91,95,15,15,6
92,97,91,96,18,18,6
92,98,91,97,19,17,6
92,99,91,98,0,0,1
92,100,91,99,0,0,1
92,101,91,100,0,0,1
92,102,91,101,0,0,1
92,103,91,102,0,0,1
92,104,91,103,0,0,1
92,105,91,104,0,0,1
92,106,91,105,0,0,1
92,107,91,106,0,0,1
92,108,91,107,0,0,1
92,109,91,108,0,0,1
92,110,91,109,0,0,1
92,111,91,110,0,0,1
92,112,91,111,0,0,1
92,113,91,112,0,0,1
92,114,91,113,0,0,1
92,115,91,114,0,0,1
92,116,91,115,0,0,1
92,117,91,116,0,0,1
92,118,91,117,0,0,1
92,119,91,118,0,0,1
92,120,91,119,0,0,1
92,121,91,120,0,0,1
92,122,91,121,0,0,1
92,123,91,122,0,0,1
92,124,91,123,0,0,1
92,125,91,124,0,0,1
92,126,91,125,0,0,1
92,127,91,126,0,0,1
92,128,91,127,0,0,1
92,129,91,128,0,0,1
92,130,91,129,0,0,1
92,131,91,130,0,0,1
92,132,91,131,0,0,1
92,133,91,132,0,0,1
92,134,91,133,0,0,1
92,135,91,134,0,0,1
92,136,91,135,0,0,1
92,137,91,136,0,0,1
92,138,91,137,0,0,1
92,139,91,138,0,0,1
92,140,91,139,0,0,1
92,141,91,140,0,0,1
92,142,91,141,0,0,1
92,143,91,142,0,0,1
92,144,91,143,0,0,1
92,145,91,144,0,0,1
92,146,91,145,0,0,1
92,147,91,146,0,0,1
92,148,91,147,0,0,1
92,149,91,148,0,0,1
92,150,91,149,0,0,1
92,151,91,150,0,0,1
92,152,91,151,0,0,1
92,153,91,152,0,0,1
92,154,91,153,0,0,1
92,155,91,154,0,0,1
92,156,91,155,0,0,1
92,157,91,156,0,0,1
92,158,91,157,0,0,1
92,159,91,158,0,0,1
92,160,91,159,0,0,1
92,161,91,160,0,0,1
92,162,91,161,0,0,1
92,163,91,162,0,0,1
92,164,91,163,0,0,1
92,165,91,164,0,0,1
92,166,91,165,0,0,1
92,167,91,166,0,0,1
92,168,91,167,0,0,1
92,169,91,168,0,0,1
92,170,91,169,0,0,1
92,171,91,170,0,0,1
92,172,91,171,0,0,1
92,173,91,172,0,0,1
92,174,91,173,0,0,1
92,175,91,174,0,0,1
92,176,91,175,0,0,1
92,177,91,176,0,0,1
92,178,91,177,0,0,1
92,179,91,178,0,0,1
92,180,91,179,0,0,1
92,181,91,180,0,0,1
92,182,91,181,0,0,1
92,183,91,182,0,0,1
92,184,91,183,0,0,1
92,185,91,184,0,0,1
92,186,91,185,0,0,1
92,187,91,186,0,0,1
92,188,91,187,0,0,1
92,189,91,188,0,0,1
92,190,91,189,0,0,1
92,191,91,190,0,0,1
92,192,91,191,0,0,1
92,193,91,192,0,0,1
92,194,91,193,0,0,1
92,195,91,194,0,0,1
92,196,91,195,0,0,1
92,197,91,196,0,0,1
92,198,91,197,0,0,1
92,199,91,198,0,0,1
92,200,91,199,0,0,1
92,201,91,200,0,0,1
92,202,91,201,0,0,1
92,203,91,202,0,0,1
92,204,91,203,0,0,1
92,205,91,204,0,0,1
92,206,91,205,0,0,1
92,207,91,206,0,0,1
92,208,91,207,0,0,1
92,209,91,208,0,0,1
92,210,91,209,0,0,1
92,211,91,210,0,0,1
92,212,91,211,0,0,1
92,213,91,212,0,0,1
92,214,91,213,0,0,1
92,215,91,214,0,0,1
92,216,91,215,0,0,1
92,217,91,216,0,0,1
92,218,91,217,0,0,1
92,219,91,218,0,0,1
92,220,91,219,0,0,1
92,221,91,220,0,0,1
92,222,91,221,0,0,1
92,223,91,222,0,0,1
92,224,91,223,0,0,1
92,225,91,228,0,0,1
92,226,91,225,0,0,1
92,227,91,226,0,0,1
92,228,91,227,0,0,1
92,229,91,224,0,0,1
92,230,91,229,0,0,1
92,231,91,230,0,0,1
92,232,91,231,0,0,1
92,233,91,232,0,0,1
92,234,91,233,0,0,1
92,235,91,234,0,0,1
92,236,91,235,0,0,1
92,237,91,236,0,0,1
92,238,91,237,0,0,1
92,239,91,238,0,0,1
92,240,91,239,0,0,1
92,241,91,240,0,0,1
92,242,91,241,0,0,1
92,243,91,242,0,0,1
93,94,92,93,28,25,6
93,95,92,94,31,28,6
93,96,92,95,21,20,6
93,97,92,96,25,25,3
93,98,92,97,22,19,6
93,99,92,98,20,17,6
93,100,92,99,0,0,1
93,101,92,100,0,0,1
93,102,92,101,0,0,1
93,103,92,102,0,0,1
93,104,92,103,0,0,1
93,105,92,104,0,0,1
93,106,92,105,0,0,1
93,107,92,106,0,0,1
93,108,92,107,0,0,1
93,109,92,108,0,0,1
93,110,92,109,0,0,1
93,111,92,110,0,0,1
93,112,92,111,0,0,1
93,113,92,112,0,0,1
93,114,92,113,0,0,1
93,115,92,114,0,0,1
93,116,92,115,0,0,1
93,117,92,116,0,0,1
93,118,92,117,0,0,1
93,119,92,118,0,0,1
93,120,92,119,0,0,1
93,121,92,120,0,0,1
93,122,92,121,0,0,1
93,123,92,122,0,0,1
93,124,92,123,0,0,1
93,125,92,124,0,0,1
93,126,92,125,0,0,1
93,127,92,126,0,0,1
93,128,92,127,0,0,1
93,129,92,128,0,0,1
93,130,92,129,0,0,1
93,131,92,130,0,0,1
93,132,92,131,0,0,1
93,133,92,132,0,0,1
93,134,92,133,0,0,1
93,135,92,134,0,0,1
93,136,92,135,0,0,1
93,137,92,136,0,0,1
93,138,92,137,0,0,1
93,139,92,138,0,0,1
93,140,92,139,0,0,1
93,141,92,140,0,0,1
93,142,92,141,0,0,1
93,143,92,142,0,0,1
93,144,92,143,0,0,1
93,145,92,144,0,0,1
93,146,92,145,0,0,1
93,147,92,146,0,0,1
93,148,92,147,0,0,1
93,149,92,148,0,0,1
93,150,92,149,0,0,1
93,151,92,150,0,0,1
93,152,92,151,0,0,1
93,153,92,152,0,0,1
93,154,92,153,0,0,1
93,155,92,154,0,0,1
93,156,92,155,0,0,1
93,157,92,156,0,0,1
93,158,92,157,0,0,1
93,159,92,158,0,0,1
93,160,92,159,0,0,1
93,161,92,160,0,0,1
93,162,92,161,0,0,1
93,163,92,162,0,0,1
93,164,92,163,0,0,1
93,165,92,164,0,0,1
93,166,92,165,0,0,1
93,167,92,166,0,0,1
93,168,92,167,0,0,1
93,169,92,168,0,0,1
93,170,92,169,0,0,1
93,171,92,170,0,0,1
93,172,92,171,0,0,1
93,173,92,172,0,0,1
93,174,92,173,0,0,1
93,175,92,174,0,0,1
93,176,92,175,0,0,1
93,177,92,176,0,0,1
93,178,92,177,0,0,1
93,179,92,178,0,0,1
93,180,92,179,0,0,1
93,181,92,180,0,0,1
93,182,92,181,0,0,1
93,183,92,182,0,0,1
93,184,92,183,0,0,1
93,185,92,184,0,0,1
93,186,92,185,0,0,1
93,187,92,186,0,0,1
93,188,92,187,0,0,1
93,189,92,188,0,0,1
93,190,92,189,0,0,1
93,191,92,190,0,0,1
93,192,92,191,0,0,1
93,193,92,192,0,0,1
93,194,92,193,0,0,1
93,195,92,194,0,0,1
93,196,92,195,0,0,1
93,197,92,196,0,0,1
93,198,92,197,0,0,1
93,199,92,198,0,0,1
93,200,92,199,0,0,1
93,201,92,200,0,0,1
93,202,92,201,0,0,1
93,203,92,202,0,0,1
93,204,92,203,0,0,1
93,205,92,204,0,0,1
93,206,92,205,0,0,1
93,207,92,206,0,0,1
93,208,92,207,0,0,1
93,209,92,208,0,0,1
93,210,92,209,0,0,1
93,211,92,210,0,0,1
93,212,92,211,0,0,1
93,213,92,212,0,0,1
93,214,92,213,0,0,1
93,215,92,214,0,0,1
93,216,92,215,0,0,1
93,217,92,216,0,0,1
93,218,92,217,0,0,1
93,219,92,218,0,0,1
93,220,92,219,0,0,1
93,221,92,220,0,0,1
93,222,92,221,0,0,1
93,223,92,222,0,0,1
93,224,92,223,0,0,1
93,225,92,228,0,0,1
93,226,92,225,0,0,1
93,227,92,226,0,0,1
93,228,92,227,0,0,1
93,229,92,224,0,0,1
93,230,92,229,0,0,1
93,231,92,230,0,0,1
93,232,92,231,0,0,1
93,233,92,232,0,0,1
93,234,92,233,0,0,1
93,235,92,234,0,0,1
93,236,92,235,0,0,1
93,237,92,236,0,0,1
93,238,92,237,0,0,1
93,239,92,238,0,0,1
93,240,92,239,0,0,1
93,241,92,240,0,0,1
93,242,92,241,0,0,1
93,243,92,242,0,0,1
94,95,93,94,28,28,6
94,96,93,95,20,20,6
94,97,93,96,24,24,6
94,98,93,97,22,20,6
94,99,93,98,18,18,6
94,100,93,99,0,0,1
94,101,93,100,0,0,1
94,102,93,101,0,0,1
94,103,93,102,0,0,1
94,104,93,103,0,0,1
94,105,93,104,0,0,1
94,106,93,105,0,0,1
94,107,93,106,0,0,1
94,108,93,107,0,0,1
94,109,93,108,0,0,1
94,110,93,109,0,0,1
94,111,93,110,0,0,1
94,112,93,111,0,0,1
94,113,93,112,0,0,1
94,114,93,113,0,0,1
94,115,93,114,0,0,1
94,116,93,115,0,0,1
94,117,93,116,0,0,1
94,118,93,117,0,0,1
94,119,93,118,0,0,1
94,120,93,119,0,0,1
94,121,93,120,0,0,1
94,122,93,121,0,0,1
94,123,93,122,0,0,1
94,124,93,123,0,0,1
94,125,93,124,0,0,1
94,126,93,125,0,0,1
94,127,93,126,0,0,1
94,128,93,127,0,0,1
94,129,93,128,0,0,1
94,130,93,129,0,0,1
94,131,93,130,0,0,1
94,132,93,131,0,0,1
94,133,93,132,0,0,1
94,134,93,133,0,0,1
94,135,93,134,0,0,1
94,136,93,135,0,0,1
94,137,93,136,0,0,1
94,138,93,137,0,0,1
94,139,93,138,0,0,1
94,140,93,139,0,0,1
94,141,93,140,0,0,1
94,142,93,141,0,0,1
94,143,93,142,0,0,1
94,144,93,143,0,0,1
94,145,93,144,0,0,1
94,146,93,145,0,0,1
94,147,93,146,0,0,1
94,148,93,147,0,0,1
94,149,93,148,0,0,1
94,150,93,149,0,0,1
94,151,93,150,0,0,1
94,152,93,151,0,0,1
94,153,93,152,0,0,1
94,154,93,153,0,0,1
94,155,93,154,0,0,1
94,156,93,155,0,0,1
94,157,93,156,0,0,1
94,158,93,157,0,0,1
94,159,93,158,0,0,1
94,160,93,159,0,0,1
94,161,93,160,0,0,1
94,162,93,161,0,0,1
94,163,93,162,0,0,1
94,164,93,163,0,0,1
94,165,93,164,0,0,1
94,166,93,165,0,0,1
94,167,93,166,0,0,1
94,168,93,167,0,0,1
94,169,93,168,0,0,1
94,170,93,169,0,0,1
94,171,93,170,0,0,1
94,172,93,171,0,0,1
94,173,93,172,0,0,1
94,174,93,173,0,0,1
94,175,93,174,0,0,1
94,176,93,175,0,0,1
94,177,93,176,0,0,1
94,178,93,177,0,0,1
94,179,93,178,0,0,1
94,180,93,179,0,0,1
94,181,93,180,0,0,1
94,182,93,181,0,0,1
94,183,93,182,0,0,1
94,184,93,183,0,0,1
94,185,93,184,0,0,1
94,186,93,185,0,0,1
94,187,93,186,0,0,1
94,188,93,187,0,0,1
94,189,93,188,0,0,1
94,190,93,189,0,0,1
94,191,93,190,0,0,1
94,192,93,191,0,0,1
94,193,93,192,0,0,1
94,194,93,193,0,0,1
94,195,93,194,0,0,1
94,196,93,195,0,0,1
94,197,93,196,0,0,1
94,198,93,197,0,0,1
94,199,93,198,0,0,1
94,200,93,199,0,0,1
94,201,93,200,0,0,1
94,202,93,201,0,0,1
94,203,93,202,0,0,1
94,204,93,203,0,0,1
94,205,93,204,0,0,1
94,206,93,205,0,0,1
94,207,93,206,0,0,1
94,208,93,207,0,0,1
94,209,93,208,0,0,1
94,210,93,209,0,0,1
94,211,93,210,0,0,1
94,212,93,211,0,0,1
94,213,93,212,0,0,1
94,214,93,213,0,0,1
94,215,93,214,0,0,1
94,216,93,215,0,0,1
94,217,93,216,0,0,1
94,218,93,217,0,0,1
94,219,93,218,0,0,1
94,220,93,219,0,0,1
94,221,93,220,0,0,1
94,222,93,221,0,0,1
94,223,93,222,0,0,1
94,224,93,223,0,0,1
94,225,93,228,0,0,1
94,226,93,225,0,0,1
94,227,93,226,0,0,1
94,228,93,227,0,0,1
94,229,93,224,0,0,1
94,230,93,229,0,0,1
94,231,93,230,0,0,1
94,232,93,231,0,0,1
94,233,93,232,0,0,1
94,234,93,233,0,0,1
94,235,93,234,0,0,1
94,236,93,235,0,0,1
94,237,93,236,0,0,1
94,238,93,237,0,0,1
94,239,93,238,0,0,1
94,240,93,239,0,0,1
94,241,93,240,0,0,1
94,242,93,241,0,0,1
94,243,93,242,0,0,1
95,96,94,95,27,27,6
95,97,94,96,33,33,6
95,98,94,97,26,26,6
95,99,94,98,24,24,6
95,100,94,99,0,0,1
95,101,94,100,0,0,1
95,102,94,101,0,0,1
95,103,94,102,0,0,1
95,104,94,103,0,0,1
95,105,94,104,0,0,1
95,106,94,105,0,0,1
95,107,94,106,0,0,1
95,108,94,107,0,0,1
95,109,94,108,0,0,1
95,110,94,109,0,0,1
95,111,94,110,0,0,1
95,112,94,111,0,0,1
95,113,94,112,0,0,1
95,114,94,113,0,0,1
95,115,94,114,0,0,1
95,116,94,115,0,0,1
95,117,94,116,0,0,1
95,118,94,117,0,0,1
95,119,94,118,0,0,1
95,120,94,119,0,0,1
95,121,94,120,0,0,1
95,122,94,121,0,0,1
95,123,94,122,0,0,1
95,124,94,123,0,0,1
95,125,94,124,0,0,1
95,126,94,125,0,0,1
95,127,94,126,0,0,1
95,128,94,127,0,0,1
95,129,94,128,0,0,1
95,130,94,129,0,0,1
95,131,94,130,0,0,1
95,132,94,131,0,0,1
95,133,94,132,0,0,1
95,134,94,133,0,0,1
95,135,94,134,0,0,1
95,136,94,135,0,0,1
95,137,94,136,0,0,1
95,138,94,137,0,0,1
95,139,94,138,0,0,1
95,140,94,139,0,0,1
95,141,94,140,0,0,1
95,142,94,141,0,0,1
95,143,94,142,0,0,1
95,144,94,143,0,0,1
95,145,94,144,0,0,1
95,146,94,145,0,0,1
95,147,94,146,0,0,1
95,148,94,147,0,0,1
95,149,94,148,0,0,1
95,150,94,149,0,0,1
95,151,94,150,0,0,1
95,152,94,151,0,0,1
95,153,94,152,0,0,1
95,154,94,153,0,0,1
95,155,94,154,0,0,1
95,156,94,155,0,0,1
95,157,94,156,0,0,1
95,158,94,157,0,0,1
95,159,94,158,0,0,1
95,160,94,159,0,0,1
95,161,94,160,0,0,1
95,162,94,161,0,0,1
95,163,94,162,0,0,1
95,164,94,163,0,0,1
95,165,94,164,0,0,1
95,166,94,165,0,0,1
95,167,94,166,0,0,1
95,168,94,167,0,0,1
95,169,94,168,0,0,1
95,170,94,169,0,0,1
95,171,94,170,0,0,1
95,172,94,171,0,0,1
95,173,94,172,0,0,1
95,174,94,173,0,0,1
95,175,94,174,0,0,1
95,176,94,175,0,0,1
95,177,94,176,0,0,1
95,178,94,177,0,0,1
95,179,94,178,0,0,1
95,180,94,179,0,0,1
95,181,94,180,0,0,1
95,182,94,181,0,0,1
95,183,94,182,0,0,1
95,184,94,183,0,0,1
95,185,94,184,0,0,1
95,186,94,185,0,0,1
95,187,94,186,0,0,1
95,188,94,187,0,0,1
95,189,94,188,0,0,1
95,190,94,189,0,0,1
95,191,94,190,0,0,1
95,192,94,191,0,0,1
95,193,94,192,0,0,1
95,194,94,193,0,0,1
95,195,94,194,0,0,1
95,196,94,195,0,0,1
95,197,94,196,0,0,1
95,198,94,197,0,0,1
95,199,94,198,0,0,1
95,200,94,199,0,0,1
95,201,94,200,0,0,1
95,202,94,201,0,0,1
95,203,94,202,0,0,1
95,204,94,203,0,0,1
95,205,94,204,0,0,1
95,206,94,205,0,0,1
95,207,94,206,0,0,1
95,208,94,207,0,0,1
95,209,94,208,0,0,1
95,210,94,209,0,0,1
95,211,94,210,0,0,1
95,212,94,211,0,0,1
95,213,94,212,0,0,1
95,214,94,213,0,0,1
95,215,94,214,0,0,1
95,216,94,215,0,0,1
95,217,94,216,0,0,1
95,218,94,217,0,0,1
95,219,94,218,0,0,1
95,220,94,219,0,0,1
95,221,94,220,0,0,1
95,222,94,221,0,0,1
95,223,94,222,0,0,1
95,224,94,223,0,0,1
95,225,94,228,0,0,1
95,226,94,225,0,0,1
95,227,94,226,0,0,1
95,228,94,227,0,0,1
95,229,94,224,0,0,1
95,230,94,229,0,0,1
95,231,94,230,0,0,1
95,232,94,231,0,0,1
95,233,94,232,0,0,1
95,234,94,233,0,0,1
95,235,94,234,0,0,1
95,236,94,235,0,0,1
95,237,94,236,0,0,1
95,238,94,237,0,0,1
95,239,94,238,0,0,1
95,240,94,239,0,0,1
95,241,94,240,0,0,1
95,242,94,241,0,0,1
95,243,94,242,0,0,1
96,97,95,96,24,24,6
96,98,95,97,19,19,6
96,99,95,98,0,0,1
96,100,95,99,0,0,1
96,101,95,100,0,0,1
96,102,95,101,0,0,1
96,103,95,102,0,0,1
96,104,95,103,0,0,1
96,105,95,104,0,0,1
96,106,95,105,0,0,1
96,107,95,106,0,0,1
96,108,95,107,0,0,1
96,109,95,108,0,0,1
96,110,95,109,0,0,1
96,111,95,110,0,0,1
96,112,95,111,0,0,1
96,113,95,112,0,0,1
96,114,95,113,0,0,1
96,115,95,114,0,0,1
96,116,95,115,0,0,1
96,117,95,116,0,0,1
96,118,95,117,0,0,1
96,119,95,118,0,0,1
96,120,95,119,0,0,1
96,121,95,120,0,0,1
96,122,95,121,0,0,1
96,123,95,122,0,0,1
96,124,95,123,0,0,1
96,125,95,124,0,0,1
96,126,95,125,0,0,1
96,127,95,126,0,0,1
96,128,95,127,0,0,1
96,129,95,128,0,0,1
96,130,95,129,0,0,1
96,131,95,130,0,0,1
96,132,95,131,0,0,1
96,133,95,132,0,0,1
96,134,95,133,0,0,1
96,135,95,134,0,0,1
96,136,95,135,0,0,1
96,137,95,136,0,0,1
96,138,95,137,0,0,1
96,139,95,138,0,0,1
96,140,95,139,0,0,1
96,141,95,140,0,0,1
96,142,95,141,0,0,1
96,143,95,142,0,0,1
96,144,95,143,0,0,1
96,145,95,144,0,0,1
96,146,95,145,0,0,1
96,147,95,146,0,0,1
96,148,95,147,0,0,1
96,149,95,148,0,0,1
96,150,95,149,0,0,1
96,151,95,150,0,0,1
96,152,95,151,0,0,1
96,153,95,152,0,0,1
96,154,95,153,0,0,1
96,155,95,154,0,0,1
96,156,95,155,0,0,1
96,157,95,156,0,0,1
96,158,95,157,0,0,1
96,159,95,158,0,0,1
96,160,95,159,0,0,1
96,161,95,160,0,0,1
96,162,95,161,0,0,1
96,163,95,162,0,0,1
96,164,95,163,0,0,1
96,165,95,164,0,0,1
96,166,95,165,0,0,1
96,167,95,166,0,0,1
96,168,95,167,0,0,1
96,169,95,168,0,0,1
96,170,95,169,0,0,1
96,171,95,170,0,0,1
96,172,95,171,0,0,1
96,173,95,172,0,0,1
96,174,95,173,0,0,1
96,175,95,174,0,0,1
96,176,95,175,0,0,1
96,177,95,176,0,0,1
96,178,95,177,0,0,1
96,179,95,178,0,0,1
96,180,95,179,0,0,1
96,181,95,180,0,0,1
96,182,95,181,0,0,1
96,183,95,182,0,0,1
96,184,95,183,0,0,1
96,185,95,184,0,0,1
96,186,95,185,0,0,1
96,187,95,186,0,0,1
96,188,95,187,0,0,1
96,189,95,188,0,0,1
96,190,95,189,0,0,1
96,191,95,190,0,0,1
96,192,95,191,0,0,1
96,193,95,192,0,0,1
96,194,95,193,0,0,1
96,195,95,194,0,0,1
96,196,95,195,0,0,1
96,197,95,196,0,0,1
96,198,95,197,0,0,1
96,199,95,198,0,0,1
96,200,95,199,0,0,1
96,201,95,200,0,0,1
96,202,95,201,0,0,1
96,203,95,202,0,0,1
96,204,95,203,0,0,1
96,205,95,204,0,0,1
96,206,95,205,0,0,1
96,207,95,206,0,0,1
96,208,95,207,0,0,1
96,209,95,208,0,0,1
96,210,95,209,0,0,1
96,211,95,210,0,0,1
96,212,95,211,0,0,1
96,213,95,212,0,0,1
96,214,95,213,0,0,1
96,215,95,214,0,0,1
96,216,95,215,0,0,1
96,217,95,216,0,0,1
96,218,95,217,0,0,1
96,219,95,218,0,0,1
96,220,95,219,0,0,1
96,221,95,220,0,0,1
96,222,95,221,0,0,1
96,223,95,222,0,0,1
96,224,95,223,0,0,1
96,225,95,228,0,0,1
96,226,95,225,0,0,1
96,227,95,226,0,0,1
96,228,95,227,0,0,1
96,229,95,224,0,0,1
96,230,95,229,0,0,1
96,231,95,230,0,0,1
96,232,95,231,0,0,1
96,233,95,232,0,0,1
96,234,95,233,0,0,1
96,235,95,234,0,0,1
96,236,95,235,0,0,1
96,237,95,236,0,0,1
96,238,95,237,0,0,1
96,239,95,238,0,0,1
96,240,95,239,0,0,1
96,241,95,240,0,0,1
96,242,95,241,0,0,1
96,243,95,242,0,0,1
97,98,96,97,27,27,6
97,99,96,98,21,21,6
97,100,96,99,15,15,6
97,101,96,100,0,0,1
97,102,96,101,0,0,1
97,103,96,102,0,0,1
97,104,96,103,0,0,1
97,105,96,104,0,0,1
97,106,96,105,0,0,1
97,107,96,106,0,0,1
97,108,96,107,0,0,1
97,109,96,108,0,0,1
97,110,96,109,0,0,1
97,111,96,110,0,0,1
97,112,96,111,0,0,1
97,113,96,112,0,0,1
97,114,96,113,0,0,1
97,115,96,114,0,0,1
97,116,96,115,0,0,1
97,117,96,116,0,0,1
97,118,96,117,0,0,1
97,119,96,118,0,0,1
97,120,96,119,0,0,1
97,121,96,120,0,0,1
97,122,96,121,0,0,1
97,123,96,122,0,0,1
97,124,96,123,0,0,1
97,125,96,124,0,0,1
97,126,96,125,0,0,1
97,127,96,126,0,0,1
97,128,96,127,0,0,1
97,129,96,128,0,0,1
97,130,96,129,0,0,1
97,131,96,130,0,0,1
97,132,96,131,0,0,1
97,133,96,132,0,0,1
97,134,96,133,0,0,1
97,135,96,134,0,0,1
97,136,96,135,0,0,1
97,137,96,136,0,0,1
97,138,96,137,0,0,1
97,139,96,138,0,0,1
97,140,96,139,0,0,1
97,141,96,140,0,0,1
97,142,96,141,0,0,1
97,143,96,142,0,0,1
97,144,96,143,0,0,1
97,145,96,144,0,0,1
97,146,96,145,0,0,1
97,147,96,146,0,0,1
97,148,96,147,0,0,1
97,149,96,148,0,0,1
97,150,96,149,0,0,1
97,151,96,150,0,0,1
97,152,96,151,0,0,1
97,153,96,152,0,0,1
97,154,96,153,0,0,1
97,155,96,154,0,0,1
97,156,96,155,0,0,1
97,157,96,156,0,0,1
97,158,96,157,0,0,1
97,159,96,158,0,0,1
97,160,96,159,0,0,1
97,161,96,160,0,0,1
97,162,96,161,0,0,1
97,163,96,162,0,0,1
97,164,96,163,0,0,1
97,165,96,164,0,0,1
97,166,96,165,0,0,1
97,167,96,166,0,0,1
97,168,96,167,0,0,1
97,169,96,168,0,0,1
97,170,96,169,0,0,1
97,171,96,170,0,0,1
97,172,96,171,0,0,1
97,173,96,172,0,0,1
97,174,96,173,0,0,1
97,175,96,174,0,0,1
97,176,96,175,0,0,1
97,177,96,176,0,0,1
97,178,96,177,0,0,1
97,179,96,178,0,0,1
97,180,96,179,0,0,1
97,181,96,180,0,0,1
97,182,96,181,0,0,1
97,183,96,182,0,0,1
97,184,96,183,0,0,1
97,185,96,184,0,0,1
97,186,96,185,0,0,1
97,187,96,186,0,0,1
97,188,96,187,0,0,1
97,189,96,188,0,0,1
97,190,96,189,0,0,1
97,191,96,190,0,0,1
97,192,96,191,0,0,1
97,193,96,192,0,0,1
97,194,96,193,0,0,1
97,195,96,194,0,0,1
97,196,96,195,0,0,1
97,197,96,196,0,0,1
97,198,96,197,0,0,1
97,199,96,198,0,0,1
97,200,96,199,0,0,1
97,201,96,200,0,0,1
97,202,96,201,0,0,1
97,203,96,202,0,0,1
97,204,96,203,0,0,1
97,205,96,204,0,0,1
97,206,96,205,0,0,1
97,207,96,206,0,0,1
97,208,96,207,0,0,1
97,209,96,208,0,0,1
97,210,96,209,0,0,1
97,211,96,210,0,0,1
97,212,96,211,0,0,1
97,213,96,212,0,0,1
97,214,96,213,0,0,1
97,215,96,214,0,0,1
97,216,96,215,0,0,1
97,217,96,216,0,0,1
97,218,96,217,0,0,1
97,219,96,218,0,0,1
97,220,96,219,0,0,1
97,221,96,220,0,0,1
97,222,96,221,0,0,1
97,223,96,222,0,0,1
97,224,96,223,0,0,1
97,225,96,228,0,0,1
97,226,96,225,0,0,1
97,227,96,226,0,0,1
97,228,96,227,0,0,1
97,229,96,224,0,0,1
97,230,96,229,0,0,1
97,231,96,230,0,0,1
97,232,96,231,0,0,1
97,233,96,232,0,0,1
97,234,96,233,0,0,1
97,235,96,234,0,0,1
97,236,96,235,0,0,1
97,237,96,236,0,0,1
97,238,96,237,0,0,1
97,239,96,238,0,0,1
97,240,96,239,0,0,1
97,241,96,240,0,0,1
97,242,96,241,0,0,1
97,243,96,242,0,0,1
98,99,97,98,32,32,6
98,100,97,99,17,16,6
98,101,97,100,0,0,1
98,102,97,101,0,0,1
98,103,97,102,0,0,1
98,104,97,103,0,0,1
98,105,97,104,0,0,1
98,106,97,105,0,0,1
98,107,97,106,0,0,1
98,108,97,107,0,0,1
98,109,97,108,0,0,1
98,110,97,109,0,0,1
98,111,97,110,0,0,1
98,112,97,111,0,0,1
98,113,97,112,0,0,1
98,114,97,113,0,0,1
98,115,97,114,0,0,1
98,116,97,115,0,0,1
98,117,97,116,0,0,1
98,118,97,117,0,0,1
98,119,97,118,0,0,1
98,120,97,119,0,0,1
98,121,97,120,0,0,1
98,122,97,121,0,0,1
98,123,97,122,0,0,1
98,124,97,123,0,0,1
98,125,97,124,0,0,1
98,126,97,125,0,0,1
98,127,97,126,0,0,1
98,128,97,127,0,0,1
98,129,97,128,0,0,1
98,130,97,129,0,0,1
98,131,97,130,0,0,1
98,132,97,131,0,0,1
98,133,97,132,0,0,1
98,134,97,133,0,0,1
98,135,97,134,0,0,1
98,136,97,135,0,0,1
98,137,97,136,0,0,1
98,138,97,137,0,0,1
98,139,97,138,0,0,1
98,140,97,139,0,0,1
98,141,97,140,0,0,1
98,142,97,141,0,0,1
98,143,97,142,0,0,1
98,144,97,143,0,0,1
98,145,97,144,0,0,1
98,146,97,145,0,0,1
98,147,97,146,0,0,1
98,148,97,147,0,0,1
98,149,97,148,0,0,1
98,150,97,149,0,0,1
98,151,97,150,0,0,1
98,152,97,151,0,0,1
98,153,97,152,0,0,1
98,154,97,153,0,0,1
98,155,97,154,0,0,1
98,156,97,155,0,0,1
98,157,97,156,0,0,1
98,158,97,157,0,0,1
98,159,97,158,0,0,1
98,160,97,159,0,0,1
98,161,97,160,0,0,1
98,162,97,161,0,0,1
98,163,97,162,0,0,1
98,164,97,163,0,0,1
98,165,97,164,0,0,1
98,166,97,165,0,0,1
98,167,97,166,0,0,1
98,168,97,167,0,0,1
98,169,97,168,0,0,1
98,170,97,169,0,0,1
98,171,97,170,0,0,1
98,172,97,171,0,0,1
98,173,97,172,0,0,1
98,174,97,173,0,0,1
98,175,97,174,0,0,1
98,176,97,175,0,0,1
98,177,97,176,0,0,1
98,178,97,177,0,0,1
98,179,97,178,0,0,1
98,180,97,179,0,0,1
98,181,97,180,0,0,1
98,182,97,181,0,0,1
98,183,97,182,0,0,1
98,184,97,183,0,0,1
98,185,97,184,0,0,1
98,186,97,185,0,0,1
98,187,97,186,0,0,1
98,188,97,187,0,0,1
98,189,97,188,0,0,1
98,190,97,189,0,0,1
98,191,97,190,0,0,1
98,192,97,191,0,0,1
98,193,97,192,0,0,1
98,194,97,193,0,0,1
98,195,97,194,0,0,1
98,196,97,195,0,0,1
98,197,97,196,0,0,1
98,198,97,197,0,0,1
98,199,97,198,0,0,1
98,200,97,199,0,0,1
98,201,97,200,0,0,1
98,202,97,201,0,0,1
98,203,97,202,0,0,1
98,204,97,203,0,0,1
98,205,97,204,0,0,1
98,206,97,205,0,0,1
98,207,97,206,0,0,1
98,208,97,207,0,0,1
98,209,97,208,0,0,1
98,210,97,209,0,0,1
98,211,97,210,0,0,1
98,212,97,211,0,0,1
98,213,97,212,0,0,1
98,214,97,213,0,0,1
98,215,97,214,0,0,1
98,216,97,215,0,0,1
98,217,97,216,0,0,1
98,218,97,217,0,0,1
98,219,97,218,0,0,1
98,220,97,219,0,0,1
98,221,97,220,0,0,1
98,222,97,221,0,0,1
98,223,97,222,0,0,1
98,224,97,223,0,0,1
98,225,97,228,0,0,1
98,226,97,225,0,0,1
98,227,97,226,0,0,1
98,228,97,227,0,0,1
98,229,97,224,0,0,1
98,230,97,229,0,0,1
98,231,97,230,0,0,1
98,232,97,231,0,0,1
98,233,97,232,0,0,1
98,234,97,233,0,0,1
98,235,97,234,0,0,1
98,236,97,235,0,0,1
98,237,97,236,0,0,1
98,238,97,237,0,0,1
98,239,97,238,0,0,1
98,240,97,239,0,0,1
98,241,97,240,0,0,1
98,242,97,241,0,0,1
98,243,97,242,0,0,1
99,100,98,99,22,21,6
99,101,98,100,15,15,6
99,102,98,101,15,0,1
99,103,98,102,0,0,1
99,104,98,103,0,0,1
99,105,98,104,0,0,1
99,106,98,105,0,0,1
99,107,98,106,0,0,1
99,108,98,107,0,0,1
99,109,98,108,0,0,1
99,110,98,109,0,0,1
99,111,98,110,0,0,1
99,112,98,111,0,0,1
99,113,98,112,0,0,1
99,114,98,113,0,0,1
99,115,98,114,0,0,1
99,116,98,115,0,0,1
99,117,98,116,0,0,1
99,118,98,117,0,0,1
99,119,98,118,0,0,1
99,120,98,119,0,0,1
99,121,98,120,0,0,1
99,122,98,121,0,0,1
99,123,98,122,0,0,1
99,124,98,123,0,0,1
99,125,98,124,0,0,1
99,126,98,125,0,0,1
99,127,98,126,0,0,1
99,128,98,127,0,0,1
99,129,98,128,0,0,1
99,130,98,129,0,0,1
99,131,98,130,0,0,1
99,132,98,131,0,0,1
99,133,98,132,0,0,1
99,134,98,133,0,0,1
99,135,98,134,0,0,1
99,136,98,135,0,0,1
99,137,98,136,0,0,1
99,138,98,137,0,0,1
99,139,98,138,0,0,1
99,140,98,139,0,0,1
99,141,98,140,0,0,1
99,142,98,141,0,0,1
99,143,98,142,0,0,1
99,144,98,143,0,0,1
99,145,98,144,0,0,1
99,146,98,145,0,0,1
99,147,98,146,0,0,1
99,148,98,147,0,0,1
99,149,98,148,0,0,1
99,150,98,149,0,0,1
99,151,98,150,0,0,1
99,152,98,151,0,0,1
99,153,98,152,0,0,1
99,154,98,153,0,0,1
99,155,98,154,0,0,1
99,156,98,155,0,0,1
99,157,98,156,0,0,1
99,158,98,157,0,0,1
99,159,98,158,0,0,1
99,160,98,159,0,0,1
99,161,98,160,0,0,1
99,162,98,161,0,0,1
99,163,98,162,0,0,1
99,164,98,163,0,0,1
99,165,98,164,0,0,1
99,166,98,165,0,0,1
99,167,98,166,0,0,1
99,168,98,167,0,0,1
99,169,98,168,0,0,1
99,170,98,169,0,0,1
99,171,98,170,0,0,1
99,172,98,171,0,0,1
99,173,98,172,0,0,1
99,174,98,173,0,0,1
99,175,98,174,0,0,1
99,176,98,175,0,0,1
99,177,98,176,0,0,1
99,178,98,177,0,0,1
99,179,98,178,0,0,1
99,180,98,179,0,0,1
99,181,98,180,0,0,1
99,182,98,181,0,0,1
99,183,98,182,0,0,1
99,184,98,183,0,0,1
99,185,98,184,0,0,1
99,186,98,185,0,0,1
99,187,98,186,0,0,1
99,188,98,187,0,0,1
99,189,98,188,0,0,1
99,190,98,189,0,0,1
99,191,98,190,0,0,1
99,192,98,191,0,0,1
99,193,98,192,0,0,1
99,194,98,193,0,0,1
99,195,98,194,0,0,1
99,196,98,195,0,0,1
99,197,98,196,0,0,1
99,198,98,197,0,0,1
99,199,98,198,0,0,1
99,200,98,199,0,0,1
99,201,98,200,0,0,1
99,202,98,201,0,0,1
99,203,98,202,0,0,1
99,204,98,203,0,0,1
99,205,98,204,0,0,1
99,206,98,205,0,0,1
99,207,98,206,0,0,1
99,208,98,207,0,0,1
99,209,98,208,0,0,1
99,210,98,209,0,0,1
99,211,98,210,0,0,1
99,212,98,211,0,0,1
99,213,98,212,0,0,1
99,214,98,213,0,0,1
99,215,98,214,0,0,1
99,216,98,215,0,0,1
99,217,98,216,0,0,1
99,218,98,217,0,0,1
99,219,98,218,0,0,1
99,220,98,219,0,0,1
99,221,98,220,0,0,1
99,222,98,221,0,0,1
99,223,98,222,0,0,1
99,224,98,223,0,0,1
99,225,98,228,0,0,1
99,226,98,225,0,0,1
99,227,98,226,0,0,1
99,228,98,227,0,0,1
99,229,98,224,0,0,1
99,230,98,229,0,0,1
99,231,98,230,0,0,1
99,232,98,231,0,0,1
99,233,98,232,0,0,1
99,234,98,233,0,0,1
99,235,98,234,0,0,1
99,236,98,235,0,0,1
99,237,98,236,0,0,1
99,238,98,237,0,0,1
99,239,98,238,0,0,1
99,240,98,239,0,0,1
99,241,98,240,0,0,1
99,242,98,241,0,0,1
99,243,98,242,0,0,1
100,101,99,100,18,18,6
100,102,99,101,19,18,6
100,103,99,102,0,0,1
100,104,99,103,0,0,1
100,105,99,104,0,0,1
100,106,99,105,0,0,1
100,107,99,106,0,0,1
100,108,99,107,0,0,1
100,109,99,108,0,0,1
100,110,99,109,0,0,1
100,111,99,110,0,0,1
100,112,99,111,0,0,1
100,113,99,112,0,0,1
100,114,99,113,0,0,1
100,115,99,114,0,0,1
100,116,99,115,0,0,1
100,117,99,116,0,0,1
100,118,99,117,0,0,1
100,119,99,118,0,0,1
100,120,99,119,0,0,1
100,121,99,120,0,0,1
100,122,99,121,0,0,1
100,123,99,122,0,0,1
100,124,99,123,0,0,1
100,125,99,124,0,0,1
100,126,99,125,0,0,1
100,127,99,126,0,0,1
100,128,99,127,0,0,1
100,129,99,128,0,0,1
100,130,99,129,0,0,1
100,131,99,130,0,0,1
100,132,99,131,0,0,1
100,133,99,132,0,0,1
100,134,99,133,0,0,1
100,135,99,134,0,0,1
100,136,99,135,0,0,1
100,137,99,136,0,0,1
100,138,99,137,0,0,1
100,139,99,138,0,0,1
100,140,99,139,0,0,1
100,141,99,140,0,0,1
100,142,99,141,0,0,1
100,143,99,142,0,0,1
100,144,99,143,0,0,1
100,145,99,144,0,0,1
100,146,99,145,0,0,1
100,147,99,146,0,0,1
100,148,99,147,0,0,1
100,149,99,148,0,0,1
100,150,99,149,0,0,1
100,151,99,150,0,0,1
100,152,99,151,0,0,1
100,153,99,152,0,0,1
100,154,99,153,0,0,1
100,155,99,154,0,0,1
100,156,99,155,0,0,1
100,157,99,156,0,0,1
100,158,99,157,0,0,1
100,159,99,158,0,0,1
100,160,99,159,0,0,1
100,161,99,160,0,0,1
100,162,99,161,0,0,1
100,163,99,162,0,0,1
100,164,99,163,0,0,1
100,165,99,164,0,0,1
100,166,99,165,0,0,1
100,167,99,166,0,0,1
100,168,99,167,0,0,1
100,169,99,168,0,0,1
100,170,99,169,0,0,1
100,171,99,170,0,0,1
100,172,99,171,0,0,1
100,173,99,172,0,0,1
100,174,99,173,0,0,1
100,175,99,174,0,0,1
100,176,99,175,0,0,1
100,177,99,176,0,0,1
100,178,99,177,0,0,1
100,179,99,178,0,0,1
100,180,99,179,0,0,1
100,181,99,180,0,0,1
100,182,99,181,0,0,1
100,183,99,182,0,0,1
100,184,99,183,0,0,1
100,185,99,184,0,0,1
100,186,99,185,0,0,1
100,187,99,186,0,0,1
100,188,99,187,0,0,1
100,189,99,188,0,0,1
100,190,99,189,0,0,1
100,191,99,190,0,0,1
100,192,99,191,0,0,1
100,193,99,192,0,0,1
100,194,99,193,0,0,1
100,195,99,194,0,0,1
100,196,99,195,0,0,1
100,197,99,196,0,0,1
100,198,99,197,0,0,1
100,199,99,198,0,0,1
100,200,99,199,0,0,1
100,201,99,200,0,0,1
100,202,99,201,0,0,1
100,203,99,202,0,0,1
100,204,99,203,0,0,1
100,205,99,204,0,0,1
100,206,99,205,0,0,1
100,207,99,206,0,0,1
100,208,99,207,0,0,1
100,209,99,208,0,0,1
100,210,99,209,0,0,1
100,211,99,210,0,0,1
100,212,99,211,0,0,1
100,213,99,212,0,0,1
100,214,99,213,0,0,1
100,215,99,214,0,0,1
100,216,99,215,0,0,1
100,217,99,216,0,0,1
100,218,99,217,0,0,1
100,219,99,218,0,0,1
100,220,99,219,0,0,1
100,221,99,220,0,0,1
100,222,99,221,0,0,1
100,223,99,222,0,0,1
100,224,99,223,0,0,1
100,225,99,228,0,0,1
100,226,99,225,0,0,1
100,227,99,226,0,0,1
100,228,99,227,0,0,1
100,229,99,224,0,0,1
100,230,99,229,0,0,1
100,231,99,230,0,0,1
100,232,99,231,0,0,1
100,233,99,232,0,0,1
100,234,99,233,0,0,1
100,235,99,234,0,0,1
100,236,99,235,0,0,1
100,237,99,236,0,0,1
100,238,99,237,0,0,1
100,239,99,238,0,0,1
100,240,99,239,0,0,1
100,241,99,240,0,0,1
100,242,99,241,0,0,1
100,243,99,242,0,0,1
101,102,100,101,20,19,6
101,103,100,102,0,0,1
101,104,100,103,0,0,1
101,105,100,104,0,0,1
101,106,100,105,0,0,1
101,107,100,106,0,0,1
101,108,100,107,0,0,1
101,109,100,108,0,0,1
101,110,100,109,0,0,1
101,111,100,110,0,0,1
101,112,100,111,0,0,1
101,113,100,112,0,0,1
101,114,100,113,0,0,1
101,115,100,114,0,0,1
101,116,100,115,0,0,1
101,117,100,116,0,0,1
101,118,100,117,0,0,1
101,119,100,118,0,0,1
101,120,100,119,0,0,1
101,121,100,120,0,0,1
101,122,100,121,0,0,1
101,123,100,122,0,0,1
101,124,100,123,0,0,1
101,125,100,124,0,0,1
101,126,100,125,0,0,1
101,127,100,126,0,0,1
101,128,100,127,0,0,1
101,129,100,128,0,0,1
101,130,100,129,0,0,1
101,131,100,130,0,0,1
101,132,100,131,0,0,1
101,133,100,132,0,0,1
101,134,100,133,0,0,1
101,135,100,134,0,0,1
101,136,100,135,0,0,1
101,137,100,136,0,0,1
101,138,100,137,0,0,1
101,139,100,138,0,0,1
101,140,100,139,0,0,1
101,141,100,140,0,0,1
101,142,100,141,0,0,1
101,143,100,142,0,0,1
101,144,100,143,0,0,1
101,145,100,144,0,0,1
101,146,100,145,0,0,1
101,147,100,146,0,0,1
101,148,100,147,0,0,1
101,149,100,148,0,0,1
101,150,100,149,0,0,1
101,151,100,150,0,0,1
101,152,100,151,0,0,1
101,153,100,152,0,0,1
101,154,100,153,0,0,1
101,155,100,154,0,0,1
101,156,100,155,0,0,1
101,157,100,156,0,0,1
101,158,100,157,0,0,1
101,159,100,158,0,0,1
101,160,100,159,0,0,1
101,161,100,160,0,0,1
101,162,100,161,0,0,1
101,163,100,162,0,0,1
101,164,100,163,0,0,1
101,165,100,164,0,0,1
101,166,100,165,0,0,1
101,167,100,166,0,0,1
101,168,100,167,0,0,1
101,169,100,168,0,0,1
101,170,100,169,0,0,1
101,171,100,170,0,0,1
101,172,100,171,0,0,1
101,173,100,172,0,0,1
101,174,100,173,0,0,1
101,175,100,174,0,0,1
101,176,100,175,0,0,1
101,177,100,176,0,0,1
101,178,100,177,0,0,1
101,179,100,178,0,0,1
101,180,100,179,0,0,1
101,181,100,180,0,0,1
101,182,100,181,0,0,1
101,183,100,182,0,0,1
101,184,100,183,0,0,1
101,185,100,184,0,0,1
101,186,100,185,0,0,1
101,187,100,186,0,0,1
101,188,100,187,0,0,1
101,189,100,188,0,0,1
101,190,100,189,0,0,1
101,191,100,190,0,0,1
101,192,100,191,0,0,1
101,193,100,192,0,0,1
101,194,100,193,0,0,1
101,195,100,194,0,0,1
101,196,100,195,0,0,1
101,197,100,196,0,0,1
101,198,100,197,0,0,1
101,199,100,198,0,0,1
101,200,100,199,0,0,1
101,201,100,200,0,0,1
101,202,100,201,0,0,1
101,203,100,202,0,0,1
101,204,100,203,0,0,1
101,205,100,204,0,0,1
101,206,100,205,0,0,1
101,207,100,206,0,0,1
101,208,100,207,0,0,1
101,209,100,208,0,0,1
101,210,100,209,0,0,1
101,211,100,210,0,0,1
101,212,100,211,0,0,1
101,213,100,212,0,0,1
101,214,100,213,0,0,1
101,215,100,214,0,0,1
101,216,100,215,0,0,1
101,217,100,216,0,0,1
101,218,100,217,0,0,1
101,219,100,218,0,0,1
101,220,100,219,0,0,1
101,221,100,220,0,0,1
101,222,100,221,0,0,1
101,223,100,222,0,0,1
101,224,100,223,0,0,1
101,225,100,228,0,0,1
101,226,100,225,0,0,1
101,227,100,226,0,0,1
101,228,100,227,0,0,1
101,229,100,224,0,0,1
101,230,100,229,0,0,1
101,231,100,230,0,0,1
101,232,100,231,0,0,1
101,233,100,232,0,0,1
101,234,100,233,0,0,1
101,235,100,234,0,0,1
101,236,100,235,0,0,1
101,237,100,236,0,0,1
101,238,100,237,0,0,1
101,239,100,238,0,0,1
101,240,100,239,0,0,1
101,241,100,240,0,0,1
101,242,100,241,0,0,1
101,243,100,242,0,0,1
102,103,101,102,0,0,1
102,104,101,103,0,0,1
102,105,101,104,0,0,1
102,106,101,105,0,0,1
102,107,101,106,0,0,1
102,108,101,107,0,0,1
102,109,101,108,0,0,1
102,110,101,109,0,0,1
102,111,101,110,0,0,1
102,112,101,111,0,0,1
102,113,101,112,0,0,1
102,114,101,113,0,0,1
102,115,101,114,0,0,1
102,116,101,115,0,0,1
102,117,101,116,0,0,1
102,118,101,117,0,0,1
102,119,101,118,0,0,1
102,120,101,119,0,0,1
102,121,101,120,0,0,1
102,122,101,121,0,0,1
102,123,101,122,0,0,1
102,124,101,123,0,0,1
102,125,101,124,0,0,1
102,126,101,125,0,0,1
102,127,101,126,0,0,1
102,128,101,127,0,0,1
102,129,101,128,0,0,1
102,130,101,129,0,0,1
102,131,101,130,0,0,1
102,132,101,131,0,0,1
102,133,101,132,0,0,1
102,134,101,133,0,0,1
102,135,101,134,0,0,1
102,136,101,135,0,0,1
102,137,101,136,0,0,1
102,138,101,137,0,0,1
102,139,101,138,0,0,1
102,140,101,139,0,0,1
102,141,101,140,0,0,1
102,142,101,141,0,0,1
102,143,101,142,0,0,1
102,144,101,143,0,0,1
102,145,101,144,0,0,1
102,146,101,145,0,0,1
102,147,101,146,0,0,1
102,148,101,147,0,0,1
102,149,101,148,0,0,1
102,150,101,149,0,0,1
102,151,101,150,0,0,1
102,152,101,151,0,0,1
102,153,101,152,0,0,1
102,154,101,153,0,0,1
102,155,101,154,0,0,1
102,156,101,155,0,0,1
102,157,101,156,0,0,1
102,158,101,157,0,0,1
102,159,101,158,0,0,1
102,160,101,159,0,0,1
102,161,101,160,0,0,1
102,162,101,161,0,0,1
102,163,101,162,0,0,1
102,164,101,163,0,0,1
102,165,101,164,0,0,1
102,166,101,165,0,0,1
102,167,101,166,0,0,1
102,168,101,167,0,0,1
102,169,101,168,0,0,1
102,170,101,169,0,0,1
102,171,101,170,0,0,1
102,172,101,171,0,0,1
102,173,101,172,0,0,1
102,174,101,173,0,0,1
102,175,101,174,0,0,1
102,176,101,175,0,0,1
102,177,101,176,0,0,1
102,178,101,177,0,0,1
102,179,101,178,0,0,1
102,180,101,179,0,0,1
102,181,101,180,0,0,1
102,182,101,181,0,0,1
102,183,101,182,0,0,1
102,184,101,183,0,0,1
102,185,101,184,0,0,1
102,186,101,185,0,0,1
102,187,101,186,0,0,1
102,188,101,187,0,0,1
102,189,101,188,0,0,1
102,190,101,189,0,0,1
102,191,101,190,0,0,1
102,192,101,191,0,0,1
102,193,101,192,0,0,1
102,194,101,193,0,0,1
102,195,101,194,0,0,1
102,196,101,195,0,0,1
102,197,101,196,0,0,1
102,198,101,197,0,0,1
102,199,101,198,0,0,1
102,200,101,199,0,0,1
102,201,101,200,0,0,1
102,202,101,201,0,0,1
102,203,101,202,0,0,1
102,204,101,203,0,0,1
102,205,101,204,0,0,1
102,206,101,205,0,0,1
102,207,101,206,0,0,1
102,208,101,207,0,0,1
102,209,101,208,0,0,1
102,210,101,209,0,0,1
102,211,101,210,0,0,1
102,212,101,211,0,0,1
102,213,101,212,0,0,1
102,214,101,213,0,0,1
102,215,101,214,0,0,1
102,216,101,215,0,0,1
102,217,101,216,0,0,1
102,218,101,217,0,0,1
102,219,101,218,0,0,1
102,220,101,219,0,0,1
102,221,101,220,0,0,1
102,222,101,221,0,0,1
102,223,101,222,0,0,1
102,224,101,223,0,0,1
102,225,101,228,0,0,1
102,226,101,225,0,0,1
102,227,101,226,0,0,1
102,228,101,227,0,0,1
102,229,101,224,0,0,1
102,230,101,229,0,0,1
102,231,101,230,0,0,1
102,232,101,231,0,0,1
102,233,101,232,0,0,1
102,234,101,233,0,0,1
102,235,101,234,0,0,1
102,236,101,235,0,0,1
102,237,101,236,0,0,1
102,238,101,237,0,0,1
102,239,101,238,0,0,1
102,240,101,239,0,0,1
102,241,101,240,0,0,1
102,242,101,241,0,0,1
102,243,101,242,0,0,1
103,104,102,103,0,0,1
103,105,102,104,0,0,1
103,106,102,105,0,0,1
103,107,102,106,0,0,1
103,108,102,107,0,0,1
103,109,102,108,0,0,1
103,110,102,109,0,0,1
103,111,102,110,0,0,1
103,112,102,111,0,0,1
103,113,102,112,0,0,1
103,114,102,113,0,0,1
103,115,102,114,0,0,1
103,116,102,115,0,0,1
103,117,102,116,0,0,1
103,118,102,117,0,0,1
103,119,102,118,0,0,1
103,120,102,119,0,0,1
103,121,102,120,0,0,1
103,122,102,121,0,0,1
103,123,102,122,0,0,1
103,124,102,123,0,0,1
103,125,102,124,0,0,1
103,126,102,125,0,0,1
103,127,102,126,0,0,1
103,128,102,127,0,0,1
103,129,102,128,0,0,1
103,130,102,129,0,0,1
103,131,102,130,0,0,1
103,132,102,131,0,0,1
103,133,102,132,0,0,1
103,134,102,133,0,0,1
103,135,102,134,0,0,1
103,136,102,135,0,0,1
103,137,102,136,0,0,1
103,138,102,137,0,0,1
103,139,102,138,0,0,1
103,140,102,139,0,0,1
103,141,102,140,0,0,1
103,142,102,141,0,0,1
103,143,102,142,0,0,1
103,144,102,143,0,0,1
103,145,102,144,0,0,1
103,146,102,145,0,0,1
103,147,102,146,0,0,1
103,148,102,147,0,0,1
103,149,102,148,0,0,1
103,150,102,149,0,0,1
103,151,102,150,0,0,1
103,152,102,151,0,0,1
103,153,102,152,0,0,1
103,154,102,153,0,0,1
103,155,102,154,0,0,1
103,156,102,155,0,0,1
103,157,102,156,0,0,1
103,158,102,157,0,0,1
103,159,102,158,0,0,1
103,160,102,159,0,0,1
103,161,102,160,0,0,1
103,162,102,161,0,0,1
103,163,102,162,0,0,1
103,164,102,163,0,0,1
103,165,102,164,0,0,1
103,166,102,165,0,0,1
103,167,102,166,0,0,1
103,168,102,167,0,0,1
103,169,102,168,0,0,1
103,170,102,169,0,0,1
103,171,102,170,0,0,1
103,172,102,171,0,0,1
103,173,102,172,0,0,1
103,174,102,173,0,0,1
103,175,102,174,0,0,1
103,176,102,175,0,0,1
103,177,102,176,0,0,1
103,178,102,177,0,0,1
103,179,102,178,0,0,1
103,180,102,179,0,0,1
103,181,102,180,0,0,1
103,182,102,181,0,0,1
103,183,102,182,0,0,1
103,184,102,183,0,0,1
103,185,102,184,0,0,1
103,186,102,185,0,0,1
103,187,102,186,0,0,1
103,188,102,187,0,0,1
103,189,102,188,0,0,1
103,190,102,189,0,0,1
103,191,102,190,0,0,1
103,192,102,191,0,0,1
103,193,102,192,0,0,1
103,194,102,193,0,0,1
103,195,102,194,0,0,1
103,196,102,195,0,0,1
103,197,102,196,0,0,1
103,198,102,197,0,0,1
103,199,102,198,0,0,1
103,200,102,199,0,0,1
103,201,102,200,0,0,1
103,202,102,201,0,0,1
103,203,102,202,0,0,1
103,204,102,203,0,0,1
103,205,102,204,0,0,1
103,206,102,205,0,0,1
103,207,102,206,0,0,1
103,208,102,207,0,0,1
103,209,102,208,0,0,1
103,210,102,209,0,0,1
103,211,102,210,0,0,1
103,212,102,211,0,0,1
103,213,102,212,0,0,1
103,214,102,213,0,0,1
103,215,102,214,0,0,1
103,216,102,215,0,0,1
103,217,102,216,0,0,1
103,218,102,217,0,0,1
103,219,102,218,0,0,1
103,220,102,219,0,0,1
103,221,102,220,0,0,1
103,222,102,221,0,0,1
103,223,102,222,0,0,1
103,224,102,223,0,0,1
103,225,102,228,0,0,1
103,226,102,225,0,0,1
103,227,102,226,0,0,1
103,228,102,227,0,0,1
103,229,102,224,0,0,1
103,230,102,229,0,0,1
103,231,102,230,0,0,1
103,232,102,231,0,0,1
103,233,102,232,0,0,1
103,234,102,233,0,0,1
103,235,102,234,0,0,1
103,236,102,235,0,0,1
103,237,102,236,0,0,1
103,238,102,237,0,0,1
103,239,102,238,0,0,1
103,240,102,239,0,0,1
103,241,102,240,0,0,1
103,242,102,241,0,0,1
103,243,102,242,0,0,1
104,105,103,104,0,0,1
104,106,103,105,0,0,1
104,107,103,106,0,0,1
104,108,103,107,0,0,1
104,109,103,108,0,0,1
104,110,103,109,0,0,1
104,111,103,110,0,0,1
104,112,103,111,0,0,1
104,113,103,112,0,0,1
104,114,103,113,0,0,1
104,115,103,114,0,0,1
104,116,103,115,0,0,1
104,117,103,116,0,0,1
104,118,103,117,0,0,1
104,119,103,118,0,0,1
104,120,103,119,0,0,1
104,121,103,120,0,0,1
104,122,103,121,0,0,1
104,123,103,122,0,0,1
104,124,103,123,0,0,1
104,125,103,124,0,0,1
104,126,103,125,0,0,1
104,127,103,126,0,0,1
104,128,103,127,0,0,1
104,129,103,128,0,0,1
104,130,103,129,0,0,1
104,131,103,130,0,0,1
104,132,103,131,0,0,1
104,133,103,132,0,0,1
104,134,103,133,0,0,1
104,135,103,134,0,0,1
104,136,103,135,0,0,1
104,137,103,136,0,0,1
104,138,103,137,0,0,1
104,139,103,138,0,0,1
104,140,103,139,0,0,1
104,141,103,140,0,0,1
104,142,103,141,0,0,1
104,143,103,142,0,0,1
104,144,103,143,0,0,1
104,145,103,144,0,0,1
104,146,103,145,0,0,1
104,147,103,146,0,0,1
104,148,103,147,0,0,1
104,149,103,148,0,0,1
104,150,103,149,0,0,1
104,151,103,150,0,0,1
104,152,103,151,0,0,1
104,153,103,152,0,0,1
104,154,103,153,0,0,1
104,155,103,154,0,0,1
104,156,103,155,0,0,1
104,157,103,156,0,0,1
104,158,103,157,0,0,1
104,159,103,158,0,0,1
104,160,103,159,0,0,1
104,161,103,160,0,0,1
104,162,103,161,0,0,1
104,163,103,162,0,0,1
104,164,103,163,0,0,1
104,165,103,164,0,0,1
104,166,103,165,0,0,1
104,167,103,166,0,0,1
104,168,103,167,0,0,1
104,169,103,168,0,0,1
104,170,103,169,0,0,1
104,171,103,170,0,0,1
104,172,103,171,0,0,1
104,173,103,172,0,0,1
104,174,103,173,0,0,1
104,175,103,174,0,0,1
104,176,103,175,0,0,1
104,177,103,176,0,0,1
104,178,103,177,0,0,1
104,179,103,178,0,0,1
104,180,103,179,0,0,1
104,181,103,180,0,0,1
104,182,103,181,0,0,1
104,183,103,182,0,0,1
104,184,103,183,0,0,1
104,185,103,184,0,0,1
104,186,103,185,0,0,1
104,187,103,186,0,0,1
104,188,103,187,0,0,1
104,189,103,188,0,0,1
104,190,103,189,0,0,1
104,191,103,190,0,0,1
104,192,103,191,0,0,1
104,193,103,192,0,0,1
104,194,103,193,0,0,1
104,195,103,194,0,0,1
104,196,103,195,0,0,1
104,197,103,196,0,0,1
104,198,103,197,0,0,1
104,199,103,198,0,0,1
104,200,103,199,0,0,1
104,201,103,200,0,0,1
104,202,103,201,0,0,1
104,203,103,202,0,0,1
104,204,103,203,0,0,1
104,205,103,204,0,0,1
104,206,103,205,0,0,1
104,207,103,206,0,0,1
104,208,103,207,0,0,1
104,209,103,208,0,0,1
104,210,103,209,0,0,1
104,211,103,210,0,0,1
104,212,103,211,0,0,1
104,213,103,212,0,0,1
104,214,103,213,0,0,1
104,215,103,214,0,0,1
104,216,103,215,0,0,1
104,217,103,216,0,0,1
104,218,103,217,0,0,1
104,219,103,218,0,0,1
104,220,103,219,0,0,1
104,221,103,220,0,0,1
104,222,103,221,0,0,1
104,223,103,222,0,0,1
104,224,103,223,0,0,1
104,225,103,228,0,0,1
104,226,103,225,0,0,1
104,227,103,226,0,0,1
104,228,103,227,0,0,1
104,229,103,224,0,0,1
104,230,103,229,0,0,1
104,231,103,230,0,0,1
104,232,103,231,0,0,1
104,233,103,232,0,0,1
104,234,103,233,0,0,1
104,235,103,234,0,0,1
104,236,103,235,0,0,1
104,237,103,236,0,0,1
104,238,103,237,0,0,1
104,239,103,238,0,0,1
104,240,103,239,0,0,1
104,241,103,240,0,0,1
104,242,103,241,0,0,1
104,243,103,242,0,0,1
105,106,104,105,16,0,1
105,107,104,106,0,0,1
105,108,104,107,0,0,1
105,109,104,108,0,0,1
105,110,104,109,0,0,1
105,111,104,110,0,0,1
105,112,104,111,0,0,1
105,113,104,112,0,0,1
105,114,104,113,0,0,1
105,115,104,114,0,0,1
105,116,104,115,0,0,1
105,117,104,116,0,0,1
105,118,104,117,0,0,1
105,119,104,118,0,0,1
105,120,104,119,0,0,1
105,121,104,120,0,0,1
105,122,104,121,0,0,1
105,123,104,122,0,0,1
105,124,104,123,0,0,1
105,125,104,124,0,0,1
105,126,104,125,0,0,1
105,127,104,126,0,0,1
105,128,104,127,0,0,1
105,129,104,128,0,0,1
105,130,104,129,0,0,1
105,131,104,130,0,0,1
105,132,104,131,0,0,1
105,133,104,132,0,0,1
105,134,104,133,0,0,1
105,135,104,134,0,0,1
105,136,104,135,0,0,1
105,137,104,136,0,0,1
105,138,104,137,0,0,1
105,139,104,138,0,0,1
105,140,104,139,0,0,1
105,141,104,140,0,0,1
105,142,104,141,0,0,1
105,143,104,142,0,0,1
105,144,104,143,0,0,1
105,145,104,144,0,0,1
105,146,104,145,0,0,1
105,147,104,146,0,0,1
105,148,104,147,0,0,1
105,149,104,148,0,0,1
105,150,104,149,0,0,1
105,151,104,150,0,0,1
105,152,104,151,0,0,1
105,153,104,152,0,0,1
105,154,104,153,0,0,1
105,155,104,154,0,0,1
105,156,104,155,0,0,1
105,157,104,156,0,0,1
105,158,104,157,0,0,1
105,159,104,158,0,0,1
105,160,104,159,0,0,1
105,161,104,160,0,0,1
105,162,104,161,0,0,1
105,163,104,162,0,0,1
105,164,104,163,0,0,1
105,165,104,164,0,0,1
105,166,104,165,0,0,1
105,167,104,166,0,0,1
105,168,104,167,0,0,1
105,169,104,168,0,0,1
105,170,104,169,0,0,1
105,171,104,170,0,0,1
105,172,104,171,0,0,1
105,173,104,172,0,0,1
105,174,104,173,0,0,1
105,175,104,174,0,0,1
105,176,104,175,0,0,1
105,177,104,176,0,0,1
105,178,104,177,0,0,1
105,179,104,178,0,0,1
105,180,104,179,0,0,1
105,181,104,180,0,0,1
105,182,104,181,0,0,1
105,183,104,182,0,0,1
105,184,104,183,0,0,1
105,185,104,184,0,0,1
105,186,104,185,0,0,1
105,187,104,186,0,0,1
105,188,104,187,0,0,1
105,189,104,188,0,0,1
105,190,104,189,0,0,1
105,191,104,190,0,0,1
105,192,104,191,0,0,1
105,193,104,192,0,0,1
105,194,104,193,0,0,1
105,195,104,194,0,0,1
105,196,104,195,0,0,1
105,197,104,196,0,0,1
105,198,104,197,0,0,1
105,199,104,198,0,0,1
105,200,104,199,0,0,1
105,201,104,200,0,0,1
105,202,104,201,0,0,1
105,203,104,202,0,0,1
105,204,104,203,0,0,1
105,205,104,204,0,0,1
105,206,104,205,0,0,1
105,207,104,206,0,0,1
105,208,104,207,0,0,1
105,209,104,208,0,0,1
105,210,104,209,0,0,1
105,211,104,210,0,0,1
105,212,104,211,0,0,1
105,213,104,212,0,0,1
105,214,104,213,0,0,1
105,215,104,214,0,0,1
105,216,104,215,0,0,1
105,217,104,216,0,0,1
105,218,104,217,0,0,1
105,219,104,218,0,0,1
105,220,104,219,0,0,1
105,221,104,220,0,0,1
105,222,104,221,0,0,1
105,223,104,222,0,0,1
105,224,104,223,0,0,1
105,225,104,228,0,0,1
105,226,104,225,0,0,1
105,227,104,226,0,0,1
105,228,104,227,0,0,1
105,229,104,224,0,0,1
105,230,104,229,0,0,1
105,231,104,230,0,0,1
105,232,104,231,0,0,1
105,233,104,232,0,0,1
105,234,104,233,0,0,1
105,235,104,234,0,0,1
105,236,104,235,0,0,1
105,237,104,236,0,0,1
105,238,104,237,0,0,1
105,239,104,238,0,0,1
105,240,104,239,0,0,1
105,241,104,240,0,0,1
105,242,104,241,0,0,1
105,243,104,242,0,0,1
106,107,105,106,0,0,1
106,108,105,107,0,0,1
106,109,105,108,0,0,1
106,110,105,109,0,0,1
106,111,105,110,0,0,1
106,112,105,111,0,0,1
106,113,105,112,0,0,1
106,114,105,113,0,0,1
106,115,105,114,0,0,1
106,116,105,115,0,0,1
106,117,105,116,0,0,1
106,118,105,117,0,0,1
106,119,105,118,0,0,1
106,120,105,119,0,0,1
106,121,105,120,0,0,1
106,122,105,121,0,0,1
106,123,105,122,0,0,1
106,124,105,123,0,0,1
106,125,105,124,0,0,1
106,126,105,125,0,0,1
106,127,105,126,0,0,1
106,128,105,127,0,0,1
106,129,105,128,0,0,1
106,130,105,129,0,0,1
106,131,105,130,0,0,1
106,132,105,131,0,0,1
106,133,105,132,0,0,1
106,134,105,133,0,0,1
106,135,105,134,0,0,1
106,136,105,135,0,0,1
106,137,105,136,0,0,1
106,138,105,137,0,0,1
106,139,105,138,0,0,1
106,140,105,139,0,0,1
106,141,105,140,0,0,1
106,142,105,141,0,0,1
106,143,105,142,0,0,1
106,144,105,143,0,0,1
106,145,105,144,0,0,1
106,146,105,145,0,0,1
106,147,105,146,0,0,1
106,148,105,147,0,0,1
106,149,105,148,0,0,1
106,150,105,149,0,0,1
106,151,105,150,0,0,1
106,152,105,151,0,0,1
106,153,105,152,0,0,1
106,154,105,153,0,0,1
106,155,105,154,0,0,1
106,156,105,155,0,0,1
106,157,105,156,0,0,1
106,158,105,157,0,0,1
106,159,105,158,0,0,1
106,160,105,159,0,0,1
106,161,105,160,0,0,1
106,162,105,161,0,0,1
106,163,105,162,0,0,1
106,164,105,163,0,0,1
106,165,105,164,0,0,1
106,166,105,165,0,0,1
106,167,105,166,0,0,1
106,168,105,167,0,0,1
106,169,105,168,0,0,1
106,170,105,169,0,0,1
106,171,105,170,0,0,1
106,172,105,171,0,0,1
106,173,105,172,0,0,1
106,174,105,173,0,0,1
106,175,105,174,0,0,1
106,176,105,175,0,0,1
106,177,105,176,0,0,1
106,178,105,177,0,0,1
106,179,105,178,0,0,1
106,180,105,179,0,0,1
106,181,105,180,0,0,1
106,182,105,181,0,0,1
106,183,105,182,0,0,1
106,184,105,183,0,0,1
106,185,105,184,0,0,1
106,186,105,185,0,0,1
106,187,105,186,0,0,1
106,188,105,187,0,0,1
106,189,105,188,0,0,1
106,190,105,189,0,0,1
106,191,105,190,0,0,1
106,192,105,191,0,0,1
106,193,105,192,0,0,1
106,194,105,193,0,0,1
106,195,105,194,0,0,1
106,196,105,195,0,0,1
106,197,105,196,0,0,1
106,198,105,197,0,0,1
106,199,105,198,0,0,1
106,200,105,199,0,0,1
106,201,105,200,0,0,1
106,202,105,201,0,0,1
106,203,105,202,0,0,1
106,204,105,203,0,0,1
106,205,105,204,0,0,1
106,206,105,205,0,0,1
106,207,105,206,0,0,1
106,208,105,207,0,0,1
106,209,105,208,0,0,1
106,210,105,209,0,0,1
106,211,105,210,0,0,1
106,212,105,211,0,0,1
106,213,105,212,0,0,1
106,214,105,213,0,0,1
106,215,105,214,0,0,1
106,216,105,215,0,0,1
106,217,105,216,0,0,1
106,218,105,217,0,0,1
106,219,105,218,0,0,1
106,220,105,219,0,0,1
106,221,105,220,0,0,1
106,222,105,221,0,0,1
106,223,105,222,0,0,1
106,224,105,223,0,0,1
106,225,105,228,0,0,1
106,226,105,225,0,0,1
106,227,105,226,0,0,1
106,228,105,227,0,0,1
106,229,105,224,0,0,1
106,230,105,229,0,0,1
106,231,105,230,0,0,1
106,232,105,231,0,0,1
106,233,105,232,0,0,1
106,234,105,233,0,0,1
106,235,105,234,0,0,1
106,236,105,235,0,0,1
106,237,105,236,0,0,1
106,238,105,237,0,0,1
106,239,105,238,0,0,1
106,240,105,239,0,0,1
106,241,105,240,0,0,1
106,242,105,241,0,0,1
106,243,105,242,0,0,1
107,108,106,107,0,0,1
107,109,106,108,0,0,1
107,110,106,109,0,0,1
107,111,106,110,0,0,1
107,112,106,111,0,0,1
107,113,106,112,0,0,1
107,114,106,113,0,0,1
107,115,106,114,0,0,1
107,116,106,115,0,0,1
107,117,106,116,0,0,1
107,118,106,117,0,0,1
107,119,106,118,0,0,1
107,120,106,119,0,0,1
107,121,106,120,0,0,1
107,122,106,121,0,0,1
107,123,106,122,0,0,1
107,124,106,123,0,0,1
107,125,106,124,0,0,1
107,126,106,125,0,0,1
107,127,106,126,0,0,1
107,128,106,127,0,0,1
107,129,106,128,0,0,1
107,130,106,129,0,0,1
107,131,106,130,0,0,1
107,132,106,131,0,0,1
107,133,106,132,0,0,1
107,134,106,133,0,0,1
107,135,106,134,0,0,1
107,136,106,135,0,0,1
107,137,106,136,0,0,1
107,138,106,137,0,0,1
107,139,106,138,0,0,1
107,140,106,139,0,0,1
107,141,106,140,0,0,1
107,142,106,141,0,0,1
107,143,106,142,0,0,1
107,144,106,143,0,0,1
107,145,106,144,0,0,1
107,146,106,145,0,0,1
107,147,106,146,0,0,1
107,148,106,147,0,0,1
107,149,106,148,0,0,1
107,150,106,149,0,0,1
107,151,106,150,0,0,1
107,152,106,151,0,0,1
107,153,106,152,0,0,1
107,154,106,153,0,0,1
107,155,106,154,0,0,1
107,156,106,155,0,0,1
107,157,106,156,0,0,1
107,158,106,157,0,0,1
107,159,106,158,0,0,1
107,160,106,159,0,0,1
107,161,106,160,0,0,1
107,162,106,161,0,0,1
107,163,106,162,0,0,1
107,164,106,163,0,0,1
107,165,106,164,0,0,1
107,166,106,165,0,0,1
107,167,106,166,0,0,1
107,168,106,167,0,0,1
107,169,106,168,0,0,1
107,170,106,169,0,0,1
107,171,106,170,0,0,1
107,172,106,171,0,0,1
107,173,106,172,0,0,1
107,174,106,173,0,0,1
107,175,106,174,0,0,1
107,176,106,175,0,0,1
107,177,106,176,0,0,1
107,178,106,177,0,0,1
107,179,106,178,0,0,1
107,180,106,179,0,0,1
107,181,106,180,0,0,1
107,182,106,181,0,0,1
107,183,106,182,0,0,1
107,184,106,183,0,0,1
107,185,106,184,0,0,1
107,186,106,185,0,0,1
107,187,106,186,0,0,1
107,188,106,187,0,0,1
107,189,106,188,0,0,1
107,190,106,189,0,0,1
107,191,106,190,0,0,1
107,192,106,191,0,0,1
107,193,106,192,0,0,1
107,194,106,193,0,0,1
107,195,106,194,0,0,1
107,196,106,195,0,0,1
107,197,106,196,0,0,1
107,198,106,197,0,0,1
107,199,106,198,0,0,1
107,200,106,199,0,0,1
107,201,106,200,0,0,1
107,202,106,201,0,0,1
107,203,106,202,0,0,1
107,204,106,203,0,0,1
107,205,106,204,0,0,1
107,206,106,205,0,0,1
107,207,106,206,0,0,1
107,208,106,207,0,0,1
107,209,106,208,0,0,1
107,210,106,209,0,0,1
107,211,106,210,0,0,1
107,212,106,211,0,0,1
107,213,106,212,0,0,1
107,214,106,213,0,0,1
107,215,106,214,0,0,1
107,216,106,215,0,0,1
107,217,106,216,0,0,1
107,218,106,217,0,0,1
107,219,106,218,0,0,1
107,220,106,219,0,0,1
107,221,106,220,0,0,1
107,222,106,221,0,0,1
107,223,106,222,0,0,1
107,224,106,223,0,0,1
107,225,106,228,0,0,1
107,226,106,225,0,0,1
107,227,106,226,0,0,1
107,228,106,227,0,0,1
107,229,106,224,0,0,1
107,230,106,229,0,0,1
107,231,106,230,0,0,1
107,232,106,231,0,0,1
107,233,106,232,0,0,1
107,234,106,233,0,0,1
107,235,106,234,0,0,1
107,236,106,235,0,0,1
107,237,106,236,0,0,1
107,238,106,237,0,0,1
107,239,106,238,0,0,1
107,240,106,239,0,0,1
107,241,106,240,0,0,1
107,242,106,241,0,0,1
107,243,106,242,0,0,1
108,109,107,108,0,0,1
108,110,107,109,0,0,1
108,111,107,110,0,0,1
108,112,107,111,0,0,1
108,113,107,112,0,0,1
108,114,107,113,0,0,1
108,115,107,114,0,0,1
108,116,107,115,0,0,1
108,117,107,116,0,0,1
108,118,107,117,0,0,1
108,119,107,118,0,0,1
108,120,107,119,0,0,1
108,121,107,120,0,0,1
108,122,107,121,0,0,1
108,123,107,122,0,0,1
108,124,107,123,0,0,1
108,125,107,124,0,0,1
108,126,107,125,0,0,1
108,127,107,126,0,0,1
108,128,107,127,0,0,1
108,129,107,128,0,0,1
108,130,107,129,0,0,1
108,131,107,130,0,0,1
108,132,107,131,0,0,1
108,133,107,132,0,0,1
108,134,107,133,0,0,1
108,135,107,134,0,0,1
108,136,107,135,0,0,1
108,137,107,136,0,0,1
108,138,107,137,0,0,1
108,139,107,138,0,0,1
108,140,107,139,0,0,1
108,141,107,140,0,0,1
108,142,107,141,0,0,1
108,143,107,142,0,0,1
108,144,107,143,0,0,1
108,145,107,144,0,0,1
108,146,107,145,0,0,1
108,147,107,146,0,0,1
108,148,107,147,0,0,1
108,149,107,148,0,0,1
108,150,107,149,0,0,1
108,151,107,150,0,0,1
108,152,107,151,0,0,1
108,153,107,152,0,0,1
108,154,107,153,0,0,1
108,155,107,154,0,0,1
108,156,107,155,0,0,1
108,157,107,156,0,0,1
108,158,107,157,0,0,1
108,159,107,158,0,0,1
108,160,107,159,0,0,1
108,161,107,160,0,0,1
108,162,107,161,0,0,1
108,163,107,162,0,0,1
108,164,107,163,0,0,1
108,165,107,164,0,0,1
108,166,107,165,0,0,1
108,167,107,166,0,0,1
108,168,107,167,0,0,1
108,169,107,168,0,0,1
108,170,107,169,0,0,1
108,171,107,170,0,0,1
108,172,107,171,0,0,1
108,173,107,172,0,0,1
108,174,107,173,0,0,1
108,175,107,174,0,0,1
108,176,107,175,0,0,1
108,177,107,176,0,0,1
108,178,107,177,0,0,1
108,179,107,178,0,0,1
108,180,107,179,0,0,1
108,181,107,180,0,0,1
108,182,107,181,0,0,1
108,183,107,182,0,0,1
108,184,107,183,0,0,1
108,185,107,184,0,0,1
108,186,107,185,0,0,1
108,187,107,186,0,0,1
108,188,107,187,0,0,1
108,189,107,188,0,0,1
108,190,107,189,0,0,1
108,191,107,190,0,0,1
108,192,107,191,0,0,1
108,193,107,192,0,0,1
108,194,107,193,0,0,1
108,195,107,194,0,0,1
108,196,107,195,0,0,1
108,197,107,196,0,0,1
108,198,107,197,0,0,1
108,199,107,198,0,0,1
108,200,107,199,0,0,1
108,201,107,200,0,0,1
108,202,107,201,0,0,1
108,203,107,202,0,0,1
108,204,107,203,0,0,1
108,205,107,204,0,0,1
108,206,107,205,0,0,1
108,207,107,206,0,0,1
108,208,107,207,0,0,1
108,209,107,208,0,0,1
108,210,107,209,0,0,1
108,211,107,210,0,0,1
108,212,107,211,0,0,1
108,213,107,212,0,0,1
108,214,107,213,0,0,1
108,215,107,214,0,0,1
108,216,107,215,0,0,1
108,217,107,216,0,0,1
108,218,107,217,0,0,1
108,219,107,218,0,0,1
108,220,107,219,0,0,1
108,221,107,220,0,0,1
108,222,107,221,0,0,1
108,223,107,222,0,0,1
108,224,107,223,0,0,1
108,225,107,228,0,0,1
108,226,107,225,0,0,1
108,227,107,226,0,0,1
108,228,107,227,0,0,1
108,229,107,224,0,0,1
108,230,107,229,0,0,1
108,231,107,230,0,0,1
108,232,107,231,0,0,1
108,233,107,232,0,0,1
108,234,107,233,0,0,1
108,235,107,234,0,0,1
108,236,107,235,0,0,1
108,237,107,236,0,0,1
108,238,107,237,0,0,1
108,239,107,238,0,0,1
108,240,107,239,0,0,1
108,241,107,240,0,0,1
108,242,107,241,0,0,1
108,243,107,242,0,0,1
109,110,108,109,0,0,1
109,111,108,110,0,0,1
109,112,108,111,0,0,1
109,113,108,112,0,0,1
109,114,108,113,0,0,1
109,115,108,114,0,0,1
109,116,108,115,0,0,1
109,117,108,116,0,0,1
109,118,108,117,0,0,1
109,119,108,118,0,0,1
109,120,108,119,0,0,1
109,121,108,120,0,0,1
109,122,108,121,0,0,1
109,123,108,122,0,0,1
109,124,108,123,0,0,1
109,125,108,124,0,0,1
109,126,108,125,0,0,1
109,127,108,126,0,0,1
109,128,108,127,0,0,1
109,129,108,128,0,0,1
109,130,108,129,0,0,1
109,131,108,130,0,0,1
109,132,108,131,0,0,1
109,133,108,132,0,0,1
109,134,108,133,0,0,1
109,135,108,134,0,0,1
109,136,108,135,0,0,1
109,137,108,136,0,0,1
109,138,108,137,0,0,1
109,139,108,138,0,0,1
109,140,108,139,0,0,1
109,141,108,140,0,0,1
109,142,108,141,0,0,1
109,143,108,142,0,0,1
109,144,108,143,0,0,1
109,145,108,144,0,0,1
109,146,108,145,0,0,1
109,147,108,146,0,0,1
109,148,108,147,0,0,1
109,149,108,148,0,0,1
109,150,108,149,0,0,1
109,151,108,150,0,0,1
109,152,108,151,0,0,1
109,153,108,152,0,0,1
109,154,108,153,0,0,1
109,155,108,154,0,0,1
109,156,108,155,0,0,1
109,157,108,156,0,0,1
109,158,108,157,0,0,1
109,159,108,158,0,0,1
109,160,108,159,0,0,1
109,161,108,160,0,0,1
109,162,108,161,0,0,1
109,163,108,162,0,0,1
109,164,108,163,0,0,1
109,165,108,164,0,0,1
109,166,108,165,0,0,1
109,167,108,166,0,0,1
109,168,108,167,0,0,1
109,169,108,168,0,0,1
109,170,108,169,0,0,1
109,171,108,170,0,0,1
109,172,108,171,0,0,1
109,173,108,172,0,0,1
109,174,108,173,0,0,1
109,175,108,174,0,0,1
109,176,108,175,0,0,1
109,177,108,176,0,0,1
109,178,108,177,0,0,1
109,179,108,178,0,0,1
109,180,108,179,0,0,1
109,181,108,180,0,0,1
109,182,108,181,0,0,1
109,183,108,182,0,0,1
109,184,108,183,0,0,1
109,185,108,184,0,0,1
109,186,108,185,0,0,1
109,187,108,186,0,0,1
109,188,108,187,0,0,1
109,189,108,188,0,0,1
109,190,108,189,0,0,1
109,191,108,190,0,0,1
109,192,108,191,0,0,1
109,193,108,192,0,0,1
109,194,108,193,0,0,1
109,195,108,194,0,0,1
109,196,108,195,0,0,1
109,197,108,196,0,0,1
109,198,108,197,0,0,1
109,199,108,198,0,0,1
109,200,108,199,0,0,1
109,201,108,200,0,0,1
109,202,108,201,0,0,1
109,203,108,202,0,0,1
109,204,108,203,0,0,1
109,205,108,204,0,0,1
109,206,108,205,0,0,1
109,207,108,206,0,0,1
109,208,108,207,0,0,1
109,209,108,208,0,0,1
109,210,108,209,0,0,1
109,211,108,210,0,0,1
109,212,108,211,0,0,1
109,213,108,212,0,0,1
109,214,108,213,0,0,1
109,215,108,214,0,0,1
109,216,108,215,0,0,1
109,217,108,216,0,0,1
109,218,108,217,0,0,1
109,219,108,218,0,0,1
109,220,108,219,0,0,1
109,221,108,220,0,0,1
109,222,108,221,0,0,1
109,223,108,222,0,0,1
109,224,108,223,0,0,1
109,225,108,228,0,0,1
109,226,108,225,0,0,1
109,227,108,226,0,0,1
109,228,108,227,0,0,1
109,229,108,224,0,0,1
109,230,108,229,0,0,1
109,231,108,230,0,0,1
109,232,108,231,0,0,1
109,233,108,232,0,0,1
109,234,108,233,0,0,1
109,235,108,234,0,0,1
109,236,108,235,0,0,1
109,237,108,236,0,0,1
109,238,108,237,0,0,1
109,239,108,238,0,0,1
109,240,108,239,0,0,1
109,241,108,240,0,0,1
109,242,108,241,0,0,1
109,243,108,242,0,0,1
110,111,109,110,0,0,1
110,112,109,111,0,0,1
110,113,109,112,0,0,1
110,114,109,113,0,0,1
110,115,109,114,0,0,1
110,116,109,115,0,0,1
110,117,109,116,0,0,1
110,118,109,117,0,0,1
110,119,109,118,0,0,1
110,120,109,119,0,0,1
110,121,109,120,0,0,1
110,122,109,121,0,0,1
110,123,109,122,0,0,1
110,124,109,123,0,0,1
110,125,109,124,0,0,1
110,126,109,125,0,0,1
110,127,109,126,0,0,1
110,128,109,127,0,0,1
110,129,109,128,0,0,1
110,130,109,129,0,0,1
110,131,109,130,0,0,1
110,132,109,131,0,0,1
110,133,109,132,0,0,1
110,134,109,133,0,0,1
110,135,109,134,0,0,1
110,136,109,135,0,0,1
110,137,109,136,0,0,1
110,138,109,137,0,0,1
110,139,109,138,0,0,1
110,140,109,139,0,0,1
110,141,109,140,0,0,1
110,142,109,141,0,0,1
110,143,109,142,0,0,1
110,144,109,143,0,0,1
110,145,109,144,0,0,1
110,146,109,145,0,0,1
110,147,109,146,0,0,1
110,148,109,147,0,0,1
110,149,109,148,0,0,1
110,150,109,149,0,0,1
110,151,109,150,0,0,1
110,152,109,151,0,0,1
110,153,109,152,0,0,1
110,154,109,153,0,0,1
110,155,109,154,0,0,1
110,156,109,155,0,0,1
110,157,109,156,0,0,1
110,158,109,157,0,0,1
110,159,109,158,0,0,1
110,160,109,159,0,0,1
110,161,109,160,0,0,1
110,162,109,161,0,0,1
110,163,109,162,0,0,1
110,164,109,163,0,0,1
110,165,109,164,0,0,1
110,166,109,165,0,0,1
110,167,109,166,0,0,1
110,168,109,167,0,0,1
110,169,109,168,0,0,1
110,170,109,169,0,0,1
110,171,109,170,0,0,1
110,172,109,171,0,0,1
110,173,109,172,0,0,1
110,174,109,173,0,0,1
110,175,109,174,0,0,1
110,176,109,175,0,0,1
110,177,109,176,0,0,1
110,178,109,177,0,0,1
110,179,109,178,0,0,1
110,180,109,179,0,0,1
110,181,109,180,0,0,1
110,182,109,181,0,0,1
110,183,109,182,0,0,1
110,184,109,183,0,0,1
110,185,109,184,0,0,1
110,186,109,185,0,0,1
110,187,109,186,0,0,1
110,188,109,187,0,0,1
110,189,109,188,0,0,1
110,190,109,189,0,0,1
110,191,109,190,0,0,1
110,192,109,191,0,0,1
110,193,109,192,0,0,1
110,194,109,193,0,0,1
110,195,109,194,0,0,1
110,196,109,195,0,0,1
110,197,109,196,0,0,1
110,198,109,197,0,0,1
110,199,109,198,0,0,1
110,200,109,199,0,0,1
110,201,109,200,0,0,1
110,202,109,201,0,0,1
110,203,109,202,0,0,1
110,204,109,203,0,0,1
110,205,109,204,0,0,1
110,206,109,205,0,0,1
110,207,109,206,0,0,1
110,208,109,207,0,0,1
110,209,109,208,0,0,1
110,210,109,209,0,0,1
110,211,109,210,0,0,1
110,212,109,211,0,0,1
110,213,109,212,0,0,1
110,214,109,213,0,0,1
110,215,109,214,0,0,1
110,216,109,215,0,0,1
110,217,109,216,0,0,1
110,218,109,217,0,0,1
110,219,109,218,0,0,1
110,220,109,219,0,0,1
110,221,109,220,0,0,1
110,222,109,221,0,0,1
110,223,109,222,0,0,1
110,224,109,223,0,0,1
110,225,109,228,0,0,1
110,226,109,225,0,0,1
110,227,109,226,0,0,1
110,228,109,227,0,0,1
110,229,109,224,0,0,1
110,230,109,229,0,0,1
110,231,109,230,0,0,1
110,232,109,231,0,0,1
110,233,109,232,0,0,1
110,234,109,233,0,0,1
110,235,109,234,0,0,1
110,236,109,235,0,0,1
110,237,109,236,0,0,1
110,238,109,237,0,0,1
110,239,109,238,0,0,1
110,240,109,239,0,0,1
110,241,109,240,0,0,1
110,242,109,241,0,0,1
110,243,109,242,0,0,1
111,112,110,111,0,0,1
111,113,110,112,0,0,1
111,114,110,113,0,0,1
111,115,110,114,0,0,1
111,116,110,115,0,0,1
111,117,110,116,0,0,1
111,118,110,117,0,0,1
111,119,110,118,0,0,1
111,120,110,119,0,0,1
111,121,110,120,0,0,1
111,122,110,121,0,0,1
111,123,110,122,0,0,1
111,124,110,123,0,0,1
111,125,110,124,0,0,1
111,126,110,125,0,0,1
111,127,110,126,0,0,1
111,128,110,127,0,0,1
111,129,110,128,0,0,1
111,130,110,129,0,0,1
111,131,110,130,0,0,1
111,132,110,131,0,0,1
111,133,110,132,0,0,1
111,134,110,133,0,0,1
111,135,110,134,0,0,1
111,136,110,135,0,0,1
111,137,110,136,0,0,1
111,138,110,137,0,0,1
111,139,110,138,0,0,1
111,140,110,139,0,0,1
111,141,110,140,0,0,1
111,142,110,141,0,0,1
111,143,110,142,0,0,1
111,144,110,143,0,0,1
111,145,110,144,0,0,1
111,146,110,145,0,0,1
111,147,110,146,0,0,1
111,148,110,147,0,0,1
111,149,110,148,0,0,1
111,150,110,149,0,0,1
111,151,110,150,0,0,1
111,152,110,151,0,0,1
111,153,110,152,0,0,1
111,154,110,153,0,0,1
111,155,110,154,0,0,1
111,156,110,155,0,0,1
111,157,110,156,0,0,1
111,158,110,157,0,0,1
111,159,110,158,0,0,1
111,160,110,159,0,0,1
111,161,110,160,0,0,1
111,162,110,161,0,0,1
111,163,110,162,0,0,1
111,164,110,163,0,0,1
111,165,110,164,0,0,1
111,166,110,165,0,0,1
111,167,110,166,0,0,1
111,168,110,167,0,0,1
111,169,110,168,0,0,1
111,170,110,169,0,0,1
111,171,110,170,0,0,1
111,172,110,171,0,0,1
111,173,110,172,0,0,1
111,174,110,173,0,0,1
111,175,110,174,0,0,1
111,176,110,175,0,0,1
111,177,110,176,0,0,1
111,178,110,177,0,0,1
111,179,110,178,0,0,1
111,180,110,179,0,0,1
111,181,110,180,0,0,1
111,182,110,181,0,0,1
111,183,110,182,0,0,1
111,184,110,183,0,0,1
111,185,110,184,0,0,1
111,186,110,185,0,0,1
111,187,110,186,0,0,1
111,188,110,187,0,0,1
111,189,110,188,0,0,1
111,190,110,189,0,0,1
111,191,110,190,0,0,1
111,192,110,191,0,0,1
111,193,110,192,0,0,1
111,194,110,193,0,0,1
111,195,110,194,0,0,1
111,196,110,195,0,0,1
111,197,110,196,0,0,1
111,198,110,197,0,0,1
111,199,110,198,0,0,1
111,200,110,199,0,0,1
111,201,110,200,0,0,1
111,202,110,201,0,0,1
111,203,110,202,0,0,1
111,204,110,203,0,0,1
111,205,110,204,0,0,1
111,206,110,205,0,0,1
111,207,110,206,0,0,1
111,208,110,207,0,0,1
111,209,110,208,0,0,1
111,210,110,209,0,0,1
111,211,110,210,0,0,1
111,212,110,211,0,0,1
111,213,110,212,0,0,1
111,214,110,213,0,0,1
111,215,110,214,0,0,1
111,216,110,215,0,0,1
111,217,110,216,0,0,1
111,218,110,217,0,0,1
111,219,110,218,0,0,1
111,220,110,219,0,0,1
111,221,110,220,0,0,1
111,222,110,221,0,0,1
111,223,110,222,0,0,1
111,224,110,223,0,0,1
111,225,110,228,0,0,1
111,226,110,225,0,0,1
111,227,110,226,0,0,1
111,228,110,227,0,0,1
111,229,110,224,0,0,1
111,230,110,229,0,0,1
111,231,110,230,0,0,1
111,232,110,231,0,0,1
111,233,110,232,0,0,1
111,234,110,233,0,0,1
111,235,110,234,0,0,1
111,236,110,235,0,0,1
111,237,110,236,0,0,1
111,238,110,237,0,0,1
111,239,110,238,0,0,1
111,240,110,239,0,0,1
111,241,110,240,0,0,1
111,242,110,241,0,0,1
111,243,110,242,0,0,1
112,113,111,112,0,0,1
112,114,111,113,0,0,1
112,115,111,114,0,0,1
112,116,111,115,0,0,1
112,117,111,116,0,0,1
112,118,111,117,0,0,1
112,119,111,118,0,0,1
112,120,111,119,0,0,1
112,121,111,120,0,0,1
112,122,111,121,0,0,1
112,123,111,122,0,0,1
112,124,111,123,0,0,1
112,125,111,124,0,0,1
112,126,111,125,0,0,1
112,127,111,126,0,0,1
112,128,111,127,0,0,1
112,129,111,128,0,0,1
112,130,111,129,0,0,1
112,131,111,130,0,0,1
112,132,111,131,0,0,1
112,133,111,132,0,0,1
112,134,111,133,0,0,1
112,135,111,134,0,0,1
112,136,111,135,0,0,1
112,137,111,136,0,0,1
112,138,111,137,0,0,1
112,139,111,138,0,0,1
112,140,111,139,0,0,1
112,141,111,140,0,0,1
112,142,111,141,0,0,1
112,143,111,142,0,0,1
112,144,111,143,0,0,1
112,145,111,144,0,0,1
112,146,111,145,0,0,1
112,147,111,146,0,0,1
112,148,111,147,0,0,1
112,149,111,148,0,0,1
112,150,111,149,0,0,1
112,151,111,150,0,0,1
112,152,111,151,0,0,1
112,153,111,152,0,0,1
112,154,111,153,0,0,1
112,155,111,154,0,0,1
112,156,111,155,0,0,1
112,157,111,156,0,0,1
112,158,111,157,0,0,1
112,159,111,158,0,0,1
112,160,111,159,0,0,1
112,161,111,160,0,0,1
112,162,111,161,0,0,1
112,163,111,162,0,0,1
112,164,111,163,0,0,1
112,165,111,164,0,0,1
112,166,111,165,0,0,1
112,167,111,166,0,0,1
112,168,111,167,0,0,1
112,169,111,168,0,0,1
112,170,111,169,0,0,1
112,171,111,170,0,0,1
112,172,111,171,0,0,1
112,173,111,172,0,0,1
112,174,111,173,0,0,1
112,175,111,174,0,0,1
112,176,111,175,0,0,1
112,177,111,176,0,0,1
112,178,111,177,0,0,1
112,179,111,178,0,0,1
112,180,111,179,0,0,1
112,181,111,180,0,0,1
112,182,111,181,0,0,1
112,183,111,182,0,0,1
112,184,111,183,0,0,1
112,185,111,184,0,0,1
112,186,111,185,0,0,1
112,187,111,186,0,0,1
112,188,111,187,0,0,1
112,189,111,188,0,0,1
112,190,111,189,0,0,1
112,191,111,190,0,0,1
112,192,111,191,0,0,1
112,193,111,192,0,0,1
112,194,111,193,0,0,1
112,195,111,194,0,0,1
112,196,111,195,0,0,1
112,197,111,196,0,0,1
112,198,111,197,0,0,1
112,199,111,198,0,0,1
112,200,111,199,0,0,1
112,201,111,200,0,0,1
112,202,111,201,0,0,1
112,203,111,202,0,0,1
112,204,111,203,0,0,1
112,205,111,204,0,0,1
112,206,111,205,0,0,1
112,207,111,206,0,0,1
112,208,111,207,0,0,1
112,209,111,208,0,0,1
112,210,111,209,0,0,1
112,211,111,210,0,0,1
112,212,111,211,0,0,1
112,213,111,212,0,0,1
112,214,111,213,0,0,1
112,215,111,214,0,0,1
112,216,111,215,0,0,1
112,217,111,216,0,0,1
112,218,111,217,0,0,1
112,219,111,218,0,0,1
112,220,111,219,0,0,1
112,221,111,220,0,0,1
112,222,111,221,0,0,1
112,223,111,222,0,0,1
112,224,111,223,0,0,1
112,225,111,228,0,0,1
112,226,111,225,0,0,1
112,227,111,226,0,0,1
112,228,111,227,0,0,1
112,229,111,224,0,0,1
112,230,111,229,0,0,1
112,231,111,230,0,0,1
112,232,111,231,0,0,1
112,233,111,232,0,0,1
112,234,111,233,0,0,1
112,235,111,234,0,0,1
112,236,111,235,0,0,1
112,237,111,236,0,0,1
112,238,111,237,0,0,1
112,239,111,238,0,0,1
112,240,111,239,0,0,1
112,241,111,240,0,0,1
112,242,111,241,0,0,1
112,243,111,242,0,0,1
113,114,112,113,0,0,1
113,115,112,114,0,0,1
113,116,112,115,0,0,1
113,117,112,116,0,0,1
113,118,112,117,0,0,1
113,119,112,118,0,0,1
113,120,112,119,0,0,1
113,121,112,120,0,0,1
113,122,112,121,0,0,1
113,123,112,122,0,0,1
113,124,112,123,0,0,1
113,125,112,124,0,0,1
113,126,112,125,0,0,1
113,127,112,126,0,0,1
113,128,112,127,0,0,1
113,129,112,128,0,0,1
113,130,112,129,0,0,1
113,131,112,130,0,0,1
113,132,112,131,0,0,1
113,133,112,132,0,0,1
113,134,112,133,0,0,1
113,135,112,134,0,0,1
113,136,112,135,0,0,1
113,137,112,136,0,0,1
113,138,112,137,0,0,1
113,139,112,138,0,0,1
113,140,112,139,0,0,1
113,141,112,140,0,0,1
113,142,112,141,0,0,1
113,143,112,142,0,0,1
113,144,112,143,0,0,1
113,145,112,144,0,0,1
113,146,112,145,0,0,1
113,147,112,146,0,0,1
113,148,112,147,0,0,1
113,149,112,148,0,0,1
113,150,112,149,0,0,1
113,151,112,150,0,0,1
113,152,112,151,0,0,1
113,153,112,152,0,0,1
113,154,112,153,0,0,1
113,155,112,154,0,0,1
113,156,112,155,0,0,1
113,157,112,156,0,0,1
113,158,112,157,0,0,1
113,159,112,158,0,0,1
113,160,112,159,0,0,1
113,161,112,160,0,0,1
113,162,112,161,0,0,1
113,163,112,162,0,0,1
113,164,112,163,0,0,1
113,165,112,164,0,0,1
113,166,112,165,0,0,1
113,167,112,166,0,0,1
113,168,112,167,0,0,1
113,169,112,168,0,0,1
113,170,112,169,0,0,1
113,171,112,170,0,0,1
113,172,112,171,0,0,1
113,173,112,172,0,0,1
113,174,112,173,0,0,1
113,175,112,174,0,0,1
113,176,112,175,0,0,1
113,177,112,176,0,0,1
113,178,112,177,0,0,1
113,179,112,178,0,0,1
113,180,112,179,0,0,1
113,181,112,180,0,0,1
113,182,112,181,0,0,1
113,183,112,182,0,0,1
113,184,112,183,0,0,1
113,185,112,184,0,0,1
113,186,112,185,0,0,1
113,187,112,186,0,0,1
113,188,112,187,0,0,1
113,189,112,188,0,0,1
113,190,112,189,0,0,1
113,191,112,190,0,0,1
113,192,112,191,0,0,1
113,193,112,192,0,0,1
113,194,112,193,0,0,1
113,195,112,194,0,0,1
113,196,112,195,0,0,1
113,197,112,196,0,0,1
113,198,112,197,0,0,1
113,199,112,198,0,0,1
113,200,112,199,0,0,1
113,201,112,200,0,0,1
113,202,112,201,0,0,1
113,203,112,202,0,0,1
113,204,112,203,0,0,1
113,205,112,204,0,0,1
113,206,112,205,0,0,1
113,207,112,206,0,0,1
113,208,112,207,0,0,1
113,209,112,208,0,0,1
113,210,112,209,0,0,1
113,211,112,210,0,0,1
113,212,112,211,0,0,1
113,213,112,212,0,0,1
113,214,112,213,0,0,1
113,215,112,214,0,0,1
113,216,112,215,0,0,1
113,217,112,216,0,0,1
113,218,112,217,0,0,1
113,219,112,218,0,0,1
113,220,112,219,0,0,1
113,221,112,220,0,0,1
113,222,112,221,0,0,1
113,223,112,222,0,0,1
113,224,112,223,0,0,1
113,225,112,228,0,0,1
113,226,112,225,0,0,1
113,227,112,226,0,0,1
113,228,112,227,0,0,1
113,229,112,224,0,0,1
113,230,112,229,0,0,1
113,231,112,230,0,0,1
113,232,112,231,0,0,1
113,233,112,232,0,0,1
113,234,112,233,0,0,1
113,235,112,234,0,0,1
113,236,112,235,0,0,1
113,237,112,236,0,0,1
113,238,112,237,0,0,1
113,239,112,238,0,0,1
113,240,112,239,0,0,1
113,241,112,240,0,0,1
113,242,112,241,0,0,1
113,243,112,242,0,0,1
114,115,113,114,0,0,1
114,116,113,115,0,0,1
114,117,113,116,0,0,1
114,118,113,117,0,0,1
114,119,113,118,0,0,1
114,120,113,119,0,0,1
114,121,113,120,0,0,1
114,122,113,121,0,0,1
114,123,113,122,0,0,1
114,124,113,123,0,0,1
114,125,113,124,0,0,1
114,126,113,125,0,0,1
114,127,113,126,0,0,1
114,128,113,127,0,0,1
114,129,113,128,0,0,1
114,130,113,129,0,0,1
114,131,113,130,0,0,1
114,132,113,131,0,0,1
114,133,113,132,0,0,1
114,134,113,133,0,0,1
114,135,113,134,0,0,1
114,136,113,135,0,0,1
114,137,113,136,0,0,1
114,138,113,137,0,0,1
114,139,113,138,0,0,1
114,140,113,139,0,0,1
114,141,113,140,0,0,1
114,142,113,141,0,0,1
114,143,113,142,0,0,1
114,144,113,143,0,0,1
114,145,113,144,0,0,1
114,146,113,145,0,0,1
114,147,113,146,0,0,1
114,148,113,147,0,0,1
114,149,113,148,0,0,1
114,150,113,149,0,0,1
114,151,113,150,0,0,1
114,152,113,151,0,0,1
114,153,113,152,0,0,1
114,154,113,153,0,0,1
114,155,113,154,0,0,1
114,156,113,155,0,0,1
114,157,113,156,0,0,1
114,158,113,157,0,0,1
114,159,113,158,0,0,1
114,160,113,159,0,0,1
114,161,113,160,0,0,1
114,162,113,161,0,0,1
114,163,113,162,0,0,1
114,164,113,163,0,0,1
114,165,113,164,0,0,1
114,166,113,165,0,0,1
114,167,113,166,0,0,1
114,168,113,167,0,0,1
114,169,113,168,0,0,1
114,170,113,169,0,0,1
114,171,113,170,0,0,1
114,172,113,171,0,0,1
114,173,113,172,0,0,1
114,174,113,173,0,0,1
114,175,113,174,0,0,1
114,176,113,175,0,0,1
114,177,113,176,0,0,1
114,178,113,177,0,0,1
114,179,113,178,0,0,1
114,180,113,179,0,0,1
114,181,113,180,0,0,1
114,182,113,181,0,0,1
114,183,113,182,0,0,1
114,184,113,183,0,0,1
114,185,113,184,0,0,1
114,186,113,185,0,0,1
114,187,113,186,0,0,1
114,188,113,187,0,0,1
114,189,113,188,0,0,1
114,190,113,189,0,0,1
114,191,113,190,0,0,1
114,192,113,191,0,0,1
114,193,113,192,0,0,1
114,194,113,193,0,0,1
114,195,113,194,0,0,1
114,196,113,195,0,0,1
114,197,113,196,0,0,1
114,198,113,197,0,0,1
114,199,113,198,0,0,1
114,200,113,199,0,0,1
114,201,113,200,0,0,1
114,202,113,201,0,0,1
114,203,113,202,0,0,1
114,204,113,203,0,0,1
114,205,113,204,0,0,1
114,206,113,205,0,0,1
114,207,113,206,0,0,1
114,208,113,207,0,0,1
114,209,113,208,0,0,1
114,210,113,209,0,0,1
114,211,113,210,0,0,1
114,212,113,211,0,0,1
114,213,113,212,0,0,1
114,214,113,213,0,0,1
114,215,113,214,0,0,1
114,216,113,215,0,0,1
114,217,113,216,0,0,1
114,218,113,217,0,0,1
114,219,113,218,0,0,1
114,220,113,219,0,0,1
114,221,113,220,0,0,1
114,222,113,221,0,0,1
114,223,113,222,0,0,1
114,224,113,223,0,0,1
114,225,113,228,0,0,1
114,226,113,225,0,0,1
114,227,113,226,0,0,1
114,228,113,227,0,0,1
114,229,113,224,0,0,1
114,230,113,229,0,0,1
114,231,113,230,0,0,1
114,232,113,231,0,0,1
114,233,113,232,0,0,1
114,234,113,233,0,0,1
114,235,113,234,0,0,1
114,236,113,235,0,0,1
114,237,113,236,0,0,1
114,238,113,237,0,0,1
114,239,113,238,0,0,1
114,240,113,239,0,0,1
114,241,113,240,0,0,1
114,242,113,241,0,0,1
114,243,113,242,0,0,1
115,116,114,115,0,0,1
115,117,114,116,0,0,1
115,118,114,117,0,0,1
115,119,114,118,0,0,1
115,120,114,119,0,0,1
115,121,114,120,0,0,1
115,122,114,121,0,0,1
115,123,114,122,0,0,1
115,124,114,123,0,0,1
115,125,114,124,0,0,1
115,126,114,125,0,0,1
115,127,114,126,0,0,1
115,128,114,127,0,0,1
115,129,114,128,0,0,1
115,130,114,129,0,0,1
115,131,114,130,0,0,1
115,132,114,131,0,0,1
115,133,114,132,0,0,1
115,134,114,133,0,0,1
115,135,114,134,0,0,1
115,136,114,135,0,0,1
115,137,114,136,0,0,1
115,138,114,137,0,0,1
115,139,114,138,0,0,1
115,140,114,139,0,0,1
115,141,114,140,0,0,1
115,142,114,141,0,0,1
115,143,114,142,0,0,1
115,144,114,143,0,0,1
115,145,114,144,0,0,1
115,146,114,145,0,0,1
115,147,114,146,0,0,1
115,148,114,147,0,0,1
115,149,114,148,0,0,1
115,150,114,149,0,0,1
115,151,114,150,0,0,1
115,152,114,151,0,0,1
115,153,114,152,0,0,1
115,154,114,153,0,0,1
115,155,114,154,0,0,1
115,156,114,155,0,0,1
115,157,114,156,0,0,1
115,158,114,157,0,0,1
115,159,114,158,0,0,1
115,160,114,159,0,0,1
115,161,114,160,0,0,1
115,162,114,161,0,0,1
115,163,114,162,0,0,1
115,164,114,163,0,0,1
115,165,114,164,0,0,1
115,166,114,165,0,0,1
115,167,114,166,0,0,1
115,168,114,167,0,0,1
115,169,114,168,0,0,1
115,170,114,169,0,0,1
115,171,114,170,0,0,1
115,172,114,171,0,0,1
115,173,114,172,0,0,1
115,174,114,173,0,0,1
115,175,114,174,0,0,1
115,176,114,175,0,0,1
115,177,114,176,0,0,1
115,178,114,177,0,0,1
115,179,114,178,0,0,1
115,180,114,179,0,0,1
115,181,114,180,0,0,1
115,182,114,181,0,0,1
115,183,114,182,0,0,1
115,184,114,183,0,0,1
115,185,114,184,0,0,1
115,186,114,185,0,0,1
115,187,114,186,0,0,1
115,188,114,187,0,0,1
115,189,114,188,0,0,1
115,190,114,189,0,0,1
115,191,114,190,0,0,1
115,192,114,191,0,0,1
115,193,114,192,0,0,1
115,194,114,193,0,0,1
115,195,114,194,0,0,1
115,196,114,195,0,0,1
115,197,114,196,0,0,1
115,198,114,197,0,0,1
115,199,114,198,0,0,1
115,200,114,199,0,0,1
115,201,114,200,0,0,1
115,202,114,201,0,0,1
115,203,114,202,0,0,1
115,204,114,203,0,0,1
115,205,114,204,0,0,1
115,206,114,205,0,0,1
115,207,114,206,0,0,1
115,208,114,207,0,0,1
115,209,114,208,0,0,1
115,210,114,209,0,0,1
115,211,114,210,0,0,1
115,212,114,211,0,0,1
115,213,114,212,0,0,1
115,214,114,213,0,0,1
115,215,114,214,0,0,1
115,216,114,215,0,0,1
115,217,114,216,0,0,1
115,218,114,217,0,0,1
115,219,114,218,0,0,1
115,220,114,219,0,0,1
115,221,114,220,0,0,1
115,222,114,221,0,0,1
115,223,114,222,0,0,1
115,224,114,223,0,0,1
115,225,114,228,0,0,1
115,226,114,225,0,0,1
115,227,114,226,0,0,1
115,228,114,227,0,0,1
115,229,114,224,0,0,1
115,230,114,229,0,0,1
115,231,114,230,0,0,1
115,232,114,231,0,0,1
115,233,114,232,0,0,1
115,234,114,233,0,0,1
115,235,114,234,0,0,1
115,236,114,235,0,0,1
115,237,114,236,0,0,1
115,238,114,237,0,0,1
115,239,114,238,0,0,1
115,240,114,239,0,0,1
115,241,114,240,0,0,1
115,242,114,241,0,0,1
115,243,114,242,0,0,1
116,117,115,116,0,0,1
116,118,115,117,0,0,1
116,119,115,118,0,0,1
116,120,115,119,0,0,1
116,121,115,120,0,0,1
116,122,115,121,0,0,1
116,123,115,122,0,0,1
116,124,115,123,0,0,1
116,125,115,124,0,0,1
116,126,115,125,0,0,1
116,127,115,126,0,0,1
116,128,115,127,0,0,1
116,129,115,128,0,0,1
116,130,115,129,0,0,1
116,131,115,130,0,0,1
116,132,115,131,0,0,1
116,133,115,132,0,0,1
116,134,115,133,0,0,1
116,135,115,134,0,0,1
116,136,115,135,0,0,1
116,137,115,136,0,0,1
116,138,115,137,0,0,1
116,139,115,138,0,0,1
116,140,115,139,0,0,1
116,141,115,140,0,0,1
116,142,115,141,0,0,1
116,143,115,142,0,0,1
116,144,115,143,0,0,1
116,145,115,144,0,0,1
116,146,115,145,0,0,1
116,147,115,146,0,0,1
116,148,115,147,0,0,1
116,149,115,148,0,0,1
116,150,115,149,0,0,1
116,151,115,150,0,0,1
116,152,115,151,0,0,1
116,153,115,152,0,0,1
116,154,115,153,0,0,1
116,155,115,154,0,0,1
116,156,115,155,0,0,1
116,157,115,156,0,0,1
116,158,115,157,0,0,1
116,159,115,158,0,0,1
116,160,115,159,0,0,1
116,161,115,160,0,0,1
116,162,115,161,0,0,1
116,163,115,162,0,0,1
116,164,115,163,0,0,1
116,165,115,164,0,0,1
116,166,115,165,0,0,1
116,167,115,166,0,0,1
116,168,115,167,0,0,1
116,169,115,168,0,0,1
116,170,115,169,0,0,1
116,171,115,170,0,0,1
116,172,115,171,0,0,1
116,173,115,172,0,0,1
116,174,115,173,0,0,1
116,175,115,174,0,0,1
116,176,115,175,0,0,1
116,177,115,176,0,0,1
116,178,115,177,0,0,1
116,179,115,178,0,0,1
116,180,115,179,0,0,1
116,181,115,180,0,0,1
116,182,115,181,0,0,1
116,183,115,182,0,0,1
116,184,115,183,0,0,1
116,185,115,184,0,0,1
116,186,115,185,0,0,1
116,187,115,186,0,0,1
116,188,115,187,0,0,1
116,189,115,188,0,0,1
116,190,115,189,0,0,1
116,191,115,190,0,0,1
116,192,115,191,0,0,1
116,193,115,192,0,0,1
116,194,115,193,0,0,1
116,195,115,194,0,0,1
116,196,115,195,0,0,1
116,197,115,196,0,0,1
116,198,115,197,0,0,1
116,199,115,198,0,0,1
116,200,115,199,0,0,1
116,201,115,200,0,0,1
116,202,115,201,0,0,1
116,203,115,202,0,0,1
116,204,115,203,0,0,1
116,205,115,204,0,0,1
116,206,115,205,0,0,1
116,207,115,206,0,0,1
116,208,115,207,0,0,1
116,209,115,208,0,0,1
116,210,115,209,0,0,1
116,211,115,210,0,0,1
116,212,115,211,0,0,1
116,213,115,212,0,0,1
116,214,115,213,0,0,1
116,215,115,214,0,0,1
116,216,115,215,0,0,1
116,217,115,216,0,0,1
116,218,115,217,0,0,1
116,219,115,218,0,0,1
116,220,115,219,0,0,1
116,221,115,220,0,0,1
116,222,115,221,0,0,1
116,223,115,222,0,0,1
116,224,115,223,0,0,1
116,225,115,228,0,0,1
116,226,115,225,0,0,1
116,227,115,226,0,0,1
116,228,115,227,0,0,1
116,229,115,224,0,0,1
116,230,115,229,0,0,1
116,231,115,230,0,0,1
116,232,115,231,0,0,1
116,233,115,232,0,0,1
116,234,115,233,0,0,1
116,235,115,234,0,0,1
116,236,115,235,0,0,1
116,237,115,236,0,0,1
116,238,115,237,0,0,1
116,239,115,238,0,0,1
116,240,115,239,0,0,1
116,241,115,240,0,0,1
116,242,115,241,0,0,1
116,243,115,242,0,0,1
117,118,116,117,0,0,1
117,119,116,118,0,0,1
117,120,116,119,0,0,1
117,121,116,120,0,0,1
117,122,116,121,0,0,1
117,123,116,122,0,0,1
117,124,116,123,0,0,1
117,125,116,124,0,0,1
117,126,116,125,0,0,1
117,127,116,126,0,0,1
117,128,116,127,0,0,1
117,129,116,128,0,0,1
117,130,116,129,0,0,1
117,131,116,130,0,0,1
117,132,116,131,0,0,1
117,133,116,132,0,0,1
117,134,116,133,0,0,1
117,135,116,134,0,0,1
117,136,116,135,0,0,1
117,137,116,136,0,0,1
117,138,116,137,0,0,1
117,139,116,138,0,0,1
117,140,116,139,0,0,1
117,141,116,140,0,0,1
117,142,116,141,0,0,1
117,143,116,142,0,0,1
117,144,116,143,0,0,1
117,145,116,144,0,0,1
117,146,116,145,0,0,1
117,147,116,146,0,0,1
117,148,116,147,0,0,1
117,149,116,148,0,0,1
117,150,116,149,0,0,1
117,151,116,150,0,0,1
117,152,116,151,0,0,1
117,153,116,152,0,0,1
117,154,116,153,0,0,1
117,155,116,154,0,0,1
117,156,116,155,0,0,1
117,157,116,156,0,0,1
117,158,116,157,0,0,1
117,159,116,158,0,0,1
117,160,116,159,0,0,1
117,161,116,160,0,0,1
117,162,116,161,0,0,1
117,163,116,162,0,0,1
117,164,116,163,0,0,1
117,165,116,164,0,0,1
117,166,116,165,0,0,1
117,167,116,166,0,0,1
117,168,116,167,0,0,1
117,169,116,168,0,0,1
117,170,116,169,0,0,1
117,171,116,170,0,0,1
117,172,116,171,0,0,1
117,173,116,172,0,0,1
117,174,116,173,0,0,1
117,175,116,174,0,0,1
117,176,116,175,0,0,1
117,177,116,176,0,0,1
117,178,116,177,0,0,1
117,179,116,178,0,0,1
117,180,116,179,0,0,1
117,181,116,180,0,0,1
117,182,116,181,0,0,1
117,183,116,182,0,0,1
117,184,116,183,0,0,1
117,185,116,184,0,0,1
117,186,116,185,0,0,1
117,187,116,186,0,0,1
117,188,116,187,0,0,1
117,189,116,188,0,0,1
117,190,116,189,0,0,1
117,191,116,190,0,0,1
117,192,116,191,0,0,1
117,193,116,192,0,0,1
117,194,116,193,0,0,1
117,195,116,194,0,0,1
117,196,116,195,0,0,1
117,197,116,196,0,0,1
117,198,116,197,0,0,1
117,199,116,198,0,0,1
117,200,116,199,0,0,1
117,201,116,200,0,0,1
117,202,116,201,0,0,1
117,203,116,202,0,0,1
117,204,116,203,0,0,1
117,205,116,204,0,0,1
117,206,116,205,0,0,1
117,207,116,206,0,0,1
117,208,116,207,0,0,1
117,209,116,208,0,0,1
117,210,116,209,0,0,1
117,211,116,210,0,0,1
117,212,116,211,0,0,1
117,213,116,212,0,0,1
117,214,116,213,0,0,1
117,215,116,214,0,0,1
117,216,116,215,0,0,1
117,217,116,216,0,0,1
117,218,116,217,0,0,1
117,219,116,218,0,0,1
117,220,116,219,0,0,1
117,221,116,220,0,0,1
117,222,116,221,0,0,1
117,223,116,222,0,0,1
117,224,116,223,0,0,1
117,225,116,228,0,0,1
117,226,116,225,0,0,1
117,227,116,226,0,0,1
117,228,116,227,0,0,1
117,229,116,224,0,0,1
117,230,116,229,0,0,1
117,231,116,230,0,0,1
117,232,116,231,0,0,1
117,233,116,232,0,0,1
117,234,116,233,0,0,1
117,235,116,234,0,0,1
117,236,116,235,0,0,1
117,237,116,236,0,0,1
117,238,116,237,0,0,1
117,239,116,238,0,0,1
117,240,116,239,0,0,1
117,241,116,240,0,0,1
117,242,116,241,0,0,1
117,243,116,242,0,0,1
118,119,117,118,0,0,1
118,120,117,119,0,0,1
118,121,117,120,0,0,1
118,122,117,121,0,0,1
118,123,117,122,0,0,1
118,124,117,123,0,0,1
118,125,117,124,0,0,1
118,126,117,125,0,0,1
118,127,117,126,0,0,1
118,128,117,127,0,0,1
118,129,117,128,0,0,1
118,130,117,129,0,0,1
118,131,117,130,0,0,1
118,132,117,131,0,0,1
118,133,117,132,0,0,1
118,134,117,133,0,0,1
118,135,117,134,0,0,1
118,136,117,135,0,0,1
118,137,117,136,0,0,1
118,138,117,137,0,0,1
118,139,117,138,0,0,1
118,140,117,139,0,0,1
118,141,117,140,0,0,1
118,142,117,141,0,0,1
118,143,117,142,0,0,1
118,144,117,143,0,0,1
118,145,117,144,0,0,1
118,146,117,145,0,0,1
118,147,117,146,0,0,1
118,148,117,147,0,0,1
118,149,117,148,0,0,1
118,150,117,149,0,0,1
118,151,117,150,0,0,1
118,152,117,151,0,0,1
118,153,117,152,0,0,1
118,154,117,153,0,0,1
118,155,117,154,0,0,1
118,156,117,155,0,0,1
118,157,117,156,0,0,1
118,158,117,157,0,0,1
118,159,117,158,0,0,1
118,160,117,159,0,0,1
118,161,117,160,0,0,1
118,162,117,161,0,0,1
118,163,117,162,0,0,1
118,164,117,163,0,0,1
118,165,117,164,0,0,1
118,166,117,165,0,0,1
118,167,117,166,0,0,1
118,168,117,167,0,0,1
118,169,117,168,0,0,1
118,170,117,169,0,0,1
118,171,117,170,0,0,1
118,172,117,171,0,0,1
118,173,117,172,0,0,1
118,174,117,173,0,0,1
118,175,117,174,0,0,1
118,176,117,175,0,0,1
118,177,117,176,0,0,1
118,178,117,177,0,0,1
118,179,117,178,0,0,1
118,180,117,179,0,0,1
118,181,117,180,0,0,1
118,182,117,181,0,0,1
118,183,117,182,0,0,1
118,184,117,183,0,0,1
118,185,117,184,0,0,1
118,186,117,185,0,0,1
118,187,117,186,0,0,1
118,188,117,187,0,0,1
118,189,117,188,0,0,1
118,190,117,189,0,0,1
118,191,117,190,0,0,1
118,192,117,191,0,0,1
118,193,117,192,0,0,1
118,194,117,193,0,0,1
118,195,117,194,0,0,1
118,196,117,195,0,0,1
118,197,117,196,0,0,1
118,198,117,197,0,0,1
118,199,117,198,0,0,1
118,200,117,199,0,0,1
118,201,117,200,0,0,1
118,202,117,201,0,0,1
118,203,117,202,0,0,1
118,204,117,203,0,0,1
118,205,117,204,0,0,1
118,206,117,205,0,0,1
118,207,117,206,0,0,1
118,208,117,207,0,0,1
118,209,117,208,0,0,1
118,210,117,209,0,0,1
118,211,117,210,0,0,1
118,212,117,211,0,0,1
118,213,117,212,0,0,1
118,214,117,213,0,0,1
118,215,117,214,0,0,1
118,216,117,215,0,0,1
118,217,117,216,0,0,1
118,218,117,217,0,0,1
118,219,117,218,0,0,1
118,220,117,219,0,0,1
118,221,117,220,0,0,1
118,222,117,221,0,0,1
118,223,117,222,0,0,1
118,224,117,223,0,0,1
118,225,117,228,0,0,1
118,226,117,225,0,0,1
118,227,117,226,0,0,1
118,228,117,227,0,0,1
118,229,117,224,0,0,1
118,230,117,229,0,0,1
118,231,117,230,0,0,1
118,232,117,231,0,0,1
118,233,117,232,0,0,1
118,234,117,233,0,0,1
118,235,117,234,0,0,1
118,236,117,235,0,0,1
118,237,117,236,0,0,1
118,238,117,237,0,0,1
118,239,117,238,0,0,1
118,240,117,239,0,0,1
118,241,117,240,0,0,1
118,242,117,241,0,0,1
118,243,117,242,0,0,1
119,120,118,119,0,0,1
119,121,118,120,0,0,1
119,122,118,121,0,0,1
119,123,118,122,0,0,1
119,124,118,123,0,0,1
119,125,118,124,0,0,1
119,126,118,125,0,0,1
119,127,118,126,0,0,1
119,128,118,127,0,0,1
119,129,118,128,0,0,1
119,130,118,129,0,0,1
119,131,118,130,0,0,1
119,132,118,131,0,0,1
119,133,118,132,0,0,1
119,134,118,133,0,0,1
119,135,118,134,0,0,1
119,136,118,135,0,0,1
119,137,118,136,0,0,1
119,138,118,137,0,0,1
119,139,118,138,0,0,1
119,140,118,139,0,0,1
119,141,118,140,0,0,1
119,142,118,141,0,0,1
119,143,118,142,0,0,1
119,144,118,143,0,0,1
119,145,118,144,0,0,1
119,146,118,145,0,0,1
119,147,118,146,0,0,1
119,148,118,147,0,0,1
119,149,118,148,0,0,1
119,150,118,149,0,0,1
119,151,118,150,0,0,1
119,152,118,151,0,0,1
119,153,118,152,0,0,1
119,154,118,153,0,0,1
119,155,118,154,0,0,1
119,156,118,155,0,0,1
119,157,118,156,0,0,1
119,158,118,157,0,0,1
119,159,118,158,0,0,1
119,160,118,159,0,0,1
119,161,118,160,0,0,1
119,162,118,161,0,0,1
119,163,118,162,0,0,1
119,164,118,163,0,0,1
119,165,118,164,0,0,1
119,166,118,165,0,0,1
119,167,118,166,0,0,1
119,168,118,167,0,0,1
119,169,118,168,0,0,1
119,170,118,169,0,0,1
119,171,118,170,0,0,1
119,172,118,171,0,0,1
119,173,118,172,0,0,1
119,174,118,173,0,0,1
119,175,118,174,0,0,1
119,176,118,175,0,0,1
119,177,118,176,0,0,1
119,178,118,177,0,0,1
119,179,118,178,0,0,1
119,180,118,179,0,0,1
119,181,118,180,0,0,1
119,182,118,181,0,0,1
119,183,118,182,0,0,1
119,184,118,183,0,0,1
119,185,118,184,0,0,1
119,186,118,185,0,0,1
119,187,118,186,0,0,1
119,188,118,187,0,0,1
119,189,118,188,0,0,1
119,190,118,189,0,0,1
119,191,118,190,0,0,1
119,192,118,191,0,0,1
119,193,118,192,0,0,1
119,194,118,193,0,0,1
119,195,118,194,0,0,1
119,196,118,195,0,0,1
119,197,118,196,0,0,1
119,198,118,197,0,0,1
119,199,118,198,0,0,1
119,200,118,199,0,0,1
119,201,118,200,0,0,1
119,202,118,201,0,0,1
119,203,118,202,0,0,1
119,204,118,203,0,0,1
119,205,118,204,0,0,1
119,206,118,205,0,0,1
119,207,118,206,0,0,1
119,208,118,207,0,0,1
119,209,118,208,0,0,1
119,210,118,209,0,0,1
119,211,118,210,0,0,1
119,212,118,211,0,0,1
119,213,118,212,0,0,1
119,214,118,213,0,0,1
119,215,118,214,0,0,1
119,216,118,215,0,0,1
119,217,118,216,0,0,1
119,218,118,217,0,0,1
119,219,118,218,0,0,1
119,220,118,219,0,0,1
119,221,118,220,0,0,1
119,222,118,221,0,0,1
119,223,118,222,0,0,1
119,224,118,223,0,0,1
119,225,118,228,0,0,1
119,226,118,225,0,0,1
119,227,118,226,0,0,1
119,228,118,227,0,0,1
119,229,118,224,0,0,1
119,230,118,229,0,0,1
119,231,118,230,0,0,1
119,232,118,231,0,0,1
119,233,118,232,0,0,1
119,234,118,233,0,0,1
119,235,118,234,0,0,1
119,236,118,235,0,0,1
119,237,118,236,0,0,1
119,238,118,237,0,0,1
119,239,118,238,0,0,1
119,240,118,239,0,0,1
119,241,118,240,0,0,1
119,242,118,241,0,0,1
119,243,118,242,0,0,1
120,121,119,120,0,0,1
120,122,119,121,0,0,1
120,123,119,122,0,0,1
120,124,119,123,0,0,1
120,125,119,124,0,0,1
120,126,119,125,0,0,1
120,127,119,126,0,0,1
120,128,119,127,0,0,1
120,129,119,128,0,0,1
120,130,119,129,0,0,1
120,131,119,130,0,0,1
120,132,119,131,0,0,1
120,133,119,132,0,0,1
120,134,119,133,0,0,1
120,135,119,134,0,0,1
120,136,119,135,0,0,1
120,137,119,136,0,0,1
120,138,119,137,0,0,1
120,139,119,138,0,0,1
120,140,119,139,0,0,1
120,141,119,140,0,0,1
120,142,119,141,0,0,1
120,143,119,142,0,0,1
120,144,119,143,0,0,1
120,145,119,144,0,0,1
120,146,119,145,0,0,1
120,147,119,146,0,0,1
120,148,119,147,0,0,1
120,149,119,148,0,0,1
120,150,119,149,0,0,1
120,151,119,150,0,0,1
120,152,119,151,0,0,1
120,153,119,152,0,0,1
120,154,119,153,0,0,1
120,155,119,154,0,0,1
120,156,119,155,0,0,1
120,157,119,156,0,0,1
120,158,119,157,0,0,1
120,159,119,158,0,0,1
120,160,119,159,0,0,1
120,161,119,160,0,0,1
120,162,119,161,0,0,1
120,163,119,162,0,0,1
120,164,119,163,0,0,1
120,165,119,164,0,0,1
120,166,119,165,0,0,1
120,167,119,166,0,0,1
120,168,119,167,0,0,1
120,169,119,168,0,0,1
120,170,119,169,0,0,1
120,171,119,170,0,0,1
120,172,119,171,0,0,1
120,173,119,172,0,0,1
120,174,119,173,0,0,1
120,175,119,174,0,0,1
120,176,119,175,0,0,1
120,177,119,176,0,0,1
120,178,119,177,0,0,1
120,179,119,178,0,0,1
120,180,119,179,0,0,1
120,181,119,180,0,0,1
120,182,119,181,0,0,1
120,183,119,182,0,0,1
120,184,119,183,0,0,1
120,185,119,184,0,0,1
120,186,119,185,0,0,1
120,187,119,186,0,0,1
120,188,119,187,0,0,1
120,189,119,188,0,0,1
120,190,119,189,0,0,1
120,191,119,190,0,0,1
120,192,119,191,0,0,1
120,193,119,192,0,0,1
120,194,119,193,0,0,1
120,195,119,194,0,0,1
120,196,119,195,0,0,1
120,197,119,196,0,0,1
120,198,119,197,0,0,1
120,199,119,198,0,0,1
120,200,119,199,0,0,1
120,201,119,200,0,0,1
120,202,119,201,0,0,1
120,203,119,202,0,0,1
120,204,119,203,0,0,1
120,205,119,204,0,0,1
120,206,119,205,0,0,1
120,207,119,206,0,0,1
120,208,119,207,0,0,1
120,209,119,208,0,0,1
120,210,119,209,0,0,1
120,211,119,210,0,0,1
120,212,119,211,0,0,1
120,213,119,212,0,0,1
120,214,119,213,0,0,1
120,215,119,214,0,0,1
120,216,119,215,0,0,1
120,217,119,216,0,0,1
120,218,119,217,0,0,1
120,219,119,218,0,0,1
120,220,119,219,0,0,1
120,221,119,220,0,0,1
120,222,119,221,0,0,1
120,223,119,222,0,0,1
120,224,119,223,0,0,1
120,225,119,228,0,0,1
120,226,119,225,0,0,1
120,227,119,226,0,0,1
120,228,119,227,0,0,1
120,229,119,224,0,0,1
120,230,119,229,0,0,1
120,231,119,230,0,0,1
120,232,119,231,0,0,1
120,233,119,232,0,0,1
120,234,119,233,0,0,1
120,235,119,234,0,0,1
120,236,119,235,0,0,1
120,237,119,236,0,0,1
120,238,119,237,0,0,1
120,239,119,238,0,0,1
120,240,119,239,0,0,1
120,241,119,240,0,0,1
120,242,119,241,0,0,1
120,243,119,242,0,0,1
121,122,120,121,0,0,1
121,123,120,122,0,0,1
121,124,120,123,0,0,1
121,125,120,124,0,0,1
121,126,120,125,0,0,1
121,127,120,126,0,0,1
121,128,120,127,0,0,1
121,129,120,128,0,0,1
121,130,120,129,0,0,1
121,131,120,130,0,0,1
121,132,120,131,0,0,1
121,133,120,132,0,0,1
121,134,120,133,0,0,1
121,135,120,134,0,0,1
121,136,120,135,0,0,1
121,137,120,136,0,0,1
121,138,120,137,0,0,1
121,139,120,138,0,0,1
121,140,120,139,0,0,1
121,141,120,140,0,0,1
121,142,120,141,0,0,1
121,143,120,142,0,0,1
121,144,120,143,0,0,1
121,145,120,144,0,0,1
121,146,120,145,0,0,1
121,147,120,146,0,0,1
121,148,120,147,0,0,1
121,149,120,148,0,0,1
121,150,120,149,0,0,1
121,151,120,150,0,0,1
121,152,120,151,0,0,1
121,153,120,152,0,0,1
121,154,120,153,0,0,1
121,155,120,154,0,0,1
121,156,120,155,0,0,1
121,157,120,156,0,0,1
121,158,120,157,0,0,1
121,159,120,158,0,0,1
121,160,120,159,0,0,1
121,161,120,160,0,0,1
121,162,120,161,0,0,1
121,163,120,162,0,0,1
121,164,120,163,0,0,1
121,165,120,164,0,0,1
121,166,120,165,0,0,1
121,167,120,166,0,0,1
121,168,120,167,0,0,1
121,169,120,168,0,0,1
121,170,120,169,0,0,1
121,171,120,170,0,0,1
121,172,120,171,0,0,1
121,173,120,172,0,0,1
121,174,120,173,0,0,1
121,175,120,174,0,0,1
121,176,120,175,0,0,1
121,177,120,176,0,0,1
121,178,120,177,0,0,1
121,179,120,178,0,0,1
121,180,120,179,0,0,1
121,181,120,180,0,0,1
121,182,120,181,0,0,1
121,183,120,182,0,0,1
121,184,120,183,0,0,1
121,185,120,184,0,0,1
121,186,120,185,0,0,1
121,187,120,186,0,0,1
121,188,120,187,0,0,1
121,189,120,188,0,0,1
121,190,120,189,0,0,1
121,191,120,190,0,0,1
121,192,120,191,0,0,1
121,193,120,192,0,0,1
121,194,120,193,0,0,1
121,195,120,194,0,0,1
121,196,120,195,0,0,1
121,197,120,196,0,0,1
121,198,120,197,0,0,1
121,199,120,198,0,0,1
121,200,120,199,0,0,1
121,201,120,200,0,0,1
121,202,120,201,0,0,1
121,203,120,202,0,0,1
121,204,120,203,0,0,1
121,205,120,204,0,0,1
121,206,120,205,0,0,1
121,207,120,206,0,0,1
121,208,120,207,0,0,1
121,209,120,208,0,0,1
121,210,120,209,0,0,1
121,211,120,210,0,0,1
121,212,120,211,0,0,1
121,213,120,212,0,0,1
121,214,120,213,0,0,1
121,215,120,214,0,0,1
121,216,120,215,0,0,1
121,217,120,216,0,0,1
121,218,120,217,0,0,1
121,219,120,218,0,0,1
121,220,120,219,0,0,1
121,221,120,220,0,0,1
121,222,120,221,0,0,1
121,223,120,222,0,0,1
121,224,120,223,0,0,1
121,225,120,228,0,0,1
121,226,120,225,0,0,1
121,227,120,226,0,0,1
121,228,120,227,0,0,1
121,229,120,224,0,0,1
121,230,120,229,0,0,1
121,231,120,230,0,0,1
121,232,120,231,0,0,1
121,233,120,232,0,0,1
121,234,120,233,0,0,1
121,235,120,234,0,0,1
121,236,120,235,0,0,1
121,237,120,236,0,0,1
121,238,120,237,0,0,1
121,239,120,238,0,0,1
121,240,120,239,0,0,1
121,241,120,240,0,0,1
121,242,120,241,0,0,1
121,243,120,242,0,0,1
122,123,121,122,0,0,1
122,124,121,123,0,0,1
122,125,121,124,0,0,1
122,126,121,125,0,0,1
122,127,121,126,0,0,1
122,128,121,127,0,0,1
122,129,121,128,0,0,1
122,130,121,129,0,0,1
122,131,121,130,0,0,1
122,132,121,131,0,0,1
122,133,121,132,0,0,1
122,134,121,133,0,0,1
122,135,121,134,0,0,1
122,136,121,135,0,0,1
122,137,121,136,0,0,1
122,138,121,137,0,0,1
122,139,121,138,0,0,1
122,140,121,139,0,0,1
122,141,121,140,0,0,1
122,142,121,141,0,0,1
122,143,121,142,0,0,1
122,144,121,143,0,0,1
122,145,121,144,0,0,1
122,146,121,145,0,0,1
122,147,121,146,0,0,1
122,148,121,147,0,0,1
122,149,121,148,0,0,1
122,150,121,149,0,0,1
122,151,121,150,0,0,1
122,152,121,151,0,0,1
122,153,121,152,0,0,1
122,154,121,153,0,0,1
122,155,121,154,0,0,1
122,156,121,155,0,0,1
122,157,121,156,0,0,1
122,158,121,157,0,0,1
122,159,121,158,0,0,1
122,160,121,159,0,0,1
122,161,121,160,0,0,1
122,162,121,161,0,0,1
122,163,121,162,0,0,1
122,164,121,163,0,0,1
122,165,121,164,0,0,1
122,166,121,165,0,0,1
122,167,121,166,0,0,1
122,168,121,167,0,0,1
122,169,121,168,0,0,1
122,170,121,169,0,0,1
122,171,121,170,0,0,1
122,172,121,171,0,0,1
122,173,121,172,0,0,1
122,174,121,173,0,0,1
122,175,121,174,0,0,1
122,176,121,175,0,0,1
122,177,121,176,0,0,1
122,178,121,177,0,0,1
122,179,121,178,0,0,1
122,180,121,179,0,0,1
122,181,121,180,0,0,1
122,182,121,181,0,0,1
122,183,121,182,0,0,1
122,184,121,183,0,0,1
122,185,121,184,0,0,1
122,186,121,185,0,0,1
122,187,121,186,0,0,1
122,188,121,187,0,0,1
122,189,121,188,0,0,1
122,190,121,189,0,0,1
122,191,121,190,0,0,1
122,192,121,191,0,0,1
122,193,121,192,0,0,1
122,194,121,193,0,0,1
122,195,121,194,0,0,1
122,196,121,195,0,0,1
122,197,121,196,0,0,1
122,198,121,197,0,0,1
122,199,121,198,0,0,1
122,200,121,199,0,0,1
122,201,121,200,0,0,1
122,202,121,201,0,0,1
122,203,121,202,0,0,1
122,204,121,203,0,0,1
122,205,121,204,0,0,1
122,206,121,205,0,0,1
122,207,121,206,0,0,1
122,208,121,207,0,0,1
122,209,121,208,0,0,1
122,210,121,209,0,0,1
122,211,121,210,0,0,1
122,212,121,211,0,0,1
122,213,121,212,0,0,1
122,214,121,213,0,0,1
122,215,121,214,0,0,1
122,216,121,215,0,0,1
122,217,121,216,0,0,1
122,218,121,217,0,0,1
122,219,121,218,0,0,1
122,220,121,219,0,0,1
122,221,121,220,0,0,1
122,222,121,221,0,0,1
122,223,121,222,0,0,1
122,224,121,223,0,0,1
122,225,121,228,0,0,1
122,226,121,225,0,0,1
122,227,121,226,0,0,1
122,228,121,227,0,0,1
122,229,121,224,0,0,1
122,230,121,229,0,0,1
122,231,121,230,0,0,1
122,232,121,231,0,0,1
122,233,121,232,0,0,1
122,234,121,233,0,0,1
122,235,121,234,0,0,1
122,236,121,235,0,0,1
122,237,121,236,0,0,1
122,238,121,237,0,0,1
122,239,121,238,0,0,1
122,240,121,239,0,0,1
122,241,121,240,0,0,1
122,242,121,241,0,0,1
122,243,121,242,0,0,1
123,124,122,123,0,0,1
123,125,122,124,0,0,1
123,126,122,125,0,0,1
123,127,122,126,0,0,1
123,128,122,127,0,0,1
123,129,122,128,0,0,1
123,130,122,129,0,0,1
123,131,122,130,0,0,1
123,132,122,131,0,0,1
123,133,122,132,0,0,1
123,134,122,133,0,0,1
123,135,122,134,0,0,1
123,136,122,135,0,0,1
123,137,122,136,0,0,1
123,138,122,137,0,0,1
123,139,122,138,0,0,1
123,140,122,139,0,0,1
123,141,122,140,0,0,1
123,142,122,141,0,0,1
123,143,122,142,0,0,1
123,144,122,143,0,0,1
123,145,122,144,0,0,1
123,146,122,145,0,0,1
123,147,122,146,0,0,1
123,148,122,147,0,0,1
123,149,122,148,0,0,1
123,150,122,149,0,0,1
123,151,122,150,0,0,1
123,152,122,151,0,0,1
123,153,122,152,0,0,1
123,154,122,153,0,0,1
123,155,122,154,0,0,1
123,156,122,155,0,0,1
123,157,122,156,0,0,1
123,158,122,157,0,0,1
123,159,122,158,0,0,1
123,160,122,159,0,0,1
123,161,122,160,0,0,1
123,162,122,161,0,0,1
123,163,122,162,0,0,1
123,164,122,163,0,0,1
123,165,122,164,0,0,1
123,166,122,165,0,0,1
123,167,122,166,0,0,1
123,168,122,167,0,0,1
123,169,122,168,0,0,1
123,170,122,169,0,0,1
123,171,122,170,0,0,1
123,172,122,171,0,0,1
123,173,122,172,0,0,1
123,174,122,173,0,0,1
123,175,122,174,0,0,1
123,176,122,175,0,0,1
123,177,122,176,0,0,1
123,178,122,177,0,0,1
123,179,122,178,0,0,1
123,180,122,179,0,0,1
123,181,122,180,0,0,1
123,182,122,181,0,0,1
123,183,122,182,0,0,1
123,184,122,183,0,0,1
123,185,122,184,0,0,1
123,186,122,185,0,0,1
123,187,122,186,0,0,1
123,188,122,187,0,0,1
123,189,122,188,0,0,1
123,190,122,189,0,0,1
123,191,122,190,0,0,1
123,192,122,191,0,0,1
123,193,122,192,0,0,1
123,194,122,193,0,0,1
123,195,122,194,0,0,1
123,196,122,195,0,0,1
123,197,122,196,0,0,1
123,198,122,197,0,0,1
123,199,122,198,0,0,1
123,200,122,199,0,0,1
123,201,122,200,0,0,1
123,202,122,201,0,0,1
123,203,122,202,0,0,1
123,204,122,203,0,0,1
123,205,122,204,0,0,1
123,206,122,205,0,0,1
123,207,122,206,0,0,1
123,208,122,207,0,0,1
123,209,122,208,0,0,1
123,210,122,209,0,0,1
123,211,122,210,0,0,1
123,212,122,211,0,0,1
123,213,122,212,0,0,1
123,214,122,213,0,0,1
123,215,122,214,0,0,1
123,216,122,215,0,0,1
123,217,122,216,0,0,1
123,218,122,217,0,0,1
123,219,122,218,0,0,1
123,220,122,219,0,0,1
123,221,122,220,0,0,1
123,222,122,221,0,0,1
123,223,122,222,0,0,1
123,224,122,223,0,0,1
123,225,122,228,0,0,1
123,226,122,225,0,0,1
123,227,122,226,0,0,1
123,228,122,227,0,0,1
123,229,122,224,0,0,1
123,230,122,229,0,0,1
123,231,122,230,0,0,1
123,232,122,231,0,0,1
123,233,122,232,0,0,1
123,234,122,233,0,0,1
123,235,122,234,0,0,1
123,236,122,235,0,0,1
123,237,122,236,0,0,1
123,238,122,237,0,0,1
123,239,122,238,0,0,1
123,240,122,239,0,0,1
123,241,122,240,0,0,1
123,242,122,241,0,0,1
123,243,122,242,0,0,1
124,125,123,124,0,0,1
124,126,123,125,0,0,1
124,127,123,126,0,0,1
124,128,123,127,0,0,1
124,129,123,128,0,0,1
124,130,123,129,0,0,1
124,131,123,130,0,0,1
124,132,123,131,0,0,1
124,133,123,132,0,0,1
124,134,123,133,0,0,1
124,135,123,134,0,0,1
124,136,123,135,0,0,1
124,137,123,136,0,0,1
124,138,123,137,0,0,1
124,139,123,138,0,0,1
124,140,123,139,0,0,1
124,141,123,140,0,0,1
124,142,123,141,0,0,1
124,143,123,142,0,0,1
124,144,123,143,0,0,1
124,145,123,144,0,0,1
124,146,123,145,0,0,1
124,147,123,146,0,0,1
124,148,123,147,0,0,1
124,149,123,148,0,0,1
124,150,123,149,0,0,1
124,151,123,150,0,0,1
124,152,123,151,0,0,1
124,153,123,152,0,0,1
124,154,123,153,0,0,1
124,155,123,154,0,0,1
124,156,123,155,0,0,1
124,157,123,156,0,0,1
124,158,123,157,0,0,1
124,159,123,158,0,0,1
124,160,123,159,0,0,1
124,161,123,160,0,0,1
124,162,123,161,0,0,1
124,163,123,162,0,0,1
124,164,123,163,0,0,1
124,165,123,164,0,0,1
124,166,123,165,0,0,1
124,167,123,166,0,0,1
124,168,123,167,0,0,1
124,169,123,168,0,0,1
124,170,123,169,0,0,1
124,171,123,170,0,0,1
124,172,123,171,0,0,1
124,173,123,172,0,0,1
124,174,123,173,0,0,1
124,175,123,174,0,0,1
124,176,123,175,0,0,1
124,177,123,176,0,0,1
124,178,123,177,0,0,1
124,179,123,178,0,0,1
124,180,123,179,0,0,1
124,181,123,180,0,0,1
124,182,123,181,0,0,1
124,183,123,182,0,0,1
124,184,123,183,0,0,1
124,185,123,184,0,0,1
124,186,123,185,0,0,1
124,187,123,186,0,0,1
124,188,123,187,0,0,1
124,189,123,188,0,0,1
124,190,123,189,0,0,1
124,191,123,190,0,0,1
124,192,123,191,0,0,1
124,193,123,192,0,0,1
124,194,123,193,0,0,1
124,195,123,194,0,0,1
124,196,123,195,0,0,1
124,197,123,196,0,0,1
124,198,123,197,0,0,1
124,199,123,198,0,0,1
124,200,123,199,0,0,1
124,201,123,200,0,0,1
124,202,123,201,0,0,1
124,203,123,202,0,0,1
124,204,123,203,0,0,1
124,205,123,204,0,0,1
124,206,123,205,0,0,1
124,207,123,206,0,0,1
124,208,123,207,0,0,1
124,209,123,208,0,0,1
124,210,123,209,0,0,1
124,211,123,210,0,0,1
124,212,123,211,0,0,1
124,213,123,212,0,0,1
124,214,123,213,0,0,1
124,215,123,214,0,0,1
124,216,123,215,0,0,1
124,217,123,216,0,0,1
124,218,123,217,0,0,1
124,219,123,218,0,0,1
124,220,123,219,0,0,1
124,221,123,220,0,0,1
124,222,123,221,0,0,1
124,223,123,222,0,0,1
124,224,123,223,0,0,1
124,225,123,228,0,0,1
124,226,123,225,0,0,1
124,227,123,226,0,0,1
124,228,123,227,0,0,1
124,229,123,224,0,0,1
124,230,123,229,0,0,1
124,231,123,230,0,0,1
124,232,123,231,0,0,1
124,233,123,232,0,0,1
124,234,123,233,0,0,1
124,235,123,234,0,0,1
124,236,123,235,0,0,1
124,237,123,236,0,0,1
124,238,123,237,0,0,1
124,239,123,238,0,0,1
124,240,123,239,0,0,1
124,241,123,240,0,0,1
124,242,123,241,0,0,1
124,243,123,242,0,0,1
125,126,124,125,0,0,1
125,127,124,126,0,0,1
125,128,124,127,0,0,1
125,129,124,128,0,0,1
125,130,124,129,0,0,1
125,131,124,130,0,0,1
125,132,124,131,0,0,1
125,133,124,132,0,0,1
125,134,124,133,0,0,1
125,135,124,134,0,0,1
125,136,124,135,0,0,1
125,137,124,136,0,0,1
125,138,124,137,0,0,1
125,139,124,138,0,0,1
125,140,124,139,0,0,1
125,141,124,140,0,0,1
125,142,124,141,0,0,1
125,143,124,142,0,0,1
125,144,124,143,0,0,1
125,145,124,144,0,0,1
125,146,124,145,0,0,1
125,147,124,146,0,0,1
125,148,124,147,0,0,1
125,149,124,148,0,0,1
125,150,124,149,0,0,1
125,151,124,150,0,0,1
125,152,124,151,0,0,1
125,153,124,152,0,0,1
125,154,124,153,0,0,1
125,155,124,154,0,0,1
125,156,124,155,0,0,1
125,157,124,156,0,0,1
125,158,124,157,0,0,1
125,159,124,158,0,0,1
125,160,124,159,0,0,1
125,161,124,160,0,0,1
125,162,124,161,0,0,1
125,163,124,162,0,0,1
125,164,124,163,0,0,1
125,165,124,164,0,0,1
125,166,124,165,0,0,1
125,167,124,166,0,0,1
125,168,124,167,0,0,1
125,169,124,168,0,0,1
125,170,124,169,0,0,1
125,171,124,170,0,0,1
125,172,124,171,0,0,1
125,173,124,172,0,0,1
125,174,124,173,0,0,1
125,175,124,174,0,0,1
125,176,124,175,0,0,1
125,177,124,176,0,0,1
125,178,124,177,0,0,1
125,179,124,178,0,0,1
125,180,124,179,0,0,1
125,181,124,180,0,0,1
125,182,124,181,0,0,1
125,183,124,182,0,0,1
125,184,124,183,0,0,1
125,185,124,184,0,0,1
125,186,124,185,0,0,1
125,187,124,186,0,0,1
125,188,124,187,0,0,1
125,189,124,188,0,0,1
125,190,124,189,0,0,1
125,191,124,190,0,0,1
125,192,124,191,0,0,1
125,193,124,192,0,0,1
125,194,124,193,0,0,1
125,195,124,194,0,0,1
125,196,124,195,0,0,1
125,197,124,196,0,0,1
125,198,124,197,0,0,1
125,199,124,198,0,0,1
125,200,124,199,0,0,1
125,201,124,200,0,0,1
125,202,124,201,0,0,1
125,203,124,202,0,0,1
125,204,124,203,0,0,1
125,205,124,204,0,0,1
125,206,124,205,0,0,1
125,207,124,206,0,0,1
125,208,124,207,0,0,1
125,209,124,208,0,0,1
125,210,124,209,0,0,1
125,211,124,210,0,0,1
125,212,124,211,0,0,1
125,213,124,212,0,0,1
125,214,124,213,0,0,1
125,215,124,214,0,0,1
125,216,124,215,0,0,1
125,217,124,216,0,0,1
125,218,124,217,0,0,1
125,219,124,218,0,0,1
125,220,124,219,0,0,1
125,221,124,220,0,0,1
125,222,124,221,0,0,1
125,223,124,222,0,0,1
125,224,124,223,0,0,1
125,225,124,228,0,0,1
125,226,124,225,0,0,1
125,227,124,226,0,0,1
125,228,124,227,0,0,1
125,229,124,224,0,0,1
125,230,124,229,0,0,1
125,231,124,230,0,0,1
125,232,124,231,0,0,1
125,233,124,232,0,0,1
125,234,124,233,0,0,1
125,235,124,234,0,0,1
125,236,124,235,0,0,1
125,237,124,236,0,0,1
125,238,124,237,0,0,1
125,239,124,238,0,0,1
125,240,124,239,0,0,1
125,241,124,240,0,0,1
125,242,124,241,0,0,1
125,243,124,242,0,0,1
126,127,125,126,0,0,1
126,128,125,127,0,0,1
126,129,125,128,0,0,1
126,130,125,129,0,0,1
126,131,125,130,0,0,1
126,132,125,131,0,0,1
126,133,125,132,0,0,1
126,134,125,133,0,0,1
126,135,125,134,0,0,1
126,136,125,135,0,0,1
126,137,125,136,0,0,1
126,138,125,137,0,0,1
126,139,125,138,0,0,1
126,140,125,139,0,0,1
126,141,125,140,0,0,1
126,142,125,141,0,0,1
126,143,125,142,0,0,1
126,144,125,143,0,0,1
126,145,125,144,0,0,1
126,146,125,145,0,0,1
126,147,125,146,0,0,1
126,148,125,147,0,0,1
126,149,125,148,0,0,1
126,150,125,149,0,0,1
126,151,125,150,0,0,1
126,152,125,151,0,0,1
126,153,125,152,0,0,1
126,154,125,153,0,0,1
126,155,125,154,0,0,1
126,156,125,155,0,0,1
126,157,125,156,0,0,1
126,158,125,157,0,0,1
126,159,125,158,0,0,1
126,160,125,159,0,0,1
126,161,125,160,0,0,1
126,162,125,161,0,0,1
126,163,125,162,0,0,1
126,164,125,163,0,0,1
126,165,125,164,0,0,1
126,166,125,165,0,0,1
126,167,125,166,0,0,1
126,168,125,167,0,0,1
126,169,125,168,0,0,1
126,170,125,169,0,0,1
126,171,125,170,0,0,1
126,172,125,171,0,0,1
126,173,125,172,0,0,1
126,174,125,173,0,0,1
126,175,125,174,0,0,1
126,176,125,175,0,0,1
126,177,125,176,0,0,1
126,178,125,177,0,0,1
126,179,125,178,0,0,1
126,180,125,179,0,0,1
126,181,125,180,0,0,1
126,182,125,181,0,0,1
126,183,125,182,0,0,1
126,184,125,183,0,0,1
126,185,125,184,0,0,1
126,186,125,185,0,0,1
126,187,125,186,0,0,1
126,188,125,187,0,0,1
126,189,125,188,0,0,1
126,190,125,189,0,0,1
126,191,125,190,0,0,1
126,192,125,191,0,0,1
126,193,125,192,0,0,1
126,194,125,193,0,0,1
126,195,125,194,0,0,1
126,196,125,195,0,0,1
126,197,125,196,0,0,1
126,198,125,197,0,0,1
126,199,125,198,0,0,1
126,200,125,199,0,0,1
126,201,125,200,0,0,1
126,202,125,201,0,0,1
126,203,125,202,0,0,1
126,204,125,203,0,0,1
126,205,125,204,0,0,1
126,206,125,205,0,0,1
126,207,125,206,0,0,1
126,208,125,207,0,0,1
126,209,125,208,0,0,1
126,210,125,209,0,0,1
126,211,125,210,0,0,1
126,212,125,211,0,0,1
126,213,125,212,0,0,1
126,214,125,213,0,0,1
126,215,125,214,0,0,1
126,216,125,215,0,0,1
126,217,125,216,0,0,1
126,218,125,217,0,0,1
126,219,125,218,0,0,1
126,220,125,219,0,0,1
126,221,125,220,0,0,1
126,222,125,221,0,0,1
126,223,125,222,0,0,1
126,224,125,223,0,0,1
126,225,125,228,0,0,1
126,226,125,225,0,0,1
126,227,125,226,0,0,1
126,228,125,227,0,0,1
126,229,125,224,0,0,1
126,230,125,229,0,0,1
126,231,125,230,0,0,1
126,232,125,231,0,0,1
126,233,125,232,0,0,1
126,234,125,233,0,0,1
126,235,125,234,0,0,1
126,236,125,235,0,0,1
126,237,125,236,0,0,1
126,238,125,237,0,0,1
126,239,125,238,0,0,1
126,240,125,239,0,0,1
126,241,125,240,0,0,1
126,242,125,241,0,0,1
126,243,125,242,0,0,1
127,128,126,127,0,0,1
127,129,126,128,0,0,1
127,130,126,129,0,0,1
127,131,126,130,0,0,1
127,132,126,131,0,0,1
127,133,126,132,0,0,1
127,134,126,133,0,0,1
127,135,126,134,0,0,1
127,136,126,135,0,0,1
127,137,126,136,0,0,1
127,138,126,137,0,0,1
127,139,126,138,0,0,1
127,140,126,139,0,0,1
127,141,126,140,0,0,1
127,142,126,141,0,0,1
127,143,126,142,0,0,1
127,144,126,143,0,0,1
127,145,126,144,0,0,1
127,146,126,145,0,0,1
127,147,126,146,0,0,1
127,148,126,147,0,0,1
127,149,126,148,0,0,1
127,150,126,149,0,0,1
127,151,126,150,0,0,1
127,152,126,151,0,0,1
127,153,126,152,0,0,1
127,154,126,153,0,0,1
127,155,126,154,0,0,1
127,156,126,155,0,0,1
127,157,126,156,0,0,1
127,158,126,157,0,0,1
127,159,126,158,0,0,1
127,160,126,159,0,0,1
127,161,126,160,0,0,1
127,162,126,161,0,0,1
127,163,126,162,0,0,1
127,164,126,163,0,0,1
127,165,126,164,0,0,1
127,166,126,165,0,0,1
127,167,126,166,0,0,1
127,168,126,167,0,0,1
127,169,126,168,0,0,1
127,170,126,169,0,0,1
127,171,126,170,0,0,1
127,172,126,171,0,0,1
127,173,126,172,0,0,1
127,174,126,173,0,0,1
127,175,126,174,0,0,1
127,176,126,175,0,0,1
127,177,126,176,0,0,1
127,178,126,177,0,0,1
127,179,126,178,0,0,1
127,180,126,179,0,0,1
127,181,126,180,0,0,1
127,182,126,181,0,0,1
127,183,126,182,0,0,1
127,184,126,183,0,0,1
127,185,126,184,0,0,1
127,186,126,185,0,0,1
127,187,126,186,0,0,1
127,188,126,187,0,0,1
127,189,126,188,0,0,1
127,190,126,189,0,0,1
127,191,126,190,0,0,1
127,192,126,191,0,0,1
127,193,126,192,0,0,1
127,194,126,193,0,0,1
127,195,126,194,0,0,1
127,196,126,195,0,0,1
127,197,126,196,0,0,1
127,198,126,197,0,0,1
127,199,126,198,0,0,1
127,200,126,199,0,0,1
127,201,126,200,0,0,1
127,202,126,201,0,0,1
127,203,126,202,0,0,1
127,204,126,203,0,0,1
127,205,126,204,0,0,1
127,206,126,205,0,0,1
127,207,126,206,0,0,1
127,208,126,207,0,0,1
127,209,126,208,0,0,1
127,210,126,209,0,0,1
127,211,126,210,0,0,1
127,212,126,211,0,0,1
127,213,126,212,0,0,1
127,214,126,213,0,0,1
127,215,126,214,0,0,1
127,216,126,215,0,0,1
127,217,126,216,0,0,1
127,218,126,217,0,0,1
127,219,126,218,0,0,1
127,220,126,219,0,0,1
127,221,126,220,0,0,1
127,222,126,221,0,0,1
127,223,126,222,0,0,1
127,224,126,223,0,0,1
127,225,126,228,0,0,1
127,226,126,225,0,0,1
127,227,126,226,0,0,1
127,228,126,227,0,0,1
127,229,126,224,0,0,1
127,230,126,229,0,0,1
127,231,126,230,0,0,1
127,232,126,231,0,0,1
127,233,126,232,0,0,1
127,234,126,233,0,0,1
127,235,126,234,0,0,1
127,236,126,235,0,0,1
127,237,126,236,0,0,1
127,238,126,237,0,0,1
127,239,126,238,0,0,1
127,240,126,239,0,0,1
127,241,126,240,0,0,1
127,242,126,241,0,0,1
127,243,126,242,0,0,1
128,129,127,128,0,0,1
128,130,127,129,0,0,1
128,131,127,130,0,0,1
128,132,127,131,0,0,1
128,133,127,132,0,0,1
128,134,127,133,0,0,1
128,135,127,134,0,0,1
128,136,127,135,0,0,1
128,137,127,136,0,0,1
128,138,127,137,0,0,1
128,139,127,138,0,0,1
128,140,127,139,0,0,1
128,141,127,140,0,0,1
128,142,127,141,0,0,1
128,143,127,142,0,0,1
128,144,127,143,0,0,1
128,145,127,144,0,0,1
128,146,127,145,0,0,1
128,147,127,146,0,0,1
128,148,127,147,0,0,1
128,149,127,148,0,0,1
128,150,127,149,0,0,1
128,151,127,150,0,0,1
128,152,127,151,0,0,1
128,153,127,152,0,0,1
128,154,127,153,0,0,1
128,155,127,154,0,0,1
128,156,127,155,0,0,1
128,157,127,156,0,0,1
128,158,127,157,0,0,1
128,159,127,158,0,0,1
128,160,127,159,0,0,1
128,161,127,160,0,0,1
128,162,127,161,0,0,1
128,163,127,162,0,0,1
128,164,127,163,0,0,1
128,165,127,164,0,0,1
128,166,127,165,0,0,1
128,167,127,166,0,0,1
128,168,127,167,0,0,1
128,169,127,168,0,0,1
128,170,127,169,0,0,1
128,171,127,170,0,0,1
128,172,127,171,0,0,1
128,173,127,172,0,0,1
128,174,127,173,0,0,1
128,175,127,174,0,0,1
128,176,127,175,0,0,1
128,177,127,176,0,0,1
128,178,127,177,0,0,1
128,179,127,178,0,0,1
128,180,127,179,0,0,1
128,181,127,180,0,0,1
128,182,127,181,0,0,1
128,183,127,182,0,0,1
128,184,127,183,0,0,1
128,185,127,184,0,0,1
128,186,127,185,0,0,1
128,187,127,186,0,0,1
128,188,127,187,0,0,1
128,189,127,188,0,0,1
128,190,127,189,0,0,1
128,191,127,190,0,0,1
128,192,127,191,0,0,1
128,193,127,192,0,0,1
128,194,127,193,0,0,1
128,195,127,194,0,0,1
128,196,127,195,0,0,1
128,197,127,196,0,0,1
128,198,127,197,0,0,1
128,199,127,198,0,0,1
128,200,127,199,0,0,1
128,201,127,200,0,0,1
128,202,127,201,0,0,1
128,203,127,202,0,0,1
128,204,127,203,0,0,1
128,205,127,204,0,0,1
128,206,127,205,0,0,1
128,207,127,206,0,0,1
128,208,127,207,0,0,1
128,209,127,208,0,0,1
128,210,127,209,0,0,1
128,211,127,210,0,0,1
128,212,127,211,0,0,1
128,213,127,212,0,0,1
128,214,127,213,0,0,1
128,215,127,214,0,0,1
128,216,127,215,0,0,1
128,217,127,216,0,0,1
128,218,127,217,0,0,1
128,219,127,218,0,0,1
128,220,127,219,0,0,1
128,221,127,220,0,0,1
128,222,127,221,0,0,1
128,223,127,222,0,0,1
128,224,127,223,0,0,1
128,225,127,228,0,0,1
128,226,127,225,0,0,1
128,227,127,226,0,0,1
128,228,127,227,0,0,1
128,229,127,224,0,0,1
128,230,127,229,0,0,1
128,231,127,230,0,0,1
128,232,127,231,0,0,1
128,233,127,232,0,0,1
128,234,127,233,0,0,1
128,235,127,234,0,0,1
128,236,127,235,0,0,1
128,237,127,236,0,0,1
128,238,127,237,0,0,1
128,239,127,238,0,0,1
128,240,127,239,0,0,1
128,241,127,240,0,0,1
128,242,127,241,0,0,1
128,243,127,242,0,0,1
129,130,128,129,0,0,1
129,131,128,130,0,0,1
129,132,128,131,0,0,1
129,133,128,132,0,0,1
129,134,128,133,0,0,1
129,135,128,134,0,0,1
129,136,128,135,0,0,1
129,137,128,136,0,0,1
129,138,128,137,0,0,1
129,139,128,138,0,0,1
129,140,128,139,0,0,1
129,141,128,140,0,0,1
129,142,128,141,0,0,1
129,143,128,142,0,0,1
129,144,128,143,0,0,1
129,145,128,144,0,0,1
129,146,128,145,0,0,1
129,147,128,146,0,0,1
129,148,128,147,0,0,1
129,149,128,148,0,0,1
129,150,128,149,0,0,1
129,151,128,150,0,0,1
129,152,128,151,0,0,1
129,153,128,152,0,0,1
129,154,128,153,0,0,1
129,155,128,154,0,0,1
129,156,128,155,0,0,1
129,157,128,156,0,0,1
129,158,128,157,0,0,1
129,159,128,158,0,0,1
129,160,128,159,0,0,1
129,161,128,160,0,0,1
129,162,128,161,0,0,1
129,163,128,162,0,0,1
129,164,128,163,0,0,1
129,165,128,164,0,0,1
129,166,128,165,0,0,1
129,167,128,166,0,0,1
129,168,128,167,0,0,1
129,169,128,168,0,0,1
129,170,128,169,0,0,1
129,171,128,170,0,0,1
129,172,128,171,0,0,1
129,173,128,172,0,0,1
129,174,128,173,0,0,1
129,175,128,174,0,0,1
129,176,128,175,0,0,1
129,177,128,176,0,0,1
129,178,128,177,0,0,1
129,179,128,178,0,0,1
129,180,128,179,0,0,1
129,181,128,180,0,0,1
129,182,128,181,0,0,1
129,183,128,182,0,0,1
129,184,128,183,0,0,1
129,185,128,184,0,0,1
129,186,128,185,0,0,1
129,187,128,186,0,0,1
129,188,128,187,0,0,1
129,189,128,188,0,0,1
129,190,128,189,0,0,1
129,191,128,190,0,0,1
129,192,128,191,0,0,1
129,193,128,192,0,0,1
129,194,128,193,0,0,1
129,195,128,194,0,0,1
129,196,128,195,0,0,1
129,197,128,196,0,0,1
129,198,128,197,0,0,1
129,199,128,198,0,0,1
129,200,128,199,0,0,1
129,201,128,200,0,0,1
129,202,128,201,0,0,1
129,203,128,202,0,0,1
129,204,128,203,0,0,1
129,205,128,204,0,0,1
129,206,128,205,0,0,1
129,207,128,206,0,0,1
129,208,128,207,0,0,1
129,209,128,208,0,0,1
129,210,128,209,0,0,1
129,211,128,210,0,0,1
129,212,128,211,0,0,1
129,213,128,212,0,0,1
129,214,128,213,0,0,1
129,215,128,214,0,0,1
129,216,128,215,0,0,1
129,217,128,216,0,0,1
129,218,128,217,0,0,1
129,219,128,218,0,0,1
129,220,128,219,0,0,1
129,221,128,220,0,0,1
129,222,128,221,0,0,1
129,223,128,222,0,0,1
129,224,128,223,0,0,1
129,225,128,228,0,0,1
129,226,128,225,0,0,1
129,227,128,226,0,0,1
129,228,128,227,0,0,1
129,229,128,224,0,0,1
129,230,128,229,0,0,1
129,231,128,230,0,0,1
129,232,128,231,0,0,1
129,233,128,232,0,0,1
129,234,128,233,0,0,1
129,235,128,234,0,0,1
129,236,128,235,0,0,1
129,237,128,236,0,0,1
129,238,128,237,0,0,1
129,239,128,238,0,0,1
129,240,128,239,0,0,1
129,241,128,240,0,0,1
129,242,128,241,0,0,1
129,243,128,242,0,0,1
130,131,129,130,0,0,1
130,132,129,131,0,0,1
130,133,129,132,0,0,1
130,134,129,133,0,0,1
130,135,129,134,0,0,1
130,136,129,135,0,0,1
130,137,129,136,0,0,1
130,138,129,137,0,0,1
130,139,129,138,0,0,1
130,140,129,139,0,0,1
130,141,129,140,0,0,1
130,142,129,141,0,0,1
130,143,129,142,0,0,1
130,144,129,143,0,0,1
130,145,129,144,0,0,1
130,146,129,145,0,0,1
130,147,129,146,0,0,1
130,148,129,147,0,0,1
130,149,129,148,0,0,1
130,150,129,149,0,0,1
130,151,129,150,0,0,1
130,152,129,151,0,0,1
130,153,129,152,0,0,1
130,154,129,153,0,0,1
130,155,129,154,0,0,1
130,156,129,155,0,0,1
130,157,129,156,0,0,1
130,158,129,157,0,0,1
130,159,129,158,0,0,1
130,160,129,159,0,0,1
130,161,129,160,0,0,1
130,162,129,161,0,0,1
130,163,129,162,0,0,1
130,164,129,163,0,0,1
130,165,129,164,0,0,1
130,166,129,165,0,0,1
130,167,129,166,0,0,1
130,168,129,167,0,0,1
130,169,129,168,0,0,1
130,170,129,169,0,0,1
130,171,129,170,0,0,1
130,172,129,171,0,0,1
130,173,129,172,0,0,1
130,174,129,173,0,0,1
130,175,129,174,0,0,1
130,176,129,175,0,0,1
130,177,129,176,0,0,1
130,178,129,177,0,0,1
130,179,129,178,0,0,1
130,180,129,179,0,0,1
130,181,129,180,0,0,1
130,182,129,181,0,0,1
130,183,129,182,0,0,1
130,184,129,183,0,0,1
130,185,129,184,0,0,1
130,186,129,185,0,0,1
130,187,129,186,0,0,1
130,188,129,187,0,0,1
130,189,129,188,0,0,1
130,190,129,189,0,0,1
130,191,129,190,0,0,1
130,192,129,191,0,0,1
130,193,129,192,0,0,1
130,194,129,193,0,0,1
130,195,129,194,0,0,1
130,196,129,195,0,0,1
130,197,129,196,0,0,1
130,198,129,197,0,0,1
130,199,129,198,0,0,1
130,200,129,199,0,0,1
130,201,129,200,0,0,1
130,202,129,201,0,0,1
130,203,129,202,0,0,1
130,204,129,203,0,0,1
130,205,129,204,0,0,1
130,206,129,205,0,0,1
130,207,129,206,0,0,1
130,208,129,207,0,0,1
130,209,129,208,0,0,1
130,210,129,209,0,0,1
130,211,129,210,0,0,1
130,212,129,211,0,0,1
130,213,129,212,0,0,1
130,214,129,213,0,0,1
130,215,129,214,0,0,1
130,216,129,215,0,0,1
130,217,129,216,0,0,1
130,218,129,217,0,0,1
130,219,129,218,0,0,1
130,220,129,219,0,0,1
130,221,129,220,0,0,1
130,222,129,221,0,0,1
130,223,129,222,0,0,1
130,224,129,223,0,0,1
130,225,129,228,0,0,1
130,226,129,225,0,0,1
130,227,129,226,0,0,1
130,228,129,227,0,0,1
130,229,129,224,0,0,1
130,230,129,229,0,0,1
130,231,129,230,0,0,1
130,232,129,231,0,0,1
130,233,129,232,0,0,1
130,234,129,233,0,0,1
130,235,129,234,0,0,1
130,236,129,235,0,0,1
130,237,129,236,0,0,1
130,238,129,237,0,0,1
130,239,129,238,0,0,1
130,240,129,239,0,0,1
130,241,129,240,0,0,1
130,242,129,241,0,0,1
130,243,129,242,0,0,1
131,132,130,131,0,0,1
131,133,130,132,0,0,1
131,134,130,133,0,0,1
131,135,130,134,0,0,1
131,136,130,135,0,0,1
131,137,130,136,0,0,1
131,138,130,137,0,0,1
131,139,130,138,0,0,1
131,140,130,139,0,0,1
131,141,130,140,0,0,1
131,142,130,141,0,0,1
131,143,130,142,0,0,1
131,144,130,143,0,0,1
131,145,130,144,0,0,1
131,146,130,145,0,0,1
131,147,130,146,0,0,1
131,148,130,147,0,0,1
131,149,130,148,0,0,1
131,150,130,149,0,0,1
131,151,130,150,0,0,1
131,152,130,151,0,0,1
131,153,130,152,0,0,1
131,154,130,153,0,0,1
131,155,130,154,0,0,1
131,156,130,155,0,0,1
131,157,130,156,0,0,1
131,158,130,157,0,0,1
131,159,130,158,0,0,1
131,160,130,159,0,0,1
131,161,130,160,0,0,1
131,162,130,161,0,0,1
131,163,130,162,0,0,1
131,164,130,163,0,0,1
131,165,130,164,0,0,1
131,166,130,165,0,0,1
131,167,130,166,0,0,1
131,168,130,167,0,0,1
131,169,130,168,0,0,1
131,170,130,169,0,0,1
131,171,130,170,0,0,1
131,172,130,171,0,0,1
131,173,130,172,0,0,1
131,174,130,173,0,0,1
131,175,130,174,0,0,1
131,176,130,175,0,0,1
131,177,130,176,0,0,1
131,178,130,177,0,0,1
131,179,130,178,0,0,1
131,180,130,179,0,0,1
131,181,130,180,0,0,1
131,182,130,181,0,0,1
131,183,130,182,0,0,1
131,184,130,183,0,0,1
131,185,130,184,0,0,1
131,186,130,185,0,0,1
131,187,130,186,0,0,1
131,188,130,187,0,0,1
131,189,130,188,0,0,1
131,190,130,189,0,0,1
131,191,130,190,0,0,1
131,192,130,191,0,0,1
131,193,130,192,0,0,1
131,194,130,193,0,0,1
131,195,130,194,0,0,1
131,196,130,195,0,0,1
131,197,130,196,0,0,1
131,198,130,197,0,0,1
131,199,130,198,0,0,1
131,200,130,199,0,0,1
131,201,130,200,0,0,1
131,202,130,201,0,0,1
131,203,130,202,0,0,1
131,204,130,203,0,0,1
131,205,130,204,0,0,1
131,206,130,205,0,0,1
131,207,130,206,0,0,1
131,208,130,207,0,0,1
131,209,130,208,0,0,1
131,210,130,209,0,0,1
131,211,130,210,0,0,1
131,212,130,211,0,0,1
131,213,130,212,0,0,1
131,214,130,213,0,0,1
131,215,130,214,0,0,1
131,216,130,215,0,0,1
131,217,130,216,0,0,1
131,218,130,217,0,0,1
131,219,130,218,0,0,1
131,220,130,219,0,0,1
131,221,130,220,0,0,1
131,222,130,221,0,0,1
131,223,130,222,0,0,1
131,224,130,223,0,0,1
131,225,130,228,0,0,1
131,226,130,225,0,0,1
131,227,130,226,0,0,1
131,228,130,227,0,0,1
131,229,130,224,0,0,1
131,230,130,229,0,0,1
131,231,130,230,0,0,1
131,232,130,231,0,0,1
131,233,130,232,0,0,1
131,234,130,233,0,0,1
131,235,130,234,0,0,1
131,236,130,235,0,0,1
131,237,130,236,0,0,1
131,238,130,237,0,0,1
131,239,130,238,0,0,1
131,240,130,239,0,0,1
131,241,130,240,0,0,1
131,242,130,241,0,0,1
131,243,130,242,0,0,1
132,133,131,132,0,0,1
132,134,131,133,0,0,1
132,135,131,134,0,0,1
132,136,131,135,0,0,1
132,137,131,136,0,0,1
132,138,131,137,0,0,1
132,139,131,138,0,0,1
132,140,131,139,0,0,1
132,141,131,140,0,0,1
132,142,131,141,0,0,1
132,143,131,142,0,0,1
132,144,131,143,0,0,1
132,145,131,144,0,0,1
132,146,131,145,0,0,1
132,147,131,146,0,0,1
132,148,131,147,0,0,1
132,149,131,148,0,0,1
132,150,131,149,0,0,1
132,151,131,150,0,0,1
132,152,131,151,0,0,1
132,153,131,152,0,0,1
132,154,131,153,0,0,1
132,155,131,154,0,0,1
132,156,131,155,0,0,1
132,157,131,156,0,0,1
132,158,131,157,0,0,1
132,159,131,158,0,0,1
132,160,131,159,0,0,1
132,161,131,160,0,0,1
132,162,131,161,0,0,1
132,163,131,162,0,0,1
132,164,131,163,0,0,1
132,165,131,164,0,0,1
132,166,131,165,0,0,1
132,167,131,166,0,0,1
132,168,131,167,0,0,1
132,169,131,168,0,0,1
132,170,131,169,0,0,1
132,171,131,170,0,0,1
132,172,131,171,0,0,1
132,173,131,172,0,0,1
132,174,131,173,0,0,1
132,175,131,174,0,0,1
132,176,131,175,0,0,1
132,177,131,176,0,0,1
132,178,131,177,0,0,1
132,179,131,178,0,0,1
132,180,131,179,0,0,1
132,181,131,180,0,0,1
132,182,131,181,0,0,1
132,183,131,182,0,0,1
132,184,131,183,0,0,1
132,185,131,184,0,0,1
132,186,131,185,0,0,1
132,187,131,186,0,0,1
132,188,131,187,0,0,1
132,189,131,188,0,0,1
132,190,131,189,0,0,1
132,191,131,190,0,0,1
132,192,131,191,0,0,1
132,193,131,192,0,0,1
132,194,131,193,0,0,1
132,195,131,194,0,0,1
132,196,131,195,0,0,1
132,197,131,196,0,0,1
132,198,131,197,0,0,1
132,199,131,198,0,0,1
132,200,131,199,0,0,1
132,201,131,200,0,0,1
132,202,131,201,0,0,1
132,203,131,202,0,0,1
132,204,131,203,0,0,1
132,205,131,204,0,0,1
132,206,131,205,0,0,1
132,207,131,206,0,0,1
132,208,131,207,0,0,1
132,209,131,208,0,0,1
132,210,131,209,0,0,1
132,211,131,210,0,0,1
132,212,131,211,0,0,1
132,213,131,212,0,0,1
132,214,131,213,0,0,1
132,215,131,214,0,0,1
132,216,131,215,0,0,1
132,217,131,216,0,0,1
132,218,131,217,0,0,1
132,219,131,218,0,0,1
132,220,131,219,0,0,1
132,221,131,220,0,0,1
132,222,131,221,0,0,1
132,223,131,222,0,0,1
132,224,131,223,0,0,1
132,225,131,228,0,0,1
132,226,131,225,0,0,1
132,227,131,226,0,0,1
132,228,131,227,0,0,1
132,229,131,224,0,0,1
132,230,131,229,0,0,1
132,231,131,230,0,0,1
132,232,131,231,0,0,1
132,233,131,232,0,0,1
132,234,131,233,0,0,1
132,235,131,234,0,0,1
132,236,131,235,0,0,1
132,237,131,236,0,0,1
132,238,131,237,0,0,1
132,239,131,238,0,0,1
132,240,131,239,0,0,1
132,241,131,240,0,0,1
132,242,131,241,0,0,1
132,243,131,242,0,0,1
133,134,132,133,0,0,1
133,135,132,134,0,0,1
133,136,132,135,0,0,1
133,137,132,136,0,0,1
133,138,132,137,0,0,1
133,139,132,138,0,0,1
133,140,132,139,0,0,1
133,141,132,140,0,0,1
133,142,132,141,0,0,1
133,143,132,142,0,0,1
133,144,132,143,0,0,1
133,145,132,144,0,0,1
133,146,132,145,0,0,1
133,147,132,146,0,0,1
133,148,132,147,0,0,1
133,149,132,148,0,0,1
133,150,132,149,0,0,1
133,151,132,150,0,0,1
133,152,132,151,0,0,1
133,153,132,152,0,0,1
133,154,132,153,0,0,1
133,155,132,154,0,0,1
133,156,132,155,0,0,1
133,157,132,156,0,0,1
133,158,132,157,0,0,1
133,159,132,158,0,0,1
133,160,132,159,0,0,1
133,161,132,160,0,0,1
133,162,132,161,0,0,1
133,163,132,162,0,0,1
133,164,132,163,0,0,1
133,165,132,164,0,0,1
133,166,132,165,0,0,1
133,167,132,166,0,0,1
133,168,132,167,0,0,1
133,169,132,168,0,0,1
133,170,132,169,0,0,1
133,171,132,170,0,0,1
133,172,132,171,0,0,1
133,173,132,172,0,0,1
133,174,132,173,0,0,1
133,175,132,174,0,0,1
133,176,132,175,0,0,1
133,177,132,176,0,0,1
133,178,132,177,0,0,1
133,179,132,178,0,0,1
133,180,132,179,0,0,1
133,181,132,180,0,0,1
133,182,132,181,0,0,1
133,183,132,182,0,0,1
133,184,132,183,0,0,1
133,185,132,184,0,0,1
133,186,132,185,0,0,1
133,187,132,186,0,0,1
133,188,132,187,0,0,1
133,189,132,188,0,0,1
133,190,132,189,0,0,1
133,191,132,190,0,0,1
133,192,132,191,0,0,1
133,193,132,192,0,0,1
133,194,132,193,0,0,1
133,195,132,194,0,0,1
133,196,132,195,0,0,1
133,197,132,196,0,0,1
133,198,132,197,0,0,1
133,199,132,198,0,0,1
133,200,132,199,0,0,1
133,201,132,200,0,0,1
133,202,132,201,0,0,1
133,203,132,202,0,0,1
133,204,132,203,0,0,1
133,205,132,204,0,0,1
133,206,132,205,0,0,1
133,207,132,206,0,0,1
133,208,132,207,0,0,1
133,209,132,208,0,0,1
133,210,132,209,0,0,1
133,211,132,210,0,0,1
133,212,132,211,0,0,1
133,213,132,212,0,0,1
133,214,132,213,0,0,1
133,215,132,214,0,0,1
133,216,132,215,0,0,1
133,217,132,216,0,0,1
133,218,132,217,0,0,1
133,219,132,218,0,0,1
133,220,132,219,0,0,1
133,221,132,220,0,0,1
133,222,132,221,0,0,1
133,223,132,222,0,0,1
133,224,132,223,0,0,1
133,225,132,228,0,0,1
133,226,132,225,0,0,1
133,227,132,226,0,0,1
133,228,132,227,0,0,1
133,229,132,224,0,0,1
133,230,132,229,0,0,1
133,231,132,230,0,0,1
133,232,132,231,0,0,1
133,233,132,232,0,0,1
133,234,132,233,0,0,1
133,235,132,234,0,0,1
133,236,132,235,0,0,1
133,237,132,236,0,0,1
133,238,132,237,0,0,1
133,239,132,238,0,0,1
133,240,132,239,0,0,1
133,241,132,240,0,0,1
133,242,132,241,0,0,1
133,243,132,242,0,0,1
134,135,133,134,0,0,1
134,136,133,135,0,0,1
134,137,133,136,0,0,1
134,138,133,137,0,0,1
134,139,133,138,0,0,1
134,140,133,139,0,0,1
134,141,133,140,0,0,1
134,142,133,141,0,0,1
134,143,133,142,0,0,1
134,144,133,143,0,0,1
134,145,133,144,0,0,1
134,146,133,145,0,0,1
134,147,133,146,0,0,1
134,148,133,147,0,0,1
134,149,133,148,0,0,1
134,150,133,149,0,0,1
134,151,133,150,0,0,1
134,152,133,151,0,0,1
134,153,133,152,0,0,1
134,154,133,153,0,0,1
134,155,133,154,0,0,1
134,156,133,155,0,0,1
134,157,133,156,0,0,1
134,158,133,157,0,0,1
134,159,133,158,0,0,1
134,160,133,159,0,0,1
134,161,133,160,0,0,1
134,162,133,161,0,0,1
134,163,133,162,0,0,1
134,164,133,163,0,0,1
134,165,133,164,0,0,1
134,166,133,165,0,0,1
134,167,133,166,0,0,1
134,168,133,167,0,0,1
134,169,133,168,0,0,1
134,170,133,169,0,0,1
134,171,133,170,0,0,1
134,172,133,171,0,0,1
134,173,133,172,0,0,1
134,174,133,173,0,0,1
134,175,133,174,0,0,1
134,176,133,175,0,0,1
134,177,133,176,0,0,1
134,178,133,177,0,0,1
134,179,133,178,0,0,1
134,180,133,179,0,0,1
134,181,133,180,0,0,1
134,182,133,181,0,0,1
134,183,133,182,0,0,1
134,184,133,183,0,0,1
134,185,133,184,0,0,1
134,186,133,185,0,0,1
134,187,133,186,0,0,1
134,188,133,187,0,0,1
134,189,133,188,0,0,1
134,190,133,189,0,0,1
134,191,133,190,0,0,1
134,192,133,191,0,0,1
134,193,133,192,0,0,1
134,194,133,193,0,0,1
134,195,133,194,0,0,1
134,196,133,195,0,0,1
134,197,133,196,0,0,1
134,198,133,197,0,0,1
134,199,133,198,0,0,1
134,200,133,199,0,0,1
134,201,133,200,0,0,1
134,202,133,201,0,0,1
134,203,133,202,0,0,1
134,204,133,203,0,0,1
134,205,133,204,0,0,1
134,206,133,205,0,0,1
134,207,133,206,0,0,1
134,208,133,207,0,0,1
134,209,133,208,0,0,1
134,210,133,209,0,0,1
134,211,133,210,0,0,1
134,212,133,211,0,0,1
134,213,133,212,0,0,1
134,214,133,213,0,0,1
134,215,133,214,0,0,1
134,216,133,215,0,0,1
134,217,133,216,0,0,1
134,218,133,217,0,0,1
134,219,133,218,0,0,1
134,220,133,219,0,0,1
134,221,133,220,0,0,1
134,222,133,221,0,0,1
134,223,133,222,0,0,1
134,224,133,223,0,0,1
134,225,133,228,0,0,1
134,226,133,225,0,0,1
134,227,133,226,0,0,1
134,228,133,227,0,0,1
134,229,133,224,0,0,1
134,230,133,229,0,0,1
134,231,133,230,0,0,1
134,232,133,231,0,0,1
134,233,133,232,0,0,1
134,234,133,233,0,0,1
134,235,133,234,0,0,1
134,236,133,235,0,0,1
134,237,133,236,0,0,1
134,238,133,237,0,0,1
134,239,133,238,0,0,1
134,240,133,239,0,0,1
134,241,133,240,0,0,1
134,242,133,241,0,0,1
134,243,133,242,0,0,1
135,136,134,135,0,0,1
135,137,134,136,0,0,1
135,138,134,137,0,0,1
135,139,134,138,0,0,1
135,140,134,139,0,0,1
135,141,134,140,0,0,1
135,142,134,141,0,0,1
135,143,134,142,0,0,1
135,144,134,143,0,0,1
135,145,134,144,0,0,1
135,146,134,145,0,0,1
135,147,134,146,0,0,1
135,148,134,147,0,0,1
135,149,134,148,0,0,1
135,150,134,149,0,0,1
135,151,134,150,0,0,1
135,152,134,151,0,0,1
135,153,134,152,0,0,1
135,154,134,153,0,0,1
135,155,134,154,0,0,1
135,156,134,155,0,0,1
135,157,134,156,0,0,1
135,158,134,157,0,0,1
135,159,134,158,0,0,1
135,160,134,159,0,0,1
135,161,134,160,0,0,1
135,162,134,161,0,0,1
135,163,134,162,0,0,1
135,164,134,163,0,0,1
135,165,134,164,0,0,1
135,166,134,165,0,0,1
135,167,134,166,0,0,1
135,168,134,167,0,0,1
135,169,134,168,0,0,1
135,170,134,169,0,0,1
135,171,134,170,0,0,1
135,172,134,171,0,0,1
135,173,134,172,0,0,1
135,174,134,173,0,0,1
135,175,134,174,0,0,1
135,176,134,175,0,0,1
135,177,134,176,0,0,1
135,178,134,177,0,0,1
135,179,134,178,0,0,1
135,180,134,179,0,0,1
135,181,134,180,0,0,1
135,182,134,181,0,0,1
135,183,134,182,0,0,1
135,184,134,183,0,0,1
135,185,134,184,0,0,1
135,186,134,185,0,0,1
135,187,134,186,0,0,1
135,188,134,187,0,0,1
135,189,134,188,0,0,1
135,190,134,189,0,0,1
135,191,134,190,0,0,1
135,192,134,191,0,0,1
135,193,134,192,0,0,1
135,194,134,193,0,0,1
135,195,134,194,0,0,1
135,196,134,195,0,0,1
135,197,134,196,0,0,1
135,198,134,197,0,0,1
135,199,134,198,0,0,1
135,200,134,199,0,0,1
135,201,134,200,0,0,1
135,202,134,201,0,0,1
135,203,134,202,0,0,1
135,204,134,203,0,0,1
135,205,134,204,0,0,1
135,206,134,205,0,0,1
135,207,134,206,0,0,1
135,208,134,207,0,0,1
135,209,134,208,0,0,1
135,210,134,209,0,0,1
135,211,134,210,0,0,1
135,212,134,211,0,0,1
135,213,134,212,0,0,1
135,214,134,213,0,0,1
135,215,134,214,0,0,1
135,216,134,215,0,0,1
135,217,134,216,0,0,1
135,218,134,217,0,0,1
135,219,134,218,0,0,1
135,220,134,219,0,0,1
135,221,134,220,0,0,1
135,222,134,221,0,0,1
135,223,134,222,0,0,1
135,224,134,223,0,0,1
135,225,134,228,0,0,1
135,226,134,225,0,0,1
135,227,134,226,0,0,1
135,228,134,227,0,0,1
135,229,134,224,0,0,1
135,230,134,229,0,0,1
135,231,134,230,0,0,1
135,232,134,231,0,0,1
135,233,134,232,0,0,1
135,234,134,233,0,0,1
135,235,134,234,0,0,1
135,236,134,235,0,0,1
135,237,134,236,0,0,1
135,238,134,237,0,0,1
135,239,134,238,0,0,1
135,240,134,239,0,0,1
135,241,134,240,0,0,1
135,242,134,241,0,0,1
135,243,134,242,0,0,1
136,137,135,136,0,0,1
136,138,135,137,0,0,1
136,139,135,138,0,0,1
136,140,135,139,0,0,1
136,141,135,140,0,0,1
136,142,135,141,0,0,1
136,143,135,142,0,0,1
136,144,135,143,0,0,1
136,145,135,144,0,0,1
136,146,135,145,0,0,1
136,147,135,146,0,0,1
136,148,135,147,0,0,1
136,149,135,148,0,0,1
136,150,135,149,0,0,1
136,151,135,150,0,0,1
136,152,135,151,0,0,1
136,153,135,152,0,0,1
136,154,135,153,0,0,1
136,155,135,154,0,0,1
136,156,135,155,0,0,1
136,157,135,156,0,0,1
136,158,135,157,0,0,1
136,159,135,158,0,0,1
136,160,135,159,0,0,1
136,161,135,160,0,0,1
136,162,135,161,0,0,1
136,163,135,162,0,0,1
136,164,135,163,0,0,1
136,165,135,164,0,0,1
136,166,135,165,0,0,1
136,167,135,166,0,0,1
136,168,135,167,0,0,1
136,169,135,168,0,0,1
136,170,135,169,0,0,1
136,171,135,170,0,0,1
136,172,135,171,0,0,1
136,173,135,172,0,0,1
136,174,135,173,0,0,1
136,175,135,174,0,0,1
136,176,135,175,0,0,1
136,177,135,176,0,0,1
136,178,135,177,0,0,1
136,179,135,178,0,0,1
136,180,135,179,0,0,1
136,181,135,180,0,0,1
136,182,135,181,0,0,1
136,183,135,182,0,0,1
136,184,135,183,0,0,1
136,185,135,184,0,0,1
136,186,135,185,0,0,1
136,187,135,186,0,0,1
136,188,135,187,0,0,1
136,189,135,188,0,0,1
136,190,135,189,0,0,1
136,191,135,190,0,0,1
136,192,135,191,0,0,1
136,193,135,192,0,0,1
136,194,135,193,0,0,1
136,195,135,194,0,0,1
136,196,135,195,0,0,1
136,197,135,196,0,0,1
136,198,135,197,0,0,1
136,199,135,198,0,0,1
136,200,135,199,0,0,1
136,201,135,200,0,0,1
136,202,135,201,0,0,1
136,203,135,202,0,0,1
136,204,135,203,0,0,1
136,205,135,204,0,0,1
136,206,135,205,0,0,1
136,207,135,206,0,0,1
136,208,135,207,0,0,1
136,209,135,208,0,0,1
136,210,135,209,0,0,1
136,211,135,210,0,0,1
136,212,135,211,0,0,1
136,213,135,212,0,0,1
136,214,135,213,0,0,1
136,215,135,214,0,0,1
136,216,135,215,0,0,1
136,217,135,216,0,0,1
136,218,135,217,0,0,1
136,219,135,218,0,0,1
136,220,135,219,0,0,1
136,221,135,220,0,0,1
136,222,135,221,0,0,1
136,223,135,222,0,0,1
136,224,135,223,0,0,1
136,225,135,228,0,0,1
136,226,135,225,0,0,1
136,227,135,226,0,0,1
136,228,135,227,0,0,1
136,229,135,224,0,0,1
136,230,135,229,0,0,1
136,231,135,230,0,0,1
136,232,135,231,0,0,1
136,233,135,232,0,0,1
136,234,135,233,0,0,1
136,235,135,234,0,0,1
136,236,135,235,0,0,1
136,237,135,236,0,0,1
136,238,135,237,0,0,1
136,239,135,238,0,0,1
136,240,135,239,0,0,1
136,241,135,240,0,0,1
136,242,135,241,0,0,1
136,243,135,242,0,0,1
137,138,136,137,0,0,1
137,139,136,138,0,0,1
137,140,136,139,0,0,1
137,141,136,140,0,0,1
137,142,136,141,0,0,1
137,143,136,142,0,0,1
137,144,136,143,0,0,1
137,145,136,144,0,0,1
137,146,136,145,0,0,1
137,147,136,146,0,0,1
137,148,136,147,0,0,1
137,149,136,148,0,0,1
137,150,136,149,0,0,1
137,151,136,150,0,0,1
137,152,136,151,0,0,1
137,153,136,152,0,0,1
137,154,136,153,0,0,1
137,155,136,154,0,0,1
137,156,136,155,0,0,1
137,157,136,156,0,0,1
137,158,136,157,0,0,1
137,159,136,158,0,0,1
137,160,136,159,0,0,1
137,161,136,160,0,0,1
137,162,136,161,0,0,1
137,163,136,162,0,0,1
137,164,136,163,0,0,1
137,165,136,164,0,0,1
137,166,136,165,0,0,1
137,167,136,166,0,0,1
137,168,136,167,0,0,1
137,169,136,168,0,0,1
137,170,136,169,0,0,1
137,171,136,170,0,0,1
137,172,136,171,0,0,1
137,173,136,172,0,0,1
137,174,136,173,0,0,1
137,175,136,174,0,0,1
137,176,136,175,0,0,1
137,177,136,176,0,0,1
137,178,136,177,0,0,1
137,179,136,178,0,0,1
137,180,136,179,0,0,1
137,181,136,180,0,0,1
137,182,136,181,0,0,1
137,183,136,182,0,0,1
137,184,136,183,0,0,1
137,185,136,184,0,0,1
137,186,136,185,0,0,1
137,187,136,186,0,0,1
137,188,136,187,0,0,1
137,189,136,188,0,0,1
137,190,136,189,0,0,1
137,191,136,190,0,0,1
137,192,136,191,0,0,1
137,193,136,192,0,0,1
137,194,136,193,0,0,1
137,195,136,194,0,0,1
137,196,136,195,0,0,1
137,197,136,196,0,0,1
137,198,136,197,0,0,1
137,199,136,198,0,0,1
137,200,136,199,0,0,1
137,201,136,200,0,0,1
137,202,136,201,0,0,1
137,203,136,202,0,0,1
137,204,136,203,0,0,1
137,205,136,204,0,0,1
137,206,136,205,0,0,1
137,207,136,206,0,0,1
137,208,136,207,0,0,1
137,209,136,208,0,0,1
137,210,136,209,0,0,1
137,211,136,210,0,0,1
137,212,136,211,0,0,1
137,213,136,212,0,0,1
137,214,136,213,0,0,1
137,215,136,214,0,0,1
137,216,136,215,0,0,1
137,217,136,216,0,0,1
137,218,136,217,0,0,1
137,219,136,218,0,0,1
137,220,136,219,0,0,1
137,221,136,220,0,0,1
137,222,136,221,0,0,1
137,223,136,222,0,0,1
137,224,136,223,0,0,1
137,225,136,228,0,0,1
137,226,136,225,0,0,1
137,227,136,226,0,0,1
137,228,136,227,0,0,1
137,229,136,224,0,0,1
137,230,136,229,0,0,1
137,231,136,230,0,0,1
137,232,136,231,0,0,1
137,233,136,232,0,0,1
137,234,136,233,0,0,1
137,235,136,234,0,0,1
137,236,136,235,0,0,1
137,237,136,236,0,0,1
137,238,136,237,0,0,1
137,239,136,238,0,0,1
137,240,136,239,0,0,1
137,241,136,240,0,0,1
137,242,136,241,0,0,1
137,243,136,242,0,0,1
138,139,137,138,0,0,1
138,140,137,139,0,0,1
138,141,137,140,0,0,1
138,142,137,141,0,0,1
138,143,137,142,0,0,1
138,144,137,143,0,0,1
138,145,137,144,0,0,1
138,146,137,145,0,0,1
138,147,137,146,0,0,1
138,148,137,147,0,0,1
138,149,137,148,0,0,1
138,150,137,149,0,0,1
138,151,137,150,0,0,1
138,152,137,151,0,0,1
138,153,137,152,0,0,1
138,154,137,153,0,0,1
138,155,137,154,0,0,1
138,156,137,155,0,0,1
138,157,137,156,0,0,1
138,158,137,157,0,0,1
138,159,137,158,0,0,1
138,160,137,159,0,0,1
138,161,137,160,0,0,1
138,162,137,161,0,0,1
138,163,137,162,0,0,1
138,164,137,163,0,0,1
138,165,137,164,0,0,1
138,166,137,165,0,0,1
138,167,137,166,0,0,1
138,168,137,167,0,0,1
138,169,137,168,0,0,1
138,170,137,169,0,0,1
138,171,137,170,0,0,1
138,172,137,171,0,0,1
138,173,137,172,0,0,1
138,174,137,173,0,0,1
138,175,137,174,0,0,1
138,176,137,175,0,0,1
138,177,137,176,0,0,1
138,178,137,177,0,0,1
138,179,137,178,0,0,1
138,180,137,179,0,0,1
138,181,137,180,0,0,1
138,182,137,181,0,0,1
138,183,137,182,0,0,1
138,184,137,183,0,0,1
138,185,137,184,0,0,1
138,186,137,185,0,0,1
138,187,137,186,0,0,1
138,188,137,187,0,0,1
138,189,137,188,0,0,1
138,190,137,189,0,0,1
138,191,137,190,0,0,1
138,192,137,191,0,0,1
138,193,137,192,0,0,1
138,194,137,193,0,0,1
138,195,137,194,0,0,1
138,196,137,195,0,0,1
138,197,137,196,0,0,1
138,198,137,197,0,0,1
138,199,137,198,0,0,1
138,200,137,199,0,0,1
138,201,137,200,0,0,1
138,202,137,201,0,0,1
138,203,137,202,0,0,1
138,204,137,203,0,0,1
138,205,137,204,0,0,1
138,206,137,205,0,0,1
138,207,137,206,0,0,1
138,208,137,207,0,0,1
138,209,137,208,0,0,1
138,210,137,209,0,0,1
138,211,137,210,0,0,1
138,212,137,211,0,0,1
138,213,137,212,0,0,1
138,214,137,213,0,0,1
138,215,137,214,0,0,1
138,216,137,215,0,0,1
138,217,137,216,0,0,1
138,218,137,217,0,0,1
138,219,137,218,0,0,1
138,220,137,219,0,0,1
138,221,137,220,0,0,1
138,222,137,221,0,0,1
138,223,137,222,0,0,1
138,224,137,223,0,0,1
138,225,137,228,0,0,1
138,226,137,225,0,0,1
138,227,137,226,0,0,1
138,228,137,227,0,0,1
138,229,137,224,0,0,1
138,230,137,229,0,0,1
138,231,137,230,0,0,1
138,232,137,231,0,0,1
138,233,137,232,0,0,1
138,234,137,233,0,0,1
138,235,137,234,0,0,1
138,236,137,235,0,0,1
138,237,137,236,0,0,1
138,238,137,237,0,0,1
138,239,137,238,0,0,1
138,240,137,239,0,0,1
138,241,137,240,0,0,1
138,242,137,241,0,0,1
138,243,137,242,0,0,1
139,140,138,139,0,0,1
139,141,138,140,0,0,1
139,142,138,141,0,0,1
139,143,138,142,0,0,1
139,144,138,143,0,0,1
139,145,138,144,0,0,1
139,146,138,145,0,0,1
139,147,138,146,0,0,1
139,148,138,147,0,0,1
139,149,138,148,0,0,1
139,150,138,149,0,0,1
139,151,138,150,0,0,1
139,152,138,151,0,0,1
139,153,138,152,0,0,1
139,154,138,153,0,0,1
139,155,138,154,0,0,1
139,156,138,155,0,0,1
139,157,138,156,0,0,1
139,158,138,157,0,0,1
139,159,138,158,0,0,1
139,160,138,159,0,0,1
139,161,138,160,0,0,1
139,162,138,161,0,0,1
139,163,138,162,0,0,1
139,164,138,163,0,0,1
139,165,138,164,0,0,1
139,166,138,165,0,0,1
139,167,138,166,0,0,1
139,168,138,167,0,0,1
139,169,138,168,0,0,1
139,170,138,169,0,0,1
139,171,138,170,0,0,1
139,172,138,171,0,0,1
139,173,138,172,0,0,1
139,174,138,173,0,0,1
139,175,138,174,0,0,1
139,176,138,175,0,0,1
139,177,138,176,0,0,1
139,178,138,177,0,0,1
139,179,138,178,0,0,1
139,180,138,179,0,0,1
139,181,138,180,0,0,1
139,182,138,181,0,0,1
139,183,138,182,0,0,1
139,184,138,183,0,0,1
139,185,138,184,0,0,1
139,186,138,185,0,0,1
139,187,138,186,0,0,1
139,188,138,187,0,0,1
139,189,138,188,0,0,1
139,190,138,189,0,0,1
139,191,138,190,0,0,1
139,192,138,191,0,0,1
139,193,138,192,0,0,1
139,194,138,193,0,0,1
139,195,138,194,0,0,1
139,196,138,195,0,0,1
139,197,138,196,0,0,1
139,198,138,197,0,0,1
139,199,138,198,0,0,1
139,200,138,199,0,0,1
139,201,138,200,0,0,1
139,202,138,201,0,0,1
139,203,138,202,0,0,1
139,204,138,203,0,0,1
139,205,138,204,0,0,1
139,206,138,205,0,0,1
139,207,138,206,0,0,1
139,208,138,207,0,0,1
139,209,138,208,0,0,1
139,210,138,209,0,0,1
139,211,138,210,0,0,1
139,212,138,211,0,0,1
139,213,138,212,0,0,1
139,214,138,213,0,0,1
139,215,138,214,0,0,1
139,216,138,215,0,0,1
139,217,138,216,0,0,1
139,218,138,217,0,0,1
139,219,138,218,0,0,1
139,220,138,219,0,0,1
139,221,138,220,0,0,1
139,222,138,221,0,0,1
139,223,138,222,0,0,1
139,224,138,223,0,0,1
139,225,138,228,0,0,1
139,226,138,225,0,0,1
139,227,138,226,0,0,1
139,228,138,227,0,0,1
139,229,138,224,0,0,1
139,230,138,229,0,0,1
139,231,138,230,0,0,1
139,232,138,231,0,0,1
139,233,138,232,0,0,1
139,234,138,233,0,0,1
139,235,138,234,0,0,1
139,236,138,235,0,0,1
139,237,138,236,0,0,1
139,238,138,237,0,0,1
139,239,138,238,0,0,1
139,240,138,239,0,0,1
139,241,138,240,0,0,1
139,242,138,241,0,0,1
139,243,138,242,0,0,1
140,141,139,140,0,0,1
140,142,139,141,0,0,1
140,143,139,142,0,0,1
140,144,139,143,0,0,1
140,145,139,144,0,0,1
140,146,139,145,0,0,1
140,147,139,146,0,0,1
140,148,139,147,0,0,1
140,149,139,148,0,0,1
140,150,139,149,0,0,1
140,151,139,150,0,0,1
140,152,139,151,0,0,1
140,153,139,152,0,0,1
140,154,139,153,0,0,1
140,155,139,154,0,0,1
140,156,139,155,0,0,1
140,157,139,156,0,0,1
140,158,139,157,0,0,1
140,159,139,158,0,0,1
140,160,139,159,0,0,1
140,161,139,160,0,0,1
140,162,139,161,0,0,1
140,163,139,162,0,0,1
140,164,139,163,0,0,1
140,165,139,164,0,0,1
140,166,139,165,0,0,1
140,167,139,166,0,0,1
140,168,139,167,0,0,1
140,169,139,168,0,0,1
140,170,139,169,0,0,1
140,171,139,170,0,0,1
140,172,139,171,0,0,1
140,173,139,172,0,0,1
140,174,139,173,0,0,1
140,175,139,174,0,0,1
140,176,139,175,0,0,1
140,177,139,176,0,0,1
140,178,139,177,0,0,1
140,179,139,178,0,0,1
140,180,139,179,0,0,1
140,181,139,180,0,0,1
140,182,139,181,0,0,1
140,183,139,182,0,0,1
140,184,139,183,0,0,1
140,185,139,184,0,0,1
140,186,139,185,0,0,1
140,187,139,186,0,0,1
140,188,139,187,0,0,1
140,189,139,188,0,0,1
140,190,139,189,0,0,1
140,191,139,190,0,0,1
140,192,139,191,0,0,1
140,193,139,192,0,0,1
140,194,139,193,0,0,1
140,195,139,194,0,0,1
140,196,139,195,0,0,1
140,197,139,196,0,0,1
140,198,139,197,0,0,1
140,199,139,198,0,0,1
140,200,139,199,0,0,1
140,201,139,200,0,0,1
140,202,139,201,0,0,1
140,203,139,202,0,0,1
140,204,139,203,0,0,1
140,205,139,204,0,0,1
140,206,139,205,0,0,1
140,207,139,206,0,0,1
140,208,139,207,0,0,1
140,209,139,208,0,0,1
140,210,139,209,0,0,1
140,211,139,210,0,0,1
140,212,139,211,0,0,1
140,213,139,212,0,0,1
140,214,139,213,0,0,1
140,215,139,214,0,0,1
140,216,139,215,0,0,1
140,217,139,216,0,0,1
140,218,139,217,0,0,1
140,219,139,218,0,0,1
140,220,139,219,0,0,1
140,221,139,220,0,0,1
140,222,139,221,0,0,1
140,223,139,222,0,0,1
140,224,139,223,0,0,1
140,225,139,228,0,0,1
140,226,139,225,0,0,1
140,227,139,226,0,0,1
140,228,139,227,0,0,1
140,229,139,224,0,0,1
140,230,139,229,0,0,1
140,231,139,230,0,0,1
140,232,139,231,0,0,1
140,233,139,232,0,0,1
140,234,139,233,0,0,1
140,235,139,234,0,0,1
140,236,139,235,0,0,1
140,237,139,236,0,0,1
140,238,139,237,0,0,1
140,239,139,238,0,0,1
140,240,139,239,0,0,1
140,241,139,240,0,0,1
140,242,139,241,0,0,1
140,243,139,242,0,0,1
141,142,140,141,0,0,1
141,143,140,142,0,0,1
141,144,140,143,0,0,1
141,145,140,144,0,0,1
141,146,140,145,0,0,1
141,147,140,146,0,0,1
141,148,140,147,0,0,1
141,149,140,148,0,0,1
141,150,140,149,0,0,1
141,151,140,150,0,0,1
141,152,140,151,0,0,1
141,153,140,152,0,0,1
141,154,140,153,0,0,1
141,155,140,154,0,0,1
141,156,140,155,0,0,1
141,157,140,156,0,0,1
141,158,140,157,0,0,1
141,159,140,158,0,0,1
141,160,140,159,0,0,1
141,161,140,160,0,0,1
141,162,140,161,0,0,1
141,163,140,162,0,0,1
141,164,140,163,0,0,1
141,165,140,164,0,0,1
141,166,140,165,0,0,1
141,167,140,166,0,0,1
141,168,140,167,0,0,1
141,169,140,168,0,0,1
141,170,140,169,0,0,1
141,171,140,170,0,0,1
141,172,140,171,0,0,1
141,173,140,172,0,0,1
141,174,140,173,0,0,1
141,175,140,174,0,0,1
141,176,140,175,0,0,1
141,177,140,176,0,0,1
141,178,140,177,0,0,1
141,179,140,178,0,0,1
141,180,140,179,0,0,1
141,181,140,180,0,0,1
141,182,140,181,0,0,1
141,183,140,182,0,0,1
141,184,140,183,0,0,1
141,185,140,184,0,0,1
141,186,140,185,0,0,1
141,187,140,186,0,0,1
141,188,140,187,0,0,1
141,189,140,188,0,0,1
141,190,140,189,0,0,1
141,191,140,190,0,0,1
141,192,140,191,0,0,1
141,193,140,192,0,0,1
141,194,140,193,0,0,1
141,195,140,194,0,0,1
141,196,140,195,0,0,1
141,197,140,196,0,0,1
141,198,140,197,0,0,1
141,199,140,198,0,0,1
141,200,140,199,0,0,1
141,201,140,200,0,0,1
141,202,140,201,0,0,1
141,203,140,202,0,0,1
141,204,140,203,0,0,1
141,205,140,204,0,0,1
141,206,140,205,0,0,1
141,207,140,206,0,0,1
141,208,140,207,0,0,1
141,209,140,208,0,0,1
141,210,140,209,0,0,1
141,211,140,210,0,0,1
141,212,140,211,0,0,1
141,213,140,212,0,0,1
141,214,140,213,0,0,1
141,215,140,214,0,0,1
141,216,140,215,0,0,1
141,217,140,216,0,0,1
141,218,140,217,0,0,1
141,219,140,218,0,0,1
141,220,140,219,0,0,1
141,221,140,220,0,0,1
141,222,140,221,0,0,1
141,223,140,222,0,0,1
141,224,140,223,0,0,1
141,225,140,228,0,0,1
141,226,140,225,0,0,1
141,227,140,226,0,0,1
141,228,140,227,0,0,1
141,229,140,224,0,0,1
141,230,140,229,0,0,1
141,231,140,230,0,0,1
141,232,140,231,0,0,1
141,233,140,232,0,0,1
141,234,140,233,0,0,1
141,235,140,234,0,0,1
141,236,140,235,0,0,1
141,237,140,236,0,0,1
141,238,140,237,0,0,1
141,239,140,238,0,0,1
141,240,140,239,0,0,1
141,241,140,240,0,0,1
141,242,140,241,0,0,1
141,243,140,242,0,0,1
142,143,141,142,0,0,1
142,144,141,143,0,0,1
142,145,141,144,0,0,1
142,146,141,145,0,0,1
142,147,141,146,0,0,1
142,148,141,147,0,0,1
142,149,141,148,0,0,1
142,150,141,149,0,0,1
142,151,141,150,0,0,1
142,152,141,151,0,0,1
142,153,141,152,0,0,1
142,154,141,153,0,0,1
142,155,141,154,0,0,1
142,156,141,155,0,0,1
142,157,141,156,0,0,1
142,158,141,157,0,0,1
142,159,141,158,0,0,1
142,160,141,159,0,0,1
142,161,141,160,0,0,1
142,162,141,161,0,0,1
142,163,141,162,0,0,1
142,164,141,163,0,0,1
142,165,141,164,0,0,1
142,166,141,165,0,0,1
142,167,141,166,0,0,1
142,168,141,167,0,0,1
142,169,141,168,0,0,1
142,170,141,169,0,0,1
142,171,141,170,0,0,1
142,172,141,171,0,0,1
142,173,141,172,0,0,1
142,174,141,173,0,0,1
142,175,141,174,0,0,1
142,176,141,175,0,0,1
142,177,141,176,0,0,1
142,178,141,177,0,0,1
142,179,141,178,0,0,1
142,180,141,179,0,0,1
142,181,141,180,0,0,1
142,182,141,181,0,0,1
142,183,141,182,0,0,1
142,184,141,183,0,0,1
142,185,141,184,0,0,1
142,186,141,185,0,0,1
142,187,141,186,0,0,1
142,188,141,187,0,0,1
142,189,141,188,0,0,1
142,190,141,189,0,0,1
142,191,141,190,0,0,1
142,192,141,191,0,0,1
142,193,141,192,0,0,1
142,194,141,193,0,0,1
142,195,141,194,0,0,1
142,196,141,195,0,0,1
142,197,141,196,0,0,1
142,198,141,197,0,0,1
142,199,141,198,0,0,1
142,200,141,199,0,0,1
142,201,141,200,0,0,1
142,202,141,201,0,0,1
142,203,141,202,0,0,1
142,204,141,203,0,0,1
142,205,141,204,0,0,1
142,206,141,205,0,0,1
142,207,141,206,0,0,1
142,208,141,207,0,0,1
142,209,141,208,0,0,1
142,210,141,209,0,0,1
142,211,141,210,0,0,1
142,212,141,211,0,0,1
142,213,141,212,0,0,1
142,214,141,213,0,0,1
142,215,141,214,0,0,1
142,216,141,215,0,0,1
142,217,141,216,0,0,1
142,218,141,217,0,0,1
142,219,141,218,0,0,1
142,220,141,219,0,0,1
142,221,141,220,0,0,1
142,222,141,221,0,0,1
142,223,141,222,0,0,1
142,224,141,223,0,0,1
142,225,141,228,0,0,1
142,226,141,225,0,0,1
142,227,141,226,0,0,1
142,228,141,227,0,0,1
142,229,141,224,0,0,1
142,230,141,229,0,0,1
142,231,141,230,0,0,1
142,232,141,231,0,0,1
142,233,141,232,0,0,1
142,234,141,233,0,0,1
142,235,141,234,0,0,1
142,236,141,235,0,0,1
142,237,141,236,0,0,1
142,238,141,237,0,0,1
142,239,141,238,0,0,1
142,240,141,239,0,0,1
142,241,141,240,0,0,1
142,242,141,241,0,0,1
142,243,141,242,0,0,1
143,144,142,143,0,0,1
143,145,142,144,0,0,1
143,146,142,145,0,0,1
143,147,142,146,0,0,1
143,148,142,147,0,0,1
143,149,142,148,0,0,1
143,150,142,149,0,0,1
143,151,142,150,0,0,1
143,152,142,151,0,0,1
143,153,142,152,0,0,1
143,154,142,153,0,0,1
143,155,142,154,0,0,1
143,156,142,155,0,0,1
143,157,142,156,0,0,1
143,158,142,157,0,0,1
143,159,142,158,0,0,1
143,160,142,159,0,0,1
143,161,142,160,0,0,1
143,162,142,161,0,0,1
143,163,142,162,0,0,1
143,164,142,163,0,0,1
143,165,142,164,0,0,1
143,166,142,165,0,0,1
143,167,142,166,0,0,1
143,168,142,167,0,0,1
143,169,142,168,0,0,1
143,170,142,169,0,0,1
143,171,142,170,0,0,1
143,172,142,171,0,0,1
143,173,142,172,0,0,1
143,174,142,173,0,0,1
143,175,142,174,0,0,1
143,176,142,175,0,0,1
143,177,142,176,0,0,1
143,178,142,177,0,0,1
143,179,142,178,0,0,1
143,180,142,179,0,0,1
143,181,142,180,0,0,1
143,182,142,181,0,0,1
143,183,142,182,0,0,1
143,184,142,183,0,0,1
143,185,142,184,0,0,1
143,186,142,185,0,0,1
143,187,142,186,0,0,1
143,188,142,187,0,0,1
143,189,142,188,0,0,1
143,190,142,189,0,0,1
143,191,142,190,0,0,1
143,192,142,191,0,0,1
143,193,142,192,0,0,1
143,194,142,193,0,0,1
143,195,142,194,0,0,1
143,196,142,195,0,0,1
143,197,142,196,0,0,1
143,198,142,197,0,0,1
143,199,142,198,0,0,1
143,200,142,199,0,0,1
143,201,142,200,0,0,1
143,202,142,201,0,0,1
143,203,142,202,0,0,1
143,204,142,203,0,0,1
143,205,142,204,0,0,1
143,206,142,205,0,0,1
143,207,142,206,0,0,1
143,208,142,207,0,0,1
143,209,142,208,0,0,1
143,210,142,209,0,0,1
143,211,142,210,0,0,1
143,212,142,211,0,0,1
143,213,142,212,0,0,1
143,214,142,213,0,0,1
143,215,142,214,0,0,1
143,216,142,215,0,0,1
143,217,142,216,0,0,1
143,218,142,217,0,0,1
143,219,142,218,0,0,1
143,220,142,219,0,0,1
143,221,142,220,0,0,1
143,222,142,221,0,0,1
143,223,142,222,0,0,1
143,224,142,223,0,0,1
143,225,142,228,0,0,1
143,226,142,225,0,0,1
143,227,142,226,0,0,1
143,228,142,227,0,0,1
143,229,142,224,0,0,1
143,230,142,229,0,0,1
143,231,142,230,0,0,1
143,232,142,231,0,0,1
143,233,142,232,0,0,1
143,234,142,233,0,0,1
143,235,142,234,0,0,1
143,236,142,235,0,0,1
143,237,142,236,0,0,1
143,238,142,237,0,0,1
143,239,142,238,0,0,1
143,240,142,239,0,0,1
143,241,142,240,0,0,1
143,242,142,241,0,0,1
143,243,142,242,0,0,1
144,145,143,144,0,0,1
144,146,143,145,0,0,1
144,147,143,146,0,0,1
144,148,143,147,0,0,1
144,149,143,148,0,0,1
144,150,143,149,0,0,1
144,151,143,150,0,0,1
144,152,143,151,0,0,1
144,153,143,152,0,0,1
144,154,143,153,0,0,1
144,155,143,154,0,0,1
144,156,143,155,0,0,1
144,157,143,156,0,0,1
144,158,143,157,0,0,1
144,159,143,158,0,0,1
144,160,143,159,0,0,1
144,161,143,160,0,0,1
144,162,143,161,0,0,1
144,163,143,162,0,0,1
144,164,143,163,0,0,1
144,165,143,164,0,0,1
144,166,143,165,0,0,1
144,167,143,166,0,0,1
144,168,143,167,0,0,1
144,169,143,168,0,0,1
144,170,143,169,0,0,1
144,171,143,170,0,0,1
144,172,143,171,0,0,1
144,173,143,172,0,0,1
144,174,143,173,0,0,1
144,175,143,174,0,0,1
144,176,143,175,0,0,1
144,177,143,176,0,0,1
144,178,143,177,0,0,1
144,179,143,178,0,0,1
144,180,143,179,0,0,1
144,181,143,180,0,0,1
144,182,143,181,0,0,1
144,183,143,182,0,0,1
144,184,143,183,0,0,1
144,185,143,184,0,0,1
144,186,143,185,0,0,1
144,187,143,186,0,0,1
144,188,143,187,0,0,1
144,189,143,188,0,0,1
144,190,143,189,0,0,1
144,191,143,190,0,0,1
144,192,143,191,0,0,1
144,193,143,192,0,0,1
144,194,143,193,0,0,1
144,195,143,194,0,0,1
144,196,143,195,0,0,1
144,197,143,196,0,0,1
144,198,143,197,0,0,1
144,199,143,198,0,0,1
144,200,143,199,0,0,1
144,201,143,200,0,0,1
144,202,143,201,0,0,1
144,203,143,202,0,0,1
144,204,143,203,0,0,1
144,205,143,204,0,0,1
144,206,143,205,0,0,1
144,207,143,206,0,0,1
144,208,143,207,0,0,1
144,209,143,208,0,0,1
144,210,143,209,0,0,1
144,211,143,210,0,0,1
144,212,143,211,0,0,1
144,213,143,212,0,0,1
144,214,143,213,0,0,1
144,215,143,214,0,0,1
144,216,143,215,0,0,1
144,217,143,216,0,0,1
144,218,143,217,0,0,1
144,219,143,218,0,0,1
144,220,143,219,0,0,1
144,221,143,220,0,0,1
144,222,143,221,0,0,1
144,223,143,222,0,0,1
144,224,143,223,0,0,1
144,225,143,228,0,0,1
144,226,143,225,0,0,1
144,227,143,226,0,0,1
144,228,143,227,0,0,1
144,229,143,224,0,0,1
144,230,143,229,0,0,1
144,231,143,230,0,0,1
144,232,143,231,0,0,1
144,233,143,232,0,0,1
144,234,143,233,0,0,1
144,235,143,234,0,0,1
144,236,143,235,0,0,1
144,237,143,236,0,0,1
144,238,143,237,0,0,1
144,239,143,238,0,0,1
144,240,143,239,0,0,1
144,241,143,240,0,0,1
144,242,143,241,0,0,1
144,243,143,242,0,0,1
145,146,144,145,0,0,1
145,147,144,146,0,0,1
145,148,144,147,0,0,1
145,149,144,148,0,0,1
145,150,144,149,0,0,1
145,151,144,150,0,0,1
145,152,144,151,0,0,1
145,153,144,152,0,0,1
145,154,144,153,0,0,1
145,155,144,154,0,0,1
145,156,144,155,0,0,1
145,157,144,156,0,0,1
145,158,144,157,0,0,1
145,159,144,158,0,0,1
145,160,144,159,0,0,1
145,161,144,160,0,0,1
145,162,144,161,0,0,1
145,163,144,162,0,0,1
145,164,144,163,0,0,1
145,165,144,164,0,0,1
145,166,144,165,0,0,1
145,167,144,166,0,0,1
145,168,144,167,0,0,1
145,169,144,168,0,0,1
145,170,144,169,0,0,1
145,171,144,170,0,0,1
145,172,144,171,0,0,1
145,173,144,172,0,0,1
145,174,144,173,0,0,1
145,175,144,174,0,0,1
145,176,144,175,0,0,1
145,177,144,176,0,0,1
145,178,144,177,0,0,1
145,179,144,178,0,0,1
145,180,144,179,0,0,1
145,181,144,180,0,0,1
145,182,144,181,0,0,1
145,183,144,182,0,0,1
145,184,144,183,0,0,1
145,185,144,184,0,0,1
145,186,144,185,0,0,1
145,187,144,186,0,0,1
145,188,144,187,0,0,1
145,189,144,188,0,0,1
145,190,144,189,0,0,1
145,191,144,190,0,0,1
145,192,144,191,0,0,1
145,193,144,192,0,0,1
145,194,144,193,0,0,1
145,195,144,194,0,0,1
145,196,144,195,0,0,1
145,197,144,196,0,0,1
145,198,144,197,0,0,1
145,199,144,198,0,0,1
145,200,144,199,0,0,1
145,201,144,200,0,0,1
145,202,144,201,0,0,1
145,203,144,202,0,0,1
145,204,144,203,0,0,1
145,205,144,204,0,0,1
145,206,144,205,0,0,1
145,207,144,206,0,0,1
145,208,144,207,0,0,1
145,209,144,208,0,0,1
145,210,144,209,0,0,1
145,211,144,210,0,0,1
145,212,144,211,0,0,1
145,213,144,212,0,0,1
145,214,144,213,0,0,1
145,215,144,214,0,0,1
145,216,144,215,0,0,1
145,217,144,216,0,0,1
145,218,144,217,0,0,1
145,219,144,218,0,0,1
145,220,144,219,0,0,1
145,221,144,220,0,0,1
145,222,144,221,0,0,1
145,223,144,222,0,0,1
145,224,144,223,0,0,1
145,225,144,228,0,0,1
145,226,144,225,0,0,1
145,227,144,226,0,0,1
145,228,144,227,0,0,1
145,229,144,224,0,0,1
145,230,144,229,0,0,1
145,231,144,230,0,0,1
145,232,144,231,0,0,1
145,233,144,232,0,0,1
145,234,144,233,0,0,1
145,235,144,234,0,0,1
145,236,144,235,0,0,1
145,237,144,236,0,0,1
145,238,144,237,0,0,1
145,239,144,238,0,0,1
145,240,144,239,0,0,1
145,241,144,240,0,0,1
145,242,144,241,0,0,1
145,243,144,242,0,0,1
146,147,145,146,0,0,1
146,148,145,147,0,0,1
146,149,145,148,0,0,1
146,150,145,149,0,0,1
146,151,145,150,0,0,1
146,152,145,151,0,0,1
146,153,145,152,0,0,1
146,154,145,153,0,0,1
146,155,145,154,0,0,1
146,156,145,155,0,0,1
146,157,145,156,0,0,1
146,158,145,157,0,0,1
146,159,145,158,0,0,1
146,160,145,159,0,0,1
146,161,145,160,0,0,1
146,162,145,161,0,0,1
146,163,145,162,0,0,1
146,164,145,163,0,0,1
146,165,145,164,0,0,1
146,166,145,165,0,0,1
146,167,145,166,0,0,1
146,168,145,167,0,0,1
146,169,145,168,0,0,1
146,170,145,169,0,0,1
146,171,145,170,0,0,1
146,172,145,171,0,0,1
146,173,145,172,0,0,1
146,174,145,173,0,0,1
146,175,145,174,0,0,1
146,176,145,175,0,0,1
146,177,145,176,0,0,1
146,178,145,177,0,0,1
146,179,145,178,0,0,1
146,180,145,179,0,0,1
146,181,145,180,0,0,1
146,182,145,181,0,0,1
146,183,145,182,0,0,1
146,184,145,183,0,0,1
146,185,145,184,0,0,1
146,186,145,185,0,0,1
146,187,145,186,0,0,1
146,188,145,187,0,0,1
146,189,145,188,0,0,1
146,190,145,189,0,0,1
146,191,145,190,0,0,1
146,192,145,191,0,0,1
146,193,145,192,0,0,1
146,194,145,193,0,0,1
146,195,145,194,0,0,1
146,196,145,195,0,0,1
146,197,145,196,0,0,1
146,198,145,197,0,0,1
146,199,145,198,0,0,1
146,200,145,199,0,0,1
146,201,145,200,0,0,1
146,202,145,201,0,0,1
146,203,145,202,0,0,1
146,204,145,203,0,0,1
146,205,145,204,0,0,1
146,206,145,205,0,0,1
146,207,145,206,0,0,1
146,208,145,207,0,0,1
146,209,145,208,0,0,1
146,210,145,209,0,0,1
146,211,145,210,0,0,1
146,212,145,211,0,0,1
146,213,145,212,0,0,1
146,214,145,213,0,0,1
146,215,145,214,0,0,1
146,216,145,215,0,0,1
146,217,145,216,0,0,1
146,218,145,217,0,0,1
146,219,145,218,0,0,1
146,220,145,219,0,0,1
146,221,145,220,0,0,1
146,222,145,221,0,0,1
146,223,145,222,0,0,1
146,224,145,223,0,0,1
146,225,145,228,0,0,1
146,226,145,225,0,0,1
146,227,145,226,0,0,1
146,228,145,227,0,0,1
146,229,145,224,0,0,1
146,230,145,229,0,0,1
146,231,145,230,0,0,1
146,232,145,231,0,0,1
146,233,145,232,0,0,1
146,234,145,233,0,0,1
146,235,145,234,0,0,1
146,236,145,235,0,0,1
146,237,145,236,0,0,1
146,238,145,237,0,0,1
146,239,145,238,0,0,1
146,240,145,239,0,0,1
146,241,145,240,0,0,1
146,242,145,241,0,0,1
146,243,145,242,0,0,1
147,148,146,147,20,20,6
147,149,146,148,20,19,6
147,150,146,149,0,0,1
147,151,146,150,0,0,1
147,152,146,151,0,0,1
147,153,146,152,0,0,1
147,154,146,153,0,0,1
147,155,146,154,0,0,1
147,156,146,155,0,0,1
147,157,146,156,0,0,1
147,158,146,157,0,0,1
147,159,146,158,0,0,1
147,160,146,159,0,0,1
147,161,146,160,0,0,1
147,162,146,161,0,0,1
147,163,146,162,0,0,1
147,164,146,163,0,0,1
147,165,146,164,0,0,1
147,166,146,165,0,0,1
147,167,146,166,0,0,1
147,168,146,167,0,0,1
147,169,146,168,0,0,1
147,170,146,169,0,0,1
147,171,146,170,0,0,1
147,172,146,171,0,0,1
147,173,146,172,0,0,1
147,174,146,173,0,0,1
147,175,146,174,0,0,1
147,176,146,175,0,0,1
147,177,146,176,0,0,1
147,178,146,177,0,0,1
147,179,146,178,0,0,1
147,180,146,179,0,0,1
147,181,146,180,0,0,1
147,182,146,181,0,0,1
147,183,146,182,0,0,1
147,184,146,183,0,0,1
147,185,146,184,0,0,1
147,186,146,185,0,0,1
147,187,146,186,0,0,1
147,188,146,187,0,0,1
147,189,146,188,0,0,1
147,190,146,189,0,0,1
147,191,146,190,0,0,1
147,192,146,191,0,0,1
147,193,146,192,0,0,1
147,194,146,193,0,0,1
147,195,146,194,0,0,1
147,196,146,195,0,0,1
147,197,146,196,0,0,1
147,198,146,197,0,0,1
147,199,146,198,0,0,1
147,200,146,199,0,0,1
147,201,146,200,0,0,1
147,202,146,201,0,0,1
147,203,146,202,0,0,1
147,204,146,203,0,0,1
147,205,146,204,0,0,1
147,206,146,205,0,0,1
147,207,146,206,0,0,1
147,208,146,207,0,0,1
147,209,146,208,0,0,1
147,210,146,209,0,0,1
147,211,146,210,0,0,1
147,212,146,211,0,0,1
147,213,146,212,0,0,1
147,214,146,213,0,0,1
147,215,146,214,0,0,1
147,216,146,215,0,0,1
147,217,146,216,0,0,1
147,218,146,217,0,0,1
147,219,146,218,0,0,1
147,220,146,219,0,0,1
147,221,146,220,0,0,1
147,222,146,221,0,0,1
147,223,146,222,0,0,1
147,224,146,223,0,0,1
147,225,146,228,0,0,1
147,226,146,225,0,0,1
147,227,146,226,0,0,1
147,228,146,227,0,0,1
147,229,146,224,0,0,1
147,230,146,229,0,0,1
147,231,146,230,0,0,1
147,232,146,231,0,0,1
147,233,146,232,0,0,1
147,234,146,233,0,0,1
147,235,146,234,0,0,1
147,236,146,235,0,0,1
147,237,146,236,0,0,1
147,238,146,237,0,0,1
147,239,146,238,0,0,1
147,240,146,239,0,0,1
147,241,146,240,0,0,1
147,242,146,241,0,0,1
147,243,146,242,0,0,1
148,149,147,148,29,28,6
148,150,147,149,18,16,7
148,151,147,150,17,17,6
148,152,147,151,0,0,1
148,153,147,152,0,0,1
148,154,147,153,0,0,1
148,155,147,154,0,0,1
148,156,147,155,0,0,1
148,157,147,156,0,0,1
148,158,147,157,0,0,1
148,159,147,158,0,0,1
148,160,147,159,0,0,1
148,161,147,160,0,0,1
148,162,147,161,0,0,1
148,163,147,162,0,0,1
148,164,147,163,0,0,1
148,165,147,164,0,0,1
148,166,147,165,0,0,1
148,167,147,166,0,0,1
148,168,147,167,0,0,1
148,169,147,168,0,0,1
148,170,147,169,0,0,1
148,171,147,170,0,0,1
148,172,147,171,0,0,1
148,173,147,172,0,0,1
148,174,147,173,0,0,1
148,175,147,174,0,0,1
148,176,147,175,0,0,1
148,177,147,176,0,0,1
148,178,147,177,0,0,1
148,179,147,178,0,0,1
148,180,147,179,0,0,1
148,181,147,180,0,0,1
148,182,147,181,0,0,1
148,183,147,182,0,0,1
148,184,147,183,0,0,1
148,185,147,184,0,0,1
148,186,147,185,0,0,1
148,187,147,186,0,0,1
148,188,147,187,0,0,1
148,189,147,188,0,0,1
148,190,147,189,0,0,1
148,191,147,190,0,0,1
148,192,147,191,0,0,1
148,193,147,192,0,0,1
148,194,147,193,0,0,1
148,195,147,194,0,0,1
148,196,147,195,0,0,1
148,197,147,196,0,0,1
148,198,147,197,0,0,1
148,199,147,198,0,0,1
148,200,147,199,0,0,1
148,201,147,200,0,0,1
148,202,147,201,0,0,1
148,203,147,202,0,0,1
148,204,147,203,0,0,1
148,205,147,204,0,0,1
148,206,147,205,0,0,1
148,207,147,206,0,0,1
148,208,147,207,0,0,1
148,209,147,208,0,0,1
148,210,147,209,0,0,1
148,211,147,210,0,0,1
148,212,147,211,0,0,1
148,213,147,212,0,0,1
148,214,147,213,0,0,1
148,215,147,214,0,0,1
148,216,147,215,0,0,1
148,217,147,216,0,0,1
148,218,147,217,0,0,1
148,219,147,218,0,0,1
148,220,147,219,0,0,1
148,221,147,220,0,0,1
148,222,147,221,0,0,1
148,223,147,222,0,0,1
148,224,147,223,0,0,1
148,225,147,228,0,0,1
148,226,147,225,0,0,1
148,227,147,226,0,0,1
148,228,147,227,0,0,1
148,229,147,224,0,0,1
148,230,147,229,0,0,1
148,231,147,230,0,0,1
148,232,147,231,0,0,1
148,233,147,232,0,0,1
148,234,147,233,0,0,1
148,235,147,234,0,0,1
148,236,147,235,0,0,1
148,237,147,236,0,0,1
148,238,147,237,0,0,1
148,239,147,238,0,0,1
148,240,147,239,0,0,1
148,241,147,240,0,0,1
148,242,147,241,0,0,1
148,243,147,242,0,0,1
149,150,148,149,22,22,6
149,151,148,150,19,17,6
149,152,148,151,15,15,6
149,153,148,152,0,0,1
149,154,148,153,0,0,1
149,155,148,154,0,0,1
149,156,148,155,0,0,1
149,157,148,156,0,0,1
149,158,148,157,0,0,1
149,159,148,158,0,0,1
149,160,148,159,0,0,1
149,161,148,160,0,0,1
149,162,148,161,0,0,1
149,163,148,162,0,0,1
149,164,148,163,0,0,1
149,165,148,164,0,0,1
149,166,148,165,0,0,1
149,167,148,166,0,0,1
149,168,148,167,0,0,1
149,169,148,168,0,0,1
149,170,148,169,0,0,1
149,171,148,170,0,0,1
149,172,148,171,0,0,1
149,173,148,172,0,0,1
149,174,148,173,0,0,1
149,175,148,174,0,0,1
149,176,148,175,0,0,1
149,177,148,176,0,0,1
149,178,148,177,0,0,1
149,179,148,178,0,0,1
149,180,148,179,0,0,1
149,181,148,180,0,0,1
149,182,148,181,0,0,1
149,183,148,182,0,0,1
149,184,148,183,0,0,1
149,185,148,184,0,0,1
149,186,148,185,0,0,1
149,187,148,186,0,0,1
149,188,148,187,0,0,1
149,189,148,188,0,0,1
149,190,148,189,0,0,1
149,191,148,190,0,0,1
149,192,148,191,0,0,1
149,193,148,192,0,0,1
149,194,148,193,0,0,1
149,195,148,194,0,0,1
149,196,148,195,0,0,1
149,197,148,196,0,0,1
149,198,148,197,0,0,1
149,199,148,198,0,0,1
149,200,148,199,0,0,1
149,201,148,200,0,0,1
149,202,148,201,0,0,1
149,203,148,202,0,0,1
149,204,148,203,0,0,1
149,205,148,204,0,0,1
149,206,148,205,0,0,1
149,207,148,206,0,0,1
149,208,148,207,0,0,1
149,209,148,208,0,0,1
149,210,148,209,0,0,1
149,211,148,210,0,0,1
149,212,148,211,0,0,1
149,213,148,212,0,0,1
149,214,148,213,0,0,1
149,215,148,214,0,0,1
149,216,148,215,0,0,1
149,217,148,216,0,0,1
149,218,148,217,0,0,1
149,219,148,218,0,0,1
149,220,148,219,0,0,1
149,221,148,220,0,0,1
149,222,148,221,0,0,1
149,223,148,222,0,0,1
149,224,148,223,0,0,1
149,225,148,228,0,0,1
149,226,148,225,0,0,1
149,227,148,226,0,0,1
149,228,148,227,0,0,1
149,229,148,224,0,0,1
149,230,148,229,0,0,1
149,231,148,230,0,0,1
149,232,148,231,0,0,1
149,233,148,232,0,0,1
149,234,148,233,0,0,1
149,235,148,234,0,0,1
149,236,148,235,0,0,1
149,237,148,236,0,0,1
149,238,148,237,0,0,1
149,239,148,238,0,0,1
149,240,148,239,0,0,1
149,241,148,240,0,0,1
149,242,148,241,0,0,1
149,243,148,242,0,0,1
150,151,149,150,24,22,7
150,152,149,151,19,17,6
150,153,149,152,0,0,1
150,154,149,153,0,0,1
150,155,149,154,0,0,1
150,156,149,155,0,0,1
150,157,149,156,15,0,1
150,158,149,157,0,0,1
150,159,149,158,0,0,1
150,160,149,159,0,0,1
150,161,149,160,0,0,1
150,162,149,161,0,0,1
150,163,149,162,15,15,6
150,164,149,163,0,0,1
150,165,149,164,0,0,1
150,166,149,165,0,0,1
150,167,149,166,0,0,1
150,168,149,167,0,0,1
150,169,149,168,0,0,1
150,170,149,169,0,0,1
150,171,149,170,0,0,1
150,172,149,171,0,0,1
150,173,149,172,0,0,1
150,174,149,173,0,0,1
150,175,149,174,0,0,1
150,176,149,175,0,0,1
150,177,149,176,0,0,1
150,178,149,177,0,0,1
150,179,149,178,0,0,1
150,180,149,179,0,0,1
150,181,149,180,0,0,1
150,182,149,181,0,0,1
150,183,149,182,0,0,1
150,184,149,183,0,0,1
150,185,149,184,0,0,1
150,186,149,185,0,0,1
150,187,149,186,0,0,1
150,188,149,187,0,0,1
150,189,149,188,0,0,1
150,190,149,189,0,0,1
150,191,149,190,0,0,1
150,192,149,191,0,0,1
150,193,149,192,0,0,1
150,194,149,193,0,0,1
150,195,149,194,0,0,1
150,196,149,195,0,0,1
150,197,149,196,0,0,1
150,198,149,197,0,0,1
150,199,149,198,0,0,1
150,200,149,199,0,0,1
150,201,149,200,0,0,1
150,202,149,201,0,0,1
150,203,149,202,0,0,1
150,204,149,203,0,0,1
150,205,149,204,0,0,1
150,206,149,205,0,0,1
150,207,149,206,0,0,1
150,208,149,207,0,0,1
150,209,149,208,0,0,1
150,210,149,209,0,0,1
150,211,149,210,0,0,1
150,212,149,211,0,0,1
150,213,149,212,0,0,1
150,214,149,213,0,0,1
150,215,149,214,0,0,1
150,216,149,215,0,0,1
150,217,149,216,0,0,1
150,218,149,217,0,0,1
150,219,149,218,0,0,1
150,220,149,219,0,0,1
150,221,149,220,0,0,1
150,222,149,221,0,0,1
150,223,149,222,0,0,1
150,224,149,223,0,0,1
150,225,149,228,0,0,1
150,226,149,225,0,0,1
150,227,149,226,0,0,1
150,228,149,227,0,0,1
150,229,149,224,0,0,1
150,230,149,229,0,0,1
150,231,149,230,0,0,1
150,232,149,231,0,0,1
150,233,149,232,0,0,1
150,234,149,233,0,0,1
150,235,149,234,0,0,1
150,236,149,235,0,0,1
150,237,149,236,0,0,1
150,238,149,237,0,0,1
150,239,149,238,0,0,1
150,240,149,239,0,0,1
150,241,149,240,0,0,1
150,242,149,241,0,0,1
150,243,149,242,0,0,1
151,152,150,151,27,25,6
151,153,150,152,18,17,6
151,154,150,153,15,0,1
151,155,150,154,16,16,6
151,156,150,155,0,0,1
151,157,150,156,0,0,1
151,158,150,157,0,0,1
151,159,150,158,0,0,1
151,160,150,159,0,0,1
151,161,150,160,0,0,1
151,162,150,161,0,0,1
151,163,150,162,18,17,6
151,164,150,163,15,15,6
151,165,150,164,0,0,1
151,166,150,165,16,15,6
151,167,150,166,18,16,6
151,168,150,167,0,0,1
151,169,150,168,0,0,1
151,170,150,169,0,0,1
151,171,150,170,0,0,1
151,172,150,171,0,0,1
151,173,150,172,0,0,1
151,174,150,173,0,0,1
151,175,150,174,0,0,1
151,176,150,175,0,0,1
151,177,150,176,0,0,1
151,178,150,177,0,0,1
151,179,150,178,0,0,1
151,180,150,179,0,0,1
151,181,150,180,0,0,1
151,182,150,181,0,0,1
151,183,150,182,0,0,1
151,184,150,183,0,0,1
151,185,150,184,0,0,1
151,186,150,185,0,0,1
151,187,150,186,0,0,1
151,188,150,187,0,0,1
151,189,150,188,0,0,1
151,190,150,189,0,0,1
151,191,150,190,0,0,1
151,192,150,191,0,0,1
151,193,150,192,0,0,1
151,194,150,193,0,0,1
151,195,150,194,0,0,1
151,196,150,195,0,0,1
151,197,150,196,0,0,1
151,198,150,197,0,0,1
151,199,150,198,0,0,1
151,200,150,199,0,0,1
151,201,150,200,0,0,1
151,202,150,201,0,0,1
151,203,150,202,0,0,1
151,204,150,203,0,0,1
151,205,150,204,0,0,1
151,206,150,205,0,0,1
151,207,150,206,0,0,1
151,208,150,207,0,0,1
151,209,150,208,0,0,1
151,210,150,209,0,0,1
151,211,150,210,0,0,1
151,212,150,211,0,0,1
151,213,150,212,0,0,1
151,214,150,213,0,0,1
151,215,150,214,0,0,1
151,216,150,215,0,0,1
151,217,150,216,0,0,1
151,218,150,217,0,0,1
151,219,150,218,0,0,1
151,220,150,219,0,0,1
151,221,150,220,0,0,1
151,222,150,221,0,0,1
151,223,150,222,0,0,1
151,224,150,223,0,0,1
151,225,150,228,0,0,1
151,226,150,225,0,0,1
151,227,150,226,0,0,1
151,228,150,227,0,0,1
151,229,150,224,0,0,1
151,230,150,229,0,0,1
151,231,150,230,0,0,1
151,232,150,231,0,0,1
151,233,150,232,0,0,1
151,234,150,233,0,0,1
151,235,150,234,0,0,1
151,236,150,235,0,0,1
151,237,150,236,0,0,1
151,238,150,237,0,0,1
151,239,150,238,0,0,1
151,240,150,239,0,0,1
151,241,150,240,0,0,1
151,242,150,241,0,0,1
151,243,150,242,0,0,1
152,153,151,152,21,18,6
152,154,151,153,15,0,1
152,155,151,154,17,15,6
152,156,151,155,17,16,6
152,157,151,156,0,0,1
152,158,151,157,0,0,1
152,159,151,158,0,0,1
152,160,151,159,0,0,1
152,161,151,160,0,0,1
152,162,151,161,0,0,1
152,163,151,162,15,0,1
152,164,151,163,15,0,1
152,165,151,164,0,0,1
152,166,151,165,15,0,1
152,167,151,166,16,16,6
152,168,151,167,0,0,1
152,169,151,168,0,0,1
152,170,151,169,0,0,1
152,171,151,170,0,0,1
152,172,151,171,0,0,1
152,173,151,172,0,0,1
152,174,151,173,0,0,1
152,175,151,174,0,0,1
152,176,151,175,0,0,1
152,177,151,176,0,0,1
152,178,151,177,0,0,1
152,179,151,178,0,0,1
152,180,151,179,0,0,1
152,181,151,180,0,0,1
152,182,151,181,0,0,1
152,183,151,182,0,0,1
152,184,151,183,0,0,1
152,185,151,184,0,0,1
152,186,151,185,0,0,1
152,187,151,186,0,0,1
152,188,151,187,0,0,1
152,189,151,188,0,0,1
152,190,151,189,0,0,1
152,191,151,190,0,0,1
152,192,151,191,0,0,1
152,193,151,192,0,0,1
152,194,151,193,0,0,1
152,195,151,194,0,0,1
152,196,151,195,0,0,1
152,197,151,196,0,0,1
152,198,151,197,0,0,1
152,199,151,198,0,0,1
152,200,151,199,0,0,1
152,201,151,200,0,0,1
152,202,151,201,0,0,1
152,203,151,202,0,0,1
152,204,151,203,0,0,1
152,205,151,204,0,0,1
152,206,151,205,0,0,1
152,207,151,206,0,0,1
152,208,151,207,0,0,1
152,209,151,208,0,0,1
152,210,151,209,0,0,1
152,211,151,210,0,0,1
152,212,151,211,0,0,1
152,213,151,212,0,0,1
152,214,151,213,0,0,1
152,215,151,214,0,0,1
152,216,151,215,0,0,1
152,217,151,216,0,0,1
152,218,151,217,0,0,1
152,219,151,218,0,0,1
152,220,151,219,0,0,1
152,221,151,220,0,0,1
152,222,151,221,0,0,1
152,223,151,222,0,0,1
152,224,151,223,0,0,1
152,225,151,228,0,0,1
152,226,151,225,0,0,1
152,227,151,226,0,0,1
152,228,151,227,0,0,1
152,229,151,224,0,0,1
152,230,151,229,0,0,1
152,231,151,230,0,0,1
152,232,151,231,0,0,1
152,233,151,232,0,0,1
152,234,151,233,0,0,1
152,235,151,234,0,0,1
152,236,151,235,0,0,1
152,237,151,236,0,0,1
152,238,151,237,0,0,1
152,239,151,238,0,0,1
152,240,151,239,0,0,1
152,241,151,240,0,0,1
152,242,151,241,0,0,1
152,243,151,242,0,0,1
153,154,152,153,33,30,6
153,155,152,154,34,31,6
153,156,152,155,24,23,6
153,157,152,156,24,22,6
153,158,152,157,26,22,6
153,159,152,158,20,18,6
153,160,152,159,20,18,6
153,161,152,160,20,19,6
153,162,152,161,22,20,6
153,163,152,162,22,20,6
153,164,152,163,19,18,6
153,165,152,164,16,15,6
153,166,152,165,17,16,6
153,167,152,166,23,23,6
153,168,152,167,19,18,6
153,169,152,168,16,0,1
153,170,152,169,19,19,3
153,171,152,170,15,0,1
153,172,152,171,15,0,1
153,173,152,172,0,0,1
153,174,152,173,16,15,6
153,175,152,174,15,0,1
153,176,152,175,0,0,1
153,177,152,176,0,0,1
153,178,152,177,15,0,1
153,179,152,178,0,0,1
153,180,152,179,0,0,1
153,181,152,180,0,0,1
153,182,152,181,0,0,1
153,183,152,182,0,0,1
153,184,152,183,0,0,1
153,185,152,184,0,0,1
153,186,152,185,0,0,1
153,187,152,186,0,0,1
153,188,152,187,0,0,1
153,189,152,188,0,0,1
153,190,152,189,0,0,1
153,191,152,190,0,0,1
153,192,152,191,0,0,1
153,193,152,192,0,0,1
153,194,152,193,0,0,1
153,195,152,194,0,0,1
153,196,152,195,0,0,1
153,197,152,196,0,0,1
153,198,152,197,0,0,1
153,199,152,198,0,0,1
153,200,152,199,0,0,1
153,201,152,200,0,0,1
153,202,152,201,0,0,1
153,203,152,202,0,0,1
153,204,152,203,0,0,1
153,205,152,204,0,0,1
153,206,152,205,0,0,1
153,207,152,206,0,0,1
153,208,152,207,0,0,1
153,209,152,208,0,0,1
153,210,152,209,0,0,1
153,211,152,210,0,0,1
153,212,152,211,0,0,1
153,213,152,212,0,0,1
153,214,152,213,0,0,1
153,215,152,214,0,0,1
153,216,152,215,0,0,1
153,217,152,216,0,0,1
153,218,152,217,0,0,1
153,219,152,218,0,0,1
153,220,152,219,0,0,1
153,221,152,220,0,0,1
153,222,152,221,0,0,1
153,223,152,222,0,0,1
153,224,152,223,0,0,1
153,225,152,228,0,0,1
153,226,152,225,0,0,1
153,227,152,226,0,0,1
153,228,152,227,0,0,1
153,229,152,224,0,0,1
153,230,152,229,0,0,1
153,231,152,230,0,0,1
153,232,152,231,0,0,1
153,233,152,232,0,0,1
153,234,152,233,0,0,1
153,235,152,234,0,0,1
153,236,152,235,0,0,1
153,237,152,236,0,0,1
153,238,152,237,0,0,1
153,239,152,238,0,0,1
153,240,152,239,0,0,1
153,241,152,240,0,0,1
153,242,152,241,0,0,1
153,243,152,242,0,0,1
154,155,153,154,39,36,6
154,156,153,155,33,30,6
154,157,153,156,33,29,6
154,158,153,157,29,26,6
154,159,153,158,26,23,6
154,160,153,159,27,22,6
154,161,153,160,23,19,6
154,162,153,161,25,21,6
154,163,153,162,25,23,6
154,164,153,163,20,19,6
154,165,153,164,20,20,6
154,166,153,165,20,20,6
154,167,153,166,27,25,6
154,168,153,167,22,22,6
154,169,153,168,20,18,6
154,170,153,169,22,22,6
154,171,153,170,20,20,6
154,172,153,171,18,18,6
154,173,153,172,18,18,6
154,174,153,173,18,18,6
154,175,153,174,17,15,6
154,176,153,175,0,0,1
154,177,153,176,0,0,1
154,178,153,177,0,0,1
154,179,153,178,0,0,1
154,180,153,179,0,0,1
154,181,153,180,0,0,1
154,182,153,181,0,0,1
154,183,153,182,0,0,1
154,184,153,183,0,0,1
154,185,153,184,0,0,1
154,186,153,185,0,0,1
154,187,153,186,0,0,1
154,188,153,187,0,0,1
154,189,153,188,0,0,1
154,190,153,189,0,0,1
154,191,153,190,0,0,1
154,192,153,191,0,0,1
154,193,153,192,0,0,1
154,194,153,193,0,0,1
154,195,153,194,0,0,1
154,196,153,195,0,0,1
154,197,153,196,0,0,1
154,198,153,197,0,0,1
154,199,153,198,0,0,1
154,200,153,199,0,0,1
154,201,153,200,0,0,1
154,202,153,201,0,0,1
154,203,153,202,0,0,1
154,204,153,203,0,0,1
154,205,153,204,0,0,1
154,206,153,205,0,0,1
154,207,153,206,0,0,1
154,208,153,207,0,0,1
154,209,153,208,0,0,1
154,210,153,209,0,0,1
154,211,153,210,0,0,1
154,212,153,211,0,0,1
154,213,153,212,0,0,1
154,214,153,213,0,0,1
154,215,153,214,0,0,1
154,216,153,215,0,0,1
154,217,153,216,0,0,1
154,218,153,217,0,0,1
154,219,153,218,0,0,1
154,220,153,219,0,0,1
154,221,153,220,0,0,1
154,222,153,221,0,0,1
154,223,153,222,0,0,1
154,224,153,223,0,0,1
154,225,153,228,0,0,1
154,226,153,225,0,0,1
154,227,153,226,0,0,1
154,228,153,227,0,0,1
154,229,153,224,0,0,1
154,230,153,229,0,0,1
154,231,153,230,0,0,1
154,232,153,231,0,0,1
154,233,153,232,0,0,1
154,234,153,233,0,0,1
154,235,153,234,0,0,1
154,236,153,235,0,0,1
154,237,153,236,0,0,1
154,238,153,237,0,0,1
154,239,153,238,0,0,1
154,240,153,239,0,0,1
154,241,153,240,0,0,1
154,242,153,241,0,0,1
154,243,153,242,0,0,1
155,156,154,155,41,41,6
155,157,154,156,38,34,6
155,158,154,157,36,33,6
155,159,154,158,30,26,6
155,160,154,159,30,28,6
155,161,154,160,27,23,6
155,162,154,161,29,26,6
155,163,154,162,30,28,6
155,164,154,163,26,26,6
155,165,154,164,24,24,7
155,166,154,165,27,26,6
155,167,154,166,31,30,6
155,168,154,167,27,25,6
155,169,154,168,24,24,6
155,170,154,169,27,27,6
155,171,154,170,23,23,6
155,172,154,171,21,21,6
155,173,154,172,20,18,7
155,174,154,173,22,22,6
155,175,154,174,20,20,6
155,176,154,175,16,0,1
155,177,154,176,15,0,1
155,178,154,177,18,15,6
155,179,154,178,15,0,1
155,180,154,179,15,0,1
155,181,154,180,15,0,1
155,182,154,181,0,0,1
155,183,154,182,0,0,1
155,184,154,183,0,0,1
155,185,154,184,16,0,1
155,186,154,185,15,15,3
155,187,154,186,15,0,1
155,188,154,187,16,0,1
155,189,154,188,0,0,1
155,190,154,189,16,15,3
155,191,154,190,0,0,1
155,192,154,191,0,0,1
155,193,154,192,0,0,1
155,194,154,193,0,0,1
155,195,154,194,16,0,1
155,196,154,195,0,0,1
155,197,154,196,0,0,1
155,198,154,197,0,0,1
155,199,154,198,15,0,1
155,200,154,199,0,0,1
155,201,154,200,0,0,1
155,202,154,201,0,0,1
155,203,154,202,0,0,1
155,204,154,203,0,0,1
155,205,154,204,0,0,1
155,206,154,205,0,0,1
155,207,154,206,0,0,1
155,208,154,207,0,0,1
155,209,154,208,0,0,1
155,210,154,209,0,0,1
155,211,154,210,0,0,1
155,212,154,211,15,0,1
155,213,154,212,0,0,1
155,214,154,213,0,0,1
155,215,154,214,0,0,1
155,216,154,215,0,0,1
155,217,154,216,0,0,1
155,218,154,217,0,0,1
155,219,154,218,0,0,1
155,220,154,219,0,0,1
155,221,154,220,0,0,1
155,222,154,221,0,0,1
155,223,154,222,15,0,1
155,224,154,223,0,0,1
155,225,154,228,0,0,1
155,226,154,225,0,0,1
155,227,154,226,0,0,1
155,228,154,227,0,0,1
155,229,154,224,0,0,1
155,230,154,229,0,0,1
155,231,154,230,0,0,1
155,232,154,231,0,0,1
155,233,154,232,0,0,1
155,234,154,233,0,0,1
155,235,154,234,0,0,1
155,236,154,235,0,0,1
155,237,154,236,0,0,1
155,238,154,237,0,0,1
155,239,154,238,0,0,1
155,240,154,239,0,0,1
155,241,154,240,0,0,1
155,242,154,241,0,0,1
155,243,154,242,0,0,1
156,157,155,156,48,47,6
156,158,155,157,43,41,6
156,159,155,158,37,35,6
156,160,155,159,42,38,6
156,161,155,160,34,30,6
156,162,155,161,37,34,6
156,163,155,162,38,36,6
156,164,155,163,32,32,6
156,165,155,164,34,34,6
156,166,155,165,36,35,6
156,167,155,166,41,41,6
156,168,155,167,32,32,6
156,169,155,168,30,30,6
156,170,155,169,31,31,6
156,171,155,170,28,27,6
156,172,155,171,24,23,6
156,173,155,172,22,22,6
156,174,155,173,25,24,6
156,175,155,174,23,23,6
156,176,155,175,18,18,6
156,177,155,176,20,19,6
156,178,155,177,24,24,6
156,179,155,178,18,18,6
156,180,155,179,17,16,6
156,181,155,180,18,18,6
156,182,155,181,0,0,1
156,183,155,182,0,0,1
156,184,155,183,0,0,1
156,185,155,184,15,15,6
156,186,155,185,17,17,6
156,187,155,186,15,15,6
156,188,155,187,0,0,1
156,189,155,188,16,15,6
156,190,155,189,16,0,1
156,191,155,190,0,0,1
156,192,155,191,0,0,1
156,193,155,192,0,0,1
156,194,155,193,0,0,1
156,195,155,194,15,0,1
156,196,155,195,0,0,1
156,197,155,196,0,0,1
156,198,155,197,0,0,1
156,199,155,198,16,16,6
156,200,155,199,0,0,1
156,201,155,200,0,0,1
156,202,155,201,0,0,1
156,203,155,202,0,0,1
156,204,155,203,0,0,1
156,205,155,204,0,0,1
156,206,155,205,0,0,1
156,207,155,206,0,0,1
156,208,155,207,0,0,1
156,209,155,208,0,0,1
156,210,155,209,0,0,1
156,211,155,210,0,0,1
156,212,155,211,16,15,3
156,213,155,212,0,0,1
156,214,155,213,0,0,1
156,215,155,214,0,0,1
156,216,155,215,0,0,1
156,217,155,216,0,0,1
156,218,155,217,15,15,3
156,219,155,218,0,0,1
156,220,155,219,15,0,1
156,221,155,220,16,0,1
156,222,155,221,16,0,1
156,223,155,222,21,18,6
156,224,155,223,0,0,1
156,225,155,228,0,0,1
156,226,155,225,0,0,1
156,227,155,226,15,0,1
156,228,155,227,0,0,1
156,229,155,224,0,0,1
156,230,155,229,0,0,1
156,231,155,230,0,0,1
156,232,155,231,0,0,1
156,233,155,232,0,0,1
156,234,155,233,0,0,1
156,235,155,234,0,0,1
156,236,155,235,0,0,1
156,237,155,236,0,0,1
156,238,155,237,0,0,1
156,239,155,238,0,0,1
156,240,155,239,0,0,1
156,241,155,240,0,0,1
156,242,155,241,0,0,1
156,243,155,242,0,0,1
157,158,156,157,46,46,6
157,159,156,158,40,38,6
157,160,156,159,41,40,6
157,161,156,160,36,33,6
157,162,156,161,38,36,6
157,163,156,162,39,38,6
157,164,156,163,35,35,6
157,165,156,164,36,36,6
157,166,156,165,36,36,6
157,167,156,166,40,39,6
157,168,156,167,33,32,6
157,169,156,168,33,31,6
157,170,156,169,31,29,6
157,171,156,170,28,26,6
157,172,156,171,28,27,6
157,173,156,172,23,23,7
157,174,156,173,25,22,7
157,175,156,174,22,22,6
157,176,156,175,22,20,6
157,177,156,176,19,17,6
157,178,156,177,23,21,6
157,179,156,178,18,18,6
157,180,156,179,18,17,6
157,181,156,180,19,17,6
157,182,156,181,0,0,1
157,183,156,182,0,0,1
157,184,156,183,16,0,1
157,185,156,184,19,18,6
157,186,156,185,20,17,6
157,187,156,186,17,16,6
157,188,156,187,19,19,3
157,189,156,188,18,16,6
157,190,156,189,17,0,1
157,191,156,190,15,0,1
157,192,156,191,0,0,1
157,193,156,192,0,0,1
157,194,156,193,0,0,1
157,195,156,194,16,0,1
157,196,156,195,0,0,1
157,197,156,196,0,0,1
157,198,156,197,0,0,1
157,199,156,198,15,0,1
157,200,156,199,15,0,1
157,201,156,200,17,0,1
157,202,156,201,19,16,6
157,203,156,202,17,17,3
157,204,156,203,16,16,3
157,205,156,204,0,0,1
157,206,156,205,0,0,1
157,207,156,206,0,0,1
157,208,156,207,0,0,1
157,209,156,208,0,0,1
157,210,156,209,0,0,1
157,211,156,210,0,0,1
157,212,156,211,19,0,1
157,213,156,212,18,18,3
157,214,156,213,16,0,1
157,215,156,214,0,0,1
157,216,156,215,0,0,1
157,217,156,216,0,0,1
157,218,156,217,18,15,6
157,219,156,218,0,0,1
157,220,156,219,16,16,3
157,221,156,220,16,0,1
157,222,156,221,0,0,1
157,223,156,222,20,18,6
157,224,156,223,16,0,1
157,225,156,228,0,0,1
157,226,156,225,0,0,1
157,227,156,226,0,0,1
157,228,156,227,0,0,1
157,229,156,224,15,15,3
157,230,156,229,0,0,1
157,231,156,230,0,0,1
157,232,156,231,0,0,1
157,233,156,232,0,0,1
157,234,156,233,0,0,1
157,235,156,234,0,0,1
157,236,156,235,0,0,1
157,237,156,236,0,0,1
157,238,156,237,0,0,1
157,239,156,238,0,0,1
157,240,156,239,0,0,1
157,241,156,240,0,0,1
157,242,156,241,0,0,1
157,243,156,242,0,0,1
158,159,157,158,39,38,6
158,160,157,159,40,39,6
158,161,157,160,39,37,6
158,162,157,161,41,40,6
158,163,157,162,39,37,6
158,164,157,163,35,35,6
158,165,157,164,35,35,6
158,166,157,165,33,32,6
158,167,157,166,32,31,6
158,168,157,167,30,30,6
158,169,157,168,26,25,6
158,170,157,169,25,25,6
158,171,157,170,22,21,6
158,172,157,171,23,23,6
158,173,157,172,20,20,3
158,174,157,173,20,20,6
158,175,157,174,18,17,6
158,176,157,175,17,16,6
158,177,157,176,16,15,6
158,178,157,177,20,18,6
158,179,157,178,15,0,1
158,180,157,179,0,0,1
158,181,157,180,17,0,1
158,182,157,181,0,0,1
158,183,157,182,0,0,1
158,184,157,183,0,0,1
158,185,157,184,16,0,1
158,186,157,185,0,0,1
158,187,157,186,16,0,1
158,188,157,187,17,0,1
158,189,157,188,15,0,1
158,190,157,189,0,0,1
158,191,157,190,0,0,1
158,192,157,191,0,0,1
158,193,157,192,0,0,1
158,194,157,193,0,0,1
158,195,157,194,15,15,3
158,196,157,195,0,0,1
158,197,157,196,0,0,1
158,198,157,197,0,0,1
158,199,157,198,15,15,3
158,200,157,199,0,0,1
158,201,157,200,15,0,1
158,202,157,201,0,0,1
158,203,157,202,16,15,3
158,204,157,203,0,0,1
158,205,157,204,0,0,1
158,206,157,205,0,0,1
158,207,157,206,0,0,1
158,208,157,207,0,0,1
158,209,157,208,0,0,1
158,210,157,209,15,0,1
158,211,157,210,17,15,6
158,212,157,211,19,17,6
158,213,157,212,18,17,6
158,214,157,213,16,0,1
158,215,157,214,15,0,1
158,216,157,215,0,0,1
158,217,157,216,0,0,1
158,218,157,217,18,15,6
158,219,157,218,17,15,6
158,220,157,219,16,16,3
158,221,157,220,18,15,6
158,222,157,221,16,0,1
158,223,157,222,20,17,6
158,224,157,223,16,15,3
158,225,157,228,15,15,3
158,226,157,225,15,15,3
158,227,157,226,17,15,6
158,228,157,227,0,0,1
158,229,157,224,17,15,6
158,230,157,229,0,0,1
158,231,157,230,0,0,1
158,232,157,231,0,0,1
158,233,157,232,0,0,1
158,234,157,233,0,0,1
158,235,157,234,0,0,1
158,236,157,235,0,0,1
158,237,157,236,0,0,1
158,238,157,237,0,0,1
158,239,157,238,0,0,1
158,240,157,239,0,0,1
158,241,157,240,0,0,1
158,242,157,241,0,0,1
158,243,157,242,0,0,1
159,160,158,159,44,44,6
159,161,158,160,36,35,6
159,162,158,161,40,39,6
159,163,158,162,40,38,6
159,164,158,163,36,36,6
159,165,158,164,33,33,6
159,166,158,165,34,32,6
159,167,158,166,31,30,6
159,168,158,167,29,29,6
159,169,158,168,29,27,6
159,170,158,169,28,25,6
159,171,158,170,27,25,6
159,172,158,171,25,24,6
159,173,158,172,20,20,6
159,174,158,173,22,21,6
159,175,158,174,21,19,6
159,176,158,175,20,17,6
159,177,158,176,20,18,6
159,178,158,177,21,19,6
159,179,158,178,16,0,1
159,180,158,179,15,0,1
159,181,158,180,17,0,1
159,182,158,181,0,0,1
159,183,158,182,0,0,1
159,184,158,183,0,0,1
159,185,158,184,17,15,3
159,186,158,185,17,17,3
159,187,158,186,17,16,3
159,188,158,187,16,0,1
159,189,158,188,16,0,1
159,190,158,189,15,0,1
159,191,158,190,0,0,1
159,192,158,191,0,0,1
159,193,158,192,16,0,1
159,194,158,193,0,0,1
159,195,158,194,16,15,3
159,196,158,195,0,0,1
159,197,158,196,0,0,1
159,198,158,197,0,0,1
159,199,158,198,16,0,1
159,200,158,199,0,0,1
159,201,158,200,15,0,1
159,202,158,201,0,0,1
159,203,158,202,0,0,1
159,204,158,203,19,17,3
159,205,158,204,0,0,1
159,206,158,205,15,15,3
159,207,158,206,0,0,1
159,208,158,207,18,18,3
159,209,158,208,18,17,3
159,210,158,209,17,17,3
159,211,158,210,18,18,3
159,212,158,211,22,17,6
159,213,158,212,17,0,1
159,214,158,213,17,0,1
159,215,158,214,15,0,1
159,216,158,215,15,0,1
159,217,158,216,15,0,1
159,218,158,217,20,17,6
159,219,158,218,18,15,6
159,220,158,219,22,19,6
159,221,158,220,20,17,6
159,222,158,221,19,17,6
159,223,158,222,19,15,6
159,224,158,223,0,0,1
159,225,158,228,15,0,1
159,226,158,225,18,15,6
159,227,158,226,18,15,6
159,228,158,227,15,15,6
159,229,158,224,20,17,6
159,230,158,229,17,17,6
159,231,158,230,16,0,1
159,232,158,231,0,0,1
159,233,158,232,0,0,1
159,234,158,233,15,15,6
159,235,158,234,0,0,1
159,236,158,235,0,0,1
159,237,158,236,15,0,1
159,238,158,237,0,0,1
159,239,158,238,0,0,1
159,240,158,239,0,0,1
159,241,158,240,0,0,1
159,242,158,241,0,0,1
159,243,158,242,0,0,1
160,161,159,160,44,44,6
160,162,159,161,45,45,6
160,163,159,162,43,43,6
160,164,159,163,41,41,6
160,165,159,164,40,40,6
160,166,159,165,37,37,6
160,167,159,166,36,35,6
160,168,159,167,34,34,6
160,169,159,168,32,29,6
160,170,159,169,32,29,6
160,171,159,170,31,29,6
160,172,159,171,26,25,6
160,173,159,172,24,24,6
160,174,159,173,25,24,6
160,175,159,174,22,21,6
160,176,159,175,22,20,6
160,177,159,176,24,24,3
160,178,159,177,23,23,6
160,179,159,178,18,15,6
160,180,159,179,17,15,6
160,181,159,180,20,17,6
160,182,159,181,15,0,1
160,183,159,182,0,0,1
160,184,159,183,16,16,3
160,185,159,184,17,15,6
160,186,159,185,18,15,6
160,187,159,186,17,0,1
160,188,159,187,17,17,7
160,189,159,188,17,0,1
160,190,159,189,15,0,1
160,191,159,190,16,16,3
160,192,159,191,0,0,1
160,193,159,192,0,0,1
160,194,159,193,0,0,1
160,195,159,194,16,16,3
160,196,159,195,0,0,1
160,197,159,196,0,0,1
160,198,159,197,15,0,1
160,199,159,198,17,15,6
160,200,159,199,15,15,6
160,201,159,200,16,16,6
160,202,159,201,0,0,1
160,203,159,202,0,0,1
160,204,159,203,18,15,6
160,205,159,204,0,0,1
160,206,159,205,0,0,1
160,207,159,206,0,0,1
160,208,159,207,17,17,3
160,209,159,208,19,15,6
160,210,159,209,17,17,3
160,211,159,210,19,16,6
160,212,159,211,24,20,6
160,213,159,212,20,20,3
160,214,159,213,17,0,1
160,215,159,214,20,18,6
160,216,159,215,20,19,6
160,217,159,216,20,17,6
160,218,159,217,24,23,6
160,219,159,218,23,21,6
160,220,159,219,23,20,6
160,221,159,220,24,22,6
160,222,159,221,22,19,6
160,223,159,222,22,20,6
160,224,159,223,18,0,1
160,225,159,228,16,15,6
160,226,159,225,18,16,6
160,227,159,226,16,16,6
160,228,159,227,16,16,6
160,229,159,224,21,21,3
160,230,159,229,19,17,6
160,231,159,230,17,16,6
160,232,159,231,15,0,1
160,233,159,232,16,15,3
160,234,159,233,17,15,6
160,235,159,234,15,0,1
160,236,159,235,15,0,1
160,237,159,236,0,0,1
160,238,159,237,0,0,1
160,239,159,238,0,0,1
160,240,159,239,0,0,1
160,241,159,240,15,0,1
160,242,159,241,0,0,1
160,243,159,242,0,0,1
161,162,160,161,45,45,6
161,163,160,162,45,44,6
161,164,160,163,40,40,6
161,165,160,164,38,38,6
161,166,160,165,36,35,6
161,167,160,166,35,35,6
161,168,160,167,30,29,6
161,169,160,168,29,28,6
161,170,160,169,27,26,6
161,171,160,170,27,26,6
161,172,160,171,26,26,6
161,173,160,172,22,21,6
161,174,160,173,25,21,6
161,175,160,174,21,19,6
161,176,160,175,21,21,3
161,177,160,176,20,18,6
161,178,160,177,21,20,6
161,179,160,178,19,19,3
161,180,160,179,19,19,3
161,181,160,180,18,18,3
161,182,160,181,0,0,1
161,183,160,182,0,0,1
161,184,160,183,15,0,1
161,185,160,184,0,0,1
161,186,160,185,18,18,3
161,187,160,186,16,0,1
161,188,160,187,17,0,1
161,189,160,188,17,0,1
161,190,160,189,16,0,1
161,191,160,190,16,0,1
161,192,160,191,0,0,1
161,193,160,192,0,0,1
161,194,160,193,0,0,1
161,195,160,194,18,16,6
161,196,160,195,0,0,1
161,197,160,196,0,0,1
161,198,160,197,17,15,6
161,199,160,198,17,0,1
161,200,160,199,16,0,1
161,201,160,200,0,0,1
161,202,160,201,15,0,1
161,203,160,202,0,0,1
161,204,160,203,17,0,1
161,205,160,204,0,0,1
161,206,160,205,0,0,1
161,207,160,206,0,0,1
161,208,160,207,16,16,3
161,209,160,208,0,0,1
161,210,160,209,15,15,3
161,211,160,210,0,0,1
161,212,160,211,21,18,6
161,213,160,212,19,19,3
161,214,160,213,16,0,1
161,215,160,214,17,15,6
161,216,160,215,15,0,1
161,217,160,216,15,0,1
161,218,160,217,20,18,6
161,219,160,218,19,17,6
161,220,160,219,20,19,6
161,221,160,220,23,22,6
161,222,160,221,21,20,6
161,223,160,222,23,21,6
161,224,160,223,16,15,3
161,225,160,228,0,0,1
161,226,160,225,0,0,1
161,227,160,226,15,15,6
161,228,160,227,15,15,6
161,229,160,224,18,17,6
161,230,160,229,0,0,1
161,231,160,230,0,0,1
161,232,160,231,0,0,1
161,233,160,232,0,0,1
161,234,160,233,15,15,6
161,235,160,234,0,0,1
161,236,160,235,0,0,1
161,237,160,236,0,0,1
161,238,160,237,0,0,1
161,239,160,238,0,0,1
161,240,160,239,0,0,1
161,241,160,240,15,0,1
161,242,160,241,0,0,1
161,243,160,242,0,0,1
162,163,161,162,46,45,6
162,164,161,163,41,41,6
162,165,161,164,38,38,6
162,166,161,165,39,38,6
162,167,161,166,40,40,6
162,168,161,167,35,34,6
162,169,161,168,30,29,6
162,170,161,169,32,31,6
162,171,161,170,28,25,6
162,172,161,171,31,28,6
162,173,161,172,23,20,7
162,174,161,173,26,22,6
162,175,161,174,20,18,6
162,176,161,175,20,17,6
162,177,161,176,21,19,6
162,178,161,177,22,21,6
162,179,161,178,18,18,3
162,180,161,179,21,21,3
162,181,161,180,20,20,3
162,182,161,181,16,15,6
162,183,161,182,0,0,1
162,184,161,183,16,0,1
162,185,161,184,16,16,6
162,186,161,185,18,18,3
162,187,161,186,15,15,3
162,188,161,187,16,0,1
162,189,161,188,16,16,3
162,190,161,189,0,0,1
162,191,161,190,17,17,3
162,192,161,191,0,0,1
162,193,161,192,15,15,3
162,194,161,193,17,15,6
162,195,161,194,19,19,3
162,196,161,195,0,0,1
162,197,161,196,0,0,1
162,198,161,197,16,16,3
162,199,161,198,17,0,1
162,200,161,199,16,0,1
162,201,161,200,15,0,1
162,202,161,201,0,0,1
162,203,161,202,0,0,1
162,204,161,203,20,19,3
162,205,161,204,0,0,1
162,206,161,205,15,0,1
162,207,161,206,0,0,1
162,208,161,207,17,17,3
162,209,161,208,16,0,1
162,210,161,209,17,17,3
162,211,161,210,17,17,3
162,212,161,211,23,23,3
162,213,161,212,20,20,3
162,214,161,213,16,15,6
162,215,161,214,17,15,6
162,216,161,215,16,0,1
162,217,161,216,15,0,1
162,218,161,217,21,18,6
162,219,161,218,19,18,6
162,220,161,219,23,21,6
162,221,161,220,23,23,3
162,222,161,221,23,21,6
162,223,161,222,23,21,6
162,224,161,223,17,0,1
162,225,161,228,0,0,1
162,226,161,225,18,17,6
162,227,161,226,17,16,6
162,228,161,227,17,16,6
162,229,161,224,20,20,3
162,230,161,229,19,19,3
162,231,161,230,16,16,6
162,232,161,231,0,0,1
162,233,161,232,0,0,1
162,234,161,233,15,0,1
162,235,161,234,0,0,1
162,236,161,235,15,15,3
162,237,161,236,0,0,1
162,238,161,237,0,0,1
162,239,161,238,0,0,1
162,240,161,239,0,0,1
162,241,161,240,16,0,1
162,242,161,241,0,0,1
162,243,161,242,0,0,1
163,164,162,163,44,44,6
163,165,162,164,43,41,6
163,166,162,165,41,39,6
163,167,162,166,44,42,6
163,168,162,167,42,39,6
163,169,162,168,39,38,6
163,170,162,169,37,35,6
163,171,162,170,34,32,6
163,172,162,171,34,34,6
163,173,162,172,27,24,6
163,174,162,173,31,29,6
163,175,162,174,28,27,6
163,176,162,175,27,26,6
163,177,162,176,23,21,6
163,178,162,177,28,28,3
163,179,162,178,23,19,6
163,180,162,179,23,20,6
163,181,162,180,21,19,6
163,182,162,181,18,16,6
163,183,162,182,18,15,6
163,184,162,183,19,16,6
163,185,162,184,20,18,6
163,186,162,185,24,20,6
163,187,162,186,18,18,3
163,188,162,187,21,17,6
163,189,162,188,21,17,6
163,190,162,189,19,17,6
163,191,162,190,20,20,3
163,192,162,191,20,20,3
163,193,162,192,18,16,6
163,194,162,193,20,17,6
163,195,162,194,21,21,3
163,196,162,195,15,0,1
163,197,162,196,19,16,6
163,198,162,197,19,17,6
163,199,162,198,17,15,6
163,200,162,199,18,17,6
163,201,162,200,17,0,1
163,202,162,201,20,18,6
163,203,162,202,16,16,3
163,204,162,203,21,21,3
163,205,162,204,0,0,1
163,206,162,205,16,16,3
163,207,162,206,16,16,3
163,208,162,207,15,15,3
163,209,162,208,16,0,1
163,210,162,209,18,16,6
163,211,162,210,18,15,6
163,212,162,211,26,26,3
163,213,162,212,22,22,3
163,214,162,213,19,16,6
163,215,162,214,18,16,6
163,216,162,215,18,15,6
163,217,162,216,16,0,1
163,218,162,217,23,17,6
163,219,162,218,20,19,6
163,220,162,219,22,18,6
163,221,162,220,25,23,6
163,222,162,221,22,20,6
163,223,162,222,23,23,6
163,224,162,223,16,0,1
163,225,162,228,0,0,1
163,226,162,225,20,17,6
163,227,162,226,16,15,6
163,228,162,227,17,0,1
163,229,162,224,22,19,6
163,230,162,229,16,15,6
163,231,162,230,17,16,6
163,232,162,231,0,0,1
163,233,162,232,16,0,1
163,234,162,233,17,16,6
163,235,162,234,0,0,1
163,236,162,235,0,0,1
163,237,162,236,0,0,1
163,238,162,237,0,0,1
163,239,162,238,0,0,1
163,240,162,239,0,0,1
163,241,162,240,15,15,3
163,242,162,241,0,0,1
163,243,162,242,0,0,1
164,165,163,164,47,46,6
164,166,163,165,45,45,6
164,167,163,166,42,42,6
164,168,163,167,40,38,6
164,169,163,168,38,38,6
164,170,163,169,39,38,6
164,171,163,170,35,33,6
164,172,163,171,35,32,6
164,173,163,172,29,29,6
164,174,163,173,32,31,6
164,175,163,174,28,27,6
164,176,163,175,31,29,6
164,177,163,176,26,26,6
164,178,163,177,31,25,6
164,179,163,178,25,25,3
164,180,163,179,20,19,6
164,181,163,180,21,17,6
164,182,163,181,20,19,6
164,183,163,182,19,19,3
164,184,163,183,22,19,6
164,185,163,184,24,21,6
164,186,163,185,27,26,3
164,187,163,186,23,20,6
164,188,163,187,23,20,6
164,189,163,188,21,18,6
164,190,163,189,19,17,6
164,191,163,190,21,18,6
164,192,163,191,18,16,6
164,193,163,192,19,16,6
164,194,163,193,20,20,3
164,195,163,194,21,17,6
164,196,163,195,19,18,6
164,197,163,196,19,16,6
164,198,163,197,21,21,3
164,199,163,198,17,0,1
164,200,163,199,19,19,3
164,201,163,200,17,17,7
164,202,163,201,20,20,6
164,203,163,202,17,17,6
164,204,163,203,19,19,3
164,205,163,204,0,0,1
164,206,163,205,15,0,1
164,207,163,206,0,0,1
164,208,163,207,16,15,6
164,209,163,208,16,0,1
164,210,163,209,16,0,1
164,211,163,210,19,16,6
164,212,163,211,24,23,6
164,213,163,212,22,19,6
164,214,163,213,16,16,6
164,215,163,214,20,19,6
164,216,163,215,18,17,6
164,217,163,216,16,0,1
164,218,163,217,22,21,6
164,219,163,218,21,20,6
164,220,163,219,21,18,6
164,221,163,220,24,21,6
164,222,163,221,25,22,6
164,223,163,222,20,19,6
164,224,163,223,15,0,1
164,225,163,228,0,0,1
164,226,163,225,18,18,6
164,227,163,226,17,15,6
164,228,163,227,16,0,1
164,229,163,224,19,18,6
164,230,163,229,15,15,6
164,231,163,230,0,0,1
164,232,163,231,0,0,1
164,233,163,232,0,0,1
164,234,163,233,0,0,1
164,235,163,234,0,0,1
164,236,163,235,0,0,1
164,237,163,236,0,0,1
164,238,163,237,0,0,1
164,239,163,238,0,0,1
164,240,163,239,0,0,1
164,241,163,240,0,0,1
164,242,163,241,0,0,1
164,243,163,242,0,0,1
165,166,164,165,48,48,6
165,167,164,166,44,44,6
165,168,164,167,42,42,6
165,169,164,168,38,38,6
165,170,164,169,41,41,6
165,171,164,170,36,36,6
165,172,164,171,30,30,6
165,173,164,172,31,29,6
165,174,164,173,32,29,6
165,175,164,174,26,26,6
165,176,164,175,30,29,6
165,177,164,176,26,25,6
165,178,164,177,29,28,6
165,179,164,178,26,24,6
165,180,164,179,25,22,6
165,181,164,180,27,27,3
165,182,164,181,25,22,6
165,183,164,182,25,22,6
165,184,164,183,25,23,6
165,185,164,184,26,22,6
165,186,164,185,27,25,6
165,187,164,186,26,22,6
165,188,164,187,27,22,6
165,189,164,188,24,24,3
165,190,164,189,24,20,6
165,191,164,190,20,17,6
165,192,164,191,19,18,7
165,193,164,192,21,18,6
165,194,164,193,21,19,6
165,195,164,194,25,21,6
165,196,164,195,20,20,3
165,197,164,196,22,22,3
165,198,164,197,22,18,6
165,199,164,198,21,19,6
165,200,164,199,23,22,6
165,201,164,200,19,16,6
165,202,164,201,23,17,6
165,203,164,202,19,16,7
165,204,164,203,22,22,3
165,205,164,204,16,16,7
165,206,164,205,15,0,1
165,207,164,206,20,17,3
165,208,164,207,20,20,3
165,209,164,208,19,15,6
165,210,164,209,20,20,3
165,211,164,210,23,23,3
165,212,164,211,26,26,3
165,213,164,212,25,25,3
165,214,164,213,21,17,6
165,215,164,214,19,18,6
165,216,164,215,18,17,7
165,217,164,216,19,16,6
165,218,164,217,24,24,3
165,219,164,218,23,21,6
165,220,164,219,26,21,6
165,221,164,220,28,24,6
165,222,164,221,27,24,6
165,223,164,222,26,24,6
165,224,164,223,22,19,6
165,225,164,228,18,16,6
165,226,164,225,21,19,6
165,227,164,226,19,18,6
165,228,164,227,21,19,6
165,229,164,224,23,19,6
165,230,164,229,25,20,6
165,231,164,230,18,17,6
165,232,164,231,15,0,1
165,233,164,232,15,0,1
165,234,164,233,17,16,6
165,235,164,234,0,0,1
165,236,164,235,17,0,1
165,237,164,236,17,0,1
165,238,164,237,16,0,1
165,239,164,238,16,16,3
165,240,164,239,0,0,1
165,241,164,240,0,0,1
165,242,164,241,0,0,1
165,243,164,242,0,0,1
166,167,165,166,47,47,6
166,168,165,167,42,42,6
166,169,165,168,39,39,6
166,170,165,169,37,37,6
166,171,165,170,38,38,6
166,172,165,171,32,32,6
166,173,165,172,33,32,6
166,174,165,173,33,33,6
166,175,165,174,25,25,6
166,176,165,175,28,28,6
166,177,165,176,26,24,6
166,178,165,177,29,26,6
166,179,165,178,25,25,6
166,180,165,179,25,24,6
166,181,165,180,25,24,6
166,182,165,181,23,22,6
166,183,165,182,21,17,6
166,184,165,183,25,23,6
166,185,165,184,24,19,6
166,186,165,185,28,27,6
166,187,165,186,26,25,6
166,188,165,187,25,24,6
166,189,165,188,22,20,7
166,190,165,189,21,21,6
166,191,165,190,21,20,6
166,192,165,191,20,18,6
166,193,165,192,20,17,6
166,194,165,193,20,18,6
166,195,165,194,24,20,6
166,196,165,195,20,18,6
166,197,165,196,22,20,6
166,198,165,197,21,20,6
166,199,165,198,22,21,6
166,200,165,199,25,24,6
166,201,165,200,20,19,6
166,202,165,201,24,22,6
166,203,165,202,18,17,3
166,204,165,203,20,20,3
166,205,165,204,16,0,1
166,206,165,205,16,0,1
166,207,165,206,18,0,1
166,208,165,207,19,19,3
166,209,165,208,19,18,3
166,210,165,209,18,17,3
166,211,165,210,19,19,3
166,212,165,211,24,24,3
166,213,165,212,22,18,6
166,214,165,213,20,17,6
166,215,165,214,19,19,3
166,216,165,215,19,17,7
166,217,165,216,17,0,1
166,218,165,217,21,19,6
166,219,165,218,21,18,6
166,220,165,219,21,21,3
166,221,165,220,25,20,6
166,222,165,221,24,22,6
166,223,165,222,24,23,6
166,224,165,223,17,17,3
166,225,165,228,17,15,6
166,226,165,225,21,19,6
166,227,165,226,19,18,6
166,228,165,227,21,19,6
166,229,165,224,21,18,6
166,230,165,229,22,19,6
166,231,165,230,15,15,6
166,232,165,231,0,0,1
166,233,165,232,0,0,1
166,234,165,233,18,17,6
166,235,165,234,0,0,1
166,236,165,235,0,0,1
166,237,165,236,0,0,1
166,238,165,237,15,15,3
166,239,165,238,16,15,3
166,240,165,239,0,0,1
166,241,165,240,0,0,1
166,242,165,241,0,0,1
166,243,165,242,0,0,1
167,168,166,167,50,50,6
167,169,166,168,48,48,6
167,170,166,169,45,45,6
167,171,166,170,44,43,6
167,172,166,171,39,39,6
167,173,166,172,36,36,6
167,174,166,173,38,38,6
167,175,166,174,32,31,6
167,176,166,175,34,32,6
167,177,166,176,34,33,6
167,178,166,177,35,33,6
167,179,166,178,29,27,6
167,180,166,179,29,29,6
167,181,166,180,28,28,6
167,182,166,181,25,22,6
167,183,166,182,24,22,6
167,184,166,183,26,25,6
167,185,166,184,26,22,6
167,186,166,185,30,29,6
167,187,166,186,27,27,3
167,188,166,187,26,23,6
167,189,166,188,26,24,6
167,190,166,189,24,24,6
167,191,166,190,23,19,6
167,192,166,191,24,22,6
167,193,166,192,25,23,6
167,194,166,193,23,21,6
167,195,166,194,24,23,6
167,196,166,195,20,19,6
167,197,166,196,22,19,6
167,198,166,197,20,19,6
167,199,166,198,22,20,6
167,200,166,199,25,24,6
167,201,166,200,20,18,6
167,202,166,201,23,21,6
167,203,166,202,18,15,6
167,204,166,203,19,19,3
167,205,166,204,0,0,1
167,206,166,205,15,0,1
167,207,166,206,15,0,1
167,208,166,207,17,17,7
167,209,166,208,16,15,6
167,210,166,209,16,15,6
167,211,166,210,21,21,6
167,212,166,211,24,22,6
167,213,166,212,22,19,6
167,214,166,213,21,19,6
167,215,166,214,23,22,6
167,216,166,215,23,22,6
167,217,166,216,20,18,6
167,218,166,217,22,19,6
167,219,166,218,21,20,6
167,220,166,219,23,22,6
167,221,166,220,25,24,6
167,222,166,221,24,23,6
167,223,166,222,24,23,6
167,224,166,223,19,17,6
167,225,166,228,18,15,6
167,226,166,225,23,23,6
167,227,166,226,23,22,6
167,228,166,227,23,21,6
167,229,166,224,24,23,6
167,230,166,229,23,20,6
167,231,166,230,20,19,6
167,232,166,231,16,15,6
167,233,166,232,17,16,6
167,234,166,233,20,20,6
167,235,166,234,19,19,6
167,236,166,235,18,18,6
167,237,166,236,18,17,6
167,238,166,237,17,17,6
167,239,166,238,15,0,1
167,240,166,239,0,0,1
167,241,166,240,18,16,6
167,242,166,241,0,0,1
167,243,166,242,17,16,6
168,169,167,168,52,52,6
168,170,167,169,49,49,6
168,171,167,170,47,46,6
168,172,167,171,41,40,6
168,173,167,172,41,40,6
168,174,167,173,42,41,6
168,175,167,174,35,34,6
168,176,167,175,32,31,6
168,177,167,176,30,30,6
168,178,167,177,36,34,6
168,179,167,178,30,29,6
168,180,167,179,32,30,6
168,181,167,180,30,28,6
168,182,167,181,29,28,6
168,183,167,182,26,22,6
168,184,167,183,29,27,6
168,185,167,184,26,25,6
168,186,167,185,31,31,3
168,187,167,186,26,24,6
168,188,167,187,27,26,6
168,189,167,188,27,25,6
168,190,167,189,26,25,6
168,191,167,190,22,21,6
168,192,167,191,25,23,6
168,193,167,192,24,20,6
168,194,167,193,25,22,6
168,195,167,194,25,23,6
168,196,167,195,23,19,6
168,197,167,196,22,21,6
168,198,167,197,23,21,6
168,199,167,198,20,20,6
168,200,167,199,25,23,6
168,201,167,200,21,20,6
168,202,167,201,22,22,6
168,203,167,202,20,17,6
168,204,167,203,19,19,3
168,205,167,204,0,0,1
168,206,167,205,20,17,6
168,207,167,206,17,0,1
168,208,167,207,19,16,6
168,209,167,208,21,21,3
168,210,167,209,17,17,3
168,211,167,210,24,21,6
168,212,167,211,25,22,6
168,213,167,212,26,23,6
168,214,167,213,24,22,6
168,215,167,214,20,19,6
168,216,167,215,22,21,6
168,217,167,216,20,20,6
168,218,167,217,24,23,6
168,219,167,218,27,26,6
168,220,167,219,27,24,6
168,221,167,220,25,24,6
168,222,167,221,25,22,6
168,223,167,222,27,26,6
168,224,167,223,18,17,6
168,225,167,228,0,0,1
168,226,167,225,22,21,6
168,227,167,226,19,19,6
168,228,167,227,17,17,6
168,229,167,224,22,21,6
168,230,167,229,18,18,6
168,231,167,230,17,16,6
168,232,167,231,0,0,1
168,233,167,232,0,0,1
168,234,167,233,18,18,6
168,235,167,234,15,15,6
168,236,167,235,0,0,1
168,237,167,236,16,0,1
168,238,167,237,0,0,1
168,239,167,238,0,0,1
168,240,167,239,0,0,1
168,241,167,240,17,0,1
168,242,167,241,0,0,1
168,243,167,242,0,0,1
169,170,168,169,48,48,6
169,171,168,170,48,48,6
169,172,168,171,43,43,6
169,173,168,172,43,43,6
169,174,168,173,45,43,6
169,175,168,174,36,33,6
169,176,168,175,34,31,6
169,177,168,176,31,31,6
169,178,168,177,37,36,6
169,179,168,178,30,27,7
169,180,168,179,28,28,6
169,181,168,180,25,25,6
169,182,168,181,27,26,6
169,183,168,182,25,24,6
169,184,168,183,28,27,6
169,185,168,184,26,21,6
169,186,168,185,30,27,6
169,187,168,186,25,24,6
169,188,168,187,27,24,6
169,189,168,188,28,26,6
169,190,168,189,25,24,6
169,191,168,190,24,22,6
169,192,168,191,25,21,6
169,193,168,192,22,21,6
169,194,168,193,24,21,6
169,195,168,194,24,24,6
169,196,168,195,0,0,1
169,197,168,196,21,21,6
169,198,168,197,21,19,6
169,199,168,198,19,17,6
169,200,168,199,25,23,6
169,201,168,200,21,19,6
169,202,168,201,24,23,6
169,203,168,202,15,15,6
169,204,168,203,17,15,6
169,205,168,204,15,0,1
169,206,168,205,20,18,6
169,207,168,206,17,16,6
169,208,168,207,19,18,6
169,209,168,208,19,18,6
169,210,168,209,18,18,3
169,211,168,210,23,23,6
169,212,168,211,25,22,6
169,213,168,212,25,23,6
169,214,168,213,24,23,6
169,215,168,214,23,20,6
169,216,168,215,24,21,6
169,217,168,216,19,17,6
169,218,168,217,23,21,6
169,219,168,218,21,21,6
169,220,168,219,24,22,6
169,221,168,220,24,23,6
169,222,168,221,24,24,6
169,223,168,222,29,29,6
169,224,168,223,20,20,6
169,225,168,228,16,16,6
169,226,168,225,23,21,6
169,227,168,226,20,20,6
169,228,168,227,18,17,6
169,229,168,224,23,23,6
169,230,168,229,21,20,6
169,231,168,230,17,16,6
169,232,168,231,16,0,1
169,233,168,232,16,0,1
169,234,168,233,19,16,6
169,235,168,234,15,15,6
169,236,168,235,0,0,1
169,237,168,236,17,0,1
169,238,168,237,0,0,1
169,239,168,238,0,0,1
169,240,168,239,0,0,1
169,241,168,240,17,15,3
169,242,168,241,0,0,1
169,243,168,242,16,0,1
170,171,169,170,50,49,6
170,172,169,171,45,44,6
170,173,169,172,45,45,6
170,174,169,173,47,45,6
170,175,169,174,38,38,6
170,176,169,175,38,35,6
170,177,169,176,34,32,6
170,178,169,177,39,38,6
170,179,169,178,31,31,6
170,180,169,179,30,27,6
170,181,169,180,29,28,6
170,182,169,181,29,29,6
170,183,169,182,28,27,6
170,184,169,183,30,29,6
170,185,169,184,0,0,1
170,186,169,185,32,29,6
170,187,169,186,26,23,6
170,188,169,187,30,29,6
170,189,169,188,30,28,6
170,190,169,189,25,24,6
170,191,169,190,26,23,6
170,192,169,191,0,0,1
170,193,169,192,26,24,6
170,194,169,193,28,26,6
170,195,169,194,30,28,6
170,196,169,195,26,24,6
170,197,169,196,27,25,6
170,198,169,197,25,25,6
170,199,169,198,24,22,6
170,200,169,199,26,25,6
170,201,169,200,22,20,6
170,202,169,201,24,22,6
170,203,169,202,19,19,3
170,204,169,203,23,23,3
170,205,169,204,16,16,3
170,206,169,205,21,18,6
170,207,169,206,21,18,6
170,208,169,207,25,24,3
170,209,169,208,25,25,3
170,210,169,209,19,19,3
170,211,169,210,25,25,3
170,212,169,211,27,24,6
170,213,169,212,29,25,6
170,214,169,213,25,21,6
170,215,169,214,24,22,6
170,216,169,215,25,23,6
170,217,169,216,23,21,6
170,218,169,217,26,24,6
170,219,169,218,29,28,6
170,220,169,219,30,25,6
170,221,169,220,29,27,6
170,222,169,221,29,26,6
170,223,169,222,30,28,6
170,224,169,223,22,21,6
170,225,169,228,18,16,6
170,226,169,225,24,23,6
170,227,169,226,22,22,6
170,228,169,227,23,20,6
170,229,169,224,25,23,6
170,230,169,229,24,24,6
170,231,169,230,20,19,6
170,232,169,231,19,19,6
170,233,169,232,19,17,6
170,234,169,233,21,19,6
170,235,169,234,20,19,6
170,236,169,235,15,0,1
170,237,169,236,20,17,6
170,238,169,237,20,17,6
170,239,169,238,18,17,3
170,240,169,239,0,0,1
170,241,169,240,18,16,6
170,242,169,241,0,0,1
170,243,169,242,15,0,1
171,172,170,171,44,44,6
171,173,170,172,38,37,6
171,174,170,173,41,40,6
171,175,170,174,35,34,6
171,176,170,175,34,31,6
171,177,170,176,34,34,6
171,178,170,177,35,33,6
171,179,170,178,28,28,6
171,180,170,179,25,24,6
171,181,170,180,26,22,6
171,182,170,181,25,24,6
171,183,170,182,26,24,6
171,184,170,183,28,27,6
171,185,170,184,27,25,6
171,186,170,185,26,26,6
171,187,170,186,23,23,6
171,188,170,187,23,23,6
171,189,170,188,25,24,6
171,190,170,189,24,24,6
171,191,170,190,24,22,6
171,192,170,191,27,23,6
171,193,170,192,22,20,6
171,194,170,193,25,23,6
171,195,170,194,27,24,6
171,196,170,195,26,24,6
171,197,170,196,23,22,6
171,198,170,197,24,21,6
171,199,170,198,20,19,6
171,200,170,199,25,22,6
171,201,170,200,21,18,6
171,202,170,201,23,20,6
171,203,170,202,17,17,3
171,204,170,203,21,19,6
171,205,170,204,17,17,3
171,206,170,205,20,17,6
171,207,170,206,18,18,3
171,208,170,207,23,23,3
171,209,170,208,24,19,6
171,210,170,209,21,21,3
171,211,170,210,25,23,6
171,212,170,211,27,22,6
171,213,170,212,28,23,6
171,214,170,213,24,21,6
171,215,170,214,24,22,6
171,216,170,215,23,20,6
171,217,170,216,22,21,6
171,218,170,217,24,22,6
171,219,170,218,25,23,6
171,220,170,219,25,22,6
171,221,170,220,27,25,6
171,222,170,221,28,26,6
171,223,170,222,27,25,6
171,224,170,223,21,17,6
171,225,170,228,0,0,1
171,226,170,225,23,21,6
171,227,170,226,19,19,6
171,228,170,227,21,19,6
171,229,170,224,24,20,6
171,230,170,229,21,20,6
171,231,170,230,19,18,6
171,232,170,231,17,17,6
171,233,170,232,16,15,6
171,234,170,233,19,18,6
171,235,170,234,18,17,6
171,236,170,235,15,0,1
171,237,170,236,19,15,6
171,238,170,237,16,0,1
171,239,170,238,0,0,1
171,240,170,239,0,0,1
171,241,170,240,16,15,3
171,242,170,241,0,0,1
171,243,170,242,0,0,1
172,173,171,172,44,44,6
172,174,171,173,48,47,6
172,175,171,174,38,37,6
172,176,171,175,42,40,6
172,177,171,176,34,34,6
172,178,171,177,40,39,6
172,179,171,178,31,31,7
172,180,171,179,31,29,6
172,181,171,180,28,26,6
172,182,171,181,28,27,6
172,183,171,182,30,27,6
172,184,171,183,32,29,6
172,185,171,184,32,28,6
172,186,171,185,32,31,6
172,187,171,186,29,28,6
172,188,171,187,26,25,6
172,189,171,188,29,25,6
172,190,171,189,28,27,6
172,191,171,190,28,26,6
172,192,171,191,30,25,6
172,193,171,192,27,24,6
172,194,171,193,32,29,6
172,195,171,194,33,31,6
172,196,171,195,32,28,6
172,197,171,196,29,26,6
172,198,171,197,31,29,6
172,199,171,198,29,25,6
172,200,171,199,30,26,6
172,201,171,200,27,26,6
172,202,171,201,26,25,6
172,203,171,202,23,20,6
172,204,171,203,24,23,6
172,205,171,204,18,16,6
172,206,171,205,24,21,6
172,207,171,206,21,19,6
172,208,171,207,26,22,6
172,209,171,208,29,26,6
172,210,171,209,29,29,3
172,211,171,210,31,28,6
172,212,171,211,30,29,6
172,213,171,212,32,30,6
172,214,171,213,28,26,6
172,215,171,214,27,25,6
172,216,171,215,27,26,6
172,217,171,216,25,23,6
172,218,171,217,30,27,6
172,219,171,218,33,33,6
172,220,171,219,33,29,6
172,221,171,220,31,30,6
172,222,171,221,32,28,6
172,223,171,222,29,28,6
172,224,171,223,23,23,6
172,225,171,228,0,0,1
172,226,171,225,25,24,6
172,227,171,226,22,21,6
172,228,171,227,19,19,6
172,229,171,224,25,23,6
172,230,171,229,21,20,6
172,231,171,230,21,20,6
172,232,171,231,18,18,6
172,233,171,232,16,16,6
172,234,171,233,22,20,6
172,235,171,234,16,16,6
172,236,171,235,17,16,6
172,237,171,236,18,15,6
172,238,171,237,17,15,6
172,239,171,238,15,0,1
172,240,171,239,0,0,1
172,241,171,240,20,18,6
172,242,171,241,0,0,1
172,243,171,242,0,0,1
173,174,172,173,60,60,6
173,175,172,174,43,42,6
173,176,172,175,39,37,6
173,177,172,176,39,39,6
173,178,172,177,39,38,6
173,179,172,178,40,39,7
173,180,172,179,36,36,6
173,181,172,180,34,33,6
173,182,172,181,36,34,6
173,183,172,182,33,32,7
173,184,172,183,36,35,7
173,185,172,184,33,32,7
173,186,172,185,35,33,6
173,187,172,186,34,33,6
173,188,172,187,33,31,6
173,189,172,188,32,30,6
173,190,172,189,32,31,6
173,191,172,190,31,26,6
173,192,172,191,32,31,6
173,193,172,192,32,29,6
173,194,172,193,33,30,6
173,195,172,194,33,31,6
173,196,172,195,30,29,6
173,197,172,196,26,25,7
173,198,172,197,27,26,6
173,199,172,198,29,27,6
173,200,172,199,31,30,6
173,201,172,200,27,26,6
173,202,172,201,28,28,7
173,203,172,202,24,23,6
173,204,172,203,25,24,6
173,205,172,204,18,17,7
173,206,172,205,24,23,6
173,207,172,206,21,19,6
173,208,172,207,29,27,6
173,209,172,208,25,23,6
173,210,172,209,24,22,6
173,211,172,210,29,29,6
173,212,172,211,31,30,6
173,213,172,212,30,29,6
173,214,172,213,27,27,6
173,215,172,214,27,26,6
173,216,172,215,31,30,6
173,217,172,216,29,27,6
173,218,172,217,32,30,6
173,219,172,218,36,34,6
173,220,172,219,34,32,6
173,221,172,220,32,31,6
173,222,172,221,33,31,6
173,223,172,222,31,30,6
173,224,172,223,24,22,6
173,225,172,228,17,16,6
173,226,172,225,26,24,6
173,227,172,226,22,22,6
173,228,172,227,17,17,6
173,229,172,224,27,27,6
173,230,172,229,23,23,6
173,231,172,230,25,24,6
173,232,172,231,23,22,6
173,233,172,232,19,19,6
173,234,172,233,27,27,6
173,235,172,234,19,19,6
173,236,172,235,17,17,6
173,237,172,236,18,17,6
173,238,172,237,17,17,6
173,239,172,238,15,15,6
173,240,172,239,0,0,1
173,241,172,240,17,17,6
173,242,172,241,0,0,1
173,243,172,242,15,15,6
174,175,173,174,46,46,6
174,176,173,175,45,42,6
174,177,173,176,42,42,6
174,178,173,177,45,44,6
174,179,173,178,42,41,7
174,180,173,179,40,37,6
174,181,173,180,35,33,6
174,182,173,181,36,34,6
174,183,173,182,35,32,6
174,184,173,183,37,35,7
174,185,173,184,36,33,6
174,186,173,185,37,37,6
174,187,173,186,37,34,6
174,188,173,187,34,31,6
174,189,173,188,34,32,6
174,190,173,189,35,34,6
174,191,173,190,37,36,6
174,192,173,191,38,37,6
174,193,173,192,34,32,6
174,194,173,193,37,36,6
174,195,173,194,40,39,6
174,196,173,195,34,33,6
174,197,173,196,33,32,6
174,198,173,197,32,31,6
174,199,173,198,32,31,6
174,200,173,199,35,33,6
174,201,173,200,32,30,6
174,202,173,201,32,30,6
174,203,173,202,26,26,6
174,204,173,203,24,22,6
174,205,173,204,20,20,6
174,206,173,205,25,24,6
174,207,173,206,26,25,6
174,208,173,207,32,30,6
174,209,173,208,29,26,6
174,210,173,209,29,26,6
174,211,173,210,31,28,6
174,212,173,211,33,30,6
174,213,173,212,31,31,6
174,214,173,213,28,27,6
174,215,173,214,29,27,6
174,216,173,215,31,30,6
174,217,173,216,30,26,6
174,218,173,217,32,28,6
174,219,173,218,38,35,6
174,220,173,219,35,33,6
174,221,173,220,35,34,6
174,222,173,221,37,36,6
174,223,173,222,33,32,6
174,224,173,223,26,24,6
174,225,173,228,17,16,6
174,226,173,225,28,26,6
174,227,173,226,23,23,6
174,228,173,227,21,21,6
174,229,173,224,28,28,6
174,230,173,229,25,25,6
174,231,173,230,26,26,6
174,232,173,231,24,24,6
174,233,173,232,22,21,6
174,234,173,233,26,26,6
174,235,173,234,22,21,6
174,236,173,235,20,19,6
174,237,173,236,19,17,6
174,238,173,237,18,17,6
174,239,173,238,16,15,6
174,240,173,239,0,0,1
174,241,173,240,19,17,6
174,242,173,241,0,0,1
174,243,173,242,0,0,1
175,176,174,175,47,44,6
175,177,174,176,45,45,6
175,178,174,177,44,44,6
175,179,174,178,36,36,6
175,180,174,179,41,40,6
175,181,174,180,34,34,6
175,182,174,181,33,32,6
175,183,174,182,32,30,6
175,184,174,183,34,33,6
175,185,174,184,34,33,6
175,186,174,185,38,38,6
175,187,174,186,36,35,6
175,188,174,187,33,32,6
175,189,174,188,35,35,6
175,190,174,189,37,35,6
175,191,174,190,35,33,6
175,192,174,191,37,35,6
175,193,174,192,34,33,6
175,194,174,193,37,34,6
175,195,174,194,37,36,6
175,196,174,195,32,31,6
175,197,174,196,31,30,6
175,198,174,197,32,31,6
175,199,174,198,32,32,6
175,200,174,199,36,35,6
175,201,174,200,30,30,6
175,202,174,201,28,26,6
175,203,174,202,23,22,6
175,204,174,203,24,24,6
175,205,174,204,18,18,6
175,206,174,205,23,22,6
175,207,174,206,19,18,6
175,208,174,207,24,22,6
175,209,174,208,23,22,6
175,210,174,209,21,21,6
175,211,174,210,25,25,6
175,212,174,211,30,29,6
175,213,174,212,27,26,6
175,214,174,213,27,25,6
175,215,174,214,28,27,6
175,216,174,215,27,25,6
175,217,174,216,24,21,6
175,218,174,217,27,25,6
175,219,174,218,31,30,6
175,220,174,219,30,27,6
175,221,174,220,28,28,6
175,222,174,221,30,29,6
175,223,174,222,30,29,6
175,224,174,223,18,18,6
175,225,174,228,0,0,1
175,226,174,225,27,25,6
175,227,174,226,20,20,6
175,228,174,227,17,17,6
175,229,174,224,28,27,6
175,230,174,229,21,21,6
175,231,174,230,22,22,6
175,232,174,231,19,19,6
175,233,174,232,19,18,6
175,234,174,233,24,24,6
175,235,174,234,18,18,6
175,236,174,235,16,16,6
175,237,174,236,15,0,1
175,238,174,237,16,16,6
175,239,174,238,0,0,1
175,240,174,239,0,0,1
175,241,174,240,17,16,6
175,242,174,241,0,0,1
175,243,174,242,0,0,1
176,177,175,176,47,45,6
176,178,175,177,49,45,6
176,179,175,178,43,42,6
176,180,175,179,45,44,6
176,181,175,180,41,39,6
176,182,175,181,41,38,6
176,183,175,182,42,38,6
176,184,175,183,42,39,6
176,185,175,184,41,39,6
176,186,175,185,43,42,6
176,187,175,186,41,39,6
176,188,175,187,38,37,6
176,189,175,188,40,40,6
176,190,175,189,42,39,6
176,191,175,190,42,40,6
176,192,175,191,42,40,6
176,193,175,192,40,39,6
176,194,175,193,42,39,6
176,195,175,194,41,38,6
176,196,175,195,40,38,6
176,197,175,196,38,33,6
176,198,175,197,38,36,6
176,199,175,198,41,38,6
176,200,175,199,42,40,6
176,201,175,200,33,31,6
176,202,175,201,33,33,6
176,203,175,202,29,25,6
176,204,175,203,28,25,6
176,205,175,204,24,22,6
176,206,175,205,29,26,6
176,207,175,206,24,23,6
176,208,175,207,28,25,6
176,209,175,208,27,26,6
176,210,175,209,25,22,6
176,211,175,210,34,32,6
176,212,175,211,34,32,6
176,213,175,212,33,31,6
176,214,175,213,30,27,6
176,215,175,214,31,29,6
176,216,175,215,29,28,6
176,217,175,216,27,26,6
176,218,175,217,31,28,6
176,219,175,218,33,32,6
176,220,175,219,33,31,6
176,221,175,220,31,28,6
176,222,175,221,30,26,6
176,223,175,222,30,30,6
176,224,175,223,26,23,6
176,225,175,228,20,19,6
176,226,175,225,27,26,6
176,227,175,226,22,21,6
176,228,175,227,19,19,6
176,229,175,224,28,28,6
176,230,175,229,22,22,6
176,231,175,230,22,21,6
176,232,175,231,20,20,6
176,233,175,232,19,18,6
176,234,175,233,24,23,6
176,235,175,234,19,18,6
176,236,175,235,18,17,6
176,237,175,236,16,0,1
176,238,175,237,16,15,6
176,239,175,238,18,0,1
176,240,175,239,0,0,1
176,241,175,240,16,15,6
176,242,175,241,15,0,1
176,243,175,242,16,16,6
177,178,176,177,54,54,6
177,179,176,178,42,41,6
177,180,176,179,44,44,6
177,181,176,180,40,38,6
177,182,176,181,39,38,6
177,183,176,182,41,38,6
177,184,176,183,40,38,6
177,185,176,184,39,39,6
177,186,176,185,45,43,6
177,187,176,186,42,41,6
177,188,176,187,37,36,6
177,189,176,188,42,42,6
177,190,176,189,40,38,6
177,191,176,190,39,37,6
177,192,176,191,37,36,6
177,193,176,192,39,38,6
177,194,176,193,39,36,6
177,195,176,194,38,35,6
177,196,176,195,37,35,6
177,197,176,196,34,32,6
177,198,176,197,35,32,6
177,199,176,198,24,24,6
177,200,176,199,0,0,1
177,201,176,200,33,32,6
177,202,176,201,31,30,6
177,203,176,202,25,24,6
177,204,176,203,25,25,6
177,205,176,204,19,19,6
177,206,176,205,25,25,6
177,207,176,206,23,22,6
177,208,176,207,28,28,6
177,209,176,208,26,25,6
177,210,176,209,24,23,6
177,211,176,210,30,29,6
177,212,176,211,34,33,6
177,213,176,212,32,31,6
177,214,176,213,26,26,6
177,215,176,214,26,26,6
177,216,176,215,25,25,6
177,217,176,216,26,25,6
177,218,176,217,29,28,6
177,219,176,218,30,29,6
177,220,176,219,30,27,6
177,221,176,220,33,32,6
177,222,176,221,33,31,6
177,223,176,222,30,30,6
177,224,176,223,25,24,6
177,225,176,228,20,18,6
177,226,176,225,28,27,6
177,227,176,226,22,21,6
177,228,176,227,21,20,6
177,229,176,224,30,29,6
177,230,176,229,20,19,6
177,231,176,230,20,19,6
177,232,176,231,18,18,6
177,233,176,232,17,17,6
177,234,176,233,26,25,6
177,235,176,234,18,18,6
177,236,176,235,19,18,6
177,237,176,236,17,15,6
177,238,176,237,20,19,6
177,239,176,238,0,0,1
177,240,176,239,0,0,1
177,241,176,240,20,20,6
177,242,176,241,16,0,1
177,243,176,242,16,15,6
178,179,177,178,44,43,6
178,180,177,179,49,48,6
178,181,177,180,45,45,6
178,182,177,181,45,44,6
178,183,177,182,45,42,6
178,184,177,183,45,42,6
178,185,177,184,45,42,6
178,186,177,185,52,48,6
178,187,177,186,44,43,6
178,188,177,187,40,37,6
178,189,177,188,46,44,6
178,190,177,189,43,39,6
178,191,177,190,36,36,6
178,192,177,191,40,39,6
178,193,177,192,38,35,6
178,194,177,193,38,38,6
178,195,177,194,39,38,6
178,196,177,195,38,36,6
178,197,177,196,35,34,6
178,198,177,197,34,32,6
178,199,177,198,36,35,6
178,200,177,199,39,38,6
178,201,177,200,34,33,6
178,202,177,201,31,30,6
178,203,177,202,28,27,6
178,204,177,203,28,27,6
178,205,177,204,19,19,6
178,206,177,205,27,27,6
178,207,177,206,23,22,6
178,208,177,207,28,28,6
178,209,177,208,28,25,6
178,210,177,209,27,26,6
178,211,177,210,31,31,6
178,212,177,211,36,33,6
178,213,177,212,33,30,6
178,214,177,213,28,27,6
178,215,177,214,29,29,6
178,216,177,215,30,29,6
178,217,177,216,26,23,6
178,218,177,217,27,27,6
178,219,177,218,31,30,6
178,220,177,219,31,31,6
178,221,177,220,31,29,6
178,222,177,221,32,30,6
178,223,177,222,31,30,6
178,224,177,223,24,23,6
178,225,177,228,16,15,6
178,226,177,225,28,26,6
178,227,177,226,22,21,6
178,228,177,227,17,17,6
178,229,177,224,27,26,6
178,230,177,229,20,18,6
178,231,177,230,22,20,6
178,232,177,231,20,20,6
178,233,177,232,19,19,6
178,234,177,233,28,28,6
178,235,177,234,19,19,6
178,236,177,235,18,17,6
178,237,177,236,17,17,6
178,238,177,237,18,18,6
178,239,177,238,15,0,1
178,240,177,239,0,0,1
178,241,177,240,19,19,6
178,242,177,241,15,0,1
178,243,177,242,15,0,1
179,180,178,179,51,49,6
179,181,178,180,45,45,6
179,182,178,181,46,46,6
179,183,178,182,50,50,6
179,184,178,183,50,50,6
179,185,178,184,43,41,6
179,186,178,185,50,47,6
179,187,178,186,45,42,6
179,188,178,187,44,42,6
179,189,178,188,45,41,6
179,190,178,189,43,40,6
179,191,178,190,40,39,6
179,192,178,191,42,40,6
179,193,178,192,38,36,6
179,194,178,193,42,39,6
179,195,178,194,42,41,6
179,196,178,195,43,41,6
179,197,178,196,39,37,6
179,198,178,197,39,37,6
179,199,178,198,42,40,6
179,200,178,199,41,39,6
179,201,178,200,34,33,6
179,202,178,201,37,35,6
179,203,178,202,29,28,6
179,204,178,203,25,24,6
179,205,178,204,20,19,6
179,206,178,205,24,23,6
179,207,178,206,24,24,6
179,208,178,207,30,30,6
179,209,178,208,29,28,6
179,210,178,209,27,26,6
179,211,178,210,32,32,6
179,212,178,211,38,36,6
179,213,178,212,36,35,6
179,214,178,213,32,31,6
179,215,178,214,32,31,6
179,216,178,215,31,29,6
179,217,178,216,33,33,6
179,218,178,217,30,30,6
179,219,178,218,34,33,6
179,220,178,219,31,30,6
179,221,178,220,31,30,6
179,222,178,221,30,30,6
179,223,178,222,31,31,6
179,224,178,223,24,23,6
179,225,178,228,21,21,6
179,226,178,225,22,21,6
179,227,178,226,22,22,6
179,228,178,227,18,17,6
179,229,178,224,24,23,6
179,230,178,229,19,18,6
179,231,178,230,25,24,6
179,232,178,231,22,22,6
179,233,178,232,23,22,6
179,234,178,233,29,29,6
179,235,178,234,20,19,6
179,236,178,235,18,17,6
179,237,178,236,15,15,6
179,238,178,237,0,0,1
179,239,178,238,0,0,1
179,240,178,239,0,0,1
179,241,178,240,17,17,6
179,242,178,241,0,0,1
179,243,178,242,16,16,6
180,181,179,180,53,53,6
180,182,179,181,51,50,6
180,183,179,182,48,47,6
180,184,179,183,49,48,6
180,185,179,184,49,45,6
180,186,179,185,56,49,6
180,187,179,186,47,46,6
180,188,179,187,45,43,6
180,189,179,188,49,46,6
180,190,179,189,45,42,6
180,191,179,190,41,38,6
180,192,179,191,44,43,6
180,193,179,192,43,42,6
180,194,179,193,44,42,6
180,195,179,194,43,42,6
180,196,179,195,40,36,6
180,197,179,196,38,36,6
180,198,179,197,35,33,6
180,199,179,198,40,37,6
180,200,179,199,43,38,6
180,201,179,200,35,33,6
180,202,179,201,35,33,6
180,203,179,202,29,29,6
180,204,179,203,29,29,6
180,205,179,204,22,21,6
180,206,179,205,27,26,6
180,207,179,206,23,23,6
180,208,179,207,29,28,6
180,209,179,208,29,28,6
180,210,179,209,27,26,6
180,211,179,210,30,30,6
180,212,179,211,32,31,6
180,213,179,212,32,31,6
180,214,179,213,31,29,6
180,215,179,214,29,28,6
180,216,179,215,30,28,6
180,217,179,216,30,29,6
180,218,179,217,29,29,6
180,219,179,218,32,32,6
180,220,179,219,30,28,6
180,221,179,220,31,30,6
180,222,179,221,29,29,6
180,223,179,222,30,30,6
180,224,179,223,26,25,6
180,225,179,228,17,17,6
180,226,179,225,22,21,6
180,227,179,226,23,21,6
180,228,179,227,19,18,6
180,229,179,224,25,25,6
180,230,179,229,17,16,6
180,231,179,230,19,19,6
180,232,179,231,20,20,6
180,233,179,232,20,20,6
180,234,179,233,27,26,6
180,235,179,234,16,16,6
180,236,179,235,18,16,6
180,237,179,236,0,0,1
180,238,179,237,0,0,1
180,239,179,238,0,0,1
180,240,179,239,0,0,1
180,241,179,240,15,15,6
180,242,179,241,0,0,1
180,243,179,242,16,16,6
181,182,180,181,54,54,6
181,183,180,182,48,47,6
181,184,180,183,48,47,6
181,185,180,184,47,46,6
181,186,180,185,51,49,6
181,187,180,186,44,43,6
181,188,180,187,42,40,6
181,189,180,188,47,46,6
181,190,180,189,0,0,1
181,191,180,190,38,37,6
181,192,180,191,23,23,6
181,193,180,192,0,0,1
181,194,180,193,38,38,6
181,195,180,194,40,39,6
181,196,180,195,37,35,6
181,197,180,196,37,36,6
181,198,180,197,34,32,6
181,199,180,198,35,34,6
181,200,180,199,39,37,6
181,201,180,200,33,30,6
181,202,180,201,38,35,6
181,203,180,202,27,24,6
181,204,180,203,27,27,6
181,205,180,204,18,18,6
181,206,180,205,23,23,6
181,207,180,206,22,22,6
181,208,180,207,26,25,6
181,209,180,208,26,25,6
181,210,180,209,26,25,6
181,211,180,210,25,25,6
181,212,180,211,32,31,6
181,213,180,212,31,30,6
181,214,180,213,28,27,6
181,215,180,214,25,24,6
181,216,180,215,27,26,6
181,217,180,216,27,26,6
181,218,180,217,26,26,6
181,219,180,218,29,29,6
181,220,180,219,25,25,6
181,221,180,220,27,26,6
181,222,180,221,25,25,6
181,223,180,222,26,25,6
181,224,180,223,20,19,6
181,225,180,228,15,0,1
181,226,180,225,21,20,6
181,227,180,226,18,18,6
181,228,180,227,16,15,6
181,229,180,224,21,21,6
181,230,180,229,0,0,1
181,231,180,230,17,16,6
181,232,180,231,17,17,6
181,233,180,232,15,0,1
181,234,180,233,23,23,6
181,235,180,234,0,0,1
181,236,180,235,16,0,1
181,237,180,236,0,0,1
181,238,180,237,0,0,1
181,239,180,238,0,0,1
181,240,180,239,0,0,1
181,241,180,240,16,0,1
181,242,180,241,0,0,1
181,243,180,242,0,0,1
182,183,181,182,54,54,6
182,184,181,183,52,52,6
182,185,181,184,49,49,6
182,186,181,185,55,54,6
182,187,181,186,49,48,6
182,188,181,187,43,41,6
182,189,181,188,48,47,6
182,190,181,189,42,40,6
182,191,181,190,37,36,6
182,192,181,191,41,39,6
182,193,181,192,39,36,6
182,194,181,193,39,36,6
182,195,181,194,40,39,6
182,196,181,195,40,38,6
182,197,181,196,37,35,6
182,198,181,197,37,34,6
182,199,181,198,43,41,6
182,200,181,199,40,38,6
182,201,181,200,35,33,6
182,202,181,201,35,33,6
182,203,181,202,31,28,6
182,204,181,203,31,30,6
182,205,181,204,21,21,6
182,206,181,205,27,26,6
182,207,181,206,24,24,6
182,208,181,207,31,30,6
182,209,181,208,28,27,6
182,210,181,209,26,26,6
182,211,181,210,29,28,6
182,212,181,211,31,29,6
182,213,181,212,35,33,6
182,214,181,213,29,26,6
182,215,181,214,26,25,6
182,216,181,215,29,28,6
182,217,181,216,30,29,6
182,218,181,217,30,30,6
182,219,181,218,31,31,6
182,220,181,219,33,33,6
182,221,181,220,32,32,6
182,222,181,221,15,0,1
182,223,181,222,32,32,6
182,224,181,223,26,24,6
182,225,181,228,21,19,6
182,226,181,225,27,26,6
182,227,181,226,21,21,6
182,228,181,227,21,21,6
182,229,181,224,26,25,6
182,230,181,229,21,20,6
182,231,181,230,23,22,6
182,232,181,231,21,21,6
182,233,181,232,21,20,6
182,234,181,233,28,27,6
182,235,181,234,18,18,6
182,236,181,235,24,21,6
182,237,181,236,16,16,6
182,238,181,237,16,16,6
182,239,181,238,15,15,6
182,240,181,239,0,0,1
182,241,181,240,19,19,6
182,242,181,241,16,16,6
182,243,181,242,16,16,6
183,184,182,183,56,56,6
183,185,182,184,48,47,6
183,186,182,185,54,53,6
183,187,182,186,47,45,6
183,188,182,187,41,39,6
183,189,182,188,49,46,6
183,190,182,189,44,41,6
183,191,182,190,39,37,6
183,192,182,191,39,38,6
183,193,182,192,39,37,6
183,194,182,193,38,35,6
183,195,182,194,40,39,6
183,196,182,195,39,38,6
183,197,182,196,37,36,6
183,198,182,197,35,32,6
183,199,182,198,40,39,6
183,200,182,199,37,36,6
183,201,182,200,31,31,6
183,202,182,201,35,32,6
183,203,182,202,27,26,6
183,204,182,203,29,29,6
183,205,182,204,22,22,6
183,206,182,205,28,27,6
183,207,182,206,26,26,6
183,208,182,207,29,29,6
183,209,182,208,33,33,6
183,210,182,209,30,29,6
183,211,182,210,28,28,6
183,212,182,211,34,32,6
183,213,182,212,35,34,6
183,214,182,213,29,28,6
183,215,182,214,25,25,6
183,216,182,215,28,27,6
183,217,182,216,30,30,6
183,218,182,217,29,29,6
183,219,182,218,32,31,6
183,220,182,219,32,31,6
183,221,182,220,27,27,6
183,222,182,221,16,15,6
183,223,182,222,26,25,6
183,224,182,223,24,23,6
183,225,182,228,20,19,6
183,226,182,225,28,26,6
183,227,182,226,21,21,6
183,228,182,227,18,17,6
183,229,182,224,25,25,6
183,230,182,229,18,16,6
183,231,182,230,22,20,6
183,232,182,231,19,18,6
183,233,182,232,19,17,6
183,234,182,233,26,25,6
183,235,182,234,19,18,6
183,236,182,235,20,18,6
183,237,182,236,15,15,6
183,238,182,237,0,0,1
183,239,182,238,0,0,1
183,240,182,239,0,0,1
183,241,182,240,15,15,6
183,242,182,241,0,0,1
183,243,182,242,0,0,1
184,185,183,184,53,52,6
184,186,183,185,58,58,6
184,187,183,186,47,46,6
184,188,183,187,48,47,6
184,189,183,188,50,47,6
184,190,183,189,47,44,6
184,191,183,190,45,41,6
184,192,183,191,43,43,6
184,193,183,192,42,40,6
184,194,183,193,39,39,6
184,195,183,194,47,46,6
184,196,183,195,42,41,6
184,197,183,196,43,40,6
184,198,183,197,43,42,6
184,199,183,198,45,42,6
184,200,183,199,43,41,6
184,201,183,200,34,33,6
184,202,183,201,39,38,6
184,203,183,202,32,31,6
184,204,183,203,32,30,6
184,205,183,204,25,24,6
184,206,183,205,31,31,6
184,207,183,206,27,26,6
184,208,183,207,36,35,6
184,209,183,208,34,34,6
184,210,183,209,30,30,6
184,211,183,210,31,31,6
184,212,183,211,37,34,6
184,213,183,212,40,38,6
184,214,183,213,32,31,6
184,215,183,214,28,28,6
184,216,183,215,33,32,6
184,217,183,216,35,33,6
184,218,183,217,35,34,6
184,219,183,218,38,38,6
184,220,183,219,36,34,6
184,221,183,220,33,31,6
184,222,183,221,31,30,6
184,223,183,222,30,30,6
184,224,183,223,24,24,6
184,225,183,228,21,20,6
184,226,183,225,26,24,6
184,227,183,226,24,20,6
184,228,183,227,18,17,6
184,229,183,224,26,24,6
184,230,183,229,22,20,6
184,231,183,230,25,24,6
184,232,183,231,24,22,6
184,233,183,232,23,21,6
184,234,183,233,30,28,6
184,235,183,234,22,20,6
184,236,183,235,21,19,6
184,237,183,236,19,19,6
184,238,183,237,15,15,6
184,239,183,238,15,0,1
184,240,183,239,16,15,6
184,241,183,240,22,20,6
184,242,183,241,15,15,6
184,243,183,242,16,15,6
185,186,184,185,56,53,6
185,187,184,186,50,49,6
185,188,184,187,49,48,6
185,189,184,188,53,51,6
185,190,184,189,47,45,6
185,191,184,190,44,42,6
185,192,184,191,42,40,6
185,193,184,192,43,41,6
185,194,184,193,42,40,6
185,195,184,194,47,45,6
185,196,184,195,40,39,6
185,197,184,196,41,40,6
185,198,184,197,37,35,6
185,199,184,198,43,41,6
185,200,184,199,42,40,6
185,201,184,200,37,37,6
185,202,184,201,40,39,6
185,203,184,202,31,29,6
185,204,184,203,30,29,6
185,205,184,204,21,21,6
185,206,184,205,28,28,6
185,207,184,206,26,26,6
185,208,184,207,34,33,6
185,209,184,208,30,29,6
185,210,184,209,27,26,6
185,211,184,210,31,29,6
185,212,184,211,35,34,6
185,213,184,212,33,31,6
185,214,184,213,31,30,6
185,215,184,214,24,24,6
185,216,184,215,31,29,6
185,217,184,216,29,28,6
185,218,184,217,31,29,6
185,219,184,218,35,33,6
185,220,184,219,34,31,6
185,221,184,220,32,31,6
185,222,184,221,31,29,6
185,223,184,222,32,29,6
185,224,184,223,24,22,6
185,225,184,228,16,15,6
185,226,184,225,0,0,1
185,227,184,226,21,21,6
185,228,184,227,21,20,6
185,229,184,224,28,24,6
185,230,184,229,18,18,6
185,231,184,230,21,20,6
185,232,184,231,21,20,6
185,233,184,232,20,19,6
185,234,184,233,27,24,6
185,235,184,234,20,18,6
185,236,184,235,21,19,6
185,237,184,236,17,17,6
185,238,184,237,18,17,6
185,239,184,238,15,15,6
185,240,184,239,0,0,1
185,241,184,240,18,18,6
185,242,184,241,16,15,6
185,243,184,242,16,15,6
186,187,185,186,59,57,6
186,188,185,187,58,57,6
186,189,185,188,61,61,6
186,190,185,189,56,55,6
186,191,185,190,50,50,6
186,192,185,191,50,49,6
186,193,185,192,47,47,6
186,194,185,193,48,45,6
186,195,185,194,53,48,6
186,196,185,195,49,49,6
186,197,185,196,49,48,6
186,198,185,197,47,44,6
186,199,185,198,52,51,6
186,200,185,199,51,49,6
186,201,185,200,42,39,6
186,202,185,201,44,41,6
186,203,185,202,40,37,6
186,204,185,203,38,37,6
186,205,185,204,28,26,6
186,206,185,205,35,32,6
186,207,185,206,28,28,6
186,208,185,207,36,36,6
186,209,185,208,36,34,6
186,210,185,209,31,31,6
186,211,185,210,37,34,6
186,212,185,211,38,36,6
186,213,185,212,38,37,6
186,214,185,213,35,34,6
186,215,185,214,31,31,6
186,216,185,215,33,31,6
186,217,185,216,35,35,6
186,218,185,217,38,36,6
186,219,185,218,39,38,6
186,220,185,219,34,33,6
186,221,185,220,34,34,6
186,222,185,221,31,30,6
186,223,185,222,36,34,6
186,224,185,223,28,27,6
186,225,185,228,24,23,6
186,226,185,225,24,24,6
186,227,185,226,25,25,6
186,228,185,227,19,19,6
186,229,185,224,29,25,6
186,230,185,229,26,21,6
186,231,185,230,22,22,6
186,232,185,231,24,23,6
186,233,185,232,23,22,6
186,234,185,233,28,28,6
186,235,185,234,22,22,6
186,236,185,235,21,19,6
186,237,185,236,18,17,6
186,238,185,237,18,17,6
186,239,185,238,15,0,1
186,240,185,239,0,0,1
186,241,185,240,21,20,6
186,242,185,241,0,0,1
186,243,185,242,19,19,6
187,188,186,187,56,55,6
187,189,186,188,61,60,6
187,190,186,189,55,54,6
187,191,186,190,45,43,6
187,192,186,191,47,46,6
187,193,186,192,45,42,6
187,194,186,193,44,43,6
187,195,186,194,48,47,6
187,196,186,195,46,45,6
187,197,186,196,47,44,6
187,198,186,197,41,40,6
187,199,186,198,44,43,6
187,200,186,199,47,47,6
187,201,186,200,39,39,6
187,202,186,201,42,42,6
187,203,186,202,33,33,6
187,204,186,203,32,32,6
187,205,186,204,22,22,6
187,206,186,205,27,26,6
187,207,186,206,27,27,6
187,208,186,207,31,31,6
187,209,186,208,31,30,6
187,210,186,209,25,25,6
187,211,186,210,29,29,6
187,212,186,211,36,36,6
187,213,186,212,35,34,6
187,214,186,213,29,28,6
187,215,186,214,23,23,6
187,216,186,215,28,27,6
187,217,186,216,27,27,6
187,218,186,217,29,28,6
187,219,186,218,34,33,6
187,220,186,219,29,28,6
187,221,186,220,32,30,6
187,222,186,221,33,32,6
187,223,186,222,32,29,6
187,224,186,223,26,25,6
187,225,186,228,22,21,6
187,226,186,225,31,29,6
187,227,186,226,26,25,6
187,228,186,227,22,22,6
187,229,186,224,29,28,6
187,230,186,229,20,19,6
187,231,186,230,21,21,6
187,232,186,231,22,21,6
187,233,186,232,23,22,6
187,234,186,233,28,26,6
187,235,186,234,22,21,6
187,236,186,235,19,19,6
187,237,186,236,18,17,6
187,238,186,237,17,17,6
187,239,186,238,17,17,6
187,240,186,239,17,16,6
187,241,186,240,20,19,6
187,242,186,241,0,0,1
187,243,186,242,18,17,6
188,189,187,188,59,59,6
188,190,187,189,54,53,6
188,191,187,190,45,44,6
188,192,187,191,42,42,6
188,193,187,192,43,43,6
188,194,187,193,48,46,6
188,195,187,194,47,45,6
188,196,187,195,40,38,6
188,197,187,196,42,42,6
188,198,187,197,36,36,6
188,199,187,198,40,38,6
188,200,187,199,43,43,6
188,201,187,200,33,32,6
188,202,187,201,38,36,6
188,203,187,202,33,31,6
188,204,187,203,31,29,6
188,205,187,204,21,21,7
188,206,187,205,27,25,6
188,207,187,206,25,24,6
188,208,187,207,26,26,6
188,209,187,208,26,25,6
188,210,187,209,22,22,6
188,211,187,210,30,28,6
188,212,187,211,33,30,6
188,213,187,212,31,30,6
188,214,187,213,27,26,6
188,215,187,214,22,22,6
188,216,187,215,28,26,6
188,217,187,216,29,29,6
188,218,187,217,28,26,6
188,219,187,218,32,32,6
188,220,187,219,27,26,6
188,221,187,220,29,27,6
188,222,187,221,29,28,6
188,223,187,222,29,27,6
188,224,187,223,21,20,6
188,225,187,228,19,18,6
188,226,187,225,23,23,6
188,227,187,226,20,20,6
188,228,187,227,19,19,6
188,229,187,224,24,21,6
188,230,187,229,19,18,6
188,231,187,230,18,18,6
188,232,187,231,19,18,6
188,233,187,232,20,19,6
188,234,187,233,24,24,6
188,235,187,234,17,17,6
188,236,187,235,18,17,6
188,237,187,236,18,15,6
188,238,187,237,15,0,1
188,239,187,238,15,0,1
188,240,187,239,15,0,1
188,241,187,240,19,18,6
188,242,187,241,16,0,1
188,243,187,242,17,17,6
189,190,188,189,62,62,6
189,191,188,190,52,52,6
189,192,188,191,52,52,6
189,193,188,192,52,51,6
189,194,188,193,54,52,6
189,195,188,194,55,53,6
189,196,188,195,49,48,6
189,197,188,196,49,49,6
189,198,188,197,43,42,6
189,199,188,198,50,50,6
189,200,188,199,49,46,6
189,201,188,200,41,41,6
189,202,188,201,43,41,6
189,203,188,202,36,34,6
189,204,188,203,38,34,6
189,205,188,204,26,26,7
189,206,188,205,36,33,6
189,207,188,206,32,30,6
189,208,188,207,33,33,6
189,209,188,208,32,30,6
189,210,188,209,27,25,6
189,211,188,210,34,31,6
189,212,188,211,39,36,6
189,213,188,212,38,37,6
189,214,188,213,33,30,6
189,215,188,214,23,23,6
189,216,188,215,32,31,6
189,217,188,216,29,29,6
189,218,188,217,29,29,6
189,219,188,218,37,33,6
189,220,188,219,33,32,6
189,221,188,220,36,34,6
189,222,188,221,35,34,6
189,223,188,222,35,31,6
189,224,188,223,27,25,6
189,225,188,228,24,23,6
189,226,188,225,32,29,6
189,227,188,226,25,24,6
189,228,188,227,23,23,6
189,229,188,224,34,31,6
189,230,188,229,25,24,6
189,231,188,230,24,24,6
189,232,188,231,27,25,6
189,233,188,232,26,25,6
189,234,188,233,33,31,6
189,235,188,234,25,23,6
189,236,188,235,22,21,6
189,237,188,236,20,18,6
189,238,188,237,18,16,6
189,239,188,238,17,0,1
189,240,188,239,15,0,1
189,241,188,240,20,19,6
189,242,188,241,15,15,6
189,243,188,242,22,20,6
190,191,189,190,52,50,6
190,192,189,191,53,51,6
190,193,189,192,53,52,6
190,194,189,193,53,51,6
190,195,189,194,55,52,6
190,196,189,195,51,50,6
190,197,189,196,51,49,6
190,198,189,197,46,44,6
190,199,189,198,49,47,6
190,200,189,199,48,47,6
190,201,189,200,42,41,6
190,202,189,201,47,45,6
190,203,189,202,39,37,6
190,204,189,203,39,37,6
190,205,189,204,26,24,7
190,206,189,205,33,28,6
190,207,189,206,28,27,6
190,208,189,207,29,28,6
190,209,189,208,30,28,6
190,210,189,209,27,25,6
190,211,189,210,32,29,6
190,212,189,211,32,32,6
190,213,189,212,35,33,6
190,214,189,213,29,28,6
190,215,189,214,24,24,6
190,216,189,215,32,32,6
190,217,189,216,28,28,6
190,218,189,217,30,30,6
190,219,189,218,38,34,6
190,220,189,219,32,31,6
190,221,189,220,31,28,6
190,222,189,221,30,30,6
190,223,189,222,31,28,6
190,224,189,223,24,24,6
190,225,189,228,19,19,6
190,226,189,225,26,26,6
190,227,189,226,21,21,6
190,228,189,227,21,21,6
190,229,189,224,26,24,6
190,230,189,229,20,20,6
190,231,189,230,23,23,6
190,232,189,231,23,23,6
190,233,189,232,21,20,6
190,234,189,233,26,26,6
190,235,189,234,20,20,6
190,236,189,235,19,19,6
190,237,189,236,19,17,6
190,238,189,237,16,16,6
190,239,189,238,16,15,6
190,240,189,239,15,15,6
190,241,189,240,20,20,6
190,242,189,241,15,15,6
190,243,189,242,20,19,6
191,192,190,191,57,57,6
191,193,190,192,53,53,6
191,194,190,193,57,57,6
191,195,190,194,55,54,6
191,196,190,195,51,50,6
191,197,190,196,52,50,6
191,198,190,197,52,49,6
191,199,190,198,52,51,6
191,200,190,199,50,48,6
191,201,190,200,44,42,6
191,202,190,201,45,44,6
191,203,190,202,39,36,6
191,204,190,203,39,37,6
191,205,190,204,33,32,6
191,206,190,205,38,36,6
191,207,190,206,35,35,6
191,208,190,207,40,38,6
191,209,190,208,38,37,6
191,210,190,209,35,33,6
191,211,190,210,43,43,6
191,212,190,211,44,43,6
191,213,190,212,42,39,6
191,214,190,213,42,41,6
191,215,190,214,31,31,6
191,216,190,215,39,37,6
191,217,190,216,36,33,6
191,218,190,217,39,38,6
191,219,190,218,40,40,6
191,220,190,219,38,36,6
191,221,190,220,38,38,6
191,222,190,221,38,36,6
191,223,190,222,35,33,6
191,224,190,223,29,26,6
191,225,190,228,23,23,6
191,226,190,225,31,31,6
191,227,190,226,30,28,6
191,228,190,227,29,29,6
191,229,190,224,32,31,6
191,230,190,229,29,27,6
191,231,190,230,29,29,6
191,232,190,231,27,27,6
191,233,190,232,26,25,6
191,234,190,233,31,30,6
191,235,190,234,23,22,6
191,236,190,235,24,22,6
191,237,190,236,23,20,6
191,238,190,237,20,16,6
191,239,190,238,19,15,6
191,240,190,239,18,17,3
191,241,190,240,23,20,6
191,242,190,241,17,17,6
191,243,190,242,24,22,6
192,193,191,192,60,60,6
192,194,191,193,57,57,6
192,195,191,194,61,59,6
192,196,191,195,60,57,6
192,197,191,196,56,54,6
192,198,191,197,55,54,6
192,199,191,198,54,53,6
192,200,191,199,55,51,6
192,201,191,200,47,45,6
192,202,191,201,51,50,6
192,203,191,202,39,38,6
192,204,191,203,41,37,6
192,205,191,204,32,31,6
192,206,191,205,38,35,6
192,207,191,206,36,35,6
192,208,191,207,39,37,6
192,209,191,208,36,34,6
192,210,191,209,37,35,6
192,211,191,210,39,39,6
192,212,191,211,41,40,6
192,213,191,212,40,39,6
192,214,191,213,38,37,6
192,215,191,214,31,30,6
192,216,191,215,33,33,6
192,217,191,216,34,34,6
192,218,191,217,35,34,6
192,219,191,218,40,40,6
192,220,191,219,36,33,6
192,221,191,220,33,32,6
192,222,191,221,35,34,6
192,223,191,222,33,33,6
192,224,191,223,29,28,6
192,225,191,228,25,24,6
192,226,191,225,31,29,6
192,227,191,226,29,27,6
192,228,191,227,28,27,6
192,229,191,224,32,28,6
192,230,191,229,25,23,6
192,231,191,230,26,25,6
192,232,191,231,26,26,6
192,233,191,232,23,22,6
192,234,191,233,32,31,6
192,235,191,234,25,23,6
192,236,191,235,24,23,6
192,237,191,236,22,20,6
192,238,191,237,19,18,6
192,239,191,238,20,15,6
192,240,191,239,17,15,6
192,241,191,240,26,23,6
192,242,191,241,20,19,6
192,243,191,242,22,21,6
193,194,192,193,58,58,6
193,195,192,194,58,58,6
193,196,192,195,54,53,6
193,197,192,196,55,53,6
193,198,192,197,54,49,6
193,199,192,198,58,55,6
193,200,192,199,55,51,6
193,201,192,200,43,40,6
193,202,192,201,48,47,6
193,203,192,202,40,38,6
193,204,192,203,41,38,6
193,205,192,204,31,29,7
193,206,192,205,36,34,6
193,207,192,206,34,33,6
193,208,192,207,36,35,6
193,209,192,208,31,28,6
193,210,192,209,33,31,6
193,211,192,210,35,34,6
193,212,192,211,40,39,6
193,213,192,212,40,38,6
193,214,192,213,35,34,6
193,215,192,214,29,28,6
193,216,192,215,33,33,6
193,217,192,216,33,33,6
193,218,192,217,33,33,6
193,219,192,218,37,37,6
193,220,192,219,36,35,6
193,221,192,220,31,30,6
193,222,192,221,33,32,6
193,223,192,222,29,28,6
193,224,192,223,28,27,6
193,225,192,228,20,20,6
193,226,192,225,30,30,6
193,227,192,226,26,26,6
193,228,192,227,23,23,6
193,229,192,224,28,28,6
193,230,192,229,21,19,6
193,231,192,230,22,22,6
193,232,192,231,24,23,6
193,233,192,232,20,20,6
193,234,192,233,29,29,6
193,235,192,234,22,20,6
193,236,192,235,23,20,6
193,237,192,236,20,19,6
193,238,192,237,19,18,6
193,239,192,238,22,20,6
193,240,192,239,17,16,6
193,241,192,240,21,21,3
193,242,192,241,16,16,6
193,243,192,242,20,20,3
194,195,193,194,59,59,6
194,196,193,195,54,54,6
194,197,193,196,57,56,6
194,198,193,197,54,53,6
194,199,193,198,56,54,6
194,200,193,199,55,54,6
194,201,193,200,49,48,6
194,202,193,201,46,46,6
194,203,193,202,42,39,6
194,204,193,203,41,40,6
194,205,193,204,36,36,7
194,206,193,205,39,39,6
194,207,193,206,35,35,6
194,208,193,207,35,35,6
194,209,193,208,33,33,6
194,210,193,209,37,37,6
194,211,193,210,41,41,6
194,212,193,211,42,40,6
194,213,193,212,39,38,6
194,214,193,213,36,33,6
194,215,193,214,32,32,6
194,216,193,215,34,33,6
194,217,193,216,33,33,6
194,218,193,217,34,33,6
194,219,193,218,38,37,6
194,220,193,219,36,36,6
194,221,193,220,36,36,6
194,222,193,221,34,34,6
194,223,193,222,34,33,6
194,224,193,223,26,26,6
194,225,193,228,23,23,6
194,226,193,225,31,30,6
194,227,193,226,30,30,6
194,228,193,227,29,29,6
194,229,193,224,30,30,6
194,230,193,229,27,27,6
194,231,193,230,28,27,6
194,232,193,231,30,30,6
194,233,193,232,26,25,6
194,234,193,233,32,32,6
194,235,193,234,24,23,6
194,236,193,235,26,26,6
194,237,193,236,25,23,6
194,238,193,237,20,19,6
194,239,193,238,19,19,3
194,240,193,239,15,0,1
194,241,193,240,20,19,6
194,242,193,241,19,19,6
194,243,193,242,24,21,6
195,196,194,195,69,69,6
195,197,194,196,76,76,6
195,198,194,197,70,70,6
195,199,194,198,66,65,6
195,200,194,199,63,63,6
195,201,194,200,57,57,6
195,202,194,201,64,64,6
195,203,194,202,58,56,6
195,204,194,203,58,57,6
195,205,194,204,46,46,6
195,206,194,205,51,48,6
195,207,194,206,52,52,6
195,208,194,207,49,48,6
195,209,194,208,54,53,6
195,210,194,209,48,48,6
195,211,194,210,54,51,6
195,212,194,211,58,54,6
195,213,194,212,54,52,6
195,214,194,213,47,46,6
195,215,194,214,41,40,6
195,216,194,215,44,40,6
195,217,194,216,45,43,6
195,218,194,217,42,40,6
195,219,194,218,45,45,6
195,220,194,219,43,42,6
195,221,194,220,40,40,6
195,222,194,221,41,40,6
195,223,194,222,42,41,6
195,224,194,223,35,35,6
195,225,194,228,29,29,6
195,226,194,225,37,35,6
195,227,194,226,32,31,6
195,228,194,227,29,29,6
195,229,194,224,36,36,6
195,230,194,229,31,30,6
195,231,194,230,30,29,6
195,232,194,231,34,34,6
195,233,194,232,28,28,6
195,234,194,233,35,35,6
195,235,194,234,31,30,6
195,236,194,235,29,29,6
195,237,194,236,26,25,6
195,238,194,237,27,26,6
195,239,194,238,25,23,6
195,240,194,239,23,20,6
195,241,194,240,27,26,6
195,242,194,241,22,21,6
195,243,194,242,25,23,6
196,197,195,196,65,64,6
196,198,195,197,70,69,6
196,199,195,198,65,63,6
196,200,195,199,63,61,6
196,201,195,200,63,62,6
196,202,195,201,61,60,6
196,203,195,202,51,49,6
196,204,195,203,48,46,6
196,205,195,204,40,39,6
196,206,195,205,48,48,6
196,207,195,206,45,44,6
196,208,195,207,44,43,6
196,209,195,208,45,44,6
196,210,195,209,48,46,6
196,211,195,210,47,46,6
196,212,195,211,49,48,6
196,213,195,212,48,44,6
196,214,195,213,45,41,6
196,215,195,214,35,35,6
196,216,195,215,39,37,6
196,217,195,216,38,36,6
196,218,195,217,37,37,6
196,219,195,218,41,40,6
196,220,195,219,39,38,6
196,221,195,220,40,38,6
196,222,195,221,36,36,6
196,223,195,222,36,36,6
196,224,195,223,33,32,6
196,225,195,228,26,26,6
196,226,195,225,31,30,6
196,227,195,226,31,30,6
196,228,195,227,30,29,6
196,229,195,224,34,31,6
196,230,195,229,28,27,6
196,231,195,230,28,28,6
196,232,195,231,28,28,6
196,233,195,232,25,24,6
196,234,195,233,29,28,6
196,235,195,234,25,24,6
196,236,195,235,25,24,6
196,237,195,236,24,23,6
196,238,195,237,23,21,6
196,239,195,238,25,23,6
196,240,195,239,19,18,3
196,241,195,240,28,25,6
196,242,195,241,19,18,6
196,243,195,242,21,19,6
197,198,196,197,70,70,6
197,199,196,198,68,68,6
197,200,196,199,65,62,6
197,201,196,200,56,56,6
197,202,196,201,62,61,6
197,203,196,202,52,48,6
197,204,196,203,51,50,6
197,205,196,204,43,43,6
197,206,196,205,46,46,6
197,207,196,206,47,47,6
197,208,196,207,45,43,6
197,209,196,208,45,45,6
197,210,196,209,47,45,6
197,211,196,210,48,47,6
197,212,196,211,50,49,6
197,213,196,212,51,49,6
197,214,196,213,44,42,6
197,215,196,214,35,34,6
197,216,196,215,38,37,6
197,217,196,216,38,37,6
197,218,196,217,36,35,6
197,219,196,218,38,38,6
197,220,196,219,37,37,6
197,221,196,220,36,36,6
197,222,196,221,36,36,6
197,223,196,222,35,34,6
197,224,196,223,30,30,6
197,225,196,228,15,15,6
197,226,196,225,32,31,6
197,227,196,226,27,26,6
197,228,196,227,30,29,6
197,229,196,224,31,31,6
197,230,196,229,26,24,6
197,231,196,230,27,27,6
197,232,196,231,27,27,6
197,233,196,232,24,24,6
197,234,196,233,32,32,6
197,235,196,234,26,25,6
197,236,196,235,25,23,6
197,237,196,236,22,20,6
197,238,196,237,21,18,6
197,239,196,238,20,19,6
197,240,196,239,17,0,1
197,241,196,240,22,22,6
197,242,196,241,18,18,6
197,243,196,242,21,20,6
198,199,197,198,68,67,6
198,200,197,199,64,63,6
198,201,197,200,60,58,6
198,202,197,201,63,62,6
198,203,197,202,52,51,6
198,204,197,203,52,50,6
198,205,197,204,44,44,7
198,206,197,205,48,48,6
198,207,197,206,50,50,6
198,208,197,207,47,46,6
198,209,197,208,47,46,6
198,210,197,209,53,51,6
198,211,197,210,51,51,6
198,212,197,211,51,49,6
198,213,197,212,50,49,6
198,214,197,213,45,43,6
198,215,197,214,40,40,6
198,216,197,215,36,36,6
198,217,197,216,40,39,6
198,218,197,217,41,39,6
198,219,197,218,41,40,6
198,220,197,219,40,38,6
198,221,197,220,39,38,6
198,222,197,221,36,36,6
198,223,197,222,37,37,6
198,224,197,223,30,30,6
198,225,197,228,0,0,1
198,226,197,225,32,30,6
198,227,197,226,31,30,6
198,228,197,227,29,29,6
198,229,197,224,34,33,6
198,230,197,229,29,28,6
198,231,197,230,31,31,6
198,232,197,231,33,32,6
198,233,197,232,30,28,6
198,234,197,233,34,34,6
198,235,197,234,29,28,6
198,236,197,235,29,27,6
198,237,197,236,26,26,6
198,238,197,237,27,25,6
198,239,197,238,25,23,6
198,240,197,239,23,20,6
198,241,197,240,26,21,6
198,242,197,241,22,18,6
198,243,197,242,23,21,6
199,200,198,199,74,74,6
199,201,198,200,66,66,6
199,202,198,201,66,65,6
199,203,198,202,57,57,6
199,204,198,203,61,60,6
199,205,198,204,51,50,7
199,206,198,205,54,54,6
199,207,198,206,53,53,6
199,208,198,207,52,52,6
199,209,198,208,54,54,6
199,210,198,209,52,52,6
199,211,198,210,55,55,6
199,212,198,211,56,55,6
199,213,198,212,54,52,6
199,214,198,213,50,48,6
199,215,198,214,46,46,6
199,216,198,215,45,44,6
199,217,198,216,46,45,6
199,218,198,217,49,49,6
199,219,198,218,50,49,6
199,220,198,219,47,46,6
199,221,198,220,42,40,6
199,222,198,221,39,39,6
199,223,198,222,41,41,6
199,224,198,223,31,31,6
199,225,198,228,30,30,6
199,226,198,225,37,35,6
199,227,198,226,34,34,6
199,228,198,227,32,32,6
199,229,198,224,37,36,6
199,230,198,229,32,32,6
199,231,198,230,38,36,6
199,232,198,231,35,35,6
199,233,198,232,34,32,6
199,234,198,233,43,40,6
199,235,198,234,33,32,6
199,236,198,235,32,31,6
199,237,198,236,28,26,6
199,238,198,237,28,26,6
199,239,198,238,27,26,6
199,240,198,239,24,21,6
199,241,198,240,33,30,6
199,242,198,241,23,20,6
199,243,198,242,23,20,6
200,201,199,200,69,69,6
200,202,199,201,72,71,7
200,203,199,202,57,55,7
200,204,199,203,57,56,6
200,205,199,204,50,49,7
200,206,199,205,52,51,6
200,207,199,206,51,51,6
200,208,199,207,53,49,6
200,209,199,208,50,47,6
200,210,199,209,56,52,6
200,211,199,210,54,54,6
200,212,199,211,60,57,6
200,213,199,212,54,51,6
200,214,199,213,56,51,6
200,215,199,214,44,43,6
200,216,199,215,44,42,6
200,217,199,216,44,43,6
200,218,199,217,47,47,6
200,219,199,218,49,49,6
200,220,199,219,44,44,6
200,221,199,220,41,41,6
200,222,199,221,39,39,6
200,223,199,222,42,42,6
200,224,199,223,33,33,6
200,225,199,228,0,0,1
200,226,199,225,37,34,6
200,227,199,226,34,34,6
200,228,199,227,31,31,6
200,229,199,224,37,36,6
200,230,199,229,30,29,6
200,231,199,230,33,31,6
200,232,199,231,34,32,6
200,233,199,232,33,30,6
200,234,199,233,36,35,6
200,235,199,234,30,29,6
200,236,199,235,30,29,6
200,237,199,236,27,25,6
200,238,199,237,27,22,6
200,239,199,238,23,22,6
200,240,199,239,19,19,6
200,241,199,240,29,24,6
200,242,199,241,19,16,6
200,243,199,242,22,22,3
201,202,200,201,69,68,6
201,203,200,202,62,60,7
201,204,200,203,59,58,6
201,205,200,204,47,47,7
201,206,200,205,58,58,6
201,207,200,206,49,48,6
201,208,200,207,54,54,6
201,209,200,208,59,58,6
201,210,200,209,59,58,6
201,211,200,210,55,55,6
201,212,200,211,58,56,6
201,213,200,212,51,50,6
201,214,200,213,55,52,6
201,215,200,214,38,38,6
201,216,200,215,42,41,6
201,217,200,216,38,38,6
201,218,200,217,45,44,6
201,219,200,218,42,42,6
201,220,200,219,38,38,6
201,221,200,220,41,39,6
201,222,200,221,37,37,6
201,223,200,222,38,38,6
201,224,200,223,30,29,6
201,225,200,228,32,32,6
201,226,200,225,34,31,6
201,227,200,226,33,33,6
201,228,200,227,29,29,6
201,229,200,224,34,33,6
201,230,200,229,30,29,6
201,231,200,230,26,26,6
201,232,200,231,29,27,6
201,233,200,232,26,26,6
201,234,200,233,32,28,6
201,235,200,234,25,23,6
201,236,200,235,27,27,6
201,237,200,236,21,21,6
201,238,200,237,22,20,6
201,239,200,238,23,18,6
201,240,200,239,17,17,6
201,241,200,240,25,22,6
201,242,200,241,16,0,1
201,243,200,242,20,20,6
202,203,201,202,67,67,7
202,204,201,203,69,69,7
202,205,201,204,56,56,7
202,206,201,205,59,59,7
202,207,201,206,56,54,6
202,208,201,207,59,59,6
202,209,201,208,53,53,6
202,210,201,209,56,56,6
202,211,201,210,60,60,6
202,212,201,211,64,60,6
202,213,201,212,57,56,6
202,214,201,213,58,57,6
202,215,201,214,43,43,6
202,216,201,215,47,46,6
202,217,201,216,45,45,6
202,218,201,217,49,48,6
202,219,201,218,52,52,6
202,220,201,219,45,45,6
202,221,201,220,43,43,6
202,222,201,221,43,43,6
202,223,201,222,44,44,6
202,224,201,223,33,33,6
202,225,201,228,31,29,6
202,226,201,225,35,35,6
202,227,201,226,37,37,6
202,228,201,227,31,31,6
202,229,201,224,39,39,6
202,230,201,229,31,30,6
202,231,201,230,33,33,6
202,232,201,231,31,31,6
202,233,201,232,29,28,6
202,234,201,233,39,38,6
202,235,201,234,31,29,6
202,236,201,235,28,27,6
202,237,201,236,28,25,6
202,238,201,237,25,22,6
202,239,201,238,27,26,6
202,240,201,239,23,22,6
202,241,201,240,28,28,6
202,242,201,241,19,18,6
202,243,201,242,21,20,6
203,204,202,203,76,76,7
203,205,202,204,65,64,7
203,206,202,205,69,68,7
203,207,202,206,59,58,6
203,208,202,207,67,65,6
203,209,202,208,65,60,6
203,210,202,209,61,59,6
203,211,202,210,66,65,6
203,212,202,211,66,63,6
203,213,202,212,59,56,6
203,214,202,213,58,57,6
203,215,202,214,44,42,6
203,216,202,215,48,46,6
203,217,202,216,47,45,6
203,218,202,217,50,49,6
203,219,202,218,50,47,6
203,220,202,219,42,40,6
203,221,202,220,45,43,6
203,222,202,221,42,41,6
203,223,202,222,39,38,6
203,224,202,223,36,34,6
203,225,202,228,29,27,6
203,226,202,225,33,31,6
203,227,202,226,36,33,6
203,228,202,227,31,29,6
203,229,202,224,36,33,6
203,230,202,229,29,26,6
203,231,202,230,31,29,6
203,232,202,231,28,26,6
203,233,202,232,29,26,6
203,234,202,233,33,31,6
203,235,202,234,27,25,6
203,236,202,235,28,27,6
203,237,202,236,22,21,6
203,238,202,237,22,20,6
203,239,202,238,28,26,6
203,240,202,239,19,19,6
203,241,202,240,25,25,6
203,242,202,241,19,16,6
203,243,202,242,19,17,6
204,205,203,204,73,73,7
204,206,203,205,75,74,7
204,207,203,206,66,66,6
204,208,203,207,68,68,6
204,209,203,208,60,58,6
204,210,203,209,62,60,6
204,211,203,210,64,62,6
204,212,203,211,63,61,6
204,213,203,212,55,53,6
204,214,203,213,56,54,6
204,215,203,214,43,42,6
204,216,203,215,51,50,6
204,217,203,216,50,48,6
204,218,203,217,54,49,6
204,219,203,218,49,46,6
204,220,203,219,46,43,6
204,221,203,220,41,38,6
204,222,203,221,42,39,6
204,223,203,222,39,35,6
204,224,203,223,37,33,6
204,225,203,228,29,25,6
204,226,203,225,37,34,6
204,227,203,226,36,34,6
204,228,203,227,30,28,6
204,229,203,224,41,36,6
204,230,203,229,30,28,6
204,231,203,230,32,26,6
204,232,203,231,30,28,6
204,233,203,232,29,27,6
204,234,203,233,37,34,6
204,235,203,234,27,25,6
204,236,203,235,31,29,6
204,237,203,236,28,26,6
204,238,203,237,25,22,6
204,239,203,238,28,27,6
204,240,203,239,21,21,6
204,241,203,240,28,28,6
204,242,203,241,20,19,6
204,243,203,242,21,19,6
205,206,204,205,72,72,7
205,207,204,206,65,65,6
205,208,204,207,60,57,7
205,209,204,208,62,60,6
205,210,204,209,62,60,7
205,211,204,210,65,64,7
205,212,204,211,66,64,7
205,213,204,212,51,50,6
205,214,204,213,53,52,6
205,215,204,214,44,43,6
205,216,204,215,47,42,6
205,217,204,216,44,43,6
205,218,204,217,45,43,6
205,219,204,218,47,45,6
205,220,204,219,44,43,6
205,221,204,220,34,33,6
205,222,204,221,34,33,6
205,223,204,222,34,33,6
205,224,204,223,32,31,6
205,225,204,228,28,27,6
205,226,204,225,27,26,6
205,227,204,226,32,30,6
205,228,204,227,30,28,6
205,229,204,224,31,29,6
205,230,204,229,30,28,6
205,231,204,230,30,28,6
205,232,204,231,29,28,6
205,233,204,232,27,26,6
205,234,204,233,30,28,6
205,235,204,234,27,26,6
205,236,204,235,27,23,6
205,237,204,236,27,25,6
205,238,204,237,20,19,6
205,239,204,238,25,22,6
205,240,204,239,21,18,6
205,241,204,240,24,22,6
205,242,204,241,19,18,6
205,243,204,242,20,18,6
206,207,205,206,66,66,6
206,208,205,207,71,66,6
206,209,205,208,63,62,6
206,210,205,209,65,62,6
206,211,205,210,63,59,6
206,212,205,211,64,63,6
206,213,205,212,52,50,6
206,214,205,213,52,52,6
206,215,205,214,47,46,6
206,216,205,215,52,52,6
206,217,205,216,44,43,6
206,218,205,217,50,49,6
206,219,205,218,49,48,6
206,220,205,219,48,48,6
206,221,205,220,43,42,6
206,222,205,221,45,44,6
206,223,205,222,46,44,6
206,224,205,223,38,37,6
206,225,205,228,31,31,6
206,226,205,225,34,33,6
206,227,205,226,37,37,6
206,228,205,227,34,33,6
206,229,205,224,38,37,6
206,230,205,229,32,31,6
206,231,205,230,31,30,6
206,232,205,231,32,30,6
206,233,205,232,34,32,6
206,234,205,233,35,35,6
206,235,205,234,27,27,6
206,236,205,235,30,30,6
206,237,205,236,29,24,6
206,238,205,237,26,23,6
206,239,205,238,27,24,6
206,240,205,239,24,22,6
206,241,205,240,29,27,6
206,242,205,241,20,20,6
206,243,205,242,23,21,6
207,208,206,207,69,69,6
207,209,206,208,71,68,6
207,210,206,209,66,63,6
207,211,206,210,63,63,6
207,212,206,211,65,63,6
207,213,206,212,58,57,6
207,214,206,213,58,57,6
207,215,206,214,50,49,6
207,216,206,215,54,52,6
207,217,206,216,53,52,6
207,218,206,217,51,50,6
207,219,206,218,53,51,6
207,220,206,219,45,44,6
207,221,206,220,42,40,6
207,222,206,221,43,41,6
207,223,206,222,40,38,6
207,224,206,223,38,36,6
207,225,206,228,27,26,6
207,226,206,225,34,33,6
207,227,206,226,32,29,6
207,228,206,227,34,32,6
207,229,206,224,35,33,6
207,230,206,229,32,30,6
207,231,206,230,30,28,6
207,232,206,231,32,31,6
207,233,206,232,31,29,6
207,234,206,233,33,32,6
207,235,206,234,26,25,6
207,236,206,235,30,28,6
207,237,206,236,25,24,6
207,238,206,237,24,23,6
207,239,206,238,26,23,6
207,240,206,239,0,0,1
207,241,206,240,26,24,6
207,242,206,241,0,0,1
207,243,206,242,23,22,6
208,209,207,208,82,82,6
208,210,207,209,86,85,6
208,211,207,210,75,74,6
208,212,207,211,74,70,6
208,213,207,212,70,67,6
208,214,207,213,68,66,6
208,215,207,214,53,52,6
208,216,207,215,63,60,6
208,217,207,216,58,57,6
208,218,207,217,65,62,6
208,219,207,218,61,59,6
208,220,207,219,55,54,6
208,221,207,220,52,51,6
208,222,207,221,53,52,6
208,223,207,222,48,47,6
208,224,207,223,42,39,6
208,225,207,228,37,33,6
208,226,207,225,45,43,6
208,227,207,226,43,42,6
208,228,207,227,41,39,6
208,229,207,224,45,43,6
208,230,207,229,37,32,6
208,231,207,230,39,37,6
208,232,207,231,37,36,6
208,233,207,232,34,32,6
208,234,207,233,41,40,6
208,235,207,234,32,30,6
208,236,207,235,35,33,6
208,237,207,236,35,31,6
208,238,207,237,31,25,6
208,239,207,238,34,29,6
208,240,207,239,23,22,6
208,241,207,240,33,30,6
208,242,207,241,25,23,6
208,243,207,242,27,25,6
209,210,208,209,85,85,6
209,211,208,210,73,73,6
209,212,208,211,73,72,6
209,213,208,212,66,65,6
209,214,208,213,62,60,6
209,215,208,214,54,53,6
209,216,208,215,55,55,6
209,217,208,216,52,51,6
209,218,208,217,60,58,6
209,219,208,218,53,51,6
209,220,208,219,54,50,6
209,221,208,220,49,48,6
209,222,208,221,48,46,6
209,223,208,222,41,39,6
209,224,208,223,35,34,6
209,225,208,228,36,35,6
209,226,208,225,40,37,6
209,227,208,226,44,41,6
209,228,208,227,35,34,6
209,229,208,224,40,38,6
209,230,208,229,37,33,6
209,231,208,230,37,35,6
209,232,208,231,38,36,6
209,233,208,232,35,33,6
209,234,208,233,37,35,6
209,235,208,234,33,30,6
209,236,208,235,33,32,6
209,237,208,236,31,29,6
209,238,208,237,31,27,6
209,239,208,238,33,31,6
209,240,208,239,27,26,6
209,241,208,240,31,28,6
209,242,208,241,24,22,6
209,243,208,242,28,25,6
210,211,209,210,78,78,6
210,212,209,211,78,77,6
210,213,209,212,67,66,6
210,214,209,213,65,65,6
210,215,209,214,56,56,6
210,216,209,215,58,55,6
210,217,209,216,52,52,6
210,218,209,217,62,61,6
210,219,209,218,55,54,6
210,220,209,219,54,50,6
210,221,209,220,49,48,6
210,222,209,221,48,47,6
210,223,209,222,48,47,6
210,224,209,223,43,41,6
210,225,209,228,36,35,6
210,226,209,225,41,39,6
210,227,209,226,43,42,6
210,228,209,227,38,37,6
210,229,209,224,39,38,6
210,230,209,229,35,34,6
210,231,209,230,39,37,6
210,232,209,231,35,35,6
210,233,209,232,33,29,6
210,234,209,233,37,35,6
210,235,209,234,29,28,6
210,236,209,235,33,30,6
210,237,209,236,32,29,6
210,238,209,237,29,25,6
210,239,209,238,30,27,6
210,240,209,239,23,22,6
210,241,209,240,27,25,6
210,242,209,241,23,21,6
210,243,209,242,24,20,6
211,212,210,211,92,91,6
211,213,210,212,82,82,6
211,214,210,213,77,77,6
211,215,210,214,64,64,6
211,216,210,215,68,67,6
211,217,210,216,67,64,6
211,218,210,217,68,66,6
211,219,210,218,71,70,6
211,220,210,219,61,60,6
211,221,210,220,59,58,6
211,222,210,221,57,55,6
211,223,210,222,49,47,6
211,224,210,223,46,44,6
211,225,210,228,44,42,6
211,226,210,225,45,44,6
211,227,210,226,48,46,6
211,228,210,227,45,43,6
211,229,210,224,47,46,6
211,230,210,229,41,40,6
211,231,210,230,44,42,6
211,232,210,231,43,42,6
211,233,210,232,38,37,6
211,234,210,233,44,44,6
211,235,210,234,35,34,6
211,236,210,235,38,37,6
211,237,210,236,32,31,6
211,238,210,237,30,29,6
211,239,210,238,29,27,6
211,240,210,239,22,22,6
211,241,210,240,29,28,6
211,242,210,241,23,23,6
211,243,210,242,25,24,6
212,213,211,212,98,98,6
212,214,211,213,89,89,6
212,215,211,214,68,68,6
212,216,211,215,76,75,6
212,217,211,216,71,70,6
212,218,211,217,77,74,6
212,219,211,218,77,76,6
212,220,211,219,64,62,6
212,221,211,220,62,62,6
212,222,211,221,63,63,6
212,223,211,222,56,53,6
212,224,211,223,49,47,6
212,225,211,228,48,46,6
212,226,211,225,54,52,6
212,227,211,226,53,51,6
212,228,211,227,49,46,6
212,229,211,224,53,50,6
212,230,211,229,45,45,6
212,231,211,230,45,45,6
212,232,211,231,45,42,6
212,233,211,232,37,36,6
212,234,211,233,43,41,6
212,235,211,234,37,36,6
212,236,211,235,38,37,6
212,237,211,236,31,30,6
212,238,211,237,34,31,6
212,239,211,238,36,36,6
212,240,211,239,25,25,6
212,241,211,240,32,31,6
212,242,211,241,24,24,6
212,243,211,242,28,26,6
213,214,212,213,96,95,6
213,215,212,214,76,75,6
213,216,212,215,84,82,6
213,217,212,216,78,75,6
213,218,212,217,85,84,6
213,219,212,218,80,79,6
213,220,212,219,77,76,6
213,221,212,220,68,67,6
213,222,212,221,69,67,6
213,223,212,222,64,60,6
213,224,212,223,55,53,6
213,225,212,228,48,47,6
213,226,212,225,58,56,6
213,227,212,226,49,49,6
213,228,212,227,46,45,6
213,229,212,224,54,53,6
213,230,212,229,45,44,6
213,231,212,230,48,47,6
213,232,212,231,47,45,6
213,233,212,232,38,37,6
213,234,212,233,45,43,6
213,235,212,234,41,39,6
213,236,212,235,37,35,6
213,237,212,236,34,32,6
213,238,212,237,33,31,6
213,239,212,238,36,32,6
213,240,212,239,28,26,6
213,241,212,240,32,31,6
213,242,212,241,25,25,6
213,243,212,242,27,26,6
214,215,213,214,81,79,6
214,216,213,215,84,82,6
214,217,213,216,78,77,6
214,218,213,217,88,84,6
214,219,213,218,77,76,6
214,220,213,219,74,72,6
214,221,213,220,64,63,6
214,222,213,221,68,67,6
214,223,213,222,61,59,6
214,224,213,223,55,53,6
214,225,213,228,49,47,6
214,226,213,225,55,52,6
214,227,213,226,46,44,6
214,228,213,227,42,41,6
214,229,213,224,53,50,6
214,230,213,229,49,46,6
214,231,213,230,46,43,6
214,232,213,231,45,42,6
214,233,213,232,39,37,6
214,234,213,233,47,44,6
214,235,213,234,42,39,6
214,236,213,235,39,34,6
214,237,213,236,35,33,6
214,238,213,237,35,31,6
214,239,213,238,33,31,6
214,240,213,239,27,25,6
214,241,213,240,36,34,6
214,242,213,241,30,29,6
214,243,213,242,33,29,6
215,216,214,215,87,87,6
215,217,214,216,84,83,6
215,218,214,217,85,85,6
215,219,214,218,74,72,6
215,220,214,219,70,67,6
215,221,214,220,65,61,7
215,222,214,221,63,62,6
215,223,214,222,66,64,6
215,224,214,223,47,46,6
215,225,214,228,39,38,6
215,226,214,225,52,49,6
215,227,214,226,48,47,6
215,228,214,227,47,44,6
215,229,214,224,49,47,6
215,230,214,229,43,41,6
215,231,214,230,40,40,6
215,232,214,231,43,42,6
215,233,214,232,34,34,6
215,234,214,233,40,40,6
215,235,214,234,38,36,6
215,236,214,235,36,36,6
215,237,214,236,35,34,6
215,238,214,237,30,30,6
215,239,214,238,33,31,6
215,240,214,239,28,28,6
215,241,214,240,28,28,6
215,242,214,241,25,25,6
215,243,214,242,28,27,6
216,217,215,216,108,108,6
216,218,215,217,109,109,6
216,219,215,218,91,89,6
216,220,215,219,87,82,6
216,221,215,220,70,68,6
216,222,215,221,74,71,6
216,223,215,222,69,65,6
216,224,215,223,62,58,6
216,225,215,228,42,40,6
216,226,215,225,65,61,6
216,227,215,226,53,51,6
216,228,215,227,51,48,6
216,229,215,224,59,55,6
216,230,215,229,48,46,6
216,231,215,230,46,46,6
216,232,215,231,49,48,6
216,233,215,232,41,41,6
216,234,215,233,50,48,6
216,235,215,234,43,41,6
216,236,215,235,40,40,6
216,237,215,236,42,42,6
216,238,215,237,34,33,6
216,239,215,238,38,35,6
216,240,215,239,30,29,6
216,241,215,240,32,31,6
216,242,215,241,29,28,6
216,243,215,242,32,29,6
217,218,216,217,106,106,6
217,219,216,218,85,84,6
217,220,216,219,83,81,6
217,221,216,220,74,71,6
217,222,216,221,75,71,6
217,223,216,222,68,64,6
217,224,216,223,62,58,6
217,225,216,228,44,43,6
217,226,216,225,65,62,6
217,227,216,226,52,51,6
217,228,216,227,51,49,6
217,229,216,224,59,57,6
217,230,216,229,49,46,6
217,231,216,230,50,49,6
217,232,216,231,50,49,6
217,233,216,232,43,42,6
217,234,216,233,50,47,6
217,235,216,234,42,39,6
217,236,216,235,43,41,6
217,237,216,236,43,39,6
217,238,216,237,35,31,6
217,239,216,238,41,37,6
217,240,216,239,30,27,6
217,241,216,240,30,29,6
217,242,216,241,29,28,6
217,243,216,242,32,29,6
218,219,217,218,89,89,6
218,220,217,219,88,84,6
218,221,217,220,78,75,7
218,222,217,221,80,77,6
218,223,217,222,72,68,6
218,224,217,223,63,58,6
218,225,217,228,46,44,6
218,226,217,225,69,64,6
218,227,217,226,56,54,6
218,228,217,227,50,46,6
218,229,217,224,62,57,6
218,230,217,229,49,48,6
218,231,217,230,49,48,6
218,232,217,231,48,44,6
218,233,217,232,41,39,6
218,234,217,233,53,51,6
218,235,217,234,43,41,6
218,236,217,235,45,44,6
218,237,217,236,44,41,6
218,238,217,237,40,36,6
218,239,217,238,41,38,6
218,240,217,239,32,28,6
218,241,217,240,32,32,6
218,242,217,241,18,17,6
218,243,217,242,32,30,6
219,220,218,219,103,103,6
219,221,218,220,0,0,1
219,222,218,221,91,89,6
219,223,218,222,78,75,6
219,224,218,223,72,69,6
219,225,218,228,52,51,6
219,226,218,225,76,74,6
219,227,218,226,65,64,6
219,228,218,227,60,57,6
219,229,218,224,73,70,6
219,230,218,229,58,57,6
219,231,218,230,62,60,6
219,232,218,231,60,60,6
219,233,218,232,51,49,6
219,234,218,233,61,59,6
219,235,218,234,49,49,6
219,236,218,235,53,51,6
219,237,218,236,49,47,6
219,238,218,237,44,42,6
219,239,218,238,43,41,6
219,240,218,239,33,31,6
219,241,218,240,38,38,6
219,242,218,241,39,35,6
219,243,218,242,41,38,6
220,221,219,220,90,89,6
220,222,219,221,90,90,6
220,223,219,222,83,81,6
220,224,219,223,74,74,6
220,225,219,228,46,46,6
220,226,219,225,75,74,6
220,227,219,226,63,61,6
220,228,219,227,55,53,6
220,229,219,224,75,75,6
220,230,219,229,54,54,6
220,231,219,230,52,51,6
220,232,219,231,56,54,6
220,233,219,232,48,47,6
220,234,219,233,56,56,6
220,235,219,234,51,47,6
220,236,219,235,49,46,6
220,237,219,236,47,44,6
220,238,219,237,43,41,6
220,239,219,238,40,40,6
220,240,219,239,32,31,6
220,241,219,240,36,36,6
220,242,219,241,36,35,6
220,243,219,242,36,33,6
221,222,220,221,106,105,6
221,223,220,222,86,84,6
221,224,220,223,72,70,6
221,225,220,228,52,51,6
221,226,220,225,77,77,6
221,227,220,226,67,66,6
221,228,220,227,60,58,6
221,229,220,224,72,71,6
221,230,220,229,59,59,6
221,231,220,230,53,53,6
221,232,220,231,54,53,6
221,233,220,232,48,46,6
221,234,220,233,56,55,6
221,235,220,234,49,46,6
221,236,220,235,51,49,6
221,237,220,236,45,43,6
221,238,220,237,43,42,6
221,239,220,238,39,38,6
221,240,220,239,32,31,6
221,241,220,240,37,35,6
221,242,220,241,34,34,6
221,243,220,242,37,35,6
222,223,221,222,92,90,6
222,224,221,223,82,82,6
222,225,221,228,52,50,6
222,226,221,225,89,88,6
222,227,221,226,73,71,6
222,228,221,227,66,65,6
222,229,221,224,82,81,6
222,230,221,229,63,62,6
222,231,221,230,59,59,6
222,232,221,231,62,62,6
222,233,221,232,57,56,6
222,234,221,233,66,63,6
222,235,221,234,58,54,6
222,236,221,235,57,56,6
222,237,221,236,51,49,6
222,238,221,237,49,48,6
222,239,221,238,43,41,6
222,240,221,239,38,38,6
222,241,221,240,44,42,6
222,242,221,241,40,38,6
222,243,221,242,45,42,6
223,224,222,223,85,85,6
223,225,222,228,66,65,6
223,226,222,225,87,85,6
223,227,222,226,81,80,6
223,228,222,227,76,74,6
223,229,222,224,94,93,6
223,230,222,229,73,68,6
223,231,222,230,63,62,6
223,232,222,231,65,64,6
223,233,222,232,59,58,6
223,234,222,233,66,64,6
223,235,222,234,55,54,6
223,236,222,235,51,48,6
223,237,222,236,49,46,6
223,238,222,237,48,45,6
223,239,222,238,51,48,6
223,240,222,239,40,37,6
223,241,222,240,44,43,6
223,242,222,241,39,38,6
223,243,222,242,40,38,6
224,225,223,228,53,51,6
224,226,223,225,87,86,6
224,227,223,226,63,63,6
224,228,223,227,65,64,6
224,229,223,224,88,88,6
224,230,223,229,63,62,6
224,231,223,230,54,54,6
224,232,223,231,50,49,6
224,233,223,232,55,54,6
224,234,223,233,58,55,6
224,235,223,234,51,48,6
224,236,223,235,48,47,6
224,237,223,236,47,43,6
224,238,223,237,47,44,6
224,239,223,238,45,45,6
224,240,223,239,32,32,6
224,241,223,240,36,35,6
224,242,223,241,39,37,6
224,243,223,242,36,34,6
225,226,228,225,68,67,6
225,227,228,226,75,75,6
225,228,228,227,77,76,6
225,229,228,224,67,67,6
225,230,228,229,79,77,6
225,231,228,230,71,68,6
225,232,228,231,66,65,6
225,233,228,232,68,65,6
225,234,228,233,68,66,6
225,235,228,234,54,49,6
225,236,228,235,56,53,6
225,237,228,236,48,47,6
225,238,228,237,53,49,6
225,239,228,238,49,49,6
225,240,228,239,47,43,6
225,241,228,240,45,42,6
225,242,228,241,49,46,6
225,243,228,242,47,45,6
226,227,225,226,81,80,6
226,228,225,227,79,79,6
226,229,225,224,101,101,6
226,230,225,229,75,74,6
226,231,225,230,71,70,6
226,232,225,231,68,67,6
226,233,225,232,61,59,6
226,234,225,233,70,67,6
226,235,225,234,54,51,6
226,236,225,235,62,58,6
226,237,225,236,55,52,6
226,238,225,237,51,51,6
226,239,225,238,52,47,6
226,240,225,239,45,44,6
226,241,225,240,42,39,6
226,242,225,241,45,43,6
226,243,225,242,43,42,6
227,228,226,227,88,88,6
227,229,226,224,78,76,6
227,230,226,229,77,76,6
227,231,226,230,71,71,6
227,232,226,231,69,69,6
227,233,226,232,62,62,6
227,234,226,233,73,72,6
227,235,226,234,59,54,6
227,236,226,235,61,57,6
227,237,226,236,55,53,6
227,238,226,237,55,51,6
227,239,226,238,59,58,6
227,240,226,239,51,46,6
227,241,226,240,49,47,6
227,242,226,241,44,43,6
227,243,226,242,46,43,6
228,229,227,224,75,75,6
228,230,227,229,83,83,6
228,231,227,230,78,78,6
228,232,227,231,68,68,6
228,233,227,232,69,68,6
228,234,227,233,74,72,6
228,235,227,234,61,58,6
228,236,227,235,62,58,6
228,237,227,236,59,56,6
228,238,227,237,60,58,6
228,239,227,238,54,52,6
228,240,227,239,50,48,6
228,241,227,240,52,47,6
228,242,227,241,56,52,6
228,243,227,242,55,52,6
229,230,224,229,70,69,6
229,231,224,230,69,69,6
229,232,224,231,63,62,6
229,233,224,232,61,59,6
229,234,224,233,65,62,6
229,235,224,234,50,48,6
229,236,224,235,54,53,6
229,237,224,236,50,48,6
229,238,224,237,45,44,6
229,239,224,238,46,42,6
229,240,224,239,39,37,6
229,241,224,240,42,42,6
229,242,224,241,41,41,6
229,243,224,242,43,41,6
230,231,229,230,79,78,6
230,232,229,231,75,75,6
230,233,229,232,72,72,6
230,234,229,233,75,74,6
230,235,229,234,57,55,6
230,236,229,235,65,62,6
230,237,229,236,64,61,6
230,238,229,237,67,63,6
230,239,229,238,60,58,6
230,240,229,239,55,55,6
230,241,229,240,52,51,6
230,242,229,241,54,52,6
230,243,229,242,52,50,6
231,232,230,231,91,91,6
231,233,230,232,82,80,6
231,234,230,233,84,84,6
231,235,230,234,64,61,6
231,236,230,235,73,72,6
231,237,230,236,70,68,6
231,238,230,237,71,69,6
231,239,230,238,68,68,6
231,240,230,239,60,60,6
231,241,230,240,57,56,6
231,242,230,241,60,59,6
231,243,230,242,55,52,6
232,233,231,232,93,93,6
232,234,231,233,96,96,6
232,235,231,234,73,71,6
232,236,231,235,83,81,6
232,237,231,236,77,75,6
232,238,231,237,76,75,6
232,239,231,238,69,69,6
232,240,231,239,64,64,6
232,241,231,240,62,62,6
232,242,231,241,59,59,6
232,243,231,242,63,62,6
233,234,232,233,91,90,6
233,235,232,234,73,71,6
233,236,232,235,75,74,6
233,237,232,236,72,69,6
233,238,232,237,73,71,6
233,239,232,238,66,66,6
233,240,232,239,63,62,6
233,241,232,240,67,67,6
233,242,232,241,60,60,6
233,243,232,242,62,61,6
234,235,233,234,81,78,6
234,236,233,235,83,82,6
234,237,233,236,77,76,6
234,238,233,237,80,77,6
234,239,233,238,75,74,6
234,240,233,239,68,67,6
234,241,233,240,71,63,6
234,242,233,241,63,60,6
234,243,233,242,63,62,6
235,236,234,235,76,75,6
235,237,234,236,74,73,6
235,238,234,237,70,68,6
235,239,234,238,65,61,6
235,240,234,239,60,58,6
235,241,234,240,62,61,6
235,242,234,241,57,56,6
235,243,234,242,61,61,6
236,237,235,236,89,89,6
236,238,235,237,81,80,6
236,239,235,238,73,72,6
236,240,235,239,71,70,6
236,241,235,240,72,70,6
236,242,235,241,66,65,6
236,243,235,242,66,65,6
237,238,236,237,92,90,6
237,239,236,238,85,82,6
237,240,236,239,77,76,6
237,241,236,240,76,75,6
237,242,236,241,73,70,6
237,243,236,242,73,69,6
238,239,237,238,82,82,6
238,240,237,239,73,73,6
238,241,237,240,74,72,6
238,242,237,241,73,69,6
238,243,237,242,73,66,6
239,240,238,239,85,84,6
239,241,238,240,74,71,6
239,242,238,241,71,70,6
239,243,238,242,70,70,6
240,241,239,240,83,83,6
240,242,239,241,71,70,6
240,243,239,242,72,70,6
241,242,240,241,75,74,6
241,243,240,242,82,81,6
242,243,241,242,86,85,6
