# Image list with two lines of data per image:
#   IMAGE_ID, QW, QX, QY, QZ, TX, TY, TZ, CAMERA_ID, NAME
#   POINTS2D[] as (X, Y, POINT3D_ID)
# Number of images: 148, mean observations per image: 85.527027027027032
1 0.95416911029249407 0.0027010191224287566 -0.15600877640363719 -0.25537281598551287 6.2433548145636468 3.9182563711151333 -1.8351589368450092 1 000002.png
130.23370361328125 56.617591857910156 -1 130.23370361328125 56.617591857910156 -1 130.23370361328125 56.617591857910156 -1 62.966072082519531 14.464282035827637 2586 37.369899749755859 48.395668029785156 2519 221.98783874511719 83.540206909179688 2324 92.216651916503906 141.84913635253906 2584 92.216651916503906 141.84913635253906 2583 104.76371002197266 31.310665130615234 2195 104.76371002197266 31.310665130615234 2559 119.45048522949219 12.415682792663574 -1 98.613906860351562 13.621174812316895 2192 196.40731811523438 102.11121368408203 -1 196.40731811523438 102.11121368408203 -1 196.40731811523438 102.11121368408203 2197 232.77760314941406 132.47076416015625 2650 84.023429870605469 18.761238098144531 2235 23.201839447021484 44.900405883789062 2634 201.97282409667969 117.11011505126953 2252 164.27079772949219 189.71881103515625 2521 18.719705581665039 55.401157379150391 2632 201.97282409667969 117.11011505126953 2509 23.201839447021484 44.900405883789062 2635 40.187648773193359 35.4158935546875 -1 224.32257080078125 94.171005249023438 2663 54.5244140625 37.051979064941406 2669 118.15529632568359 64.176010131835938 2608 245.79188537597656 88.357627868652344 2609 184.53111267089844 99.107696533203125 2684 175.41600036621094 100.28401184082031 2625 245.79188537597656 88.357627868652344 -1 221.61540222167969 71.851760864257812 2208 41.819423675537109 66.757423400878906 2455 231.55772399902344 95.286224365234375 -1 36.629650115966797 95.989578247070312 -1 239.22027587890625 109.68460083007812 2653 196.34397888183594 84.553665161132812 2237 196.34397888183594 84.553665161132812 2306 66.331474304199219 132.03131103515625 -1 188.09904479980469 124.01686096191406 -1 195.1829833984375 120.66070556640625 -1 216.76211547851562 81.617599487304688 2445 31.361682891845703 82.574325561523438 -1 207.73289489746094 87.605438232421875 -1 213.81167602539062 87.981803894042969 -1 92.909706115722656 35.681659698486328 2496 222.31430053710938 103.18013000488281 -1 205.33804321289062 94.517967224121094 -1 171.43321228027344 133.0635986328125 -1 207.42208862304688 125.42388153076172 -1 168.51533508300781 141.78225708007812 2255 222.31430053710938 103.18013000488281 -1 207.73289489746094 87.605438232421875 -1 216.76211547851562 81.617599487304688 -1 92.909706115722656 35.681659698486328 2495 198.44038391113281 110.06996917724609 2211 213.81167602539062 87.981803894042969 -1 204.49369812011719 120.74105834960938 2258 191.3695068359375 243.7467041015625 2655 93.021209716796875 22.002817153930664 -1 204.49369812011719 120.74105834960938 2309 121.96768951416016 6.6235537528991699 2657 117.73497009277344 55.075607299804688 2637 92.659423828125 11.010006904602051 2220 93.021209716796875 22.002817153930664 2224 96.56329345703125 29.735136032104492 2216 88.762405395507812 35.028720855712891 2425 212.70468139648438 79.910797119140625 2445 196.57661437988281 115.43628692626953 2257 175.49884033203125 106.10242462158203 2226 221.99307250976562 132.01274108886719 -1 67.431411743164062 139.35968017578125 2638 226.44578552246094 135.81800842285156 -1 238.69291687011719 155.29328918457031 2660 243.42646789550781 159.06735229492188 -1 246.25413513183594 161.12420654296875 -1 251.27644348144531 165.02742004394531 -1 109.18489837646484 18.453840255737305 2219 216.66903686523438 211.88810729980469 -1 73.152137756347656 87.936447143554688 2639 222.39547729492188 102.67507171630859 -1 83.735328674316406 140.72077941894531 -1 43.3646240234375 109.08889770507812 2615 28.103126525878906 124.32122039794922 -1 73.152137756347656 87.936447143554688 2640 222.39547729492188 102.67507171630859 -1 25.561471939086914 52.621280670166016 2641 207.32376098632812 211.03007507324219 -1 243.97090148925781 240.34434509277344 -1 103.37216949462891 22.023519515991211 2380 251.96002197265625 248.50054931640625 -1 181.57400512695312 120.15095520019531 -1 71.037002563476562 148.90765380859375 -1 25.654163360595703 118.39649200439453 -1 198.74533081054688 126.33026885986328 -1 209.51377868652344 131.69636535644531 -1 213.01132202148438 134.51466369628906 -1 9.6896657943725586 137.57365417480469 -1 3.1527981758117676 142.13197326660156 2596 172.19825744628906 116.78974151611328 -1 29.917060852050781 115.39134216308594 -1 170.1551513671875 113.65312957763672 -1 181.12925720214844 99.405120849609375 -1 221.39678955078125 94.796051025390625 -1 217.70884704589844 94.940895080566406 -1 197.10171508789062 118.61319732666016 -1 72.997520446777344 84.706192016601562 -1 194.21530151367188 79.623222351074219 -1 216.53468322753906 70.78839111328125 -1 113.02143096923828 62.134250640869141 -1 123.73032379150391 59.109916687011719 2642 45.717132568359375 58.938652038574219 -1 95.816444396972656 57.03472900390625 2286 115.31686401367188 52.795825958251953 -1 170.1551513671875 113.65312957763672 -1 198.74533081054688 126.33026885986328 -1 198.74533081054688 126.33026885986328 -1 94.825874328613281 46.310451507568359 -1 95.060935974121094 50.580619812011719 -1 171.25991821289062 146.73609924316406 -1 200.96769714355469 196.28565979003906 -1 250.0615234375 246.72544860839844 -1 179.15220642089844 121.78826141357422 -1 
2 0.95368648357885799 0.0033142594787251675 -0.15619201519157624 -0.25705089206905091 6.2670553235041275 3.9047767573122272 -1.8257607107546836 1 000003.png
129.72196960449219 56.594245910644531 -1 129.72196960449219 56.594245910644531 -1 129.72196960449219 56.594245910644531 -1 64.310256958007812 14.813000679016113 2586 40.912338256835938 48.726028442382812 2519 222.35380554199219 83.782379150390625 2324 95.333259582519531 143.29476928710938 2584 95.333259582519531 143.29476928710938 2583 98.545730590820312 13.617691040039062 2192 104.80979156494141 31.083499908447266 2195 104.80979156494141 31.083499908447266 2559 238.80940246582031 134.497314453125 -1 197.33683776855469 102.83163452148438 2197 197.33683776855469 102.83163452148438 -1 238.80940246582031 134.497314453125 2650 197.33683776855469 102.83163452148438 -1 83.844329833984375 18.44243049621582 2235 20.609590530395508 55.406501770019531 2632 234.78016662597656 92.700309753417969 -1 48.930690765380859 102.17510223388672 -1 165.93898010253906 104.10950469970703 -1 201.98997497558594 117.19710540771484 2509 160.92201232910156 207.44830322265625 -1 46.61346435546875 68.213897705078125 2455 165.93898010253906 104.10950469970703 -1 201.98997497558594 117.19710540771484 2252 57.107093811035156 35.947845458984375 2669 120.57302093505859 64.206085205078125 2608 52.892173767089844 111.82978057861328 2651 184.49490356445312 99.083518981933594 2684 38.378692626953125 96.440048217773438 -1 176.22740173339844 98.907913208007812 2625 224.1597900390625 102.69663238525391 -1 245.72970581054688 111.0185546875 2653 63.403316497802734 118.65583038330078 -1 187.80729675292969 123.47055053710938 -1 224.1597900390625 102.69663238525391 -1 196.34710693359375 84.539649963378906 2306 221.58499145507812 71.890167236328125 -1 45.000564575195312 67.484046936035156 2455 196.34710693359375 84.539649963378906 2237 227.947509765625 112.53844451904297 -1 227.947509765625 112.53844451904297 -1 227.947509765625 112.53844451904297 -1 198.630615234375 110.04624938964844 2211 249.02732849121094 88.946449279785156 2609 207.72186279296875 87.640464782714844 -1 92.849723815917969 35.358055114746094 2495 207.72186279296875 87.640464782714844 -1 216.99427795410156 81.416595458984375 2445 29.417783737182617 74.011787414550781 -1 249.02732849121094 88.946449279785156 -1 92.849723815917969 35.358055114746094 2496 124.49162292480469 8.5115871429443359 -1 171.46600341796875 133.02630615234375 -1 71.501884460449219 142.89683532714844 2638 168.61543273925781 141.73110961914062 2255 216.99427795410156 81.416595458984375 -1 93.061622619628906 21.831357955932617 2224 213.64016723632812 87.990951538085938 -1 93.061622619628906 21.831357955932617 -1 213.64016723632812 87.990951538085938 -1 165.34614562988281 126.74180603027344 -1 204.57711791992188 120.77994537353516 2309 108.19212341308594 72.716964721679688 -1 96.476165771484375 29.759376525878906 2216 52.792472839355469 39.693572998046875 -1 119.9918212890625 55.104198455810547 2637 94.307548522949219 73.707611083984375 -1 212.62498474121094 80.00164794921875 2445 239.76600646972656 82.147857666015625 2209 41.979183197021484 101.58052062988281 2614 196.60142517089844 115.47712707519531 2257 165.34614562988281 126.74180603027344 -1 78.572776794433594 162.53565979003906 -1 74.363609313964844 163.2847900390625 -1 204.3282470703125 251.05995178222656 -1 94.307548522949219 73.707611083984375 -1 204.57711791992188 120.77994537353516 2258 199.89010620117188 251.37649536132812 2655 45.439876556396484 109.80663299560547 2615 63.858715057373047 124.60392761230469 -1 229.71044921875 145.40318298339844 2595 252.62525939941406 163.59609985351562 -1 76.405845642089844 167.23365783691406 -1 221.79031372070312 102.99504852294922 -1 86.080703735351562 2.8917129039764404 250 172.62236022949219 142.81379699707031 -1 93.283027648925781 10.418068885803223 2220 109.20161437988281 18.474861145019531 2219 170.72798156738281 217.39117431640625 2616 115.90316772460938 53.529182434082031 -1 76.699874877929688 87.382514953613281 2639 76.699874877929688 87.382514953613281 2640 76.405845642089844 167.23365783691406 -1 93.147987365722656 158.08027648925781 2619 178.31199645996094 190.79090881347656 -1 200.13282775878906 200.92863464355469 -1 207.97505187988281 128.04330444335938 -1 213.97232055664062 206.94137573242188 -1 181.68109130859375 120.08573913574219 -1 225.2763671875 118.49298858642578 2579 197.17791748046875 118.73287963867188 -1 124.04798889160156 7.1040177345275879 -1 175.63185119628906 105.87419891357422 2226 181.10089111328125 99.388526916503906 -1 227.38995361328125 97.450263977050781 2663 230.34208679199219 92.621406555175781 2568 218.82490539550781 86.152503967285156 -1 231.22174072265625 85.684501647949219 -1 194.21107482910156 79.64166259765625 -1 204.194580078125 64.717765808105469 -1 216.38446044921875 70.681915283203125 -1 219.85218811035156 128.357177734375 -1 171.51699829101562 146.62045288085938 -1 125.78369140625 58.55682373046875 2642 30.541402816772461 55.945339202880859 2641 95.115333557128906 50.517341613769531 -1 218.82490539550781 86.152503967285156 -1 93.147987365722656 158.08027648925781 2623 174.47747802734375 109.47755432128906 -1 241.87901306152344 154.86856079101562 2660 92.595314025878906 23.091079711914062 -1 216.92507934570312 135.006103515625 -1 103.08310699462891 22.249870300292969 2380 214.57675170898438 133.28277587890625 -1 33.845016479492188 63.813610076904297 -1 
3 0.95396039208204564 0.003353267452536422 -0.15626021444956933 -0.25599037348352843 6.2419225553753881 3.9095430381682412 -1.8218415437173756 1 000000.png
130.03167724609375 56.496356964111328 -1 130.03167724609375 56.496356964111328 -1 130.03167724609375 56.496356964111328 -1 36.009731292724609 48.794010162353516 2519 221.93775939941406 83.688156127929688 2324 89.467689514160156 141.21205139160156 2583 89.467689514160156 141.21205139160156 2584 118.44245910644531 11.307068824768066 -1 98.627243041992188 13.659690856933594 2192 104.74274444580078 31.333576202392578 2195 104.74274444580078 31.333576202392578 2559 120.17722320556641 44.693008422851562 -1 228.65902709960938 131.83934020996094 2650 195.99052429199219 102.46541595458984 2197 195.99052429199219 102.46541595458984 -1 195.99052429199219 102.46541595458984 -1 244.50326538085938 89.066215515136719 2609 233.13246154785156 95.527557373046875 -1 201.89106750488281 117.24485778808594 2252 152.66181945800781 202.27548217773438 -1 49.579322814941406 111.97383880615234 2651 21.690113067626953 45.001674652099609 2634 21.690113067626953 45.001674652099609 2635 175.0408935546875 101.33420562744141 2625 216.75325012207031 111.61660766601562 -1 216.75325012207031 111.61660766601562 2364 54.019489288330078 49.758415222167969 -1 161.720458984375 188.30197143554688 2521 85.402877807617188 19.836467742919922 2235 38.994590759277344 35.801582336425781 -1 52.395313262939453 37.043025970458984 2669 54.019489288330078 49.758415222167969 -1 184.53874206542969 99.12677001953125 2684 43.912055969238281 78.255195617675781 -1 39.820125579833984 66.611160278320312 2455 221.62887573242188 71.837860107421875 2208 196.32292175292969 84.606224060058594 2237 168.29061889648438 105.79679107666016 2652 194.99833679199219 120.78247833251953 -1 235.61625671386719 109.46659851074219 2653 196.32292175292969 84.606224060058594 2306 117.27666473388672 63.073596954345703 2608 102.06098937988281 71.557281494140625 -1 64.484375 132.07496643066406 2638 171.42939758300781 133.21641540527344 -1 168.48733520507812 141.81285095214844 2255 206.55987548828125 126.56504058837891 -1 188.71510314941406 124.49217224121094 -1 198.68804931640625 110.02146148681641 2211 224.48504638671875 95.236221313476562 2663 209.35009765625 106.74481201171875 -1 92.885269165039062 35.875980377197266 2496 207.77667236328125 87.558868408203125 -1 207.77667236328125 87.558868408203125 -1 92.885269165039062 35.875980377197266 2495 196.55122375488281 115.44188690185547 2257 204.38752746582031 120.71974182128906 2258 88.894508361816406 153.51844787597656 2619 188.50796508789062 241.94566345214844 -1 251.64495849609375 98.762908935546875 -1 42.006538391113281 108.40897369384766 -1 204.38752746582031 120.71974182128906 2309 88.894508361816406 153.51844787597656 2623 96.481246948242188 29.743497848510742 2216 88.616653442382812 34.052146911621094 2425 251.64495849609375 98.762908935546875 -1 249.84953308105469 103.83032989501953 -1 42.006538391113281 108.40897369384766 2615 57.449989318847656 115.4388427734375 -1 163.91120910644531 115.23319244384766 -1 215.98870849609375 116.52055358886719 -1 120.37925720214844 5.0044035911560059 2657 162.31298828125 210.97366333007812 2616 12.429851531982422 133.70027160644531 -1 159.99172973632812 203.09536743164062 -1 178.56242370605469 106.91165924072266 -1 94.382133483886719 70.07440185546875 -1 183.06423950195312 235.59597778320312 2658 71.446037292480469 87.696563720703125 2639 122.94478607177734 248.84228515625 -1 178.55909729003906 98.085189819335938 2625 195.31170654296875 249.94419860839844 -1 212.78074645996094 80.198074340820312 2445 94.382133483886719 70.07440185546875 -1 130.40802001953125 65.652908325195312 -1 71.446037292480469 87.696563720703125 -1 183.06423950195312 235.59597778320312 -1 109.21057891845703 18.439153671264648 2219 116.51934814453125 54.653511047363281 2637 130.40802001953125 65.652908325195312 2659 252.75105285644531 168.6187744140625 -1 224.56199645996094 145.80296325683594 -1 231.72457885742188 151.56210327148438 2660 70.943527221679688 151.93571472167969 -1 240.5885009765625 158.72538757324219 -1 202.35859680175781 208.02848815917969 2678 85.731033325195312 3.1258394718170166 250 226.97563171386719 234.10479736328125 -1 126.35647583007812 249.90042114257812 -1 197.10548400878906 118.62270355224609 -1 172.2606201171875 116.50410461425781 -1 209.877685546875 113.24332427978516 -1 175.63211059570312 106.02947998046875 2226 181.14324951171875 99.3602294921875 -1 228.01719665527344 97.01458740234375 2663 221.15623474121094 94.582145690917969 -1 248.54171752929688 86.858657836914062 -1 93.618980407714844 27.423578262329102 -1 199.93379211425781 86.86859130859375 -1 208.3265380859375 83.456466674804688 -1 95.834754943847656 57.101779937744141 2286 85.731033325195312 3.1258394718170166 2244 124.00522613525391 60.049163818359375 -1 208.3265380859375 83.456466674804688 -1 209.877685546875 113.24332427978516 -1 121.24117279052734 57.878894805908203 2642 227.26109313964844 148.09999084472656 -1 216.5499267578125 70.714439392089844 -1 124.00522613525391 60.049163818359375 -1 250.98886108398438 94.685493469238281 -1 215.3455810546875 76.223739624023438 -1 209.10464477539062 118.24076080322266 -1 194.29890441894531 79.583053588867188 -1 63.265617370605469 132.21614074707031 -1 
4 0.95393062515120619 0.0035255278712673283 -0.15653123917364439 -0.25593339800545956 6.2458539561845416 3.9138121095530347 -1.8185024087362256 1 000001.png
129.99128723144531 56.452091217041016 -1 129.99128723144531 56.452091217041016 -1 129.99128723144531 56.452091217041016 -1 36.251003265380859 48.677318572998047 2519 221.92295837402344 83.623031616210938 2324 90.364898681640625 140.8609619140625 2584 90.364898681640625 140.8609619140625 2583 118.63076782226562 11.546126365661621 -1 98.635551452636719 13.660479545593262 2192 104.74522399902344 31.413528442382812 2195 104.74522399902344 31.413528442382812 2559 196.1239013671875 102.26461791992188 2197 119.96915435791016 43.852840423583984 -1 229.65945434570312 131.845458984375 2650 196.1239013671875 102.26461791992188 -1 196.1239013671875 102.26461791992188 -1 84.06439208984375 18.712804794311523 2235 22.877153396606445 45.224296569824219 2634 244.93173217773438 89.069770812988281 2609 202.000244140625 117.14105224609375 2252 162.28968811035156 187.637939453125 2521 233.18673706054688 95.490142822265625 -1 22.877153396606445 45.224296569824219 2635 49.82000732421875 111.66732025146484 2651 53.814300537109375 49.588874816894531 -1 53.814300537109375 49.588874816894531 -1 175.06784057617188 101.10002136230469 2625 216.98860168457031 111.63105010986328 -1 216.98860168457031 111.63105010986328 -1 216.98860168457031 111.63105010986328 2364 39.397434234619141 35.657722473144531 -1 52.770729064941406 36.885616302490234 2669 17.942390441894531 54.606235504150391 2632 184.53120422363281 99.130119323730469 2684 221.68003845214844 71.889862060546875 2208 117.37181854248047 63.018424987792969 2608 40.804561614990234 66.652549743652344 2455 196.33006286621094 84.568519592285156 2237 35.558700561523438 95.158111572265625 -1 195.00624084472656 120.77647399902344 -1 236.30729675292969 109.50888061523438 2653 196.33006286621094 84.568519592285156 2306 168.73480224609375 105.75139617919922 2652 92.849166870117188 35.503082275390625 2496 102.05403900146484 71.698379516601562 -1 168.56962585449219 141.738525390625 2255 206.72993469238281 126.37040710449219 -1 188.64634704589844 124.38340759277344 -1 198.63058471679688 110.02663421630859 2211 209.55300903320312 106.56341552734375 -1 230.00804138183594 96.014480590820312 -1 213.90141296386719 87.928459167480469 -1 224.47463989257812 95.302749633789062 2663 171.4407958984375 132.86695861816406 -1 207.71591186523438 87.548637390136719 -1 213.90141296386719 87.928459167480469 -1 207.71591186523438 87.548637390136719 -1 92.849166870117188 35.503082275390625 2495 204.4481201171875 120.66407775878906 2258 165.73873901367188 125.61788940429688 -1 157.91455078125 200.89688110351562 -1 186.54647827148438 239.21195983886719 2655 252.20623779296875 98.528846740722656 -1 204.4481201171875 120.66407775878906 2309 165.73873901367188 125.61788940429688 -1 186.54647827148438 239.21195983886719 -1 196.59527587890625 115.42433929443359 2257 92.662582397460938 10.451163291931152 2220 96.385147094726562 29.793825149536133 2216 24.090778350830078 66.580154418945312 -1 216.19422912597656 81.670135498046875 2445 252.20623779296875 98.528846740722656 -1 250.61576843261719 103.70060729980469 -1 209.08740234375 118.29639434814453 -1 233.77511596679688 153.06387329101562 2660 164.72232055664062 195.64402770996094 -1 189.5443115234375 242.62086486816406 2671 133.40837097167969 67.913032531738281 2659 111.20918273925781 21.207332611083984 -1 71.662666320800781 87.736763000488281 2640 88.717155456542969 34.456184387207031 2425 178.68710327148438 97.805152893066406 2625 133.40837097167969 67.913032531738281 -1 42.308052062988281 108.47480010986328 2615 164.52384948730469 115.43100738525391 -1 190.11259460449219 123.31987762451172 -1 197.99378967285156 126.33668518066406 -1 109.180419921875 18.450454711914062 2219 116.71051025390625 54.74212646484375 2637 249.10905456542969 165.33859252929688 -1 42.308052062988281 108.47480010986328 -1 197.99378967285156 126.33668518066406 -1 212.9072265625 80.132232666015625 2445 71.662666320800781 87.736763000488281 2639 252.11964416503906 94.261116027832031 -1 172.43798828125 142.6800537109375 -1 146.93734741210938 75.407272338867188 -1 236.41914367675781 154.96377563476562 2660 206.0452880859375 211.43959045410156 2678 220.64942932128906 218.3790283203125 2672 247.33015441894531 245.87310791015625 -1 221.03959655761719 142.55221557617188 -1 123.52198028564453 249.04554748535156 -1 85.715278625488281 2.9199056625366211 250 4.5416345596313477 139.57382202148438 -1 12.031919479370117 126.62302398681641 -1 179.15324401855469 121.83016204833984 -1 217.14566040039062 116.75677490234375 -1 172.15167236328125 116.74037933349609 -1 173.22145080566406 104.1290283203125 -1 181.14421081542969 99.407745361328125 -1 247.72999572753906 94.579612731933594 -1 242.86354064941406 87.507560729980469 -1 175.51400756835938 106.15053558349609 2226 218.89617919921875 85.983505249023438 -1 194.250732421875 79.610145568847656 -1 85.715278625488281 2.9199056625366211 2244 58.972953796386719 49.708263397216797 -1 218.89617919921875 85.983505249023438 -1 173.22145080566406 104.1290283203125 -1 172.70408630371094 115.61077880859375 -1 101.05260467529297 23.34367561340332 2380 93.768013000488281 27.465213775634766 -1 58.972953796386719 49.708263397216797 -1 95.1058349609375 50.557117462158203 -1 216.53636169433594 70.745620727539062 -1 231.33103942871094 85.515830993652344 -1 149.27777099609375 241.64019775390625 -1 235.93359375 234.51393127441406 -1 226.26036071777344 146.60762023925781 2595 123.90287780761719 59.804050445556641 -1 123.90287780761719 59.804050445556641 -1 
5 0.95364172773092903 0.0043584794375466475 -0.15696449973078558 -0.25673060707992246 6.2935596219223102 3.9234500489413286 -1.8119263592603503 1 000005.png
126.71482086181641 54.760604858398438 -1 126.71482086181641 54.760604858398438 -1 126.71482086181641 54.760604858398438 -1 52.461658477783203 50.207450866699219 2519 104.94252014160156 146.19841003417969 2583 104.94252014160156 146.19841003417969 2584 222.76072692871094 83.835365295410156 2324 71.317634582519531 20.493375778198242 -1 124.06069183349609 20.85106086730957 -1 199.08926391601562 209.98757934570312 2544 98.428352355957031 13.707642555236816 2192 104.99321746826172 31.079408645629883 2195 171.54183959960938 242.31532287597656 -1 104.99321746826172 31.079408645629883 2559 60.640529632568359 72.388832092285156 2455 197.53477478027344 102.64488983154297 2197 181.19099426269531 201.23690795898438 2521 83.939170837402344 18.641094207763672 2235 27.210046768188477 53.036796569824219 2632 42.831317901611328 94.0167236328125 -1 212.74307250976562 135.43241882324219 2575 132.33833312988281 16.838077545166016 2576 212.74307250976562 135.43241882324219 2577 208.84999084472656 65.184310913085938 -1 184.57902526855469 98.898056030273438 2684 241.98338317871094 100.42949676513672 2578 253.47958374023438 101.73754119873047 2589 184.57902526855469 98.898056030273438 2684 169.752197265625 98.150619506835938 2587 189.90847778320312 193.95301818847656 -1 73.691314697265625 124.00657653808594 -1 127.39738464355469 61.738441467285156 2608 169.752197265625 98.150619506835938 -1 221.65478515625 71.914230346679688 -1 131.35787963867188 13.751547813415527 2484 117.3719482421875 52.349384307861328 -1 95.246994018554688 69.332611083984375 -1 94.676872253417969 84.430976867675781 -1 196.31533813476562 84.554115295410156 2306 178.2879638671875 95.129310607910156 2625 63.748542785644531 31.790615081787109 2533 178.2879638671875 95.129310607910156 2591 187.80752563476562 123.78330230712891 -1 94.676872253417969 84.430976867675781 -1 196.31533813476562 84.554115295410156 2237 116.75369262695312 53.968460083007812 -1 217.27882385253906 81.075485229492188 -1 240.43338012695312 83.054824829101562 2209 168.79774475097656 141.53167724609375 2255 171.52264404296875 133.1903076171875 -1 210.53977966308594 120.21788787841797 -1 217.27882385253906 81.075485229492188 2445 207.85153198242188 87.895965576171875 -1 210.53977966308594 120.21788787841797 -1 207.85153198242188 87.895965576171875 -1 198.797607421875 110.20327758789062 2211 224.52523803710938 95.560905456542969 2663 6.8658652305603027 141.76315307617188 -1 6.8658652305603027 141.76315307617188 -1 126.70320892333984 52.952590942382812 -1 204.51502990722656 120.52658081054688 2258 203.81214904785156 125.5009765625 -1 203.81214904785156 125.5009765625 2436 110.84954833984375 21.971899032592773 -1 96.341049194335938 29.763790130615234 2216 126.70320892333984 52.952590942382812 2637 50.925086975097656 108.99952697753906 2615 196.51266479492188 115.44426727294922 2257 204.51502990722656 120.52658081054688 2309 203.81214904785156 125.5009765625 2436 122.77787017822266 51.576854705810547 -1 238.45516967773438 123.07115173339844 2579 94.3131103515625 42.654880523681641 -1 212.96739196777344 127.06708526611328 -1 245.58029174804688 143.39395141601562 -1 216.07511901855469 129.34056091308594 2553 13.735417366027832 140.74664306640625 -1 6.6410951614379883 146.17779541015625 -1 234.15452575683594 231.66950988769531 2678 92.889640808105469 10.399160385131836 2220 109.25420379638672 18.463384628295898 2219 129.92250061035156 21.306404113769531 -1 96.021812438964844 150.61195373535156 2600 212.85914611816406 80.255775451660156 2445 247.25347900390625 86.126243591308594 -1 178.109375 98.931961059570312 2625 48.326347351074219 101.32389831542969 2614 26.132417678833008 123.03373718261719 -1 170.2557373046875 95.972183227539062 -1 237.67581176757812 147.169677734375 2595 169.49455261230469 144.53604125976562 -1 103.35981750488281 22.06822395324707 2380 239.05882263183594 227.81141662597656 2672 196.51136779785156 242.36283874511719 2671 184.11349487304688 227.94856262207031 2616 230.41807556152344 92.440193176269531 2568 228.35423278808594 96.112396240234375 2663 181.15530395507812 99.398536682128906 -1 175.63272094726562 105.75350189208984 2226 174.55366516113281 109.42079162597656 -1 50.343673706054688 113.03664398193359 2490 165.8154296875 113.57174682617188 -1 213.12638854980469 117.61029052734375 -1 47.069602966308594 90.576583862304688 -1 200.18905639648438 86.400161743164062 -1 218.710693359375 85.836570739746094 -1 231.3935546875 85.452850341796875 -1 93.793045043945312 27.338430404663086 -1 194.27302551269531 79.632850646972656 -1 173.80172729492188 140.67781066894531 -1 145.40850830078125 63.928440093994141 -1 34.976673126220703 59.763088226318359 2526 115.54775238037109 57.305000305175781 -1 37.091732025146484 57.121295928955078 2641 135.492919921875 56.003246307373047 -1 216.561767578125 70.770484924316406 -1 50.343673706054688 113.03664398193359 2488 169.49455261230469 144.53604125976562 -1 197.09078979492188 118.59368133544922 -1 233.39614868164062 133.93428039550781 -1 115.54775238037109 57.305000305175781 2581 220.35835266113281 132.64254760742188 -1 43.020267486572266 80.824508666992188 -1 174.87100219726562 88.010009765625 2597 
6 0.95180118487723175 0.0028165380711800401 -0.1592415471911249 -0.26212344654335695 6.3942238296816587 3.8866181620366174 -1.8040645957885564 1 000009.png
135.30239868164062 53.959373474121094 2449 135.30239868164062 53.959373474121094 2451 76.121162414550781 72.524017333984375 2519 76.121162414550781 72.524017333984375 2479 76.121162414550781 72.524017333984375 2478 68.882911682128906 26.384733200073242 -1 68.882911682128906 26.384733200073242 -1 104.26718902587891 42.919151306152344 -1 222.66319274902344 84.063705444335938 2324 195.47297668457031 63.562473297119141 2440 49.258457183837891 83.337692260742188 2480 205.85464477539062 220.70584106445312 -1 230.133544921875 110.91572570800781 2534 78.7530517578125 120.40666961669922 2454 105.08422088623047 32.259513854980469 2195 78.7530517578125 120.40666961669922 2453 121.89545440673828 50.993877410888672 -1 105.08422088623047 32.259513854980469 2559 105.08422088623047 32.259513854980469 2559 98.432838439941406 13.609283447265625 2192 121.89545440673828 50.993877410888672 -1 210.456298828125 239.22245788574219 -1 59.027275085449219 45.653583526611328 2535 206.21511840820312 224.25747680664062 2483 197.12623596191406 102.35269165039062 2197 91.468986511230469 100.41352081298828 2455 120.966796875 54.342990875244141 -1 206.21511840820312 224.25747680664062 2521 120.966796875 54.342990875244141 -1 91.468986511230469 100.41352081298828 2536 83.848358154296875 19.60455322265625 2235 168.7076416015625 92.193763732910156 2522 219.63581848144531 134.8560791015625 2481 110.56852722167969 191.41964721679688 2468 168.7076416015625 92.193763732910156 -1 202.38090515136719 116.64580535888672 2252 202.38090515136719 116.64580535888672 2509 219.63581848144531 134.8560791015625 2561 110.56852722167969 191.41964721679688 2467 9.638005256652832 172.11891174316406 -1 59.351062774658203 130.56494140625 2488 115.54409790039062 75.73016357421875 -1 115.54409790039062 75.73016357421875 -1 143.09408569335938 21.960874557495117 2484 86.706924438476562 44.808719635009766 2533 117.60535430908203 64.3763427734375 -1 139.74964904785156 65.0599365234375 2441 48.632236480712891 70.818572998046875 2486 244.03065490722656 86.510284423828125 2209 171.56765747070312 92.890769958496094 2522 184.79249572753906 98.510597229003906 2684 47.449653625488281 140.51164245605469 -1 9.638005256652832 172.11891174316406 -1 117.60535430908203 64.3763427734375 -1 139.74964904785156 65.0599365234375 2531 171.56765747070312 92.890769958496094 -1 184.79249572753906 98.510597229003906 2684 59.351062774658203 130.56494140625 2490 196.26470947265625 84.505210876464844 2306 221.65748596191406 71.968856811523438 2208 250.14370727539062 238.20916748046875 -1 196.26470947265625 84.505210876464844 2237 173.253662109375 93.942886352539062 -1 250.14370727539062 238.20916748046875 2564 206.58346557617188 62.03558349609375 -1 202.25263977050781 237.04266357421875 2491 173.253662109375 93.942886352539062 -1 182.10940551757812 90.361289978027344 2487 94.334793090820312 57.937053680419922 -1 214.36749267578125 88.057220458984375 -1 171.6741943359375 133.01333618164062 -1 174.000244140625 126.84590911865234 -1 213.6619873046875 115.27607727050781 -1 198.69631958007812 110.1837158203125 2211 250.11190795898438 88.873405456542969 -1 208.05950927734375 88.327804565429688 -1 216.97920227050781 81.365669250488281 2445 216.97920227050781 81.365669250488281 -1 250.11190795898438 88.873405456542969 -1 213.6619873046875 115.27607727050781 -1 100.99734497070312 189.67596435546875 2511 214.36749267578125 88.057220458984375 -1 100.99734497070312 189.67596435546875 2510 169.16818237304688 141.99769592285156 2255 207.97779846191406 248.74380493164062 2557 207.97779846191406 248.74380493164062 -1 224.61666870117188 96.093788146972656 2663 10.589731216430664 155.579833984375 -1 107.61163330078125 194.9732666015625 -1 92.571060180664062 10.780869483947754 2220 96.541778564453125 29.79511833190918 2216 204.41600036621094 120.70522308349609 2258 107.61163330078125 194.9732666015625 -1 196.65541076660156 115.52208709716797 2257 65.16790771484375 116.02581787109375 2538 204.41600036621094 120.70522308349609 2309 226.40835571289062 130.77439880371094 2554 23.711616516113281 154.47660827636719 -1 3.1401212215423584 171.78762817382812 -1 183.39851379394531 86.079147338867188 2428 235.42312622070312 137.58418273925781 2553 215.40621948242188 121.63779449462891 -1 203.90333557128906 125.05913543701172 2436 109.29666137695312 18.449085235595703 2219 220.14224243164062 125.3212890625 2525 57.331737518310547 91.070938110351562 -1 56.896934509277344 81.119049072265625 2526 178.25787353515625 98.434860229492188 2625 216.43980407714844 112.65097045898438 -1 209.9383544921875 113.48070526123047 -1 63.864295959472656 109.96026611328125 -1 174.50689697265625 109.39962768554688 -1 175.58055114746094 105.89990997314453 2226 231.18240356445312 85.768150329589844 -1 54.896381378173828 83.970527648925781 -1 208.52006530761719 83.377510070800781 -1 212.97987365722656 80.114952087402344 2445 115.59785461425781 60.169696807861328 2556 235.67265319824219 215.60490417480469 -1 240.43643188476562 228.94577026367188 -1 249.96690368652344 239.30447387695312 -1 103.58071899414062 21.945695877075195 2380 68.416114807128906 122.82426452636719 2471 217.54476928710938 134.88168334960938 -1 248.22319030761719 137.89659118652344 2570 41.051952362060547 139.42860412597656 2528 193.66154479980469 140.40074157714844 2529 108.41144561767578 14.323025703430176 2374 208.52006530761719 83.377510070800781 -1 249.96690368652344 239.30447387695312 -1 136.11634826660156 53.817882537841797 -1 181.70751953125 120.61717224121094 -1 253.20420837402344 242.11477661132812 -1 212.10067749023438 118.79179382324219 -1 253.20420837402344 242.11477661132812 -1 212.10067749023438 118.79179382324219 2555 
7 0.95309369745686467 0.0036105835496822091 -0.15731344794841437 -0.25855724056582657 6.3142315525633288 3.9098684684728773 -1.8161844039887298 1 000006.png
127.02995300292969 54.541069030761719 -1 127.02995300292969 54.541069030761719 -1 127.02995300292969 54.541069030761719 -1 56.397796630859375 52.658710479736328 -1 108.32036590576172 147.96614074707031 -1 108.32036590576172 147.96614074707031 -1 72.110107421875 20.802120208740234 2586 222.50349426269531 83.838897705078125 2324 203.18748474121094 213.97972106933594 -1 226.54954528808594 109.85912322998047 2534 98.417198181152344 13.719322204589844 2192 105.03479766845703 31.019149780273438 2195 105.03479766845703 31.019149780273438 2559 197.54058837890625 102.58019256591797 2197 134.77615356445312 19.067235946655273 2576 65.282356262207031 76.039474487304688 -1 58.764713287353516 99.805442810058594 -1 58.764713287353516 99.805442810058594 -1 185.06590270996094 206.00091552734375 2521 175.7943115234375 220.81291198730469 -1 230.94198608398438 230.38067626953125 2564 58.764713287353516 99.805442810058594 -1 167.04736328125 96.736198425292969 -1 214.24644470214844 135.36126708984375 2575 188.97398376464844 220.53205871582031 -1 83.876533508300781 18.564363479614258 2235 167.04736328125 96.736198425292969 -1 214.24644470214844 135.36126708984375 2577 184.61479187011719 98.834663391113281 2684 118.07982635498047 52.363967895507812 2547 30.942142486572266 53.609096527099609 -1 184.61479187011719 98.834663391113281 2684 246.26446533203125 101.98902893066406 2578 209.10269165039062 65.188850402832031 -1 133.72677612304688 16.015897750854492 2484 196.2750244140625 84.588134765625 2237 129.77035522460938 61.2720947265625 2531 203.58598327636719 119.65141296386719 -1 117.36540222167969 54.402534484863281 -1 221.61866760253906 71.940711975097656 -1 196.2750244140625 84.588134765625 2306 179.0469970703125 93.958320617675781 -1 203.58598327636719 119.65141296386719 -1 190.36257934570312 237.26957702636719 2557 170.78076171875 97.307357788085938 -1 133.43608093261719 14.630059242248535 2484 129.77035522460938 61.2720947265625 2441 66.479782104492188 32.542747497558594 2533 179.0469970703125 93.958320617675781 2591 170.78076171875 97.307357788085938 -1 187.50149536132812 123.44709777832031 -1 95.543495178222656 71.951889038085938 -1 217.34808349609375 81.023666381835938 -1 91.875099182128906 81.256584167480469 -1 210.94725036621094 119.27376556396484 -1 171.58757019042969 133.04086303710938 -1 242.71479797363281 84.541030883789062 2209 210.94725036621094 119.27376556396484 -1 217.34808349609375 81.023666381835938 2445 198.74261474609375 110.17958831787109 2211 224.40791320800781 95.478691101074219 2663 207.90119934082031 88.040267944335938 -1 168.72456359863281 141.53460693359375 2255 128.99143981933594 53.191131591796875 2537 96.5523681640625 77.415283203125 -1 204.44009399414062 120.51022338867188 2258 203.84402465820312 125.3173828125 2436 53.412029266357422 109.62446594238281 2538 99.404975891113281 157.86573791503906 -1 110.82484436035156 21.918621063232422 -1 96.489570617675781 29.67266845703125 2216 128.99143981933594 53.191131591796875 2539 96.5523681640625 77.415283203125 -1 196.5821533203125 115.43824005126953 2257 204.44009399414062 120.51022338867188 2309 203.84402465820312 125.3173828125 2436 80.063728332519531 140.23689270019531 -1 99.404975891113281 157.86573791503906 -1 175.90829467773438 133.50685119628906 -1 243.35647583007812 240.10186767578125 -1 210.25218200683594 123.700927734375 -1 228.50636291503906 96.092582702636719 2663 212.85092163085938 80.221855163574219 2445 178.10224914550781 98.864906311035156 2625 214.39956665039062 105.96392059326172 -1 87.278350830078125 85.055450439453125 -1 37.174461364746094 117.62491607666016 2566 168.78654479980469 117.41492462158203 -1 242.42666625976562 124.74417114257812 2579 18.354726791381836 131.49177551269531 -1 221.44416809082031 132.5576171875 -1 27.76966667175293 132.83865356445312 -1 170.01945495605469 81.837646484375 -1 20.55302619934082 138.15290832519531 2512 233.7236328125 142.56304931640625 -1 3.4744114875793457 151.71153259277344 2596 251.83738708496094 157.55711364746094 -1 210.25218200683594 123.700927734375 -1 115.74295043945312 58.589340209960938 -1 3.4744114875793457 151.71153259277344 -1 92.956466674804688 10.36944580078125 2220 109.21829986572266 18.454944610595703 2219 115.74295043945312 58.589340209960938 2581 181.6217041015625 120.26695251464844 -1 204.74105834960938 116.37779235839844 2313 98.471824645996094 146.84320068359375 -1 215.59323120117188 202.04219055175781 -1 85.793098449707031 3.1735293865203857 250 175.61726379394531 105.74111938476562 2226 181.13186645507812 99.432937622070312 -1 221.52095031738281 95.0089111328125 -1 48.382053375244141 94.735267639160156 -1 230.41792297363281 92.56256103515625 2568 208.42776489257812 83.541946411132812 -1 194.27946472167969 79.609626770019531 -1 93.039649963378906 76.328445434570312 -1 95.793159484863281 55.380027770996094 2286 216.35359191894531 70.66741943359375 -1 46.025241851806641 66.095657348632812 -1 103.47527313232422 21.998882293701172 2380 143.04690551757812 60.193881988525391 -1 85.793098449707031 3.1735293865203857 2244 93.039649963378906 76.328445434570312 -1 208.42776489257812 83.541946411132812 -1 204.74105834960938 116.37779235839844 -1 172.13566589355469 116.89532470703125 2569 47.037559509277344 91.194320678710938 -1 92.584213256835938 23.177627563476562 -1 93.748550415039062 27.383626937866211 -1 238.48138427734375 234.97357177734375 -1 172.13566589355469 116.89532470703125 2384 197.10330200195312 118.66639709472656 -1 44.764400482177734 119.99238586425781 2475 38.588718414306641 62.571559906005859 -1 222.28895568847656 123.93165588378906 2558 231.299072265625 218.84426879882812 -1 227.62837219238281 128.18701171875 2570 
8 0.95332982228820917 0.0038477289632161777 -0.15725932201620965 -0.25771486289455497 6.2882595535395325 3.8997671281461521 -1.809891196335017 1 000004.png
127.83740234375 55.724506378173828 -1 127.83740234375 55.724506378173828 -1 127.83740234375 55.724506378173828 -1 66.477485656738281 14.908139228820801 2586 45.774238586425781 48.130516052246094 2519 124.20092010498047 20.333616256713867 -1 222.41679382324219 83.746894836425781 2324 98.442108154296875 144.66925048828125 2583 191.69252014160156 205.54823303222656 2544 98.442108154296875 144.66925048828125 2584 98.474479675292969 13.619510650634766 2192 104.87181091308594 31.057247161865234 2195 104.87181091308594 31.057247161865234 2559 244.2445068359375 136.52340698242188 -1 82.4144287109375 16.932479858398438 2235 197.48046875 102.67740631103516 2197 175.08277893066406 196.32328796386719 2521 197.48046875 102.67740631103516 -1 197.48046875 102.67740631103516 -1 29.179040908813477 43.163719177246094 2634 22.86250114440918 53.403751373291016 2632 56.028152465820312 111.70301818847656 2651 60.492763519287109 32.512779235839844 2533 29.179040908813477 43.163719177246094 2635 164.27410888671875 97.675056457519531 2587 40.239006042480469 95.211029052734375 -1 244.37388610839844 98.852447509765625 2589 244.37388610839844 98.852447509765625 -1 184.49630737304688 99.014045715332031 2684 50.75372314453125 68.304924011230469 2455 245.86480712890625 87.977409362792969 2609 196.32759094238281 84.551353454589844 2237 235.39378356933594 98.678024291992188 2578 187.82307434082031 123.61977386474609 -1 56.501869201660156 38.93988037109375 -1 123.664794921875 61.518417358398438 2608 221.52694702148438 71.794975280761719 -1 177.304443359375 97.275840759277344 2625 108.3690185546875 74.153167724609375 -1 235.39378356933594 98.678024291992188 -1 196.32759094238281 84.551353454589844 2306 127.46915435791016 10.724343299865723 -1 92.799591064453125 35.217426300048828 2496 67.634895324707031 41.56353759765625 -1 209.78608703613281 122.03959655761719 -1 171.47763061523438 133.10078430175781 -1 168.67839050292969 141.48643493652344 2255 198.74172973632812 110.24289703369141 2211 170.62745666503906 105.66178894042969 2652 92.799591064453125 35.217426300048828 2495 170.62745666503906 105.66178894042969 -1 224.40534973144531 95.251144409179688 2663 207.72569274902344 87.776618957519531 -1 217.02944946289062 81.084922790527344 2445 116.84146881103516 52.017051696777344 -1 207.72569274902344 87.776618957519531 -1 209.78608703613281 122.03959655761719 -1 203.791015625 125.78134155273438 -1 190.50718688964844 238.14027404785156 2658 81.497062683105469 84.393989562988281 2640 76.770729064941406 86.073631286621094 -1 213.52510070800781 87.919448852539062 -1 177.54525756835938 92.542938232421875 2591 226.02853393554688 108.64859771728516 -1 226.02853393554688 108.64859771728516 -1 204.59300231933594 120.64870452880859 2258 203.791015625 125.78134155273438 2436 177.54525756835938 92.542938232421875 -1 224.62461853027344 101.68051910400391 -1 96.405281066894531 29.760364532470703 2216 122.81327056884766 53.618595123291016 2637 212.58775329589844 80.061981201171875 2445 81.497062683105469 84.393989562988281 2639 76.770729064941406 86.073631286621094 -1 213.52510070800781 87.919448852539062 -1 231.56973266601562 91.260749816894531 2568 44.334037780761719 101.08792114257812 2614 226.02853393554688 108.64859771728516 -1 47.4088134765625 108.92327117919922 2615 196.58863830566406 115.43386840820312 2257 204.59300231933594 120.64870452880859 2309 126.97018432617188 9.1545724868774414 -1 146.24580383300781 67.524795532226562 2659 199.140380859375 188.87214660644531 -1 230.37640380859375 143.700927734375 2595 242.28074645996094 153.39984130859375 -1 109.20708465576172 18.462133407592773 2219 79.924819946289062 169.96995544433594 -1 92.969970703125 10.443323135375977 2220 242.56629943847656 233.75076293945312 -1 94.862464904785156 73.705032348632812 -1 230.89427185058594 120.08187866210938 2579 125.38505554199219 27.860191345214844 -1 115.64302825927734 54.918220520019531 2581 31.999055862426758 62.786205291748047 -1 210.0364990234375 127.17316436767578 -1 227.74729919433594 131.85713195800781 -1 221.32304382324219 135.96183776855469 -1 226.39524841308594 140.04959106445312 -1 90.372642517089844 142.42349243164062 -1 2.9911062717437744 145.416015625 2596 92.313499450683594 152.06488037109375 2600 46.808792114257812 112.89597320556641 2490 247.5931396484375 157.49667358398438 -1 96.618148803710938 160.28140258789062 2619 210.65921020507812 201.12992858886719 -1 224.99874877929688 215.99429321289062 -1 178.39324951171875 228.71623229980469 -1 239.89750671386719 231.00382995605469 -1 175.52540588378906 106.02065277099609 2226 181.15473937988281 99.409622192382812 -1 227.04887390136719 98.213180541992188 2663 221.68009948730469 94.899093627929688 -1 165.54951477050781 90.89923095703125 -1 231.03721618652344 86.045814514160156 -1 218.68621826171875 86.033920288085938 -1 208.43617248535156 83.5367431640625 -1 36.049850463867188 60.991268157958984 -1 164.29324340820312 82.40545654296875 2597 194.239501953125 79.629852294921875 -1 151.37982177734375 71.917030334472656 -1 110.46138000488281 67.550491333007812 -1 115.64302825927734 54.918220520019531 -1 208.43617248535156 83.5367431640625 -1 96.618148803710938 160.28140258789062 2623 172.14375305175781 117.06190490722656 2384 216.32575988769531 70.644866943359375 -1 103.26746368408203 22.134767532348633 2380 211.78825378417969 119.36418914794922 -1 92.598106384277344 23.091793060302734 -1 218.64259338378906 133.93035888671875 -1 128.48178100585938 54.178745269775391 -1 125.81311798095703 21.068702697753906 -1 31.2406005859375 55.201755523681641 2641 
9 0.9523100989421267 0.0038274526204423909 -0.16027373519312957 -0.2596211776156131 6.3564705460097306 3.9022345484020677 -1.7830613799660213 1 000007.png
128.943603515625 54.396110534667969 -1 128.943603515625 54.396110534667969 -1 128.943603515625 54.396110534667969 -1 64.041740417480469 59.101306915283203 2519 211.5909423828125 223.49696350097656 2544 64.041740417480469 59.101306915283203 2478 211.5909423828125 223.49696350097656 2545 71.908958435058594 20.916229248046875 -1 222.40609741210938 83.952644348144531 2324 39.667453765869141 73.399574279785156 2480 79.600090026855469 36.170433044433594 2533 98.324821472167969 13.73530101776123 2192 105.1214599609375 31.543760299682617 2195 65.283851623535156 103.40814208984375 2454 225.03253173828125 109.64846801757812 2534 105.1214599609375 31.543760299682617 -1 105.1214599609375 31.543760299682617 2559 193.14042663574219 212.86099243164062 2521 197.16641235351562 227.80986022949219 -1 49.058250427246094 36.052036285400391 2535 119.75868988037109 50.550979614257812 2547 74.960311889648438 84.671615600585938 2455 197.39889526367188 102.60172271728516 2197 241.95429992675781 238.04632568359375 -1 241.95429992675781 238.04632568359375 -1 74.960311889648438 84.671615600585938 2536 83.801025390625 18.94441032409668 2235 138.520751953125 20.834558486938477 2576 221.23619079589844 139.13832092285156 2575 202.21267700195312 117.00132751464844 2509 202.21267700195312 117.00132751464844 2252 221.23619079589844 139.13832092285156 2577 170.14688110351562 95.474723815917969 -1 109.20309448242188 81.999542236328125 -1 133.76075744628906 62.906360626220703 2531 137.77777099609375 19.037960052490234 2484 133.76075744628906 62.906360626220703 2441 248.28329467773438 90.125556945800781 2609 170.14688110351562 95.474723815917969 2522 184.67488098144531 98.721397399902344 2684 80.139205932617188 115.35845947265625 -1 52.733730316162109 124.96757507324219 2488 233.42764282226562 225.6097412109375 -1 52.733730316162109 124.96757507324219 2490 184.67488098144531 98.721397399902344 2684 180.4769287109375 92.453880310058594 2487 230.61003112792969 96.213523864746094 -1 203.09675598144531 118.94002532958984 -1 187.93309020996094 238.88395690917969 -1 199.83363342285156 245.63250732421875 -1 196.27754211425781 84.523117065429688 2306 203.09675598144531 118.94002532958984 -1 214.42008972167969 88.003028869628906 -1 221.58055114746094 71.959678649902344 -1 214.42008972167969 88.003028869628906 -1 196.27754211425781 84.523117065429688 2237 37.416835784912109 56.568523406982422 2486 224.42709350585938 95.460601806640625 2663 212.33119201660156 117.79593658447266 -1 217.05717468261719 81.249443054199219 -1 168.89317321777344 141.49331665039062 2255 171.59169006347656 133.08055114746094 -1 212.33119201660156 117.79593658447266 -1 198.68266296386719 110.15364837646484 2211 207.80465698242188 88.044021606445312 -1 217.05717468261719 81.249443054199219 2445 116.49734497070312 60.868232727050781 2581 6.9154119491577148 151.65922546386719 -1 6.9154119491577148 151.65922546386719 -1 23.615333557128906 143.26901245117188 2512 133.02572631835938 53.972846984863281 2537 99.385246276855469 80.158409118652344 -1 212.44769287109375 80.073104858398438 2445 57.897487640380859 111.88128662109375 2538 196.52998352050781 115.44728851318359 2257 196.65672302246094 119.83165740966797 -1 204.36772155761719 120.54657745361328 2309 12.059432983398438 147.3953857421875 -1 104.97322082519531 158.46324157714844 -1 93.468269348144531 183.02287292480469 2510 133.02572631835938 53.972846984863281 2539 204.36772155761719 120.54657745361328 2258 12.059432983398438 147.3953857421875 -1 109.23424530029297 18.455615997314453 2219 230.57850646972656 86.125297546386719 -1 230.57850646972656 86.125297546386719 -1 178.11231994628906 98.753776550292969 2625 175.6397705078125 105.69243621826172 2226 48.168628692626953 123.39984893798828 2475 203.94482421875 124.94622802734375 2436 250.42178344726562 128.21884155273438 -1 65.942268371582031 132.48255920410156 -1 227.450927734375 134.97892761230469 2553 235.94099426269531 141.70639038085938 -1 104.43492126464844 152.02729797363281 -1 206.5714111328125 250.44020080566406 -1 108.52585601806641 14.47770881652832 2374 250.42178344726562 128.21884155273438 2579 92.794708251953125 10.56861686706543 2220 197.04949951171875 118.63034057617188 -1 191.33457946777344 126.77564239501953 -1 42.843502044677734 127.61349487304688 2514 183.96754455566406 134.94699096679688 -1 221.43424987792969 205.13580322265625 -1 246.14682006835938 230.927734375 -1 240.01029968261719 233.38150024414062 -1 195.48765563964844 237.43800354003906 2557 172.28480529785156 116.57074737548828 2384 197.491943359375 239.65608215332031 -1 199.988037109375 242.60952758789062 2671 248.43641662597656 242.36959838867188 -1 55.457447052001953 110.04579925537109 -1 174.56361389160156 109.22965240478516 -1 181.14314270019531 99.401763916015625 -1 194.20896911621094 79.609825134277344 -1 104.77516174316406 75.754776000976562 -1 216.51611328125 70.721542358398438 -1 46.109825134277344 70.954025268554688 2526 158.20887756347656 70.1328125 -1 113.11630249023438 57.378322601318359 2556 103.33925628662109 22.086347579956055 2380 92.959388732910156 56.608814239501953 -1 89.08123779296875 37.046707153320312 -1 93.009178161621094 17.860782623291016 2224 218.76628112792969 85.725509643554688 -1 85.892570495605469 3.2950000762939453 250 85.892570495605469 3.2950000762939453 2244 55.457447052001953 110.04579925537109 -1 191.33457946777344 126.77564239501953 -1 191.33457946777344 126.77564239501953 -1 227.43278503417969 97.915817260742188 2663 183.96754455566406 134.94699096679688 2529 251.772705078125 245.87762451171875 -1 243.6214599609375 83.437858581542969 -1 251.772705078125 245.87762451171875 -1 91.944869995117188 247.91397094726562 -1 191.33457946777344 126.77564239501953 -1 182.17430114746094 89.6363525390625 2428 
10 0.95220770931930543 0.0036204375252808845 -0.1586019315539797 -0.26102260065433724 6.374938366628478 3.899582128428241 -1.8024893779398796 1 000008.png
132.81639099121094 54.080528259277344 2449 132.81639099121094 54.080528259277344 2451 72.180656433105469 68.015159606933594 2519 72.180656433105469 68.015159606933594 2478 69.189064025878906 23.275518417358398 -1 220.92710876464844 234.07156372070312 2544 220.92710876464844 234.07156372070312 2545 222.59172058105469 84.018272399902344 2324 103.16139984130859 43.047187805175781 -1 46.326824188232422 80.6312255859375 2480 98.478530883789062 13.620646476745605 2192 105.11251831054688 31.989274978637695 2195 121.19824981689453 50.762531280517578 -1 228.40847778320312 110.47947692871094 2534 105.11251831054688 31.989274978637695 2559 105.11251831054688 31.989274978637695 2559 120.10416412353516 54.674583435058594 -1 120.10416412353516 54.674583435058594 -1 55.794849395751953 42.347713470458984 2535 120.10416412353516 54.674583435058594 2547 86.022506713867188 95.182266235351562 2455 197.254638671875 102.3021240234375 2197 86.022506713867188 95.182266235351562 2536 202.10838317871094 221.71272277832031 2521 205.54924011230469 235.40927124023438 -1 107.41895294189453 188.02935791015625 2467 217.05671691894531 133.82746887207031 2481 202.27946472167969 116.79499053955078 2252 83.924957275390625 19.444599151611328 2235 84.1810302734375 42.529682159423828 2533 202.27946472167969 116.79499053955078 2509 217.05671691894531 133.82746887207031 2561 107.41895294189453 188.02935791015625 2468 170.99853515625 93.562629699707031 2522 184.75489807128906 98.552024841308594 2684 85.392326354980469 109.98421478271484 -1 8.4557962417602539 168.214111328125 -1 245.60809326171875 234.83235168457031 2564 170.99853515625 93.562629699707031 -1 245.60809326171875 234.83235168457031 -1 184.75489807128906 98.552024841308594 2684 8.4557962417602539 168.214111328125 -1 109.69773864746094 77.639129638671875 -1 196.26499938964844 84.504928588867188 2306 224.37132263183594 95.008323669433594 2663 181.51643371582031 90.994888305664062 2487 57.156044006347656 127.04337310791016 2490 57.156044006347656 127.04337310791016 2488 181.51643371582031 90.994888305664062 2591 196.26499938964844 84.504928588867188 2237 140.92662048339844 20.04926872253418 2484 137.72000122070312 63.556732177734375 2441 221.59745788574219 71.878578186035156 2208 137.72000122070312 63.556732177734375 2531 207.85501098632812 88.10546875 -1 198.66299438476562 110.17556762695312 2211 171.61109924316406 133.04130554199219 -1 169.01322937011719 141.71479797363281 2255 214.41508483886719 88.069114685058594 -1 214.41508483886719 88.069114685058594 -1 115.80976867675781 65.356575012207031 -1 216.990966796875 81.127067565917969 -1 115.80976867675781 65.356575012207031 -1 216.990966796875 81.127067565917969 2445 245.97149658203125 86.438522338867188 2209 136.981689453125 55.225776672363281 2539 136.981689453125 55.225776672363281 2537 204.38710021972656 120.60398101806641 2309 44.547233581542969 124.62670135498047 2566 13.968843460083008 159.26229858398438 -1 230.82366943359375 92.671562194824219 2568 204.38710021972656 120.60398101806641 2258 213.04942321777344 115.63009643554688 -1 92.559478759765625 10.559439659118652 2220 196.698486328125 115.526123046875 2257 213.04942321777344 115.63009643554688 -1 62.963417053222656 114.44623565673828 2538 9.7795066833496094 161.73458862304688 -1 109.27304077148438 18.455917358398438 2219 215.17269897460938 76.469017028808594 -1 178.26004028320312 98.530624389648438 2625 230.79656982421875 135.05038452148438 2553 175.59988403320312 105.81504821777344 2226 118.57478332519531 3.4731495380401611 2657 203.86537170410156 125.11668395996094 2436 52.133285522460938 127.19871520996094 2475 221.77655029296875 127.58473968505859 2554 55.564056396484375 124.56849670410156 -1 30.293258666992188 144.95388793945312 2512 249.29005432128906 149.850830078125 -1 230.69082641601562 211.63758850097656 -1 213.27372741699219 120.77582550048828 -1 197.08851623535156 118.66232299804688 -1 190.3802490234375 138.70285034179688 2529 183.23210144042969 88.042434692382812 2428 208.3701171875 83.322425842285156 -1 212.88893127441406 80.098716735839844 2445 106.53842926025391 75.385894775390625 -1 121.61901092529297 63.342269897460938 -1 181.75445556640625 120.60204315185547 -1 58.852741241455078 121.40750122070312 -1 115.42271423339844 60.029705047607422 2556 103.37081146240234 22.053823471069336 2380 108.47954559326172 14.438925743103027 2374 221.51185607910156 94.917221069335938 -1 209.92666625976562 113.66447448730469 -1 85.842063903808594 3.2126531600952148 250 244.37051391601562 136.13766479492188 2570 85.842063903808594 3.2126531600952148 2244 181.17825317382812 99.414627075195312 -1 208.3701171875 83.322425842285156 -1 204.5247802734375 116.47942352294922 -1 202.55743408203125 242.93954467773438 -1 204.5247802734375 116.47942352294922 2313 202.55743408203125 242.93954467773438 2557 106.53842926025391 75.385894775390625 -1 216.56950378417969 70.771987915039062 -1 49.121536254882812 129.22419738769531 -1 237.42434692382812 131.06748962402344 2558 
11 0.95138007496989985 0.0036359779579194676 -0.15957242980446235 -0.26343760601109545 6.4193664681866718 3.8859479960972578 -1.7916876066181553 1 000010.png
138.12214660644531 52.996601104736328 2449 140.17987060546875 172.17524719238281 2463 140.17987060546875 172.17524719238281 -1 138.12214660644531 52.996601104736328 2451 223.07237243652344 199.9776611328125 -1 65.4686279296875 30.23023796081543 -1 84.958717346191406 81.642402648925781 2478 84.958717346191406 81.642402648925781 2519 84.958717346191406 81.642402648925781 2479 65.4686279296875 30.23023796081543 -1 58.071537017822266 120.14171600341797 -1 58.071537017822266 120.14171600341797 -1 58.071537017822266 120.14171600341797 -1 222.91476440429688 83.975250244140625 2324 105.18468475341797 43.17919921875 -1 117.59974670410156 106.57998657226562 -1 196.56732177734375 63.882129669189453 2440 87.515144348144531 130.99371337890625 2453 87.515144348144531 130.99371337890625 2454 122.90392303466797 50.310405731201172 -1 56.313041687011719 87.230857849121094 2480 98.361961364746094 13.63282585144043 2192 105.12022399902344 32.446067810058594 2195 105.12022399902344 32.446067810058594 2559 122.90392303466797 50.310405731201172 -1 105.12022399902344 32.446067810058594 2559 101.93848419189453 111.24169158935547 2455 226.32723999023438 139.18910217285156 2481 226.32723999023438 139.18910217285156 2561 214.53694152832031 232.34468078613281 2483 217.92855834960938 245.74342346191406 -1 195.56599426269531 103.24980163574219 -1 169.64169311523438 89.673835754394531 2522 202.58203125 116.44306182861328 2509 83.838790893554688 19.35279655456543 2235 121.07029724121094 61.723941802978516 -1 169.64169311523438 89.673835754394531 2420 195.56599426269531 103.24980163574219 2197 202.58203125 116.44306182861328 2252 116.22968292236328 196.91238403320312 2468 214.53694152832031 232.34468078613281 2521 116.22968292236328 196.91238403320312 2467 245.75138854980469 88.633598327636719 -1 147.048095703125 24.58003044128418 2484 143.63371276855469 66.073661804199219 2531 56.445163726806641 78.01165771484375 2486 182.89987182617188 88.96380615234375 2487 172.4609375 90.903633117675781 2522 73.87255859375 110.6815185546875 -1 73.87255859375 110.6815185546875 -1 63.057929992675781 133.65794372558594 2488 184.80909729003906 98.533271789550781 2684 143.63371276855469 66.073661804199219 2441 182.89987182617188 88.96380615234375 2489 172.4609375 90.903633117675781 -1 184.80909729003906 98.533271789550781 2684 63.057929992675781 133.65794372558594 2490 210.50271606445312 244.47137451171875 2491 221.52847290039062 71.900917053222656 2208 210.50271606445312 244.47137451171875 -1 196.24317932128906 84.4998779296875 2306 116.47196960449219 27.784351348876953 2215 196.24317932128906 84.4998779296875 2237 174.07328796386719 91.807243347167969 -1 169.68943786621094 141.81513977050781 2255 230.57960510253906 221.81942749023438 2493 214.24064636230469 88.1356201171875 -1 224.41905212402344 95.396736145019531 2663 198.7186279296875 110.08330535888672 2211 171.66354370117188 133.02947998046875 -1 107.07552337646484 195.94679260253906 2510 121.18003082275391 75.119010925292969 2494 107.07552337646484 195.94679260253906 2511 92.729866027832031 35.998218536376953 2495 216.93772888183594 81.365242004394531 2445 214.24064636230469 88.1356201171875 -1 146.51028442382812 22.822946548461914 2484 87.520515441894531 34.359111785888672 2425 92.729866027832031 35.998218536376953 2496 116.44761657714844 59.159549713134766 -1 216.93772888183594 81.365242004394531 -1 204.30648803710938 120.61684417724609 2309 178.2423095703125 98.430313110351562 2625 213.71466064453125 112.97115325927734 -1 143.02288818359375 56.638229370117188 2539 212.37913513183594 79.946121215820312 2445 213.71466064453125 112.97115325927734 -1 196.70045471191406 115.55878448486328 2257 70.357467651367188 117.4981689453125 -1 204.30648803710938 120.61684417724609 2258 209.97463989257812 135.78733825683594 -1 109.15598297119141 200.08851623535156 2499 143.02288818359375 56.638229370117188 2537 109.15598297119141 200.08851623535156 2501 209.97463989257812 135.78733825683594 -1 64.411323547363281 87.792869567871094 2526 209.80364990234375 113.06256866455078 -1 108.56595611572266 14.33220386505127 2374 73.922599792480469 117.76765441894531 -1 203.96597290039062 124.90830230712891 2436 73.453727722167969 125.22269439697266 2471 226.81980895996094 128.56671142578125 2525 247.52888488769531 135.12066650390625 2558 109.29593658447266 18.469558715820312 2219 30.811178207397461 146.69783020019531 -1 39.271800994873047 147.84271240234375 -1 35.896999359130859 150.90115356445312 -1 32.087059020996094 154.01860046386719 2512 18.119863510131836 166.552490234375 -1 6.4601826667785645 176.38798522949219 2504 92.232559204101562 50.530117034912109 -1 209.80364990234375 113.06256866455078 -1 92.902976989746094 10.407805442810059 2220 86.798095703125 165.3868408203125 -1 78.425514221191406 141.34017944335938 -1 67.135856628417969 116.41259002685547 2472 43.468456268310547 143.94009399414062 2528 49.865772247314453 138.54641723632812 2514 77.546615600585938 137.71458435058594 -1 127.35731506347656 65.531394958496094 -1 129.60891723632812 63.625644683837891 -1 103.49304962158203 22.008567810058594 2380 216.587890625 143.89920043945312 -1 80.34649658203125 146.09487915039062 -1 228.23435974121094 96.793663024902344 2663 92.981399536132812 17.848522186279297 2224 86.107757568359375 3.2054843902587891 250 239.5008544921875 220.93351745605469 2505 204.72752380371094 116.68196105957031 2313 208.57730102539062 83.518829345703125 -1 61.943756103515625 82.428085327148438 -1 119.6546630859375 71.923965454101562 -1 86.107757568359375 3.2054843902587891 2244 119.6546630859375 71.923965454101562 -1 216.587890625 143.89920043945312 -1 71.115249633789062 109.3111572265625 2506 159.02201843261719 65.392044067382812 -1 67.135856628417969 116.41259002685547 2507 213.49179077148438 117.72508239746094 2555 236.99566650390625 126.91522216796875 -1 57.009868621826172 132.49752807617188 2475 239.5008544921875 220.93351745605469 -1 227.67138671875 92.800971984863281 2568 181.72860717773438 120.60997009277344 -1 
12 0.95129361895700548 0.0039553592067121763 -0.15979287184142021 -0.26361153953099453 6.440471762818003 3.8959890792275318 -1.7878632185152787 1 000012.png
68.015350341796875 36.710521697998047 -1 145.17741394042969 54.634075164794922 2449 147.32391357421875 179.18145751953125 2463 68.015350341796875 36.710521697998047 -1 145.17741394042969 54.634075164794922 2451 147.32391357421875 179.18145751953125 -1 97.475456237792969 89.269065856933594 2452 97.475456237792969 89.269065856933594 2479 222.66331481933594 84.012039184570312 2324 101.84162902832031 143.468017578125 2453 101.84162902832031 143.468017578125 2454 197.62489318847656 64.279815673828125 2440 98.356842041015625 13.634431838989258 2192 105.21910095214844 32.459182739257812 2559 68.140083312988281 93.665054321289062 2480 105.21910095214844 32.459182739257812 2195 195.63323974609375 103.620361328125 2197 235.71939086914062 142.17158508300781 2481 118.41166687011719 122.55792999267578 2455 195.63323974609375 103.620361328125 -1 84.1297607421875 19.499704360961914 2235 171.68537902832031 87.377685546875 2417 226.46833801269531 240.32395935058594 2483 114.15747833251953 195.78474426269531 2511 202.80026245117188 116.16710662841797 2252 171.68537902832031 87.377685546875 2420 114.15747833251953 195.78474426269531 2510 202.80026245117188 116.16710662841797 2509 171.68537902832031 87.377685546875 2466 118.19617462158203 31.799602508544922 2215 118.19617462158203 31.799602508544922 -1 124.78754425048828 203.51679992675781 2467 124.78754425048828 203.51679992675781 2468 149.5938720703125 66.977958679199219 2441 184.93284606933594 86.426582336425781 420 174.43394470214844 88.112724304199219 -1 184.72006225585938 98.706886291503906 2684 68.874267578125 137.33969116210938 2488 170.57217407226562 142.22665405273438 2255 7.6471529006958008 191.72433471679688 -1 174.43394470214844 88.112724304199219 -1 184.72006225585938 98.706886291503906 2684 224.30772399902344 94.133110046386719 2663 68.874267578125 137.33969116210938 2490 7.6471529006958008 191.72433471679688 -1 184.93284606933594 86.426582336425781 2345 152.49407958984375 27.778812408447266 2484 110.00969696044922 56.920578002929688 2443 204.04167175292969 61.408344268798828 -1 149.5938720703125 66.977958679199219 2531 244.28524780273438 230.03494262695312 2493 196.15364074707031 84.615615844726562 2306 176.30120849609375 88.671798706054688 -1 116.05487823486328 201.14886474609375 -1 223.28279113769531 250.97380065917969 2491 221.70968627929688 72.283035278320312 2208 196.15364074707031 84.615615844726562 2237 116.05487823486328 201.14886474609375 -1 213.47950744628906 65.855117797851562 2438 128.70098876953125 75.221832275390625 2494 211.21484375 108.10516357421875 2422 198.71290588378906 110.20460510253906 2211 84.629341125488281 119.67364501953125 2457 116.22824859619141 53.041877746582031 -1 211.21484375 108.10516357421875 2369 232.33457946777344 117.6343994140625 24 119.140625 67.297523498535156 -1 248.01457214355469 234.8731689453125 -1 204.26783752441406 120.65892028808594 2309 204.26783752441406 120.65892028808594 2258 148.93800354003906 57.557720184326172 2537 252.39323425292969 229.9361572265625 -1 84.85125732421875 136.99150085449219 -1 115.49510192871094 25.105400085449219 -1 96.463844299316406 29.775136947631836 2216 148.93800354003906 57.557720184326172 2539 216.25433349609375 81.84844970703125 2445 82.112693786621094 114.29315948486328 2506 196.62791442871094 115.46962738037109 2257 79.077903747558594 118.70840454101562 2458 251.28440856933594 143.42973327636719 -1 252.39323425292969 229.9361572265625 2505 248.01457214355469 234.8731689453125 -1 178.30564880371094 98.280113220214844 2625 115.50442504882812 53.209529876708984 -1 86.679473876953125 3.2318844795227051 2244 51.514476776123047 142.69345092773438 -1 224.44877624511719 164.86831665039062 -1 83.336479187011719 130.54151916503906 2471 232.98403930664062 128.63970947265625 -1 88.99639892578125 140.36317443847656 -1 73.29974365234375 119.53343200683594 2507 224.44877624511719 164.86831665039062 -1 51.514476776123047 142.69345092773438 -1 109.29872894287109 18.458662033081055 2219 98.38250732421875 52.408664703369141 -1 86.679473876953125 3.2318844795227051 250 122.92019653320312 71.302749633789062 -1 108.64546203613281 14.361530303955078 2374 75.951873779296875 93.202163696289062 -1 209.70285034179688 113.06531524658203 -1 73.29974365234375 119.53343200683594 2472 99.1634521484375 249.11167907714844 2473 235.85296630859375 131.34268188476562 2503 96.762046813964844 25.889581680297852 -1 92.516098022460938 49.439323425292969 -1 158.0614013671875 60.842239379882812 -1 112.58259582519531 62.461750030517578 -1 194.26390075683594 79.66668701171875 -1 134.0294189453125 81.640243530273438 -1 221.30433654785156 94.802757263183594 -1 163.30877685546875 64.835792541503906 -1 123.67378234863281 75.508552551269531 -1 77.098731994628906 124.24752044677734 2474 60.138458251953125 138.91081237792969 -1 63.093189239501953 136.31411743164062 2475 68.561256408691406 131.35000610351562 -1 53.822147369384766 208.589111328125 -1 48.83563232421875 212.55366516113281 -1 73.609001159667969 126.94223785400391 -1 175.61007690429688 105.81179809570312 2226 217.87052917480469 116.83453369140625 2555 208.73048400878906 147.86814880371094 -1 48.83563232421875 212.55366516113281 -1 71.652481079101562 128.695068359375 -1 103.37252044677734 22.081501007080078 2380 208.73048400878906 147.86814880371094 2529 2.6994049549102783 190.55960083007812 -1 27.329015731811523 168.15968322753906 -1 56.755184173583984 141.59317016601562 2514 86.366455078125 141.02769470214844 -1 93.031044006347656 54.376922607421875 -1 207.0709228515625 113.88264465332031 2314 207.0709228515625 113.88264465332031 2318 
13 0.95694359373618265 0.021529098126563565 -0.13763544435564634 -0.25466044215417621 6.0638998752585138 4.1589838644730994 -1.627039020726778 1 000015.png
130.17108154296875 42.800849914550781 2358 161.11650085449219 58.638671875 -1 151.83340454101562 196.20259094238281 -1 161.11650085449219 58.638671875 2265 130.17108154296875 42.800849914550781 2359 159.38009643554688 129.81596374511719 -1 104.70305633544922 84.411949157714844 2415 222.04048156738281 85.358192443847656 2324 104.70305633544922 84.411949157714844 -1 76.871925354003906 10.751628875732422 -1 105.30267333984375 55.522808074951172 2303 98.356208801269531 13.602056503295898 2192 105.23190307617188 31.434316635131836 2559 105.23190307617188 31.434316635131836 2195 195.94316101074219 103.84471130371094 2197 84.042045593261719 19.556610107421875 2235 174.55299377441406 83.102378845214844 2417 88.467483520507812 89.199165344238281 -1 102.32011413574219 116.34921264648438 -1 201.94300842285156 116.85362243652344 2252 243.53286743164062 139.07417297363281 2363 237.58415222167969 238.61135864257812 -1 201.94300842285156 116.85362243652344 2509 201.94300842285156 116.85362243652344 2509 174.55299377441406 83.102378845214844 2466 174.55299377441406 83.102378845214844 2420 128.13287353515625 200.49107360839844 -1 184.37785339355469 98.924530029296875 2684 171.43157958984375 142.05699157714844 2255 139.07597351074219 126.60547637939453 -1 102.50312042236328 62.593898773193359 -1 231.95912170410156 79.698051452636719 2201 221.80133056640625 72.570068359375 2208 155.54734802246094 65.924430847167969 2327 128.13287353515625 200.49107360839844 -1 184.37785339355469 98.924530029296875 2684 125.43140411376953 57.088275909423828 2370 116.81837463378906 59.495391845703125 -1 101.49953460693359 64.782112121582031 -1 188.59494018554688 82.752799987792969 420 180.28019714355469 84.4735107421875 2177 195.96286010742188 84.723297119140625 2306 116.81837463378906 59.495391845703125 2307 248.65040588378906 88.800796508789062 -1 99.193069458007812 106.81494903564453 -1 205.71467590332031 61.404541015625 -1 195.96286010742188 84.723297119140625 2237 188.59494018554688 82.752799987792969 2345 198.71592712402344 110.16361999511719 2211 222.60133361816406 102.84311676025391 2371 239.96403503417969 251.18470764160156 -1 239.96403503417969 251.18470764160156 -1 99.644828796386719 113.55003356933594 2502 234.48594665527344 250.87351989746094 -1 129.34745788574219 205.05076599121094 -1 229.47636413574219 113.48786163330078 2367 234.48594665527344 250.87351989746094 -1 116.25811004638672 49.591995239257812 2426 233.15792846679688 121.71108245849609 83 250.38020324707031 134.81346130371094 -1 226.64813232421875 137.18795776367188 -1 234.60980224609375 251.99674987792969 -1 154.84823608398438 56.4412841796875 2310 178.24749755859375 98.384696960449219 2280 217.75251770019531 105.27590942382812 2369 204.23921203613281 120.60600280761719 2309 226.64813232421875 137.18795776367188 -1 234.60980224609375 251.99674987792969 -1 230.09124755859375 108.52503967285156 2284 96.569252014160156 29.762989044189453 2216 87.701400756835938 31.441276550292969 2425 115.52619171142578 34.115833282470703 -1 154.84823608398438 56.4412841796875 2213 130.13813781738281 67.266685485839844 -1 242.90864562988281 84.118019104003906 2209 95.3543701171875 94.172332763671875 -1 224.23582458496094 96.578460693359375 2663 178.24749755859375 98.384696960449219 2625 217.75251770019531 105.27590942382812 2372 196.708740234375 115.53739929199219 2257 240.0992431640625 115.95671081542969 24 204.23921203613281 120.60600280761719 2258 108.44644927978516 14.338045120239258 2374 139.59547424316406 69.969650268554688 2434 138.67808532714844 73.637855529785156 2427 108.43655395507812 64.258331298828125 -1 225.20222473144531 115.14166259765625 2375 229.16928100585938 118.26756286621094 170 11.799470901489258 189.15533447265625 -1 109.29876708984375 18.418025970458984 2219 243.09498596191406 128.93214416503906 2430 95.745292663574219 56.387619018554688 2286 145.623779296875 181.71604919433594 -1 239.218017578125 125.43045806884766 2295 95.000968933105469 111.61009979248047 2498 230.16024780273438 109.37552642822266 -1 222.05625915527344 134.05740356445312 -1 222.05625915527344 134.05740356445312 -1 103.86374664306641 140.37092590332031 -1 11.799470901489258 189.15533447265625 -1 9.0031604766845703 196.09744262695312 -1 250.10562133789062 241.53424072265625 -1 108.457275390625 243.25074768066406 -1 249.26698303222656 246.02456665039062 2690 111.16519927978516 246.96511840820312 -1 245.04733276367188 250.37196350097656 -1 114.32488250732422 252.59298706054688 -1 133.92955017089844 66.187980651855469 -1 18.081897735595703 186.9755859375 -1 248.07772827148438 243.59352111816406 -1 37.125408172607422 168.92323303222656 -1 106.5093994140625 167.67684936523438 -1 39.482009887695312 166.61410522460938 -1 43.890804290771484 162.60054016113281 -1 105.40395355224609 148.94979858398438 -1 83.092445373535156 122.50986480712891 -1 246.01950073242188 121.08392333984375 -1 228.50596618652344 96.383575439453125 2663 172.18984985351562 116.74371337890625 2384 233.43089294433594 112.02754974365234 -1 219.65553283691406 111.10495758056641 2431 164.75080871582031 60.316448211669922 2316 190.65786743164062 79.629692077636719 -1 172.18984985351562 116.74371337890625 2569 83.092445373535156 122.50986480712891 -1 168.14543151855469 62.520179748535156 -1 34.09051513671875 171.85362243652344 -1 94.973648071289062 72.222793579101562 -1 190.65786743164062 79.629692077636719 -1 144.85273742675781 185.71841430664062 -1 220.95980834960938 94.945663452148438 -1 175.57008361816406 105.86605834960938 2226 13.12920093536377 192.03947448730469 -1 147.90199279785156 169.58187866210938 -1 186.22409057617188 84.159210205078125 2332 186.22409057617188 84.159210205078125 2333 
14 0.95134227564082718 0.0041682024721637909 -0.15935021159028176 -0.26370060813888152 6.4324759354216017 3.8942806897028124 -1.7894285814196691 1 000011.png
142.90176391601562 54.378879547119141 2449 144.876953125 176.39764404296875 2463 142.90176391601562 54.378879547119141 2451 64.685493469238281 35.748359680175781 -1 64.685493469238281 35.748359680175781 -1 93.441253662109375 87.847053527832031 2478 93.441253662109375 87.847053527832031 2479 222.67353820800781 84.014877319335938 2324 197.40434265136719 64.161376953125 2440 129.336181640625 109.13597869873047 -1 97.112068176269531 140.9034423828125 2453 97.112068176269531 140.9034423828125 2454 98.371368408203125 13.621018409729004 2192 105.20633697509766 32.405685424804688 2195 105.20633697509766 32.405685424804688 2559 195.71226501464844 103.81359100341797 2197 73.000991821289062 60.015598297119141 2535 112.74063110351562 119.62943267822266 2455 195.71226501464844 103.81359100341797 -1 83.968124389648438 19.391645431518555 2235 118.67371368408203 48.054466247558594 -1 64.265151977539062 85.2210693359375 2486 202.750244140625 116.29624176025391 2252 222.21107482910156 237.8822021484375 2483 232.55445861816406 141.67437744140625 2481 243.54104614257812 149.81942749023438 -1 202.750244140625 116.29624176025391 2509 232.55445861816406 141.67437744140625 2561 243.54104614257812 149.81942749023438 -1 224.27186584472656 93.870376586914062 2663 111.25905609130859 195.01435852050781 2510 150.63081359863281 26.856803894042969 2484 117.27935791015625 29.691354751586914 2215 147.54875183105469 66.854629516601562 2531 172.26249694824219 88.264907836914062 2417 184.79034423828125 98.613349914550781 2684 67.220069885253906 135.94046020507812 2488 121.12049102783203 202.41339111328125 2468 239.09848022460938 227.58126831054688 2493 246.28428649902344 230.97201538085938 2505 147.54875183105469 66.854629516601562 2441 121.12049102783203 202.41339111328125 2467 67.220069885253906 135.94046020507812 2490 184.79034423828125 98.613349914550781 2684 172.26249694824219 88.264907836914062 2420 224.27186584472656 93.870376586914062 -1 111.25905609130859 195.01435852050781 2511 184.32369995117188 87.550735473632812 2487 196.21006774902344 84.535255432128906 2306 218.52082824707031 249.71595764160156 -1 170.01106262207031 142.20353698730469 2255 184.32369995117188 87.550735473632812 2489 218.52082824707031 249.71595764160156 2491 221.60316467285156 71.942512512207031 2208 205.87110900878906 61.402584075927734 -1 126.43924713134766 75.480804443359375 2494 196.21006774902344 84.535255432128906 2237 198.70268249511719 110.07254791259766 2211 216.64743041992188 81.810554504394531 -1 216.64743041992188 81.810554504394531 2445 213.29783630371094 65.699150085449219 2438 210.02677917480469 108.34452056884766 2369 209.56260681152344 118.40109252929688 -1 72.43890380859375 126.44302368164062 -1 114.54092407226562 204.28884887695312 2501 215.46675109863281 138.31654357910156 -1 178.27363586425781 98.358863830566406 2625 204.32752990722656 120.73972320556641 2258 87.250564575195312 143.70970153808594 -1 220.79830932617188 164.05693054199219 -1 96.454330444335938 29.759910583496094 2216 146.92860412597656 57.445724487304688 2539 210.02677917480469 108.34452056884766 2422 196.69317626953125 115.53093719482422 2257 75.785545349121094 118.62226104736328 2458 209.56260681152344 118.40109252929688 -1 80.252906799316406 119.22399139404297 -1 72.43890380859375 126.44302368164062 2474 79.957908630371094 132.16661071777344 2471 114.54092407226562 204.28884887695312 2499 204.32752990722656 120.73972320556641 2309 146.92860412597656 57.445724487304688 2537 108.46607208251953 14.299891471862793 2374 70.853240966796875 90.242881774902344 2526 218.3955078125 119.20029449462891 -1 209.73023986816406 112.98878479003906 -1 3.4616324901580811 186.37445068359375 -1 70.751319885253906 118.84886932373047 2472 222.00552368164062 122.57308197021484 2503 212.38960266113281 80.279518127441406 2445 86.463676452636719 3.1382231712341309 250 109.2701416015625 18.439916610717773 2219 132.36192321777344 83.00537109375 -1 70.751319885253906 118.84886932373047 2507 86.463676452636719 3.1382231712341309 2244 40.957691192626953 144.40121459960938 -1 7.6562724113464355 181.98028564453125 2504 93.095924377441406 242.09858703613281 2473 60.647613525390625 135.45404052734375 2475 195.19781494140625 124.95933532714844 -1 78.419082641601562 124.73944091796875 -1 204.03144836425781 124.74889373779297 2436 197.07252502441406 118.65544128417969 -1 214.97314453125 116.38722229003906 -1 204.51692199707031 116.65705871582031 2313 207.05833435058594 113.79005432128906 2314 174.38665771484375 109.65997314453125 -1 175.5987548828125 105.79644012451172 2226 226.90957641601562 98.719367980957031 2663 229.09571838378906 95.044845581054688 2663 214.26663208007812 92.653038024902344 -1 73.535911560058594 87.926864624023438 -1 186.32066345214844 84.391075134277344 2428 208.51174926757812 83.403305053710938 -1 120.30657196044922 72.845184326171875 -1 125.47608184814453 71.545814514160156 -1 93.092514038085938 17.829605102539062 2224 139.47659301757812 59.383022308349609 -1 208.51174926757812 83.403305053710938 -1 207.05833435058594 113.79005432128906 2318 93.095924377441406 242.09858703613281 -1 103.49483489990234 22.038642883300781 2380 108.12743377685547 61.605808258056641 -1 48.985828399658203 145.66763305664062 -1 115.61354064941406 57.933036804199219 -1 46.679847717285156 147.76863098144531 2528 43.426139831542969 150.21678161621094 -1 181.88827514648438 120.61287689208984 -1 65.914222717285156 130.42469787597656 -1 205.42518615722656 146.95968627929688 2529 
15 0.96051261179754543 0.037994496689961209 -0.11754979486507613 -0.24930701258952365 5.7401216847626824 4.3615337976638111 -1.4288572125350385 1 000013.png
150.96517944335938 185.23681640625 -1 150.96517944335938 185.23681640625 -1 103.03279113769531 89.6971435546875 2452 103.03279113769531 89.6971435546875 2415 222.45851135253906 84.223114013671875 2324 105.22683715820312 32.031898498535156 2559 105.22683715820312 32.031898498535156 2195 76.203498840332031 93.804191589355469 -1 98.376472473144531 13.622540473937988 2192 195.67454528808594 103.64505004882812 2197 84.038841247558594 19.437362670898438 2235 155.07719421386719 30.662117004394531 2416 172.69551086425781 85.480331420898438 2417 202.72540283203125 116.21810150146484 2252 119.94922637939453 197.36189270019531 -1 131.01460266113281 204.12008666992188 -1 232.53936767578125 241.989013671875 -1 240.22152709960938 141.87959289550781 2363 119.94922637939453 197.36189270019531 -1 131.01460266113281 204.12008666992188 -1 202.72540283203125 116.21810150146484 2509 202.72540283203125 116.21810150146484 2509 172.69551086425781 85.480331420898438 2466 172.69551086425781 85.480331420898438 2420 118.16269683837891 32.076957702636719 -1 141.8740234375 181.4862060546875 -1 231.40162658691406 79.788780212402344 2201 141.8740234375 181.4862060546875 -1 77.430732727050781 87.290763854980469 -1 246.86720275878906 88.321525573730469 2209 184.61012268066406 98.850074768066406 2684 176.24037170410156 86.3875732421875 2522 170.96177673339844 142.24534606933594 2255 152.55131530761719 66.847480773925781 -1 184.61012268066406 98.850074768066406 2684 224.28459167480469 95.235618591308594 2663 221.64234924316406 71.978530883789062 2208 229.50971984863281 252.28004455566406 -1 186.37449645996094 84.896926879882812 2487 122.24944305419922 204.97926330566406 2444 196.02851867675781 84.717697143554688 2306 122.24944305419922 204.97926330566406 -1 196.02851867675781 84.717697143554688 2237 214.34004211425781 107.92247009277344 2422 186.37449645996094 84.896926879882812 2489 214.34004211425781 107.92247009277344 -1 214.34004211425781 107.92247009277344 -1 213.21109008789062 65.718460083007812 2438 90.672966003417969 117.86830139160156 2457 128.6435546875 207.31968688964844 -1 154.70925903320312 27.845129013061523 -1 120.29476928710938 62.265323638916016 -1 116.22526550292969 26.815921783447266 2215 198.76350402832031 110.24333190917969 2211 225.60557556152344 114.83661651611328 -1 128.6435546875 207.31968688964844 -1 133.58277893066406 73.552108764648438 2434 128.39361572265625 74.238006591796875 2447 212.04826354980469 79.833915710449219 2445 218.08518981933594 104.51419830322266 2371 226.73646545410156 110.37368011474609 -1 196.73344421386719 115.52935791015625 2257 205.79292297363281 115.50741577148438 2435 236.59475708007812 117.84612274169922 -1 222.99745178222656 139.13398742675781 -1 204.28034973144531 120.73740386962891 2309 151.84217834472656 57.485301971435547 2310 222.99745178222656 139.13398742675781 -1 85.448936462402344 117.00131988525391 2458 204.28034973144531 120.73740386962891 2258 96.452545166015625 29.869173049926758 2216 88.535636901855469 36.169872283935547 2425 151.84217834472656 57.485301971435547 -1 124.55364227294922 66.700248718261719 -1 120.16484069824219 67.443626403808594 -1 5.1070847511291504 189.72010803222656 -1 59.981849670410156 139.69706726074219 -1 109.29218292236328 18.43181037902832 2219 115.5606689453125 53.883846282958984 2426 95.696456909179688 56.390491485595703 -1 131.64698791503906 77.065925598144531 2427 247.9263916015625 126.74053955078125 -1 6.3585724830627441 192.97274780273438 -1 187.95333862304688 80.572547912597656 2428 83.650672912597656 93.85595703125 -1 222.18260192871094 117.07850646972656 -1 225.70353698730469 119.90596771240234 -1 3.5608513355255127 195.49449157714844 -1 104.63419342041016 250.64530944824219 -1 170.91987609863281 145.28602600097656 2254 239.83415222167969 130.98863220214844 2430 76.039558410644531 125.20745086669922 -1 172.41764831542969 116.23162078857422 2384 9.3522987365722656 189.82579040527344 -1 76.039558410644531 125.20745086669922 -1 95.696456909179688 56.390491485595703 -1 15.364765167236328 184.51580810546875 -1 59.981849670410156 139.69706726074219 -1 170.91987609863281 145.28602600097656 -1 216.51087951660156 112.99059295654297 2431 99.993019104003906 242.96908569335938 -1 250.58961486816406 243.08070373535156 -1 101.62000274658203 245.52549743652344 -1 241.16476440429688 249.10911560058594 -1 249.00132751464844 237.36141967773438 -1 12.277556419372559 179.132080078125 -1 86.49481201171875 91.56695556640625 -1 32.374954223632812 168.30178833007812 -1 228.91786193847656 165.01344299316406 -1 30.145526885986328 162.839111328125 -1 32.987510681152344 160.34428405761719 -1 49.850772857666016 152.43260192871094 -1 52.641765594482422 149.65452575683594 -1 60.563957214355469 142.94482421875 -1 221.93801879882812 132.84146118164062 -1 89.123100280761719 7.8313326835632324 2691 204.08595275878906 124.70972442626953 2436 20.571054458618164 232.62101745605469 -1 103.39981842041016 22.082551956176758 2380 92.336463928222656 48.087604522705078 2317 92.336463928222656 48.087604522705078 -1 204.08595275878906 124.70972442626953 2436 113.12674713134766 57.410972595214844 2443 228.91786193847656 165.01344299316406 -1 20.571054458618164 232.62101745605469 -1 25.312688827514648 174.9659423828125 -1 250.58961486816406 243.08070373535156 -1 128.33999633789062 70.666481018066406 -1 228.84291076660156 95.749252319335938 2663 175.53300476074219 105.90947723388672 2226 173.76014709472656 111.91444396972656 2384 99.993019104003906 242.96908569335938 -1 207.016357421875 113.92615509033203 2318 176.86834716796875 80.245399475097656 -1 63.088878631591797 140.20223999023438 -1 207.016357421875 113.92615509033203 2314 204.77809143066406 117.04457855224609 2313 
16 0.95622710611263517 0.019561432879552663 -0.14043915365963461 -0.25597639734655148 6.0812563127975281 4.1644672175197845 -1.6572589799101669 1 000014.png
152.46174621582031 191.67918395996094 -1 131.75689697265625 43.892574310302734 2358 158.08157348632812 58.179347991943359 -1 131.75689697265625 43.892574310302734 2359 158.08157348632812 58.179347991943359 2265 104.38115692138672 86.038833618164062 2415 104.38115692138672 86.038833618164062 -1 222.19062805175781 84.766647338867188 2324 105.24501037597656 31.501811981201172 2559 105.24501037597656 31.501811981201172 2195 98.359649658203125 13.60973072052002 2192 196.00015258789062 103.9481201171875 2197 82.591217041015625 18.071382522583008 2235 174.07339477539062 84.196296691894531 2417 84.669075012207031 89.104537963867188 -1 202.27792358398438 116.55818176269531 2252 242.69306945800781 140.21800231933594 2363 236.40406799316406 240.36698913574219 -1 174.07339477539062 84.196296691894531 2420 174.07339477539062 84.196296691894531 2466 202.27792358398438 116.55818176269531 2509 202.27792358398438 116.55818176269531 2509 135.11036682128906 203.65313720703125 -1 217.29656982421875 108.09208679199219 2369 135.11036682128906 203.65313720703125 -1 102.67417907714844 59.114898681640625 -1 217.29656982421875 108.09208679199219 2364 217.29656982421875 108.09208679199219 2422 154.77378845214844 66.486137390136719 2327 184.59028625488281 98.906074523925781 2684 231.98390197753906 79.623031616210938 2201 177.89808654785156 84.911209106445312 2177 136.50852966308594 125.50547027587891 -1 171.27030944824219 142.41481018066406 2255 126.31369018554688 202.88688659667969 -1 184.59028625488281 98.906074523925781 2684 126.31369018554688 202.88688659667969 -1 156.72169494628906 29.727758407592773 2416 91.625434875488281 70.153404235839844 -1 96.313438415527344 108.78396606445312 -1 195.96669006347656 84.751701354980469 2306 187.96412658691406 83.495643615722656 420 221.66682434082031 71.988441467285156 2208 179.41424560546875 85.167587280273438 2177 248.78373718261719 88.773735046386719 -1 195.96669006347656 84.751701354980469 2237 187.96412658691406 83.495643615722656 2345 100.48841094970703 63.657318115234375 -1 243.24537658691406 84.476829528808594 2209 221.58172607421875 103.41919708251953 2371 198.68959045410156 110.05226135253906 2211 96.759651184082031 115.85294342041016 2502 105.32689666748047 65.481254577636719 -1 233.40719604492188 251.35299682617188 -1 233.40719604492188 251.35299682617188 -1 123.40491485595703 59.192539215087891 2370 99.401351928710938 131.45816040039062 -1 221.05119323730469 134.54495239257812 -1 154.06260681152344 56.905811309814453 2310 112.57356262207031 59.100345611572266 -1 178.18968200683594 98.44927978515625 2280 216.64759826660156 105.73397827148438 2369 204.23710632324219 120.67982482910156 2309 221.05119323730469 134.54495239257812 -1 204.23710632324219 120.67982482910156 2258 154.06260681152344 56.905811309814453 2213 112.57356262207031 59.100345611572266 2307 96.750892639160156 94.867965698242188 -1 178.18968200683594 98.44927978515625 2625 216.64759826660156 105.73397827148438 2372 229.12753295898438 109.41103363037109 2284 196.71366882324219 115.51265716552734 2257 239.16445922851562 116.92191314697266 24 112.57477569580078 254.627197265625 -1 108.57613372802734 14.382040023803711 2374 109.26324462890625 18.449863433837891 2219 95.711585998535156 56.346591949462891 2286 91.978782653808594 113.62889099121094 2498 170.9482421875 145.32449340820312 2254 124.38168334960938 61.248405456542969 -1 96.498664855957031 63.715419769287109 -1 238.43891906738281 126.54259490966797 2295 242.50936889648438 129.85530090332031 2430 145.12648010253906 176.53153991699219 -1 143.09495544433594 188.04522705078125 -1 11.095999717712402 192.62394714355469 -1 128.40777587890625 64.677742004394531 -1 131.34779357910156 66.8321533203125 -1 189.21893310546875 79.108619689941406 -1 86.642631530761719 3.0966446399688721 250 175.55410766601562 105.85980987548828 2226 228.1192626953125 97.287940979003906 2663 93.668792724609375 120.024169921875 -1 137.25453186035156 71.642890930175781 2434 86.642631530761719 3.0966446399688721 2244 96.498664855957031 63.715419769287109 -1 112.57477569580078 254.627197265625 -1 133.31074523925781 72.272857666015625 2447 189.21893310546875 79.108619689941406 -1 209.57417297363281 108.52606201171875 -1 224.37069702148438 116.03379058837891 2375 228.05960083007812 118.77676391601562 170 204.55522155761719 116.85781097412109 2313 172.21604919433594 116.60360717773438 2384 207.048095703125 114.03281402587891 2314 218.83648681640625 111.92885589599609 2431 216.65406799316406 109.93718719482422 -1 93.319343566894531 18.078245162963867 2224 231.98426818847656 90.525489807128906 2568 103.44895172119141 22.055704116821289 2380 92.563323974609375 48.601173400878906 2317 207.048095703125 114.03281402587891 2318 89.040809631347656 7.6278133392333984 2691 190.57704162597656 123.73741912841797 -1 252.9981689453125 238.95429992675781 -1 176.08964538574219 69.905975341796875 2315 121.61009979248047 62.610710144042969 -1 248.70994567871094 247.32376098632812 2690 172.21604919433594 116.60360717773438 2569 109.03242492675781 248.57968139648438 -1 252.9981689453125 238.95429992675781 -1 142.00128173828125 191.40592956542969 -1 24.612968444824219 172.01515197753906 -1 190.57704162597656 123.73741912841797 -1 106.39206695556641 244.42692565917969 -1 97.858955383300781 53.305641174316406 -1 58.241268157958984 147.81263732910156 2512 121.44191741943359 59.570903778076172 -1 
17 0.95873249089910328 0.049335473679522075 -0.11387287166638664 -0.25579482213224897 5.8662593807160262 4.4933613761501841 -1.2464677525272425 1 000017.png
149.177490234375 202.69845581054688 -1 122.48291778564453 35.604812622070312 -1 170.47856140136719 59.027870178222656 -1 120.1373291015625 89.449150085449219 -1 122.48291778564453 35.604812622070312 -1 222.12696838378906 89.243988037109375 2324 164.01611328125 114.76949310302734 2335 164.01611328125 114.76949310302734 2334 98.517997741699219 13.476558685302734 2192 105.21340942382812 31.396949768066406 2559 106.13456726074219 57.975662231445312 2303 123.40938568115234 60.289215087890625 -1 106.13456726074219 57.975662231445312 -1 105.21340942382812 31.396949768066406 2195 196.91307067871094 102.60066223144531 2197 226.90798950195312 128.33723449707031 -1 116.67244720458984 190.49290466308594 -1 230.95411682128906 79.795745849609375 2201 201.66355895996094 116.88884735107422 2509 244.33714294433594 134.2808837890625 2418 132.93019104003906 194.11233520507812 -1 240.24858093261719 230.67738342285156 2204 84.159797668457031 19.659566879272461 2235 201.66355895996094 116.88884735107422 2252 247.7554931640625 88.746932983398438 2209 242.61207580566406 243.51808166503906 -1 221.87303161621094 72.818260192871094 2208 180.70039367675781 81.593193054199219 -1 184.63702392578125 98.873542785644531 2684 171.19221496582031 141.87852478027344 2255 71.613388061523438 144.66758728027344 2398 133.35902404785156 195.76594543457031 2399 125.60299682617188 198.1524658203125 -1 242.61207580566406 243.51808166503906 -1 184.63702392578125 98.873542785644531 2684 180.70039367675781 81.593193054199219 -1 180.70039367675781 81.593193054199219 -1 190.59414672851562 80.212043762207031 420 182.33351135253906 81.745811462402344 -1 102.63234710693359 67.010162353515625 -1 196.0389404296875 84.553863525390625 2306 196.0389404296875 84.553863525390625 2237 190.59414672851562 80.212043762207031 2345 101.68851470947266 68.915664672851562 -1 157.37208557128906 62.567440032958984 2327 133.9801025390625 197.94537353515625 -1 237.17005920410156 242.33395385742188 2402 198.79072570800781 109.80005645751953 2211 104.78815460205078 73.783790588378906 -1 237.17005920410156 242.33395385742188 -1 156.63992309570312 54.201614379882812 2213 204.33395385742188 120.83572387695312 2258 92.378814697265625 10.583680152893066 2220 141.82504272460938 64.518020629882812 2403 100.82466888427734 71.050277709960938 -1 221.89488220214844 103.49863433837891 2372 231.80680847167969 104.92438507080078 2284 241.58158874511719 111.91590881347656 2404 196.76266479492188 115.52627563476562 2257 205.75094604492188 115.42153930664062 2435 251.56562805175781 129.93768310546875 2352 96.515777587890625 29.741828918457031 2216 156.63992309570312 54.201614379882812 2310 109.32976531982422 18.452457427978516 2219 145.64820861816406 67.113700866699219 2405 86.445686340332031 3.1144828796386719 250 166.66172790527344 95.232109069824219 -1 220.57185363769531 106.91065979003906 -1 223.44566345214844 109.2196044921875 -1 188.85165405273438 100.96689605712891 -1 247.9189453125 252.29942321777344 -1 244.57052612304688 124.59125518798828 88 111.47067260742188 157.71330261230469 -1 108.56690216064453 14.289541244506836 2374 95.811447143554688 56.839885711669922 2286 86.445686340332031 3.1144828796386719 2244 204.78742980957031 116.66851043701172 2313 149.11546325683594 181.45831298828125 -1 252.97410583496094 235.95396423339844 2357 247.65260314941406 238.03875732421875 2353 117.19358825683594 240.72673034667969 -1 108.61147308349609 116.84468078613281 2407 206.99783325195312 113.99427795410156 2314 100.69320678710938 107.01802062988281 -1 188.29867553710938 82.00469970703125 2333 104.54218292236328 85.210395812988281 -1 179.77642822265625 67.53436279296875 -1 146.43928527832031 63.203113555908203 -1 227.13743591308594 111.54222869873047 2375 154.01545715332031 55.852451324462891 2310 114.95078277587891 27.228046417236328 2215 103.31306457519531 22.136085510253906 2380 86.019378662109375 117.12330627441406 -1 100.69320678710938 107.01802062988281 2409 88.931678771972656 121.32027435302734 -1 120.16522979736328 245.21418762207031 -1 66.086647033691406 142.79217529296875 -1 80.599784851074219 7.8200802803039551 -1 114.23558807373047 174.96368408203125 2410 
18 0.95841042279271627 0.049025360999159329 -0.11470838893876918 -0.25668650328418285 5.893937832709196 4.4685616085823332 -1.2471875954693767 1 000018.png
148.06584167480469 203.61833190917969 -1 122.52041625976562 34.598995208740234 -1 171.65242004394531 58.964733123779297 -1 122.52041625976562 34.598995208740234 -1 222.19926452636719 89.511512756347656 2324 164.30813598632812 112.65013122558594 -1 164.30813598632812 112.65013122558594 -1 98.522956848144531 13.491081237792969 2192 105.17933654785156 31.361196517944336 2559 106.26687622070312 56.405960083007812 2303 124.42465209960938 59.296291351318359 -1 159.21292114257812 72.365440368652344 -1 116.68500518798828 188.98060607910156 -1 105.17933654785156 31.361196517944336 2195 124.42465209960938 59.296291351318359 -1 106.26687622070312 56.405960083007812 -1 196.89414978027344 102.66030120849609 2197 202.28146362304688 62.833126068115234 2440 169.88456726074219 78.46112060546875 -1 169.88456726074219 78.46112060546875 -1 84.23968505859375 19.557731628417969 2235 230.89697265625 79.806205749511719 2201 201.62525939941406 116.89215087890625 2509 244.37043762207031 132.95899963378906 -1 144.8330078125 193.43898010253906 -1 240.72831726074219 227.71556091308594 2204 112.41195678710938 108.22777557373047 -1 228.51271057128906 125.31739044189453 4 133.68659973144531 190.83447265625 -1 201.62525939941406 116.89215087890625 2252 144.8330078125 193.43898010253906 -1 246.11112976074219 88.219612121582031 2209 184.61427307128906 98.875038146972656 2684 170.87399291992188 142.33175659179688 2255 71.711540222167969 144.3656005859375 -1 134.44085693359375 194.33200073242188 -1 126.53758239746094 196.93568420410156 -1 184.61427307128906 98.875038146972656 2684 221.8096923828125 72.958663940429688 2208 182.93115234375 81.046127319335938 -1 196.041748046875 84.537117004394531 2306 181.35804748535156 80.77545166015625 -1 181.35804748535156 80.77545166015625 -1 196.041748046875 84.537117004394531 2237 191.13905334472656 79.581718444824219 2345 181.35804748535156 80.77545166015625 2177 157.7957763671875 61.516841888427734 2327 191.13905334472656 79.581718444824219 420 198.78684997558594 110.04044342041016 2211 231.30172729492188 108.38233947753906 2367 92.78179931640625 36.074180603027344 -1 223.66009521484375 103.48660278320312 2372 101.43952178955078 72.22210693359375 -1 106.33628082275391 71.497077941894531 -1 117.4718017578125 60.609611511230469 2307 92.78179931640625 36.074180603027344 2496 92.78179931640625 36.074180603027344 2495 208.98907470703125 118.23612213134766 -1 242.75949096679688 249.05072021484375 -1 242.75949096679688 249.05072021484375 -1 196.83290100097656 115.50379180908203 2257 204.31646728515625 120.74309539794922 2258 92.639808654785156 10.686545372009277 2220 96.507568359375 29.781227111816406 2216 157.10226440429688 53.647743225097656 2213 143.88790893554688 62.277778625488281 2403 241.49818420410156 110.54308319091797 -1 178.23016357421875 98.421318054199219 2280 205.76954650878906 115.69940185546875 2435 231.65621948242188 103.35719299316406 2284 204.31646728515625 120.74309539794922 2309 157.10226440429688 53.647743225097656 2310 178.23016357421875 98.421318054199219 2625 86.456787109375 3.368556022644043 250 104.40373992919922 88.226852416992188 -1 230.34989929199219 112.68214416503906 2375 244.71951293945312 123.29242706298828 88 107.24177551269531 86.329193115234375 -1 192.24320983886719 74.963462829589844 -1 192.24320983886719 74.963462829589844 -1 109.29180908203125 18.463964462280273 2219 103.81171417236328 83.005912780761719 -1 95.793678283691406 56.722129821777344 2286 86.456787109375 3.368556022644043 2244 247.84339904785156 235.50155639648438 -1 245.56108093261719 241.55223083496094 -1 247.75361633300781 253.06028747558594 -1 10.092330932617188 197.11943054199219 -1 110.45465850830078 115.56925964355469 2407 204.75245666503906 116.59613800048828 2313 207.094970703125 114.04500579833984 2314 175.50834655761719 105.94671630859375 2226 166.88853454589844 99.501220703125 -1 221.47129821777344 106.12020111083984 -1 189.12266540527344 81.132171630859375 2333 207.47416687011719 65.65234375 -1 177.114990234375 64.465667724609375 2315 148.09527587890625 61.337451934814453 -1 86.620048522949219 123.246337890625 -1 79.640350341796875 129.65382385253906 -1 166.27973937988281 56.635227203369141 2316 92.610610961914062 48.45770263671875 2317 227.2425537109375 110.37083435058594 2375 93.284629821777344 18.105094909667969 2224 92.610610961914062 48.45770263671875 -1 248.05451965332031 249.5311279296875 -1 207.094970703125 114.04500579833984 2318 170.82231140136719 145.700439453125 2254 60.747943878173828 147.90861511230469 -1 253.48814392089844 229.36697387695312 -1 253.91081237792969 233.01400756835938 -1 147.16232299804688 64.145645141601562 2405 89.180831909179688 36.584827423095703 -1 156.95069885253906 56.290061950683594 -1 110.88336181640625 119.53743743896484 -1 156.95069885253906 56.290061950683594 -1 156.95069885253906 56.290061950683594 -1 
19 0.95868707122476082 0.049476583519524046 -0.11567136560487959 -0.25512997144363192 5.8621533858172379 4.5054228478854492 -1.2307818975104401 1 000016.png
127.07557678222656 40.798530578613281 2358 150.83671569824219 200.13670349121094 -1 127.07557678222656 40.798530578613281 2359 167.89671325683594 59.269138336181641 -1 221.89938354492188 88.678924560546875 2324 163.07884216308594 118.82084655761719 2335 76.815826416015625 10.517821311950684 -1 200.64215087890625 64.912094116210938 2440 98.318229675292969 13.595918655395508 2192 105.18684387207031 31.494739532470703 2559 105.72676086425781 80.665740966796875 -1 129.44239807128906 189.1737060546875 -1 105.72885131835938 58.743427276611328 2303 129.44239807128906 189.1737060546875 -1 105.72676086425781 80.665740966796875 -1 105.18684387207031 31.494739532470703 2195 121.21334838867188 60.310375213623047 -1 196.66156005859375 102.77398681640625 2197 84.056594848632812 19.637531280517578 2235 94.382980346679688 87.866424560546875 -1 201.36618041992188 117.39912414550781 2252 244.04534912109375 137.05792236328125 2418 130.51499938964844 195.76606750488281 -1 239.31185913085938 235.41110229492188 2397 222.44090270996094 107.46451568603516 2364 201.36618041992188 117.39912414550781 2509 130.51499938964844 195.76606750488281 -1 184.3880615234375 98.9119873046875 2684 179.778076171875 82.937614440917969 -1 231.6656494140625 79.768905639648438 2201 221.80546569824219 72.604835510253906 2208 156.76089477539062 64.810440063476562 2327 171.36935424804688 142.0791015625 2255 131.33135986328125 198.97283935546875 2399 179.778076171875 82.937614440917969 -1 184.3880615234375 98.9119873046875 2684 195.97445678710938 84.657455444335938 2306 241.79248046875 247.95455932617188 -1 93.391929626464844 122.39534759521484 -1 93.391929626464844 122.39534759521484 -1 189.59733581542969 81.433502197265625 2345 241.79248046875 247.95455932617188 -1 195.97445678710938 84.657455444335938 2237 189.59733581542969 81.433502197265625 -1 181.60078430175781 83.231086730957031 -1 236.38311767578125 247.36907958984375 2402 198.63252258300781 110.17121887207031 2211 242.00404357910156 83.750129699707031 -1 231.33531188964844 106.43699645996094 2284 162.66123962402344 100.65680694580078 -1 230.58966064453125 111.70606994628906 2367 236.38311767578125 247.36907958984375 -1 223.90882873535156 96.656524658203125 -1 223.90882873535156 96.656524658203125 2663 219.88652038574219 104.46479797363281 2369 160.48666381835938 112.58976745605469 -1 160.48666381835938 112.58976745605469 -1 96.551361083984375 29.829404830932617 2216 128.03495788574219 55.104953765869141 2370 156.08364868164062 55.498802185058594 2213 95.978019714355469 82.283088684082031 -1 178.2386474609375 98.410934448242188 2625 223.45614624023438 101.87884521484375 2371 219.88652038574219 104.46479797363281 2372 103.90048980712891 108.79046630859375 -1 196.75068664550781 115.51673889160156 2257 205.78939819335938 115.41417694091797 2435 234.09414672851562 119.79476165771484 83 204.16157531738281 120.59609985351562 2258 156.08364868164062 55.498802185058594 2310 178.2386474609375 98.410934448242188 2280 108.46307373046875 14.291736602783203 2374 226.29078674316406 113.38900756835938 2375 241.03305053710938 114.32335662841797 2404 147.3558349609375 185.493408203125 -1 249.94183349609375 120.86004638671875 -1 204.14073181152344 124.88001251220703 2436 223.56404113769531 132.27838134765625 -1 230.11117553710938 116.29263305664062 2375 86.5640869140625 3.332106351852417 2244 86.5640869140625 3.332106351852417 250 109.36177825927734 18.447589874267578 2219 95.709098815917969 56.355556488037109 2286 223.56404113769531 132.27838134765625 -1 136.44993591308594 62.344902038574219 -1 100.24612426757812 71.043891906738281 -1 100.04653930664062 108.07363891601562 2409 103.40532684326172 22.081457138061523 2380 109.45248413085938 148.15670776367188 2348 252.20419311523438 237.6304931640625 2357 111.64154052734375 240.087158203125 -1 249.718017578125 240.16722106933594 -1 252.447021484375 241.26605224609375 -1 246.89453125 243.16177368164062 2353 34.987033843994141 172.7117919921875 2381 179.51312255859375 121.83220672607422 -1 246.98298645019531 119.04263305664062 -1 153.3924560546875 57.076152801513672 2310 194.52142333984375 79.493194580078125 420 142.67269897460938 67.3236083984375 -1 207.7161865234375 65.654022216796875 -1 204.58885192871094 116.59990692138672 2313 207.03675842285156 114.12712860107422 2318 179.51312255859375 121.83220672607422 -1 111.64154052734375 240.087158203125 -1 252.447021484375 241.26605224609375 -1 207.03675842285156 114.12712860107422 2314 221.14653015136719 109.72734832763672 -1 100.04540252685547 88.766639709472656 -1 133.0228271484375 205.43780517578125 2444 187.41163635253906 83.001251220703125 2333 172.29304504394531 116.50248718261719 2384 
20 0.95605932104148328 0.063859508175312746 -0.10719529808573448 -0.26529550681007741 6.0117360619782598 4.5446298349762548 -0.99000732491989951 1 000021.png
145.68930053710938 204.43746948242188 -1 122.30105590820312 32.725925445556641 -1 183.8297119140625 62.655055999755859 -1 222.61231994628906 90.165817260742188 1 160.71560668945312 168.49040222167969 -1 167.705078125 103.74615478515625 -1 167.705078125 103.74615478515625 -1 98.512130737304688 13.456342697143555 2192 105.23951721191406 31.012264251708984 2559 208.03810119628906 98.226516723632812 -1 105.23951721191406 31.012264251708984 2559 105.23951721191406 31.012264251708984 2195 170.76605224609375 73.412803649902344 -1 197.03367614746094 102.71736145019531 2197 229.46861267089844 120.97575378417969 4 136.51451110839844 180.82247924804688 -1 170.76605224609375 73.412803649902344 -1 197.03367614746094 102.71736145019531 -1 136.51451110839844 180.82247924804688 -1 83.984024047851562 19.197687149047852 2235 159.30213928222656 63.058376312255859 -1 230.399169921875 80.100738525390625 2201 201.50456237792969 116.84614562988281 2509 245.04867553710938 127.36521148681641 -1 242.81857299804688 220.5670166015625 2685 201.50456237792969 116.84614562988281 2252 115.90334320068359 69.123336791992188 -1 162.70761108398438 90.609443664550781 -1 184.68589782714844 98.831451416015625 2684 179.24436950683594 115.21835327148438 -1 70.289657592773438 145.23188781738281 -1 138.30712890625 188.51943969726562 -1 170.6268310546875 142.10603332519531 -1 136.37533569335938 47.3955078125 -1 221.88143920898438 72.986831665039062 2208 243.78865051269531 86.146026611328125 2209 196.50273132324219 83.813072204589844 2237 102.0858154296875 70.9696044921875 -1 158.2198486328125 52.249748229980469 -1 185.32711791992188 78.481727600097656 2332 145.38288879394531 191.09260559082031 -1 185.32711791992188 78.481727600097656 2177 198.77458190917969 109.81754302978516 2211 240.09623718261719 230.77775573730469 2686 186.9415283203125 78.287796020507812 2333 186.9415283203125 78.287796020507812 2332 245.50186157226562 240.28701782226562 2238 146.50672912597656 47.145751953125 -1 245.50186157226562 240.28701782226562 2250 196.87522888183594 115.47772216796875 2257 205.80393981933594 115.43451690673828 2435 139.61445617675781 193.19459533691406 -1 237.26539611816406 237.72590637207031 -1 158.56202697753906 51.15289306640625 2213 220.58891296386719 97.885421752929688 -1 205.80393981933594 115.43451690673828 -1 139.61445617675781 193.19459533691406 -1 105.97552490234375 74.461410522460938 -1 158.56202697753906 51.15289306640625 -1 204.28054809570312 120.80979156494141 2258 115.67021179199219 25.687358856201172 2215 96.53997802734375 29.743556976318359 2216 178.2540283203125 98.350013732910156 2280 220.58891296386719 97.885421752929688 -1 242.55067443847656 106.01091003417969 -1 190.51979064941406 123.70286560058594 -1 170.97978210449219 145.51483154296875 2254 27.64729118347168 176.43080139160156 -1 24.681499481201172 179.35383605957031 -1 251.0238037109375 100.11249542236328 2688 88.728233337402344 37.116867065429688 2425 231.50895690917969 108.31934356689453 2375 113.32057189941406 94.296104431152344 -1 244.90447998046875 117.98883056640625 88 109.34818267822266 18.434150695800781 2219 164.62028503417969 121.89390563964844 -1 225.40536499023438 123.41359710693359 27 92.9268798828125 10.441047668457031 2220 204.08621215820312 124.78663635253906 2436 119.62677764892578 139.78080749511719 234 190.51979064941406 123.70286560058594 -1 95.714897155761719 56.468803405761719 2286 225.40536499023438 123.41359710693359 33 190.51979064941406 123.70286560058594 -1 190.51979064941406 123.70286560058594 -1 27.64729118347168 176.43080139160156 -1 24.681499481201172 179.35383605957031 -1 199.81690979003906 86.991203308105469 -1 249.03778076171875 227.88525390625 -1 238.52824401855469 237.41313171386719 2689 86.054206848144531 3.1298437118530273 250 22.766452789306641 185.05355834960938 -1 33.925224304199219 173.8857421875 -1 37.850997924804688 170.20472717285156 -1 81.5731201171875 124.08202362060547 -1 117.50091552734375 116.32700347900391 -1 173.7552490234375 111.90203094482422 2384 174.45750427246094 82.940757751464844 -1 98.200263977050781 108.43441009521484 -1 93.295028686523438 18.142763137817383 2224 224.574951171875 103.74831390380859 -1 86.054206848144531 3.1298437118530273 2244 168.95245361328125 67.055496215820312 -1 200.9765625 81.352752685546875 117 176.5517578125 85.405647277832031 -1 80.151832580566406 129.11895751953125 -1 253.343505859375 90.088088989257812 -1 253.61930847167969 222.57960510253906 -1 251.079345703125 225.59855651855469 -1 27.994489669799805 179.82562255859375 -1 25.695396423339844 182.44241333007812 -1 175.55506896972656 105.8624267578125 2226 2.9075024127960205 204.78353881835938 -1 240.2470703125 233.98503112792969 -1 253.052490234375 246.31465148925781 -1 
21 0.95852953692300313 0.049657867734008564 -0.11257773311070039 -0.25706317711010429 5.8766917159244727 4.4686364619954855 -1.2517629720143915 1 000019.png
147.0845947265625 204.18780517578125 -1 122.48410034179688 33.442237854003906 -1 174.89479064941406 59.421226501464844 -1 122.48410034179688 33.442237854003906 -1 222.35165405273438 89.787246704101562 1 130.09507751464844 112.66244506835938 2346 165.05453491210938 109.20651245117188 2334 165.05453491210938 109.20651245117188 2335 116.67872619628906 79.61572265625 -1 98.518348693847656 13.446374893188477 2192 105.17469787597656 31.040231704711914 2559 164.0770263671875 74.392402648925781 -1 118.10713958740234 187.16738891601562 -1 105.17469787597656 31.040231704711914 2195 105.17469787597656 31.040231704711914 2559 159.2421875 68.207847595214844 -1 196.96244812011719 102.63206481933594 2197 159.2421875 68.207847595214844 -1 84.156570434570312 19.368810653686523 2235 112.02726745605469 69.475822448730469 -1 230.62828063964844 79.952613830566406 2201 244.45484924316406 130.27149963378906 2418 241.18690490722656 224.09153747558594 2397 202.41517639160156 61.767189025878906 2440 201.43052673339844 117.27924346923828 2509 184.62547302246094 98.890632629394531 2684 245.05351257324219 87.339271545410156 2209 103.25612640380859 69.343765258789062 2337 135.93084716796875 190.63575744628906 -1 144.62467956542969 192.45689392089844 -1 221.84870910644531 72.814117431640625 2208 170.67391967773438 142.12677001953125 2255 201.43052673339844 117.27924346923828 2252 103.25612640380859 69.343765258789062 -1 226.48825073242188 112.45372772216797 -1 129.70472717285156 193.88459777832031 -1 182.39849853515625 79.732780456542969 2177 192.05442810058594 78.270126342773438 2345 192.05442810058594 78.270126342773438 420 182.39849853515625 79.732780456542969 -1 182.39849853515625 79.732780456542969 -1 196.07337951660156 84.460014343261719 2237 196.07337951660156 84.460014343261719 2306 243.67427062988281 244.70863342285156 2228 131.34208679199219 49.408016204833984 -1 238.31571960449219 235.0850830078125 2402 115.60843658447266 168.79667663574219 2410 198.72114562988281 109.87288665771484 2211 225.83966064453125 102.74828338623047 2372 158.43424987792969 58.937068939208984 2327 243.67427062988281 244.70863342285156 2229 107.0648193359375 80.081298828125 -1 241.53561401367188 108.19532775878906 2404 196.81358337402344 115.49908447265625 2257 205.78704833984375 115.51001739501953 2435 115.61207580566406 127.70159149169922 -1 205.78704833984375 115.51001739501953 -1 157.58033752441406 52.375919342041016 2213 204.24269104003906 120.72597503662109 2258 92.551261901855469 10.747340202331543 2220 96.483352661132812 29.799079895019531 2216 124.54080200195312 53.666839599609375 -1 147.37152099609375 59.266868591308594 -1 86.276290893554688 2.9619176387786865 250 204.15121459960938 124.76658630371094 2436 109.32823181152344 18.455057144165039 2219 95.727272033691406 56.399757385253906 2286 248.38133239746094 248.36689758300781 -1 250.47813415527344 102.5269775390625 2688 251.72605895996094 126.25294494628906 2352 115.15245056152344 24.944551467895508 2215 244.87525939941406 120.84431457519531 88 86.276290893554688 2.9619176387786865 2244 204.15121459960938 124.76658630371094 2436 103.47454071044922 22.045034408569336 2380 92.4615478515625 48.397243499755859 2317 160.38197326660156 50.842952728271484 -1 253.97431945800781 228.44235229492188 2357 248.69377136230469 230.75355529785156 2353 120.21115112304688 234.60992431640625 -1 251.05400085449219 251.01968383789062 -1 151.16413879394531 57.702384948730469 -1 230.51876831054688 110.45928955078125 2375 78.220893859863281 130.81452941894531 -1 40.274871826171875 167.17318725585938 2381 113.35636138916016 135.55447387695312 2348 204.7364501953125 116.70241546630859 2313 170.8519287109375 145.58938598632812 2254 207.07502746582031 114.08469390869141 2314 19.130462646484375 188.30329895019531 -1 13.197432518005371 193.99137878417969 -1 137.54804992675781 197.31298828125 -1 8.2011089324951172 198.75592041015625 -1 173.73765563964844 111.94966888427734 2384 95.995025634765625 110.58131408691406 -1 175.55691528320312 105.83164215087891 2226 109.33321380615234 97.910346984863281 -1 82.132949829101562 123.54608154296875 -1 189.88261413574219 79.596603393554688 2332 92.4615478515625 48.397243499755859 -1 150.56005859375 60.979076385498047 -1 167.00848388671875 55.451374053955078 2316 154.96415710449219 53.99615478515625 2310 118.28035736083984 3.3067588806152344 2657 251.51797485351562 227.51182556152344 2357 189.88261413574219 79.596603393554688 2333 95.995025634765625 110.58131408691406 -1 207.07502746582031 114.08469390869141 2318 82.132949829101562 123.54608154296875 -1 93.140953063964844 18.088104248046875 2224 59.475154876708984 148.3973388671875 -1 174.6025390625 68.011604309082031 -1 73.288414001464844 135.27357482910156 2398 178.74697875976562 70.936729431152344 -1 
22 0.95819488229396765 0.050023409442974495 -0.11283631507389535 -0.25812437322712223 5.8913359238028944 4.4501282874525456 -1.2432085413086584 1 000020.png
145.83096313476562 204.12033081054688 -1 122.352783203125 32.755653381347656 -1 222.3714599609375 89.891006469726562 1 132.08512878417969 108.75930786132812 2346 132.08512878417969 108.75930786132812 -1 119.49475860595703 78.309814453125 -1 166.64459228515625 104.37657165527344 2334 166.64459228515625 104.37657165527344 2335 98.531303405761719 13.460982322692871 2192 105.29132080078125 31.060321807861328 2559 105.29132080078125 31.060321807861328 2195 105.29132080078125 31.060321807861328 2559 105.13982391357422 64.944236755371094 2337 168.90792846679688 73.750381469726562 -1 196.89582824707031 102.76892852783203 2197 196.89582824707031 102.76892852783203 -1 84.100273132324219 19.398952484130859 2235 230.52914428710938 80.082756042480469 2201 118.14921569824219 101.80880737304688 -1 244.76371765136719 128.33798217773438 2418 115.20591735839844 162.71279907226562 -1 136.93655395507812 186.96818542480469 -1 241.89070129394531 220.67491149902344 2397 228.88906860351562 121.23880767822266 4 115.20591735839844 162.71279907226562 -1 135.16860961914062 47.959945678710938 -1 221.86882019042969 72.819694519042969 2208 184.66802978515625 98.863876342773438 2684 179.56954956054688 114.41032409667969 -1 201.48959350585938 117.35134887695312 2509 170.68426513671875 142.07704162597656 2255 201.48959350585938 117.35134887695312 2252 137.39091491699219 188.57664489746094 -1 244.23591613769531 86.580322265625 2209 145.32870483398438 190.42105102539062 -1 184.82270812988281 78.772499084472656 2177 157.90455627441406 52.549053192138672 -1 193.2410888671875 77.335830688476562 2345 157.90455627441406 52.549053192138672 -1 196.44865417480469 83.896430969238281 2237 193.2410888671875 77.335830688476562 420 184.82270812988281 78.772499084472656 2332 244.38444519042969 240.83633422851562 2228 138.38543701171875 191.95695495605469 -1 116.38902282714844 159.39959716796875 -1 198.78823852539062 109.82335662841797 2211 244.38444519042969 240.83633422851562 2229 133.68275451660156 193.35481262207031 -1 251.44776916503906 123.81073760986328 2352 158.13998413085938 51.429485321044922 2213 220.39405822753906 97.44720458984375 -1 205.88282775878906 115.50813293457031 -1 204.32485961914062 120.7158203125 2258 92.567779541015625 10.528360366821289 2220 96.395027160644531 29.779232025146484 2216 158.13998413085938 51.429485321044922 -1 220.39405822753906 97.44720458984375 -1 196.80410766601562 115.48207855224609 2257 205.88282775878906 115.50813293457031 2435 224.48219299316406 104.44638061523438 -1 131.60466003417969 46.582393646240234 -1 5.4335708618164062 202.09986877441406 -1 115.45240783691406 25.951051712036133 2215 188.82969665527344 101.06831359863281 -1 203.98081970214844 124.88604736328125 2436 229.760009765625 126.41349029541016 325 93.312400817871094 17.862937927246094 2224 109.29201507568359 18.423831939697266 2219 250.546875 100.68889617919922 2688 134.53131103515625 193.73587036132812 -1 245.06431579589844 119.06450653076172 -1 229.760009765625 126.41349029541016 2174 86.048355102539062 2.8890445232391357 250 238.6534423828125 250.81166076660156 -1 251.72264099121094 247.19577026367188 -1 92.628517150878906 113.06736755371094 -1 115.59085845947266 133.40115356445312 2348 175.52926635742188 105.89515686035156 2226 170.89028930664062 145.52374267578125 2254 41.5955810546875 165.9189453125 2381 37.713798522949219 169.89335632324219 -1 25.181051254272461 182.09678649902344 -1 14.782049179077148 192.50395202636719 -1 10.020468711853027 196.98928833007812 -1 235.86427307128906 103.00651550292969 -1 103.41516876220703 103.15821838378906 -1 155.229248046875 99.468841552734375 -1 107.56322479248047 99.446723937988281 -1 250.63278198242188 88.400688171386719 2187 200.97695922851562 81.432472229003906 117 202.02474975585938 78.89263916015625 -1 190.61749267578125 78.652816772460938 2332 189.83650207519531 70.355255126953125 -1 175.00959777832031 86.2398681640625 -1 107.56322479248047 99.446723937988281 2409 173.75694274902344 111.89508819580078 2384 252.30441284179688 223.54273986816406 2357 249.00389099121094 227.30877685546875 2353 86.048355102539062 2.8890445232391357 2244 249.21444702148438 244.35415649414062 -1 238.81246948242188 234.90557861328125 -1 153.0648193359375 55.218517303466797 -1 
23 0.98081297400066891 -0.071185216856440872 -0.10070919619828685 -0.15098421352631408 2.7414454121307101 -2.0502601719312503 -1.5947656556858762 1 000024.png
128.50408935546875 107.04060363769531 334 144.68154907226562 196.75709533691406 -1 200.79286193847656 75.317459106445312 1 121.57028198242188 87.673271179199219 98 154.12820434570312 154.7449951171875 -1 113.89165496826172 23.786689758300781 2 109.14501953125 61.692794799804688 190 98.500221252441406 30.43006706237793 246 216.86491394042969 106.07534027099609 177 231.06028747558594 119.37559509277344 73 216.86491394042969 106.07534027099609 178 240.2498779296875 84.964004516601562 398 246.40853881835938 125.01895904541016 -1 246.40853881835938 125.01895904541016 -1 181.63609313964844 46.449440002441406 8 228.13494873046875 76.40655517578125 180 150.91670227050781 120.76198577880859 5 151.82708740234375 104.26993560791016 57 104.438232421875 12.389269828796387 427 180.84698486328125 44.906467437744141 8 193.00651550292969 53.458396911621094 7 144.36810302734375 73.100112915039062 408 156.65776062011719 77.462158203125 9 94.189224243164062 122.04122161865234 -1 174.14053344726562 39.819671630859375 14 105.40834808349609 92.602424621582031 361 212.87060546875 94.096153259277344 12 168.423095703125 96.636672973632812 151 164.16558837890625 102.48207092285156 11 139.35926818847656 179.5576171875 -1 164.16558837890625 102.48207092285156 163 169.21760559082031 91.717315673828125 1495 179.94369506835938 94.409309387207031 22 175.34417724609375 95.510719299316406 2110 234.42852783203125 96.992713928222656 13 244.09280395507812 103.59474182128906 24 243.41682434082031 229.57632446289062 -1 116.82168579101562 4.1163015365600586 238 163.42169189453125 52.770164489746094 345 148.29423522949219 71.779151916503906 408 175.34417724609375 95.510719299316406 2111 148.29423522949219 71.779151916503906 -1 116.82168579101562 4.1163015365600586 236 109.17079162597656 34.133842468261719 172 159.542724609375 50.453952789306641 181 163.42169189453125 52.770164489746094 363 160.11366271972656 55.694374084472656 181 169.88639831542969 62.866592407226562 18 188.80136108398438 70.498870849609375 29 171.97039794921875 88.371116638183594 842 113.40220642089844 3.0327887535095215 204 227.424072265625 121.47173309326172 27 112.32415008544922 137.60052490234375 -1 34.134929656982422 172.12126159667969 -1 107.36026000976562 101.0513916015625 -1 30.906673431396484 179.52040100097656 -1 243.52870178222656 230.24807739257812 -1 248.06587219238281 235.03274536132812 -1 34.134929656982422 172.12126159667969 -1 248.06587219238281 235.03274536132812 -1 193.0123291015625 69.0223388671875 395 247.01783752441406 116.07366180419922 88 248.06587219238281 235.03274536132812 -1 109.41818237304688 5.8383240699768066 -1 199.66720581054688 81.835731506347656 147 221.59602355957031 98.263053894042969 28 223.99305725097656 100.12226867675781 28 157.40559387207031 102.68063354492188 240 154.27456665039062 102.79708862304688 311 90.718437194824219 116.56118774414062 -1 142.44841003417969 125.41954040527344 293 172.78608703613281 60.220596313476562 420 90.718437194824219 116.56118774414062 -1 67.0184326171875 143.21067810058594 -1 71.936248779296875 138.3966064453125 -1 233.51445007324219 106.53929138183594 170 230.08184814453125 104.10033416748047 170 241.5333251953125 252.6986083984375 -1 82.742568969726562 127.81671142578125 2112 172.78608703613281 60.220596313476562 117 176.66322326660156 43.735443115234375 -1 180.7469482421875 89.587326049804688 243 180.7469482421875 89.587326049804688 242 
24 0.98594483089494367 -0.052610418625856629 -0.083601957735107021 -0.13474289200700093 2.2038526447558984 -1.9519974082883234 -1.2062939065412104 1 000025.png
128.34556579589844 107.00634002685547 334 144.59855651855469 196.71788024902344 -1 200.7962646484375 75.333877563476562 1 121.53136444091797 87.519981384277344 98 127.21028137207031 150.85467529296875 357 154.07563781738281 154.13446044921875 -1 127.21028137207031 150.85467529296875 358 113.87586975097656 23.785322189331055 2 110.85810852050781 64.4481201171875 190 98.472335815429688 30.564729690551758 246 216.79046630859375 106.08626556396484 177 231.43708801269531 119.36934661865234 73 130.14028930664062 166.98770141601562 -1 130.14028930664062 166.98770141601562 -1 216.79046630859375 106.08626556396484 178 228.05731201171875 76.395439147949219 180 150.93882751464844 120.780029296875 5 104.46718597412109 12.659893989562988 427 193.05889892578125 53.477508544921875 7 156.67527770996094 77.452308654785156 9 78.874649047851562 136.92222595214844 349 140.16415405273438 178.71229553222656 -1 248.35174560546875 229.07363891601562 2686 143.83740234375 72.887321472167969 -1 174.46670532226562 40.267292022705078 14 180.76182556152344 44.665439605712891 8 105.59959411621094 93.074653625488281 361 212.57215881347656 93.955924987792969 12 168.41752624511719 96.596366882324219 151 151.75337219238281 104.11016082763672 57 133.64918518066406 179.01130676269531 294 133.64918518066406 179.01130676269531 184 164.29928588867188 102.35234832763672 163 164.29928588867188 102.35234832763672 11 234.54443359375 97.036827087402344 13 244.27748107910156 103.76433563232422 24 248.37605285644531 236.06742858886719 2238 244.53273010253906 246.70625305175781 -1 116.78922271728516 4.099853515625 238 163.46084594726562 52.790687561035156 345 155.15283203125 64.925567626953125 25 188.67231750488281 70.388404846191406 32 175.29100036621094 95.429039001464844 2111 248.37605285644531 236.06742858886719 -1 244.53273010253906 246.70625305175781 -1 116.78922271728516 4.099853515625 236 159.48124694824219 50.476261138916016 181 163.46084594726562 52.790687561035156 363 159.98182678222656 55.650241851806641 181 169.86093139648438 62.877948760986328 18 155.15283203125 64.925567626953125 19 188.67231750488281 70.388404846191406 29 172.05101013183594 88.435379028320312 842 169.18074035644531 91.666145324707031 1495 179.96839904785156 94.412399291992188 22 175.29100036621094 95.429039001464844 2110 107.41799926757812 100.93065643310547 40 248.06585693359375 235.26899719238281 -1 248.06585693359375 235.26899719238281 2238 248.06585693359375 235.26899719238281 -1 227.42849731445312 121.47728729248047 27 192.07685852050781 68.682464599609375 395 195.48924255371094 70.984077453613281 -1 233.34927368164062 106.51944732666016 170 166.25947570800781 89.15069580078125 36 177.63319396972656 91.289787292480469 -1 169.22715759277344 95.281959533691406 648 221.89222717285156 98.592300415039062 28 224.03961181640625 100.16161346435547 28 28.170267105102539 181.95787048339844 -1 18.382024765014648 191.96800231933594 -1 83.915473937988281 123.07471466064453 2112 244.05693054199219 113.581787109375 -1 100.55265045166016 107.27970886230469 2227 113.59963989257812 2.5291581153869629 227 67.141937255859375 143.0552978515625 -1 177.63319396972656 91.289787292480469 243 31.047857284545898 179.10072326660156 -1 113.59963989257812 2.5291581153869629 204 172.77659606933594 60.240940093994141 117 229.34530639648438 103.71005249023438 -1 204.12234497070312 85.15948486328125 37 247.22427368164062 116.10736846923828 88 166.25947570800781 89.15069580078125 -1 157.34268188476562 102.68244171142578 240 166.20033264160156 101.32337188720703 -1 241.3541259765625 252.747802734375 -1 180.75379943847656 89.493682861328125 243 180.75379943847656 89.493682861328125 242 
25 0.98594532100828347 -0.051622923757742745 -0.084127393480067675 -0.13479421126600796 2.2038659173387725 -1.9274612746184279 -1.2041932174966297 1 000023.png
128.22470092773438 106.83132934570312 334 144.67570495605469 196.92880249023438 -1 200.83619689941406 75.374465942382812 1 121.52019500732422 87.586402893066406 98 154.00088500976562 154.26414489746094 -1 113.88314056396484 23.792892456054688 2 98.525337219238281 30.53326416015625 246 216.55282592773438 106.17455291748047 177 230.96128845214844 119.32888793945312 73 216.55282592773438 106.17455291748047 178 240.22723388671875 84.913497924804688 398 124.94346618652344 11.078470230102539 176 143.503173828125 73.158157348632812 -1 228.14698791503906 76.472938537597656 180 151.02726745605469 120.61826324462891 5 180.75703430175781 44.696964263916016 8 104.48741149902344 12.303940773010254 427 192.99656677246094 53.473953247070312 7 156.66975402832031 77.458625793457031 9 78.513084411621094 137.26805114746094 349 229.49824523925781 108.34812164306641 170 174.41716003417969 40.095325469970703 14 212.56513977050781 94.002342224121094 12 168.45790100097656 96.617813110351562 151 233.85374450683594 101.81297302246094 13 164.09527587890625 102.54168701171875 11 151.82217407226562 103.92237091064453 57 110.27939605712891 130.71646118164062 234 139.22737121582031 179.75518798828125 -1 243.28677368164062 228.24734497070312 2686 164.09527587890625 102.54168701171875 163 109.16168975830078 33.803169250488281 172 172.08290100097656 88.491294860839844 842 169.24363708496094 91.732772827148438 1495 179.96324157714844 94.430442810058594 22 244.88777160644531 246.66709899902344 -1 116.79620361328125 4.014643669128418 238 188.73501586914062 70.44342041015625 32 244.88777160644531 246.66709899902344 -1 159.479736328125 50.443454742431641 181 116.79620361328125 4.014643669128418 236 159.98538208007812 55.582099914550781 181 169.8369140625 62.907058715820312 18 188.73501586914062 70.44342041015625 29 252.63563537597656 97.77191162109375 -1 247.46022033691406 116.43866729736328 88 252.83953857421875 119.77115631103516 -1 252.83953857421875 119.77115631103516 -1 97.576568603515625 110.09992218017578 -1 227.41746520996094 121.50666046142578 27 9.0992450714111328 201.8201904296875 -1 224.38687133789062 100.53909301757812 28 107.30802154541016 101.18385314941406 40 233.19456481933594 106.36141204833984 170 97.576568603515625 110.09992218017578 -1 166.22483825683594 89.089523315429688 36 218.10304260253906 95.467323303222656 245 221.81106567382812 98.46142578125 28 154.164306640625 103.08979797363281 311 157.41569519042969 102.57844543457031 240 95.366653442382812 112.08616638183594 182 172.79730224609375 60.228580474853516 117 45.183864593505859 164.86239624023438 -1 6.109222412109375 204.34315490722656 -1 4.4501209259033203 206.11251831054688 -1 154.41093444824219 99.335708618164062 311 230.02122497558594 104.0809326171875 -1 172.79730224609375 60.228580474853516 420 166.22483825683594 89.089523315429688 1495 92.8365478515625 114.66009521484375 -1 245.55088806152344 241.41134643554688 2245 200.73814392089844 82.860298156738281 147 92.8365478515625 114.66009521484375 182 52.910518646240234 156.89820861816406 -1 15.557008743286133 194.70143127441406 -1 180.77110290527344 89.498954772949219 243 180.77110290527344 89.498954772949219 242 216.10394287109375 93.837844848632812 245 
26 0.95670912127027774 0.063656729023836789 -0.10451491795797718 -0.26406838139481265 5.9577319776114086 4.5560109928679893 -1.0137731549449653 1 000022.png
145.7008056640625 205.14933776855469 -1 122.167724609375 32.994327545166016 -1 186.73017883300781 63.562305450439453 -1 222.84114074707031 90.279319763183594 1 135.79000854492188 107.63127136230469 -1 135.79000854492188 107.63127136230469 -1 162.04054260253906 168.06399536132812 -1 123.10696411132812 77.1319580078125 -1 98.502410888671875 13.44544792175293 2192 105.20994567871094 30.974184036254883 2559 106.61821746826172 60.685970306396484 2303 120.74224853515625 71.244659423828125 -1 105.20994567871094 30.974184036254883 2195 105.20994567871094 30.974184036254883 2559 197.15579223632812 102.55130767822266 2197 231.48829650878906 120.97528076171875 4 197.15579223632812 102.55130767822266 -1 83.985382080078125 19.215400695800781 2235 230.341796875 79.995391845703125 2201 178.56427001953125 116.24908447265625 -1 245.113525390625 221.07215881347656 2685 201.37548828125 117.22740936279297 2252 184.65274047851562 98.771263122558594 2684 150.92977905273438 53.960891723632812 -1 139.44145202636719 46.955890655517578 -1 177.73248291015625 72.93426513671875 -1 244.23826599121094 86.516700744628906 2209 201.37548828125 117.22740936279297 2509 167.98348999023438 89.927841186523438 -1 140.59199523925781 190.63287353515625 -1 133.13699340820312 191.0672607421875 -1 159.83808898925781 58.811244964599609 2265 196.56022644042969 83.755836486816406 2237 126.01618194580078 172.65861511230469 -1 140.59199523925781 190.63287353515625 -1 126.01618194580078 172.65861511230469 -1 248.31532287597656 240.594970703125 2238 198.70576477050781 109.70398712158203 2211 228.86415100097656 100.51654052734375 -1 248.31532287597656 240.594970703125 2250 106.79375457763672 74.409812927246094 -1 188.1839599609375 77.600425720214844 2332 159.27536010742188 51.697948455810547 -1 106.79375457763672 74.409812927246094 -1 116.39181518554688 64.257217407226562 -1 205.78973388671875 115.25535583496094 2435 175.87631225585938 117.25700378417969 -1 196.56796264648438 119.81711578369141 -1 220.5892333984375 98.042350769042969 -1 220.5892333984375 98.042350769042969 -1 205.78973388671875 115.25535583496094 -1 96.367820739746094 29.787700653076172 2216 204.36474609375 120.90095520019531 2258 92.652374267578125 10.608222007751465 2220 199.75576782226562 79.665199279785156 117 220.5892333984375 98.042350769042969 -1 234.74032592773438 98.854545593261719 -1 237.21044921875 111.42243194580078 -1 196.92811584472656 115.48679351806641 2257 233.05081176757812 107.87869262695312 2375 113.053466796875 61.949615478515625 -1 204.059814453125 124.79618835449219 2436 109.25237274169922 18.476913452148438 2219 170.96566772460938 145.28146362304688 2254 86.305427551269531 2.6370296478271484 250 28.868232727050781 177.04693603515625 -1 178.49586486816406 98.324020385742188 2280 226.63752746582031 103.66085815429688 -1 229.39686584472656 105.41256713867188 2284 145.36843872070312 193.453369140625 -1 247.42674255371094 118.17986297607422 88 86.305427551269531 2.6370296478271484 2244 28.868232727050781 177.04693603515625 -1 201.0531005859375 81.388092041015625 117 192.12155151367188 77.862663269042969 -1 115.50186920166016 82.9615478515625 -1 68.478271484375 141.77986145019531 -1 65.808998107910156 144.24664306640625 -1 118.376708984375 129.41957092285156 -1 16.560821533203125 193.08865356445312 -1 121.49268341064453 54.013362884521484 -1 253.4483642578125 241.25277709960938 -1 239.60795593261719 242.83856201171875 -1 244.63525390625 245.982666015625 2245 14.227471351623535 195.45947265625 -1 165.42892456054688 126.04976654052734 -1 179.41908264160156 122.05265808105469 -1 94.410614013671875 117.20407867431641 -1 178.9266357421875 61.017726898193359 2315 92.067481994628906 115.5311279296875 -1 175.70697021484375 105.85238647460938 2226 176.77000427246094 102.41712188720703 -1 176.98394775390625 95.204719543457031 -1 92.067481994628906 115.5311279296875 -1 94.5155029296875 112.93019104003906 -1 169.48980712890625 54.520095825195312 2316 95.822158813476562 56.863945007324219 2286 93.376808166503906 18.009517669677734 2224 76.8343505859375 133.8082275390625 -1 165.42892456054688 126.04976654052734 -1 3.2180318832397461 206.56759643554688 -1 50.830299377441406 158.8424072265625 -1 
27 0.98408744141895788 -0.057835576895298536 -0.088838949659653513 -0.14259942044078139 2.4723100114751522 -1.9965093684620274 -1.3029313619711949 1 000027.png
128.03317260742188 107.03009796142578 334 144.32185363769531 196.76530456542969 -1 200.75361633300781 74.866447448730469 1 154.1026611328125 154.232421875 -1 130.09272766113281 165.89067077636719 -1 113.85726928710938 23.783201217651367 2 98.508522033691406 30.479305267333984 246 218.41130065917969 106.12914276123047 177 231.3087158203125 118.01117706298828 73 218.41130065917969 106.12914276123047 178 181.66499328613281 46.572067260742188 8 228.30876159667969 76.2860107421875 180 211.57722473144531 95.113380432128906 12 150.93740844726562 120.61700439453125 5 56.847053527832031 161.24237060546875 -1 132.76155090332031 175.92843627929688 -1 246.73252868652344 217.28567504882812 2204 151.86549377441406 104.06524658203125 57 104.20815277099609 12.079548835754395 427 193.09465026855469 53.477157592773438 7 156.6600341796875 77.443283081054688 9 79.420204162597656 137.576904296875 349 71.209495544433594 145.46286010742188 -1 249.50595092773438 227.7158203125 -1 249.50595092773438 227.7158203125 -1 163.99845886230469 102.52641296386719 11 109.4764404296875 123.18181610107422 -1 110.57663726806641 130.46250915527344 234 139.39328002929688 179.51800537109375 294 160.09599304199219 50.317775726318359 181 174.44900512695312 40.22210693359375 14 159.66192626953125 55.741950988769531 181 101.60779571533203 63.773250579833984 -1 163.99845886230469 102.52641296386719 163 168.45730590820312 96.591041564941406 151 148.24229431152344 71.631126403808594 92 148.24229431152344 71.631126403808594 408 109.14117431640625 34.017696380615234 172 245.76614379882812 244.90444946289062 -1 116.83172607421875 4.0887994766235352 238 154.29762268066406 65.669349670410156 25 175.29707336425781 95.438140869140625 2111 245.76614379882812 244.90444946289062 -1 169.85731506347656 62.908805847167969 18 116.83172607421875 4.0887994766235352 236 168.97633361816406 58.805179595947266 420 154.29762268066406 65.669349670410156 19 189.14720153808594 69.974159240722656 29 172.06597900390625 88.402290344238281 842 169.29974365234375 91.732269287109375 1495 179.98390197753906 94.43798828125 22 175.29707336425781 95.438140869140625 2110 234.77546691894531 96.309761047363281 13 227.87428283691406 120.64032745361328 27 242.55174255371094 233.20498657226562 2689 243.16023254394531 250.99345397949219 -1 74.579292297363281 133.19378662109375 -1 74.579292297363281 133.19378662109375 -1 230.15658569335938 103.10023498535156 -1 244.2708740234375 102.92690277099609 24 233.71792602539062 105.8096923828125 170 172.74488830566406 60.172473907470703 117 154.04804992675781 77.060859680175781 297 147.46641540527344 79.474830627441406 302 204.38504028320312 84.68316650390625 37 172.08445739746094 89.334274291992188 842 224.44357299804688 99.435356140136719 28 53.923286437988281 157.2496337890625 -1 44.363773345947266 167.00199890136719 -1 30.21940803527832 181.59893798828125 -1 26.846092224121094 184.77859497070312 -1 24.821874618530273 186.85249328613281 -1 11.740315437316895 192.43424987792969 -1 16.874977111816406 194.98872375488281 -1 6.1489410400390625 205.87478637695312 -1 154.48878479003906 99.29510498046875 311 154.14340209960938 103.05271911621094 311 146.38107299804688 90.36834716796875 -1 172.74488830566406 60.172473907470703 420 154.04804992675781 77.060859680175781 298 3.2130663394927979 208.8780517578125 -1 253.95211791992188 222.52447509765625 -1 248.23811340332031 115.59037780761719 88 107.51194000244141 101.39217376708984 40 180.71998596191406 89.527145385742188 242 157.35598754882812 102.46929168701172 240 180.71998596191406 89.527145385742188 243 
28 0.98486771355239866 -0.047529600999295457 -0.084245243820198462 -0.1438028606272963 2.4087034095733584 -1.6629103431714574 -1.1832762867996494 1 000026.png
128.60552978515625 107.16867828369141 334 144.69932556152344 196.9227294921875 -1 200.77627563476562 75.293510437011719 1 121.50870513916016 87.617050170898438 98 154.060546875 154.86148071289062 -1 113.87136077880859 23.801387786865234 2 98.541267395019531 30.455656051635742 246 217.68186950683594 106.12739562988281 178 130.71696472167969 168.84823608398438 -1 230.39724731445312 119.71958923339844 73 230.39724731445312 119.71958923339844 -1 130.71696472167969 168.84823608398438 -1 217.68186950683594 106.12739562988281 177 202.67869567871094 60.852806091308594 -1 240.13333129882812 84.839569091796875 398 227.90159606933594 76.221244812011719 180 150.88919067382812 120.70471954345703 5 180.814453125 44.721336364746094 8 151.98216247558594 103.76474761962891 57 104.42313385009766 12.391495704650879 427 193.09562683105469 53.472625732421875 7 156.69235229492188 77.443931579589844 9 248.22056579589844 229.2607421875 2686 168.44187927246094 96.62286376953125 151 233.59359741210938 101.66928863525391 13 164.16963195800781 102.4488525390625 11 174.4283447265625 40.273040771484375 14 133.85498046875 179.46144104003906 294 133.85498046875 179.46144104003906 184 139.37174987792969 179.61994934082031 294 243.24136352539062 227.87605285644531 2686 212.86616516113281 93.988395690917969 12 164.16963195800781 102.4488525390625 163 109.14547729492188 34.084300994873047 172 151.28802490234375 68.934646606445312 -1 188.74072265625 70.43988037109375 29 172.09393310546875 88.424263000488281 842 169.25570678710938 91.726478576660156 1495 179.96952819824219 94.460975646972656 22 175.30708312988281 95.4112548828125 2110 116.83229064941406 4.1012191772460938 238 163.74809265136719 52.963775634765625 345 155.05484008789062 65.049201965332031 25 151.28802490234375 68.934646606445312 -1 188.74072265625 70.43988037109375 32 175.30708312988281 95.4112548828125 2111 155.05484008789062 65.049201965332031 19 116.83229064941406 4.1012191772460938 236 244.195068359375 103.77703857421875 24 134.58619689941406 37.831188201904297 -1 159.54348754882812 50.450897216796875 181 163.74809265136719 52.963775634765625 363 159.95530700683594 55.553043365478516 181 169.85733032226562 62.884742736816406 18 113.25776672363281 2.9907608032226562 204 149.54447937011719 85.332443237304688 -1 107.37681579589844 101.08091735839844 361 236.77891540527344 109.35825347900391 83 233.39405822753906 106.49791717529297 170 27.126106262207031 179.33955383300781 -1 247.28541564941406 116.14924621582031 88 226.72702026367188 102.04123687744141 28 227.44265747070312 121.627197265625 27 27.126106262207031 179.33955383300781 -1 104.75350189208984 7.1971487998962402 166 97.946693420410156 24.904325485229492 -1 162.65641784667969 48.699790954589844 -1 172.73562622070312 60.229564666748047 117 204.15081787109375 85.179702758789062 37 172.07769775390625 89.354904174804688 842 218.23423767089844 95.332427978515625 245 224.06190490722656 100.06059265136719 28 157.34481811523438 102.63301086425781 240 154.18461608886719 102.84247589111328 311 253.61827087402344 223.27342224121094 -1 243.48289489746094 230.92759704589844 -1 243.58558654785156 246.95892333984375 -1 241.48202514648438 252.65371704101562 -1 10.742072105407715 199.59959411621094 -1 87.058258056640625 120.14359283447266 -1 39.787174224853516 170.39125061035156 -1 89.716865539550781 117.58380126953125 -1 172.73562622070312 60.229564666748047 420 89.716865539550781 117.58380126953125 -1 229.47700500488281 103.78160095214844 -1 8.9132013320922852 201.54246520996094 -1 67.510307312011719 142.94609069824219 -1 6.6420736312866211 204.14736938476562 -1 48.233787536621094 161.75381469726562 -1 180.70729064941406 89.522193908691406 242 180.70729064941406 89.522193908691406 243 90.744209289550781 119.95946502685547 -1 146.81680297851562 165.39860534667969 -1 
29 0.98393184384421795 -0.057906926699583576 -0.090281473230950801 -0.14273811719640908 2.4610399597725041 -1.9922228793566419 -1.3119558117321468 1 000028.png
127.07769012451172 106.22608947753906 334 143.92477416992188 196.68498229980469 -1 200.58271789550781 75.017120361328125 1 121.47915649414062 87.447502136230469 98 154.10287475585938 154.47129821777344 -1 113.83905792236328 23.792675018310547 2 130.50051879882812 167.13433837890625 -1 130.50051879882812 167.13433837890625 -1 98.503288269042969 30.59514045715332 246 130.50051879882812 167.13433837890625 -1 239.49894714355469 84.417495727539062 398 246.12612915039062 124.32891082763672 -1 231.26698303222656 118.24100494384766 73 246.12612915039062 124.32891082763672 -1 124.76164245605469 10.83504581451416 176 227.84101867675781 76.069740295410156 180 151.01278686523438 120.42193603515625 5 181.10025024414062 45.361076354980469 8 193.04495239257812 53.502254486083984 7 156.651611328125 77.433731079101562 9 153.73445129394531 89.748046875 -1 248.58329772949219 227.15768432617188 -1 133.02522277832031 176.5374755859375 -1 133.02522277832031 176.5374755859375 -1 151.87382507324219 104.149169921875 57 174.50114440917969 40.271438598632812 14 101.74563598632812 63.690616607666016 -1 146.94773864746094 72.577369689941406 408 225.48396301269531 90.743026733398438 -1 212.73329162597656 93.93798828125 12 168.52444458007812 96.604110717773438 151 233.01004028320312 100.96440124511719 13 164.12495422363281 102.42378234863281 11 243.48922729492188 226.28550720214844 -1 249.20460510253906 235.10507202148438 2228 249.20460510253906 235.10507202148438 2229 164.12495422363281 102.42378234863281 163 112.71770477294922 145.43659973144531 403 109.17560577392578 34.125083923339844 172 116.83610534667969 4.0400886535644531 238 188.70208740234375 70.19287109375 32 163.54254150390625 52.761970520019531 345 153.48104858398438 66.568939208984375 25 175.31529235839844 95.449821472167969 2111 252.41590881347656 119.07656860351562 -1 244.81373596191406 244.85032653808594 -1 242.76838684082031 250.44448852539062 -1 116.83610534667969 4.0400886535644531 236 188.70208740234375 70.19287109375 29 135.17866516113281 38.27520751953125 -1 159.46578979492188 50.439262390136719 181 163.54254150390625 52.761970520019531 363 159.97348022460938 55.603286743164062 181 169.84494018554688 62.908199310302734 18 153.48104858398438 66.568939208984375 19 171.99725341796875 88.352592468261719 842 169.28533935546875 91.73651123046875 1495 179.94992065429688 94.500778198242188 22 175.31529235839844 95.449821472167969 2110 234.38319396972656 96.593986511230469 -1 234.38319396972656 96.593986511230469 -1 243.68850708007812 102.98973083496094 24 252.41590881347656 119.07656860351562 -1 244.81373596191406 244.85032653808594 -1 242.76838684082031 250.44448852539062 -1 98.280868530273438 26.447996139526367 -1 192.35783386230469 68.703941345214844 395 227.201171875 120.70782470703125 27 29.13703727722168 179.13815307617188 -1 10.877316474914551 202.23979187011719 -1 227.201171875 120.70782470703125 33 29.13703727722168 179.13815307617188 -1 228.75776672363281 102.9752197265625 -1 232.96176147460938 105.73955535888672 170 247.34159851074219 115.64875030517578 88 172.806884765625 60.2255859375 117 203.85508728027344 84.734817504882812 37 215.34664916992188 93.210700988769531 245 169.23361206054688 95.26055908203125 648 44.688552856445312 167.11793518066406 -1 75.953651428222656 132.13856506347656 -1 91.367424011230469 117.03894805908203 -1 93.91473388671875 114.48311614990234 -1 157.37652587890625 102.53700256347656 240 107.61660766601562 101.59738159179688 40 172.806884765625 60.2255859375 420 147.42239379882812 80.134880065917969 302 75.953651428222656 132.13856506347656 -1 20.227544784545898 191.9136962890625 -1 251.26438903808594 235.95281982421875 -1 238.99357604980469 241.81585693359375 -1 91.367424011230469 117.03894805908203 -1 217.93765258789062 94.712852478027344 245 
30 0.98419213801007033 -0.058355365625840525 -0.089411043496700149 -0.14130163510261493 2.4078642278104159 -1.9770850689988593 -1.3156682050211217 1 000029.png
127.53115844726562 106.87238311767578 334 143.88755798339844 196.97398376464844 -1 200.76609802246094 75.609169006347656 1 153.94593811035156 154.25657653808594 -1 113.79782867431641 23.74683952331543 2 98.550376892089844 30.667623519897461 246 216.86720275878906 106.93662261962891 177 230.82949829101562 119.41403961181641 73 130.55857849121094 167.5250244140625 -1 130.55857849121094 167.5250244140625 -1 216.86720275878906 106.93662261962891 178 130.55857849121094 167.5250244140625 -1 240.27125549316406 84.884979248046875 398 246.50358581542969 218.07241821289062 2204 151.10617065429688 120.46965789794922 5 227.61648559570312 76.29534912109375 180 122.76432800292969 8.0634708404541016 -1 122.76432800292969 8.0634708404541016 -1 101.65422821044922 116.16081237792969 -1 133.170654296875 177.0765380859375 -1 181.13981628417969 45.421737670898438 8 193.17262268066406 53.527179718017578 7 145.47602844238281 73.172271728515625 408 156.68080139160156 77.428054809570312 9 79.479629516601562 138.32994079589844 349 249.54127502441406 228.47006225585938 -1 133.170654296875 177.0765380859375 -1 249.54127502441406 228.47006225585938 -1 101.65422821044922 116.16081237792969 -1 168.44413757324219 96.59619140625 151 164.06594848632812 102.53592681884766 163 212.41584777832031 94.27984619140625 12 151.85113525390625 103.80130767822266 57 164.06594848632812 102.53592681884766 11 233.262939453125 101.76190185546875 13 174.02268981933594 39.728431701660156 14 133.99319458007812 179.55242919921875 294 110.73031616210938 130.73567199707031 234 133.99319458007812 179.55242919921875 184 109.67724609375 122.09684753417969 -1 237.09124755859375 109.71783447265625 83 138.54379272460938 180.63595581054688 294 249.704833984375 236.29042053222656 2228 116.76773071289062 4.0978503227233887 236 155.41683959960938 64.855476379394531 25 152.12716674804688 68.210174560546875 25 188.31550598144531 70.85650634765625 32 175.3399658203125 95.462196350097656 2111 249.704833984375 236.29042053222656 2229 116.76773071289062 4.0978503227233887 238 134.82124328613281 37.763313293457031 -1 109.13145446777344 34.107200622558594 172 159.24229431152344 50.874031066894531 181 169.83535766601562 62.904376983642578 18 155.41683959960938 64.855476379394531 19 152.12716674804688 68.210174560546875 19 188.31550598144531 70.85650634765625 29 172.03292846679688 88.344192504882812 842 168.9981689453125 91.596466064453125 1495 179.97628784179688 94.368843078613281 22 175.3399658203125 95.462196350097656 2110 243.79443359375 103.67167663574219 24 68.574050903320312 140.16780090332031 -1 68.574050903320312 140.16780090332031 -1 113.20459747314453 2.8869390487670898 204 160.50570678710938 55.752155303955078 181 227.26521301269531 121.36671447753906 27 194.87095642089844 71.06024169921875 395 252.2674560546875 97.678657531738281 2688 232.73080444335938 106.26953887939453 170 244.32540893554688 229.68875122070312 -1 217.17903137207031 87.132118225097656 -1 166.25639343261719 89.150764465332031 36 236.30043029785156 253.16166687011719 -1 169.18182373046875 95.076576232910156 648 255.4276123046875 225.28364562988281 -1 254.01805114746094 223.10267639160156 -1 2.9055869579315186 210.82192993164062 -1 29.267532348632812 183.70735168457031 372 172.63481140136719 60.269252777099609 117 82.872909545898438 129.49130249023438 -1 84.821762084960938 124.01071166992188 2112 87.0830078125 121.77651977539062 -1 93.0400390625 115.92076873779297 182 242.71484375 233.96824645996094 2689 166.25639343261719 89.150764465332031 -1 166.25639343261719 89.150764465332031 1495 254.01805114746094 223.10267639160156 -1 255.4276123046875 225.28364562988281 -1 229.14573669433594 103.81070709228516 -1 247.18302917480469 116.28954315185547 88 154.08682250976562 77.141242980957031 297 154.08682250976562 77.141242980957031 298 215.30010986328125 93.8214111328125 245 180.77194213867188 89.522026062011719 243 180.77194213867188 89.522026062011719 242 157.28094482421875 102.54150390625 240 
31 0.98491072337510654 -0.04802767283451774 -0.0836532132132283 -0.14368837650251023 2.350736027845215 -1.651273761261842 -1.1977031428645137 1 000030.png
129.32083129882812 108.03960418701172 334 144.19967651367188 196.96437072753906 -1 200.82926940917969 75.541427612304688 1 121.55487060546875 87.610801696777344 98 154.09284973144531 154.64358520507812 -1 113.82022857666016 23.78748893737793 2 214.66412353515625 108.30326080322266 148 98.525245666503906 30.306703567504883 246 231.86109924316406 119.80538177490234 73 202.6732177734375 60.918807983398438 -1 131.68572998046875 172.98341369628906 -1 151.10025024414062 120.32424926757812 5 228.44448852539062 76.728034973144531 180 124.59092712402344 176.73236083984375 231 247.28666687011719 220.47174072265625 2685 124.59092712402344 176.73236083984375 -1 151.81573486328125 104.16681671142578 57 104.18827819824219 12.020930290222168 427 181.09754943847656 45.291038513183594 8 193.00387573242188 53.47607421875 7 156.66567993164062 77.435386657714844 9 164.23873901367188 102.39816284179688 11 139.22549438476562 179.66748046875 294 212.9588623046875 94.880020141601562 12 168.4677734375 96.63800048828125 151 164.23873901367188 102.39816284179688 163 110.72509002685547 130.78436279296875 234 109.1915283203125 33.958805084228516 172 250.58317565917969 237.45443725585938 2250 159.99314880371094 55.537811279296875 181 116.85575866699219 4.0655522346496582 236 188.26373291015625 70.544105529785156 29 159.87216186523438 51.124397277832031 181 169.87266540527344 62.855678558349609 18 172.16792297363281 88.519233703613281 842 169.29022216796875 91.718605041503906 1495 179.97535705566406 94.426353454589844 22 175.34530639648438 95.438941955566406 2110 235.36434936523438 97.745048522949219 13 244.60826110839844 104.16896057128906 24 237.52294921875 109.94673919677734 83 250.58317565917969 237.45443725585938 2238 116.85575866699219 4.0655522346496582 238 188.26373291015625 70.544105529785156 32 175.34530639648438 95.438941955566406 2111 232.86320495605469 124.52391052246094 325 14.605108261108398 199.07392883300781 -1 113.31752014160156 2.8340966701507568 204 233.82981872558594 107.04331970214844 170 232.86320495605469 124.52391052246094 2174 9.9534797668457031 203.83802795410156 -1 227.88569641113281 122.01641845703125 27 227.88569641113281 122.01641845703125 33 247.78567504882812 116.61875915527344 88 102.58098602294922 15.312735557556152 250 169.75804138183594 40.138637542724609 34 172.62181091308594 60.270965576171875 117 198.46202087402344 81.358474731445312 147 204.1380615234375 85.561614990234375 37 216.16925048828125 94.3934326171875 245 169.17535400390625 95.131141662597656 648 219.90631103515625 97.169075012207031 245 154.46478271484375 99.2725830078125 311 224.7972412109375 100.87523651123047 28 238.4500732421875 100.93449401855469 160 157.30841064453125 102.40451049804688 240 229.96463012695312 104.4141845703125 170 76.330825805664062 136.35935974121094 -1 30.558017730712891 178.42942810058594 -1 83.178314208984375 129.48529052734375 -1 8.514124870300293 196.93586730957031 -1 16.093231201171875 196.84550476074219 -1 5.4344840049743652 200.19570922851562 -1 11.898073196411133 201.18586730957031 -1 5.0613412857055664 208.44361877441406 -1 2.6467745304107666 211.04713439941406 -1 101.49402618408203 108.10182952880859 -1 237.46260070800781 253.40078735351562 2690 172.62181091308594 60.270965576171875 420 30.558017730712891 178.42942810058594 -1 102.58098602294922 15.312735557556152 427 48.632205963134766 163.99040222167969 -1 154.29801940917969 102.71424102783203 311 153.84715270996094 76.8326416015625 298 180.7470703125 89.493415832519531 242 252.91259765625 235.08421325683594 -1 64.794548034667969 147.34080505371094 -1 211.54391479492188 90.905403137207031 133 180.7470703125 89.493415832519531 243 194.83592224121094 78.734779357910156 202 153.84715270996094 76.8326416015625 297 51.682357788085938 160.63406372070312 -1 
32 0.98414712615320854 -0.058789516973503549 -0.088182287459064826 -0.14220446883586196 2.4371713073396695 -2.0030884707110883 -1.3375340027260945 1 000031.png
128.97586059570312 108.31707763671875 334 144.06968688964844 197.00190734863281 -1 200.87391662597656 75.068511962890625 1 154.14845275878906 153.61497497558594 -1 113.80904388427734 23.763174057006836 2 112.04000854492188 67.567863464355469 190 129.80052185058594 164.88046264648438 -1 98.463218688964844 30.412862777709961 246 217.60064697265625 106.12699890136719 177 232.28701782226562 119.12812805175781 73 217.60064697265625 106.12699890136719 178 131.81208801269531 172.72474670410156 -1 151.00892639160156 120.65460968017578 5 248.14178466796875 220.76565551757812 2204 228.94497680664062 76.702560424804688 180 181.18257141113281 45.465274810791016 8 192.96653747558594 53.454158782958984 7 156.66999816894531 77.399284362792969 9 133.06475830078125 176.91169738769531 -1 133.06475830078125 176.91169738769531 -1 105.60308837890625 92.805015563964844 361 213.64247131347656 93.686195373535156 12 168.49554443359375 96.629013061523438 151 164.18229675292969 102.41159820556641 11 139.45834350585938 179.53060913085938 294 246.18537902832031 228.065185546875 -1 235.08726501464844 101.83591461181641 13 174.42562866210938 40.180351257324219 14 164.18229675292969 102.41159820556641 163 160.23161315917969 55.634960174560547 181 169.8515625 62.906803131103516 18 151.49504089355469 68.91156005859375 92 188.92457580566406 70.154792785644531 29 172.01783752441406 88.31695556640625 842 169.10699462890625 91.629173278808594 1495 179.98178100585938 94.456886291503906 22 175.40475463867188 95.479209899902344 2110 235.60136413574219 96.927970886230469 13 245.50241088867188 103.45836639404297 24 251.70114135742188 236.08544921875 2228 116.78147125244141 3.9955267906188965 238 151.49504089355469 68.91156005859375 -1 188.92457580566406 70.154792785644531 32 175.40475463867188 95.479209899902344 2111 251.70114135742188 236.08544921875 -1 251.70114135742188 236.08544921875 2229 116.78147125244141 3.9955267906188965 236 109.1160888671875 34.106067657470703 172 160.18978881835938 50.897960662841797 181 249.29325866699219 116.18978881835938 88 228.831298828125 121.35420227050781 27 228.831298828125 121.35420227050781 33 238.26863098144531 109.26473999023438 83 28.858467102050781 181.19720458984375 -1 234.43789672851562 106.20669555664062 170 113.16336822509766 3.0286862850189209 227 28.858467102050781 181.19720458984375 -1 113.16336822509766 3.0286862850189209 204 196.25137329101562 70.858978271484375 395 222.85247802734375 98.302803039550781 28 225.27922058105469 100.15781402587891 28 157.48269653320312 102.60071563720703 240 230.51519775390625 103.64167785644531 170 96.593963623046875 113.08546447753906 182 213.14860534667969 115.47383880615234 -1 78.108749389648438 135.20944213867188 349 240.21817016601562 147.87200927734375 -1 41.1058349609375 172.35411071777344 -1 25.982152938842773 188.20243835449219 -1 6.6487364768981934 207.98320007324219 -1 29.96638298034668 184.17018127441406 -1 36.533966064453125 176.97555541992188 372 172.75035095214844 60.191677093505859 420 213.14860534667969 115.47383880615234 -1 101.63417816162109 108.36624908447266 2227 141.77023315429688 247.7030029296875 -1 146.17625427246094 253.66407775878906 -1 141.77023315429688 247.7030029296875 -1 172.75035095214844 60.191677093505859 117 146.17625427246094 253.66407775878906 -1 205.20529174804688 85.245689392089844 37 15.49769401550293 198.85208129882812 -1 219.51141357421875 95.781440734863281 245 240.21817016601562 147.87200927734375 -1 38.659736633300781 174.7344970703125 -1 46.814964294433594 166.45486450195312 -1 180.74063110351562 89.488914489746094 242 68.482734680175781 144.39788818359375 -1 3.2265961170196533 211.28506469726562 -1 180.74063110351562 89.488914489746094 243 
33 0.98640669371364975 -0.050962687839465927 -0.079639558555939627 -0.13439560914739102 2.168999491690875 -1.8369320034679122 -1.2010944716421357 1 000033.png
125.39702606201172 109.99609375 -1 125.39702606201172 109.99609375 -1 144.96554565429688 197.34989929199219 -1 200.96760559082031 75.096427917480469 1 120.65155029296875 86.720954895019531 98 153.70362854003906 155.22476196289062 -1 113.769287109375 23.841920852661133 2 110.87477111816406 64.053558349609375 190 233.96168518066406 121.13507080078125 73 233.96168518066406 121.13507080078125 -1 98.292076110839844 30.172601699829102 246 220.02632141113281 108.20967864990234 177 220.02632141113281 108.20967864990234 178 242.84783935546875 86.452468872070312 179 124.82070922851562 10.941342353820801 176 230.98857116699219 78.017990112304688 180 151.1502685546875 120.36061859130859 5 119.56623840332031 160.43879699707031 -1 119.56623840332031 160.43879699707031 -1 151.1502685546875 120.36061859130859 6 232.50567626953125 109.10166168212891 170 180.70085144042969 44.761501312255859 8 151.90104675292969 103.70665740966797 57 192.91705322265625 53.426906585693359 7 156.62623596191406 77.444328308105469 9 132.239501953125 178.88580322265625 -1 139.58552551269531 179.6141357421875 -1 131.90481567382812 177.53878784179688 294 132.239501953125 178.88580322265625 184 215.71833801269531 95.283126831054688 12 164.19316101074219 102.44533538818359 11 110.47784423828125 137.42465209960938 -1 111.76622772216797 145.97747802734375 403 168.42704772949219 96.661231994628906 151 242.099365234375 251.358154296875 -1 174.1866455078125 39.885101318359375 14 147.28843688964844 47.601692199707031 78 132.69064331054688 180.220947265625 184 164.19316101074219 102.44533538818359 163 153.63809204101562 89.443466186523438 315 132.69064331054688 180.220947265625 294 102.68436431884766 71.953498840332031 103 109.19814300537109 33.975811004638672 199 109.19814300537109 33.975811004638672 172 171.96919250488281 88.326950073242188 842 116.80808258056641 4.0807199478149414 236 169.21403503417969 58.708850860595703 420 169.85836791992188 62.891063690185547 18 154.41796875 65.373115539550781 90 189.01272583007812 70.132827758789062 29 169.09487915039062 91.700218200683594 1495 179.9307861328125 94.397178649902344 22 175.21382141113281 95.389778137207031 2110 237.50083923339844 98.093284606933594 13 247.65536499023438 104.86812591552734 24 116.80808258056641 4.0807199478149414 238 154.41796875 65.373115539550781 25 175.21382141113281 95.389778137207031 2111 251.12551879882812 117.57363128662109 26 252.07313537597656 246.63664245605469 -1 89.842445373535156 3.4752051830291748 -1 160.42529296875 55.640155792236328 181 89.842445373535156 3.4752051830291748 -1 236.51268005371094 107.56401062011719 170 97.406715393066406 114.9267578125 182 154.28570556640625 102.84273529052734 311 81.593070983886719 130.90754699707031 -1 38.937034606933594 177.74850463867188 -1 29.367137908935547 188.00404357910156 -1 157.31393432617188 102.58609771728516 240 27.034534454345703 190.26388549804688 -1 15.478579521179199 201.93605041503906 -1 249.65977478027344 234.26675415039062 -1 86.056068420410156 126.24639892578125 2112 166.23861694335938 89.133880615234375 36 199.95210266113281 81.307960510253906 147 172.78811645507812 60.196819305419922 117 102.69300842285156 15.549472808837891 250 113.57499694824219 2.1924839019775391 227 102.69300842285156 15.549472808837891 427 172.78811645507812 60.196819305419922 420 81.593070983886719 130.90754699707031 -1 233.31028747558594 105.35141754150391 170 113.57499694824219 2.1924839019775391 204 206.84065246582031 86.725440979003906 37 50.018478393554688 166.40707397460938 -1 180.69651794433594 89.510581970214844 243 247.31901550292969 86.241714477539062 2187 180.69651794433594 89.510581970214844 242 
34 0.98608966294489331 -0.051220254547818506 -0.082373451636986963 -0.13497509630554924 2.1762963570919975 -1.775436730187635 -1.2574095990901102 1 000034.png
124.35552215576172 109.53091430664062 -1 124.35552215576172 109.53091430664062 -1 144.69146728515625 197.32583618164062 -1 200.96026611328125 75.015274047851562 1 120.7086181640625 86.972671508789062 98 153.8035888671875 155.13166809082031 -1 113.79061126708984 23.793004989624023 2 98.419647216796875 30.358303070068359 246 234.13282775878906 120.76728820800781 73 242.6263427734375 86.323387145996094 179 131.14726257324219 174.47526550292969 -1 190.90557861328125 80.483024597167969 196 151.08720397949219 120.79474639892578 5 104.20058441162109 11.748870849609375 427 151.96188354492188 103.83598327636719 57 180.96176147460938 45.053260803222656 8 192.9593505859375 53.437858581542969 7 156.64584350585938 77.402496337890625 9 230.85148620605469 77.663307189941406 180 232.53485107421875 109.05268096923828 170 97.686561584472656 123.68115234375 -1 125.21202087402344 178.75801086425781 231 132.26678466796875 178.80789184570312 294 132.26678466796875 178.80789184570312 184 97.686561584472656 123.68115234375 -1 164.11158752441406 102.41926574707031 11 132.65296936035156 179.84951782226562 -1 138.400390625 180.88931274414062 -1 249.26544189453125 231.42591857910156 2686 174.49909973144531 40.386623382568359 14 161.95552062988281 51.797599792480469 181 164.11158752441406 102.41926574707031 163 161.95552062988281 51.797599792480469 345 215.68013000488281 95.39093017578125 12 168.44160461425781 96.650741577148438 151 132.65296936035156 179.84951782226562 184 102.737548828125 71.410591125488281 103 109.12245941162109 34.021907806396484 172 237.61955261230469 98.011116027832031 13 116.83882904052734 3.9976356029510498 238 154.11367797851562 65.915824890136719 25 175.3472900390625 95.463157653808594 2111 189.08860778808594 70.094680786132812 29 116.83882904052734 3.9976356029510498 236 169.86111450195312 62.899383544921875 18 154.11367797851562 65.915824890136719 19 172.10726928710938 88.460517883300781 842 169.27433776855469 91.715232849121094 1495 179.92449951171875 94.412002563476562 22 175.3472900390625 95.463157653808594 2110 113.4576416015625 2.7771146297454834 204 232.52151489257812 104.88166046142578 170 247.54653930664062 104.81781768798828 24 236.84715270996094 107.73451232910156 170 100.28884124755859 6.767265796661377 -1 160.51823425292969 55.780681610107422 181 30.468387603759766 182.70932006835938 -1 113.4576416015625 2.7771146297454834 227 30.468387603759766 182.70932006835938 -1 100.28884124755859 6.767265796661377 -1 4.2916135787963867 214.19163513183594 -1 221.36689758300781 96.698989868164062 245 227.07527160644531 101.08934020996094 28 144.13734436035156 108.53748321533203 -1 177.724853515625 91.190559387207031 -1 69.742973327636719 146.22691345214844 304 38.708606719970703 178.10743713378906 -1 32.581951141357422 180.51484680175781 -1 101.85951995849609 35.489631652832031 116 27.676687240600586 189.62588500976562 -1 206.41226196289062 86.274520874023438 37 147.30715942382812 83.494911193847656 -1 147.30715942382812 83.494911193847656 -1 154.45791625976562 99.255096435546875 311 172.78813171386719 60.170772552490234 117 172.78813171386719 60.170772552490234 420 177.724853515625 91.190559387207031 243 32.581951141357422 180.51484680175781 -1 193.66474914550781 69.454368591308594 -1 12.382687568664551 197.73365783691406 -1 251.12741088867188 117.43032073974609 26 11.997471809387207 205.98782348632812 -1 225.1484375 99.545364379882812 28 180.72514343261719 89.526283264160156 242 180.72514343261719 89.526283264160156 243 
35 0.98644299710614469 -0.051680220177375377 -0.082694444673714271 -0.13198862497492292 2.1799782245080546 -1.7383088341969242 -1.2577744628235752 1 000036.png
126.15562438964844 110.10536956787109 -1 126.15562438964844 110.10536956787109 -1 144.51248168945312 197.64497375488281 -1 201.00138854980469 76.322608947753906 1 120.55848693847656 87.108291625976562 98 153.74986267089844 155.20616149902344 -1 113.74420166015625 23.870342254638672 2 111.2554931640625 64.790008544921875 190 98.465744018554688 30.693788528442383 246 233.30484008789062 122.75489044189453 73 243.28900146484375 86.818321228027344 179 151.06556701660156 120.77568817138672 5 151.84194946289062 104.15798950195312 57 104.29757690429688 12.137481689453125 427 181.09587097167969 45.403797149658203 8 145.9681396484375 47.214817047119141 78 192.98216247558594 53.453411102294922 7 156.64109802246094 77.428413391113281 9 167.80183410644531 58.377227783203125 420 102.31058502197266 72.608627319335938 103 168.36955261230469 96.6502685546875 151 214.49589538574219 97.507568359375 12 164.03732299804688 102.51706695556641 11 111.71593475341797 149.8604736328125 403 131.83645629882812 180.39524841308594 294 247.21766662597656 235.80680847167969 2686 164.03732299804688 102.51706695556641 163 167.80183410644531 58.377227783203125 169 131.83645629882812 180.39524841308594 184 174.07017517089844 39.744510650634766 14 101.90583038330078 62.628364562988281 -1 137.25662231445312 182.13385009765625 -1 117.18719482421875 162.2764892578125 -1 169.8260498046875 62.882232666015625 18 187.60086059570312 71.545768737792969 29 172.03768920898438 88.44073486328125 842 169.26910400390625 91.735321044921875 1495 179.92988586425781 94.481033325195312 22 175.25621032714844 95.440528869628906 2110 236.53346252441406 100.42098236083984 13 117.18719482421875 162.2764892578125 -1 187.60086059570312 71.545768737792969 32 175.25621032714844 95.440528869628906 2111 113.33913421630859 2.728172779083252 204 26.552797317504883 185.55171203613281 -1 167.70060729980469 53.603385925292969 169 197.02337646484375 74.004074096679688 395 160.60971069335938 52.48370361328125 181 106.81681823730469 105.90386962890625 40 246.36000061035156 107.52403259277344 24 252.56660461425781 243.50355529785156 2250 250.53431701660156 120.60039520263672 26 113.33913421630859 2.728172779083252 227 26.552797317504883 185.55171203613281 -1 252.56660461425781 243.50355529785156 2238 252.56660461425781 243.50355529785156 -1 180.63761901855469 89.465423583984375 243 177.59077453613281 91.218948364257812 -1 182.04702758789062 96.8624267578125 168 220.94537353515625 99.675361633300781 245 157.34596252441406 102.59574127197266 240 95.379501342773438 116.41839599609375 182 84.467155456542969 127.21587371826172 2112 81.129425048828125 130.55815124511719 2112 166.21090698242188 89.086036682128906 36 26.91035270690918 189.15267944335938 -1 23.235786437988281 192.86886596679688 -1 12.710899353027344 203.43426513671875 -1 100.10525512695312 112.05342864990234 2227 226.76744079589844 104.05538177490234 28 154.21376037597656 102.98709106445312 311 172.50726318359375 60.395641326904297 420 172.50726318359375 60.395641326904297 117 180.63761901855469 89.465423583984375 242 177.59077453613281 91.218948364257812 243 182.04702758789062 96.8624267578125 -1 81.129425048828125 130.55815124511719 -1 202.56327819824219 86.116844177246094 37 205.79351806640625 88.344970703125 37 242.60551452636719 252.42649841308594 -1 87.872970581054688 123.8756103515625 -1 166.21090698242188 89.086036682128906 1495 67.163192749023438 147.7685546875 -1 223.65998840332031 101.55678558349609 28 82.899749755859375 132.23861694335938 350 4.5626020431518555 211.80609130859375 -1 
36 0.98595872433635312 -0.051058925286001096 -0.082036609040064865 -0.13619241840454022 2.1698632674878082 -1.7706951501439927 -1.2561527490252957 1 000035.png
122.93562316894531 108.90147399902344 -1 122.93562316894531 108.90147399902344 -1 144.2044677734375 197.62156677246094 -1 200.90260314941406 75.414588928222656 1 120.64176177978516 87.156402587890625 98 127.15946197509766 155.82633972167969 357 153.80424499511719 154.92852783203125 -1 127.15946197509766 155.82633972167969 358 113.73408508300781 23.827791213989258 2 110.86235809326172 63.724948883056641 190 98.476921081542969 30.511348724365234 246 219.08839416503906 107.81228637695312 177 233.57048034667969 120.78350830078125 73 219.08839416503906 107.81228637695312 178 242.46391296386719 86.187576293945312 179 57.746109008789062 166.347412109375 316 229.80152893066406 77.492515563964844 180 151.12416076660156 120.67177581787109 5 104.17347717285156 11.500126838684082 427 180.7528076171875 44.718624114990234 8 192.98150634765625 53.458240509033203 7 156.65878295898438 77.399795532226562 9 124.89694976806641 179.35832214355469 231 151.99833679199219 103.67594909667969 57 236.22749328613281 103.39228057861328 13 138.85739135742188 180.65380859375 -1 174.17242431640625 39.883842468261719 14 214.64114379882812 95.306953430175781 12 168.43655395507812 96.621803283691406 151 164.10261535644531 102.40763092041016 11 132.06364440917969 179.72843933105469 294 164.10261535644531 102.40763092041016 163 132.06364440917969 179.72843933105469 184 109.18157958984375 33.885879516601562 172 116.80077362060547 4.1285247802734375 236 179.91957092285156 94.414077758789062 22 169.21849060058594 91.728546142578125 1495 172.0968017578125 88.486686706542969 842 247.82688903808594 231.87696838378906 2686 169.86972045898438 62.831676483154297 18 160.67610168457031 51.537967681884766 181 106.91411590576172 105.18607330322266 40 242.75892639160156 246.54420471191406 -1 188.58950805664062 70.498695373535156 29 246.52008056640625 105.03099822998047 24 236.59718322753906 98.367889404296875 13 175.37626647949219 95.496505737304688 2110 116.80077362060547 4.1285247802734375 238 188.58950805664062 70.498695373535156 32 175.37626647949219 95.496505737304688 2111 252.92927551269531 239.20193481445312 2238 231.61900329589844 105.15091705322266 170 252.92927551269531 239.20193481445312 2250 160.42973327636719 55.634479522705078 181 235.41302490234375 107.86552429199219 170 249.44572448730469 117.39267730712891 88 31.501073837280273 180.22642517089844 -1 31.501073837280273 180.22642517089844 -1 28.327455520629883 183.46003723144531 -1 28.327455520629883 183.46003723144531 -1 132.79225158691406 182.19107055664062 294 132.79225158691406 182.19107055664062 184 223.91905212402344 99.83160400390625 28 220.82267761230469 97.294403076171875 245 217.64227294921875 95.075119018554688 245 166.20021057128906 89.000503540039062 36 195.80899047851562 79.134292602539062 202 172.68318176269531 60.248889923095703 117 2.9465372562408447 213.87876892089844 -1 169.57780456542969 40.321022033691406 34 142.2283935546875 125.64155578613281 293 48.961765289306641 165.95654296875 -1 93.787109375 121.13596343994141 182 41.342624664306641 173.9061279296875 -1 133.07839965820312 183.11126708984375 294 57.132049560546875 157.87713623046875 276 157.40557861328125 102.55799865722656 -1 133.07839965820312 183.11126708984375 184 14.427516937255859 201.54225158691406 -1 10.015207290649414 206.57852172851562 -1 96.577682495117188 114.56338500976562 182 101.97720336914062 109.4971923828125 -1 157.40557861328125 102.55799865722656 240 166.20021057128906 89.000503540039062 1495 180.69050598144531 89.495811462402344 243 180.69050598144531 89.495811462402344 242 154.07499694824219 103.23809051513672 311 
37 0.98344120385846645 -0.06059672097007842 -0.089388701964043735 -0.14553726643807863 2.5672894114582538 -1.9730767972362442 -1.3756622807857919 1 000032.png
120.56147766113281 108.00150299072266 -1 120.56147766113281 108.00150299072266 -1 144.18778991699219 197.20970153808594 -1 200.7103271484375 74.435043334960938 1 154.05397033691406 154.45803833007812 -1 113.75408935546875 23.769968032836914 2 217.47891235351562 107.85260009765625 148 98.413078308105469 30.389636993408203 246 130.09719848632812 167.35464477539062 -1 233.46272277832031 119.55490875244141 73 130.09719848632812 167.35464477539062 -1 233.46272277832031 119.55490875244141 -1 130.09719848632812 167.35464477539062 -1 151.02906799316406 120.53622436523438 5 241.60220336914062 85.396316528320312 179 133.12016296386719 177.93429565429688 -1 180.71476745605469 44.689460754394531 8 139.94300842285156 179.3597412109375 -1 133.12016296386719 177.93429565429688 -1 151.98170471191406 103.80951690673828 57 193.01945495605469 53.420425415039062 7 229.83670043945312 76.853607177734375 180 156.69438171386719 77.377960205078125 9 103.46437072753906 13.010045051574707 427 162.11555480957031 51.360557556152344 181 102.65481567382812 71.327156066894531 103 164.32478332519531 102.50653076171875 11 237.14520263671875 96.307693481445312 13 103.46437072753906 13.010045051574707 250 168.50291442871094 96.683837890625 151 215.2828369140625 93.861167907714844 12 228.06721496582031 90.798240661621094 -1 164.32478332519531 102.50653076171875 163 109.67138671875 123.53738403320312 -1 162.11555480957031 51.360557556152344 345 175.24501037597656 95.413764953613281 2110 109.14707946777344 33.990341186523438 172 175.24501037597656 95.413764953613281 2111 172.06097412109375 88.3243408203125 842 179.95793151855469 94.485404968261719 22 246.78672790527344 103.12635040283203 24 239.63099670410156 108.94525909423828 83 250.57780456542969 247.07833862304688 -1 116.85993194580078 4.0612034797668457 238 250.57780456542969 247.07833862304688 -1 169.32266235351562 91.751884460449219 1495 116.85993194580078 4.0612034797668457 236 160.12818908691406 55.650901794433594 181 169.83097839355469 62.951328277587891 18 189.46490478515625 69.735374450683594 29 113.45948028564453 2.7430863380432129 204 164.3232421875 52.365097045898438 -1 226.64495849609375 91.201072692871094 -1 113.45948028564453 2.7430863380432129 227 5.9169888496398926 211.78170776367188 -1 164.3232421875 52.365097045898438 -1 197.47463989257812 70.829795837402344 395 236.09683227539062 106.21810150146484 170 250.26150512695312 115.74166107177734 26 230.20310974121094 121.20245361328125 27 241.02943420410156 253.31776428222656 -1 172.78811645507812 60.155326843261719 117 194.05430603027344 61.004413604736328 -1 200.54136657714844 80.917999267578125 147 43.013641357421875 172.87876892089844 -1 222.27197265625 96.71490478515625 245 31.578649520874023 184.833251953125 -1 12.060366630554199 197.45368957519531 -1 3.1341094970703125 214.32691955566406 -1 59.529312133789062 155.94015502929688 -1 246.51383972167969 237.318603515625 -1 242.39605712890625 250.06985473632812 -1 39.848052978515625 175.8660888671875 -1 103.52665710449219 108.01653289794922 -1 232.26513671875 103.46299743652344 170 154.2880859375 102.88919067382812 311 154.4146728515625 99.286888122558594 311 157.43470764160156 102.68105316162109 240 172.78811645507812 60.155326843261719 420 194.05430603027344 61.004413604736328 -1 157.43470764160156 102.68105316162109 -1 226.55012512207031 99.88494873046875 28 180.7431640625 89.431785583496094 243 180.7431640625 89.431785583496094 242 242.21903991699219 147.18623352050781 -1 242.21903991699219 147.18623352050781 -1 248.63046264648438 231.34451293945312 -1 50.838760375976562 164.4564208984375 -1 82.303703308105469 132.61932373046875 350 70.388618469238281 144.48457336425781 -1 
38 0.9862850834594028 -0.051416657910720517 -0.082739986826850492 -0.13323721707790009 2.1857245210004055 -1.7325169961982356 -1.2616284636176716 1 000039.png
125.72431945800781 110.09878540039062 -1 125.72431945800781 110.09878540039062 -1 144.42521667480469 197.59217834472656 -1 201.05465698242188 76.330078125 1 120.52407073974609 86.454841613769531 98 153.79171752929688 155.07211303710938 -1 113.76609039306641 23.824954986572266 2 111.14731597900391 64.399795532226562 190 233.32072448730469 123.69132995605469 73 219.67897033691406 109.51115417480469 177 98.527397155761719 30.465265274047852 246 219.67897033691406 109.51115417480469 178 243.63487243652344 87.043525695800781 179 130.794921875 174.93864440917969 -1 106.65026092529297 56.734962463378906 76 188.65751647949219 63.398853302001953 -1 151.07156372070312 120.51082611083984 5 104.28265380859375 12.411899566650391 427 181.21009826660156 45.544425964355469 8 146.79039001464844 47.684112548828125 78 192.66452026367188 53.388023376464844 7 156.68472290039062 77.404121398925781 9 188.72850036621094 79.997940063476562 196 174.44075012207031 40.286567687988281 14 148.05337524414062 70.775955200195312 408 102.40056610107422 72.297088623046875 103 168.42039489746094 96.615638732910156 151 214.62205505371094 97.422218322753906 12 111.62653350830078 147.51870727539062 403 247.54624938964844 235.51091003417969 2686 138.44145202636719 181.14273071289062 -1 148.05337524414062 70.775955200195312 92 164.27107238769531 102.38556671142578 163 164.27107238769531 102.38556671142578 11 244.9288330078125 243.0699462890625 -1 109.20427703857422 33.816524505615234 172 175.43130493164062 95.489120483398438 2110 236.53585815429688 100.35593414306641 13 132.66717529296875 181.46942138671875 294 116.80426025390625 4.049774169921875 238 152.7379150390625 67.3048095703125 25 187.69102478027344 71.547988891601562 32 175.43130493164062 95.489120483398438 2111 132.66717529296875 181.46942138671875 184 152.7379150390625 67.3048095703125 19 116.80426025390625 4.049774169921875 236 169.82858276367188 62.861541748046875 18 187.69102478027344 71.547988891601562 29 172.14225769042969 88.422607421875 842 169.32691955566406 91.720451354980469 1495 179.95637512207031 94.416481018066406 22 252.77699279785156 242.74974060058594 -1 160.52835083007812 52.394435882568359 181 250.29377746582031 120.19949340820312 26 229.78936767578125 125.33955383300781 27 247.84461975097656 237.60227966308594 -1 248.5067138671875 255.5057373046875 -1 252.77699279785156 242.74974060058594 2238 79.040008544921875 133.04708862304688 -1 79.040008544921875 133.04708862304688 -1 229.78936767578125 125.33955383300781 33 197.20733642578125 73.9627685546875 395 107.29631042480469 105.61875152587891 40 246.36924743652344 107.27930450439453 24 252.77699279785156 242.74974060058594 2250 167.44828796386719 53.890674591064453 169 202.18177795410156 77.579948425292969 249 132.98481750488281 183.11093139648438 294 223.50779724121094 101.4893798828125 28 34.451065063476562 181.47206115722656 -1 226.08909606933594 103.44753265380859 28 93.050224304199219 118.99024200439453 182 67.453651428222656 148.05461120605469 -1 95.532135009765625 116.46863555908203 182 8.4671382904052734 208.22860717773438 -1 3.544349193572998 213.42948913574219 -1 100.32002258300781 112.04635620117188 2227 235.66017150878906 109.89844512939453 170 172.47993469238281 60.329887390136719 117 231.34391784667969 107.10332489013672 170 132.98481750488281 183.11093139648438 184 84.375213623046875 127.50827026367188 2112 157.3463134765625 102.37586212158203 240 60.507213592529297 154.80535888671875 -1 176.68760681152344 43.891048431396484 -1 14.474422454833984 201.85723876953125 -1 217.611328125 96.934005737304688 245 17.430547714233398 198.879638671875 -1 
39 0.98635722066367526 -0.052150886166575483 -0.083040114601318896 -0.13222729553186346 2.1945076809155899 -1.7609738829303068 -1.2630620293289876 1 000040.png
125.64824676513672 110.15824890136719 -1 125.64824676513672 110.15824890136719 -1 144.44183349609375 197.59239196777344 -1 201.03981018066406 76.282188415527344 1 120.55300140380859 86.575393676757812 98 127.04184722900391 154.69429016113281 357 153.52249145507812 155.7841796875 -1 127.04184722900391 154.69429016113281 358 113.78968811035156 23.81675910949707 2 98.430038452148438 30.747653961181641 246 219.08036804199219 109.90261840820312 177 233.24790954589844 122.79434204101562 73 219.08036804199219 109.90261840820312 178 243.52815246582031 86.939590454101562 179 106.71804046630859 56.889503479003906 76 193.00146484375 53.460010528564453 7 156.68731689453125 77.391899108886719 9 188.82054138183594 80.27081298828125 196 231.23884582519531 111.39949798583984 170 151.82235717773438 104.15067291259766 57 104.15795135498047 11.693210601806641 427 146.49795532226562 47.663417816162109 78 174.12680053710938 39.857685089111328 14 180.7916259765625 44.693443298339844 8 167.80583190917969 58.312122344970703 420 102.52288055419922 72.440994262695312 103 125.17250061035156 178.69741821289062 231 132.35731506347656 180.226318359375 294 214.80827331542969 97.96466064453125 12 253.63148498535156 244.94767761230469 2238 164.12774658203125 102.39318084716797 11 167.80583190917969 58.312122344970703 169 168.42039489746094 96.602104187011719 151 105.66288757324219 97.03692626953125 361 253.63148498535156 244.94767761230469 2250 132.35731506347656 180.226318359375 184 164.12774658203125 102.39318084716797 163 109.21272277832031 34.068782806396484 172 109.21272277832031 34.068782806396484 199 247.83843994140625 235.85653686523438 2686 116.78553771972656 4.1040735244750977 238 155.18539428710938 64.535194396972656 25 187.72174072265625 71.547416687011719 32 175.40296936035156 95.454277038574219 2111 116.78553771972656 4.1040735244750977 236 169.83464050292969 62.853908538818359 18 155.18539428710938 64.535194396972656 90 187.72174072265625 71.547416687011719 29 151.56184387207031 75.263824462890625 297 172.04084777832031 88.283309936523438 842 169.37069702148438 91.696136474609375 1495 179.945068359375 94.347572326660156 22 175.40296936035156 95.454277038574219 2110 236.30764770507812 100.44582366943359 13 246.74624633789062 107.17864990234375 24 95.42010498046875 116.677490234375 182 160.52235412597656 52.396598815917969 181 107.32172393798828 105.65645599365234 40 235.53079223632812 109.79840087890625 170 250.10305786132812 119.93254852294922 26 137.00564575195312 182.27969360351562 -1 27.161924362182617 185.15353393554688 -1 132.94802856445312 182.78465270996094 184 95.42010498046875 116.677490234375 267 27.161924362182617 185.15353393554688 -1 132.94802856445312 182.78465270996094 294 113.52670288085938 2.4916090965270996 204 101.84345245361328 35.428798675537109 116 192.89350891113281 78.84619140625 202 252.6103515625 241.63572692871094 -1 84.207313537597656 127.67824554443359 2112 157.14779663085938 102.34841156005859 240 231.34062194824219 107.08274078369141 170 154.15693664550781 103.01320648193359 311 223.57707214355469 101.44710540771484 28 169.24324035644531 95.271736145019531 648 177.619140625 91.212547302246094 -1 205.48538208007812 88.037696838378906 37 113.52670288085938 2.4916090965270996 227 172.47825622558594 60.3099365234375 117 177.619140625 91.212547302246094 243 252.6103515625 241.63572692871094 2250 226.13394165039062 103.51874542236328 28 195.85948181152344 80.923683166503906 202 180.72911071777344 89.502105712890625 243 75.824508666992188 139.61579895019531 349 180.72911071777344 89.502105712890625 242 
40 0.98637999171848267 -0.052172352649077353 -0.082213010961617206 -0.13256537400517338 2.1752200315694248 -1.7567628645141258 -1.2464826294806988 1 000037.png
126.84447479248047 110.45027160644531 -1 126.84447479248047 110.45027160644531 -1 144.61880493164062 197.63594055175781 -1 201.04216003417969 76.416748046875 1 120.60659790039062 87.3028564453125 98 153.69139099121094 155.50897216796875 -1 113.75706481933594 23.874195098876953 2 111.02284240722656 64.419578552246094 190 98.390121459960938 30.613264083862305 246 219.14222717285156 110.10958099365234 178 232.90884399414062 123.72776031494141 73 219.14222717285156 110.10958099365234 177 243.64288330078125 87.062545776367188 179 151.109130859375 120.60086059570312 5 151.88818359375 104.05062103271484 57 180.75503540039062 44.769775390625 8 104.42445373535156 12.325960159301758 427 192.659912109375 53.339458465576172 7 156.62664794921875 77.462730407714844 9 164.148193359375 102.37834930419922 11 94.736167907714844 124.61270141601562 -1 247.48719787597656 236.28501892089844 2686 174.469970703125 40.226730346679688 14 167.59246826171875 58.331501007080078 420 102.35028839111328 72.799224853515625 103 131.87022399902344 179.97183227539062 294 168.40480041503906 96.577003479003906 151 214.66314697265625 97.517333984375 12 131.87022399902344 179.97183227539062 184 164.148193359375 102.37834930419922 163 167.59246826171875 58.331501007080078 169 135.51432800292969 38.268463134765625 -1 109.24079895019531 33.912044525146484 172 109.24079895019531 33.912044525146484 199 169.28273010253906 91.714332580566406 1495 179.9227294921875 94.403800964355469 22 175.37037658691406 95.50286865234375 2110 236.85321044921875 100.99887847900391 13 246.44183349609375 107.59581756591797 24 116.74992370605469 4.0664796829223633 238 187.54531860351562 71.700851440429688 32 187.54531860351562 71.700851440429688 68 175.37037658691406 95.50286865234375 2111 116.74992370605469 4.0664796829223633 236 106.88369750976562 106.25375366210938 40 169.79299926757812 62.910903930664062 18 187.54531860351562 71.700851440429688 29 151.61268615722656 75.101669311523438 297 171.99356079101562 88.358299255371094 842 155.8076171875 64.211891174316406 90 155.8076171875 64.211891174316406 25 231.56512451171875 107.65577697753906 170 250.08856201171875 120.45010375976562 26 160.523681640625 52.474678039550781 181 235.34111022949219 110.23598480224609 170 102.61136627197266 15.728304862976074 250 172.455810546875 60.387306213378906 117 202.51040649414062 78.105567932128906 249 166.22624206542969 89.070358276367188 36 182.10752868652344 96.990730285644531 168 93.112442016601562 119.00504302978516 182 42.880233764648438 172.76570129394531 -1 33.498798370361328 182.1253662109375 -1 27.933128356933594 188.21376037597656 -1 12.12034797668457 204.39703369140625 -1 252.500732421875 243.15385437011719 -1 157.30137634277344 102.06231689453125 240 166.22624206542969 89.070358276367188 1495 95.446205139160156 116.54547119140625 182 154.08497619628906 102.95729827880859 311 223.99493408203125 102.30323791503906 28 221.08226013183594 99.892669677734375 245 102.61136627197266 15.728304862976074 427 172.455810546875 60.387306213378906 420 84.051528930664062 127.82265472412109 2112 182.10752868652344 96.990730285644531 -1 252.500732421875 243.15385437011719 2250 157.30137634277344 102.06231689453125 -1 63.498046875 151.74861145019531 -1 180.72303771972656 89.440605163574219 242 154.54283142089844 99.240188598632812 311 217.29847717285156 97.044647216796875 245 180.72303771972656 89.440605163574219 243 203.40107727050781 86.663421630859375 37 60.608592987060547 154.72697448730469 276 
41 0.98641386793969998 -0.051862151102348993 -0.082795671113309183 -0.13207147786018794 2.1880937234105069 -1.7834061845853935 -1.2590946381285986 1 000041.png
124.80017852783203 109.78863525390625 -1 124.80017852783203 109.78863525390625 -1 144.37171936035156 197.67913818359375 -1 201.09249877929688 76.280532836914062 1 120.51634216308594 86.690765380859375 98 153.67355346679688 154.96788024902344 -1 113.77693939208984 23.803241729736328 2 111.56635284423828 65.636672973632812 190 233.21426391601562 123.44025421142578 73 129.58015441894531 169.05918884277344 -1 129.58015441894531 169.05918884277344 -1 98.509178161621094 30.456085205078125 246 229.62776184082031 78.126258850097656 180 243.38764953613281 86.881454467773438 179 130.89666748046875 174.86537170410156 -1 151.08016967773438 120.62541961669922 5 180.72195434570312 44.752758026123047 8 104.31383514404297 11.438783645629883 427 193.08918762207031 53.45849609375 7 156.6527099609375 77.449089050292969 9 214.51803588867188 97.825965881347656 12 231.42341613769531 111.367919921875 170 96.756401062011719 124.50267028808594 -1 96.756401062011719 124.50267028808594 -1 174.10263061523438 39.766086578369141 14 148.09117126464844 70.900276184082031 408 105.67462158203125 96.767913818359375 361 168.47512817382812 96.585174560546875 151 164.13278198242188 102.34506988525391 11 151.86436462402344 103.85553741455078 57 247.66009521484375 235.13752746582031 2686 164.13278198242188 102.34506988525391 163 148.09117126464844 70.900276184082031 92 102.59269714355469 71.772377014160156 103 109.24571990966797 33.730995178222656 172 249.16426086425781 255.54000854492188 -1 116.83119964599609 3.9833443164825439 238 155.4346923828125 64.190055847167969 25 187.7652587890625 71.499618530273438 32 175.39112854003906 95.454116821289062 2111 132.6004638671875 180.98471069335938 184 249.16426086425781 255.54000854492188 -1 116.83119964599609 3.9833443164825439 236 169.81639099121094 62.883670806884766 18 155.4346923828125 64.190055847167969 90 187.7652587890625 71.499618530273438 29 172.03083801269531 88.299026489257812 842 169.308837890625 91.7093505859375 1495 179.94583129882812 94.360923767089844 22 175.39112854003906 95.454116821289062 2110 246.72239685058594 107.07445526123047 24 132.6004638671875 180.98471069335938 294 246.31748962402344 116.80198669433594 88 160.43389892578125 52.314090728759766 181 107.35285949707031 105.49385833740234 40 250.35368347167969 120.06737518310547 26 226.46781921386719 103.62749481201172 28 63.493400573730469 148.18389892578125 -1 63.493400573730469 148.18389892578125 -1 27.202953338623047 185.12831115722656 -1 252.89553833007812 242.34782409667969 2250 252.89553833007812 242.34782409667969 -1 27.202953338623047 185.12831115722656 -1 252.89553833007812 242.34782409667969 2238 172.50640869140625 60.338157653808594 117 205.5068359375 88.083961486816406 37 220.34976196289062 98.776695251464844 245 223.72885131835938 101.40744018554688 28 14.906898498535156 201.44668579101562 -1 24.89044189453125 191.21159362792969 -1 231.8990478515625 107.18544006347656 170 235.24848937988281 109.65262603759766 170 95.41961669921875 116.47379302978516 182 32.852901458740234 183.02479553222656 -1 78.006187438964844 137.62925720214844 349 87.865318298339844 124.1793212890625 -1 154.28363037109375 102.73587799072266 311 191.97914123535156 77.988372802734375 202 72.921524047851562 142.53155517578125 -1 17.56077766418457 198.97052001953125 -1 87.865318298339844 124.1793212890625 -1 180.7425537109375 89.489692687988281 243 180.7425537109375 89.489692687988281 242 
42 0.98636454282178621 -0.051794574957831421 -0.082740218658638273 -0.13250044107559422 2.1966651001146449 -1.7625402829112433 -1.2588088994240489 1 000038.png
126.07644653320312 110.24327087402344 -1 126.07644653320312 110.24327087402344 -1 144.46054077148438 197.53565979003906 -1 201.06126403808594 76.323356628417969 1 120.64276123046875 87.282577514648438 98 153.574462890625 155.60455322265625 -1 113.76744079589844 23.828760147094727 2 111.29380035400391 64.818115234375 190 109.07843780517578 60.991725921630859 -1 98.48736572265625 30.57904052734375 246 233.42782592773438 122.70459747314453 73 243.86289978027344 87.082588195800781 179 151.11746215820312 120.47514343261719 5 151.87599182128906 103.93050384521484 57 104.29620361328125 11.820591926574707 427 146.32586669921875 47.379985809326172 78 193.01638793945312 53.471103668212891 7 156.67921447753906 77.395286560058594 9 132.01960754394531 179.30375671386719 294 138.64776611328125 180.81661987304688 -1 132.01960754394531 179.30375671386719 184 174.3958740234375 40.102066040039062 14 180.8203125 44.668682098388672 8 167.91200256347656 58.318588256835938 420 102.36898040771484 72.347572326660156 103 168.4462890625 96.624443054199219 151 214.49066162109375 97.110084533691406 12 164.23915100097656 102.33943939208984 11 247.58366394042969 235.50949096679688 2686 164.23915100097656 102.33943939208984 163 167.91200256347656 58.318588256835938 169 120.66752624511719 172.51004028320312 -1 253.04597473144531 243.96420288085938 2238 116.81186676025391 4.0285654067993164 238 155.77865600585938 64.389755249023438 25 187.67745971679688 71.554817199707031 32 175.40081787109375 95.486831665039062 2111 253.04597473144531 243.96420288085938 2250 253.04597473144531 243.96420288085938 -1 116.81186676025391 4.0285654067993164 236 134.46961975097656 37.680171966552734 -1 169.79899597167969 62.888454437255859 18 155.77865600585938 64.389755249023438 90 187.67745971679688 71.554817199707031 29 172.06913757324219 88.349006652832031 842 169.36415100097656 91.738059997558594 1495 179.9344482421875 94.483566284179688 22 175.40081787109375 95.486831665039062 2110 236.73260498046875 100.48541259765625 13 246.22042846679688 107.17453002929688 24 235.60787963867188 110.00852966308594 170 107.19700622558594 105.81401824951172 40 231.74784851074219 107.26496887207031 170 250.06510925292969 120.03836059570312 26 229.80136108398438 125.39749908447266 27 27.320230484008789 184.90362548828125 -1 27.320230484008789 184.90362548828125 -1 160.53788757324219 52.406227111816406 181 167.738525390625 53.566696166992188 169 172.49375915527344 60.344154357910156 117 228.86549377441406 80.35382080078125 -1 217.39262390136719 96.8536376953125 245 95.470817565917969 116.55906677246094 182 154.0704345703125 102.93888092041016 311 157.36189270019531 102.46640777587891 240 174.74995422363281 53.230033874511719 -1 174.74995422363281 53.230033874511719 -1 174.74995422363281 53.230033874511719 -1 95.470817565917969 116.55906677246094 267 9.5459518432617188 207.03569030761719 -1 4.6978912353515625 212.35165405273438 -1 56.807163238525391 158.59184265136719 276 228.86549377441406 80.35382080078125 -1 206.14830017089844 88.341346740722656 37 180.71014404296875 89.5322265625 243 75.256759643554688 140.13711547851562 349 180.71014404296875 89.5322265625 242 
43 0.98630977444840084 -0.051664225159525845 -0.082719647406883867 -0.13297103669254981 2.1955236426643423 -1.7642501869229057 -1.2596388768193698 1 000043.png
124.96913146972656 109.77060699462891 -1 124.96913146972656 109.77060699462891 -1 144.30319213867188 197.59718322753906 -1 201.03691101074219 76.217636108398438 1 120.60376739501953 86.647552490234375 98 153.69894409179688 155.26313781738281 -1 113.76654052734375 23.786945343017578 2 112.67794036865234 67.466285705566406 190 98.608314514160156 30.774530410766602 246 233.53926086425781 122.42893981933594 73 243.12489318847656 86.767684936523438 179 131.24026489257812 175.68794250488281 -1 150.99528503417969 120.94174957275391 5 151.91987609863281 103.84059143066406 57 104.111328125 11.366354942321777 427 146.2825927734375 47.567584991455078 78 193.01808166503906 53.435745239257812 7 156.63658142089844 77.423324584960938 9 231.08561706542969 111.23928833007812 170 111.57807159423828 146.38932800292969 403 125.51126861572266 178.84095764160156 231 132.2823486328125 179.53379821777344 294 253.50112915039062 244.17373657226562 2238 180.84811401367188 44.758853912353516 8 102.43285369873047 71.669525146484375 103 168.36502075195312 96.569122314453125 151 214.64155578613281 96.935089111328125 12 164.29765319824219 102.37661743164062 11 174.490478515625 40.281177520751953 14 132.2823486328125 179.53379821777344 184 164.29765319824219 102.37661743164062 163 253.50112915039062 244.17373657226562 2250 109.22208404541016 33.864124298095703 172 175.38310241699219 95.443962097167969 2110 236.470703125 99.978218078613281 13 239.73048400878906 112.99713134765625 83 132.95112609863281 181.82557678222656 294 249.18524169921875 254.96141052246094 -1 116.85116577148438 4.0660009384155273 238 155.46875 64.347618103027344 25 187.87281799316406 71.507354736328125 68 187.87281799316406 71.507354736328125 32 175.38310241699219 95.443962097167969 2111 132.95112609863281 181.82557678222656 184 249.18524169921875 254.96141052246094 -1 116.85116577148438 4.0660009384155273 236 168.55662536621094 58.534881591796875 420 169.81314086914062 62.879024505615234 18 155.46875 64.347618103027344 90 187.87281799316406 71.507354736328125 29 172.01710510253906 88.208793640136719 842 169.34516906738281 91.67645263671875 1495 179.96092224121094 94.416305541992188 22 252.99295043945312 242.79100036621094 2238 250.37185668945312 119.890869140625 26 95.563125610351562 116.35713958740234 182 252.99295043945312 242.79100036621094 2250 235.59928894042969 109.65328216552734 170 95.563125610351562 116.35713958740234 267 160.46784973144531 52.305187225341797 181 167.68443298339844 53.540111541748047 169 107.46947479248047 105.36906433105469 40 246.34429931640625 107.02313232421875 24 172.51852416992188 60.321525573730469 117 27.443244934082031 184.75193786621094 -1 220.81134033203125 98.934318542480469 245 231.76274108886719 106.97713470458984 170 246.54421997070312 116.83851623535156 88 93.181083679199219 118.82353973388672 182 24.875505447387695 191.6121826171875 -1 27.443244934082031 184.75193786621094 -1 101.84806060791016 35.527290344238281 116 42.94403076171875 173.08993530273438 -1 56.354011535644531 159.1175537109375 276 67.562164306640625 147.83079528808594 -1 169.15927124023438 95.1131591796875 648 252.64761352539062 241.32872009277344 -1 252.64761352539062 241.32872009277344 2250 252.64761352539062 241.32872009277344 2238 35.347511291503906 180.5416259765625 -1 7.4343867301940918 209.42591857910156 -1 4.9462480545043945 212.23806762695312 -1 199.43864440917969 83.206130981445312 147 17.282295227050781 199.09226989746094 -1 72.732490539550781 142.63015747070312 -1 180.76374816894531 89.529754638671875 242 247.84222412109375 237.71232604980469 -1 180.76374816894531 89.529754638671875 243 154.49668884277344 99.247138977050781 311 
44 0.98683682446665033 -0.049808689688663407 -0.080595569073078008 -0.13105926351793235 2.1290742908832394 -1.7423042110119129 -1.2217396286922686 1 000042.png
125.46652984619141 109.97589874267578 -1 125.46652984619141 109.97589874267578 -1 144.40275573730469 197.49330139160156 -1 201.08576965332031 76.317619323730469 1 120.60429382324219 86.626724243164062 98 153.56729125976562 155.98811340332031 -1 113.77313995361328 23.816461563110352 2 111.16001129150391 64.633499145507812 190 129.343017578125 168.44363403320312 -1 129.343017578125 168.44363403320312 -1 98.623214721679688 30.609241485595703 246 233.45645141601562 122.35746765136719 73 243.18893432617188 86.697761535644531 179 131.08540344238281 175.5341796875 -1 150.96112060546875 120.79293060302734 5 231.14591979980469 111.60476684570312 170 229.83778381347656 78.035453796386719 180 189.80850219726562 62.265384674072266 -1 119.64447021484375 160.30105590820312 -1 146.72984313964844 47.881938934326172 78 192.92274475097656 53.424335479736328 7 156.64138793945312 77.419960021972656 9 214.27363586425781 97.536834716796875 12 152.06149291992188 103.62483215332031 57 132.16157531738281 178.60484313964844 294 104.23713684082031 12.108451843261719 427 132.16157531738281 178.60484313964844 184 180.75286865234375 44.638965606689453 8 132.43467712402344 180.1588134765625 294 164.16941833496094 102.27802276611328 11 168.49990844726562 96.566421508789062 151 105.59806060791016 96.413276672363281 361 132.43467712402344 180.1588134765625 184 164.16941833496094 102.27802276611328 163 109.26164245605469 33.679759979248047 172 249.23086547851562 255.59872436523438 -1 116.77992248535156 4.033350944519043 238 154.96600341796875 64.883094787597656 25 187.68354797363281 71.398941040039062 32 175.30569458007812 95.344779968261719 2111 132.81710815429688 181.22013854980469 184 253.05827331542969 242.98579406738281 -1 249.23086547851562 255.59872436523438 -1 116.77992248535156 4.033350944519043 236 169.83541870117188 62.857490539550781 18 154.96600341796875 64.883094787597656 90 187.68354797363281 71.398941040039062 29 172.03923034667969 88.296340942382812 842 169.4091796875 91.7266845703125 1495 179.97909545898438 94.4268798828125 22 175.30569458007812 95.344779968261719 2110 236.59732055664062 100.42350006103516 13 246.67033386230469 107.0401611328125 24 132.81710815429688 181.22013854980469 294 253.05827331542969 242.98579406738281 -1 167.85395812988281 53.763629913330078 169 160.56034851074219 52.370937347412109 181 235.297607421875 109.52773284912109 170 249.99559020996094 119.73086547851562 26 113.51605224609375 2.5783641338348389 204 172.49516296386719 60.297840118408203 117 177.62348937988281 91.2215576171875 -1 106.72486114501953 95.114334106445312 -1 220.50251770019531 98.866302490234375 245 108.50874328613281 111.89788055419922 -1 107.45388031005859 105.29774475097656 40 226.08006286621094 103.2127685546875 28 154.20753479003906 102.82991027832031 311 157.3751220703125 102.50154113769531 240 223.40660095214844 101.20748138427734 28 154.45635986328125 99.327835083007812 311 113.51605224609375 2.5783641338348389 227 205.77346801757812 88.125602722167969 37 177.62348937988281 91.2215576171875 243 157.3751220703125 102.50154113769531 -1 93.548812866210938 118.59746551513672 267 93.548812866210938 118.59746551513672 182 84.263565063476562 127.58695220947266 2112 32.944534301757812 182.81278991699219 -1 247.82530212402344 237.74911499023438 -1 180.72323608398438 89.527397155761719 243 71.87713623046875 143.49118041992188 304 17.422643661499023 198.78868103027344 -1 180.72323608398438 89.527397155761719 242 
45 0.98710241306178736 -0.047951787349934792 -0.078621816684365312 -0.13095060961596616 2.0640578676521417 -1.694328470043122 -1.1895333861948083 1 000047.png
127.09422302246094 110.20704650878906 -1 127.09422302246094 110.20704650878906 -1 144.264892578125 198.10824584960938 -1 201.06755065917969 76.259147644042969 1 120.58468627929688 86.424018859863281 98 154.02105712890625 154.72319030761719 -1 113.75384521484375 23.799158096313477 2 219.4423828125 109.79417419433594 178 219.4423828125 109.79417419433594 177 98.485450744628906 30.799020767211914 246 243.55839538574219 86.961494445800781 179 131.05636596679688 174.9434814453125 -1 233.45895385742188 121.86073303222656 73 189.88565063476562 62.329479217529297 -1 151.12960815429688 120.46198272705078 5 131.64352416992188 177.086669921875 294 151.85726928710938 104.37504577636719 57 104.21279907226562 11.422737121582031 427 181.15516662597656 45.451606750488281 8 193.01727294921875 53.451229095458984 7 156.66065979003906 77.493354797363281 9 71.926322937011719 148.67344665527344 304 230.95730590820312 111.09978485107422 170 174.29835510253906 40.157562255859375 14 167.94404602050781 58.273822784423828 420 102.64682006835938 71.912872314453125 103 105.51441192626953 96.29241943359375 361 214.6239013671875 97.05755615234375 12 164.1656494140625 102.29352569580078 11 164.1656494140625 102.29352569580078 163 167.94404602050781 58.273822784423828 169 168.42120361328125 96.63140869140625 151 109.16220855712891 33.952220916748047 172 152.51617431640625 67.249778747558594 -1 187.91171264648438 71.475692749023438 29 172.08201599121094 88.372077941894531 842 169.28514099121094 91.692268371582031 1495 179.99839782714844 94.378456115722656 22 175.38485717773438 95.437606811523438 2110 137.90345764160156 181.38156127929688 -1 249.17286682128906 255.19845581054688 -1 116.80426025390625 3.9559116363525391 238 155.68930053710938 64.201309204101562 25 152.51617431640625 67.249778747558594 -1 187.91171264648438 71.475692749023438 32 175.38485717773438 95.437606811523438 2111 249.17286682128906 255.19845581054688 -1 116.80426025390625 3.9559116363525391 236 168.93963623046875 58.590961456298828 420 169.82600402832031 62.864253997802734 18 155.68930053710938 64.201309204101562 90 249.51165771484375 119.19675445556641 26 11.827136993408203 200.98611450195312 -1 160.28367614746094 52.208522796630859 181 235.70487976074219 109.63558959960938 170 231.79129028320312 106.98221588134766 170 31.464527130126953 180.70187377929688 -1 31.464527130126953 180.70187377929688 -1 27.078800201416016 185.28404235839844 -1 246.23551940917969 107.05291748046875 24 27.078800201416016 185.28404235839844 -1 11.827136993408203 200.98611450195312 -1 8.2527837753295898 208.97000122070312 -1 102.47273254394531 61.961307525634766 -1 205.50978088378906 87.943618774414062 37 172.07435607910156 89.363983154296875 842 177.56671142578125 91.04315185546875 -1 154.49136352539062 99.36859130859375 311 223.73429870605469 101.26307678222656 28 81.834487915039062 130.08251953125 2112 226.21682739257812 103.23536682128906 28 113.51374053955078 2.4581918716430664 204 84.019432067871094 127.83567810058594 2112 107.55764770507812 105.20787048339844 40 154.29069519042969 102.87169647216797 311 113.51374053955078 2.4581918716430664 227 102.62422943115234 15.276471138000488 427 202.80563354492188 85.89910888671875 -1 102.62422943115234 15.276471138000488 250 167.48039245605469 53.912445068359375 169 252.71011352539062 241.08517456054688 -1 252.71011352539062 241.08517456054688 -1 172.50274658203125 60.285480499267578 117 252.71011352539062 241.08517456054688 -1 87.940093994140625 123.90818786621094 -1 38.160423278808594 177.76617431640625 -1 177.56671142578125 91.04315185546875 243 188.62351989746094 75.374710083007812 -1 157.3349609375 102.37347412109375 240 180.75593566894531 89.531654357910156 242 14.60830020904541 201.77093505859375 -1 180.75593566894531 89.531654357910156 243 
46 0.98628871731425338 -0.05198919982065444 -0.082800673211820691 -0.13295013244176287 2.1981048805566199 -1.766226814809214 -1.2598338203777357 1 000044.png
124.86852264404297 109.64164733886719 -1 124.86852264404297 109.64164733886719 -1 144.25718688964844 197.53990173339844 -1 201.06071472167969 76.247940063476562 1 120.66904449462891 86.777687072753906 98 153.82748413085938 154.82301330566406 -1 113.77321624755859 23.798240661621094 2 98.511238098144531 30.54151725769043 246 219.49623107910156 109.67342376708984 178 219.49623107910156 109.67342376708984 177 229.64213562011719 78.16046142578125 180 243.009521484375 86.617362976074219 179 234.70030212402344 121.82007598876953 73 131.04844665527344 175.25212097167969 -1 189.9483642578125 61.933769226074219 -1 213.6185302734375 98.690933227539062 12 151.03976440429688 120.91658782958984 5 151.87580871582031 103.87813568115234 57 104.200927734375 11.51447582244873 427 181.16987609863281 45.499057769775391 8 192.90261840820312 53.388168334960938 7 156.636962890625 77.430732727050781 9 119.32590484619141 171.20878601074219 -1 231.14399719238281 111.22926330566406 170 174.04219055175781 39.880229949951172 14 102.56582641601562 71.910774230957031 103 168.46112060546875 96.559295654296875 151 214.82797241210938 97.038131713867188 12 164.3514404296875 102.37248229980469 11 247.6785888671875 234.99739074707031 2686 164.3514404296875 102.37248229980469 163 109.18718719482422 33.756359100341797 172 246.60208129882812 106.98902893066406 24 120.40998077392578 171.67607116699219 -1 132.96284484863281 181.61778259277344 294 137.42845153808594 181.65876770019531 -1 116.76795196533203 4.1250247955322266 238 155.93234252929688 63.869529724121094 25 187.86521911621094 71.48193359375 68 175.37095642089844 95.396194458007812 2111 132.96284484863281 181.61778259277344 184 187.86521911621094 71.48193359375 29 116.76795196533203 4.1250247955322266 236 168.47554016113281 58.494911193847656 420 169.84382629394531 62.844799041748047 18 155.93234252929688 63.869529724121094 90 172.09574890136719 88.338340759277344 842 169.39920043945312 91.710990905761719 1495 179.96717834472656 94.395133972167969 22 175.37095642089844 95.396194458007812 2110 236.4984130859375 99.969818115234375 13 27.322778701782227 184.90428161621094 -1 160.53361511230469 52.315910339355469 181 102.42092132568359 62.097606658935547 -1 27.322778701782227 184.90428161621094 -1 249.74386596679688 119.51383209228516 26 7.9297080039978027 209.34114074707031 -1 102.61273193359375 15.358756065368652 250 172.52427673339844 60.318225860595703 117 107.56324005126953 105.17803192138672 40 205.55604553222656 87.921104431152344 37 177.595458984375 91.276611328125 -1 220.54776000976562 98.893470764160156 245 223.66032409667969 101.26319122314453 28 77.73681640625 137.83218383789062 349 56.491031646728516 158.98377990722656 276 133.1348876953125 182.95361328125 294 24.472539901733398 192.10124206542969 -1 17.651523590087891 198.96562194824219 -1 92.963211059570312 122.71987915039062 -1 14.481094360351562 202.05206298828125 -1 154.29550170898438 102.70403289794922 311 177.595458984375 91.276611328125 243 133.1348876953125 182.95361328125 184 231.41473388671875 106.86904144287109 170 226.09254455566406 103.11519622802734 28 84.30145263671875 127.51287841796875 2112 180.74943542480469 89.55865478515625 243 154.47750854492188 99.212623596191406 311 62.829929351806641 152.37254333496094 -1 157.28688049316406 102.32633209228516 240 189.74406433105469 76.293075561523438 -1 180.74943542480469 89.55865478515625 242 
47 0.98626092759518402 -0.051151610353806769 -0.082637430781671933 -0.13358125052230951 2.1761661518992583 -1.749832354456196 -1.2597527937052246 1 000046.png
125.13431549072266 109.80921173095703 -1 125.13431549072266 109.80921173095703 -1 144.29714965820312 197.75338745117188 -1 201.04725646972656 76.219947814941406 1 120.65223693847656 86.747901916503906 98 153.76457214355469 155.17720031738281 -1 113.52535247802734 69.257400512695312 -1 113.75260162353516 23.78767204284668 2 98.262969970703125 30.495048522949219 246 233.3170166015625 122.03140258789062 73 129.96922302246094 171.69769287109375 -1 243.15910339355469 86.745368957519531 179 131.02227783203125 175.1246337890625 -1 124.88509368896484 11.001657485961914 176 230.91720581054688 111.31508636474609 170 151.01158142089844 120.8271484375 5 97.004493713378906 125.70774078369141 -1 97.004493713378906 125.70774078369141 -1 152.0328369140625 103.83484649658203 57 138.65890502929688 180.58837890625 -1 104.20437622070312 11.554917335510254 427 181.24998474121094 45.56048583984375 8 146.26580810546875 47.619773864746094 78 193.00944519042969 53.489871978759766 7 156.62257385253906 77.392585754394531 9 214.73970031738281 96.692436218261719 12 236.63571166992188 99.699676513671875 13 164.28396606445312 102.32667541503906 11 174.38134765625 40.370925903320312 14 132.62030029296875 180.658935546875 294 148.14527893066406 70.911262512207031 408 102.50259399414062 72.0699462890625 103 168.42707824707031 96.574462890625 151 132.62030029296875 180.658935546875 184 164.28396606445312 102.32667541503906 163 148.14527893066406 70.911262512207031 -1 116.70740509033203 3.9875407218933105 236 187.80845642089844 71.455764770507812 32 187.80845642089844 71.455764770507812 68 175.35057067871094 95.371635437011719 2111 116.70740509033203 3.9875407218933105 238 246.43870544433594 106.92050933837891 24 169.81463623046875 62.882522583007812 18 187.80845642089844 71.455764770507812 29 172.00447082519531 88.257293701171875 842 169.33639526367188 91.693977355957031 1495 179.939208984375 94.434745788574219 22 175.35057067871094 95.371635437011719 2110 132.85746765136719 181.48835754394531 294 132.85746765136719 181.48835754394531 184 235.45542907714844 109.45684051513672 170 249.79853820800781 119.35435485839844 88 252.90374755859375 241.92311096191406 2238 252.90374755859375 241.92311096191406 2250 252.90374755859375 241.92311096191406 -1 160.50474548339844 52.319671630859375 181 228.56248474121094 105.02903747558594 -1 107.47776794433594 105.27951812744141 40 172.50064086914062 60.297615051269531 117 201.55265808105469 84.880828857421875 147 206.00625610351562 88.211723327636719 37 169.20159912109375 95.166419982910156 648 157.35130310058594 102.52290344238281 240 96.987785339355469 114.99640655517578 -1 93.429008483886719 118.62270355224609 182 84.57568359375 127.21119689941406 2112 75.501953125 140.005615234375 349 17.656234741210938 199.09901428222656 -1 154.44187927246094 99.34747314453125 311 217.42366027832031 96.506103515625 245 252.62672424316406 241.13911437988281 -1 93.429008483886719 118.62270355224609 267 252.62672424316406 241.13911437988281 2238 252.62672424316406 241.13911437988281 2250 223.66159057617188 101.21920776367188 28 154.29910278320312 102.9456787109375 311 4.904695987701416 212.03179931640625 -1 221.21229553222656 99.4639892578125 -1 181.78631591796875 97.115737915039062 -1 181.78631591796875 97.115737915039062 -1 
48 0.98705854303606544 -0.049199902090854189 -0.079429128684838798 -0.13032964271468517 2.064640545375064 -1.739999319327616 -1.1998065649939516 1 000045.png
124.89057159423828 109.72761535644531 -1 124.89057159423828 109.72761535644531 -1 144.2606201171875 197.66349792480469 -1 201.05882263183594 76.233688354492188 1 120.65594482421875 86.592399597167969 98 153.87554931640625 154.96307373046875 -1 113.77625274658203 23.815269470214844 2 129.7069091796875 171.49150085449219 -1 219.42546081542969 109.36050415039062 177 98.421989440917969 30.673652648925781 246 219.42546081542969 109.36050415039062 178 233.35020446777344 122.25574493408203 73 243.41474914550781 86.765556335449219 179 130.92109680175781 175.26007080078125 -1 229.84762573242188 77.997543334960938 180 151.21421813964844 120.33163452148438 5 119.57316589355469 160.89288330078125 -1 119.57316589355469 160.89288330078125 -1 151.82379150390625 104.16827392578125 57 104.30735778808594 12.051255226135254 427 180.92276000976562 44.952701568603516 8 147.11761474609375 48.355644226074219 78 193.0487060546875 53.421291351318359 7 156.67985534667969 77.387596130371094 9 214.42849731445312 97.708351135253906 12 231.07765197753906 111.35671234130859 170 131.67019653320312 177.55317687988281 294 174.56900024414062 40.404178619384766 14 102.44998931884766 71.757102966308594 103 105.53611755371094 96.883781433105469 361 168.45060729980469 96.592948913574219 151 253.46188354492188 244.09342956542969 -1 253.46188354492188 244.09342956542969 -1 164.12211608886719 102.365234375 163 164.12211608886719 102.365234375 11 103.90518951416016 79.463615417480469 -1 246.57991027832031 106.90090179443359 24 240.46725463867188 113.31646728515625 83 153.76994323730469 66.133354187011719 25 187.75265502929688 71.398666381835938 32 175.46487426757812 95.492088317871094 2111 172.04562377929688 88.342384338378906 842 168.47050476074219 58.500576019287109 420 169.81632995605469 62.87841796875 18 153.76994323730469 66.133354187011719 19 187.75265502929688 71.398666381835938 29 169.36215209960938 91.720298767089844 1495 179.95976257324219 94.385231018066406 22 175.46487426757812 95.492088317871094 2110 236.48936462402344 99.973304748535156 13 24.344697952270508 192.36045837402344 -1 249.85031127929688 119.54218292236328 26 27.210748672485352 185.14234924316406 -1 154.14772033691406 77.090469360351562 297 247.84275817871094 236.42315673828125 -1 113.16782379150391 2.8485643863677979 204 154.14772033691406 77.090469360351562 298 27.210748672485352 185.14234924316406 -1 131.57745361328125 35.080772399902344 -1 160.41923522949219 52.268791198730469 181 220.31634521484375 98.536674499511719 245 154.44819641113281 99.309898376464844 311 154.30853271484375 102.69153594970703 311 107.56236267089844 105.18109893798828 40 75.273101806640625 140.16677856445312 349 63.267585754394531 152.0313720703125 -1 5.0528035163879395 212.01754760742188 -1 242.45491027832031 253.13008117675781 -1 177.73481750488281 91.302352905273438 -1 205.93386840820312 88.0416259765625 37 202.81729125976562 85.893348693847656 37 102.67890930175781 15.447166442871094 250 148.04507446289062 76.669937133789062 -1 172.50889587402344 60.302024841308594 117 177.73481750488281 91.302352905273438 243 157.40327453613281 102.58838653564453 240 148.04507446289062 76.669937133789062 -1 147.42109680175781 80.168479919433594 302 95.343185424804688 116.45368957519531 182 157.40327453613281 102.58838653564453 -1 180.77033996582031 89.4964599609375 243 198.80534362792969 82.745376586914062 147 180.77033996582031 89.4964599609375 242 
49 0.98733569371911678 -0.046406382198283684 -0.077941258828447629 -0.13015312432551959 2.0498649678770398 -1.7153694964739372 -1.1527289680962916 1 000049.png
127.79496765136719 110.29263305664062 -1 127.79496765136719 110.29263305664062 -1 144.23072814941406 198.70661926269531 -1 200.93955993652344 76.139312744140625 1 120.47142028808594 86.454780578613281 98 154.21156311035156 153.33506774902344 -1 113.66348266601562 69.374038696289062 -1 113.77053833007812 23.802717208862305 2 98.377059936523438 30.542152404785156 246 243.01104736328125 86.673423767089844 179 131.44085693359375 175.47789001464844 -1 233.38429260253906 121.99128723144531 73 229.53627014160156 78.053657531738281 180 124.90743255615234 11.051539421081543 176 151.44999694824219 120.30447387695312 5 72.419097900390625 149.88157653808594 -1 119.5184326171875 161.00637817382812 -1 132.05828857421875 177.93287658691406 294 132.05828857421875 177.93287658691406 184 151.44999694824219 120.30447387695312 6 180.80607604980469 44.777103424072266 8 104.2269287109375 11.70103931427002 427 146.29142761230469 47.698265075683594 78 192.96464538574219 53.445686340332031 7 156.65397644042969 77.419998168945312 9 231.23681640625 111.03697204589844 170 174.09260559082031 39.843631744384766 14 102.37213897705078 71.841110229492188 103 168.48332214355469 96.533683776855469 151 214.68673706054688 97.038467407226562 12 164.30123901367188 102.31015014648438 11 164.30123901367188 102.31015014648438 163 179.96865844726562 94.425529479980469 22 175.41281127929688 95.495956420898438 2110 116.73757934570312 4.0182042121887207 236 187.8199462890625 71.445938110351562 32 175.41281127929688 95.495956420898438 2111 116.73757934570312 4.0182042121887207 238 246.548828125 106.86994934082031 24 168.42442321777344 58.481800079345703 420 169.81022644042969 62.887363433837891 18 187.8199462890625 71.445938110351562 29 169.26895141601562 91.688301086425781 1495 113.316650390625 2.9340801239013672 204 160.43405151367188 52.246826171875 181 197.28369140625 73.84716796875 -1 228.57383728027344 104.97341156005859 -1 107.42304229736328 105.34432983398438 40 232.03291320800781 107.10160064697266 170 249.76597595214844 119.37423706054688 88 229.79510498046875 124.98487854003906 27 113.316650390625 2.9340801239013672 227 229.79510498046875 124.98487854003906 33 235.5361328125 109.49771118164062 170 172.53265380859375 60.327053070068359 117 200.87184143066406 84.357650756835938 147 205.50489807128906 87.850021362304688 37 169.12287902832031 95.065788269042969 648 154.36715698242188 102.88741302490234 311 226.1182861328125 103.03166198730469 28 87.864776611328125 124.0806884765625 -1 34.002700805664062 181.84217834472656 -1 24.76380729675293 191.45561218261719 -1 17.480001449584961 198.93830871582031 -1 154.51771545410156 99.246917724609375 311 171.98942565917969 89.346092224121094 842 166.30107116699219 89.142692565917969 36 166.30107116699219 89.142692565917969 1495 166.30107116699219 89.142692565917969 1495 8.8524951934814453 207.78472900390625 -1 223.32803344726562 101.00634765625 28 157.29278564453125 102.50423431396484 240 
50 0.98669243924035432 -0.049813424183578835 -0.080770289317980887 -0.1320333801753045 2.0962834182405325 -1.7179251376034907 -1.2293000929595239 1 000050.png
127.31851959228516 110.20411682128906 -1 127.31851959228516 110.20411682128906 -1 144.29246520996094 198.59324645996094 -1 201.03472900390625 76.21173095703125 1 120.41345977783203 86.623115539550781 98 155.26217651367188 151.56488037109375 -1 113.76750946044922 23.791492462158203 2 110.61399841308594 63.304397583007812 190 98.592338562011719 30.688444137573242 246 219.76336669921875 109.82350158691406 178 233.33601379394531 121.85463714599609 73 219.76336669921875 109.82350158691406 177 202.7794189453125 61.119575500488281 -1 202.7794189453125 61.119575500488281 -1 243.26158142089844 86.85894775390625 179 229.67315673828125 77.938507080078125 180 151.36976623535156 120.57235717773438 5 151.36976623535156 120.57235717773438 6 180.78181457519531 44.717262268066406 8 104.17824554443359 11.329838752746582 427 145.54501342773438 46.747852325439453 78 193.10697937011719 53.507968902587891 7 156.689453125 77.381065368652344 9 214.19471740722656 97.447486877441406 12 125.66434478759766 179.62187194824219 231 230.90275573730469 111.13596343994141 170 174.46658325195312 40.356048583984375 14 164.26101684570312 102.29606628417969 11 247.80216979980469 234.45732116699219 -1 168.43260192871094 96.586570739746094 151 236.558837890625 99.737213134765625 13 164.26101684570312 102.29606628417969 163 147.58750915527344 71.456222534179688 408 102.48677062988281 72.000877380371094 103 109.18285369873047 33.869403839111328 172 169.29994201660156 91.671310424804688 1495 179.95988464355469 94.446189880371094 22 175.40840148925781 95.463066101074219 2110 116.78227996826172 4.0573110580444336 238 155.71180725097656 64.131439208984375 25 152.19114685058594 67.570259094238281 19 187.75347900390625 71.407707214355469 32 175.40840148925781 95.463066101074219 2111 116.78227996826172 4.0573110580444336 236 169.81706237792969 62.885440826416016 18 155.71180725097656 64.131439208984375 90 152.19114685058594 67.570259094238281 25 187.75347900390625 71.407707214355469 29 172.02740478515625 88.396461486816406 842 249.56245422363281 119.20504760742188 88 107.55112457275391 105.21292877197266 40 229.86253356933594 125.08808898925781 27 27.363073348999023 184.98068237304688 -1 160.32069396972656 52.221446990966797 181 252.92558288574219 241.91064453125 -1 239.18614196777344 112.45275115966797 83 235.23887634277344 109.31687927246094 170 229.86253356933594 125.08808898925781 33 27.363073348999023 184.98068237304688 -1 252.92558288574219 241.91064453125 -1 252.92558288574219 241.91064453125 -1 172.14468383789062 89.201988220214844 842 231.66632080078125 106.99430847167969 170 246.19300842285156 106.96286010742188 24 83.056991577148438 132.44424438476562 183 42.797107696533203 173.01640319824219 -1 40.439598083496094 175.53057861328125 -1 15.036322593688965 201.42861938476562 -1 4.1949253082275391 212.88740539550781 -1 142.35533142089844 125.48731994628906 293 154.41806030273438 102.77566528320312 311 157.32942199707031 102.51347351074219 240 223.57470703125 101.08225250244141 28 172.52235412597656 60.311779022216797 117 167.49787902832031 54.003189086914062 169 147.3114013671875 80.297889709472656 302 166.277587890625 89.085670471191406 36 220.4755859375 98.748329162597656 245 154.54515075683594 99.34228515625 311 226.19013977050781 103.26516723632812 28 81.943122863769531 129.9429931640625 2112 166.277587890625 89.085670471191406 1495 80.442893981933594 135.02619934082031 350 180.73255920410156 89.476287841796875 243 180.73255920410156 89.476287841796875 242 
51 0.98656902732652185 -0.050957536343475135 -0.082160259231046084 -0.13166083553164665 2.1752551650948573 -1.746262658736927 -1.2494986001360295 1 000051.png
127.39817810058594 110.26570892333984 -1 127.39817810058594 110.26570892333984 -1 144.26834106445312 198.65489196777344 -1 201.02162170410156 76.223808288574219 1 120.46402740478516 86.597770690917969 98 155.32818603515625 152.20146179199219 -1 113.76783752441406 23.810361862182617 2 99.742019653320312 31.655805587768555 246 202.84100341796875 61.147834777832031 -1 202.84100341796875 61.147834777832031 -1 243.28932189941406 86.842361450195312 179 206.29325866699219 97.856231689453125 -1 234.23370361328125 122.1640625 73 206.29325866699219 97.856231689453125 -1 229.73164367675781 77.960700988769531 180 151.48789978027344 120.08622741699219 5 151.48789978027344 120.08622741699219 6 180.75721740722656 44.732677459716797 8 152.07672119140625 103.98822784423828 57 104.22265625 11.779084205627441 427 146.85247802734375 47.926837921142578 78 193.115966796875 53.4765625 7 156.66339111328125 77.350357055664062 9 230.99046325683594 111.12674713134766 170 103.59149169921875 79.180152893066406 -1 168.41651916503906 96.596763610839844 151 236.53230285644531 99.693534851074219 13 214.6153564453125 97.676071166992188 12 164.16033935546875 102.34696960449219 11 174.58824157714844 40.356197357177734 14 235.78541564941406 104.74687194824219 13 132.7342529296875 180.79685974121094 294 102.48473358154297 71.940475463867188 103 132.7342529296875 180.79685974121094 184 164.16033935546875 102.34696960449219 163 109.23112487792969 33.773246765136719 172 187.708251953125 71.30908203125 32 175.38636779785156 95.467872619628906 2111 249.27427673339844 254.83404541015625 -1 116.79204559326172 4.0497126579284668 236 169.83773803710938 62.853530883789062 18 187.708251953125 71.30908203125 29 169.36671447753906 91.711700439453125 1495 179.98588562011719 94.402687072753906 22 175.38636779785156 95.467872619628906 2110 249.27427673339844 254.83404541015625 -1 116.79204559326172 4.0497126579284668 238 160.58059692382812 52.321376800537109 181 104.47482299804688 79.049339294433594 -1 231.77703857421875 106.93434143066406 170 246.26388549804688 106.86513519287109 24 235.34336853027344 109.43942260742188 170 247.42036437988281 117.5595703125 88 27.224285125732422 185.180419921875 -1 107.5360107421875 105.20650482177734 40 27.224285125732422 185.180419921875 -1 249.97560119628906 119.54287719726562 26 167.49909973144531 53.919525146484375 169 172.49807739257812 60.291236877441406 117 220.44378662109375 98.742774963378906 245 95.46148681640625 116.36246490478516 182 171.98965454101562 89.367645263671875 842 154.27671813964844 102.94454193115234 311 67.794136047363281 147.46246337890625 -1 56.634696960449219 158.941162109375 276 169.19436645507812 95.109481811523438 648 205.77372741699219 87.933929443359375 37 202.62947082519531 85.913688659667969 147 187.19511413574219 74.506828308105469 -1 36.527172088623047 179.36787414550781 -1 24.50877571105957 191.90676879882812 -1 7.3211088180541992 209.43223571777344 -1 180.75761413574219 89.450477600097656 243 65.236442565917969 150.11912536621094 -1 39.821056365966797 175.796630859375 -1 180.75761413574219 89.450477600097656 242 
52 0.98626975438675279 -0.052075637754584493 -0.082933662198790919 -0.13297408472572594 2.174777760302351 -1.7847574813068527 -1.2624092158948101 1 000048.png
127.55345153808594 110.27391815185547 -1 127.55345153808594 110.27391815185547 -1 144.24935913085938 198.265869140625 -1 200.92257690429688 76.137069702148438 1 120.47953796386719 86.524429321289062 98 155.186279296875 152.03427124023438 -1 113.41600036621094 69.565193176269531 -1 113.76517486572266 23.790992736816406 2 98.500045776367188 30.787120819091797 246 243.41493225097656 86.903190612792969 179 131.22972106933594 175.15570068359375 -1 233.402099609375 121.83209228515625 73 150.80851745605469 121.27438354492188 5 229.50425720214844 77.853950500488281 180 213.19868469238281 98.499526977539062 12 72.050552368164062 150.04002380371094 -1 132.08047485351562 178.08245849609375 294 104.14048004150391 12.053803443908691 427 181.154541015625 45.481166839599609 8 146.4268798828125 47.656620025634766 78 192.9554443359375 53.438827514648438 7 156.67723083496094 77.399742126464844 9 118.94366455078125 171.4427490234375 -1 231.28500366210938 111.16253662109375 170 118.94366455078125 171.4427490234375 -1 174.36636352539062 40.236007690429688 14 105.64670562744141 96.230110168457031 361 168.42855834960938 96.57769775390625 151 236.60072326660156 99.682220458984375 13 164.157958984375 102.26556396484375 11 164.157958984375 102.26556396484375 163 109.19862365722656 33.880542755126953 172 247.86032104492188 235.232666015625 2686 253.07698059082031 242.7281494140625 2238 250.76809692382812 249.82330322265625 2245 249.19444274902344 255.01229858398438 -1 116.74205780029297 3.9279968738555908 236 155.61798095703125 64.503021240234375 25 187.80744934082031 71.413658142089844 32 175.39498901367188 95.479644775390625 2111 253.07698059082031 242.7281494140625 2250 253.07698059082031 242.7281494140625 -1 249.19444274902344 255.01229858398438 -1 116.74205780029297 3.9279968738555908 238 168.343505859375 58.466815948486328 420 169.8135986328125 62.867424011230469 18 155.61798095703125 64.503021240234375 90 187.80744934082031 71.413658142089844 29 169.23538208007812 91.657211303710938 1495 179.98233032226562 94.399551391601562 22 175.39498901367188 95.479644775390625 2110 147.51408386230469 161.15811157226562 -1 8.1435451507568359 209.26887512207031 -1 154.12379455566406 77.176063537597656 297 235.37258911132812 109.34531402587891 170 107.51861572265625 105.20032501220703 40 27.106420516967773 185.29933166503906 -1 154.12379455566406 77.176063537597656 298 249.94937133789062 119.44727325439453 26 246.20623779296875 107.00925445556641 24 247.02850341796875 117.21131896972656 88 27.106420516967773 185.29933166503906 -1 160.53987121582031 52.303802490234375 181 217.49545288085938 96.588615417480469 245 154.48970031738281 99.403144836425781 311 223.79713439941406 101.42671966552734 28 231.79310607910156 106.79736328125 170 205.36737060546875 87.937919616699219 37 172.50755310058594 60.307285308837891 117 157.3377685546875 102.29532623291016 240 154.33218383789062 102.76203918457031 311 177.602294921875 91.049224853515625 243 200.67900085449219 84.112228393554688 147 252.65029907226562 241.05026245117188 2250 252.65029907226562 241.05026245117188 2238 225.77053833007812 102.90338897705078 28 172.00418090820312 89.326889038085938 842 35.982780456542969 179.94120788574219 -1 133.44837951660156 183.04440307617188 294 252.65029907226562 241.05026245117188 -1 59.729724884033203 155.68319702148438 -1 177.602294921875 91.049224853515625 -1 133.44837951660156 183.04440307617188 184 180.75035095214844 89.499275207519531 243 180.75035095214844 89.499275207519531 242 
53 0.98630164945783827 -0.051625855909386779 -0.082786416066790422 -0.1330046487653232 2.1980630691699008 -1.7651293738507421 -1.2612216725189775 1 000053.png
127.37667846679688 110.22817230224609 -1 127.37667846679688 110.22817230224609 -1 144.23846435546875 198.56492614746094 -1 200.95060729980469 76.148757934570312 1 120.50630950927734 86.542945861816406 98 154.19346618652344 153.47581481933594 -1 113.76873779296875 23.799558639526367 2 110.71000671386719 63.705841064453125 190 98.431076049804688 30.468120574951172 246 130.04901123046875 170.45681762695312 -1 130.04901123046875 170.45681762695312 -1 202.86045837402344 61.125595092773438 -1 202.86045837402344 61.125595092773438 -1 229.6815185546875 78.140480041503906 180 243.30787658691406 86.806564331054688 179 131.00157165527344 174.22372436523438 -1 233.60090637207031 121.84761810302734 73 151.46916198730469 120.14678192138672 5 56.121318817138672 166.33018493652344 316 151.46916198730469 120.14678192138672 6 180.759033203125 44.700550079345703 8 104.18779754638672 11.243727684020996 427 146.40208435058594 47.830425262451172 78 192.95744323730469 53.432014465332031 7 156.67378234863281 77.384613037109375 9 231.13427734375 111.04647827148438 170 174.07577514648438 39.777324676513672 14 102.43922424316406 71.861618041992188 103 168.46905517578125 96.56219482421875 151 214.58052062988281 96.886344909667969 12 236.716064453125 99.634132385253906 13 164.10707092285156 102.23497009277344 11 111.51591491699219 146.3272705078125 403 253.74591064453125 244.04508972167969 2250 247.72833251953125 234.75178527832031 2686 164.10707092285156 102.23497009277344 163 253.74591064453125 244.04508972167969 2238 109.17511749267578 33.80780029296875 172 116.79962921142578 4.0216407775878906 236 179.98406982421875 94.309890747070312 22 175.34504699707031 95.392784118652344 2110 116.79962921142578 4.0216407775878906 238 155.46322631835938 64.287246704101562 25 187.84773254394531 71.436988830566406 32 175.34504699707031 95.392784118652344 2111 169.85246276855469 62.836540222167969 18 155.46322631835938 64.287246704101562 90 187.84773254394531 71.436988830566406 29 169.33995056152344 91.715652465820312 1495 4.6045031547546387 212.89558410644531 -1 250.03396606445312 119.5885009765625 26 229.80545043945312 125.01347351074219 27 239.65885925292969 112.65503692626953 83 27.327085494995117 184.97178649902344 -1 8.1260643005371094 209.28897094726562 -1 232.62924194335938 107.28117370605469 170 160.3812255859375 52.255352020263672 181 151.5638427734375 75.382125854492188 297 172.09367370605469 89.116264343261719 842 246.28181457519531 106.89107513427734 24 235.73023986816406 109.71943664550781 170 143.03797912597656 111.13638305664062 -1 113.45358276367188 2.6524555683135986 204 113.45358276367188 2.6524555683135986 227 229.80545043945312 125.01347351074219 33 27.327085494995117 184.97178649902344 -1 107.55233764648438 105.22226715087891 40 154.40702819824219 102.39242553710938 311 102.77967071533203 109.44046020507812 224 174.82246398925781 53.281753540039062 -1 83.237716674804688 132.27589416503906 350 223.737060546875 101.38120269775391 28 220.74456787109375 98.930213928222656 245 167.6241455078125 53.978630065917969 169 169.15008544921875 95.098091125488281 648 172.50999450683594 60.306682586669922 117 133.40858459472656 183.077392578125 184 252.60403442382812 240.92987060546875 2250 252.60403442382812 240.92987060546875 2238 53.069972991943359 162.3944091796875 276 201.19401550292969 84.7064208984375 147 252.60403442382812 240.92987060546875 -1 38.505062103271484 177.35133361816406 -1 133.40858459472656 183.077392578125 294 87.443511962890625 124.51608276367188 -1 56.265518188476562 159.13775634765625 276 186.85118103027344 74.247077941894531 -1 67.41595458984375 147.85031127929688 -1 61.545047760009766 153.74118041992188 -1 
54 0.98631382813120205 -0.051387653883848007 -0.082503133679652757 -0.13318248532943422 2.1862001224216039 -1.7602996418406716 -1.2567591249475474 1 000056.png
127.16493225097656 110.19401550292969 -1 127.16493225097656 110.19401550292969 -1 144.19923400878906 198.69705200195312 -1 201.00468444824219 76.191696166992188 1 120.48069000244141 86.9366455078125 98 155.22523498535156 151.77976989746094 -1 113.76100921630859 23.799541473388672 2 110.95903778076172 63.903816223144531 190 98.397560119628906 30.499425888061523 246 202.9912109375 61.216781616210938 -1 243.02920532226562 86.7431640625 179 131.25405883789062 175.00599670410156 -1 233.30517578125 122.00283813476562 73 229.57518005371094 78.1190185546875 180 151.19345092773438 120.81121063232422 6 56.567348480224609 166.09739685058594 316 151.19345092773438 120.81121063232422 5 96.765899658203125 124.10975646972656 -1 104.20379638671875 11.511455535888672 427 181.27041625976562 45.573368072509766 8 146.84393310546875 48.007766723632812 78 193.13360595703125 53.514114379882812 7 156.67707824707031 77.437393188476562 9 96.765899658203125 124.10975646972656 -1 71.360107421875 149.34272766113281 304 230.98008728027344 111.13527679443359 170 247.5302734375 235.39155578613281 2686 164.13699340820312 102.2874755859375 11 168.4669189453125 96.570152282714844 151 102.45629119873047 71.936302185058594 103 164.13699340820312 102.2874755859375 163 174.49067687988281 40.164131164550781 14 214.91340637207031 96.964439392089844 12 125.69585418701172 178.32569885253906 231 116.74647521972656 4.0263481140136719 238 155.42158508300781 64.382698059082031 25 187.77581787109375 71.368728637695312 32 175.3951416015625 95.4808349609375 2111 169.81857299804688 62.860477447509766 18 116.74647521972656 4.0263481140136719 236 155.42158508300781 64.382698059082031 90 187.77581787109375 71.368728637695312 29 252.46002197265625 90.147476196289062 -1 169.33454895019531 91.708297729492188 1495 179.99208068847656 94.423194885253906 22 175.3951416015625 95.4808349609375 2110 236.71076965332031 99.918144226074219 13 246.23463439941406 106.76058197021484 24 107.41807556152344 105.41912841796875 40 235.58699035644531 109.60768127441406 170 249.78048706054688 119.41930389404297 26 252.82196044921875 241.75384521484375 2238 252.82196044921875 241.75384521484375 2250 252.82196044921875 241.75384521484375 -1 160.44281005859375 52.282119750976562 181 167.54891967773438 53.896980285644531 169 172.48770141601562 60.286476135253906 117 172.02362060546875 89.334144592285156 842 205.50779724121094 87.86529541015625 37 7.820836067199707 209.29144287109375 -1 217.70170593261719 96.726631164550781 245 154.27442932128906 102.97767639160156 311 225.9854736328125 103.06275177001953 28 231.83836364746094 106.82449340820312 170 103.04592132568359 109.19953155517578 224 72.785667419433594 142.5341796875 -1 67.25994873046875 148.11630249023438 -1 60.617580413818359 154.97146606445312 -1 220.87702941894531 99.029151916503906 245 169.18620300292969 95.118293762207031 648 40.667163848876953 175.16839599609375 -1 36.159954071044922 179.72352600097656 -1 203.19168090820312 86.014686584472656 -1 54.704322814941406 160.85591125488281 276 180.74761962890625 89.429702758789062 243 180.74761962890625 89.429702758789062 242 223.72175598144531 101.12775421142578 28 
55 0.98627087637300437 -0.05185054107763834 -0.083054717744908996 -0.13297816989527109 2.2061146943580487 -1.7667287159409921 -1.2656806354304668 1 000052.png
127.32813262939453 110.17110443115234 -1 127.32813262939453 110.17110443115234 -1 144.25709533691406 198.71537780761719 -1 201.06889343261719 76.235504150390625 1 120.48236846923828 86.550262451171875 98 155.30766296386719 151.62333679199219 -1 112.88091278076172 68.332115173339844 -1 113.75672149658203 23.813398361206055 2 98.434341430664062 30.483552932739258 246 233.40631103515625 122.09955596923828 73 229.35304260253906 77.955108642578125 180 243.01202392578125 86.752174377441406 179 131.26235961914062 174.94056701660156 -1 151.47589111328125 120.27886199951172 5 55.290702819824219 167.54411315917969 316 151.47589111328125 120.27886199951172 6 103.96785736083984 12.240157127380371 427 180.82080078125 44.735671997070312 8 146.48045349121094 47.863170623779297 78 193.0810546875 53.435981750488281 7 156.65699768066406 77.451179504394531 9 72.202774047851562 148.54881286621094 304 231.02774047851562 111.17696380615234 170 103.96785736083984 12.240157127380371 250 214.42562866210938 96.751205444335938 12 164.17364501953125 102.34603881835938 11 247.61276245117188 234.73051452636719 2686 253.65040588378906 244.05339050292969 2238 105.60073089599609 96.193122863769531 361 168.43304443359375 96.589462280273438 151 253.65040588378906 244.05339050292969 2250 164.17364501953125 102.34603881835938 163 149.1708984375 70.633056640625 92 149.1708984375 70.633056640625 408 138.08656311035156 181.42886352539062 -1 247.80751037597656 236.09730529785156 -1 249.10321044921875 255.04801940917969 -1 116.802734375 4.0487899780273438 238 187.85127258300781 71.4678955078125 32 187.85127258300781 71.4678955078125 68 175.52569580078125 95.574188232421875 2111 133.20523071289062 181.93612670898438 184 249.10321044921875 255.04801940917969 -1 116.802734375 4.0487899780273438 236 246.55361938476562 106.93656921386719 24 169.80720520019531 62.894878387451172 18 187.85127258300781 71.4678955078125 29 171.87380981445312 88.214324951171875 842 169.36177062988281 91.709365844726562 1495 179.9713134765625 94.425399780273438 22 175.52569580078125 95.574188232421875 2110 236.70259094238281 99.961647033691406 13 133.20523071289062 181.93612670898438 294 29.907960891723633 182.34786987304688 -1 160.44548034667969 52.26611328125 181 197.53863525390625 73.918014526367188 395 177.48783874511719 90.543464660644531 243 107.41753387451172 105.36566162109375 40 29.907960891723633 182.34786987304688 -1 250.20550537109375 119.66532135009766 26 177.48783874511719 90.543464660644531 -1 229.81378173828125 125.14516448974609 33 229.81378173828125 125.14516448974609 27 167.34376525878906 53.938926696777344 169 172.51052856445312 60.306262969970703 117 203.05586242675781 85.989471435546875 37 205.59324645996094 87.9395751953125 37 166.256103515625 89.128250122070312 36 169.17965698242188 95.060562133789062 648 154.60005187988281 99.310203552246094 311 133.44239807128906 183.09683227539062 294 235.28610229492188 109.26964569091797 170 56.478660583496094 159.01718139648438 -1 78.837623596191406 133.10951232910156 350 226.00929260253906 103.17659759521484 28 154.33218383789062 102.75482177734375 311 166.256103515625 89.128250122070312 1495 231.32975769042969 106.73335266113281 170 133.44239807128906 183.09683227539062 184 247.82073974609375 237.17887878417969 -1 24.809299468994141 191.76458740234375 -1 250.53395080566406 248.18817138671875 2245 78.837623596191406 133.10951232910156 -1 33.900733947753906 181.77992248535156 -1 67.025672912597656 148.25538635253906 -1 
56 0.98626505192440617 -0.051953471774596714 -0.082390668397420125 -0.13339363509606156 2.1883972790379342 -1.7641538516409347 -1.2582569339412157 1 000054.png
127.09706878662109 110.15653228759766 -1 127.09706878662109 110.15653228759766 -1 144.18788146972656 198.60856628417969 -1 201.01719665527344 76.198112487792969 1 120.47541809082031 86.676094055175781 98 155.23970031738281 151.80625915527344 -1 113.76465606689453 23.777666091918945 2 110.697021484375 63.356224060058594 190 219.93276977539062 109.56758117675781 177 98.538352966308594 30.640047073364258 246 219.93276977539062 109.56758117675781 178 233.78314208984375 122.49030303955078 73 229.60466003417969 78.2205810546875 180 242.84867858886719 86.597877502441406 179 207.19284057617188 98.171302795410156 -1 207.19284057617188 98.171302795410156 -1 146.31221008300781 47.797664642333984 78 124.86119079589844 10.977030754089355 176 151.29461669921875 120.36920928955078 5 151.29461669921875 120.36920928955078 6 180.75201416015625 44.731525421142578 8 104.20488739013672 11.026329040527344 427 193.13299560546875 53.491058349609375 7 156.66990661621094 77.397773742675781 9 148.62161254882812 162.27801513671875 -1 231.15428161621094 111.1519775390625 170 174.19856262207031 39.932319641113281 14 102.41421508789062 72.008277893066406 103 105.59471130371094 96.180580139160156 361 164.20364379882812 102.30568695068359 11 111.73139190673828 146.92486572265625 403 247.51539611816406 234.76264953613281 2686 253.40525817871094 244.1624755859375 2238 253.40525817871094 244.1624755859375 2250 164.20364379882812 102.30568695068359 163 168.44410705566406 96.599601745605469 151 214.64436340332031 97.07928466796875 12 138.31011962890625 181.21392822265625 -1 109.16647338867188 33.980968475341797 172 175.43623352050781 95.483795166015625 2110 246.47454833984375 106.81005859375 24 116.82334136962891 3.9731070995330811 238 155.21826171875 64.578773498535156 25 152.44264221191406 67.471923828125 -1 187.82806396484375 71.444236755371094 32 187.82806396484375 71.444236755371094 68 175.43623352050781 95.483795166015625 2111 116.82334136962891 3.9731070995330811 236 168.45501708984375 58.500614166259766 420 169.83460998535156 62.8624267578125 18 155.21826171875 64.578773498535156 90 152.44264221191406 67.471923828125 -1 187.82806396484375 71.444236755371094 29 171.99844360351562 88.394912719726562 842 169.496826171875 91.806007385253906 1495 179.984130859375 94.333213806152344 22 147.31234741210938 161.42961120605469 -1 95.471443176269531 116.51431274414062 267 235.63092041015625 109.5765380859375 170 95.471443176269531 116.51431274414062 182 104.36982727050781 79.124626159667969 -1 27.250415802001953 185.13963317871094 -1 160.536865234375 52.301811218261719 181 107.53172302246094 105.20854187011719 40 12.258114814758301 200.52264404296875 -1 249.76443481445312 119.34234619140625 88 27.250415802001953 185.13963317871094 -1 12.258114814758301 200.52264404296875 -1 8.5867910385131836 208.65907287597656 -1 4.6084980964660645 212.52786254882812 -1 252.62879943847656 241.075927734375 -1 250.62580871582031 247.54641723632812 2245 142.29795837402344 119.06932067871094 -1 232.84971618652344 107.57606506347656 170 102.63162231445312 15.628106117248535 250 226.11872863769531 103.09425354003906 28 154.29698181152344 102.901611328125 311 223.88467407226562 101.22136688232422 28 221.20101928710938 99.428939819335938 245 154.53021240234375 99.091033935546875 311 102.63162231445312 15.628106117248535 427 167.49725341796875 53.855648040771484 169 133.39442443847656 183.07017517089844 184 252.62879943847656 241.075927734375 2250 101.84394073486328 35.407722473144531 116 172.51945495605469 60.297473907470703 117 205.50727844238281 87.909164428710938 37 217.49835205078125 96.615943908691406 245 133.39442443847656 183.07017517089844 294 180.75152587890625 89.4796142578125 243 35.858890533447266 179.84141540527344 -1 52.720172882080078 162.70672607421875 276 180.75152587890625 89.4796142578125 242 
57 0.98476280930695259 -0.058265003306090676 -0.08868636575762158 -0.13777564125898756 2.3938930616152199 -1.8508419612456468 -1.3599644647570532 1 000055.png
126.96206665039062 110.07422637939453 -1 126.96206665039062 110.07422637939453 -1 144.20025634765625 198.6483154296875 -1 200.94667053222656 76.142654418945312 1 120.54283142089844 87.082931518554688 98 155.19232177734375 151.76060485839844 -1 113.77156066894531 23.80108642578125 2 112.54009246826172 67.285865783691406 190 98.476531982421875 30.607368469238281 246 202.86952209472656 61.149990081787109 -1 243.09700012207031 86.661567687988281 179 234.07356262207031 122.03285980224609 73 231.02781677246094 111.33843994140625 170 151.3726806640625 120.45169067382812 5 151.3726806640625 120.45169067382812 6 104.15340423583984 11.508723258972168 427 181.21969604492188 45.540374755859375 8 193.03623962402344 53.420082092285156 7 156.64976501464844 77.425201416015625 9 174.63832092285156 40.273727416992188 14 167.95989990234375 58.282546997070312 420 101.63833618164062 63.206577301025391 -1 102.40989685058594 72.289726257324219 103 105.75666046142578 96.646965026855469 361 168.50489807128906 96.539299011230469 151 214.81512451171875 97.113677978515625 12 164.29409790039062 102.32522583007812 11 138.31095886230469 181.28451538085938 294 247.67695617675781 234.27838134765625 -1 167.95989990234375 58.282546997070312 169 164.29409790039062 102.32522583007812 163 109.21401977539062 33.755146026611328 172 180.00535583496094 94.417129516601562 22 116.76769256591797 4.0199999809265137 236 175.30308532714844 95.348304748535156 2110 116.76769256591797 4.0199999809265137 238 187.89285278320312 71.496299743652344 68 187.89285278320312 71.496299743652344 32 175.30308532714844 95.348304748535156 2111 169.82351684570312 62.870315551757812 18 187.89285278320312 71.496299743652344 29 172.05294799804688 88.429397583007812 842 169.29727172851562 91.670616149902344 1495 250.11344909667969 119.58677673339844 26 27.128414154052734 185.28158569335938 -1 8.0650300979614258 209.39060974121094 -1 154.20086669921875 77.162246704101562 297 154.20086669921875 77.162246704101562 298 160.60676574707031 52.365169525146484 181 107.42092132568359 105.35524749755859 40 231.71348571777344 106.87519836425781 170 246.33778381347656 106.9002685546875 24 235.35044860839844 109.51630401611328 170 113.15191650390625 2.9448208808898926 227 27.128414154052734 185.28158569335938 -1 113.15191650390625 2.9448208808898926 204 177.73683166503906 90.072479248046875 243 169.16574096679688 95.1336669921875 648 226.22309875488281 103.18013763427734 28 78.442481994628906 137.01394653320312 350 133.31578063964844 182.93067932128906 294 24.959383010864258 191.42662048339844 -1 5.1367740631103516 211.99687194824219 -1 154.32919311523438 102.88714599609375 311 154.53355407714844 99.10406494140625 311 133.31578063964844 182.93067932128906 184 252.63583374023438 241.10108947753906 2229 252.63583374023438 241.10108947753906 2228 172.51947021484375 60.293979644775391 117 252.63583374023438 241.10108947753906 -1 205.46348571777344 87.91925048828125 37 172.01364135742188 89.331085205078125 842 84.47845458984375 127.40221405029297 2112 177.73683166503906 90.072479248046875 -1 223.85519409179688 101.2587890625 28 38.935077667236328 176.86402893066406 -1 47.821235656738281 167.71673583984375 -1 
58 0.98628506233998148 -0.052322089091439976 -0.083060564206149615 -0.13268427741025876 2.1897195290994231 -1.7789401979817581 -1.2634162993087241 1 000057.png
127.24146270751953 110.17054748535156 -1 127.24146270751953 110.17054748535156 -1 144.24104309082031 198.68455505371094 -1 200.94364929199219 76.158470153808594 1 120.48056793212891 86.706016540527344 98 155.26223754882812 151.67369079589844 -1 113.78557586669922 23.783517837524414 2 98.581138610839844 30.748922348022461 246 243.4234619140625 86.878929138183594 179 131.44538879394531 175.19926452636719 -1 233.50361633300781 121.88917541503906 73 229.56219482421875 78.125320434570312 180 151.25679016113281 120.87271881103516 5 151.25679016113281 120.87271881103516 6 146.54130554199219 47.943458557128906 78 124.78577423095703 10.870558738708496 176 104.18955993652344 11.643507957458496 427 180.98017883300781 45.218505859375 8 192.99136352539062 53.454479217529297 7 156.64125061035156 77.422470092773438 9 231.20114135742188 111.27779388427734 170 152.08990478515625 103.82819366455078 57 174.14280700683594 39.897224426269531 14 102.33005523681641 72.122703552246094 103 168.47750854492188 96.598152160644531 151 214.74539184570312 97.019973754882812 12 164.147705078125 102.37413024902344 11 253.5560302734375 244.15533447265625 2238 125.75346374511719 178.78797912597656 231 247.55430603027344 234.87002563476562 2686 253.5560302734375 244.15533447265625 2250 164.147705078125 102.37413024902344 163 138.27310180664062 181.18478393554688 -1 109.16078186035156 33.993057250976562 172 180.00100708007812 94.377082824707031 22 175.4090576171875 95.458625793457031 2110 246.444580078125 106.81290435791016 24 249.21005249023438 254.88519287109375 -1 116.77472686767578 4.010859489440918 238 154.7430419921875 65.239036560058594 25 187.78579711914062 71.413040161132812 32 175.4090576171875 95.458625793457031 2111 249.21005249023438 254.88519287109375 -1 154.7430419921875 65.239036560058594 90 116.77472686767578 4.010859489440918 236 169.800537109375 62.891933441162109 18 187.78579711914062 71.413040161132812 29 171.94293212890625 88.27630615234375 842 169.34016418457031 91.691093444824219 1495 160.4244384765625 52.257946014404297 181 229.7806396484375 124.88257598876953 33 151.40106201171875 75.655845642089844 297 113.26575469970703 2.8885459899902344 227 249.80682373046875 119.48927307128906 26 141.93966674804688 119.92910003662109 -1 229.7806396484375 124.88257598876953 27 113.26575469970703 2.8885459899902344 204 174.85946655273438 52.876991271972656 -1 172.50344848632812 60.312530517578125 117 228.40400695800781 79.866241455078125 -1 199.09625244140625 83.131118774414062 147 205.71037292480469 88.022735595703125 37 172.03509521484375 89.329689025878906 842 95.51470947265625 116.35581970214844 182 223.74763488769531 101.34944915771484 28 107.59739685058594 105.11534118652344 40 146.9122314453125 105.89541625976562 137 101.91079711914062 35.768310546875 116 84.229164123535156 127.63709259033203 2112 75.329513549804688 140.24620056152344 349 34.075641632080078 181.88841247558594 -1 154.54788208007812 99.269950866699219 311 217.53688049316406 96.553504943847656 245 154.30348205566406 102.95468139648438 311 174.85946655273438 52.876991271972656 -1 228.40400695800781 79.866241455078125 -1 24.809087753295898 191.61102294921875 -1 8.8164863586425781 208.06967163085938 -1 225.88655090332031 102.97850036621094 28 92.843963623046875 122.69106292724609 -1 78.079536437988281 137.36717224121094 349 213.06625366210938 93.358329772949219 133 72.796722412109375 142.53932189941406 -1 180.75680541992188 89.459335327148438 243 180.75680541992188 89.459335327148438 242 220.53697204589844 98.789993286132812 245 
59 0.98639660627094494 -0.051596572224478943 -0.082642107046756702 -0.13240019265363231 2.1951980971147447 -1.7596251110071628 -1.2600571732929118 1 000058.png
127.40061187744141 110.27241516113281 -1 127.40061187744141 110.27241516113281 -1 144.26393127441406 198.69485473632812 -1 201.05131530761719 76.229789733886719 1 120.47895050048828 86.639274597167969 98 155.14041137695312 151.65657043457031 -1 113.76860046386719 23.80546760559082 2 111.05722808837891 64.0927734375 190 98.483406066894531 30.586648941040039 246 219.37890625 109.62398529052734 178 233.31996154785156 122.08007049560547 73 219.37890625 109.62398529052734 177 243.22433471679688 86.832664489746094 179 107.40950012207031 57.915458679199219 76 124.92985534667969 11.065850257873535 176 151.18527221679688 120.99441528320312 5 96.424224853515625 126.23750305175781 -1 96.424224853515625 126.23750305175781 -1 151.18527221679688 120.99441528320312 6 229.74876403808594 77.972251892089844 180 156.67515563964844 77.380592346191406 9 71.805793762207031 148.82958984375 304 104.20428466796875 11.419027328491211 427 231.16746520996094 111.28311157226562 170 181.05436706542969 45.388301849365234 8 147.222412109375 48.3065185546875 78 193.06819152832031 53.435264587402344 7 174.50215148925781 40.280422210693359 14 102.39874267578125 71.627960205078125 103 105.55869293212891 95.737869262695312 361 164.22848510742188 102.29078674316406 11 214.64837646484375 96.955513000488281 12 164.22848510742188 102.29078674316406 163 168.47731018066406 96.601905822753906 151 247.67942810058594 234.75750732421875 2686 109.19975280761719 34.009674072265625 172 109.19975280761719 34.009674072265625 199 116.74335479736328 3.9065074920654297 238 187.95265197753906 71.524063110351562 68 187.95265197753906 71.524063110351562 32 175.35955810546875 95.411422729492188 2111 116.74335479736328 3.9065074920654297 236 246.46170043945312 106.88743591308594 24 169.82113647460938 62.880180358886719 18 187.95265197753906 71.524063110351562 29 171.95916748046875 88.266044616699219 842 169.36598205566406 91.701759338378906 1495 179.97563171386719 94.298988342285156 22 175.35955810546875 95.411422729492188 2110 121.24182891845703 172.31082153320312 -1 235.80992126464844 109.74153900146484 170 95.441864013671875 116.46260070800781 182 27.210012435913086 185.16824340820312 -1 252.93150329589844 241.91952514648438 2238 130.851318359375 34.710586547851562 -1 160.44009399414062 52.272384643554688 181 107.52328491210938 105.25074005126953 40 227.82308959960938 104.44189453125 28 130.851318359375 34.710586547851562 -1 95.441864013671875 116.46260070800781 267 27.210012435913086 185.16824340820312 -1 252.93150329589844 241.91952514648438 2250 252.93150329589844 241.91952514648438 -1 205.31254577636719 87.83544921875 37 232.35903930664062 107.15025329589844 170 101.8868408203125 35.497737884521484 116 172.52006530761719 60.292392730712891 117 154.42170715332031 102.7196044921875 311 49.981227874755859 165.47135925292969 276 40.131374359130859 175.69090270996094 -1 133.44688415527344 183.05555725097656 294 17.655799865722656 199.03421020507812 -1 250.372314453125 119.60556793212891 88 223.90744018554688 101.39267730712891 28 154.60922241210938 99.228294372558594 311 172.00927734375 89.367156982421875 842 85.148750305175781 130.1649169921875 2112 133.44688415527344 183.05555725097656 184 187.59751892089844 74.702041625976562 -1 147.95809936523438 95.856178283691406 -1 
60 0.98634730734739062 -0.051796008435975434 -0.082287221333463181 -0.13290965353904996 2.1769414993754519 -1.7568881276339443 -1.2501640926397031 1 000059.png
127.09529113769531 110.11122131347656 -1 127.09529113769531 110.11122131347656 -1 144.141845703125 198.60467529296875 -1 200.95352172851562 76.143081665039062 1 120.50201416015625 86.651687622070312 98 154.1632080078125 153.40339660644531 -1 113.75227355957031 23.81800651550293 2 111.17464447021484 64.477508544921875 190 98.360885620117188 30.56304931640625 246 219.44439697265625 109.75141143798828 178 219.44439697265625 109.75141143798828 177 229.34628295898438 77.934761047363281 180 243.13243103027344 86.770088195800781 179 233.49830627441406 121.8775634765625 73 151.21728515625 120.71511840820312 5 151.21728515625 120.71511840820312 6 104.12635040283203 11.649236679077148 427 181.14042663574219 45.301513671875 8 146.92901611328125 48.014736175537109 78 192.930419921875 53.392097473144531 7 156.66035461425781 77.409225463867188 9 231.05329895019531 111.17513275146484 170 174.59391784667969 40.364925384521484 14 102.46488189697266 71.875358581542969 103 168.45187377929688 96.62933349609375 151 214.77981567382812 97.055595397949219 12 236.54226684570312 99.6663818359375 13 164.07003784179688 102.29355621337891 11 109.63648223876953 129.4661865234375 234 164.07003784179688 102.29355621337891 163 110.84938812255859 137.98738098144531 -1 109.26347351074219 33.667102813720703 172 116.76293182373047 4.0379114151000977 236 169.82125854492188 62.879199981689453 18 152.68510437011719 67.022125244140625 90 187.91423034667969 71.468017578125 29 171.882568359375 88.189620971679688 842 169.41680908203125 91.731727600097656 1495 179.97189331054688 94.413139343261719 22 175.41172790527344 95.452041625976562 2110 116.76293182373047 4.0379114151000977 238 152.68510437011719 67.022125244140625 25 175.41172790527344 95.452041625976562 2111 113.3782958984375 2.7592036724090576 204 252.94340515136719 242.2008056640625 2250 252.94340515136719 242.2008056640625 2238 154.14418029785156 77.149703979492188 297 160.59091186523438 52.337203979492188 181 231.73629760742188 106.83890533447266 170 252.94340515136719 242.2008056640625 -1 154.14418029785156 77.149703979492188 298 113.3782958984375 2.7592036724090576 227 27.033237457275391 185.33523559570312 -1 228.29695129394531 104.70995330810547 -1 107.45384979248047 105.35918426513672 40 246.46348571777344 106.91815948486328 24 235.643310546875 109.45180511474609 170 250.21714782714844 119.71695709228516 26 27.033237457275391 185.33523559570312 -1 101.92721557617188 35.586872100830078 116 172.5137939453125 60.287063598632812 117 201.66712951660156 85.060844421386719 147 205.47610473632812 87.878791809082031 37 171.96067810058594 89.339408874511719 842 177.65194702148438 90.241828918457031 243 7.8005332946777344 209.29083251953125 -1 90.109031677246094 121.96165466308594 -1 3.9723114967346191 213.10623168945312 -1 225.67398071289062 102.85917663574219 28 154.36515808105469 102.92545318603516 311 223.73861694335938 101.19181060791016 28 56.958423614501953 158.43865966796875 276 104.59124755859375 79.026351928710938 -1 177.65194702148438 90.241828918457031 -1 93.465957641601562 118.68642425537109 267 90.109031677246094 121.96165466308594 -1 93.465957641601562 118.68642425537109 182 41.655452728271484 174.05752563476562 -1 24.915813446044922 191.59854125976562 -1 15.154255867004395 201.560302734375 -1 95.758544921875 116.13372802734375 182 84.427017211914062 127.42449188232422 2112 180.756103515625 89.401657104492188 243 180.756103515625 89.401657104492188 242 
61 0.98636530143667245 -0.051549459156980011 -0.082521881497544164 -0.13272635177865266 2.1879145794690498 -1.759537675501589 -1.2557659566300687 1 000060.png
126.93492889404297 110.03345489501953 -1 126.93492889404297 110.03345489501953 -1 144.27349853515625 198.66415405273438 -1 201.03167724609375 76.221855163574219 1 120.49568176269531 86.503608703613281 98 155.40435791015625 152.01786804199219 -1 113.77394866943359 23.816814422607422 2 219.55436706542969 109.358642578125 177 219.55436706542969 109.358642578125 178 233.35287475585938 122.11537933349609 73 99.72308349609375 31.621191024780273 246 243.38766479492188 86.83831787109375 179 131.24778747558594 174.74496459960938 -1 229.57609558105469 78.146476745605469 180 124.82595825195312 10.922900199890137 176 151.30813598632812 120.53556823730469 5 55.981945037841797 166.53517150878906 316 151.30813598632812 120.53556823730469 6 104.22023773193359 11.823934555053711 427 181.08248901367188 45.137939453125 8 193.05921936035156 53.481464385986328 7 156.64988708496094 77.38641357421875 9 72.079307556152344 148.42002868652344 304 231.12718200683594 111.26406860351562 170 132.23114013671875 178.65646362304688 294 132.23114013671875 178.65646362304688 184 174.38775634765625 40.317844390869141 14 102.36176300048828 71.836624145507812 103 168.44705200195312 96.572517395019531 151 214.84829711914062 97.232688903808594 12 111.55410766601562 146.39254760742188 403 247.5762939453125 235.02525329589844 2686 164.16319274902344 102.21809387207031 163 164.16319274902344 102.21809387207031 11 109.21867370605469 33.736934661865234 172 169.34266662597656 91.717842102050781 1495 179.98764038085938 94.413421630859375 22 175.43704223632812 95.500694274902344 2110 236.661376953125 100.08627319335938 13 249.28306579589844 254.85911560058594 -1 116.8353271484375 4.0579586029052734 238 169.230712890625 58.681392669677734 169 155.34770202636719 64.572799682617188 25 187.90142822265625 71.47283935546875 68 187.90142822265625 71.47283935546875 32 175.43704223632812 95.500694274902344 2111 249.28306579589844 254.85911560058594 -1 116.8353271484375 4.0579586029052734 236 169.230712890625 58.681392669677734 420 169.82106018066406 62.8731689453125 18 155.34770202636719 64.572799682617188 90 187.90142822265625 71.47283935546875 29 171.9306640625 88.25823974609375 842 113.41358184814453 2.7686541080474854 204 27.106536865234375 185.29025268554688 -1 113.41358184814453 2.7686541080474854 227 107.41269683837891 105.37435150146484 40 250.11952209472656 119.54248809814453 26 229.83219909667969 125.00901794433594 27 160.49258422851562 52.305412292480469 181 229.83219909667969 125.00901794433594 33 27.106536865234375 185.29025268554688 -1 247.95907592773438 236.77836608886719 -1 204.40693664550781 87.090591430664062 37 172.02102661132812 89.345993041992188 842 169.26344299316406 95.250823974609375 648 220.60528564453125 98.906494140625 245 154.56001281738281 99.257698059082031 311 133.34297180175781 182.98707580566406 294 4.8010363578796387 212.23715209960938 -1 84.0186767578125 127.82270812988281 2112 90.970443725585938 121.06477355957031 -1 93.336997985839844 118.64926147460938 182 235.29248046875 109.54832458496094 170 154.19671630859375 102.99854278564453 311 223.7862548828125 101.41218566894531 28 166.2430419921875 89.067626953125 1495 90.970443725585938 121.06477355957031 -1 166.2430419921875 89.067626953125 36 104.80453491210938 7.0841503143310547 166 167.49848937988281 53.754890441894531 169 252.73747253417969 241.46322631835938 -1 252.73747253417969 241.46322631835938 2250 172.52447509765625 60.324417114257812 117 252.73747253417969 241.46322631835938 2238 142.37324523925781 119.58905792236328 -1 83.190376281738281 132.26165771484375 350 133.34297180175781 182.98707580566406 184 14.742026329040527 201.75065612792969 -1 180.7298583984375 89.479484558105469 242 56.968692779541016 158.35853576660156 276 180.7298583984375 89.479484558105469 243 
62 0.98610675624960953 -0.050282181261686959 -0.082838686882193216 -0.13491819551889248 2.1797890183771789 -1.689038854080483 -1.2711083738040008 1 000063.png
126.92554473876953 110.05294036865234 -1 126.92554473876953 110.05294036865234 -1 144.19136047363281 198.52272033691406 -1 201.04751586914062 76.224403381347656 1 120.46690368652344 86.464111328125 98 155.32366943359375 151.81211853027344 -1 113.77261352539062 23.801921844482422 2 111.03485870361328 64.203048706054688 190 98.425399780273438 30.396535873413086 246 202.86454772949219 61.132717132568359 -1 202.86454772949219 61.132717132568359 -1 243.28146362304688 86.76605224609375 179 234.7149658203125 121.65788269042969 73 124.92674255371094 11.058903694152832 176 229.79267883300781 77.99041748046875 180 151.28926086425781 120.64302062988281 5 72.589569091796875 149.52561950683594 -1 151.28926086425781 120.64302062988281 6 180.82180786132812 44.791507720947266 8 112.03617095947266 154.07347106933594 -1 104.18605041503906 11.715594291687012 427 146.41481018066406 47.567245483398438 78 192.96177673339844 53.436286926269531 7 156.65167236328125 77.3990478515625 9 125.60677337646484 179.522705078125 231 189.94302368164062 81.576789855957031 196 231.51661682128906 111.30554962158203 170 174.34347534179688 40.140449523925781 14 247.71517944335938 234.4505615234375 2686 102.57577514648438 72.000450134277344 103 168.42831420898438 96.638442993164062 151 214.76606750488281 96.943084716796875 12 164.28289794921875 102.34476470947266 11 111.62884521484375 146.41567993164062 403 164.28289794921875 102.34476470947266 163 109.25592803955078 33.702594757080078 172 175.39152526855469 95.406768798828125 2110 236.66064453125 100.0904541015625 13 116.80119323730469 4.0541219711303711 238 155.11958312988281 64.511459350585938 25 187.89411926269531 71.518814086914062 68 187.89411926269531 71.518814086914062 32 175.39152526855469 95.406768798828125 2111 116.80119323730469 4.0541219711303711 236 169.82499694824219 62.863304138183594 18 155.11958312988281 64.511459350585938 90 187.89411926269531 71.518814086914062 29 169.35762023925781 91.696662902832031 1495 180.00303649902344 94.299415588378906 22 135.2901611328125 37.733146667480469 -1 250.01394653320312 119.53618621826172 26 229.81021118164062 124.93585968017578 27 27.232015609741211 185.02897644042969 -1 252.93264770507812 242.21914672851562 2250 160.52555847167969 52.326778411865234 181 246.25247192382812 106.99106597900391 24 100.15016174316406 6.614100456237793 -1 100.15016174316406 6.614100456237793 -1 229.81021118164062 124.93585968017578 33 27.232015609741211 185.02897644042969 -1 252.93264770507812 242.21914672851562 2238 252.93264770507812 242.21914672851562 -1 107.44101715087891 105.32958984375 40 232.02171325683594 106.99562072753906 170 86.922386169433594 124.93451690673828 -1 79.827911376953125 132.16352844238281 2112 133.32173156738281 182.92123413085938 184 133.32173156738281 182.92123413085938 294 24.634349822998047 191.931640625 -1 89.010665893554688 122.94094085693359 -1 154.41334533691406 102.58232116699219 311 223.9305419921875 101.44570159912109 28 79.827911376953125 132.16352844238281 -1 167.486083984375 53.741794586181641 169 172.49925231933594 60.285659790039062 117 195.17091369628906 80.128524780273438 202 172.04400634765625 89.373870849609375 842 154.51730346679688 99.31036376953125 311 109.02101135253906 101.39925384521484 -1 93.950347900390625 118.07668304443359 182 235.55960083007812 109.46521759033203 170 225.94551086425781 103.00724792480469 28 62.900051116943359 152.34600830078125 -1 37.95782470703125 177.72856140136719 -1 
63 0.98614812958840736 -0.05125661924828926 -0.082532492729610191 -0.13443590716902418 2.1692459003750084 -1.749466840162242 -1.2598602399963634 1 000061.png
127.04456329345703 110.09033203125 -1 127.04456329345703 110.09033203125 -1 144.20655822753906 198.52131652832031 -1 200.97611999511719 76.165992736816406 1 120.43170928955078 86.35784912109375 98 155.52804565429688 151.7525634765625 -1 113.755859375 23.810995101928711 2 112.50989532470703 67.116401672363281 190 98.480087280273438 30.803644180297852 246 243.26129150390625 86.823013305664062 179 233.46051025390625 121.77638244628906 73 124.87204742431641 10.985796928405762 176 229.738525390625 77.992919921875 180 151.41574096679688 120.44637298583984 5 151.41574096679688 120.44637298583984 6 104.11827850341797 11.427282333374023 427 181.00761413574219 45.135284423828125 8 146.86294555664062 47.823532104492188 78 193.00059509277344 53.415184020996094 7 156.68670654296875 77.382087707519531 9 231.23318481445312 111.47962188720703 170 174.52796936035156 40.243492126464844 14 102.41751098632812 71.859291076660156 103 168.46540832519531 96.535842895507812 151 214.705810546875 97.038597106933594 12 164.26896667480469 102.42525482177734 11 164.26896667480469 102.42525482177734 163 187.76535034179688 71.374526977539062 29 179.96092224121094 94.285507202148438 22 175.3865966796875 95.479774475097656 2110 236.69865417480469 99.97174072265625 13 246.46772766113281 106.81900787353516 24 249.05856323242188 254.48533630371094 -1 116.78895568847656 4.0350532531738281 238 154.71783447265625 65.050224304199219 25 187.76535034179688 71.374526977539062 32 175.3865966796875 95.479774475097656 2111 249.05856323242188 254.48533630371094 -1 116.78895568847656 4.0350532531738281 236 168.43501281738281 58.472316741943359 420 169.81822204589844 62.856067657470703 18 154.71783447265625 65.050224304199219 90 107.4654541015625 105.36524963378906 40 160.37002563476562 52.239181518554688 181 229.71005249023438 124.69380950927734 27 229.71005249023438 124.69380950927734 33 252.8297119140625 241.95661926269531 2238 252.8297119140625 241.95661926269531 -1 252.8297119140625 241.95661926269531 2250 250.79144287109375 248.37504577636719 -1 101.86281585693359 35.394927978515625 116 172.49031066894531 60.278343200683594 117 165.57945251464844 72.09063720703125 -1 172.04447937011719 89.352447509765625 842 180.72634887695312 89.428733825683594 243 169.19236755371094 95.103431701660156 648 223.72943115234375 101.28176879882812 28 67.492652893066406 147.778076171875 -1 8.060791015625 208.98585510253906 -1 5.1285934448242188 212.11378479003906 -1 252.63766479492188 241.19094848632812 -1 142.4398193359375 118.59010314941406 -1 250.15103149414062 119.53890991210938 26 247.15574645996094 117.12575531005859 88 226.13835144042969 103.11430358886719 28 180.72634887695312 89.428733825683594 242 93.527412414550781 118.53614044189453 267 93.527412414550781 118.53614044189453 182 252.63766479492188 241.19094848632812 2238 79.450065612792969 136.11163330078125 350 252.63766479492188 241.19094848632812 2250 217.79928588867188 96.726882934570312 245 154.51515197753906 99.263328552246094 311 193.57913208007812 78.857582092285156 202 
64 0.98575374659001036 -0.053868518288273715 -0.084823317453055838 -0.13488046054726288 2.2446900309625812 -1.766738147100986 -1.3142837814703456 1 000062.png
127.30052947998047 110.13229370117188 -1 127.30052947998047 110.13229370117188 -1 144.152587890625 198.62815856933594 -1 201.03875732421875 76.2139892578125 1 120.38661956787109 86.258926391601562 98 155.33895874023438 152.03117370605469 -1 113.12472534179688 68.672477722167969 -1 113.77317810058594 23.784145355224609 2 98.548027038574219 30.877246856689453 246 202.95574951171875 61.190036773681641 -1 229.69697570800781 78.138313293457031 180 242.95509338378906 86.699836730957031 179 234.42652893066406 121.81191253662109 73 124.93953704833984 11.089383125305176 176 151.26759338378906 120.58355712890625 5 151.26759338378906 120.58355712890625 6 180.71435546875 44.65521240234375 8 104.11466979980469 11.257543563842773 427 146.27430725097656 47.612010955810547 78 192.99079895019531 53.48187255859375 7 156.641357421875 77.457695007324219 9 79.826812744140625 140.87165832519531 -1 231.36000061035156 111.32266235351562 170 174.35881042480469 40.168365478515625 14 102.57545471191406 71.761314392089844 103 168.44718933105469 96.569168090820312 151 214.61357116699219 96.94329833984375 12 164.30085754394531 102.31613159179688 11 109.59562683105469 129.67266845703125 234 138.55386352539062 180.96672058105469 -1 164.30085754394531 102.31613159179688 163 109.22695922851562 33.795154571533203 172 169.37028503417969 91.685722351074219 1495 179.97569274902344 94.335197448730469 22 175.37176513671875 95.450271606445312 2110 236.60157775878906 99.977409362792969 13 116.767822265625 4.0124025344848633 238 152.93247985839844 66.858589172363281 25 187.78570556640625 71.407272338867188 32 175.37176513671875 95.450271606445312 2111 116.767822265625 4.0124025344848633 236 135.38861083984375 38.364437103271484 -1 169.82270812988281 62.865604400634766 18 152.93247985839844 66.858589172363281 19 187.78570556640625 71.407272338867188 29 172.01382446289062 88.448722839355469 842 167.61076354980469 53.683376312255859 169 235.37765502929688 109.4637451171875 170 252.84754943847656 241.81803894042969 -1 160.47496032714844 52.277896881103516 181 196.95594787597656 73.510154724121094 -1 172.11111450195312 89.143180847167969 842 107.38787841796875 105.40108489990234 40 246.14842224121094 106.78449249267578 24 95.509185791015625 116.44451141357422 182 248.95330810546875 108.78408813476562 -1 249.78033447265625 119.42969512939453 88 95.509185791015625 116.44451141357422 267 229.89141845703125 125.17884063720703 33 252.84754943847656 241.81803894042969 -1 252.84754943847656 241.81803894042969 -1 229.89141845703125 125.17884063720703 27 102.3052978515625 61.1138916015625 -1 205.81045532226562 88.024734497070312 37 154.54513549804688 99.334266662597656 311 223.666748046875 101.15914154052734 28 154.32823181152344 102.84454345703125 311 36.169654846191406 179.54986572265625 -1 252.61819458007812 241.22767639160156 -1 133.5174560546875 183.09455871582031 294 231.9189453125 107.04741668701172 170 133.5174560546875 183.09455871582031 184 252.61819458007812 241.22767639160156 -1 172.50694274902344 60.292316436767578 117 27.201362609863281 185.1434326171875 -1 27.201362609863281 185.1434326171875 -1 252.61819458007812 241.22767639160156 -1 23.682548522949219 192.70271301269531 -1 
65 0.98673514591520795 -0.049594573044026827 -0.080949453977452651 -0.13168643073994507 2.1269437116085776 -1.7235156528421753 -1.2309159909133383 1 000066.png
127.27571868896484 110.19038391113281 -1 127.27571868896484 110.19038391113281 -1 144.26885986328125 198.60589599609375 -1 201.02877807617188 76.201927185058594 1 120.55451965332031 86.902137756347656 98 155.28387451171875 151.27853393554688 -1 113.76934814453125 23.802042007446289 2 110.63738250732422 63.403530120849609 190 98.598258972167969 30.922355651855469 246 219.47712707519531 109.54196929931641 178 233.33619689941406 122.19003295898438 73 219.47712707519531 109.54196929931641 177 242.94926452636719 86.700050354003906 179 207.43197631835938 98.378715515136719 -1 207.43197631835938 98.378715515136719 -1 102.80888366699219 89.844650268554688 -1 151.37191772460938 120.48307037353516 6 151.37191772460938 120.48307037353516 5 95.8702392578125 125.28610229492188 -1 104.19705963134766 12.274833679199219 427 181.1351318359375 45.492580413818359 8 145.97586059570312 47.397056579589844 78 193.01374816894531 53.469463348388672 7 156.62442016601562 77.424331665039062 9 152.2325439453125 103.77754974365234 57 95.8702392578125 125.28610229492188 -1 132.35122680664062 178.98658752441406 294 230.96101379394531 111.26826477050781 170 132.35122680664062 178.98658752441406 184 164.23536682128906 102.33185577392578 11 164.23536682128906 102.33185577392578 163 214.75621032714844 97.007484436035156 12 168.47329711914062 96.5655517578125 151 112.17947387695312 153.61032104492188 -1 105.67871856689453 96.763153076171875 361 111.53708648681641 146.68325805664062 403 109.18777465820312 33.827892303466797 172 246.39604187011719 106.8165283203125 24 247.80506896972656 235.62492370605469 -1 116.77384948730469 4.0035824775695801 238 187.81007385253906 71.374679565429688 32 175.29969787597656 95.38482666015625 2111 169.31251525878906 91.689491271972656 1495 116.77384948730469 4.0035824775695801 236 169.8260498046875 62.859596252441406 18 187.81007385253906 71.374679565429688 29 171.91416931152344 88.282974243164062 842 179.97447204589844 94.392677307128906 22 175.29969787597656 95.38482666015625 2110 236.72540283203125 100.12520599365234 13 249.84904479980469 119.5255126953125 26 27.33296012878418 184.99266052246094 -1 177.57069396972656 90.663818359375 243 27.33296012878418 184.99266052246094 -1 177.57069396972656 90.663818359375 -1 160.53486633300781 52.290512084960938 181 107.45865631103516 105.33827209472656 40 231.7843017578125 106.94084930419922 170 172.49545288085938 60.272117614746094 117 193.43319702148438 71.376632690429688 -1 203.43089294433594 86.311027526855469 37 205.87445068359375 88.114738464355469 37 226.59112548828125 103.43811798095703 28 91.051422119140625 120.99617004394531 -1 87.85943603515625 124.10639190673828 -1 154.35212707519531 102.88258361816406 311 84.411705017089844 127.43215942382812 2112 93.552131652832031 118.55104827880859 182 35.561775207519531 180.17076110839844 -1 223.88742065429688 101.48101043701172 28 154.51033020019531 99.378761291503906 311 221.14776611328125 99.227775573730469 245 235.49588012695312 109.41799163818359 170 169.14947509765625 95.135780334472656 648 93.552131652832031 118.55104827880859 267 91.051422119140625 120.99617004394531 267 252.50144958496094 241.03948974609375 -1 252.50144958496094 241.03948974609375 -1 17.876834869384766 198.51068115234375 -1 252.50144958496094 241.03948974609375 -1 157.26103210449219 102.27423858642578 240 56.487739562988281 158.95072937011719 276 142.41297912597656 125.24198913574219 293 67.285171508789062 147.99043273925781 304 64.937698364257812 150.31304931640625 -1 
66 0.98616905279363454 -0.051465131108470646 -0.08252291564412699 -0.13420844975516952 2.1769334348823386 -1.7594581237930544 -1.2583545567795231 1 000065.png
127.21272277832031 110.15380096435547 -1 127.21272277832031 110.15380096435547 -1 144.26083374023438 198.7152099609375 -1 201.05018615722656 76.241363525390625 1 120.45500183105469 86.608177185058594 98 155.31231689453125 152.50544738769531 -1 113.77896118164062 23.805450439453125 2 112.3255615234375 66.933502197265625 190 98.420890808105469 30.592195510864258 246 219.89433288574219 109.739013671875 178 233.34506225585938 122.02645111083984 73 219.89433288574219 109.739013671875 177 243.10340881347656 86.722892761230469 179 124.80750274658203 10.901808738708496 176 151.38615417480469 120.34127807617188 6 151.38615417480469 120.34127807617188 5 230.02900695800781 78.196037292480469 180 231.03639221191406 111.35345458984375 170 152.07575988769531 103.7852783203125 57 104.11543273925781 11.856310844421387 427 181.18312072753906 45.456085205078125 8 146.42988586425781 47.503520965576172 78 193.07373046875 53.511600494384766 7 156.65596008300781 77.429603576660156 9 148.81887817382812 161.35130310058594 -1 174.36039733886719 40.270896911621094 14 247.51141357421875 234.72933959960938 2686 164.1859130859375 102.36750030517578 11 214.6334228515625 96.969940185546875 12 132.85914611816406 180.72102355957031 294 168.43302917480469 96.62982177734375 151 227.67631530761719 94.166313171386719 10 132.85914611816406 180.72102355957031 184 164.1859130859375 102.36750030517578 163 102.51284027099609 72.079444885253906 103 109.18881225585938 33.780647277832031 172 236.67803955078125 99.88531494140625 13 253.05604553222656 242.81834411621094 -1 249.10137939453125 254.82958984375 -1 116.7921142578125 4.0267353057861328 238 246.51010131835938 106.81174468994141 24 154.80807495117188 65.080696105957031 25 187.85618591308594 71.431243896484375 32 175.37507629394531 95.444984436035156 2111 253.05604553222656 242.81834411621094 2250 253.05604553222656 242.81834411621094 -1 249.10137939453125 254.82958984375 -1 116.7921142578125 4.0267353057861328 236 169.80953979492188 62.87506103515625 18 154.80807495117188 65.080696105957031 90 187.85618591308594 71.431243896484375 29 171.95883178710938 88.348655700683594 842 169.32553100585938 91.691055297851562 1495 179.99664306640625 94.34381103515625 22 175.37507629394531 95.444984436035156 2110 60.060497283935547 151.60862731933594 -1 205.28652954101562 87.794601440429688 -1 235.66471862792969 109.73995971679688 170 60.060497283935547 151.60862731933594 -1 107.47776794433594 105.28705596923828 40 231.79803466796875 106.92467498779297 170 160.52766418457031 52.318561553955078 181 205.28652954101562 87.794601440429688 -1 95.462043762207031 116.48426055908203 267 252.90420532226562 241.97024536132812 2250 252.90420532226562 241.97024536132812 -1 95.462043762207031 116.48426055908203 182 141.93232727050781 118.6092529296875 -1 252.90420532226562 241.97024536132812 2238 250.44302368164062 119.66260528564453 26 252.60433959960938 241.05841064453125 -1 36.189239501953125 179.736328125 -1 47.834938049316406 167.79864501953125 -1 172.51736450195312 60.313098907470703 117 83.411262512207031 132.12486267089844 -1 81.974594116210938 129.85360717773438 2112 93.543624877929688 118.55205535888672 267 223.63800048828125 101.21617889404297 28 252.60433959960938 241.05841064453125 2238 192.63125610351562 78.540878295898438 202 154.59913635253906 99.268600463867188 311 154.17448425292969 102.90097808837891 311 102.6947021484375 109.57076263427734 224 100.04138946533203 112.21537780761719 -1 93.543624877929688 118.55205535888672 182 53.053192138671875 162.42852783203125 -1 24.573713302612305 191.98463439941406 -1 252.60433959960938 241.05841064453125 2250 180.73719787597656 89.444969177246094 242 80.604949951171875 134.78713989257812 350 180.73719787597656 89.444969177246094 243 14.935925483703613 201.503662109375 -1 
67 0.99063717980092114 -0.035242455659929055 -0.065882989261826522 -0.11426013758551776 1.5983835810645026 -1.5371547491181048 -0.96863815545924969 1 000067.png
132.01560974121094 111.65731048583984 -1 132.01560974121094 111.65731048583984 -1 144.904296875 197.96389770507812 -1 201.64334106445312 76.654853820800781 1 120.46549987792969 86.678504943847656 98 155.55268859863281 152.49951171875 -1 233.56105041503906 127.06874847412109 73 113.90174865722656 23.911073684692383 2 111.16529846191406 64.602310180664062 190 233.56105041503906 127.06874847412109 -1 97.815292358398438 29.335641860961914 246 221.58908081054688 111.83486175537109 178 221.58908081054688 111.83486175537109 177 231.9285888671875 80.054206848144531 180 245.11956787109375 88.217613220214844 179 131.10076904296875 174.43838500976562 -1 151.31304931640625 120.45531463623047 5 165.49113464355469 56.40570068359375 169 248.32325744628906 230.31178283691406 -1 151.31304931640625 120.45531463623047 6 14.101892471313477 204.41397094726562 -1 248.32325744628906 230.31178283691406 -1 45.078521728515625 174.3699951171875 -1 156.67393493652344 77.471229553222656 9 157.99114990234375 57.334541320800781 2177 181.20115661621094 45.501243591308594 8 146.5220947265625 47.674892425537109 78 192.70359802246094 53.277664184570312 7 151.94139099121094 103.81660461425781 57 189.74447631835938 80.665840148925781 196 157.99114990234375 57.334541320800781 643 104.97480773925781 13.784688949584961 427 174.54975891113281 40.334949493408203 14 248.91944885253906 109.90207672119141 24 239.09341430664062 102.79376983642578 13 251.69107055664062 248.47161865234375 -1 164.22918701171875 102.36637115478516 11 230.00303649902344 96.917732238769531 10 168.50689697265625 96.601127624511719 151 164.22918701171875 102.36637115478516 163 251.69107055664062 248.47161865234375 -1 246.06124877929688 238.48196411132812 -1 102.86024475097656 71.713241577148438 103 100.56155395507812 4.1260490417480469 -1 175.283203125 95.463027954101562 2110 179.96174621582031 94.435386657714844 22 169.36576843261719 91.7423095703125 1495 155.22831726074219 64.653617858886719 19 169.85697937011719 62.868839263916016 18 163.48014831542969 53.460769653320312 181 188.29937744140625 71.481422424316406 29 100.56155395507812 4.1260490417480469 -1 163.48014831542969 53.460769653320312 164 155.22831726074219 64.653617858886719 25 188.29937744140625 71.481422424316406 68 188.29937744140625 71.481422424316406 32 175.283203125 95.463027954101562 2111 7.5208559036254883 205.00714111328125 -1 70.955474853515625 207.041748046875 -1 133.06312561035156 182.06979370117188 -1 113.36244201660156 2.7770750522613525 204 113.36244201660156 2.7770750522613525 227 165.42100524902344 46.758411407470703 -1 207.80973815917969 90.115409851074219 37 107.42568969726562 105.63813781738281 40 236.17594909667969 130.82391357421875 2174 70.955474853515625 207.041748046875 -1 70.955474853515625 207.041748046875 -1 232.83990478515625 109.43733978271484 170 237.2396240234375 112.60324096679688 170 251.43997192382812 122.93701934814453 26 231.28643798828125 127.96436309814453 27 236.17594909667969 130.82391357421875 325 80.762184143066406 198.67869567871094 -1 133.06312561035156 182.06979370117188 -1 60.495334625244141 145.54934692382812 316 130.66964721679688 34.053707122802734 -1 105.07518768310547 7.1082215309143066 166 39.306705474853516 173.15927124023438 -1 29.028753280639648 183.51722717285156 -1 21.625358581542969 190.32496643066406 -1 146.93551635742188 105.79843902587891 -1 234.99739074707031 114.91600799560547 -1 154.29731750488281 102.58950805664062 311 75.914215087890625 138.0311279296875 349 228.01029968261719 105.77504730224609 28 222.48272705078125 101.17282867431641 245 154.51588439941406 99.269638061523438 311 169.19029235839844 95.080848693847656 648 221.50875854492188 92.121940612792969 -1 171.98956298828125 89.38336181640625 842 207.58975219726562 81.394386291503906 -1 172.66998291015625 60.266731262207031 117 181.8382568359375 97.062652587890625 -1 181.8382568359375 97.062652587890625 168 
68 0.99746037530715337 0.014642133910361449 -0.013584555967373832 -0.06836568909791689 0.020384044989681344 -1.0880993258684037 0.1247180097350189 1 000069.png
123.04039001464844 110.76895904541016 -1 123.04039001464844 110.76895904541016 -1 143.26628112792969 195.74307250976562 -1 201.93212890625 77.822479248046875 1 120.50212097167969 86.535049438476562 98 155.70880126953125 152.92918395996094 -1 218.48884582519531 118.98461151123047 148 113.71389007568359 24.118085861206055 2 111.39194488525391 65.700439453125 190 218.48884582519531 118.98461151123047 4 109.24246978759766 61.679702758789062 76 97.829841613769531 28.778144836425781 3 233.91371154785156 132.68788146972656 73 202.14923095703125 61.038959503173828 48 240.57353210449219 231.58343505859375 -1 146.57330322265625 48.237068176269531 78 151.39964294433594 120.27908325195312 5 151.39964294433594 120.27908325195312 6 146.57330322265625 48.237068176269531 -1 181.19512939453125 45.153068542480469 8 192.6688232421875 53.273422241210938 7 165.71334838867188 58.375186920166016 2345 156.62492370605469 77.652801513671875 9 118.65976715087891 161.26287841796875 184 118.65976715087891 161.26287841796875 231 156.62492370605469 77.652801513671875 -1 151.89749145507812 103.79021453857422 57 105.68806457519531 13.040543556213379 427 174.50633239746094 40.126392364501953 14 148.2042236328125 70.739181518554688 408 168.5167236328125 96.621971130371094 151 217.25639343261719 105.26631164550781 12 239.17074584960938 110.09721374511719 13 237.59346008300781 114.85309600830078 -1 164.44300842285156 102.5784912109375 11 148.2042236328125 70.739181518554688 92 105.68806457519531 13.040543556213379 250 171.48826599121094 87.656326293945312 842 241.16136169433594 123.31429290771484 83 175.12086486816406 95.418785095214844 2111 169.87419128417969 62.847240447998047 18 169.2259521484375 91.784507751464844 1495 179.89334106445312 94.498054504394531 22 175.12086486816406 95.418785095214844 2110 144.28675842285156 98.159309387207031 152 230.38339233398438 104.04501342773438 10 109.39865875244141 102.41944122314453 40 251.16815185546875 131.17491149902344 -1 237.43341064453125 119.59909820556641 170 187.00523376464844 71.656936645507812 29 187.00523376464844 71.656936645507812 68 187.00523376464844 71.656936645507812 32 169.62461853027344 40.280029296875 34 172.69978332519531 60.262172698974609 117 30.890714645385742 175.37884521484375 -1 84.045036315917969 126.04527282714844 2112 2.8406250476837158 199.98011779785156 -1 252.48634338378906 237.31156921386719 -1 246.7015380859375 252.38626098632812 -1 237.10176086425781 244.17529296875 -1 154.18527221679688 102.84795379638672 311 225.95481872558594 109.95455169677734 28 233.41293334960938 116.42587280273438 170 142.46112060546875 118.35504913330078 293 89.631851196289062 121.130126953125 -1 154.48312377929688 99.233222961425781 311 209.13565063476562 94.965957641601562 67 169.2493896484375 95.271987915039062 648 206.85989379882812 92.820724487304688 37 172.02436828613281 89.373779296875 842 166.16238403320312 89.263671875 36 196.10856628417969 75.820854187011719 -1 172.69978332519531 60.262172698974609 420 166.16238403320312 89.263671875 1495 166.16238403320312 89.263671875 1495 16.636043548583984 187.79421997070312 -1 241.86405944824219 113.87545776367188 160 4.8231329917907715 198.05987548828125 -1 6.8414993286132812 196.36614990234375 -1 223.228271484375 107.19895172119141 245 
69 0.98683504461549332 -0.04925270109064455 -0.080879083124906229 -0.13110812357320784 2.0999583313232066 -1.7126432295672327 -1.2303974319321243 1 000064.png
126.95285797119141 110.06098175048828 -1 126.95285797119141 110.06098175048828 -1 144.22836303710938 198.61045837402344 -1 201.06547546386719 76.237518310546875 1 120.46565246582031 86.647842407226562 98 155.16215515136719 150.82504272460938 -1 113.75653076171875 23.791120529174805 2 110.24665832519531 62.467281341552734 190 98.459640502929688 30.629508972167969 246 233.41172790527344 122.07150268554688 73 243.13650512695312 86.794639587402344 179 229.9107666015625 78.357742309570312 180 124.92676544189453 11.055288314819336 176 189.93373107910156 62.276824951171875 -1 151.3394775390625 120.52223968505859 5 117.93531799316406 170.49995422363281 -1 117.93531799316406 170.49995422363281 -1 117.93531799316406 170.49995422363281 -1 151.3394775390625 120.52223968505859 6 188.57156372070312 79.822990417480469 196 71.745010375976562 148.75251770019531 -1 104.20764923095703 12.255704879760742 427 230.971923828125 111.11992645263672 170 181.16813659667969 45.415859222412109 8 146.72114562988281 47.854602813720703 78 192.90315246582031 53.389110565185547 7 156.67112731933594 77.394279479980469 9 168.46278381347656 96.552742004394531 151 164.34310913085938 102.33892822265625 11 109.61420440673828 129.77394104003906 234 110.58901977539062 137.49037170410156 -1 102.36432647705078 71.610298156738281 103 214.3636474609375 97.3922119140625 12 164.34310913085938 102.33892822265625 163 247.63133239746094 234.71461486816406 -1 138.33383178710938 181.13851928710938 -1 187.88558959960938 71.473098754882812 29 171.9259033203125 88.2481689453125 842 252.72560119628906 90.378997802734375 -1 169.35369873046875 91.708892822265625 1495 179.97006225585938 94.387374877929688 22 175.38011169433594 95.45355224609375 2110 253.10067749023438 242.9644775390625 -1 116.78779602050781 3.9575390815734863 238 155.34161376953125 64.5650634765625 25 152.03929138183594 67.748283386230469 138 187.88558959960938 71.473098754882812 68 187.88558959960938 71.473098754882812 32 175.38011169433594 95.45355224609375 2111 253.10067749023438 242.9644775390625 -1 116.78779602050781 3.9575390815734863 236 174.14979553222656 39.701812744140625 14 168.41764831542969 58.479885101318359 420 169.81782531738281 62.872699737548828 18 155.34161376953125 64.5650634765625 90 152.03929138183594 67.748283386230469 -1 232.07029724121094 107.04766082763672 170 246.54928588867188 106.99784851074219 24 227.58004760742188 104.35922241210938 28 160.50146484375 52.331249237060547 181 146.97605895996094 81.531974792480469 302 235.58381652832031 109.51418304443359 170 34.716476440429688 177.39787292480469 -1 27.28802490234375 185.09190368652344 -1 250.23257446289062 119.70496368408203 26 34.716476440429688 177.39787292480469 -1 27.28802490234375 185.09190368652344 -1 5.0865964889526367 212.31990051269531 -1 154.51620483398438 99.293075561523438 311 223.8953857421875 101.37867736816406 28 154.43754577636719 102.66738891601562 311 107.55127716064453 105.17974853515625 40 90.889869689941406 121.15164184570312 -1 43.359317779541016 172.33845520019531 -1 39.273227691650391 176.593505859375 -1 14.994156837463379 201.68597412109375 -1 8.9475612640380859 207.83047485351562 -1 133.384033203125 183.08660888671875 294 78.265762329101562 137.37666320800781 350 82.927871704101562 132.49282836914062 183 85.75927734375 129.68148803710938 -1 172.04537963867188 89.348648071289062 842 180.72885131835938 89.42578125 242 90.889869689941406 121.15164184570312 267 133.384033203125 183.08660888671875 184 167.49198913574219 54.051082611083984 169 172.50799560546875 60.274738311767578 117 201.97978210449219 85.507270812988281 147 246.62800598144531 116.82632446289062 88 204.97465515136719 87.483222961425781 37 113.45335388183594 2.636878490447998 204 180.72885131835938 89.42578125 243 169.16719055175781 95.088951110839844 648 113.45335388183594 2.636878490447998 227 67.6619873046875 147.72235107421875 -1 53.371742248535156 161.9471435546875 -1 88.290206909179688 127.08657073974609 -1 61.891868591308594 153.2147216796875 -1 
70 0.99543814748892745 -0.017195015328920309 -0.042638853602224511 -0.083601161087263176 0.71558643635878305 -1.4784407746188732 -0.56379175275334226 1 000068.png
136.12223815917969 111.68669128417969 45 136.12223815917969 111.68669128417969 46 143.6358642578125 196.228271484375 -1 203.46449279785156 78.062675476074219 1 120.53793334960938 86.800148010253906 98 155.5003662109375 152.31355285644531 -1 113.77252197265625 24.050271987915039 2 97.676277160644531 28.541681289672852 3 221.52072143554688 116.12509155273438 4 242.5960693359375 230.02558898925781 -1 146.30670166015625 47.800128936767578 78 106.94380187988281 57.811546325683594 76 151.35064697265625 120.48451995849609 5 151.35064697265625 120.48451995849609 6 192.62574768066406 53.232357025146484 7 181.10296630859375 45.041877746582031 8 156.61239624023438 77.572463989257812 9 165.78765869140625 57.606712341308594 2345 244.10404968261719 242.29537963867188 -1 244.10404968261719 242.29537963867188 -1 168.47529602050781 96.620559692382812 151 230.38729858398438 101.522216796875 10 164.33613586425781 102.63641357421875 11 151.82470703125 103.81923675537109 57 216.78572082519531 103.47048950195312 12 238.88055419921875 107.68412017822266 13 243.99467468261719 250.59185791015625 -1 174.52452087402344 40.077594757080078 14 243.99467468261719 250.59185791015625 -1 164.33613586425781 102.63641357421875 163 105.71228790283203 12.952499389648438 427 105.71228790283203 12.952499389648438 250 175.2005615234375 95.426567077636719 2111 164.82861328125 55.312816619873047 164 169.88946533203125 62.847515106201172 18 154.97264099121094 64.959815979003906 19 171.5281982421875 87.915367126464844 842 169.21183776855469 91.739120483398438 1495 179.90458679199219 94.46331787109375 22 175.2005615234375 95.426567077636719 2110 248.45054626464844 115.75034332275391 24 164.82861328125 55.312816619873047 -1 154.97264099121094 64.959815979003906 25 99.512367248535156 112.08670043945312 -1 252.56887817382812 130.10212707519531 26 230.38929748535156 132.29283142089844 27 225.71578979492188 108.04115295410156 28 187.28910827636719 71.445755004882812 29 233.04759216308594 114.1427001953125 170 233.55012512207031 129.6805419921875 31 99.512367248535156 112.08670043945312 -1 187.28910827636719 71.445755004882812 32 230.38929748535156 132.29283142089844 33 169.58251953125 40.124649047851562 34 195.94471740722656 56.69805908203125 35 165.88212585449219 58.066192626953125 -1 172.67778015136719 60.235111236572266 117 166.20219421386719 89.158103942871094 36 172.01055908203125 89.380203247070312 842 205.057861328125 90.333084106445312 37 97.393783569335938 113.99759674072266 38 236.84333801269531 117.04084014892578 170 142.19349670410156 120.54537200927734 293 20.9432373046875 184.99415588378906 -1 14.71757698059082 190.55227661132812 -1 3.4135932922363281 200.90151977539062 -1 252.94172668457031 233.85704040527344 -1 228.50241088867188 110.48287963867188 28 107.56179046630859 105.61395263671875 40 222.1529541015625 104.61806488037109 245 154.56706237792969 99.295433044433594 311 113.63599395751953 2.1065258979797363 227 105.71537780761719 6.7970919609069824 -1 142.41712951660156 80.533103942871094 -1 165.88212585449219 58.066192626953125 -1 172.67778015136719 60.235111236572266 420 166.20219421386719 89.158103942871094 1495 113.63599395751953 2.1065258979797363 204 97.393783569335938 113.99759674072266 44 105.71537780761719 6.7970919609069824 166 108.86868286132812 35.361320495605469 172 249.08779907226562 237.48858642578125 -1 238.9686279296875 243.43702697753906 -1 108.86868286132812 35.361320495605469 199 46.639804840087891 161.71659851074219 -1 220.00531005859375 102.85569763183594 245 
71 0.99737050156347462 0.057113464118652216 0.027395782371724582 -0.035208037940670046 -1.1954528339680379 -0.63494166356752491 1.0449163262150325 1 000071.png
130.96452331542969 110.99538421630859 45 130.96452331542969 110.99538421630859 46 140.41482543945312 196.20918273925781 -1 202.54962158203125 81.065628051757812 1 120.61233520507812 87.708854675292969 98 155.88597106933594 154.13655090332031 -1 15.21333122253418 32.715824127197266 -1 113.54212188720703 24.164981842041016 2 110.7545166015625 64.429046630859375 190 97.875228881835938 28.916015625 3 108.96041107177734 60.986202239990234 76 201.80479431152344 62.054397583007812 48 218.64976501464844 125.42519378662109 4 167.10832214355469 79.676925659179688 49 242.60475158691406 87.328475952148438 -1 245.92402648925781 147.71995544433594 74 233.5267333984375 234.9017333984375 -1 231.13346862792969 139.99906921386719 73 167.10832214355469 79.676925659179688 52 147.05328369140625 48.365348815917969 78 124.52687835693359 10.670135498046875 176 191.2718505859375 53.029464721679688 7 106.84815979003906 57.413074493408203 76 156.84634399414062 57.173770904541016 643 151.45329284667969 120.06067657470703 5 87.321197509765625 135.9805908203125 -1 151.45329284667969 120.06067657470703 6 122.99831390380859 8.4831809997558594 176 181.25981140136719 45.351486206054688 8 156.6947021484375 77.674385070800781 9 234.01179504394531 246.5340576171875 -1 234.01179504394531 246.5340576171875 -1 122.99831390380859 8.4831809997558594 56 237.55641174316406 118.27184295654297 13 110.57345581054688 138.48202514648438 -1 171.52003479003906 87.584266662597656 842 174.74745178222656 95.2061767578125 2111 174.74745178222656 95.2061767578125 2110 151.72648620605469 103.90203857421875 57 215.93411254882812 112.76139068603516 432 105.53539276123047 13.334716796875 250 174.30508422851562 39.879684448242188 14 105.53539276123047 13.334716796875 427 229.62727355957031 245.24574279785156 -1 229.62727355957031 245.24574279785156 -1 168.4678955078125 53.287002563476562 169 169.81312561035156 62.945026397705078 18 169.10891723632812 91.786643981933594 1495 179.87680053710938 94.461227416992188 22 229.11163330078125 111.78369140625 10 245.91664123535156 126.52346801757812 24 108.67060852050781 5.5409994125366211 204 108.67060852050781 5.5409994125366211 227 143.48512268066406 108.00511169433594 -1 239.57621765136719 131.22535705566406 83 247.52008056640625 138.62178039550781 88 227.88104248046875 141.58067321777344 27 227.88104248046875 141.58067321777344 33 252.51765441894531 142.41009521484375 -1 113.57024383544922 1.837654709815979 227 169.69169616699219 40.332576751708984 34 109.08990478515625 41.9534912109375 324 195.72581481933594 57.009681701660156 35 187.33503723144531 73.518821716308594 63 184.01666259765625 73.927085876464844 29 133.40412902832031 183.41815185546875 -1 244.35670471191406 241.1602783203125 -1 166.13833618164062 89.280532836914062 36 52.439922332763672 155.0482177734375 -1 114.39700317382812 160.9945068359375 -1 154.4888916015625 99.202751159667969 311 184.01666259765625 73.927085876464844 32 2.942683219909668 196.14836120605469 -1 244.35670471191406 241.1602783203125 -1 229.59864807128906 246.84596252441406 -1 97.464927673339844 118.63578033447266 38 94.319503784179688 121.02106475830078 182 142.21064758300781 120.34589385986328 293 91.736312866210938 123.11277770996094 65 235.06521606445312 127.14301300048828 170 79.722526550292969 132.77745056152344 183 73.000144958496094 138.13870239257812 -1 70.853256225585938 139.8206787109375 -1 225.01637268066406 117.52481842041016 28 219.92361450195312 112.27458953857422 245 222.13919067382812 106.11180114746094 245 211.076171875 103.86661529541016 67 154.11692810058594 102.75588226318359 311 206.16581726074219 99.153053283691406 37 113.57024383544922 1.837654709815979 204 109.08990478515625 41.9534912109375 -1 3.2170343399047852 199.18771362304688 -1 184.01666259765625 73.927085876464844 68 97.464927673339844 118.63578033447266 44 79.722526550292969 132.77745056152344 254 73.000144958496094 138.13870239257812 -1 70.853256225585938 139.8206787109375 -1 52.439922332763672 155.0482177734375 -1 114.39700317382812 160.9945068359375 -1 133.40412902832031 183.41815185546875 -1 194.27342224121094 87.219291687011719 202 29.940629959106445 176.96260070800781 -1 185.99368286132812 79.263145446777344 -1 142.70960998535156 117.98384857177734 293 145.17329406738281 118.31324768066406 578 
72 0.99781331417696362 0.043178338490360714 0.015227169868637133 -0.047669218938298959 -0.81894112753857362 -0.74662396916680407 0.72741933798622083 1 000070.png
131.12725830078125 111.43218994140625 45 131.12725830078125 111.43218994140625 46 141.60281372070312 195.64585876464844 -1 203.04428100585938 79.837692260742188 1 5.1047420501708984 25.166923522949219 -1 120.54872131347656 87.092643737792969 98 155.99508666992188 153.5318603515625 -1 113.60719299316406 24.152841567993164 2 110.86028289794922 64.624351501464844 190 217.68020629882812 122.46804046630859 4 217.68020629882812 122.46804046630859 148 97.880607604980469 28.991626739501953 3 232.89671325683594 136.37237548828125 73 201.37388610839844 60.647865295410156 48 167.28134155273438 79.582069396972656 49 236.68730163574219 233.53567504882812 -1 167.28134155273438 79.582069396972656 52 151.15524291992188 120.98638153076172 5 62.056720733642578 154.86053466796875 -1 147.07101440429688 48.453533172607422 -1 151.15524291992188 120.98638153076172 6 242.47395324707031 85.727073669433594 -1 147.07101440429688 48.453533172607422 78 192.08030700683594 53.160427093505859 7 156.63259887695312 77.73394775390625 9 237.63406372070312 245.27699279785156 -1 237.63406372070312 245.27699279785156 -1 122.58390045166016 7.9039568901062012 176 174.58319091796875 40.153205871582031 14 180.89073181152344 44.684410095214844 8 151.70231628417969 103.79405975341797 57 164.29820251464844 102.76139831542969 11 217.14761352539062 109.3388671875 12 149.02676391601562 70.084396362304688 408 122.58390045166016 7.9039568901062012 56 103.39027404785156 81.164436340332031 103 149.02676391601562 70.084396362304688 92 163.93992614746094 62.215171813964844 -1 171.50917053222656 87.529762268066406 842 105.45537567138672 13.731204032897949 427 238.93513488769531 114.72982025146484 13 247.68801879882812 122.56997680664062 24 232.80409240722656 244.15484619140625 -1 229.79095458984375 249.347412109375 -1 169.30609130859375 46.606842041015625 -1 169.30609130859375 46.606842041015625 106 168.02552795410156 58.665840148925781 2345 232.80409240722656 244.15484619140625 -1 229.79095458984375 249.347412109375 -1 168.67547607421875 54.073802947998047 169 168.02552795410156 58.665840148925781 420 169.79132080078125 62.857688903808594 18 169.34394836425781 91.824356079101562 1495 179.82009887695312 94.556602478027344 22 230.18502807617188 107.87735748291016 10 232.78890991210938 251.46762084960938 -1 108.36851501464844 5.022007942199707 227 186.09159851074219 72.448715209960938 29 249.66598510742188 135.10475158691406 -1 160.39686584472656 60.019969940185547 -1 108.36851501464844 5.022007942199707 204 186.09159851074219 72.448715209960938 32 186.09159851074219 72.448715209960938 68 232.78890991210938 251.46762084960938 -1 160.39686584472656 60.019969940185547 90 172.52229309082031 60.277584075927734 420 34.045570373535156 172.42247009277344 -1 3.5468442440032959 198.12200927734375 -1 251.87030029296875 232.94940185546875 -1 248.418212890625 235.91972351074219 -1 247.95574951171875 239.62399291992188 -1 40.077037811279297 163.78302001953125 -1 228.59017944335938 116.31584167480469 28 102.09913635253906 112.28860473632812 224 216.75491333007812 105.22135162353516 133 209.6273193359375 98.189048767089844 67 207.18345642089844 95.828506469726562 37 183.05360412597656 94.541961669921875 -1 200.81155395507812 89.939620971679688 147 202.97245788574219 83.8681640625 249 113.46068572998047 2.0284967422485352 204 113.46068572998047 2.0284967422485352 227 103.92816162109375 17.968469619750977 427 167.13150024414062 41.69354248046875 688 78.904914855957031 131.35433959960938 254 76.13629150390625 133.56431579589844 -1 68.024688720703125 140.15150451660156 -1 103.92816162109375 17.968469619750977 250 102.09746551513672 35.629295349121094 116 40.077037811279297 163.78302001953125 -1 169.6434326171875 40.064579010009766 34 78.904914855957031 131.35433959960938 183 76.13629150390625 133.56431579589844 -1 196.0238037109375 56.723751068115234 35 68.024688720703125 140.15150451660156 -1 172.52229309082031 60.277584075927734 117 
73 0.9919488143262859 0.10097269715135621 0.076176621329501246 0.0062599160919435196 -2.5910417121170606 -0.4622300114275863 2.2094710002723259 1 000074.png
138.03497314453125 109.07720184326172 120 138.03497314453125 109.07720184326172 121 136.62109375 198.37588500976562 -1 202.12394714355469 83.18377685546875 1 96.067665100097656 26.298194885253906 3 113.47404479980469 24.162744522094727 2 202.35108947753906 63.154300689697266 48 166.64971923828125 79.9381103515625 49 241.37799072265625 156.38929748535156 74 166.64971923828125 79.9381103515625 52 226.2139892578125 147.73458862304688 73 131.61093139648438 177.20632934570312 -1 131.61093139648438 177.20632934570312 -1 171.21061706542969 51.795619964599609 75 124.89089965820312 11.137764930725098 176 189.90058898925781 52.484569549560547 313 157.21258544921875 57.303638458251953 643 233.5550537109375 80.668930053710938 122 188.3140869140625 99.666946411132812 -1 210.40499877929688 122.43448638916016 432 67.644035339355469 160.45112609863281 451 119.48304748535156 161.61447143554688 -1 226.79908752441406 238.22415161132812 -1 122.65255737304688 7.9954032897949219 176 88.643951416015625 142.27291870117188 -1 56.736370086669922 168.34266662597656 -1 156.66195678710938 77.691444396972656 9 122.65255737304688 7.9954032897949219 56 187.52178955078125 97.692306518554688 -1 105.38675689697266 13.48887825012207 427 180.82156372070312 82.163322448730469 -1 171.59646606445312 87.664009094238281 842 174.65620422363281 95.210807800292969 2111 151.76579284667969 103.77117919921875 57 5.635444164276123 208.52143859863281 -1 180.77168273925781 44.658332824707031 8 226.84751892089844 249.23068237304688 -1 226.84751892089844 249.23068237304688 -1 174.65620422363281 95.210807800292969 2110 105.38675689697266 13.48887825012207 250 165.46275329589844 46.951686859130859 106 168.34783935546875 53.214176177978516 169 169.83888244628906 62.957405090332031 18 169.21788024902344 91.827522277832031 1495 179.81065368652344 94.54888916015625 506 224.79925537109375 120.62146759033203 10 232.31439208984375 127.50540161132812 13 100.70520782470703 4.3380765914916992 126 169.83888244628906 62.957405090332031 80 179.81065368652344 94.54888916015625 -1 100.70520782470703 4.3380765914916992 -1 174.03546142578125 39.680248260498047 14 143.78672790527344 106.3892822265625 137 242.06170654296875 147.08216857910156 88 222.99790954589844 149.01103210449219 27 222.99790954589844 149.01103210449219 33 104.2889404296875 79.489639282226562 103 151.46629333496094 75.585372924804688 -1 151.46629333496094 75.585372924804688 446 108.81862640380859 5.3699479103088379 227 107.29447937011719 22.611557006835938 93 169.63632202148438 39.992782592773438 34 179.65351867675781 80.113388061523438 68 172.03929138183594 89.412849426269531 842 199.47895812988281 96.290687561035156 147 199.07954406738281 103.52362060546875 37 54.582862854003906 161.85968017578125 -1 234.03521728515625 139.32051086425781 83 46.727581024169922 168.38165283203125 -1 32.755836486816406 180.09873962402344 -1 31.660968780517578 183.98715209960938 -1 19.906982421875 190.87017822265625 -1 17.662921905517578 192.60589599609375 -1 13.912810325622559 195.490478515625 -1 244.43667602539062 234.51278686523438 -1 71.2454833984375 148.08990478515625 -1 230.62907409667969 135.72807312011719 170 227.66242980957031 132.58726501464844 170 142.15809631347656 120.2528076171875 293 218.14654541015625 115.1341552734375 245 146.9013671875 105.82164001464844 137 108.81862640380859 5.3699479103088379 204 71.2454833984375 148.08990478515625 -1 195.79310607910156 56.977558135986328 35 46.727581024169922 168.38165283203125 -1 32.755836486816406 180.09873962402344 -1 19.906982421875 190.87017822265625 -1 17.662921905517578 192.60589599609375 -1 13.912810325622559 195.490478515625 -1 244.43667602539062 234.51278686523438 -1 54.582862854003906 161.85968017578125 -1 212.24346923828125 117.07180786132812 12 113.67908477783203 1.7886397838592529 -1 246.95265197753906 235.2890625 -1 5.3835034370422363 205.376953125 -1 222.84046936035156 253.90528869628906 -1 113.67908477783203 1.7886397838592529 1016 222.84046936035156 253.90528869628906 -1 
74 0.99624638594798609 0.070840705542242172 0.042423797181008492 -0.025979883691007854 -1.5838850975695118 -0.56091204762238311 1.4140427464745275 1 000072.png
129.93647766113281 110.69745635986328 45 129.93647766113281 110.69745635986328 46 138.94708251953125 197.13420104980469 -1 202.4068603515625 81.722076416015625 1 113.53865051269531 24.1468505859375 2 16.392814636230469 34.560791015625 -1 111.36424255371094 65.910324096679688 190 98.009834289550781 29.257715225219727 3 201.90934753417969 62.288482666015625 48 218.23529052734375 126.73200225830078 4 167.00483703613281 79.640830993652344 49 245.38679504394531 149.56549072265625 74 231.91081237792969 235.69906616210938 -1 230.00253295898438 141.52041625976562 73 167.00483703613281 79.640830993652344 52 124.66785430908203 10.839116096496582 176 171.33673095703125 51.741855621337891 75 190.72077941894531 52.794551849365234 7 151.34315490722656 120.33309936523438 5 151.34315490722656 120.33309936523438 6 151.87997436523438 103.79720306396484 57 162.94093322753906 51.090435028076172 -1 159.11457824707031 57.748424530029297 90 156.65939331054688 77.629806518554688 9 123.02700805664062 8.5217113494873047 176 159.11457824707031 57.748424530029297 643 123.02700805664062 8.5217113494873047 56 164.32760620117188 102.72954559326172 11 228.67221069335938 113.67207336425781 10 215.626953125 114.421630859375 432 180.88627624511719 44.771373748779297 8 174.76588439941406 95.243843078613281 2111 102.51577758789062 71.917701721191406 104 171.49093627929688 87.5472412109375 842 174.76588439941406 95.243843078613281 2110 149.92127990722656 69.552841186523438 138 149.92127990722656 69.552841186523438 408 149.92127990722656 69.552841186523438 92 105.48208618164062 13.43681526184082 427 105.48208618164062 13.43681526184082 250 174.15031433105469 39.765907287597656 14 228.348876953125 245.64678955078125 -1 168.04049682617188 53.051219940185547 169 169.8311767578125 62.935737609863281 18 155.49388122558594 64.129348754882812 19 145.24288940429688 89.795303344726562 -1 169.20359802246094 91.815887451171875 1495 179.86090087890625 94.526466369628906 22 236.18598937988281 120.47451782226562 13 244.90837097167969 128.55523681640625 24 228.348876953125 245.64678955078125 -1 169.8311767578125 62.935737609863281 80 155.49388122558594 64.129348754882812 25 234.47624206542969 129.37057495117188 170 143.87663269042969 105.35791778564453 137 251.78939819335938 145.19084167480469 -1 230.74986267089844 146.45547485351562 325 226.85194396972656 143.20376586914062 27 194.66429138183594 62.6063232421875 82 226.85194396972656 143.20376586914062 33 194.66429138183594 62.6063232421875 685 221.25387573242188 107.83766174316406 245 169.56861877441406 40.184970855712891 34 195.86627197265625 56.744464874267578 35 182.83407592773438 74.992218017578125 29 113.64959716796875 1.8402338027954102 -1 192.98832702636719 88.570991516113281 202 166.124755859375 89.246879577636719 36 202.25357055664062 97.529930114746094 37 204.76925659179688 100.04412078857422 37 187.79095458984375 76.248420715332031 63 28.353759765625 176.51533508300781 -1 39.063976287841797 167.61599731445312 -1 43.121578216552734 164.13739013671875 -1 25.827608108520508 178.60884094238281 -1 133.43513488769531 183.4854736328125 -1 9.6337985992431641 195.42109680175781 -1 2.2200009822845459 197.89236450195312 -1 5.971346378326416 198.05552673339844 -1 251.5694580078125 231.48300170898438 -1 98.891487121582031 119.05174255371094 38 56.500492095947266 153.15956115722656 -1 229.94038391113281 140.85391235351562 31 230.814697265625 125.72382354736328 170 92.089241027832031 124.46445465087891 65 224.2532958984375 119.41372680664062 28 143.56930541992188 110.48381042480469 -1 113.64959716796875 1.8402338027954102 1016 108.87075805664062 5.2326488494873047 204 182.83407592773438 74.992218017578125 32 182.83407592773438 74.992218017578125 68 154.43040466308594 99.23876953125 311 98.891487121582031 119.05174255371094 44 56.500492095947266 153.15956115722656 -1 43.121578216552734 164.13739013671875 -1 39.063976287841797 167.61599731445312 -1 28.353759765625 176.51533508300781 -1 25.827608108520508 178.60884094238281 -1 133.43513488769531 183.4854736328125 -1 208.48489379882812 103.77728271484375 67 108.87075805664062 5.2326488494873047 227 107.53228759765625 22.361148834228516 93 108.23834991455078 111.77779388427734 -1 166.124755859375 89.246879577636719 1495 227.73448181152344 248.51560974121094 -1 145.19314575195312 117.71714019775391 578 22.298921585083008 184.70477294921875 -1 
75 0.99575731475995855 0.075487602161624354 0.052140940457176037 -0.0070932608979669591 -2.0830966157571877 -0.667090754560693 1.5826192576051068 1 000073.png
127.93516540527344 109.92897033691406 45 127.93516540527344 109.92897033691406 46 137.76445007324219 197.59237670898438 -1 202.17074584960938 82.542671203613281 1 111.0540771484375 64.92657470703125 190 96.229942321777344 26.403120040893555 3 113.49703979492188 24.155824661254883 2 20.407344818115234 40.147415161132812 -1 109.18318939208984 61.314498901367188 76 202.33279418945312 62.799835205078125 48 216.51231384277344 129.75860595703125 4 228.15916442871094 144.95472717285156 73 166.76516723632812 79.790267944335938 49 243.31187438964844 153.40666198730469 74 166.76516723632812 79.790267944335938 52 124.96192169189453 11.235654830932617 176 171.2281494140625 51.778934478759766 75 190.39234924316406 52.634082794189453 313 106.9879150390625 57.487941741943359 76 157.32379150390625 57.163436889648438 643 201.42356872558594 59.895599365234375 48 190.53167724609375 97.808738708496094 -1 229.3226318359375 237.80860900878906 -1 147.36520385742188 48.461822509765625 78 156.65576171875 77.695236206054688 9 87.624359130859375 139.30401611328125 -1 105.26050567626953 13.462186813354492 427 180.84664916992188 44.680671691894531 8 101.44976806640625 63.811256408691406 -1 103.56098937988281 80.303047180175781 103 174.71357727050781 95.250259399414062 2111 151.81625366210938 103.82741546630859 57 214.10879516601562 118.28817749023438 432 122.65274047851562 7.9709134101867676 176 242.76165771484375 85.0125732421875 1052 174.71357727050781 95.250259399414062 2110 105.26050567626953 13.462186813354492 250 122.65274047851562 7.9709134101867676 56 171.50184631347656 87.559303283691406 842 242.91670227050781 132.21903991699219 24 225.59657287597656 246.74681091308594 -1 169.8089599609375 62.965061187744141 80 225.59657287597656 246.74681091308594 -1 174.13502502441406 39.729251861572266 14 169.10125732421875 46.611217498779297 106 168.21858215332031 53.143852233886719 169 169.8089599609375 62.965061187744141 18 192.52275085449219 65.530242919921875 82 169.23587036132812 91.837646484375 1495 179.82464599609375 94.462600708007812 506 226.64030456542969 117.38799285888672 10 234.560791015625 124.31483459472656 13 225.05535888671875 146.42584228515625 27 235.96931457519531 136.39842224121094 83 108.72621917724609 5.4371771812438965 227 108.72621917724609 5.4371771812438965 204 241.72453308105469 140.995849609375 2295 250.58090209960938 150.09646606445312 -1 225.05535888671875 146.42584228515625 33 195.82673645019531 56.956474304199219 35 180.54481506347656 76.862991333007812 -1 187.01264953613281 79.455665588378906 -1 172.86674499511719 80.518684387207031 -1 189.45915222167969 81.994804382324219 -1 166.10200500488281 89.212875366210938 36 195.60157775878906 95.345596313476562 147 217.77513122558594 117.76420593261719 -1 222.39497375488281 122.50884246826172 28 226.34414672851562 126.90850067138672 -1 236.97499084472656 127.73770141601562 160 229.30963134765625 129.3905029296875 170 232.37135314941406 132.32144165039062 170 33.019428253173828 175.9124755859375 -1 244.82015991210938 143.95413208007812 88 30.382740020751953 178.0672607421875 -1 26.670488357543945 181.09059143066406 -1 133.388671875 183.4093017578125 -1 14.736981391906738 190.99578857421875 -1 7.3829460144042969 193.63624572753906 -1 12.962588310241699 195.53628540039062 -1 4.3264904022216797 196.21394348144531 -1 7.5322780609130859 196.7191162109375 -1 4.2239093780517578 199.31736755371094 -1 251.58355712890625 230.09355163574219 -1 248.07159423828125 233.08782958984375 -1 35.407760620117188 173.88668823242188 -1 180.54481506347656 76.862991333007812 68 180.54481506347656 76.862991333007812 29 180.54481506347656 76.862991333007812 32 166.10200500488281 89.212875366210938 1495 7.5322780609130859 196.7191162109375 -1 146.8583984375 105.77659606933594 137 33.019428253173828 175.9124755859375 -1 30.382740020751953 178.0672607421875 -1 26.670488357543945 181.09059143066406 -1 133.388671875 183.4093017578125 -1 14.736981391906738 190.99578857421875 -1 35.407760620117188 173.88668823242188 -1 4.2239093780517578 199.31736755371094 -1 251.58355712890625 230.09355163574219 -1 223.44281005859375 251.83512878417969 -1 169.5550537109375 40.032562255859375 34 223.44281005859375 251.83512878417969 -1 77.984756469726562 138.97293090820312 -1 58.271324157714844 155.07795715332031 -1 41.2476806640625 169.00254821777344 -1 206.05299377441406 105.8211669921875 67 58.271324157714844 155.07795715332031 -1 227.91827392578125 144.09358215332031 31 41.2476806640625 169.00254821777344 -1 
76 0.99123228574068878 0.10417829251754761 0.080610439949336254 0.01036320628918792 -2.6674774327083388 -0.53241266088295536 2.3422766926220766 1 000075.png
137.63856506347656 108.70813751220703 120 137.63856506347656 108.70813751220703 121 136.01060485839844 198.49104309082031 -1 202.09405517578125 83.317451477050781 1 113.43829345703125 24.16431999206543 2 112.26925659179688 67.349578857421875 190 109.27293395996094 61.599262237548828 76 97.622810363769531 28.519065856933594 3 201.56393432617188 60.917243957519531 48 166.67585754394531 79.97601318359375 49 232.96101379394531 81.106254577636719 122 240.19723510742188 158.07533264160156 74 225.14700317382812 149.49684143066406 73 146.59031677246094 47.900623321533203 78 124.87989807128906 11.131173133850098 176 171.36997985839844 51.660923004150391 75 189.91986083984375 52.515476226806641 313 187.37228393554688 100.76043701171875 -1 151.34153747558594 119.98300933837891 5 225.30442810058594 239.10911560058594 -1 151.34153747558594 119.98300933837891 6 159.20123291015625 57.793125152587891 90 156.69612121582031 77.678085327148438 9 186.51646423339844 98.692115783691406 -1 88.925910949707031 144.19459533691406 -1 159.20123291015625 57.793125152587891 643 151.7884521484375 103.76128387451172 57 225.63909912109375 249.31092834472656 -1 122.593017578125 7.9187984466552734 176 180.75456237792969 44.641799926757812 8 102.53112030029297 71.727073669433594 104 174.62193298339844 95.265060424804688 2110 122.593017578125 7.9187984466552734 56 245.86625671386719 86.857917785644531 1052 171.52958679199219 87.664169311523438 842 174.62193298339844 95.265060424804688 2111 225.63909912109375 249.31092834472656 -1 105.43901824951172 13.781978607177734 250 105.43901824951172 13.781978607177734 427 179.75605773925781 94.573745727539062 506 231.42549133300781 128.91954040527344 13 169.84649658203125 62.928218841552734 80 155.07235717773438 64.819686889648438 25 179.75605773925781 94.573745727539062 -1 174.14515686035156 39.801120758056641 14 168.10665893554688 52.832183837890625 169 169.84649658203125 62.928218841552734 18 155.07235717773438 64.819686889648438 19 179.94987487792969 82.954582214355469 -1 169.21379089355469 91.8665771484375 1495 165.62443542480469 72.576637268066406 -1 223.25456237792969 122.17522430419922 10 233.01925659179688 140.99870300292969 83 241.12168884277344 148.48764038085938 88 246.96377563476562 154.775146484375 -1 113.52034759521484 1.9898233413696289 1016 109.05339813232422 5.1726083755493164 227 105.14867401123047 6.9707355499267578 126 169.71150207519531 40.261383056640625 34 195.79638671875 60.997348785400391 82 99.607330322265625 124.55623626708984 -1 226.17901611328125 133.48443603515625 170 76.428932189941406 145.830810546875 -1 109.05339813232422 5.1726083755493164 204 62.505264282226562 160.2830810546875 -1 45.238365173339844 174.73448181152344 -1 25.763689041137695 188.02574157714844 -1 17.611875534057617 194.67359924316406 -1 17.611875534057617 194.67359924316406 -1 217.08120727539062 124.15171051025391 28 217.06918334960938 116.35148620605469 245 211.96977233886719 110.94998931884766 133 202.23469543457031 101.2210693359375 37 181.09400939941406 89.086044311523438 -1 166.09028625488281 89.26116943359375 36 113.52034759521484 1.9898233413696289 -1 3.9399998188018799 205.68853759765625 -1 166.09028625488281 89.26116943359375 1495 76.428932189941406 145.830810546875 -1 25.763689041137695 188.02574157714844 -1 17.611875534057617 194.67359924316406 -1 17.611875534057617 194.67359924316406 -1 195.85235595703125 57.065326690673828 35 11.53945255279541 202.79460144042969 -1 62.7210693359375 157.0946044921875 -1 94.790313720703125 131.04524230957031 -1 62.7210693359375 157.0946044921875 -1 
77 0.98508624039876647 0.12507933029871754 0.1116284889724862 0.038721319176490555 -3.509061000618019 -0.62381882412671275 3.0092933875880377 1 000077.png
137.3353271484375 108.27902221679688 120 137.3353271484375 108.27902221679688 121 133.3052978515625 198.90045166015625 -1 199.3953857421875 73.329261779785156 428 92.508613586425781 81.054969787597656 -1 113.3807373046875 24.183881759643555 2 242.0018310546875 105.59716796875 140 98.009872436523438 29.701318740844727 3 202.72868347167969 63.276264190673828 48 242.0018310546875 105.59716796875 141 166.85459899902344 80.029998779296875 49 235.61569213867188 163.22291564941406 74 221.536376953125 155.334228515625 73 166.85459899902344 80.029998779296875 142 244.90325927734375 172.3778076171875 429 107.06256866455078 57.636344909667969 76 189.66725158691406 52.439289093017578 313 157.44155883789062 57.31488037109375 643 151.44754028320312 119.54596710205078 5 220.07058715820312 240.65505981445312 -1 157.44155883789062 57.31488037109375 90 171.37446594238281 51.761314392089844 75 151.44754028320312 119.54596710205078 6 139.98562622070312 182.44633483886719 -1 124.45627593994141 10.582392692565918 176 122.90505218505859 8.378265380859375 176 52.689224243164062 180.81990051269531 -1 184.07424926757812 105.26054382324219 -1 156.65776062011719 77.773063659667969 9 184.07424926757812 105.26054382324219 -1 182.15534973144531 95.109275817871094 506 122.90505218505859 8.378265380859375 56 180.77908325195312 44.674507141113281 8 149.12539672851562 70.173408508300781 408 171.5406494140625 87.64788818359375 842 174.5732421875 95.294288635253906 2111 164.1732177734375 102.88591003417969 11 19.973939895629883 207.11508178710938 -1 149.12539672851562 70.173408508300781 138 149.12539672851562 70.173408508300781 92 151.75016784667969 103.76335906982422 57 174.5732421875 95.294288635253906 2110 208.84153747558594 128.92633056640625 432 105.32960510253906 13.596950531005859 427 105.32960510253906 13.596950531005859 250 179.59170532226562 94.460121154785156 506 13.23564624786377 211.49984741210938 -1 169.85842895507812 62.944778442382812 80 169.15411376953125 91.87139892578125 1495 174.26022338867188 39.822460174560547 14 168.35409545898438 53.174301147460938 169 169.85842895507812 62.944778442382812 18 192.15255737304688 66.419265747070312 82 103.89017486572266 79.401412963867188 103 227.08078002929688 135.4471435546875 13 251.34245300292969 164.53570556640625 -1 243.662109375 233.61956787109375 -1 209.03863525390625 121.519287109375 -1 251.34245300292969 164.53570556640625 -1 165.36114501953125 48.476875305175781 465 109.00124359130859 5.2222433090209961 227 27.862001419067383 197.46400451660156 -1 10.597268104553223 208.57963562011719 -1 6.4346671104431152 212.00706481933594 -1 226.04258728027344 143.21366882324219 170 251.96514892578125 169.9779052734375 -1 222.6529541015625 139.89006042480469 170 75.677833557128906 150.91651916503906 -1 234.19215393066406 151.34761047363281 2295 236.97734069824219 154.47357177734375 88 218.28483581542969 156.2373046875 27 249.216064453125 166.99067687988281 -1 202.560546875 118.22582244873047 -1 36.252895355224609 187.16488647460938 -1 38.348964691162109 188.73471069335938 -1 193.52523803710938 101.48979187011719 147 183.83976745605469 94.772544860839844 -1 146.26956176757812 91.862968444824219 152 172.00907897949219 89.387123107910156 842 166.07752990722656 89.270118713378906 36 196.11917114257812 56.746440887451172 35 169.58309936523438 40.203994750976562 34 107.38999176025391 22.498226165771484 93 105.41029357910156 6.8315014839172363 126 109.00124359130859 5.2222433090209961 204 166.07752990722656 89.270118713378906 1495 166.07752990722656 89.270118713378906 1495 183.83976745605469 94.772544860839844 -1 183.83976745605469 94.772544860839844 -1 218.28483581542969 156.2373046875 33 36.252895355224609 187.16488647460938 -1 10.597268104553223 208.57963562011719 -1 6.4346671104431152 212.00706481933594 -1 122.59589385986328 3.595390796661377 -1 2.5200498104095459 5.199674129486084 -1 34.051528930664062 192.23793029785156 -1 189.06240844726562 65.001220703125 326 
78 0.98950273756919438 0.11064541447910056 0.090314017507841834 0.022029590087226075 -2.9897713118269116 -0.53069081491392467 2.5286511853010802 1 000076.png
137.24034118652344 108.41163635253906 120 137.24034118652344 108.41163635253906 121 134.93719482421875 198.60745239257812 -1 202.29197692871094 82.857025146484375 1 91.518234252929688 76.689109802246094 -1 113.416748046875 24.15882682800293 2 108.90702819824219 61.166912078857422 76 97.718528747558594 29.057390213012695 3 202.30123901367188 62.950931549072266 48 166.75042724609375 80.028793334960938 49 231.91508483886719 80.973434448242188 122 244.08322143554688 102.72859954833984 140 237.9613037109375 160.72967529296875 74 246.38427734375 168.68544006347656 429 223.94187927246094 151.87696838378906 73 244.08322143554688 102.72859954833984 141 166.75042724609375 80.028793334960938 142 124.89839935302734 11.215429306030273 176 171.42181396484375 51.872501373291016 75 189.85325622558594 52.53118896484375 313 244.93405151367188 87.884483337402344 -1 185.83482360839844 103.15028381347656 -1 151.40695190429688 119.93764495849609 5 151.40695190429688 119.93764495849609 6 185.83482360839844 103.15028381347656 -1 222.77656555175781 239.54942321777344 -1 146.38442993164062 47.606235504150391 78 27.689172744750977 198.34713745117188 -1 90.649337768554688 145.97673034667969 -1 159.146484375 57.737491607666016 90 156.65835571289062 77.743682861328125 9 184.76712036132812 100.23073577880859 -1 184.76712036132812 100.23073577880859 -1 159.146484375 57.737491607666016 643 122.64277648925781 7.9970264434814453 176 174.46514892578125 40.194194793701172 14 180.72703552246094 44.612674713134766 8 163.60682678222656 53.453933715820312 527 149.02308654785156 70.268409729003906 408 174.60104370117188 95.221641540527344 2111 184.34989929199219 98.802787780761719 -1 223.58206176757812 249.30935668945312 -1 111.59597778320312 146.56254577636719 -1 223.58206176757812 249.30935668945312 -1 171.53892517089844 87.660491943359375 842 174.60104370117188 95.221641540527344 2110 149.02308654785156 70.268409729003906 92 122.64277648925781 7.9970264434814453 56 210.55108642578125 125.93244934082031 432 151.77499389648438 103.91973114013672 57 184.34989929199219 98.802787780761719 -1 183.74472045898438 96.490272521972656 -1 168.4547119140625 53.4449462890625 169 169.853271484375 62.94183349609375 18 154.95994567871094 64.9984130859375 19 169.24943542480469 91.894020080566406 1495 179.59977722167969 94.708793640136719 506 183.74472045898438 96.490272521972656 -1 222.2803955078125 125.33561706542969 10 229.11631774902344 131.64675903320312 13 237.13005065917969 139.90577697753906 24 169.853271484375 62.94183349609375 80 154.95994567871094 64.9984130859375 25 105.56795501708984 12.499513626098633 250 105.56795501708984 12.499513626098633 427 149.59046936035156 84.978118896484375 717 248.6973876953125 151.72611999511719 449 195.96702575683594 56.825771331787109 35 3.9968764781951904 209.89451599121094 -1 215.60649108886719 119.68534088134766 245 101.73928070068359 129.14347839355469 -1 227.19818115234375 139.40440368652344 170 3.9968764781951904 209.89451599121094 -1 223.40724182128906 150.85443115234375 31 238.96315002441406 151.27259826660156 88 251.24185180664062 163.11907958984375 -1 49.815788269042969 174.61387634277344 -1 246.5982666015625 231.98312377929688 -1 154.01150512695312 103.07782745361328 311 198.16256713867188 101.38881683349609 37 187.59034729003906 90.837898254394531 -1 183.94540405273438 90.279823303222656 -1 193.90934753417969 63.021846771240234 82 108.91196441650391 5.2095479965209961 204 169.50027465820312 40.084987640380859 34 107.359619140625 22.431726455688477 93 108.91196441650391 5.2095479965209961 227 113.55527496337891 1.8347275257110596 1016 113.55527496337891 1.8347275257110596 -1 210.78266906738281 114.55712890625 133 183.94540405273438 90.279823303222656 -1 183.94540405273438 90.279823303222656 -1 101.73928070068359 129.14347839355469 -1 232.27896118164062 241.97975158691406 -1 81.196556091308594 145.70181274414062 -1 16.252468109130859 199.82371520996094 -1 16.252468109130859 199.82371520996094 -1 181.15898132324219 89.152091979980469 -1 242.55461120605469 233.29051208496094 -1 181.15898132324219 89.152091979980469 -1 102.0528564453125 35.564510345458984 -1 81.196556091308594 145.70181274414062 -1 242.55461120605469 233.29051208496094 -1 
79 0.97984037283340153 0.14082498476672101 0.13117896100008197 0.053602682974758988 -3.8944029214845215 -0.7256444907209666 3.5161389507327958 1 000081.png
107.70240020751953 98.467727661132812 452 130.7813720703125 199.66876220703125 -1 200.7630615234375 74.295379638671875 428 28.699392318725586 13.33061408996582 -1 113.37733459472656 23.94825553894043 2 96.093559265136719 27.400156021118164 -1 166.95903015136719 79.799934387207031 49 130.84217834472656 175.179443359375 -1 242.87496948242188 241.80250549316406 -1 166.95903015136719 79.799934387207031 142 130.84217834472656 175.179443359375 -1 166.95903015136719 79.799934387207031 52 124.46453094482422 10.655818939208984 176 131.48182678222656 177.41128540039062 466 171.44084167480469 51.912246704101562 75 188.59809875488281 51.956855773925781 313 151.25840759277344 119.67644500732422 6 228.931884765625 169.07997131347656 -1 131.48182678222656 177.41128540039062 -1 238.35659790039062 178.70036315917969 429 213.56436157226562 242.05068969726562 -1 151.25840759277344 119.67644500732422 5 76.227470397949219 172.38926696777344 -1 158.84934997558594 58.002349853515625 90 39.056930541992188 205.03924560546875 -1 51.230739593505859 7.4207601547241211 -1 12.248533248901367 16.143119812011719 -1 51.230739593505859 7.4207601547241211 -1 49.451179504394531 14.854626655578613 -1 12.248533248901367 16.143119812011719 -1 158.84934997558594 58.002349853515625 643 156.61953735351562 77.820098876953125 9 154.00523376464844 90.537368774414062 315 122.5589599609375 7.928410530090332 176 149.50465393066406 69.479278564453125 408 174.46583557128906 95.336219787597656 2111 151.79144287109375 103.77790069580078 57 10.800317764282227 228.11708068847656 -1 171.6029052734375 87.71075439453125 842 149.50465393066406 69.479278564453125 138 122.5589599609375 7.928410530090332 56 149.50465393066406 69.479278564453125 92 174.46583557128906 95.336219787597656 2110 180.46656799316406 44.266994476318359 8 52.710784912109375 7.8109302520751953 -1 168.441650390625 53.210739135742188 169 174.01620483398438 39.588638305664062 14 105.31611633300781 13.352715492248535 427 169.30186462402344 46.004928588867188 106 25.299970626831055 20.562503814697266 -1 14.010848045349121 25.178592681884766 -1 169.86946105957031 62.989875793457031 80 200.40126037597656 57.148773193359375 459 169.86946105957031 62.989875793457031 18 156.07662963867188 63.902244567871094 19 169.06292724609375 91.908233642578125 1495 179.72158813476562 94.563880920410156 506 156.07662963867188 63.902244567871094 25 105.31611633300781 13.352715492248535 250 25.299970626831055 20.562503814697266 -1 216.28486633300781 166.01861572265625 -1 214.48542785644531 140.78370666503906 -1 211.06448364257812 136.86834716796875 -1 215.16621398925781 136.85380554199219 -1 216.28486633300781 166.01861572265625 -1 210.32923889160156 250.24574279785156 -1 243.84576416015625 171.32984924316406 -1 210.32923889160156 250.24574279785156 -1 6.5223894119262695 34.134700775146484 -1 142.50054931640625 118.41571044921875 293 153.95460510253906 102.96548461914062 311 154.31085205078125 99.150131225585938 311 189.54701232910156 64.25665283203125 326 166.07261657714844 89.390396118164062 36 147.95196533203125 95.682838439941406 -1 230.26730346679688 160.97126770019531 88 213.66098022460938 163.40898132324219 -1 105.25379943847656 6.8423604965209961 126 249.56974792480469 173.07099914550781 -1 253.80357360839844 96.807357788085938 -1 109.52443695068359 41.653121948242188 324 108.79440307617188 5.2334532737731934 204 7.3752694129943848 29.880764007568359 -1 166.07261657714844 89.390396118164062 1495 241.46971130371094 172.6605224609375 -1 213.66098022460938 163.40898132324219 -1 108.79440307617188 5.2334532737731934 227 19.073570251464844 23.141595840454102 -1 7.3752694129943848 29.880764007568359 -1 169.59811401367188 40.044284820556641 34 196.05809020996094 56.744964599609375 35 166.07261657714844 89.390396118164062 1495 251.16812133789062 88.390419006347656 -1 166.18714904785156 47.794628143310547 465 
80 0.98280643754625729 0.1334201734105957 0.11992487932591675 0.043687377620837374 -3.6529996333474011 -0.54522455178731422 3.2192906231805352 1 000078.png
134.32858276367188 107.31130981445312 120 134.32858276367188 107.31130981445312 121 132.96334838867188 199.12510681152344 -1 199.56327819824219 73.102203369140625 428 111.29271697998047 65.589363098144531 190 113.36119079589844 24.165885925292969 2 98.065887451171875 29.759433746337891 3 202.697021484375 63.360160827636719 48 241.0523681640625 107.21698760986328 140 166.92257690429688 80.000923156738281 49 244.03511047363281 173.97712707519531 429 166.92257690429688 80.000923156738281 142 124.78530883789062 11.062726974487305 176 151.37139892578125 119.51306915283203 6 218.9788818359375 240.85011291503906 -1 212.15528869628906 140.62290954589844 -1 151.37139892578125 119.51306915283203 5 201.5108642578125 59.862312316894531 459 171.40316772460938 51.782939910888672 75 189.16709899902344 52.163444519042969 313 146.50430297851562 47.608852386474609 78 159.04232788085938 57.842613220214844 90 156.62751770019531 77.786949157714844 9 72.139640808105469 167.02342224121094 -1 139.48797607421875 182.778564453125 -1 31.993062973022461 200.95600891113281 -1 132.04698181152344 178.71351623535156 -1 132.04698181152344 178.71351623535156 -1 139.48797607421875 182.778564453125 -1 159.04232788085938 57.842613220214844 643 181.58100891113281 95.654258728027344 506 171.59152221679688 87.706832885742188 842 122.63065338134766 8.0067129135131836 176 103.73789215087891 80.907310485839844 103 207.99282836914062 130.52456665039062 432 180.67605590820312 44.543060302734375 8 219.26374816894531 250.4400634765625 -1 151.70819091796875 103.90428161621094 57 219.26374816894531 250.4400634765625 -1 174.55177307128906 95.277099609375 2110 122.63065338134766 8.0067129135131836 56 19.809246063232422 5.256497859954834 -1 174.55177307128906 95.277099609375 2111 105.38321685791016 13.333601951599121 250 167.23361206054688 35.652103424072266 566 105.38321685791016 13.333601951599121 427 215.33833312988281 249.26126098632812 -1 174.10289001464844 39.680221557617188 14 168.14741516113281 53.093238830566406 169 169.9041748046875 62.932540893554688 18 154.89511108398438 65.207786560058594 19 251.99197387695312 90.537567138671875 -1 169.0888671875 91.894439697265625 1495 219.2926025390625 129.99763488769531 10 226.36079406738281 136.74887084960938 13 215.33833312988281 249.26126098632812 -1 169.9041748046875 62.932540893554688 80 154.89511108398438 65.207786560058594 25 188.24632263183594 101.59870910644531 -1 133.15367126464844 183.09391784667969 -1 4.4808979034423828 7.861015796661377 -1 177.6639404296875 53.515998840332031 433 146.95480346679688 81.052963256835938 446 188.24632263183594 101.59870910644531 -1 217.29388427734375 156.83619689941406 33 133.15367126464844 183.09391784667969 -1 217.29388427734375 156.83619689941406 27 253.16511535644531 165.18026733398438 -1 247.49151611328125 167.70611572265625 -1 251.59622192382812 172.14541625976562 -1 185.87454223632812 98.995758056640625 -1 240.91151428222656 93.55950927734375 -1 166.07864379882812 89.241531372070312 36 158.50846862792969 80.549560546875 636 196.06336975097656 56.775356292724609 35 169.60810852050781 40.115612030029297 34 107.16838073730469 22.53669548034668 93 109.08596801757812 5.1625990867614746 204 103.97978210449219 17.926616668701172 -1 103.97978210449219 17.926616668701172 2691 166.07864379882812 89.241531372070312 1495 166.07864379882812 89.241531372070312 1495 185.87454223632812 98.995758056640625 -1 253.16511535644531 165.18026733398438 -1 224.64106750488281 144.276123046875 170 221.67460632324219 141.088134765625 170 235.38845825195312 155.10498046875 88 109.08596801757812 5.1625990867614746 227 248.57621765136719 160.08464050292969 449 232.86154174804688 152.32676696777344 2295 158.50846862792969 80.549560546875 -1 202.11122131347656 119.86324310302734 -1 
81 0.97951737413383733 0.14284281181594435 0.13227268533035078 0.051435217487289943 -3.871749243282478 -0.60769522206878213 3.5414240365450325 1 000079.png
120.98287200927734 104.87821197509766 -1 132.49203491210938 198.94949340820312 -1 199.96611022949219 73.328437805175781 428 223.83250427246094 80.712753295898438 -1 96.003791809082031 26.521810531616211 -1 113.31809997558594 24.154754638671875 2 109.18080902099609 61.649444580078125 76 202.54449462890625 62.629291534423828 48 134.24667358398438 84.888580322265625 -1 238.81759643554688 110.52306365966797 140 218.11894226074219 158.71333312988281 73 134.24667358398438 84.888580322265625 -1 188.03117370605469 51.982048034667969 313 166.92384338378906 79.857261657714844 49 242.00900268554688 176.37075805664062 429 166.92384338378906 79.857261657714844 142 166.92384338378906 79.857261657714844 52 201.78584289550781 60.664749145507812 459 171.38212585449219 51.828437805175781 75 210.94053649902344 143.085205078125 -1 216.77955627441406 241.1507568359375 -1 232.04649353027344 165.85250854492188 -1 124.92162322998047 11.225680351257324 176 166.40750122070312 35.881450653076172 566 93.705459594726562 152.46333312988281 -1 231.80120849609375 78.683692932128906 -1 73.844558715820312 169.22274780273438 -1 35.025009155273438 202.6285400390625 -1 7.6728196144104004 226.2520751953125 -1 7.7956805229187012 7.4966793060302734 -1 146.6033935546875 47.526805877685547 78 159.09571838378906 58.333621978759766 643 156.63572692871094 77.833084106445312 9 7.7956805229187012 7.4966793060302734 -1 159.09571838378906 58.333621978759766 90 42.034137725830078 5.2835178375244141 -1 19.580900192260742 9.3235263824462891 -1 180.70620727539062 44.627498626708984 8 148.71604919433594 70.083290100097656 408 171.58111572265625 87.698875427246094 842 151.77012634277344 103.81446075439453 57 217.46882629394531 250.20352172851562 -1 19.734638214111328 213.71810913085938 -1 138.79608154296875 182.45219421386719 -1 132.52061462402344 181.18017578125 466 174.50814819335938 95.292488098144531 2110 148.71604919433594 70.083290100097656 92 42.034137725830078 5.2835178375244141 -1 174.50814819335938 95.292488098144531 2111 132.52061462402344 181.18017578125 -1 206.81431579589844 133.00514221191406 -1 138.79608154296875 182.45219421386719 -1 217.46882629394531 250.20352172851562 -1 168.49554443359375 53.320781707763672 169 169.92948913574219 62.903472900390625 18 155.63421630859375 64.309707641601562 19 145.73176574707031 84.692550659179688 -1 179.69998168945312 94.405258178710938 506 224.45942687988281 139.13093566894531 13 169.06784057617188 91.848609924316406 1495 105.27480316162109 13.530611991882324 427 174.20657348632812 39.705436706542969 14 105.27480316162109 13.530611991882324 250 169.92948913574219 62.903472900390625 80 155.63421630859375 64.309707641601562 25 177.83161926269531 53.748645782470703 433 104.44020843505859 79.679267883300781 103 252.53042602539062 90.253089904785156 -1 106.51434326171875 96.088996887207031 -1 238.95516967773438 234.83343505859375 -1 109.07504272460938 5.3007993698120117 227 109.07504272460938 5.3007993698120117 204 252.53042602539062 90.253089904785156 -1 222.76795959472656 146.16789245605469 170 231.42910766601562 147.29055786132812 24 233.15536499023438 157.17276000976562 88 189.06930541992188 64.935310363769531 326 219.51776123046875 162.14591979980469 -1 253.45062255859375 169.89067077636719 -1 195.94403076171875 56.809543609619141 35 169.51646423339844 40.091297149658203 34 18.524974822998047 10.502072334289551 -1 105.54682922363281 6.8933181762695312 126 37.391754150390625 6.5509066581726074 -1 113.45493316650391 1.8942251205444336 1016 38.591705322265625 195.057373046875 -1 6.6133618354797363 215.75386047363281 -1 166.07606506347656 89.300750732421875 36 3.0866360664367676 218.90536499023438 -1 113.45493316650391 1.8942251205444336 -1 154.36772155761719 99.216133117675781 311 18.524974822998047 10.502072334289551 -1 166.07606506347656 89.300750732421875 1495 166.07606506347656 89.300750732421875 1495 219.51776123046875 162.14591979980469 -1 4.1117458343505859 221.13436889648438 -1 190.76036071777344 108.02012634277344 -1 4.1117458343505859 221.13436889648438 -1 5.0009770393371582 223.62908935546875 -1 215.71684265136719 139.17123413085938 -1 3.3441274166107178 224.82131958007812 -1 
82 0.99468496677887763 0.086381685221449525 0.053479083919549156 -0.016733466632211039 -1.8875878664030279 -0.46863625828854477 1.7885734726141813 1 000080.png
110.61407470703125 95.545501708984375 452 131.31826782226562 199.43563842773438 -1 200.43496704101562 73.897796630859375 428 26.476181030273438 9.9480791091918945 -1 95.884834289550781 26.523502349853516 3 113.39698791503906 23.935890197753906 2 202.32228088378906 62.507461547851562 48 166.94888305664062 79.809112548828125 49 244.25669860839844 240.92698669433594 -1 166.94888305664062 79.809112548828125 52 166.94888305664062 79.809112548828125 142 188.6279296875 52.111660003662109 313 125.08660888671875 11.569201469421387 176 37.480602264404297 9.2716436386108398 -1 171.3614501953125 51.790035247802734 75 157.33235168457031 57.335700988769531 643 180.71510314941406 101.11708068847656 22 230.26443481445312 168.07899475097656 2116 239.76446533203125 177.5067138671875 -1 214.76091003417969 241.06123352050781 -1 48.070278167724609 11.479997634887695 656 10.826483726501465 13.105533599853516 700 146.60685729980469 47.374507904052734 78 153.98574829101562 90.309539794921875 315 156.6439208984375 77.848785400390625 9 236.89178466796875 101.71048736572266 -1 75.94342041015625 171.055419921875 451 131.98396301269531 178.85581970214844 492 10.826483726501465 13.105533599853516 701 48.070278167724609 11.479997634887695 -1 131.98396301269531 178.85581970214844 493 171.5692138671875 87.710243225097656 842 174.47637939453125 95.326972961425781 2111 151.74769592285156 103.79519653320312 57 23.117959976196289 215.34722900390625 -1 111.71541595458984 147.6065673828125 -1 50.153251647949219 4.2112421989440918 -1 23.624517440795898 16.560146331787109 1394 180.73970031738281 44.658973693847656 8 174.47637939453125 95.326972961425781 2110 50.153251647949219 4.2112421989440918 655 108.46143341064453 84.340202331542969 -1 242.35903930664062 84.596122741699219 1052 103.54090881347656 80.404251098632812 103 122.14813995361328 7.2876677513122559 56 105.15630340576172 13.716691970825195 250 105.15630340576172 13.716691970825195 427 122.14813995361328 7.2876677513122559 176 168.31787109375 53.207927703857422 169 239.15614318847656 163.74407958984375 475 4.3721141815185547 30.973762512207031 -1 174.44944763183594 39.919593811035156 14 200.49118041992188 57.280597686767578 459 169.90484619140625 62.949581146240234 18 155.60443115234375 64.469688415527344 19 169.054443359375 91.9163818359375 1495 179.71186828613281 94.553230285644531 506 169.90484619140625 62.949581146240234 80 155.60443115234375 64.469688415527344 25 108.62438201904297 42.711933135986328 324 214.61912536621094 161.49661254882812 843 195.24603271484375 61.640121459960938 82 248.55145263671875 87.051307678222656 -1 229.60250854492188 149.18104553222656 -1 23.044782638549805 17.336227416992188 -1 217.28208923339844 164.37165832519531 530 250.977294921875 171.48724365234375 -1 108.62438201904297 42.711933135986328 -1 214.61912536621094 161.49661254882812 499 217.28208923339844 164.37165832519531 843 23.044782638549805 17.336227416992188 -1 177.75543212890625 53.584075927734375 433 172.03607177734375 89.387153625488281 842 153.93391418457031 102.82230377197266 311 166.078125 89.315452575683594 36 227.67388916015625 74.237632751464844 -1 194.92642211914062 116.40763092041016 2119 199.42413330078125 124.98475646972656 -1 189.60409545898438 64.296287536621094 326 218.47314453125 145.75949096679688 -1 224.77754211425781 152.39266967773438 478 231.76144409179688 159.69302368164062 610 242.58718872070312 170.95468139648438 476 169.55323791503906 39.938739776611328 34 108.92157745361328 5.2328729629516602 204 5.8960361480712891 25.863546371459961 -1 166.078125 89.315452575683594 1495 166.078125 89.315452575683594 1495 5.8960361480712891 25.863546371459961 -1 10.979846954345703 19.02174186706543 -1 19.898412704467773 18.226692199707031 613 37.530487060546875 12.06241512298584 -1 42.133758544921875 10.494964599609375 -1 108.92157745361328 5.2328729629516602 227 252.08525085449219 181.07276916503906 -1 195.87777709960938 56.763050079345703 35 
83 0.99471260429460462 0.08638315624804857 0.05334807170514691 -0.015452133167077753 -1.8851887826740374 -0.4601386655060411 1.7916925257577789 1 000083.png
101.08405303955078 89.40020751953125 -1 78.772369384765625 29.622533798217773 584 128.18171691894531 200.43574523925781 -1 78.772369384765625 29.622533798217773 585 201.54393005371094 76.082649230957031 -1 39.297702789306641 23.641693115234375 587 49.568794250488281 20.380361557006836 -1 113.37066650390625 24.206356048583984 2 111.27833557128906 65.650833129882812 190 113.37066650390625 24.206356048583984 2114 109.16970062255859 61.559532165527344 76 244.74284362792969 100.50183868408203 141 244.74284362792969 100.50183868408203 -1 166.907470703125 79.853775024414062 49 211.49063110351562 168.00025939941406 -1 235.3197021484375 243.36264038085938 -1 125.73268127441406 12.306535720825195 176 11.235952377319336 42.052074432373047 -1 188.59352111816406 51.984844207763672 313 171.4669189453125 51.784500122070312 75 11.235952377319336 42.052074432373047 -1 248.08694458007812 199.35641479492188 -1 232.93350219726562 184.01597595214844 582 224.19781494140625 174.91950988769531 692 225.01596069335938 93.079460144042969 593 11.235952377319336 42.052074432373047 -1 166.32057189941406 35.777534484863281 566 151.88592529296875 103.68172454833984 57 57.841419219970703 20.145744323730469 655 17.822599411010742 27.013004302978516 700 54.98974609375 28.684003829956055 656 4.3245182037353516 44.464908599853516 -1 147.0465087890625 47.799888610839844 78 200.9754638671875 58.60906982421875 48 156.65202331542969 77.809326171875 9 154.00007629394531 90.484489440917969 315 4.3245182037353516 44.464908599853516 -1 208.46965026855469 244.42556762695312 -1 25.44886589050293 25.129474639892578 769 17.822599411010742 27.013004302978516 701 32.767066955566406 32.906658172607422 1394 235.01707458496094 80.254287719726562 122 148.83644104003906 70.09088134765625 408 180.64962768554688 44.529125213623047 8 19.907661437988281 36.542659759521484 979 171.57168579101562 87.783477783203125 842 215.53176879882812 246.65115356445312 -1 253.17196655273438 109.41998291015625 -1 174.37008666992188 95.366592407226562 2111 148.83644104003906 70.09088134765625 92 105.21086883544922 14.056347846984863 250 59.401584625244141 13.074864387512207 679 122.64740753173828 8.0173959732055664 56 105.21086883544922 14.056347846984863 427 122.64740753173828 8.0173959732055664 176 215.53176879882812 246.65115356445312 -1 253.17196655273438 109.41998291015625 -1 174.37008666992188 95.366592407226562 2110 59.401584625244141 13.074864387512207 681 18.698444366455078 41.995391845703125 -1 178.2706298828125 53.053199768066406 433 168.25534057617188 53.246536254882812 169 164.45100402832031 54.999008178710938 527 169.08253479003906 91.927810668945312 1495 179.72993469238281 94.683982849121094 506 169.88784790039062 62.998668670654297 18 174.18583679199219 39.647933959960938 14 178.2706298828125 53.053199768066406 -1 169.88784790039062 62.998668670654297 80 27.552755355834961 33.509735107421875 613 28.649734497070312 37.218254089355469 -1 212.34504699707031 171.65861511230469 843 151.45114135742188 75.492820739746094 -1 149.98036193847656 103.18496704101562 57 232.654541015625 170.896240234375 475 212.34504699707031 171.65861511230469 530 248.88511657714844 188.73152160644531 -1 252.05210876464844 191.99331665039062 -1 236.45423889160156 250.25605773925781 -1 205.68133544921875 251.72129821777344 -1 17.640247344970703 46.131088256835938 755 151.45114135742188 75.492820739746094 -1 245.44181823730469 85.736488342285156 1052 205.68133544921875 251.72129821777344 -1 142.3255615234375 118.68472290039062 293 190.40754699707031 123.89333343505859 -1 252.3148193359375 89.429000854492188 -1 207.08757019042969 142.82363891601562 2118 209.35501098632812 168.65036010742188 499 166.07124328613281 89.427719116210938 36 195.89080810546875 57.011341094970703 35 2.1165783405303955 54.054115295410156 658 3.4483282566070557 47.870937347412109 -1 169.54864501953125 39.888679504394531 34 24.019645690917969 33.38580322265625 -1 40.247913360595703 10.880715370178223 722 53.583530426025391 7.7097015380859375 -1 62.434803009033203 6.4620938301086426 -1 108.93695831298828 5.3022584915161133 227 229.85940551757812 171.7191162109375 710 238.02024841308594 176.61810302734375 583 108.93695831298828 5.3022584915161133 204 53.583530426025391 7.7097015380859375 -1 3.4483282566070557 47.870937347412109 -1 166.07124328613281 89.427719116210938 1495 166.07124328613281 89.427719116210938 1495 209.35501098632812 168.65036010742188 843 169.04757690429688 95.57733154296875 648 236.46649169921875 178.71809387207031 476 233.54115295410156 246.88905334472656 -1 250.45248413085938 91.335403442382812 -1 187.23077392578125 120.25890350341797 -1 84.069969177246094 11.070517539978027 -1 154.36236572265625 99.250564575195312 311 
84 0.99468317291278974 0.086733570254646369 0.053360741205065239 -0.015339641882184969 -1.885357799719648 -0.45909882515424882 1.7922869428273711 1 000084.png
103.62521362304688 91.110649108886719 -1 79.932029724121094 32.171073913574219 584 127.95507049560547 200.27470397949219 -1 79.932029724121094 32.171073913574219 585 201.08305358886719 75.882919311523438 -1 248.70513916015625 103.68690490722656 -1 248.70513916015625 103.68690490722656 -1 113.36571502685547 24.231315612792969 2 244.6778564453125 101.82119750976562 141 113.36571502685547 24.231315612792969 2114 244.6778564453125 101.82119750976562 -1 166.84495544433594 79.856925964355469 49 129.57475280761719 172.96516418457031 -1 234.10781860351562 244.33238220214844 -1 129.57475280761719 172.96516418457031 -1 129.57475280761719 172.96516418457031 -1 234.10781860351562 244.33238220214844 -1 107.66393280029297 58.54656982421875 76 125.12689208984375 11.627509117126465 176 201.10665893554688 59.540752410888672 48 13.136836051940918 45.872982025146484 -1 223.87481689453125 95.095779418945312 593 171.49293518066406 51.786968231201172 75 188.46165466308594 51.912525177001953 313 157.50149536132812 57.179519653320312 643 204.47883605957031 155.00193786621094 -1 223.10893249511719 175.8524169921875 2116 231.87483215332031 184.775390625 582 247.527587890625 200.89680480957031 -1 13.136836051940918 45.872982025146484 -1 234.40003967285156 80.193450927734375 122 19.186460494995117 29.94249153137207 701 6.164543628692627 48.354667663574219 -1 79.423789978027344 178.13478088378906 -1 207.6495361328125 244.90861511230469 -1 159.27241516113281 57.956104278564453 643 146.6600341796875 47.521221160888672 78 19.186460494995117 29.94249153137207 700 58.915187835693359 23.338043212890625 655 156.61918640136719 77.885955810546875 9 151.89814758300781 103.69882202148438 57 6.164543628692627 48.354667663574219 -1 159.27241516113281 57.956104278564453 90 108.45313262939453 84.800079345703125 -1 180.66606140136719 44.620933532714844 8 132.33772277832031 181.16375732421875 492 122.65228271484375 8.0461826324462891 176 59.736038208007812 14.672811508178711 679 251.95396423339844 111.44019317626953 -1 174.42901611328125 95.407623291015625 2111 122.65228271484375 8.0461826324462891 56 49.128376007080078 29.656578063964844 -1 166.44221496582031 35.767280578613281 566 18.966938018798828 230.60765075683594 -1 21.26795768737793 39.375499725341797 979 251.95396423339844 111.44019317626953 -1 163.39588928222656 52.587779998779297 527 174.42901611328125 95.407623291015625 2110 59.736038208007812 14.672811508178711 681 101.39424133300781 64.077606201171875 -1 103.59795379638672 80.238983154296875 103 132.33772277832031 181.16375732421875 493 171.67726135253906 87.819953918457031 842 16.653911590576172 51.086067199707031 -1 168.15869140625 53.022880554199219 169 160.28605651855469 60.416881561279297 643 169.8668212890625 62.998908996582031 18 155.18617248535156 64.8857421875 19 169.15556335449219 92.027412414550781 1495 179.7293701171875 94.685447692871094 506 29.461463928222656 219.37150573730469 -1 178.22486877441406 52.995418548583984 433 28.756256103515625 36.369613647460938 613 174.00914001464844 39.590065002441406 14 178.22486877441406 52.995418548583984 -1 160.28605651855469 60.416881561279297 90 155.18617248535156 64.8857421875 25 53.763439178466797 12.991425514221191 -1 75.446792602539062 17.391653060913086 -1 67.572601318359375 21.050172805786133 -1 3.3196182250976562 58.114204406738281 658 189.54118347167969 64.024765014648438 326 249.35775756835938 93.403884887695312 -1 255.87153625488281 108.75032806396484 -1 222.37277221679688 161.96543884277344 478 68.859046936035156 17.206241607666016 576 196.28207397460938 56.655265808105469 35 169.05656433105469 95.531044006347656 648 153.92532348632812 102.78863525390625 311 250.24055480957031 104.80867767333984 -1 169.67977905273438 40.089267730712891 34 194.80021667480469 130.96099853515625 2119 206.89048767089844 145.00047302246094 2118 210.1536865234375 145.17137145996094 2118 252.96409606933594 199.90599060058594 -1 208.291748046875 169.60807800292969 499 25.314878463745117 36.301494598388672 -1 107.34968566894531 22.180652618408203 93 223.04536437988281 158.93132019042969 -1 73.90814208984375 14.930615425109863 576 40.989536285400391 13.049729347229004 722 71.918891906738281 10.380743980407715 -1 57.591503143310547 10.461453437805176 -1 71.918891906738281 10.380743980407715 -1 165.93264770507812 47.713363647460938 -1 65.409393310546875 7.0934004783630371 -1 108.8031005859375 5.3095574378967285 227 75.035491943359375 2.8581387996673584 -1 113.51782989501953 1.8042424917221069 1016 230.43653869628906 170.63784790039062 475 229.06385803222656 173.17562866210938 710 236.82243347167969 177.63710021972656 583 113.51782989501953 1.8042424917221069 -1 108.8031005859375 5.3095574378967285 204 25.314878463745117 36.301494598388672 -1 250.24055480957031 104.80867767333984 -1 208.291748046875 169.60807800292969 843 235.34107971191406 179.97134399414062 476 241.58132934570312 187.19229125976562 724 218.94346618652344 161.8299560546875 478 
85 0.99464285097547123 0.086546551625242524 0.053970917882395705 -0.01680575580262918 -1.8856466492357726 -0.46089616916675646 1.7927075691902106 1 000082.png
107.46992492675781 92.178085327148438 -1 77.441627502441406 24.52992057800293 -1 129.09257507324219 199.8353271484375 -1 77.441627502441406 24.52992057800293 -1 201.83161926269531 75.877227783203125 -1 113.35978698730469 23.972923278808594 2 32.634590148925781 19.175214767456055 587 110.80313873291016 64.667884826660156 190 97.703033447265625 29.471992492675781 3 108.77030944824219 60.475177764892578 76 128.25054931640625 169.31388854980469 -1 166.90657043457031 79.702705383300781 49 244.95733642578125 97.60455322265625 141 238.902099609375 242.71627807617188 -1 50.540199279785156 13.28156852722168 -1 244.95733642578125 97.60455322265625 -1 166.90657043457031 79.702705383300781 52 166.90657043457031 79.702705383300781 142 171.46675109863281 51.834392547607422 75 211.06863403320312 243.26388549804688 -1 235.54385375976562 181.75062561035156 582 226.33100891113281 172.15756225585938 2116 124.62373352050781 10.908281326293945 176 106.94425964355469 57.34857177734375 76 188.473876953125 51.923679351806641 313 14.985391616821289 21.591278076171875 700 52.463409423828125 21.725433349609375 656 7.4828906059265137 35.950077056884766 -1 158.91220092773438 58.051765441894531 643 77.482681274414062 174.82627868652344 451 7.4828906059265137 35.950077056884766 -1 14.985391616821289 21.591278076171875 701 158.91220092773438 58.051765441894531 90 122.91097259521484 8.4937839508056641 56 122.91097259521484 8.4937839508056641 176 163.0556640625 52.035709381103516 527 151.8453369140625 103.87410736083984 57 156.61970520019531 77.908012390136719 9 58.084526062011719 9.5836391448974609 679 13.84077262878418 229.3651123046875 -1 218.51644897460938 245.51055908203125 -1 174.39071655273438 95.298637390136719 2110 39.852100372314453 206.51126098632812 -1 174.39071655273438 95.298637390136719 2111 171.625732421875 87.782928466796875 842 101.62096405029297 63.698326110839844 -1 16.990072250366211 31.07805061340332 979 55.312034606933594 14.13006591796875 655 58.084526062011719 9.5836391448974609 681 178.27069091796875 52.643562316894531 -1 168.42160034179688 53.153579711914062 169 169.9185791015625 62.931716918945312 18 169.13859558105469 91.972541809082031 1495 179.70597839355469 94.661026000976562 506 132.59771728515625 181.76673889160156 492 28.972789764404297 26.868906021118164 -1 178.27069091796875 52.643562316894531 433 169.9185791015625 62.931716918945312 80 132.59771728515625 181.76673889160156 493 200.50839233398438 57.499279022216797 459 45.628349304199219 20.765073776245117 -1 39.30792236328125 22.647777557373047 -1 28.972789764404297 26.868906021118164 1394 174.10847473144531 39.627250671386719 14 180.44180297851562 44.243751525878906 8 77.169975280761719 8.6075296401977539 -1 200.9144287109375 131.09481811523438 -1 205.49942016601562 136.47308349609375 -1 208.64283752441406 139.76922607421875 2118 213.13475036621094 140.60841369628906 2118 232.59580993652344 170.19078063964844 710 9.949275016784668 41.180225372314453 755 251.91581726074219 186.38023376464844 -1 242.28318786621094 252.48362731933594 -1 19.959922790527344 35.652153015136719 -1 24.390707015991211 27.305191040039062 613 19.959922790527344 35.652153015136719 -1 81.735687255859375 3.1373379230499268 -1 60.986457824707031 3.3890557289123535 -1 52.466793060302734 4.3948459625244141 -1 56.1993408203125 5.4362292289733887 -1 108.853271484375 5.2965526580810547 227 201.12640380859375 127.38414764404297 -1 21.492544174194336 28.259099960327148 -1 2.7661862373352051 38.462398529052734 -1 63.444049835205078 2.3862297534942627 -1 152.62361145019531 131.10748291015625 -1 203.08895874023438 133.47262573242188 -1 111.63044738769531 138.54014587402344 -1 230.30142211914062 159.10964965820312 692 211.37821960449219 166.35099792480469 499 240.10084533691406 169.51246643066406 -1 243.59841918945312 173.56259155273438 -1 133.1031494140625 183.38177490234375 -1 184.56341552734375 112.7706298828125 -1 181.53616333007812 109.27761077880859 -1 153.92863464355469 102.90769958496094 311 154.38540649414062 99.196968078613281 311 169.10182189941406 95.538955688476562 648 189.08676147460938 64.9559326171875 326 195.95997619628906 56.816226959228516 35 169.591552734375 39.938938140869141 34 55.600105285644531 8.559077262878418 -1 52.466793060302734 4.3948459625244141 -1 108.853271484375 5.2965526580810547 204 55.600105285644531 8.559077262878418 679 2.7661862373352051 38.462398529052734 -1 181.53616333007812 109.27761077880859 -1 184.56341552734375 112.7706298828125 -1 152.62361145019531 131.10748291015625 -1 211.37821960449219 166.35099792480469 843 133.1031494140625 183.38177490234375 -1 3.1032438278198242 232.52151489257812 -1 211.61154174804688 251.57937622070312 -1 196.37916564941406 125.80679321289062 2119 64.011932373046875 11.119317054748535 -1 187.06788635253906 63.125068664550781 -1 142.65139770507812 119.68405914306641 293 246.24087524414062 176.41275024414062 -1 
86 0.99468259793590597 0.086629484422609565 0.053651727849977203 -0.014945028968242841 -1.8842431712932695 -0.45631243247868292 1.7949378667221503 1 000085.png
107.60250091552734 93.690483093261719 -1 81.447532653808594 37.361537933349609 585 127.38442993164062 200.37948608398438 -1 81.447532653808594 37.361537933349609 584 199.67965698242188 74.733390808105469 428 44.514572143554688 31.514842987060547 587 242.60504150390625 103.77848815917969 -1 111.03926086425781 66.439056396484375 190 113.40712738037109 24.302370071411133 2114 94.090751647949219 26.418600082397461 -1 94.090751647949219 26.418600082397461 617 242.60504150390625 103.77848815917969 894 113.40712738037109 24.302370071411133 2 113.40712738037109 24.302370071411133 -1 23.463436126708984 39.636260986328125 651 12.644396781921387 42.527420043945312 -1 234.53773498535156 82.326492309570312 -1 129.568359375 172.82904052734375 -1 230.91224670410156 244.64921569824219 -1 166.74021911621094 80.09075927734375 49 166.74021911621094 80.09075927734375 52 16.99504280090332 52.364887237548828 -1 124.63461303710938 10.893957138061523 176 188.32005310058594 51.865795135498047 313 16.99504280090332 52.364887237548828 590 157.46343994140625 57.304710388183594 643 221.46498107910156 177.90782165527344 2116 229.79682922363281 186.8695068359375 582 171.43569946289062 51.745834350585938 75 246.37651062011719 202.76264953613281 -1 146.59970092773438 47.002006530761719 78 221.77377319335938 99.109176635742188 593 22.510730743408203 232.34391784667969 -1 205.63926696777344 245.27334594726562 -1 156.65440368652344 78.035987854003906 9 28.594448089599609 33.323379516601562 769 151.81642150878906 103.73244476318359 57 21.617027282714844 35.412277221679688 700 21.617027282714844 35.412277221679688 701 122.63295745849609 8.0083580017089844 176 63.074325561523438 29.507194519042969 655 50.395843505859375 36.580051422119141 -1 23.649063110351562 44.536281585693359 979 150.65032958984375 68.615058898925781 92 108.43751525878906 84.163963317871094 -1 60.417953491210938 17.730348587036133 679 132.16401672363281 180.37977600097656 492 249.9154052734375 115.55240631103516 -1 174.40081787109375 95.43988037109375 2110 171.67355346679688 87.799736022949219 842 132.16401672363281 180.37977600097656 493 174.40081787109375 95.43988037109375 2111 150.65032958984375 68.615058898925781 138 150.65032958984375 68.615058898925781 408 23.649063110351562 44.536281585693359 980 60.417953491210938 17.730348587036133 681 122.63295745849609 8.0083580017089844 56 166.95352172851562 35.690616607666016 566 145.01951599121094 87.366355895996094 -1 169.00454711914062 91.9468994140625 1495 179.6767578125 94.736373901367188 506 105.23041534423828 13.408369064331055 250 30.782855987548828 41.358814239501953 612 160.11985778808594 60.712306976318359 90 169.93263244628906 62.965400695800781 80 155.57000732421875 64.434494018554688 25 155.57000732421875 64.434494018554688 19 34.504596710205078 11.98173999786377 735 105.23041534423828 13.408369064331055 427 174.07107543945312 39.616519927978516 14 30.782855987548828 41.358814239501953 613 49.627902984619141 41.965896606445312 -1 180.47708129882812 44.275157928466797 8 168.59574890136719 53.347152709960938 169 178.07203674316406 53.275699615478516 433 160.11985778808594 60.712306976318359 643 169.93263244628906 62.965400695800781 18 56.648456573486328 32.143539428710938 -1 7.2063350677490234 60.908973693847656 841 209.69131469726562 174.71531677246094 843 247.54463195800781 194.41340637207031 -1 232.43624877929688 251.94027709960938 -1 154.17454528808594 77.135955810546875 -1 63.038650512695312 23.211627960205078 -1 109.52639770507812 102.3868408203125 -1 143.0106201171875 110.58175659179688 -1 154.17454528808594 77.135955810546875 -1 7.2063350677490234 60.908973693847656 661 189.51187133789062 64.1939697265625 326 6.5701484680175781 65.267654418945312 658 74.016548156738281 17.913524627685547 731 191.61880493164062 131.34983825683594 2119 151.57786560058594 138.2618408203125 -1 154.24465942382812 99.097702026367188 311 112.51854705810547 145.65383911132812 666 204.97872924804688 147.04344177246094 2118 213.99081420898438 157.01741027832031 641 217.99461364746094 161.50788879394531 478 223.06571960449219 167.02357482910156 665 234.70173645019531 179.83094787597656 583 242.68894958496094 192.70597839355469 -1 244.97354125976562 195.34072875976562 -1 172.06611633300781 89.384674072265625 842 166.04301452636719 89.406166076660156 36 250.84703063964844 88.993461608886719 -1 173.08760070800781 80.288612365722656 1514 196.00717163085938 56.983631134033203 35 27.469083786010742 41.249408721923828 -1 169.5816650390625 39.931175231933594 34 54.6832275390625 36.044643402099609 580 23.417087554931641 34.121452331542969 707 60.172145843505859 33.078315734863281 632 83.141242980957031 2.4457097053527832 -1 41.90972900390625 19.548582077026367 -1 70.949020385742188 19.605709075927734 576 79.303329467773438 4.1169114112854004 -1 120.66629028320312 5.2207732200622559 -1 79.303329467773438 4.1169114112854004 -1 41.90972900390625 19.548582077026367 -1 27.469083786010742 41.249408721923828 -1 120.66629028320312 5.2207732200622559 -1 250.84703063964844 88.993461608886719 -1 166.04301452636719 89.406166076660156 1495 83.958351135253906 13.316855430603027 -1 105.07364654541016 6.9444570541381836 126 83.958351135253906 13.316855430603027 -1 42.088447570800781 16.379074096679688 722 153.94331359863281 102.61190032958984 311 247.8558349609375 108.35121917724609 -1 166.04301452636719 89.406166076660156 1495 176.67469787597656 43.851425170898438 -1 4.2682342529296875 241.52583312988281 -1 
87 0.99458952447959637 0.087084621754631816 0.053943924308655154 -0.017262661425320881 -1.8846194860956935 -0.44162634903746378 1.7990317534366274 1 000087.png
113.20075988769531 96.30059814453125 452 84.132583618164062 43.698936462402344 585 126.2935791015625 200.53842163085938 -1 84.132583618164062 43.698936462402344 584 198.68162536621094 73.601974487304688 428 45.106216430664062 42.561843872070312 587 239.0589599609375 108.26581573486328 -1 113.68648529052734 24.437629699707031 2114 232.52703857421875 84.252365112304688 -1 113.68648529052734 24.437629699707031 -1 239.0589599609375 108.26581573486328 -1 239.0589599609375 108.26581573486328 746 128.14511108398438 15.640622138977051 -1 97.846778869628906 30.923086166381836 3 97.846778869628906 30.923086166381836 617 84.893653869628906 26.751750946044922 -1 16.428121566772461 49.577869415283203 698 27.438859939575195 47.442588806152344 651 22.702119827270508 60.5989990234375 590 166.72505187988281 80.178024291992188 49 169.60040283203125 110.11959075927734 588 6.6324167251586914 69.495643615722656 841 27.438859939575195 47.442588806152344 653 16.428121566772461 49.577869415283203 -1 166.72505187988281 80.178024291992188 52 169.60040283203125 110.11959075927734 589 226.57331848144531 246.24253845214844 -1 226.57331848144531 246.24253845214844 -1 188.30406188964844 51.867378234863281 313 218.29013061523438 180.9271240234375 2116 225.86383056640625 189.13005065917969 582 130.3924560546875 175.38804626464844 -1 130.3924560546875 175.38804626464844 -1 130.3924560546875 175.38804626464844 599 218.85791015625 104.249755859375 593 171.47517395019531 51.690387725830078 75 159.42796325683594 58.077400207519531 643 154.03073120117188 90.338134765625 315 202.56925964355469 245.95506286621094 -1 156.59846496582031 78.0645751953125 9 159.42796325683594 58.077400207519531 90 166.23359680175781 35.835765838623047 566 105.2613525390625 13.976849555969238 427 61.494438171386719 22.253273010253906 681 78.375419616699219 32.414138793945312 -1 26.478809356689453 232.93185424804688 -1 92.711097717285156 7.3519473075866699 802 245.58763122558594 120.88623046875 595 168.73959350585938 118.76097106933594 -1 164.23878479003906 103.56555938720703 -1 151.67410278320312 103.72991180419922 57 174.3759765625 95.476554870605469 2111 164.23878479003906 103.56555938720703 11 174.3759765625 95.476554870605469 2110 149.71736145019531 69.401039123535156 408 27.133487701416016 51.713237762451172 980 27.133487701416016 51.713237762451172 663 200.65921020507812 57.847995758056641 459 61.494438171386719 22.253273010253906 679 171.60202026367188 87.850059509277344 842 149.71736145019531 69.401039123535156 92 27.133487701416016 51.713237762451172 979 180.60816955566406 44.58892822265625 8 25.345907211303711 43.045345306396484 700 25.345907211303711 43.045345306396484 701 52.864414215087891 51.161369323730469 -1 160.31724548339844 60.641204833984375 90 169.92724609375 62.9700927734375 80 57.529502868652344 42.48431396484375 580 154.89773559570312 65.057296752929688 25 121.42592620849609 6.4838352203369141 176 168.52548217773438 53.246025085449219 169 178.17173767089844 53.315654754638672 433 160.31724548339844 60.641204833984375 643 169.92724609375 62.9700927734375 18 154.89773559570312 65.057296752929688 19 24.698974609375 66.925682067871094 755 5.0958638191223145 74.277175903320312 -1 169.03741455078125 92.052963256835938 1495 179.66490173339844 94.742912292480469 506 250.79286193847656 105.77684783935547 -1 149.34524536132812 111.09147644042969 -1 121.42592620849609 6.4838352203369141 56 20.028003692626953 64.853782653808594 1237 108.67427062988281 4.9222126007080078 204 108.67427062988281 4.9222126007080078 227 58.367008209228516 37.931987762451172 664 62.204643249511719 39.285301208496094 632 221.59162902832031 172.20838928222656 665 33.993770599365234 48.541156768798828 613 54.786563873291016 45.763660430908203 601 164.53260803222656 104.96688842773438 -1 20.028003692626953 64.853782653808594 603 33.993770599365234 48.541156768798828 612 132.63534545898438 182.77070617675781 493 199.69979858398438 252.46539306640625 -1 203.6708984375 252.37548828125 -1 132.63534545898438 182.77070617675781 492 199.69979858398438 252.46539306640625 -1 203.6708984375 252.37548828125 -1 248.33589172363281 202.52597045898438 -1 230.92182922363281 182.84762573242188 583 142.40876770019531 116.60920715332031 293 166.38726806640625 108.21198272705078 -1 154.3223876953125 99.257286071777344 311 166.04490661621094 89.427314758300781 36 189.06147766113281 64.855857849121094 326 195.87550354003906 57.130958557128906 35 30.884754180908203 48.409591674804688 -1 63.180046081542969 45.151947021484375 -1 60.950550079345703 43.639507293701172 -1 12.932348251342773 70.00616455078125 661 70.633087158203125 24.32731819152832 576 107.32003784179688 22.106781005859375 -1 79.651802062988281 20.014934539794922 -1 81.839241027832031 18.956169128417969 -1 129.23930358886719 10.553482055664062 721 34.582950592041016 6.6039004325866699 -1 169.66885375976562 40.080486297607422 34 113.59449005126953 1.8182775974273682 -1 44.111351013183594 21.278907775878906 722 79.651802062988281 20.014934539794922 -1 44.111351013183594 21.278907775878906 723 89.990386962890625 4.1197609901428223 802 30.884754180908203 48.409591674804688 -1 12.932348251342773 70.00616455078125 841 166.04490661621094 89.427314758300781 1495 166.04490661621094 89.427314758300781 1495 203.87985229492188 174.52537536621094 843 205.75906372070312 151.12724304199219 2118 169.66885375976562 40.080486297607422 688 202.46583557128906 150.68635559082031 2118 188.07096862792969 133.51239013671875 2119 203.87985229492188 174.52537536621094 499 113.59449005126953 1.8182775974273682 1016 241.40194702148438 191.26884460449219 -1 245.74668884277344 196.00942993164062 -1 81.839241027832031 18.956169128417969 -1 145.08583068847656 117.85752868652344 578 
88 0.99466153192772211 0.086665511964600928 0.05348375125157296 -0.016643746308165692 -1.8852438683284281 -0.44435138677817809 1.7962842666307142 1 000086.png
111.33026885986328 95.133216857910156 452 82.291389465332031 42.622764587402344 585 126.62818145751953 200.43179321289062 -1 82.291389465332031 42.622764587402344 584 199.01512145996094 74.141006469726562 428 45.314693450927734 37.734352111816406 587 111.29389190673828 65.589912414550781 190 240.10481262207031 106.28641510009766 -1 113.62606048583984 24.389823913574219 2114 113.62606048583984 24.389823913574219 -1 240.10481262207031 106.28641510009766 -1 96.676155090332031 29.443290710449219 617 233.88818359375 83.906303405761719 -1 96.676155090332031 29.443290710449219 3 166.72048950195312 80.270133972167969 49 228.14860534667969 245.28683471679688 -1 169.91827392578125 108.43925476074219 588 26.332420349121094 45.405570983886719 651 169.91827392578125 108.43925476074219 589 126.5150146484375 13.445889472961426 -1 83.36798095703125 23.905269622802734 -1 166.72048950195312 80.270133972167969 52 228.14860534667969 245.28683471679688 -1 26.332420349121094 45.405570983886719 653 15.115593910217285 47.180118560791016 -1 15.115593910217285 47.180118560791016 698 227.21409606933594 188.45382690429688 582 219.34463500976562 180.00962829589844 2116 20.542959213256836 58.021587371826172 590 157.48164367675781 57.356517791748047 643 171.43519592285156 51.695098876953125 75 188.33100891113281 51.871425628662109 313 130.49467468261719 175.60090637207031 -1 20.542959213256836 58.021587371826172 -1 130.49467468261719 175.60090637207031 599 130.49467468261719 175.60090637207031 -1 30.935749053955078 38.43658447265625 769 24.054010391235352 40.669864654541016 700 24.054010391235352 40.669864654541016 701 156.62559509277344 78.035568237304688 9 219.86663818359375 102.46927642822266 593 203.57244873046875 245.96482849121094 -1 171.62040710449219 87.809120178222656 842 103.54685211181641 80.183540344238281 103 174.36822509765625 95.423095703125 2110 25.929618835449219 49.441913604736328 980 25.929618835449219 49.441913604736328 663 25.929618835449219 49.441913604736328 979 61.130321502685547 20.764986038208008 681 105.31924438476562 13.755661964416504 250 77.410308837890625 29.442819595336914 -1 61.130321502685547 20.764986038208008 679 105.31924438476562 13.755661964416504 427 91.963920593261719 6.2862858772277832 802 125.14712524414062 179.0450439453125 -1 102.59646606445312 72.438400268554688 -1 247.17791748046875 119.07719421386719 595 169.27670288085938 117.37213897705078 -1 151.75143432617188 103.78267669677734 57 25.071010589599609 232.7369384765625 -1 174.36822509765625 95.423095703125 2111 65.027175903320312 33.710926055908203 655 18.718574523925781 60.972499847412109 1237 65.027175903320312 33.710926055908203 -1 18.718574523925781 60.972499847412109 603 178.15596008300781 53.249652862548828 433 200.55511474609375 57.512706756591797 459 160.27362060546875 60.621238708496094 643 169.89501953125 62.928047180175781 18 9.8074712753295898 66.997085571289062 841 169.0714111328125 92.042648315429688 1495 179.6812744140625 94.779190063476562 506 252.34297180175781 103.71683502197266 -1 9.8074712753295898 66.997085571289062 661 56.892097473144531 40.4234619140625 580 180.45565795898438 44.335006713867188 8 160.27362060546875 60.621238708496094 90 169.11581420898438 46.677791595458984 106 169.89501953125 62.928047180175781 80 70.454727172851562 22.723207473754883 576 57.753459930419922 36.048816680908203 664 61.482933044433594 37.511886596679688 632 32.879604339599609 46.131374359130859 613 108.93748474121094 5.2754950523376465 227 164.01213073730469 108.77020263671875 -1 108.93748474121094 5.2754950523376465 204 200.77056884765625 252.38723754882812 -1 32.879604339599609 46.131374359130859 612 200.77056884765625 252.38723754882812 -1 216.57084655761719 164.18867492675781 478 166.03660583496094 89.443183898925781 36 244.86015319824219 196.00950622558594 -1 251.98100280761719 203.95843505859375 -1 204.38479614257812 252.59732055664062 -1 158.52386474609375 80.553916931152344 636 17.9896240234375 62.300895690917969 1237 196.15953063964844 56.930347442626953 35 29.709442138671875 46.020118713378906 -1 54.0311279296875 43.056644439697266 601 67.116584777832031 35.045867919921875 -1 63.526344299316406 26.242687225341797 -1 169.50511169433594 40.074806213378906 34 33.495697021484375 3.7227797508239746 -1 60.471347808837891 21.966489791870117 -1 70.523628234863281 11.449053764343262 -1 67.116584777832031 35.045867919921875 -1 169.50511169433594 40.074806213378906 688 29.709442138671875 46.020118713378906 -1 206.29002380371094 153.05085754394531 2118 166.03660583496094 89.443183898925781 1495 166.03660583496094 89.443183898925781 1495 204.38479614257812 252.59732055664062 -1 212.51531982421875 156.10820007324219 -1 158.52386474609375 80.553916931152344 -1 212.42291259765625 159.53395080566406 641 153.84886169433594 103.08111572265625 311 149.98260498046875 123.62651824951172 -1 33.495697021484375 3.7227797508239746 -1 48.492408752441406 28.285408020019531 -1 119.08477020263672 7.5090751647949219 56 145.15791320800781 117.72703552246094 578 166.14044189453125 47.306125640869141 -1 176.72396850585938 43.846046447753906 -1 
89 0.99466582284268024 0.086411003248502802 0.053828006443777623 -0.016600756264993004 -1.8834674036825036 -0.43505243671899752 1.8000406125984463 1 000088.png
116.72000885009766 97.537704467773438 667 86.031379699707031 49.449737548828125 584 125.39485931396484 200.94720458984375 -1 86.031379699707031 49.449737548828125 585 197.98594665527344 72.72802734375 428 197.98594665527344 72.72802734375 -1 49.221797943115234 44.848300933837891 918 229.13041687011719 84.260910034179688 -1 237.22331237792969 112.84989929199219 -1 237.22331237792969 112.84989929199219 -1 237.22331237792969 112.84989929199219 746 113.80941772460938 24.579319000244141 2114 131.94294738769531 20.14936637878418 -1 47.034885406494141 49.417766571044922 587 170.807373046875 113.1129150390625 -1 170.807373046875 113.1129150390625 588 170.807373046875 113.1129150390625 589 113.80941772460938 24.579319000244141 -1 29.732616424560547 52.721694946289062 651 25.893520355224609 65.976837158203125 590 10.066978454589844 75.307266235351562 841 166.71736145019531 80.225494384765625 49 129.85647583007812 174.02883911132812 -1 86.879173278808594 32.627769470214844 -1 29.732616424560547 52.721694946289062 653 166.71736145019531 80.225494384765625 52 19.109071731567383 54.51922607421875 -1 19.109071731567383 54.51922607421875 698 223.29693603515625 191.32394409179688 582 222.13009643554688 246.49049377441406 -1 171.43293762207031 51.674545288085938 75 100.60971069335938 33.275234222412109 617 216.88954162597656 108.06121063232422 593 100.60971069335938 33.275234222412109 -1 188.37821960449219 51.992221832275391 313 216.11921691894531 183.44157409667969 2116 200.43928527832031 246.88916015625 -1 246.31356811523438 105.63878631591797 672 93.8125 10.404840469360352 802 156.61734008789062 78.123199462890625 9 161.95440673828125 85.656723022460938 -1 201.11537170410156 58.859790802001953 48 122.61292266845703 10.09522533416748 176 243.46372985839844 85.876953125 1052 105.32530975341797 13.787347793579102 427 122.61292266845703 10.09522533416748 56 242.47669982910156 124.49298858642578 595 164.26594543457031 103.14354705810547 -1 151.68612670898438 103.81096649169922 57 174.33625793457031 95.457626342773438 2111 171.61868286132812 87.885848999023438 842 29.299783706665039 56.474918365478516 663 27.67371940612793 48.165611267089844 700 147.74606323242188 47.720981597900391 78 180.59275817871094 44.548271179199219 8 62.307506561279297 25.566854476928711 681 164.26594543457031 103.14354705810547 11 174.33625793457031 95.457626342773438 2110 29.299783706665039 56.474918365478516 980 29.299783706665039 56.474918365478516 979 27.67371940612793 48.165611267089844 701 62.307506561279297 25.566854476928711 679 166.95120239257812 35.666900634765625 566 13.289882659912109 81.504150390625 658 169.11009216308594 92.129623413085938 1495 179.6912841796875 94.749305725097656 506 132.5147705078125 181.99671936035156 599 93.003486633300781 4.1125402450561523 -1 63.102939605712891 43.487384796142578 -1 160.40266418457031 60.3741455078125 90 169.87545776367188 63.011142730712891 -1 155.58828735351562 64.440544128417969 25 14.77609920501709 75.915260314941406 841 63.102939605712891 43.487384796142578 632 132.5147705078125 181.99671936035156 493 133.66505432128906 13.782654762268066 -1 173.9293212890625 39.418933868408203 14 223.62434387207031 251.52328491210938 -1 93.003486633300781 4.1125402450561523 -1 66.748825073242188 39.262855529785156 682 66.5155029296875 46.140918731689453 -1 58.768505096435547 46.457252502441406 580 63.109291076660156 48.042072296142578 -1 57.0802001953125 51.600807189941406 601 103.65132141113281 51.493812561035156 -1 168.48503112792969 53.219661712646484 169 178.03173828125 53.415786743164062 433 160.40266418457031 60.3741455078125 643 169.87545776367188 63.011142730712891 18 155.58828735351562 64.440544128417969 19 14.77609920501709 75.915260314941406 661 108.74321746826172 5.3139381408691406 204 197.51789855957031 253.44308471679688 -1 108.74321746826172 5.3139381408691406 227 22.74827766418457 71.020187377929688 1237 230.4783935546875 187.63674926757812 583 250.41007995605469 210.40725708007812 -1 22.74827766418457 71.020187377929688 603 197.51789855957031 253.44308471679688 -1 35.972682952880859 53.225116729736328 612 59.598194122314453 41.936470031738281 664 35.972682952880859 53.225116729736328 613 60.592803955078125 53.567970275878906 656 45.162208557128906 24.778648376464844 722 71.9007568359375 27.298797607421875 576 64.611213684082031 30.984979629516602 -1 218.17807006835938 244.63404846191406 -1 220.16084289550781 247.47116088867188 -1 238.63865661621094 193.49072265625 724 201.36500549316406 253.13960266113281 -1 238.06942749023438 196.29185485839844 724 245.80975341796875 205.05888366699219 -1 204.76629638671875 179.9117431640625 530 202.24302673339844 176.89508056640625 499 204.11203002929688 154.02719116210938 2118 252.96855163574219 119.31761169433594 -1 142.444580078125 118.76552581787109 293 253.35064697265625 91.002410888671875 -1 166.03111267089844 89.4306640625 36 15.904022216796875 76.029304504394531 661 209.14764404296875 162.93598937988281 641 188.96284484863281 65.060600280761719 326 196.08139038085938 56.964500427246094 35 165.91432189941406 47.233924865722656 -1 29.30817985534668 47.066219329833984 707 68.551742553710938 40.434555053710938 -1 169.64018249511719 40.122291564941406 34 113.63206481933594 1.847669243812561 -1 119.98394012451172 4.5280308723449707 -1 55.983024597167969 43.673347473144531 -1 45.162208557128906 24.778648376464844 723 169.64018249511719 40.122291564941406 688 113.63206481933594 1.847669243812561 1016 15.904022216796875 76.029304504394531 841 166.03111267089844 89.4306640625 1495 253.35064697265625 91.002410888671875 853 202.24302673339844 176.89508056640625 843 204.76629638671875 179.9117431640625 843 119.98394012451172 4.5280308723449707 -1 91.377372741699219 7.0007195472717285 802 133.09321594238281 183.33583068847656 493 252.78591918945312 213.40985107421875 -1 105.12789154052734 6.9464330673217773 126 129.646240234375 12.466132164001465 721 47.663948059082031 20.879938125610352 -1 36.51593017578125 57.014797210693359 720 133.09321594238281 183.33583068847656 492 47.663948059082031 20.879938125610352 -1 221.38307189941406 180.77371215820312 610 
90 0.99458455842655069 0.087782673356791324 0.053154792011321762 -0.016441608316442424 -1.8855293532299038 -0.43109368503837847 1.7994638411778654 1 000090.png
120.91020202636719 100.2236328125 667 89.484405517578125 59.064571380615234 584 89.484405517578125 59.064571380615234 585 94.888275146484375 160.06877136230469 696 94.888275146484375 160.06877136230469 -1 197.716064453125 72.397377014160156 428 197.716064453125 72.397377014160156 -1 139.45074462890625 29.179445266723633 -1 52.635692596435547 51.778240203857422 918 112.62014770507812 69.492851257324219 190 113.85063171386719 24.688850402832031 2114 49.946292877197266 58.271106719970703 587 113.85063171386719 24.688850402832031 -1 139.358642578125 10.676657676696777 -1 32.822296142578125 59.773635864257812 651 29.574960708618164 73.497337341308594 590 14.21829891204834 83.782867431640625 841 241.94963073730469 101.44291687011719 -1 247.94424438476562 110.57570648193359 713 242.87208557128906 122.39288330078125 -1 166.66856384277344 80.267379760742188 49 247.94424438476562 110.57570648193359 712 32.822296142578125 59.773635864257812 653 166.66856384277344 80.267379760742188 52 252.42623901367188 93.815383911132812 -1 252.42623901367188 93.815383911132812 -1 171.43612670898438 51.652111053466797 75 188.45982360839844 51.960365295410156 313 201.24937438964844 59.967281341552734 48 22.108505249023438 62.001773834228516 698 225.96937561035156 98.44744873046875 714 38.729038238525391 28.774637222290039 735 3.1561236381530762 84.843948364257812 728 156.62026977539062 78.112159729003906 9 212.81358337402344 185.85798645019531 2116 154.09214782714844 90.528938293457031 315 213.52333068847656 113.71517181396484 593 68.970108032226562 53.202350616455078 655 216.46823120117188 68.571434020996094 -1 141.08639526367188 19.678989410400391 -1 100.48159027099609 41.996570587158203 -1 180.51168823242188 44.517101287841797 8 30.756460189819336 55.491657257080078 700 241.63909912109375 111.50405120849609 672 166.27287292480469 126.10306549072266 -1 238.09658813476562 129.91246032714844 595 32.170013427734375 235.692626953125 -1 197.23426818847656 248.03634643554688 -1 151.68252563476562 103.71643829345703 57 164.56739807128906 102.82488250732422 -1 5.8663325309753418 97.426620483398438 703 174.34440612792969 95.526618957519531 2111 171.64952087402344 87.908248901367188 842 105.34001922607422 13.641181945800781 427 64.952278137207031 61.60992431640625 656 5.8663325309753418 97.426620483398438 -1 174.34440612792969 95.526618957519531 2110 30.756460189819336 55.491657257080078 701 100.48159027099609 41.996570587158203 617 95.546920776367188 14.367506980895996 1130 95.546920776367188 14.367506980895996 -1 164.56739807128906 102.82488250732422 11 159.64936828613281 60.853916168212891 90 169.06741333007812 91.986808776855469 1495 159.64936828613281 60.853916168212891 643 252.51239013671875 91.465774536132812 -1 163.51814270019531 122.05718231201172 704 252.51239013671875 91.465774536132812 853 163.51814270019531 122.05718231201172 702 64.420364379882812 49.081569671630859 -1 62.861518859863281 30.265283584594727 679 239.17535400390625 92.209388732910156 -1 60.327285766601562 52.044685363769531 580 179.6827392578125 94.805000305175781 506 64.420364379882812 49.081569671630859 632 60.327285766601562 52.044685363769531 788 169.95640563964844 62.916618347167969 80 169.95640563964844 62.916618347167969 -1 27.286094665527344 78.423629760742188 603 123.81655120849609 16.842391967773438 -1 36.727302551269531 17.716485977172852 -1 62.861518859863281 30.265283584594727 681 167.20391845703125 35.705997467041016 566 67.989669799804688 44.679145812988281 682 169.20851135253906 46.448463439941406 106 19.21485710144043 84.2841796875 841 79.406600952148438 48.701938629150391 660 217.46620178222656 249.53518676757812 -1 168.49090576171875 53.245845794677734 169 178.19255065917969 53.258880615234375 433 169.95640563964844 62.916618347167969 18 27.286094665527344 78.423629760742188 1237 19.21485710144043 84.2841796875 661 246.99844360351562 87.535186767578125 1052 93.784439086914062 5.0923385620117188 -1 49.141754150390625 25.565462112426758 -1 60.884685516357422 47.516849517822266 664 72.765541076660156 52.555393218994141 705 38.663227081298828 60.038589477539062 613 249.44085693359375 97.423553466796875 -1 108.86504364013672 5.4138226509094238 227 249.44085693359375 97.423553466796875 -1 195.24140930175781 61.873218536376953 685 108.86504364013672 5.4138226509094238 204 49.141754150390625 25.565462112426758 -1 49.141754150390625 25.565462112426758 -1 60.884685516357422 47.516849517822266 784 38.663227081298828 60.038589477539062 612 49.141754150390625 25.565462112426758 -1 166.03514099121094 89.37750244140625 36 26.728853225708008 79.472434997558594 1237 207.54798889160156 61.048049926757812 -1 196.12123107910156 56.927303314208984 35 113.63524627685547 1.960595965385437 -1 132.02755737304688 19.300968170166016 721 46.722412109375 29.734516143798828 722 169.55754089355469 39.762489318847656 688 26.728853225708008 79.472434997558594 603 166.03514099121094 89.37750244140625 1495 166.03514099121094 89.37750244140625 1495 46.722412109375 29.734516143798828 723 104.97629547119141 7.0157461166381836 126 194.90580749511719 253.47189331054688 -1 132.02755737304688 19.300968170166016 719 169.55754089355469 39.762489318847656 34 113.63524627685547 1.960595965385437 1016 194.90580749511719 253.47189331054688 -1 251.9088134765625 220.17408752441406 -1 238.04808044433594 203.54341125488281 -1 251.9088134765625 220.17408752441406 -1 230.43626403808594 194.76829528808594 724 199.60592651367188 180.12022399902344 499 216.98869323730469 178.79025268554688 665 217.535888671875 176.00181579589844 -1 206.85354614257812 167.19392395019531 641 142.48637390136719 118.12924194335938 293 154.33676147460938 99.216644287109375 311 199.60592651367188 180.12022399902344 843 145.10455322265625 117.55844879150391 578 4.0481820106506348 82.239524841308594 -1 
91 0.99454087193070639 0.086942029058099293 0.055091360933002341 -0.017160407720111938 -1.8808725315805974 -0.43006511879319914 1.8067587905108329 1 000089.png
119.61753082275391 99.397918701171875 667 88.061088562011719 56.199489593505859 584 88.061088562011719 56.199489593505859 585 124.34238433837891 200.88442993164062 -1 96.087081909179688 157.32867431640625 696 96.087081909179688 157.32867431640625 -1 197.5167236328125 72.248069763183594 -1 82.962844848632812 29.903463363647461 -1 82.962844848632812 29.903463363647461 -1 197.5167236328125 72.248069763183594 428 51.524188995361328 49.30902099609375 918 136.6263427734375 25.545330047607422 -1 226.12559509277344 83.957725524902344 758 171.88368225097656 117.0965576171875 -1 171.88368225097656 117.0965576171875 -1 49.04986572265625 55.487251281738281 587 113.85392761230469 24.625654220581055 -1 113.85392761230469 24.625654220581055 2114 109.36952209472656 61.889553070068359 -1 31.856613159179688 57.657264709472656 651 28.837217330932617 70.960159301757812 590 12.894822120666504 81.076118469238281 841 166.74246215820312 80.210609436035156 49 31.856613159179688 57.657264709472656 653 166.74246215820312 80.210609436035156 52 242.82211303710938 99.921012878417969 -1 242.82211303710938 99.921012878417969 -1 20.835721969604492 60.209888458251953 698 98.722793579101562 41.932132720947266 -1 130.05026245117188 175.23959350585938 -1 201.21669006347656 59.837600708007812 48 188.36758422851562 51.9404296875 313 171.44338989257812 51.683433532714844 75 130.05026245117188 175.23959350585938 -1 130.05026245117188 175.23959350585938 -1 98.722793579101562 41.932132720947266 617 154.1248779296875 90.419639587402344 315 251.88279724121094 92.484146118164062 -1 214.54911804199219 111.90995788574219 593 139.43513488769531 132.96888732910156 -1 213.68539428710938 184.79383850097656 2116 198.07557678222656 247.56465148925781 -1 221.204833984375 193.46061706542969 582 156.63612365722656 78.091880798339844 9 67.835006713867188 51.134788513183594 655 197.05471801757812 164.91526794433594 699 1.3702535629272461 83.098526000976562 728 162.00471496582031 85.582962036132812 -1 162.00471496582031 85.582962036132812 -1 11.00294303894043 90.732864379882812 729 63.823787689208984 59.241748809814453 656 174.30364990234375 95.471282958984375 2110 29.770660400390625 53.099025726318359 701 95.124565124511719 13.044942855834961 1130 29.770660400390625 53.099025726318359 700 163.41209411621094 52.298568725585938 -1 180.50828552246094 44.482524871826172 8 38.190212249755859 24.133764266967773 -1 243.24537658691406 109.68558502197266 672 105.30078125 13.658924102783203 427 95.124565124511719 13.044942855834961 -1 171.63711547851562 87.904518127441406 842 59.084880828857422 56.373073577880859 601 239.72489929199219 128.17691040039062 595 151.68869018554688 103.65863037109375 57 174.30364990234375 95.471282958984375 2111 169.18453979492188 92.234779357910156 1495 16.884590148925781 86.988883972167969 658 179.706787109375 94.742912292480469 506 247.58720397949219 98.521591186523438 -1 93.710227966308594 5.3395376205444336 -1 125.64210510253906 24.674139022827148 -1 121.74846649169922 26.785064697265625 -1 64.022239685058594 47.222888946533203 632 160.30732727050781 60.487525939941406 90 170.00157165527344 62.930606842041016 80 93.710227966308594 5.3395376205444336 -1 170.00157165527344 62.930606842041016 -1 155.66233825683594 64.470924377441406 25 17.749019622802734 81.5537109375 841 125.64210510253906 24.674139022827148 -1 121.74846649169922 26.785064697265625 -1 167.2225341796875 35.732780456542969 566 67.447677612304688 42.800735473632812 682 78.141151428222656 46.580482482910156 660 64.022239685058594 47.222888946533203 -1 59.861488342285156 50.241622924804688 580 168.55686950683594 53.283908843994141 169 178.192626953125 53.120048522949219 433 160.30732727050781 60.487525939941406 643 170.00157165527344 62.930606842041016 18 155.66233825683594 64.470924377441406 19 17.749019622802734 81.5537109375 661 25.671333312988281 76.307144165039062 1237 38.27484130859375 61.603122711181641 720 33.663288116455078 64.332656860351562 663 113.34490966796875 154.98051452636719 666 6.6509075164794922 80.550125122070312 -1 146.94181823730469 80.947059631347656 -1 247.34312438964844 87.165267944335938 1052 188.92012023925781 64.920173645019531 326 244.88255310058594 114.24135589599609 -1 167.89303588867188 35.508033752441406 566 189.80679321289062 49.759437561035156 313 122.67688751220703 13.605575561523438 -1 60.561050415039062 45.565132141113281 664 37.737762451171875 57.709007263183594 613 60.561050415039062 45.565132141113281 784 37.737762451171875 57.709007263183594 612 25.671333312988281 76.307144165039062 603 6.6509075164794922 80.550125122070312 -1 244.88255310058594 114.24135589599609 -1 220.13356018066406 251.41705322265625 -1 71.809326171875 30.586740493774414 576 118.95895385742188 7.1910262107849121 56 48.100940704345703 39.924884796142578 -1 252.75267028808594 90.70343017578125 853 229.54159545898438 191.40533447265625 -1 227.62380981445312 189.15519714355469 583 133.03741455078125 183.38375854492188 492 200.44351196289062 179.07766723632812 499 217.92556762695312 177.66563415527344 665 149.46363830566406 147.86019897460938 -1 166.01228332519531 89.489280700683594 36 3.0503489971160889 80.55078125 -1 165.48616027832031 62.513751983642578 -1 196.15190124511719 56.875041961669922 35 31.472494125366211 51.980411529541016 707 45.675273895263672 40.740642547607422 706 169.56221008300781 39.864883422851562 34 131.26300048828125 16.996484756469727 719 48.909053802490234 23.840208053588867 -1 46.085292816162109 28.156024932861328 723 46.085292816162109 28.156024932861328 -1 48.100940704345703 39.924884796142578 -1 169.56221008300781 39.864883422851562 688 65.008506774902344 34.023727416992188 -1 166.01228332519531 89.489280700683594 1495 166.01228332519531 89.489280700683594 1495 133.03741455078125 183.38375854492188 493 92.470375061035156 9.8797693252563477 802 131.26300048828125 16.996484756469727 721 72.013710021972656 19.617410659790039 -1 107.53114318847656 22.264759063720703 -1 252.75267028808594 90.70343017578125 -1 48.909053802490234 23.840208053588867 -1 200.44351196289062 179.07766723632812 843 46.085292816162109 28.156024932861328 722 232.39399719238281 194.76992797851562 724 235.29713439941406 198.03720092773438 -1 237.8565673828125 200.95877075195312 -1 246.08248901367188 210.50714111328125 -1 21.54499626159668 234.84062194824219 -1 46.126377105712891 31.222810745239258 -1 46.126377105712891 31.222810745239258 -1 153.71760559082031 76.754692077636719 -1 5.2153549194335938 253.02772521972656 -1 153.71760559082031 76.754692077636719 -1 
92 0.99459849828612945 0.087723892998883432 0.05305110570348056 -0.016245799079604377 -1.8859858816192168 -0.42580758771431465 1.8009312700569526 1 000091.png
123.88816070556641 101.94209289550781 667 85.383827209472656 74.757843017578125 711 94.009834289550781 162.91789245605469 -1 85.383827209472656 74.757843017578125 -1 94.009834289550781 162.91789245605469 -1 94.009834289550781 162.91789245605469 696 185.62294006347656 28.837299346923828 -1 145.0030517578125 36.232044219970703 -1 197.97021484375 72.680908203125 428 185.62294006347656 28.837299346923828 -1 54.841785430908203 56.523189544677734 918 72.488456726074219 32.589241027832031 -1 113.74859619140625 24.961446762084961 -1 51.752132415771484 63.970714569091797 587 96.025848388671875 55.011634826660156 -1 155.05020141601562 111.0399169921875 -1 138.40695190429688 16.794914245605469 -1 34.6778564453125 64.254669189453125 651 32.772464752197266 78.044532775878906 590 166.68466186523438 80.314460754394531 49 16.808355331420898 88.406242370605469 841 239.0665283203125 104.98873901367188 -1 245.73904418945312 114.45528411865234 712 240.25709533691406 126.20986938476562 -1 67.984870910644531 33.448978424072266 679 245.73904418945312 114.45528411865234 713 240.25709533691406 126.20986938476562 -1 67.984870910644531 33.448978424072266 -1 34.6778564453125 64.254669189453125 653 166.68466186523438 80.314460754394531 52 188.41123962402344 51.919265747070312 313 70.435844421386719 57.848037719726562 655 223.33818054199219 102.51685333251953 714 130.15341186523438 175.221435546875 -1 24.110479354858398 66.502517700195312 698 97.362640380859375 51.959743499755859 -1 171.43460083007812 51.5130615234375 75 30.408489227294922 82.483955383300781 603 154.08267211914062 90.846244812011719 315 194.45556640625 168.01510620117188 699 210.66290283203125 187.78656005859375 2116 217.89414978027344 195.79220581054688 582 40.487396240234375 34.21551513671875 735 98.009437561035156 50.433246612548828 -1 200.93023681640625 59.003231048583984 48 156.59002685546875 78.262535095214844 9 5.3870172500610352 88.107917785644531 728 139.02456665039062 139.92019653320312 -1 30.408489227294922 82.483955383300781 1237 105.32972717285156 13.821491241455078 427 67.926055908203125 47.494987487792969 682 32.67401123046875 60.133205413818359 700 245.750244140625 87.860649108886719 1052 34.149608612060547 236.40704345703125 -1 195.14173889160156 248.31980895996094 -1 235.34095764160156 133.26181030273438 595 211.38056945800781 117.16388702392578 593 238.4197998046875 115.20394897460938 672 151.63871765136719 103.6993408203125 57 164.45552062988281 102.743408203125 -1 174.24813842773438 95.5174560546875 2111 169.17591857910156 92.281257629394531 1495 240.02171325683594 83.50146484375 -1 174.24813842773438 95.5174560546875 2110 32.67401123046875 60.133205413818359 701 33.999217987060547 67.773910522460938 663 33.999217987060547 67.773910522460938 979 166.83961486816406 35.673881530761719 566 236.15562438964844 96.720962524414062 -1 149.45620727539062 111.20161437988281 -1 252.5546875 118.21446228027344 -1 161.62504577636719 122.99724578857422 702 29.620201110839844 84.319145202636719 603 9.2185459136962891 100.99032592773438 703 140.20555114746094 19.566867828369141 -1 61.258090972900391 55.642219543457031 788 160.37991333007812 60.805263519287109 90 169.97225952148438 62.967170715332031 -1 161.62504577636719 122.99724578857422 704 29.620201110839844 84.319145202636719 1237 131.55610656738281 13.105037689208984 -1 140.20555114746094 19.566867828369141 727 144.98458862304688 21.630434036254883 -1 38.176528930664062 23.34294319152832 -1 63.419284820556641 33.265487670898438 681 180.319091796875 44.259033203125 8 168.44515991210938 53.170177459716797 169 178.12101745605469 53.323017120361328 433 61.258090972900391 55.642219543457031 580 74.141014099121094 57.386543273925781 705 160.37991333007812 60.805263519287109 643 169.97225952148438 62.967170715332031 18 171.66050720214844 88.084541320800781 842 179.69064331054688 94.766242980957031 506 252.58717346191406 90.713531494140625 853 123.55345153808594 18.61345100402832 -1 65.284255981445312 52.637386322021484 -1 40.360553741455078 64.377227783203125 612 93.681777954101562 5.0180158615112305 -1 108.89700317382812 5.325523853302002 227 40.360553741455078 64.377227783203125 613 108.89700317382812 5.325523853302002 204 65.284255981445312 52.637386322021484 632 246.28509521484375 101.76210021972656 732 252.58717346191406 90.713531494140625 -1 47.711292266845703 32.982627868652344 723 65.963890075683594 38.393898010253906 -1 169.56246948242188 39.968997955322266 34 47.89373779296875 47.572528839111328 706 224.02894592285156 192.19294738769531 583 228.05355834960938 196.95634460449219 724 199.93545532226562 160.45899963378906 2118 230.8572998046875 200.29257202148438 -1 235.28825378417969 205.40069580078125 -1 251.52491760253906 225.10282897949219 -1 216.395751953125 253.41921997070312 -1 100.42284393310547 7.5234270095825195 -1 197.72792053222656 182.17941284179688 499 214.07563781738281 180.2569580078125 665 142.47117614746094 118.55040740966797 293 142.63566589355469 116.13744354248047 293 154.229736328125 99.167694091796875 311 166.01708984375 89.523567199707031 36 22.910314559936523 89.589324951171875 661 7.9169974327087402 88.625892639160156 -1 163.06709289550781 74.854263305664062 -1 3.5754294395446777 72.998420715332031 -1 34.291099548339844 59.061965942382812 707 196.16069030761719 56.984470367431641 35 79.917388916015625 54.947681427001953 660 61.898769378662109 51.406566619873047 664 113.46889495849609 1.9918279647827148 -1 102.23869323730469 14.06085205078125 -1 133.42497253417969 23.88932991027832 721 47.711292266845703 32.982627868652344 722 162.72116088867188 28.975427627563477 -1 3.5754294395446777 72.998420715332031 -1 7.9169974327087402 88.625892639160156 -1 22.910314559936523 89.589324951171875 841 113.46889495849609 1.9918279647827148 1016 197.72792053222656 182.17941284179688 843 251.52491760253906 225.10282897949219 -1 102.23869323730469 14.06085205078125 250 100.42284393310547 7.5234270095825195 -1 100.42284393310547 7.5234270095825195 126 81.734962463378906 19.881229400634766 -1 166.01708984375 89.523567199707031 1495 107.44126129150391 22.296895980834961 -1 133.42497253417969 23.88932991027832 719 241.76742553710938 213.19120788574219 -1 219.44091796875 186.95164489746094 -1 169.56246948242188 39.968997955322266 688 217.29083251953125 183.98289489746094 -1 215.980224609375 186.32606506347656 710 48.209674835205078 53.979263305664062 -1 48.209674835205078 53.979263305664062 -1 
93 0.99465965625274988 0.088041753773740003 0.051620920249876037 -0.015365494074764627 -1.8898134618400662 -0.41770482624715138 1.7981723803481848 1 000093.png
129.05694580078125 102.98923492431641 737 87.006622314453125 84.131149291992188 711 185.2750244140625 31.286212921142578 -1 198.08297729492188 72.5301513671875 428 78.558876037597656 36.965641021728516 -1 28.801259994506836 49.341094970703125 -1 58.273750305175781 64.390724182128906 918 153.86412048339844 36.7998046875 -1 113.53959655761719 25.930625915527344 -1 134.06890869140625 85.075019836425781 -1 36.848423004150391 86.051292419433594 590 72.400199890136719 65.620170593261719 655 37.462284088134766 72.023735046386719 651 166.66978454589844 80.341056823730469 49 13.407561302185059 84.730216979980469 -1 240.451416015625 120.2982177734375 712 196.89527893066406 185.21392822265625 -1 37.462284088134766 72.023735046386719 653 166.66978454589844 80.341056823730469 52 13.407561302185059 84.730216979980469 -1 201.84089660644531 61.004684448242188 48 5.9952077865600586 102.26812744140625 -1 151.43423461914062 28.074090957641602 749 151.43423461914062 28.074090957641602 750 141.703369140625 24.95244026184082 -1 68.040580749511719 77.352622985839844 656 27.128833770751953 73.966217041015625 698 5.9952077865600586 102.26812744140625 795 141.703369140625 24.95244026184082 727 41.244499206542969 43.815563201904297 735 171.40701293945312 51.569129943847656 75 188.54843139648438 51.985805511474609 313 219.34698486328125 108.79622650146484 714 12.376557350158691 112.69091796875 703 151.42135620117188 119.09423828125 6 249.44297790527344 129.5484619140625 -1 8.3237895965576172 94.329887390136719 728 124.86525726318359 17.616123199462891 -1 166.22848510742188 35.811325073242188 566 132.5089111328125 17.586694717407227 -1 156.56065368652344 78.221694946289062 9 154.1575927734375 90.578269958496094 315 23.32097053527832 97.977790832519531 841 207.60719299316406 190.96636962890625 2116 106.97212219238281 46.335842132568359 -1 214.54905700683594 198.4693603515625 582 38.597320556640625 32.571796417236328 -1 124.86525726318359 17.616123199462891 -1 20.584232330322266 105.93161773681641 729 91.215805053710938 11.225318908691406 802 180.508544921875 44.449714660644531 8 35.608783721923828 67.946426391601562 700 174.25093078613281 95.563301086425781 2111 164.38833618164062 102.90164947509766 -1 151.692626953125 103.79874420166016 57 234.36863708496094 121.27230072021484 672 192.55484008789062 249.17890930175781 -1 108.40364074707031 84.640800476074219 -1 105.59423828125 13.73038387298584 427 49.150253295898438 48.998882293701172 -1 174.25093078613281 95.563301086425781 2110 35.608783721923828 67.946426391601562 701 231.87118530273438 102.69384765625 -1 159.37240600585938 126.59555053710938 704 121.35877227783203 20.778484344482422 -1 37.773490905761719 237.99897766113281 -1 121.35877227783203 20.778484344482422 -1 160.392578125 60.863773345947266 90 62.672817230224609 61.912574768066406 -1 170.00758361816406 62.888637542724609 80 170.00758361816406 62.888637542724609 -1 155.22207641601562 64.701980590820312 19 244.52961730957031 93.548500061035156 -1 159.37240600585938 126.59555053710938 702 98.144325256347656 4.357691764831543 -1 115.86468505859375 4.8363618850708008 -1 64.168464660644531 38.722320556640625 681 178.21102905273438 53.090534210205078 433 168.50093078613281 53.215888977050781 169 100.81807708740234 56.041164398193359 767 160.392578125 60.863773345947266 643 62.672817230224609 61.912574768066406 788 170.00758361816406 62.888637542724609 18 155.22207641601562 64.701980590820312 25 77.602912902832031 65.408866882324219 705 12.150749206542969 75.013412475585938 -1 244.10871887207031 85.629470825195312 1052 171.79106140136719 88.208717346191406 842 169.35528564453125 92.307296752929688 1495 244.52961730957031 93.548500061035156 -1 179.66371154785156 94.81793212890625 506 240.61582946777344 96.221214294433594 -1 109.15895080566406 5.1772699356079102 204 116.5394287109375 3.3756663799285889 -1 4.3606557846069336 108.30307769775391 752 4.2798652648925781 111.8226318359375 -1 116.5394287109375 3.3756663799285889 1016 93.813491821289062 5.4012436866760254 -1 100.96449279785156 7.5219864845275879 -1 100.96449279785156 7.5219864845275879 126 100.96449279785156 7.5219864845275879 -1 49.308422088623047 38.613819122314453 -1 42.936611175537109 71.947013854980469 613 3.5784204006195068 81.030258178710938 -1 4.3606557846069336 108.30307769775391 -1 109.15895080566406 5.1772699356079102 227 98.956947326660156 18.245149612426758 -1 49.308422088623047 38.613819122314453 723 66.551429748535156 58.983745574951172 -1 42.936611175537109 71.947013854980469 612 3.5784204006195068 81.030258178710938 -1 16.401958465576172 105.07946014404297 -1 142.36294555664062 118.41323852539062 293 154.233154296875 99.192764282226562 311 26.97407341003418 98.195060729980469 661 11.028334617614746 94.79644775390625 -1 165.98414611816406 89.50946044921875 36 172.86161804199219 80.194381713867188 1514 6.9862284660339355 79.453224182128906 -1 72.212501525878906 55.983222961425781 682 135.25450134277344 31.502536773681641 721 76.965568542480469 38.12725830078125 576 169.60993957519531 39.903221130371094 688 102.63378143310547 44.059402465820312 -1 6.9862284660339355 79.453224182128906 -1 165.98414611816406 89.50946044921875 1495 165.98414611816406 89.50946044921875 1495 11.028334617614746 94.79644775390625 -1 74.9835205078125 29.023824691772461 -1 127.48515319824219 8.9507284164428711 -1 79.045997619628906 27.029514312744141 -1 135.25450134277344 31.502536773681641 719 76.965568542480469 38.12725830078125 731 169.60993957519531 39.903221130371094 34 250.33441162109375 117.89382171630859 -1 102.63378143310547 44.059402465820312 -1 4.1058826446533203 77.832046508789062 -1 172.35845947265625 60.325016021728516 -1 78.951019287109375 65.469741821289062 705 37.052661895751953 67.092781066894531 707 250.33441162109375 117.89382171630859 -1 240.99095153808594 107.90070343017578 732 26.97407341003418 98.195060729980469 841 3.0239028930664062 105.13507843017578 -1 145.113525390625 117.94798278808594 578 153.77720642089844 102.72219848632812 -1 153.77720642089844 102.72219848632812 -1 
94 0.99460584545350184 0.088029286462510098 0.052705218492482539 -0.015238663270965817 -1.887070203799448 -0.42358749009091118 1.8010123407935641 1 000092.png
127.26751708984375 102.3857421875 -1 92.570053100585938 168.04249572753906 -1 84.94805908203125 82.280555725097656 711 186.66006469726562 29.822507858276367 -1 147.93084716796875 39.316509246826172 -1 198.08868408203125 72.605987548828125 428 186.66006469726562 29.822507858276367 -1 78.283966064453125 34.716175079345703 -1 57.187770843505859 61.120388031005859 918 106.25946807861328 161.48890686035156 -1 106.25946807861328 161.48890686035156 -1 113.7867431640625 25.228733062744141 -1 35.377140045166016 82.5875244140625 590 36.323352813720703 68.752784729003906 651 166.67660522460938 80.405029296875 49 12.124083518981934 81.995368957519531 -1 242.74200439453125 118.13651275634766 712 12.124083518981934 81.995368957519531 -1 242.74200439453125 118.13651275634766 713 36.323352813720703 68.752784729003906 653 166.67660522460938 80.405029296875 52 129.75593566894531 173.90419006347656 -1 188.43914794921875 51.871768951416016 313 106.95143890380859 58.844699859619141 76 71.946586608886719 62.265274047851562 655 25.839653015136719 71.1636962890625 698 67.724311828613281 73.67376708984375 656 252.62944030761719 93.493637084960938 853 220.92691040039062 106.44028472900391 714 9.25457763671875 108.73826599121094 703 151.73637390136719 118.55809783935547 6 252.62944030761719 93.493637084960938 -1 40.576438903808594 39.832015991210938 735 6.9482407569885254 100.00667572021484 795 21.758819580078125 94.527359008789062 841 149.01939392089844 26.423055648803711 749 171.39178466796875 51.522991180419922 75 166.14338684082031 35.853218078613281 566 208.40812683105469 189.85739135742188 2116 7.2845072746276855 91.585746765136719 728 37.453666687011719 28.214927673339844 -1 156.61187744140625 78.156707763671875 9 215.43600463867188 197.31153869628906 582 141.21263122558594 22.646589279174805 727 154.17518615722656 90.60009765625 315 141.21263122558594 22.646589279174805 -1 99.151573181152344 55.099666595458984 767 105.56253051757812 13.85616397857666 427 132.04864501953125 15.418139457702637 -1 180.47979736328125 44.436000823974609 8 34.470569610595703 64.722877502441406 700 101.47299194335938 64.678726196289062 -1 32.480148315429688 88.107322692871094 603 174.33027648925781 95.663284301757812 2111 164.38809204101562 102.90611267089844 -1 40.875247955322266 62.521831512451172 769 32.480148315429688 88.107322692871094 1237 34.470569610595703 64.722877502441406 701 192.98329162597656 249.66189575195312 -1 111.53280639648438 147.33125305175781 -1 235.89707946777344 118.95905303955078 672 161.30136108398438 113.75425720214844 -1 151.6890869140625 103.66596221923828 57 174.33027648925781 95.663284301757812 2110 244.03363037109375 85.897186279296875 1052 75.939018249511719 62.084743499755859 705 179.6917724609375 94.833869934082031 506 233.45222473144531 100.74673461914062 -1 160.10345458984375 125.45193481445312 704 212.1134033203125 251.20059204101562 -1 151.44349670410156 75.536697387695312 -1 151.44349670410156 75.536697387695312 -1 62.115066528320312 59.300327301025391 -1 62.115066528320312 59.300327301025391 580 160.50294494628906 60.867183685302734 90 169.99659729003906 62.911197662353516 80 169.99659729003906 62.911197662353516 -1 24.262660980224609 94.590438842773438 841 160.10345458984375 125.45193481445312 702 212.1134033203125 251.20059204101562 -1 93.813674926757812 5.2497987747192383 -1 151.44349670410156 75.536697387695312 -1 98.359466552734375 4.3967304229736328 -1 121.90845489501953 26.825471878051758 -1 131.24569702148438 30.900321960449219 -1 134.21774291992188 32.423736572265625 -1 64.0020751953125 36.332557678222656 681 69.89923095703125 51.975677490234375 682 104.35636901855469 53.206985473632812 -1 168.4832763671875 53.244125366210938 169 178.08444213867188 53.292270660400391 433 62.115066528320312 59.300327301025391 788 160.50294494628906 60.867183685302734 643 169.99659729003906 62.911197662353516 18 171.7252197265625 88.148345947265625 842 242.46620178222656 93.739654541015625 -1 24.262660980224609 94.590438842773438 661 108.921630859375 5.2635293006896973 227 189.00080871582031 64.510322570800781 326 31.671199798583984 89.916160583496094 603 41.790660858154297 68.677200317382812 613 3.0000534057617188 74.724624633789062 -1 167.85200500488281 35.520698547363281 -1 242.81985473632812 105.80228424072266 732 108.921630859375 5.2635293006896973 204 149.54283142089844 84.95501708984375 717 246.48869323730469 92.078071594238281 -1 66.113845825195312 56.264930725097656 -1 31.671199798583984 89.916160583496094 1237 0.64638626575469971 108.81363677978516 -1 41.790660858154297 68.677200317382812 612 116.55128479003906 3.4215123653411865 1016 66.113845825195312 56.264930725097656 -1 134.59608459472656 28.368009567260742 719 169.5089111328125 39.753452301025391 34 189.97822570800781 49.600589752197266 313 51.4853515625 50.714733123779297 -1 71.74505615234375 53.291110992431641 682 62.765583038330078 55.075901031494141 664 16.530284881591797 98.559242248535156 -1 202.81404113769531 168.40538024902344 641 146.91954040527344 105.79444885253906 -1 2.7674517631530762 97.14947509765625 -1 8.9406881332397461 95.097213745117188 -1 9.8414506912231445 92.078048706054688 -1 165.9976806640625 89.427650451660156 36 241.95967102050781 83.434837341308594 -1 5.8215689659118652 76.652877807617188 -1 42.829418182373047 71.771690368652344 720 81.873466491699219 59.938526153564453 660 196.11648559570312 56.911399841308594 35 134.59608459472656 28.368009567260742 721 48.669967651367188 36.245918273925781 722 169.5089111328125 39.753452301025391 688 51.4853515625 50.714733123779297 -1 5.8215689659118652 76.652877807617188 -1 48.669967651367188 36.245918273925781 723 165.9976806640625 89.427650451660156 1495 9.8414506912231445 92.078048706054688 -1 16.530284881591797 98.559242248535156 -1 195.77998352050781 184.21603393554688 843 104.89452362060547 7.0418477058410645 126 195.77998352050781 184.21603393554688 499 221.43598937988281 193.94357299804688 583 223.57168579101562 196.71183776855469 -1 225.58810424804688 199.02645874023438 724 249.59153747558594 228.07867431640625 -1 253.447509765625 232.83074951171875 -1 120.86902618408203 16.083463668823242 -1 142.34744262695312 118.53025054931641 293 124.11576843261719 22.215719223022461 -1 49.113330841064453 51.768413543701172 -1 133.07286071777344 183.55038452148438 492 2.2361328601837158 78.218063354492188 -1 49.113330841064453 51.768413543701172 706 49.113330841064453 51.768413543701172 -1 133.07286071777344 183.55038452148438 493 2.2361328601837158 78.218063354492188 -1 2.2361328601837158 78.218063354492188 -1 
95 0.99452438773563445 0.090082152704276233 0.051529327711757403 -0.012295379164519003 -1.9101372277658726 -0.44750354461231312 1.8046790467768232 1 000095.png
119.52671051025391 95.415824890136719 771 85.078056335449219 39.086841583251953 -1 85.078056335449219 39.086841583251953 846 195.5111083984375 69.822441101074219 -1 120.73258972167969 86.670669555664062 1523 120.73258972167969 86.670669555664062 1499 120.73258972167969 86.670669555664062 1523 92.562240600585938 29.741605758666992 -1 149.73190307617188 34.803653717041016 -1 181.55918884277344 30.689043045043945 -1 232.06832885742188 118.66986846923828 746 103.45062255859375 162.05812072753906 -1 111.49981689453125 221.90377807617188 -1 232.1275634765625 227.98677062988281 -1 232.06832885742188 118.66986846923828 -1 120.20754241943359 19.680105209350586 -1 66.816390991210938 41.591575622558594 -1 57.726665496826172 65.256599426269531 918 238.85856628417969 87.687835693359375 758 206.80548095703125 67.986557006835938 -1 146.58033752441406 26.934425354003906 749 36.610595703125 85.212234497070312 590 237.3099365234375 144.19740295410156 -1 146.58033752441406 26.934425354003906 750 37.21478271484375 71.532722473144531 651 166.8123779296875 80.232170104980469 49 231.14752197265625 104.21533966064453 -1 166.8123779296875 80.232170104980469 52 21.16929817199707 97.022369384765625 -1 6.5104608535766602 105.43553161621094 -1 98.022071838378906 57.091667175292969 767 196.56680297851562 168.03092956542969 -1 6.5104608535766602 105.43553161621094 752 212.34371948242188 95.217453002929688 760 123.53559112548828 32.410167694091797 -1 27.437074661254883 72.566215515136719 698 83.037651062011719 57.277660369873047 -1 68.389091491699219 65.725357055664062 655 35.361209869384766 33.290290832519531 -1 171.19183349609375 51.308315277099609 75 188.66224670410156 51.9869384765625 313 157.7711181640625 58.176219940185547 90 165.52719116210938 35.898536682128906 566 156.43698120117188 78.005012512207031 9 247.22538757324219 88.147354125976562 -1 5.3082075119018555 97.304481506347656 -1 10.962218284606934 111.93391418457031 850 249.81369018554688 125.79898071289062 761 196.83502197265625 225.03036499023438 768 157.7711181640625 58.176219940185547 643 106.62432098388672 14.173491477966309 427 174.36508178710938 95.302398681640625 2111 131.7982177734375 26.464216232299805 727 151.81413269042969 103.77590942382812 57 174.36508178710938 95.302398681640625 2110 140.93115234375 21.177886962890625 -1 33.649505615234375 91.188255310058594 603 33.649505615234375 91.188255310058594 1237 35.558780670166016 67.325477600097656 700 91.362770080566406 10.964005470275879 920 35.558780670166016 67.325477600097656 701 103.32986450195312 80.198211669921875 103 180.51242065429688 44.451744079589844 8 168.8753662109375 91.906410217285156 1495 91.362770080566406 10.964005470275879 802 226.23731994628906 105.62598419189453 -1 164.63417053222656 102.54267120361328 11 58.357734680175781 42.0184326171875 -1 164.63417053222656 102.54267120361328 -1 226.23731994628906 105.62598419189453 -1 96.965217590332031 14.338504791259766 -1 142.23074340820312 20.947858810424805 -1 109.51139831542969 25.173513412475586 -1 41.096958160400391 29.818958282470703 -1 168.17160034179688 53.004718780517578 169 178.10711669921875 53.383781433105469 433 160.24435424804688 60.283954620361328 643 60.088191986083984 62.353710174560547 788 169.97500610351562 62.879947662353516 18 153.27073669433594 66.507926940917969 19 172.0108642578125 88.016380310058594 842 179.916015625 94.193260192871094 506 187.5101318359375 150.05694580078125 -1 224.74974060058594 176.56529235839844 -1 184.2216796875 250.86834716796875 -1 162.24534606933594 113.87094879150391 -1 173.86305236816406 39.039161682128906 14 151.432861328125 75.514007568359375 -1 151.432861328125 75.514007568359375 -1 151.432861328125 75.514007568359375 -1 60.088191986083984 62.353710174560547 580 169.97500610351562 62.879947662353516 80 169.97500610351562 62.879947662353516 -1 153.27073669433594 66.507926940917969 25 61.336219787597656 46.646671295166016 754 1.3878076076507568 60.150077819824219 -1 78.68023681640625 62.100212097167969 660 65.183708190917969 56.470859527587891 682 116.52153778076172 3.374290943145752 1016 93.769630432128906 5.339390754699707 -1 42.478950500488281 71.520652770996094 612 95.426231384277344 55.099205017089844 -1 1.3878076076507568 60.150077819824219 -1 42.478950500488281 71.520652770996094 613 250.99510192871094 128.43531799316406 -1 12.857739448547363 99.084762573242188 -1 15.351310729980469 103.08725738525391 -1 36.036056518554688 93.944831848144531 755 172.08648681640625 89.418067932128906 842 166.06401062011719 89.365867614746094 36 41.912075042724609 86.934761047363281 -1 3.5709593296051025 82.175521850585938 -1 172.99472045898438 80.043449401855469 1514 78.190322875976562 62.882381439208984 -1 197.14881896972656 167.77510070800781 -1 169.54414367675781 39.822669982910156 688 48.122043609619141 54.731216430664062 -1 218.08705139160156 171.46739196777344 -1 244.06477355957031 106.45514678955078 -1 169.54414367675781 39.822669982910156 34 3.5709593296051025 82.175521850585938 -1 166.06401062011719 89.365867614746094 1495 15.351310729980469 103.08725738525391 -1 15.351310729980469 103.08725738525391 -1 109.83700561523438 161.90721130371094 -1 189.74110412597656 247.14549255371094 -1 143.55581665039062 20.701631546020508 -1 18.662622451782227 103.10086059570312 -1 248.6016845703125 126.17225646972656 -1 195.53712463378906 149.41464233398438 -1 200.63229370117188 153.96725463867188 -1 109.83700561523438 161.90721130371094 -1 193.07546997070312 169.96328735351562 -1 196.490478515625 56.778057098388672 35 193.07546997070312 169.96328735351562 -1 
96 0.99455602556977429 0.088419724572026084 0.051691998111520268 -0.019188580997566027 -1.8930658734936032 -0.40599351246958104 1.8004198618097866 1 000094.png
126.66440582275391 101.19823455810547 737 241.6925048828125 133.364990234375 -1 86.047836303710938 84.722862243652344 711 184.98472595214844 31.063758850097656 -1 197.90306091308594 72.385368347167969 428 74.242607116699219 38.144866943359375 -1 58.498268127441406 64.438934326171875 918 152.72430419921875 36.380619049072266 -1 113.59464263916016 25.891450881958008 -1 37.128238677978516 86.215049743652344 590 218.64860534667969 243.5604248046875 -1 218.64860534667969 243.5604248046875 -1 150.07562255859375 28.559289932250977 749 66.826385498046875 39.818225860595703 679 91.111053466796875 54.030323028564453 -1 37.648838043212891 72.210845947265625 651 166.68266296386719 80.385101318359375 49 13.350406646728516 86.174186706542969 -1 238.94320678710938 115.40774536132812 712 248.04505920410156 124.43618774414062 -1 122.19096374511719 34.857574462890625 -1 238.94320678710938 115.40774536132812 713 150.07562255859375 28.559289932250977 750 66.826385498046875 39.818225860595703 -1 37.648838043212891 72.210845947265625 653 166.68266296386719 80.385101318359375 52 71.579612731933594 65.609107971191406 655 188.46232604980469 51.913894653320312 313 27.456674575805664 73.909019470214844 698 23.266719818115234 98.171646118164062 841 218.50811767578125 104.22114562988281 714 20.077468872070312 106.56832122802734 729 151.44387817382812 118.34033203125 6 45.449817657470703 35.395442962646484 -1 197.46969604492188 180.72933959960938 -1 151.44387817382812 118.34033203125 5 11.826442718505859 113.71788787841797 703 58.207424163818359 75.296737670898438 -1 139.49404907226562 24.191640853881836 727 40.014823913574219 44.138088226318359 735 171.53294372558594 51.413650512695312 75 249.00761413574219 90.403945922851562 853 7.79974365234375 95.344276428222656 728 106.76032257080078 46.419475555419922 -1 130.87948608398438 17.689609527587891 -1 156.5750732421875 78.155082702636719 9 154.14057922363281 90.789909362792969 315 130.87948608398438 17.689609527587891 -1 91.365776062011719 10.929438591003418 802 124.42702484130859 19.310853958129883 -1 38.450344085693359 34.320976257324219 -1 166.42233276367188 35.78887939453125 566 180.57003784179688 44.486679077148438 8 149.76063537597656 48.748470306396484 -1 35.868667602539062 68.03802490234375 700 174.35206604003906 95.632362365722656 2111 194.06999206542969 243.95307922363281 -1 202.74826049804688 170.08155822753906 -1 124.42702484130859 19.310853958129883 -1 193.72781372070312 159.61216735839844 -1 111.40248870849609 147.72120666503906 -1 151.69941711425781 103.61015319824219 57 164.47854614257812 102.81067657470703 -1 100.0675048828125 56.416236877441406 767 202.74826049804688 170.08155822753906 -1 193.72781372070312 159.61216735839844 -1 164.47854614257812 102.81067657470703 11 174.35206604003906 95.632362365722656 2110 35.868667602539062 68.03802490234375 701 149.76063537597656 48.748470306396484 -1 124.42702484130859 19.310853958129883 -1 161.79513549804688 113.53878021240234 -1 186.14939880371094 144.28965759277344 -1 101.76579284667969 7.3935651779174805 -1 160.57508850097656 60.74755859375 90 62.086921691894531 62.004039764404297 -1 170.08369445800781 62.8052978515625 80 170.08369445800781 62.8052978515625 -1 34.009635925292969 93.024009704589844 1237 159.99998474121094 125.03830718994141 702 98.524703979492188 4.5461106300354004 -1 101.76579284667969 7.3935651779174805 126 106.26753234863281 13.440578460693359 427 96.991905212402344 14.327265739440918 -1 62.745136260986328 39.2266845703125 681 168.51686096191406 53.133174896240234 169 178.07896423339844 53.293426513671875 433 69.325393676757812 54.967979431152344 682 160.57508850097656 60.74755859375 643 62.086921691894531 62.004039764404297 788 194.71392822265625 62.61883544921875 685 170.08369445800781 62.8052978515625 18 171.77239990234375 88.184890747070312 842 34.009635925292969 93.024009704589844 603 179.73139953613281 94.759010314941406 506 233.28225708007812 116.97122955322266 672 159.99998474121094 125.03830718994141 704 48.585639953613281 39.014823913574219 -1 4.1197586059570312 109.87385559082031 -1 65.720748901367188 59.173454284667969 -1 43.080722808837891 71.972503662109375 612 3.6721947193145752 113.31595611572266 -1 6.5907454490661621 80.28106689453125 -1 12.490577697753906 92.243949890136719 -1 50.359535217285156 63.556159973144531 -1 6.3839507102966309 106.89656829833984 -1 93.770904541015625 5.3502950668334961 -1 109.29540252685547 5.3578338623046875 227 125.49562072753906 7.9938640594482422 -1 42.935619354248047 31.016246795654297 -1 54.664581298828125 36.113227844238281 -1 50.359535217285156 63.556159973144531 -1 3.6721947193145752 113.31595611572266 -1 109.29540252685547 5.3578338623046875 204 48.585639953613281 39.014823913574219 723 43.080722808837891 71.972503662109375 613 6.5907454490661621 80.28106689453125 -1 6.3839507102966309 106.89656829833984 -1 4.1197586059570312 109.87385559082031 752 31.393497467041016 242.12042236328125 -1 27.425287246704102 98.55340576171875 661 33.557327270507812 94.320808410644531 1237 166.0377197265625 89.518341064453125 36 2.7801263332366943 82.07916259765625 -1 173.06651306152344 79.682464599609375 1514 3.1806261539459229 78.859344482421875 -1 165.62367248535156 72.41729736328125 -1 113.77721405029297 2.1429195404052734 1016 77.97119140625 65.517936706542969 705 125.21026611328125 11.501688003540039 -1 53.007499694824219 61.252151489257812 -1 196.30029296875 56.988983154296875 35 103.84962463378906 46.915840148925781 -1 65.174354553222656 44.0205078125 754 125.21026611328125 11.501688003540039 -1 133.11479187011719 31.046176910400391 721 77.941169738769531 37.094829559326172 576 169.57717895507812 39.976219177246094 688 169.57717895507812 39.976219177246094 34 2.7801263332366943 82.07916259765625 -1 2.7801263332366943 82.07916259765625 -1 166.0377197265625 89.518341064453125 1495 33.557327270507812 94.320808410644531 603 133.11479187011719 31.046176910400391 719 77.941169738769531 37.094829559326172 731 167.00631713867188 41.249610900878906 -1 69.130516052246094 41.902999877929688 -1 38.278335571289062 234.99607849121094 -1 42.098075866699219 231.01649475097656 -1 16.247623443603516 106.002685546875 -1 184.98857116699219 66.910995483398438 -1 13.126054763793945 105.42221832275391 -1 142.40440368652344 118.77320861816406 293 173.993896484375 130.93197631835938 -1 194.0714111328125 183.53016662597656 843 45.874057769775391 227.45010375976562 -1 27.425287246704102 98.55340576171875 841 145.1834716796875 117.9490966796875 578 
97 0.99448865381906038 0.089818943177520677 0.051970483644379298 -0.014964748624541042 -1.909528711732412 -0.43876181308862477 1.8084267147224704 1 000096.png
117.9443359375 93.170188903808594 771 173.38140869140625 125.46286773681641 -1 148.52902221679688 37.531089782714844 -1 193.34663391113281 67.927146911621094 -1 120.74549102783203 87.659980773925781 1523 120.74549102783203 87.659980773925781 1499 120.74549102783203 87.659980773925781 1523 182.64874267578125 29.549003601074219 -1 110.43504333496094 220.18698120117188 -1 211.46621704101562 224.7257080078125 -1 110.43504333496094 220.18698120117188 -1 119.22938537597656 20.478988647460938 -1 55.887950897216797 65.970603942871094 918 230.74012756347656 110.09407043457031 837 230.74012756347656 110.09407043457031 838 95.82391357421875 31.096139907836914 -1 233.95048522949219 85.113929748535156 758 144.78337097167969 27.063346862792969 749 162.03021240234375 37.218063354492188 -1 95.476806640625 61.017425537109375 767 203.46763610839844 63.322647094726562 48 19.982692718505859 94.975334167480469 811 34.832038879394531 98.045005798339844 794 144.78337097167969 27.063346862792969 750 234.20082092285156 132.50920104980469 813 210.92649841308594 148.89338684082031 812 194.18508911132812 239.04653930664062 -1 60.334690093994141 46.527416229248047 854 188.36846923828125 52.300914764404297 313 167.07093811035156 79.924209594726562 49 37.668933868408203 84.669929504394531 590 198.69674682617188 102.93450164794922 -1 60.334690093994141 46.527416229248047 797 167.07093811035156 79.924209594726562 142 40.370040893554688 45.515190124511719 -1 40.370040893554688 45.515190124511719 735 46.315643310546875 39.267906188964844 -1 221.97369384765625 87.212593078613281 -1 227.06890869140625 94.675148010253906 -1 236.70819091796875 172.67652893066406 -1 145.17323303222656 24.095222473144531 749 46.315643310546875 39.267906188964844 -1 171.196533203125 51.157646179199219 75 157.50010681152344 57.827236175537109 643 29.800241470336914 72.38134765625 698 208.725830078125 87.585670471191406 760 221.97369384765625 87.212593078613281 -1 227.06890869140625 94.675148010253906 -1 179.53427124023438 250.03208923339844 -1 145.17323303222656 24.095222473144531 750 67.268020629882812 66.258209228515625 655 156.49656677246094 77.987739562988281 9 154.19699096679688 90.860702514648438 315 25.168674468994141 95.45068359375 841 6.684084415435791 99.597610473632812 752 152.15480041503906 103.28305816650391 57 245.05888366699219 113.56423950195312 761 6.684084415435791 99.597610473632812 -1 98.3885498046875 3.5541336536407471 -1 89.667800903320312 9.0204601287841797 -1 174.44548034667969 95.381629943847656 2110 199.14115905761719 213.35443115234375 768 199.34222412109375 251.35183715820312 -1 168.82957458496094 91.814865112304688 1495 220.82441711425781 111.49971771240234 823 174.44548034667969 95.381629943847656 2111 159.97061157226562 59.473857879638672 90 89.667800903320312 9.0204601287841797 802 172.15455627441406 87.784782409667969 842 225.02388000488281 73.495018005371094 -1 9.5887851715087891 66.033447265625 1064 180.49931335449219 44.454502105712891 8 43.202171325683594 65.727127075195312 769 159.97061157226562 59.473857879638672 643 90.117225646972656 52.531444549560547 -1 190.44917297363281 141.20506286621094 -1 111.41337585449219 146.43475341796875 -1 139.65281677246094 19.919576644897461 -1 166.70150756835938 35.627510070800781 566 108.84814453125 23.731832504272461 -1 56.762504577636719 46.581130981445312 797 169.26823425292969 46.851833343505859 106 168.3831787109375 53.058822631835938 169 178.17204284667969 53.202167510986328 433 20.473903656005859 59.432685852050781 831 169.97955322265625 62.888702392578125 18 3.910142183303833 63.41314697265625 859 60.822563171386719 63.670761108398438 788 179.96171569824219 94.117546081542969 506 18.98573112487793 101.289794921875 834 164.41880798339844 102.22936248779297 11 250.18211364746094 108.96672821044922 -1 191.51136779785156 136.12890625 -1 194.89553833007812 139.31088256835938 780 164.41880798339844 102.22936248779297 -1 93.56494140625 5.1651601791381836 -1 164.11936950683594 116.53308868408203 821 98.0057373046875 17.173952102661133 -1 164.11936950683594 116.53308868408203 -1 98.0057373046875 17.173952102661133 -1 169.97955322265625 62.888702392578125 80 169.97955322265625 62.888702392578125 -1 3.910142183303833 63.41314697265625 -1 60.822563171386719 63.670761108398438 580 110.40689849853516 5.4628777503967285 227 243.20756530761719 98.197471618652344 -1 132.52989196777344 182.26258850097656 492 181.56890869140625 252.03071594238281 -1 141.23869323730469 19.661672592163086 -1 50.304714202880859 67.832603454589844 -1 218.26692199707031 80.799697875976562 -1 113.94189453125 2.1772451400756836 1016 22.951913833618164 65.079734802246094 830 150.86392211914062 95.792037963867188 -1 243.20756530761719 98.197471618652344 -1 109.86572265625 10.212708473205566 -1 128.01956176757812 28.376758575439453 727 39.978794097900391 37.039669036865234 -1 4.5223917961120605 56.120864868164062 -1 181.56890869140625 252.03071594238281 -1 109.86572265625 10.212708473205566 -1 174.45217895507812 53.032039642333984 -1 46.707687377929688 41.513587951660156 -1 44.025463104248047 72.046226501464844 612 166.06982421875 88.997909545898438 36 171.93391418457031 89.351165771484375 842 240.07626342773438 96.747711181640625 -1 150.15834045410156 123.87487030029297 -1 15.990494728088379 64.184059143066406 -1 51.6290283203125 56.984588623046875 -1 154.35441589355469 99.276863098144531 311 11.100832939147949 60.988910675048828 835 48.854049682617188 56.227077484130859 878 5.8910374641418457 52.929370880126953 -1 46.903575897216797 50.831649780273438 832 3.5635857582092285 48.482051849365234 -1 55.962177276611328 42.978603363037109 -1 15.990494728088379 64.184059143066406 -1 12.493227005004883 52.977382659912109 -1 166.06982421875 88.997909545898438 1495 169.70635986328125 39.708686828613281 34 42.764095306396484 38.512577056884766 -1 15.311237335205078 68.851852416992188 1064 64.584846496582031 59.144695281982422 -1 169.70635986328125 39.708686828613281 688 44.942279815673828 68.932365417480469 -1 51.6290283203125 56.984588623046875 -1 14.30477237701416 71.428741455078125 -1 44.025463104248047 72.046226501464844 613 113.75167846679688 154.85990905761719 -1 
98 0.99446198490420912 0.088763291025927879 0.05383360387142893 -0.016382363713493029 -1.9017509024941739 -0.43287583958904546 1.8180011524129627 1 000097.png
118.49421691894531 87.306549072265625 771 89.40093994140625 48.050815582275391 -1 89.40093994140625 48.050815582275391 -1 177.05450439453125 122.13938903808594 -1 193.0340576171875 67.572586059570312 -1 120.92449188232422 88.684677124023438 1499 111.29395294189453 220.74368286132812 -1 120.92449188232422 88.684677124023438 1523 111.29395294189453 220.74368286132812 -1 120.92449188232422 88.684677124023438 1523 147.99716186523438 37.285980224609375 -1 181.61116027832031 30.642484664916992 -1 213.02037048339844 215.88737487792969 -1 213.02037048339844 215.88737487792969 -1 119.17733001708984 20.461963653564453 -1 57.751262664794922 66.149688720703125 918 231.04519653320312 105.64988708496094 -1 172.71591186523438 117.35822296142578 -1 172.71591186523438 117.35822296142578 -1 231.04519653320312 105.64988708496094 -1 144.65689086914062 29.457029342651367 -1 96.236915588378906 32.1298828125 -1 160.43287658691406 38.112030029296875 -1 64.619598388671875 46.976985931396484 -1 231.63145446777344 82.979690551757812 758 37.63818359375 96.776351928710938 794 14.36078929901123 76.456375122070312 810 22.832073211669922 94.178619384765625 811 144.12712097167969 25.028457641601562 749 61.987220764160156 47.734004974365234 854 188.77116394042969 52.468215942382812 313 153.62263488769531 57.126735687255859 -1 167.07087707519531 79.899528503417969 49 40.446285247802734 83.915786743164062 590 234.46136474609375 126.58024597167969 813 144.12712097167969 25.028457641601562 750 199.10845947265625 98.826690673828125 -1 61.987220764160156 47.734004974365234 797 96.300575256347656 58.853870391845703 -1 153.62263488769531 57.126735687255859 -1 96.300575256347656 58.853870391845703 767 167.07087707519531 79.899528503417969 52 167.07087707519531 79.899528503417969 142 157.4862060546875 57.749416351318359 643 33.117416381835938 71.948455810546875 698 41.943019866943359 71.934532165527344 651 208.62258911132812 83.562973022460938 760 241.45881652832031 85.690574645996094 -1 224.28956604003906 99.913543701171875 -1 95.759010314941406 9.6968717575073242 -1 224.28956604003906 99.913543701171875 -1 115.69002532958984 8.9702882766723633 -1 171.15097045898438 51.053390502929688 75 95.759010314941406 9.6968717575073242 -1 10.098050117492676 100.00779724121094 752 244.99826049804688 107.69443511962891 761 221.38395690917969 83.240676879882812 -1 117.87767028808594 159.36708068847656 -1 182.46632385253906 244.09169006347656 -1 151.95161437988281 103.72966766357422 57 174.36441040039062 95.222709655761719 2111 174.36441040039062 95.222709655761719 2110 156.45506286621094 77.971817016601562 9 154.237060546875 90.681358337402344 315 221.38395690917969 83.240676879882812 -1 10.098050117492676 100.00779724121094 -1 242.91104125976562 113.80049133300781 -1 148.98614501953125 70.414817810058594 92 7.291409969329834 64.598243713378906 -1 200.400390625 97.5146484375 -1 29.223907470703125 94.453742980957031 841 172.17201232910156 87.765693664550781 842 148.98614501953125 70.414817810058594 408 180.40214538574219 44.360435485839844 8 13.570075035095215 66.213584899902344 1064 68.904701232910156 65.876754760742188 655 7.291409969329834 64.598243713378906 859 205.91981506347656 199.87071228027344 -1 242.91104125976562 113.80049133300781 -1 202.17263793945312 242.76373291015625 -1 109.03814697265625 24.000930786132812 -1 58.360511779785156 48.029598236083984 797 168.12904357910156 52.895118713378906 169 178.1500244140625 53.26531982421875 433 24.198774337768555 59.432849884033203 831 169.95834350585938 62.895908355712891 18 62.911006927490234 63.843463897705078 580 40.468376159667969 67.542732238769531 700 217.97755432128906 76.863929748535156 -1 242.90022277832031 92.534812927246094 -1 180.015380859375 94.092277526855469 506 21.862823486328125 100.53666687011719 834 164.59538269042969 101.87393951416016 11 249.81352233886719 102.67009735107422 -1 192.23509216308594 132.20445251464844 -1 203.17771911621094 211.64651489257812 -1 223.56121826171875 71.710494995117188 -1 169.95834350585938 62.895908355712891 80 169.95834350585938 62.895908355712891 -1 62.911006927490234 63.843463897705078 788 40.468376159667969 67.542732238769531 701 242.90022277832031 92.534812927246094 -1 194.38113403320312 155.93585205078125 -1 100.04831695556641 20.937347412109375 -1 5.3652839660644531 50.588207244873047 -1 42.465309143066406 37.052326202392578 -1 8.7648868560791016 56.779621124267578 -1 49.428806304931641 42.69415283203125 -1 195.55717468261719 135.60174560546875 780 113.96817779541016 2.0897417068481445 1016 93.50439453125 5.0314722061157227 -1 110.53214263916016 5.8887038230895996 227 109.8775634765625 10.445427894592285 -1 49.451736450195312 50.726390838623047 832 10.210439682006836 53.547142028808594 -1 49.428806304931641 42.69415283203125 -1 110.53214263916016 5.8887038230895996 204 194.38113403320312 155.93585205078125 -1 26.487421035766602 64.912437438964844 830 149.61724853515625 84.743919372558594 -1 46.850696563720703 71.641456604003906 612 19.442302703857422 69.278984069824219 1064 71.788795471191406 65.488128662109375 705 67.537643432617188 64.056976318359375 -1 22.08842658996582 62.854915618896484 -1 61.541996002197266 61.177890777587891 784 54.150783538818359 57.927330017089844 -1 51.324554443359375 56.671848297119141 878 53.374378204345703 44.07781982421875 -1 150.28567504882812 123.95709991455078 -1 62.035346984863281 41.806571960449219 -1 57.424598693847656 41.700176239013672 -1 169.62611389160156 39.907005310058594 34 66.042404174804688 39.519119262695312 -1 45.426570892333984 39.128177642822266 -1 94.384193420410156 30.547248840332031 -1 146.40452575683594 90.695480346679688 -1 14.431394577026367 97.416793823242188 829 169.62611389160156 39.907005310058594 688 53.374378204345703 44.07781982421875 -1 61.541996002197266 61.177890777587891 664 67.537643432617188 64.056976318359375 -1 166.09414672851562 101.14350128173828 -1 46.850696563720703 71.641456604003906 613 3.5231313705444336 88.258743286132812 -1 166.07908630371094 88.930091857910156 1495 166.09414672851562 101.14350128173828 -1 17.100418090820312 104.59223937988281 -1 167.02272033691406 41.397228240966797 -1 127.50825500488281 28.178579330444336 727 166.07908630371094 88.930091857910156 36 172.01106262207031 89.339736938476562 842 3.5231313705444336 88.258743286132812 -1 67.537643432617188 64.056976318359375 -1 81.38604736328125 30.731420516967773 -1 181.12849426269531 89.014411926269531 -1 21.921878814697266 103.8282470703125 -1 
99 0.9944887363217646 0.08555494470093522 0.05755269592999554 -0.01897872381245053 -1.8844428802259512 -0.42677917546877581 1.8384529122961055 1 000098.png
130.40818786621094 78.992652893066406 844 89.7138671875 47.37701416015625 -1 89.7138671875 47.37701416015625 846 184.54994201660156 29.256481170654297 -1 192.83242797851562 67.708900451660156 -1 120.90824127197266 89.490104675292969 1499 120.90824127197266 89.490104675292969 1523 146.31039428710938 34.741401672363281 -1 119.20970153808594 20.528398513793945 -1 214.988525390625 202.154541015625 806 116.47261047363281 233.09213256835938 852 223.23260498046875 235.65518188476562 848 214.988525390625 202.154541015625 807 192.83940124511719 92.177406311035156 -1 197.08941650390625 236.18489074707031 851 96.141616821289062 33.006328582763672 -1 29.367267608642578 108.34269714355469 -1 232.81037902832031 99.504920959472656 837 207.73001098632812 68.812187194824219 -1 61.554416656494141 64.154327392578125 918 232.81037902832031 99.504920959472656 838 216.52728271484375 90.496192932128906 809 43.791877746582031 93.044853210449219 794 170.52528381347656 108.45999145507812 -1 22.599531173706055 74.274856567382812 810 12.284324645996094 9.5068597793579102 -1 162.99528503417969 37.266689300537109 566 29.098537445068359 90.240554809570312 811 170.52528381347656 108.45999145507812 -1 8.359522819519043 78.8272705078125 -1 120.17739105224609 176.26226806640625 -1 213.29536437988281 134.81382751464844 812 235.76982116699219 117.54139709472656 813 166.96266174316406 80.00115966796875 49 166.96266174316406 80.00115966796875 52 166.96266174316406 80.00115966796875 142 120.17739105224609 176.26226806640625 -1 229.35243225097656 79.546134948730469 879 189.58175659179688 52.787662506103516 313 239.30120849609375 156.40521240234375 1494 186.534912109375 229.01666259765625 -1 186.534912109375 229.01666259765625 -1 97.890411376953125 54.861412048339844 767 143.11175537109375 22.945392608642578 -1 45.904811859130859 81.067863464355469 590 143.11175537109375 22.945392608642578 -1 171.20417785644531 50.930351257324219 75 97.890411376953125 54.861412048339844 -1 156.78959655761719 58.066219329833984 643 48.166187286376953 69.675544738769531 651 174.18397521972656 95.1966552734375 2111 117.48831939697266 157.35940551757812 -1 225.4212646484375 92.22357177734375 860 131.01097106933594 178.24514770507812 492 40.029571533203125 69.868232727050781 698 199.75180053710938 145.27658081054688 1497 174.18397521972656 95.1966552734375 2110 245.65644836425781 98.852447509765625 -1 7.9600577354431152 108.72287750244141 -1 156.53404235839844 78.064743041992188 9 236.96881103515625 88.448989868164062 -1 154.27165222167969 90.691963195800781 315 225.4212646484375 92.22357177734375 863 131.01097106933594 178.24514770507812 -1 12.696450233459473 100.65774536132812 -1 27.048803329467773 101.98258209228516 -1 107.66004943847656 114.19284820556641 -1 173.9364013671875 119.29097747802734 -1 35.271926879882812 90.334251403808594 841 9.6031208038330078 5.7756562232971191 -1 247.42855834960938 87.728713989257812 853 222.97206115722656 84.054588317871094 -1 218.53323364257812 69.455741882324219 -1 114.77150726318359 7.6105208396911621 1016 180.3555908203125 44.341865539550781 8 159.97891235351562 60.050956726074219 643 100.40689849853516 26.239974975585938 -1 201.37042236328125 90.788459777832031 -1 17.265438079833984 98.166023254394531 752 12.696450233459473 100.65774536132812 817 247.42855834960938 87.728713989257812 -1 159.97891235351562 60.050956726074219 90 100.40689849853516 26.239974975585938 -1 21.463413238525391 64.455787658691406 1064 15.650216102600098 64.351181030273438 859 52.298202514648438 63.885826110839844 769 115.03824615478516 62.192600250244141 -1 204.03326416015625 194.92414855957031 856 172.19366455078125 87.9190673828125 842 169.9598388671875 62.913829803466797 -1 155.5477294921875 63.950534820556641 -1 46.689155578613281 65.428810119628906 701 163.75875854492188 103.13386535644531 11 167.41169738769531 107.58174133300781 821 99.249267578125 20.284788131713867 -1 123.05913543701172 30.796306610107422 -1 62.629623413085938 48.338096618652344 797 168.35948181152344 52.953205108642578 169 178.26985168457031 53.035026550292969 433 17.356084823608398 56.063541412353516 1017 169.9598388671875 62.913829803466797 18 72.29937744140625 64.009040832519531 655 155.5477294921875 63.950534820556641 -1 46.689155578613281 65.428810119628906 700 137.70077514648438 80.640586853027344 1362 141.51396179199219 83.349281311035156 -1 180.04460144042969 94.06634521484375 506 222.34173583984375 98.649154663085938 823 163.75875854492188 103.13386535644531 -1 244.17010498046875 103.79077911376953 -1 167.41169738769531 107.58174133300781 -1 239.13946533203125 109.15760040283203 824 244.1478271484375 110.77555847167969 825 193.81080627441406 129.34150695800781 -1 99.249267578125 20.284788131713867 -1 178.26985168457031 53.035026550292969 -1 169.9598388671875 62.913829803466797 80 110.77021789550781 6.3912811279296875 227 56.917385101318359 55.455909729003906 -1 161.98710632324219 31.595966339111328 -1 110.77021789550781 6.3912811279296875 204 196.64765930175781 147.94465637207031 -1 126.75773620605469 27.011878967285156 -1 67.591293334960938 62.6131591796875 580 189.86070251464844 49.573902130126953 -1 114.13623809814453 2.2390105724334717 1016 250.21980285644531 93.285865783691406 -1 93.637588500976562 5.2379641532897949 -1 14.253602981567383 49.756301879882812 -1 10.842227935791016 50.927082061767578 -1 18.321432113647461 51.701972961425781 943 67.591293334960938 62.6131591796875 788 177.60636901855469 90.140045166015625 -1 250.21980285644531 93.285865783691406 -1 21.887794494628906 94.171417236328125 872 250.63578796386719 107.75868988037109 -1 196.64765930175781 147.94465637207031 -1 240.01779174804688 82.569923400878906 -1 177.60636901855469 90.140045166015625 -1 21.887794494628906 94.171417236328125 829 250.63578796386719 107.75868988037109 -1 197.338623046875 127.87570190429688 780 196.64765930175781 147.94465637207031 -1 233.669189453125 83.165016174316406 -1 10.32275390625 81.561431884765625 -1 3.2579970359802246 81.766387939453125 -1 172.77426147460938 80.119102478027344 1514 177.57717895507812 78.507423400878906 -1 13.351010322570801 76.519538879394531 -1 2.0009772777557373 76.558990478515625 874 44.361221313476562 75.429710388183594 -1 52.4849853515625 69.892906188964844 612 26.34779167175293 69.88116455078125 946 33.615474700927734 62.645004272460938 830 57.393608093261719 61.418239593505859 -1 31.966604232788086 58.905448913574219 831 55.113178253173828 49.379966735839844 832 178.1422119140625 48.543651580810547 -1 57.393608093261719 61.418239593505859 -1 52.4849853515625 69.892906188964844 613 44.361221313476562 75.429710388183594 -1 2.0009772777557373 76.558990478515625 -1 166.07322692871094 88.910255432128906 1495 8.5945749282836914 111.31430053710938 833 140.27888488769531 18.255537033081055 -1 169.54765319824219 39.916213989257812 688 146.00985717773438 91.705169677734375 -1 2.8612523078918457 94.144279479980469 -1 246.77871704101562 108.20545959472656 -1 174.90545654296875 110.010986328125 -1 169.54765319824219 39.916213989257812 34 8.5945749282836914 111.31430053710938 -1 4.8859090805053711 112.73302459716797 -1 166.07322692871094 88.910255432128906 36 3.2890641689300537 115.42955017089844 -1 27.643009185791016 97.887344360351562 834 23.597599029541016 59.818916320800781 835 26.810665130615234 66.897834777832031 1064 12.896117210388184 86.031265258789062 -1 72.435081481933594 47.910533905029297 -1 199.24203491210938 138.62991333007812 -1 12.896117210388184 86.031265258789062 -1 154.2374267578125 99.153091430664062 311 181.08740234375 89.014015197753906 -1 88.515464782714844 56.874881744384766 -1 154.2374267578125 99.153091430664062 873 
100 0.9946262606791163 0.085416337312202953 0.055670998944632434 -0.01798306881912726 -1.8840391721336924 -0.444867042246407 1.8345105801047192 1 000099.png
139.03936767578125 63.475273132324219 844 191.85919189453125 66.973739624023438 -1 147.00584411621094 36.541591644287109 -1 88.660888671875 44.088153839111328 846 184.219482421875 29.199579238891602 -1 88.660888671875 44.088153839111328 -1 185.67234802246094 199.39285278320312 -1 222.88058471679688 222.22294616699219 848 222.88058471679688 222.22294616699219 849 31.382827758789062 101.41555786132812 850 141.40029907226562 27.013721466064453 -1 214.43080139160156 189.51344299316406 806 199.05599975585938 223.23008728027344 851 214.43080139160156 189.51344299316406 807 64.598915100097656 59.653415679931641 918 207.55021667480469 66.729644775390625 -1 47.285678863525391 86.623573303222656 794 232.39219665527344 94.696929931640625 838 117.35307312011719 220.04116821289062 852 232.39219665527344 94.696929931640625 837 33.096061706542969 83.602760314941406 811 153.25660705566406 57.818576812744141 -1 166.97024536132812 80.077293395996094 49 244.60888671875 89.102630615234375 -1 234.48504638671875 110.38010406494141 813 213.43562316894531 128.1357421875 812 215.37306213378906 84.752601623535156 809 153.25660705566406 57.818576812744141 -1 166.97024536132812 80.077293395996094 52 244.60888671875 89.102630615234375 853 67.906875610351562 45.685600280761719 854 141.64547729492188 22.288747787475586 -1 141.64547729492188 22.288747787475586 -1 246.74415588378906 114.01942443847656 855 238.61909484863281 148.40267944335938 1494 255.20053100585938 161.40562438964844 -1 204.38912963867188 181.47511291503906 856 225.47561645507812 238.53669738769531 -1 115.50041961669922 253.39848327636719 -1 97.2713623046875 10.085549354553223 -1 199.48478698730469 137.82911682128906 1497 97.2713623046875 10.085549354553223 -1 26.397808074951172 44.24310302734375 -1 171.21253967285156 50.821006774902344 75 190.06546020507812 52.860969543457031 313 156.5223388671875 58.49005126953125 643 34.612190246582031 60.532958984375 -1 52.518081665039062 64.528526306152344 651 49.974037170410156 75.141128540039062 590 226.13601684570312 76.261550903320312 879 244.43681335449219 247.32003784179688 -1 156.57551574707031 78.250236511230469 9 19.84320068359375 60.07830810546875 859 38.243579864501953 83.571533203125 962 224.34028625488281 86.142463684082031 860 154.28688049316406 90.833251953125 315 174.14329528808594 95.241645812988281 2110 10.887589454650879 103.14517211914062 861 26.582962036132812 59.200443267822266 1064 129.9659423828125 244.55953979492188 -1 44.885791778564453 65.216911315917969 698 224.34028625488281 86.142463684082031 863 131.122314453125 178.23802185058594 -1 133.94136047363281 18.376501083374023 -1 251.211181640625 231.42990112304688 -1 131.122314453125 178.23802185058594 492 151.9669189453125 103.56050872802734 57 174.14329528808594 95.241645812988281 2111 114.44593811035156 7.4763088226318359 1016 100.44451141357422 25.772789001464844 1130 180.30131530761719 44.310962677001953 8 56.60308837890625 58.703685760498047 769 159.90409851074219 60.083805084228516 643 21.828838348388672 92.703414916992188 752 67.479255676269531 69.613853454589844 -1 100.44451141357422 25.772789001464844 -1 108.97004699707031 248.64431762695312 864 5.8536686897277832 94.13275146484375 865 23.165512084960938 51.700851440429688 1017 221.24082946777344 92.277969360351562 823 126.08984375 24.536903381347656 -1 17.103132247924805 95.350837707519531 817 164.75247192382812 101.72256469726562 -1 237.81179809570312 249.88169860839844 -1 17.103132247924805 95.350837707519531 868 94.093597412109375 17.790439605712891 802 136.92315673828125 17.71442985534668 -1 99.272262573242188 20.141796112060547 -1 65.635955810546875 45.987178802490234 797 168.38059997558594 52.963630676269531 169 178.20355224609375 53.201335906982422 433 169.90388488769531 62.976371765136719 18 68.480743408203125 63.880195617675781 906 184.30207824707031 67.03765869140625 -1 26.058025360107422 79.719337463378906 -1 4.8030133247375488 87.527046203613281 1140 172.14535522460938 87.973007202148438 842 251.96168518066406 90.046546936035156 -1 180.07093811035156 94.135116577148438 506 242.38101196289062 97.112251281738281 -1 164.75247192382812 101.72256469726562 11 237.64152526855469 102.39739990234375 824 242.50416564941406 103.97211456298828 825 178.85252380371094 105.97338104248047 -1 186.09762573242188 111.87593078613281 869 197.28640747070312 120.30882263183594 780 237.81179809570312 249.88169860839844 -1 99.272262573242188 20.141796112060547 -1 65.635955810546875 45.987178802490234 -1 178.20355224609375 53.201335906982422 -1 169.90388488769531 62.976371765136719 -1 169.90388488769531 62.976371765136719 80 56.603981018066406 42.796951293945312 905 177.67231750488281 90.674301147460938 -1 3.2636728286743164 110.52254486083984 -1 69.881378173828125 55.111179351806641 -1 51.186557769775391 60.463947296142578 700 21.318412780761719 70.353469848632812 870 93.556053161621094 5.0947871208190918 -1 74.287239074707031 60.077434539794922 601 20.080926895141602 44.7901611328125 -1 234.28596496582031 77.857162475585938 -1 69.038688659667969 49.82940673828125 754 26.698097229003906 89.261703491210938 872 70.665512084960938 59.056835174560547 580 248.72232055664062 100.72631072998047 -1 70.665512084960938 59.056835174560547 788 51.186557769775391 60.463947296142578 701 26.698097229003906 89.261703491210938 829 177.67231750488281 90.674301147460938 -1 248.72232055664062 100.72631072998047 -1 3.2636728286743164 110.52254486083984 -1 16.156650543212891 2.0154473781585693 -1 166.16751098632812 101.19879913330078 -1 156.9677734375 85.455146789550781 873 177.54605102539062 78.416282653808594 -1 5.3796930313110352 73.331039428710938 874 31.372137069702148 65.059120178222656 946 31.812355041503906 61.259738922119141 1064 28.475692749023438 54.253620147705078 835 71.6488037109375 52.367805480957031 876 60.723960876464844 52.610523223876953 -1 26.507135391235352 50.734706878662109 -1 16.808176040649414 46.255882263183594 -1 173.4281005859375 44.443244934082031 -1 169.61740112304688 39.882167816162109 688 114.30381011962891 2.155555248260498 1016 169.61740112304688 39.882167816162109 34 60.723960876464844 52.610523223876953 878 166.04962158203125 88.865318298339844 1495 166.16751098632812 101.19879913330078 -1 100.80352783203125 161.47348022460938 -1 96.936302185058594 165.75736999511719 -1 240.92359924316406 248.62094116210938 -1 138.56991577148438 17.357196807861328 -1 106.11187744140625 246.72616577148438 908 21.985954284667969 252.75614929199219 -1 23.799005508422852 46.339210510253906 -1 166.04962158203125 88.865318298339844 36 230.30348205566406 86.396614074707031 -1 29.387367248535156 244.37451171875 -1 245.03543090820312 101.44401550292969 -1 8.0746364593505859 107.95880889892578 -1 100.80352783203125 161.47348022460938 -1 181.05006408691406 88.97662353515625 -1 96.936302185058594 165.75736999511719 -1 89.605270385742188 174.26004028320312 -1 89.605270385742188 174.26004028320312 -1 
101 0.99461720130891429 0.087634396889121308 0.052305670015350837 -0.017915139590524379 -1.8777955595297173 -0.50904818633472526 1.8292584267956562 1 000103.png
214.79374694824219 187.18376159667969 951 185.027587890625 34.870273590087891 -1 143.06278991699219 35.975852966308594 -1 143.06278991699219 35.975852966308594 -1 90.139137268066406 31.946010589599609 847 200.46452331542969 182.33058166503906 851 232.98362731933594 212.3065185546875 989 232.98362731933594 212.3065185546875 -1 127.73719787597656 198.52178955078125 953 44.080341339111328 58.939914703369141 954 221.82659912109375 182.96189880371094 890 221.82659912109375 182.96189880371094 848 159.77976989746094 247.96015930175781 -1 159.77976989746094 247.96015930175781 -1 132.77944946289062 20.632038116455078 -1 114.75357818603516 25.532699584960938 -1 62.019920349121094 31.735136032104492 929 44.080341339111328 58.939914703369141 1171 243.15631103515625 179.16419982910156 955 221.82659912109375 182.96189880371094 849 177.18820190429688 69.379661560058594 -1 29.203550338745117 45.514316558837891 931 233.080322265625 85.31536865234375 -1 233.080322265625 85.31536865234375 813 212.41433715820312 153.30316162109375 806 102.41161346435547 227.65347290039062 990 212.41433715820312 153.30316162109375 807 152.02352905273438 59.459857940673828 -1 167.624755859375 79.362510681152344 49 152.02352905273438 59.459857940673828 -1 167.624755859375 79.362510681152344 142 139.62055969238281 167.92967224121094 -1 241.93499755859375 111.02103424072266 932 139.62055969238281 167.92967224121094 -1 130.05531311035156 175.21241760253906 -1 73.804428100585938 43.178417205810547 1446 170.75027465820312 50.557708740234375 75 157.571533203125 57.631252288818359 643 159.93052673339844 109.31315612792969 -1 154.36581420898438 90.649429321289062 315 102.00698852539062 77.991737365722656 891 125.87310028076172 19.558683395385742 -1 97.487945556640625 9.6019792556762695 802 133.23176574707031 204.010498046875 884 34.482936859130859 40.82415771484375 997 34.212173461914062 74.524818420410156 -1 125.25627899169922 206.41647338867188 898 143.25758361816406 227.34432983398438 957 125.25627899169922 206.41647338867188 -1 156.57037353515625 78.887939453125 9 220.04541015625 83.075599670410156 895 174.06631469726562 95.188606262207031 2110 125.87310028076172 19.558683395385742 -1 174.06631469726562 95.188606262207031 2111 234.34120178222656 121.61939239501953 1494 64.83856201171875 45.977691650390625 651 148.09910583496094 220.18528747558594 1170 143.25758361816406 227.34432983398438 958 158.11846923828125 232.47596740722656 959 103.64151763916016 236.44195556640625 960 146.17828369140625 237.65818786621094 961 142.75067138671875 247.46757507324219 998 193.51849365234375 54.019641876220703 -1 51.121597290039062 60.827404022216797 962 158.11846923828125 232.47596740722656 963 34.482936859130859 40.82415771484375 859 165.340576171875 36.205318450927734 566 39.927509307861328 33.991672515869141 1017 36.248714447021484 24.510835647583008 1189 58.604640960693359 46.411628723144531 698 61.602146148681641 54.942241668701172 590 219.28254699707031 70.368064880371094 -1 4.7508139610290527 92.799072265625 -1 180.61163330078125 94.138015747070312 506 183.59309387207031 99.103012084960938 -1 8.9162683486938477 72.969505310058594 964 161.57418823242188 90.868377685546875 -1 104.69486999511719 223.45166015625 965 76.8192138671875 21.025209426879883 1253 123.48188018798828 176.95974731445312 -1 161.57418823242188 90.868377685546875 -1 132.90005493164062 14.66783332824707 -1 96.949081420898438 241.59513854980469 1004 96.949081420898438 241.59513854980469 966 104.69486999511719 223.45166015625 1002 183.59309387207031 99.103012084960938 -1 112.01018524169922 231.18814086914062 967 203.04248046875 151.5008544921875 856 126.0423583984375 13.238832473754883 1012 246.78602600097656 87.24639892578125 -1 172.20384216308594 88.285476684570312 842 182.98443603515625 98.043190002441406 -1 228.69303894042969 102.33857727050781 1265 204.32159423828125 168.88555908203125 939 107.13361358642578 245.44630432128906 -1 66.690093994140625 252.85667419433594 -1 73.804054260253906 34.190509796142578 797 11.131625175476074 83.376907348632812 969 182.98443603515625 98.043190002441406 -1 204.32159423828125 168.88555908203125 1081 92.340965270996094 12.457535743713379 -1 96.925590515136719 14.685700416564941 -1 69.568222045898438 32.365005493164062 970 73.804054260253906 34.190509796142578 1006 169.28938293457031 46.983097076416016 106 36.720222473144531 47.070636749267578 936 103.53585052490234 51.332328796386719 -1 168.45176696777344 52.774696350097656 169 160.00222778320312 60.537837982177734 643 169.77113342285156 63.152339935302734 80 13.694648742675781 71.111183166503906 937 35.533287048339844 73.185890197753906 971 225.88581848144531 73.313629150390625 -1 19.780307769775391 75.686805725097656 865 31.304941177368164 75.741317749023438 868 226.01841735839844 79.431716918945312 1216 22.414007186889648 82.162796020507812 861 141.76228332519531 82.676200866699219 -1 11.131625175476074 83.376907348632812 1000 15.857687950134277 85.235260009765625 899 19.064983367919922 76.248077392578125 973 8.9978885650634766 86.590835571289062 1009 242.34986877441406 87.784309387207031 -1 177.57301330566406 90.305938720703125 -1 241.2279052734375 92.824882507324219 1011 228.36726379394531 120.03980255126953 -1 231.84181213378906 122.64239501953125 -1 71.541961669921875 174.04408264160156 -1 107.65557098388672 228.56826782226562 -1 36.531879425048828 212.84970092773438 -1 68.544830322265625 26.85203742980957 905 52.950107574462891 33.904319763183594 831 44.444580078125 40.260810852050781 946 63.723300933837891 42.233116149902344 700 173.82577514648438 50.786056518554688 1015 8.8444385528564453 60.318603515625 -1 215.18577575683594 66.064895629882812 -1 40.172927856445312 70.373504638671875 872 154.30764770507812 245.82589721679688 -1 173.30169677734375 79.051322937011719 1514 149.60374450683594 84.785346984863281 -1 63.723300933837891 42.233116149902344 701 93.528541564941406 5.27203369140625 -1 19.064983367919922 76.248077392578125 865 177.57301330566406 90.305938720703125 -1 71.541961669921875 174.04408264160156 -1 107.65557098388672 228.56826782226562 -1 154.30764770507812 245.82589721679688 -1 93.528541564941406 5.27203369140625 -1 95.0123291015625 21.786304473876953 1261 80.800498962402344 163.49716186523438 -1 78.209205627441406 166.47528076171875 911 82.990081787109375 161.11830139160156 -1 92.005165100097656 151.67155456542969 -1 99.953300476074219 143.0380859375 -1 199.51213073730469 113.04741668701172 -1 197.10714721679688 99.410888671875 780 191.04244995117188 98.057411193847656 -1 178.95115661621094 95.59588623046875 -1 249.05207824707031 91.515220642089844 -1 11.198548316955566 90.140937805175781 -1 171.9547119140625 89.359031677246094 842 7.4885997772216797 89.47222900390625 -1 181.05825805664062 88.904281616210938 -1 166.07731628417969 88.927650451660156 1495 25.760330200195312 83.406379699707031 -1 147.28300476074219 81.39544677734375 -1 5.8365278244018555 80.657432556152344 -1 35.722824096679688 76.588134765625 -1 11.22478199005127 75.564155578613281 964 13.949419021606445 72.831291198730469 978 43.542015075683594 68.828048706054688 -1 35.585651397705078 53.492050170898438 870 61.464542388916016 51.115081787109375 979 61.464542388916016 51.115081787109375 980 13.949419021606445 72.831291198730469 941 147.28300476074219 81.39544677734375 -1 166.07731628417969 88.927650451660156 36 181.05825805664062 88.904281616210938 -1 136.12832641601562 12.05171012878418 -1 249.05207824707031 91.515220642089844 -1 99.953300476074219 143.0380859375 -1 92.005165100097656 151.67155456542969 -1 82.990081787109375 161.11830139160156 -1 80.800498962402344 163.49716186523438 -1 78.209205627441406 166.47528076171875 -1 50.815948486328125 197.05650329589844 -1 39.497451782226562 28.325328826904297 943 7.4885997772216797 89.47222900390625 -1 49.341560363769531 32.439865112304688 -1 167.95849609375 35.496536254882812 566 53.511379241943359 43.611118316650391 -1 79.677566528320312 43.899478912353516 -1 33.397083282470703 46.472599029541016 1254 50.815948486328125 197.05650329589844 982 114.41983795166016 2.0450968742370605 1016 192.40585327148438 51.200397491455078 -1 61.464542388916016 51.115081787109375 663 22.475109100341797 53.151863098144531 916 
102 0.99459902572468495 0.08737586369724365 0.053273570767902532 -0.017325216544264346 -1.8839309789624692 -0.47047824737150051 1.8267051843222495 1 000100.png
140.98220825195312 59.401710510253906 771 184.03329467773438 29.490804672241211 -1 144.13204956054688 35.888458251953125 -1 88.595993041992188 39.822608947753906 847 191.11862182617188 66.491493225097656 -1 88.595993041992188 39.822608947753906 846 249.0604248046875 205.70230102539062 955 120.08757781982422 228.86235046386719 889 236.00013732910156 243.73486328125 -1 115.49698638916016 24.225738525390625 -1 138.47679138183594 25.53736686706543 -1 214.25163269042969 176.44522094726562 807 229.4176025390625 188.29244995117188 -1 200.06826782226562 208.535400390625 851 222.59303283691406 207.84979248046875 848 214.25163269042969 176.44522094726562 806 222.59303283691406 207.84979248046875 890 222.59303283691406 207.84979248046875 849 115.49698638916016 24.225738525390625 2114 67.736244201660156 54.548404693603516 918 37.79083251953125 76.341064453125 811 100.19794464111328 91.619285583496094 891 139.02561950683594 241.60287475585938 892 21.907461166381836 56.161155700683594 931 153.176513671875 58.332221984863281 -1 51.059906005859375 78.363494873046875 794 167.08718872070312 79.953056335449219 49 233.58053588867188 101.68605041503906 813 153.176513671875 58.332221984863281 -1 167.08718872070312 79.953056335449219 52 56.957714080810547 58.298965454101562 651 156.28279113769531 58.598907470703125 643 208.23304748535156 64.273773193359375 -1 214.33609008789062 77.9390869140625 809 232.46676635742188 87.200004577636719 838 179.04129028320312 102.95150756835938 901 245.18650817871094 105.01160430908203 855 212.99247741699219 120.04667663574219 812 237.29902648925781 138.42735290527344 1494 129.86334228515625 174.49172973632812 -1 121.06684112548828 175.921875 -1 179.04129028320312 102.95150756835938 -1 221.4400634765625 97.050254821777344 -1 96.920585632324219 9.7172307968139648 -1 221.4400634765625 97.050254821777344 895 9.1933012008666992 9.0942411422729492 -1 96.920585632324219 9.7172307968139648 802 164.33621215820312 36.304496765136719 566 171.20381164550781 50.875877380371094 75 191.49362182617188 53.588165283203125 313 34.784511566162109 82.371376037597656 795 174.13656616210938 95.230010986328125 2111 54.043926239013672 68.562965393066406 590 154.31776428222656 90.690864562988281 315 49.759540557861328 58.814945220947266 698 151.97746276855469 103.57534027099609 57 156.56454467773438 78.458404541015625 9 199.58628845214844 129.03363037109375 1497 119.88600921630859 234.97320556640625 898 147.37005615234375 234.03851318359375 -1 7.041811466217041 100.34630584716797 899 25.329286575317383 53.617225646972656 859 31.981513977050781 52.339237213134766 1064 157.4295654296875 116.36602783203125 933 249.22679138183594 214.70768737792969 -1 224.67869567871094 220.70745849609375 -1 174.13656616210938 95.230010986328125 2110 225.26408386230469 106.30438232421875 904 128.84347534179688 236.92681884765625 884 132.70452880859375 16.122283935546875 -1 29.300388336181641 45.85394287109375 1017 60.864879608154297 52.936820983886719 769 101.59027862548828 64.477310180664062 -1 221.55549621582031 71.350341796875 -1 137.73814392089844 252.92453002929688 -1 27.062484741210938 86.130844116210938 752 113.43688201904297 231.67344665527344 864 109.5684814453125 130.43324279785156 1211 5.9307184219360352 108.45547485351562 993 134.5694580078125 73.3175048828125 -1 103.62982940673828 80.52093505859375 -1 242.12339782714844 84.426078796386719 853 15.120247840881348 96.646514892578125 861 113.43688201904297 231.67344665527344 -1 15.120247840881348 96.646514892578125 833 242.12339782714844 84.426078796386719 -1 223.9827880859375 78.467933654785156 860 160.00442504882812 59.937404632568359 643 223.9827880859375 78.467933654785156 863 113.46399688720703 241.8548583984375 -1 68.277351379394531 42.131202697753906 706 178.27381896972656 53.083106994628906 433 169.88224792480469 62.995555877685547 80 169.88224792480469 62.995555877685547 -1 21.9989013671875 89.13525390625 817 164.232177734375 102.01364898681641 -1 113.46399688720703 241.8548583984375 -1 25.9412841796875 38.094203948974609 1189 68.277351379394531 42.131202697753906 797 169.26661682128906 47.067913055419922 106 168.53938293457031 53.039783477783203 169 178.27381896972656 53.083106994628906 -1 169.88224792480469 62.995555877685547 18 31.307796478271484 73.822769165039062 -1 4.4908390045166016 82.613746643066406 937 32.1737060546875 83.454154968261719 872 141.4683837890625 83.397666931152344 -1 220.69120788574219 84.473442077636719 823 172.16107177734375 88.086219787597656 842 21.9989013671875 89.13525390625 868 236.47377014160156 93.654998779296875 824 180.06077575683594 93.994071960449219 506 241.44659423828125 95.45977783203125 825 164.232177734375 102.01364898681641 11 253.099365234375 106.94815063476562 -1 226.73504638671875 133.59971618652344 1001 245.80592346191406 102.65869140625 -1 167.79682922363281 35.52044677734375 566 198.97412109375 122.90519714355469 910 41.723075866699219 68.040077209472656 -1 114.16764831542969 2.1773254871368408 1016 190.42140197753906 116.0916748046875 938 93.692497253417969 5.362123966217041 -1 9.1303892135620117 89.587875366210938 865 247.3663330078125 91.891571044921875 -1 97.754600524902344 15.71751880645752 -1 2.9248385429382324 103.88327789306641 -1 186.34330749511719 104.84881591796875 869 55.706932067871094 54.442333221435547 700 30.270511627197266 40.091785430908203 943 9.1303892135620117 89.587875366210938 973 97.754600524902344 15.71751880645752 920 100.10995483398438 21.304716110229492 -1 247.3663330078125 91.891571044921875 -1 100.10995483398438 21.304716110229492 1130 125.54069519042969 25.413593292236328 -1 55.706932067871094 54.442333221435547 701 122.42640686035156 27.114864349365234 -1 72.005050659179688 58.160442352294922 906 35.202804565429688 87.120658874511719 -1 22.054035186767578 85.379150390625 -1 241.45655822753906 88.08203125 -1 166.04862976074219 88.90203857421875 1495 181.04252624511719 88.956451416015625 -1 241.00003051757812 93.093528747558594 -1 2.936795711517334 95.762725830078125 -1 181.10679626464844 101.15300750732422 909 178.98277282714844 102.87432098388672 -1 107.90945434570312 147.39950561523438 -1 99.496170043945312 157.01957702636719 -1 67.989501953125 192.67608642578125 911 236.18963623046875 230.6956787109375 -1 6.563054084777832 67.365058898925781 -1 26.825834274291992 64.43743896484375 870 15.474305152893066 62.337871551513672 916 160.42288208007812 59.874568939208984 -1 37.368728637695312 58.502895355224609 946 37.675247192382812 54.907035827636719 1064 77.008003234863281 54.657150268554688 601 73.786117553710938 54.009788513183594 580 35.004375457763672 53.85113525390625 946 36.359172821044922 50.770381927490234 917 41.273334503173828 50.583095550537109 -1 34.962276458740234 48.388648986816406 835 74.180809020996094 48.267570495605469 876 169.62629699707031 39.854457855224609 34 169.62629699707031 39.854457855224609 688 160.42288208007812 59.874568939208984 -1 139.14654541015625 77.5667724609375 1362 234.84107971191406 84.096176147460938 -1 241.45655822753906 88.08203125 -1 32.917961120605469 44.21893310546875 -1 2.936795711517334 95.762725830078125 -1 178.98277282714844 102.87432098388672 -1 178.98277282714844 102.87432098388672 -1 107.90945434570312 147.39950561523438 -1 99.496170043945312 157.01957702636719 914 67.989501953125 192.67608642578125 915 183.06730651855469 44.680091857910156 8 71.418296813964844 45.857284545898438 754 166.04862976074219 88.90203857421875 36 39.969253540039062 47.960563659667969 -1 125.93016815185547 21.936180114746094 1012 201.83985900878906 116.32461547851562 1435 139.14654541015625 77.5667724609375 -1 30.899269104003906 78.719917297363281 -1 10.846274375915527 68.133102416992188 874 229.96125793457031 79.2056884765625 -1 234.84107971191406 84.096176147460938 -1 73.786117553710938 54.009788513183594 788 60.660518646240234 59.017559051513672 613 39.976776123046875 58.541007995605469 -1 60.660518646240234 59.017559051513672 612 
103 0.9946709522702194 0.08736565024438718 0.052371393865291001 -0.015942928584073805 -1.8840602178950727 -0.48448596764221857 1.8240723578056617 1 000101.png
190.73835754394531 66.212608337402344 -1 184.10429382324219 29.891294479370117 -1 143.73847961425781 35.756458282470703 -1 88.570220947265625 37.903972625732422 847 56.526683807373047 40.189064025878906 929 236.12722778320312 237.51878356933594 -1 200.08694458007812 202.39234924316406 851 121.47966003417969 222.0137939453125 889 200.08694458007812 202.39234924316406 1066 213.38139343261719 170.939453125 806 222.58634948730469 202.64555358886719 890 213.38139343261719 170.939453125 807 228.39547729492188 182.80703735351562 -1 37.502834320068359 70.441757202148438 1171 137.45225524902344 24.814723968505859 -1 115.10330200195312 24.791507720947266 -1 222.58634948730469 202.64555358886719 848 222.58634948730469 202.64555358886719 849 100.51450347900391 88.296974182128906 891 243.85708618164062 123.77101898193359 932 139.15800476074219 233.89857482910156 892 34.310768127441406 54.765476226806641 810 152.77066040039062 58.701374053955078 -1 69.107994079589844 51.812351226806641 918 167.23567199707031 79.818901062011719 52 232.69430541992188 98.609130859375 894 23.749622344970703 53.630764007568359 931 232.69430541992188 98.609130859375 813 167.23567199707031 79.818901062011719 49 52.895946502685547 74.737983703613281 794 34.310768127441406 54.765476226806641 -1 152.77066040039062 58.701374053955078 -1 133.5576171875 69.441749572753906 -1 164.43125915527344 36.324195861816406 566 171.16801452636719 50.792579650878906 75 58.805938720703125 55.329437255859375 651 157.09378051757812 58.049690246582031 643 8.8923959732055664 62.455669403076172 -1 212.64920043945312 76.456741333007812 809 220.808349609375 93.843673706054688 895 212.15701293945312 116.61270904541016 812 247.61465454101562 207.41067504882812 -1 223.56407165527344 212.36288452148438 -1 233.48738098144531 221.317138671875 -1 145.03884887695312 247.40957641601562 1170 220.808349609375 93.843673706054688 -1 96.921424865722656 9.599574089050293 802 158.06141662597656 115.17040252685547 933 99.463729858398438 23.498376846313477 -1 100.15829467773438 41.448436737060547 -1 34.153755187988281 48.640777587890625 1064 13.526018142700195 6.7842473983764648 -1 115.24935150146484 223.46604919433594 -1 51.848545074462891 55.740470886230469 698 121.12368774414062 228.03428649902344 898 180.60026550292969 108.85271453857422 -1 179.77156066894531 100.71918487548828 -1 174.14779663085938 95.211174011230469 2110 13.526018142700195 6.7842473983764648 -1 99.463729858398438 23.498376846313477 -1 55.719829559326172 65.272628784179688 590 161.90249633789062 251.86570739746094 -1 156.58599853515625 78.611640930175781 9 231.72956848144531 84.399330139160156 838 154.32264709472656 90.797927856445312 315 174.14779663085938 95.211174011230469 2111 9.0270147323608398 96.242538452148438 899 207.17596435546875 62.690074920654297 -1 179.77156066894531 100.71918487548828 901 6.6732583045959473 105.35136413574219 993 243.95869445800781 101.49701690673828 855 115.24935150146484 223.46604919433594 864 180.60026550292969 108.85271453857422 -1 199.46424865722656 125.10316467285156 1497 236.81234741210938 135.35598754882812 1494 148.16281127929688 226.41670227050781 -1 193.23150634765625 53.958137512207031 -1 31.855165481567383 42.876903533935547 1017 178.33088684082031 53.019775390625 -1 160.00013732910156 59.387355804443359 643 229.89080810546875 75.994880676269531 879 12.319782257080078 78.648773193359375 1140 0.78680294752120972 81.090377807617188 964 28.950864791870117 83.007667541503906 752 172.26325988769531 87.810569763183594 842 97.941802978515625 251.12425231933594 -1 129.69212341308594 229.15234375 884 134.43084716796875 73.158409118652344 -1 178.33088684082031 53.019775390625 433 16.864082336425781 93.0721435546875 861 203.61074829101562 167.21453857421875 856 224.46931457519531 103.10207366943359 904 16.864082336425781 93.0721435546875 833 8.6581764221191406 92.030166625976562 -1 252.17558288574219 103.76895904541016 -1 204.75257873535156 189.99400329589844 939 94.048049926757812 249.63858032226562 940 69.493675231933594 40.362541198730469 706 169.83412170410156 63.056678771972656 18 169.83412170410156 63.056678771972656 -1 164.23922729492188 101.79911804199219 -1 30.14384651184082 55.375267028808594 936 240.36897277832031 91.945915222167969 825 93.4249267578125 15.098901748657227 -1 132.57585144042969 15.254704475402832 -1 125.63147735595703 24.153247833251953 -1 62.523979187011719 34.294647216796875 905 33.112682342529297 36.913135528564453 943 63.885829925537109 40.175029754638672 970 69.493675231933594 40.362541198730469 797 62.439834594726562 50.174991607666016 769 168.43963623046875 52.811607360839844 169 72.329971313476562 55.140617370605469 906 169.83412170410156 63.056678771972656 80 232.98963928222656 77.540687561035156 -1 6.4946169853210449 79.793907165527344 937 34.131229400634766 80.399269104003906 872 220.16352844238281 81.821357727050781 823 12.06058406829834 85.701789855957031 865 23.935365676879883 85.853126525878906 868 235.69955444335938 90.900840759277344 824 180.0645751953125 93.949661254882812 506 244.57748413085938 99.789314270019531 -1 164.23922729492188 101.79911804199219 11 110.51873016357422 224.93527221679688 908 2.9562773704528809 107.28664398193359 -1 182.6480712890625 99.002540588378906 909 3.5893893241882324 100.14554595947266 -1 2.9562773704528809 107.28664398193359 -1 110.24354553222656 34.946182250976562 -1 197.08694458007812 110.0538330078125 780 233.60493469238281 140.06199645996094 -1 63.354103088378906 194.04142761230469 -1 96.54937744140625 13.127223014831543 920 141.81381225585938 81.92315673828125 -1 4.8006172180175781 92.802421569824219 969 110.24354553222656 34.946182250976562 -1 223.49394226074219 75.636589050292969 863 96.54937744140625 13.127223014831543 -1 57.585773468017578 51.494319915771484 701 114.02526092529297 2.1308703422546387 1016 93.766014099121094 5.5022106170654297 -1 6.5794262886047363 80.891647338867188 941 122.38787078857422 26.941371917724609 -1 69.617362976074219 45.225727081298828 -1 36.857322692871094 50.173435211181641 946 57.585773468017578 51.494319915771484 700 39.996875762939453 51.776023864746094 -1 177.6500244140625 90.422798156738281 -1 182.6480712890625 99.002540588378906 -1 39.709747314453125 55.583641052246094 946 223.49394226074219 75.636589050292969 860 6.5794262886047363 80.891647338867188 -1 244.28982543945312 85.006935119628906 -1 177.6500244140625 90.422798156738281 -1 252.44920349121094 90.517463684082031 -1 3.5893893241882324 100.14554595947266 -1 125.95676422119141 20.404550552368164 1012 169.62454223632812 39.914829254150391 688 108.50898742675781 29.51483154296875 1802 38.045978546142578 35.120944976806641 -1 198.58961486816406 119.29282379150391 910 13.16325855255127 95.265998840332031 -1 168.90824890136719 96.410293579101562 -1 100.56404113769531 152.50543212890625 -1 92.827926635742188 160.99449157714844 -1 68.966873168945312 187.80723571777344 911 43.953804016113281 216.27488708496094 982 105.50385284423828 7.0982413291931152 -1 166.05972290039062 88.904487609863281 1495 11.143775939941406 86.380653381347656 865 181.03469848632812 88.9571533203125 -1 11.143775939941406 86.380653381347656 973 241.69490051269531 83.124580383300781 -1 24.39396858215332 82.158256530761719 -1 6.6611876487731934 81.761619567871094 941 32.778270721435547 75.773757934570312 -1 169.62454223632812 39.914829254150391 34 75.129928588867188 51.825397491455078 580 16.862920761108398 71.48748779296875 -1 6.6611876487731934 81.761619567871094 978 16.862920761108398 71.48748779296875 -1 166.05972290039062 88.904487609863281 36 181.03469848632812 88.9571533203125 -1 100.56404113769531 152.50543212890625 914 92.827926635742188 160.99449157714844 -1 68.966873168945312 187.80723571777344 915 12.12566089630127 65.89337158203125 874 18.319305419921875 59.458255767822266 916 233.85958862304688 81.134750366210938 -1 27.662527084350586 59.047744750976562 870 42.557544708251953 55.584156036376953 -1 75.129928588867188 51.825397491455078 788 39.030460357666016 47.725048065185547 917 72.54833984375 44.027851104736328 754 35.598285675048828 40.859584808349609 -1 177.50544738769531 78.687721252441406 -1 109.15927124023438 23.50810432434082 -1 26.023799896240234 88.363327026367188 -1 26.023799896240234 88.363327026367188 -1 
104 0.99459090701334629 0.087807930257420605 0.052381866987189871 -0.018298499425185213 -1.879120764086271 -0.49869620813950738 1.8278850730589011 1 000102.png
215.92054748535156 194.40199279785156 951 184.98208618164062 32.626014709472656 -1 143.09596252441406 35.8089599609375 -1 184.98208618164062 32.626014709472656 -1 89.564277648925781 33.579280853271484 847 191.9276123046875 66.257911682128906 -1 200.59588623046875 188.1624755859375 851 234.17088317871094 219.29307556152344 989 234.17088317871094 219.29307556152344 -1 114.72819519042969 25.552358627319336 2114 41.643497467041016 62.369026184082031 954 234.52352905273438 88.027427673339844 813 213.04353332519531 158.39224243164062 806 222.38801574707031 188.67025756835938 890 222.38801574707031 188.67025756835938 849 222.38801574707031 188.67025756835938 848 83.383033752441406 252.80216979980469 -1 133.97911071777344 21.743396759033203 -1 114.72819519042969 25.552358627319336 -1 59.695278167724609 34.1265869140625 929 41.643497467041016 62.369026184082031 1171 234.52352905273438 88.027427673339844 -1 213.04353332519531 158.39224243164062 807 243.89926147460938 184.53178405761719 955 126.61813354492188 205.3572998046875 953 83.383033752441406 252.80216979980469 -1 177.08351135253906 69.577812194824219 -1 27.136987686157227 48.025798797607422 931 242.71279907226562 114.40829467773438 932 141.76765441894531 215.39976501464844 892 72.247589111328125 46.030738830566406 918 153.226318359375 58.349140167236328 -1 167.58592224121094 79.472625732421875 49 139.71389770507812 167.91383361816406 -1 153.226318359375 58.349140167236328 -1 167.58592224121094 79.472625732421875 52 139.71389770507812 167.91383361816406 -1 246.52996826171875 231.10798645019531 1071 159.73625183105469 111.1231689453125 933 139.07199096679688 170.96153259277344 -1 129.61210632324219 173.7501220703125 -1 139.07199096679688 170.96153259277344 -1 156.56626892089844 57.971019744873047 643 102.24889373779297 80.799118041992188 891 170.93362426757812 50.597122192382812 75 164.62991333007812 36.313121795654297 566 219.78790283203125 72.068428039550781 -1 11.697253227233887 79.912452697753906 -1 152.173583984375 103.39646911621094 57 97.237937927246094 9.7244424819946289 802 235.28445434570312 125.13957977294922 1494 124.28595733642578 212.73616027832031 898 226.83067321777344 81.343727111816406 1216 142.30325317382812 235.36408996582031 958 235.17303466796875 81.345252990722656 -1 157.79747009277344 241.04238891601562 959 102.05824279785156 244.83796691894531 960 145.65257263183594 246.47396850585938 961 242.4249267578125 93.301727294921875 1498 154.32571411132812 91.071266174316406 315 174.11692810058594 95.194572448730469 2111 125.71153259277344 20.748586654663086 -1 219.94656372070312 85.873558044433594 895 193.52658081054688 54.030551910400391 -1 156.57974243164062 78.748695373535156 9 147.47186279296875 228.11944580078125 1170 157.79747009277344 241.04238891601562 963 142.30325317382812 235.36408996582031 957 242.4249267578125 93.301727294921875 855 174.11692810058594 95.194572448730469 2110 132.29832458496094 210.35121154785156 884 62.913795471191406 48.574043273925781 651 32.444110870361328 43.787185668945312 859 37.469623565673828 37.0831298828125 1017 114.71706390380859 7.8128981590270996 -1 49.041492462158203 64.542671203613281 962 56.484634399414062 49.540996551513672 698 59.701683044433594 58.148765563964844 590 102.62973022460938 72.494941711425781 -1 33.308929443359375 76.927085876464844 971 180.96885681152344 94.667533874511719 506 247.89921569824219 88.607818603515625 -1 183.25675964355469 102.61759185791016 -1 8.8196334838867188 60.791988372802734 -1 161.60427856445312 90.918952941894531 -1 247.89921569824219 88.607818603515625 -1 103.05010223388672 231.84005737304688 -1 161.60427856445312 90.918952941894531 -1 182.53932189941406 101.17666625976562 -1 183.25675964355469 102.61759185791016 -1 223.65110778808594 94.288177490234375 904 91.553932189941406 12.661907196044922 -1 126.56402587890625 14.182820320129395 1012 121.11806488037109 26.424379348754883 -1 103.05010223388672 231.84005737304688 990 110.71833038330078 239.56546020507812 967 94.796836853027344 237.5732421875 1119 103.05010223388672 231.84005737304688 965 245.70930480957031 134.25953674316406 1092 182.53932189941406 101.17666625976562 -1 33.644859313964844 27.553754806518555 1189 95.281120300292969 250.39543151855469 966 182.0904541015625 100.24173736572266 -1 97.272422790527344 15.070241928100586 -1 72.150978088378906 35.990222930908203 1006 169.31378173828125 47.129596710205078 106 34.724994659423828 49.706264495849609 936 168.36293029785156 52.742904663085938 169 177.65493774414062 53.644329071044922 1015 160.04183959960938 60.589756011962891 643 30.678504943847656 61.9805908203125 -1 169.75872802734375 63.154014587402344 80 11.438057899475098 74.290794372558594 937 151.56471252441406 75.234779357910156 -1 6.9422445297241211 75.777801513671875 964 230.02482604980469 78.583351135253906 -1 17.573415756225586 78.718162536621094 865 20.74144172668457 85.787513732910156 861 9.2706460952758789 86.569793701171875 1000 172.19889831542969 88.066749572753906 842 250.3787841796875 94.756614685058594 -1 8.5164203643798828 98.398651123046875 -1 190.276123046875 105.49439239501953 938 204.77723693847656 174.91653442382812 939 40.499130249023438 212.64700317382812 -1 98.771751403808594 230.47862243652344 940 107.67440032958984 231.56443786621094 -1 89.768669128417969 235.67922973632812 -1 72.150978088378906 35.990222930908203 797 30.678504943847656 61.9805908203125 -1 151.56471252441406 75.234779357910156 -1 151.56471252441406 75.234779357910156 -1 20.74144172668457 85.787513732910156 833 182.0904541015625 100.24173736572266 -1 107.67440032958984 231.56443786621094 -1 61.785884857177734 45.063381195068359 700 11.558211326599121 75.463676452636719 941 93.580795288085938 5.2643775939941406 -1 125.57089233398438 15.978021621704102 1012 95.69775390625 22.241786956787109 1261 38.847667694091797 30.211894989013672 943 50.155620574951172 36.536064147949219 831 21.652015686035156 81.787353515625 -1 243.22129821777344 90.754287719726562 -1 216.12162780761719 66.65509033203125 -1 38.189579010009766 73.599456787109375 872 226.95404052734375 73.400787353515625 -1 11.558211326599121 75.463676452636719 978 28.865449905395508 78.883270263671875 868 172.93650817871094 79.557052612304688 1514 5.4644327163696289 79.845199584960938 -1 184.18508911132812 96.116355895996094 -1 138.38912963867188 80.139442443847656 -1 21.652015686035156 81.787353515625 1100 184.18508911132812 96.116355895996094 -1 141.69993591308594 82.188636779785156 -1 3.5429937839508057 84.296195983886719 -1 24.92402458190918 87.115562438964844 -1 184.18508911132812 96.116355895996094 909 104.39100646972656 141.55149841308594 948 104.39100646972656 141.55149841308594 949 104.39100646972656 141.55149841308594 1104 92.460502624511719 154.92208862304688 -1 4.4084186553955078 253.0543212890625 -1 77.128135681152344 171.33949279785156 911 126.05019378662109 178.7567138671875 -1 53.507793426513672 197.94783020019531 -1 50.071746826171875 202.05827331542969 982 4.4084186553955078 253.0543212890625 -1 105.74343872070312 253.59739685058594 -1 77.128135681152344 171.33949279785156 -1 92.460502624511719 154.92208862304688 -1 114.31398010253906 2.0552146434783936 1016 93.580795288085938 5.2643775939941406 -1 61.785884857177734 45.063381195068359 701 172.18238830566406 253.12217712402344 1014 45.262428283691406 44.937110900878906 -1 150.19692993164062 124.02767181396484 -1 192.69808959960938 99.072586059570312 -1 164.48207092285156 104.68585205078125 -1 13.983955383300781 90.393180847167969 899 167.92024230957031 35.489990234375 566 166.09341430664062 88.899559020996094 36 6.6809482574462891 89.005622863769531 1009 2.1342940330505371 87.881141662597656 -1 26.16792106628418 83.154624938964844 -1 9.1004266738891602 77.887504577636719 964 134.21156311035156 77.788368225097656 -1 45.092113494873047 73.113662719726562 -1 42.347457885742188 43.414360046386719 946 44.310817718505859 41.283241271972656 917 42.849514007568359 38.400588989257812 835 16.352764129638672 60.560951232910156 874 31.851451873779297 34.383747100830078 -1 108.2484130859375 29.537807464599609 1802 37.361385345458984 26.373031616210938 -1 20.696422576904297 55.131938934326172 916 134.21156311035156 77.788368225097656 -1 166.09341430664062 88.899559020996094 1495 192.52001953125 51.232852935791016 -1 47.480018615722656 48.876605987548828 -1 199.46903991699219 115.7066650390625 -1 219.42117309570312 68.220588684082031 -1 181.02825927734375 88.948524475097656 -1 181.02825927734375 88.948524475097656 -1 
105 0.99475199764387801 0.085826676636938604 0.051756269790893858 -0.020579924642839052 -1.8781409253613366 -0.51091786651749171 1.8330221024291646 1 000104.png
215.59288024902344 179.05354309082031 951 143.37028503417969 36.589931488037109 -1 120.91080474853516 89.482315063476562 1499 143.37028503417969 36.589931488037109 -1 120.91080474853516 89.482315063476562 1523 156.35208129882812 243.83197021484375 1266 156.35208129882812 243.83197021484375 1023 91.004150390625 29.42768669128418 847 180.86599731445312 45.179832458496094 -1 200.27438354492188 172.20613098144531 851 231.16839599609375 199.4464111328125 989 114.79393005371094 25.27641487121582 2114 106.49106597900391 215.42697143554688 990 135.3343505859375 211.51921081542969 -1 241.85931396484375 168.77369689941406 955 97.846382141113281 78.245124816894531 1070 65.230674743652344 27.872222900390625 929 47.505176544189453 53.52301025390625 1171 114.79393005371094 25.27641487121582 -1 47.505176544189453 53.52301025390625 954 221.412353515625 172.97882080078125 849 129.21484375 188.24661254882812 953 119.974365234375 203.34275817871094 -1 141.1610107421875 234.15931701660156 1026 128.22137451171875 242.67832946777344 1024 211.40428161621094 144.02272033691406 806 130.49101257324219 18.268680572509766 -1 161.69844055175781 37.889045715332031 566 32.286590576171875 41.769817352294922 931 211.40428161621094 144.02272033691406 807 176.81924438476562 68.707710266113281 -1 245.88211059570312 187.31161499023438 1031 74.849960327148438 244.65119934082031 1027 153.65402221679688 57.894775390625 -1 116.81295776367188 134.00868225097656 -1 153.65402221679688 57.894775390625 -1 245.88211059570312 187.31161499023438 1029 230.60174560546875 80.9149169921875 1229 167.17669677734375 79.631645202636719 49 167.17669677734375 79.631645202636719 52 16.836502075195312 73.365287780761719 992 210.88751220703125 98.803337097167969 812 242.81201171875 208.64378356933594 1071 175.34687805175781 237.18855285644531 1030 15.290507316589355 90.245658874511719 993 15.290507316589355 90.245658874511719 -1 79.852821350097656 254.41847229003906 1033 75.991119384765625 39.558799743652344 1446 170.3677978515625 50.226799011230469 75 15.290507316589355 90.245658874511719 1150 232.82298278808594 114.56996154785156 1494 124.94181060791016 16.873764038085938 -1 38.254566192626953 36.629669189453125 859 43.828586578369141 29.943088531494141 1017 5.7714009284973145 86.711631774902344 996 149.51974487304688 206.46067810058594 1170 173.99681091308594 95.202934265136719 -1 156.52500915527344 79.144989013671875 9 38.254566192626953 36.629669189453125 997 5.7714009284973145 86.711631774902344 -1 67.688522338867188 42.031162261962891 651 173.99681091308594 95.202934265136719 2110 250.78688049316406 176.55805969238281 1038 145.16539001464844 213.52651977539062 957 159.21676635742188 217.90422058105469 959 156.6744384765625 117.67755126953125 -1 250.78688049316406 176.55805969238281 1034 127.42415618896484 194.58877563476562 898 152.20491027832031 103.19997406005859 57 145.16539001464844 213.52651977539062 958 159.21676635742188 217.90422058105469 963 96.349037170410156 220.82164001464844 -1 147.693603515625 222.76742553710938 961 144.97813415527344 231.77690124511719 998 124.29317474365234 233.73480224609375 -1 8.8677272796630859 244.41609191894531 1191 150.06794738769531 249.59303283691406 1154 193.31982421875 53.973590850830078 -1 134.25791931152344 72.146781921386719 -1 157.86517333984375 57.29852294921875 643 198.302734375 107.42033386230469 1497 5.7714009284973145 86.711631774902344 1079 173.99681091308594 95.202934265136719 2111 233.86227416992188 96.325614929199219 1035 165.22923278808594 36.399272918701172 566 124.94181060791016 16.873764038085938 -1 40.390342712402344 20.276714324951172 1189 61.725208282470703 42.230087280273438 698 198.44046020507812 51.05322265625 -1 187.66352844238281 53.509422302246094 -1 14.01607608795166 79.400604248046875 1000 239.76445007324219 92.917564392089844 -1 223.30792236328125 109.41102600097656 1001 107.4967041015625 113.97458648681641 -1 112.48368072509766 155.51005554199219 -1 4.0324187278747559 75.006820678710938 1078 185.58084106445312 95.4688720703125 -1 152.41206359863281 215.906982421875 1037 113.31461334228516 209.87998962402344 1039 108.08291625976562 209.01679992675781 1002 14.01607608795166 79.400604248046875 969 100.31705474853516 226.88438415527344 966 91.268966674804688 11.521463394165039 -1 114.65303802490234 217.08328247070312 967 152.41206359863281 215.906982421875 1032 151.81318664550781 239.55647277832031 1043 100.31705474853516 226.88438415527344 1004 108.08291625976562 209.01679992675781 965 239.76445007324219 92.917564392089844 1498 114.65303802490234 217.08328247070312 1040 102.82413482666016 72.601028442382812 891 24.010637283325195 64.212860107421875 1140 13.339705467224121 69.853294372558594 964 151.38180541992188 75.414718627929688 -1 227.06166076660156 85.061347961425781 -1 222.15824890136719 85.808441162109375 904 172.28688049316406 88.374237060546875 842 180.00581359863281 94.058097839355469 506 227.32424926757812 96.078353881835938 1265 103.31727600097656 208.61790466308594 940 39.220912933349609 209.40025329589844 1922 104.82836151123047 222.70361328125 960 104.51829528808594 229.26911926269531 1322 227.32424926757812 96.078353881835938 1044 130.83662414550781 12.662139892578125 -1 76.381698608398438 31.266664505004883 1006 170.33299255371094 40.056835174560547 688 39.735542297363281 43.945858001708984 936 67.110946655273438 44.35491943359375 653 63.875980377197266 50.472309112548828 590 168.31076049804688 58.994216918945312 80 169.77963256835938 63.13201904296875 80 170.33299255371094 40.056835174560547 -1 67.110946655273438 44.35491943359375 1098 67.110946655273438 44.35491943359375 979 151.38180541992188 75.414718627929688 -1 151.38180541992188 75.414718627929688 -1 216.07429504394531 66.782463073730469 -1 22.943204879760742 60.136638641357422 -1 155.58938598632812 229.82469177246094 -1 110.08283996582031 218.29779052734375 -1 155.58938598632812 229.82469177246094 -1 5.0835866928100586 236.38052368164062 1203 147.36563110351562 240.17466735839844 1045 154.34042358398438 122.19831848144531 -1 175.80067443847656 101.73172760009766 -1 22.943204879760742 60.136638641357422 1048 186.01290893554688 62.750926971435547 -1 46.132270812988281 66.144737243652344 1395 11.647198677062988 79.029190063476562 1009 243.12869262695312 84.432022094726562 1052 117.87014770507812 242.96369934082031 -1 93.250175476074219 5.0411138534545898 -1 239.56834411621094 86.665252685546875 1011 230.96333312988281 119.77712249755859 -1 125.13967132568359 11.754105567932129 1012 96.120277404785156 13.833888053894043 -1 95.344512939453125 20.359817504882812 1261 66.729400634765625 37.880241394042969 700 118.80204772949219 190.13322448730469 -1 66.729400634765625 37.880241394042969 701 93.250175476074219 5.0411138534545898 -1 95.344512939453125 20.359817504882812 -1 19.183259963989258 80.549110412597656 899 56.389324188232422 55.925590515136719 841 24.202173233032227 77.248153686523438 861 235.13633728027344 79.112625122070312 -1 141.8631591796875 81.297660827636719 -1 7.1930704116821289 82.170150756835938 1101 13.195135116577148 85.070419311523438 -1 166.06077575683594 88.869308471679688 1495 181.1004638671875 88.7724609375 -1 201.08706665039062 96.38201904296875 1435 211.67170715332031 103.47953033447266 -1 252.40707397460938 131.43267822265625 1236 118.50567626953125 217.54254150390625 -1 169.44194030761719 242.16996765136719 1014 22.233423233032227 72.561065673828125 973 17.384174346923828 69.627220153808594 978 39.434970855712891 67.559173583984375 971 189.30525207519531 60.915779113769531 -1 31.308395385742188 58.251422882080078 1089 190.53558349609375 57.443954467773438 -1 198.25480651855469 54.914276123046875 -1 192.33302307128906 51.192092895507812 -1 173.53176879882812 45.05224609375 1015 167.87210083007812 35.615421295166016 566 77.007362365722656 35.044536590576172 797 22.233423233032227 72.561065673828125 865 24.202173233032227 77.248153686523438 -1 7.1930704116821289 82.170150756835938 1103 13.195135116577148 85.070419311523438 -1 166.06077575683594 88.869308471679688 36 110.34359741210938 6.0989789962768555 227 114.33711242675781 2.0364532470703125 1016 35.348518371582031 56.472385406494141 1353 44.971015930175781 26.652265548706055 943 72.796928405761719 31.778203964233398 970 110.34359741210938 6.0989789962768555 204 167.87210083007812 35.615421295166016 -1 192.33302307128906 51.192092895507812 -1 34.155975341796875 71.092552185058594 -1 17.384174346923828 69.627220153808594 941 223.76100158691406 70.928756713867188 -1 49.735694885253906 31.934494018554688 835 
106 0.99473925716306177 0.084275998864279347 0.051863682474940595 -0.026486311827936617 -1.8760088867931355 -0.50433104919317628 1.8419356875633246 1 000108.png
215.89605712890625 167.12016296386719 951 143.79434204101562 37.334285736083984 -1 195.53530883789062 75.192855834960938 -1 120.89231872558594 88.521026611328125 1499 190.45196533203125 194.638671875 1109 120.89231872558594 88.521026611328125 1523 143.79434204101562 37.334285736083984 -1 158.19189453125 230.05320739746094 1266 113.76889038085938 252.19142150878906 -1 92.453109741210938 28.365409851074219 847 229.51834106445312 184.17218017578125 989 200.62677001953125 160.08633422851562 1066 111.63460540771484 200.32252502441406 990 69.836380004882812 25.407018661499023 929 114.92967224121094 25.129945755004883 -1 52.488494873046875 49.000167846679688 1171 241.38870239257812 91.666275024414062 1110 200.62677001953125 160.08633422851562 851 133.77865600585938 226.44168090820312 1024 114.92967224121094 25.129945755004883 2114 37.743350982666016 39.966793060302734 931 144.60922241210938 216.61283874511719 1026 224.26441955566406 142.69390869140625 -1 129.25131225585938 16.976606369018555 -1 161.61578369140625 38.127063751220703 566 188.59855651855469 236.34974670410156 1149 98.808296203613281 72.108161926269531 1070 241.48472595214844 156.69438171386719 955 50.998916625976562 66.126815795898438 850 149.78692626953125 240.63835144042969 1182 221.17361450195312 160.65855407714844 849 154.34307861328125 57.227439880371094 643 182.85752868652344 59.525173187255859 -1 166.83181762695312 80.086433410644531 49 21.851375579833984 83.121574401855469 1150 210.95976257324219 133.34660339355469 807 82.255409240722656 226.33499145507812 1151 154.34307861328125 57.227439880371094 -1 166.83181762695312 80.086433410644531 142 210.95976257324219 133.34660339355469 806 22.137880325317383 71.106437683105469 992 166.83181762695312 80.086433410644531 52 240.07362365722656 182.93777465820312 -1 134.28900146484375 71.209274291992188 -1 244.20529174804688 173.27839660644531 1029 143.84609985351562 187.52220153808594 892 216.1383056640625 190.18421936035156 -1 176.53810119628906 219.19288635253906 1030 186.13839721679688 225.37208557128906 1874 131.13473510742188 235.13023376464844 1114 186.13839721679688 225.37208557128906 1073 244.20529174804688 173.27839660644531 1031 64.238151550292969 241.84396362304688 1875 79.61663818359375 36.834632873535156 918 164.51502990722656 36.879081726074219 566 87.666282653808594 233.91241455078125 1033 171.08058166503906 42.090370178222656 -1 161.50938415527344 91.779319763183594 -1 169.64895629882812 51.630210876464844 75 43.445297241210938 34.568996429443359 859 175.55812072753906 65.899345397949219 -1 249.38812255859375 163.31864929199219 1034 244.18013000488281 181.53141784667969 1245 171.08058166503906 42.090370178222656 688 152.061767578125 190.92765808105469 1170 161.60270690917969 201.45433044433594 963 150.44905090332031 205.79629516601562 961 169.64895629882812 51.630210876464844 -1 228.20280456542969 76.78692626953125 1229 156.47943115234375 79.353179931640625 9 72.053352355957031 38.555870056152344 651 157.53094482421875 57.436286926269531 643 238.96842956542969 84.087417602539062 1244 154.35795593261719 90.921600341796875 315 193.41618347167969 54.457145690917969 -1 161.50938415527344 91.779319763183594 -1 173.84725952148438 95.208053588867188 2111 198.84892272949219 100.01976776123047 1497 231.95829772949219 106.79232788085938 1494 43.445297241210938 34.568996429443359 997 131.62358093261719 178.35685729980469 492 87.666282653808594 233.91241455078125 1187 152.061767578125 190.92765808105469 1075 244.18013000488281 181.53141784667969 1246 173.84725952148438 95.208053588867188 -1 173.84725952148438 95.208053588867188 2110 45.839340209960938 41.605079650878906 936 59.451969146728516 51.358482360839844 962 52.707683563232422 56.192264556884766 795 232.49960327148438 88.954750061035156 1201 11.146542549133301 72.175514221191406 1078 10.282289505004883 83.48736572265625 996 181.99998474121094 81.508346557617188 1279 181.99998474121094 81.508346557617188 -1 154.40386962890625 198.85926818847656 1037 250.08470153808594 89.707191467285156 -1 66.593620300292969 38.908935546875 698 160.72755432128906 230.82780456542969 -1 153.02828979492188 229.80879211425781 1154 154.40386962890625 198.85926818847656 1032 149.57417297363281 197.50239562988281 957 250.08470153808594 89.707191467285156 -1 160.72755432128906 230.82780456542969 -1 161.25729370117188 216.37240600585938 1128 227.09495544433594 82.72088623046875 -1 80.29730224609375 29.668186187744141 1006 105.77738189697266 39.421600341796875 1862 103.52255249023438 51.435585021972656 -1 30.676641464233398 52.556663513183594 1158 168.78260803222656 58.873058319091797 80 30.419559478759766 60.974330902099609 1140 169.80108642578125 63.115440368652344 80 4.9030246734619141 74.618057250976562 1159 221.40264892578125 79.017898559570312 904 141.63296508789062 82.423095703125 -1 226.30136108398438 88.833419799804688 1265 180.03431701660156 94.026145935058594 506 164.0487060546875 101.64701080322266 11 221.02558898925781 134.79685974121094 -1 248.31156921386719 149.32273864746094 1281 116.99509429931641 167.90121459960938 -1 64.248672485351562 177.50296020507812 1835 113.04590606689453 191.76998901367188 1002 119.72112274169922 200.15411376953125 967 119.34635162353516 205.72682189941406 1085 109.71672821044922 207.57810974121094 960 105.33309173583984 210.61262512207031 966 21.419815063476562 223.70172119140625 1214 17.717037200927734 227.27520751953125 1191 189.96832275390625 245.62553405761719 1161 110.10512542724609 211.29827880859375 1322 161.25729370117188 216.37240600585938 1123 161.25729370117188 216.37240600585938 -1 80.29730224609375 29.668186187744141 706 105.77738189697266 39.421600341796875 -1 30.676641464233398 52.556663513183594 1048 226.30136108398438 88.833419799804688 1044 180.03431701660156 94.026145935058594 -1 164.0487060546875 101.64701080322266 -1 113.04590606689453 191.76998901367188 965 119.72112274169922 200.15411376953125 1040 105.33309173583984 210.61262512207031 1004 21.419815063476562 223.70172119140625 1191 71.591056823730469 41.400032043457031 653 68.092887878417969 46.973628997802734 1237 45.010074615478516 47.987773895263672 870 199.82347106933594 56.365242004394531 -1 203.70489501953125 146.40130615234375 939 21.417243957519531 75.488433837890625 1164 172.93023681640625 79.464515686035156 1514 29.354274749755859 68.474075317382812 973 177.68348693847656 90.43609619140625 -1 198.52583312988281 95.469223022460938 910 101.80286407470703 136.26544189453125 1227 230.77577209472656 137.29080200195312 -1 89.180732727050781 149.42724609375 1286 92.731361389160156 4.5236039161682129 -1 207.54447937011719 152.98072814941406 1288 29.354274749755859 68.474075317382812 1228 154.59153747558594 220.49525451660156 1043 95.931938171386719 20.754840850830078 1261 71.358230590820312 34.950408935546875 700 125.70563507080078 10.251255035400391 1012 159.57000732421875 235.31689453125 1133 95.931938171386719 20.754840850830078 -1 71.358230590820312 34.950408935546875 701 68.092887878417969 46.973628997802734 590 68.092887878417969 46.973628997802734 1088 21.417243957519531 75.488433837890625 1000 188.01803588867188 240.40829467773438 1134 159.57000732421875 235.31689453125 1132 145.43089294433594 223.87931823730469 -1 211.59223937988281 157.37142944335938 1137 126.17720794677734 178.30194091796875 -1 230.71778869628906 140.52769470214844 1205 217.90965270996094 131.26820373535156 -1 247.98255920410156 123.19684600830078 1236 108.56937408447266 23.627462387084961 -1 234.96908569335938 95.106155395507812 -1 180.99313354492188 88.869094848632812 -1 166.04751586914062 88.928451538085938 36 243.11625671386719 87.088424682617188 -1 240.52986145019531 82.59222412109375 1052 12.58004093170166 80.119270324707031 1101 175.908447265625 60.565395355224609 -1 172.5533447265625 60.098388671875 -1 190.45045471191406 57.534931182861328 -1 37.236213684082031 55.476390838623047 1089 192.3465576171875 51.315166473388672 -1 46.697036743164062 24.566390991210938 -1 76.151100158691406 42.200641632080078 1096 167.92961120605469 35.548549652099609 -1 114.42044830322266 1.9420075416564941 1016 167.92961120605469 35.548549652099609 -1 173.95639038085938 224.0396728515625 1215 192.3465576171875 51.315166473388672 -1 146.80592346191406 226.70635986328125 -1 153.21766662597656 236.74923706054688 1167 66.369659423828125 43.700824737548828 1097 12.58004093170166 80.119270324707031 1103 186.3858642578125 246.50784301757812 -1 164.62910461425781 248.86300659179688 1293 166.04751586914062 88.928451538085938 1495 48.193889617919922 30.899131774902344 -1 154.08926391601562 99.230812072753906 -1 154.08926391601562 99.230812072753906 311 154.18618774414062 240.00537109375 -1 
107 0.9947631817146465 0.084624029327707379 0.052509324097089513 -0.022972959064158992 -1.8740810379609418 -0.50857446253018457 1.8404591335376816 1 000105.png
215.57170104980469 172.96102905273438 951 185.6192626953125 200.78343200683594 -1 185.6192626953125 200.78343200683594 -1 185.6192626953125 200.78343200683594 -1 143.62088012695312 36.931423187255859 -1 120.89154052734375 88.994056701660156 1499 143.62088012695312 36.931423187255859 -1 120.89154052734375 88.994056701660156 1523 157.0350341796875 234.20278930664062 1266 157.0350341796875 234.20278930664062 1023 92.086380004882812 29.360559463500977 847 179.30918884277344 50.899276733398438 -1 19.71464729309082 99.378273010253906 -1 125.22196197509766 160.11712646484375 1147 230.68345642089844 191.97283935546875 989 133.37820434570312 210.55256652832031 1067 241.62004089355469 162.67486572265625 955 109.00414276123047 207.76368713378906 990 130.95341491699219 234.80357360839844 1024 114.84431457519531 25.262981414794922 2114 242.44073486328125 94.375289916992188 1498 114.84431457519531 25.262981414794922 -1 67.910926818847656 27.127883911132812 929 50.296222686767578 51.348831176757812 1171 242.44073486328125 94.375289916992188 1110 130.21609497070312 17.978034973144531 -1 161.61997985839844 38.075553894042969 566 35.303928375244141 41.474277496337891 931 98.095016479492188 75.481025695800781 1070 46.567390441894531 69.178848266601562 1112 211.574951171875 138.79791259765625 806 143.01075744628906 225.42291259765625 1026 211.574951171875 138.79791259765625 807 221.55712890625 166.98486328125 849 167.0037841796875 79.820823669433594 49 78.58087158203125 235.15138244628906 1151 167.0037841796875 79.820823669433594 52 78.58087158203125 235.15138244628906 1027 240.87680053710938 86.668022155761719 -1 165.17420959472656 36.536422729492188 566 175.91787719726562 66.8902587890625 -1 77.923080444335938 38.582012176513672 918 175.91787719726562 66.8902587890625 -1 20.411739349365234 72.771507263183594 992 240.87680053710938 86.668022155761719 -1 22.889251708984375 106.54853820800781 -1 245.40411376953125 180.29159545898438 1029 242.31683349609375 200.341552734375 1071 176.02497863769531 227.70574951171875 1030 185.57138061523438 235.10675048828125 1073 128.89035034179688 243.34719848632812 1114 88.981338500976562 249.6727294921875 1153 128.89035034179688 243.34719848632812 -1 185.57138061523438 235.10675048828125 1874 229.59159851074219 78.823760986328125 1229 245.40411376953125 180.29159545898438 1031 8.0989894866943359 85.101409912109375 996 170.93351745605469 41.618354797363281 -1 169.82859802246094 51.144466400146484 -1 186.34954833984375 56.936637878417969 -1 41.3145751953125 35.785755157470703 859 232.970458984375 111.03839111328125 1494 186.34954833984375 56.936637878417969 -1 150.84814453125 198.65065002441406 1170 170.93351745605469 41.618354797363281 688 152.157470703125 103.30833435058594 57 173.81849670410156 95.111282348632812 2111 161.50663757324219 91.471115112304688 -1 154.34922790527344 91.051765441894531 315 156.49697875976562 79.278205871582031 9 193.32839965820312 54.250808715820312 -1 169.82859802246094 51.144466400146484 75 70.090133666992188 40.557216644287109 651 41.3145751953125 35.785755157470703 997 153.23101806640625 206.91758728027344 1032 160.42805480957031 209.63934326171875 963 149.00569152832031 214.14271545410156 961 146.88772583007812 222.432373046875 998 151.50732421875 239.44578552246094 1154 84.185264587402344 243.1201171875 1033 157.49671936035156 116.44272613525391 -1 157.8875732421875 57.386817932128906 643 8.0989894866943359 85.101409912109375 1079 250.39697265625 169.98094177246094 1034 84.185264587402344 243.1201171875 1187 125.62015533447266 181.07443237304688 -1 233.32498168945312 92.6522216796875 1035 150.84814453125 198.65065002441406 1170 198.60894775390625 104.06479644775391 1497 146.88772583007812 222.432373046875 1077 153.23101806640625 206.91758728027344 1037 150.84814453125 198.65065002441406 1075 250.39697265625 169.98094177246094 1038 173.81849670410156 95.111282348632812 -1 173.81849670410156 95.111282348632812 2110 161.50663757324219 91.471115112304688 -1 57.310714721679688 53.540271759033203 962 50.60650634765625 58.270099639892578 795 154.64689636230469 64.377105712890625 -1 7.9623255729675293 74.100608825683594 1078 251.24284362792969 91.190177917480469 -1 212.565673828125 110.42291259765625 1120 107.41944885253906 113.23649597167969 -1 205.83549499511719 142.12835693359375 1124 110.60475158691406 200.20832824707031 1002 115.66887664794922 202.25930786132812 1039 147.63308715820312 205.420654296875 957 117.08252716064453 208.41709899902344 1040 13.236488342285156 235.33345031738281 1191 154.64689636230469 64.377105712890625 -1 154.64689636230469 64.377105712890625 -1 122.50455474853516 227.96200561523438 -1 122.50455474853516 227.96200561523438 -1 110.60475158691406 200.20832824707031 965 64.40130615234375 40.935630798339844 698 102.77001190185547 218.73661804199219 966 102.77001190185547 218.73661804199219 1004 141.82987976074219 82.529632568359375 -1 186.98960876464844 250.30911254882812 1134 69.598457336425781 43.244754791259766 653 130.68370056152344 12.578412055969238 -1 78.700172424316406 30.967124938964844 706 42.571125030517578 43.526241302490234 936 66.085807800292969 48.9366455078125 1237 168.27520751953125 52.612152099609375 -1 168.67440795898438 58.836090087890625 80 160.32633972167969 60.370864868164062 643 169.74703979492188 63.163650512695312 80 161.78553771972656 77.401008605957031 -1 4.4613475799560547 79.498397827148438 1084 221.89949035644531 82.729049682617188 904 179.87884521484375 82.709663391113281 1279 242.4581298828125 84.551422119140625 1052 172.26071166992188 88.2791748046875 842 227.01779174804688 92.72198486328125 1265 180.03945922851562 94.106964111328125 506 154.67919921875 121.59407043457031 -1 203.96675109863281 152.58697509765625 939 220.51690673828125 171.40492248535156 -1 133.21345520019531 182.406982421875 -1 60.740665435791016 183.86518859863281 1835 137.30256652832031 184.29373168945312 -1 105.78264617919922 201.14984130859375 940 116.90244293212891 214.01141357421875 1085 107.10460662841797 214.77835083007812 960 107.17627716064453 220.31149291992188 1322 160.04922485351562 225.24085998535156 1128 9.2467575073242188 228.017333984375 1203 84.739830017089844 228.8438720703125 1204 153.17753601074219 229.81556701660156 1043 72.56353759765625 242.5792236328125 1310 158.17593383789062 245.96774291992188 1133 186.98960876464844 250.30911254882812 -1 78.700172424316406 30.967124938964844 1006 66.085807800292969 48.9366455078125 590 66.085807800292969 48.9366455078125 1088 160.32633972167969 60.370864868164062 90 161.78553771972656 77.401008605957031 -1 227.01779174804688 92.72198486328125 1044 180.03945922851562 94.106964111328125 -1 154.67919921875 121.59407043457031 -1 160.04922485351562 225.24085998535156 -1 160.04922485351562 225.24085998535156 1123 158.17593383789062 245.96774291992188 1132 203.07575988769531 138.86647033691406 -1 199.36766052246094 150.721435546875 1125 64.38427734375 45.267299652099609 1097 212.60676574707031 164.41288757324219 1137 148.75 229.17579650878906 1045 226.12649536132812 176.03425598144531 -1 120.94371795654297 183.05717468261719 -1 147.23042297363281 242.42611694335938 1102 93.137001037597656 4.8551769256591797 -1 21.798015594482422 56.278411865234375 -1 113.21141815185547 6.6881022453308105 1016 93.137001037597656 4.8551769256591797 -1 95.878334045410156 21.143550872802734 -1 69.335700988769531 36.638439178466797 701 21.798015594482422 56.278411865234375 -1 17.833545684814453 70.215744018554688 1080 14.583277702331543 78.397552490234375 1090 14.583277702331543 78.397552490234375 1091 90.078170776367188 255.75006103515625 -1 69.335700988769531 36.638439178466797 700 95.878334045410156 21.143550872802734 1261 17.833545684814453 70.215744018554688 964 103.30410766601562 50.941459655761719 -1 14.583277702331543 78.397552490234375 1009 173.02378845214844 79.480117797851562 1514 177.66719055175781 90.376373291015625 -1 198.51667785644531 98.742156982421875 910 172.41357421875 60.126682281494141 -1 26.830368041992188 58.979091644287109 1048 190.4715576171875 57.491264343261719 -1 34.984962463378906 57.104042053222656 1089 19.331283569335938 54.681575775146484 -1 192.34071350097656 51.297256469726562 -1 195.31288146972656 50.07659912109375 -1 29.274494171142578 48.984348297119141 916 71.176559448242188 46.004043579101562 1098 143.66069030761719 233.08714294433594 -1 79.080619812011719 34.569526672363281 797 45.658115386962891 32.552452087402344 -1 122.38288879394531 11.448241233825684 -1 110.4620361328125 6.1874074935913086 227 110.4620361328125 6.1874074935913086 204 19.331283569335938 54.681575775146484 -1 166.08477783203125 88.864456176757812 1495 182.15904235839844 97.010032653808594 -1 182.15904235839844 97.010032653808594 -1 154.11569213867188 99.053565979003906 311 74.244918823242188 44.17999267578125 1096 94.908805847167969 246.9700927734375 -1 148.90582275390625 228.47906494140625 -1 157.07778930664062 223.33799743652344 -1 112.86558532714844 209.96589660644531 -1 207.544189453125 184.92808532714844 1169 154.11569213867188 99.053565979003906 -1 182.15904235839844 97.010032653808594 -1 172.00163269042969 89.412551879882812 842 181.0416259765625 88.808570861816406 -1 192.34071350097656 51.297256469726562 -1 166.08477783203125 88.864456176757812 36 238.59869384765625 83.599922180175781 1011 10.423892974853516 81.555778503417969 1101 22.447011947631836 78.453086853027344 899 114.39714050292969 1.9613406658172607 1016 14.885645866394043 72.651016235351562 -1 25.594278335571289 71.31787109375 973 145.429443359375 236.23353576660156 -1 122.38288879394531 11.448241233825684 -1 168.03273010253906 35.520156860351562 -1 168.03273010253906 35.520156860351562 566 20.710117340087891 68.952705383300781 978 179.21141052246094 220.46604919433594 1093 20.710117340087891 68.952705383300781 941 179.21141052246094 220.46604919433594 1095 
108 0.99472117676347416 0.084465665892108119 0.05178422201683603 -0.026715653347861738 -1.8764004855540755 -0.50355581779101177 1.8415947188432762 1 000107.png
215.84849548339844 167.14166259765625 951 143.77030944824219 37.349613189697266 -1 195.51339721679688 75.2515869140625 -1 120.93093109130859 88.628456115722656 1499 190.41604614257812 194.69636535644531 1109 120.93093109130859 88.628456115722656 1523 190.41604614257812 194.69636535644531 -1 143.77030944824219 37.349613189697266 -1 158.188232421875 230.035888671875 1266 92.496902465820312 28.438009262084961 847 229.53396606445312 184.2147216796875 989 133.77487182617188 226.48219299316406 1024 114.91748809814453 25.108907699584961 2114 200.62239074707031 160.19007873535156 1066 114.91748809814453 25.108907699584961 -1 69.887557983398438 25.642339706420898 929 52.502330780029297 49.031513214111328 1171 241.3831787109375 91.622360229492188 1110 240.98854064941406 156.57527160644531 955 200.62239074707031 160.19007873535156 851 111.62360382080078 200.40760803222656 990 129.31172180175781 17.036472320556641 -1 161.64469909667969 38.132472991943359 566 37.858394622802734 39.920188903808594 931 51.104610443115234 66.12615966796875 850 98.799896240234375 72.473777770996094 1070 223.54403686523438 142.41841125488281 -1 221.21147155761719 160.68064880371094 849 127.41024780273438 166.32099914550781 -1 144.69039916992188 216.68266296386719 1026 188.66151428222656 236.44161987304688 1149 149.70550537109375 240.63816833496094 1182 154.45310974121094 57.303455352783203 643 182.86177062988281 59.532539367675781 -1 166.87467956542969 80.059494018554688 142 21.756618499755859 83.034523010253906 1150 210.99034118652344 133.13540649414062 807 82.259681701660156 226.32186889648438 1151 166.87467956542969 80.059494018554688 52 166.87467956542969 80.059494018554688 49 154.45310974121094 57.303455352783203 -1 210.99034118652344 133.13540649414062 806 22.77815055847168 71.117042541503906 992 79.646133422851562 36.927589416503906 918 244.14022827148438 173.35404968261719 1031 186.13197326660156 225.595458984375 1073 131.11384582519531 235.0284423828125 1114 186.13197326660156 225.595458984375 1874 176.55833435058594 219.15927124023438 1030 143.65406799316406 188.00863647460938 892 244.14022827148438 173.35404968261719 1029 164.56509399414062 36.836894989013672 566 217.94143676757812 70.767059326171875 -1 11.224051475524902 72.180686950683594 1078 170.95423889160156 41.790443420410156 -1 173.87530517578125 95.196632385253906 -1 173.87530517578125 95.196632385253906 2110 161.51347351074219 91.756965637207031 -1 169.64897155761719 51.543796539306641 75 161.61268615722656 201.53268432617188 963 170.95423889160156 41.790443420410156 688 72.08465576171875 38.646907806396484 651 193.44013977050781 54.424949645996094 -1 228.24758911132812 76.860153198242188 1229 156.51719665527344 79.331878662109375 9 239.02029418945312 84.028114318847656 1244 161.51347351074219 91.756965637207031 -1 173.87530517578125 95.196632385253906 2111 198.71406555175781 100.24233245849609 1497 231.80635070800781 106.78838348388672 1494 131.65200805664062 178.470458984375 492 243.99885559082031 181.61865234375 1245 152.07215881347656 190.98391723632812 1170 150.44477844238281 205.85188293457031 961 87.60260009765625 233.93955993652344 1033 63.556156158447266 240.73863220214844 1875 43.289608001708984 34.65020751953125 859 175.57887268066406 65.944221496582031 -1 169.64897155761719 51.543796539306641 -1 43.289608001708984 34.65020751953125 997 87.60260009765625 233.93955993652344 1187 152.07215881347656 190.98391723632812 1075 243.99885559082031 181.61865234375 1246 45.704334259033203 41.809928894042969 936 59.449329376220703 51.376163482666016 962 197.811279296875 50.590496063232422 -1 52.690448760986328 56.245147705078125 795 154.38523864746094 64.706916809082031 -1 149.02558898925781 69.771308898925781 92 19.672908782958984 76.459129333496094 1000 10.303266525268555 83.535980224609375 996 182.02738952636719 81.566047668457031 1279 154.40655517578125 198.89453125 1032 182.02738952636719 81.566047668457031 -1 232.43614196777344 89.07025146484375 1201 160.76689147949219 230.84732055664062 -1 154.40655517578125 198.89453125 1037 19.672908782958984 76.459129333496094 969 66.634521484375 39.098522186279297 698 154.38523864746094 64.706916809082031 -1 154.38523864746094 64.706916809082031 -1 149.72271728515625 197.58753967285156 957 160.76689147949219 230.84732055664062 -1 18.614435195922852 227.71928405761719 1191 220.916259765625 134.9901123046875 1192 153.03857421875 229.75315856933594 1154 149.02558898925781 69.771308898925781 408 102.80278015136719 72.245193481445312 891 250.28929138183594 89.871025085449219 -1 250.28929138183594 89.871025085449219 -1 105.65218353271484 39.451633453369141 1862 119.70135498046875 200.22468566894531 967 153.45086669921875 252.21188354492188 -1 119.70135498046875 200.22468566894531 1040 153.45086669921875 252.21188354492188 1252 189.93830871582031 245.83110046386719 1161 30.84803581237793 52.448249816894531 1158 241.55619812011719 144.41098022460938 -1 203.70654296875 146.3170166015625 939 117.18067169189453 167.848388671875 -1 168.77772521972656 58.818119049072266 80 105.33319854736328 210.68142700195312 1004 169.79501342773438 63.118270874023438 80 30.305084228515625 61.119029998779297 1140 4.9734511375427246 74.665596008300781 1159 25.24354362487793 75.154045104980469 899 151.61363220214844 75.050827026367188 -1 5.3729672431945801 78.976249694824219 1084 221.31317138671875 79.273910522460938 904 141.68325805664062 82.221923828125 -1 113.09007263183594 191.72163391113281 1002 226.53622436523438 88.932723999023438 1265 180.06745910644531 94.010513305664062 506 164.1778564453125 101.65267944335938 11 30.84803581237793 52.448249816894531 1048 109.68627166748047 207.60739135742188 960 80.346343994140625 29.678432464599609 854 151.61363220214844 75.050827026367188 -1 226.53622436523438 88.932723999023438 1044 180.06745910644531 94.010513305664062 -1 203.70654296875 146.3170166015625 1081 113.09007263183594 191.72163391113281 965 105.33319854736328 210.68142700195312 966 109.99874877929688 211.39506530761719 1322 187.93560791015625 240.30674743652344 1134 81.198944091796875 19.336830139160156 1253 80.346343994140625 29.678432464599609 1006 16.950040817260742 76.930900573730469 1091 164.68589782714844 33.332431793212891 -1 71.376708984375 34.964187622070312 700 43.080940246582031 38.374778747558594 1254 71.599021911621094 41.445243835449219 653 45.175216674804688 47.9776611328125 870 199.80963134765625 56.462062835693359 -1 176.47921752929688 60.437862396240234 -1 20.333938598632812 68.725944519042969 964 21.579792022705078 75.531120300292969 1164 159.58132934570312 235.42057800292969 1133 6.421515941619873 85.405509948730469 -1 177.62451171875 90.151023864746094 -1 92.86505126953125 4.8979830741882324 -1 198.57131958007812 95.666305541992188 910 232.86260986328125 138.82481384277344 -1 245.2061767578125 147.48361206054688 -1 248.7025146484375 150.12664794921875 1281 86.240653991699219 152.65257263183594 -1 207.42845153808594 152.87080383300781 1288 115.9326171875 213.25746154785156 1361 161.37033081054688 77.368545532226562 -1 68.073394775390625 47.037876129150391 1088 20.333938598632812 68.725944519042969 1080 16.950040817260742 76.930900573730469 1009 6.421515941619873 85.405509948730469 -1 115.9326171875 213.25746154785156 1197 159.58132934570312 235.42057800292969 1132 243.91448974609375 169.84014892578125 -1 68.073394775390625 47.037876129150391 1237 230.53585815429688 140.6265869140625 1205 161.37033081054688 77.368545532226562 -1 154.48483276367188 220.59739685058594 1043 16.950040817260742 76.930900573730469 1090 95.859382629394531 20.826404571533203 -1 71.376708984375 34.964187622070312 701 95.859382629394531 20.826404571533203 1261 68.073394775390625 47.037876129150391 590 150.02449035644531 124.15996551513672 -1 248.70487976074219 123.64945983886719 1236 199.8814697265625 92.208343505859375 -1 172.02156066894531 89.422592163085938 842 180.96833801269531 88.899978637695312 -1 166.05206298828125 88.860061645507812 36 12.802559852600098 80.33819580078125 1101 22.241987228393555 75.477386474609375 1164 172.56913757324219 60.102619171142578 -1 29.071123123168945 57.739994049072266 1048 190.44169616699219 57.563854217529297 -1 37.338573455810547 55.496498107910156 1089 192.33998107910156 51.328453063964844 -1 173.93882751464844 50.215198516845703 -1 108.54010009765625 23.467662811279297 -1 172.98863220214844 79.712356567382812 1514 173.93882751464844 50.215198516845703 -1 192.33998107910156 51.328453063964844 -1 22.241987228393555 75.477386474609375 1164 166.05206298828125 88.860061645507812 1495 193.48098754882812 230.10755920410156 -1 148.89045715332031 232.13275146484375 -1 142.82337951660156 245.48538208007812 -1 235.17756652832031 95.240730285644531 -1 226.73550415039062 96.772750854492188 1313 148.89045715332031 232.13275146484375 1102 114.44219970703125 1.9690382480621338 1016 142.82337951660156 245.48538208007812 -1 164.64178466796875 248.76844787597656 1293 66.365867614746094 43.585247039794922 1097 155.34616088867188 231.44017028808594 -1 193.48098754882812 230.10755920410156 -1 146.95594787597656 226.63633728027344 -1 145.51336669921875 223.89315795898438 -1 174.00749206542969 223.67623901367188 1215 238.64788818359375 192.00309753417969 -1 126.17940521240234 178.35826110839844 -1 245.83233642578125 176.51408386230469 -1 204.50210571289062 176.01268005371094 1169 167.96551513671875 35.550426483154297 -1 76.196113586425781 42.237957000732422 1096 224.91531372070312 133.40385437011719 -1 251.0108642578125 125.14356231689453 -1 167.96551513671875 35.550426483154297 -1 
109 0.99475715372049456 0.083996440966880845 0.052412794459627897 -0.025606678889118328 -1.8749688331608876 -0.50100914219122528 1.8429908827705914 1 000106.png
215.96846008300781 170.15739440917969 951 190.5238037109375 198.11068725585938 1109 190.5238037109375 198.11068725585938 -1 190.5238037109375 198.11068725585938 -1 143.62466430664062 37.065547943115234 -1 120.87978363037109 88.891815185546875 1499 143.62466430664062 37.065547943115234 -1 120.87978363037109 88.891815185546875 1523 157.72586059570312 231.53952026367188 1266 92.439994812011719 29.723352432250977 847 125.20233154296875 159.59463500976562 1147 230.24919128417969 188.09605407714844 989 133.90977478027344 207.86711120605469 1067 242.1551513671875 93.166297912597656 1498 114.89656066894531 25.270753860473633 -1 69.211593627929688 26.973043441772461 929 51.538589477539062 50.606716156005859 1171 242.1551513671875 93.166297912597656 1110 241.6605224609375 159.81045532226562 955 126.095703125 163.32499694824219 -1 200.63700866699219 163.18460083007812 851 110.12176513671875 204.20048522949219 990 132.16806030273438 230.98712158203125 1024 114.89656066894531 25.270753860473633 2114 130.27285766601562 18.025030136108398 -1 161.59861755371094 38.156009674072266 566 36.813865661621094 41.787441253662109 931 98.514892578125 74.684333801269531 1070 211.46762084960938 136.17636108398438 807 211.46762084960938 136.17636108398438 806 189.33015441894531 241.71595764160156 1149 143.77447509765625 221.39764404296875 1026 221.73664855957031 163.99729919433594 849 153.61456298828125 57.776283264160156 643 183.03121948242188 58.146484375 -1 166.93702697753906 79.870018005371094 49 20.97020149230957 85.265022277832031 1150 80.2708740234375 230.86387634277344 1151 166.93702697753906 79.870018005371094 142 80.2708740234375 230.86387634277344 1027 166.93702697753906 79.870018005371094 52 153.61456298828125 57.776283264160156 -1 216.56425476074219 193.8275146484375 -1 179.3555908203125 235.83598327636719 -1 242.1785888671875 196.43161010742188 1071 143.05006408691406 190.45439147949219 892 62.11279296875 247.91276550292969 1875 245.022705078125 176.94151306152344 1029 158.41419982910156 114.77089691162109 933 25.027267456054688 104.87843322753906 -1 162.32528686523438 96.813796997070312 2124 228.97508239746094 77.910202026367188 1229 21.927713394165039 72.616592407226562 992 78.805999755859375 38.230724334716797 918 165.15194702148438 36.628753662109375 566 186.04725646972656 230.73521423339844 1073 90.404396057128906 245.71907043457031 1153 146.01788330078125 242.031494140625 -1 129.95973205566406 239.35501098632812 1114 186.04725646972656 230.73521423339844 1874 176.28509521484375 223.55038452148438 1030 245.022705078125 176.94151306152344 1031 156.49461364746094 79.29705810546875 9 240.24153137207031 85.341659545898438 1244 154.35386657714844 90.950668334960938 315 233.30093383789062 90.872528076171875 1201 161.48663330078125 91.678054809570312 -1 173.84243774414062 95.178726196289062 2111 199.17388916015625 101.97696685791016 1497 232.86317443847656 109.20999145507812 1494 151.39488220214844 194.92085266113281 1170 153.84544372558594 202.90579223632812 1032 161.05366516113281 205.74488830566406 963 149.74560546875 210.18104553222656 961 152.2445068359375 234.65438842773438 1154 85.54302978515625 238.99661254882812 1187 157.90065002441406 57.49981689453125 643 85.54302978515625 238.99661254882812 1033 153.84544372558594 202.90579223632812 1037 151.39488220214844 194.92085266113281 1075 173.84243774414062 95.178726196289062 -1 173.84243774414062 95.178726196289062 2110 161.48663330078125 91.678054809570312 -1 169.77687072753906 51.263607025146484 75 171.06184387207031 42.97515869140625 688 42.529369354248047 36.183372497558594 859 42.529369354248047 36.183372497558594 997 71.174339294433594 40.176486968994141 651 171.06184387207031 42.97515869140625 -1 169.77687072753906 51.263607025146484 -1 193.31651306152344 54.284694671630859 -1 175.65522766113281 66.0137939453125 -1 133.66850280761719 71.236930847167969 -1 51.693477630615234 57.804786682128906 795 125.64432525634766 179.65034484863281 -1 15.661412239074707 231.80061340332031 1191 118.28937530517578 204.38348388671875 1040 103.58000183105469 202.02896118164062 1119 148.74185180664062 201.702880859375 957 132.44477844238281 180.41339111328125 492 221.38682556152344 137.68836975097656 1192 118.28937530517578 204.38348388671875 967 103.58000183105469 202.02896118164062 1121 212.88356018066406 108.7857666015625 -1 206.84245300292969 104.96587371826172 -1 250.80026245117188 90.380561828613281 -1 9.513458251953125 84.874092102050781 1079 154.60916137695312 64.451553344726562 -1 154.60916137695312 64.451553344726562 -1 154.60916137695312 64.451553344726562 -1 58.597389221191406 52.945453643798828 962 44.478603363037109 43.488216400146484 936 65.661178588867188 40.998863220214844 698 232.166748046875 121.05437469482422 -1 212.88356018066406 108.7857666015625 1120 206.84245300292969 104.96587371826172 1193 193.68931579589844 96.246528625488281 1157 250.80026245117188 90.380561828613281 -1 9.513458251953125 84.874092102050781 996 180.9725341796875 82.375244140625 1279 116.46851348876953 198.6417236328125 1039 102.84413146972656 71.910171508789062 891 239.13627624511719 150.00968933105469 -1 81.268959045410156 38.896091461181641 -1 106.860107421875 197.71783447265625 940 130.72555541992188 12.558485984802246 -1 79.859542846679688 31.112323760986328 706 29.668540954589844 53.962905883789062 1158 199.97242736816406 57.11260986328125 -1 168.66905212402344 58.812744140625 80 29.332790374755859 62.654129028320312 1140 169.74986267089844 63.163692474365234 80 151.50794982910156 75.16571044921875 -1 3.4142811298370361 76.267501831054688 1159 161.40885925292969 77.364952087402344 -1 221.77117919921875 81.082504272460938 904 226.72055053710938 90.725364685058594 1265 180.05339050292969 94.123626708984375 506 163.9908447265625 101.35896301269531 11 154.94650268554688 121.25520324707031 -1 231.06941223144531 144.12881469726562 1205 203.90492248535156 149.52214050292969 939 62.0584716796875 181.26368713378906 1835 111.74520874023438 195.97526550292969 1002 35.040931701660156 210.24008178710938 1343 117.30083465576172 210.56520080566406 1085 108.28212738037109 211.46351623535156 960 103.92781066894531 214.76885986328125 966 108.55758666992188 215.73477172851562 1322 160.78494262695312 220.77345275878906 1128 153.90199279785156 225.30824279785156 1043 187.60615539550781 245.33477783203125 1134 189.84259033203125 251.04267883300781 1161 81.361763000488281 20.130218505859375 1253 189.84259033203125 251.04267883300781 1349 79.859542846679688 31.112323760986328 1006 29.668540954589844 53.962905883789062 1048 151.50794982910156 75.16571044921875 -1 161.40885925292969 77.364952087402344 -1 180.05339050292969 94.123626708984375 -1 163.9908447265625 101.35896301269531 -1 154.94650268554688 121.25520324707031 -1 111.74520874023438 195.97526550292969 965 103.92781066894531 214.76885986328125 1004 160.78494262695312 220.77345275878906 -1 160.78494262695312 220.77345275878906 1123 172.99882507324219 79.513160705566406 1514 141.98013305664062 81.438995361328125 -1 158.764404296875 240.66575622558594 1132 70.529014587402344 36.425304412841797 700 177.77813720703125 90.665382385253906 -1 70.624275207519531 43.044574737548828 653 243.84341430664062 152.61189270019531 -1 133.41815185546875 182.87687683105469 -1 67.050491333007812 48.568107604980469 1237 158.764404296875 240.66575622558594 1133 22.55511474609375 250.77171325683594 -1 108.10662841796875 252.480224609375 -1 136.41883850097656 253.71232604980469 1163 23.891897201538086 56.447681427001953 -1 19.497650146484375 70.273208618164062 964 20.582534790039062 77.022239685058594 1164 16.241977691650391 78.356819152832031 1091 96.191619873046875 21.787317276000977 1261 113.22894287109375 6.6689682006835938 1016 96.191619873046875 21.787317276000977 -1 70.529014587402344 36.425304412841797 701 70.624275207519531 43.044574737548828 979 67.050491333007812 48.568107604980469 1088 67.050491333007812 48.568107604980469 590 211.57615661621094 160.35809326171875 1137 23.891897201538086 56.447681427001953 -1 19.497650146484375 70.273208618164062 1080 20.582534790039062 77.022239685058594 1164 16.241977691650391 78.356819152832031 1009 16.241977691650391 78.356819152832031 1090 133.41815185546875 182.87687683105469 -1 241.59417724609375 83.247810363769531 1052 146.05940246582031 231.6209716796875 -1 199.35972595214844 147.74650573730469 1125 154.93267822265625 240.1461181640625 -1 152.21923828125 241.74067687988281 1167 121.98672485351562 235.89883422851562 -1 144.48223876953125 228.46124267578125 -1 9.5584678649902344 227.17990112304688 -1 12.259035110473633 226.02088928222656 1203 7.9835968017578125 223.01353454589844 -1 3.1354475021362305 222.25532531738281 -1 114.90587615966797 217.87890625 1197 246.7593994140625 180.37242126464844 -1 204.76028442382812 179.124755859375 1169 232.99772644042969 177.47341918945312 -1 21.270767211914062 54.718608856201172 -1 235.75395202636719 97.1015625 -1 180.97332763671875 88.856460571289062 -1 166.06916809082031 88.895652770996094 36 11.953947067260742 81.625602722167969 1101 175.8592529296875 60.557392120361328 -1 172.49958801269531 60.114749908447266 -1 28.393344879150391 59.066795349121094 1048 190.43020629882812 57.570468902587891 -1 36.306861877441406 57.101577758789062 1089 21.270767211914062 54.718608856201172 -1 192.36671447753906 51.270641326904297 -1 65.426353454589844 45.399250030517578 1097 80.182060241699219 34.695732116699219 -1 114.55021667480469 1.9708096981048584 1016 166.06916809082031 88.895652770996094 1495 114.90587615966797 217.87890625 1361 121.98672485351562 235.89883422851562 -1 148.01219177246094 237.44151306152344 -1 186.06706237792969 252.03997802734375 -1 160.99565124511719 253.30599975585938 -1 162.54132080078125 28.965480804443359 -1 160.99565124511719 253.30599975585938 -1 148.01219177246094 237.44151306152344 1102 45.442600250244141 25.79063606262207 -1 110.36476898193359 6.3409562110900879 227 162.96188354492188 243.71002197265625 -1 187.56852722167969 248.13363647460938 -1 110.36476898193359 6.3409562110900879 204 192.36671447753906 51.270641326904297 -1 154.15214538574219 99.246040344238281 -1 154.15214538574219 99.246040344238281 311 
110 0.99473605028410605 0.084438946639330409 0.051518047451510396 -0.026760892032981036 -1.8773781888372651 -0.50457131087035267 1.8406425272764957 1 000109.png
215.80863952636719 166.68669128417969 951 143.80943298339844 37.362289428710938 -1 195.49050903320312 75.324806213378906 -1 120.96858215332031 88.973876953125 1499 190.49803161621094 194.06706237792969 1109 120.96858215332031 88.973876953125 1523 143.80943298339844 37.362289428710938 -1 158.12969970703125 229.91622924804688 1266 92.407890319824219 28.067743301391602 847 200.7899169921875 159.72463989257812 851 229.26387023925781 183.57215881347656 989 200.7899169921875 159.72463989257812 1066 114.91042327880859 25.074056625366211 2114 133.82505798339844 225.88653564453125 1024 111.67730712890625 199.70526123046875 990 240.6646728515625 155.94609069824219 955 52.314697265625 48.618679046630859 1171 241.04951477050781 91.24932861328125 1110 114.91042327880859 25.074056625366211 -1 69.752914428710938 25.229396820068359 929 50.952777862548828 65.663131713867188 1112 221.34999084472656 160.42643737792969 849 144.50543212890625 215.97178649902344 1026 188.49819946289062 235.62274169921875 1149 149.80068969726562 240.08049011230469 1182 98.753486633300781 72.382110595703125 1070 129.09896850585938 16.746467590332031 -1 161.66932678222656 38.130477905273438 566 37.624973297119141 39.780994415283203 931 166.90609741210938 80.040351867675781 142 182.86274719238281 59.562507629394531 -1 154.23127746582031 57.172386169433594 -1 166.90609741210938 80.040351867675781 49 166.90609741210938 80.040351867675781 52 211.03932189941406 132.71342468261719 806 92.231231689453125 241.02685546875 -1 154.23127746582031 57.172386169433594 643 82.317489624023438 225.7554931640625 1151 92.231231689453125 241.02685546875 1153 211.03932189941406 132.71342468261719 807 22.874088287353516 70.885635375976562 992 217.86808776855469 70.463371276855469 -1 79.513679504394531 36.393207550048828 918 131.18739318847656 234.53250122070312 1114 186.16078186035156 225.00440979003906 1874 165.12297058105469 36.634925842285156 566 176.45866394042969 218.65538024902344 1030 243.90576171875 172.73460388183594 1029 186.16078186035156 225.00440979003906 1073 243.90576171875 172.73460388183594 1031 71.985809326171875 38.107826232910156 651 169.61904907226562 51.672294616699219 -1 193.4482421875 54.459358215332031 -1 175.55351257324219 65.894134521484375 -1 134.07769775390625 71.360916137695312 -1 161.57565307617188 200.91976928710938 963 156.5074462890625 79.329421997070312 9 238.806640625 83.8668212890625 1244 154.330322265625 90.975669860839844 315 161.48731994628906 91.464263916015625 -1 173.86146545410156 95.160346984863281 2111 198.50541687011719 99.846626281738281 1497 231.79154968261719 106.39646911621094 1494 238.96429443359375 125.14698791503906 1188 131.47346496582031 178.20135498046875 1116 152.00785827636719 190.37503051757812 1170 240.92584228515625 191.30654907226562 1071 150.42816162109375 205.259765625 961 87.697113037109375 233.25946044921875 1033 63.923770904541016 240.99153137207031 1875 200.02272033691406 50.909122467041016 -1 87.697113037109375 233.25946044921875 1187 170.95484924316406 41.798023223876953 688 152.11820983886719 103.39031219482422 57 170.95484924316406 41.798023223876953 -1 10.955924034118652 71.969818115234375 1078 227.93096923828125 76.509292602539062 1229 43.311649322509766 34.236278533935547 997 152.00785827636719 190.37503051757812 1075 173.86146545410156 95.160346984863281 -1 173.86146545410156 95.160346984863281 2110 161.48731994628906 91.464263916015625 -1 169.61904907226562 51.672294616699219 75 43.311649322509766 34.236278533935547 859 66.492530822753906 38.273006439208984 698 232.51896667480469 88.543235778808594 1201 10.068141937255859 83.116218566894531 996 148.78376770019531 69.631500244140625 92 154.46868896484375 64.829376220703125 -1 59.355361938476562 50.930320739746094 962 45.665561676025391 41.300392150878906 936 20.293928146362305 243.7296142578125 -1 153.00352478027344 229.09526062011719 1154 160.79176330566406 230.18632507324219 -1 18.676507949829102 226.91346740722656 1191 154.28073120117188 197.79533386230469 1032 154.46868896484375 64.829376220703125 -1 104.90336608886719 197.28839111328125 1119 212.12190246582031 106.15381622314453 1120 206.32867431640625 102.65606689453125 1193 148.78376770019531 69.631500244140625 408 154.46868896484375 64.829376220703125 -1 220.89544677734375 134.7186279296875 1192 154.28073120117188 197.79533386230469 -1 154.28073120117188 197.79533386230469 1037 104.90336608886719 197.28839111328125 1121 212.12190246582031 106.15381622314453 1194 206.32867431640625 102.65606689453125 -1 10.068141937255859 83.116218566894531 1079 148.78376770019531 69.631500244140625 -1 151.47660827636719 75.374977111816406 -1 17.996402740478516 76.335472106933594 1000 17.996402740478516 76.335472106933594 -1 161.92262268066406 77.375648498535156 -1 226.22842407226562 88.503509521484375 1044 250.52610778808594 89.858184814453125 -1 180.05361938476562 94.015701293945312 -1 203.74221801757812 145.53428649902344 1081 113.05531311035156 191.30955505371094 965 119.70132446289062 199.66447448730469 1040 105.36683654785156 210.05404663085938 1004 115.49674987792969 211.25592041015625 1197 227.12318420410156 82.398872375488281 -1 80.110923767089844 29.237937927246094 1006 161.32376098632812 215.74748229980469 1123 160.04100036621094 60.199432373046875 643 153.314453125 251.1119384765625 1252 105.74546813964844 39.458225250244141 1862 30.237756729125977 52.234279632568359 1158 168.27261352539062 52.727497100830078 -1 168.74148559570312 58.847103118896484 80 30.293312072753906 60.574050903320312 1140 169.80572509765625 63.121826171875 80 19.829280853271484 67.944229125976562 964 4.7205848693847656 74.187721252441406 1159 25.018520355224609 74.750633239746094 899 151.47660827636719 75.374977111816406 -1 17.996402740478516 76.335472106933594 1000 161.92262268066406 77.375648498535156 -1 5.307532787322998 78.48834228515625 1084 221.1678466796875 78.873748779296875 904 141.5472412109375 82.958877563476562 -1 226.22842407226562 88.503509521484375 1265 250.52610778808594 89.858184814453125 -1 180.05361938476562 94.015701293945312 506 168.57591247558594 97.824119567871094 -1 164.22280883789062 101.55698394775391 11 205.07112121582031 136.75357055664062 1124 230.91244506835938 141.12060546875 1205 199.2637939453125 145.33329772949219 1125 203.74221801757812 145.53428649902344 939 237.44038391113281 145.71066284179688 -1 64.366493225097656 177.16409301757812 1835 113.05531311035156 191.30955505371094 1002 117.66983032226562 194.28759765625 1039 119.70132446289062 199.66447448730469 967 37.110965728759766 206.34085083007812 1126 109.72853851318359 207.20451354980469 960 105.36683654785156 210.05404663085938 966 110.06278991699219 210.50909423828125 1322 115.49674987792969 211.25592041015625 1361 161.32376098632812 215.74748229980469 1128 189.89773559570312 244.81697082519531 1161 80.110923767089844 29.237937927246094 706 160.04100036621094 60.199432373046875 90 105.74546813964844 39.458225250244141 -1 30.237756729125977 52.234279632568359 1048 19.829280853271484 67.944229125976562 1080 44.911212921142578 29.637603759765625 -1 81.894645690917969 37.126949310302734 1198 44.911212921142578 29.637603759765625 -1 189.25779724121094 228.83200073242188 -1 249.82354736328125 158.88894653320312 1034 189.25779724121094 228.83200073242188 -1 95.753044128417969 20.363578796386719 -1 177.62736511230469 90.172904968261719 -1 71.16937255859375 34.590286254882812 701 71.53558349609375 41.038192749023438 979 67.983711242675781 46.538497924804688 590 67.983711242675781 46.538497924804688 1088 24.387462615966797 54.516014099121094 -1 28.094188690185547 57.988136291503906 -1 198.36717224121094 95.098213195800781 910 17.003036499023438 76.4007568359375 1090 17.003036499023438 76.4007568359375 1009 17.003036499023438 76.4007568359375 -1 159.6317138671875 234.57890319824219 1132 241.50129699707031 148.03324890136719 -1 154.70401000976562 219.96722412109375 1043 159.6317138671875 234.57890319824219 1133 188.03579711914062 239.651123046875 1134 66.288551330566406 41.79693603515625 -1 67.983711242675781 46.538497924804688 1237 24.387462615966797 54.516014099121094 -1 28.094188690185547 57.988136291503906 -1 71.53558349609375 41.038192749023438 653 176.48023986816406 60.524326324462891 -1 17.003036499023438 76.4007568359375 1091 173.04415893554688 79.515243530273438 1514 71.16937255859375 34.590286254882812 700 95.753044128417969 20.363578796386719 1261 200.42472839355469 92.178924560546875 -1 171.99168395996094 89.426918029785156 842 190.7095947265625 88.931144714355469 -1 180.98237609863281 88.872108459472656 -1 166.06089782714844 88.929824829101562 36 226.94720458984375 81.226509094238281 -1 12.510187149047852 79.813735961914062 1101 173.90396118164062 50.148799896240234 -1 61.381343841552734 51.324138641357422 1312 192.33642578125 51.275028228759766 -1 226.94720458984375 81.226509094238281 -1 226.94720458984375 81.226509094238281 -1 166.06089782714844 88.929824829101562 1495 182.61026000976562 96.299522399902344 -1 114.40676116943359 1.9789519309997559 1016 148.918701171875 231.38470458984375 -1 125.58046722412109 9.9682683944702148 1012 76.048683166503906 41.805984497070312 1096 66.3023681640625 43.136283874511719 1097 173.90396118164062 50.148799896240234 -1 61.381343841552734 51.324138641357422 1207 192.33642578125 51.275028228759766 -1 37.272594451904297 55.068496704101562 1089 190.45901489257812 57.532310485839844 -1 172.63534545898438 60.089012145996094 -1 15.330941200256348 63.608211517333984 -1 129.33587646484375 10.851553916931152 -1 148.918701171875 231.38470458984375 1102 155.33795166015625 230.73171997070312 -1 146.87283325195312 225.94940185546875 -1 145.48785400390625 223.43881225585938 -1 7.9509983062744141 216.029052734375 -1 2.6245672702789307 214.46290588378906 -1 243.93508911132812 168.73440551757812 -1 214.92172241210938 160.47128295898438 1136 210.07159423828125 155.46331787109375 1137 207.03376770019531 152.04489135742188 1288 244.71151733398438 149.97850036621094 -1 252.82958984375 125.97686004638672 -1 211.61582946777344 99.265968322753906 1466 182.61026000976562 96.299522399902344 -1 226.48812866210938 96.109573364257812 1313 234.8948974609375 94.823951721191406 -1 22.128561019897461 74.975791931152344 1164 154.04026794433594 99.136192321777344 -1 22.128561019897461 74.975791931152344 1164 154.04026794433594 99.136192321777344 311 
111 0.99480788813353582 0.085016851180511624 0.049300265139601999 -0.026436425246436232 -1.886224037501711 -0.52555908050538946 1.8320303226843622 1 000111.png
214.40394592285156 157.95683288574219 951 144.60519409179688 37.696044921875 -1 195.97090148925781 75.057044982910156 1303 120.83255767822266 88.391792297363281 1499 189.6939697265625 184.34738159179688 1109 120.83255767822266 88.391792297363281 1523 144.60519409179688 37.696044921875 -1 157.44332885742188 221.76927185058594 1266 91.722091674804688 22.854202270507812 847 226.34019470214844 173.80848693847656 989 199.15127563476562 151.05416870117188 851 199.15127563476562 151.05416870117188 1066 133.1461181640625 215.13032531738281 1024 51.266014099121094 40.154579162597656 1171 114.87752532958984 24.520835876464844 2114 111.40631866455078 189.44998168945312 990 69.192359924316406 16.827165603637695 929 114.87752532958984 24.520835876464844 -1 50.517269134521484 56.655483245849609 1112 161.67962646484375 38.045585632324219 566 148.90524291992188 228.63325500488281 1182 239.1573486328125 87.472137451171875 1110 238.74046325683594 147.067138671875 955 36.400394439697266 32.275474548339844 931 219.52226257324219 151.65428161621094 849 186.45065307617188 223.82618713378906 1149 239.1573486328125 87.472137451171875 1498 124.48798370361328 200.55409240722656 1224 153.59060668945312 57.816234588623047 643 182.78337097167969 60.086715698242188 -1 20.442028045654297 63.05804443359375 992 98.343605041503906 63.409393310546875 1070 212.96804809570312 68.991188049316406 -1 167.14564514160156 80.035400390625 49 209.56671142578125 124.40658569335938 807 153.62992858886719 244.26858520507812 1304 82.438774108886719 214.55503845214844 1151 153.59060668945312 57.816234588623047 -1 167.14564514160156 80.035400390625 142 153.62992858886719 244.26858520507812 -1 174.67842102050781 208.92207336425781 1030 209.56671142578125 124.40658569335938 806 160.07148742675781 110.58069610595703 933 164.1715087890625 36.757785797119141 566 134.0655517578125 70.997810363769531 -1 209.04266357421875 84.522048950195312 1186 238.13308715820312 181.91365051269531 1071 184.16360473632812 213.1534423828125 1874 105.39570617675781 245.78460693359375 -1 184.16360473632812 213.1534423828125 1073 130.24017333984375 223.7913818359375 1114 41.672275543212891 26.15123176574707 997 101.69336700439453 32.067276000976562 -1 122.95341491699219 8.6090354919433594 -1 156.51303100585938 79.353485107421875 9 154.38226318359375 90.915367126464844 315 161.46957397460938 91.525238037109375 -1 197.44819641113281 92.967140197753906 1497 171.02835083007812 42.092594146728516 -1 87.457618713378906 221.98699951171875 1187 151.01290893554688 180.20547485351562 1075 175.49565124511719 65.846519470214844 -1 137.51091003417969 175.14617919921875 -1 184.14382934570312 64.058334350585938 -1 78.634895324707031 28.147972106933594 1446 236.56222534179688 117.57957458496094 -1 173.85002136230469 95.096817016601562 -1 173.85002136230469 95.096817016601562 2110 161.46957397460938 91.525238037109375 -1 169.62474060058594 51.688182830810547 75 173.85002136230469 95.096817016601562 2111 230.45425415039062 99.291191101074219 1494 152.19715881347656 103.20468902587891 57 236.56222534179688 117.57957458496094 1188 241.60887145996094 163.28402709960938 1029 184.14382934570312 64.058334350585938 -1 151.01290893554688 180.20547485351562 1170 160.31050109863281 190.20278930664062 963 149.40203857421875 194.60868835449219 961 87.457618713378906 221.98699951171875 1033 64.339302062988281 228.86180114746094 1875 149.10914611816406 252.79974365234375 -1 71.122825622558594 30.065570831298828 651 169.62474060058594 51.688182830810547 -1 193.48818969726562 54.555583953857422 -1 171.02835083007812 42.092594146728516 688 241.60887145996094 163.28402709960938 1031 45.443958282470703 8.3348522186279297 1189 65.79278564453125 30.340446472167969 698 44.710361480712891 33.303310394287109 936 110.85916137695312 33.071598052978516 -1 58.333858489990234 42.292858123779297 962 51.125247955322266 47.671913146972656 795 101.47655487060547 63.695701599121094 891 110.85916137695312 33.071598052978516 -1 65.79278564453125 30.340446472167969 1225 191.77096557617188 87.091552734375 1157 250.45510864257812 90.381629943847656 -1 242.11427307128906 170.48982238769531 1246 149.03950500488281 69.986343383789062 92 9.9981403350830078 64.284027099609375 1078 151.87171936035156 217.47850036621094 1154 19.579093933105469 216.91464233398438 1191 147.42234802246094 201.71299743652344 1077 153.34834289550781 187.98136901855469 1032 148.01451110839844 186.37461853027344 957 242.11427307128906 170.48982238769531 1245 208.83830261230469 152.35504150390625 1611 218.90646362304688 126.68556213378906 1192 210.8026123046875 99.0755615234375 1120 153.34834289550781 187.98136901855469 1037 205.00433349609375 95.513069152832031 1193 210.8026123046875 99.0755615234375 1194 250.45510864257812 90.381629943847656 -1 8.0517311096191406 75.205703735351562 996 230.19831848144531 76.499702453613281 -1 163.9827880859375 62.395191192626953 -1 163.9827880859375 62.395191192626953 1645 112.62132263183594 181.97705078125 1002 105.40557098388672 39.391963958740234 1862 18.268947601318359 60.208431243896484 1080 151.48609924316406 75.24896240234375 -1 161.72801208496094 77.419273376464844 -1 202.53993225097656 137.03355407714844 1081 104.57363891601562 186.98439025878906 1121 118.97846984863281 189.17689514160156 967 105.08708190917969 198.95916748046875 1004 110.20808410644531 34.220367431640625 -1 115.07106018066406 199.96484375 1197 130.161376953125 204.29472351074219 -1 158.25241088867188 223.15408325195312 1133 80.84844970703125 28.813343048095703 1198 79.933349609375 21.623659133911133 706 29.20008659362793 44.755924224853516 1158 28.990261077880859 52.982231140136719 1140 168.83714294433594 58.855998992919922 80 203.4195556640625 58.942562103271484 -1 18.268947601318359 60.208431243896484 964 177.15457153320312 60.484142303466797 -1 169.76060485839844 63.165462493896484 80 3.3620131015777588 66.723052978515625 1159 224.06695556640625 72.379356384277344 1229 151.48609924316406 75.24896240234375 -1 161.72801208496094 77.419273376464844 -1 224.97175598144531 81.405120849609375 1265 229.75373840332031 81.630645751953125 1201 141.47111511230469 83.190841674804688 -1 172.27703857421875 88.127113342285156 842 180.0462646484375 94.185768127441406 506 203.75157165527344 128.753662109375 1124 197.83772277832031 137.19917297363281 1125 202.53993225097656 137.03355407714844 939 107.89497375488281 182.60710144042969 940 104.57363891601562 186.98439025878906 1119 118.97846984863281 189.17689514160156 1040 118.14218139648438 195.17410278320312 1085 105.08708190917969 198.95916748046875 966 109.5977783203125 199.49806213378906 1322 115.07106018066406 199.96484375 1361 130.161376953125 204.29472351074219 -1 9.3822994232177734 204.75016784667969 -1 153.42796325683594 208.65255737304688 1043 15.221092224121094 209.21490478515625 1203 158.25241088867188 223.15408325195312 1132 89.756187438964844 239.98844909667969 -1 178.70008850097656 253.4163818359375 1311 79.933349609375 21.623659133911133 1006 110.20808410644531 34.220367431640625 -1 29.20008659362793 44.755924224853516 1048 233.59564208984375 87.544082641601562 -1 88.5555419921875 209.44976806640625 1204 70.382102966308594 26.523044586181641 700 147.88584899902344 220.11167907714844 1102 227.88369750976562 103.52793121337891 1494 77.370529174804688 221.20591735839844 1310 187.91802978515625 232.27386474609375 1161 99.292457580566406 246.16139221191406 -1 136.32847595214844 235.20074462890625 1163 234.03097534179688 78.534080505371094 1244 173.14617919921875 79.397453308105469 1514 103.66020202636719 240.29122924804688 1232 197.1405029296875 87.991790771484375 910 228.92317199707031 132.58880615234375 1205 103.77672576904297 192.63502502441406 1667 188.32957458496094 148.89663696289062 -1 234.88034057617188 178.46824645996094 -1 154.61373901367188 191.21902465820312 -1 210.03903198242188 147.90977478027344 1137 70.382102966308594 26.523044586181641 701 66.977645874023438 38.285762786865234 590 66.977645874023438 38.285762786865234 1088 133.16688537597656 77.233367919921875 -1 233.59564208984375 87.544082641601562 -1 154.61373901367188 191.21902465820312 -1 103.66020202636719 240.29122924804688 1231 93.449592590332031 14.13630199432373 1261 70.554672241210938 33.000457763671875 653 66.977645874023438 38.285762786865234 1237 59.704662322998047 42.469467163085938 1207 23.920665740966797 66.556381225585938 899 19.867759704589844 67.509849548339844 1164 15.385622978210449 69.171241760253906 1091 13.370842933654785 76.150611877441406 1208 133.16688537597656 77.233367919921875 1618 21.44879150390625 204.83320617675781 1209 154.35313415527344 196.72209167480469 -1 162.87583923339844 195.58311462402344 -1 33.912586212158203 194.82684326171875 1235 50.007331848144531 177.86103820800781 -1 246.70614624023438 170.34902954101562 -1 216.63064575195312 154.46479797363281 1136 241.48698425292969 137.87875366210938 -1 110.48642730712891 128.43695068359375 1211 246.99395751953125 115.99897766113281 1236 164.589599609375 104.82021331787109 -1 154.03642272949219 99.028450012207031 311 177.96708679199219 89.719985961914062 -1 171.99386596679688 89.425933837890625 842 166.08328247070312 89.025062561035156 36 185.56045532226562 73.4453125 -1 10.870427131652832 72.550910949707031 1101 30.237369537353516 63.190708160400391 1100 2.9872961044311523 62.615283966064453 -1 172.81158447265625 60.148418426513672 -1 190.4693603515625 57.563091278076172 -1 27.725385665893555 49.658946990966797 -1 42.401691436767578 47.004264831542969 1353 173.89535522460938 50.274280548095703 -1 192.33970642089844 51.300704956054688 -1 2.9872961044311523 62.615283966064453 -1 10.870427131652832 72.550910949707031 1103 166.08328247070312 89.025062561035156 1495 177.96708679199219 89.719985961914062 -1 154.03642272949219 99.028450012207031 -1 50.007331848144531 177.86103820800781 -1 162.87583923339844 195.58311462402344 -1 24.027942657470703 205.50752258300781 1320 80.14959716796875 25.064943313598633 -1 108.00891876220703 29.03375244140625 1802 167.96913146972656 35.623603820800781 -1 42.401691436767578 47.004264831542969 1319 173.89535522460938 50.274280548095703 -1 192.33970642089844 51.300704956054688 -1 78.812919616699219 209.8626708984375 1213 20.434717178344727 209.27091979980469 1214 33.912586212158203 194.82684326171875 1233 152.70668029785156 227.39675903320312 1167 114.39950561523438 1.9721957445144653 1016 186.38072204589844 228.10453796386719 1134 146.04692077636719 214.79830932617188 -1 172.44276428222656 212.54820251464844 1215 149.01359558105469 237.71296691894531 1252 144.12147521972656 239.82998657226562 1234 219.76692199707031 73.017227172851562 1216 149.31794738769531 207.78367614746094 1045 24.027942657470703 205.50752258300781 1321 167.96913146972656 35.623603820800781 -1 2.2150354385375977 80.600456237792969 -1 67.963623046875 25.385095596313477 -1 75.236137390136719 33.569877624511719 1096 
112 0.99481574963451891 0.0852975181037815 0.049722269408939097 -0.024365007885700361 -1.8831572161640129 -0.5391801076154793 1.8326870836483569 1 000112.png
214.30604553222656 156.42765808105469 951 144.60670471191406 37.706527709960938 -1 196.33100891113281 74.743865966796875 1303 120.77883148193359 88.319412231445312 1499 189.69627380371094 182.48243713378906 1109 120.77883148193359 88.319412231445312 1523 144.60670471191406 37.706527709960938 -1 157.1400146484375 219.21389770507812 1266 91.562881469726562 22.188608169555664 847 125.10875701904297 158.52777099609375 -1 226.04759216308594 172.04147338867188 989 88.817314147949219 248.58221435546875 -1 198.90238952636719 149.25181579589844 851 198.90238952636719 149.25181579589844 1066 134.96031188964844 193.89903259277344 1067 69.914016723632812 14.651717185974121 929 132.75582885742188 212.30439758300781 1024 114.93888854980469 24.497112274169922 2114 51.915172576904297 38.149986267089844 1171 111.33535003662109 186.7532958984375 990 114.93888854980469 24.497112274169922 -1 148.39918518066406 225.504638671875 1182 37.038421630859375 30.421688079833984 931 161.59567260742188 38.148246765136719 566 238.9727783203125 86.968116760253906 1498 238.9727783203125 86.968116760253906 1110 238.65046691894531 145.73080444335938 955 148.39918518066406 225.504638671875 1331 123.91190338134766 197.80471801757812 1224 219.24600219726562 149.96456909179688 849 185.65826416015625 221.1488037109375 1149 167.27029418945312 79.950080871582031 49 209.38462829589844 122.95853424072266 807 173.95101928710938 206.53948974609375 1030 82.5404052734375 211.194091796875 1151 212.88609313964844 68.916160583496094 -1 50.724380493164062 54.479846954345703 1112 209.38462829589844 122.95853424072266 806 152.80661010742188 240.97772216796875 1304 154.04106140136719 57.962867736816406 643 21.088815689086914 60.911365509033203 992 182.78547668457031 60.440830230712891 -1 167.27029418945312 79.950080871582031 142 98.30633544921875 62.581657409667969 1070 223.53146362304688 76.335258483886719 -1 154.04106140136719 57.962867736816406 -1 159.99954223632812 110.55576324462891 933 163.87542724609375 36.931842803955078 566 91.791900634765625 226.25738525390625 1153 246.54373168945312 153.60697937011719 1038 183.48245239257812 210.48921203613281 1073 124.42219543457031 10.592788696289062 -1 101.22504425048828 31.913856506347656 -1 246.54373168945312 153.60697937011719 1034 84.323867797851562 6.152916431427002 -1 129.80227661132812 220.72378540039062 1114 183.48245239257812 210.48921203613281 1874 209.33006286621094 83.367362976074219 1186 104.92439270019531 242.5640869140625 -1 49.4588623046875 16.738739013671875 1420 184.16215515136719 64.599494934082031 -1 184.16215515136719 64.599494934082031 -1 49.4588623046875 16.738739013671875 1017 159.93455505371094 187.68930053710938 963 43.060337066650391 23.995145797729492 997 79.127037048339844 26.308320999145508 1446 169.69345092773438 51.469028472900391 -1 193.47590637207031 54.588161468505859 -1 175.46505737304688 65.807174682617188 -1 156.54158020019531 79.34490966796875 9 161.51824951171875 91.537094116210938 -1 197.70263671875 91.420318603515625 1497 173.84072875976562 95.07244873046875 2111 230.75422668457031 98.234298706054688 1494 241.14051818847656 161.72671508789062 1029 137.10774230957031 176.16879272460938 -1 150.69856262207031 177.66889953613281 1170 148.99171447753906 191.92129516601562 961 20.581611633300781 213.30032348632812 1191 87.413002014160156 218.46662902832031 1033 63.813289642333984 223.03683471679688 1875 147.57363891601562 248.57467651367188 1340 108.28988647460938 249.64724731445312 -1 108.28988647460938 249.64724731445312 1381 108.28988647460938 249.64724731445312 -1 147.57363891601562 248.57467651367188 -1 87.413002014160156 218.46662902832031 1187 150.69856262207031 177.66889953613281 1075 241.14051818847656 161.72671508789062 1031 173.84072875976562 95.07244873046875 -1 173.84072875976562 95.07244873046875 2110 161.51824951171875 91.537094116210938 -1 169.69345092773438 51.469028472900391 75 43.060337066650391 23.995145797729492 859 46.323032379150391 6.5665688514709473 1189 112.43804931640625 179.38299560546875 1002 205.28659057617188 94.303382873535156 1193 216.19479370117188 67.743804931640625 -1 159.66372680664062 249.60543823242188 -1 230.40423583984375 166.49974060058594 1519 147.87678527832031 70.406494140625 92 108.47832489013672 235.48858642578125 -1 151.37586975097656 214.47114562988281 1154 15.491132736206055 204.31056213378906 1203 146.89373779296875 199.0679931640625 1077 19.053750991821289 66.743598937988281 1000 153.17538452148438 185.52581787109375 1032 147.6522216796875 183.78530883789062 957 117.38658142089844 180.88038635253906 1039 159.66372680664062 249.60543823242188 -1 153.17538452148438 185.52581787109375 1037 205.28659057617188 94.303382873535156 -1 147.87678527832031 70.406494140625 -1 147.87678527832031 70.406494140625 408 218.81527709960938 125.33148193359375 1192 164.70201110839844 61.177555084228516 1645 66.370887756347656 27.575254440307617 1225 10.970475196838379 62.121330261230469 1078 164.70201110839844 61.177555084228516 -1 59.096519470214844 40.205509185791016 962 45.560459136962891 31.303028106689453 936 66.370887756347656 27.575254440307617 698 242.27427673339844 168.10377502441406 1246 97.697784423828125 13.101815223693848 -1 242.27427673339844 168.10377502441406 1245 105.44605255126953 39.416122436523438 1862 197.6370849609375 136.03169250488281 1125 118.87704467773438 186.36701965332031 967 104.88594818115234 195.90608215332031 1004 114.64734649658203 197.16905212402344 1197 157.82817077636719 220.52914428710938 1133 4.5477237701416016 64.485374450683594 1159 135.98667907714844 232.10444641113281 -1 80.550430297851562 19.952457427978516 706 71.110748291015625 31.045835494995117 653 29.917314529418945 42.554553985595703 1158 19.090082168579102 58.277233123779297 964 169.17311096191406 58.858428955078125 80 169.74526977539062 63.168182373046875 80 209.65449523925781 63.160003662109375 -1 5.0852618217468262 68.986778259277344 1084 8.7172222137451172 72.947662353515625 996 151.52934265136719 75.206886291503906 -1 161.79656982421875 77.402053833007812 -1 184.10173034667969 78.777015686035156 1279 225.23908996582031 80.188835144042969 1265 237.6376953125 81.6761474609375 1052 172.24336242675781 88.166053771972656 842 251.05197143554688 90.507125854492188 -1 180.09678649902344 94.048332214355469 506 230.61656188964844 109.29972839355469 -1 101.02552032470703 126.87078094482422 1226 203.64924621582031 127.05188751220703 1124 228.69758605957031 131.48072814941406 1205 202.21156311035156 135.4976806640625 939 89.423843383789062 138.96044921875 1286 208.42489624023438 149.43806457519531 1137 107.90470886230469 179.93476867675781 940 47.649097442626953 183.18270874023438 1922 104.36817932128906 183.982177734375 1119 118.87704467773438 186.36701965332031 1040 117.95030975341797 192.5086669921875 1085 104.88594818115234 195.90608215332031 966 109.42276763916016 196.34931945800781 1322 114.64734649658203 197.16905212402344 1361 88.466163635253906 205.51181030273438 1204 152.96995544433594 205.93569946289062 1043 157.82817077636719 220.52914428710938 1132 135.98667907714844 232.10444641113281 1163 177.69697570800781 250.36041259765625 1311 80.550430297851562 19.952457427978516 1006 29.917314529418945 42.554553985595703 1048 19.090082168579102 58.277233123779297 1080 151.52934265136719 75.206886291503906 -1 161.79656982421875 77.402053833007812 -1 161.79656982421875 77.402053833007812 -1 251.05197143554688 90.507125854492188 -1 101.02552032470703 126.87078094482422 1227 202.21156311035156 135.4976806640625 1081 104.36817932128906 183.982177734375 1121 116.25894927978516 62.158290863037109 -1 177.61369323730469 90.145805358886719 -1 70.855964660644531 24.746852874755859 701 93.342475891113281 13.14544677734375 -1 66.349822998046875 31.42210578918457 -1 93.342475891113281 13.14544677734375 1261 39.4345703125 57.700160980224609 -1 103.39789581298828 50.953968048095703 -1 176.62152099609375 60.529285430908203 -1 28.899484634399414 58.372058868408203 1228 148.87608337402344 205.43788146972656 1045 24.65478515625 64.0067138671875 899 20.507974624633789 65.500404357910156 1164 74.825881958007812 211.92385864257812 -1 160.59649658203125 66.522216796875 -1 223.68687438964844 71.888404846191406 1229 173.2818603515625 79.223297119140625 1514 229.78355407714844 80.366157531738281 1201 74.825881958007812 211.92385864257812 -1 70.855964660644531 24.746852874755859 700 110.25077819824219 6.2146539688110352 204 103.24805450439453 236.6639404296875 1231 177.61369323730469 90.145805358886719 -1 33.412700653076172 188.48486328125 1343 20.543399810791016 206.29331970214844 1214 168.65873718261719 97.618026733398438 -1 78.583763122558594 206.43850708007812 1213 76.950485229492188 216.82115173339844 1310 187.21812438964844 229.46290588378906 1161 103.24805450439453 236.6639404296875 1232 110.25077819824219 6.2146539688110352 227 146.83570861816406 253.15884399414062 1351 81.49029541015625 26.914970397949219 1198 140.47518920898438 106.41980743408203 -1 164.87126159667969 104.4444580078125 -1 166.10116577148438 89.018280029296875 36 233.7220458984375 86.493156433105469 -1 2.8442935943603516 77.797248840332031 -1 10.372317314147949 75.994049072265625 -1 5.1019473075866699 74.888450622558594 -1 11.44528865814209 70.348724365234375 1101 172.82012939453125 60.164836883544922 -1 114.44788360595703 1.9769783020019531 1016 190.48414611816406 57.532909393310547 -1 198.31901550292969 55.058933258056641 -1 192.37654113769531 51.313301086425781 -1 173.82585144042969 50.23687744140625 -1 45.382057189941406 48.996330261230469 -1 60.884933471679688 40.415580749511719 841 44.590003967285156 38.222988128662109 870 67.495094299316406 36.391227722167969 590 67.495094299316406 36.391227722167969 1088 60.884933471679688 40.415580749511719 1312 173.82585144042969 50.23687744140625 -1 192.37654113769531 51.313301086425781 -1 28.216243743896484 58.928245544433594 973 11.44528865814209 70.348724365234375 1103 233.7220458984375 86.493156433105469 -1 166.10116577148438 89.018280029296875 1495 55.474857330322266 169.48289489746094 1210 135.28952026367188 181.66572570800781 -1 32.707511901855469 193.28439331054688 1233 45.585361480712891 28.049705505371094 -1 197.60104370117188 86.367172241210938 910 107.9532470703125 29.405818939208984 1802 245.88516235351562 139.73056030273438 1281 67.495094299316406 36.391227722167969 1237 28.216243743896484 58.928245544433594 865 28.372373580932617 47.813377380371094 -1 169.4080810546875 252.41372680664062 1339 158.00906372070312 237.95808410644531 -1 143.47445678710938 236.5166015625 1234 171.63270568847656 216.552978515625 -1 32.707511901855469 193.28439331054688 1235 135.28952026367188 181.66572570800781 -1 55.474857330322266 169.48289489746094 2109 247.01837158203125 114.9857177734375 1236 114.44788360595703 1.9769783020019531 -1 98.179107666015625 228.25120544433594 -1 162.32057189941406 232.65617370605469 1293 17.603189468383789 63.320304870605469 -1 243.16290283203125 150.67938232421875 -1 104.04159545898438 189.52632141113281 1667 154.11683654785156 219.04176330566406 -1 
113 0.99486508987397493 0.085386265842589085 0.05192654550683496 -0.016008511087337432 -1.8677309507661508 -0.59457262666562105 1.8386314863064055 1 000114.png
107.48783111572266 194.41839599609375 1412 107.48783111572266 194.41839599609375 1481 213.83573913574219 148.19526672363281 951 47.458328247070312 207.15580749511719 2113 144.83914184570312 37.850059509277344 -1 120.64691925048828 87.242584228515625 1499 189.44963073730469 173.36457824707031 1109 144.83914184570312 37.850059509277344 1711 86.563690185546875 28.970771789550781 -1 155.68446350097656 207.27951049804688 1266 126.15755462646484 161.25216674804688 -1 224.696044921875 163.46578979492188 989 198.61689758300781 140.98861694335938 851 198.61689758300781 140.98861694335938 1066 73.279342651367188 3.0696420669555664 929 115.44761657714844 24.484577178955078 2114 54.695659637451172 28.669303894042969 1171 110.97910308837891 174.20590209960938 990 130.9490966796875 199.89309692382812 1024 163.05339050292969 229.82147216796875 -1 238.68414306640625 138.70248413085938 955 218.92787170410156 142.08534240722656 849 40.547962188720703 23.035041809082031 931 161.75529479980469 38.092365264892578 1856 183.29841613769531 209.4002685546875 1149 146.9212646484375 212.02684020996094 1331 238.68414306640625 138.70248413085938 1418 146.9212646484375 212.02684020996094 1182 88.684516906738281 11.536478042602539 -1 53.145584106445312 44.395175933837891 1112 198.46029663085938 116.34090423583984 -1 154.25424194335938 57.409477233886719 -1 182.75917053222656 60.892532348632812 -1 162.93006896972656 243.45257568359375 1419 167.39192199707031 80.037544250488281 49 209.96543884277344 115.77391815185547 807 120.97351837158203 188.02171325683594 1224 141.12312316894531 189.31367492675781 1026 171.80628967285156 195.17622375488281 1030 182.75917053222656 60.892532348632812 -1 167.39192199707031 80.037544250488281 142 167.39192199707031 80.037544250488281 52 209.96543884277344 115.77391815185547 806 141.12312316894531 189.31367492675781 1332 82.351905822753906 196.75154113769531 1333 167.01554870605469 208.47860717773438 1334 94.659111022949219 223.20747375488281 1335 103.96400451660156 228.04338073730469 1374 150.20651245117188 227.441650390625 1304 82.351905822753906 196.75154113769531 1151 154.25424194335938 57.409477233886719 -1 164.09809875488281 36.901866912841797 566 197.29833984375 131.96253967285156 -1 107.75226593017578 58.783458709716797 -1 134.02937316894531 70.225173950195312 -1 210.91075134277344 77.485679626464844 1186 159.97767639160156 109.3927001953125 933 227.55628967285156 149.85922241210938 1692 236.576171875 171.58712768554688 1071 181.28311157226562 198.79609680175781 1073 181.28311157226562 198.79609680175781 1874 91.355583190917969 211.24443054199219 1153 124.77141571044922 11.085433006286621 1981 22.64763069152832 51.747543334960938 992 152.18637084960938 103.16765594482422 57 149.69880676269531 166.50666809082031 1075 238.55133056640625 147.03572082519531 1460 161.49636840820312 91.967636108398438 -1 191.900390625 79.36566162109375 1426 169.62936401367188 51.804641723632812 75 128.05142211914062 208.96316528320312 1114 113.4329833984375 244.85198974609375 1424 238.55133056640625 147.03572082519531 1785 149.69880676269531 166.50666809082031 1170 158.52473449707031 176.3065185546875 963 147.66661071777344 180.11148071289062 961 46.296253204345703 15.928091049194336 1254 107.24632263183594 234.60713195800781 1381 174.07435607910156 95.326217651367188 -1 81.444366455078125 17.798440933227539 1446 52.673145294189453 7.6217389106750488 1017 169.62936401367188 51.804641723632812 -1 174.07435607910156 95.326217651367188 2111 157.49235534667969 57.384784698486328 643 193.42182922363281 54.4505615234375 -1 175.57960510253906 66.291664123535156 -1 156.52215576171875 79.389434814453125 9 174.07435607910156 95.326217651367188 2110 191.900390625 79.36566162109375 1428 154.42578125 90.861907958984375 315 161.49636840820312 91.967636108398438 -1 46.296253204345703 15.928091049194336 997 46.296253204345703 15.928091049194336 859 232.03555297851562 92.155838012695312 1494 48.845798492431641 23.320711135864258 936 61.329139709472656 30.380132675170898 962 4.6913504600524902 57.030422210693359 1421 220.38644409179688 70.726081848144531 -1 134.39614868164062 73.228195190429688 1618 199.38546752929688 84.770553588867188 1497 206.62332153320312 88.244552612304688 1193 85.318527221679688 1.7313677072525024 -1 168.37394714355469 238.37120056152344 1339 144.34291076660156 233.67425537109375 1340 86.810569763183594 203.86231994628906 1033 149.53495788574219 201.55029296875 1154 22.851072311401367 197.61604309082031 1191 86.810569763183594 203.86231994628906 1187 151.81118774414062 173.89141845703125 1037 146.82182312011719 172.21717834472656 -1 240.67311096191406 153.74969482421875 1029 202.64788818359375 127.54256439208984 1081 145.45806884765625 186.64814758300781 1077 85.318527221679688 1.7313677072525024 -1 240.67311096191406 153.74969482421875 1031 202.64788818359375 127.54256439208984 939 204.64555358886719 119.72335052490234 1124 151.81118774414062 173.89141845703125 1032 146.82182312011719 172.21717834472656 957 141.62867736816406 178.730224609375 -1 122.04183959960938 7.234982967376709 -1 122.04183959960938 7.234982967376709 -1 161.72599792480469 77.441238403320312 -1 161.72599792480469 77.441238403320312 -1 240.69422912597656 159.60699462890625 1246 104.15872192382812 171.4254150390625 1119 104.37831878662109 182.49990844726562 966 84.879287719726562 13.068090438842773 706 113.84609985351562 183.76824951171875 1197 151.26040649414062 193.40559387207031 1043 91.789840698242188 9.3344345092773438 -1 132.73336791992188 77.107780456542969 -1 96.362709045410156 10.813910484313965 -1 73.664085388183594 22.588430404663086 653 105.72565460205078 39.367874145507812 1862 32.968837738037109 42.595020294189453 1140 32.792831420898438 49.284599304199219 1228 22.561357498168945 49.570056915283203 964 9.2713642120361328 55.571533203125 1159 21.947528839111328 57.992542266845703 1164 169.18632507324219 58.730087280273438 80 8.7021780014038086 60.184108734130859 1084 169.89788818359375 63.036113739013672 80 155.44270324707031 64.212738037109375 -1 184.5869140625 65.985519409179688 -1 226.59602355957031 74.355636596679688 -1 151.61334228515625 75.002464294433594 -1 161.72599792480469 77.441238403320312 -1 141.67672729492188 82.480583190917969 -1 180.02488708496094 94.170379638671875 506 200.43893432617188 118.75289916992188 -1 240.69422912597656 159.60699462890625 1245 112.13676452636719 166.61766052246094 1002 107.61935424804688 167.62882995605469 940 104.15872192382812 171.4254150390625 1121 118.35558319091797 173.67237854003906 1040 104.37831878662109 182.49990844726562 1004 108.83113098144531 183.71510314941406 1322 113.84609985351562 183.76824951171875 1361 18.344806671142578 189.48739624023438 1203 88.435295104980469 191.41651916503906 1204 151.26040649414062 193.40559387207031 -1 76.543899536132812 202.33439636230469 1310 174.41743469238281 236.44706726074219 1311 113.90642547607422 251.64361572265625 -1 91.789840698242188 9.3344345092773438 -1 132.73336791992188 77.107780456542969 -1 84.879287719726562 13.068090438842773 1006 73.664085388183594 22.588430404663086 979 8.7021780014038086 60.184108734130859 -1 155.44270324707031 64.212738037109375 -1 184.5869140625 65.985519409179688 -1 151.61334228515625 75.002464294433594 -1 116.66086578369141 179.54141235351562 1085 152.92979431152344 220.41836547851562 1341 47.164016723632812 252.95439147949219 -1 56.644130706787109 157.48664855957031 1210 73.637214660644531 16.414482116699219 701 26.129173278808594 47.7945556640625 978 198.81221008300781 80.250198364257812 910 104.74358367919922 114.14353942871094 1226 241.06985473632812 164.11119079589844 -1 103.36625671386719 176.95429992675781 1667 94.162765502929688 15.116909980773926 -1 78.406532287597656 191.80099487304688 1213 56.644130706787109 157.48664855957031 2109 155.65670776367188 207.20849609375 1132 28.259426116943359 56.683567047119141 899 114.22280883789062 2.3981707096099854 1016 26.129173278808594 47.7945556640625 941 73.637214660644531 16.414482116699219 700 83.059623718261719 22.178447723388672 -1 6.563075065612793 46.964672088623047 1668 167.86524963378906 53.029830932617188 -1 28.259426116943359 56.683567047119141 -1 5.7074604034423828 65.166908264160156 -1 173.06689453125 79.47369384765625 1514 146.92974853515625 241.01104736328125 1342 35.836036682128906 174.45152282714844 1343 46.463623046875 167.841064453125 1871 50.912071228027344 163.32478332519531 1345 64.594978332519531 149.70355224609375 -1 61.328403472900391 149.48236083984375 1835 71.973587036132812 142.14906311035156 1520 212.41523742675781 141.35292053222656 1137 246.1033935546875 133.12577819824219 1281 197.29270935058594 124.29007720947266 1125 228.35641479492188 122.97968292236328 1205 93.954544067382812 120.30074310302734 1286 242.64067077636719 102.51613616943359 1092 177.96307373046875 89.629905700683594 -1 171.90789794921875 89.4757080078125 842 166.17645263671875 89.232208251953125 36 161.3756103515625 81.000442504882812 -1 209.42457580566406 80.034713745117188 -1 138.9254150390625 77.532341003417969 -1 51.314670562744141 2.5379691123962402 -1 188.04609680175781 69.129226684570312 -1 172.90071105957031 60.046474456787109 -1 190.47673034667969 57.566078186035156 -1 3.7687811851501465 55.995929718017578 -1 5.7276668548583984 53.132061004638672 1431 192.40985107421875 51.307445526123047 -1 51.314670562744141 2.5379691123962402 -1 49.629837036132812 4.7474384307861328 -1 192.40985107421875 51.307445526123047 -1 20.524120330810547 40.666431427001953 -1 166.17645263671875 89.232208251953125 1495 93.954544067382812 120.30074310302734 -1 71.973587036132812 142.14906311035156 1392 64.594978332519531 149.70355224609375 -1 50.912071228027344 163.32478332519531 -1 46.463623046875 167.841064453125 1922 184.76177978515625 217.26823425292969 1349 168.96493530273438 226.23239135742188 1434 146.92974853515625 241.01104736328125 -1 49.629837036132812 4.7474384307861328 -1 4.1283702850341797 60.007450103759766 -1 4.1283702850341797 60.007450103759766 -1 162.16921997070312 251.48704528808594 -1 3.0746605396270752 47.525341033935547 1668 105.42384338378906 7.0409331321716309 -1 140.47348022460938 205.81431579589844 -1 57.359588623046875 13.58653450012207 1479 197.20890808105469 72.668693542480469 1435 45.645244598388672 41.923595428466797 -1 147.25054931640625 192.72418212890625 1045 30.335935592651367 180.13627624511719 -1 184.76177978515625 217.26823425292969 1161 101.00165557861328 182.39378356933594 -1 4.1283702850341797 60.007450103759766 -1 168.96493530273438 226.23239135742188 -1 137.97683715820312 206.3623046875 -1 143.8648681640625 237.31974792480469 1351 138.9254150390625 77.532341003417969 -1 44.152687072753906 35.201141357421875 1353 154.08345031738281 99.293655395507812 1572 154.08345031738281 99.293655395507812 311 215.36834716796875 146.75132751464844 1352 
114 0.99475392773347526 0.085812565654176776 0.054600772447077388 -0.010935377581688284 -1.8532176072718927 -0.63398683322763372 1.8465544110607779 1 000116.png
106.08113861083984 188.44784545898438 1412 106.08113861083984 188.44784545898438 1481 213.95655822753906 140.79393005371094 951 145.08998107910156 38.010501861572266 -1 120.55930328369141 85.780876159667969 1499 180.33341979980469 104.4383544921875 1452 190.56562805175781 166.79963684082031 1109 48.073081970214844 195.071044921875 2113 120.55930328369141 85.780876159667969 1523 145.08998107910156 38.010501861572266 1711 83.796646118164062 24.482271194458008 -1 75.694625854492188 159.62629699707031 1414 155.02493286132812 198.01541137695312 1266 75.694625854492188 159.62629699707031 1415 221.26130676269531 83.276664733886719 -1 199.12791442871094 134.22496032714844 851 224.51646423339844 156.493896484375 989 127.6248779296875 164.51458740234375 -1 164.84205627441406 210.82637023925781 1455 107.60852813720703 247.29048156738281 1501 105.22320556640625 190.57913208007812 1481 199.12791442871094 134.22496032714844 1066 151.37770080566406 164.3592529296875 1417 110.42534637451172 65.498161315917969 -1 160.30026245117188 38.658836364746094 1856 129.40742492675781 190.38136291503906 1024 57.168060302734375 20.474353790283203 1171 116.17506408691406 24.629844665527344 2114 239.91493225097656 133.01205444335938 955 219.03518676757812 135.24972534179688 849 109.93513488769531 164.97004699707031 990 145.61221313476562 201.47572326660156 1331 239.91493225097656 133.01205444335938 1418 43.960712432861328 17.223270416259766 931 53.456417083740234 35.591972351074219 1112 103.13107299804688 216.81269836425781 1374 148.39524841308594 216.87210083007812 1304 160.89994812011719 233.14909362792969 1419 182.12405395507812 200.3050537109375 1149 166.16038513183594 199.07109069824219 1334 211.00953674316406 109.75604248046875 806 154.2408447265625 57.271457672119141 -1 170.64631652832031 186.30580139160156 1030 211.00953674316406 109.75604248046875 807 167.47842407226562 80.032958984375 49 182.69459533691406 60.622970581054688 -1 154.2408447265625 57.271457672119141 -1 167.47842407226562 80.032958984375 142 82.206100463867188 185.44486999511719 1333 82.206100463867188 185.44486999511719 1151 164.30833435058594 36.891506195068359 566 156.61868286132812 57.729240417480469 643 159.96849060058594 108.92423248291016 933 180.0748291015625 189.6409912109375 1073 90.945457458496094 199.7412109375 1153 147.75050354003906 254.18240356445312 -1 180.0748291015625 189.6409912109375 1874 124.50730895996094 10.741678237915039 1981 156.55111694335938 79.317214965820312 9 122.91024017333984 8.5951404571533203 -1 161.49258422851562 91.8084716796875 -1 152.09623718261719 103.35971069335938 57 19.676130294799805 174.73751831054688 1203 56.697296142578125 5.2034316062927246 -1 157.91850280761719 167.26286315917969 963 147.48741149902344 170.98362731933594 961 56.697296142578125 5.2034316062927246 1420 230.03219604492188 145.0352783203125 1519 64.079193115234375 193.71102905273438 1875 127.09030151367188 199.72360229492188 1114 106.46955871582031 223.50697326660156 1381 174.21153259277344 95.2432861328125 2110 190.77671813964844 64.377410888671875 -1 175.489013671875 66.244033813476562 -1 128.19619750976562 247.96243286132812 -1 83.105117797851562 10.230266571044922 -1 154.41297912597656 90.990242004394531 315 249.39949035644531 90.242485046386719 -1 62.577259063720703 21.661855697631836 962 7.6417913436889648 49.829380035400391 1421 193.36264038085938 54.270381927490234 -1 190.77671813964844 64.377410888671875 -1 193.36264038085938 54.270381927490234 -1 83.105117797851562 10.230266571044922 1446 174.21153259277344 95.2432861328125 -1 174.21153259277344 95.2432861328125 2111 224.26185607910156 115.83641815185547 -1 249.39949035644531 90.242485046386719 -1 161.49258422851562 91.8084716796875 -1 128.19619750976562 247.96243286132812 -1 149.71940612792969 157.72862243652344 1075 166.6939697265625 228.03309631347656 1339 112.11157989501953 232.5648193359375 1424 89.750846862792969 6.721282958984375 -1 51.694187164306641 16.319896697998047 936 61.086513519287109 29.272426605224609 1425 25.069076538085938 43.365089416503906 992 201.15068054199219 79.54754638671875 1458 168.90499877929688 52.395145416259766 -1 184.31317138671875 64.990036010742188 -1 148.30950927734375 70.195976257324219 92 112.25161743164062 212.55366516113281 1463 86.497169494628906 192.095458984375 1187 137.06948852539062 176.33470153808594 -1 203.77421569824219 121.87588500976562 1081 205.8223876953125 113.43844604492188 -1 103.49335479736328 80.475700378417969 1530 208.27589416503906 82.915023803710938 1193 195.1939697265625 74.126838684082031 -1 195.1939697265625 74.126838684082031 1426 148.30950927734375 70.195976257324219 408 184.31317138671875 64.990036010742188 -1 229.17776489257812 76.614944458007812 -1 86.497169494628906 192.095458984375 1033 24.179197311401367 185.7642822265625 1191 137.06948852539062 176.33470153808594 1427 19.982547760009766 177.07545471191406 1203 151.25483703613281 164.94210815429688 1032 117.49891662597656 159.98109436035156 -1 155.69847106933594 159.59234619140625 1462 203.77421569824219 121.87588500976562 939 233.33052062988281 87.74835205078125 1494 149.71940612792969 157.72862243652344 1170 195.1939697265625 74.126838684082031 1428 201.15068054199219 79.54754638671875 1497 142.70295715332031 222.72175598144531 1340 205.8223876953125 113.43844604492188 1124 89.750846862792969 6.721282958984375 -1 112.22913360595703 156.830322265625 1002 10.035344123840332 38.574127197265625 1668 105.72860717773438 39.290946960449219 1862 12.795587539672852 48.256988525390625 1159 168.53317260742188 58.980331420898438 80 169.88163757324219 63.104480743408203 80 161.8487548828125 77.426734924316406 -1 172.97804260253906 79.057487487792969 1514 180.00173950195312 94.160682678222656 506 244.25746154785156 96.40020751953125 1092 225.00094604492188 115.22066497802734 -1 229.69279479980469 118.76520538330078 1205 218.71200561523438 143.69573974609375 1389 240.95736694335938 147.55172729492188 1031 228.89918518066406 150.07191467285156 1519 240.93666076660156 152.56401062011719 1245 107.58942413330078 157.38252258300781 940 103.98965454101562 161.24822998046875 1121 102.51720428466797 166.47727966308594 1667 104.25217437744141 171.79209899902344 1004 108.44540405273438 173.45799255371094 1322 88.5517578125 180.77091979980469 1204 172.53053283691406 226.05569458007812 1311 124.33837890625 251.84538269042969 -1 148.90557861328125 251.89360046386719 -1 154.37155151367188 197.84100341796875 1132 100.14525604248047 8.9024696350097656 -1 96.503448486328125 10.938992500305176 -1 55.299396514892578 28.085735321044922 795 112.17533111572266 32.9368896484375 1930 100.14525604248047 8.9024696350097656 1801 161.8487548828125 77.426734924316406 -1 161.8487548828125 77.426734924316406 -1 240.95736694335938 147.55172729492188 1029 240.93666076660156 152.56401062011719 1246 103.98965454101562 161.24822998046875 1119 104.25217437744141 171.79209899902344 966 124.33837890625 251.84538269042969 -1 24.193624496459961 49.454067230224609 1164 25.010122299194336 178.70671081542969 1214 149.56977844238281 84.990310668945312 -1 204.63412475585938 125.28507232666016 -1 114.26026153564453 2.463282585144043 1919 75.977149963378906 9.3311014175415039 700 86.101661682128906 10.086166381835938 1446 85.438796997070312 14.134200096130371 -1 36.128860473632812 28.030906677246094 1158 30.609956741333008 173.44485473632812 -1 222.1597900390625 141.86563110351562 1389 194.74807739257812 63.8116455078125 -1 113.35540771484375 173.80888366699219 1197 213.81748962402344 65.450592041015625 -1 40.881416320800781 163.67811584472656 -1 224.14234924316406 83.408554077148438 1001 78.392837524414062 180.286376953125 1213 76.919471740722656 190.89952087402344 1310 151.61456298828125 209.93278503417969 1341 40.881416320800781 163.67811584472656 -1 75.977149963378906 9.3311014175415039 701 36.128860473632812 28.030906677246094 1048 30.609956741333008 173.44485473632812 1934 113.35540771484375 173.80888366699219 1361 200.70053100585938 115.55548095703125 1473 164.63719177246094 106.34600830078125 -1 163.02603149414062 103.53500366210938 -1 153.9815673828125 99.040550231933594 311 171.8804931640625 89.623100280761719 842 228.03460693359375 86.019287109375 -1 161.39015197753906 80.979217529296875 -1 139.14985656738281 77.634407043457031 -1 203.51559448242188 69.924034118652344 1435 199.17597961425781 67.516319274902344 1435 189.46401977539062 61.456394195556641 -1 172.61209106445312 60.240859985351562 -1 190.532958984375 57.498828887939453 -1 192.37062072753906 51.315269470214844 -1 173.94898986816406 50.169235229492188 -1 9.1150941848754883 45.79486083984375 1431 167.9554443359375 35.585285186767578 566 42.656166076660156 29.622404098510742 1089 61.559307098388672 24.862920761108398 -1 82.030525207519531 12.75493335723877 -1 105.739501953125 7.1210570335388184 -1 110.84115600585938 6.7547206878662109 227 59.778347015380859 5.8455348014831543 1479 53.643203735351562 3.9879012107849121 -1 180.82452392578125 238.59951782226562 -1 70.938369750976562 135.13388061523438 1432 132.08744812011719 245.72344970703125 1464 6.3230233192443848 40.591884613037109 1668 82.030525207519531 12.75493335723877 1394 167.9554443359375 35.585285186767578 -1 173.94898986816406 50.169235229492188 -1 192.37062072753906 51.315269470214844 -1 139.14985656738281 77.634407043457031 -1 153.9815673828125 99.040550231933594 1572 200.70053100585938 115.55548095703125 1474 200.56111145019531 74.91851806640625 910 70.938369750976562 135.13388061523438 1392 57.942989349365234 147.54884338378906 1210 56.044837951660156 149.36647033691406 -1 50.586551666259766 154.76608276367188 1345 27.99128532409668 176.057373046875 -1 214.95086669921875 136.56011962890625 1136 71.384529113769531 131.62297058105469 1520 6.3230233192443848 40.591884613037109 1465 81.607818603515625 125.03215789794922 1475 27.99128532409668 176.057373046875 -1 81.607818603515625 125.03215789794922 1936 167.28170776367188 216.02650451660156 1434 211.37335205078125 136.58065795898438 1137 215.39479064941406 140.05616760253906 1352 57.942989349365234 147.54884338378906 2109 53.542442321777344 148.42164611816406 2109 56.044837951660156 149.36647033691406 -1 50.586551666259766 154.76608276367188 1393 25.600608825683594 174.76905822753906 1209 148.74594116210938 200.91519165039062 -1 73.24786376953125 132.97799682617188 1392 73.24786376953125 132.97799682617188 1520 
115 0.99482191746511983 0.0856643526633908 0.052691161776548541 -0.014649664993509321 -1.8641073713326819 -0.60628439198315109 1.8409513552882606 1 000115.png
107.16232299804688 192.68537902832031 1412 107.16232299804688 192.68537902832031 1481 213.45693969726562 146.03202819824219 951 47.613800048828125 203.7333984375 2113 144.94059753417969 37.915912628173828 -1 120.62565612792969 86.692123413085938 1499 189.65277099609375 171.49528503417969 1109 144.94059753417969 37.915912628173828 1711 84.894020080566406 28.285358428955078 -1 75.839523315429688 166.25382995605469 1414 155.31413269042969 204.21310424804688 1266 75.839523315429688 166.25382995605469 1415 198.4285888671875 138.63262939453125 851 126.87200927734375 162.44734191894531 -1 224.34333801269531 161.17475891113281 989 126.87200927734375 162.44734191894531 -1 104.81093597412109 196.12342834472656 1481 198.4285888671875 138.63262939453125 1066 104.81093597412109 196.12342834472656 -1 151.47605895996094 169.53352355957031 1417 130.2939453125 196.66062927246094 1024 74.012176513671875 1.6191926002502441 929 115.83043670654297 24.473033905029297 2114 55.309154510498047 26.158306121826172 1171 146.41563415527344 208.40043640136719 1331 219.06529235839844 140.23570251464844 849 238.86703491210938 137.05157470703125 1418 146.41563415527344 208.40043640136719 1182 41.501197814941406 20.897375106811523 931 161.69544982910156 38.159873962402344 1856 238.86703491210938 137.05157470703125 955 110.63274383544922 171.11909484863281 990 182.48414611816406 206.31916809082031 1149 154.17353820800781 57.363292694091797 -1 182.77117919921875 60.914810180664062 -1 210.04158020019531 113.81688690185547 807 141.15081787109375 186.55259704589844 1026 82.226272583007812 192.96257019042969 1151 171.31390380859375 192.33868408203125 1030 94.279792785644531 219.18418884277344 1335 103.45706939697266 224.23574829101562 1374 149.38716125488281 223.86735534667969 1304 162.16645812988281 240.32315063476562 1419 167.51026916503906 79.942306518554688 49 141.15081787109375 186.55259704589844 1332 210.04158020019531 113.81688690185547 806 167.51026916503906 79.942306518554688 142 182.77117919921875 60.914810180664062 -1 154.17353820800781 57.363292694091797 -1 94.279792785644531 219.18418884277344 1335 82.226272583007812 192.96257019042969 1333 163.96073913574219 36.95391845703125 566 180.67481994628906 195.85121154785156 1073 119.36441040039062 162.79013061523438 -1 159.99543762207031 108.60657501220703 933 134.08514404296875 70.613716125488281 -1 88.843650817871094 9.829228401184082 -1 238.44636535644531 144.07611083984375 1460 124.69464874267578 10.973841667175293 1981 98.750564575195312 44.237022399902344 -1 238.44636535644531 144.07611083984375 1785 23.114177703857422 49.271270751953125 992 88.843650817871094 9.829228401184082 -1 30.936927795410156 75.608779907226562 -1 30.936927795410156 75.608779907226562 1742 30.936927795410156 75.608779907226562 -1 180.67481994628906 195.85121154785156 1874 153.73628234863281 246.60188293457031 -1 153.73628234863281 246.60188293457031 -1 91.000091552734375 207.52629089355469 1153 161.49507141113281 91.537498474121094 -1 193.39955139160156 54.424350738525391 -1 169.61470031738281 52.118190765380859 75 174.0753173828125 95.27984619140625 -1 174.0753173828125 95.27984619140625 2111 53.5167236328125 5.8020577430725098 1017 174.0753173828125 95.27984619140625 2110 154.43753051757812 90.847969055175781 315 232.25444030761719 90.638267517089844 1494 5.4739327430725098 54.649913787841797 1421 171.09170532226562 207.34591674804688 1307 161.49507141113281 91.537498474121094 -1 152.195556640625 102.91892242431641 57 197.17239379882812 126.09526062011719 1125 237.56948852539062 158.91494750976562 1245 149.42034912109375 163.65286254882812 1170 158.10835266113281 173.38633728027344 963 147.31101989746094 177.09410095214844 961 127.70849609375 205.80020141601562 1114 106.78468322753906 230.83184814453125 1381 157.49974060058594 57.834724426269531 643 199.4912109375 83.354995727539062 1458 175.55235290527344 66.293037414550781 -1 211.40217590332031 76.489128112792969 1186 156.54513549804688 79.340469360351562 9 199.4912109375 83.354995727539062 1497 193.39955139160156 54.424350738525391 -1 169.61470031738281 52.118190765380859 -1 61.550018310546875 27.548208236694336 962 81.967079162597656 15.387630462646484 1446 149.42034912109375 163.65286254882812 1075 49.669334411621094 21.008144378662109 936 184.35710144042969 65.327804565429688 -1 134.35179138183594 73.159996032714844 1618 193.55856323242188 77.668411254882812 1428 207.08474731445312 86.551597595214844 1193 105.52324676513672 97.173324584960938 -1 219.42176818847656 116.57932281494141 1192 151.33685302734375 170.9368896484375 1032 208.54188537597656 140.44822692871094 1137 167.52023315429688 235.07040405273438 1339 202.78990173339844 125.87782287597656 939 159.62406921386719 58.437705993652344 -1 112.13668823242188 163.29249572753906 1002 86.599815368652344 199.87947082519531 1033 86.599815368652344 199.87947082519531 1187 166.24374389648438 187.666259765625 1383 6.6491284370422363 173.93197631835938 -1 235.48280334472656 127.85940551757812 -1 202.78990173339844 125.87782287597656 1081 148.76420593261719 198.20433044433594 1154 193.55856323242188 77.668411254882812 1426 184.35710144042969 65.327804565429688 -1 23.239574432373047 193.61309814453125 1191 112.50898742675781 241.13429260253906 1424 166.24374389648438 187.666259765625 1385 6.6491284370422363 173.93197631835938 -1 151.33685302734375 170.9368896484375 1037 189.134033203125 67.796180725097656 -1 144.02198791503906 230.15679931640625 1340 54.192070007324219 33.680778503417969 795 161.84062194824219 77.461593627929688 -1 161.84062194824219 77.461593627929688 -1 164.11788940429688 102.15163421630859 -1 164.11788940429688 102.15163421630859 -1 240.44883728027344 151.87345886230469 1029 240.53446960449219 157.36337280273438 1246 103.93690490722656 168.15888977050781 1121 104.13022613525391 179.04638671875 966 136.04927062988281 179.44300842285156 -1 113.39040374755859 180.62025451660156 1197 84.433387756347656 15.10392951965332 1446 54.390533447265625 3.7531306743621826 -1 109.08971405029297 23.874956130981445 1802 166.86775207519531 35.852199554443359 566 105.68737030029297 39.316497802734375 1862 33.891609191894531 40.132675170898438 1140 33.997840881347656 46.037105560302734 1228 23.467931747436523 47.389480590820312 964 10.258241653442383 53.230175018310547 1159 202.36445617675781 58.597530364990234 -1 168.86917114257812 58.88336181640625 80 169.88337707519531 63.087001800537109 80 155.75157165527344 63.807212829589844 -1 151.58036804199219 75.187652587890625 -1 161.84062194824219 77.461593627929688 -1 180.00247192382812 94.220184326171875 506 242.95677185058594 100.07753753662109 1092 164.11788940429688 102.15163421630859 11 204.20707702636719 117.98192596435547 1124 228.86347961425781 122.56079864501953 1205 208.59962463378906 134.36030578613281 1288 111.86335754394531 147.00971984863281 -1 240.44883728027344 151.87345886230469 1031 240.53446960449219 157.36337280273438 1245 107.43917846679688 164.18086242675781 940 103.93690490722656 168.15888977050781 1119 118.37705993652344 170.31838989257812 1040 104.13022613525391 179.04638671875 1004 136.04927062988281 179.44300842285156 1427 108.55052185058594 180.4091796875 1322 113.39040374755859 180.62025451660156 1361 18.857019424438477 185.75698852539062 1203 39.696949005126953 231.64288330078125 1386 173.38844299316406 233.20082092285156 1311 105.64752197265625 246.267822265625 -1 166.86775207519531 35.852199554443359 -1 155.75157165527344 63.807212829589844 -1 155.75157165527344 63.807212829589844 -1 151.58036804199219 75.187652587890625 -1 173.04981994628906 79.561973571777344 1514 57.976665496826172 11.223781585693359 1479 74.416267395019531 14.051860809326172 701 91.381607055664062 8.2066316604614258 -1 34.285686492919922 32.769844055175781 1048 74.477767944335938 20.386783599853516 979 85.822975158691406 11.220548629760742 681 114.37113189697266 2.3992757797241211 1016 225.20330810546875 152.10426330566406 -1 9.2431507110595703 57.837417602539062 1084 220.5562744140625 69.995231628417969 -1 199.30990600585938 78.629158020019531 910 114.7646484375 255.86492919921875 -1 141.94473266601562 81.653610229492188 -1 149.57057189941406 84.978355407714844 -1 229.85946655273438 95.058555603027344 1494 221.38224792480469 146.36451721191406 1389 56.743335723876953 154.48515319824219 2109 102.90448760986328 173.49032592773438 1667 24.829328536987305 181.731201171875 1209 23.375484466552734 187.23194885253906 1214 78.275497436523438 187.71208190917969 1213 154.96707153320312 204.12771606445312 1132 117.12508392333984 241.89593505859375 -1 9.2431507110595703 57.837417602539062 -1 56.743335723876953 154.48515319824219 1210 117.12508392333984 241.89593505859375 -1 91.381607055664062 8.2066316604614258 -1 85.822975158691406 11.220548629760742 679 74.416267395019531 14.051860809326172 700 120.50082397460938 16.585378646850586 -1 46.698066711425781 17.708286285400391 1254 83.879158020019531 19.511821746826172 -1 74.477767944335938 20.386783599853516 653 34.285686492919922 32.769844055175781 1158 3.1211481094360352 51.302017211914062 -1 167.82298278808594 52.802581787109375 -1 166.47665405273438 194.03929138183594 1215 74.922943115234375 193.17671203613281 -1 50.421405792236328 160.817626953125 1345 52.554340362548828 158.63502502441406 -1 53.189823150634766 154.84147644042969 2109 59.941112518310547 151.58004760742188 -1 242.98919677734375 141.39077758789062 -1 73.292182922363281 138.13404846191406 1520 70.416397094726562 137.61965942382812 1520 107.518310546875 105.39886474609375 -1 247.1263427734375 103.83712768554688 -1 163.03169250488281 103.34663391113281 -1 154.14390563964844 99.278739929199219 1572 232.560546875 93.970428466796875 -1 177.9619140625 89.6793212890625 -1 171.97694396972656 89.466514587402344 842 211.92779541015625 79.958030700683594 -1 197.7652587890625 71.033302307128906 1435 191.23023986816406 66.367805480957031 -1 188.57754516601562 64.422622680664062 -1 12.623290061950684 60.334918975830078 -1 172.72001647949219 60.131805419921875 -1 190.51791381835938 57.513069152832031 -1 192.39131164550781 51.345733642578125 -1 54.811878204345703 1.9426019191741943 -1 80.625946044921875 18.301576614379883 -1 40.617900848388672 34.610115051269531 -1 6.6368699073791504 50.743778228759766 1431 173.89125061035156 50.208389282226562 -1 192.39131164550781 51.345733642578125 -1 177.9619140625 89.6793212890625 -1 154.14390563964844 99.278739929199219 311 73.292182922363281 138.13404846191406 1392 59.941112518310547 151.58004760742188 -1 52.554340362548828 158.63502502441406 -1 50.421405792236328 160.817626953125 1393 184.10289001464844 214.10383605957031 1349 80.625946044921875 18.301576614379883 1394 40.617900848388672 34.610115051269531 1089 53.735977172851562 37.549770355224609 1395 133.01957702636719 253.92660522460938 1464 74.922943115234375 193.17671203613281 -1 48.545955657958984 40.786754608154297 -1 4.1010065078735352 45.133331298828125 1668 173.89125061035156 50.208389282226562 -1 142.73222351074219 233.23040771484375 1351 54.811878204345703 1.9426019191741943 -1 147.80484008789062 235.38616943359375 1342 171.27987670898438 225.58660888671875 1470 168.11688232421875 223.16035461425781 1434 184.10289001464844 214.10383605957031 1161 182.55313110351562 210.63984680175781 1134 172.07453918457031 205.145751953125 -1 4.1010065078735352 45.133331298828125 1465 185.09724426269531 212.18809509277344 -1 161.52494812011719 248.10707092285156 -1 43.735393524169922 35.751510620117188 1353 166.20980834960938 89.308303833007812 1495 69.332244873046875 141.95729064941406 1392 171.36293029785156 97.861053466796875 -1 185.09724426269531 212.18809509277344 -1 166.20980834960938 89.308303833007812 36 197.15251159667969 122.26200103759766 1125 69.332244873046875 141.95729064941406 1432 
116 0.99489743998537772 0.084139080828969551 0.055266302060618416 -0.0067331155004473169 -1.8459716292589732 -0.65896224840029349 1.8498542944715939 1 000117.png
234.32331848144531 128.24946594238281 -1 218.58213806152344 118.14887237548828 1756 103.60215759277344 184.8280029296875 1412 103.60215759277344 184.8280029296875 1481 145.34846496582031 38.090801239013672 -1 120.69037628173828 85.559471130371094 1523 179.84902954101562 102.17092895507812 1452 48.246299743652344 186.8367919921875 2113 120.69037628173828 85.559471130371094 1499 145.34846496582031 38.090801239013672 1711 48.246299743652344 186.8367919921875 1522 82.634300231933594 20.321355819702148 -1 76.116035461425781 151.77682495117188 1414 76.116035461425781 151.77682495117188 1415 199.91725158691406 129.15673828125 1066 224.73495483398438 151.12808227539062 989 164.56233215332031 204.21031188964844 1455 199.91725158691406 129.15673828125 851 150.57548522949219 157.68806457519531 1417 106.12420654296875 192.05897521972656 -1 160.27841186523438 39.014156341552734 1856 106.12420654296875 192.05897521972656 -1 97.525718688964844 175.6590576171875 -1 127.21720886230469 14.328158378601074 1981 58.668743133544922 13.554054260253906 1171 102.94631195068359 208.825927734375 1374 116.40585327148438 24.863306045532227 2114 240.94815063476562 128.10565185546875 955 109.33499908447266 157.61923217773438 990 144.77239990234375 194.11201477050781 1331 126.43350982666016 242.19038391113281 1543 126.43350982666016 242.19038391113281 -1 195.21444702148438 59.567745208740234 -1 159.86270141601562 225.31112670898438 1419 147.55659484863281 208.9315185546875 1304 181.35711669921875 193.40435791015625 1149 165.84556579589844 191.9010009765625 1334 167.51425170898438 80.020622253417969 142 211.98118591308594 104.72999572753906 806 123.95646667480469 181.92427062988281 -1 123.95646667480469 181.92427062988281 1538 170.25030517578125 179.36418151855469 1030 211.98118591308594 104.72999572753906 807 153.85556030273438 57.996150970458984 -1 167.51425170898438 80.020622253417969 49 182.46609497070312 59.826824188232422 -1 153.85556030273438 57.996150970458984 -1 205.44526672363281 52.761348724365234 -1 220.19644165039062 130.59201049804688 849 81.978607177734375 176.96751403808594 1151 81.978607177734375 176.96751403808594 1333 53.176464080810547 28.03221321105957 1112 99.854255676269531 32.949298858642578 1822 9.5767297744750977 43.629894256591797 1421 157.38482666015625 57.660629272460938 643 245.95599365234375 140.59089660644531 1526 179.69715881347656 182.58540344238281 1073 90.6285400390625 191.08438110351562 1153 126.42955017089844 254.85821533203125 -1 179.69715881347656 182.58540344238281 1874 124.38729858398438 10.694089889526367 1981 46.525592803955078 12.855971336364746 931 53.632522583007812 10.372880935668945 936 161.52804565429688 91.896080017089844 -1 170.91632080078125 41.808254241943359 -1 169.59715270996094 51.192241668701172 75 184.03938293457031 64.495697021484375 -1 184.03938293457031 64.495697021484375 -1 64.347930908203125 185.75653076171875 1875 165.717041015625 219.54298400878906 1339 157.794677734375 160.30274963378906 963 138.29878234863281 173.42350769042969 1332 25.425308227539062 177.29911804199219 1191 53.632522583007812 10.372880935668945 -1 126.70494842529297 192.57835388183594 1114 106.03440093994141 215.08087158203125 1381 170.91632080078125 41.808254241943359 688 110.36393737792969 223.75019836425781 1424 175.46150207519531 66.084220886230469 -1 202.06578063964844 75.13641357421875 1458 156.58030700683594 79.250938415527344 9 154.39108276367188 90.944076538085938 315 161.52804565429688 91.896080017089844 -1 240.34843444824219 101.21890258789062 -1 152.15031433105469 102.98516845703125 57 169.59715270996094 51.192241668701172 -1 198.26155090332031 116.87913513183594 1125 231.00575256347656 139.69264221191406 1519 237.86764526367188 148.79045104980469 1245 193.27281188964844 54.097454071044922 -1 122.90505981445312 8.6588869094848633 -1 83.571037292480469 3.3410360813140869 -1 138.29878234863281 173.42350769042969 1427 166.24404907226562 36.198322296142578 566 168.84159851074219 91.97314453125 1495 174.46224975585938 95.268867492675781 2110 240.27252197265625 137.2374267578125 1785 204.52236938476562 116.87947082519531 939 240.27252197265625 137.2374267578125 1460 174.46224975585938 95.268867492675781 -1 174.46224975585938 95.268867492675781 2111 168.84159851074219 91.97314453125 36 86.379112243652344 183.26698303222656 1187 86.379112243652344 183.26698303222656 1187 166.24404907226562 36.198322296142578 -1 165.51921081542969 174.43617248535156 1383 142.32206726074219 214.99542236328125 1340 135.35877990722656 186.92263793945312 -1 86.379112243652344 183.26698303222656 1033 151.38414001464844 157.97885131835938 -1 20.648702621459961 167.70848083496094 1203 148.12173461914062 163.79498291015625 961 151.38414001464844 157.97885131835938 1032 155.74284362792969 152.67193603515625 1462 150.23377990722656 151.09620666503906 1075 150.23377990722656 151.09620666503906 1170 165.51921081542969 174.43617248535156 1385 177.52955627441406 60.727920532226562 -1 147.54974365234375 243.04898071289062 1557 119.25926971435547 248.15097045898438 1551 104.5386962890625 163.4791259765625 1004 100.25077056884766 8.971196174621582 -1 96.400360107421875 10.794303894042969 -1 50.040618896484375 20.780597686767578 1563 56.392597198486328 21.344593048095703 795 37.537857055664062 28.885856628417969 1140 30.519247055053711 33.223747253417969 -1 26.975116729736328 36.568931579589844 992 105.74187469482422 39.269485473632812 -1 15.15522575378418 42.270839691162109 1159 3.2618453502655029 48.938217163085938 1564 168.57655334472656 59.051116943359375 -1 169.87937927246094 63.090240478515625 80 231.72457885742188 77.530075073242188 -1 179.96980285644531 94.251838684082031 506 222.00790405273438 135.39297485351562 1389 112.01349639892578 149.64321899414062 1002 104.0518798828125 153.60633850097656 1121 108.40042877197266 165.86723327636719 1322 146.60850524902344 170.35348510742188 -1 25.175636291503906 170.6661376953125 1214 88.136329650878906 171.97273254394531 1204 189.10836791992188 196.1337890625 1755 111.92771911621094 204.50868225097656 1463 171.55354309082031 218.26715087890625 1311 119.25926971435547 248.15097045898438 1552 100.25077056884766 8.971196174621582 1801 104.0518798828125 153.60633850097656 1119 104.5386962890625 163.4791259765625 966 131.54640197753906 236.92628479003906 1464 152.62022399902344 162.31085205078125 -1 26.626996994018555 164.97964477539062 1209 78.4134521484375 171.41273498535156 1213 166.15713500976562 180.50538635253906 1215 76.785972595214844 181.65791320800781 1310 136.7034912109375 183.83489990234375 -1 151.12864685058594 202.07136535644531 1341 166.58995056152344 208.2596435546875 1434 8.2171869277954102 34.692653656005859 1465 187.50209045410156 223.28419494628906 -1 11.62623405456543 32.977863311767578 1668 130.85267639160156 247.10920715332031 1616 102.81880950927734 158.82685852050781 1667 77.242630004882812 8.9982395172119141 700 37.613746643066406 22.359043121337891 1158 25.851444244384766 41.044078826904297 1164 195.43338012695312 62.559120178222656 -1 114.39996337890625 2.4540143013000488 1919 77.488174438476562 3.3747494220733643 -1 77.242630004882812 8.9982395172119141 701 37.613746643066406 22.359043121337891 1048 177.5418701171875 90.523269653320312 -1 11.558703422546387 39.46368408203125 1431 25.851444244384766 41.044078826904297 -1 13.149321556091309 47.530620574951172 -1 198.57603454589844 55.608242034912109 -1 197.72059631347656 60.314353942871094 -1 195.43338012695312 62.559120178222656 -1 204.69316101074219 65.177825927734375 -1 241.93843078613281 142.242431640625 1029 201.86140441894531 71.017112731933594 910 222.51644897460938 71.130378723144531 -1 215.48773193359375 76.017951965332031 -1 225.79010009765625 79.09503173828125 -1 173.07144165039062 79.452102661132812 1514 233.06549072265625 84.008407592773438 1494 232.49261474609375 87.490715026855469 1494 183.46078491210938 230.01557922363281 1565 177.5418701171875 90.523269653320312 -1 123.01167297363281 249.67523193359375 -1 187.50209045410156 223.28419494628906 -1 241.93843078613281 142.242431640625 1031 107.85472869873047 149.973876953125 940 37.389015197753906 154.84541320800781 1468 211.88639831542969 131.82664489746094 1137 8.2171869277954102 34.692653656005859 1668 44.23028564453125 23.675664901733398 1089 77.488174438476562 3.3747494220733643 -1 174.84677124023438 170.7900390625 1093 39.822158813476562 213.61769104003906 1386 133.35240173339844 183.29010009765625 -1 189.71099853515625 187.08973693847656 1469 169.70838928222656 210.05241394042969 1470 54.3739013671875 140.361572265625 2109 175.71711730957031 237.38047790527344 1569 87.306594848632812 3.8377132415771484 -1 101.00185394287109 163.16616821289062 -1 234.91157531738281 155.11538696289062 1630 110.58670806884766 21.523836135864258 1578 60.292510986328125 135.04806518554688 1656 215.552978515625 134.67857360839844 1352 192.35121154785156 51.33795166015625 -1 71.56292724609375 124.63233947753906 1520 38.974983215332031 31.697664260864258 1228 110.00006103515625 25.944545745849609 1802 82.610588073730469 117.96746063232422 1936 41.172172546386719 22.98997688293457 -1 198.36264038085938 111.74025726318359 1125 105.72946929931641 7.0528550148010254 -1 201.46438598632812 110.41655731201172 1473 41.172172546386719 22.98997688293457 -1 91.909881591796875 109.38169097900391 -1 192.35121154785156 51.33795166015625 -1 94.097396850585938 107.50816345214844 -1 91.909881591796875 109.38169097900391 -1 201.46438598632812 110.41655731201172 1474 82.610588073730469 117.96746063232422 1475 174.84677124023438 170.7900390625 1095 94.097396850585938 107.50816345214844 -1 163.17041015625 103.57710266113281 -1 252.96128845214844 98.323738098144531 -1 106.5303955078125 96.730278015136719 1476 171.88189697265625 89.566246032714844 842 227.00682067871094 73.914665222167969 -1 200.60130310058594 62.953258514404297 -1 189.50462341308594 61.028369903564453 -1 172.62385559082031 60.221897125244141 -1 63.563140869140625 4.5322651863098145 1479 190.4659423828125 57.529964447021484 -1 171.96076965332031 211.9056396484375 -1 
117 0.99483290249515455 0.083960456747562764 0.049874746830652336 -0.027760537537759901 -1.8850669556425548 -0.50738755559270166 1.8354204758400301 1 000110.png
214.97428894042969 162.28741455078125 951 144.2335205078125 37.508922576904297 -1 195.46047973632812 75.291793823242188 -1 120.92710113525391 88.868682861328125 1499 190.00834655761719 189.06973266601562 1109 144.2335205078125 37.508922576904297 -1 120.92710113525391 88.868682861328125 1523 124.22264862060547 152.56756591796875 1147 158.33235168457031 227.33111572265625 1266 91.811714172363281 25.52525520324707 847 200.05380249023438 155.58984375 851 228.15078735351562 178.82498168945312 989 200.05380249023438 155.58984375 1066 114.85546875 24.697170257568359 2114 133.78468322753906 220.99029541015625 1024 135.21507263183594 201.33453369140625 1067 111.53700256347656 195.35932922363281 990 114.85546875 24.697170257568359 -1 51.179225921630859 44.914157867431641 1171 68.993385314941406 21.508199691772461 929 161.72560119628906 38.060939788818359 566 49.659259796142578 61.831378936767578 1112 239.96199035644531 89.095489501953125 1110 149.551025390625 235.04559326171875 1182 220.40972900390625 156.0582275390625 849 127.67029571533203 204.70635986328125 1224 144.5218505859375 210.97723388671875 1026 187.84873962402344 230.08309936523438 1149 141.59120178222656 160.78880310058594 -1 239.96199035644531 89.095489501953125 1498 141.59120178222656 160.78880310058594 -1 239.8017578125 151.57627868652344 955 36.260543823242188 36.497676849365234 931 166.99822998046875 80.056388854980469 49 98.410545349121094 67.0511474609375 1070 182.84640502929688 59.748779296875 -1 166.99822998046875 80.056388854980469 52 82.488899230957031 220.84075927734375 1151 153.6197509765625 57.553707122802734 643 210.17552185058594 128.92527770996094 806 126.60477447509766 13.525153160095215 -1 210.17552185058594 128.92527770996094 807 92.171607971191406 236.14602661132812 1153 153.6197509765625 57.553707122802734 -1 166.99822998046875 80.056388854980469 142 159.82736206054688 111.12920379638672 933 242.88021850585938 167.75645446777344 1031 153.77200317382812 249.00193786621094 -1 130.03715515136719 174.68147277832031 1116 41.754692077636719 30.415607452392578 997 78.632720947265625 32.486892700195312 1446 164.40815734863281 36.770900726318359 566 209.08346557617188 87.998466491699219 1186 242.88021850585938 167.75645446777344 1029 138.66206359863281 172.44473266601562 -1 239.4969482421875 186.94862365722656 1071 175.78062438964844 213.88447570800781 1030 185.19602966308594 218.98684692382812 1874 130.83613586425781 229.37503051757812 1114 185.19602966308594 218.98684692382812 1073 114.62228393554688 166.55038452148438 -1 230.93496704101562 102.81215667724609 1494 169.63772583007812 51.557670593261719 75 48.746982574462891 23.590267181396484 1420 247.64765930175781 88.815315246582031 -1 71.086784362792969 34.215774536132812 651 48.746982574462891 23.590267181396484 1017 169.63772583007812 51.557670593261719 -1 150.01901245117188 200.20552062988281 961 175.53077697753906 65.893768310546875 -1 193.44613647460938 54.46392822265625 -1 151.64643859863281 185.59593200683594 1170 247.64765930175781 88.815315246582031 -1 87.609947204589844 228.47906494140625 1187 151.64643859863281 185.59593200683594 1075 161.06709289550781 195.75137329101562 963 173.9256591796875 95.252357482910156 -1 19.473613739013672 223.16445922851562 1191 87.609947204589844 228.47906494140625 1033 63.714317321777344 234.50666809082031 1875 173.9256591796875 95.252357482910156 2110 133.92483520507812 71.573127746582031 -1 156.49737548828125 79.34637451171875 9 157.83004760742188 57.599239349365234 643 237.57852172851562 82.348426818847656 1244 154.40193176269531 90.875526428222656 315 173.9256591796875 95.252357482910156 2111 197.72407531738281 96.148696899414062 1497 152.17388916015625 103.33679962158203 57 65.669898986816406 34.480571746826172 698 44.707695007324219 37.612899780273438 936 58.328777313232422 46.922702789306641 962 56.676357269287109 54.537090301513672 1425 159.89283752441406 59.222511291503906 643 160.46876525878906 224.49794006347656 -1 148.40771484375 70.304283142089844 92 18.404312133789062 72.68072509765625 1000 231.37971496582031 85.2510986328125 1201 192.14445495605469 90.407638549804688 1157 105.353759765625 96.522514343261719 1530 8.5077142715454102 79.637649536132812 996 216.738037109375 68.643653869628906 -1 110.74644470214844 33.182380676269531 -1 160.46876525878906 224.49794006347656 -1 148.04804992675781 207.67556762695312 998 159.32112121582031 230.6153564453125 1132 154.21226501464844 193.74531555175781 1037 159.32112121582031 230.6153564453125 1133 152.59461975097656 223.64468383789062 1154 148.04804992675781 207.67556762695312 1077 154.21226501464844 193.74531555175781 1032 148.44082641601562 191.90281677246094 957 247.88162231445312 157.40353393554688 1034 10.104978561401367 68.340599060058594 1078 8.5077142715454102 79.637649536132812 1079 148.40771484375 70.304283142089844 408 65.669898986816406 34.480571746826172 1225 110.74644470214844 33.182380676269531 -1 154.59017944335938 64.674919128417969 -1 154.59017944335938 64.674919128417969 -1 154.59017944335938 64.674919128417969 -1 105.502685546875 39.425350189208984 1862 105.26068115234375 204.92337036132812 966 154.11212158203125 214.70828247070312 1043 88.589393615722656 214.89874267578125 1204 14.702070236206055 215.71278381347656 1203 173.20079040527344 226.43252563476562 1307 189.22909545898438 238.27220153808594 1161 157.13945007324219 244.000244140625 -1 157.13945007324219 244.000244140625 -1 79.631355285644531 25.509111404418945 1006 110.14494323730469 34.207870483398438 -1 29.048107147216797 48.655815124511719 1158 29.074151992797852 57.1820068359375 -1 18.521591186523438 64.531478881835938 1080 28.454010009765625 64.352493286132812 865 151.44429016113281 75.415367126464844 -1 162.00392150878906 77.3310546875 -1 29.048107147216797 48.655815124511719 1048 101.51046752929688 133.17127990722656 1227 203.06480407714844 141.55000305175781 1081 112.93933868408203 187.11875915527344 965 104.74597930908203 192.72903442382812 1121 119.37942504882812 194.91488647460938 1040 105.26068115234375 204.92337036132812 1004 176.798828125 60.420520782470703 -1 89.627525329589844 9.4091215133666992 -1 79.631355285644531 25.509111404418945 706 110.14494323730469 34.207870483398438 -1 80.488113403320312 38.088165283203125 906 168.11431884765625 52.73095703125 -1 29.074151992797852 57.1820068359375 1140 168.60227966308594 58.837863922119141 80 169.76890563964844 63.15338134765625 80 18.521591186523438 64.531478881835938 964 28.454010009765625 64.352493286132812 1228 3.2928459644317627 70.918418884277344 1159 4.7423844337463379 74.9656982421875 1084 151.44429016113281 75.415367126464844 -1 220.16868591308594 75.469314575195312 1216 162.00392150878906 77.3310546875 -1 14.007287979125977 81.396377563476562 1208 225.3536376953125 84.829452514648438 1265 180.03904724121094 94.194496154785156 506 164.21900939941406 101.41398620605469 11 101.51046752929688 133.17127990722656 1226 198.55836486816406 141.70417785644531 1125 203.06480407714844 141.55000305175781 939 224.37913513183594 163.67637634277344 1389 112.93933868408203 187.11875915527344 1002 108.18310546875 188.34571838378906 940 117.02436828613281 189.41038513183594 1039 104.74597930908203 192.72903442382812 1119 119.37942504882812 194.91488647460938 967 118.66348266601562 200.95805358886719 1085 115.15592193603516 204.46116638183594 1361 137.10966491699219 242.1356201171875 1163 103.63180541992188 247.65524291992188 1231 203.24407958984375 133.37297058105469 1124 67.012786865234375 42.75750732421875 1237 214.37763977050781 156.05654907226562 1136 43.758205413818359 43.880882263183594 870 103.87509155273438 198.13076782226562 1667 150.02580261230469 214.07254028320312 1045 18.619434356689453 216.87382507324219 1214 35.891181945800781 51.460254669189453 -1 187.17379760742188 233.811279296875 1134 206.53575134277344 93.130912780761719 1466 42.441310882568359 51.559051513671875 1319 103.63180541992188 247.65524291992188 1232 94.601318359375 17.088228225708008 1261 42.112396240234375 19.15626335144043 -1 70.35296630859375 30.757160186767578 700 70.389045715332031 37.189342498779297 653 42.441310882568359 51.559051513671875 1353 42.112396240234375 19.15626335144043 -1 70.35296630859375 30.757160186767578 701 70.389045715332031 37.189342498779297 979 67.012786865234375 42.75750732421875 1088 67.012786865234375 42.75750732421875 590 35.891181945800781 51.460254669189453 1089 15.422778129577637 73.417411804199219 1009 15.422778129577637 73.417411804199219 1090 177.62445068359375 90.352241516113281 -1 50.787769317626953 57.723598480224609 1395 23.934093475341797 70.916358947753906 899 20.160213470458984 71.652641296386719 1164 15.422778129577637 73.417411804199219 1091 173.07913208007812 79.371253967285156 1514 141.5048828125 82.171600341796875 -1 11.084010124206543 83.500564575195312 -1 177.62445068359375 90.352241516113281 -1 197.50712585449219 91.589454650878906 910 241.79959106445312 112.56008911132812 1092 137.44029235839844 155.4652099609375 -1 190.45512390136719 57.554718017578125 -1 145.06999206542969 246.40238952636719 1234 116.4044189453125 252.76921081542969 -1 149.89471435546875 244.5469970703125 1252 162.99577331542969 231.53852844238281 -1 152.74559020996094 229.73805236816406 1167 173.35905456542969 218.60289001464844 1215 78.843330383300781 216.10545349121094 1213 20.902021408081055 214.44119262695312 1321 20.6640625 211.30918884277344 1209 179.36224365234375 205.96583557128906 1093 29.605365753173828 204.87004089355469 1235 36.8837890625 197.06988525390625 -1 146.48455810546875 195.13833618164062 -1 49.420139312744141 183.72607421875 -1 51.033710479736328 178.38424682617188 2109 59.871524810791016 172.54904174804688 -1 65.991371154785156 165.66618347167969 -1 68.4854736328125 163.0506591796875 -1 204.55659484863281 149.58807373046875 1288 164.56968688964844 105.58371734619141 -1 153.98675537109375 98.967666625976562 311 171.98004150390625 89.462081909179688 842 180.96394348144531 88.918380737304688 -1 166.06396484375 88.892463684082031 36 203.68899536132812 88.513389587402344 -1 167.90577697753906 35.626136779785156 -1 27.607433319091797 48.557155609130859 874 173.65057373046875 50.376899719238281 -1 32.3875732421875 51.391254425048828 1048 32.3875732421875 51.391254425048828 -1 192.38223266601562 51.316898345947266 -1 22.064167022705078 63.794548034667969 941 210.0723876953125 62.607200622558594 -1 166.06396484375 88.892463684082031 1495 153.98675537109375 98.967666625976562 -1 68.4854736328125 163.0506591796875 -1 65.991371154785156 165.66618347167969 -1 59.871524810791016 172.54904174804688 -1 36.8837890625 197.06988525390625 1126 29.605365753173828 204.87004089355469 1233 179.36224365234375 205.96583557128906 1095 20.902021408081055 214.44119262695312 1320 108.4493408203125 23.430381774902344 -1 107.97415161132812 29.130718231201172 1802 167.90577697753906 35.626136779785156 -1 75.432350158691406 37.941745758056641 1096 65.487464904785156 39.251899719238281 1097 72.187202453613281 39.841617584228516 1098 27.607433319091797 48.557155609130859 -1 39.954597473144531 49.792304992675781 1353 173.65057373046875 50.376899719238281 -1 49.420139312744141 183.72607421875 -1 32.3875732421875 51.391254425048828 -1 31.104898452758789 67.164146423339844 1100 192.38223266601562 51.316898345947266 -1 105.7205810546875 7.1329631805419922 -1 172.6988525390625 60.162494659423828 -1 22.064167022705078 63.794548034667969 978 27.185792922973633 65.320365905761719 973 16.009662628173828 67.297019958496094 -1 27.800687789916992 70.197708129882812 861 11.220818519592285 76.763786315917969 1101 217.29693603515625 162.14691162109375 1352 148.65773010253906 226.12358093261719 1102 11.220818519592285 76.763786315917969 1103 170.40402221679688 217.67759704589844 1215 80.610954284667969 21.739889144897461 -1 209.03115844726562 172.68794250488281 1169 179.75846862792969 253.79586791992188 -1 106.49359130859375 122.30247497558594 1104 106.49359130859375 122.30247497558594 949 106.49359130859375 122.30247497558594 948 39.552989959716797 190.987548828125 1468 
118 0.99486520199728867 0.085273564421561004 0.050583454772709639 -0.020321495245010805 -1.8759224831198731 -0.56574010562742927 1.834936383607211 1 000113.png
108.97665405273438 195.87466430664062 1412 213.96636962890625 152.28590393066406 951 46.774921417236328 213.52346801757812 2113 144.73159790039062 37.817440032958984 -1 120.69721984863281 87.569869995117188 1499 189.77133178710938 178.07893371582031 1109 144.73159790039062 37.817440032958984 1711 120.69721984863281 87.569869995117188 1523 197.05606079101562 72.094314575195312 1303 156.58195495605469 213.47994995117188 1266 92.102638244628906 21.666929244995117 847 125.67987060546875 161.81903076171875 -1 225.42829895019531 167.77143859863281 989 198.86399841308594 145.2110595703125 851 198.86399841308594 145.2110595703125 1066 115.13133239746094 24.490095138549805 2114 53.297359466552734 33.565277099609375 1171 111.40581512451172 180.47557067871094 990 132.10194396972656 206.30859375 1024 115.13133239746094 24.490095138549805 -1 238.72880554199219 142.36569213867188 955 161.70947265625 38.118289947509766 1856 122.674072265625 192.53466796875 1224 141.83023071289062 195.56246948242188 1026 164.91522216796875 236.42720031738281 -1 184.68775939941406 215.32363891601562 1149 219.03939819335938 145.9447021484375 849 207.10150146484375 53.077587127685547 -1 38.713932037353516 26.816974639892578 931 88.579826354980469 14.795165061950684 -1 147.5810546875 219.05851745605469 1182 141.83023071289062 195.56246948242188 1332 147.5810546875 219.05851745605469 1331 82.553146362304688 204.15078735351562 1151 52.554130554199219 49.170322418212891 1112 22.085168838500977 56.603252410888672 992 154.41110229492188 57.452751159667969 643 182.74893188476562 60.772354125976562 -1 238.32269287109375 85.296440124511719 1052 209.93482971191406 119.50470733642578 807 173.13414001464844 200.94490051269531 1030 154.41110229492188 57.452751159667969 -1 167.34451293945312 79.957008361816406 142 209.93482971191406 119.50470733642578 806 95.128257751464844 231.44342041015625 1335 82.553146362304688 204.15078735351562 1333 104.75936889648438 235.33602905273438 -1 151.73529052734375 234.39595031738281 1304 104.75936889648438 235.33602905273438 1374 167.34451293945312 79.957008361816406 49 170.25631713867188 215.88096618652344 1334 133.41694641113281 69.235618591308594 -1 163.92289733886719 36.984916687011719 566 98.718360900878906 57.4986572265625 1070 210.19070434570312 80.471611022949219 1186 160.11062622070312 109.54209899902344 933 182.57888793945312 204.76515197753906 1073 163.97993469238281 248.54055786132812 1419 163.97993469238281 248.54055786132812 -1 163.97993469238281 248.54055786132812 -1 182.57888793945312 204.76515197753906 1874 91.814682006835938 218.822509765625 1153 129.22964477539062 214.94520568847656 1114 124.81182861328125 11.218852996826172 -1 80.361625671386719 22.187183380126953 1446 51.109718322753906 12.057934761047363 1017 161.46859741210938 91.662300109863281 -1 173.97479248046875 95.250221252441406 2111 231.54937744140625 95.399879455566406 1494 112.37985229492188 115.28449249267578 -1 150.3812255859375 172.24383544921875 1075 148.50163269042969 186.04945373535156 961 241.16801452636719 157.56695556640625 1031 150.3812255859375 172.24383544921875 1170 137.48735046386719 175.34652709960938 -1 236.56449890136719 176.01092529296875 1071 241.16801452636719 157.56695556640625 1029 159.3836669921875 182.10859680175781 963 173.97479248046875 95.250221252441406 -1 16.720354080200195 195.79803466796875 1203 169.4580078125 52.128814697265625 -1 173.10554504394531 216.64439392089844 1307 146.15617370605469 241.31889343261719 1340 107.89823913574219 241.97119140625 1381 193.44873046875 54.502052307128906 -1 44.392986297607422 20.330327987670898 997 166.37823486328125 58.557445526123047 -1 173.97479248046875 95.250221252441406 2110 175.52082824707031 66.03106689453125 -1 156.51016235351562 79.279075622558594 9 198.43489074707031 88.235435485839844 1497 169.4580078125 52.128814697265625 75 161.46859741210938 91.662300109863281 -1 94.703750610351562 18.990701675415039 -1 60.185333251953125 35.437110900878906 962 20.405628204345703 62.785758972167969 1000 155.10800170898438 64.147850036621094 -1 146.42771911621094 177.86444091796875 957 84.911788940429688 4.3766212463378906 -1 170.20747375488281 245.98228454589844 1339 107.87469482421875 227.66458129882812 -1 135.48487854003906 225.33525085449219 -1 146.36729431152344 192.71694946289062 1077 150.64408874511719 208.00651550292969 1154 184.27641296386719 65.118339538574219 -1 142.82386779785156 206.9512939453125 -1 152.51449584960938 179.69038391113281 1037 211.89118957519531 94.964073181152344 1194 184.27641296386719 65.118339538574219 -1 155.10800170898438 64.147850036621094 -1 155.10800170898438 64.147850036621094 -1 20.405628204345703 62.785758972167969 1164 21.557889938354492 205.5047607421875 1191 152.51449584960938 179.69038391113281 1032 204.85652160644531 123.22840881347656 1124 218.76420593261719 121.65823364257812 1192 211.89118957519531 94.964073181152344 1120 205.70835876464844 90.962265014648438 1193 149.24893188476562 69.50701904296875 92 67.940879821777344 24.305988311767578 698 67.940879821777344 24.305988311767578 1225 114.01896667480469 164.23823547363281 -1 105.52304077148438 39.4112548828125 1862 7.2248368263244629 64.546272277832031 1084 251.43717956542969 90.616439819335938 -1 104.47798919677734 177.92990112304688 1121 104.84568023681641 189.29124450683594 966 114.44503021240234 190.77647399902344 1197 128.96571350097656 194.96638488769531 -1 152.26780700683594 199.64033508300781 1043 121.60652923583984 6.7055449485778809 -1 96.538917541503906 10.890226364135742 -1 82.843338012695312 16.500127792358398 706 31.422996520996094 38.602859497070312 1158 45.411350250244141 45.853836059570312 -1 4.248016357421875 50.143989562988281 -1 20.887022018432617 54.094142913818359 964 31.112936019897461 53.784454345703125 1228 6.8672323226928711 60.161914825439453 1159 169.79042053222656 63.1026611328125 80 7.2248368263244629 64.546272277832031 -1 222.43704223632812 71.662681579589844 -1 141.55294799804688 82.986534118652344 -1 251.43717956542969 90.616439819335938 -1 180.05747985839844 94.178535461425781 506 112.79033660888672 154.88447570800781 -1 112.36017608642578 173.05799865722656 1002 107.88042449951172 173.61737060546875 940 116.92243957519531 175.13502502441406 1039 104.47798919677734 177.92990112304688 1119 118.94992065429688 180.12565612792969 1040 104.84568023681641 189.29124450683594 1004 109.3115234375 190.42720031738281 1322 114.44503021240234 190.77647399902344 1361 128.96571350097656 194.96638488769531 -1 88.894607543945312 198.82749938964844 1204 152.26780700683594 199.64033508300781 -1 76.84674072265625 210.22886657714844 1310 156.80307006835938 213.99276733398438 1132 176.26123046875 243.2921142578125 1311 39.05755615234375 245.00996398925781 1386 43.105289459228516 252.87287902832031 -1 121.60652923583984 6.7055449485778809 -1 96.538917541503906 10.890226364135742 1261 82.843338012695312 16.500127792358398 1006 31.422996520996094 38.602859497070312 1048 114.34794616699219 2.1494743824005127 1016 206.92219543457031 139.3524169921875 1288 82.718437194824219 22.671117782592773 1198 148.06785583496094 199.607666015625 1045 61.8629150390625 35.623859405517578 1207 197.54124450683594 129.48480224609375 1125 228.54618835449219 127.03940582275391 1205 63.092781066894531 11.939277648925781 831 92.47589111328125 11.300530433654785 -1 72.354263305664062 20.551549911499023 700 72.549835205078125 26.98577880859375 653 30.296953201293945 54.309524536132812 1228 10.143200874328613 68.132461547851562 996 14.46351432800293 68.579612731933594 1208 61.8629150390625 35.623859405517578 1312 3.9333610534667969 71.086540222167969 -1 172.58961486816406 79.987113952636719 1514 198.30998229980469 83.540107727050781 910 226.06771850585938 84.930015563964844 1313 141.09066772460938 86.933517456054688 -1 177.54843139648438 90.127342224121094 -1 228.54708862304688 99.311569213867188 1494 204.60762023925781 136.60676574707031 -1 203.62718200683594 139.83146667480469 -1 162.03480529785156 177.011962890625 -1 117.63156890869141 186.05049133300781 1085 161.94953918457031 187.43946838378906 -1 23.374534606933594 193.45162963867188 1209 21.547365188598633 199.11909484863281 1214 78.49224853515625 199.29386901855469 1213 186.18370056152344 223.48519897460938 1349 92.47589111328125 11.300530433654785 -1 72.354263305664062 20.551549911499023 701 72.549835205078125 26.98577880859375 979 30.296953201293945 54.309524536132812 973 177.54843139648438 90.127342224121094 -1 186.18370056152344 223.48519897460938 1161 205.50851440429688 163.65299987792969 1169 215.364013671875 147.98728942871094 1136 253.54057312011719 116.00686645507812 -1 241.93673706054688 105.38773345947266 1092 164.92141723632812 105.47444915771484 -1 163.08413696289062 103.0213623046875 -1 228.45068359375 96.501380920410156 -1 171.885986328125 89.478591918945312 842 166.13032531738281 89.0528564453125 36 200.22090148925781 78.1524658203125 1435 15.433332443237305 65.059059143066406 -1 2.0868411064147949 64.646430969238281 -1 172.55032348632812 60.234653472900391 -1 190.48223876953125 57.575103759765625 -1 3.4182906150817871 57.641216278076172 1431 31.715295791625977 56.887943267822266 1100 24.554056167602539 53.250400543212891 978 192.39091491699219 51.331638336181641 -1 173.86705017089844 50.501766204833984 -1 29.617055892944336 44.207126617431641 -1 44.447582244873047 41.012359619140625 1353 68.581871032714844 31.945810317993164 1088 68.581871032714844 31.945810317993164 1237 44.447582244873047 41.012359619140625 1319 173.86705017089844 50.501766204833984 -1 192.39091491699219 51.331638336181641 -1 24.554056167602539 53.250400543212891 941 3.4182906150817871 57.641216278076172 -1 15.433332443237305 65.059059143066406 -1 166.13032531738281 89.0528564453125 1495 55.452999114990234 164.29466247558594 1210 50.87335205078125 169.17204284667969 1345 111.50249481201172 20.282997131347656 -1 36.98052978515625 183.16664123535156 1343 25.1290283203125 195.58004760742188 1320 169.38865661621094 196.45382690429688 1385 148.79914855957031 249.78569030761719 -1 148.79914855957031 249.78569030761719 -1 167.90214538574219 35.577377319335938 566 148.79914855957031 249.78569030761719 1342 25.1290283203125 195.58004760742188 1321 50.87335205078125 169.17204284667969 1393 55.452999114990234 164.29466247558594 2109 167.90214538574219 35.577377319335938 -1 235.55793762207031 163.35830688476562 -1 169.38865661621094 196.45382690429688 1383 170.92225646972656 203.84210205078125 1215 192.52940368652344 208.53091430664062 1469 174.03622436523438 214.52066040039062 -1 36.98052978515625 183.16664123535156 -1 154.48329162597656 227.92948913574219 1341 145.44107055664062 244.81071472167969 1351 150.25308227539062 246.95402526855469 1342 117.52407073974609 248.65165710449219 -1 48.132362365722656 172.09828186035156 1871 48.132362365722656 172.09828186035156 1922 
119 0.99491500922289933 0.081792927563258205 0.058511104475243089 -0.0055219631216705959 -1.8351580788004116 -0.69459264557728706 1.8645086373391664 1 000120.png
217.45472717285156 109.33032989501953 1756 96.060966491699219 170.4173583984375 1646 96.060966491699219 170.4173583984375 -1 145.45986938476562 37.330760955810547 1711 47.508594512939453 166.96983337402344 2113 47.508594512939453 166.96983337402344 1522 194.51237487792969 147.09300231933594 1594 194.51237487792969 147.09300231933594 -1 194.51237487792969 147.09300231933594 1647 18.977035522460938 26.398759841918945 -1 91.867469787597656 26.407144546508789 -1 201.69204711914062 113.60701751708984 1542 163.21493530273438 184.08700561523438 1455 102.87387084960938 216.28944396972656 1501 102.87387084960938 216.28944396972656 1595 176.77767944335938 51.612491607666016 -1 123.68439483642578 221.93479919433594 1543 144.919677734375 213.89790344238281 1819 127.13699340820312 14.254739761352539 1981 101.41558074951172 187.84059143066406 1648 164.7198486328125 248.58164978027344 -1 116.64086151123047 25.104015350341797 2114 244.29032897949219 113.87903594970703 1771 101.41558074951172 187.84059143066406 1374 214.65145874023438 90.080322265625 1740 134.61042785644531 233.23637390136719 1597 118.0924072265625 238.61868286132812 1598 152.83575439453125 216.196044921875 1683 145.64610290527344 188.32424926757812 1304 181.10653686523438 174.55233764648438 1149 169.58692932128906 160.94630432128906 1030 162.24058532714844 152.59542846679688 1599 107.78158569335938 137.94639587402344 990 163.09898376464844 97.76422119140625 2124 167.51594543457031 79.994911193847656 49 182.464599609375 58.905033111572266 -1 167.51594543457031 79.994911193847656 142 157.61723327636719 204.83840942382812 1419 183.47906494140625 61.158935546875 -1 178.94137573242188 163.6099853515625 1874 95.778472900390625 175.36203002929688 1834 148.72187805175781 209.04365539550781 -1 148.72187805175781 209.04365539550781 -1 95.778472900390625 175.36203002929688 1601 178.94137573242188 163.6099853515625 1073 80.57684326171875 154.48686218261719 1151 175.87321472167969 67.647483825683594 -1 95.778472900390625 175.36203002929688 1834 88.885795593261719 168.69332885742188 1153 117.93434906005859 224.4873046875 1551 124.66649627685547 11.088271141052246 1981 16.793508529663086 13.96575927734375 -1 100.45844268798828 32.09051513671875 1822 175.87321472167969 67.647483825683594 -1 200.03654479980469 101.06699371337891 -1 19.813102722167969 143.08967590332031 1203 80.57684326171875 154.48686218261719 1333 165.49765014648438 35.690937042236328 566 31.790655136108398 10.059511184692383 -1 169.48377990722656 52.104030609130859 -1 169.48377990722656 52.104030609130859 75 135.450439453125 220.57206726074219 1606 34.097137451171875 38.077922821044922 -1 193.68852233886719 54.497787475585938 -1 112.07677459716797 156.74464416503906 -1 156.67648315429688 78.923408508300781 9 154.27450561523438 91.055191040039062 315 152.103515625 103.10749053955078 57 233.20858764648438 124.19711303710938 1692 239.52272033691406 132.94572448730469 1245 157.3973388671875 141.29954528808594 963 115.97039794921875 9.8511962890625 -1 24.922443389892578 155.06610107421875 1191 104.43320465087891 194.22114562988281 1381 52.027938842773438 7.1985359191894531 -1 157.3973388671875 141.29954528808594 1651 203.24029541015625 59.304824829101562 -1 209.68379211425781 63.560638427734375 -1 168.67384338378906 91.884254455566406 1495 207.67904663085938 102.71446990966797 -1 165.48440551757812 154.63894653320312 1383 84.532638549804688 160.83953857421875 1187 161.58131408691406 91.510215759277344 -1 138.90049743652344 241.27265930175781 1634 98.089935302734375 229.49835205078125 1610 208.59542846679688 111.62369537353516 1611 115.50270843505859 217.71524047851562 1550 164.06439208984375 199.34434509277344 1339 161.58131408691406 91.510215759277344 -1 138.90049743652344 241.27265930175781 -1 98.089935302734375 229.49835205078125 -1 115.50270843505859 217.71524047851562 1612 84.532638549804688 160.83953857421875 1187 84.532638549804688 160.83953857421875 1033 168.67384338378906 91.884254455566406 36 104.04840850830078 238.20364379882812 1720 157.74212646484375 232.24728393554688 1695 137.14533996582031 234.08984375 1581 100.45924377441406 8.9258556365966797 1801 170.22520446777344 40.024024963378906 -1 57.687198638916016 120.93051910400391 1210 107.18034362792969 145.16761779785156 1662 169.96060180664062 197.83660888671875 1659 107.18034362792969 145.16761779785156 1322 224.23695373535156 119.94393157958984 1389 55.545379638671875 4.1530590057373047 -1 100.45924377441406 8.9258556365966797 -1 96.555091857910156 10.862534523010254 -1 110.2154541015625 23.918983459472656 1802 170.22520446777344 40.024024963378906 688 160.28591918945312 43.352798461914062 -1 153.26747131347656 49.299808502197266 -1 189.91632080078125 62.620845794677734 -1 169.92658996582031 63.147174835205078 80 183.2353515625 74.6044921875 -1 179.93522644042969 94.269081115722656 506 216.97276306152344 118.80410766601562 1352 57.687198638916016 120.93051910400391 2109 244.36546325683594 122.30702209472656 1785 103.18572998046875 132.86842346191406 1121 155.82009887695312 134.26214599609375 1655 20.079006195068359 146.48359680175781 1203 25.172962188720703 148.04541015625 1214 76.923347473144531 148.9014892578125 1213 38.409557342529297 189.85289001464844 1386 140.61331176757812 194.01129150390625 1340 169.96060180664062 197.83660888671875 1311 162.80635070800781 212.27420043945312 1672 145.06088256835938 220.53096008300781 1557 162.40397644042969 232.52456665039062 1568 165.11891174316406 188.06817626953125 1434 167.92434692382812 217.95327758789062 1570 238.75360107421875 136.54327392578125 -1 45.452049255371094 213.5302734375 1699 189.1026611328125 168.01235961914062 1469 204.13333129882812 94.609062194824219 1474 171.11528015136719 225.10649108886719 1615 128.0062255859375 225.53590393066406 1616 10.121191024780273 17.020267486572266 1668 133.05500793457031 76.995185852050781 -1 200.24920654296875 95.281082153320312 1562 165.11891174316406 188.06817626953125 -1 187.9127197265625 194.79515075683594 -1 128.0062255859375 225.53590393066406 1693 114.11708831787109 2.4490416049957275 1919 39.208816528320312 9.6375608444213867 -1 13.706931114196777 16.501991271972656 1668 167.96514892578125 190.47628784179688 1470 4.0107250213623047 22.425130844116211 1617 133.05500793457031 76.995185852050781 -1 173.04098510742188 79.579757690429688 1514 204.13333129882812 94.609062194824219 1473 200.24920654296875 95.281082153320312 1125 71.3016357421875 105.38713073730469 1520 187.9127197265625 194.79515075683594 -1 129.21192932128906 214.42369079589844 1464 48.387611389160156 124.71087646484375 1922 239.35064697265625 128.17779541015625 1620 42.272151947021484 129.51222229003906 -1 107.28236389160156 129.75885009765625 940 152.39779663085938 142.72596740722656 -1 25.367048263549805 143.65087890625 1209 151.75016784667969 209.68327331542969 -1 86.532279968261719 149.72651672363281 1204 148.09574890136719 215.327392578125 -1 149.57279968261719 181.293212890625 1341 39.302566528320312 5.8187808990478516 -1 46.095893859863281 6.0367588996887207 -1 5.2712292671203613 25.856948852539062 -1 189.04280090332031 54.397201538085938 -1 190.52899169921875 57.560672760009766 -1 95.409706115722656 228.89785766601562 1622 165.19036865234375 228.99406433105469 1700 55.591552734375 230.07356262207031 1665 86.983428955078125 93.014236450195312 1887 168.020751953125 60.244964599609375 1645 42.755512237548828 5.1607904434204102 931 174.46589660644531 215.04776000976562 1569 178.30477905273438 209.61845397949219 1565 192.47749328613281 51.340202331542969 -1 75.415748596191406 158.54719543457031 1310 90.041839599609375 90.472335815429688 -1 171.85725402832031 89.637710571289062 842 94.904212951660156 86.626266479492188 2099 161.48902893066406 80.89605712890625 -1 102.25996398925781 81.137641906738281 1626 189.48020935058594 61.220706939697266 -1 233.507568359375 146.56350708007812 -1 172.5762939453125 60.181735992431641 -1 5.2712292671203613 25.856948852539062 -1 168.020751953125 60.244964599609375 -1 102.25996398925781 81.137641906738281 1954 153.95468139648438 99.235206604003906 -1 163.37469482421875 205.38150024414062 1629 232.99333190917969 143.36198425292969 1630 163.37469482421875 205.38150024414062 1631 102.35947418212891 137.92243957519531 1667 185.13442993164062 180.1798095703125 1755 221.52880859375 121.58196258544922 -1 214.75343322753906 116.19585418701172 -1 64.366928100585938 112.06842803955078 1835 163.34304809570312 103.87223052978516 933 153.95468139648438 99.235206604003906 311 98.234596252441406 238.95053100585938 1781 6.2319936752319336 255.87692260742188 -1 98.234596252441406 238.95053100585938 1783 
120 0.99507080508566248 0.078082745765517506 0.060968039442567838 -0.0044806078179964745 -1.829158687442497 -0.7260631312988125 1.8767072781244738 1 000123.png
216.38973999023438 97.984260559082031 1756 87.403518676757812 237.14585876464844 -1 165.28074645996094 213.19387817382812 -1 143.28622436523438 33.842311859130859 1711 119.87234497070312 87.700996398925781 1738 43.989810943603516 145.58277893066406 1522 43.989810943603516 145.58277893066406 2113 119.87234497070312 87.700996398925781 -1 195.77742004394531 130.45529174804688 1647 93.142021179199219 23.585470199584961 1736 162.21603393554688 164.17936706542969 1455 98.802658081054688 194.17597961425781 1595 121.2122802734375 202.08493041992188 1543 148.14427185058594 201.15321350097656 1680 98.802658081054688 194.17597961425781 1501 162.21603393554688 164.17936706542969 1739 98.791984558105469 166.71858215332031 1481 106.63983917236328 216.39456176757812 1712 98.791984558105469 166.71858215332031 1374 116.56191253662109 25.35215950012207 2114 218.52536010742188 74.36383056640625 1740 108.98818206787109 60.691226959228516 -1 142.07185363769531 145.83399963378906 1741 142.07185363769531 145.83399963378906 -1 168.40504455566406 141.33543395996094 1714 126.29534149169922 13.138280868530273 1981 184.09391784667969 58.796302795410156 -1 176.57958984375 69.394233703613281 -1 38.456073760986328 70.307525634765625 1791 167.68876647949219 79.844200134277344 49 105.19125366210938 116.32086181640625 990 168.40504455566406 141.33543395996094 1030 179.92657470703125 155.11094665527344 1149 154.60487365722656 183.90971374511719 1419 176.57958984375 69.394233703613281 -1 225.96357727050781 100.72092437744141 -1 176.97627258300781 206.43544006347656 1743 92.385574340820312 151.86856079101562 1834 151.23324584960938 119.07553863525391 1744 51.620075225830078 47.825717926025391 1858 92.385574340820312 151.86856079101562 1834 62.815582275390625 153.75230407714844 1716 149.7811279296875 194.47071838378906 1683 51.620075225830078 47.825717926025391 -1 151.23324584960938 119.07553863525391 -1 77.046966552734375 131.21794128417969 1333 177.86376953125 143.89443969726562 1874 85.028938293457031 145.4818115234375 1153 110.87715148925781 193.52363586425781 1550 102.51702117919922 224.2139892578125 1689 14.769248962402344 16.199506759643555 -1 116.08322143554688 10.569585800170898 -1 14.769248962402344 16.199506759643555 -1 169.56486511230469 52.221397399902344 75 193.56434631347656 54.377754211425781 -1 175.6239013671875 66.061714172363281 -1 156.660400390625 78.823661804199219 9 217.74229431152344 95.373054504394531 1719 154.17201232910156 90.873054504394531 315 20.622760772705078 132.48567199707031 1191 58.262779235839844 137.82830810546875 1875 110.87715148925781 193.52363586425781 1612 137.90634155273438 209.0072021484375 1772 98.291404724121094 214.02655029296875 1718 102.51702117919922 224.2139892578125 1720 116.08322143554688 10.569585800170898 -1 116.08322143554688 10.569585800170898 -1 155.33123779296875 28.478910446166992 -1 102.77109527587891 31.821760177612305 1822 153.34217834472656 35.415218353271484 -1 166.20713806152344 35.797092437744141 566 149.24775695800781 69.442611694335938 92 201.72991943359375 79.062942504882812 -1 161.75137329101562 91.497322082519531 -1 168.25520324707031 91.712722778320312 1495 174.786376953125 95.896804809570312 2110 105.32753753662109 97.93212890625 1691 16.098060607910156 122.8907470703125 1203 164.12474060058594 134.36007690429688 1383 80.919013977050781 137.7015380859375 1187 147.21697998046875 167.60397338867188 -1 161.64727783203125 178.63002014160156 1339 79.03411865234375 188.27932739257812 -1 160.84030151367188 190.96255493164062 1672 92.701713562011719 205.52682495117188 1610 123.19896697998047 206.20925903320312 1774 132.23323059082031 211.41204833984375 1581 108.64556884765625 236.90599060058594 -1 174.786376953125 95.896804809570312 2111 168.25520324707031 91.712722778320312 36 161.75137329101562 91.497322082519531 -1 201.72991943359375 79.062942504882812 1562 149.24775695800781 69.442611694335938 408 149.24775695800781 69.442611694335938 -1 153.34217834472656 35.415218353271484 -1 123.19896697998047 206.20925903320312 1616 123.19896697998047 206.20925903320312 1693 79.03411865234375 188.27932739257812 -1 80.919013977050781 137.7015380859375 1187 80.919013977050781 137.7015380859375 1033 164.88038635253906 102.24140930175781 11 167.63380432128906 176.71755981445312 1659 82.8135986328125 195.96961975097656 1786 158.68449401855469 210.96426391601562 1568 113.98554229736328 2.4230489730834961 1919 188.39964294433594 53.825428009033203 -1 190.01119995117188 62.481113433837891 -1 206.46426391601562 77.779640197753906 -1 82.8135986328125 195.96961975097656 1724 100.95371246337891 111.32698059082031 1121 110.49942779541016 23.970857620239258 1802 177.5849609375 42.048439025878906 -1 188.39964294433594 53.825428009033203 -1 190.01119995117188 62.481113433837891 -1 169.91725158691406 63.167430877685547 80 182.80203247070312 69.797569274902344 -1 206.46426391601562 77.779640197753906 -1 103.96677398681641 79.446189880371094 1748 69.693572998046875 84.624519348144531 1520 61.114795684814453 90.976051330566406 1835 179.93472290039062 94.336875915527344 506 158.68449401855469 210.96426391601562 -1 21.763784408569336 120.56832122802734 1209 108.78026580810547 121.82561492919922 1749 21.000829696655273 125.50490570068359 1214 73.378395080566406 125.75999450683594 1213 184.642822265625 160.61161804199219 1755 172.94737243652344 79.532615661621094 1514 66.44439697265625 87.356307983398438 -1 155.17715454101562 210.2432861328125 1727 188.203125 148.61119079589844 1469 104.92224884033203 123.09769439697266 1322 141.01069641113281 38.145404815673828 -1 141.83511352539062 198.92503356933594 1557 150.23347473144531 79.559600830078125 -1 158.22250366210938 122.42426300048828 -1 99.239425659179688 115.51327514648438 1667 241.37692260742188 110.88320922851562 1620 183.52677917480469 69.668281555175781 -1 104.81438446044922 108.49701690673828 940 165.00904846191406 196.73812866210938 1570 125.13079833984375 191.48738098144531 1464 185.78092956542969 175.40577697753906 1751 158.22250366210938 122.42426300048828 1752 141.01069641113281 38.145404815673828 -1 150.23347473144531 79.559600830078125 -1 150.23347473144531 79.559600830078125 -1 104.92224884033203 123.09769439697266 1662 197.95559692382812 86.043296813964844 -1 151.88394165039062 24.869388580322266 -1 188.04588317871094 172.857421875 1754 100.59550476074219 225.22921752929688 1784 105.03678131103516 238.84353637695312 1830 107.66786193847656 243.63639831542969 -1 107.66786193847656 243.63639831542969 -1 189.41043090820312 61.001392364501953 -1 167.99533081054688 60.247459411621094 1645 190.55844116210938 57.440219879150391 -1 167.99533081054688 60.247459411621094 -1 97.221778869628906 110.54646301269531 -1 93.77117919921875 217.00341796875 -1 150.15890502929688 28.807594299316406 -1 93.77117919921875 217.00341796875 -1 105.03678131103516 238.84353637695312 -1 192.3831787109375 51.352180480957031 -1 67.001358032226562 246.00900268554688 1780 97.221778869628906 110.54646301269531 -1 91.19549560546875 206.76123046875 1622 171.89035034179688 89.592506408691406 842 91.19549560546875 206.76123046875 -1 126.58545684814453 194.99171447753906 -1 116.35018157958984 165.9625244140625 -1 149.57588195800781 163.60870361328125 -1 116.35018157958984 165.9625244140625 -1 140.14227294921875 35.521957397460938 -1 
121 0.99482567994985449 0.083777691508298585 0.057231349132345295 -0.0052666492518276325 -1.8372793881778939 -0.68698031087276334 1.856744418420115 1 000119.png
218.05574035644531 113.72263336181641 1756 98.719497680664062 176.41618347167969 1646 174.066650390625 226.44549560546875 1818 98.719497680664062 176.41618347167969 -1 145.59652709960938 37.853359222412109 1711 120.96816253662109 85.897964477539062 1523 48.212669372558594 174.57598876953125 1522 120.96816253662109 85.897964477539062 1499 48.212669372558594 174.57598876953125 2113 76.285240173339844 139.15507507324219 1414 124.39740753173828 124.72191619873047 1147 176.60719299316406 126.28006744384766 -1 176.60719299316406 126.28006744384766 -1 76.285240173339844 139.15507507324219 1415 194.85986328125 153.22694396972656 1594 201.34812927246094 119.66048431396484 1542 164.20053100585938 192.04580688476562 1455 104.22061157226562 224.57284545898438 1501 104.22061157226562 224.57284545898438 1595 201.34812927246094 119.66048431396484 1066 45.055900573730469 23.309497833251953 -1 178.603759765625 53.622978210449219 -1 116.61781311035156 25.021537780761719 2114 161.41267395019531 160.34950256347656 1599 147.06019592285156 214.81964111328125 -1 158.09080505371094 162.75746154785156 -1 102.63068389892578 195.85089111328125 1374 124.82588958740234 229.55474853515625 1543 119.67336273193359 247.23307800292969 1598 158.09080505371094 162.75746154785156 -1 161.41267395019531 160.34950256347656 -1 181.60508728027344 57.589630126953125 -1 243.21041870117188 119.36624908447266 955 26.740556716918945 28.779199600219727 -1 194.60292053222656 56.273235321044922 -1 167.54692077636719 80.04046630859375 49 213.65754699707031 95.715110778808594 807 222.19938659667969 121.76979064941406 849 140.40826416015625 168.80973815917969 -1 170.17544555664062 168.00234985351562 1030 158.76594543457031 212.61784362792969 1419 136.22259521484375 241.72842407226562 1597 146.09474182128906 182.28489685058594 1331 167.54692077636719 80.04046630859375 142 213.65754699707031 95.715110778808594 806 108.47282409667969 145.65284729003906 990 181.68547058105469 181.79559326171875 1149 112.48638916015625 186.52455139160156 -1 146.67208862304688 196.1634521484375 1304 166.18406677246094 180.1832275390625 1334 124.92404937744141 11.46025562286377 1981 89.927406311035156 177.23497009277344 1153 81.556900024414062 163.01763916015625 1151 179.5260009765625 170.81643676757812 1073 96.871627807617188 183.94685363769531 1601 96.871627807617188 183.94685363769531 1834 96.871627807617188 183.94685363769531 1834 57.038707733154297 14.286050796508789 795 100.230224609375 32.345252990722656 1822 165.40846252441406 37.315746307373047 566 248.61592102050781 131.20222473144531 1526 81.556900024414062 163.01763916015625 1333 179.5260009765625 170.81643676757812 1874 129.05021667480469 172.25038146972656 -1 169.47801208496094 51.973949432373047 -1 31.567218780517578 18.991718292236328 -1 161.53094482421875 92.057334899902344 -1 157.86422729492188 148.5919189453125 963 169.47801208496094 51.973949432373047 75 199.55010986328125 106.68840026855469 1125 193.58259582519531 54.5582275390625 -1 195.15861511230469 197.365234375 -1 105.48383331298828 202.20851135253906 1381 165.00650024414062 206.94810485839844 1339 136.76365661621094 228.81639099121094 1606 175.40988159179688 65.935585021972656 -1 152.07736206054688 103.24840545654297 57 63.534038543701172 171.23857116699219 1875 195.15861511230469 197.365234375 -1 156.65740966796875 79.054618835449219 9 154.34910583496094 90.89666748046875 315 161.53094482421875 92.057334899902344 -1 117.29875183105469 226.16950988769531 1550 120.74399566650391 173.5118408203125 1538 118.65773773193359 233.29737854003906 1551 99.758346557617188 239.10211181640625 1610 140.31178283691406 250.46092224121094 1634 140.31178283691406 250.46092224121094 -1 99.758346557617188 239.10211181640625 -1 118.65773773193359 233.29737854003906 1552 117.29875183105469 226.16950988769531 1612 85.47509765625 169.69534301757812 1033 165.57083129882812 162.19662475585938 1385 208.7811279296875 99.305946350097656 -1 174.76805114746094 95.456489562988281 2111 168.66757202148438 91.824432373046875 36 49.416641235351562 3.2750773429870605 -1 85.47509765625 169.69534301757812 1187 168.66757202148438 91.824432373046875 1495 24.727094650268555 163.40589904785156 1191 20.856466293334961 154.38252258300781 1203 147.6029052734375 144.62606811523438 957 216.69992065429688 125.87326049804688 1352 206.55960083007812 108.047119140625 939 199.54232788085938 105.00160980224609 -1 165.57083129882812 162.19662475585938 1383 222.38693237304688 98.573822021484375 1192 49.416641235351562 3.2750773429870605 -1 63.605655670166016 9.47821044921875 -1 174.76805114746094 95.456489562988281 2110 208.7811279296875 99.305946350097656 1124 141.13874816894531 201.82600402832031 1340 39.047809600830078 18.065452575683594 1140 109.98977661132812 23.940650939941406 1802 13.516844749450684 28.532081604003906 1431 19.169698715209961 29.993534088134766 -1 170.18905639648438 39.928504943847656 688 201.11479187011719 57.584697723388672 -1 177.12881469726562 60.569900512695312 -1 189.90753173828125 62.553867340087891 -1 169.89248657226562 63.141445159912109 80 161.7001953125 77.4351806640625 -1 142.0030517578125 82.194862365722656 -1 179.953369140625 94.275138854980469 506 207.68905639648438 99.729316711425781 -1 164.27543640136719 102.55474090576172 11 199.64093017578125 102.77261352539062 1125 71.864128112792969 111.91148376464844 1520 58.166767120361328 128.61105346679688 2109 151.27493286132812 139.73760986328125 1075 103.91568756103516 141.07470703125 1121 77.807365417480469 157.37303161621094 1213 170.82913208007812 205.50602722167969 1311 146.48439025878906 229.13755798339844 1557 138.75363159179688 242.71414184570312 1581 188.94723510742188 184.54061889648438 1755 100.39653778076172 8.9547052383422852 -1 96.502197265625 10.81410026550293 -1 111.01918792724609 10.988057136535645 -1 100.39653778076172 8.9547052383422852 1801 170.18905639648438 39.928504943847656 -1 161.7001953125 77.4351806640625 -1 207.68905639648438 99.729316711425781 -1 164.27543640136719 102.55474090576172 -1 164.27543640136719 102.55474090576172 -1 199.64093017578125 102.77261352539062 1562 58.166767120361328 128.61105346679688 1210 151.27493286132812 139.73760986328125 1170 51.804424285888672 9.892974853515625 1563 45.7369384765625 12.947498321533203 1089 45.764148712158203 16.774782180786133 1089 121.18635559082031 21.60710334777832 -1 9.5406980514526367 24.346601486206055 1668 14.25447940826416 31.971538543701172 1431 4.4313654899597168 33.332645416259766 -1 3.2126939296722412 37.409130096435547 1564 172.98924255371094 79.617576599121094 1514 105.30561828613281 88.4193115234375 1476 203.40498352050781 100.43470764160156 1474 54.467620849609375 127.43461608886719 2109 107.50263977050781 137.83146667480469 940 26.090337753295898 151.79463195800781 1209 108.0506591796875 152.73117065429688 1322 76.151664733886719 167.29414367675781 1310 55.376483917236328 235.22230529785156 -1 150.53924560546875 189.12301635742188 1341 182.80697631835938 217.29649353027344 1565 98.359130859375 239.86662292480469 1622 193.60826110839844 200.05436706542969 1566 203.40498352050781 100.43470764160156 1473 193.60826110839844 200.05436706542969 1705 163.56864929199219 240.80714416503906 1568 166.23240661621094 242.95291137695312 -1 114.33444976806641 2.4461183547973633 1919 130.10530090332031 222.25935363769531 1464 175.484375 222.72344970703125 1569 169.22358703613281 225.6507568359375 1570 189.26603698730469 175.28648376464844 1469 166.10240173339844 195.76043701171875 1434 175.11740112304688 159.10537719726562 1093 102.99790954589844 145.74429321289062 1667 238.93338012695312 134.63180541992188 1620 243.80264282226562 132.83607482910156 1031 163.25566101074219 103.89199829101562 933 88.176071166992188 98.995101928710938 -1 177.82269287109375 89.751235961914062 -1 171.90695190429688 89.580947875976562 842 102.87006378173828 86.940460205078125 1954 157.01284790039062 85.505126953125 1572 189.46286010742188 61.103725433349609 -1 172.74565124511719 60.169929504394531 -1 190.48321533203125 57.591392517089844 -1 106.02499389648438 6.793799877166748 -1 192.40380859375 51.392181396484375 -1 113.04198455810547 195.12423706054688 1463 173.85720825195312 50.5963134765625 -1 160.7747802734375 246.01544189453125 -1 173.85720825195312 50.5963134765625 -1 192.40380859375 51.392181396484375 -1 102.87006378173828 86.940460205078125 1626 177.82269287109375 89.751235961914062 -1 146.36277770996094 91.26275634765625 -1 25.305507659912109 20.146474838256836 -1 175.11740112304688 159.10537719726562 1095 146.96955871582031 229.47470092773438 -1 38.9034423828125 12.483637809753418 1048 166.10240173339844 195.76043701171875 -1 42.46429443359375 11.861204147338867 -1 146.36277770996094 91.26275634765625 -1 243.80264282226562 132.83607482910156 1029 146.96955871582031 229.47470092773438 -1 60.079250335693359 246.22404479980469 -1 110.62896728515625 29.231559753417969 -1 112.13255310058594 199.223388671875 -1 163.76591491699219 246.36427307128906 -1 111.66531372070312 11.034293174743652 1578 189.04069519042969 54.34747314453125 -1 163.76591491699219 246.36427307128906 -1 112.13255310058594 199.223388671875 -1 
122 0.99498516827062744 0.079237096726487627 0.060910061772699059 -0.0039952219806293878 -1.8272599561818943 -0.71710863820207538 1.8748616819148889 1 000122.png
216.63124084472656 102.97711181640625 1756 144.71224975585938 35.683815002441406 1711 120.2364501953125 91.752662658691406 1738 45.232662200927734 153.557373046875 1522 45.232662200927734 153.557373046875 2113 195.0523681640625 137.25654602050781 1647 220.48139953613281 81.024795532226562 -1 162.17356872558594 171.59841918945312 1455 99.67120361328125 202.40420532226562 1595 147.8189697265625 208.08673095703125 1680 122.30325317382812 210.53958129882812 1543 107.392578125 227.08760070800781 1712 99.67120361328125 202.40420532226562 1501 107.392578125 227.08760070800781 -1 99.898605346679688 175.09440612792969 1648 156.21365356445312 35.429389953613281 -1 99.898605346679688 175.09440612792969 1374 127.26799774169922 14.371689796447754 1981 141.36489868164062 153.66061401367188 1741 116.51815795898438 25.08935546875 2114 98.005523681640625 28.985546112060547 1736 167.67770385742188 79.850914001464844 49 106.23900604248047 124.70110321044922 990 25.196893692016602 142.58724975585938 -1 109.01155090332031 146.75862121582031 1715 169.08198547363281 149.04969787597656 1030 180.60214233398438 162.90396118164062 1149 155.87367248535156 192.33184814453125 1419 176.45492553710938 69.339065551757812 -1 167.67770385742188 79.850914001464844 142 169.08198547363281 149.04969787597656 1714 177.8162841796875 215.04197692871094 -1 113.34973907470703 222.405517578125 1598 183.96836853027344 61.826778411865234 -1 151.47581481933594 120.90634918212891 1744 78.3406982421875 140.14204406738281 1333 178.42759704589844 151.63861083984375 1874 86.426887512207031 154.41740417480469 1153 93.306312561035156 161.08120727539062 1834 64.499649047851562 163.15470886230469 1716 145.14796447753906 177.02755737304688 1304 151.19769287109375 203.1888427734375 1683 177.8162841796875 215.04197692871094 1743 146.93559265136719 242.89547729492188 -1 151.47581481933594 120.90634918212891 -1 178.42759704589844 151.63861083984375 1073 93.306312561035156 161.08120727539062 1834 151.19769287109375 203.1888427734375 1684 154.18588256835938 91.05181884765625 315 94.531982421875 214.51039123535156 1610 22.097734451293945 141.19132995605469 1191 156.68000793457031 78.80712890625 9 59.79229736328125 147.32386779785156 1875 149.72335815429688 183.5626220703125 1685 156.72702026367188 129.09666442871094 1651 151.77365112304688 103.67337799072266 57 112.57933044433594 203.11808776855469 1612 133.34671020507812 207.79475402832031 1606 112.57933044433594 203.11808776855469 1550 149.72335815429688 183.5626220703125 2035 156.72702026367188 129.09666442871094 1752 100.28388977050781 223.87904357910156 1718 175.53224182128906 66.035263061523438 -1 193.66273498535156 54.54595947265625 -1 169.56840515136719 52.179424285888672 75 122.96872711181641 8.8350887298583984 -1 104.74763488769531 234.03619384765625 -1 104.74763488769531 234.03619384765625 1689 217.88101196289062 102.42900085449219 1719 162.72285461425781 187.2994384765625 1339 161.91679382324219 199.48126220703125 1672 142.42866516113281 207.43586730957031 1557 124.68049621582031 213.86430358886719 1616 166.7286376953125 35.885105133056641 566 134.01629638671875 220.06594848632812 1581 197.80116271972656 50.547313690185547 -1 197.80116271972656 50.547313690185547 -1 164.70448303222656 142.15977478027344 1385 101.40982818603516 63.046516418457031 1690 161.61367797851562 92.000984191894531 -1 124.11170196533203 177.69938659667969 -1 82.307106018066406 146.54823303222656 1187 82.307106018066406 146.54823303222656 1033 174.82730102539062 95.742721557617188 2111 168.74430847167969 91.990753173828125 36 168.74430847167969 91.990753173828125 1495 174.82730102539062 95.742721557617188 2110 106.21533203125 106.11418914794922 1691 232.71925354003906 113.62284088134766 1519 17.264806747436523 131.24717712402344 1203 136.42170715332031 227.13125610351562 1634 164.70448303222656 142.15977478027344 1383 82.307106018066406 146.54823303222656 1187 188.24256896972656 165.76460266113281 1755 242.30082702636719 96.745323181152344 -1 161.61367797851562 92.000984191894531 -1 124.11170196533203 177.69938659667969 1721 124.68049621582031 213.86430358886719 1693 103.55101013183594 51.2353515625 1792 189.961669921875 62.608692169189453 -1 156.37138366699219 63.063945770263672 1694 169.9105224609375 63.186305999755859 80 92.657035827636719 75.282005310058594 -1 205.74349975585938 84.556571960449219 1473 239.14993286132812 89.403434753417969 -1 208.10629272460938 92.209609985351562 -1 70.04168701171875 92.477119445800781 1520 179.93594360351562 94.412666320800781 506 211.84236145019531 97.01312255859375 -1 51.966133117675781 106.51814270019531 2109 55.921810150146484 108.19130706787109 1210 247.96588134765625 111.22941589355469 -1 221.46463012695312 111.55978393554688 -1 164.14529418945312 117.28822326660156 -1 101.91565704345703 119.66046142578125 1121 22.118144989013672 134.217041015625 1214 74.913604736328125 134.44926452636719 1213 187.47882080078125 181.859375 -1 168.74565124511719 184.91213989257812 1659 139.04864501953125 209.84954833984375 -1 155.34117126464844 219.65071105957031 1695 46.735591888427734 110.24734497070312 1922 96.812362670898438 11.027563095092773 -1 110.36244201660156 24.461015701293945 1802 121.85190582275391 27.168882369995117 -1 160.06179809570312 30.923250198364258 -1 177.56349182128906 41.977333068847656 -1 156.37138366699219 63.063945770263672 -1 205.74349975585938 84.556571960449219 1474 55.921810150146484 108.19130706787109 2109 187.47882080078125 181.859375 -1 168.74565124511719 184.91213989257812 1311 234.78485107421875 90.455375671386719 -1 217.53202819824219 103.79795837402344 -1 105.60073089599609 116.42791748046875 940 4.051755428314209 117.73731231689453 1698 240.6842041015625 117.96849060058594 1620 149.59292602539062 84.882400512695312 -1 100.41785430908203 123.99610900878906 1667 105.98423767089844 131.45790100097656 1322 189.40629577636719 179.70571899414062 -1 34.071964263916016 181.04705810546875 1386 77.873390197753906 86.91156005859375 1936 166.07704162597656 205.35624694824219 1570 48.012741088867188 206.56027221679688 1665 160.33206176757812 219.50552368164062 1568 105.98423767089844 131.45790100097656 1662 177.26191711425781 196.80552673339844 1565 4.6792621612548828 235.3656005859375 -1 114.08025360107422 2.3128490447998047 1919 103.36712646484375 72.071884155273438 1476 201.43521118164062 84.431358337402344 1562 189.40629577636719 179.70571899414062 -1 221.64596557617188 76.051185607910156 -1 83.552177429199219 82.841728210449219 -1 201.43521118164062 84.431358337402344 1125 139.92349243164062 182.0379638671875 1340 80.038063049316406 195.72694396972656 -1 42.440681457519531 200.62696838378906 1699 163.46115112304688 215.84904479980469 1700 70.821022033691406 177.57415771484375 -1 148.20185852050781 168.94868469238281 1341 105.61977386474609 166.46253967285156 -1 188.42304992675781 156.52046203613281 1469 73.487632751464844 144.9627685546875 1310 245.86442565917969 120.01111602783203 1245 193.90803527832031 111.81165313720703 -1 171.95254516601562 89.679885864257812 842 189.42088317871094 61.11822509765625 -1 9.4501714706420898 4.3367595672607422 -1 172.44657897949219 60.269378662109375 -1 145.1583251953125 41.680255889892578 -1 105.61977386474609 166.46253967285156 -1 80.038063049316406 195.72694396972656 -1 157.0635986328125 219.08010864257812 1807 188.9710693359375 54.385059356689453 -1 183.49617004394531 69.582130432128906 -1 192.41819763183594 51.376022338867188 -1 145.1583251953125 41.680255889892578 -1 168.03343200683594 35.438041687011719 566 157.0635986328125 219.08010864257812 1727 2.3610656261444092 231.45124816894531 -1 65.382827758789062 252.46214294433594 -1 109.09625244140625 179.74859619140625 -1 
123 0.99480162599002475 0.08476011399466464 0.056091916397677528 -0.0062565899698061676 -1.8424238802203465 -0.67060631427766704 1.8517093763724548 1 000118.png
218.49639892578125 116.68586730957031 1756 176.47268676757812 227.3985595703125 -1 101.945068359375 182.23014831542969 1412 101.945068359375 182.23014831542969 1481 120.63797760009766 85.25787353515625 1523 193.53019714355469 158.71604919433594 1594 145.51101684570312 38.107379913330078 1711 48.445655822753906 182.87429809570312 2113 48.445655822753906 182.87429809570312 1522 120.63797760009766 85.25787353515625 1499 81.3060302734375 17.550930023193359 -1 76.349769592285156 147.73101806640625 1414 76.349769592285156 147.73101806640625 1415 81.3060302734375 17.550930023193359 -1 45.183746337890625 32.447284698486328 -1 200.29661560058594 126.02643585205078 1066 224.96676635742188 147.8782958984375 989 106.43497467041016 234.03102111816406 1501 164.50393676757812 200.32955932617188 1455 200.29661560058594 126.02643585205078 1542 200.29661560058594 126.02643585205078 851 105.65883636474609 188.06941223144531 -1 160.44094848632812 39.177417755126953 1856 116.4971923828125 24.95475959777832 2114 182.16558837890625 59.579914093017578 -1 59.200813293457031 9.7741365432739258 1171 96.52166748046875 66.240516662597656 -1 96.52166748046875 66.240516662597656 -1 109.16115570068359 153.76759338378906 990 157.60092163085938 170.9261474609375 -1 144.9779052734375 190.21000671386719 1331 102.87840270996094 204.54525756835938 1374 126.01979827880859 238.25187683105469 1543 157.60092163085938 170.9261474609375 -1 126.01979827880859 238.25187683105469 -1 241.84761047363281 125.22509765625 955 195.24420166015625 58.388141632080078 -1 153.85392761230469 58.108562469482422 -1 205.66159057617188 53.091182708740234 -1 147.30616760253906 204.74749755859375 1304 159.50852966308594 221.01792907714844 1419 181.80796813964844 189.55482482910156 1149 165.91630554199219 187.93283081054688 1334 170.28060913085938 175.70248413085938 1030 153.85392761230469 58.108562469482422 -1 167.53057861328125 80.031883239746094 142 212.58641052246094 101.74351501464844 807 220.86215209960938 127.94891357421875 849 167.53057861328125 80.031883239746094 49 212.58641052246094 101.74351501464844 806 238.14118957519531 156.62165832519531 1071 246.99211120605469 137.49929809570312 1526 139.23869323730469 171.29438781738281 1332 81.993705749511719 172.38272094726562 1333 122.95351409912109 178.98663330078125 1538 179.61216735839844 178.65330505371094 1073 139.23869323730469 171.29438781738281 1427 81.993705749511719 172.38272094726562 1151 179.61216735839844 178.65330505371094 1874 90.479217529296875 186.55508422851562 1153 47.380519866943359 9.762761116027832 931 124.84820556640625 11.351500511169434 1981 52.881198883056641 24.294504165649414 1112 100.15325927734375 32.896739959716797 1822 9.683253288269043 39.689167022705078 1421 160.12551879882812 108.55735015869141 933 198.70237731933594 115.41966247558594 -1 195.22816467285156 205.31369018554688 -1 145.85935974121094 152.1322021484375 957 157.85728454589844 156.51197814941406 963 105.99443817138672 210.65084838867188 1381 73.796798706054688 176.46525573730469 -1 184.02462768554688 64.551628112792969 -1 30.789093017578125 27.645639419555664 -1 73.796798706054688 176.46525573730469 -1 165.62091064453125 215.48959350585938 1339 118.63967895507812 234.89566040039062 1550 161.53413391113281 91.685462951660156 -1 123.06795501708984 8.9566984176635742 -1 184.02462768554688 64.551628112792969 -1 193.24131774902344 54.092494964599609 -1 202.62295532226562 72.745246887207031 1458 156.58628845214844 79.143730163574219 9 161.53413391113281 91.685462951660156 -1 110.28148651123047 98.903091430664062 1792 152.141845703125 102.93610382080078 57 231.56501770019531 136.62754821777344 1519 166.56826782226562 35.915317535400391 566 105.70233917236328 39.210357666015625 -1 170.65840148925781 40.916801452636719 688 168.85304260253906 91.972747802734375 1495 153.37310791015625 212.68574523925781 1685 109.58930206298828 23.659229278564453 1802 86.227081298828125 178.85215759277344 1187 150.53642272949219 147.34016418457031 1170 5.8181371688842773 147.70416259765625 -1 168.85304260253906 91.972747802734375 36 86.227081298828125 178.85215759277344 1033 170.65840148925781 40.916801452636719 -1 166.56826782226562 35.915317535400391 -1 103.70382690429688 81.235336303710938 -1 25.260404586791992 172.62429809570312 1191 165.45223999023438 170.36930847167969 1385 20.935182571411133 163.66668701171875 1203 155.88662719726562 148.68614196777344 1462 150.53642272949219 147.34016418457031 1075 5.8181371688842773 147.70416259765625 1698 239.96041870117188 144.7890625 1245 165.45223999023438 170.36930847167969 1383 205.67350769042969 114.5928955078125 939 198.70263671875 111.47946929931641 -1 174.58157348632812 95.322265625 2110 174.58157348632812 95.322265625 2111 228.74839782714844 141.56838989257812 1519 155.65345764160156 63.533920288085938 -1 155.65345764160156 63.533920288085938 -1 155.65345764160156 63.533920288085938 -1 142.06460571289062 210.60211181640625 1340 100.29902648925781 8.9690046310424805 -1 50.722553253173828 17.424942016601562 1563 56.744171142578125 17.163490295410156 795 61.662921905517578 17.767837524414062 1425 37.887886047363281 25.773296356201172 1140 27.27110481262207 32.944362640380859 992 12.880046844482422 35.750892639160156 1431 1.9948588609695435 36.869609832763672 1617 15.810344696044922 38.849964141845703 1159 3.0679066181182861 46.035480499267578 1564 168.45918273925781 59.061103820800781 -1 177.24044799804688 60.682994842529297 -1 169.88685607910156 63.103633880615234 80 151.45391845703125 75.346870422363281 -1 179.96620178222656 94.158599853515625 506 164.09629821777344 102.43408203125 11 58.541210174560547 136.48295593261719 1210 111.81423950195312 146.77072143554688 1002 104.20230102539062 149.60501098632812 1121 108.45710754394531 161.93516540527344 1322 25.337711334228516 166.29159545898438 1214 78.262031555175781 166.91831970214844 1213 88.095840454101562 167.38987731933594 1204 166.82539367675781 176.38185119628906 1215 151.12876892089844 197.7799072265625 1341 142.73834228515625 197.98857116699219 1252 171.28450012207031 213.81825256347656 1311 123.02534484863281 245.70216369628906 -1 102.56427764892578 154.55244445800781 1667 194.13127136230469 207.31927490234375 1705 194.13127136230469 207.31927490234375 1566 100.29902648925781 8.9690046310424805 1801 37.887886047363281 25.773296356201172 -1 151.45391845703125 75.346870422363281 -1 164.09629821777344 102.43408203125 -1 164.09629821777344 102.43408203125 -1 58.541210174560547 136.48295593261719 2109 71.43023681640625 120.84754943847656 1520 59.352069854736328 131.47933959960938 1656 110.36979675292969 131.58029174804688 1691 49.552017211914062 140.24325561523438 1922 107.78806304931641 146.15605163574219 940 76.935195922851562 177.54707336425781 1310 189.66299438476562 182.795166015625 1469 166.23971557617188 204.02357482910156 1434 114.42749786376953 2.41552734375 1919 197.17568969726562 60.625808715820312 -1 44.787002563476562 20.364534378051758 1089 12.051731109619141 29.540750503540039 1668 8.8932075500488281 31.313325881958008 1668 172.80233764648438 79.648887634277344 1514 246.50563049316406 90.516815185546875 1092 93.712547302246094 100.83602905273438 -1 243.04045104980469 138.79635620117188 1031 202.19142150878906 107.26764678955078 1473 179.5994873046875 226.05625915527344 1565 140.12031555175781 252.32856750488281 -1 131.29472351074219 232.28974914550781 1464 178.11634826660156 234.42817687988281 1615 140.12031555175781 252.32856750488281 1581 8.8932075500488281 31.313325881958008 1465 202.19142150878906 107.26764678955078 1474 118.7113037109375 243.54710388183594 1552 173.94818115234375 235.05157470703125 -1 171.85023498535156 238.31047058105469 -1 130.41633605957031 242.35371398925781 1616 118.7113037109375 243.54710388183594 1551 164.57353210449219 249.75100708007812 1568 243.04045104980469 138.79635620117188 1029 233.487060546875 81.590347290039062 -1 230.1485595703125 79.363883972167969 -1 226.45075988769531 76.879531860351562 -1 230.49180603027344 75.936134338378906 -1 216.0753173828125 69.907463073730469 -1 213.01504516601562 67.705818176269531 -1 209.56434631347656 65.580543518066406 -1 171.91954040527344 89.640533447265625 842 201.56503295898438 60.483009338378906 -1 172.54072570800781 60.251308441162109 -1 198.75033569335938 58.567996978759766 -1 190.45457458496094 57.539215087890625 -1 198.60067749023438 55.292877197265625 -1 188.99099731445312 54.518314361572266 -1 192.38236999511719 51.324047088623047 -1 189.42288208007812 61.090831756591797 -1 173.86958312988281 50.435344696044922 -1 167.92222595214844 35.559440612792969 566 6.0536031723022461 34.461719512939453 -1 24.516143798828125 27.075851440429688 -1 44.351646423339844 23.554347991943359 -1 47.885654449462891 22.121469497680664 -1 105.70403289794922 7.0539355278015137 -1 198.90513610839844 107.72122955322266 1125 175.19453430175781 167.04508972167969 1093 24.516143798828125 27.075851440429688 -1 163.99972534179688 178.99212646484375 -1 167.92222595214844 35.559440612792969 -1 173.86958312988281 50.435344696044922 -1 192.38236999511719 51.324047088623047 -1 198.90513610839844 107.72122955322266 1562 175.19453430175781 167.04508972167969 1095 164.89129638671875 222.03778076171875 1629 133.39004516601562 183.31086730957031 -1 171.85258483886719 208.24923706054688 -1 6.0536031723022461 34.461719512939453 -1 164.89129638671875 222.03778076171875 1631 176.29423522949219 231.57276916503906 1569 163.16738891601562 103.587158203125 933 53.2740478515625 13.590396881103516 870 251.23017883300781 93.965560913085938 -1 101.84352111816406 94.360855102539062 1626 96.488166809082031 98.872611999511719 -1 236.28602600097656 83.703178405761719 -1 169.75091552734375 235.19769287109375 1570 209.01368713378906 95.250984191894531 -1 
124 0.99490161362794061 0.081144542347833942 0.059614835491219188 -0.0056933151182383002 -1.8317731653557265 -0.69987758196898087 1.869161856987434 1 000121.png
217.34642028808594 107.93122100830078 1756 95.116836547851562 167.09931945800781 1646 145.26870727539062 36.965862274169922 1711 47.164478302001953 162.08627319335938 2113 47.164478302001953 162.08627319335938 1522 194.97746276855469 144.04190063476562 1647 194.97746276855469 144.04190063476562 -1 194.97746276855469 144.04190063476562 1594 91.554458618164062 24.833522796630859 -1 162.9840087890625 180.10511779785156 1455 102.08959197998047 211.64556884765625 1501 102.08959197998047 211.64556884765625 1595 144.68588256835938 210.8133544921875 1819 101.43896484375 183.98335266113281 1374 123.38784027099609 218.26206970214844 1543 101.43896484375 183.98335266113281 1648 116.59830474853516 25.186122894287109 2114 44.883510589599609 192.19747924804688 1865 127.40952301025391 14.681522369384766 1981 145.24795532226562 184.2957763671875 1304 167.5772705078125 79.931610107421875 49 157.25775146484375 200.8658447265625 1419 163.41600036621094 245.82948303222656 -1 215.29396057128906 87.140380859375 1740 107.41284942626953 133.68605041503906 990 132.66636657714844 178.3558349609375 -1 117.91899108886719 233.97825622558594 1598 162.98342895507812 97.647666931152344 2124 245.88568115234375 111.00779724121094 1771 212.50941467285156 140.22599792480469 -1 162.47651672363281 148.6929931640625 1599 169.5555419921875 157.41471862792969 1030 140.82331848144531 161.52207946777344 1741 181.20297241210938 170.92233276367188 1149 167.5772705078125 79.931610107421875 142 90.32342529296875 176.01371765136719 -1 183.40127563476562 61.397739410400391 -1 152.34271240234375 212.135009765625 1683 100.32266998291016 31.839935302734375 1822 163.20742797851562 35.612098693847656 -1 100.52699279785156 67.688163757324219 1690 175.94659423828125 67.833656311035156 -1 178.86392211914062 159.64981079101562 1874 88.316230773925781 164.21945190429688 1153 95.347373962402344 170.91151428222656 1834 178.86392211914062 159.64981079101562 1073 95.347373962402344 170.91151428222656 1834 95.347373962402344 170.91151428222656 1601 80.113510131835938 150.01544189453125 1333 134.990966796875 215.78062438964844 1606 16.744974136352539 9.96881103515625 -1 124.62679290771484 11.058677673339844 1981 97.280967712402344 224.634521484375 1610 169.46998596191406 52.152610778808594 75 193.6375732421875 54.478782653808594 -1 175.41290283203125 65.950950622558594 -1 151.83988952636719 103.63311767578125 57 156.65257263183594 78.853507995605469 9 39.647300720214844 7.7006502151489258 -1 239.97062683105469 95.083480834960938 -1 157.36680603027344 137.47529602050781 963 222.76458740234375 82.410926818847656 -1 154.16796875 91.414497375488281 315 103.11338806152344 233.73139953613281 1720 107.43402099609375 243.81379699707031 1689 151.08116149902344 192.10572814941406 1685 114.93149566650391 212.62673950195312 1550 61.739849090576172 157.02581787109375 1875 115.97502136230469 9.6543464660644531 -1 151.08116149902344 192.10572814941406 2035 157.36680603027344 137.47529602050781 1651 114.93149566650391 212.62673950195312 1612 19.440500259399414 139.75309753417969 1203 161.60292053222656 91.409492492675781 -1 163.73115539550781 207.70245361328125 1672 168.70893859863281 91.912925720214844 1495 165.1807861328125 150.70535278320312 1385 174.83467102050781 95.543739318847656 2111 168.70893859863281 91.912925720214844 36 184.29171752929688 64.928367614746094 -1 104.00051879882812 190.09138488769531 1381 188.64753723144531 173.78831481933594 1755 84.146003723144531 156.56449890136719 1187 174.83467102050781 95.543739318847656 2110 105.43758392333984 96.320343017578125 1748 184.29171752929688 64.928367614746094 -1 84.146003723144531 156.56449890136719 1033 84.146003723144531 156.56449890136719 1187 156.89830017089844 130.27357482910156 1655 165.1807861328125 150.70535278320312 1383 23.818178176879883 150.74412536621094 1191 107.24163055419922 115.04798889160156 1691 163.84684753417969 195.67819213867188 1339 241.93057250976562 128.82406616210938 1245 161.60292053222656 91.409492492675781 -1 25.200750350952148 143.47831726074219 1214 136.37945556640625 229.61810302734375 1581 204.92964172363281 91.152992248535156 1473 208.96279907226562 91.471755981445312 -1 200.62249755859375 93.501296997070312 1125 179.93797302246094 94.260543823242188 506 71.546524047851562 100.78314208984375 1520 59.118488311767578 110.76834869384766 1656 103.13209533691406 129.00433349609375 1121 101.16838073730469 133.60710144042969 1667 76.572029113769531 144.0440673828125 1213 143.06767272949219 169.15655517578125 -1 186.07760620117188 176.33889770507812 1755 149.62008666992188 177.34051513671875 1341 169.7244873046875 193.59016418457031 1311 144.74214172363281 216.37315368652344 1557 156.96195983886719 228.62846374511719 1695 57.484783172607422 117.13794708251953 1210 100.50839996337891 8.9186983108520508 1801 14.229106903076172 12.957784652709961 1668 110.29254913330078 23.859947204589844 1802 170.06471252441406 40.143112182617188 688 160.78846740722656 40.646549224853516 -1 189.93367004394531 62.716876983642578 -1 169.91035461425781 63.149055480957031 80 100.50839996337891 8.9186983108520508 -1 170.06471252441406 40.143112182617188 -1 204.92964172363281 91.152992248535156 1474 208.96279907226562 91.471755981445312 -1 57.484783172607422 117.13794708251953 2109 169.7244873046875 193.59016418457031 1659 10.247405052185059 13.52367115020752 1668 172.96275329589844 79.366127014160156 1514 93.999481201171875 82.967979431152344 2099 74.924995422363281 154.90237426757812 1310 141.4564208984375 176.97225952148438 -1 114.05640411376953 2.4515094757080078 1919 180.38322448730469 76.79620361328125 -1 6.8330698013305664 15.4775390625 -1 240.22166442871094 124.76701354980469 1620 5.1361031532287598 19.754793167114258 1617 167.79963684082031 52.734542846679688 -1 107.06689453125 141.03915405273438 1322 106.76859283447266 125.69609832763672 940 104.07245635986328 79.523597717285156 1476 187.66493225097656 191.57820129394531 1751 167.44302368164062 213.66775512695312 1570 140.85661315917969 219.04255676269531 -1 161.66925048828125 228.55154418945312 1568 6.9674129486083984 244.46743774414062 -1 155.25013732910156 44.791534423828125 -1 106.76859283447266 125.69609832763672 -1 140.85661315917969 219.04255676269531 -1 107.06689453125 141.03915405273438 1662 190.54891967773438 57.537567138671875 -1 192.427734375 51.343963623046875 -1 158.19635009765625 37.949501037597656 -1 155.7779541015625 36.819171905517578 -1 168.03706359863281 35.485309600830078 566 111.41403961181641 17.913154602050781 -1 42.732147216796875 2.9835069179534912 -1 189.38294982910156 164.78768920898438 1469 174.00492858886719 211.37225341796875 1569 86.872146606445312 214.06100463867188 1786 54.454246520996094 224.68199157714844 1665 152.42884826660156 66.91876220703125 1694 171.03073120117188 210.76490783691406 -1 168.03706359863281 35.485309600830078 -1 200.94541931152344 90.948379516601562 1125 86.872146606445312 214.06100463867188 1724 200.94541931152344 90.948379516601562 1562 171.86128234863281 89.609710693359375 842 189.40998840332031 60.930335998535156 -1 163.28846740722656 103.98475646972656 933 253.55296325683594 113.14046478271484 -1 152.58648681640625 138.68840026855469 -1 146.46577453613281 168.01969909667969 -1 172.50645446777344 60.214912414550781 -1 98.536285400390625 236.3724365234375 1783 98.536285400390625 236.3724365234375 1781 204.00715637207031 58.737178802490234 -1 189.13554382324219 54.416759490966797 -1 154.02009582519531 99.203262329101562 311 154.02009582519531 99.203262329101562 -1 
125 0.99508954872121202 0.076470257505789188 0.062043474712627618 -0.0099848379253998625 -1.8310403133866076 -0.74184572715744523 1.8833357550333756 1 000127.png
170.47663879394531 203.70748901367188 1765 89.036712646484375 220.02012634277344 1766 212.04331970214844 79.838905334472656 -1 201.60989379882812 109.75821685791016 1937 130.06248474121094 226.78594970703125 -1 100.09357452392578 142.5628662109375 1648 106.97121429443359 190.84506225585938 1712 145.42742919921875 191.684326171875 1819 132.34931945800781 20.120553970336914 -1 155.40237426757812 175.06181335449219 1837 134.07563781738281 84.901008605957031 -1 156.24331665039062 111.95418548583984 -1 86.872650146484375 153.60420227050781 1878 117.435302734375 175.785400390625 -1 117.66490173339844 25.951547622680664 2114 176.88763427734375 69.322296142578125 -1 167.60791015625 79.991073608398438 49 170.32955932617188 115.88943481445312 1714 155.87223815917969 157.80661010742188 1793 129.4937744140625 172.51510620117188 1821 182.50247192382812 129.79412841796875 1149 182.50247192382812 129.79412841796875 1770 155.87223815917969 157.80661010742188 1419 155.87223815917969 157.80661010742188 1838 167.60791015625 79.991073608398438 142 170.32955932617188 115.88943481445312 1030 164.11906433105469 36.502986907958984 1856 124.77774047851562 11.020627021789551 1981 100.42655181884766 29.820812225341797 1822 103.53823852539062 92.228721618652344 1823 161.83108520507812 96.065200805664062 2124 76.071929931640625 106.49069213867188 1333 179.90086364746094 118.48926544189453 1874 84.495895385742188 120.31364440917969 1153 91.695960998535156 126.68923187255859 1834 150.53477478027344 167.65855407714844 1684 140.77627563476562 170.60653686523438 1935 123.36763763427734 235.72647094726562 1825 161.83108520507812 96.065200805664062 -1 91.695960998535156 126.68923187255859 1773 150.53477478027344 167.65855407714844 1683 140.77627563476562 170.60653686523438 1935 156.65016174316406 78.759788513183594 9 102.33413696289062 219.13233947753906 1798 154.23094177246094 90.881301879882812 315 19.128025054931641 110.22682952880859 1191 169.86137390136719 52.156417846679688 75 193.33721923828125 53.827281951904297 -1 61.718227386474609 130.94131469726562 1716 19.128025054931641 110.22682952880859 1797 163.16912841796875 152.000244140625 1339 98.010444641113281 187.36430358886719 1718 103.02005004882812 197.76957702636719 1720 47.024642944335938 89.4500732421875 -1 168.44056701660156 92.06829833984375 1495 174.63572692871094 96.017204284667969 2110 79.973358154296875 113.13513946533203 1187 58.306865692138672 116.69522094726562 1875 150.1998291015625 149.67634582519531 2035 169.48735046386719 149.94413757324219 1778 79.134231567382812 164.0086669921875 1803 195.32643127441406 146.12345886230469 1705 195.32643127441406 146.12345886230469 -1 195.32643127441406 146.12345886230469 -1 79.973358154296875 113.13513946533203 1033 79.973358154296875 113.13513946533203 1187 174.63572692871094 96.017204284667969 2111 168.44056701660156 92.06829833984375 36 187.78652954101562 53.08843994140625 -1 134.32658386230469 26.98033332824707 -1 134.32658386230469 26.98033332824707 -1 108.96132659912109 209.64747619628906 1775 91.460502624511719 199.70292663574219 1827 55.546993255615234 192.66708374023438 2080 91.460502624511719 199.70292663574219 1828 111.50589752197266 23.512212753295898 1802 134.32658386230469 26.98033332824707 -1 166.2664794921875 35.81732177734375 566 187.78652954101562 53.08843994140625 -1 169.48735046386719 149.94413757324219 1659 102.75177764892578 75.183631896972656 1691 82.980857849121094 171.64280700683594 1786 197.99674987792969 61.210712432861328 -1 190.15365600585938 62.579334259033203 -1 170.00726318359375 63.092361450195312 80 60.222480773925781 69.242897033691406 1835 53.811855316162109 78.280349731445312 2109 179.81265258789062 94.491958618164062 506 14.661323547363281 101.559814453125 1203 82.947586059570312 102.24212646484375 1204 19.417098999023438 103.3746337890625 1214 176.60311889648438 106.62718963623047 -1 190.99711608886719 122.98443603515625 1469 161.46238708496094 164.79315185546875 1672 155.54719543457031 184.20574951171875 2108 138.84300231933594 186.03482055664062 1772 101.7957763671875 205.88969421386719 1830 114.45463562011719 228.45999145507812 1842 120.80935668945312 231.78057861328125 1804 95.872840881347656 195.03448486328125 -1 149.19114685058594 151.71925354003906 -1 101.07376861572266 8.4268226623535156 1801 139.43984985351562 18.020824432373047 -1 115.67861175537109 30.746074676513672 1930 101.07376861572266 8.4268226623535156 -1 197.99674987792969 61.210712432861328 -1 190.15365600585938 62.579334259033203 -1 53.811855316162109 78.280349731445312 1210 19.417098999023438 103.3746337890625 1831 176.60311889648438 106.62718963623047 -1 120.80935668945312 231.78057861328125 1845 159.93370056152344 184.908203125 1776 93.024703979492188 189.29432678222656 -1 151.40562438964844 195.5499267578125 -1 140.96852111816406 208.03120422363281 1808 68.822715759277344 63.43505859375 1520 133.37083435058594 217.36549377441406 -1 115.25312805175781 223.25201416015625 -1 115.53725433349609 23.163942337036133 -1 99.350440979003906 91.416587829589844 1667 104.01559448242188 98.328468322753906 1662 188.73402404785156 53.933620452880859 -1 128.06796264648438 21.881025314331055 -1 115.53725433349609 23.163942337036133 -1 93.024703979492188 189.29432678222656 1832 20.076059341430664 99.16656494140625 1209 191.154541015625 146.18391418457031 1754 55.644191741943359 73.281570434570312 1656 70.8192138671875 148.45545959472656 1833 112.37873840332031 22.925138473510742 -1 166.32269287109375 170.63127136230469 1806 188.73402404785156 53.933620452880859 -1 71.915084838867188 101.60404968261719 1213 128.06796264648438 21.881025314331055 -1 127.88863372802734 224.37522888183594 1811 136.42706298828125 214.2435302734375 -1 184.86198425292969 154.60069274902344 1751 70.3607177734375 109.9326171875 1310 168.93377685546875 96.668807983398438 -1 171.96199035644531 89.662063598632812 842 168.01856994628906 60.226863861083984 -1 190.5892333984375 57.433219909667969 -1 198.58169555664062 55.242790222167969 -1 111.99102783203125 31.356208801269531 2143 168.01856994628906 60.226863861083984 1645 3.1285374164581299 89.786155700683594 1698 192.40406799316406 51.322834014892578 -1 134.35494995117188 17.985149383544922 -1 192.40406799316406 51.322834014892578 -1 156.98558044433594 183.89646911621094 2108 125.23247528076172 228.10408020019531 -1 191.78762817382812 127.23460388183594 -1 253.94937133789062 91.388107299804688 -1 191.78762817382812 127.23460388183594 -1 
126 0.99519041304523514 0.077110549820733454 0.060200837561193279 -0.0050856706666232276 -1.8331721381059325 -0.72742285517177596 1.8752996956137586 1 000124.png
167.92695617675781 212.7178955078125 1765 215.70469665527344 94.880050659179688 1756 87.554847717285156 232.40516662597656 1766 119.579345703125 85.63848876953125 1738 124.13334655761719 135.79278564453125 1854 43.725727081298828 141.82379150390625 1522 119.579345703125 85.63848876953125 -1 43.725727081298828 141.82379150390625 2113 141.23966979980469 30.424041748046875 -1 196.46037292480469 127.11080932617188 1647 92.887954711914062 22.801715850830078 1736 162.203125 159.81118774414062 1455 98.163215637207031 189.63624572753906 1595 121.09068298339844 197.92947387695312 1543 148.70960998535156 197.5556640625 1680 162.203125 159.81118774414062 1739 98.163215637207031 189.63624572753906 1501 98.672248840332031 162.70785522460938 1481 106.20757293701172 211.92861938476562 1712 98.672248840332031 162.70785522460938 1374 116.72383117675781 25.470615386962891 2114 189.37030029296875 82.928573608398438 1769 189.37030029296875 82.928573608398438 1768 176.66938781738281 69.38836669921875 -1 167.66619873046875 79.871200561523438 49 167.66619873046875 79.871200561523438 52 180.10481262207031 151.09103393554688 1770 104.80472564697266 112.40204620361328 990 168.43865966796875 137.21556091308594 1030 180.10481262207031 151.09103393554688 1149 154.39620971679688 179.66160583496094 1419 184.175537109375 57.763954162597656 -1 37.967182159423828 66.768669128417969 1742 168.43865966796875 137.21556091308594 1714 106.84255218505859 57.354423522949219 -1 226.910888671875 97.386482238769531 -1 76.622024536132812 127.10921478271484 1333 108.30971527099609 131.82748413085938 1715 177.85417175292969 139.80807495117188 1874 84.621116638183594 141.32601928710938 1153 91.669723510742188 147.77127075195312 1834 62.543594360351562 150.71711730957031 1716 149.6385498046875 190.19766235351562 1683 51.198158264160156 43.873481750488281 1858 91.669723510742188 147.77127075195312 1834 51.198158264160156 43.873481750488281 -1 91.669723510742188 147.77127075195312 1773 165.00999450683594 36.006752014160156 566 149.6385498046875 190.19766235351562 1684 124.66545104980469 11.023547172546387 1981 110.52855682373047 189.22242736816406 1612 92.28643798828125 200.54096984863281 1610 154.17681884765625 90.726036071777344 315 122.72010803222656 202.96392822265625 1774 137.70037841796875 204.56867980957031 1772 110.52855682373047 189.22242736816406 1550 131.73814392089844 207.0460205078125 1581 111.20493316650391 208.90513610839844 1598 97.761611938476562 209.78654479980469 1718 138.40646362304688 173.70402526855469 -1 116.21385192871094 10.618749618530273 -1 218.44148254394531 91.54779052734375 1719 138.40646362304688 173.70402526855469 1935 156.65226745605469 78.753898620605469 9 193.58810424804688 54.339443206787109 -1 169.65547180175781 52.338607788085938 75 116.21385192871094 10.618749618530273 -1 102.47483825683594 221.07315063476562 1720 161.56852722167969 174.16162109375 1339 122.72010803222656 202.96392822265625 1616 57.735843658447266 133.62973022460938 -1 57.735843658447266 133.62973022460938 -1 116.21385192871094 10.618749618530273 -1 104.56390380859375 94.674064636230469 1691 80.391136169433594 133.69949340820312 1187 80.391136169433594 133.69949340820312 1033 19.656547546386719 128.54780578613281 1797 174.7529296875 95.921470642089844 2111 168.26878356933594 91.731491088867188 36 202.13223266601562 74.778572082519531 1562 110.64608001708984 23.591941833496094 1802 141.67120361328125 40.326251983642578 -1 80.391136169433594 133.69949340820312 1187 202.13223266601562 74.778572082519531 -1 168.26878356933594 91.731491088867188 1495 108.31980133056641 233.26466369628906 -1 174.7529296875 95.921470642089844 2110 164.81195068359375 102.78583526611328 11 161.68667602539062 91.529998779296875 -1 108.31980133056641 233.26466369628906 1775 151.69908142089844 103.51982879638672 57 19.656547546386719 128.54780578613281 1191 161.68667602539062 91.529998779296875 -1 164.279052734375 130.6783447265625 1383 173.27279663085938 155.19900512695312 -1 206.94473266601562 74.004241943359375 -1 206.94473266601562 74.004241943359375 -1 177.75772094726562 42.101150512695312 -1 188.26629638671875 53.851852416992188 -1 190.076171875 62.532371520996094 -1 169.98257446289062 63.137821197509766 80 202.19963073730469 73.861488342285156 -1 81.109603881835938 76.984703063964844 1936 68.935150146484375 81.538917541503906 1520 211.86387634277344 91.121055603027344 -1 179.90518188476562 94.427146911621094 506 241.94735717773438 106.81145477294922 1620 100.53015899658203 107.14042663574219 1121 108.19827270507812 117.31692504882812 1749 15.78461742401123 119.76575469970703 1203 20.738681793212891 121.63014984130859 1214 72.532569885253906 121.81349945068359 1213 83.329803466796875 123.489990234375 1204 147.63533020019531 163.53523254394531 1779 167.59010314941406 172.45536804199219 1659 159.51313781738281 187.06101989746094 1672 141.35469055175781 194.11741638183594 1557 121.16844177246094 173.29241943359375 1721 101.86830139160156 62.240947723388672 1476 100.52896881103516 8.6002254486083984 1801 111.47359466552734 10.840114593505859 -1 153.30999755859375 26.78369140625 -1 144.61271667480469 36.852718353271484 -1 100.52896881103516 8.6002254486083984 -1 188.26629638671875 53.851852416992188 -1 190.076171875 62.532371520996094 -1 202.19963073730469 73.861488342285156 -1 81.109603881835938 76.984703063964844 1475 241.94735717773438 106.81145477294922 1785 147.63533020019531 163.53523254394531 -1 167.59010314941406 172.45536804199219 1778 124.4564208984375 186.87832641601562 1464 171.51412963867188 190.4598388671875 1569 82.247146606445312 191.302978515625 1786 164.94688415527344 192.48103332519531 1570 158.57615661621094 206.82853698730469 1776 148.70887756347656 219.84442138671875 -1 145.61470031738281 180.24610900878906 -1 114.25897979736328 2.0934224128723145 1919 139.10833740234375 32.651470184326172 -1 76.945388793945312 76.135467529296875 1936 149.5562744140625 85.04107666015625 -1 99.393203735351562 111.91016387939453 1667 104.5640869140625 118.97245025634766 1662 82.247146606445312 191.302978515625 1724 148.70887756347656 219.84442138671875 -1 51.457870483398438 94.988166809082031 2109 21.225166320800781 117.26361846923828 1209 104.5640869140625 118.97245025634766 1322 32.544349670410156 162.44313049316406 1386 189.32925415039062 167.15530395507812 1754 179.77444458007812 179.62776184082031 -1 189.38526916503906 60.849014282226562 -1 190.55142211914062 57.469818115234375 -1 192.368896484375 51.368030548095703 -1 138.27369689941406 36.729362487792969 -1 46.984371185302734 203.16256713867188 1863 149.2867431640625 26.530445098876953 -1 149.68678283691406 23.37285041809082 -1 136.12265014648438 11.959505081176758 -1 101.61190795898438 223.57807922363281 1784 145.01890563964844 29.12822151184082 -1 155.55105590820312 205.81520080566406 1727 55.622791290283203 216.38092041015625 1844 99.525070190429688 219.17596435546875 -1 98.813995361328125 223.35012817382812 -1 138.27369689941406 36.729362487792969 -1 192.368896484375 51.368030548095703 -1 86.175613403320312 198.86311340332031 -1 98.813995361328125 223.35012817382812 -1 126.15181732177734 190.50077819824219 -1 168.91752624511719 189.13552856445312 -1 73.865753173828125 174.93165588378906 1800 185.26466369628906 173.1485595703125 1751 85.067764282226562 74.130477905273438 -1 188.16116333007812 144.97929382324219 1469 3.8901100158691406 111.42725372314453 1782 104.93386840820312 104.72525787353516 940 171.89491271972656 89.599273681640625 842 73.16912841796875 79.379356384277344 -1 85.067764282226562 74.130477905273438 1847 189.125732421875 54.150287628173828 -1 
127 0.99511445043915459 0.076233769125716597 0.06212669540417512 -0.0087130184335366297 -1.8297978325714179 -0.73920964628933261 1.8836204374001959 1 000126.png
169.87298583984375 204.38720703125 1818 88.554664611816406 221.68455505371094 1766 212.81845092773438 82.856597900390625 -1 43.359745025634766 127.53512573242188 2113 43.359745025634766 127.53512573242188 1522 200.34486389160156 113.47354125976562 1647 130.40873718261719 230.71397399902344 -1 163.62417602539062 143.06231689453125 1455 99.659378051757812 146.29336547851562 1648 97.305503845214844 173.64515686035156 1595 150.9849853515625 181.58619689941406 1680 121.40898132324219 183.56349182128906 1543 163.62417602539062 143.06231689453125 1739 97.305503845214844 173.64515686035156 1501 133.8145751953125 21.872777938842773 -1 106.63840484619141 194.99276733398438 1712 90.723396301269531 12.782986640930176 1736 156.38188171386719 113.90774536132812 -1 82.727378845214844 139.38877868652344 1767 169.8433837890625 120.46292877197266 1714 181.85850524902344 134.33589172363281 1149 155.47659301757812 162.58607482910156 1419 126.21937561035156 13.009937286376953 1981 117.58866882324219 25.979148864746094 2114 35.490455627441406 51.71795654296875 1791 106.60977172851562 56.448005676269531 -1 176.89909362792969 69.413406372070312 -1 190.68702697753906 74.336830139160156 1768 167.58828735351562 79.963249206542969 49 216.29669189453125 110.33345031738281 -1 190.68702697753906 74.336830139160156 1769 167.58828735351562 79.963249206542969 142 169.8433837890625 120.46292877197266 1030 181.85850524902344 134.33589172363281 1770 155.47659301757812 162.58607482910156 1793 38.819774627685547 155.58183288574219 -1 91.369659423828125 131.07400512695312 1834 149.94584655761719 172.15159606933594 1684 140.31939697265625 173.59217834472656 1935 123.07560729980469 240.41334533691406 1825 91.369659423828125 131.07400512695312 1834 91.369659423828125 131.07400512695312 1773 161.65130615234375 95.668418884277344 -1 149.94584655761719 172.15159606933594 1683 247.87004089355469 91.303268432617188 1771 204.61375427246094 62.091548919677734 -1 140.31939697265625 173.59217834472656 1935 161.65130615234375 95.668418884277344 2124 103.73737335205078 96.420928955078125 1823 75.954216003417969 110.66496276855469 1333 179.44869995117188 123.08113098144531 1874 84.241600036621094 124.6016845703125 1153 166.18647766113281 35.825080871582031 566 61.468643188476562 134.94154357910156 1716 162.48626708984375 156.34806823730469 1339 110.48737335205078 172.04469299316406 1612 110.48737335205078 172.04469299316406 1550 139.17819213867188 189.67231750488281 1772 97.526664733886719 192.05903625488281 1718 102.28009033203125 202.20855712890625 1720 164.808349609375 113.78089141845703 1383 56.543869018554688 116.67394256591797 1875 116.68471527099609 11.134309768676758 -1 116.68471527099609 11.134309768676758 -1 156.65557861328125 78.741844177246094 9 193.472412109375 54.000400543212891 -1 169.66831970214844 52.337898254394531 75 116.68471527099609 11.134309768676758 -1 154.20845031738281 90.609367370605469 315 152.2230224609375 103.14665222167969 57 149.58390808105469 154.25021362304688 2035 197.24087524414062 63.660003662109375 -1 197.24087524414062 63.660003662109375 -1 187.76031494140625 53.046047210693359 -1 168.5047607421875 92.082687377929688 1495 79.763214111328125 117.29020690917969 1187 79.763214111328125 117.29020690917969 1033 18.610273361206055 113.71369171142578 1797 174.63092041015625 96.015266418457031 2111 168.5047607421875 92.082687377929688 36 174.63092041015625 96.015266418457031 2110 197.24087524414062 63.660003662109375 -1 249.70135498046875 98.649452209472656 -1 18.610273361206055 113.71369171142578 1191 79.763214111328125 117.29020690917969 1187 101.75053405761719 223.75495910644531 1798 97.507965087890625 216.11947631835938 1840 108.53485107421875 214.93717956542969 1775 58.571582794189453 121.50995635986328 -1 197.24087524414062 63.660003662109375 -1 187.76031494140625 53.046047210693359 -1 73.806800842285156 159.57008361816406 1800 101.12487030029297 8.3495159149169922 1801 142.44863891601562 19.82391357421875 -1 111.54331207275391 23.146928787231445 1802 115.71103668212891 30.584199905395508 1930 190.20341491699219 62.47125244140625 -1 169.97760009765625 63.128929138183594 80 68.921669006347656 66.67034912109375 1520 60.376670837402344 72.95672607421875 1835 220.81390380859375 76.026809692382812 -1 55.387485504150391 76.511398315429688 1656 103.39585113525391 78.774505615234375 1691 228.85110473632812 81.952751159667969 -1 53.548583984375 82.279319763183594 2109 179.85325622558594 94.490463256835938 506 20.416524887084961 102.22264862060547 1209 14.614538192749023 105.31723022460938 1203 190.13920593261719 127.29386138916016 1469 87.993721008300781 140.20205688476562 1920 168.91722106933594 154.98988342285156 1659 78.873344421386719 168.759033203125 1803 160.55619812011719 169.75137329101562 1672 113.76654052734375 233.47772216796875 1842 120.25591278076172 236.62551879882812 1804 153.66380310058594 190.23431396484375 2108 100.88582611083984 210.01423645019531 1830 101.12487030029297 8.3495159149169922 -1 190.20341491699219 62.47125244140625 -1 53.548583984375 82.279319763183594 1210 168.91722106933594 154.98988342285156 1778 120.25591278076172 236.62551879882812 1845 196.47309875488281 147.96466064453125 -1 190.50743103027344 150.79496765136719 1754 82.10455322265625 174.76383972167969 1786 165.92070007324219 175.23579406738281 1806 85.902191162109375 181.61485290527344 -1 156.32884216308594 188.33627319335938 1807 150.04843139648438 201.35752868652344 -1 98.2747802734375 204.85917663574219 1781 18.701286315917969 107.60904693603516 1214 76.496170043945312 61.475624084472656 1936 140.60763549804688 212.57676696777344 1808 138.06752014160156 215.77212524414062 1869 71.585586547851562 69.104034423828125 1870 25.084844589233398 103.01393127441406 -1 133.76040649414062 29.782644271850586 -1 124.49185943603516 232.37359619140625 -1 71.585586547851562 69.104034423828125 1520 196.47309875488281 147.96466064453125 -1 114.34061431884766 1.9537583589553833 1919 196.47309875488281 147.96466064453125 -1 85.902191162109375 181.61485290527344 -1 156.32884216308594 188.33627319335938 1727 140.60763549804688 212.57676696777344 1809 26.073980331420898 98.366966247558594 1810 25.084844589233398 103.01393127441406 -1 72.574432373046875 104.93388366699219 1213 18.701286315917969 107.60904693603516 1831 70.335975646972656 115.10531616210938 1310 99.38079833984375 95.535652160644531 1667 107.82203674316406 142.12541198730469 -1 127.95726776123047 228.32350158691406 1811 180.40861511230469 76.659095764160156 -1 3.8503220081329346 93.932174682617188 1698 98.2747802734375 204.85917663574219 1783 97.764945983886719 217.225341796875 -1 192.39178466796875 51.435226440429688 -1 128.92903137207031 28.651880264282227 -1 104.24884033203125 210.19952392578125 -1 133.0927734375 183.48849487304688 -1 149.49238586425781 146.70793151855469 1779 200.83918762207031 140.78050231933594 -1 90.665847778320312 125.01255035400391 -1 104.34937286376953 102.08967590332031 1662 168.97702026367188 96.605247497558594 -1 2.6687359809875488 96.868141174316406 -1 97.816032409667969 46.891651153564453 1626 137.23216247558594 19.997516632080078 -1 174.35385131835938 38.595554351806641 -1 171.9520263671875 89.619743347167969 842 147.38516235351562 80.618576049804688 1813 245.56475830078125 90.367874145507812 -1 184.65518188476562 72.643013000488281 -1 104.34937286376953 102.08967590332031 1322 149.49238586425781 146.70793151855469 2011 128.92903137207031 28.651880264282227 -1 214.90768432617188 70.029067993164062 -1 190.60540771484375 57.410957336425781 -1 192.39178466796875 51.435226440429688 -1 89.003997802734375 148.84181213378906 1986 
128 0.99509492818557743 0.076678841438850245 0.061869526252767072 -0.0088657146465755069 -1.831764290627024 -0.72657568727106225 1.88254870586957 1 000125.png
169.71739196777344 208.65098571777344 1765 214.85365295410156 89.748580932617188 1756 87.957763671875 226.88662719726562 1766 43.234153747558594 135.05711364746094 2113 119.60716247558594 82.631515502929688 1854 43.234153747558594 135.05711364746094 1522 130.66264343261719 240.5482177734375 -1 198.16514587402344 120.17443084716797 1647 91.768348693847656 19.828031539916992 1736 137.28973388671875 25.584199905395508 -1 162.8660888671875 151.33311462402344 1455 97.611015319824219 181.69354248046875 1595 121.29965209960938 189.922119140625 1543 149.847900390625 189.64608764648438 1680 97.611015319824219 181.69354248046875 1501 162.8660888671875 151.33311462402344 1739 99.020301818847656 154.39280700683594 1648 105.88677215576172 202.88127136230469 1712 117.03736877441406 25.643001556396484 2114 83.580657958984375 147.01847839355469 1767 168.11648559570312 79.10015869140625 142 36.583236694335938 59.146038055419922 1791 176.84599304199219 69.505416870117188 -1 191.05056762695312 77.147659301757812 1768 169.11747741699219 128.56878662109375 1030 180.9449462890625 142.53375244140625 1149 154.82347106933594 171.06575012207031 1419 129.75758361816406 175.28213500976562 1821 106.76685333251953 126.49360656738281 1715 191.05056762695312 77.147659301757812 1769 169.11747741699219 128.56878662109375 1714 180.9449462890625 142.53375244140625 1770 154.82347106933594 171.06575012207031 1793 104.15018463134766 104.01895141601562 1823 124.99337005615234 11.465305328369141 1981 106.88352966308594 57.911724090576172 -1 248.23973083496094 90.783348083496094 -1 161.90943908691406 96.038307189941406 2124 76.042236328125 118.59497833251953 1333 178.63723754882812 131.16850280761719 1874 84.235519409179688 132.64762878417969 1153 91.544914245605469 139.01998901367188 1834 61.986164093017578 142.48905944824219 1716 149.44723510742188 181.06584167480469 1683 177.03715515136719 194.23655700683594 1743 138.81285095214844 195.97908020019531 1772 91.544914245605469 139.01998901367188 1773 91.544914245605469 139.01998901367188 1834 149.44723510742188 181.06584167480469 1684 130.83444213867188 197.88037109375 1581 101.98363494873047 210.98606872558594 1720 193.53187561035156 54.231307983398438 -1 166.19383239746094 35.753902435302734 566 116.44444274902344 10.445437431335449 -1 169.61929321289062 52.457698822021484 75 116.44444274902344 10.445437431335449 -1 123.10027313232422 248.89466857910156 1825 204.40388488769531 62.608718872070312 -1 122.82373809814453 195.61726379394531 1693 116.44444274902344 10.445437431335449 -1 138.88182067871094 173.52162170410156 1935 110.14209747314453 180.27552795410156 1612 214.4991455078125 67.675537109375 1740 156.65115356445312 78.728874206542969 9 220.05650329589844 83.36572265625 -1 103.65383148193359 87.323219299316406 1691 154.18052673339844 90.624191284179688 315 161.94377136230469 165.00704956054688 1339 138.88182067871094 173.52162170410156 1935 110.14209747314453 180.27552795410156 1550 122.82373809814453 195.61726379394531 1774 97.27728271484375 200.83717346191406 1718 147.37594604492188 23.513893127441406 -1 115.76800537109375 30.070705413818359 1930 213.91337585449219 76.811744689941406 -1 168.49050903320312 92.018478393554688 1495 174.69766235351562 95.9532470703125 2110 18.806003570556641 120.80402374267578 1191 165.09852600097656 121.91087341308594 1383 79.809829711914062 125.22210693359375 1187 148.52458190917969 163.17230224609375 2035 146.29483032226562 173.76341247558594 -1 160.77529907226562 178.07818603515625 1672 91.902069091796875 192.03018188476562 1610 108.16715240478516 224.03155517578125 1775 79.809829711914062 125.22210693359375 1033 54.646541595458984 204.06059265136719 2080 18.806003570556641 120.80402374267578 1797 101.44115447998047 232.38336181640625 1798 15.050556182861328 111.34921264648438 1203 174.69766235351562 95.9532470703125 2111 168.49050903320312 92.018478393554688 36 174.07502746582031 146.94084167480469 -1 79.809829711914062 125.22210693359375 1187 101.44115447998047 232.38336181640625 -1 90.737312316894531 212.06980895996094 1827 90.737312316894531 212.06980895996094 1828 164.4215087890625 102.49458312988281 11 68.881134033203125 73.646125793457031 1520 137.72242736816406 80.610511779785156 -1 55.865936279296875 83.448944091796875 1656 54.318405151367188 88.927680969238281 2109 179.89651489257812 94.43035888671875 506 243.76441955566406 98.023109436035156 1620 100.57190704345703 98.936965942382812 1121 150.63349914550781 103.33472442626953 -1 20.740280151367188 109.20391845703125 1209 72.480575561523438 113.12055969238281 1213 82.610260009765625 114.42523956298828 1204 189.31077575683594 135.52066040039062 1469 187.03659057617188 161.93415832519531 1751 168.15447998046875 163.49966430664062 1659 150.25274658203125 178.08119201660156 -1 82.064483642578125 183.53096008300781 1786 119.63470458984375 245.60935974121094 1804 78.405540466308594 176.14785766601562 1803 158.693359375 198.09176635742188 1776 177.86614990234375 41.922645568847656 -1 188.13487243652344 53.291641235351562 -1 100.95698547363281 55.380989074707031 1476 190.14970397949219 62.489387512207031 -1 169.97200012207031 63.131488800048828 80 208.37284851074219 66.992568969726562 -1 188.13487243652344 53.291641235351562 -1 190.14970397949219 62.489387512207031 -1 54.318405151367188 88.927680969238281 1210 243.76441955566406 98.023109436035156 1785 168.15447998046875 163.49966430664062 1778 78.405540466308594 176.14785766601562 -1 82.064483642578125 183.53096008300781 1724 148.32635498046875 154.89137268066406 1779 70.129989624023438 160.01303100585938 1833 164.94114685058594 184.03950500488281 1806 62.112098693847656 223.45451354980469 1780 98.063674926757812 213.8746337890625 1781 139.31504821777344 222.32289123535156 1808 149.56269836425781 85.114227294921875 1813 97.607398986816406 53.427066802978516 1626 114.77535247802734 20.128154754638672 -1 161.30230712890625 77.491714477539062 -1 133.47576904296875 32.805240631103516 -1 101.59531402587891 214.43942260742188 1898 98.895263671875 103.12554931640625 1667 4.3405113220214844 105.4478759765625 1782 104.27082061767578 110.44069671630859 1322 148.32635498046875 154.89137268066406 2011 98.063674926757812 213.8746337890625 1783 139.31504821777344 222.32289123535156 1809 161.30230712890625 77.491714477539062 -1 114.27324676513672 2.0868136882781982 1919 25.857297897338867 105.57373046875 1810 104.27082061767578 110.44069671630859 1662 133.47576904296875 32.805240631103516 -1 9.8658170700073242 112.08003234863281 -1 101.59531402587891 214.43942260742188 1784 70.379714965820312 123.37149810791016 1310 103.59194946289062 51.3092041015625 -1 128.3033447265625 235.98533630371094 1811 107.14499664306641 230.59172058105469 -1 155.76171875 197.17153930664062 1727 184.80801391601562 166.04801940917969 1751 87.970932006835938 152.34342956542969 -1 154.25021362304688 99.125411987304688 311 171.96244812011719 89.597854614257812 842 206.54948425292969 63.394615173339844 -1 175.87528991699219 60.608127593994141 -1 188.92378234863281 54.138774871826172 -1 108.92877960205078 233.70036315917969 2044 75.125816345214844 253.07298278808594 -1 92.933380126953125 203.83810424804688 1832 182.25311279296875 97.127616882324219 -1 92.933380126953125 203.83810424804688 -1 190.57710266113281 57.428905487060547 -1 192.37580871582031 51.236522674560547 -1 188.92378234863281 54.138774871826172 -1 154.25021362304688 99.125411987304688 -1 155.76171875 197.17153930664062 1807 192.37580871582031 51.236522674560547 -1 103.87604522705078 219.46835327148438 -1 168.0352783203125 69.900627136230469 -1 168.09164428710938 35.263526916503906 566 
129 0.99514805956127539 0.075886865942175127 0.061315235951970762 -0.01272654584154858 -1.8342362243824994 -0.7414475635897988 1.8818940855247415 1 000128.png
44.510204315185547 119.08393859863281 2113 171.05282592773438 201.386962890625 1765 90.720947265625 217.93301391601562 1766 44.510204315185547 119.08393859863281 1522 131.23110961914062 214.15902709960938 1790 227.80084228515625 87.297386169433594 -1 203.74569702148438 103.19265747070312 1937 206.03134155273438 69.754470825195312 -1 70.553512573242188 81.026580810546875 -1 174.3643798828125 139.90966796875 -1 174.3643798828125 139.90966796875 -1 70.553512573242188 81.026580810546875 -1 101.24512481689453 135.02445983886719 1648 157.51031494140625 166.87367248535156 1892 107.6873779296875 184.06353759765625 1712 157.51031494140625 166.87367248535156 1837 157.46029663085938 149.83369445800781 1793 129.64897155761719 17.208641052246094 -1 134.03900146484375 84.918167114257812 -1 128.23655700683594 186.01066589355469 1976 157.46029663085938 149.83369445800781 1419 134.03900146484375 84.918167114257812 -1 157.46029663085938 149.83369445800781 1838 129.17619323730469 170.16558837890625 1821 141.21315002441406 166.63346862792969 1935 171.70083618164062 108.42723846435547 1714 167.60452270507812 80.004997253417969 142 176.92124938964844 69.410247802734375 -1 117.90096282958984 26.038173675537109 2114 167.60452270507812 80.004997253417969 49 184.2152099609375 121.82550048828125 1149 184.2152099609375 121.82550048828125 1894 184.2152099609375 121.82550048828125 1770 76.973724365234375 99.46954345703125 1333 116.55912780761719 169.96078491210938 -1 85.431816101074219 113.20200347900391 1896 116.55912780761719 169.96078491210938 -1 243.86676025390625 99.543144226074219 -1 181.72882080078125 111.30648040771484 1874 85.431816101074219 113.20200347900391 1153 92.573600769042969 119.49001312255859 1834 159.58250427246094 136.70808410644531 -1 152.11912536621094 159.2613525390625 1684 124.25640106201172 228.05670166015625 1825 123.07282257080078 8.7488689422607422 1981 156.65528869628906 78.720603942871094 9 154.18324279785156 91.144676208496094 315 57.337409973144531 105.95839691162109 1875 111.59763336181641 152.4061279296875 2001 99.491966247558594 179.78810119628906 -1 100.38662719726562 205.15472412109375 1840 170.0452880859375 51.986366271972656 75 93.504302978515625 193.47731018066406 1827 110.71098327636719 222.90927124023438 2152 93.504302978515625 193.47731018066406 1828 104.62419128417969 212.08770751953125 2055 187.72926330566406 53.103755950927734 -1 193.15025329589844 53.54071044921875 -1 174.47311401367188 96.09320068359375 2110 103.80887603759766 87.113395690917969 1823 104.70092010498047 191.28750610351562 -1 151.83485412597656 141.384033203125 2035 62.598621368408203 123.98606109619141 1716 81.03204345703125 105.77169799804688 1187 18.722665786743164 104.11871337890625 1797 165.51368713378906 103.25737762451172 -1 81.03204345703125 105.77169799804688 1033 81.03204345703125 105.77169799804688 1187 18.722665786743164 104.11871337890625 1191 165.51368713378906 103.25737762451172 11 187.72926330566406 53.103755950927734 -1 168.46022033691406 92.08447265625 1495 103.04852294921875 80.931533813476562 1897 40.308708190917969 152.51101684570312 1865 43.558616638183594 159.01551818847656 1932 84.522872924804688 163.67608642578125 1786 157.61373901367188 175.70332336425781 2108 122.23834991455078 27.087013244628906 -1 190.09878540039062 62.231307983398438 -1 104.38617706298828 123.32395172119141 2146 171.356201171875 142.26008605957031 1778 122.23834991455078 27.087013244628906 -1 115.56718444824219 31.043638229370117 1930 101.1015625 8.3586292266845703 1801 133.81022644042969 19.872524261474609 -1 179.49989318847656 51.29461669921875 -1 190.09878540039062 62.231307983398438 -1 170.00363159179688 63.124176025390625 80 41.238563537597656 86.683609008789062 2092 179.763671875 94.525970458984375 506 104.38617706298828 123.32395172119141 -1 171.356201171875 142.26008605957031 1659 114.24980163574219 1.9662861824035645 1919 116.9364013671875 215.21945190429688 -1 116.9364013671875 215.21945190429688 -1 173.086669921875 79.359237670898438 1514 167.76316833496094 35.445911407470703 566 85.248260498046875 119.99577331542969 2093 151.43064880371094 134.57954406738281 1779 148.9105224609375 111.39890289306641 -1 116.18478393554688 219.2017822265625 1842 151.43064880371094 134.57954406738281 2011 70.392570495605469 138.24412536621094 1833 153.47296142578125 156.92471313476562 -1 168.09815979003906 163.01188659667969 1806 46.362850189208984 172.92500305175781 1863 47.869319915771484 176.03396606445312 1863 143.19955444335938 109.47615051269531 -1 112.30764770507812 27.721498489379883 -1 112.23883819580078 31.149242401123047 2143 90.019508361816406 48.791999816894531 2099 158.91056823730469 175.56631469726562 2108 84.110946655273438 162.14314270019531 -1 133.39700317382812 183.43067932128906 2075 100.41062927246094 191.50163269042969 1783 60.457572937011719 195.93449401855469 1844 119.70407867431641 220.08958435058594 -1 122.7550048828125 225.13130187988281 1845 88.497779846191406 253.50303649902344 -1 64.504905700683594 127.02239990234375 -1 198.64796447753906 135.57850646972656 1846 192.34321594238281 51.217929840087891 -1 17.689947128295898 98.893997192382812 1831 15.18929386138916 97.468902587890625 1918 20.059196472167969 97.173454284667969 1985 168.99429321289062 96.674751281738281 -1 20.682559967041016 93.906700134277344 -1 28.278928756713867 91.146705627441406 1934 171.96334838867188 89.726936340332031 842 31.084293365478516 89.096054077148438 -1 33.381973266601562 87.487632751464844 -1 60.151332855224609 67.929458618164062 -1 66.082305908203125 60.532905578613281 -1 194.22892761230469 59.977176666259766 -1 197.85232543945312 59.791278839111328 -1 190.59770202636719 57.411922454833984 -1 197.85899353027344 54.871860504150391 -1 76.884521484375 52.54931640625 1936 87.092178344726562 47.995742797851562 2099 87.092178344726562 47.995742797851562 1847 60.151332855224609 67.929458618164062 -1 33.381973266601562 87.487632751464844 -1 31.084293365478516 89.096054077148438 2009 20.059196472167969 97.173454284667969 -1 15.18929386138916 97.468902587890625 2077 17.689947128295898 98.893997192382812 1214 198.64796447753906 135.57850646972656 1959 84.110946655273438 162.14314270019531 -1 100.41062927246094 191.50163269042969 1781 119.70407867431641 220.08958435058594 -1 122.7550048828125 225.13130187988281 1804 192.34321594238281 51.217929840087891 -1 72.8885498046875 94.674858093261719 1213 135.18580627441406 14.561594009399414 -1 112.23883819580078 31.149242401123047 -1 189.04739379882812 54.216464996337891 -1 49.020183563232422 172.6937255859375 1863 96.83758544921875 121.75677490234375 -1 189.04739379882812 54.216464996337891 -1 167.88558959960938 69.973548889160156 -1 91.791275024414062 175.58238220214844 -1 
130 0.99517959762099462 0.075458343507640413 0.06135135548597815 -0.012634003879672498 -1.8333199524449044 -0.740745040247477 1.8822464365492215 1 000131.png
173.10749816894531 200.34518432617188 1765 44.487621307373047 118.85504913330078 2113 91.131622314453125 218.95484924316406 1766 44.487621307373047 118.85504913330078 1522 122.19109344482422 110.68209075927734 -1 131.51115417480469 215.72798156738281 1790 229.05763244628906 87.45220947265625 -1 204.17486572265625 102.57405090332031 1937 206.48204040527344 69.497421264648438 -1 101.41236114501953 134.70744323730469 1648 158.29432678222656 166.64633178710938 1837 107.86286926269531 183.82980346679688 1712 158.29432678222656 166.64633178710938 1892 177.00343322753906 69.542205810546875 -1 129.526123046875 17.092805862426758 -1 35.569595336914062 40.143550872802734 1791 134.22312927246094 84.751007080078125 -1 158.26487731933594 149.61158752441406 1793 128.65625 186.01292419433594 1976 134.22312927246094 84.751007080078125 -1 158.26487731933594 149.61158752441406 1838 117.91517639160156 26.055698394775391 2114 167.59495544433594 79.933250427246094 142 77.03704833984375 98.906204223632812 1333 172.30014038085938 108.17730712890625 1714 185.03797912597656 121.10414123535156 1770 141.6109619140625 165.02987670898438 1935 180.20645141601562 175.65534973144531 1743 129.97604370117188 171.70295715332031 1821 185.03797912597656 121.10414123535156 1894 167.59495544433594 79.933250427246094 49 185.03797912597656 121.10414123535156 1149 196.90705871582031 151.8199462890625 1893 116.81877136230469 169.99148559570312 -1 244.63011169433594 98.9859619140625 -1 85.587409973144531 112.77703857421875 1896 116.81877136230469 169.99148559570312 -1 49.017353057861328 15.70203971862793 1858 244.63011169433594 98.9859619140625 -1 182.6278076171875 110.60385894775391 1874 85.587409973144531 112.77703857421875 1153 92.51177978515625 119.22890472412109 1834 159.18206787109375 135.91477966308594 -1 123.05687713623047 8.7373228073120117 1981 169.9967041015625 52.154670715332031 75 156.68533325195312 78.622566223144531 9 154.19963073730469 90.905632019042969 315 57.08636474609375 105.00930786132812 1875 78.652587890625 165.66044616699219 -1 93.753913879394531 192.87660217285156 1827 105.00101470947266 212.03578186035156 2055 145.09709167480469 212.9041748046875 1914 93.753913879394531 192.87660217285156 1828 111.32048034667969 223.50225830078125 2152 145.09709167480469 212.9041748046875 1912 114.66447448730469 229.18356323242188 2065 193.19664001464844 53.559913635253906 -1 103.04320526123047 80.044410705566406 1897 168.46597290039062 92.085494995117188 1495 124.31622314453125 228.41279602050781 1825 56.543910980224609 185.01643371582031 2080 152.57847595214844 140.65098571777344 2035 81.161842346191406 105.27394866943359 1187 165.51463317871094 103.12799072265625 -1 18.682575225830078 103.78015899658203 1797 174.45207214355469 96.045257568359375 2110 174.45207214355469 96.045257568359375 2111 18.682575225830078 103.78015899658203 1191 165.51463317871094 103.12799072265625 11 81.161842346191406 105.27394866943359 1033 81.161842346191406 105.27394866943359 1187 103.77553558349609 86.500740051269531 1823 219.63603210449219 89.749107360839844 -1 158.54312133789062 156.25161743164062 1899 62.765541076660156 123.47278594970703 1716 115.63822937011719 30.999330520629883 1930 101.29721832275391 8.3578424453735352 1801 107.87320709228516 32.842746734619141 1862 190.112548828125 62.246543884277344 -1 169.98187255859375 63.136882781982422 80 179.72540283203125 94.601860046386719 506 151.86616516113281 133.87474060058594 2011 172.18519592285156 142.26559448242188 1778 190.112548828125 62.246543884277344 -1 172.18519592285156 142.26559448242188 1659 158.54312133789062 156.25161743164062 1900 47.614109039306641 175.416259765625 -1 156.68646240234375 178.65469360351562 2108 150.93620300292969 185.44581604003906 2014 108.27394104003906 210.103759765625 2098 173.07620239257812 79.35162353515625 1514 252.41131591796875 90.637664794921875 -1 43.255340576171875 159.42227172851562 1932 143.46780395507812 107.472900390625 -1 40.28009033203125 152.67939758300781 1865 163.34185791015625 175.65031433105469 1776 47.614109039306641 175.416259765625 -1 159.70394897460938 175.23359680175781 2108 167.93435668945312 60.275337219238281 -1 173.39451599121094 157.71343994140625 -1 169.10562133789062 162.3370361328125 1806 194.08811950683594 60.002098083496094 -1 190.62057495117188 57.456562042236328 -1 80.156082153320312 52.692859649658203 1936 82.7054443359375 51.023666381835938 1887 112.2823486328125 31.121871948242188 2143 134.99351501464844 14.458038330078125 -1 48.992073059082031 172.36418151855469 1863 133.3963623046875 183.37583923339844 2075 148.89796447753906 189.87739562988281 2014 65.903396606445312 212.70805358886719 -1 100.45027160644531 89.211776733398438 -1 192.36326599121094 51.353015899658203 -1 54.71240234375 71.677650451660156 2109 171.9703369140625 89.706520080566406 842 168.99278259277344 96.689598083496094 -1 112.2823486328125 31.121871948242188 -1 15.0203857421875 97.275627136230469 2077 80.156082153320312 52.692859649658203 1475 167.93435668945312 60.275337219238281 1645 54.71240234375 71.677650451660156 1210 82.7054443359375 51.023666381835938 2008 15.0203857421875 97.275627136230469 1918 192.36326599121094 51.353015899658203 -1 189.50848388671875 61.010444641113281 -1 172.61244201660156 137.53921508789062 -1 100.45027160644531 89.211776733398438 -1 189.11430358886719 53.899612426757812 -1 189.11430358886719 53.899612426757812 -1 
131 0.99509651877638483 0.076053837638421037 0.061856026071547214 -0.013136367010133768 -1.8329902054818021 -0.74188449125920819 1.883537019109808 1 000129.png
44.613132476806641 118.05870056152344 2113 171.18415832519531 201.26469421386719 1765 91.172080993652344 218.06710815429688 1766 44.613132476806641 118.05870056152344 1522 122.08253479003906 109.31707763671875 -1 228.40397644042969 87.1690673828125 -1 203.78912353515625 102.26464080810547 1937 205.75790405273438 69.241432189941406 -1 174.82249450683594 138.91580200195312 -1 174.82249450683594 138.91580200195312 -1 101.29835510253906 134.18898010253906 1648 158.04414367675781 165.71391296386719 1837 158.04414367675781 165.71391296386719 1892 35.532100677490234 40.389335632324219 1791 40.548572540283203 143.19291687011719 -1 129.34071350097656 16.887626647949219 -1 162.41105651855469 37.122299194335938 1856 88.287757873535156 145.52970886230469 1878 157.64582824707031 148.97938537597656 1793 107.65480041503906 182.64077758789062 1712 128.07608032226562 185.56591796875 1976 157.64582824707031 148.97938537597656 1838 117.89109802246094 25.989284515380859 2114 176.91189575195312 69.284133911132812 -1 167.64601135253906 79.943885803222656 142 77.006378173828125 98.525550842285156 1333 171.67758178710938 107.78388214111328 1714 184.23591613769531 120.72519683837891 1770 179.91191101074219 174.26432800292969 1743 184.23591613769531 120.72519683837891 1894 184.23591613769531 120.72519683837891 1149 167.64601135253906 79.943885803222656 49 141.26690673828125 166.57734680175781 1935 116.49605560302734 169.3182373046875 -1 247.72502136230469 249.44313049316406 -1 247.72502136230469 249.44313049316406 -1 49.147853851318359 15.517638206481934 1858 243.58396911621094 99.22015380859375 -1 182.05328369140625 110.44850921630859 1874 85.568412780761719 112.26161193847656 1153 92.636856079101562 118.64353942871094 1834 196.35929870605469 151.44900512695312 1893 116.49605560302734 169.3182373046875 -1 243.58396911621094 99.22015380859375 -1 85.568412780761719 112.26161193847656 1896 166.28022766113281 35.895408630371094 566 93.817626953125 192.13255310058594 1827 123.00066375732422 8.6705970764160156 1981 169.84886169433594 52.219841003417969 75 156.66128540039062 78.695953369140625 9 154.23023986816406 90.693061828613281 315 57.377098083496094 104.75991058349609 1875 78.502212524414062 164.60234069824219 -1 93.817626953125 192.13255310058594 1828 105.46962738037109 211.57122802734375 2055 110.64548492431641 221.11355590820312 2152 114.38946533203125 227.79373168945312 2065 152.08216857910156 140.05960083007812 2035 18.999252319335938 103.32325744628906 1797 174.42095947265625 96.066055297851562 2110 81.243743896484375 104.77507019042969 1187 168.42526245117188 92.056137084960938 1495 103.69882965087891 86.227455139160156 1823 102.99228668212891 79.816459655761719 1897 193.09065246582031 53.4671630859375 -1 187.62516784667969 53.641815185546875 -1 187.62516784667969 53.641815185546875 -1 18.999252319335938 103.32325744628906 1191 81.243743896484375 104.77507019042969 1033 81.243743896484375 104.77507019042969 1187 105.61237335205078 96.494194030761719 -1 56.645847320556641 184.4559326171875 2080 169.95832824707031 63.120761871337891 80 157.90399169921875 156.00686645507812 1899 50.231239318847656 180.07107543945312 -1 190.17109680175781 62.198722839355469 -1 173.20831298828125 78.727729797363281 1514 179.7899169921875 94.431755065917969 506 157.90399169921875 156.00686645507812 1900 190.17109680175781 62.198722839355469 -1 164.15379333496094 166.44950866699219 -1 46.031143188476562 171.05378723144531 1863 48.384067535400391 176.00746154785156 1863 156.24098205566406 177.62728881835938 2108 151.70635986328125 133.54771423339844 2011 150.56385803222656 184.58506774902344 2014 108.05603790283203 209.06521606445312 2098 115.6815185546875 31.222143173217773 1930 150.98863220214844 96.028648376464844 -1 58.467971801757812 117.99542236328125 -1 167.17561340332031 102.17254638671875 -1 168.27391052246094 161.07537841796875 1806 192.40504455566406 51.407173156738281 -1 178.10917663574219 51.783721923828125 -1 112.20803070068359 31.222391128540039 2143 190.60050964355469 57.473476409912109 -1 171.98086547851562 89.688613891601562 842 134.74577331542969 14.168563842773438 -1 114.39846038818359 1.7327510118484497 1919 168.98667907714844 96.716773986816406 -1 235.99942016601562 101.41170501708984 -1 170.67001342773438 102.88675689697266 -1 198.85093688964844 134.29142761230469 1846 159.03083801269531 174.09609985351562 2108 56.351192474365234 106.80723571777344 -1 133.3599853515625 183.44583129882812 2075 112.20803070068359 31.222391128540039 -1 81.986915588378906 51.034332275390625 2008 192.40504455566406 51.407173156738281 -1 170.67001342773438 102.88675689697266 -1 198.85093688964844 134.29142761230469 1959 159.03083801269531 174.09609985351562 -1 81.986915588378906 51.034332275390625 1887 167.82261657714844 35.433742523193359 566 168.11326599121094 60.223766326904297 -1 149.29933166503906 191.84617614746094 -1 168.11326599121094 60.223766326904297 1645 
132 0.99513732430413471 0.076054217153909087 0.061484153322110636 -0.011711563523996563 -1.8321892403116564 -0.74672329433590912 1.8817483039168972 1 000130.png
44.542388916015625 118.35831451416016 2113 171.29704284667969 201.5196533203125 1765 91.170417785644531 218.35981750488281 1766 44.542388916015625 118.35831451416016 1522 122.16431427001953 110.16790771484375 -1 228.55810546875 87.264129638671875 -1 203.77326965332031 102.25709533691406 1937 205.96238708496094 69.353439331054688 -1 174.96331787109375 138.99658203125 -1 101.32120513916016 134.37680053710938 1648 157.96759033203125 166.08845520019531 1837 107.74882507324219 182.97419738769531 1712 157.96759033203125 166.08845520019531 1892 162.2081298828125 37.074714660644531 1856 129.40890502929688 16.974142074584961 -1 35.453960418701172 40.569343566894531 1791 157.82585144042969 149.19081115722656 1793 128.41644287109375 185.92637634277344 1976 157.82585144042969 149.19081115722656 1419 157.82585144042969 149.19081115722656 1838 176.96405029296875 69.271675109863281 -1 167.61062622070312 79.927467346191406 142 77.016342163085938 98.717132568359375 1333 171.81939697265625 107.90081787109375 1714 184.37095642089844 120.86396026611328 1770 141.31893920898438 165.70803833007812 1935 117.90415954589844 26.053007125854492 2114 184.37095642089844 120.86396026611328 1894 184.37095642089844 120.86396026611328 1149 167.61062622070312 79.927467346191406 49 129.37217712402344 170.25982666015625 1821 85.603836059570312 112.43570709228516 1896 49.120574951171875 15.390477180480957 1858 116.56873321533203 169.48843383789062 -1 116.56873321533203 169.48843383789062 -1 196.37919616699219 151.75059509277344 1893 92.488059997558594 118.88717651367188 1834 85.603836059570312 112.43570709228516 1153 182.23204040527344 110.54850006103516 1874 154.25802612304688 90.534759521484375 315 57.223041534423828 104.92127227783203 1875 78.969757080078125 165.01995849609375 1911 93.82952880859375 192.28268432617188 1827 144.74026489257812 212.11537170410156 1912 111.15117645263672 222.371337890625 2152 144.74026489257812 212.11537170410156 1914 93.82952880859375 192.28268432617188 1828 105.12097930908203 211.50486755371094 2055 114.2183837890625 227.56532287597656 2065 123.01790618896484 8.6959819793701172 1981 169.97618103027344 52.104408264160156 75 156.68861389160156 78.637527465820312 9 168.42732238769531 92.070083618164062 1495 103.71656799316406 86.317047119140625 1823 193.16606140136719 53.603263854980469 -1 124.22372436523438 227.33135986328125 1825 81.190078735351562 104.95547485351562 1187 81.190078735351562 104.95547485351562 1033 18.728662490844727 103.53257751464844 1191 102.94542694091797 79.994522094726562 1897 187.68557739257812 53.395721435546875 -1 166.3125 35.832904815673828 566 152.25811767578125 140.33158874511719 2035 81.190078735351562 104.95547485351562 1187 18.728662490844727 103.53257751464844 1797 174.41636657714844 96.089973449707031 2110 187.68557739257812 53.395721435546875 -1 111.82900238037109 149.55812072753906 2001 197.49398803710938 137.10748291015625 1959 197.49398803710938 137.10748291015625 1846 133.46687316894531 19.341320037841797 -1 108.08192443847656 33.297355651855469 1862 190.06465148925781 62.272975921630859 -1 169.947021484375 63.148036956787109 80 155.32720947265625 64.381576538085938 -1 179.791748046875 94.465965270996094 506 165.9949951171875 102.76904296875 -1 158.10031127929688 155.77169799804688 1899 49.652778625488281 171.39726257324219 1863 104.17129516601562 122.2666015625 -1 158.10031127929688 155.77169799804688 1900 104.17129516601562 122.2666015625 2146 190.06465148925781 62.272975921630859 -1 155.32720947265625 64.381576538085938 -1 165.9949951171875 102.76904296875 11 150.13133239746094 103.05673980712891 -1 158.09597778320312 156.82136535644531 1900 151.63470458984375 133.88034057617188 2011 168.99600219726562 161.1790771484375 1806 159.03666687011719 174.3876953125 2108 162.79878234863281 175.20051574707031 1776 156.26524353027344 178.07188415527344 2108 136.45405578613281 184.18070983886719 -1 150.87738037109375 185.10209655761719 2014 108.31282806396484 209.62112426757812 2098 158.09597778320312 156.82136535644531 1899 114.26911926269531 2.0675783157348633 1919 136.45405578613281 184.18070983886719 -1 115.75244140625 31.163192749023438 1930 252.13731384277344 90.645797729492188 -1 172.10417175292969 142.07157897949219 1778 38.497039794921875 148.92485046386719 1865 114.59337615966797 162.57157897949219 -1 153.80329895019531 181.75093078613281 1902 17.51750373840332 98.602767944335938 1831 15.348247528076172 96.931259155273438 1918 168.97860717773438 96.703544616699219 -1 28.010078430175781 90.883766174316406 1934 171.99472045898438 89.65985107421875 842 43.623443603515625 79.638832092285156 1922 168.06098937988281 60.225284576416016 -1 194.44825744628906 59.756381988525391 -1 197.9091796875 59.53204345703125 -1 72.824195861816406 57.867164611816406 1520 190.59065246582031 57.455425262451172 -1 192.39332580566406 51.362613677978516 -1 167.86688232421875 35.364475250244141 566 112.19624328613281 31.109949111938477 2143 91.008903503417969 2.8788597583770752 -1 133.39767456054688 183.50709533691406 2075 144.31379699707031 198.061279296875 1869 112.19624328613281 31.109949111938477 -1 192.39332580566406 51.362613677978516 -1 72.824195861816406 57.867164611816406 1870 168.06098937988281 60.225284576416016 1645 28.010078430175781 90.883766174316406 2009 15.348247528076172 96.931259155273438 2077 17.51750373840332 98.602767944335938 1214 189.37345886230469 114.97063446044922 -1 183.9676513671875 126.85623931884766 -1 43.623443603515625 79.638832092285156 1871 57.760353088378906 109.68440246582031 -1 189.37345886230469 114.97063446044922 1984 183.9676513671875 126.85623931884766 -1 33.071624755859375 137.41905212402344 1386 182.20185852050781 96.805702209472656 -1 91.008903503417969 2.8788597583770752 -1 154.3316650390625 99.242088317871094 -1 
133 0.99509834682121878 0.07428834021581468 0.062926657955033036 -0.017342386809986416 -1.8293082942160561 -0.72569152658517999 1.886997062007298 1 000134.png
177.72218322753906 198.76092529296875 1818 42.544078826904297 116.57492065429688 1522 91.497726440429688 221.83807373046875 1766 42.544078826904297 116.57492065429688 2113 223.95556640625 122.53583526611328 -1 133.5718994140625 220.10789489746094 1790 209.19898986816406 98.83447265625 1937 173.47315979003906 125.86986541748047 1455 173.47315979003906 125.86986541748047 1739 102.23925018310547 130.60041809082031 1648 239.32682800292969 89.094764709472656 -1 83.0545654296875 124.35996246337891 1767 163.47843933105469 163.36334228515625 1837 163.47843933105469 163.36334228515625 1892 191.2471923828125 115.38766479492188 1770 192.27604675292969 71.500541687011719 2122 32.811691284179688 34.337020874023438 1791 88.566444396972656 142.13568115234375 1878 163.89930725097656 145.67300415039062 1793 191.2471923828125 115.38766479492188 1149 191.2471923828125 115.38766479492188 1894 167.46185302734375 79.75347900390625 52 76.406768798828125 93.374679565429688 1333 204.76724243164062 148.99723815917969 1893 117.95439910888672 25.785820007324219 2114 127.14759826660156 14.130519866943359 -1 163.93464660644531 36.892345428466797 566 206.47502136230469 64.684112548828125 -1 117.95439910888672 25.785820007324219 -1 167.46185302734375 79.75347900390625 49 179.39808654785156 105.10002136230469 1030 179.39808654785156 105.10002136230469 1714 179.39808654785156 105.10002136230469 2027 113.81788635253906 225.42251586914062 2152 161.50912475585938 95.453872680664062 -1 85.545570373535156 107.6365966796875 1896 188.81610107421875 104.57371520996094 1874 171.86618041992188 52.322242736816406 75 129.78517150878906 185.65773010253906 1976 55.755859375 101.04152679443359 1875 46.891605377197266 8.0841121673583984 1858 161.50912475585938 95.453872680664062 2124 85.545570373535156 107.6365966796875 1153 92.724464416503906 114.44983673095703 1834 129.78517150878906 185.65773010253906 -1 107.30519104003906 213.89988708496094 2055 78.696327209472656 163.36740112304688 1911 149.91239929199219 214.23387145996094 1912 95.087013244628906 193.29281616210938 1977 15.815142631530762 100.61039733886719 1797 152.73806762695312 102.22663116455078 57 154.23072814941406 90.462295532226562 315 156.7269287109375 78.289039611816406 9 193.73020935058594 54.114471435546875 -1 181.45970153808594 95.97674560546875 506 15.815142631530762 100.61039733886719 1191 154.30339050292969 129.5889892578125 2011 154.30339050292969 129.5889892578125 -1 149.91239929199219 214.23387145996094 1914 154.30339050292969 129.5889892578125 -1 122.20835876464844 7.5398650169372559 1981 180.47166442871094 44.501815795898438 -1 168.06617736816406 91.610885620117188 1495 80.724555969238281 99.969284057617188 1187 80.724555969238281 99.969284057617188 1033 168.06617736816406 91.610885620117188 36 174.83744812011719 96.041862487792969 2111 100.36324310302734 33.245067596435547 1822 127.58194732666016 230.79293823242188 1825 111.72190093994141 147.9879150390625 2001 164.81439208984375 102.47200012207031 11 80.724555969238281 99.969284057617188 1187 164.81439208984375 102.47200012207031 -1 157.00343322753906 135.91670227050781 2000 157.00343322753906 135.91670227050781 2035 157.00343322753906 135.91670227050781 1999 103.76341247558594 80.781517028808594 1823 37.254280090332031 158.51582336425781 1932 108.27411651611328 33.288898468017578 1862 173.78375244140625 39.3778076171875 -1 178.31333923339844 53.320392608642578 -1 199.11477661132812 61.111301422119141 1769 101.63634490966797 63.076892852783203 2030 169.93925476074219 63.150295257568359 80 182.8155517578125 70.124343872070312 -1 102.71702575683594 72.77783203125 1897 183.76103210449219 74.576042175292969 -1 149.401123046875 160.43063354492188 2036 178.31333923339844 53.320392608642578 -1 94.268569946289062 5.9164571762084961 1736 115.64952087402344 31.424034118652344 1930 187.43208312988281 48.234733581542969 -1 191.02546691894531 62.194156646728516 -1 173.07994079589844 79.355659484863281 1514 149.55390930175781 85.298927307128906 -1 181.35586547851562 100.09001159667969 -1 28.627302169799805 138.64421081542969 1386 37.444774627685547 150.42756652832031 1865 164.18563842773438 153.23997497558594 1899 47.352344512939453 171.67105102539062 1863 165.69438171386719 172.59738159179688 2108 162.4962158203125 176.42941284179688 2108 48.824863433837891 181.15338134765625 -1 110.79138946533203 211.35719299316406 2098 116.37322235107422 221.0665283203125 2069 150.12779235839844 102.90695190429688 -1 164.18563842773438 153.23997497558594 1900 11.582050323486328 93.477973937988281 1918 156.88224792480469 93.066917419433594 -1 17.050376892089844 93.055244445800781 1985 171.98794555664062 89.575920104980469 842 43.906219482421875 73.781112670898438 1922 167.99549865722656 60.267333984375 1645 63.400997161865234 59.395442962646484 2004 130.86802673339844 11.851058959960938 -1 109.16741180419922 5.2789998054504395 -1 113.96653747558594 2.1937484741210938 1919 195.95817565917969 144.17179870605469 -1 178.90272521972656 137.24673461914062 1778 46.944660186767578 177.00062561035156 1863 89.937599182128906 127.21587371826172 1920 133.48997497558594 183.41525268554688 2075 161.63652038574219 187.67654418945312 -1 58.604290008544922 195.54710388183594 -1 150.02790832519531 198.50062561035156 1869 65.107704162597656 208.77189636230469 -1 154.63487243652344 99.33062744140625 311 52.439506530761719 183.02728271484375 2080 43.906219482421875 73.781112670898438 1871 17.050376892089844 93.055244445800781 -1 11.582050323486328 93.477973937988281 2077 14.451194763183594 94.9271240234375 1831 154.63487243652344 99.33062744140625 -1 14.451194763183594 94.9271240234375 1214 167.99549865722656 60.267333984375 -1 
134 0.99507789486834075 0.074895556031935248 0.062850590459192848 -0.016138218922467345 -1.8297270284323968 -0.72858828506835616 1.8867745402226488 1 000133.png
176.20169067382812 200.17866516113281 1765 43.338459014892578 118.64742279052734 2113 91.047981262207031 220.64219665527344 1766 43.338459014892578 118.64742279052734 1522 220.64108276367188 121.71692657470703 -1 132.84895324707031 221.3038330078125 1790 207.74908447265625 100.71513366699219 1937 235.56809997558594 88.937355041503906 -1 170.75997924804688 128.18093872070312 1455 101.73509979248047 133.19296264648438 1648 170.75997924804688 128.18093872070312 -1 170.75997924804688 128.18093872070312 1739 161.40032958984375 165.67066955566406 1892 161.40032958984375 165.67066955566406 1837 108.32236480712891 183.97372436523438 1712 128.472412109375 15.778788566589355 -1 88.327354431152344 144.65653991699219 1878 161.75051879882812 148.16728210449219 1793 161.75051879882812 148.16728210449219 1838 33.947067260742188 37.547737121582031 1791 207.19139099121094 67.301643371582031 -1 176.49171447753906 70.580055236816406 -1 163.72134399414062 36.813079833984375 1856 167.4737548828125 79.820785522460938 52 76.507553100585938 96.354934692382812 1333 176.23886108398438 107.00822448730469 1714 189.22026062011719 118.30870056152344 1149 202.50735473632812 151.05604553222656 1893 143.60601806640625 163.19471740722656 1935 129.16767883300781 185.92198181152344 -1 117.93711853027344 25.933891296386719 2114 129.16767883300781 185.92198181152344 1976 176.23886108398438 107.00822448730469 1030 189.22026062011719 118.30870056152344 1770 189.22026062011719 118.30870056152344 1894 167.4737548828125 79.820785522460938 49 167.4737548828125 79.820785522460938 142 161.41459655761719 94.9368896484375 -1 171.64436340332031 51.938434600830078 75 47.766822814941406 11.828383445739746 1858 85.494606018066406 110.40859985351562 1896 161.41459655761719 94.9368896484375 2124 186.4031982421875 107.74089050292969 1874 85.494606018066406 110.40859985351562 1153 92.882774353027344 116.93809509277344 1834 151.77809143066406 121.31190490722656 -1 193.56326293945312 53.819339752197266 -1 154.20724487304688 90.989837646484375 315 55.476505279541016 102.73722839355469 1875 153.33444213867188 131.67108154296875 -1 156.69804382324219 78.439323425292969 9 126.42498779296875 231.21159362792969 1825 112.62411499023438 225.21656799316406 2152 148.13177490234375 214.85597229003906 1912 78.773536682128906 165.24391174316406 1911 116.29682922363281 232.10453796386719 2065 94.634727478027344 194.58381652832031 1827 153.33444213867188 131.67108154296875 2011 94.634727478027344 194.58381652832031 1828 148.13177490234375 214.85597229003906 1914 106.03671264648438 213.98446655273438 2055 122.54972076416016 7.9641380310058594 1981 197.49162292480469 62.684761047363281 1769 181.46832275390625 76.877304077148438 -1 168.42405700683594 91.978294372558594 1495 174.64852905273438 96.129913330078125 2110 16.709255218505859 102.68959045410156 1797 174.64852905273438 96.129913330078125 2111 155.64987182617188 138.25779724121094 2035 102.62148284912109 76.169532775878906 1897 106.13486480712891 192.29205322265625 1898 165.42243957519531 102.78856658935547 -1 80.794029235839844 102.74945068359375 1187 80.794029235839844 102.74945068359375 1187 16.709255218505859 102.68959045410156 1191 165.42243957519531 102.78856658935547 11 80.794029235839844 102.74945068359375 1033 162.11546325683594 154.79487609863281 1899 103.83429718017578 83.72113037109375 1823 162.11546325683594 154.79487609863281 1900 178.158203125 53.757240295410156 -1 141.05183410644531 184.13418579101562 -1 101.56992340087891 8.1249675750732422 1801 108.06143188476562 33.073955535888672 1862 169.94865417480469 63.162322998046875 80 63.046390533447266 67.684822082519531 2004 179.79989624023438 94.221023559570312 506 171.64962768554688 104.78285217285156 -1 152.26847839355469 124.32530212402344 -1 89.569801330566406 126.15045166015625 -1 89.569801330566406 126.15045166015625 -1 171.64962768554688 104.78285217285156 -1 152.26847839355469 124.32530212402344 -1 152.26847839355469 124.32530212402344 -1 174.35699462890625 52.663383483886719 -1 190.74766540527344 62.318614959716797 -1 72.299079895019531 91.40081787109375 1213 150.0887451171875 103.03733825683594 -1 143.63117980957031 106.39926910400391 -1 173.64179992675781 38.583606719970703 -1 166.97746276855469 175.6099853515625 1776 46.461688995361328 176.42677307128906 1863 160.5894775390625 177.85786437988281 2108 109.73146820068359 212.24246215820312 2098 147.72503662109375 162.76856994628906 2036 162.96250915527344 174.27113342285156 2108 173.31150817871094 160.45794677734375 1806 123.96994781494141 19.372051239013672 -1 133.08088684082031 13.321995735168457 -1 147.30183410644531 83.5279541015625 -1 212.07942199707031 77.942985534667969 -1 203.22230529785156 73.660270690917969 -1 53.875038146972656 69.5440673828125 2109 167.95423889160156 60.279075622558594 1645 85.651039123535156 46.218696594238281 -1 115.49049377441406 31.781497955322266 1930 114.37299346923828 1.8514196872711182 1919 177.33967590332031 116.05239105224609 -1 170.54759216308594 108.64569854736328 -1 168.86045837402344 148.55126953125 1629 37.973468780517578 151.9698486328125 1865 190.47114562988281 111.00178527832031 1984 133.48204040527344 183.4161376953125 2075 152.39505004882812 190.28921508789062 2014 12.809514999389648 95.831199645996094 2077 85.651039123535156 46.218696594238281 2008 167.95423889160156 60.279075622558594 -1 53.875038146972656 69.5440673828125 1210 157.84768676757812 181.99299621582031 1902 12.809514999389648 95.831199645996094 1918 190.47114562988281 111.00178527832031 -1 168.86045837402344 148.55126953125 -1 231.61595153808594 94.423652648925781 -1 24.034637451171875 91.102737426757812 1934 171.95179748535156 89.639068603515625 842 24.034637451171875 91.102737426757812 2009 19.351690292358398 112.00241088867188 -1 50.477569580078125 69.209609985351562 2109 
135 0.99510796536674107 0.075279155890270316 0.062408177073640651 -0.014085644694453602 -1.8299231358904249 -0.73506987618007824 1.8854361602388732 1 000132.png
174.73832702636719 200.92176818847656 1765 91.168449401855469 220.17924499511719 1766 206.75984191894531 102.81258392333984 1937 131.9615478515625 220.7650146484375 1790 232.63629150390625 88.710319519042969 -1 168.86250305175781 129.74520874023438 1455 168.86250305175781 129.74520874023438 1739 168.86250305175781 129.74520874023438 -1 101.73967742919922 134.50772094726562 1648 159.89703369140625 166.93605041503906 1837 207.50904846191406 69.408248901367188 -1 159.89703369140625 166.93605041503906 1892 108.2652587890625 184.49522399902344 1712 88.36181640625 145.93778991699219 1878 129.43122863769531 16.988279342651367 -1 162.29124450683594 37.062564849853516 1856 177.03433227539062 69.735580444335938 -1 134.30149841308594 84.857955932617188 -1 159.84271240234375 149.72071838378906 1793 159.84271240234375 149.72071838378906 1838 35.183017730712891 39.828338623046875 1791 142.37590026855469 164.99903869628906 1935 186.90155029296875 120.59983062744141 1770 173.83599853515625 107.90829467773438 1714 186.90155029296875 120.59983062744141 1149 186.90155029296875 120.59983062744141 1894 167.60169982910156 79.825675964355469 49 76.911636352539062 98.472541809082031 1333 117.92702484130859 26.045881271362305 2114 129.15440368652344 186.22126770019531 1976 167.60169982910156 79.825675964355469 142 167.60169982910156 79.825675964355469 52 173.83599853515625 107.90829467773438 1030 85.625419616699219 112.35927581787109 1153 92.962303161621094 118.67390441894531 1834 117.31787872314453 170.53684997558594 -1 85.625419616699219 112.35927581787109 1896 117.31787872314453 170.53684997558594 -1 48.740261077880859 14.921754837036133 1858 184.4051513671875 110.18595886230469 1874 170.80274963378906 52.134830474853516 75 156.6788330078125 78.535575866699219 9 154.23149108886719 90.832313537597656 315 246.35037231445312 98.373664855957031 -1 98.776275634765625 202.19735717773438 -1 105.30149841308594 213.3226318359375 2055 56.789260864257812 104.91436004638672 1875 136.20509338378906 227.86148071289062 1947 123.06329345703125 8.7562055587768555 1981 115.29769134521484 231.29490661621094 2065 111.73648834228516 224.58905029296875 2152 94.099632263183594 194.27461242675781 1828 94.099632263183594 194.27461242675781 1827 103.93277740478516 86.026054382324219 1823 168.41883850097656 92.015983581542969 1495 125.31033325195312 230.36927795410156 1825 51.868972778320312 177.69752502441406 -1 154.23272705078125 140.02667236328125 2035 152.47309875488281 133.80903625488281 2011 81.282135009765625 104.72561645507812 1187 165.41795349121094 103.19521331787109 -1 18.353923797607422 103.91962432861328 1797 174.56480407714844 96.11932373046875 2110 92.866477966308594 5.9311151504516602 -1 92.866477966308594 5.9311151504516602 1736 174.56480407714844 96.11932373046875 2111 18.353923797607422 103.91962432861328 1191 165.41795349121094 103.19521331787109 11 81.282135009765625 104.72561645507812 1033 152.47309875488281 133.80903625488281 2011 193.38037109375 53.660285949707031 -1 103.15915679931641 79.466682434082031 1897 81.282135009765625 104.72561645507812 1187 45.554008483886719 164.85417175292969 -1 179.76603698730469 94.469779968261719 506 160.13800048828125 156.32185363769531 1899 150.61172485351562 103.47620391845703 -1 177.41154479980469 54.195789337158203 -1 101.35540771484375 8.1966400146484375 1801 108.05923461914062 33.145519256591797 1862 190.2779541015625 62.455951690673828 -1 169.99366760253906 63.126739501953125 80 160.33143615722656 66.532814025878906 -1 151.70707702636719 75.031082153320312 -1 83.517875671386719 93.893814086914062 1204 151.70707702636719 75.031082153320312 -1 151.70707702636719 75.031082153320312 -1 160.13800048828125 156.32185363769531 1900 137.17887878417969 183.11541748046875 -1 143.27755737304688 110.20704650878906 -1 220.71034240722656 89.174713134765625 -1 161.29833984375 77.536155700683594 -1 115.72845458984375 31.2830810546875 1930 105.42750549316406 123.32738494873047 -1 174.010009765625 142.31387329101562 1778 42.541172027587891 159.50765991210938 1932 158.34442138671875 179.2647705078125 2108 105.42750549316406 123.32738494873047 2146 170.933837890625 162.19183349609375 1806 161.1483154296875 175.45426940917969 2108 161.29833984375 77.536155700683594 -1 171.98796081542969 89.687026977539062 842 100.59803771972656 88.40594482421875 -1 167.91259765625 60.291690826416016 -1 189.15859985351562 53.847217559814453 -1 192.44522094726562 51.356727600097656 -1 178.83203125 38.89202880859375 -1 112.38511657714844 31.210397720336914 2143 114.31787872314453 1.9536517858505249 1919 108.87652587890625 211.32743835449219 2098 174.13821411132812 52.138889312744141 -1 183.27078247070312 94.282508850097656 -1 99.858894348144531 74.51123046875 -1 80.556594848632812 52.072551727294922 1936 169.02426147460938 96.587791442871094 -1 37.664054870605469 150.06463623046875 1865 39.008121490478516 152.67988586425781 1865 112.38511657714844 31.210397720336914 -1 43.969875335693359 169.32923889160156 -1 189.15859985351562 53.847217559814453 -1 167.91259765625 60.291690826416016 1645 100.59803771972656 88.40594482421875 -1 183.27078247070312 94.282508850097656 -1 80.556594848632812 52.072551727294922 1475 155.77169799804688 182.94960021972656 1902 133.51399230957031 183.39402770996094 2075 24.814617156982422 92.918373107910156 1934 134.70976257324219 14.314618110656738 -1 99.858894348144531 74.51123046875 -1 5.2179226875305176 94.0853271484375 1782 55.141483306884766 191.90797424316406 -1 
136 0.99499260995968242 0.07315327652700257 0.065052982890398708 -0.020159704264817207 -1.822596360102557 -0.71911760826609517 1.8944103630261406 1 000139.png
196.98345947265625 90.827621459960938 2149 196.98345947265625 90.827621459960938 2150 181.51402282714844 197.665283203125 1765 41.2413330078125 113.61677551269531 1522 92.0618896484375 223.28497314453125 1766 41.2413330078125 113.61677551269531 2113 135.52017211914062 217.63613891601562 1790 130.21755981445312 182.85989379882812 1976 101.77976989746094 126.0736083984375 1648 166.06051635742188 161.10528564453125 1837 166.06051635742188 161.10528564453125 1892 115.40852355957031 24.841081619262695 -1 82.892501831054688 118.99503326416016 1767 115.40852355957031 24.841081619262695 2114 30.873809814453125 28.119014739990234 1791 196.89274597167969 109.03348541259766 1770 88.426979064941406 137.95249938964844 1878 167.92927551269531 140.89643859863281 1793 167.37249755859375 79.644180297851562 52 75.680976867675781 87.448234558105469 1333 210.75924682617188 144.71363830566406 1893 192.60537719726562 69.1214599609375 2122 98.57464599609375 29.443628311157227 1822 183.75198364257812 97.825202941894531 2027 183.75198364257812 97.825202941894531 1714 183.75198364257812 97.825202941894531 1030 193.49986267089844 97.865028381347656 1874 247.51860046386719 89.93450927734375 -1 161.6334228515625 95.775947570800781 2124 182.99113464355469 78.144233703613281 -1 157.33711242675781 57.743003845214844 -1 193.06578063964844 54.268829345703125 -1 124.76932525634766 10.981019020080566 1981 118.58608245849609 231.50636291503906 2065 114.59410858154297 224.09410095214844 2152 118.58608245849609 231.50636291503906 -1 107.76701354980469 212.44775390625 2055 95.525390625 191.95173645019531 1977 172.09648132324219 52.750225067138672 75 149.81364440917969 157.10369873046875 2036 92.746116638183594 108.83197784423828 1834 182.99113464355469 78.144233703613281 -1 161.6334228515625 95.775947570800781 -1 114.59410858154297 224.09410095214844 -1 13.419828414916992 96.710113525390625 1191 249.94091796875 98.259010314941406 -1 153.02116394042969 101.86045074462891 57 160.17745971679688 131.03742980957031 2035 156.72001647949219 78.141426086425781 -1 156.72001647949219 78.141426086425781 -1 13.419828414916992 96.710113525390625 1797 160.17745971679688 131.03742980957031 1999 97.829902648925781 1.1510334014892578 -1 156.72001647949219 78.141426086425781 9 154.29458618164062 90.862007141113281 315 53.389617919921875 183.42019653320312 2080 153.78538513183594 129.223388671875 2126 158.51046752929688 123.9459228515625 2072 159.87281799316406 99.312446594238281 -1 106.33948516845703 105.61583709716797 2067 79.963600158691406 94.326675415039062 1187 168.05355834960938 91.504554748535156 36 168.05355834960938 91.504554748535156 1495 79.963600158691406 94.326675415039062 1033 153.78538513183594 129.223388671875 -1 185.20213317871094 88.544364929199219 2031 206.5238037109375 61.602958679199219 -1 162.97987365722656 51.699535369873047 -1 117.54376220703125 10.894885063171387 -1 98.149467468261719 4.0600824356079102 -1 175.24188232421875 96.236007690429688 2111 168.05355834960938 91.504554748535156 -1 39.039524078369141 154.27165222167969 1932 164.48428344726562 102.16527557373047 11 173.5682373046875 39.521747589111328 -1 180.59620666503906 44.3023681640625 -1 168.70556640625 53.577388763427734 -1 178.19232177734375 53.426841735839844 -1 169.96035766601562 63.098388671875 -1 103.10259246826172 75.293731689453125 1823 169.70976257324219 168.9014892578125 2108 111.65261077880859 210.46389770507812 2098 40.824287414550781 167.8184814453125 1699 102.22377014160156 65.587295532226562 1897 152.72384643554688 156.37309265136719 2036 108.35216522216797 33.41259765625 1862 169.96035766601562 63.098388671875 80 169.96035766601562 63.098388671875 -1 154.92811584472656 99.475601196289062 311 149.84317016601562 103.41470336914062 -1 143.72042846679688 107.12107849121094 2138 147.71017456054688 159.71469116210938 2010 153.45755004882812 196.506591796875 1869 135.10401916503906 224.564453125 -1 34.918350219726562 147.3846435546875 1865 137.02587890625 222.06062316894531 -1 156.65756225585938 63.450725555419922 -1 126.79747009277344 9.6005964279174805 -1 137.02587890625 222.06062316894531 -1 135.10401916503906 224.564453125 -1 23.526182174682617 79.390602111816406 2131 114.08990478515625 2.0667498111724854 1919 165.66165161132812 62.460220336914062 1645 17.337930679321289 87.080848693847656 1985 8.9812841415405273 89.364776611328125 2077 171.98187255859375 89.597152709960938 842 164.48381042480469 177.09474182128906 1902 152.42765808105469 192.420166015625 2006 129.14491271972656 227.9586181640625 1845 115.54862976074219 31.822729110717773 1930 126.04864501953125 13.019852638244629 -1 126.04864501953125 13.019852638244629 -1 17.337930679321289 87.080848693847656 -1 8.9812841415405273 89.364776611328125 1918 98.911384582519531 28.497766494750977 1954 126.04864501953125 13.019852638244629 -1 
137 0.99513525628547428 0.073316463693101408 0.063475482829239802 -0.017360326286578895 -1.826278730770226 -0.72347252938144935 1.8895312958642765 1 000136.png
178.92893981933594 199.18000793457031 1765 42.224636077880859 116.56452178955078 1522 91.620986938476562 223.02546691894531 1766 42.224636077880859 116.56452178955078 2113 225.29893493652344 122.95975494384766 -1 134.44549560546875 222.11093139648438 1790 174.5028076171875 125.05419158935547 1455 102.105224609375 130.52696228027344 1648 174.5028076171875 125.05419158935547 1739 164.5816650390625 163.34358215332031 1837 164.5816650390625 163.34358215332031 1892 83.137557983398438 123.83591461181641 1767 88.679977416992188 142.06027221679688 1878 32.547122955322266 33.330513000488281 1791 192.18586730957031 71.901885986328125 2122 242.11312866210938 89.82110595703125 -1 165.27769470214844 145.25871276855469 1419 165.27769470214844 145.25871276855469 1793 126.98885345458984 13.946963310241699 -1 117.945556640625 25.81236457824707 2114 167.44088745117188 79.698112487792969 52 76.246597290039062 92.594085693359375 1333 37.205654144287109 142.90394592285156 -1 206.74761962890625 148.55410766601562 1893 193.42269897460938 114.35890960693359 1770 164.17486572265625 36.929035186767578 566 193.42269897460938 114.35890960693359 1149 167.44088745117188 79.698112487792969 49 117.945556640625 25.81236457824707 -1 85.552352905273438 106.78108978271484 1153 85.552352905273438 106.78108978271484 1896 141.44793701171875 229.31951904296875 -1 118.01888275146484 233.13505554199219 2065 118.01888275146484 233.13505554199219 -1 107.47586059570312 214.62022399902344 2055 95.195327758789062 194.12652587890625 1977 92.956314086914062 113.59719848632812 1834 190.40708923339844 103.47944641113281 1874 161.64164733886719 95.882781982421875 2124 206.29629516601562 63.515277862548828 -1 46.628360748291016 7.1309018135070801 1858 161.64164733886719 95.882781982421875 -1 113.84361267089844 225.39797973632812 2152 113.84361267089844 225.39797973632812 -1 141.44793701171875 229.31951904296875 1947 129.06069946289062 12.50297737121582 -1 100.42218780517578 32.937679290771484 1822 193.69664001464844 54.247554779052734 -1 156.73323059082031 78.255622863769531 -1 156.73323059082031 78.255622863769531 9 154.23869323730469 90.768524169921875 315 182.314208984375 96.021804809570312 506 15.151429176330566 100.38978576660156 1797 154.83924865722656 129.275146484375 -1 158.04216003417969 135.52328491210938 2035 173.08035278320312 52.353790283203125 75 78.79388427734375 163.680908203125 1911 154.83924865722656 129.275146484375 2011 15.151429176330566 100.38978576660156 1191 158.04216003417969 135.52328491210938 1999 158.04216003417969 135.52328491210938 2000 130.73164367675781 186.197021484375 1976 150.95925903320312 215.41864013671875 1914 130.73164367675781 186.197021484375 -1 150.95925903320312 215.41864013671875 1912 128.79176330566406 232.31814575195312 1825 102.49956512451172 145.58296203613281 -1 80.726860046386719 99.103263854980469 1033 167.94232177734375 91.457412719726562 -1 167.94232177734375 91.457412719726562 1495 103.64541625976562 80.2279052734375 1823 180.56329345703125 44.541275024414062 -1 54.465328216552734 185.52618408203125 2080 171.67848205566406 152.27285766601562 1672 80.726860046386719 99.103263854980469 1187 174.97610473632812 96.115959167480469 2111 80.726860046386719 99.103263854980469 1187 167.94232177734375 91.457412719726562 36 164.37261962890625 102.26284027099609 11 165.65107727050781 152.24665832519531 1899 165.65107727050781 152.24665832519531 1900 182.40354919433594 70.03472900390625 -1 164.37261962890625 102.26284027099609 -1 108.30592346191406 33.499538421630859 1862 39.947067260742188 156.84190368652344 1932 150.31036376953125 160.18038940429688 2036 47.018257141113281 172.14019775390625 1863 93.991020202636719 5.6561369895935059 1736 101.80416107177734 8.1592979431152344 1801 102.72048187255859 71.8037109375 1897 173.31916809082031 39.167564392089844 -1 178.21507263183594 53.391708374023438 -1 101.41485595703125 62.226688385009766 2030 169.950927734375 63.139560699462891 80 166.96603393554688 172.42250061035156 2108 37.106235504150391 151.15289306640625 1865 151.66567993164062 95.777549743652344 -1 169.950927734375 63.139560699462891 -1 200.53123474121094 135.01780700683594 1754 27.193763732910156 138.28193664550781 1386 111.98890686035156 147.84518432617188 2001 178.21507263183594 53.391708374023438 -1 44.119918823242188 166.44459533691406 -1 149.99578857421875 103.22315216064453 -1 111.19994354248047 212.18931579589844 2098 151.94061279296875 134.79203796386719 -1 177.35832214355469 158.22637939453125 1806 86.884910583496094 41.799610137939453 1847 10.897914886474609 92.917327880859375 1918 151.94061279296875 134.79203796386719 -1 191.175048828125 62.119159698486328 -1 86.884910583496094 41.799610137939453 2099 163.98193359375 176.56001281738281 2108 137.73941040039062 35.337177276611328 -1 10.897914886474609 92.917327880859375 2077 179.39680480957031 94.174362182617188 506 29.861988067626953 142.66935729980469 1982 31.466030120849609 145.93281555175781 -1 34.871471405029297 147.6424560546875 1865 33.437755584716797 150.11470031738281 -1 110.891845703125 137.31468200683594 1980 151.28071594238281 199.09982299804688 1869 127.65847015380859 229.35029602050781 1845 100.37130737304688 32.347160339355469 1954 163.560546875 57.950843811035156 -1 115.59504699707031 31.71888542175293 1930 129.08335876464844 15.480929374694824 -1 130.45179748535156 11.663885116577148 -1 114.39691162109375 1.8485060930252075 1919 133.62399291992188 183.41741943359375 2075 65.212394714355469 57.464931488037109 2004 189.89494323730469 49.477642059326172 -1 52.127979278564453 183.95704650878906 2080 171.947265625 89.54754638671875 842 154.6654052734375 99.251426696777344 311 203.93765258789062 136.02166748046875 1959 154.6654052734375 99.251426696777344 -1 
138 0.99515509234452482 0.073647201023224057 0.062640145382172996 -0.017850606396012266 -1.8303104073185887 -0.72229432232354562 1.8866642437313799 1 000135.png
178.20063781738281 198.96676635742188 1818 42.352870941162109 115.90969085693359 1522 91.605644226074219 222.11892700195312 1766 42.352870941162109 115.90969085693359 2113 224.42164611816406 122.67554473876953 2125 133.87442016601562 219.84541320800781 1790 207.99150085449219 97.90716552734375 1937 173.98187255859375 125.29239654541016 1455 102.02674865722656 130.4114990234375 1648 173.98187255859375 125.29239654541016 1739 82.91546630859375 123.89311981201172 1767 164.24224853515625 163.30294799804688 1837 164.24224853515625 163.30294799804688 1892 240.197509765625 89.2069091796875 -1 192.30224609375 114.38918304443359 1770 32.605293273925781 33.795711517333984 1791 192.16792297363281 71.641853332519531 2122 88.758575439453125 142.26168823242188 1878 164.4510498046875 145.0899658203125 1793 192.30224609375 114.38918304443359 1149 126.99320220947266 13.860867500305176 -1 164.13414001464844 36.915409088134766 566 167.438720703125 79.763046264648438 52 76.308235168457031 92.707054138183594 1333 117.97969055175781 25.762128829956055 2114 117.97969055175781 25.762128829956055 -1 167.438720703125 79.763046264648438 49 85.550796508789062 106.82969665527344 1896 85.550796508789062 106.82969665527344 1153 205.91441345214844 63.580581665039062 -1 171.73577880859375 52.324516296386719 75 107.37736511230469 213.62127685546875 2055 140.66064453125 227.93060302734375 1947 92.883766174316406 113.67060089111328 1834 180.346923828125 104.26519775390625 2027 189.49147033691406 103.69358825683594 1874 46.833145141601562 7.8662381172180176 1858 161.595703125 95.905174255371094 2124 113.56828308105469 224.546630859375 2152 180.346923828125 104.26519775390625 1030 180.346923828125 104.26519775390625 1714 140.66064453125 227.93060302734375 -1 128.349853515625 230.93734741210938 1825 193.74528503417969 54.220943450927734 -1 156.71514892578125 78.29571533203125 9 154.19296264648438 90.916587829589844 315 181.78199768066406 96.330085754394531 506 154.53643798828125 129.25663757324219 -1 78.64892578125 163.25030517578125 1911 130.16879272460938 185.70126342773438 -1 154.53643798828125 129.25663757324219 2011 154.53643798828125 129.25663757324219 -1 130.16879272460938 185.70126342773438 1976 150.47540283203125 214.05180358886719 1914 150.47540283203125 214.05180358886719 1912 100.17104339599609 32.864734649658203 1822 129.05372619628906 12.460845947265625 -1 167.91532897949219 91.477867126464844 36 80.812728881835938 99.175338745117188 1187 14.706168174743652 99.803436279296875 1797 157.291748046875 135.49609375 2035 167.91532897949219 91.477867126464844 1495 180.69049072265625 44.595615386962891 -1 174.90296936035156 95.984199523925781 2111 157.291748046875 135.49609375 1999 157.291748046875 135.49609375 2000 54.645378112792969 184.95477294921875 2080 80.812728881835938 99.175338745117188 1187 80.812728881835938 99.175338745117188 1033 167.91532897949219 91.477867126464844 -1 14.706168174743652 99.803436279296875 1191 184.48629760742188 74.15960693359375 -1 164.82470703125 102.29107666015625 -1 164.82470703125 102.29107666015625 11 164.85806274414062 152.07965087890625 1900 103.6824951171875 80.24298095703125 1823 164.85806274414062 152.07965087890625 1899 101.43989562988281 62.403175354003906 2030 182.71253967285156 70.219741821289062 -1 102.67099761962891 72.000938415527344 1897 149.73063659667969 159.92036437988281 2036 146.11569213867188 82.433090209960938 -1 93.100242614746094 103.44356536865234 -1 169.92672729492188 63.158004760742188 -1 178.32589721679688 53.288414001464844 -1 108.33355712890625 33.570713043212891 1862 173.91957092285156 39.574085235595703 -1 178.32589721679688 53.288414001464844 -1 199.51310729980469 60.934307098388672 1769 166.04010009765625 171.91252136230469 2108 169.92672729492188 63.158004760742188 80 149.78067016601562 106.74069976806641 -1 176.34246826171875 158.08493041992188 1806 37.884353637695312 159.14405822753906 1932 172.869384765625 79.521697998046875 1514 45.486106872558594 174.81117248535156 1863 150.02726745605469 103.11672210693359 -1 110.76171112060547 211.25086975097656 2098 163.10482788085938 176.213134765625 2108 179.48109436035156 94.009613037109375 506 130.24560546875 228.25531005859375 1845 202.36395263671875 63.251354217529297 -1 130.24560546875 228.25531005859375 1804 174.37594604492188 52.969017028808594 -1 170.22242736816406 172.87582397460938 1776 162.64828491210938 187.07987976074219 -1 130.24560546875 228.25531005859375 -1 154.6812744140625 99.273231506347656 -1 154.5068359375 102.60152435302734 311 11.283329963684082 93.105369567871094 1918 179.83969116210938 137.04525756835938 1778 62.011737823486328 59.852893829345703 2004 133.51296997070312 183.32293701171875 2075 174.76544189453125 55.916366577148438 -1 137.30355834960938 35.380638122558594 -1 189.97911071777344 63.847450256347656 -1 103.68165588378906 74.299324035644531 -1 100.33889770507812 32.336997985839844 1954 115.48986053466797 31.805097579956055 1930 11.283329963684082 93.105369567871094 2077 183.67251586914062 94.293846130371094 -1 183.67251586914062 94.293846130371094 -1 154.5068359375 102.60152435302734 -1 130.49107360839844 11.65269660949707 -1 114.00634765625 2.2329330444335938 1919 171.97825622558594 89.620094299316406 842 154.6812744140625 99.273231506347656 311 90.062606811523438 126.69919586181641 1920 47.829147338867188 173.44876098632812 1863 182.787353515625 73.946388244628906 -1 
139 0.99505684022189433 0.072863991800333192 0.064796310993700784 -0.018819179263402132 -1.8223887916833763 -0.72116248455261711 1.8939938710033308 1 000138.png
198.0438232421875 90.421012878417969 2149 198.0438232421875 90.421012878417969 2150 180.40168762207031 198.31015014648438 1765 41.524127960205078 114.24522399902344 1522 91.892448425292969 223.18310546875 1766 41.524127960205078 114.24522399902344 2113 135.235595703125 219.03372192382812 1790 101.88970947265625 127.42458343505859 1648 129.50172424316406 183.346435546875 1976 167.16093444824219 161.21275329589844 1892 167.16093444824219 161.21275329589844 1837 115.46148681640625 24.912839889526367 2114 82.8056640625 120.67510986328125 1767 115.46148681640625 24.912839889526367 -1 31.389801025390625 29.926252365112305 1791 195.62448120117188 110.89291381835938 1770 166.84245300292969 142.26957702636719 1793 195.62448120117188 110.89291381835938 1149 192.061767578125 70.722526550292969 2122 167.44429016113281 79.633323669433594 52 75.784767150878906 89.13031005859375 1333 209.63648986816406 145.37825012207031 1893 182.84452819824219 100.01110076904297 1030 182.84452819824219 100.01110076904297 1714 182.84452819824219 100.01110076904297 2027 149.43310546875 158.16725158691406 2036 95.456863403320312 192.94107055664062 1977 107.61483001708984 213.09739685058594 2055 114.27728271484375 224.46517944335938 2152 143.34004211425781 227.51791381835938 -1 129.68643188476562 231.31803894042969 1825 118.30181884765625 232.03755187988281 2065 161.5709228515625 95.634689331054688 -1 114.27728271484375 224.46517944335938 -1 92.639694213867188 110.33013916015625 1834 171.90029907226562 52.737506866455078 75 118.30181884765625 232.03755187988281 -1 104.07199859619141 97.439346313476562 -1 125.45628356933594 11.890931129455566 1981 99.407638549804688 30.643636703491211 1822 161.5709228515625 95.634689331054688 2124 192.28401184082031 99.80401611328125 1874 110.79476928710938 147.97770690917969 2001 248.44081115722656 99.85552978515625 2125 159.22871398925781 132.49873352050781 2035 156.70158386230469 78.150611877441406 9 198.196044921875 62.857471466064453 -1 193.88641357421875 54.204582214355469 -1 138.34346008300781 33.585636138916016 -1 156.70158386230469 78.150611877441406 -1 159.22871398925781 132.49873352050781 1999 159.22871398925781 132.49873352050781 2000 154.22274780273438 90.873077392578125 315 98.149116516113281 3.627321720123291 -1 147.67153930664062 41.222831726074219 -1 168.08981323242188 91.619140625 1495 80.201301574707031 95.856361389160156 1187 13.722396850585938 97.536506652832031 1797 159.8758544921875 99.30816650390625 -1 106.32190704345703 106.58255767822266 2067 181.37509155273438 108.60266876220703 2007 80.201301574707031 95.856361389160156 1187 80.201301574707031 95.856361389160156 1033 168.08981323242188 91.619140625 -1 168.08981323242188 91.619140625 36 53.589611053466797 183.82589721679688 2080 153.66120910644531 129.82752990722656 2126 13.722396850585938 97.536506652832031 1191 166.89820861816406 170.55354309082031 -1 89.336822509765625 119.96099090576172 1920 175.25410461425781 96.3978271484375 2111 153.66120910644531 129.82752990722656 -1 100.84293365478516 58.436916351318359 2030 164.79014587402344 102.10439300537109 11 173.48851013183594 39.448581695556641 -1 164.18875122070312 54.44635009765625 -1 169.93515014648438 63.11669921875 -1 102.24207305908203 67.677566528320312 1897 103.21749114990234 76.946075439453125 1823 184.74807739257812 90.066047668457031 2031 188.205810546875 95.778648376464844 -1 35.879032135009766 157.2767333984375 -1 39.101722717285156 155.44137573242188 1932 152.56556701660156 124.41094970703125 -1 203.24179077148438 131.16682434082031 1754 94.143913269042969 5.9045286178588867 1736 101.830810546875 8.0531520843505859 1801 108.30796813964844 33.376873016357422 1862 165.82194519042969 173.65579223632812 2108 180.49836730957031 44.25152587890625 -1 178.23739624023438 53.415794372558594 -1 168.86659240722656 53.726406097412109 -1 43.913543701171875 173.80401611328125 1863 169.93515014648438 63.11669921875 -1 178.23739624023438 53.415794372558594 -1 169.93515014648438 63.11669921875 80 154.90191650390625 99.517486572265625 311 149.94786071777344 103.0640869140625 -1 128.02685546875 10.338271141052246 -1 131.78228759765625 185.92500305175781 1976 111.410888671875 210.66786193847656 2098 206.08839416503906 133.13934326171875 1959 168.7725830078125 169.48348999023438 2108 204.97784423828125 60.158237457275391 -1 196.24667358398438 102.9605712890625 1984 190.965087890625 62.290340423583984 -1 35.715011596679688 148.60697937011719 1865 9.6678428649902344 90.219009399414062 1918 131.78228759765625 185.92500305175781 -1 172.85031127929688 79.629661560058594 1514 9.6678428649902344 90.219009399414062 2077 115.58039855957031 31.792587280273438 1930 99.513755798339844 29.735990524291992 1954 122.57632446289062 13.862467765808105 -1 29.262001037597656 135.20614624023438 1386 114.32707214355469 1.786327600479126 1919 171.95835876464844 89.571922302246094 842 43.184032440185547 165.17633056640625 -1 42.421642303466797 170.00318908691406 1863 47.852970123291016 181.03230285644531 -1 157.31010437011719 187.29432678222656 2014 158.57975769042969 189.94288635253906 2168 151.43934631347656 193.35459899902344 2006 17.932846069335938 88.380828857421875 1985 134.76251220703125 33.362888336181641 -1 17.932846069335938 88.380828857421875 -1 48.744159698486328 63.094005584716797 2109 189.97994995117188 49.427776336669922 -1 176.77549743652344 44.001628875732422 -1 134.76251220703125 33.362888336181641 -1 152.87648010253906 197.10614013671875 1869 
140 0.99494823412443845 0.072930880881536098 0.065739877360662669 -0.020913310381426943 -1.8206723679654473 -0.71888452122598356 1.8966545649227737 1 000140.png
196.40318298339844 89.165260314941406 2149 196.40318298339844 89.165260314941406 2150 196.40318298339844 89.165260314941406 2053 182.4638671875 196.81156921386719 1765 40.826885223388672 111.74273681640625 1522 92.312942504882812 222.9317626953125 1766 40.826885223388672 111.74273681640625 2113 121.24065399169922 95.787490844726562 2054 135.91664123535156 216.13374328613281 1790 130.09584045410156 181.11184692382812 1976 101.74253845214844 123.6439208984375 1648 115.35610198974609 24.822515487670898 -1 82.57763671875 116.58758544921875 1767 115.35610198974609 24.822515487670898 2114 198.12495422363281 106.2330322265625 1770 30.206457138061523 25.665237426757812 1791 191.74824523925781 74.669197082519531 -1 168.83792114257812 138.39579772949219 1793 167.32588195800781 79.643272399902344 52 75.348899841308594 84.911766052246094 1333 85.009246826171875 99.396949768066406 1153 212.26287841796875 142.35818481445312 1893 110.07788848876953 151.29400634765625 2043 110.07788848876953 151.29400634765625 -1 85.009246826171875 99.396949768066406 1896 133.24365234375 172.79475402832031 -1 97.846595764160156 27.311046600341797 -1 172.40480041503906 52.323596954345703 75 194.61470031738281 95.030754089355469 1874 92.296089172363281 106.40621948242188 1834 77.936210632324219 159.25999450683594 1911 95.670806884765625 190.53315734863281 1977 108.03117370605469 211.29222106933594 2055 114.94082641601562 223.07472229003906 2152 130.59739685058594 229.83302307128906 1825 161.65170288085938 95.964759826660156 2124 119.37838745117188 230.99919128417969 -1 193.68367004394531 67.369468688964844 2122 106.90348815917969 58.012794494628906 -1 192.53857421875 54.232311248779297 -1 119.37838745117188 230.99919128417969 2065 182.34877014160156 77.923561096191406 -1 150.53338623046875 154.8006591796875 2036 182.34877014160156 77.923561096191406 -1 161.65170288085938 95.964759826660156 -1 114.94082641601562 223.07472229003906 -1 133.38227844238281 175.96170043945312 2019 185.43766784667969 86.57147216796875 2031 154.3155517578125 91.065513610839844 315 12.626707077026367 94.563331604003906 1797 161.1055908203125 128.60160827636719 2035 156.75970458984375 78.120292663574219 -1 156.75970458984375 78.120292663574219 -1 109.0216064453125 130.49624633789062 1980 185.43766784667969 86.57147216796875 2066 12.626707077026367 94.563331604003906 1191 123.61178588867188 9.384425163269043 1981 156.75970458984375 78.120292663574219 9 169.38291931152344 145.12615966796875 1899 79.840606689453125 91.545921325683594 1033 249.64410400390625 89.734962463378906 -1 117.48603820800781 10.448524475097656 -1 52.573577880859375 181.48884582519531 2080 167.98414611816406 91.3900146484375 36 169.38291931152344 145.12615966796875 1900 79.840606689453125 91.545921325683594 1187 167.98414611816406 91.3900146484375 1495 167.98414611816406 91.3900146484375 -1 164.56044006347656 102.20127868652344 11 164.56044006347656 102.20127868652344 -1 100.61981201171875 54.552448272705078 2030 154.51512145996094 127.48691558837891 2126 206.04815673828125 127.45819091796875 1754 194.73277282714844 148.25312805175781 -1 194.73277282714844 148.25312805175781 1565 38.048007965087891 152.94001770019531 1932 23.322509765625 130.09037780761719 1982 153.2802734375 153.97894287109375 2036 44.797000885009766 167.16793823242188 1863 180.68418884277344 44.360527038574219 -1 168.57353210449219 53.333396911621094 -1 178.18446350097656 53.503898620605469 -1 167.822265625 170.68601989746094 2108 169.93843078613281 63.114578247070312 -1 102.91120910644531 72.767196655273438 1823 175.66928100585938 101.36735534667969 -1 102.25007629394531 63.310173034667969 1897 182.13632202148438 101.83653259277344 2007 169.93843078613281 63.114578247070312 80 169.93843078613281 63.114578247070312 -1 13.975071907043457 90.632705688476562 -1 43.520977020263672 171.50819396972656 1863 115.11167907714844 213.04454040527344 2058 148.50581359863281 157.03445434570312 2010 8.0543832778930664 86.902503967285156 2077 34.619003295898438 145.92562866210938 1865 8.0543832778930664 86.902503967285156 1918 199.34317016601562 98.457786560058594 1984 154.96891784667969 99.319168090820312 311 115.64859008789062 31.809286117553711 1930 98.29388427734375 26.631399154663086 1954 114.23326873779297 2.1018440723419189 1919 212.52229309082031 124.57078552246094 1846 41.954319000244141 63.967662811279297 1922 180.9326171875 88.971900939941406 -1 32.655155181884766 142.41123962402344 1865 173.95761108398438 174.03353881835938 -1 153.05967712402344 190.96257019042969 2006 9.4281177520751953 92.543907165527344 -1 16.841312408447266 84.756858825683594 1985 212.52229309082031 124.57078552246094 -1 48.030452728271484 59.517780303955078 2109 171.96537780761719 89.520965576171875 842 201.8765869140625 57.173027038574219 -1 189.97227478027344 49.406383514404297 -1 26.877668380737305 129.98918151855469 1386 91.13739013671875 124.93337249755859 1986 159.26936340332031 184.65843200683594 2014 
141 0.99481509285292091 0.073260040039111421 0.067157264885467874 -0.02158238491468378 -1.8159351346571726 -0.71939522221563168 1.9008681723928795 1 000141.png
198.57017517089844 87.414581298828125 2149 183.06886291503906 196.27920532226562 1765 198.57017517089844 87.414581298828125 2053 40.692295074462891 111.06820678710938 1522 92.541709899902344 222.98194885253906 1766 40.692295074462891 111.06820678710938 2113 121.13645172119141 94.399162292480469 2054 136.23616027832031 215.50999450683594 1790 130.09983825683594 180.32864379882812 1976 101.51380157470703 122.65910339355469 1648 188.05426025390625 125.29882049560547 -1 188.05426025390625 125.29882049560547 -1 170.67886352539062 157.82698059082031 1892 170.67886352539062 157.82698059082031 1837 115.26234436035156 24.777580261230469 -1 115.26234436035156 24.777580261230469 2114 169.26275634765625 137.45387268066406 1793 30.007940292358398 24.230451583862305 1791 191.29971313476562 73.502334594726562 -1 198.77995300292969 105.18137359619141 1770 241.3614501953125 88.862785339355469 -1 75.055564880371094 83.748008728027344 1333 185.39814758300781 94.59722900390625 2027 84.842674255371094 98.171302795410156 1153 212.48973083496094 142.04290771484375 1893 110.01873016357422 146.88935852050781 2043 167.20903015136719 79.651077270507812 52 185.39814758300781 94.59722900390625 1714 185.39814758300781 94.59722900390625 1030 84.842674255371094 98.171302795410156 1896 192.077392578125 54.199562072753906 -1 115.32904052734375 223.00901794433594 2152 130.71279907226562 229.44071960449219 1825 119.3626708984375 230.25546264648438 2065 185.54786682128906 85.866889953613281 2066 161.74708557128906 96.031867980957031 -1 150.79461669921875 153.79615783691406 2036 119.3626708984375 230.25546264648438 -1 98.013900756835938 26.679365158081055 -1 172.36210632324219 52.267276763916016 75 194.45350646972656 66.124404907226562 2122 185.54786682128906 85.866889953613281 2031 195.15116882324219 93.350273132324219 1874 161.74708557128906 96.031867980957031 2124 92.447601318359375 105.00602722167969 1834 77.770584106445312 158.34326171875 1911 133.51213073730469 174.04415893554688 2019 95.452590942382812 189.53701782226562 1977 108.31011962890625 210.80143737792969 2055 154.36175537109375 90.706138610839844 315 181.63870239257812 78.348739624023438 -1 156.77290344238281 78.030296325683594 9 106.03719329833984 57.096221923828125 -1 146.21885681152344 47.152561187744141 -1 109.04091644287109 129.35453796386719 1980 156.77290344238281 78.030296325683594 -1 156.77290344238281 78.030296325683594 -1 12.403249740600586 93.798904418945312 1191 161.42231750488281 127.56702423095703 2035 12.403249740600586 93.798904418945312 1797 123.10250091552734 8.7573404312133789 1981 163.17520141601562 63.295276641845703 -1 79.82427978515625 90.227012634277344 1187 168.08955383300781 91.470703125 36 174.97538757324219 95.822669982910156 2111 163.17520141601562 63.295276641845703 -1 52.674736022949219 181.38758850097656 2080 169.70985412597656 144.11680603027344 1900 159.9810791015625 99.363937377929688 -1 168.08955383300781 91.470703125 1495 79.82427978515625 90.227012634277344 1187 168.08955383300781 91.470703125 -1 169.70985412597656 144.11680603027344 1899 79.82427978515625 90.227012634277344 1033 180.76029968261719 44.345699310302734 -1 89.725791931152344 114.21504974365234 -1 160.81428527832031 120.14625549316406 2072 206.91740417480469 126.37158203125 1754 34.375179290771484 144.96096801757812 1865 171.47946166992188 165.51776123046875 2108 133.67532348632812 179.47663879394531 2075 111.94844818115234 208.33537292480469 2058 153.80148315429688 153.04426574707031 2036 39.726638793945312 156.5968017578125 -1 29.444307327270508 143.51736450195312 -1 108.43381500244141 33.626205444335938 1862 168.43052673339844 53.275074005126953 -1 178.10157775878906 53.448581695556641 -1 169.97616577148438 63.098239898681641 -1 155.25625610351562 64.279464721679688 -1 102.76081848144531 71.750137329101562 1823 250.09709167480469 89.62835693359375 -1 164.77247619628906 102.17491149902344 11 169.97616577148438 63.098239898681641 80 169.97616577148438 63.098239898681641 -1 155.25625610351562 64.279464721679688 -1 164.77247619628906 102.17491149902344 -1 149.88131713867188 103.12802886962891 -1 209.55023193359375 128.60075378417969 1959 143.47610473632812 108.73200988769531 -1 154.79856872558594 126.79696655273438 2126 37.693706512451172 152.05314636230469 1932 102.03307342529297 61.9312744140625 1897 183.34561157226562 70.040084838867188 -1 209.55023193359375 128.60075378417969 -1 7.9303927421569824 86.017799377441406 2077 156.97505187988281 93.044296264648438 -1 191.54322814941406 66.078880310058594 -1 7.9303927421569824 86.017799377441406 1918 13.735600471496582 89.582229614257812 -1 156.97505187988281 93.044296264648438 -1 113.26931762695312 2.49493408203125 1919 148.56098937988281 156.10505676269531 2010 155.07098388671875 99.44439697265625 311 44.575973510742188 166.85380554199219 1863 168.09982299804688 169.99772644042969 2108 97.558151245117188 26.130901336669922 1954 90.594772338867188 160.14547729492188 2148 169.10426330566406 96.134712219238281 -1 172.03062438964844 89.523429870605469 842 180.95716857910156 88.942581176757812 -1 178.38482666015625 86.36248779296875 -1 80.005836486816406 41.461700439453125 -1 115.66355133056641 31.838891983032227 1930 102.42286682128906 14.242819786071777 -1 41.592109680175781 161.25587463378906 -1 153.56871032714844 189.95211791992188 2006 178.38482666015625 86.36248779296875 -1 65.052886962890625 210.24610900878906 -1 159.78724670410156 183.18241882324219 2014 201.87741088867188 137.86557006835938 -1 
142 0.9949644958103967 0.07385221265501786 0.065168792829837119 -0.018561551762255279 -1.8212392104474002 -0.72412044318215518 1.8941588263039435 1 000137.png
199.17417907714844 90.559799194335938 2149 199.17417907714844 90.559799194335938 2150 179.86790466308594 198.91120910644531 1765 41.745155334472656 115.10721588134766 1522 91.810585021972656 223.29385375976562 1766 41.745155334472656 115.10721588134766 2113 226.66596984863281 124.13237762451172 -1 135.05047607421875 219.87815856933594 1790 101.91243743896484 128.44413757324219 1648 165.8880615234375 161.71163940429688 1837 165.8880615234375 161.71163940429688 1892 82.790695190429688 121.45696258544922 1767 115.54430389404297 24.970979690551758 2114 115.54430389404297 24.970979690551758 -1 194.87759399414062 111.80764770507812 1770 31.809005737304688 31.153081893920898 1791 192.42820739746094 71.020713806152344 2122 88.281120300292969 139.83981323242188 1878 166.37690734863281 143.32296752929688 1793 194.87759399414062 111.80764770507812 1149 126.09344482421875 12.758265495300293 -1 167.44483947753906 79.676582336425781 52 75.897964477539062 90.28778076171875 1333 208.86215209960938 146.75955200195312 1893 244.62675476074219 89.906532287597656 -1 182.31982421875 100.99017333984375 2027 85.314697265625 104.76578521728516 1153 182.31982421875 100.99017333984375 1714 182.31982421875 100.99017333984375 1030 85.314697265625 104.76578521728516 1896 165.32637023925781 36.802463531494141 566 92.647026062011719 111.54582214355469 1834 149.4722900390625 158.9256591796875 2036 113.99018859863281 224.79098510742188 2152 142.57748413085938 227.96562194824219 -1 118.09858703613281 232.32183837890625 2065 161.59381103515625 95.73187255859375 -1 113.99018859863281 224.79098510742188 -1 142.57748413085938 227.96562194824219 1947 107.41670227050781 213.699951171875 2055 118.09858703613281 232.32183837890625 -1 99.771400451660156 31.476167678833008 1822 172.41387939453125 52.278671264648438 75 161.59381103515625 95.73187255859375 2124 191.70576477050781 100.89263153076172 1874 167.72966003417969 91.234359741210938 -1 129.01780700683594 232.1929931640625 1825 167.72966003417969 91.234359741210938 1495 193.73167419433594 54.289039611816406 -1 167.72966003417969 91.234359741210938 36 154.28561401367188 90.996185302734375 315 156.73324584960938 78.182769775390625 9 198.144287109375 63.006183624267578 -1 132.9449462890625 178.96226501464844 2019 154.16403198242188 129.56535339355469 -1 156.73324584960938 78.182769775390625 -1 248.493896484375 99.909263610839844 -1 154.16403198242188 129.56535339355469 2011 158.81417846679688 133.61972045898438 1999 158.81417846679688 133.61972045898438 2000 248.493896484375 99.909263610839844 -1 158.81417846679688 133.61972045898438 2035 98.146102905273438 3.3544116020202637 -1 80.321495056152344 96.92181396484375 1033 137.98191833496094 34.022357940673828 -1 13.825604438781738 98.671852111816406 1191 208.62054443359375 69.948478698730469 -1 80.321495056152344 96.92181396484375 1187 13.825604438781738 98.671852111816406 1797 159.88114929199219 99.246307373046875 -1 175.184814453125 96.207321166992188 2111 106.32422637939453 107.18470001220703 2067 53.689182281494141 184.56965637207031 2080 111.46808624267578 147.16683959960938 2001 108.25199127197266 123.43106079101562 -1 159.72129821777344 60.115093231201172 -1 103.31797027587891 78.208206176757812 1823 205.20994567871094 60.934627532958984 -1 180.70570373535156 44.450450897216797 -1 103.49184417724609 143.2435302734375 -1 151.39808654785156 158.50753784179688 2036 45.890712738037109 169.95938110351562 1863 168.02853393554688 170.91543579101562 2108 131.440185546875 185.95216369628906 1976 184.573974609375 91.295257568359375 2031 121.43450164794922 6.3650550842285156 1981 108.35723876953125 33.590946197509766 1862 173.79974365234375 39.583854675292969 -1 149.74992370605469 43.641941070556641 -1 178.15782165527344 53.556373596191406 -1 169.92164611816406 63.170166015625 80 102.33998107910156 69.143455505371094 1897 182.87809753417969 69.989944458007812 -1 38.331897735595703 79.71368408203125 -1 83.0491943359375 85.832756042480469 -1 25.221124649047852 134.92355346679688 1386 178.15782165527344 53.556373596191406 -1 169.92164611816406 63.170166015625 -1 169.92164611816406 63.170166015625 -1 131.440185546875 185.95216369628906 -1 84.949981689453125 111.93015289306641 2093 9.9467334747314453 91.194816589355469 2077 164.75503540039062 175.721435546875 2108 154.93739318847656 99.467941284179688 311 94.3375244140625 5.7684698104858398 1736 123.05712890625 14.710994720458984 -1 164.14950561523438 55.645164489746094 -1 111.29583740234375 210.82722473144531 2098 204.12701416015625 136.02224731445312 1959 9.9467334747314453 91.194816589355469 1918 62.851211547851562 57.111221313476562 2144 174.82771301269531 55.998580932617188 -1 189.93144226074219 49.477096557617188 -1 78.169662475585938 45.927841186523438 -1 115.59506225585938 31.706121444702148 1930 128.99812316894531 10.678625106811523 -1 114.20969390869141 1.9836941957473755 1919 28.326023101806641 133.33740234375 1386 151.64370727539062 189.60064697265625 -1 26.962543487548828 82.937461853027344 2131 150.78816223144531 194.46194458007812 2006 39.081199645996094 156.87992858886719 1932 41.024265289306641 161.18331909179688 -1 143.81668090820312 110.43634033203125 2138 42.888919830322266 164.9205322265625 -1 178.86880493164062 105.90302276611328 2007 143.39646911621094 174.53852844238281 -1 78.169662475585938 45.927841186523438 -1 26.962543487548828 82.937461853027344 2009 221.42167663574219 78.004669189453125 -1 164.34112548828125 182.78178405761719 -1 133.56724548339844 183.39027404785156 2075 171.98283386230469 89.604278564453125 842 156.88597106933594 187.77900695800781 2014 146.79981994628906 161.17655944824219 2010 176.78129577636719 43.927394866943359 -1 
143 0.9948345731721957 0.072723693155232416 0.067232151898389991 -0.022254757385120071 -1.815984359903817 -0.71816013009743884 1.9013835128503564 1 000142.png
198.32559204101562 85.851242065429688 2053 184.16603088378906 196.34609985351562 1818 198.32559204101562 85.851242065429688 2149 40.325908660888672 109.42524719238281 1522 93.438026428222656 223.50730895996094 1766 40.325908660888672 109.42524719238281 2113 121.07463836669922 92.693412780761719 2054 136.72694396972656 214.28436279296875 1790 140.99964904785156 31.725151062011719 1711 101.28137969970703 120.1417236328125 1648 171.04661560058594 155.13330078125 1892 171.04661560058594 155.13330078125 1837 115.26622772216797 24.804798126220703 -1 115.26622772216797 24.804798126220703 2114 151.51925659179688 55.858070373535156 -1 29.381181716918945 21.685047149658203 1791 241.46209716796875 88.734748840332031 -1 200.17803955078125 102.6844482421875 1770 169.98506164550781 135.06950378417969 1793 74.742752075195312 80.836616516113281 1333 167.21940612792969 79.597404479980469 52 196.81135559082031 90.436393737792969 1874 173.66554260253906 92.645149230957031 -1 84.467208862304688 95.388671875 1896 214.35678100585938 139.58393859863281 1893 190.65715026855469 53.848651885986328 -1 167.21940612792969 79.597404479980469 142 173.66554260253906 92.645149230957031 -1 84.467208862304688 95.388671875 1153 120.08096313476562 229.17987060546875 2065 185.95500183105469 84.884605407714844 2031 120.08096313476562 229.17987060546875 -1 172.19235229492188 52.250011444091797 75 130.76730346679688 228.53619384765625 1825 97.338233947753906 25.025178909301758 -1 185.95500183105469 84.884605407714844 2066 161.71092224121094 95.950431823730469 2124 91.768020629882812 102.5076904296875 1834 151.41770935058594 151.47506713867188 2036 133.62602233886719 172.67840576171875 2019 95.734107971191406 188.38131713867188 1977 184.76103210449219 100.58631896972656 2007 78.492500305175781 156.30485534667969 1911 156.77796936035156 78.01104736328125 9 108.85317230224609 209.98226928710938 2055 195.86006164550781 64.049606323242188 2122 156.77796936035156 78.01104736328125 -1 156.77796936035156 78.01104736328125 -1 106.53983306884766 57.639064788818359 -1 181.51893615722656 77.898941040039062 -1 146.69241333007812 47.733654022216797 2044 11.919011116027832 92.187431335449219 1191 154.41105651855469 90.738418579101562 315 11.919011116027832 92.187431335449219 1797 168.61506652832031 53.380863189697266 -1 79.169670104980469 87.663192749023438 1187 167.94300842285156 91.298904418945312 36 52.342323303222656 179.79930114746094 2080 105.48422241210938 97.381248474121094 2067 167.94300842285156 91.298904418945312 -1 167.94300842285156 91.298904418945312 1495 79.169670104980469 87.663192749023438 1033 162.21791076660156 125.31416320800781 2035 107.28041839599609 113.25028991699219 -1 160.04046630859375 99.436485290527344 -1 164.85134887695312 102.11669921875 -1 164.85134887695312 102.11669921875 11 108.33561706542969 33.329376220703125 1862 180.69888305664062 44.311176300048828 -1 178.13433837890625 53.519504547119141 -1 102.36469268798828 68.987953186035156 1823 182.73942565917969 69.898521423339844 -1 36.335334777832031 72.592559814453125 2092 208.00576782226562 124.42584228515625 1754 37.307735443115234 150.38453674316406 1932 172.25244140625 163.96560668945312 2108 44.336654663085938 165.02174377441406 -1 44.336654663085938 165.02174377441406 -1 169.96307373046875 63.092521667480469 -1 154.41609191894531 150.98759460449219 2036 122.17583465576172 7.4200730323791504 1981 169.96307373046875 63.092521667480469 80 169.96307373046875 63.092521667480469 -1 154.96675109863281 192.28680419921875 1869 7.2068581581115723 84.158279418945312 1918 179.38230895996094 95.085128784179688 506 183.06964111328125 96.982353210449219 -1 155.04020690917969 99.440467834472656 311 149.91070556640625 103.01437377929688 -1 184.20698547363281 93.858039855957031 -1 112.91424560546875 207.80679321289062 2098 118.81473541259766 218.8179931640625 2069 146.49322509765625 81.449264526367188 -1 184.20698547363281 93.858039855957031 -1 7.2068581581115723 84.158279418945312 2077 171.98855590820312 89.570198059082031 842 157.03248596191406 93.246055603027344 -1 16.222736358642578 82.133995056152344 1985 208.92681884765625 95.810630798339844 1469 199.63031005859375 97.572746276855469 1984 89.310447692871094 99.495658874511719 -1 187.07792663574219 100.64054107666016 -1 162.53173828125 117.32511901855469 2072 142.58491516113281 118.48575592041016 -1 26.073968887329102 127.23648071289062 1386 32.166400909423828 140.68765258789062 1865 13.444097518920898 81.12890625 -1 22.895961761474609 80.556221008300781 -1 30.573976516723633 74.980026245117188 -1 48.705303192138672 61.979648590087891 2145 101.75826263427734 58.586395263671875 1897 180.90069580078125 85.500648498535156 -1 81.603996276855469 32.436355590820312 -1 97.42071533203125 24.141561508178711 1954 141.45152282714844 17.961208343505859 -1 109.22074127197266 5.3921017646789551 -1 113.94699859619141 2.0884640216827393 1919 133.83303833007812 178.82266235351562 2075 160.20281982421875 182.06521606445312 2014 154.50804138183594 183.70564270019531 2076 109.22074127197266 5.3921017646789551 -1 180.90069580078125 85.500648498535156 -1 180.94200134277344 88.939598083496094 -1 13.143274307250977 87.449577331542969 -1 180.94200134277344 88.939598083496094 -1 153.65370178222656 188.65805053710938 2006 23.001571655273438 74.113899230957031 -1 157.68409729003906 185.93429565429688 -1 94.53350830078125 23.173442840576172 -1 
144 0.99477751336968412 0.072261346687555433 0.066416616606578049 -0.028014812286786414 -1.826593314085794 -0.70201411425666838 1.8986759617088205 1 000144.png
152.86686706542969 101.40071868896484 -1 152.86686706542969 101.40071868896484 -1 184.97537231445312 194.33808898925781 1765 195.73393249511719 79.195533752441406 2053 36.419158935546875 105.8353271484375 1522 135.53225708007812 208.43550109863281 1790 91.8623046875 223.22030639648438 1766 36.419158935546875 105.8353271484375 2113 120.75814819335938 88.257423400878906 2054 138.4210205078125 29.023908615112305 1711 99.749290466308594 113.60945892333984 1648 192.84881591796875 116.08568572998047 2161 170.95718383789062 149.69775390625 1837 170.95718383789062 149.69775390625 1892 132.49076843261719 223.01631164550781 -1 132.49076843261719 223.01631164550781 -1 171.41642761230469 127.60958099365234 1793 10.625894546508789 60.577800750732422 -1 115.88179016113281 25.054065704345703 -1 115.88179016113281 25.054065704345703 2114 10.625894546508789 60.577800750732422 -1 186.45892333984375 80.675857543945312 2066 241.61247253417969 88.320709228515625 -1 174.02272033691406 91.51275634765625 -1 202.57746887207031 94.799156188964844 1770 157.78363037109375 115.95433044433594 2139 217.39163208007812 134.57667541503906 1893 133.29048156738281 159.56968688964844 -1 24.040704727172852 14.156062126159668 1791 85.651634216308594 38.9547119140625 2151 111.04590606689453 64.999481201171875 -1 133.29048156738281 159.56968688964844 -1 71.439903259277344 73.286819458007812 1333 189.08328247070312 52.916458129882812 -1 146.74838256835938 47.096603393554688 2087 81.551139831542969 88.005561828613281 1153 81.551139831542969 88.005561828613281 1896 198.64225769042969 82.163139343261719 1874 152.77313232421875 144.41249084472656 2036 166.8563232421875 79.701423645019531 52 108.38961029052734 208.0718994140625 2055 88.684761047363281 95.92803955078125 1834 161.71549987792969 96.04864501953125 2124 75.3670654296875 152.95426940917969 1911 94.621955871582031 185.82025146484375 1977 119.97862243652344 227.14671325683594 2065 88.684761047363281 95.92803955078125 1834 179.31520080566406 120.22534942626953 -1 159.05514526367188 49.432907104492188 2164 172.60700988769531 53.740150451660156 75 48.800273895263672 177.25808715820312 2080 6.0194120407104492 87.360038757324219 1191 154.56820678710938 91.084236145019531 315 187.763427734375 93.947731018066406 -1 156.8248291015625 77.806739807128906 -1 156.8248291015625 77.806739807128906 9 156.8248291015625 77.806739807128906 -1 6.0194120407104492 87.360038757324219 1797 167.98625183105469 91.220451354980469 1495 160.08114624023438 99.290115356445312 -1 167.235107421875 58.527061462402344 1645 112.29423522949219 116.04563140869141 2169 161.00175476074219 56.684879302978516 -1 35.446643829345703 54.551120758056641 1922 167.5625 52.413547515869141 -1 180.88177490234375 44.550048828125 -1 100.92827606201172 42.090774536132812 -1 93.967971801757812 25.056861877441406 2166 167.98625183105469 91.220451354980469 36 179.65802001953125 134.6595458984375 1672 117.19960021972656 9.6937017440795898 -1 117.19960021972656 9.6937017440795898 -1 117.19960021972656 9.6937017440795898 -1 161.00175476074219 56.684879302978516 -1 167.235107421875 58.527061462402344 -1 167.235107421875 58.527061462402344 -1 32.621284484863281 67.611167907714844 2092 25.247150421142578 72.604705810546875 -1 6.7058706283569336 79.594352722167969 1214 210.61174011230469 117.033935546875 1754 101.26222991943359 60.550342559814453 1823 14.071972846984863 74.478141784667969 1934 20.024192810058594 75.257484436035156 -1 0.80143582820892334 78.237625122070312 2077 179.917724609375 94.384567260742188 -1 81.671913146972656 95.868423461914062 2093 164.77383422851562 102.19587707519531 11 155.54196166992188 144.56719970703125 2036 34.315982818603516 150.73042297363281 1932 134.21696472167969 172.25630187988281 2075 28.753559112548828 138.94790649414062 1865 100.28333282470703 51.155670166015625 1897 94.494232177734375 18.593589782714844 1954 108.49305725097656 33.535003662109375 1862 64.654975891113281 34.507884979248047 1520 71.950897216796875 39.133575439453125 -1 58.227962493896484 48.774478912353516 2170 42.951377868652344 49.786693572998047 2109 178.11260986328125 53.685028076171875 -1 169.873046875 63.017623901367188 -1 67.860588073730469 67.131912231445312 1213 178.11260986328125 53.685028076171875 -1 169.873046875 63.017623901367188 -1 14.071972846984863 74.478141784667969 -1 0.80143582820892334 78.237625122070312 1918 179.917724609375 94.384567260742188 506 16.379554748535156 76.688591003417969 -1 122.47791290283203 222.60646057128906 -1 129.88859558105469 222.02201843261719 1804 81.976112365722656 148.10890197753906 -1 91.784255981445312 16.596406936645508 -1 131.09083557128906 26.039304733276367 -1 84.399658203125 29.427112579345703 2099 151.52494812011719 75.529640197753906 -1 211.31689453125 87.374763488769531 1469 155.14558410644531 99.512481689453125 311 81.976112365722656 148.10890197753906 2097 131.09083557128906 26.039304733276367 -1 149.7017822265625 148.11434936523438 -1 129.88859558105469 222.02201843261719 1845 149.7017822265625 148.11434936523438 2010 156.04397583007812 178.79548645019531 2076 112.34130096435547 205.64485168457031 2098 119.01607513427734 216.77430725097656 2069 155.54385375976562 183.55987548828125 2006 86.957077026367188 109.285400390625 -1 20.748025894165039 123.02893829345703 1386 172.33082580566406 60.250259399414062 -1 172.33082580566406 60.250259399414062 -1 171.99526977539062 89.541236877441406 842 172.33082580566406 60.250259399414062 -1 163.21435546875 45.839012145996094 -1 115.53868865966797 31.7969970703125 1930 108.98292541503906 14.819257736206055 -1 163.21435546875 45.839012145996094 -1 162.10704040527344 176.58103942871094 2014 90.862075805664062 163.01641845703125 -1 147.00825500488281 161.13763427734375 -1 139.96392822265625 170.41624450683594 -1 139.96392822265625 170.41624450683594 -1 
145 0.99493349383309071 0.071059219895549836 0.065617246349043812 -0.02742821719478258 -1.8292694271974552 -0.70663257175592986 1.895423297615227 1 000145.png
135.50906372070312 102.79409027099609 -1 135.50906372070312 102.79409027099609 -1 184.58328247070312 194.08280944824219 1765 33.039859771728516 101.61458587646484 1522 133.62583923339844 205.92658996582031 -1 89.86407470703125 223.13671875 1766 33.039859771728516 101.61458587646484 2113 195.36299133300781 74.93304443359375 2053 120.85912322998047 84.959587097167969 2054 136.54191589355469 26.521764755249023 -1 98.507476806640625 107.56150054931641 1648 172.73432922363281 144.94709777832031 1892 180.44831848144531 139.95486450195312 -1 161.46551513671875 41.625152587890625 -1 110.96703338623047 64.181663513183594 -1 83.229904174804688 120.75584411621094 1878 172.83932495117188 121.99395751953125 1793 19.443796157836914 7.9465551376342773 1791 116.93367004394531 25.582063674926758 -1 85.060386657714844 32.776004791259766 2151 144.39384460449219 43.571353912353516 2087 204.50790405273438 89.090530395507812 1770 241.62516784667969 88.01910400390625 -1 158.25140380859375 112.56063079833984 2139 116.93367004394531 25.582063674926758 2114 167.58055114746094 78.932037353515625 52 79.449836730957031 81.416336059570312 1153 218.64686584472656 129.05616760253906 1893 153.89739990234375 138.27784729003906 2036 106.33280181884766 205.45954895019531 2055 130.50001525878906 224.44119262695312 1825 187.85305786132812 52.123882293701172 -1 172.70298767089844 92.290748596191406 -1 68.910041809082031 66.566658020019531 1333 172.70298767089844 92.290748596191406 -1 79.449836730957031 81.416336059570312 1896 188.28749084472656 75.646659851074219 2066 200.29981994628906 76.54437255859375 1874 172.70298767089844 92.290748596191406 -1 73.248779296875 149.42518615722656 1911 161.51495361328125 95.549400329589844 2124 93.363609313964844 183.68060302734375 1977 115.61907958984375 219.38552856445312 2152 120.04412841796875 226.96646118164062 2065 161.51495361328125 95.549400329589844 -1 163.03776550292969 113.79804229736328 2035 116.73928833007812 10.500550270080566 -1 44.639926910400391 174.34442138671875 2080 158.97056579589844 43.883037567138672 2164 122.81101989746094 8.1924209594726562 1981 116.73928833007812 10.500550270080566 -1 173.18319702148438 53.199184417724609 75 73.81097412109375 73.514350891113281 1187 156.81512451171875 77.767227172851562 -1 154.62245178222656 91.421478271484375 315 116.73928833007812 10.500550270080566 -1 156.81512451171875 77.767227172851562 9 156.81512451171875 77.767227172851562 -1 17.200778961181641 58.284954071044922 2142 100.43217468261719 53.572925567626953 1823 191.19387817382812 68.804412841796875 -1 179.47477722167969 78.596611022949219 -1 108.58329010009766 84.340194702148438 -1 32.359344482421875 48.584793090820312 1922 180.89378356933594 44.559173583984375 -1 99.74163818359375 44.987838745117188 1897 111.60514831542969 23.400363922119141 2143 194.49995422363281 53.848640441894531 -1 93.102401733398438 19.744205474853516 2166 191.19387817382812 68.804412841796875 -1 167.94841003417969 91.129096984863281 36 153.56571960449219 129.43254089355469 -1 159.97807312011719 99.039588928222656 -1 212.81455993652344 111.58512878417969 1754 153.56571960449219 129.43254089355469 -1 167.94841003417969 91.129096984863281 1495 164.91104125976562 101.95889282226562 -1 164.91104125976562 101.95889282226562 11 155.429931640625 186.51373291015625 -1 155.429931640625 186.51373291015625 -1 153.22447204589844 122.83698272705078 -1 153.22447204589844 122.83698272705078 -1 115.86747741699219 30.493495941162109 1930 161.79144287109375 49.558059692382812 -1 92.693450927734375 13.985795974731445 1954 130.01824951171875 20.222204208374023 -1 62.461845397949219 29.18389892578125 1520 76.48455810546875 61.44097900390625 -1 58.009651184082031 32.354438781738281 2144 161.79144287109375 49.558059692382812 -1 169.88929748535156 63.112716674804688 -1 178.23321533203125 53.552375793457031 -1 154.52139282226562 64.999740600585938 -1 169.88929748535156 63.112716674804688 -1 154.52139282226562 64.999740600585938 -1 79.505958557128906 89.11041259765625 2093 179.95428466796875 94.277519226074219 506 168.73426818847656 96.524635314941406 -1 175.47174072265625 101.23316955566406 -1 94.7598876953125 120.53752136230469 -1 130.01824951171875 20.222204208374023 -1 35.885372161865234 159.31462097167969 1863 122.35875701904297 221.65802001953125 -1 42.482200622558594 51.498249053955078 2145 130.11360168457031 220.13078308105469 -1 156.47236633300781 139.56748962402344 2036 60.1258544921875 209.66691589355469 -1 143.41255187988281 36.089176177978516 -1 17.709981918334961 122.33730316162109 -1 130.11360168457031 220.13078308105469 1804 130.11360168457031 220.13078308105469 1845 157.25041198730469 174.42094421386719 2076 90.624191284179688 11.737936973571777 2146 213.08131408691406 81.944732666015625 -1 166.1175537109375 89.635208129882812 -1 171.95756530761719 89.512336730957031 842 200.85285949707031 96.627159118652344 2147 117.75253295898438 200.58290100097656 -1 75.096931457519531 87.852859497070312 -1 15.765274047851562 118.42071533203125 1386 90.621795654296875 156.04296875 2148 196.43154907226562 81.246086120605469 2149 75.096931457519531 87.852859497070312 -1 155.15974426269531 99.455513000488281 311 163.58381652832031 172.16975402832031 2014 156.7548828125 179.47721862792969 2006 65.271652221679688 219.74867248535156 -1 196.43154907226562 81.246086120605469 2150 
146 0.99484129189582471 0.071918472254555277 0.066659009679668604 -0.025982950489566375 -1.8231415198393002 -0.70612503107944924 1.900423369745698 1 000143.png
184.76148986816406 194.88020324707031 1765 195.85145568847656 80.558158874511719 2053 38.09368896484375 107.54000091552734 1522 136.19729614257812 210.12741088867188 1790 92.897590637207031 224.04757690429688 1766 38.09368896484375 107.54000091552734 2113 120.79296875 89.604209899902344 2054 139.53398132324219 30.321004867553711 1711 129.80131530761719 176.48780822753906 1976 100.41500854492188 116.17314910888672 1648 170.20884704589844 152.17277526855469 1837 170.20884704589844 152.17277526855469 1892 115.49655151367188 24.98553466796875 -1 12.798100471496582 62.799583435058594 -1 80.172622680664062 108.71090698242188 1767 115.49655151367188 24.98553466796875 2114 201.64407348632812 97.680259704589844 1770 157.549560546875 117.33028411865234 2139 170.9432373046875 130.3028564453125 1793 26.211061477661133 16.937520980834961 1791 173.72705078125 91.826675415039062 -1 147.56507873535156 48.1107177734375 2087 189.50689697265625 53.265796661376953 -1 72.753746032714844 76.242324829101562 1333 166.85304260253906 79.712333679199219 52 185.89920043945312 83.459396362304688 2066 197.81459045410156 85.186454772949219 1874 82.739952087402344 90.87799072265625 1153 216.07107543945312 135.38723754882812 1893 82.739952087402344 90.87799072265625 1896 130.78782653808594 227.24623107910156 1825 140.9688720703125 35.61468505859375 -1 108.87065124511719 208.9124755859375 2055 95.317703247070312 186.98783874511719 1977 152.00352478027344 147.40827941894531 2036 90.488395690917969 97.969642639160156 1834 161.88690185546875 96.008903503417969 2124 171.24174499511719 52.268314361572266 75 121.04930877685547 228.91484069824219 2065 156.83650207519531 77.831932067871094 9 8.2266349792480469 89.33624267578125 1797 178.58378601074219 122.92130279541016 -1 50.623191833496094 178.15850830078125 2080 187.17599487304688 97.468498229980469 -1 154.42098999023438 91.249900817871094 315 8.2266349792480469 89.33624267578125 1191 156.83650207519531 77.831932067871094 -1 156.83650207519531 77.831932067871094 -1 159.25050354003906 57.725631713867188 -1 76.651405334472656 154.29771423339844 1911 194.06036376953125 54.0174560546875 -1 159.25050354003906 57.725631713867188 -1 159.25050354003906 57.725631713867188 -1 160.35385131835938 51.582313537597656 -1 180.85365295410156 44.545558929443359 -1 134.96449279785156 32.663749694824219 -1 138.36871337890625 27.86866569519043 -1 117.42488861083984 9.6072149276733398 -1 178.729736328125 137.4727783203125 1672 167.98570251464844 91.262474060058594 1495 167.98570251464844 91.262474060058594 36 186.32258605957031 95.7279052734375 -1 160.01640319824219 99.379890441894531 -1 95.279190063476562 26.750146865844727 2166 181.46630859375 83.4324951171875 -1 77.634101867675781 82.95147705078125 1187 77.634101867675781 82.95147705078125 1033 160.35385131835938 51.582313537597656 2164 117.42488861083984 9.6072149276733398 -1 77.634101867675781 82.95147705078125 1187 34.280681610107422 69.798065185546875 2092 167.88893127441406 53.521965026855469 -1 209.64933776855469 119.46788787841797 1754 164.65078735351562 102.15544128417969 -1 184.80288696289062 93.029067993164062 -1 109.21620178222656 14.577642440795898 -1 83.737655639648438 24.647754669189453 -1 89.515159606933594 29.208740234375 -1 108.4620361328125 33.493118286132812 1862 66.062591552734375 36.840496063232422 1520 50.725200653076172 47.884033203125 1656 44.263889312744141 52.511051177978516 2109 178.14106750488281 53.583515167236328 -1 169.88703918457031 63.077144622802734 -1 101.94203948974609 63.553977966308594 1823 155.17289733886719 64.404670715332031 -1 39.913192749023438 64.957054138183594 -1 10.461885452270508 76.179145812988281 1209 146.29281616210938 82.402259826660156 -1 179.85372924804688 94.396705627441406 -1 175.312744140625 96.037834167480469 2110 82.267227172851562 98.734092712402344 2093 164.65078735351562 102.15544128417969 11 31.167072296142578 141.24223327636719 1865 42.063785552978516 163.44586181640625 1863 134.2376708984375 174.16899108886719 2075 69.245445251464844 70.188011169433594 1213 178.14106750488281 53.583515167236328 -1 169.88703918457031 63.077144622802734 -1 155.17289733886719 64.404670715332031 -1 179.85372924804688 94.396705627441406 506 175.312744140625 96.037834167480469 2111 95.645530700683594 20.580211639404297 1954 92.248146057128906 19.223657608032227 -1 132.11460876464844 28.786008834838867 -1 165.0238037109375 56.493839263916016 -1 92.248146057128906 19.223657608032227 -1 155.14718627929688 146.89518737792969 2036 132.11460876464844 28.786008834838867 -1 105.73973083496094 35.653903961181641 -1 165.0238037109375 56.493839263916016 -1 46.656307220458984 58.986618041992188 2145 190.53839111328125 72.280746459960938 -1 190.53839111328125 72.280746459960938 -1 24.763736724853516 74.211509704589844 2142 19.278816223144531 78.261444091796875 -1 172.14976501464844 80.459304809570312 1514 3.4013011455535889 80.99755859375 2077 129.86941528320312 222.96974182128906 1845 197.88223266601562 105.24048614501953 2147 23.004453659057617 124.36487579345703 1386 167.37435913085938 139.43574523925781 -1 155.5787353515625 180.4710693359375 2076 117.68624114990234 215.26173400878906 2069 129.86941528320312 222.96974182128906 1804 149.40328979492188 150.07879638671875 2010 169.14021301269531 96.125534057617188 -1 154.79130554199219 185.48561096191406 2006 105.03623962402344 186.931884765625 -1 86.402732849121094 155.5498046875 -1 83.334442138671875 150.47943115234375 -1 78.744850158691406 152.4857177734375 -1 28.957172393798828 137.48765563964844 1865 171.79315185546875 117.93555450439453 -1 113.27037811279297 13.290741920471191 -1 83.334442138671875 150.47943115234375 2097 86.402732849121094 155.5498046875 -1 171.98356628417969 89.575813293457031 842 12.553580284118652 82.468391418457031 1985 183.46884155273438 70.049102783203125 -1 155.05923461914062 99.379096984863281 311 113.88553619384766 2.1393842697143555 1919 65.085556030273438 45.395378112792969 2185 115.63404083251953 31.75494384765625 1930 131.61093139648438 29.379777908325195 -1 146.28143310546875 164.26907348632812 -1 161.44680786132812 178.63436889648438 2014 88.208198547363281 111.84883880615234 1986 55.995277404785156 51.726799011230469 2170 
147 0.99532766434166564 0.068851597838805942 0.062745718861967781 -0.025402221078144681 -1.8378142240417428 -0.70804009540022617 1.8863600588557927 1 000146.png
130.99290466308594 102.74553680419922 -1 182.93800354003906 194.34091186523438 1765 30.412694931030273 101.75790405273438 -1 130.97872924804688 204.37210083007812 -1 87.848526000976562 222.71859741210938 1766 30.412694931030273 101.75790405273438 -1 196.35809326171875 75.087532043457031 2053 120.88581848144531 84.127799987792969 2054 192.86326599121094 110.85801696777344 2161 97.883621215820312 105.23647308349609 1648 173.21653747558594 142.23994445800781 1892 173.20005798339844 119.88567352294922 1793 81.743949890136719 118.41786956787109 1878 160.63481140136719 40.672859191894531 1856 135.39651489257812 25.081743240356445 -1 153.34999084472656 218.6011962890625 -1 240.40794372558594 87.238861083984375 -1 158.37921142578125 111.48820495605469 2139 218.59864807128906 129.38421630859375 1893 116.83431243896484 25.42510986328125 2114 116.83431243896484 25.42510986328125 -1 83.865249633789062 30.864555358886719 2151 143.71249389648438 41.754631042480469 2087 204.29035949707031 87.233238220214844 1770 148.88059997558594 48.882522583007812 -1 187.63363647460938 51.945365905761719 -1 67.552406311035156 64.12091064453125 1333 71.220108032226562 148.63095092773438 1911 200.3349609375 74.774131774902344 1874 48.800254821777344 111.10513305664062 -1 172.63563537597656 92.072761535644531 -1 168.130859375 78.332977294921875 52 78.334571838378906 79.070449829101562 1153 172.63563537597656 92.072761535644531 -1 78.334571838378906 79.070449829101562 1896 188.56306457519531 75.000030517578125 2066 172.63563537597656 92.072761535644531 -1 154.04328918457031 136.94425964355469 2036 161.60934448242188 95.632659912109375 2124 161.60934448242188 95.632659912109375 -1 158.55999755859375 42.008647918701172 2164 124.53160095214844 10.474469184875488 1981 156.11647033691406 58.134407043457031 -1 172.19039916992188 39.596645355224609 -1 99.787368774414062 43.0540771484375 1897 158.96914672851562 58.030532836914062 -1 156.77703857421875 77.772659301757812 -1 154.60455322265625 91.601242065429688 315 42.272628784179688 173.58460998535156 -1 72.742607116699219 70.943778991699219 1187 72.742607116699219 70.943778991699219 1033 158.96914672851562 58.030532836914062 -1 156.77703857421875 77.772659301757812 9 156.77703857421875 77.772659301757812 -1 42.272628784179688 173.58460998535156 -1 25.565313339233398 141.35502624511719 -1 155.58354187011719 185.32215881347656 -1 180.93513488769531 44.677558898925781 -1 92.266189575195312 17.842620849609375 2166 108.36418914794922 83.627418518066406 -1 167.79804992675781 91.048797607421875 1495 105.27532958984375 98.153831481933594 -1 159.95159912109375 99.296745300292969 -1 110.84950256347656 23.350469589233398 2143 153.60743713378906 129.44795227050781 -1 167.79804992675781 91.048797607421875 36 155.58354187011719 185.32215881347656 -1 164.74958801269531 102.04615020751953 -1 164.74958801269531 102.04615020751953 11 212.47146606445312 117.56248474121094 1959 152.99388122558594 123.43651580810547 -1 76.259262084960938 130.70021057128906 -1 156.81265258789062 137.12077331542969 2036 32.995380401611328 157.38697814941406 1863 191.68357849121094 66.898086547851562 -1 111.66914367675781 11.729413032531738 -1 92.056251525878906 12.147107124328613 1954 92.413139343261719 16.550397872924805 -1 125.99311828613281 25.415290832519531 -1 160.27658081054688 48.068302154541016 -1 100.22663879394531 50.998424530029297 1823 169.88421630859375 63.11639404296875 -1 179.97084045410156 94.278022766113281 506 175.56147766113281 101.10432434082031 -1 92.413139343261719 16.550397872924805 -1 160.27658081054688 48.068302154541016 -1 212.47146606445312 117.56248474121094 -1 130.79389953613281 218.64350891113281 -1 38.406345367431641 42.393745422363281 2109 155.18121337890625 99.741798400878906 311 217.5491943359375 110.39372253417969 1846 113.05560302734375 3.1940510272979736 1919 9.9896202087402344 117.87345886230469 1386 19.99138069152832 131.79435729980469 1865 165.52680969238281 173.8250732421875 2168 159.33659362792969 181.46034240722656 1869 217.5491943359375 110.39372253417969 -1 130.79389953613281 218.64350891113281 -1 171.94270324707031 89.559013366699219 842 26.57948112487793 146.1917724609375 -1 138.85125732421875 16.345077514648438 -1 148.0140380859375 154.76145935058594 -1 130.96891784667969 164.16166687011719 -1 134.85726928710938 167.43692016601562 -1 164.68740844726562 170.08230590820312 2014 157.54298400878906 177.454833984375 2006 62.998683929443359 218.88235473632812 -1 122.91426086425781 27.169284820556641 -1 101.51390075683594 9.7933597564697266 -1 100.28079986572266 6.5154924392700195 -1 110.84319305419922 114.36459350585938 2169 44.532840728759766 38.800342559814453 1656 51.274894714355469 41.573192596435547 2170 122.91426086425781 27.169284820556641 -1 134.85726928710938 167.43692016601562 -1 101.05290222167969 51.955368041992188 -1 166.16050720214844 89.55413818359375 -1 15.334807395935059 63.864704132080078 -1 
148 0.99564847099470577 0.066422728393706013 0.061342090218435084 -0.022567483826829781 -1.8416786035059156 -0.71042074162383706 1.8853561542803945 1 000147.png
116.179931640625 91.350601196289062 -1 30.773406982421875 101.78030395507812 -1 182.15650939941406 196.44480895996094 1765 30.773406982421875 101.78030395507812 -1 131.66218566894531 201.9261474609375 1790 87.362159729003906 223.51847839355469 1766 214.70370483398438 82.817390441894531 -1 162.26248168945312 46.719860076904297 -1 129.9112548828125 48.020195007324219 -1 157.29165649414062 72.356208801269531 -1 159.03474426269531 100.34485626220703 -1 98.715110778808594 105.98630523681641 1648 107.47002410888672 38.181957244873047 -1 107.47002410888672 38.181957244873047 -1 35.336746215820312 95.18096923828125 -1 87.721046447753906 63.790695190429688 -1 82.381599426269531 119.7122802734375 1878 179.73674011230469 138.37312316894531 -1 132.13394165039062 150.68600463867188 -1 102.46852111816406 15.802993774414062 -1 102.46852111816406 15.802993774414062 -1 87.721046447753906 63.790695190429688 -1 135.59136962890625 26.065845489501953 -1 196.53300476074219 111.33364105224609 -1 210.3641357421875 118.74332427978516 -1 240.93145751953125 87.728645324707031 -1 192.72917175292969 97.302978515625 -1 196.53300476074219 111.33364105224609 -1 196.53300476074219 111.33364105224609 -1 192.72917175292969 97.302978515625 -1 146.36198425292969 37.017822265625 -1 178.62359619140625 62.061038970947266 -1 66.883773803710938 64.640739440917969 1333 186.24623107910156 71.183692932128906 -1 183.241455078125 114.42150115966797 -1 133.20066833496094 160.032470703125 -1 133.07928466796875 157.20388793945312 -1 77.851699829101562 79.518653869628906 1153 70.545181274414062 148.66767883300781 1911 216.54603576660156 128.07363891601562 1893 183.241455078125 114.42150115966797 -1 183.241455078125 114.42150115966797 -1 120.72160339355469 32.280323028564453 -1 168.99659729003906 51.821601867675781 -1 154.4619140625 54.235668182373047 -1 105.5523681640625 70.697868347167969 -1 190.43882751464844 81.188713073730469 -1 222.35618591308594 89.797859191894531 -1 179.2830810546875 94.734138488769531 -1 214.03634643554688 99.904022216796875 -1 174.82113647460938 110.46742248535156 -1 214.03634643554688 99.904022216796875 -1 120.72160339355469 32.280323028564453 -1 190.43882751464844 81.188713073730469 -1 190.43882751464844 81.188713073730469 -1 222.35618591308594 89.797859191894531 -1 179.2830810546875 94.734138488769531 -1 111.77003479003906 58.257472991943359 -1 161.6507568359375 87.767974853515625 -1 110.85377502441406 124.47228240966797 -1 161.09657287597656 49.009479522705078 -1 41.345726013183594 174.16667175292969 2080 161.6507568359375 87.767974853515625 -1 85.273735046386719 16.633432388305664 -1 157.78330993652344 41.966896057128906 -1 213.906982421875 66.687225341796875 -1 198.27146911621094 115.60430908203125 -1 190.62899780273438 110.39752197265625 -1 149.45339965820312 97.401649475097656 -1 166.13027954101562 96.131233215332031 -1 200.99365234375 83.118759155273438 -1 232.81582641601562 78.649864196777344 -1 209.98429870605469 75.376502990722656 -1 129.50602722167969 11.567678451538086 -1 198.27146911621094 115.60430908203125 -1 149.45339965820312 97.401649475097656 -1 190.62899780273438 110.39752197265625 -1 187.46324157714844 150.50814819335938 -1 165.65934753417969 139.79267883300781 -1 187.46324157714844 150.50814819335938 -1 110.35585021972656 203.08096313476562 2069 209.98429870605469 75.376502990722656 -1 164.60215759277344 117.63357543945312 -1 163.20333862304688 85.24530029296875 -1 12.68634033203125 117.85734558105469 -1 185.73011779785156 119.40457916259766 -1 197.40467834472656 120.39225769042969 -1 155.77803039550781 136.60342407226562 -1 32.218345642089844 158.53219604492188 1863 29.997718811035156 162.48640441894531 1699 159.01432800292969 181.13142395019531 -1 140.46614074707031 212.26031494140625 -1 70.063186645507812 121.1014404296875 -1 29.097393035888672 152.52873229980469 -1 95.703910827636719 36.429454803466797 -1 91.320030212402344 36.727527618408203 -1 204.458251953125 74.369415283203125 -1 226.35932922363281 79.790435791015625 -1 94.229476928710938 87.979522705078125 -1 87.110374450683594 89.919662475585938 -1 163.46549987792969 101.36854553222656 -1 212.74336242675781 108.93962860107422 -1 12.68634033203125 117.85734558105469 -1 95.703910827636719 36.429454803466797 -1 91.320030212402344 36.727527618408203 -1 185.73011779785156 119.40457916259766 -1 197.40467834472656 120.39225769042969 -1 159.01432800292969 181.13142395019531 -1 193.50697326660156 70.5943603515625 -1 109.16706848144531 80.205909729003906 -1 83.887779235839844 143.93989562988281 -1 203.16288757324219 107.48654937744141 -1 202.88214111328125 113.00222015380859 -1 156.56343078613281 114.13919830322266 -1 166.50215148925781 128.84756469726562 -1 159.62123107910156 130.66377258300781 -1 9.2216606140136719 60.118217468261719 -1 165.88905334472656 173.17326354980469 -1 161.75498962402344 93.369888305664062 -1 16.414352416992188 133.10357666015625 -1 161.75498962402344 93.369888305664062 -1 203.16288757324219 107.48654937744141 -1 112.41567230224609 20.583526611328125 -1 173.84297180175781 102.96269989013672 -1 44.170757293701172 38.414192199707031 1656 97.73193359375 52.906936645507812 -1 117.94780731201172 45.697299957275391 -1 63.203407287597656 33.482044219970703 2185 102.91427612304688 26.28076171875 -1 102.91427612304688 26.28076171875 -1 66.086036682128906 25.009981155395508 -1 100.14504241943359 22.752388000488281 -1 111.78656005859375 3.5921506881713867 -1 108.43980407714844 2.4748399257659912 -1 206.71136474609375 110.11690521240234 -1 164.75534057617188 169.17213439941406 1902 157.664794921875 176.95622253417969 -1 117.94780731201172 45.697299957275391 -1 18.447465896606445 130.95361328125 1865 162.06245422363281 134.00682067871094 -1 160.05850219726562 136.0992431640625 -1 197.14926147460938 118.78990936279297 -1 162.06245422363281 134.00682067871094 -1 115.10049438476562 207.48599243164062 -1 207.84750366210938 65.185462951660156 -1 5.7950057983398438 62.979949951171875 -1 160.05850219726562 136.0992431640625 -1 
