# 3D point list with one line of data per point:
#   POINT3D_ID, X, Y, Z, R, G, B, ERROR, TRACK[] as (IMAGE_ID, POINT2D_IDX)
# Number of points: 1122, mean track length: 11.281639928698752
1 10.624770390427345 -3.8397670353000106 5.5946794665797936 112 112 113 0.74051378282683156 74 3 70 3 71 3 75 3 76 3 72 3 73 3 68 3 67 3 61 3 50 3 69 3 56 3 39 3 62 3 58 3 38 3 53 3 66 3 31 2 40 3 35 3 64 3 43 3 33 3 41 3 44 3 36 3 46 3 54 3 59 3 65 3 48 3 60 3 27 2 34 3 45 3 52 3 49 3 28 2 24 2 32 2 30 2 57 3 55 3 25 2 47 3 23 2 29 2 37 3 42 3 63 3 51 3 22 2 78 3 20 3 26 3 21 4
2 0.021300780053611138 -10.936982433015228 5.4765972729300882 254 255 249 0.37297172482702839 74 4 70 6 71 7 75 6 76 4 78 5 72 7 73 5 77 5 68 7 67 7 61 6 50 6 69 6 56 6 39 8 62 6 58 6 38 6 53 6 66 6 31 5 40 6 35 6 64 7 43 6 33 6 41 6 44 6 36 8 46 6 54 6 59 6 65 6 48 6 60 6 27 5 34 6 45 6 52 7 82 5 49 7 28 5 24 7 32 4 30 4 57 6 55 7 25 5 47 7 23 5 29 5 37 5 42 6 63 6 51 6 81 5 80 5 79 4 84 7 85 5 83 7 86 12
3 -2.248511010652845 -11.576163514952926 5.8813818914006086 86 84 74 1.8702079089693426 74 7 70 7 71 9 75 5 76 7 78 7 72 11 73 4 77 7 68 11 82 4 80 6 85 8 87 13 88 13
4 13.592263627388842 1.881583285301681 6.0044912632739722 122 128 129 1.8967901735920534 74 9 70 8 71 12 75 10 72 9 68 9 22 23 20 14 26 15 18 27
5 8.2242691053024632 -0.29342391966870318 14.890499206033983 142 126 119 0.81723791488023911 74 18 70 12 71 24 76 18 78 22 72 17 77 18 68 16 67 16 61 15 50 16 69 14 56 18 62 15 58 12 38 16 53 17 66 15 31 11 40 13 35 11 64 14 43 12 33 16 41 15 44 14 36 17 46 16 54 16 59 15 65 17 48 15 60 14 27 13 34 12 45 14 52 12 49 14 28 16 24 16 32 12 30 14 57 13 55 13 25 14 47 15 23 16 29 16 37 13 42 12 63 13 51 15 80 16 79 21 96 35
6 8.2398399614135993 -0.17855132869163476 14.767882671328753 142 126 119 1.1220084716032706 74 19 70 13 71 26 76 20 78 23 72 20 77 22 68 17 67 19 61 17 50 17 69 18 56 19 62 17 58 13 53 19 66 14 64 15 33 19 54 14 59 18 65 16 60 15 49 19 57 14 55 15 63 14 51 16 80 13 79 16 94 30 93 34 96 32
7 8.0830645478244811 -5.7475320120127877 4.723424118711014 111 113 115 0.61869290027412149 74 17 70 14 71 21 72 23 68 20 67 27 61 20 50 21 69 25 56 22 39 15 62 22 58 18 38 20 53 23 66 22 31 19 40 17 35 16 64 19 43 16 33 23 41 18 44 20 36 20 46 20 54 21 59 26 65 22 48 22 60 19 27 19 34 16 45 19 52 20 49 23 28 20 24 18 32 16 30 21 57 17 55 19 25 17 47 23 23 20 29 18 37 20 42 16 63 18 51 21
8 7.1042306790730239 -7.1226620942641894 4.852102076264682 112 121 132 0.76537543859031076 74 30 70 15 71 28 75 27 76 29 78 36 72 29 73 35 77 32 68 19 67 25 61 19 50 18 56 20 39 23 62 18 58 17 53 20 66 20 31 18 40 15 64 16 43 23 33 21 41 16 44 27 36 19 54 19 69 23 59 24 65 20 48 20 60 17 34 15 52 18 45 18 46 19 35 14 38 18 82 38 49 20 28 17 24 25 32 15 27 10 30 20 57 16 55 17 25 15 47 21 23 14 23 19 29 17 37 16 42 22 63 16 51 17 81 37 80 35 79 43 84 44 85 64 83 43 86 72 87 62 89 54 88 75 91 56 90 41 92 85 94 49 93 50 96 52 95 62 97 71 98 73 102 178 99 74 100 70
9 6.0888074774319758 -6.4995305650101667 7.5927773413969089 222 187 177 0.93273898237758612 74 23 70 16 71 29 75 24 76 22 78 30 72 24 73 26 77 28 68 22 67 23 61 21 50 22 69 26 56 23 39 16 62 23 58 19 38 21 53 24 66 23 31 20 40 18 35 17 64 20 43 17 33 24 41 19 44 21 36 21 46 21 54 22 59 20 65 23 48 23 60 20 27 20 34 17 45 20 52 21 82 24 49 24 28 21 24 19 32 17 30 23 57 18 55 20 25 18 47 24 23 22 29 19 37 22 42 17 63 19 51 22 81 32 80 22 79 31 84 39 85 37 83 34 86 34 87 39 89 39 88 39 91 43 90 33 92 45 94 41 93 40 96 45 95 43 97 51 98 62 102 56 99 59 100 51 103 62 104 64 101 49 105 57 107 69 117 82 110 56 109 62 111 54 112 69 108 64 106 69 118 89 113 86 114 58 115 94 116 80 123 82 121 79 119 65 124 57 122 51 126 63 120 56 128 63 127 64 125 42 129 45 132 51 131 49 130 45 134 50 133 52 135 41 137 49 138 44 140 57 142 51 139 45 141 51 146 39 143 43 144 55 136 53 145 56 147 52
10 13.413753644633456 0.18142274377760356 5.2919832933356155 129 134 130 1.7345766881108871 74 28 70 21 71 49 75 50 76 51 78 58 72 54 73 45 68 45 67 37 66 31 80 53
11 9.2335817179778594 -3.3467698509104133 10.171751689656899 139 126 120 0.46973699321102735 74 27 70 22 72 31 77 36 68 34 67 36 61 33 50 27 69 28 56 29 39 30 62 32 58 26 38 33 53 31 66 27 31 21 40 19 35 22 64 27 43 27 33 30 41 28 44 29 36 29 46 28 54 27 59 30 65 29 48 34 60 27 27 25 34 25 45 28 52 29 49 30 28 25 24 33 32 23 30 33 57 26 55 25 25 25 47 27 23 28 29 32 37 26 42 27 63 25 51 28 89 56 87 52 90 61 96 66 95 66 97 90 98 92 102 113 99 92 100 100 103 123 117 164 110 146 109 138 108 133 106 117 115 158 123 133 121 125 126 87 120 100 128 97 133 70 134 75 130 68 132 84 129 69 135 67 137 78 138 73 140 68 139 73 141 92 146 92 143 66 144 86 136 73 145 77 147 68
12 13.120245411727323 -0.55378573122406827 6.0758354383911399 114 121 120 0.95279011326690577 70 24 72 32 73 91 68 31 50 23 61 29 69 32 56 36 39 28 62 31 58 25 38 27 53 29 66 28 31 23 40 27 35 21 64 26 43 26 33 29 41 20 44 22 36 27 46 27 54 32 59 31 65 31 48 24 60 25 27 12 34 33 45 27 52 14 46 15 49 29 28 31 24 27 32 21 30 31 57 25 55 24 25 22 47 25 23 26 29 29 37 30 42 26 63 24 51 27
13 14.23401957866778 0.95762765306320652 5.2092171586775811 145 145 149 1.4909552186809603 74 48 70 25 71 33 75 51 76 40 78 59 72 40 73 46 77 54 68 32 67 34 61 38 50 30 39 53 62 37 38 37 53 30 66 36 31 38 40 37 35 39 64 35 43 34 33 53 44 51 36 45 46 50 54 46 65 49 48 49 60 26 34 38 27 52 52 28 28 24 24 34 32 37 30 34 55 51 47 26 23 34 29 31 37 27 42 48 63 30 51 26 81 58 80 54 32 26 25 24 36 24 51 30
14 6.3612426212222477 -7.6522771835470778 4.8291318016711395 125 134 143 1.0728163416144054 74 40 70 27 71 41 75 43 76 44 78 35 72 28 73 51 77 49 68 28 67 32 61 26 50 26 69 51 56 26 39 22 62 27 58 22 38 23 53 26 66 25 40 22 35 29 64 23 43 28 33 35 41 24 36 26 46 24 54 31 59 27 48 27 60 22 27 30 34 29 45 23 52 25 82 51 49 26 28 26 24 24 32 27 30 35 57 19 25 21 47 28 23 24 29 25 42 21 63 21 51 29 81 61 80 47 79 46 84 73 85 63 83 66 86 69 89 76 95 86
18 7.0198589473792818 -6.8899803450645338 6.0965837173206596 254 255 241 0.40726859749070371 74 43 70 34 71 46 75 46 76 46 78 53 72 51 73 42 77 51 68 40 67 48 61 49 50 44 69 53 56 49 39 45 62 44 58 45 38 46 53 45 66 48 31 33 40 45 35 33 64 42 43 47 33 47 41 43 44 44 36 39 46 44 54 38 59 43 65 44 48 43 60 33 27 43 34 44 45 49 52 45 82 53 49 40 28 53 24 49 32 30 30 53 57 39 55 45 25 42 47 42 23 47 29 53 37 48 42 41 63 40 51 40 81 54 80 49 79 53 84 66 85 51 83 65 86 76 87 74 89 88 88 68 91 90 90 90 92 91 94 93 93 82 96 91 95 78 97 85 98 85 102 102 99 100 100 91 103 98
19 5.4997996599889891 -7.7879085342929644 6.9776896435415452 241 92 88 1.3137668123699495 74 44 70 35 78 54 76 47 67 47 50 40 38 44 64 43 48 44 27 46 34 45 82 54 28 46 24 50 30 54 30 55 29 54 81 55 80 50 79 54 84 67 86 66 87 75 89 89 91 91 93 71 95 79
22 10.456783055653659 -3.2191173306052412 8.0112006629256669 85 66 52 0.55913242088564341 74 47 70 38 71 48 72 53 68 42 67 45 61 36 50 36 69 40 56 55 39 51 62 48 58 34 38 50 53 39 66 53 31 36 40 35 35 37 64 33 43 52 33 51 41 48 44 49 36 35 46 48 54 44 59 47 65 47 48 47 60 38 27 50 34 48 45 37 52 49 49 32 28 38 24 54 32 35 30 59 57 32 55 49 25 34 47 46 23 32 29 57 37 39 42 46 63 28 51 43 82 16
24 15.108415516183904 2.085272500792128 5.0654469325852238 161 167 168 0.76625804600220204 74 49 70 40 71 50 75 39 78 60 72 41 67 33 50 63 69 57 56 40 39 54 62 55 58 36 38 63 53 59 66 40 31 39 40 38 35 49 64 53 43 62 33 54 41 50 44 52 36 44 46 32 54 47 59 42 65 37 48 36 60 55 27 59 34 52 45 59 52 59 49 38 28 48 24 35 32 38 30 61 57 51 55 44 47 41 23 35 29 61 37 40 42 49 63 31 51 50 81 74 16 72 12 65 13 80
25 5.3863124048895612 -7.6788687203347434 6.7882617126127247 241 92 88 1.437090567510644 74 52 70 42 78 62 76 42 67 53 50 46 38 40 64 37 48 38 27 40 34 40 82 58 28 42 24 40 30 44 30 45 40 50 33 56 39 41 41 37 50 39 53 42 61 42 43 39 44 37 45 42 46 37 52 37 54 35 56 42 58 39 60 41 62 39 66 41 69 44 29 42 42 34 63 34 81 64 80 57 79 57 84 76 86 65 87 69 89 71 91 78 93 83 95 93
26 10.036575189070261 3.572489977817388 -0.13334489292442156 89 100 103 0.61473393411117705 70 44 67 70 61 57 69 64 39 59 62 50 58 53 38 53 53 50 66 69 40 52 35 51 43 54 33 58 41 55 44 58 46 55 54 50 65 50 48 51 60 57 34 80 45 51 52 58 57 43 55 59 37 58 42 53 63 62 51 56
27 17.455003178642379 4.8637869306496775 7.1305714359834225 121 124 127 1.1017560497766234 74 57 70 45 71 56 75 52 73 54 77 70 67 71 61 58 50 51 62 51 58 55 38 54 53 51 31 51 64 61 27 53 49 50 28 62 24 60 32 50 30 66 55 62 25 49 23 51 29 67 37 59 42 54 63 44 80 66 20 76
28 13.899499893265942 0.6732649708482592 5.7842633751080585 89 98 98 1.6793235836124893 74 85 70 46 71 83 75 67 76 69 72 72 70 67 68 61 67 85 50 79 61 75 69 58 69 69 50 72 56 77 39 74 39 82 62 71 62 81 58 64 58 78 38 68 38 70 53 71 66 77 31 63 56 75 40 70 35 69 35 83 64 65 41 56 41 67 44 66 44 69 36 62 46 63 46 75 54 62 54 76 59 57 59 73 65 62 65 69 60 70 27 66 34 62 34 82 45 68 45 70 52 65 52 75 49 59 49 70 28 61 28 71 24 67 24 68 32 59 32 60 57 58 57 74 60 68 55 74 25 51 25 57 47 74 23 65 23 66 37 81 63 56 63 64
29 8.2803622628050029 -4.582696205866557 5.5128893618553487 24 31 22 0.81815335860595106 74 64 70 47 71 64 75 87 72 57 68 49 67 50 61 51 50 47 69 36 56 52 39 47 62 46 58 46 38 47 53 47 66 50 31 31 40 46 35 34 64 44 43 49 33 49 41 45 44 46 36 43 46 41 54 41 59 44 65 45 48 45 60 35 27 47 34 42 45 34 52 47 49 41 28 35 24 51 32 32 30 56 57 40 55 46 25 43 47 43 23 48 29 48 37 49 42 43 63 27 51 41
31 17.057616940608828 4.4216437629263137 6.7183180947359054 165 162 161 0.50841723061425748 74 82 70 49 75 108 78 73
32 8.2979237078405195 -4.6035717174976405 5.5278687995446543 24 31 22 0.77627131080746958 74 89 70 51 71 71 75 88 68 51 67 55 61 44 50 41 69 47 56 44 39 42 62 41 58 40 38 41 53 43 66 42 31 43 40 40 35 41 64 38 43 41 41 38 44 38 36 48 54 36 59 39 65 40 48 39 45 44 52 38 49 35 28 44 24 41 32 42 30 46 57 37 55 38 25 37 47 37 29 40 42 35 63 35 51 36 72 61
33 17.473173509162965 4.9449753533417997 7.132568311088173 121 124 127 0.72258691219555515 74 59 70 52 71 57 75 58 73 55 77 89 61 60 50 57 62 58 58 50 38 60 53 64 31 52 64 58 49 52 32 51 55 61 29 70 63 45 80 64 20 82
34 6.1317153606932999 -7.9243254445511484 5.0688491076929649 122 128 133 0.78128456803005319 74 62 70 53 71 60 75 101 76 58 78 84 72 90 73 61 77 81 68 52 31 55 36 69 82 83 81 80 80 75 79 89 84 90 85 101 83 93 86 108 87 118 89 126 88 101 91 129 90 124 92 107 94 114 93 133 96 138 95 119 97 140 98 132 102 165 99 170 100 147 103 177
35 9.0157053684056176 -6.2442718671803359 5.2256163854325655 137 135 128 0.81086857997196105 74 63 70 54 71 62 75 59 76 82 78 67 72 93 73 83 77 80 82 95 81 79 80 74 79 90 84 86 85 100 83 90 86 106 87 107 89 122 88 96 91 126 90 112 92 128 94 130 96 131 95 133
36 8.3963695176631994 -4.9389848705620363 8.4089319120224069 245 229 193 1.2006529319380541 74 67 70 57 71 67 75 64 76 74 77 79 68 70 61 78 50 76 40 58 35 64 33 74 36 65 82 74 49 66 24 64 30 72 55 67 25 55 81 87 80 72 79 73 83 89 86 103 87 105 89 118 88 90 91 123 90 109 92 122 94 125 93 116 96 122 95 109 97 124 98 150 102 180 99 173 100 158 103 182 104 182 101 177 105 192 107 222 117 239 110 205 109 215 111 218 112 215 108 190 106 180 118 211 113 212 115 278 119 94 116 101 121 95 123 96 124 78 122 84 126 78 120 89 128 91 127 79 125 67 133 65 137 77 138 57 140 63 142 49 139 64 141 63 146 60 143 56 144 68 136 61 145 70 147 65
37 11.138384098030896 -2.1385159521679658 5.8105527478014674 78 88 88 1.2911094334788757 74 69 70 59 71 88 76 72 78 79 72 76 68 68 73 65 74 68 67 63 61 63 69 89 56 86 39 77 58 61 31 58 40 83 35 78 64 63 33 84 41 65 35 77 44 72 46 60 54 58 59 63 65 60 65 61 48 69 48 70 60 62 27 64 34 70 45 64 52 67 49 56 28 68 24 81 32 80 57 70 55 65 55 66 47 60 29 76 42 73 51 66
38 -2.6945279140523324 -0.192276065783861 4.2784807418480453 35 30 20 0.69982992043907311 74 80 70 60 71 75
40 -3.2274848902259134 -4.0153729452589682 8.903058386882531 44 28 20 0.7859881140972006 70 68 61 56 67 64 68 46 50 50 69 71 56 63 39 57 62 62 58 65 38 62 53 66 66 59 40 44 35 48 64 52 43 61 41 54 44 65 36 41 46 59 54 48 59 56 65 56 48 63 60 54 45 73 52 55 49 47 27 83 57 49 24 56 55 57 47 57 25 52 29 84 42 51 63 42 51 54
44 -2.6945279140523324 -0.192276065783861 4.2784807418480453 35 30 20 0.69982992043907311 74 92 70 78 71 93
45 1.4369143465305729 -1.5838014868188843 7.9580606991874872 253 101 104 0.81308638325749771 74 0 71 0 70 0 75 0 72 0
46 1.4369143465305729 -1.5838014868188843 7.9580606991874872 253 101 104 0.81308638325749771 74 1 71 1 70 1 75 1 72 1
48 9.6793417361885563 -5.7945585463076652 5.2583243018360948 111 115 118 1.6438807425340656 74 8 71 11 75 9 76 8 75 20 78 8 72 13 73 6 77 8 68 13 82 6 81 7 80 7 84 19 83 33 89 41 91 30 90 28 92 44 93 20 97 20
49 7.7401941348089505 -5.9469404258056002 7.5045110984991492 131 115 114 0.62967131631575579 74 10 71 13 75 12 76 9 78 9 72 14 73 7 77 10 82 7 81 13 80 9 79 6 84 11 85 11 83 13 86 19 87 19 89 21 88 14 91 22 90 20 92 19 94 14 93 13 96 16 95 25 97 29 98 32 102 26 99 33 100 22 103 28 104 32 101 28 105 38 107 34 117 33 110 32 109 35 111 33 112 31 108 39 106 33 118 49 113 34 115 43 114 44 116 44 123 48 121 35 119 34 124 20 122 21 126 24 120 29 127 28 125 16 129 29 132 29 131 31 130 30 134 35 133 29 135 26 137 27 138 26
52 7.7545375932046694 -5.9425512814660797 7.5136763915606579 131 115 114 0.61348156861338454 74 14 71 18 75 14 72 16 73 9 82 9 81 16 79 11 85 16 86 20 87 24 89 25 88 21 91 24 90 23 92 29 94 20 93 18 96 25 95 27 98 41 102 29 99 34 100 28 103 24 104 35 105 39 107 36 117 36 110 33 109 40 108 38 106 41 113 41 126 25 135 31 133 21 134 23 137 20 138 22 140 18 142 21 139 19 141 26 146 24 143 20 144 39 136 18 145 25 147 31
56 1.2810118375709585 -10.735460012100148 4.7306390368415858 91 88 81 1.1550794423796999 74 26 71 32 75 37 76 32 78 47 72 34 73 27 77 31 82 44 79 40 80 40 84 50 85 33 83 52 86 56 87 82 89 45 88 119 91 114
57 6.8222566935534106 -3.7411337605545354 11.030280872364035 162 119 118 0.82088865089739349 74 20 71 38 75 31 76 26 78 49 70 23 72 30 73 33 77 40 68 26 67 28 39 19 58 21 66 18 31 16 40 14 35 12 43 13 33 22 41 29 44 23 36 23 46 17 65 24 48 18 27 17 34 14 45 16 82 33 28 18 24 29 30 32 25 26 47 18 23 17 29 24 37 19 42 13 51 18 81 40 80 37 79 36 84 40 85 36 83 27 83 73 86 36 87 50 89 48 88 58 91 64 90 48 92 58 94 62 93 54 96 61 95 53 97 55 98 59 102 55 100 66 104 48 105 68 107 65 117 88 110 73 111 72 113 64 115 82 114 61 116 84 123 85 121 76 119 67 124 56 122 55 126 90 127 69 133 50 136 46
63 8.573094038879816 -4.6744481490716536 5.4768343803600938 101 101 92 1.263615798551931 74 70 71 63
65 -1.0760486689001585 0.4711873897504929 1.5462210085218706 42 35 30 0.47762889927361923 74 84 71 78
67 11.794167387942188 -1.3897586208045158 5.8009554264485024 82 89 90 1.8498896331185848 74 99 71 86 75 106 72 75 68 66
68 8.2051316426222751 -4.6160056702346761 5.5079333695050163 33 32 33 1.0706803117535721 74 90 71 92 75 86 72 62 73 62 68 50 67 54 61 43 69 46 56 45 62 40 40 41 43 40 46 38 59 38 57 36 55 39 47 38
73 16.950225737499753 4.4008655142841162 6.6333727407309375 189 183 181 0.88635568976158785 71 17 74 13 75 11 76 12 78 14 72 12 73 10 77 12 68 12 67 6 61 9 50 10 69 9 56 11 39 11 62 12 58 10 38 8 53 16 66 10 31 8 40 10 35 9 64 12 43 9 33 8 41 8 44 11 36 12 46 12 54 12 59 10 65 10 48 11 60 13 34 8 27 8 45 12 52 11 49 11 28 9 24 11 32 9 30 7 57 11 55 9 25 8 47 9 23 9 29 12 37 9 42 10 63 10 51 12 81 10
74 18.334385935737917 5.5444286946348003 6.2090510806379893 124 128 127 0.63609548319197973 71 15 74 11 75 13 76 11 73 8 77 11 78 12
75 6.7938183810284114 -7.6264358520921434 5.7254951732195085 128 134 144 1.2529202044024579 74 16 75 16 76 15 78 18 73 13 77 21 82 14 81 18 80 18 79 14 84 22 85 18 83 19 86 28 87 35 89 30 88 30 91 32 90 26 92 36 94 36 93 30 96 40 95 39 97 42 98 52 102 48 99 46 100 43 103 34 104 44 101 36 105 48 107 71 117 62 110 82 109 83 111 69 112 92 108 58 106 58 113 69 118 91 115 72 116 65 119 60 121 68 124 53 122 64 120 53 126 65 127 66 132 50 128 54 131 48 125 46 129 51 130 44 134 38 135 40 133 37 137 55 138 30 140 27 141 39 142 42 139 35 143 32 146 37 136 38 144 49 145 51
76 -1.5880078198722241 -9.2118858550280649 6.8396977079971712 252 98 103 1.7708824704429773 71 22 75 18 77 15 38 14 39 14 76 6 71 10 78 6 70 11 75 8 68 10 59 13 84 17 81 6 85 23 83 10 85 9 94 23
78 3.8080268783731452 -8.7995299714752786 5.8948045227218646 254 93 92 1.483686395131083 71 19 75 23 76 13 78 26 70 10 72 22 68 15 67 26 50 20 69 24 56 16 39 21 62 21 58 14 38 19 53 22 66 21 35 15 64 18 43 15 33 36 44 19 54 20 59 25 65 21 48 21 60 18 52 19 82 22 49 22 55 18 47 22 42 15 63 17 51 20 81 30 80 20 84 36 83 32 86 30 89 53
80 7.0946485374404711 -7.0344138767250834 6.2100384959127934 254 249 232 1.3552418603933849 74 51 75 41 76 41 78 61 73 48 77 47 82 57 81 63 80 56 79 51 85 57 83 68 86 64 87 67 88 78 91 75 90 76 94 75 93 69 96 76 95 91 97 100 98 97 102 92 99 116 100 111 103 113 104 111 101 109 105 130 105 131 107 125 107 127 117 152 117 153 110 130 110 132 109 129 109 131 111 135 111 139 112 137 112 138 108 120 108 122 106 109 106 111 118 139 113 142 115 152 113 140 114 133 116 132 115 151 123 130 120 114 119 113 121 120 124 119 126 100 128 121 122 101 127 97 125 84 129 87 132 73 131 72 130 79 134 84 133 83 135 81 137 93 138 90 140 88 142 90 139 95 141 93 143 81 114 132 136 86
82 9.0632336321759013 -5.8132539424747183 5.3492666063551244 104 104 104 1.9930023968264567 74 58 75 47 78 82 76 59 77 52 82 61
83 15.935729915073075 2.7653599227548198 5.7507315812733726 97 104 105 0.9462329370708209 71 54 75 53 76 52 73 67 68 38 50 55 53 52 31 40 43 35 48 37 28 57 32 52 30 40 37 41 13 58 19 67
88 16.675769705732414 3.8872037888323203 5.5305743606643691 93 101 103 1.6729567519071988 71 55 75 73 76 53 78 74 73 53 77 69 50 49 69 88 56 65 31 53 64 56 43 67 41 52 36 55 59 72 27 82 52 60 49 49 28 60 24 82 32 49 30 90 25 45 47 51 23 61 29 74 63 63 51 52 81 75 79 75 80 86 26 70 20 73 17 71 21 71 18 76
90 6.1595469021470652 -8.4783626507261953 7.1675037895330487 244 94 94 1.4475378144843394 74 22 76 21 78 29 72 64 77 20 50 45 40 49 39 46 53 46 61 50 43 48 56 50 58 43 62 45 66 49 69 54 41 44 33 48 44 45 46 45 54 40 60 34 45 50 52 46 42 42 63 41 81 34 80 21 79 23 84 42 85 32 86 63 84 75 87 40 87 66 89 69 88 76 91 74 90 62 92 76 94 74 93 67 96 74 95 41 97 66 99 81 107 156 110 164
92 4.8497254348626146 -7.6010594017818152 7.3966435174310448 250 82 81 1.2913343219382865 74 37 78 46 72 36 77 39 68 35 38 31 41 32 27 35 32 31 55 32 81 46 79 41 83 49 86 43 87 60 98 67 117 95 110 87 111 99 112 100 108 88 118 118 114 100 120 71
93 -0.58123004839981607 -10.782691924976794 5.1711607915362361 251 204 188 0.45253477879155923 74 101 78 85 73 60 77 82 80 76 84 97
98 -0.35835307746873374 -6.6227140873010946 8.56894098709631 252 100 100 0.52445578668831172 70 4 71 4 72 5 68 4 67 4 61 4 50 4 69 4 56 4 39 4 62 4 58 4 38 4 53 4 66 4 31 3 40 4 35 4 64 4 43 4 33 4 41 4 44 4 36 4 46 4 54 4 59 4 65 4 48 4 60 4 34 4 45 4 52 4 49 4 28 3 24 3 57 4 55 4 25 3 47 4 23 3 29 3 42 4 63 4 51 4
103 -2.5377360349764433 -6.317084573103017 6.4375281526202057 92 83 74 0.57772173750058786 75 29 72 35 73 56 77 53 61 27 50 33 69 31 67 42 56 27 39 25 62 29 58 23 38 25 53 27 66 34 40 24 35 19 64 24 43 24 33 41 41 33 46 25 54 29 59 28 48 28 60 23 34 36 45 25 82 43 49 27 57 22 47 31 37 25 42 24 63 22 51 32 81 66 80 33 84 60 88 43 95 61
104 -2.5314470232290445 -7.4257652912454306 6.4218603728352761 0 0 0 0.61800509199302245 74 32 76 30
106 6.3970448817554999 -7.8517910638375685 5.5111530886542326 123 129 137 0.85764393783730308 75 44 72 45 73 40 79 48 88 77 90 84 97 81 102 99 104 105 101 104
116 -1.4971905963154837 -11.46346772360066 6.3532233259352484 87 82 74 0.50845955466084947 72 88 56 84 39 67 58 67 43 71 59 65 60 59 34 68 63 50
117 6.5415515353867359 -6.3591669452279342 5.5666399994710272 29 23 32 0.51343359889707751 70 56 72 95 68 53 67 92 61 83 50 73 69 86 56 85 39 79 62 74 58 58 38 78 53 75 66 73 31 56 40 56 35 72 64 73 43 63 33 76 41 64 44 60 36 67 46 58 54 56 59 66 65 58 48 73 60 60 27 61 34 74 45 82 52 68 49 54 28 67 24 79 32 78 30 79 57 68 55 64 25 61 47 58 23 79 29 75 37 61 42 59 63 51 51 58 20 103 22 89 26 54 26 73
120 3.3690033571368798 -1.9625300313612872 7.7686584397635174 250 89 88 0.94021795545975151 76 0 78 0 73 0 77 0 80 0
121 3.3690033571368798 -1.9625300313612872 7.7686584397635174 250 89 88 0.94021795545975151 76 1 78 1 73 1 77 1 80 1
122 11.27364020695245 -3.1470083612742012 4.1371189730751388 128 131 134 1.6607867872759527 76 10 78 10 73 17 84 30 83 41
126 -0.78877183250247995 -11.792340472730473 5.0426174140343454 138 141 141 1.5971932519083587 76 57 77 83 81 82 79 77 86 124 90 121 89 142 94 141 96 81 93 99 92 144 73 47
133 12.855981270992126 -0.9551763961044466 5.9851284211676132 92 99 101 1.681086312787031 72 74 78 89 76 71 58 81 31 87
137 5.3475326442215243 -3.3288860359543522 11.02911216014834 237 70 57 1.7679071151468855 74 54 73 52 75 91 73 80 58 66
138 4.8032847207342284 -7.1186417574970964 6.7893891000244455 58 37 29 0.94365349929750497 74 35 69 45 77 38 79 39 86 52
140 12.401010491746542 -1.6333680967991189 4.0103804713592721 168 169 174 0.57157441720838642 78 11 77 6 81 9 80 8
141 13.271409763057422 -1.5052678745564589 4.5312961680943831 168 169 174 2.4638583444709932 78 15 77 9 84 8 85 12 83 11
142 7.7326651052452817 -5.9257773514053413 7.4674557919089279 129 118 123 0.787748232288771 78 16 77 13 82 10 81 15 80 11 79 9 85 17 97 33 98 42 99 35 109 38 117 44 101 30 110 29 111 38 112 42 108 34 106 38 118 42 113 40 115 46 114 47 116 37 123 45 121 43 119 36 124 34 122 29 128 20 127 31 125 24 129 26 132 21 131 24 130 22 134 36 135 30 143 26
147 10.521739677115828 -2.7838378391507392 5.8122143332025971 91 94 93 1.6395456459597832 73 64 77 75 75 65 72 78 58 60 53 80 31 57 43 82 33 75 48 81 60 61 52 72 69 87 49 55 47 59 25 71 23 64 37 63 51 67
148 15.106688631504834 1.7036807841832409 6.9546282486416153 120 123 124 1.2975074803706095 72 10 68 6 31 6 37 6
151 9.3318987650430572 -3.8467801487045339 9.0901157792699294 61 59 65 0.27631361317015163 70 20 68 30 67 38 61 28 50 29 69 27 56 35 39 32 62 30 58 24 38 26 53 28 66 30 31 24 40 26 35 20 64 25 43 25 33 33 41 27 44 30 36 28 46 26 54 28 59 33 65 32 48 30 60 24 27 34 34 34 45 31 52 27 49 28 28 23 24 28 32 22 30 29 57 24 55 29 25 23 47 32 23 27 29 30 37 29 42 25 63 23 51 25
152 5.5136808423714543 -6.4356265989259445 12.31409038507768 225 63 50 1.4488649007055387 77 77 68 44
160 14.605752424036915 1.4230337268130271 5.1920894441124199 142 145 144 0.76553305829808538 75 69 68 76 31 64
163 9.7546336050386078 -3.5061201579442951 10.544985959316323 142 126 118 0.28039877323682799 70 29 67 39 61 32 50 31 69 33 56 34 39 36 62 34 58 31 38 32 53 35 66 33 31 25 40 29 35 26 64 30 43 30 33 38 41 31 44 33 36 31 46 30 54 30 59 32 65 30 48 33 60 29 27 33 34 31 45 29 52 30 49 31 28 32 24 32 32 28 30 30 57 30 55 31 25 30 47 34 23 30 29 36 37 32 42 29 63 26 51 34
164 5.916780927722197 -7.6489311179624044 5.7938050643116572 25 21 17 1.402219178868354 70 33 67 52
166 -0.61723773564468565 -11.868774023092765 5.102281109721698 170 143 126 0.41157124085226271 70 79 67 77 61 79 28 64
168 10.124152460205961 -2.5289301145891394 7.7124773837585856 117 112 108 0.23277997826937583 67 94 40 59 35 58
169 6.5520046903923213 -7.6083261062071621 5.8023765016808637 103 103 106 1.1216701053696554 67 17 74 42 71 45 75 45 76 45 78 52 72 49 73 41 77 50 61 41 61 80 50 74 69 85 56 81 39 31 62 73 38 65 53 73 40 30 35 27 35 45 64 46 43 60 44 55 54 55 45 30 45 79 82 48 57 29 55 63 42 30 42 58 51 57 81 53 80 48 79 45 85 50 83 61 84 64 86 73 87 71 89 85 91 87 90 88 92 86 94 89 93 78 96 85 95 74 97 82 98 82 102 100 99 97 100 89 103 111 104 107 101 107
170 15.277928925328967 2.0415740441451713 5.8433443466018167 94 101 102 2.5661668642873745 74 53 70 61 71 79 75 71 78 71 73 76 77 64 68 48 67 69 74 83 70 48 75 70 76 61 73 77 77 66 68 62 61 73 50 56 50 62 69 22 69 56 69 61 50 25 61 23 67 68 56 25 56 58 56 73 39 18 39 58 39 72 62 26 62 63 62 80 58 20 38 77 38 79 53 25 53 55 53 60 66 17 66 57 66 60 31 48 31 66 40 51 40 54 64 22 64 47 64 70 43 18 43 57 43 66 33 20 33 63 33 82 41 21 41 70 41 71 44 15 44 57 36 51 36 54 46 23 46 74 54 25 54 49 54 63 59 23 59 50 59 64 65 27 65 57 65 72 48 25 60 21 60 48 60 56 27 60 34 19 34 51 34 53 45 22 45 54 45 55 52 23 52 54 52 66 49 25 49 48 49 53 28 58 24 63 32 54 32 62 30 69 57 12 57 50 57 52 55 22 55 71 55 77 25 20 25 53 47 14 47 50 23 75 23 76 29 73 37 57 37 74 42 50 42 52 63 20 51 23 51 49 51 51 81 73 80 84 80 85 13 87 16 101
172 -0.68635490713026837 -10.465863266331974 5.8632268089864672 251 226 185 0.41739699218851856 70 80 61 34 50 34 56 38 39 37 62 35 58 33 38 35 53 37 66 35 31 27 40 32 64 31 43 32 33 43 41 34 44 34 36 33 46 31 59 35 65 36 60 31 27 37 34 37 45 32 52 31 28 33 32 47 30 51 57 31 25 31 23 43 29 38 37 36 51 35
176 1.3430464685492591 -10.763902230270581 4.8185517156047082 90 87 80 1.8658389245337335 74 15 71 20 75 15 76 14 78 17 73 14 77 24 61 14 74 24 71 27 75 33 76 28 78 34 72 27 73 23 77 25 69 12 56 17 62 13 58 15 66 13 64 13 33 14 59 14 82 12 82 47 49 13 25 11 47 13 29 14 63 11 81 22 80 12 80 32 79 12 79 33 84 18 84 46 85 22 85 34 83 54 86 22 86 39 87 70 89 42 83 16
177 17.47623071421285 1.5558718269391871 7.3718098630753151 120 125 125 0.99668087371087333 67 12 61 7 50 11 56 8 39 10 38 9 66 11 40 11 33 11 36 11 46 9 59 11 65 11 48 8 60 10 27 7 45 8 28 12 24 10 32 8 30 6 25 7 23 8
178 17.47623071421285 1.5558718269391871 7.3718098630753151 120 125 125 0.99668087371087333 67 11 61 8 50 9 56 10 39 12 38 11 66 9 40 9 33 12 36 13 46 8 59 9 65 9 48 10 60 9 27 9 45 7 28 7 24 14 32 10 30 10 25 9 23 10
179 13.812648335492874 -0.5069545174159561 4.5253834390585022 147 151 151 0.40458344856587292 67 14 61 11 50 14 69 10 56 13 39 13 62 11 58 8 38 12 53 14 66 12 40 12 35 10 64 11 43 10 33 13 41 13 44 12 36 14 46 11 54 10 59 12 65 12 48 12 60 12 34 9 45 10 52 9 49 9 57 10 55 11 47 11 37 14 42 11 63 9 51 10
180 12.109866465732916 -1.9472309890594897 4.5661463400780358 131 132 133 0.44112908780046306 67 13 61 13 50 15 69 11 56 12 62 14 58 11 53 13 66 16 31 12 64 10 33 15 41 12 44 16 36 16 46 10 54 13 59 19 48 14 60 11 27 11 34 18 52 13 49 12 28 15 24 15 32 14 30 15 55 10 25 13 23 15 29 15 37 21 63 12 51 14
181 6.2076052552700807 -8.8121321780987731 6.1690335173774988 23 18 14 1.4674424825690986 67 49 61 59 50 53 69 59 56 62 39 56 62 54 58 49 38 52 53 56 66 61 31 32 40 53 35 47 64 49 43 59 33 61 41 53 44 56 36 40 36 53 46 52 54 54 59 55 65 55 48 59 60 47 27 29 27 31 31 29 34 30 34 55 45 53 52 62 49 44 28 50 28 52 24 46 24 48 32 29 32 48 30 52 30 65 57 48 55 54 25 39 25 41 47 55 23 44 23 46 29 50 29 52 37 24 37 47 42 57 63 43 51 47
182 -3.4627168049316186 -0.26936584330968127 4.4024981070713549 35 31 24 1.7461893413518632 71 76 61 72 38 71 66 84 62 79 40 60 64 54 39 55 56 59 58 63 66 66 35 61 38 73 40 68 43 55 43 68 41 72 33 64 44 76 36 80 59 51 65 67 48 78 60 76 60 80 32 63 30 83 25 72 47 64 42 62 63 67 51 60 25 60 36 72
183 -2.2175200796960328 0.9918200780782287 1.7192286920075535 78 80 78 0.61936713491962314 72 91 71 80 50 64 69 79
184 -2.4453334105172266 7.3078543998773737 8.2504463417904539 239 89 83 1.3545229609958147 68 23 61 87 69 84 56 82 39 62 62 66 38 80 53 76 66 32 39 35 38 43 61 25 40 28 35 28 64 71 43 29 33 28 41 40 33 37 44 26 44 32 36 32 36 77 46 40 46 73 43 43 36 61 59 77 44 40 65 28 34 23 34 35 52 82 49 18 28 28 24 31 57 65 55 41 55 78 47 33 47 49 42 20 51 33 30 38
190 -1.1933796645483001 -8.737124792164618 7.2385051496400639 251 98 101 1.3703033876249855 68 8 76 5 50 7 74 6 71 8 75 4 72 8 67 8 69 7 56 7 62 7 38 7 53 7 66 7 40 7 35 7 33 7 41 7 43 7 44 7 36 9 54 7 59 7 65 7 60 7 24 8 57 7 23 6 42 7 63 7 80 4 85 7 83 8 86 7 88 6 90 9 32 5
196 9.7221651036497541 -4.0100081455344316 6.2279905087855223 98 101 102 0.99228823556746981 67 29 69 19 39 17 62 25 38 22 34 11
199 -0.81782721928511493 -9.6805792893299767 5.5724660329997082 251 222 184 0.30760566031284359 70 83 39 38 40 33 33 42 59 36
202 9.7135169249288378 -3.5920802446214593 5.8400727145243749 73 80 82 1.7200020217583685 74 66 39 68 71 100 62 75 39 83 66 79 31 89 41 77 36 66 63 73
204 0.09620019773017402 -11.128470679440392 4.6862434918400711 198 168 153 1.321631118645447 70 77 71 89 72 80 67 60 61 53 69 90 39 66 74 88 71 51 75 55 76 63 78 83 72 60 73 81 77 84 58 56 53 62 31 47 35 43 33 83 44 59 48 55 60 43 34 50 45 71 82 84 49 43 28 54 24 78 32 57 30 64 57 55 23 50 37 50 81 71 80 77 79 81 84 113 85 104 83 101 87 84 89 91 88 85 90 103 92 101 94 104 93 92 96 113 98 116 99 120 105 198 107 205 109 240 112 200
224 -3.3582091850357889 -1.6648187498337952 6.1317787342339019 33 26 17 0.93930948218283006 72 73 53 68 66 82 54 64
227 0.08443504338198092 -11.11583657625307 4.6805059603834263 199 168 153 1.3713967323905427 74 100 71 52 75 54 76 56 78 86 72 56 73 59 77 60 70 71 71 59 72 81 67 61 61 55 69 93 39 78 58 52 53 63 35 52 33 78 44 71 60 51 34 57 45 75 82 93 49 51 24 74 32 55 57 53 37 53 81 70 80 87 79 86 84 106 85 81 83 98 87 85 89 93 88 83 90 100 92 99 94 97 93 105 96 107 97 104 98 111 99 117 105 193 107 204 109 237 112 210 114 211
231 -4.1959090728701716 11.886920220230222 14.24482786577728 94 89 87 0.84755709175861216 39 26 58 28 62 24 68 24 50 24 43 20 36 22 54 33 34 21 31 13
234 -5.7298007488102787 -1.4258354016473442 19.45796850573603 93 94 90 1.090312904130617 69 29 31 26 64 28 60 28 27 27 30 37 25 27 20 79
236 0.52782744817819027 -11.321167385204404 4.7597311527141528 254 255 249 0.34684842493849261 38 45 39 44 50 43 53 38 56 47 58 44 61 47 62 43 66 47 69 50 31 30 40 43 64 40 43 45 33 45 41 42 44 43 36 34 46 42 54 39 59 41 65 43 60 32 27 44 34 43 45 47 52 36 49 34 28 47 24 45 32 46 30 43 57 33 55 43 25 40 47 36 23 42 29 47 37 46 42 39 63 38 51 39
238 0.52782744817819027 -11.321167385204404 4.7597311527141528 254 255 249 0.34684842493849261 38 39 39 40 50 38 53 41 56 41 58 38 61 40 62 38 66 39 69 43 31 42 40 39 64 36 43 38 33 55 41 36 44 36 36 47 46 36 54 34 59 37 65 39 60 40 27 39 34 39 45 41 52 43 49 37 28 40 24 38 32 40 30 49 57 35 55 37 25 36 47 40 23 37 29 39 37 43 42 33 63 33 51 46
240 8.8133471105613559 -4.2370942897284944 11.380792785849946 110 101 92 0.32872723897115086 38 82 39 71 50 71 31 65 40 66 35 60 33 69 44 68 36 82 46 80 65 80 48 75 27 85 45 88 52 69 49 71 28 72 24 84 32 61 30 96 25 59 47 62 23 67 29 83 37 77 42 64
242 10.35142588396681 -3.8502545473207932 7.6404463404157505 251 243 219 0.37611597921369549 39 86 50 84 56 92 58 84 61 89 66 88 69 82 31 84 40 79 35 73 43 85 33 88 41 82 44 83 36 85 46 82 54 75 48 82 60 83 27 84 34 83 45 89 52 84 28 89 24 88 32 86 30 95 25 76 23 82 37 83 42 76 63 65 51 75
243 8.4343329163501082 -3.1577311818736375 6.8558686937300459 251 243 219 1.4455095365221282 39 84 50 83 56 89 58 83 61 91 66 90 69 91 31 88 40 82 35 56 43 87 33 86 41 81 44 80 36 84 46 77 54 74 48 80 60 82 27 86 34 84 45 91 52 83 28 90 24 87 32 89 30 94 57 56 39 80 45 86 60 64 48 74 52 71 24 76 34 76 35 74 44 73 46 72 65 52 55 56 25 75 23 81 37 82 42 74 63 54 51 72
245 13.54878505070543 -0.23771040797982054 5.8996802561416626 86 95 95 2.082995642452639 56 87 70 85 31 59 71 84 76 70 78 69 73 79 68 79 70 69 67 86 61 66 50 77 56 78 58 72 58 85 38 86 53 72 31 61 40 71 40 81 35 59 43 65 41 66 44 63 36 63 36 64 46 62 54 60 54 68 65 71 48 60 34 61 52 63 28 70 32 82 25 56 47 69 29 92 37 65 42 61 63 71 51 59 25 77 74 61 30 93 71 85 29 77
246 -1.7089266441594757 -12.139475841162824 6.3341780494911495 82 80 69 0.46034467769193815 31 7 38 10 39 9 50 8 53 8 61 10 56 9 58 7 62 8 66 8 69 8 40 8 35 8 64 8 43 8 33 10 41 11 44 10 36 10 46 7 54 8 59 8 65 8 48 9 60 8 27 6 34 7 45 9 52 8 49 8 28 6 24 9 32 7 30 5 57 8 55 8 25 6 47 8 23 7 29 8 37 7 42 9 63 8 51 7 67 10
249 10.223443437170637 -3.3097583502203758 5.4415990551804265 115 119 113 0.37045921461447556 38 66 72 79 40 57
250 -0.87127699285249927 -11.827006524363975 5.3687370960282896 188 152 138 1.0415339269066792 72 87 56 74 31 54 40 55 74 39 70 31 71 40 75 36 76 37 78 63 73 39 77 44 68 36 33 77 46 57 48 71 45 78 82 45 55 23 37 28 81 62 80 43 79 58 83 50 86 61 88 49 92 142 22 72 20 90 26 64 16 89 18 73 21 63 19 80 17 65 14 90 12 96 11 126 9 125 10 106 7 107 2 86 3 96 4 103
254 -0.84083764990999832 0.84000608469688798 0.61003730842366621 35 30 24 0.35849459801651162 72 84 71 94
267 -2.523322722796336 0.7529074526639894 2.2825763956364686 35 29 19 0.85112412597302167 39 63 44 75 43 58 56 57 64 57 66 63 59 59 65 74 66 76 60 74 47 71 42 68 63 66 69 83 65 75
276 -2.3323050694679632 0.99909934327493388 1.7992836336591171 90 95 96 0.42522031370171087 40 84 61 90 36 75 46 65 54 73 56 91 59 68 65 81 60 71 43 73 42 71 51 64 53 79 53 85
293 5.7362169347629219 -0.19321979990623964 16.417910449175437 245 70 61 1.1946730272799324 70 62 71 103 68 63 71 77 65 82 50 69 73 78 23 70 36 70 85 117 79 69 83 84 87 102 89 116 90 135 92 119 92 120 94 149 93 112 96 152
294 -2.3605933490858493 4.6107337370072257 5.4986068774503041 251 88 82 1.7388032811611982 39 27 59 70 61 24 64 69 66 29 69 77 65 26 35 24 43 36 36 60 46 34 40 25 39 65 61 68 62 67 56 88 43 21 44 24 33 40 38 38 41 51 53 83 38 67 46 66 48 26 34 22 45 15 52 16 52 78 31 22 36 74 44 53 44 28 36 30 49 17 33 27 28 27 28 29 24 30 57 60 55 52 55 70 47 29 47 48 42 18 51 31 30 36 30 41 57 27 27 28 32 24
297 4.8080270387385315 -6.3096065217017756 7.1522083918566892 200 161 154 1.5231135390071111 31 90 39 48 40 47 53 57 48 53 58 51 60 46 27 62 52 53 30 91 57 46
298 6.5191439937473152 -7.7198047738597504 8.3002414790371777 200 161 154 0.20339915160991687 31 83 48 56 60 50 27 79 52 57 30 92 57 47
302 4.1135041952384617 -6.323997845363575 7.6725168409894824 185 63 54 0.49631738314260299 50 75 27 63 48 77 69 60 29 86
304 -2.4558077321833784 0.99810023623706046 1.9386440865624326 86 88 89 0.73323803162729273 44 81 61 22 65 83 34 65 45 21 55 21 54 24 59 21
311 7.1758122709112167 -4.2255128408575224 10.5467856569384 146 134 132 1.5266055906237583 74 91 70 70 71 70 78 78 68 65 67 87 61 67 61 74 67 83 50 70 50 78 69 68 69 70 56 76 56 79 39 73 62 70 62 77 58 71 58 73 53 67 66 80 66 81 31 62 31 82 40 80 35 70 64 64 64 66 43 88 33 65 41 76 44 67 44 70 36 86 46 71 46 78 54 61 59 67 59 74 65 65 65 70 48 61 48 62 60 69 27 75 27 76 34 73 45 67 45 74 52 64 52 70 71 87 68 60 40 69 82 73 49 58 49 64 28 73 57 63 57 64 55 69 55 75 25 58 25 65 47 68 47 75 23 68 37 75 37 76 42 63 63 72 51 62 81 90 79 70 79 71 84 88 85 96 85 97 83 113 86 93 86 127 87 104 88 115 90 136 92 121 93 113 97 130 99 182 110 247 107 210 117 236 109 243 111 215 106 205 113 257 115 248 114 193 119 202 124 177 128 162 133 126 137 134 138 126 140 98 138 108 142 103 139 96 141 113 146 140 143 87 144 115 136 88 145 123 147 89
313 8.3060520276538288 -6.8122527823255048 5.2699669481646092 108 119 130 0.96932768947982551 76 16 77 16 78 19 82 11 73 15 81 12 79 15 80 19 84 23 85 24 83 18 86 23 87 28 89 34 88 31 91 31 90 27 92 30 94 22 94 115 93 31 96 27 95 40 97 28 98 30 102 49 99 38 100 44 75 17 91 103
315 6.4288168877619425 -5.3795707827437784 9.0484667247300443 171 128 127 0.71881734576531098 33 39 82 23 79 32 83 35 87 37 91 36 90 35 92 38 94 44 93 41 96 46 97 52 98 63 102 53 99 61 100 55 103 64 104 59 101 39 107 68 117 85 110 58 109 64 111 55 106 73 113 89 115 77 114 76 116 81 121 80 119 66 124 62 122 48 126 52 120 58 128 66 127 68 125 44 129 46 132 39 131 50 130 46 134 47 133 51 135 42 137 50 138 45 140 48 142 50 139 52 141 49 146 44 143 52 144 52 136 54 145 54 147 47
316 -2.6295622145563282 1.0598029907006992 2.0522620821568482 114 118 116 0.53809122065211124 54 15 61 16 67 75 36 15 55 14 53 18
324 -0.92332395135487055 -10.13142424514067 5.972611741478036 250 81 85 0.69870107645826252 71 61 82 59 79 80
325 17.805337474086457 5.4219440697133585 6.9047347797199539 0 0 0 0.8996463876827846 67 72 74 56 31 45 22 65
326 9.0402518948401163 -6.2010636475381293 5.8666565537338382 136 140 133 0.7424995983019631 77 96 82 78 81 76 79 72 84 81 85 99 86 88 87 106 89 121 94 98 91 100
334 0.77389478825101676 -4.4268848403350729 11.381929481198096 252 96 96 0.78710177943158899 27 0 31 0 28 0 24 0 32 0 30 0 25 0 23 0 29 0
345 5.3834377553398518 -7.4255708428695382 5.5266417478857726 26 26 24 0.9348707959693594 34 32 28 41 24 39 23 38 29 41 37 34
349 -4.1528648993822319 0.72756651761452451 4.0203273776308723 94 100 100 1.6688876674277096 27 21 39 85 41 74 24 20 58 80 46 64 58 69 32 65 30 24 25 19 47 66 42 75 48 64 67 84
350 -4.7406587824898976 0.32843428624846716 5.0504187036011867 78 81 81 2.3561966385563933 50 82 61 86 66 89 69 78 57 59 63 69 53 70 37 88 55 73 35 84
357 -2.3033567520320966 2.0115657006901744 3.9521543271841986 253 93 91 0.55368771092225377 39 5 24 4 36 5
358 -2.3033567520320966 2.0115657006901744 3.9521543271841986 253 93 91 0.55368771092225377 39 7 24 6 36 7
361 -2.7788837579500445 -2.4069064015065109 5.4770556545784164 92 84 74 1.0435570205330604 39 33 41 26 24 26 44 31 48 29 28 56 45 26 52 26 56 28 59 29 65 34 32 20 57 23 55 28 23 25
363 5.5283884240904788 -7.4475754322612762 5.5566656926264892 26 26 26 0.28348949030782011 28 51 24 47 23 45 29 51
372 -2.5860765583417478 1.0795668579254918 1.9717778989889021 92 98 96 0.0090736603010195607 32 71 30 78
395 9.0210725756869223 -4.1228748651387352 5.3151866952970712 110 112 109 2.2086811686479817 24 61 23 60 29 66 30 67 32 58 37 56 35 46 38 61 55 55
398 13.123781814888895 -0.54606027959602244 4.4359921158293183 149 152 155 0.55584344380052886 25 10 28 14 23 11 29 10 30 12
403 -3.784635568994585 2.1808406913703364 7.5751530758236383 95 95 94 0.79460029572482871 61 30 29 37 33 32 38 28 43 19 53 32 56 30 62 33 65 35 35 23
408 4.8649110210578463 -7.8736680728833468 7.6771317104011869 247 81 80 1.4575949473111689 74 36 78 38 72 33 77 33 68 29 50 32 38 24 41 25 27 36 30 22 55 33 47 30 23 39 29 27 23 21 81 38 79 34 83 42 86 53 87 54 98 72 117 115 110 100 112 113 108 106 114 110 120 92
420 6.6926841138420574 -6.9487329095310892 5.8256475531333978 41 36 38 2.3461604783971208 70 75 72 65 68 72 31 78 40 73 35 71 33 80 27 78 34 75 28 82 32 72 25 67 23 71 29 85 37 78 61 48 72 50 69 52 56 48 39 24 40 23 35 18 43 46 33 46 46 43 48 42 27 45 45 24 45 48 52 44 49 39 57 20 42 23 63 39 22 40 13 39 16 41 18 47 21 38 19 98 12 34 17 37
427 -0.77026834058563853 -11.601348220399478 5.242229919625272 195 160 143 0.97973936731851397 72 82 56 80 31 80 40 72 33 79 45 76 74 38 70 30 71 42 75 26 76 38 78 64 72 39 73 29 77 43 68 27 67 31 61 18 50 19 69 21 56 21 39 20 62 20 58 16 38 17 53 21 66 19 31 17 40 16 35 13 64 17 43 14 41 17 44 25 36 18 46 18 54 18 59 22 65 19 48 19 60 16 27 18 34 13 45 17 52 17 82 46 49 21 28 19 24 17 57 15 55 16 25 16 47 20 23 18 37 23 42 14 63 15 51 19 81 60 80 45 79 47 83 53 86 68 87 42 89 44 88 52 91 59 90 53 92 49 94 47 93 58 96 82 95 50
428 10.482005657993602 -5.3964365581698353 6.1201323224344089 108 111 112 1.2232853560000678 77 3 82 2 81 2 80 3 79 2 86 4 87 4 89 4 88 4 91 9 90 5 92 8 94 5 93 3 96 4
429 19.419833489515515 6.6816408085500063 6.0564762472902132 123 129 129 1.4615676854024282 77 14 81 14 78 13 80 10 79 19
432 13.178973899022385 0.49816611539336075 5.9245137297307862 0 0 0 2.1131347175186384 71 39 77 42 75 32 78 48 74 29 73 19 80 34
433 7.4277639292915509 -7.1242234606532255 5.5104445693728126 113 119 131 0.31219974503235187 82 71 81 65 80 61 84 71 85 56 83 60 86 74 87 72 89 86 88 65 91 88 90 89 92 87 94 90 93 77 96 86 95 75 97 83 98 83 102 91 99 98 100 90 103 88
446 4.5537757048294925 -4.3862032371117561 4.2585866877446588 209 65 57 0.92421285723297308 73 58 80 62
449 19.882167742129287 4.4700938306414546 6.7931105724634744 142 143 145 1.0343829261172002 78 66 80 88
451 0.77189016449850001 1.3539624548589388 -0.9382509715580053 119 121 123 1.4987700688846417 73 20 82 26 85 29
452 -0.23939833469574623 -2.5913983540178682 3.8061229033146375 147 85 82 1.0051075896599928 82 0 79 0 88 0 87 0
459 9.4057802715473731 -6.0650116507925951 5.1835191677575185 109 113 116 0.72503058780467899 82 52 79 52 85 59 88 66 87 57 81 17 80 17
465 6.4067529975398259 -8.5625202253091075 6.3986324464434059 106 101 103 0.1805207964801375 77 59 79 93
466 4.6811527947022133 0.76793578489296399 -1.7133469200488398 252 103 102 0.051301504817427998 81 44 79 13
475 2.2026843384635946 0.30204524389462306 -1.5699614446060903 48 49 42 0.82995163056927568 82 49 84 109 83 74
476 2.1990356848403225 0.3084746854281547 -1.5755369547122504 92 100 99 0.50400230602512175 82 82 84 117 83 108
478 2.209413344270295 0.29712883641131721 -1.5561878361475256 92 97 98 1.3490276103601857 82 80 84 119 88 89 86 97 84 84
492 1.9602865092024206 2.9182156077556907 -0.072650865408445037 249 100 98 1.8393640271422245 82 27 85 54 86 46 87 97 89 146 91 119 94 152 97 106 100 65 108 70 106 80 109 99 99 53 84 45
493 2.047505113468663 0.67688126966017959 -1.3727014701441995 249 100 98 0.82467362652633902 82 30 85 58 86 50 87 94 89 140 91 139 94 156 84 61 89 74
499 2.1724416909990301 0.30012472441298538 -1.5707741511120847 126 127 128 0.65006663958476141 82 68 85 90 83 88 87 133 89 113 91 120 90 131 92 117 94 142 84 95
506 10.794218199738996 -4.0711856091840977 8.5710282588889548 88 69 56 1.1325637529966597 79 56 84 69 77 30 81 57 73 44 76 39 78 56 77 45 82 56 75 49 80 30 85 53 83 64 88 71 86 60 87 79 89 65 91 68 92 93 90 73 94 66 93 90 96 94 95 81 97 88 98 90 99 106 102 111 100 98 103 121 104 80 101 73 105 117 107 135 117 163 110 144 109 137 111 148 112 149 108 132 106 116 118 144 113 149 115 156 114 136 116 134 123 132 121 123 119 115 124 100 122 107 126 105 120 120 128 102 127 105 125 87 129 89 132 75 131 77 130 80 134 86 133 54 135 74 137 51 138 46 138 99 137 115 146 100 143 85 144 105 145 96 147 82
527 6.0934382961868936 -7.8316121188830392 5.9543179905839168 100 98 95 1.0678648379936484 84 56 85 35 83 62 78 37
530 2.1712776642909692 0.30101729478120187 -1.5741417513978289 126 125 126 0.77065259466743219 82 65 83 75 89 112
566 5.7409641406271872 -8.3777320256034944 5.0980904527078428 101 101 100 1.7875851789364685 84 52 86 57 83 26 81 23 80 44 87 41 89 62 91 82 90 82 92 67 94 37 93 38 96 51 95 42 97 78 102 47 99 26 103 33 104 45 101 66 102 117 91 102 105 84 107 39 117 51 110 45 109 54 111 43 112 47 108 51 106 54 118 241 107 232 101 190 104 181 105 186 115 144 117 20 110 27 114 206 118 52 113 51 106 24 108 22 111 19 109 25 107 26 105 27 123 204 112 23 124 153 115 51 116 93 125 77 122 179 132 61 132 116 128 180 129 96 131 45 131 113 128 52 127 52 126 47 133 26 120 70 119 57 121 59 123 87 114 50 122 73 137 25 138 21 142 30
576 1.8696749585638359 -0.11092390537441367 -1.4570574743083446 122 115 110 1.9008110725725185 86 114 87 112 89 104 88 79 91 113 93 121 96 136 84 85 84 99
578 6.001021433138499 -0.34393481757739336 13.524506923078755 116 33 27 0.26348660440503047 71 104 87 138 74 105 88 120 90 138 93 144 96 157
580 1.8961796465776328 0.031776344762859718 -1.5271754640288373 38 66 151 0.85266921054671685 86 109 87 68 89 81 88 74 91 86 90 72 92 88 94 73 95 90 97 103 98 86 102 159 99 123 100 124 103 178
582 2.2064144722412871 0.32417345972700157 -1.571587040350295 125 130 128 0.67925008478183457 86 27 87 30 89 28 88 26 91 42 92 41 94 42 93 45 83 22 85 20 84 27
583 2.2105441038531533 0.31232507862623143 -1.5714982965713433 56 59 59 1.2470172315424164 86 99 87 101 89 95 91 118 83 100 84 111 94 143 92 109
584 1.9863759497771221 0.089613674892860359 -1.5574915445596886 88 88 82 1.6956704049418776 87 3 89 1 88 3 86 3 91 1 90 1 83 1 84 1
585 1.9863759497771221 0.089613674892860359 -1.5574915445596886 88 88 82 1.6956704049418776 87 1 89 3 88 1 86 1 91 2 90 2 83 3 84 3
587 1.9387417759494607 0.094888839759222854 -1.5704744730476452 254 255 250 1.3885482119060617 87 5 89 13 88 5 86 5 91 15 90 11 92 13 83 5 85 6
588 2.1433974472811248 0.18986310341802376 -1.5260104458062702 99 96 90 0.69902743549289637 87 20 89 15 88 16
589 2.1433974472811248 0.18986310341802376 -1.5260104458062702 99 96 90 0.69902743549289637 87 25 89 16 88 18
590 1.87791241426511 0.10258806476874824 -1.5659285061683157 252 255 251 1.3931846588686965 87 18 89 19 88 28 91 20 90 15 92 18 94 12 93 10 96 9 95 21 97 30 98 33 102 52 99 44 100 48 103 60 104 77 101 70 105 129 107 154 86 24 117 199 110 178 109 189 111 189 112 230 106 166 108 184
593 2.2005223190886212 0.18844749295821772 -1.5470457363621328 116 119 118 0.50625163713264787 87 34 89 32 88 40 91 38 86 31 90 36 92 56 84 21 83 24
595 2.2360014444955811 0.21700689762334366 -1.5509317423115272 150 152 159 0.63138276115960457 87 47 89 46 88 56 91 63 90 45 92 55
599 2.0566162833610799 0.25915925777701737 -1.609091201776373 247 100 98 0.74212271318620815 87 33 89 66 88 34
601 1.927978436181244 0.073146944263494412 -1.5522199405746113 253 255 252 1.5355654319110181 87 90 89 83 88 98 91 62 102 158 100 119
603 1.9053631252810916 0.12598351096978441 -1.5809917185290481 251 253 250 0.76372160394934419 87 92 89 97 88 64 91 109 90 78 90 117 92 72 94 52 94 99 92 37 96 93 96 142 95 56
610 2.184986514280792 0.2938739093584618 -1.5756018882421499 98 104 104 2.4036123649832239 82 81 89 148
612 1.8843017647992697 0.072510207786409417 -1.5543774255711866 49 52 56 0.5992185058730487 87 93 89 99 88 87 91 108 90 107 92 97 94 110 93 109 96 100 95 100 97 123 98 120 102 192 99 151 86 62
613 1.8902482221204446 0.076383024590765305 -1.5574260153706116 49 52 56 0.78313521111559359 87 89 89 101 88 82 91 106 90 98 92 100 94 100 93 102 96 115 95 103 97 148 98 143 102 190 99 159 86 70 83 69 85 75 82 90 84 72
617 1.9900226364574409 0.020192246968785146 -1.5193999883801967 87 88 79 1.7990104359843648 86 10 87 14 89 31 88 11 91 35 90 58
632 1.9030673361447337 0.02015498990279711 -1.5218165479277472 64 66 93 0.36107597155223148 86 111 87 87 89 73 88 81 91 73 90 74 92 102
636 6.6111217467974415 -6.2930530146728998 7.8869883073204967 225 192 182 0.11871729097131969 80 73 88 94
641 2.2105273088637416 0.29252578522432027 -1.5492083344057128 47 50 50 1.2481541005776371 86 96 88 114 90 134 89 120 94 120
643 5.7084816948748003 -7.7776930659909267 6.3369703016109868 246 92 90 2.0660371009912417 84 65 86 75 87 73 88 67 74 25 71 23 75 19 76 25 78 33 73 16 77 17 67 30 82 15 81 31 80 29 79 30 84 24 84 35 85 28 86 25 87 36 89 87 88 29 91 89 90 64 92 90 94 92 93 80 96 88 95 49 95 76 97 43 97 73 98 43 102 31 102 87 99 48 99 75 100 45 100 72 103 36 103 79 104 42 104 109 101 37 101 108 105 79 107 81 107 126 117 83 110 125 117 93 109 76 106 71 113 83 115 90 108 32 106 31 110 36 117 38 112 39 111 28 118 36 109 33 114 51 116 54
648 9.2493761917143154 -4.0079369480079334 8.8390931462610709 90 92 90 0.35471614843534821 84 87 85 98 68 67 67 88 61 65 69 92 39 75 53 74 31 60 43 75 54 69 65 73 49 57 24 66 30 74 57 57 55 68 47 61 29 78 63 55 51 65 83 107
651 1.8850809262775379 0.079390871437662935 -1.5611170401629539 143 109 112 0.59896727821181428 89 18 91 19 87 17 90 14 92 17 94 13 93 12 96 15 95 24 98 45 102 30 99 49 88 17 86 14 100 47 103 35 104 71 101 55 105 60 107 72 117 65 110 50 109 87 111 82 108 61 106 70
653 1.8779908505461955 0.076155359291741262 -1.5576840299125112 143 109 112 1.4911494907020457 89 24 91 23 87 22 90 22 92 28 94 19 93 17 96 24 88 23 105 128 107 119 117 193 110 195 109 171 111 196 112 134 108 151 106 143 118 176 113 133 115 213
655 1.9559007808478339 0.07741298163509884 -1.5591972518848622 254 254 254 1.5239497516224596 86 40 91 44 88 61 90 37 92 31 94 24 93 11 96 26 95 37 97 50 98 75 99 101 84 38 83 28 85 47 82 40
656 1.9588604150702857 0.10121160715855344 -1.5688377431306479 98 97 104 0.90943368217184706 89 102 91 50 90 54 94 26 93 25 83 30 85 26 82 20
658 1.9128386992389128 0.14630213433264416 -1.5909793074103391 118 126 137 1.6705440900880553 89 63 91 67 86 89 83 91 84 80
660 1.9629249552242118 0.057048341428054872 -1.5438196969595948 145 133 123 0.99747887414295033 91 84 90 86 92 129 94 129 95 96
661 1.8964859569425037 0.13403119238932448 -1.5842827081694404 250 255 251 0.61548999390436232 89 90 91 92 87 111 89 119 90 92 92 123 94 96 93 114 96 120 88 73 86 87
663 1.8655200622718535 0.075236912246758561 -1.5538973523571986 252 250 252 1.4010596407265608 89 51 91 95 87 56 88 46 92 65 101 197
664 1.8971433454907787 0.020138195776875419 -1.5243799911557583 250 241 244 0.75847816424558656 87 86 89 100 91 105 88 80 90 96 92 130 94 118 98 140
665 2.1962197715728502 0.29450391135036225 -1.5695619550699142 51 56 56 0.99290545376470596 86 98 87 88 91 121 90 132 92 118
666 2.0245884918081405 0.25741505183696378 -1.5747558328563089 74 68 63 0.10301818882659231 86 94 91 96
667 2.0169814086612088 0.12133450776057662 -1.470938423197681 252 119 115 1.956947937677783 91 0 90 0 89 0 92 0
672 2.2763040299248405 0.1846068565828648 -1.5261483629067154 140 143 146 0.86353200331593982 89 37 91 58 90 43 94 60 92 57 93 55 96 95
679 1.8665666241499639 -0.071960916015163079 -1.4846934556389406 110 101 92 1.032607185276873 87 58 89 61 90 70 86 45 88 51 96 13 92 24 83 51 85 38 85 105 115 208 84 47
681 1.8536977574970785 -0.087739726794343276 -1.4761224839277152 110 101 92 0.868981618521384 87 43 89 55 90 81 86 55 88 48 92 84 94 86 93 76 96 84 83 58 85 48 115 186 84 58
682 1.9144885730377419 0.014574867316191554 -1.5221214964223508 254 255 251 1.1016228387063116 89 79 91 83 90 83 92 50 94 87 93 119 94 117 96 87 95 97
685 10.617812873044942 -7.0622074395173202 6.7596019500659308 107 109 110 0.3804320575123703 74 60 90 102 96 90
688 6.8668503466865225 -9.2354430029099532 6.1769872082035269 153 161 165 1.5724491173034898 72 83 87 130 88 106 89 131 91 135 90 116 92 151 94 133 93 122 96 137 95 115 97 144 98 138 102 166 99 165 100 145 103 158 110 72 107 64 105 126 109 84 111 85 108 60 106 63 116 76 119 109 121 116 123 89 124 116
692 2.0830109679756479 0.23915593753534412 -1.6269752648213156 0 0 0 0.7417114275597777 83 23 85 89
696 1.9781654872466379 0.27252846967128053 -1.5694310886783525 104 100 93 1.5237241551698677 90 3 92 5 91 4
698 1.8748193858922864 0.086046962696640056 -1.5670336468961057 252 255 251 1.0807976606208916 90 29 92 34 91 27 94 25 93 26 96 28 95 35 97 44 98 44 102 54 99 54 89 27 87 16 88 25 100 60 103 53 104 76 101 69 105 87 107 114 117 89 110 84 109 112 111 88 112 121 108 98 106 96 118 119
699 2.1845961738454416 0.28944990185853769 -1.5542555402926244 119 119 120 0.35330782719088683 91 45 92 39
700 1.8851420402834327 0.073262622633638544 -1.5614282248158853 70 65 61 0.89271624320923237 90 42 91 54 92 51 89 52 94 50 93 51 96 54 95 58 98 87 102 128 99 103 87 63 88 37 100 116 103 146 104 135 101 133 105 158 107 183 86 37 83 29 85 25 117 192 110 199 109 169 111 171 112 199 108 149 106 161 118 175 113 190 115 209 114 171 116 163 82 21 84 37
701 1.8851420402834327 0.073262622633638544 -1.5614282248158853 70 65 61 0.89271624320923237 90 57 91 52 92 64 89 60 94 57 93 61 96 68 95 60 98 100 102 136 99 91 87 64 88 38 100 127 103 139 104 174 101 141 105 160 107 177 86 38 83 39 85 31 117 196 110 176 109 186 111 188 112 182 108 182 106 165 118 198 113 177 115 182 114 186 116 169 82 28 84 31
702 2.1656436695432819 0.20298032214939282 -1.4640261565142367 106 106 101 1.0010702746631206 90 68 92 71 94 78 93 73 96 79
703 1.8842002481307911 0.1555217114567759 -1.5934981647143256 130 132 135 1.9086237242476778 90 50 92 73 94 29 93 33 96 36
704 2.1656436695432819 0.20298032214939282 -1.4640261565142367 106 106 101 1.0010702746631206 90 66 92 78 94 68 93 63 96 96
705 1.9574600559293416 0.068950932975609572 -1.5513334051901144 254 255 251 1.2498783160262277 90 97 92 89 94 65 93 84 96 128 93 138 98 122
706 1.9026202496743727 0.041944578817945902 -1.5468585468629061 240 218 216 1.8830028315740484 91 128 92 108 94 154 102 90 107 121 103 97 117 147 110 163 111 132 109 126 112 133 106 133 118 132 113 127
707 1.8783516382364072 0.065720923464043596 -1.5569051290384217 70 59 61 0.33594875565615873 91 127 92 127 89 124 93 139 86 110
710 2.2003165351166563 0.30514851231300716 -1.5702823859059361 99 104 105 0.54770027680729017 83 99 92 153 85 70 84 110
711 1.9880941505913055 0.11605489749301449 -1.5696475105803764 92 92 86 0.84391837234687217 92 1 94 2 93 1 96 2
712 2.3067544454224631 0.18304822881749369 -1.5152677505057583 128 134 139 1.1302349192190722 90 21 92 22 94 16 93 15 96 18
713 2.3242155084964171 0.18259037540927406 -1.5061542367095262 128 134 139 1.2332299017054369 90 18 92 25 94 18 96 21
714 2.2618632434897243 0.15484873064762128 -1.513859771127787 120 123 124 1.1706385476911394 90 30 92 32 94 28 93 32 96 30
717 5.4217079378325019 -6.2679264419812952 8.6718855408132853 67 33 26 0.097438015359105332 78 65 94 105
719 2.0669111517757619 -0.039848977706759992 -1.4940780456116016 203 196 193 1.1434794375670216 90 123 94 113 91 130 92 148 93 131 96 143
720 1.8756013634316073 0.072828656073385789 -1.5507390193614623 249 245 247 0.12300566124547824 89 145 94 128 91 94
721 2.0647567301004157 -0.052322910554469346 -1.4859658467120465 203 196 193 1.8884251722462162 90 114 94 131 91 141 92 133 89 143 87 116 93 120 96 135
722 1.8209779337045862 -0.071646344421609498 -1.4925380460421098 217 201 207 0.29612613051498071 92 134 94 132 90 115 91 147 89 103 87 120 86 126 83 95 84 100
723 1.8198126702602415 -0.073144794021396703 -1.4916935580698296 217 201 207 0.23254451304667342 92 105 94 136 90 120 91 132 93 107 96 114 89 130 87 122
724 2.2340769846198612 0.3352548258238246 -1.5661816534372237 55 57 58 1.4224777347602342 90 130 92 110 94 145 91 148 84 118 89 108 89 110
727 2.0809939886389683 -0.042515431814646738 -1.498039862869746 254 255 251 2.4053957573987406 92 81 94 43 93 28 96 38 95 52 97 116 98 149
728 1.7901029357121987 0.108405012008623 -1.5625637555216085 70 84 127 0.5495636273005966 94 39 93 36 92 46 96 42 90 32 91 46
729 1.8798661914789598 0.1451818740905545 -1.5859160408890545 110 121 136 0.41032473785145479 91 49 93 48 96 31
731 1.8809411591074019 -0.10883357110724377 -1.4588899874088215 116 109 107 0.78617537886564126 86 90 93 132 96 144
732 2.2969244186846614 0.15829450207590617 -1.5167376130875501 127 133 137 0.4364303286800672 92 103 94 103 93 141
735 1.8607143044703918 -0.0058514819804875865 -1.5315906609999477 250 254 245 1.7176743948125757 92 42 94 32 93 29 96 39 97 35 90 31 86 67
737 2.0568876624656354 0.1610535014908841 -1.6082144918126025 252 110 109 0.15556989838915078 93 0 96 0
746 3.0143673173200285 0.1756539424680619 -1.1144183858459462 177 179 181 2.743547505990088 87 11 95 10 89 10
749 2.1787555882052705 -0.40426526843473259 -1.2396989785570192 103 106 102 2.0448358214656044 93 22 96 12 95 20 94 35 97 17 98 28 97 40
750 2.1621759551391402 -0.30991748715549511 -1.3067236684784966 103 106 102 2.1031299145523796 93 23 96 22 95 23 97 23 98 35 97 49
752 1.7971611069985232 0.13682043455606963 -1.5735028817074184 253 254 254 1.8902635143451043 96 118 95 32 93 94 98 54 99 78 100 73 102 75 103 83 97 54
754 1.6750012662062832 -0.26184913058632514 -1.3395044843943427 121 107 99 2.5025577101948953 96 133 95 94 100 122 102 179 103 194
755 1.9229473261668071 0.13385704535043511 -1.5849486112572504 112 114 108 1.6224755280975167 87 76 95 107 83 80 85 71
758 2.1208988565332101 0.17386403032658446 -1.631826909771579 137 142 143 1.997618346537509 97 16 98 24 91 12 95 18
760 2.106028955601432 0.17682641113697894 -1.6370494364412425 121 122 124 0.53597359288605906 95 33 97 45 98 46
761 2.1143871350425161 0.18588072399826613 -1.6391226218232537 139 145 151 1.7036563565323626 95 47 97 56 98 55
767 1.9736066602683087 -0.0036527682744792638 -1.4939760067097021 90 90 86 1.6572626569984934 94 46 97 19 93 79 96 63 98 40 95 30 99 42
768 2.1054973353311888 0.22287369963713294 -1.642464991524621 121 127 127 1.8116093124319934 95 48 97 61
769 1.8923300317111438 0.066881027643146532 -1.5573913760090892 254 254 242 0.89139672895457756 94 55 97 72 102 71 99 85 100 71 103 110 86 35 88 36 83 38
771 2.0685972612685712 0.15962892898274933 -1.6091681817072661 252 101 102 2.3325622753133244 95 0 98 0 97 0 102 0
780 2.2049406085432488 0.22537596256311684 -1.5571724306291761 115 117 118 1.3518746368511831 97 93 98 108 99 141 100 105 103 130 101 156
784 1.9145007238619249 0.039295143826385687 -1.537868718748052 250 247 249 1.0902523847418861 91 107 98 125 90 106
788 1.8821958873015585 0.019234085147678687 -1.5172780922242168 46 60 117 0.9117939550223787 98 99 90 75 92 75 94 91 93 81 96 89 95 77 97 87 102 189 99 131 100 126 103 192
794 1.871316083537609 0.12857516391411397 -1.5701016664090892 106 112 110 1.5324420933258354 97 22 98 25 102 25 99 22 100 16 103 29
795 1.8497500371508837 0.1373559531036479 -1.5852690271129917 249 255 253 1.7236476304667194 94 33 102 50 107 97 93 27 109 93 111 92 108 86 106 88 115 130 114 156 116 124 123 120 121 57
797 1.8105570076370039 -0.092347873564159758 -1.461746730789961 111 106 99 1.7468653548340043 97 32 98 81 102 98 97 80 98 37 99 96 104 128 103 109 100 88 101 96 105 187 107 201
802 1.7323848801609578 -0.78175200691353253 -1.1061257188902356 150 148 146 1.9068293857729022 93 49 102 46 91 140 95 64 96 48 89 139 87 123 97 67 100 85 103 46 104 49 101 42 88 53 87 46 89 38
806 2.2176724390329254 0.34954870558060369 -1.5890069264047399 71 72 66 0.93607109732914895 102 15 99 9 100 11 103 9 104 12 101 24 105 25 107 30 117 39 110 34 109 29 111 41 112 37 108 41 106 39 118 43 113 42 115 45 114 40 116 38 123 49 121 44
807 2.2176724390329254 0.34954870558060369 -1.5890069264047399 71 72 66 0.93607109732914895 102 11 99 12 100 13 103 11 104 22 101 26 105 29 107 32 117 41 110 39 109 28 111 34 112 32 108 36 106 35 118 39 113 35 115 35 114 43 116 42 123 46 121 36
809 2.248532236126334 0.14703675005666333 -1.5363293712886537 169 175 177 1.3647102810033576 102 33 99 21 100 26 103 38
810 1.8472035002577765 0.093129008074104611 -1.5760922400542232 254 255 249 1.3707253351847208 98 26 99 24 103 21
811 1.8333417309075946 0.11963619810402393 -1.5700317460214288 250 255 252 1.2262858480989141 97 21 98 27 102 20 99 27 100 20
812 2.2329370391166425 0.24175772875695783 -1.5598456119533146 136 139 140 1.8475261397065283 97 25 99 31 100 25 102 37 103 40 105 41
813 2.2469563016222787 0.2079292121448475 -1.5670374088378163 126 129 132 1.6048634917459079 97 24 99 32 98 34 100 24 102 27 103 27 104 11 101 23
817 1.7663592223697415 0.13693949027248273 -1.5703194845060677 66 77 98 0.19236201753043569 102 94 99 79 100 81
821 2.132461324682239 0.18295243530624236 -1.5759524383017685 59 58 62 0.36206821608100564 97 96 99 93
823 2.2172882998246002 0.17660225550014524 -1.5684280944688482 147 151 153 1.0976336054274132 97 64 99 107 100 79 102 107 103 117
824 2.2599239986261193 0.19128693069236202 -1.5591550005682691 143 148 153 0.39073071636909368 102 110 99 111 100 101 103 120
825 2.2669216544653694 0.19471185757580722 -1.5597752031995982 160 167 170 0.33192993436828333 102 112 99 112 100 102 103 102
829 1.7944146275663699 0.12265032143378002 -1.5661558075952118 248 249 252 0.2809122855219231 98 137 99 139 100 128
830 1.8677045493922648 0.070257294273227286 -1.5676072054739929 252 251 242 0.33903943418066995 97 112 98 118 99 153
831 1.8702690350182694 0.064539615318423782 -1.5689335340136346 250 249 245 0.88151198887984383 98 84 99 155 97 84 104 141 101 131 118 173
832 1.9036296538923558 0.034318334122605938 -1.550802093008335 234 213 203 0.32832746402749491 97 134 98 113 99 156
833 1.7493519079227728 0.15739144350653242 -1.5758061081500039 254 254 247 1.5867810619250291 102 84 99 163 103 92 104 132
834 1.7689424159413529 0.12222063728751391 -1.5512688872082312 240 254 254 0.32638137028992059 97 89 98 91 99 175
835 1.8505762871089895 0.066543789440917198 -1.5708096577515644 119 123 119 0.99582941375993483 102 163 99 176 100 139 97 131 104 191 105 204
837 2.2575309772699024 0.17480163416213076 -1.5528882404910074 195 198 200 1.0512109238619352 97 13 99 17 100 19
838 2.2634678051906332 0.17423943310151668 -1.5498188144047875 195 198 200 1.0392011682911753 97 14 99 20 100 17 102 34 103 63
841 1.8790356590757644 0.12873981910970744 -1.5796894814066516 250 255 251 2.5410470469098256 91 21 90 16 89 20 92 20 94 34 93 42 96 29 89 72 91 79 87 125 89 133 90 85 92 138 94 77 93 142 96 156 97 53 98 70 99 68 88 69 86 78 87 21 105 164 112 228
842 8.959053753912178 -4.7343516094961444 7.9650445250381425 139 107 88 1.262927528947108 74 33 70 36 71 35 75 38 76 34 72 38 73 31 68 37 61 52 50 48 69 37 56 53 39 49 70 58 77 78 68 69 67 90 61 64 50 61 69 81 62 76 58 47 58 62 38 48 53 58 66 51 31 34 40 48 35 35 64 45 64 51 43 50 33 44 41 46 44 47 36 37 46 46 54 57 59 45 59 75 73 63 65 46 48 41 60 36 60 63 27 48 27 65 34 46 45 35 45 65 52 76 82 31 82 72 49 65 28 36 28 69 24 52 32 33 30 57 57 41 57 71 55 47 25 32 47 44 23 49 29 55 37 38 42 44 63 53 51 61 84 62 85 44 83 45 86 49 86 102 87 59 89 50 88 42 91 61 90 52 92 92 97 68 97 125 95 108 98 151 102 108 99 88 77 34 81 39 80 31 78 44 79 38 94 94 93 87 96 92 95 80 98 71 100 96 103 84 104 119 101 90 101 161 105 116 107 133 107 219 117 237 110 202 111 147 111 217 112 147 108 188 118 210 113 211 115 232 114 194 116 232 123 194 121 186 119 182 124 166 122 167 126 178 120 168 128 163 127 170 125 139 129 128 132 108 131 96 130 114 134 134 133 110 135 101 137 133 138 125 140 112 142 132 139 116 141 119 146 137 143 95 144 129 136 105 145 115 147 98
843 2.1744042051375843 0.301984032027375 -1.5704136263729918 126 126 127 1.7530436266701348 82 69 83 71 89 137 86 79 82 60 85 110 83 106 87 128 89 136 91 146 90 137 92 140 94 140 96 154 84 116
844 2.0740239299606742 0.17335089129555145 -1.627339378948464 215 73 73 0.078909684890049209 99 0 100 0
846 1.5189403379133299 -0.80096889686748807 -0.95944279618297756 124 115 111 2.1608778299951505 95 2 99 2 102 5 100 3
847 1.8826129342381948 -0.099154903225549054 -1.4535812485134119 124 115 111 0.83336380963282253 102 3 104 4 103 3 101 4 105 7 107 10 117 9 110 8 109 9 111 8 112 8 108 9 106 9 118 10
848 2.2288783179719101 0.40800697882584069 -1.5999318796404078 88 89 78 0.84198011346562962 102 14 100 7 103 16 104 15 101 11 99 11
849 2.236167823406134 0.41154234583062893 -1.5977685170504106 88 89 78 0.83082772695343243 102 17 100 8 103 17 104 14 101 19 105 20 107 33 117 24 110 21 109 32 111 24 112 29 108 27 106 30 118 26 113 21 115 25 114 29 116 48 123 47 121 37
850 1.8392416808759733 0.15970578780127972 -1.5846754878500577 105 112 110 1.7452144178471052 95 46 100 9 108 24 106 28
851 2.1850611671457214 0.40483519138130436 -1.6051711112574121 39 45 39 0.7152635525187232 99 14 102 13 100 12 103 6 104 6 101 5 105 9 117 10 110 9 109 20 111 10 112 12 108 19 106 17 118 13 113 12 115 12 114 15 116 17 123 20
852 2.0367015313489096 0.40158586011302316 -1.6186200335085861 38 94 145 1.5314633680038041 99 10 100 18
853 2.9480623491353342 0.012123742976001975 -1.1725334499306332 150 156 161 1.8633529234244561 92 94 99 70 102 81 100 29 90 67 91 116 94 27 89 135 96 41
854 1.8440679081727496 -0.063956823947195471 -1.4818330159464141 99 98 95 0.83617463752751386 98 29 100 30 97 27 108 136
855 2.2944035959733062 0.21228450798047221 -1.5512552251512675 152 158 161 0.79428676434626821 102 36 100 33 103 70 104 68
856 2.2043816979161388 0.34474989073158019 -1.5854032084569862 117 123 123 1.0431429486116253 99 87 100 36 103 90 101 87
859 1.8032096678352887 0.057341105693835791 -1.5627770399323395 190 182 164 0.65905559371475608 99 84 102 61 100 52 104 72 101 65 105 52 107 60 98 76 97 86 110 83 109 85 112 93 108 76 106 59 113 92
860 2.2386554790894948 0.16030293591294001 -1.5552372340309031 192 198 203 0.30541538220077186 99 52 102 86 100 54 103 151
861 1.7386522774786668 0.15180943248663545 -1.5733955130198907 254 255 250 1.5028088910764115 102 82 100 57 103 89 104 117 101 116 105 165 117 276
863 2.2386554790894948 0.16030293591294001 -1.5552372340309031 192 198 203 0.30541538220077186 99 62 102 88 100 61 103 137
864 2.0251234304421515 0.40715478719092385 -1.6376439759485757 8 32 48 0.8531841735363267 102 76 100 76 103 71
865 1.743299039858569 0.13799233678966441 -1.5759380533721075 253 251 244 0.82199732367856693 102 123 100 77 103 118 103 170 104 116 101 113 101 143 105 188 117 135 112 247
868 1.7848168621104785 0.14280229714066456 -1.5766419482334093 70 75 93 0.30925222465296176 102 109 100 84 103 119 104 148 101 114
869 2.1906193509642211 0.20161029819977339 -1.5462842012718776 110 113 113 0.62429398807430347 102 127 100 104
870 1.7999329508125166 0.084568695064999311 -1.5648427516843895 231 222 213 1.9493738589748806 102 153 100 117 103 190 101 172 117 181 112 229 108 152 106 145 123 226
872 1.80223766769482 0.12617629989319851 -1.5684345584399808 251 254 254 0.59580767683696045 99 134 102 105 100 123 103 116 104 145 101 137
873 2.094388768469114 0.18236238262120363 -1.6148185508587918 153 135 131 1.0864560898873257 99 185 100 134
874 1.7099450992124881 0.067166337729257924 -1.5537426988391265 231 220 212 1.2886951001187832 102 186 100 136 99 149 103 187 104 192 117 242
876 1.8404923784716769 -0.052446677753359122 -1.4735548898732065 138 123 121 0.053261487268260299 102 164 100 140
878 1.8648957859605 0.012145706503829769 -1.526435713084026 239 224 215 0.62400704104863747 98 127 100 148 97 132
879 2.7299184588189251 -0.043125752301882224 -1.2322849676611816 132 139 144 2.0452683494375439 99 37 100 49 103 80
884 2.0473698993289489 0.40905712030442737 -1.6385457716899658 91 130 179 0.9286830564722427 102 68 103 86 104 70 101 43
889 2.0338379483068025 0.41077154586319026 -1.6343030566747763 38 51 57 0.1159273961324027 102 7 103 7
890 2.2308554271348515 0.40870641255971396 -1.5994677257081016 89 90 81 0.39955026221422629 102 16 103 10 104 13 101 10
891 1.952331452352513 0.13361858514632441 -1.5285472434346667 100 98 93 2.2058525097994224 102 21 103 18 104 43 101 40 105 110 109 121 108 107 111 93
892 2.0609806789659046 0.45074265712478306 -1.6303229915140554 122 157 206 2.2654319550299964 102 22 103 20 104 29 109 45 108 49 106 45
894 2.9009025930272005 0.11307421525326845 -1.1770158816869891 127 135 136 1.9089422149752742 86 11 103 25
895 2.2768419096350834 0.18516496911727584 -1.5320687372317034 134 139 140 0.34550746277292427 102 44 103 39 104 62 101 50
898 2.0307610669085614 0.4329015819187978 -1.6334869348588046 78 86 87 0.4107791967312539 102 58 103 54 104 51 101 46 105 67
899 1.7587572164898393 0.1709054661867706 -1.5904313007471222 34 34 32 1.1497070968942922 102 60 103 66 104 180 101 119 105 163 107 225 117 205 110 135 111 199 112 191 108 125 113 187
901 2.2132245366533483 0.18316176817551508 -1.5004608090394131 49 47 48 0.2982254288637588 102 35 103 68
904 2.3005111169097243 0.20562273254969263 -1.5266407904375441 147 153 155 0.77020616571054679 102 67 103 91 104 90 105 115 107 130 110 140 109 135 108 128 106 113
905 1.8848665308015593 0.017708976867208362 -1.5430038619009747 254 255 248 0.4113156499232839 100 112 103 106 101 130
906 1.8879572023994344 0.047512801548487728 -1.531154905511338 252 255 252 0.65557074239077384 100 92 102 138 103 112 117 149
908 2.0126264722521658 0.43602169980321159 -1.6320125132549379 36 93 144 1.1714384552021664 100 155 103 124
909 2.3355532482748846 0.1397332639754835 -1.376520852902954 104 106 105 1.1359932607291741 102 146 103 126 104 158
910 2.230827764427191 0.24718794779656669 -1.5438313900764895 104 112 113 0.95555981839177251 102 118 103 161 107 190 110 182 117 212 108 161 111 181 112 243 106 152 118 183 113 179 115 191 114 225 116 180
911 1.9498006085907806 0.3461370966537507 -1.6336080743745791 59 58 54 0.90355720567822473 102 150 103 166 104 164 101 151
914 1.9849597406672077 0.30790862132836311 -1.5984901243118113 57 53 45 0.087143713426523661 102 176 103 184
915 1.909808953431714 0.38615580110473591 -1.6175120519005224 59 58 54 0.20885274261977435 102 177 103 186
916 1.688623437908729 0.03156233279594118 -1.534819117142926 191 179 163 0.64109902646851835 102 154 103 188 104 196 101 198 107 198
917 1.8504123991398775 0.070701639208808398 -1.5696328059410583 132 137 134 0.4389495093113942 102 161 103 193 104 190
918 1.8850825625029852 0.037556133087062744 -1.5323232232184845 254 255 251 1.6005577443367891 100 14 102 19 90 8 91 10 92 10 89 6 94 8 93 6 95 17 96 6 97 12 98 15 99 19 103 23 104 30 107 41 110 42 109 53 108 43 106 53
920 1.7093805438805039 -0.86628574671654757 -1.0491901073296563 134 137 140 2.0326752192267219 102 131 103 133 95 59
929 1.899959102522897 0.071973002142845799 -1.5717241754088407 254 255 249 1.0239573616409297 103 4 104 19 101 16 105 16 107 22 117 19 110 19 109 15 111 16 112 15 108 15 106 13 115 21 113 14
931 1.7662765996205998 0.050724581465555321 -1.5546278835398748 194 186 173 0.97361137351715032 102 23 103 26 104 27 101 21 105 28 107 27 117 32 110 28 109 26 111 23 112 22 108 23 106 20 118 28 113 22 115 28 114 33 116 61 123 60 119 176
932 2.3223490416557793 0.25979540810451618 -1.5443120479301706 114 120 122 0.18781310977930774 103 19 104 28 101 32
933 2.4478117129594734 0.20119475859225222 -0.96900580888583909 105 95 86 1.8860064695086158 102 63 103 47 104 38 117 45 109 48 111 42 112 46 118 55 113 56 115 54 114 52 123 65 121 183 124 168 119 201 123 225
936 1.8147370927603184 0.08077017251238193 -1.5682426144714168 254 255 249 1.0714638418403746 103 101 104 106 101 105 105 127 107 122 117 90 110 90 109 111 111 89 112 120 108 83 106 86 113 94 115 101 114 94 116 62
937 1.7060713908197034 0.11381701291030244 -1.5672461513226366 209 203 199 0.37869518310468375 102 104 104 112 103 115 101 110
938 2.2162973300522579 0.2277582325296591 -1.5327722703591966 101 109 110 0.3950731127410031 102 121 104 122
939 2.1972631573386123 0.37742563302696047 -1.5979379725934999 88 87 78 1.3711212718867274 103 95 104 123 101 93 107 137 117 167 110 150 109 141 111 151 112 154 108 118 106 147 113 115 115 111 114 120 116 97 123 109 121 103
940 1.9903735313957074 0.43702519979994686 -1.6501289076733052 55 99 142 0.5386748897514424 103 96 104 125 105 119 107 142 109 124 117 170 111 152 112 157 118 147 113 153 115 165 114 144 116 192 123 159 121 160 119 159 124 138 122 134 126 177 120 139
941 1.7110232299143044 0.12125800822362151 -1.5693468127335477 200 197 194 0.93208861923534536 103 142 104 136 101 175 103 175 105 202 107 235 117 247 118 229 113 189
943 1.8369862893416031 0.046458411740098036 -1.5667271901618041 131 137 136 1.1020505442094064 99 130 102 129 103 107 104 140 101 187 105 196
946 1.8592995166437649 0.089022552524922915 -1.5769943019658594 249 253 248 2.5442005080528229 99 152 102 156 100 137 103 150 104 189 102 160 103 145 101 132
948 1.9604203922613792 0.32020040355264795 -1.5695586051183976 60 55 51 1.1574786720734647 104 159 117 287
949 1.9604203922613792 0.32020040355264795 -1.5695586051183976 60 55 51 1.1574786720734647 104 160 117 286
951 2.2276095867852601 0.42661638528498314 -1.5988112541702211 58 62 51 0.79746775109210755 104 0 101 0 105 0 107 0 117 0 110 0 109 0 111 0 112 0 108 0 106 0 118 1 113 2 115 2 114 2
953 2.0344405007030661 0.42366560044570983 -1.6288773874531346 12 30 41 0.36619181924863814 104 24 101 8 105 21
954 1.8591716360439958 0.12961516380137023 -1.587007031283534 252 255 251 0.19489278389546708 104 10 101 9 105 19
955 2.2839324254515709 0.40591500546995934 -1.591184697111109 60 63 53 1.0491553628410089 104 23 101 18 105 14 107 16 117 31 110 15 109 18 111 22 112 26 108 18 106 27 118 20 113 20 115 30 114 28 116 27 102 6 123 35 121 32
957 2.0628247747103958 0.45061196359711908 -1.6433440574592124 137 166 211 0.65009430470444551 104 67 101 47 105 63 107 106 117 111 109 98 111 105 112 107 108 101 106 100 118 97 113 118 123 68 121 101
958 2.0613247126542324 0.4451123644712876 -1.6450709681370417 137 166 211 0.22978087201121669 104 53 101 57 105 69
959 2.0840183223955941 0.44737119209216336 -1.6459635382772499 4 17 32 0.19559896404476959 104 55 101 58 105 64
960 1.9903923891556541 0.46721440958271176 -1.652448623535788 85 91 91 0.86106205719017714 104 56 101 59 105 121 107 144 110 157 109 146 108 135 106 125
961 2.0645427105311085 0.46236857886479765 -1.6473043725598231 9 23 30 0.62090887230490344 104 57 101 60 105 72 107 76 117 68 110 67 109 73 111 78 112 77 108 73 106 66 118 71 113 75 115 87 114 65 116 111
962 1.8728077276791972 0.13288766107986599 -1.5853485824740725 251 255 251 0.89801781224107302 100 53 104 75 101 63 107 96 117 91 110 89 111 91 109 110 112 119 118 94 106 87 108 84 113 95 115 98 114 78
963 2.0854050495062277 0.4593513627233104 -1.6424908303171504 4 17 32 0.65932811206929931 104 66 101 64 105 70 107 75 117 75 110 55 109 72 111 77 112 63 108 59 106 65 118 77 113 74 115 86 114 64 116 70 123 69 121 67 119 70 124 60
964 1.7033591174329819 0.12613827180796194 -1.5722795469875972 73 77 71 1.3288111001774074 101 75 105 112 101 169 104 186 107 185 117 154 110 133 109 180 111 137 112 136 108 155 118 136 113 137 115 148 104 114 103 82
965 2.0012583320990189 0.42609169829888188 -1.6527019448686671 0 14 30 0.31966621012565816 104 97 101 77 105 107 107 113 117 141 110 118 109 162 108 141 106 139
966 1.9854582616440515 0.46041723058443107 -1.6578789185430967 1 21 39 0.36609620506545948 104 101 101 83 105 101 107 115 117 122 110 158 109 147 111 156 112 162 108 142 106 126 118 126 113 126 115 138 114 164 116 148
967 2.0105214218921228 0.4458462048993902 -1.65206112876638 19 44 65 0.24498856563878196 104 95 101 86 105 103 117 173 110 155 109 101 111 125 112 127 108 111 106 123
969 1.675218781620073 0.14182391530718647 -1.5667483964344378 115 112 98 0.51136773165598781 103 135 101 97 105 100 108 97
970 1.8680474244748015 0.0063398251992342171 -1.5274755553423682 253 253 244 1.2838288721057725 103 108 101 102 105 197
971 1.8357374995066169 0.15735969882797454 -1.5923185274744698 69 83 111 0.11538927337053213 104 79 101 111 105 179
973 1.7502824787491047 0.14316812753148969 -1.5792826180501227 240 228 225 0.76281512504323534 102 130 103 172 101 120 105 177 107 228 117 274 112 235 106 150 118 200
978 1.7148841141212858 0.12357814345284554 -1.5708607265248897 192 191 179 0.94167156598715906 103 180 104 147 101 170 105 178 107 233 117 273 118 219 113 178
979 1.8840586040159031 0.086591497497185768 -1.5625065769197493 136 134 136 0.74979278694438622 87 61 101 173 86 42 88 47 89 59 92 66 105 134 83 44 85 46 117 197 110 177 109 187 118 199 113 168 115 185 84 54
980 1.8636557262454105 0.073132982121551976 -1.5533317025660009 136 134 136 0.76971618610597725 87 55 101 174 86 54 88 45 89 58
982 1.8713304629260881 0.42499002383034401 -1.6393803960209432 52 56 54 0.73901130989612052 103 167 104 167 101 194
989 2.2288261379774452 0.44898529883807292 -1.6164657461433192 40 43 33 1.0629986199324002 105 10 107 14 117 11 110 10 109 11 111 9 112 10 108 10 106 10 118 12 113 11 115 14 114 16 116 15 101 6 104 7 123 16
990 1.9925814170806153 0.45308755429654346 -1.6496467180230461 0 12 21 1.0488557881022844 101 25 105 12 107 17 117 16 104 94 110 14 109 21 111 15 112 19 108 20 106 12 118 17 113 17 115 31 114 30 116 28 123 28 121 45 119 32 124 24 122 22 126 27 120 30
992 1.7711264612960325 0.16938667456940926 -1.5985121203801691 67 68 66 1.4294632521461821 105 40 107 43 110 40 109 52 111 30 112 40 108 42 106 40 118 35 113 63 115 61 114 96 116 127 123 123
993 1.6889912364879538 0.18089126953570217 -1.5752191213134188 116 123 122 1.0794362945055482 102 78 105 44 103 69
996 1.6938232743546757 0.18002605732189794 -1.5906298392912355 11 18 17 0.76687190890196444 105 54 117 100 107 56 110 86 109 118 111 114 112 141 108 90 106 91 118 178
997 1.8099543284733322 0.064199450168505617 -1.5666950424933366 205 192 185 0.32747469033300475 101 44 105 58 107 73 117 49 110 77 109 86 111 51 112 64 108 79 106 79 118 85 113 91
998 2.0593279976720322 0.46451165295270674 -1.6534336396501985 146 175 222 0.22520733326389963 101 61 105 73 107 77 117 104
1000 1.6862556967672007 0.14566487599568445 -1.5709609844716161 120 117 103 0.86001106816519179 101 118 104 118 105 90 117 96 110 137 112 105 108 89 106 168 110 111 118 95
1001 2.2923653466858256 0.27377446593326038 -1.544366823597829 129 135 135 1.0704102195584586 102 115 105 92 114 181
1002 1.99793144277843 0.43662147459093514 -1.6488017841682838 0 18 34 0.63983426181247371 101 84 105 99 107 104 117 169 110 153 109 143 111 118 112 95 108 130 106 122 118 146 113 152 115 113 114 128 116 136 123 135
1004 1.9853784966865269 0.46046785933543849 -1.6578560758785004 0 17 35 0.35773468382280998 101 82 105 106 107 116 117 144 110 120 109 163 111 126 112 128 108 121 106 141 118 151 113 156 115 168 114 147 116 120
1006 1.8998817280661526 0.036719312621519333 -1.5425727494795398 112 107 106 0.89364090339161351 101 103 104 104 105 125 107 153 117 130 110 123 109 155 111 166 112 170 108 146 106 105 118 164 113 167
1009 1.6914788596953336 0.15404641905736341 -1.5770117141244417 125 123 111 0.94722045658002463 104 183 105 149 101 121 107 187 117 201 110 184 109 194 108 171
1011 2.363084561809401 0.20641444880722498 -1.5134560260416832 171 175 176 0.22048004609337932 101 124 105 153 107 223
1012 2.0365774314008771 -0.10863659924068898 -1.4602680084938822 254 255 251 1.4114821719669191 101 88 104 138 105 155 103 157 104 92 102 182 106 162 110 217
1014 2.160890736169311 0.69480707282754606 -1.6023816146007657 107 120 138 1.9033208688241066 104 175 105 176
1015 2.1449998514966069 0.12543539476964966 -1.5555154813989551 220 226 230 1.5676254495026622 101 134 105 185 104 108
1016 0.62419126514896828 -10.897676518989631 4.4950134303325111 217 164 135 1.7778046722804155 89 132 90 125 97 111 102 120 104 172 96 127 99 125 101 195 103 140 105 194 98 109 100 146 95 98 73 96 74 87 76 55 78 87 81 84 84 108 87 134 92 139 93 96 100 68 99 73 94 111 107 226 110 215 109 184 109 226 107 174 111 247 112 222 108 211 106 192 118 166 113 188 115 187
1017 1.8405765416104316 0.062685960864653639 -1.5714655345096349 249 254 249 1.2078188835860104 101 67 104 73 105 53 102 70 100 78 99 99 103 77 117 66 112 62 118 65 113 80 115 75
1023 2.0762012102618845 0.48465256221789632 -1.6548121708809611 153 181 237 0.43667540157762419 105 6 107 9
1024 2.032007253895995 0.50263375692059531 -1.654769000358663 29 42 43 0.53691795121419195 105 24 107 18 117 14 110 13 109 22 111 12 112 16 108 11 106 18 118 18 113 18 115 20 114 25
1026 2.0525705063779931 0.47725025304207874 -1.6524883220598812 114 148 196 0.61659853354829042 105 23 107 31 117 26 110 22 109 31 108 29 106 21 118 23 113 37 115 36
1027 1.9468385173587628 0.47937327104738892 -1.6680150059065013 1 14 28 0.14794076786786481 105 32 107 37 109 39
1029 2.2760770759913909 0.43643280642646243 -1.6025842859909756 114 114 111 0.40373854521625652 105 36 107 46 117 53 110 47 109 47 111 74 112 74 108 50 106 44 118 76 113 110 115 135 114 161 116 179 123 186 121 209
1030 2.1121348249582277 0.4977191980959963 -1.6443354084077741 4 20 34 1.4126940174137994 105 43 107 48 117 56 110 46 109 60 111 40 112 33 108 48 106 47 118 40 113 38 115 38 114 42 116 41 123 43 121 39 119 30 124 31 122 25 126 28 120 31 128 24 127 32 125 25 134 32 133 30 135 32 138 39 142 28 139 22 141 28 136 25
1031 2.2760770759913909 0.43643280642646243 -1.6025842859909756 114 114 111 0.40373854521625652 105 31 107 55 117 46 110 49 109 61 111 86 112 88 108 44 106 51 118 72 113 114 115 163 114 141 116 191 123 171 121 182
1032 2.0730775055003594 0.4550305318119775 -1.6422330864625923 132 160 209 0.49302339784780097 105 104 107 74 117 110 110 95 109 71 111 104 112 106 108 92 106 99 118 113 113 117 115 108 114 117 116 112
1033 1.9576720456387033 0.48708779574539363 -1.6707094830351528 71 109 152 0.34790429237456538 107 79 109 77 117 78 110 68 111 79 112 79 108 74 106 55 113 104 115 114 114 113 116 108 105 46 123 97 121 91 119 93 124 86 122 82 126 75 120 99 128 85 127 76 125 64 129 66 132 57 131 68 130 69 134 76 133 64 135 68 137 67 138 68 140 59 142 63 139 62 141 73 146 66 143 61 136 63 147 50
1034 2.2966970934391493 0.41855302326286731 -1.5937649320280702 114 115 113 1.2522871356218499 105 66 107 83 117 112 110 172 112 53 106 61
1035 2.3371709718385216 0.23468735644700972 -1.5252101014572517 146 149 150 0.14038022672182077 105 83 107 86
1037 2.07309527595794 0.45440754326971888 -1.6424957841016583 132 160 209 0.4846490155091594 105 97 107 90 117 106 110 104 109 78 111 110 112 110 108 96 106 94 118 106 113 108 115 127
1038 2.3062601800121638 0.42541545481555199 -1.5898460066173485 114 115 113 0.2863044591135448 105 62 107 92 112 49
1039 2.0058006691204424 0.44296033555931003 -1.6474159939882984 27 90 141 0.29043392961588665 105 98 107 105 117 171 110 154 109 120 112 108 118 148
1040 2.0099688880037498 0.44794580126166794 -1.6512059621496398 0 22 51 0.19721145678066668 105 109 107 107 117 143 110 119 109 96 111 154 112 160 108 113 106 140 118 150 113 155 115 167
1043 2.0695589716732279 0.48256710950009957 -1.6528951508537284 163 190 247 0.41413571909514901 105 105 107 149 117 123 110 188 109 150 111 161 112 166 108 179 106 159 118 129 113 129
1044 2.3269144166123574 0.23164453159106865 -1.5225021125658542 120 126 126 0.39878965202690825 105 123 107 158 110 114 108 138 106 136
1045 2.0617151184874629 0.47837899904139503 -1.6546725132938143 118 149 202 0.67785124776497896 105 143 107 168 117 183 111 254 112 190 118 169 113 246
1048 1.8043897598832397 0.13842307547174357 -1.5942606353245086 227 215 204 1.7492915855285487 105 146 107 192 117 138 117 244 110 166 109 156 109 219 111 168 112 171 108 134 108 194 106 135 118 165 115 184 114 187 116 170 121 205
1052 13.237104913655683 -2.7233798140385748 4.7138640904708069 144 149 153 1.8071958136194206 76 33 82 42 89 43 91 99 90 93 83 82 75 34 92 52 94 64 93 86 107 132 105 150 109 197 106 182 118 38 112 146
1064 1.832909104377169 0.067399007807135633 -1.5654031030123108 185 189 183 3.0287378755053926 102 62 99 83 98 74 97 70 100 58 103 50 98 121 102 157 99 177 97 142 100 138
1066 2.1883314377512271 0.40612349939843007 -1.6036476947511624 37 39 30 0.53662896988166175 103 8 117 12 110 11 111 11 112 13 108 13 106 11 118 14 113 13 115 17 114 21 116 14 123 15 121 19
1067 2.0367876356887815 0.51238312335034419 -1.6289052962469921 86 125 172 0.54283205760595821 107 15 117 15 109 12 112 14
1070 1.9639295869255138 0.18821032174560259 -1.5835892036735342 103 104 100 0.81084570285957491 105 15 117 34 107 28 110 25 109 27 111 31 112 43 118 53 106 26 108 25
1071 2.2466959401798414 0.46345122526605442 -1.6193884745393878 111 115 108 1.1574031875506183 105 42 117 55 107 47 110 66 109 44 111 46 118 75 113 58 123 50 104 37
1073 2.124674501418883 0.4997482907093993 -1.647221000042618 99 142 200 0.96301920641018635 107 49 117 59 110 48 109 55 111 49 112 50 108 45 106 50 118 56 113 59 115 52 114 53 116 56 123 55 121 53 119 44 124 45 122 45
1075 2.070483731960691 0.44368369037974947 -1.6381425650502324 3 19 29 0.36259423860297052 107 91 117 74 110 78 109 79 111 60 112 87 108 81 106 82 118 70 113 65 115 100 114 90 116 114 123 105 121 129
1077 2.0593693981834313 0.47184430096879204 -1.651113830042944 137 163 208 0.37234435746775557 107 89 117 109 111 103 112 104 118 102 113 112
1078 1.7076183797485511 0.15366327078056133 -1.5884881733374419 77 84 73 0.54563750615210949 105 95 107 99 117 113 110 75 111 100 112 117 108 53 106 90
1079 1.6176347309653838 0.15339158838811806 -1.5653929817003291 10 18 13 0.52666357481100645 105 81 107 82 117 114 110 108 109 106
1080 1.7428552600706104 0.15059066308921487 -1.588368843056976 29 33 25 0.27947292344752578 107 179 117 134 110 167 109 192 111 120 112 172 108 170
1081 2.1973066006764053 0.37611575352295978 -1.5973226033083747 84 84 71 0.6161928369408467 101 99 117 140 110 117 111 123 112 178 108 140 113 111 115 119 114 104
1084 1.687111050981517 0.16813086793439114 -1.5909023182947546 120 121 121 0.69017141245384317 107 129 117 157 110 139 112 140 108 127 118 123 113 141 115 189
1085 2.007196053781469 0.46169567146943485 -1.6518285083436084 40 93 131 0.48543848585904731 107 143 117 174 109 145 111 155 112 161 106 124 118 191 113 173
1088 1.8899108156009456 0.1210440487404522 -1.5791900536375891 241 239 242 0.19195621664493984 107 155 117 198 110 179 109 188 111 190 112 231 108 169 106 167 118 224
1089 1.8111008928177346 0.13330681494622487 -1.5875920687013219 254 255 249 0.90288533352082045 105 181 107 194 117 200 110 223 109 221 108 196 106 187 115 255 114 207 116 196 123 165 121 149 121 150
1090 1.6853595309974947 0.15130586182845807 -1.5753575235751143 118 117 101 0.16513388305424198 107 180 117 202 110 183 109 195 108 180
1091 1.7041565590167875 0.15939613202845801 -1.5822304887347876 118 117 101 0.21515966590923041 107 181 117 207 110 197 109 182 111 201 108 147
1092 2.360225156414514 0.3132608934487191 -1.5394556173008453 120 126 119 1.2382073101976521 104 98 117 213 118 206 113 209 115 157 114 137 123 169
1093 2.1173018827538779 0.47958391929169431 -1.6424349142940717 92 132 182 0.70393891434698774 107 234 117 225 116 198 123 211 121 179
1095 2.1173018827538779 0.47958391929169431 -1.6424349142940717 92 132 182 0.70393891434698774 107 236 117 256 116 227 123 218 121 203
1096 1.9112069772135258 0.11208393957714452 -1.5760462987471022 241 237 238 0.16591607685941592 107 211 117 261 110 218 111 259 108 225 106 190
1097 1.883647346813456 0.10907161603690164 -1.5757892906864901 237 235 227 0.19856492158933584 107 166 117 262 110 219 109 224 108 214 106 198
1098 1.8667937345769072 0.06521127420791567 -1.5452579494307594 214 212 211 1.5029831665136413 107 199 117 263 105 133
1100 1.7464247425514199 0.14221201873367628 -1.5735033817907176 96 94 90 0.59847508261337556 104 153 117 269 111 221 118 218
1101 1.6617221285409782 0.15556874256782693 -1.5747321669712331 101 99 89 0.51916287801078653 105 168 107 224 117 277 110 207 109 216 111 220 112 220 108 191 106 183
1102 2.0585225955592263 0.49614043982228362 -1.6587602033300466 149 176 218 0.32664050272730177 107 171 117 279 110 228 109 235 111 172 108 210
1103 1.6499595523303712 0.14966371213990862 -1.5704290767829368 101 99 89 0.56605835902110724 105 190 117 280 111 230 112 236 106 199
1104 1.9604203922613792 0.32020040355264795 -1.5695586051183976 54 51 48 1.1574786720734647 104 161 117 285
1109 2.1599750261092336 0.4753378548864528 -1.6213946768961585 123 126 125 0.89072071078904047 117 4 110 4 111 4 112 4 108 4 109 1 106 4 118 5 113 6 115 6 114 6
1110 2.5020032190150281 0.21702127663425513 -1.4465318528264348 132 135 136 0.2579286600861635 107 24 117 22 110 17 109 17 108 17 111 21 112 25 106 16
1112 1.8767539482605813 0.18956501001370932 -1.6108926446775813 107 110 109 1.5088789513279184 107 29 117 21 110 20 111 18 112 36 118 34 113 29 114 34 116 51 123 62
1114 2.0261348588453529 0.52389411348271986 -1.6566372433846319 89 96 93 0.51043614610357868 107 50 117 58 110 43 109 58 111 50 112 55 108 46 106 49 118 62 113 70 115 88 114 69 116 74
1116 2.0291497957047997 0.44851278891964869 -1.6192667447689422 240 94 96 0.52262038990735982 117 48 110 64
1119 1.9845678592520202 0.44164176817200884 -1.6537453612598403 2 16 34 0.39835639302070741 117 172 110 97 109 97 104 96 111 153 112 159 118 149 113 125 115 166 114 163 116 147
1120 2.25326057785847 0.28456241244391328 -1.5565047624814514 101 109 107 0.37900725031123522 107 101 110 98 109 114 111 109 118 116
1121 1.984568123493297 0.44228432167181925 -1.65319307546214 2 16 34 0.48523553912237294 117 142 110 105 109 102 111 124 112 179 118 125 113 154 115 137 114 145 116 137 123 136 121 130 119 119 124 103 122 114 126 107 120 109 128 104
1123 2.0833227338518086 0.48152933318861535 -1.6484785704012406 150 184 237 0.1630801956804584 107 162 110 124 109 165 106 131
1124 2.2135772490504184 0.35869216316347491 -1.585375514485726 65 66 60 0.93369302895229944 107 103 117 178 110 147 111 149 112 152 118 114 113 116 115 159 114 126 121 110
1125 2.183065088920181 0.37122062517456961 -1.6016031625048726 40 41 37 1.9477782998961184 107 165 117 166 110 149 109 199 111 150 112 126 118 171 113 206 115 83 115 279 116 86 116 217 123 210 121 69 121 126 119 152 124 99 124 163 122 155
1126 1.9496390762141023 0.38104032938223453 -1.686826494450584 84 92 89 0.74919306973817335 117 254 110 156
1128 2.0833227338518086 0.48152933318861535 -1.6484785704012406 150 184 237 0.1630801956804584 107 146 110 161 109 149 106 103
1130 1.9614809859583144 -0.10751594507192361 -1.4707203634035464 0 0 0 0.89156392954382013 90 59 100 69 102 134 91 53
1132 2.0761428509083482 0.50650186888271476 -1.6571194627602601 125 158 212 0.61561666428307127 107 163 110 186 109 168 111 163 112 167 117 105 108 174 106 170 118 158 113 186 115 202 114 153
1133 2.076952837149411 0.5075969068329006 -1.656797776603226 125 158 212 0.46940678888497406 107 151 110 189 109 175 111 130 117 107 112 130 108 157 106 163
1134 2.1283263388181766 0.52615089510421054 -1.6514004402544726 65 76 74 0.35615991373007616 107 118 117 186 110 190 109 151 111 248 108 144 106 169 115 268
1136 2.2311406777762901 0.41561799249480008 -1.596168730304367 91 90 79 1.4816607774036654 117 180 110 235 111 210 118 204 114 231
1137 2.2454832710466168 0.41871695259026859 -1.5802997093150633 85 86 74 1.5467647893543799 107 167 110 236 109 190 111 187 112 156 106 172 113 204 114 238 116 194 115 109
1140 1.7799741725293476 0.13515039829769904 -1.5851626786477822 60 68 66 1.3516551580181513 103 81 110 131 105 111 117 151 109 130 111 134 108 123 106 110 113 135 115 146 116 125 100 95 123 122 121 112
1147 2.0119144500672066 0.41897338399135736 -1.5840441200466526 254 97 99 0.99262023217501394 107 13 117 7 109 10 121 10
1149 2.1276329864347501 0.51867881776171298 -1.6505004363389406 9 25 33 0.98262289435759631 117 27 109 30 110 23 111 25 112 30 108 30 106 25 118 25 113 24 115 32 114 38 116 35 123 41 121 46 119 29 124 33 122 26 126 29 120 32 128 25 127 20 125 20 129 30 132 28 131 30 130 31 134 26 133 19 135 24 137 26 138 19 142 19 139 17
1150 1.7886906890533136 0.2078630340093828 -1.6108333166874005 111 117 116 0.62811253016892077 105 49 109 36 108 35 106 34
1151 1.9481446368312798 0.47839693768381858 -1.6682796607449799 0 14 22 0.38534941796278799 107 35 117 37 109 37 110 37 111 36 112 34 108 37 106 36 118 33 113 49 115 37 114 49 116 49 123 57 121 52 119 45
1153 1.9653240070447078 0.49906356428707715 -1.6722426780668274 0 14 20 0.50301109219766882 107 51 117 42 109 56 110 38 112 48 118 61 113 61 115 69 114 54 116 57 123 59 121 51 119 48 124 43 122 37 126 39 120 47 128 40 127 51 125 33 129 39 132 37 131 39 130 40 134 43 133 42 135 33 137 29 138 28 140 20 142 26 141 23 146 27 143 28 144 35 145 26 147 32 148 37
1154 2.0653838155313027 0.49352690179131986 -1.657115114972324 120 152 203 0.47398925386853402 105 76 107 78 109 74 110 92 117 108 111 101 112 102 108 105 106 98 118 103 113 105 115 120
1157 2.2016710523520828 0.24999668739394382 -1.5579359689337493 109 113 112 0.27476561474110262 117 98 109 116 111 96
1158 1.7743871124044546 0.11100375681698882 -1.578621230758291 219 202 192 0.48963972940543532 117 132 109 127 110 128 111 133 112 135 108 116 106 108 118 133 115 214 114 174 116 164
1159 1.7272401211786239 0.1756134273653176 -1.602644936384449 61 60 59 1.4809542959775341 117 156 109 133 110 134 111 140 112 131 108 124 106 112 118 138 113 138 115 149 114 131 116 129 123 126
1161 2.1264741875071138 0.52415273188408362 -1.6553256699896963 4 31 54 0.51402824334001229 117 127 109 152 110 162 111 175 112 208 108 115 106 129 118 202 113 248 115 267
1163 2.0378107880144349 0.51654092437736043 -1.6661783864675175 111 137 175 0.23529606297074418 117 176 109 178 111 177 112 168
1164 1.7588665004384261 0.17656042747762393 -1.5967932547723498 122 117 105 1.0159766609844534 117 206 109 181 111 200 112 192 108 156 108 203 109 193 110 244 106 148 110 246 108 192 118 111 113 139 114 166 116 165
1167 2.0710583974104826 0.5471660163681924 -1.6488340202381528 136 164 208 1.0488007598274514 117 220 109 201 111 246 106 197
1169 2.2152046396268839 0.45735054959244542 -1.5993735331806918 85 91 91 2.1545524284371353 107 216 109 210 108 223 118 203 117 283
1170 2.0700892329685368 0.44146319979697968 -1.6398411585761268 5 18 29 0.67553255745583762 103 44 104 65 101 56 105 55 107 63 109 70 107 87 117 71 110 65 111 76 112 76 108 72 106 64 118 73 113 73 115 85 114 122 116 115 123 94 121 147
1171 1.8648987694112658 0.13497991496263834 -1.5913018895426949 253 254 251 0.94562475227252873 103 13 104 20 101 17 105 17 109 16 107 23 117 18 110 16 111 13 112 18 118 16 106 15 108 16 113 16 115 23 114 26 116 24 123 25
1182 2.0594039364031609 0.51299835556396067 -1.6604833760453388 162 184 230 0.26361391033280829 110 24 117 23 111 20 112 21 108 31 106 29 118 30 113 27 115 27
1186 2.2722695235291317 0.23702964168418911 -1.5340206761773707 140 147 147 0.46280034364331551 117 52 111 45 112 57 118 54 113 55 115 93
1187 1.9575915545685514 0.48704169311258105 -1.670708954885153 56 100 141 0.31764167254477998 110 71 117 73 111 59 112 86 108 80 106 81 113 107 109 75 107 84 115 115 114 102 116 103 123 93 121 97 119 81 119 92 124 82 124 87 122 81 122 92 126 74 126 82 120 79 120 98 128 79 128 93 116 102 127 75 127 84 125 56 125 65 129 63 129 67 132 56 132 63 131 60 131 69 130 62 130 70 134 72 134 73 133 63 133 71 135 59 135 72 137 74 137 76 138 58 138 67 140 65 142 67 139 56 139 61 141 62 141 70 146 65 146 69 143 55 136 60 145 52 147 49
1188 2.2936079314265263 0.33655394513318626 -1.5731141129304727 105 111 109 0.16092360579365775 110 63 111 73
1189 1.851637514743844 0.061816435980031045 -1.5792699070389 247 254 247 0.28846998432341553 101 68 102 97 111 87 104 100 105 86 112 94
1191 1.8384861181154566 0.47949018721704101 -1.6775688716552186 80 88 85 1.3778034949134925 117 77 111 102 112 78 118 112 115 123 113 106 114 114 116 72 106 142 110 94 108 103 105 75 109 95 106 128 107 108 123 101 121 99 119 72 124 90 122 50 126 91 120 59 128 77 127 83 125 45 129 68 132 58 131 67 130 67 134 74 133 55 135 66 137 58 138 70 140 55 142 65 139 67 141 57 146 45 143 51 144 51 136 44
1192 2.2540090757080535 0.35678486812601917 -1.5785803560011593 72 73 63 0.43241225296202024 110 102 111 108 112 114 108 104 109 100 118 115 115 107 121 106
1193 2.2446755783172314 0.27287898861636239 -1.5520613774552448 105 113 112 0.56713677275534347 110 99 112 96 111 111 118 117 113 100 109 115 115 105 114 107
1194 2.2512138260374863 0.28503357894193349 -1.5581571995488339 103 109 107 0.31113498214339907 110 106 111 112 118 107
1197 2.0034926967206852 0.46048616471311588 -1.6583895927399959 43 54 55 0.58486070161303827 110 121 111 128 112 129 108 173 109 208 118 127 113 128 115 140 114 178
1198 1.9277586326869682 0.10674019376085354 -1.575906463213897 251 254 252 0.18112305835302003 110 169 111 131 112 212 118 168
1201 2.2916103959798919 0.24605668991075283 -1.5535691563613241 145 149 150 0.44560810794516775 110 85 117 97 111 145 112 197 108 94 109 65 106 89
1203 1.8387414297562268 0.46076841387404022 -1.6772657065723502 80 87 77 1.2311529480525976 117 125 111 162 112 103 118 79 113 159 115 172 114 116 116 110 107 147 105 142 109 205 123 103 121 100 119 55 119 121 114 62 124 72 122 89 126 109 120 77 128 89 127 107 125 88
1204 1.959527420437249 0.46948016657146435 -1.6658073072036357 45 94 138 0.50575567974948998 117 124 111 170 112 165 118 155 107 148 113 160 114 149 116 141 123 140 119 163 126 112 128 108 125 89 135 84
1205 2.2718715436413355 0.37140969632229626 -1.5816103935553012 75 76 67 0.56343318028176548 110 148 111 182 112 153 108 177 109 140 106 174 118 172 113 207 115 160 114 139
1207 1.8873729236396126 0.14775187099764756 -1.5940725586802746 251 254 248 0.35919570241866033 110 221 111 198 118 170
1208 1.7847064179406484 0.21703754216839538 -1.6181656720314377 110 110 110 0.67660512392215943 117 161 111 202 118 179
1209 1.844356045923726 0.45835005383128669 -1.674185146485683 87 91 82 0.82034365818365385 117 224 111 204 118 193 115 199 114 244 116 151 121 161 119 161 126 147 120 122 128 106 127 106 125 125 146 87
1210 1.8915105285215783 0.41738736367394486 -1.6547699404910099 41 44 38 0.65984258619468172 118 233 113 176 115 205 114 227 112 239 123 134 121 146 119 100 124 112 122 110 128 125 127 119 125 107 130 120 134 127
1211 1.2099984706296285 0.57851795770485581 -0.13684758966364724 99 97 94 0.2934511585042533 102 77 111 212
1213 1.9443075870635149 0.46706848682454749 -1.6685266827916101 51 98 136 0.53482777382511271 117 222 111 243 112 206 118 195 113 184 115 201 114 182 116 152 123 139 121 131 119 123 124 105 122 116 126 111 120 125 128 107 127 147 125 132 129 152 134 96 146 96 144 100
1214 1.8416094123548774 0.46777699235095166 -1.6760107426708228 47 50 42 1.4093682414484485 117 184 111 244 112 204 118 194 115 200 114 167 116 140 106 127 123 138 119 122 124 95 122 115 126 110 120 124 127 130 125 90 129 145 132 127 133 133 144 78
1215 2.1008391763057452 0.49281952555721098 -1.650137888701241 65 73 73 1.6622677827826573 117 221 111 250 108 219 106 194 118 249 115 217 117 281 116 153 123 141
1216 2.7814725709108963 -0.0056067219431835446 -1.200477970384308 150 153 153 1.5357678942644846 101 115 117 159 111 253 104 52
1224 2.0123014295231316 0.50932104880907914 -1.6372830060765169 54 105 153 1.5067305388786116 111 27 117 25 112 28 118 22 113 36
1225 1.8823244155321592 0.092995826806364618 -1.5712255193434559 253 244 230 0.30748092960394191 111 95 117 116 112 116 118 120
1226 1.9818078255582534 0.33918599372284597 -1.6317955065130294 91 94 92 1.3055219738560027 117 165 112 151 113 180
1227 1.9586215396746107 0.34450143172994202 -1.6033559848051933 91 94 92 0.38621290216724335 117 139 112 177 106 153
1228 1.8232183298657016 0.1866459347602466 -1.610139609375522 220 212 206 1.4669616132605561 117 155 112 189 106 158 118 137 118 177 113 136 115 147 116 213
1229 2.4430919136708589 0.15238250083555344 -1.4441848778256312 132 133 135 1.2053722562329288 105 37 111 141 112 195 107 54 109 51 110 76 108 63 106 68
1231 1.9859626374978174 0.51028900540944899 -1.6749318073309929 70 104 140 0.096340311329025388 111 194 117 177 112 201
1232 1.9859626374978174 0.51028900540944899 -1.6749318073309929 70 104 140 0.096340311329025388 111 180 117 189 112 209
1233 1.9062792322825877 0.41606109408287983 -1.6801700665169159 45 50 44 1.7874088987435963 111 245 117 255 112 241
1234 2.0506525021657915 0.53363145633219244 -1.6642478490266266 106 137 178 0.33237366656571116 111 252 117 216 112 251
1235 1.9062792322825877 0.41606109408287983 -1.6801700665169159 45 50 44 1.7874088987435963 111 207 117 226 112 253
1236 2.3681755584751918 0.33596178084763806 -1.5450907314680202 36 41 39 0.77418008832483154 105 174 111 213 112 256 108 186 106 176
1237 1.8896114770008958 0.11867110059327403 -1.5750884753003049 247 249 248 1.9003518089861715 87 83 89 94 88 95 91 93 90 110 92 79 94 108 96 121 95 57 90 91 92 48 94 56 88 62 96 78 112 246 107 123 117 179 110 192 109 174 111 197 108 176 106 144 118 225
1244 2.4014575401234608 0.20983484836624913 -1.4953075133117215 140 143 144 0.9987727687359963 109 63 110 57 111 178 117 84 108 65 106 72
1245 2.268875433082151 0.44879486353369763 -1.6076976039937434 43 47 41 1.5968359643560841 111 106 108 71 112 124 106 62 113 151 115 164 114 143 116 88 115 84 123 107 124 93 119 69 122 165
1246 2.2528529328796512 0.43970378402086518 -1.6153469512668799 43 47 41 0.38603250016041601 111 98 108 82 112 122 106 83 113 124 115 136 114 162
1252 2.0594194951665417 0.51981457209746174 -1.6656381290268605 4 23 32 2.1955832675540612 110 126 117 218 108 114 111 251 123 143
1253 1.8523258100253497 -0.10470619123835398 -1.4739325694429271 237 214 194 0.65257743109530786 101 78 109 153 108 145
1254 1.8360040520068066 0.10069583800169761 -1.5840301331190405 188 178 167 1.1104890706621307 101 193 108 150 115 211 113 76
1261 1.8825244721813739 -0.1868298167991061 -1.4162716147276904 114 110 104 1.2991183725542561 101 149 107 184 109 183 110 200 111 195 117 190 108 183 112 185 104 139 105 157 106 160 118 163
1265 2.3031576438823826 0.23673967464503143 -1.5376276434592 120 125 125 0.67033582575819051 101 92 105 118 107 134 110 142 109 136 108 131 117 162 111 144 112 145 106 115
1266 2.0857235173793534 0.55073667118223701 -1.6405867185024503 143 172 228 1.3450592313461724 105 5 107 8 109 8 108 8 110 7 117 8 111 7 112 7 106 7 118 9 113 9 115 10 114 12
1279 2.445848956259411 0.026273826793797438 -1.2463551740138081 43 47 49 1.2919700154787908 108 91 109 119 112 144 106 92 107 131
1281 2.3147302051597207 0.39511340203352918 -1.5804291626100941 110 114 108 0.32421188795372069 108 164 112 245 106 119 113 205
1286 1.9706196897955799 0.35244476621211857 -1.6480581012099518 84 89 85 2.8519252434327345 112 155 106 155 113 208
1288 2.2239931351697266 0.40057846586911133 -1.5865484334786619 83 82 71 1.2937325998100861 108 166 110 237 117 234 106 157 115 161 118 167
1293 2.082623314584934 0.52184451351996919 -1.6616069348394478 151 183 234 0.32948765715436235 108 213 112 259 106 201
1303 2.2841732706109688 0.17633083621244941 -1.4872860559898675 115 121 119 0.25972483463509616 111 2 112 2 118 8
1304 2.0631622295631589 0.53803576731692337 -1.665103209722204 0 14 21 1.0019402469000755 111 35 112 38 118 47 113 48 115 41 114 36 116 34 123 39 121 48 119 28 124 19 122 40
1307 2.123571851665484 0.56516204559425909 -1.6356512303859438 128 164 222 1.1585189455364355 117 126 118 81 115 80
1310 1.9423818824182177 0.48312059026783055 -1.6724449841096032 32 95 144 0.52796329786928931 107 150 111 174 112 207 118 157 113 162 114 183 116 154 123 160 121 163 119 180 124 129 122 164 128 155 127 149 125 137
1311 2.1024044400561985 0.5487168788984389 -1.6654183093065185 98 137 196 1.0861852016036131 112 169 118 159 111 165 113 163 115 174 114 150 116 144 123 144 121 132 119 126 124 109 122 131
1312 1.8873805594560926 0.14723971182190479 -1.5936227630818904 249 253 247 0.29960097540083902 110 209 112 232 118 180
1313 2.2827687324673058 0.26303640118859734 -1.554626342330157 115 118 118 0.23643688856157932 110 242 118 184 108 209
1319 1.8187149406589331 0.12933836458136047 -1.5825342043626089 125 130 228 0.12874089056142157 111 240 117 188 118 226
1320 1.8634469011398285 0.45008196039976511 -1.6779828819789946 54 53 49 1.4262368931585787 111 236 117 257 118 237
1321 1.8634469011398285 0.45008196039976511 -1.6779828819789946 54 53 49 1.4262368931585787 111 255 117 223 118 243
1322 1.9932299563004847 0.46316474100622956 -1.6573806777847853 42 75 95 0.50411183953958627 105 122 107 145 110 159 109 148 111 157 112 163 108 143 106 130 118 152 113 157 115 170 114 148 116 138 123 137 121 162 119 103 124 137 122 139 126 148 120 131 128 144 127 174
1331 2.0589982950225543 0.51382987612862119 -1.6602108082056859 145 168 208 0.51298626693191274 112 27 118 32 113 25 115 24 114 31 116 29 123 30 121 42
1332 2.0508685189009559 0.49287231754414768 -1.6448879336025224 96 129 175 0.97762727220744561 118 31 113 43 115 44 123 52 116 71
1333 1.9503322872795119 0.47631160748763823 -1.6694437243360045 0 13 22 0.30852169696532344 118 45 113 44 115 50 114 48 116 50 123 53 121 61 119 56 124 48 122 35 126 36 120 45 128 38 127 49 125 31 129 33 132 22 131 25 130 23 134 24 133 22 135 27 137 21 138 23 140 19 142 22 139 20 141 21 146 23 143 19 144 32 136 19 145 33 147 26 148 32
1334 2.0964371085189053 0.51194672208084291 -1.6548057062325934 141 173 228 0.69814467276336478 118 50 113 45 114 39 116 36 123 42 121 49
1335 1.9736118935426064 0.5123237501196487 -1.6770896721643622 70 113 153 0.075349001173161956 118 44 113 46 115 39 115 49
1339 2.0915286311786216 0.55271025790166906 -1.6667914161826818 131 161 205 0.89109036041485701 112 249 118 99 113 102 115 110 114 91 116 69 123 75 121 73 119 87 124 92 122 69 126 68 120 81 128 67 127 54 125 50
1340 2.0532870927213813 0.54487609153601901 -1.66894386970091 148 168 197 0.77050942312265613 112 81 118 82 113 103 115 129 114 125 116 106 123 117 121 111 119 125 122 156
1341 2.0683821472873034 0.52508258890698023 -1.6628640377234256 179 198 233 0.47031996077373833 118 253 113 174 114 184 116 156 123 142 121 165 119 165 124 108 122 161
1342 2.0563583980116489 0.52741990315672382 -1.6765584165235083 100 133 174 1.3261076984442806 118 242 113 197 115 264 118 255
1343 1.8755434444341814 0.43539934426916144 -1.6708758233066758 85 89 83 1.4719223113037072 109 144 112 203 118 236 113 198
1345 1.8438346986356817 0.44455974006496113 -1.6451355968546624 42 43 43 0.53744149063244484 118 234 113 200 115 219 114 229
1349 2.1260791735057949 0.52462132557749197 -1.6552982042714188 22 46 68 0.46387149983820641 109 154 118 196 113 233 115 253
1351 2.0514217372344832 0.53058685812975637 -1.6745825384767543 97 128 170 0.56029966819640764 112 211 118 254 113 253 115 262
1352 2.2234621657057509 0.42044861902936154 -1.6038542660415385 38 43 33 0.70064537449985254 117 278 113 258 114 239 116 210 121 102 119 116
1353 1.792334357932404 0.10665840302247638 -1.5693459194540331 188 189 237 1.5143384403642994 105 195 117 265 113 255 111 226 117 194 118 223 115 273
1361 2.0031731595531741 0.46147283270147432 -1.6577423394156103 31 45 48 0.71559545512002032 112 164 117 175 118 153 113 158 110 160 111 158 108 167 115 171 109 228 114 189
1362 2.1248468573884183 -0.13530668306660801 -1.1992921150885594 0 0 0 0.053919664793527944 99 104 102 168
1374 1.983832171954536 0.53803130011946909 -1.6726579070032568 3 14 19 0.50489728891163443 113 47 118 48 115 40 114 35 116 25 123 31 121 26 119 23 124 13 122 16 126 19 120 18
1381 1.989413998571401 0.54685335058973494 -1.6748389557523469 83 86 84 0.22465027053675407 113 77 118 83 115 89 112 83 114 70 116 75 123 70 121 72 119 73 124 80
1383 2.0999270781608121 0.4853662308489507 -1.645795115537465 109 142 193 0.695455765607777 118 248 115 116 116 105 123 108 121 105 119 80 124 89 122 91 126 93 120 78 128 78 127 60
1385 2.0989273696149002 0.48483349382945273 -1.6462462187954505 109 142 193 0.65734522913742188 118 238 115 125 116 116 123 102 121 92 124 76 122 77
1386 1.874397065248679 0.53976661872293508 -1.6878295799210521 89 96 91 1.6870923268578784 118 160 115 173 116 199 119 124 126 149 132 134 140 115 142 117 122 141 139 114 137 99 133 96 142 95 146 120 143 104 144 126 145 119 147 92
1389 2.2315371120776923 0.42288120192333573 -1.6062735952073806 91 91 82 1.451623208382842 117 168 115 196 114 140 114 176 116 135 119 104
1392 1.8987661231650341 0.39646142775626991 -1.6345382189211319 53 51 41 1.850655797291924 113 229 115 249 114 226 114 246 115 275
1393 1.8437489106217935 0.44447087195227025 -1.6452728345761178 43 45 39 0.52429735449049641 118 244 115 252 114 243
1394 1.9056713136579593 0.08205508471025777 -1.5605919699137387 244 236 225 0.96216175607154697 83 40 115 254 85 62 114 218 82 37
1395 1.8629800584247189 0.1646829240777499 -1.597721359261624 96 111 136 0.82771737321173877 117 204 115 256 105 148
1412 1.9290025851100889 0.62958156342339633 -1.5970424423018781 29 90 138 1.8688000828580476 113 0 115 0 114 0 116 2 118 0 123 2
1414 1.9296732193585557 0.43940604918909687 -1.6567545500337295 89 95 94 0.24935719458060995 115 9 114 11 116 12 123 11 121 9
1415 1.9296732193585557 0.43940604918909687 -1.6567545500337295 89 95 94 0.24935719458060995 115 11 114 13 116 13 123 12 121 13
1417 2.0755989491993798 0.463301193579993 -1.633211013458443 82 117 163 0.38768352607290096 115 19 114 22 116 18
1418 2.3033941536166989 0.40941279056363405 -1.5815780572108036 66 68 59 0.20539167770076885 113 26 114 32 115 26
1419 2.0805535070801588 0.5614251265883422 -1.6691845832528747 2 15 20 1.2923821997446958 113 33 115 42 114 37 118 57 116 33 123 40 121 40 119 37 124 21 122 27 126 30 120 33 128 26 127 21 125 22 129 20 132 18 137 16
1420 1.8005014281266498 0.0067083619454399966 -1.5401988108486167 247 252 247 1.2723598067692834 112 59 117 63 114 66
1421 1.7470641659723878 0.19645830070941434 -1.6146295947613867 68 69 70 0.27789501235569841 113 96 115 79 114 79 116 53 123 64
1424 2.0024748983854952 0.544725383380538 -1.6807438700462296 86 90 85 0.54141194794436553 113 71 115 124 114 92 116 77
1425 1.8919761542869753 0.17744259873906232 -1.6076883434622071 104 110 113 0.98276320983428544 117 92 114 95 123 121
1426 2.2305158244294048 0.23334703236385135 -1.5304954489579095 103 112 109 0.87252227567337315 113 68 114 109 115 121
1427 2.05457670159453 0.59474714331996548 -1.5706249054424639 218 65 61 1.2760583035422086 115 169 114 115 116 92 123 56
1428 2.2305158244294048 0.23334703236385135 -1.5304954489579095 103 112 109 0.87252227567337315 113 88 114 123 115 104
1431 1.7498740828767967 0.18609284746437013 -1.6119124994737395 167 165 158 1.1761936555892554 113 221 115 244 114 205 118 217 116 172 123 124 121 114 121 153
1432 1.919295608135299 0.39357831536214938 -1.6496968185273495 52 54 47 0.5138341621594118 115 280 114 215
1434 2.0948903917703583 0.53539599355438794 -1.6620599962079814 126 157 211 0.55560816525027645 113 234 115 266 114 237 116 157 123 162 121 178 119 130
1435 2.2286671363475534 0.23125566835196681 -1.5449930681774144 124 129 127 1.826644137958219 102 183 105 172 118 212 114 198 113 244 114 199 115 234
1446 1.9169714797838318 0.090429381811610116 -1.5678798483502652 239 230 221 1.0072087679881021 113 79 115 99 114 83 101 35 105 47 117 50 111 64 112 65 118 64 115 141 114 172
1452 2.2696080560506307 0.30021918154552579 -1.4550932015709563 117 118 116 0.35741346568023896 114 5 116 6
1455 2.0942792520019244 0.53263912846684636 -1.6593745670431679 124 156 210 1.151036376537818 114 18 116 16 123 18 121 16 119 12 124 9 122 7 126 11 120 10 128 10 127 7 134 8 133 7 135 5 137 6 138 7
1458 2.2320324831282825 0.26160870350825688 -1.5488809633011049 122 128 128 0.53215273960292375 115 91 116 79 123 81 114 97
1460 2.3248073796850091 0.43478775077045817 -1.5739929400322128 65 66 60 0.70965995296074169 115 57 116 98 113 66
1462 2.0806686291002858 0.44543558326864774 -1.6395522698092007 68 114 164 0.086857966459764416 114 119 116 113 123 104
1463 1.9929578795175762 0.56062757047571943 -1.6599533819878538 51 92 128 0.94662587201745418 114 101 116 143 121 194
1464 2.0334415242493016 0.56504650798428524 -1.6811876905457694 70 110 141 0.67674682236311068 114 216 116 149 115 257 123 175 121 174 119 155 126 131 120 141
1465 1.7264661815673852 0.16321836677396978 -1.6046109870426957 80 81 71 0.28916064760032761 115 270 116 158 114 233 123 178
1466 2.146552177230276 0.28722763380686955 -1.6281604522436117 0 0 0 1.8641609268129529 110 240 117 187
1468 1.8253278898789183 0.45685081657950577 -1.6539127061231751 90 94 87 2.4375991307742151 117 288 116 193
1469 2.1417197229791238 0.50867062719421319 -1.6468862740245234 79 124 172 0.94717797731415398 118 250 116 201 123 161 121 177 119 134 124 156 122 163 126 175 120 130 128 109 127 108 125 92 143 98 144 114
1470 2.100169193435852 0.53968998713250671 -1.6621474540268344 137 170 225 0.81573427323137715 115 265 116 202 119 147
1473 2.2080037391292082 0.36271718687784926 -1.5872731449642616 113 115 107 1.703160972550938 114 190 116 219 123 172 121 169 119 151 124 97 122 103
1474 2.2080037391292082 0.36271718687784926 -1.5872731449642616 113 115 107 1.703160972550938 114 224 116 225 123 179 121 158 119 135 124 122 122 128
1475 1.9360025082031802 0.37590378294821208 -1.6383239244418915 51 50 43 0.82892107676137294 114 234 116 226 126 127 135 123 130 118
1476 1.972583985174603 0.32953672338946011 -1.6125902367553739 57 52 48 0.81241634105088412 116 231 121 157 124 139 122 150 126 118 128 119
1479 1.8191829094122935 0.020152991108830929 -1.5425484538884799 240 243 243 1.242175004075607 115 181 116 237 113 243 114 212
1481 1.9325157161657507 0.6133865624821575 -1.607861270843834 30 91 138 2.3271535056067552 115 16 114 20 116 3 113 1 115 1 114 1 123 3 126 17 120 16
1494 2.3168952101675058 0.28946184525731289 -1.5447416362737167 115 116 115 1.5767720346031977 111 173 118 187 115 195 99 39 100 34 102 38 103 74 104 50 101 54 105 50 107 61 117 61 110 62 109 69 111 71 112 73 108 69 106 78 118 68 113 93 115 78 114 121 116 185 116 186
1495 8.4858596344345703 -4.6920480710913166 8.2877201407530148 242 234 205 1.9576436005459785 74 103 75 89 76 77 77 86 68 73 70 76 61 76 50 81 40 67 35 81 36 83 82 86 77 85 68 74 82 87 49 67 49 68 30 86 55 76 25 68 81 92 81 93 80 80 80 81 79 83 79 91 83 104 83 105 86 122 86 129 87 126 87 127 89 134 88 109 88 110 91 137 91 138 90 118 90 119 92 146 93 125 93 126 94 137 96 141 95 121 97 139 98 145 99 162 102 142 100 149 103 169 104 198 101 164 105 170 107 207 117 249 110 213 109 227 111 231 112 238 108 204 106 202 118 232 113 227 115 274 74 46 70 37 71 47 75 48 76 49 78 55 72 52 73 43 77 48 68 41 67 46 61 35 50 35 69 39 56 54 39 50 62 47 58 48 38 49 53 48 66 52 31 35 40 34 35 36 64 32 43 51 33 50 41 47 44 48 36 36 46 47 54 43 59 46 65 42 48 46 60 37 27 49 34 47 45 36 52 48 82 55 49 42 28 37 24 53 32 34 30 58 57 42 55 48 25 33 47 45 23 31 29 56 37 45 42 45 51 42 81 59 80 52 79 55 84 68 85 52 83 63 86 59 87 78 89 64 88 70 91 66 90 63 92 61 93 88 95 63 97 63 124 75 116 94 119 78 121 98 123 90 122 85 126 84 120 74 128 75 127 74 125 54 129 71 132 52 131 61 130 58 134 64 133 62 135 54 137 69 138 61 140 66 142 47 139 55 141 69 146 59 143 60 144 58 136 62 145 75 147 60
1497 2.2245555704850823 0.26298174746169245 -1.5513298621855964 140 143 142 0.76967342057639765 102 57 103 73 113 99 105 80 107 88 117 87 110 61 109 68 111 57 112 71 106 77 118 90 115 95 114 124 99 55 100 40 108 68
1498 3.2463927024135173 0.053130037808398298 -1.0226973013399034 132 138 138 1.9053622179583469 107 20 117 29 109 13 111 26 112 24 104 58 105 108
1499 1.2445832081420978 -2.0779155562395322 1.9997442280705588 251 106 104 1.0168599908745846 113 5 114 4 116 8 110 3 115 5 117 3 118 4 123 9 106 3 112 3 109 5 105 2 107 5 108 3 111 3 98 5 97 5 99 5 121 7 95 5
1501 1.9908903452790869 0.57332112005170954 -1.6847647472167164 96 126 160 0.77252376485727192 114 19 123 17 121 17 119 13 124 10 122 12 126 16 120 14 128 14 127 13
1514 7.3751795439610923 -4.6781627178095269 5.7452221963812589 88 87 87 1.0396069110551449 113 196 114 135 116 184 123 168 104 149 117 208 110 198 115 180 118 182 106 149 112 196 99 146 109 166 107 188 108 200 96 124 111 179 101 139 95 112 93 117 86 105 121 156 119 150 124 127 120 127 129 95 131 76 130 90 133 93 138 94 139 109 146 116
1519 2.2359596938893653 0.43243122816978469 -1.6136178230279912 82 82 71 2.5361527673220752 114 142 112 99 114 67 116 87 123 86 122 88 123 113
1520 1.9179822474268819 0.38783834334667472 -1.6445332207488867 69 68 60 1.4748050000520101 113 203 115 224 114 247 123 155 114 232 115 225 116 212 121 127 119 153 124 101 122 106 126 103 120 118 128 98 127 98 125 115 127 138 132 113 146 79 144 94 145 86
1522 1.8692700074674538 0.50772353447596574 -1.6705045726607552 91 99 96 1.0954514779370799 116 10 123 8 121 6 119 5 124 4 122 3 126 5 120 5 128 5 127 4 129 3 132 3 131 3 130 3 134 3 133 1 137 1 138 1 140 4 142 3 139 3 141 3 143 3 144 4 146 2 136 3 145 3
1523 1.0736475728440678 -2.6112405080268677 2.8207635387646963 251 106 104 1.0354930467842425 114 8 117 6 105 4 106 5 107 7 108 5 110 5 111 5 112 5 116 5 118 7 123 4 109 7 99 6 121 5 97 4 98 7 97 6 95 4 98 9 95 6
1526 2.300006972760666 0.43574373919576398 -1.5945571198415751 116 117 111 0.47027168406092396 116 55 123 51 121 60
1530 1.9459526954765594 0.23234613330780002 -1.548464674082664 0 0 0 1.9715324032213379 114 106 117 99
1538 2.0088918460016605 0.54571190833320016 -1.6298642720685188 2 12 20 1.1478714937645902 116 40 123 54 121 83
1542 2.2032582607240925 0.40771594558084145 -1.5947688984512347 28 33 23 0.73804768335072468 123 19 121 15 119 11
1543 2.0240477012098177 0.596493147521163 -1.6785844266936532 19 31 28 0.50504150320594032 116 30 123 32 121 27 119 16 124 14 122 10 126 13 120 12 128 12 127 11
1550 2.0121207950223052 0.56762709602056327 -1.6848647373887802 80 109 142 0.66963266559296875 123 76 121 82 119 86 124 66 122 58 126 55 120 48 128 69 127 56
1551 2.0157200197648928 0.57577845735340294 -1.687267542936244 5 21 28 0.4796936211838923 116 119 123 184 121 84 119 49
1552 2.0159423820795106 0.57064495029373141 -1.6883191330897871 5 21 28 0.2886952822005982 116 145 123 180 121 89
1557 2.0580780473058695 0.57727615612015204 -1.6795078860348083 85 119 161 0.52517503262527543 116 118 121 133 119 128 124 110 126 116 122 71 120 133
1562 2.199365765647455 0.3650366351692636 -1.5909587283244542 31 36 30 1.6192664253614721 123 217 121 145 119 140 124 165 122 151 120 91 126 79
1563 1.8731751270707908 0.18223750169333888 -1.6143022775054807 254 254 246 0.50108171673684743 116 123 121 148 123 119
1564 1.7947437517438367 0.24643679804081731 -1.6404272115789496 111 114 112 0.7672265623397817 116 130 121 155 123 127
1565 2.1192032427251219 0.57489385365525747 -1.6647334774703881 108 114 122 1.9390919291574862 116 187 123 173 121 166 119 178 122 147 140 74
1566 2.153972984877389 0.55976501962805625 -1.6498215996953254 92 103 116 0.38149537967513181 123 148 121 168
1568 2.0841266070208695 0.59297868399623532 -1.6803345886638295 127 154 194 0.74097548547809333 123 185 121 171 119 129 124 143 122 145 120 103
1569 2.1070027041706592 0.5763187930047099 -1.6704234566877483 125 154 200 0.87692780668361514 116 204 123 224 121 175 119 177 124 157 126 132
1570 2.0951263913276632 0.57810402763034019 -1.6731481978140708 109 138 181 0.70836589697724139 123 231 121 176 119 131 124 141 122 143 126 134 120 140
1572 2.1165858140306586 0.28828356970580471 -1.5336054711805829 164 143 133 1.6521456350592381 115 229 121 188 113 256 114 223
1578 1.9903380874031258 0.16934041323617113 -1.5910225241430247 195 155 126 0.34588551206652629 116 208 121 215
1581 2.0443326082360467 0.58910849106930296 -1.6866847240630758 3 26 43 1.1724347483022655 123 177 121 134 119 97 124 96 122 74 126 56 120 86 128 49
1594 2.191109612032017 0.48959173531405464 -1.6069733471024892 113 116 116 0.58311513420983729 121 14 123 5 119 6 124 7
1595 1.9896584409058189 0.5745658236206741 -1.6843229602618215 87 119 154 0.38898136771534614 121 18 119 14 124 11 122 8 126 12 120 11 128 11 127 9
1597 2.0421839701880682 0.59850182024198051 -1.6841714146359328 31 43 43 0.061624476780404329 121 41 119 25
1598 2.0178733193166334 0.58168075602192071 -1.693732846475229 94 121 151 1.2457392900365432 121 28 119 26 124 26 122 32 126 57
1599 2.0955215138097274 0.48420073384607848 -1.6420526000658813 84 125 176 0.96687356935752 121 23 119 31 124 30
1601 1.9757961859254705 0.51248931694834099 -1.6722018465355086 40 93 135 0.16097360455316309 121 54 119 43 124 47
1606 2.0433162165900915 0.58143271871732138 -1.6796709054914369 82 116 149 0.22889408675713058 121 74 119 61 124 49 122 57
1610 1.9880022837145803 0.57774594454801542 -1.6929931201647377 105 127 155 0.39882131284170785 121 85 119 84 124 52 122 49 126 51 120 84 128 83
1611 2.1999941127370395 0.40529990239512192 -1.6083481515912383 26 33 26 0.22395319638246475 111 107 119 85
1612 2.0120630423031018 0.5669799624130839 -1.685220339174321 77 103 132 0.54246899674096649 121 90 119 91 124 71 122 56 126 50 120 61 128 61 127 55
1615 2.1430358826257945 0.68296056786745396 -1.6433990350245367 113 115 122 3.3112369923620735 123 176 119 136
1616 2.0300140854004272 0.59929547765613611 -1.6803880582377559 47 55 47 1.2112466128320067 116 161 123 183 119 137 122 72 126 69 120 95
1617 1.7992864662314396 0.23436462630212446 -1.6399409169086052 102 105 98 0.44136837291824965 123 125 119 148 124 135
1618 2.0576974584582439 0.031354306700849571 -1.3371284048518155 0 0 0 0.28234739893379618 111 203 115 103 113 98
1620 2.2727550481561853 0.44241616284741708 -1.6033450257110931 76 78 70 1.0937699293189742 121 181 119 157 124 134 122 136 120 137 126 106 128 103
1622 1.984145882192518 0.58201881278305179 -1.6926216397359091 105 129 156 0.76984611094581945 121 167 119 171 120 167
1626 1.9695364059252285 0.33235617465072215 -1.6197886787955689 94 93 85 0.66927136045455748 121 199 123 228 119 185 128 137 127 167
1629 2.0891217672995741 0.56028657845410368 -1.6694518729780135 5 31 59 0.50789607915237556 123 219 119 193 134 119
1630 2.3342995865694389 0.49252683783569534 -1.5705981345565883 35 40 29 1.4357050128568773 116 207 119 194
1631 2.0905868537172476 0.56287656872451564 -1.6684770539924385 5 31 59 0.11735278841702079 123 223 119 195
1634 2.0476465145837155 0.58961585156368779 -1.6902675828719538 66 105 140 0.20697837536126862 121 86 119 83 122 90
1645 4.2163290269974674 -3.1578100239177145 1.9648474935327043 73 67 65 0.93281484379292867 111 117 119 175 120 156 112 115 125 144 132 124 131 116 130 119 134 113 133 112 135 120 144 60 136 102
1646 1.9556384435810399 0.53209102308003331 -1.6511418207310611 31 87 132 0.8833226849569048 119 1 121 1 124 1
1647 2.1830945174429894 0.4839886460181842 -1.6169437413638486 114 116 116 1.5026109638540375 119 8 124 5 122 5 126 9 120 8 128 7 127 5
1648 1.9890732487438776 0.53469242306676701 -1.6747652303336551 4 15 18 0.62659937694475765 119 19 124 15 122 14 128 16 127 8 125 5 129 12 132 9 131 10 130 9 134 9 133 9 135 8 137 7 138 8 140 10 142 8 139 7 141 9 146 9 143 9 144 10 136 8 145 10 147 9 148 11
1651 2.0877913841772853 0.46236852889087737 -1.6386200551574481 5 17 30 0.088529172028901537 119 75 124 70 122 54
1655 2.0855632255545213 0.44840559907714295 -1.6368340744484169 57 108 157 0.59704232663591927 119 120 124 88
1656 1.8917041583133669 0.40696268612300024 -1.651221429041255 97 98 92 1.2853306953021308 116 209 124 102 123 156 128 100 125 127 127 101 146 80 148 124 147 111
1659 2.0997685436004438 0.54977416251997924 -1.6657629957938473 99 133 185 0.44819824203973174 119 102 124 125 122 118 126 114 120 101 128 111 127 110 125 79 129 91 130 84
1662 1.9954143239700031 0.46306002241980959 -1.659524334158869 17 73 116 0.35846109110775448 119 101 124 148 122 146 126 143 120 147 128 151 127 164 125 120
1665 1.9693439396192087 0.51900470303714075 -1.7111405997256888 95 101 101 1.0844533108620771 119 173 124 159 122 144
1667 1.983705327874407 0.45014468721675333 -1.6562193554734852 22 85 134 0.63695971319407751 119 196 124 104 117 182 111 183 112 262 113 182 115 198 114 146 116 162 123 146 121 180 122 138 126 142 120 136 128 142 127 150 125 119
1668 1.7845517784130787 0.19899745425917439 -1.6246883163257988 133 131 124 2.1148557752390156 113 192 114 129 116 160 123 166 119 146 124 114 124 126 113 240 115 260 114 217 116 195 123 167 121 152 119 138
1672 2.0858459177494861 0.5670408511369196 -1.6738269400603272 133 157 195 0.96815151539210897 119 127 124 74 122 70 126 115 120 83 128 82 127 112 125 93 137 73 146 58 144 69
1680 2.0715908482859877 0.60011476471515812 -1.6703317980631545 134 161 196 0.98303187005183612 122 9 126 14 120 13 128 13 127 10
1683 2.0695843682912836 0.57182739449551245 -1.6767751431561682 149 171 211 0.58180756059921057 119 27 124 37 122 41 126 42 120 42 128 43 127 43 125 40
1684 2.0687865872160422 0.57140752138734197 -1.6770672195601124 149 171 211 0.58356687887648673 122 47 126 48 128 48 127 37 125 35 129 42
1685 2.071038203068702 0.54995426788584401 -1.666909368560872 125 148 182 0.36181277273839346 123 91 124 65 122 53
1689 2.0048321752313973 0.59511420820303274 -1.6977769072567108 109 129 154 0.39040126183621426 124 64 122 67 120 49
1690 1.920349900601539 0.22871387376285601 -1.5379321488030993 98 98 93 0.61201094596871819 124 40 122 78
1691 1.9889974968257664 0.41459199881083353 -1.6419133221906204 15 92 151 1.1119600719849556 123 157 124 91 122 87 126 73 120 76 128 65 127 102 125 80
1692 2.2781930168872835 0.43498469911322274 -1.5896027944671369 0 0 0 2.3263691619511198 113 57 119 68
1693 2.0280140509004498 0.60767496609646032 -1.6777070248127486 43 49 44 0.80700553494483296 119 143 122 97 120 96 128 58
1694 2.1398359864667578 0.18057333552985266 -1.460499679953061 219 85 79 2.0592966119318938 124 160 122 100
1695 2.0761945011475786 0.59023356483941647 -1.6819773406178968 112 139 178 0.47348862943054337 119 96 124 111 122 120
1698 1.794730514992958 0.43641654429597226 -1.6706860706710323 91 98 99 0.9253778993300239 123 106 122 135 127 154 125 145
1699 1.8493466267443694 0.61611912235807753 -1.6817933571873318 49 59 58 2.1066563521971173 119 133 122 158 148 89 136 82
1700 2.0868189364745588 0.5815785238931912 -1.6808361268530705 135 161 200 0.33728994990679162 119 172 122 159
1705 2.1444688362943896 0.54643014252547306 -1.6559558039829225 92 103 116 0.37986184234166404 123 147 121 170 125 61
1711 2.2301244314317454 -0.91810214715452765 -0.74381731141478591 101 102 96 1.853714833888285 119 3 122 1 124 2 121 4 123 6 116 9 120 3 114 9 115 7 113 7 146 7 143 8 144 9 118 6
1712 2.0034407503641241 0.60284462070407019 -1.6906761001940345 82 111 144 0.89260403858297022 122 11 126 18 120 17 128 17 127 15 129 14 125 6 132 11 131 19 130 11 134 14 135 12
1714 2.1091357395969617 0.49769153483952111 -1.6482746615599957 4 18 23 1.5250035264014097 122 30 126 33 120 24 128 30 127 19 125 17 129 25 132 23 131 26 130 24 134 25 133 31 135 23 138 40 139 23 142 27 141 27 136 24
1715 2.0006293769955676 0.48875417404201954 -1.661927637004345 9 79 131 1.2978271457311428 122 24 126 37 128 28
1716 1.9234797500618892 0.51558000321370145 -1.6768707971684342 41 74 97 0.42299570000364722 122 39 126 41 120 41 128 42 127 53 125 48 129 62 130 74
1718 1.9942706001643182 0.59298063663106348 -1.6933007335829076 97 123 152 0.36270103508134005 122 61 126 58 120 63 128 71 125 51 127 58
1719 2.2176753183106293 0.41131137726728884 -1.6086711286878408 89 91 81 0.67034656735946474 122 68 126 61 120 57
1720 1.9887141917654674 0.63700184871970267 -1.6851201635846715 105 129 155 2.1662346497716833 119 95 126 67 124 63 120 64 128 50 127 59 125 52
1721 1.9983112454235836 0.68685133322117253 -1.5777616024797807 28 83 128 1.2313770630215992 122 96 126 117
1724 1.9667998264311233 0.57427952148500139 -1.6887840129668186 73 81 80 0.27912962281180448 126 144 120 108 128 129 124 164
1727 2.0778678998318751 0.5941935354665292 -1.6802154088986632 110 136 175 0.42557476895344581 122 180 126 162 120 129 128 159 127 143
1736 1.9049006518571077 0.11447042543442375 -1.5305070061302739 101 104 98 2.0507500201514803 122 20 126 10 120 9 128 8 127 16 133 89 137 87 135 64 142 104 139 85
1738 1.9969907310112529 0.34412772657325841 -1.5588088844400452 251 102 99 0.056070729651684657 122 2 126 3 120 4
1739 2.0927214429166194 0.53150329659578344 -1.6630210358262314 101 135 184 0.63439863006982655 126 15 120 15 128 15 127 12 134 11 133 8 135 6 137 8 138 9
1740 2.2765956715521445 0.33803545030035226 -1.5538854080612423 69 71 62 1.6441907581441122 119 24 120 20 124 23 128 62
1741 2.0586510567216769 0.5094656798738928 -1.6485847315980116 233 67 55 1.0934459786029007 122 18 124 32 120 22
1742 0.95741695759757295 -0.1620379325395494 -1.2476133937075073 114 117 116 0.84329977081451712 115 64 126 32
1743 2.1157574339964866 0.60403750689416003 -1.6691260805180943 149 147 139 1.1079100437157829 122 42 120 36 128 44 131 28 130 27
1744 2.1813330008909357 0.4492262998809548 -1.3581410148587798 120 112 102 0.018205569222814827 122 34 120 38
1748 1.9882692522347289 0.38132916548721046 -1.6395607274319524 95 98 98 0.35317613914077639 124 84 120 117
1749 2.005363693273734 0.46112174950580653 -1.6638444659756515 8 13 19 0.080078511827690907 126 108 120 123
1751 2.1406389162973039 0.56420893614809076 -1.6512004080633942 86 128 184 1.8562315134096661 124 140 126 173 120 142 128 110 128 160 125 136
1752 2.0983463338671728 0.4650861709518036 -1.6220849512959561 6 20 48 1.0850811244576262 122 60 120 143
1754 2.1384302251696998 0.54851076097561702 -1.6548009836768929 86 127 184 0.91640735077820379 126 150 120 150 127 123 125 126 140 72 137 98 139 84 141 77 146 72 143 73 144 79 145 73
1755 2.1460779285021321 0.53636847403903631 -1.6436793105539877 79 122 173 1.8739034151383174 119 197 124 107 120 126 116 142 121 135 124 81 122 93
1756 2.3314588265449219 0.386777273401058 -1.5267749015684111 80 82 73 1.4736503288085823 122 0 126 1 116 1 123 0 121 0 124 0 119 0 120 0 128 1
1765 2.1471088323871048 0.73488271133228034 -1.6304351695436794 157 153 143 1.7068550224890966 126 0 128 0 125 0 129 1 132 1 131 1 130 0 134 0 135 0 137 0 142 2 139 2 140 3 141 1 146 0 144 2 136 2 145 2 147 1 148 2
1766 1.8662767135286471 0.89793772556296658 -1.6381883867967206 121 124 117 1.6433323903817036 126 2 128 2 127 1 125 1 129 2 132 2 131 2 130 2 134 2 133 2 135 1 137 2 138 2 140 5 142 4 139 4 141 4 144 6 143 4 146 4 136 4 145 5 147 4 148 5
1767 1.9606893382909278 0.52359641793502432 -1.6758453564295952 23 89 140 0.60007780890887452 128 19 127 18 133 11 137 11 138 10 140 12 142 11 139 12 146 14 136 12
1768 2.2526795990019401 0.33224671531806266 -1.5178281541203167 120 123 122 0.69656639899625239 126 22 128 23 127 27
1769 2.2159543489992961 0.3641965260476967 -1.5615569711609447 120 123 122 2.0415510354044755 126 21 128 29 127 30 134 62 133 81 138 88
1770 2.1222417043594271 0.51851447543338058 -1.6561519364971526 0 12 25 0.57509326355705082 126 26 128 31 127 33 125 21 129 32 132 24 131 27 130 25 134 33 133 14 135 22 137 24 138 14 140 14 142 14 139 15 141 19 146 16 143 17 144 24 136 15 145 21 147 23
1771 2.4380281712393326 0.40450825795642958 -1.5133108727952147 71 76 69 0.43855353120632096 119 22 124 28 127 44
1772 2.0528020207769702 0.61009733976554703 -1.6757580337279034 90 120 153 0.62114337761323934 120 62 126 54 128 45 127 57 125 95
1773 1.9772062045948704 0.50981638728322498 -1.6728953309604691 27 87 134 0.19758080704708619 126 46 128 46 127 41 125 39
1774 2.0259227874584811 0.61435487277103096 -1.6752608202123291 36 44 41 0.16360264126644514 120 85 126 53 128 70
1775 2.0111163699135548 0.61741745085045519 -1.6987394124285731 106 125 150 0.17088673063793153 126 89 128 84 127 87 125 71
1776 2.0799510911059902 0.59040441828162504 -1.6824248259607533 157 175 207 0.48501421154227486 126 135 128 116 125 111 132 90 130 95 134 100 138 104
1778 2.0978122251271385 0.54815187649782893 -1.6680418619705966 84 122 173 0.37386615875838453 126 130 128 127 127 120 125 59 129 80 130 82 132 100 133 118 135 94 138 110
1779 2.0691579277044303 0.53721350877158858 -1.6660256067848971 23 20 47 0.26247283558831558 126 113 128 130 127 161 129 98
1780 1.9896178275469725 0.56139477744892718 -1.7174801758310627 110 115 111 1.1123116822182673 120 165 128 133
1781 1.9805489690782112 0.6366573309454554 -1.6865917586794488 96 98 95 2.4438457172437742 119 203 124 174 128 134 127 129 129 148
1782 1.7148617972081126 0.4354385398433353 -1.6506681130988419 21 32 28 0.83818243436408124 126 176 128 143 135 129
1783 1.9805489690782112 0.6366573309454554 -1.6865917586794488 96 98 95 2.4438457172437742 119 205 124 173 128 146 127 155 129 114
1784 1.9916580660462633 0.63383482823757253 -1.6893942143446274 119 131 157 1.000165177756829 120 151 126 160 128 154
1785 2.3250846420250237 0.43388882703300918 -1.5748081455305807 65 66 60 1.3636787054320372 126 128 128 126 115 60 116 96 113 72 119 118
1786 1.9655203437151343 0.57654574858574925 -1.6879541071228306 75 83 82 0.41270756725062135 124 158 128 113 126 133 120 102 127 124 125 81 129 75
1790 2.0338713529483923 0.61182775071990469 -1.7071189514939771 42 55 65 1.589814145298851 129 4 130 5 134 5 133 5 135 3 137 5 138 5 140 8 142 7 139 6 141 7 146 3 143 7 144 5 136 6 148 4
1791 1.8680341767639632 0.36659749201147834 -1.65553813912078 112 118 115 0.639541898410809 128 21 127 24 120 28 132 15 131 13 130 15 134 19 133 16 135 20 137 13 138 15 140 15 142 15 139 14 141 17 146 19 143 15 144 28 136 14 145 17
1792 2.0098985082220091 0.36547037246743863 -1.6688048369216211 0 0 0 0.99392768512241281 122 98 123 84
1793 2.0762143932224406 0.55724113606505754 -1.674240224476379 3 15 17 0.36325320028908864 128 32 127 34 125 18 129 16 132 16 131 18 130 17 134 17 133 18 135 18 137 17 138 18 140 17 142 18 139 16 141 16 146 18 143 18 144 16 136 17 145 16 147 11
1797 1.8274675117033743 0.47691804123789699 -1.6740469982894626 82 94 92 0.63981699562005345 126 76 127 77 128 87 125 49 129 64 132 64 131 58 130 64 134 66 133 49 135 61 137 52 138 59 140 49 142 68 139 57 141 59 146 40 143 53 144 57 136 50
1798 1.9991610375752151 0.63803260608840351 -1.6992973622124683 133 134 125 0.025735968139671463 128 88 127 85 125 43
1800 1.9423221437196212 0.55860005252971778 -1.6802589359525126 61 70 70 0.085621029516035896 126 172 127 91
1801 1.5530351792851764 -1.291549174073533 -0.79421904177172942 158 134 117 0.92447382135845269 119 98 123 149 126 119 127 92 114 158 116 146 121 139 124 113 125 101 129 83 130 76 134 82 135 78 137 88 139 86
1802 1.6457474014471629 -1.319402421040045 -0.65129445106588246 191 153 130 1.4323263358028608 119 108 122 123 123 92 126 80 127 94 120 110 116 214 121 113 124 115 112 244 125 75 111 238 115 143 117 259 104 194 103 159
1803 1.9559552849328148 0.56933780105846898 -1.6845568425484332 63 73 71 0.33437000269138112 128 115 127 111 125 60
1804 2.026064962076227 0.6467034949866991 -1.7013020792441622 71 99 128 0.77435570972596324 128 114 127 114 125 98 129 150 146 124 138 102 144 108 145 109
1806 2.0893056544163358 0.57329774017735058 -1.6772451980372718 110 132 174 0.56832701920431639 128 132 127 125 125 130 129 104 132 88 131 91 130 100 134 106 135 98 137 106 138 92
1807 2.0779360270929663 0.59433184651108228 -1.6801255266260631 111 133 168 0.55606974935144904 122 174 128 176 127 127
1808 2.0527491680372054 0.6154411308116372 -1.6934669082503786 76 107 143 0.33323319275531454 128 135 127 132 125 114
1809 2.0524233180862992 0.60950033708018481 -1.6953747828579007 76 107 143 0.2978148921438164 128 147 127 144
1810 1.8422278295967103 0.44779518866664031 -1.6676287197843114 95 99 94 0.09148314355159784 128 150 127 145
1811 2.0346041780041411 0.66714762177966858 -1.6899325835314554 58 94 129 0.5445342614969052 128 157 127 152 125 134
1813 2.0933669667129333 0.37059060865141086 -1.5652975286420456 183 60 49 1.2554357096379274 128 136 127 171
1818 2.1608760157061657 0.75225122711892156 -1.6196545039590466 153 150 142 1.5720842605496936 121 2 127 0 133 0 138 0 143 1
1819 2.0781548170630737 0.72431625442394831 -1.6222760758713328 103 127 163 0.53124459162925819 119 17 125 7 124 12
1821 2.0108691055500136 0.85240069639213423 -1.4790334025938134 208 77 71 0.69612754513244157 128 27 125 19 129 23 132 30 130 28
1822 1.4429450832876332 -1.19683761308116 -0.68554532392536138 95 97 93 1.0426749140391558 119 52 120 68 121 58 125 28 116 52 123 63 124 38 138 55 133 67 137 46 142 41 139 39 136 22
1823 1.9883898339129717 0.45220862590342092 -1.6536385247168659 1 14 29 1.0398313789845128 127 48 128 33 125 29 131 62 129 59 132 53 130 71 134 78 133 76 135 53 137 70 138 75 140 84 142 76 139 78 141 90 146 84 143 70 144 80 136 79 145 59 147 80
1825 2.0265866802365142 0.65645551082913944 -1.7003455527143285 44 55 56 0.88282213954051059 127 39 128 56 125 37 129 43 132 55 130 59 134 51 133 68 135 55 137 65 138 42 140 34 142 46 139 30 141 32 146 30 143 33 145 30
1827 1.9789066664845876 0.62165078380759242 -1.6928500529443071 129 130 124 0.39511781399264889 128 95 125 72 129 52 132 42 131 46 130 49 134 56 135 52
1828 1.9789066664845876 0.62165078380759242 -1.6928500529443071 129 130 124 0.39511781399264889 128 96 125 74 129 54 132 46 131 53 130 52 134 58 135 51
1830 2.0100308642740572 0.59232015726296072 -1.7054052978238561 87 91 88 1.8228376855194501 120 152 127 116 125 96
1831 1.8055954498814519 0.46110582837994768 -1.6658606722126452 43 47 39 0.98539862736301165 127 148 125 108 129 122 132 104 133 131
1832 1.9907641106788936 0.59000533207384642 -1.6971770306054463 79 85 83 0.36854062484163924 128 169 125 124
1833 1.9511813189474481 0.53783852639874841 -1.6870749374387399 58 67 70 1.1578436493814772 128 131 125 128 129 102
1834 1.9771446731909654 0.50995217787268465 -1.6735014139747384 40 93 135 0.36315358129810005 121 55 119 47 124 46 122 46 126 40 120 40 128 41 127 36 125 34 121 56 119 40 124 44 122 38 126 44 120 37 128 47 127 40 129 40 132 36 131 40 130 41 134 44 133 43 135 34 137 36 138 33 140 29 142 31 139 34 141 44 146 35 143 37 144 41 144 46 136 40
1835 1.9095880701325314 0.40245013848436839 -1.653256805593643 83 92 86 0.8609896195377077 120 119 127 99 109 142 110 152 106 121 107 140 113 202 119 200 125 85
1837 2.0761675766703833 0.5828897476687015 -1.6765729937099665 121 144 179 0.7458794370548516 125 9 129 15 132 10 131 11 130 10 134 13 133 12 135 9 137 9 138 11 142 9 139 10 141 13 146 10 143 11 144 12 136 9
1838 2.0765398543522431 0.55843660599356371 -1.6725989005919937 6 13 16 0.22913483551944314 125 23 129 22 132 19 131 21 130 20 134 18 135 19
1840 1.9885343642712179 0.64042298507911399 -1.6945369139516371 135 131 125 0.2303045711341738 127 86 129 50
1842 2.0196259524267646 0.63009455868642805 -1.7046051997084912 66 74 77 0.47290800894518098 125 97 127 113 129 100
1844 1.8905099951975053 0.65778986303947595 -1.6881227271519708 100 105 99 1.7388499530192141 126 163 129 115
1845 2.0261483275430079 0.64510685219759967 -1.7018385688855977 66 96 123 0.83071356942428898 125 110 127 121 129 117 137 122 138 100 146 118 144 119 136 108 145 110
1846 2.1635009861151882 0.54707376158462218 -1.6409604790746346 38 57 78 0.97663863141711071 129 120 132 69 131 102 140 102 147 90
1847 1.953148006429503 0.37416481911370969 -1.6398180060298637 30 31 24 1.1732237927348901 126 180 129 139 137 107
1854 2.0423881715780996 0.47189827529582251 -1.7208656387834007 0 0 0 0.82701379831505051 126 4 128 4
1856 3.3017296230495128 -2.9551500031065467 0.90414046995173036 115 121 120 1.6606401687376406 113 23 125 26 132 13 114 24 115 29 118 21 131 16 134 22 135 15 116 20 123 22 147 13
1858 1.8977741684028684 0.3288975717692178 -1.6482951349717485 115 120 116 0.65117269515857445 120 39 126 43 132 32 131 36 130 37 134 39 133 40 135 38 137 40 138 36
1862 1.6106474032339326 -1.1165783909129274 -0.69216719432459972 203 152 127 1.0731638700148045 113 134 132 71 114 130 115 145 118 122 112 125 111 119 130 77 134 83 133 78 135 79 137 83 138 85 142 86 139 87 141 85 146 78 143 67 144 93 110 127 117 121 106 106 108 110 136 85
1863 1.9038494722846575 0.59511431909008849 -1.6943544329673523 90 102 100 2.1477775536241315 126 156 129 156 132 78 131 81 129 105 130 107 134 101 133 99 137 86 138 95 138 128 140 78 140 91 129 106 131 82 133 119 142 81 139 92 139 118 141 114 146 94 145 101 147 73 148 88
1865 1.8735790296470756 0.56254407330054268 -1.6859877243674477 95 101 101 1.8351935330305247 124 17 129 73 132 101 130 94 134 120 133 97 135 115 135 116 137 95 137 118 140 95 139 106 140 105 141 78 146 93 146 132 143 105 144 90 136 94 147 93 148 138
1869 2.0507389814948431 0.60189288452204759 -1.6990988625087322 109 128 157 1.0893605386063425 127 133 132 120 133 124 137 121 139 130 143 83 136 92 147 95
1870 1.9328377917121702 0.39848615598481746 -1.6513796337073701 26 27 21 0.14749509747626621 127 134 132 123
1871 1.8759541076261053 0.43198440284108808 -1.6605070814499285 16 16 10 1.5203758605799291 113 199 132 130 118 257 133 128
1874 2.1249372291163411 0.49983961988031123 -1.6474251386577072 90 135 193 1.0116898500422056 125 32 129 38 132 38 126 38 128 39 127 50 107 53 117 57 110 44 109 59 111 47 112 56 108 47 106 48 118 60 113 60 115 66 114 56 116 59 123 58 121 62 119 39 124 42 122 36 120 46 131 38 130 39 134 42 133 36 135 39 137 37 138 35 140 28 142 44 139 41 141 42 143 21 144 37 146 26 136 26 145 37 147 28
1875 1.9242717781081577 0.48698446099851128 -1.6776967399249079 19 93 142 1.1157762114265977 117 79 110 69 109 46 111 80 112 80 108 75 106 52 114 68 116 68 121 77 124 67 122 52 120 60 132 40 127 61 129 47 131 51 130 47 134 48 133 39 135 46 125 57
1878 1.97214038129803 0.55010162002369989 -1.6824124671657739 33 93 140 0.55180343450639935 125 12 131 17 134 16 133 17 135 13 137 12 138 17 142 17 136 16 145 15 147 12 148 16
1887 1.9315487856761857 0.35667515685441709 -1.6257715832295774 26 26 17 1.0572967334987056 119 174 131 112 130 104
1892 2.0763642746412847 0.58301901737282125 -1.6763575614479043 122 144 184 0.74429317713672338 130 12 131 12 132 12 134 12 129 13 133 13 135 11 137 10 138 12 142 10 139 9 141 12 146 11 143 10 144 13 136 10 145 11 147 10
1893 2.1510891526409535 0.57256050498052657 -1.6532775312159333 124 124 120 0.67052783414067574 130 32 131 41 132 35 134 27 133 23 137 23 140 21 142 23 139 21 141 24 146 28 143 24 144 26 136 20 145 27 147 18 148 39
1894 2.1191673999161877 0.51824621885125621 -1.6585283355381981 0 12 27 0.22140066278490605 130 29 131 29 132 27 134 34 129 31 133 20 135 25
1896 1.9670889544178718 0.49985434665092382 -1.6738213543936062 0 14 28 0.3511148901527264 130 35 131 44 132 31 134 40 129 35 133 35 135 36 137 30 138 27 140 24 142 29 141 29 146 29 143 23 144 36 145 35 147 34
1897 1.9898317878594762 0.44423382174322046 -1.6566518688377136 7 28 54 0.77507816082272341 130 57 131 63 132 59 134 69 129 72 133 85 135 71 137 89 138 79 140 86 142 91 139 77 141 102 143 110 144 91 136 83 145 65 147 44
1898 2.004493775771468 0.599439839640726 -1.6993477763921967 99 118 146 0.12579364666214043 128 141 134 70
1899 2.0726931036721798 0.56253462355234307 -1.6810923454393019 5 14 18 0.38572606177058705 130 73 131 73 132 77 134 77 132 95 133 98 135 75 137 79 138 76 141 72 140 58
1900 2.0726931036721798 0.56253462355234307 -1.6810923454393019 5 14 18 0.38572606177058705 130 85 131 78 132 80 134 79 132 86 133 106 137 80 135 87 138 74 140 64 141 67
1902 2.0801114030053953 0.63013525353884137 -1.6644565009385217 113 134 167 1.3925687808723501 132 103 134 128 135 124 136 106 148 135
1911 1.9420417235330554 0.59027356533496755 -1.6797340667545577 110 113 109 0.40253809924070516 132 41 134 54 133 46 137 56 138 48 140 30 141 45 146 49 143 42 144 43 145 39 147 27 148 38
1912 2.0562916873825854 0.65536160194100257 -1.6873623501067332 116 116 105 0.21867010252451144 132 43 134 53 133 47 130 54 137 64 138 54
1914 2.0562916873825854 0.65536160194100257 -1.6873623501067332 116 116 105 0.21867010252451144 132 45 134 59 133 58 130 51 137 62 138 53
1918 1.8339039749697128 0.46783315419782739 -1.6770255253103772 96 102 101 0.51136114313574099 132 105 134 129 133 107 130 122 129 123 137 108 138 109 140 96 142 109 139 107 141 108 143 84 144 104 136 113
1919 1.7544908921186968 -1.4624832350804942 -0.71186404490667554 193 157 134 0.93633535802231527 119 144 123 163 127 140 132 96 134 116 133 116 116 167 128 149 131 98 120 104 122 149 124 131 126 138 129 92 114 170 121 173 135 108 137 128 138 124 140 101 142 116 139 115 141 111 146 141 143 116 136 101 147 91
1920 1.9682511914453271 0.52681082980292548 -1.6733034456181348 18 82 132 1.4453567365343989 127 109 133 120 138 127 139 69
1922 1.8801771911509988 0.42961835458963854 -1.6614851268364466 65 67 59 1.981700848132566 112 158 123 158 119 156 105 120 133 111 113 232 132 109 118 258 140 103 122 121 144 63 145 63
1930 1.6647306471107868 -1.5869663188310468 -0.39164708158942291 253 227 171 0.78766241654807734 114 157 129 82 130 75 132 98 133 90 134 115 135 92 128 73 131 87 127 95 125 103 137 125 138 118 140 99 142 114 139 111 141 123 146 143 144 132 136 109 145 82
1932 1.8645266365044328 0.58174802542028381 -1.682807649648443 92 100 100 1.2804090631780094 129 74 130 92 133 77 135 95 137 84 138 93 140 75 142 121 139 82 141 101 143 74 144 88 136 72
1934 1.85120808747459 0.45861494230056765 -1.6719301736977019 26 26 17 1.5372237506817521 114 188 129 127 132 107 135 126 134 133 144 81
1935 2.0702617916798216 0.70194621694280879 -1.573089222785125 227 68 50 1.688534808513436 127 46 128 60 125 41 126 62 129 24 132 25 131 32 130 26 135 21 127 38 128 68 125 36 134 28
1936 1.9342704331271379 0.37582598765110303 -1.6393178370915928 72 72 65 1.5330143393391624 114 236 116 215 126 102 135 113 122 142 126 140 127 131 129 137 130 103
1937 2.2117858517426869 0.47807591383213266 -1.5997261709151234 108 114 113 0.72386855676408079 130 7 133 6 134 6 125 3 129 6 132 6 131 6 135 2 138 6
1947 2.040090929571198 0.61807988618105203 -1.7080191088585723 103 104 95 0.57574091507953584 135 47 137 44 138 32 142 38
1954 1.9634172147600915 0.32600727055456219 -1.6130025924494584 24 25 16 1.3585515685186236 119 191 137 123 121 187 138 117 140 100 139 112 141 116 146 102 143 113 144 92 136 114 145 84 147 76
1959 2.2005259740183383 0.56122810501646514 -1.610767396724567 42 59 80 1.7492080789088575 129 146 132 68 131 110 141 98 139 101 137 135 142 108 147 69
1976 2.0274890267587975 0.63025544272616207 -1.6750193058161529 44 17 31 1.3843691608006048 129 19 131 20 132 17 130 18 134 31 135 29 140 9 133 38 138 52 137 61 142 83 139 8 139 99 146 8 141 8 136 7
1977 1.9701473078922707 0.64018257040657733 -1.6846056464614203 114 113 105 0.50025012828988036 133 48 137 35 140 31 139 26 141 47 146 33 143 40 144 44 136 37 145 41
1980 2.0029861666395488 0.5439310569432475 -1.6805228303758037 7 15 15 0.83557758108661651 137 120 140 53 141 54
1981 1.9253539925622833 -1.2479764585133764 -0.75520670215517582 35 33 23 1.9019902492408425 119 50 125 27 126 49 127 22 128 34 129 44 130 43 131 47 132 49 133 60 134 61 135 48 140 56 116 23 120 25 119 18 122 17 123 61 114 57 121 50 116 60 124 51 142 85 139 38 141 60 143 80 124 18 115 58 113 62 136 32 145 49 147 41
1982 1.9602411613668098 0.53592466571420927 -1.7133238709380236 64 72 71 0.11753210938325316 137 116 140 76
1984 2.1408942636363162 0.50486916541825277 -1.6394796716215614 61 120 181 1.6246686299940556 132 132 134 121 140 97 143 99 139 104
1985 1.8172794775047689 0.45716361090873026 -1.6661072924343536 28 22 14 1.3983691588980089 129 124 133 109 140 109 139 123 146 138 143 97 136 103
1986 1.9846107567119984 0.53274084259594179 -1.6871350715097782 16 78 125 1.6306327864794283 127 180 140 116 146 147
1999 2.0699456931562654 0.54567021618671174 -1.6679272790828843 85 115 156 0.14936511467350802 137 59 138 64 142 58 133 75 139 50 136 51
2000 2.0704291048816796 0.54598840243778968 -1.6668079167532961 85 115 156 0.12479299790291445 137 60 138 65 142 59 133 73 139 51
2001 1.982043528422021 0.58720681950378539 -1.6404051468125724 17 76 122 1.2521705521671274 132 67 137 100 142 73 129 48 133 69 139 42
2004 1.9808581174386051 0.47106616817629432 -1.6978342682717427 0 0 0 1.521958582192811 134 85 137 130 138 111 133 113
2006 2.0522361997601029 0.60886559197211854 -1.6928832650102297 99 117 153 0.46362818369989239 140 107 142 120 139 122 141 126 146 127 143 125 144 124 136 107 145 125 147 105
2007 2.1204725526310857 0.50621841207352147 -1.6364037302335133 65 111 165 1.7381297329374248 140 87 142 125 139 60 143 41
2008 1.9663295865395827 0.40586407490108334 -1.6606493130774094 0 0 0 1.762523714053102 131 107 134 125 130 121
2009 1.8428397796419547 0.45096496818638526 -1.6662965763899273 29 26 26 2.4038393602306689 132 125 134 135 142 128 129 142
2010 2.0506069632529687 0.57898555248946471 -1.6808639671042167 105 78 105 0.24034488078287683 140 93 142 134 141 112 146 125 144 120 136 91
2011 2.0695070878102779 0.53826520836439895 -1.6617427872070445 24 20 44 1.1103300216784942 128 145 127 175 129 101 132 87 131 84 130 81 135 58 142 57 134 57 133 56 135 69 137 57 138 50
2014 2.0628164878760118 0.61092838226163404 -1.6847804227889862 116 134 164 1.4303036526366202 132 93 131 85 130 88 142 133 130 109 134 123 140 117 139 120 141 129 146 146 143 118 144 135 145 124 147 104
2019 2.0314395849450184 0.60178420083674788 -1.685684337712986 185 64 65 0.62266509181044194 140 46 142 53 141 46 143 39
2027 2.1071931133156587 0.50115737875137878 -1.6533499398034228 1 11 20 0.36774414970984998 133 32 142 25 139 24 138 34 141 22 136 23
2030 1.9816541736066111 0.41747498021298496 -1.6452799279696517 17 97 166 0.2730093087585142 133 82 137 92 140 70 139 72 138 77
2031 2.1689214793004878 0.4536128742560005 -1.585305201026304 8 27 55 0.55661059578893857 140 47 142 84 139 79 141 41 143 30 136 65
2035 2.0691720459431417 0.54581422386578848 -1.6697642517744928 106 127 163 0.6076214816649933 124 69 122 59 139 44 128 80 127 70 125 58 129 61 132 62 131 57 130 61 134 68 133 74 135 57 137 54 138 60 140 50 142 61 141 58 143 62 136 47 145 45
2036 2.0547878860609941 0.57416598653363582 -1.6817327990162967 74 102 136 1.305326198275361 134 104 133 87 137 85 138 80 140 77 142 80 139 25 140 42 142 32 141 36 141 82 146 34 146 107 143 38 143 79 144 38 144 87 136 39 136 84 145 28 145 105 147 37 147 72
2043 2.0276661334200115 0.54149955533814831 -1.7233820474175212 20 79 124 0.30203679329446242 140 22 141 25
2044 2.0357681425347161 0.52760166910952511 -1.7242006106065901 232 84 81 0.39604230952060299 128 167 143 50
2053 2.1719079367965088 0.46757388289537472 -1.6029290826149225 66 121 188 1.8836686935004159 140 2 141 2 146 1 143 0 144 3 145 7 147 6
2054 2.0070000131658601 0.47050657694100273 -1.6184498105450225 253 96 93 0.610707783451227 140 7 141 6 146 6 143 6 144 8 145 8 147 7
2055 1.9946112644383596 0.65611518330516483 -1.6932355027597434 131 126 117 0.57681373831363125 132 47 138 31 141 48 146 32 134 60 140 32 142 39 130 50 133 45 137 34 129 55 131 54 135 45 139 27 143 44 144 40 136 36 145 29
2058 2.0329073255567356 0.53923984600960484 -1.7319653478915038 0 0 0 0.13609040472998232 140 92 141 81
2065 2.0125667626847843 0.66404871835822055 -1.7001809680530811 120 117 112 0.72643040912760171 139 31 140 40 141 33 143 29 146 38 134 55 142 35 137 32 130 55 131 56 132 48 135 49 144 45 136 33 145 43
2066 2.1571749084537606 0.46178055378463023 -1.5983324514595381 6 22 36 1.1036483475461967 140 54 141 34 146 25 143 35 144 21 145 36 147 35
2067 2.0002639531892878 0.50795991118210382 -1.676808991847077 8 77 123 0.54856688773308693 139 59 143 58 142 71 136 59
2069 2.0215290254850653 0.60182112588588466 -1.7134322365489421 106 104 99 1.7823601253981907 133 104 146 123 143 91 144 123 148 80
2072 2.0651302117107395 0.53564602220868796 -1.6754585365444787 9 29 55 0.69902019211287192 141 76 143 102 136 57
2075 2.0338129759516415 0.64018720503394577 -1.6650827938628323 162 55 51 1.9766309162142883 133 121 141 80 143 117 132 119 146 95 134 122 135 125 137 129 138 112 130 108 142 131 129 113 131 105 144 89
2076 2.0538848514147796 0.60754292422500744 -1.6900230936745837 127 145 175 0.29535768271137863 146 122 143 119 144 121 145 111
2077 1.8333990644431359 0.46777703847834967 -1.6769262248962933 98 104 100 0.53039698042514083 139 110 141 105 146 117 138 119 140 94 132 126 133 130 134 124 130 117 137 114 129 144 142 101 143 94 144 83 136 104
2080 1.9083821992142287 0.61887592009110237 -1.69328814170759 96 102 101 0.88789026816645067 137 72 139 65 143 57 128 86 131 71 125 73 130 60 138 66 133 127 137 132 140 62 142 72 141 66 146 42 144 50 136 55 145 47 148 61
2087 2.0725533193891841 0.35778236224840376 -1.5804490901451456 230 85 80 1.6183764800555274 146 21 144 34 147 22 145 20
2092 1.8584953843875496 0.44032840179182003 -1.6586895553796777 88 99 96 0.17345361310483678 129 88 143 72 146 70 144 76
2093 1.9685743275344811 0.51072245570539432 -1.6769169679346465 24 88 138 0.43871771758412531 129 97 146 91 144 85 145 95 142 100
2097 1.9897357692950239 0.56642059339133644 -1.7021819966641611 20 46 66 0.036409751096176154 146 135 144 116
2098 1.9992070057981779 0.65506840069124428 -1.6914442749521703 102 103 94 0.52860232543754038 132 94 137 104 143 90 144 122 133 103 135 109 138 97 139 100 142 107 130 89 131 86 134 103 136 81
2099 1.9366228492695106 0.33455657429056446 -1.6118878762483484 73 73 66 2.2590369612001955 119 183 124 128 129 110 144 112 129 138 137 111
2108 2.0721852429079157 0.5889183166741585 -1.6847408424683281 109 130 167 2.2459269254219918 125 94 127 115 129 76 131 83 132 91 130 87 134 102 133 101 135 96 137 94 137 112 125 149 129 111 132 89 131 103 130 97 134 105 133 100 135 99 138 89 138 98 140 82 142 82 142 102 139 88 141 115 139 102 141 79 143 75 136 80
2109 1.8883482694842899 0.41721557212757726 -1.6551343633997213 58 61 54 1.8704296603071191 114 241 116 203 117 230 115 221 121 159 126 146 122 109 134 137 139 126 140 111 146 81 118 245 113 185 115 197 114 240 112 255 123 154 121 128 119 117 124 124 122 129 128 101 127 104 125 86 130 113 134 112 144 97 147 88
2110 9.8421449924925142 -3.728943584408547 8.3705011401410587 247 243 232 1.5452229322997979 79 42 80 39 84 57 77 41 78 45 82 39 73 38 76 31 81 45 85 41 88 44 89 57 83 57 92 63 94 63 93 60 96 67 95 54 97 60 98 61 99 56 100 56 104 69 105 61 117 80 111 67 108 56 118 87 113 87 115 76 114 71 116 95 123 111 120 75 122 86 128 76 127 80 125 55 129 58 132 65 131 59 130 65 134 65 135 62 146 90 74 34 70 39 71 37 75 35 68 43 67 44 61 37 50 37 69 41 56 39 39 52 62 36 58 35 38 36 53 40 66 54 31 37 40 36 35 38 64 34 43 33 33 52 41 49 44 50 36 46 46 49 54 45 59 48 65 48 48 48 60 39 27 51 34 49 45 38 52 50 49 33 28 39 24 55 32 36 30 60 57 34 55 50 47 47 23 33 29 58 37 35 42 47 63 29 51 44 86 48 87 53 91 51 90 56 102 66 103 57 101 51 107 94 110 80 109 81 112 90 106 85 124 83 121 109 126 86
2111 9.835670573430555 -3.7229885520370032 8.3671917309509443 247 244 232 1.5111069237777619 79 35 84 49 77 35 78 39 82 32 73 32 76 35 80 42 81 48 85 43 88 60 89 49 83 48 92 60 94 53 93 52 96 55 95 51 97 65 98 60 99 50 100 67 104 60 105 82 107 66 111 70 108 67 118 67 113 82 115 74 114 85 116 100 123 112 124 77 121 94 120 88 122 83 126 77 128 90 127 78 125 66 130 66 134 67 133 66 135 65 137 75 138 63 142 70 139 70 141 64 146 101 74 31 70 32 71 36 75 30 68 39 67 56 61 45 50 42 69 48 56 46 39 43 62 42 58 41 38 42 53 44 66 43 31 44 40 42 35 42 64 39 43 42 33 57 41 39 44 39 36 49 46 39 54 37 59 40 65 41 48 40 60 42 27 41 34 41 45 45 52 39 49 36 28 45 24 42 32 43 30 47 57 38 55 40 47 39 23 40 29 43 37 37 42 36 63 36 51 37 86 51 87 51 91 65 90 51 102 51 103 65 101 53 117 86 110 60 109 67 112 72 106 76 136 70
2112 -3.5202163843172936 0.4503949559722118 3.5703933361220255 38 29 22 1.4626247016302534 68 55 61 70 50 80 39 70 62 65 58 68 38 81 66 75 40 74 35 62 35 63 44 77 46 76 59 76 65 66 60 81 45 69 45 72 57 72 47 65 23 78 33 73 30 81 24 71
2113 1.8722633580554273 0.50796606260387656 -1.6718580068557061 91 100 95 1.3242090630448344 118 2 113 3 115 3 114 7 116 7 123 7 121 8 119 4 124 3 122 4 126 7 120 6 128 3 127 3 129 0 132 0 131 0 130 1 134 1 133 3 137 3 138 3 142 5 139 5 140 6 141 5 146 5 143 5 144 7 136 5 145 6
2114 1.511681216043786 -2.9845788699110942 0.40309044802613125 251 240 225 1.4834576178957271 84 9 83 9 86 8 87 7 89 11 88 8 91 17 90 10 102 18 104 9 105 11 107 19 117 13 110 12 109 23 111 14 112 17 108 12 106 19 118 15 113 15 115 22 114 27 116 26 128 18 126 20 127 23 125 14 129 28 132 26 131 22 130 21 134 30 133 24 135 28 137 19 138 24 119 21 139 11 140 13 141 15 146 15 142 12 122 19 120 19 121 22 123 23 124 16 143 13 144 19 136 13 145 24 147 19
2116 2.1939878689000851 0.30999453416219508 -1.5705702190907034 125 126 127 0.57444270286676025 86 26 87 29 89 35 88 27 91 40 90 34 92 40 94 38 93 43 82 17 84 26 85 21
2118 2.1792868821034346 0.26564554262317025 -1.5603303488100813 100 101 101 1.8640567964835228 84 92 85 68 83 87 87 129 89 114 88 108 87 131 86 95 92 111 84 93 85 69
2119 2.1561168775909962 0.23900642719219695 -1.5578220580393287 31 33 32 2.0848881210497803 84 91 85 114 82 76 87 132 86 91
2122 2.2409777704094425 0.36370238209476546 -1.5258136423006794 123 128 129 0.75703474887136735 138 16 139 18 140 37 141 40 142 16 136 21 137 14 143 45 133 15
2124 4.8767901905089674 -1.8243719196156425 3.5370877499474593 92 76 72 0.71197597115233546 119 33 138 37 139 40 140 35 141 43 142 43 146 36 136 28 125 30 143 36 144 42 124 27 134 41 137 38 128 37 127 47 133 41 109 50 145 40 147 38
2125 2.059403977327054 0.52504733892722077 -1.720762029517749 0 0 0 0.10478025065612256 138 4 139 43
2126 2.0782477044684855 0.54973923509995726 -1.6297353324114248 5 7 10 0.17799948154537343 139 66 140 71 141 100 136 56
2131 1.9271969177147867 0.48325587679574894 -1.6957228773694066 103 107 102 1.107679047984659 142 119 136 100
2138 2.0486187007670065 0.51298409114080068 -1.6692459500789736 212 60 49 0.47087219631840005 142 123 136 90
2139 2.0846234218773834 0.53918983519814312 -1.6265297369246701 121 110 98 0.14492629436601123 144 25 146 17 145 23 147 17
2142 1.9358734255022909 0.49426386085544016 -1.6961959108604219 99 107 99 0.92628366172900389 146 114 145 58
2143 1.9189960967198296 -0.047256805248297958 -1.3815547771042076 216 164 135 0.64864875847512371 131 94 132 117 145 66 125 143 129 109 130 105 135 107 147 63
2144 1.9277869985170251 0.41896509094781081 -1.6593091914854994 105 108 99 1.5775956195475971 142 110 145 88
2145 1.8757541830172317 0.41802573965865236 -1.6500629166096465 80 91 91 0.22688966338735062 146 111 145 103 143 109
2146 2.021329782931792 0.51606787688596045 -1.7113648861347213 96 100 90 1.3862447838772458 132 81 145 112 129 79 135 97
2147 2.1199917286072214 0.52826832228202125 -1.6565758107688613 64 119 180 0.10401536436149458 146 119 145 116
2148 1.8839113410595876 0.65961887263056096 -1.613920605995109 50 94 131 0.84573589228992829 141 117 145 120
2149 2.3138132527942394 0.40687354712919305 -1.4774811212525758 4 37 68 1.4450758183778756 140 0 145 121 136 0 139 0 141 0 143 2 142 0
2150 2.3189240075989304 0.40550261665294202 -1.4728421838262284 4 37 68 1.709458585441072 140 1 145 127 136 1 139 1 142 1
2151 1.9543852908567905 0.39376557125059342 -1.6377529539403248 93 102 99 0.36094015089042264 144 29 145 19 147 21
2152 2.0011322625140195 0.68332286074739679 -1.69168274177749 107 108 99 0.74297008930456843 131 55 140 33 145 42 129 53 130 53 133 33 136 34 137 42 139 28 141 31 142 33 132 44 134 52 135 50 138 38
2161 2.1419403649848694 0.54424277929590203 -1.6309097840505451 56 121 184 0.58455811689591686 144 11 147 8
2164 2.0840409570976637 0.42292801173426392 -1.6253585343070627 7 25 44 0.79952701690570271 144 48 145 48 147 40 146 67
2166 1.9596890049558615 0.3406411117352699 -1.6159781568983731 82 94 90 0.42589674926958887 144 67 145 68 147 58 146 63
2168 2.060744163522032 0.60637268000151712 -1.6905450846147856 152 169 194 0.17057665186451815 139 121 147 94
2169 1.9243699074423537 0.51398417992061973 -1.5091597766376319 178 79 84 0.41790543759846682 144 61 147 110
2170 1.8935911494578883 0.40294704401451376 -1.6438077093731862 78 85 89 1.7250818752030959 144 96 147 112 146 148
2174 18.257147363317287 5.5158620597278656 7.0069819588906785 122 122 124 0.90476645391059174 31 49 67 65 22 71
2177 4.9322156515052979 -7.2160391730281379 5.8104466984760172 100 102 101 1.5047345041378508 67 24 22 35 20 41 13 40 16 43 21 36 18 45 16 31
2185 1.9345912751534886 0.42058353653021774 -1.6573501804875863 80 90 87 1.0810818626880634 146 142 148 127
2187 20.587221869057259 -0.86532921980318922 5.5041269831188808 0 0 0 0.33079958598476722 22 88 33 87
2192 -0.57785503332910748 -11.354772478664543 5.3121848804475968 254 255 246 0.36605331582297157 22 8 20 7 26 8 13 11 16 10 18 7 21 9 19 8 17 8 15 8 14 12 12 12 11 21 6 19 9 11 10 10 7 10 5 10 8 10 2 8 1 11 3 8 4 8
2195 -0.45020591902653662 -11.12535179864819 5.5800108339479824 48 43 28 0.3901404539761722 22 10 20 11 26 12 13 13 16 9 18 13 21 13 19 15 17 13 15 6 14 13 12 15 11 22 6 14 9 12 10 11 7 11 5 11 8 11 2 9 1 8 3 9 4 9
2197 3.2091195633146454 -5.1849785779141913 4.7862186661462953 118 117 117 0.84158761952998329 22 14 20 13 26 14 13 14 16 11 18 16 21 16 19 17 17 14 15 9 14 15 12 16 11 37 6 24 9 22 10 21 7 13 5 15 8 15 2 12 1 14 3 13 4 11
2201 2.9764633015379967 -5.8089192587541145 3.7173770899070697 77 112 150 1.0656497543547054 22 17 20 21 26 18 13 31 16 30 18 21 21 20 19 29 17 17 15 26
2204 2.4772571718482665 7.2230373644905681 3.9416628776654181 133 136 132 1.1477088159672488 30 13 32 13 27 16 18 25 17 21
2208 2.7143000729841074 -6.2841678056083632 3.8126816146833744 97 119 143 0.68917683453530409 22 26 20 34 13 32 16 42 18 38 21 30 19 30 17 26 15 36 14 53 12 55 11 58 6 59 10 52 1 31 3 35 4 34
2209 3.5208824322506365 -5.2081135773018987 3.5754034236152186 152 151 154 2.1783389326246883 22 33 20 35 26 26 16 48 13 74 18 31 21 26 17 24 15 29 6 48 7 56 10 64 5 47 2 70
2211 3.5657241305213248 -4.5142894970994245 4.9040788857793371 122 119 118 0.31299327662980664 22 45 20 42 26 37 13 48 16 50 18 48 21 47 19 46 17 47 15 53 14 57 12 61 11 68 6 73 9 63 10 55 7 59 5 55 8 47 2 44 1 55 3 48 4 48
2213 2.8547145206203868 -9.7855832227589836 5.7470618205775095 19 20 12 0.97122046060713196 22 49 20 53 13 72 16 65 18 64 21 57 19 59 17 50
2215 0.19369528105570749 -11.105103355909874 5.4682088299187965 85 84 75 1.2942195134744594 22 62 20 60 21 70 17 90 15 52 14 32 12 29 11 61
2216 -0.771361938705734 -11.461647376340228 5.7228582256358429 49 48 34 0.29701517446054493 22 54 20 61 26 51 13 69 18 63 21 60 19 57 17 61 15 70 14 70 12 74 6 90 5 64 7 70 8 69 2 65 1 65 3 63 4 68
2219 -0.28929207928209644 -10.903081964282842 5.1724250710605784 233 204 192 0.40268685493193518 22 67 20 74 26 62 13 89 16 75 18 80 21 65 19 81 17 63 15 77 14 91 12 94 11 103 6 103 9 83 10 78 7 101 5 80 8 86 2 89 1 77 3 87 4 87
2220 -0.74676555258131205 -11.542943547812786 5.3559328267019293 228 178 151 0.38840511683335366 22 53 20 77 26 53 18 62 21 59 17 52 11 112 6 89 9 98 10 73 7 100 5 79 8 88 2 88 1 63 4 67
2224 -0.72065871736178544 -11.751140569040855 5.6143442768747622 252 196 166 1.0322290778214991 22 66 20 99 26 97 16 107 18 103 21 109 14 116 11 125 9 123 2 58 1 64
2226 2.4502578042188281 -5.6450123327440851 5.5043846508396523 45 40 39 0.39641507626988753 22 77 20 111 26 90 13 131 16 90 18 91 21 95 15 129 14 107 12 120 6 112 9 87 10 82 7 108 5 98 8 109 2 104 1 69 3 102 4 113
2227 -3.1497705963992684 -0.59812017564289477 4.4692371303345464 31 25 17 0.89109490311796746 24 73 38 76 32 74 35 68
2228 1.6592596990771278 7.0465954817357588 3.7190769083369317 0 0 0 1.3121570049485696 22 42 30 42 29 34 32 39 57 67 21 43
2229 1.6592596990771278 7.0465954817357588 3.7190769083369317 0 0 0 1.3121570049485696 22 46 30 48 29 35 57 66 32 45 21 50
2235 -1.1260662998921946 -11.936626636571507 5.7304661036649804 88 88 77 0.64051829231573665 20 19 22 16 26 17 13 15 16 12 18 20 21 18 19 18 17 22 15 10 14 19 12 20 11 34 6 30 9 26 10 28 7 25 5 17 8 14 2 16 1 16 3 28 4 16
2237 2.673973905938146 -6.3535309076718587 4.4573859891714074 254 255 250 0.56128339445069864 20 36 22 39 26 32 13 46 16 45 18 43 21 41 19 42 17 41 15 42 14 56 12 56 11 62 6 61 9 55 10 49 7 35 5 44 8 31 2 40 1 36 3 36 4 37
2238 1.5036767919585536 6.4676689725981973 3.3270306042243338 106 108 100 1.1233127205994196 20 46 56 32 26 36 39 29 47 52 53 36 54 51 59 53 61 84 35 54 38 57 41 63 43 78 52 74 53 78 58 27 62 60 66 68 52 33 43 22 63 46 63 68 47 72 43 53 66 78 24 36 31 41 24 58 36 50 55 27 60 45 42 32
2244 -0.87392444215458298 -11.79831420146663 5.3537224867346485 141 121 114 0.56471630824460972 20 101 22 98 26 71 16 94 18 83 21 72 19 79 17 75 14 94 12 85 11 132 9 126 10 108 7 121 3 111 4 116
2245 1.1907938149075206 6.4645018399225211 3.3181052611200688 107 106 95 1.5319179307925519 56 71 26 83 55 81 25 70 52 34
2250 1.5089621493145802 6.4642544036950991 3.325759337502284 106 108 100 1.0389636997878833 20 48 31 28 26 39 40 76 35 50 38 64 41 60 61 82 47 53 54 52 58 30 60 44 63 48 66 64 43 56 59 61 39 34 53 33 66 44 43 77 56 33 43 31 55 30 39 81 36 52 52 40 62 53 52 73 53 77 56 83 47 73 63 70 66 87 42 37
2252 3.5991528959109269 -3.8917684653306912 4.8706179537828813 243 241 221 0.54314370948156987 20 25 22 31 26 21 13 19 16 15 18 29 21 32 19 20 17 23 15 13 14 22 12 24 11 38 6 35 9 30 10 27 2 25 1 18 3 18 4 19
2254 3.1860709176432214 0.1807044533702454 7.9155333785318103 135 128 126 1.2002156620666824 20 66 22 78 26 63 16 78 18 107 21 87 15 89
2255 9.9327696910165493 5.4452867173117321 13.240730543164139 144 119 115 1.59689210784036 22 30 13 28 16 33 18 33 21 31 19 32 17 29 15 32 14 50 12 38 11 64 6 83 9 60 10 57 7 62 5 48 8 46 2 56 1 50 3 45 4 45
2257 3.7830068625327997 -4.0157931418223818 5.1380708184463586 252 255 243 0.37932165595094663 22 57 13 79 20 49 26 58 16 71 18 60 21 53 19 65 17 58 15 61 14 73 12 78 11 87 6 93 9 74 10 74 7 73 5 67 8 79 2 72 1 68 3 55 4 66
2258 4.1252637892456878 -3.2999225748609771 4.9737940466035333 250 249 240 0.44404021227863311 22 52 13 81 20 59 26 52 16 64 18 61 21 58 19 68 17 51 15 69 14 67 12 69 11 89 6 91 9 81 10 71 7 65 5 60 8 65 2 78 1 57 3 56 4 58
2265 1.237096056585163 -8.4950424976257892 4.8276699513693462 44 44 37 0.98606201982469643 13 3 26 31 16 4
2280 2.4004159452327452 -6.0993427675540381 5.1942297588210007 57 53 51 0.31582923324566758 13 63 26 66 16 60 20 62 18 67 19 70
2284 5.4117465299660781 -3.7121007538836075 4.2151435285936065 147 148 145 2.2013016860532275 13 68 26 68 16 70 19 48 17 56 18 69
2286 -1.1786338664874672 -11.508430856455718 6.6474572680588579 131 128 125 0.71445825155666487 13 91 26 96 16 76 20 81 18 82 21 66 19 82 17 74 7 116 1 112 3 110
2295 15.800123231055254 3.2488893449420497 5.2809524385813944 93 102 102 1.2341568789379007 13 93 80 89 16 81 77 68 75 56
2303 -1.1350976154380727 -9.8606077847811786 5.5006775960070273 42 35 24 0.77217415159860237 26 10 18 9 19 12 17 10 13 10
2306 2.6314575127555293 -6.3474306068224076 4.4468210473077265 254 255 249 0.51120334375114973 16 40 18 40 13 41 21 42 19 36 17 40 15 40 14 48 12 51 11 60 6 58 9 50 10 43 7 40 5 38 8 40 2 37 1 37 3 40 4 41
2307 -0.57915399025215164 -9.8245620491175476 5.6537340908833809 252 80 80 1.740910354216167 18 54 13 42 16 66
2309 4.1035391262706904 -3.3232864573427698 4.968903598813859 249 245 236 0.3124312200252104 16 62 18 70 13 65 15 65 14 80 12 68 11 81 6 95 9 76 10 67 7 74 5 68 8 80 2 63 1 60 3 61 4 63
2310 1.8121305397044509 -9.1957806485133169 5.2824432519960141 20 21 14 1.5036386742427397 16 58 18 71 13 62 19 69 17 62 21 102 17 89 19 97 15 66
2313 4.1645313125130334 -3.6597036872913971 4.9166036633588703 214 171 144 0.3273289288187935 16 102 18 89 21 86 19 101 17 76 15 136 14 104 11 128 10 113 7 104
2314 4.0291579252976328 -3.9190913954121198 4.7532489308785992 228 158 119 0.3075014785452938 16 104 18 90 21 88 19 106 17 82 15 135 14 105 12 132
2315 4.9177982150808441 -8.6322642787365584 5.7980038268677294 102 100 90 1.3453064589155825 16 115 26 88 18 96
2316 3.6498662180991035 -9.3409804152594198 5.6825076869077034 98 96 89 0.71016420433654082 26 95 18 100 21 101 13 121
2317 -1.1979930051081871 -11.73032745986761 6.4542003148934688 88 83 74 0.54320462363661537 16 110 18 101 21 75 15 119
2318 4.0313611860883132 -3.915877119164819 4.7536691628795138 228 158 119 0.31784958633363869 16 111 18 106 21 107 19 102 15 132 14 119 12 133
2324 2.6786535296474239 -5.7305342250906977 3.8561353593175816 101 122 153 0.88422800094457366 13 7 18 4 16 7 19 4 17 5 14 7 15 4 12 8 11 13 6 8 9 8 10 7 7 7 5 6 8 6 2 5 1 5 3 4 4 4
2327 4.0144780738715493 -9.9887252584587145 6.5537209741136788 97 97 95 1.0921567950064939 13 33 18 46 21 49 16 28 19 31 17 44
2332 4.6525306825959678 -7.031116120837682 5.4541103155006185 73 80 80 2.2347360353905263 13 134 20 45 22 91 21 98 26 41 22 41 20 39
2333 5.0898357927368885 -6.9183230823788495 5.5789949215621339 73 80 80 1.3719135507822395 13 135 18 94 20 44 21 105 19 110 17 84
2334 -2.364734308221581 -6.4797211919643383 2.8673991538637007 144 44 35 0.55655462320342164 22 6 21 6 17 7
2335 -2.3662435802823674 -6.4797842699285919 2.8661545715275256 144 44 35 0.56442974582182082 22 7 21 7 19 5 17 6
2337 -2.4338583945400249 -6.5831823186323337 2.8805549315746197 51 39 26 0.60532349803404595 22 12 21 27
2345 6.1245775579313317 -6.9357829323099613 5.7532438375957566 21 26 22 1.3001562133980646 22 37 13 47 16 46 18 44 21 37 68 21 72 46 70 17 19 40 17 42 12 45
2346 -2.4288986562812727 -6.504480635315999 2.8763227831169975 252 100 99 0.1712443261813022 22 3 21 5
2348 -2.4757979453412267 -6.4808805100001949 2.8879037292620144 102 93 91 0.76061732594798703 22 76 21 85 19 88
2352 -2.0435046328581468 -6.2570346104135419 2.8495503586379631 100 107 106 0.32641152863960921 22 48 21 69 17 60
2353 -2.3242744336406043 -6.1310156941076039 2.8242737368717674 42 41 32 0.70761787006746846 22 97 21 78 19 93 17 79
2357 -2.3006154153864737 -6.1064827588548356 2.8235984475653551 39 39 39 1.1079305094975973 22 96 21 104 19 89 17 78 21 77
2358 0.8677197484571112 -10.641726012537458 5.6405869718683954 92 85 76 1.9277591074375262 13 0 19 0 16 1
2359 0.8677197484571112 -10.641726012537458 5.6405869718683954 92 85 76 1.9277591074375262 13 4 19 2 16 3
2363 3.8483586795904863 -1.8495334184794712 3.8692843725116446 123 126 127 0.90252533546649782 13 20 16 16 15 17
2364 8.2308934505000817 -2.6653722897428915 5.0638260348439754 50 56 46 1.7723827121011917 16 26 19 24 3 25 4 29
2367 7.1802070311688917 -2.6500335451374468 4.5337670854358496 49 52 44 1.6422325989091286 13 55 18 49 19 50
2369 11.283247982696015 -2.1293320769776707 5.7486293418366916 48 48 48 1.5168993893273603 13 64 16 61 19 54 16 23 12 64 14 61
2370 1.6321866884224108 -11.825768982579984 7.1275070389318884 97 83 72 1.5875091662554441 13 36 16 55 19 58
2371 3.9419844095772731 -4.548150327396459 4.1820540204956007 128 135 128 2.1058443523772779 13 49 16 49 19 62 15 59
2372 10.174077766151894 -2.5964555229592583 5.4660964185498928 48 48 48 1.1649804267976023 13 78 16 69 18 51 19 63 21 48 17 55
2374 -0.28154024144976808 -10.972009542713401 5.1256603164899373 89 86 82 0.38942081371594756 13 82 16 74 19 71 17 73 14 82 12 98 11 97 6 127 9 96 10 103
2375 12.886396564693852 -0.19230293991129765 5.7058940493517234 97 103 101 2.2272732007369145 13 86 16 100 18 102 19 72 17 88 21 82 18 75 19 78 20 71 26 59
2380 -0.47301240136951311 -11.176179824967971 5.3886547729584473 224 186 162 0.51788277937726501 16 109 19 87 17 91 21 74 15 118 14 121 12 125 11 121 6 121 9 120 10 102 7 119 5 91 8 127 2 124 1 89 4 121
2381 -2.840402196094387 -6.5018359909975958 3.0808503347465637 96 101 101 0.27037195221976273 22 79 19 94 21 84
2384 5.0231561946904151 -4.1800708304671685 7.3647234972823945 55 44 39 1.497656105423445 13 118 16 103 22 95 19 111 20 96 21 93 15 92 15 130 9 107 7 130 8 125
2397 -2.3247194048209727 -6.1373041806588731 2.8303873248837879 0 0 0 0.62980813490323551 19 23 21 22 22 22
2398 -2.5242403829973226 -6.5142004517492271 2.8870386299296951 0 0 0 1.0106304063856677 21 112 17 30
2399 -2.5111104246917448 -6.3114726050325789 2.9137554917724264 253 94 89 0.31199209158675656 19 33 17 31
2402 -2.3541181591689031 -6.1496160722800131 2.8287548277647789 119 125 125 0.56838783283703254 19 45 21 45 17 46
2403 -2.0132772144965085 -6.8513003952743183 3.1569934674074158 239 79 76 0.030152254950430162 18 65 17 53
2404 -2.0707123357509962 -6.3430947405897022 2.8561252140861937 165 167 168 0.38065782273119858 19 73 21 52 17 57
2405 -2.0146674550217343 -6.8093955118299814 3.1365045120412924 234 79 77 0.44774245550932024 18 111 17 64
2407 -2.4687151069150541 -6.6056003919087543 3.2143721161008654 242 107 105 0.16220187637721262 18 88 17 81
2409 -2.456727241574276 -6.5612847864682546 2.9207252978070861 34 26 16 1.468645490262924 19 86 22 94 17 93
2410 -2.5159874605799546 -6.4052131923815754 2.9102805659340483 109 100 101 0.14011882315071644 21 46 17 98
2415 -2.2217233083378223 -7.5336499635104053 4.4181653108413599 252 175 139 0.66938209796117132 13 6 15 3 16 5
2416 0.68097118974445447 -8.9265398630392045 4.3592455170204314 89 91 90 0.21914397331312832 16 37 15 11
2417 3.4246530674830029 -7.2254174086881804 5.6307073989231533 112 110 110 1.7925593580043295 13 16 16 13 15 12 12 21 14 34
2418 -2.1033907728630576 -6.2743126065733001 2.8506754486775088 0 0 0 0.43833855130151389 17 19 22 19 21 21 19 21
2420 4.3486693013181998 -7.3403263062471504 6.0423533173765795 112 110 110 1.9600480180711966 16 18 15 23 14 44 12 25 11 36 13 25
2422 5.764786895720392 -3.7281068256646104 4.8124257777449539 51 52 53 1.7928337195486255 16 27 15 43 12 60 14 72
2425 -1.2568743240260873 -11.45427392134828 5.8561720025272495 89 84 72 1.133717244977996 13 70 20 70 15 71 11 77 1 66 3 64 4 80
2426 -1.1029495808441652 -8.8487591625925699 4.7135189806047846 96 86 72 0.6296429511782542 13 57 15 78
2427 -1.2511631111819168 -7.4455214939210741 4.2197559995650398 251 89 89 1.2210378094251253 13 84 15 80
2428 6.0061134512920056 -6.8343971083689432 5.8301807387858533 112 108 105 2.1382432704990912 15 83 14 112 6 99 10 94 9 137
2430 3.427521119035795 -2.866625523939978 3.7734095042056612 97 104 105 0.55911729549773093 13 90 16 82 15 90
2431 2.628556089061632 -4.4558387460222404 4.0743133154690367 92 99 103 0.6432629493015809 13 120 16 105 15 99
2434 -0.93256004037297802 -7.725913178324805 4.4329714339812902 42 32 23 1.162350976172047 13 83 16 93 15 56
2435 3.4462639140322611 -4.0286564332140813 4.6372951215430236 231 172 134 0.48006392268470161 17 59 20 50 22 58 15 62 18 68 19 66 21 54 26 45
2436 4.6433565652528497 -2.600461725789021 5.2075300092504149 108 107 106 0.47749074265404079 20 78 15 116 14 101 21 73 22 64 26 61 15 121 19 76 21 64 11 99 6 102 10 84 9 89 7 75 5 62 5 69 7 66 8 66
2438 2.5784062838926913 -6.7115941995067026 3.9142381889244033 135 140 156 0.30113500099532148 15 47 14 60 12 58
2440 3.0779894752064902 -7.2968299151659561 4.3081157684957372 115 118 117 1.1625280321766012 14 8 19 7 12 11 18 17 21 23 11 16 6 9
2441 -2.4828679526671098 -6.5563700479028331 3.4936511349825317 109 107 100 1.2682311845604481 14 40 12 33 11 52 6 46 9 36 10 51 7 46
2443 -0.48621104779613861 -10.477652564510752 6.0199041718195643 50 39 24 1.5854213340508814 15 122 12 47
2444 -2.664016092940392 -5.8519810274243325 3.1419087860661761 0 0 0 0.29815542014727064 15 39 19 109
2445 2.4556836834570364 -6.0624956735960405 3.9573488360173474 89 102 128 2.1537664132451226 14 59 15 58 12 76 14 89 11 74 11 85 6 76 6 116 9 65 9 72 10 63 10 96 7 58 7 82 5 51 5 83 8 53 8 71 2 49 2 69 1 41 1 67 3 82 4 70 4 92
2447 -1.0715516665502165 -7.8166318714430414 4.5135625939619297 0 0 0 1.1688748821730428 15 57 16 97
2449 -2.4775362971496189 -6.6033509813644198 3.4927157388790615 93 89 82 1.8387483378726679 14 0 12 1 11 0 6 0 10 0
2451 -2.4775362971496189 -6.6033509813644198 3.4927157388790615 93 89 82 1.8387483378726679 14 2 12 4 11 3 6 1 10 1
2452 -1.9723985465231226 -9.8318671092653318 7.2268013633208756 248 178 141 1.9742314981376239 15 2 12 6
2453 -2.7323679174275148 -6.4080302285995758 3.4236404610328037 253 116 112 1.3529219728022579 14 10 12 9 11 17 6 15
2454 -2.7315424141483362 -6.4081073683294276 3.4226250471924837 253 116 112 1.5796412512786542 14 11 12 10 11 18 6 13 9 13
2455 -2.7076599598749143 -6.4175644145890098 3.4118751471201287 245 70 62 0.99049525570820929 14 17 12 18 11 26 6 25 9 21 10 20 5 14 8 29 2 23 1 32 2 39 3 34 4 36
2457 -3.5536572097496215 -7.6101020946399753 6.0995704261241279 255 115 115 0.91951996943829761 15 48 12 62
2458 -3.5143069758323482 -7.4506199197412695 5.4196729943979465 45 32 26 1.5233514160631498 15 68 12 79 14 74
2463 -2.707158887643355 -6.2748415823949335 3.4662259298257294 95 91 84 0.77064156062827449 14 1 12 2 11 1
2466 2.9561151493932312 -7.1836107533782965 5.4242750551674366 111 110 107 1.7791027973672224 15 22 16 19 12 28 13 24
2467 -2.7803992223858529 -6.2587143003071457 3.4819603067815561 202 78 60 0.45466886024588798 14 41 12 31 11 41 6 38 10 25
2468 -2.7803992223858529 -6.2587143003071457 3.4819603067815561 202 78 60 0.45466886024588798 14 37 12 32 11 39 6 33 10 32
2471 -2.7674515455538007 -6.4418162424901926 3.4804515964621299 108 103 103 1.7478407631839306 14 78 12 88 11 100 6 122
2472 -2.7910700082114128 -6.4956056320049296 3.5299758899518303 104 100 92 0.29968827635135359 14 87 12 101 11 115
2473 -2.7778456841694639 -6.3317235691278784 3.421262380123371 209 201 195 1.181639798445242 14 97 12 102
2474 -2.7673826820955933 -6.4550847000175358 3.4754931381728369 83 87 85 1.8911531342083912 14 77 12 113
2475 -2.8524807054784462 -6.477608050626376 3.5627501543176323 86 92 88 0.73111581566700645 14 98 12 115 11 140 9 88 10 85 7 132
2478 -2.7053515829067587 -6.4598338586037523 3.4211474607472607 249 188 147 1.2254501427656224 14 5 11 6 6 4 9 5 10 3
2479 -2.7066258108450452 -6.4636731391767626 3.4253403239996465 249 188 147 1.079990311194571 12 7 14 6 11 8 6 3
2480 -2.7460125340661312 -6.4913174731075385 3.4536410772473469 96 96 90 1.6068617175313544 12 14 11 20 6 10 9 9 10 9
2481 -2.4622866735825748 -6.217969406731763 3.399351881796199 127 127 129 0.74154446875233226 12 17 14 24 11 27 6 32 10 26
2483 -2.646934327869622 -6.1251954128067663 3.4094060737746252 143 143 142 0.21328673582937568 12 22 14 23 11 29 6 23
2484 -2.424494948530477 -6.6591706406682478 3.4615735719297915 82 89 85 1.6169652668086603 14 31 11 43 12 46 6 43 9 35 10 50 11 76 7 45 5 34 7 34
2486 -2.7301027846249903 -6.4765172583898636 3.429357405005967 94 95 87 0.85756686067342269 14 21 11 45 6 47 9 56
2487 5.8921859848280489 -6.602983362699451 5.9613067471020535 27 30 29 1.7259642814647902 14 47 15 38 11 46 6 67 10 45 9 45
2488 -2.8272076740446046 -6.4598293225995151 3.5397280189610774 101 107 106 1.2643160776526432 12 37 14 36 11 50 6 40 9 41 10 47 5 116
2489 4.4011742297122254 -6.6346628075786223 5.4129725619022269 0 0 0 0.82615573334015269 14 51 15 44 11 53
2490 -2.8285661906679249 -6.4607477087775766 3.5419675929789176 101 107 106 1.1755777971044188 12 43 14 42 11 56 6 57 9 43 10 46 5 100 8 102
2491 -2.6630101014275027 -6.1004504117720764 3.4148423341035032 132 138 136 0.77275761805538246 12 54 14 52 11 57 6 65
2493 -2.6186963001606425 -6.1482235107402845 3.3953541656806427 136 137 133 0.28729781307318902 14 38 11 65 12 50
2494 -2.6028710168906271 -6.528061467306526 3.4803319650499223 47 37 25 1.1323237131690487 14 55 11 71 12 59
2495 -1.002037739098544 -11.531781162165943 5.9254638623807718 138 138 132 0.32757978523853498 18 56 11 73 8 49 2 47 1 54 3 54 4 57
2496 -1.002037739098544 -11.531781162165943 5.9254638623807718 138 138 132 0.32757978523853498 18 55 11 78 8 42 2 52 1 45 3 51 4 43
2498 -2.6897776997331588 -6.6815586034601289 3.7814803709960669 0 0 0 0.025455938193730966 13 94 16 77
2499 -2.7960683399411104 -6.2620377295682141 3.4872477207097869 249 105 102 0.27149415767660046 14 79 11 91
2501 -2.7960683399411104 -6.2620377295682141 3.4872477207097869 249 105 102 0.27149415767660046 14 64 11 93
2502 -2.647055864178308 -6.6102300279990693 3.7173019474887825 0 0 0 0.026993494168225218 13 52 16 51
2503 -2.6631576514415469 -6.3801963849701417 3.3742198935167393 0 0 0 2.2440048640074193 12 103 14 88
2504 -2.9850095940265358 -6.4309841462206689 3.5719084523052653 94 103 102 1.3170667205683402 14 96 11 109
2505 -2.6080361246977581 -6.1404195282470155 3.3910124315136567 98 99 92 1.7203494347308628 12 81 14 39 11 127
2506 -2.744837626066519 -6.4597280989657762 3.456381945030143 248 118 117 0.75967008510651268 12 77 11 135
2507 -2.7910700082114128 -6.4956056320049296 3.5299758899518303 101 98 90 0.29968827635135359 12 91 14 93 11 137
2509 3.6231071098069867 -3.8915434374467566 4.8745317507386963 246 237 215 0.60178487212784149 13 22 16 21 15 21 14 26 12 27 11 33 20 22 22 29 26 27 13 23 16 20 18 22 21 24 19 25 17 18 15 20 6 36 9 29 10 30 2 21 1 21
2510 -2.8225114119369064 -6.2398560225012449 3.5295672385455181 251 105 102 2.4721159947313938 14 30 11 70 12 26 6 82 9 79
2511 -2.8242927971298002 -6.2343879991864499 3.5348732866483488 251 105 102 2.2371221550561402 14 46 11 72 12 23 6 80
2512 -2.9468932496797655 -6.4618587589182681 3.5909040195472994 91 98 97 1.3159690766361074 16 126 11 107 9 69 10 88 7 93
2514 -2.8720141253296112 -6.4712188915938382 3.5644089904784564 85 91 90 0.78732992315049799 12 129 11 117 9 101
2519 -2.7043728032747358 -6.4638747103778922 3.4238170857057297 249 184 149 0.84616419010726673 11 7 6 2 9 3 10 2 5 3 8 4 2 4 1 4 3 3 4 3
2521 -2.6373205688222501 -6.0922087614433051 3.4152350123658946 138 138 137 1.4911067054832876 11 40 6 27 9 17 10 23 5 16 8 16 3 27 1 19 4 20 7 18
2522 10.39257118103926 -7.5010429624796346 8.7107258580287219 111 111 111 1.9452567157631211 11 32 15 31 6 31 9 38 10 33 6 49 11 47
2525 -2.451293646994622 -6.2439254326095446 3.3967899966010706 95 101 101 0.40404576903249056 11 101 6 104
2526 -2.7336362005516399 -6.4798450871607116 3.4427493740056168 248 121 119 1.4915190016590714 11 95 14 83 6 106 9 117 5 111
2528 -2.8863689311121141 -6.4620880884819956 3.5589412953625916 83 90 89 0.42006308804151726 11 116 14 125 6 125
2529 -2.5304207281677908 -6.2413685477202527 3.4237068471714376 138 135 131 0.88394773731378906 14 129 6 126 12 126 9 131 10 93
2531 -2.4828679526671098 -6.5563700479028331 3.4936511349825317 100 100 95 1.2682311845604484 11 44 14 33 6 54 12 49 9 34 10 53 7 36
2533 -2.6687649301052097 -6.5200800601984721 3.4359741685890071 101 97 88 2.1362531104281879 6 44 9 10 10 29 7 47 5 40 8 22
2534 -1.4057997530177653 -5.8832430559393858 3.4872684623005887 159 159 160 0.85309784504976049 6 12 9 14 10 13 7 9
2535 -2.7065346730076212 -6.5070103242943089 3.4307789283172045 107 108 104 1.7767118594206692 6 22 14 16 9 19 10 18
2536 -2.7064954371140795 -6.4158668551069384 3.4094829211335131 240 67 58 0.25776105648368092 6 29 9 25 10 22
2537 -2.4672820071604384 -6.5884556947210093 3.4914505501727464 18 19 13 1.6756753222269722 11 92 9 70 12 70 14 81 10 66 7 63
2538 -2.810648341591969 -6.4972784578820972 3.5544847626444178 48 39 29 1.2648189945909476 6 94 9 73 10 76 7 67
2539 -2.4672820071604384 -6.5884556947210093 3.4914505501727464 18 19 13 1.6756753222269722 11 84 9 80 12 75 14 71 10 65 7 71
2544 -2.6175917665142294 -6.0547344397182359 3.4027949296925248 81 82 70 1.4547427813571114 9 4 10 5 5 9 8 8
2545 -2.6325656566100251 -6.1022653214857518 3.3952248898469009 81 82 70 0.58202291810116635 9 6 10 6
2547 -2.2220458882141942 -7.0566229792886901 3.7744871254851011 93 85 77 1.3216377897271865 9 20 10 19 7 29
2553 -2.3565243399060734 -6.1348003724485851 3.3971016855611493 96 101 103 1.9059452224524278 6 100 10 81 5 75 9 92
2554 -2.508306616860021 -6.2597114073826878 3.3839162536120044 95 101 100 0.27000047427675239 6 96 10 86
2555 -1.8420044846288366 -6.0184102207353565 3.5135618485091284 0 0 0 1.714598114515635 11 138 12 121 6 135
2556 -2.4732951991446179 -6.7468791967701529 3.6079604967488477 95 84 73 0.54719363801496723 6 117 9 119 10 101
2557 -2.6485081855518007 -5.9084777241487014 3.4464925996859015 109 111 100 1.7661412352846821 6 84 9 106 10 114 7 43
2558 -2.4068138527607656 -6.192336475558359 3.3814569856313286 135 136 129 0.83782142461078479 11 102 10 118 7 134
2559 -0.44124777621117561 -11.141568490579765 5.5889180798698606 48 43 28 0.35662071707825582 22 11 20 10 26 13 21 14 11 25 6 18 10 14 22 9 20 8 26 9 13 12 16 8 18 8 21 10 19 9 17 9 15 5 14 14 12 13 11 23 6 17 9 16 10 15 7 12 5 13 8 12 2 10 1 9 3 10 4 10
2561 -2.4604642685141487 -6.2159656683246176 3.3999335402882522 120 122 125 0.60587790532772645 6 37 11 28 10 31 14 27
2564 -2.5144315235793724 -5.8385143108112452 3.4051361229580248 87 86 77 1.7331241497307426 10 37 7 20 6 63
2566 -2.8768655740537783 -6.5024638634181553 3.5791698387105679 113 114 108 0.13769008343806616 10 68 7 86
2568 4.8848593208608593 -4.8014417685418387 3.9486793899614914 145 148 150 1.1906058865829861 10 70 16 108 7 112 5 95 8 75 2 107 11 142
2569 3.1677991434866568 -4.6148317020138334 6.3858775418638771 51 51 50 0.2031698925898586 16 118 7 125 13 123
2570 -2.4296664931340088 -6.1889143886139415 3.3742255233906966 137 139 131 0.28544187604141308 10 107 7 136 6 124
2575 -2.369032180690454 -6.1162733981015549 3.4076837422214847 121 124 123 1.4636048882527615 7 23 9 28 5 20
2576 -2.3974356814518121 -6.6816992785839338 3.4716623386682302 89 97 96 0.76907585023066372 7 14 9 27 5 21
2577 -2.369032180690454 -6.1162733981015549 3.4076837422214847 121 124 123 1.4636048882527615 7 27 9 31 5 22
2578 -2.2776317097158256 -6.1970857273512712 3.3583770381320206 136 138 141 0.91891928296494252 7 32 5 25 8 32
2579 -2.3850893405868159 -6.1685545801922093 3.3627621216077137 152 154 157 1.1156587240458156 7 88 9 97 5 71 8 91 2 101
2581 -2.272558642910226 -7.0104599517712574 3.7888144414149942 91 85 73 1.2957918958799541 7 102 9 66 5 120 8 93
2583 -2.7302585357738716 -6.2938127298926325 3.4685280156223399 85 78 70 0.90215534060317104 5 4 8 7 2 7 1 7 3 5 4 6
2584 -2.7302585357738716 -6.2938127298926325 3.4685280156223399 85 78 70 0.90215534060317104 5 5 8 9 2 6 1 6 3 6 4 5
2586 -2.6345351174328164 -6.6017331411854547 3.4569260840939875 107 109 102 1.9971354649440529 7 6 8 3 2 3 1 3
2587 -2.4735565200617873 -6.3217966493277391 3.4353981242403728 116 115 115 0.74674432974313842 5 28 8 24
2589 -2.3716453138026172 -6.2136836211306905 3.3444976876861401 163 166 169 0.012705718781682453 5 26 8 26
2591 -0.79576776322236298 -6.3585237718429486 3.9864558361169489 113 113 108 1.6990060359305095 10 48 8 62 7 48 5 41
2595 -2.1890250265856004 -5.9187538292783248 3.3996490851443943 102 108 108 1.6653293762861987 5 89 8 84 2 82 4 129
2596 -3.0823547239006341 -6.4785223975415551 3.667811724879086 95 101 101 0.86541653064581681 7 95 8 100 1 98
2597 -2.5792177723803404 -6.331014107081482 3.3760628348154667 103 102 103 1.0053089896955594 5 123 8 118
2600 -2.8797170052923331 -6.2531793725974634 3.7457256291252929 251 72 53 1.6675315506777442 5 82 8 101
2608 -2.5180986330301667 -6.5192684782677981 3.4846813572497641 103 104 100 1.090827234614399 5 31 8 35 2 27 1 26 3 41 4 35
2609 -0.58633923428401213 -5.8509916247491702 3.3934359915880798 153 153 155 0.90783124082743838 8 30 9 37 1 27 2 45 3 16 4 18
2614 -2.8108143300559001 -6.4924842789719444 3.5357547780071026 119 117 112 1.0192724993206015 5 86 8 76 2 71
2615 -2.8299931363483672 -6.4791608665329399 3.55352744601407 33 30 23 1.2251943656289739 5 66 8 78 2 80 1 82 3 67 4 83
2616 -2.6646705082416582 -6.0614884407377509 3.4088922871479066 82 81 69 0.89591691573476917 5 94 2 90 3 72
2619 -2.7550315503881011 -6.2611678891757929 3.4754450713827216 113 64 54 0.60276761293199577 8 104 2 95 3 57
2623 -2.7550315503881011 -6.2611678891757929 3.4754450713827216 113 64 54 0.60276761293199577 8 124 2 119 3 62
2625 2.8533055448730642 -6.0908770867993125 5.4064499946605888 56 51 46 1.2392729680997656 8 37 2 31 16 68 18 72 13 77 19 61 14 66 12 83 11 82 6 107 9 86 10 80 7 83 5 85 5 39 1 29 3 80 4 26 4 81 3 23
2632 -2.7575970199648232 -6.5404363155874341 3.4761642944562126 114 118 113 0.90787517205002755 5 18 8 20 2 17 1 20 4 32
2634 -2.7225974120059391 -6.4906287363983663 3.4357773651627666 250 208 171 0.34177296261772294 8 19 1 17 3 21 4 17
2635 -2.7225974120059391 -6.4906287363983663 3.4357773651627666 250 208 171 0.34177296261772294 8 23 1 22 3 22 4 22
2637 -2.50401750123011 -6.5494610151083732 3.4824771149370983 18 18 11 0.74538977846638543 2 67 8 70 1 62 3 88 5 65 4 88
2638 -2.7172434898042637 -6.3087835538097652 3.3930855540805678 249 70 62 1.6921437660670697 2 55 1 71 3 43
2639 -2.6927046191905752 -6.4138126504634947 3.4406441268311196 45 22 10 1.6353127538675036 2 92 8 72 1 79 3 78 4 93
2640 -2.6912814126378213 -6.4085306351760627 3.4346744448359359 45 22 10 1.5769533614476621 2 93 8 59 1 84 4 79
2641 -2.7330294818963052 -6.4937418945702783 3.4483331535364607 255 215 179 1.6419455439264736 8 133 1 86 2 116 5 113
2642 -2.5157807189893959 -6.495069403421553 3.4578354008787699 37 37 34 0.40149775787235514 2 115 1 110 3 115
2650 -2.4101590039225123 -6.1310937409981845 3.3519947847548246 143 143 142 0.71343401664681194 1 15 2 14 3 12 4 13
2651 -2.7976482897188895 -6.4374829669162432 3.5207732793715265 253 120 118 1.1885008697037458 2 28 8 21 3 20 4 23
2652 -1.8488386049323908 -6.2237828805982049 3.7288402057886638 139 132 136 0.18945896378169472 8 48 3 37 4 42
2653 -2.3590018767221261 -6.1726293514883235 3.3425703327062366 121 122 122 0.80710089675628038 1 35 2 33 3 39 4 40
2655 -2.657742469509309 -6.1120470812193952 3.3636015847160174 95 94 79 0.81390830465023389 1 58 2 79 4 61
2657 0.060453219615093937 -10.648442662261152 4.7908677106685262 78 82 85 1.3956385867481069 1 61 10 83 21 103 3 71
2658 -2.6286782494214496 -5.579625985133549 3.5092084663488885 92 88 77 0.76418365457414827 8 58 3 77
2659 -2.5741633186443051 -6.3773604544298452 3.3911122847620074 33 36 36 0.8023105752816867 8 82 3 89 4 77
2660 -2.4018012712199024 -6.0520957547318819 3.3561724645388438 96 101 100 1.3709334640784636 2 121 3 92 1 73 4 74 4 97
2663 3.4410737835546632 -4.971724697829484 3.9396946420603673 113 122 134 2.1242964418047325 13 76 19 53 15 35 14 29 12 42 3 49 1 24 5 56 7 60 8 51 9 57 10 44 6 86 11 67 13 117 15 128 14 109 16 91 11 124 7 81 5 96 3 104 2 106 9 130 14 108 8 111 4 52
2669 -2.673253611164204 -6.4959119403155468 3.4288106508892553 112 112 108 0.3603518922032416 1 25 2 26 3 30 4 31
2671 -2.5422834544744664 -4.723477168735088 3.6940764697719723 97 94 84 2.0797185440163752 5 93 4 76 9 109
2672 -2.5227805553584077 -5.8812734572864205 3.3868063623418858 135 129 121 0.18800718509210704 5 92 4 99
2678 -2.6001173043644719 -6.0693414694353027 3.3674929508223439 69 68 56 1.9313842788046636 5 78 4 98 3 95
2684 2.709141368774084 -5.8541671486323992 5.0448370758238132 253 250 236 0.371948237986022 16 35 18 37 13 35 19 35 17 34 15 34 14 43 12 41 11 55 6 56 9 39 10 40 7 28 5 24 8 28 2 29 1 28 3 32 4 33 20 28 22 27 26 22 13 27 16 29 18 32 21 25 19 27 17 28 15 30 14 35 12 36 11 51 6 50 9 44 10 34 7 31 5 27
2685 2.7485544308639991 7.1746841252452391 3.6820689077103737 0 0 0 2.1071666898585049 26 20 31 14 20 24
2686 2.0000572352002863 6.9803073741128099 3.5760844397300748 0 0 0 1.0453280341457445 20 43 53 34 40 21 35 25 38 29 39 39 41 30 61 31 56 31 58 29 54 26 59 34 66 26 24 22 28 30 46 29 52 32 62 28 55 26 36 38 34 28 42 28 25 29 28 22
2688 21.391511344694571 1.8030502781881248 5.6357740691373204 0 0 0 1.479597335774208 20 69 30 68 21 68 22 68
2689 0.93827808873063456 6.217487638819537 3.5454528815170905 0 0 0 1.0920373312055007 20 89 30 84 27 54
2690 2.758920807155405 10.652141899155763 4.5294283216862992 0 0 0 1.4405394920705648 13 103 31 77 16 117
2691 -0.96638113905188894 -11.246819375935393 5.1741676553373255 0 0 0 0.9850013850428937 16 112 80 79 15 115
