# Image list with two lines of data per image:
#   IMAGE_ID, QW, QX, QY, QZ, TX, TY, TZ, CAMERA_ID, NAME
#   POINTS2D[] as (X, Y, POINT3D_ID)
# Number of images: 38, mean observations per image: 97.236842105263165
94 0.9984330296433549 0.019690899602967021 0.028675275775557629 0.043834716255648956 -3.5011378635392179 5.7276664466055198 -5.8804093464871405 1 000093.png
96.776397705078125 79.261917114257812 -1 172.08818054199219 127.93670654296875 -1 125.27438354492188 208.07633972167969 -1 125.27438354492188 208.07633972167969 -1 191.63198852539062 66.917259216308594 -1 191.63198852539062 66.917259216308594 -1 127.64091491699219 155.80503845214844 457 234.80886840820312 106.51689910888672 478 234.80886840820312 106.51689910888672 408 185.91439819335938 55.271171569824219 -1 114.50303649902344 25.910121917724609 -1 239.53150939941406 130.52630615234375 328 232.57968139648438 234.75631713867188 -1 231.1448974609375 82.374191284179688 -1 126.99120330810547 14.003799438476562 -1 99.276756286621094 30.869552612304688 -1 189.07643127441406 52.841407775878906 -1 214.79768371582031 69.62200927734375 -1 166.93144226074219 79.3406982421875 -1 99.276756286621094 30.869552612304688 -1 166.93144226074219 79.3406982421875 -1 194.94184875488281 164.45187377929688 169 136.8450927734375 36.279590606689453 -1 201.36949157714844 59.588790893554688 -1 226.5767822265625 98.563400268554688 435 172.2398681640625 51.322635650634766 -1 240.79893493652344 93.363479614257812 -1 226.5767822265625 98.563400268554688 437 151.873291015625 119.13577270507812 495 154.07829284667969 90.653358459472656 -1 215.07452392578125 176.08432006835938 497 131.86880493164062 179.68089294433594 -1 156.50567626953125 76.985427856445312 -1 156.50567626953125 76.985427856445312 -1 39.121349334716797 57.175800323486328 484 199.66360473632812 235.48637390136719 347 131.86880493164062 179.68089294433594 -1 154.07829284667969 90.653358459472656 -1 156.50567626953125 76.985427856445312 -1 34.697715759277344 36.546646118164062 -1 7.7285857200622559 66.093238830566406 -1 217.58882141113281 69.471145629882812 -1 196.66682434082031 96.622711181640625 309 86.662193298339844 22.38427734375 442 54.913536071777344 26.558069229125977 -1 134.51846313476562 33.542381286621094 -1 38.658580780029297 48.908779144287109 147 30.333654403686523 63.139259338378906 -1 180.66397094726562 44.602638244628906 -1 244.40788269042969 86.012496948242188 -1 222.36021423339844 106.55638122558594 428 174.62931823730469 95.266899108886719 -1 168.04838562011719 90.999099731445312 -1 182.37942504882812 146.27580261230469 357 7.8788533210754395 31.646835327148438 -1 200.92799377441406 57.865657806396484 -1 132.2991943359375 181.17355346679688 -1 174.62931823730469 95.266899108886719 -1 132.2991943359375 181.17355346679688 -1 244.12564086914062 120.09359741210938 411 38.658580780029297 48.908779144287109 188 134.51846313476562 33.542381286621094 -1 134.51846313476562 33.542381286621094 -1 164.58061218261719 48.3358154296875 -1 164.58061218261719 48.3358154296875 -1 180.11712646484375 94.196128845214844 -1 252.11764526367188 109.18001556396484 -1 197.71505737304688 147.43038940429688 -1 169.95457458496094 63.105228424072266 -1 169.95457458496094 63.105228424072266 -1 3.7414343357086182 77.331321716308594 -1 252.7861328125 91.225006103515625 -1 99.299674987792969 20.198625564575195 -1 110.07102966308594 24.081981658935547 -1 174.0025634765625 39.414260864257812 -1 112.97548675537109 43.741928100585938 -1 11.195598602294922 46.089698791503906 -1 178.22273254394531 53.443626403808594 -1 169.95457458496094 63.105228424072266 -1 227.57676696777344 74.23870849609375 -1 3.7414343357086182 77.331321716308594 -1 172.18217468261719 87.870208740234375 -1 227.54380798339844 89.602592468261719 -1 127.91648101806641 33.446041107177734 -1 68.110992431640625 44.455406188964844 -1 64.432098388671875 46.870380401611328 -1 15.367911338806152 47.806415557861328 -1 3.2051985263824463 64.313430786132812 -1 54.717330932617188 49.053482055664062 -1 195.37184143066406 164.52388000488281 501 237.13653564453125 97.692512512207031 475 242.78251647949219 107.44255065917969 502 250.39187622070312 112.46139526367188 445 174.01594543457031 128.22988891601562 -1 177.13224792480469 130.84793090820312 503 191.85963439941406 143.51220703125 322 41.810985565185547 53.67364501953125 360 103.97710418701172 9.5292825698852539 -1 98.080879211425781 16.150455474853516 -1 122.267333984375 26.95941162109375 -1 88.037162780761719 28.889492034912109 505 11.331297874450684 30.598377227783203 -1 236.6468505859375 87.080101013183594 -1 126.258544921875 30.655387878417969 -1 151.5181884765625 75.739707946777344 -1 122.267333984375 26.95941162109375 -1 3.2051985263824463 64.313430786132812 -1 100.57865905761719 8.6802577972412109 -1 11.233918190002441 69.703720092773438 426 9.907588005065918 73.716056823730469 341 123.59795379638672 7.316063404083252 -1 175.24919128417969 100.65085601806641 -1 68.036293029785156 41.011318206787109 -1 166.24147033691406 89.135696411132812 -1 110.97776031494141 85.479827880859375 -1 154.87202453613281 72.411567687988281 -1 6.9812297821044922 70.271415710449219 -1 35.226737976074219 50.944919586181641 -1 17.629112243652344 45.791770935058594 -1 169.56147766113281 39.982486724853516 -1 71.485725402832031 38.825489044189453 -1 11.291040420532227 37.630722045898438 -1 116.76820373535156 36.692111968994141 -1 108.85503387451172 35.938529968261719 -1 9.9655170440673828 34.356342315673828 -1 96.895011901855469 23.210718154907227 -1 86.701576232910156 14.292404174804688 508 108.85503387451172 35.938529968261719 -1 11.291040420532227 37.630722045898438 -1 169.56147766113281 39.982486724853516 -1 110.97776031494141 85.479827880859375 -1 166.24147033691406 89.135696411132812 -1 166.24147033691406 89.135696411132812 -1 9.9655170440673828 34.356342315673828 -1 175.24919128417969 100.65085601806641 -1 89.357688903808594 18.804815292358398 -1 96.895011901855469 23.210718154907227 -1 9.5848512649536133 26.99180793762207 -1 4.7584066390991211 29.964321136474609 -1 4.9678215980529785 32.977020263671875 -1 181.132568359375 89.094718933105469 -1 211.11091613769531 166.44778442382812 -1 181.132568359375 89.094718933105469 -1 
95 0.99857166519156382 0.019980211943216444 0.023385142089735533 0.043687020231349155 -2.8932759711828466 5.3088472120117016 -5.2159237695645251 1 000094.png
99.53594970703125 81.986923217773438 -1 123.40192413330078 207.06498718261719 -1 123.40192413330078 207.06498718261719 -1 190.41423034667969 65.742156982421875 -1 212.24896240234375 229.10519409179688 122 24.594661712646484 80.522483825683594 272 126.91334533691406 156.0836181640625 457 24.594661712646484 80.522483825683594 273 31.094074249267578 57.051612854003906 129 55.675014495849609 233.80239868164062 -1 55.675014495849609 233.80239868164062 -1 215.25811767578125 91.341720581054688 432 114.43617248535156 25.980670928955078 -1 234.24333190917969 102.22460174560547 408 190.07710266113281 94.554328918457031 -1 234.24333190917969 102.22460174560547 478 114.43617248535156 25.980670928955078 -1 190.07710266113281 94.554328918457031 -1 237.83210754394531 123.37348937988281 328 127.13495635986328 14.550027847290039 -1 188.83612060546875 52.781425476074219 -1 11.487436294555664 68.017860412597656 -1 228.659423828125 79.29974365234375 -1 166.7117919921875 79.61138916015625 -1 166.7117919921875 79.61138916015625 -1 120.98129272460938 37.838542938232422 -1 199.88267517089844 219.8231201171875 347 248.17897033691406 89.806686401367188 -1 172.20046997070312 51.251621246337891 -1 131.09605407714844 177.07742309570312 -1 225.25759887695312 93.011619567871094 435 225.25759887695312 93.011619567871094 437 131.09605407714844 177.07742309570312 -1 131.09605407714844 177.07742309570312 -1 24.158737182617188 65.852699279785156 -1 131.09605407714844 177.07742309570312 -1 248.17897033691406 89.806686401367188 -1 101.48802947998047 44.054721832275391 -1 43.329494476318359 54.77593994140625 484 166.20098876953125 35.711013793945312 -1 156.6285400390625 77.025337219238281 -1 156.6285400390625 77.025337219238281 -1 156.6285400390625 77.025337219238281 -1 187.31221008300781 145.22787475585938 -1 16.693212509155273 62.085559844970703 336 89.371696472167969 21.461606979370117 442 134.09623718261719 33.470470428466797 -1 180.67340087890625 44.560382843017578 -1 43.273056030273438 46.811862945556641 147 43.273056030273438 46.811862945556641 188 134.09623718261719 33.470470428466797 -1 134.09623718261719 33.470470428466797 -1 220.44844055175781 162.6748046875 -1 165.36882019042969 124.96319580078125 479 196.94139099121094 91.386032104492188 309 168.06889343261719 91.02276611328125 -1 241.67008972167969 113.20798492431641 411 239.91233825683594 87.385345458984375 -1 221.73356628417969 83.210952758789062 -1 11.885893821716309 72.243927001953125 311 9.8810997009277344 63.951835632324219 156 5.7827291488647461 80.136856079101562 -1 103.52787780761719 51.029998779296875 -1 151.70870971679688 103.62813568115234 -1 174.52021789550781 95.174102783203125 -1 9.8810997009277344 63.951835632324219 175 151.70870971679688 103.62813568115234 -1 174.52021789550781 95.174102783203125 -1 168.06889343261719 91.02276611328125 -1 11.885893821716309 72.243927001953125 256 172.20236206054688 87.866828918457031 -1 180.12339782714844 94.152732849121094 -1 221.34408569335938 100.61011505126953 428 164.21087646484375 102.04917144775391 -1 255.00691223144531 106.88662719726562 -1 149.63278198242188 122.98188781738281 -1 192.42770385742188 136.09954833984375 322 165.00100708007812 49.143814086914062 -1 169.92250061035156 63.166057586669922 -1 164.21087646484375 102.04917144775391 -1 110.07949829101562 23.267549514770508 -1 255.00691223144531 106.88662719726562 -1 151.140625 25.196584701538086 -1 57.112815856933594 26.823135375976562 -1 112.98220062255859 43.764556884765625 -1 165.00100708007812 49.143814086914062 -1 178.32185363769531 53.373191833496094 -1 169.92250061035156 63.166057586669922 -1 216.47381591796875 67.578269958496094 -1 126.50064849853516 9.2423105239868164 -1 235.412841796875 92.006523132324219 475 128.00688171386719 33.419334411621094 -1 155.73567199707031 27.580438613891602 -1 125.41180419921875 38.657238006591797 -1 22.332061767578125 45.423927307128906 444 56.523571014404297 52.351478576660156 -1 19.541177749633789 65.366584777832031 426 18.699298858642578 69.230453491210938 341 126.14749908447266 30.651981353759766 -1 178.54179382324219 124.75543975830078 503 187.43310546875 132.411865234375 -1 110.80937194824219 84.816459655761719 -1 151.56925964355469 75.662422180175781 -1 100.51290130615234 8.7212429046630859 -1 104.21135711669922 9.4470109939575195 -1 90.348785400390625 28.059818267822266 505 14.374269485473633 30.568222045898438 -1 110.80937194824219 84.816459655761719 -1 175.75103759765625 48.980442047119141 -1 90.348785400390625 28.059818267822266 447 14.374269485473633 30.568222045898438 -1 14.374269485473633 30.568222045898438 -1 14.374269485473633 30.568222045898438 -1 125.41180419921875 38.657238006591797 -1 250.85603332519531 111.53309631347656 -1 247.66915893554688 105.61852264404297 445 250.85603332519531 111.53309631347656 474 172.53355407714844 119.92596435546875 -1 168.03782653808594 117.05664825439453 -1 163.53875732421875 116.49528503417969 -1 250.94288635253906 107.83272552490234 -1 165.93893432617188 101.00418853759766 -1 175.58172607421875 100.54087066650391 -1 234.71952819824219 94.919754028320312 482 239.8592529296875 89.359161376953125 -1 172.15946960449219 89.343315124511719 -1 51.123405456542969 48.55950927734375 -1 166.22291564941406 89.084014892578125 -1 241.43772888183594 85.349655151367188 -1 11.301693916320801 70.647377014160156 -1 16.00874137878418 66.323539733886719 -1 11.438323974609375 60.246517181396484 336 46.229724884033203 51.452602386474609 360 59.352016448974609 49.89593505859375 -1 42.845085144042969 47.977848052978516 -1 23.513788223266602 48.098560333251953 -1 169.62458801269531 40.089599609375 -1 23.513788223266602 48.098560333251953 -1 51.123405456542969 48.55950927734375 -1 91.861732482910156 17.824590682983398 -1 112.89793395996094 25.823919296264648 -1 166.22291564941406 89.084014892578125 -1 108.87858581542969 36.048667907714844 -1 175.58172607421875 100.54087066650391 -1 165.93893432617188 101.00418853759766 -1 250.94288635253906 107.83272552490234 469 163.53875732421875 116.49528503417969 470 163.53875732421875 116.49528503417969 443 150.33088684082031 123.98209381103516 -1 150.33088684082031 123.98209381103516 -1 166.22291564941406 89.084014892578125 -1 116.85100555419922 36.657787322998047 -1 169.62458801269531 40.089599609375 -1 71.513389587402344 43.018882751464844 -1 64.855575561523438 43.421791076660156 483 190.85501098632812 252.36393737792969 -1 103.01369476318359 44.195404052734375 -1 114.55840301513672 127.68046569824219 -1 150.33088684082031 123.98209381103516 -1 133.27096557617188 184.78321838378906 -1 181.18234252929688 89.11798095703125 -1 133.27096557617188 184.78321838378906 -1 181.18234252929688 89.11798095703125 -1 
96 0.99838003432752043 0.020119419453998109 0.029093736913495535 0.044565350771889813 -2.8593138002581227 4.8791422519987355 -4.5854330034705839 1 000095.png
101.88732147216797 84.107460021972656 406 122.78008270263672 204.58001708984375 -1 189.52471923828125 65.052017211914062 -1 214.624755859375 221.261474609375 -1 32.820938110351562 77.697952270507812 272 126.65453338623047 154.59660339355469 457 32.820938110351562 77.697952270507812 273 91.134010314941406 27.468206405639648 -1 170.17208862304688 114.05355834960938 462 114.44890594482422 25.968505859375 -1 157.58181762695312 36.354984283447266 -1 37.511348724365234 54.460601806640625 129 186.32524108886719 55.283489227294922 -1 191.24772644042969 91.221664428710938 -1 233.68402099609375 97.994606018066406 478 214.36631774902344 86.240425109863281 432 235.8585205078125 116.34902191162109 328 80.480262756347656 237.4439697265625 -1 205.50782775878906 65.920677185058594 -1 80.480262756347656 237.4439697265625 -1 233.68402099609375 97.994606018066406 408 127.34430694580078 14.949295997619629 -1 188.64361572265625 52.946861267089844 -1 20.190793991088867 64.28546142578125 252 225.74790954589844 76.512535095214844 450 166.88163757324219 79.376991271972656 -1 247.16194152832031 91.689071655273438 451 221.05870056152344 109.996337890625 295 211.01274108886719 138.13655090332031 277 166.88163757324219 79.376991271972656 -1 120.99257659912109 37.796051025390625 -1 218.62699890136719 240.87692260742188 -1 101.43120574951172 32.151519775390625 -1 172.23286437988281 51.32098388671875 -1 46.763828277587891 52.916095733642578 484 11.103163719177246 66.704154968261719 306 240.71684265136719 162.08757019042969 172 11.103163719177246 66.704154968261719 253 134.72846984863281 34.493484497070312 -1 174.38792419433594 95.076408386230469 -1 156.63400268554688 77.042953491210938 -1 168.0960693359375 91.068794250488281 -1 174.38792419433594 95.076408386230469 -1 168.0960693359375 91.068794250488281 -1 156.63400268554688 77.042953491210938 -1 6.6564717292785645 75.008445739746094 -1 14.588074684143066 75.431159973144531 257 134.72846984863281 34.493484497070312 -1 224.262939453125 87.786384582519531 435 154.12882995605469 90.432258605957031 -1 167.85250854492188 121.57998657226562 479 225.79461669921875 122.03091430664062 284 200.13227844238281 207.41397094726562 347 6.6564717292785645 75.008445739746094 -1 156.63400268554688 77.042953491210938 -1 224.262939453125 87.786384582519531 437 154.12882995605469 90.432258605957031 -1 101.98365783691406 43.796981811523438 -1 134.72846984863281 34.493484497070312 -1 47.738265991210938 44.787250518798828 147 164.59709167480469 48.314834594726562 -1 24.844692230224609 58.552169799804688 336 20.052513122558594 68.085548400878906 311 196.75019836425781 86.640296936035156 309 239.72836303710938 106.91271209716797 411 245.68075561523438 109.1630859375 440 183.88053894042969 133.255615234375 357 132.43547058105469 182.11843872070312 -1 200.80776977539062 251.19277954101562 -1 172.34066772460938 87.772552490234375 -1 20.052513122558594 68.085548400878906 256 164.59709167480469 48.314834594726562 -1 47.738265991210938 44.787250518798828 188 220.33052062988281 95.029830932617188 428 180.62539672851562 44.546253204345703 -1 20.052513122558594 68.085548400878906 289 152.76971435546875 26.977941513061523 -1 165.00372314453125 49.212879180908203 -1 178.14370727539062 53.523567199707031 -1 169.9268798828125 63.167488098144531 -1 243.12405395507812 84.533981323242188 -1 180.11415100097656 94.210945129394531 -1 18.426828384399414 60.092140197753906 156 166.24256896972656 112.53377532958984 -1 114.86032867431641 6.8453431129455566 -1 91.336677551269531 20.463460922241211 442 109.95336151123047 23.618824005126953 -1 173.94465637207031 39.367279052734375 -1 166.24256896972656 112.53377532958984 470 166.24256896972656 112.53377532958984 443 165.00372314453125 49.212879180908203 -1 18.426828384399414 60.092140197753906 175 169.9268798828125 63.167488098144531 -1 30.24626350402832 42.458934783935547 444 50.933647155761719 49.254478454589844 360 20.529487609863281 56.037742614746094 336 151.53515625 75.754753112792969 -1 231.37063598632812 88.792221069335938 -1 245.43730163574219 99.659599304199219 445 252.84022521972656 104.6590576171875 469 22.934299468994141 28.377269744873047 -1 192.62294006347656 129.49516296386719 322 126.15675354003906 30.67805290222168 -1 128.08514404296875 33.356666564941406 -1 108.99372863769531 35.260665893554688 -1 193.81126403808594 231.03453063964844 -1 92.391815185546875 27.204164505004883 447 93.872505187988281 5.3480944633483887 -1 100.44337463378906 8.609832763671875 -1 104.14076232910156 9.516143798828125 -1 94.905998229980469 17.711782455444336 -1 22.934299468994141 28.377269744873047 -1 93.872505187988281 5.3480944633483887 -1 92.391815185546875 27.204164505004883 505 22.934299468994141 28.377269744873047 -1 233.47257995605469 86.839950561523438 475 247.59652709960938 87.099830627441406 -1 166.22708129882812 89.145095825195312 -1 240.06446838378906 90.701644897460938 -1 232.55120849609375 96.352005004882812 448 237.91328430175781 83.85052490234375 -1 241.46163940429688 99.669486999511719 -1 107.3779296875 145.86875915527344 -1 195.11335754394531 227.63285827636719 -1 172.86167907714844 80.635574340820312 -1 235.49214172363281 78.680305480957031 452 21.467430114746094 69.007369995117188 -1 26.011451721191406 65.915748596191406 341 33.094814300537109 47.519176483154297 -1 116.82565307617188 36.664840698242188 -1 166.22708129882812 89.145095825195312 -1 107.3779296875 145.86875915527344 -1 90.753860473632812 5.7106118202209473 -1 119.72840881347656 34.82708740234375 -1 95.988990783691406 25.086223602294922 -1 111.16492462158203 85.848274230957031 -1 191.14076232910156 237.25314331054688 -1 91.677970886230469 12.463637351989746 508 21.467430114746094 69.007369995117188 -1 181.11106872558594 89.066413879394531 -1 232.85299682617188 89.6710205078125 482 112.05558013916016 6.2200942039489746 -1 112.05558013916016 6.2200942039489746 422 
97 0.99847133980907854 0.022040252700868502 0.026078785115342243 0.043463867840463896 -2.4617805196778502 4.7207815543063187 -4.2191697742956995 1 000096.png
102.30867767333984 84.055770874023438 406 121.20504760742188 202.62409973144531 -1 189.21035766601562 64.818748474121094 -1 34.242481231689453 77.827713012695312 272 213.55097961425781 211.22389221191406 122 34.242481231689453 77.827713012695312 273 213.55097961425781 211.22389221191406 116 91.976737976074219 26.313533782958984 -1 180.60870361328125 31.13365364074707 -1 114.4678955078125 25.909219741821289 -1 157.94517517089844 36.479175567626953 -1 40.466743469238281 53.033561706542969 129 186.38203430175781 55.312877655029297 -1 171.074462890625 111.24840545654297 462 114.35590362548828 175.47590637207031 -1 114.35590362548828 175.47590637207031 -1 235.31210327148438 112.80366516113281 328 205.62800598144531 65.070510864257812 -1 213.93853759765625 83.575088500976562 432 233.60462951660156 95.029876708984375 478 233.60462951660156 95.029876708984375 408 127.39437866210938 14.954631805419922 -1 166.85089111328125 79.464073181152344 -1 220.60020446777344 106.29471588134766 295 211.37823486328125 133.88284301757812 277 195.15385437011719 145.10250854492188 169 178.69938659667969 242.66888427734375 -1 188.96675109863281 53.036502838134766 -1 166.85089111328125 79.464073181152344 -1 120.76072692871094 37.907756805419922 -1 223.49909973144531 74.722198486328125 450 15.925402641296387 64.388534545898438 253 49.901725769042969 51.420555114746094 484 101.76479339599609 32.519580841064453 -1 172.22064208984375 51.235172271728516 -1 15.925402641296387 64.388534545898438 306 246.32939147949219 90.089607238769531 451 246.99360656738281 181.97856140136719 -1 89.130615234375 3.1682653427124023 -1 89.130615234375 3.1682653427124023 -1 166.15214538574219 35.751716613769531 -1 156.63301086425781 77.065536499023438 -1 154.14457702636719 90.332450866699219 -1 29.361763000488281 56.097015380859375 336 199.79005432128906 200.68214416503906 347 8.1939563751220703 79.478630065917969 255 224.04621887207031 84.718734741210938 435 19.166826248168945 73.057441711425781 257 188.83425903320312 134.93095397949219 -1 250.1241455078125 231.45616149902344 -1 174.392578125 95.071685791015625 -1 168.1063232421875 91.094635009765625 -1 174.392578125 95.071685791015625 -1 168.1063232421875 91.094635009765625 -1 156.63301086425781 77.065536499023438 -1 19.166826248168945 73.057441711425781 419 19.166826248168945 73.057441711425781 290 156.63301086425781 77.065536499023438 -1 224.04621887207031 84.718734741210938 437 154.14457702636719 90.332450866699219 -1 102.40708923339844 43.659839630126953 -1 24.406675338745117 65.818595886230469 289 24.406675338745117 65.818595886230469 256 134.30538940429688 33.558662414550781 -1 228.73269653320312 102.64248657226562 466 103.59014129638672 50.653129577636719 -1 180.65547180175781 44.521266937255859 -1 24.406675338745117 65.818595886230469 311 225.48207092285156 118.41915130615234 284 201.29988098144531 242.29725646972656 421 244.85530090332031 105.61109161376953 440 44.529476165771484 33.603729248046875 413 228.73269653320312 102.64248657226562 467 134.30538940429688 33.558662414550781 -1 163.47348022460938 103.23477172851562 -1 197.02079772949219 84.233253479003906 309 163.47348022460938 103.23477172851562 -1 52.423191070556641 51.603458404541016 484 178.20162963867188 53.387596130371094 -1 22.829914093017578 57.998981475830078 156 169.92156982421875 63.185619354248047 -1 243.98539733886719 85.117919921875 -1 172.22843933105469 87.950340270996094 -1 220.03302001953125 92.012908935546875 428 78.650482177734375 252.06474304199219 -1 180.14274597167969 94.203819274902344 -1 93.821548461914062 26.30986213684082 447 114.90251922607422 6.7636556625366211 -1 92.552337646484375 19.554231643676758 442 112.97027587890625 43.755168914794922 -1 164.8184814453125 48.840450286865234 -1 164.8184814453125 48.840450286865234 -1 22.829914093017578 57.998981475830078 175 169.92156982421875 63.185619354248047 -1 243.98539733886719 85.117919921875 -1 132.9178466796875 183.89546203613281 -1 128.83767700195312 36.815895080566406 -1 63.098217010498047 44.972457885742188 -1 128.03326416015625 33.386909484863281 -1 4.6962032318115234 49.660987854003906 -1 197.66177368164062 129.09445190429688 322 114.04227447509766 2.1772956848144531 422 94.003387451171875 5.3251590728759766 -1 100.43453979492188 8.5391435623168945 -1 103.98509216308594 9.6394205093383789 -1 151.55740356445312 75.7138671875 -1 25.343692779541016 53.931110382080078 336 237.06062316894531 91.620773315429688 502 244.5504150390625 96.222122192382812 445 166.94432067871094 109.12009429931641 443 94.003387451171875 5.3251590728759766 -1 166.94432067871094 109.12009429931641 -1 132.9178466796875 183.89546203613281 -1 252.05511474609375 101.14788818359375 469 244.25450134277344 102.08946228027344 423 166.94432067871094 109.12009429931641 470 74.982452392578125 37.564540863037109 483 116.88209533691406 36.638633728027344 -1 217.41166687011719 144.55253601074219 -1 126.72419738769531 30.640256881713867 -1 27.532793045043945 26.890522003173828 -1 92.759147644042969 11.338829040527344 508 108.84971618652344 35.929176330566406 -1 166.22456359863281 89.1641845703125 -1 247.52731323242188 101.55792236328125 474 177.63388061523438 78.723312377929688 -1 192.51445007324219 125.93315124511719 322 232.68379211425781 83.531684875488281 475 27.532793045043945 26.890522003173828 -1 108.84971618652344 35.929176330566406 -1 224.20489501953125 76.399986267089844 -1 166.22456359863281 89.1641845703125 -1 247.52731323242188 101.55792236328125 -1 30.177452087402344 63.524471282958984 341 31.656013488769531 59.428401947021484 426 40.994361877441406 40.682453155517578 -1 6.9351696968078613 53.899703979492188 359 53.077854156494141 47.884346008300781 360 169.58441162109375 40.047134399414062 -1 123.0775146484375 39.456005096435547 -1 169.58441162109375 40.047134399414062 -1 181.12394714355469 89.0723876953125 -1 
98 0.99865449312529386 0.018552457532595039 0.021146544857550232 0.043564128830396176 -1.9214339331272445 4.1566266390417663 -3.5717258617995173 1 000097.png
103.34099578857422 84.505950927734375 406 81.712806701660156 43.220970153808594 -1 113.55023956298828 209.41802978515625 -1 81.712806701660156 43.220970153808594 -1 188.57647705078125 63.694839477539062 -1 38.119789123535156 77.3199462890625 272 126.31793212890625 151.93522644042969 457 212.01969909667969 198.72752380371094 116 212.01969909667969 198.72752380371094 122 92.799301147460938 25.911045074462891 -1 180.79313659667969 31.282882690429688 -1 218.67941284179688 233.81575012207031 -1 114.52159118652344 25.825700759887695 -1 158.59519958496094 36.823429107666016 -1 45.966907501220703 50.792469024658203 129 70.204002380371094 200.92575073242188 417 191.29531860351562 235.22720336914062 -1 114.52159118652344 25.825700759887695 -1 232.92692565917969 107.34888458251953 328 128.48492431640625 16.159221649169922 -1 120.64295959472656 38.011531829833984 -1 11.018368721008301 53.699630737304688 427 188.83583068847656 53.132606506347656 -1 204.66838073730469 63.289768218994141 -1 166.78515625 79.659568786621094 -1 212.24484252929688 80.052223205566406 432 231.62144470214844 90.52978515625 408 170.67941284179688 106.55177307128906 462 210.15132141113281 127.99427795410156 277 11.018368721008301 53.699630737304688 -1 220.38420104980469 71.900993347167969 450 243.32435607910156 86.957427978515625 451 246.41081237792969 111.39816284179688 352 53.378681182861328 49.560867309570312 484 93.062751770019531 7.6862034797668457 -1 219.19270324707031 101.71976470947266 295 23.361259460449219 59.838935852050781 253 243.32435607910156 86.957427978515625 -1 247.29252624511719 219.20368957519531 -1 172.21368408203125 51.176315307617188 -1 214.42857360839844 247.20303344726562 -1 31.630313873291016 58.173599243164062 252 247.29252624511719 219.20368957519531 -1 237.48921203613281 149.82406616210938 172 23.361259460449219 59.838935852050781 306 156.6026611328125 77.270423889160156 -1 134.88771057128906 34.514034271240234 -1 156.6026611328125 77.270423889160156 -1 194.00027465820312 54.080623626708984 -1 156.6026611328125 77.270423889160156 -1 188.21878051757812 129.08360290527344 -1 199.2811279296875 189.93328857421875 347 80.265548706054688 245.5364990234375 -1 174.35420227050781 95.039016723632812 -1 134.88771057128906 34.514034271240234 -1 174.35420227050781 95.039016723632812 -1 92.703483581542969 5.9491062164306641 -1 102.68055725097656 44.057907104492188 -1 180.60983276367188 44.521003723144531 -1 158.06411743164062 102.94566345214844 -1 183.50753784179688 123.71751403808594 357 222.34336853027344 80.946037292480469 435 196.42353820800781 80.501655578613281 309 16.119972229003906 75.231498718261719 255 35.861492156982422 52.988170623779297 336 223.73577880859375 112.71642303466797 284 26.569868087768555 68.894989013671875 419 26.569868087768555 68.894989013671875 257 31.439201354980469 61.950294494628906 311 222.34336853027344 80.946037292480469 437 31.439201354980469 61.950294494628906 289 31.439201354980469 61.950294494628906 256 92.703483581542969 5.9491062164306641 -1 164.67984008789062 48.646381378173828 -1 201.14657592773438 57.740215301513672 -1 53.463600158691406 41.741634368896484 147 53.463600158691406 41.741634368896484 188 235.11463928222656 156.03541564941406 263 132.59774780273438 182.86100769042969 -1 30.267454147338867 54.125881195068359 175 169.88932800292969 63.228759765625 -1 164.16958618164062 102.37670135498047 -1 246.88291931152344 108.65597534179688 414 109.24626922607422 35.148815155029297 -1 13.617330551147461 45.377780914306641 358 104.01480102539062 50.169601440429688 -1 16.70794677734375 51.180335998535156 420 178.36436462402344 53.222274780273438 -1 30.267454147338867 54.125881195068359 156 169.88932800292969 63.228759765625 -1 218.58155822753906 87.904777526855469 428 180.14108276367188 94.167106628417969 -1 236.42941284179688 98.330192565917969 411 242.11796569824219 100.73610687255859 440 164.16958618164062 102.37670135498047 495 246.88291931152344 108.65597534179688 412 242.11225891113281 91.941986083984375 445 248.86190795898438 96.285110473632812 -1 100.05607604980469 8.2553634643554688 -1 95.988311767578125 25.817853927612305 447 240.44596862792969 82.411453247070312 -1 236.01467895507812 79.403671264648438 -1 126.24232482910156 30.66493034362793 -1 234.64205932617188 87.498756408691406 502 128.24703979492188 33.255344390869141 -1 248.86190795898438 96.285110473632812 469 242.11225891113281 91.941986083984375 -1 238.57554626464844 155.02218627929688 -1 201.07160949707031 227.54878234863281 421 100.05607604980469 8.2553634643554688 -1 70.711219787597656 40.851226806640625 -1 62.531532287597656 45.566913604736328 -1 3.9481122493743896 47.344406127929688 -1 5.9426383972167969 50.123943328857422 -1 100.05607604980469 8.2553634643554688 -1 26.052986145019531 55.583980560302734 -1 151.54255676269531 75.694709777832031 -1 167.4940185546875 104.61686706542969 470 111.31237030029297 6.1503353118896484 422 241.2093505859375 97.189071655273438 423 165.97262573242188 101.39179992675781 -1 179.64048767089844 110.90402221679688 503 179.51377868652344 113.83821105957031 -1 150.33648681640625 124.09719848632812 -1 195.1893310546875 137.86090087890625 501 233.90423583984375 92.656585693359375 -1 130.75498962402344 35.218116760253906 -1 166.23591613769531 89.182998657226562 -1 224.28005981445312 87.779899597167969 -1 111.13294219970703 85.74603271484375 -1 172.59181213378906 80.670646667480469 -1 230.55305480957031 79.938018798828125 475 236.03114318847656 75.954963684082031 -1 230.80209350585938 75.547752380371094 452 27.879182815551758 65.357467651367188 -1 36.999275207519531 59.700782775878906 341 8.0805702209472656 58.41217041015625 425 38.473575592041016 56.316318511962891 426 31.773929595947266 50.612022399902344 336 190.08859252929688 49.498031616210938 -1 7.0279622077941895 47.016208648681641 -1 111.31237030029297 6.1503353118896484 -1 169.68995666503906 40.068641662597656 -1 169.68995666503906 40.068641662597656 -1 27.879182815551758 65.357467651367188 -1 230.55305480957031 79.938018798828125 -1 165.97262573242188 101.39179992675781 -1 167.4940185546875 104.61686706542969 -1 167.4940185546875 104.61686706542969 443 150.33648681640625 124.09719848632812 -1 166.23591613769531 89.182998657226562 -1 241.2093505859375 97.189071655273438 -1 56.777091979980469 46.011974334716797 360 8.2565956115722656 55.396305084228516 264 116.94982147216797 36.62554931640625 -1 40.395233154296875 38.073902130126953 444 40.395233154296875 38.073902130126953 -1 170.83381652832031 107.20688629150391 -1 34.683006286621094 24.774299621582031 -1 34.683006286621094 24.774299621582031 -1 181.09202575683594 89.043365478515625 -1 170.83381652832031 107.20688629150391 443 181.09202575683594 89.043365478515625 -1 229.9051513671875 88.970420837402344 448 34.683006286621094 24.774299621582031 -1 
99 0.9987356205167085 0.016755776053995992 0.020944080246914298 0.042517640839357017 -1.7277285332260297 3.7998205648236931 -3.2063161143510204 1 000098.png
104.05667877197266 83.553443908691406 406 81.825096130371094 40.470493316650391 271 81.825096130371094 40.470493316650391 -1 41.237911224365234 76.136680603027344 272 188.28253173828125 63.477241516113281 -1 126.40015411376953 150.82168579101562 457 117.2008056640625 224.10691833496094 -1 92.779258728027344 26.02088737487793 -1 180.90486145019531 31.385133743286133 -1 210.84272766113281 190.80851745605469 116 219.78108215332031 226.3460693359375 -1 210.84272766113281 190.80851745605469 122 219.78108215332031 226.3460693359375 -1 12.189416885375977 72.187637329101562 112 192.43984985351562 227.79803466796875 -1 158.9830322265625 37.042476654052734 -1 114.5115966796875 25.797161102294922 -1 12.189416885375977 72.187637329101562 299 114.5115966796875 25.797161102294922 -1 128.40646362304688 16.00145149230957 -1 49.236244201660156 49.329116821289062 129 244.76443481445312 133.11209106445312 210 232.38742065429688 103.77683258056641 328 120.49019622802734 38.097560882568359 -1 189.5406494140625 53.243766784667969 -1 211.39080810546875 77.800140380859375 432 166.81741333007812 79.554847717285156 -1 210.11935424804688 124.11474609375 277 244.3824462890625 170.81309509277344 -1 180.78849792480469 219.17109680175781 -1 78.452690124511719 233.52383422851562 -1 10.427824974060059 61.053813934326172 -1 180.78849792480469 219.17109680175781 -1 78.452690124511719 233.52383422851562 -1 10.427824974060059 61.053813934326172 -1 87.881385803222656 220.53221130371094 -1 245.6051025390625 107.34618377685547 352 172.09332275390625 51.105213165283203 -1 170.68730163574219 103.41988372802734 462 219.08805847167969 98.582763671875 295 231.42155456542969 87.437088012695312 408 204.61666870117188 62.204521179199219 -1 35.438430786132812 56.749324798583984 252 55.111804962158203 48.427803039550781 484 151.96481323242188 46.94537353515625 -1 94.28582763671875 8.5057010650634766 -1 219.08805847167969 98.582763671875 409 27.554611206054688 58.321632385253906 306 19.540182113647461 72.827857971191406 255 156.60231018066406 77.297439575195312 -1 162.0478515625 85.388648986816406 -1 154.16932678222656 90.37353515625 -1 174.25587463378906 95.092933654785156 -1 199.62786865234375 183.98580932617188 347 196.10423278808594 204.61537170410156 -1 222.44728088378906 246.4954833984375 -1 194.99749755859375 134.31684875488281 169 250.85780334472656 235.65713500976562 -1 156.60231018066406 77.297439575195312 -1 7.0244441032409668 50.943382263183594 367 27.554611206054688 58.321632385253906 253 156.60231018066406 77.297439575195312 -1 154.16932678222656 90.37353515625 -1 174.25587463378906 95.092933654785156 -1 222.44728088378906 246.4954833984375 -1 193.93238830566406 54.130458831787109 -1 233.60832214355469 79.136505126953125 -1 168.36271667480469 91.338462829589844 -1 222.0345458984375 77.988296508789062 435 30.614978790283203 66.730506896972656 257 242.50352478027344 84.949729919433594 451 225.51156616210938 139.12239074707031 265 35.159229278564453 59.786376953125 311 35.159229278564453 59.786376953125 289 196.67640686035156 77.54754638671875 309 218.88751220703125 69.771087646484375 450 35.159229278564453 59.786376953125 256 39.850959777832031 51.323574066162109 336 180.55648803710938 44.473686218261719 -1 102.3062744140625 44.811138153076172 -1 166.26625061035156 35.780170440673828 -1 184.23262023925781 120.51874542236328 357 222.0345458984375 77.988296508789062 437 151.70339965820312 103.46187591552734 -1 169.92050170898438 109.80315399169922 -1 242.50352478027344 84.949729919433594 -1 223.30401611328125 109.26271057128906 284 169.92050170898438 109.80315399169922 479 168.36271667480469 91.338462829589844 -1 151.70339965820312 103.46187591552734 -1 158.24432373046875 102.43633270263672 -1 172.38357543945312 87.825653076171875 -1 188.8502197265625 117.92090606689453 -1 121.13002777099609 26.472099304199219 -1 114.73112487792969 7.2758932113647461 -1 121.13002777099609 26.472099304199219 -1 58.285808563232422 48.389766693115234 484 164.88829040527344 48.915077209472656 -1 34.038776397705078 52.313041687011719 156 178.19496154785156 53.452232360839844 -1 169.90541076660156 63.218067169189453 -1 218.29782104492188 84.782707214355469 428 250.18643188476562 89.5859375 -1 235.77754211425781 94.960830688476562 411 241.13833618164062 96.834877014160156 440 246.10810852050781 105.26546478271484 412 201.45402526855469 219.41474914550781 421 180.13282775878906 94.142173767089844 -1 174.33457946777344 52.894706726074219 -1 93.167564392089844 5.1139950752258301 -1 104.07343292236328 9.5106897354125977 -1 96.926193237304688 24.990554809570312 447 155.53132629394531 28.236663818359375 -1 50.769126892089844 31.463207244873047 413 133.74017333984375 33.047111511230469 -1 6.85919189453125 41.410362243652344 -1 18.360069274902344 43.462383270263672 358 133.74017333984375 33.047111511230469 -1 34.038776397705078 52.313041687011719 175 169.90541076660156 63.218067169189453 -1 246.10810852050781 105.26546478271484 414 100.05149841308594 8.2647342681884766 -1 97.2476806640625 14.109653472900391 -1 126.24739074707031 30.701377868652344 -1 128.0274658203125 33.441310882568359 -1 8.9856252670288086 33.928916931152344 -1 119.98274230957031 34.646224975585938 -1 109.12776184082031 35.206340789794922 -1 11.022343635559082 37.198184967041016 415 182.23091125488281 41.009479522705078 -1 155.19364929199219 27.336545944213867 -1 166.84262084960938 41.564643859863281 -1 16.532279968261719 46.930194854736328 420 36.597202301025391 48.969650268554688 336 110.98021697998047 6.0767450332641602 422 151.53677368164062 75.715194702148438 -1 228.43614196777344 79.038742065429688 -1 184.83683776855469 66.908966064453125 -1 240.91900634765625 88.529701232910156 445 41.952045440673828 53.794513702392578 426 132.55459594726562 183.25679016113281 -1 247.77247619628906 92.955818176269531 -1 240.91900634765625 88.529701232910156 -1 100.05149841308594 8.2647342681884766 -1 166.84262084960938 41.564643859863281 -1 247.77247619628906 92.955818176269531 -1 229.531005859375 85.759521484375 448 166.28684997558594 101.24402618408203 -1 107.61956024169922 70.356803894042969 -1 12.535444259643555 56.682891845703125 425 12.409163475036621 53.784088134765625 -1 59.083465576171875 44.605400085449219 360 2.3734643459320068 37.060600280761719 -1 116.80779266357422 36.696300506591797 -1 2.433901309967041 32.484767913818359 -1 192.60395812988281 116.85330963134766 322 2.3734643459320068 37.060600280761719 -1 107.61956024169922 70.356803894042969 -1 166.28684997558594 101.24402618408203 -1 150.32164001464844 123.99619293212891 -1 243.81883239746094 93.840957641601562 474 177.45687866210938 105.14752197265625 -1 145.23101806640625 122.87834167480469 -1 166.20286560058594 89.094024658203125 -1 150.32164001464844 123.99619293212891 -1 114.48957824707031 131.89839172363281 -1 166.20286560058594 89.094024658203125 -1 229.60189819335938 79.547111511230469 482 40.208797454833984 58.135486602783203 341 3.8752601146697998 21.1865234375 -1 181.06663513183594 89.041221618652344 -1 190.10414123535156 49.506484985351562 -1 181.06663513183594 89.041221618652344 -1 
100 0.99857472695975036 0.02081983908813494 0.023069080864681117 0.043392009467909234 -1.5306561098150036 3.4743620211232025 -2.4388685692513965 1 000099.png
105.17421722412109 81.228935241699219 406 95.23773193359375 138.854736328125 -1 95.23773193359375 138.854736328125 -1 84.0328369140625 37.180187225341797 271 84.0328369140625 37.180187225341797 -1 188.07942199707031 63.173095703125 -1 45.741012573242188 72.379493713378906 272 126.35455322265625 150.3719482421875 457 45.741012573242188 72.379493713378906 273 92.102157592773438 27.016674041748047 -1 181.12242126464844 31.560966491699219 -1 65.317169189453125 210.189453125 -1 245.49664306640625 210.73179626464844 113 217.82247924804688 212.794189453125 276 65.317169189453125 210.189453125 -1 217.82247924804688 212.794189453125 6 193.3505859375 214.31546020507812 -1 193.3505859375 214.31546020507812 4 114.58719635009766 25.718704223632812 -1 159.52145385742188 37.435028076171875 -1 18.872173309326172 67.315628051757812 112 118.65171051025391 217.49090576171875 -1 128.50003051757812 15.978239059448242 -1 54.1641845703125 47.076725006103516 129 230.73970031738281 98.202789306640625 328 243.05226135253906 126.35917663574219 210 120.42963409423828 38.201911926269531 -1 34.879009246826172 70.913719177246094 304 166.87104797363281 79.583488464355469 -1 248.41264343261719 92.336524963378906 -1 190.25738525390625 53.4664306640625 -1 82.688179016113281 221.80128479003906 351 247.42950439453125 220.30406188964844 -1 41.867031097412109 52.953327178955078 252 7.3600201606750488 53.770164489746094 -1 7.3600201606750488 53.770164489746094 115 229.4302978515625 83.033836364746094 408 243.37797546386719 101.98812103271484 352 217.83824157714844 93.44451904296875 409 234.96089172363281 137.97817993164062 172 217.83824157714844 93.44451904296875 295 172.17068481445312 50.768688201904297 -1 111.40755462646484 240.5758056640625 -1 156.63728332519531 77.393623352050781 -1 174.20816040039062 95.119155883789062 -1 156.63728332519531 77.393623352050781 -1 15.066965103149414 46.891277313232422 367 34.451187133789062 54.341728210449219 253 193.9080810546875 54.240039825439453 -1 202.86576843261719 59.750308990478516 -1 174.20816040039062 95.119155883789062 -1 156.30908203125 118.42340087890625 -1 89.844207763671875 223.55227661132812 261 69.59765625 252.2879638671875 -1 156.63728332519531 77.393623352050781 -1 199.01412963867188 172.92164611816406 347 102.08029937744141 44.226593017578125 -1 11.052569389343262 39.754470825195312 307 157.52995300292969 30.870817184448242 -1 34.451187133789062 54.341728210449219 306 220.15657043457031 229.04743957519531 -1 6.3416309356689453 30.379978179931641 -1 133.87263488769531 33.365882873535156 -1 172.35125732421875 87.795783996582031 -1 158.135009765625 102.88350677490234 -1 167.85392761230469 91.026695251464844 -1 37.121963500976562 62.727222442626953 257 27.296045303344727 68.559364318847656 255 106.62733459472656 252.23248291015625 -1 96.737518310546875 17.576370239257812 442 151.69400024414062 103.54129028320312 -1 133.87263488769531 33.365882873535156 -1 221.952392578125 103.56869506835938 284 151.69400024414062 103.54129028320312 436 164.79887390136719 48.277267456054688 -1 121.28366088867188 26.487462997436523 -1 121.28366088867188 26.487462997436523 -1 40.524070739746094 48.867244720458984 175 41.525650024414062 56.207298278808594 311 41.525650024414062 56.207298278808594 289 169.90145874023438 63.243328094482422 -1 224.82380676269531 89.925033569335938 466 242.62823486328125 105.28961181640625 338 227.3328857421875 74.309288024902344 452 93.319412231445312 4.9817962646484375 -1 114.19178771972656 7.1474967002868652 -1 109.15160369873047 23.900089263916016 -1 11.691697120666504 33.418014526367188 -1 167.13604736328125 35.680671691894531 -1 59.202831268310547 38.404144287109375 147 112.94068908691406 43.791358947753906 -1 180.3072509765625 44.214870452880859 -1 62.015289306640625 45.917373657226562 484 169.32994079589844 46.855682373046875 -1 40.524070739746094 48.867244720458984 156 178.31730651855469 53.269649505615234 -1 41.525650024414062 56.207298278808594 256 169.90145874023438 63.243328094482422 -1 218.35719299316406 68.388015747070312 -1 217.15476989746094 80.181877136230469 428 224.82380676269531 89.925033569335938 467 233.81781005859375 89.887748718261719 411 239.11515808105469 91.894889831542969 -1 180.13157653808594 94.04937744140625 -1 251.4432373046875 103.78715515136719 330 242.62823486328125 105.28961181640625 291 185.41181945800781 114.20236968994141 357 233.47564697265625 239.30670166015625 -1 121.16290283203125 252.28883361816406 -1 59.202831268310547 38.404144287109375 188 18.592676162719727 27.392282485961914 -1 252.11557006835938 90.108505249023438 -1 20.203813552856445 30.072830200195312 -1 221.04812622070312 73.637351989746094 435 174.49198913574219 53.114368438720703 -1 231.84053039550781 139.46905517578125 310 243.61534118652344 99.398551940917969 412 196.48165893554688 74.08416748046875 309 114.10465240478516 2.0095484256744385 422 221.04812622070312 73.637351989746094 437 126.24582672119141 30.691835403442383 -1 128.06085205078125 33.383106231689453 -1 109.16628265380859 35.234703063964844 -1 15.154520988464355 37.556716918945312 -1 234.934814453125 145.52854919433594 263 151.58415222167969 75.683319091796875 -1 25.926937103271484 40.773075103759766 358 17.6092529296875 42.024658203125 343 243.61534118652344 99.398551940917969 414 116.92948913574219 36.635810852050781 -1 21.537010192871094 38.188945770263672 415 238.46467590332031 148.06539916992188 -1 166.23023986816406 89.247398376464844 -1 19.353002548217773 44.768074035644531 -1 180.98519897460938 105.84659576416016 346 201.91781616210938 118.06573486328125 -1 201.91781616210938 118.06573486328125 -1 238.39346313476562 88.497383117675781 423 111.08388519287109 85.522026062011719 -1 172.47274780273438 80.935791015625 -1 236.98649597167969 79.988113403320312 -1 222.42750549316406 79.8402099609375 -1 6.9536151885986328 72.116043090820312 318 4.3508377075195312 67.356040954589844 -1 8.4087009429931641 31.574880599975586 -1 46.453598022460938 54.144054412841797 341 20.773767471313477 52.7437744140625 425 42.617088317871094 45.445823669433594 336 27.562580108642578 44.946479797363281 359 238.39346313476562 88.497383117675781 -1 166.23023986816406 89.247398376464844 -1 62.404033660888672 42.367160797119141 360 6.9536151885986328 72.116043090820312 361 180.76783752441406 102.49793243408203 -1 210.31166076660156 124.29006958007812 317 209.67616271972656 126.9620361328125 -1 227.98335266113281 136.88713073730469 265 227.74435424804688 143.12689208984375 -1 162.58486938476562 28.897714614868164 -1 145.19041442871094 123.05527496337891 -1 181.06153869628906 89.035087585449219 -1 70.970878601074219 175.71823120117188 -1 181.06153869628906 89.035087585449219 -1 70.970878601074219 175.71823120117188 -1 223.43026733398438 70.801841735839844 -1 168.19927978515625 50.973747253417969 -1 
101 0.99873790234079318 0.018332272580684733 0.017770576084132461 0.043252015393250048 -0.93797048527028015 2.8997831017176274 -1.7217937128303118 1 000100.png
106.74102020263672 80.339309692382812 406 102.32157135009766 204.93716430664062 -1 83.702659606933594 36.644977569580078 271 181.351806640625 31.804010391235352 -1 49.642654418945312 69.696937561035156 273 187.9796142578125 62.441310882568359 -1 49.642654418945312 69.696937561035156 272 125.99717712402344 150.32749938964844 457 179.51753234863281 178.76643371582031 391 46.683433532714844 229.51454162597656 326 121.5616455078125 232.19137573242188 275 179.51753234863281 178.76643371582031 -1 46.683433532714844 229.51454162597656 -1 241.73602294921875 198.06834411621094 113 241.73602294921875 198.06834411621094 -1 114.55010223388672 25.710258483886719 -1 160.01821899414062 37.694683074951172 -1 25.146541595458984 63.265205383300781 112 208.63951110839844 168.94593811035156 116 217.30833435058594 201.71890258789062 266 217.30833435058594 201.71890258789062 6 217.30833435058594 201.71890258789062 276 208.63951110839844 168.94593811035156 122 91.88922119140625 204.80351257324219 351 68.276824951171875 241.42677307128906 -1 91.88922119140625 204.80351257324219 119 84.475730895996094 173.68374633789062 417 84.475730895996094 173.68374633789062 9 240.47357177734375 120.24412536621094 210 228.86849975585938 93.327316284179688 328 128.83863830566406 16.322263717651367 -1 84.475730895996094 173.68374633789062 123 59.133571624755859 45.275653839111328 129 12.791316986083984 50.304164886474609 115 166.86756896972656 79.78753662109375 -1 12.258174896240234 104.45635223388672 -1 141.18531799316406 169.57147216796875 -1 141.18531799316406 169.57147216796875 -1 12.258174896240234 104.45635223388672 -1 128.29621887207031 235.50320434570312 -1 114.40113830566406 243.15492248535156 135 147.35479736328125 254.80392456054688 249 30.727392196655273 44.957180023193359 -1 128.29621887207031 235.50320434570312 132 5.9859409332275391 79.15924072265625 -1 216.43963623046875 89.030364990234375 295 245.88583374023438 89.491432189941406 -1 240.53770446777344 96.707778930664062 352 208.2794189453125 113.44989013671875 277 157.95362854003906 115.18777465820312 -1 194.41770935058594 122.12432861328125 169 119.87601470947266 162.12394714355469 -1 95.35009765625 179.21730041503906 302 117.07893371582031 224.43161010742188 251 110.91329956054688 234.35044860839844 303 117.07893371582031 224.43161010742188 -1 194.41770935058594 122.12432861328125 279 216.43963623046875 89.030364990234375 409 5.9859409332275391 79.15924072265625 -1 30.727392196655273 44.957180023193359 -1 30.727392196655273 44.957180023193359 427 47.903736114501953 49.607978820800781 252 172.1234130859375 50.484237670898438 -1 69.704887390136719 249.68040466308594 -1 154.30033874511719 252.47514343261719 -1 203.53038024902344 125.59317779541016 329 227.62686157226562 79.922698974609375 408 76.976997375488281 235.54432678222656 -1 218.69541931152344 213.79638671875 305 40.848251342773438 50.664283752441406 306 156.66358947753906 77.565132141113281 -1 156.66358947753906 77.565132141113281 -1 154.15908813476562 90.482818603515625 -1 168.43205261230469 91.432807922363281 -1 168.43205261230469 91.432807922363281 -1 174.225830078125 95.084281921386719 -1 22.284929275512695 43.101554870605469 367 40.848251342773438 50.664283752441406 253 33.399566650390625 64.536369323730469 255 156.66358947753906 77.565132141113281 -1 161.97352600097656 85.626655578613281 -1 154.15908813476562 90.482818603515625 -1 168.43205261230469 91.432807922363281 -1 174.225830078125 95.084281921386719 -1 179.71699523925781 100.82342529296875 -1 233.19369506835938 111.09304046630859 250 203.53038024902344 125.59317779541016 282 232.37245178222656 131.53878784179688 172 95.449882507324219 210.37632751464844 261 179.71699523925781 100.82342529296875 -1 120.47125244140625 234.35137939453125 254 64.385818481445312 235.75030517578125 34 76.976997375488281 235.54432678222656 390 102.77571868896484 43.9991455078125 -1 43.373031616210938 59.184722900390625 257 5.9018411636352539 61.301288604736328 173 172.37745666503906 87.816581726074219 -1 220.34901428222656 98.749160766601562 284 248.96575927734375 99.050048828125 330 158.07359313964844 103.18851470947266 -1 151.76695251464844 103.53056335449219 -1 198.441650390625 165.35523986816406 347 199.22018432617188 189.09700012207031 31 82.214759826660156 211.60392761230469 287 31.509248733520508 222.66387939453125 332 97.180397033691406 17.596334457397461 442 151.76695251464844 103.53056335449219 436 199.22018432617188 189.09700012207031 40 163.97308349609375 102.29041290283203 -1 121.34368896484375 26.336284637451172 -1 121.34368896484375 26.336284637451172 -1 158.16130065917969 29.994295120239258 -1 164.83076477050781 48.479114532470703 -1 163.97308349609375 102.29041290283203 -1 180.2728271484375 44.283603668212891 -1 133.569580078125 32.990116119384766 -1 91.095924377441406 9.5961627960205078 -1 79.593925476074219 243.31626892089844 334 215.77522277832031 76.527854919433594 428 46.775138854980469 45.631881713867188 156 233.16329956054688 78.314315795898438 -1 46.775138854980469 45.631881713867188 175 223.06207275390625 85.623008728027344 467 79.593925476074219 243.31626892089844 36 231.63124084472656 85.472175598144531 411 236.72860717773438 87.379547119140625 -1 56.434543609619141 240.92469787597656 288 180.15768432617188 94.001777648925781 -1 239.52407836914062 83.396415710449219 -1 91.095924377441406 9.5961627960205078 -1 195.69596862792969 70.873329162597656 309 47.529254913330078 52.780979156494141 311 133.569580078125 32.990116119384766 -1 167.09721374511719 35.792091369628906 -1 62.526042938232422 36.745754241943359 147 104.66442108154297 200.59284973144531 286 51.375053405761719 44.81732177734375 336 169.32203674316406 47.051738739013672 -1 194.16065979003906 116.60315704345703 43 226.21144104003906 110.38082122802734 260 47.529254913330078 52.780979156494141 256 178.28225708007812 53.319625854492188 -1 201.51217651367188 57.812294006347656 -1 169.92802429199219 63.23150634765625 -1 25.904975891113281 70.839637756347656 138 47.529254913330078 52.780979156494141 289 223.06207275390625 85.623008728027344 466 62.526042938232422 36.745754241943359 188 226.21144104003906 110.38082122802734 260 56.434543609619141 240.92469787597656 337 241.00025939941406 94.65185546875 412 239.94972229003906 100.33897399902344 338 132.16398620605469 182.58174133300781 -1 142.51522827148438 250.44931030273438 339 105.15686798095703 51.241931915283203 -1 251.51522827148438 89.958106994628906 -1 224.68472290039062 71.767768859863281 452 114.10902404785156 1.9178268909454346 422 93.490798950195312 5.0410361289978027 -1 20.745176315307617 30.514965057373047 -1 128.23150634765625 33.283382415771484 -1 251.51522827148438 89.958106994628906 -1 241.00025939941406 94.65185546875 414 239.94972229003906 100.33897399902344 291 132.16398620605469 182.58174133300781 -1 105.15686798095703 51.241931915283203 -1 12.742383003234863 20.452602386474609 340 28.672145843505859 46.325817108154297 264 174.33560180664062 52.969860076904297 -1 214.45068359375 65.371871948242188 -1 151.56657409667969 75.686859130859375 -1 181.44026184082031 48.999721527099609 -1 15.933036804199219 51.483585357666016 157 153.8515625 123.0994873046875 -1 83.389022827148438 206.21563720703125 -1 112.12599182128906 223.62608337402344 -1 131.51373291015625 237.76118469238281 -1 115.98764801025391 246.14385986328125 -1 185.63314819335938 108.62378692626953 357 109.03297424316406 35.809894561767578 -1 196.70263671875 109.70907592773438 322 215.24424743652344 62.900497436523438 -1 52.294025421142578 50.717464447021484 341 12.954482078552246 68.578987121582031 361 7.4582610130310059 68.200271606445312 -1 10.364699363708496 66.7459716796875 319 34.675548553466797 41.966850280761719 359 12.151009559631348 61.308547973632812 -1 168.27435302734375 51.454837799072266 -1 32.986289978027344 37.935859680175781 358 12.151009559631348 61.308547973632812 -1 12.151009559631348 61.308547973632812 -1 12.954482078552246 68.578987121582031 318 225.10980224609375 75.418502807617188 -1 166.20285034179688 89.121025085449219 -1 181.03781127929688 88.986160278320312 -1 131.51373291015625 237.76118469238281 -1 62.292945861816406 40.504356384277344 321 181.44026184082031 48.999721527099609 -1 156.52276611328125 97.276191711425781 -1 181.03781127929688 88.986160278320312 -1 166.20285034179688 89.121025085449219 -1 31.415895462036133 40.478260040283203 294 25.606082916259766 39.358112335205078 343 22.338161468505859 38.037651062011719 -1 116.80811309814453 36.658443450927734 -1 111.05220794677734 85.273567199707031 -1 19.983272552490234 33.532901763916016 344 236.01194763183594 84.390220642089844 -1 222.54226684570312 80.474525451660156 -1 225.10980224609375 75.418502807617188 -1 25.164236068725586 72.376480102539062 138 196.47909545898438 112.5599365234375 345 180.45573425292969 100.85208892822266 346 252.87612915039062 94.634353637695312 -1 252.87612915039062 94.634353637695312 -1 180.45573425292969 100.85208892822266 -1 
102 0.9986809841972033 0.021530069356561151 0.018708195628980004 0.042693691954607441 -0.78735131932527924 2.7853373819992675 -1.3382631483113081 1 000101.png
108.68117523193359 77.280632019042969 348 107.01477813720703 203.62393188476562 -1 210.59103393554688 201.96513366699219 -1 181.54466247558594 31.861425399780273 -1 122.12743377685547 227.63374328613281 275 51.782535552978516 34.351871490478516 111 86.230133056640625 33.699306488037109 271 188.11851501464844 62.413074493408203 -1 52.534019470214844 68.121932983398438 272 125.85912322998047 151.35737609863281 457 180.03773498535156 174.14088439941406 391 48.775474548339844 225.2376708984375 -1 48.775474548339844 225.2376708984375 -1 180.03773498535156 174.14088439941406 -1 52.534019470214844 68.121932983398438 273 231.6767578125 232.02044677734375 2 231.6767578125 232.02044677734375 -1 28.230417251586914 61.496654510498047 299 160.14347839355469 37.694328308105469 -1 232.27386474609375 89.007164001464844 300 217.5128173828125 196.60240173339844 276 217.5128173828125 196.60240173339844 6 241.69851684570312 192.93888854980469 -1 208.46295166015625 164.4832763671875 122 217.5128173828125 196.60240173339844 266 232.27386474609375 89.007164001464844 -1 114.66410064697266 25.62005615234375 -1 241.69851684570312 192.93888854980469 113 208.46295166015625 164.4832763671875 116 28.230417251586914 61.496654510498047 112 135.41549682617188 241.46730041503906 -1 95.044952392578125 198.92190551757812 119 135.41549682617188 241.46730041503906 -1 71.643699645996094 234.47491455078125 -1 95.044952392578125 198.92190551757812 351 86.012191772460938 170.77371215820312 9 128.86184692382812 16.343038558959961 -1 239.77972412109375 117.06759643554688 210 86.012191772460938 170.77371215820312 123 71.643699645996094 234.47491455078125 120 140.70620727539062 171.47479248046875 301 15.783846855163574 48.957126617431641 115 120.4810791015625 38.143924713134766 -1 61.334056854248047 44.25103759765625 129 242.68003845214844 244.55419921875 16 140.70620727539062 171.47479248046875 -1 140.70620727539062 171.47479248046875 -1 166.83782958984375 79.915840148925781 -1 216.2000732421875 71.564598083496094 -1 97.572357177734375 174.4451904296875 302 130.35166931152344 228.48504638671875 132 112.86836242675781 227.06968688964844 303 119.45833587646484 217.69563293457031 251 227.02536010742188 213.84700012207031 -1 245.06297302246094 88.027435302734375 -1 172.03097534179688 50.331008911132812 -1 216.33705139160156 86.931175231933594 295 43.730049133300781 65.052688598632812 304 148.61386108398438 245.26531982421875 249 117.12497711181641 235.66726684570312 135 245.06297302246094 88.027435302734375 -1 148.61386108398438 245.26531982421875 13 232.68850708007812 108.23214721679688 250 209.91778564453125 127.34309387207031 497 232.22398376464844 128.57882690429688 172 98.10028076171875 204.32113647460938 261 218.15135192871094 206.95310974121094 305 80.672416687011719 227.94880676269531 390 122.56735229492188 227.19868469238281 254 73.530258178710938 242.35121154785156 149 155.4541015625 244.7047119140625 -1 61.350765228271484 245.88410949707031 37 66.764366149902344 249.62509155273438 30 194.79814147949219 119.19545745849609 169 43.892070770263672 49.159137725830078 306 134.93154907226562 34.413478851318359 -1 18.237464904785156 25.864959716796875 -1 134.93154907226562 34.413478851318359 -1 23.093708038330078 36.490348815917969 307 43.892070770263672 49.159137725830078 253 36.385978698730469 62.91064453125 255 156.64004516601562 77.718673706054688 -1 7.2503519058227539 78.574432373046875 278 161.83695983886719 85.96099853515625 -1 154.16973876953125 90.400978088378906 -1 168.7730712890625 91.669631958007812 -1 239.63334655761719 94.659454345703125 352 174.22724914550781 95.115325927734375 -1 168.7730712890625 91.669631958007812 -1 156.64004516601562 77.718673706054688 -1 156.64004516601562 77.718673706054688 -1 7.2503519058227539 78.574432373046875 -1 154.16973876953125 90.400978088378906 -1 168.7730712890625 91.669631958007812 -1 174.22724914550781 95.115325927734375 -1 180.62028503417969 98.855979919433594 -1 182.1700439453125 107.24607086181641 -1 80.672416687011719 227.94880676269531 -1 180.62028503417969 98.855979919433594 -1 182.1700439453125 107.24607086181641 -1 199.33695983886719 183.83290100097656 31 118.65310668945312 163.09593200683594 -1 118.65310668945312 163.09593200683594 -1 151.75115966796875 103.57842254638672 -1 46.532283782958984 57.694820404052734 257 180.38478088378906 44.466575622558594 -1 102.65601348876953 43.902271270751953 -1 97.185920715332031 17.875932693481445 442 184.29061889648438 107.67173767089844 -1 198.56002807617188 161.44752502441406 347 151.75115966796875 103.57842254638672 -1 220.03437805175781 96.485763549804688 284 172.41903686523438 87.8868408203125 -1 227.19728088378906 78.373680114746094 408 247.94334411621094 96.1553955078125 330 8.9612627029418945 60.016353607177734 173 158.70143127441406 30.305538177490234 -1 121.41190338134766 26.325082778930664 -1 121.41190338134766 26.325082778930664 -1 184.38748168945312 67.41943359375 -1 196.04464721679688 68.687248229980469 309 4.7945766448974609 72.258476257324219 258 4.4062280654907227 80.387367248535156 -1 231.15115356445312 83.257431030273438 411 236.054931640625 85.053115844726562 -1 180.14704895019531 93.842880249023438 -1 225.43148803710938 95.851020812988281 -1 164.23199462890625 101.93000030517578 -1 225.70777893066406 107.65943145751953 260 154.73733520507812 121.14824676513672 -1 230.1248779296875 129.65296936035156 310 202.27622985839844 155.68902587890625 -1 60.492752075195312 232.78691101074219 288 82.979698181152344 235.43717956542969 36 77.853324890136719 238.32371520996094 -1 239.22515869140625 97.447494506835938 291 104.20005035400391 9.6378555297851562 -1 91.450042724609375 9.7480220794677734 -1 167.06221008300781 35.776294708251953 -1 64.47772216796875 35.984413146972656 147 169.28291320800781 47.11822509765625 -1 164.88209533691406 48.74249267578125 -1 104.54247283935547 51.016822814941406 -1 50.341243743896484 51.400489807128906 256 178.28866577148438 53.289710998535156 -1 239.22515869140625 97.447494506835938 338 169.90476989746094 63.233200073242188 -1 64.47772216796875 35.984413146972656 188 50.341243743896484 51.400489807128906 289 50.341243743896484 51.400489807128906 311 169.90476989746094 63.233200073242188 -1 169.90476989746094 63.233200073242188 -1 4.4062280654907227 80.387367248535156 -1 225.43148803710938 95.851020812988281 312 164.23199462890625 101.93000030517578 -1 60.492752075195312 232.78691101074219 337 205.34077453613281 116.36342620849609 -1 225.04983520507812 126.36024475097656 265 229.63459777832031 133.60429382324219 263 78.999076843261719 233.292236328125 -1 128.29344177246094 33.199325561523438 -1 77.095451354980469 252.90510559082031 -1 167.78620910644531 35.529754638671875 -1 168.52491760253906 52.001945495605469 -1 93.563362121582031 5.159233570098877 -1 114.30825042724609 2.0150232315063477 422 113.60523223876953 6.8042464256286621 -1 112.06669616699219 20.067436218261719 -1 27.15843391418457 33.47479248046875 -1 67.839653015136719 43.195911407470703 -1 49.524314880371094 44.438323974609375 175 36.628166198730469 35.960468292236328 358 78.999076843261719 233.292236328125 -1 77.095451354980469 252.90510559082031 -1 67.839653015136719 43.195911407470703 484 49.524314880371094 44.438323974609375 156 201.62580871582031 57.574996948242188 -1 212.87738037109375 64.412933349609375 -1 215.57295227050781 74.554908752441406 428 151.58918762207031 75.684989929199219 -1 232.34165954589844 76.977760314941406 -1 238.52239990234375 81.660247802734375 -1 192.30279541015625 104.23844909667969 322 185.73699951171875 105.73886108398438 357 156.02149963378906 92.320228576660156 -1 172.66757202148438 80.89263916015625 -1 196.63650512695312 106.99629974365234 322 209.21949768066406 115.76560211181641 317 183.01516723632812 96.863235473632812 -1 166.199462890625 89.195526123046875 -1 181.03727722167969 88.980880737304688 -1 234.98454284667969 81.570350646972656 -1 4.710515022277832 61.147388458251953 -1 16.428585052490234 66.953109741210938 361 166.199462890625 89.195526123046875 -1 181.03727722167969 88.980880737304688 -1 181.52471923828125 99.20166015625 -1 16.428585052490234 66.953109741210938 318 12.389031410217285 65.738616943359375 319 4.710515022277832 61.147388458251953 320 12.049792289733887 54.431915283203125 -1 189.96514892578125 49.516963958740234 -1 56.340057373046875 46.441822052001953 426 46.403301239013672 45.548423767089844 -1 109.16561889648438 35.809486389160156 -1 67.735122680664062 39.723606109619141 360 63.959659576416016 39.563671112060547 321 35.088409423828125 39.054130554199219 294 61.793308258056641 38.143543243408203 -1 116.88645935058594 36.657646179199219 -1 162.59898376464844 28.91490364074707 -1 181.52471923828125 99.20166015625 346 36.545833587646484 42.288894653320312 420 31.47694206237793 47.841285705566406 425 
103 0.9986926163496983 0.021919286677686126 0.018957997408360169 0.042109348776732065 -0.57705997528356257 2.275275825179373 -0.68957517794215306 1 000102.png
109.22859191894531 64.579544067382812 348 211.42520141601562 192.91334533691406 1 168.46749877929688 213.72869873046875 270 107.13120269775391 196.17613220214844 -1 125.67115783691406 154.94793701171875 -1 87.770294189453125 31.041393280029297 271 182.01394653320312 31.961887359619141 -1 56.79217529296875 64.244537353515625 272 188.09390258789062 63.244033813476562 -1 72.028602600097656 193.26734924316406 -1 56.79217529296875 64.244537353515625 273 72.028602600097656 193.26734924316406 -1 72.028602600097656 193.26734924316406 274 54.587284088134766 30.703369140625 111 124.16652679443359 215.42764282226562 275 30.951728820800781 237.68714904785156 -1 227.90629577636719 217.60919189453125 2 30.951728820800781 237.68714904785156 -1 216.44081115722656 186.778076171875 6 100.40614318847656 187.88728332519531 119 136.55123901367188 230.11349487304688 121 33.518863677978516 57.676528930664062 299 207.0592041015625 155.37086486816406 122 228.8431396484375 84.787368774414062 328 216.44081115722656 186.778076171875 266 33.518863677978516 57.676528930664062 112 228.8431396484375 84.787368774414062 300 216.44081115722656 186.778076171875 276 207.0592041015625 155.37086486816406 116 114.64248657226562 25.57331657409668 -1 160.29452514648438 37.825881958007812 -1 107.03898620605469 164.61514282226562 -1 81.386802673339844 177.40791320800781 -1 239.28857421875 182.40371704101562 113 77.381271362304688 220.97200012207031 117 243.30999755859375 204.71662902832031 24 243.30999755859375 204.71662902832031 20 147.64784240722656 132.88789367675781 -1 237.63330078125 111.50448608398438 210 177.34609985351562 70.889762878417969 -1 128.58042907714844 16.042877197265625 -1 77.381271362304688 220.97200012207031 120 64.803657531738281 41.694900512695312 129 167.03016662597656 79.740425109863281 -1 162.67622375488281 96.727554321289062 -1 91.029808044433594 160.08735656738281 123 140.8406982421875 170.54080200195312 -1 240.09342956542969 229.212646484375 16 91.029808044433594 160.08735656738281 9 20.009311676025391 45.804851531982422 115 140.21635437011719 236.40234375 -1 140.8406982421875 170.54080200195312 -1 160.62918090820312 236.218994140625 15 140.8406982421875 170.54080200195312 -1 54.915241241455078 45.070472717285156 252 120.95384216308594 221.77285766601562 135 171.86920166015625 50.224315643310547 -1 214.62297058105469 68.843025207519531 -1 24.670648574829102 94.797706604003906 -1 207.21900939941406 105.39476013183594 277 101.3917236328125 164.51863098144531 302 116.72350311279297 212.05439758300781 303 150.02156066894531 230.65493774414062 249 153.0029296875 244.16877746582031 248 101.49689483642578 255.16326904296875 -1 116.72350311279297 212.05439758300781 -1 150.02156066894531 230.65493774414062 13 194.38864135742188 113.60892486572266 169 230.20114135742188 122.44963073730469 172 216.43121337890625 194.85609436035156 305 28.912664413452148 33.530139923095703 307 197.86528015136719 152.41191101074219 347 223.869873046875 200.60496520996094 -1 122.81980895996094 204.82597351074219 251 133.00234985351562 214.74284362792969 132 167.026611328125 246.56170654296875 -1 12.219579696655273 74.851959228515625 278 156.61407470703125 77.928482055664062 -1 215.34384155273438 82.464775085449219 295 161.69277954101562 86.757438659667969 -1 237.5367431640625 90.187225341796875 -1 156.61407470703125 77.928482055664062 -1 174.16032409667969 95.151985168457031 -1 181.2369384765625 95.221969604492188 -1 174.16032409667969 95.151985168457031 -1 194.38864135742188 113.60892486572266 279 193.53939819335938 54.367870330810547 -1 230.99917602539062 102.98300933837891 250 48.620494842529297 46.087459564208984 253 9.3601484298706055 69.271331787109375 258 229.93019104003906 78.034881591796875 -1 243.22842407226562 85.618186950683594 280 182.6591796875 101.95532989501953 281 151.73774719238281 103.42218780517578 -1 202.62577819824219 116.81008148193359 282 198.72686767578125 173.49641418457031 31 72.550552368164062 234.32196044921875 38 91.589859008789062 184.38674926757812 -1 101.42695617675781 193.97377014160156 261 74.222877502441406 214.46139526367188 34 79.763961791992188 214.80107116699219 33 85.594573974609375 214.63497924804688 390 77.829673767089844 228.39601135253906 149 68.384757995605469 230.24449157714844 37 221.39772033691406 78.58837890625 -1 99.154365539550781 23.190616607666016 -1 48.620494842529297 46.087459564208984 306 182.6591796875 101.95532989501953 283 151.73774719238281 103.42218780517578 -1 198.72686767578125 173.49641418457031 40 79.763961791992188 214.80107116699219 41 72.550552368164062 234.32196044921875 30 99.154365539550781 23.190616607666016 -1 134.38954162597656 33.631198883056641 -1 166.53034973144531 35.986019134521484 -1 102.49630737304688 44.105781555175781 -1 218.74102783203125 91.374053955078125 284 178.41871643066406 53.009933471679688 -1 178.41871643066406 53.009933471679688 -1 172.32740783691406 88.114418029785156 -1 42.202800750732422 59.375312805175781 255 179.89651489257812 44.194786071777344 -1 121.44991302490234 26.34002685546875 -1 121.44991302490234 26.34002685546875 -1 245.40731811523438 91.316543579101562 -1 164.71542358398438 101.37680053710938 -1 224.05329895019531 102.499267578125 260 149.46086120605469 111.59626007080078 285 201.465087890625 147.62841796875 -1 111.19107055664062 184.98521423339844 286 90.909400939941406 195.755615234375 287 75.962387084960938 238.33384704589844 -1 5.3848600387573242 244.735595703125 -1 109.82022094726562 248.68826293945312 -1 40.619037628173828 252.64414978027344 -1 87.735710144042969 221.37197875976562 36 84.162742614746094 217.892578125 -1 66.391067504882812 219.97550964355469 288 66.942214965820312 33.680747985839844 147 133.39888000488281 33.231067657470703 -1 58.509811401367188 40.615982055664062 336 169.29891967773438 47.275901794433594 -1 54.551689147949219 48.029701232910156 256 165.00466918945312 48.833736419677734 -1 104.44387054443359 50.868881225585938 -1 50.798980712890625 54.194190979003906 257 169.92182922363281 63.267612457275391 -1 3.3636415004730225 71.254135131835938 259 9.5071172714233398 76.481857299804688 163 84.162742614746094 217.892578125 -1 250.15826416015625 89.507011413574219 -1 66.942214965820312 33.680747985839844 188 133.39888000488281 33.231067657470703 -1 54.551689147949219 48.029701232910156 289 54.551689147949219 48.029701232910156 311 50.798980712890625 54.194190979003906 290 169.92182922363281 63.267612457275391 -1 9.5071172714233398 76.481857299804688 162 250.15826416015625 89.507011413574219 -1 245.40731811523438 91.316543579101562 330 149.46086120605469 111.59626007080078 -1 109.82022094726562 248.68826293945312 -1 40.619037628173828 252.64414978027344 -1 221.97785949707031 123.06659698486328 265 237.16180419921875 92.5323486328125 291 5.2119712829589844 84.40106201171875 207 238.07441711425781 87.142410278320312 -1 177.7138671875 90.442817687988281 -1 193.66200256347656 107.97666168212891 43 8.5449399948120117 77.322914123535156 162 213.03424072265625 116.84329223632812 -1 61.376239776611328 32.870574951171875 -1 61.376239776611328 32.870574951171875 -1 53.982250213623047 41.165061950683594 175 8.5449399948120117 77.322914123535156 163 177.7138671875 90.442817687988281 -1 237.16180419921875 92.5323486328125 338 128.31765747070312 33.206916809082031 -1 113.94696807861328 2.0384759902954102 422 93.700096130371094 5.292353630065918 -1 53.982250213623047 41.165061950683594 156 37.701824188232422 41.490345001220703 264 211.2171630859375 63.441993713378906 -1 225.7122802734375 75.15594482421875 408 151.59579467773438 75.640708923339844 -1 222.05010986328125 70.154678344726562 -1 164.21096801757812 105.33287811279297 -1 200.45634460449219 108.08484649658203 -1 219.36892700195312 118.26251983642578 265 217.65943908691406 67.130538940429688 -1 58.907901763916016 46.216400146484375 341 216.87973022460938 119.55561065673828 -1 150.32258605957031 124.06824493408203 -1 225.40953063964844 125.45801544189453 263 24.560529708862305 51.062305450439453 -1 11.92764949798584 71.139312744140625 -1 166.18452453613281 89.120292663574219 -1 181.03334045410156 88.929832458496094 -1 141.89689636230469 236.36680603027344 292 233.69322204589844 81.303810119628906 -1 25.904129028320312 47.611576080322266 157 173.49473571777344 44.690052032470703 -1 34.748245239257812 39.972831726074219 367 247.03775024414062 137.94070434570312 -1 36.0081787109375 36.738914489746094 -1 90.508377075195312 222.21392822265625 -1 141.89689636230469 236.36680603027344 339 116.86128234863281 36.67950439453125 -1 198.24156188964844 54.907028198242188 -1 167.99200439453125 35.519535064697266 -1 181.03334045410156 88.929832458496094 -1 126.70157623291016 30.604536056518555 -1 29.399272918701172 29.527494430541992 344 38.053718566894531 25.110570907592773 -1 11.92764949798584 71.139312744140625 -1 166.18452453613281 89.120292663574219 -1 21.278728485107422 63.410823822021484 318 41.253288269042969 38.712520599365234 294 
104 0.9986636375025898 0.022837507131591633 0.016868241914720934 0.043183906873015092 -0.17216407085586785 1.7510507366392094 0.07299274281042091 1 000103.png
111.02713775634766 60.600833892822266 -1 102.58343505859375 195.54421997070312 -1 102.58343505859375 195.54421997070312 -1 212.14241027832031 183.63505554199219 1 170.12559509277344 198.86495971679688 270 170.12559509277344 198.86495971679688 -1 88.930374145507812 29.38116455078125 271 183.36592102050781 35.871669769287109 -1 188.39076232910156 66.030021667480469 -1 54.339466094970703 211.39959716796875 109 54.339466094970703 211.39959716796875 326 59.178657531738281 27.600135803222656 111 125.95372772216797 163.68797302246094 -1 63.900302886962891 195.97511291503906 -1 129.35414123535156 199.50460815429688 -1 224.75398254394531 203.864990234375 2 33.783771514892578 232.02056884765625 -1 33.783771514892578 232.02056884765625 -1 215.39334106445312 176.63728332519531 276 114.52828216552734 25.604404449462891 -1 215.39334106445312 176.63728332519531 266 236.25518798828125 172.19296264648438 -1 215.39334106445312 176.63728332519531 6 106.35334777832031 176.49885559082031 119 193.43984985351562 175.51617431640625 4 236.25518798828125 172.19296264648438 113 39.637393951416016 53.855560302734375 112 160.33283996582031 37.891284942626953 -1 138.6153564453125 215.83203125 121 108.72799682617188 155.52532958984375 18 240.56764221191406 191.38484191894531 24 83.815719604492188 207.10482788085938 117 24.372333526611328 41.846050262451172 115 147.20547485351562 235.46931457519531 11 205.90620422363281 146.80326843261719 122 240.56764221191406 191.38484191894531 20 114.52628326416016 192.10134887695312 -1 83.815719604492188 207.10482788085938 120 114.52628326416016 192.10134887695312 -1 226.48727416992188 81.044166564941406 300 147.73672485351562 131.82955932617188 -1 205.90620422363281 146.80326843261719 116 54.122226715087891 240.95114135742188 247 54.122226715087891 240.95114135742188 -1 161.71607971191406 220.44039916992188 15 236.80839538574219 214.27947998046875 16 140.91242980957031 169.78042602539062 -1 163.02668762207031 97.407470703125 -1 167.32542419433594 79.372108459472656 -1 127.48694610595703 14.967656135559082 -1 94.454261779785156 152.45941162109375 9 140.91242980957031 169.78042602539062 -1 94.454261779785156 152.45941162109375 123 235.33052062988281 106.12350463867188 210 53.746883392333984 57.965110778808594 304 140.91242980957031 169.78042602539062 -1 68.951026916503906 39.231128692626953 129 155.27786254882812 228.1429443359375 248 151.79228210449219 215.97401428222656 13 120.66000366210938 198.64453125 -1 161.60675048828125 95.105476379394531 -1 9.124293327331543 73.630996704101562 130 120.66000366210938 198.64453125 -1 151.79228210449219 215.97401428222656 249 154.18576049804688 90.266357421875 -1 174.08503723144531 95.171127319335938 -1 228.99172973632812 97.760574340820312 250 193.52828979492188 108.74069213867188 169 117.79153442382812 112.51863861083984 -1 228.27775573730469 116.69521331787109 172 248.06845092773438 145.34452819824219 -1 126.35199737548828 191.62788391113281 251 136.05693054199219 200.76220703125 132 124.98617553710938 207.1864013671875 135 167.65379333496094 229.81101989746094 -1 59.767162322998047 248.51324462890625 -1 154.24156188964844 250.53880310058594 134 137.03237915039062 251.54148864746094 -1 154.18576049804688 90.266357421875 436 156.56393432617188 78.414093017578125 -1 135.00497436523438 34.444969177246094 -1 193.59030151367188 54.270763397216797 -1 135.00497436523438 34.444969177246094 -1 59.995090484619141 42.277801513671875 252 106.96691131591797 236.35862731933594 184 18.233123779296875 70.439231872558594 278 193.52828979492188 108.74069213867188 279 174.08503723144531 95.171127319335938 -1 167.65379333496094 229.81101989746094 -1 167.65379333496094 229.81101989746094 -1 59.767162322998047 248.51324462890625 -1 154.24156188964844 250.53880310058594 136 156.56393432617188 78.414093017578125 -1 214.01564025878906 78.436119079589844 295 113.53531646728516 159.62568664550781 -1 151.69287109375 103.50469970703125 -1 234.83866882324219 94.365486145019531 -1 16.863258361816406 71.174880981445312 -1 213.24897766113281 66.301155090332031 -1 102.28487396240234 44.248889923095703 -1 54.060337066650391 42.997371673583984 253 149.62727355957031 37.479347229003906 -1 98.295516967773438 2.6953322887420654 -1 75.179222106933594 213.77500915527344 37 78.994094848632812 218.66744995117188 30 91.416847229003906 200.11688232421875 390 85.891372680664062 200.51942443847656 33 129.44903564453125 198.967529296875 254 47.178726196289062 55.443161010742188 255 78.994094848632812 218.66744995117188 38 84.579826354980469 215.29263305664062 149 201.62380981445312 168.76042175292969 -1 85.891372680664062 200.51942443847656 41 151.69287109375 103.50469970703125 285 149.62727355957031 37.479347229003906 -1 98.295516967773438 2.6953322887420654 -1 113.51700592041016 7.2846531867980957 -1 183.61489868164062 92.6448974609375 -1 121.50526428222656 26.319778442382812 -1 121.50526428222656 26.319778442382812 -1 59.54888916015625 44.606449127197266 256 169.29780578613281 47.205829620361328 -1 56.147289276123047 50.625846862792969 257 177.70869445800781 53.742282867431641 -1 18.27789306640625 53.991035461425781 173 5.5781650543212891 56.06329345703125 -1 169.94949340820312 63.256416320800781 -1 15.71345329284668 64.719978332519531 258 8.8888483047485352 67.700630187988281 259 4.9449701309204102 69.823379516601562 159 15.524282455444336 72.075531005859375 163 219.76728820800781 75.083694458007812 -1 227.52157592773438 74.829200744628906 -1 6.1694231033325195 79.6484375 212 239.81320190429688 82.621551513671875 280 217.25196838378906 87.023750305175781 284 183.65715026855469 97.220726013183594 283 222.50796508789062 97.763626098632812 260 149.38973999023438 111.69287109375 -1 154.25242614746094 122.10317993164062 -1 105.14162445068359 132.32687377929688 -1 199.9462890625 140.58248901367188 347 197.03936767578125 145.80702209472656 347 77.044189453125 162.47103881835938 -1 105.68720245361328 182.70199584960938 261 81.457832336425781 200.37518310546875 34 73.088485717773438 205.14122009277344 288 166.94091796875 36.012989044189453 -1 197.65397644042969 162.5386962890625 31 229.77897644042969 86.543281555175781 -1 179.72282409667969 94.934478759765625 -1 69.883651733398438 31.290258407592773 147 109.57418060302734 34.475822448730469 -1 170.349365234375 39.614032745361328 -1 229.77897644042969 86.543281555175781 -1 112.9541015625 43.673557281494141 -1 69.883651733398438 31.290258407592773 188 109.57418060302734 34.475822448730469 -1 170.349365234375 39.614032745361328 -1 59.54888916015625 44.606449127197266 289 15.524282455444336 72.075531005859375 162 6.1694231033325195 79.6484375 262 183.65715026855469 97.220726013183594 281 149.38973999023438 111.69287109375 -1 197.65397644042969 162.5386962890625 40 174.17747497558594 51.958805084228516 -1 14.875020027160645 60.238044738769531 -1 93.639968872070312 5.3591060638427734 -1 108.45584869384766 23.683649063110352 -1 173.06036376953125 79.515098571777344 -1 128.36918640136719 33.104282379150391 -1 59.074787139892578 37.971061706542969 156 193.52996826171875 103.29839324951172 43 167.78387451171875 35.647651672363281 -1 28.27055549621582 44.060115814208984 157 219.39546203613281 69.193313598632812 -1 14.570640563964844 72.877548217773438 162 183.07774353027344 74.643241882324219 -1 151.62629699707031 75.563728332519531 -1 11.014132499694824 80.319526672363281 207 167.78387451171875 35.647651672363281 -1 93.639968872070312 5.3591060638427734 -1 59.074787139892578 37.971061706542969 175 14.875020027160645 60.238044738769531 190 14.570640563964844 72.877548217773438 163 234.78622436523438 87.992034912109375 291 226.10813903808594 121.58134460449219 263 109.31321716308594 127.2154541015625 -1 93.177947998046875 206.86280822753906 36 31.065788269042969 44.433979034423828 157 43.995510101318359 38.362159729003906 264 116.71173095703125 36.721164703369141 -1 109.03908538818359 35.793228149414062 -1 70.474365234375 34.971015930175781 321 41.206977844238281 20.820819854736328 -1 114.90300750732422 245.46498107910156 -1 114.31745910644531 1.8772507905960083 422 225.83714294433594 118.19106292724609 310 156.15115356445312 97.047317504882812 -1 180.97886657714844 88.9378662109375 -1 166.17503356933594 89.080009460449219 -1 41.206977844238281 20.820819854736328 -1 242.92967224121094 87.119499206542969 -1 2.0852022171020508 84.442054748535156 -1 48.907234191894531 55.947784423828125 -1 17.783397674560547 67.148712158203125 -1 2.0852022171020508 84.442054748535156 -1 166.17503356933594 89.080009460449219 -1 180.97886657714844 88.9378662109375 -1 166.11613464355469 239.41206359863281 193 235.69998168945312 82.958610534667969 -1 17.783397674560547 67.148712158203125 -1 38.606906890869141 62.818180084228516 138 3.7571883201599121 60.824943542480469 -1 228.53549194335938 120.39584350585938 -1 21.997535705566406 59.194492340087891 319 82.520408630371094 219.96511840820312 -1 128.19523620605469 36.574687957763672 268 48.907234191894531 55.947784423828125 -1 14.60322380065918 54.512203216552734 320 195.68109130859375 97.635322570800781 322 192.54635620117188 51.291103363037109 -1 222.36929321289062 115.76625061035156 265 164.62055969238281 105.27445220947266 -1 166.11613464355469 239.41206359863281 196 46.201976776123047 32.427204132080078 294 
105 0.99884107847151116 0.020872107059910001 0.019324846068144434 0.0388253194344991 0.20632666986222051 1.0048535199846504 1.2268575208367825 1 000106.png
102.18306732177734 190.45135498046875 -1 102.18306732177734 190.45135498046875 -1 210.66712951660156 169.98538208007812 1 143.38937377929688 33.533702850341797 -1 64.66339111328125 194.1981201171875 109 90.431861877441406 29.682817459106445 271 218.68998718261719 56.560512542724609 -1 86.315437316894531 166.65335083007812 -1 153.13618469238281 228.997802734375 108 86.315437316894531 166.65335083007812 274 193.55317687988281 162.78392028808594 3 92.719863891601562 230.23333740234375 178 94.288017272949219 153.77391052246094 208 92.719863891601562 230.23333740234375 -1 113.55790710449219 212.66445922851562 114 193.55317687988281 162.78392028808594 4 233.71377563476562 159.0758056640625 113 64.388076782226562 27.635190963745117 111 94.288017272949219 153.77391052246094 209 47.056549072265625 51.277889251708984 112 160.46444702148438 38.103992462158203 -1 114.63649749755859 25.634151458740234 -1 32.2637939453125 41.344940185546875 115 147.91900634765625 132.4332275390625 301 204.93544006347656 136.27381896972656 116 110.43159484863281 164.5816650390625 119 213.98320007324219 163.51933288574219 6 92.013908386230469 191.38510131835938 120 142.65147399902344 196.87544250488281 121 103.62026977539062 200.91757202148438 118 164.76261901855469 211.6019287109375 8 150.36158752441406 237.058837890625 126 208.88725280761719 53.562698364257812 -1 129.02545166015625 16.718088150024414 -1 150.36158752441406 237.058837890625 126 204.93544006347656 136.27381896972656 122 92.013908386230469 191.38510131835938 117 142.65147399902344 196.87544250488281 -1 103.62026977539062 200.91757202148438 -1 232.85617065429688 98.692123413085938 210 162.38819885253906 97.002052307128906 -1 16.485492706298828 86.567672729492188 -1 166.89947509765625 79.720558166503906 -1 223.57325744628906 76.464744567871094 -1 183.49549865722656 57.625560760498047 -1 133.52224731445312 55.033115386962891 -1 90.856704711914062 246.10446166992188 -1 133.52224731445312 55.033115386962891 -1 166.89947509765625 79.720558166503906 -1 135.30165100097656 236.49055480957031 125 101.49835968017578 179.31169128417969 -1 65.300682067871094 220.2774658203125 10 65.300682067871094 220.2774658203125 12 101.49835968017578 179.31169128417969 211 122.87033081054688 200.00343322753906 124 99.844451904296875 143.21311950683594 123 99.844451904296875 143.21311950683594 9 152.3582763671875 215.10902404785156 11 152.3582763671875 215.10902404785156 7 82.777854919433594 240.53387451171875 -1 154.14826965332031 199.06880187988281 249 236.88275146484375 176.33131408691406 24 175.94589233398438 67.337860107421875 -1 161.29960632324219 93.967010498046875 -1 246.63642883300781 89.759620666503906 -1 192.41635131835938 153.05697631835938 232 74.263618469238281 38.781467437744141 129 175.94589233398438 67.337860107421875 -1 17.44169807434082 72.839569091796875 130 246.63642883300781 89.759620666503906 -1 158.21365356445312 114.16079711914062 -1 111.84400939941406 143.97181701660156 18 236.88275146484375 176.33131408691406 20 154.14826965332031 199.06880187988281 13 82.777854919433594 240.53387451171875 -1 148.74789428710938 248.44737243652344 -1 148.74789428710938 248.44737243652344 182 38.230194091796875 36.311923980712891 143 135.15362548828125 34.632553100585938 -1 163.35816955566406 203.10812377929688 17 163.35816955566406 203.10812377929688 131 234.36576843261719 167.1788330078125 375 139.89701843261719 184.74919128417969 132 129.66773986816406 190.24539184570312 135 163.35816955566406 203.10812377929688 15 161.28286743164062 91.531265258789062 -1 234.36576843261719 167.1788330078125 378 112.70340728759766 220.22500610351562 184 66.429519653320312 40.929454803466797 252 38.230194091796875 36.311923980712891 -1 193.5911865234375 102.03961944580078 169 226.10604858398438 109.33438873291016 172 156.36190795898438 79.192764282226562 -1 186.51341247558594 96.693771362304688 281 186.51341247558594 96.693771362304688 -1 193.56027221679688 54.544609069824219 309 174.06027221679688 95.243888854980469 -1 174.06027221679688 95.243888854980469 -1 135.15362548828125 34.632553100585938 -1 5.3402080535888672 74.251884460449219 -1 105.58753967285156 205.58572387695312 205 242.01731872558594 165.62898254394531 -1 232.00291442871094 87.692550659179688 -1 157.31095886230469 227.91416931152344 136 201.15983581542969 105.28775024414062 329 5.370182991027832 85.168853759765625 -1 5.370182991027832 85.168853759765625 -1 14.218487739562988 78.248001098632812 262 54.236865997314453 53.458091735839844 255 47.21710205078125 58.412281036376953 138 10.769691467285156 232.20115661621094 25 157.31095886230469 227.91416931152344 134 70.450630187988281 226.74691772460938 26 99.803451538085938 195.73313903808594 -1 199.6572265625 139.6639404296875 171 198.44306945800781 131.77940368652344 347 201.15983581542969 105.28775024414062 282 151.58921813964844 103.51841735839844 535 185.92117309570312 95.299385070800781 281 226.54743957519531 91.518882751464844 250 5.370182991027832 85.168853759765625 187 14.218487739562988 78.248001098632812 212 237.3712158203125 172.6781005859375 -1 121.48833465576172 26.315153121948242 -1 121.48833465576172 26.315153121948242 -1 120.97237396240234 212.87840270996094 -1 237.3712158203125 172.6781005859375 -1 154.68287658691406 121.51241302490234 -1 164.99644470214844 48.467239379882812 -1 159.2889404296875 241.24298095703125 39 74.923492431640625 31.434139251708984 188 89.061721801757812 185.35842895507812 34 113.01971435546875 7.4357833862304688 -1 75.487777709960938 21.327953338623047 413 166.90005493164062 36.001655578613281 -1 60.961872100830078 42.252407073974609 253 65.70819091796875 43.53704833984375 256 39.580589294433594 43.777565002441406 157 25.253240585327148 54.142879486083984 173 24.565652847290039 63.093925476074219 258 169.86589050292969 63.268474578857422 -1 210.22721862792969 63.207698822021484 -1 162.1309814453125 77.47894287109375 -1 215.47477722167969 81.386093139648438 284 248.05545043945312 87.920799255371094 -1 172.45919799804688 88.178718566894531 -1 220.23538208007812 91.280014038085938 260 185.31968688964844 93.491645812988281 -1 179.99626159667969 94.354713439941406 -1 164.10691833496094 101.97349548339844 -1 149.62545776367188 111.61733245849609 331 197.04208374023438 149.88301086425781 31 93.67376708984375 183.29814147949219 41 237.78358459472656 183.64100646972656 224 133.56565856933594 184.32406616210938 254 85.917884826660156 189.77232360839844 139 100.38722991943359 189.65806579589844 36 87.084968566894531 201.45578002929688 38 35.215496063232422 205.46592712402344 536 30.222721099853516 210.38038635253906 -1 166.45095825195312 233.91290283203125 213 159.2889404296875 241.24298095703125 146 165.83624267578125 248.16917419433594 -1 74.923492431640625 31.434139251708984 147 166.90005493164062 36.001655578613281 -1 25.253240585327148 54.142879486083984 -1 162.1309814453125 77.47894287109375 -1 220.23538208007812 91.280014038085938 260 164.10691833496094 101.97349548339844 -1 197.04208374023438 149.88301086425781 40 93.67376708984375 183.29814147949219 33 237.78358459472656 183.64100646972656 226 133.56565856933594 184.32406616210938 -1 85.917884826660156 189.77232360839844 144 100.38722991943359 189.65806579589844 29 87.084968566894531 201.45578002929688 30 165.77392578125 215.15385437011719 44 232.24781799316406 81.892387390136719 291 13.441264152526855 227.56910705566406 145 155.00004577636719 240.55279541015625 -1 128.3675537109375 33.141536712646484 -1 65.626991271972656 37.181755065917969 156 116.68487548828125 3.2138261795043945 -1 62.582023620605469 49.179477691650391 290 14.876584053039551 70.367668151855469 159 151.57127380371094 75.712799072265625 -1 139.26957702636719 215.07357788085938 -1 6.6837801933288574 225.52413940429688 214 19.692686080932617 77.426338195800781 207 113.46109008789062 211.82206726074219 -1 12.220770835876465 78.407966613769531 -1 93.211441040039062 5.2474837303161621 -1 95.401832580566406 19.831071853637695 -1 235.11045837402344 79.157875061035156 280 65.626991271972656 37.181755065917969 175 62.582023620605469 49.179477691650391 419 62.582023620605469 49.179477691650391 257 14.876584053039551 70.367668151855469 -1 151.57127380371094 75.712799072265625 -1 12.220770835876465 78.407966613769531 -1 12.220770835876465 78.407966613769531 -1 12.220770835876465 78.407966613769531 -1 177.72712707519531 90.408035278320312 -1 172.60728454589844 80.010795593261719 -1 219.99600219726562 81.002540588378906 -1 177.72712707519531 90.408035278320312 -1 185.32151794433594 92.310386657714844 -1 192.86090087890625 97.6214599609375 43 228.84982299804688 97.507835388183594 -1 95.401832580566406 19.831071853637695 -1 135.62226867675781 188.48995971679688 148 38.508018493652344 200.52046203613281 -1 166.17892456054688 89.005508422851562 -1 181.19093322753906 88.725990295410156 -1 111.07825469970703 85.447700500488281 -1 7.6223545074462891 81.727630615234375 -1 161.61308288574219 80.885467529296875 -1 183.45201110839844 69.4560546875 -1 190.50096130371094 57.643863677978516 -1 192.46600341796875 51.357860565185547 -1 195.25218200683594 50.128486633300781 -1 60.671092987060547 45.220493316650391 -1 70.487846374511719 44.531909942626953 -1 116.846923828125 36.707187652587891 -1 109.09407043457031 35.917121887207031 -1 167.87675476074219 35.642623901367188 -1 192.46600341796875 51.357860565185547 -1 166.17892456054688 89.005508422851562 -1 153.23329162597656 231.92124938964844 194 146.201171875 237.83061218261719 -1 172.70785522460938 239.89447021484375 192 171.58108520507812 243.10340881347656 215 18.008415222167969 252.89993286132812 -1 171.58108520507812 243.10340881347656 192 172.39704895019531 60.089950561523438 -1 172.70785522460938 239.89447021484375 244 146.201171875 237.83061218261719 191 153.23329162597656 231.92124938964844 164 145.68867492675781 229.51473999023438 195 67.417144775390625 223.87033081054688 -1 143.04795837402344 217.49159240722656 -1 152.24679565429688 203.25669860839844 216 90.342208862304688 198.31791687011719 149 167.87675476074219 35.642623901367188 -1 93.941421508789062 192.51228332519531 -1 190.47395324707031 172.16653442382812 -1 227.2918701171875 80.9259033203125 -1 237.47080993652344 89.645133972167969 -1 233.58160400390625 150.07879638671875 -1 230.56478881835938 148.14509582519531 -1 126.85576629638672 30.648849487304688 -1 225.73992919921875 115.04793548583984 -1 223.32174682617188 113.20563507080078 263 156.04412841796875 96.874687194824219 -1 194.97749328613281 94.656715393066406 345 172.15272521972656 89.523788452148438 -1 114.13208770751953 2.0336766242980957 422 109.09407043457031 35.917121887207031 -1 145.1968994140625 122.72765350341797 -1 
106 0.99874886982880084 0.021825688447341882 0.018370972566581573 0.041071178537398244 0.0021022952413595635 1.3407268620504658 0.6392107217683306 1 000104.png
102.7161865234375 191.75738525390625 -1 102.7161865234375 191.75738525390625 -1 211.36631774902344 176.39125061035156 1 174.61590576171875 192.21101379394531 270 31.161588668823242 238.14764404296875 -1 31.161588668823242 238.14764404296875 -1 174.61590576171875 192.21101379394531 -1 89.510971069335938 29.670305252075195 271 60.169307708740234 201.72654724121094 109 180.92207336425781 44.282859802246094 -1 62.199268341064453 58.687122344970703 272 242.33494567871094 96.940399169921875 -1 84.524169921875 168.76582336425781 -1 109.43190765380859 196.58195495605469 -1 223.78083801269531 195.14720153808594 2 42.684795379638672 217.69224548339844 218 88.204948425292969 236.18218994140625 -1 43.607921600341797 51.863613128662109 112 90.420547485351562 159.63815307617188 208 235.06698608398438 165.25367736816406 113 126.60327911376953 165.54109191894531 -1 61.677070617675781 27.503053665161133 111 193.55953979492188 168.67401123046875 4 132.05335998535156 192.45033264160156 275 193.55953979492188 168.67401123046875 3 90.420547485351562 159.63815307617188 209 114.5504150390625 25.628948211669922 -1 109.68690490722656 221.43507385253906 114 160.446044921875 38.004352569580078 -1 28.427175521850586 41.326190948486328 115 177.07902526855469 70.585777282714844 -1 95.716323852539062 150.42448425292969 123 205.32881164550781 141.022705078125 116 163.93173217773438 220.626220703125 8 214.516357421875 169.59034729003906 6 141.00825500488281 204.64543151855469 121 88.009841918945312 198.42152404785156 120 120.91674041748047 208.6024169921875 124 88.009841918945312 198.42152404785156 117 109.32801818847656 169.68672180175781 119 147.93881225585938 132.44322204589844 -1 98.581390380859375 210.45112609863281 -1 128.61862182617188 16.230632781982422 -1 214.516357421875 169.59034729003906 266 95.716323852539062 150.42448425292969 9 205.32881164550781 141.022705078125 122 233.87773132324219 102.29815673828125 210 97.65679931640625 146.487060546875 123 140.60115051269531 171.89224243164062 -1 149.81013488769531 224.40724182128906 11 60.016136169433594 229.25473022460938 12 70.384803771972656 243.62644958496094 14 132.58952331542969 246.3544921875 125 167.10356140136719 79.544578552246094 -1 110.39942932128906 149.44869995117188 18 133.41133117675781 54.569496154785156 -1 225.03231811523438 78.491470336914062 -1 162.41748046875 96.825172424316406 -1 60.016136169433594 229.25473022460938 10 60.016136169433594 229.25473022460938 247 149.81013488769531 224.40724182128906 7 140.60115051269531 171.89224243164062 -1 140.60115051269531 171.89224243164062 -1 97.65679931640625 146.487060546875 9 167.10356140136719 79.544578552246094 -1 133.41133117675781 54.569496154785156 -1 13.352353096008301 72.655029296875 130 162.34490966796875 211.57377624511719 17 153.029541015625 206.19432067871094 249 237.92277526855469 183.91371154785156 20 150.45066833496094 248.41319274902344 126 158.03413391113281 218.92616271972656 248 162.34490966796875 211.57377624511719 131 153.029541015625 206.19432067871094 13 234.8836669921875 203.4788818359375 16 237.92277526855469 183.91371154785156 24 161.34365844726562 93.993568420410156 -1 71.818870544433594 38.642574310302734 129 162.34490966796875 211.57377624511719 15 179.20079040527344 227.49107360839844 -1 117.56767272949219 231.39378356933594 -1 138.50079345703125 241.11418151855469 23 65.269500732421875 236.4093017578125 28 117.56767272949219 231.39378356933594 -1 179.20079040527344 227.49107360839844 -1 174.018798828125 95.153999328613281 -1 40.082199096679688 30.013294219970703 221 34.347835540771484 36.389297485351562 143 34.347835540771484 36.389297485351562 -1 170.90934753417969 41.228172302246094 -1 65.269500732421875 236.4093017578125 26 40.082199096679688 30.013294219970703 -1 63.523891448974609 40.980842590332031 252 193.52728271484375 54.286388397216797 309 156.47233581542969 78.786087036132812 -1 174.018798828125 95.153999328613281 -1 193.79861450195312 105.34205627441406 169 226.94618225097656 112.66534423828125 172 138.01634216308594 191.81477355957031 132 127.41128540039062 197.9832763671875 135 96.021408081054688 203.51699829101562 -1 110.77877807617188 225.48057556152344 184 151.67662048339844 103.46955108642578 -1 227.66744995117188 94.387001037597656 250 43.731132507324219 58.976585388183594 138 102.46536254882812 44.040275573730469 -1 185.46466064453125 97.591987609863281 -1 87.6715087890625 249.54568481445312 -1 140.02964782714844 255.39138793945312 -1 185.46466064453125 97.591987609863281 281 165.61248779296875 245.66523742675781 213 53.300022125244141 237.46095275878906 22 87.6715087890625 249.54568481445312 -1 131.26008605957031 190.6846923828125 254 126.63861846923828 189.92962646484375 -1 151.67662048339844 103.46955108642578 -1 66.727867126464844 222.37008666992188 27 57.723758697509766 41.590080261230469 253 110.71337890625 210.36369323730469 166 131.26008605957031 190.6846923828125 254 126.63861846923828 189.92962646484375 -1 128.02536010742188 183.99905395507812 251 213.54071044921875 174.47087097167969 -1 98.23297119140625 173.03884887695312 -1 199.72648620605469 144.36271667480469 171 201.27923583984375 108.03429412841797 282 121.52677917480469 26.308664321899414 -1 238.64694213867188 179.04794311523438 -1 172.45332336425781 88.126007080078125 -1 103.88871002197266 50.734653472900391 -1 164.75968933105469 48.482448577880859 -1 109.74591064453125 34.126548767089844 -1 109.74591064453125 34.126548767089844 -1 121.52677917480469 26.308664321899414 -1 110.42881011962891 159.92359924316406 -1 89.948135375976562 190.69772338867188 41 96.94805908203125 197.30653381347656 29 83.177848815917969 208.96771240234375 30 3.8620166778564453 239.2056884765625 -1 137.49928283691406 248.3792724609375 -1 20.570060729980469 63.257717132568359 258 157.70549011230469 252.31953430175781 -1 113.13607788085938 7.3478775024414062 -1 91.4654541015625 10.130518913269043 -1 72.69622802734375 31.095378875732422 147 133.49644470214844 33.199256896972656 -1 166.86689758300781 36.051216125488281 -1 62.975379943847656 43.761253356933594 256 112.92742919921875 43.788120269775391 -1 59.553573608398438 49.362098693847656 257 108.9747314453125 51.489280700683594 -1 21.517238616943359 53.3980712890625 173 188.28892517089844 53.672340393066406 -1 169.932373046875 63.272140502929688 -1 211.97894287109375 64.536003112792969 -1 10.040329933166504 69.292030334472656 159 20.104898452758789 70.610321044921875 163 10.475201606750488 78.399765014648438 212 216.47634887695312 84.006767272949219 284 250.34909057617188 89.519317626953125 -1 179.94261169433594 94.377952575683594 -1 221.35398864746094 94.234687805175781 260 184.47445678710938 94.989479064941406 281 149.47795104980469 111.51064300537109 532 154.37103271484375 121.98582458496094 -1 197.52064514160156 155.67327880859375 31 110.42881011962891 159.92359924316406 -1 117.6258544921875 163.69955444335938 286 219.21650695800781 179.47976684570312 32 215.22941589355469 181.0535888671875 305 220.36077880859375 184.630859375 -1 133.83595275878906 185.88548278808594 -1 89.948135375976562 190.69772338867188 33 85.257049560546875 192.15640258789062 34 94.290611267089844 192.5029296875 390 96.94805908203125 197.30653381347656 36 80.733345031738281 202.89205932617188 37 83.177848815917969 208.96771240234375 38 164.37147521972656 224.22183227539062 44 3.8620166778564453 239.2056884765625 25 137.49928283691406 248.3792724609375 -1 157.70549011230469 252.31953430175781 39 72.69622802734375 31.095378875732422 188 133.49644470214844 33.199256896972656 -1 166.86689758300781 36.051216125488281 -1 59.553573608398438 49.362098693847656 290 59.553573608398438 49.362098693847656 419 108.9747314453125 51.489280700683594 -1 21.517238616943359 53.3980712890625 -1 188.28892517089844 53.672340393066406 -1 20.104898452758789 70.610321044921875 162 10.475201606750488 78.399765014648438 262 221.35398864746094 94.234687805175781 260 184.47445678710938 94.989479064941406 283 149.47795104980469 111.51064300537109 -1 197.52064514160156 155.67327880859375 40 87.255401611328125 209.93069458007812 149 86.999885559082031 205.53451538085938 149 185.12226867675781 169.24075317382812 -1 104.77252960205078 213.22218322753906 205 172.19160461425781 89.4052734375 -1 166.11091613769531 55.350261688232422 -1 185.12226867675781 169.24075317382812 -1 99.711563110351562 174.11470031738281 287 13.569234848022461 68.258979797363281 198 93.599082946777344 5.5236349105834961 -1 62.648838043212891 37.111000061035156 175 125.41142272949219 38.668792724609375 -1 15.386234283447266 56.165596008300781 -1 221.07229614257812 83.465782165527344 -1 104.77252960205078 213.22218322753906 -1 146.98947143554688 251.66046142578125 -1 151.82749938964844 242.30813598632812 194 93.599082946777344 5.5236349105834961 -1 233.33865356445312 84.771835327148438 291 146.98947143554688 251.66046142578125 -1 15.386234283447266 56.165596008300781 -1 11.331681251525879 70.726692199707031 159 125.41142272949219 38.668792724609375 -1 218.84698486328125 72.613662719726562 -1 151.59434509277344 75.669136047363281 -1 13.569234848022461 68.258979797363281 197 62.648838043212891 37.111000061035156 156 221.07229614257812 83.465782165527344 312 239.40293884277344 92.914268493652344 -1 128.32380676269531 33.168193817138672 -1 193.15846252441406 100.16529083251953 43 36.813053131103516 27.004844665527344 -1 230.06460571289062 100.92874145507812 -1 221.70474243164062 102.22299957275391 -1 192.4915771484375 154.24807739257812 232 204.1922607421875 166.02229309082031 -1 18.636978149414062 71.850234985351562 162 218.06483459472656 67.702384948730469 -1 43.224845886230469 60.92852783203125 138 172.2135009765625 60.148330688476562 -1 198.28218078613281 55.066459655761719 -1 18.778264999389648 53.926738739013672 320 192.46009826660156 51.345020294189453 -1 32.399360656738281 43.804214477539062 157 167.95579528808594 35.598655700683594 -1 109.03835296630859 35.887042999267578 -1 192.46009826660156 51.345020294189453 -1 18.778264999389648 53.926738739013672 -1 19.891323089599609 59.121391296386719 -1 172.2135009765625 60.148330688476562 -1 166.173583984375 89.03863525390625 -1 181.07502746582031 88.933372497558594 -1 82.059432983398438 252.85282897949219 -1 108.41539764404297 23.336164474487305 -1 126.79541015625 30.622785568237305 -1 73.210166931152344 34.792030334472656 321 167.95579528808594 35.598655700683594 -1 109.03835296630859 35.887042999267578 -1 19.891323089599609 59.121391296386719 190 114.31210327148438 1.6558302640914917 422 35.139572143554688 43.607395172119141 157 82.059432983398438 252.85282897949219 -1 157.37078857421875 245.47508239746094 245 171.91024780273438 244.88377380371094 42 150.859130859375 211.46829223632812 216 208.4627685546875 170.97224426269531 -1 240.06529235839844 170.14192199707031 -1 200.35452270507812 135.07192993164062 347 114.515625 130.7000732421875 -1 234.53428649902344 124.00833129882812 21 224.69938659667969 117.10943603515625 263 164.83639526367188 105.76020050048828 -1 181.07502746582031 88.933372497558594 -1 116.80644989013672 36.699115753173828 -1 168.48982238769531 252.96145629882812 215 166.173583984375 89.03863525390625 -1 151.36517333984375 88.4063720703125 -1 3.9744303226470947 81.582389831542969 -1 15.410468101501465 78.943069458007812 207 231.9755859375 77.057609558105469 -1 183.53216552734375 73.453956604003906 -1 226.08036804199219 73.104957580566406 -1 7.9967036247253418 72.919776916503906 -1 18.636978149414062 71.850234985351562 163 145.20228576660156 122.76430511474609 -1 107.21106719970703 65.441490173339844 -1 107.21106719970703 65.441490173339844 -1 
107 0.99878225428293543 0.020505133492346173 0.019427854167982112 0.040448813485520603 0.04460565158281047 1.2061793243130665 0.83034001860220441 1 000105.png
102.71373748779297 190.80844116210938 -1 102.71373748779297 190.80844116210938 -1 211.0028076171875 174.78034973144531 1 142.65455627441406 32.940959930419922 -1 151.17160034179688 234.3033447265625 108 61.536952972412109 199.22555541992188 109 90.206001281738281 30.094240188598633 271 179.81430053710938 47.317428588867188 -1 241.45936584472656 96.062355041503906 -1 84.675559997558594 168.776611328125 -1 223.32273864746094 192.71012878417969 2 90.245552062988281 235.54092407226562 -1 193.58184814453125 166.87283325195312 3 63.050121307373047 27.907552719116211 111 160.54862976074219 38.126846313476562 -1 44.895980834960938 51.874542236328125 112 114.56681823730469 25.693592071533203 -1 234.96083068847656 163.57133483886719 113 126.88375854492188 165.32759094238281 -1 193.58184814453125 166.87283325195312 4 132.2071533203125 191.2576904296875 275 110.74944305419922 218.66714477539062 114 29.921030044555664 42.012031555175781 115 147.42909240722656 133.22442626953125 301 205.15396118164062 139.39680480957031 116 89.127471923828125 196.10015869140625 117 100.14792633056641 207.12989807128906 118 128.89656066894531 16.585981369018555 -1 176.88566589355469 70.389999389648438 -1 109.78176116943359 168.0577392578125 119 214.45912170410156 167.85340881347656 6 89.127471923828125 196.10015869140625 120 141.53033447265625 201.76248168945312 121 100.14792633056641 207.12989807128906 -1 164.13789367675781 217.74365234375 8 205.15396118164062 139.39680480957031 122 133.58433532714844 54.92926025390625 -1 184.30915832519531 54.31463623046875 -1 224.78921508789062 77.933479309082031 -1 167.15118408203125 79.485786437988281 -1 133.58433532714844 54.92926025390625 -1 162.38796997070312 96.868659973144531 -1 98.588813781738281 145.01719665527344 123 120.87439727783203 204.87785339355469 124 150.36503601074219 221.33309936523438 7 61.432193756103516 226.24774169921875 12 71.883674621582031 240.04896545410156 14 133.15519714355469 243.40721130371094 125 149.47128295898438 244.68637084960938 126 14.168318748474121 87.014915466308594 -1 61.432193756103516 226.24774169921875 247 71.883674621582031 240.04896545410156 128 61.432193756103516 226.24774169921875 10 150.36503601074219 221.33309936523438 11 98.588813781738281 145.01719665527344 9 167.15118408203125 79.485786437988281 -1 185.84368896484375 91.421485900878906 -1 185.84368896484375 91.421485900878906 -1 234.79289245605469 191.25566101074219 -1 237.70967102050781 181.71487426757812 20 234.79289245605469 191.25566101074219 -1 72.800544738769531 38.925319671630859 129 14.994450569152832 72.901252746582031 130 248.15534973144531 91.059394836425781 -1 110.92355346679688 147.3775634765625 18 237.70967102050781 181.71487426757812 24 162.57656860351562 208.86381530761719 15 153.25704956054688 204.0462646484375 13 153.25704956054688 204.0462646484375 249 162.57656860351562 208.86381530761719 17 162.57656860351562 208.86381530761719 131 41.70477294921875 30.313161849975586 307 106.77651977539062 15.334503173828125 -1 138.45262145996094 189.45037841796875 132 231.97929382324219 129.78691101074219 -1 171.04559326171875 41.987194061279297 -1 64.701988220214844 40.887519836425781 252 66.708999633789062 233.05563354492188 26 156.44964599609375 78.902046203613281 -1 174.03132629394531 95.192550659179688 -1 156.28790283203125 234.77505493164062 134 193.62196350097656 104.62840270996094 169 227.17012023925781 111.95611572265625 172 219.69688415527344 138.3175048828125 -1 127.99110412597656 195.55386352539062 135 156.28790283203125 234.77505493164062 136 174.03132629394531 95.192550659179688 -1 193.51530456542969 54.392505645751953 309 171.04559326171875 41.987194061279297 -1 3.540067195892334 74.397331237792969 -1 3.4415888786315918 85.225440979003906 187 233.08587646484375 90.021217346191406 -1 227.61897277832031 93.624282836914062 250 151.67581176757812 103.45697021484375 532 187.34841918945312 54.925945281982422 -1 44.884502410888672 59.024009704589844 138 185.74688720703125 97.300148010253906 281 96.965995788574219 200.75732421875 -1 31.532276153564453 210.47773742675781 536 5.3040609359741211 237.80056762695312 25 83.509384155273438 194.89068603515625 139 36.125740051269531 36.695423126220703 -1 138.64671325683594 238.09791564941406 23 163.03231811523438 250.22952270507812 -1 201.49826049804688 107.3175048828125 282 131.669189453125 188.51480102539062 254 225.56710815429688 186.74032592773438 -1 59.039543151855469 41.955368041992188 253 166.43710327148438 36.223258972167969 -1 231.95045471191406 153.58607482910156 -1 185.74688720703125 97.300148010253906 -1 102.48095703125 44.033973693847656 -1 163.03231811523438 250.22952270507812 -1 52.260837554931641 53.774372100830078 255 131.669189453125 188.51480102539062 -1 131.669189453125 188.51480102539062 254 201.49826049804688 107.3175048828125 329 233.08587646484375 90.021217346191406 -1 3.4415888786315918 85.225440979003906 -1 187.34841918945312 54.925945281982422 -1 134.04859924316406 33.474071502685547 -1 36.125740051269531 36.695423126220703 143 83.509384155273438 194.89068603515625 144 81.684967041015625 200.35157775878906 37 109.72526550292969 34.207279205322266 -1 109.72526550292969 34.207279205322266 -1 121.52654266357422 26.32794189453125 -1 121.52654266357422 26.32794189453125 -1 137.87689208984375 244.73063659667969 -1 10.511369705200195 78.690605163574219 -1 10.511369705200195 78.690605163574219 -1 73.834403991699219 31.590547561645508 188 36.542343139648438 57.430622100830078 -1 221.37673950195312 93.576385498046875 260 184.88217163085938 94.691192626953125 283 164.05387878417969 101.96364593505859 -1 197.53092956542969 154.04721069335938 40 133.47607421875 184.570556640625 -1 91.053184509277344 188.07267761230469 41 97.794944763183594 194.78422546386719 29 84.236045837402344 206.45381164550781 30 9.0003976821899414 233.44306945800781 145 157.95872497558594 249.01338195800781 -1 157.95872497558594 249.01338195800781 146 10.511369705200195 78.690605163574219 -1 113.12619018554688 7.3871364593505859 -1 73.834403991699219 31.590547561645508 147 112.91950988769531 43.813934326171875 -1 64.080429077148438 43.875648498535156 256 164.97232055664062 48.471706390380859 -1 23.528177261352539 54.11004638671875 173 36.542343139648438 57.430622100830078 -1 22.427209854125977 63.223857879638672 258 169.90977478027344 63.271095275878906 -1 216.20201110839844 83.278472900390625 284 172.35469055175781 88.280738830566406 -1 221.37673950195312 93.576385498046875 260 179.97146606445312 94.488739013671875 -1 184.88217163085938 94.691192626953125 281 164.05387878417969 101.96364593505859 -1 149.55731201171875 111.58480072021484 535 199.18038940429688 143.07275390625 171 197.53092956542969 154.04721069335938 31 214.67681884765625 178.50993347167969 305 128.13031005859375 182.75003051757812 251 133.47607421875 184.570556640625 -1 91.053184509277344 188.07267761230469 33 133.82652282714844 193.40191650390625 148 97.794944763183594 194.78422546386719 36 36.765605926513672 203.90371704101562 539 84.236045837402344 206.45381164550781 38 88.703018188476562 207.34419250488281 149 67.596710205078125 219.87196350097656 27 155.20330810546875 221.10508728027344 -1 9.0003976821899414 233.44306945800781 -1 55.965171813964844 233.97889709472656 22 157.95872497558594 249.01338195800781 39 10.511369705200195 78.690605163574219 212 88.000091552734375 203.02371215820312 149 95.185592651367188 190.35516357421875 390 155.27879333496094 240.57737731933594 245 118.19510650634766 210.85371398925781 -1 96.510002136230469 251.27935791015625 151 95.228584289550781 19.681081771850586 -1 164.71896362304688 221.2471923828125 44 136.07400512695312 236.61006164550781 -1 134.50550842285156 246.013916015625 -1 93.537017822265625 5.5586671829223633 -1 72.842727661132812 249.68580627441406 152 21.013345718383789 59.756359100341797 190 21.013345718383789 59.756359100341797 -1 68.84710693359375 250.085693359375 -1 220.90264892578125 82.815597534179688 312 228.59188842773438 82.925361633300781 -1 233.08642578125 84.012039184570312 291 250.412353515625 89.462486267089844 -1 154.15460205078125 122.5682373046875 -1 193.23812866210938 99.355300903320312 43 229.80030822753906 99.742576599121094 -1 221.53422546386719 101.34564208984375 -1 103.56390380859375 131.484375 189 224.58305358886719 147.08457946777344 -1 225.94554138183594 181.93133544921875 -1 63.782955169677734 37.447597503662109 175 60.632591247558594 49.474361419677734 419 60.632591247558594 49.474361419677734 257 151.60159301757812 75.671051025390625 -1 93.537017822265625 5.5586671829223633 -1 95.228584289550781 19.681081771850586 -1 220.90264892578125 82.815597534179688 -1 250.412353515625 89.462486267089844 -1 134.50550842285156 246.013916015625 -1 134.50550842285156 246.013916015625 -1 68.84710693359375 250.085693359375 -1 128.22467041015625 33.261589050292969 -1 161.21299743652344 77.533576965332031 -1 63.782955169677734 37.447597503662109 156 37.091827392578125 44.018054962158203 157 60.632591247558594 49.474361419677734 290 211.72946166992188 64.169631958007812 -1 12.807109832763672 70.61474609375 159 218.71006774902344 71.965866088867188 -1 161.21299743652344 77.533576965332031 -1 151.60159301757812 75.671051025390625 -1 238.35780334472656 175.67903137207031 -1 211.65446472167969 171.88322448730469 -1 241.66763305664062 170.34626770019531 -1 239.77494812011719 168.37101745605469 -1 185.12281799316406 167.71922302246094 -1 192.38934326171875 151.76739501953125 232 114.53652191162109 129.64289855957031 -1 243.75106811523438 129.11488342285156 160 145.26177978515625 122.82053375244141 -1 224.83732604980469 116.23619842529297 263 156.10719299316406 97.055198669433594 -1 156.06549072265625 92.563957214355469 -1 177.972900390625 89.736709594726562 -1 181.08810424804688 88.851455688476562 -1 166.16465759277344 88.953857421875 -1 5.6935310363769531 81.990707397460938 -1 17.097339630126953 78.449066162109375 207 226.22793579101562 73.1865234375 -1 9.7880840301513672 73.109291076660156 -1 20.362548828125 71.8726806640625 162 109.05621337890625 35.909687042236328 -1 192.48240661621094 51.390331268310547 -1 20.362548828125 71.8726806640625 163 189.39009094238281 61.159736633300781 -1 177.972900390625 89.736709594726562 -1 185.12281799316406 167.71922302246094 -1 110.80337524414062 208.51788330078125 -1 152.03500366210938 239.04159545898438 164 172.7430419921875 245.96366882324219 192 108.31702423095703 23.568376541137695 -1 126.83994293212891 30.627918243408203 -1 36.945987701416016 31.695793151855469 -1 119.63682556152344 34.886669158935547 -1 109.05621337890625 35.909687042236328 -1 172.7430419921875 245.96366882324219 244 116.86176300048828 36.653095245361328 -1 192.48240661621094 51.390331268310547 -1 190.56605529785156 57.573429107666016 -1 114.38472747802734 1.6879698038101196 422 172.27005004882812 60.087356567382812 -1 144.97781372070312 218.88360595703125 -1 222.47340393066406 70.782142639160156 -1 144.92132568359375 244.90780639648438 191 44.530986785888672 60.850700378417969 138 157.90336608886719 241.66630554199219 245 152.03500366210938 239.04159545898438 194 144.20758056640625 236.43406677246094 195 142.701904296875 233.23057556152344 -1 100.00437164306641 226.12956237792969 -1 110.80337524414062 208.51788330078125 166 83.003288269042969 200.14247131347656 -1 230.84635925292969 198.02272033691406 167 211.57212829589844 195.3802490234375 -1 218.71975708007812 177.49809265136719 32 172.70785522460938 80.271621704101562 -1 166.16465759277344 88.953857421875 -1 231.38035583496094 87.770317077636719 -1 33.083656311035156 56.096942901611328 -1 168.03030395507812 35.610496520996094 -1 150.60038757324219 252.78781127929688 168 168.03030395507812 35.610496520996094 -1 205.50579833984375 59.384941101074219 -1 
108 0.99742354051247628 0.042500699589022299 0.02845428883899075 0.0503023340677895 0.32865200684158929 -0.083594873785633003 1.1275121700345276 1 000112.png
99.472938537597656 59.577346801757812 -1 97.997688293457031 183.2523193359375 -1 213.71827697753906 148.41377258300781 1 144.17596435546875 34.143844604492188 -1 38.451187133789062 209.98431396484375 217 125.49414825439453 159.57015991210938 -1 86.1805419921875 25.409324645996094 -1 225.92515563964844 165.87449645996094 2 155.10191345214844 202.45864868164062 108 104.72241973876953 243.24456787109375 -1 104.72241973876953 243.24456787109375 -1 104.72241973876953 243.24456787109375 -1 50.7574462890625 26.280994415283203 112 54.958736419677734 178.60028076171875 218 95.675621032714844 200.22549438476562 178 95.675621032714844 200.22549438476562 -1 117.35782623291016 186.20285034179688 114 115.29906463623047 25.032686233520508 -1 239.62391662597656 139.93901062011719 113 147.74238586425781 131.83537292480469 -1 219.13639831542969 143.37358093261719 6 95.74603271484375 165.50431823730469 117 36.408554077148438 20.494297027587891 115 161.33058166503906 38.584342956542969 -1 95.74603271484375 165.50431823730469 120 87.693496704101562 9.4490776062011719 -1 100.29160308837891 31.553791046142578 -1 47.363430023193359 42.865016937255859 -1 17.766794204711914 50.387386322021484 130 183.19769287109375 59.580142974853516 -1 162.87040710449219 97.748703002929688 -1 100.54078674316406 124.10881042480469 123 168.57952880859375 187.0546875 8 167.0814208984375 79.8968505859375 -1 127.20326232910156 14.237767219543457 -1 93.054351806640625 218.23863220214844 219 210.18287658691406 116.27475738525391 116 137.65150451660156 209.46025085449219 125 151.19566345214844 222.82742309570312 182 106.31453704833984 176.45133972167969 118 210.18287658691406 116.27475738525391 122 87.693496704101562 9.4490776062011719 -1 167.0814208984375 79.8968505859375 -1 100.54078674316406 124.10881042480469 9 9.3453302383422852 199.20223999023438 368 69.08978271484375 190.91644287109375 12 101.97861480712891 121.60003662109375 9 69.08978271484375 190.91644287109375 10 101.97861480712891 121.60003662109375 123 211.48721313476562 76.331520080566406 -1 175.83366394042969 66.691978454589844 -1 111.81431579589844 141.07255554199219 119 156.99406433105469 175.71299743652344 13 166.04624938964844 177.4730224609375 17 49.081111907958984 7.8401041030883789 367 49.081111907958984 7.8401041030883789 221 166.04624938964844 177.4730224609375 15 124.42582702636719 10.687594413757324 -1 77.936630249023438 14.570466995239258 129 199.15095520019531 117.06825256347656 -1 79.261787414550781 203.50691223144531 128 11.815308570861816 189.68998718261719 214 242.12147521972656 97.555702209472656 21 61.266845703125 196.58793640136719 203 156.27995300292969 49.1292724609375 -1 156.4393310546875 79.0767822265625 -1 55.257774353027344 36.351478576660156 239 120.28512573242188 244.01516723632812 -1 118.71987152099609 162.68603515625 -1 223.60749816894531 85.415115356445312 265 232.90455627441406 91.115989685058594 172 174.11515808105469 95.289283752441406 -1 241.63851928710938 155.40138244628906 24 115.72484588623047 195.48387145996094 184 61.266845703125 196.58793640136719 22 50.846420288085938 202.51113891601562 222 143.73846435546875 202.94288635253906 23 156.31224060058594 216.22503662109375 168 97.046005249023438 224.28887939453125 223 131.36585998535156 244.91885375976562 237 153.63282775878906 251.94416809082031 374 156.27995300292969 49.1292724609375 -1 170.99349975585938 42.727203369140625 -1 170.99349975585938 42.727203369140625 -1 135.01202392578125 34.722503662109375 -1 193.48799133300781 54.431079864501953 -1 118.71987152099609 162.68603515625 -1 102.941162109375 211.75672912597656 151 236.81982421875 173.64865112304688 16 241.63851928710938 155.40138244628906 20 135.01202392578125 34.722503662109375 -1 174.11515808105469 95.289283752441406 -1 174.11515808105469 95.289283752441406 -1 48.929679870605469 34.358123779296875 138 102.43053436279297 44.107707977294922 -1 33.670387268066406 48.949691772460938 -1 241.21084594726562 162.49958801269531 224 122.45983123779297 250.12783813476562 -1 140.21788024902344 125.13677215576172 -1 17.478601455688477 201.93057250976562 25 199.05329895019531 83.986015319824219 169 74.095405578613281 196.96958923339844 26 18.816516876220703 193.65354919433594 145 202.77584838867188 128.69493103027344 31 103.18410491943359 169.49520874023438 -1 74.095405578613281 196.96958923339844 28 44.649459838867188 20.70085334777832 157 18.816516876220703 193.65354919433594 225 151.64346313476562 103.33531951904297 -1 241.21084594726562 162.49958801269531 226 189.44514465332031 68.283027648925781 346 202.77584838867188 128.69493103027344 40 189.44514465332031 68.283027648925781 -1 16.935379028320312 57.161369323730469 212 133.16831970214844 217.35348510742188 185 202.09796142578125 58.439430236816406 -1 177.00079345703125 60.50775146484375 -1 169.98048400878906 63.185237884521484 -1 193.02752685546875 66.131690979003906 -1 180.05810546875 94.249732971191406 -1 149.60493469238281 111.59408569335938 -1 113.46609497070312 119.55165100097656 18 204.27581787109375 119.46510314941406 171 196.95368957519531 127.48865509033203 232 92.640777587890625 157.81524658203125 34 89.687347412109375 162.99299621582031 144 103.79305267333984 163.24305725097656 29 94.712837219238281 174.60716247558594 149 28.060897827148438 184.03507995605469 -1 64.733085632324219 185.922119140625 228 161.407958984375 213.45692443847656 146 124.85220336914062 240.54769897460938 241 97.036788940429688 158.09957885742188 33 83.047828674316406 9.8357343673706055 147 90.524398803710938 5.5607476234436035 -1 96.363998413085938 10.751748085021973 -1 79.824310302734375 20.079853057861328 -1 109.15597534179688 24.0640869140625 -1 41.111965179443359 35.412544250488281 -1 21.997812271118164 44.355293273925781 259 4.797701358795166 53.951919555664062 -1 4.3942985534667969 58.674701690673828 -1 83.047828674316406 9.8357343673706055 -1 90.524398803710938 5.5607476234436035 -1 193.02752685546875 66.131690979003906 -1 149.60493469238281 111.59408569335938 -1 97.036788940429688 158.09957885742188 41 89.687347412109375 162.99299621582031 139 103.79305267333984 163.24305725097656 36 28.060897827148438 184.03507995605469 -1 161.407958984375 213.45692443847656 39 189.52880859375 61.680084228515625 -1 7.1636252403259277 61.681118011474609 187 114.25579833984375 2.3281326293945312 -1 78.561782836914062 5.9568395614624023 188 151.56706237792969 75.737899780273438 -1 69.785636901855469 13.927388191223145 156 43.127941131591797 30.87188720703125 -1 161.89431762695312 234.45182800292969 230 29.592174530029297 31.849273681640625 190 128.34564208984375 33.144474029541016 -1 35.308666229248047 34.858268737792969 -1 131.33285522460938 34.788589477539062 -1 42.109794616699219 39.091342926025391 -1 165.17051696777344 49.845066070556641 -1 167.67240905761719 52.569515228271484 -1 177.66552734375 90.450904846191406 -1 109.10678863525391 133.04864501953125 243 3.5179321765899658 50.295658111572266 -1 88.535049438476562 168.78398132324219 37 100.28561401367188 173.60871887207031 -1 164.79631042480469 228.98127746582031 231 29.592174530029297 31.849273681640625 173 151.56706237792969 75.737899780273438 -1 177.66552734375 90.450904846191406 -1 100.28561401367188 173.60871887207031 -1 116.93340301513672 36.666408538818359 -1 89.354949951171875 9.7698554992675781 -1 83.625045776367188 5.9885616302490234 -1 53.828010559082031 5.730339527130127 343 87.879013061523438 3.749220609664917 -1 161.23959350585938 207.63180541992188 245 171.35015869140625 221.08473205566406 244 168.23619079589844 69.848793029785156 -1 188.62742614746094 64.72467041015625 -1 172.70486450195312 60.1177978515625 -1 190.52186584472656 57.706985473632812 -1 192.48487854003906 51.398418426513672 -1 121.41194152832031 40.394683837890625 -1 153.48123168945312 77.722694396972656 -1 161.49180603027344 81.242835998535156 -1 13.820868492126465 41.319255828857422 -1 6.6671323776245117 45.470081329345703 -1 173.95062255859375 50.642246246337891 -1 192.48487854003906 51.398418426513672 -1 153.48123168945312 77.722694396972656 -1 166.23136901855469 89.312591552734375 -1 105.89828491210938 106.58501434326172 -1 111.10866546630859 85.359268188476562 -1 173.95062255859375 50.642246246337891 -1 6.6671323776245117 45.470081329345703 -1 8.8616676330566406 44.171546936035156 -1 13.820868492126465 41.319255828857422 -1 166.23136901855469 89.312591552734375 -1 172.06195068359375 89.539665222167969 -1 156.31059265136719 97.058334350585938 -1 105.89828491210938 106.58501434326172 -1 92.647178649902344 115.78794860839844 611 152.89012145996094 177.38540649414062 -1 174.54818725585938 189.96847534179688 -1 106.18535614013672 103.11416625976562 189 
109 0.99012404902469653 0.075000559746360634 0.081722319914202216 0.085736491697023881 -0.11312300954082882 -1.6457041286433804 0.65313197430053926 1 000116.png
32.612552642822266 104.59038543701172 -1 145.63053894042969 35.558448791503906 -1 128.58621215820312 148.18023681640625 -1 50.37847900390625 165.11843872070312 217 190.59852600097656 128.29168701171875 574 208.65902709960938 150.67645263671875 510 240.61735534667969 143.15390014648438 384 234.53596496582031 90.119056701660156 -1 215.50552368164062 117.54456329345703 -1 80.798561096191406 124.0428466796875 109 163.93846130371094 169.03831481933594 108 103.28861999511719 202.64601135253906 487 163.93846130371094 169.03831481933594 -1 103.28861999511719 202.64601135253906 488 104.72821807861328 87.66162109375 -1 21.185356140136719 20.908580780029297 -1 106.31724548339844 126.36881256103516 117 116.87895202636719 225.24172973632812 -1 100.33347320556641 176.6063232421875 219 162.01908874511719 39.122299194335938 -1 239.18997192382812 121.11164093017578 6 144.74165344238281 152.46211242675781 -1 122.48939514160156 207.22483825683594 400 95.119377136230469 28.373079299926758 -1 95.119377136230469 28.373079299926758 -1 100.33347320556641 176.6063232421875 576 122.48939514160156 207.22483825683594 -1 166.8890380859375 80.254615783691406 -1 162.40951538085938 97.662582397460938 -1 166.21124267578125 143.54254150390625 13 164.19020080566406 156.86129760742188 7 178.43342590332031 155.96623229980469 8 166.8890380859375 80.254615783691406 -1 14.129456520080566 123.48747253417969 -1 156.23590087890625 187.71119689941406 182 118.85289764404297 26.642948150634766 -1 118.85289764404297 26.642948150634766 -1 14.129456520080566 123.48747253417969 -1 166.21124267578125 143.54254150390625 489 157.83729553222656 174.03890991210938 -1 176.24296569824219 68.598594665527344 -1 157.83729553222656 174.03890991210938 -1 24.986764907836914 149.1798095703125 368 9.2756824493408203 28.848186492919922 -1 9.2756824493408203 28.848186492919922 -1 77.809829711914062 146.14546203613281 12 93.427398681640625 165.29129028320312 -1 93.427398681640625 165.29129028320312 -1 125.05422973632812 11.393604278564453 -1 41.410831451416016 34.847988128662109 524 175.91366577148438 145.62408447265625 15 77.809829711914062 146.14546203613281 10 86.575042724609375 159.101806640625 128 120.07302093505859 161.19720458984375 -1 93.427398681640625 165.29129028320312 522 152.72627258300781 199.01908874511719 369 161.17855834960938 92.008415222167969 -1 27.827098846435547 142.13308715820312 582 162.525146484375 181.32734680175781 168 135.19808959960938 206.06787109375 237 126.23799896240234 212.3037109375 385 109.47795104980469 233.69265747070312 -1 69.45355224609375 150.58697509765625 22 143.72421264648438 141.54507446289062 -1 101.45207977294922 33.036655426025391 -1 193.56265258789062 54.44219970703125 -1 175.52731323242188 65.801231384277344 -1 156.50422668457031 79.058242797851562 -1 69.45355224609375 150.58697509765625 203 109.47795104980469 233.69265747070312 -1 59.982574462890625 153.82356262207031 222 107.50841522216797 167.58784484863281 -1 174.91476440429688 95.74359130859375 -1 180.3760986328125 198.96464538574219 244 170.64456176757812 40.947761535644531 -1 117.75106811523438 10.007016181945801 -1 117.75106811523438 10.007016181945801 -1 103.15363311767578 182.84780883789062 223 31.589103698730469 152.55162048339844 25 82.153388977050781 151.943359375 28 151.45352172851562 103.48436737060547 -1 174.91476440429688 95.74359130859375 -1 184.38748168945312 64.932052612304688 -1 82.153388977050781 151.943359375 26 180.3760986328125 198.96464538574219 -1 49.183269500732422 5.5943713188171387 -1 117.75106811523438 10.007016181945801 -1 170.64456176757812 40.947761535644531 -1 116.20692443847656 245.40379333496094 -1 136.72213745117188 217.48506164550781 380 184.38748168945312 64.932052612304688 -1 121.94683074951172 47.906822204589844 -1 121.94683074951172 47.906822204589844 -1 112.85648345947266 98.011871337890625 -1 115.01679229736328 232.71745300292969 -1 179.95199584960938 94.602256774902344 -1 219.31877136230469 95.648582458496094 40 149.50172424316406 111.54190063476562 -1 106.82505798339844 118.95336151123047 -1 99.3868408203125 122.88194274902344 144 100.78913879394531 131.25836181640625 -1 186.043701171875 147.9290771484375 -1 124.31755828857422 178.01007080078125 -1 168.06723022460938 179.49391174316406 146 128.0660400390625 198.47494506835938 241 129.90937805175781 200.89498901367188 -1 157.70823669433594 214.00727844238281 -1 17.443790435791016 13.496397972106934 -1 184.9202880859375 66.398338317871094 -1 112.88124084472656 23.617773056030273 -1 122.44562530517578 41.293869018554688 -1 102.34383392333984 43.634654998779297 -1 120.94975280761719 47.430980682373047 -1 189.90103149414062 62.829654693603516 -1 170.05570983886719 63.217678070068359 -1 168.06723022460938 179.49391174316406 393 112.88124084472656 23.617773056030273 -1 112.88124084472656 23.617773056030273 -1 122.44562530517578 41.293869018554688 -1 120.94975280761719 47.430980682373047 -1 219.31877136230469 95.648582458496094 719 149.50172424316406 111.54190063476562 -1 106.82505798339844 118.95336151123047 -1 99.3868408203125 122.88194274902344 139 100.78913879394531 131.25836181640625 -1 186.043701171875 147.9290771484375 -1 126.28404235839844 30.714122772216797 -1 188.65409851074219 65.1624755859375 -1 151.53323364257812 75.831924438476562 -1 128.40377807617188 33.156623840332031 -1 21.58625602722168 12.354031562805176 -1 12.515426635742188 16.792665481567383 -1 110.66597747802734 120.31995391845703 -1 177.42257690429688 91.164390563964844 -1 167.00503540039062 198.9241943359375 546 167.00503540039062 198.9241943359375 -1 151.53323364257812 75.831924438476562 -1 172.63601684570312 80.0335693359375 -1 177.42257690429688 91.164390563964844 -1 113.79935455322266 124.60283660888672 -1 111.38214874267578 130.1121826171875 -1 103.3388671875 134.27142333984375 149 167.00503540039062 198.9241943359375 231 192.48216247558594 51.400691986083984 -1 102.93166351318359 43.622329711914062 -1 117.05422973632812 36.620304107666016 -1 113.36756896972656 18.656438827514648 -1 105.57307434082031 6.916172981262207 -1 133.99411010742188 225.05406188964844 -1 166.57421875 215.66030883789062 -1 172.07121276855469 89.592231750488281 -1 192.48216247558594 51.400691986083984 -1 168.11515808105469 60.174991607666016 -1 170.46479797363281 194.63792419433594 -1 70.245887756347656 114.54547119140625 -1 45.123851776123047 134.97781372070312 -1 168.31173706054688 173.87625122070312 245 170.46479797363281 194.63792419433594 -1 163.27545166015625 204.94383239746094 -1 168.31173706054688 173.87625122070312 -1 45.123851776123047 134.97781372070312 -1 133.99411010742188 225.05406188964844 -1 41.507854461669922 134.88912963867188 -1 70.245887756347656 114.54547119140625 332 161.5411376953125 80.948898315429688 -1 103.25760650634766 118.81780242919922 -1 133.22798156738281 184.53363037109375 -1 153.52757263183594 77.851539611816406 -1 189.54902648925781 61.483726501464844 -1 172.90635681152344 60.207523345947266 -1 32.202507019042969 145.75144958496094 145 168.11515808105469 60.174991607666016 -1 153.52757263183594 77.851539611816406 -1 253.45368957519531 149.14457702636719 -1 253.45368957519531 149.14457702636719 -1 
110 0.99575672783843627 0.058067550496891787 0.040790869585746244 0.058590131440542932 0.188061036563897 -0.40193252934346324 1.0029257052374416 1 000113.png
91.766792297363281 69.502449035644531 -1 97.669029235839844 175.53868103027344 -1 174.3892822265625 219.821044921875 -1 145.11659240722656 34.877300262451172 -1 41.819816589355469 197.03678894042969 217 125.85569000244141 154.603271484375 -1 81.026580810546875 20.474811553955078 -1 194.916748046875 163.34407043457031 -1 72.991035461425781 151.76167297363281 109 229.75796508789062 157.90643310546875 2 156.4246826171875 191.63493347167969 108 102.49562835693359 230.8134765625 -1 229.75796508789062 157.90643310546875 384 161.5311279296875 39.043006896972656 -1 54.833927154541016 14.087558746337891 112 148.67724609375 134.3660888671875 -1 57.019390106201172 165.9053955078125 218 97.052932739257812 187.786376953125 178 148.67724609375 134.3660888671875 -1 97.052932739257812 187.786376953125 -1 244.40913391113281 132.34101867675781 113 223.2957763671875 134.94967651367188 6 127.29449462890625 14.652948379516602 -1 97.783653259277344 153.65165710449219 117 116.42726898193359 25.885223388671875 -1 116.33824157714844 175.77656555175781 114 94.232795715332031 205.34524536132812 219 13.530743598937988 184.33796691894531 368 138.30943298339844 197.9710693359375 125 151.70088195800781 211.68968200683594 182 194.76126098632812 57.640495300292969 -1 41.733325958251953 11.729513168334961 -1 49.222175598144531 30.445167541503906 -1 205.28935241699219 53.037128448486328 -1 182.94490051269531 59.564949035644531 -1 167.10624694824219 79.987190246582031 -1 162.650634765625 97.700576782226562 -1 214.65435791015625 107.56883239746094 122 100.45855712890625 116.04186248779297 -1 214.65435791015625 107.56883239746094 116 100.45855712890625 116.04186248779297 -1 167.10624694824219 79.987190246582031 -1 170.43110656738281 176.9893798828125 8 124.79635620117188 11.421895027160645 -1 131.28361511230469 231.09002685546875 237 80.736763000488281 189.92796325683594 128 62.324104309082031 183.19540405273438 22 70.892257690429688 177.20985412597656 10 16.539297103881836 175.135986328125 214 140.022705078125 172.94953918457031 -1 167.77593994140625 167.0760498046875 15 158.64506530761719 165.39750671386719 13 133.19291687011719 55.885578155517578 -1 120.19000244140625 231.93632507324219 -1 133.19291687011719 55.885578155517578 -1 167.77593994140625 167.0760498046875 17 70.892257690429688 177.20985412597656 12 62.324104309082031 183.19540405273438 203 120.19000244140625 231.93632507324219 -1 120.19000244140625 231.93632507324219 -1 175.56951904296875 65.816642761230469 -1 204.09306335449219 75.751937866210938 279 156.43354797363281 79.010261535644531 -1 174.17845153808594 95.262161254882812 -1 207.41131591796875 120.81785583496094 31 244.80934143066406 140.50837707519531 378 243.18511962890625 155.62631225585938 -1 144.93672180175781 191.400634765625 23 132.57017517089844 205.42115783691406 185 157.0472412109375 204.62980651855469 168 98.080818176269531 211.414306640625 223 112.75389099121094 231.92538452148438 371 153.48347473144531 239.49754333496094 374 122.32072448730469 239.62008666992188 385 112.85446929931641 130.53926086425781 119 122.32072448730469 239.62008666992188 -1 112.75389099121094 231.92538452148438 373 132.57017517089844 205.42115783691406 -1 244.80934143066406 140.50837707519531 375 207.41131591796875 120.81785583496094 40 174.17845153808594 95.262161254882812 -1 174.17845153808594 95.262161254882812 -1 164.41453552246094 46.41302490234375 -1 134.99246215820312 34.673408508300781 -1 170.84555053710938 41.852512359619141 -1 243.18511962890625 155.62631225585938 -1 170.84555053710938 41.852512359619141 -1 122.97588348388672 8.9134359359741211 -1 115.97787475585938 10.114805221557617 -1 134.99246215820312 34.673408508300781 -1 21.538009643554688 39.240726470947266 130 5.8010244369506836 46.090503692626953 -1 164.41453552246094 46.41302490234375 -1 193.4185791015625 54.429576873779297 -1 124.65377044677734 178.965576171875 -1 245.14813232421875 154.7451171875 224 114.50929260253906 239.9879150390625 -1 144.76136779785156 204.97854614257812 377 75.375946044921875 183.79290771484375 26 245.14813232421875 154.7451171875 226 246.69723510742188 147.60235595703125 20 246.69723510742188 147.60235595703125 24 88.585273742675781 2.1950826644897461 -1 88.585273742675781 2.1950826644897461 -1 151.64706420898438 103.18531036376953 -1 57.896213531494141 23.746044158935547 239 66.645942687988281 16.258247375488281 240 88.585273742675781 2.1950826644897461 -1 96.656982421875 163.08534240722656 149 103.91701507568359 23.095527648925781 -1 114.50929260253906 239.9879150390625 372 101.49863433837891 43.364921569824219 -1 144.76136779785156 204.97854614257812 609 52.772117614746094 186.93916320800781 222 21.755020141601562 186.73892211914062 25 75.375946044921875 183.79290771484375 28 166.77041625976562 36.0772705078125 -1 110.24568176269531 24.521211624145508 -1 52.062862396240234 23.028066635131836 138 166.77041625976562 36.0772705078125 -1 0.66671484708786011 53.566051483154297 -1 177.42988586425781 60.326572418212891 -1 169.99055480957031 63.171768188476562 -1 180.01130676269531 94.375579833984375 -1 149.54620361328125 111.59058380126953 -1 94.581291198730469 145.79325866699219 34 98.907760620117188 146.51815795898438 33 103.24961853027344 146.41835021972656 390 54.80340576171875 147.98402404785156 531 91.898910522460938 151.07310485839844 144 104.66121673583984 157.50315856933594 -1 66.721015930175781 172.12370300292969 228 162.22349548339844 202.47544860839844 146 125.22740173339844 227.19171142578125 241 134.8848876953125 245.48263549804688 380 83.596237182617188 8.1938056945800781 -1 100.50335693359375 8.9481306076049805 -1 96.648063659667969 11.287920951843262 -1 114.17379760742188 31.466251373291016 -1 27.127887725830078 32.932899475097656 259 11.055938720703125 43.625762939453125 -1 134.8848876953125 245.48263549804688 382 100.50335693359375 8.9481306076049805 -1 169.40373229980469 46.46441650390625 -1 149.54620361328125 111.59058380126953 -1 98.907760620117188 146.51815795898438 41 54.80340576171875 147.98402404785156 534 91.898910522460938 151.07310485839844 139 125.73268127441406 38.522758483886719 -1 94.4150390625 110.00925445556641 -1 110.85142517089844 122.7662353515625 -1 114.28327178955078 2.3628859519958496 -1 39.274723052978516 24.911273956298828 -1 128.41157531738281 33.150527954101562 -1 39.596149444580078 33.846366882324219 -1 3.857337474822998 36.395984649658203 -1 129.08131408691406 36.574825286865234 -1 110.85142517089844 122.7662353515625 243 120.54705810546875 47.73419189453125 -1 10.15824031829834 48.306514739990234 187 151.60107421875 75.700469970703125 -1 172.92100524902344 79.766166687011719 -1 240.84840393066406 86.825042724609375 172 177.569580078125 90.651176452636719 -1 250.60697937011719 93.266021728515625 -1 105.52245330810547 151.55267333984375 29 90.474418640136719 156.82145690917969 37 86.724708557128906 191.01945495605469 -1 168.7847900390625 210.18794250488281 -1 162.29617309570312 222.74185180664062 230 136.15116882324219 181.7127685546875 -1 39.274723052978516 24.911273956298828 -1 120.54705810546875 47.73419189453125 -1 10.15824031829834 48.306514739990234 -1 151.60107421875 75.700469970703125 -1 177.569580078125 90.651176452636719 -1 94.4150390625 110.00925445556641 -1 105.52245330810547 151.55267333984375 36 168.7847900390625 210.18794250488281 -1 136.15116882324219 181.7127685546875 -1 116.86843109130859 36.706806182861328 -1 167.96870422363281 35.676311492919922 -1 34.153438568115234 33.779518127441406 163 18.852567672729492 31.607820510864258 -1 126.79314422607422 30.674566268920898 -1 162.63111877441406 29.041536331176758 -1 111.32161712646484 21.214693069458008 -1 253.33589172363281 91.055717468261719 -1 106.18544769287109 6.9367656707763672 -1 73.715667724609375 3.0077352523803711 -1 165.06512451171875 218.55381774902344 231 168.67613220214844 222.96969604492188 381 171.96101379394531 89.717033386230469 -1 166.23068237304688 89.662521362304688 -1 236.11643981933594 79.818534851074219 -1 100.34697723388672 100.91281890869141 -1 34.153438568115234 33.779518127441406 162 167.96870422363281 35.676311492919922 -1 2.9096426963806152 40.943107604980469 -1 174.09713745117188 50.449760437011719 -1 192.485107421875 51.423110961914062 -1 166.23068237304688 89.662521362304688 -1 253.33589172363281 91.055717468261719 -1 236.11643981933594 79.818534851074219 -1 172.56257629394531 209.34124755859375 -1 165.06512451171875 218.55381774902344 -1 154.81564331054688 72.458747863769531 -1 168.09141540527344 70.068008422851562 -1 189.50645446777344 61.384468078613281 -1 172.90699768066406 60.175014495849609 -1 2.4857301712036133 52.326934814453125 -1 192.485107421875 51.423110961914062 -1 73.715667724609375 3.0077352523803711 -1 174.09713745117188 50.449760437011719 -1 48.456768035888672 16.981752395629883 -1 2.9096426963806152 40.943107604980469 -1 108.93668365478516 93.188514709472656 -1 172.56257629394531 209.34124755859375 244 18.852567672729492 31.607820510864258 -1 145.24102783203125 122.90129852294922 -1 118.65760040283203 46.750720977783203 -1 176.00291442871094 97.126884460449219 -1 153.26121520996094 77.791831970214844 -1 162.19075012207031 196.77676391601562 245 118.65760040283203 46.750720977783203 -1 153.26121520996094 77.791831970214844 -1 
111 0.998854645554617 0.020729514533829756 0.019045695581799936 0.038690383313655125 0.21599593251010415 1.0048515177247845 1.2306927342543295 1 000107.png
102.18502807617188 190.52970886230469 -1 102.18502807617188 190.52970886230469 -1 210.721923828125 169.98310852050781 1 143.42481994628906 33.521602630615234 -1 64.792304992675781 194.03884887695312 109 90.426628112792969 29.741687774658203 271 218.63494873046875 56.545322418212891 -1 86.276763916015625 166.59304809570312 -1 153.17326354980469 228.87521362304688 108 86.276763916015625 166.59304809570312 274 93.08135986328125 230.03079223632812 178 93.08135986328125 230.03079223632812 -1 93.689613342285156 154.66448974609375 208 233.78372192382812 159.07647705078125 113 193.62078857421875 162.77525329589844 4 93.689613342285156 154.66448974609375 209 113.65716552734375 212.66558837890625 114 193.62078857421875 162.77525329589844 3 160.43194580078125 38.115692138671875 -1 64.398117065429688 27.652030944824219 111 47.053855895996094 51.277877807617188 112 114.62938690185547 25.639244079589844 -1 213.99679565429688 163.49021911621094 6 142.76995849609375 196.70924377441406 121 92.064994812011719 191.38246154785156 120 103.60745239257812 200.96232604980469 118 164.85008239746094 211.53021240234375 8 110.46482849121094 164.62417602539062 119 32.315093994140625 41.362400054931641 115 150.36054992675781 236.87835693359375 126 142.76995849609375 196.70924377441406 -1 103.60745239257812 200.96232604980469 -1 208.95111083984375 53.590560913085938 -1 147.850830078125 133.14659118652344 301 205.00323486328125 135.75541687011719 116 92.064994812011719 191.38246154785156 117 205.00323486328125 135.75541687011719 122 131.34989929199219 222.67636108398438 181 129.01937866210938 16.725744247436523 -1 223.61112976074219 76.519981384277344 -1 166.91554260253906 79.690109252929688 -1 16.521892547607422 86.627113342285156 -1 162.4078369140625 97.010948181152344 -1 99.843765258789062 143.26026916503906 123 65.389839172363281 220.27580261230469 12 135.39241027832031 236.46331787109375 125 90.934219360351562 246.05682373046875 -1 122.96929931640625 199.94134521484375 124 65.389839172363281 220.27580261230469 10 99.843765258789062 143.26026916503906 9 183.51092529296875 57.692020416259766 -1 166.91554260253906 79.690109252929688 -1 133.50120544433594 55.091636657714844 -1 133.50120544433594 55.091636657714844 -1 176.39120483398438 68.449127197265625 -1 152.56889343261719 215.08697509765625 7 152.56889343261719 215.08697509765625 11 154.19841003417969 199.02549743652344 13 236.66780090332031 176.45890808105469 20 111.84975433349609 143.95884704589844 18 157.89793395996094 114.90110015869141 -1 246.6107177734375 89.821815490722656 -1 17.430110931396484 72.855392456054688 130 74.27801513671875 38.775135040283203 129 82.608634948730469 241.07414245605469 -1 246.6107177734375 89.821815490722656 -1 236.66780090332031 176.45890808105469 24 154.19841003417969 199.02549743652344 249 175.89115905761719 66.631820678710938 -1 148.80667114257812 248.36508178710938 -1 192.40010070800781 152.87641906738281 232 82.608634948730469 241.07414245605469 -1 148.80667114257812 248.36508178710938 182 225.97438049316406 109.20849609375 172 231.6556396484375 127.14433288574219 -1 231.6556396484375 127.14433288574219 -1 214.49801635742188 138.28160095214844 183 242.10035705566406 166.29811096191406 -1 234.47962951660156 166.97795104980469 375 139.946533203125 184.70835876464844 132 129.72557067871094 190.18487548828125 135 163.41302490234375 203.13591003417969 15 120.57072448730469 220.93031311035156 -1 46.665088653564453 235.82972717285156 222 37.265663146972656 36.7076416015625 143 120.57072448730469 220.93031311035156 -1 163.41302490234375 203.13591003417969 17 163.41302490234375 203.13591003417969 131 234.47962951660156 166.97795104980469 378 242.10035705566406 166.29811096191406 -1 174.08045959472656 95.276329040527344 -1 174.08045959472656 95.276329040527344 -1 135.05947875976562 34.362995147705078 -1 171.03073120117188 42.028270721435547 -1 171.03073120117188 42.028270721435547 -1 106.32838439941406 14.942268371582031 -1 135.05947875976562 34.362995147705078 -1 66.432701110839844 40.903400421142578 252 193.56254577636719 54.618572235107422 309 112.82575225830078 220.232177734375 184 156.32164001464844 79.210891723632812 -1 161.2564697265625 91.554969787597656 -1 174.08045959472656 95.276329040527344 -1 193.77532958984375 102.01621246337891 169 231.948486328125 87.743484497070312 -1 186.3140869140625 96.346122741699219 281 130.72088623046875 245.33860778808594 185 133.03092956542969 182.74592590332031 -1 133.03092956542969 182.74592590332031 254 10.701951026916504 232.32365417480469 25 186.3140869140625 96.346122741699219 -1 157.37298583984375 227.86784362792969 134 70.574562072753906 226.67205810546875 26 232.65779113769531 194.50306701660156 16 157.37298583984375 227.86784362792969 136 237.21041870117188 183.8900146484375 226 201.128173828125 105.19087982177734 329 5.3029985427856445 85.14068603515625 -1 5.3029985427856445 85.14068603515625 -1 14.211858749389648 78.250053405761719 212 237.21041870117188 183.8900146484375 224 5.3049511909484863 74.207862854003906 -1 47.229679107666016 58.424873352050781 138 54.235145568847656 53.465400695800781 255 166.37266540527344 36.143337249755859 -1 113.54685974121094 7.7065973281860352 -1 110.24533843994141 173.6488037109375 261 206.80099487304688 108.58758544921875 186 201.128173828125 105.19087982177734 282 151.6402587890625 103.46776580810547 535 185.66825866699219 94.726860046386719 281 226.4974365234375 91.417060852050781 250 5.3029985427856445 85.14068603515625 187 236.45947265625 81.197357177734375 -1 14.211858749389648 78.250053405761719 262 121.49005889892578 26.292150497436523 -1 121.49005889892578 26.292150497436523 -1 74.891380310058594 31.455547332763672 188 76.344184875488281 20.575050354003906 413 60.972377777099609 42.220165252685547 253 165.05067443847656 48.585811614990234 -1 24.555122375488281 63.136360168457031 258 169.89772033691406 63.238643646240234 -1 210.02635192871094 63.111873626708984 -1 182.39002990722656 69.621391296386719 -1 161.88673400878906 77.463508605957031 -1 15.323118209838867 77.766975402832031 212 173.04513549804688 79.011558532714844 -1 215.44869995117188 81.421882629394531 284 221.23294067382812 85.427070617675781 -1 172.439453125 88.243888854980469 -1 220.29298400878906 91.125 260 185.28114318847656 93.582183837890625 -1 180.01731872558594 94.296852111816406 -1 164.216796875 101.80827331542969 -1 149.59776306152344 111.73104858398438 331 105.2235107421875 129.76060485839844 189 223.60121154785156 143.95321655273438 -1 197.06292724609375 149.82011413574219 31 93.733787536621094 183.45176696777344 41 133.67391967773438 184.41212463378906 -1 85.995185852050781 189.74528503417969 139 100.41224670410156 189.58355712890625 36 91.767845153808594 201.16981506347656 149 87.140869140625 201.419189453125 38 34.904018402099609 205.793212890625 536 29.494283676147461 211.41477966308594 -1 166.62117004394531 233.85501098632812 213 159.43180847167969 241.0780029296875 146 164.04388427734375 243.2611083984375 -1 166.12026977539062 247.66679382324219 -1 65.684646606445312 43.579818725585938 256 159.43180847167969 241.0780029296875 39 74.891380310058594 31.455547332763672 147 112.79071044921875 7.392174243927002 -1 161.88673400878906 77.463508605957031 -1 15.323118209838867 77.766975402832031 -1 164.216796875 101.80827331542969 -1 149.59776306152344 111.73104858398438 -1 197.06292724609375 149.82011413574219 40 93.733787536621094 183.45176696777344 33 133.67391967773438 184.41212463378906 254 85.995185852050781 189.74528503417969 144 100.41224670410156 189.58355712890625 29 87.140869140625 201.419189453125 30 192.75923156738281 97.365264892578125 43 228.62693786621094 97.484748840332031 -1 89.300895690917969 185.52760314941406 34 135.54896545410156 188.25762939453125 148 97.251655578613281 201.9105224609375 334 117.62368011474609 214.50320434570312 -1 165.9248046875 215.10289001464844 44 139.54888916015625 215.2738037109375 -1 17.713108062744141 251.25798034667969 -1 116.70079803466797 3.2405893802642822 -1 14.883628845214844 70.3668212890625 159 93.254104614257812 5.3135819435119629 -1 123.39852905273438 36.13134765625 -1 128.38229370117188 33.110984802246094 -1 109.37167358398438 35.214645385742188 -1 65.638496398925781 37.198539733886719 156 62.580272674560547 49.208358764648438 290 65.638496398925781 37.198539733886719 175 62.580272674560547 49.208358764648438 419 62.580272674560547 49.208358764648438 257 14.883628845214844 70.3668212890625 -1 151.56707763671875 75.726287841796875 -1 12.131681442260742 78.439476013183594 -1 12.131681442260742 78.439476013183594 -1 12.131681442260742 78.439476013183594 -1 177.77076721191406 90.516197204589844 -1 19.165733337402344 56.384860992431641 -1 151.56707763671875 75.726287841796875 -1 19.660818099975586 77.610954284667969 207 12.131681442260742 78.439476013183594 -1 235.20671081542969 79.2645263671875 280 227.76669311523438 80.782295227050781 -1 232.04093933105469 82.023696899414062 291 248.31867980957031 87.735267639160156 -1 237.29640197753906 89.366973876953125 -1 177.77076721191406 90.516197204589844 -1 172.48994445800781 60.092918395996094 -1 168.07847595214844 60.202827453613281 -1 23.434417724609375 59.536998748779297 190 190.47242736816406 57.682621002197266 -1 198.3382568359375 55.050193786621094 -1 192.41361999511719 51.3319091796875 -1 146.44439697265625 237.47091674804688 191 70.512458801269531 44.52410888671875 -1 116.87688446044922 36.679325103759766 -1 109.07298278808594 35.968105316162109 -1 132.01777648925781 33.266613006591797 268 126.88330078125 30.631933212280273 -1 114.50090026855469 1.6573872566223145 422 171.780517578125 242.79862976074219 192 167.9368896484375 35.592227935791016 -1 109.07298278808594 35.968105316162109 -1 174.127685546875 50.22552490234375 -1 192.41361999511719 51.3319091796875 -1 168.07847595214844 60.202827453613281 -1 17.76203727722168 69.027862548828125 197 153.55351257324219 77.950714111328125 -1 166.16998291015625 88.965087890625 -1 169.54524230957031 214.7735595703125 193 153.21429443359375 231.87600708007812 194 146.44439697265625 237.47091674804688 -1 171.780517578125 242.79862976074219 215 172.84872436523438 234.67253112792969 42 153.21429443359375 231.87600708007812 164 140.114990234375 232.17559814453125 23 145.78251647949219 229.48147583007812 195 169.54524230957031 214.7735595703125 196 152.03947448730469 203.88459777832031 216 93.999488830566406 192.56138610839844 -1 114.46346282958984 132.56027221679688 -1 251.6673583984375 132.02899169921875 -1 145.27906799316406 123.42713928222656 -1 223.84701538085938 113.59171295166016 263 174.127685546875 50.22552490234375 -1 188.52645874023438 90.554779052734375 -1 166.16998291015625 88.965087890625 -1 181.12617492675781 88.71307373046875 -1 111.01805114746094 85.2149658203125 -1 7.5998611450195312 81.691947937011719 -1 153.55351257324219 77.950714111328125 -1 11.893166542053223 72.835884094238281 -1 225.16940307617188 72.334701538085938 -1 17.76203727722168 69.027862548828125 198 167.9368896484375 35.592227935791016 -1 230.78407287597656 148.03706359863281 -1 
112 0.99886520844715332 0.021147395726413266 0.019062933687524732 0.038179674789609798 0.2233927949664552 1.002248654920034 1.2332917455185357 1 000108.png
102.32819366455078 190.8465576171875 -1 102.32819366455078 190.8465576171875 -1 210.79931640625 169.67152404785156 1 143.37284851074219 33.47735595703125 -1 64.831199645996094 194.08375549316406 109 90.410240173339844 29.645418167114258 271 218.48747253417969 56.476486206054688 -1 86.978767395019531 165.64907836914062 -1 153.36428833007812 228.42108154296875 108 86.978767395019531 165.64907836914062 274 93.576576232910156 229.74305725097656 178 93.576576232910156 229.74305725097656 -1 233.98411560058594 158.9649658203125 113 113.93657684326172 212.58151245117188 114 94.04754638671875 154.08042907714844 208 193.90214538574219 162.58351135253906 4 193.90214538574219 162.58351135253906 3 94.04754638671875 154.08042907714844 209 64.3807373046875 27.565183639526367 111 160.44692993164062 38.090579986572266 -1 114.61581420898438 25.626693725585938 -1 47.051471710205078 51.204742431640625 112 92.259941101074219 191.35076904296875 120 103.82518768310547 200.99397277832031 118 142.95027160644531 196.48880004882812 121 210.19561767578125 53.707687377929688 -1 204.84385681152344 135.69717407226562 116 110.54782104492188 164.51393127441406 119 32.246894836425781 41.390857696533203 115 131.33792114257812 222.17990112304688 181 147.82984924316406 132.43815612792969 301 129.01040649414062 16.696281433105469 -1 123.28585815429688 199.51725769042969 124 103.82518768310547 200.99397277832031 -1 142.95027160644531 196.48880004882812 -1 92.259941101074219 191.35076904296875 117 204.84385681152344 135.69717407226562 122 150.63162231445312 236.66091918945312 126 214.10844421386719 163.04054260253906 6 183.50782775878906 57.750099182128906 -1 132.99137878417969 54.626308441162109 -1 176.35621643066406 68.410858154296875 -1 223.50343322753906 76.315116882324219 -1 166.78041076660156 79.812530517578125 -1 16.440139770507812 86.681892395019531 -1 65.66796875 220.07431030273438 10 162.38154602050781 97.003402709960938 -1 152.17233276367188 214.78109741210938 7 65.66796875 220.07431030273438 12 152.17233276367188 214.78109741210938 11 99.581451416015625 143.43818664550781 9 135.69126892089844 236.30424499511719 125 166.78041076660156 79.812530517578125 -1 132.99137878417969 54.626308441162109 -1 165.53245544433594 211.63876342773438 8 99.581451416015625 143.43818664550781 123 75.784339904785156 233.70211791992188 128 91.042617797851562 245.85513305664062 -1 75.784339904785156 233.70211791992188 14 46.924457550048828 234.92265319824219 222 163.60182189941406 202.36544799804688 131 74.250923156738281 38.714424133300781 129 237.03791809082031 175.86990356445312 20 111.85334777832031 143.78646850585938 18 157.82562255859375 115.10789489746094 -1 246.48391723632812 89.62518310546875 -1 17.401283264160156 72.84832763671875 130 234.455322265625 166.29226684570312 375 135.85203552246094 35.411399841308594 -1 234.455322265625 166.29226684570312 378 154.36418151855469 199.04269409179688 13 246.48391723632812 89.62518310546875 -1 237.03791809082031 175.86990356445312 24 135.85203552246094 35.411399841308594 -1 163.60182189941406 202.36544799804688 15 163.60182189941406 202.36544799804688 17 148.97125244140625 248.05364990234375 -1 148.97125244140625 248.05364990234375 182 140.17671203613281 184.44197082519531 132 235.08221435546875 184.69026184082031 -1 129.94668579101562 190.00125122070312 135 57.854286193847656 227.34625244140625 22 235.08221435546875 184.69026184082031 -1 186.48745727539062 96.532127380371094 -1 174.04885864257812 95.221153259277344 -1 174.04885864257812 95.221153259277344 -1 170.99540710449219 41.882156372070312 -1 170.99540710449219 41.882156372070312 -1 186.00027465820312 58.045780181884766 -1 57.854286193847656 227.34625244140625 203 106.14735412597656 15.057544708251953 -1 66.417198181152344 40.782264709472656 252 193.569580078125 54.630542755126953 309 175.69239807128906 66.067848205566406 -1 156.32698059082031 79.198837280273438 -1 161.28849792480469 91.553184509277344 -1 174.04885864257812 95.221153259277344 -1 186.48745727539062 96.532127380371094 281 193.42521667480469 101.83910369873047 169 226.04000854492188 108.9139404296875 172 38.268791198730469 36.484916687011719 -1 47.204147338867188 58.359588623046875 138 54.246273040771484 53.385646820068359 255 157.69407653808594 227.61598205566406 134 166.44126892089844 36.106037139892578 -1 10.652337074279785 232.28829956054688 25 70.776573181152344 226.73326110839844 26 106.45492553710938 205.1588134765625 205 157.69407653808594 227.61598205566406 136 106.45492553710938 205.1588134765625 -1 237.16658020019531 183.71073913574219 226 133.31233215332031 183.36395263671875 254 201.21809387207031 104.90601348876953 329 5.2099742889404297 85.183151245117188 -1 5.2099742889404297 85.183151245117188 -1 237.16658020019531 183.71073913574219 224 166.44126892089844 36.106037139892578 -1 5.2099742889404297 85.183151245117188 187 38.268791198730469 36.484916687011719 143 113.48016357421875 7.6278572082519531 -1 133.31233215332031 183.36395263671875 -1 225.9278564453125 181.34620666503906 -1 89.157569885253906 148.2919921875 206 199.7222900390625 139.35108947753906 171 214.28819274902344 137.45132446289062 183 117.33828735351562 118.32179260253906 -1 201.21809387207031 104.90601348876953 282 151.60951232910156 103.51203918457031 535 185.79403686523438 94.677574157714844 281 226.34901428222656 91.1756591796875 250 231.85874938964844 87.232879638671875 -1 236.43473815917969 80.985282897949219 -1 5.3527421951293945 74.2254638671875 -1 121.52494049072266 26.331354141235352 -1 121.52494049072266 26.331354141235352 -1 220.1043701171875 80.505516052246094 -1 109.71853637695312 34.293460845947266 -1 60.982734680175781 42.228199005126953 253 65.713409423828125 43.438800811767578 256 39.468914031982422 43.843986511230469 157 165.03390502929688 48.590408325195312 -1 24.56694221496582 63.059364318847656 258 169.86978149414062 63.265045166015625 -1 209.90084838867188 62.980072021484375 -1 14.135105133056641 69.602005004882812 159 161.95014953613281 77.528633117675781 -1 15.08536434173584 77.891510009765625 262 215.36500549316406 81.338211059570312 284 172.3836669921875 88.234901428222656 -1 237.3812255859375 88.756134033203125 -1 220.30084228515625 91.049613952636719 260 185.36610412597656 93.450103759765625 -1 180.05412292480469 94.28167724609375 -1 164.14051818847656 101.87021636962891 -1 149.55986022949219 111.66712188720703 331 154.45797729492188 121.97711181640625 -1 250.97711181640625 136.30546569824219 -1 197.17237854003906 149.31925964355469 31 57.390846252441406 181.3331298828125 332 93.944297790527344 183.22872924804688 33 86.307746887207031 189.6632080078125 139 100.81904602050781 189.42352294921875 36 87.291114807128906 201.32559204101562 38 92.0472412109375 200.96871948242188 149 6.8488402366638184 225.48538208007812 214 159.62350463867188 240.96577453613281 146 166.44105529785156 247.51812744140625 -1 25.41004753112793 54.067047119140625 173 159.62350463867188 240.96577453613281 39 74.961051940917969 31.36247444152832 147 74.961051940917969 31.36247444152832 188 109.71853637695312 34.293460845947266 -1 25.41004753112793 54.067047119140625 -1 161.95014953613281 77.528633117675781 -1 15.08536434173584 77.891510009765625 -1 15.08536434173584 77.891510009765625 212 164.14051818847656 101.87021636962891 -1 197.17237854003906 149.31925964355469 40 93.944297790527344 183.22872924804688 41 86.307746887207031 189.6632080078125 144 100.81904602050781 189.42352294921875 29 87.291114807128906 201.32559204101562 30 117.71379852294922 214.34593200683594 -1 166.15000915527344 214.92337036132812 44 97.752410888671875 185.64732360839844 390 155.47319030761719 240.029296875 -1 65.61328125 37.115535736083984 156 65.61328125 37.115535736083984 175 93.19085693359375 5.2242622375488281 -1 112.68586730957031 7.1871538162231445 -1 62.577091217041016 49.109172821044922 290 128.38409423828125 33.080173492431641 -1 12.097652435302734 78.482505798339844 -1 19.212873458862305 56.394767761230469 -1 220.67341613769531 98.849609375 -1 161.72242736816406 80.7991943359375 -1 62.577091217041016 49.109172821044922 419 62.577091217041016 49.109172821044922 257 19.212873458862305 56.394767761230469 -1 151.61865234375 75.608283996582031 -1 12.097652435302734 78.482505798339844 -1 12.097652435302734 78.482505798339844 -1 12.097652435302734 78.482505798339844 -1 177.79110717773438 90.431022644042969 -1 151.61865234375 75.608283996582031 -1 19.649272918701172 77.534934997558594 207 235.18373107910156 79.297798156738281 280 172.82337951660156 79.778450012207031 -1 177.79110717773438 90.431022644042969 -1 192.87661743164062 97.242385864257812 43 228.95326232910156 97.2581787109375 -1 203.57015991210938 180.00083923339844 -1 135.6722412109375 187.87257385253906 148 97.1766357421875 201.92979431152344 334 228.26194763183594 74.478485107421875 -1 224.69769287109375 72.152572631835938 -1 17.696001052856445 68.9705810546875 198 172.46446228027344 60.091571807861328 -1 23.899349212646484 59.126510620117188 190 190.49130249023438 57.659332275390625 -1 198.08747863769531 54.997802734375 -1 192.48269653320312 51.339012145996094 -1 70.329643249511719 44.540840148925781 -1 116.86962890625 36.677875518798828 -1 145.98881530761719 229.52253723144531 195 98.353553771972656 26.513214111328125 -1 108.95203399658203 13.937143325805664 -1 114.28562164306641 1.8914186954498291 422 167.99026489257812 35.616779327392578 -1 109.06842041015625 35.950046539306641 -1 109.06842041015625 35.950046539306641 -1 17.696001052856445 68.9705810546875 197 153.4783935546875 77.888160705566406 -1 166.18397521972656 88.99432373046875 -1 253.12075805664062 90.641441345214844 -1 251.99217224121094 131.95050048828125 -1 185.10740661621094 163.55517578125 -1 105.99693298339844 222.96116638183594 -1 146.74200439453125 237.41058349609375 -1 165.59687805175781 253.74400329589844 -1 129.86557006835938 238.67097473144531 -1 7.0903129577636719 226.45892333984375 582 165.59687805175781 253.74400329589844 -1 146.74200439453125 237.41058349609375 191 144.60012817382812 226.01211547851562 -1 105.99693298339844 222.96116638183594 -1 152.50315856933594 209.53022766113281 -1 185.10740661621094 163.55517578125 -1 129.86557006835938 238.67097473144531 -1 251.99217224121094 131.95050048828125 -1 168.934814453125 96.888961791992188 -1 167.99026489257812 35.616779327392578 -1 156.26087951660156 96.95086669921875 -1 253.12075805664062 90.641441345214844 -1 14.568249702453613 243.86749267578125 -1 166.18397521972656 88.99432373046875 -1 181.15473937988281 88.729667663574219 -1 232.00711059570312 81.815765380859375 291 7.4760847091674805 81.742691040039062 -1 226.77156066894531 80.680641174316406 -1 153.4783935546875 77.888160705566406 -1 192.48269653320312 51.339012145996094 -1 145.24099731445312 122.81288146972656 -1 247.89558410644531 132.25688171386719 -1 103.20040130615234 43.716594696044922 -1 178.72624206542969 83.773468017578125 -1 
113 0.99858984847386933 0.027261303818009983 0.019008955170661698 0.041398012783181649 0.41222351686137931 0.39710545926304308 1.1099554562160634 1 000110.png
106.18598937988281 57.772426605224609 -1 98.280494689941406 189.88827514648438 -1 211.99177551269531 160.05937194824219 1 143.90083312988281 33.816360473632812 -1 193.03457641601562 75.136894226074219 -1 35.384037017822266 226.68116760253906 217 90.500045776367188 23.201520919799805 271 68.366455078125 45.597782135009766 -1 223.73036193847656 176.50529479980469 2 154.04568481445312 215.529541015625 108 68.366455078125 45.597782135009766 273 114.69477081298828 24.966972351074219 -1 66.015388488769531 17.098054885864258 111 195.89797973632812 153.1531982421875 3 114.69477081298828 24.966972351074219 -1 160.48748779296875 38.057559967041016 -1 94.18792724609375 217.97738647460938 178 116.18088531494141 201.19715881347656 114 195.89797973632812 153.1531982421875 4 176.76930236816406 73.176971435546875 -1 47.319232940673828 40.408599853515625 112 94.084053039550781 180.1729736328125 120 237.23117065429688 87.678901672363281 210 235.82669067382812 149.46458435058594 113 32.358959197998047 32.619224548339844 115 132.16984558105469 211.21487426757812 181 127.22602081298828 14.232803344726562 -1 105.65767669677734 189.62109375 118 237.23117065429688 87.678901672363281 -1 147.73017883300781 132.27810668945312 -1 216.19085693359375 153.71133422851562 6 94.084053039550781 180.1729736328125 117 152.00013732910156 223.9873046875 126 44.865753173828125 57.073463439941406 -1 183.50973510742188 57.600807189941406 -1 151.54714965820312 237.979248046875 182 92.186439514160156 234.78569030761719 219 137.56477355957031 224.453125 125 153.17239379882812 203.12016296386719 7 167.7081298828125 200.3568115234375 8 103.20435333251953 167.52842712402344 211 110.92247772216797 154.02017211914062 119 100.21531677246094 134.84199523925781 9 162.67924499511719 97.30078125 -1 166.83010864257812 79.837532043457031 -1 16.2034912109375 63.204998016357422 130 166.83010864257812 79.837532043457031 -1 206.69389343261719 126.48123168945312 122 67.274856567382812 207.93653869628906 10 100.21531677246094 134.84199523925781 123 153.17239379882812 203.12016296386719 11 67.274856567382812 207.93653869628906 12 92.186439514160156 234.78569030761719 -1 206.69389343261719 126.48123168945312 116 156.1187744140625 189.17704772949219 13 143.97315979003906 245.04275512695312 -1 143.97315979003906 245.04275512695312 -1 77.851409912109375 220.69149780273438 14 165.16822814941406 190.75979614257812 15 135.784912109375 35.080493927001953 -1 45.083244323730469 20.48954963684082 -1 74.979629516601562 28.164726257324219 129 77.851409912109375 220.69149780273438 128 124.71315002441406 11.004919052124023 -1 45.083244323730469 20.48954963684082 221 37.402469635009766 26.56089973449707 143 101.84255981445312 31.978134155273438 -1 135.784912109375 35.080493927001953 -1 206.87132263183594 85.65338134765625 277 20.42047119140625 94.165946960449219 -1 117.59074401855469 172.76106262207031 -1 235.5096435546875 184.33724975585938 16 165.16822814941406 190.75979614257812 17 156.44792175292969 231.73019409179688 168 40.821422576904297 7.567817211151123 -1 112.56939697265625 133.12762451171875 18 170.89163208007812 41.531410217285156 -1 156.61306762695312 48.931148529052734 -1 114.98379516601562 210.11616516113281 184 101.24253845214844 228.06449890136719 151 132.39613342285156 232.60490417480469 185 96.049430847167969 240.79714965820312 223 193.54502868652344 54.575939178466797 -1 175.66084289550781 65.99761962890625 -1 156.40003967285156 79.063133239746094 -1 238.72535705566406 165.62846374511719 20 161.28303527832031 91.699615478515625 -1 195.02786254882812 93.956924438476562 169 174.07991027832031 95.279991149902344 -1 228.34854125976562 100.71964263916016 172 237.380126953125 107.25775909423828 21 59.432308197021484 214.07505798339844 22 143.0828857421875 217.99446105957031 23 59.432308197021484 214.07505798339844 203 238.72535705566406 165.62846374511719 24 174.07991027832031 95.279991149902344 -1 13.682503700256348 220.61048889160156 25 156.61306762695312 48.931148529052734 -1 174.07991027832031 95.279991149902344 -1 170.89163208007812 41.531410217285156 -1 78.0323486328125 21.547151565551758 147 102.18583679199219 43.369827270507812 -1 51.951335906982422 50.449626922607422 239 234.73098754882812 80.371742248535156 -1 159.40402221679688 215.54641723632812 134 72.53497314453125 214.12904357910156 26 8.3304367065429688 211.05912780761719 214 159.40402221679688 215.54641723632812 136 122.56558990478516 8.0490789413452148 -1 98.47784423828125 13.50736141204834 -1 98.47784423828125 13.50736141204834 -1 122.56558990478516 8.0490789413452148 -1 74.682884216308594 201.69908142089844 27 216.13542175292969 128.46139526367188 183 72.53497314453125 214.12904357910156 28 219.24888610839844 96.045295715332031 265 212.26066589355469 96.881759643554688 186 228.29100036621094 82.787429809570312 250 14.121450424194336 69.192001342773438 212 214.12367248535156 66.607833862304688 -1 151.70339965820312 103.42164611816406 -1 121.42873382568359 26.314130783081055 -1 121.42873382568359 26.314130783081055 -1 117.61195373535156 123.85663604736328 -1 101.992919921875 178.25289916992188 29 89.020744323730469 188.79119873046875 30 19.203212738037109 206.99429321289062 -1 13.517048835754395 213.03884887695312 225 161.31961059570312 228.13179016113281 146 93.172210693359375 5.7054610252380371 -1 40.183151245117188 33.631965637207031 157 76.622268676757812 33.890937805175781 -1 165.02702331542969 48.531761169433594 -1 38.933403015136719 52.568141937255859 -1 24.538736343383789 60.147834777832031 163 14.31584358215332 60.663761138916016 159 169.88308715820312 63.272693634033203 -1 182.56829833984375 69.451995849609375 -1 222.55068969726562 71.755104064941406 -1 3.8409667015075684 74.872215270996094 187 6.6340570449829102 78.995986938476562 -1 222.49041748046875 82.703559875488281 260 172.45231628417969 88.209335327148438 -1 180.10504150390625 94.163711547851562 -1 149.59149169921875 111.58912658691406 -1 199.35369873046875 139.51980590820312 31 220.46464538574219 161.32298278808594 32 95.433441162109375 172.68342590332031 33 91.001335144042969 173.24623107910156 34 99.638961791992188 173.25543212890625 390 88.191246032714844 178.36888122558594 144 101.992919921875 178.25289916992188 36 131.77297973632812 180.36061096191406 -1 86.824005126953125 183.81649780273438 37 89.020744323730469 188.79119873046875 38 93.450416564941406 189.27536010742188 149 62.79443359375 203.04306030273438 228 19.203212738037109 206.99429321289062 -1 13.517048835754395 213.03884887695312 145 161.31961059570312 228.13179016113281 39 24.538736343383789 60.147834777832031 162 6.6340570449829102 78.995986938476562 -1 149.59149169921875 111.58912658691406 -1 199.35369873046875 139.51980590820312 40 95.433441162109375 172.68342590332031 41 88.191246032714844 178.36888122558594 139 151.57966613769531 75.717071533203125 -1 172.1728515625 89.427146911621094 -1 217.38894653320312 73.251716613769531 284 8.2488021850585938 75.49041748046875 -1 181.73814392089844 76.991111755371094 -1 188.92845153808594 77.8758544921875 -1 174.77197265625 221.56370544433594 42 193.19808959960938 80.724044799804688 322 184.25566101074219 74.193618774414062 -1 177.70191955566406 90.326873779296875 -1 246.22618103027344 115.46761322021484 160 136.27775573730469 181.48773193359375 -1 98.796524047851562 188.57296752929688 334 42.94012451171875 8.554931640625 -1 93.326957702636719 13.150731086730957 -1 155.26457214355469 218.77250671386719 -1 66.3634033203125 26.955764770507812 156 128.34982299804688 33.197376251220703 -1 39.257297515869141 43.752525329589844 -1 31.653995513916016 47.366508483886719 -1 25.515478134155273 64.452102661132812 -1 162.28941345214844 250.33171081542969 230 17.764707565307617 58.599407196044922 -1 151.57966613769531 75.717071533203125 -1 181.73814392089844 76.991111755371094 -1 177.70191955566406 90.326873779296875 -1 136.27775573730469 181.48773193359375 -1 98.796524047851562 188.57296752929688 -1 155.26457214355469 218.77250671386719 164 89.092208862304688 5.3140568733215332 -1 17.764707565307617 58.599407196044922 259 168.06034851074219 244.67579650878906 -1 9.2743167877197266 71.550811767578125 -1 172.41998291015625 60.086647033691406 -1 17.98588752746582 59.318866729736328 198 1.9146933555603027 57.935169219970703 -1 190.5303955078125 57.675777435302734 -1 9.7944984436035156 53.103954315185547 -1 167.33160400390625 52.261756896972656 -1 192.46047973632812 51.361843109130859 -1 174.04280090332031 50.186920166015625 -1 28.544918060302734 46.685920715332031 -1 65.122177124023438 41.017787933349609 -1 116.90116119384766 36.656867980957031 -1 109.10357666015625 35.949604034423828 -1 167.96133422851562 35.601875305175781 -1 38.436866760253906 29.84379768371582 -1 162.63993835449219 29.01807975769043 -1 49.337871551513672 23.811923980712891 367 108.37139892578125 23.543970108032227 -1 87.225105285644531 19.837497711181641 -1 77.291793823242188 18.644769668579102 -1 79.563888549804688 17.403963088989258 -1 74.407485961914062 17.542655944824219 -1 40.840244293212891 15.608829498291016 -1 38.114528656005859 15.140915870666504 -1 79.895599365234375 14.210335731506348 -1 40.840244293212891 15.608829498291016 -1 89.945823669433594 4.9725079536437988 -1 167.96133422851562 35.601875305175781 -1 109.10357666015625 35.949604034423828 -1 192.46047973632812 51.361843109130859 -1 9.7944984436035156 53.103954315185547 -1 1.9146933555603027 57.935169219970703 -1 17.98588752746582 59.318866729736328 197 166.17218017578125 89.064773559570312 -1 102.13116455078125 119.98451995849609 -1 150.45339965820312 188.28909301757812 -1 88.428443908691406 12.415159225463867 -1 74.643363952636719 206.720458984375 -1 171.41555786132812 235.91026306152344 192 165.10232543945312 244.72264099121094 -1 170.87638854980469 204.18138122558594 193 74.643363952636719 206.720458984375 337 158.46783447265625 221.89204406738281 245 171.97274780273438 234.2764892578125 -1 171.41555786132812 235.91026306152344 -1 114.35073852539062 1.8782132863998413 -1 45.419513702392578 13.643962860107422 344 170.87638854980469 204.18138122558594 196 41.167301177978516 2.7560079097747803 340 165.10232543945312 244.72264099121094 231 195.36886596679688 93.3228759765625 -1 181.00137329101562 88.941200256347656 -1 168.91526794433594 96.859153747558594 -1 102.13116455078125 119.98451995849609 -1 90.995796203613281 127.66130065917969 206 150.45339965820312 188.28909301757812 292 166.17218017578125 89.064773559570312 -1 168.01409912109375 203.96345520019531 44 74.407485961914062 17.542655944824219 -1 
114 0.99796091664567055 0.036730462882055198 0.023941725953712172 0.046386158523426931 0.38548555072184892 0.077461828065157931 1.1566357796162265 1 000111.png
102.24816131591797 58.635456085205078 -1 97.818939208984375 186.24809265136719 -1 212.7999267578125 152.37345886230469 1 144.07583618164062 34.018009185791016 -1 195.86727905273438 73.336647033691406 -1 37.219764709472656 216.00254821777344 217 69.603042602539062 1.202972412109375 -1 169.58580017089844 231.49165344238281 -1 125.75657653808594 160.09637451171875 -1 224.60163879394531 169.26252746582031 2 154.83639526367188 207.23741149902344 108 75.853431701660156 160.09716796875 -1 197.163818359375 145.78903198242188 4 197.163818359375 145.78903198242188 3 114.99285888671875 24.95619010925293 -1 145.63900756835938 152.29762268066406 -1 160.57838439941406 38.207279205322266 -1 49.199565887451172 31.539379119873047 112 117.07562255859375 191.38360595703125 114 54.182228088378906 184.24099731445312 218 237.63185119628906 143.131103515625 113 95.128890991210938 170.74443054199219 117 152.30091857910156 214.039306640625 126 87.896392822265625 13.937464714050293 -1 108.66512298583984 246.94818115234375 -1 95.128890991210938 170.74443054199219 120 217.4912109375 146.57331848144531 6 108.66512298583984 246.94818115234375 -1 34.524490356445312 24.778156280517578 115 47.029571533203125 48.074947357177734 -1 147.69903564453125 132.25393676757812 -1 17.027248382568359 54.914577484130859 130 183.28739929199219 58.963905334472656 -1 167.14579772949219 79.787750244140625 -1 162.85128784179688 97.717430114746094 -1 208.52882385253906 119.58238220214844 116 237.83763122558594 84.961318969726562 -1 92.9443359375 223.90541076660156 219 137.68638610839844 214.54826354980469 125 68.53472900390625 196.79603576660156 10 153.84196472167969 194.09317016601562 7 168.16978454589844 191.53817749023438 8 103.42246246337891 157.82595825195312 211 111.54837036132812 145.60978698730469 119 102.03269958496094 125.36993408203125 9 68.53472900390625 196.79603576660156 12 151.39666748046875 227.87168884277344 182 106.53072357177734 180.13075256347656 118 195.85108947753906 120.92913818359375 -1 167.14579772949219 79.787750244140625 -1 208.52882385253906 119.58238220214844 122 102.03269958496094 125.36993408203125 123 153.84196472167969 194.09317016601562 11 223.92007446289062 75.434638977050781 -1 165.65043640136719 181.97633361816406 17 10.423113822937012 196.67987060546875 214 78.91656494140625 209.52066040039062 128 139.913818359375 172.61509704589844 -1 139.913818359375 172.61509704589844 -1 165.65043640136719 181.97633361816406 15 125.0750732421875 11.614108085632324 -1 39.860431671142578 17.967216491699219 143 209.5159912109375 79.438880920410156 277 139.913818359375 172.61509704589844 -1 156.60415649414062 180.53898620605469 13 235.83436584472656 177.3759765625 16 132.40115356445312 222.43228149414062 -1 171.01596069335938 41.908485412597656 -1 240.33639526367188 158.68832397460938 20 174.10993957519531 95.281990051269531 -1 239.68344116210938 100.64314270019531 21 112.57257843017578 125.43517303466797 18 240.33639526367188 158.68832397460938 24 174.10993957519531 95.281990051269531 -1 115.35250854492188 200.94891357421875 184 60.448032379150391 203.27439880371094 22 16.469396591186523 208.59614562988281 25 143.5821533203125 208.23849487304688 23 102.26913452148438 217.16798400878906 151 132.40115356445312 222.43228149414062 185 96.885978698730469 230.060546875 223 120.50583648681641 249.67526245117188 -1 130.63121032714844 249.98429870605469 237 135.24781799316406 34.736423492431641 -1 77.073814392089844 19.609081268310547 129 196.99604797363281 87.43804931640625 169 135.24781799316406 34.736423492431641 -1 171.01596069335938 41.908485412597656 -1 193.51875305175781 54.521335601806641 -1 175.68080139160156 66.075180053710938 -1 156.42597961425781 79.022384643554688 -1 60.448032379150391 203.27439880371094 203 230.73782348632812 94.345191955566406 172 174.10993957519531 95.281990051269531 -1 47.856815338134766 39.274909973144531 138 103.32139587402344 50.645740509033203 -1 32.697372436523438 53.930561065673828 -1 156.51570129394531 222.0731201171875 168 141.04618835449219 248.73492431640625 -1 156.83831787109375 48.829635620117188 -1 159.59983825683594 205.92091369628906 134 156.83831787109375 48.829635620117188 -1 42.818252563476562 25.349336624145508 157 73.688392639160156 202.98287963867188 28 159.59983825683594 205.92091369628906 136 182.81501770019531 76.692886352539062 -1 182.81501770019531 76.692886352539062 -1 73.688392639160156 202.98287963867188 26 151.69584655761719 103.43447875976562 -1 221.74617004394531 89.590263366699219 265 182.81501770019531 76.692886352539062 -1 15.548436164855957 61.498569488525391 212 221.73709106445312 154.0277099609375 32 200.97067260742188 131.85624694824219 40 200.97067260742188 131.85624694824219 31 107.35107421875 138.34620666503906 243 121.38880920410156 26.37127685546875 -1 121.38880920410156 26.37127685546875 -1 161.3841552734375 218.37411499023438 39 90.142448425292969 178.45497131347656 38 96.208518981933594 10.433808326721191 -1 80.973335266113281 14.155755996704102 147 53.595081329345703 22.495674133300781 -1 78.627670288085938 24.95713996887207 -1 143.78337097167969 33.9423828125 -1 39.496414184570312 40.117225646972656 -1 52.260707855224609 41.436656951904297 239 41.109661102294922 43.877109527587891 -1 20.08568000793457 49.254871368408203 259 27.159156799316406 51.775115966796875 163 177.0596923828125 60.543941497802734 -1 169.91900634765625 63.22796630859375 -1 221.20602416992188 70.969879150390625 -1 172.22584533691406 88.490959167480469 -1 180.07394409179688 94.27349853515625 -1 149.61790466308594 111.53988647460938 -1 195.84367370605469 131.23883056640625 232 96.484100341796875 163.19960021972656 33 92.089958190917969 163.56063842773438 34 100.78475952148438 163.63661193847656 390 89.288169860839844 168.49656677246094 144 120.26663208007812 172.90278625488281 -1 94.432632446289062 179.64990234375 149 64.145584106445312 191.89567565917969 228 161.3841552734375 218.37411499023438 146 157.45936584472656 234.55210876464844 -1 124.88344573974609 246.29940795898438 241 27.159156799316406 51.775115966796875 162 149.61790466308594 111.53988647460938 -1 96.484100341796875 163.19960021972656 41 89.288169860839844 168.49656677246094 139 90.142448425292969 178.45497131347656 30 68.340385437011719 18.544443130493164 156 162.060302734375 239.40286254882812 230 165.12770080566406 240.81175231933594 -1 114.15735626220703 2.287078857421875 -1 50.832454681396484 14.878846168518066 367 248.8822021484375 109.13563537597656 160 128.34405517578125 33.196224212646484 -1 41.346588134765625 35.697845458984375 -1 27.828227996826172 36.628753662109375 190 33.848590850830078 39.207405090332031 -1 107.73196411132812 237.15634155273438 -1 103.11684417724609 168.54466247558594 36 5.7381319999694824 66.141708374023438 187 162.61598205566406 28.924036026000977 -1 88.029273986816406 174.28411865234375 37 151.58343505859375 75.738304138183594 -1 173.00418090820312 79.533470153808594 -1 177.63363647460938 90.377090454101562 -1 61.284145355224609 196.76094055175781 -1 68.340385437011719 18.544443130493164 175 27.828227996826172 36.628753662109375 173 151.58343505859375 75.738304138183594 -1 177.63363647460938 90.377090454101562 -1 155.8240966796875 209.59152221679688 -1 107.73196411132812 237.15634155273438 -1 96.048934936523438 115.56394958496094 206 61.284145355224609 196.76094055175781 -1 155.8240966796875 209.59152221679688 164 103.11684417724609 168.54466247558594 29 164.87217712402344 234.29446411132812 231 104.42002105712891 228.01777648925781 -1 92.584022521972656 231.59263610839844 -1 230.05001831054688 180.522216796875 -1 151.33383178710938 88.629783630371094 -1 9.254486083984375 66.613578796386719 -1 189.45108032226562 69.596168518066406 346 172.40519714355469 60.151279449462891 -1 190.52334594726562 57.690872192382812 -1 192.47930908203125 51.402351379394531 -1 30.706291198730469 38.637611389160156 -1 125.89002990722656 38.143363952636719 -1 116.86666107177734 36.724864959716797 -1 126.78828430175781 30.666706085205078 -1 54.216434478759766 3.2124588489532471 -1 70.068603515625 27.926332473754883 -1 111.56730651855469 20.156656265258789 -1 53.826244354248047 14.127527236938477 -1 58.085811614990234 13.732994079589844 -1 56.98577880859375 10.884032249450684 -1 52.317474365234375 10.812387466430664 343 73.891433715820312 10.619917869567871 -1 76.671371459960938 10.145809173583984 -1 43.714473724365234 7.769930362701416 -1 47.522769927978516 4.8667464256286621 -1 42.526123046875 3.7023718357086182 -1 43.714473724365234 7.769930362701416 -1 76.671371459960938 10.145809173583984 -1 192.47930908203125 51.402351379394531 -1 153.41838073730469 77.874481201171875 -1 166.19660949707031 89.175552368164062 -1 181.0391845703125 88.939521789550781 -1 172.0955810546875 89.484130859375 -1 108.13145446777344 107.59727478027344 -1 99.942893981933594 179.00827026367188 -1 75.633995056152344 195.50950622558594 -1 171.354248046875 225.68489074707031 192 104.42002105712891 228.01777648925781 -1 168.91749572753906 96.922744750976562 -1 107.50770568847656 104.75058746337891 -1 108.13145446777344 107.59727478027344 -1 166.19660949707031 89.175552368164062 -1 153.41838073730469 77.874481201171875 -1 102.88961029052734 109.36964416503906 189 99.942893981933594 179.00827026367188 -1 42.526123046875 3.7023718357086182 -1 152.45866394042969 182.16011047363281 -1 181.0391845703125 88.939521789550781 -1 75.633995056152344 195.50950622558594 337 158.79551696777344 211.28028869628906 245 175.03059387207031 212.14686584472656 42 171.354248046875 225.68489074707031 244 108.13145446777344 107.59727478027344 -1 55.925151824951172 20.183671951293945 264 168.04986572265625 35.608482360839844 -1 168.04986572265625 35.608482360839844 -1 109.13850402832031 23.722806930541992 -1 
115 0.99387185035793679 0.066570406901588955 0.055694220414467359 0.068449103744844947 0.019924207005798375 -0.91954989064575976 0.92867538962180907 1 000114.png
93.797836303710938 164.61729431152344 -1 169.19209289550781 220.6317138671875 -1 145.79161071777344 35.362358093261719 -1 45.093505859375 183.81230163574219 217 185.55427551269531 143.07464599609375 391 199.12355041503906 156.80636596679688 510 185.55427551269531 143.07464599609375 -1 45.612060546875 24.413366317749023 -1 15.681442260742188 35.032085418701172 -1 205.88510131835938 125.17139434814453 3 75.249626159667969 139.13465881347656 109 233.27981567382812 150.96665954589844 384 158.30841064453125 181.42448425292969 108 205.88510131835938 125.17139434814453 4 205.88510131835938 125.17139434814453 -1 251.108642578125 125.27401733398438 113 100.69031524658203 141.325439453125 117 19.005949020385742 152.52540588378906 -1 117.43278503417969 26.3831787109375 -1 161.90885925292969 39.223670959472656 -1 228.118896484375 127.84470367431641 6 106.35034942626953 181.44581604003906 -1 95.627662658691406 192.39886474609375 219 119.14311981201172 222.067138671875 -1 116.03042602539062 240.57363891601562 -1 117.43278503417969 26.3831787109375 -1 139.54670715332031 186.87538146972656 125 152.10554504394531 200.46630859375 182 219.96310424804688 100.05909729003906 116 157.82063293457031 168.65919494628906 7 126.65043640136719 13.524418830871582 -1 11.361757278442383 33.393238067626953 -1 182.67478942871094 58.805152893066406 -1 167.00254821777344 80.10186767578125 -1 118.83343505859375 95.44525146484375 -1 162.59066772460938 97.805404663085938 -1 167.00254821777344 80.10186767578125 -1 20.064903259277344 158.16056823730469 214 219.96310424804688 100.05909729003906 122 141.85142517089844 166.23115539550781 -1 172.29252624511719 167.17088317871094 8 17.504219055175781 169.04412841796875 368 89.388877868652344 182.07156372070312 522 53.051185607910156 17.133821487426758 -1 82.161796569824219 176.09474182128906 128 113.70159149169922 166.77508544921875 -1 72.760154724121094 163.36996459960938 10 169.73114013671875 157.06771850585938 15 239.718017578125 137.87550354003906 -1 101.41820526123047 106.62109375 -1 161.20993041992188 94.291053771972656 -1 132.31927490234375 55.485050201416016 -1 32.549503326416016 52.350749969482422 -1 100.72988128662109 32.667995452880859 -1 169.73114013671875 157.06771850585938 17 148.74046325683594 211.51130676269531 369 101.41820526123047 106.62109375 -1 72.760154724121094 163.36996459960938 12 148.74046325683594 211.51130676269531 370 156.45808410644531 78.980720520019531 -1 161.191650390625 91.905776977539062 -1 211.86039733886719 112.82511138916016 31 247.54043579101562 116.66130065917969 -1 25.790285110473633 172.32315063476562 25 146.71588134765625 180.96327209472656 23 157.94259643554688 193.85755920410156 168 99.097427368164062 198.28726196289062 223 112.72330474853516 218.4671630859375 371 131.59896850585938 219.19728088378906 237 115.09462738037109 225.99880981445312 372 122.6962890625 226.98323059082031 385 32.081916809082031 20.219804763793945 -1 193.60824584960938 54.541213989257812 -1 116.74594116210938 10.5775146484375 -1 116.74594116210938 10.5775146484375 -1 116.74594116210938 10.5775146484375 -1 211.86039733886719 112.82511138916016 -1 247.54043579101562 116.66130065917969 -1 112.72330474853516 218.4671630859375 373 115.09462738037109 225.99880981445312 -1 103.05661773681641 22.351903915405273 -1 153.37356567382812 227.85281372070312 374 175.56515502929688 65.860481262207031 -1 136.59278869628906 60.484939575195312 -1 170.66603088378906 41.519779205322266 -1 4.0709905624389648 40.974651336669922 -1 180.47329711914062 158.86500549316406 -1 250.43708801269531 135.83059692382812 375 174.54731750488281 95.364456176757812 -1 168.74008178710938 91.982566833496094 -1 168.74008178710938 91.982566833496094 -1 170.66603088378906 41.519779205322266 -1 71.254196166992188 4.0367355346679688 -1 27.464912414550781 27.370742797851562 130 111.47247314453125 23.531028747558594 -1 71.254196166992188 4.0367355346679688 -1 168.74008178710938 91.982566833496094 -1 145.35646057128906 193.48056030273438 609 134.31077575683594 193.7110595703125 185 180.47329711914062 158.86500549316406 -1 25.832721710205078 164.79110717773438 225 77.332878112792969 169.44090270996094 26 145.35646057128906 193.48056030273438 377 77.332878112792969 169.44090270996094 28 25.832721710205078 164.79110717773438 145 180.47329711914062 158.86500549316406 -1 98.38800048828125 151.25529479980469 149 155.60980224609375 150.52337646484375 -1 250.43708801269531 135.83059692382812 378 112.72700500488281 105.53659820556641 -1 151.552001953125 103.32135772705078 -1 174.54731750488281 95.364456176757812 -1 251.07002258300781 146.89424133300781 224 251.07002258300781 146.89424133300781 -1 179.97679138183594 94.399604797363281 -1 204.68414306640625 108.96080017089844 -1 149.59483337402344 111.65701293945312 -1 97.008033752441406 133.57521057128906 34 101.09951782226562 134.5001220703125 33 105.28839874267578 134.49264526367188 390 106.50159454345703 145.67218017578125 -1 68.853355407714844 158.25236511230469 228 163.07484436035156 191.42877197265625 146 61.431320190429688 10.992995262145996 239 45.299068450927734 13.775572776794434 -1 38.150932312011719 19.790163040161133 258 15.145648956298828 22.32459831237793 -1 6.4006490707397461 26.019414901733398 -1 15.167046546936035 29.247182846069336 -1 17.050113677978516 32.90655517578125 -1 121.67479705810547 41.751811981201172 -1 121.01380157470703 47.52716064453125 -1 108.89859008789062 51.528388977050781 -1 177.3946533203125 60.377891540527344 -1 121.01380157470703 47.52716064453125 -1 108.89859008789062 51.528388977050781 -1 204.68414306640625 108.96080017089844 -1 149.59483337402344 111.65701293945312 -1 101.09951782226562 134.5001220703125 41 170.00466918945312 63.201305389404297 -1 163.07484436035156 191.42877197265625 393 209.61955261230469 68.592254638671875 279 165.21661376953125 213.56764221191406 -1 165.21661376953125 213.56764221191406 -1 107.60517120361328 139.39530944824219 29 10.315271377563477 25.793472290039062 -1 128.30422973632812 33.236888885498047 -1 151.6011962890625 75.701362609863281 -1 173.00360107421875 79.468544006347656 -1 92.289154052734375 144.06216430664062 37 177.5224609375 90.912727355957031 -1 134.4820556640625 232.18043518066406 380 162.52748107910156 211.54440307617188 230 168.95614624023438 212.72088623046875 381 134.4820556640625 232.18043518066406 382 151.6011962890625 75.701362609863281 -1 177.5224609375 90.912727355957031 -1 165.21661376953125 213.56764221191406 -1 165.21661376953125 213.56764221191406 -1 172.93682861328125 60.173206329345703 -1 192.4700927734375 51.397884368896484 -1 173.98960876464844 50.190853118896484 -1 102.94416809082031 43.571830749511719 -1 116.89339447021484 36.688629150390625 -1 108.970458984375 36.070453643798828 -1 167.73020935058594 32.328758239746094 -1 3.8084855079650879 32.090213775634766 -1 21.030349731445312 29.615238189697266 -1 27.81396484375 21.830709457397461 -1 56.868656158447266 11.111506462097168 -1 106.18284606933594 88.668807983398438 -1 24.768396377563477 20.946624755859375 -1 172.02316284179688 89.597160339355469 -1 163.2530517578125 103.91725158691406 -1 145.11994934082031 122.36943054199219 -1 170.84812927246094 208.62922668457031 -1 185.06503295898438 181.58938598632812 -1 24.768396377563477 20.946624755859375 -1 3.8084855079650879 32.090213775634766 -1 3.8084855079650879 32.090213775634766 -1 108.970458984375 36.070453643798828 -1 173.98960876464844 50.190853118896484 -1 192.4700927734375 51.397884368896484 -1 153.55400085449219 77.914695739746094 -1 185.06503295898438 181.58938598632812 -1 158.01387023925781 226.94984436035156 -1 173.96539306640625 197.67524719238281 -1 172.91300964355469 199.92817687988281 -1 114.27867126464844 1.913698673248291 -1 111.13713073730469 85.913421630859375 -1 153.55400085449219 77.914695739746094 -1 189.48646545410156 61.369022369384766 -1 177.50712585449219 196.49772644042969 -1 163.266357421875 186.24223327636719 245 178.57498168945312 194.19813537597656 -1 177.50712585449219 196.49772644042969 -1 173.96539306640625 197.67524719238281 -1 172.91300964355469 199.92817687988281 -1 173.64260864257812 203.82275390625 -1 165.76034545898438 207.27273559570312 231 128.1937255859375 36.4039306640625 -1 187.22856140136719 176.29969787597656 -1 
116 0.99890266646082382 0.021238989007099571 0.017073019663038185 0.038090422457597847 0.38185696545519521 0.78426781046550942 1.1738335281302039 1 000109.png
102.09254455566406 190.912353515625 -1 102.09254455566406 190.912353515625 -1 211.31777954101562 166.84489440917969 1 143.50181579589844 33.579612731933594 -1 192.73890686035156 75.395538330078125 -1 65.416114807128906 191.23046875 109 90.449058532714844 27.731821060180664 271 66.071998596191406 54.728660583496094 240 86.298583984375 164.16485595703125 -1 223.53939819335938 183.66157531738281 2 154.0716552734375 224.74940490722656 108 86.298583984375 164.16485595703125 274 115.21753692626953 209.64105224609375 114 127.33887481689453 166.15353393554688 -1 194.8070068359375 159.67268371582031 4 239.0142822265625 91.236434936523438 -1 64.649833679199219 25.022035598754883 111 46.887729644775391 48.496757507324219 112 160.44967651367188 38.109054565429688 -1 114.64033508300781 25.418472290039062 -1 114.64033508300781 25.418472290039062 -1 239.0142822265625 91.236434936523438 -1 194.8070068359375 159.67268371582031 3 215.06205749511719 160.08436584472656 6 144.0838623046875 193.87353515625 121 132.53944396972656 219.43351745605469 181 151.56916809082031 233.10186767578125 126 147.86228942871094 132.66436767578125 -1 144.0838623046875 193.87353515625 -1 93.145851135253906 188.46235656738281 120 93.145851135253906 188.46235656738281 117 31.847080230712891 39.296760559082031 115 44.555507659912109 65.734565734863281 -1 235.02763366699219 155.53153991699219 113 127.40777587890625 14.757230758666992 -1 133.24642944335938 54.655811309814453 -1 183.5634765625 57.593818664550781 -1 166.82757568359375 79.730400085449219 -1 15.776116371154785 83.003173828125 -1 162.45356750488281 97.088966369628906 -1 205.51065063476562 132.53578186035156 116 92.087554931640625 243.17658996582031 -1 136.92631530761719 233.1170654296875 125 66.562782287597656 217.11915588378906 12 152.99653625488281 211.55458068847656 7 159.297119140625 111.56085205078125 -1 150.93962097167969 246.12759399414062 -1 150.93962097167969 246.12759399414062 182 92.087554931640625 243.17658996582031 -1 66.562782287597656 217.11915588378906 10 152.99653625488281 211.55458068847656 11 205.51065063476562 132.53578186035156 122 166.82757568359375 79.730400085449219 -1 133.24642944335938 54.655811309814453 -1 100.06372833251953 141.05267333984375 9 100.06372833251953 141.05267333984375 123 166.97163391113281 208.26429748535156 8 124.54180145263672 197.52275085449219 124 110.55949401855469 161.57595825195312 119 76.822914123535156 230.50643920898438 14 76.822914123535156 230.50643920898438 128 175.92762756347656 67.059402465820312 -1 136.22611999511719 35.695205688476562 -1 175.92762756347656 67.059402465820312 -1 237.97422790527344 172.32083129882812 24 164.61256408691406 199.04293823242188 17 136.22611999511719 35.695205688476562 -1 164.61256408691406 199.04293823242188 131 74.354393005371094 35.817878723144531 129 237.97422790527344 172.32083129882812 20 155.37779235839844 196.22215270996094 13 164.61256408691406 199.04293823242188 15 205.57539367675781 91.50067138671875 277 234.174072265625 82.358688354492188 -1 223.49952697753906 74.779693603515625 -1 17.030250549316406 70.592880249023438 130 19.980495452880859 102.82363128662109 -1 226.72976684570312 106.2626953125 172 112.3336181640625 140.60235595703125 18 141.3907470703125 181.62240600585938 132 130.70863342285156 187.40888977050781 135 114.46746826171875 216.39669799804688 184 58.767845153808594 224.0284423828125 22 106.47029876708984 245.24240112304688 -1 95.477462768554688 250.27842712402344 223 58.767845153808594 224.0284423828125 203 174.08462524414062 95.289131164550781 -1 245.35087585449219 87.798896789550781 -1 37.730796813964844 33.576580047607422 -1 171.00265502929688 41.732303619384766 -1 106.47663116455078 202.42350769042969 205 193.4427490234375 147.82536315917969 232 171.00265502929688 41.732303619384766 -1 106.54253387451172 15.19572925567627 -1 37.730796813964844 33.576580047607422 143 66.416053771972656 37.721393585205078 252 193.5701904296875 54.636966705322266 309 156.35556030273438 79.190322875976562 -1 245.35087585449219 87.798896789550781 -1 161.28852844238281 91.588165283203125 -1 174.08462524414062 95.289131164550781 -1 187.38536071777344 94.651863098144531 281 193.95697021484375 99.501266479492188 169 151.67698669433594 103.46748352050781 331 4.4106225967407227 82.697502136230469 187 5.4927811622619629 71.749252319335938 -1 46.774227142333984 56.348239898681641 138 54.121875762939453 50.416851043701172 255 101.75066375732422 44.047985076904297 -1 155.87004089355469 241.27366638183594 168 132.6041259765625 241.794677734375 185 93.567977905273438 235.57655334472656 -1 158.87269592285156 224.23811340332031 136 71.7757568359375 223.59599304199219 28 4.4106225967407227 82.697502136230469 -1 227.14900207519531 88.382179260253906 250 61.017330169677734 38.595802307128906 253 11.780454635620117 229.8555908203125 25 142.33818054199219 227.1932373046875 23 158.87269592285156 224.23811340332031 134 71.7757568359375 223.59599304199219 26 103.6082763671875 210.03031921386719 -1 127.33892059326172 208.88175964355469 -1 114.98192596435547 198.29049682617188 166 213.76948547363281 163.4410400390625 -1 200.72344970703125 136.44746398925781 171 113.36457824707031 129.80487060546875 -1 85.564682006835938 192.35890197753906 37 121.46446990966797 26.308752059936523 -1 46.148883819580078 61.772640228271484 -1 109.79431915283203 34.068378448486328 -1 121.46446990966797 26.308752059936523 -1 109.79431915283203 34.068378448486328 -1 160.82772827148438 237.55157470703125 146 167.71368408203125 244.06234741210938 -1 75.527992248535156 28.782665252685547 147 31.017139434814453 207.75259399414062 -1 112.74026489257812 7.3385524749755859 -1 61.078239440917969 39.448768615722656 253 65.616783142089844 40.705875396728516 256 39.195297241210938 41.415809631347656 157 75.924263000488281 41.568092346191406 -1 165.11044311523438 48.733989715576172 -1 24.909603118896484 51.684402465820312 173 51.073253631591797 58.120941162109375 -1 169.88929748535156 63.273544311523438 -1 161.78866577148438 77.486824035644531 -1 216.01029968261719 78.361328125 284 235.91917419433594 80.11883544921875 -1 180.00755310058594 82.623878479003906 -1 172.40301513671875 88.296737670898438 -1 221.0872802734375 88.469856262207031 260 180.11067199707031 94.228775024414062 -1 183.96562194824219 97.485099792480469 -1 149.61033630371094 111.66176605224609 -1 198.30987548828125 146.13710021972656 31 201.54800415039062 151.85523986816406 -1 209.57524108886719 160.4344482421875 392 219.39677429199219 168.42169189453125 32 57.458576202392578 179.55372619628906 332 94.703758239746094 180.66551208496094 33 90.169120788574219 182.01658630371094 34 99.024765014648438 182.12690734863281 390 137.31195068359375 186.50413513183594 148 87.15911865234375 186.75303649902344 139 101.47801208496094 186.61309814453125 36 98.036170959472656 197.40570068359375 334 88.173553466796875 198.10891723632812 38 92.920021057128906 198.06288146972656 149 72.367301940917969 210.795654296875 27 7.3833856582641602 222.2044677734375 214 61.331790924072266 224.59391784667969 22 160.82772827148438 237.55157470703125 39 167.71368408203125 244.06234741210938 -1 75.527992248535156 28.782665252685547 188 24.909603118896484 51.684402465820312 -1 161.78866577148438 77.486824035644531 -1 180.11067199707031 94.228775024414062 -1 183.96562194824219 97.485099792480469 -1 149.61033630371094 111.66176605224609 -1 198.30987548828125 146.13710021972656 40 94.703758239746094 180.66551208496094 41 87.15911865234375 186.75303649902344 144 101.47801208496094 186.61309814453125 29 88.173553466796875 198.10891723632812 30 65.577247619628906 34.520153045654297 175 209.71966552734375 165.04069519042969 394 31.170022964477539 54.829120635986328 -1 14.318439483642578 67.858871459960938 159 23.219257354736328 68.305923461914062 163 19.436643600463867 74.236091613769531 207 151.59413146972656 75.670486450195312 -1 11.61759090423584 76.514984130859375 -1 173.1790771484375 79.252288818359375 -1 182.52413940429688 80.34320068359375 -1 238.18756103515625 86.240310668945312 -1 62.558952331542969 46.373989105224609 290 177.74943542480469 90.349014282226562 -1 224.28346252441406 107.14305114746094 310 224.0152587890625 110.63991546630859 263 167.37709045410156 211.85395812988281 44 150.53219604492188 237.03736877441406 553 78.273063659667969 238.87193298339844 152 101.38115692138672 240.81684875488281 151 75.928359985351562 32.737514495849609 -1 158.29971313476562 229.59902954101562 245 126.28757476806641 38.193672180175781 -1 62.558952331542969 46.373989105224609 419 62.558952331542969 46.373989105224609 257 31.170022964477539 54.829120635986328 -1 14.318439483642578 67.858871459960938 -1 23.219257354736328 68.305923461914062 162 151.59413146972656 75.670486450195312 -1 11.61759090423584 76.514984130859375 -1 11.61759090423584 76.514984130859375 -1 116.70508575439453 3.2798759937286377 -1 93.2039794921875 5.2183065414428711 -1 122.85198974609375 8.0190773010253906 -1 94.836563110351562 17.9439697265625 -1 75.928359985351562 32.737514495849609 -1 128.32986450195312 33.199661254882812 -1 65.577247619628906 34.520153045654297 156 126.28757476806641 38.193672180175781 -1 6.9685325622558594 79.788604736328125 -1 21.018039703369141 77.1038818359375 -1 163.4974365234375 75.079559326171875 -1 16.362466812133789 75.038993835449219 -1 26.41326904296875 70.85186767578125 -1 11.566158294677734 70.588027954101562 -1 6.7998089790344238 86.355422973632812 -1 172.48202514648438 60.083103179931641 -1 190.51103210449219 57.648117065429688 -1 22.964288711547852 57.419570922851562 190 192.42817687988281 51.337535858154297 -1 55.852706909179688 50.583694458007812 -1 174.20065307617188 49.705196380615234 -1 64.731971740722656 48.400623321533203 -1 70.73480224609375 41.583591461181641 -1 109.085693359375 35.918148040771484 -1 109.085693359375 35.918148040771484 -1 174.20065307617188 49.705196380615234 -1 55.852706909179688 50.583694458007812 -1 192.42817687988281 51.337535858154297 -1 6.9685325622558594 79.788604736328125 -1 166.16960144042969 89.021598815917969 -1 158.97175598144531 187.98100280761719 -1 114.42192077636719 1.7863491773605347 422 126.93166351318359 30.668682098388672 -1 158.97175598144531 187.98100280761719 -1 153.56880187988281 199.27880859375 216 87.053550720214844 192.31509399414062 -1 154.93869018554688 228.22512817382812 164 114.50482177734375 124.6141357421875 -1 145.2576904296875 122.91115570068359 -1 220.94253540039062 105.34222412109375 265 116.79178619384766 36.713577270507812 -1 160.53170776367188 231.08189392089844 245 9.7717123031616211 63.424625396728516 -1 208.45819091796875 97.589813232421875 317 168.98092651367188 96.901115417480469 -1 145.6243896484375 222.96563720703125 195 230.46061706542969 189.02378845214844 167 156.01701354980469 96.864105224609375 -1 172.203857421875 89.464653015136719 -1 181.01004028320312 88.806915283203125 -1 166.16960144042969 89.021598815917969 -1 191.78005981445312 87.053535461425781 322 111.03298950195312 85.201370239257812 -1 165.03358459472656 253.68087768554688 -1 12.122733116149902 222.80352783203125 145 168.08718872070312 35.541526794433594 -1 232.20584106445312 79.375396728515625 291 168.08718872070312 35.541526794433594 -1 
117 0.992650629964691 0.068103925202597157 0.067327681615846832 0.073983548785768752 -0.18871144564575792 -1.2691818779689619 0.82748770212992406 1 000115.png
145.802490234375 35.377056121826172 -1 46.258430480957031 176.68244934082031 217 168.2152099609375 218.17414855957031 -1 185.90187072753906 136.78353881835938 -1 185.90187072753906 136.78353881835938 763 91.762924194335938 28.317127227783203 -1 208.31544494628906 121.9984130859375 -1 76.962890625 133.06890869140625 109 235.2679443359375 148.16357421875 384 159.8475341796875 176.64505004882812 108 101.42839813232422 211.68392944335938 487 208.31544494628906 121.9984130859375 3 101.42839813232422 211.68392944335938 488 89.398429870605469 153.87629699707031 764 102.27365875244141 135.32679748535156 117 182.01130676269531 57.489776611328125 -1 128.16546630859375 15.359521865844727 -1 162.08575439453125 39.048858642578125 -1 230.60600280761719 124.52748107910156 6 96.453018188476562 186.03575134277344 219 119.14198303222656 216.08311462402344 -1 115.77900695800781 233.729248046875 -1 119.14198303222656 216.08311462402344 400 12.969751358032227 25.857151031494141 -1 118.19754028320312 26.661701202392578 -1 176.20309448242188 68.597114562988281 -1 166.99665832519531 80.151130676269531 -1 119.03221893310547 94.761238098144531 -1 222.81834411621094 96.490631103515625 775 162.47525024414062 97.706962585449219 -1 161.44644165039062 150.5281982421875 13 152.53413391113281 195.21530151367188 182 173.53041076660156 162.61949157714844 8 21.654022216796875 148.87272644042969 214 158.74884033203125 163.37091064453125 7 106.51577758789062 176.57998657226562 -1 142.51966857910156 162.68846130371094 -1 118.19754028320312 26.661701202392578 -1 166.99665832519531 80.151130676269531 -1 10.602724075317383 138.53544616699219 -1 161.44644165039062 150.5281982421875 489 142.51966857910156 162.68846130371094 -1 19.386333465576172 160.95455932617188 368 10.602724075317383 138.53544616699219 -1 82.966102600097656 169.44729614257812 128 90.247673034667969 175.16629028320312 522 132.94769287109375 180.34773254394531 -1 141.3160400390625 182.547119140625 125 149.16168212890625 206.26054382324219 369 73.807632446289062 156.65992736816406 12 170.95730590820312 152.63894653320312 17 132.94769287109375 180.34773254394531 -1 57.80816650390625 9.9092292785644531 -1 34.886814117431641 45.873691558837891 524 133.38298034667969 56.226551055908203 -1 216.84886169433594 112.00912475585938 -1 242.23587036132812 134.73025512695312 -1 170.95730590820312 152.63894653320312 15 73.807632446289062 156.65992736816406 10 161.17990112304688 91.961433410644531 -1 99.623931884765625 192.16433715820312 223 177.49314880371094 204.55926513671875 244 131.88340759277344 213.68722534179688 237 232.52851867675781 99.707252502441406 -1 177.49314880371094 204.55926513671875 -1 115.36224365234375 219.533203125 372 107.21954345703125 243.28660583496094 -1 175.50531005859375 65.796653747558594 -1 156.51455688476562 78.925346374511719 -1 123.16460418701172 220.74320983886719 385 214.81658935546875 110.00745391845703 31 22.727296829223633 153.51033020019531 582 65.590126037597656 161.67816162109375 22 27.223455429077148 164.58499145507812 25 56.149158477783203 165.41595458984375 222 158.52827453613281 188.83653259277344 168 65.590126037597656 161.67816162109375 203 193.55393981933594 54.446548461914062 -1 101.65718841552734 32.957450866699219 -1 103.32767486572266 22.940034866333008 -1 34.968833923339844 14.402041435241699 -1 5.1544928550720215 25.330318450927734 -1 170.64476013183594 41.301567077636719 -1 112.86128234863281 212.33503723144531 373 145.90672302246094 187.91932678222656 -1 145.90672302246094 187.91932678222656 377 78.143707275390625 162.733642578125 26 249.94703674316406 112.58495330810547 -1 216.803466796875 100.60969543457031 -1 174.70913696289062 95.419532775878906 -1 168.84748840332031 91.977989196777344 -1 168.84748840332031 91.977989196777344 -1 170.64476013183594 41.301567077636719 -1 174.70913696289062 95.419532775878906 -1 112.77947998046875 101.83341979980469 -1 216.803466796875 100.60969543457031 -1 153.62809753417969 222.13101196289062 374 112.86128234863281 212.33503723144531 371 145.90672302246094 187.91932678222656 609 78.143707275390625 162.733642578125 28 249.94703674316406 112.58495330810547 -1 151.55293273925781 103.45799255371094 -1 168.84748840332031 91.977989196777344 -1 189.76951599121094 62.024188995361328 -1 63.70965576171875 4.8028311729431152 -1 18.459760665893555 17.358509063720703 -1 9.4722213745117188 21.1234130859375 -1 121.669921875 41.611392974853516 -1 121.25113677978516 47.691574096679688 -1 170.01296997070312 63.159934997558594 -1 216.27517700195312 67.500892639160156 -1 107.99000549316406 92.205986022949219 -1 179.95884704589844 94.489875793457031 -1 149.55441284179688 111.55665588378906 -1 102.32477569580078 128.43048095703125 33 106.63292694091797 128.80525207519531 390 94.979255676269531 132.32859802246094 144 107.62300109863281 139.25465393066406 -1 99.299530029296875 144.16404724121094 149 181.17063903808594 154.62200927734375 -1 26.828376770019531 157.74601745605469 145 163.77903747558594 186.56304931640625 146 125.37908172607422 208.1466064453125 241 134.46305847167969 226.0947265625 380 131.08822631835938 233.20068359375 -1 131.08822631835938 233.20068359375 -1 121.25113677978516 47.691574096679688 -1 149.55441284179688 111.55665588378906 -1 102.32477569580078 128.43048095703125 41 94.979255676269531 132.32859802246094 139 26.828376770019531 157.74601745605469 225 26.828376770019531 157.74601745605469 788 163.77903747558594 186.56304931640625 393 134.46305847167969 226.0947265625 382 126.37126922607422 30.70684814453125 -1 109.04267883300781 133.50161743164062 -1 93.382064819335938 137.80427551269531 37 162.915283203125 206.53459167480469 230 47.566818237304688 8.8490886688232422 -1 13.612542152404785 20.084403991699219 -1 23.46735954284668 24.43037223815918 -1 112.20333099365234 28.410478591918945 -1 177.47718811035156 90.921669006347656 -1 128.21017456054688 33.299179077148438 -1 123.51089477539062 36.125011444091797 -1 252.47959899902344 135.01641845703125 -1 151.61280822753906 75.712326049804688 -1 188.56338500976562 65.259971618652344 -1 151.61280822753906 75.712326049804688 -1 173.00967407226562 79.438667297363281 -1 88.025390625 187.76303100585938 491 211.51799011230469 101.42002105712891 719 177.47718811035156 90.921669006347656 -1 211.51799011230469 101.42002105712891 40 162.915283203125 206.53459167480469 231 136.61759948730469 188.87799072265625 185 159.64599609375 212.571533203125 -1 153.83671569824219 234.63619995117188 -1 252.47959899902344 135.01641845703125 -1 148.81645202636719 243.62527465820312 -1 144.58563232421875 252.02407836914062 -1 100.84822082519531 92.99468994140625 -1 172.00157165527344 89.658485412597656 -1 161.63790893554688 80.916183471679688 -1 189.54557800292969 61.403812408447266 -1 172.56568908691406 60.247966766357422 -1 168.15235900878906 60.164382934570312 -1 192.49140930175781 51.426822662353516 -1 173.92218017578125 50.382102966308594 -1 111.03086090087891 85.633018493652344 -1 109.05118560791016 35.913009643554688 -1 167.73532104492188 32.292922973632812 -1 8.7592296600341797 29.089275360107422 -1 7.3641963005065918 26.980100631713867 -1 12.414861679077148 24.910970687866211 -1 104.92440032958984 7.0825490951538086 -1 42.833488464355469 6.4886474609375 -1 116.93397521972656 36.676128387451172 -1 7.3641963005065918 26.980100631713867 -1 109.05118560791016 35.913009643554688 -1 173.92218017578125 50.382102966308594 -1 192.49140930175781 51.426822662353516 -1 168.15235900878906 60.164382934570312 -1 111.03086090087891 85.633018493652344 -1 100.84822082519531 92.99468994140625 -1 161.25382995605469 180.732177734375 245 168.83250427246094 198.37057495117188 -1 166.35560607910156 201.86521911621094 -1 158.48291015625 221.14424133300781 -1 163.10342407226562 222.48252868652344 -1 156.89295959472656 229.19770812988281 -1 166.35560607910156 201.86521911621094 231 161.25382995605469 180.732177734375 -1 89.0528564453125 167.16827392578125 -1 57.262569427490234 127.55903625488281 -1 114.45158386230469 125.94467926025391 -1 73.450103759765625 113.45546722412109 783 80.90545654296875 107.02877807617188 -1 109.07225036621094 189.12942504882812 -1 168.83250427246094 198.37057495117188 -1 104.92440032958984 7.0825490951538086 -1 153.34880065917969 77.851524353027344 -1 164.10809326171875 180.64765930175781 245 153.34880065917969 77.851524353027344 -1 
118 0.98860582393824803 0.068164149701000126 0.095043409267717857 0.094757184032064262 0.075602055615123551 -2.1782503171394345 0.59253907648929116 1 000117.png
36.699993133544922 99.253494262695312 -1 172.03671264648438 212.33981323242188 -1 145.05282592773438 35.778427124023438 -1 215.14048767089844 150.19569396972656 510 54.301654815673828 156.86051940917969 217 195.39736938476562 123.07823181152344 574 127.73896026611328 148.57383728027344 648 127.17747497558594 160.32328796386719 -1 167.28324890136719 163.80754089355469 512 129.09037780761719 203.38771057128906 400 167.28324890136719 163.80754089355469 108 104.78221130371094 86.866111755371094 649 26.047807693481445 15.810626983642578 -1 31.663719177246094 122.85929870605469 511 253.1114501953125 121.47991180419922 -1 105.80399322509766 170.80181884765625 219 118.70663452148438 219.70465087890625 -1 118.70663452148438 219.70465087890625 518 105.80399322509766 170.80181884765625 576 71.545158386230469 126.97264099121094 218 161.80482482910156 39.346088409423828 -1 239.35684204101562 88.172981262207031 -1 109.63370513916016 121.28278350830078 117 119.23716735839844 26.611873626708984 -1 182.97598266601562 59.545944213867188 -1 166.94692993164062 80.328643798828125 -1 162.22172546386719 97.378837585449219 -1 171.39642333984375 139.97889709472656 13 138.53187561035156 211.81069946289062 517 176.22763061523438 68.684440612792969 -1 127.12545013427734 13.988175392150879 -1 171.39642333984375 139.97889709472656 489 183.61787414550781 152.47616577148438 8 119.23716735839844 26.611873626708984 -1 166.94692993164062 80.328643798828125 -1 160.61605834960938 183.53492736816406 516 160.61605834960938 183.53492736816406 182 29.675882339477539 140.64498901367188 -1 169.90077209472656 51.114353179931641 -1 41.125217437744141 8.0686550140380859 -1 124.52526092529297 10.59967041015625 -1 133.69540405273438 55.808322906494141 -1 161.25917053222656 94.705291748046875 -1 151.51028442382812 120.07382202148438 -1 82.138580322265625 139.44511413574219 10 181.01193237304688 141.97126770019531 15 90.774742126464844 152.59097290039062 128 149.47879028320312 168.93719482421875 125 156.75239562988281 194.28741455078125 369 149.47879028320312 168.93719482421875 -1 82.138580322265625 139.44511413574219 12 29.675882339477539 140.64498901367188 368 156.75239562988281 194.28741455078125 370 47.835166931152344 27.328725814819336 524 122.99748992919922 8.8517074584960938 -1 101.44167327880859 32.930805206298828 -1 107.63570404052734 42.938377380371094 -1 132.27235412597656 180.7901611328125 -1 138.72404479980469 182.47679138183594 -1 64.379127502441406 146.54751586914062 222 185.14234924316406 196.07295227050781 244 139.09577941894531 199.62840270996094 237 112.78809356689453 227.53915405273438 -1 248.50946044921875 130.21102905273438 -1 193.65718078613281 54.732872009277344 -1 175.66482543945312 66.258674621582031 -1 156.44697570800781 79.08258056640625 -1 161.16914367675781 92.351127624511719 -1 7.5546784400939941 103.68862152099609 -1 107.63570404052734 42.938377380371094 -1 229.34675598144531 103.08077239990234 -1 7.5546784400939941 103.68862152099609 -1 73.538795471191406 143.929931640625 203 185.14234924316406 196.07295227050781 -1 73.538795471191406 143.929931640625 22 107.40627288818359 176.82118225097656 223 167.28347778320312 178.19943237304688 168 12.271562576293945 250.35494995117188 -1 119.38356018066406 239.51197814941406 -1 112.09130096435547 114.00460815429688 -1 43.418312072753906 5.6021647453308105 -1 174.82176208496094 95.809585571289062 -1 112.7569580078125 97.695968627929688 -1 151.37718200683594 103.53919982910156 -1 154.00953674316406 175.20388793945312 609 86.107330322265625 145.61210632324219 26 35.860500335693359 144.54046630859375 799 164.53472900390625 103.11019134521484 -1 174.82176208496094 95.809585571289062 -1 140.2281494140625 212.49496459960938 380 173.50250244140625 211.28884887695312 -1 102.22731781005859 209.95835876464844 -1 142.81658935546875 144.85501098632812 -1 164.53472900390625 103.11019134521484 -1 127.53389739990234 182.43803405761719 -1 159.32118225097656 122.61299896240234 525 102.22731781005859 209.95835876464844 -1 173.50250244140625 211.28884887695312 -1 107.91005706787109 218.0406494140625 -1 35.860500335693359 144.54046630859375 25 86.107330322265625 145.61210632324219 28 154.40205383300781 162.515380859375 23 158.450439453125 234.49957275390625 599 154.00953674316406 175.20388793945312 377 129.61485290527344 207.6163330078125 385 147.77549743652344 198.98826599121094 529 179.90049743652344 94.793296813964844 -1 230.08375549316406 94.628250122070312 40 149.45130920410156 111.50208282470703 -1 107.43831634521484 113.22278594970703 -1 104.00839996337891 116.79953765869141 144 240.13381958007812 117.51295471191406 392 102.48665618896484 121.97122192382812 37 88.410568237304688 134.49716186523438 27 76.303489685058594 144.00196838378906 22 172.59056091308594 175.42070007324219 146 111.82577514648438 182.439453125 -1 156.90800476074219 191.51570129394531 604 161.83541870117188 209.54609680175781 -1 156.13597106933594 211.29052734375 533 137.45281982421875 183.585205078125 -1 184.92263793945312 66.427574157714844 -1 24.087551116943359 8.2730388641357422 -1 113.69320678710938 23.397983551025391 -1 120.81172180175781 47.481372833251953 -1 190.03199768066406 62.658283233642578 -1 170.04216003417969 63.206039428710938 -1 169.12869262695312 92.176925659179688 -1 226.14619445800781 93.488548278808594 40 184.92263793945312 66.427574157714844 -1 113.69320678710938 23.397983551025391 -1 120.81172180175781 47.481372833251953 -1 169.12869262695312 92.176925659179688 -1 226.14619445800781 93.488548278808594 719 149.45130920410156 111.50208282470703 -1 172.59056091308594 175.42070007324219 393 137.45281982421875 183.585205078125 -1 28.348495483398438 6.6406927108764648 -1 32.560436248779297 6.850285530090332 -1 113.93916320800781 17.856855392456055 -1 128.29513549804688 33.240039825439453 -1 128.94082641601562 36.677936553955078 -1 165.47087097167969 49.258625030517578 -1 180.66471862792969 64.043212890625 -1 103.08402252197266 220.51919555664062 -1 151.55331420898438 75.744377136230469 -1 191.21466064453125 145.27772521972656 -1 177.38603210449219 91.127815246582031 -1 166.49787902832031 109.67874908447266 -1 248.14927673339844 124.42919158935547 32 161.70932006835938 80.879043579101562 -1 171.50338745117188 194.56210327148438 546 131.82421875 192.17579650878906 241 91.071556091308594 159.46376037597656 -1 116.56062316894531 173.89634704589844 -1 32.986579895019531 137.33505249023438 -1 105.95454406738281 225.14302062988281 -1 239.47959899902344 121.14391326904297 394 105.95454406738281 225.14302062988281 -1 151.55331420898438 75.744377136230469 -1 151.55331420898438 75.744377136230469 -1 177.38603210449219 91.127815246582031 -1 32.986579895019531 137.33505249023438 582 171.50338745117188 194.56210327148438 231 103.08402252197266 220.51919555664062 -1 108.67160797119141 5.3632221221923828 -1 19.194650650024414 11.158194541931152 -1 108.13333129882812 127.98215484619141 149 172.0343017578125 89.771270751953125 -1 172.96818542480469 170.08607482910156 -1 192.51152038574219 51.463325500488281 -1 168.13954162597656 60.14678955078125 -1 153.51080322265625 78.014686584472656 -1 172.96818542480469 170.08607482910156 245 167.45994567871094 200.82945251464844 -1 167.45994567871094 200.82945251464844 548 113.07178497314453 236.67958068847656 -1 153.51080322265625 78.014686584472656 -1 154.93856811523438 72.355499267578125 -1 189.56146240234375 61.485942840576172 -1 172.77336120605469 60.197280883789062 -1 168.13954162597656 60.14678955078125 -1 192.51152038574219 51.463325500488281 -1 105.63674163818359 7.004450798034668 -1 191.11802673339844 171.49783325195312 -1 145.34617614746094 175.67015075683594 606 151.20980834960938 193.60317993164062 552 159.375732421875 199.0384521484375 -1 167.45994567871094 200.82945251464844 -1 166.30641174316406 209.1875 601 113.07178497314453 236.67958068847656 -1 189.06512451171875 54.795642852783203 -1 168.14718627929688 35.533847808837891 -1 110.3125 227.02362060546875 -1 168.14718627929688 35.533847808837891 -1 
119 0.98716446955792281 0.067620319793985861 0.083565902528398101 0.11811241394535209 1.1872885696920694 -2.7175277311172179 0.080369435229241934 1 000120.png
144.47627258300781 34.948875427246094 -1 96.185905456542969 132.65841674804688 -1 55.887668609619141 141.2159423828125 716 55.887668609619141 141.2159423828125 217 202.73696899414062 116.55442047119141 574 222.23457336425781 146.055419921875 510 33.997718811035156 104.10094451904297 511 173.35928344726562 155.00254821777344 512 154.87548828125 187.60682678222656 615 136.80964660644531 197.79182434082031 400 104.37801361083984 78.760757446289062 563 173.35928344726562 155.00254821777344 108 33.997718811035156 104.10094451904297 -1 162.03659057617188 38.738819122314453 -1 149.87750244140625 233.58598327636719 -1 109.66741180419922 160.81982421875 576 176.42848205566406 69.228363037109375 -1 167.01094055175781 80.085380554199219 -1 179.8970947265625 132.83494567871094 13 192.41511535644531 146.33615112304688 8 155.65037536621094 159.92269897460938 564 168.47648620605469 176.55899047851562 516 144.11521911621094 204.53413391113281 517 118.55573272705078 26.328475952148438 -1 131.15234375 210.81838989257812 518 179.8970947265625 132.83494567871094 489 131.15234375 210.81838989257812 519 155.65037536621094 159.92269897460938 125 192.41511535644531 146.33615112304688 520 167.01094055175781 80.085380554199219 -1 118.55573272705078 26.328475952148438 -1 87.4383544921875 126.93471527099609 10 133.77194213867188 55.615444183349609 -1 244.52505493164062 88.653068542480469 -1 184.03765869140625 61.492637634277344 -1 153.79859924316406 201.73880004882812 521 124.45529174804688 10.474118232727051 -1 146.21260070800781 190.52629089355469 237 164.00701904296875 187.18913269042969 370 140.58625793457031 171.66786193847656 -1 150.71566772460938 46.741531372070312 -1 103.09549713134766 147.73724365234375 522 193.94659423828125 55.048679351806641 -1 96.375137329101562 140.91133117675781 565 189.52130126953125 135.34880065917969 15 96.375137329101562 140.91133117675781 128 124.50016784667969 180.61941528320312 -1 173.561279296875 219.09027099609375 -1 54.074253082275391 8.0878314971923828 524 7.4311776161193848 237.67930603027344 -1 112.14238739013672 94.205604553222656 -1 102.16768646240234 32.499031066894531 -1 169.78923034667969 52.117519378662109 -1 175.66584777832031 66.065498352050781 -1 156.67643737792969 78.895431518554688 -1 161.25027465820312 92.261154174804688 -1 164.24505615234375 105.34405517578125 -1 167.1966552734375 113.77372741699219 525 37.773910522460938 130.61630249023438 25 54.074253082275391 8.0878314971923828 -1 7.4311776161193848 237.67930603027344 -1 173.561279296875 219.09027099609375 -1 164.24505615234375 105.34405517578125 -1 37.564197540283203 12.170616149902344 -1 37.564197540283203 12.170616149902344 -1 37.564197540283203 12.170616149902344 -1 168.93220520019531 203.34187316894531 -1 53.743492126464844 177.70013427734375 -1 118.59220886230469 162.11106872558594 -1 174.75169372558594 170.18098449707031 168 161.74552917480469 167.76669311523438 609 91.519447326660156 133.27983093261719 28 112.63175964355469 113.13376617431641 625 91.519447326660156 133.27983093261719 26 102.48217010498047 43.831550598144531 -1 166.58868408203125 37.197769165039062 -1 125.68428802490234 24.28394889831543 -1 122.72636413574219 8.0775918960571289 -1 161.74552917480469 167.76669311523438 377 161.74552917480469 167.76669311523438 609 122.82613372802734 41.7640380859375 -1 156.46763610839844 165.86085510253906 -1 240.90576171875 109.70267486572266 -1 156.46763610839844 165.86085510253906 -1 38.618816375732422 123.77598571777344 145 174.89808654785156 137.97929382324219 566 55.368728637695312 185.21734619140625 -1 124.68128204345703 190.71693420410156 -1 155.7711181640625 190.98072814941406 529 163.90347290039062 204.90800476074219 -1 15.065959930419922 236.1923828125 -1 154.12240600585938 235.72404479980469 -1 168.97648620605469 92.196212768554688 -1 73.081535339355469 99.88336181640625 531 150.97764587402344 103.37664794921875 -1 149.40628051757812 111.58979797363281 -1 124.68128204345703 190.71693420410156 373 163.90347290039062 204.90800476074219 533 163.90347290039062 204.90800476074219 -1 15.065959930419922 236.1923828125 -1 103.2359619140625 136.91801452636719 -1 96.296493530273438 10.265884399414062 -1 177.55630493164062 42.011009216308594 -1 190.07266235351562 62.437789916992188 -1 170.14454650878906 63.139240264892578 -1 168.97648620605469 92.196212768554688 -1 179.88554382324219 94.774528503417969 -1 73.081535339355469 99.88336181640625 534 150.97764587402344 103.37664794921875 598 51.756813049316406 110.25430297851562 711 149.40628051757812 111.58979797363281 585 83.432853698730469 121.13121032714844 228 93.368148803710938 121.96634674072266 27 56.453159332275391 107.33485412597656 536 112.38821411132812 29.61305046081543 -1 126.27783966064453 30.713539123535156 -1 128.34188842773438 33.185146331787109 -1 167.08938598632812 192.20939636230469 -1 125.87895202636719 38.671840667724609 -1 165.46279907226562 49.358970642089844 -1 151.52133178710938 75.764480590820312 -1 88.409515380859375 85.273933410644531 783 231.93258666992188 90.007179260253906 578 74.507408142089844 95.245292663574219 749 96.105918884277344 147.98060607910156 -1 39.266559600830078 119.33705139160156 743 197.37510681152344 173.97015380859375 -1 181.38859558105469 168.76077270507812 393 158.75381469726562 213.84663391113281 -1 3.8951997756958008 3.4300882816314697 -1 236.26078796386719 95.170379638671875 31 69.844383239746094 98.482231140136719 539 120.48839569091797 47.248943328857422 -1 238.63058471679688 100.07706451416016 -1 180.08782958984375 102.30615234375 592 3.8951997756958008 3.4300882816314697 -1 125.87895202636719 38.671840667724609 -1 151.52133178710938 75.764480590820312 -1 231.93258666992188 90.007179260253906 579 180.08782958984375 102.30615234375 745 180.08782958984375 102.30615234375 589 151.96354675292969 194.00047302246094 586 120.48839569091797 47.248943328857422 -1 33.485759735107422 122.07947540283203 582 179.59159851074219 188.51583862304688 546 151.96354675292969 194.00047302246094 572 175.38514709472656 194.31166076660156 548 163.26797485351562 213.2408447265625 602 172.03164672851562 89.513748168945312 -1 161.3226318359375 217.99073791503906 608 156.79457092285156 220.19908142089844 571 157.14044189453125 223.73638916015625 -1 69.387321472167969 233.21517944335938 -1 70.263603210449219 235.85411071777344 -1 133.18228149414062 211.26834106445312 -1 166.06549072265625 210.22531127929688 -1 153.62881469726562 208.78643798828125 -1 170.98234558105469 201.88005065917969 -1 58.104801177978516 193.89204406738281 774 158.97756958007812 185.904541015625 552 136.48255920410156 185.38700866699219 241 152.71392822265625 180.54249572753906 -1 162.37590026855469 179.95646667480469 604 147.62324523925781 180.01860046386719 -1 49.203266143798828 168.99687194824219 610 169.83413696289062 165.92182922363281 553 92.291725158691406 146.4510498046875 337 82.422866821289062 131.38189697265625 22 142.9896240234375 119.75852203369141 793 168.22836303710938 108.04301452636719 -1 236.81556701660156 102.38349151611328 -1 79.270088195800781 92.284049987792969 -1 252.88606262207031 91.014991760253906 768 62.903411865234375 215.49331665039062 -1 153.54940795898438 77.759628295898438 -1 235.64439392089844 89.754287719726562 719 108.71190643310547 5.3834576606750488 -1 92.291725158691406 146.4510498046875 152 136.48255920410156 185.38700866699219 -1 170.98234558105469 201.88005065917969 -1 105.15203857421875 7.0613040924072266 -1 192.50723266601562 51.423843383789062 -1 172.3914794921875 60.174320220947266 -1 168.08256530761719 60.217830657958984 -1 180.43104553222656 64.091018676757812 -1 183.52841186523438 69.688972473144531 -1 252.88606262207031 91.014991760253906 -1 148.78070068359375 74.590408325195312 -1 102.13241577148438 76.874298095703125 -1 148.06056213378906 216.39311218261719 676 153.54940795898438 77.759628295898438 -1 235.64439392089844 89.754287719726562 40 98.153495788574219 79.245887756347656 715 172.30746459960938 80.884376525878906 -1 92.763755798339844 83.172500610351562 -1 168.08256530761719 60.217830657958984 -1 166.17138671875 89.473091125488281 -1 62.223342895507812 212.14759826660156 -1 166.17138671875 89.473091125488281 -1 
120 0.98709526436453499 0.071630951657339584 0.074950915398149368 0.12204223086600825 1.4479014017177385 -2.7260004561664837 -0.045049871686263829 1 000121.png
144.6558837890625 34.487476348876953 -1 95.949127197265625 129.26539611816406 -1 128.39718627929688 136.4580078125 648 54.446090698242188 138.24470520019531 716 54.446090698242188 138.24470520019531 217 222.53298950195312 144.07989501953125 510 202.51762390136719 113.59172058105469 574 222.53298950195312 144.07989501953125 575 32.768657684326172 100.48393249511719 511 173.75489807128906 152.58082580566406 512 154.38490295410156 184.61259460449219 615 104.63892364501953 75.265953063964844 563 32.768657684326172 100.48393249511719 -1 173.75489807128906 152.58082580566406 108 118.11617279052734 26.140737533569336 616 161.74879455566406 37.989177703857422 705 127.76094055175781 14.855850219726562 -1 109.64833831787109 158.11477661132812 576 156.2220458984375 157.75019836425781 564 144.78599548339844 202.54362487792969 517 132.52316284179688 208.29533386230469 518 148.54595947265625 231.53910827636719 -1 169.09524536132812 174.61666870117188 516 176.55555725097656 69.562309265136719 618 180.4013671875 130.78414916992188 13 192.91925048828125 144.43629455566406 520 156.2220458984375 157.75019836425781 125 132.52316284179688 208.29533386230469 519 167.06185913085938 79.920478820800781 617 87.078498840332031 123.82328033447266 10 180.4013671875 130.78414916992188 489 192.91925048828125 144.43629455566406 8 146.68486022949219 188.47578430175781 237 96.330009460449219 137.98851013183594 128 164.46368408203125 185.13897705078125 370 141.119140625 170.56008911132812 -1 103.32178497314453 144.95004272460938 522 96.330009460449219 137.98851013183594 565 193.92835998535156 54.916175842285156 659 244.08248901367188 88.202659606933594 -1 184.15628051757812 60.45184326171875 -1 149.94891357421875 46.242183685302734 -1 154.30238342285156 199.63285827636719 521 189.91725158691406 133.45114135742188 15 102.37754058837891 32.490703582763672 -1 169.80233764648438 52.211929321289062 660 175.69577026367188 66.056770324707031 -1 156.72943115234375 78.881767272949219 622 161.29620361328125 92.422500610351562 624 167.69462585449219 111.54856109619141 525 36.135692596435547 127.41438293457031 25 116.56668090820312 169.76057434082031 -1 116.71366882324219 10.089470863342285 -1 167.69462585449219 111.54856109619141 627 116.71366882324219 10.089470863342285 -1 122.98139953613281 8.5234155654907227 -1 116.71366882324219 10.089470863342285 -1 123.25742340087891 179.31600952148438 -1 113.69960021972656 140.91084289550781 707 91.289299011230469 130.46078491210938 28 112.6351318359375 110.19455718994141 625 164.58070373535156 104.15586090087891 767 198.41499328613281 50.617938995361328 -1 13.790725708007812 234.19181823730469 -1 102.61205291748047 43.829841613769531 -1 108.21527099609375 42.879714965820312 -1 72.004753112792969 96.7353515625 531 169.77647399902344 201.01927185058594 -1 13.790725708007812 234.19181823730469 -1 13.790725708007812 234.19181823730469 -1 162.21885681152344 165.74201965332031 377 91.289299011230469 130.46078491210938 26 164.58070373535156 104.15586090087891 720 72.004753112792969 96.7353515625 534 108.21527099609375 42.879714965820312 -1 166.57810974121094 35.974128723144531 -1 125.63047790527344 24.239089965820312 -1 111.40079498291016 23.792484283447266 -1 97.841133117675781 12.497513771057129 -1 174.96089172363281 167.65139770507812 168 162.21885681152344 165.74201965332031 609 118.68923950195312 162.22380065917969 -1 169.19660949707031 92.487724304199219 802 169.19660949707031 92.487724304199219 664 175.26382446289062 95.923484802246094 -1 175.26382446289062 95.923484802246094 -1 149.310546875 111.49704742431641 -1 164.2020263671875 227.5537109375 -1 175.31661987304688 135.70510864257812 566 240.67218017578125 136.83474731445312 -1 121.62618255615234 41.943843841552734 -1 190.11723327636719 62.432598114013672 -1 170.11386108398438 63.149150848388672 631 182.78013610839844 69.835334777832031 -1 96.000900268554688 76.202568054199219 715 179.89703369140625 94.7275390625 633 67.908592224121094 94.972412109375 539 181.51753234863281 100.46385955810547 -1 181.51753234863281 100.46385955810547 -1 150.97921752929688 103.39414215087891 598 149.310546875 111.49704742431641 585 37.890789031982422 115.12599945068359 743 83.198196411132812 118.01170349121094 228 93.58154296875 119.07727813720703 27 37.147121429443359 120.28384399414062 145 127.04447937011719 194.048095703125 -1 164.2020263671875 227.5537109375 599 134.78572082519531 252.31446838378906 645 190.11723327636719 62.432598114013672 -1 181.51753234863281 100.46385955810547 -1 181.51753234863281 100.46385955810547 -1 181.51753234863281 100.46385955810547 -1 181.51753234863281 100.46385955810547 -1 150.97921752929688 103.39414215087891 -1 167.3634033203125 35.6544189453125 -1 112.18454742431641 28.850664138793945 -1 128.39730834960938 33.166595458984375 694 232.36729431152344 88.47698974609375 578 129.5921630859375 36.366317749023438 -1 165.39523315429688 49.368057250976562 -1 104.08502197265625 71.574989318847656 -1 180.06039428710938 186.60189819335938 546 183.56304931640625 69.698257446289062 -1 49.579799652099609 170.42301940917969 610 156.55117797851562 188.88479614257812 529 151.50657653808594 75.837791442871094 634 151.50657653808594 75.837791442871094 638 232.36729431152344 88.47698974609375 579 152.5439453125 191.87727355957031 586 174.59034729003906 201.03614807128906 601 166.59535217285156 207.8927001953125 -1 166.59535217285156 207.8927001953125 602 173.67567443847656 167.54916381835938 -1 152.5439453125 191.87727355957031 572 130.92842102050781 195.10919189453125 691 174.59034729003906 201.03614807128906 603 166.59535217285156 207.8927001953125 -1 141.22453308105469 209.51698303222656 643 164.95848083496094 180.37184143066406 604 52.499240875244141 178.87080383300781 -1 147.99159240722656 177.90243530273438 -1 153.89984130859375 177.75 -1 182.34866333007812 166.65693664550781 393 152.26681518554688 163.75099182128906 606 234.64483642578125 130.55389404296875 -1 114.34391021728516 2.0494918823242188 -1 167.68048095703125 116.40911102294922 -1 172.0908203125 89.640312194824219 639 235.82484436035156 88.362213134765625 719 107.87239837646484 72.632987976074219 -1 167.95086669921875 60.298126220703125 -1 189.09881591796875 54.781318664550781 -1 117.01889801025391 36.661899566650391 789 192.53269958496094 51.423553466796875 -1 155.62017822265625 39.664234161376953 -1 108.8096923828125 5.4807133674621582 -1 167.95086669921875 60.298126220703125 795 107.87239837646484 72.632987976074219 797 235.82484436035156 88.362213134765625 40 150.10786437988281 203.73075866699219 -1 108.8096923828125 5.4807133674621582 -1 60.550060272216797 201.53773498535156 -1 150.10786437988281 203.73075866699219 -1 154.36199951171875 207.0823974609375 -1 145.16139221191406 210.399658203125 -1 159.07649230957031 212.57662963867188 -1 135.13580322265625 195.91304016113281 -1 172.21224975585938 60.100540161132812 -1 159.55012512207031 183.9271240234375 552 156.46031188964844 184.42491149902344 -1 157.41694641113281 218.16183471679688 571 17.568962097167969 236.03041076660156 -1 148.91331481933594 214.232177734375 676 137.48518371582031 184.24885559082031 241 236.33097839355469 93.833526611328125 31 162.27366638183594 215.78874206542969 608 185.28121948242188 121.83359527587891 -1 
121 0.98724805061097975 0.067646137119804162 0.097757618010636718 0.10587131253779553 0.55893942737276803 -2.530868537305456 0.36277458105214916 1 000119.png
38.50286865234375 90.394851684570312 -1 144.23040771484375 35.425064086914062 -1 57.356296539306641 147.3026123046875 217 221.161376953125 148.6011962890625 510 57.356296539306641 147.3026123046875 716 221.161376953125 148.6011962890625 575 201.22657775878906 118.66607666015625 574 128.25445556640625 151.41450500488281 -1 104.27472686767578 83.412002563476562 563 128.61712646484375 156.86260986328125 -1 171.47119140625 158.41233825683594 512 156.12271118164062 193.6060791015625 -1 135.04541015625 200.83787536621094 400 104.27472686767578 83.412002563476562 -1 171.47119140625 158.41233825683594 108 109.48248291015625 164.9466552734375 576 110.91718292236328 194.02130126953125 487 124.62376403808594 214.05326843261719 -1 109.48248291015625 164.9466552734375 219 110.91718292236328 194.02130126953125 488 124.62376403808594 214.05326843261719 518 36.012802124023438 113.49349975585938 511 162.04426574707031 39.318790435791016 -1 119.05135345458984 26.470510482788086 -1 177.4405517578125 135.38566589355469 13 189.83151245117188 148.89457702636719 8 153.41200256347656 163.10052490234375 125 166.21366882324219 164.44769287109375 -1 166.11506652832031 179.3572998046875 516 127.3040771484375 212.62821960449219 519 127.19234466552734 14.029403686523438 -1 151.36543273925781 237.950439453125 -1 166.914794921875 80.317718505859375 -1 166.21366882324219 164.44769287109375 -1 153.41200256347656 163.10052490234375 564 189.83151245117188 148.89457702636719 520 177.4405517578125 135.38566589355469 489 166.914794921875 80.317718505859375 -1 119.05135345458984 26.470510482788086 -1 166.11506652832031 179.3572998046875 182 228.55110168457031 98.973808288574219 765 112.01637268066406 116.38880157470703 117 193.88984680175781 55.032051086425781 -1 187.255126953125 138.12814331054688 15 95.329902648925781 145.40605163574219 128 102.12287139892578 151.76397705078125 522 161.68650817871094 190.08702087402344 370 143.9046630859375 193.92234802246094 237 151.6787109375 204.0257568359375 521 100.49714660644531 32.743770599365234 -1 53.705390930175781 17.0745849609375 524 10.220413208007812 13.561188697814941 -1 86.632179260253906 131.92459106445312 10 124.63657379150391 10.739020347595215 -1 95.329902648925781 145.40605163574219 565 161.68650817871094 190.08702087402344 369 172.50047302246094 221.39544677734375 -1 133.6796875 55.375808715820312 -1 183.86019897460938 62.515998840332031 -1 175.96615600585938 67.327552795410156 -1 8.2750005722045898 240.76405334472656 -1 184.26713562011719 64.399948120117188 -1 169.71696472167969 52.013526916503906 -1 8.2750005722045898 240.76405334472656 -1 107.63961791992188 42.869709014892578 -1 107.63961791992188 42.869709014892578 -1 68.448150634765625 139.11398315429688 222 165.02410888671875 117.31981658935547 525 184.26713562011719 64.399948120117188 -1 112.07436370849609 212.03437805175781 -1 152.35699462890625 238.2745361328125 -1 161.20774841308594 92.386505126953125 -1 156.53038024902344 79.115608215332031 -1 174.95448303222656 96.046623229980469 -1 112.30382537841797 97.144546508789062 -1 164.47607421875 102.8311767578125 -1 151.37255859375 103.55569458007812 -1 239.02340698242188 112.01424407958984 -1 140.50669860839844 124.53751373291016 -1 126.13838195800781 181.63591003417969 -1 172.59835815429688 173.39515686035156 168 103.89706420898438 14.688034057617188 -1 37.926506042480469 21.46563720703125 -1 37.926506042480469 21.46563720703125 -1 166.45256042480469 205.66990661621094 -1 159.50543212890625 170.61807250976562 609 164.47607421875 102.8311767578125 -1 174.95448303222656 96.046623229980469 -1 166.45256042480469 205.66990661621094 -1 103.89706420898438 14.688034057617188 -1 159.50543212890625 170.61807250976562 609 37.926506042480469 21.46563720703125 -1 162.5230712890625 231.0977783203125 599 54.727458953857422 182.02006530761719 -1 159.50543212890625 170.61807250976562 377 90.783378601074219 137.94892883300781 28 38.939113616943359 136.03231811523438 25 90.783378601074219 137.94892883300781 26 184.79769897460938 65.701019287109375 -1 184.79769897460938 65.701019287109375 -1 15.965413093566895 239.39993286132812 -1 118.04918670654297 8.6812114715576172 -1 118.04918670654297 8.6812114715576172 -1 169.14558410644531 92.188873291015625 -1 229.39456176757812 92.499748229980469 579 149.45539855957031 111.31739807128906 585 123.27162170410156 192.55877685546875 373 178.00642395019531 207.7822265625 -1 118.04918670654297 8.6812114715576172 -1 190.04841613769531 62.54473876953125 -1 170.10211181640625 63.148963928222656 -1 169.14558410644531 92.188873291015625 -1 229.39456176757812 92.499748229980469 578 179.82992553710938 94.919952392578125 -1 236.41848754882812 101.09053802490234 -1 149.45539855957031 111.31739807128906 598 65.828323364257812 115.80101013183594 -1 60.220737457275391 119.48136138916016 781 93.001472473144531 127.56010437011719 27 172.47402954101562 141.02215576171875 566 72.701530456542969 154.25274658203125 -1 149.10269165039062 169.45071411132812 606 178.77001953125 171.25425720214844 393 123.27162170410156 192.55877685546875 -1 153.2926025390625 193.86831665039062 529 161.43568420410156 206.9949951171875 533 178.00642395019531 207.7822265625 -1 58.388118743896484 204.48094177246094 -1 107.67425537109375 152.91181945800781 -1 78.091537475585938 164.17263793945312 -1 196.93011474609375 168.147216796875 -1 162.53634643554688 186.66175842285156 604 177.04371643066406 190.8602294921875 546 164.79249572753906 194.78097534179688 -1 161.73493957519531 80.886795043945312 -1 195.12078857421875 176.08721923828125 -1 118.79512023925781 169.96437072753906 -1 83.421859741210938 125.97956848144531 228 113.89022064208984 17.950553894042969 -1 183.40385437011719 152.12257385253906 -1 128.27151489257812 33.286472320556641 -1 165.50157165527344 49.399162292480469 -1 151.57489013671875 75.702362060546875 -1 173.06657409667969 79.516838073730469 -1 177.37675476074219 91.075218200683594 -1 233.67926025390625 91.352973937988281 40 108.04098510742188 115.00779724121094 37 81.273658752441406 135.8555908203125 22 35.825939178466797 128.61659240722656 582 160.54850769042969 215.95088195800781 602 195.12078857421875 176.08721923828125 -1 171.73051452636719 205.20713806152344 603 113.89022064208984 17.950553894042969 -1 151.57489013671875 75.702362060546875 -1 177.37675476074219 91.075218200683594 -1 233.67926025390625 91.352973937988281 719 164.79249572753906 194.78097534179688 -1 149.86573791503906 196.32484436035156 586 172.91120910644531 196.57502746582031 -1 99.008941650390625 199.8609619140625 -1 171.73051452636719 205.20713806152344 -1 174.64210510253906 210.88710021972656 -1 149.86573791503906 196.32484436035156 572 172.91120910644531 196.57502746582031 548 99.008941650390625 199.8609619140625 -1 171.73051452636719 205.20713806152344 -1 174.64210510253906 210.88710021972656 -1 95.314811706542969 151.68508911132812 -1 91.377960205078125 150.69503784179688 337 235.97825622558594 135.32472229003906 -1 51.457569122314453 176.55421447753906 610 50.971450805664062 121.54192352294922 -1 26.048751831054688 120.56703948974609 -1 51.823116302490234 117.83145141601562 -1 21.843830108642578 114.71370697021484 -1 8.390467643737793 96.593482971191406 -1 172.03173828125 89.605949401855469 -1 166.18370056152344 89.319953918457031 -1 108.77537536621094 5.4890055656433105 -1 114.55830383300781 133.39865112304688 -1 165.57588195800781 72.873489379882812 -1 192.50411987304688 51.463260650634766 -1 166.18370056152344 89.319953918457031 -1 3.1716630458831787 85.018913269042969 -1 91.377960205078125 150.69503784179688 152 179.0828857421875 166.04293823242188 245 105.62031555175781 6.960545539855957 -1 180.50480651855469 187.26820373535156 -1 183.49526977539062 188.46304321289062 -1 167.98861694335938 35.473335266113281 -1 107.41149139404297 213.94920349121094 -1 117.21044921875 36.560569763183594 -1 102.90930938720703 43.432754516601562 -1 192.50411987304688 51.463260650634766 -1 107.41149139404297 213.94920349121094 -1 159.04203796386719 219.94090270996094 608 129.09249877929688 250.65093994140625 -1 126.40088653564453 30.749897003173828 -1 114.53658294677734 1.6847915649414062 -1 92.847793579101562 188.86416625976562 -1 92.847793579101562 188.86416625976562 -1 183.49526977539062 188.46304321289062 -1 157.00027465820312 188.51487731933594 552 137.05584716796875 187.84001159667969 241 172.65234375 60.203872680664062 -1 180.50480651855469 187.26820373535156 -1 101.38237762451172 169.81330871582031 491 179.0828857421875 166.04293823242188 -1 105.36321258544922 205.61164855957031 -1 50.971450805664062 121.54192352294922 786 176.58470153808594 104.74765777587891 589 179.84979248046875 76.768112182617188 -1 176.58470153808594 104.74765777587891 592 176.58470153808594 104.74765777587891 745 
122 0.98603021472133401 0.078718786876265476 0.07101678924787011 0.12846938893858256 1.5034661222206245 -2.6575410046740049 -0.09763667330016082 1 000122.png
94.508895874023438 127.93113708496094 -1 86.491127014160156 226.84474182128906 722 144.1951904296875 33.824798583984375 -1 233.75520324707031 103.08629608154297 613 51.941753387451172 133.9022216796875 716 128.32879638671875 132.79283142089844 648 51.941753387451172 133.9022216796875 217 202.10853576660156 113.75089263916016 574 221.08290100097656 144.19853210449219 510 221.08290100097656 144.19853210449219 575 104.17481994628906 70.476974487304688 563 29.934909820556641 96.374702453613281 -1 173.1546630859375 150.03706359863281 512 153.09498596191406 181.67803955078125 615 29.934909820556641 96.374702453613281 511 173.1546630859375 150.03706359863281 108 92.885848999023438 152.43359375 717 109.16555023193359 155.37895202636719 576 116.90042114257812 25.623945236206055 616 160.005859375 36.86663818359375 705 176.43756103515625 70.681060791015625 618 168.27725219726562 172.14263916015625 516 132.58186340332031 205.81916809082031 519 134.69354248046875 55.723922729492188 619 184.41880798339844 58.416709899902344 -1 167.14176940917969 79.7730712890625 617 85.745193481445312 120.00950622558594 10 179.9052734375 128.5386962890625 489 192.26341247558594 142.38291931152344 8 155.50384521484375 155.43161010742188 564 144.094970703125 200.23257446289062 517 132.58186340332031 205.81916809082031 518 146.58027648925781 229.32106018066406 -1 155.50384521484375 155.43161010742188 125 192.26341247558594 142.38291931152344 520 179.9052734375 128.5386962890625 13 134.69354248046875 55.723922729492188 -1 100.71443176269531 31.256814956665039 -1 153.48460388183594 197.14501953125 521 145.91546630859375 186.13996887207031 237 242.95758056640625 87.3931884765625 -1 189.56993103027344 131.22174072265625 15 95.095687866210938 134.64028930664062 565 102.16255950927734 141.72384643554688 522 141.2366943359375 171.84321594238281 -1 163.60389709472656 182.74948120117188 370 95.095687866210938 134.64028930664062 128 242.95758056640625 87.3931884765625 -1 121.4599609375 177.32920837402344 -1 156.73045349121094 78.831886291503906 622 193.89643859863281 54.803684234619141 659 161.39688110351562 92.087379455566406 624 112.24063110351562 106.62579345703125 625 140.16184997558594 219.62741088867188 646 164.56484985351562 47.481597900390625 -1 10.329353332519531 231.63156127929688 -1 108.43382263183594 42.599605560302734 -1 50.273792266845703 172.17317199707031 -1 90.104415893554688 126.68208312988281 28 156.22479248046875 161.28068542480469 -1 32.648113250732422 121.95768737792969 799 167.80039978027344 109.41748809814453 627 116.34697723388672 7.5740046501159668 -1 168.61482238769531 92.037101745605469 802 103.30867767333984 32.9359130859375 -1 164.58650207519531 34.323287963867188 644 10.329353332519531 231.63156127929688 -1 10.329353332519531 231.63156127929688 -1 122.48339080810547 7.8979201316833496 -1 156.22479248046875 161.28068542480469 -1 90.104415893554688 126.68208312988281 26 32.648113250732422 121.95768737792969 25 167.80039978027344 109.41748809814453 525 168.61482238769531 92.037101745605469 664 108.43382263183594 42.599605560302734 -1 161.64982604980469 163.2509765625 609 168.96270751953125 199.028564453125 -1 102.96463012695312 43.988285064697266 -1 161.64982604980469 163.2509765625 377 116.24382781982422 167.89161682128906 -1 147.42047119140625 170.90592956542969 -1 169.02149963378906 178.98060607910156 770 126.02886199951172 191.26710510253906 -1 96.851768493652344 194.84249877929688 -1 133.21028137207031 197.85675048828125 -1 192.32597351074219 147.81466674804688 777 190.15786743164062 62.462635040283203 -1 150.82077026367188 103.22676849365234 585 126.02886199951172 191.26710510253906 -1 192.32597351074219 147.81466674804688 778 54.406230926513672 196.67485046386719 -1 58.337394714355469 207.54351806640625 772 177.67510986328125 41.912319183349609 -1 190.15786743164062 62.462635040283203 -1 170.15713500976562 63.084758758544922 631 182.71759033203125 69.989692687988281 -1 179.93266296386719 94.672195434570312 633 150.82077026367188 103.22676849365234 598 50.730854034423828 109.23307800292969 -1 102.91005706787109 144.01275634765625 -1 169.02191162109375 179.71910095214844 -1 151.51399230957031 75.78570556640625 634 151.88795471191406 189.51318359375 572 126.28618621826172 38.240425109863281 -1 119.97422027587891 47.028457641601562 -1 165.37620544433594 49.261451721191406 -1 113.85193634033203 2.4322614669799805 635 99.3516845703125 3.9485306739807129 -1 45.491058349609375 162.15219116210938 610 61.941368103027344 216.34529113769531 -1 156.21965026855469 162.924560546875 -1 129.79502868652344 192.25970458984375 691 108.89376068115234 5.6381983757019043 -1 173.66928100585938 199.10755920410156 601 126.23529815673828 30.714817047119141 694 128.28726196289062 33.237648010253906 694 61.973136901855469 208.54928588867188 -1 64.397850036621094 214.50025939941406 -1 155.73143005371094 186.54098510742188 529 151.51399230957031 75.78570556640625 638 156.21965026855469 162.924560546875 -1 151.88795471191406 189.51318359375 586 99.3516845703125 3.9485306739807129 -1 108.89376068115234 5.6381983757019043 -1 119.97422027587891 47.028457641601562 -1 231.82295227050781 86.839447021484375 579 231.82295227050781 86.839447021484375 578 169.02191162109375 179.71910095214844 773 155.73143005371094 186.54098510742188 -1 173.66928100585938 199.10755920410156 603 67.27935791015625 230.47611999511719 -1 135.21427917480469 253.97422790527344 645 147.73762512207031 212.26641845703125 676 165.88423156738281 205.58407592773438 -1 153.47544860839844 204.80230712890625 -1 60.0787353515625 204.29074096679688 -1 137.0653076171875 197.87136840820312 -1 154.7025146484375 189.113525390625 -1 133.72698974609375 184.4971923828125 685 155.6005859375 182.44285583496094 -1 147.14048767089844 181.92951965332031 -1 158.83316040039062 181.35417175292969 552 149.32160949707031 177.14962768554688 -1 152.56340026855469 175.93730163574219 -1 146.05230712890625 172.50184631347656 -1 34.993045806884766 132.993896484375 -1 29.588615417480469 115.44107055664062 582 43.683639526367188 109.34597778320312 779 172.16815185546875 89.598472595214844 639 108.80206298828125 86.8675537109375 595 161.38389587402344 30.875259399414062 -1 117.037353515625 36.659088134765625 611 98.594551086425781 73.910873413085938 -1 43.683639526367188 109.34597778320312 -1 174.09364318847656 38.2042236328125 -1 192.54470825195312 51.405536651611328 -1 155.6005859375 182.44285583496094 -1 133.72698974609375 184.4971923828125 -1 193.92460632324219 60.003608703613281 -1 165.88423156738281 205.58407592773438 -1 98.594551086425781 73.910873413085938 715 145.24453735351562 214.43498229980469 -1 146.55197143554688 217.01019287109375 680 29.588615417480469 115.44107055664062 787 140.55387878417969 207.58113098144531 643 193.26205444335938 135.20388793945312 -1 156.70280456542969 219.66244506835938 571 158.39476013183594 210.24076843261719 -1 104.84839630126953 7.0408062934875488 -1 157.48715209960938 222.89581298828125 746 235.33164978027344 91.733818054199219 31 193.26205444335938 135.20388793945312 -1 193.92460632324219 60.003608703613281 -1 48.686817169189453 106.23456573486328 786 48.686817169189453 106.23456573486328 780 172.64985656738281 80.480796813964844 678 
123 0.98759083311712526 0.069906392843536447 0.1001935764811384 0.098684800321761454 0.15378029317691633 -2.263983697287431 0.56042908100399746 1 000118.png
95.248870849609375 240.74057006835938 -1 37.646099090576172 96.022270202636719 -1 171.86166381835938 212.37971496582031 -1 144.61636352539062 35.753623962402344 -1 217.94917297363281 150.18392944335938 510 56.175621032714844 153.52043151855469 217 217.94917297363281 150.18392944335938 575 56.175621032714844 153.52043151855469 716 197.64859008789062 121.20504760742188 574 127.79604339599609 159.8834228515625 -1 169.03300476074219 161.87832641601562 512 108.44432067871094 195.97474670410156 487 131.45179748535156 202.2664794921875 400 169.03300476074219 161.87832641601562 108 108.44432067871094 195.97474670410156 488 104.40081024169922 86.022048950195312 563 33.985561370849609 119.80208587646484 511 26.330720901489258 14.101035118103027 -1 107.73931121826172 168.56930541992188 576 120.02687835693359 217.37535095214844 -1 107.73931121826172 168.56930541992188 219 120.02687835693359 217.37535095214844 518 73.928024291992188 123.60768890380859 218 161.94406127929688 39.322616577148438 -1 119.32366180419922 26.515298843383789 -1 176.22911071777344 68.554931640625 -1 167.05447387695312 80.261550903320312 -1 241.403564453125 88.101486206054688 -1 110.62657928466797 119.38477325439453 117 173.628662109375 138.22291564941406 13 185.82138061523438 151.05474853515625 8 150.70632934570312 166.44100952148438 125 162.62741088867188 181.72708129882812 182 127.07188415527344 13.900088310241699 -1 183.143798828125 59.977321624755859 -1 167.05447387695312 80.261550903320312 -1 119.32366180419922 26.515298843383789 -1 162.62741088867188 181.72708129882812 516 185.82138061523438 151.05474853515625 520 173.628662109375 138.22291564941406 489 223.81739807128906 101.42975616455078 765 84.17498779296875 136.71603393554688 10 31.611360549926758 137.2177734375 -1 31.611360549926758 137.2177734375 368 84.17498779296875 136.71603393554688 12 168.21479797363281 130.59785461425781 -1 168.21479797363281 130.59785461425781 623 8.6270895004272461 21.743295669555664 -1 124.2867431640625 10.30787467956543 -1 92.773536682128906 149.91885375976562 128 99.831825256347656 155.87313842773438 522 8.6270895004272461 21.743295669555664 -1 133.47116088867188 55.345272064208984 -1 161.414306640625 95.5960693359375 -1 183.29322814941406 140.49613952636719 15 151.90995788574219 119.12448120117188 -1 168.21479797363281 130.59785461425781 -1 158.54318237304688 192.60481262207031 369 148.14895629882812 206.52806091308594 521 169.88737487792969 50.942699432373047 -1 158.54318237304688 192.60481262207031 370 161.12217712402344 92.387184143066406 -1 66.233741760253906 143.60592651367188 222 140.82807922363281 197.14842224121094 237 114.28221893310547 224.7391357421875 -1 7.2306113243103027 247.44306945800781 -1 193.74664306640625 54.941944122314453 -1 101.24061584472656 32.951618194580078 -1 50.610172271728516 24.514366149902344 524 7.2306113243103027 247.44306945800781 -1 107.62291717529297 42.994338989257812 -1 107.62291717529297 42.994338989257812 -1 50.610172271728516 24.514366149902344 -1 107.62291717529297 42.994338989257812 -1 175.70489501953125 66.2349853515625 -1 156.4488525390625 79.078742980957031 -1 125.50208282470703 23.494588851928711 -1 184.451416015625 65.087356567382812 -1 174.84194946289062 95.919242858886719 -1 8.6458663940429688 99.423995971679688 -1 231.91236877441406 102.03839111328125 -1 14.607710838317871 245.41407775878906 -1 121.28878784179688 237.80305480957031 -1 151.35205078125 103.70578002929688 -1 234.21745300292969 113.31427764892578 -1 37.650241851806641 141.56515502929688 25 88.462944030761719 142.48745727539062 28 156.21165466308594 160.38449096679688 23 109.26569366455078 174.51667785644531 223 155.92927551269531 173.61009216308594 377 169.169677734375 176.14994812011719 168 120.78891754150391 194.91844177246094 -1 103.91487884521484 207.50527954101562 -1 179.24176025390625 155.52311706542969 -1 120.78891754150391 194.91844177246094 373 155.92927551269531 173.61009216308594 609 155.92927551269531 173.61009216308594 609 88.462944030761719 142.48745727539062 28 88.462944030761719 142.48745727539062 26 37.650241851806641 141.56515502929688 799 174.84194946289062 95.919242858886719 -1 184.451416015625 65.087356567382812 -1 159.85145568847656 232.71078491210938 599 109.45072174072266 215.14955139160156 -1 161.39419555664062 120.615234375 525 40.994251251220703 5.6640958786010742 -1 14.607710838317871 245.41407775878906 -1 29.364227294921875 133.94851684570312 -1 138.772216796875 216.92335510253906 -1 138.772216796875 216.92335510253906 -1 26.800418853759766 5.627833366394043 -1 174.83332824707031 173.89837646484375 146 251.02642822265625 123.47044372558594 -1 149.56939697265625 111.44544219970703 -1 229.05247497558594 92.752426147460938 719 169.239501953125 92.227455139160156 -1 179.85682678222656 94.884918212890625 -1 167.54240417480469 107.24864196777344 -1 80.399124145507812 108.20949554443359 -1 149.56939697265625 111.44544219970703 -1 106.0936279296875 114.56998443603516 144 243.5506591796875 117.11910247802734 392 141.30923461914062 123.68861389160156 -1 251.02642822265625 123.47044372558594 -1 58.060291290283203 125.26154327392578 781 250.58265686035156 127.75906372070312 -1 90.580520629882812 132.00572204589844 27 34.722702026367188 133.73689270019531 582 78.576690673828125 141.72482299804688 22 174.83332824707031 173.89837646484375 393 49.611255645751953 178.48851013183594 610 113.50513458251953 180.21322631835938 -1 158.91326904296875 189.53569030761719 604 55.397853851318359 194.37750244140625 -1 184.89822387695312 66.391288757324219 -1 149.82099914550781 196.71066284179688 529 163.89453125 207.60189819335938 -1 158.09461975097656 209.38267517089844 533 118.18624877929688 9.018162727355957 -1 118.18624877929688 9.018162727355957 -1 190.03910827636719 62.648258209228516 -1 170.07846069335938 63.22528076171875 -1 184.89822387695312 66.391288757324219 -1 181.069091796875 76.541946411132812 -1 169.239501953125 92.227455139160156 -1 229.05247497558594 92.752426147460938 40 233.18928527832031 93.769660949707031 40 180.64326477050781 64.009971618652344 -1 151.52665710449219 75.837432861328125 -1 172.96418762207031 79.691459655761719 -1 177.33676147460938 91.17340087890625 -1 104.91129302978516 119.63121795654297 37 247.29714965820312 124.44673919677734 -1 193.51739501953125 143.95948791503906 -1 93.364715576171875 156.4705810546875 -1 193.33940124511719 169.77812194824219 -1 146.67994689941406 173.21055603027344 606 133.70916748046875 190.26097106933594 241 173.34663391113281 193.24943542480469 546 176.30923461914062 195.19407653808594 -1 169.17658996582031 199.34109497070312 -1 96.625450134277344 204.11650085449219 -1 99.005416870117188 208.15542602539062 -1 171.29402160644531 212.8194580078125 -1 104.56855773925781 217.42591857910156 -1 120.53499603271484 238.60887145996094 -1 117.51500701904297 239.27247619628906 -1 121.10138702392578 245.13265991210938 -1 120.11978912353516 47.494110107421875 -1 114.03225708007812 17.741493225097656 -1 168.28524780273438 207.40724182128906 601 128.27702331542969 33.261566162109375 -1 120.11978912353516 47.494110107421875 -1 151.52665710449219 75.837432861328125 -1 151.52665710449219 75.837432861328125 -1 177.33676147460938 91.17340087890625 -1 173.34663391113281 193.24943542480469 231 169.17658996582031 199.34109497070312 548 169.17658996582031 199.34109497070312 -1 169.17658996582031 199.34109497070312 -1 96.625450134277344 204.11650085449219 -1 99.005416870117188 208.15542602539062 -1 120.53499603271484 238.60887145996094 -1 117.51500701904297 239.27247619628906 -1 121.10138702392578 245.13265991210938 -1 110.13727569580078 125.59819793701172 149 242.59837341308594 120.14366912841797 394 221.78451538085938 93.163978576660156 -1 172.00991821289062 89.651863098144531 -1 166.19970703125 89.40667724609375 -1 161.51898193359375 80.895912170410156 -1 153.42556762695312 77.98876953125 -1 148.7957763671875 74.811744689941406 -1 189.57704162597656 61.211257934570312 -1 175.978759765625 60.804615020751953 -1 172.38888549804688 60.303813934326172 -1 168.11029052734375 60.155288696289062 -1 192.48919677734375 51.4371337890625 -1 117.39611053466797 36.443813323974609 -1 114.88919830322266 234.54463195800781 -1 168.04396057128906 35.520244598388672 -1 192.48919677734375 51.4371337890625 -1 168.11029052734375 60.155288696289062 -1 153.42556762695312 77.98876953125 -1 166.19970703125 89.40667724609375 -1 175.23666381835938 168.46784973144531 245 114.88919830322266 234.54463195800781 -1 115.08006286621094 229.47868347167969 -1 112.07456207275391 224.5732421875 -1 17.039731979370117 241.35313415527344 -1 161.31634521484375 197.19255065917969 -1 52.029041290283203 194.62501525878906 -1 153.261962890625 191.57376098632812 552 133.04437255859375 184.3543701171875 -1 175.23666381835938 168.46784973144531 -1 112.62824249267578 161.10769653320312 -1 183.26283264160156 157.82438659667969 -1 114.47874450683594 131.77537536621094 -1 177.21333312988281 127.96856689453125 -1 114.54087829589844 1.520334005355835 -1 64.422134399414062 221.59892272949219 -1 168.04396057128906 35.520244598388672 -1 21.451644897460938 8.4921455383300781 -1 105.31676483154297 7.0872201919555664 -1 108.62478637695312 5.4062151908874512 -1 30.72355842590332 4.2336387634277344 -1 30.72355842590332 4.2336387634277344 -1 117.38184356689453 233.98585510253906 -1 
124 0.98622652213115525 0.079886371517659385 0.071358827597379326 0.12602909352509079 1.4978630303188667 -2.6624693946892792 -0.082051001052787217 1 000123.png
33.328975677490234 75.576087951660156 -1 94.679679870605469 127.01995086669922 -1 144.2314453125 33.815410614013672 -1 233.27195739746094 102.41199493408203 613 128.31256103515625 132.18881225585938 648 52.314357757568359 133.34526062011719 716 86.521659851074219 226.85009765625 722 52.314357757568359 133.34526062011719 217 202.31866455078125 113.24463653564453 574 221.2757568359375 142.50840759277344 510 221.2757568359375 142.50840759277344 575 104.503173828125 70.377464294433594 563 30.093711853027344 96.176582336425781 -1 173.56256103515625 149.1356201171875 512 153.77481079101562 180.77696228027344 615 30.093711853027344 96.176582336425781 511 173.56256103515625 149.1356201171875 108 30.641525268554688 100.83332061767578 214 93.411651611328125 152.66195678710938 717 169.19938659667969 171.68048095703125 516 116.91133880615234 25.673652648925781 616 159.70634460449219 36.764347076416016 705 109.49967956542969 154.76922607421875 576 144.59672546386719 199.05345153808594 517 146.64178466796875 228.62728881835938 -1 86.268989562988281 119.67217254638672 10 180.19052124023438 127.5889892578125 489 192.64356994628906 141.33383178710938 8 156.186279296875 154.49409484863281 564 180.19052124023438 127.5889892578125 13 192.64356994628906 141.33383178710938 520 133.57752990722656 204.19102478027344 519 133.57752990722656 204.19102478027344 518 134.85612487792969 55.813453674316406 619 176.45100402832031 69.895584106445312 618 167.101318359375 79.841690063476562 617 134.85612487792969 55.813453674316406 -1 100.68074035644531 31.084648132324219 -1 154.33999633789062 196.21728515625 521 122.86051940917969 199.02491760253906 658 95.771049499511719 134.11567687988281 128 242.57191467285156 86.948829650878906 -1 163.62309265136719 35.558986663818359 -1 121.31273651123047 177.23069763183594 -1 184.44851684570312 59.32049560546875 -1 242.57191467285156 86.948829650878906 -1 189.83544921875 130.34425354003906 15 95.771049499511719 134.11567687988281 565 102.83472442626953 141.2738037109375 522 141.4515380859375 171.39482116699219 -1 146.68470764160156 185.22232055664062 237 129.4847412109375 187.1690673828125 -1 164.40504455566406 46.767799377441406 -1 193.89833068847656 54.780818939208984 659 156.72276306152344 78.821022033691406 622 161.3948974609375 92.102798461914062 624 33.541862487792969 122.43228149414062 25 123.55116271972656 9.4253501892089844 -1 129.4847412109375 187.1690673828125 -1 33.541862487792969 122.43228149414062 799 164.40504455566406 46.767799377441406 -1 116.31344604492188 7.7400317192077637 -1 177.58078002929688 42.204547882080078 -1 140.79536437988281 218.7823486328125 646 169.7930908203125 197.750244140625 -1 162.32073974609375 162.42105102539062 609 113.61474609375 137.24478149414062 707 90.880043029785156 126.13219451904297 28 51.247653961181641 110.00115966796875 -1 167.98896789550781 108.67668151855469 627 112.40785217285156 106.53311920166016 625 168.62039184570312 92.084014892578125 802 102.77672576904297 43.897365570068359 -1 108.35417175292969 42.596996307373047 -1 58.323440551757812 207.25318908691406 772 162.32073974609375 162.42105102539062 377 90.880043029785156 126.13219451904297 28 90.880043029785156 126.13219451904297 26 167.98896789550781 108.67668151855469 525 168.62039184570312 92.084014892578125 664 108.35417175292969 42.596996307373047 -1 130.78022766113281 193.20445251464844 691 182.86054992675781 69.864837646484375 -1 179.92967224121094 94.687149047851562 633 175.39271545410156 96.046791076660156 -1 175.18952941894531 132.72325134277344 566 156.87471008300781 160.93515014648438 -1 169.744873046875 177.95050048828125 770 135.14041137695312 249.54930114746094 645 175.39271545410156 96.046791076660156 -1 150.92890930175781 103.28391265869141 585 156.87471008300781 160.93515014648438 -1 150.92890930175781 103.28391265869141 598 115.18817901611328 31.186677932739258 695 165.20048522949219 49.122539520263672 -1 140.58395385742188 205.97872924804688 643 159.95039367675781 208.454833984375 -1 111.26549530029297 23.491649627685547 -1 103.84432220458984 33.252712249755859 -1 190.11221313476562 62.547496795654297 -1 170.14222717285156 63.095241546630859 631 128.25152587890625 33.231208801269531 694 156.89059448242188 161.83348083496094 -1 146.76280212402344 171.27206420898438 -1 51.151870727539062 176.03169250488281 -1 155.88381958007812 225.21337890625 746 184.24920654296875 183.72195434570312 -1 156.62960815429688 185.66703796386719 529 188.76593017578125 54.791664123535156 -1 181.60536193847656 187.28042602539062 -1 55.596519470214844 187.92015075683594 774 151.84886169433594 172.32978820800781 -1 120.73597717285156 47.462654113769531 -1 151.53135681152344 75.751319885253906 634 172.92205810546875 79.459762573242188 678 180.074462890625 183.17073059082031 546 181.86601257324219 98.599174499511719 589 108.87731170654297 103.09751129150391 -1 81.57977294921875 114.40102386474609 228 47.761837005615234 166.70191955566406 610 44.440196990966797 165.68980407714844 610 241.65147399902344 102.53305053710938 -1 108.3011474609375 87.430320739746094 595 188.76593017578125 54.791664123535156 -1 151.53135681152344 75.751319885253906 638 181.86601257324219 98.599174499511719 592 156.89059448242188 161.83348083496094 -1 156.62960815429688 185.66703796386719 -1 120.73597717285156 47.462654113769531 -1 113.83008575439453 2.4563503265380859 635 98.775947570800781 193.32876586914062 -1 102.29048919677734 199.353515625 -1 139.59635925292969 199.59390258789062 -1 173.07876586914062 200.6064453125 601 171.03762817382812 203.54191589355469 -1 154.28512573242188 203.71023559570312 -1 63.931507110595703 211.69970703125 -1 148.66349792480469 211.35696411132812 676 157.81367492675781 214.63150024414062 571 147.60691833496094 215.92427062988281 680 127.88880920410156 236.64047241210938 -1 148.02760314941406 181.13906860351562 -1 129.81596374511719 239.81687927246094 -1 159.6383056640625 180.41177368164062 552 190.06346130371094 180.02127075195312 -1 153.42424011230469 175.04905700683594 -1 148.39060974121094 174.36537170410156 -1 126.59797668457031 30.753377914428711 694 164.44476318359375 33.436611175537109 644 114.48273468017578 124.77822113037109 -1 29.913270950317383 115.26762390136719 582 117.01736450195312 36.634738922119141 611 224.00016784667969 93.310722351074219 -1 10.861024856567383 92.775421142578125 -1 172.18441772460938 89.427360534667969 639 231.92967224121094 85.693038940429688 578 236.25328063964844 79.97015380859375 -1 174.22207641601562 38.152420043945312 -1 189.6195068359375 61.144931793212891 -1 192.55874633789062 51.394073486328125 -1 172.10566711425781 60.080295562744141 -1 168.03617858886719 60.225414276123047 795 231.92967224121094 85.693038940429688 579 29.913270950317383 115.26762390136719 787 190.06346130371094 180.02127075195312 -1 133.75204467773438 184.43391418457031 -1 186.21949768066406 185.66191101074219 -1 152.82286071777344 188.27418518066406 -1 126.64813232421875 191.22055053710938 -1 173.07876586914062 200.6064453125 603 171.03762817382812 203.54191589355469 -1 154.28512573242188 203.71023559570312 739 172.10566711425781 60.080295562744141 -1 168.03617858886719 60.225414276123047 -1 152.82286071777344 188.27418518066406 572 133.75204467773438 184.43391418457031 685 112.0172119140625 28.552606582641602 -1 136.11799621582031 252.94422912597656 645 126.64813232421875 191.22055053710938 -1 186.21949768066406 185.66191101074219 -1 168.04884338378906 35.374973297119141 666 99.91778564453125 72.739608764648438 -1 99.91778564453125 72.739608764648438 715 225.89520263671875 120.59830474853516 -1 
125 0.98627891641314747 0.090151694342341979 0.045983500676011278 0.13043039795880421 1.712424863294651 -2.5586889638648347 -0.061460434707340354 1 000125.png
158.76905822753906 204.81614685058594 -1 44.468379974365234 128.76884460449219 217 44.468379974365234 128.76884460449219 716 127.69437408447266 128.22543334960938 648 80.033866882324219 223.04890441894531 722 212.72319030761719 137.96455383300781 510 196.05473327636719 113.78481292724609 701 150.50848388671875 178.07327270507812 615 104.53325653076172 62.514583587646484 -1 125.24807739257812 238.04872131347656 702 168.39958190917969 144.28648376464844 108 107.26736450195312 151.56474304199219 576 88.447265625 147.65948486328125 717 168.39958190917969 144.28648376464844 512 155.819580078125 34.187767028808594 705 98.201400756835938 26.165552139282227 -1 115.95462036132812 25.280132293701172 616 77.264305114746094 129.00802612304688 -1 176.60719299316406 70.582199096679688 618 94.233650207519531 161.86764526367188 703 139.35835266113281 193.1513671875 517 115.95462036132812 25.280132293701172 650 121.49713134765625 37.475940704345703 651 138.1519775390625 38.488502502441406 652 134.22177124023438 55.202903747558594 619 167.28327941894531 79.507278442382812 617 236.17674255371094 84.194183349609375 -1 163.650146484375 166.29571533203125 516 186.38844299316406 137.1722412109375 8 174.50253295898438 123.86445617675781 489 80.977073669433594 114.60552978515625 10 174.50253295898438 123.86445617675781 13 110.08523559570312 99.0318603515625 117 149.16020202636719 46.829158782958984 733 130.42915344238281 203.89431762695312 518 186.38844299316406 137.1722412109375 520 236.17674255371094 84.194183349609375 -1 134.22177124023438 55.202903747558594 654 130.42915344238281 203.89431762695312 655 125.40996551513672 11.9559326171875 620 152.0433349609375 163.42240905761719 656 90.724609375 129.070556640625 565 98.508934020996094 135.84916687011719 522 153.22039794921875 151.07754516601562 564 102.59913635253906 31.826116561889648 657 149.5791015625 190.79240417480469 521 183.90950012207031 126.57509613037109 15 90.724609375 129.070556640625 128 141.32069396972656 172.71701049804688 -1 142.50837707519531 181.11700439453125 237 142.50837707519531 181.11700439453125 -1 125.97043609619141 182.06752014160156 706 123.68585205078125 196.77752685546875 658 138.60987854003906 235.00625610351562 -1 193.69898986816406 54.228786468505859 659 170.04193115234375 52.055717468261719 660 156.77664184570312 78.759521484375 622 154.34365844726562 90.799606323242188 709 161.51702880859375 91.966171264648438 624 156.77664184570312 78.759521484375 661 154.34365844726562 90.799606323242188 662 141.32069396972656 172.71701049804688 -1 138.60987854003906 235.00625610351562 -1 25.67909049987793 117.80715179443359 25 85.46649169921875 121.39527130126953 26 85.46649169921875 121.39527130126953 28 170.42178344726562 117.63174438476562 623 63.899333953857422 87.48944091796875 534 92.377494812011719 5.8498597145080566 -1 85.46649169921875 121.39527130126953 28 157.23875427246094 157.55574035644531 609 169.41299438476562 159.52105712890625 168 170.46220397949219 172.61993408203125 738 130.17091369628906 243.16517639160156 645 126.63877105712891 189.96621704101562 691 145.88764953613281 200.2147216796875 739 168.06044006347656 91.505462646484375 664 168.06044006347656 91.505462646484375 802 157.23875427246094 157.55574035644531 377 126.63877105712891 189.96621704101562 -1 130.17091369628906 243.16517639160156 700 92.377494812011719 5.8498597145080566 665 63.899333953857422 87.48944091796875 531 231.23509216308594 105.34905242919922 -1 26.835447311401367 110.31503295898438 145 246.20137023925781 115.22519683837891 32 166.80029296875 35.73626708984375 666 112.70897674560547 32.313545227050781 -1 112.70897674560547 32.313545227050781 668 104.82270812988281 93.850128173828125 144 180.06423950195312 94.394432067871094 633 164.590576171875 101.95738220214844 -1 106.38346862792969 102.9228515625 -1 96.894775390625 123.48371887207031 -1 117.72095489501953 169.66429138183594 -1 46.113494873046875 175.71963500976562 -1 147.66102600097656 183.72395324707031 572 136.73861694335938 212.544677734375 646 150.96818542480469 218.35639953613281 746 113.20270538330078 91.810173034667969 769 170.03327941894531 63.194629669189453 631 88.069931030273438 68.295906066894531 -1 181.58505249023438 76.339225769042969 671 65.771827697753906 81.712913513183594 749 227.47564697265625 82.571517944335938 578 59.263134002685547 85.528450012207031 539 172.19700622558594 88.380813598632812 672 164.590576171875 101.95738220214844 673 164.590576171875 101.95738220214844 -1 106.38346862792969 102.9228515625 -1 151.534912109375 75.748382568359375 634 227.04925537109375 89.649650573730469 31 109.14311981201172 91.005859375 742 136.32533264160156 205.85894775390625 -1 103.94937896728516 98.312545776367188 37 180.79670715332031 100.43287658691406 -1 97.93609619140625 128.997314453125 -1 152.60200500488281 144.07382202148438 -1 82.284759521484375 164.82424926757812 -1 151.98056030273438 180.527587890625 529 135.40673828125 200.52604675292969 643 151.534912109375 75.748382568359375 638 151.534912109375 75.748382568359375 637 180.79670715332031 100.43287658691406 674 180.79670715332031 100.43287658691406 -1 97.93609619140625 128.997314453125 -1 152.60200500488281 144.07382202148438 -1 82.284759521484375 164.82424926757812 -1 122.20806884765625 185.51042175292969 -1 93.528839111328125 189.51496887207031 -1 136.32533264160156 205.85894775390625 -1 113.75562286376953 2.4765489101409912 635 126.31585693359375 30.731044769287109 694 128.28123474121094 33.24432373046875 694 122.20806884765625 185.51042175292969 -1 122.20806884765625 185.51042175292969 -1 143.89501953125 205.91432189941406 676 211.51713562011719 114.60044097900391 -1 172.28034973144531 89.498573303222656 639 166.15357971191406 89.458724975585938 677 161.75141906738281 80.797805786132812 641 172.75071716308594 80.398208618164062 678 107.90543365478516 79.665077209472656 760 91.579734802246094 67.036529541015625 715 187.43856811523438 43.870395660400391 -1 174.40837097167969 38.655506134033203 -1 116.98729705810547 36.693252563476562 713 106.02766418457031 6.5876460075378418 -1 142.98799133300781 210.34890747070312 680 154.69357299804688 218.94232177734375 636 107.90543365478516 79.665077209472656 -1 166.15357971191406 89.458724975585938 682 192.53805541992188 51.29815673828125 -1 143.89501953125 205.91432189941406 684 154.69357299804688 218.94232177734375 -1 106.75060272216797 162.33985900878906 -1 187.42512512207031 132.96000671386719 -1 160.5477294921875 30.885524749755859 644 133.75892639160156 184.45294189453125 685 154.21743774414062 99.004837036132812 686 107.17375183105469 60.813751220703125 630 
126 0.98385897320447757 0.10695064376973255 0.0023819342476329892 0.14344827301682891 2.1009986432360623 -2.3638292142430974 0.050692294749025923 1 000128.png
93.770782470703125 112.22885894775391 -1 93.770782470703125 112.22885894775391 -1 220.16780090332031 104.65976715087891 613 31.016237258911133 118.85312652587891 716 130.30549621582031 130.62931823730469 -1 141.26463317871094 205.99551391601562 -1 67.734207153320312 217.49484252929688 722 103.12178039550781 52.450290679931641 649 186.24461364746094 61.703117370605469 723 198.86801147460938 132.44525146484375 510 198.86801147460938 132.44525146484375 -1 198.86801147460938 132.44525146484375 575 198.86801147460938 132.44525146484375 -1 103.12178039550781 52.450290679931641 724 185.80203247070312 112.45005798339844 701 123.64260101318359 183.8905029296875 -1 185.80203247070312 112.45005798339844 -1 185.80203247070312 112.45005798339844 763 98.441993713378906 142.32452392578125 576 114.24259948730469 25.09803581237793 -1 158.79815673828125 135.85542297363281 108 116.38174438476562 229.84272766113281 702 114.24259948730469 25.09803581237793 650 103.70008087158203 89.853004455566406 117 88.741844177246094 102.36964416503906 764 78.077804565429688 137.15469360351562 717 158.79815673828125 135.85542297363281 512 112.72335815429688 157.87545776367188 -1 66.639427185058594 118.15252685546875 -1 168.7528076171875 78.243721008300781 617 168.7528076171875 78.243721008300781 729 168.7528076171875 78.243721008300781 704 129.69357299804688 238.17581176757812 -1 120.94692230224609 37.932456970214844 651 134.5032958984375 55.564128875732422 619 172.28535461425781 92.397499084472656 802 175.81468200683594 130.13909912109375 8 172.28535461425781 92.397499084472656 731 172.28535461425781 92.397499084472656 730 117.01490783691406 172.85145568847656 706 154.13681030273438 157.18522644042969 516 175.81468200683594 130.13909912109375 520 71.153083801269531 103.67509460449219 10 80.945747375488281 118.27033996582031 565 208.63543701171875 90.548019409179688 765 80.945747375488281 118.27033996582031 128 119.71076965332031 231.84623718261719 645 249.4788818359375 112.8194580078125 -1 161.22842407226562 95.945770263671875 -1 124.38986206054688 10.37169075012207 620 165.00340270996094 119.01071166992188 13 88.776954650878906 125.48494720458984 522 129.89602661132812 187.46296691894531 517 161.22842407226562 95.945770263671875 624 165.00340270996094 119.01071166992188 489 119.71076965332031 231.84623718261719 700 10.791950225830078 105.14006042480469 25 122.65389251708984 7.9840226173400879 620 167.52684020996094 90.657760620117188 664 135.45133972167969 34.456356048583984 734 193.37094116210938 53.841091156005859 659 10.791950225830078 105.14006042480469 799 165.28665161132812 104.28191375732422 767 154.57412719726562 91.421920776367188 662 156.90238952636719 78.586143493652344 622 135.45133972167969 34.456356048583984 652 156.90238952636719 78.586143493652344 661 122.65389251708984 7.9840226173400879 -1 154.57412719726562 91.421920776367188 709 165.28665161132812 104.28191375732422 627 75.425651550292969 110.77478790283203 28 229.37406921386719 88.326644897460938 -1 161.85336303710938 91.355201721191406 -1 174.79530334472656 40.471519470214844 736 166.79951477050781 112.664306640625 -1 75.425651550292969 110.77478790283203 28 161.85336303710938 91.355201721191406 624 180.81919860839844 44.174900054931641 737 166.79951477050781 112.664306640625 -1 75.425651550292969 110.77478790283203 26 121.51352691650391 26.374095916748047 740 121.51352691650391 26.374095916748047 741 178.37934875488281 53.721229553222656 747 170.32949829101562 62.897617340087891 631 182.82740783691406 70.15814208984375 -1 104.8287353515625 81.743736267089844 742 109.97660827636719 83.96441650390625 640 172.45510864257812 88.175300598144531 755 97.175941467285156 93.751838684082031 -1 180.09870910644531 94.318763732910156 633 105.94491577148438 97.318145751953125 625 244.42803955078125 103.2337646484375 -1 249.21798706054688 126.69155120849609 224 124.95774078369141 190.92398071289062 -1 95.605796813964844 84.212539672851562 144 97.175941467285156 93.751838684082031 -1 247.9869384765625 101.78933715820312 -1 187.1024169921875 47.217426300048828 -1 170.32949829101562 62.897617340087891 -1 104.8287353515625 81.743736267089844 41 26.620630264282227 151.38583374023438 610 116.87450408935547 167.69206237792969 -1 140.97329711914062 207.25932312011719 746 134.12150573730469 211.7054443359375 -1 133.88175964355469 216.4859619140625 -1 123.74606323242188 39.780998229980469 -1 155.04376220703125 99.467330932617188 686 128.32525634765625 33.239971160888672 694 108.70231628417969 5.7130241394042969 751 248.83529663085938 118.75234222412109 375 175.562744140625 101.58721923828125 750 230.17486572265625 87.608848571777344 183 250.10179138183594 122.12419128417969 20 151.53091430664062 75.707290649414062 634 155.04376220703125 99.467330932617188 753 123.74606323242188 39.780998229980469 -1 151.53091430664062 75.707290649414062 637 151.53091430664062 75.707290649414062 638 175.562744140625 101.58721923828125 754 250.10179138183594 122.12419128417969 24 175.88050842285156 135.27938842773438 778 114.10742950439453 127.67970275878906 -1 175.88050842285156 135.27938842773438 777 53.272056579589844 77.136283874511719 534 68.629035949707031 69.051376342773438 -1 78.341438293457031 64.097885131835938 -1 84.192726135253906 61.174652099609375 -1 84.192726135253906 61.174652099609375 -1 103.45252227783203 51.734375 630 116.84903717041016 36.751079559326172 713 126.67758178710938 30.704322814941406 694 113.53755187988281 2.0821032524108887 -1 127.81217193603516 200.61087036132812 655 139.64015197753906 187.02842712402344 739 103.45252227783203 51.734375 -1 84.192726135253906 61.174652099609375 -1 84.192726135253906 61.174652099609375 -1 78.341438293457031 64.097885131835938 -1 39.084133148193359 183.89370727539062 -1 53.272056579589844 77.136283874511719 531 213.38825988769531 82.298515319824219 719 41.509876251220703 83.189849853515625 785 33.523529052734375 87.123306274414062 -1 33.4661865234375 176.96356201171875 774 9.3130464553833008 99.198768615722656 788 166.81062316894531 174.53981018066406 -1 166.81062316894531 174.53981018066406 -1 114.33373260498047 130.55665588378906 -1 9.3130464553833008 99.198768615722656 145 6.9503512382507324 97.282562255859375 787 6.9503512382507324 97.282562255859375 582 33.523529052734375 87.123306274414062 -1 41.509876251220703 83.189849853515625 781 213.38825988769531 82.298515319824219 578 168.25016784667969 69.76708984375 -1 172.66545104980469 80.316558837890625 678 68.629035949707031 69.051376342773438 -1 11.968905448913574 97.864540100097656 -1 11.968905448913574 97.864540100097656 -1 
127 0.98520529702330462 0.10156533294764894 0.024852966195547003 0.13578415199035052 1.8859046800854689 -2.4278684927649921 -0.053755482882138259 1 000126.png
224.58555603027344 104.64339447021484 613 37.168060302734375 123.16096496582031 716 128.34320068359375 123.18152618408203 -1 73.335456848144531 219.73667907714844 722 104.12437438964844 55.243370056152344 649 187.37646484375 63.895160675048828 723 186.31459045410156 96.633895874023438 -1 205.56916809082031 133.93281555175781 510 205.56916809082031 133.93281555175781 575 104.12437438964844 55.243370056152344 724 79.719375610351562 85.899009704589844 -1 150.06761169433594 179.33441162109375 615 164.15150451660156 139.85821533203125 108 83.470077514648438 142.22671508789062 -1 114.85784149169922 25.095199584960938 650 114.85784149169922 25.095199584960938 616 93.005729675292969 106.93436431884766 764 164.15150451660156 139.85821533203125 512 83.470077514648438 142.22671508789062 717 103.62675476074219 146.75296020507812 576 122.01693725585938 158.763671875 -1 121.84562683105469 234.48147583007812 702 90.802009582519531 158.08155822753906 703 105.42015075683594 242.12933349609375 -1 137.17718505859375 241.31629943847656 -1 167.81991577148438 79.169105529785156 729 167.81991577148438 79.169105529785156 704 167.81991577148438 79.169105529785156 617 105.42015075683594 242.12933349609375 -1 158.9752197265625 113.18241119384766 -1 158.9752197265625 113.18241119384766 -1 176.3525390625 70.9293212890625 618 107.79689788818359 94.122566223144531 117 158.9752197265625 113.18241119384766 -1 120.83694458007812 37.947288513183594 651 134.21176147460938 55.099403381347656 619 172.1773681640625 92.585884094238281 802 76.17864990234375 108.59761047363281 10 111.00822448730469 116.72727203369141 -1 169.61103820800781 120.01156616210938 489 181.48178100585938 133.38665771484375 520 159.2242431640625 161.37213134765625 516 135.94760131835938 189.73892211914062 517 181.48178100585938 133.38665771484375 8 169.61103820800781 120.01156616210938 13 134.21176147460938 55.099403381347656 654 172.1773681640625 92.585884094238281 731 172.1773681640625 92.585884094238281 730 86.026542663574219 123.33724212646484 565 159.04115295410156 147.72776794433594 -1 150.24420166015625 166.41194152832031 656 121.68115234375 177.36984252929688 706 145.49740600585938 184.70672607421875 521 127.87789916992188 202.772216796875 655 94.6224365234375 129.89842224121094 522 136.57321166992188 35.742347717285156 734 86.026542663574219 123.33724212646484 128 159.04115295410156 147.72776794433594 -1 150.24420166015625 166.41194152832031 -1 127.87789916992188 202.772216796875 -1 178.80122375488281 123.08727264404297 15 124.52278900146484 10.629814147949219 620 136.57321166992188 35.742347717285156 652 125.35662078857422 237.316650390625 645 166.26524353027344 35.710159301757812 -1 154.48835754394531 91.004714965820312 709 156.8310546875 78.64337158203125 622 164.233642578125 113.79216003417969 623 117.18874359130859 97.353736877441406 -1 17.577018737792969 111.00953674316406 25 193.87545776367188 54.322742462158203 659 156.8310546875 78.64337158203125 661 154.48835754394531 91.004714965820312 662 154.48835754394531 91.004714965820312 735 125.35662078857422 237.316650390625 700 53.023441314697266 128.07321166992188 -1 221.03424072265625 80.508705139160156 -1 123.58038330078125 195.77017211914062 658 141.48628234863281 194.69761657714844 739 165.70747375488281 167.62702941894531 738 161.63768005371094 91.711326599121094 624 110.68686676025391 100.36896514892578 625 104.52610015869141 34.078403472900391 657 175.85208129882812 40.815387725830078 736 153.17012023925781 152.99537658691406 377 221.03424072265625 80.508705139160156 579 58.386817932128906 81.675697326660156 531 187.76675415039062 137.49520874023438 -1 104.91824340820312 161.83158874511719 -1 167.87715148925781 91.12823486328125 664 153.17012023925781 152.99537658691406 609 164.88722229003906 102.23622894287109 627 19.31843376159668 103.56827545166016 145 251.43363952636719 103.52133178710938 628 80.732498168945312 115.62194061279297 28 80.732498168945312 115.62194061279297 26 80.732498168945312 115.62194061279297 28 164.88722229003906 102.23622894287109 673 167.87715148925781 91.12823486328125 802 58.386817932128906 81.675697326660156 534 121.45783996582031 26.350921630859375 740 121.45783996582031 26.350921630859375 741 104.60302734375 56.302242279052734 630 170.27781677246094 62.991870880126953 631 60.453472137451172 76.291839599609375 749 53.543586730957031 80.010055541992188 539 100.58286285400391 88.646263122558594 144 172.33088684082031 88.359115600585938 755 180.07943725585938 94.361640930175781 633 102.15541839599609 97.708343505859375 -1 180.78350830078125 101.77178955078125 674 71.767509460449219 102.84089660644531 228 233.679931640625 114.76921844482422 -1 146.23898315429688 218.86093139648438 -1 132.64860534667969 206.82269287109375 646 116.76722717285156 4.1502814292907715 -1 178.09434509277344 54.053756713867188 747 220.7913818359375 81.737777709960938 578 99.318824768066406 93.290542602539062 37 105.66240692138672 100.97241973876953 -1 146.748291015625 170.13078308105469 -1 94.070091247558594 6.212092399597168 665 109.0694580078125 6.0405926704406738 751 112.93142700195312 44.136249542236328 -1 100.58286285400391 88.646263122558594 -1 172.33088684082031 88.359115600585938 672 102.15541839599609 97.708343505859375 -1 109.2069091796875 35.237274169921875 668 152.33914184570312 145.10250854492188 -1 149.99456787109375 214.00505065917969 -1 93.367034912109375 58.4547119140625 -1 75.559326171875 68.125167846679688 783 151.48745727539062 75.835968017578125 634 79.438766479492188 125.54472351074219 337 104.66509246826172 85.782913208007812 -1 112.66654968261719 7.0917611122131348 -1 154.91647338867188 99.245925903320312 753 154.91647338867188 99.245925903320312 686 113.76045227050781 2.105888843536377 635 133.81515502929688 184.42921447753906 685 236.63446044921875 116.74266052246094 -1 230.30641174316406 110.45249176025391 394 175.63041687011719 101.67440032958984 750 91.966545104980469 117.68964385986328 -1 248.53173828125 122.32617950439453 -1 245.41793823242188 123.9205322265625 -1 152.33914184570312 145.10250854492188 -1 149.99456787109375 214.00505065917969 636 139.42121887207031 217.04721069335938 -1 151.48745727539062 75.835968017578125 637 151.48745727539062 75.835968017578125 638 175.63041687011719 101.67440032958984 754 183.25291442871094 44.062877655029297 737 73.248085021972656 147.68568420410156 -1 147.68367004394531 175.35528564453125 -1 144.09034729003906 178.57783508300781 572 7.3394551277160645 99.199798583984375 -1 56.136245727539062 123.93949127197266 -1 145.94331359863281 113.17266845703125 -1 111.05369567871094 86.116989135742188 595 10.412920951843262 99.166297912597656 -1 8.4520359039306641 96.268707275390625 -1 172.34396362304688 89.395347595214844 639 166.16964721679688 89.383560180664062 677 108.37706756591797 86.655998229980469 742 111.05369567871094 86.116989135742188 640 240.5428466796875 82.659317016601562 -1 161.58473205566406 81.0438232421875 641 180.09843444824219 76.562118530273438 671 107.48558807373047 71.6673583984375 797 167.87478637695312 60.346385955810547 795 101.46953582763672 54.42694091796875 -1 116.94751739501953 36.70391845703125 713 108.37706756591797 86.655998229980469 -1 166.16964721679688 89.383560180664062 682 153.71791076660156 25.955703735351562 -1 126.72813415527344 30.702032089233398 694 131.63398742675781 196.51351928710938 643 157.76388549804688 29.009250640869141 644 107.57878112792969 27.929378509521484 -1 138.87953186035156 204.42855834960938 680 112.07158660888672 141.79655456542969 -1 107.48558807373047 71.6673583984375 760 12.562808990478516 102.09371185302734 582 64.910171508789062 134.59906005859375 -1 
128 0.98472088900084187 0.10333897295440533 0.010707432578466989 0.13975399214941245 2.0291635261815402 -2.4056055589993148 0.023560305262131615 1 000127.png
93.748603820800781 113.24011993408203 -1 93.748603820800781 113.24011993408203 -1 221.71826171875 105.61742401123047 613 33.543411254882812 121.05447387695312 716 142.66081237792969 208.13394165039062 -1 69.782493591308594 218.49606323242188 722 104.41147613525391 53.516799926757812 649 186.85423278808594 62.150291442871094 723 183.15335083007812 94.673713684082031 -1 201.83226013183594 133.85177612304688 510 104.41147613525391 53.516799926757812 724 201.83226013183594 133.85177612304688 575 187.77490234375 112.40224456787109 701 148.17355346679688 179.9478759765625 -1 187.77490234375 112.40224456787109 -1 114.42621612548828 25.097963333129883 -1 160.9693603515625 137.54643249511719 108 118.73032379150391 232.61433410644531 702 100.99267578125 145.08570861816406 576 80.429351806640625 139.57740783691406 717 160.9693603515625 137.54643249511719 512 105.83353424072266 92.203590393066406 117 114.42621612548828 25.097963333129883 650 90.826431274414062 105.09812164306641 764 151.99577331542969 30.389013290405273 705 176.08207702636719 71.234855651855469 618 69.068382263183594 121.31848907470703 -1 87.40435791015625 156.09062194824219 703 102.90524291992188 241.08978271484375 -1 133.21446228027344 240.55801391601562 -1 168.75146484375 78.285934448242188 704 102.90524291992188 241.08978271484375 -1 69.068382263183594 121.31848907470703 -1 168.75146484375 78.285934448242188 729 168.75146484375 78.285934448242188 617 178.41273498535156 132.05267333984375 8 250.0234375 111.86806488037109 -1 172.20208740234375 92.320907592773438 730 172.20208740234375 92.320907592773438 731 250.0234375 111.86806488037109 -1 73.399795532226562 106.52850341796875 10 118.823486328125 96.301986694335938 -1 172.20208740234375 92.320907592773438 802 146.01725769042969 42.723335266113281 733 120.90126037597656 37.940303802490234 651 132.98526000976562 189.10494995117188 517 119.54293060302734 175.83967590332031 706 156.38258361816406 159.3309326171875 516 178.41273498535156 132.05267333984375 520 132.98526000976562 189.10494995117188 517 166.88677978515625 118.85858917236328 13 166.88677978515625 118.85858917236328 489 83.273712158203125 121.22519683837891 565 176.0638427734375 121.82344055175781 15 91.640556335449219 127.98222351074219 522 242.98873901367188 143.20936584472656 -1 83.273712158203125 121.22519683837891 128 136.36637878417969 35.506698608398438 734 124.51023864746094 10.58316707611084 620 136.36637878417969 35.506698608398438 652 193.82661437988281 54.600185394287109 659 153.17434692382812 102.46258544921875 -1 165.87289428710938 35.868522644042969 -1 156.86265563964844 78.589935302734375 661 154.5626220703125 91.22998046875 709 41.389640808105469 93.781013488769531 711 153.17434692382812 102.46258544921875 -1 13.156072616577148 108.53422546386719 25 122.48796081542969 235.25616455078125 645 149.3414306640625 164.47064208984375 -1 13.156072616577148 108.53422546386719 799 122.48796081542969 235.25616455078125 700 156.86265563964844 78.589935302734375 622 154.5626220703125 91.22998046875 735 154.5626220703125 91.22998046875 662 175.00112915039062 40.479450225830078 736 181.46139526367188 44.376934051513672 737 66.633590698242188 79.223541259765625 -1 161.79486083984375 91.402885437011719 624 167.81108093261719 91.017318725585938 664 14.895556449890137 101.09145355224609 145 165.05586242675781 102.44060516357422 627 77.831535339355469 113.54527282714844 28 250.49566650390625 128.90553283691406 -1 184.66799926757812 135.97654724121094 -1 149.240234375 163.34906005859375 -1 162.86726379394531 165.80659484863281 738 142.55635070800781 172.34075927734375 -1 138.59481811523438 192.69932556152344 739 122.48239135742188 195.68289184570312 658 77.831535339355469 113.54527282714844 26 77.831535339355469 113.54527282714844 28 161.79486083984375 91.402885437011719 -1 121.49990844726562 26.378593444824219 740 121.49990844726562 26.378593444824219 741 106.89255523681641 83.590744018554688 742 54.452968597412109 84.282974243164062 -1 97.992172241210938 86.642044067382812 144 143.36491394042969 216.77217102050781 -1 31.661008834838867 87.623786926269531 -1 96.866401672363281 91.483078002929688 37 180.08451843261719 94.356246948242188 633 15.84804630279541 96.010231018066406 743 99.400291442871094 96.061775207519531 -1 107.90103912353516 99.290237426757812 625 222.65138244628906 99.418548583984375 -1 69.122184753417969 100.36900329589844 228 179.70295715332031 103.72459411621094 674 250.41168212890625 120.0904541015625 -1 150.48402404785156 151.93731689453125 377 137.12399291992188 186.27462768554688 -1 129.87504577636719 204.85279846191406 646 143.7496337890625 210.36672973632812 746 250.41168212890625 120.0904541015625 24 143.36491394042969 216.77217102050781 -1 99.400291442871094 96.061775207519531 -1 178.42933654785156 53.643829345703125 747 170.35420227050781 62.901088714599609 631 102.18576049804688 83.847702026367188 -1 107.08781433105469 68.840034484863281 797 79.620094299316406 101.67052459716797 27 234.02207946777344 113.96395111083984 32 162.61326599121094 123.22875213623047 566 113.48674774169922 227.64616394042969 -1 111.11917877197266 95.614028930664062 -1 75.379692077636719 68.707878112792969 -1 9.0179319381713867 99.398033142089844 582 57.756866455078125 74.747230529785156 749 151.52793884277344 75.711448669433594 634 216.89837646484375 82.540794372558594 40 110.64128112792969 85.26824951171875 640 27.992832183837891 90.190399169921875 -1 102.97589874267578 99.038139343261719 -1 128.36506652832031 33.186378479003906 694 155.05018615722656 99.322334289550781 686 175.64088439941406 101.60086822509766 750 146.75746154785156 212.34065246582031 636 108.93123626708984 5.5264286994934082 751 155.85197448730469 31.991891860961914 -1 75.379692077636719 68.707878112792969 -1 113.56378173828125 2.0663661956787109 -1 216.89837646484375 82.540794372558594 719 75.379692077636719 68.707878112792969 -1 75.379692077636719 68.707878112792969 -1 107.08781433105469 68.840034484863281 760 151.52793884277344 75.711448669433594 637 151.52793884277344 75.711448669433594 638 155.05018615722656 99.322334289550781 753 175.64088439941406 101.60086822509766 754 146.75746154785156 212.34065246582031 -1 139.97824096679688 176.93719482421875 572 193.911865234375 59.875629425048828 -1 169.78944396972656 40.661384582519531 -1 90.854454040527344 57.846149444580078 -1 136.80868530273438 215.10197448730469 -1 84.205322265625 61.002250671386719 715 172.36299133300781 89.519630432128906 639 95.680091857910156 60.935955047607422 -1 78.527046203613281 66.989067077636719 -1 166.21730041503906 89.320709228515625 677 180.04800415039062 76.586456298828125 671 154.7886962890625 72.441917419433594 -1 169.78944396972656 40.661384582519531 -1 78.527046203613281 66.989067077636719 -1 154.7886962890625 72.441917419433594 -1 166.21730041503906 89.320709228515625 682 116.87841796875 36.75286865234375 713 156.77088928222656 28.47718620300293 644 118.82225799560547 180.47901916503906 -1 87.10198974609375 172.21244812011719 -1 82.637031555175781 165.27786254882812 -1 63.6629638671875 134.64012145996094 -1 166.571533203125 127.678955078125 -1 172.36299133300781 89.519630432128906 755 245.50325012207031 122.97015380859375 -1 235.50021362304688 118.66353607177734 -1 2.9922888278961182 92.009918212890625 -1 135.99678039550781 202.42082214355469 680 109.5509033203125 140.22090148925781 -1 136.81636047363281 198.10685729980469 684 2.9922888278961182 92.009918212890625 -1 92.612068176269531 181.71781921386719 -1 
129 0.9839663433169803 0.10620715048628321 0.0021324845371759691 0.14326803172617808 2.1053134277000685 -2.3691364778927078 0.051601752812058907 1 000129.png
93.448089599609375 112.70915222167969 -1 93.448089599609375 112.70915222167969 -1 220.60403442382812 104.76572418212891 613 31.075922012329102 118.86674499511719 716 130.07514953613281 130.86962890625 -1 141.22601318359375 206.27566528320312 -1 67.757598876953125 218.16127014160156 722 103.42510223388672 52.525432586669922 649 186.15969848632812 61.598987579345703 723 199.30740356445312 132.59001159667969 510 103.42510223388672 52.525432586669922 724 199.30740356445312 132.59001159667969 575 199.30740356445312 132.59001159667969 -1 199.30740356445312 132.59001159667969 -1 185.95254516601562 112.24259185791016 701 123.7884521484375 184.12516784667969 -1 185.95254516601562 112.24259185791016 -1 185.95254516601562 112.24259185791016 763 114.20621490478516 25.135549545288086 650 103.76337432861328 89.994422912597656 117 88.73583984375 102.46833038330078 764 78.050765991210938 136.97392272949219 717 159.03549194335938 135.96707153320312 512 98.604629516601562 142.52674865722656 576 116.46774291992188 230.29573059082031 702 114.20621490478516 25.135549545288086 -1 159.03549194335938 135.96707153320312 108 85.539375305175781 154.1644287109375 703 101.46229553222656 239.90242004394531 -1 130.77879333496094 238.19776916503906 -1 113.25791168212891 158.05305480957031 -1 168.761474609375 78.196571350097656 617 168.761474609375 78.196571350097656 729 101.46229553222656 239.90242004394531 -1 168.761474609375 78.196571350097656 704 66.748733520507812 118.51290130615234 -1 151.0230712890625 29.607822418212891 705 121.13838958740234 37.833110809326172 651 172.30671691894531 92.357452392578125 802 71.203826904296875 103.86179351806641 10 176.09651184082031 130.30419921875 520 154.32682800292969 157.31585693359375 516 117.17316436767578 173.16508483886719 706 176.09651184082031 130.30419921875 8 172.30671691894531 92.357452392578125 731 172.30671691894531 92.357452392578125 730 214.83250427246094 136.06956481933594 -1 124.12593078613281 10.088555335998535 620 135.95941162109375 34.982875823974609 652 193.27542114257812 54.350391387939453 659 161.199462890625 95.613945007324219 624 250.26885986328125 113.02875518798828 -1 89.132919311523438 125.48020935058594 522 105.53702545166016 130.09954833984375 707 130.1763916015625 187.75875854492188 517 165.16572570800781 118.85469818115234 13 161.199462890625 95.613945007324219 -1 161.199462890625 95.613945007324219 -1 135.95941162109375 34.982875823974609 734 165.16572570800781 118.85469818115234 489 165.39976501464844 104.60147094726562 720 10.776449203491211 105.48305511474609 25 168.227294921875 91.614830017089844 664 120.09543609619141 232.72018432617188 645 156.89665222167969 78.577583312988281 661 154.581787109375 91.141433715820312 709 120.09543609619141 232.72018432617188 700 10.776449203491211 105.48305511474609 799 165.39976501464844 104.60147094726562 767 154.581787109375 91.141433715820312 662 156.89665222167969 78.577583312988281 622 168.227294921875 91.614830017089844 802 122.64194488525391 8.0199766159057617 -1 122.64194488525391 8.0199766159057617 620 29.81001091003418 157.85023498535156 -1 47.23626708984375 122.65377807617188 -1 174.57354736328125 40.384624481201172 736 75.64569091796875 110.84674835205078 26 75.64569091796875 110.84674835205078 28 166.93856811523438 112.58225250244141 -1 75.64569091796875 110.84674835205078 28 181.24481201171875 44.374778747558594 737 38.052341461181641 90.476776123046875 711 229.33778381347656 88.5838623046875 -1 166.93856811523438 112.58225250244141 -1 112.99835968017578 44.462860107421875 -1 162.41433715820312 77.417228698730469 -1 121.52321624755859 26.389894485473633 741 154.74940490722656 162.7010498046875 773 121.52321624755859 26.389894485473633 740 154.74940490722656 162.7010498046875 770 234.91616821289062 92.579353332519531 -1 95.700881958007812 84.275543212890625 144 109.96086883544922 84.165763854980469 640 172.44160461425781 88.204093933105469 755 106.02336883544922 97.429214477539062 625 187.29220581054688 47.589790344238281 -1 97.28717041015625 93.875411987304688 -1 180.104736328125 94.300819396972656 633 250.31088256835938 126.55661010742188 224 170.21844482421875 63.017807006835938 631 178.36482238769531 53.734531402587891 747 106.21247863769531 66.567802429199219 -1 182.76585388183594 70.018623352050781 -1 227.55160522460938 80.209327697753906 775 104.91489410400391 81.759056091308594 742 250.31088256835938 126.55661010742188 -1 106.21247863769531 66.567802429199219 -1 104.91489410400391 81.759056091308594 41 97.28717041015625 93.875411987304688 -1 251.221435546875 126.15644836425781 -1 101.80735778808594 129.87806701660156 -1 221.99591064453125 140.89639282226562 -1 175.60873413085938 101.57467651367188 750 137.125 207.78419494628906 -1 151.51223754882812 75.770927429199219 637 134.10343933105469 217.13996887207031 -1 126.18043518066406 38.505020141601562 -1 39.960109710693359 194.1624755859375 -1 108.62398529052734 5.6831412315368652 751 248.346435546875 106.01779174804688 -1 128.27339172363281 33.271999359130859 694 129.83547973632812 36.482192993164062 -1 141.28083801269531 207.816650390625 746 151.51223754882812 75.770927429199219 634 210.58201599121094 82.485702514648438 578 151.51223754882812 75.770927429199219 638 210.58201599121094 82.485702514648438 579 155.01542663574219 99.269721984863281 753 175.60873413085938 101.57467651367188 754 126.18043518066406 38.505020141601562 -1 251.221435546875 126.15644836425781 -1 110.54931640625 89.845542907714844 -1 155.01542663574219 99.269721984863281 686 250.47007751464844 122.22249603271484 20 250.47007751464844 122.22249603271484 24 122.39029693603516 186.91403198242188 -1 140.48553466796875 180.147705078125 -1 34.614479064941406 173.17340087890625 774 25.429176330566406 149.8507080078125 610 24.479352951049805 147.1058349609375 -1 176.13739013671875 135.8387451171875 777 114.31373596191406 130.003173828125 -1 114.5400390625 126.8369140625 -1 50.150978088378906 118.69235992431641 -1 86.708015441894531 113.09114837646484 -1 144.77880859375 107.4398193359375 -1 7.2003860473632812 102.64937591552734 -1 10.055270195007324 99.004547119140625 145 22.032730102539062 92.9874267578125 779 25.686807632446289 91.146980285644531 -1 28.539426803588867 89.781394958496094 780 172.37312316894531 89.402984619140625 639 166.22210693359375 89.396156311035156 677 213.78422546386719 82.524169921875 719 172.59516906738281 80.340316772460938 678 51.749340057373047 78.083900451660156 -1 179.45022583007812 77.04302978515625 671 53.809047698974609 77.027565002441406 534 183.89042663574219 73.160148620605469 -1 132.18641662597656 32.960910797119141 -1 103.42195892333984 51.934150695800781 -1 73.174850463867188 66.910446166992188 -1 53.809047698974609 77.027565002441406 531 51.749340057373047 78.083900451660156 -1 213.78422546386719 82.524169921875 40 166.22210693359375 89.396156311035156 682 172.37312316894531 89.402984619140625 755 28.539426803588867 89.781394958496094 786 25.686807632446289 91.146980285644531 -1 10.055270195007324 99.004547119140625 788 176.13739013671875 135.8387451171875 778 132.18641662597656 32.960910797119141 -1 161.49058532714844 81.186775207519531 641 116.87621307373047 36.737785339355469 713 103.42195892333984 51.934150695800781 630 168.08538818359375 60.167285919189453 795 84.478111267089844 61.239978790283203 715 73.174850463867188 66.910446166992188 -1 168.17485046386719 69.843696594238281 -1 65.0848388671875 249.45025634765625 -1 113.54494476318359 1.991568922996521 -1 43.899875640869141 203.76040649414062 772 134.49897766113281 212.27735900878906 -1 125.05742645263672 190.46400451660156 -1 84.478111267089844 61.239978790283203 -1 119.97926330566406 183.16305541992188 -1 46.449306488037109 204.08793640136719 -1 111.28225708007812 86.658012390136719 -1 172.17384338378906 56.733963012695312 -1 172.17384338378906 56.733963012695312 -1 172.17384338378906 56.733963012695312 -1 
130 0.9862748332165191 0.083605947251978466 0.066979772277089039 0.12564119170692459 1.5302088709853838 -2.6330811407437529 -0.076404597241746711 1 000124.png
31.33686637878418 73.846038818359375 -1 94.189224243164062 126.962890625 -1 85.922050476074219 225.30201721191406 722 144.03887939453125 33.516658782958984 -1 231.91389465332031 101.71452331542969 613 128.136474609375 131.52528381347656 648 50.878120422363281 132.97113037109375 716 50.878120422363281 132.97113037109375 217 219.05178833007812 140.54707336425781 510 200.70425415039062 111.92821502685547 574 219.05178833007812 140.54707336425781 575 104.29605102539062 68.416107177734375 563 28.474403381347656 94.9766845703125 -1 172.56057739257812 147.61701965332031 512 153.12333679199219 179.46078491210938 615 172.56057739257812 147.61701965332031 108 28.474403381347656 94.9766845703125 511 158.38554382324219 36.054916381835938 705 92.750862121582031 151.30291748046875 717 127.47054290771484 14.673144340515137 620 116.60163116455078 25.80748176574707 616 176.4202880859375 70.667121887207031 618 109.27637481689453 153.94998168945312 576 134.39201354980469 55.787368774414062 619 167.21531677246094 79.673973083496094 617 85.434745788574219 118.7652587890625 10 179.13449096679688 126.5286865234375 489 133.21525573730469 203.1739501953125 518 100.42613983154297 30.725723266601562 -1 191.27330017089844 139.92414855957031 8 144.09425354003906 197.51518249511719 517 168.07150268554688 169.56314086914062 516 155.51992797851562 153.2999267578125 564 179.13449096679688 126.5286865234375 13 191.27330017089844 139.92414855957031 520 240.63941955566406 85.791191101074219 628 123.21939086914062 198.81622314453125 658 153.78842163085938 194.87747192382812 521 146.20755004882812 183.86090087890625 237 184.4725341796875 59.259727478027344 -1 120.09227752685547 176.46705627441406 -1 141.97586059570312 171.67343139648438 -1 102.27582550048828 140.04513549804688 522 94.988265991210938 133.13137817382812 565 188.64741516113281 128.85469055175781 15 240.63941955566406 85.791191101074219 -1 94.988265991210938 133.13137817382812 128 141.97586059570312 171.67343139648438 -1 123.21939086914062 198.81622314453125 -1 164.29461669921875 46.064365386962891 -1 170.04681396484375 51.397216796875 660 193.77120971679688 54.622890472412109 659 12.193221092224121 230.72491455078125 -1 161.40228271484375 91.961715698242188 624 112.05522918701172 104.78084564208984 117 164.29461669921875 46.064365386962891 -1 156.73233032226562 78.857872009277344 622 12.193221092224121 230.72491455078125 -1 122.74789428710938 8.4130649566650391 -1 174.61497497558594 176.25398254394531 738 161.53207397460938 161.02583312988281 609 113.40287780761719 135.89793395996094 707 31.506101608276367 121.64703369140625 25 49.823192596435547 109.515380859375 -1 167.6053466796875 107.81662750244141 627 89.745361328125 125.41572570800781 28 130.44601440429688 193.01304626464844 -1 129.15104675292969 185.3485107421875 -1 161.53207397460938 161.02583312988281 377 89.745361328125 125.41572570800781 26 31.506101608276367 121.64703369140625 799 168.85777282714844 196.01486206054688 -1 167.6053466796875 107.81662750244141 525 168.40936279296875 91.870712280273438 664 129.15104675292969 185.3485107421875 -1 108.36147308349609 42.529483795166016 -1 168.40936279296875 91.870712280273438 802 103.00910949707031 43.884387969970703 -1 177.43252563476562 42.128250122070312 -1 108.36147308349609 42.529483795166016 -1 103.36744689941406 32.980979919433594 -1 110.65978240966797 24.072254180908203 -1 130.44601440429688 193.01304626464844 691 140.66395568847656 217.14613342285156 646 116.14121246337891 7.9344882965087891 -1 182.41758728027344 69.934814453125 -1 170.13296508789062 63.102432250976562 631 190.02714538574219 62.602512359619141 -1 151.8302001953125 187.47914123535156 572 139.14324951171875 183.64511108398438 -1 155.86235046386719 159.31819152832031 -1 175.12452697753906 121.01809692382812 623 238.537353515625 105.57991790771484 -1 150.87863159179688 103.2662353515625 598 134.60086059570312 247.432373046875 645 134.60086059570312 247.432373046875 700 155.61781311035156 222.63188171386719 746 97.146926879882812 193.19120788574219 -1 179.95841979980469 94.59991455078125 633 115.058349609375 30.746286392211914 -1 190.02714538574219 62.602512359619141 -1 150.87863159179688 103.2662353515625 585 155.86235046386719 159.31819152832031 -1 151.8302001953125 187.47914123535156 586 128.36569213867188 33.163619995117188 694 123.44257354736328 36.150711059570312 -1 129.83755493164062 36.441932678222656 -1 124.75493621826172 39.066291809082031 789 119.80425262451172 47.024921417236328 -1 165.50540161132812 49.576023101806641 -1 151.47392272949219 75.814910888671875 634 70.954780578613281 86.5120849609375 749 75.830276489257812 86.984954833984375 -1 233.20417785644531 89.589691162109375 31 34.360260009765625 110.37254333496094 743 250.24482727050781 113.48487854003906 -1 99.5706787109375 137.7821044921875 -1 150.99870300292969 145.90205383300781 -1 158.97332763671875 179.08177185058594 552 155.96572875976562 184.2017822265625 -1 126.34871673583984 189.16946411132812 -1 173.99853515625 195.64306640625 601 150.49330139160156 202.15753173828125 -1 139.99359130859375 204.23307800292969 643 188.63983154296875 54.079971313476562 -1 98.477828979492188 72.098686218261719 715 108.01625823974609 101.76677703857422 37 133.70097351074219 184.40408325195312 685 14.200077056884766 235.25112915039062 -1 113.73764801025391 2.7075858116149902 635 98.477828979492188 72.098686218261719 -1 133.70097351074219 184.40408325195312 -1 119.80425262451172 47.024921417236328 -1 151.47392272949219 75.814910888671875 638 151.47392272949219 75.814910888671875 637 75.830276489257812 86.984954833984375 -1 158.97332763671875 179.08177185058594 -1 155.96572875976562 184.2017822265625 529 126.34871673583984 189.16946411132812 -1 150.49330139160156 202.15753173828125 -1 188.63983154296875 54.079971313476562 -1 114.66343688964844 21.283205032348633 -1 111.09366607666016 30.564682006835938 -1 126.35960388183594 30.717470169067383 694 162.99749755859375 32.614887237548828 644 50.086814880371094 175.4923095703125 -1 152.96830749511719 173.36656188964844 -1 146.43016052246094 170.00529479980469 -1 86.497314453125 167.89239501953125 -1 58.1124267578125 196.88677978515625 -1 28.00019645690918 114.31791687011719 582 246.15962219238281 112.97093963623047 394 58.114086151123047 98.542404174804688 781 172.20832824707031 89.612220764160156 639 110.97776031494141 85.228218078613281 640 233.16606140136719 84.505905151367188 578 161.65324401855469 80.951957702636719 641 86.267570495605469 79.961013793945312 783 176.73806762695312 196.72695922851562 -1 188.90780639648438 54.809043884277344 -1 192.53752136230469 51.396697998046875 -1 175.71015930175781 36.525592803955078 -1 116.88175201416016 36.748489379882812 695 167.93128967285156 35.471176147460938 666 74.021827697753906 245.57154846191406 -1 163.95130920410156 216.23358154296875 -1 233.16606140136719 84.505905151367188 579 155.55015563964844 227.64048767089844 -1 69.331321716308594 91.160507202148438 534 182.11827087402344 97.741836547851562 589 86.267570495605469 79.961013793945312 -1 76.470893859863281 83.542327880859375 -1 110.97776031494141 85.228218078613281 -1 110.97776031494141 85.228218078613281 595 58.114086151123047 98.542404174804688 785 86.497314453125 167.89239501953125 -1 147.41812133789062 214.18040466308594 680 176.73806762695312 196.72695922851562 794 153.94474792480469 202.14218139648438 -1 124.06936645507812 228.96653747558594 -1 162.34402465820312 213.85188293457031 -1 129.99058532714844 239.01907348632812 -1 157.27078247070312 212.93023681640625 571 69.331321716308594 91.160507202148438 531 182.11827087402344 97.741836547851562 592 167.46333312988281 210.44680786132812 -1 164.60014343261719 210.21125793457031 -1 147.98593139648438 209.95542907714844 676 146.17190551757812 207.36026000976562 684 168.13487243652344 204.87814331054688 -1 148.05656433105469 204.97718811035156 -1 153.94474792480469 202.14218139648438 739 239.10691833496094 139.31564331054688 -1 107.13200378417969 66.207275390625 630 158.86094665527344 222.73594665527344 636 158.86094665527344 222.73594665527344 -1 
131 0.98398519152621777 0.10614008075839414 0.0033423399380944517 0.14316513150014021 2.0865698026145942 -2.3647505874407226 0.026880601564825472 1 000130.png
93.679512023925781 113.19123077392578 -1 93.679512023925781 113.19123077392578 -1 221.08625793457031 104.80278015136719 613 31.083309173583984 119.3673095703125 716 130.44198608398438 130.42636108398438 -1 141.34077453613281 207.19619750976562 -1 67.574630737304688 218.34735107421875 722 199.70794677734375 132.88374328613281 -1 199.70794677734375 132.88374328613281 -1 103.38312530517578 52.629341125488281 649 186.04273986816406 61.269298553466797 723 199.70794677734375 132.88374328613281 510 199.70794677734375 132.88374328613281 575 103.38312530517578 52.629341125488281 724 186.18157958984375 112.22138977050781 701 124.03648376464844 184.48262023925781 -1 186.18157958984375 112.22138977050781 763 186.18157958984375 112.22138977050781 -1 114.22245025634766 25.127614974975586 650 103.89269256591797 90.229934692382812 117 88.7386474609375 102.85173034667969 764 78.085014343261719 137.46397399902344 717 159.20945739746094 136.19371032714844 512 114.22245025634766 25.127614974975586 -1 98.745849609375 142.96253967285156 576 159.20945739746094 136.19371032714844 108 113.777099609375 158.00253295898438 -1 116.72344970703125 231.10595703125 702 85.793624877929688 154.75765991210938 703 66.877906799316406 118.64605712890625 -1 130.64570617675781 239.17127990722656 -1 168.84318542480469 78.177696228027344 729 151.24176025390625 29.797098159790039 705 168.84318542480469 78.177696228027344 704 172.3553466796875 92.286125183105469 802 71.198829650878906 104.15515899658203 10 154.51083374023438 157.39970397949219 516 117.67807769775391 174.17338562011719 706 121.08299255371094 37.819263458251953 651 176.51828002929688 130.57443237304688 520 176.51828002929688 130.57443237304688 8 172.3553466796875 92.286125183105469 731 172.3553466796875 92.286125183105469 730 193.18795776367188 54.546268463134766 659 130.33792114257812 188.097900390625 517 124.39212036132812 10.423837661743164 620 89.327743530273438 125.65290069580078 522 250.26370239257812 113.00867462158203 -1 165.39457702636719 118.68756103515625 13 161.24641418457031 96.016304016113281 624 209.73731994628906 88.287101745605469 -1 165.39457702636719 118.68756103515625 489 161.24641418457031 96.016304016113281 -1 209.73731994628906 88.287101745605469 765 135.80908203125 34.930557250976562 734 174.3836669921875 120.31869506835938 15 135.80908203125 34.930557250976562 652 10.259926795959473 105.84165954589844 799 120.39484405517578 233.43524169921875 645 153.38333129882812 102.20389556884766 -1 154.57276916503906 91.0592041015625 662 154.57276916503906 91.0592041015625 735 156.88594055175781 78.565933227539062 622 168.27513122558594 91.709609985351562 802 165.37052917480469 104.84233856201172 767 122.67906188964844 8.0482254028320312 -1 122.67906188964844 8.0482254028320312 620 168.27513122558594 91.709609985351562 664 156.88594055175781 78.565933227539062 661 154.57276916503906 91.0592041015625 709 244.5926513671875 96.207183837890625 768 153.38333129882812 102.20389556884766 -1 165.37052917480469 104.84233856201172 720 10.259926795959473 105.84165954589844 25 120.39484405517578 233.43524169921875 700 75.612251281738281 111.05775451660156 26 75.612251281738281 111.05775451660156 28 161.86299133300781 91.225944519042969 -1 181.1451416015625 44.435325622558594 737 174.66954040527344 40.452770233154297 736 106.75961303710938 13.585236549377441 -1 112.08516693115234 89.761863708496094 769 149.13429260253906 163.39201354980469 656 167.08000183105469 112.73967742919922 -1 75.612251281738281 111.05775451660156 28 244.925537109375 103.84011077880859 -1 161.86299133300781 91.225944519042969 624 167.08000183105469 112.73967742919922 -1 106.75961303710938 13.585236549377441 -1 121.58048248291016 26.390445709228516 741 121.58048248291016 26.390445709228516 740 170.26950073242188 62.979473114013672 -1 105.00835418701172 81.724662780761719 41 97.467689514160156 94.111244201660156 -1 95.768989562988281 84.605667114257812 144 250.55177307128906 126.93119049072266 -1 175.63356018066406 101.60535430908203 750 155.10787963867188 164.09725952148438 770 94.147193908691406 6.1429214477539062 665 187.41375732421875 47.863563537597656 -1 178.42742919921875 53.492366790771484 747 170.26950073242188 62.979473114013672 631 182.69503784179688 70.140739440917969 -1 105.00835418701172 81.724662780761719 742 109.98649597167969 84.262657165527344 640 172.46896362304688 88.190628051757812 755 235.00570678710938 92.9820556640625 -1 97.467689514160156 94.111244201660156 -1 180.11892700195312 94.295722961425781 633 106.10964965820312 97.626495361328125 625 12.264771461486816 102.91122436523438 -1 179.09030151367188 104.14361572265625 674 250.55177307128906 126.93119049072266 224 107.86751556396484 136.77816772460938 -1 160.37818908691406 163.28546142578125 738 142.20991516113281 172.57817077636719 -1 41.920352935791016 201.57131958007812 772 175.63356018066406 101.60535430908203 754 155.10787963867188 164.09725952148438 773 251.01596069335938 122.41015625 20 32.869525909423828 176.65507507324219 774 110.88717651367188 85.800849914550781 -1 137.37971496582031 208.12612915039062 -1 141.66865539550781 208.39305114746094 746 134.64692687988281 212.78446960449219 -1 134.52285766601562 217.61575317382812 -1 249.54986572265625 118.86338806152344 375 227.06515502929688 79.635993957519531 775 57.243083953857422 230.78703308105469 -1 176.54937744140625 135.703125 777 21.420560836791992 139.56356811523438 -1 155.0343017578125 99.350486755371094 686 151.52798461914062 75.711395263671875 634 128.36752319335938 33.212936401367188 694 108.38352966308594 5.8569626808166504 751 65.151512145996094 250.52752685546875 -1 64.183151245117188 248.19000244140625 -1 110.90471649169922 90.127029418945312 -1 251.01596069335938 122.41015625 24 151.52798461914062 75.711395263671875 637 151.52798461914062 75.711395263671875 638 155.0343017578125 99.350486755371094 753 168.50942993164062 174.21939086914062 -1 249.54986572265625 118.86338806152344 378 176.54937744140625 135.703125 778 168.50942993164062 174.21939086914062 -1 127.88568115234375 202.02983093261719 646 159.87435913085938 181.75559997558594 -1 145.47512817382812 193.01564025878906 -1 127.88568115234375 202.02983093261719 655 10.73436164855957 98.9039306640625 145 6.5464982986450195 97.831062316894531 582 22.497045516967773 93.01824951171875 779 28.801193237304688 89.893020629882812 780 230.8924560546875 87.522140502929688 -1 40.83843994140625 83.882568359375 781 214.09596252441406 82.615707397460938 719 211.37879943847656 81.708389282226562 578 172.98028564453125 79.896331787109375 678 168.08253479003906 69.990493774414062 -1 67.842620849609375 69.916641235351562 -1 107.08021545410156 65.526222229003906 -1 85.104164123535156 61.204845428466797 -1 85.104164123535156 61.204845428466797 -1 85.104164123535156 61.204845428466797 -1 107.08021545410156 65.526222229003906 797 67.842620849609375 69.916641235351562 -1 214.09596252441406 82.615707397460938 40 40.83843994140625 83.882568359375 785 28.801193237304688 89.893020629882812 786 6.5464982986450195 97.831062316894531 787 10.73436164855957 98.9039306640625 788 126.51943969726562 193.05686950683594 -1 116.79068756103516 36.764751434326172 713 168.13090515136719 60.158576965332031 795 113.48489379882812 2.0840654373168945 -1 136.3016357421875 202.16535949707031 680 134.84645080566406 195.43690490722656 684 211.37879943847656 81.708389282226562 579 126.51943969726562 193.05686950683594 -1 166.20927429199219 89.149559020996094 677 124.19980621337891 189.46473693847656 -1 25.517229080200195 150.65211486816406 610 85.104164123535156 61.204845428466797 -1 114.44587707519531 127.39064025878906 -1 238.67195129394531 118.99268341064453 -1 143.57081604003906 114.30235290527344 793 159.9617919921875 186.22560119628906 794 13.035147666931152 97.846817016601562 -1 159.9617919921875 186.22560119628906 -1 13.035147666931152 97.846817016601562 -1 
