# Image list with two lines of data per image:
#   IMAGE_ID, QW, QX, QY, QZ, TX, TY, TZ, CAMERA_ID, NAME
#   POINTS2D[] as (X, Y, POINT3D_ID)
# Number of images: 40, mean observations per image: 76
120 0.99495453639228881 -0.058775755192208255 -0.013592553511181554 -0.080163106246183682 -0.21195790953515184 7.0711316714280557 1.7629885118931352 1 000120.png
144.47627258300781 34.948875427246094 -1 96.185905456542969 132.65841674804688 843 55.887668609619141 141.2159423828125 495 55.887668609619141 141.2159423828125 791 202.73696899414062 116.55442047119141 622 222.23457336425781 146.055419921875 618 33.997718811035156 104.10094451904297 844 173.35928344726562 155.00254821777344 600 154.87548828125 187.60682678222656 -1 136.80964660644531 197.79182434082031 -1 104.37801361083984 78.760757446289062 845 173.35928344726562 155.00254821777344 546 33.997718811035156 104.10094451904297 846 162.03659057617188 38.738819122314453 -1 149.87750244140625 233.58598327636719 -1 109.66741180419922 160.81982421875 225 176.42848205566406 69.228363037109375 -1 167.01094055175781 80.085380554199219 -1 179.8970947265625 132.83494567871094 462 192.41511535644531 146.33615112304688 450 155.65037536621094 159.92269897460938 847 168.47648620605469 176.55899047851562 15 144.11521911621094 204.53413391113281 836 118.55573272705078 26.328475952148438 -1 131.15234375 210.81838989257812 848 179.8970947265625 132.83494567871094 326 131.15234375 210.81838989257812 849 155.65037536621094 159.92269897460938 850 192.41511535644531 146.33615112304688 25 167.01094055175781 80.085380554199219 -1 118.55573272705078 26.328475952148438 -1 87.4383544921875 126.93471527099609 237 133.77194213867188 55.615444183349609 -1 244.52505493164062 88.653068542480469 -1 184.03765869140625 61.492637634277344 -1 153.79859924316406 201.73880004882812 759 124.45529174804688 10.474118232727051 -1 146.21260070800781 190.52629089355469 852 164.00701904296875 187.18913269042969 648 140.58625793457031 171.66786193847656 -1 150.71566772460938 46.741531372070312 -1 103.09549713134766 147.73724365234375 325 193.94659423828125 55.048679351806641 -1 96.375137329101562 140.91133117675781 239 189.52130126953125 135.34880065917969 205 96.375137329101562 140.91133117675781 236 124.50016784667969 180.61941528320312 -1 173.561279296875 219.09027099609375 -1 54.074253082275391 8.0878314971923828 -1 7.4311776161193848 237.67930603027344 -1 112.14238739013672 94.205604553222656 -1 102.16768646240234 32.499031066894531 -1 169.78923034667969 52.117519378662109 -1 175.66584777832031 66.065498352050781 -1 156.67643737792969 78.895431518554688 -1 161.25027465820312 92.261154174804688 -1 164.24505615234375 105.34405517578125 -1 167.1966552734375 113.77372741699219 828 37.773910522460938 130.61630249023438 763 54.074253082275391 8.0878314971923828 -1 7.4311776161193848 237.67930603027344 -1 173.561279296875 219.09027099609375 -1 164.24505615234375 105.34405517578125 -1 37.564197540283203 12.170616149902344 -1 37.564197540283203 12.170616149902344 -1 37.564197540283203 12.170616149902344 -1 168.93220520019531 203.34187316894531 855 53.743492126464844 177.70013427734375 856 118.59220886230469 162.11106872558594 -1 174.75169372558594 170.18098449707031 857 161.74552917480469 167.76669311523438 765 91.519447326660156 133.27983093261719 259 112.63175964355469 113.13376617431641 230 91.519447326660156 133.27983093261719 256 102.48217010498047 43.831550598144531 -1 166.58868408203125 37.197769165039062 -1 125.68428802490234 24.28394889831543 -1 122.72636413574219 8.0775918960571289 -1 161.74552917480469 167.76669311523438 792 161.74552917480469 167.76669311523438 -1 122.82613372802734 41.7640380859375 -1 156.46763610839844 165.86085510253906 858 240.90576171875 109.70267486572266 859 156.46763610839844 165.86085510253906 860 38.618816375732422 123.77598571777344 768 174.89808654785156 137.97929382324219 817 55.368728637695312 185.21734619140625 526 124.68128204345703 190.71693420410156 -1 155.7711181640625 190.98072814941406 861 163.90347290039062 204.90800476074219 -1 15.065959930419922 236.1923828125 -1 154.12240600585938 235.72404479980469 -1 168.97648620605469 92.196212768554688 -1 73.081535339355469 99.88336181640625 730 150.97764587402344 103.37664794921875 -1 149.40628051757812 111.58979797363281 -1 124.68128204345703 190.71693420410156 -1 163.90347290039062 204.90800476074219 -1 163.90347290039062 204.90800476074219 -1 15.065959930419922 236.1923828125 -1 103.2359619140625 136.91801452636719 454 96.296493530273438 10.265884399414062 -1 177.55630493164062 42.011009216308594 -1 190.07266235351562 62.437789916992188 -1 170.14454650878906 63.139240264892578 -1 168.97648620605469 92.196212768554688 -1 179.88554382324219 94.774528503417969 -1 73.081535339355469 99.88336181640625 733 150.97764587402344 103.37664794921875 -1 51.756813049316406 110.25430297851562 866 149.40628051757812 111.58979797363281 -1 83.432853698730469 121.13121032714844 701 93.368148803710938 121.96634674072266 702 56.453159332275391 107.33485412597656 -1 112.38821411132812 29.61305046081543 -1 126.27783966064453 30.713539123535156 -1 128.34188842773438 33.185146331787109 -1 167.08938598632812 192.20939636230469 -1 125.87895202636719 38.671840667724609 -1 165.46279907226562 49.358970642089844 -1 151.52133178710938 75.764480590820312 -1 88.409515380859375 85.273933410644531 867 231.93258666992188 90.007179260253906 824 74.507408142089844 95.245292663574219 704 96.105918884277344 147.98060607910156 399 39.266559600830078 119.33705139160156 868 197.37510681152344 173.97015380859375 -1 181.38859558105469 168.76077270507812 -1 158.75381469726562 213.84663391113281 -1 3.8951997756958008 3.4300882816314697 -1 236.26078796386719 95.170379638671875 886 69.844383239746094 98.482231140136719 870 120.48839569091797 47.248943328857422 -1 238.63058471679688 100.07706451416016 871 180.08782958984375 102.30615234375 872 3.8951997756958008 3.4300882816314697 -1 125.87895202636719 38.671840667724609 -1 151.52133178710938 75.764480590820312 -1 231.93258666992188 90.007179260253906 816 180.08782958984375 102.30615234375 -1 180.08782958984375 102.30615234375 874 151.96354675292969 194.00047302246094 875 120.48839569091797 47.248943328857422 -1 33.485759735107422 122.07947540283203 831 179.59159851074219 188.51583862304688 876 151.96354675292969 194.00047302246094 712 175.38514709472656 194.31166076660156 -1 163.26797485351562 213.2408447265625 -1 172.03164672851562 89.513748168945312 -1 161.3226318359375 217.99073791503906 -1 156.79457092285156 220.19908142089844 -1 157.14044189453125 223.73638916015625 -1 69.387321472167969 233.21517944335938 -1 70.263603210449219 235.85411071777344 -1 133.18228149414062 211.26834106445312 -1 166.06549072265625 210.22531127929688 -1 153.62881469726562 208.78643798828125 345 170.98234558105469 201.88005065917969 -1 58.104801177978516 193.89204406738281 -1 158.97756958007812 185.904541015625 878 136.48255920410156 185.38700866699219 -1 152.71392822265625 180.54249572753906 879 162.37590026855469 179.95646667480469 -1 147.62324523925781 180.01860046386719 880 49.203266143798828 168.99687194824219 633 169.83413696289062 165.92182922363281 -1 92.291725158691406 146.4510498046875 881 82.422866821289062 131.38189697265625 -1 142.9896240234375 119.75852203369141 -1 168.22836303710938 108.04301452636719 -1 236.81556701660156 102.38349151611328 -1 79.270088195800781 92.284049987792969 -1 252.88606262207031 91.014991760253906 -1 62.903411865234375 215.49331665039062 479 153.54940795898438 77.759628295898438 -1 235.64439392089844 89.754287719726562 -1 108.71190643310547 5.3834576606750488 -1 92.291725158691406 146.4510498046875 -1 136.48255920410156 185.38700866699219 -1 170.98234558105469 201.88005065917969 -1 105.15203857421875 7.0613040924072266 -1 192.50723266601562 51.423843383789062 -1 172.3914794921875 60.174320220947266 -1 168.08256530761719 60.217830657958984 -1 180.43104553222656 64.091018676757812 -1 183.52841186523438 69.688972473144531 -1 252.88606262207031 91.014991760253906 -1 148.78070068359375 74.590408325195312 -1 102.13241577148438 76.874298095703125 -1 148.06056213378906 216.39311218261719 -1 153.54940795898438 77.759628295898438 -1 235.64439392089844 89.754287719726562 -1 98.153495788574219 79.245887756347656 681 172.30746459960938 80.884376525878906 -1 92.763755798339844 83.172500610351562 -1 168.08256530761719 60.217830657958984 -1 166.17138671875 89.473091125488281 -1 62.223342895507812 212.14759826660156 -1 166.17138671875 89.473091125488281 -1 
122 0.99643628601390744 -0.042109307001286449 -0.025052656532594503 -0.068657836984146833 0.10963729216640708 5.8807205986147144 1.3743832904698288 1 000122.png
94.508895874023438 127.93113708496094 843 86.491127014160156 226.84474182128906 672 144.1951904296875 33.824798583984375 -1 233.75520324707031 103.08629608154297 445 51.941753387451172 133.9022216796875 495 128.32879638671875 132.79283142089844 808 51.941753387451172 133.9022216796875 791 202.10853576660156 113.75089263916016 622 221.08290100097656 144.19853210449219 618 221.08290100097656 144.19853210449219 619 104.17481994628906 70.476974487304688 845 29.934909820556641 96.374702453613281 846 173.1546630859375 150.03706359863281 600 153.09498596191406 181.67803955078125 -1 29.934909820556641 96.374702453613281 844 173.1546630859375 150.03706359863281 546 92.885848999023438 152.43359375 306 109.16555023193359 155.37895202636719 225 116.90042114257812 25.623945236206055 -1 160.005859375 36.86663818359375 825 176.43756103515625 70.681060791015625 -1 168.27725219726562 172.14263916015625 15 132.58186340332031 205.81916809082031 849 134.69354248046875 55.723922729492188 -1 184.41880798339844 58.416709899902344 -1 167.14176940917969 79.7730712890625 -1 85.745193481445312 120.00950622558594 237 179.9052734375 128.5386962890625 326 192.26341247558594 142.38291931152344 450 155.50384521484375 155.43161010742188 847 144.094970703125 200.23257446289062 836 132.58186340332031 205.81916809082031 848 146.58027648925781 229.32106018066406 -1 155.50384521484375 155.43161010742188 850 192.26341247558594 142.38291931152344 25 179.9052734375 128.5386962890625 462 134.69354248046875 55.723922729492188 -1 100.71443176269531 31.256814956665039 -1 153.48460388183594 197.14501953125 759 145.91546630859375 186.13996887207031 852 242.95758056640625 87.3931884765625 -1 189.56993103027344 131.22174072265625 205 95.095687866210938 134.64028930664062 239 102.16255950927734 141.72384643554688 325 141.2366943359375 171.84321594238281 -1 163.60389709472656 182.74948120117188 648 95.095687866210938 134.64028930664062 236 242.95758056640625 87.3931884765625 -1 121.4599609375 177.32920837402344 -1 156.73045349121094 78.831886291503906 -1 193.89643859863281 54.803684234619141 -1 161.39688110351562 92.087379455566406 -1 112.24063110351562 106.62579345703125 230 140.16184997558594 219.62741088867188 470 164.56484985351562 47.481597900390625 -1 10.329353332519531 231.63156127929688 -1 108.43382263183594 42.599605560302734 -1 50.273792266845703 172.17317199707031 -1 90.104415893554688 126.68208312988281 259 156.22479248046875 161.28068542480469 858 32.648113250732422 121.95768737792969 -1 167.80039978027344 109.41748809814453 827 116.34697723388672 7.5740046501159668 -1 168.61482238769531 92.037101745605469 -1 103.30867767333984 32.9359130859375 -1 164.58650207519531 34.323287963867188 778 10.329353332519531 231.63156127929688 -1 10.329353332519531 231.63156127929688 -1 122.48339080810547 7.8979201316833496 -1 156.22479248046875 161.28068542480469 860 90.104415893554688 126.68208312988281 256 32.648113250732422 121.95768737792969 763 167.80039978027344 109.41748809814453 828 168.61482238769531 92.037101745605469 -1 108.43382263183594 42.599605560302734 -1 161.64982604980469 163.2509765625 765 168.96270751953125 199.028564453125 855 102.96463012695312 43.988285064697266 -1 161.64982604980469 163.2509765625 792 116.24382781982422 167.89161682128906 -1 147.42047119140625 170.90592956542969 -1 169.02149963378906 178.98060607910156 525 126.02886199951172 191.26710510253906 798 96.851768493652344 194.84249877929688 796 133.21028137207031 197.85675048828125 -1 192.32597351074219 147.81466674804688 527 190.15786743164062 62.462635040283203 -1 150.82077026367188 103.22676849365234 -1 126.02886199951172 191.26710510253906 800 192.32597351074219 147.81466674804688 349 54.406230926513672 196.67485046386719 -1 58.337394714355469 207.54351806640625 479 177.67510986328125 41.912319183349609 -1 190.15786743164062 62.462635040283203 -1 170.15713500976562 63.084758758544922 -1 182.71759033203125 69.989692687988281 -1 179.93266296386719 94.672195434570312 -1 150.82077026367188 103.22676849365234 -1 50.730854034423828 109.23307800292969 -1 102.91005706787109 144.01275634765625 -1 169.02191162109375 179.71910095214844 -1 151.51399230957031 75.78570556640625 -1 151.88795471191406 189.51318359375 712 126.28618621826172 38.240425109863281 -1 119.97422027587891 47.028457641601562 -1 165.37620544433594 49.261451721191406 -1 113.85193634033203 2.4322614669799805 -1 99.3516845703125 3.9485306739807129 -1 45.491058349609375 162.15219116210938 633 61.941368103027344 216.34529113769531 -1 156.21965026855469 162.924560546875 -1 129.79502868652344 192.25970458984375 -1 108.89376068115234 5.6381983757019043 -1 173.66928100585938 199.10755920410156 -1 126.23529815673828 30.714817047119141 -1 128.28726196289062 33.237648010253906 -1 61.973136901855469 208.54928588867188 -1 64.397850036621094 214.50025939941406 -1 155.73143005371094 186.54098510742188 861 151.51399230957031 75.78570556640625 -1 156.21965026855469 162.924560546875 -1 151.88795471191406 189.51318359375 875 99.3516845703125 3.9485306739807129 -1 108.89376068115234 5.6381983757019043 -1 119.97422027587891 47.028457641601562 -1 231.82295227050781 86.839447021484375 816 231.82295227050781 86.839447021484375 824 169.02191162109375 179.71910095214844 530 155.73143005371094 186.54098510742188 -1 173.66928100585938 199.10755920410156 -1 67.27935791015625 230.47611999511719 -1 135.21427917480469 253.97422790527344 -1 147.73762512207031 212.26641845703125 -1 165.88423156738281 205.58407592773438 -1 153.47544860839844 204.80230712890625 345 60.0787353515625 204.29074096679688 -1 137.0653076171875 197.87136840820312 -1 154.7025146484375 189.113525390625 -1 133.72698974609375 184.4971923828125 -1 155.6005859375 182.44285583496094 -1 147.14048767089844 181.92951965332031 -1 158.83316040039062 181.35417175292969 878 149.32160949707031 177.14962768554688 -1 152.56340026855469 175.93730163574219 879 146.05230712890625 172.50184631347656 880 34.993045806884766 132.993896484375 -1 29.588615417480469 115.44107055664062 831 43.683639526367188 109.34597778320312 832 172.16815185546875 89.598472595214844 -1 108.80206298828125 86.8675537109375 -1 161.38389587402344 30.875259399414062 -1 117.037353515625 36.659088134765625 -1 98.594551086425781 73.910873413085938 833 43.683639526367188 109.34597778320312 -1 174.09364318847656 38.2042236328125 -1 192.54470825195312 51.405536651611328 -1 155.6005859375 182.44285583496094 -1 133.72698974609375 184.4971923828125 -1 193.92460632324219 60.003608703613281 -1 165.88423156738281 205.58407592773438 -1 98.594551086425781 73.910873413085938 -1 145.24453735351562 214.43498229980469 -1 146.55197143554688 217.01019287109375 632 29.588615417480469 115.44107055664062 -1 140.55387878417969 207.58113098144531 714 193.26205444335938 135.20388793945312 -1 156.70280456542969 219.66244506835938 839 158.39476013183594 210.24076843261719 -1 104.84839630126953 7.0408062934875488 -1 157.48715209960938 222.89581298828125 -1 235.33164978027344 91.733818054199219 886 193.26205444335938 135.20388793945312 529 193.92460632324219 60.003608703613281 -1 48.686817169189453 106.23456573486328 834 48.686817169189453 106.23456573486328 835 172.64985656738281 80.480796813964844 -1 
124 0.99629926261656643 -0.043027554967030063 -0.024107174543284961 -0.07039355765114419 0.19365621074557271 5.6199634228897484 1.3962491111990285 1 000123.png
33.328975677490234 75.576087951660156 -1 94.679679870605469 127.01995086669922 843 144.2314453125 33.815410614013672 -1 233.27195739746094 102.41199493408203 445 128.31256103515625 132.18881225585938 808 52.314357757568359 133.34526062011719 495 86.521659851074219 226.85009765625 672 52.314357757568359 133.34526062011719 791 202.31866455078125 113.24463653564453 622 221.2757568359375 142.50840759277344 618 221.2757568359375 142.50840759277344 619 104.503173828125 70.377464294433594 845 30.093711853027344 96.176582336425781 846 173.56256103515625 149.1356201171875 600 153.77481079101562 180.77696228027344 -1 30.093711853027344 96.176582336425781 844 173.56256103515625 149.1356201171875 546 30.641525268554688 100.83332061767578 -1 93.411651611328125 152.66195678710938 306 169.19938659667969 171.68048095703125 15 116.91133880615234 25.673652648925781 -1 159.70634460449219 36.764347076416016 825 109.49967956542969 154.76922607421875 225 144.59672546386719 199.05345153808594 836 146.64178466796875 228.62728881835938 -1 86.268989562988281 119.67217254638672 237 180.19052124023438 127.5889892578125 326 192.64356994628906 141.33383178710938 450 156.186279296875 154.49409484863281 847 180.19052124023438 127.5889892578125 462 192.64356994628906 141.33383178710938 25 133.57752990722656 204.19102478027344 849 133.57752990722656 204.19102478027344 848 134.85612487792969 55.813453674316406 -1 176.45100402832031 69.895584106445312 -1 167.101318359375 79.841690063476562 -1 134.85612487792969 55.813453674316406 -1 100.68074035644531 31.084648132324219 -1 154.33999633789062 196.21728515625 759 122.86051940917969 199.02491760253906 -1 95.771049499511719 134.11567687988281 236 242.57191467285156 86.948829650878906 -1 163.62309265136719 35.558986663818359 -1 121.31273651123047 177.23069763183594 -1 184.44851684570312 59.32049560546875 -1 242.57191467285156 86.948829650878906 -1 189.83544921875 130.34425354003906 205 95.771049499511719 134.11567687988281 239 102.83472442626953 141.2738037109375 325 141.4515380859375 171.39482116699219 -1 146.68470764160156 185.22232055664062 852 129.4847412109375 187.1690673828125 -1 164.40504455566406 46.767799377441406 -1 193.89833068847656 54.780818939208984 -1 156.72276306152344 78.821022033691406 -1 161.3948974609375 92.102798461914062 -1 33.541862487792969 122.43228149414062 763 123.55116271972656 9.4253501892089844 -1 129.4847412109375 187.1690673828125 -1 33.541862487792969 122.43228149414062 -1 164.40504455566406 46.767799377441406 -1 116.31344604492188 7.7400317192077637 -1 177.58078002929688 42.204547882080078 -1 140.79536437988281 218.7823486328125 470 169.7930908203125 197.750244140625 855 162.32073974609375 162.42105102539062 765 113.61474609375 137.24478149414062 -1 90.880043029785156 126.13219451904297 259 51.247653961181641 110.00115966796875 -1 167.98896789550781 108.67668151855469 827 112.40785217285156 106.53311920166016 230 168.62039184570312 92.084014892578125 -1 102.77672576904297 43.897365570068359 -1 108.35417175292969 42.596996307373047 -1 58.323440551757812 207.25318908691406 479 162.32073974609375 162.42105102539062 792 90.880043029785156 126.13219451904297 463 90.880043029785156 126.13219451904297 256 167.98896789550781 108.67668151855469 828 168.62039184570312 92.084014892578125 -1 108.35417175292969 42.596996307373047 -1 130.78022766113281 193.20445251464844 -1 182.86054992675781 69.864837646484375 -1 179.92967224121094 94.687149047851562 -1 175.39271545410156 96.046791076660156 -1 175.18952941894531 132.72325134277344 817 156.87471008300781 160.93515014648438 858 169.744873046875 177.95050048828125 525 135.14041137695312 249.54930114746094 645 175.39271545410156 96.046791076660156 -1 150.92890930175781 103.28391265869141 -1 156.87471008300781 160.93515014648438 860 150.92890930175781 103.28391265869141 865 115.18817901611328 31.186677932739258 -1 165.20048522949219 49.122539520263672 -1 140.58395385742188 205.97872924804688 714 159.95039367675781 208.454833984375 -1 111.26549530029297 23.491649627685547 -1 103.84432220458984 33.252712249755859 -1 190.11221313476562 62.547496795654297 -1 170.14222717285156 63.095241546630859 -1 128.25152587890625 33.231208801269531 -1 156.89059448242188 161.83348083496094 -1 146.76280212402344 171.27206420898438 880 51.151870727539062 176.03169250488281 526 155.88381958007812 225.21337890625 469 184.24920654296875 183.72195434570312 -1 156.62960815429688 185.66703796386719 861 188.76593017578125 54.791664123535156 -1 181.60536193847656 187.28042602539062 -1 55.596519470214844 187.92015075683594 812 151.84886169433594 172.32978820800781 -1 120.73597717285156 47.462654113769531 -1 151.53135681152344 75.751319885253906 -1 172.92205810546875 79.459762573242188 -1 180.074462890625 183.17073059082031 876 181.86601257324219 98.599174499511719 874 108.87731170654297 103.09751129150391 -1 81.57977294921875 114.40102386474609 701 47.761837005615234 166.70191955566406 856 44.440196990966797 165.68980407714844 -1 241.65147399902344 102.53305053710938 -1 108.3011474609375 87.430320739746094 -1 188.76593017578125 54.791664123535156 -1 151.53135681152344 75.751319885253906 -1 181.86601257324219 98.599174499511719 872 156.89059448242188 161.83348083496094 -1 156.62960815429688 185.66703796386719 -1 120.73597717285156 47.462654113769531 -1 113.83008575439453 2.4563503265380859 -1 98.775947570800781 193.32876586914062 796 102.29048919677734 199.353515625 -1 139.59635925292969 199.59390258789062 -1 173.07876586914062 200.6064453125 841 171.03762817382812 203.54191589355469 -1 154.28512573242188 203.71023559570312 345 63.931507110595703 211.69970703125 -1 148.66349792480469 211.35696411132812 -1 157.81367492675781 214.63150024414062 839 147.60691833496094 215.92427062988281 632 127.88880920410156 236.64047241210938 -1 148.02760314941406 181.13906860351562 -1 129.81596374511719 239.81687927246094 -1 159.6383056640625 180.41177368164062 878 190.06346130371094 180.02127075195312 -1 153.42424011230469 175.04905700683594 879 148.39060974121094 174.36537170410156 880 126.59797668457031 30.753377914428711 -1 164.44476318359375 33.436611175537109 778 114.48273468017578 124.77822113037109 -1 29.913270950317383 115.26762390136719 831 117.01736450195312 36.634738922119141 -1 224.00016784667969 93.310722351074219 -1 10.861024856567383 92.775421142578125 -1 172.18441772460938 89.427360534667969 -1 231.92967224121094 85.693038940429688 824 236.25328063964844 79.97015380859375 -1 174.22207641601562 38.152420043945312 -1 189.6195068359375 61.144931793212891 -1 192.55874633789062 51.394073486328125 -1 172.10566711425781 60.080295562744141 -1 168.03617858886719 60.225414276123047 -1 231.92967224121094 85.693038940429688 816 29.913270950317383 115.26762390136719 -1 190.06346130371094 180.02127075195312 -1 133.75204467773438 184.43391418457031 -1 186.21949768066406 185.66191101074219 753 152.82286071777344 188.27418518066406 -1 126.64813232421875 191.22055053710938 798 173.07876586914062 200.6064453125 -1 171.03762817382812 203.54191589355469 -1 154.28512573242188 203.71023559570312 787 172.10566711425781 60.080295562744141 -1 168.03617858886719 60.225414276123047 -1 152.82286071777344 188.27418518066406 712 133.75204467773438 184.43391418457031 -1 112.0172119140625 28.552606582641602 -1 136.11799621582031 252.94422912597656 -1 126.64813232421875 191.22055053710938 800 186.21949768066406 185.66191101074219 815 168.04884338378906 35.374973297119141 -1 99.91778564453125 72.739608764648438 833 99.91778564453125 72.739608764648438 -1 225.89520263671875 120.59830474853516 -1 
125 0.99630675291098869 -0.028256398405548427 -0.04435066686173026 -0.067878187969545367 -0.31219014945833246 4.7883047494194821 1.4409016166631987 1 000125.png
158.76905822753906 204.81614685058594 -1 44.468379974365234 128.76884460449219 791 44.468379974365234 128.76884460449219 495 127.69437408447266 128.22543334960938 808 80.033866882324219 223.04890441894531 672 212.72319030761719 137.96455383300781 618 196.05473327636719 113.78481292724609 622 150.50848388671875 178.07327270507812 -1 104.53325653076172 62.514583587646484 738 125.24807739257812 238.04872131347656 157 168.39958190917969 144.28648376464844 546 107.26736450195312 151.56474304199219 225 88.447265625 147.65948486328125 306 168.39958190917969 144.28648376464844 600 155.819580078125 34.187767028808594 825 98.201400756835938 26.165552139282227 -1 115.95462036132812 25.280132293701172 -1 77.264305114746094 129.00802612304688 322 176.60719299316406 70.582199096679688 -1 94.233650207519531 161.86764526367188 517 139.35835266113281 193.1513671875 836 115.95462036132812 25.280132293701172 -1 121.49713134765625 37.475940704345703 -1 138.1519775390625 38.488502502441406 -1 134.22177124023438 55.202903747558594 -1 167.28327941894531 79.507278442382812 -1 236.17674255371094 84.194183349609375 -1 163.650146484375 166.29571533203125 15 186.38844299316406 137.1722412109375 450 174.50253295898438 123.86445617675781 326 80.977073669433594 114.60552978515625 237 174.50253295898438 123.86445617675781 462 110.08523559570312 99.0318603515625 230 149.16020202636719 46.829158782958984 890 130.42915344238281 203.89431762695312 -1 186.38844299316406 137.1722412109375 25 236.17674255371094 84.194183349609375 -1 134.22177124023438 55.202903747558594 -1 130.42915344238281 203.89431762695312 758 125.40996551513672 11.9559326171875 -1 152.0433349609375 163.42240905761719 -1 90.724609375 129.070556640625 239 98.508934020996094 135.84916687011719 325 153.22039794921875 151.07754516601562 847 102.59913635253906 31.826116561889648 -1 149.5791015625 190.79240417480469 759 183.90950012207031 126.57509613037109 205 90.724609375 129.070556640625 236 141.32069396972656 172.71701049804688 -1 142.50837707519531 181.11700439453125 852 142.50837707519531 181.11700439453125 -1 125.97043609619141 182.06752014160156 582 123.68585205078125 196.77752685546875 -1 138.60987854003906 235.00625610351562 -1 193.69898986816406 54.228786468505859 -1 170.04193115234375 52.055717468261719 -1 156.77664184570312 78.759521484375 -1 154.34365844726562 90.799606323242188 -1 161.51702880859375 91.966171264648438 -1 156.77664184570312 78.759521484375 -1 154.34365844726562 90.799606323242188 -1 141.32069396972656 172.71701049804688 -1 138.60987854003906 235.00625610351562 -1 25.67909049987793 117.80715179443359 763 85.46649169921875 121.39527130126953 256 85.46649169921875 121.39527130126953 463 170.42178344726562 117.63174438476562 764 63.899333953857422 87.48944091796875 733 92.377494812011719 5.8498597145080566 -1 85.46649169921875 121.39527130126953 259 157.23875427246094 157.55574035644531 765 169.41299438476562 159.52105712890625 857 170.46220397949219 172.61993408203125 552 130.17091369628906 243.16517639160156 645 126.63877105712891 189.96621704101562 -1 145.88764953613281 200.2147216796875 661 168.06044006347656 91.505462646484375 -1 168.06044006347656 91.505462646484375 -1 157.23875427246094 157.55574035644531 792 126.63877105712891 189.96621704101562 -1 130.17091369628906 243.16517639160156 646 92.377494812011719 5.8498597145080566 -1 63.899333953857422 87.48944091796875 730 231.23509216308594 105.34905242919922 -1 26.835447311401367 110.31503295898438 768 246.20137023925781 115.22519683837891 -1 166.80029296875 35.73626708984375 -1 112.70897674560547 32.313545227050781 -1 112.70897674560547 32.313545227050781 -1 104.82270812988281 93.850128173828125 548 180.06423950195312 94.394432067871094 -1 164.590576171875 101.95738220214844 827 106.38346862792969 102.9228515625 550 96.894775390625 123.48371887207031 454 117.72095489501953 169.66429138183594 -1 46.113494873046875 175.71963500976562 -1 147.66102600097656 183.72395324707031 712 136.73861694335938 212.544677734375 470 150.96818542480469 218.35639953613281 469 113.20270538330078 91.810173034667969 610 170.03327941894531 63.194629669189453 -1 88.069931030273438 68.295906066894531 -1 181.58505249023438 76.339225769042969 -1 65.771827697753906 81.712913513183594 704 227.47564697265625 82.571517944335938 824 59.263134002685547 85.528450012207031 870 172.19700622558594 88.380813598632812 -1 164.590576171875 101.95738220214844 828 164.590576171875 101.95738220214844 -1 106.38346862792969 102.9228515625 -1 151.534912109375 75.748382568359375 -1 227.04925537109375 89.649650573730469 886 109.14311981201172 91.005859375 540 136.32533264160156 205.85894775390625 -1 103.94937896728516 98.312545776367188 773 180.79670715332031 100.43287658691406 874 97.93609619140625 128.997314453125 -1 152.60200500488281 144.07382202148438 -1 82.284759521484375 164.82424926757812 801 151.98056030273438 180.527587890625 861 135.40673828125 200.52604675292969 714 151.534912109375 75.748382568359375 -1 151.534912109375 75.748382568359375 -1 180.79670715332031 100.43287658691406 -1 180.79670715332031 100.43287658691406 872 97.93609619140625 128.997314453125 -1 152.60200500488281 144.07382202148438 -1 82.284759521484375 164.82424926757812 -1 122.20806884765625 185.51042175292969 -1 93.528839111328125 189.51496887207031 796 136.32533264160156 205.85894775390625 -1 113.75562286376953 2.4765489101409912 -1 126.31585693359375 30.731044769287109 -1 128.28123474121094 33.24432373046875 -1 122.20806884765625 185.51042175292969 798 122.20806884765625 185.51042175292969 800 143.89501953125 205.91432189941406 -1 211.51713562011719 114.60044097900391 -1 172.28034973144531 89.498573303222656 -1 166.15357971191406 89.458724975585938 -1 161.75141906738281 80.797805786132812 -1 172.75071716308594 80.398208618164062 -1 107.90543365478516 79.665077209472656 776 91.579734802246094 67.036529541015625 681 187.43856811523438 43.870395660400391 -1 174.40837097167969 38.655506134033203 -1 116.98729705810547 36.693252563476562 865 106.02766418457031 6.5876460075378418 -1 142.98799133300781 210.34890747070312 632 154.69357299804688 218.94232177734375 -1 107.90543365478516 79.665077209472656 630 166.15357971191406 89.458724975585938 -1 192.53805541992188 51.29815673828125 -1 143.89501953125 205.91432189941406 637 154.69357299804688 218.94232177734375 -1 106.75060272216797 162.33985900878906 -1 187.42512512207031 132.96000671386719 529 160.5477294921875 30.885524749755859 778 133.75892639160156 184.45294189453125 -1 154.21743774414062 99.004837036132812 -1 107.17375183105469 60.813751220703125 665 
126 0.99487345512284497 -0.019865504322811596 -0.080579340571581795 -0.057785291406913498 -0.74740943533709303 3.0746086293855672 1.3266802332894974 1 000127.png
93.748603820800781 113.24011993408203 -1 93.748603820800781 113.24011993408203 -1 221.71826171875 105.61742401123047 642 33.543411254882812 121.05447387695312 495 142.66081237792969 208.13394165039062 620 69.782493591308594 218.49606323242188 672 104.41147613525391 53.516799926757812 738 186.85423278808594 62.150291442871094 694 183.15335083007812 94.673713684082031 667 201.83226013183594 133.85177612304688 618 104.41147613525391 53.516799926757812 -1 201.83226013183594 133.85177612304688 619 187.77490234375 112.40224456787109 622 148.17355346679688 179.9478759765625 689 187.77490234375 112.40224456787109 624 114.42621612548828 25.097963333129883 -1 160.9693603515625 137.54643249511719 546 118.73032379150391 232.61433410644531 157 100.99267578125 145.08570861816406 225 80.429351806640625 139.57740783691406 306 160.9693603515625 137.54643249511719 600 105.83353424072266 92.203590393066406 230 114.42621612548828 25.097963333129883 -1 90.826431274414062 105.09812164306641 564 151.99577331542969 30.389013290405273 825 176.08207702636719 71.234855651855469 -1 69.068382263183594 121.31848907470703 322 87.40435791015625 156.09062194824219 517 102.90524291992188 241.08978271484375 -1 133.21446228027344 240.55801391601562 536 168.75146484375 78.285934448242188 -1 102.90524291992188 241.08978271484375 -1 69.068382263183594 121.31848907470703 -1 168.75146484375 78.285934448242188 -1 168.75146484375 78.285934448242188 -1 178.41273498535156 132.05267333984375 450 250.0234375 111.86806488037109 -1 172.20208740234375 92.320907592773438 -1 172.20208740234375 92.320907592773438 -1 250.0234375 111.86806488037109 -1 73.399795532226562 106.52850341796875 237 118.823486328125 96.301986694335938 690 172.20208740234375 92.320907592773438 -1 146.01725769042969 42.723335266113281 890 120.90126037597656 37.940303802490234 -1 132.98526000976562 189.10494995117188 836 119.54293060302734 175.83967590332031 582 156.38258361816406 159.3309326171875 15 178.41273498535156 132.05267333984375 25 132.98526000976562 189.10494995117188 836 166.88677978515625 118.85858917236328 462 166.88677978515625 118.85858917236328 326 83.273712158203125 121.22519683837891 239 176.0638427734375 121.82344055175781 205 91.640556335449219 127.98222351074219 325 242.98873901367188 143.20936584472656 -1 83.273712158203125 121.22519683837891 236 136.36637878417969 35.506698608398438 -1 124.51023864746094 10.58316707611084 -1 136.36637878417969 35.506698608398438 -1 193.82661437988281 54.600185394287109 -1 153.17434692382812 102.46258544921875 583 165.87289428710938 35.868522644042969 -1 156.86265563964844 78.589935302734375 -1 154.5626220703125 91.22998046875 -1 41.389640808105469 93.781013488769531 521 153.17434692382812 102.46258544921875 727 13.156072616577148 108.53422546386719 763 122.48796081542969 235.25616455078125 645 149.3414306640625 164.47064208984375 -1 13.156072616577148 108.53422546386719 -1 122.48796081542969 235.25616455078125 646 156.86265563964844 78.589935302734375 -1 154.5626220703125 91.22998046875 -1 154.5626220703125 91.22998046875 -1 175.00112915039062 40.479450225830078 -1 181.46139526367188 44.376934051513672 -1 66.633590698242188 79.223541259765625 -1 161.79486083984375 91.402885437011719 -1 167.81108093261719 91.017318725585938 -1 14.895556449890137 101.09145355224609 768 165.05586242675781 102.44060516357422 -1 77.831535339355469 113.54527282714844 259 250.49566650390625 128.90553283691406 -1 184.66799926757812 135.97654724121094 699 149.240234375 163.34906005859375 648 162.86726379394531 165.80659484863281 552 142.55635070800781 172.34075927734375 -1 138.59481811523438 192.69932556152344 661 122.48239135742188 195.68289184570312 758 77.831535339355469 113.54527282714844 256 77.831535339355469 113.54527282714844 463 161.79486083984375 91.402885437011719 -1 121.49990844726562 26.378593444824219 -1 121.49990844726562 26.378593444824219 -1 106.89255523681641 83.590744018554688 540 54.452968597412109 84.282974243164062 -1 97.992172241210938 86.642044067382812 548 143.36491394042969 216.77217102050781 336 31.661008834838867 87.623786926269531 -1 96.866401672363281 91.483078002929688 773 180.08451843261719 94.356246948242188 -1 15.84804630279541 96.010231018066406 868 99.400291442871094 96.061775207519531 550 107.90103912353516 99.290237426757812 568 222.65138244628906 99.418548583984375 700 69.122184753417969 100.36900329589844 701 179.70295715332031 103.72459411621094 573 250.41168212890625 120.0904541015625 -1 150.48402404785156 151.93731689453125 253 137.12399291992188 186.27462768554688 696 129.87504577636719 204.85279846191406 470 143.7496337890625 210.36672973632812 469 250.41168212890625 120.0904541015625 -1 143.36491394042969 216.77217102050781 660 99.400291442871094 96.061775207519531 554 178.42933654785156 53.643829345703125 -1 170.35420227050781 62.901088714599609 -1 102.18576049804688 83.847702026367188 588 107.08781433105469 68.840034484863281 630 79.620094299316406 101.67052459716797 702 234.02207946777344 113.96395111083984 -1 162.61326599121094 123.22875213623047 817 113.48674774169922 227.64616394042969 666 111.11917877197266 95.614028930664062 -1 75.379692077636719 68.707878112792969 -1 9.0179319381713867 99.398033142089844 831 57.756866455078125 74.747230529785156 704 151.52793884277344 75.711448669433594 -1 216.89837646484375 82.540794372558594 824 110.64128112792969 85.26824951171875 626 27.992832183837891 90.190399169921875 -1 102.97589874267578 99.038139343261719 705 128.36506652832031 33.186378479003906 -1 155.05018615722656 99.322334289550781 -1 175.64088439941406 101.60086822509766 -1 146.75746154785156 212.34065246582031 -1 108.93123626708984 5.5264286994934082 -1 155.85197448730469 31.991891860961914 825 75.379692077636719 68.707878112792969 -1 113.56378173828125 2.0663661956787109 -1 216.89837646484375 82.540794372558594 816 75.379692077636719 68.707878112792969 -1 75.379692077636719 68.707878112792969 -1 107.08781433105469 68.840034484863281 776 151.52793884277344 75.711448669433594 -1 151.52793884277344 75.711448669433594 -1 155.05018615722656 99.322334289550781 -1 175.64088439941406 101.60086822509766 -1 146.75746154785156 212.34065246582031 -1 139.97824096679688 176.93719482421875 712 193.911865234375 59.875629425048828 -1 169.78944396972656 40.661384582519531 -1 90.854454040527344 57.846149444580078 -1 136.80868530273438 215.10197448730469 543 84.205322265625 61.002250671386719 681 172.36299133300781 89.519630432128906 -1 95.680091857910156 60.935955047607422 -1 78.527046203613281 66.989067077636719 570 166.21730041503906 89.320709228515625 -1 180.04800415039062 76.586456298828125 -1 154.7886962890625 72.441917419433594 -1 169.78944396972656 40.661384582519531 -1 78.527046203613281 66.989067077636719 572 154.7886962890625 72.441917419433594 -1 166.21730041503906 89.320709228515625 -1 116.87841796875 36.75286865234375 -1 156.77088928222656 28.47718620300293 778 118.82225799560547 180.47901916503906 -1 87.10198974609375 172.21244812011719 -1 82.637031555175781 165.27786254882812 -1 63.6629638671875 134.64012145996094 741 166.571533203125 127.678955078125 -1 172.36299133300781 89.519630432128906 -1 245.50325012207031 122.97015380859375 -1 235.50021362304688 118.66353607177734 -1 2.9922888278961182 92.009918212890625 -1 135.99678039550781 202.42082214355469 632 109.5509033203125 140.22090148925781 715 136.81636047363281 198.10685729980469 637 2.9922888278961182 92.009918212890625 -1 92.612068176269531 181.71781921386719 707 
127 0.99558502080989297 -0.021150950816078436 -0.067284531038021664 -0.061934606655199717 -0.56279847113696979 3.5365003172971985 1.37079275351326 1 000126.png
224.58555603027344 104.64339447021484 642 37.168060302734375 123.16096496582031 495 128.34320068359375 123.18152618408203 755 73.335456848144531 219.73667907714844 672 104.12437438964844 55.243370056152344 738 187.37646484375 63.895160675048828 -1 186.31459045410156 96.633895874023438 667 205.56916809082031 133.93281555175781 618 205.56916809082031 133.93281555175781 619 104.12437438964844 55.243370056152344 -1 79.719375610351562 85.899009704589844 -1 150.06761169433594 179.33441162109375 689 164.15150451660156 139.85821533203125 546 83.470077514648438 142.22671508789062 -1 114.85784149169922 25.095199584960938 -1 114.85784149169922 25.095199584960938 -1 93.005729675292969 106.93436431884766 564 164.15150451660156 139.85821533203125 600 83.470077514648438 142.22671508789062 306 103.62675476074219 146.75296020507812 225 122.01693725585938 158.763671875 643 121.84562683105469 234.48147583007812 157 90.802009582519531 158.08155822753906 517 105.42015075683594 242.12933349609375 -1 137.17718505859375 241.31629943847656 536 167.81991577148438 79.169105529785156 -1 167.81991577148438 79.169105529785156 -1 167.81991577148438 79.169105529785156 -1 105.42015075683594 242.12933349609375 -1 158.9752197265625 113.18241119384766 -1 158.9752197265625 113.18241119384766 -1 176.3525390625 70.9293212890625 -1 107.79689788818359 94.122566223144531 230 158.9752197265625 113.18241119384766 -1 120.83694458007812 37.947288513183594 -1 134.21176147460938 55.099403381347656 -1 172.1773681640625 92.585884094238281 -1 76.17864990234375 108.59761047363281 237 111.00822448730469 116.72727203369141 -1 169.61103820800781 120.01156616210938 326 181.48178100585938 133.38665771484375 25 159.2242431640625 161.37213134765625 15 135.94760131835938 189.73892211914062 836 181.48178100585938 133.38665771484375 450 169.61103820800781 120.01156616210938 462 134.21176147460938 55.099403381347656 -1 172.1773681640625 92.585884094238281 -1 172.1773681640625 92.585884094238281 -1 86.026542663574219 123.33724212646484 239 159.04115295410156 147.72776794433594 -1 150.24420166015625 166.41194152832031 648 121.68115234375 177.36984252929688 582 145.49740600585938 184.70672607421875 759 127.87789916992188 202.772216796875 -1 94.6224365234375 129.89842224121094 325 136.57321166992188 35.742347717285156 -1 86.026542663574219 123.33724212646484 236 159.04115295410156 147.72776794433594 -1 150.24420166015625 166.41194152832031 -1 127.87789916992188 202.772216796875 -1 178.80122375488281 123.08727264404297 205 124.52278900146484 10.629814147949219 -1 136.57321166992188 35.742347717285156 -1 125.35662078857422 237.316650390625 645 166.26524353027344 35.710159301757812 -1 154.48835754394531 91.004714965820312 -1 156.8310546875 78.64337158203125 -1 164.233642578125 113.79216003417969 764 117.18874359130859 97.353736877441406 690 17.577018737792969 111.00953674316406 763 193.87545776367188 54.322742462158203 -1 156.8310546875 78.64337158203125 -1 154.48835754394531 91.004714965820312 -1 154.48835754394531 91.004714965820312 -1 125.35662078857422 237.316650390625 646 53.023441314697266 128.07321166992188 596 221.03424072265625 80.508705139160156 -1 123.58038330078125 195.77017211914062 758 141.48628234863281 194.69761657714844 661 165.70747375488281 167.62702941894531 552 161.63768005371094 91.711326599121094 -1 110.68686676025391 100.36896514892578 568 104.52610015869141 34.078403472900391 -1 175.85208129882812 40.815387725830078 -1 153.17012023925781 152.99537658691406 253 221.03424072265625 80.508705139160156 816 58.386817932128906 81.675697326660156 730 187.76675415039062 137.49520874023438 699 104.91824340820312 161.83158874511719 711 167.87715148925781 91.12823486328125 -1 153.17012023925781 152.99537658691406 765 164.88722229003906 102.23622894287109 827 19.31843376159668 103.56827545166016 768 251.43363952636719 103.52133178710938 -1 80.732498168945312 115.62194061279297 259 80.732498168945312 115.62194061279297 256 80.732498168945312 115.62194061279297 463 164.88722229003906 102.23622894287109 828 167.87715148925781 91.12823486328125 -1 58.386817932128906 81.675697326660156 733 121.45783996582031 26.350921630859375 -1 121.45783996582031 26.350921630859375 -1 104.60302734375 56.302242279052734 665 170.27781677246094 62.991870880126953 -1 60.453472137451172 76.291839599609375 704 53.543586730957031 80.010055541992188 870 100.58286285400391 88.646263122558594 548 172.33088684082031 88.359115600585938 -1 180.07943725585938 94.361640930175781 -1 102.15541839599609 97.708343505859375 550 180.78350830078125 101.77178955078125 573 71.767509460449219 102.84089660644531 701 233.679931640625 114.76921844482422 -1 146.23898315429688 218.86093139648438 336 132.64860534667969 206.82269287109375 470 116.76722717285156 4.1502814292907715 -1 178.09434509277344 54.053756713867188 -1 220.7913818359375 81.737777709960938 824 99.318824768066406 93.290542602539062 773 105.66240692138672 100.97241973876953 705 146.748291015625 170.13078308105469 -1 94.070091247558594 6.212092399597168 -1 109.0694580078125 6.0405926704406738 -1 112.93142700195312 44.136249542236328 -1 100.58286285400391 88.646263122558594 -1 172.33088684082031 88.359115600585938 -1 102.15541839599609 97.708343505859375 554 109.2069091796875 35.237274169921875 -1 152.33914184570312 145.10250854492188 -1 149.99456787109375 214.00505065917969 -1 93.367034912109375 58.4547119140625 -1 75.559326171875 68.125167846679688 867 151.48745727539062 75.835968017578125 -1 79.438766479492188 125.54472351074219 881 104.66509246826172 85.782913208007812 588 112.66654968261719 7.0917611122131348 -1 154.91647338867188 99.245925903320312 -1 154.91647338867188 99.245925903320312 -1 113.76045227050781 2.105888843536377 -1 133.81515502929688 184.42921447753906 -1 236.63446044921875 116.74266052246094 -1 230.30641174316406 110.45249176025391 -1 175.63041687011719 101.67440032958984 -1 91.966545104980469 117.68964385986328 454 248.53173828125 122.32617950439453 -1 245.41793823242188 123.9205322265625 -1 152.33914184570312 145.10250854492188 -1 149.99456787109375 214.00505065917969 -1 139.42121887207031 217.04721069335938 543 151.48745727539062 75.835968017578125 -1 151.48745727539062 75.835968017578125 -1 175.63041687011719 101.67440032958984 -1 183.25291442871094 44.062877655029297 -1 73.248085021972656 147.68568420410156 -1 147.68367004394531 175.35528564453125 -1 144.09034729003906 178.57783508300781 712 7.3394551277160645 99.199798583984375 -1 56.136245727539062 123.93949127197266 668 145.94331359863281 113.17266845703125 -1 111.05369567871094 86.116989135742188 540 10.412920951843262 99.166297912597656 -1 8.4520359039306641 96.268707275390625 -1 172.34396362304688 89.395347595214844 -1 166.16964721679688 89.383560180664062 -1 108.37706756591797 86.655998229980469 540 111.05369567871094 86.116989135742188 626 240.5428466796875 82.659317016601562 -1 161.58473205566406 81.0438232421875 -1 180.09843444824219 76.562118530273438 -1 107.48558807373047 71.6673583984375 630 167.87478637695312 60.346385955810547 -1 101.46953582763672 54.42694091796875 -1 116.94751739501953 36.70391845703125 865 108.37706756591797 86.655998229980469 -1 166.16964721679688 89.383560180664062 -1 153.71791076660156 25.955703735351562 -1 126.72813415527344 30.702032089233398 -1 131.63398742675781 196.51351928710938 714 157.76388549804688 29.009250640869141 778 107.57878112792969 27.929378509521484 -1 138.87953186035156 204.42855834960938 632 112.07158660888672 141.79655456542969 715 107.48558807373047 71.6673583984375 776 12.562808990478516 102.09371185302734 831 64.910171508789062 134.59906005859375 741 
128 0.99631444079808906 -0.037174238478815638 -0.027709799847899907 -0.072164936382571307 0.15774698514507424 5.5252384869190516 1.4042266173306766 1 000124.png
31.33686637878418 73.846038818359375 -1 94.189224243164062 126.962890625 843 85.922050476074219 225.30201721191406 672 144.03887939453125 33.516658782958984 -1 231.91389465332031 101.71452331542969 445 128.136474609375 131.52528381347656 808 50.878120422363281 132.97113037109375 495 50.878120422363281 132.97113037109375 791 219.05178833007812 140.54707336425781 618 200.70425415039062 111.92821502685547 622 219.05178833007812 140.54707336425781 619 104.29605102539062 68.416107177734375 845 28.474403381347656 94.9766845703125 846 172.56057739257812 147.61701965332031 600 153.12333679199219 179.46078491210938 -1 172.56057739257812 147.61701965332031 546 28.474403381347656 94.9766845703125 844 158.38554382324219 36.054916381835938 825 92.750862121582031 151.30291748046875 306 127.47054290771484 14.673144340515137 -1 116.60163116455078 25.80748176574707 -1 176.4202880859375 70.667121887207031 -1 109.27637481689453 153.94998168945312 225 134.39201354980469 55.787368774414062 -1 167.21531677246094 79.673973083496094 -1 85.434745788574219 118.7652587890625 237 179.13449096679688 126.5286865234375 326 133.21525573730469 203.1739501953125 848 100.42613983154297 30.725723266601562 -1 191.27330017089844 139.92414855957031 450 144.09425354003906 197.51518249511719 836 168.07150268554688 169.56314086914062 15 155.51992797851562 153.2999267578125 847 179.13449096679688 126.5286865234375 462 191.27330017089844 139.92414855957031 25 240.63941955566406 85.791191101074219 -1 123.21939086914062 198.81622314453125 -1 153.78842163085938 194.87747192382812 759 146.20755004882812 183.86090087890625 852 184.4725341796875 59.259727478027344 -1 120.09227752685547 176.46705627441406 -1 141.97586059570312 171.67343139648438 -1 102.27582550048828 140.04513549804688 325 94.988265991210938 133.13137817382812 239 188.64741516113281 128.85469055175781 205 240.63941955566406 85.791191101074219 -1 94.988265991210938 133.13137817382812 236 141.97586059570312 171.67343139648438 -1 123.21939086914062 198.81622314453125 -1 164.29461669921875 46.064365386962891 -1 170.04681396484375 51.397216796875 -1 193.77120971679688 54.622890472412109 -1 12.193221092224121 230.72491455078125 -1 161.40228271484375 91.961715698242188 -1 112.05522918701172 104.78084564208984 230 164.29461669921875 46.064365386962891 -1 156.73233032226562 78.857872009277344 -1 12.193221092224121 230.72491455078125 -1 122.74789428710938 8.4130649566650391 -1 174.61497497558594 176.25398254394531 552 161.53207397460938 161.02583312988281 765 113.40287780761719 135.89793395996094 -1 31.506101608276367 121.64703369140625 763 49.823192596435547 109.515380859375 -1 167.6053466796875 107.81662750244141 827 89.745361328125 125.41572570800781 259 130.44601440429688 193.01304626464844 -1 129.15104675292969 185.3485107421875 -1 161.53207397460938 161.02583312988281 792 89.745361328125 125.41572570800781 256 31.506101608276367 121.64703369140625 -1 168.85777282714844 196.01486206054688 855 167.6053466796875 107.81662750244141 828 168.40936279296875 91.870712280273438 -1 129.15104675292969 185.3485107421875 -1 108.36147308349609 42.529483795166016 -1 168.40936279296875 91.870712280273438 -1 103.00910949707031 43.884387969970703 -1 177.43252563476562 42.128250122070312 -1 108.36147308349609 42.529483795166016 -1 103.36744689941406 32.980979919433594 -1 110.65978240966797 24.072254180908203 -1 130.44601440429688 193.01304626464844 -1 140.66395568847656 217.14613342285156 470 116.14121246337891 7.9344882965087891 -1 182.41758728027344 69.934814453125 -1 170.13296508789062 63.102432250976562 -1 190.02714538574219 62.602512359619141 -1 151.8302001953125 187.47914123535156 712 139.14324951171875 183.64511108398438 -1 155.86235046386719 159.31819152832031 858 175.12452697753906 121.01809692382812 764 238.537353515625 105.57991790771484 859 150.87863159179688 103.2662353515625 -1 134.60086059570312 247.432373046875 645 134.60086059570312 247.432373046875 646 155.61781311035156 222.63188171386719 469 97.146926879882812 193.19120788574219 796 179.95841979980469 94.59991455078125 -1 115.058349609375 30.746286392211914 -1 190.02714538574219 62.602512359619141 -1 150.87863159179688 103.2662353515625 -1 155.86235046386719 159.31819152832031 860 151.8302001953125 187.47914123535156 875 128.36569213867188 33.163619995117188 -1 123.44257354736328 36.150711059570312 -1 129.83755493164062 36.441932678222656 -1 124.75493621826172 39.066291809082031 -1 119.80425262451172 47.024921417236328 -1 165.50540161132812 49.576023101806641 -1 151.47392272949219 75.814910888671875 -1 70.954780578613281 86.5120849609375 704 75.830276489257812 86.984954833984375 -1 233.20417785644531 89.589691162109375 886 34.360260009765625 110.37254333496094 868 250.24482727050781 113.48487854003906 -1 99.5706787109375 137.7821044921875 -1 150.99870300292969 145.90205383300781 -1 158.97332763671875 179.08177185058594 878 155.96572875976562 184.2017822265625 -1 126.34871673583984 189.16946411132812 798 173.99853515625 195.64306640625 841 150.49330139160156 202.15753173828125 -1 139.99359130859375 204.23307800292969 714 188.63983154296875 54.079971313476562 -1 98.477828979492188 72.098686218261719 -1 108.01625823974609 101.76677703857422 -1 133.70097351074219 184.40408325195312 -1 14.200077056884766 235.25112915039062 -1 113.73764801025391 2.7075858116149902 -1 98.477828979492188 72.098686218261719 833 133.70097351074219 184.40408325195312 -1 119.80425262451172 47.024921417236328 -1 151.47392272949219 75.814910888671875 -1 151.47392272949219 75.814910888671875 -1 75.830276489257812 86.984954833984375 -1 158.97332763671875 179.08177185058594 -1 155.96572875976562 184.2017822265625 861 126.34871673583984 189.16946411132812 800 150.49330139160156 202.15753173828125 -1 188.63983154296875 54.079971313476562 -1 114.66343688964844 21.283205032348633 -1 111.09366607666016 30.564682006835938 -1 126.35960388183594 30.717470169067383 -1 162.99749755859375 32.614887237548828 778 50.086814880371094 175.4923095703125 526 152.96830749511719 173.36656188964844 879 146.43016052246094 170.00529479980469 880 86.497314453125 167.89239501953125 801 58.1124267578125 196.88677978515625 802 28.00019645690918 114.31791687011719 831 246.15962219238281 112.97093963623047 -1 58.114086151123047 98.542404174804688 803 172.20832824707031 89.612220764160156 -1 110.97776031494141 85.228218078613281 -1 233.16606140136719 84.505905151367188 824 161.65324401855469 80.951957702636719 -1 86.267570495605469 79.961013793945312 -1 176.73806762695312 196.72695922851562 -1 188.90780639648438 54.809043884277344 -1 192.53752136230469 51.396697998046875 -1 175.71015930175781 36.525592803955078 -1 116.88175201416016 36.748489379882812 -1 167.93128967285156 35.471176147460938 -1 74.021827697753906 245.57154846191406 -1 163.95130920410156 216.23358154296875 -1 233.16606140136719 84.505905151367188 816 155.55015563964844 227.64048767089844 -1 69.331321716308594 91.160507202148438 733 182.11827087402344 97.741836547851562 874 86.267570495605469 79.961013793945312 -1 76.470893859863281 83.542327880859375 -1 110.97776031494141 85.228218078613281 -1 110.97776031494141 85.228218078613281 -1 58.114086151123047 98.542404174804688 804 86.497314453125 167.89239501953125 -1 147.41812133789062 214.18040466308594 632 176.73806762695312 196.72695922851562 -1 153.94474792480469 202.14218139648438 345 124.06936645507812 228.96653747558594 -1 162.34402465820312 213.85188293457031 -1 129.99058532714844 239.01907348632812 -1 157.27078247070312 212.93023681640625 839 69.331321716308594 91.160507202148438 730 182.11827087402344 97.741836547851562 872 167.46333312988281 210.44680786132812 -1 164.60014343261719 210.21125793457031 -1 147.98593139648438 209.95542907714844 -1 146.17190551757812 207.36026000976562 -1 168.13487243652344 204.87814331054688 -1 148.05656433105469 204.97718811035156 -1 153.94474792480469 202.14218139648438 787 239.10691833496094 139.31564331054688 -1 107.13200378417969 66.207275390625 665 158.86094665527344 222.73594665527344 -1 158.86094665527344 222.73594665527344 -1 
129 0.99446888369984843 -0.013605314695456968 -0.089387297802876381 -0.053445727203538587 -0.94911112822672616 2.803482316236698 1.4108685498673048 1 000128.png
93.770782470703125 112.22885894775391 -1 93.770782470703125 112.22885894775391 -1 220.16780090332031 104.65976715087891 642 31.016237258911133 118.85312652587891 495 130.30549621582031 130.62931823730469 595 141.26463317871094 205.99551391601562 620 67.734207153320312 217.49484252929688 672 103.12178039550781 52.450290679931641 738 186.24461364746094 61.703117370605469 694 198.86801147460938 132.44525146484375 618 198.86801147460938 132.44525146484375 677 198.86801147460938 132.44525146484375 619 198.86801147460938 132.44525146484375 -1 103.12178039550781 52.450290679931641 -1 185.80203247070312 112.45005798339844 622 123.64260101318359 183.8905029296875 430 185.80203247070312 112.45005798339844 624 185.80203247070312 112.45005798339844 623 98.441993713378906 142.32452392578125 225 114.24259948730469 25.09803581237793 -1 158.79815673828125 135.85542297363281 546 116.38174438476562 229.84272766113281 157 114.24259948730469 25.09803581237793 -1 103.70008087158203 89.853004455566406 230 88.741844177246094 102.36964416503906 564 78.077804565429688 137.15469360351562 306 158.79815673828125 135.85542297363281 600 112.72335815429688 157.87545776367188 643 66.639427185058594 118.15252685546875 322 168.7528076171875 78.243721008300781 -1 168.7528076171875 78.243721008300781 -1 168.7528076171875 78.243721008300781 -1 129.69357299804688 238.17581176757812 536 120.94692230224609 37.932456970214844 -1 134.5032958984375 55.564128875732422 -1 172.28535461425781 92.397499084472656 -1 175.81468200683594 130.13909912109375 450 172.28535461425781 92.397499084472656 -1 172.28535461425781 92.397499084472656 -1 117.01490783691406 172.85145568847656 582 154.13681030273438 157.18522644042969 15 175.81468200683594 130.13909912109375 25 71.153083801269531 103.67509460449219 237 80.945747375488281 118.27033996582031 239 208.63543701171875 90.548019409179688 -1 80.945747375488281 118.27033996582031 236 119.71076965332031 231.84623718261719 645 249.4788818359375 112.8194580078125 -1 161.22842407226562 95.945770263671875 725 124.38986206054688 10.37169075012207 -1 165.00340270996094 119.01071166992188 462 88.776954650878906 125.48494720458984 325 129.89602661132812 187.46296691894531 836 161.22842407226562 95.945770263671875 -1 165.00340270996094 119.01071166992188 326 119.71076965332031 231.84623718261719 646 10.791950225830078 105.14006042480469 763 122.65389251708984 7.9840226173400879 -1 167.52684020996094 90.657760620117188 -1 135.45133972167969 34.456356048583984 -1 193.37094116210938 53.841091156005859 -1 10.791950225830078 105.14006042480469 -1 165.28665161132812 104.28191375732422 -1 154.57412719726562 91.421920776367188 -1 156.90238952636719 78.586143493652344 -1 135.45133972167969 34.456356048583984 -1 156.90238952636719 78.586143493652344 -1 122.65389251708984 7.9840226173400879 -1 154.57412719726562 91.421920776367188 -1 165.28665161132812 104.28191375732422 -1 75.425651550292969 110.77478790283203 463 229.37406921386719 88.326644897460938 -1 161.85336303710938 91.355201721191406 -1 174.79530334472656 40.471519470214844 -1 166.79951477050781 112.664306640625 -1 75.425651550292969 110.77478790283203 259 161.85336303710938 91.355201721191406 -1 180.81919860839844 44.174900054931641 -1 166.79951477050781 112.664306640625 -1 75.425651550292969 110.77478790283203 256 121.51352691650391 26.374095916748047 -1 121.51352691650391 26.374095916748047 -1 178.37934875488281 53.721229553222656 -1 170.32949829101562 62.897617340087891 -1 182.82740783691406 70.15814208984375 -1 104.8287353515625 81.743736267089844 540 109.97660827636719 83.96441650390625 626 172.45510864257812 88.175300598144531 -1 97.175941467285156 93.751838684082031 550 180.09870910644531 94.318763732910156 -1 105.94491577148438 97.318145751953125 568 244.42803955078125 103.2337646484375 -1 249.21798706054688 126.69155120849609 -1 124.95774078369141 190.92398071289062 -1 95.605796813964844 84.212539672851562 548 97.175941467285156 93.751838684082031 554 247.9869384765625 101.78933715820312 -1 187.1024169921875 47.217426300048828 -1 170.32949829101562 62.897617340087891 -1 104.8287353515625 81.743736267089844 553 26.620630264282227 151.38583374023438 633 116.87450408935547 167.69206237792969 -1 140.97329711914062 207.25932312011719 469 134.12150573730469 211.7054443359375 543 133.88175964355469 216.4859619140625 651 123.74606323242188 39.780998229980469 -1 155.04376220703125 99.467330932617188 -1 128.32525634765625 33.239971160888672 -1 108.70231628417969 5.7130241394042969 -1 248.83529663085938 118.75234222412109 -1 175.562744140625 101.58721923828125 -1 230.17486572265625 87.608848571777344 -1 250.10179138183594 122.12419128417969 -1 151.53091430664062 75.707290649414062 -1 155.04376220703125 99.467330932617188 -1 123.74606323242188 39.780998229980469 -1 151.53091430664062 75.707290649414062 -1 151.53091430664062 75.707290649414062 -1 175.562744140625 101.58721923828125 -1 250.10179138183594 122.12419128417969 -1 175.88050842285156 135.27938842773438 349 114.10742950439453 127.67970275878906 -1 175.88050842285156 135.27938842773438 527 53.272056579589844 77.136283874511719 733 68.629035949707031 69.051376342773438 -1 78.341438293457031 64.097885131835938 570 84.192726135253906 61.174652099609375 -1 84.192726135253906 61.174652099609375 -1 103.45252227783203 51.734375 665 116.84903717041016 36.751079559326172 -1 126.67758178710938 30.704322814941406 -1 113.53755187988281 2.0821032524108887 -1 127.81217193603516 200.61087036132812 470 139.64015197753906 187.02842712402344 787 103.45252227783203 51.734375 663 84.192726135253906 61.174652099609375 -1 84.192726135253906 61.174652099609375 -1 78.341438293457031 64.097885131835938 572 39.084133148193359 183.89370727539062 802 53.272056579589844 77.136283874511719 730 213.38825988769531 82.298515319824219 816 41.509876251220703 83.189849853515625 804 33.523529052734375 87.123306274414062 -1 33.4661865234375 176.96356201171875 812 9.3130464553833008 99.198768615722656 -1 166.81062316894531 174.53981018066406 753 166.81062316894531 174.53981018066406 815 114.33373260498047 130.55665588378906 634 9.3130464553833008 99.198768615722656 768 6.9503512382507324 97.282562255859375 -1 6.9503512382507324 97.282562255859375 831 33.523529052734375 87.123306274414062 -1 41.509876251220703 83.189849853515625 803 213.38825988769531 82.298515319824219 824 168.25016784667969 69.76708984375 -1 172.66545104980469 80.316558837890625 512 68.629035949707031 69.051376342773438 631 11.968905448913574 97.864540100097656 -1 11.968905448913574 97.864540100097656 -1 
130 0.99446471840469219 -0.016286558510355063 -0.088375466014637472 -0.054446752583242379 -0.90990994871036801 2.7757392297886767 1.3184524909400579 1 000130.png
93.679512023925781 113.19123077392578 -1 93.679512023925781 113.19123077392578 -1 221.08625793457031 104.80278015136719 642 31.083309173583984 119.3673095703125 495 130.44198608398438 130.42636108398438 595 141.34077453613281 207.19619750976562 620 67.574630737304688 218.34735107421875 672 199.70794677734375 132.88374328613281 -1 199.70794677734375 132.88374328613281 677 103.38312530517578 52.629341125488281 738 186.04273986816406 61.269298553466797 694 199.70794677734375 132.88374328613281 618 199.70794677734375 132.88374328613281 619 103.38312530517578 52.629341125488281 -1 186.18157958984375 112.22138977050781 622 124.03648376464844 184.48262023925781 430 186.18157958984375 112.22138977050781 623 186.18157958984375 112.22138977050781 624 114.22245025634766 25.127614974975586 -1 103.89269256591797 90.229934692382812 230 88.7386474609375 102.85173034667969 564 78.085014343261719 137.46397399902344 306 159.20945739746094 136.19371032714844 600 114.22245025634766 25.127614974975586 -1 98.745849609375 142.96253967285156 225 159.20945739746094 136.19371032714844 546 113.777099609375 158.00253295898438 643 116.72344970703125 231.10595703125 157 85.793624877929688 154.75765991210938 517 66.877906799316406 118.64605712890625 322 130.64570617675781 239.17127990722656 536 168.84318542480469 78.177696228027344 -1 151.24176025390625 29.797098159790039 825 168.84318542480469 78.177696228027344 -1 172.3553466796875 92.286125183105469 -1 71.198829650878906 104.15515899658203 237 154.51083374023438 157.39970397949219 15 117.67807769775391 174.17338562011719 582 121.08299255371094 37.819263458251953 -1 176.51828002929688 130.57443237304688 25 176.51828002929688 130.57443237304688 450 172.3553466796875 92.286125183105469 -1 172.3553466796875 92.286125183105469 -1 193.18795776367188 54.546268463134766 -1 130.33792114257812 188.097900390625 836 124.39212036132812 10.423837661743164 -1 89.327743530273438 125.65290069580078 325 250.26370239257812 113.00867462158203 -1 165.39457702636719 118.68756103515625 462 161.24641418457031 96.016304016113281 -1 209.73731994628906 88.287101745605469 -1 165.39457702636719 118.68756103515625 326 161.24641418457031 96.016304016113281 725 209.73731994628906 88.287101745605469 -1 135.80908203125 34.930557250976562 -1 174.3836669921875 120.31869506835938 205 135.80908203125 34.930557250976562 -1 10.259926795959473 105.84165954589844 -1 120.39484405517578 233.43524169921875 645 153.38333129882812 102.20389556884766 583 154.57276916503906 91.0592041015625 -1 154.57276916503906 91.0592041015625 -1 156.88594055175781 78.565933227539062 -1 168.27513122558594 91.709609985351562 -1 165.37052917480469 104.84233856201172 -1 122.67906188964844 8.0482254028320312 -1 122.67906188964844 8.0482254028320312 -1 168.27513122558594 91.709609985351562 -1 156.88594055175781 78.565933227539062 -1 154.57276916503906 91.0592041015625 -1 244.5926513671875 96.207183837890625 -1 153.38333129882812 102.20389556884766 727 165.37052917480469 104.84233856201172 -1 10.259926795959473 105.84165954589844 763 120.39484405517578 233.43524169921875 646 75.612251281738281 111.05775451660156 256 75.612251281738281 111.05775451660156 463 161.86299133300781 91.225944519042969 -1 181.1451416015625 44.435325622558594 -1 174.66954040527344 40.452770233154297 -1 106.75961303710938 13.585236549377441 -1 112.08516693115234 89.761863708496094 610 149.13429260253906 163.39201354980469 648 167.08000183105469 112.73967742919922 -1 75.612251281738281 111.05775451660156 259 244.925537109375 103.84011077880859 -1 161.86299133300781 91.225944519042969 -1 167.08000183105469 112.73967742919922 -1 106.75961303710938 13.585236549377441 -1 121.58048248291016 26.390445709228516 -1 121.58048248291016 26.390445709228516 -1 170.26950073242188 62.979473114013672 -1 105.00835418701172 81.724662780761719 553 97.467689514160156 94.111244201660156 554 95.768989562988281 84.605667114257812 548 250.55177307128906 126.93119049072266 -1 175.63356018066406 101.60535430908203 -1 155.10787963867188 164.09725952148438 525 94.147193908691406 6.1429214477539062 -1 187.41375732421875 47.863563537597656 -1 178.42742919921875 53.492366790771484 -1 170.26950073242188 62.979473114013672 -1 182.69503784179688 70.140739440917969 -1 105.00835418701172 81.724662780761719 540 109.98649597167969 84.262657165527344 626 172.46896362304688 88.190628051757812 -1 235.00570678710938 92.9820556640625 -1 97.467689514160156 94.111244201660156 550 180.11892700195312 94.295722961425781 -1 106.10964965820312 97.626495361328125 568 12.264771461486816 102.91122436523438 -1 179.09030151367188 104.14361572265625 573 250.55177307128906 126.93119049072266 -1 107.86751556396484 136.77816772460938 627 160.37818908691406 163.28546142578125 552 142.20991516113281 172.57817077636719 -1 41.920352935791016 201.57131958007812 479 175.63356018066406 101.60535430908203 -1 155.10787963867188 164.09725952148438 530 251.01596069335938 122.41015625 -1 32.869525909423828 176.65507507324219 812 110.88717651367188 85.800849914550781 -1 137.37971496582031 208.12612915039062 620 141.66865539550781 208.39305114746094 469 134.64692687988281 212.78446960449219 543 134.52285766601562 217.61575317382812 651 249.54986572265625 118.86338806152344 -1 227.06515502929688 79.635993957519531 644 57.243083953857422 230.78703308105469 -1 176.54937744140625 135.703125 527 21.420560836791992 139.56356811523438 508 155.0343017578125 99.350486755371094 -1 151.52798461914062 75.711395263671875 -1 128.36752319335938 33.212936401367188 -1 108.38352966308594 5.8569626808166504 -1 65.151512145996094 250.52752685546875 -1 64.183151245117188 248.19000244140625 -1 110.90471649169922 90.127029418945312 -1 251.01596069335938 122.41015625 -1 151.52798461914062 75.711395263671875 -1 151.52798461914062 75.711395263671875 -1 155.0343017578125 99.350486755371094 -1 168.50942993164062 174.21939086914062 815 249.54986572265625 118.86338806152344 -1 176.54937744140625 135.703125 349 168.50942993164062 174.21939086914062 753 127.88568115234375 202.02983093261719 470 159.87435913085938 181.75559997558594 419 145.47512817382812 193.01564025878906 -1 127.88568115234375 202.02983093261719 470 10.73436164855957 98.9039306640625 768 6.5464982986450195 97.831062316894531 831 22.497045516967773 93.01824951171875 832 28.801193237304688 89.893020629882812 835 230.8924560546875 87.522140502929688 -1 40.83843994140625 83.882568359375 803 214.09596252441406 82.615707397460938 816 211.37879943847656 81.708389282226562 824 172.98028564453125 79.896331787109375 512 168.08253479003906 69.990493774414062 -1 67.842620849609375 69.916641235351562 -1 107.08021545410156 65.526222229003906 -1 85.104164123535156 61.204845428466797 -1 85.104164123535156 61.204845428466797 -1 85.104164123535156 61.204845428466797 -1 107.08021545410156 65.526222229003906 630 67.842620849609375 69.916641235351562 631 214.09596252441406 82.615707397460938 824 40.83843994140625 83.882568359375 804 28.801193237304688 89.893020629882812 834 6.5464982986450195 97.831062316894531 -1 10.73436164855957 98.9039306640625 -1 126.51943969726562 193.05686950683594 -1 116.79068756103516 36.764751434326172 -1 168.13090515136719 60.158576965332031 -1 113.48489379882812 2.0840654373168945 -1 136.3016357421875 202.16535949707031 632 134.84645080566406 195.43690490722656 637 211.37879943847656 81.708389282226562 816 126.51943969726562 193.05686950683594 714 166.20927429199219 89.149559020996094 -1 124.19980621337891 189.46473693847656 -1 25.517229080200195 150.65211486816406 633 85.104164123535156 61.204845428466797 -1 114.44587707519531 127.39064025878906 634 238.67195129394531 118.99268341064453 -1 143.57081604003906 114.30235290527344 -1 159.9617919921875 186.22560119628906 614 13.035147666931152 97.846817016601562 -1 159.9617919921875 186.22560119628906 615 13.035147666931152 97.846817016601562 -1 
131 0.9943812673881377 -0.015896424659491915 -0.089378230896612662 -0.054449339687438078 -0.91152491522877943 2.7179703074030699 1.3951920853157431 1 000129.png
93.448089599609375 112.70915222167969 -1 93.448089599609375 112.70915222167969 -1 220.60403442382812 104.76572418212891 642 31.075922012329102 118.86674499511719 495 130.07514953613281 130.86962890625 595 141.22601318359375 206.27566528320312 620 67.757598876953125 218.16127014160156 672 103.42510223388672 52.525432586669922 738 186.15969848632812 61.598987579345703 694 199.30740356445312 132.59001159667969 618 103.42510223388672 52.525432586669922 -1 199.30740356445312 132.59001159667969 619 199.30740356445312 132.59001159667969 -1 199.30740356445312 132.59001159667969 677 185.95254516601562 112.24259185791016 622 123.7884521484375 184.12516784667969 430 185.95254516601562 112.24259185791016 624 185.95254516601562 112.24259185791016 623 114.20621490478516 25.135549545288086 -1 103.76337432861328 89.994422912597656 230 88.73583984375 102.46833038330078 564 78.050765991210938 136.97392272949219 306 159.03549194335938 135.96707153320312 600 98.604629516601562 142.52674865722656 225 116.46774291992188 230.29573059082031 157 114.20621490478516 25.135549545288086 -1 159.03549194335938 135.96707153320312 546 85.539375305175781 154.1644287109375 517 101.46229553222656 239.90242004394531 -1 130.77879333496094 238.19776916503906 536 113.25791168212891 158.05305480957031 643 168.761474609375 78.196571350097656 -1 168.761474609375 78.196571350097656 -1 101.46229553222656 239.90242004394531 -1 168.761474609375 78.196571350097656 -1 66.748733520507812 118.51290130615234 322 151.0230712890625 29.607822418212891 825 121.13838958740234 37.833110809326172 -1 172.30671691894531 92.357452392578125 -1 71.203826904296875 103.86179351806641 237 176.09651184082031 130.30419921875 25 154.32682800292969 157.31585693359375 15 117.17316436767578 173.16508483886719 582 176.09651184082031 130.30419921875 450 172.30671691894531 92.357452392578125 -1 172.30671691894531 92.357452392578125 -1 214.83250427246094 136.06956481933594 -1 124.12593078613281 10.088555335998535 -1 135.95941162109375 34.982875823974609 -1 193.27542114257812 54.350391387939453 -1 161.199462890625 95.613945007324219 -1 250.26885986328125 113.02875518798828 -1 89.132919311523438 125.48020935058594 325 105.53702545166016 130.09954833984375 683 130.1763916015625 187.75875854492188 836 165.16572570800781 118.85469818115234 462 161.199462890625 95.613945007324219 -1 161.199462890625 95.613945007324219 725 135.95941162109375 34.982875823974609 -1 165.16572570800781 118.85469818115234 326 165.39976501464844 104.60147094726562 -1 10.776449203491211 105.48305511474609 763 168.227294921875 91.614830017089844 -1 120.09543609619141 232.72018432617188 645 156.89665222167969 78.577583312988281 -1 154.581787109375 91.141433715820312 -1 120.09543609619141 232.72018432617188 646 10.776449203491211 105.48305511474609 -1 165.39976501464844 104.60147094726562 -1 154.581787109375 91.141433715820312 -1 156.89665222167969 78.577583312988281 -1 168.227294921875 91.614830017089844 -1 122.64194488525391 8.0199766159057617 -1 122.64194488525391 8.0199766159057617 -1 29.81001091003418 157.85023498535156 -1 47.23626708984375 122.65377807617188 596 174.57354736328125 40.384624481201172 -1 75.64569091796875 110.84674835205078 256 75.64569091796875 110.84674835205078 463 166.93856811523438 112.58225250244141 -1 75.64569091796875 110.84674835205078 259 181.24481201171875 44.374778747558594 -1 38.052341461181641 90.476776123046875 521 229.33778381347656 88.5838623046875 -1 166.93856811523438 112.58225250244141 -1 112.99835968017578 44.462860107421875 -1 162.41433715820312 77.417228698730469 -1 121.52321624755859 26.389894485473633 -1 154.74940490722656 162.7010498046875 530 121.52321624755859 26.389894485473633 -1 154.74940490722656 162.7010498046875 525 234.91616821289062 92.579353332519531 -1 95.700881958007812 84.275543212890625 548 109.96086883544922 84.165763854980469 626 172.44160461425781 88.204093933105469 -1 106.02336883544922 97.429214477539062 568 187.29220581054688 47.589790344238281 -1 97.28717041015625 93.875411987304688 550 180.104736328125 94.300819396972656 -1 250.31088256835938 126.55661010742188 -1 170.21844482421875 63.017807006835938 -1 178.36482238769531 53.734531402587891 -1 106.21247863769531 66.567802429199219 -1 182.76585388183594 70.018623352050781 -1 227.55160522460938 80.209327697753906 644 104.91489410400391 81.759056091308594 540 250.31088256835938 126.55661010742188 -1 106.21247863769531 66.567802429199219 691 104.91489410400391 81.759056091308594 553 97.28717041015625 93.875411987304688 554 251.221435546875 126.15644836425781 -1 101.80735778808594 129.87806701660156 683 221.99591064453125 140.89639282226562 -1 175.60873413085938 101.57467651367188 -1 137.125 207.78419494628906 620 151.51223754882812 75.770927429199219 -1 134.10343933105469 217.13996887207031 651 126.18043518066406 38.505020141601562 -1 39.960109710693359 194.1624755859375 -1 108.62398529052734 5.6831412315368652 -1 248.346435546875 106.01779174804688 -1 128.27339172363281 33.271999359130859 -1 129.83547973632812 36.482192993164062 -1 141.28083801269531 207.816650390625 469 151.51223754882812 75.770927429199219 -1 210.58201599121094 82.485702514648438 824 151.51223754882812 75.770927429199219 -1 210.58201599121094 82.485702514648438 816 155.01542663574219 99.269721984863281 -1 175.60873413085938 101.57467651367188 -1 126.18043518066406 38.505020141601562 -1 251.221435546875 126.15644836425781 -1 110.54931640625 89.845542907714844 -1 155.01542663574219 99.269721984863281 -1 250.47007751464844 122.22249603271484 -1 250.47007751464844 122.22249603271484 -1 122.39029693603516 186.91403198242188 -1 140.48553466796875 180.147705078125 -1 34.614479064941406 173.17340087890625 812 25.429176330566406 149.8507080078125 633 24.479352951049805 147.1058349609375 -1 176.13739013671875 135.8387451171875 527 114.31373596191406 130.003173828125 634 114.5400390625 126.8369140625 634 50.150978088378906 118.69235992431641 668 86.708015441894531 113.09114837646484 454 144.77880859375 107.4398193359375 -1 7.2003860473632812 102.64937591552734 -1 10.055270195007324 99.004547119140625 768 22.032730102539062 92.9874267578125 832 25.686807632446289 91.146980285644531 -1 28.539426803588867 89.781394958496094 835 172.37312316894531 89.402984619140625 -1 166.22210693359375 89.396156311035156 -1 213.78422546386719 82.524169921875 816 172.59516906738281 80.340316772460938 512 51.749340057373047 78.083900451660156 -1 179.45022583007812 77.04302978515625 -1 53.809047698974609 77.027565002441406 733 183.89042663574219 73.160148620605469 -1 132.18641662597656 32.960910797119141 -1 103.42195892333984 51.934150695800781 663 73.174850463867188 66.910446166992188 -1 53.809047698974609 77.027565002441406 730 51.749340057373047 78.083900451660156 -1 213.78422546386719 82.524169921875 824 166.22210693359375 89.396156311035156 -1 172.37312316894531 89.402984619140625 -1 28.539426803588867 89.781394958496094 834 25.686807632446289 91.146980285644531 -1 10.055270195007324 99.004547119140625 -1 176.13739013671875 135.8387451171875 349 132.18641662597656 32.960910797119141 -1 161.49058532714844 81.186775207519531 -1 116.87621307373047 36.737785339355469 -1 103.42195892333984 51.934150695800781 665 168.08538818359375 60.167285919189453 -1 84.478111267089844 61.239978790283203 681 73.174850463867188 66.910446166992188 -1 168.17485046386719 69.843696594238281 -1 65.0848388671875 249.45025634765625 -1 113.54494476318359 1.991568922996521 -1 43.899875640869141 203.76040649414062 479 134.49897766113281 212.27735900878906 543 125.05742645263672 190.46400451660156 -1 84.478111267089844 61.239978790283203 682 119.97926330566406 183.16305541992188 -1 46.449306488037109 204.08793640136719 -1 111.28225708007812 86.658012390136719 -1 172.17384338378906 56.733963012695312 -1 172.17384338378906 56.733963012695312 -1 172.17384338378906 56.733963012695312 -1 
132 0.99415645481453807 -0.022588646566475867 -0.088300511001787763 -0.057842165880153951 -0.64811971650442735 2.5727220925397316 1.0151337810232535 1 000131.png
94.102943420410156 114.89543151855469 -1 94.102943420410156 114.89543151855469 -1 221.03730773925781 105.00495910644531 642 30.718608856201172 120.43171691894531 495 141.61447143554688 208.93016052246094 620 67.586868286132812 220.07110595703125 672 104.49207305908203 52.744518280029297 738 185.63551330566406 60.191474914550781 -1 182.95172119140625 94.525642395019531 667 201.60134887695312 132.54344177246094 618 104.49207305908203 52.744518280029297 -1 201.60134887695312 132.54344177246094 619 187.32698059082031 110.91950988769531 622 148.03688049316406 179.87469482421875 689 187.32698059082031 110.91950988769531 624 99.410530090332031 143.43576049804688 225 160.66716003417969 136.70150756835938 600 114.18856048583984 25.141382217407227 -1 114.18856048583984 25.141382217407227 -1 118.25896453857422 233.67807006835938 157 116.51348876953125 157.82972717285156 643 104.65914154052734 90.47216796875 230 85.673507690429688 155.40849304199219 517 78.693695068359375 138.37367248535156 306 89.206764221191406 103.15396118164062 564 160.66716003417969 136.70150756835938 546 168.92190551757812 78.021659851074219 -1 133.08267211914062 240.93663024902344 536 102.00294494628906 243.48414611816406 -1 102.00294494628906 243.48414611816406 -1 168.92190551757812 78.021659851074219 -1 130.27803039550781 189.04754638671875 836 119.07350921630859 94.758804321289062 690 138.23492431640625 40.565628051757812 -1 178.67811584472656 130.82035827636719 450 81.633369445800781 119.57115936279297 239 172.2901611328125 92.065322875976562 -1 172.2901611328125 92.065322875976562 -1 71.53314208984375 104.55924224853516 237 172.2901611328125 92.065322875976562 -1 191.73054504394531 54.603992462158203 694 156.33343505859375 158.09223937988281 15 121.36232757568359 37.692096710205078 -1 178.67811584472656 130.82035827636719 25 81.633369445800781 119.57115936279297 236 166.89228820800781 117.44995880126953 326 166.89228820800781 117.44995880126953 462 89.76025390625 126.51646423339844 325 176.0540771484375 120.55813598632812 205 122.17144012451172 236.33808898925781 645 161.16011047363281 95.636543273925781 -1 211.63075256347656 88.6435546875 -1 136.02481079101562 35.00653076171875 -1 124.32556915283203 10.347816467285156 -1 161.16011047363281 95.636543273925781 -1 161.16011047363281 95.636543273925781 725 136.02481079101562 35.00653076171875 -1 122.17144012451172 236.33808898925781 646 122.67076873779297 8.0542259216308594 -1 154.62855529785156 91.0255126953125 -1 246.56782531738281 96.006996154785156 -1 9.8668680191040039 106.59303283691406 -1 156.91081237792969 78.436622619628906 -1 9.8668680191040039 106.59303283691406 763 246.56782531738281 96.006996154785156 -1 154.62855529785156 91.0255126953125 -1 154.62855529785156 91.0255126953125 -1 156.91081237792969 78.436622619628906 -1 167.94172668457031 91.202781677246094 -1 122.67076873779297 8.0542259216308594 -1 167.94172668457031 91.202781677246094 -1 166.31117248535156 35.816333770751953 -1 142.66844177246094 172.18064880371094 -1 106.73884582519531 13.598198890686035 -1 149.45205688476562 162.45140075683594 648 251.41230773925781 127.83034515380859 -1 76.053382873535156 111.66661834716797 256 76.053382873535156 111.66661834716797 463 161.8646240234375 91.279243469238281 -1 161.8646240234375 91.279243469238281 -1 76.053382873535156 111.66661834716797 259 106.73884582519531 13.598198890686035 -1 161.8646240234375 91.279243469238281 -1 181.07762145996094 44.595439910888672 -1 174.25587463378906 40.328624725341797 -1 121.57541656494141 26.413585662841797 -1 121.57541656494141 26.413585662841797 -1 96.804542541503906 156.42007446289062 711 180.13162231445312 94.310203552246094 -1 107.03408813476562 97.908973693847656 568 180.03884887695312 102.74135589599609 573 90.196342468261719 129.27072143554688 -1 137.36457824707031 185.86799621582031 696 178.37652587890625 53.593471527099609 -1 170.20768737792969 63.035194396972656 -1 106.31700897216797 67.284774780273438 -1 105.80042266845703 82.1436767578125 553 98.123390197753906 94.345458984375 554 106.31700897216797 67.284774780273438 691 90.196342468261719 129.27072143554688 -1 149.27006530761719 160.75164794921875 -1 39.292869567871094 197.71968078613281 -1 94.117210388183594 5.9907007217407227 -1 178.37652587890625 53.593471527099609 -1 98.783004760742188 59.285713195800781 -1 170.20768737792969 63.035194396972656 -1 105.80042266845703 82.1436767578125 540 110.28501892089844 84.466575622558594 626 96.480926513671875 84.779006958007812 548 172.44157409667969 88.166236877441406 -1 232.48411560058594 88.097297668457031 -1 236.94107055664062 92.246284484863281 -1 98.123390197753906 94.345458984375 550 150.079833984375 206.84284973144531 538 24.130611419677734 149.55778503417969 633 108.52938842773438 5.7635140419006348 -1 128.28286743164062 33.217464447021484 -1 129.84260559082031 203.99110412597656 470 6.0943140983581543 98.064117431640625 -1 50.338653564453125 120.18705749511719 668 143.87312316894531 210.51638793945312 469 136.79399108886719 215.23406982421875 543 218.18087768554688 128.53343200683594 528 136.72073364257812 220.07942199707031 651 218.39356994628906 92.301841735839844 871 155.0958251953125 99.327774047851562 -1 175.50303649902344 101.60823822021484 -1 163.12185668945312 117.67411041259766 -1 155.0958251953125 99.327774047851562 -1 151.57620239257812 75.622581481933594 -1 151.57620239257812 75.622581481933594 -1 163.12185668945312 117.67411041259766 -1 150.079833984375 206.84284973144531 -1 151.57620239257812 75.622581481933594 -1 229.57919311523438 79.956901550292969 -1 236.28811645507812 86.61865234375 -1 215.03463745117188 92.380226135253906 -1 6.0943140983581543 98.064117431640625 -1 125.65422821044922 239.92234802246094 -1 142.52070617675781 217.26954650878906 660 139.84638977050781 216.70564270019531 336 138.17378234863281 204.04391479492188 632 135.91798400878906 201.82656860351562 632 153.59158325195312 201.53398132324219 616 150.68756103515625 201.60832214355469 556 145.54862976074219 200.90168762207031 823 136.19747924804688 197.74540710449219 293 157.84202575683594 194.63664245605469 -1 138.90733337402344 189.56657409667969 661 162.35069274902344 187.94479370117188 615 133.91183471679688 184.5045166015625 -1 147.34814453125 164.21417236328125 -1 245.30378723144531 134.47438049316406 -1 114.59351348876953 129.17367553710938 634 14.085697174072266 124.05419921875 -1 162.98599243164062 122.02524566650391 817 143.23556518554688 119.29441070556641 -1 227.56365966796875 109.53659820556641 -1 6.5837674140930176 103.95423889160156 -1 6.0789966583251953 98.793678283691406 -1 172.3909912109375 89.382560729980469 -1 166.21665954589844 89.329544067382812 -1 216.40591430664062 87.486930847167969 886 38.002689361572266 85.973045349121094 803 216.06248474121094 82.392501831054688 816 213.11729431152344 81.833953857421875 824 103.84638977050781 52.480052947998047 663 84.495834350585938 62.092891693115234 682 73.012016296386719 67.895881652832031 -1 154.81643676757812 72.418815612792969 -1 61.828895568847656 73.75946044921875 -1 213.11729431152344 81.833953857421875 816 201.47708129882812 109.00824737548828 -1 38.002689361572266 85.973045349121094 804 166.21665954589844 89.329544067382812 -1 172.3909912109375 89.382560729980469 -1 116.84368896484375 36.744735717773438 -1 162.35069274902344 187.94479370117188 614 157.84202575683594 194.63664245605469 -1 150.68756103515625 201.60832214355469 557 153.59158325195312 201.53398132324219 617 135.91798400878906 201.82656860351562 637 139.84638977050781 216.70564270019531 523 142.52070617675781 217.26954650878906 336 128.57591247558594 36.583683013916016 -1 103.84638977050781 52.480052947998047 665 6.0789966583251953 98.793678283691406 831 168.13003540039062 60.157585144042969 -1 84.495834350585938 62.092891693115234 681 161.67578125 80.955711364746094 -1 73.012016296386719 67.895881652832031 -1 113.09251403808594 228.69418334960938 666 168.49020385742188 69.715301513671875 -1 154.81643676757812 72.418815612792969 -1 61.828895568847656 73.75946044921875 -1 113.50112915039062 2.1030488014221191 -1 216.06248474121094 82.392501831054688 824 140.46681213378906 186.26118469238281 -1 
133 0.99405803453531483 -0.021942888961514945 -0.088492135165635394 -0.059466592416553415 -0.16114332107457713 2.1812277387710188 0.6322730594845134 1 000132.png
95.413497924804688 115.65949249267578 -1 95.413497924804688 115.65949249267578 -1 222.43838500976562 101.94998931884766 642 130.04444885253906 121.04393005371094 755 130.04444885253906 121.04393005371094 -1 29.505434036254883 120.08591461181641 495 140.12065124511719 210.42019653320312 620 138.7293701171875 27.579460144042969 -1 105.27517700195312 51.415000915527344 738 185.09465026855469 58.968505859375 -1 184.39665222167969 93.658622741699219 667 105.27517700195312 51.415000915527344 -1 153.659423828125 93.1717529296875 -1 202.33541870117188 128.0535888671875 -1 100.67779541015625 142.29020690917969 225 150.21533203125 177.49501037597656 689 202.33541870117188 128.0535888671875 -1 153.659423828125 93.1717529296875 -1 114.04122161865234 25.09956169128418 -1 104.94882202148438 88.464683532714844 230 89.743766784667969 101.18331146240234 564 164.13713073730469 134.50752258300781 600 79.358955383300781 137.44850158691406 306 117.27755737304688 157.32514953613281 643 121.09584808349609 235.12991333007812 157 105.83675384521484 251.59623718261719 -1 114.04122161865234 25.09956169128418 -1 79.358955383300781 137.44850158691406 304 164.13713073730469 134.50752258300781 723 164.13713073730469 134.50752258300781 546 226.85920715332031 79.300331115722656 644 119.17853546142578 92.571502685546875 690 167.380859375 40.551799774169922 -1 159.26606750488281 156.83711242675781 15 121.28477478027344 37.757156372070312 -1 172.37046813964844 91.730354309082031 -1 71.590354919433594 102.59791564941406 237 169.14804077148438 115.29991912841797 326 82.102180480957031 117.69081115722656 239 181.55360412597656 129.05270385742188 25 133.57975769042969 189.37753295898438 836 133.57975769042969 189.37753295898438 836 172.37046813964844 91.730354309082031 -1 181.55360412597656 129.05270385742188 450 172.37046813964844 91.730354309082031 -1 146.01974487304688 181.48904418945312 -1 126.22760009765625 200.75422668457031 -1 126.22760009765625 200.75422668457031 -1 151.02986145019531 162.50192260742188 -1 161.02735900878906 96.056571960449219 -1 161.02735900878906 96.056571960449219 725 113.87276458740234 152.32498168945312 -1 124.36525726318359 10.301315307617188 -1 161.02735900878906 96.056571960449219 -1 178.59260559082031 118.48109436035156 205 90.87860107421875 124.6842041015625 325 151.02986145019531 162.50192260742188 648 124.80137634277344 237.57319641113281 646 124.80137634277344 237.57319641113281 645 7.9384222030639648 105.78511810302734 763 154.69833374023438 91.020858764648438 -1 154.69833374023438 91.020858764648438 -1 201.98858642578125 103.28610992431641 -1 7.9384222030639648 105.78511810302734 -1 122.65795135498047 7.9801898002624512 -1 122.65795135498047 7.9801898002624512 -1 156.93428039550781 78.309761047363281 -1 154.69833374023438 91.020858764648438 -1 135.44709777832031 34.271427154541016 -1 139.27256774902344 185.20506286621094 696 135.44709777832031 34.271427154541016 -1 201.98858642578125 103.28610992431641 -1 181.08029174804688 44.501075744628906 -1 36.929676055908203 89.938705444335938 521 167.82376098632812 91.029731750488281 -1 161.87541198730469 91.116859436035156 -1 76.428031921386719 109.66039276123047 463 152.40467834472656 148.75054931640625 453 76.428031921386719 109.66039276123047 256 76.428031921386719 109.66039276123047 259 161.87541198730469 91.116859436035156 -1 161.87541198730469 91.116859436035156 -1 152.40467834472656 148.75054931640625 253 159.98178100585938 99.065841674804688 -1 159.98178100585938 99.065841674804688 -1 121.57563018798828 26.437843322753906 -1 121.57563018798828 26.437843322753906 -1 98.794204711914062 92.2906494140625 554 249.70716857910156 100.83901214599609 -1 180.22161865234375 94.206657409667969 -1 133.23184204101562 232.94908142089844 504 110.26013946533203 136.27474975585938 627 77.709861755371094 156.031982421875 338 160.341552734375 163.917236328125 525 107.06444549560547 12.381868362426758 -1 128.0162353515625 33.550792694091797 -1 112.89009094238281 44.233516693115234 -1 178.36380004882812 53.584117889404297 -1 170.17674255371094 63.039279937744141 -1 182.94148254394531 70.060806274414062 -1 162.08580017089844 77.435142517089844 -1 106.48130798339844 80.129478454589844 540 97.037315368652344 82.668807983398438 548 172.51905822753906 88.112884521484375 -1 239.17764282226562 90.711524963378906 -1 98.794204711914062 92.2906494140625 550 247.36602783203125 94.24639892578125 -1 107.96517181396484 95.926589965820312 568 16.460220336914062 98.833175659179688 -1 249.70716857910156 100.83901214599609 -1 9.8483686447143555 102.63800811767578 -1 103.47265625 128.59190368652344 683 141.96682739257812 174.46492004394531 -1 133.23184204101562 232.94908142089844 505 160.341552734375 163.917236328125 530 107.06444549560547 12.381868362426758 -1 178.36380004882812 53.584117889404297 -1 170.17674255371094 63.039279937744141 -1 106.48130798339844 80.129478454589844 553 108.52802276611328 5.5494656562805176 -1 83.318527221679688 165.6185302734375 559 181.24461364746094 99.6466064453125 573 155.09701538085938 99.321243286132812 -1 3.8243305683135986 97.249114990234375 -1 151.49569702148438 75.77685546875 -1 106.39059448242188 64.948532104492188 691 132.56430053710938 204.21977233886719 470 217.22825622558594 123.23416900634766 -1 175.32817077636719 101.50520324707031 -1 98.98114013671875 53.254314422607422 -1 98.98114013671875 53.254314422607422 -1 106.39059448242188 64.948532104492188 -1 106.39059448242188 64.948532104492188 630 151.49569702148438 75.77685546875 -1 151.49569702148438 75.77685546875 -1 151.49569702148438 75.77685546875 -1 155.09701538085938 99.321243286132812 -1 181.24461364746094 99.6466064453125 571 181.64872741699219 134.22189331054688 349 170.24504089355469 180.663818359375 419 170.24504089355469 180.663818359375 -1 132.56430053710938 204.21977233886719 470 147.707763671875 210.41447448730469 611 122.31789398193359 211.13652038574219 -1 147.707763671875 210.41447448730469 469 122.31789398193359 211.13652038574219 -1 181.64872741699219 134.22189331054688 527 140.10789489746094 220.72201538085938 651 103.52462005615234 51.086402893066406 665 116.92106628417969 36.677860260009766 -1 113.48648071289062 1.9509437084197998 -1 126.83335113525391 30.667810440063477 -1 132.02723693847656 33.549629211425781 -1 103.52462005615234 51.086402893066406 663 215.52711486816406 78.943634033203125 816 218.17970275878906 79.72314453125 824 172.43968200683594 89.414268493652344 -1 120.93003082275391 208.15605163574219 -1 106.45536041259766 21.483808517456055 -1 140.40940856933594 215.611328125 543 120.93003082275391 208.15605163574219 -1 42.119777679443359 205.91865539550781 479 137.38948059082031 199.33700561523438 637 139.62564086914062 197.18040466308594 293 145.58670043945312 189.2269287109375 787 133.90156555175781 184.43380737304688 -1 147.10142517089844 166.58992004394531 -1 181.94277954101562 122.37410736083984 529 253.54435729980469 118.15510559082031 -1 172.43968200683594 89.414268493652344 -1 166.19100952148438 89.095558166503906 -1 132.02723693847656 33.549629211425781 -1 155.50418090820312 27.583742141723633 778 161.36839294433594 81.523971557617188 -1 218.17970275878906 79.72314453125 816 215.52711486816406 78.943634033203125 824 231.19070434570312 81.996383666992188 -1 172.26821899414062 56.984844207763672 -1 253.54435729980469 118.15510559082031 -1 233.83955383300781 78.143173217773438 -1 143.37252807617188 186.22610473632812 -1 
134 0.9939849762393751 -0.022186438918892562 -0.089712908459758725 -0.058764130166270148 -0.045461106344313773 2.088630404130368 0.6543773543560828 1 000133.png
95.208610534667969 115.85435485839844 -1 95.208610534667969 115.85435485839844 -1 222.42169189453125 101.60499572753906 642 129.89894104003906 120.22997283935547 755 129.89894104003906 120.22997283935547 -1 29.611120223999023 120.01689910888672 495 139.60984802246094 210.35951232910156 620 105.24044799804688 51.396202087402344 738 185.05088806152344 58.917163848876953 -1 184.56964111328125 93.548965454101562 667 105.24044799804688 51.396202087402344 -1 153.93174743652344 93.101448059082031 -1 203.20327758789062 128.76025390625 618 101.02667999267578 141.93766784667969 225 150.481201171875 177.03762817382812 689 153.93174743652344 93.101448059082031 -1 203.20327758789062 128.76025390625 619 105.06537628173828 88.154159545898438 230 89.685966491699219 100.65319061279297 564 164.57261657714844 134.3558349609375 600 79.329513549804688 137.6654052734375 306 116.77146911621094 157.05242919921875 643 121.75991058349609 235.08444213867188 157 105.90972900390625 250.89691162109375 -1 114.02626800537109 25.10163688659668 -1 164.57261657714844 134.3558349609375 546 79.329513549804688 137.6654052734375 304 164.57261657714844 134.3558349609375 446 114.02626800537109 25.10163688659668 -1 226.899169921875 79.311347961425781 644 167.64701843261719 40.677371978759766 -1 159.52665710449219 156.74000549316406 15 134.23178100585938 189.35957336425781 836 134.23178100585938 189.35957336425781 836 121.31443786621094 37.692192077636719 -1 118.98716735839844 92.03839111328125 690 172.49688720703125 91.722213745117188 -1 71.874137878417969 102.26612854003906 237 82.411346435546875 117.4644775390625 239 181.73286437988281 128.79074096679688 25 120.14715576171875 176.47807312011719 582 181.73286437988281 128.79074096679688 450 172.49688720703125 91.722213745117188 -1 172.49688720703125 91.722213745117188 -1 151.25553894042969 162.58563232421875 648 125.11408233642578 237.29403686523438 645 126.52097320556641 200.5626220703125 -1 151.25553894042969 162.58563232421875 -1 161.11468505859375 95.369186401367188 -1 161.11468505859375 95.369186401367188 725 124.41401672363281 10.380862236022949 -1 161.11468505859375 95.369186401367188 -1 178.77433776855469 117.89655303955078 205 90.920143127441406 124.62952423095703 325 126.52097320556641 200.5626220703125 -1 125.11408233642578 237.29403686523438 646 76.522445678710938 109.64015960693359 259 139.51861572265625 185.1876220703125 696 7.8817734718322754 105.43982696533203 763 156.9407958984375 78.245231628417969 -1 135.648681640625 34.266983032226562 -1 76.522445678710938 109.64015960693359 256 76.522445678710938 109.64015960693359 463 122.6717529296875 7.9793682098388672 -1 112.59951019287109 115.63277435302734 -1 122.6717529296875 7.9793682098388672 -1 46.386989593505859 123.20999145507812 596 153.74993896484375 102.04923248291016 727 7.8817734718322754 105.43982696533203 -1 116.88158416748047 212.97694396972656 -1 135.648681640625 34.266983032226562 -1 153.74993896484375 102.04923248291016 583 181.11288452148438 44.619472503662109 -1 168.75108337402344 52.441158294677734 -1 167.78033447265625 90.969871520996094 -1 152.72842407226562 148.6185302734375 453 168.75108337402344 52.441158294677734 -1 35.285739898681641 191.74314880371094 -1 142.49710083007812 173.42201232910156 -1 152.72842407226562 148.6185302734375 253 121.58662414550781 26.417407989501953 -1 121.58662414550781 26.417407989501953 -1 23.934408187866211 161.77961730957031 526 250.01631164550781 101.25677490234375 -1 172.48455810546875 88.143928527832031 -1 91.390151977539062 127.47702026367188 -1 97.122138977050781 82.113563537597656 548 108.20645904541016 95.826499938964844 568 113.88311767578125 121.94300842285156 754 140.673095703125 220.57904052734375 651 107.045166015625 12.381683349609375 -1 178.4525146484375 53.490612030029297 -1 170.15902709960938 63.071563720703125 -1 106.75845336914062 79.658027648925781 553 99.020835876464844 92.042915344238281 550 180.19276428222656 94.251991271972656 -1 78.897232055664062 97.5179443359375 -1 250.01631164550781 101.25677490234375 -1 91.390151977539062 127.47702026367188 -1 34.080406188964844 176.55223083496094 812 33.328914642333984 185.35568237304688 -1 97.122138977050781 82.113563537597656 569 107.045166015625 12.381683349609375 -1 178.4525146484375 53.490612030029297 -1 170.15902709960938 63.071563720703125 -1 106.75845336914062 79.658027648925781 540 99.020835876464844 92.042915344238281 554 68.469009399414062 95.627464294433594 701 110.42021179199219 70.202919006347656 -1 147.39591979980469 166.52693176269531 -1 132.94635009765625 204.03025817871094 470 122.33164978027344 210.4105224609375 -1 129.48345947265625 36.85858154296875 -1 140.6607666015625 215.47421264648438 543 126.30555725097656 38.498191833496094 -1 128.35861206054688 33.192245483398438 -1 108.45878601074219 5.6090817451477051 -1 163.32569885253906 75.537994384765625 -1 106.29129028320312 64.910911560058594 691 129.48345947265625 36.85858154296875 -1 126.30555725097656 38.498191833496094 -1 106.29129028320312 64.910911560058594 -1 106.29129028320312 64.910911560058594 630 110.42021179199219 70.202919006347656 735 151.48789978027344 75.850349426269531 -1 151.48789978027344 75.850349426269531 -1 151.48789978027344 75.850349426269531 -1 151.48789978027344 75.850349426269531 -1 155.12158203125 99.251739501953125 -1 132.94635009765625 204.03025817871094 470 122.33164978027344 210.4105224609375 -1 3.9350516796112061 96.890724182128906 -1 155.12158203125 99.251739501953125 -1 181.3424072265625 100.04876708984375 573 175.21786499023438 101.45430755615234 -1 154.33210754394531 72.871940612792969 -1 68.651725769042969 68.174789428710938 -1 68.651725769042969 68.174789428710938 -1 101.45793914794922 1.8144993782043457 -1 116.79924011230469 36.748798370361328 -1 155.40390014648438 27.630193710327148 778 103.42086791992188 51.034709930419922 665 68.651725769042969 68.174789428710938 -1 68.651725769042969 68.174789428710938 -1 154.33210754394531 72.871940612792969 -1 57.331512451171875 74.072364807128906 730 166.21806335449219 88.830528259277344 -1 172.42681884765625 89.370964050292969 -1 125.54859161376953 243.95843505859375 -1 121.5435791015625 208.47328186035156 -1 121.5435791015625 208.47328186035156 -1 137.66201782226562 199.33782958984375 637 139.89215087890625 197.13960266113281 293 133.948974609375 184.50032043457031 -1 148.00408935546875 170.90618896484375 821 224.68510437011719 132.01824951171875 -1 187.88224792480469 126.54963684082031 -1 75.115020751953125 117.86453247070312 731 88.224021911621094 111.58719635009766 454 4.3572239875793457 102.38072204589844 -1 21.046775817871094 91.986595153808594 832 172.42681884765625 89.370964050292969 -1 103.42086791992188 51.034709930419922 663 113.53799438476562 1.8546230792999268 -1 166.21806335449219 88.830528259277344 -1 219.41938781738281 86.69879150390625 886 231.43659973144531 82.0166015625 -1 235.82344055175781 79.535194396972656 -1 57.331512451171875 74.072364807128906 733 187.88224792480469 126.54963684082031 -1 
135 0.9939779396750692 -0.020774843200205825 -0.089963180376125301 -0.059015993645148236 -0.271736076328016 1.8833151640021135 0.62591098291509395 1 000134.png
94.862770080566406 115.12517547607422 -1 94.862770080566406 115.12517547607422 -1 221.88963317871094 101.23081207275391 642 130.15487670898438 121.94862365722656 755 130.15487670898438 121.94862365722656 -1 66.33502197265625 218.52230834960938 672 29.001625061035156 118.91040802001953 495 140.8843994140625 209.02603149414062 620 185.07330322265625 58.512496948242188 -1 203.29910278320312 127.64585113525391 618 203.29910278320312 127.64585113525391 619 184.16726684570312 93.311882019042969 667 153.60044860839844 92.873123168945312 -1 100.25814819335938 140.92886352539062 225 149.77720642089844 176.89909362792969 689 105.07567596435547 50.733863830566406 738 153.60044860839844 92.873123168945312 -1 105.07567596435547 50.733863830566406 -1 78.618415832519531 135.48487854003906 306 117.37674713134766 155.71748352050781 643 120.46089172363281 233.71240234375 157 114.00919342041016 25.141349792480469 -1 104.48838806152344 87.406051635742188 230 89.049972534179688 99.679481506347656 564 66.1290283203125 116.98317718505859 322 163.16859436035156 133.73460388183594 600 78.618415832519531 135.48487854003906 304 163.16859436035156 133.73460388183594 723 163.16859436035156 133.73460388183594 546 114.00919342041016 25.141349792480469 -1 132.0367431640625 188.88493347167969 836 147.44761657714844 180.79205322265625 -1 167.49594116210938 40.617755889892578 -1 158.59735107421875 155.63609313964844 15 132.0367431640625 188.88493347167969 836 134.25929260253906 242.09230041503906 536 168.7508544921875 114.43206787109375 326 81.672111511230469 116.34219360351562 239 180.92547607421875 128.03401184082031 25 119.06553649902344 174.98262023925781 582 172.45793151855469 91.761001586914062 -1 180.92547607421875 128.03401184082031 450 172.45793151855469 91.761001586914062 -1 121.30591583251953 37.701118469238281 -1 226.57856750488281 78.876266479492188 644 172.45793151855469 91.761001586914062 -1 71.187576293945312 101.3175048828125 237 53.798965454101562 13.140810012817383 -1 124.91487884521484 11.08501148223877 -1 124.13066101074219 236.10403442382812 645 161.11605834960938 95.442481994628906 725 161.11605834960938 95.442481994628906 -1 161.11605834960938 95.442481994628906 -1 178.27496337890625 117.39531707763672 205 90.042442321777344 123.53607177734375 325 114.47312164306641 150.28524780273438 -1 114.47312164306641 150.28524780273438 -1 124.13066101074219 236.10403442382812 646 7.4729323387145996 104.37796020507812 763 165.318603515625 104.96221160888672 -1 49.400936126708984 131.41650390625 -1 150.96180725097656 160.48477172851562 648 153.68833923339844 102.04502105712891 727 165.318603515625 104.96221160888672 764 75.912429809570312 108.43833160400391 259 7.4729323387145996 104.37796020507812 -1 153.68833923339844 102.04502105712891 583 75.912429809570312 108.43833160400391 256 75.912429809570312 108.43833160400391 463 135.35789489746094 33.792934417724609 -1 156.92514038085938 78.270965576171875 -1 46.150379180908203 121.93425750732422 596 152.09196472167969 148.014892578125 253 16.042850494384766 99.001434326171875 -1 251.129638671875 90.285720825195312 -1 18.226434707641602 149.31582641601562 -1 181.15403747558594 44.645610809326172 -1 167.73324584960938 90.839347839355469 -1 28.947929382324219 92.143135070800781 612 251.129638671875 90.285720825195312 -1 131.71511840820312 202.86759948730469 470 124.06856536865234 213.71611022949219 485 139.52333068847656 219.05563354492188 651 121.65825653076172 26.462383270263672 -1 106.09181213378906 78.789505004882812 553 98.454925537109375 91.102027893066406 554 131.71511840820312 202.86759948730469 470 182.85580444335938 70.010604858398438 -1 124.06856536865234 213.71611022949219 480 121.65825653076172 26.462383270263672 -1 112.92740631103516 44.023723602294922 -1 170.13597106933594 63.089523315429688 -1 106.09181213378906 78.789505004882812 540 96.7154541015625 81.439956665039062 548 172.47518920898438 88.245635986328125 -1 98.454925537109375 91.102027893066406 550 180.23092651367188 94.192245483398438 -1 247.62348937988281 94.176338195800781 -1 107.60552978515625 94.599311828613281 568 66.244071960449219 95.389122009277344 701 113.734619140625 122.09989929199219 -1 103.04425811767578 127.26421356201172 683 22.45570182800293 148.26432800292969 633 165.35488891601562 161.52915954589844 552 30.117641448974609 166.90432739257812 -1 87.041778564453125 169.37767028808594 -1 37.874271392822266 197.523681640625 -1 151.54463195800781 75.666244506835938 -1 77.645973205566406 155.58615112304688 338 151.54463195800781 75.666244506835938 -1 27.881757736206055 162.66941833496094 742 142.43740844726562 173.22247314453125 -1 189.82318115234375 49.498504638671875 -1 108.55729675292969 5.4912233352661133 -1 106.46982574462891 63.920169830322266 -1 181.30226135253906 121.34520721435547 529 101.6561279296875 79.113037109375 -1 234.12135314941406 85.073379516601562 -1 155.21340942382812 99.2777099609375 -1 181.1119384765625 99.660491943359375 573 175.25382995605469 101.44979095458984 -1 227.05473327636719 139.380126953125 -1 106.46982574462891 63.920169830322266 691 106.46982574462891 63.920169830322266 630 151.54463195800781 75.666244506835938 -1 151.54463195800781 75.666244506835938 -1 101.6561279296875 79.113037109375 -1 155.21340942382812 99.2777099609375 -1 181.1119384765625 99.660491943359375 571 128.35673522949219 33.148662567138672 -1 178.11080932617188 53.911891937255859 -1 94.014808654785156 58.096321105957031 -1 165.265869140625 185.64588928222656 615 133.8873291015625 184.42591857910156 -1 168.49749755859375 180.98919677734375 419 145.80113220214844 172.5364990234375 821 111.49165344238281 143.0296630859375 -1 48.246089935302734 115.00936889648438 668 76.557777404785156 110.59292602539062 -1 3.3375704288482666 96.078758239746094 -1 68.858566284179688 94.080863952636719 -1 26.13299560546875 91.037559509277344 866 172.4451904296875 89.317489624023438 -1 166.22035217285156 89.271011352539062 -1 161.39015197753906 81.209739685058594 -1 172.8572998046875 80.184158325195312 512 217.9205322265625 79.157981872558594 816 215.30690002441406 78.252853393554688 824 148.38172912597656 77.075462341308594 -1 50.882671356201172 76.122230529785156 733 181.53062438964844 72.297950744628906 -1 168.12538146972656 60.149082183837891 -1 106.38299560546875 21.424650192260742 -1 66.481170654296875 68.1483154296875 -1 66.481170654296875 68.1483154296875 631 50.882671356201172 76.122230529785156 730 215.30690002441406 78.252853393554688 816 217.9205322265625 79.157981872558594 824 166.22035217285156 89.271011352539062 -1 168.49749755859375 180.98919677734375 -1 165.265869140625 185.64588928222656 614 131.21304321289062 196.98515319824219 -1 106.38299560546875 21.424650192260742 -1 154.92176818847656 27.136579513549805 778 116.88554382324219 36.702049255371094 -1 121.2774658203125 40.608722686767578 -1 172.4451904296875 89.317489624023438 -1 103.40915679931641 50.132823944091797 665 113.36346435546875 1.9654837846755981 -1 22.669315338134766 157.09822082519531 526 138.8399658203125 195.82698059082031 293 139.5028076171875 214.27662658691406 543 131.21304321289062 196.98515319824219 -1 144.76181030273438 187.79299926757812 787 103.40915679931641 50.132823944091797 663 148.64305114746094 198.75164794921875 823 
136 0.99341856776269966 -0.010957981695080232 -0.09848125935601959 -0.057453576190949304 -0.80759570145601856 -0.1167508902613974 0.34893298324650801 1 000137.png
95.109268188476562 110.89028167724609 -1 95.109268188476562 110.89028167724609 -1 218.9241943359375 96.144309997558594 642 63.577011108398438 216.7706298828125 672 142.22257995605469 205.52825927734375 594 24.415021896362305 113.01754760742188 495 129.19375610351562 125.14418792724609 595 200.04804992675781 123.23760986328125 619 127.55142211914062 88.329376220703125 606 200.04804992675781 123.23760986328125 618 127.55142211914062 88.329376220703125 605 136.26913452148438 24.71052360534668 -1 184.56764221191406 56.925926208496094 -1 0.79823482036590576 69.529129028320312 -1 153.94123840332031 92.867225646972656 -1 95.607658386230469 131.68412780761719 225 95.353569030761719 156.19720458984375 -1 198.19264221191406 118.32474517822266 579 198.19264221191406 118.32474517822266 580 198.19264221191406 118.32474517822266 677 153.94123840332031 92.867225646972656 -1 195.07821655273438 113.34049987792969 323 99.869071960449219 171.17247009277344 -1 116.84970092773438 225.27915954589844 157 99.869071960449219 171.17247009277344 -1 73.42156982421875 125.58653259277344 304 159.88336181640625 123.43270874023438 600 159.88336181640625 123.43270874023438 546 60.725273132324219 108.02069091796875 322 159.88336181640625 123.43270874023438 723 84.74658203125 90.78363037109375 564 113.86054229736328 25.152236938476562 -1 84.74658203125 90.78363037109375 545 113.86054229736328 25.152236938476562 -1 159.88336181640625 123.43270874023438 739 195.07821655273438 113.34049987792969 447 73.42156982421875 125.58653259277344 306 170.55183410644531 41.271240234375 -1 29.233802795410156 28.847282409667969 -1 59.555625915527344 75.770492553710938 519 99.959678649902344 78.288055419921875 230 126.72255706787109 184.72764587402344 836 126.72255706787109 184.72764587402344 836 66.141532897949219 91.900238037109375 237 172.46054077148438 91.830520629882812 -1 156.074462890625 146.97714233398438 15 76.759880065917969 106.75474548339844 239 177.52830505371094 119.13348388671875 450 76.759880065917969 106.75474548339844 236 172.46054077148438 91.830520629882812 -1 172.46054077148438 91.830520629882812 -1 102.88301849365234 116.18456268310547 683 177.52830505371094 119.13348388671875 25 156.074462890625 146.97714233398438 15 126.67545318603516 13.239040374755859 -1 120.99932861328125 37.859569549560547 -1 177.52830505371094 119.13348388671875 -1 113.09654235839844 163.37101745605469 582 222.20562744140625 73.489601135253906 644 84.7926025390625 114.08716583251953 325 247.65510559082031 117.19078063964844 -1 153.96615600585938 102.27182769775391 -1 175.0916748046875 109.47526550292969 205 167.71775817871094 110.52183532714844 326 249.22979736328125 116.72479248046875 -1 70.760108947753906 99.147628784179688 463 70.760108947753906 99.147628784179688 256 167.71775817871094 110.52183532714844 462 153.96615600585938 102.27182769775391 673 154.87550354003906 91.36383056640625 -1 154.87550354003906 91.36383056640625 -1 108.31398773193359 71.266120910644531 626 156.96208190917969 78.119140625 -1 154.87550354003906 91.36383056640625 727 70.760108947753906 99.147628784179688 259 159.96917724609375 99.101463317871094 -1 181.06268310546875 44.617271423339844 -1 168.46501159667969 51.836872100830078 -1 109.01235198974609 82.745597839355469 610 167.81951904296875 90.825057983398438 -1 4.7415928840637207 93.162925720214844 -1 154.77470397949219 140.08857727050781 -1 33.303565979003906 194.659912109375 479 40.249156951904297 211.389892578125 -1 154.77470397949219 140.08857727050781 -1 167.81951904296875 90.825057983398438 -1 112.97879028320312 44.446762084960938 -1 138.1024169921875 218.03019714355469 585 251.87960815429688 115.71842956542969 -1 154.68275451660156 138.799560546875 -1 121.59095001220703 26.434001922607422 -1 121.59095001220703 26.434001922607422 -1 251.87960815429688 115.71842956542969 -1 107.74138641357422 130.58786010742188 -1 138.1024169921875 218.03019714355469 586 154.68275451660156 138.799560546875 -1 127.23307037353516 34.081180572509766 -1 113.28829956054688 98.670852661132812 -1 22.069253921508789 154.60316467285156 593 98.071128845214844 145.14979553222656 467 148.67692565917969 202.72807312011719 587 134.81956481933594 209.61990356445312 651 92.176773071289062 72.667892456054688 548 111.16306304931641 7.8134365081787109 -1 106.16370391845703 13.260001182556152 -1 172.48025512695312 88.110664367675781 -1 180.23065185546875 94.147438049316406 -1 84.419258117675781 102.54165649414062 454 97.145896911621094 69.977210998535156 588 255.83924865722656 117.9681396484375 -1 101.84068298339844 70.217788696289062 553 178.40994262695312 53.498821258544922 -1 168.02204895019531 104.42132568359375 326 43.666194915771484 107.67840576171875 668 168.02204895019531 104.42132568359375 -1 98.071128845214844 145.14979553222656 465 170.11695861816406 63.092109680175781 -1 178.40994262695312 53.498821258544922 -1 101.84068298339844 70.217788696289062 540 94.142578125 82.0357666015625 554 103.35347747802734 85.816627502441406 590 94.142578125 82.0357666015625 550 103.35347747802734 85.816627502441406 568 156.10104370117188 153.20184326171875 525 214.80171203613281 72.168350219726562 824 151.55792236328125 75.610099792480469 -1 151.55792236328125 75.610099792480469 -1 151.55792236328125 75.610099792480469 -1 81.039039611816406 158.77513122558594 559 84.550743103027344 164.53660583496094 334 156.10104370117188 153.20184326171875 530 131.02775573730469 203.08984375 459 214.80171203613281 72.168350219726562 816 148.60748291015625 23.223779678344727 825 175.18862915039062 101.37382507324219 -1 155.33332824707031 99.46380615234375 -1 186.08296203613281 139.98565673828125 -1 151.55792236328125 75.610099792480469 -1 155.33332824707031 99.46380615234375 -1 131.22593688964844 30.179706573486328 -1 16.588771820068359 141.80158996582031 526 108.68685913085938 5.0299868583679199 -1 224.09445190429688 132.02330017089844 -1 217.06477355957031 119.890625 528 163.7613525390625 113.74559783935547 817 101.74852752685547 42.926002502441406 663 83.772239685058594 51.028217315673828 682 163.7613525390625 113.74559783935547 -1 250.14338684082031 93.597877502441406 -1 247.94618225097656 91.455520629882812 -1 7.1388568878173828 86.376190185546875 -1 172.65748596191406 80.310173034667969 512 17.561178207397461 144.90486145019531 526 168.2177734375 69.845756530761719 -1 216.50154113769531 66.771675109863281 -1 193.46649169921875 60.693904876708984 -1 167.87936401367188 60.32940673828125 -1 83.772239685058594 51.028217315673828 681 101.74852752685547 42.926002502441406 665 110.46368408203125 41.023181915283203 -1 34.624885559082031 187.308837890625 -1 126.72099304199219 30.622964859008789 -1 116.83485412597656 36.741672515869141 -1 133.83489990234375 29.158327102661133 -1 
137 0.99337270205139772 -0.014015723273148562 -0.097696590277352752 -0.0589034003128397 -0.55153591905470523 0.68845710424967099 0.33192533547466746 1 000136.png
95.512596130371094 112.44017028808594 -1 95.512596130371094 112.44017028808594 -1 219.65663146972656 97.033477783203125 642 64.075370788574219 218.35433959960938 672 25.6339111328125 116.23895263671875 495 130.39173889160156 124.71015167236328 595 141.47529602050781 205.41926574707031 620 1.0430972576141357 72.421669006347656 -1 127.44255828857422 91.186241149902344 605 201.48031616210938 125.68180847167969 619 127.44255828857422 91.186241149902344 606 201.48031616210938 125.68180847167969 618 137.03683471679688 25.388034820556641 -1 184.69708251953125 57.374172210693359 -1 153.82574462890625 92.54132080078125 -1 199.71609497070312 121.19673919677734 579 97.233589172363281 135.26568603515625 225 153.82574462890625 92.54132080078125 -1 199.71609497070312 121.19673919677734 677 199.71609497070312 121.19673919677734 580 62.156700134277344 111.06632232666016 322 160.86822509765625 128.96066284179688 546 74.868576049804688 129.73077392578125 306 83.274147033691406 147.68733215332031 517 118.05792236328125 229.19921875 157 134.59422302246094 236.85691833496094 536 160.86822509765625 128.96066284179688 600 85.865455627441406 93.775161743164062 545 113.86669158935547 25.145204544067383 -1 113.86669158935547 25.145204544067383 -1 9.1988582611083984 74.475593566894531 -1 74.868576049804688 129.73077392578125 304 85.865455627441406 93.775161743164062 564 170.14610290527344 41.344223022460938 -1 156.74496459960938 149.67807006835938 15 101.37281036376953 81.355628967285156 230 156.74496459960938 149.67807006835938 15 121.11594390869141 37.781063079833984 -1 172.37350463867188 91.835113525390625 -1 67.562637329101562 95.309494018554688 237 78.237106323242188 110.35562133789062 239 87.694503784179688 116.83106994628906 325 179.07496643066406 122.47118377685547 25 128.20004272460938 186.57553100585938 836 172.37350463867188 91.835113525390625 -1 172.37350463867188 91.835113525390625 -1 78.237106323242188 110.35562133789062 236 179.07496643066406 122.47118377685547 450 128.20004272460938 186.57553100585938 836 211.49838256835938 82.028129577636719 -1 211.49838256835938 82.028129577636719 -1 247.93061828613281 120.62004852294922 -1 5.6157941818237305 99.288223266601562 763 168.02395629882812 111.77974700927734 462 50.355419158935547 8.4333724975585938 -1 223.863525390625 74.752342224121094 644 168.02395629882812 111.77974700927734 326 176.36122131347656 111.92162322998047 205 115.61328887939453 169.34202575683594 582 98.718574523925781 150.48068237304688 467 72.119468688964844 102.78306579589844 256 72.119468688964844 102.78306579589844 463 154.78048706054688 91.47943115234375 -1 154.78048706054688 91.47943115234375 -1 168.80134582519531 50.66827392578125 -1 156.94367980957031 78.158966064453125 -1 154.78048706054688 91.47943115234375 727 134.44288635253906 193.68547058105469 637 98.718574523925781 150.48068237304688 465 110.33230590820312 144.82203674316406 -1 72.119468688964844 102.78306579589844 259 181.03160095214844 44.571640014648438 -1 159.98744201660156 99.128257751464844 -1 11.628926277160645 93.840438842773438 -1 185.31158447265625 126.51060485839844 699 167.76634216308594 90.810211181640625 -1 14.242840766906738 146.853759765625 -1 163.42753601074219 156.35829162597656 552 168.6075439453125 105.99246215820312 -1 109.44580078125 85.216255187988281 610 167.76634216308594 90.810211181640625 -1 108.72743225097656 47.932731628417969 -1 108.72743225097656 47.932731628417969 -1 121.54457855224609 26.361888885498047 -1 121.54457855224609 26.361888885498047 -1 93.72674560546875 76.013679504394531 569 95.565643310546875 85.127983093261719 550 12.36737060546875 87.985641479492188 -1 104.47354125976562 88.519325256347656 590 110.93206787109375 162.4764404296875 -1 103.18637847900391 73.704597473144531 540 178.1690673828125 53.608386993408203 -1 144.41560363769531 203.41578674316406 611 92.825286865234375 80.75067138671875 -1 111.29739379882812 7.8387389183044434 -1 150.74893188476562 24.849428176879883 825 57.267532348632812 62.9459228515625 -1 170.11506652832031 63.110160827636719 -1 98.434730529785156 73.087905883789062 588 93.72674560546875 76.013679504394531 548 95.565643310546875 85.127983093261719 554 5.976132869720459 86.915420532226562 -1 12.36737060546875 87.985641479492188 -1 21.70513916015625 87.751228332519531 612 172.44316101074219 88.263465881347656 -1 104.47354125976562 88.519325256347656 568 180.23545837402344 94.091407775878906 -1 247.48983764648438 96.20758056640625 -1 164.8056640625 102.37630462646484 764 99.650314331054688 121.08073425292969 683 17.491741180419922 143.33607482910156 633 110.93206787109375 162.4764404296875 -1 146.42842102050781 171.52815246582031 -1 142.25384521484375 179.1212158203125 -1 139.68699645996094 185.56314086914062 661 144.41560363769531 203.41578674316406 469 136.40217590332031 214.37223815917969 651 103.18637847900391 73.704597473144531 553 212.90303039550781 74.743698120117188 824 148.80598449707031 28.879846572875977 -1 216.22702026367188 74.380287170410156 816 212.90303039550781 74.743698120117188 816 151.57896423339844 75.579368591308594 -1 146.56500244140625 206.25234985351562 -1 136.8990478515625 208.33140563964844 543 142.94281005859375 211.39009094238281 -1 79.10113525390625 59.679000854492188 570 151.57896423339844 75.579368591308594 -1 51.435581207275391 66.035713195800781 704 216.22702026367188 74.380287170410156 824 99.354804992675781 88.231414794921875 705 151.57896423339844 75.579368591308594 -1 151.57896423339844 75.579368591308594 -1 155.34173583984375 99.502777099609375 -1 155.34173583984375 99.502777099609375 -1 128.27130126953125 33.263858795166016 -1 126.37384033203125 30.711406707763672 -1 148.80598449707031 28.879846572875977 -1 108.245849609375 5.5825567245483398 -1 252.19256591796875 111.44231414794922 -1 163.29255676269531 180.32234191894531 614 158.71890258789062 187.56100463867188 -1 146.56500244140625 206.25234985351562 -1 252.19256591796875 111.44231414794922 -1 83.738090515136719 114.49799346923828 -1 16.849283218383789 150.50506591796875 526 78.170280456542969 117.65397644042969 399 163.29255676269531 180.32234191894531 615 214.67152404785156 117.85964202880859 -1 158.71890258789062 187.56100463867188 -1 131.63034057617188 193.00875854492188 -1 142.94281005859375 211.39009094238281 -1 175.18563842773438 101.21007537841797 -1 189.75331115722656 49.627853393554688 -1 110.38862609863281 70.421470642089844 -1 145.65992736816406 29.50163459777832 -1 142.08958435058594 30.962099075317383 -1 116.92086029052734 36.700553894042969 -1 166.18605041503906 88.7999267578125 -1 248.07379150390625 92.411575317382812 -1 106.44192504882812 17.881786346435547 -1 140.11141967773438 210.17378234863281 523 148.15838623046875 203.35787963867188 538 136.01214599609375 194.55914306640625 -1 151.30709838867188 194.26785278320312 616 155.66569519042969 192.15104675292969 -1 153.19163513183594 191.59445190429688 557 107.15826416015625 145.34352111816406 -1 108.56693267822266 140.06785583496094 -1 246.47132873535156 113.05773162841797 -1 241.2081298828125 109.66318511962891 -1 86.996284484863281 55.507183074951172 -1 251.63241577148438 95.659370422363281 -1 153.19163513183594 191.59445190429688 556 110.44538879394531 41.09246826171875 -1 95.825431823730469 45.511417388916016 -1 168.53726196289062 69.648178100585938 -1 166.18605041503906 88.7999267578125 -1 151.30709838867188 194.26785278320312 617 140.11141967773438 210.17378234863281 336 155.66569519042969 192.15104675292969 -1 146.24986267089844 20.856094360351562 -1 99.187568664550781 49.525669097900391 -1 111.60427856445312 101.9583740234375 -1 
138 0.99377680597989237 -0.018117636551864064 -0.093106555332770638 -0.058400175481275553 -0.43225908386426748 1.1416545882427833 0.41676322828185997 1 000135.png
95.533180236816406 113.51631164550781 -1 95.533180236816406 113.51631164550781 -1 220.30587768554688 97.481956481933594 642 65.001014709472656 218.82637023925781 672 26.996063232421875 117.79340362548828 495 141.34339904785156 206.93190002441406 620 183.72453308105469 92.1982421875 667 202.81224060058594 128.37640380859375 618 202.81224060058594 128.37640380859375 619 137.72392272949219 26.046560287475586 -1 184.83096313476562 57.746059417724609 -1 153.54411315917969 92.338920593261719 -1 200.62191772460938 122.40644836425781 677 98.5667724609375 137.63201904296875 225 200.62191772460938 122.40644836425781 579 153.54411315917969 92.338920593261719 -1 200.62191772460938 122.40644836425781 580 102.91843414306641 83.83612060546875 230 87.433578491210938 96.604606628417969 564 63.806941986083984 113.45738983154297 322 161.34515380859375 130.29692077636719 546 76.409805297851562 131.9862060546875 306 161.34515380859375 130.29692077636719 600 76.409805297851562 131.9862060546875 304 113.93875122070312 25.127363204956055 -1 113.93875122070312 25.127363204956055 -1 157.62388610839844 152.34518432617188 15 172.45668029785156 91.785629272460938 -1 169.31446838378906 41.420310974121094 -1 133.60115051269531 239.45657348632812 536 172.45668029785156 91.785629272460938 -1 172.45668029785156 91.785629272460938 -1 157.62388610839844 152.34518432617188 15 69.006576538085938 97.889213562011719 237 79.687187194824219 112.87907409667969 239 180.0928955078125 124.77265930175781 25 121.40737152099609 37.664375305175781 -1 180.0928955078125 124.77265930175781 450 79.687187194824219 112.87907409667969 236 135.63978576660156 195.37158203125 -1 88.086326599121094 120.18144226074219 325 104.51102447509766 123.79298400878906 683 135.63978576660156 195.37158203125 637 224.97615051269531 75.81732177734375 644 168.42901611328125 112.15365600585938 326 177.42364501953125 114.32364654541016 205 122.60060882568359 7.8655667304992676 -1 153.79258728027344 102.08413696289062 -1 73.752159118652344 105.13018035888672 259 201.84051513671875 110.93828582763672 -1 5.5417938232421875 101.65093994140625 763 122.60060882568359 7.8655667304992676 -1 154.79325866699219 91.085456848144531 -1 156.93717956542969 78.171417236328125 -1 73.752159118652344 105.13018035888672 256 73.752159118652344 105.13018035888672 463 153.79258728027344 102.08413696289062 583 5.5417938232421875 101.65093994140625 -1 154.79325866699219 91.085456848144531 -1 154.79325866699219 91.085456848144531 -1 26.632055282592773 89.637901306152344 612 33.89447021484375 86.509254455566406 521 186.2930908203125 128.75616455078125 699 164.99716186523438 102.87790679931641 764 161.98582458496094 90.924606323242188 725 160.02528381347656 99.003219604492188 -1 134.38592529296875 33.710895538330078 -1 167.73304748535156 90.786834716796875 -1 100.34468078613281 152.63235473632812 465 164.99716186523438 102.87790679931641 -1 100.34468078613281 152.63235473632812 467 161.98582458496094 90.924606323242188 -1 181.08847045898438 44.581043243408203 -1 167.73304748535156 90.786834716796875 -1 100.51792907714844 90.913551330566406 705 105.71514129638672 90.963294982910156 568 180.20635986328125 94.155540466308594 -1 248.57569885253906 97.7088623046875 -1 79.936790466308594 120.31275177001953 399 101.07210540771484 123.73056793212891 683 219.59309387207031 123.59310913085938 528 164.64268493652344 158.24676513671875 552 80.865203857421875 160.376220703125 559 27.288454055786133 164.61038208007812 -1 131.06637573242188 228.92124938964844 504 122.99461364746094 211.39218139648438 480 121.64225769042969 26.44573974609375 -1 104.55014038085938 76.037651062011719 553 94.995414733886719 78.34478759765625 569 96.829818725585938 87.534370422363281 554 248.57569885253906 97.7088623046875 -1 99.937332153320312 75.605644226074219 588 152.43978881835938 25.988975524902344 825 178.22274780273438 53.775314331054688 -1 131.06637573242188 228.92124938964844 505 86.813522338867188 108.06243133544922 454 122.99461364746094 211.39218139648438 485 121.64225769042969 26.44573974609375 -1 112.96840667724609 43.906425476074219 -1 170.11532592773438 63.122402191162109 -1 182.98257446289062 69.915054321289062 -1 104.55014038085938 76.037651062011719 540 94.995414733886719 78.34478759765625 548 96.829818725585938 87.534370422363281 550 172.46910095214844 88.194473266601562 -1 7.2054786682128906 89.624412536621094 -1 65.210182189941406 91.182708740234375 701 168.42451477050781 177.17268371582031 419 142.50146484375 173.13142395019531 -1 128.3306884765625 33.246116638183594 -1 199.08294677734375 100.54541015625 -1 130.55903625488281 199.84121704101562 470 189.78715515136719 49.538650512695312 -1 138.00967407226562 211.0579833984375 543 53.207588195800781 74.930213928222656 -1 151.49934387207031 75.768974304199219 -1 217.32902526855469 76.176162719726562 824 14.765288352966309 86.36602783203125 -1 14.20833683013916 90.074974060058594 -1 108.51537322998047 5.4169473648071289 -1 69.319633483886719 59.917755126953125 867 84.690055847167969 59.572017669677734 -1 88.95819091796875 57.515949249267578 -1 125.90090179443359 38.669212341308594 -1 19.062870025634766 144.816650390625 633 150.69697570800781 146.56391906738281 253 199.08294677734375 100.54541015625 -1 76.239044189453125 60.005844116210938 570 181.8642578125 98.540733337402344 571 125.90090179443359 38.669212341308594 -1 76.239044189453125 60.005844116210938 572 151.49934387207031 75.768974304199219 -1 151.49934387207031 75.768974304199219 -1 151.49934387207031 75.768974304199219 -1 217.32902526855469 76.176162719726562 816 155.24595642089844 99.472480773925781 -1 130.55903625488281 199.84121704101562 470 181.8642578125 98.540733337402344 573 213.79301452636719 77.354202270507812 824 155.24595642089844 99.472480773925781 -1 213.79301452636719 77.354202270507812 816 175.1680908203125 101.35021209716797 -1 53.226856231689453 68.003158569335938 704 184.66314697265625 129.43121337890625 -1 140.17091369628906 219.47442626953125 651 141.32569885253906 212.90058898925781 336 147.7008056640625 208.39686584472656 -1 149.369384765625 205.50729370117188 538 153.42210388183594 199.667236328125 617 128.06448364257812 196.14479064941406 -1 155.20037841796875 192.62089538574219 557 137.30380249023438 193.3184814453125 293 140.13441467285156 184.64607238769531 661 22.159700393676758 153.52426147460938 526 58.422374725341797 130.98358154296875 -1 253.32080078125 114.18868255615234 -1 251.25309753417969 96.076095581054688 -1 172.404296875 89.421295166015625 -1 166.235107421875 89.071937561035156 -1 23.461967468261719 88.699081420898438 866 129.16061401367188 36.630641937255859 -1 87.262001037597656 54.881977081298828 682 172.404296875 89.421295166015625 -1 116.93893432617188 36.697502136230469 -1 129.16061401367188 36.630641937255859 -1 253.32080078125 114.18868255615234 -1 155.20037841796875 192.62089538574219 556 97.190994262695312 47.376636505126953 735 141.32569885253906 212.90058898925781 523 140.17091369628906 219.47442626953125 -1 140.17091369628906 219.47442626953125 -1 87.262001037597656 54.881977081298828 681 79.577827453613281 55.388893127441406 -1 172.32814025878906 57.07574462890625 -1 75.033073425292969 57.7938232421875 -1 126.88784027099609 30.706024169921875 -1 107.05751037597656 59.060558319091797 630 153.42210388183594 199.667236328125 616 168.11912536621094 60.177021026611328 -1 47.688064575195312 76.821372985839844 -1 41.834445953369141 79.981979370117188 -1 173.04304504394531 79.947341918945312 512 239.92521667480469 82.182579040527344 -1 72.462654113769531 58.965362548828125 -1 72.472663879394531 113.95185089111328 731 61.985431671142578 252.40499877929688 -1 125.92664337158203 238.09202575683594 -1 253.32080078125 114.18868255615234 -1 121.21661376953125 40.59844970703125 -1 
139 0.99338569147842759 -0.014549990921376684 -0.093450575363845698 -0.06511647790137487 -0.032336128094609035 -0.022402422840562805 -0.084852503815371225 1 000141.png
95.811279296875 112.81156921386719 -1 95.811279296875 112.81156921386719 -1 64.803108215332031 218.6468505859375 672 106.04138946533203 188.56639099121094 460 219.40141296386719 90.973457336425781 445 25.344816207885742 114.48368072509766 495 142.11769104003906 204.30606079101562 620 151.45199584960938 173.67234802246094 689 204.51921081542969 121.62772369384766 618 204.51921081542969 121.62772369384766 619 136.728759765625 25.132400512695312 -1 184.22201538085938 56.990730285644531 -1 153.36976623535156 92.648544311523438 -1 75.8026123046875 126.79311370849609 306 99.345573425292969 132.78085327148438 225 2.065636157989502 71.205001831054688 -1 75.8026123046875 126.79311370849609 304 153.36976623535156 92.648544311523438 -1 63.231971740722656 109.60507202148438 322 102.92279815673828 78.704376220703125 230 87.165397644042969 91.326118469238281 545 113.80952453613281 25.192216873168945 -1 199.39620971679688 113.2396240234375 447 85.227340698242188 145.64970397949219 517 122.38939666748047 229.11734008789062 157 85.227340698242188 145.64970397949219 518 199.39620971679688 113.2396240234375 323 87.165397644042969 91.326118469238281 564 113.80952453613281 25.192216873168945 -1 160.49232482910156 146.74034118652344 15 30.384881973266602 29.572612762451172 -1 171.64013671875 42.730319976806641 -1 160.49232482910156 146.74034118652344 15 173.03244018554688 91.610420227050781 -1 60.559589385986328 77.09344482421875 519 173.03244018554688 91.610420227050781 -1 159.52880859375 111.26975250244141 547 159.52880859375 111.26975250244141 520 182.82315063476562 118.98589324951172 450 79.493125915527344 107.71112823486328 239 121.18479919433594 37.761508941650391 -1 182.82315063476562 118.98589324951172 25 68.388420104980469 92.651863098144531 237 170.27557373046875 106.77977752685547 326 179.97828674316406 108.89434814453125 205 206.11920166015625 62.199066162109375 -1 171.72708129882812 40.624469757080078 -1 154.93724060058594 91.32977294921875 -1 154.93724060058594 91.32977294921875 -1 154.01223754882812 102.07485961914062 673 203.77316284179688 106.13402557373047 511 153.43235778808594 152.2447509765625 648 156.97531127929688 77.836326599121094 -1 154.93724060058594 91.32977294921875 727 73.211082458496094 100.05146026611328 259 154.01223754882812 102.07485961914062 -1 73.211082458496094 100.05146026611328 256 73.211082458496094 100.05146026611328 463 160.01907348632812 99.090217590332031 -1 167.63839721679688 90.600021362304688 -1 181.06837463378906 44.601055145263672 -1 160.01907348632812 99.090217590332031 -1 167.63839721679688 90.600021362304688 -1 96.798683166503906 82.441024780273438 550 85.434791564941406 161.07022094726562 -1 201.30734252929688 95.582427978515625 -1 96.798683166503906 82.441024780273438 554 149.2086181640625 201.91023254394531 469 106.25086975097656 12.555490493774414 -1 109.23690032958984 34.844314575195312 -1 121.64236450195312 26.463346481323242 -1 170.04820251464844 63.165637969970703 -1 104.61741638183594 70.663108825683594 540 109.56875610351562 71.758720397949219 626 110.19297790527344 82.356208801269531 610 106.28229522705078 85.883529663085938 568 172.52754211425781 87.9599609375 -1 180.30284118652344 94.10125732421875 -1 164.89312744140625 102.15657043457031 -1 102.22991180419922 118.46680450439453 683 133.08206176757812 187.95796203613281 836 149.2086181640625 201.91023254394531 611 141.78604125976562 212.63778686523438 651 109.23690032958984 34.844314575195312 -1 121.64236450195312 26.463346481323242 -1 104.61741638183594 70.663108825683594 553 94.651618957519531 72.835472106933594 548 106.28229522705078 85.883529663085938 590 180.30284118652344 94.10125732421875 -1 164.89312744140625 102.15657043457031 -1 149.17861938476562 23.766971588134766 825 126.25571441650391 38.603424072265625 746 133.68855285644531 195.3997802734375 470 142.15440368652344 207.12286376953125 543 151.52915954589844 75.666313171386719 -1 155.31851196289062 99.309417724609375 -1 12.949974060058594 141.50514221191406 -1 28.39671516418457 178.53237915039062 751 159.09939575195312 138.20465087890625 -1 126.25571441650391 38.603424072265625 752 159.09939575195312 138.20465087890625 -1 151.52915954589844 75.666313171386719 -1 151.52915954589844 75.666313171386719 -1 151.52915954589844 75.666313171386719 -1 169.08113098144531 96.169486999511719 -1 155.31851196289062 99.309417724609375 -1 171.21455383300781 172.80958557128906 753 92.642318725585938 11.137696266174316 -1 107.98207092285156 5.6989226341247559 -1 171.21455383300781 172.80958557128906 -1 140.56190490722656 188.49560546875 637 216.76927185058594 68.119674682617188 816 133.94914245605469 184.59072875976562 -1 147.41500854492188 164.0711669921875 821 16.491323471069336 149.31913757324219 526 182.91581726074219 112.35365295410156 529 243.33955383300781 104.05028533935547 -1 172.38978576660156 89.425033569335938 -1 166.23551940917969 89.185783386230469 -1 154.39317321777344 72.801681518554688 -1 181.92333984375 72.027778625488281 -1 172.32313537597656 57.119522094726562 -1 116.84172821044922 36.731838226318359 -1 126.76393890380859 30.772027969360352 -1 133.94914245605469 184.59072875976562 -1 148.2681884765625 76.633796691894531 -1 154.12472534179688 76.824462890625 -1 154.39317321777344 72.801681518554688 -1 154.12472534179688 76.824462890625 -1 137.70950317382812 205.93785095214844 459 172.38978576660156 89.425033569335938 -1 145.90766906738281 113.409912109375 -1 194.04754638671875 60.177173614501953 -1 107.87706756591797 20.359275817871094 754 
140 0.99353621945567805 -0.014911744178897667 -0.093137027977078762 -0.063157854102708091 -0.17362845124791221 -0.045216212553450055 -0.047901680375158941 1 000140.png
95.615028381347656 112.60772705078125 -1 95.615028381347656 112.60772705078125 -1 64.557533264160156 218.51318359375 672 106.03404998779297 188.53337097167969 460 218.69688415527344 90.628868103027344 445 25.118007659912109 114.38147735595703 495 142.209228515625 204.23564147949219 620 204.21206665039062 122.83129119873047 618 204.21206665039062 122.83129119873047 619 136.69869995117188 25.16179084777832 -1 184.23594665527344 57.025901794433594 -1 2.1570031642913818 71.518775939941406 -1 153.47834777832031 92.528106689453125 -1 98.889572143554688 132.88726806640625 225 153.47834777832031 92.528106689453125 -1 86.93658447265625 91.666542053222656 545 191.23081970214844 103.92060089111328 622 62.774154663085938 109.52072143554688 322 199.15287780761719 113.30062103271484 447 84.862739562988281 145.74813842773438 517 121.73918151855469 228.97892761230469 157 113.80713653564453 25.193868637084961 -1 86.93658447265625 91.666542053222656 564 84.862739562988281 145.74813842773438 518 199.15287780761719 113.30062103271484 323 113.80713653564453 25.193868637084961 -1 102.58309936523438 78.792579650878906 230 30.043262481689453 29.794095993041992 -1 60.360408782958984 77.197891235351562 519 170.77873229980469 76.257598876953125 -1 172.93978881835938 91.598648071289062 -1 159.15362548828125 110.89544677734375 547 159.85264587402344 146.87699890136719 15 170.77873229980469 76.257598876953125 -1 172.93978881835938 91.598648071289062 -1 159.15362548828125 110.89544677734375 520 159.85264587402344 146.87699890136719 15 135.48713684082031 238.36477661132812 536 121.17717742919922 37.770862579345703 -1 171.45457458496094 41.261074066162109 -1 68.1070556640625 92.75750732421875 237 79.153633117675781 107.77529907226562 239 88.77239990234375 114.31912231445312 325 182.26307678222656 119.13223266601562 25 182.26307678222656 119.13223266601562 450 49.704460144042969 5.8037052154541016 -1 206.07550048828125 62.141983032226562 -1 169.94189453125 106.93678283691406 326 179.2667236328125 109.06237030029297 205 73.074623107910156 99.909202575683594 259 154.93876647949219 91.200180053710938 727 156.98686218261719 77.835762023925781 -1 224.97314453125 74.590888977050781 644 73.074623107910156 99.909202575683594 256 73.074623107910156 99.909202575683594 463 154.93876647949219 91.200180053710938 -1 154.93876647949219 91.200180053710938 -1 168.57366943359375 52.021800994873047 -1 132.04736328125 187.65731811523438 836 115.76668548583984 166.89033508300781 582 159.98689270019531 99.130462646484375 -1 167.61611938476562 90.531929016113281 -1 159.98689270019531 99.130462646484375 -1 167.61611938476562 90.531929016113281 -1 109.42855072021484 71.513397216796875 626 31.852642059326172 82.521339416503906 521 181.09027099609375 44.551769256591797 -1 87.608047485351562 165.83114624023438 334 148.60391235351562 201.86146545410156 611 125.38539123535156 207.20582580566406 480 121.65026092529297 26.441066741943359 -1 104.18960571289062 70.629501342773438 553 96.493675231933594 82.646659851074219 554 105.85355377197266 85.950996398925781 590 180.26780700683594 94.101669311523438 -1 164.85063171386719 102.230224609375 -1 104.18960571289062 70.629501342773438 540 125.38539123535156 207.20582580566406 485 121.65026092529297 26.441066741943359 -1 170.01580810546875 63.199600219726562 -1 183.00328063964844 69.919326782226562 -1 94.560638427734375 73.076553344726562 548 110.12760925292969 82.408843994140625 610 96.493675231933594 82.646659851074219 550 105.85355377197266 85.950996398925781 568 172.46858215332031 88.084968566894531 -1 180.26780700683594 94.101669311523438 -1 164.85063171386719 102.230224609375 -1 102.11527252197266 118.79811096191406 683 95.345458984375 144.91268920898438 711 67.259864807128906 154.49388122558594 558 80.838050842285156 155.73457336425781 559 21.803024291992188 164.46743774414062 593 236.00694274902344 135.74252319335938 -1 171.12879943847656 172.01797485351562 419 216.12223815917969 68.726898193359375 816 127.6307373046875 33.695781707763672 -1 132.99446105957031 195.33917236328125 470 141.17364501953125 207.10153198242188 543 108.04622650146484 5.6245808601379395 -1 106.621826171875 12.114145278930664 -1 236.00694274902344 135.74252319335938 -1 151.51072692871094 75.750213623046875 -1 151.51072692871094 75.750213623046875 -1 151.51072692871094 75.750213623046875 -1 4.1416425704956055 89.97607421875 -1 155.32402038574219 99.446952819824219 -1 178.12638854980469 53.855422973632812 -1 151.51072692871094 75.750213623046875 -1 4.1416425704956055 89.97607421875 -1 155.32402038574219 99.446952819824219 -1 86.518966674804688 103.24884796142578 454 144.3875732421875 208.70610046386719 523 149.396240234375 23.583892822265625 825 138.93743896484375 203.70193481445312 -1 142.00538635253906 194.71435546875 524 137.81550598144531 190.24565124511719 637 157.60917663574219 189.09320068359375 557 161.32783508300781 154.82440185546875 525 14.975964546203613 146.10377502441406 526 17.504856109619141 144.98893737792969 526 158.73452758789062 137.99766540527344 -1 182.60798645019531 124.90749359130859 527 221.086181640625 119.46355438232422 528 7.9704360961914062 88.214485168457031 -1 182.57997131347656 112.62800598144531 529 245.68449401855469 106.35838317871094 -1 240.79133605957031 105.85608673095703 -1 175.34455871582031 100.84773254394531 -1 183.44914245605469 94.425811767578125 573 102.38468170166016 43.9383544921875 663 183.44914245605469 94.425811767578125 571 182.60798645019531 124.90749359130859 349 158.73452758789062 137.99766540527344 -1 161.32783508300781 154.82440185546875 530 157.60917663574219 189.09320068359375 556 116.91178131103516 36.720539093017578 -1 102.38468170166016 43.9383544921875 665 168.15756225585938 69.834312438964844 -1 218.54035949707031 71.127777099609375 816 216.90974426269531 77.234725952148438 886 220.81161499023438 80.509521484375 -1 167.0103759765625 177.96786499023438 614 142.00538635253906 194.71435546875 632 225.063232421875 86.762725830078125 700 7.9704360961914062 88.214485168457031 -1 166.21063232421875 89.001731872558594 -1 167.0103759765625 177.96786499023438 615 140.27256774902344 188.05250549316406 637 144.3875732421875 208.70610046386719 336 185.74703979492188 113.80167388916016 -1 148.33966064453125 193.79185485839844 823 148.33966064453125 193.79185485839844 823 225.11274719238281 90.562599182128906 -1 185.74703979492188 113.80167388916016 -1 
141 0.99332851094407371 -0.010891886867023101 -0.098877445782185713 -0.058335982563904654 -0.70363117291230104 -0.034356052331013971 0.28300100110987791 1 000138.png
95.217262268066406 111.10642242431641 -1 95.217262268066406 111.10642242431641 -1 219.05509948730469 96.039100646972656 642 63.521583557128906 216.72380065917969 672 142.00999450683594 205.30882263183594 620 24.524837493896484 113.24460601806641 495 129.31788635253906 124.98192596435547 595 127.52460479736328 88.201484680175781 605 200.50592041015625 123.97303009033203 619 127.52460479736328 88.201484680175781 606 200.50592041015625 123.97303009033203 618 136.34677124023438 24.778085708618164 -1 184.57080078125 56.966888427734375 -1 153.90199279785156 92.835609436035156 -1 95.18511962890625 156.455322265625 -1 95.86444091796875 132.03826904296875 225 153.90199279785156 92.835609436035156 -1 85.041252136230469 91.091285705566406 564 195.43461608886719 113.53153991699219 323 160.17292785644531 124.05013275146484 600 73.118293762207031 126.01425933837891 304 99.838813781738281 171.27877807617188 -1 160.17292785644531 124.05013275146484 739 113.84423065185547 25.130773544311523 -1 104.57546997070312 151.24163818359375 -1 99.838813781738281 171.27877807617188 -1 85.041252136230469 91.091285705566406 545 60.942211151123047 108.33568572998047 322 195.43461608886719 113.53153991699219 447 160.17292785644531 124.05013275146484 546 73.118293762207031 126.01425933837891 306 133.61941528320312 233.35040283203125 536 113.84423065185547 25.130773544311523 -1 170.56631469726562 41.227039337158203 -1 127.08975982666016 184.99192810058594 836 127.08975982666016 184.99192810058594 836 100.26052093505859 78.628852844238281 230 29.288057327270508 29.390031814575195 -1 121.04290771484375 37.807586669921875 -1 66.332786560058594 92.216835021972656 237 172.49375915527344 91.840660095214844 -1 76.968734741210938 107.13938903808594 239 103.33419799804688 116.84404754638672 683 177.93876647949219 119.34546661376953 25 177.93876647949219 119.34546661376953 -1 156.31483459472656 147.2080078125 15 177.93876647949219 119.34546661376953 450 172.49375915527344 91.840660095214844 -1 172.49375915527344 91.840660095214844 -1 156.31483459472656 147.2080078125 15 76.968734741210938 107.13938903808594 236 222.47140502929688 73.53948974609375 644 85.542732238769531 114.05721282958984 325 248.29823303222656 117.36563873291016 -1 113.32930755615234 164.074951171875 582 153.99140930175781 102.14665985107422 673 154.828369140625 91.062324523925781 -1 154.828369140625 91.062324523925781 -1 167.79608154296875 110.33902740478516 326 175.55247497558594 109.93513488769531 205 40.371082305908203 113.611328125 596 156.97431945800781 78.091468811035156 -1 154.828369140625 91.062324523925781 727 153.99140930175781 102.14665985107422 -1 108.40432739257812 71.557403564453125 626 167.79608154296875 110.33902740478516 462 138.07565307617188 219.24266052246094 585 154.8245849609375 140.08662414550781 -1 70.977188110351562 99.450523376464844 256 70.977188110351562 99.450523376464844 463 167.82914733886719 90.914947509765625 -1 138.07565307617188 219.24266052246094 586 34.789718627929688 185.64280700683594 -1 154.8245849609375 140.08662414550781 -1 159.97026062011719 98.992118835449219 -1 70.977188110351562 99.450523376464844 259 167.82914733886719 90.914947509765625 -1 109.05384063720703 82.913291931152344 610 168.71324157714844 51.957298278808594 -1 181.03005981445312 44.568386077880859 -1 121.58701324462891 26.394495010375977 -1 121.58701324462891 26.394495010375977 -1 94.285934448242188 82.3828125 554 94.285934448242188 82.3828125 550 149.388671875 203.36927795410156 329 111.175537109375 7.8126635551452637 -1 170.14407348632812 63.057621002197266 -1 101.94439697265625 70.450973510742188 553 92.458511352539062 73.065345764160156 548 103.58377075195312 85.982391357421875 568 172.44429016113281 88.104095458984375 -1 180.21817016601562 94.115142822265625 -1 197.77476501464844 96.109619140625 597 164.72782897949219 102.44174194335938 -1 164.72782897949219 102.44174194335938 -1 252.342529296875 115.91666412353516 -1 217.47482299804688 119.51426696777344 528 105.67887878417969 125.54585266113281 627 71.575607299804688 144.066162109375 338 32.073715209960938 179.3856201171875 -1 149.388671875 203.36927795410156 587 101.94439697265625 70.450973510742188 540 168.08729553222656 104.60337066650391 326 103.58377075195312 85.982391357421875 590 197.77476501464844 96.109619140625 -1 168.08729553222656 104.60337066650391 -1 252.342529296875 115.91666412353516 -1 35.598751068115234 190.03253173828125 -1 134.25079345703125 190.68324279785156 637 155.34367370605469 99.510505676269531 -1 170.75959777832031 164.15748596191406 815 143.80357360839844 198.989013671875 469 138.58482360839844 199.52226257324219 620 151.56013488769531 75.638954162597656 -1 215.08045959472656 72.294586181640625 816 124.14241790771484 39.781806945800781 746 106.09916687011719 17.519935607910156 -1 108.01128387451172 5.6707868576049805 -1 57.060722351074219 241.96824645996094 -1 134.21798706054688 222.23452758789062 -1 178.14682006835938 124.79773712158203 349 134.21798706054688 222.23452758789062 -1 106.09916687011719 17.519935607910156 -1 124.14241790771484 39.781806945800781 752 215.08045959472656 72.294586181640625 824 178.14682006835938 124.79773712158203 527 151.56013488769531 75.638954162597656 -1 151.56013488769531 75.638954162597656 -1 151.56013488769531 75.638954162597656 -1 155.34367370605469 99.510505676269531 -1 143.80357360839844 198.989013671875 538 143.80357360839844 198.989013671875 611 68.515449523925781 58.263805389404297 -1 23.413755416870117 158.91029357910156 599 175.13728332519531 101.33553314208984 -1 140.667724609375 183.20294189453125 661 170.75959777832031 164.15748596191406 -1 131.52116394042969 203.20295715332031 459 68.515449523925781 58.263805389404297 631 138.85836791992188 206.50074768066406 523 143.04148864746094 191.71537780761719 823 140.33433532714844 176.7354736328125 -1 14.994075775146484 145.25311279296875 526 143.27322387695312 119.26351928710938 -1 251.2764892578125 109.51111602783203 -1 92.553062438964844 77.710716247558594 -1 211.99143981933594 70.535018920898438 816 193.87965393066406 60.202106475830078 -1 102.01167297363281 43.094680786132812 665 110.47708129882812 41.028877258300781 -1 116.82984924316406 36.749774932861328 -1 132.21452331542969 32.858970642089844 -1 134.53120422363281 29.173652648925781 -1 216.76266479492188 66.901260375976562 -1 143.04148864746094 191.71537780761719 823 138.85836791992188 206.50074768066406 336 134.53120422363281 29.173652648925781 -1 148.87197875976562 23.406299591064453 825 131.43693542480469 30.372585296630859 -1 136.01956176757812 204.60665893554688 543 132.21452331542969 32.858970642089844 -1 102.01167297363281 43.094680786132812 663 163.864501953125 113.93145751953125 817 126.70502471923828 30.748420715332031 -1 211.99143981933594 70.535018920898438 824 145.23257446289062 189.04486083984375 823 172.84791564941406 80.275352478027344 512 145.23257446289062 189.04486083984375 -1 
142 0.99362806856541697 -0.012079393358218993 -0.094174125112740939 -0.060733712008295103 -0.58735091783370819 0.11305923759403314 0.06547768907796829 1 000139.png
95.406494140625 111.91445159912109 -1 95.406494140625 111.91445159912109 -1 63.694858551025391 217.98741149902344 672 106.07183074951172 188.00100708007812 460 218.77201843261719 92.8670654296875 445 24.508840560913086 114.24717712402344 495 129.60140991210938 123.85768127441406 595 142.03370666503906 204.64375305175781 620 127.36841583251953 88.911689758300781 605 127.36841583251953 88.911689758300781 606 136.57771301269531 25.038480758666992 -1 184.41989135742188 56.994838714599609 -1 74.455169677734375 73.049240112304688 -1 153.93763732910156 92.793716430664062 -1 96.884841918945312 132.66938781738281 225 153.93763732910156 92.793716430664062 -1 73.711463928222656 126.93379211425781 306 73.711463928222656 126.93379211425781 304 113.82841491699219 25.163564682006836 -1 113.82841491699219 25.163564682006836 -1 85.342292785644531 91.396987915039062 545 190.03994750976562 106.01490783691406 622 61.473014831542969 109.07963562011719 322 161.3284912109375 123.80122375488281 546 118.6632080078125 227.69160461425781 157 135.20327758789062 235.4046630859375 536 161.3284912109375 123.80122375488281 600 190.03994750976562 106.01490783691406 624 190.03994750976562 106.01490783691406 623 85.342292785644531 91.396987915039062 564 157.45199584960938 147.06587219238281 15 172.51739501953125 91.762741088867188 -1 29.43144416809082 29.607856750488281 -1 170.67959594726562 76.327224731445312 -1 100.86405944824219 78.890953063964844 230 170.67959594726562 76.327224731445312 -1 157.45199584960938 147.06587219238281 15 170.67959594726562 76.327224731445312 -1 172.51739501953125 91.762741088867188 -1 121.05091857910156 37.830726623535156 -1 171.1163330078125 41.250118255615234 -1 66.85650634765625 92.714988708496094 237 77.578170776367188 107.67778778076172 239 126.68410491943359 13.273880958557129 -1 179.58807373046875 119.56640625 25 158.31201171875 110.21583557128906 520 103.76683807373047 117.83905792236328 683 158.31201171875 110.21583557128906 547 179.58807373046875 119.56640625 450 77.578170776367188 107.67778778076172 236 248.29270935058594 117.57554626464844 -1 223.68037414550781 74.167747497558594 644 176.76918029785156 109.47906494140625 205 129.03042602539062 186.1929931640625 836 129.03042602539062 186.1929931640625 836 243.06684875488281 133.34663391113281 -1 114.36981964111328 165.89105224609375 582 135.32865905761719 191.85464477539062 637 168.46870422363281 109.05348968505859 462 71.551475524902344 100.01149749755859 256 71.551475524902344 100.01149749755859 463 154.896484375 91.330154418945312 -1 154.896484375 91.330154418945312 -1 168.8370361328125 51.268802642822266 -1 168.8370361328125 51.268802642822266 -1 156.97555541992188 77.885993957519531 -1 71.551475524902344 100.01149749755859 259 154.896484375 91.330154418945312 727 168.8370361328125 51.268802642822266 -1 168.46870422363281 109.05348968505859 326 40.578804016113281 114.26565551757812 596 172.10870361328125 165.67579650878906 -1 30.605100631713867 82.478813171386719 521 108.80855560302734 71.924423217773438 626 181.07716369628906 44.562824249267578 -1 159.97213745117188 99.162551879882812 -1 167.70552062988281 90.685371398925781 -1 167.70552062988281 90.685371398925781 -1 109.31587219238281 83.292655944824219 610 172.10870361328125 165.67579650878906 815 147.13604736328125 169.38333129882812 -1 93.288154602050781 176.55982971191406 666 121.57814788818359 26.393289566040039 -1 121.57814788818359 26.393289566040039 -1 127.27126312255859 33.989444732666016 -1 145.44412231445312 200.77839660644531 538 92.952247619628906 73.118133544921875 548 215.66978454589844 115.93674468994141 -1 142.24787902832031 172.92822265625 -1 112.94071960449219 43.957649230957031 -1 170.07122802734375 63.152519226074219 -1 102.81711578369141 70.762214660644531 540 95.016143798828125 82.74017333984375 550 104.38803863525391 86.392463684082031 568 172.46949768066406 88.188583374023438 -1 180.23110961914062 94.071640014648438 -1 163.5885009765625 112.87354278564453 817 72.789260864257812 145.681884765625 338 164.09417724609375 152.5946044921875 552 17.305362701416016 153.8585205078125 -1 168.39338684082031 171.65179443359375 419 145.44412231445312 200.77839660644531 469 137.31390380859375 211.75637817382812 651 102.81711578369141 70.762214660644531 553 95.016143798828125 82.74017333984375 554 104.38803863525391 86.392463684082031 590 145.44412231445312 200.77839660644531 611 216.60528564453125 71.704460144042969 816 126.45360565185547 30.713933944702148 -1 151.56130981445312 75.62908935546875 -1 110.64434051513672 78.392189025878906 -1 155.34046936035156 99.406990051269531 -1 172.82357788085938 105.52001190185547 471 122.79136657714844 40.151515960693359 746 113.82528686523438 118.10910034179688 634 179.89569091796875 124.76338958740234 527 108.95455932617188 137.01663208007812 -1 178.06880187988281 53.780704498291016 -1 143.42196655273438 176.64614868164062 -1 164.3958740234375 177.36988830566406 615 145.43568420410156 161.22406005859375 821 179.89569091796875 124.76338958740234 349 143.87152099609375 19.749244689941406 -1 122.79136657714844 40.151515960693359 752 151.56130981445312 75.62908935546875 -1 151.56130981445312 75.62908935546875 -1 151.56130981445312 75.62908935546875 -1 155.34046936035156 99.406990051269531 -1 164.3958740234375 177.36988830566406 614 141.12086486816406 212.774169921875 -1 137.73060607910156 205.984619140625 543 141.12086486816406 212.774169921875 336 107.92901611328125 5.7807903289794922 -1 23.123615264892578 159.92808532714844 599 21.474094390869141 156.06645202636719 -1 17.590114593505859 146.63800048828125 526 14.569632530212402 145.69584655761719 526 152.61236572265625 138.28358459472656 253 222.355224609375 124.14414978027344 -1 135.42897033691406 29.345346450805664 -1 172.35986328125 89.436203002929688 -1 95.102180480957031 79.978141784667969 -1 172.33071899414062 57.097545623779297 -1 102.36397552490234 43.624008178710938 665 116.8580322265625 36.751544952392578 -1 119.61345672607422 34.986667633056641 -1 135.42897033691406 29.345346450805664 -1 102.36397552490234 43.624008178710938 663 253.14939880371094 109.31661987304688 -1 253.14939880371094 109.31661987304688 -1 140.9107666015625 207.81709289550781 336 140.34979248046875 183.20236206054688 661 143.20387268066406 209.4364013671875 660 140.9107666015625 207.81709289550781 523 133.40481567382812 204.71189880371094 459 135.59422302246094 202.64483642578125 -1 152.14512634277344 191.86199951171875 557 139.05670166015625 194.38197326660156 -1 152.14512634277344 191.86199951171875 556 149.39080810546875 23.675140380859375 825 136.62930297851562 192.01683044433594 637 147.20518493652344 190.376220703125 823 253.14939880371094 109.31661987304688 -1 175.19804382324219 101.24298858642578 -1 172.35986328125 89.436203002929688 -1 156.39190673828125 189.41043090820312 635 136.86166381835938 218.75143432617188 -1 154.17843627929688 188.9591064453125 556 136.86166381835938 218.75143432617188 -1 156.39190673828125 189.41043090820312 636 154.17843627929688 188.9591064453125 557 
143 0.99460576958795055 -0.016889935358377003 -0.086844740869558623 -0.05414872269269104 -0.026612829069093808 -0.52464164993527085 -0.15888008644628371 1 000143.png
96.382949829101562 112.18451690673828 -1 96.382949829101562 112.18451690673828 -1 65.544609069824219 217.78482055664062 672 106.1041259765625 187.56951904296875 460 221.45472717285156 91.246971130371094 445 27.338741302490234 111.01392364501953 495 143.20448303222656 203.44355773925781 620 186.52627563476562 90.501541137695312 535 137.09043884277344 25.48138427734375 -1 184.19400024414062 57.221355438232422 -1 77.226242065429688 125.04150390625 306 100.61714935302734 130.93336486816406 225 153.41874694824219 92.994682312011719 -1 153.41874694824219 92.994682312011719 -1 77.226242065429688 125.04150390625 304 126.77880859375 181.98133850097656 430 138.34527587890625 236.68943786621094 536 202.51052856445312 114.46319580078125 323 166.12185668945312 123.52960968017578 546 86.123382568359375 143.34687805175781 518 114.00880432128906 25.285680770874023 -1 114.00880432128906 25.285680770874023 -1 166.12185668945312 123.52960968017578 739 202.51052856445312 114.46319580078125 447 11.705910682678223 69.832176208496094 -1 104.38235473632812 76.955131530761719 230 88.502609252929688 89.347938537597656 545 65.030181884765625 106.98908996582031 322 166.12185668945312 123.52960968017578 600 86.123382568359375 143.34687805175781 517 121.83369445800781 228.28581237792969 157 172.722900390625 91.867851257324219 -1 167.8089599609375 179.76969909667969 -1 161.7745361328125 146.76565551757812 15 172.722900390625 91.867851257324219 -1 161.7745361328125 146.76565551757812 15 33.664821624755859 26.861518859863281 -1 121.21483612060547 37.698032379150391 -1 70.310447692871094 90.320213317871094 237 8.6877737045288086 96.423393249511719 -1 81.090545654296875 105.48487091064453 239 184.96290588378906 119.30768585205078 25 184.96290588378906 119.30768585205078 450 90.138145446777344 112.61332702636719 325 8.6877737045288086 96.423393249511719 -1 81.090545654296875 105.48487091064453 236 171.59591674804688 106.53966522216797 326 6.7299957275390625 95.172149658203125 763 171.63467407226562 40.536338806152344 -1 74.949928283691406 97.735221862792969 256 74.949928283691406 97.735221862792969 463 154.87039184570312 91.336441040039062 -1 154.87039184570312 91.336441040039062 -1 229.32405090332031 77.154266357421875 644 154.87039184570312 91.336441040039062 727 74.949928283691406 97.735221862792969 259 182.30799865722656 109.93988037109375 205 43.647476196289062 112.45440673828125 -1 156.96328735351562 77.881584167480469 -1 103.58854675292969 145.65185546875 465 103.14229583740234 116.23101806640625 210 103.14229583740234 116.23101806640625 683 167.71099853515625 90.609611511230469 -1 168.76539611816406 51.35089111328125 -1 168.76539611816406 51.35089111328125 -1 160.01875305175781 98.970619201660156 -1 167.71099853515625 90.609611511230469 -1 168.76539611816406 51.35089111328125 -1 160.01875305175781 98.970619201660156 -1 103.58854675292969 145.65185546875 467 66.428512573242188 128.76304626464844 -1 181.08439636230469 44.494319915771484 -1 182.92446899414062 69.80938720703125 -1 121.58240509033203 26.37394905090332 -1 121.58240509033203 26.37394905090332 -1 96.39398193359375 142.77627563476562 711 109.63108062744141 123.84834289550781 -1 172.44850158691406 88.120704650878906 -1 178.22491455078125 53.504676818847656 -1 125.48031616210938 205.71662902832031 485 144.90945434570312 201.59640502929688 443 107.03244018554688 12.316211700439453 -1 170.10643005371094 63.117267608642578 -1 219.52493286132812 70.5704345703125 816 97.104560852050781 71.195098876953125 548 98.869400024414062 80.676902770996094 550 77.621513366699219 85.954841613769531 702 180.21806335449219 94.132217407226562 -1 165.12596130371094 102.00792694091797 -1 52.456001281738281 107.81719207763672 -1 81.506553649902344 112.94451141357422 399 109.63108062744141 123.84834289550781 627 82.315170288085938 153.60127258300781 559 96.000328063964844 175.17274475097656 707 133.2803955078125 187.61203002929688 836 125.48031616210938 205.71662902832031 480 141.64076232910156 212.31724548339844 336 107.03244018554688 12.316211700439453 -1 97.104560852050781 71.195098876953125 569 98.869400024414062 80.676902770996094 554 180.21806335449219 94.132217407226562 -1 165.12596130371094 102.00792694091797 -1 165.12596130371094 102.00792694091797 -1 133.99372863769531 194.57850646972656 470 18.471761703491211 137.93446350097656 526 150.193603515625 24.234260559082031 -1 102.05844116210938 43.963672637939453 665 87.45013427734375 126.70401000976562 -1 149.42022705078125 157.06907653808594 821 155.25799560546875 99.296188354492188 -1 107.54575347900391 84.289131164550781 568 108.5013427734375 5.5983080863952637 -1 151.55586242675781 75.565078735351562 -1 102.05844116210938 43.963672637939453 663 151.55586242675781 75.565078735351562 -1 151.55586242675781 75.565078735351562 -1 106.48076629638672 68.597427368164062 553 184.99565124511719 124.74277496337891 349 68.415763854980469 133.11967468261719 -1 184.99565124511719 124.74277496337891 527 151.55586242675781 75.565078735351562 -1 155.25799560546875 99.296188354492188 -1 149.72059631347656 201.71943664550781 469 149.72059631347656 201.71943664550781 538 149.72059631347656 201.71943664550781 611 107.54575347900391 84.289131164550781 590 142.15087890625 206.69100952148438 543 116.53520202636719 108.57072448730469 -1 106.48076629638672 68.597427368164062 540 55.015876770019531 112.11234283447266 541 113.34092712402344 1.9678159952163696 -1 110.39627838134766 41.034633636474609 -1 116.81028747558594 36.750522613525391 -1 127.00509643554688 30.688623428344727 -1 102.59220886230469 83.025444030761719 -1 151.48793029785156 190.45280456542969 823 141.09904479980469 187.719970703125 293 143.87429809570312 170.58560180664062 -1 64.883049011230469 94.962722778320312 -1 166.23004150390625 89.088088989257812 -1 106.51036071777344 21.597412109375 -1 13.140873908996582 83.903800964355469 -1 107.87421417236328 85.032127380371094 -1 107.87421417236328 85.032127380371094 -1 8.505427360534668 83.338348388671875 -1 102.59220886230469 83.025444030761719 -1 225.35444641113281 82.0330810546875 -1 172.43132019042969 80.457122802734375 -1 124.23335266113281 198.93865966796875 -1 114.15518188476562 110.68738555908203 740 164.19935607910156 184.55636596679688 635 138.83714294433594 189.51707458496094 637 124.23335266113281 198.93865966796875 -1 153.8248291015625 76.799880981445312 -1 153.8248291015625 76.799880981445312 -1 21.831340789794922 82.851409912109375 -1 114.08915710449219 87.957733154296875 -1 164.19935607910156 184.55636596679688 636 
144 0.99384491079063031 -0.018772677214334049 -0.090892346580869546 -0.060485214877634398 -0.040115559177213614 -0.24881295737410306 -0.14181014004301615 1 000142.png
96.170890808105469 112.99846649169922 -1 96.170890808105469 112.99846649169922 -1 64.991058349609375 219.13053894042969 672 105.96658325195312 187.61669921875 460 220.28897094726562 91.257171630859375 445 25.908130645751953 114.07707977294922 495 142.48849487304688 204.60940551757812 620 151.87193298339844 170.94683837890625 689 136.91622924804688 25.304611206054688 -1 184.18777465820312 57.085899353027344 -1 2.8104751110076904 70.768966674804688 -1 153.41709899902344 92.754043579101562 -1 76.202491760253906 126.81542205810547 306 99.772300720214844 132.55880737304688 225 153.41709899902344 92.754043579101562 -1 76.202491760253906 126.81542205810547 304 201.2847900390625 114.116943359375 323 164.3111572265625 122.72120666503906 600 164.3111572265625 122.72120666503906 739 85.519012451171875 145.38340759277344 518 85.519012451171875 145.38340759277344 517 122.34104919433594 229.69735717773438 157 113.84886932373047 25.226398468017578 -1 103.45317840576172 78.436805725097656 230 87.567756652832031 90.988235473632812 545 63.666221618652344 109.09674835205078 322 201.2847900390625 114.116943359375 447 164.3111572265625 122.72120666503906 546 87.567756652832031 90.988235473632812 564 113.84886932373047 25.226398468017578 -1 160.07893371582031 111.19280242919922 520 161.13465881347656 147.02757263183594 15 136.92153930664062 238.64968872070312 536 161.13465881347656 147.02757263183594 15 160.07893371582031 111.19280242919922 547 173.0926513671875 91.678939819335938 -1 31.119098663330078 29.059295654296875 -1 173.0926513671875 91.678939819335938 -1 183.65505981445312 119.31377410888672 450 183.65505981445312 119.31377410888672 25 80.005691528320312 107.35184478759766 239 68.919784545898438 92.260978698730469 237 121.31410980224609 37.642158508300781 -1 170.74397277832031 106.64116668701172 326 181.04031372070312 109.34642791748047 205 171.6468505859375 40.449516296386719 -1 73.625938415527344 99.740432739257812 259 204.76295471191406 106.68657684326172 511 80.799324035644531 152.68058776855469 -1 226.90704345703125 75.704612731933594 644 73.625938415527344 99.740432739257812 256 73.625938415527344 99.740432739257812 463 154.9195556640625 91.483436584472656 -1 154.9195556640625 91.483436584472656 -1 156.9520263671875 77.862358093261719 -1 154.9195556640625 91.483436584472656 727 160.02592468261719 99.07177734375 -1 125.52478790283203 207.22117614746094 485 4.6449580192565918 94.804573059082031 -1 167.65823364257812 90.553581237792969 -1 181.04776000976562 44.607624053955078 -1 125.52478790283203 207.22117614746094 480 167.65823364257812 90.553581237792969 -1 160.02592468261719 99.07177734375 -1 121.57326507568359 26.379358291625977 -1 121.57326507568359 26.379358291625977 -1 105.24784088134766 70.1285400390625 553 109.91015625 70.908561706542969 -1 97.513496398925781 82.163955688476562 554 106.94902038574219 85.760887145996094 590 180.2689208984375 94.108070373535156 -1 165.11611938476562 102.00185394287109 -1 172.57072448730469 87.975799560546875 -1 178.15702819824219 53.83941650390625 -1 89.1346435546875 117.82212829589844 -1 170.04170227050781 63.192428588867188 -1 217.67593383789062 69.201118469238281 816 105.24784088134766 70.1285400390625 540 182.9619140625 69.954391479492188 -1 109.91015625 70.908561706542969 626 95.527351379394531 72.613258361816406 548 97.513496398925781 82.163955688476562 550 106.94902038574219 85.760887145996094 568 180.2689208984375 94.108070373535156 -1 82.725738525390625 98.496307373046875 -1 165.11611938476562 102.00185394287109 -1 87.923843383789062 103.54803466796875 -1 87.923843383789062 103.54803466796875 -1 113.55684661865234 112.98306274414062 740 89.1346435546875 117.82212829589844 -1 102.41618347167969 118.38658142089844 683 58.028579711914062 120.42818450927734 741 102.11811065673828 122.72787475585938 -1 153.66282653808594 126.32093048095703 -1 150.05140686035156 202.02925109863281 611 137.76585388183594 206.58993530273438 459 126.06388854980469 38.452487945556641 746 126.43148040771484 30.70440673828125 -1 168.59098815917969 69.641166687011719 -1 3.687798023223877 89.86083984375 -1 23.177188873291016 157.45767211914062 599 155.32003784179688 99.436317443847656 -1 108.3995361328125 5.4286799430847168 -1 151.55776977539062 75.59893798828125 -1 3.687798023223877 89.86083984375 -1 151.55776977539062 75.59893798828125 -1 151.55776977539062 75.59893798828125 -1 151.55776977539062 75.59893798828125 -1 3.687798023223877 89.86083984375 -1 3.687798023223877 89.86083984375 -1 155.32003784179688 99.436317443847656 -1 172.42399597167969 172.576171875 -1 149.18115234375 157.85401916503906 821 172.42399597167969 172.576171875 419 133.80607604980469 196.00503540039062 470 49.735733032226562 109.15145874023438 -1 44.151611328125 105.04045104980469 -1 205.02487182617188 100.61166381835938 -1 157.00956726074219 93.409446716308594 -1 166.24081420898438 89.023452758789062 -1 8.0595951080322266 87.998313903808594 -1 223.07112121582031 81.389930725097656 -1 149.91522216796875 24.033487319946289 825 20.247369766235352 79.470962524414062 -1 219.05201721191406 78.230384826660156 886 220.75567626953125 75.981704711914062 -1 154.09062194824219 76.916648864746094 -1 8.0595951080322266 87.998313903808594 -1 133.98199462890625 184.53257751464844 -1 133.98199462890625 184.53257751464844 -1 145.30101013183594 214.72372436523438 336 145.30101013183594 214.72372436523438 -1 116.80941772460938 36.765781402587891 -1 110.49134063720703 40.988700866699219 -1 220.75567626953125 75.981704711914062 -1 75.593025207519531 87.852317810058594 702 93.191879272460938 12.30210018157959 -1 145.30101013183594 214.72372436523438 -1 142.99177551269531 195.26101684570312 524 168.55923461914062 178.19383239746094 614 154.09062194824219 76.916648864746094 -1 172.67410278320312 80.404594421386719 512 133.98199462890625 184.53257751464844 -1 96.205718994140625 183.21945190429688 -1 168.55923461914062 178.19383239746094 615 140.94589233398438 188.88069152832031 293 147.75276184082031 164.02436828613281 821 142.99177551269531 195.26101684570312 632 219.98275756835938 71.325935363769531 816 
145 0.99680873391857427 0.0021918021120969754 -0.07743839752419987 -0.01925716947099165 0.66054628419939854 -0.92350357038076458 -0.58481689392743996 1 000145.png
98.651641845703125 110.612060546875 -1 98.651641845703125 110.612060546875 -1 152.0609130859375 203.42915344238281 594 106.2108154296875 184.09403991699219 460 32.011032104492188 100.31089782714844 495 214.30465698242188 130.77885437011719 619 214.30465698242188 130.77885437011719 618 228.2708740234375 92.023956298828125 445 197.6162109375 91.529098510742188 535 137.78593444824219 26.086227416992188 -1 184.30276489257812 57.319587707519531 -1 209.51814270019531 115.54142761230469 447 102.89994812011719 124.11959075927734 225 119.45075225830078 224.78569030761719 157 153.27436828613281 94.092727661132812 -1 153.27436828613281 94.092727661132812 -1 209.51814270019531 115.54142761230469 323 79.415802001953125 115.81835174560547 304 79.415802001953125 115.81835174560547 306 79.415802001953125 115.81835174560547 -1 173.32186889648438 125.07044982910156 446 173.32186889648438 125.07044982910156 449 173.32186889648438 125.07044982910156 600 114.79930877685547 25.35081672668457 -1 114.79930877685547 25.35081672668457 -1 68.806243896484375 98.018592834472656 322 126.52569580078125 180.68827819824219 430 165.17816162109375 144.77969360351562 15 43.191139221191406 17.920642852783203 -1 127.0550537109375 13.698088645935059 -1 121.39324188232422 37.452434539794922 -1 74.792671203613281 82.040794372558594 237 84.695976257324219 97.612083435058594 239 190.92478942871094 118.84693145751953 25 93.604255676269531 104.87744140625 325 190.92478942871094 118.84693145751953 450 84.695976257324219 97.612083435058594 236 178.51235961914062 106.31661987304688 462 161.25379943847656 95.092063903808594 -1 161.25379943847656 95.092063903808594 583 171.24626159667969 39.9056396484375 -1 161.25379943847656 95.092063903808594 -1 178.51235961914062 106.31661987304688 326 188.38789367675781 108.36815643310547 205 122.68820190429688 7.9926152229309082 -1 98.230354309082031 50.404457092285156 -1 12.218145370483398 82.175239562988281 -1 154.86384582519531 91.1302490234375 -1 154.86384582519531 91.1302490234375 -1 122.68820190429688 7.9926152229309082 -1 98.230354309082031 50.404457092285156 -1 105.24549865722656 73.209754943847656 464 156.98709106445312 78.066902160644531 -1 12.218145370483398 82.175239562988281 763 154.86384582519531 91.1302490234375 -1 215.01319885253906 109.43990325927734 511 249.13037109375 141.33526611328125 -1 142.18714904785156 19.366539001464844 -1 103.92977905273438 66.01556396484375 466 180.91033935546875 44.552555084228516 -1 168.73460388183594 51.484813690185547 -1 103.92977905273438 66.01556396484375 435 181.66046142578125 76.667808532714844 512 79.022445678710938 89.586906433105469 259 160.03231811523438 98.99725341796875 -1 164.95909118652344 102.03431701660156 -1 157.197021484375 127.88115692138672 452 77.56890869140625 134.6925048828125 338 158.86604309082031 134.78695678710938 253 86.70733642578125 150.11235046386719 559 90.339347839355469 157.41607666015625 334 161.44346618652344 199.27290344238281 -1 155.447509765625 205.79220581054688 329 143.04435729980469 219.79052734375 586 134.27458190917969 221.07536315917969 504 103.92977905273438 66.01556396484375 468 168.73460388183594 51.484813690185547 -1 168.73460388183594 51.484813690185547 -1 134.27458190917969 221.07536315917969 505 143.04435729980469 219.79052734375 585 155.447509765625 205.79220581054688 587 161.44346618652344 199.27290344238281 -1 158.86604309082031 134.78695678710938 453 164.95909118652344 102.03431701660156 -1 164.95909118652344 102.03431701660156 -1 160.03231811523438 98.99725341796875 -1 79.022445678710938 89.586906433105469 463 79.022445678710938 89.586906433105469 256 104.81008911132812 34.230747222900391 -1 124.41114044189453 201.51971435546875 480 124.41114044189453 201.51971435546875 485 121.50634002685547 26.316625595092773 -1 121.50634002685547 26.316625595092773 -1 104.69022369384766 138.54232788085938 467 149.73348999023438 199.33404541015625 469 172.1578369140625 88.459991455078125 -1 190.68313598632812 123.83257293701172 527 69.646820068359375 58.440822601318359 -1 170.32969665527344 62.921974182128906 -1 169.31965637207031 92.015541076660156 -1 175.42105102539062 96.249549865722656 -1 104.69022369384766 138.54232788085938 465 173.43440246582031 168.61178588867188 492 149.73348999023438 199.33404541015625 538 140.51734924316406 210.09068298339844 336 148.91754150390625 213.29824829101562 -1 178.29042053222656 53.593868255615234 -1 148.91754150390625 213.29824829101562 -1 190.68313598632812 123.83257293701172 349 170.32969665527344 62.921974182128906 -1 172.1578369140625 88.459991455078125 -1 133.9869384765625 190.63302612304688 470 151.47735595703125 75.719268798828125 -1 116.68721008300781 117.71714019775391 513 109.11052703857422 35.256130218505859 -1 8.8435306549072266 73.333663940429688 -1 180.05221557617188 94.119766235351562 -1 8.8435306549072266 73.333663940429688 -1 110.54093170166016 19.261030197143555 -1 151.47735595703125 75.719268798828125 -1 151.2894287109375 25.210731506347656 -1 155.394775390625 99.44610595703125 -1 141.40892028808594 184.52641296386719 458 184.4205322265625 160.37368774414062 -1 151.65568542480469 158.19032287597656 821 181.47293090820312 100.15251922607422 380 181.47293090820312 100.15251922607422 379 155.394775390625 99.44610595703125 -1 51.604740142822266 96.522979736328125 668 183.79232788085938 69.971488952636719 -1 189.74472045898438 49.573127746582031 -1 95.972076416015625 10.205788612365723 -1 151.47735595703125 75.719268798828125 -1 126.72129821777344 30.64080810546875 -1 18.331794738769531 110.68092346191406 -1 175.76325988769531 96.998634338378906 -1 166.25192260742188 88.811424255371094 -1 110.52312469482422 40.943477630615234 -1 91.643547058105469 93.037208557128906 454 155.28285217285156 131.51123046875 -1 168.05178833007812 69.943321228027344 -1 152.33489990234375 188.4095458984375 823 172.3380126953125 57.062629699707031 -1 169.3511962890625 95.755622863769531 -1 154.61228942871094 72.612258911132812 -1 30.979898452758789 71.500564575195312 612 154.61228942871094 72.612258911132812 -1 60.877090454101562 248.30006408691406 -1 155.28285217285156 131.51123046875 -1 175.76325988769531 96.998634338378906 -1 113.731201171875 2.0446939468383789 -1 30.844577789306641 161.42776489257812 751 232.84181213378906 127.60318756103516 -1 143.26081848144531 118.72341156005859 514 116.9920654296875 36.647678375244141 -1 152.33489990234375 188.4095458984375 823 
146 0.99686272678939192 0.00079304778994989961 -0.076423707701679416 -0.02057891917350026 0.57107498391763456 -0.98743722976189052 -0.60797357546751218 1 000144.png
98.616783142089844 110.45735931396484 -1 98.616783142089844 110.45735931396484 -1 152.07109069824219 203.30900573730469 594 106.25376892089844 184.36463928222656 460 31.89055061340332 100.78371429443359 495 228.03163146972656 91.911369323730469 445 196.98255920410156 91.08087158203125 535 214.09661865234375 129.75923156738281 618 214.09661865234375 129.75923156738281 619 137.638427734375 25.96653938293457 -1 184.30509948730469 57.232883453369141 -1 209.20884704589844 115.01168823242188 447 102.79704284667969 124.15004730224609 225 119.44071197509766 224.6959228515625 157 153.35806274414062 93.92181396484375 -1 209.20884704589844 115.01168823242188 323 153.35806274414062 93.92181396484375 -1 173.30165100097656 125.07854461669922 449 173.30165100097656 125.07854461669922 600 114.78260803222656 25.351638793945312 -1 173.30165100097656 125.07854461669922 446 114.78260803222656 25.351638793945312 -1 68.605033874511719 98.018600463867188 322 42.836441040039062 18.054399490356445 -1 126.68621826171875 180.76594543457031 -1 165.13009643554688 144.69577026367188 15 126.68621826171875 180.76594543457031 430 74.620063781738281 82.099693298339844 237 190.70343017578125 118.65762329101562 450 121.28357696533203 37.569267272949219 -1 127.00588989257812 13.629389762878418 -1 84.572486877441406 97.731842041015625 236 190.70343017578125 118.65762329101562 25 84.572486877441406 97.731842041015625 239 161.35411071777344 95.325912475585938 -1 12.918087959289551 83.387519836425781 763 12.918087959289551 83.387519836425781 -1 171.29891967773438 39.945148468017578 -1 248.81008911132812 140.18508911132812 -1 178.37081909179688 106.30710601806641 326 92.483795166015625 105.62431335449219 325 188.34483337402344 108.22421264648438 205 161.35411071777344 95.325912475585938 583 161.35411071777344 95.325912475585938 -1 178.37081909179688 106.30710601806641 462 248.81008911132812 140.18508911132812 -1 129.92890930175781 182.74958801269531 836 154.90010070800781 91.171562194824219 -1 154.90010070800781 91.171562194824219 -1 98.597709655761719 49.972923278808594 -1 78.881370544433594 89.653617858886719 463 104.09140777587891 66.341583251953125 435 104.09140777587891 66.341583251953125 466 122.67811584472656 7.9781861305236816 -1 122.67811584472656 7.9781861305236816 -1 78.881370544433594 89.653617858886719 256 104.09140777587891 66.341583251953125 468 78.881370544433594 89.653617858886719 259 154.90010070800781 91.171562194824219 -1 98.597709655761719 49.972923278808594 -1 105.21275329589844 73.157814025878906 464 157.00755310058594 78.112785339355469 -1 102.67254638671875 139.65396118164062 -1 102.67254638671875 139.65396118164062 -1 129.92890930175781 182.74958801269531 -1 160.04322814941406 98.950820922851562 -1 181.74917602539062 76.573677062988281 512 158.77676391601562 134.70494079589844 253 77.853233337402344 135.37677001953125 338 168.75694274902344 50.941558837890625 -1 168.75694274902344 50.941558837890625 -1 134.22396850585938 221.62078857421875 504 168.75694274902344 50.941558837890625 -1 180.93243408203125 44.535892486572266 -1 107.22531890869141 13.796821594238281 -1 165.15013122558594 102.09664916992188 -1 157.1373291015625 127.77490234375 452 142.96832275390625 219.92848205566406 586 140.48832702636719 209.84254455566406 336 155.60406494140625 205.22586059570312 329 134.22396850585938 221.62078857421875 505 142.96832275390625 219.92848205566406 585 155.60406494140625 205.22586059570312 587 158.77676391601562 134.70494079589844 453 165.15013122558594 102.09664916992188 -1 160.04322814941406 98.950820922851562 -1 192.4215087890625 150.01005554199219 -1 121.55685424804688 26.334964752197266 -1 121.55685424804688 26.334964752197266 -1 170.330810546875 62.915977478027344 -1 102.59326171875 65.137229919433594 435 169.30128479003906 92.048057556152344 -1 175.37117004394531 96.275764465332031 -1 184.30433654785156 104.58020782470703 471 24.430793762207031 129.80012512207031 633 104.90837860107422 138.43911743164062 465 137.80537414550781 174.89344787597656 -1 149.68644714355469 199.46017456054688 469 124.92790985107422 202.16775512695312 485 148.88542175292969 213.28118896484375 -1 172.18460083007812 88.292243957519531 -1 178.06500244140625 53.643795013427734 -1 148.88542175292969 213.28118896484375 -1 106.53270721435547 110.79425811767578 683 171.53660583496094 176.7022705078125 506 106.53270721435547 110.79425811767578 210 171.53660583496094 176.7022705078125 -1 69.935768127441406 58.552898406982422 -1 170.330810546875 62.915977478027344 -1 172.18460083007812 88.292243957519531 -1 175.37117004394531 96.275764465332031 -1 184.30433654785156 104.58020782470703 -1 104.90837860107422 138.43911743164062 467 124.92790985107422 202.16775512695312 480 133.92936706542969 190.7242431640625 470 144.57891845703125 198.80403137207031 443 28.245246887207031 69.857170104980469 -1 109.10535430908203 35.241992950439453 -1 127.79135131835938 33.653713226318359 -1 151.17677307128906 25.12420654296875 -1 8.5886039733886719 73.372817993164062 -1 10.652553558349609 76.327522277832031 -1 185.42683410644531 158.69047546386719 -1 151.46115112304688 75.747421264648438 -1 136.65641784667969 202.43067932128906 459 180.06245422363281 94.077163696289062 -1 169.162353515625 96.122314453125 -1 28.245246887207031 69.857170104980469 -1 8.5886039733886719 73.372817993164062 -1 151.46115112304688 75.747421264648438 -1 151.46115112304688 75.747421264648438 -1 151.46115112304688 75.747421264648438 -1 10.652553558349609 76.327522277832031 -1 155.44892883300781 99.405586242675781 -1 155.44892883300781 99.405586242675781 -1 20.08515739440918 117.24903869628906 508 27.466939926147461 140.88993835449219 742 151.65960693359375 158.09275817871094 821 34.997322082519531 164.97947692871094 -1 237.74658203125 81.471420288085938 -1 141.68055725097656 184.20193481445312 458 126.88922119140625 30.667593002319336 -1 141.93678283691406 203.62942504882812 543 113.56065368652344 2.1140365600585938 -1 138.37623596191406 222.77325439453125 -1 56.000617980957031 232.54306030273438 -1 151.79585266113281 192.7777099609375 -1 141.69270324707031 28.061086654663086 -1 96.344711303710938 44.162006378173828 -1 110.94806671142578 82.624900817871094 -1 181.72833251953125 99.166259765625 380 138.91043090820312 186.65476989746094 -1 88.761734008789062 169.71774291992188 472 191.41058349609375 150.90452575683594 -1 18.117990493774414 119.48806762695312 -1 181.72833251953125 99.166259765625 379 50.231861114501953 93.998504638671875 668 166.23854064941406 88.909065246582031 -1 110.94806671142578 82.624900817871094 -1 138.37623596191406 222.77325439453125 -1 193.55763244628906 60.603927612304688 -1 8.5861349105834961 79.420730590820312 -1 168.16299438476562 69.835678100585938 -1 198.87661743164062 55.320537567138672 -1 96.344711303710938 44.162006378173828 -1 110.53801727294922 40.942054748535156 -1 116.96146392822266 36.677204132080078 -1 141.69270324707031 28.061086654663086 -1 67.393287658691406 57.765369415283203 -1 32.685317993164062 166.64364624023438 -1 30.705175399780273 71.453857421875 612 
147 0.99696977007522525 0.00014515398330013061 -0.075283558224122749 -0.0195867901298034 0.7864674116390955 -2.2107679792584993 -1.1730507019430916 1 000148.png
102.11475372314453 109.70275115966797 -1 102.11475372314453 109.70275115966797 -1 106.06819915771484 180.97080993652344 460 155.56437683105469 205.58427429199219 594 30.0765380859375 100.14730834960938 495 217.00851440429688 127.43379974365234 619 217.00851440429688 127.43379974365234 618 230.28411865234375 90.3402099609375 445 126.65666961669922 101.41780853271484 224 136.82489013671875 25.022443771362305 -1 184.04820251464844 56.774578094482422 -1 153.49598693847656 93.420036315917969 -1 79.321556091308594 110.33159637451172 304 103.05866241455078 118.22242736816406 225 120.87561798095703 222.71824645996094 157 203.33184814453125 93.578887939453125 -1 79.321556091308594 110.33159637451172 306 153.49598693847656 93.420036315917969 -1 87.266319274902344 129.65963745117188 518 177.18051147460938 120.47641754150391 449 211.6590576171875 110.58841705322266 323 114.80662536621094 25.33673095703125 -1 67.637680053710938 91.65032958984375 322 107.63383483886719 64.450218200683594 230 114.80662536621094 25.33673095703125 -1 177.18051147460938 120.47641754150391 600 211.6590576171875 110.58841705322266 447 177.18051147460938 120.47641754150391 446 87.266319274902344 129.65963745117188 517 125.35633087158203 174.95866394042969 430 107.63383483886719 64.450218200683594 -1 168.10063171386719 139.42999267578125 15 158.15361022949219 111.38278198242188 -1 41.044334411621094 14.686952590942383 -1 158.15361022949219 111.38278198242188 -1 168.10063171386719 139.42999267578125 15 126.84475708007812 13.302340507507324 -1 74.095657348632812 75.846488952636719 237 84.275077819824219 91.343734741210938 239 84.275077819824219 91.343734741210938 236 194.15414428710938 113.35428619384766 25 153.96299743652344 135.08436584472656 -1 194.15414428710938 113.35428619384766 450 121.34761047363281 37.470390319824219 -1 182.04541015625 101.51595306396484 451 9.7400932312011719 81.109024047851562 763 191.28668212890625 102.87476348876953 205 182.04541015625 101.51595306396484 326 171.6871337890625 40.425617218017578 -1 9.7400932312011719 81.109024047851562 -1 24.755422592163086 136.47120666503906 -1 78.646331787109375 83.212898254394531 463 182.72935485839844 95.679817199707031 379 169.06939697265625 50.747203826904297 -1 156.97230529785156 78.080589294433594 -1 78.646331787109375 83.212898254394531 259 182.72935485839844 95.679817199707031 380 158.20133972167969 204.79672241210938 329 78.646331787109375 83.212898254394531 256 169.06939697265625 50.747203826904297 -1 107.2869873046875 13.46253490447998 -1 180.95126342773438 44.602134704589844 -1 104.24238586425781 60.385089874267578 468 105.29585266113281 67.530319213867188 464 168.01548767089844 90.805168151855469 -1 159.98121643066406 98.856048583984375 -1 187.3828125 98.963157653808594 471 161.08013916015625 129.14637756347656 453 158.78157043457031 123.33026123046875 452 161.08013916015625 129.14637756347656 253 31.428110122680664 176.81526184082031 291 142.47994995117188 206.75704956054688 336 104.24238586425781 60.385089874267578 435 104.24238586425781 60.385089874267578 466 168.01548767089844 90.805168151855469 -1 164.92266845703125 101.84867095947266 -1 164.92266845703125 101.84867095947266 -1 65.146575927734375 72.88824462890625 -1 5.7048606872558594 70.58917236328125 -1 5.7048606872558594 70.58917236328125 -1 172.13323974609375 88.197463989257812 -1 172.13323974609375 88.197463989257812 -1 168.90768432617188 96.414932250976562 -1 26.169530868530273 144.23092651367188 599 106.71651458740234 104.38655090332031 210 149.11515808105469 23.983377456665039 -1 112.92683410644531 44.13226318359375 -1 170.32015991210938 62.903007507324219 -1 183.22538757324219 69.819976806640625 -1 147.04899597167969 194.6915283203125 -1 177.70796203613281 162.97386169433594 419 106.71651458740234 104.38655090332031 683 177.70796203613281 162.97386169433594 420 122.32639312744141 26.552370071411133 -1 131.06033325195312 29.85212516784668 -1 108.90357208251953 35.284500122070312 -1 129.15507507324219 36.787193298339844 -1 151.46775817871094 75.704399108886719 -1 11.329105377197266 76.245079040527344 -1 252.24911499023438 90.971893310546875 -1 169.32414245605469 92.006317138671875 -1 88.078880310058594 150.06802368164062 334 154.26020812988281 152.98556518554688 821 32.42999267578125 176.24822998046875 291 143.70329284667969 179.78840637207031 293 147.19903564453125 202.51007080078125 -1 122.32639312744141 26.552370071411133 -1 151.81263732910156 207.89797973632812 312 136.58724975585938 220.05473327636719 505 242.53166198730469 127.31884002685547 -1 112.85319519042969 123.70065307617188 -1 155.3226318359375 99.424545288085938 -1 35.742950439453125 187.205810546875 479 142.00865173339844 26.132524490356445 -1 142.00865173339844 26.132524490356445 -1 151.46775817871094 75.704399108886719 -1 151.46775817871094 75.704399108886719 -1 151.46775817871094 75.704399108886719 -1 252.24911499023438 90.971893310546875 -1 169.32414245605469 92.006317138671875 -1 147.19903564453125 202.51007080078125 523 142.00865173339844 26.132524490356445 -1 143.88369750976562 200.12881469726562 443 136.58724975585938 220.05473327636719 504 81.993690490722656 83.5264892578125 -1 145.2000732421875 187.17732238769531 -1 44.146720886230469 63.909889221191406 521 193.37899780273438 60.561683654785156 -1 110.59037017822266 40.875129699707031 -1 170.09056091308594 36.641944885253906 -1 81.395515441894531 143.63198852539062 559 67.1448974609375 55.519401550292969 -1 20.763959884643555 136.88090515136719 -1 24.946666717529297 64.843360900878906 -1 153.33804321289062 131.16767883300781 -1 63.995426177978516 122.65679168701172 -1 81.993690490722656 83.5264892578125 421 145.2000732421875 187.17732238769531 524 246.48251342773438 135.86433410644531 -1 143.03300476074219 119.74225616455078 -1 155.08992004394531 108.37549591064453 -1 58.130516052246094 98.496330261230469 -1 175.81117248535156 96.995758056640625 -1 116.85942840576172 36.733654022216797 -1 113.70096588134766 1.9640070199966431 -1 157.12301635742188 93.370567321777344 -1 166.23826599121094 88.757217407226562 -1 248.55067443847656 88.086875915527344 -1 24.36524772644043 140.51176452636719 599 19.015243530273438 72.769317626953125 -1 175.32284545898438 100.36878967285156 -1 241.67532348632812 130.02349853515625 -1 
148 0.99669552279143536 0.0020312178948743314 -0.078352009456677751 -0.021327719415631108 0.9100963763992711 -2.2816440102139164 -1.2510918162246485 1 000150.png
101.96240997314453 109.58961486816406 -1 101.96240997314453 109.58961486816406 -1 105.98915863037109 180.67900085449219 460 155.52397155761719 204.96826171875 594 29.563385009765625 100.32122802734375 495 216.57820129394531 126.70320892333984 619 216.57820129394531 126.70320892333984 618 229.77772521972656 90.049446105957031 445 126.59370422363281 100.53638458251953 224 156.01115417480469 162.99404907226562 689 136.59030151367188 24.765111923217773 -1 12.87132453918457 54.994522094726562 -1 153.51933288574219 93.208335876464844 -1 202.97132873535156 92.588478088378906 -1 79.165946960449219 109.92460632324219 304 102.870849609375 117.64293670654297 225 183.91905212402344 56.709049224853516 -1 153.51933288574219 93.208335876464844 -1 79.165946960449219 109.92460632324219 306 114.71663665771484 25.353105545043945 -1 211.42842102050781 110.11509704589844 447 177.48745727539062 119.84368133544922 600 123.79312896728516 223.73185729980469 157 114.71663665771484 25.353105545043945 -1 67.394424438476562 91.413238525390625 322 177.48745727539062 119.84368133544922 446 87.092887878417969 129.00619506835938 517 125.99851226806641 174.4676513671875 430 87.092887878417969 129.00619506835938 518 177.48745727539062 119.84368133544922 449 211.42842102050781 110.11509704589844 323 168.12261962890625 138.65960693359375 15 40.317459106445312 14.028536796569824 -1 168.12261962890625 138.65960693359375 15 158.11341857910156 111.04447937011719 -1 158.11341857910156 111.04447937011719 -1 126.73728179931641 13.134489059448242 -1 194.04319763183594 112.63088226318359 25 194.04319763183594 112.63088226318359 450 84.077369689941406 90.84619140625 236 84.077369689941406 90.84619140625 239 73.775566101074219 75.339653015136719 237 121.050048828125 37.68853759765625 -1 9.045440673828125 80.811187744140625 -1 161.36003112792969 94.776206970214844 583 161.36003112792969 94.776206970214844 -1 182.05641174316406 101.11769866943359 451 182.05641174316406 101.11769866943359 462 159.45687866210938 32.247215270996094 -1 171.70925903320312 40.467113494873047 -1 9.045440673828125 80.811187744140625 -1 161.36003112792969 94.776206970214844 -1 182.05641174316406 101.11769866943359 326 191.1212158203125 102.08384704589844 205 103.93100738525391 59.706050872802734 468 169.25042724609375 50.071933746337891 -1 157.03605651855469 77.871452331542969 -1 78.045364379882812 82.996070861816406 259 182.61418151855469 95.675033569335938 380 158.38792419433594 203.91651916503906 329 103.93100738525391 59.706050872802734 466 182.61418151855469 95.675033569335938 379 78.045364379882812 82.996070861816406 463 78.045364379882812 82.996070861816406 256 103.93100738525391 59.706050872802734 435 107.20371246337891 13.406758308410645 -1 181.01898193359375 44.658332824707031 -1 105.04300689697266 67.019317626953125 464 168.08322143554688 90.890060424804688 -1 160.05162048339844 98.8609619140625 -1 187.65873718261719 98.999305725097656 471 158.64279174804688 123.10257720947266 452 161.32417297363281 128.34130859375 253 33.417377471923828 183.01158142089844 479 143.07502746582031 205.85775756835938 336 168.08322143554688 90.890060424804688 -1 169.1453857421875 145.60966491699219 530 169.1453857421875 145.60966491699219 525 127.06768798828125 197.63815307617188 480 152.879150390625 207.08636474609375 312 124.90312957763672 210.66204833984375 -1 179.14669799804688 166.31056213378906 492 4.8597207069396973 70.435478210449219 -1 172.08204650878906 88.197311401367188 -1 109.27829742431641 34.939720153808594 -1 177.88746643066406 161.95803833007812 420 178.10447692871094 53.575515747070312 -1 179.14669799804688 166.31056213378906 493 148.54841613769531 23.568881988525391 -1 102.43717956542969 58.81048583984375 435 170.32162475585938 62.889717102050781 -1 183.18876647949219 69.829368591308594 -1 4.8597207069396973 70.435478210449219 -1 172.08204650878906 88.197311401367188 -1 168.87530517578125 96.400825500488281 -1 16.652685165405273 114.76190185546875 508 15.98609447479248 124.98127746582031 484 127.06768798828125 197.63815307617188 485 177.88746643066406 161.95803833007812 419 168.58322143554688 174.58317565917969 -1 31.779445648193359 176.49497985839844 291 155.37025451660156 99.329299926757812 -1 144.20832824707031 199.281494140625 443 109.48475646972656 5.6076931953430176 -1 122.27642822265625 26.520511627197266 -1 130.28765869140625 29.433504104614258 -1 127.46479797363281 33.799320220947266 -1 84.175178527832031 45.4888916015625 570 133.16105651855469 32.145896911621094 -1 122.27642822265625 26.520511627197266 -1 133.16105651855469 32.145896911621094 -1 151.47586059570312 75.638648986816406 -1 151.47586059570312 75.638648986816406 -1 151.47586059570312 75.638648986816406 -1 169.33380126953125 91.975669860839844 -1 168.21311950683594 176.00279235839844 -1 151.47586059570312 75.638648986816406 -1 146.01705932617188 186.58279418945312 -1 143.94367980957031 179.20858764648438 458 154.25257873535156 152.14340209960938 821 13.219182014465332 104.07353210449219 -1 84.175178527832031 45.4888916015625 572 169.33380126953125 91.975669860839844 -1 116.96821594238281 36.666099548339844 -1 170.02127075195312 36.554985046386719 -1 110.53141784667969 40.897933959960938 -1 24.127370834350586 140.42478942871094 599 20.598222732543945 129.54931640625 409 116.59397888183594 108.53062438964844 513 175.14599609375 100.46554565429688 -1 157.11703491210938 93.525398254394531 -1 166.20974731445312 88.874519348144531 -1 23.714412689208984 64.830841064453125 -1 193.5728759765625 60.354541778564453 -1 53.802364349365234 53.929557800292969 491 105.2998046875 6.858893871307373 -1 177.81748962402344 163.53236389160156 -1 137.27197265625 219.05671691894531 505 26.444295883178711 157.41026306152344 456 113.72590637207031 2.049708366394043 -1 141.53823852539062 181.112060546875 458 
149 0.99698109535239665 0.0032469993128472889 -0.074562426251438191 -0.021414880268088573 0.62684034626448171 -0.96258628736258967 -0.69807802452714929 1 000146.png
99.490585327148438 110.65689849853516 -1 99.490585327148438 110.65689849853516 -1 106.17391967773438 183.82794189453125 460 152.57565307617188 204.04985046386719 594 103.25618743896484 57.596874237060547 -1 31.713718414306641 101.09834289550781 495 126.31723022460938 102.18727111816406 224 199.46223449707031 92.158317565917969 535 228.91246032714844 91.9969482421875 445 137.81153869628906 26.093774795532227 -1 184.27641296386719 57.17974853515625 -1 103.063720703125 123.71700286865234 225 119.6168212890625 225.21391296386719 157 153.50508117675781 94.037490844726562 -1 153.50508117675781 94.037490844726562 -1 78.875534057617188 115.75897216796875 304 78.875534057617188 115.75897216796875 -1 78.875534057617188 115.75897216796875 306 174.19949340820312 124.74651336669922 449 174.19949340820312 124.74651336669922 600 209.41197204589844 114.56733703613281 323 114.80363464355469 25.331417083740234 -1 114.80363464355469 25.331417083740234 -1 125.13203430175781 179.11851501464844 430 68.7132568359375 97.083412170410156 322 209.41197204589844 114.56733703613281 447 174.19949340820312 124.74651336669922 446 127.05895233154297 13.691222190856934 -1 166.02537536621094 144.68502807617188 15 106.61746215820312 70.625831604003906 230 43.167510986328125 17.443130493164062 -1 121.46333312988281 37.436103820800781 -1 74.7955322265625 81.498695373535156 237 84.760795593261719 97.065933227539062 239 191.87321472167969 118.52323150634766 25 123.93630981445312 228.05718994140625 -1 191.87321472167969 118.52323150634766 450 84.760795593261719 97.065933227539062 236 93.419212341308594 104.63725280761719 325 161.34164428710938 95.372642517089844 583 161.34164428710938 95.372642517089844 -1 161.34164428710938 95.372642517089844 -1 179.34909057617188 105.83842468261719 326 189.04539489746094 107.88694000244141 205 179.34909057617188 105.83842468261719 451 179.34909057617188 105.83842468261719 462 171.38772583007812 40.384769439697266 -1 122.67929077148438 7.9399147033691406 -1 250.3111572265625 141.28961181640625 -1 162.93112182617188 199.38496398925781 -1 135.68829345703125 219.79946899414062 504 168.92529296875 50.727313995361328 -1 11.685238838195801 82.266929626464844 763 79.060508728027344 89.140449523925781 463 79.060508728027344 89.140449523925781 256 154.82806396484375 91.191497802734375 -1 154.82806396484375 91.191497802734375 -1 97.201728820800781 168.39158630371094 335 250.3111572265625 141.28961181640625 -1 135.68829345703125 219.79946899414062 505 122.67929077148438 7.9399147033691406 -1 99.008102416992188 49.801914215087891 -1 99.008102416992188 49.801914215087891 -1 168.92529296875 50.727313995361328 -1 156.99995422363281 78.201271057128906 -1 11.685238838195801 82.266929626464844 -1 79.060508728027344 89.140449523925781 259 154.82806396484375 91.191497802734375 -1 48.437023162841797 102.91970062255859 596 93.927345275878906 18.953176498413086 -1 180.93684387207031 44.570884704589844 -1 104.2437744140625 65.487342834472656 435 105.49417877197266 72.868377685546875 464 160.03489685058594 98.998191833496094 -1 157.40730285644531 127.73250579833984 -1 159.38327026367188 134.62158203125 253 105.06104278564453 138.590087890625 465 89.765632629394531 155.9854736328125 334 125.54627227783203 202.54573059082031 480 156.05018615722656 206.13395690917969 329 143.35542297363281 220.86434936523438 586 143.35542297363281 220.86434936523438 585 157.40730285644531 127.73250579833984 452 156.05018615722656 206.13395690917969 587 125.54627227783203 202.54573059082031 485 160.03489685058594 98.998191833496094 -1 104.2437744140625 65.487342834472656 466 105.06104278564453 138.590087890625 467 104.2437744140625 65.487342834472656 468 159.38327026367188 134.62158203125 453 149.70028686523438 214.12579345703125 -1 149.70028686523438 214.12579345703125 -1 213.75450134277344 98.002326965332031 597 169.29832458496094 92.000053405761719 -1 175.41676330566406 96.209220886230469 -1 178.27215576171875 53.687747955322266 -1 181.9779052734375 99.681358337402344 380 77.668426513671875 134.8448486328125 338 29.163370132446289 146.00865173339844 599 150.56329345703125 199.61451721191406 538 168.91056823730469 96.496932983398438 -1 150.56329345703125 199.61451721191406 469 121.5948486328125 26.380975723266602 -1 172.18405151367188 88.29364013671875 -1 181.9779052734375 99.681358337402344 379 121.5948486328125 26.380975723266602 -1 170.3289794921875 62.925266265869141 -1 172.18405151367188 88.29364013671875 -1 152.56974792480469 158.13786315917969 821 155.56193542480469 131.26715087890625 -1 155.40402221679688 99.462074279785156 -1 172.46426391601562 176.7515869140625 -1 8.4975128173828125 73.2493896484375 -1 151.52717590332031 75.649040222167969 -1 151.52717590332031 75.649040222167969 -1 142.49781799316406 184.35626220703125 458 152.76829528808594 188.78651428222656 823 134.15963745117188 191.18692016601562 470 137.35740661621094 202.35343933105469 459 151.52717590332031 75.649040222167969 -1 151.52717590332031 75.649040222167969 -1 142.49781799316406 184.35626220703125 345 176.81936645507812 171.34780883789062 492 109.11923217773438 35.261024475097656 -1 101.95919799804688 69.180084228515625 -1 172.46426391601562 176.7515869140625 506 176.81936645507812 171.34780883789062 493 180.05780029296875 94.077117919921875 -1 150.29690551757812 29.399526596069336 -1 151.38090515136719 25.261161804199219 -1 145.24992370605469 206.64378356933594 336 110.54820251464844 76.180763244628906 -1 157.02000427246094 93.005500793457031 -1 8.4975128173828125 73.2493896484375 -1 155.40402221679688 99.462074279785156 -1 184.69279479980469 103.47660064697266 471 234.6448974609375 124.34621429443359 528 105.10903930664062 6.9284811019897461 -1 154.25709533691406 72.931617736816406 -1 3.6896085739135742 75.908561706542969 -1 172.90415954589844 80.120018005371094 -1 20.117080688476562 118.64475250244141 508 113.62228393554688 2.0680077075958252 -1 146.88931274414062 198.55976867675781 443 142.21726989746094 204.70127868652344 543 92.049102783203125 166.68414306640625 472 116.94699096679688 36.717620849609375 -1 105.39911651611328 112.92074584960938 210 175.79660034179688 97.018516540527344 -1 166.244384765625 88.790199279785156 -1 155.16989135742188 132.00444030761719 -1 105.10903930664062 6.9284811019897461 -1 26.859159469604492 140.97773742675781 742 155.16989135742188 132.00444030761719 -1 234.04627990722656 127.64393615722656 -1 154.25709533691406 72.931617736816406 -1 84.411026000976562 103.93750762939453 399 198.9188232421875 55.27978515625 -1 12.748883247375488 92.9503173828125 -1 
150 0.99675101420250156 0.0028241709026658882 -0.077560525813970493 -0.021536122688579625 0.91791078776534618 -2.2111023748233123 -1.2091814398712104 1 000149.png
102.07424163818359 109.56072235107422 -1 102.07424163818359 109.56072235107422 -1 106.05662536621094 180.77497863769531 460 155.46745300292969 204.90948486328125 594 29.696432113647461 99.884780883789062 495 216.83418273925781 126.83591461181641 619 216.83418273925781 126.83591461181641 618 229.94322204589844 90.068527221679688 445 126.61367797851562 100.34105682373047 224 136.64591979980469 24.799184799194336 -1 12.805229187011719 55.090934753417969 -1 183.97444152832031 56.735721588134766 -1 153.61372375488281 93.280097961425781 -1 203.12413024902344 92.614494323730469 -1 79.31561279296875 110.04299163818359 304 102.91681671142578 117.64421844482422 225 79.31561279296875 110.04299163818359 306 153.61372375488281 93.280097961425781 -1 125.86289215087891 174.31491088867188 430 177.59364318847656 119.84227752685547 446 211.57229614257812 110.05405426025391 447 67.474571228027344 91.32135009765625 322 114.74027252197266 25.349296569824219 -1 123.86238098144531 223.75651550292969 157 177.59364318847656 119.84227752685547 600 177.59364318847656 119.84227752685547 449 211.57229614257812 110.05405426025391 323 114.74027252197266 25.349296569824219 -1 168.17440795898438 138.6898193359375 15 40.788188934326172 14.079328536987305 -1 158.19436645507812 111.13710784912109 -1 168.17440795898438 138.6898193359375 15 158.19436645507812 111.13710784912109 -1 159.07757568359375 32.748634338378906 -1 126.75019836425781 13.154881477355957 -1 194.15449523925781 112.67247772216797 25 84.189788818359375 90.827720642089844 239 73.8665771484375 75.327972412109375 237 121.24068450927734 37.582412719726562 -1 194.15449523925781 112.67247772216797 450 84.189788818359375 90.827720642089844 236 191.41111755371094 102.20582580566406 205 182.13710021972656 101.17391204833984 451 161.34532165527344 94.899299621582031 -1 9.1155920028686523 80.752067565917969 -1 161.34532165527344 94.899299621582031 583 171.70040893554688 40.4830322265625 -1 9.1155920028686523 80.752067565917969 -1 161.34532165527344 94.899299621582031 -1 182.13710021972656 101.17391204833984 326 157.00289916992188 77.900115966796875 -1 169.40155029296875 49.515666961669922 -1 182.69084167480469 95.512428283691406 380 158.38084411621094 203.9541015625 329 182.69084167480469 95.512428283691406 379 180.97917175292969 44.688426971435547 -1 104.21642303466797 59.912704467773438 468 105.01610565185547 67.099853515625 464 78.252326965332031 82.754020690917969 259 168.07850646972656 90.859092712402344 -1 160.03689575195312 98.838035583496094 -1 158.64862060546875 123.15993499755859 452 161.360595703125 128.42361450195312 253 143.01213073730469 205.92117309570312 336 107.27694702148438 13.421995162963867 -1 104.21642303466797 59.912704467773438 435 104.21642303466797 59.912704467773438 466 161.360595703125 128.42361450195312 453 168.07850646972656 90.859092712402344 -1 78.252326965332031 82.754020690917969 463 78.252326965332031 82.754020690917969 256 105.01610565185547 67.099853515625 273 31.943748474121094 176.93856811523438 291 124.91275787353516 210.58894348144531 -1 136.90666198730469 219.51948547363281 505 108.89019012451172 35.1080322265625 -1 92.005851745605469 86.69879150390625 454 136.90666198730469 219.51948547363281 504 133.51814270019531 32.315628051757812 -1 172.15357971191406 88.1806640625 -1 106.83984375 103.67116546630859 683 177.654052734375 162.38346862792969 420 133.51814270019531 32.315628051757812 -1 112.91859436035156 44.152080535888672 -1 170.33363342285156 62.909534454345703 -1 183.28556823730469 69.680519104003906 -1 184.47308349609375 73.833244323730469 512 172.15357971191406 88.1806640625 -1 175.60745239257812 96.137901306152344 -1 168.91943359375 96.330894470214844 -1 106.83984375 103.67116546630859 210 26.131757736206055 144.39309692382812 599 88.950927734375 150.13955688476562 334 30.152435302734375 157.44798278808594 456 177.654052734375 162.38346862792969 419 151.47634887695312 75.707771301269531 -1 108.86076354980469 110.54070281982422 -1 170.12464904785156 36.650524139404297 -1 122.27081298828125 26.556676864624023 -1 125.1319580078125 38.808952331542969 -1 157.10333251953125 93.382392883300781 -1 129.69926452636719 36.78826904296875 -1 151.47634887695312 75.707771301269531 -1 252.0579833984375 90.715721130371094 -1 151.47634887695312 75.707771301269531 -1 151.47634887695312 75.707771301269531 -1 252.0579833984375 90.715721130371094 -1 108.86076354980469 110.54070281982422 -1 169.3485107421875 91.981605529785156 -1 130.55628967285156 29.447162628173828 -1 122.27081298828125 26.556676864624023 -1 143.92410278320312 179.18077087402344 458 148.71168518066406 23.559717178344727 -1 154.48756408691406 152.48818969726562 821 81.268760681152344 143.27574157714844 559 155.40574645996094 99.42462158203125 -1 5.066864013671875 70.756439208984375 -1 169.3485107421875 91.981605529785156 -1 178.08746337890625 53.998538970947266 -1 5.066864013671875 70.756439208984375 -1 125.1319580078125 38.808952331542969 -1 113.50325012207031 2.0983850955963135 -1 116.90637969970703 36.710445404052734 -1 105.40509796142578 45.680606842041016 -1 148.46585083007812 76.674079895019531 -1 248.27340698242188 87.770362854003906 -1 166.25312805175781 88.772186279296875 -1 144.4580078125 199.39566040039062 443 142.36538696289062 196.02030944824219 459 169.31484985351562 146.81198120117188 525 116.57642364501953 108.57258605957031 513 175.063720703125 100.67848205566406 -1 193.57929992675781 60.371055603027344 -1 178.80027770996094 166.71784973144531 493 48.204914093017578 86.263114929199219 668 169.31484985351562 146.81198120117188 530 116.95482635498047 220.42237854003906 -1 178.80027770996094 166.71784973144531 492 
151 0.99715480920381161 -0.0012178958080210106 -0.07191489699718244 -0.02256215418340269 0.68694495702272929 -2.5392489401967548 -1.1896999180810626 1 000152.png
102.56306457519531 109.64656066894531 -1 102.56306457519531 109.64656066894531 -1 156.10897827148438 206.22882080078125 594 107.4718017578125 181.03663635253906 460 67.132217407226562 220.327880859375 -1 217.15475463867188 125.18006896972656 619 30.281585693359375 99.817054748535156 495 217.15475463867188 125.18006896972656 618 230.10670471191406 89.644851684570312 445 126.88262939453125 101.07527923583984 224 156.64653015136719 163.07168579101562 689 136.30339050292969 24.532659530639648 -1 184.19166564941406 56.729072570800781 -1 153.45599365234375 93.39453125 -1 79.676971435546875 109.62122344970703 304 103.40280914306641 117.15528869628906 225 203.4842529296875 92.2208251953125 -1 79.676971435546875 109.62122344970703 306 153.45599365234375 93.39453125 -1 211.876953125 108.88070678710938 323 177.78973388671875 119.3638916015625 600 87.294166564941406 128.08383178710938 518 123.60467529296875 222.29823303222656 157 126.28290557861328 173.82469177246094 430 211.876953125 108.88070678710938 447 87.294166564941406 128.08383178710938 517 108.18560028076172 63.641269683837891 230 177.78973388671875 119.3638916015625 446 114.74259948730469 25.455177307128906 -1 68.126976013183594 90.917778015136719 322 114.74259948730469 25.455177307128906 -1 108.18560028076172 63.641269683837891 -1 177.78973388671875 119.3638916015625 449 172.32398986816406 42.921306610107422 -1 40.476650238037109 14.180377006530762 -1 168.61253356933594 137.95213317871094 15 168.61253356933594 137.95213317871094 15 84.568168640136719 90.486038208007812 239 74.285743713378906 75.010673522949219 237 158.72317504882812 32.506645202636719 -1 126.62694549560547 13.112077713012695 -1 194.61927795410156 111.80299377441406 25 172.35565185546875 93.427223205566406 -1 194.61927795410156 111.80299377441406 450 172.35565185546875 93.427223205566406 -1 172.35565185546875 93.427223205566406 -1 84.568168640136719 90.486038208007812 236 182.48983764648438 99.993476867675781 451 161.31599426269531 94.767295837402344 -1 161.31599426269531 94.767295837402344 583 9.6741733551025391 80.622207641601562 -1 9.6741733551025391 80.622207641601562 -1 161.31599426269531 94.767295837402344 -1 182.48983764648438 99.993476867675781 326 191.64964294433594 101.25630187988281 205 159.225830078125 204.26322937011719 329 121.28458404541016 37.659526824951172 -1 171.77838134765625 40.467510223388672 -1 122.70965576171875 7.9357819557189941 -1 154.9339599609375 91.293312072753906 -1 47.226936340332031 97.455574035644531 -1 78.599266052246094 82.554496765136719 256 122.70965576171875 7.9357819557189941 -1 169.14274597167969 50.670360565185547 -1 78.599266052246094 82.554496765136719 463 216.89430236816406 93.52471923828125 -1 154.9339599609375 91.293312072753906 -1 169.14274597167969 50.670360565185547 -1 156.96621704101562 77.610214233398438 -1 78.599266052246094 82.554496765136719 259 107.23428344726562 13.39047908782959 -1 180.98582458496094 44.640342712402344 -1 104.40251922607422 59.34320068359375 468 105.37173461914062 66.60888671875 464 64.645759582519531 73.352363586425781 -1 167.90757751464844 90.683090209960938 -1 160.01327514648438 99.088638305664062 -1 180.65658569335938 107.89775085449219 363 161.2818603515625 114.75306701660156 -1 158.63810729980469 123.00310516357422 452 161.55743408203125 127.94953918457031 253 77.779869079589844 128.23236083984375 338 103.81829833984375 131.54023742675781 465 83.355094909667969 138.37295532226562 559 86.599922180175781 143.96800231933594 559 90.280838012695312 150.00506591796875 334 143.42939758300781 205.33026123046875 336 104.40251922607422 59.34320068359375 466 103.81829833984375 131.54023742675781 467 161.55743408203125 127.94953918457031 337 161.2818603515625 114.75306701660156 -1 104.40251922607422 59.34320068359375 435 167.90757751464844 90.683090209960938 -1 105.37173461914062 66.60888671875 273 147.90531921386719 23.136106491088867 -1 109.29502868652344 35.013542175292969 -1 170.28419494628906 62.95513916015625 -1 172.15142822265625 88.176643371582031 -1 184.25938415527344 92.032943725585938 379 178.12886047363281 161.45143127441406 420 153.37092590332031 194.14541625976562 -1 127.46839141845703 196.63163757324219 485 176.12374877929688 170.12258911132812 493 112.98377227783203 43.819976806640625 -1 109.13091278076172 47.498195648193359 -1 170.28419494628906 62.95513916015625 -1 183.33009338378906 69.658927917480469 -1 92.770133972167969 87.617813110351562 454 172.15142822265625 88.176643371582031 -1 184.25938415527344 92.032943725585938 380 175.53414916992188 96.112464904785156 -1 168.89822387695312 96.384452819824219 -1 187.4093017578125 97.289909362792969 471 178.12886047363281 161.45143127441406 419 147.86222839355469 193.48028564453125 -1 153.37092590332031 194.14541625976562 469 127.46839141845703 196.63163757324219 480 125.57958984375 209.7496337890625 -1 137.240234375 219.08674621582031 505 133.65977478027344 31.811941146850586 -1 137.240234375 219.08674621582031 504 176.12374877929688 170.12258911132812 506 133.65977478027344 31.811941146850586 -1 109.13091278076172 47.498195648193359 -1 154.82626342773438 151.6134033203125 821 178.05101013183594 53.954513549804688 -1 5.8157439231872559 70.912460327148438 -1 169.384765625 91.990180969238281 -1 155.42010498046875 99.477653503417969 -1 5.8157439231872559 70.912460327148438 -1 148.13740539550781 201.10368347167969 343 144.86192321777344 198.75752258300781 443 146.2313232421875 186.01008605957031 524 115.44664764404297 153.86302185058594 -1 20.055095672607422 123.57037353515625 484 114.19813537597656 99.866584777832031 -1 43.769260406494141 63.510768890380859 521 168.11703491210938 60.155895233154297 -1 104.44715881347656 55.410114288330078 -1 110.64149475097656 40.784084320068359 -1 146.97293090820312 166.82427978515625 370 85.461959838867188 143.73452758789062 559 141.86869812011719 180.55238342285156 458 75.04278564453125 126.08219146728516 -1 143.62335205078125 183.21734619140625 -1 128.1798095703125 36.495876312255859 -1 116.96381378173828 36.675178527832031 -1 111.53079986572266 3.3439884185791016 -1 113.75693511962891 1.969907283782959 -1 141.86869812011719 180.55238342285156 345 71.876129150390625 125.58338165283203 -1 124.74028778076172 38.899021148681641 -1 70.301467895507812 122.8779296875 -1 17.975982666015625 117.05048370361328 508 175.08384704589844 100.77460479736328 -1 175.84638977050781 97.101142883300781 -1 166.23735046386719 88.739395141601562 -1 79.085037231445312 84.956192016601562 421 172.10444641113281 80.985771179199219 -1 143.62335205078125 183.21734619140625 -1 97.23175048828125 164.38536071777344 -1 195.68817138671875 105.22463989257812 529 140.30314636230469 206.22364807128906 -1 195.68817138671875 105.22463989257812 -1 
152 0.99675463319479762 0.00098827433522397892 -0.07743049922483547 -0.021994142591509638 0.87717411991120731 -2.3466760453623321 -1.2097363882521286 1 000151.png
102.02194976806641 109.57222747802734 -1 102.02194976806641 109.57222747802734 -1 105.98268127441406 180.77378845214844 460 155.44309997558594 204.88510131835938 594 29.577293395996094 100.33995819091797 495 216.53477478027344 126.76620483398438 619 216.53477478027344 126.76620483398438 618 126.59125518798828 100.704345703125 224 229.73687744140625 89.989288330078125 445 136.59294128417969 24.753887176513672 -1 183.93148803710938 56.689369201660156 -1 202.95240783691406 92.570816040039062 -1 79.190170288085938 110.10783386230469 304 102.9000244140625 117.71288299560547 225 153.50296020507812 93.290657043457031 -1 153.50296020507812 93.290657043457031 -1 79.190170288085938 110.10783386230469 306 177.37208557128906 119.73783111572266 449 86.731422424316406 128.52241516113281 518 177.37208557128906 119.73783111572266 600 211.29319763183594 109.50657653808594 447 114.71598815917969 25.340160369873047 -1 123.78839111328125 223.7266845703125 157 114.71598815917969 25.340160369873047 -1 67.4478759765625 91.605224609375 322 177.37208557128906 119.73783111572266 446 86.731422424316406 128.52241516113281 517 126.20746612548828 174.65995788574219 430 40.531833648681641 13.964204788208008 -1 168.10183715820312 138.62748718261719 15 158.11770629882812 111.01271057128906 -1 158.11770629882812 111.01271057128906 -1 168.10183715820312 138.62748718261719 15 126.67720794677734 13.06781005859375 -1 159.11320495605469 32.828903198242188 -1 194.04454040527344 112.58670043945312 450 84.038589477539062 90.870582580566406 236 153.86332702636719 134.45982360839844 324 194.04454040527344 112.58670043945312 25 84.038589477539062 90.870582580566406 239 73.732833862304688 75.339607238769531 237 120.92483520507812 37.767696380615234 -1 182.04264831542969 101.12049102783203 451 49.374229431152344 67.035438537597656 -1 8.8772029876708984 80.800178527832031 -1 171.80683898925781 40.477508544921875 -1 49.374229431152344 67.035438537597656 -1 8.8772029876708984 80.800178527832031 -1 182.04264831542969 101.12049102783203 326 191.10556030273438 102.09071350097656 205 104.74392700195312 60.341579437255859 468 78.493904113769531 82.681663513183594 259 169.1947021484375 50.700725555419922 -1 156.98785400390625 77.880592346191406 -1 155.001220703125 91.368797302246094 -1 182.56011962890625 95.761077880859375 380 41.660007476806641 192.02656555175781 434 158.33670043945312 203.52935791015625 329 78.493904113769531 82.681663513183594 463 182.56011962890625 95.761077880859375 379 104.74392700195312 60.341579437255859 466 155.001220703125 91.368797302246094 -1 169.1947021484375 50.700725555419922 -1 78.493904113769531 82.681663513183594 256 107.16424560546875 13.314243316650391 -1 181.01252746582031 44.629493713378906 -1 105.05149078369141 67.029769897460938 464 167.98721313476562 90.752998352050781 -1 47.338905334472656 97.414588928222656 -1 159.98114013671875 98.89129638671875 -1 158.64933776855469 123.09980773925781 452 161.28125 128.33489990234375 253 127.57708740234375 198.10539245605469 480 143.06597900390625 205.82144165039062 336 127.57708740234375 198.10539245605469 485 167.98721313476562 90.752998352050781 -1 153.09271240234375 207.14794921875 312 76.692657470703125 128.72265625 338 116.89521026611328 3.6721866130828857 -1 102.54320526123047 58.925178527832031 435 170.32991027832031 62.890304565429688 -1 38.976314544677734 66.608856201171875 521 183.30271911621094 69.677864074707031 -1 172.1954345703125 88.277488708496094 -1 175.60418701171875 96.2120361328125 -1 168.84553527832031 96.420829772949219 -1 106.40365600585938 103.33889770507812 210 177.67057800292969 162.06504821777344 419 116.89521026611328 3.6721866130828857 -1 137.13233947753906 219.32998657226562 505 133.43765258789062 32.246116638183594 -1 172.1954345703125 88.277488708496094 -1 109.27119445800781 34.941864013671875 -1 106.40365600585938 103.33889770507812 683 177.67057800292969 162.06504821777344 420 184.24581909179688 73.743690490722656 512 137.13233947753906 219.32998657226562 504 178.23403930664062 53.71575927734375 -1 28.581464767456055 153.70912170410156 456 133.43765258789062 32.246116638183594 -1 112.88874816894531 44.201885223388672 -1 122.29563140869141 26.549819946289062 -1 48.289043426513672 87.111984252929688 668 139.38624572753906 197.85986328125 459 143.8076171875 179.14329528808594 293 193.03706359863281 148.33053588867188 -1 155.38836669921875 99.44769287109375 -1 151.55514526367188 75.582809448242188 -1 124.65457916259766 210.572998046875 -1 154.42515563964844 152.27297973632812 821 110.88160705566406 77.023902893066406 -1 109.46981811523438 5.6187319755554199 -1 148.54896545410156 23.528848648071289 -1 13.426892280578613 116.10728454589844 526 84.031890869140625 45.536273956298828 570 4.6799159049987793 70.843902587890625 -1 151.55514526367188 75.582809448242188 -1 169.34381103515625 91.968818664550781 -1 91.370132446289062 86.44122314453125 454 110.88160705566406 77.023902893066406 -1 251.678955078125 90.452896118164062 -1 122.29563140869141 26.549819946289062 -1 84.031890869140625 45.536273956298828 572 4.6799159049987793 70.843902587890625 -1 151.55514526367188 75.582809448242188 -1 151.55514526367188 75.582809448242188 -1 251.678955078125 90.452896118164062 -1 147.95404052734375 27.463691711425781 -1 116.85943603515625 36.710121154785156 -1 122.69053649902344 39.853801727294922 -1 110.63291168212891 40.856613159179688 -1 99.246849060058594 184.80180358886719 -1 142.18699645996094 195.99737548828125 459 154.78146362304688 72.421653747558594 -1 168.13619995117188 60.1842041015625 -1 169.3509521484375 146.84504699707031 525 193.59326171875 60.342861175537109 -1 223.49906921386719 71.465126037597656 -1 154.78146362304688 72.421653747558594 -1 24.120321273803711 140.55897521972656 599 20.524265289306641 129.85324096679688 409 166.22665405273438 88.825462341308594 -1 34.958728790283203 183.99201965332031 479 179.9466552734375 76.535499572753906 -1 113.77536010742188 2.022761344909668 -1 32.453884124755859 176.51565551757812 291 169.3509521484375 146.84504699707031 530 178.87078857421875 166.06427001953125 493 39.668964385986328 64.842178344726562 521 141.61912536621094 181.32817077636719 458 247.85362243652344 87.574394226074219 -1 178.87078857421875 166.06427001953125 492 175.22474670410156 100.71817016601562 -1 
153 0.99691312782661756 -0.00080748827988786861 -0.076315772671196921 -0.01842461319068539 0.79007557632181691 -1.9008447500523553 -0.99840686924406286 1 000147.png
101.44297027587891 110.00867462158203 -1 101.44297027587891 110.00867462158203 -1 106.04304504394531 182.29142761230469 460 154.87272644042969 205.47413635253906 594 30.758163452148438 100.8978271484375 495 216.70982360839844 128.96220397949219 619 216.70982360839844 128.96220397949219 618 230.27555847167969 91.208023071289062 445 126.61737060546875 102.26400756835938 224 137.40621948242188 25.68437385559082 -1 184.09217834472656 56.936073303222656 -1 153.63587951660156 93.528030395507812 -1 202.79794311523438 93.645172119140625 -1 79.710746765136719 112.13419342041016 304 103.01628875732422 119.96056365966797 225 119.88691711425781 223.68553161621094 157 153.63587951660156 93.528030395507812 -1 79.710746765136719 112.13419342041016 306 176.14140319824219 122.05271148681641 449 211.39476013183594 112.20532989501953 323 114.80643463134766 25.366849899291992 -1 107.93235015869141 66.294181823730469 -1 107.93235015869141 66.294181823730469 230 114.80643463134766 25.366849899291992 -1 68.247283935546875 93.218193054199219 322 211.39476013183594 112.20532989501953 447 176.14140319824219 122.05271148681641 446 125.16409301757812 176.41925048828125 430 176.14140319824219 122.05271148681641 600 124.10823059082031 226.15139770507812 -1 167.39210510253906 141.30293273925781 15 167.39210510253906 141.30293273925781 15 42.183555603027344 15.909407615661621 -1 127.01728057861328 13.571490287780762 -1 121.4002685546875 37.503765106201172 -1 74.507171630859375 77.606704711914062 237 84.495780944824219 93.147476196289062 239 193.58787536621094 115.36524200439453 25 193.58787536621094 115.36524200439453 450 84.495780944824219 93.147476196289062 236 181.35055541992188 102.99858093261719 462 161.31321716308594 94.760353088378906 -1 10.94837474822998 82.0850830078125 -1 161.31321716308594 94.760353088378906 583 181.35055541992188 102.99858093261719 451 171.64860534667969 40.365039825439453 -1 10.94837474822998 82.0850830078125 763 161.31321716308594 94.760353088378906 -1 181.35055541992188 102.99858093261719 326 190.5584716796875 104.65103149414062 205 122.62660217285156 7.8166012763977051 -1 169.04428100585938 50.547119140625 -1 157.02198791503906 78.122764587402344 -1 78.316192626953125 85.524826049804688 259 154.92619323730469 91.013267517089844 -1 182.37870788574219 96.908218383789062 380 157.538330078125 205.60472106933594 329 154.92619323730469 91.013267517089844 -1 154.92619323730469 91.013267517089844 -1 78.316192626953125 85.524826049804688 256 169.04428100585938 50.547119140625 -1 122.62660217285156 7.8166012763977051 -1 182.37870788574219 96.908218383789062 379 180.95159912109375 44.618732452392578 -1 104.53152465820312 62.259780883789062 468 105.47865295410156 69.223594665527344 464 168.07777404785156 90.893714904785156 -1 48.493549346923828 99.038764953613281 -1 160.03428649902344 99.025772094726562 -1 158.33006286621094 124.68244934082031 452 160.5860595703125 131.11357116699219 253 160.5860595703125 131.11357116699219 -1 160.5860595703125 131.11357116699219 453 168.07777404785156 90.893714904785156 -1 105.47865295410156 69.223594665527344 273 104.53152465820312 62.259780883789062 466 104.53152465820312 62.259780883789062 435 77.461685180664062 131.51380920410156 338 106.35635375976562 105.62207794189453 210 106.35635375976562 105.62207794189453 683 150.41326904296875 24.726953506469727 -1 124.02188873291016 212.42037963867188 -1 112.90137481689453 44.237834930419922 -1 109.07066345214844 47.868705749511719 -1 170.33316040039062 62.930217742919922 -1 183.05003356933594 69.878997802734375 -1 135.91729736328125 220.91995239257812 504 183.13613891601562 74.966239929199219 512 172.14080810546875 88.210838317871094 -1 175.52951049804688 96.177154541015625 -1 168.900146484375 96.410148620605469 -1 84.36968994140625 100.52390289306641 399 186.58212280273438 100.86708068847656 471 164.79830932617188 101.89019775390625 -1 98.795433044433594 131.56742858886719 -1 26.999406814575195 144.90708923339844 599 176.2353515625 165.44319152832031 419 32.808990478515625 176.87590026855469 291 146.61813354492188 196.14764404296875 443 151.83796691894531 208.55731201171875 312 135.91729736328125 220.91995239257812 505 178.27799987792969 53.661033630371094 -1 253.59492492675781 142.03788757324219 -1 109.07066345214844 47.868705749511719 -1 6.7761521339416504 71.74114990234375 -1 172.14080810546875 88.210838317871094 -1 164.79830932617188 101.89019775390625 -1 176.2353515625 165.44319152832031 420 6.7761521339416504 71.74114990234375 -1 253.59492492675781 142.03788757324219 -1 151.841552734375 196.97254943847656 469 113.50347137451172 2.1976616382598877 -1 153.65318298339844 154.91004943847656 821 138.43801879882812 199.8983154296875 459 143.27064514160156 181.25079345703125 293 122.27070617675781 26.603740692138672 -1 134.84553527832031 188.16915893554688 470 22.762662887573242 142.57801818847656 599 189.65426635742188 49.647281646728516 -1 82.172782897949219 141.06259155273438 559 106.13108062744141 133.88497924804688 465 200.94602966308594 110.01259613037109 211 178.25241088867188 108.22586822509766 817 249.62507629394531 99.547386169433594 -1 73.201255798339844 69.929489135742188 -1 151.47831726074219 75.720115661621094 -1 101.96426391601562 65.752067565917969 -1 169.37457275390625 92.018547058105469 -1 155.34051513671875 99.235504150390625 -1 155.34051513671875 99.235504150390625 -1 122.27070617675781 26.603740692138672 -1 151.47831726074219 75.720115661621094 -1 151.47831726074219 75.720115661621094 -1 151.47831726074219 75.720115661621094 -1 169.37457275390625 92.018547058105469 -1 106.13108062744141 133.88497924804688 467 142.99317932128906 201.8052978515625 543 25.42561149597168 140.97059631347656 599 61.616363525390625 52.997299194335938 541 125.77159881591797 38.795955657958984 -1 109.14250946044922 35.258403778076172 -1 54.990154266357422 237.12451171875 -1 131.97531127929688 183.92912292480469 836 140.65678405761719 183.44609069824219 458 164.66938781738281 148.7576904296875 -1 22.704656600952148 132.83956909179688 409 19.429241180419922 130.34870910644531 484 110.24113464355469 19.222562789916992 -1 124.40499114990234 166.14120483398438 -1 126.7073974609375 30.596622467041016 -1 131.58477783203125 30.780134201049805 -1 116.92890930175781 36.716358184814453 -1 129.39920043945312 36.576774597167969 -1 110.63618469238281 40.85662841796875 -1 230.07081604003906 118.74249267578125 528 104.92078399658203 105.75807952880859 -1 74.619514465332031 48.233283996582031 -1 104.89002227783203 58.221401214599609 -1 167.83934020996094 60.382171630859375 -1 193.41874694824219 60.543193817138672 -1 45.099281311035156 65.058876037597656 521 139.59689331054688 28.120376586914062 -1 41.195308685302734 66.431411743164062 521 244.24024963378906 88.75140380859375 -1 139.59689331054688 28.120376586914062 -1 140.65678405761719 183.44609069824219 345 105.38951873779297 73.440147399902344 -1 78.984748840332031 87.510124206542969 421 49.170234680175781 88.477836608886719 668 166.25393676757812 88.777046203613281 -1 244.24024963378906 88.75140380859375 -1 104.89002227783203 58.221401214599609 -1 156.99588012695312 93.840805053710938 -1 249.9163818359375 96.239974975585938 -1 175.84236145019531 97.020835876464844 -1 179.90292358398438 93.947547912597656 -1 89.793983459472656 97.890678405761719 339 80.092475891113281 98.557731628417969 -1 216.86640930175781 103.466064453125 -1 253.05000305175781 99.397041320800781 -1 253.05000305175781 99.397041320800781 -1 175.291015625 100.58359527587891 -1 75.446098327636719 53.365665435791016 -1 
154 0.99783855831671975 0.014729348986239203 -0.046595328987450814 -0.043933280453467081 0.58531678129049436 -3.8861717133772373 -1.6005384029075516 1 000157.png
117.74592590332031 104.37015533447266 -1 117.27556610107422 178.62918090820312 -1 171.08949279785156 202.58709716796875 -1 80.730720520019531 220.92642211914062 -1 185.24874877929688 66.9576416015625 -1 37.094017028808594 99.366905212402344 495 226.1767578125 122.60865020751953 -1 126.96607971191406 211.68663024902344 157 128.58828735351562 98.564765930175781 224 222.15824890136719 107.29364776611328 -1 153.33039855957031 94.012001037597656 -1 105.93697357177734 109.80191040039062 225 192.3594970703125 114.50921630859375 305 168.10049438476562 150.12712097167969 362 192.3594970703125 114.50921630859375 307 153.33039855957031 94.012001037597656 -1 168.10049438476562 150.12712097167969 -1 185.11532592773438 55.010631561279297 -1 115.74869537353516 25.837026596069336 -1 219.71633911132812 93.593162536621094 323 115.74869537353516 25.837026596069336 -1 43.073741912841797 12.49005126953125 -1 130.14411926269531 17.984542846679688 -1 174.49571228027344 91.092231750488281 547 158.25177001953125 115.42061614990234 -1 174.13020324707031 126.296142578125 15 174.49571228027344 91.092231750488281 520 76.692466735839844 69.670196533203125 234 167.22801208496094 78.818122863769531 -1 187.08448791503906 83.074897766113281 23 86.9384765625 84.372703552246094 236 76.692466735839844 69.670196533203125 237 86.9384765625 84.372703552246094 239 152.344482421875 211.45503234863281 -1 138.39271545410156 227.24803161621094 27 202.40469360351562 97.349685668945312 25 55.711799621582031 107.43190002441406 -1 193.33473205566406 159.12513732910156 141 174.79237365722656 111.70076751708984 246 101.02207946777344 33.172435760498047 -1 229.513916015625 78.230270385742188 -1 94.451103210449219 91.85943603515625 325 94.451103210449219 91.85943603515625 -1 122.99829864501953 8.6515626907348633 -1 116.39440155029297 9.9166975021362305 -1 156.894287109375 77.561935424804688 -1 195.40864562988281 55.131034851074219 -1 16.689651489257812 80.893630981445312 763 16.689651489257812 80.893630981445312 -1 154.73042297363281 90.862403869628906 -1 154.73042297363281 90.862403869628906 -1 167.99113464355469 91.037895202636719 -1 159.88670349121094 98.979438781738281 -1 164.80384826660156 102.4129638671875 -1 75.938682556152344 136.01959228515625 558 180.92230224609375 44.604576110839844 -1 159.88670349121094 98.979438781738281 -1 230.99427795410156 87.087745666503906 -1 108.66675567626953 39.716239929199219 -1 108.66675567626953 39.716239929199219 -1 134.6617431640625 31.419349670410156 -1 230.99427795410156 87.087745666503906 -1 167.99113464355469 91.037895202636719 -1 116.88221740722656 128.08314514160156 270 112.85992431640625 43.753200531005859 -1 178.15364074707031 53.601181030273438 -1 170.08090209960938 63.104331970214844 -1 94.507476806640625 78.631843566894531 454 169.10633850097656 91.90606689453125 -1 179.9163818359375 94.539527893066406 -1 210.32638549804688 117.94014739990234 -1 80.017364501953125 122.36945343017578 338 148.11405944824219 174.54876708984375 345 152.58538818359375 184.39230346679688 543 175.24929809570312 96.065948486328125 -1 136.97856140136719 16.1343994140625 -1 145.10604858398438 33.791385650634766 -1 179.9163818359375 94.539527893066406 -1 175.24929809570312 96.065948486328125 -1 169.01274108886719 96.265945434570312 -1 175.55352783203125 100.92678070068359 -1 166.35945129394531 109.08933258056641 -1 34.083930969238281 140.97294616699219 599 159.52226257324219 141.36468505859375 821 148.99974060058594 207.00543212890625 -1 151.43472290039062 75.765106201171875 -1 155.25531005859375 99.407150268554688 457 122.47547912597656 27.005714416503906 -1 13.081355094909668 72.092742919921875 -1 113.84719085693359 2.4694945812225342 -1 92.48675537109375 10.84882640838623 -1 151.43472290039062 75.765106201171875 -1 151.43472290039062 75.765106201171875 -1 122.47547912597656 27.005714416503906 -1 100.17201232910156 33.297981262207031 -1 172.06771850585938 88.995307922363281 -1 170.16435241699219 36.692420959472656 -1 103.94731140136719 50.089626312255859 281 155.25531005859375 99.407150268554688 -1 175.55352783203125 100.92678070068359 -1 147.98648071289062 76.634841918945312 -1 172.06771850585938 88.995307922363281 -1 223.56745910644531 75.670372009277344 -1 13.081355094909668 72.092742919921875 -1 151.43472290039062 75.765106201171875 -1 150.97479248046875 158.01580810546875 370 148.46043395996094 169.61703491210938 293 160.81661987304688 173.02632141113281 823 160.36013793945312 177.60981750488281 -1 36.406471252441406 157.66252136230469 291 26.406631469726562 118.32317352294922 484 166.17193603515625 89.097091674804688 -1 54.209613800048828 86.760780334472656 668 46.083755493164062 62.964527130126953 521 108.87357330322266 5.2519230842590332 -1 172.28363037109375 60.208957672119141 -1 171.96223449707031 81.101104736328125 -1 173.82476806640625 58.014762878417969 -1 33.494533538818359 148.23643493652344 -1 117.09223175048828 36.642734527587891 -1 172.28363037109375 60.208957672119141 -1 23.288352966308594 109.07038879394531 526 127.44533538818359 33.004463195800781 -1 
155 0.99760311068994012 0.0085792710872506939 -0.053580364648718043 -0.042936862641288209 0.83831022971202507 -3.7485780035195169 -1.3444601489365755 1 000155.png
115.37226867675781 104.70212554931641 -1 116.95906829833984 178.94271850585938 -1 169.59722900390625 201.48739624023438 381 79.739608764648438 220.26458740234375 -1 37.073436737060547 100.17835998535156 495 224.5377197265625 120.34149932861328 -1 128.32888793945312 100.17807769775391 224 125.83933258056641 212.92306518554688 157 105.95848846435547 112.09065246582031 225 190.15921020507812 116.51712036132812 305 153.53033447265625 179.25823974609375 -1 190.15921020507812 116.51712036132812 307 185.58657836914062 55.417770385742188 -1 115.89631652832031 25.705833435058594 -1 115.89631652832031 25.705833435058594 -1 131.2664794921875 19.119749069213867 -1 108.77426910400391 59.634834289550781 230 219.15805053710938 95.506591796875 323 156.35487365722656 122.11432647705078 -1 173.26811218261719 129.03436279296875 15 188.5733642578125 130.17420959472656 -1 43.023506164550781 14.203742980957031 -1 174.26531982421875 91.494979858398438 547 156.35487365722656 122.11432647705078 324 174.26531982421875 91.494979858398438 520 160.1302490234375 52.958404541015625 -1 76.816917419433594 71.779708862304688 234 167.25151062011719 78.871116638183594 -1 230.20008850097656 80.558380126953125 -1 186.41548156738281 85.178947448730469 23 201.19987487792969 100.17912292480469 25 136.72950744628906 229.4622802734375 27 87.040443420410156 86.593017578125 236 76.816917419433594 71.779708862304688 237 230.20008850097656 80.558380126953125 -1 87.040443420410156 86.593017578125 239 156.93504333496094 110.13996124267578 -1 94.881729125976562 93.994415283203125 -1 161.217041015625 94.955238342285156 673 164.70623779296875 196.59587097167969 -1 171.82022094726562 39.902278900146484 -1 121.1861572265625 37.702903747558594 -1 94.881729125976562 93.994415283203125 325 161.217041015625 94.955238342285156 -1 172.2081298828125 114.75933074951172 246 191.67655944824219 161.14053344726562 141 146.20906066894531 175.93653869628906 -1 164.70623779296875 196.59587097167969 329 154.77082824707031 91.037460327148438 -1 101.59478759765625 34.261795043945312 -1 195.28956604003906 55.266391754150391 -1 156.88142395019531 77.612586975097656 -1 181.78993225097656 77.358230590820312 337 16.818841934204102 81.823677062988281 763 154.77082824707031 91.037460327148438 -1 181.78993225097656 77.358230590820312 -1 16.818841934204102 81.823677062988281 -1 123.05199432373047 8.7868385314941406 -1 181.78993225097656 77.358230590820312 -1 108.76432037353516 39.810092926025391 -1 86.22369384765625 134.08512878417969 559 165.96072387695312 119.86287689208984 253 159.93148803710938 98.987037658691406 -1 167.98556518554688 91.015411376953125 -1 161.87712097167969 91.018058776855469 502 161.87712097167969 91.018058776855469 -1 81.44268798828125 78.684600830078125 256 108.76432037353516 39.810092926025391 -1 159.93148803710938 98.987037658691406 -1 110.56486511230469 23.092218399047852 -1 185.65895080566406 96.368011474609375 -1 167.98556518554688 91.015411376953125 -1 161.87712097167969 91.018058776855469 -1 81.44268798828125 78.684600830078125 259 180.92254638671875 44.538532257080078 -1 164.85646057128906 101.81528472900391 -1 164.85646057128906 101.81528472900391 -1 30.877260208129883 144.18232727050781 599 170.09396362304688 37.012443542480469 -1 112.90097045898438 43.683521270751953 -1 178.29818725585938 53.498542785644531 -1 106.36337280273438 61.204086303710938 -1 169.99183654785156 63.203464508056641 -1 169.20747375488281 91.968368530273438 -1 179.87788391113281 94.596977233886719 -1 175.29083251953125 96.098190307617188 -1 208.44773864746094 120.73794555664062 -1 116.49594116210938 130.50704956054688 270 152.017578125 186.4683837890625 543 148.37132263183594 197.99972534179688 336 208.44773864746094 120.73794555664062 -1 114.96610260009766 30.763662338256836 -1 106.36337280273438 61.204086303710938 273 179.87788391113281 94.596977233886719 -1 175.29083251953125 96.098190307617188 -1 96.040122985839844 10.124577522277832 -1 158.62464904785156 143.57496643066406 821 47.565925598144531 183.28955078125 434 157.75386047363281 187.29800415039062 -1 148.80146789550781 191.98500061035156 443 184.41334533691406 93.762031555175781 -1 113.46136474609375 2.9851341247558594 -1 175.29127502441406 101.04666137695312 -1 93.279914855957031 12.253905296325684 -1 132.45001220703125 12.553502082824707 -1 138.55274963378906 17.097570419311523 -1 124.87986755371094 23.375799179077148 -1 122.22893524169922 26.820775985717773 -1 100.78704833984375 34.562503814697266 -1 151.484619140625 75.697196960449219 -1 103.99428558349609 52.095638275146484 281 61.862411499023438 53.525962829589844 733 122.22893524169922 26.820775985717773 -1 61.862411499023438 53.525962829589844 730 183.31980895996094 69.90216064453125 -1 151.484619140625 75.697196960449219 -1 151.484619140625 75.697196960449219 -1 151.484619140625 75.697196960449219 -1 172.14103698730469 89.214759826660156 -1 155.3416748046875 99.4102783203125 -1 169.17466735839844 96.014549255371094 -1 155.3416748046875 99.4102783203125 457 175.29127502441406 101.04666137695312 -1 40.771068572998047 162.06622314453125 291 34.073032379150391 141.90774536132812 599 172.14103698730469 89.214759826660156 -1 159.48472595214844 180.05552673339844 -1 160.02145385742188 175.29447937011719 823 145.56825256347656 173.93363952636719 345 148.29682922363281 171.63177490234375 293 150.99897766113281 158.43759155273438 370 29.60693359375 129.13763427734375 409 27.86985969543457 123.0679931640625 484 201.85824584960938 92.92706298828125 529 166.20782470703125 88.870285034179688 -1 54.201583862304688 88.0867919921875 668 117.11338043212891 36.6082763671875 -1 132.214111328125 31.13215446472168 -1 13.036159515380859 73.802467346191406 -1 114.08638000488281 32.838474273681641 -1 132.214111328125 31.13215446472168 -1 111.42562103271484 30.744012832641602 -1 126.62326812744141 30.622722625732422 -1 225.20735168457031 83.40631103515625 511 136.37950134277344 20.918012619018555 -1 13.036159515380859 73.802467346191406 -1 108.79955291748047 5.2746129035949707 -1 168.31166076660156 60.032981872558594 -1 25.278532028198242 115.94541931152344 508 118.29148864746094 42.644454956054688 -1 108.79955291748047 5.2746129035949707 -1 23.756200790405273 112.03227233886719 526 
156 0.99775980405624054 0.014025216595838899 -0.046788204376069689 -0.045711384143949672 0.59324157431535762 -4.2305628488246914 -1.6600772421566483 1 000158.png
119.02465057373047 104.57850646972656 -1 117.74637603759766 178.82907104492188 -1 171.77104187011719 203.87646484375 -1 80.812850952148438 221.29034423828125 -1 186.103515625 68.130500793457031 -1 36.623313903808594 98.491836547851562 495 134.60099792480469 116.87525177001953 595 226.74432373046875 124.90943908691406 -1 128.70170593261719 97.517967224121094 224 127.27005767822266 211.11131286621094 157 153.42173767089844 93.595542907714844 -1 82.263641357421875 101.88363647460938 304 105.82779693603516 108.40586853027344 225 194.24478149414062 114.2933349609375 305 169.14457702636719 148.43621826171875 362 169.14457702636719 148.43621826171875 -1 153.42173767089844 93.595542907714844 -1 82.263641357421875 101.88363647460938 306 194.24478149414062 114.2933349609375 307 184.19523620605469 55.031429290771484 -1 220.20198059082031 91.191680908203125 323 38.079563140869141 76.92327880859375 -1 115.6875 25.639593124389648 -1 38.079563140869141 76.92327880859375 -1 38.079563140869141 76.92327880859375 -1 115.6875 25.639593124389648 -1 174.61215209960938 90.891853332519531 547 42.588855743408203 11.701399803161621 -1 129.66926574707031 17.50391960144043 -1 158.70744323730469 114.54392242431641 -1 174.61215209960938 90.891853332519531 520 42.588855743408203 11.701399803161621 -1 190.76187133789062 126.76564788818359 -1 174.6810302734375 124.76612091064453 15 167.31550598144531 78.677169799804688 -1 86.699920654296875 82.893463134765625 236 187.52851867675781 81.386856079101562 23 203.13238525390625 95.663436889648438 25 76.435699462890625 68.288902282714844 234 152.96144104003906 210.85270690917969 -1 139.20083618164062 226.22175598144531 27 166.34793090820312 195.59309387207031 329 166.34793090820312 195.59309387207031 -1 86.699920654296875 82.893463134765625 239 76.435699462890625 68.288902282714844 237 93.819915771484375 90.872894287109375 -1 124.51747894287109 142.19221496582031 26 93.819915771484375 90.872894287109375 325 100.74311828613281 32.671630859375 -1 16.317825317382812 80.055091857910156 763 116.39321136474609 9.5515947341918945 -1 195.33677673339844 55.033096313476562 -1 156.84941101074219 77.622138977050781 -1 16.317825317382812 80.055091857910156 -1 122.63872528076172 8.0327777862548828 -1 116.61707305908203 126.26051330566406 270 159.90721130371094 98.777183532714844 -1 168.33247375488281 91.302482604980469 -1 81.016021728515625 75.070877075195312 256 159.90721130371094 98.777183532714844 -1 168.33247375488281 91.302482604980469 -1 180.93168640136719 44.628513336181641 -1 228.65704345703125 76.553077697753906 -1 79.584030151367188 120.31627655029297 338 81.016021728515625 75.070877075195312 259 145.12825012207031 33.262310028076172 -1 164.72682189941406 102.32404327392578 -1 89.271003723144531 136.19044494628906 559 164.72682189941406 102.32404327392578 -1 36.668933868408203 148.45175170898438 -1 136.21084594726562 212.10029602050781 -1 179.88179016113281 94.634941101074219 -1 175.24128723144531 96.052223205566406 -1 153.42210388183594 183.16827392578125 543 136.22062683105469 15.76085090637207 -1 112.88063049316406 43.69873046875 -1 178.21728515625 53.474174499511719 -1 170.08140563964844 63.087383270263672 -1 194.57876586914062 80.427337646484375 471 169.21221923828125 91.954803466796875 -1 179.88179016113281 94.634941101074219 -1 175.24128723144531 96.052223205566406 -1 85.78619384765625 131.59083557128906 559 39.951911926269531 172.04185485839844 -1 42.081657409667969 178.207763671875 -1 158.83541870117188 183.97480773925781 -1 37.664390563964844 153.57644653320312 291 109.65622711181641 57.050968170166016 -1 12.566365242004395 71.37030029296875 -1 175.49249267578125 100.69444274902344 -1 26.864423751831055 130.04090881347656 -1 151.48895263671875 75.724761962890625 -1 33.566825866699219 140.21434020996094 599 155.23776245117188 99.450897216796875 -1 149.89279174804688 188.7420654296875 443 153.33036804199219 191.40438842773438 343 156.94322204589844 93.477874755859375 457 15.558856964111328 73.818374633789062 -1 151.48895263671875 75.724761962890625 -1 159.93572998046875 139.66424560546875 821 172.07817077636719 88.996063232421875 -1 113.4605712890625 2.8183662891387939 -1 92.165809631347656 9.9744176864624023 -1 100.06729125976562 32.611869812011719 -1 109.65622711181641 57.050968170166016 230 12.566365242004395 71.37030029296875 -1 15.558856964111328 73.818374633789062 -1 151.48895263671875 75.724761962890625 -1 151.48895263671875 75.724761962890625 -1 172.07817077636719 88.996063232421875 -1 155.23776245117188 99.450897216796875 457 175.49249267578125 100.69444274902344 -1 169.13346862792969 96.031463623046875 -1 27.056486129760742 120.9163818359375 484 253.37489318847656 104.61618804931641 -1 181.90205383300781 96.969207763671875 -1 108.87831878662109 5.3349599838256836 -1 53.187969207763672 84.274169921875 668 154.14421081542969 76.887359619140625 -1 26.650312423706055 65.662986755371094 -1 172.29534912109375 60.198322296142578 -1 106.99514007568359 58.488185882568359 -1 103.62087249755859 48.765155792236328 281 117.01847839355469 36.668266296386719 -1 123.10080718994141 35.948036193847656 -1 126.63047027587891 30.611810684204102 -1 127.22864532470703 23.273344039916992 -1 124.04787445068359 21.630146026611328 -1 127.22864532470703 23.273344039916992 -1 172.29534912109375 60.198322296142578 -1 154.14421081542969 76.887359619140625 -1 181.90205383300781 96.969207763671875 -1 112.58152008056641 15.527325630187988 -1 155.69732666015625 199.51992797851562 312 169.95246887207031 36.395618438720703 -1 160.37895202636719 177.22877502441406 -1 154.826904296875 182.66696166992188 -1 147.48260498046875 207.74174499511719 -1 143.9912109375 207.78964233398438 -1 186.59602355957031 153.45162963867188 492 166.16651916503906 88.891365051269531 -1 106.99514007568359 58.488185882568359 -1 150.91006469726562 157.23080444335938 370 132.29855346679688 12.002592086791992 -1 28.81005859375 127.31491851806641 409 118.35959625244141 108.31771850585938 715 
157 0.99782707144978933 0.0079656796416654862 -0.05663529762623238 -0.032712787905825214 0.61013252709709753 -3.2553837863750288 -1.3914694239141581 1 000154.png
109.94634246826172 106.77332305908203 -1 112.55094909667969 177.73223876953125 460 163.98283386230469 202.98329162597656 381 75.141281127929688 219.61854553222656 -1 34.623573303222656 99.136146545410156 495 222.30323791503906 119.20174407958984 619 127.94316101074219 99.704063415527344 224 123.60895538330078 215.802734375 157 16.720699310302734 56.095207214355469 -1 184.92176818847656 56.449871063232422 -1 82.005104064941406 106.47603607177734 304 105.28433227539062 113.5369873046875 225 82.005104064941406 106.47603607177734 306 182.36334228515625 116.61642456054688 446 128.0970458984375 170.1673583984375 430 182.36334228515625 116.61642456054688 449 115.53065490722656 25.493330001831055 -1 132.82566833496094 20.694311141967773 -1 108.36513519287109 60.397422790527344 230 230.90144348144531 84.761756896972656 -1 201.16490173339844 89.216110229492188 -1 216.91365051269531 100.059814453125 323 115.53065490722656 25.493330001831055 -1 173.28849792480469 92.207229614257812 -1 192.98184204101562 70.707572937011719 -1 171.72482299804688 132.20561218261719 15 42.691658020019531 13.37263011932373 -1 173.28849792480469 92.207229614257812 -1 76.281898498535156 72.546707153320312 237 167.99073791503906 78.039314270019531 -1 86.435997009277344 87.613212585449219 239 132.34956359863281 233.14691162109375 27 198.99748229980469 104.57969665527344 25 76.281898498535156 72.546707153320312 234 86.435997009277344 87.613212585449219 236 157.02436828613281 110.33462524414062 -1 193.09077453613281 67.322624206542969 -1 163.46221923828125 54.166816711425781 -1 185.61639404296875 86.377532958984375 23 185.88650512695312 92.327690124511719 326 195.29658508300781 93.314460754394531 205 161.29145812988281 95.07391357421875 -1 171.56365966796875 117.59452056884766 246 162.26507568359375 199.554443359375 -1 185.61639404296875 86.377532958984375 -1 217.02174377441406 68.91790771484375 -1 54.222358703613281 109.3416748046875 -1 124.30065155029297 10.347268104553223 -1 121.15989685058594 37.669143676757812 -1 171.59507751464844 39.903709411621094 -1 185.88650512695312 92.327690124511719 -1 161.29145812988281 95.07391357421875 673 161.29145812988281 95.07391357421875 502 184.03561401367188 101.20822143554688 363 33.671489715576172 163.9307861328125 291 178.64117431640625 125.30349731445312 207 108.59473419189453 12.482514381408691 -1 134.48825073242188 29.201717376708984 -1 156.92744445800781 77.736770629882812 -1 102.07682800292969 35.184597015380859 -1 134.48825073242188 29.201717376708984 -1 182.61354064941406 77.663581848144531 -1 182.61354064941406 77.663581848144531 -1 14.322751045227051 80.609550476074219 -1 195.56414794921875 55.290885925292969 -1 182.61354064941406 77.663581848144531 -1 14.322751045227051 80.609550476074219 763 132.27510070800781 13.298995018005371 -1 180.95086669921875 44.555801391601562 -1 80.725090026855469 79.758163452148438 256 159.92691040039062 98.961647033691406 -1 164.81655883789062 102.08344268798828 -1 80.725090026855469 79.758163452148438 259 167.995849609375 90.939407348632812 -1 167.995849609375 90.939407348632812 -1 159.92691040039062 98.961647033691406 -1 164.81655883789062 102.08344268798828 -1 115.66879272460938 132.45651245117188 270 164.33323669433594 122.70742797851562 253 108.72119903564453 99.038070678710938 210 207.10635375976562 98.251388549804688 211 102.4580078125 96.429512023925781 -1 175.34304809570312 96.23382568359375 -1 169.24598693847656 91.963981628417969 -1 172.05216979980469 88.475242614746094 -1 183.33770751953125 69.789657592773438 -1 112.86951446533203 43.708255767822266 -1 170.07279968261719 63.146728515625 -1 106.26244354248047 63.011093139648438 273 178.20904541015625 53.597942352294922 -1 22.958438873291016 114.27237701416016 508 141.66639709472656 19.125263214111328 -1 85.67767333984375 135.82058715820312 559 150.78028869628906 188.75038146972656 543 146.82601928710938 200.04801940917969 336 106.26244354248047 63.011093139648438 -1 172.05216979980469 88.475242614746094 -1 175.34304809570312 96.23382568359375 -1 151.47016906738281 75.736709594726562 -1 169.0811767578125 96.1683349609375 -1 155.28816223144531 99.342758178710938 -1 157.5447998046875 146.52285766601562 821 147.27386474609375 173.54275512695312 293 128.13259887695312 206.57064819335938 -1 188.68844604492188 80.233314514160156 350 170.13217163085938 36.654865264892578 -1 157.0208740234375 93.176620483398438 -1 175.24032592773438 101.05062103271484 -1 87.802940368652344 140.63218688964844 559 113.46166229248047 2.5869917869567871 -1 131.18095397949219 26.542198181152344 -1 165.98202514648438 43.799385070800781 -1 10.637187004089355 71.520408630371094 -1 151.47016906738281 75.736709594726562 -1 151.47016906738281 75.736709594726562 -1 151.47016906738281 75.736709594726562 -1 155.28816223144531 99.342758178710938 -1 126.37089538574219 30.473909378051758 -1 165.98202514648438 43.799385070800781 -1 10.637187004089355 71.520408630371094 -1 175.24032592773438 101.05062103271484 -1 117.53166198730469 97.053581237792969 -1 135.84541320800781 176.58236694335938 -1 157.75563049316406 182.44816589355469 823 152.43115234375 203.61820983886719 312 134.0966796875 217.05239868164062 -1 147.48735046386719 194.02725219726562 443 115.61146545410156 102.91897583007812 -1 166.23153686523438 88.805458068847656 -1 181.57177734375 86.171524047851562 -1 193.78395080566406 59.997920989990234 -1 168.0491943359375 60.175258636474609 -1 103.65945434570312 53.619419097900391 281 169.01615905761719 140.0152587890625 -1 116.99482727050781 36.677852630615234 -1 101.54281616210938 35.477008819580078 -1 112.07737731933594 33.877578735351562 -1 112.07737731933594 33.877578735351562 -1 103.65945434570312 53.619419097900391 -1 181.57177734375 86.171524047851562 -1 172.16354370117188 89.381080627441406 -1 135.84541320800781 176.58236694335938 -1 134.0966796875 217.05239868164062 -1 128.29925537109375 32.745594024658203 -1 109.51116180419922 29.913436889648438 -1 97.447151184082031 23.743560791015625 833 136.47627258300781 18.506389617919922 -1 105.56607055664062 6.816650390625 -1 104.97925567626953 100.90544891357422 -1 91.834243774414062 147.67518615722656 -1 172.16354370117188 89.381080627441406 -1 119.71689605712891 148.47515869140625 26 144.65252685546875 168.08978271484375 -1 
158 0.99728195252030438 0.0060902328185847626 -0.068937214489027107 -0.025283921768563443 0.7221004125143542 -2.5353214754671547 -1.1647992247761934 1 000153.png
104.82981109619141 108.39164733886719 -1 104.82981109619141 108.39164733886719 -1 109.04513549804688 180.62196350097656 460 159.10958862304688 204.9249267578125 381 31.379236221313477 99.241539001464844 495 218.72555541992188 123.90869903564453 619 127.33291625976562 100.96065521240234 224 123.07936859130859 171.12770080566406 -1 230.6904296875 88.87127685546875 445 135.73367309570312 23.838937759399414 -1 184.37150573730469 56.728973388671875 -1 153.57276916503906 93.525726318359375 -1 80.423805236816406 108.57219696044922 304 104.07778930664062 116.16214752197266 225 123.22425079345703 220.25054931640625 157 204.3162841796875 91.135177612304688 -1 153.57276916503906 93.525726318359375 -1 80.423805236816406 108.57219696044922 306 68.996406555175781 90.558311462402344 322 126.82024383544922 172.78884887695312 430 179.06488037109375 117.92742919921875 446 114.92275238037109 25.442438125610352 -1 213.27717590332031 107.03912353515625 447 213.27717590332031 107.03912353515625 323 179.06488037109375 117.92742919921875 600 179.06488037109375 117.92742919921875 449 114.92275238037109 25.442438125610352 -1 69.512413024902344 61.739765167236328 519 173.99736022949219 91.477554321289062 -1 41.401218414306641 13.945259094238281 -1 107.60098266601562 62.575298309326172 230 169.45988464355469 136.56526184082031 15 169.45988464355469 136.56526184082031 15 173.99736022949219 91.477554321289062 -1 158.52015686035156 32.413455963134766 -1 126.28240966796875 12.765425682067871 -1 155.158203125 132.82962036132812 324 195.82534790039062 110.18967437744141 25 94.057655334472656 97.209869384765625 325 85.345001220703125 89.716659545898438 239 75.051155090332031 74.418952941894531 237 85.345001220703125 89.716659545898438 236 75.051155090332031 74.418952941894531 234 161.3582763671875 95.151115417480469 -1 183.27262878417969 97.914741516113281 326 192.65464782714844 99.547988891601562 205 161.3582763671875 95.151115417480469 583 161.3582763671875 95.151115417480469 -1 11.486495971679688 80.640602111816406 -1 183.27262878417969 97.914741516113281 451 171.68072509765625 40.473663330078125 -1 11.486495971679688 80.640602111816406 763 121.04357147216797 37.730075836181641 -1 159.83984375 201.76095581054688 329 31.753442764282227 151.2242431640625 456 154.96975708007812 91.020957946777344 -1 79.365867614746094 81.847785949707031 256 79.365867614746094 81.847785949707031 259 79.365867614746094 81.847785949707031 463 169.42489624023438 49.345108032226562 -1 156.95947265625 77.818946838378906 -1 154.96975708007812 91.020957946777344 -1 48.303714752197266 97.322242736816406 -1 180.97538757324219 44.617454528808594 -1 104.72812652587891 58.169227600097656 468 105.56281280517578 65.875663757324219 464 187.41291809082031 71.87591552734375 512 167.93997192382812 90.712455749511719 -1 58.415817260742188 93.447509765625 -1 159.9791259765625 98.938583374023438 -1 62.241676330566406 100.45631408691406 -1 162.33308410644531 126.70600891113281 253 91.277595520019531 149.15361022949219 334 178.86148071289062 159.68092346191406 419 98.302574157714844 160.98416137695312 335 144.33056640625 203.62776184082031 336 104.72812652587891 58.169227600097656 435 178.86148071289062 159.68092346191406 420 162.33308410644531 126.70600891113281 337 167.93997192382812 90.712455749511719 -1 104.72812652587891 58.169227600097656 466 105.56281280517578 65.875663757324219 273 84.142539978027344 137.87454223632812 559 78.059539794921875 127.27036285400391 338 132.03070068359375 218.38412475585938 -1 141.75503540039062 27.860445022583008 -1 133.422607421875 31.215414047241211 -1 170.27227783203125 62.964958190917969 -1 172.11720275878906 88.18707275390625 -1 184.79473876953125 90.884117126464844 379 94.299652099609375 100.45583343505859 -1 146.45635986328125 22.17863655090332 -1 122.15880584716797 26.490684509277344 -1 107.79444885253906 102.45497131347656 683 106.55302429199219 130.36265563964844 465 87.173797607421875 143.34352111816406 559 93.991409301757812 15.910154342651367 -1 141.75503540039062 27.860445022583008 -1 178.27085876464844 53.531204223632812 -1 183.39244079589844 69.518455505371094 -1 172.11720275878906 88.18707275390625 -1 184.79473876953125 90.884117126464844 380 169.27508544921875 91.906768798828125 -1 175.4395751953125 96.103652954101562 -1 168.89353942871094 96.417144775390625 -1 94.299652099609375 100.45583343505859 -1 107.79444885253906 102.45497131347656 210 158.13125610351562 123.38693237304688 452 170.27227783203125 62.964958190917969 -1 106.55302429199219 130.36265563964844 467 24.402078628540039 143.53688049316406 599 148.97775268554688 191.92454528808594 -1 132.03070068359375 218.38412475585938 -1 133.422607421875 31.215414047241211 -1 122.15880584716797 26.490684509277344 -1 113.39760589599609 2.2484874725341797 -1 174.99969482421875 100.90114593505859 -1 155.34428405761719 99.289237976074219 -1 13.624935150146484 75.970634460449219 -1 149.26614379882812 199.69729614257812 343 122.78738403320312 208.9146728515625 -1 109.71424102783203 5.4607725143432617 -1 85.00115966796875 44.490451812744141 570 7.2916274070739746 70.782859802246094 -1 7.2916274070739746 70.782859802246094 -1 85.00115966796875 44.490451812744141 572 145.61410522460938 197.46757507324219 443 145.46131896972656 177.01846313476562 293 155.34428405761719 99.289237976074219 -1 174.99969482421875 100.90114593505859 -1 203.27565002441406 104.66057586669922 211 137.81430053710938 27.863176345825195 -1 116.97398376464844 36.683437347412109 -1 153.91191101074219 183.986083984375 823 193.51400756835938 60.359580993652344 -1 96.154136657714844 159.80390930175781 -1 132.79733276367188 171.82595825195312 -1 142.72908020019531 179.2716064453125 458 142.72908020019531 179.2716064453125 345 155.8463134765625 150.50871276855469 821 55.871135711669922 53.239990234375 491 21.561569213867188 122.54281616210938 484 126.24658203125 37.68133544921875 -1 170.06549072265625 36.547840118408203 -1 192.41523742675781 116.41819763183594 349 166.23536682128906 88.746994018554688 -1 185.436767578125 86.578582763671875 350 7.4030008316040039 76.997734069824219 -1 230.9788818359375 74.126243591308594 -1 15.146879196166992 69.094963073730469 -1 168.08160400390625 60.172023773193359 -1 175.8311767578125 97.155380249023438 -1 172.90142822265625 80.314498901367188 -1 
159 0.99744536228096259 0.014690031285572886 -0.052416401430011771 -0.046254438772468084 0.74032527832285999 -4.6288254348802571 -1.914705903232597 1 000160.png
121.38336181640625 107.95403289794922 -1 172.42684936523438 207.99827575683594 -1 80.60015869140625 224.50254821777344 -1 186.81538391113281 67.884803771972656 -1 135.0401611328125 119.05905151367188 595 127.37464904785156 210.18447875976562 157 128.87071228027344 95.201004028320312 224 153.32708740234375 92.9296875 -1 80.827888488769531 99.023345947265625 304 105.25166320800781 105.62826538085938 225 195.64714050292969 111.7574462890625 307 153.32708740234375 92.9296875 -1 80.827888488769531 99.023345947265625 306 195.64714050292969 111.7574462890625 305 167.09945678710938 41.665191650390625 -1 69.633209228515625 82.010734558105469 322 115.80337524414062 25.891685485839844 -1 115.80337524414062 25.891685485839844 -1 159.14973449707031 112.74921417236328 -1 175.50616455078125 121.67442321777344 15 185.39210510253906 135.26600646972656 -1 174.66563415527344 90.601425170898438 520 175.50616455078125 121.67442321777344 -1 42.432689666748047 11.360736846923828 -1 129.44221496582031 17.300449371337891 -1 174.66563415527344 90.601425170898438 547 220.2120361328125 91.552947998046875 323 42.432689666748047 11.360736846923828 -1 167.99125671386719 77.720993041992188 -1 188.46134948730469 79.301506042480469 23 86.017227172851562 80.362876892089844 236 200.43820190429688 80.96734619140625 205 204.41316223144531 93.068618774414062 25 125.0853271484375 138.42320251464844 26 139.46466064453125 226.18618774414062 27 75.638343811035156 66.181320190429688 -1 75.638343811035156 66.181320190429688 237 152.28729248046875 45.346389770507812 -1 75.638343811035156 66.181320190429688 234 139.46466064453125 226.18618774414062 -1 86.017227172851562 80.362876892089844 239 230.13084411621094 89.509544372558594 -1 92.912879943847656 88.145606994628906 -1 92.912879943847656 88.145606994628906 325 100.86360168457031 33.047191619873047 -1 171.23530578613281 39.766944885253906 -1 107.04978179931641 87.107841491699219 683 107.04978179931641 87.107841491699219 210 133.77133178710938 23.267108917236328 -1 164.64065551757812 54.992839813232422 -1 156.89376831054688 77.492965698242188 -1 15.319446563720703 79.960960388183594 -1 154.79656982421875 91.129081726074219 -1 183.18325805664062 115.17279815673828 207 168.60853576660156 128.2916259765625 648 47.790565490722656 184.54985046386719 434 80.232391357421875 73.008888244628906 259 154.79656982421875 91.129081726074219 -1 195.30580139160156 54.890296936035156 -1 164.64065551757812 54.992839813232422 -1 122.97279357910156 8.5402212142944336 -1 116.26288604736328 9.6132879257202148 -1 15.319446563720703 79.960960388183594 763 159.99447631835938 98.693778991699219 -1 78.786041259765625 118.29129791259766 338 180.87272644042969 44.587635040283203 -1 144.70843505859375 32.571384429931641 -1 110.78470611572266 23.627485275268555 -1 159.99447631835938 98.693778991699219 -1 91.73565673828125 138.82151794433594 334 156.85249328613281 199.76554870605469 312 183.63294982910156 157.07987976074219 493 238.08403015136719 89.082283020019531 141 175.42195129394531 95.938461303710938 -1 164.66156005859375 102.24346160888672 -1 164.66156005859375 102.24346160888672 -1 178.91705322265625 78.124076843261719 -1 183.63294982910156 157.07987976074219 492 57.307868957519531 217.39765930175781 -1 115.13950347900391 30.673946380615234 -1 112.94724273681641 43.687797546386719 -1 105.02292633056641 56.721828460693359 -1 170.12289428710938 63.033931732177734 -1 228.61346435546875 75.624893188476562 -1 238.08403015136719 89.082283020019531 -1 169.28387451171875 91.815162658691406 -1 179.96070861816406 94.584938049316406 -1 175.42195129394531 95.938461303710938 -1 168.92189025878906 96.242523193359375 -1 164.66156005859375 102.24346160888672 -1 98.101150512695312 149.6854248046875 335 149.95767211914062 186.81903076171875 443 164.35394287109375 104.25420379638672 -1 212.23457336425781 86.762924194335938 211 85.473335266113281 87.486793518066406 399 172.00859069824219 88.77410888671875 -1 113.7193603515625 2.7970511913299561 -1 18.547872543334961 96.582740783691406 -1 155.29316711425781 99.395584106445312 -1 52.328014373779297 82.718788146972656 668 23.506080627441406 113.32408905029297 508 87.237419128417969 133.12138366699219 559 160.57417297363281 137.08734130859375 821 27.981346130371094 138.16831970214844 599 127.88221740722656 149.39730834960938 -1 33.365913391113281 155.11520385742188 291 175.1470947265625 100.87214660644531 -1 154.44290161132812 189.08360290527344 343 30.620872497558594 136.17805480957031 599 100.09160614013672 32.931304931640625 -1 157.04005432128906 93.061721801757812 457 177.926513671875 53.807415008544922 -1 11.651182174682617 70.868133544921875 -1 172.00859069824219 88.77410888671875 -1 155.29316711425781 99.395584106445312 -1 108.67423248291016 35.690155029296875 -1 11.651182174682617 70.868133544921875 -1 137.05194091796875 28.796497344970703 -1 111.43938446044922 30.851295471191406 -1 126.40761566162109 33.762355804443359 -1 25.650753021240234 120.44663238525391 -1 124.94107818603516 146.26441955566406 -1 127.24414825439453 149.12281799316406 -1 151.88381958007812 153.70616149902344 370 129.08607482910156 155.12959289550781 -1 94.668411254882812 158.55500793457031 472 167.28404235839844 104.69337463378906 -1 116.92269134521484 195.12614440917969 -1 126.04734802246094 194.84954833984375 -1 133.42214965820312 211.21487426757812 -1 172.12567138671875 80.921035766601562 -1 57.890899658203125 50.055931091308594 491 183.08091735839844 73.94091796875 -1 126.40761566162109 33.762355804443359 -1 152.07109069824219 71.412666320800781 514 172.24575805664062 60.15936279296875 -1 197.82240295410156 58.618705749511719 -1 192.69398498535156 55.232345581054688 -1 20.046110153198242 103.62069702148438 -1 170.14671325683594 36.574409484863281 -1 117.06393432617188 36.650211334228516 -1 197.82240295410156 58.618705749511719 -1 172.24575805664062 60.15936279296875 -1 151.88381958007812 153.70616149902344 -1 108.82706451416016 5.3072047233581543 -1 201.08316040039062 100.05418395996094 349 244.25953674316406 93.156951904296875 -1 166.25262451171875 88.831321716308594 -1 89.759452819824219 85.613739013671875 339 103.98987579345703 173.87367248535156 -1 201.94058227539062 132.90010070800781 -1 225.04876708984375 75.298744201660156 -1 225.04876708984375 75.298744201660156 511 
160 0.99789324747472841 0.014786519811607014 -0.045924374453765252 -0.043374846480786218 0.55064399751825188 -4.3884190198025035 -1.8784466722467366 1 000159.png
120.09982299804688 105.72093963623047 -1 171.3492431640625 206.7999267578125 -1 80.667106628417969 222.47561645507812 -1 127.39277648925781 210.90760803222656 157 186.24603271484375 67.863662719726562 -1 36.180416107177734 99.075790405273438 495 134.93925476074219 118.12545776367188 595 128.85594177246094 96.429512023925781 224 153.44059753417969 93.356605529785156 -1 81.668296813964844 100.96440124511719 306 105.63418579101562 107.29255676269531 225 194.83407592773438 113.68100738525391 305 171.40460205078125 145.7431640625 362 153.44059753417969 93.356605529785156 -1 81.668296813964844 100.96440124511719 304 194.83407592773438 113.68100738525391 307 115.78423309326172 25.875598907470703 -1 70.433670043945312 83.178314208984375 322 155.77406311035156 175.37388610839844 -1 115.78423309326172 25.875598907470703 -1 174.74847412109375 90.667945861816406 547 42.446521759033203 11.693862915039062 -1 129.66464233398438 17.532173156738281 -1 159.03697204589844 113.35888671875 -1 175.221435546875 123.53195953369141 15 174.74847412109375 90.667945861816406 520 42.446521759033203 11.693862915039062 -1 167.41636657714844 78.570175170898438 -1 187.93965148925781 80.7586669921875 23 86.330757141113281 81.888458251953125 236 200.01791381835938 82.4581298828125 205 229.95954895019531 90.778297424316406 -1 76.082511901855469 67.467025756835938 234 166.89920043945312 194.95988464355469 329 153.11660766601562 210.91993713378906 -1 139.23649597167969 226.26313781738281 27 203.62213134765625 94.591072082519531 25 139.23649597167969 226.26313781738281 -1 166.89920043945312 194.95988464355469 -1 86.330757141113281 81.888458251953125 239 76.082511901855469 67.467025756835938 237 93.542213439941406 89.704071044921875 -1 55.034900665283203 106.18703460693359 -1 93.542213439941406 89.704071044921875 325 163.43356323242188 54.707283020019531 -1 165.0634765625 114.450439453125 253 100.79697418212891 32.750190734863281 -1 15.987729072570801 79.84716796875 763 154.67643737792969 91.188591003417969 -1 122.94863891601562 8.5297307968139648 -1 116.34779357910156 9.862971305847168 -1 156.87702941894531 77.5955810546875 -1 195.4349365234375 54.935379028320312 -1 15.987729072570801 79.84716796875 -1 154.67643737792969 91.188591003417969 -1 48.534904479980469 184.51145935058594 434 160.00962829589844 98.905899047851562 -1 116.41867828369141 125.72987365722656 270 80.9361572265625 74.021209716796875 256 108.69087982177734 39.637660980224609 -1 160.00962829589844 98.905899047851562 -1 38.361961364746094 170.90792846679688 -1 168.26972961425781 91.190589904785156 -1 168.26972961425781 91.190589904785156 -1 80.9361572265625 74.021209716796875 259 144.71406555175781 32.793212890625 -1 180.90728759765625 44.612815856933594 -1 108.69087982177734 39.637660980224609 -1 85.107490539550781 129.42477416992188 559 110.99234008789062 23.632205963134766 -1 164.68394470214844 102.11131286621094 -1 164.68394470214844 102.11131286621094 -1 41.217704772949219 166.13514709472656 -1 115.14923858642578 30.787919998168945 -1 112.84136962890625 43.772468566894531 -1 102.79710388183594 53.072906494140625 -1 170.10594177246094 63.055408477783203 -1 228.23640441894531 75.785133361816406 -1 178.69062805175781 78.242233276367188 -1 114.70433807373047 85.719268798828125 -1 169.25296020507812 91.914802551269531 -1 179.94454956054688 94.59173583984375 -1 175.36300659179688 96.042236328125 -1 175.43070983886719 100.86603546142578 -1 164.68394470214844 102.11131286621094 -1 99.752639770507812 173.58442687988281 -1 159.57392883300781 182.37237548828125 -1 156.30677795410156 199.07643127441406 312 102.79710388183594 53.072906494140625 435 178.69062805175781 78.242233276367188 -1 179.94454956054688 94.59173583984375 -1 175.36300659179688 96.042236328125 -1 103.46205139160156 48.09393310546875 281 123.25460052490234 35.870903015136719 -1 162.75526428222656 179.29966735839844 -1 113.57521057128906 2.8062610626220703 -1 122.26554107666016 26.936220169067383 -1 100.08373260498047 32.709609985351562 -1 12.055310249328613 71.322105407714844 -1 223.6187744140625 75.983558654785156 -1 178.01608276367188 53.607658386230469 -1 109.63854217529297 56.698162078857422 230 197.38923645019531 59.712600708007812 -1 183.85728454589844 69.554771423339844 -1 155.24671936035156 99.40325927734375 -1 122.26554107666016 26.936220169067383 -1 169.06776428222656 96.140106201171875 -1 109.63854217529297 56.698162078857422 -1 155.24671936035156 99.40325927734375 -1 167.09228515625 106.12023162841797 -1 23.819698333740234 112.59761047363281 508 183.85728454589844 69.554771423339844 -1 21.743392944335938 115.61502838134766 484 12.055310249328613 71.322105407714844 -1 160.22755432128906 138.41581726074219 821 32.503398895263672 139.42901611328125 599 150.00924682617188 187.88874816894531 443 136.59613037109375 15.827541351318359 -1 92.915748596191406 10.766221046447754 -1 62.996719360351562 232.93229675292969 -1 108.81085205078125 5.2943000793457031 -1 172.06877136230469 89.2662353515625 -1 31.090276718139648 135.70449829101562 599 118.46748352050781 111.92582702636719 715 182.89692687988281 94.977058410644531 -1 166.17222595214844 89.029212951660156 -1 172.07748413085938 80.892837524414062 -1 148.29425048828125 77.190673828125 -1 118.49068450927734 42.332828521728516 -1 172.24639892578125 60.210235595703125 -1 174.9107666015625 53.224796295166016 -1 199.54740905761719 136.46121215820312 -1 118.49068450927734 42.332828521728516 -1 170.08511352539062 36.483287811279297 -1 116.88645935058594 36.706596374511719 -1 116.47364044189453 65.377967834472656 -1 182.89692687988281 94.977058410644531 -1 124.18740081787109 21.708675384521484 -1 111.63340759277344 31.611240386962891 -1 151.95210266113281 154.67338562011719 370 172.24639892578125 60.210235595703125 -1 92.915748596191406 10.766221046447754 -1 199.54740905761719 136.46121215820312 -1 27.914077758789062 126.38783264160156 409 
161 0.99768319425319463 0.014278415002664654 -0.048611230318797258 -0.045401751691393204 0.63427327910138898 -3.7141160012363921 -1.4415057748180635 1 000156.png
117.15461730957031 104.32710266113281 -1 116.96480560302734 178.67362976074219 -1 170.71343994140625 201.97434997558594 -1 80.597373962402344 220.71636962890625 -1 184.93455505371094 67.2413330078125 -1 37.138809204101562 99.727363586425781 495 225.46247863769531 121.76412200927734 -1 126.86255645751953 212.16781616210938 157 105.87226104736328 110.60114288330078 225 192.09271240234375 115.56162261962891 305 167.72625732421875 150.57940673828125 362 167.72625732421875 150.57940673828125 -1 192.09271240234375 115.56162261962891 307 185.54641723632812 55.092220306396484 -1 115.78142547607422 25.819639205932617 -1 219.61820983886719 94.089187622070312 323 115.78142547607422 25.819639205932617 -1 174.40115356445312 91.239639282226562 547 42.871143341064453 13.108339309692383 -1 130.35789489746094 18.194511413574219 -1 109.20463562011719 59.3497314453125 230 157.79660034179688 116.42900085449219 -1 173.83287048339844 127.16811370849609 15 174.40115356445312 91.239639282226562 520 167.20143127441406 78.8824462890625 -1 86.950569152832031 85.107307434082031 236 186.77302551269531 83.798011779785156 23 202.12687683105469 98.157394409179688 25 152.43516540527344 212.74760437011719 -1 138.02377319335938 227.37245178222656 27 76.722343444824219 70.405487060546875 234 76.722343444824219 70.405487060546875 237 86.950569152832031 85.107307434082031 239 161.2889404296875 95.035568237304688 673 165.19306945800781 195.57643127441406 -1 229.47280883789062 78.622802734375 -1 94.684669494628906 92.484489440917969 325 161.2889404296875 95.035568237304688 -1 165.19306945800781 195.57643127441406 329 146.62434387207031 174.70712280273438 -1 94.684669494628906 92.484489440917969 -1 109.7008056640625 10.938111305236816 -1 16.911670684814453 81.410629272460938 763 156.86610412597656 77.667678833007812 -1 101.34611511230469 33.473201751708984 -1 154.75868225097656 90.971382141113281 -1 195.3072509765625 55.130233764648438 -1 122.99752044677734 8.6831598281860352 -1 154.75868225097656 90.971382141113281 -1 50.51190185546875 186.39552307128906 434 16.911670684814453 81.410629272460938 -1 217.09677124023438 124.98006439208984 -1 164.83448791503906 102.36209106445312 -1 167.07994079589844 117.71973419189453 253 89.863746643066406 138.50343322753906 559 122.36383819580078 145.3865966796875 26 100.29499053955078 155.58554077148438 -1 92.775634765625 164.89585876464844 -1 109.32299041748047 95.585586547851562 210 144.65701293945312 21.708240509033203 -1 134.67811584472656 31.018972396850586 -1 108.68947601318359 39.864192962646484 -1 134.67811584472656 31.018972396850586 -1 108.68947601318359 39.864192962646484 -1 168.14064025878906 91.165367126464844 -1 159.97645568847656 99.111328125 -1 180.96517944335938 44.579811096191406 -1 80.8992919921875 77.696067810058594 259 168.14064025878906 91.165367126464844 -1 159.97645568847656 99.111328125 -1 158.30079650878906 185.29670715332031 -1 41.199447631835938 161.90199279785156 291 175.23782348632812 96.0716552734375 -1 179.91119384765625 94.55181884765625 -1 169.12644958496094 91.926506042480469 -1 170.03570556640625 63.147743225097656 -1 178.220947265625 53.560531616210938 -1 117.30490112304688 130.51116943359375 270 106.43748474121094 59.543724060058594 -1 137.27175903320312 16.363519668579102 -1 34.431430816650391 141.714111328125 599 112.85693359375 43.813060760498047 -1 115.20881652832031 30.693000793457031 -1 100.05948638916016 175.01396179199219 -1 152.14399719238281 184.97479248046875 543 106.43748474121094 59.543724060058594 273 179.91119384765625 94.55181884765625 -1 175.23782348632812 96.0716552734375 -1 154.27293395996094 76.919410705566406 -1 178.54267883300781 86.650169372558594 -1 155.22077941894531 99.410514831542969 -1 148.75906372070312 190.75947570800781 443 151.50837707519531 75.677528381347656 -1 147.83468627929688 213.76551818847656 -1 113.68228912353516 2.7037780284881592 -1 96.015693664550781 10.130846977233887 -1 92.781883239746094 11.449954032897949 -1 100.37720489501953 33.716083526611328 -1 103.98332977294922 50.744739532470703 281 110.48351287841797 70.08807373046875 -1 13.269509315490723 72.791336059570312 -1 169.10664367675781 96.078033447265625 -1 80.181137084960938 124.17659759521484 338 23.405265808105469 108.94222259521484 526 30.348434448242188 139.94187927246094 599 159.38082885742188 142.22247314453125 821 147.52085876464844 175.26747131347656 345 154.27293395996094 76.919410705566406 -1 155.22077941894531 99.410514831542969 457 110.48351287841797 70.08807373046875 -1 13.269509315490723 72.791336059570312 831 151.50837707519531 75.677528381347656 -1 151.50837707519531 75.677528381347656 -1 151.50837707519531 75.677528381347656 -1 135.83448791503906 214.28707885742188 -1 155.20513916015625 200.32722473144531 312 135.83448791503906 214.28707885742188 -1 175.25721740722656 101.02047729492188 -1 175.25721740722656 101.02047729492188 -1 166.19480895996094 109.64360046386719 -1 172.10568237304688 89.386177062988281 -1 166.18423461914062 88.943214416503906 -1 54.289676666259766 87.590507507324219 668 13.567172050476074 78.631172180175781 -1 30.68406867980957 65.002571105957031 -1 174.92153930664062 53.248897552490234 -1 58.925457000732422 51.1348876953125 491 117.049560546875 36.640151977539062 -1 159.64564514160156 179.07054138183594 -1 145.51553344726562 34.475379943847656 -1 172.10568237304688 89.386177062988281 -1 126.52037048339844 30.593921661376953 -1 112.25334930419922 6.4170098304748535 -1 118.60978698730469 111.62551116943359 715 26.129888534545898 117.56330871582031 508 27.790685653686523 122.74090576171875 484 116.19645690917969 109.9993896484375 -1 150.982666015625 158.27485656738281 370 101.96967315673828 160.15055847167969 -1 148.51437377929688 170.44390869140625 293 160.70916748046875 173.69874572753906 823 45.540554046630859 177.00746154785156 479 
