# Image list with two lines of data per image:
#   IMAGE_ID, QW, QX, QY, QZ, TX, TY, TZ, CAMERA_ID, NAME
#   POINTS2D[] as (X, Y, POINT3D_ID)
# Number of images: 66, mean observations per image: 24.606060606060606
22 0.99258501690424927 -0.05989592865795635 -0.10577007203957564 0.00039218380274883295 0.16173536451394788 1.0543942582459453 -0.37978204532368087 1 000023.png
128.22470092773438 106.83132934570312 -1 144.67570495605469 196.92880249023438 -1 200.83619689941406 75.374465942382812 -1 121.52019500732422 87.586402893066406 -1 154.00088500976562 154.26414489746094 -1 113.88314056396484 23.792892456054688 -1 98.525337219238281 30.53326416015625 -1 216.55282592773438 106.17455291748047 -1 230.96128845214844 119.32888793945312 8 216.55282592773438 106.17455291748047 223 240.22723388671875 84.913497924804688 -1 124.94346618652344 11.078470230102539 -1 143.503173828125 73.158157348632812 -1 228.14698791503906 76.472938537597656 -1 151.02726745605469 120.61826324462891 -1 180.75703430175781 44.696964263916016 -1 104.48741149902344 12.303940773010254 -1 192.99656677246094 53.473953247070312 -1 156.66975402832031 77.458625793457031 -1 78.513084411621094 137.26805114746094 -1 229.49824523925781 108.34812164306641 197 174.41716003417969 40.095325469970703 -1 212.56513977050781 94.002342224121094 20 168.45790100097656 96.617813110351562 -1 233.85374450683594 101.81297302246094 -1 164.09527587890625 102.54168701171875 -1 151.82217407226562 103.92237091064453 -1 110.27939605712891 130.71646118164062 262 139.22737121582031 179.75518798828125 -1 243.28677368164062 228.24734497070312 -1 164.09527587890625 102.54168701171875 -1 109.16168975830078 33.803169250488281 -1 172.08290100097656 88.491294860839844 -1 169.24363708496094 91.732772827148438 -1 179.96324157714844 94.430442810058594 -1 244.88777160644531 246.66709899902344 -1 116.79620361328125 4.014643669128418 -1 188.73501586914062 70.44342041015625 -1 244.88777160644531 246.66709899902344 -1 159.479736328125 50.443454742431641 -1 116.79620361328125 4.014643669128418 -1 159.98538208007812 55.582099914550781 -1 169.8369140625 62.907058715820312 -1 188.73501586914062 70.44342041015625 -1 252.63563537597656 97.77191162109375 -1 247.46022033691406 116.43866729736328 99 252.83953857421875 119.77115631103516 -1 252.83953857421875 119.77115631103516 -1 97.576568603515625 110.09992218017578 -1 227.41746520996094 121.50666046142578 63 9.0992450714111328 201.8201904296875 -1 224.38687133789062 100.53909301757812 40 107.30802154541016 101.18385314941406 -1 233.19456481933594 106.36141204833984 197 97.576568603515625 110.09992218017578 -1 166.22483825683594 89.089523315429688 -1 218.10304260253906 95.467323303222656 234 221.81106567382812 98.46142578125 40 154.164306640625 103.08979797363281 -1 157.41569519042969 102.57844543457031 -1 95.366653442382812 112.08616638183594 -1 172.79730224609375 60.228580474853516 -1 45.183864593505859 164.86239624023438 -1 6.109222412109375 204.34315490722656 -1 4.4501209259033203 206.11251831054688 -1 154.41093444824219 99.335708618164062 -1 230.02122497558594 104.0809326171875 197 172.79730224609375 60.228580474853516 -1 166.22483825683594 89.089523315429688 -1 92.8365478515625 114.66009521484375 -1 245.55088806152344 241.41134643554688 -1 200.73814392089844 82.860298156738281 42 92.8365478515625 114.66009521484375 -1 52.910518646240234 156.89820861816406 -1 15.557008743286133 194.70143127441406 -1 180.77110290527344 89.498954772949219 -1 180.77110290527344 89.498954772949219 -1 216.10394287109375 93.837844848632812 234 
25 0.99003259458326986 -0.089556186067520346 -0.10130277445807136 0.039406840609918947 -0.40597719256286463 -1.4103897999304429 -0.58972555717754849 1 000024.png
128.50408935546875 107.04060363769531 -1 144.68154907226562 196.75709533691406 -1 200.79286193847656 75.317459106445312 -1 121.57028198242188 87.673271179199219 -1 154.12820434570312 154.7449951171875 -1 113.89165496826172 23.786689758300781 -1 109.14501953125 61.692794799804688 -1 98.500221252441406 30.43006706237793 -1 216.86491394042969 106.07534027099609 -1 231.06028747558594 119.37559509277344 8 216.86491394042969 106.07534027099609 223 240.2498779296875 84.964004516601562 -1 246.40853881835938 125.01895904541016 -1 246.40853881835938 125.01895904541016 -1 181.63609313964844 46.449440002441406 -1 228.13494873046875 76.40655517578125 -1 150.91670227050781 120.76198577880859 -1 151.82708740234375 104.26993560791016 -1 104.438232421875 12.389269828796387 -1 180.84698486328125 44.906467437744141 -1 193.00651550292969 53.458396911621094 -1 144.36810302734375 73.100112915039062 -1 156.65776062011719 77.462158203125 -1 94.189224243164062 122.04122161865234 -1 174.14053344726562 39.819671630859375 -1 105.40834808349609 92.602424621582031 -1 212.87060546875 94.096153259277344 20 168.423095703125 96.636672973632812 -1 164.16558837890625 102.48207092285156 -1 139.35926818847656 179.5576171875 -1 164.16558837890625 102.48207092285156 -1 169.21760559082031 91.717315673828125 -1 179.94369506835938 94.409309387207031 -1 175.34417724609375 95.510719299316406 -1 234.42852783203125 96.992713928222656 26 244.09280395507812 103.59474182128906 27 243.41682434082031 229.57632446289062 -1 116.82168579101562 4.1163015365600586 -1 163.42169189453125 52.770164489746094 -1 148.29423522949219 71.779151916503906 -1 175.34417724609375 95.510719299316406 -1 148.29423522949219 71.779151916503906 -1 116.82168579101562 4.1163015365600586 -1 109.17079162597656 34.133842468261719 -1 159.542724609375 50.453952789306641 -1 163.42169189453125 52.770164489746094 -1 160.11366271972656 55.694374084472656 -1 169.88639831542969 62.866592407226562 -1 188.80136108398438 70.498870849609375 591 171.97039794921875 88.371116638183594 -1 113.40220642089844 3.0327887535095215 -1 227.424072265625 121.47173309326172 63 112.32415008544922 137.60052490234375 -1 34.134929656982422 172.12126159667969 -1 107.36026000976562 101.0513916015625 792 30.906673431396484 179.52040100097656 259 243.52870178222656 230.24807739257812 535 248.06587219238281 235.03274536132812 -1 34.134929656982422 172.12126159667969 -1 248.06587219238281 235.03274536132812 -1 193.0123291015625 69.0223388671875 117 247.01783752441406 116.07366180419922 99 248.06587219238281 235.03274536132812 -1 109.41818237304688 5.8383240699768066 -1 199.66720581054688 81.835731506347656 363 221.59602355957031 98.263053894042969 40 223.99305725097656 100.12226867675781 40 157.40559387207031 102.68063354492188 -1 154.27456665039062 102.79708862304688 -1 90.718437194824219 116.56118774414062 762 142.44841003417969 125.41954040527344 -1 172.78608703613281 60.220596313476562 -1 90.718437194824219 116.56118774414062 -1 67.0184326171875 143.21067810058594 -1 71.936248779296875 138.3966064453125 -1 233.51445007324219 106.53929138183594 197 230.08184814453125 104.10033416748047 197 241.5333251953125 252.6986083984375 -1 82.742568969726562 127.81671142578125 113 172.78608703613281 60.220596313476562 -1 176.66322326660156 43.735443115234375 -1 180.7469482421875 89.587326049804688 -1 180.7469482421875 89.587326049804688 -1 
26 0.99299180840505441 -0.085744469131619469 -0.07507676765890231 0.031283117039188728 -1.3374373617667619 -0.98440073332344802 0.41158886257417393 1 000025.png
128.34556579589844 107.00634002685547 -1 144.59855651855469 196.71788024902344 -1 200.7962646484375 75.333877563476562 -1 121.53136444091797 87.519981384277344 -1 127.21028137207031 150.85467529296875 -1 154.07563781738281 154.13446044921875 -1 127.21028137207031 150.85467529296875 -1 113.87586975097656 23.785322189331055 -1 110.85810852050781 64.4481201171875 -1 98.472335815429688 30.564729690551758 439 216.79046630859375 106.08626556396484 -1 231.43708801269531 119.36934661865234 8 130.14028930664062 166.98770141601562 -1 130.14028930664062 166.98770141601562 -1 216.79046630859375 106.08626556396484 223 228.05731201171875 76.395439147949219 -1 150.93882751464844 120.780029296875 -1 104.46718597412109 12.659893989562988 -1 193.05889892578125 53.477508544921875 -1 156.67527770996094 77.452308654785156 -1 78.874649047851562 136.92222595214844 -1 140.16415405273438 178.71229553222656 -1 248.35174560546875 229.07363891601562 -1 143.83740234375 72.887321472167969 -1 174.46670532226562 40.267292022705078 -1 180.76182556152344 44.665439605712891 -1 105.59959411621094 93.074653625488281 -1 212.57215881347656 93.955924987792969 20 168.41752624511719 96.596366882324219 -1 151.75337219238281 104.11016082763672 -1 133.64918518066406 179.01130676269531 -1 133.64918518066406 179.01130676269531 -1 164.29928588867188 102.35234832763672 -1 164.29928588867188 102.35234832763672 -1 234.54443359375 97.036827087402344 26 244.27748107910156 103.76433563232422 27 248.37605285644531 236.06742858886719 -1 244.53273010253906 246.70625305175781 -1 116.78922271728516 4.099853515625 -1 163.46084594726562 52.790687561035156 -1 155.15283203125 64.925567626953125 -1 188.67231750488281 70.388404846191406 -1 175.29100036621094 95.429039001464844 -1 248.37605285644531 236.06742858886719 -1 244.53273010253906 246.70625305175781 -1 116.78922271728516 4.099853515625 -1 159.48124694824219 50.476261138916016 -1 163.46084594726562 52.790687561035156 -1 159.98182678222656 55.650241851806641 -1 169.86093139648438 62.877948760986328 -1 155.15283203125 64.925567626953125 -1 188.67231750488281 70.388404846191406 591 172.05101013183594 88.435379028320312 -1 169.18074035644531 91.666145324707031 -1 179.96839904785156 94.412399291992188 -1 175.29100036621094 95.429039001464844 -1 107.41799926757812 100.93065643310547 -1 248.06585693359375 235.26899719238281 -1 248.06585693359375 235.26899719238281 -1 248.06585693359375 235.26899719238281 -1 227.42849731445312 121.47728729248047 63 192.07685852050781 68.682464599609375 117 195.48924255371094 70.984077453613281 -1 233.34927368164062 106.51944732666016 197 166.25947570800781 89.15069580078125 -1 177.63319396972656 91.289787292480469 -1 169.22715759277344 95.281959533691406 -1 221.89222717285156 98.592300415039062 40 224.03961181640625 100.16161346435547 40 28.170267105102539 181.95787048339844 259 18.382024765014648 191.96800231933594 -1 83.915473937988281 123.07471466064453 -1 244.05693054199219 113.581787109375 99 100.55265045166016 107.27970886230469 -1 113.59963989257812 2.5291581153869629 -1 67.141937255859375 143.0552978515625 -1 177.63319396972656 91.289787292480469 -1 31.047857284545898 179.10072326660156 259 113.59963989257812 2.5291581153869629 -1 172.77659606933594 60.240940093994141 -1 229.34530639648438 103.71005249023438 197 204.12234497070312 85.15948486328125 42 247.22427368164062 116.10736846923828 99 166.25947570800781 89.15069580078125 -1 157.34268188476562 102.68244171142578 -1 166.20033264160156 101.32337188720703 -1 241.3541259765625 252.747802734375 -1 180.75379943847656 89.493682861328125 -1 180.75379943847656 89.493682861328125 -1 
27 0.99009193942660167 -0.092667530044104884 -0.09876141975681578 0.037106095531780077 -0.51242822095482921 -1.4026299948361916 -0.55223125464633471 1 000026.png
128.60552978515625 107.16867828369141 -1 144.69932556152344 196.9227294921875 -1 200.77627563476562 75.293510437011719 -1 121.50870513916016 87.617050170898438 -1 154.060546875 154.86148071289062 -1 113.87136077880859 23.801387786865234 -1 98.541267395019531 30.455656051635742 -1 217.68186950683594 106.12739562988281 223 130.71696472167969 168.84823608398438 -1 230.39724731445312 119.71958923339844 8 230.39724731445312 119.71958923339844 -1 130.71696472167969 168.84823608398438 -1 217.68186950683594 106.12739562988281 -1 202.67869567871094 60.852806091308594 -1 240.13333129882812 84.839569091796875 -1 227.90159606933594 76.221244812011719 -1 150.88919067382812 120.70471954345703 -1 180.814453125 44.721336364746094 -1 151.98216247558594 103.76474761962891 -1 104.42313385009766 12.391495704650879 -1 193.09562683105469 53.472625732421875 -1 156.69235229492188 77.443931579589844 -1 248.22056579589844 229.2607421875 -1 168.44187927246094 96.62286376953125 -1 233.59359741210938 101.66928863525391 -1 164.16963195800781 102.4488525390625 -1 174.4283447265625 40.273040771484375 -1 133.85498046875 179.46144104003906 -1 133.85498046875 179.46144104003906 -1 139.37174987792969 179.61994934082031 -1 243.24136352539062 227.87605285644531 -1 212.86616516113281 93.988395690917969 20 164.16963195800781 102.4488525390625 -1 109.14547729492188 34.084300994873047 -1 151.28802490234375 68.934646606445312 -1 188.74072265625 70.43988037109375 591 172.09393310546875 88.424263000488281 -1 169.25570678710938 91.726478576660156 -1 179.96952819824219 94.460975646972656 -1 175.30708312988281 95.4112548828125 -1 116.83229064941406 4.1012191772460938 -1 163.74809265136719 52.963775634765625 -1 155.05484008789062 65.049201965332031 -1 151.28802490234375 68.934646606445312 -1 188.74072265625 70.43988037109375 -1 175.30708312988281 95.4112548828125 -1 155.05484008789062 65.049201965332031 -1 116.83229064941406 4.1012191772460938 -1 244.195068359375 103.77703857421875 27 134.58619689941406 37.831188201904297 -1 159.54348754882812 50.450897216796875 -1 163.74809265136719 52.963775634765625 -1 159.95530700683594 55.553043365478516 -1 169.85733032226562 62.884742736816406 -1 113.25776672363281 2.9907608032226562 -1 149.54447937011719 85.332443237304688 -1 107.37681579589844 101.08091735839844 792 236.77891540527344 109.35825347900391 94 233.39405822753906 106.49791717529297 197 27.126106262207031 179.33955383300781 -1 247.28541564941406 116.14924621582031 99 226.72702026367188 102.04123687744141 -1 227.44265747070312 121.627197265625 63 27.126106262207031 179.33955383300781 259 104.75350189208984 7.1971487998962402 -1 97.946693420410156 24.904325485229492 -1 162.65641784667969 48.699790954589844 -1 172.73562622070312 60.229564666748047 -1 204.15081787109375 85.179702758789062 42 172.07769775390625 89.354904174804688 -1 218.23423767089844 95.332427978515625 234 224.06190490722656 100.06059265136719 40 157.34481811523438 102.63301086425781 -1 154.18461608886719 102.84247589111328 -1 253.61827087402344 223.27342224121094 -1 243.48289489746094 230.92759704589844 535 243.58558654785156 246.95892333984375 -1 241.48202514648438 252.65371704101562 -1 10.742072105407715 199.59959411621094 -1 87.058258056640625 120.14359283447266 -1 39.787174224853516 170.39125061035156 286 89.716865539550781 117.58380126953125 762 172.73562622070312 60.229564666748047 -1 89.716865539550781 117.58380126953125 -1 229.47700500488281 103.78160095214844 197 8.9132013320922852 201.54246520996094 -1 67.510307312011719 142.94609069824219 -1 6.6420736312866211 204.14736938476562 276 48.233787536621094 161.75381469726562 -1 180.70729064941406 89.522193908691406 -1 180.70729064941406 89.522193908691406 -1 90.744209289550781 119.95946502685547 -1 146.81680297851562 165.39860534667969 -1 
28 0.9897705820984477 -0.089698323676557959 -0.10307198553198212 0.04104352982639959 -0.28340389254294157 -1.4581862775103775 -0.75666338748026529 1 000027.png
128.03317260742188 107.03009796142578 -1 144.32185363769531 196.76530456542969 -1 200.75361633300781 74.866447448730469 -1 154.1026611328125 154.232421875 -1 130.09272766113281 165.89067077636719 -1 113.85726928710938 23.783201217651367 -1 98.508522033691406 30.479305267333984 -1 218.41130065917969 106.12914276123047 -1 231.3087158203125 118.01117706298828 8 218.41130065917969 106.12914276123047 223 181.66499328613281 46.572067260742188 -1 228.30876159667969 76.2860107421875 -1 211.57722473144531 95.113380432128906 20 150.93740844726562 120.61700439453125 -1 56.847053527832031 161.24237060546875 -1 132.76155090332031 175.92843627929688 -1 246.73252868652344 217.28567504882812 51 151.86549377441406 104.06524658203125 -1 104.20815277099609 12.079548835754395 -1 193.09465026855469 53.477157592773438 -1 156.6600341796875 77.443283081054688 -1 79.420204162597656 137.576904296875 -1 71.209495544433594 145.46286010742188 -1 249.50595092773438 227.7158203125 -1 249.50595092773438 227.7158203125 -1 163.99845886230469 102.52641296386719 -1 109.4764404296875 123.18181610107422 -1 110.57663726806641 130.46250915527344 262 139.39328002929688 179.51800537109375 -1 160.09599304199219 50.317775726318359 -1 174.44900512695312 40.22210693359375 -1 159.66192626953125 55.741950988769531 -1 101.60779571533203 63.773250579833984 -1 163.99845886230469 102.52641296386719 -1 168.45730590820312 96.591041564941406 -1 148.24229431152344 71.631126403808594 -1 148.24229431152344 71.631126403808594 -1 109.14117431640625 34.017696380615234 -1 245.76614379882812 244.90444946289062 -1 116.83172607421875 4.0887994766235352 -1 154.29762268066406 65.669349670410156 -1 175.29707336425781 95.438140869140625 -1 245.76614379882812 244.90444946289062 -1 169.85731506347656 62.908805847167969 -1 116.83172607421875 4.0887994766235352 -1 168.97633361816406 58.805179595947266 -1 154.29762268066406 65.669349670410156 -1 189.14720153808594 69.974159240722656 591 172.06597900390625 88.402290344238281 -1 169.29974365234375 91.732269287109375 -1 179.98390197753906 94.43798828125 -1 175.29707336425781 95.438140869140625 -1 234.77546691894531 96.309761047363281 26 227.87428283691406 120.64032745361328 63 242.55174255371094 233.20498657226562 535 243.16023254394531 250.99345397949219 -1 74.579292297363281 133.19378662109375 -1 74.579292297363281 133.19378662109375 -1 230.15658569335938 103.10023498535156 197 244.2708740234375 102.92690277099609 27 233.71792602539062 105.8096923828125 197 172.74488830566406 60.172473907470703 -1 154.04804992675781 77.060859680175781 -1 147.46641540527344 79.474830627441406 -1 204.38504028320312 84.68316650390625 42 172.08445739746094 89.334274291992188 -1 224.44357299804688 99.435356140136719 40 53.923286437988281 157.2496337890625 -1 44.363773345947266 167.00199890136719 286 30.21940803527832 181.59893798828125 259 26.846092224121094 184.77859497070312 -1 24.821874618530273 186.85249328613281 -1 11.740315437316895 192.43424987792969 -1 16.874977111816406 194.98872375488281 -1 6.1489410400390625 205.87478637695312 276 154.48878479003906 99.29510498046875 -1 154.14340209960938 103.05271911621094 -1 146.38107299804688 90.36834716796875 -1 172.74488830566406 60.172473907470703 -1 154.04804992675781 77.060859680175781 -1 3.2130663394927979 208.8780517578125 -1 253.95211791992188 222.52447509765625 -1 248.23811340332031 115.59037780761719 99 107.51194000244141 101.39217376708984 792 180.71998596191406 89.527145385742188 -1 157.35598754882812 102.46929168701172 -1 180.71998596191406 89.527145385742188 -1 
29 0.99061066277595355 -0.086921734091021038 -0.0984835691644384 0.037896088740517433 -0.53759544713226193 -1.352265278425228 -0.46200074786618023 1 000028.png
127.07769012451172 106.22608947753906 -1 143.92477416992188 196.68498229980469 -1 200.58271789550781 75.017120361328125 -1 121.47915649414062 87.447502136230469 -1 154.10287475585938 154.47129821777344 -1 113.83905792236328 23.792675018310547 -1 130.50051879882812 167.13433837890625 -1 130.50051879882812 167.13433837890625 -1 98.503288269042969 30.59514045715332 -1 130.50051879882812 167.13433837890625 -1 239.49894714355469 84.417495727539062 -1 246.12612915039062 124.32891082763672 -1 231.26698303222656 118.24100494384766 8 246.12612915039062 124.32891082763672 -1 124.76164245605469 10.83504581451416 -1 227.84101867675781 76.069740295410156 -1 151.01278686523438 120.42193603515625 -1 181.10025024414062 45.361076354980469 -1 193.04495239257812 53.502254486083984 -1 156.651611328125 77.433731079101562 -1 153.73445129394531 89.748046875 -1 248.58329772949219 227.15768432617188 -1 133.02522277832031 176.5374755859375 -1 133.02522277832031 176.5374755859375 -1 151.87382507324219 104.149169921875 -1 174.50114440917969 40.271438598632812 -1 101.74563598632812 63.690616607666016 -1 146.94773864746094 72.577369689941406 -1 225.48396301269531 90.743026733398438 -1 212.73329162597656 93.93798828125 20 168.52444458007812 96.604110717773438 -1 233.01004028320312 100.96440124511719 -1 164.12495422363281 102.42378234863281 -1 243.48922729492188 226.28550720214844 -1 249.20460510253906 235.10507202148438 -1 249.20460510253906 235.10507202148438 -1 164.12495422363281 102.42378234863281 -1 112.71770477294922 145.43659973144531 -1 109.17560577392578 34.125083923339844 -1 116.83610534667969 4.0400886535644531 -1 188.70208740234375 70.19287109375 -1 163.54254150390625 52.761970520019531 -1 153.48104858398438 66.568939208984375 -1 175.31529235839844 95.449821472167969 -1 252.41590881347656 119.07656860351562 -1 244.81373596191406 244.85032653808594 -1 242.76838684082031 250.44448852539062 -1 116.83610534667969 4.0400886535644531 -1 188.70208740234375 70.19287109375 591 135.17866516113281 38.27520751953125 -1 159.46578979492188 50.439262390136719 -1 163.54254150390625 52.761970520019531 -1 159.97348022460938 55.603286743164062 -1 169.84494018554688 62.908199310302734 -1 153.48104858398438 66.568939208984375 -1 171.99725341796875 88.352592468261719 -1 169.28533935546875 91.73651123046875 -1 179.94992065429688 94.500778198242188 -1 175.31529235839844 95.449821472167969 -1 234.38319396972656 96.593986511230469 -1 234.38319396972656 96.593986511230469 -1 243.68850708007812 102.98973083496094 27 252.41590881347656 119.07656860351562 -1 244.81373596191406 244.85032653808594 -1 242.76838684082031 250.44448852539062 -1 98.280868530273438 26.447996139526367 -1 192.35783386230469 68.703941345214844 117 227.201171875 120.70782470703125 63 29.13703727722168 179.13815307617188 259 10.877316474914551 202.23979187011719 276 227.201171875 120.70782470703125 64 29.13703727722168 179.13815307617188 -1 228.75776672363281 102.9752197265625 197 232.96176147460938 105.73955535888672 197 247.34159851074219 115.64875030517578 99 172.806884765625 60.2255859375 -1 203.85508728027344 84.734817504882812 42 215.34664916992188 93.210700988769531 234 169.23361206054688 95.26055908203125 -1 44.688552856445312 167.11793518066406 286 75.953651428222656 132.13856506347656 -1 91.367424011230469 117.03894805908203 762 93.91473388671875 114.48311614990234 762 157.37652587890625 102.53700256347656 -1 107.61660766601562 101.59738159179688 792 172.806884765625 60.2255859375 -1 147.42239379882812 80.134880065917969 -1 75.953651428222656 132.13856506347656 -1 20.227544784545898 191.9136962890625 -1 251.26438903808594 235.95281982421875 -1 238.99357604980469 241.81585693359375 -1 91.367424011230469 117.03894805908203 -1 217.93765258789062 94.712852478027344 234 
30 0.98994747064473232 -0.10093049715403467 -0.090688993758129388 0.039906722735328172 -0.89503957310485882 -1.8281993930807068 -0.3389979599295399 1 000029.png
127.53115844726562 106.87238311767578 -1 143.88755798339844 196.97398376464844 -1 200.76609802246094 75.609169006347656 -1 153.94593811035156 154.25657653808594 -1 113.79782867431641 23.74683952331543 -1 98.550376892089844 30.667623519897461 439 216.86720275878906 106.93662261962891 -1 230.82949829101562 119.41403961181641 8 130.55857849121094 167.5250244140625 -1 130.55857849121094 167.5250244140625 -1 216.86720275878906 106.93662261962891 223 130.55857849121094 167.5250244140625 -1 240.27125549316406 84.884979248046875 -1 246.50358581542969 218.07241821289062 51 151.10617065429688 120.46965789794922 -1 227.61648559570312 76.29534912109375 -1 122.76432800292969 8.0634708404541016 -1 122.76432800292969 8.0634708404541016 -1 101.65422821044922 116.16081237792969 -1 133.170654296875 177.0765380859375 -1 181.13981628417969 45.421737670898438 -1 193.17262268066406 53.527179718017578 -1 145.47602844238281 73.172271728515625 -1 156.68080139160156 77.428054809570312 -1 79.479629516601562 138.32994079589844 -1 249.54127502441406 228.47006225585938 -1 133.170654296875 177.0765380859375 -1 249.54127502441406 228.47006225585938 -1 101.65422821044922 116.16081237792969 -1 168.44413757324219 96.59619140625 -1 164.06594848632812 102.53592681884766 -1 212.41584777832031 94.27984619140625 20 151.85113525390625 103.80130767822266 -1 164.06594848632812 102.53592681884766 -1 233.262939453125 101.76190185546875 -1 174.02268981933594 39.728431701660156 -1 133.99319458007812 179.55242919921875 -1 110.73031616210938 130.73567199707031 262 133.99319458007812 179.55242919921875 -1 109.67724609375 122.09684753417969 -1 237.09124755859375 109.71783447265625 94 138.54379272460938 180.63595581054688 -1 249.704833984375 236.29042053222656 -1 116.76773071289062 4.0978503227233887 -1 155.41683959960938 64.855476379394531 -1 152.12716674804688 68.210174560546875 -1 188.31550598144531 70.85650634765625 -1 175.3399658203125 95.462196350097656 -1 249.704833984375 236.29042053222656 -1 116.76773071289062 4.0978503227233887 -1 134.82124328613281 37.763313293457031 -1 109.13145446777344 34.107200622558594 -1 159.24229431152344 50.874031066894531 -1 169.83535766601562 62.904376983642578 -1 155.41683959960938 64.855476379394531 -1 152.12716674804688 68.210174560546875 -1 188.31550598144531 70.85650634765625 591 172.03292846679688 88.344192504882812 -1 168.9981689453125 91.596466064453125 -1 179.97628784179688 94.368843078613281 -1 175.3399658203125 95.462196350097656 -1 243.79443359375 103.67167663574219 27 68.574050903320312 140.16780090332031 -1 68.574050903320312 140.16780090332031 -1 113.20459747314453 2.8869390487670898 -1 160.50570678710938 55.752155303955078 -1 227.26521301269531 121.36671447753906 63 194.87095642089844 71.06024169921875 117 252.2674560546875 97.678657531738281 -1 232.73080444335938 106.26953887939453 197 244.32540893554688 229.68875122070312 535 217.17903137207031 87.132118225097656 -1 166.25639343261719 89.150764465332031 -1 236.30043029785156 253.16166687011719 -1 169.18182373046875 95.076576232910156 -1 255.4276123046875 225.28364562988281 -1 254.01805114746094 223.10267639160156 -1 2.9055869579315186 210.82192993164062 -1 29.267532348632812 183.70735168457031 -1 172.63481140136719 60.269252777099609 -1 82.872909545898438 129.49130249023438 113 84.821762084960938 124.01071166992188 -1 87.0830078125 121.77651977539062 -1 93.0400390625 115.92076873779297 762 242.71484375 233.96824645996094 535 166.25639343261719 89.150764465332031 -1 166.25639343261719 89.150764465332031 -1 254.01805114746094 223.10267639160156 -1 255.4276123046875 225.28364562988281 -1 229.14573669433594 103.81070709228516 197 247.18302917480469 116.28954315185547 99 154.08682250976562 77.141242980957031 -1 154.08682250976562 77.141242980957031 -1 215.30010986328125 93.8214111328125 234 180.77194213867188 89.522026062011719 -1 180.77194213867188 89.522026062011719 -1 157.28094482421875 102.54150390625 -1 
31 0.99020438774459107 -0.087021923522605529 -0.099851315738769056 0.044183368624652199 -0.31055915232267356 -1.4593985778311276 -0.53268402269022286 1 000031.png
128.97586059570312 108.31707763671875 -1 144.06968688964844 197.00190734863281 -1 200.87391662597656 75.068511962890625 -1 154.14845275878906 153.61497497558594 -1 113.80904388427734 23.763174057006836 -1 112.04000854492188 67.567863464355469 -1 129.80052185058594 164.88046264648438 -1 98.463218688964844 30.412862777709961 439 217.60064697265625 106.12699890136719 -1 232.28701782226562 119.12812805175781 8 217.60064697265625 106.12699890136719 223 131.81208801269531 172.72474670410156 -1 151.00892639160156 120.65460968017578 -1 248.14178466796875 220.76565551757812 -1 228.94497680664062 76.702560424804688 -1 181.18257141113281 45.465274810791016 -1 192.96653747558594 53.454158782958984 -1 156.66999816894531 77.399284362792969 -1 133.06475830078125 176.91169738769531 -1 133.06475830078125 176.91169738769531 -1 105.60308837890625 92.805015563964844 -1 213.64247131347656 93.686195373535156 20 168.49554443359375 96.629013061523438 -1 164.18229675292969 102.41159820556641 -1 139.45834350585938 179.53060913085938 -1 246.18537902832031 228.065185546875 -1 235.08726501464844 101.83591461181641 -1 174.42562866210938 40.180351257324219 -1 164.18229675292969 102.41159820556641 -1 160.23161315917969 55.634960174560547 -1 169.8515625 62.906803131103516 -1 151.49504089355469 68.91156005859375 -1 188.92457580566406 70.154792785644531 591 172.01783752441406 88.31695556640625 -1 169.10699462890625 91.629173278808594 -1 179.98178100585938 94.456886291503906 -1 175.40475463867188 95.479209899902344 -1 235.60136413574219 96.927970886230469 26 245.50241088867188 103.45836639404297 27 251.70114135742188 236.08544921875 -1 116.78147125244141 3.9955267906188965 -1 151.49504089355469 68.91156005859375 -1 188.92457580566406 70.154792785644531 -1 175.40475463867188 95.479209899902344 -1 251.70114135742188 236.08544921875 -1 251.70114135742188 236.08544921875 -1 116.78147125244141 3.9955267906188965 -1 109.1160888671875 34.106067657470703 -1 160.18978881835938 50.897960662841797 -1 249.29325866699219 116.18978881835938 99 228.831298828125 121.35420227050781 63 228.831298828125 121.35420227050781 64 238.26863098144531 109.26473999023438 94 28.858467102050781 181.19720458984375 -1 234.43789672851562 106.20669555664062 197 113.16336822509766 3.0286862850189209 -1 28.858467102050781 181.19720458984375 665 113.16336822509766 3.0286862850189209 -1 196.25137329101562 70.858978271484375 117 222.85247802734375 98.302803039550781 40 225.27922058105469 100.15781402587891 40 157.48269653320312 102.60071563720703 -1 230.51519775390625 103.64167785644531 197 96.593963623046875 113.08546447753906 762 213.14860534667969 115.47383880615234 -1 78.108749389648438 135.20944213867188 -1 240.21817016601562 147.87200927734375 -1 41.1058349609375 172.35411071777344 259 25.982152938842773 188.20243835449219 -1 6.6487364768981934 207.98320007324219 258 29.96638298034668 184.17018127441406 -1 36.533966064453125 176.97555541992188 -1 172.75035095214844 60.191677093505859 -1 213.14860534667969 115.47383880615234 -1 101.63417816162109 108.36624908447266 -1 141.77023315429688 247.7030029296875 -1 146.17625427246094 253.66407775878906 -1 141.77023315429688 247.7030029296875 -1 172.75035095214844 60.191677093505859 -1 146.17625427246094 253.66407775878906 -1 205.20529174804688 85.245689392089844 42 15.49769401550293 198.85208129882812 276 219.51141357421875 95.781440734863281 234 240.21817016601562 147.87200927734375 -1 38.659736633300781 174.7344970703125 -1 46.814964294433594 166.45486450195312 -1 180.74063110351562 89.488914489746094 -1 68.482734680175781 144.39788818359375 -1 3.2265961170196533 211.28506469726562 -1 180.74063110351562 89.488914489746094 -1 
32 0.98955845662572239 -0.093543777729766242 -0.10175343514254466 0.040863932816780441 -0.34167716076782606 -1.4682366891959784 -0.64688418756218979 1 000030.png
129.32083129882812 108.03960418701172 -1 144.19967651367188 196.96437072753906 -1 200.82926940917969 75.541427612304688 -1 121.55487060546875 87.610801696777344 -1 154.09284973144531 154.64358520507812 -1 113.82022857666016 23.78748893737793 -1 214.66412353515625 108.30326080322266 161 98.525245666503906 30.306703567504883 -1 231.86109924316406 119.80538177490234 8 202.6732177734375 60.918807983398438 -1 131.68572998046875 172.98341369628906 -1 151.10025024414062 120.32424926757812 -1 228.44448852539062 76.728034973144531 -1 124.59092712402344 176.73236083984375 -1 247.28666687011719 220.47174072265625 -1 124.59092712402344 176.73236083984375 -1 151.81573486328125 104.16681671142578 -1 104.18827819824219 12.020930290222168 -1 181.09754943847656 45.291038513183594 -1 193.00387573242188 53.47607421875 -1 156.66567993164062 77.435386657714844 -1 164.23873901367188 102.39816284179688 -1 139.22549438476562 179.66748046875 -1 212.9588623046875 94.880020141601562 20 168.4677734375 96.63800048828125 -1 164.23873901367188 102.39816284179688 -1 110.72509002685547 130.78436279296875 262 109.1915283203125 33.958805084228516 -1 250.58317565917969 237.45443725585938 -1 159.99314880371094 55.537811279296875 -1 116.85575866699219 4.0655522346496582 -1 188.26373291015625 70.544105529785156 591 159.87216186523438 51.124397277832031 -1 169.87266540527344 62.855678558349609 -1 172.16792297363281 88.519233703613281 -1 169.29022216796875 91.718605041503906 -1 179.97535705566406 94.426353454589844 -1 175.34530639648438 95.438941955566406 -1 235.36434936523438 97.745048522949219 26 244.60826110839844 104.16896057128906 27 237.52294921875 109.94673919677734 94 250.58317565917969 237.45443725585938 -1 116.85575866699219 4.0655522346496582 -1 188.26373291015625 70.544105529785156 -1 175.34530639648438 95.438941955566406 -1 232.86320495605469 124.52391052246094 230 14.605108261108398 199.07392883300781 -1 113.31752014160156 2.8340966701507568 -1 233.82981872558594 107.04331970214844 197 232.86320495605469 124.52391052246094 231 9.9534797668457031 203.83802795410156 276 227.88569641113281 122.01641845703125 63 227.88569641113281 122.01641845703125 64 247.78567504882812 116.61875915527344 99 102.58098602294922 15.312735557556152 -1 169.75804138183594 40.138637542724609 -1 172.62181091308594 60.270965576171875 -1 198.46202087402344 81.358474731445312 363 204.1380615234375 85.561614990234375 42 216.16925048828125 94.3934326171875 234 169.17535400390625 95.131141662597656 -1 219.90631103515625 97.169075012207031 234 154.46478271484375 99.2725830078125 -1 224.7972412109375 100.87523651123047 40 238.4500732421875 100.93449401855469 170 157.30841064453125 102.40451049804688 -1 229.96463012695312 104.4141845703125 197 76.330825805664062 136.35935974121094 -1 30.558017730712891 178.42942810058594 259 83.178314208984375 129.48529052734375 113 8.514124870300293 196.93586730957031 -1 16.093231201171875 196.84550476074219 -1 5.4344840049743652 200.19570922851562 -1 11.898073196411133 201.18586730957031 -1 5.0613412857055664 208.44361877441406 258 2.6467745304107666 211.04713439941406 -1 101.49402618408203 108.10182952880859 -1 237.46260070800781 253.40078735351562 -1 172.62181091308594 60.270965576171875 -1 30.558017730712891 178.42942810058594 -1 102.58098602294922 15.312735557556152 -1 48.632205963134766 163.99040222167969 244 154.29801940917969 102.71424102783203 -1 153.84715270996094 76.8326416015625 -1 180.7470703125 89.493415832519531 -1 252.91259765625 235.08421325683594 -1 64.794548034667969 147.34080505371094 -1 211.54391479492188 90.905403137207031 243 180.7470703125 89.493415832519531 -1 194.83592224121094 78.734779357910156 325 153.84715270996094 76.8326416015625 -1 51.682357788085938 160.63406372070312 -1 
33 0.9905640496995719 -0.089799155122099364 -0.093096710022822576 0.045298761186898816 -0.40576805415755635 -1.3855700518970722 -0.46913082270374457 1 000033.png
125.39702606201172 109.99609375 -1 125.39702606201172 109.99609375 -1 144.96554565429688 197.34989929199219 -1 200.96760559082031 75.096427917480469 -1 120.65155029296875 86.720954895019531 -1 153.70362854003906 155.22476196289062 -1 113.769287109375 23.841920852661133 -1 110.87477111816406 64.053558349609375 -1 233.96168518066406 121.13507080078125 8 233.96168518066406 121.13507080078125 -1 98.292076110839844 30.172601699829102 439 220.02632141113281 108.20967864990234 -1 220.02632141113281 108.20967864990234 223 242.84783935546875 86.452468872070312 -1 124.82070922851562 10.941342353820801 -1 230.98857116699219 78.017990112304688 -1 151.1502685546875 120.36061859130859 -1 119.56623840332031 160.43879699707031 -1 119.56623840332031 160.43879699707031 -1 151.1502685546875 120.36061859130859 -1 232.50567626953125 109.10166168212891 197 180.70085144042969 44.761501312255859 -1 151.90104675292969 103.70665740966797 -1 192.91705322265625 53.426906585693359 -1 156.62623596191406 77.444328308105469 -1 132.239501953125 178.88580322265625 -1 139.58552551269531 179.6141357421875 -1 131.90481567382812 177.53878784179688 -1 132.239501953125 178.88580322265625 -1 215.71833801269531 95.283126831054688 20 164.19316101074219 102.44533538818359 -1 110.47784423828125 137.42465209960938 -1 111.76622772216797 145.97747802734375 -1 168.42704772949219 96.661231994628906 -1 242.099365234375 251.358154296875 -1 174.1866455078125 39.885101318359375 -1 147.28843688964844 47.601692199707031 -1 132.69064331054688 180.220947265625 -1 164.19316101074219 102.44533538818359 -1 153.63809204101562 89.443466186523438 -1 132.69064331054688 180.220947265625 -1 102.68436431884766 71.953498840332031 841 109.19814300537109 33.975811004638672 -1 109.19814300537109 33.975811004638672 -1 171.96919250488281 88.326950073242188 -1 116.80808258056641 4.0807199478149414 -1 169.21403503417969 58.708850860595703 -1 169.85836791992188 62.891063690185547 -1 154.41796875 65.373115539550781 -1 189.01272583007812 70.132827758789062 591 169.09487915039062 91.700218200683594 -1 179.9307861328125 94.397178649902344 -1 175.21382141113281 95.389778137207031 -1 237.50083923339844 98.093284606933594 26 247.65536499023438 104.86812591552734 27 116.80808258056641 4.0807199478149414 -1 154.41796875 65.373115539550781 -1 175.21382141113281 95.389778137207031 -1 251.12551879882812 117.57363128662109 220 252.07313537597656 246.63664245605469 -1 89.842445373535156 3.4752051830291748 -1 160.42529296875 55.640155792236328 -1 89.842445373535156 3.4752051830291748 -1 236.51268005371094 107.56401062011719 197 97.406715393066406 114.9267578125 762 154.28570556640625 102.84273529052734 -1 81.593070983886719 130.90754699707031 -1 38.937034606933594 177.74850463867188 259 29.367137908935547 188.00404357910156 -1 157.31393432617188 102.58609771728516 -1 27.034534454345703 190.26388549804688 297 15.478579521179199 201.93605041503906 276 249.65977478027344 234.26675415039062 -1 86.056068420410156 126.24639892578125 113 166.23861694335938 89.133880615234375 -1 199.95210266113281 81.307960510253906 363 172.78811645507812 60.196819305419922 -1 102.69300842285156 15.549472808837891 -1 113.57499694824219 2.1924839019775391 -1 102.69300842285156 15.549472808837891 -1 172.78811645507812 60.196819305419922 -1 81.593070983886719 130.90754699707031 -1 233.31028747558594 105.35141754150391 197 113.57499694824219 2.1924839019775391 -1 206.84065246582031 86.725440979003906 42 50.018478393554688 166.40707397460938 286 180.69651794433594 89.510581970214844 -1 247.31901550292969 86.241714477539062 -1 180.69651794433594 89.510581970214844 -1 
34 0.99034521402755915 -0.095310833758420352 -0.093884772537207409 0.036302224540924792 -0.32404755234784027 -1.5050638302581814 -0.57217211512960697 1 000032.png
120.56147766113281 108.00150299072266 -1 120.56147766113281 108.00150299072266 -1 144.18778991699219 197.20970153808594 -1 200.7103271484375 74.435043334960938 -1 154.05397033691406 154.45803833007812 -1 113.75408935546875 23.769968032836914 -1 217.47891235351562 107.85260009765625 161 98.413078308105469 30.389636993408203 439 130.09719848632812 167.35464477539062 -1 233.46272277832031 119.55490875244141 8 130.09719848632812 167.35464477539062 -1 233.46272277832031 119.55490875244141 -1 130.09719848632812 167.35464477539062 -1 151.02906799316406 120.53622436523438 -1 241.60220336914062 85.396316528320312 -1 133.12016296386719 177.93429565429688 -1 180.71476745605469 44.689460754394531 -1 139.94300842285156 179.3597412109375 -1 133.12016296386719 177.93429565429688 -1 151.98170471191406 103.80951690673828 -1 193.01945495605469 53.420425415039062 -1 229.83670043945312 76.853607177734375 -1 156.69438171386719 77.377960205078125 -1 103.46437072753906 13.010045051574707 -1 162.11555480957031 51.360557556152344 -1 102.65481567382812 71.327156066894531 841 164.32478332519531 102.50653076171875 -1 237.14520263671875 96.307693481445312 26 103.46437072753906 13.010045051574707 -1 168.50291442871094 96.683837890625 -1 215.2828369140625 93.861167907714844 20 228.06721496582031 90.798240661621094 -1 164.32478332519531 102.50653076171875 -1 109.67138671875 123.53738403320312 -1 162.11555480957031 51.360557556152344 -1 175.24501037597656 95.413764953613281 -1 109.14707946777344 33.990341186523438 -1 175.24501037597656 95.413764953613281 -1 172.06097412109375 88.3243408203125 -1 179.95793151855469 94.485404968261719 -1 246.78672790527344 103.12635040283203 27 239.63099670410156 108.94525909423828 94 250.57780456542969 247.07833862304688 -1 116.85993194580078 4.0612034797668457 -1 250.57780456542969 247.07833862304688 -1 169.32266235351562 91.751884460449219 -1 116.85993194580078 4.0612034797668457 -1 160.12818908691406 55.650901794433594 -1 169.83097839355469 62.951328277587891 -1 189.46490478515625 69.735374450683594 591 113.45948028564453 2.7430863380432129 -1 164.3232421875 52.365097045898438 -1 226.64495849609375 91.201072692871094 -1 113.45948028564453 2.7430863380432129 -1 5.9169888496398926 211.78170776367188 -1 164.3232421875 52.365097045898438 -1 197.47463989257812 70.829795837402344 117 236.09683227539062 106.21810150146484 197 250.26150512695312 115.74166107177734 220 230.20310974121094 121.20245361328125 63 241.02943420410156 253.31776428222656 -1 172.78811645507812 60.155326843261719 -1 194.05430603027344 61.004413604736328 -1 200.54136657714844 80.917999267578125 363 43.013641357421875 172.87876892089844 259 222.27197265625 96.71490478515625 234 31.578649520874023 184.833251953125 -1 12.060366630554199 197.45368957519531 -1 3.1341094970703125 214.32691955566406 -1 59.529312133789062 155.94015502929688 -1 246.51383972167969 237.318603515625 -1 242.39605712890625 250.06985473632812 -1 39.848052978515625 175.8660888671875 259 103.52665710449219 108.01653289794922 -1 232.26513671875 103.46299743652344 197 154.2880859375 102.88919067382812 -1 154.4146728515625 99.286888122558594 -1 157.43470764160156 102.68105316162109 -1 172.78811645507812 60.155326843261719 -1 194.05430603027344 61.004413604736328 -1 157.43470764160156 102.68105316162109 -1 226.55012512207031 99.88494873046875 40 180.7431640625 89.431785583496094 -1 180.7431640625 89.431785583496094 -1 242.21903991699219 147.18623352050781 -1 242.21903991699219 147.18623352050781 -1 248.63046264648438 231.34451293945312 535 50.838760375976562 164.4564208984375 286 82.303703308105469 132.61932373046875 -1 70.388618469238281 144.48457336425781 -1 
35 0.99101902710811351 -0.089751081286605763 -0.088021826702672834 0.045587162025047631 -0.63920590491374607 -1.3671112864265211 -0.33480572782676654 1 000034.png
124.35552215576172 109.53091430664062 -1 124.35552215576172 109.53091430664062 -1 144.69146728515625 197.32583618164062 -1 200.96026611328125 75.015274047851562 -1 120.7086181640625 86.972671508789062 -1 153.8035888671875 155.13166809082031 -1 113.79061126708984 23.793004989624023 -1 98.419647216796875 30.358303070068359 439 234.13282775878906 120.76728820800781 8 242.6263427734375 86.323387145996094 -1 131.14726257324219 174.47526550292969 -1 190.90557861328125 80.483024597167969 224 151.08720397949219 120.79474639892578 -1 104.20058441162109 11.748870849609375 -1 151.96188354492188 103.83598327636719 -1 180.96176147460938 45.053260803222656 -1 192.9593505859375 53.437858581542969 -1 156.64584350585938 77.402496337890625 -1 230.85148620605469 77.663307189941406 -1 232.53485107421875 109.05268096923828 197 97.686561584472656 123.68115234375 -1 125.21202087402344 178.75801086425781 -1 132.26678466796875 178.80789184570312 -1 132.26678466796875 178.80789184570312 -1 97.686561584472656 123.68115234375 -1 164.11158752441406 102.41926574707031 -1 132.65296936035156 179.84951782226562 -1 138.400390625 180.88931274414062 -1 249.26544189453125 231.42591857910156 -1 174.49909973144531 40.386623382568359 -1 161.95552062988281 51.797599792480469 -1 164.11158752441406 102.41926574707031 -1 161.95552062988281 51.797599792480469 -1 215.68013000488281 95.39093017578125 20 168.44160461425781 96.650741577148438 -1 132.65296936035156 179.84951782226562 -1 102.737548828125 71.410591125488281 574 109.12245941162109 34.021907806396484 -1 237.61955261230469 98.011116027832031 26 116.83882904052734 3.9976356029510498 -1 154.11367797851562 65.915824890136719 -1 175.3472900390625 95.463157653808594 -1 189.08860778808594 70.094680786132812 591 116.83882904052734 3.9976356029510498 -1 169.86111450195312 62.899383544921875 -1 154.11367797851562 65.915824890136719 -1 172.10726928710938 88.460517883300781 -1 169.27433776855469 91.715232849121094 -1 179.92449951171875 94.412002563476562 -1 175.3472900390625 95.463157653808594 -1 113.4576416015625 2.7771146297454834 -1 232.52151489257812 104.88166046142578 197 247.54653930664062 104.81781768798828 27 236.84715270996094 107.73451232910156 197 100.28884124755859 6.767265796661377 204 160.51823425292969 55.780681610107422 -1 30.468387603759766 182.70932006835938 -1 113.4576416015625 2.7771146297454834 -1 30.468387603759766 182.70932006835938 665 100.28884124755859 6.767265796661377 -1 4.2916135787963867 214.19163513183594 -1 221.36689758300781 96.698989868164062 234 227.07527160644531 101.08934020996094 40 144.13734436035156 108.53748321533203 -1 177.724853515625 91.190559387207031 -1 69.742973327636719 146.22691345214844 -1 38.708606719970703 178.10743713378906 -1 32.581951141357422 180.51484680175781 -1 101.85951995849609 35.489631652832031 -1 27.676687240600586 189.62588500976562 297 206.41226196289062 86.274520874023438 42 147.30715942382812 83.494911193847656 -1 147.30715942382812 83.494911193847656 -1 154.45791625976562 99.255096435546875 -1 172.78813171386719 60.170772552490234 -1 172.78813171386719 60.170772552490234 -1 177.724853515625 91.190559387207031 -1 32.581951141357422 180.51484680175781 -1 193.66474914550781 69.454368591308594 -1 12.382687568664551 197.73365783691406 276 251.12741088867188 117.43032073974609 220 11.997471809387207 205.98782348632812 258 225.1484375 99.545364379882812 40 180.72514343261719 89.526283264160156 -1 180.72514343261719 89.526283264160156 -1 
36 0.99007572511147612 -0.091289165722252846 -0.096912379655805653 0.044992637577375455 -0.33173558698520378 -1.4482775138281667 -0.52143724154095084 1 000035.png
122.93562316894531 108.90147399902344 -1 122.93562316894531 108.90147399902344 -1 144.2044677734375 197.62156677246094 -1 200.90260314941406 75.414588928222656 -1 120.64176177978516 87.156402587890625 -1 127.15946197509766 155.82633972167969 -1 153.80424499511719 154.92852783203125 -1 127.15946197509766 155.82633972167969 -1 113.73408508300781 23.827791213989258 -1 110.86235809326172 63.724948883056641 -1 98.476921081542969 30.511348724365234 439 219.08839416503906 107.81228637695312 -1 233.57048034667969 120.78350830078125 8 219.08839416503906 107.81228637695312 223 242.46391296386719 86.187576293945312 -1 57.746109008789062 166.347412109375 -1 229.80152893066406 77.492515563964844 -1 151.12416076660156 120.67177581787109 -1 104.17347717285156 11.500126838684082 -1 180.7528076171875 44.718624114990234 -1 192.98150634765625 53.458240509033203 -1 156.65878295898438 77.399795532226562 -1 124.89694976806641 179.35832214355469 -1 151.99833679199219 103.67594909667969 -1 236.22749328613281 103.39228057861328 -1 138.85739135742188 180.65380859375 -1 174.17242431640625 39.883842468261719 -1 214.64114379882812 95.306953430175781 20 168.43655395507812 96.621803283691406 -1 164.10261535644531 102.40763092041016 -1 132.06364440917969 179.72843933105469 -1 164.10261535644531 102.40763092041016 -1 132.06364440917969 179.72843933105469 -1 109.18157958984375 33.885879516601562 -1 116.80077362060547 4.1285247802734375 -1 179.91957092285156 94.414077758789062 -1 169.21849060058594 91.728546142578125 -1 172.0968017578125 88.486686706542969 -1 247.82688903808594 231.87696838378906 -1 169.86972045898438 62.831676483154297 -1 160.67610168457031 51.537967681884766 -1 106.91411590576172 105.18607330322266 792 242.75892639160156 246.54420471191406 -1 188.58950805664062 70.498695373535156 591 246.52008056640625 105.03099822998047 27 236.59718322753906 98.367889404296875 26 175.37626647949219 95.496505737304688 -1 116.80077362060547 4.1285247802734375 -1 188.58950805664062 70.498695373535156 -1 175.37626647949219 95.496505737304688 -1 252.92927551269531 239.20193481445312 -1 231.61900329589844 105.15091705322266 197 252.92927551269531 239.20193481445312 -1 160.42973327636719 55.634479522705078 -1 235.41302490234375 107.86552429199219 197 249.44572448730469 117.39267730712891 99 31.501073837280273 180.22642517089844 -1 31.501073837280273 180.22642517089844 -1 28.327455520629883 183.46003723144531 665 28.327455520629883 183.46003723144531 -1 132.79225158691406 182.19107055664062 -1 132.79225158691406 182.19107055664062 -1 223.91905212402344 99.83160400390625 40 220.82267761230469 97.294403076171875 234 217.64227294921875 95.075119018554688 234 166.20021057128906 89.000503540039062 -1 195.80899047851562 79.134292602539062 325 172.68318176269531 60.248889923095703 -1 2.9465372562408447 213.87876892089844 -1 169.57780456542969 40.321022033691406 -1 142.2283935546875 125.64155578613281 -1 48.961765289306641 165.95654296875 286 93.787109375 121.13596343994141 -1 41.342624664306641 173.9061279296875 259 133.07839965820312 183.11126708984375 -1 57.132049560546875 157.87713623046875 -1 157.40557861328125 102.55799865722656 -1 133.07839965820312 183.11126708984375 -1 14.427516937255859 201.54225158691406 276 10.015207290649414 206.57852172851562 258 96.577682495117188 114.56338500976562 762 101.97720336914062 109.4971923828125 -1 157.40557861328125 102.55799865722656 -1 166.20021057128906 89.000503540039062 -1 180.69050598144531 89.495811462402344 -1 180.69050598144531 89.495811462402344 -1 154.07499694824219 103.23809051513672 -1 
37 0.99003670698706236 -0.093403068160552744 -0.094085843434494706 0.04744512347574497 -0.53878083150798661 -1.3303233868723352 -0.46978309886064823 1 000038.png
126.07644653320312 110.24327087402344 -1 126.07644653320312 110.24327087402344 -1 144.46054077148438 197.53565979003906 -1 201.06126403808594 76.323356628417969 -1 120.64276123046875 87.282577514648438 -1 153.574462890625 155.60455322265625 -1 113.76744079589844 23.828760147094727 -1 111.29380035400391 64.818115234375 -1 109.07843780517578 60.991725921630859 -1 98.48736572265625 30.57904052734375 439 233.42782592773438 122.70459747314453 8 243.86289978027344 87.082588195800781 -1 151.11746215820312 120.47514343261719 -1 151.87599182128906 103.93050384521484 -1 104.29620361328125 11.820591926574707 -1 146.32586669921875 47.379985809326172 -1 193.01638793945312 53.471103668212891 -1 156.67921447753906 77.395286560058594 -1 132.01960754394531 179.30375671386719 -1 138.64776611328125 180.81661987304688 -1 132.01960754394531 179.30375671386719 -1 174.3958740234375 40.102066040039062 -1 180.8203125 44.668682098388672 -1 167.91200256347656 58.318588256835938 -1 102.36898040771484 72.347572326660156 574 168.4462890625 96.624443054199219 -1 214.49066162109375 97.110084533691406 20 164.23915100097656 102.33943939208984 -1 247.58366394042969 235.50949096679688 -1 164.23915100097656 102.33943939208984 -1 167.91200256347656 58.318588256835938 -1 120.66752624511719 172.51004028320312 -1 253.04597473144531 243.96420288085938 -1 116.81186676025391 4.0285654067993164 -1 155.77865600585938 64.389755249023438 -1 187.67745971679688 71.554817199707031 -1 175.40081787109375 95.486831665039062 -1 253.04597473144531 243.96420288085938 -1 253.04597473144531 243.96420288085938 -1 116.81186676025391 4.0285654067993164 -1 134.46961975097656 37.680171966552734 -1 169.79899597167969 62.888454437255859 -1 155.77865600585938 64.389755249023438 -1 187.67745971679688 71.554817199707031 591 172.06913757324219 88.349006652832031 -1 169.36415100097656 91.738059997558594 -1 179.9344482421875 94.483566284179688 -1 175.40081787109375 95.486831665039062 -1 236.73260498046875 100.48541259765625 26 246.22042846679688 107.17453002929688 27 235.60787963867188 110.00852966308594 197 107.19700622558594 105.81401824951172 792 231.74784851074219 107.26496887207031 197 250.06510925292969 120.03836059570312 220 229.80136108398438 125.39749908447266 63 27.320230484008789 184.90362548828125 -1 27.320230484008789 184.90362548828125 665 160.53788757324219 52.406227111816406 -1 167.738525390625 53.566696166992188 -1 172.49375915527344 60.344154357910156 -1 228.86549377441406 80.35382080078125 -1 217.39262390136719 96.8536376953125 234 95.470817565917969 116.55906677246094 762 154.0704345703125 102.93888092041016 -1 157.36189270019531 102.46640777587891 -1 174.74995422363281 53.230033874511719 -1 174.74995422363281 53.230033874511719 -1 174.74995422363281 53.230033874511719 -1 95.470817565917969 116.55906677246094 -1 9.5459518432617188 207.03569030761719 258 4.6978912353515625 212.35165405273438 -1 56.807163238525391 158.59184265136719 -1 228.86549377441406 80.35382080078125 -1 206.14830017089844 88.341346740722656 42 180.71014404296875 89.5322265625 -1 75.256759643554688 140.13711547851562 -1 180.71014404296875 89.5322265625 -1 
38 0.98845958256255795 -0.10086515126604968 -0.10255094591912567 0.0475097715362129 -0.11792925538551882 -1.5824136949876559 -0.71539995381500698 1 000036.png
126.15562438964844 110.10536956787109 -1 126.15562438964844 110.10536956787109 -1 144.51248168945312 197.64497375488281 -1 201.00138854980469 76.322608947753906 -1 120.55848693847656 87.108291625976562 -1 153.74986267089844 155.20616149902344 -1 113.74420166015625 23.870342254638672 -1 111.2554931640625 64.790008544921875 -1 98.465744018554688 30.693788528442383 439 233.30484008789062 122.75489044189453 8 243.28900146484375 86.818321228027344 -1 151.06556701660156 120.77568817138672 -1 151.84194946289062 104.15798950195312 -1 104.29757690429688 12.137481689453125 -1 181.09587097167969 45.403797149658203 -1 145.9681396484375 47.214817047119141 -1 192.98216247558594 53.453411102294922 -1 156.64109802246094 77.428413391113281 -1 167.80183410644531 58.377227783203125 -1 102.31058502197266 72.608627319335938 574 168.36955261230469 96.6502685546875 -1 214.49589538574219 97.507568359375 20 164.03732299804688 102.51706695556641 -1 111.71593475341797 149.8604736328125 -1 131.83645629882812 180.39524841308594 -1 247.21766662597656 235.80680847167969 -1 164.03732299804688 102.51706695556641 -1 167.80183410644531 58.377227783203125 -1 131.83645629882812 180.39524841308594 -1 174.07017517089844 39.744510650634766 -1 101.90583038330078 62.628364562988281 -1 137.25662231445312 182.13385009765625 -1 117.18719482421875 162.2764892578125 -1 169.8260498046875 62.882232666015625 -1 187.60086059570312 71.545768737792969 591 172.03768920898438 88.44073486328125 -1 169.26910400390625 91.735321044921875 -1 179.92988586425781 94.481033325195312 -1 175.25621032714844 95.440528869628906 -1 236.53346252441406 100.42098236083984 26 117.18719482421875 162.2764892578125 -1 187.60086059570312 71.545768737792969 -1 175.25621032714844 95.440528869628906 -1 113.33913421630859 2.728172779083252 -1 26.552797317504883 185.55171203613281 -1 167.70060729980469 53.603385925292969 -1 197.02337646484375 74.004074096679688 117 160.60971069335938 52.48370361328125 -1 106.81681823730469 105.90386962890625 792 246.36000061035156 107.52403259277344 27 252.56660461425781 243.50355529785156 -1 250.53431701660156 120.60039520263672 220 113.33913421630859 2.728172779083252 -1 26.552797317504883 185.55171203613281 665 252.56660461425781 243.50355529785156 -1 252.56660461425781 243.50355529785156 -1 180.63761901855469 89.465423583984375 -1 177.59077453613281 91.218948364257812 -1 182.04702758789062 96.8624267578125 -1 220.94537353515625 99.675361633300781 234 157.34596252441406 102.59574127197266 -1 95.379501342773438 116.41839599609375 762 84.467155456542969 127.21587371826172 113 81.129425048828125 130.55815124511719 113 166.21090698242188 89.086036682128906 -1 26.91035270690918 189.15267944335938 -1 23.235786437988281 192.86886596679688 -1 12.710899353027344 203.43426513671875 276 100.10525512695312 112.05342864990234 -1 226.76744079589844 104.05538177490234 40 154.21376037597656 102.98709106445312 -1 172.50726318359375 60.395641326904297 -1 172.50726318359375 60.395641326904297 -1 180.63761901855469 89.465423583984375 -1 177.59077453613281 91.218948364257812 -1 182.04702758789062 96.8624267578125 -1 81.129425048828125 130.55815124511719 -1 202.56327819824219 86.116844177246094 42 205.79351806640625 88.344970703125 42 242.60551452636719 252.42649841308594 -1 87.872970581054688 123.8756103515625 -1 166.21090698242188 89.086036682128906 -1 67.163192749023438 147.7685546875 -1 223.65998840332031 101.55678558349609 40 82.899749755859375 132.23861694335938 113 4.5626020431518555 211.80609130859375 258 
39 0.9899675384512826 -0.09303283464250893 -0.094863890444181587 0.048062529905138721 -0.46453127717832338 -1.3485599215875805 -0.39842799131070245 1 000039.png
125.72431945800781 110.09878540039062 -1 125.72431945800781 110.09878540039062 -1 144.42521667480469 197.59217834472656 -1 201.05465698242188 76.330078125 -1 120.52407073974609 86.454841613769531 -1 153.79171752929688 155.07211303710938 -1 113.76609039306641 23.824954986572266 -1 111.14731597900391 64.399795532226562 -1 233.32072448730469 123.69132995605469 8 219.67897033691406 109.51115417480469 -1 98.527397155761719 30.465265274047852 439 219.67897033691406 109.51115417480469 223 243.63487243652344 87.043525695800781 -1 130.794921875 174.93864440917969 -1 106.65026092529297 56.734962463378906 425 188.65751647949219 63.398853302001953 -1 151.07156372070312 120.51082611083984 -1 104.28265380859375 12.411899566650391 -1 181.21009826660156 45.544425964355469 -1 146.79039001464844 47.684112548828125 -1 192.66452026367188 53.388023376464844 -1 156.68472290039062 77.404121398925781 -1 188.72850036621094 79.997940063476562 224 174.44075012207031 40.286567687988281 -1 148.05337524414062 70.775955200195312 -1 102.40056610107422 72.297088623046875 841 168.42039489746094 96.615638732910156 -1 214.62205505371094 97.422218322753906 20 111.62653350830078 147.51870727539062 -1 247.54624938964844 235.51091003417969 -1 138.44145202636719 181.14273071289062 -1 148.05337524414062 70.775955200195312 -1 164.27107238769531 102.38556671142578 -1 164.27107238769531 102.38556671142578 -1 244.9288330078125 243.0699462890625 -1 109.20427703857422 33.816524505615234 -1 175.43130493164062 95.489120483398438 -1 236.53585815429688 100.35593414306641 26 132.66717529296875 181.46942138671875 -1 116.80426025390625 4.049774169921875 -1 152.7379150390625 67.3048095703125 -1 187.69102478027344 71.547988891601562 -1 175.43130493164062 95.489120483398438 -1 132.66717529296875 181.46942138671875 -1 152.7379150390625 67.3048095703125 -1 116.80426025390625 4.049774169921875 -1 169.82858276367188 62.861541748046875 -1 187.69102478027344 71.547988891601562 591 172.14225769042969 88.422607421875 -1 169.32691955566406 91.720451354980469 -1 179.95637512207031 94.416481018066406 -1 252.77699279785156 242.74974060058594 -1 160.52835083007812 52.394435882568359 -1 250.29377746582031 120.19949340820312 220 229.78936767578125 125.33955383300781 63 247.84461975097656 237.60227966308594 -1 248.5067138671875 255.5057373046875 -1 252.77699279785156 242.74974060058594 -1 79.040008544921875 133.04708862304688 -1 79.040008544921875 133.04708862304688 -1 229.78936767578125 125.33955383300781 64 197.20733642578125 73.9627685546875 117 107.29631042480469 105.61875152587891 792 246.36924743652344 107.27930450439453 27 252.77699279785156 242.74974060058594 -1 167.44828796386719 53.890674591064453 -1 202.18177795410156 77.579948425292969 -1 132.98481750488281 183.11093139648438 -1 223.50779724121094 101.4893798828125 40 34.451065063476562 181.47206115722656 704 226.08909606933594 103.44753265380859 40 93.050224304199219 118.99024200439453 762 67.453651428222656 148.05461120605469 -1 95.532135009765625 116.46863555908203 762 8.4671382904052734 208.22860717773438 258 3.544349193572998 213.42948913574219 -1 100.32002258300781 112.04635620117188 -1 235.66017150878906 109.89844512939453 197 172.47993469238281 60.329887390136719 -1 231.34391784667969 107.10332489013672 197 132.98481750488281 183.11093139648438 -1 84.375213623046875 127.50827026367188 113 157.3463134765625 102.37586212158203 -1 60.507213592529297 154.80535888671875 -1 176.68760681152344 43.891048431396484 -1 14.474422454833984 201.85723876953125 276 217.611328125 96.934005737304688 234 17.430547714233398 198.879638671875 -1 
40 0.98958283023790516 -0.095057803349497469 -0.096947778645071828 0.047864019226262156 -0.36031528747994573 -1.4302310844011537 -0.4320911300810753 1 000041.png
124.80017852783203 109.78863525390625 -1 124.80017852783203 109.78863525390625 -1 144.37171936035156 197.67913818359375 -1 201.09249877929688 76.280532836914062 -1 120.51634216308594 86.690765380859375 -1 153.67355346679688 154.96788024902344 -1 113.77693939208984 23.803241729736328 -1 111.56635284423828 65.636672973632812 -1 233.21426391601562 123.44025421142578 8 129.58015441894531 169.05918884277344 -1 129.58015441894531 169.05918884277344 -1 98.509178161621094 30.456085205078125 439 229.62776184082031 78.126258850097656 -1 243.38764953613281 86.881454467773438 -1 130.89666748046875 174.86537170410156 -1 151.08016967773438 120.62541961669922 -1 180.72195434570312 44.752758026123047 -1 104.31383514404297 11.438783645629883 -1 193.08918762207031 53.45849609375 -1 156.6527099609375 77.449089050292969 -1 214.51803588867188 97.825965881347656 20 231.42341613769531 111.367919921875 197 96.756401062011719 124.50267028808594 -1 96.756401062011719 124.50267028808594 -1 174.10263061523438 39.766086578369141 -1 148.09117126464844 70.900276184082031 -1 105.67462158203125 96.767913818359375 -1 168.47512817382812 96.585174560546875 -1 164.13278198242188 102.34506988525391 -1 151.86436462402344 103.85553741455078 -1 247.66009521484375 235.13752746582031 -1 164.13278198242188 102.34506988525391 -1 148.09117126464844 70.900276184082031 -1 102.59269714355469 71.772377014160156 841 109.24571990966797 33.730995178222656 -1 249.16426086425781 255.54000854492188 -1 116.83119964599609 3.9833443164825439 -1 155.4346923828125 64.190055847167969 -1 187.7652587890625 71.499618530273438 -1 175.39112854003906 95.454116821289062 -1 132.6004638671875 180.98471069335938 -1 249.16426086425781 255.54000854492188 -1 116.83119964599609 3.9833443164825439 -1 169.81639099121094 62.883670806884766 -1 155.4346923828125 64.190055847167969 -1 187.7652587890625 71.499618530273438 591 172.03083801269531 88.299026489257812 -1 169.308837890625 91.7093505859375 -1 179.94583129882812 94.360923767089844 -1 175.39112854003906 95.454116821289062 -1 246.72239685058594 107.07445526123047 27 132.6004638671875 180.98471069335938 -1 246.31748962402344 116.80198669433594 99 160.43389892578125 52.314090728759766 -1 107.35285949707031 105.49385833740234 792 250.35368347167969 120.06737518310547 220 226.46781921386719 103.62749481201172 40 63.493400573730469 148.18389892578125 -1 63.493400573730469 148.18389892578125 -1 27.202953338623047 185.12831115722656 665 252.89553833007812 242.34782409667969 -1 252.89553833007812 242.34782409667969 -1 27.202953338623047 185.12831115722656 -1 252.89553833007812 242.34782409667969 -1 172.50640869140625 60.338157653808594 -1 205.5068359375 88.083961486816406 42 220.34976196289062 98.776695251464844 234 223.72885131835938 101.40744018554688 40 14.906898498535156 201.44668579101562 276 24.89044189453125 191.21159362792969 297 231.8990478515625 107.18544006347656 197 235.24848937988281 109.65262603759766 197 95.41961669921875 116.47379302978516 762 32.852901458740234 183.02479553222656 704 78.006187438964844 137.62925720214844 -1 87.865318298339844 124.1793212890625 -1 154.28363037109375 102.73587799072266 -1 191.97914123535156 77.988372802734375 325 72.921524047851562 142.53155517578125 -1 17.56077766418457 198.97052001953125 276 87.865318298339844 124.1793212890625 -1 180.7425537109375 89.489692687988281 -1 180.7425537109375 89.489692687988281 -1 
41 0.98964491988303704 -0.095294277662262047 -0.09633100191302299 0.047352626801034178 -0.43348392317810236 -1.3644213829974363 -0.47944214552580144 1 000037.png
126.84447479248047 110.45027160644531 -1 126.84447479248047 110.45027160644531 -1 144.61880493164062 197.63594055175781 -1 201.04216003417969 76.416748046875 -1 120.60659790039062 87.3028564453125 -1 153.69139099121094 155.50897216796875 -1 113.75706481933594 23.874195098876953 -1 111.02284240722656 64.419578552246094 -1 98.390121459960938 30.613264083862305 439 219.14222717285156 110.10958099365234 223 232.90884399414062 123.72776031494141 8 219.14222717285156 110.10958099365234 -1 243.64288330078125 87.062545776367188 -1 151.109130859375 120.60086059570312 -1 151.88818359375 104.05062103271484 -1 180.75503540039062 44.769775390625 -1 104.42445373535156 12.325960159301758 -1 192.659912109375 53.339458465576172 -1 156.62664794921875 77.462730407714844 -1 164.148193359375 102.37834930419922 -1 94.736167907714844 124.61270141601562 -1 247.48719787597656 236.28501892089844 -1 174.469970703125 40.226730346679688 -1 167.59246826171875 58.331501007080078 -1 102.35028839111328 72.799224853515625 841 131.87022399902344 179.97183227539062 -1 168.40480041503906 96.577003479003906 -1 214.66314697265625 97.517333984375 20 131.87022399902344 179.97183227539062 -1 164.148193359375 102.37834930419922 -1 167.59246826171875 58.331501007080078 -1 135.51432800292969 38.268463134765625 -1 109.24079895019531 33.912044525146484 -1 109.24079895019531 33.912044525146484 -1 169.28273010253906 91.714332580566406 -1 179.9227294921875 94.403800964355469 -1 175.37037658691406 95.50286865234375 -1 236.85321044921875 100.99887847900391 26 246.44183349609375 107.59581756591797 27 116.74992370605469 4.0664796829223633 -1 187.54531860351562 71.700851440429688 -1 187.54531860351562 71.700851440429688 279 175.37037658691406 95.50286865234375 -1 116.74992370605469 4.0664796829223633 -1 106.88369750976562 106.25375366210938 792 169.79299926757812 62.910903930664062 -1 187.54531860351562 71.700851440429688 591 151.61268615722656 75.101669311523438 -1 171.99356079101562 88.358299255371094 -1 155.8076171875 64.211891174316406 -1 155.8076171875 64.211891174316406 -1 231.56512451171875 107.65577697753906 197 250.08856201171875 120.45010375976562 220 160.523681640625 52.474678039550781 -1 235.34111022949219 110.23598480224609 197 102.61136627197266 15.728304862976074 -1 172.455810546875 60.387306213378906 -1 202.51040649414062 78.105567932128906 -1 166.22624206542969 89.070358276367188 -1 182.10752868652344 96.990730285644531 -1 93.112442016601562 119.00504302978516 762 42.880233764648438 172.76570129394531 -1 33.498798370361328 182.1253662109375 259 27.933128356933594 188.21376037597656 -1 12.12034797668457 204.39703369140625 276 252.500732421875 243.15385437011719 -1 157.30137634277344 102.06231689453125 -1 166.22624206542969 89.070358276367188 -1 95.446205139160156 116.54547119140625 762 154.08497619628906 102.95729827880859 -1 223.99493408203125 102.30323791503906 40 221.08226013183594 99.892669677734375 234 102.61136627197266 15.728304862976074 -1 172.455810546875 60.387306213378906 -1 84.051528930664062 127.82265472412109 113 182.10752868652344 96.990730285644531 -1 252.500732421875 243.15385437011719 -1 157.30137634277344 102.06231689453125 -1 63.498046875 151.74861145019531 -1 180.72303771972656 89.440605163574219 -1 154.54283142089844 99.240188598632812 -1 217.29847717285156 97.044647216796875 234 180.72303771972656 89.440605163574219 -1 203.40107727050781 86.663421630859375 42 60.608592987060547 154.72697448730469 -1 
42 0.9892265646170203 -0.092813327451138128 -0.10309762373326589 0.046769328453699771 -0.021460747750733342 -1.2872589037460589 -0.5353951203429641 1 000040.png
125.64824676513672 110.15824890136719 -1 125.64824676513672 110.15824890136719 -1 144.44183349609375 197.59239196777344 -1 201.03981018066406 76.282188415527344 -1 120.55300140380859 86.575393676757812 -1 127.04184722900391 154.69429016113281 -1 153.52249145507812 155.7841796875 -1 127.04184722900391 154.69429016113281 -1 113.78968811035156 23.81675910949707 -1 98.430038452148438 30.747653961181641 439 219.08036804199219 109.90261840820312 -1 233.24790954589844 122.79434204101562 8 219.08036804199219 109.90261840820312 223 243.52815246582031 86.939590454101562 -1 106.71804046630859 56.889503479003906 425 193.00146484375 53.460010528564453 -1 156.68731689453125 77.391899108886719 -1 188.82054138183594 80.27081298828125 224 231.23884582519531 111.39949798583984 197 151.82235717773438 104.15067291259766 -1 104.15795135498047 11.693210601806641 -1 146.49795532226562 47.663417816162109 -1 174.12680053710938 39.857685089111328 -1 180.7916259765625 44.693443298339844 -1 167.80583190917969 58.312122344970703 -1 102.52288055419922 72.440994262695312 841 125.17250061035156 178.69741821289062 -1 132.35731506347656 180.226318359375 -1 214.80827331542969 97.96466064453125 20 253.63148498535156 244.94767761230469 -1 164.12774658203125 102.39318084716797 -1 167.80583190917969 58.312122344970703 -1 168.42039489746094 96.602104187011719 -1 105.66288757324219 97.03692626953125 -1 253.63148498535156 244.94767761230469 -1 132.35731506347656 180.226318359375 -1 164.12774658203125 102.39318084716797 -1 109.21272277832031 34.068782806396484 -1 109.21272277832031 34.068782806396484 -1 247.83843994140625 235.85653686523438 -1 116.78553771972656 4.1040735244750977 -1 155.18539428710938 64.535194396972656 -1 187.72174072265625 71.547416687011719 -1 175.40296936035156 95.454277038574219 -1 116.78553771972656 4.1040735244750977 -1 169.83464050292969 62.853908538818359 -1 155.18539428710938 64.535194396972656 -1 187.72174072265625 71.547416687011719 591 151.56184387207031 75.263824462890625 -1 172.04084777832031 88.283309936523438 -1 169.37069702148438 91.696136474609375 -1 179.945068359375 94.347572326660156 -1 175.40296936035156 95.454277038574219 -1 236.30764770507812 100.44582366943359 26 246.74624633789062 107.17864990234375 27 95.42010498046875 116.677490234375 762 160.52235412597656 52.396598815917969 -1 107.32172393798828 105.65645599365234 792 235.53079223632812 109.79840087890625 197 250.10305786132812 119.93254852294922 220 137.00564575195312 182.27969360351562 -1 27.161924362182617 185.15353393554688 -1 132.94802856445312 182.78465270996094 -1 95.42010498046875 116.677490234375 -1 27.161924362182617 185.15353393554688 665 132.94802856445312 182.78465270996094 -1 113.52670288085938 2.4916090965270996 -1 101.84345245361328 35.428798675537109 -1 192.89350891113281 78.84619140625 325 252.6103515625 241.63572692871094 -1 84.207313537597656 127.67824554443359 113 157.14779663085938 102.34841156005859 -1 231.34062194824219 107.08274078369141 197 154.15693664550781 103.01320648193359 -1 223.57707214355469 101.44710540771484 40 169.24324035644531 95.271736145019531 -1 177.619140625 91.212547302246094 -1 205.48538208007812 88.037696838378906 42 113.52670288085938 2.4916090965270996 -1 172.47825622558594 60.3099365234375 -1 177.619140625 91.212547302246094 -1 252.6103515625 241.63572692871094 -1 226.13394165039062 103.51874542236328 40 195.85948181152344 80.923683166503906 325 180.72911071777344 89.502105712890625 -1 75.824508666992188 139.61579895019531 -1 180.72911071777344 89.502105712890625 -1 
43 0.98940179639979331 -0.096151680222374206 -0.097104826125475052 0.049087599395545987 -0.31838818382646328 -1.4679209210033597 -0.43543825414521492 1 000042.png
125.46652984619141 109.97589874267578 -1 125.46652984619141 109.97589874267578 -1 144.40275573730469 197.49330139160156 -1 201.08576965332031 76.317619323730469 -1 120.60429382324219 86.626724243164062 -1 153.56729125976562 155.98811340332031 -1 113.77313995361328 23.816461563110352 -1 111.16001129150391 64.633499145507812 -1 129.343017578125 168.44363403320312 -1 129.343017578125 168.44363403320312 -1 98.623214721679688 30.609241485595703 439 233.45645141601562 122.35746765136719 8 243.18893432617188 86.697761535644531 -1 131.08540344238281 175.5341796875 -1 150.96112060546875 120.79293060302734 -1 231.14591979980469 111.60476684570312 197 229.83778381347656 78.035453796386719 -1 189.80850219726562 62.265384674072266 -1 119.64447021484375 160.30105590820312 -1 146.72984313964844 47.881938934326172 -1 192.92274475097656 53.424335479736328 -1 156.64138793945312 77.419960021972656 -1 214.27363586425781 97.536834716796875 20 152.06149291992188 103.62483215332031 -1 132.16157531738281 178.60484313964844 -1 104.23713684082031 12.108451843261719 -1 132.16157531738281 178.60484313964844 -1 180.75286865234375 44.638965606689453 -1 132.43467712402344 180.1588134765625 -1 164.16941833496094 102.27802276611328 -1 168.49990844726562 96.566421508789062 -1 105.59806060791016 96.413276672363281 -1 132.43467712402344 180.1588134765625 -1 164.16941833496094 102.27802276611328 -1 109.26164245605469 33.679759979248047 -1 249.23086547851562 255.59872436523438 -1 116.77992248535156 4.033350944519043 -1 154.96600341796875 64.883094787597656 -1 187.68354797363281 71.398941040039062 -1 175.30569458007812 95.344779968261719 -1 132.81710815429688 181.22013854980469 -1 253.05827331542969 242.98579406738281 -1 249.23086547851562 255.59872436523438 -1 116.77992248535156 4.033350944519043 -1 169.83541870117188 62.857490539550781 -1 154.96600341796875 64.883094787597656 -1 187.68354797363281 71.398941040039062 591 172.03923034667969 88.296340942382812 -1 169.4091796875 91.7266845703125 -1 179.97909545898438 94.4268798828125 -1 175.30569458007812 95.344779968261719 -1 236.59732055664062 100.42350006103516 26 246.67033386230469 107.0401611328125 27 132.81710815429688 181.22013854980469 -1 253.05827331542969 242.98579406738281 -1 167.85395812988281 53.763629913330078 -1 160.56034851074219 52.370937347412109 -1 235.297607421875 109.52773284912109 197 249.99559020996094 119.73086547851562 220 113.51605224609375 2.5783641338348389 -1 172.49516296386719 60.297840118408203 -1 177.62348937988281 91.2215576171875 -1 106.72486114501953 95.114334106445312 -1 220.50251770019531 98.866302490234375 234 108.50874328613281 111.89788055419922 -1 107.45388031005859 105.29774475097656 792 226.08006286621094 103.2127685546875 40 154.20753479003906 102.82991027832031 -1 157.3751220703125 102.50154113769531 -1 223.40660095214844 101.20748138427734 40 154.45635986328125 99.327835083007812 -1 113.51605224609375 2.5783641338348389 -1 205.77346801757812 88.125602722167969 42 177.62348937988281 91.2215576171875 -1 157.3751220703125 102.50154113769531 -1 93.548812866210938 118.59746551513672 -1 93.548812866210938 118.59746551513672 762 84.263565063476562 127.58695220947266 113 32.944534301757812 182.81278991699219 704 247.82530212402344 237.74911499023438 -1 180.72323608398438 89.527397155761719 -1 71.87713623046875 143.49118041992188 -1 17.422643661499023 198.78868103027344 276 180.72323608398438 89.527397155761719 -1 
44 0.98843032284583399 -0.084832531759225449 -0.11912083640677854 0.040238846503720026 0.98301426052661334 -0.86101440651409367 -0.53229491827547182 1 000045.png
124.89057159423828 109.72761535644531 -1 124.89057159423828 109.72761535644531 -1 144.2606201171875 197.66349792480469 -1 201.05882263183594 76.233688354492188 -1 120.65594482421875 86.592399597167969 -1 153.87554931640625 154.96307373046875 -1 113.77625274658203 23.815269470214844 -1 129.7069091796875 171.49150085449219 -1 219.42546081542969 109.36050415039062 -1 98.421989440917969 30.673652648925781 -1 219.42546081542969 109.36050415039062 223 233.35020446777344 122.25574493408203 8 243.41474914550781 86.765556335449219 -1 130.92109680175781 175.26007080078125 -1 229.84762573242188 77.997543334960938 -1 151.21421813964844 120.33163452148438 -1 119.57316589355469 160.89288330078125 -1 119.57316589355469 160.89288330078125 -1 151.82379150390625 104.16827392578125 -1 104.30735778808594 12.051255226135254 -1 180.92276000976562 44.952701568603516 -1 147.11761474609375 48.355644226074219 -1 193.0487060546875 53.421291351318359 -1 156.67985534667969 77.387596130371094 -1 214.42849731445312 97.708351135253906 20 231.07765197753906 111.35671234130859 197 131.67019653320312 177.55317687988281 -1 174.56900024414062 40.404178619384766 -1 102.44998931884766 71.757102966308594 841 105.53611755371094 96.883781433105469 -1 168.45060729980469 96.592948913574219 -1 253.46188354492188 244.09342956542969 -1 253.46188354492188 244.09342956542969 -1 164.12211608886719 102.365234375 -1 164.12211608886719 102.365234375 -1 103.90518951416016 79.463615417480469 -1 246.57991027832031 106.90090179443359 27 240.46725463867188 113.31646728515625 94 153.76994323730469 66.133354187011719 -1 187.75265502929688 71.398666381835938 -1 175.46487426757812 95.492088317871094 -1 172.04562377929688 88.342384338378906 -1 168.47050476074219 58.500576019287109 -1 169.81632995605469 62.87841796875 -1 153.76994323730469 66.133354187011719 -1 187.75265502929688 71.398666381835938 591 169.36215209960938 91.720298767089844 -1 179.95976257324219 94.385231018066406 -1 175.46487426757812 95.492088317871094 -1 236.48936462402344 99.973304748535156 26 24.344697952270508 192.36045837402344 297 249.85031127929688 119.54218292236328 220 27.210748672485352 185.14234924316406 704 154.14772033691406 77.090469360351562 -1 247.84275817871094 236.42315673828125 -1 113.16782379150391 2.8485643863677979 -1 154.14772033691406 77.090469360351562 -1 27.210748672485352 185.14234924316406 665 131.57745361328125 35.080772399902344 -1 160.41923522949219 52.268791198730469 -1 220.31634521484375 98.536674499511719 234 154.44819641113281 99.309898376464844 -1 154.30853271484375 102.69153594970703 -1 107.56236267089844 105.18109893798828 792 75.273101806640625 140.16677856445312 -1 63.267585754394531 152.0313720703125 -1 5.0528035163879395 212.01754760742188 -1 242.45491027832031 253.13008117675781 -1 177.73481750488281 91.302352905273438 -1 205.93386840820312 88.0416259765625 42 202.81729125976562 85.893348693847656 42 102.67890930175781 15.447166442871094 -1 148.04507446289062 76.669937133789062 -1 172.50889587402344 60.302024841308594 -1 177.73481750488281 91.302352905273438 -1 157.40327453613281 102.58838653564453 -1 148.04507446289062 76.669937133789062 -1 147.42109680175781 80.168479919433594 -1 95.343185424804688 116.45368957519531 762 157.40327453613281 102.58838653564453 -1 180.77033996582031 89.4964599609375 -1 198.80534362792969 82.745376586914062 363 180.77033996582031 89.4964599609375 -1 
45 0.98936976527728604 -0.096314116431255745 -0.098021430067348245 0.047569504714537268 -0.30172016294348319 -1.4696606946570276 -0.48872992311407842 1 000044.png
124.86852264404297 109.64164733886719 -1 124.86852264404297 109.64164733886719 -1 144.25718688964844 197.53990173339844 -1 201.06071472167969 76.247940063476562 -1 120.66904449462891 86.777687072753906 -1 153.82748413085938 154.82301330566406 -1 113.77321624755859 23.798240661621094 -1 98.511238098144531 30.54151725769043 439 219.49623107910156 109.67342376708984 223 219.49623107910156 109.67342376708984 -1 229.64213562011719 78.16046142578125 -1 243.009521484375 86.617362976074219 -1 234.70030212402344 121.82007598876953 8 131.04844665527344 175.25212097167969 -1 189.9483642578125 61.933769226074219 -1 213.6185302734375 98.690933227539062 20 151.03976440429688 120.91658782958984 -1 151.87580871582031 103.87813568115234 -1 104.200927734375 11.51447582244873 -1 181.16987609863281 45.499057769775391 -1 192.90261840820312 53.388168334960938 -1 156.636962890625 77.430732727050781 -1 119.32590484619141 171.20878601074219 -1 231.14399719238281 111.22926330566406 197 174.04219055175781 39.880229949951172 -1 102.56582641601562 71.910774230957031 841 168.46112060546875 96.559295654296875 -1 214.82797241210938 97.038131713867188 20 164.3514404296875 102.37248229980469 -1 247.6785888671875 234.99739074707031 -1 164.3514404296875 102.37248229980469 -1 109.18718719482422 33.756359100341797 -1 246.60208129882812 106.98902893066406 27 120.40998077392578 171.67607116699219 -1 132.96284484863281 181.61778259277344 -1 137.42845153808594 181.65876770019531 -1 116.76795196533203 4.1250247955322266 -1 155.93234252929688 63.869529724121094 -1 187.86521911621094 71.48193359375 279 175.37095642089844 95.396194458007812 -1 132.96284484863281 181.61778259277344 -1 187.86521911621094 71.48193359375 591 116.76795196533203 4.1250247955322266 -1 168.47554016113281 58.494911193847656 -1 169.84382629394531 62.844799041748047 -1 155.93234252929688 63.869529724121094 -1 172.09574890136719 88.338340759277344 -1 169.39920043945312 91.710990905761719 -1 179.96717834472656 94.395133972167969 -1 175.37095642089844 95.396194458007812 -1 236.4984130859375 99.969818115234375 26 27.322778701782227 184.90428161621094 -1 160.53361511230469 52.315910339355469 -1 102.42092132568359 62.097606658935547 -1 27.322778701782227 184.90428161621094 665 249.74386596679688 119.51383209228516 220 7.9297080039978027 209.34114074707031 258 102.61273193359375 15.358756065368652 -1 172.52427673339844 60.318225860595703 -1 107.56324005126953 105.17803192138672 792 205.55604553222656 87.921104431152344 42 177.595458984375 91.276611328125 -1 220.54776000976562 98.893470764160156 234 223.66032409667969 101.26319122314453 40 77.73681640625 137.83218383789062 -1 56.491031646728516 158.98377990722656 -1 133.1348876953125 182.95361328125 -1 24.472539901733398 192.10124206542969 297 17.651523590087891 198.96562194824219 276 92.963211059570312 122.71987915039062 -1 14.481094360351562 202.05206298828125 276 154.29550170898438 102.70403289794922 -1 177.595458984375 91.276611328125 -1 133.1348876953125 182.95361328125 -1 231.41473388671875 106.86904144287109 197 226.09254455566406 103.11519622802734 40 84.30145263671875 127.51287841796875 113 180.74943542480469 89.55865478515625 -1 154.47750854492188 99.212623596191406 -1 62.829929351806641 152.37254333496094 -1 157.28688049316406 102.32633209228516 -1 189.74406433105469 76.293075561523438 -1 180.74943542480469 89.55865478515625 -1 
46 0.98818618256052637 -0.10184171800922154 -0.10436340018736584 0.04716581146037787 0.014283096606827837 -1.6868380257744973 -0.72490761851293839 1 000046.png
125.13431549072266 109.80921173095703 -1 125.13431549072266 109.80921173095703 -1 144.29714965820312 197.75338745117188 -1 201.04725646972656 76.219947814941406 -1 120.65223693847656 86.747901916503906 -1 153.76457214355469 155.17720031738281 -1 113.52535247802734 69.257400512695312 -1 113.75260162353516 23.78767204284668 -1 98.262969970703125 30.495048522949219 -1 233.3170166015625 122.03140258789062 8 129.96922302246094 171.69769287109375 -1 243.15910339355469 86.745368957519531 -1 131.02227783203125 175.1246337890625 -1 124.88509368896484 11.001657485961914 -1 230.91720581054688 111.31508636474609 197 151.01158142089844 120.8271484375 -1 97.004493713378906 125.70774078369141 -1 97.004493713378906 125.70774078369141 -1 152.0328369140625 103.83484649658203 -1 138.65890502929688 180.58837890625 -1 104.20437622070312 11.554917335510254 -1 181.24998474121094 45.56048583984375 -1 146.26580810546875 47.619773864746094 -1 193.00944519042969 53.489871978759766 -1 156.62257385253906 77.392585754394531 -1 214.73970031738281 96.692436218261719 20 236.63571166992188 99.699676513671875 26 164.28396606445312 102.32667541503906 -1 174.38134765625 40.370925903320312 -1 132.62030029296875 180.658935546875 -1 148.14527893066406 70.911262512207031 -1 102.50259399414062 72.0699462890625 841 168.42707824707031 96.574462890625 -1 132.62030029296875 180.658935546875 -1 164.28396606445312 102.32667541503906 -1 148.14527893066406 70.911262512207031 -1 116.70740509033203 3.9875407218933105 -1 187.80845642089844 71.455764770507812 -1 187.80845642089844 71.455764770507812 279 175.35057067871094 95.371635437011719 -1 116.70740509033203 3.9875407218933105 -1 246.43870544433594 106.92050933837891 27 169.81463623046875 62.882522583007812 -1 187.80845642089844 71.455764770507812 591 172.00447082519531 88.257293701171875 -1 169.33639526367188 91.693977355957031 -1 179.939208984375 94.434745788574219 -1 175.35057067871094 95.371635437011719 -1 132.85746765136719 181.48835754394531 -1 132.85746765136719 181.48835754394531 -1 235.45542907714844 109.45684051513672 197 249.79853820800781 119.35435485839844 99 252.90374755859375 241.92311096191406 -1 252.90374755859375 241.92311096191406 -1 252.90374755859375 241.92311096191406 -1 160.50474548339844 52.319671630859375 -1 228.56248474121094 105.02903747558594 -1 107.47776794433594 105.27951812744141 792 172.50064086914062 60.297615051269531 -1 201.55265808105469 84.880828857421875 363 206.00625610351562 88.211723327636719 42 169.20159912109375 95.166419982910156 -1 157.35130310058594 102.52290344238281 -1 96.987785339355469 114.99640655517578 -1 93.429008483886719 118.62270355224609 762 84.57568359375 127.21119689941406 113 75.501953125 140.005615234375 -1 17.656234741210938 199.09901428222656 276 154.44187927246094 99.34747314453125 -1 217.42366027832031 96.506103515625 234 252.62672424316406 241.13911437988281 -1 93.429008483886719 118.62270355224609 -1 252.62672424316406 241.13911437988281 -1 252.62672424316406 241.13911437988281 -1 223.66159057617188 101.21920776367188 40 154.29910278320312 102.9456787109375 -1 4.904695987701416 212.03179931640625 258 221.21229553222656 99.4639892578125 -1 181.78631591796875 97.115737915039062 -1 181.78631591796875 97.115737915039062 -1 
47 0.98941542288120532 -0.096406952944507962 -0.097667694010456968 0.047157628602814507 -0.31121401938211246 -1.4785900320644356 -0.45630032934207382 1 000043.png
124.96913146972656 109.77060699462891 -1 124.96913146972656 109.77060699462891 -1 144.30319213867188 197.59718322753906 -1 201.03691101074219 76.217636108398438 -1 120.60376739501953 86.647552490234375 -1 153.69894409179688 155.26313781738281 -1 113.76654052734375 23.786945343017578 -1 112.67794036865234 67.466285705566406 -1 98.608314514160156 30.774530410766602 439 233.53926086425781 122.42893981933594 8 243.12489318847656 86.767684936523438 -1 131.24026489257812 175.68794250488281 -1 150.99528503417969 120.94174957275391 -1 151.91987609863281 103.84059143066406 -1 104.111328125 11.366354942321777 -1 146.2825927734375 47.567584991455078 -1 193.01808166503906 53.435745239257812 -1 156.63658142089844 77.423324584960938 -1 231.08561706542969 111.23928833007812 197 111.57807159423828 146.38932800292969 -1 125.51126861572266 178.84095764160156 -1 132.2823486328125 179.53379821777344 -1 253.50112915039062 244.17373657226562 -1 180.84811401367188 44.758853912353516 -1 102.43285369873047 71.669525146484375 841 168.36502075195312 96.569122314453125 -1 214.64155578613281 96.935089111328125 20 164.29765319824219 102.37661743164062 -1 174.490478515625 40.281177520751953 -1 132.2823486328125 179.53379821777344 -1 164.29765319824219 102.37661743164062 -1 253.50112915039062 244.17373657226562 -1 109.22208404541016 33.864124298095703 -1 175.38310241699219 95.443962097167969 -1 236.470703125 99.978218078613281 26 239.73048400878906 112.99713134765625 94 132.95112609863281 181.82557678222656 -1 249.18524169921875 254.96141052246094 -1 116.85116577148438 4.0660009384155273 -1 155.46875 64.347618103027344 -1 187.87281799316406 71.507354736328125 279 187.87281799316406 71.507354736328125 -1 175.38310241699219 95.443962097167969 -1 132.95112609863281 181.82557678222656 -1 249.18524169921875 254.96141052246094 -1 116.85116577148438 4.0660009384155273 -1 168.55662536621094 58.534881591796875 -1 169.81314086914062 62.879024505615234 -1 155.46875 64.347618103027344 -1 187.87281799316406 71.507354736328125 591 172.01710510253906 88.208793640136719 -1 169.34516906738281 91.67645263671875 -1 179.96092224121094 94.416305541992188 -1 252.99295043945312 242.79100036621094 -1 250.37185668945312 119.890869140625 220 95.563125610351562 116.35713958740234 762 252.99295043945312 242.79100036621094 -1 235.59928894042969 109.65328216552734 197 95.563125610351562 116.35713958740234 -1 160.46784973144531 52.305187225341797 -1 167.68443298339844 53.540111541748047 -1 107.46947479248047 105.36906433105469 792 246.34429931640625 107.02313232421875 27 172.51852416992188 60.321525573730469 -1 27.443244934082031 184.75193786621094 665 220.81134033203125 98.934318542480469 234 231.76274108886719 106.97713470458984 197 246.54421997070312 116.83851623535156 99 93.181083679199219 118.82353973388672 762 24.875505447387695 191.6121826171875 297 27.443244934082031 184.75193786621094 -1 101.84806060791016 35.527290344238281 -1 42.94403076171875 173.08993530273438 259 56.354011535644531 159.1175537109375 -1 67.562164306640625 147.83079528808594 -1 169.15927124023438 95.1131591796875 -1 252.64761352539062 241.32872009277344 -1 252.64761352539062 241.32872009277344 -1 252.64761352539062 241.32872009277344 -1 35.347511291503906 180.5416259765625 -1 7.4343867301940918 209.42591857910156 258 4.9462480545043945 212.23806762695312 -1 199.43864440917969 83.206130981445312 363 17.282295227050781 199.09226989746094 276 72.732490539550781 142.63015747070312 -1 180.76374816894531 89.529754638671875 -1 247.84222412109375 237.71232604980469 -1 180.76374816894531 89.529754638671875 -1 154.49668884277344 99.247138977050781 -1 
48 0.98956130819988308 -0.095859461749376706 -0.097524776056349627 0.045478554968410675 -0.38238333541009933 -1.4076626071587568 -0.50536373303865734 1 000048.png
127.55345153808594 110.27391815185547 -1 127.55345153808594 110.27391815185547 -1 144.24935913085938 198.265869140625 -1 200.92257690429688 76.137069702148438 -1 120.47953796386719 86.524429321289062 -1 155.186279296875 152.03427124023438 -1 113.41600036621094 69.565193176269531 -1 113.76517486572266 23.790992736816406 -1 98.500045776367188 30.787120819091797 439 243.41493225097656 86.903190612792969 -1 131.22972106933594 175.15570068359375 -1 233.402099609375 121.83209228515625 8 150.80851745605469 121.27438354492188 -1 229.50425720214844 77.853950500488281 -1 213.19868469238281 98.499526977539062 20 72.050552368164062 150.04002380371094 -1 132.08047485351562 178.08245849609375 -1 104.14048004150391 12.053803443908691 -1 181.154541015625 45.481166839599609 -1 146.4268798828125 47.656620025634766 -1 192.9554443359375 53.438827514648438 -1 156.67723083496094 77.399742126464844 -1 118.94366455078125 171.4427490234375 -1 231.28500366210938 111.16253662109375 197 118.94366455078125 171.4427490234375 -1 174.36636352539062 40.236007690429688 -1 105.64670562744141 96.230110168457031 -1 168.42855834960938 96.57769775390625 -1 236.60072326660156 99.682220458984375 26 164.157958984375 102.26556396484375 -1 164.157958984375 102.26556396484375 -1 109.19862365722656 33.880542755126953 -1 247.86032104492188 235.232666015625 -1 253.07698059082031 242.7281494140625 -1 250.76809692382812 249.82330322265625 -1 249.19444274902344 255.01229858398438 -1 116.74205780029297 3.9279968738555908 -1 155.61798095703125 64.503021240234375 -1 187.80744934082031 71.413658142089844 -1 175.39498901367188 95.479644775390625 -1 253.07698059082031 242.7281494140625 -1 253.07698059082031 242.7281494140625 -1 249.19444274902344 255.01229858398438 -1 116.74205780029297 3.9279968738555908 -1 168.343505859375 58.466815948486328 -1 169.8135986328125 62.867424011230469 -1 155.61798095703125 64.503021240234375 -1 187.80744934082031 71.413658142089844 591 169.23538208007812 91.657211303710938 -1 179.98233032226562 94.399551391601562 -1 175.39498901367188 95.479644775390625 -1 147.51408386230469 161.15811157226562 -1 8.1435451507568359 209.26887512207031 258 154.12379455566406 77.176063537597656 -1 235.37258911132812 109.34531402587891 197 107.51861572265625 105.20032501220703 792 27.106420516967773 185.29933166503906 -1 154.12379455566406 77.176063537597656 -1 249.94937133789062 119.44727325439453 220 246.20623779296875 107.00925445556641 27 247.02850341796875 117.21131896972656 99 27.106420516967773 185.29933166503906 665 160.53987121582031 52.303802490234375 -1 217.49545288085938 96.588615417480469 234 154.48970031738281 99.403144836425781 -1 223.79713439941406 101.42671966552734 40 231.79310607910156 106.79736328125 197 205.36737060546875 87.937919616699219 42 172.50755310058594 60.307285308837891 -1 157.3377685546875 102.29532623291016 -1 154.33218383789062 102.76203918457031 -1 177.602294921875 91.049224853515625 -1 200.67900085449219 84.112228393554688 363 252.65029907226562 241.05026245117188 -1 252.65029907226562 241.05026245117188 -1 225.77053833007812 102.90338897705078 40 172.00418090820312 89.326889038085938 -1 35.982780456542969 179.94120788574219 259 133.44837951660156 183.04440307617188 -1 252.65029907226562 241.05026245117188 -1 59.729724884033203 155.68319702148438 -1 177.602294921875 91.049224853515625 -1 133.44837951660156 183.04440307617188 -1 180.75035095214844 89.499275207519531 -1 180.75035095214844 89.499275207519531 -1 
49 0.98988358996835413 -0.09371925062676234 -0.094721184010475273 0.048734768625442078 -0.41479000008416828 -1.4012438471468343 -0.36052463186956263 1 000049.png
127.79496765136719 110.29263305664062 -1 127.79496765136719 110.29263305664062 -1 144.23072814941406 198.70661926269531 -1 200.93955993652344 76.139312744140625 -1 120.47142028808594 86.454780578613281 -1 154.21156311035156 153.33506774902344 -1 113.66348266601562 69.374038696289062 -1 113.77053833007812 23.802717208862305 -1 98.377059936523438 30.542152404785156 439 243.01104736328125 86.673423767089844 -1 131.44085693359375 175.47789001464844 -1 233.38429260253906 121.99128723144531 8 229.53627014160156 78.053657531738281 -1 124.90743255615234 11.051539421081543 -1 151.44999694824219 120.30447387695312 -1 72.419097900390625 149.88157653808594 -1 119.5184326171875 161.00637817382812 -1 132.05828857421875 177.93287658691406 -1 132.05828857421875 177.93287658691406 -1 151.44999694824219 120.30447387695312 -1 180.80607604980469 44.777103424072266 -1 104.2269287109375 11.70103931427002 -1 146.29142761230469 47.698265075683594 -1 192.96464538574219 53.445686340332031 -1 156.65397644042969 77.419998168945312 -1 231.23681640625 111.03697204589844 197 174.09260559082031 39.843631744384766 -1 102.37213897705078 71.841110229492188 841 168.48332214355469 96.533683776855469 -1 214.68673706054688 97.038467407226562 20 164.30123901367188 102.31015014648438 -1 164.30123901367188 102.31015014648438 -1 179.96865844726562 94.425529479980469 -1 175.41281127929688 95.495956420898438 -1 116.73757934570312 4.0182042121887207 -1 187.8199462890625 71.445938110351562 -1 175.41281127929688 95.495956420898438 -1 116.73757934570312 4.0182042121887207 -1 246.548828125 106.86994934082031 27 168.42442321777344 58.481800079345703 -1 169.81022644042969 62.887363433837891 -1 187.8199462890625 71.445938110351562 591 169.26895141601562 91.688301086425781 -1 113.316650390625 2.9340801239013672 -1 160.43405151367188 52.246826171875 -1 197.28369140625 73.84716796875 117 228.57383728027344 104.97341156005859 -1 107.42304229736328 105.34432983398438 792 232.03291320800781 107.10160064697266 197 249.76597595214844 119.37423706054688 99 229.79510498046875 124.98487854003906 63 113.316650390625 2.9340801239013672 -1 229.79510498046875 124.98487854003906 64 235.5361328125 109.49771118164062 197 172.53265380859375 60.327053070068359 -1 200.87184143066406 84.357650756835938 363 205.50489807128906 87.850021362304688 42 169.12287902832031 95.065788269042969 -1 154.36715698242188 102.88741302490234 -1 226.1182861328125 103.03166198730469 40 87.864776611328125 124.0806884765625 -1 34.002700805664062 181.84217834472656 704 24.76380729675293 191.45561218261719 297 17.480001449584961 198.93830871582031 276 154.51771545410156 99.246917724609375 -1 171.98942565917969 89.346092224121094 -1 166.30107116699219 89.142692565917969 -1 166.30107116699219 89.142692565917969 -1 166.30107116699219 89.142692565917969 -1 8.8524951934814453 207.78472900390625 258 223.32803344726562 101.00634765625 40 157.29278564453125 102.50423431396484 -1 
50 0.98948567412911126 -0.095881851965299456 -0.097592409119207968 0.046909410988330034 -0.35053989853156831 -1.4332736739366474 -0.49662110930627074 1 000047.png
127.09422302246094 110.20704650878906 -1 127.09422302246094 110.20704650878906 -1 144.264892578125 198.10824584960938 -1 201.06755065917969 76.259147644042969 -1 120.58468627929688 86.424018859863281 -1 154.02105712890625 154.72319030761719 -1 113.75384521484375 23.799158096313477 -1 219.4423828125 109.79417419433594 223 219.4423828125 109.79417419433594 -1 98.485450744628906 30.799020767211914 439 243.55839538574219 86.961494445800781 -1 131.05636596679688 174.9434814453125 -1 233.45895385742188 121.86073303222656 8 189.88565063476562 62.329479217529297 -1 151.12960815429688 120.46198272705078 -1 131.64352416992188 177.086669921875 -1 151.85726928710938 104.37504577636719 -1 104.21279907226562 11.422737121582031 -1 181.15516662597656 45.451606750488281 -1 193.01727294921875 53.451229095458984 -1 156.66065979003906 77.493354797363281 -1 71.926322937011719 148.67344665527344 -1 230.95730590820312 111.09978485107422 197 174.29835510253906 40.157562255859375 -1 167.94404602050781 58.273822784423828 -1 102.64682006835938 71.912872314453125 841 105.51441192626953 96.29241943359375 -1 214.6239013671875 97.05755615234375 20 164.1656494140625 102.29352569580078 -1 164.1656494140625 102.29352569580078 -1 167.94404602050781 58.273822784423828 -1 168.42120361328125 96.63140869140625 -1 109.16220855712891 33.952220916748047 -1 152.51617431640625 67.249778747558594 -1 187.91171264648438 71.475692749023438 591 172.08201599121094 88.372077941894531 -1 169.28514099121094 91.692268371582031 -1 179.99839782714844 94.378456115722656 -1 175.38485717773438 95.437606811523438 -1 137.90345764160156 181.38156127929688 -1 249.17286682128906 255.19845581054688 -1 116.80426025390625 3.9559116363525391 -1 155.68930053710938 64.201309204101562 -1 152.51617431640625 67.249778747558594 -1 187.91171264648438 71.475692749023438 -1 175.38485717773438 95.437606811523438 -1 249.17286682128906 255.19845581054688 -1 116.80426025390625 3.9559116363525391 -1 168.93963623046875 58.590961456298828 -1 169.82600402832031 62.864253997802734 -1 155.68930053710938 64.201309204101562 -1 249.51165771484375 119.19675445556641 220 11.827136993408203 200.98611450195312 -1 160.28367614746094 52.208522796630859 -1 235.70487976074219 109.63558959960938 197 231.79129028320312 106.98221588134766 197 31.464527130126953 180.70187377929688 -1 31.464527130126953 180.70187377929688 -1 27.078800201416016 185.28404235839844 -1 246.23551940917969 107.05291748046875 27 27.078800201416016 185.28404235839844 665 11.827136993408203 200.98611450195312 -1 8.2527837753295898 208.97000122070312 258 102.47273254394531 61.961307525634766 -1 205.50978088378906 87.943618774414062 42 172.07435607910156 89.363983154296875 -1 177.56671142578125 91.04315185546875 -1 154.49136352539062 99.36859130859375 -1 223.73429870605469 101.26307678222656 40 81.834487915039062 130.08251953125 113 226.21682739257812 103.23536682128906 40 113.51374053955078 2.4581918716430664 -1 84.019432067871094 127.83567810058594 113 107.55764770507812 105.20787048339844 792 154.29069519042969 102.87169647216797 -1 113.51374053955078 2.4581918716430664 -1 102.62422943115234 15.276471138000488 -1 202.80563354492188 85.89910888671875 -1 102.62422943115234 15.276471138000488 -1 167.48039245605469 53.912445068359375 -1 252.71011352539062 241.08517456054688 -1 252.71011352539062 241.08517456054688 -1 172.50274658203125 60.285480499267578 -1 252.71011352539062 241.08517456054688 -1 87.940093994140625 123.90818786621094 -1 38.160423278808594 177.76617431640625 259 177.56671142578125 91.04315185546875 -1 188.62351989746094 75.374710083007812 -1 157.3349609375 102.37347412109375 -1 180.75593566894531 89.531654357910156 -1 14.60830020904541 201.77093505859375 276 180.75593566894531 89.531654357910156 -1 
51 0.98940979254525663 -0.096368562565109159 -0.097529434405693005 0.047637925953935116 -0.31614879476033997 -1.4632985363863642 -0.51316782908768133 1 000051.png
127.39817810058594 110.26570892333984 -1 127.39817810058594 110.26570892333984 -1 144.26834106445312 198.65489196777344 -1 201.02162170410156 76.223808288574219 -1 120.46402740478516 86.597770690917969 -1 155.32818603515625 152.20146179199219 -1 113.76783752441406 23.810361862182617 -1 99.742019653320312 31.655805587768555 439 202.84100341796875 61.147834777832031 -1 202.84100341796875 61.147834777832031 -1 243.28932189941406 86.842361450195312 -1 206.29325866699219 97.856231689453125 -1 234.23370361328125 122.1640625 8 206.29325866699219 97.856231689453125 -1 229.73164367675781 77.960700988769531 -1 151.48789978027344 120.08622741699219 -1 151.48789978027344 120.08622741699219 -1 180.75721740722656 44.732677459716797 -1 152.07672119140625 103.98822784423828 -1 104.22265625 11.779084205627441 -1 146.85247802734375 47.926837921142578 -1 193.115966796875 53.4765625 -1 156.66339111328125 77.350357055664062 -1 230.99046325683594 111.12674713134766 197 103.59149169921875 79.180152893066406 -1 168.41651916503906 96.596763610839844 -1 236.53230285644531 99.693534851074219 26 214.6153564453125 97.676071166992188 20 164.16033935546875 102.34696960449219 -1 174.58824157714844 40.356197357177734 -1 235.78541564941406 104.74687194824219 -1 132.7342529296875 180.79685974121094 -1 102.48473358154297 71.940475463867188 841 132.7342529296875 180.79685974121094 -1 164.16033935546875 102.34696960449219 -1 109.23112487792969 33.773246765136719 -1 187.708251953125 71.30908203125 -1 175.38636779785156 95.467872619628906 -1 249.27427673339844 254.83404541015625 -1 116.79204559326172 4.0497126579284668 -1 169.83773803710938 62.853530883789062 -1 187.708251953125 71.30908203125 591 169.36671447753906 91.711700439453125 -1 179.98588562011719 94.402687072753906 -1 175.38636779785156 95.467872619628906 -1 249.27427673339844 254.83404541015625 -1 116.79204559326172 4.0497126579284668 -1 160.58059692382812 52.321376800537109 -1 104.47482299804688 79.049339294433594 -1 231.77703857421875 106.93434143066406 197 246.26388549804688 106.86513519287109 27 235.34336853027344 109.43942260742188 197 247.42036437988281 117.5595703125 99 27.224285125732422 185.180419921875 -1 107.5360107421875 105.20650482177734 792 27.224285125732422 185.180419921875 665 249.97560119628906 119.54287719726562 220 167.49909973144531 53.919525146484375 -1 172.49807739257812 60.291236877441406 -1 220.44378662109375 98.742774963378906 234 95.46148681640625 116.36246490478516 762 171.98965454101562 89.367645263671875 -1 154.27671813964844 102.94454193115234 -1 67.794136047363281 147.46246337890625 -1 56.634696960449219 158.941162109375 -1 169.19436645507812 95.109481811523438 -1 205.77372741699219 87.933929443359375 42 202.62947082519531 85.913688659667969 363 187.19511413574219 74.506828308105469 -1 36.527172088623047 179.36787414550781 -1 24.50877571105957 191.90676879882812 297 7.3211088180541992 209.43223571777344 258 180.75761413574219 89.450477600097656 -1 65.236442565917969 150.11912536621094 -1 39.821056365966797 175.796630859375 259 180.75761413574219 89.450477600097656 -1 
52 0.98936605343002948 -0.097697088181728398 -0.097435867382000524 0.046003728420821684 -0.32284040305701045 -1.4602454359996846 -0.53642053480256058 1 000053.png
127.37667846679688 110.22817230224609 -1 127.37667846679688 110.22817230224609 -1 144.23846435546875 198.56492614746094 -1 200.95060729980469 76.148757934570312 -1 120.50630950927734 86.542945861816406 -1 154.19346618652344 153.47581481933594 -1 113.76873779296875 23.799558639526367 -1 110.71000671386719 63.705841064453125 -1 98.431076049804688 30.468120574951172 439 130.04901123046875 170.45681762695312 -1 130.04901123046875 170.45681762695312 -1 202.86045837402344 61.125595092773438 -1 202.86045837402344 61.125595092773438 -1 229.6815185546875 78.140480041503906 -1 243.30787658691406 86.806564331054688 -1 131.00157165527344 174.22372436523438 -1 233.60090637207031 121.84761810302734 8 151.46916198730469 120.14678192138672 -1 56.121318817138672 166.33018493652344 -1 151.46916198730469 120.14678192138672 -1 180.759033203125 44.700550079345703 -1 104.18779754638672 11.243727684020996 -1 146.40208435058594 47.830425262451172 -1 192.95744323730469 53.432014465332031 -1 156.67378234863281 77.384613037109375 -1 231.13427734375 111.04647827148438 197 174.07577514648438 39.777324676513672 -1 102.43922424316406 71.861618041992188 841 168.46905517578125 96.56219482421875 -1 214.58052062988281 96.886344909667969 20 236.716064453125 99.634132385253906 26 164.10707092285156 102.23497009277344 -1 111.51591491699219 146.3272705078125 -1 253.74591064453125 244.04508972167969 -1 247.72833251953125 234.75178527832031 -1 164.10707092285156 102.23497009277344 -1 253.74591064453125 244.04508972167969 -1 109.17511749267578 33.80780029296875 -1 116.79962921142578 4.0216407775878906 -1 179.98406982421875 94.309890747070312 -1 175.34504699707031 95.392784118652344 -1 116.79962921142578 4.0216407775878906 -1 155.46322631835938 64.287246704101562 -1 187.84773254394531 71.436988830566406 -1 175.34504699707031 95.392784118652344 -1 169.85246276855469 62.836540222167969 -1 155.46322631835938 64.287246704101562 -1 187.84773254394531 71.436988830566406 591 169.33995056152344 91.715652465820312 -1 4.6045031547546387 212.89558410644531 -1 250.03396606445312 119.5885009765625 220 229.80545043945312 125.01347351074219 63 239.65885925292969 112.65503692626953 94 27.327085494995117 184.97178649902344 -1 8.1260643005371094 209.28897094726562 258 232.62924194335938 107.28117370605469 197 160.3812255859375 52.255352020263672 -1 151.5638427734375 75.382125854492188 -1 172.09367370605469 89.116264343261719 -1 246.28181457519531 106.89107513427734 27 235.73023986816406 109.71943664550781 197 143.03797912597656 111.13638305664062 -1 113.45358276367188 2.6524555683135986 -1 113.45358276367188 2.6524555683135986 -1 229.80545043945312 125.01347351074219 64 27.327085494995117 184.97178649902344 665 107.55233764648438 105.22226715087891 792 154.40702819824219 102.39242553710938 -1 102.77967071533203 109.44046020507812 -1 174.82246398925781 53.281753540039062 -1 83.237716674804688 132.27589416503906 113 223.737060546875 101.38120269775391 40 220.74456787109375 98.930213928222656 234 167.6241455078125 53.978630065917969 -1 169.15008544921875 95.098091125488281 -1 172.50999450683594 60.306682586669922 -1 133.40858459472656 183.077392578125 -1 252.60403442382812 240.92987060546875 -1 252.60403442382812 240.92987060546875 -1 53.069972991943359 162.3944091796875 244 201.19401550292969 84.7064208984375 363 252.60403442382812 240.92987060546875 -1 38.505062103271484 177.35133361816406 259 133.40858459472656 183.077392578125 -1 87.443511962890625 124.51608276367188 -1 56.265518188476562 159.13775634765625 -1 186.85118103027344 74.247077941894531 -1 67.41595458984375 147.85031127929688 -1 61.545047760009766 153.74118041992188 -1 
53 0.98911189288791712 -0.097879332654959017 -0.099332936459305202 0.047013480205930075 -0.25170893160120994 -1.5067176106901208 -0.56206945761869342 1 000050.png
127.31851959228516 110.20411682128906 -1 127.31851959228516 110.20411682128906 -1 144.29246520996094 198.59324645996094 -1 201.03472900390625 76.21173095703125 -1 120.41345977783203 86.623115539550781 -1 155.26217651367188 151.56488037109375 -1 113.76750946044922 23.791492462158203 -1 110.61399841308594 63.304397583007812 -1 98.592338562011719 30.688444137573242 439 219.76336669921875 109.82350158691406 223 233.33601379394531 121.85463714599609 8 219.76336669921875 109.82350158691406 -1 202.7794189453125 61.119575500488281 -1 202.7794189453125 61.119575500488281 -1 243.26158142089844 86.85894775390625 -1 229.67315673828125 77.938507080078125 -1 151.36976623535156 120.57235717773438 -1 151.36976623535156 120.57235717773438 -1 180.78181457519531 44.717262268066406 -1 104.17824554443359 11.329838752746582 -1 145.54501342773438 46.747852325439453 -1 193.10697937011719 53.507968902587891 -1 156.689453125 77.381065368652344 -1 214.19471740722656 97.447486877441406 20 125.66434478759766 179.62187194824219 -1 230.90275573730469 111.13596343994141 197 174.46658325195312 40.356048583984375 -1 164.26101684570312 102.29606628417969 -1 247.80216979980469 234.45732116699219 -1 168.43260192871094 96.586570739746094 -1 236.558837890625 99.737213134765625 26 164.26101684570312 102.29606628417969 -1 147.58750915527344 71.456222534179688 -1 102.48677062988281 72.000877380371094 841 109.18285369873047 33.869403839111328 -1 169.29994201660156 91.671310424804688 -1 179.95988464355469 94.446189880371094 -1 175.40840148925781 95.463066101074219 -1 116.78227996826172 4.0573110580444336 -1 155.71180725097656 64.131439208984375 -1 152.19114685058594 67.570259094238281 -1 187.75347900390625 71.407707214355469 -1 175.40840148925781 95.463066101074219 -1 116.78227996826172 4.0573110580444336 -1 169.81706237792969 62.885440826416016 -1 155.71180725097656 64.131439208984375 -1 152.19114685058594 67.570259094238281 -1 187.75347900390625 71.407707214355469 591 172.02740478515625 88.396461486816406 -1 249.56245422363281 119.20504760742188 99 107.55112457275391 105.21292877197266 792 229.86253356933594 125.08808898925781 63 27.363073348999023 184.98068237304688 -1 160.32069396972656 52.221446990966797 -1 252.92558288574219 241.91064453125 -1 239.18614196777344 112.45275115966797 94 235.23887634277344 109.31687927246094 197 229.86253356933594 125.08808898925781 64 27.363073348999023 184.98068237304688 665 252.92558288574219 241.91064453125 -1 252.92558288574219 241.91064453125 -1 172.14468383789062 89.201988220214844 -1 231.66632080078125 106.99430847167969 197 246.19300842285156 106.96286010742188 27 83.056991577148438 132.44424438476562 113 42.797107696533203 173.01640319824219 259 40.439598083496094 175.53057861328125 259 15.036322593688965 201.42861938476562 276 4.1949253082275391 212.88740539550781 -1 142.35533142089844 125.48731994628906 -1 154.41806030273438 102.77566528320312 -1 157.32942199707031 102.51347351074219 -1 223.57470703125 101.08225250244141 40 172.52235412597656 60.311779022216797 -1 167.49787902832031 54.003189086914062 -1 147.3114013671875 80.297889709472656 -1 166.277587890625 89.085670471191406 -1 220.4755859375 98.748329162597656 234 154.54515075683594 99.34228515625 -1 226.19013977050781 103.26516723632812 40 81.943122863769531 129.9429931640625 113 166.277587890625 89.085670471191406 -1 80.442893981933594 135.02619934082031 -1 180.73255920410156 89.476287841796875 -1 180.73255920410156 89.476287841796875 -1 
54 0.99040969999941153 -0.091064532558730538 -0.092114964862617943 0.048069848192960174 -0.57845459348307848 -1.2752489676066983 -0.30961014824679017 1 000052.png
127.32813262939453 110.17110443115234 -1 127.32813262939453 110.17110443115234 -1 144.25709533691406 198.71537780761719 -1 201.06889343261719 76.235504150390625 -1 120.48236846923828 86.550262451171875 -1 155.30766296386719 151.62333679199219 -1 112.88091278076172 68.332115173339844 -1 113.75672149658203 23.813398361206055 -1 98.434341430664062 30.483552932739258 439 233.40631103515625 122.09955596923828 8 229.35304260253906 77.955108642578125 -1 243.01202392578125 86.752174377441406 -1 131.26235961914062 174.94056701660156 -1 151.47589111328125 120.27886199951172 -1 55.290702819824219 167.54411315917969 -1 151.47589111328125 120.27886199951172 -1 103.96785736083984 12.240157127380371 -1 180.82080078125 44.735671997070312 -1 146.48045349121094 47.863170623779297 -1 193.0810546875 53.435981750488281 -1 156.65699768066406 77.451179504394531 -1 72.202774047851562 148.54881286621094 -1 231.02774047851562 111.17696380615234 197 103.96785736083984 12.240157127380371 -1 214.42562866210938 96.751205444335938 20 164.17364501953125 102.34603881835938 -1 247.61276245117188 234.73051452636719 -1 253.65040588378906 244.05339050292969 -1 105.60073089599609 96.193122863769531 -1 168.43304443359375 96.589462280273438 -1 253.65040588378906 244.05339050292969 -1 164.17364501953125 102.34603881835938 -1 149.1708984375 70.633056640625 -1 149.1708984375 70.633056640625 -1 138.08656311035156 181.42886352539062 -1 247.80751037597656 236.09730529785156 -1 249.10321044921875 255.04801940917969 -1 116.802734375 4.0487899780273438 -1 187.85127258300781 71.4678955078125 -1 187.85127258300781 71.4678955078125 279 175.52569580078125 95.574188232421875 -1 133.20523071289062 181.93612670898438 -1 249.10321044921875 255.04801940917969 -1 116.802734375 4.0487899780273438 -1 246.55361938476562 106.93656921386719 27 169.80720520019531 62.894878387451172 -1 187.85127258300781 71.4678955078125 591 171.87380981445312 88.214324951171875 -1 169.36177062988281 91.709365844726562 -1 179.9713134765625 94.425399780273438 -1 175.52569580078125 95.574188232421875 -1 236.70259094238281 99.961647033691406 26 133.20523071289062 181.93612670898438 -1 29.907960891723633 182.34786987304688 -1 160.44548034667969 52.26611328125 -1 197.53863525390625 73.918014526367188 117 177.48783874511719 90.543464660644531 -1 107.41753387451172 105.36566162109375 792 29.907960891723633 182.34786987304688 665 250.20550537109375 119.66532135009766 220 177.48783874511719 90.543464660644531 -1 229.81378173828125 125.14516448974609 64 229.81378173828125 125.14516448974609 63 167.34376525878906 53.938926696777344 -1 172.51052856445312 60.306262969970703 -1 203.05586242675781 85.989471435546875 42 205.59324645996094 87.9395751953125 42 166.256103515625 89.128250122070312 -1 169.17965698242188 95.060562133789062 -1 154.60005187988281 99.310203552246094 -1 133.44239807128906 183.09683227539062 -1 235.28610229492188 109.26964569091797 197 56.478660583496094 159.01718139648438 244 78.837623596191406 133.10951232910156 -1 226.00929260253906 103.17659759521484 40 154.33218383789062 102.75482177734375 -1 166.256103515625 89.128250122070312 -1 231.32975769042969 106.73335266113281 197 133.44239807128906 183.09683227539062 -1 247.82073974609375 237.17887878417969 -1 24.809299468994141 191.76458740234375 297 250.53395080566406 248.18817138671875 -1 78.837623596191406 133.10951232910156 -1 33.900733947753906 181.77992248535156 259 67.025672912597656 148.25538635253906 -1 
55 0.98955233379832241 -0.095791444441613763 -0.096838757516771193 0.047248628431848523 -0.35724130859981279 -1.4199196424204032 -0.54043128988883893 1 000054.png
127.09706878662109 110.15653228759766 -1 127.09706878662109 110.15653228759766 -1 144.18788146972656 198.60856628417969 -1 201.01719665527344 76.198112487792969 -1 120.47541809082031 86.676094055175781 -1 155.23970031738281 151.80625915527344 -1 113.76465606689453 23.777666091918945 -1 110.697021484375 63.356224060058594 -1 219.93276977539062 109.56758117675781 -1 98.538352966308594 30.640047073364258 439 219.93276977539062 109.56758117675781 223 233.78314208984375 122.49030303955078 8 229.60466003417969 78.2205810546875 -1 242.84867858886719 86.597877502441406 -1 207.19284057617188 98.171302795410156 -1 207.19284057617188 98.171302795410156 -1 146.31221008300781 47.797664642333984 -1 124.86119079589844 10.977030754089355 -1 151.29461669921875 120.36920928955078 -1 151.29461669921875 120.36920928955078 -1 180.75201416015625 44.731525421142578 -1 104.20488739013672 11.026329040527344 -1 193.13299560546875 53.491058349609375 -1 156.66990661621094 77.397773742675781 -1 148.62161254882812 162.27801513671875 -1 231.15428161621094 111.1519775390625 197 174.19856262207031 39.932319641113281 -1 102.41421508789062 72.008277893066406 841 105.59471130371094 96.180580139160156 -1 164.20364379882812 102.30568695068359 -1 111.73139190673828 146.92486572265625 -1 247.51539611816406 234.76264953613281 -1 253.40525817871094 244.1624755859375 -1 253.40525817871094 244.1624755859375 -1 164.20364379882812 102.30568695068359 -1 168.44410705566406 96.599601745605469 -1 214.64436340332031 97.07928466796875 20 138.31011962890625 181.21392822265625 -1 109.16647338867188 33.980968475341797 -1 175.43623352050781 95.483795166015625 -1 246.47454833984375 106.81005859375 27 116.82334136962891 3.9731070995330811 -1 155.21826171875 64.578773498535156 -1 152.44264221191406 67.471923828125 -1 187.82806396484375 71.444236755371094 -1 187.82806396484375 71.444236755371094 279 175.43623352050781 95.483795166015625 -1 116.82334136962891 3.9731070995330811 -1 168.45501708984375 58.500614166259766 -1 169.83460998535156 62.8624267578125 -1 155.21826171875 64.578773498535156 -1 152.44264221191406 67.471923828125 -1 187.82806396484375 71.444236755371094 591 171.99844360351562 88.394912719726562 -1 169.496826171875 91.806007385253906 -1 179.984130859375 94.333213806152344 -1 147.31234741210938 161.42961120605469 -1 95.471443176269531 116.51431274414062 -1 235.63092041015625 109.5765380859375 197 95.471443176269531 116.51431274414062 762 104.36982727050781 79.124626159667969 -1 27.250415802001953 185.13963317871094 665 160.536865234375 52.301811218261719 -1 107.53172302246094 105.20854187011719 792 12.258114814758301 200.52264404296875 -1 249.76443481445312 119.34234619140625 99 27.250415802001953 185.13963317871094 -1 12.258114814758301 200.52264404296875 -1 8.5867910385131836 208.65907287597656 258 4.6084980964660645 212.52786254882812 -1 252.62879943847656 241.075927734375 -1 250.62580871582031 247.54641723632812 -1 142.29795837402344 119.06932067871094 -1 232.84971618652344 107.57606506347656 197 102.63162231445312 15.628106117248535 -1 226.11872863769531 103.09425354003906 40 154.29698181152344 102.901611328125 -1 223.88467407226562 101.22136688232422 40 221.20101928710938 99.428939819335938 234 154.53021240234375 99.091033935546875 -1 102.63162231445312 15.628106117248535 -1 167.49725341796875 53.855648040771484 -1 133.39442443847656 183.07017517089844 -1 252.62879943847656 241.075927734375 -1 101.84394073486328 35.407722473144531 -1 172.51945495605469 60.297473907470703 -1 205.50727844238281 87.909164428710938 42 217.49835205078125 96.615943908691406 234 133.39442443847656 183.07017517089844 -1 180.75152587890625 89.4796142578125 -1 35.858890533447266 179.84141540527344 259 52.720172882080078 162.70672607421875 244 180.75152587890625 89.4796142578125 -1 
56 0.98951895603018825 -0.095785787590652663 -0.097180788521840394 0.047256881983875912 -0.34000774589979221 -1.4429846384605192 -0.5026367433414578 1 000055.png
126.96206665039062 110.07422637939453 -1 126.96206665039062 110.07422637939453 -1 144.20025634765625 198.6483154296875 -1 200.94667053222656 76.142654418945312 -1 120.54283142089844 87.082931518554688 -1 155.19232177734375 151.76060485839844 -1 113.77156066894531 23.80108642578125 -1 112.54009246826172 67.285865783691406 -1 98.476531982421875 30.607368469238281 439 202.86952209472656 61.149990081787109 -1 243.09700012207031 86.661567687988281 -1 234.07356262207031 122.03285980224609 8 231.02781677246094 111.33843994140625 197 151.3726806640625 120.45169067382812 -1 151.3726806640625 120.45169067382812 -1 104.15340423583984 11.508723258972168 -1 181.21969604492188 45.540374755859375 -1 193.03623962402344 53.420082092285156 -1 156.64976501464844 77.425201416015625 -1 174.63832092285156 40.273727416992188 -1 167.95989990234375 58.282546997070312 -1 101.63833618164062 63.206577301025391 -1 102.40989685058594 72.289726257324219 841 105.75666046142578 96.646965026855469 -1 168.50489807128906 96.539299011230469 -1 214.81512451171875 97.113677978515625 20 164.29409790039062 102.32522583007812 -1 138.31095886230469 181.28451538085938 -1 247.67695617675781 234.27838134765625 -1 167.95989990234375 58.282546997070312 -1 164.29409790039062 102.32522583007812 -1 109.21401977539062 33.755146026611328 -1 180.00535583496094 94.417129516601562 -1 116.76769256591797 4.0199999809265137 -1 175.30308532714844 95.348304748535156 -1 116.76769256591797 4.0199999809265137 -1 187.89285278320312 71.496299743652344 279 187.89285278320312 71.496299743652344 -1 175.30308532714844 95.348304748535156 -1 169.82351684570312 62.870315551757812 -1 187.89285278320312 71.496299743652344 591 172.05294799804688 88.429397583007812 -1 169.29727172851562 91.670616149902344 -1 250.11344909667969 119.58677673339844 220 27.128414154052734 185.28158569335938 -1 8.0650300979614258 209.39060974121094 258 154.20086669921875 77.162246704101562 -1 154.20086669921875 77.162246704101562 -1 160.60676574707031 52.365169525146484 -1 107.42092132568359 105.35524749755859 792 231.71348571777344 106.87519836425781 197 246.33778381347656 106.9002685546875 27 235.35044860839844 109.51630401611328 197 113.15191650390625 2.9448208808898926 -1 27.128414154052734 185.28158569335938 665 113.15191650390625 2.9448208808898926 -1 177.73683166503906 90.072479248046875 -1 169.16574096679688 95.1336669921875 -1 226.22309875488281 103.18013763427734 40 78.442481994628906 137.01394653320312 -1 133.31578063964844 182.93067932128906 -1 24.959383010864258 191.42662048339844 297 5.1367740631103516 211.99687194824219 -1 154.32919311523438 102.88714599609375 -1 154.53355407714844 99.10406494140625 -1 133.31578063964844 182.93067932128906 -1 252.63583374023438 241.10108947753906 -1 252.63583374023438 241.10108947753906 -1 172.51947021484375 60.293979644775391 -1 252.63583374023438 241.10108947753906 -1 205.46348571777344 87.91925048828125 42 172.01364135742188 89.331085205078125 -1 84.47845458984375 127.40221405029297 113 177.73683166503906 90.072479248046875 -1 223.85519409179688 101.2587890625 40 38.935077667236328 176.86402893066406 259 47.821235656738281 167.71673583984375 -1 
57 0.98978410460023847 -0.094536366077462811 -0.09595551908246068 0.046720874640654941 -0.41460207536220717 -1.3858414853590988 -0.46430147129937444 1 000056.png
127.16493225097656 110.19401550292969 -1 127.16493225097656 110.19401550292969 -1 144.19923400878906 198.69705200195312 -1 201.00468444824219 76.191696166992188 -1 120.48069000244141 86.9366455078125 -1 155.22523498535156 151.77976989746094 -1 113.76100921630859 23.799541473388672 -1 110.95903778076172 63.903816223144531 -1 98.397560119628906 30.499425888061523 439 202.9912109375 61.216781616210938 -1 243.02920532226562 86.7431640625 -1 131.25405883789062 175.00599670410156 -1 233.30517578125 122.00283813476562 8 229.57518005371094 78.1190185546875 -1 151.19345092773438 120.81121063232422 -1 56.567348480224609 166.09739685058594 -1 151.19345092773438 120.81121063232422 -1 96.765899658203125 124.10975646972656 -1 104.20379638671875 11.511455535888672 -1 181.27041625976562 45.573368072509766 -1 146.84393310546875 48.007766723632812 -1 193.13360595703125 53.514114379882812 -1 156.67707824707031 77.437393188476562 -1 96.765899658203125 124.10975646972656 -1 71.360107421875 149.34272766113281 -1 230.98008728027344 111.13527679443359 197 247.5302734375 235.39155578613281 -1 164.13699340820312 102.2874755859375 -1 168.4669189453125 96.570152282714844 -1 102.45629119873047 71.936302185058594 841 164.13699340820312 102.2874755859375 -1 174.49067687988281 40.164131164550781 -1 214.91340637207031 96.964439392089844 20 125.69585418701172 178.32569885253906 -1 116.74647521972656 4.0263481140136719 -1 155.42158508300781 64.382698059082031 -1 187.77581787109375 71.368728637695312 -1 175.3951416015625 95.4808349609375 -1 169.81857299804688 62.860477447509766 -1 116.74647521972656 4.0263481140136719 -1 155.42158508300781 64.382698059082031 -1 187.77581787109375 71.368728637695312 591 252.46002197265625 90.147476196289062 -1 169.33454895019531 91.708297729492188 -1 179.99208068847656 94.423194885253906 -1 175.3951416015625 95.4808349609375 -1 236.71076965332031 99.918144226074219 26 246.23463439941406 106.76058197021484 27 107.41807556152344 105.41912841796875 792 235.58699035644531 109.60768127441406 197 249.78048706054688 119.41930389404297 220 252.82196044921875 241.75384521484375 -1 252.82196044921875 241.75384521484375 -1 252.82196044921875 241.75384521484375 -1 160.44281005859375 52.282119750976562 -1 167.54891967773438 53.896980285644531 -1 172.48770141601562 60.286476135253906 -1 172.02362060546875 89.334144592285156 -1 205.50779724121094 87.86529541015625 42 7.820836067199707 209.29144287109375 258 217.70170593261719 96.726631164550781 234 154.27442932128906 102.97767639160156 -1 225.9854736328125 103.06275177001953 40 231.83836364746094 106.82449340820312 197 103.04592132568359 109.19953155517578 -1 72.785667419433594 142.5341796875 -1 67.25994873046875 148.11630249023438 -1 60.617580413818359 154.97146606445312 -1 220.87702941894531 99.029151916503906 234 169.18620300292969 95.118293762207031 -1 40.667163848876953 175.16839599609375 -1 36.159954071044922 179.72352600097656 259 203.19168090820312 86.014686584472656 -1 54.704322814941406 160.85591125488281 244 180.74761962890625 89.429702758789062 -1 180.74761962890625 89.429702758789062 -1 223.72175598144531 101.12775421142578 40 
58 0.98929276082026241 -0.091569837719811295 -0.10460525018020514 0.044413284536579119 0.14257048303821701 -1.1678319412749747 -0.57030349269702652 1 000058.png
127.40061187744141 110.27241516113281 -1 127.40061187744141 110.27241516113281 -1 144.26393127441406 198.69485473632812 -1 201.05131530761719 76.229789733886719 -1 120.47895050048828 86.639274597167969 -1 155.14041137695312 151.65657043457031 -1 113.76860046386719 23.80546760559082 -1 111.05722808837891 64.0927734375 -1 98.483406066894531 30.586648941040039 439 219.37890625 109.62398529052734 223 233.31996154785156 122.08007049560547 8 219.37890625 109.62398529052734 -1 243.22433471679688 86.832664489746094 -1 107.40950012207031 57.915458679199219 425 124.92985534667969 11.065850257873535 -1 151.18527221679688 120.99441528320312 -1 96.424224853515625 126.23750305175781 -1 96.424224853515625 126.23750305175781 -1 151.18527221679688 120.99441528320312 -1 229.74876403808594 77.972251892089844 -1 156.67515563964844 77.380592346191406 -1 71.805793762207031 148.82958984375 -1 104.20428466796875 11.419027328491211 -1 231.16746520996094 111.28311157226562 197 181.05436706542969 45.388301849365234 -1 147.222412109375 48.3065185546875 -1 193.06819152832031 53.435264587402344 -1 174.50215148925781 40.280422210693359 -1 102.39874267578125 71.627960205078125 841 105.55869293212891 95.737869262695312 -1 164.22848510742188 102.29078674316406 -1 214.64837646484375 96.955513000488281 20 164.22848510742188 102.29078674316406 -1 168.47731018066406 96.601905822753906 -1 247.67942810058594 234.75750732421875 -1 109.19975280761719 34.009674072265625 -1 109.19975280761719 34.009674072265625 -1 116.74335479736328 3.9065074920654297 -1 187.95265197753906 71.524063110351562 279 187.95265197753906 71.524063110351562 -1 175.35955810546875 95.411422729492188 -1 116.74335479736328 3.9065074920654297 -1 246.46170043945312 106.88743591308594 27 169.82113647460938 62.880180358886719 -1 187.95265197753906 71.524063110351562 591 171.95916748046875 88.266044616699219 -1 169.36598205566406 91.701759338378906 -1 179.97563171386719 94.298988342285156 -1 175.35955810546875 95.411422729492188 -1 121.24182891845703 172.31082153320312 -1 235.80992126464844 109.74153900146484 197 95.441864013671875 116.46260070800781 762 27.210012435913086 185.16824340820312 -1 252.93150329589844 241.91952514648438 -1 130.851318359375 34.710586547851562 -1 160.44009399414062 52.272384643554688 -1 107.52328491210938 105.25074005126953 792 227.82308959960938 104.44189453125 40 130.851318359375 34.710586547851562 -1 95.441864013671875 116.46260070800781 -1 27.210012435913086 185.16824340820312 665 252.93150329589844 241.91952514648438 -1 252.93150329589844 241.91952514648438 -1 205.31254577636719 87.83544921875 42 232.35903930664062 107.15025329589844 197 101.8868408203125 35.497737884521484 -1 172.52006530761719 60.292392730712891 -1 154.42170715332031 102.7196044921875 -1 49.981227874755859 165.47135925292969 -1 40.131374359130859 175.69090270996094 -1 133.44688415527344 183.05555725097656 -1 17.655799865722656 199.03421020507812 -1 250.372314453125 119.60556793212891 99 223.90744018554688 101.39267730712891 40 154.60922241210938 99.228294372558594 -1 172.00927734375 89.367156982421875 -1 85.148750305175781 130.1649169921875 113 133.44688415527344 183.05555725097656 -1 187.59751892089844 74.702041625976562 -1 147.95809936523438 95.856178283691406 -1 
59 0.98963033332690664 -0.092472087954263121 -0.10080637460410935 0.043804008353466491 -0.17413067954058165 -1.2334888119806082 -0.51016543797256264 1 000061.png
127.04456329345703 110.09033203125 -1 127.04456329345703 110.09033203125 -1 144.20655822753906 198.52131652832031 -1 200.97611999511719 76.165992736816406 -1 120.43170928955078 86.35784912109375 -1 155.52804565429688 151.7525634765625 -1 113.755859375 23.810995101928711 -1 112.50989532470703 67.116401672363281 -1 98.480087280273438 30.803644180297852 439 243.26129150390625 86.823013305664062 -1 233.46051025390625 121.77638244628906 8 124.87204742431641 10.985796928405762 -1 229.738525390625 77.992919921875 -1 151.41574096679688 120.44637298583984 -1 151.41574096679688 120.44637298583984 -1 104.11827850341797 11.427282333374023 -1 181.00761413574219 45.135284423828125 -1 146.86294555664062 47.823532104492188 -1 193.00059509277344 53.415184020996094 -1 156.68670654296875 77.382087707519531 -1 231.23318481445312 111.47962188720703 197 174.52796936035156 40.243492126464844 -1 102.41751098632812 71.859291076660156 841 168.46540832519531 96.535842895507812 -1 214.705810546875 97.038597106933594 20 164.26896667480469 102.42525482177734 -1 164.26896667480469 102.42525482177734 -1 187.76535034179688 71.374526977539062 591 179.96092224121094 94.285507202148438 -1 175.3865966796875 95.479774475097656 -1 236.69865417480469 99.97174072265625 26 246.46772766113281 106.81900787353516 27 249.05856323242188 254.48533630371094 -1 116.78895568847656 4.0350532531738281 -1 154.71783447265625 65.050224304199219 -1 187.76535034179688 71.374526977539062 -1 175.3865966796875 95.479774475097656 -1 249.05856323242188 254.48533630371094 -1 116.78895568847656 4.0350532531738281 -1 168.43501281738281 58.472316741943359 -1 169.81822204589844 62.856067657470703 -1 154.71783447265625 65.050224304199219 -1 107.4654541015625 105.36524963378906 792 160.37002563476562 52.239181518554688 -1 229.71005249023438 124.69380950927734 63 229.71005249023438 124.69380950927734 64 252.8297119140625 241.95661926269531 -1 252.8297119140625 241.95661926269531 -1 252.8297119140625 241.95661926269531 -1 250.79144287109375 248.37504577636719 -1 101.86281585693359 35.394927978515625 -1 172.49031066894531 60.278343200683594 -1 165.57945251464844 72.09063720703125 -1 172.04447937011719 89.352447509765625 -1 180.72634887695312 89.428733825683594 -1 169.19236755371094 95.103431701660156 -1 223.72943115234375 101.28176879882812 40 67.492652893066406 147.778076171875 -1 8.060791015625 208.98585510253906 258 5.1285934448242188 212.11378479003906 -1 252.63766479492188 241.19094848632812 -1 142.4398193359375 118.59010314941406 -1 250.15103149414062 119.53890991210938 220 247.15574645996094 117.12575531005859 99 226.13835144042969 103.11430358886719 40 180.72634887695312 89.428733825683594 -1 93.527412414550781 118.53614044189453 -1 93.527412414550781 118.53614044189453 762 252.63766479492188 241.19094848632812 -1 79.450065612792969 136.11163330078125 -1 252.63766479492188 241.19094848632812 -1 217.79928588867188 96.726882934570312 234 154.51515197753906 99.263328552246094 -1 193.57913208007812 78.857582092285156 325 
60 0.98932548962681066 -0.096222064925367265 -0.098508017244541446 0.047671378569524234 -0.27392580546620054 -1.4862493093519336 -0.53692445903757136 1 000059.png
127.09529113769531 110.11122131347656 -1 127.09529113769531 110.11122131347656 -1 144.141845703125 198.60467529296875 -1 200.95352172851562 76.143081665039062 -1 120.50201416015625 86.651687622070312 -1 154.1632080078125 153.40339660644531 -1 113.75227355957031 23.81800651550293 -1 111.17464447021484 64.477508544921875 -1 98.360885620117188 30.56304931640625 439 219.44439697265625 109.75141143798828 223 219.44439697265625 109.75141143798828 -1 229.34628295898438 77.934761047363281 -1 243.13243103027344 86.770088195800781 -1 233.49830627441406 121.8775634765625 8 151.21728515625 120.71511840820312 -1 151.21728515625 120.71511840820312 -1 104.12635040283203 11.649236679077148 -1 181.14042663574219 45.301513671875 -1 146.92901611328125 48.014736175537109 -1 192.930419921875 53.392097473144531 -1 156.66035461425781 77.409225463867188 -1 231.05329895019531 111.17513275146484 197 174.59391784667969 40.364925384521484 -1 102.46488189697266 71.875358581542969 574 168.45187377929688 96.62933349609375 -1 214.77981567382812 97.055595397949219 20 236.54226684570312 99.6663818359375 26 164.07003784179688 102.29355621337891 -1 109.63648223876953 129.4661865234375 262 164.07003784179688 102.29355621337891 -1 110.84938812255859 137.98738098144531 -1 109.26347351074219 33.667102813720703 -1 116.76293182373047 4.0379114151000977 -1 169.82125854492188 62.879199981689453 -1 152.68510437011719 67.022125244140625 -1 187.91423034667969 71.468017578125 591 171.882568359375 88.189620971679688 -1 169.41680908203125 91.731727600097656 -1 179.97189331054688 94.413139343261719 -1 175.41172790527344 95.452041625976562 -1 116.76293182373047 4.0379114151000977 -1 152.68510437011719 67.022125244140625 -1 175.41172790527344 95.452041625976562 -1 113.3782958984375 2.7592036724090576 -1 252.94340515136719 242.2008056640625 -1 252.94340515136719 242.2008056640625 -1 154.14418029785156 77.149703979492188 -1 160.59091186523438 52.337203979492188 -1 231.73629760742188 106.83890533447266 197 252.94340515136719 242.2008056640625 -1 154.14418029785156 77.149703979492188 -1 113.3782958984375 2.7592036724090576 -1 27.033237457275391 185.33523559570312 665 228.29695129394531 104.70995330810547 -1 107.45384979248047 105.35918426513672 792 246.46348571777344 106.91815948486328 27 235.643310546875 109.45180511474609 197 250.21714782714844 119.71695709228516 220 27.033237457275391 185.33523559570312 -1 101.92721557617188 35.586872100830078 -1 172.5137939453125 60.287063598632812 -1 201.66712951660156 85.060844421386719 363 205.47610473632812 87.878791809082031 42 171.96067810058594 89.339408874511719 -1 177.65194702148438 90.241828918457031 -1 7.8005332946777344 209.29083251953125 258 90.109031677246094 121.96165466308594 -1 3.9723114967346191 213.10623168945312 -1 225.67398071289062 102.85917663574219 40 154.36515808105469 102.92545318603516 -1 223.73861694335938 101.19181060791016 40 56.958423614501953 158.43865966796875 -1 104.59124755859375 79.026351928710938 -1 177.65194702148438 90.241828918457031 -1 93.465957641601562 118.68642425537109 -1 90.109031677246094 121.96165466308594 -1 93.465957641601562 118.68642425537109 762 41.655452728271484 174.05752563476562 259 24.915813446044922 191.59854125976562 297 15.154255867004395 201.560302734375 276 95.758544921875 116.13372802734375 762 84.427017211914062 127.42449188232422 113 180.756103515625 89.401657104492188 -1 180.756103515625 89.401657104492188 -1 
61 0.9889870676856759 -0.099132420793388548 -0.099568006001771792 0.046514033140141797 -0.22847099968394785 -1.5253051069890762 -0.58657808006798506 1 000060.png
126.93492889404297 110.03345489501953 -1 126.93492889404297 110.03345489501953 -1 144.27349853515625 198.66415405273438 -1 201.03167724609375 76.221855163574219 -1 120.49568176269531 86.503608703613281 -1 155.40435791015625 152.01786804199219 -1 113.77394866943359 23.816814422607422 -1 219.55436706542969 109.358642578125 -1 219.55436706542969 109.358642578125 223 233.35287475585938 122.11537933349609 8 99.72308349609375 31.621191024780273 439 243.38766479492188 86.83831787109375 -1 131.24778747558594 174.74496459960938 -1 229.57609558105469 78.146476745605469 -1 124.82595825195312 10.922900199890137 -1 151.30813598632812 120.53556823730469 -1 55.981945037841797 166.53517150878906 -1 151.30813598632812 120.53556823730469 -1 104.22023773193359 11.823934555053711 -1 181.08248901367188 45.137939453125 -1 193.05921936035156 53.481464385986328 -1 156.64988708496094 77.38641357421875 -1 72.079307556152344 148.42002868652344 -1 231.12718200683594 111.26406860351562 197 132.23114013671875 178.65646362304688 -1 132.23114013671875 178.65646362304688 -1 174.38775634765625 40.317844390869141 -1 102.36176300048828 71.836624145507812 841 168.44705200195312 96.572517395019531 -1 214.84829711914062 97.232688903808594 20 111.55410766601562 146.39254760742188 -1 247.5762939453125 235.02525329589844 -1 164.16319274902344 102.21809387207031 -1 164.16319274902344 102.21809387207031 -1 109.21867370605469 33.736934661865234 -1 169.34266662597656 91.717842102050781 -1 179.98764038085938 94.413421630859375 -1 175.43704223632812 95.500694274902344 -1 236.661376953125 100.08627319335938 26 249.28306579589844 254.85911560058594 -1 116.8353271484375 4.0579586029052734 -1 169.230712890625 58.681392669677734 -1 155.34770202636719 64.572799682617188 -1 187.90142822265625 71.47283935546875 279 187.90142822265625 71.47283935546875 -1 175.43704223632812 95.500694274902344 -1 249.28306579589844 254.85911560058594 -1 116.8353271484375 4.0579586029052734 -1 169.230712890625 58.681392669677734 -1 169.82106018066406 62.8731689453125 -1 155.34770202636719 64.572799682617188 -1 187.90142822265625 71.47283935546875 591 171.9306640625 88.25823974609375 -1 113.41358184814453 2.7686541080474854 -1 27.106536865234375 185.29025268554688 -1 113.41358184814453 2.7686541080474854 -1 107.41269683837891 105.37435150146484 792 250.11952209472656 119.54248809814453 220 229.83219909667969 125.00901794433594 63 160.49258422851562 52.305412292480469 -1 229.83219909667969 125.00901794433594 64 27.106536865234375 185.29025268554688 665 247.95907592773438 236.77836608886719 -1 204.40693664550781 87.090591430664062 42 172.02102661132812 89.345993041992188 -1 169.26344299316406 95.250823974609375 -1 220.60528564453125 98.906494140625 234 154.56001281738281 99.257698059082031 -1 133.34297180175781 182.98707580566406 -1 4.8010363578796387 212.23715209960938 -1 84.0186767578125 127.82270812988281 113 90.970443725585938 121.06477355957031 -1 93.336997985839844 118.64926147460938 762 235.29248046875 109.54832458496094 197 154.19671630859375 102.99854278564453 -1 223.7862548828125 101.41218566894531 40 166.2430419921875 89.067626953125 -1 90.970443725585938 121.06477355957031 -1 166.2430419921875 89.067626953125 -1 104.80453491210938 7.0841503143310547 -1 167.49848937988281 53.754890441894531 -1 252.73747253417969 241.46322631835938 -1 252.73747253417969 241.46322631835938 -1 172.52447509765625 60.324417114257812 -1 252.73747253417969 241.46322631835938 -1 142.37324523925781 119.58905792236328 -1 83.190376281738281 132.26165771484375 113 133.34297180175781 182.98707580566406 -1 14.742026329040527 201.75065612792969 276 180.7298583984375 89.479484558105469 -1 56.968692779541016 158.35853576660156 -1 180.7298583984375 89.479484558105469 -1 
62 0.99008500082281548 -0.090241487660320502 -0.097092140756926334 0.04648958220693053 -0.34838195074695932 -1.2116055044822478 -0.38942760102735452 1 000057.png
127.24146270751953 110.17054748535156 -1 127.24146270751953 110.17054748535156 -1 144.24104309082031 198.68455505371094 -1 200.94364929199219 76.158470153808594 -1 120.48056793212891 86.706016540527344 -1 155.26223754882812 151.67369079589844 -1 113.78557586669922 23.783517837524414 -1 98.581138610839844 30.748922348022461 439 243.4234619140625 86.878929138183594 -1 131.44538879394531 175.19926452636719 -1 233.50361633300781 121.88917541503906 8 229.56219482421875 78.125320434570312 -1 151.25679016113281 120.87271881103516 -1 151.25679016113281 120.87271881103516 -1 146.54130554199219 47.943458557128906 -1 124.78577423095703 10.870558738708496 -1 104.18955993652344 11.643507957458496 -1 180.98017883300781 45.218505859375 -1 192.99136352539062 53.454479217529297 -1 156.64125061035156 77.422470092773438 -1 231.20114135742188 111.27779388427734 197 152.08990478515625 103.82819366455078 -1 174.14280700683594 39.897224426269531 -1 102.33005523681641 72.122703552246094 841 168.47750854492188 96.598152160644531 -1 214.74539184570312 97.019973754882812 20 164.147705078125 102.37413024902344 -1 253.5560302734375 244.15533447265625 -1 125.75346374511719 178.78797912597656 -1 247.55430603027344 234.87002563476562 -1 253.5560302734375 244.15533447265625 -1 164.147705078125 102.37413024902344 -1 138.27310180664062 181.18478393554688 -1 109.16078186035156 33.993057250976562 -1 180.00100708007812 94.377082824707031 -1 175.4090576171875 95.458625793457031 -1 246.444580078125 106.81290435791016 27 249.21005249023438 254.88519287109375 -1 116.77472686767578 4.010859489440918 -1 154.7430419921875 65.239036560058594 -1 187.78579711914062 71.413040161132812 -1 175.4090576171875 95.458625793457031 -1 249.21005249023438 254.88519287109375 -1 154.7430419921875 65.239036560058594 -1 116.77472686767578 4.010859489440918 -1 169.800537109375 62.891933441162109 -1 187.78579711914062 71.413040161132812 591 171.94293212890625 88.27630615234375 -1 169.34016418457031 91.691093444824219 -1 160.4244384765625 52.257946014404297 -1 229.7806396484375 124.88257598876953 64 151.40106201171875 75.655845642089844 -1 113.26575469970703 2.8885459899902344 -1 249.80682373046875 119.48927307128906 220 141.93966674804688 119.92910003662109 -1 229.7806396484375 124.88257598876953 63 113.26575469970703 2.8885459899902344 -1 174.85946655273438 52.876991271972656 -1 172.50344848632812 60.312530517578125 -1 228.40400695800781 79.866241455078125 -1 199.09625244140625 83.131118774414062 363 205.71037292480469 88.022735595703125 42 172.03509521484375 89.329689025878906 -1 95.51470947265625 116.35581970214844 762 223.74763488769531 101.34944915771484 40 107.59739685058594 105.11534118652344 792 146.9122314453125 105.89541625976562 498 101.91079711914062 35.768310546875 -1 84.229164123535156 127.63709259033203 113 75.329513549804688 140.24620056152344 -1 34.075641632080078 181.88841247558594 704 154.54788208007812 99.269950866699219 -1 217.53688049316406 96.553504943847656 234 154.30348205566406 102.95468139648438 -1 174.85946655273438 52.876991271972656 -1 228.40400695800781 79.866241455078125 -1 24.809087753295898 191.61102294921875 297 8.8164863586425781 208.06967163085938 258 225.88655090332031 102.97850036621094 40 92.843963623046875 122.69106292724609 -1 78.079536437988281 137.36717224121094 -1 213.06625366210938 93.358329772949219 243 72.796722412109375 142.53932189941406 -1 180.75680541992188 89.459335327148438 -1 180.75680541992188 89.459335327148438 -1 220.53697204589844 98.789993286132812 234 
63 0.98941052942599772 -0.095633068255910517 -0.098324239777748623 0.047470668723488416 -0.3140091027041248 -1.4398879085669911 -0.5855317222971318 1 000062.png
127.30052947998047 110.13229370117188 -1 127.30052947998047 110.13229370117188 -1 144.152587890625 198.62815856933594 -1 201.03875732421875 76.2139892578125 -1 120.38661956787109 86.258926391601562 -1 155.33895874023438 152.03117370605469 -1 113.12472534179688 68.672477722167969 -1 113.77317810058594 23.784145355224609 -1 98.548027038574219 30.877246856689453 439 202.95574951171875 61.190036773681641 -1 229.69697570800781 78.138313293457031 -1 242.95509338378906 86.699836730957031 -1 234.42652893066406 121.81191253662109 8 124.93953704833984 11.089383125305176 -1 151.26759338378906 120.58355712890625 -1 151.26759338378906 120.58355712890625 -1 180.71435546875 44.65521240234375 -1 104.11466979980469 11.257543563842773 -1 146.27430725097656 47.612010955810547 -1 192.99079895019531 53.48187255859375 -1 156.641357421875 77.457695007324219 -1 79.826812744140625 140.87165832519531 -1 231.36000061035156 111.32266235351562 197 174.35881042480469 40.168365478515625 -1 102.57545471191406 71.761314392089844 841 168.44718933105469 96.569168090820312 -1 214.61357116699219 96.94329833984375 20 164.30085754394531 102.31613159179688 -1 109.59562683105469 129.67266845703125 262 138.55386352539062 180.96672058105469 -1 164.30085754394531 102.31613159179688 -1 109.22695922851562 33.795154571533203 -1 169.37028503417969 91.685722351074219 -1 179.97569274902344 94.335197448730469 -1 175.37176513671875 95.450271606445312 -1 236.60157775878906 99.977409362792969 26 116.767822265625 4.0124025344848633 -1 152.93247985839844 66.858589172363281 -1 187.78570556640625 71.407272338867188 -1 175.37176513671875 95.450271606445312 -1 116.767822265625 4.0124025344848633 -1 135.38861083984375 38.364437103271484 -1 169.82270812988281 62.865604400634766 -1 152.93247985839844 66.858589172363281 -1 187.78570556640625 71.407272338867188 591 172.01382446289062 88.448722839355469 -1 167.61076354980469 53.683376312255859 -1 235.37765502929688 109.4637451171875 197 252.84754943847656 241.81803894042969 -1 160.47496032714844 52.277896881103516 -1 196.95594787597656 73.510154724121094 -1 172.11111450195312 89.143180847167969 -1 107.38787841796875 105.40108489990234 792 246.14842224121094 106.78449249267578 27 95.509185791015625 116.44451141357422 762 248.95330810546875 108.78408813476562 -1 249.78033447265625 119.42969512939453 99 95.509185791015625 116.44451141357422 -1 229.89141845703125 125.17884063720703 64 252.84754943847656 241.81803894042969 -1 252.84754943847656 241.81803894042969 -1 229.89141845703125 125.17884063720703 63 102.3052978515625 61.1138916015625 -1 205.81045532226562 88.024734497070312 42 154.54513549804688 99.334266662597656 -1 223.666748046875 101.15914154052734 40 154.32823181152344 102.84454345703125 -1 36.169654846191406 179.54986572265625 259 252.61819458007812 241.22767639160156 -1 133.5174560546875 183.09455871582031 -1 231.9189453125 107.04741668701172 197 133.5174560546875 183.09455871582031 -1 252.61819458007812 241.22767639160156 -1 172.50694274902344 60.292316436767578 -1 27.201362609863281 185.1434326171875 665 27.201362609863281 185.1434326171875 -1 252.61819458007812 241.22767639160156 -1 23.682548522949219 192.70271301269531 297 
64 0.98941886862896755 -0.096895628631365721 -0.097302328853279801 0.046837979811629377 -0.32707340800937801 -1.4520374510748746 -0.53975520002233446 1 000063.png
126.92554473876953 110.05294036865234 -1 126.92554473876953 110.05294036865234 -1 144.19136047363281 198.52272033691406 -1 201.04751586914062 76.224403381347656 -1 120.46690368652344 86.464111328125 -1 155.32366943359375 151.81211853027344 -1 113.77261352539062 23.801921844482422 -1 111.03485870361328 64.203048706054688 -1 98.425399780273438 30.396535873413086 439 202.86454772949219 61.132717132568359 -1 202.86454772949219 61.132717132568359 -1 243.28146362304688 86.76605224609375 -1 234.7149658203125 121.65788269042969 8 124.92674255371094 11.058903694152832 -1 229.79267883300781 77.99041748046875 -1 151.28926086425781 120.64302062988281 -1 72.589569091796875 149.52561950683594 -1 151.28926086425781 120.64302062988281 -1 180.82180786132812 44.791507720947266 -1 112.03617095947266 154.07347106933594 -1 104.18605041503906 11.715594291687012 -1 146.41481018066406 47.567245483398438 -1 192.96177673339844 53.436286926269531 -1 156.65167236328125 77.3990478515625 -1 125.60677337646484 179.522705078125 -1 189.94302368164062 81.576789855957031 224 231.51661682128906 111.30554962158203 197 174.34347534179688 40.140449523925781 -1 247.71517944335938 234.4505615234375 -1 102.57577514648438 72.000450134277344 841 168.42831420898438 96.638442993164062 -1 214.76606750488281 96.943084716796875 20 164.28289794921875 102.34476470947266 -1 111.62884521484375 146.41567993164062 -1 164.28289794921875 102.34476470947266 -1 109.25592803955078 33.702594757080078 -1 175.39152526855469 95.406768798828125 -1 236.66064453125 100.0904541015625 26 116.80119323730469 4.0541219711303711 -1 155.11958312988281 64.511459350585938 -1 187.89411926269531 71.518814086914062 279 187.89411926269531 71.518814086914062 -1 175.39152526855469 95.406768798828125 -1 116.80119323730469 4.0541219711303711 -1 169.82499694824219 62.863304138183594 -1 155.11958312988281 64.511459350585938 -1 187.89411926269531 71.518814086914062 591 169.35762023925781 91.696662902832031 -1 180.00303649902344 94.299415588378906 -1 135.2901611328125 37.733146667480469 -1 250.01394653320312 119.53618621826172 220 229.81021118164062 124.93585968017578 63 27.232015609741211 185.02897644042969 -1 252.93264770507812 242.21914672851562 -1 160.52555847167969 52.326778411865234 -1 246.25247192382812 106.99106597900391 27 100.15016174316406 6.614100456237793 204 100.15016174316406 6.614100456237793 -1 229.81021118164062 124.93585968017578 64 27.232015609741211 185.02897644042969 665 252.93264770507812 242.21914672851562 -1 252.93264770507812 242.21914672851562 -1 107.44101715087891 105.32958984375 792 232.02171325683594 106.99562072753906 197 86.922386169433594 124.93451690673828 -1 79.827911376953125 132.16352844238281 -1 133.32173156738281 182.92123413085938 -1 133.32173156738281 182.92123413085938 -1 24.634349822998047 191.931640625 297 89.010665893554688 122.94094085693359 -1 154.41334533691406 102.58232116699219 -1 223.9305419921875 101.44570159912109 40 79.827911376953125 132.16352844238281 -1 167.486083984375 53.741794586181641 -1 172.49925231933594 60.285659790039062 -1 195.17091369628906 80.128524780273438 325 172.04400634765625 89.373870849609375 -1 154.51730346679688 99.31036376953125 -1 109.02101135253906 101.39925384521484 -1 93.950347900390625 118.07668304443359 762 235.55960083007812 109.46521759033203 197 225.94551086425781 103.00724792480469 40 62.900051116943359 152.34600830078125 368 37.95782470703125 177.72856140136719 259 
65 0.98963379436659049 -0.095184010932799143 -0.096996579230511026 0.046439430744883055 -0.36280802970384451 -1.4289655877684957 -0.46874908385185532 1 000064.png
126.95285797119141 110.06098175048828 -1 126.95285797119141 110.06098175048828 -1 144.22836303710938 198.61045837402344 -1 201.06547546386719 76.237518310546875 -1 120.46565246582031 86.647842407226562 -1 155.16215515136719 150.82504272460938 -1 113.75653076171875 23.791120529174805 -1 110.24665832519531 62.467281341552734 -1 98.459640502929688 30.629508972167969 439 233.41172790527344 122.07150268554688 8 243.13650512695312 86.794639587402344 -1 229.9107666015625 78.357742309570312 -1 124.92676544189453 11.055288314819336 -1 189.93373107910156 62.276824951171875 -1 151.3394775390625 120.52223968505859 -1 117.93531799316406 170.49995422363281 -1 117.93531799316406 170.49995422363281 -1 117.93531799316406 170.49995422363281 -1 151.3394775390625 120.52223968505859 -1 188.57156372070312 79.822990417480469 224 71.745010375976562 148.75251770019531 -1 104.20764923095703 12.255704879760742 -1 230.971923828125 111.11992645263672 197 181.16813659667969 45.415859222412109 -1 146.72114562988281 47.854602813720703 -1 192.90315246582031 53.389110565185547 -1 156.67112731933594 77.394279479980469 -1 168.46278381347656 96.552742004394531 -1 164.34310913085938 102.33892822265625 -1 109.61420440673828 129.77394104003906 262 110.58901977539062 137.49037170410156 -1 102.36432647705078 71.610298156738281 574 214.3636474609375 97.3922119140625 20 164.34310913085938 102.33892822265625 -1 247.63133239746094 234.71461486816406 -1 138.33383178710938 181.13851928710938 -1 187.88558959960938 71.473098754882812 591 171.9259033203125 88.2481689453125 -1 252.72560119628906 90.378997802734375 -1 169.35369873046875 91.708892822265625 -1 179.97006225585938 94.387374877929688 -1 175.38011169433594 95.45355224609375 -1 253.10067749023438 242.9644775390625 -1 116.78779602050781 3.9575390815734863 -1 155.34161376953125 64.5650634765625 -1 152.03929138183594 67.748283386230469 -1 187.88558959960938 71.473098754882812 279 187.88558959960938 71.473098754882812 -1 175.38011169433594 95.45355224609375 -1 253.10067749023438 242.9644775390625 -1 116.78779602050781 3.9575390815734863 -1 174.14979553222656 39.701812744140625 -1 168.41764831542969 58.479885101318359 -1 169.81782531738281 62.872699737548828 -1 155.34161376953125 64.5650634765625 -1 152.03929138183594 67.748283386230469 -1 232.07029724121094 107.04766082763672 197 246.54928588867188 106.99784851074219 27 227.58004760742188 104.35922241210938 40 160.50146484375 52.331249237060547 -1 146.97605895996094 81.531974792480469 -1 235.58381652832031 109.51418304443359 197 34.716476440429688 177.39787292480469 -1 27.28802490234375 185.09190368652344 665 250.23257446289062 119.70496368408203 220 34.716476440429688 177.39787292480469 -1 27.28802490234375 185.09190368652344 -1 5.0865964889526367 212.31990051269531 -1 154.51620483398438 99.293075561523438 -1 223.8953857421875 101.37867736816406 40 154.43754577636719 102.66738891601562 -1 107.55127716064453 105.17974853515625 792 90.889869689941406 121.15164184570312 -1 43.359317779541016 172.33845520019531 -1 39.273227691650391 176.593505859375 259 14.994156837463379 201.68597412109375 276 8.9475612640380859 207.83047485351562 258 133.384033203125 183.08660888671875 -1 78.265762329101562 137.37666320800781 -1 82.927871704101562 132.49282836914062 -1 85.75927734375 129.68148803710938 113 172.04537963867188 89.348648071289062 -1 180.72885131835938 89.42578125 -1 90.889869689941406 121.15164184570312 -1 133.384033203125 183.08660888671875 -1 167.49198913574219 54.051082611083984 -1 172.50799560546875 60.274738311767578 -1 201.97978210449219 85.507270812988281 42 246.62800598144531 116.82632446289062 99 204.97465515136719 87.483222961425781 42 113.45335388183594 2.636878490447998 -1 180.72885131835938 89.42578125 -1 169.16719055175781 95.088951110839844 -1 113.45335388183594 2.636878490447998 -1 67.6619873046875 147.72235107421875 -1 53.371742248535156 161.9471435546875 244 88.290206909179688 127.08657073974609 -1 61.891868591308594 153.2147216796875 368 
66 0.98943639114671322 -0.09330917778962218 -0.10106150394774556 0.045777698004737778 -0.15605139611947047 -1.2931163518702973 -0.5816862059918283 1 000066.png
127.27571868896484 110.19038391113281 -1 127.27571868896484 110.19038391113281 -1 144.26885986328125 198.60589599609375 -1 201.02877807617188 76.201927185058594 -1 120.55451965332031 86.902137756347656 -1 155.28387451171875 151.27853393554688 -1 113.76934814453125 23.802042007446289 -1 110.63738250732422 63.403530120849609 -1 98.598258972167969 30.922355651855469 439 219.47712707519531 109.54196929931641 223 233.33619689941406 122.19003295898438 8 219.47712707519531 109.54196929931641 -1 242.94926452636719 86.700050354003906 -1 207.43197631835938 98.378715515136719 -1 207.43197631835938 98.378715515136719 -1 102.80888366699219 89.844650268554688 -1 151.37191772460938 120.48307037353516 -1 151.37191772460938 120.48307037353516 -1 95.8702392578125 125.28610229492188 -1 104.19705963134766 12.274833679199219 -1 181.1351318359375 45.492580413818359 -1 145.97586059570312 47.397056579589844 -1 193.01374816894531 53.469463348388672 -1 156.62442016601562 77.424331665039062 -1 152.2325439453125 103.77754974365234 -1 95.8702392578125 125.28610229492188 -1 132.35122680664062 178.98658752441406 -1 230.96101379394531 111.26826477050781 197 132.35122680664062 178.98658752441406 -1 164.23536682128906 102.33185577392578 -1 164.23536682128906 102.33185577392578 -1 214.75621032714844 97.007484436035156 20 168.47329711914062 96.5655517578125 -1 112.17947387695312 153.61032104492188 -1 105.67871856689453 96.763153076171875 -1 111.53708648681641 146.68325805664062 -1 109.18777465820312 33.827892303466797 -1 246.39604187011719 106.8165283203125 27 247.80506896972656 235.62492370605469 -1 116.77384948730469 4.0035824775695801 -1 187.81007385253906 71.374679565429688 -1 175.29969787597656 95.38482666015625 -1 169.31251525878906 91.689491271972656 -1 116.77384948730469 4.0035824775695801 -1 169.8260498046875 62.859596252441406 -1 187.81007385253906 71.374679565429688 591 171.91416931152344 88.282974243164062 -1 179.97447204589844 94.392677307128906 -1 175.29969787597656 95.38482666015625 -1 236.72540283203125 100.12520599365234 26 249.84904479980469 119.5255126953125 220 27.33296012878418 184.99266052246094 -1 177.57069396972656 90.663818359375 -1 27.33296012878418 184.99266052246094 665 177.57069396972656 90.663818359375 -1 160.53486633300781 52.290512084960938 -1 107.45865631103516 105.33827209472656 792 231.7843017578125 106.94084930419922 197 172.49545288085938 60.272117614746094 -1 193.43319702148438 71.376632690429688 -1 203.43089294433594 86.311027526855469 42 205.87445068359375 88.114738464355469 42 226.59112548828125 103.43811798095703 40 91.051422119140625 120.99617004394531 -1 87.85943603515625 124.10639190673828 -1 154.35212707519531 102.88258361816406 -1 84.411705017089844 127.43215942382812 113 93.552131652832031 118.55104827880859 762 35.561775207519531 180.17076110839844 -1 223.88742065429688 101.48101043701172 40 154.51033020019531 99.378761291503906 -1 221.14776611328125 99.227775573730469 234 235.49588012695312 109.41799163818359 197 169.14947509765625 95.135780334472656 -1 93.552131652832031 118.55104827880859 -1 91.051422119140625 120.99617004394531 -1 252.50144958496094 241.03948974609375 -1 252.50144958496094 241.03948974609375 -1 17.876834869384766 198.51068115234375 -1 252.50144958496094 241.03948974609375 -1 157.26103210449219 102.27423858642578 -1 56.487739562988281 158.95072937011719 -1 142.41297912597656 125.24198913574219 -1 67.285171508789062 147.99043273925781 -1 64.937698364257812 150.31304931640625 -1 
67 0.98977199470969124 -0.094977112977094644 -0.095927501815162936 0.046137413174527762 -0.42231525576687318 -1.3893861383246993 -0.44308162772378168 1 000065.png
127.21272277832031 110.15380096435547 -1 127.21272277832031 110.15380096435547 -1 144.26083374023438 198.7152099609375 -1 201.05018615722656 76.241363525390625 -1 120.45500183105469 86.608177185058594 -1 155.31231689453125 152.50544738769531 -1 113.77896118164062 23.805450439453125 -1 112.3255615234375 66.933502197265625 -1 98.420890808105469 30.592195510864258 439 219.89433288574219 109.739013671875 223 233.34506225585938 122.02645111083984 8 219.89433288574219 109.739013671875 -1 243.10340881347656 86.722892761230469 -1 124.80750274658203 10.901808738708496 -1 151.38615417480469 120.34127807617188 -1 151.38615417480469 120.34127807617188 -1 230.02900695800781 78.196037292480469 -1 231.03639221191406 111.35345458984375 197 152.07575988769531 103.7852783203125 -1 104.11543273925781 11.856310844421387 -1 181.18312072753906 45.456085205078125 -1 146.42988586425781 47.503520965576172 -1 193.07373046875 53.511600494384766 -1 156.65596008300781 77.429603576660156 -1 148.81887817382812 161.35130310058594 -1 174.36039733886719 40.270896911621094 -1 247.51141357421875 234.72933959960938 -1 164.1859130859375 102.36750030517578 -1 214.6334228515625 96.969940185546875 20 132.85914611816406 180.72102355957031 -1 168.43302917480469 96.62982177734375 -1 227.67631530761719 94.166313171386719 512 132.85914611816406 180.72102355957031 -1 164.1859130859375 102.36750030517578 -1 102.51284027099609 72.079444885253906 841 109.18881225585938 33.780647277832031 -1 236.67803955078125 99.88531494140625 26 253.05604553222656 242.81834411621094 -1 249.10137939453125 254.82958984375 -1 116.7921142578125 4.0267353057861328 -1 246.51010131835938 106.81174468994141 27 154.80807495117188 65.080696105957031 -1 187.85618591308594 71.431243896484375 -1 175.37507629394531 95.444984436035156 -1 253.05604553222656 242.81834411621094 -1 253.05604553222656 242.81834411621094 -1 249.10137939453125 254.82958984375 -1 116.7921142578125 4.0267353057861328 -1 169.80953979492188 62.87506103515625 -1 154.80807495117188 65.080696105957031 -1 187.85618591308594 71.431243896484375 591 171.95883178710938 88.348655700683594 -1 169.32553100585938 91.691055297851562 -1 179.99664306640625 94.34381103515625 -1 175.37507629394531 95.444984436035156 -1 60.060497283935547 151.60862731933594 -1 205.28652954101562 87.794601440429688 -1 235.66471862792969 109.73995971679688 197 60.060497283935547 151.60862731933594 -1 107.47776794433594 105.28705596923828 792 231.79803466796875 106.92467498779297 197 160.52766418457031 52.318561553955078 -1 205.28652954101562 87.794601440429688 -1 95.462043762207031 116.48426055908203 -1 252.90420532226562 241.97024536132812 -1 252.90420532226562 241.97024536132812 -1 95.462043762207031 116.48426055908203 762 141.93232727050781 118.6092529296875 -1 252.90420532226562 241.97024536132812 -1 250.44302368164062 119.66260528564453 220 252.60433959960938 241.05841064453125 -1 36.189239501953125 179.736328125 259 47.834938049316406 167.79864501953125 286 172.51736450195312 60.313098907470703 -1 83.411262512207031 132.12486267089844 -1 81.974594116210938 129.85360717773438 113 93.543624877929688 118.55205535888672 -1 223.63800048828125 101.21617889404297 40 252.60433959960938 241.05841064453125 -1 192.63125610351562 78.540878295898438 325 154.59913635253906 99.268600463867188 -1 154.17448425292969 102.90097808837891 -1 102.6947021484375 109.57076263427734 -1 100.04138946533203 112.21537780761719 -1 93.543624877929688 118.55205535888672 762 53.053192138671875 162.42852783203125 244 24.573713302612305 191.98463439941406 297 252.60433959960938 241.05841064453125 -1 180.73719787597656 89.444969177246094 -1 80.604949951171875 134.78713989257812 -1 180.73719787597656 89.444969177246094 -1 14.935925483703613 201.503662109375 276 
68 0.99024637062480958 -0.085934369201262559 -0.09410214837692063 0.056322245385118673 -0.61399283512022862 -0.90294151570438996 -0.82970357375274384 1 000067.png
132.01560974121094 111.65731048583984 -1 132.01560974121094 111.65731048583984 -1 144.904296875 197.96389770507812 -1 201.64334106445312 76.654853820800781 -1 120.46549987792969 86.678504943847656 -1 155.55268859863281 152.49951171875 -1 233.56105041503906 127.06874847412109 8 113.90174865722656 23.911073684692383 -1 111.16529846191406 64.602310180664062 -1 233.56105041503906 127.06874847412109 -1 97.815292358398438 29.335641860961914 439 221.58908081054688 111.83486175537109 223 221.58908081054688 111.83486175537109 -1 231.9285888671875 80.054206848144531 -1 245.11956787109375 88.217613220214844 -1 131.10076904296875 174.43838500976562 -1 151.31304931640625 120.45531463623047 -1 165.49113464355469 56.40570068359375 -1 248.32325744628906 230.31178283691406 -1 151.31304931640625 120.45531463623047 -1 14.101892471313477 204.41397094726562 -1 248.32325744628906 230.31178283691406 -1 45.078521728515625 174.3699951171875 -1 156.67393493652344 77.471229553222656 -1 157.99114990234375 57.334541320800781 -1 181.20115661621094 45.501243591308594 -1 146.5220947265625 47.674892425537109 -1 192.70359802246094 53.277664184570312 -1 151.94139099121094 103.81660461425781 -1 189.74447631835938 80.665840148925781 224 157.99114990234375 57.334541320800781 -1 104.97480773925781 13.784688949584961 -1 174.54975891113281 40.334949493408203 -1 248.91944885253906 109.90207672119141 27 239.09341430664062 102.79376983642578 26 251.69107055664062 248.47161865234375 -1 164.22918701171875 102.36637115478516 -1 230.00303649902344 96.917732238769531 512 168.50689697265625 96.601127624511719 -1 164.22918701171875 102.36637115478516 -1 251.69107055664062 248.47161865234375 -1 246.06124877929688 238.48196411132812 -1 102.86024475097656 71.713241577148438 841 100.56155395507812 4.1260490417480469 -1 175.283203125 95.463027954101562 -1 179.96174621582031 94.435386657714844 -1 169.36576843261719 91.7423095703125 -1 155.22831726074219 64.653617858886719 -1 169.85697937011719 62.868839263916016 -1 163.48014831542969 53.460769653320312 -1 188.29937744140625 71.481422424316406 591 100.56155395507812 4.1260490417480469 204 163.48014831542969 53.460769653320312 -1 155.22831726074219 64.653617858886719 -1 188.29937744140625 71.481422424316406 279 188.29937744140625 71.481422424316406 -1 175.283203125 95.463027954101562 -1 7.5208559036254883 205.00714111328125 258 70.955474853515625 207.041748046875 -1 133.06312561035156 182.06979370117188 -1 113.36244201660156 2.7770750522613525 -1 113.36244201660156 2.7770750522613525 -1 165.42100524902344 46.758411407470703 -1 207.80973815917969 90.115409851074219 42 107.42568969726562 105.63813781738281 792 236.17594909667969 130.82391357421875 231 70.955474853515625 207.041748046875 -1 70.955474853515625 207.041748046875 -1 232.83990478515625 109.43733978271484 197 237.2396240234375 112.60324096679688 197 251.43997192382812 122.93701934814453 220 231.28643798828125 127.96436309814453 63 236.17594909667969 130.82391357421875 230 80.762184143066406 198.67869567871094 -1 133.06312561035156 182.06979370117188 -1 60.495334625244141 145.54934692382812 -1 130.66964721679688 34.053707122802734 -1 105.07518768310547 7.1082215309143066 -1 39.306705474853516 173.15927124023438 -1 29.028753280639648 183.51722717285156 -1 21.625358581542969 190.32496643066406 -1 146.93551635742188 105.79843902587891 -1 234.99739074707031 114.91600799560547 -1 154.29731750488281 102.58950805664062 -1 75.914215087890625 138.0311279296875 -1 228.01029968261719 105.77504730224609 40 222.48272705078125 101.17282867431641 234 154.51588439941406 99.269638061523438 -1 169.19029235839844 95.080848693847656 -1 221.50875854492188 92.121940612792969 80 171.98956298828125 89.38336181640625 -1 207.58975219726562 81.394386291503906 -1 172.66998291015625 60.266731262207031 -1 181.8382568359375 97.062652587890625 -1 181.8382568359375 97.062652587890625 -1 
69 0.98923277725784375 -0.072505725661085901 -0.11712892737046941 0.049419090624331162 0.41634059605574059 0.43770970264463349 -1.3476145793781691 1 000068.png
136.12223815917969 111.68669128417969 -1 136.12223815917969 111.68669128417969 -1 143.6358642578125 196.228271484375 -1 203.46449279785156 78.062675476074219 -1 120.53793334960938 86.800148010253906 -1 155.5003662109375 152.31355285644531 -1 113.77252197265625 24.050271987915039 -1 97.676277160644531 28.541681289672852 -1 221.52072143554688 116.12509155273438 6 242.5960693359375 230.02558898925781 51 146.30670166015625 47.800128936767578 -1 106.94380187988281 57.811546325683594 425 151.35064697265625 120.48451995849609 -1 151.35064697265625 120.48451995849609 -1 192.62574768066406 53.232357025146484 -1 181.10296630859375 45.041877746582031 -1 156.61239624023438 77.572463989257812 -1 165.78765869140625 57.606712341308594 -1 244.10404968261719 242.29537963867188 140 244.10404968261719 242.29537963867188 141 168.47529602050781 96.620559692382812 -1 230.38729858398438 101.522216796875 512 164.33613586425781 102.63641357421875 -1 151.82470703125 103.81923675537109 -1 216.78572082519531 103.47048950195312 20 238.88055419921875 107.68412017822266 26 243.99467468261719 250.59185791015625 -1 174.52452087402344 40.077594757080078 -1 243.99467468261719 250.59185791015625 -1 164.33613586425781 102.63641357421875 -1 105.71228790283203 12.952499389648438 -1 105.71228790283203 12.952499389648438 -1 175.2005615234375 95.426567077636719 -1 164.82861328125 55.312816619873047 -1 169.88946533203125 62.847515106201172 -1 154.97264099121094 64.959815979003906 -1 171.5281982421875 87.915367126464844 -1 169.21183776855469 91.739120483398438 -1 179.90458679199219 94.46331787109375 -1 175.2005615234375 95.426567077636719 -1 248.45054626464844 115.75034332275391 27 164.82861328125 55.312816619873047 -1 154.97264099121094 64.959815979003906 -1 99.512367248535156 112.08670043945312 -1 252.56887817382812 130.10212707519531 220 230.38929748535156 132.29283142089844 63 225.71578979492188 108.04115295410156 40 187.28910827636719 71.445755004882812 591 233.04759216308594 114.1427001953125 197 233.55012512207031 129.6805419921875 110 99.512367248535156 112.08670043945312 -1 187.28910827636719 71.445755004882812 -1 230.38929748535156 132.29283142089844 64 169.58251953125 40.124649047851562 -1 195.94471740722656 56.69805908203125 -1 165.88212585449219 58.066192626953125 -1 172.67778015136719 60.235111236572266 -1 166.20219421386719 89.158103942871094 -1 172.01055908203125 89.380203247070312 -1 205.057861328125 90.333084106445312 42 97.393783569335938 113.99759674072266 -1 236.84333801269531 117.04084014892578 197 142.19349670410156 120.54537200927734 -1 20.9432373046875 184.99415588378906 -1 14.71757698059082 190.55227661132812 -1 3.4135932922363281 200.90151977539062 -1 252.94172668457031 233.85704040527344 -1 228.50241088867188 110.48287963867188 40 107.56179046630859 105.61395263671875 792 222.1529541015625 104.61806488037109 234 154.56706237792969 99.295433044433594 -1 113.63599395751953 2.1065258979797363 -1 105.71537780761719 6.7970919609069824 -1 142.41712951660156 80.533103942871094 -1 165.88212585449219 58.066192626953125 -1 172.67778015136719 60.235111236572266 -1 166.20219421386719 89.158103942871094 -1 113.63599395751953 2.1065258979797363 -1 97.393783569335938 113.99759674072266 -1 105.71537780761719 6.7970919609069824 -1 108.86868286132812 35.361320495605469 -1 249.08779907226562 237.48858642578125 -1 238.9686279296875 243.43702697753906 535 108.86868286132812 35.361320495605469 -1 46.639804840087891 161.71659851074219 244 220.00531005859375 102.85569763183594 234 
70 0.99035339296358726 -0.069689112416408266 -0.10846915521821704 0.050774275202804232 0.33650684551068955 0.84084148630248512 -0.65697534974311167 1 000069.png
123.04039001464844 110.76895904541016 -1 123.04039001464844 110.76895904541016 -1 143.26628112792969 195.74307250976562 -1 201.93212890625 77.822479248046875 -1 120.50212097167969 86.535049438476562 -1 155.70880126953125 152.92918395996094 -1 218.48884582519531 118.98461151123047 161 113.71389007568359 24.118085861206055 -1 111.39194488525391 65.700439453125 -1 218.48884582519531 118.98461151123047 6 109.24246978759766 61.679702758789062 425 97.829841613769531 28.778144836425781 -1 233.91371154785156 132.68788146972656 8 202.14923095703125 61.038959503173828 -1 240.57353210449219 231.58343505859375 51 146.57330322265625 48.237068176269531 -1 151.39964294433594 120.27908325195312 -1 151.39964294433594 120.27908325195312 -1 146.57330322265625 48.237068176269531 -1 181.19512939453125 45.153068542480469 -1 192.6688232421875 53.273422241210938 -1 165.71334838867188 58.375186920166016 -1 156.62492370605469 77.652801513671875 -1 118.65976715087891 161.26287841796875 -1 118.65976715087891 161.26287841796875 -1 156.62492370605469 77.652801513671875 -1 151.89749145507812 103.79021453857422 -1 105.68806457519531 13.040543556213379 -1 174.50633239746094 40.126392364501953 -1 148.2042236328125 70.739181518554688 -1 168.5167236328125 96.621971130371094 -1 217.25639343261719 105.26631164550781 20 239.17074584960938 110.09721374511719 26 237.59346008300781 114.85309600830078 -1 164.44300842285156 102.5784912109375 -1 148.2042236328125 70.739181518554688 -1 105.68806457519531 13.040543556213379 204 171.48826599121094 87.656326293945312 -1 241.16136169433594 123.31429290771484 94 175.12086486816406 95.418785095214844 -1 169.87419128417969 62.847240447998047 -1 169.2259521484375 91.784507751464844 -1 179.89334106445312 94.498054504394531 -1 175.12086486816406 95.418785095214844 -1 144.28675842285156 98.159309387207031 195 230.38339233398438 104.04501342773438 512 109.39865875244141 102.41944122314453 -1 251.16815185546875 131.17491149902344 220 237.43341064453125 119.59909820556641 197 187.00523376464844 71.656936645507812 -1 187.00523376464844 71.656936645507812 -1 187.00523376464844 71.656936645507812 -1 169.62461853027344 40.280029296875 -1 172.69978332519531 60.262172698974609 -1 30.890714645385742 175.37884521484375 -1 84.045036315917969 126.04527282714844 -1 2.8406250476837158 199.98011779785156 -1 252.48634338378906 237.31156921386719 -1 246.7015380859375 252.38626098632812 -1 237.10176086425781 244.17529296875 535 154.18527221679688 102.84795379638672 -1 225.95481872558594 109.95455169677734 40 233.41293334960938 116.42587280273438 197 142.46112060546875 118.35504913330078 -1 89.631851196289062 121.130126953125 -1 154.48312377929688 99.233222961425781 -1 209.13565063476562 94.965957641601562 41 169.2493896484375 95.271987915039062 -1 206.85989379882812 92.820724487304688 42 172.02436828613281 89.373779296875 -1 166.16238403320312 89.263671875 -1 196.10856628417969 75.820854187011719 -1 172.69978332519531 60.262172698974609 -1 166.16238403320312 89.263671875 -1 166.16238403320312 89.263671875 -1 16.636043548583984 187.79421997070312 -1 241.86405944824219 113.87545776367188 170 4.8231329917907715 198.05987548828125 -1 6.8414993286132812 196.36614990234375 -1 223.228271484375 107.19895172119141 234 
71 0.99031399370944928 -0.073404021890962567 -0.09966955928775624 0.062896918723069253 -0.19345598849230497 0.81398837504307719 -0.3531882698758565 1 000070.png
131.12725830078125 111.43218994140625 -1 131.12725830078125 111.43218994140625 -1 141.60281372070312 195.64585876464844 -1 203.04428100585938 79.837692260742188 -1 5.1047420501708984 25.166923522949219 -1 120.54872131347656 87.092643737792969 -1 155.99508666992188 153.5318603515625 -1 113.60719299316406 24.152841567993164 -1 110.86028289794922 64.624351501464844 425 217.68020629882812 122.46804046630859 6 217.68020629882812 122.46804046630859 161 97.880607604980469 28.991626739501953 -1 232.89671325683594 136.37237548828125 8 201.37388610839844 60.647865295410156 -1 167.28134155273438 79.582069396972656 -1 236.68730163574219 233.53567504882812 51 167.28134155273438 79.582069396972656 -1 151.15524291992188 120.98638153076172 -1 62.056720733642578 154.86053466796875 368 147.07101440429688 48.453533172607422 -1 151.15524291992188 120.98638153076172 -1 242.47395324707031 85.727073669433594 -1 147.07101440429688 48.453533172607422 -1 192.08030700683594 53.160427093505859 -1 156.63259887695312 77.73394775390625 -1 237.63406372070312 245.27699279785156 140 237.63406372070312 245.27699279785156 141 122.58390045166016 7.9039568901062012 -1 174.58319091796875 40.153205871582031 -1 180.89073181152344 44.684410095214844 -1 151.70231628417969 103.79405975341797 -1 164.29820251464844 102.76139831542969 -1 217.14761352539062 109.3388671875 20 149.02676391601562 70.084396362304688 -1 122.58390045166016 7.9039568901062012 -1 103.39027404785156 81.164436340332031 841 149.02676391601562 70.084396362304688 -1 163.93992614746094 62.215171813964844 -1 171.50917053222656 87.529762268066406 -1 105.45537567138672 13.731204032897949 -1 238.93513488769531 114.72982025146484 26 247.68801879882812 122.56997680664062 27 232.80409240722656 244.15484619140625 140 229.79095458984375 249.347412109375 -1 169.30609130859375 46.606842041015625 -1 169.30609130859375 46.606842041015625 -1 168.02552795410156 58.665840148925781 -1 232.80409240722656 244.15484619140625 141 229.79095458984375 249.347412109375 406 168.67547607421875 54.073802947998047 -1 168.02552795410156 58.665840148925781 -1 169.79132080078125 62.857688903808594 -1 169.34394836425781 91.824356079101562 -1 179.82009887695312 94.556602478027344 -1 230.18502807617188 107.87735748291016 512 232.78890991210938 251.46762084960938 -1 108.36851501464844 5.022007942199707 -1 186.09159851074219 72.448715209960938 -1 249.66598510742188 135.10475158691406 220 160.39686584472656 60.019969940185547 -1 108.36851501464844 5.022007942199707 -1 186.09159851074219 72.448715209960938 -1 186.09159851074219 72.448715209960938 -1 232.78890991210938 251.46762084960938 -1 160.39686584472656 60.019969940185547 -1 172.52229309082031 60.277584075927734 -1 34.045570373535156 172.42247009277344 -1 3.5468442440032959 198.12200927734375 -1 251.87030029296875 232.94940185546875 -1 248.418212890625 235.91972351074219 -1 247.95574951171875 239.62399291992188 -1 40.077037811279297 163.78302001953125 -1 228.59017944335938 116.31584167480469 40 102.09913635253906 112.28860473632812 -1 216.75491333007812 105.22135162353516 243 209.6273193359375 98.189048767089844 41 207.18345642089844 95.828506469726562 42 183.05360412597656 94.541961669921875 -1 200.81155395507812 89.939620971679688 363 202.97245788574219 83.8681640625 117 113.46068572998047 2.0284967422485352 -1 113.46068572998047 2.0284967422485352 -1 103.92816162109375 17.968469619750977 -1 167.13150024414062 41.69354248046875 -1 78.904914855957031 131.35433959960938 -1 76.13629150390625 133.56431579589844 135 68.024688720703125 140.15150451660156 -1 103.92816162109375 17.968469619750977 204 102.09746551513672 35.629295349121094 -1 40.077037811279297 163.78302001953125 -1 169.6434326171875 40.064579010009766 -1 78.904914855957031 131.35433959960938 -1 76.13629150390625 133.56431579589844 108 196.0238037109375 56.723751068115234 -1 68.024688720703125 140.15150451660156 -1 172.52229309082031 60.277584075927734 -1 
72 0.98908872509950485 -0.066705715365886778 -0.11335152611959688 0.066372230224092499 0.3425669926728841 1.4406541560809762 -0.36014961341321144 1 000071.png
130.96452331542969 110.99538421630859 -1 130.96452331542969 110.99538421630859 -1 140.41482543945312 196.20918273925781 -1 202.54962158203125 81.065628051757812 -1 120.61233520507812 87.708854675292969 -1 155.88597106933594 154.13655090332031 -1 15.21333122253418 32.715824127197266 -1 113.54212188720703 24.164981842041016 -1 110.7545166015625 64.429046630859375 425 97.875228881835938 28.916015625 -1 108.96041107177734 60.986202239990234 425 201.80479431152344 62.054397583007812 -1 218.64976501464844 125.42519378662109 6 167.10832214355469 79.676925659179688 -1 242.60475158691406 87.328475952148438 -1 245.92402648925781 147.71995544433594 50 233.5267333984375 234.9017333984375 51 231.13346862792969 139.99906921386719 8 167.10832214355469 79.676925659179688 -1 147.05328369140625 48.365348815917969 -1 124.52687835693359 10.670135498046875 -1 191.2718505859375 53.029464721679688 -1 106.84815979003906 57.413074493408203 -1 156.84634399414062 57.173770904541016 -1 151.45329284667969 120.06067657470703 -1 87.321197509765625 135.9805908203125 113 151.45329284667969 120.06067657470703 -1 122.99831390380859 8.4831809997558594 -1 181.25981140136719 45.351486206054688 -1 156.6947021484375 77.674385070800781 -1 234.01179504394531 246.5340576171875 140 234.01179504394531 246.5340576171875 141 122.99831390380859 8.4831809997558594 -1 237.55641174316406 118.27184295654297 26 110.57345581054688 138.48202514648438 -1 171.52003479003906 87.584266662597656 -1 174.74745178222656 95.2061767578125 -1 174.74745178222656 95.2061767578125 -1 151.72648620605469 103.90203857421875 -1 215.93411254882812 112.76139068603516 20 105.53539276123047 13.334716796875 -1 174.30508422851562 39.879684448242188 -1 105.53539276123047 13.334716796875 -1 229.62727355957031 245.24574279785156 140 229.62727355957031 245.24574279785156 141 168.4678955078125 53.287002563476562 -1 169.81312561035156 62.945026397705078 -1 169.10891723632812 91.786643981933594 -1 179.87680053710938 94.461227416992188 -1 229.11163330078125 111.78369140625 512 245.91664123535156 126.52346801757812 27 108.67060852050781 5.5409994125366211 -1 108.67060852050781 5.5409994125366211 -1 143.48512268066406 108.00511169433594 195 239.57621765136719 131.22535705566406 94 247.52008056640625 138.62178039550781 99 227.88104248046875 141.58067321777344 63 227.88104248046875 141.58067321777344 64 252.51765441894531 142.41009521484375 -1 113.57024383544922 1.837654709815979 -1 169.69169616699219 40.332576751708984 -1 109.08990478515625 41.9534912109375 -1 195.72581481933594 57.009681701660156 -1 187.33503723144531 73.518821716308594 -1 184.01666259765625 73.927085876464844 -1 133.40412902832031 183.41815185546875 -1 244.35670471191406 241.1602783203125 -1 166.13833618164062 89.280532836914062 -1 52.439922332763672 155.0482177734375 -1 114.39700317382812 160.9945068359375 -1 154.4888916015625 99.202751159667969 -1 184.01666259765625 73.927085876464844 -1 2.942683219909668 196.14836120605469 -1 244.35670471191406 241.1602783203125 -1 229.59864807128906 246.84596252441406 535 97.464927673339844 118.63578033447266 -1 94.319503784179688 121.02106475830078 -1 142.21064758300781 120.34589385986328 -1 91.736312866210938 123.11277770996094 762 235.06521606445312 127.14301300048828 197 79.722526550292969 132.77745056152344 -1 73.000144958496094 138.13870239257812 108 70.853256225585938 139.8206787109375 -1 225.01637268066406 117.52481842041016 40 219.92361450195312 112.27458953857422 234 222.13919067382812 106.11180114746094 80 211.076171875 103.86661529541016 41 154.11692810058594 102.75588226318359 -1 206.16581726074219 99.153053283691406 42 113.57024383544922 1.837654709815979 -1 109.08990478515625 41.9534912109375 -1 3.2170343399047852 199.18771362304688 -1 184.01666259765625 73.927085876464844 -1 97.464927673339844 118.63578033447266 -1 79.722526550292969 132.77745056152344 -1 73.000144958496094 138.13870239257812 135 70.853256225585938 139.8206787109375 -1 52.439922332763672 155.0482177734375 -1 114.39700317382812 160.9945068359375 -1 133.40412902832031 183.41815185546875 -1 194.27342224121094 87.219291687011719 325 29.940629959106445 176.96260070800781 -1 185.99368286132812 79.263145446777344 -1 142.70960998535156 117.98384857177734 -1 145.17329406738281 118.31324768066406 -1 
73 0.98856490652264706 -0.069602207772177613 -0.1153389872133302 0.067763384609331762 0.71620349914025261 2.654678673290809 0.95005448449145558 1 000074.png
138.03497314453125 109.07720184326172 -1 138.03497314453125 109.07720184326172 -1 136.62109375 198.37588500976562 -1 202.12394714355469 83.18377685546875 -1 96.067665100097656 26.298194885253906 439 113.47404479980469 24.162744522094727 -1 202.35108947753906 63.154300689697266 -1 166.64971923828125 79.9381103515625 -1 241.37799072265625 156.38929748535156 50 166.64971923828125 79.9381103515625 -1 226.2139892578125 147.73458862304688 8 131.61093139648438 177.20632934570312 -1 131.61093139648438 177.20632934570312 -1 171.21061706542969 51.795619964599609 -1 124.89089965820312 11.137764930725098 -1 189.90058898925781 52.484569549560547 -1 157.21258544921875 57.303638458251953 -1 233.5550537109375 80.668930053710938 -1 188.3140869140625 99.666946411132812 -1 210.40499877929688 122.43448638916016 20 67.644035339355469 160.45112609863281 368 119.48304748535156 161.61447143554688 -1 226.79908752441406 238.22415161132812 51 122.65255737304688 7.9954032897949219 -1 88.643951416015625 142.27291870117188 113 56.736370086669922 168.34266662597656 244 156.66195678710938 77.691444396972656 -1 122.65255737304688 7.9954032897949219 -1 187.52178955078125 97.692306518554688 -1 105.38675689697266 13.48887825012207 -1 180.82156372070312 82.163322448730469 -1 171.59646606445312 87.664009094238281 -1 174.65620422363281 95.210807800292969 -1 151.76579284667969 103.77117919921875 -1 5.635444164276123 208.52143859863281 -1 180.77168273925781 44.658332824707031 -1 226.84751892089844 249.23068237304688 141 226.84751892089844 249.23068237304688 140 174.65620422363281 95.210807800292969 -1 105.38675689697266 13.48887825012207 -1 165.46275329589844 46.951686859130859 -1 168.34783935546875 53.214176177978516 -1 169.83888244628906 62.957405090332031 -1 169.21788024902344 91.827522277832031 -1 179.81065368652344 94.54888916015625 -1 224.79925537109375 120.62146759033203 512 232.31439208984375 127.50540161132812 26 100.70520782470703 4.3380765914916992 -1 169.83888244628906 62.957405090332031 -1 179.81065368652344 94.54888916015625 -1 100.70520782470703 4.3380765914916992 -1 174.03546142578125 39.680248260498047 -1 143.78672790527344 106.3892822265625 498 242.06170654296875 147.08216857910156 99 222.99790954589844 149.01103210449219 63 222.99790954589844 149.01103210449219 64 104.2889404296875 79.489639282226562 -1 151.46629333496094 75.585372924804688 -1 151.46629333496094 75.585372924804688 -1 108.81862640380859 5.3699479103088379 -1 107.29447937011719 22.611557006835938 -1 169.63632202148438 39.992782592773438 -1 179.65351867675781 80.113388061523438 -1 172.03929138183594 89.412849426269531 -1 199.47895812988281 96.290687561035156 117 199.07954406738281 103.52362060546875 363 54.582862854003906 161.85968017578125 -1 234.03521728515625 139.32051086425781 94 46.727581024169922 168.38165283203125 -1 32.755836486816406 180.09873962402344 -1 31.660968780517578 183.98715209960938 704 19.906982421875 190.87017822265625 -1 17.662921905517578 192.60589599609375 -1 13.912810325622559 195.490478515625 -1 244.43667602539062 234.51278686523438 -1 71.2454833984375 148.08990478515625 -1 230.62907409667969 135.72807312011719 197 227.66242980957031 132.58726501464844 197 142.15809631347656 120.2528076171875 -1 218.14654541015625 115.1341552734375 80 146.9013671875 105.82164001464844 498 108.81862640380859 5.3699479103088379 -1 71.2454833984375 148.08990478515625 -1 195.79310607910156 56.977558135986328 -1 46.727581024169922 168.38165283203125 -1 32.755836486816406 180.09873962402344 -1 19.906982421875 190.87017822265625 -1 17.662921905517578 192.60589599609375 -1 13.912810325622559 195.490478515625 -1 244.43667602539062 234.51278686523438 -1 54.582862854003906 161.85968017578125 -1 212.24346923828125 117.07180786132812 243 113.67908477783203 1.7886397838592529 -1 246.95265197753906 235.2890625 -1 5.3835034370422363 205.376953125 -1 222.84046936035156 253.90528869628906 -1 113.67908477783203 1.7886397838592529 -1 222.84046936035156 253.90528869628906 -1 
74 0.98798053742623448 -0.062141520115889297 -0.11933951443569045 0.076098419424513064 0.58840019099351137 2.0536422708099575 0.19527039490070502 1 000073.png
127.93516540527344 109.92897033691406 -1 127.93516540527344 109.92897033691406 -1 137.76445007324219 197.59237670898438 -1 202.17074584960938 82.542671203613281 -1 111.0540771484375 64.92657470703125 425 96.229942321777344 26.403120040893555 -1 113.49703979492188 24.155824661254883 -1 20.407344818115234 40.147415161132812 -1 109.18318939208984 61.314498901367188 425 202.33279418945312 62.799835205078125 -1 216.51231384277344 129.75860595703125 6 228.15916442871094 144.95472717285156 8 166.76516723632812 79.790267944335938 -1 243.31187438964844 153.40666198730469 50 166.76516723632812 79.790267944335938 -1 124.96192169189453 11.235654830932617 -1 171.2281494140625 51.778934478759766 -1 190.39234924316406 52.634082794189453 -1 106.9879150390625 57.487941741943359 -1 157.32379150390625 57.163436889648438 -1 201.42356872558594 59.895599365234375 -1 190.53167724609375 97.808738708496094 224 229.3226318359375 237.80860900878906 51 147.36520385742188 48.461822509765625 -1 156.65576171875 77.695236206054688 -1 87.624359130859375 139.30401611328125 113 105.26050567626953 13.462186813354492 -1 180.84664916992188 44.680671691894531 -1 101.44976806640625 63.811256408691406 -1 103.56098937988281 80.303047180175781 841 174.71357727050781 95.250259399414062 -1 151.81625366210938 103.82741546630859 -1 214.10879516601562 118.28817749023438 20 122.65274047851562 7.9709134101867676 -1 242.76165771484375 85.0125732421875 -1 174.71357727050781 95.250259399414062 -1 105.26050567626953 13.462186813354492 -1 122.65274047851562 7.9709134101867676 -1 171.50184631347656 87.559303283691406 -1 242.91670227050781 132.21903991699219 27 225.59657287597656 246.74681091308594 140 169.8089599609375 62.965061187744141 -1 225.59657287597656 246.74681091308594 141 174.13502502441406 39.729251861572266 -1 169.10125732421875 46.611217498779297 -1 168.21858215332031 53.143852233886719 -1 169.8089599609375 62.965061187744141 -1 192.52275085449219 65.530242919921875 -1 169.23587036132812 91.837646484375 -1 179.82464599609375 94.462600708007812 -1 226.64030456542969 117.38799285888672 512 234.560791015625 124.31483459472656 26 225.05535888671875 146.42584228515625 63 235.96931457519531 136.39842224121094 94 108.72621917724609 5.4371771812438965 -1 108.72621917724609 5.4371771812438965 -1 241.72453308105469 140.995849609375 99 250.58090209960938 150.09646606445312 -1 225.05535888671875 146.42584228515625 64 195.82673645019531 56.956474304199219 -1 180.54481506347656 76.862991333007812 -1 187.01264953613281 79.455665588378906 -1 172.86674499511719 80.518684387207031 -1 189.45915222167969 81.994804382324219 -1 166.10200500488281 89.212875366210938 -1 195.60157775878906 95.345596313476562 325 217.77513122558594 117.76420593261719 234 222.39497375488281 122.50884246826172 40 226.34414672851562 126.90850067138672 -1 236.97499084472656 127.73770141601562 170 229.30963134765625 129.3905029296875 197 232.37135314941406 132.32144165039062 197 33.019428253173828 175.9124755859375 -1 244.82015991210938 143.95413208007812 99 30.382740020751953 178.0672607421875 -1 26.670488357543945 181.09059143066406 704 133.388671875 183.4093017578125 -1 14.736981391906738 190.99578857421875 -1 7.3829460144042969 193.63624572753906 -1 12.962588310241699 195.53628540039062 -1 4.3264904022216797 196.21394348144531 -1 7.5322780609130859 196.7191162109375 -1 4.2239093780517578 199.31736755371094 -1 251.58355712890625 230.09355163574219 147 248.07159423828125 233.08782958984375 -1 35.407760620117188 173.88668823242188 -1 180.54481506347656 76.862991333007812 -1 180.54481506347656 76.862991333007812 -1 180.54481506347656 76.862991333007812 -1 166.10200500488281 89.212875366210938 -1 7.5322780609130859 196.7191162109375 -1 146.8583984375 105.77659606933594 498 33.019428253173828 175.9124755859375 -1 30.382740020751953 178.0672607421875 -1 26.670488357543945 181.09059143066406 665 133.388671875 183.4093017578125 -1 14.736981391906738 190.99578857421875 -1 35.407760620117188 173.88668823242188 -1 4.2239093780517578 199.31736755371094 -1 251.58355712890625 230.09355163574219 -1 223.44281005859375 251.83512878417969 -1 169.5550537109375 40.032562255859375 -1 223.44281005859375 251.83512878417969 406 77.984756469726562 138.97293090820312 108 58.271324157714844 155.07795715332031 -1 41.2476806640625 169.00254821777344 -1 206.05299377441406 105.8211669921875 41 58.271324157714844 155.07795715332031 -1 227.91827392578125 144.09358215332031 110 41.2476806640625 169.00254821777344 -1 
75 0.98956712685796877 -0.061850653350713096 -0.11235703132836575 0.065629990349166098 0.43407869476161548 1.9673704136989025 0.13204576450408734 1 000072.png
129.93647766113281 110.69745635986328 -1 129.93647766113281 110.69745635986328 -1 138.94708251953125 197.13420104980469 -1 202.4068603515625 81.722076416015625 -1 113.53865051269531 24.1468505859375 -1 16.392814636230469 34.560791015625 -1 111.36424255371094 65.910324096679688 425 98.009834289550781 29.257715225219727 -1 201.90934753417969 62.288482666015625 -1 218.23529052734375 126.73200225830078 6 167.00483703613281 79.640830993652344 -1 245.38679504394531 149.56549072265625 50 231.91081237792969 235.69906616210938 51 230.00253295898438 141.52041625976562 8 167.00483703613281 79.640830993652344 -1 124.66785430908203 10.839116096496582 -1 171.33673095703125 51.741855621337891 -1 190.72077941894531 52.794551849365234 -1 151.34315490722656 120.33309936523438 -1 151.34315490722656 120.33309936523438 -1 151.87997436523438 103.79720306396484 -1 162.94093322753906 51.090435028076172 -1 159.11457824707031 57.748424530029297 -1 156.65939331054688 77.629806518554688 -1 123.02700805664062 8.5217113494873047 -1 159.11457824707031 57.748424530029297 -1 123.02700805664062 8.5217113494873047 -1 164.32760620117188 102.72954559326172 -1 228.67221069335938 113.67207336425781 512 215.626953125 114.421630859375 20 180.88627624511719 44.771373748779297 -1 174.76588439941406 95.243843078613281 -1 102.51577758789062 71.917701721191406 574 171.49093627929688 87.5472412109375 -1 174.76588439941406 95.243843078613281 -1 149.92127990722656 69.552841186523438 -1 149.92127990722656 69.552841186523438 -1 149.92127990722656 69.552841186523438 -1 105.48208618164062 13.43681526184082 -1 105.48208618164062 13.43681526184082 -1 174.15031433105469 39.765907287597656 -1 228.348876953125 245.64678955078125 141 168.04049682617188 53.051219940185547 -1 169.8311767578125 62.935737609863281 -1 155.49388122558594 64.129348754882812 -1 145.24288940429688 89.795303344726562 -1 169.20359802246094 91.815887451171875 -1 179.86090087890625 94.526466369628906 -1 236.18598937988281 120.47451782226562 26 244.90837097167969 128.55523681640625 27 228.348876953125 245.64678955078125 140 169.8311767578125 62.935737609863281 -1 155.49388122558594 64.129348754882812 -1 234.47624206542969 129.37057495117188 197 143.87663269042969 105.35791778564453 498 251.78939819335938 145.19084167480469 -1 230.74986267089844 146.45547485351562 230 226.85194396972656 143.20376586914062 63 194.66429138183594 62.6063232421875 -1 226.85194396972656 143.20376586914062 64 194.66429138183594 62.6063232421875 -1 221.25387573242188 107.83766174316406 80 169.56861877441406 40.184970855712891 -1 195.86627197265625 56.744464874267578 -1 182.83407592773438 74.992218017578125 -1 113.64959716796875 1.8402338027954102 -1 192.98832702636719 88.570991516113281 -1 166.124755859375 89.246879577636719 -1 202.25357055664062 97.529930114746094 363 204.76925659179688 100.04412078857422 42 187.79095458984375 76.248420715332031 -1 28.353759765625 176.51533508300781 -1 39.063976287841797 167.61599731445312 -1 43.121578216552734 164.13739013671875 -1 25.827608108520508 178.60884094238281 -1 133.43513488769531 183.4854736328125 -1 9.6337985992431641 195.42109680175781 -1 2.2200009822845459 197.89236450195312 -1 5.971346378326416 198.05552673339844 -1 251.5694580078125 231.48300170898438 -1 98.891487121582031 119.05174255371094 -1 56.500492095947266 153.15956115722656 -1 229.94038391113281 140.85391235351562 110 230.814697265625 125.72382354736328 197 92.089241027832031 124.46445465087891 -1 224.2532958984375 119.41372680664062 40 143.56930541992188 110.48381042480469 -1 113.64959716796875 1.8402338027954102 -1 108.87075805664062 5.2326488494873047 -1 182.83407592773438 74.992218017578125 -1 182.83407592773438 74.992218017578125 -1 154.43040466308594 99.23876953125 -1 98.891487121582031 119.05174255371094 -1 56.500492095947266 153.15956115722656 -1 43.121578216552734 164.13739013671875 -1 39.063976287841797 167.61599731445312 -1 28.353759765625 176.51533508300781 -1 25.827608108520508 178.60884094238281 -1 133.43513488769531 183.4854736328125 -1 208.48489379882812 103.77728271484375 41 108.87075805664062 5.2326488494873047 -1 107.53228759765625 22.361148834228516 -1 108.23834991455078 111.77779388427734 792 166.124755859375 89.246879577636719 -1 227.73448181152344 248.51560974121094 535 145.19314575195312 117.71714019775391 195 22.298921585083008 184.70477294921875 -1 
76 0.98634723196514795 -0.078146395524812035 -0.12077604492636339 0.080158753939388927 1.0557629814042471 2.6617546194228745 1.6014448037619011 1 000076.png
137.24034118652344 108.41163635253906 -1 137.24034118652344 108.41163635253906 -1 134.93719482421875 198.60745239257812 -1 202.29197692871094 82.857025146484375 -1 91.518234252929688 76.689109802246094 -1 113.416748046875 24.15882682800293 -1 108.90702819824219 61.166912078857422 -1 97.718528747558594 29.057390213012695 439 202.30123901367188 62.950931549072266 -1 166.75042724609375 80.028793334960938 -1 231.91508483886719 80.973434448242188 -1 244.08322143554688 102.72859954833984 680 237.9613037109375 160.72967529296875 50 246.38427734375 168.68544006347656 146 223.94187927246094 151.87696838378906 8 244.08322143554688 102.72859954833984 -1 166.75042724609375 80.028793334960938 -1 124.89839935302734 11.215429306030273 -1 171.42181396484375 51.872501373291016 -1 189.85325622558594 52.53118896484375 -1 244.93405151367188 87.884483337402344 -1 185.83482360839844 103.15028381347656 -1 151.40695190429688 119.93764495849609 -1 151.40695190429688 119.93764495849609 -1 185.83482360839844 103.15028381347656 -1 222.77656555175781 239.54942321777344 51 146.38442993164062 47.606235504150391 -1 27.689172744750977 198.34713745117188 -1 90.649337768554688 145.97673034667969 113 159.146484375 57.737491607666016 -1 156.65835571289062 77.743682861328125 -1 184.76712036132812 100.23073577880859 -1 184.76712036132812 100.23073577880859 -1 159.146484375 57.737491607666016 -1 122.64277648925781 7.9970264434814453 -1 174.46514892578125 40.194194793701172 -1 180.72703552246094 44.612674713134766 -1 163.60682678222656 53.453933715820312 -1 149.02308654785156 70.268409729003906 -1 174.60104370117188 95.221641540527344 -1 184.34989929199219 98.802787780761719 -1 223.58206176757812 249.30935668945312 141 111.59597778320312 146.56254577636719 -1 223.58206176757812 249.30935668945312 140 171.53892517089844 87.660491943359375 -1 174.60104370117188 95.221641540527344 -1 149.02308654785156 70.268409729003906 -1 122.64277648925781 7.9970264434814453 -1 210.55108642578125 125.93244934082031 20 151.77499389648438 103.91973114013672 -1 184.34989929199219 98.802787780761719 -1 183.74472045898438 96.490272521972656 -1 168.4547119140625 53.4449462890625 -1 169.853271484375 62.94183349609375 -1 154.95994567871094 64.9984130859375 -1 169.24943542480469 91.894020080566406 -1 179.59977722167969 94.708793640136719 -1 183.74472045898438 96.490272521972656 -1 222.2803955078125 125.33561706542969 512 229.11631774902344 131.64675903320312 26 237.13005065917969 139.90577697753906 27 169.853271484375 62.94183349609375 -1 154.95994567871094 64.9984130859375 -1 105.56795501708984 12.499513626098633 -1 105.56795501708984 12.499513626098633 -1 149.59046936035156 84.978118896484375 -1 248.6973876953125 151.72611999511719 -1 195.96702575683594 56.825771331787109 -1 3.9968764781951904 209.89451599121094 -1 215.60649108886719 119.68534088134766 80 101.73928070068359 129.14347839355469 -1 227.19818115234375 139.40440368652344 197 3.9968764781951904 209.89451599121094 -1 223.40724182128906 150.85443115234375 110 238.96315002441406 151.27259826660156 99 251.24185180664062 163.11907958984375 -1 49.815788269042969 174.61387634277344 -1 246.5982666015625 231.98312377929688 147 154.01150512695312 103.07782745361328 -1 198.16256713867188 101.38881683349609 117 187.59034729003906 90.837898254394531 -1 183.94540405273438 90.279823303222656 -1 193.90934753417969 63.021846771240234 -1 108.91196441650391 5.2095479965209961 -1 169.50027465820312 40.084987640380859 -1 107.359619140625 22.431726455688477 -1 108.91196441650391 5.2095479965209961 -1 113.55527496337891 1.8347275257110596 -1 113.55527496337891 1.8347275257110596 -1 210.78266906738281 114.55712890625 -1 183.94540405273438 90.279823303222656 -1 183.94540405273438 90.279823303222656 -1 101.73928070068359 129.14347839355469 -1 232.27896118164062 241.97975158691406 -1 81.196556091308594 145.70181274414062 108 16.252468109130859 199.82371520996094 -1 16.252468109130859 199.82371520996094 -1 181.15898132324219 89.152091979980469 -1 242.55461120605469 233.29051208496094 -1 181.15898132324219 89.152091979980469 -1 102.0528564453125 35.564510345458984 -1 81.196556091308594 145.70181274414062 135 242.55461120605469 233.29051208496094 -1 
77 0.98891124617166304 -0.067684409553952413 -0.11515220657158239 0.064910224312021633 0.79394338985300628 4.3381176729242155 2.5505213608896122 1 000078.png
134.32858276367188 107.31130981445312 -1 134.32858276367188 107.31130981445312 -1 132.96334838867188 199.12510681152344 -1 199.56327819824219 73.102203369140625 -1 111.29271697998047 65.589363098144531 -1 113.36119079589844 24.165885925292969 -1 98.065887451171875 29.759433746337891 439 202.697021484375 63.360160827636719 -1 241.0523681640625 107.21698760986328 680 166.92257690429688 80.000923156738281 -1 244.03511047363281 173.97712707519531 146 166.92257690429688 80.000923156738281 -1 124.78530883789062 11.062726974487305 -1 151.37139892578125 119.51306915283203 -1 218.9788818359375 240.85011291503906 51 212.15528869628906 140.62290954589844 223 151.37139892578125 119.51306915283203 -1 201.5108642578125 59.862312316894531 -1 171.40316772460938 51.782939910888672 -1 189.16709899902344 52.163444519042969 -1 146.50430297851562 47.608852386474609 -1 159.04232788085938 57.842613220214844 -1 156.62751770019531 77.786949157714844 -1 72.139640808105469 167.02342224121094 368 139.48797607421875 182.778564453125 -1 31.993062973022461 200.95600891113281 297 132.04698181152344 178.71351623535156 -1 132.04698181152344 178.71351623535156 -1 139.48797607421875 182.778564453125 -1 159.04232788085938 57.842613220214844 -1 181.58100891113281 95.654258728027344 -1 171.59152221679688 87.706832885742188 -1 122.63065338134766 8.0067129135131836 -1 103.73789215087891 80.907310485839844 574 207.99282836914062 130.52456665039062 20 180.67605590820312 44.543060302734375 -1 219.26374816894531 250.4400634765625 141 151.70819091796875 103.90428161621094 -1 219.26374816894531 250.4400634765625 140 174.55177307128906 95.277099609375 -1 122.63065338134766 8.0067129135131836 -1 19.809246063232422 5.256497859954834 -1 174.55177307128906 95.277099609375 -1 105.38321685791016 13.333601951599121 -1 167.23361206054688 35.652103424072266 421 105.38321685791016 13.333601951599121 -1 215.33833312988281 249.26126098632812 141 174.10289001464844 39.680221557617188 -1 168.14741516113281 53.093238830566406 -1 169.9041748046875 62.932540893554688 -1 154.89511108398438 65.207786560058594 -1 251.99197387695312 90.537567138671875 299 169.0888671875 91.894439697265625 -1 219.2926025390625 129.99763488769531 512 226.36079406738281 136.74887084960938 26 215.33833312988281 249.26126098632812 406 169.9041748046875 62.932540893554688 -1 154.89511108398438 65.207786560058594 -1 188.24632263183594 101.59870910644531 -1 133.15367126464844 183.09391784667969 -1 4.4808979034423828 7.861015796661377 -1 177.6639404296875 53.515998840332031 -1 146.95480346679688 81.052963256835938 -1 188.24632263183594 101.59870910644531 -1 217.29388427734375 156.83619689941406 64 133.15367126464844 183.09391784667969 -1 217.29388427734375 156.83619689941406 63 253.16511535644531 165.18026733398438 -1 247.49151611328125 167.70611572265625 415 251.59622192382812 172.14541625976562 -1 185.87454223632812 98.995758056640625 591 240.91151428222656 93.55950927734375 -1 166.07864379882812 89.241531372070312 -1 158.50846862792969 80.549560546875 -1 196.06336975097656 56.775356292724609 -1 169.60810852050781 40.115612030029297 -1 107.16838073730469 22.53669548034668 -1 109.08596801757812 5.1625990867614746 -1 103.97978210449219 17.926616668701172 -1 103.97978210449219 17.926616668701172 -1 166.07864379882812 89.241531372070312 -1 166.07864379882812 89.241531372070312 -1 185.87454223632812 98.995758056640625 279 253.16511535644531 165.18026733398438 -1 224.64106750488281 144.276123046875 197 221.67460632324219 141.088134765625 197 235.38845825195312 155.10498046875 99 109.08596801757812 5.1625990867614746 -1 248.57621765136719 160.08464050292969 310 232.86154174804688 152.32676696777344 99 158.50846862792969 80.549560546875 -1 202.11122131347656 119.86324310302734 41 
78 0.98914474735919977 -0.069262821994084262 -0.1118164303454165 0.065516533531081944 0.3083035609354926 3.8932993432811189 1.9915003539174656 1 000077.png
137.3353271484375 108.27902221679688 -1 137.3353271484375 108.27902221679688 -1 133.3052978515625 198.90045166015625 -1 199.3953857421875 73.329261779785156 -1 92.508613586425781 81.054969787597656 -1 113.3807373046875 24.183881759643555 -1 242.0018310546875 105.59716796875 680 98.009872436523438 29.701318740844727 439 202.72868347167969 63.276264190673828 -1 242.0018310546875 105.59716796875 -1 166.85459899902344 80.029998779296875 -1 235.61569213867188 163.22291564941406 50 221.536376953125 155.334228515625 8 166.85459899902344 80.029998779296875 -1 244.90325927734375 172.3778076171875 146 107.06256866455078 57.636344909667969 -1 189.66725158691406 52.439289093017578 -1 157.44155883789062 57.31488037109375 -1 151.44754028320312 119.54596710205078 -1 220.07058715820312 240.65505981445312 51 157.44155883789062 57.31488037109375 -1 171.37446594238281 51.761314392089844 -1 151.44754028320312 119.54596710205078 -1 139.98562622070312 182.44633483886719 -1 124.45627593994141 10.582392692565918 -1 122.90505218505859 8.378265380859375 -1 52.689224243164062 180.81990051269531 -1 184.07424926757812 105.26054382324219 -1 156.65776062011719 77.773063659667969 -1 184.07424926757812 105.26054382324219 -1 182.15534973144531 95.109275817871094 -1 122.90505218505859 8.378265380859375 -1 180.77908325195312 44.674507141113281 -1 149.12539672851562 70.173408508300781 -1 171.5406494140625 87.64788818359375 -1 174.5732421875 95.294288635253906 -1 164.1732177734375 102.88591003417969 -1 19.973939895629883 207.11508178710938 -1 149.12539672851562 70.173408508300781 -1 149.12539672851562 70.173408508300781 -1 151.75016784667969 103.76335906982422 -1 174.5732421875 95.294288635253906 -1 208.84153747558594 128.92633056640625 20 105.32960510253906 13.596950531005859 -1 105.32960510253906 13.596950531005859 -1 179.59170532226562 94.460121154785156 -1 13.23564624786377 211.49984741210938 258 169.85842895507812 62.944778442382812 -1 169.15411376953125 91.87139892578125 -1 174.26022338867188 39.822460174560547 -1 168.35409545898438 53.174301147460938 -1 169.85842895507812 62.944778442382812 -1 192.15255737304688 66.419265747070312 -1 103.89017486572266 79.401412963867188 574 227.08078002929688 135.4471435546875 26 251.34245300292969 164.53570556640625 -1 243.662109375 233.61956787109375 147 209.03863525390625 121.519287109375 -1 251.34245300292969 164.53570556640625 -1 165.36114501953125 48.476875305175781 -1 109.00124359130859 5.2222433090209961 -1 27.862001419067383 197.46400451660156 -1 10.597268104553223 208.57963562011719 -1 6.4346671104431152 212.00706481933594 -1 226.04258728027344 143.21366882324219 197 251.96514892578125 169.9779052734375 -1 222.6529541015625 139.89006042480469 197 75.677833557128906 150.91651916503906 -1 234.19215393066406 151.34761047363281 99 236.97734069824219 154.47357177734375 99 218.28483581542969 156.2373046875 63 249.216064453125 166.99067687988281 415 202.560546875 118.22582244873047 41 36.252895355224609 187.16488647460938 704 38.348964691162109 188.73471069335938 -1 193.52523803710938 101.48979187011719 117 183.83976745605469 94.772544860839844 -1 146.26956176757812 91.862968444824219 -1 172.00907897949219 89.387123107910156 -1 166.07752990722656 89.270118713378906 -1 196.11917114257812 56.746440887451172 -1 169.58309936523438 40.203994750976562 -1 107.38999176025391 22.498226165771484 -1 105.41029357910156 6.8315014839172363 -1 109.00124359130859 5.2222433090209961 -1 166.07752990722656 89.270118713378906 -1 166.07752990722656 89.270118713378906 -1 183.83976745605469 94.772544860839844 591 183.83976745605469 94.772544860839844 279 218.28483581542969 156.2373046875 64 36.252895355224609 187.16488647460938 -1 10.597268104553223 208.57963562011719 -1 6.4346671104431152 212.00706481933594 -1 122.59589385986328 3.595390796661377 -1 2.5200498104095459 5.199674129486084 -1 34.051528930664062 192.23793029785156 -1 189.06240844726562 65.001220703125 -1 
79 0.98966475866618431 -0.0575770771670936 -0.11689800426612534 0.059861525520945695 0.99778538482272328 5.3674071959014027 3.0238778853469155 1 000079.png
120.98287200927734 104.87821197509766 -1 132.49203491210938 198.94949340820312 -1 199.96611022949219 73.328437805175781 -1 223.83250427246094 80.712753295898438 -1 96.003791809082031 26.521810531616211 439 113.31809997558594 24.154754638671875 -1 109.18080902099609 61.649444580078125 -1 202.54449462890625 62.629291534423828 -1 134.24667358398438 84.888580322265625 -1 238.81759643554688 110.52306365966797 680 218.11894226074219 158.71333312988281 8 134.24667358398438 84.888580322265625 -1 188.03117370605469 51.982048034667969 -1 166.92384338378906 79.857261657714844 -1 242.00900268554688 176.37075805664062 146 166.92384338378906 79.857261657714844 -1 166.92384338378906 79.857261657714844 -1 201.78584289550781 60.664749145507812 -1 171.38212585449219 51.828437805175781 -1 210.94053649902344 143.085205078125 223 216.77955627441406 241.1507568359375 51 232.04649353027344 165.85250854492188 300 124.92162322998047 11.225680351257324 -1 166.40750122070312 35.881450653076172 421 93.705459594726562 152.46333312988281 113 231.80120849609375 78.683692932128906 -1 73.844558715820312 169.22274780273438 368 35.025009155273438 202.6285400390625 297 7.6728196144104004 226.2520751953125 -1 7.7956805229187012 7.4966793060302734 -1 146.6033935546875 47.526805877685547 -1 159.09571838378906 58.333621978759766 -1 156.63572692871094 77.833084106445312 -1 7.7956805229187012 7.4966793060302734 -1 159.09571838378906 58.333621978759766 -1 42.034137725830078 5.2835178375244141 -1 19.580900192260742 9.3235263824462891 -1 180.70620727539062 44.627498626708984 -1 148.71604919433594 70.083290100097656 -1 171.58111572265625 87.698875427246094 -1 151.77012634277344 103.81446075439453 -1 217.46882629394531 250.20352172851562 141 19.734638214111328 213.71810913085938 258 138.79608154296875 182.45219421386719 -1 132.52061462402344 181.18017578125 -1 174.50814819335938 95.292488098144531 -1 148.71604919433594 70.083290100097656 -1 42.034137725830078 5.2835178375244141 -1 174.50814819335938 95.292488098144531 -1 132.52061462402344 181.18017578125 -1 206.81431579589844 133.00514221191406 20 138.79608154296875 182.45219421386719 -1 217.46882629394531 250.20352172851562 140 168.49554443359375 53.320781707763672 -1 169.92948913574219 62.903472900390625 -1 155.63421630859375 64.309707641601562 -1 145.73176574707031 84.692550659179688 -1 179.69998168945312 94.405258178710938 -1 224.45942687988281 139.13093566894531 26 169.06784057617188 91.848609924316406 -1 105.27480316162109 13.530611991882324 -1 174.20657348632812 39.705436706542969 -1 105.27480316162109 13.530611991882324 -1 169.92948913574219 62.903472900390625 -1 155.63421630859375 64.309707641601562 -1 177.83161926269531 53.748645782470703 -1 104.44020843505859 79.679267883300781 574 252.53042602539062 90.253089904785156 299 106.51434326171875 96.088996887207031 -1 238.95516967773438 234.83343505859375 -1 109.07504272460938 5.3007993698120117 -1 109.07504272460938 5.3007993698120117 -1 252.53042602539062 90.253089904785156 314 222.76795959472656 146.16789245605469 197 231.42910766601562 147.29055786132812 27 233.15536499023438 157.17276000976562 99 189.06930541992188 64.935310363769531 -1 219.51776123046875 162.14591979980469 230 253.45062255859375 169.89067077636719 -1 195.94403076171875 56.809543609619141 -1 169.51646423339844 40.091297149658203 -1 18.524974822998047 10.502072334289551 -1 105.54682922363281 6.8933181762695312 -1 37.391754150390625 6.5509066581726074 -1 113.45493316650391 1.8942251205444336 -1 38.591705322265625 195.057373046875 -1 6.6133618354797363 215.75386047363281 -1 166.07606506347656 89.300750732421875 -1 3.0866360664367676 218.90536499023438 -1 113.45493316650391 1.8942251205444336 -1 154.36772155761719 99.216133117675781 -1 18.524974822998047 10.502072334289551 -1 166.07606506347656 89.300750732421875 -1 166.07606506347656 89.300750732421875 -1 219.51776123046875 162.14591979980469 231 4.1117458343505859 221.13436889648438 -1 190.76036071777344 108.02012634277344 325 4.1117458343505859 221.13436889648438 -1 5.0009770393371582 223.62908935546875 -1 215.71684265136719 139.17123413085938 40 3.3441274166107178 224.82131958007812 -1 
80 0.99113354868046832 -0.057110869728199364 -0.10820103653813215 0.051818654276467001 0.5124053222370557 6.3969718852756436 4.0472114779607029 1 000081.png
107.70240020751953 98.467727661132812 -1 130.7813720703125 199.66876220703125 -1 200.7630615234375 74.295379638671875 -1 28.699392318725586 13.33061408996582 -1 113.37733459472656 23.94825553894043 -1 96.093559265136719 27.400156021118164 439 166.95903015136719 79.799934387207031 -1 130.84217834472656 175.179443359375 -1 242.87496948242188 241.80250549316406 315 166.95903015136719 79.799934387207031 -1 130.84217834472656 175.179443359375 -1 166.95903015136719 79.799934387207031 -1 124.46453094482422 10.655818939208984 -1 131.48182678222656 177.41128540039062 -1 171.44084167480469 51.912246704101562 -1 188.59809875488281 51.956855773925781 -1 151.25840759277344 119.67644500732422 -1 228.931884765625 169.07997131347656 300 131.48182678222656 177.41128540039062 -1 238.35659790039062 178.70036315917969 146 213.56436157226562 242.05068969726562 51 151.25840759277344 119.67644500732422 -1 76.227470397949219 172.38926696777344 368 158.84934997558594 58.002349853515625 -1 39.056930541992188 205.03924560546875 297 51.230739593505859 7.4207601547241211 -1 12.248533248901367 16.143119812011719 302 51.230739593505859 7.4207601547241211 -1 49.451179504394531 14.854626655578613 289 12.248533248901367 16.143119812011719 301 158.84934997558594 58.002349853515625 -1 156.61953735351562 77.820098876953125 -1 154.00523376464844 90.537368774414062 -1 122.5589599609375 7.928410530090332 -1 149.50465393066406 69.479278564453125 -1 174.46583557128906 95.336219787597656 -1 151.79144287109375 103.77790069580078 -1 10.800317764282227 228.11708068847656 393 171.6029052734375 87.71075439453125 -1 149.50465393066406 69.479278564453125 -1 122.5589599609375 7.928410530090332 -1 149.50465393066406 69.479278564453125 -1 174.46583557128906 95.336219787597656 -1 180.46656799316406 44.266994476318359 -1 52.710784912109375 7.8109302520751953 303 168.441650390625 53.210739135742188 -1 174.01620483398438 39.588638305664062 -1 105.31611633300781 13.352715492248535 -1 169.30186462402344 46.004928588867188 -1 25.299970626831055 20.562503814697266 291 14.010848045349121 25.178592681884766 292 169.86946105957031 62.989875793457031 -1 200.40126037597656 57.148773193359375 -1 169.86946105957031 62.989875793457031 -1 156.07662963867188 63.902244567871094 -1 169.06292724609375 91.908233642578125 -1 179.72158813476562 94.563880920410156 -1 156.07662963867188 63.902244567871094 -1 105.31611633300781 13.352715492248535 -1 25.299970626831055 20.562503814697266 326 216.28486633300781 166.01861572265625 -1 214.48542785644531 140.78370666503906 -1 211.06448364257812 136.86834716796875 512 215.16621398925781 136.85380554199219 512 216.28486633300781 166.01861572265625 231 210.32923889160156 250.24574279785156 141 243.84576416015625 171.32984924316406 323 210.32923889160156 250.24574279785156 140 6.5223894119262695 34.134700775146484 362 142.50054931640625 118.41571044921875 -1 153.95460510253906 102.96548461914062 -1 154.31085205078125 99.150131225585938 -1 189.54701232910156 64.25665283203125 -1 166.07261657714844 89.390396118164062 -1 147.95196533203125 95.682838439941406 -1 230.26730346679688 160.97126770019531 99 213.66098022460938 163.40898132324219 63 105.25379943847656 6.8423604965209961 -1 249.56974792480469 173.07099914550781 -1 253.80357360839844 96.807357788085938 -1 109.52443695068359 41.653121948242188 -1 108.79440307617188 5.2334532737731934 -1 7.3752694129943848 29.880764007568359 -1 166.07261657714844 89.390396118164062 -1 241.46971130371094 172.6605224609375 415 213.66098022460938 163.40898132324219 64 108.79440307617188 5.2334532737731934 -1 19.073570251464844 23.141595840454102 309 7.3752694129943848 29.880764007568359 -1 169.59811401367188 40.044284820556641 -1 196.05809020996094 56.744964599609375 -1 166.07261657714844 89.390396118164062 -1 251.16812133789062 88.390419006347656 -1 166.18714904785156 47.794628143310547 -1 
81 0.9904780342102576 -0.063067555845794016 -0.10960310149864017 0.054432593990186691 0.53412832231348817 6.8524190189009353 4.6601641084363656 1 000082.png
107.46992492675781 92.178085327148438 -1 77.441627502441406 24.52992057800293 -1 129.09257507324219 199.8353271484375 -1 77.441627502441406 24.52992057800293 -1 201.83161926269531 75.877227783203125 -1 113.35978698730469 23.972923278808594 -1 32.634590148925781 19.175214767456055 -1 110.80313873291016 64.667884826660156 -1 97.703033447265625 29.471992492675781 439 108.77030944824219 60.475177764892578 -1 128.25054931640625 169.31388854980469 -1 166.90657043457031 79.702705383300781 -1 244.95733642578125 97.60455322265625 299 238.902099609375 242.71627807617188 315 50.540199279785156 13.28156852722168 -1 244.95733642578125 97.60455322265625 -1 166.90657043457031 79.702705383300781 -1 166.90657043457031 79.702705383300781 -1 171.46675109863281 51.834392547607422 -1 211.06863403320312 243.26388549804688 51 235.54385375976562 181.75062561035156 415 226.33100891113281 172.15756225585938 300 124.62373352050781 10.908281326293945 -1 106.94425964355469 57.34857177734375 -1 188.473876953125 51.923679351806641 -1 14.985391616821289 21.591278076171875 301 52.463409423828125 21.725433349609375 289 7.4828906059265137 35.950077056884766 -1 158.91220092773438 58.051765441894531 -1 77.482681274414062 174.82627868652344 368 7.4828906059265137 35.950077056884766 -1 14.985391616821289 21.591278076171875 302 158.91220092773438 58.051765441894531 -1 122.91097259521484 8.4937839508056641 -1 122.91097259521484 8.4937839508056641 -1 163.0556640625 52.035709381103516 -1 151.8453369140625 103.87410736083984 -1 156.61970520019531 77.908012390136719 -1 58.084526062011719 9.5836391448974609 318 13.84077262878418 229.3651123046875 393 218.51644897460938 245.51055908203125 -1 174.39071655273438 95.298637390136719 -1 39.852100372314453 206.51126098632812 297 174.39071655273438 95.298637390136719 -1 171.625732421875 87.782928466796875 -1 101.62096405029297 63.698326110839844 -1 16.990072250366211 31.07805061340332 292 55.312034606933594 14.13006591796875 303 58.084526062011719 9.5836391448974609 500 178.27069091796875 52.643562316894531 -1 168.42160034179688 53.153579711914062 -1 169.9185791015625 62.931716918945312 -1 169.13859558105469 91.972541809082031 -1 179.70597839355469 94.661026000976562 -1 132.59771728515625 181.76673889160156 -1 28.972789764404297 26.868906021118164 326 178.27069091796875 52.643562316894531 -1 169.9185791015625 62.931716918945312 -1 132.59771728515625 181.76673889160156 -1 200.50839233398438 57.499279022216797 -1 45.628349304199219 20.765073776245117 305 39.30792236328125 22.647777557373047 -1 28.972789764404297 26.868906021118164 291 174.10847473144531 39.627250671386719 -1 180.44180297851562 44.243751525878906 -1 77.169975280761719 8.6075296401977539 -1 200.9144287109375 131.09481811523438 -1 205.49942016601562 136.47308349609375 -1 208.64283752441406 139.76922607421875 512 213.13475036621094 140.60841369628906 512 232.59580993652344 170.19078063964844 -1 9.949275016784668 41.180225372314453 362 251.91581726074219 186.38023376464844 -1 242.28318786621094 252.48362731933594 -1 19.959922790527344 35.652153015136719 -1 24.390707015991211 27.305191040039062 326 19.959922790527344 35.652153015136719 -1 81.735687255859375 3.1373379230499268 -1 60.986457824707031 3.3890557289123535 -1 52.466793060302734 4.3948459625244141 -1 56.1993408203125 5.4362292289733887 -1 108.853271484375 5.2965526580810547 -1 201.12640380859375 127.38414764404297 -1 21.492544174194336 28.259099960327148 309 2.7661862373352051 38.462398529052734 -1 63.444049835205078 2.3862297534942627 -1 152.62361145019531 131.10748291015625 -1 203.08895874023438 133.47262573242188 -1 111.63044738769531 138.54014587402344 792 230.30142211914062 159.10964965820312 495 211.37821960449219 166.35099792480469 63 240.10084533691406 169.51246643066406 310 243.59841918945312 173.56259155273438 -1 133.1031494140625 183.38177490234375 -1 184.56341552734375 112.7706298828125 -1 181.53616333007812 109.27761077880859 -1 153.92863464355469 102.90769958496094 -1 154.38540649414062 99.196968078613281 -1 169.10182189941406 95.538955688476562 -1 189.08676147460938 64.9559326171875 -1 195.95997619628906 56.816226959228516 -1 169.591552734375 39.938938140869141 -1 55.600105285644531 8.559077262878418 500 52.466793060302734 4.3948459625244141 -1 108.853271484375 5.2965526580810547 -1 55.600105285644531 8.559077262878418 318 2.7661862373352051 38.462398529052734 -1 181.53616333007812 109.27761077880859 -1 184.56341552734375 112.7706298828125 -1 152.62361145019531 131.10748291015625 -1 211.37821960449219 166.35099792480469 64 133.1031494140625 183.38177490234375 -1 3.1032438278198242 232.52151489257812 -1 211.61154174804688 251.57937622070312 -1 196.37916564941406 125.80679321289062 42 64.011932373046875 11.119317054748535 402 187.06788635253906 63.125068664550781 -1 142.65139770507812 119.68405914306641 -1 246.24087524414062 176.41275024414062 -1 
82 0.98688027006168899 -0.056819760959239761 -0.1337219316998052 0.070408041514982742 1.3425675262026293 3.2686234520169317 0.59693816331753147 1 000075.png
137.63856506347656 108.70813751220703 -1 137.63856506347656 108.70813751220703 -1 136.01060485839844 198.49104309082031 -1 202.09405517578125 83.317451477050781 -1 113.43829345703125 24.16431999206543 -1 112.26925659179688 67.349578857421875 425 109.27293395996094 61.599262237548828 -1 97.622810363769531 28.519065856933594 -1 201.56393432617188 60.917243957519531 -1 166.67585754394531 79.97601318359375 -1 232.96101379394531 81.106254577636719 -1 240.19723510742188 158.07533264160156 50 225.14700317382812 149.49684143066406 8 146.59031677246094 47.900623321533203 -1 124.87989807128906 11.131173133850098 -1 171.36997985839844 51.660923004150391 -1 189.91986083984375 52.515476226806641 -1 187.37228393554688 100.76043701171875 -1 151.34153747558594 119.98300933837891 -1 225.30442810058594 239.10911560058594 51 151.34153747558594 119.98300933837891 -1 159.20123291015625 57.793125152587891 -1 156.69612121582031 77.678085327148438 -1 186.51646423339844 98.692115783691406 -1 88.925910949707031 144.19459533691406 113 159.20123291015625 57.793125152587891 -1 151.7884521484375 103.76128387451172 -1 225.63909912109375 249.31092834472656 141 122.593017578125 7.9187984466552734 -1 180.75456237792969 44.641799926757812 -1 102.53112030029297 71.727073669433594 574 174.62193298339844 95.265060424804688 -1 122.593017578125 7.9187984466552734 -1 245.86625671386719 86.857917785644531 -1 171.52958679199219 87.664169311523438 -1 174.62193298339844 95.265060424804688 -1 225.63909912109375 249.31092834472656 140 105.43901824951172 13.781978607177734 -1 105.43901824951172 13.781978607177734 -1 179.75605773925781 94.573745727539062 -1 231.42549133300781 128.91954040527344 26 169.84649658203125 62.928218841552734 -1 155.07235717773438 64.819686889648438 -1 179.75605773925781 94.573745727539062 -1 174.14515686035156 39.801120758056641 -1 168.10665893554688 52.832183837890625 -1 169.84649658203125 62.928218841552734 -1 155.07235717773438 64.819686889648438 -1 179.94987487792969 82.954582214355469 -1 169.21379089355469 91.8665771484375 -1 165.62443542480469 72.576637268066406 -1 223.25456237792969 122.17522430419922 512 233.01925659179688 140.99870300292969 94 241.12168884277344 148.48764038085938 99 246.96377563476562 154.775146484375 -1 113.52034759521484 1.9898233413696289 -1 109.05339813232422 5.1726083755493164 -1 105.14867401123047 6.9707355499267578 -1 169.71150207519531 40.261383056640625 -1 195.79638671875 60.997348785400391 -1 99.607330322265625 124.55623626708984 -1 226.17901611328125 133.48443603515625 197 76.428932189941406 145.830810546875 108 109.05339813232422 5.1726083755493164 -1 62.505264282226562 160.2830810546875 368 45.238365173339844 174.73448181152344 -1 25.763689041137695 188.02574157714844 -1 17.611875534057617 194.67359924316406 -1 17.611875534057617 194.67359924316406 -1 217.08120727539062 124.15171051025391 234 217.06918334960938 116.35148620605469 80 211.96977233886719 110.94998931884766 -1 202.23469543457031 101.2210693359375 363 181.09400939941406 89.086044311523438 -1 166.09028625488281 89.26116943359375 -1 113.52034759521484 1.9898233413696289 -1 3.9399998188018799 205.68853759765625 -1 166.09028625488281 89.26116943359375 -1 76.428932189941406 145.830810546875 135 25.763689041137695 188.02574157714844 665 17.611875534057617 194.67359924316406 -1 17.611875534057617 194.67359924316406 -1 195.85235595703125 57.065326690673828 -1 11.53945255279541 202.79460144042969 -1 62.7210693359375 157.0946044921875 -1 94.790313720703125 131.04524230957031 762 62.7210693359375 157.0946044921875 -1 
83 0.9903049383877166 -0.067657415001031965 -0.10751037541858363 0.056214965779890609 0.44502423707396421 7.2147877321900644 5.3127631427100175 1 000083.png
101.08405303955078 89.40020751953125 -1 78.772369384765625 29.622533798217773 339 128.18171691894531 200.43574523925781 -1 78.772369384765625 29.622533798217773 338 201.54393005371094 76.082649230957031 -1 39.297702789306641 23.641693115234375 340 49.568794250488281 20.380361557006836 -1 113.37066650390625 24.206356048583984 -1 111.27833557128906 65.650833129882812 -1 113.37066650390625 24.206356048583984 -1 109.16970062255859 61.559532165527344 -1 244.74284362792969 100.50183868408203 299 244.74284362792969 100.50183868408203 314 166.907470703125 79.853775024414062 -1 211.49063110351562 168.00025939941406 8 235.3197021484375 243.36264038085938 315 125.73268127441406 12.306535720825195 -1 11.235952377319336 42.052074432373047 330 188.59352111816406 51.984844207763672 -1 171.4669189453125 51.784500122070312 -1 11.235952377319336 42.052074432373047 -1 248.08694458007812 199.35641479492188 -1 232.93350219726562 184.01597595214844 415 224.19781494140625 174.91950988769531 300 225.01596069335938 93.079460144042969 343 11.235952377319336 42.052074432373047 328 166.32057189941406 35.777534484863281 -1 151.88592529296875 103.68172454833984 -1 57.841419219970703 20.145744323730469 303 17.822599411010742 27.013004302978516 301 54.98974609375 28.684003829956055 289 4.3245182037353516 44.464908599853516 -1 147.0465087890625 47.799888610839844 -1 200.9754638671875 58.60906982421875 -1 156.65202331542969 77.809326171875 -1 154.00007629394531 90.484489440917969 -1 4.3245182037353516 44.464908599853516 -1 208.46965026855469 244.42556762695312 51 25.44886589050293 25.129474639892578 344 17.822599411010742 27.013004302978516 302 32.767066955566406 32.906658172607422 291 235.01707458496094 80.254287719726562 -1 148.83644104003906 70.09088134765625 -1 180.64962768554688 44.529125213623047 -1 19.907661437988281 36.542659759521484 292 171.57168579101562 87.783477783203125 -1 215.53176879882812 246.65115356445312 -1 253.17196655273438 109.41998291015625 -1 174.37008666992188 95.366592407226562 -1 148.83644104003906 70.09088134765625 -1 105.21086883544922 14.056347846984863 -1 59.401584625244141 13.074864387512207 318 122.64740753173828 8.0173959732055664 -1 105.21086883544922 14.056347846984863 -1 122.64740753173828 8.0173959732055664 -1 215.53176879882812 246.65115356445312 -1 253.17196655273438 109.41998291015625 -1 174.37008666992188 95.366592407226562 -1 59.401584625244141 13.074864387512207 500 18.698444366455078 41.995391845703125 -1 178.2706298828125 53.053199768066406 -1 168.25534057617188 53.246536254882812 -1 164.45100402832031 54.999008178710938 -1 169.08253479003906 91.927810668945312 -1 179.72993469238281 94.683982849121094 -1 169.88784790039062 62.998668670654297 -1 174.18583679199219 39.647933959960938 -1 178.2706298828125 53.053199768066406 -1 169.88784790039062 62.998668670654297 -1 27.552755355834961 33.509735107421875 326 28.649734497070312 37.218254089355469 -1 212.34504699707031 171.65861511230469 231 151.45114135742188 75.492820739746094 -1 149.98036193847656 103.18496704101562 -1 232.654541015625 170.896240234375 310 212.34504699707031 171.65861511230469 230 248.88511657714844 188.73152160644531 -1 252.05210876464844 191.99331665039062 -1 236.45423889160156 250.25605773925781 -1 205.68133544921875 251.72129821777344 141 17.640247344970703 46.131088256835938 362 151.45114135742188 75.492820739746094 -1 245.44181823730469 85.736488342285156 -1 205.68133544921875 251.72129821777344 140 142.3255615234375 118.68472290039062 -1 190.40754699707031 123.89333343505859 363 252.3148193359375 89.429000854492188 -1 207.08757019042969 142.82363891601562 512 209.35501098632812 168.65036010742188 63 166.07124328613281 89.427719116210938 -1 195.89080810546875 57.011341094970703 -1 2.1165783405303955 54.054115295410156 413 3.4483282566070557 47.870937347412109 -1 169.54864501953125 39.888679504394531 -1 24.019645690917969 33.38580322265625 309 40.247913360595703 10.880715370178223 349 53.583530426025391 7.7097015380859375 -1 62.434803009033203 6.4620938301086426 347 108.93695831298828 5.3022584915161133 -1 229.85940551757812 171.7191162109375 -1 238.02024841308594 176.61810302734375 323 108.93695831298828 5.3022584915161133 -1 53.583530426025391 7.7097015380859375 -1 3.4483282566070557 47.870937347412109 -1 166.07124328613281 89.427719116210938 -1 166.07124328613281 89.427719116210938 -1 209.35501098632812 168.65036010742188 64 169.04757690429688 95.57733154296875 -1 236.46649169921875 178.71809387207031 415 233.54115295410156 246.88905334472656 -1 250.45248413085938 91.335403442382812 -1 187.23077392578125 120.25890350341797 325 84.069969177246094 11.070517539978027 -1 154.36236572265625 99.250564575195312 -1 
84 0.9903248623378007 -0.068172304451149301 -0.10757830825700297 0.055100921353434883 0.58806317416962983 7.5388585514783211 5.588229317602134 1 000084.png
103.62521362304688 91.110649108886719 -1 79.932029724121094 32.171073913574219 339 127.95507049560547 200.27470397949219 -1 79.932029724121094 32.171073913574219 338 201.08305358886719 75.882919311523438 -1 248.70513916015625 103.68690490722656 -1 248.70513916015625 103.68690490722656 -1 113.36571502685547 24.231315612792969 -1 244.6778564453125 101.82119750976562 299 113.36571502685547 24.231315612792969 -1 244.6778564453125 101.82119750976562 314 166.84495544433594 79.856925964355469 -1 129.57475280761719 172.96516418457031 -1 234.10781860351562 244.33238220214844 315 129.57475280761719 172.96516418457031 417 129.57475280761719 172.96516418457031 418 234.10781860351562 244.33238220214844 -1 107.66393280029297 58.54656982421875 424 125.12689208984375 11.627509117126465 -1 201.10665893554688 59.540752410888672 -1 13.136836051940918 45.872982025146484 328 223.87481689453125 95.095779418945312 343 171.49293518066406 51.786968231201172 -1 188.46165466308594 51.912525177001953 -1 157.50149536132812 57.179519653320312 -1 204.47883605957031 155.00193786621094 6 223.10893249511719 175.8524169921875 300 231.87483215332031 184.775390625 415 247.527587890625 200.89680480957031 -1 13.136836051940918 45.872982025146484 330 234.40003967285156 80.193450927734375 -1 19.186460494995117 29.94249153137207 302 6.164543628692627 48.354667663574219 -1 79.423789978027344 178.13478088378906 368 207.6495361328125 244.90861511230469 51 159.27241516113281 57.956104278564453 -1 146.6600341796875 47.521221160888672 -1 19.186460494995117 29.94249153137207 301 58.915187835693359 23.338043212890625 303 156.61918640136719 77.885955810546875 -1 151.89814758300781 103.69882202148438 -1 6.164543628692627 48.354667663574219 -1 159.27241516113281 57.956104278564453 -1 108.45313262939453 84.800079345703125 -1 180.66606140136719 44.620933532714844 -1 132.33772277832031 181.16375732421875 -1 122.65228271484375 8.0461826324462891 -1 59.736038208007812 14.672811508178711 318 251.95396423339844 111.44019317626953 -1 174.42901611328125 95.407623291015625 -1 122.65228271484375 8.0461826324462891 -1 49.128376007080078 29.656578063964844 305 166.44221496582031 35.767280578613281 -1 18.966938018798828 230.60765075683594 393 21.26795768737793 39.375499725341797 292 251.95396423339844 111.44019317626953 -1 163.39588928222656 52.587779998779297 -1 174.42901611328125 95.407623291015625 -1 59.736038208007812 14.672811508178711 500 101.39424133300781 64.077606201171875 -1 103.59795379638672 80.238983154296875 -1 132.33772277832031 181.16375732421875 -1 171.67726135253906 87.819953918457031 -1 16.653911590576172 51.086067199707031 362 168.15869140625 53.022880554199219 -1 160.28605651855469 60.416881561279297 -1 169.8668212890625 62.998908996582031 -1 155.18617248535156 64.8857421875 -1 169.15556335449219 92.027412414550781 -1 179.7293701171875 94.685447692871094 -1 29.461463928222656 219.37150573730469 258 178.22486877441406 52.995418548583984 -1 28.756256103515625 36.369613647460938 326 174.00914001464844 39.590065002441406 -1 178.22486877441406 52.995418548583984 -1 160.28605651855469 60.416881561279297 -1 155.18617248535156 64.8857421875 -1 53.763439178466797 12.991425514221191 -1 75.446792602539062 17.391653060913086 -1 67.572601318359375 21.050172805786133 -1 3.3196182250976562 58.114204406738281 413 189.54118347167969 64.024765014648438 -1 249.35775756835938 93.403884887695312 -1 255.87153625488281 108.75032806396484 -1 222.37277221679688 161.96543884277344 -1 68.859046936035156 17.206241607666016 402 196.28207397460938 56.655265808105469 -1 169.05656433105469 95.531044006347656 -1 153.92532348632812 102.78863525390625 -1 250.24055480957031 104.80867767333984 -1 169.67977905273438 40.089267730712891 -1 194.80021667480469 130.96099853515625 42 206.89048767089844 145.00047302246094 512 210.1536865234375 145.17137145996094 512 252.96409606933594 199.90599060058594 -1 208.291748046875 169.60807800292969 63 25.314878463745117 36.301494598388672 309 107.34968566894531 22.180652618408203 -1 223.04536437988281 158.93132019042969 27 73.90814208984375 14.930615425109863 -1 40.989536285400391 13.049729347229004 349 71.918891906738281 10.380743980407715 -1 57.591503143310547 10.461453437805176 -1 71.918891906738281 10.380743980407715 -1 165.93264770507812 47.713363647460938 421 65.409393310546875 7.0934004783630371 347 108.8031005859375 5.3095574378967285 -1 75.035491943359375 2.8581387996673584 -1 113.51782989501953 1.8042424917221069 -1 230.43653869628906 170.63784790039062 310 229.06385803222656 173.17562866210938 -1 236.82243347167969 177.63710021972656 323 113.51782989501953 1.8042424917221069 -1 108.8031005859375 5.3095574378967285 -1 25.314878463745117 36.301494598388672 348 250.24055480957031 104.80867767333984 -1 208.291748046875 169.60807800292969 64 235.34107971191406 179.97134399414062 415 241.58132934570312 187.19229125976562 -1 218.94346618652344 161.8299560546875 94 
85 0.99127607387139183 -0.051486681491478226 -0.11040629926922144 0.05031218620562098 0.63094904058295853 6.2974393379888394 3.740090839787253 1 000080.png
110.61407470703125 95.545501708984375 -1 131.31826782226562 199.43563842773438 -1 200.43496704101562 73.897796630859375 -1 26.476181030273438 9.9480791091918945 -1 95.884834289550781 26.523502349853516 439 113.39698791503906 23.935890197753906 -1 202.32228088378906 62.507461547851562 -1 166.94888305664062 79.809112548828125 -1 244.25669860839844 240.92698669433594 315 166.94888305664062 79.809112548828125 -1 166.94888305664062 79.809112548828125 -1 188.6279296875 52.111660003662109 -1 125.08660888671875 11.569201469421387 -1 37.480602264404297 9.2716436386108398 -1 171.3614501953125 51.790035247802734 -1 157.33235168457031 57.335700988769531 -1 180.71510314941406 101.11708068847656 -1 230.26443481445312 168.07899475097656 300 239.76446533203125 177.5067138671875 146 214.76091003417969 241.06123352050781 51 48.070278167724609 11.479997634887695 289 10.826483726501465 13.105533599853516 301 146.60685729980469 47.374507904052734 -1 153.98574829101562 90.309539794921875 -1 156.6439208984375 77.848785400390625 -1 236.89178466796875 101.71048736572266 -1 75.94342041015625 171.055419921875 368 131.98396301269531 178.85581970214844 -1 10.826483726501465 13.105533599853516 302 48.070278167724609 11.479997634887695 -1 131.98396301269531 178.85581970214844 -1 171.5692138671875 87.710243225097656 -1 174.47637939453125 95.326972961425781 -1 151.74769592285156 103.79519653320312 -1 23.117959976196289 215.34722900390625 258 111.71541595458984 147.6065673828125 262 50.153251647949219 4.2112421989440918 -1 23.624517440795898 16.560146331787109 291 180.73970031738281 44.658973693847656 -1 174.47637939453125 95.326972961425781 -1 50.153251647949219 4.2112421989440918 303 108.46143341064453 84.340202331542969 -1 242.35903930664062 84.596122741699219 -1 103.54090881347656 80.404251098632812 574 122.14813995361328 7.2876677513122559 -1 105.15630340576172 13.716691970825195 -1 105.15630340576172 13.716691970825195 -1 122.14813995361328 7.2876677513122559 -1 168.31787109375 53.207927703857422 -1 239.15614318847656 163.74407958984375 310 4.3721141815185547 30.973762512207031 -1 174.44944763183594 39.919593811035156 -1 200.49118041992188 57.280597686767578 -1 169.90484619140625 62.949581146240234 -1 155.60443115234375 64.469688415527344 -1 169.054443359375 91.9163818359375 -1 179.71186828613281 94.553230285644531 -1 169.90484619140625 62.949581146240234 -1 155.60443115234375 64.469688415527344 -1 108.62438201904297 42.711933135986328 -1 214.61912536621094 161.49661254882812 64 195.24603271484375 61.640121459960938 -1 248.55145263671875 87.051307678222656 -1 229.60250854492188 149.18104553222656 27 23.044782638549805 17.336227416992188 326 217.28208923339844 164.37165832519531 230 250.977294921875 171.48724365234375 -1 108.62438201904297 42.711933135986328 424 214.61912536621094 161.49661254882812 63 217.28208923339844 164.37165832519531 231 23.044782638549805 17.336227416992188 291 177.75543212890625 53.584075927734375 -1 172.03607177734375 89.387153625488281 -1 153.93391418457031 102.82230377197266 -1 166.078125 89.315452575683594 -1 227.67388916015625 74.237632751464844 -1 194.92642211914062 116.40763092041016 363 199.42413330078125 124.98475646972656 41 189.60409545898438 64.296287536621094 -1 218.47314453125 145.75949096679688 197 224.77754211425781 152.39266967773438 94 231.76144409179688 159.69302368164062 99 242.58718872070312 170.95468139648438 415 169.55323791503906 39.938739776611328 -1 108.92157745361328 5.2328729629516602 -1 5.8960361480712891 25.863546371459961 -1 166.078125 89.315452575683594 -1 166.078125 89.315452575683594 -1 5.8960361480712891 25.863546371459961 -1 10.979846954345703 19.02174186706543 292 19.898412704467773 18.226692199707031 326 37.530487060546875 12.06241512298584 -1 42.133758544921875 10.494964599609375 305 108.92157745361328 5.2328729629516602 -1 252.08525085449219 181.07276916503906 -1 195.87777709960938 56.763050079345703 -1 
86 0.9896714720063674 -0.06706944187614676 -0.11335941315618996 0.056583662943082196 1.0159599160845707 8.9015792733125849 6.8591312120930104 1 000086.png
111.33026885986328 95.133216857910156 -1 82.291389465332031 42.622764587402344 338 126.62818145751953 200.43179321289062 -1 82.291389465332031 42.622764587402344 339 199.01512145996094 74.141006469726562 -1 45.314693450927734 37.734352111816406 340 111.29389190673828 65.589912414550781 424 240.10481262207031 106.28641510009766 -1 113.62606048583984 24.389823913574219 -1 113.62606048583984 24.389823913574219 -1 240.10481262207031 106.28641510009766 299 96.676155090332031 29.443290710449219 -1 233.88818359375 83.906303405761719 -1 96.676155090332031 29.443290710449219 -1 166.72048950195312 80.270133972167969 -1 228.14860534667969 245.28683471679688 315 169.91827392578125 108.43925476074219 -1 26.332420349121094 45.405570983886719 353 169.91827392578125 108.43925476074219 -1 126.5150146484375 13.445889472961426 -1 83.36798095703125 23.905269622802734 -1 166.72048950195312 80.270133972167969 -1 228.14860534667969 245.28683471679688 -1 26.332420349121094 45.405570983886719 429 15.115593910217285 47.180118560791016 -1 15.115593910217285 47.180118560791016 435 227.21409606933594 188.45382690429688 415 219.34463500976562 180.00962829589844 495 20.542959213256836 58.021587371826172 330 157.48164367675781 57.356517791748047 -1 171.43519592285156 51.695098876953125 -1 188.33100891113281 51.871425628662109 -1 130.49467468261719 175.60090637207031 -1 20.542959213256836 58.021587371826172 328 130.49467468261719 175.60090637207031 -1 130.49467468261719 175.60090637207031 -1 30.935749053955078 38.43658447265625 344 24.054010391235352 40.669864654541016 301 24.054010391235352 40.669864654541016 302 156.62559509277344 78.035568237304688 -1 219.86663818359375 102.46927642822266 343 203.57244873046875 245.96482849121094 51 171.62040710449219 87.809120178222656 -1 103.54685211181641 80.183540344238281 -1 174.36822509765625 95.423095703125 -1 25.929618835449219 49.441913604736328 -1 25.929618835449219 49.441913604736328 -1 25.929618835449219 49.441913604736328 292 61.130321502685547 20.764986038208008 500 105.31924438476562 13.755661964416504 -1 77.410308837890625 29.442819595336914 467 61.130321502685547 20.764986038208008 318 105.31924438476562 13.755661964416504 -1 91.963920593261719 6.2862858772277832 -1 125.14712524414062 179.0450439453125 -1 102.59646606445312 72.438400268554688 -1 247.17791748046875 119.07719421386719 442 169.27670288085938 117.37213897705078 -1 151.75143432617188 103.78267669677734 -1 25.071010589599609 232.7369384765625 393 174.36822509765625 95.423095703125 -1 65.027175903320312 33.710926055908203 303 18.718574523925781 60.972499847412109 472 65.027175903320312 33.710926055908203 -1 18.718574523925781 60.972499847412109 499 178.15596008300781 53.249652862548828 -1 200.55511474609375 57.512706756591797 -1 160.27362060546875 60.621238708496094 -1 169.89501953125 62.928047180175781 -1 9.8074712753295898 66.997085571289062 413 169.0714111328125 92.042648315429688 -1 179.6812744140625 94.779190063476562 -1 252.34297180175781 103.71683502197266 -1 9.8074712753295898 66.997085571289062 360 56.892097473144531 40.4234619140625 399 180.45565795898438 44.335006713867188 -1 160.27362060546875 60.621238708496094 -1 169.11581420898438 46.677791595458984 -1 169.89501953125 62.928047180175781 -1 70.454727172851562 22.723207473754883 347 57.753459930419922 36.048816680908203 474 61.482933044433594 37.511886596679688 403 32.879604339599609 46.131374359130859 326 108.93748474121094 5.2754950523376465 -1 164.01213073730469 108.77020263671875 -1 108.93748474121094 5.2754950523376465 -1 200.77056884765625 252.38723754882812 140 32.879604339599609 46.131374359130859 407 200.77056884765625 252.38723754882812 141 216.57084655761719 164.18867492675781 27 166.03660583496094 89.443183898925781 -1 244.86015319824219 196.00950622558594 -1 251.98100280761719 203.95843505859375 -1 204.38479614257812 252.59732055664062 140 158.52386474609375 80.553916931152344 -1 17.9896240234375 62.300895690917969 480 196.15953063964844 56.930347442626953 -1 29.709442138671875 46.020118713378906 309 54.0311279296875 43.056644439697266 -1 67.116584777832031 35.045867919921875 -1 63.526344299316406 26.242687225341797 -1 169.50511169433594 40.074806213378906 -1 33.495697021484375 3.7227797508239746 -1 60.471347808837891 21.966489791870117 500 70.523628234863281 11.449053764343262 -1 67.116584777832031 35.045867919921875 -1 169.50511169433594 40.074806213378906 -1 29.709442138671875 46.020118713378906 348 206.29002380371094 153.05085754394531 512 166.03660583496094 89.443183898925781 -1 166.03660583496094 89.443183898925781 -1 204.38479614257812 252.59732055664062 141 212.51531982421875 156.10820007324219 26 158.52386474609375 80.553916931152344 -1 212.42291259765625 159.53395080566406 -1 153.84886169433594 103.08111572265625 -1 149.98260498046875 123.62651824951172 -1 33.495697021484375 3.7227797508239746 -1 48.492408752441406 28.285408020019531 -1 119.08477020263672 7.5090751647949219 -1 145.15791320800781 117.72703552246094 498 166.14044189453125 47.306125640869141 421 176.72396850585938 43.846046447753906 -1 
87 0.98976689617606295 -0.065671409143841689 -0.11350232095770817 0.056267045348750558 0.95131829934369994 8.4287775909361198 6.3335132349632683 1 000085.png
107.60250091552734 93.690483093261719 -1 81.447532653808594 37.361537933349609 338 127.38442993164062 200.37948608398438 -1 81.447532653808594 37.361537933349609 339 199.67965698242188 74.733390808105469 -1 44.514572143554688 31.514842987060547 340 242.60504150390625 103.77848815917969 -1 111.03926086425781 66.439056396484375 424 113.40712738037109 24.302370071411133 -1 94.090751647949219 26.418600082397461 -1 94.090751647949219 26.418600082397461 -1 242.60504150390625 103.77848815917969 299 113.40712738037109 24.302370071411133 -1 113.40712738037109 24.302370071411133 -1 23.463436126708984 39.636260986328125 353 12.644396781921387 42.527420043945312 -1 234.53773498535156 82.326492309570312 -1 129.568359375 172.82904052734375 -1 230.91224670410156 244.64921569824219 315 166.74021911621094 80.09075927734375 -1 166.74021911621094 80.09075927734375 -1 16.99504280090332 52.364887237548828 328 124.63461303710938 10.893957138061523 -1 188.32005310058594 51.865795135498047 -1 16.99504280090332 52.364887237548828 330 157.46343994140625 57.304710388183594 -1 221.46498107910156 177.90782165527344 300 229.79682922363281 186.8695068359375 415 171.43569946289062 51.745834350585938 -1 246.37651062011719 202.76264953613281 -1 146.59970092773438 47.002006530761719 -1 221.77377319335938 99.109176635742188 343 22.510730743408203 232.34391784667969 393 205.63926696777344 245.27334594726562 51 156.65440368652344 78.035987854003906 -1 28.594448089599609 33.323379516601562 344 151.81642150878906 103.73244476318359 -1 21.617027282714844 35.412277221679688 301 21.617027282714844 35.412277221679688 302 122.63295745849609 8.0083580017089844 -1 63.074325561523438 29.507194519042969 303 50.395843505859375 36.580051422119141 305 23.649063110351562 44.536281585693359 292 150.65032958984375 68.615058898925781 -1 108.43751525878906 84.163963317871094 -1 60.417953491210938 17.730348587036133 318 132.16401672363281 180.37977600097656 418 249.9154052734375 115.55240631103516 -1 174.40081787109375 95.43988037109375 -1 171.67355346679688 87.799736022949219 -1 132.16401672363281 180.37977600097656 417 174.40081787109375 95.43988037109375 -1 150.65032958984375 68.615058898925781 -1 150.65032958984375 68.615058898925781 -1 23.649063110351562 44.536281585693359 -1 60.417953491210938 17.730348587036133 500 122.63295745849609 8.0083580017089844 -1 166.95352172851562 35.690616607666016 -1 145.01951599121094 87.366355895996094 -1 169.00454711914062 91.9468994140625 -1 179.6767578125 94.736373901367188 -1 105.23041534423828 13.408369064331055 -1 30.782855987548828 41.358814239501953 407 160.11985778808594 60.712306976318359 -1 169.93263244628906 62.965400695800781 -1 155.57000732421875 64.434494018554688 -1 155.57000732421875 64.434494018554688 -1 34.504596710205078 11.98173999786377 -1 105.23041534423828 13.408369064331055 -1 174.07107543945312 39.616519927978516 -1 30.782855987548828 41.358814239501953 326 49.627902984619141 41.965896606445312 -1 180.47708129882812 44.275157928466797 -1 168.59574890136719 53.347152709960938 -1 178.07203674316406 53.275699615478516 -1 160.11985778808594 60.712306976318359 -1 169.93263244628906 62.965400695800781 -1 56.648456573486328 32.143539428710938 -1 7.2063350677490234 60.908973693847656 413 209.69131469726562 174.71531677246094 231 247.54463195800781 194.41340637207031 -1 232.43624877929688 251.94027709960938 -1 154.17454528808594 77.135955810546875 -1 63.038650512695312 23.211627960205078 -1 109.52639770507812 102.3868408203125 -1 143.0106201171875 110.58175659179688 -1 154.17454528808594 77.135955810546875 -1 7.2063350677490234 60.908973693847656 360 189.51187133789062 64.1939697265625 -1 6.5701484680175781 65.267654418945312 413 74.016548156738281 17.913524627685547 -1 191.61880493164062 131.34983825683594 363 151.57786560058594 138.2618408203125 -1 154.24465942382812 99.097702026367188 -1 112.51854705810547 145.65383911132812 -1 204.97872924804688 147.04344177246094 512 213.99081420898438 157.01741027832031 -1 217.99461364746094 161.50788879394531 -1 223.06571960449219 167.02357482910156 -1 234.70173645019531 179.83094787597656 323 242.68894958496094 192.70597839355469 -1 244.97354125976562 195.34072875976562 -1 172.06611633300781 89.384674072265625 -1 166.04301452636719 89.406166076660156 -1 250.84703063964844 88.993461608886719 -1 173.08760070800781 80.288612365722656 -1 196.00717163085938 56.983631134033203 -1 27.469083786010742 41.249408721923828 309 169.5816650390625 39.931175231933594 -1 54.6832275390625 36.044643402099609 399 23.417087554931641 34.121452331542969 -1 60.172145843505859 33.078315734863281 403 83.141242980957031 2.4457097053527832 -1 41.90972900390625 19.548582077026367 -1 70.949020385742188 19.605709075927734 347 79.303329467773438 4.1169114112854004 -1 120.66629028320312 5.2207732200622559 -1 79.303329467773438 4.1169114112854004 -1 41.90972900390625 19.548582077026367 -1 27.469083786010742 41.249408721923828 348 120.66629028320312 5.2207732200622559 -1 250.84703063964844 88.993461608886719 -1 166.04301452636719 89.406166076660156 -1 83.958351135253906 13.316855430603027 -1 105.07364654541016 6.9444570541381836 -1 83.958351135253906 13.316855430603027 -1 42.088447570800781 16.379074096679688 349 153.94331359863281 102.61190032958984 -1 247.8558349609375 108.35121917724609 -1 166.04301452636719 89.406166076660156 -1 176.67469787597656 43.851425170898438 -1 4.2682342529296875 241.52583312988281 -1 
89 0.98907923359245498 -0.068613367566856945 -0.11533151187261297 0.060935357851370719 0.95221002401355681 10.733547939668371 8.8514782683491706 1 000090.png
120.91020202636719 100.2236328125 -1 89.484405517578125 59.064571380615234 339 89.484405517578125 59.064571380615234 338 94.888275146484375 160.06877136230469 -1 94.888275146484375 160.06877136230469 -1 197.716064453125 72.397377014160156 -1 197.716064453125 72.397377014160156 -1 139.45074462890625 29.179445266723633 -1 52.635692596435547 51.778240203857422 340 112.62014770507812 69.492851257324219 -1 113.85063171386719 24.688850402832031 -1 49.946292877197266 58.271106719970703 -1 113.85063171386719 24.688850402832031 -1 139.358642578125 10.676657676696777 -1 32.822296142578125 59.773635864257812 353 29.574960708618164 73.497337341308594 330 14.21829891204834 83.782867431640625 -1 241.94963073730469 101.44291687011719 -1 247.94424438476562 110.57570648193359 -1 242.87208557128906 122.39288330078125 -1 166.66856384277344 80.267379760742188 -1 247.94424438476562 110.57570648193359 -1 32.822296142578125 59.773635864257812 429 166.66856384277344 80.267379760742188 -1 252.42623901367188 93.815383911132812 -1 252.42623901367188 93.815383911132812 -1 171.43612670898438 51.652111053466797 -1 188.45982360839844 51.960365295410156 -1 201.24937438964844 59.967281341552734 -1 22.108505249023438 62.001773834228516 435 225.96937561035156 98.44744873046875 -1 38.729038238525391 28.774637222290039 -1 3.1561236381530762 84.843948364257812 -1 156.62026977539062 78.112159729003906 -1 212.81358337402344 185.85798645019531 300 154.09214782714844 90.528938293457031 -1 213.52333068847656 113.71517181396484 343 68.970108032226562 53.202350616455078 -1 216.46823120117188 68.571434020996094 -1 141.08639526367188 19.678989410400391 -1 100.48159027099609 41.996570587158203 439 180.51168823242188 44.517101287841797 -1 30.756460189819336 55.491657257080078 301 241.63909912109375 111.50405120849609 -1 166.27287292480469 126.10306549072266 -1 238.09658813476562 129.91246032714844 442 32.170013427734375 235.692626953125 393 197.23426818847656 248.03634643554688 51 151.68252563476562 103.71643829345703 -1 164.56739807128906 102.82488250732422 -1 5.8663325309753418 97.426620483398438 -1 174.34440612792969 95.526618957519531 -1 171.64952087402344 87.908248901367188 -1 105.34001922607422 13.641181945800781 -1 64.952278137207031 61.60992431640625 289 5.8663325309753418 97.426620483398438 -1 174.34440612792969 95.526618957519531 -1 30.756460189819336 55.491657257080078 302 100.48159027099609 41.996570587158203 -1 95.546920776367188 14.367506980895996 -1 95.546920776367188 14.367506980895996 -1 164.56739807128906 102.82488250732422 -1 159.64936828613281 60.853916168212891 -1 169.06741333007812 91.986808776855469 -1 159.64936828613281 60.853916168212891 -1 252.51239013671875 91.465774536132812 -1 163.51814270019531 122.05718231201172 -1 252.51239013671875 91.465774536132812 -1 163.51814270019531 122.05718231201172 -1 64.420364379882812 49.081569671630859 -1 62.861518859863281 30.265283584594727 318 239.17535400390625 92.209388732910156 -1 60.327285766601562 52.044685363769531 399 179.6827392578125 94.805000305175781 -1 64.420364379882812 49.081569671630859 403 60.327285766601562 52.044685363769531 -1 169.95640563964844 62.916618347167969 -1 169.95640563964844 62.916618347167969 -1 27.286094665527344 78.423629760742188 499 123.81655120849609 16.842391967773438 -1 36.727302551269531 17.716485977172852 -1 62.861518859863281 30.265283584594727 500 167.20391845703125 35.705997467041016 -1 67.989669799804688 44.679145812988281 -1 169.20851135253906 46.448463439941406 -1 19.21485710144043 84.2841796875 413 79.406600952148438 48.701938629150391 467 217.46620178222656 249.53518676757812 315 168.49090576171875 53.245845794677734 -1 178.19255065917969 53.258880615234375 -1 169.95640563964844 62.916618347167969 -1 27.286094665527344 78.423629760742188 472 19.21485710144043 84.2841796875 360 246.99844360351562 87.535186767578125 -1 93.784439086914062 5.0923385620117188 -1 49.141754150390625 25.565462112426758 -1 60.884685516357422 47.516849517822266 474 72.765541076660156 52.555393218994141 -1 38.663227081298828 60.038589477539062 326 249.44085693359375 97.423553466796875 -1 108.86504364013672 5.4138226509094238 -1 249.44085693359375 97.423553466796875 -1 195.24140930175781 61.873218536376953 -1 108.86504364013672 5.4138226509094238 -1 49.141754150390625 25.565462112426758 -1 49.141754150390625 25.565462112426758 -1 60.884685516357422 47.516849517822266 -1 38.663227081298828 60.038589477539062 407 49.141754150390625 25.565462112426758 -1 166.03514099121094 89.37750244140625 -1 26.728853225708008 79.472434997558594 480 207.54798889160156 61.048049926757812 -1 196.12123107910156 56.927303314208984 -1 113.63524627685547 1.960595965385437 -1 132.02755737304688 19.300968170166016 -1 46.722412109375 29.734516143798828 349 169.55754089355469 39.762489318847656 -1 26.728853225708008 79.472434997558594 499 166.03514099121094 89.37750244140625 -1 166.03514099121094 89.37750244140625 -1 46.722412109375 29.734516143798828 488 104.97629547119141 7.0157461166381836 -1 194.90580749511719 253.47189331054688 140 132.02755737304688 19.300968170166016 -1 169.55754089355469 39.762489318847656 -1 113.63524627685547 1.960595965385437 -1 194.90580749511719 253.47189331054688 141 251.9088134765625 220.17408752441406 -1 238.04808044433594 203.54341125488281 -1 251.9088134765625 220.17408752441406 -1 230.43626403808594 194.76829528808594 -1 199.60592651367188 180.12022399902344 63 216.98869323730469 178.79025268554688 -1 217.535888671875 176.00181579589844 -1 206.85354614257812 167.19392395019531 -1 142.48637390136719 118.12924194335938 498 154.33676147460938 99.216644287109375 -1 199.60592651367188 180.12022399902344 64 145.10455322265625 117.55844879150391 498 4.0481820106506348 82.239524841308594 -1 
90 0.9894197462535117 -0.069736692926066407 -0.11385139133348499 0.056773409927551151 0.99379588404937713 9.0296381070359857 7.2309253246171554 1 000087.png
113.20075988769531 96.30059814453125 -1 84.132583618164062 43.698936462402344 338 126.2935791015625 200.53842163085938 -1 84.132583618164062 43.698936462402344 339 198.68162536621094 73.601974487304688 -1 45.106216430664062 42.561843872070312 340 239.0589599609375 108.26581573486328 299 113.68648529052734 24.437629699707031 -1 232.52703857421875 84.252365112304688 -1 113.68648529052734 24.437629699707031 -1 239.0589599609375 108.26581573486328 -1 239.0589599609375 108.26581573486328 314 128.14511108398438 15.640622138977051 -1 97.846778869628906 30.923086166381836 -1 97.846778869628906 30.923086166381836 -1 84.893653869628906 26.751750946044922 -1 16.428121566772461 49.577869415283203 435 27.438859939575195 47.442588806152344 353 22.702119827270508 60.5989990234375 330 166.72505187988281 80.178024291992188 -1 169.60040283203125 110.11959075927734 -1 6.6324167251586914 69.495643615722656 -1 27.438859939575195 47.442588806152344 429 16.428121566772461 49.577869415283203 -1 166.72505187988281 80.178024291992188 -1 169.60040283203125 110.11959075927734 -1 226.57331848144531 246.24253845214844 -1 226.57331848144531 246.24253845214844 315 188.30406188964844 51.867378234863281 -1 218.29013061523438 180.9271240234375 300 225.86383056640625 189.13005065917969 415 130.3924560546875 175.38804626464844 -1 130.3924560546875 175.38804626464844 -1 130.3924560546875 175.38804626464844 -1 218.85791015625 104.249755859375 343 171.47517395019531 51.690387725830078 -1 159.42796325683594 58.077400207519531 -1 154.03073120117188 90.338134765625 -1 202.56925964355469 245.95506286621094 51 156.59846496582031 78.0645751953125 -1 159.42796325683594 58.077400207519531 -1 166.23359680175781 35.835765838623047 -1 105.2613525390625 13.976849555969238 -1 61.494438171386719 22.253273010253906 500 78.375419616699219 32.414138793945312 467 26.478809356689453 232.93185424804688 393 92.711097717285156 7.3519473075866699 -1 245.58763122558594 120.88623046875 442 168.73959350585938 118.76097106933594 -1 164.23878479003906 103.56555938720703 -1 151.67410278320312 103.72991180419922 -1 174.3759765625 95.476554870605469 -1 164.23878479003906 103.56555938720703 -1 174.3759765625 95.476554870605469 -1 149.71736145019531 69.401039123535156 -1 27.133487701416016 51.713237762451172 -1 27.133487701416016 51.713237762451172 -1 200.65921020507812 57.847995758056641 -1 61.494438171386719 22.253273010253906 318 171.60202026367188 87.850059509277344 -1 149.71736145019531 69.401039123535156 -1 27.133487701416016 51.713237762451172 292 180.60816955566406 44.58892822265625 -1 25.345907211303711 43.045345306396484 301 25.345907211303711 43.045345306396484 302 52.864414215087891 51.161369323730469 -1 160.31724548339844 60.641204833984375 -1 169.92724609375 62.9700927734375 -1 57.529502868652344 42.48431396484375 399 154.89773559570312 65.057296752929688 -1 121.42592620849609 6.4838352203369141 -1 168.52548217773438 53.246025085449219 -1 178.17173767089844 53.315654754638672 -1 160.31724548339844 60.641204833984375 -1 169.92724609375 62.9700927734375 -1 154.89773559570312 65.057296752929688 -1 24.698974609375 66.925682067871094 362 5.0958638191223145 74.277175903320312 -1 169.03741455078125 92.052963256835938 -1 179.66490173339844 94.742912292480469 -1 250.79286193847656 105.77684783935547 -1 149.34524536132812 111.09147644042969 -1 121.42592620849609 6.4838352203369141 -1 20.028003692626953 64.853782653808594 480 108.67427062988281 4.9222126007080078 -1 108.67427062988281 4.9222126007080078 -1 58.367008209228516 37.931987762451172 474 62.204643249511719 39.285301208496094 403 221.59162902832031 172.20838928222656 -1 33.993770599365234 48.541156768798828 326 54.786563873291016 45.763660430908203 -1 164.53260803222656 104.96688842773438 -1 20.028003692626953 64.853782653808594 499 33.993770599365234 48.541156768798828 407 132.63534545898438 182.77070617675781 417 199.69979858398438 252.46539306640625 140 203.6708984375 252.37548828125 141 132.63534545898438 182.77070617675781 418 199.69979858398438 252.46539306640625 141 203.6708984375 252.37548828125 140 248.33589172363281 202.52597045898438 -1 230.92182922363281 182.84762573242188 323 142.40876770019531 116.60920715332031 498 166.38726806640625 108.21198272705078 -1 154.3223876953125 99.257286071777344 -1 166.04490661621094 89.427314758300781 -1 189.06147766113281 64.855857849121094 -1 195.87550354003906 57.130958557128906 -1 30.884754180908203 48.409591674804688 309 63.180046081542969 45.151947021484375 -1 60.950550079345703 43.639507293701172 -1 12.932348251342773 70.00616455078125 360 70.633087158203125 24.32731819152832 402 107.32003784179688 22.106781005859375 -1 79.651802062988281 20.014934539794922 -1 81.839241027832031 18.956169128417969 -1 129.23930358886719 10.553482055664062 -1 34.582950592041016 6.6039004325866699 -1 169.66885375976562 40.080486297607422 -1 113.59449005126953 1.8182775974273682 -1 44.111351013183594 21.278907775878906 349 79.651802062988281 20.014934539794922 -1 44.111351013183594 21.278907775878906 488 89.990386962890625 4.1197609901428223 -1 30.884754180908203 48.409591674804688 348 12.932348251342773 70.00616455078125 413 166.04490661621094 89.427314758300781 -1 166.04490661621094 89.427314758300781 -1 203.87985229492188 174.52537536621094 64 205.75906372070312 151.12724304199219 512 169.66885375976562 40.080486297607422 -1 202.46583557128906 150.68635559082031 512 188.07096862792969 133.51239013671875 363 203.87985229492188 174.52537536621094 63 113.59449005126953 1.8182775974273682 -1 241.40194702148438 191.26884460449219 -1 245.74668884277344 196.00942993164062 -1 81.839241027832031 18.956169128417969 -1 145.08583068847656 117.85752868652344 498 
