# Image list with two lines of data per image:
#   IMAGE_ID, QW, QX, QY, QZ, TX, TY, TZ, CAMERA_ID, NAME
#   POINTS2D[] as (X, Y, POINT3D_ID)
# Number of images: 10, mean observations per image: 186
2 0.99759097965843768 -0.036261964219458091 0.054973095194143222 -0.02180059769458418 -3.0296816024744126 2.0864810807696168 0.28757831820955765 1 0001.png
210.98704528808594 21.552955627441406 126 93.280311584472656 148.85092163085938 795 93.113426208496094 200.48912048339844 539 93.280311584472656 148.85092163085938 766 93.113426208496094 200.48912048339844 793 128.5145263671875 114.88336944580078 813 158.97068786621094 148.43717956542969 868 166.80726623535156 217.18582153320312 757 166.80726623535156 217.18582153320312 770 129.27461242675781 147.90728759765625 840 51.244945526123047 119.11020660400391 735 88.880950927734375 181.64996337890625 541 124.55398559570312 226.91220092773438 790 124.55398559570312 226.91220092773438 833 182.53486633300781 156.74894714355469 9 155.97743225097656 179.32524108886719 803 195.15464782714844 178.98619079589844 748 84.703926086425781 181.00515747070312 280 62.1580810546875 146.85786437988281 769 25.836212158203125 157.44378662109375 818 68.118705749511719 164.66020202636719 10 172.92900085449219 166.90431213378906 132 175.86569213867188 197.16874694824219 733 13.00653076171875 204.14817810058594 819 112.969482421875 170.24205017089844 755 11.206958770751953 194.15069580078125 839 6.1755647659301758 225.20008850097656 878 149.09390258789062 229.26312255859375 852 242.33364868164062 7.7038569450378418 583 163.34359741210938 230.86387634277344 442 26.349172592163086 240.32791137695312 855 11.206958770751953 194.15069580078125 738 149.09390258789062 229.26312255859375 445 149.09390258789062 229.26312255859375 820 25.27850341796875 132.48072814941406 739 17.542085647583008 139.83113098144531 764 20.717525482177734 148.59556579589844 811 59.108478546142578 117.1956787109375 729 14.107048988342285 241.15415954589844 796 34.777126312255859 161.6431884765625 771 114.61963653564453 217.20672607421875 808 171.34341430664062 134.9482421875 892 163.26571655273438 169.03712463378906 831 108.76849365234375 220.82000732421875 758 67.938835144042969 191.51852416992188 799 198.49085998535156 249.41835021972656 307 76.359916687011719 194.46339416503906 588 52.075138092041016 241.75340270996094 842 96.346916198730469 247.97956848144531 163 52.075138092041016 241.75340270996094 842 108.76849365234375 220.82000732421875 864 67.938835144042969 191.51852416992188 773 192.98773193359375 167.80992126464844 858 59.108478546142578 117.1956787109375 889 198.49085998535156 249.41835021972656 308 245.75700378417969 251.2392578125 762 157.62875366210938 194.98715209960938 75 53.520595550537109 206.65692138671875 740 134.64801025390625 218.97897338867188 759 210.57307434082031 218.65245056152344 812 10.913684844970703 219.22914123535156 752 119.41007995605469 223.71414184570312 821 148.19406127929688 207.15486145019531 882 40.102878570556641 170.58729553222656 890 38.071762084960938 124.25355529785156 861 102.71707916259766 131.80473327636719 468 90.734779357910156 172.56828308105469 891 68.958251953125 153.46176147460938 41 54.731548309326172 160.57957458496094 33 92.406211853027344 166.7823486328125 891 115.02464294433594 231.73947143554688 596 210.57307434082031 218.65245056152344 749 134.64801025390625 218.97897338867188 791 148.19406127929688 207.15486145019531 844 157.62875366210938 194.98715209960938 61 68.958251953125 153.46176147460938 46 48.295455932617188 172.15304565429688 880 187.62924194335938 173.73269653320312 251 204.66839599609375 237.25546264648438 -1 132.27449035644531 231.79838562011719 622 115.02464294433594 231.73947143554688 750 49.147838592529297 230.35026550292969 774 58.418262481689453 176.90802001953125 38 29.44532585144043 183.81101989746094 850 38.071762084960938 124.25355529785156 829 31.768955230712891 176.15606689453125 -1 31.768955230712891 176.15606689453125 -1 154.35743713378906 217.61415100097656 343 154.35743713378906 217.61415100097656 342 169.151611328125 225.70988464355469 784 19.020750045776367 219.43965148925781 -1 89.260704040527344 224.73750305175781 172 136.62791442871094 224.55490112304688 737 149.80519104003906 224.64259338378906 788 124.02386474609375 226.3138427734375 814 94.083587646484375 227.03964233398438 851 100.23817443847656 227.99798583984375 731 13.928448677062988 234.99658203125 879 204.14512634277344 238.21014404296875 823 19.843852996826172 243.2515869140625 881 113.22914886474609 99.576980590820312 743 58.681236267089844 131.32652282714844 798 174.06840515136719 176.51884460449219 70 16.227806091308594 194.18650817871094 479 152.36355590820312 201.40708923339844 365 128.76817321777344 216.19894409179688 777 89.260704040527344 224.73750305175781 660 149.80519104003906 224.64259338378906 847 124.02386474609375 226.3138427734375 859 124.02386474609375 226.3138427734375 776 204.45704650878906 223.42877197265625 875 113.22914886474609 99.576980590820312 741 59.049663543701172 124.59284210205078 822 58.681236267089844 131.32652282714844 886 177.30950927734375 133.90826416015625 727 119.27729034423828 146.97190856933594 780 116.07012176513672 151.99333190917969 747 131.68156433105469 165.40000915527344 837 11.82591438293457 176.4931640625 789 174.06840515136719 176.51884460449219 59 178.49586486816406 178.01214599609375 143 67.162139892578125 184.65592956542969 661 163.5616455078125 187.68743896484375 71 71.491966247558594 188.46855163574219 146 19.151527404785156 189.66787719726562 865 14.076655387878418 190.29635620117188 853 171.72175598144531 189.97418212890625 144 9.7108259201049805 189.95657348632812 736 16.227806091308594 194.18650817871094 874 65.363296508789062 196.70188903808594 778 152.36355590820312 201.40708923339844 860 148.73291015625 213.75979614257812 -1 128.76817321777344 216.19894409179688 848 36.845497131347656 187.66624450683594 866 112.70211029052734 228.13670349121094 779 164.71131896972656 196.85800170898438 -1 6.492246150970459 193.20510864257812 744 5.7580471038818359 204.82975769042969 728 20.391731262207031 204.91023254394531 800 153.65467834472656 226.32997131347656 883 49.620708465576172 208.84812927246094 824 90.008773803710938 216.4713134765625 807 99.960243225097656 219.893310546875 843 46.221500396728516 111.84259796142578 -1 32.3701171875 175.36955261230469 -1 80.700523376464844 224.95425415039062 389 18.071826934814453 235.19807434082031 761 119.07919311523438 227.09031677246094 565 20.434343338012695 238.99330139160156 502 83.693717956542969 230.91549682617188 862 45.904811859130859 227.57247924804688 504 112.70211029052734 228.13670349121094 835 11.116147994995117 229.01396179199219 856 187.52841186523438 181.74629211425781 772 15.187357902526855 184.32054138183594 760 55.962512969970703 246.15376281738281 857 6.492246150970459 193.20510864257812 872 153.65467834472656 226.32997131347656 805 46.221500396728516 111.84259796142578 -1 140.10173034667969 158.59555053710938 -1 15.187357902526855 184.32054138183594 832 90.008773803710938 216.4713134765625 607 32.287513732910156 126.71443939208984 781 132.66656494140625 130.94953918457031 809 8.8784313201904297 145.60452270507812 836 4.3904929161071777 152.56022644042969 888 140.10173034667969 158.59555053710938 765 128.52302551269531 168.74417114257812 863 79.669723510742188 174.19354248046875 815 35.208610534667969 181.27259826660156 804 36.190479278564453 154.01570129394531 517 113.38735961914062 221.27101135253906 871 235.44581604003906 249.20600891113281 519 42.980945587158203 247.23648071289062 830 92.695770263671875 250.79022216796875 -1 7.5776324272155762 245.99017333984375 838 250.22320556640625 255.22547912597656 -1 140.28073120117188 97.892601013183594 -1 10.65864372253418 232.35093688964844 -1 103.18563079833984 231.05076599121094 742 94.796249389648438 220.03752136230469 825 5.2643475532531738 219.61328125 522 145.50088500976562 217.29743957519531 523 93.977203369140625 217.32371520996094 825 5.1651163101196289 215.30351257324219 734 134.40557861328125 214.93595886230469 756 8.8876323699951172 209.39927673339844 525 18.497772216796875 207.45118713378906 849 23.215671539306641 206.59619140625 828 20.719654083251953 199.7763671875 -1 171.67314147949219 183.8118896484375 176 22.485128402709961 197.08784484863281 -1 19.366437911987305 196.45645141601562 869 19.33390998840332 155.07231140136719 -1 136.78805541992188 103.97340393066406 730 19.366437911987305 196.45645141601562 751 5.1651163101196289 215.30351257324219 -1 93.977203369140625 217.32371520996094 767 5.2643475532531738 219.61328125 -1 113.31707000732422 130.10537719726562 884 49.910739898681641 142.99018859863281 532 3.3875117301940918 148.9200439453125 754 7.1572809219360352 149.31268310546875 -1 65.415573120117188 149.77874755859375 -1 203.54002380371094 239.23701477050781 823 76.670578002929688 150.80952453613281 785 19.33390998840332 155.07231140136719 -1 10.04271125793457 155.43524169921875 534 17.601356506347656 163.15277099609375 826 13.228229522705078 152.30836486816406 876 79.122428894042969 171.30650329589844 611 63.311729431152344 190.84837341308594 575 40.245315551757812 187.70149230957031 792 63.473400115966797 187.37461853027344 380 159.33232116699219 188.17794799804688 114 63.473400115966797 187.37461853027344 753 47.794002532958984 109.55313110351562 -1 53.254608154296875 220.99659729003906 810 110.14194488525391 100.78912353515625 743 156.39778137207031 214.20005798339844 797 10.071703910827637 148.23643493652344 873 
3 0.9986408128140204 -0.036215326126480527 0.03009092947897573 -0.022349789681262611 -0.26392439786435096 2.0314356539817715 0.20055898637471264 1 0003.png
210.9210205078125 21.066635131835938 126 93.129745483398438 148.66413879394531 795 92.437973022460938 200.37120056152344 -1 92.437973022460938 200.37120056152344 793 93.129745483398438 148.66413879394531 766 128.27340698242188 114.94979095458984 813 158.62039184570312 148.76531982421875 868 167.07015991210938 217.46737670898438 757 167.07015991210938 217.46737670898438 770 156.98162841796875 103.72084045410156 794 129.0869140625 148.02986145019531 840 51.153438568115234 118.89854431152344 735 124.25077819824219 227.00447082519531 833 124.25077819824219 227.00447082519531 790 157.60488891601562 218.31930541992188 -1 63.908004760742188 186.75108337402344 -1 63.908004760742188 186.75108337402344 581 182.57298278808594 157.36029052734375 9 156.44461059570312 179.47846984863281 803 195.1923828125 179.09127807617188 748 85.679832458496094 180.90174865722656 280 63.908004760742188 186.75108337402344 582 240.26937866210938 8.6779689788818359 583 173.22903442382812 167.08168029785156 132 68.672050476074219 164.55638122558594 10 176.34556579589844 197.04499816894531 733 25.22831916809082 157.81011962890625 818 188.91867065429688 146.93925476074219 817 62.000732421875 146.66494750976562 769 27.01654052734375 132.87419128417969 584 25.22831916809082 157.81011962890625 732 13.911702156066895 203.37849426269531 819 112.64450836181641 170.2076416015625 755 13.669449806213379 240.60025024414062 796 26.533731460571289 240.59681701660156 855 148.86137390136719 229.70855712890625 820 11.019016265869141 193.81375122070312 738 34.772800445556641 161.37495422363281 775 148.86137390136719 229.70855712890625 445 25.086193084716797 131.94526672363281 739 17.176425933837891 139.40177917480469 764 20.385730743408203 148.21427917480469 811 34.772800445556641 161.37495422363281 771 11.019016265869141 193.81375122070312 839 5.7576770782470703 224.70761108398438 878 148.86137390136719 229.70855712890625 852 162.99176025390625 231.06578063964844 -1 108.28903198242188 220.87632751464844 758 163.34242248535156 169.126708984375 831 198.44075012207031 249.60096740722656 307 245.60133361816406 252.01396179199219 762 102.34394073486328 163.26312255859375 -1 58.402156829833984 116.86335754394531 889 37.459629058837891 123.33758544921875 861 193.16561889648438 168.25582885742188 858 198.6484375 162.00448608398438 801 171.15240478515625 135.27069091796875 892 96.708580017089844 247.60084533691406 163 126.35030364990234 243.08427429199219 827 67.932106018066406 174.0921630859375 786 68.213569641113281 191.706787109375 799 76.636787414550781 194.45303344726562 588 114.12059783935547 217.429931640625 808 126.35030364990234 243.08427429199219 846 108.28903198242188 220.87632751464844 864 68.213569641113281 191.706787109375 773 37.459629058837891 123.33758544921875 829 58.402156829833984 116.86335754394531 729 157.91183471679688 195.54795837402344 75 48.781993865966797 171.9149169921875 880 148.49308776855469 207.53274536132812 882 80.700462341308594 213.7083740234375 -1 10.352567672729492 218.76866149902344 752 134.06871032714844 218.90447998046875 791 104.94708251953125 126.65199279785156 -1 54.884864807128906 160.43302917480469 33 32.959419250488281 127.46112823486328 781 115.34104919433594 151.59121704101562 747 68.671890258789062 153.27320861816406 46 148.49308776855469 207.53274536132812 844 157.91183471679688 195.54795837402344 61 68.671890258789062 153.27320861816406 41 51.760463714599609 241.57168579101562 842 168.16825866699219 231.41339111328125 784 156.96022033691406 231.09194946289062 763 115.02740478515625 231.48846435546875 750 168.68458557128906 225.81816101074219 784 136.55926513671875 224.57185363769531 737 119.2186279296875 223.64883422851562 821 92.187202453613281 166.84370422363281 891 39.489456176757812 200.17976379394531 -1 54.308788299560547 171.75025939941406 885 122.63992309570312 253.7421875 -1 90.67333984375 172.59159851074219 891 188.03900146484375 174.00135803222656 251 58.814460754394531 176.28562927246094 38 104.94708251953125 126.65199279785156 -1 178.62686157226562 178.66195678710938 143 29.63676643371582 183.45626831054688 850 122.63992309570312 253.7421875 -1 115.02740478515625 231.48846435546875 596 136.55926513671875 224.57185363769531 672 134.06871032714844 218.90447998046875 759 80.700462341308594 213.7083740234375 255 28.051473617553711 149.668212890625 340 58.687164306640625 130.66085815429688 886 49.148674011230469 230.0555419921875 774 58.687164306640625 130.66085815429688 798 177.114990234375 133.93177795410156 727 20.035097122192383 243.70005798339844 881 58.978164672851562 124.36390686035156 822 209.88851928710938 219.58717346191406 812 123.79714202880859 226.28739929199219 814 154.37644958496094 218.04483032226562 342 128.32452392578125 216.16297912597656 777 152.58164978027344 201.96202087402344 365 174.31475830078125 176.71849060058594 70 119.18637847900391 147.072509765625 780 242.25599670410156 249.66213989257812 599 242.25599670410156 249.66213989257812 806 20.709020614624023 239.22441101074219 502 75.728309631347656 159.16802978515625 673 131.48849487304688 165.53265380859375 837 174.31475830078125 176.71849060058594 59 67.418594360351562 184.58659362792969 661 94.487144470214844 227.53636169433594 851 164.04753112792969 187.70236206054688 71 71.568260192871094 188.44963073730469 146 18.836578369140625 189.41123962402344 865 13.945505142211914 189.89715576171875 853 46.586395263671875 238.39053344726562 646 172.22233581542969 189.92706298828125 144 9.0742073059082031 190.59782409667969 736 16.468223571777344 193.62396240234375 874 65.979888916015625 196.74360656738281 778 152.58164978027344 201.96202087402344 860 81.393646240234375 205.5372314453125 601 128.32452392578125 216.16297912597656 848 154.37644958496094 218.04483032226562 343 209.88851928710938 219.58717346191406 749 13.44722843170166 234.40754699707031 879 204.25152587890625 223.35707092285156 875 89.698028564453125 224.86611938476562 172 149.48068237304688 225.42942810058594 788 80.8822021484375 225.54579162597656 389 99.948860168457031 227.8409423828125 731 89.698028564453125 224.86611938476562 660 149.48068237304688 225.42942810058594 847 123.79714202880859 226.28739929199219 776 123.79714202880859 226.28739929199219 859 139.87994384765625 158.60389709472656 765 51.506057739257812 165.50357055664062 -1 128.41148376464844 168.75694274902344 863 35.429359436035156 181.17420959472656 804 187.71461486816406 181.69952392578125 772 14.845244407653809 184.0531005859375 760 37.078720092773438 187.92918395996094 866 5.3730816841125488 204.79441833496094 728 20.113065719604492 204.8135986328125 800 50.084243774414062 208.832763671875 824 90.502426147460938 216.41552734375 807 99.323471069335938 219.92330932617188 843 113.22658538818359 221.32160949707031 871 153.37779235839844 226.80877685546875 883 118.84575653076172 227.29548645019531 565 112.4486083984375 228.15003967285156 835 84.159141540527344 231.28034973144531 862 103.13657379150391 231.01264953613281 742 18.61302375793457 235.19200134277344 761 90.879562377929688 241.03504943847656 261 132.45884704589844 130.9498291015625 809 10.597522735595703 228.50924682617188 856 135.53785705566406 132.41604614257812 406 203.08503723144531 239.23188781738281 823 9.7914667129516602 182.3734130859375 -1 41.372810363769531 242.67527770996094 -1 96.930992126464844 160.32734680175781 675 9.7914667129516602 182.3734130859375 -1 139.87994384765625 158.60389709472656 -1 14.845244407653809 184.0531005859375 832 90.502426147460938 216.41552734375 607 153.37779235839844 226.80877685546875 805 112.4486083984375 228.15003967285156 779 84.159141540527344 231.28034973144531 -1 8.6480283737182617 145.17971801757812 836 80.349594116210938 174.1239013671875 815 143.65388488769531 137.71943664550781 -1 136.27226257324219 106.40210723876953 730 4.1345920562744141 152.05171203613281 888 22.856485366821289 206.91871643066406 828 51.661361694335938 200.92726135253906 657 18.973451614379883 196.08743286132812 869 4.5641908645629883 194.58984375 744 63.363613128662109 190.61567687988281 -1 34.248569488525391 190.155517578125 -1 40.598186492919922 187.93075561523438 792 63.855709075927734 187.1478271484375 380 109.39676666259766 101.04975128173828 743 80.135032653808594 171.0009765625 611 200.4482421875 169.6123046875 263 21.061203002929688 162.85159301757812 867 12.958270072937012 151.85000610351562 876 31.553487777709961 188.98291015625 -1 31.553487777709961 188.98291015625 -1 66.377792358398438 145.50892639160156 854 76.521690368652344 150.37541198730469 408 76.521690368652344 150.37541198730469 785 63.855709075927734 187.1478271484375 753 4.5641908645629883 194.58984375 872 18.973451614379883 196.08743286132812 751 4.1424713134765625 214.83024597167969 410 94.781494140625 217.37176513671875 767 5.3993096351623535 228.53067016601562 -1 40.186576843261719 248.71052551269531 -1 116.44089508056641 152.29862976074219 747 42.950298309326172 246.78736877441406 830 17.531829833984375 162.93653869628906 826 55.528789520263672 245.98094177246094 857 7.1909704208374023 245.51698303222656 838 40.186576843261719 248.71052551269531 -1 5.3993096351623535 228.53067016601562 -1 127.07472229003906 227.86557006835938 -1 3.0757436752319336 148.40705871582031 754 9.7682094573974609 147.76358032226562 873 66.377792358398438 145.50892639160156 877 113.01099395751953 130.24783325195312 884 94.781494140625 217.37176513671875 -1 4.1424713134765625 214.83024597167969 734 18.201560974121094 207.52244567871094 849 106.23744964599609 156.78660583496094 400 85.740570068359375 139.19340515136719 423 53.767585754394531 220.99378967285156 810 
4 0.99813817114429582 -0.03641062465548673 0.043717849643367585 -0.021981977606160368 -1.7846946224313729 2.042744080825075 0.22936181712903095 1 0004.png
210.82026672363281 20.623437881469727 126 92.923309326171875 148.93006896972656 795 92.532546997070312 200.47271728515625 -1 92.923309326171875 148.93006896972656 766 92.532546997070312 200.47271728515625 -1 146.177490234375 76.314735412597656 631 128.22500610351562 114.89649963378906 813 158.58309936523438 148.34463500976562 868 166.64520263671875 217.20521545410156 757 166.64520263671875 217.20521545410156 770 157.06826782226562 103.28977966308594 794 129.04301452636719 148.04534912109375 840 51.160335540771484 118.91812133789062 735 88.401023864746094 181.76963806152344 541 124.21702575683594 226.94671630859375 790 124.21702575683594 226.94671630859375 833 156.9166259765625 179.07295227050781 803 175.75144958496094 196.48945617675781 733 181.90725708007812 156.72892761230469 9 194.87710571289062 179.19667053222656 748 83.671745300292969 180.94033813476562 280 175.75144958496094 196.48945617675781 768 27.017261505126953 132.87474060058594 584 62.000762939453125 146.65882873535156 769 188.91914367675781 146.95768737792969 817 25.279779434204102 157.74444580078125 818 68.125717163085938 164.53886413574219 10 172.55549621582031 166.92747497558594 132 112.49765014648438 170.1907958984375 755 161.29435729980469 191.91769409179688 -1 13.914579391479492 203.37643432617188 819 25.279779434204102 157.74444580078125 732 11.014204978942871 193.81716918945312 839 5.7602858543395996 224.70756530761719 878 148.77430725097656 229.66398620605469 820 134.9356689453125 237.67095947265625 668 26.17779541015625 240.08868408203125 855 99.975944519042969 125.72673034667969 -1 148.77430725097656 229.66398620605469 852 34.646522521972656 161.49063110351562 775 11.014204978942871 193.81716918945312 738 34.646522521972656 161.49063110351562 771 99.975944519042969 125.72673034667969 -1 25.087102890014648 131.94584655761719 739 17.17640495300293 139.40176391601562 764 20.378740310668945 148.21620178222656 811 96.1812744140625 248.50642395019531 163 108.26625061035156 220.93324279785156 758 198.27656555175781 249.63368225097656 307 162.599853515625 169.11601257324219 831 125.79463195800781 242.95518493652344 827 245.49717712402344 251.75886535644531 762 198.54707336425781 161.86029052734375 801 58.390060424804688 116.85942077636719 889 192.77078247070312 168.05604553222656 858 76.10418701171875 194.5782470703125 -1 67.233299255371094 174.0506591796875 786 67.536087036132812 191.42288208007812 799 114.07182312011719 217.54505920410156 808 171.15403747558594 135.27317810058594 892 37.459720611572266 123.33788299560547 861 13.244786262512207 240.55267333984375 796 51.736579895019531 241.204345703125 842 198.27656555175781 249.63368225097656 308 96.1812744140625 248.50642395019531 -1 125.79463195800781 242.95518493652344 846 108.26625061035156 220.93324279785156 864 67.536087036132812 191.42288208007812 773 37.459720611572266 123.33788299560547 829 58.390060424804688 116.85942077636719 729 10.351071357727051 218.76876831054688 752 77.155227661132812 219.05831909179688 -1 134.03633117675781 218.93649291992188 759 119.18666839599609 223.72039794921875 821 168.65669250488281 225.81553649902344 784 115.00764465332031 231.48126220703125 750 68.656646728515625 153.26533508300781 41 181.47676086425781 171.7938232421875 -1 68.656646728515625 153.26533508300781 46 32.959419250488281 127.46112823486328 781 104.57260894775391 126.65883636474609 -1 115.43570709228516 151.68037414550781 747 53.199386596679688 206.56109619140625 740 168.14840698242188 231.41287231445312 784 156.95750427246094 231.08943176269531 763 39.998031616210938 170.57649230957031 890 48.158870697021484 171.80769348144531 880 147.78599548339844 207.156982421875 882 53.528961181640625 171.80757141113281 885 187.39596557617188 173.74368286132812 251 58.087398529052734 176.39299011230469 38 70.306938171386719 179.18453979492188 -1 178.01148986816406 178.22647094726562 143 54.514789581298828 160.42338562011719 33 104.57260894775391 126.65883636474609 -1 29.459657669067383 183.507568359375 850 191.42817687988281 197.16122436523438 139 115.00764465332031 231.48126220703125 -1 134.03633117675781 218.93649291992188 791 147.78599548339844 207.156982421875 844 182.98564147949219 178.03538513183594 -1 27.93779182434082 149.67060852050781 340 182.98564147949219 178.03538513183594 834 153.88902282714844 217.62208557128906 343 177.14642333984375 134.07752990722656 727 58.688140869140625 130.6602783203125 798 153.88902282714844 217.62208557128906 342 58.688140869140625 130.6602783203125 886 242.44158935546875 249.65069580078125 806 173.52641296386719 176.65144348144531 70 163.04421997070312 187.70628356933594 169 152.10386657714844 201.15414428710938 365 128.4156494140625 216.16940307617188 777 209.47732543945312 219.11752319335938 749 149.46534729003906 225.05778503417969 847 123.80027008056641 226.2681884765625 859 123.80027008056641 226.2681884765625 776 99.981880187988281 228.00820922851562 -1 242.44158935546875 249.65069580078125 599 89.005706787109375 224.94670104980469 172 58.983226776123047 124.36812591552734 822 11.950647354125977 175.87489318847656 789 119.2396240234375 147.08476257324219 780 131.41777038574219 165.59956359863281 837 186.59730529785156 166.66726684570312 -1 31.729061126708984 176.19935607910156 -1 173.52641296386719 176.65144348144531 59 66.584190368652344 184.46942138671875 -1 163.04421997070312 187.70628356933594 71 18.749860763549805 189.423583984375 865 13.918212890625 189.90090942382812 853 171.34255981445312 189.86143493652344 144 9.0740900039672852 190.59710693359375 736 16.4427490234375 193.63606262207031 874 65.232528686523438 196.51751708984375 778 152.10386657714844 201.15414428710938 860 80.245506286621094 203.55171203613281 -1 128.4156494140625 216.16940307617188 848 209.47732543945312 219.11752319335938 812 204.21617126464844 223.15556335449219 875 136.10301208496094 224.44503784179688 737 149.46534729003906 225.05778503417969 788 123.80027008056641 226.2681884765625 814 93.902816772460938 227.28559875488281 851 99.981880187988281 228.00820922851562 731 13.50391674041748 234.40020751953125 879 19.64848518371582 242.90875244140625 881 96.6185302734375 160.51083374023438 675 9.7914314270019531 182.3734130859375 -1 14.786914825439453 184.06642150878906 760 36.601112365722656 187.18861389160156 866 164.2149658203125 196.61918640136719 -1 9.7914314270019531 182.3734130859375 -1 139.88211059570312 158.61677551269531 -1 5.3730816841125488 204.79441833496094 728 20.113065719604492 204.8135986328125 800 49.337764739990234 208.84846496582031 824 153.41764831542969 226.77546691894531 883 89.732528686523438 216.73185729980469 807 99.279556274414062 219.92144775390625 843 41.195781707763672 242.35670471191406 -1 143.60885620117188 101.72949981689453 653 91.846153259277344 220.99339294433594 -1 132.44595336914062 130.78021240234375 809 135.53636169433594 132.24656677246094 406 70.941253662109375 188.49168395996094 146 8.6480283737182617 145.17971801757812 836 4.1345920562744141 152.05171203613281 888 139.88211059570312 158.61677551269531 765 80.42462158203125 225.28129577636719 389 50.804866790771484 165.56442260742188 -1 128.47393798828125 168.79098510742188 863 80.107673645019531 174.27987670898438 815 203.14881896972656 239.31295776367188 823 34.954719543457031 180.57241821289062 804 14.786914825439453 184.06642150878906 832 89.732528686523438 216.73185729980469 -1 91.846153259277344 220.99339294433594 671 153.41764831542969 226.77546691894531 805 112.42983245849609 228.19053649902344 779 83.426986694335938 231.16419982910156 -1 118.81846618652344 227.18092346191406 565 112.42983245849609 228.19053649902344 835 10.576943397521973 228.51861572265625 856 83.426986694335938 231.16419982910156 862 17.945821762084961 235.18731689453125 761 19.880359649658203 238.786376953125 -1 90.397247314453125 242.137451171875 261 127.17901611328125 227.89149475097656 -1 113.08760070800781 221.39422607421875 871 53.062297821044922 220.94387817382812 810 4.1424713134765625 214.83024597167969 734 18.201560974121094 207.52244567871094 849 22.856485366821289 206.91871643066406 828 50.97027587890625 200.85035705566406 657 159.09837341308594 197.74897766113281 417 18.973505020141602 196.08746337890625 869 4.5641908645629883 194.58984375 744 62.929187774658203 190.67744445800781 -1 33.760910034179688 189.45999145507812 -1 40.0472412109375 187.30661010742188 792 63.160263061523438 187.07980346679688 -1 131.789794921875 175.02297973632812 -1 32.489818572998047 174.23793029785156 -1 79.053054809570312 171.20809936523438 -1 200.44844055175781 169.61241149902344 263 20.971027374267578 162.81196594238281 867 3.0757436752319336 148.40705871582031 754 17.449625015258789 162.87661743164062 826 116.40339660644531 152.29913330078125 747 66.377792358398438 145.50892639160156 854 76.521690368652344 150.37541198730469 408 63.160263061523438 187.07980346679688 753 4.5641908645629883 194.58984375 872 18.973505020141602 196.08746337890625 751 4.1424713134765625 214.83024597167969 410 5.3993096351623535 228.53067016601562 -1 109.39774322509766 101.05388641357422 -1 136.709228515625 104.12776947021484 730 145.004638671875 123.80918121337891 -1 113.00584411621094 130.18682861328125 884 114.61508178710938 137.21025085449219 -1 49.767913818359375 142.50453186035156 532 12.958270072937012 151.85000610351562 876 96.577278137207031 236.13554382324219 -1 66.377792358398438 145.50892639160156 877 9.7682094573974609 147.76358032226562 873 140.15519714355469 97.812004089355469 -1 76.521690368652344 150.37541198730469 785 55.528835296630859 245.98103332519531 857 42.665668487548828 246.84970092773438 830 200.44412231445312 237.81094360351562 -1 7.2185482978820801 245.47947692871094 838 102.97574615478516 231.03871154785156 742 5.3993096351623535 228.53067016601562 -1 144.88864135742188 217.23249816894531 523 155.98127746582031 214.16067504882812 797 85.740570068359375 139.19340515136719 423 
5 0.99777326409946832 -0.036378652031582637 0.051492948767771746 -0.02176197031192947 -2.650641318669229 2.0651347636728858 0.27006995847768145 1 0002.png
211.02406311035156 21.304121017456055 126 92.941314697265625 148.81623840332031 795 93.032646179199219 200.18696594238281 -1 92.941314697265625 148.81623840332031 766 93.032646179199219 200.18696594238281 793 128.36581420898438 114.91358947753906 813 158.68966674804688 148.2059326171875 868 166.58384704589844 217.22207641601562 757 166.58384704589844 217.22207641601562 770 157.01011657714844 103.80607604980469 794 129.12001037597656 147.96492004394531 840 88.615585327148438 181.56794738769531 541 124.25018310546875 227.06785583496094 833 124.25018310546875 227.06785583496094 790 51.147556304931641 118.87281036376953 735 194.82327270507812 179.241943359375 748 181.77214050292969 156.53704833984375 9 155.31307983398438 179.32383728027344 803 176.48922729492188 218.84660339355469 -1 62.947132110595703 186.77865600585938 -1 62.947132110595703 186.77865600585938 581 62.947132110595703 186.77865600585938 582 84.807540893554688 180.88850402832031 280 27.015491485595703 132.87351989746094 584 25.252519607543945 157.80648803710938 818 68.003067016601562 164.51910400390625 10 172.30525207519531 167.01510620117188 132 160.93214416503906 192.12216186523438 -1 175.58241271972656 196.86045837402344 733 13.911088943481445 203.37840270996094 819 61.994781494140625 146.66450500488281 769 25.252519607543945 157.80648803710938 732 112.89940643310547 170.13621520996094 755 5.7583222389221191 224.70726013183594 878 148.89413452148438 229.6904296875 820 163.04345703125 231.02723693847656 -1 20.383953094482422 148.21363830566406 811 134.91635131835938 237.75633239746094 -1 26.119817733764648 240.206298828125 855 148.89413452148438 229.6904296875 852 11.02089786529541 193.81253051757812 738 34.815963745117188 161.2962646484375 775 17.174657821655273 139.39932250976562 764 240.97178649902344 7.471367359161377 583 25.086275100708008 131.94500732421875 739 34.815963745117188 161.2962646484375 771 192.956787109375 167.74479675292969 858 11.02089786529541 193.81253051757812 839 134.91635131835938 237.75633239746094 -1 67.091209411621094 174.03564453125 786 53.243583679199219 206.72703552246094 740 58.415260314941406 116.8681640625 729 37.459400177001953 123.33688354492188 861 108.36838531494141 220.80892944335938 758 114.29948425292969 217.33073425292969 808 13.105278015136719 240.68098449707031 796 7.0054316520690918 241.11770629882812 -1 51.731166839599609 241.18760681152344 842 125.79232025146484 243.00137329101562 827 197.93101501464844 249.37831115722656 307 197.93101501464844 249.37831115722656 308 125.79232025146484 243.00137329101562 846 67.542762756347656 191.41331481933594 773 37.459400177001953 123.33688354492188 829 58.415260314941406 116.8681640625 889 245.51039123535156 251.74020385742188 762 198.46363830566406 160.98710632324219 801 171.31297302246094 135.19981384277344 892 204.52117919921875 236.68234252929688 -1 75.8125 194.37825012207031 588 162.4150390625 169.18565368652344 831 67.542762756347656 191.41331481933594 799 108.36838531494141 220.80892944335938 864 190.81526184082031 197.322998046875 139 38.485515594482422 200.2105712890625 -1 147.63444519042969 207.29367065429688 882 77.02899169921875 207.65489196777344 -1 10.351315498352051 218.76875305175781 752 119.18144226074219 223.83268737792969 821 149.48814392089844 224.81370544433594 788 168.73446655273438 225.80569458007812 784 48.652645111083984 230.15902709960938 774 115.04389953613281 231.49578857421875 750 157.07562255859375 231.10604858398438 763 77.02899169921875 207.65489196777344 -1 168.47628784179688 231.41792297363281 784 95.821884155273438 248.64405822753906 163 105.00161743164062 126.64614868164062 -1 134.04011535644531 218.93423461914062 759 113.19509887695312 99.880508422851562 741 32.959419250488281 127.46112823486328 781 105.00161743164062 126.64614868164062 -1 68.651657104492188 153.25944519042969 41 53.829910278320312 160.84085083007812 33 95.821884155273438 248.64405822753906 -1 115.04389953613281 231.49578857421875 596 149.48814392089844 224.81370544433594 847 134.04011535644531 218.93423461914062 791 147.63444519042969 207.29367065429688 844 68.651657104492188 153.25944519042969 46 113.19509887695312 99.880508422851562 -1 39.99554443359375 170.53067016601562 890 53.093082427978516 171.86483764648438 885 47.498561859130859 172.18428039550781 880 90.789627075195312 172.58438110351562 891 187.01869201660156 173.6317138671875 251 57.568500518798828 176.51336669921875 38 92.33648681640625 166.81333923339844 891 29.516817092895508 183.50975036621094 850 209.96232604980469 218.73410034179688 812 64.754669189453125 196.64897155761719 778 209.96232604980469 218.73410034179688 749 157.19505310058594 194.91999816894531 75 64.754669189453125 196.64897155761719 -1 157.19505310058594 194.91999816894531 61 28.055624008178711 149.66302490234375 340 58.694282531738281 130.66162109375 886 153.88011169433594 217.6763916015625 342 153.88011169433594 217.6763916015625 343 58.694282531738281 130.66162109375 798 123.77947998046875 226.32952880859375 814 58.980449676513672 124.36806488037109 822 177.38751220703125 134.68206787109375 727 119.23690032958984 147.11050415039062 780 115.93454742431641 151.96748352050781 747 131.49942016601562 165.46121215820312 837 186.32920837402344 166.64434814453125 -1 173.33261108398438 176.60639953613281 59 177.86465454101562 177.629638671875 143 182.6165771484375 177.74388122558594 -1 162.81150817871094 187.6920166015625 71 18.951791763305664 189.39274597167969 865 13.972479820251465 189.89323425292969 853 171.122314453125 189.78691101074219 144 9.074244499206543 190.59791564941406 736 16.497303009033203 193.60612487792969 874 164.5355224609375 196.54147338867188 -1 151.8363037109375 201.44253540039062 860 80.014381408691406 203.55961608886719 601 128.28453063964844 216.14341735839844 777 204.22712707519531 223.37179565429688 875 88.697052001953125 224.86604309082031 172 136.10017395019531 224.44590759277344 737 93.71722412109375 227.59431457519531 851 100.02210235595703 227.73689270019531 -1 13.387321472167969 234.42753601074219 879 203.67878723144531 238.20332336425781 823 41.232669830322266 241.95118713378906 -1 19.538291931152344 243.14054870605469 881 242.43051147460938 249.60224914550781 806 173.33261108398438 176.60639953613281 70 182.6165771484375 177.74388122558594 834 182.6165771484375 177.74388122558594 -1 151.8363037109375 201.44253540039062 365 128.28453063964844 216.14341735839844 848 123.77947998046875 226.32952880859375 859 123.77947998046875 226.32952880859375 776 100.02210235595703 227.73689270019531 731 242.43051147460938 249.60224914550781 599 34.681850433349609 181.23753356933594 804 112.4542236328125 228.10816955566406 835 112.91610717773438 130.54989624023438 884 132.57431030273438 131.03099060058594 809 8.6480283737182617 145.17971801757812 836 4.1345920562744141 152.05171203613281 888 71.118133544921875 188.07766723632812 146 139.90664672851562 158.59498596191406 765 10.600557327270508 228.50814819335938 856 79.88043212890625 174.08612060546875 815 9.791478157043457 182.3734130859375 -1 186.72564697265625 181.2978515625 772 14.870944976806641 184.04794311523438 760 36.321231842041016 187.38101196289062 866 63.275836944580078 187.44889831542969 380 62.279434204101562 190.74758911132812 -1 9.791478157043457 182.3734130859375 -1 5.3730816841125488 204.79441833496094 728 20.113065719604492 204.8135986328125 800 143.4005126953125 207.01263427734375 384 83.056884765625 231.30403137207031 862 49.100833892822266 208.80946350097656 824 89.505645751953125 216.41349792480469 807 99.485450744628906 219.66464233398438 843 80.127006530761719 225.29977416992188 389 153.57377624511719 226.74385070800781 883 14.870944976806641 184.04794311523438 832 63.275836944580078 187.44889831542969 753 62.279434204101562 190.74758911132812 -1 89.505645751953125 216.41349792480469 607 153.57377624511719 226.74385070800781 805 112.4542236328125 228.10816955566406 779 103.16332244873047 230.92732238769531 742 18.366893768310547 235.29594421386719 761 19.82769775390625 238.93478393554688 -1 90.08380126953125 242.343994140625 261 4.5641908645629883 194.58984375 744 39.8665771484375 187.54924011230469 792 170.9263916015625 183.7265625 176 79.414787292480469 170.990966796875 611 109.56140899658203 100.68335723876953 743 50.410728454589844 165.65780639648438 -1 21.075485229492188 162.97320556640625 867 17.599525451660156 162.95477294921875 826 106.05673980712891 156.64665222167969 400 12.958270072937012 151.85000610351562 876 76.521690368652344 150.37541198730469 785 3.0757436752319336 148.40705871582031 754 9.7682094573974609 147.76358032226562 873 66.377792358398438 145.50892639160156 877 135.48027038574219 132.51168823242188 406 142.57669067382812 128.83963012695312 -1 145.64642333984375 120.88609313964844 -1 66.377792358398438 145.50892639160156 854 76.521690368652344 150.37541198730469 408 4.5641908645629883 194.58984375 872 18.973424911499023 196.08740234375 751 4.1424713134765625 214.83024597167969 410 93.452682495117188 217.32527160644531 767 5.3993096351623535 228.53067016601562 -1 5.3993096351623535 228.53067016601562 -1 128.333251953125 168.80987548828125 863 42.665576934814453 246.84954833984375 830 93.452682495117188 217.32527160644531 -1 4.1424713134765625 214.83024597167969 734 136.70927429199219 104.12766265869141 730 127.18327331542969 227.90193176269531 -1 18.201560974121094 207.52244567871094 849 22.856485366821289 206.91871643066406 828 159.00459289550781 197.95223999023438 417 18.973424911499023 196.08740234375 869 140.12382507324219 97.814476013183594 -1 113.19563293457031 221.21087646484375 871 96.155876159667969 235.77546691894531 -1 7.1815557479858398 245.59161376953125 838 55.528835296630859 245.98103332519531 857 52.760467529296875 220.98724365234375 810 144.88729858398438 217.23089599609375 523 85.740570068359375 139.19340515136719 423 35.762184143066406 169.3623046875 -1 155.95367431640625 214.16693115234375 797 
6 0.99673207235251782 -0.075947926340471775 0.007596875299473684 -0.02644571636620198 2.1310578511053562 -2.4575421678630653 0.18343254034787268 1 0009.png
209.50865173339844 19.402656555175781 126 44.890949249267578 141.96084594726562 629 92.245323181152344 151.60214233398438 795 44.890949249267578 141.96084594726562 630 92.245323181152344 151.60214233398438 766 146.49310302734375 79.380081176757812 631 127.31587982177734 117.61081695556641 813 157.69363403320312 150.9283447265625 868 152.83747863769531 89.779525756835938 -1 166.28398132324219 219.86553955078125 757 166.28398132324219 219.86553955078125 770 156.61640930175781 105.84217834472656 794 128.0860595703125 151.14584350585938 840 128.0860595703125 151.14584350585938 -1 50.363948822021484 120.75997161865234 735 63.277259826660156 187.46284484863281 582 63.277259826660156 187.46284484863281 -1 175.160888671875 198.06474304199219 -1 105.43460083007812 226.95582580566406 -1 105.43460083007812 226.95582580566406 -1 155.09971618652344 182.16059875488281 803 195.30987548828125 182.66316223144531 748 63.277259826660156 187.46284484863281 581 175.160888671875 198.06474304199219 733 105.43460083007812 226.95582580566406 -1 123.92292022705078 230.52816772460938 790 60.035926818847656 129.94406127929688 -1 187.83224487304688 148.85340881347656 817 24.204940795898438 160.05168151855469 818 67.698493957519531 164.95132446289062 10 172.56524658203125 167.18968200683594 132 24.204940795898438 160.05168151855469 732 181.0059814453125 157.64102172851562 9 181.0059814453125 157.64102172851562 -1 54.167209625244141 209.83741760253906 740 12.981796264648438 206.27537536621094 819 116.84951019287109 130.31045532226562 -1 25.250471115112305 243.5101318359375 855 133.82342529296875 240.49136352539062 -1 162.32798767089844 234.64369201660156 442 16.630844116210938 141.60002136230469 764 147.55757141113281 232.99269104003906 820 12.614060401916504 232.80575561523438 -1 4.5446972846984863 227.73692321777344 878 10.105246543884277 196.46875 738 66.86407470703125 175.92752075195312 786 33.957374572753906 163.820556640625 775 19.737216949462891 150.413330078125 811 24.433998107910156 134.1314697265625 739 161.00474548339844 180.23159790039062 -1 162.13349914550781 171.79090881347656 831 10.105246543884277 196.46875 839 147.55757141113281 232.99269104003906 445 147.55757141113281 232.99269104003906 852 33.957374572753906 163.820556640625 771 12.192161560058594 244.29515075683594 796 57.838577270507812 118.865234375 889 57.838577270507812 118.865234375 729 68.702468872070312 153.56590270996094 46 68.702468872070312 153.56590270996094 41 193.29829406738281 170.96737670898438 858 73.967254638671875 182.52029418945312 -1 113.42856597900391 220.89122009277344 808 107.70771789550781 224.37400817871094 758 51.314052581787109 243.26951599121094 842 6.0272064208984375 244.37693786621094 -1 51.314052581787109 243.26951599121094 842 107.70771789550781 224.37400817871094 864 58.014186859130859 176.85734558105469 38 39.544765472412109 172.35542297363281 890 181.65853881835938 171.39952087402344 -1 53.307682037353516 171.95536804199219 885 199.48190307617188 166.42349243164062 801 124.55220031738281 245.24372863769531 827 124.55220031738281 245.24372863769531 -1 133.146240234375 222.10128784179688 791 9.6944208145141602 221.53218078613281 -1 54.149608612060547 160.58338928222656 33 61.335132598876953 157.51995849609375 -1 145.50509643554688 131.60406494140625 -1 115.60181427001953 130.75032043457031 -1 32.364479064941406 129.57102966308594 781 109.60012817382812 123.09587097167969 -1 95.9071044921875 247.13955688476562 163 101.95873260498047 133.7076416015625 468 114.89585876464844 235.39009094238281 750 187.39364624023438 174.11276245117188 251 156.547119140625 234.59672546386719 763 97.403961181640625 231.53054809570312 636 133.146240234375 222.10128784179688 759 88.979110717773438 222.90129089355469 172 9.6944208145141602 221.53218078613281 752 191.49385070800781 197.29866027832031 139 28.603744506835938 185.67118835449219 850 18.494928359985352 246.66267395019531 881 178.22132873535156 178.12057495117188 143 111.30265045166016 133.30807495117188 884 149.27738952636719 228.82884216308594 788 118.18515777587891 228.98263549804688 821 123.39120483398438 229.38948059082031 814 86.749588012695312 230.73910522460938 -1 102.06165313720703 235.43885803222656 -1 19.557157516479492 242.4666748046875 502 40.224628448486328 245.21672058105469 -1 242.12103271484375 250.63734436035156 -1 57.829795837402344 132.33122253417969 886 173.48063659667969 176.89337158203125 59 10.580062866210938 178.46934509277344 789 163.09747314453125 187.85163879394531 169 156.85929870605469 195.61958312988281 61 16.034454345703125 196.22921752929688 479 65.928031921386719 196.67713928222656 799 149.68919372558594 204.87510681152344 -1 127.45682525634766 219.52381896972656 848 208.64785766601562 220.80928039550781 812 149.27738952636719 228.82884216308594 847 242.12103271484375 250.63734436035156 -1 134.19654846191406 228.12240600585938 737 26.819782257080078 127.91204071044922 -1 57.829795837402344 132.33122253417969 798 114.89545440673828 154.37237548828125 747 35.430580139160156 157.0816650390625 517 173.48063659667969 176.89337158203125 70 10.580062866210938 178.46934509277344 -1 163.09747314453125 187.85163879394531 71 170.91619873046875 190.52603149414062 144 18.114168167114258 192.00262451171875 865 8.3035717010498047 192.89616394042969 736 13.043118476867676 192.53498840332031 853 156.85929870605469 195.61958312988281 75 16.034454345703125 196.22921752929688 874 65.928031921386719 196.67713928222656 778 149.68919372558594 204.87510681152344 -1 23.568325042724609 207.58442687988281 828 85.506736755371094 214.96369934082031 -1 127.45682525634766 219.52381896972656 777 208.64785766601562 220.80928039550781 749 84.231498718261719 223.03662109375 -1 204.06283569335938 224.79837036132812 875 152.95162963867188 230.24154663085938 883 18.480319976806641 176.71586608886719 -1 15.248117446899414 177.96699523925781 -1 187.20216369628906 181.71011352539062 772 33.868778228759766 183.69993591308594 804 13.621984481811523 186.71432495117188 832 35.577999114990234 189.91856384277344 866 10.13794994354248 231.38179016113281 856 50.172943115234375 203.23207092285156 -1 4.6319637298583984 207.42715454101562 728 111.63602447509766 232.06336975097656 835 168.12266540527344 177.65299987792969 -1 19.32377815246582 207.59176635742188 800 48.68408203125 211.26225280761719 824 143.59429931640625 220.09332275390625 523 155.44233703613281 216.70639038085938 797 3.1138222217559814 154.03192138671875 888 98.84100341796875 223.37777709960938 843 112.76708984375 225.52354431152344 871 45.196022033691406 229.78338623046875 504 131.61265563964844 133.00840759277344 809 7.8145384788513184 147.49110412597656 836 94.507240295410156 230.17463684082031 851 142.02667236328125 156.41311645507812 -1 84.597938537597656 234.67507934570312 862 143.59429931640625 220.09332275390625 -1 18.480319976806641 176.71586608886719 -1 15.248117446899414 177.96699523925781 -1 13.621984481811523 186.71432495117188 760 152.95162963867188 230.24154663085938 805 111.63602447509766 232.06336975097656 779 17.709747314453125 238.09172058105469 761 203.19342041015625 240.94302368164062 823 202.88368225097656 250.22273254394531 -1 57.907859802246094 126.17771148681641 822 54.679859161376953 128.74632263183594 -1 2.3021059036254883 150.71598815917969 754 27.975530624389648 152.88331604003906 340 25.812225341796875 155.11921691894531 -1 8.9251289367675781 157.20158386230469 534 30.325323104858398 162.68962097167969 -1 12.182314872741699 154.09925842285156 876 127.33909606933594 172.51063537597656 863 79.156806945800781 202.11782836914062 -1 123.74553680419922 228.32716369628906 -1 105.87727355957031 228.6571044921875 654 54.903076171875 248.32972717285156 857 48.9644775390625 144.13169860839844 532 49.977447509765625 221.59379577636719 -1 133.12933349609375 218.024658203125 756 167.6591796875 216.43199157714844 -1 7.7259931564331055 211.63909912109375 525 4.4874477386474609 210.47817993164062 -1 17.411008834838867 210.09590148925781 849 142.47329711914062 209.73310852050781 -1 18.611156463623047 198.64384460449219 869 3.6457798480987549 197.44566345214844 744 4.3439006805419922 192.888671875 -1 39.191738128662109 189.67985534667969 792 15.673323631286621 189.20625305175781 -1 5.4711565971374512 189.07481384277344 -1 172.25962829589844 173.70372009277344 -1 133.82070922851562 170.30665588378906 837 19.702136993408203 165.09823608398438 867 142.88743591308594 100.13839721679688 -1 22.309404373168945 129.5423583984375 -1 66.020011901855469 147.47015380859375 -1 5.4711565971374512 189.07481384277344 -1 142.88743591308594 100.13839721679688 -1 3.6457798480987549 197.44566345214844 872 18.611156463623047 198.64384460449219 751 135.82212829589844 107.13322448730469 730 123.74553680419922 228.32716369628906 -1 237.82107543945312 249.5052490234375 599 54.093814849853516 114.89687347412109 -1 34.005222320556641 128.97006225585938 -1 22.309404373168945 129.5423583984375 -1 144.2156982421875 130.48104858398438 -1 26.885515213012695 131.19906616210938 -1 3.8190207481384277 221.91659545898438 522 141.6942138671875 131.43991088867188 -1 114.36848449707031 131.726806640625 -1 120.88051605224609 136.76463317871094 -1 41.998291015625 249.59683227539062 830 237.82107543945312 249.5052490234375 -1 5.9002594947814941 248.73200988769531 838 235.50144958496094 251.02876281738281 519 66.020011901855469 147.47015380859375 -1 9.0798063278198242 149.97611999511719 873 109.07971954345703 235.12306213378906 -1 4.3439006805419922 192.888671875 -1 166.97914123535156 187.88421630859375 -1 12.719936370849609 225.97035217285156 -1 85.347564697265625 141.10176086425781 -1 131.22947692871094 219.96192932128906 -1 
7 0.9961287931100824 -0.083054859900918418 -0.0053148781987829236 -0.028303177447450395 3.5494121582589799 -3.2921838240410457 0.20816913041544968 1 0010.png
209.43815612792969 19.577957153320312 126 44.764312744140625 142.58013916015625 -1 92.351615905761719 152.16778564453125 795 44.764312744140625 142.58013916015625 -1 147.71257019042969 82.60748291015625 -1 127.33067321777344 118.05368041992188 813 158.030029296875 150.06910705566406 868 156.67332458496094 105.78050231933594 794 128.06546020507812 151.52494812011719 840 50.390937805175781 121.26678466796875 735 87.924613952636719 185.78900146484375 541 175.32626342773438 198.31610107421875 768 105.52909851074219 227.64788818359375 -1 175.32626342773438 198.31610107421875 733 105.52909851074219 227.64788818359375 -1 123.91529083251953 231.59451293945312 790 105.52909851074219 227.64788818359375 -1 63.865779876708984 188.12007141113281 -1 63.865779876708984 188.12007141113281 -1 195.62049865722656 183.1727294921875 748 63.865779876708984 188.12007141113281 -1 123.35666656494141 94.287910461425781 -1 60.131385803222656 130.50263977050781 -1 187.51376342773438 148.93409729003906 817 181.10411071777344 157.7672119140625 9 67.962142944335938 165.04576110839844 10 172.86405944824219 167.08015441894531 132 24.165744781494141 160.59129333496094 818 54.817272186279297 211.72662353515625 740 24.165744781494141 160.59129333496094 732 111.39308166503906 174.51211547851562 755 181.10411071777344 157.7672119140625 -1 220.72296142578125 215.26719665527344 -1 12.842348098754883 206.91693115234375 819 220.72296142578125 215.26719665527344 -1 147.52912902832031 233.39518737792969 820 147.52912902832031 233.39518737792969 852 16.510488510131836 142.18988037109375 764 19.656858444213867 150.90087890625 811 34.221298217773438 164.15834045410156 775 162.37469482421875 172.08964538574219 831 67.476509094238281 176.29327392578125 786 9.8562307357788086 197.09962463378906 839 56.207557678222656 197.90164184570312 -1 188.00828552246094 205.62142944335938 -1 4.4461417198181152 228.41555786132812 878 133.6092529296875 241.21165466308594 668 10.894619941711426 244.80654907226562 796 9.8562307357788086 197.09962463378906 738 137.03251647949219 94.289260864257812 -1 34.221298217773438 164.15834045410156 771 25.381858825683594 244.33860778808594 855 116.93035888671875 130.38491821289062 -1 24.373973846435547 134.56658935546875 739 58.209445953369141 119.40701293945312 729 47.322441101074219 173.68058776855469 880 75.998748779296875 193.12423706054688 -1 51.466480255126953 243.37030029296875 842 96.433479309082031 247.26716613769531 163 113.51560974121094 221.59230041503906 808 58.209445953369141 119.40701293945312 889 193.66372680664062 171.36524963378906 858 108.16025543212891 225.33456420898438 758 51.466480255126953 243.37030029296875 842 61.484836578369141 157.65255737304688 -1 54.531723022460938 160.57987976074219 33 130.17144775390625 168.94091796875 837 88.95745849609375 171.99075317382812 891 39.562053680419922 172.69856262207031 890 187.68313598632812 174.15438842773438 251 58.577583312988281 177.09768676757812 38 28.41224479675293 186.20240783691406 850 65.520187377929688 196.3818359375 799 73.528633117675781 183.06771850585938 -1 68.813499450683594 153.31092834472656 41 156.74142456054688 235.20390319824219 -1 114.59343719482422 236.60362243652344 750 48.092247009277344 233.44879150390625 774 65.520187377929688 196.3818359375 575 68.813499450683594 153.31092834472656 46 168.81793212890625 230.22865295410156 784 32.42950439453125 130.29776000976562 781 89.600288391113281 223.7269287109375 172 133.05224609375 222.63691711425781 759 9.6912555694580078 222.22819519042969 752 210.37815856933594 220.23600769042969 -1 80.676124572753906 213.80485534667969 255 97.747367858886719 232.51341247558594 -1 146.66732788085938 209.44464111328125 882 191.62284851074219 197.34623718261719 139 114.36906433105469 154.26811218261719 747 124.70915985107422 245.71197509765625 827 199.28936767578125 166.37396240234375 801 199.28936767578125 166.37396240234375 263 124.70915985107422 245.71197509765625 846 133.05224609375 222.63691711425781 791 9.6912555694580078 222.22819519042969 -1 210.37815856933594 220.23600769042969 -1 146.66732788085938 209.44464111328125 844 157.6700439453125 194.98428344726562 75 157.6700439453125 194.98428344726562 61 111.28720855712891 133.72413635253906 884 19.607786178588867 243.47911071777344 502 18.84625244140625 247.67068481445312 881 242.38166809082031 250.45121765136719 -1 37.45428466796875 127.27572631835938 829 57.852371215820312 132.8472900390625 886 174.35563659667969 176.29560852050781 59 166.97708129882812 178.2906494140625 -1 170.00837707519531 180.86897277832031 -1 162.78776550292969 188.39564514160156 169 16.117771148681641 196.74046325683594 479 152.84524536132812 200.98101806640625 -1 150.49691772460938 204.23117065429688 860 127.57140350341797 220.1048583984375 848 209.04527282714844 220.78823852539062 812 149.26763916015625 229.32635498046875 847 242.38166809082031 250.45121765136719 806 118.20708465576172 229.48139953613281 821 12.734062194824219 193.40560913085938 853 37.45428466796875 127.27572631835938 861 57.852371215820312 132.8472900390625 798 139.37599182128906 162.17254638671875 765 174.35563659667969 176.29560852050781 70 178.50674438476562 177.99142456054688 143 166.97708129882812 178.2906494140625 -1 170.00837707519531 180.86897277832031 -1 162.78776550292969 188.39564514160156 71 172.17999267578125 189.37406921386719 144 18.089910507202148 192.51498413085938 865 8.0272846221923828 193.8944091796875 736 16.117771148681641 196.74046325683594 874 152.84524536132812 200.98101806640625 -1 79.641212463378906 201.75955200195312 -1 150.49691772460938 204.23117065429688 -1 5.0345044136047363 208.03721618652344 728 23.428110122680664 208.22073364257812 828 85.545097351074219 214.73170471191406 -1 127.57140350341797 220.1048583984375 777 209.04527282714844 220.78823852539062 749 84.26373291015625 222.93226623535156 -1 204.35194396972656 224.98344421386719 875 134.30461120605469 228.56015014648438 737 149.26763916015625 229.32635498046875 788 123.45962524414062 230.24140930175781 814 130.49246215820312 235.550537109375 622 102.41696166992188 236.34027099609375 -1 18.22810173034668 238.95216369628906 761 99.611885070800781 242.28857421875 -1 48.833229064941406 212.209228515625 824 90.657272338867188 241.07392883300781 261 155.44972229003906 217.23445129394531 797 98.784996032714844 223.95689392089844 843 112.77907562255859 226.37590026855469 871 203.50227355957031 240.89215087890625 823 45.199687957763672 230.42649841308594 504 109.14524078369141 236.00767517089844 -1 152.94493103027344 230.73783874511719 883 10.119742393493652 232.02911376953125 856 49.430587768554688 243.47412109375 -1 57.926551818847656 126.69904327392578 822 107.27210235595703 233.12663269042969 -1 111.66014099121094 232.93437194824219 835 84.840415954589844 235.370849609375 862 203.09091186523438 250.21795654296875 -1 5.4433822631835938 190.25680541992188 -1 35.599452972412109 190.94587707519531 866 54.665771484375 129.31948852539062 -1 19.255508422851562 208.12873840332031 800 13.640663146972656 187.38822937011719 832 70.722091674804688 187.00286865234375 146 13.640663146972656 187.38822937011719 760 5.4433822631835938 190.25680541992188 -1 98.784996032714844 223.95689392089844 -1 152.94493103027344 230.73783874511719 805 131.70664978027344 134.15205383300781 809 48.622440338134766 146.64739990234375 532 7.8189964294433594 147.99967956542969 836 3.220538854598999 154.55319213867188 888 115.30014801025391 154.85006713867188 -1 127.23170471191406 173.23806762695312 863 78.700271606445312 179.03900146484375 815 187.5174560546875 181.74824523925781 -1 33.902267456054688 184.42803955078125 804 70.722091674804688 187.00286865234375 -1 27.86662483215332 153.41642761230469 340 42.073379516601562 250.28495788574219 830 238.3621826171875 249.87908935546875 -1 6.1495933532714844 249.6112060546875 838 123.7642822265625 229.30996704101562 -1 94.493438720703125 229.29313659667969 851 200.85887145996094 223.75881958007812 875 93.025405883789062 223.65974426269531 -1 3.9988405704498291 222.62081909179688 522 3.9040260314941406 218.32843017578125 410 142.53684997558594 210.39364624023438 -1 18.57429313659668 199.15672302246094 869 3.6295373439788818 197.87275695800781 744 39.157123565673828 190.623779296875 792 158.41873168945312 189.21742248535156 114 5.0469918251037598 187.14588928222656 -1 162.41201782226562 184.6446533203125 -1 171.76797485351562 183.8385009765625 176 166.43179321289062 174.8521728515625 -1 172.31033325195312 173.64213562011719 -1 133.71412658691406 170.859619140625 -1 166.43179321289062 174.8521728515625 -1 5.0469918251037598 187.14588928222656 -1 3.6295373439788818 197.87275695800781 872 18.57429313659668 199.15672302246094 751 3.9040260314941406 218.32843017578125 734 93.025405883789062 223.65974426269531 825 54.18804931640625 115.59465789794922 -1 123.7642822265625 229.30996704101562 -1 238.3621826171875 249.87908935546875 -1 144.16647338867188 131.24041748046875 -1 114.37841796875 132.17546081542969 -1 19.583528518676758 133.15005493164062 -1 141.67381286621094 132.86917114257812 -1 120.89690399169922 136.95542907714844 -1 51.414196014404297 146.12959289550781 -1 9.0461521148681641 150.5050048828125 873 93.025405883789062 223.65974426269531 671 135.8165283203125 107.19416809082031 730 8.8972063064575195 157.69282531738281 534 12.163033485412598 154.58200073242188 876 103.80789184570312 160.87599182128906 -1 30.533746719360352 162.95184326171875 -1 20.04383659362793 165.172607421875 867 2.2713449001312256 151.20954895019531 754 105.75682830810547 229.42134094238281 -1 235.93618774414062 251.33573913574219 -1 39.377796173095703 252.39918518066406 -1 85.354316711425781 141.57737731933594 423 143.25631713867188 220.69288635253906 523 133.12709045410156 218.6707763671875 756 
9 0.9982100753004618 -0.051501907512497981 0.018443996810227976 -0.024166465874949573 0.99580324583176827 0.29838309414048325 0.22385721000844655 1 0006.png
210.72830200195312 19.846685409545898 126 44.944358825683594 141.01805114746094 629 92.7894287109375 150.21664428710938 795 88.80657958984375 201.82301330566406 -1 88.80657958984375 201.82301330566406 -1 44.944358825683594 141.01805114746094 630 92.7894287109375 150.21664428710938 766 150.42822265625 83.4222412109375 -1 127.86793518066406 115.89546203613281 813 158.33865356445312 149.43733215332031 868 166.55393981933594 218.34890747070312 757 166.55393981933594 218.34890747070312 770 156.88688659667969 104.04196166992188 794 128.7122802734375 149.30928039550781 840 93.737785339355469 185.0172119140625 -1 128.7122802734375 149.30928039550781 -1 124.20429992675781 227.9351806640625 790 51.150924682617188 119.85304260253906 735 124.20429992675781 227.9351806640625 833 83.494857788085938 182.33158874511719 280 106.53148651123047 224.3057861328125 -1 111.66819763183594 149.337646484375 -1 111.66819763183594 149.337646484375 -1 106.53148651123047 224.3057861328125 -1 176.04347229003906 196.98155212402344 733 106.53148651123047 224.3057861328125 -1 176.04347229003906 196.98155212402344 768 178.23458862304688 218.54734802246094 -1 181.67678833007812 156.76226806640625 9 155.71559143066406 180.54074096679688 803 195.23979187011719 180.32284545898438 748 62.021629333496094 147.24972534179688 769 188.71788024902344 147.39520263671875 -1 25.411943435668945 158.90870666503906 818 67.857452392578125 164.92916870117188 10 173.0159912109375 167.10328674316406 132 14.154890060424805 204.88844299316406 819 220.37335205078125 213.675048828125 -1 25.411943435668945 158.90870666503906 732 220.37335205078125 213.675048828125 -1 11.126785278320312 195.33366394042969 738 97.691848754882812 227.40997314453125 635 34.776416778564453 162.62747192382812 771 148.30274963378906 230.72512817382812 445 148.30274963378906 230.72512817382812 820 34.776416778564453 162.62747192382812 775 137.17095947265625 92.646659851074219 -1 20.506322860717773 149.47052001953125 811 0.90474081039428711 158.10769653320312 -1 161.10360717773438 178.64628601074219 -1 11.126785278320312 195.33366394042969 839 6.1138443946838379 226.21652221679688 878 97.691848754882812 227.40997314453125 636 148.30274963378906 230.72512817382812 852 162.96043395996094 232.05770874023438 -1 25.843832015991211 242.17668151855469 855 24.448492050170898 132.84384155273438 739 76.894271850585938 161.68492126464844 673 69.110343933105469 153.11924743652344 41 37.496448516845703 124.38307952880859 861 198.48483276367188 249.40621948242188 307 113.89600372314453 218.91403198242188 808 51.721763610839844 242.74308776855469 842 245.91668701171875 251.33554077148438 762 96.299964904785156 247.36248779296875 163 198.78211975097656 163.05744934082031 801 17.486537933349609 140.98329162597656 764 66.381790161132812 175.37013244628906 786 58.322353363037109 117.84065246582031 889 69.110343933105469 153.11924743652344 46 163.22761535644531 170.15080261230469 831 193.01211547851562 169.0712890625 858 171.33795166015625 136.22503662109375 892 108.25775909423828 222.43312072753906 758 198.48483276367188 249.40621948242188 308 108.25775909423828 222.43312072753906 864 24.448492050170898 132.84384155273438 -1 58.322353363037109 117.84065246582031 729 115.39957427978516 232.7623291015625 750 156.93595886230469 232.3538818359375 763 168.263916015625 232.38597106933594 784 29.312593460083008 185.02043151855469 850 6.146367073059082 210.67007446289062 -1 112.70941925048828 101.24082946777344 741 33.170051574707031 128.71502685546875 781 112.70941925048828 101.24082946777344 -1 145.62693786621094 130.84913635253906 -1 61.406154632568359 157.66609191894531 -1 54.414840698242188 160.62294006347656 33 53.808849334716797 171.9503173828125 885 91.329010009765625 168.8699951171875 891 52.912006378173828 207.63331604003906 740 48.084499359130859 172.45246887207031 880 39.924797058105469 171.92265319824219 890 89.775444030761719 174.59489440917969 891 125.62879180908203 243.86581420898438 827 77.651466369628906 207.81103515625 -1 187.53221130371094 174.09550476074219 251 58.371097564697266 177.10458374023438 38 191.61985778808594 197.23381042480469 139 77.651466369628906 207.81103515625 -1 6.146367073059082 210.67007446289062 525 134.0980224609375 219.94715881347656 759 10.685715675354004 220.22866821289062 752 125.62879180908203 243.86581420898438 846 149.42892456054688 225.17805480957031 788 168.62348937988281 226.72166442871094 784 140.33659362792969 228.95552062988281 645 149.42892456054688 225.17805480957031 -1 134.0980224609375 219.94715881347656 791 31.533342361450195 177.46246337890625 -1 19.177011489868164 245.13246154785156 881 203.35523986816406 248.6263427734375 -1 58.354640960693359 131.6229248046875 886 174.078857421875 176.62596130371094 70 183.276611328125 177.77714538574219 834 183.276611328125 177.77714538574219 -1 70.982948303222656 187.77937316894531 661 163.52365112304688 187.73088073730469 169 158.03141784667969 194.60879516601562 61 150.59623718261719 204.27455139160156 860 128.297119140625 217.23776245117188 777 154.06761169433594 219.62156677246094 343 154.06761169433594 219.62156677246094 342 208.76261901855469 219.54486083984375 812 149.51008605957031 226.21343994140625 847 123.87672424316406 227.2740478515625 859 123.87672424316406 227.2740478515625 776 86.525199890136719 229.13191223144531 -1 58.990039825439453 125.36349487304688 822 11.574139595031738 177.68211364746094 789 90.662216186523438 217.254150390625 807 109.24912261962891 233.70079040527344 651 58.354640960693359 131.6229248046875 798 177.39022827148438 135.69821166992188 727 130.88337707519531 167.06460571289062 837 26.995180130004883 172.68305969238281 648 174.078857421875 176.62596130371094 59 178.52403259277344 177.96600341796875 143 183.276611328125 177.77714538574219 -1 70.982948303222656 187.77937316894531 146 163.52365112304688 187.73088073730469 71 171.72703552246094 189.94715881347656 144 9.4227695465087891 191.17579650878906 736 19.020044326782227 190.85914611816406 865 14.033330917358398 191.43360900878906 853 158.03141784667969 194.60879516601562 75 16.527494430541992 195.28131103515625 874 66.001335144042969 196.77508544921875 778 150.59623718261719 204.27455139160156 365 24.356636047363281 206.91313171386719 828 25.459478378295898 211.90235900878906 -1 128.297119140625 217.23776245117188 848 154.06761169433594 219.62156677246094 -1 208.76261901855469 219.54486083984375 749 19.045932769775391 220.45022583007812 -1 93.377815246582031 222.84317016601562 -1 89.541152954101562 225.26875305175781 172 136.07061767578125 225.43643188476562 737 149.51008605957031 226.21343994140625 788 118.68265533447266 226.83540344238281 821 123.87672424316406 227.2740478515625 814 84.126327514648438 233.31396484375 862 19.931648254394531 240.97677612304688 502 41.023647308349609 243.35690307617188 -1 18.63763427734375 236.84405517578125 761 131.93452453613281 132.02328491210938 809 80.823799133300781 226.56167602539062 389 93.763191223144531 227.8121337890625 851 8.7787494659423828 146.4896240234375 836 143.35212707519531 102.60804748535156 -1 11.135158538818359 230.02351379394531 856 112.48737335205078 131.54241943359375 884 4.1670894622802734 153.03984069824219 888 203.5352783203125 238.80099487304688 823 13.973419189453125 206.40745544433594 -1 112.14327239990234 229.69026184082031 779 52.901138305664062 192.02252197265625 -1 7.7627706527709961 247.23841857910156 838 14.935300827026367 185.44444274902344 760 112.14327239990234 229.69026184082031 835 14.935300827026367 185.44444274902344 832 63.952915191650391 187.73965454101562 753 139.96928405761719 159.4814453125 765 143.35212707519531 102.60804748535156 653 34.938972473144531 181.39736938476562 804 187.52201843261719 181.739990234375 772 63.952915191650391 187.73965454101562 380 36.586933135986328 188.18446350097656 866 158.78338623046875 188.77735900878906 114 5.7412824630737305 206.06086730957031 728 20.371322631835938 206.29042053222656 800 143.06330871582031 208.66789245605469 384 49.299457550048828 209.94589233398438 824 156.72697448730469 215.21443176269531 797 99.454727172851562 221.36897277832031 843 40.122165679931641 250.15289306640625 -1 244.93597412109375 254.38690185546875 -1 42.68212890625 248.03392028808594 830 13.178471565246582 153.05587768554688 876 116.10591125488281 153.27949523925781 747 55.491912841796875 247.50015258789062 857 108.60737609863281 230.44660949707031 -1 127.19552612304688 229.04708862304688 -1 203.65164184570312 223.87081909179688 875 113.09620666503906 223.16813659667969 871 50.682952880859375 220.20748901367188 810 4.9952716827392578 220.62258911132812 -1 4.8845434188842773 216.31842041015625 734 133.88081359863281 215.92593383789062 756 136.12226867675781 105.33807373046875 730 50.799057006835938 202.35580444335938 657 19.229686737060547 197.57331848144531 869 62.686203002929688 190.35203552246094 -1 40.041015625 188.3331298828125 792 171.67314147949219 183.8118896484375 176 16.107000350952148 177.26884460449219 -1 32.418937683105469 175.70375061035156 -1 200.36737060546875 170.58639526367188 263 128.04754638671875 170.41386413574219 863 20.974514007568359 163.80107116699219 867 142.3831787109375 155.02925109863281 -1 17.441837310791016 163.86067199707031 826 135.64337158203125 160.74351501464844 -1 66.413414001464844 146.4656982421875 854 76.528923034667969 151.23501586914062 408 113.23079681396484 157.56414794921875 -1 16.107000350952148 177.26884460449219 -1 16.107000350952148 177.26884460449219 -1 19.229686737060547 197.57331848144531 751 4.8845434188842773 216.31842041015625 410 28.098701477050781 127.95111083984375 -1 27.406110763549805 130.56576538085938 655 153.36834716796875 228.10844421386719 805 244.93597412109375 254.38690185546875 -1 244.93597412109375 254.38690185546875 -1 137.65449523925781 130.956787109375 -1 134.814208984375 133.78056335449219 406 49.490081787109375 143.51754760742188 532 140.39910888671875 145.24295043945312 -1 102.70682525634766 233.06927490234375 742 66.413414001464844 146.4656982421875 877 10.04885196685791 149.03294372558594 873 3.3204135894775391 149.70364379882812 754 28.586387634277344 151.99227905273438 340 9.9223852157592773 156.16960144042969 534 113.23079681396484 157.56414794921875 -1 106.50646209716797 157.845947265625 400 153.36834716796875 228.10844421386719 883 235.97798156738281 249.90142822265625 -1 76.528923034667969 151.23501586914062 785 4.9952716827392578 220.62258911132812 -1 111.68460845947266 226.339599609375 -1 115.2796630859375 229.27511596679688 -1 85.743095397949219 140.21681213378906 423 159.87913513183594 197.29853820800781 417 
10 0.99679847046258341 -0.040294132262940326 0.065578182115514527 -0.021649346850546449 -4.2283288729943633 1.6643595479830351 0.31444236391700747 1 0005.png
211.22836303710938 20.920476913452148 126 44.97784423828125 140.72930908203125 629 92.6092529296875 149.53111267089844 795 90.464431762695312 200.98283386230469 539 44.97784423828125 140.72930908203125 630 92.6092529296875 149.53111267089844 766 90.464431762695312 200.98283386230469 793 146.00099182128906 77.633735656738281 631 128.24172973632812 115.01079559326172 813 158.57719421386719 148.23336791992188 868 166.06074523925781 217.21087646484375 757 166.06074523925781 217.21087646484375 770 157.13819885253906 103.25676727294922 794 129.04698181152344 148.19418334960938 840 93.295219421386719 184.10542297363281 -1 129.04698181152344 148.19418334960938 -1 87.250541687011719 181.82652282714844 541 124.27304077148438 227.52906799316406 790 124.27304077148438 227.52906799316406 833 124.27304077148438 227.52906799316406 -1 51.163707733154297 119.35211944580078 735 28.660989761352539 135.11602783203125 584 181.70770263671875 156.66328430175781 9 194.62419128417969 179.28691101074219 748 154.50474548339844 179.88238525390625 803 176.22125244140625 219.12361145019531 -1 61.958591461181641 146.74710083007812 769 188.93592834472656 146.92875671386719 817 25.304954528808594 158.51655578613281 818 67.037544250488281 164.915283203125 10 112.55800628662109 170.44221496582031 755 156.87701416015625 179.09815979003906 803 161.04112243652344 191.51878356933594 -1 14.045877456665039 204.18473815917969 819 14.045877456665039 204.18473815917969 -1 25.304954528808594 158.51655578613281 732 172.05924987792969 166.85990905761719 132 159.76396179199219 178.15054321289062 -1 11.244942665100098 194.64491271972656 839 96.187751770019531 226.42556762695312 635 148.39350891113281 229.7762451171875 820 148.39350891113281 229.7762451171875 445 17.419702529907227 140.30616760253906 764 25.389486312866211 240.72776794433594 855 163.01046752929688 231.07177734375 442 148.39350891113281 229.7762451171875 852 96.187751770019531 226.42556762695312 636 6.116243839263916 225.47380065917969 878 192.6761474609375 167.83421325683594 858 60.121818542480469 126.63799285888672 637 20.433465957641602 148.93504333496094 811 34.826007843017578 162.14295959472656 775 34.826007843017578 162.14295959472656 771 11.244942665100098 194.64491271972656 738 24.452102661132812 132.21682739257812 -1 37.481864929199219 123.70020294189453 861 58.333221435546875 117.39008331298828 729 108.61308288574219 221.58497619628906 864 66.965927124023438 191.44161987304688 773 124.31834411621094 244.83168029785156 846 76.157470703125 195.06993103027344 -1 76.157470703125 195.06993103027344 -1 245.86386108398438 251.23744201660156 762 24.452102661132812 132.21682739257812 739 108.61308288574219 221.58497619628906 758 37.481864929199219 123.70020294189453 829 58.333221435546875 117.39008331298828 889 113.63612365722656 100.74885559082031 743 113.63612365722656 100.74885559082031 741 198.53605651855469 161.80180358886719 801 65.713661193847656 174.7724609375 786 76.157470703125 195.06993103027344 -1 76.157470703125 195.06993103027344 -1 114.29446411132812 217.68099975585938 808 204.51422119140625 236.75399780273438 -1 12.917184829711914 241.47554016113281 796 51.609077453613281 241.71592712402344 842 124.31834411621094 244.83168029785156 827 66.965927124023438 191.44161987304688 799 162.11285400390625 169.36897277832031 831 52.474533081054688 172.443603515625 885 171.28114318847656 135.41432189941406 892 115.41072845458984 151.91102600097656 747 67.797775268554688 153.90238952636719 46 53.741729736328125 160.60856628417969 33 39.901584625244141 171.41009521484375 890 186.791015625 173.61712646484375 251 64.014938354492188 175.10263061523438 -1 57.027099609375 176.93746948242188 38 29.486215591430664 184.2120361328125 850 190.82089233398438 197.44783020019531 139 76.949501037597656 207.98257446289062 -1 6.2000317573547363 209.81796264648438 -1 150.3792724609375 210.79920959472656 -1 142.55943298339844 214.06884765625 -1 119.25720977783203 224.0506591796875 821 156.935302734375 231.36335754394531 763 133.66633605957031 219.53181457519531 759 127.24635314941406 216.75006103515625 777 80.274055480957031 215.02987670898438 255 95.509330749511719 248.31510925292969 -1 140.12480163574219 228.53544616699219 645 10.741869926452637 219.45904541015625 752 95.509330749511719 248.31510925292969 163 168.62979125976562 225.71195983886719 784 48.588912963867188 230.04885864257812 -1 89.951759338378906 173.33168029785156 891 45.361347198486328 239.28709411621094 646 168.29244995117188 231.38792419433594 784 52.569122314453125 207.11004638671875 740 133.66633605957031 219.53181457519531 791 127.24635314941406 216.75006103515625 848 80.274055480957031 215.02987670898438 -1 142.55943298339844 214.06884765625 -1 76.949501037597656 207.98257446289062 -1 64.014938354492188 175.10263061523438 -1 64.014938354492188 175.10263061523438 -1 67.797775268554688 153.90238952636719 41 149.32955932617188 224.01629638671875 -1 149.32955932617188 224.01629638671875 -1 149.58457946777344 204.06883239746094 882 209.22314453125 219.27510070800781 812 149.52662658691406 225.30555725097656 847 123.76975250244141 226.85784912109375 859 123.76975250244141 226.85784912109375 776 100.04421234130859 228.43186950683594 731 242.73275756835938 249.0037841796875 599 58.469425201416016 130.84886169433594 798 100.04421234130859 228.43186950683594 -1 58.951717376708984 124.73537445068359 822 33.000782012939453 127.64450836181641 781 177.35935974121094 134.75495910644531 727 119.22748565673828 147.36463928222656 780 131.41859436035156 165.84042358398438 837 186.11102294921875 166.64132690429688 -1 26.901525497436523 172.19566345214844 648 172.99757385253906 176.50846862792969 59 11.594990730285645 176.86433410644531 789 177.61561584472656 177.64009094238281 143 182.40437316894531 177.69558715820312 649 34.246185302734375 181.05926513671875 804 162.52877807617188 187.48455810546875 71 63.4813232421875 188.55508422851562 380 19.025497436523438 190.08067321777344 865 170.70794677734375 189.71624755859375 144 9.436859130859375 190.56362915039062 736 13.98030948638916 190.77766418457031 853 16.434646606445312 194.56460571289062 874 157.00860595703125 194.40365600585938 75 65.119491577148438 196.94378662109375 778 80.234375 204.01884460449219 601 149.58457946777344 204.06883239746094 844 154.51469421386719 204.44296264648438 -1 24.397663116455078 206.13621520996094 828 209.22314453125 219.27510070800781 749 18.882305145263672 219.84053039550781 -1 135.95179748535156 224.79771423339844 737 88.510543823242188 225.32936096191406 172 149.52662658691406 225.30555725097656 788 123.76975250244141 226.85784912109375 814 93.4404296875 227.75082397460938 851 82.492179870605469 231.46896362304688 862 103.65388488769531 232.05210876464844 742 109.35861206054688 232.4317626953125 651 203.59292602539062 238.28993225097656 823 18.907514572143555 243.70111083984375 881 242.73275756835938 249.0037841796875 806 58.469425201416016 130.84886169433594 886 172.99757385253906 176.50846862792969 70 182.40437316894531 177.69558715820312 834 182.40437316894531 177.69558715820312 -1 162.52877807617188 187.48455810546875 169 63.4813232421875 188.55508422851562 753 157.00860595703125 194.40365600585938 61 112.37895965576172 228.60295104980469 835 35.812671661376953 187.13821411132812 866 70.955772399902344 189.06809997558594 146 157.95100402832031 188.43794250488281 114 5.746370792388916 205.327880859375 728 20.377973556518555 205.56367492675781 800 48.56817626953125 209.33514404296875 824 91.625213623046875 221.0589599609375 -1 156.45782470703125 214.23786926269531 797 118.84278106689453 227.81437683105469 565 143.60781860351562 101.72950744628906 653 13.613188743591309 235.34588623046875 879 17.641962051391602 235.92991638183594 761 19.277605056762695 239.60699462890625 -1 7.3841972351074219 246.39289855957031 838 244.93284606933594 254.372314453125 -1 89.714118957519531 217.24319458007812 807 99.880317687988281 220.60758972167969 843 186.53857421875 181.05647277832031 772 14.967772483825684 184.87582397460938 832 91.625213623046875 221.0589599609375 671 112.37895965576172 228.60295104980469 779 132.44650268554688 130.77981567382812 809 135.53636169433594 132.24656677246094 406 8.8169174194335938 145.75779724121094 836 244.93284606933594 254.372314453125 -1 106.81128692626953 225.82066345214844 654 203.65676879882812 223.79067993164062 875 4.1883010864257812 152.30662536621094 888 139.88691711425781 158.64964294433594 765 128.454345703125 169.12271118164062 863 116.34597015380859 152.45858764648438 747 14.967772483825684 184.87582397460938 760 27.459613800048828 129.99787902832031 655 76.562004089355469 150.57730102539062 785 113.0533447265625 130.56884765625 884 3.3489587306976318 148.93936157226562 754 114.54307556152344 137.39985656738281 -1 49.595649719238281 142.71797180175781 532 153.36837768554688 227.12367248535156 883 238.4820556640625 248.16023254394531 -1 10.093822479248047 148.29649353027344 873 66.352104187011719 145.77694702148438 877 235.65985107421875 248.9283447265625 519 145.004638671875 123.80918121337891 -1 55.521194458007812 246.49337768554688 857 80.041862487792969 225.7508544921875 -1 4.845707893371582 219.91569519042969 -1 3.2870457172393799 222.66607666015625 -1 52.229461669921875 221.56118774414062 810 93.680320739746094 218.06967163085938 825 131.6251220703125 217.42234802246094 -1 8.7212400436401367 209.64093017578125 525 5.4786205291748047 208.50079345703125 -1 18.525896072387695 208.01924133300781 849 50.20477294921875 201.46794128417969 657 19.197399139404297 196.87471008300781 869 61.822925567626953 191.2530517578125 575 39.339687347412109 187.27806091308594 792 66.352104187011719 145.77694702148438 854 19.197399139404297 196.87471008300781 751 93.680320739746094 218.06967163085938 767 78.739151000976562 175.13429260253906 815 238.4820556640625 248.16023254394531 -1 200.4482421875 169.61231994628906 263 20.987590789794922 163.27102661132812 867 153.36837768554688 227.12367248535156 805 17.429336547851562 163.35249328613281 826 96.637596130371094 160.83741760253906 675 106.50611114501953 156.86235046386719 400 9.894561767578125 155.43182373046875 534 4.845707893371582 219.91569519042969 522 75.750686645507812 147.93185424804688 -1 170.66915893554688 183.55755615234375 176 13.187560081481934 152.30075073242188 876 93.341117858886719 130.36233520507812 -1 114.21083831787109 135.09109497070312 -1 90.123977661132812 242.04545593261719 -1 96.411659240722656 231.57568359375 -1 13.716794967651367 223.78857421875 -1 2.7903366088867188 154.74012756347656 -1 93.341117858886719 130.36233520507812 -1 80.4764404296875 145.787841796875 -1 
11 0.9979090284313894 -0.058387239019512864 0.012103861611405481 -0.024939884299868625 1.6814208262275556 -0.48608785026889872 0.17282186028209889 1 0007.png
210.19015502929688 19.894601821899414 126 44.7017822265625 141.44950866699219 629 92.595230102539062 150.66354370117188 795 87.710563659667969 202.22535705566406 539 87.710563659667969 202.22535705566406 793 44.7017822265625 141.44950866699219 630 92.595230102539062 150.66354370117188 766 158.00025939941406 149.99310302734375 868 147.3509521484375 79.849838256835938 631 127.71835327148438 116.67012786865234 813 155.76638793945312 94.169075012207031 -1 166.29617309570312 218.7874755859375 757 166.29617309570312 218.7874755859375 770 156.83743286132812 104.71475219726562 794 128.47792053222656 149.75820922851562 840 123.72663879394531 228.9188232421875 790 87.656227111816406 183.95761108398438 541 50.951393127441406 120.15732574462891 735 123.72663879394531 228.9188232421875 833 111.60829925537109 149.84970092773438 -1 176.00697326660156 196.99295043945312 768 106.12070465087891 224.61721801757812 -1 176.00697326660156 196.99295043945312 733 195.30628967285156 181.05178833007812 748 106.12070465087891 224.61721801757812 -1 111.60829925537109 149.84970092773438 -1 106.12070465087891 224.61721801757812 -1 60.188064575195312 129.69548034667969 637 165.66635131835938 132.72758483886719 -1 158.01925659179688 180.38246154785156 803 111.82001495361328 172.22470092773438 755 81.613372802734375 182.828857421875 280 172.97529602050781 166.97079467773438 132 67.869728088378906 164.94662475585938 10 181.60464477539062 157.54338073730469 9 25.05134391784668 159.09033203125 818 62.036186218261719 147.70498657226562 769 79.171745300292969 182.22624206542969 -1 25.05134391784668 159.09033203125 732 181.60464477539062 157.54338073730469 -1 13.479270935058594 205.35606384277344 819 165.66635131835938 132.72758483886719 -1 53.813533782958984 207.79217529296875 -1 24.63524055480957 133.44804382324219 739 20.305185317993164 149.711669921875 811 34.349197387695312 162.94892883300781 771 161.24919128417969 179.21234130859375 -1 74.781631469726562 181.41053771972656 -1 10.873700141906738 195.69699096679688 839 5.6072211265563965 226.64002990722656 878 97.670707702636719 227.88600158691406 636 147.84126281738281 231.79789733886719 820 13.062423706054688 232.01084899902344 -1 25.761970520019531 242.47186279296875 855 12.11263370513916 243.02532958984375 796 147.84126281738281 231.79789733886719 852 97.670707702636719 227.88600158691406 635 10.873700141906738 195.69699096679688 738 34.349197387695312 162.94892883300781 775 147.84126281738281 231.79789733886719 445 17.352933883666992 141.13545227050781 764 51.697399139404297 242.98965454101562 842 170.81573486328125 136.48681640625 892 198.80990600585938 163.91497802734375 801 192.99388122558594 169.72744750976562 858 163.166748046875 171.1043701171875 831 47.550201416015625 172.73512268066406 880 58.081127166748047 118.28246307373047 889 198.47607421875 250.02279663085938 308 66.24755859375 175.56770324707031 786 77.225700378417969 195.43711853027344 -1 113.75260925292969 219.27377319335938 808 108.19906616210938 222.91459655761719 758 7.7833929061889648 243.01412963867188 -1 96.3004150390625 247.36495971679688 163 245.58793640136719 251.85171508789062 762 68.977836608886719 153.52467346191406 41 245.58793640136719 251.85171508789062 -1 7.7833929061889648 243.01412963867188 -1 108.19906616210938 222.91459655761719 864 77.225700378417969 195.43711853027344 -1 68.977836608886719 153.52467346191406 46 58.081127166748047 118.28246307373047 729 198.47607421875 250.02279663085938 307 165.94137573242188 177.68458557128906 -1 183.38516235351562 178.29693603515625 649 76.651206970214844 161.46188354492188 673 66.021942138671875 197.8162841796875 778 53.817230224609375 171.91415405273438 885 112.55673217773438 101.77700042724609 741 105.74374389648438 128.64117431640625 -1 29.45478630065918 185.05812072753906 850 145.64071655273438 130.80471801757812 -1 58.311344146728516 131.93289184570312 798 61.173664093017578 157.67076110839844 -1 54.41583251953125 160.51776123046875 33 140.78671264648438 160.19369506835938 765 39.782478332519531 171.76988220214844 890 122.08331298828125 174.15284729003906 -1 187.55062866210938 174.29632568359375 251 125.46244049072266 244.15274047851562 846 133.66325378417969 220.82768249511719 791 66.021942138671875 197.8162841796875 -1 58.292018890380859 177.2764892578125 38 58.311344146728516 131.93289184570312 886 105.74374389648438 128.64117431640625 -1 112.55673217773438 101.77700042724609 743 125.46244049072266 244.15274047851562 827 45.869312286376953 240.09944152832031 646 168.08366394042969 233.39347839355469 784 156.7120361328125 233.48255920410156 763 139.92414855957031 230.01107788085938 645 168.32876586914062 227.73849487304688 784 133.66325378417969 220.82768249511719 759 10.123475074768066 220.76028442382812 752 38.384231567382812 201.43167114257812 -1 191.64216613769531 197.25079345703125 139 183.38516235351562 178.29693603515625 834 123.42819213867188 228.08586120605469 776 123.42819213867188 228.08586120605469 859 149.24472045898438 227.63265991210938 788 90.662887573242188 217.87664794921875 807 54.597450256347656 128.0382080078125 -1 115.24346923828125 153.45484924316406 747 130.65655517578125 167.733154296875 837 26.659713745117188 172.88885498046875 648 174.17863464355469 176.52998352050781 59 178.53756713867188 177.87879943847656 143 11.194235801696777 177.75205993652344 789 34.807342529296875 182.2529296875 804 163.62547302246094 187.62423706054688 71 171.95843505859375 189.65776062011719 144 18.801925659179688 191.04084777832031 865 13.619174957275391 191.77020263671875 853 8.9579029083251953 191.77841186523438 736 150.7269287109375 204.06643676757812 365 127.83047485351562 217.87077331542969 848 84.382057189941406 224.04661560058594 -1 204.1107177734375 223.8790283203125 875 89.675094604492188 226.21969604492188 172 135.63162231445312 226.64215087890625 737 118.23331451416016 227.34223937988281 821 123.42819213867188 228.08586120605469 814 86.480316162109375 229.31649780273438 -1 203.69961547851562 238.9459228515625 823 19.814296722412109 241.26338195800781 502 19.040525436401367 245.3299560546875 881 174.17863464355469 176.52998352050781 70 11.194235801696777 177.75205993652344 789 163.62547302246094 187.62423706054688 169 150.7269287109375 204.06643676757812 860 127.83047485351562 217.87077331542969 777 149.24472045898438 227.63265991210938 847 143.39410400390625 102.79379272460938 653 71.450691223144531 153.63714599609375 -1 13.385854721069336 236.31675720214844 879 18.50239372253418 237.28656005859375 761 90.368698120117188 240.79261779785156 261 106.37090301513672 227.27018737792969 654 10.67310905456543 230.21649169921875 856 203.16143798828125 239.82559204101562 823 71.450691223144531 153.63714599609375 -1 15.923552513122559 177.04258728027344 -1 187.51907348632812 181.75035095214844 772 58.595920562744141 125.54524230957031 822 108.33164978027344 129.30023193359375 -1 144.5572509765625 130.26860046386719 -1 131.55894470214844 133.32833862304688 809 8.4763870239257812 146.63883972167969 836 66.037063598632812 146.7239990234375 877 118.09496307373047 148.669677734375 -1 16.560085296630859 195.2681884765625 874 3.9563367366790771 153.32200622558594 888 108.33164978027344 129.30023193359375 -1 14.662653923034668 185.7664794921875 832 70.599281311035156 187.50233459472656 661 36.347751617431641 188.41061401367188 866 19.867311477661133 206.53392028808594 800 142.9168701171875 209.2186279296875 384 66.037063598632812 146.7239990234375 854 49.213897705078125 210.23080444335938 824 14.662653923034668 185.7664794921875 760 156.34709167480469 215.9368896484375 797 70.599281311035156 187.50233459472656 146 98.911102294921875 221.60105895996094 843 153.04315185546875 229.07612609863281 805 13.385854721069336 236.31675720214844 -1 80.847343444824219 226.85527038574219 389 93.807991027832031 228.20669555664062 851 153.04315185546875 229.07612609863281 883 16.560085296630859 195.2681884765625 -1 112.01048278808594 230.76991271972656 835 84.293479919433594 233.31094360351562 862 102.77947998046875 233.59394836425781 742 109.38779449462891 234.0694580078125 651 15.923552513122559 177.04258728027344 -1 112.01048278808594 230.76991271972656 779 142.26768493652344 155.63623046875 -1 136.08769226074219 105.435546875 730 108.61578369140625 230.93057250976562 -1 6.3095149993896484 247.73002624511719 838 55.508285522460938 247.74755859375 857 143.28648376464844 99.07928466796875 -1 94.494697570800781 219.29463195800781 825 7.914764404296875 210.87625122070312 525 112.97936248779297 224.251220703125 871 3.7182238101959229 216.85350036621094 734 127.80404663085938 171.23141479492188 863 168.0341796875 214.82351684570312 -1 17.884181976318359 209.31587219238281 849 22.600917816162109 208.67729187011719 828 50.425571441650391 203.15806579589844 657 18.687589645385742 197.87387084960938 869 17.158241271972656 163.97433471679688 826 39.789981842041016 188.74365234375 792 171.67314147949219 183.81185913085938 176 143.28648376464844 99.07928466796875 -1 138.34384155273438 113.86454772949219 -1 76.557975769042969 151.49691772460938 408 102.49538421630859 160.09907531738281 400 9.5142459869384766 156.41389465332031 534 18.687589645385742 197.87387084960938 751 3.7182238101959229 216.85350036621094 410 94.494697570800781 219.29463195800781 767 134.18177795410156 168.815185546875 -1 20.607061386108398 164.08229064941406 867 12.773525238037109 153.35614013671875 876 28.484821319580078 152.07911682128906 340 76.557975769042969 151.49691772460938 785 2.9884350299835205 149.87884521484375 754 9.6915731430053711 149.29069519042969 873 50.314712524414062 220.80278015136719 810 49.377830505371094 143.91485595703125 532 112.47878265380859 131.67234802246094 884 27.017511367797852 130.59892272949219 655 54.902755737304688 129.08392333984375 -1 159.87916564941406 197.29884338378906 417 38.718307495117188 128.2464599609375 829 133.34774780273438 216.70729064941406 756 38.718307495117188 128.2464599609375 861 
13 0.99554285553074739 -0.089576313984200198 -0.0058156085558377976 -0.028925515929968906 3.5859268252314451 -4.0217519663998464 0.14996054053363503 1 0011.png
209.89549255371094 19.861886978149414 126 44.76678466796875 142.86079406738281 629 92.291786193847656 152.83329772949219 795 44.76678466796875 142.86079406738281 630 147.36114501953125 82.035514831542969 631 127.34915161132812 118.39346313476562 813 158.05595397949219 149.83036804199219 868 156.71687316894531 106.06916809082031 794 128.09271240234375 152.09886169433594 840 50.593307495117188 121.49542999267578 735 195.86610412597656 184.12179565429688 748 63.094356536865234 188.64724731445312 581 174.94927978515625 198.85993957519531 -1 105.23794555664062 228.57229614257812 -1 123.78346252441406 232.27589416503906 790 105.23794555664062 228.57229614257812 -1 105.23794555664062 228.57229614257812 -1 63.094356536865234 188.64724731445312 582 174.94927978515625 198.85993957519531 733 165.75047302246094 134.11831665039062 -1 187.53701782226562 149.00613403320312 817 180.86141967773438 157.71499633789062 9 24.123945236206055 160.99217224121094 818 67.643043518066406 165.13401794433594 10 111.70564270019531 175.22056579589844 755 24.123945236206055 160.99217224121094 732 12.856626510620117 207.35960388183594 819 54.553848266601562 212.36135864257812 740 180.86141967773438 157.71499633789062 -1 165.75047302246094 134.11831665039062 -1 172.32536315917969 167.09443664550781 132 12.856626510620117 207.35960388183594 -1 12.856626510620117 207.35960388183594 -1 158.46101379394531 182.08854675292969 803 147.54557800292969 232.24468994140625 820 147.54557800292969 232.24468994140625 445 147.54557800292969 232.24468994140625 852 191.70260620117188 181.03138732910156 748 117.01900482177734 130.74819946289062 -1 11.738533020019531 162.65435791015625 -1 161.42422485351562 172.50041198730469 831 19.610549926757812 151.38345336914062 811 24.324766159057617 135.00082397460938 739 33.955287933349609 164.63041687011719 775 193.87210083007812 171.77232360839844 858 67.20892333984375 176.74055480957031 786 9.9758434295654297 197.58604431152344 839 24.992006301879883 245.03079223632812 855 10.897505760192871 245.7476806640625 796 16.615646362304688 142.596923828125 764 67.20892333984375 176.74055480957031 -1 9.9758434295654297 197.58604431152344 738 33.955287933349609 164.63041687011719 771 107.43149566650391 225.69520568847656 -1 107.43149566650391 225.69520568847656 864 107.43149566650391 225.69520568847656 758 89.230064392089844 224.69480895996094 172 113.68162536621094 222.88088989257812 808 205.54789733886719 239.25682067871094 -1 51.339046478271484 244.12730407714844 842 145.25877380371094 219.87631225585938 523 199.78309631347656 167.02325439453125 801 75.617652893066406 193.87173461914062 -1 147.66986083984375 228.96070861816406 -1 95.880599975585938 247.91729736328125 163 147.66986083984375 228.96070861816406 -1 147.66986083984375 228.96070861816406 -1 57.850109100341797 119.71209716796875 889 199.78309631347656 167.02325439453125 263 57.850109100341797 119.71209716796875 729 28.629962921142578 186.98713684082031 850 157.79286193847656 194.17793273925781 75 191.60992431640625 198.18373107910156 139 39.289649963378906 172.99079895019531 890 78.209053039550781 221.65667724609375 -1 132.60223388671875 222.64573669433594 759 9.1295614242553711 223.18952941894531 -1 169.10595703125 231.53472900390625 784 97.565841674804688 233.46110534667969 636 157.48703002929688 236.58389282226562 763 130.36573791503906 169.83096313476562 837 127.42603302001953 239.27511596679688 -1 181.38996887207031 171.30224609375 -1 32.541599273681641 130.63215637207031 781 53.018234252929688 171.84294128417969 885 72.818069458007812 183.97999572753906 -1 101.82950592041016 134.72294616699219 468 205.40901184082031 225.15299987792969 875 68.811408996582031 153.90998840332031 41 53.787361145019531 160.76214599609375 33 76.879127502441406 162.0699462890625 673 88.974174499511719 172.49507141113281 891 80.570877075195312 214.82223510742188 255 61.377834320068359 157.68675231933594 -1 57.797260284423828 177.09410095214844 38 123.77796173095703 247.56504821777344 827 87.774948120117188 178.19717407226562 -1 163.86996459960938 180.08087158203125 -1 9.1295614242553711 223.18952941894531 752 132.60223388671875 222.64573669433594 -1 78.209053039550781 221.65667724609375 -1 157.79286193847656 194.17793273925781 61 181.38996887207031 171.30224609375 -1 68.811408996582031 153.90998840332031 46 114.67246246337891 237.75216674804688 750 183.03106689453125 178.02706909179688 834 183.03106689453125 178.02706909179688 649 111.3192138671875 134.25456237792969 884 19.118022918701172 244.00579833984375 502 204.50523376464844 247.22367858886719 -1 18.110824584960938 248.18751525878906 881 243.15974426269531 251.46810913085938 -1 37.468528747558594 127.72151184082031 829 174.10531616210938 175.98025512695312 59 8.1297683715820312 194.12458801269531 -1 15.798377990722656 197.34700012207031 479 152.84176635742188 200.23942565917969 -1 150.48095703125 203.56321716308594 -1 127.474853515625 221.39601135253906 777 153.61924743652344 222.56033325195312 -1 135.92996215820312 226.35491943359375 737 102.66159820556641 237.40728759765625 -1 204.68037414550781 241.36656188964844 823 37.468528747558594 127.72151184082031 861 118.51038360595703 151.4874267578125 780 114.89402770996094 155.60624694824219 747 139.62727355957031 162.84632873535156 765 186.8284912109375 173.46910095214844 251 174.10531616210938 175.98025512695312 70 178.28211975097656 177.61508178710938 143 18.021541595458984 193.01841735839844 865 8.1297683715820312 194.12458801269531 736 15.798377990722656 197.34700012207031 874 152.84176635742188 200.23942565917969 -1 79.641754150390625 203.31147766113281 -1 150.48095703125 203.56321716308594 -1 23.456874847412109 208.71640014648438 828 6.3185272216796875 213.05845642089844 -1 85.369804382324219 215.54486083984375 -1 127.474853515625 221.39601135253906 848 153.61924743652344 222.56033325195312 -1 83.90728759765625 223.6343994140625 -1 135.92996215820312 226.35491943359375 672 132.01191711425781 230.07196044921875 737 118.24700927734375 230.3779296875 821 123.36951446533203 231.19244384765625 814 12.328420639038086 231.60435485839844 856 35.568840026855469 189.52348327636719 866 19.172801971435547 208.64511108398438 800 98.932350158691406 224.90875244140625 843 105.75544738769531 230.47105407714844 654 150.04151916503906 230.61279296875 788 44.612438201904297 231.2320556640625 504 118.19548797607422 232.48396301269531 565 239.05003356933594 251.13798522949219 599 155.37847900390625 218.42915344238281 797 107.24269104003906 234.11845397949219 -1 111.65784454345703 233.83731079101562 835 7.688288688659668 148.01606750488281 836 17.320478439331055 239.62002563476562 761 3.1304295063018799 154.58843994140625 888 84.392524719238281 236.03019714355469 862 166.27647399902344 179.19522094726562 -1 12.799596786499023 238.84950256347656 879 15.280989646911621 178.86203002929688 -1 78.025276184082031 179.940185546875 815 33.948123931884766 183.94599914550781 804 13.837392807006836 187.86558532714844 832 70.472694396972656 187.93482971191406 661 33.266567230224609 161.9351806640625 -1 48.114208221435547 212.87167358398438 824 5.4606771469116211 190.74729919433594 -1 61.920169830322266 191.40382385253906 -1 13.054025650024414 194.00885009765625 853 4.4882984161376953 208.70378112792969 728 15.280989646911621 178.86203002929688 -1 15.280989646911621 178.86203002929688 -1 13.837392807006836 187.86558532714844 760 70.472694396972656 187.93482971191406 146 5.4606771469116211 190.74729919433594 -1 111.65784454345703 233.83731079101562 779 12.799596786499023 238.84950256347656 -1 239.05003356933594 251.13798522949219 -1 166.27647399902344 179.19522094726562 -1 239.05003356933594 251.13798522949219 -1 135.69915771484375 108.38121795654297 -1 144.5845947265625 131.92849731445312 -1 155.25314331054688 235.59747314453125 763 131.40568542480469 235.48756408691406 -1 153.40182495117188 232.88522338867188 883 153.15672302246094 229.98371887207031 -1 93.981864929199219 230.03143310546875 851 112.63142395019531 227.21646118164062 871 92.515251159667969 224.54487609863281 -1 143.30062866210938 101.01797485351562 -1 3.6378388404846191 219.1138916015625 410 4.8536214828491211 211.8516845703125 -1 27.531627655029297 208.06477355957031 -1 18.265064239501953 199.76338195800781 869 3.5576200485229492 198.42526245117188 744 39.181259155273438 189.38742065429688 792 4.9841132164001465 187.69999694824219 -1 167.00910949707031 178.90498352050781 -1 201.3399658203125 173.93186950683594 -1 35.060035705566406 172.65402221679688 -1 133.95584106445312 171.62474060058594 837 20.066492080688477 165.71333312988281 867 134.99404907226562 164.13720703125 -1 30.461687088012695 163.42117309570312 -1 103.84603118896484 161.61489868164062 400 8.812164306640625 157.64845275878906 534 141.97698974609375 158.38423156738281 -1 143.30062866210938 101.01797485351562 -1 120.86705017089844 137.26504516601562 -1 4.9841132164001465 187.69999694824219 -1 3.5576200485229492 198.42526245117188 872 92.515251159667969 224.54487609863281 825 92.515251159667969 224.54487609863281 -1 153.40182495117188 232.88522338867188 805 136.08677673339844 107.45408630371094 -1 53.721248626708984 115.62035369873047 -1 19.5975341796875 133.67245483398438 -1 141.6533203125 133.50274658203125 -1 120.86705017089844 137.26504516601562 -1 62.119907379150391 139.15402221679688 -1 48.579032897949219 146.75648498535156 532 2.9844911098480225 223.65936279296875 522 8.9270668029785156 150.51365661621094 873 91.541847229003906 248.71627807617188 -1 5.5640149116516113 250.43177795410156 838 27.898622512817383 153.89593505859375 340 12.047463417053223 154.60812377929688 876 41.661056518554688 250.92724609375 830 201.5059814453125 240.75978088378906 -1 127.28391265869141 174.20085144042969 863 90.022315979003906 241.17652893066406 261 18.265064239501953 199.76338195800781 751 67.735427856445312 155.31784057617188 -1 39.266929626464844 252.81373596191406 -1 12.366302490234375 227.32208251953125 -1 81.199172973632812 143.746337890625 423 67.735427856445312 155.31784057617188 -1 
