# 3D point list with one line of data per point:
#   POINT3D_ID, X, Y, Z, R, G, B, ERROR, TRACK[] as (IMAGE_ID, POINT2D_IDX)
# Number of points: 321, mean track length: 48.018691588785046
1 6.6794676998502043 14.388497527383439 41.487503018860018 155 141 130 1.29899319316949 135 0 141 0 140 0 137 0 143 0 136 0 138 0 145 0 144 0 142 1 146 1 147 1 151 1 149 2 148 2 155 2 156 2 152 2 150 3 154 1 153 3 160 2 133 0 157 2 158 2 161 3 162 3 165 4 159 3 131 0 129 0 128 0 130 0 127 0 134 0 132 0 139 0 163 4 119 2 164 3 116 2
2 6.9155430851507225 14.715463608785907 42.729099095191103 155 141 130 1.7241676591510269 135 2 141 1 140 3 137 3 143 1 136 2 138 2 145 1 144 1 142 2 146 2 147 2 133 2 131 1 129 1 128 2 130 1 127 3 134 1 132 2 139 3 126 1 124 1 123 1 121 1 122 1 125 2 115 1 119 1 108 2 112 1 113 1 109 1 117 1 116 1 120 1 118 1 114 1 105 2 104 0 107 2 106 2 110 2 111 1
3 1.8165902678081496 17.781091814731106 41.482256505370572 3 38 69 1.1756039292440794 135 1 141 2 140 1 137 1 143 2 136 1 138 1 145 2 144 2 142 3 146 3 147 3 151 2 148 4 155 4 150 5 133 1 131 4 129 3 128 5 130 3 127 4 134 3 132 1 139 1
4 1.8165902678081496 17.781091814731106 41.482256505370572 3 38 69 1.1756039292440794 135 3 141 3 140 2 137 2 143 3 136 3 138 3 145 3 144 3 142 4 146 4 147 4 151 3 148 5 155 5 150 6 133 3 131 5 129 5 128 6 130 5 127 5 134 4 132 3 139 2
5 -8.3453386635514839 11.819276101654268 41.676371931822764 114 119 118 0.68235702748403815 135 8 141 4 140 8 137 6 143 4 136 5 138 5 145 4 144 4 142 5 146 5 147 5 151 7 148 9 156 7 150 9 154 3 153 7 160 5 157 4 158 6 161 7 162 6 165 8 159 8 129 7 127 10 139 7 163 9 118 6 116 5 114 9 115 4 164 7 108 9 112 7 113 7 109 8 103 3 105 7 104 3 96 6 101 5 89 6 107 12 106 6 110 9 100 3 97 10 98 3 102 4 90 7 93 8 11 9 6 6 87 7 71 9 56 9 32 9 41 11 48 9 59 9 60 9 62 9 31 9 80 9 15 10 49 10 82 7 81 9 68 10 55 11 57 11 22 9 51 9 37 9 39 9 28 9 40 11 88 7 42 13 85 8 79 8 83 7 17 12 74 9 84 8 52 9 53 9 33 9 70 9 38 9 34 9 26 10 73 9 69 9 23 10 30 9 16 8 18 9 35 9 95 7 21 11 66 10 78 8 86 8 46 9 65 10 3 7 99 7 2 6 8 8 92 7 76 9 50 13 1 7 67 9 25 11 58 9 54 9 61 9 29 9 24 8 27 8 10 8 43 9 14 8 20 9 47 12 12 9 72 9 7 8 94 8 19 8 9 8 64 9 63 9 44 9 13 9 5 8 75 10 91 6 36 9 77 8 45 12 111 8 4 7
6 -9.9515078509923711 15.999912546988288 41.193167962140883 109 117 115 1.2310636094741327 135 9 141 5 140 9 137 7 143 5 136 6 138 6 145 5 144 5 142 6 146 6 147 6 151 5 149 5 148 7 155 7 156 5 152 5 150 7 154 4 153 8 160 6 133 7 157 5 158 7 161 8 162 7 159 6 131 6 129 8 128 8 130 7 134 6 132 7 139 8 126 6 163 7 118 7 121 5 122 3 116 6 114 10 120 7 117 7 115 5 119 6 164 8 108 10 112 8 109 9 105 6 107 9 106 10 110 10 111 9
7 -8.3417135558642297 11.793310192984908 41.86507076012419 114 119 118 0.77834622847962542 135 10 141 6 140 10 137 8 143 7 136 8 138 8 145 7 144 7 142 7 146 8 147 8 151 4 149 4 148 6 155 6 156 4 152 4 150 11 154 6 153 9 160 7 157 6 158 8 161 9 103 7 104 7 102 8
8 -7.4641501860016364 8.8229356784639332 42.277199725712968 133 135 131 0.56347143562115654 135 12 141 8 140 11 137 10 143 9 136 9 138 11 145 10 144 9 142 8 146 9 147 9 151 8 149 7 148 10 155 9 156 8 152 7 150 12 154 8 153 10 160 8 133 18 157 8 158 10 161 11 162 8 165 9 159 9 131 13 129 13 128 16 130 14 127 17 134 16 132 14 139 16 126 13 163 10 124 9 123 12 118 15 121 12 122 10 116 14 114 17 125 13 120 13 117 14 119 13 164 9 108 19 112 18 109 19 103 12 105 16 104 12 107 20 106 16 110 20 102 13 111 19
9 -3.8878522015372767 12.368649025377737 41.838361740523546 76 122 173 0.90527432473201974 135 14 141 9 140 13 137 12 143 10 136 11 138 13 145 11 144 10 142 9 146 10 147 10 151 9 149 8 148 11 155 10 156 9 152 8 150 13 154 9 153 11 160 9 133 15 157 9 158 11 161 12 162 9 165 10 159 11 131 10 129 10 128 12 130 9 127 16 134 11 132 11 139 12 126 10 163 12 124 5 123 11 118 12 121 9 122 7 116 12 114 15 125 9 120 10 117 11 115 12 119 9 164 10 108 14 112 12 113 10 109 13 103 10 105 12 104 9 96 23 101 10 107 15 106 12 110 15 100 9 98 11 102 11 41 19 60 27 83 20 53 23 73 17 78 21 99 14 58 23 111 13 48 24
10 -7.4248715612662135 18.531688185481315 40.5999558662689 0 40 71 1.0995978296999451 135 15 141 10 140 15 137 14 143 11 136 12 138 14 145 13 144 11 142 10 146 11 147 11 151 10 149 9 148 12 155 11 156 11 152 9 150 14 154 11 153 12 160 10 133 13 157 10 158 12 161 13 162 10 165 11 159 10 131 12 129 11 128 14 130 11 127 13 134 12 132 12 139 15 126 11 163 11 124 7 123 9 118 8 121 10 122 9 116 7 114 12 125 11 120 12 117 13 115 6 119 11 164 12 108 11 112 9 113 4 109 10 105 10 104 5 107 11 106 9 110 12 102 6 111 10
11 -7.4061952767938903 8.7017706267864057 41.826943976046721 133 135 131 0.73144632120920383 135 17 141 12 140 16 137 15 143 15 136 15 138 16 145 17 144 13 133 10 131 8 129 9 128 10 130 8 127 11 134 9 132 9 139 10 126 8 124 3 123 6 118 11 121 7 122 5 116 9 114 13 125 7 120 8 117 9 115 10 119 7 108 13 112 11 113 9 109 12 103 8 105 11 104 8 96 11 101 12 89 12 107 14 106 11 110 14 100 11 97 14 98 9 102 9 90 13 93 12 11 14 6 13 87 13 71 15 56 16 32 15 41 23 48 17 59 16 60 16 31 15 80 14 15 17 82 14 81 16 55 16 57 24 22 16 51 16 37 15 39 15 28 15 88 12 42 15 85 12 79 14 83 13 17 15 74 16 84 12 52 16 53 16 33 15 70 16 38 15 34 15 26 17 73 13 23 18 30 15 16 14 18 14 35 15 95 11 21 16 66 16 78 14 86 12 46 16 3 13 99 11 2 13 8 13 92 12 76 14 50 16 1 13 25 16 58 16 54 16 61 16 24 16 27 16 10 13 43 15 14 14 20 16 47 15 12 14 72 15 7 13 94 12 9 13 64 16 63 16 44 15 13 14 5 14 91 10 36 16 45 16 111 12 4 13
12 -0.61865054536051045 12.177740986320158 41.694323992624767 88 126 179 1.0278664915152897 135 13 141 15 140 12 137 11 143 16 136 10 138 12 142 16 146 19 151 19 149 11 148 20 155 12 156 17 152 16 150 20 154 16 153 21 160 20 133 11 157 13 158 18 161 17 162 11 131 9 129 12 128 11 130 12 127 12 134 10 132 10 139 11 126 9 124 4 123 7 118 13 121 8 122 6 116 10 114 14 125 8 120 9 117 10 115 11 119 8 108 15 109 14 113 12 112 13 103 9 105 13 104 10 96 17 101 9 89 19 107 16 106 13 110 16 100 8 97 18 98 10 102 10 90 18 93 16 11 19 6 17 87 16 71 18 56 19 32 21 41 25 48 23 59 21 60 25 62 20 31 20 80 19 15 20 49 20 82 20 81 21 68 19 55 19 57 20 22 21 51 21 37 20 39 18 28 20 40 19 88 17 42 20 85 18 79 19 83 19 17 19 74 22 84 18 52 21 53 22 33 21 70 21 38 20 34 20 26 20 73 18 69 20 23 21 30 20 16 18 18 19 35 20 95 14 21 19 66 20 78 20 86 19 46 21 65 17 3 16 99 15 2 17 8 17 92 17 76 19 50 21 1 18 67 20 25 20 58 22 54 21 61 21 29 19 24 19 27 19 10 17 43 20 14 21 20 21 47 19 12 19 72 19 7 19 94 17 19 16 9 17 64 21 63 21 44 20 13 17 5 20 75 18 91 13 36 21 77 21 45 22 111 14 4 19
13 -3.9071467648621963 9.3073368489542379 41.699955542947265 78 133 205 0.77070331012989979 135 19 141 16 140 22 137 20 143 26 136 21 138 25 145 22 144 20 142 15 146 20 147 17 151 18 149 12 148 24 155 14 156 16 152 11 150 19 154 15 153 20 160 18 133 30 157 12 158 19 161 19 162 13 165 16 159 15 131 21 129 21 128 28 130 22 127 21 134 17 132 18 139 27 126 15 163 15 124 10 123 17 118 19 121 14 122 16 116 26 114 26 125 15 120 17 117 23 115 22 119 21 164 17 108 26 112 25 113 22 109 20 103 19 105 18 104 13 96 29 101 26 89 23 107 25 106 24 110 25 100 19 97 29 98 30 102 18 90 21 93 27 11 27 6 28 87 28 71 27 56 28 32 32 41 29 48 41 59 27 60 47 62 26 31 28 80 27 15 28 49 29 82 29 81 38 68 25 55 27 57 28 22 30 51 27 37 28 39 27 28 29 40 26 88 23 42 24 85 24 79 26 83 29 17 26 74 27 84 25 52 23 53 29 33 28 70 38 38 37 34 28 26 27 73 31 69 26 23 25 30 28 16 33 18 31 35 28 95 25 21 25 66 27 78 29 86 28 46 27 65 27 3 22 99 28 2 27 8 23 92 22 76 30 50 27 1 29 67 30 25 36 58 28 54 38 61 23 29 27 24 27 27 37 10 29 43 27 14 24 20 29 47 27 12 30 72 29 7 27 94 35 19 28 9 27 64 23 63 28 44 28 13 26 5 27 75 28 91 24 36 27 77 26 45 36 111 21 4 26
14 2.2882121975213416 1.7185791678940288 71.341436705838959 78 76 66 2.0673894409691922 135 25 140 19 137 21 143 36 145 38 144 32 142 28 146 31 147 29 151 39 149 41 148 39 155 42 156 37 152 39 150 43 154 30 153 28 158 29 161 47 165 61 159 53 163 54
15 -1.0262839375797947 9.2305872622343745 42.532471720467491 88 139 208 0.45572159780893667 135 18 141 18 140 21 137 22 143 25 136 20 138 24 145 21 144 23 142 14 146 21 147 16 151 17 149 13 148 23 155 15 156 15 152 12 150 18 154 14 153 19 160 17 133 29 157 21 158 20 161 20 162 14 165 15 159 16 131 27 129 26 128 27 130 26 127 20 134 27 132 17 139 26 126 14 163 17 118 20 116 25 114 25 120 22 117 22 115 24 108 32 112 24 113 20 109 29 103 18 105 20 104 23 96 28 101 25 89 26 107 26 106 23 110 28 100 15 97 28 98 29 102 20 90 28 93 26 11 26 6 26 87 27 71 26 56 27 32 34 41 28 48 40 59 26 60 46 62 25 31 27 80 28 15 27 49 32 82 28 81 37 68 24 55 28 57 27 22 23 51 26 37 27 39 26 28 28 40 25 88 22 42 34 85 27 79 25 83 28 17 29 74 26 84 27 52 25 53 28 33 27 70 37 38 36 34 27 26 26 73 30 69 25 23 38 30 27 16 22 18 32 35 27 95 24 21 23 66 29 78 28 86 27 46 26 65 26 3 30 99 27 2 26 8 29 92 20 76 27 50 26 1 28 67 29 25 35 58 27 54 37 61 25 29 26 24 26 27 36 10 20 43 26 14 26 20 28 47 26 12 29 72 28 7 26 94 21 19 27 9 21 64 24 63 27 44 27 13 27 5 32 75 27 91 23 36 26 77 27 45 30 111 20 4 31
16 -3.3038361394443894 12.410145507983426 41.763088870353457 80 122 174 0.49244268480088194 135 24 141 19 136 22 138 23 145 24 144 24 151 11 149 15 148 14 155 18 156 18 152 17 154 17 160 21 133 25 131 24 129 27 128 29 127 18 134 26 126 17 124 16 123 20 122 15 125 16 59 36 32 35 48 32 56 35 71 34 89 25 93 19 87 24 90 24 41 38 60 40 62 34 31 32 80 37 15 22 49 39 82 34 81 32 68 22 55 36 57 38 22 36 51 37 37 38 39 34 28 38 40 28 88 32 42 37 85 34 79 34 83 23 17 32 74 37 84 22 52 31 53 37 33 39 70 30 38 28 34 36 26 38 73 38 69 29 23 36 30 38 16 30 18 33 35 37 95 17 21 37 66 35 78 36 86 24 46 36 65 34 3 25 16 25 35 31 66 25 22 32 31 31 40 29 49 35 51 30 59 24 60 33 65 30 68 32 70 24 71 24 83 31 89 29 30 31 32 36 33 31 34 24 38 25 42 30 17 23 18 22 23 24 21 30 84 31 15 30 46 24 79 23 41 32 37 31 39 24 26 23 28 32 96 31 52 27 57 31 69 23 80 24 82 31 85 31 86 30 87 30 88 26 90 30 93 29 95 27 78 32 48 28 53 32 55 29 56 31 62 29 73 27 74 30 81 26 2 25 92 30 92 32 76 21 76 25 50 30 50 36 1 31 67 25 67 26 25 30 25 39 58 31 58 35 54 24 54 29 61 27 61 39 29 30 29 37 24 29 24 34 27 22 27 33 43 30 43 34 14 22 14 29 20 24 20 30 47 30 47 36 12 26 12 31 72 22 72 31 94 19 94 25 19 22 19 30 64 27 64 34 63 31 63 38 44 31 44 37 13 23 13 30 75 23 75 31 91 18 91 26 36 28 36 30 77 23 77 35 45 28 45 33 4 29
17 -5.7275073559235752 12.725206906124905 41.727843869851675 55 116 172 0.60476574062798927 135 20 141 20 140 23 137 19 143 17 136 24 138 22 145 25 144 16 142 17 146 18 147 18 151 20 149 16 148 15 155 19 156 19 152 18 150 21 154 18 153 22 160 22 133 31 157 14 161 15 162 16 165 18 159 14 131 23 129 28 128 24 130 27 127 22 134 28 132 19 139 28 126 18 163 18 124 15 123 18 118 21 121 15 122 14 116 27 114 24 125 17 120 20 117 25 115 20 119 19 164 16 108 20 112 19 113 24 109 22 103 14 105 22 104 14 96 32 101 17 101 20 103 17 107 23 106 26 110 30 100 16 100 21 97 31 98 22 98 24 102 14 102 17 93 18 93 30 11 29 6 19 71 31 71 38 48 29 48 42 59 30 59 31 60 34 60 39 31 24 31 37 80 31 80 36 15 31 49 30 49 38 81 25 81 31 22 33 22 37 51 24 51 36 37 32 37 37 39 31 39 39 28 31 28 33 42 23 42 36 17 27 74 31 74 36 52 28 52 39 33 32 33 38 70 26 70 29 26 31 26 37 73 26 73 37 23 26 23 35 30 24 30 37 16 26 35 24 35 32 95 28 21 24 21 36 46 30 46 31 65 31 65 35 3 26 99 17 99 21 2 22 8 20 50 31 50 37 1 32 25 29 25 33 54 26 54 39 61 28 61 37 29 31 29 36 24 30 24 33 10 31 14 30 12 32 72 23 72 32 7 29 94 20 94 24 19 31 19 36 9 29 63 32 63 37 13 31 5 29 91 17 91 27 36 31 36 34 111 23 4 30
18 -2.1506268853149115 14.126118344262403 41.898842898107894 2 31 62 0.16712338119289333 135 21 141 21 140 24 137 18 143 18 136 25 138 21 145 28 144 17 142 18 146 17 147 19 151 15 149 17 148 16 155 20 156 20 152 19 150 22 154 19 153 13 160 12 133 20 157 15 158 17 161 14 162 17 165 19 159 13 131 20 129 17 128 18 130 17 127 24 134 20 132 27 139 19 126 20 163 19 124 13 123 16 118 22 121 17 122 12 116 18 114 30 125 19 120 18 117 21 115 18 119 20 164 15 108 25 112 23 113 21 109 24 103 16 105 24 104 16 96 34 101 22 89 21 107 22 106 28 110 22 100 18 97 25 98 19 102 15 90 20 93 32 11 21 6 22 87 20 71 33 56 33 32 25 41 34 48 31 59 33 60 36 62 31 31 34 80 33 15 33 49 34 82 27 81 28 68 27 55 32 57 33 22 35 51 33 37 34 39 33 28 35 40 31 88 28 42 27 85 33 79 31 83 27 17 24 74 33 84 33 52 30 53 34 33 34 70 28 38 27 34 33 26 33 73 35 69 31 23 28 30 34 16 31 18 27 35 34 95 30 21 21 66 28 78 34 86 20 46 33 65 33 3 20 99 18 2 30 8 25 92 27 76 22 50 33 1 22 67 33 25 25 58 33 54 28 61 30 29 33 24 32 27 25 10 32 43 32 14 32 20 32 47 32 12 22 72 34 7 31 94 23 19 33 9 20 64 29 63 34 44 33 13 21 5 26 75 33 91 15 36 33 77 29 45 26 111 25 4 24
19 3.9845717695437299 17.49383273980218 41.424796538642312 3 38 69 1.0247145035810541 135 34 141 23 140 18 137 24 143 28 136 23 138 17 145 20 144 19 142 25 146 14 147 25 151 12 149 21 148 13 155 13 156 12 152 10 150 15 154 12 153 16 160 14 133 26 157 18 158 14 161 18 162 20 165 14 159 19 131 16 129 20 128 22 128 30 130 23 127 28 127 29 134 24 132 24 139 21 126 24 126 25 163 22 164 18 124 6
20 -6.0371986761116876 16.250345603892931 41.444535705846498 35 102 152 0.78850514810347083 135 23 141 24 140 20 137 16 143 19 136 17 138 18 145 27 144 21 142 21 146 15 147 21 151 13 149 19 148 18 155 22 156 22 152 21 150 24 154 21 153 15 160 19 133 23 157 17 158 15 161 22 162 19 159 12 131 17 129 22 128 21 130 20 127 27 134 23 132 23 139 20 126 23 163 13 124 17 123 13 121 19 122 18 114 19 125 14 120 15 117 16 119 16 164 11 113 16
21 7.9602253602628732 0.1462261018434666 76.577445641186699 145 145 143 1.7345955834821993 135 35 141 25 140 27 137 32 136 27 138 19 151 38 149 40 148 40 155 41 156 27 152 38 150 42 162 60 165 60 159 46 163 52
22 -2.4424562313058416 7.826655637935958 42.091030975747643 90 140 206 0.27156484717014912 135 27 141 26 140 29 137 25 143 34 136 26 138 31 145 34 144 28 142 22 146 28 147 23 151 26 149 25 148 27 155 26 156 23 152 25 150 27 154 25 153 24 160 24 133 35 157 25 131 28 129 32 128 33 130 29 127 32 134 32 132 33 139 31 126 26 124 21 123 25 118 29 121 24 122 24 116 32 114 34 125 24 120 29 117 34 115 30 119 25 108 36 112 27 113 30 109 30 103 29 105 31 104 26 101 27 89 39 107 34 106 32 110 37 100 25 97 36 98 33 102 26 90 32 11 31 6 35 87 32 71 44 56 47 32 41 41 48 48 44 59 41 60 50 62 39 31 43 80 44 15 41 49 44 82 35 81 41 68 42 55 42 57 47 22 40 51 43 37 46 39 46 28 42 40 43 88 36 42 48 85 40 79 40 83 39 17 40 74 44 84 40 52 40 53 43 33 47 70 41 38 39 34 41 26 44 73 45 69 42 23 42 30 42 16 39 18 37 35 44 21 42 66 43 78 42 86 39 46 42 65 48 3 33 99 29 2 38 8 31 92 34 76 42 50 47 1 33 67 42 25 40 58 43 54 41 61 40 29 41 24 42 27 40 10 37 43 40 14 34 20 44 47 45 12 34 72 49 7 33 19 37 9 33 64 39 63 46 44 39 13 36 5 40 75 43 36 49 77 42 45 39 111 31 4 37
23 -4.0946620105631562 11.489970961503305 41.78341660316206 78 121 179 0.66656249745392282 135 29 141 27 137 29 143 30 136 32 145 19 144 25 116 23 117 20 115 28 108 23 109 34 103 23 107 28 110 32 100 22 98 37 102 24
24 -5.5941318546907022 10.668163041786858 41.830346927095455 0 24 58 0.16892165434574044 135 28 141 28 140 32 137 28 143 29 136 29 138 33 145 37 144 30 142 24 146 22 147 26 151 22 149 26 148 26 155 27 156 24 152 26 150 28 154 26 153 23 160 23 133 34 157 22 158 23 161 27 162 24 165 25 159 22 131 29 129 30 128 32 130 31 127 31 134 31 132 30 139 33 126 30 163 21 124 19 123 23 118 27 121 27 122 23 116 29 114 35 125 23 120 31 117 31 115 27 119 29 164 26 108 35 112 32 113 27 109 35 103 22 105 29 104 24 96 42 101 32 89 35 107 38 106 35 110 31 100 26 97 32 98 34 102 23 90 36 93 39 11 37 6 31 87 36 71 41 56 44 32 40 41 42 48 47 59 45 60 56 62 36 31 47 80 48 15 37 49 48 82 36 81 44 68 41 55 44 57 41 22 44 51 44 37 43 39 43 28 46 40 37 88 39 42 43 85 37 79 37 83 36 17 37 74 43 84 35 52 44 53 46 33 42 70 44 38 42 34 44 26 45 73 43 69 39 23 45 30 45 16 38 18 42 35 47 95 33 21 46 66 47 78 47 86 33 46 46 65 42 3 35 99 32 2 35 8 30 92 37 76 39 50 41 1 37 67 37 25 48 58 40 54 44 61 45 29 45 24 39 27 43 10 35 43 37 14 38 20 39 47 39 12 38 72 47 7 36 94 39 19 41 9 30 64 42 63 43 44 40 13 33 5 34 75 40 91 31 36 43 77 37 45 45 111 28 4 39
25 -2.4401950137199759 10.703667653858258 42.026464732033546 3 32 60 0.14839203410871141 135 33 141 30 140 33 137 27 143 31 136 28 138 32 145 36 144 26 142 27 146 27 147 27 151 27 149 20 148 25 155 28 156 25 152 27 150 29 154 27 153 25 160 26 133 32 157 23 158 24 161 28 162 23 165 22 159 18 131 30 129 29 128 35 130 30 127 30 134 30 132 31 139 32 126 27 163 16 124 18 123 22 118 26 121 25 122 22 116 28 114 33 125 22 120 30 117 33 115 32 119 27 164 25 108 34 112 30 113 26 109 31 103 21 105 28 104 27 96 38 101 33 89 32 107 37 106 34 110 33 100 23 97 38 98 35 102 28 90 38 93 37 11 35 6 32 87 37 71 47 56 41 32 45 41 47 48 51 59 48 60 53 62 41 31 45 80 40 15 35 49 41 82 43 81 46 68 38 55 39 57 42 22 47 51 46 37 48 39 40 28 43 40 42 88 42 42 49 85 35 79 44 83 41 17 39 74 47 84 42 52 47 53 49 33 50 70 48 38 45 34 48 26 47 73 40 69 45 23 48 30 51 16 40 18 35 35 46 95 34 21 39 66 40 78 44 86 35 46 48 65 43 3 34 11 33 16 37 35 50 66 38 22 43 31 49 40 36 49 47 51 40 59 44 60 51 65 41 68 45 70 43 71 45 83 37 89 34 30 46 32 48 33 44 34 45 38 41 42 46 17 36 18 41 23 44 6 30 15 39 26 49 28 44 39 47 41 41 53 45 56 48 69 43 81 40 82 37 84 36 95 31 96 43 97 39 88 34 93 35 98 39 78 45 90 35 101 29 80 47 87 35 79 42 85 38 86 32 55 46 73 44 74 40 37 42 21 44 48 46 57 40 52 43 62 37 46 45 99 33 99 35 2 32 8 33 92 36 92 40 76 36 76 40 50 40 50 44 1 35 67 36 67 39 25 43 25 45 58 41 58 48 54 43 54 47 61 44 61 47 29 42 29 46 24 38 24 40 27 42 27 45 10 33 43 38 43 41 14 37 14 42 20 38 20 41 47 38 47 42 12 37 12 39 72 45 72 50 7 35 7 38 94 38 94 42 19 42 19 45 9 31 9 35 64 41 64 46 63 42 63 49 44 41 44 47 13 34 13 38 5 33 75 41 75 47 91 32 91 34 36 48 36 52 77 39 77 45 45 42 45 46 111 32 4 38
26 -1.0934965518881232 6.6644753885594383 45.741199799594781 114 146 205 1.4909031584614323 135 26 141 31 140 28 137 23 143 35 136 19 138 26 145 32 133 28 131 26 129 24 128 26 130 25 127 19 134 19 132 28 139 23 115 16 96 19 95 20
29 -5.1985470190156677 7.8719691630221202 41.575056008629673 0 31 62 0.19673375563777692 135 37 141 36 140 37 137 36 143 37 136 37 138 34 145 41 144 35 142 36 146 29 147 36 151 37 149 22 148 28 155 23 156 29 152 22 150 25 154 32 153 30 160 31 133 42 157 30 158 27 161 26 162 22 165 21 159 26 131 37 129 35 128 39 130 36 127 36 134 36 132 39 139 48 126 31 163 20 124 27 123 32 118 31 121 30 122 25 116 31 114 39 125 29 120 34 117 35 115 29 119 31 164 24 108 37 112 28 113 31 109 36 103 32 105 41 104 29 96 46 101 38 89 31 107 35 106 40 110 34 100 33 97 44 98 43 102 42 90 33 93 44 11 49 6 40 87 33 71 43 56 46 32 42 41 49 48 45 59 40 60 49 62 38 31 42 80 45 15 55 49 45 82 39 81 42 68 43 55 43 57 48 22 41 51 42 37 45 39 45 28 41 40 44 88 37 42 42 85 42 79 39 83 43 17 44 74 42 84 38 52 41 53 42 33 46 70 42 38 40 34 40 26 43 73 47 69 41 23 40 30 48 16 43 18 49 35 43 95 40 21 43 66 44 78 41 86 38 46 41 65 49 3 39 99 39 2 48 80 42 31 48 40 41 48 48 71 40 79 46 46 44 70 46 73 42 30 44 32 47 33 43 34 43 35 49 37 50 38 43 39 42 41 44 42 41 49 43 51 48 52 50 53 44 55 41 56 43 57 44 59 43 60 55 62 44 65 47 66 42 68 40 69 38 74 49 81 48 8 43 92 35 76 38 76 43 50 43 50 48 1 44 67 40 67 43 25 41 58 42 58 46 54 42 54 45 61 41 61 42 29 44 29 48 24 44 27 41 10 42 43 39 43 44 14 45 20 36 47 41 47 46 12 43 72 41 72 48 7 41 94 51 19 43 9 39 64 40 64 43 63 45 63 51 44 43 44 44 13 50 5 48 75 39 75 42 91 38 36 47 36 50 77 41 77 43 45 40 45 41 111 34 4 45
30 -5.4541580947583599 9.2125674674431544 41.839338762977896 64 129 207 0.32328803987826787 135 38 141 37 140 38 137 35 143 38 136 38 138 49 145 42 144 36 142 30 146 40 147 31 151 33 149 31 148 29 155 33 156 30 152 32 150 31 154 33 153 36 160 32 133 43 157 31 158 26 161 34 162 27 165 39 159 32 131 36 129 36 128 40 130 37 127 37 134 37 132 40 139 47 126 32 163 31 124 26 123 29 118 41 121 31 122 30 116 34 114 40 125 30 120 32 117 36 115 34 119 39 164 30 108 47 112 42 113 34 109 39 103 33 105 37 104 30 96 47 101 39 162 30 89 41 107 48 106 41 110 42 100 34 97 45 98 44 102 41 90 44 93 46 11 48 6 41 87 44 71 59 56 60 32 60 41 62 48 63 59 60 60 68 62 56 31 64 80 58 15 54 49 60 82 47 81 60 68 57 55 58 57 61 22 52 51 61 37 62 39 60 28 56 40 57 88 45 42 62 85 47 79 54 83 53 17 45 74 63 84 47 52 54 53 62 33 64 70 61 38 59 34 61 26 59 73 50 69 57 23 50 30 63 16 47 18 50 35 63 95 42 21 48 66 60 78 55 86 44 46 60 65 62 3 40 99 40 2 45 8 41 92 51 76 53 50 61 1 45 67 55 25 60 58 60 54 60 61 52 29 62 24 56 27 54 10 43 43 58 14 46 20 47 47 59 12 44 72 62 7 42 94 45 19 52 9 40 64 59 63 63 44 60 13 49 5 42 75 55 91 40 36 64 77 58 45 58 111 38 4 43
32 -5.0261182706436687 14.292280725182538 41.647776097219477 3 29 55 0.15162484089485553 135 44 141 39 140 41 137 45 143 40 136 46 138 47 145 45 144 39 142 32 146 38 147 33 149 29 148 31 155 31 156 32 152 36 150 33 154 35 153 34 160 34 133 49 157 35 158 33 161 33 162 34 165 35 131 33 129 38 128 47 130 41 127 38 134 39 132 42 139 40 126 34 124 23 123 37 118 33 121 34 122 27 116 43 114 48 125 33 120 35 117 43 115 44 119 33 108 38 112 43 113 38 109 42 103 39 105 39 104 40 96 54 104 32 103 36 105 44 108 44 109 45 118 36 115 39 113 36 116 39 117 40 114 44 120 39 101 45 89 44 107 41 107 45 106 44 106 49 110 44 110 46 100 36 100 43 97 52 98 48 102 38 102 43 90 47 93 52 11 45 6 48 87 47 71 53 56 53 32 53 41 56 48 56 59 51 60 61 62 47 31 54 80 56 15 50 49 49 82 49 81 53 68 47 55 48 57 55 22 55 51 53 37 60 39 54 28 53 40 51 88 50 42 59 85 51 79 51 83 50 17 48 74 53 84 52 52 57 53 52 33 57 70 54 38 52 34 52 26 52 73 57 69 50 23 53 30 55 16 50 18 47 35 55 95 46 21 55 66 49 78 52 86 52 46 51 65 56 3 43 99 43 2 50 8 39 92 41 76 51 50 55 1 49 67 49 25 53 58 50 54 53 61 55 29 55 24 53 27 51 10 45 43 50 14 49 20 50 47 53 12 47 72 56 7 45 94 48 19 54 9 43 64 52 63 55 44 53 13 52 5 52 75 52 91 47 36 57 77 47 45 49 111 40 111 45 4 40
33 -7.0280109142246596 14.458827791701106 41.563274997502255 2 27 57 0.21932321631646776 135 43 141 40 140 42 137 44 143 42 136 41 138 45 145 44 144 37 142 33 146 36 147 34 151 30 149 28 148 32 155 30 156 33 152 30 150 34 154 36 153 35 160 35 133 48 157 37 158 31 161 37 162 32 165 36 159 30 131 32 129 42 128 46 130 40 127 46 134 40 132 44 139 39 126 35 163 39 124 22 123 27 118 40 121 41 122 26 116 42 114 47 125 34 120 33 117 42 115 41 119 32 164 34 108 40 112 39 113 35 109 43 103 40 105 40 104 37 96 55 101 44 89 51 107 40 106 45 110 48 100 38 97 50 98 51 102 36 90 52 93 48 11 41 6 50 87 53 71 50 56 59 32 49 41 61 48 62 59 57 60 59 62 50 31 59 80 50 15 46 49 51 82 51 81 58 68 51 55 50 57 59 22 60 51 59 37 61 39 51 28 58 40 56 88 51 42 54 85 54 79 55 83 47 17 51 74 58 84 48 52 61 53 59 33 60 70 58 38 58 34 57 26 57 73 48 69 47 23 58 30 60 16 53 18 51 35 60 95 43 21 51 66 51 78 57 86 47 46 57 65 60 3 50 99 46 2 39 8 46 92 46 76 52 50 58 1 51 67 52 25 56 58 57 54 59 61 60 29 59 24 50 27 56 10 44 43 55 14 58 20 54 47 58 12 50 72 54 7 52 94 55 19 57 9 47 64 58 63 60 44 57 13 56 5 43 75 50 91 42 36 61 77 55 45 52 111 44 4 46
34 -7.0463496433266455 14.454974661362927 41.521422481312413 2 27 57 0.35168114575220344 135 45 141 41 140 43 137 47 143 41 136 44 138 51 145 47 144 41 142 35 146 35 147 38 151 32 149 33 148 35 155 35 156 36 152 35 150 35 154 38 153 37 160 37 133 45 157 36 158 32 161 35 162 33 165 40 159 37 131 39 129 39 128 42 130 43 127 44 134 41 132 45 139 43 126 38 163 40 124 30 123 33 118 38 121 39 122 33 116 41 114 43 125 35 120 40 117 39 115 37 119 35 164 32
36 -10.101085367268162 1.8215813550163944 78.150921060902817 252 255 253 2.4070786316074098 135 62 141 45 140 46 137 55 143 79 138 30 145 66 144 57 147 62 142 69 146 65 148 70 151 50 155 65 152 61
37 -3.8673455558999636 7.8040585907067532 41.746498150534833 87 144 220 0.65768754708841548 135 50 141 48 140 52 137 57 143 44 136 50 138 55 145 52 144 43 142 46 146 50 147 42 151 41 149 43 148 38 155 44 156 39 152 42 150 44 154 41 153 42 160 40 133 60 157 42 158 37 161 38 162 48 131 50 129 61 128 52 130 48 127 49 134 51 132 51 139 54 126 51 124 35 123 40 118 46 121 43 122 39 116 50 114 53 125 41 120 47 117 51 115 51 119 42 108 53 112 49 113 47 109 50 103 49 105 51 104 47 101 58 89 59 107 55 110 64 100 55 98 53 102 47 90 65 93 45 11 64 6 54 87 61 71 75 60 82 80 60 15 68 82 67 57 69 39 61 40 74 88 56 85 71 79 67 83 56 17 71 74 74 84 64 23 61 30 78 18 63 35 78 95 41 86 58 3 59 99 59 2 53 8 61 92 63 76 63 1 57 29 73 24 66 10 61 14 68 12 62 7 62 94 44 9 62 44 73 13 69 5 64 75 69 91 39 45 62 111 56 4 57
39 -0.92585096924973542 10.525627175895714 42.041019005190712 92 134 194 0.3215452485397105 135 52 141 50 140 50 137 49 143 46 136 54 138 52 145 49 144 45 142 40 146 44 147 45 151 47 149 46 148 45 152 45 150 47 154 43 157 44 162 50 131 47 129 47 128 49 130 50 127 51 134 54 132 53 139 51 124 48 123 47 120 52 114 50 118 49 117 47 115 46 108 57 112 46 113 44 105 55 104 51 96 69 96 70 101 53 101 56 89 65 89 67 106 55 110 56 100 50 97 61 97 67 98 59 98 63 89 63 97 60 101 61 96 72 102 51 90 57 90 69 90 71 93 58 93 62 93 69 11 62 6 64 87 55 87 56 87 58 71 63 71 69 71 70 56 63 56 68 56 69 32 70 32 73 32 74 41 67 41 69 41 73 48 65 48 74 48 79 59 66 59 69 59 71 60 69 60 74 60 75 62 62 62 63 62 72 31 69 31 70 31 79 80 59 80 62 80 65 15 61 15 72 49 65 49 68 49 74 82 56 82 60 82 61 81 62 81 73 81 74 68 64 68 67 68 69 55 59 55 65 55 66 57 63 57 72 57 78 22 62 22 72 22 79 51 68 51 74 51 75 37 70 37 72 37 75 39 65 39 70 39 71 28 64 28 67 28 75 40 68 40 75 40 76 88 60 88 66 88 70 42 64 42 67 42 68 85 60 85 66 85 68 79 69 79 72 79 75 83 60 83 63 17 58 17 62 74 65 74 67 74 78 84 60 84 61 84 68 52 71 52 72 52 75 53 68 53 74 53 76 33 71 33 73 33 74 70 70 70 71 70 75 38 65 38 69 38 70 34 66 34 67 34 78 26 62 26 63 26 73 73 63 73 64 73 72 69 72 69 75 69 77 23 65 23 69 23 72 30 65 30 72 30 73 16 66 16 72 16 75 18 60 18 61 18 67 35 65 35 68 35 69 95 55 95 59 95 61 21 64 21 65 21 74 66 67 66 71 66 72 78 64 78 71 78 73 86 54 86 63 86 67 46 64 46 68 46 69 65 64 65 71 65 74 3 54 99 52 99 53 99 54 2 57 8 54 92 56 92 67 92 69 76 59 76 65 76 68 50 63 50 65 50 68 1 61 67 56 67 61 67 62 25 61 25 62 25 74 58 63 58 64 58 76 54 61 54 71 54 73 61 69 61 77 61 78 29 64 29 66 29 77 24 62 24 68 24 71 27 59 27 60 27 70 10 55 43 63 43 69 43 70 14 63 14 64 14 74 20 59 20 61 20 67 47 62 47 63 47 66 12 59 72 66 72 68 72 76 7 55 94 64 94 65 94 69 19 66 19 72 19 76 9 66 64 64 64 69 64 74 63 64 63 65 63 79 44 64 44 65 44 78 13 58 13 63 5 68 75 60 75 66 75 68 91 57 91 58 91 67 36 67 36 70 36 73 77 62 77 68 77 72 45 66 45 68 45 74 4 61
40 -3.8629283238336534 14.213867615893546 41.299255887547197 73 112 154 0.29516359553779026 135 53 141 53 140 54 137 50 143 47 136 53 138 53 145 50 144 47 142 41 146 46 147 46 151 45 149 49 148 47 152 47 153 41 133 52 131 46 129 48 128 56 130 51 127 52 134 55 132 54 139 50 126 52 124 36 123 42 122 41 125 42 11 63 87 64 90 70 71 64 56 64 48 66 59 67 62 73 124 38 122 35 125 44 126 40 128 57 131 59 134 47 129 55 132 50 133 55 127 59 130 56 31 80 15 73 49 66 82 57 55 60 22 73 28 65 40 69 88 61 85 61 79 73 17 59 74 79 84 56 38 71 34 63 73 73 23 73 30 66 16 61 18 68 35 66 21 75 66 68 86 66 2 58 50 69 1 62 54 74 61 70 7 56 5 69 75 61
42 -0.92040911359293465 10.534940134818665 42.087514452483852 92 134 194 0.33391686350866462 135 48 141 55 140 58 137 51 143 48 136 56 138 59 145 57 142 43 146 51 147 47 151 48 149 34 148 49 150 39 154 47 157 38 131 58 129 54 128 58 130 55 127 54 134 48 139 55 120 44 105 57 104 44 96 73 101 60 89 66 106 61 110 59 100 56 97 66 98 57 102 54 90 56 93 66 87 68 71 68 56 67 32 75 41 68 48 75 59 70 60 73 62 61 31 68 80 72 49 73 82 63 81 72 68 68 55 64 57 64 22 63 51 73 37 68 39 69 28 68 40 59 88 71 42 69 85 67 79 65 83 62 74 66 84 59 52 70 53 73 33 67 70 69 38 68 34 65 26 60 73 62 69 64 23 71 30 74 16 76 18 64 35 74 95 52 21 63 66 70 78 75 86 64 46 67 65 73 99 63 92 68 76 58 50 64 67 63 25 79 58 62 54 72 61 76 29 65 24 61 27 61 43 71 14 62 20 75 47 61 72 77 94 63 19 73 64 65 63 71 44 75 75 65 91 56 36 72 77 69 45 73
43 -2.0966511415947839 13.470454447007526 42.561771928995149 5 44 79 0.55160328220844013 135 64 141 57 137 62 143 58 136 62 138 71 145 60 144 58 131 60 129 64 128 67 130 62 127 68 134 64 132 69 126 61 123 44 118 50 122 51 116 73 114 59 119 46 103 89 104 76 101 93 110 68 97 80 89 95 102 89 98 147 89 157 97 146 101 142 96 160 103 168 90 91 90 162 93 164 11 158 6 88 6 144 87 121 71 92 71 169 56 101 56 159 32 101 32 178 41 108 41 177 48 175 59 77 59 167 60 111 60 168 62 90 62 167 31 94 31 166 80 88 80 163 15 108 15 162 49 98 49 170 82 86 82 163 81 108 81 172 68 97 68 168 55 89 55 164 57 98 57 175 22 97 22 165 51 92 51 174 37 95 37 167 39 93 39 174 28 102 28 162 40 84 40 166 88 89 88 155 42 93 42 167 85 108 85 162 79 98 79 147 83 84 83 155 17 99 17 157 74 108 74 161 84 89 84 152 52 108 52 160 53 97 11 147 6 145 15 149 17 148 22 157 28 168 31 167 39 152 41 176 56 182 59 152 60 173 68 151 71 148 81 176 82 147 84 137 89 148 96 166 97 150 103 181 101 145 88 141 93 156 98 127 32 160 90 154 48 179 52 162 57 174 79 168 80 154 83 149 85 141 49 153 40 146 55 146 74 166 37 171 42 150 51 156 62 169 33 107 33 174 33 177 70 104 70 149 70 171 38 92 38 169 38 173 34 103 34 164 34 167 26 93 26 147 26 166 73 98 73 143 73 162 69 163 69 176 23 96 23 145 23 166 30 97 30 153 30 167 16 103 16 153 16 167 18 101 18 161 18 163 35 116 35 157 35 178 95 127 21 109 21 145 21 166 66 95 66 175 66 180 78 102 78 149 78 164 86 86 86 141 86 147 46 146 46 148 65 94 65 150 65 169 3 86 3 143 3 151 99 84 99 126 99 142 2 100 2 141 2 153 8 88 8 144 8 149 92 87 92 157 92 169 76 89 76 136 76 148 50 94 50 174 50 182 1 154 1 159 67 93 67 148 67 165 25 94 25 161 25 168 58 92 58 160 58 170 54 98 54 151 54 165 61 101 61 159 61 167 29 102 29 150 29 164 24 96 24 142 24 162 27 73 27 162 27 171 10 93 10 138 10 140 43 89 43 155 43 162 14 104 14 169 14 170 20 101 20 157 20 170 47 108 47 171 47 173 12 135 12 152 72 108 72 160 72 170 7 88 7 136 7 151 94 143 94 148 19 103 19 166 19 169 9 120 64 101 64 149 64 170 63 96 63 168 63 179 44 92 44 159 44 162 13 139 13 146 5 102 5 144 5 152 75 96 75 143 75 160 91 95 91 131 91 149 36 93 36 150 36 174 77 86 77 147 77 165 45 151 45 160 4 97 4 140 4 145
45 -6.0067814425125867 14.363964963764646 41.627753055141127 52 105 153 0.23257138997090204 135 79 141 68 140 80 137 77 143 69 136 85 138 90 145 85 144 60 142 55 146 74 151 72 149 70 152 59 150 65 153 62 160 68 133 76 162 73 165 68 159 64 131 83 129 96 128 85 130 92 127 74 134 88 132 85 139 82 126 73 163 76 124 69 123 58 118 80 121 68 122 59 116 79 114 82 125 61 120 80 117 85 115 86 119 75 164 76 108 96 112 77 113 76 109 87 103 73 105 82 104 72 96 103 104 73 112 78 108 88 109 86 113 75 115 87 118 81 119 76 121 67 103 74 105 83 122 58 117 86 114 81 116 78 120 81 101 71 107 82 107 83 106 89 106 93 110 91 110 92 100 67 97 94 98 93 102 88 99 88 111 79 111 81
46 -22.1391162187162 28.89569378079463 38.289766709880809 108 108 104 0.92802316860465395 135 80 141 72 140 88 143 129 140 117 136 84 138 91 138 145 145 132 144 94 142 89 146 110 149 61 149 149 136 137 148 59 155 151 156 59 152 121 150 69 154 66 154 103 153 96 160 50 133 165 157 131 158 60 161 71 161 163 162 133 165 84 165 94 159 86 159 132 131 81 129 142 128 92 130 161 127 124 134 90 134 136 132 89 132 147 126 120 163 101 124 72 123 68 123 92 118 59 118 144 121 77 116 119 114 112 125 62 125 115 120 63 120 129 117 121 115 111 119 64 164 133 108 119 112 84 113 109 109 156 103 80 103 176 105 109 96 84 96 130 101 149 89 159 107 85 106 84 106 137 110 134 100 105 97 97 97 118 98 92 98 132 102 87 90 97 93 104 11 150 6 87 6 151 87 126 87 148 71 97 56 181 32 103 41 201 48 99 48 190 59 101 59 171 60 115 62 105 62 171 80 95 80 143 15 158 49 200 82 109 81 131 59 142 68 102 68 149 68 207 55 142 57 168 22 98 37 100 39 104 28 107 40 149 88 99 88 148 42 117 42 122 85 151 83 88 17 181 74 168 84 187 52 102 53 165 33 126 33 191 70 132 70 173 34 183 26 201 73 148 69 99 69 172 23 155 30 161 16 108 17 103 18 102 18 144 95 86 95 100 21 93 21 142 66 100 78 106 86 123 46 102 46 144 65 184 3 78 3 145 99 164 2 118 3 108 17 109 8 113 92 86 92 146 76 92 76 185 50 185 1 86 1 118 67 101 58 96 58 114 61 194 29 147 24 169 27 144 43 182 14 99 20 94 20 132 47 105 12 198 72 148 7 89 7 166 94 92 94 169 64 148 63 100 44 166 13 165 75 194 91 176 36 90 77 90 45 100 111 77 4 105
48 1.150638597615689 4.0001449276700374 65.793204683555444 254 252 237 0.89149770624754898 135 102 141 76 140 93 137 104 143 81 145 82 144 71 146 81 147 83 157 114 162 151 165 120
49 0.61760831243953385 4.9679093141868327 66.321235216732347 78 82 81 1.2674130165795341 135 60 141 77 140 68 137 63 143 60 136 60 138 63 145 61 144 70 142 50 146 53 147 55 151 58 149 59 148 63 155 59 156 65 152 62 150 76 154 60 153 64 160 56 157 56 158 47 161 58 162 67 165 76 159 74 163 77
50 -2.9844303747805725 7.4835374601771161 41.833486088621427 4 36 69 0.16960296198236877 135 97 141 78 140 89 137 95 143 83 136 67 138 75 145 73 144 69 142 65 146 69 147 68 151 60 149 63 148 60 155 61 156 56 152 69 150 61 154 62 153 55 160 58 133 89 157 58 158 49 161 60 162 66 131 84 159 68 165 70 129 75 128 79 130 90 127 79 134 83 132 78 139 68 126 83 163 66 124 66 123 65 118 70 121 61 122 64 116 60 114 76 125 56 120 70 117 76 115 76 119 53 164 86 108 93 112 67 113 61 109 81 103 85 105 73 104 80 96 92 101 79 89 83 107 76 106 88 110 86 100 77 97 84 98 83 102 80 90 107 93 97 11 86 6 92 87 97 71 88 56 95 32 92 41 99 48 108 59 94 60 107 62 99 31 111 80 105 15 103 49 94 82 83 81 97 68 89 55 107 57 101 22 107 51 89 37 92 39 89 28 98 40 101 88 85 42 90 85 103 79 95 83 79 17 96 74 106 84 86 52 95 53 94 33 103 70 97 38 87 34 99 26 106 73 94 69 90 23 103 30 117 16 97 18 107 35 94 95 78 21 101 66 91 78 98 86 96 46 95 65 97 3 97 99 80 2 87 8 85 92 90 76 85 50 99 1 100 67 99 25 106 58 88 54 102 61 105 29 99 24 92 27 88 10 95 43 86 14 109 20 110 47 92 12 97 72 115 7 93 94 89 19 97 9 91 64 92 63 92 44 107 13 92 5 90 75 92 91 90 36 96 77 106 45 101 111 70 4 85
51 -1.890772095991383 7.4546747935154132 41.837306255840446 9 37 69 0.25995672964437899 135 98 141 79 140 83 137 72 143 66 136 68 138 76 145 86 144 68 142 58 146 72 147 67 151 59 149 67 148 61 155 60 156 55 152 68 150 70 154 61 153 56 160 57 133 91 157 57 158 48 161 59 162 64 131 86 129 76 128 78 130 93 127 78 134 84 132 79 139 79 126 82 163 65 159 67 165 77 124 65 123 50 118 69 121 62 122 63 116 61 114 74 125 57 120 69 117 77 115 77 119 52 164 87 108 94 112 68 113 62 109 82 103 86 105 74 104 79 96 104 101 78 89 81 107 77 106 87 110 88 100 78 97 96 98 84 102 81 90 94 93 98 11 94 6 91 87 90 71 89 56 96 32 93 41 98 48 107 59 95 60 108 62 100 31 112 80 110 15 104 49 95 82 84 81 91 68 90 55 86 57 100 22 101 51 90 37 93 39 90 28 99 40 99 88 86 42 91 85 104 79 96 83 80 17 97 74 90 84 87 52 97 53 95 33 104 70 96 38 91 34 100 26 107 73 95 69 91 23 107 30 94 16 96 18 106 35 95 95 95 21 102 66 92 78 99 86 95 46 96 65 101 3 96 99 81 2 86 8 86 92 91 76 86 50 92 1 101 67 108 25 107 58 89 54 101 61 104 29 100 24 93 27 93 10 78 43 87 14 100 20 104 47 91 12 96 72 106 7 92 94 100 19 98 9 90 64 105 63 93 44 89 13 93 5 91 75 93 91 91 36 101 77 107 45 90 111 71 4 86
53 13.177384051089165 14.897761931317312 43.364105936115173 136 128 119 0.80085067582880298 135 78 141 81 140 79 137 75 143 68 136 71 138 83 145 75 144 59 142 54 146 59 147 58 151 66 149 69 148 74 155 63 156 51 152 58 150 64 154 64 153 63 160 53 133 75 157 60 158 51 162 71 159 58 131 87 129 81 128 68 130 77 127 69 134 87 132 84 139 81 126 62 163 56 124 53 123 63 118 62 121 65 122 52 116 74 114 69 125 59 120 84 117 84 115 79 119 66 164 73 108 73 112 60 113 74 109 89 103 71 105 76 104 71 96 87 101 89 89 94 106 85 100 81 97 93 98 88 102 84 90 90 93 101 11 84 6 85 87 104 71 93 56 98 32 97 41 93 48 102 60 113 62 110 31 96 80 91 15 92 49 99 82 87 81 106 68 93 55 91 57 97 51 93 37 96 39 95 28 103 40 92 88 73 42 96 85 88 79 99 83 85 17 100 74 93 84 90 52 106 53 106 33 81 70 101 38 101 34 104 26 94 73 99 69 96 23 95 30 99 16 104 18 93 35 98 95 83 21 89 66 97 78 103 86 85 46 99 65 105 99 85 2 98 8 89 92 85 76 90 1 85 67 92 25 95 58 93 54 97 61 99 29 104 24 97 27 104 10 94 43 91 14 113 20 97 47 88 12 93 72 107 7 96 94 81 19 104 9 87 63 98 44 93 13 96 5 93 75 97 91 96 36 99 77 87 45 98 111 74 4 94
54 2.6099024460591114 14.071519163759509 41.244237998070346 1 13 18 1.4228634714257624 135 46 141 82 140 59 137 39 143 113 145 99 144 90
55 -6.0092645500769057 14.36599314949658 41.658644734199051 52 105 153 0.17761737017019946 135 87 141 83 140 86 137 86 143 85 136 86 138 89 145 77 144 63 142 60 146 60 151 78 149 72 152 71 150 71 153 65 160 61 133 92 162 82 165 85 159 75 131 79 129 83 128 69 130 86 127 70 134 99 132 92 139 86 126 63 163 78 124 55 123 64 118 63 121 66 122 53 116 75 114 70 125 68 120 64 117 81 115 80 119 62 164 81 108 81 112 70 113 57 109 85 103 70 105 77 104 70 96 85 101 90 89 93 107 86 106 91 110 90 100 83 97 95 98 90 102 85 90 101 93 102 11 83 6 81 87 103 71 94 56 100 32 99 41 94 48 101 59 104 60 114 62 107 31 97 80 92 15 93 49 103 82 88 81 105 68 94 55 92 57 114 22 102 51 94 37 103 39 96 28 105 40 91 88 92 42 97 85 89 79 101 83 86 17 101 74 95 84 91 52 104 53 98 33 108 70 99 38 100 34 105 26 95 73 100 69 98 23 104 30 100 16 101 18 91 35 100 95 84 21 91 66 98 78 104 86 87 46 100 65 104 3 87 99 86 2 99 8 91 92 84 76 91 50 109 1 87 67 94 25 96 58 94 54 96 61 98 29 105 24 98 27 103 10 87 43 108 14 103 20 96 47 106 12 91 72 105 7 95 94 94 19 105 9 83 64 109 63 99 44 95 13 97 5 95 75 98 91 97 36 92 77 89 45 99 111 75 4 89
56 2.582487479713552 14.067010935846952 41.272577404040526 1 13 18 1.3677421875423315 135 40 141 84 140 49 137 46 143 96 144 108
57 -2.3870672932756825 8.2862322584455494 41.925027895326913 6 32 62 0.44446526798675862 135 89 141 85 140 85 137 88 143 74 136 72 145 78 144 64 142 61 146 63 147 60 151 63 149 73 148 65 155 69 156 61 152 63 150 72 154 69 153 66 160 62 157 70 158 63 161 72 162 84 159 69 165 75 163 67 164 84
59 0.57020819271961143 4.9774129283878752 66.358248521592159 78 82 81 1.1835857972493873 135 69 141 87 140 63 137 60 143 65 136 65 138 67 145 67 144 66 142 48 146 54 147 53 151 76 149 65 148 67 155 71 156 63 152 65 150 73 154 71 157 72 158 53 165 71 159 70 163 68
60 -4.8191577743295344 10.825902001138392 41.996906209568515 5 37 75 0.36863539251634264 135 101 141 88 140 95 137 96 143 88 136 90 138 94 145 88 144 106 142 136 147 69 147 144 151 86 149 100 149 146 148 136 155 79 155 145 156 68 156 147 152 74 152 144 150 100 150 144 154 76 154 147 153 72 153 131 160 131 133 95 157 142 158 107 161 148 162 145 165 99 159 97 131 128 129 103 128 89 130 115 127 86 134 102 132 98 139 90 126 88 163 99 124 109 123 101 118 84 121 80 122 68 116 82 114 87 125 70 120 86 117 93 115 90 119 79 164 116 108 102 112 103 113 101 109 92 103 110 105 98 104 125 96 125 101 109 89 119 107 87 106 120 110 100 100 98 97 114 98 105 102 107 90 117 93 129 11 116 6 122 87 118 71 115 56 145 32 151 41 127 48 126 59 137 60 139 62 133 31 141 80 138 15 141 49 130 82 122 81 127 68 143 55 138 57 140 22 123 51 145 37 136 39 144 28 121 40 117 88 127 42 144 42 156 85 132 79 134 83 136 17 134 74 139 84 129 52 125 53 127 33 142 70 129 38 125 34 137 26 137 73 137 69 139 23 121 30 144 16 123 18 126 35 144 35 158 95 125 21 137 66 144 78 115 86 116 46 137 65 121 3 119 99 92 2 113 8 108 92 117 76 126 50 125 50 181 1 114 67 118 25 123 58 138 54 124 61 126 61 169 29 139 24 137 27 122 10 114 43 134 14 123 20 127 47 119 12 109 72 121 7 110 94 115 19 120 9 117 64 124 63 127 44 137 13 105 5 105 75 135 91 123 36 121 77 136 45 120 45 148 111 89 4 101
61 -4.81854922598498 10.825932939626661 41.99666737711668 5 37 75 0.37306799934208595 135 100 141 89 140 94 137 97 143 87 136 91 138 93 145 87 144 88 142 122 147 70 147 135 151 84 149 95 149 155 148 141 155 92 155 142 156 67 156 135 152 73 152 154 150 86 150 129 154 75 154 127 153 92 153 140 160 125 133 93 157 134 158 94 161 133 162 148 165 113 159 82 131 104 129 102 128 88 130 103 127 87 134 101 132 97 139 89 126 86 163 86 124 90 123 86 118 82 121 79 122 69 116 81 114 86 125 69 120 87 117 103 115 89 119 78 164 101 108 110 112 81 113 86 109 91 103 91 105 88 104 104 96 143 101 125 89 139 107 88 106 95 110 110 100 117 97 128 98 116 102 122 90 141 90 161 93 143 11 134 6 131 87 145 71 127 56 129 32 134 41 150 48 150 59 121 60 153 62 148 31 153 80 119 15 124 49 123 82 115 81 146 68 126 55 119 57 157 22 147 51 130 37 154 39 127 28 142 40 136 88 136 42 129 42 174 85 116 79 118 83 117 17 118 74 145 84 114 52 146 53 150 33 148 70 147 38 146 34 147 26 118 73 117 69 125 23 134 30 129 16 145 18 142 35 130 35 177 95 109 21 119 66 126 78 142 86 134 46 124 65 146 3 126 99 104 2 129 8 120 92 142 76 106 50 144 50 173 1 124 67 145 25 134 58 153 54 145 61 148 61 166 29 126 24 118 27 139 10 124 43 119 14 144 20 150 47 140 12 132 72 145 7 124 94 133 19 138 9 99 64 143 63 119 44 143 13 116 5 117 75 118 91 110 36 139 77 119 45 144 45 159 111 100 4 115
62 -5.7290820911828435 11.481061804366595 41.916226296687135 0 15 29 0.16417488396686764 135 117 141 92 140 128 137 115 143 111 136 111 138 99 145 98 144 89 142 79 146 90 147 90 151 107 149 87 148 94 155 94 156 94 152 99 150 87 154 89 153 73 160 93 133 121 157 97 158 73 161 85 162 102 165 100 159 98 131 106 129 129 128 118 130 104 127 105 134 132 132 102 139 99 126 104 163 91 124 91 123 88 118 100 121 92 122 87 116 93 114 94 125 71 120 111 117 104 115 98 119 81 164 106 108 111 112 82 113 87 109 106 103 111 105 89 104 105 96 126 101 110 89 120 107 104 106 96 110 111 100 99 97 115 98 106 102 108 90 118 93 131 11 117 6 123 87 119 71 116 56 146 32 152 41 128 48 127 59 138 60 140 62 132 31 142 80 139 15 142 49 146 82 137 81 128 68 144 55 139 57 133 22 124 51 146 37 137 39 145 28 122 40 118 88 128 42 145 85 133 79 135 83 137 17 135 74 114 84 130 52 126 53 130 33 122 70 130 38 126 34 138 26 138 73 138 69 141 23 122 30 145 16 124 18 127 35 145 95 113 21 138 66 145 78 116 86 117 46 138 65 122 3 123 99 93 2 114 8 109 92 118 76 127 50 126 1 115 67 119 25 116 58 139 54 125 61 127 29 140 24 138 27 123 10 115 43 135 14 124 20 128 47 120 12 125 72 122 7 111 94 116 19 121 9 119 64 132 63 140 44 139 13 118 5 106 75 136 91 124 36 122 77 137 45 121 111 101 4 102
63 -2.4357316126491177 7.7132806501794828 41.84913985775124 89 141 215 0.21104342914754007 135 114 141 93 140 125 137 110 143 107 136 104 138 120 145 95 144 85 142 76 146 87 147 86 151 92 149 91 148 89 155 89 156 89 152 93 150 83 154 86 153 89 160 79 133 118 157 92 158 83 161 97 162 88 131 101 159 80 165 119 129 124 128 112 130 125 127 102 134 128 132 123 139 95 126 96 163 84 124 85 123 82 118 96 121 87 122 84 116 87 114 89 125 94 120 101 117 101 115 95 119 90 164 95 108 107 112 92 113 82 109 104 103 107 105 100 104 101 96 122 101 105 89 116 107 99 106 109 110 106 100 95 97 112 98 100 102 103 90 115 93 127 11 113 6 118 87 115 71 139 87 143 89 136 90 139 93 141 96 141 97 126 102 119 98 113 103 125 104 123 106 117 107 114 100 114 113 98 101 122 112 100 125 82 121 101 122 101 123 98 124 106 126 115 115 103 105 95 56 142 32 147 41 125 48 124 59 133 60 137 62 125 31 138 80 116 80 133 31 151 48 148 71 125 32 131 41 148 56 127 59 147 60 151 62 146 15 121 15 138 49 126 49 143 82 118 82 133 81 125 81 144 68 124 68 141 55 117 55 134 57 129 57 155 22 129 22 145 51 127 51 142 37 134 37 152 39 125 39 141 28 117 28 140 40 114 40 134 88 114 88 133 42 126 42 140 85 114 85 130 79 116 79 132 83 115 83 134 17 116 17 132 74 137 74 143 84 112 84 127 52 124 52 144 53 137 53 148 33 140 33 146 70 126 70 145 38 122 38 144 34 134 34 145 26 116 26 134 73 115 73 134 69 123 69 136 23 119 23 132 30 127 30 142 16 121 16 143 18 133 18 139 35 128 35 142 95 107 95 123 21 117 21 135 66 124 66 142 78 123 78 140 86 115 86 132 46 122 46 135 65 118 65 144 3 116 99 102 99 118 2 109 8 104 92 125 92 140 76 104 76 124 50 122 50 141 1 107 67 126 67 143 25 138 25 144 58 135 58 151 54 132 54 143 61 123 61 146 29 123 29 136 24 116 24 132 27 120 27 137 10 109 43 117 43 131 14 130 14 142 20 124 20 147 47 117 47 138 12 112 72 126 72 143 7 108 94 112 94 131 19 118 19 136 9 114 64 122 64 141 63 125 63 148 44 134 44 141 13 103 13 114 5 124 75 116 75 131 91 107 91 120 36 118 36 137 77 117 77 133 45 117 45 141 111 87 111 97 4 122
64 -5.0089805374186813 9.9507463824312854 41.942151607906503 0 31 73 0.18165170474586095 135 115 141 95 140 98 137 112 143 97 136 106 138 122 145 96 144 86 142 77 146 95 147 78 151 94 149 92 148 91 155 90 156 91 152 96 150 84 154 87 153 78 160 80 133 119 157 81 158 85 161 98 162 101 165 155 159 88 131 102 129 126 128 117 130 126 127 103 134 129 132 125 139 96 126 116 163 93 124 107 123 99 118 98 121 90 122 102 116 90 114 92 125 83 120 103 117 96 115 106 119 98 164 126 108 100 112 101 113 99 109 130 103 95 105 86 104 89 96 134 101 107 89 117 107 102 106 112 110 98 100 96 97 149 98 102 102 105 90 124 93 154 11 114 6 107 87 130 71 161 56 124 32 132 41 143 48 143 59 145 60 145 62 136 31 116 80 117 15 139 49 122 82 119 81 139 68 120 55 145 57 147 22 139 51 128 37 146 39 159 28 135 40 165 88 125 42 127 85 161 79 113 83 118 17 140 74 160 84 108 52 138 53 142 33 173 70 140 38 138 34 163 26 144 73 161 69 162 23 159 30 124 16 132 18 123 35 124 95 111 21 146 66 174 78 135 86 102 46 120 65 138 3 117 99 105 2 110 8 105 92 166 76 99 50 142 1 110 67 164 25 136 58 143 54 164 61 140 29 124 24 112 27 161 10 110 43 144 14 133 20 125 47 169 12 111 72 162 7 117 94 141 19 168 9 115 64 136 63 118 44 125 13 117 5 125 75 159 91 150 36 134 77 113 45 142 111 85 4 116
65 -6.0131894247050148 10.008934177258711 41.843296947220594 2 42 75 0.24351470318417584 135 116 141 96 140 99 137 113 143 110 136 107 138 98 145 97 144 87 142 78 146 89 147 88 151 95 149 94 148 92 155 91 156 92 152 97 150 85 154 88 153 74 160 81 133 120 157 96 158 86 161 99 162 89 165 112 159 87 131 103 129 127 128 116 130 102 127 104 134 130 132 126 139 97 126 101 163 85 124 88 123 85 118 99 121 91 122 86 116 91 114 93 125 97 120 104 117 102 115 97 119 94 164 99 108 109 112 80 113 85 109 105 103 109 105 87 104 103 96 123 101 108 89 138 107 95 106 94 110 109 100 97 97 113 98 104 102 106 90 116 93 142 11 115 6 120 87 117 71 140 56 144 32 150 41 126 48 149 59 134 60 138 62 147 31 152 80 118 15 123 49 145 82 135 81 145 68 142 55 118 57 156 22 146 51 129 37 135 39 126 28 120 40 116 88 126 42 142 85 131 79 117 83 135 17 117 74 138 84 128 52 133 53 149 33 147 70 128 38 124 34 146 26 136 73 136 69 124 23 120 30 143 16 122 18 141 35 143 95 124 21 136 66 125 78 125 86 125 46 136 65 145 3 118 99 120 2 111 8 106 92 141 76 105 50 143 1 111 67 144 25 139 58 152 54 144 61 125 29 138 24 136 27 121 10 111 43 133 14 143 20 126 47 139 12 131 72 120 7 109 94 113 19 137 9 128 64 142 63 139 44 136 13 104 5 126 75 133 91 108 36 138 77 118 45 143 111 99 4 123
66 1.5971812385006416 5.2111697075439203 66.567043925883226 254 255 244 1.0586364337272516 135 113 141 99 140 118 137 106 143 105 136 102 138 105 145 90 144 82 142 103 146 83 147 77 151 88 149 119 148 129 155 119 156 110 152 117 150 124 154 105 153 110 160 103 157 116 158 93 161 104 162 132 165 127 159 120 163 103
69 9.3678094157996004 3.5891076114040552 69.469244743608158 94 94 94 1.396895707719217 135 109 141 105 140 115 137 103 143 102 136 97 138 113 145 104 144 80 142 101 146 122 147 107 151 126 149 128 148 127 155 112 156 108 152 115 154 111 153 107 160 101 157 107 158 102 165 121
70 6.1443992174328379 2.4466233804963822 66.269611369815863 254 189 164 1.3685319135419614 135 106 141 107 140 113 137 143 143 128 136 93 138 108 145 83 144 100 142 63 146 67 151 69 149 107 148 84 155 107 156 146 150 106 153 126 160 78 157 119 158 62
72 -5.7290820911828435 11.481061804366595 41.916226296687135 0 15 29 0.16417488396686764 135 111 141 109 140 100 137 130 143 95 136 108 138 115 145 107 144 107 142 87 146 93 147 74 151 102 149 101 148 110 155 81 156 78 152 81 150 101 154 101 153 95 160 82 133 116 157 80 158 87 161 101 162 94 165 87 159 83 131 129 129 111 128 104 130 122 127 117 134 106 132 104 139 115 126 108 163 87 124 110 123 102 118 115 121 98 122 94 116 113 114 107 125 92 120 105 117 94 115 96 119 101 164 103 108 103 112 104 113 102 109 107 103 118 105 99 104 126 96 144 101 126 89 140 107 105 106 113 110 119 100 118 97 129 98 117 102 114 90 142 93 144 11 130 6 105 87 129 71 120 56 130 32 153 41 151 48 151 59 122 60 154 62 149 31 154 80 145 15 125 49 128 82 121 81 133 68 127 55 144 57 158 22 148 51 131 37 145 39 149 28 143 40 121 88 115 42 130 85 118 79 119 83 107 17 119 74 146 84 107 52 147 53 141 33 149 70 148 38 147 34 148 26 119 73 118 69 126 23 126 30 122 16 131 18 143 35 151 95 110 21 120 66 127 78 132 86 135 46 117 65 128 3 127 99 98 2 130 8 102 92 143 76 108 50 145 1 125 67 146 25 146 58 121 54 146 61 149 29 127 24 119 27 140 10 118 43 120 14 145 20 136 47 141 12 133 72 128 7 116 94 134 19 139 9 101 64 144 63 149 44 144 13 106 5 113 75 109 91 127 36 140 77 120 45 145 111 107 4 107
73 12.745383548345897 -1.2415867586188825 77.259852137053343 207 218 217 1.5768851800860288 135 103 141 111 140 121 137 98 136 83 138 92 145 108 144 135 141 115 143 120 146 115 147 147
75 -5.0089805374186813 9.9507463824312854 41.942151607906503 0 31 73 0.18165170474586095 135 126 141 113 140 126 137 128 143 93 136 124 138 104 145 115 144 104 142 85 146 97 147 98 151 112 149 78 148 108 155 77 156 75 152 78 150 98 154 99 153 98 160 91 133 103 157 103 158 71 161 83 162 93 165 152 159 94 131 126 129 109 128 115 130 112 127 115 134 111 132 111 139 113 126 100 163 96 124 87 123 84 118 113 121 102 122 85 116 111 114 105 125 96 120 109 117 91 115 104 119 92 164 141 108 108 112 96 113 84 109 134 103 120 105 96 104 114 96 137 101 123 89 137 107 115 106 118 110 108 100 115 97 145 98 114 102 120 90 134 93 162 11 132 6 126 87 136 71 143 56 132 32 149 41 136 48 137 59 123 60 123 62 141 31 118 80 135 15 122 49 129 82 134 81 134 68 129 55 120 57 142 22 131 51 143 37 142 39 154 28 118 40 157 88 134 42 141 85 144 79 120 83 108 17 156 74 165 84 115 52 136 53 135 33 176 70 136 38 135 34 166 26 120 73 147 69 177 23 143 30 130 16 140 18 140 35 131 95 102 21 164 66 181 78 130 86 126 46 125 65 129 3 124 99 99 2 127 8 118 92 156 76 109 50 123 1 122 67 147 25 121 58 142 54 166 61 135 29 137 24 121 27 170 10 122 43 121 14 138 20 148 47 164 12 126 72 159 7 121 94 147 19 165 9 127 64 134 63 117 44 112 13 112 5 115 75 144 91 155 36 128 77 122 45 118 111 91 4 109
76 -6.0131894247050148 10.008934177258711 41.843296947220594 2 42 75 0.24351470318417584 135 127 141 114 140 127 137 129 143 94 136 125 138 102 145 116 144 105 142 86 146 102 147 73 151 113 149 99 148 109 155 78 156 76 152 79 150 99 154 100 153 71 160 92 133 104 157 79 158 72 161 84 162 99 165 98 159 96 131 127 129 110 128 108 130 113 127 116 134 112 132 112 139 114 126 117 163 98 124 108 123 100 118 114 121 103 122 103 116 112 114 106 125 84 120 110 117 92 115 105 119 99 164 115 108 101 112 102 113 100 109 114 103 126 105 97 104 124 96 142 101 124 89 118 107 116 106 119 110 99 100 116 97 127 98 115 102 121 90 140 93 128 11 133 6 130 87 144 71 126 56 128 32 133 41 149 48 125 59 148 60 152 62 135 31 140 80 136 15 140 49 127 82 120 81 126 68 125 55 136 57 131 22 122 51 144 37 153 39 142 28 141 40 135 88 135 42 128 85 115 79 133 83 116 17 133 74 144 84 113 52 145 53 134 33 141 70 146 38 145 34 136 26 117 73 116 69 138 23 133 30 128 16 144 18 124 35 129 95 108 21 118 66 143 78 141 86 133 46 123 65 119 3 125 99 103 2 128 8 119 92 115 76 125 50 124 1 123 67 117 25 145 58 137 54 123 61 147 29 125 24 117 27 138 10 123 43 118 14 122 20 149 47 118 12 110 72 144 7 123 94 132 19 119 9 116 64 123 63 126 44 142 13 115 5 116 75 117 91 122 36 119 77 134 45 119 111 88 4 114
77 -8.9496609813593526 17.824815985446072 40.850440439274841 2 44 79 0.36320585797970412 135 147 141 120 140 147 137 118 143 119 136 112 138 137 144 92 142 131 147 95 148 98 155 51 156 53 152 53 150 90 154 93 160 88 133 107 157 102 158 90 162 39 131 150 129 106 128 146 130 144 127 123 132 142 139 101 126 126 123 107 118 154 122 72 116 114 114 98 125 75 120 121 117 118 115 114 119 85 108 126 112 110 113 107 109 115 103 142 105 111 104 90 96 145 101 96 89 123 107 90 106 104 110 135 100 138 97 152 98 137 102 96 90 125 93 152 11 138 6 153 87 131 71 147 56 150 32 158 41 137 48 181 59 150 60 124 62 121 31 120 80 151 15 147 49 164 82 146 81 135 68 130 55 153 57 137 22 132 51 132 37 170 39 161 28 169 40 148 88 142 42 158 85 134 79 137 83 119 17 120 74 167 84 133 52 163 53 162 33 178 70 163 38 137 34 168 26 153 73 149 69 174 23 148 30 152 16 156 18 165 35 156 95 133 21 123 66 149 78 150 86 186 46 126 65 159 3 144 99 123 2 145 8 123 92 144 76 111 50 147 1 145 67 129 25 124 58 113 54 134 61 130 29 170 24 141 27 143 10 139 43 122 14 172 20 188 47 124 12 136 72 146 7 138 94 123 19 170 9 133 64 127 63 177 44 163 13 129 5 159 75 142 91 111 36 152 77 153 45 152 111 109 4 151
79 9.4436964989424705 4.0665482842795466 65.577117232589288 228 211 191 1.0326655750393028 135 110 141 125 140 116 137 105 136 98 138 114 145 128 142 126 146 142 151 149 148 145 156 139 152 159
83 8.376089648594732 5.6724352814926018 66.221003830504245 94 94 95 1.3752126465418404 135 142 141 130 143 123 145 130 144 115 142 104 146 124 147 118 151 133 149 160 148 144 155 160 156 111 152 158 150 135 154 126 153 139 160 128 157 137 158 144 161 136
84 -2.1711032394760168 7.8419048124308093 41.994269562367975 89 139 209 0.24132002669549293 135 152 141 139 140 153 137 150 143 158 136 151 138 159 145 151 144 129 142 123 146 138 147 137 151 156 149 142 148 151 155 155 156 145 152 141 150 148 160 138 133 152 161 144 158 129 131 177 129 160 128 186 130 181 127 148 134 179 132 160 139 145 126 167 124 132 123 142 118 159 121 114 122 129 116 151 114 155 125 132 120 130 117 144 115 140 119 130 108 153 112 127 113 143 109 158 103 144 105 153 104 155 96 199 101 171 89 176 107 138 106 159 110 165 100 163 97 186 98 185 102 138 90 184 93 174 6 190 87 189 71 204 56 196 32 212 41 206 48 197 59 203 62 196 31 191 80 190 15 196 49 212 82 170 81 205 68 171 55 193 57 205 22 186 51 207 37 199 39 207 28 183 40 176 88 189 42 209 85 179 79 177 83 193 17 183 84 180 52 209 33 189 70 205 38 181 34 188 26 184 73 194 23 205 30 210 16 200 18 212 35 203 95 170 21 179 66 191 78 174 86 182 46 175 65 197 3 169 99 168 2 182 8 180 92 174 76 150 50 193 1 183 67 192 25 189 58 196 29 189 24 180 27 202 10 171 43 195 14 200 17 192 20 203 47 181 12 167 72 183 94 190 64 174 63 209 44 181 13 183 5 182 75 187 91 160 36 196 77 198 45 198 111 138 4 159
85 -8.5491499154160913 15.390345069403638 41.261381542942487 28 97 156 0.42455800466952986 135 128 141 142 140 144 143 154 136 130 144 142 146 135 11 121 89 92 93 133 6 146 87 153 56 148 41 178 60 186 80 140 82 203 81 177 68 213 42 184 84 139 52 128 70 138 38 179 26 204 18 164 35 180 21 139 86 119 99 172 25 187 27 141 7 113 77 154
86 -3.7175325345998735 24.144515438233242 37.071784462696549 123 130 122 0.78049768543282627 135 119 143 161 142 119 108 122 118 104 114 113 115 101 116 97 117 97 112 94 113 90 130 177 109 99 105 123 104 111 107 110 106 101 110 118 102 112 111 104
88 7.6481718379913062 2.4017148734123701 69.803901422468499 255 254 246 1.5041996550647989 135 154 141 148 140 140 136 172 145 141 144 121 142 138 147 151 146 147 151 150 156 143 162 155
89 1.170735237283818 3.5588890691464559 66.621063665460568 104 93 87 1.3270953592457175 135 149 141 150 146 130 148 147
90 -2.1796739598509496 7.8360939354766872 41.986449505601875 89 139 209 0.19613311297125238 135 150 141 152 140 155 137 154 143 145 136 157 138 153 145 148 144 140 142 134 146 131 147 150 149 159 152 157 133 155 161 162 131 162 129 164 128 204 130 183 127 158 134 168 132 156 139 152 126 172 124 141 123 131 118 151 121 124 122 126 116 138 114 151 125 124 120 141 117 133 115 147 119 125 164 157 108 154 112 138 113 133 109 146 103 166 105 142 104 171 96 191 101 165 89 184 107 150 106 150 110 152 100 155 97 179 98 168 102 149 90 180 93 184 6 168 87 186 80 193 15 189 82 197 22 200 51 200 88 176 85 178 79 194 83 183 17 184 84 186 70 199 34 191 26 193 73 200 23 200 18 200 95 167 78 186 86 178 3 183 99 158 2 176 8 170 92 193 76 176 1 193 25 185 24 201 27 194 10 181 14 194 12 187 7 175 94 182 9 154 13 173 5 179 75 183 91 172 111 131 4 163
91 -7.1603402758757939 3.5237054219250186 47.361134601758586 134 137 140 1.8333805318945477 135 134 141 153 118 133 112 106 113 121 130 136 110 137 100 135 97 139 97 187 11 137 89 188 103 145 102 140 56 158 41 158 59 157 31 159 56 157 80 160 15 156 49 214 81 210 68 158 68 174 55 152 55 197 37 175 39 165 52 153 33 157 69 152 23 209 18 149 95 171 66 153 83 160 86 156 65 154 8 152 8 172 54 172 43 193 14 202 19 148 91 161 77 204 111 115
95 -10.627118095061725 0.40056263115090462 66.800469452759216 182 201 204 0.90351526379855329 135 163 141 163 140 122 141 162 137 161 143 147 144 122
96 -2.1636655867876859 7.851587564070055 42.061890588850169 89 139 209 0.41221668343964823 135 164 141 164 140 156 137 164 143 159 136 158 138 154 145 147 144 139 151 147 148 142 155 157 156 137 150 147 160 127 133 156 158 143 131 161 129 163 128 179 130 176 127 160 134 167 132 155 139 151 124 140 123 130 118 150 122 125 116 139 114 146 120 140 117 132 115 157 119 124 108 166 112 137 113 132 109 145 105 141 104 168 107 140 106 151 110 153 100 154 102 148 87 185 88 175 111 130
97 -3.3552525794941381 6.1290453891507513 46.814257407893813 154 153 149 0.20620797692487794 135 4 140 4 137 4
100 -7.4869449317679964 6.9739830308394239 56.431392427055052 152 149 149 1.323125079937375 141 7 140 7 143 8 145 9 144 8
101 -0.61645585009597126 2.966009846920624 62.85728394635025 98 100 101 1.7282483105085114 135 30 140 17 137 30 136 36 151 40 133 59 131 43 129 33 128 53 130 34 134 139 129 172 131 163 130 142 132 65 139 53 118 130 121 106 116 99 114 123 116 143 119 105 117 140 120 151
102 1.3805972209927209 11.143643319928008 34.03578764022641 0 12 19 0.37299523327345641 136 16 138 20 133 19 131 22 129 16 128 31 130 16 127 23 134 18 132 20 139 29 126 19 124 14 123 19 123 21 118 17 118 25 121 13 121 16 122 13 122 19 116 17 116 22 114 22 114 29 125 18 120 19 120 26 117 19 117 26 115 19 115 26 119 14 119 22 108 24 108 27 112 21 112 22 113 17 113 19 109 23 109 25 103 15 105 23 105 25 104 15 104 21 96 33 101 18 89 30 107 21 107 33 106 20 106 27 110 21 110 23 100 17 97 19 98 18 102 16 90 31 93 31 11 30 6 21 87 31 71 32 56 32 32 33 41 33 48 30 59 32 60 35 62 30 31 33 80 32 15 32 49 31 82 32 81 27 68 34 55 30 57 32 22 34 51 32 37 33 39 32 28 34 40 30 88 27 42 33 85 32 79 30 83 32 17 28 74 32 84 32 52 29 53 33 33 35 70 27 38 26 34 32 26 32 73 24 69 30 23 27 30 33 16 27 18 26 35 33 95 29 21 22 66 32 78 33 86 31 46 32 65 32 3 27 99 25 2 23 8 19 92 26 76 23 50 32 1 26 67 32 25 24 58 32 54 27 61 29 29 32 24 31 27 23 10 26 43 31 14 31 20 31 47 31 12 21 72 33 7 30 94 22 19 32 9 19 64 28 63 33 44 32 13 32 5 30 75 32 91 28 36 42 77 28 45 27 111 24 111 26 4 28
103 -1.4025655590495081 15.993872951062817 41.953075634996566 76 110 154 1.6223395342379145 141 22 140 26 143 20 136 18 145 26 144 18 142 20 146 16 147 15 151 14 149 18 148 17 155 21 156 21 152 20 150 23 154 20 153 14 160 13 157 16 158 16 165 12 161 21 162 18 159 17 131 18 129 19 128 20 133 22 130 19 134 22 163 14 132 22 164 13
106 -0.20335983314039147 14.140401506839948 42.727153126894493 86 119 164 0.37435291876516502 135 41 140 40 137 43 136 40 138 48 144 46 146 45 149 48 155 47 156 43 152 46 150 49 154 46 160 43 133 37 157 46 158 40 161 45 162 52 131 34 129 43 128 48 130 38 127 39 132 43 139 45 126 28 124 24 123 24 118 34 121 33 122 28 116 36 114 49 125 32 120 36 117 30 115 45 119 38 108 41 112 44 113 41 109 41 103 43 105 38 104 39 96 50 101 47 89 50 107 42 106 43 110 49 100 40 97 49 98 52 102 32 90 51 93 49 11 42 6 51 87 50 71 58 56 50 32 55 41 60 48 61 59 58 60 60 62 51 31 60 80 51 15 47 49 59 82 52 81 57 68 53 55 57 57 60 22 61 51 50 37 57 39 59 28 59 40 55 88 52 42 55 85 48 79 49 83 48 17 52 74 59 84 55 52 60 53 60 33 61 70 60 38 57 34 58 26 58 73 54 69 48 23 57 30 61 16 54 18 52 35 61 95 44 95 47 11 46 31 55 80 55 87 46 89 43 93 53 96 49 97 47 98 46 102 37 71 54 100 39 103 35 104 36 34 53 68 48 82 50 101 41 33 58 88 47 32 52 90 46 59 52 23 52 26 53 28 54 35 56 41 55 48 55 52 56 53 53 57 54 60 66 69 51 79 52 83 51 84 53 85 52 22 54 56 54 15 52 40 50 30 56 37 54 38 51 39 55 42 60 49 58 51 54 55 47 62 48 70 53 73 58 74 54 6 43 16 49 17 47 18 46 81 52 21 53 21 56 66 48 66 58 78 53 78 58 86 48 86 53 46 52 46 58 65 55 65 61 3 42 3 49 99 42 99 47 2 42 2 49 8 42 8 47 92 43 92 45 76 45 76 46 50 54 50 60 1 47 1 52 67 48 67 54 25 52 25 57 58 51 58 58 54 52 54 58 61 54 61 59 29 56 29 60 24 51 24 54 27 50 27 55 10 49 10 51 43 51 43 56 14 48 14 57 20 49 20 53 47 52 47 57 12 46 12 53 72 59 72 60 7 44 7 51 94 47 94 54 19 55 19 58 9 42 9 48 64 51 64 57 63 56 63 61 44 54 44 58 13 47 13 51 5 44 5 53 75 53 75 56 91 43 91 48 36 56 36 60 77 46 77 50 45 51 45 53 111 41 4 41 4 47
110 -10.186462962352881 1.7254032536614321 80.121578557970267 252 255 251 2.1948994481550668 141 52 140 55 143 73 145 65 144 53 142 66 146 70 147 56 148 69 151 52 155 73 152 66
113 -0.39366643529307238 1.1219282063181506 43.906532108334943 123 129 127 1.085534169616007 135 59 140 66 137 65 138 141
115 -1.1202257026827758 4.3982117416175166 67.354456718701442 145 145 145 1.3100223028555076 135 95 140 73 137 93 136 99 162 81 139 74 132 77 133 88
117 0.20371744326115912 6.0433327206658358 46.445537615165428 52 50 45 1.4179235368957464 135 68 140 90 137 52 143 122 136 148 145 111 131 38 129 34 128 61 130 35 127 150 134 61
119 -0.95217749883744196 3.8463755999667577 59.6162149990434 145 145 145 1.2527429108207488 135 94 140 92 137 92 137 132 136 121 136 167 131 56 134 124 139 72 133 84 114 56 120 54 117 59
121 1.0648067237840073 12.458958932617339 42.418741509943835 166 74 91 1.3420669117448842 135 129 140 101 136 139
122 0.78357626353256937 13.107964653122313 41.278230508586802 2 20 42 0.19924708080724868 135 82 140 102 137 68 136 128 131 85 129 65 128 75 130 61 127 65 134 86 132 60 126 74 124 44 121 69 120 56 119 74 108 75 113 54 109 65 103 60 96 78 89 71 106 71 110 80 100 59 97 73 102 60 11 70 71 85 41 89 48 82 60 86 62 81 80 84 49 86 82 81 81 77 68 83 55 83 57 81 22 89 51 88 39 88 28 84 85 86 17 84 53 89 33 87 34 85 26 88 23 88 30 91 16 79 18 80 35 83 21 87 78 79 65 79 3 70 1 78 67 74 58 87 24 76 20 89 19 78 13 82 5 73 75 75 91 74 45 86 111 61 4 64
124 -14.326128807795458 20.274803643695787 39.556358811238816 99 107 105 1.01398311460951 141 71 140 108 137 83 143 117 136 89 138 133 145 59 144 93 142 57 147 96 149 60 155 64 152 101 150 92 154 94 153 105 160 49 133 78 158 59 158 64 162 92 131 114 141 97 129 88 128 71 127 71 134 89 134 134 132 88 139 102 126 67 126 106 124 58 123 67 123 91 118 65 122 56 114 73 120 90 115 83 112 83 113 58 109 95 103 114 106 83 110 93 79 138 18 110 33 124 94 118 64 128 111 76
125 -10.869329351850419 0.3555779548006115 67.863369781716699 252 255 251 0.40986758388446898 135 157 141 147 140 109 137 152 143 143 144 110
128 3.2434766295541779 5.2988525904910126 64.493546254965082 251 100 99 1.7310201623310966 141 132 140 119 144 130 145 129 147 139
129 -0.12210766148637672 6.0140341060766165 64.773474420654097 255 254 238 0.89181409955409352 141 104 140 120 137 126 143 106 136 75 138 87 145 91 144 83 142 110 146 100 147 122 151 109 149 112 148 87 155 84 156 112 152 119 150 125 154 96 153 101 160 105 157 140 158 98 161 135 165 149
130 1.0648067237840073 12.458958932617339 42.418741509943835 166 74 91 1.3420669117448842 135 143 140 129 136 127
131 6.9944196364055182 2.5668863393447312 63.895538118887579 254 255 247 1.2517961568370262 141 138 140 132 145 157 144 119 142 132 146 145 147 146 151 122 149 138 155 133 156 148 152 161 150 136 154 134 128 106 133 85
132 14.85112184551242 -2.7882580887599513 85.767660628205263 174 174 177 1.7525052073930016 141 157 140 134 143 146 138 136 136 142 144 136 142 135 146 48 142 47 147 51 149 50 150 56 153 145 160 55 157 67 158 44
135 12.030720835215966 -0.81791281165508189 79.989830085471027 133 127 135 0.22701276833365541 135 158 140 146 137 145 138 150 145 159
136 0.72171987167053775 24.955223572806158 37.832949673162084 108 108 102 1.1984665373850927 141 118 140 150 137 146 146 111 148 137 155 152 152 122 133 125 128 177 134 158 132 163 96 212 15 207 48 225 49 188 41 222 82 193 28 184 34 207 73 196 79 204 95 178 86 198 2 200 16 197 18 206 8 132 43 197 20 217 47 210 72 212 83 152 143 142
137 -5.499735769222788 9.8281071962072719 41.835483403134432 75 126 186 0.30537869012913399 141 145 140 152 137 111 143 157 136 134 145 138 144 128 151 135 156 117 150 103 153 104 133 162 161 150 162 113 165 111 159 122 129 151 128 144 130 131 127 134 134 182 132 124 139 142 126 162 163 123 124 86 118 97 121 120 122 118 116 89 114 91 125 95 120 148 117 107 119 111 108 137 112 95 113 114 109 117 105 131 104 102 101 106 107 101 106 111 110 107 97 185 98 140 102 104 93 153 87 193 71 178 48 222 62 182 80 183 82 151 68 183 22 152 51 150 37 172 88 139 42 186 85 147 79 187 83 170 70 176 38 207 34 200 21 147 78 195 3 138 99 166 2 174 8 134 92 195 76 161 50 179 1 149 25 167 10 174 7 134 19 152 64 202 13 140 75 145 91 151 77 182 111 98 4 126
138 11.876570288820442 -0.82003496079877702 78.903821668892462 133 127 135 0.21993344650522312 135 162 140 154 137 163 138 155
139 0.032404457192189443 7.1307457668340524 64.409168725436061 141 141 140 1.0112238544321019 141 133 140 157 145 122 144 117 155 123 158 97 162 118
140 -0.66275262204753294 0.32415803983330632 50.832238073115633 248 251 246 1.2523828769180383 135 83 140 166 137 66 138 38
141 10.490518430281737 -0.69986410301771274 75.978006469057391 252 252 251 1.5435961626721073 135 159 140 167 136 149 138 156 145 134 144 134 142 90 146 116 147 104 158 126 157 145
142 0.86682055084266996 11.737321782105669 43.523509210731547 168 75 94 1.2342153681484387 141 140 140 169 151 96 149 86 148 93 155 93 156 81 152 98 150 102 154 78 153 93 131 136 128 133 127 121 134 152 132 145
143 10.044344130195791 2.3838651708253877 76.900389493925843 254 255 251 0.75120863014324768 140 36 137 37 136 30 138 37
148 -16.021557016606344 23.290353331591604 34.362204686185869 101 112 110 0.32730751992134222 140 87 137 85 143 84 126 72 128 84 130 91 124 70 108 95 2 75 3 95 6 80 11 87 21 103 28 108 42 110 59 113 88 96 90 98 95 94 81 96 85 107 57 95 26 111 34 109 39 111 51 108 56 110 68 105 71 109 103 72 83 99 92 93 50 93 67 104 61 110 10 74 14 108 20 100 36 109
149 -0.13341082013457553 6.0113942717139253 64.961947256061663 253 254 246 0.8921661480684745 140 123 137 108 136 78 138 86 151 89 146 84 142 109 147 120 149 132 148 105 155 101 156 105 152 126 150 115 154 83 153 87 160 108 157 141 165 140 159 131 132 122 133 115 139 94
150 -13.83346295852394 11.620217206958388 72.802039504332669 137 139 140 0.84382263804795332 141 131 137 109 129 144
153 -0.12964900092497972 5.9937123963218557 64.974221652301523 253 254 246 1.1955586858635794 140 124 137 127 136 76 138 74 151 110 153 100 154 97 160 111 157 136 158 112 161 146 132 110 133 102 139 112
154 1.3217365693115177 12.375541008902927 53.390142104301795 183 78 91 1.3515918624491907 140 143 137 139 136 152 138 142 130 132
155 -1.0432205234499392 16.731125697751036 40.606132450519169 5 40 75 0.50196706129087254 140 133 137 151 143 152 126 163
156 1.969280478951265 5.5640529736255742 66.623830999191924 96 47 49 0.286212876271143 140 160 137 156 138 164 145 152
157 7.9327158991397599 3.4643404330977239 66.567673545796964 255 254 232 0.16179403371019338 140 161 137 158 138 143
158 8.2556789869500289 3.6862481936882161 68.354950382001746 242 232 213 1.2299709903435248 137 87 143 78 144 67 162 98 148 68 150 74 151 57 152 75 155 72
159 8.2994951669106758 3.70377741386848 68.687355559723741 242 232 213 1.3522090462970771 137 82 143 80 144 72 162 111 148 64 150 77 151 67 152 90 156 86 155 58
160 1.5296443775670481 5.2132358838482959 66.666140372389691 254 255 245 1.2232241973701339 137 125 143 92 135 125 136 123 138 117 145 110 144 103 142 108 147 97 158 111 161 123 162 115 165 148 159 125 163 112
162 -21.358165381947984 29.568302048031072 38.046053831244606 84 95 93 0.47404617841594071 140 165 143 141 145 137 142 120 146 126 147 131 151 155 149 116 136 165 148 138 155 156 156 150 150 131 133 146 157 130 161 161 162 122 165 190 129 158 128 183 127 144 134 171 132 149 139 146 126 165 123 135 118 145 122 133 114 149 125 114 120 131 115 125 119 119 164 163 112 135 113 139 109 127 103 174 105 120 104 145 96 195 89 174 107 141 106 129 100 146 98 159 102 128 93 198 11 169 87 199 32 225 41 200 48 182 62 185 31 186 80 199 15 179 49 191 81 190 22 212 51 209 39 158 40 175 88 184 79 201 84 183 52 215 53 207 70 189 38 176 34 182 26 200 18 208 78 202 46 199 65 168 3 182 2 190 8 192 76 184 1 184 25 151 54 185 61 193 29 178 24 197 27 180 14 149 20 159 47 176 19 173 9 191 63 201 44 177 75 193 36 182 77 196 45 191 111 132
164 -7.4377317867947177 18.330228148580424 40.203958190720705 4 42 72 0.32930153136203955 141 14 136 14 143 13 138 15 145 16 144 15 142 11 146 12 147 12 133 16 131 14 129 15 130 13 134 14 132 15 139 17
165 0.39437427018698595 7.3228095663338477 42.851092372169674 87 149 250 0.28405679755817653 135 67 137 61 136 66 138 119 142 112 147 123 131 51 129 60 129 74 128 111 130 89 134 126 139 140 118 54 116 51 115 59 108 69 112 57 113 48 109 59 103 66 105 61 104 57 96 82 101 69 89 76 107 59 106 66 110 65 100 60 97 75 98 69 102 64 90 80 93 77 11 72 6 69 87 69 71 79 56 83 32 82 41 88 48 90 59 81 60 89 62 83 31 86 80 78 15 84 49 83 82 73 81 86 68 80 55 80 57 83 22 83 51 81 37 77 39 82 28 88 40 81 88 81 42 83 85 76 79 79 83 72 17 80 74 84 84 76 52 85 53 83 33 90 70 87 38 81 34 89 26 85 73 82 69 80 23 80 30 86 16 84 18 83 35 87 95 67 21 79 66 78 78 77 86 71 46 79 65 89 3 98 99 66 2 88 8 74 92 82 76 72 50 78 1 73 67 82 25 84 58 81 54 81 61 85 29 89 24 80 27 80 10 71 43 78 14 92 20 84 47 76 12 73 72 88 7 74 94 82 19 82 9 72 64 85 63 83 44 81 13 77 5 79 75 78 91 77 36 82 77 77 45 83 111 58 4 84
166 -1.982304448745285 2.4752007452838409 43.096195312106559 154 155 157 0.19959837885414494 135 85 137 84 136 79 138 84 131 89 129 72 128 80 130 81 127 80 134 81 132 96 133 114 126 60 124 68 140 75 123 54 118 83 121 60 122 65 116 64 114 77 125 55 120 73 117 74 115 74 119 54 108 86 112 65 113 67 109 78 103 82 105 71 104 83 96 102 101 82 89 86 107 75 106 79 110 83 100 72 97 90 98 81 102 76 93 94 11 91 6 95 60 104 59 89 71 108 32 121 41 105 48 91 56 91 87 98 90 96 62 96 31 104 80 100 15 100 49 116 82 97 81 88 68 113 55 99 57 93 22 105 51 105 37 110 39 114 28 95 40 88 88 107 42 107 85 97 79 93 83 96 17 105 74 102 84 84 52 92 53 114 33 100 70 91 38 98 34 97 26 101 73 91 69 87 23 102 30 108 16 114 18 97 35 117 95 74 21 98 66 111 78 94 86 81 46 91 65 100 3 92 99 78 2 78 8 83 92 100 76 82 50 101 1 93 67 89 25 110 58 104 54 89 61 91 29 95 24 90 27 97 10 82 43 83 14 94 20 107 47 97 12 85 72 93 7 83 94 85 19 93 9 88 64 94 63 108 13 90 5 88 75 89 91 87 36 104 77 97 45 108 4 91
167 -1.6513909483271165 0.73415457210410662 51.035861534368593 188 187 192 1.9340670683553283 137 160 136 81 138 70 132 64 133 64 139 61
170 -8.8763051508271111 17.694281114096235 40.550961658454355 3 47 77 0.43310271656660493 137 122 136 116 147 76 156 54 155 55 152 55 148 111 150 96 133 100 162 38 165 92 159 118 131 147 144 109 129 121 128 131 139 116 114 103 164 128 108 140 103 127 105 129 104 115 96 148 101 118 89 127 107 111 106 115 100 133 97 141 98 148 102 116 90 135 93 165 11 148 6 150 87 137 71 170 56 123 32 186 41 144 48 176 59 158 60 146 62 137 31 137 80 162 15 163 49 167 82 167 81 140 68 121 55 165 57 141 22 140 51 124 37 168 39 175 28 163 40 150 88 156 42 175 85 135 79 141 83 109 17 112 74 162 84 149 52 161 53 163 33 175 70 172 38 140 34 165 26 167 73 150 69 165 23 167 30 168 16 168 18 158 35 179 95 150 21 114 66 121 78 165 86 180 46 121 65 170 3 152 99 143 2 154 8 116 92 159 76 101 50 155 1 138 67 138 25 137 58 145 54 138 61 150 29 173 24 144 27 164 10 145 43 113 14 171 20 211 47 143 12 153 72 171 7 153 94 128 19 167 9 134 64 133 63 153 44 160 13 147 5 171 75 161 91 130 36 171 77 166 45 161 4 148
171 6.4923818661442576 2.5496619814133479 67.87793707239247 254 196 173 0.41849298561137016 135 123 137 136 136 118 138 112
172 -5.9038548003508815 1.9293871237887907 42.777371377198683 124 127 131 0.25559203965414645 135 155 137 157 136 144 138 162 133 166 131 139 129 155 128 138 130 141 127 152 134 138 132 138 139 127 126 121 124 134 123 119 118 131 121 131 122 131 116 142 114 156 125 117 120 114 117 120 115 117 119 106 108 156 112 111 113 104 109 125 103 146 105 119 104 157 96 147 101 141 89 163 107 117 106 134 110 127 100 126 97 135 98 151 102 123 90 189 93 149 11 159 6 140 87 155 71 153 56 162 32 220 41 209 48 156 59 177 60 167 62 202 31 157 80 159 15 166 49 156 82 158 81 153 68 156 55 169 57 193 22 204 51 168 37 202 39 150 28 160 40 152 88 149 42 160 85 142 79 152 83 163 17 141 74 153 84 142 52 154 53 196 33 194 70 178 38 186 34 154 26 160 73 144 69 145 23 172 30 172 16 166 18 148 35 162 95 136 21 153 66 194 78 156 86 137 46 156 65 173 3 140 99 129 2 158 8 131 92 177 76 152 50 148 1 148 67 168 25 209 58 161 54 169 61 157 29 194 24 145 27 210 10 132 43 192 14 177 20 206 47 147 12 157 72 187 7 129 94 135 19 155 9 158 64 177 63 174 44 150 13 181 5 136 75 147 91 137 36 198 77 172 45 155 111 144 4 135
174 10.603258278037838 -0.69336246669049328 76.317879093181432 255 255 249 1.3568055125867642 135 161 136 174 144 138 145 156 158 127
175 7.8735478420954665 4.7569644253677978 66.874985226191384 111 91 84 2.3932783301556881 135 124 141 112 143 91 136 122 135 135 141 156 140 151 137 133 143 124 138 106 145 109 144 102 144 131 142 106 146 117 146 140 147 117 151 128 149 123 148 123 155 120 156 103 156 138 152 113 152 124 150 112 154 113 153 118 160 122 157 77 156 73 158 69 161 80 161 121 165 122 159 124 163 105
177 -4.157384777194145 4.5306691091110363 37.525550057542617 154 153 151 0.81694946470573837 138 4 133 6 127 6 134 5 132 6 139 6 126 3 124 2 136 4 123 3 118 3 121 2 122 2 116 3 114 6 125 3 120 4 117 4 119 4
178 -10.769895534539341 18.604537533757807 39.845284305779145 103 113 110 0.92783382154398975 136 7 138 7 145 6 143 6 144 6 135 5 146 7 147 7 151 6 149 6 148 8 155 8 156 6 152 6 150 8 154 5 133 8 131 7 129 6 128 9 130 6 127 8 134 7 132 8 139 9 126 7 125 5
179 2.9283602974888572 2.9989147776361658 42.328514539898464 252 100 100 1.821195842214884 142 34 146 49 147 40 116 57 118 72 123 103 122 119 124 121 125 122 117 54 119 45 136 49
180 -2.5296279217017488 9.2049537454323591 42.049395609529483 89 138 209 0.53446867814845522 136 51 138 56 145 53 142 37 146 41 147 41 151 42 149 44 148 37 155 45 156 45 152 43 150 45 154 42 153 47 160 41 157 43 158 38 161 43 162 49 165 47 159 41 129 45 128 51 127 50 134 52 132 52 163 45 123 39 121 44 122 40 114 55 120 48 117 52 115 52 164 43 112 50 103 50 105 52 104 48 96 60 101 51 89 60 110 53 100 48 97 63 98 54 102 48 90 66 93 65 11 66 6 61 87 62 71 60 56 77 32 67 41 70 48 76 59 63 60 83 62 69 31 76 80 61 15 69 49 62 82 68 81 65 68 61 55 72 57 62 22 68 51 64 37 71 39 62 28 76 40 73 88 57 42 78 85 57 79 68 83 57 17 72 74 75 84 65 52 67 53 64 33 68 70 78 38 63 26 70 73 69 69 71 23 62 30 79 16 69 18 58 35 79 95 56 21 70 66 63 78 61 86 57 46 61 65 68 3 57 99 60 2 54 8 62 92 62 76 64 1 58 67 68 25 71 58 73 61 73 29 74 24 67 27 66 10 62 43 60 14 69 20 64 47 64 12 55 72 63 7 54 94 66 19 63 9 63 64 62 63 76 44 74 13 70 5 65 75 70 91 64 36 77 77 59 45 63 111 46 4 58
182 6.1626291806339903 2.1368670645582779 73.397795533058215 158 155 155 0.54800272118112192 136 115 140 136 138 81
183 2.4928086806004361 12.799188124532783 39.833234276928358 3 20 46 0.84691950433220953 136 140 138 95 139 64
184 2.4928086806004361 12.799188124532783 39.833234276928358 3 20 46 0.84691950433220953 136 129 138 96 139 57
185 10.875779108342583 11.605607857847113 40.328540925040848 134 128 123 0.50419065241627492 137 116 138 101 131 107 128 119 130 105 127 106 134 137 126 105 124 92 118 101 116 94 125 72 109 108 107 103 106 97 97 116 102 109 93 130 6 124 87 120 59 153 60 141 62 130 31 143 80 148 15 143 82 149 55 140 51 147 39 146 28 167 40 143 88 132 17 136 74 113 38 127 26 139 69 140 23 144 30 146 35 146 66 146 78 117 46 115 3 106 8 150 67 120 25 117 58 140 61 170 20 129 47 121 12 124 7 112 19 122 9 118 63 141 5 107
190 0.4529031971066152 10.136076709575217 42.398609450351103 12 35 71 0.8197611569867892 136 160 138 138 145 119 151 144 146 132 139 170
194 -3.4423507375881686 1.4644069566969733 42.179553044989134 159 162 161 0.19619327846759296 136 176 138 170 130 184 129 178 126 174 121 121 125 137
195 8.8909363367379903 3.1621053840373192 69.48697352401156 254 254 247 1.1784287404892917 135 107 136 95 138 100 135 137 141 159 140 138 143 126 145 127 144 101 142 99 146 108 147 112 151 123 149 109 148 113 155 110 156 107 150 105 154 120 153 106 160 100 157 111 161 112
196 -1.4826656068767896 24.60201842948149 37.751099436466141 113 117 111 0.78391083002319562 136 110 141 110 137 119 138 103 144 96 142 83 151 105 148 99 152 103 131 115 130 109 127 111 134 105 120 93 111 105
205 -8.7494214293600905 24.749091935079626 37.449808894065647 107 115 109 1.5071944154234096 143 137 144 146 135 146 146 127 147 129 151 138 148 148 150 128 154 132 153 79 133 98 158 135 161 160 162 126 138 146 130 108 134 173 139 136 118 120 114 138 120 95 103 162 101 167 104 148 107 130 100 140 90 150 71 212 32 223 71 211 41 198 59 170 60 217 80 176 49 187 81 189 57 192 42 183 17 171 52 190 70 187 34 179 26 198 69 203 23 188 21 201 65 183 76 183 67 180 58 182 61 204 29 210 47 174 12 162 72 181 94 170 64 171 44 194 12 200 40 144
208 1.2692322716018796 15.042231354850687 45.86104864475535 128 52 61 1.5909132325734272 136 109 138 129 135 77 140 78 145 131 141 121 138 169 143 112 142 81 146 107 147 92 151 97 149 120 148 119 156 96 152 152 150 130 154 90 160 85 161 165 162 72
211 -15.619260078964787 -5.0518402642492006 44.163185778410167 132 136 135 0.70004535455030326 135 65 143 53 145 62 144 52 131 54 136 64 127 61 134 57 126 45 124 46 122 46 125 46 108 51 112 55 109 70 110 62 111 54
212 4.443149681880123 4.503764976338565 65.493280076953596 254 143 135 0.24001989692194781 135 121 143 103 145 105 144 114
213 14.451295248062451 -0.89174164941956091 79.547581119078956 108 110 110 1.7023389156495374 144 22 145 18 142 12 146 13 147 13 151 16 149 14 148 22 155 16 156 14 152 13 150 17 154 13 153 18 143 24 160 11 157 7 158 13 161 25
215 -0.22601586240917604 1.8589053551786199 71.141637731683673 94 98 93 1.8237857096033645 145 64 142 51 146 55 147 52 149 54 148 55 155 54 156 52 152 52 150 55 154 51 153 58 160 48 157 52 158 42 161 55 162 46
216 0.65326397269747727 7.7769118808948843 44.195630630176616 100 113 119 1.4001979150516455 145 94 142 59 146 62
217 9.1965817853983918 -0.59256608586309112 74.768133941571236 43 45 40 1.0044281846674576 141 43 144 49 145 63 142 72 143 54 147 81 151 117 148 132 156 149 150 143 154 138 153 108 160 75 157 88 158 74 161 75
218 0.56479053151687986 7.0239797749440926 60.661155296648666 77 83 85 1.4388152070152342 144 84 145 92 142 75 146 68 147 85
220 9.4393813105994333 2.5405371804232244 58.643459427709601 115 115 112 1.4832757067225357 141 161 144 132 142 94 143 127 145 124 146 113 147 106
221 14.36877134782071 9.84493917725937 65.601925560626853 118 114 112 0.97687770406262375 145 93 142 115
224 2.0559373295830659 2.6781307292621754 65.450911056212107 57 49 40 0.11112575702908549 145 143 142 133 147 149
226 -0.73805105930216031 24.612455979517723 37.567712765612278 104 108 103 1.3509192003086983 141 119 144 125 146 114 138 132 140 145 143 130 147 105 151 140 149 117 127 88 139 161
229 -11.639969201285378 14.71908235834437 41.407462899429191 99 109 109 0.92001324592619127 142 56 143 121 146 91 147 93 151 98 140 105 149 85 148 97 156 97 160 124 133 122 161 76 162 125 127 107 132 103 139 164 121 78 125 74 108 114 104 107 101 111 98 108 48 195 57 136 22 126 48 130 15 112 37 139 18 130 95 180 9 121 64 125
230 -12.117474699415833 15.798633426284399 40.842203961252345 95 106 104 0.44052317876188868 147 94 149 97 123 94 122 89 109 94 108 115
232 11.643954119164693 -0.70773642606530207 68.438921599561226 103 111 112 0.29111398358629653 141 127 143 132 147 148
233 5.009298616522333 17.018091372477819 42.23652100946709 13 42 70 1.3294444495527771 135 153 141 155 140 159 137 162 143 148 138 157 145 150 144 137 146 134 147 59 141 63 140 48 143 50 145 51 141 90 151 115 149 53 149 76 151 46 148 53 148 102 155 82 156 40 152 54 152 82 150 52 154 53 154 77 153 135 160 90 133 159 133 56 157 69 158 43 161 74 162 91 165 123 159 102 131 121 131 164 129 171 128 91 128 181 130 65 130 172 127 163 134 172 132 157 139 160 126 154 163 142 124 74 123 133 118 152 121 125 116 141 114 148 125 125 117 138 115 150 119 102 119 126 164 154 108 124 112 139 108 157 109 150 103 169 105 85 105 144 104 127 96 200 101 168 89 185 107 143 106 158 100 157 97 181 98 178 90 183 93 185 11 194 6 192 87 188 71 205 56 208 32 214 41 199 48 215 59 195 60 200 62 195 31 203 80 195 15 190 49 203 82 192 81 208 68 201 55 187 57 202 22 202 51 202 37 194 39 202 28 193 40 202 88 177 42 210 85 180 79 63 79 180 80 71 15 91 40 72 42 73 83 184 17 185 74 207 52 73 52 203 85 81 53 65 53 195 33 93 33 204 70 201 38 78 38 209 34 192 39 74 73 78 73 186 69 206 23 201 30 198 16 207 18 202 35 209 95 168 21 200 66 219 78 70 78 187 96 56 128 60 86 179 46 191 65 191 3 170 99 159 2 178 8 182 92 194 76 177 50 71 50 200 1 108 67 128 67 188 31 117 52 148 66 128 101 115 98 101 21 112 34 149 38 134 95 126 25 65 25 147 25 199 88 63 93 59 58 193 54 192 61 192 29 209 27 75 27 198 10 173 43 181 14 196 20 202 47 202 12 134 12 188 14 146 28 133 72 205 7 173 94 185 9 68 9 182 64 211 63 200 44 182 26 66 64 75 13 175 5 170 75 200 91 59 91 180 124 37 36 193 45 183 111 133 4 160
234 18.45126362940545 -3.6690044522006575 68.444571817865508 123 127 129 3.2536985619888608 143 150 147 128
235 -2.1546519917014129 15.09086321349313 42.531626875475141 31 50 76 0.9495623542793783 146 0 147 0 151 0 142 0 149 0 148 1 155 0 156 1 152 0 150 1
237 6.168845965890787 2.1226499841645818 71.374506791860483 255 144 131 1.1091838550606918 146 71 147 57 151 55 142 67 162 63 158 55 159 119 163 104
239 -9.3526021718642127 1.5823756155106399 64.682537792659318 254 255 251 1.3972969866957226 146 98 151 70 149 57 148 52 148 78 155 56 156 70 152 57 152 106 150 38 150 111 154 95
240 -10.896273850324345 13.306245677313266 41.37311743443572 102 110 109 0.80402364277979643 147 91 151 71 148 96 165 67 141 98 130 107 139 80 124 94 121 93 103 113 106 98 100 101 32 136 31 144 84 103 69 142
241 -14.256545229533073 19.46335220335585 43.200278742476442 96 105 104 1.7812354911887192 145 117 151 73 141 100 143 116 149 83 133 123 158 58 161 66 165 83 159 65 127 108 124 95 118 121 17 102
242 1.5670539035395057 6.5513184537435452 65.429390352670566 116 120 115 0.58825467285327859 146 85 147 84 151 90 142 74 149 88 148 88 155 127 156 88 152 92 150 82 154 85 153 88 160 106 157 93 158 84 161 105 162 130 165 146 159 116 163 121
243 1.5670539035395057 6.5513184537435452 65.429390352670566 116 120 115 0.58825467285327859 146 101 147 100 151 111 142 84 149 79 148 106 155 122 156 74 152 76 150 97 154 98 153 102 160 112 157 78 158 70 161 124 162 116 165 150 159 101 163 120
245 -6.6190869855564722 10.946385429763817 41.444839887589055 8 37 72 0.20887692729078186 146 120 147 127 151 132 142 118 149 127 148 126 155 126 156 122 152 128 150 121 154 117 153 122 160 117 157 128 158 113 161 128 162 124 165 153 159 103 163 122 164 142
246 -0.19102882595622961 5.2611528317185119 63.65661225165222 183 172 164 0.19058151619306099 146 139 151 134 149 133
247 -6.6190869855564722 10.946385429763817 41.444839887589055 8 37 72 0.20887692729078186 146 105 147 125 151 136 142 105 149 115 148 131 155 131 156 99 152 110 150 104 154 110 153 113 160 110 157 113 158 96 161 130 162 128 165 128 159 123 163 124 164 127
248 0.59931667119716525 14.107002220331786 43.165330794527286 46 45 80 0.38781021723614367 146 103 151 142 149 139 148 139 155 153 150 107 154 128 153 137 160 123 157 132 158 141 161 166
249 0.15734346934714075 8.2839183412244335 41.838471418544195 88 134 199 1.1471866125630386 141 94 145 74 151 146 143 136 144 73 149 114 148 125 155 130 152 77 150 127 154 108 133 150 128 113
250 -9.5683648886342478 1.5407145889215041 71.368334120927841 163 178 181 1.6815975208532568 147 130 151 151 142 130 156 106 148 134 152 136 150 93 154 119
251 -2.4860936808618099 7.6970727962870349 43.05934900146044 90 136 192 0.48362568572236031 147 138 151 157 142 124 149 141 152 142 161 145 138 158 130 182 124 133 120 150 114 154 115 138 119 131 108 162 112 131 96 201 107 149 110 166 100 165 98 149 90 186 11 168 6 170 87 190 71 206 56 154 32 213 41 207 59 174 62 197 31 192 80 192 15 198 49 213 82 171 68 173 55 195 51 175 39 210 28 185 88 178 42 211 85 181 79 178 83 194 17 194 74 200 84 184 52 188 53 185 70 206 26 177 23 207 16 201 18 214 21 180 78 176 86 191 46 176 65 198 3 160 99 169 2 183 8 171 92 175 76 151 50 201 1 194 67 194 25 200 58 197 54 184 61 199 29 190 24 181 27 203 10 108 43 191 47 182 72 184 7 172 94 194 9 180 64 175 44 193 13 185 5 181 75 188 77 202
253 7.7543249331409587 5.1164253053833102 62.164815931164476 107 101 100 2.4923328330057357 135 132 141 128 143 134 136 103 138 118 145 126 144 123 142 114 147 119 151 131 135 112 141 103 143 104 136 101 138 116 145 89 144 81 142 102 146 123 147 109 149 89 149 111 148 86 148 128 155 88 155 115 156 109 152 91 152 116 150 81 150 123 154 82 154 125 153 77 160 102 157 91 157 115 158 82 158 92 161 95
254 10.631916995426042 -1.0865834220452875 80.757600416761449 249 223 212 1.3159042106830845 146 118 151 104 142 95 147 113 148 77 156 126 152 88 152 133 150 95 154 123 157 151 158 131 161 106 162 109
255 -1.9002276422787228 -0.12069799020368092 39.678907668668906 251 251 243 0.45147452779933045 135 11 149 1 137 9 155 1 152 1 150 0
258 3.2361600339318062 15.282531199807574 42.243452186267504 88 102 133 0.1748383008827202 151 53 149 56 148 50 150 54
259 -1.9578750508602476 -0.5284476698082663 39.704492591725298 254 253 243 0.84938381763467186 138 149 149 105 155 85 156 119 152 131
262 -7.2307881983478168 4.4553933578776563 42.444885865615959 114 118 122 0.80514802169151689 151 127 149 136 148 135 155 109
263 -2.7782999435588018 7.9016715264438115 42.036978089658568 80 124 179 0.44067484097188409 136 153 151 129 149 143 155 124 156 155 150 140 127 147 126 125 124 131 118 158 122 128 116 150 117 134 115 141 108 148 113 120 109 148 103 143 104 173 96 164 101 144 100 162 93 202 41 193 71 203 33 158 73 172 95 157 86 154 99 162 67 193 29 151 94 189 91 152
264 -2.7846470690880802 7.8917636782202321 41.937112207517458 80 124 179 0.28911329752139703 136 159 151 125 149 158 155 129 156 136 150 133 127 162 126 132 124 142 118 162 122 127 116 140 115 148 164 151 108 155 113 137 109 147 103 167 104 170 96 158 101 140 100 156 93 190 95 175 99 163 94 191 91 147
265 11.777516123174207 -1.663410347221139 80.463952940304523 158 164 165 1.024551740208677 135 58 141 73 140 77 137 59 143 72 136 58 138 73 145 84 144 78 142 71 146 77 147 80 151 100 149 84 148 100 155 87 156 79 152 87 150 80 154 79 153 83
266 -0.1060263106044082 9.9755067511254492 39.210904334751497 7 25 52 0.41030882646295602 142 117 144 147 146 133 147 143 135 140 141 126 140 139 137 142 143 131 136 138 138 139 145 125 131 142 130 150 134 151 118 109 116 101 114 117 120 122 117 127 115 122 108 135 112 87 109 98 103 96 105 130 104 130 101 95 107 124 106 136 110 147 98 118 102 95 93 137 11 146 6 108 87 156 71 160 56 180 32 180 41 166 59 165 60 162 62 158 82 164 81 166 55 158 57 163 22 151 37 121 28 119 40 159 85 158 79 160 74 150 84 116 52 155 53 157 33 168 70 137 38 164 26 121 69 148 16 157 35 171 95 112 21 122 66 154 78 131 86 143 65 161 99 106 92 127 76 110 50 133 25 122 29 149 27 155 10 97 14 157 20 162 47 162 12 108 19 158 45 124 111 110
267 -0.1060263106044082 9.9755067511254492 39.210904334751497 7 25 52 0.41030882646295602 142 107 144 127 146 136 147 136 135 138 141 129 140 130 137 141 143 135 136 133 138 134 145 133 131 132 130 154 134 150 118 107 116 106 114 121 120 128 117 108 115 109 108 138 112 97 109 111 103 121 105 125 104 128 101 117 107 122 106 130 110 139 98 111 102 115 93 138 11 157 6 127 87 149 71 145 56 166 32 166 41 159 59 169 60 176 62 175 82 142 81 157 55 167 57 162 22 162 37 147 28 136 40 145 85 146 79 155 74 158 84 109 52 156 53 169 33 152 70 141 38 156 26 145 69 157 16 150 35 181 95 104 21 113 66 161 78 136 86 144 65 158 99 100 92 135 76 100 50 137 25 135 29 162 27 151 10 119 14 162 20 156 47 152 12 127 19 145 45 134 111 124
268 -9.339790362799425 2.3533722996905126 71.049405072470236 250 255 252 0.90949554541794597 142 113 146 80 148 85
269 -1.5867627139049079 25.385641853867035 39.659626483199752 112 115 110 0.90214029151614639 142 70 151 116 148 101 152 83
270 -9.339790362799425 2.3533722996905126 71.049405072470236 250 255 252 0.90949554541794597 142 116 146 99 148 104
272 3.5734906489827112 15.687146198589963 47.583205481536439 103 121 162 0.58178749077543424 148 57 135 70 140 104 137 69 151 51 149 52 150 51 133 74 161 51 162 54 165 58 129 80 142 80 132 83 163 57 100 75 96 127 89 102 97 100 98 87 93 109 6 86 87 122 71 117 56 119 32 96 41 110 48 129 59 98 60 142 31 95 80 90 15 144 49 117 81 129 68 145 55 90 57 134 22 115 51 118 37 138 39 99 40 93 42 95 85 87 79 136 83 138 17 137 74 109 84 131 52 107 53 138 33 119 70 103 38 102 26 112 69 95 23 109 30 98 18 100 35 147 95 82 78 121 86 118 46 98 65 113 3 102 99 94 8 99 92 105 50 112 1 103 67 121 25 118 58 141 54 127 61 128 29 142 24 139 27 124 10 92 43 90 14 125 20 130 12 123 7 98 94 103 19 123 9 96 63 142 44 113 13 107 5 109 75 104 36 126 77 138 45 97 4 99
274 6.7111713713675432 8.0570761550687244 58.83829928762384 120 118 115 1.3323237320649908 141 102 155 76 156 57 165 53 159 48 163 55 164 40
275 1.8395011445460163 13.277303801760718 71.232238491654485 149 62 75 0.72461319242453204 141 122 155 80 152 80 150 89
276 -9.0484116909347705 1.8000663787456248 62.117326144187302 252 255 251 1.5923018864587257 147 103 156 80 142 98 146 78 151 54 149 51 155 53 148 54 156 44 152 51 152 89 150 40 150 108 154 80
277 -9.8886053614307841 11.040735881559076 41.621202454216935 93 102 101 0.73976524675410227 137 114 147 89 156 93 153 94 131 105 123 87
279 1.2463202195702889 3.2204093473732822 66.495100060930554 142 138 128 1.2871604350701029 141 160 146 129 148 150 156 141 147 124 151 118 142 100 146 144 148 115 153 127 160 94 157 120
280 5.0149265100843508 17.038860748052148 42.286105792352267 12 42 70 1.3254452672772161 141 64 140 56 143 52 145 55 151 49 149 55 148 58 156 48 135 151 141 144 140 168 137 149 143 153 138 144 145 160 144 143 146 128 147 64 141 91 151 99 149 75 148 79 155 98 152 56 152 100 150 57 154 54 154 91 160 86 133 163 133 57 157 61 158 45 161 73 162 105 159 109 165 134 131 110 131 157 129 156 128 55 128 90 128 185 130 70 130 158 127 145 134 170 132 148 139 165 126 147 163 128 124 39 124 75 123 137 118 157 121 118 116 148 114 157 125 128 117 129 115 146 119 82 119 118 164 74 164 162 108 116 108 150 112 128 109 153 103 179 105 90 105 156 104 108 96 68 96 197 101 157 89 175 107 144 106 142 100 161 97 182 98 182 90 197 93 173 11 164 6 167 87 187 71 201 56 223 32 211 41 205 48 194 59 200 60 202 62 191 31 189 80 202 15 176 49 210 82 202 81 197 68 212 55 200 57 204 22 213 51 215 37 197 39 205 28 180 40 173 88 188 42 206 85 193 79 76 79 197 80 68 15 87 40 64 39 72 42 70 83 191 17 190 74 182 88 64 93 72 52 80 52 208 85 79 53 75 53 179 33 82 33 186 70 204 38 75 38 178 34 185 73 85 73 191 69 189 23 203 30 201 16 199 18 210 35 211 95 179 21 186 66 218 78 66 78 173 86 190 46 174 65 196 3 162 99 171 2 180 8 167 92 173 76 189 50 73 50 189 1 117 67 122 67 191 31 119 52 129 66 147 101 112 98 109 21 140 26 76 34 115 38 129 95 129 28 123 25 63 25 120 25 186 58 195 54 194 61 197 29 187 27 83 27 199 10 178 43 187 14 198 20 196 47 179 12 122 12 203 14 126 72 182 7 174 94 187 9 56 9 149 64 73 64 172 63 206 44 180 13 179 5 161 75 198 91 60 91 159 36 186 45 196 111 145 4 161
281 2.3046085435196457 15.129304372838634 42.602738720018117 11 41 84 0.45547180052718639 142 42 152 29 147 35 151 29 153 38 165 45 157 47 159 35 163 34 164 38
282 2.3046085435196457 15.129304372838634 42.602738720018117 11 41 84 0.45547180052718639 142 45 152 33 147 37 151 35 153 39 157 48 165 44 159 36 163 38 164 52
284 -8.5696650742842309 8.3304527214623825 40.976373508653474 106 112 113 1.5104335042777182 136 105 152 95 74 164 9 130
292 -0.41104106105399152 2.9177255538384408 68.345670456080398 76 77 73 1.5287923788743645 146 23 154 24 147 14 162 26 165 32 159 38 163 37 164 63
297 -2.1569444673654949 16.730623918220655 40.985772368950265 29 77 117 0.58022508100835024 151 82 153 52 160 46 157 53 161 52 162 76 159 84 163 61 164 65 103 178 105 157 96 196 101 169 100 160 97 180 98 181 102 136 90 202 93 201 11 163 6 163 71 200 56 222 32 228 41 204 48 193 59 206 62 186 31 188 80 201 15 208 49 218 82 207 81 193 68 211 55 204 57 203 22 215 51 214 37 205 39 204 28 207 40 172 88 187 42 204 85 192 17 201 74 211 84 192 52 207 53 178 33 218 70 203 38 212 26 203 23 199 30 212 16 198 18 209 35 220 95 186 21 172 66 217 78 172 86 189 46 177 65 195 3 187 99 170 2 195 8 166 92 201 76 188 1 192 67 210 25 215 58 210 54 215 61 196 29 213 24 205 10 176 43 200 14 197 20 192 47 178 7 165 94 183 19 207 63 213 44 205 13 186 5 155 75 197 91 183
298 -0.93257602414910457 17.015886963024915 42.018213782314589 2 36 71 1.5950783682900744 153 136 160 87 154 92 161 131 162 143 154 129 159 115 165 191 159 117 123 124 116 129 120 89 164 134
299 8.9558166215370356 1.8099904425702815 73.882466720690488 242 229 217 0.71248034965937468 142 29 156 28 147 30 146 30 151 34 152 40 154 31 153 29 160 30 157 29 158 28 161 36
305 0.90042869958219951 3.2875684138104364 70.86347819619715 229 213 198 2.5779298516674936 145 144 142 125 146 143 147 140 148 146 154 151 153 141 160 129 141 106 140 114 143 89 145 100 144 79 142 127 146 121 147 141 151 124 149 110 155 118 156 140 152 137 154 133 158 104
306 -2.0870641203674754 15.049283452133309 51.003079767902172 1 20 45 1.8760639111160602 153 1 154 0 160 0 157 0 158 0 161 0 162 0 165 0 159 0 163 0 164 0
308 0.82602959902175355 7.5755155546926645 58.353461104811259 68 75 84 0.89985803271485099 148 143 149 144 152 162 153 115 154 107 160 113 156 115 155 143 150 134 157 126 161 111 162 83
321 0.36153557798185043 10.506430508572231 37.056895210213206 161 76 98 0.30469837623779539 141 141 133 147
323 -2.8913666788462566 6.1011472218837621 51.276346494217741 69 121 182 1.2656572442165792 150 10 153 6 160 4 157 11 154 7 158 9 161 10 165 24 162 15 159 25 163 25 164 23
325 3.4506875578266758 -3.9226023441115183 44.354361211848982 199 213 215 1.374688730054936 149 38 157 64 155 39 158 75 160 51
326 -3.0172444730231702 -6.2390775101298876 55.288326720040509 254 254 242 1.865383472229289 150 41 160 71 157 84 154 50 148 41 158 117
327 12.19190901148429 12.549386516514879 42.879714158158919 111 109 103 0.73328828756612396 150 88 156 95 157 98 155 95 148 95 165 86 164 102
329 -0.567807778710405 1.9845900727191257 68.221243712849756 112 109 107 1.2190119499170102 149 135 157 138 158 133
330 6.1817749551721315 -13.101763181473006 88.84700687135792 198 197 197 1.7771545551902066 149 153 157 146 161 167 162 75
332 0.59840675712637104 7.7513202304661695 57.058294022455229 79 124 184 2.1349361818355277 156 120 160 118 157 117 149 126 148 130 155 125 152 94 150 119 154 115 150 142 155 144 161 125 162 70
333 8.5663373464959989 -4.4187532005179175 71.408405881771088 248 251 250 1.31483536055199 149 3 154 2 157 3 160 3 158 4 152 3 153 4 156 3 155 3 161 5
334 -1.6493829685346106 16.173212637548549 42.92444791462696 25 76 117 0.175762213273296 157 19 160 15 158 22 161 23
335 6.139089601088453 1.0854461479678184 70.250054679557252 38 37 24 1.3993411402143807 154 29 157 27 160 33 158 30 153 27 161 42 162 45
336 -7.5255105963251898 1.0187178872160498 73.061563963114679 251 255 254 1.9599134165436822 157 55 160 64 158 61 153 68 161 69 162 61 160 29 159 47 163 53 165 51 164 62
337 25.20655579155197 -27.877328368087472 134.97380681666181 189 197 194 1.3862488668986221 149 103 157 122 160 52 158 77 148 71 150 114 153 133 156 72 152 129 154 136 155 148 160 133 151 152 150 60 161 61
338 19.824705913782385 -20.280547741683041 115.15875705415586 100 106 112 1.3199155771668873 149 104 154 140 157 144 160 134 158 128 153 146 150 116 156 133 152 138 148 82 155 105 162 120 151 139
340 1.8414730167710178 25.355883597534756 38.301972934106701 106 111 105 1.0286998535464178 154 135 158 138 89 143 107 147 104 151 93 146 31 155 79 198 109 155 17 152 84 148 53 180 70 155 34 186 50 154 29 145 75 192 77 170 111 134
341 0.57575505337363819 14.041398900548897 42.220083190962249 30 37 69 0.16878034108871492 157 143 160 132 158 139 161 149
342 0.77541675283013967 9.1333990862446992 52.273963344321174 61 81 104 0.7785831652990578 154 102 157 135 160 126 158 142 153 138 161 126
344 30.599463603465818 -11.763861251191528 106.26292161444695 250 246 239 1.7999999230593744 153 17 157 20 158 21 161 16 160 16 162 12
346 -2.2155330170268202 2.8149087489835596 22.57302639499521 209 232 233 1.4237757155536537 149 10 155 17 161 53 150 16 152 15 156 13 154 22 148 19
347 -4.8609632512324472 17.77462601846187 43.677568835971719 0 35 67 0.74559104183179359 155 132 161 65
348 -7.6205200707632939 1.5089954389737339 70.443080891997568 252 255 252 0.50683139674404321 153 57 157 73 158 56 160 67 161 68
349 -7.7861295914065636 -20.518255305345097 115.97491334708991 207 193 183 0.89345647857897126 153 51 157 75 161 78 158 68 162 96 165 137 159 129 163 117 164 137
351 -7.7861295914065636 -20.518255305345097 115.97491334708991 207 193 183 0.89345647857897126 153 53 157 63 161 92 158 78 162 106 165 141 159 110 163 115 164 118
353 -10.511783196205759 12.425570242024838 41.383351775253836 86 96 97 0.45850542357801405 149 80 161 102 165 88 163 88 115 99
354 -8.5891486453127985 0.014671418375028288 74.943667020959168 149 163 171 1.2447663337477519 153 124 157 109 158 99 160 98 161 109 165 185 159 112 163 107
355 5.9409091557470317 -14.071132482220573 96.272372194587319 254 255 249 0.99416305275319783 149 96 161 113
356 -9.0584339093124004 -0.19798738839989238 72.755119868806943 251 254 251 1.3876697568048681 153 99 157 106 158 115 160 120 161 119 162 123 165 105 163 82 159 95 164 92
357 8.6439710683157074 4.6217843293288334 73.383259533107065 120 120 115 0.89239684804709429 149 124 153 119 155 121 161 122 150 113 152 125 156 104 154 114 160 104 148 124
358 4.9257038714043269 -17.025450494932656 108.68856386096647 250 252 249 1.2352552501897474 155 141 161 143 165 143
360 -13.014217956615937 -2.7066482602439161 30.982204866479744 113 118 120 0.81478906936298046 149 130 161 153 148 153 150 122 152 143 154 142 162 136 163 109 164 164
361 30.464077882901638 -10.453103168940897 86.233955482414501 229 227 220 1.0513191755904776 153 82 161 159 154 104 160 65
363 6.2809698769954396 9.4820761417431889 61.776209683439035 119 116 109 1.3718827387629446 141 146 149 156 161 164
364 -7.0151180438183935 13.508642059014639 42.416177464104933 30 93 143 0.44359045781753698 155 74 161 168 156 66 154 74 160 60 165 89
367 5.030278015782768 -5.1842817905849845 49.281850257690841 30 38 29 1.7992123888050007 155 83 162 40 149 131 152 84 156 130
368 4.9495082177064935 -4.684659171548204 47.854498950162316 30 38 29 1.3882173068811809 155 100 162 44 149 122 152 104
371 4.6669783504862892 -12.778340020843713 95.099877181652332 210 226 225 0.91526551108167276 156 71 162 107 149 98 154 112 155 103
372 -8.980157175525644 0.03829404153934618 71.677396881957691 254 254 252 1.3773554235836001 158 119 160 97 161 108 153 143 157 89 153 84 157 139 158 132 162 114 165 97 159 93 163 97 164 111
373 -6.1762089012564996 11.289076936273009 41.538989905747606 44 99 151 0.20794723697995385 142 88 147 126 162 127 163 100
374 1.8343770077630213 14.9230350220452 42.524088760408823 23 31 71 0.63589094635976984 147 133 162 137 164 107
375 -12.3240455205943 -2.8780745180354641 31.016557246128986 114 116 117 0.23525527792629386 155 106 162 138
378 -16.348747894412128 -6.1910625110702551 32.195313965664432 231 209 232 2.0548687123494394 156 152 158 91 162 146 152 139 155 164 165 167
382 -4.5133011035920214 -29.351226485380298 153.81906924923959 252 255 250 1.5020731283247835 156 0 157 1 161 1 162 1 165 1 158 1 160 1 159 1 163 1 164 1
383 -11.469561440513232 3.5782699251609937 62.74726913670942 113 116 116 0.41754435933481143 162 47 165 23 159 24 163 24 164 22
384 12.354546087677262 13.728515926976891 43.346259102756292 113 111 104 0.84445822715756447 161 64 165 66 159 77 129 79 137 117 128 74 127 85 144 62 126 79 122 57 96 88 89 122 28 101 49 100 42 147 83 83 70 105 103 69 69 94 16 102 66 99 78 118 3 88 92 88 50 95 67 95 47 84 113 72 94 95 64 102 91 93 111 73 118 61
385 -6.1757429091423361 14.402487941049957 42.359637295583305 36 92 140 0.22062596251225408 162 79 165 74 159 76 164 75
386 -7.8816501284867817 17.470242105788078 40.480456253867871 13 90 146 1.0219643215552314 149 71 165 91 130 159 125 127 109 136
388 5.5120017340521619 -16.295044531060359 110.51701928447319 179 189 185 0.73437604227543996 156 84 165 104 149 77 154 122 155 86 159 92 163 81 164 91
389 9.702952143636427 7.5730368100749041 43.00809884748972 104 106 103 0.80378151234402895 156 87 165 109 153 109 154 84 155 104
390 -0.19258349555165266 6.584869939563049 49.348595664387226 1 12 23 0.16302745153020975 162 65 165 110 161 96
391 11.910617492903324 -2.7855872293635375 89.814103330852205 88 98 115 1.8009355111014149 157 87 161 94 162 108 158 80 160 74 165 115 159 111 163 126 164 88
392 1.6630510323294927 4.7083149352943368 67.050486728701557 252 227 204 0.5682884254933922 161 138 165 124 158 103 159 138 163 144
393 -5.4841377808547342 1.293810125854884 40.041620581938538 44 43 45 2.1107051763966669 162 112 165 136 161 170
396 19.172205088941951 -3.9621266459030258 56.511338286954583 201 188 179 2.9715327457857921 147 79 165 178
397 -16.411347819479612 -6.1941662159415909 32.270254498122682 231 209 232 2.0661034341536846 156 128 162 149 165 183 152 160 155 163
398 -9.3302964703776023 19.075056109886695 40.857456856094998 93 104 102 0.66268522297418209 135 86 142 82 146 61 147 72 165 93 158 57 161 46 157 66 163 89 123 66 124 56 118 64 121 71 122 54 116 54 114 71 120 85 115 85 164 105 108 74 112 63 113 51 109 63 103 53 105 65 104 52 96 63 101 55 89 64 107 63 106 72 110 75 100 52 97 56 98 58 102 52 90 61 93 70 11 58 6 56 87 57 71 65 56 65 32 71 41 74 48 64 59 68 60 70 62 74 31 65 80 66 15 75 49 67 82 58 81 63 68 65 55 61 57 73 22 74 51 69 37 63 39 66 28 66 40 70 88 62 42 65 85 62 79 74 83 61 17 60 74 64 84 57 52 76 53 69 33 72 70 76 38 72 34 64 26 74 73 74 69 76 23 74 30 67 16 74 18 69 35 67 95 60 21 59 66 69 78 65 86 65 46 65 65 72 3 53 99 50 2 59 8 55 92 59 76 54 50 70 1 63 67 60 25 75 58 77 54 75 61 71 29 78 24 72 27 57 10 56 43 64 14 72 20 68 47 67 12 54 72 67 7 63 94 70 19 67 9 67 64 70 63 80 44 63 13 59 5 56 75 62 91 51 36 71 77 63 45 67 4 52
403 12.613773919878984 -1.3069396784019565 85.290713553227846 85 87 88 1.818668351770246 162 28 165 31 161 24 159 29 163 30
405 -7.9236587209890512 24.475530602235793 37.12997567976759 107 115 112 1.1345041821471378 149 62 165 131 159 89 127 110 118 146
406 -14.089618004896916 -3.7171026808631531 30.925995714312304 223 209 227 2.3653332697658116 149 150 153 132 161 151 152 118 154 131 156 134 162 135 159 135 149 129 154 67 159 63 152 67 156 64 155 113 156 77 155 57
414 0.26876718498262475 1.8589417456466104 41.592563124727185 89 99 107 0.69367028565803135 144 113 145 102 131 97 141 117 143 138 129 134 111 118
415 -1.2106300022228318 2.1418771132972005 39.758455996728848 129 131 132 0.48294272151790574 137 121 138 97 131 99 129 123 130 140 127 99 134 135 126 95 121 85 144 50 141 35 122 79 105 104 104 99 96 119 101 114 118 90 89 114 107 93 110 104 97 108 93 121 11 97 87 114 120 99 56 140 48 153 31 133 62 123 82 160 55 131 57 125 51 160 37 130 39 136 88 123 85 127 79 127 83 130 34 129 73 119 69 132 65 137 92 111 54 119 43 141 63 135 75 127 91 128 45 140
416 -10.116212051723195 11.728100161478702 41.31831030642843 104 112 113 0.86874853778027228 146 58 131 108 132 82 123 89 108 112 101 76
417 5.7286211050072415 -0.64618125551308703 38.425873775100236 111 107 105 1.868700214357407 138 69 131 138 129 175 128 147 134 119
418 0.79858304193259511 11.309972067407536 42.066538811899854 168 75 94 1.344569993373874 141 154 131 146 128 129 132 146
419 -7.9045601334489124 6.8586585652835721 40.962386244372034 128 132 133 0.36228119951594628 133 117 159 79 131 148 128 143 134 127 151 91 122 83 164 121 60 172 71 138 89 144 32 164 48 164 87 146 62 166 31 161 80 146 15 146 49 154 82 132 81 161 68 140 55 148 51 151 37 173 39 140 40 156 42 155 85 152 17 131 74 156 84 141 34 151 35 161 66 182 78 148 46 149 65 151 3 136 2 135 76 140 50 176 1 152 25 165 61 133 29 153 24 143 43 158 47 159 72 156 13 102 75 146
421 -1.6674091595694776 1.533986656839331 47.297011640757766 243 233 233 1.0267898959233164 135 84 141 116 140 71 137 81 143 99 136 57 138 79 145 158 144 148 133 96 131 66 135 145 136 169 137 137 129 66 128 81 130 66 130 127 134 122 132 75 139 76 124 81 123 55 118 58 121 51 121 119 116 56 116 144 114 62 114 115 125 53 120 53 117 58 122 66 115 66 119 49 119 115 108 65 113 92 103 67 105 60 104 56 96 81 101 63 89 73 107 70 106 67 110 82 100 119 96 203 104 136 105 110 108 132 98 131 102 63 102 151 90 81 90 151 93 76 11 71 6 68 87 71 71 78 56 82 32 81 41 87 48 81 59 78 60 88 62 84 31 84 80 77 15 83 49 80 82 72 81 80 68 79 55 79 57 84 22 84 51 80 37 81 39 81 28 87 40 82 88 83 42 82 85 75 79 87 83 71 17 79 74 82 84 75 84 160 52 81 53 79 33 89 70 82 38 82 34 87 34 198 26 84 73 76 69 79 23 89 30 84 16 85 18 86 35 85 95 66 21 76 66 81 78 84 86 68 86 202 46 78 65 84 3 63 99 65 99 125 2 69 8 64 92 76 92 179 76 71 76 154 79 203 50 80 1 70 67 81 25 81 58 80 58 201 54 77 61 88 61 154 61 211 29 87 24 79 27 79 10 69 43 77 14 87 20 85 47 77 12 72 72 90 7 73 94 74 19 81 9 73 64 82 63 82 44 80 13 76 141 74 5 78 75 77 91 76 36 85 77 75 45 84
422 -9.9316255911079203 14.74187597116487 42.666485837327258 110 116 114 0.69976294952983298 140 14 145 12 131 11 133 12 136 13 130 10 139 13
424 8.3269632742210593 6.7721438711993214 41.924566825995385 116 118 120 0.63425703587665994 144 118 131 176 115 121 108 163 105 112
425 4.2157740494507498 14.761504959152305 34.248893054770008 141 127 116 0.75334965662074749 133 53 129 49 130 52 127 56 132 48 123 38 135 55 121 46 122 43 11 82 79 102 80 93 35 101 32 100 72 100 91 98
427 5.2489800194004781 18.365198659996135 42.264870057649489 141 127 116 0.71964984370712903 133 54 165 38 129 56 130 57 127 53 132 49 163 33 121 45 135 54 122 36
429 1.1038568909451976 9.5609208974237614 47.401415564550881 185 85 106 0.70946186551403623 141 134 129 150 130 148
430 0.3094876671916082 13.731602462779751 41.578491940780069 85 117 162 0.39017863690012805 137 76 149 148 140 103 131 72 129 82 152 112 144 141 155 97 130 78 124 54 123 71 125 60 96 86 89 101 100 82 98 89 90 89 32 98 41 117 82 104 57 115 56 99 37 97 28 104 88 91 79 100 83 103 74 94 52 105 70 100 38 107 69 97 30 119 16 113 18 92 35 99 21 90 65 114 8 90 67 113 27 111 10 79 43 92 12 100 72 116 19 113 9 95 44 94 5 94 77 88
433 2.9204515595517822 19.594473797672318 36.993035382130657 104 103 93 1.9446491082026509 141 13 145 15 128 15 143 14 144 14 134 13 132 16 133 17 139 18 127 14
434 2.9914497536080646 19.771018655125626 37.320644714625743 104 103 93 1.7864155324408932 141 11 145 14 128 17 143 12 144 12 134 15 132 13 133 14 139 14
435 -0.04003741951615726 -0.42284327556108803 1.5243776749777731 252 255 253 0.34640135385526771 129 23 131 25 128 25 130 24 127 58 124 41 123 41 121 23 122 37 116 8 125 45 120 5 117 5 115 15 119 5 113 29 118 9 114 8 126 5 103 38 96 26 101 35 89 38 100 30 97 26 98 66 102 57 90 40 93 40 11 57 6 187 87 40 71 25 56 25 32 23 41 27 48 39 59 25 60 45 62 24 31 25 80 30 15 34 15 38 31 23 32 31 49 33 82 26 81 36 68 33 55 31 57 26 22 48 51 25 37 24 37 25 39 25 39 38 28 26 40 24 88 35 42 31 85 25 79 24 83 26 17 41 17 55 74 25 84 39 52 38 53 26 33 25 33 33 70 36 38 32 38 35 34 23 34 25 26 24 73 29 69 24 23 41 30 23 30 25 16 42 18 34 18 38 35 23 35 25 95 22 21 41 66 30 78 25 86 40 46 25 65 24 3 32 3 36 99 23 2 34 2 37 8 37 8 50 92 21 76 26 50 25 1 34 1 40 67 28 25 46 58 26 54 36 61 38 29 23 29 24 24 43 27 34 10 19 10 25 8 78 43 25 14 35 14 40 20 43 47 25 12 58 72 26 7 21 7 25 8 97 94 31 19 39 9 109 64 36 63 25 44 25 13 40 13 45 5 37 5 39 75 25 91 35 36 24 36 40 77 32 45 29 4 35 4 36
442 0.74174955037914059 12.349047485018215 38.957175835324556 6 37 70 0.18198990504513093 129 69 131 73 128 86 135 88 137 71 130 74 127 60 134 100 132 70 126 75 124 45 123 52 121 64 122 45 120 57 117 66 115 63 119 65 108 68 113 52 109 69 103 57 96 77 89 77 106 76 110 71 100 57 97 74 102 69 11 76 71 76 41 86 48 84 60 91 62 82 80 75 49 81 82 70 81 83 68 75 55 76 57 87 22 86 51 78 39 77 28 78 85 74 17 75 53 81 33 83 34 79 26 81 23 87 30 83 16 88 18 84 35 82 21 78 78 89 65 88 3 69 1 69 67 72 58 78 24 84 20 81 19 77 13 72 5 71 75 83 91 68 45 80 111 57 4 65
459 -7.3001537930023668 24.581927679238518 37.393429000650805 109 116 107 0.89839960153640508 149 82 128 182 123 93 118 122 122 93 112 132 113 112 105 136 96 194 89 172 90 195 87 152 60 179 62 176 31 168 49 158 68 206 51 188 37 122 39 129 39 192 40 138 79 200 83 186 74 149 84 182 52 189 33 151 34 197 73 165 69 167 16 217 18 157 2 194 8 188 67 206 25 150 54 170 29 148 24 195 27 131 10 175 43 175 14 183 12 178 45 149 4 174
462 -2.3525695687696602 0.62321277206872538 44.977637545607124 211 208 215 1.0679860943001138 129 136 138 140 128 201 130 130 127 156 134 176 139 126 126 139 124 122 118 129 121 116 122 134 116 121 114 108 125 119 120 133 117 125 115 136 119 104 113 115 132 168 96 149 104 139 108 144 101 133 107 135 100 120 97 134 98 138 102 62 103 56 107 52 108 60 71 158 49 215 68 164 51 158 73 204 95 135 99 146 54 203 64 156 45 189
463 6.0229639777823323 2.2541687763306033 41.885914042360888 107 112 113 2.1119269222267953 129 4 131 3 128 1 130 4 134 2 132 4 133 4 139 4 141 46 143 55 145 48
464 0.84539082946683419 12.002670978540436 44.402916152905675 177 80 102 1.6292314483392889 131 145 128 130 140 158 127 129 134 148 132 143
476 -0.18736222447311215 7.8050583856338109 42.749948448518694 0 19 41 0.30857916770623728 141 66 144 55 145 71 142 49 143 61 146 57 147 54 149 125 151 61 148 107 152 127 150 118 133 69 127 64 135 71 141 60 140 61 137 67 143 64 136 61 138 65 145 68 144 56 156 114 146 56 147 50 151 65 142 52 149 113 148 90 155 128 152 120 150 126 153 114 133 66 131 64 129 68 128 63 130 68 127 66 134 62 132 67 132 72 139 62 126 124 126 131 126 168 118 56 116 53 114 111 115 61 108 71 112 58 113 50 109 61 103 65 105 63 104 59 96 75 101 62 89 79 107 61 106 64 110 73 100 58 97 69 98 71 102 66 90 74 93 82 11 74 6 71 87 75 71 82 56 89 32 88 41 78 48 86 59 84 60 93 62 86 31 90 80 85 15 86 49 87 82 77 81 78 68 85 55 84 57 89 22 88 51 85 37 78 39 85 28 83 40 85 88 78 42 80 85 82 79 84 83 75 17 82 74 88 84 78 52 83 53 92 33 85 70 81 38 79 34 81 26 89 73 81 69 84 23 86 30 92 16 83 18 77 35 90 95 71 21 88 66 86 78 82 86 73 46 84 65 82 3 65 99 70 2 64 8 76 92 79 76 76 50 85 1 75 67 77 25 90 58 84 54 78 61 84 29 83 24 78 27 76 10 70 43 82 14 84 20 76 47 80 12 75 72 87 7 79 94 76 19 87 9 77 64 77 63 86 44 87 13 79 5 70 75 85 91 70 36 78 77 82 45 79 111 60 4 74
477 -1.4045244691312802 -0.96617033888628789 22.709169978105848 254 254 254 1.1487768082982692 133 134 134 46 139 104
481 1.0758103160532422 7.6066551825376871 21.909647876287949 97 109 144 1.5109173151905044 133 77 132 86 126 56 128 121 124 50 123 48 121 49 122 42 125 49
482 -0.14488563700881463 1.4883908085226842 47.697507727072079 254 255 245 1.231995875826172 133 80 136 96 132 90 138 124 139 77
486 0.61079343483296611 2.3118250979814219 45.999826733567851 84 47 48 0.88527242820975105 133 164 141 124 132 166 143 90
490 -13.589557086152984 18.976663073053153 39.810832508720644 97 108 111 0.43093916043708613 131 80 132 87 128 70 143 70 139 85 126 65 121 76 120 62 115 84 119 63 164 71 103 83 105 78 104 84 101 91 106 92 98 91 89 91 102 86 93 103 11 122 6 101 87 102 71 95 32 107 41 95 48 100 80 112 15 94 49 101 81 103 68 95 55 93 22 99 39 97 88 97 42 98 85 90 79 103 74 96 53 99 33 109 34 106 30 118 18 90 78 105 46 101 65 99 3 76 67 105 58 95 24 99 27 102 10 90 14 102 36 95
492 10.523828580078018 10.569426161342811 42.47593526704231 129 123 119 2.0443177841471445 131 149 139 98 156 90 153 91 116 92 64 159 59 135 32 148 56 143 38 133 75 132
493 1.5937655588492927 0.23981357284539218 43.970294885844247 162 152 153 1.8502233445380341 133 131 138 160 139 125
494 0.077604587906853914 5.122322887595085 34.675994608753065 95 152 244 0.73616929169514955 133 145 138 166 139 130
503 -15.732550262242663 22.867876763158741 33.683677049685187 103 112 108 0.49338706302400975 128 72 126 69 140 81 137 78 143 71 130 80 124 59 117 61 108 80 103 79 11 81 6 99 71 96 87 101 90 99 56 105 32 102 59 100 62 106 15 109 49 102 81 102 68 96 55 108 57 102 51 95 37 99 39 98 28 106 40 77 106 70 88 98 42 99 85 91 83 87 53 100 38 99 34 107 26 96 73 86 30 102 16 107 35 107 95 85 21 92 66 104 65 106 3 77 2 74 92 92 50 108 67 103 61 97 27 101 10 91 43 94 14 101 20 95 36 89
506 -7.2271453606887359 5.4370986896211315 40.79304519920862 114 115 117 0.72297199046676697 151 87 163 125 101 103 85 148 83 133
507 -3.9655923760617178 19.184354971419058 41.144723306880181 10 31 45 1.7474396745268199 134 133 163 146 124 101
508 -7.7865544452823094 6.4489067911202778 41.63551959574113 141 139 137 0.42861673118287813 153 86 124 84 123 81 116 59 119 89 89 115 97 148 71 154 56 155 32 146 59 132 60 171 82 150 55 156 40 154 73 133 30 156 17 151 16 151 18 122 66 152 46 150 50 162 67 155 58 168 54 122 72 154 19 149 9 148 44 152 36 147 4 139
509 -2.6222090543398369 2.3098322376233749 41.435330511114991 133 139 140 0.77774669679453823 127 81 126 59 124 52 138 78 134 80 125 54 108 85 107 74 93 93 89 87 90 122 11 92 87 113 71 107 56 90 32 118 41 106 60 132 62 116 15 99 82 96 57 118 22 110 28 94 40 97 79 92 83 95 17 92 84 83 52 115 33 99 38 120 26 100 69 110 23 101 30 107 16 100 18 96 35 123 66 110 46 111 2 92 8 82 1 92 25 100 58 128 54 118 27 98 8 129 15 134 17 128 23 173 14 95 20 120 47 112 113 68 112 74 12 86 72 94 7 84 19 92 64 95 63 107 10 104 13 89 5 87 77 96 45 112 4 136
515 3.3534581485477051 16.23064964893187 42.937701357455978 90 109 146 0.76566773572604918 135 31 141 32 140 31 137 31 143 33 136 31 138 28 145 31 144 27 142 23 146 24 147 24 151 23 149 27 148 33 155 29 156 34 152 28 150 37 154 39 153 26 160 27 133 24 157 24 158 25 161 29 162 25 165 43 159 33 131 19 129 18 128 23 130 18 134 21 132 25 139 24 163 35 141 29 140 30 137 33 143 32 136 34 138 29 145 33 144 31 142 26 146 25 147 28 151 21 149 32 148 34 155 34 156 35 152 34 150 36 154 37 133 21 165 41 128 19 127 25 134 25 132 21 139 22 164 33
516 1.0501942938945155 1.1567966665569562 77.540303816129892 189 193 195 0.59590650723038152 135 122 140 111 137 120 136 48 138 111 139 38 133 40 141 108 140 112 143 100 145 103 144 99 142 73 146 79 147 82 151 101 149 108 148 133 155 108 156 85 152 135 150 110 154 81 153 85 160 77 157 90 165 187 158 100 161 110 159 136 163 141 164 19 103 58 109 58 108 66 105 58 104 63 96 83 101 49 89 78 107 68 106 68 110 69 100 46 97 78 98 68 102 46 90 78 93 80 11 78 6 79 87 79 71 73 56 74 32 85 41 83 48 89 59 80 60 79 62 66 31 89 80 82 15 78 49 77 82 76 81 84 68 82 55 70 57 75 22 92 51 79 37 76 39 80 28 80 40 71 88 72 42 76 85 70 79 82 83 55 17 61 74 81 84 70 52 90 53 78 33 84 70 86 38 62 34 74 26 83 73 67 69 66 23 93 30 89 16 86 18 82 35 76 95 70 21 83 66 77 78 88 86 74 46 82 65 65 3 62 99 69 2 68 8 68 92 75 76 70 50 88 1 72 67 78 25 68 58 70 54 83 61 82 29 82 24 65 27 84 10 68 43 73 14 82 20 78 47 69 12 66 72 81 7 72 94 72 19 86 9 75 64 60 63 73 44 71 13 75 5 61 75 82 91 62 36 86 77 80 45 85 4 72
518 -1.9879040211445496 2.484984814623747 43.242214077790315 153 153 151 0.16640282314805932 118 85 126 77 129 101 130 96 131 76 134 92 135 96 137 94 121 73 124 71 123 69 140 69 116 76 114 84 125 65 120 71 117 80 119 71 103 76 96 105 89 100 97 98 102 91 90 87 93 106 87 94 71 113 56 113 32 114 41 112 48 96 59 117 60 118 62 93 31 108 80 108 49 118 82 94 81 93 68 109 55 105 57 107 22 94 51 112 37 119 39 107 28 110 40 96 88 94 42 114 85 99 79 104 83 101 74 104 84 94 52 112 53 111 33 112 70 93 38 106 34 111 26 105 73 102 69 113 23 108 30 115 16 115 18 87 35 114 95 96 21 107 66 114 78 107 86 90 46 105 65 109 3 91 99 90 2 91 92 95 76 97 50 106 1 95 8 95 67 98 25 109 58 108 54 108 61 111 29 110 24 103 27 106 43 104 14 111 20 92 47 103 72 102 94 98 19 107 9 86 64 106 63 114 5 98 75 102 36 107 77 101 45 93 4 81
519 -10.633341824995556 13.230732549456512 39.275249404557158 98 109 107 0.41018126114532699 144 91 121 95
521 6.736761609771075 3.2062587207822943 44.032558839012665 116 116 112 1.3033580065158423 135 133 139 154 140 163 143 125 121 104 115 135 112 114 104 138 98 126 38 159
522 -0.86021848021603953 1.8793251762671126 42.830699704329753 0 0 0 1.4570180274682072 126 70 127 62 138 36
529 -1.0343632646750311 7.5362066680001973 41.565441171572026 82 131 202 0.62802243689461201 135 49 144 42 121 48 138 54 161 56 162 62 126 57 114 57 120 55 117 60 119 47 104 46 96 59 101 50 106 56 90 62 87 59 56 76 32 61 41 64 48 67 59 62 93 56 60 81 62 68 31 75 82 62 81 68 68 60 57 74 22 82 40 58 42 77 79 61 83 65 147 43 53 84 33 76 70 65 34 71 26 64 73 68 69 70 23 82 30 77 16 89 21 81 99 58 76 62 50 77 67 67 25 86 58 67 29 72 24 81 27 71 20 80 63 75 75 80
540 -1.9725508706297863 -0.45930682950534585 34.429176558200972 204 201 209 2.4284872357092082 118 140 127 175 134 161 121 123 122 136 114 162 125 111 129 173 131 169 128 180 130 180 127 167 134 178 139 107 129 84 138 168 128 100 130 121 134 74 132 151 133 143 126 91 126 142 124 43 123 121 118 139 121 126 121 127 122 135 122 138 116 123 114 130 125 47 120 136 120 144 117 95 117 136 115 128 115 154 119 57 119 134 112 121 113 126 113 142 123 46 96 96 96 169 101 100 89 111 89 193 100 136 96 180 97 106 97 154 97 155 98 79 90 102 90 166 90 173 93 118 93 163 93 189 11 109 11 179 6 113 6 200 87 87 87 166 71 106 71 215 56 108 56 225 32 110 32 191 32 194 71 187 56 207 41 107 41 189 41 223 48 113 48 187 59 111 59 184 59 185 60 102 60 210 60 211 62 112 62 208 62 209 31 103 31 179 31 180 80 99 80 171 80 173 15 97 15 173 15 182 49 114 49 159 49 178 82 93 82 191 81 115 81 223 68 104 68 185 68 209 55 98 55 174 57 108 57 216 57 217 22 160 22 173 22 188 62 151 51 103 51 205 51 220 37 106 37 159 37 198 39 105 39 185 39 221 28 130 28 201 28 203 40 103 40 184 88 106 88 158 88 190 42 185 42 203 85 125 85 170 79 185 83 93 83 147 83 171 17 169 17 198 74 125 74 174 74 196 84 123 84 179 52 91 52 174 52 193 53 108 53 205 53 206 33 97 33 207 33 208 70 88 70 209 70 216 38 97 38 192 38 193 34 96 34 203 34 204 26 127 26 173 26 190 73 126 73 175 73 178 69 105 69 198 23 115 23 187 23 217 30 105 30 178 30 179 16 95 16 211 16 213 18 179 35 102 35 186 35 187 95 97 95 141 95 182 21 192 21 193 66 135 66 204 66 205 78 93 78 194 86 110 86 163 46 89 46 186 46 187 65 102 65 186 3 68 3 147 99 122 99 149 2 89 2 161 8 80 8 165 92 101 92 192 76 118 76 149 76 160 50 104 50 210 50 211 1 91 1 143 1 179 67 87 67 178 67 203 25 175 58 122 58 180 58 206 54 86 54 183 54 209 61 118 61 185 29 93 29 182 29 188 24 178 24 179 27 172 27 182 10 101 10 154 10 155 43 101 43 198 14 96 14 209 20 117 20 215 47 144 47 191 47 209 12 155 12 175 72 99 72 203 7 102 7 182 94 84 94 174 94 201 19 91 19 195 19 196 9 144 9 163 64 107 64 206 63 193 63 194 44 154 44 168 44 169 13 87 13 153 5 85 5 164 5 168 75 169 91 136 91 166 36 100 36 206 36 207 77 95 77 160 77 178 45 166 45 197 4 71 4 175 2 169 1 156 3 132 5 167 10 166 42 199 47 205 91 142 93 160 95 146 96 187 97 175 99 140 127 174 121 128 113 127 39 219 56 210 114 160 118 148 120 147 122 124 134 166 132 174
548 9.9991843627914925 5.8242583182646097 81.046876726094283 114 111 106 1.3455640738309784 148 62 164 42 149 68 150 50 155 49
549 -0.19690684013100254 7.715605993249091 42.259952340713447 1 27 59 0.094778483606051692 141 65 108 76 143 63 145 69 112 64 115 65 113 56 109 64 103 63 105 66 104 55 96 80 101 66 89 74 107 64 106 75 110 77 100 63 97 77 98 73 102 68 90 73 93 79 11 79 6 72 87 80 71 81 56 84 32 84 41 81 48 87 59 83 60 92 62 77 31 88 80 80 15 79 49 85 82 75 81 85 68 81 55 82 57 88 22 87 51 83 37 83 39 83 28 79 40 78 88 76 42 85 85 78 79 81 83 74 17 85 74 86 84 71 52 89 53 86 33 80 70 85 38 85 34 80 26 87 73 84 69 82 23 81 30 88 16 91 18 76 35 88 95 69 21 82 66 83 78 86 86 76 46 81 65 86 3 73 99 68 2 71 8 72 92 74 76 74 50 81 1 79 67 80 25 87 58 83 54 80 61 80 29 81 24 83 27 82 10 63 43 80 14 88 20 87 47 82 12 80 72 83 7 77 94 79 19 84 9 78 64 81 63 85 44 83 13 83 5 75 75 81 91 79 36 87 77 79 45 81 111 62 4 76
550 1.3450114530887689 1.6266602106428425 41.318473170888311 161 161 153 0.27594577900549655 141 135 108 143 143 149 144 133 112 119 109 141 105 149 104 98 107 92 81 216 59 199 71 173 31 211 32 221 56 174 60 206 62 205 68 177 57 209 88 179 42 181 79 179 83 164 17 127 74 209 84 158 52 217 53 200 70 210 26 197 73 168 86 184 99 174 2 188 76 139 1 171 25 211 54 199 29 204 24 186 43 167 20 208 47 185 72 180 94 155 19 177 44 201 13 184
560 -0.035705488088099924 -0.41341797117568996 1.1914980611774046 254 254 254 0.49634588612453545 112 35 115 25 113 28 116 16 117 6 120 6 109 71 114 7 105 102 107 67 106 157 110 66 110 123 82 116 87 138 89 131 90 136 22 141 28 137 88 129 85 138 83 110 84 110 26 146 23 130 16 141 18 135 21 115 86 128 3 120 2 124 92 136 25 140 24 113 27 133 14 139 20 143 13 160 75 110 91 106 111 55 4 142
572 0.92613990210715058 6.5525491956017854 36.464354962458081 15 41 74 0.21818351367056496 112 62 115 62 116 52 135 91 137 91 139 70 113 53 118 55 108 77 109 68 103 55 105 67 104 64 101 67 107 66 89 68 106 74 110 78 100 64 98 74 102 70 90 72 11 80 6 76 87 72 71 83 56 88 32 89 41 80 48 85 59 85 60 94 62 79 31 91 80 86 15 88 49 88 82 78 81 76 68 86 55 85 57 79 22 91 51 86 37 87 39 86 28 81 40 86 88 75 42 87 85 83 79 85 83 76 17 86 74 89 84 72 52 82 53 91 33 92 70 80 38 83 34 82 26 90 73 87 69 85 23 85 30 93 16 82 18 78 35 89 21 85 66 87 78 81 86 77 46 77 65 81 3 72 129 77 130 75 2 72 8 69 92 73 76 77 50 87 1 80 67 76 25 91 58 85 54 79 61 86 29 84 24 86 27 77 10 66 43 74 14 85 20 83 47 81 12 79 72 86 7 76 19 89 9 69 64 80 63 87 44 88 13 80 5 72 75 73 91 71 36 80 77 83 45 78 111 63 4 66
573 1.4786563680083467 10.561046179451088 42.689737149077743 247 90 87 2.1527804095617911 112 53 115 56 116 47 118 43 108 63 141 61 140 53 136 63 138 66 145 58 142 38 146 42 147 44 151 43 149 45 148 44 155 50 156 42 152 44 150 46 154 45 153 43 160 38 165 73 159 71 131 48 128 64 134 63 163 69 109 56 113 45 157 33 103 46 105 50 104 53 107 50 106 59 110 58 100 53 102 56 111 51
582 0.16783252824319697 10.517701987883584 42.359020704115736 2 21 50 0.32964681284617159 135 56 141 49 140 51 143 45 136 52 138 58 145 54 144 44 142 39 146 43 147 48 151 44 149 47 148 46 155 46 156 41 152 37 150 48 154 44 153 44 160 42 133 67 157 45 158 39 161 49 162 37 131 49 129 50 128 50 130 58 127 67 134 53 132 68 139 49 135 51 141 54 140 57 137 48 143 51 136 55 138 57 145 56 144 51 142 44 147 49 133 68 157 49 149 37 152 49 153 40 154 49 160 44 156 46 155 38 158 41 161 44 162 51 165 48 159 44 131 57 129 46 128 59 130 49 127 63 134 49 132 57 139 56 163 46 118 48 116 46 114 51 120 51 117 46 115 54 119 80 108 56 112 52 113 43 109 54 103 52 105 54 104 50 96 71 101 59 89 55 107 57 106 54 110 55 100 51 97 57 98 62 102 50 90 58 93 57 11 68 6 55 87 67 71 67 56 66 32 72 41 75 48 73 59 75 60 72 62 60 31 67 80 70 15 60 49 72 82 59 81 71 68 70 55 63 57 65 22 64 51 72 37 67 39 68 28 73 40 60 88 69 42 66 85 63 79 62 83 67 17 63 74 71 84 58 52 69 53 72 33 75 70 68 38 67 34 72 26 79 73 61 69 63 23 68 30 71 16 77 18 59 35 73 95 64 21 62 66 64 78 69 86 62 46 66 65 75 99 51 8 56 92 66 76 57 50 76 67 64 25 78 58 61 54 70 61 75 29 67 24 60 27 63 10 58 43 68 14 79 20 74 47 74 12 70 72 75 7 68 94 62 19 71 9 52 64 63 63 70 44 69 13 62 5 59 75 64 91 55 36 74 77 67 45 72 111 48
585 -7.3282796483752968 6.5538943476660814 41.139918065777934 120 119 109 0.3763755743709426 164 45 100 47
588 -8.7725966377143063 8.6858844430539683 41.459112147915789 108 109 103 0.46855300312237241 159 81 98 119 68 153 34 135 26 135 36 157
594 -0.0087563678195047377 -0.37745261112675349 0.19269557515152377 234 208 220 1.0124959056705551 71 185 32 222 41 182 41 185 60 98 62 102 31 175 80 161 49 106 81 104 81 182 55 154 57 112 57 184 51 164 37 161 39 187 28 144 28 210 40 142 42 191 83 145 84 138 52 184 53 104 53 168 33 150 38 153 23 153 26 165 95 160 66 103 66 166 86 169 46 164 46 170 65 177 3 84 3 156 99 74 2 95 2 166 8 77 92 165 1 89 1 140 58 181 67 114 54 178 61 179 29 144 24 167 10 83 10 165 43 150 20 77 7 97 7 167 94 97 94 149 44 176 96 99 70 154 97 164 64 98 87 163 5 83 5 127 75 154 91 156 77 179 77 205 45 163 4 78
596 -4.0248360924962077 10.339284088371219 42.006192966591513 79 127 188 0.24865280394748018 135 42 141 42 140 45 137 41 143 43 136 45 138 42 145 46 144 38 146 37 147 39 151 36 148 36 133 47 131 42 129 44 128 45 130 39 127 42 134 43 132 47 139 41 126 36 124 25 123 28 118 35 121 35 122 31 116 38 125 31 120 38 117 41 115 42 119 37 108 46 112 40 113 39 109 47 103 41 105 46 104 34 101 46 89 49 107 44 106 47 110 50 100 42 98 45 102 39 90 50 93 54 11 43 6 44 87 51 135 39 141 38 140 39 137 34 143 39 136 39 138 50 145 43 144 40 142 31 146 39 147 32 151 31 149 30 148 30 155 32 156 31 152 31 150 32 154 34 153 33 160 36 133 44 157 32 158 34 161 32 165 37 159 31 131 35 129 37 128 41 130 42 127 40 134 38 132 41 139 46 126 33 163 32 124 34 123 35 118 39 121 32 122 29 116 35 114 41 125 37 120 37 117 37 115 33 119 34 164 29 108 42 112 45 113 37 109 40 103 34 105 42 104 31 96 53 101 40 89 48 107 47 106 42 110 43 100 35 97 53 98 50 102 40 90 53 93 50 11 44 6 49 87 52 133 46 138 43 131 41 129 41 128 44 130 45 127 43 134 42 132 46 139 42 126 37 124 29 123 34 118 42 121 40 122 32 116 44 114 45 125 36 115 40 119 36 108 45 112 41 113 40 109 46 103 42 105 45 104 35 101 43 96 48 89 42 107 46 106 48 110 47 100 41 97 46 98 49 102 33 90 45 93 47 11 47 6 42 87 45 71 55 56 55 32 50 41 54 48 54 59 53 60 57 62 53 31 56 80 54 15 48 15 53 15 57 49 57 82 53 82 54 81 51 68 49 55 56 57 53 22 53 22 59 51 55 37 55 39 56 28 55 40 49 88 46 88 53 88 54 42 61 85 49 85 53 79 53 83 52 83 54 17 46 17 53 17 54 74 55 84 49 84 50 84 54 52 55 53 54 33 59 70 52 38 50 34 54 26 54 73 49 69 52 23 51 30 57 16 48 16 55 16 56 18 45 18 53 18 54 18 56 35 57 95 48 95 49 21 47 66 57 78 54 86 45 86 49 86 50 46 53 65 54 3 41 3 48 99 41 99 45 2 41 2 44 8 40 8 48 92 47 92 48 92 52 76 47 50 53 1 48 1 53 67 47 25 51 58 52 54 51 61 53 29 57 24 55 27 49 10 48 10 52 43 52 14 47 14 55 14 56 20 48 20 56 47 51 12 45 12 51 12 52 72 61 7 43 7 49 7 50 94 46 94 52 94 53 19 56 9 41 9 46 9 49 64 50 63 57 44 55 13 48 13 53 13 54 5 45 5 54 75 54 91 41 91 44 91 45 36 55 77 54 45 54 111 39 111 42 111 43 4 42 4 48
597 0.99612203852636805 8.1215052984162384 44.139498571401106 30 43 74 1.6852608134256877 135 74 140 96 137 73 154 116 131 125 129 105 130 101 116 153 108 161 112 126 113 116 105 132 103 128 104 156 96 211 101 172 89 146 107 148 100 164 97 198 98 179 102 159 90 145 93 147 11 149 6 206 71 149 56 197 32 169 41 162 48 198 127 77 132 80 139 87 59 151 60 190 62 174 15 164 82 148 68 172 55 178 51 148 37 200 28 145 88 157 42 153 85 197 17 193 74 151 84 132 53 182 33 153 38 158 26 188 69 158 23 206 30 183 16 152 18 156 95 185 21 154 78 145 86 199 46 151 3 153 99 121 8 154 92 147 50 157 1 199 67 154 25 198 54 152 61 160 24 153 43 163 14 201 47 155 12 140 72 149 7 127 94 192 19 146 64 152 63 210 44 147 13 149 5 154 91 139 36 153 77 199 111 59 35 81 37 82 42 84 44 82 48 88 58 82 64 86 72 80 75 79 79 80 80 79 84 77 85 77 86 72 95 68 98 70 100 62 101 70 102 65 103 61 104 58 105 62 106 65 107 60 108 70 109 60 110 72 112 59 113 49 115 60 51 82 83 73 99 67 47 79 97 76 50 82 78 85 96 79 45 82 76 73 93 78 46 80 94 80 73 83 91 78 43 79 77 78 89 72 40 79 74 85 88 77 92 78 41 84 81 79 90 76 11 73 38 80 70 84 39 78 71 80 87 78 2 70 36 81 67 71 6 70 25 85 30 87 31 87 32 83 57 82 61 79 62 78 65 85 66 82 69 81 34 90 68 76 82 74 63 84 22 81 53 85 20 82 52 84 23 79 54 84 15 85 17 81 18 81 21 80 24 82 27 81 33 91 55 81 56 80 60 90 7 78 49 84 59 82 26 86 12 74 28 89 5 80 29 80 3 64 16 90 14 83 19 83 1 74 8 75 13 78 9 74 10 72 4 73 4 165
626 -8.2987897364837337 7.5449823651248984 41.664282214861075 122 125 124 0.37063507689272329 49 144 87 154 146 88 82 152 56 184 71 144 31 139 32 162 48 165 59 154 81 162 6 142 68 157 55 135 57 130 22 158 51 149 42 149 85 149 83 142 74 157 106 110 52 159 70 127 38 123 26 154 69 153 23 142 35 159 95 131 46 139 65 153 3 141 99 131 2 136 8 151 92 148 76 133 50 177 1 126 25 166 61 124 24 133 27 169 43 132 14 153 20 134 12 159 64 162 44 153 13 141
631 0.54977437301073495 0.90732133237874568 42.638875408096283 138 134 129 0.20114984913484063 6 189 11 189 41 188 49 161 59 180 71 159 90 149 104 129 138 123 81 217 96 150 100 168 101 178 102 152 103 135 106 149 87 147 89 190 31 214 32 226 56 160 60 208 62 152 80 158 93 148 82 173 97 192 98 153 68 190 55 151 57 160 22 164 51 166 37 157 39 167 28 147 40 201 88 137 42 154 85 188 79 189 83 140 17 180 74 152 84 140 52 168 53 156 33 161 70 156 38 152 34 153 26 169 73 153 69 181 23 157 30 174 16 162 35 182 95 174 21 159 66 198 78 151 86 159 46 154 65 163 3 159 99 137 2 191 92 151 76 141 50 180 1 190 67 150 25 213 58 202 54 201 61 183 29 159 24 188 27 149 43 170 20 210 47 145 12 185 72 161 7 179 94 153 19 179 9 185 64 155 63 172 44 175 13 178 5 175 75 140 91 141 36 146 77 167 45 188
783 -5.180496363899632 24.606354456788726 37.739271294569335 174 174 168 0.33092429506129295 114 96 123 109 120 92 117 89 113 103 150 150 109 97 108 121 103 117 104 113 96 136 101 113 153 97 163 90 160 89 89 125 107 109 110 117 100 108 97 120 98 110 102 111 90 123 93 136 11 125 6 125 87 127 71 119 56 153 32 127 41 134 48 136 59 143 60 122 62 129 31 122 80 144 15 115 49 150 82 110 81 132 68 150 55 143 57 139 22 130 51 123 37 141 39 148 28 124 40 120 88 113 42 123 85 137 79 140 83 106 17 110 74 132 84 106 52 132 53 124 33 123 70 135 38 132 34 139 144 95 146 92 158 65 26 143 73 110 69 119 23 125 30 148 16 127 18 112 35 150 95 101 21 143 66 120 78 163 86 101 46 118 65 126 3 110 99 97 2 119 8 114 92 124 76 132 50 132 1 119 67 125 25 126 58 115 54 133 61 134 29 119 24 111 27 129 10 117 43 140 14 132 20 133 47 128 12 116 72 125 7 114 94 121 19 134 9 123 64 131 63 146 44 117 13 110 5 111 75 107 91 126 36 127 77 143 45 123 111 103 4 106
784 0.66785428600537677 9.9834288996984739 42.989372179190376 57 94 152 2.2592397263936714 136 150 138 135 139 167 145 118 135 72 140 65 143 108 136 87 138 121 142 53 147 66 151 93 151 154 146 137 131 65 129 63 128 114 130 69 117 44 120 49 93 81 87 74 56 86 80 83 22 80 62 87 51 84 37 86 40 80 79 83 53 88 69 83 21 84 66 85 86 75 76 75 50 89 24 85 27 74 92 80 64 78 44 85 75 84
1135 -1.6496253099603744 5.8766835823345511 45.237314490599893 134 129 123 1.3735946402955317 2 11 6 5 11 8 15 8 16 12 17 8 18 12 22 8 24 6 32 12 50 9 145 8 14 12 31 8 40 10 41 10 46 8 48 8 49 8 51 8 52 8 55 8 59 8 65 8 71 8 78 11 89 10 28 8 30 8 33 8 35 8 21 6 23 8 25 7 27 7 26 9 29 8 37 8 39 8 42 12 43 8 53 8 57 8 58 8 60 8 62 8 66 8 69 8 70 8 76 8 80 12 81 8 88 10 8 7 79 7 3 11 10 7 1 11 56 8 68 8 92 10 61 8 54 8 34 8 67 8 73 8 38 8 74 8 20 8 47 9 113 8 12 8 72 8 7 7 19 12 9 7 64 8 63 8 44 8 83 10 103 2 85 10 84 11 90 6 82 10 87 6 86 10 100 7 102 7 13 8 5 7 75 13 36 8 77 7 45 8 4 11
1237 -2.4324061991253405 8.2934977612651135 42.047120315453533 6 32 62 0.20530091419437804 135 75 141 80 140 82 137 74 143 67 136 69 138 77 145 72 144 65 142 68 146 73 147 65 151 83 149 64 148 73 155 62 156 58 152 70 150 62 154 63 153 54 160 59 133 72 157 59 158 52 161 67 162 85 131 82 129 78 128 76 130 76 127 72 134 85 132 81 139 66 126 81 124 64 123 51 118 66 121 63 122 62 116 62 114 75 125 58 120 68 117 83 115 78 119 51 108 79 112 69 113 63 109 73 103 87 105 75 104 78 96 90 101 77 89 82 107 78 106 86 110 89 100 79 97 82 98 85 102 82 90 93 93 99 11 85 6 89 87 89 71 90 56 97 32 94 41 97 48 106 59 99 60 109 62 89 31 113 80 111 15 105 49 96 82 85 81 92 68 91 55 87 57 99 22 100 51 91 37 108 39 91 28 100 40 95 88 87 42 92 85 105 79 97 83 81 17 98 74 91 84 88 52 96 53 96 33 105 70 107 38 88 34 101 26 108 73 96 69 92 23 94 30 95 16 112 18 104 35 96 95 80 21 105 66 93 78 100 86 94 46 97 65 96 99 82 8 93 92 89 76 87 1 94 67 112 58 90 54 100 29 101 24 94 27 91 10 77 20 103 12 95 72 114 7 91 19 99 9 89 44 90 135 90 141 86 140 84 137 89 143 75 136 73 138 88 145 79 144 77 142 62 146 64 147 61 151 64 149 74 148 66 155 70 156 62 152 64 150 78 154 70 153 67 160 63 133 82 157 71 158 50 161 63 162 69 131 74 129 98 128 87 130 94 127 75 134 91 132 93 139 84 126 85 124 61 123 59 118 60 121 70 122 60 116 77 114 83 125 67 120 79 117 87 115 88 119 73 108 90 112 76 113 77 109 84 103 88 105 81 104 74 101 72 107 79 106 90 110 94 100 69 102 90 11 89 6 82 17 104 3 94 2 85 8 87 50 97 1 83 25 92 61 103 10 75 43 88 14 107 47 90 12 99 7 81 94 87 9 85 64 104 63 94 13 94 13 99 5 92 5 97 75 94 91 92 36 94 77 84 45 95 111 72 111 82 4 87
1238 -6.0037177793489862 24.688905682091395 37.695524154901591 113 117 116 1.3579776989888219 132 139 152 102 155 114 142 121 152 109 147 115 154 154 153 147 158 140 161 171 162 144 124 129 140 149 137 140 163 147 123 136 121 117 162 87 165 95 114 161 119 121 113 140 104 176 106 164 6 209 62 217
1387 -6.2365373986126693 11.454396519106394 32.975619076849092 19 111 178 0.35591401247477356 44 114 75 137 95 128 100 102 108 113 110 112 134 147 136 175 139 100 111 102 1 116 76 128 25 119 31 145 36 123 38 128 43 136 46 116 50 127 57 135 61 129 65 123 69 116 70 131 90 119 97 117 2 199 63 143 22 125 24 140 47 122 55 207 77 139 82 140 49 147 52 127 59 139 8 110
1388 0.57252636872314688 10.834364422856479 42.535107104004503 0 27 63 0.053013081456901354 162 154 111 114
