# Image list with two lines of data per image:
#   IMAGE_ID, QW, QX, QY, QZ, TX, TY, TZ, CAMERA_ID, NAME
#   POINTS2D[] as (X, Y, POINT3D_ID)
# Number of images: 13, mean observations per image: 0
8 0.9999513737042115 -0.002949239525399455 -0.0081627143236275013 -0.0046821264563282712 4.9380629003535894 -3.1084539130608961 0.3378656168577433 1 000010.png
113.33261871337891 118.44290924072266 -1 113.33261871337891 118.44290924072266 -1 82.004249572753906 37.867462158203125 -1 82.004249572753906 37.867462158203125 -1 157.65867614746094 67.550971984863281 -1 174.74909973144531 98.450630187988281 -1 174.74909973144531 98.450630187988281 -1 174.74909973144531 98.450630187988281 -1 125.71726226806641 79.310531616210938 -1 66.186965942382812 139.34017944335938 -1 57.320842742919922 177.95335388183594 -1 170.57479858398438 189.6243896484375 -1 57.320842742919922 177.95335388183594 -1 86.825325012207031 81.964332580566406 -1 72.988853454589844 110.60570526123047 -1 138.47113037109375 140.99615478515625 -1 114.63861846923828 175.43099975585938 -1 86.825325012207031 81.964332580566406 -1 86.825325012207031 81.964332580566406 -1 138.47113037109375 140.99615478515625 -1 114.63861846923828 175.43099975585938 -1 124.05374908447266 157.65153503417969 -1 153.48405456542969 137.10884094238281 -1 159.06352233886719 153.6934814453125 -1 124.05374908447266 157.65153503417969 -1 134.16273498535156 112.33013916015625 -1 134.16273498535156 112.33013916015625 -1 105.35252380371094 115.39598083496094 -1 153.48405456542969 137.10884094238281 -1 90.814079284667969 146.85629272460938 -1 159.06352233886719 153.6934814453125 -1 119.25278472900391 100.57363128662109 -1 148.1881103515625 110.56586456298828 -1 119.99134826660156 127.16271209716797 -1 90.488922119140625 128.10263061523438 -1 119.99134826660156 127.16271209716797 -1 148.1881103515625 110.56586456298828 -1 90.488922119140625 128.10263061523438 -1 100.89084625244141 49.925029754638672 -1 100.89084625244141 49.925029754638672 -1 79.952003479003906 162.32400512695312 -1 79.952003479003906 162.32400512695312 -1 141.92079162597656 154.68400573730469 -1 105.09718322753906 124.08009338378906 -1 105.09718322753906 124.08009338378906 -1 97.752273559570312 160.39469909667969 -1 141.92079162597656 154.68400573730469 -1 105.09718322753906 124.08009338378906 -1 90.967033386230469 114.77743530273438 -1 92.297035217285156 102.82154846191406 -1 146.06816101074219 89.285484313964844 -1 153.79185485839844 87.27423095703125 -1 144.30780029296875 123.74623870849609 -1 89.472885131835938 32.549324035644531 -1 120.73065185546875 2.2756562232971191 -1 108.18445587158203 22.306873321533203 -1 142.26095581054688 18.809881210327148 -1 127.33855438232422 12.564789772033691 -1 63.339256286621094 201.53594970703125 -1 158.80473327636719 122.62519836425781 -1 142.26095581054688 18.809881210327148 -1 158.80473327636719 122.62519836425781 -1 134.29852294921875 125.57076263427734 -1 107.90792083740234 160.70591735839844 -1 104.90708160400391 101.57682800292969 -1 101.83319854736328 62.517246246337891 -1 117.52873992919922 113.49332427978516 -1 135.32736206054688 52.843074798583984 -1 144.30780029296875 123.74623870849609 -1 145.59114074707031 93.428550720214844 -1 150.94305419921875 149.64007568359375 -1 126.02267456054688 39.496707916259766 -1 145.59114074707031 93.428550720214844 -1 152.05348205566406 97.399772644042969 -1 140.128662109375 98.368461608886719 -1 12.153032302856445 250.16822814941406 -1 150.94305419921875 149.64007568359375 -1 132.16519165039062 20.450998306274414 -1 144.7684326171875 31.770111083984375 -1 140.128662109375 98.368461608886719 -1 152.05348205566406 97.399772644042969 -1 13.156765937805176 245.26902770996094 -1 188.70034790039062 187.60391235351562 -1 88.918060302734375 161.08258056640625 -1 250.03863525390625 153.18927001953125 -1 118.89730834960938 104.83806610107422 -1 113.25077056884766 97.879798889160156 -1 13.156765937805176 245.26902770996094 -1 167.36639404296875 54.458122253417969 -1 118.89730834960938 104.83806610107422 -1 114.74817657470703 50.396438598632812 -1 121.40163421630859 50.106098175048828 -1 114.74817657470703 50.396438598632812 -1 124.30133056640625 22.143768310546875 -1 123.60093688964844 97.242591857910156 -1 108.14952850341797 7.3206949234008789 -1 9.8872594833374023 5.9583368301391602 -1 127.38461303710938 49.707088470458984 -1 175.79934692382812 59.752304077148438 -1 127.38461303710938 49.707088470458984 -1 71.382865905761719 81.846084594726562 -1 61.990932464599609 188.71394348144531 -1 114.42897796630859 3.1689653396606445 -1 138.86505126953125 3.8674266338348389 -1 125.81047821044922 4.4690084457397461 -1 141.26448059082031 8.2729568481445312 -1 148.49186706542969 11.323619842529297 -1 105.28861999511719 12.309874534606934 -1 139.63360595703125 13.942985534667969 -1 116.85318756103516 28.203744888305664 -1 139.02296447753906 28.711652755737305 -1 172.10833740234375 56.425617218017578 -1 164.6661376953125 83.876113891601562 -1 118.52134704589844 99.909675598144531 -1 95.539138793945312 121.23455810546875 -1 86.407196044921875 122.18431091308594 -1 97.842987060546875 128.84616088867188 -1 89.853759765625 135.11778259277344 -1 241.42912292480469 135.44410705566406 -1 241.42912292480469 135.44410705566406 -1 162.33517456054688 143.00315856933594 -1 67.502166748046875 170.66165161132812 -1 27.361106872558594 203.30125427246094 -1 138.06033325195312 243.4232177734375 -1 141.50379943847656 244.10169982910156 -1 100.98577880859375 252.48054504394531 -1 148.73471069335938 53.435165405273438 -1 61.990932464599609 188.71394348144531 -1 125.81047821044922 4.4690084457397461 -1 139.63360595703125 13.942985534667969 -1 89.853759765625 135.11778259277344 -1 172.10833740234375 56.425617218017578 -1 95.539138793945312 121.23455810546875 -1 86.407196044921875 122.18431091308594 -1 97.842987060546875 128.84616088867188 -1 107.52590942382812 44.686672210693359 -1 140.81781005859375 24.148778915405273 -1 80.988121032714844 57.388271331787109 -1 65.280708312988281 191.99905395507812 -1 148.2764892578125 22.066471099853516 -1 144.48342895507812 8.1075286865234375 -1 131.63444519042969 7.8134922981262207 -1 117.22522735595703 7.2107667922973633 -1 160.45382690429688 80.327529907226562 -1 77.273544311523438 66.919136047363281 -1 106.84165191650391 37.625667572021484 -1 141.79573059082031 126.41770172119141 -1 124.44416809082031 149.60856628417969 -1 65.280708312988281 191.99905395507812 -1 149.71536254882812 99.720680236816406 -1 3.3050105571746826 248.47004699707031 -1 95.5780029296875 32.278030395507812 -1 144.48342895507812 8.1075286865234375 -1 106.84165191650391 37.625667572021484 -1 107.52590942382812 44.686672210693359 -1 196.25479125976562 49.431938171386719 -1 168.34979248046875 53.547779083251953 -1 141.79573059082031 126.41770172119141 -1 124.44416809082031 149.60856628417969 -1 84.886734008789062 47.720684051513672 -1 196.25479125976562 49.431938171386719 -1 168.34979248046875 53.547779083251953 -1 131.864501953125 24.165687561035156 -1 124.98899841308594 182.57058715820312 -1 188.85267639160156 177.49591064453125 -1 68.973739624023438 155.655029296875 -1 121.17174530029297 100.66121673583984 -1 121.17174530029297 100.66121673583984 -1 118.52732849121094 97.297378540039062 -1 7.1167011260986328 252.56266784667969 -1 162.44242858886719 52.605457305908203 -1 88.001800537109375 44.899707794189453 -1 115.60035705566406 42.426776885986328 -1 134.53408813476562 14.455098152160645 -1 144.47715759277344 35.845409393310547 -1 131.864501953125 24.165687561035156 -1 135.26324462890625 31.002252578735352 -1 134.08122253417969 26.401630401611328 -1 129.31825256347656 26.218156814575195 -1 114.03938293457031 23.658536911010742 -1 144.189697265625 22.967000961303711 -1 143.11251831054688 17.215145111083984 -1 123.31204986572266 17.209527969360352 -1 131.26431274414062 14.934064865112305 -1 120.66001129150391 15.155792236328125 -1 144.189697265625 22.967000961303711 -1 133.18330383300781 3.8524625301361084 -1 134.08122253417969 26.401630401611328 -1 135.26324462890625 31.002252578735352 -1 144.47715759277344 35.845409393310547 -1 134.53408813476562 14.455098152160645 -1 88.001800537109375 44.899707794189453 -1 121.17174530029297 100.66121673583984 -1 121.17174530029297 100.66121673583984 -1 188.85267639160156 177.49591064453125 -1 145.07411193847656 13.983808517456055 -1 145.07411193847656 13.983808517456055 -1 104.08385467529297 37.573097229003906 -1 142.24330139160156 31.693838119506836 -1 
83 0.99995477250276432 -0.00065235667433061488 -0.0054829548144747506 -0.0077436804051398325 2.4189902983738469 -1.0137510346152969 0.63817274141721014 1 000083.png
157.43241882324219 67.5208740234375 -1 176.81300354003906 97.330039978027344 -1 176.81300354003906 97.330039978027344 -1 176.81300354003906 97.330039978027344 -1 176.81300354003906 97.330039978027344 -1 57.077262878417969 178.06240844726562 -1 102.23329925537109 44.791385650634766 -1 124.00508880615234 76.3128662109375 -1 66.013572692871094 140.171630859375 -1 170.54286193847656 189.66705322265625 -1 124.00508880615234 76.3128662109375 -1 57.077262878417969 178.06240844726562 -1 72.4228515625 110.95852661132812 -1 137.9351806640625 140.4833984375 -1 114.66910552978516 175.41793823242188 -1 83.432273864746094 83.185684204101562 -1 83.432273864746094 83.185684204101562 -1 83.432273864746094 83.185684204101562 -1 137.9351806640625 140.4833984375 -1 114.66910552978516 175.41793823242188 -1 153.5836181640625 137.13882446289062 -1 130.57829284667969 64.245254516601562 -1 159.07748413085938 153.6907958984375 -1 124.02138519287109 157.60145568847656 -1 105.53970336914062 115.85519409179688 -1 123.67138671875 11.736381530761719 -1 130.57829284667969 64.245254516601562 -1 132.59878540039062 111.94721984863281 -1 130.46412658691406 140.54286193847656 -1 153.5836181640625 137.13882446289062 -1 130.46412658691406 140.54286193847656 -1 112.55484008789062 143.25297546386719 -1 159.07748413085938 153.6907958984375 -1 124.02138519287109 157.60145568847656 -1 112.55484008789062 143.25297546386719 -1 119.98494720458984 126.95990753173828 -1 148.09146118164062 110.54689025878906 -1 90.534233093261719 128.12518310546875 -1 119.98494720458984 126.95990753173828 -1 148.09146118164062 110.54689025878906 -1 118.75069427490234 100.61290740966797 -1 105.49774169921875 22.005006790161133 -1 92.47540283203125 102.76812744140625 -1 90.534233093261719 128.12518310546875 -1 93.933303833007812 29.803562164306641 -1 153.88038635253906 87.224952697753906 -1 146.08529663085938 89.261711120605469 -1 90.997650146484375 114.89149475097656 -1 141.94790649414062 154.835205078125 -1 105.04981994628906 124.48674774169922 -1 79.955612182617188 162.29389953613281 -1 97.741058349609375 160.3424072265625 -1 141.94790649414062 154.835205078125 -1 105.04981994628906 124.48674774169922 -1 79.955612182617188 162.29389953613281 -1 143.84982299804688 61.654232025146484 -1 143.84982299804688 61.654232025146484 -1 118.93470001220703 113.08993530273438 -1 158.80705261230469 122.61876678466797 -1 144.24368286132812 123.71240234375 -1 134.05892944335938 124.70933532714844 -1 107.86289215087891 160.6075439453125 -1 63.364177703857422 201.20155334472656 -1 144.24368286132812 123.71240234375 -1 118.93470001220703 113.08993530273438 -1 158.80705261230469 122.61876678466797 -1 134.05892944335938 124.70933532714844 -1 134.05892944335938 124.70933532714844 -1 134.05892944335938 124.70933532714844 -1 142.23023986816406 18.816925048828125 -1 144.72212219238281 31.771198272705078 -1 105.28349304199219 102.18914031982422 -1 132.11064147949219 20.53608512878418 -1 11.250036239624023 250.84678649902344 -1 151.00796508789062 149.71894836425781 -1 125.75580596923828 39.667083740234375 -1 145.55426025390625 93.51690673828125 -1 152.04386901855469 97.39874267578125 -1 140.05526733398438 98.308792114257812 -1 185.92526245117188 179.66607666015625 -1 63.100021362304688 198.20237731933594 -1 185.92526245117188 179.66607666015625 -1 140.05526733398438 98.308792114257812 -1 152.04386901855469 97.39874267578125 -1 145.55426025390625 93.51690673828125 -1 125.75580596923828 39.667083740234375 -1 151.00796508789062 149.71894836425781 -1 172.53005981445312 152.80697631835938 -1 250.21652221679688 153.469970703125 -1 88.900245666503906 161.05970764160156 -1 28.558917999267578 202.94725036621094 -1 13.297514915466309 245.4737548828125 -1 125.15061187744141 4.7526106834411621 -1 118.69910430908203 5.040616512298584 -1 100.7340087890625 7.3438291549682617 -1 108.00530242919922 7.5149807929992676 -1 124.51515960693359 22.102346420288086 -1 121.44806671142578 50.241161346435547 -1 167.2569580078125 54.495250701904297 -1 121.44806671142578 50.241161346435547 -1 118.69910430908203 5.040616512298584 -1 125.15061187744141 4.7526106834411621 -1 165.52490234375 84.142906188964844 -1 113.35042572021484 97.82244873046875 -1 123.62701416015625 97.159523010253906 -1 118.95815277099609 104.77687835693359 -1 162.13395690917969 142.5201416015625 -1 13.297514915466309 245.4737548828125 -1 124.51005554199219 150.84892272949219 -1 123.62701416015625 97.159523010253906 -1 175.80213928222656 59.793418884277344 -1 144.14472961425781 41.004547119140625 -1 138.99107360839844 18.83428955078125 -1 172.02116394042969 56.535194396972656 -1 118.61396026611328 99.75030517578125 -1 86.4061279296875 122.21345520019531 -1 97.827201843261719 128.82415771484375 -1 138.90802001953125 28.849113464355469 -1 89.882637023925781 135.12458801269531 -1 138.82754516601562 3.7475769519805908 -1 114.24433135986328 3.8065872192382812 -1 117.49076843261719 6.9658021926879883 -1 141.06153869628906 8.2504005432128906 -1 120.35433197021484 10.821486473083496 -1 139.76800537109375 14.071490287780762 -1 116.835205078125 27.318241119384766 -1 107.84196472167969 48.950736999511719 -1 127.58524322509766 49.01873779296875 -1 148.86456298828125 53.541324615478516 -1 172.02116394042969 56.535194396972656 -1 118.61396026611328 99.75030517578125 -1 86.4061279296875 122.21345520019531 -1 97.827201843261719 128.82415771484375 -1 89.882637023925781 135.12458801269531 -1 65.726249694824219 192.23619079589844 -1 65.726249694824219 192.23619079589844 -1 141.72857666015625 244.16242980957031 -1 100.55675506591797 252.48777770996094 -1 120.35433197021484 10.821486473083496 -1 139.76800537109375 14.071490287780762 -1 127.58524322509766 49.01873779296875 -1 124.3779296875 149.55775451660156 -1 84.944496154785156 47.684650421142578 -1 53.728340148925781 127.27086639404297 -1 95.688545227050781 121.07341766357422 -1 148.25251770019531 22.123710632324219 -1 141.74159240722656 126.48202514648438 -1 91.059318542480469 120.29421997070312 -1 70.891227722167969 82.718368530273438 -1 63.857707977294922 100.8616943359375 -1 164.71601867675781 80.406669616699219 -1 3.1458823680877686 248.50128173828125 -1 65.739166259765625 95.820167541503906 -1 62.590278625488281 188.78952026367188 -1 140.85215759277344 24.269493103027344 -1 161.55088806152344 52.982261657714844 -1 77.256858825683594 66.553993225097656 -1 74.714546203613281 72.857833862304688 -1 141.74159240722656 126.48202514648438 -1 138.30586242675781 243.5257568359375 -1 104.50786590576172 11.172760963439941 -1 95.688545227050781 121.07341766357422 -1 124.3779296875 149.55775451660156 -1 62.590278625488281 188.78952026367188 -1 104.50786590576172 11.172760963439941 -1 131.79098510742188 7.7953414916992188 -1 162.63339233398438 143.6109619140625 -1 123.54426574707031 17.202301025390625 -1 138.96043395996094 247.19338989257812 -1 84.777786254882812 42.456127166748047 -1 114.18050384521484 23.642240524291992 -1 129.22676086425781 26.251153945922852 -1 11.845249176025391 8.9959945678710938 -1 145.02725219726562 13.97641658782959 -1 134.70027160644531 14.433807373046875 -1 131.39236450195312 15.076257705688477 -1 145.02725219726562 13.97641658782959 -1 134.70027160644531 14.433807373046875 -1 121.29148101806641 100.61451721191406 -1 121.29148101806641 100.61451721191406 -1 188.88917541503906 177.442138671875 -1 118.52728271484375 97.51336669921875 -1 144.895263671875 8.1306838989257812 -1 160.59959411621094 80.460472106933594 -1 129.22676086425781 26.251153945922852 -1 198.96978759765625 53.615013122558594 -1 196.42764282226562 48.656013488769531 -1 115.40962982177734 42.484073638916016 -1 144.50209045410156 35.795455932617188 -1 144.895263671875 8.1306838989257812 -1 137.83088684082031 35.880344390869141 -1 140.35258483886719 240.30146789550781 -1 125.03749847412109 182.55003356933594 -1 188.88917541503906 177.442138671875 -1 135.25534057617188 30.979740142822266 -1 144.895263671875 8.1306838989257812 -1 161.94084167480469 135.85830688476562 -1 149.6239013671875 100.16883850097656 -1 
87 0.99997333002181998 -0.0010047667634754129 -0.0056983787826739903 -0.0044562504499438072 2.6254628111862965 -1.2468111994239104 -0.18970951622764293 1 000089.png
94.310218811035156 43.557567596435547 -1 176.68275451660156 97.454940795898438 -1 176.68275451660156 97.454940795898438 -1 176.68275451660156 97.454940795898438 -1 157.51048278808594 67.598541259765625 -1 176.68275451660156 97.454940795898438 -1 125.31467437744141 77.50738525390625 -1 66.044120788574219 139.63766479492188 -1 57.066951751708984 178.33154296875 -1 170.56607055664062 189.64143371582031 -1 125.31467437744141 77.50738525390625 -1 57.066951751708984 178.33154296875 -1 72.604270935058594 110.53205871582031 -1 138.01704406738281 140.48040771484375 -1 114.58160400390625 175.43243408203125 -1 84.954887390136719 82.874412536621094 -1 114.58160400390625 175.43243408203125 -1 138.01704406738281 140.48040771484375 -1 84.954887390136719 82.874412536621094 -1 84.954887390136719 82.874412536621094 -1 132.60218811035156 111.97396087646484 -1 123.44636535644531 11.771443367004395 -1 106.14111328125 114.85000610351562 -1 153.4537353515625 137.12852478027344 -1 159.05525207519531 153.69593811035156 -1 124.04852294921875 157.62867736816406 -1 159.05525207519531 153.69593811035156 -1 124.04852294921875 157.62867736816406 -1 132.21351623535156 60.837444305419922 -1 132.21351623535156 60.837444305419922 -1 111.83634185791016 143.4542236328125 -1 153.4537353515625 137.12852478027344 -1 111.83634185791016 143.4542236328125 -1 148.12826538085938 110.58664703369141 -1 118.93112945556641 100.77345275878906 -1 92.503990173339844 102.7882080078125 -1 120.02275085449219 126.97311401367188 -1 90.502326965332031 128.12387084960938 -1 148.12826538085938 110.58664703369141 -1 90.502326965332031 128.12387084960938 -1 120.02275085449219 126.97311401367188 -1 97.758308410644531 160.380615234375 -1 79.966728210449219 162.32516479492188 -1 141.97731018066406 154.86685180664062 -1 153.849609375 87.243423461914062 -1 141.97731018066406 154.86685180664062 -1 79.966728210449219 162.32516479492188 -1 105.03350830078125 124.08404541015625 -1 105.03350830078125 124.08404541015625 -1 105.83485412597656 21.48478889465332 -1 146.17958068847656 89.213768005371094 -1 90.956146240234375 114.88169860839844 -1 105.03350830078125 124.08404541015625 -1 92.02685546875 22.419811248779297 -1 143.88154602050781 61.695335388183594 -1 143.88154602050781 61.695335388183594 -1 134.09968566894531 125.02190399169922 -1 160.42137145996094 164.75617980957031 -1 142.29098510742188 18.878625869750977 -1 63.287593841552734 201.38810729980469 -1 158.79315185546875 122.65220642089844 -1 144.23104858398438 123.72096252441406 -1 118.64429473876953 113.12393188476562 -1 105.49008941650391 102.02904510498047 -1 142.29098510742188 18.878625869750977 -1 158.79315185546875 122.65220642089844 -1 144.23104858398438 123.72096252441406 -1 134.09968566894531 125.02190399169922 -1 134.09968566894531 125.02190399169922 -1 134.09968566894531 125.02190399169922 -1 160.42137145996094 164.75617980957031 -1 132.20266723632812 20.551095962524414 -1 90.561088562011719 24.317329406738281 -1 152.0445556640625 97.413162231445312 -1 140.06378173828125 98.340599060058594 -1 144.48507690429688 32.1715087890625 -1 125.79317474365234 39.704639434814453 -1 145.52587890625 93.628028869628906 -1 152.0445556640625 97.413162231445312 -1 140.06378173828125 98.340599060058594 -1 150.38905334472656 117.6336669921875 -1 125.79317474365234 39.704639434814453 -1 145.52587890625 93.628028869628906 -1 125.16539001464844 4.8454985618591309 -1 88.910667419433594 161.11763000488281 -1 250.02381896972656 153.29216003417969 -1 1.3883301019668579 247.35182189941406 -1 124.46633148193359 150.58560180664062 -1 245.08441162109375 145.05110168457031 -1 118.96292114257812 104.78824615478516 -1 113.34869384765625 97.820816040039062 -1 123.59952545166016 97.190132141113281 -1 13.326211929321289 245.02342224121094 -1 13.326211929321289 245.02342224121094 -1 123.59952545166016 97.190132141113281 -1 121.31751251220703 50.304592132568359 -1 118.68875885009766 5.1064014434814453 -1 125.16539001464844 4.8454985618591309 -1 167.3179931640625 54.551593780517578 -1 153.84480285644531 54.372585296630859 -1 121.31751251220703 50.304592132568359 -1 116.60417938232422 28.045570373535156 -1 124.52066802978516 22.247898101806641 -1 108.08518218994141 7.3901171684265137 -1 118.68875885009766 5.1064014434814453 -1 172.35441589355469 152.71528625488281 -1 175.74235534667969 59.873977661132812 -1 172.12644958496094 56.393917083740234 -1 144.22731018066406 40.875820159912109 -1 138.92788696289062 18.803794860839844 -1 172.12644958496094 56.393917083740234 -1 127.72158050537109 49.294479370117188 -1 148.64012145996094 53.609195709228516 -1 165.45854187011719 84.017341613769531 -1 227.09275817871094 108.88103485107422 -1 86.359970092773438 122.14825439453125 -1 54.369724273681641 127.49934387207031 -1 97.77392578125 128.86895751953125 -1 89.869583129882812 135.26004028320312 -1 162.24609375 143.20777893066406 -1 187.43794250488281 178.49433898925781 -1 116.21922302246094 235.63505554199219 -1 137.98342895507812 243.50569152832031 -1 141.70277404785156 244.26089477539062 -1 100.88206481933594 252.49116516113281 -1 118.64320373535156 99.747184753417969 -1 187.43794250488281 178.49433898925781 -1 142.27435302734375 126.19275665283203 -1 114.37412261962891 3.6406803131103516 -1 138.79806518554688 3.778409481048584 -1 117.65348815917969 6.7490639686584473 -1 120.37186431884766 10.867043495178223 -1 105.00310516357422 12.534326553344727 -1 139.79931640625 14.109190940856934 -1 138.98970031738281 28.798290252685547 -1 142.27435302734375 126.19275665283203 -1 120.37186431884766 10.867043495178223 -1 139.79931640625 14.109190940856934 -1 127.72158050537109 49.294479370117188 -1 108.12400817871094 48.964122772216797 -1 118.64320373535156 99.747184753417969 -1 86.359970092773438 122.14825439453125 -1 97.77392578125 128.86895751953125 -1 89.869583129882812 135.26004028320312 -1 65.200614929199219 191.93037414550781 -1 140.75004577636719 24.088832855224609 -1 3.3139820098876953 248.47076416015625 -1 149.87193298339844 99.7247314453125 -1 63.734855651855469 101.07467651367188 -1 161.66023254394531 52.936916351318359 -1 144.60871887207031 8.0707035064697266 -1 144.42401123046875 35.739986419677734 -1 129.21792602539062 26.356296539306641 -1 144.42401123046875 35.739986419677734 -1 195.94656372070312 49.364288330078125 -1 168.27360534667969 53.666889190673828 -1 95.702194213867188 121.09678649902344 -1 124.35081481933594 149.52073669433594 -1 62.642429351806641 188.90565490722656 -1 65.200614929199219 191.93037414550781 -1 129.21792602539062 26.356296539306641 -1 148.21041870117188 22.061033248901367 -1 141.11172485351562 8.2694301605224609 -1 144.60871887207031 8.0707035064697266 -1 131.58657836914062 7.8841118812561035 -1 4.5683231353759766 6.9706859588623047 -1 95.702194213867188 121.09678649902344 -1 3.8192028999328613 4.7390575408935547 -1 168.27360534667969 53.666889190673828 -1 124.35081481933594 149.52073669433594 -1 62.642429351806641 188.90565490722656 -1 195.94656372070312 49.364288330078125 -1 115.52567291259766 42.507850646972656 -1 188.98709106445312 177.37870788574219 -1 121.01651763916016 100.55975341796875 -1 118.5533447265625 97.540428161621094 -1 82.282249450683594 52.766834259033203 -1 84.584747314453125 47.411209106445312 -1 137.49104309082031 42.089179992675781 -1 123.58795166015625 42.003414154052734 -1 137.86190795898438 35.99237060546875 -1 135.24275207519531 30.910783767700195 -1 134.04219055175781 26.345596313476562 -1 127.11051940917969 17.979595184326172 -1 123.49356842041016 17.276735305786133 -1 131.28610229492188 15.098352432250977 -1 120.63423919677734 15.181571006774902 -1 134.63594055175781 14.505875587463379 -1 145.00637817382812 13.971701622009277 -1 16.589431762695312 6.071772575378418 -1 86.329345703125 24.718616485595703 -1 134.04219055175781 26.345596313476562 -1 113.95620727539062 23.616569519042969 -1 121.01651763916016 100.55975341796875 -1 188.98709106445312 177.37870788574219 -1 90.93707275390625 120.64873504638672 -1 134.63594055175781 14.505875587463379 -1 127.11051940917969 17.979595184326172 -1 134.04219055175781 26.345596313476562 -1 145.00637817382812 13.971701622009277 -1 142.1739501953125 31.781431198120117 -1 125.14186096191406 182.56706237792969 -1 
91 0.9999620529638017 -0.00096003959587300436 -0.0056827648564758866 -0.0065327742942393316 2.615877874367591 -1.2594674557117425 0.13172851160276275 1 000091.png
109.04222106933594 131.59417724609375 -1 109.04222106933594 131.59417724609375 -1 157.59461975097656 67.528152465820312 -1 176.73495483398438 97.408676147460938 -1 176.73495483398438 97.408676147460938 -1 176.73495483398438 97.408676147460938 -1 66.346275329589844 139.1112060546875 -1 57.195621490478516 177.89979553222656 -1 170.53622436523438 189.63397216796875 -1 57.195621490478516 177.89979553222656 -1 73.260627746582031 110.98926544189453 -1 138.20414733886719 140.54634094238281 -1 114.50000762939453 175.41539001464844 -1 138.20414733886719 140.54634094238281 -1 114.50000762939453 175.41539001464844 -1 124.09909820556641 157.62997436523438 -1 159.0653076171875 153.68026733398438 -1 90.8966064453125 146.80276489257812 -1 111.64761352539062 143.54714965820312 -1 153.55853271484375 137.09591674804688 -1 132.47056579589844 83.792266845703125 -1 153.55853271484375 137.09591674804688 -1 132.47056579589844 83.792266845703125 -1 132.74363708496094 111.81832122802734 -1 106.34737396240234 114.52812194824219 -1 124.09909820556641 157.62997436523438 -1 111.64761352539062 143.54714965820312 -1 90.8966064453125 146.80276489257812 -1 159.0653076171875 153.68026733398438 -1 148.10992431640625 110.49920654296875 -1 90.476570129394531 128.05734252929688 -1 90.476570129394531 128.05734252929688 -1 120.056640625 126.92335510253906 -1 148.10992431640625 110.49920654296875 -1 120.056640625 126.92335510253906 -1 123.86653900146484 11.692663192749023 -1 153.82527160644531 87.161949157714844 -1 146.14256286621094 89.15203857421875 -1 92.389198303222656 102.78544616699219 -1 106.47458648681641 103.33434295654297 -1 91.078269958496094 114.83556365966797 -1 105.05084228515625 124.14006805419922 -1 79.948951721191406 162.29080200195312 -1 141.97305297851562 154.88063049316406 -1 105.05084228515625 124.14006805419922 -1 105.05084228515625 124.14006805419922 -1 79.948951721191406 162.29080200195312 -1 97.742630004882812 160.37135314941406 -1 141.97305297851562 154.88063049316406 -1 143.8427734375 61.55364990234375 -1 143.8427734375 61.55364990234375 -1 63.298095703125 201.29429626464844 -1 142.30816650390625 18.829166412353516 -1 173.15812683105469 63.726005554199219 -1 158.80581665039062 122.58969879150391 -1 144.23776245117188 123.67041778564453 -1 134.09635925292969 124.72882080078125 -1 134.09635925292969 124.72882080078125 -1 134.09635925292969 124.72882080078125 -1 185.57887268066406 180.10073852539062 -1 185.57887268066406 180.10073852539062 -1 142.30816650390625 18.829166412353516 -1 144.72389221191406 31.718059539794922 -1 173.15812683105469 63.726005554199219 -1 118.40367889404297 113.06691741943359 -1 158.80581665039062 122.58969879150391 -1 144.23776245117188 123.67041778564453 -1 134.09635925292969 124.72882080078125 -1 150.94638061523438 149.63450622558594 -1 11.974257469177246 250.31565856933594 -1 140.06407165527344 98.285621643066406 -1 152.05081176757812 97.38201904296875 -1 145.54672241210938 93.588119506835938 -1 125.48456573486328 39.588268280029297 -1 150.94638061523438 149.63450622558594 -1 132.12190246582031 20.443687438964844 -1 125.48456573486328 39.588268280029297 -1 145.54672241210938 93.588119506835938 -1 152.05081176757812 97.38201904296875 -1 140.06407165527344 98.285621643066406 -1 159.07160949707031 114.22170257568359 -1 118.65053558349609 5.0279021263122559 -1 108.06452941894531 7.4714851379394531 -1 6.4570403099060059 13.76876163482666 -1 124.399658203125 22.202966690063477 -1 124.23183441162109 32.413528442382812 -1 144.354736328125 40.502639770507812 -1 121.39266967773438 50.0887451171875 -1 152.96881103515625 54.179710388183594 -1 167.22389221191406 54.454635620117188 -1 113.32694244384766 97.783164978027344 -1 123.59038543701172 97.120933532714844 -1 118.92707061767578 104.73218536376953 -1 244.73788452148438 144.2396240234375 -1 125.24979400634766 4.5185832977294922 -1 124.51914978027344 150.85282897949219 -1 249.99041748046875 153.35488891601562 -1 88.911392211914062 161.0589599609375 -1 188.71701049804688 187.49913024902344 -1 123.59038543701172 97.120933532714844 -1 125.24979400634766 4.5185832977294922 -1 118.65053558349609 5.0279021263122559 -1 172.11393737792969 56.3271484375 -1 138.92918395996094 18.833663940429688 -1 162.266845703125 142.81968688964844 -1 172.11393737792969 56.3271484375 -1 120.29878997802734 10.691482543945312 -1 118.58306884765625 99.6114501953125 -1 86.364936828613281 122.14427947998047 -1 148.88125610351562 53.568126678466797 -1 97.758758544921875 128.78434753417969 -1 65.458198547363281 192.07467651367188 -1 113.98333740234375 3.9382650852203369 -1 138.86781311035156 3.7962002754211426 -1 120.29878997802734 10.691482543945312 -1 148.36042785644531 11.14463996887207 -1 104.84081268310547 12.47260570526123 -1 89.711280822753906 24.651565551757812 -1 138.87738037109375 28.722986221313477 -1 175.83071899414062 59.691719055175781 -1 118.58306884765625 99.6114501953125 -1 227.09475708007812 108.50572967529297 -1 86.364936828613281 122.14427947998047 -1 97.758758544921875 128.78434753417969 -1 89.8531494140625 135.0582275390625 -1 115.99982452392578 235.63525390625 -1 100.64090728759766 252.37997436523438 -1 89.8531494140625 135.0582275390625 -1 128.19424438476562 48.374950408935547 -1 128.19424438476562 48.374950408935547 -1 65.458198547363281 192.07467651367188 -1 124.47972869873047 149.60063171386719 -1 138.14628601074219 13.047469139099121 -1 131.6307373046875 7.8411135673522949 -1 94.565788269042969 47.824344635009766 -1 144.40229797363281 7.9973292350769043 -1 117.40566253662109 23.011760711669922 -1 84.756195068359375 47.661540985107422 -1 195.77867126464844 49.27667236328125 -1 149.71823120117188 99.755805969238281 -1 77.330795288085938 66.864128112792969 -1 144.74087524414062 35.524482727050781 -1 117.40566253662109 23.011760711669922 -1 144.74087524414062 35.524482727050781 -1 141.11416625976562 8.2038955688476562 -1 195.77867126464844 49.27667236328125 -1 141.76644897460938 244.56327819824219 -1 115.24620056152344 101.39237213134766 -1 138.04939270019531 243.4288330078125 -1 124.47972869873047 149.60063171386719 -1 95.72698974609375 120.94017791748047 -1 90.944961547851562 120.51248931884766 -1 115.24620056152344 101.39237213134766 -1 77.330795288085938 66.864128112792969 -1 140.77265930175781 24.089332580566406 -1 95.72698974609375 120.94017791748047 -1 4.9306292533874512 7.1325840950012207 -1 144.85917663574219 13.908577919006348 -1 120.69406127929688 15.164760589599609 -1 188.88836669921875 177.46522521972656 -1 121.05585479736328 100.49185180664062 -1 79.710090637207031 59.096263885498047 -1 161.21145629882812 52.581695556640625 -1 100.7000732421875 42.445549011230469 -1 135.32723999023438 30.826143264770508 -1 129.37429809570312 26.310567855834961 -1 114.01751708984375 23.573139190673828 -1 134.62103271484375 14.418962478637695 -1 148.04750061035156 21.839723587036133 -1 143.37187194824219 17.091022491455078 -1 129.37429809570312 26.310567855834961 -1 135.32723999023438 30.826143264770508 -1 121.05585479736328 100.49185180664062 -1 144.85917663574219 13.908577919006348 -1 134.62103271484375 14.418962478637695 -1 68.977516174316406 154.65927124023438 -1 3.797203540802002 248.61856079101562 -1 131.35115051269531 14.96345043182373 -1 139.02442932128906 247.2098388671875 -1 140.28713989257812 240.41197204589844 -1 188.88836669921875 177.46522521972656 -1 136.73060607910156 155.23857116699219 -1 136.73060607910156 155.23857116699219 -1 125.00328826904297 182.58204650878906 -1 
93 0.99996394912146869 -0.001246123657357883 -0.0062317286763190535 -0.0056314466109740483 3.1359050173448924 -1.5178480651535713 -0.050557856395904724 1 000092.png
107.83575439453125 128.73429870605469 -1 107.83575439453125 128.73429870605469 -1 62.601718902587891 19.81767463684082 -1 62.601718902587891 19.81767463684082 -1 157.57560729980469 67.506904602050781 -1 176.33833312988281 97.580490112304688 -1 176.33833312988281 97.580490112304688 -1 176.33833312988281 97.580490112304688 -1 66.713417053222656 139.02397155761719 -1 57.282978057861328 177.69541931152344 -1 170.47187805175781 189.672119140625 -1 57.282978057861328 177.69541931152344 -1 73.502830505371094 111.31806945800781 -1 138.52259826660156 140.95399475097656 -1 114.52191162109375 175.44583129882812 -1 114.52191162109375 175.44583129882812 -1 138.52259826660156 140.95399475097656 -1 159.05644226074219 153.69816589355469 -1 90.79443359375 146.81758117675781 -1 111.50535583496094 143.52784729003906 -1 153.65394592285156 137.09620666503906 -1 132.69296264648438 111.87949371337891 -1 132.69296264648438 111.87949371337891 -1 131.86611938476562 62.937446594238281 -1 131.86611938476562 62.937446594238281 -1 133.08694458007812 84.229637145996094 -1 132.69296264648438 111.87949371337891 -1 106.25265502929688 114.81694030761719 -1 153.65394592285156 137.09620666503906 -1 111.50535583496094 143.52784729003906 -1 90.79443359375 146.81758117675781 -1 159.05644226074219 153.69816589355469 -1 124.0933837890625 157.64314270019531 -1 124.0933837890625 157.64314270019531 -1 148.0960693359375 110.56147003173828 -1 120.02609252929688 126.94748687744141 -1 90.456787109375 128.08114624023438 -1 120.02609252929688 126.94748687744141 -1 148.0960693359375 110.56147003173828 -1 90.456787109375 128.08114624023438 -1 123.73778533935547 11.76618480682373 -1 92.054161071777344 22.82244873046875 -1 153.78143310546875 87.205894470214844 -1 146.09373474121094 89.213531494140625 -1 92.403800964355469 102.82867431640625 -1 106.60734558105469 103.548828125 -1 90.919929504394531 114.77939605712891 -1 105.07946014404297 124.100341796875 -1 79.944915771484375 162.31532287597656 -1 141.92166137695312 154.67604064941406 -1 105.07946014404297 124.100341796875 -1 79.944915771484375 162.31532287597656 -1 97.750740051269531 160.38096618652344 -1 141.92166137695312 154.67604064941406 -1 105.07946014404297 124.100341796875 -1 158.79583740234375 122.60423278808594 -1 131.8795166015625 97.718666076660156 -1 144.23147583007812 123.66315460205078 -1 134.04881286621094 124.51598358154297 -1 185.17912292480469 180.09184265136719 -1 142.16932678222656 18.798290252685547 -1 106.67453002929688 21.051618576049805 -1 134.04881286621094 124.51598358154297 -1 143.65426635742188 61.314373016357422 -1 173.08891296386719 63.856288909912109 -1 118.33892059326172 113.12158203125 -1 134.04881286621094 124.51598358154297 -1 158.79583740234375 122.60423278808594 -1 144.23147583007812 123.66315460205078 -1 134.04881286621094 124.51598358154297 -1 63.294116973876953 201.4271240234375 -1 131.8795166015625 97.718666076660156 -1 185.17912292480469 180.09184265136719 -1 142.16932678222656 18.798290252685547 -1 143.65426635742188 61.314373016357422 -1 173.08891296386719 63.856288909912109 -1 125.47573089599609 39.700325012207031 -1 145.52731323242188 93.513168334960938 -1 152.03274536132812 97.369964599609375 -1 140.04371643066406 98.310096740722656 -1 144.75355529785156 31.854646682739258 -1 150.30024719238281 117.272216796875 -1 140.04371643066406 98.310096740722656 -1 145.52731323242188 93.513168334960938 -1 125.47573089599609 39.700325012207031 -1 132.16140747070312 20.501672744750977 -1 125.16452789306641 4.6239962577819824 -1 118.88235473632812 4.6523575782775879 -1 108.00978088378906 7.4094996452331543 -1 104.65470886230469 12.840950012207031 -1 124.44521331787109 22.231328964233398 -1 124.28009796142578 32.596622467041016 -1 144.36990356445312 40.545280456542969 -1 114.66297912597656 50.098857879638672 -1 121.21611785888672 50.085880279541016 -1 153.67047119140625 54.386756896972656 -1 167.30755615234375 54.419654846191406 -1 113.32733154296875 97.819496154785156 -1 123.58156585693359 97.145492553710938 -1 118.96929168701172 104.73239898681641 -1 118.88235473632812 4.6523575782775879 -1 249.94970703125 153.09870910644531 -1 88.902000427246094 161.17514038085938 -1 28.632499694824219 202.76362609863281 -1 1.4491326808929443 247.40110778808594 -1 123.58156585693359 97.145492553710938 -1 121.21611785888672 50.085880279541016 -1 114.66297912597656 50.098857879638672 -1 125.16452789306641 4.6239962577819824 -1 172.36163330078125 152.81060791015625 -1 138.91679382324219 18.636201858520508 -1 90.15966796875 24.706663131713867 -1 164.74125671386719 83.928520202636719 -1 141.37252807617188 244.1778564453125 -1 114.37995147705078 3.3879544734954834 -1 138.88865661621094 3.7725822925567627 -1 117.42440032958984 6.9783430099487305 -1 120.21835327148438 10.833917617797852 -1 116.83963775634766 27.884815216064453 -1 138.89871215820312 28.650148391723633 -1 107.73417663574219 48.964508056640625 -1 127.66757202148438 49.019931793212891 -1 148.76835632324219 53.477573394775391 -1 172.06956481933594 56.488193511962891 -1 175.85783386230469 59.708621978759766 -1 71.474685668945312 82.537269592285156 -1 148.40484619140625 11.299662590026855 -1 118.56928253173828 99.640892028808594 -1 86.402359008789062 122.23542785644531 -1 97.7332763671875 128.79594421386719 -1 240.68020629882812 134.51611328125 -1 89.850578308105469 135.16709899902344 -1 162.33111572265625 142.9451904296875 -1 67.488838195800781 171.16867065429688 -1 100.51958465576172 252.37431335449219 -1 137.84449768066406 243.49546813964844 -1 100.51958465576172 252.37431335449219 -1 142.06719970703125 126.20397186279297 -1 142.06719970703125 126.20397186279297 -1 127.66757202148438 49.019931793212891 -1 172.06956481933594 56.488193511962891 -1 118.56928253173828 99.640892028808594 -1 86.402359008789062 122.23542785644531 -1 97.7332763671875 128.79594421386719 -1 89.850578308105469 135.16709899902344 -1 131.55731201171875 7.8150758743286133 -1 160.54927062988281 253.37176513671875 -1 149.74783325195312 99.803634643554688 -1 144.51190185546875 35.673892974853516 -1 84.998146057128906 47.603660583496094 -1 168.28814697265625 53.515159606933594 -1 75.460205078125 71.731605529785156 -1 65.262939453125 192.02589416503906 -1 90.963577270507812 120.42250823974609 -1 95.655143737792969 120.99631500244141 -1 63.115688323974609 188.52310180664062 -1 124.44379425048828 149.60350036621094 -1 140.64222717285156 24.065797805786133 -1 144.76394653320312 7.9598245620727539 -1 140.11309814453125 14.268215179443359 -1 117.34268951416016 22.933723449707031 -1 168.28814697265625 53.515159606933594 -1 95.655143737792969 120.99631500244141 -1 117.34268951416016 22.933723449707031 -1 124.44379425048828 149.60350036621094 -1 65.262939453125 192.02589416503906 -1 148.33993530273438 21.947900772094727 -1 104.59197998046875 15.301187515258789 -1 140.11309814453125 14.268215179443359 -1 11.664890289306641 9.545191764831543 -1 140.91555786132812 8.2759981155395508 -1 144.76394653320312 7.9598245620727539 -1 63.115688323974609 188.52310180664062 -1 188.93141174316406 177.44744873046875 -1 120.99067687988281 100.47881317138672 -1 144.21223449707031 22.936389923095703 -1 82.188140869140625 52.266727447509766 -1 196.48121643066406 48.647762298583984 -1 141.97624206542969 0.89672815799713135 -1 142.54585266113281 2.7985045909881592 -1 134.57102966308594 14.416394233703613 -1 144.21223449707031 22.936389923095703 -1 129.288330078125 26.271772384643555 -1 135.27027893066406 30.811674118041992 -1 120.99067687988281 100.47881317138672 -1 188.93141174316406 177.44744873046875 -1 137.81578063964844 35.888263702392578 -1 135.27027893066406 30.811674118041992 -1 129.288330078125 26.271772384643555 -1 114.24285888671875 23.702764511108398 -1 115.27126312255859 101.41920471191406 -1 143.19985961914062 17.119945526123047 -1 131.33473205566406 15.039714813232422 -1 120.68415832519531 15.173579216003418 -1 134.57102966308594 14.416394233703613 -1 142.54585266113281 2.7985045909881592 -1 67.162391662597656 252.97885131835938 -1 141.97624206542969 0.89672815799713135 -1 7.0623726844787598 252.82954406738281 -1 138.98074340820312 247.26960754394531 -1 140.41290283203125 240.36318969726562 -1 125.01795196533203 182.56968688964844 -1 115.27126312255859 101.41920471191406 -1 
94 0.99996418261347886 -0.0012750850139204733 -0.006392183754256181 -0.0053988549912269354 3.2841314603574001 -1.5238922564369992 0.047547275310369272 1 000093.png
107.13479614257812 127.59659576416016 -1 107.13479614257812 127.59659576416016 -1 62.629749298095703 21.556619644165039 -1 62.629749298095703 21.556619644165039 -1 157.51777648925781 67.485603332519531 -1 176.03727722167969 97.663650512695312 -1 176.03727722167969 97.663650512695312 -1 176.03727722167969 97.663650512695312 -1 66.688331604003906 139.54852294921875 -1 57.238311767578125 177.97987365722656 -1 170.53184509277344 189.64183044433594 -1 57.238311767578125 177.97987365722656 -1 73.656707763671875 111.48347473144531 -1 138.54655456542969 140.93008422851562 -1 141.65126037597656 171.35153198242188 -1 114.35225677490234 175.44416809082031 -1 114.35225677490234 175.44416809082031 -1 138.54655456542969 140.93008422851562 -1 141.65126037597656 171.35153198242188 -1 112.18215942382812 143.36256408691406 -1 90.759620666503906 146.86039733886719 -1 132.54438781738281 111.83591461181641 -1 159.049072265625 153.68836975097656 -1 124.06854248046875 157.65777587890625 -1 90.759620666503906 146.86039733886719 -1 112.18215942382812 143.36256408691406 -1 153.64047241210938 137.11373901367188 -1 132.54438781738281 111.83591461181641 -1 131.80226135253906 63.216728210449219 -1 132.54438781738281 111.83591461181641 -1 124.06854248046875 157.65777587890625 -1 123.36258697509766 11.719857215881348 -1 131.80226135253906 63.216728210449219 -1 133.23448181152344 84.2410888671875 -1 159.049072265625 153.68836975097656 -1 106.39559173583984 114.72077178955078 -1 153.64047241210938 137.11373901367188 -1 148.140869140625 110.55369567871094 -1 120.10003662109375 126.94265747070312 -1 90.476661682128906 128.09466552734375 -1 90.476661682128906 128.09466552734375 -1 148.140869140625 110.55369567871094 -1 120.10003662109375 126.94265747070312 -1 146.09562683105469 89.251571655273438 -1 106.69481658935547 103.25006866455078 -1 90.89208984375 114.73688507080078 -1 105.08795928955078 124.26827239990234 -1 141.95710754394531 154.61070251464844 -1 97.744537353515625 160.38330078125 -1 79.943984985351562 162.31269836425781 -1 153.96664428710938 87.208404541015625 -1 92.369033813476562 102.81945037841797 -1 105.08795928955078 124.26827239990234 -1 105.08795928955078 124.26827239990234 -1 141.95710754394531 154.61070251464844 -1 79.943984985351562 162.31269836425781 -1 143.75701904296875 61.486152648925781 -1 143.75701904296875 61.486152648925781 -1 106.90734100341797 20.936277389526367 -1 173.13920593261719 63.759101867675781 -1 173.13920593261719 63.759101867675781 -1 158.79815673828125 122.63162231445312 -1 144.25784301757812 123.70362854003906 -1 134.07124328613281 124.67218017578125 -1 134.07124328613281 124.67218017578125 -1 134.07124328613281 124.67218017578125 -1 117.87787628173828 113.15821838378906 -1 158.79815673828125 122.63162231445312 -1 144.25784301757812 123.70362854003906 -1 134.07124328613281 124.67218017578125 -1 63.2315673828125 201.10643005371094 -1 142.31498718261719 18.840272903442383 -1 144.7393798828125 31.699531555175781 -1 142.31498718261719 18.840272903442383 -1 125.43637847900391 39.731300354003906 -1 145.56625366210938 93.451713562011719 -1 140.03648376464844 98.32330322265625 -1 125.43637847900391 39.731300354003906 -1 132.14739990234375 20.567228317260742 -1 140.03648376464844 98.32330322265625 -1 152.0494384765625 97.40020751953125 -1 249.14804077148438 153.43882751464844 -1 145.56625366210938 93.451713562011719 -1 124.38352203369141 22.176414489746094 -1 116.5859375 27.740266799926758 -1 121.38941192626953 50.099437713623047 -1 152.90171813964844 54.173637390136719 -1 118.94038391113281 104.74158477783203 -1 123.59147644042969 97.160667419433594 -1 113.36756896972656 97.793235778808594 -1 167.16531372070312 54.550220489501953 -1 125.25096893310547 4.6526570320129395 -1 1.4239411354064941 247.48411560058594 -1 118.63734436035156 5.1212635040283203 -1 88.913673400878906 161.15037536621094 -1 245.01971435546875 144.80970764160156 -1 162.09994506835938 142.50204467773438 -1 9.8492612838745117 5.9287228584289551 -1 121.38941192626953 50.099437713623047 -1 125.25096893310547 4.6526570320129395 -1 123.59147644042969 97.160667419433594 -1 107.83975219726562 7.4243941307067871 -1 104.79739379882812 12.65855598449707 -1 172.31747436523438 152.89381408691406 -1 172.13818359375 56.40716552734375 -1 138.97611999511719 18.85511589050293 -1 175.80931091308594 59.918003082275391 -1 172.13818359375 56.40716552734375 -1 148.50700378417969 11.174095153808594 -1 139.63906860351562 13.988350868225098 -1 138.9354248046875 28.800529479980469 -1 148.77885437011719 53.504470825195312 -1 118.60054779052734 99.644515991210938 -1 86.336456298828125 122.123046875 -1 54.392459869384766 127.49771118164062 -1 97.657966613769531 128.81465148925781 -1 89.861564636230469 135.15022277832031 -1 62.334384918212891 188.71742248535156 -1 23.856439590454102 212.40415954589844 -1 138.37078857421875 243.45529174804688 -1 141.60281372070312 244.08714294433594 -1 100.95290374755859 252.47361755371094 -1 62.334384918212891 188.71742248535156 -1 65.656425476074219 192.22810363769531 -1 114.05129241943359 3.9195451736450195 -1 138.87936401367188 3.776566743850708 -1 117.48774719238281 6.9444365501403809 -1 141.18392944335938 8.2728157043457031 -1 65.656425476074219 192.22810363769531 -1 139.63906860351562 13.988350868225098 -1 120.27324676513672 10.825636863708496 -1 118.60054779052734 99.644515991210938 -1 86.336456298828125 122.123046875 -1 97.657966613769531 128.81465148925781 -1 89.861564636230469 135.15022277832031 -1 85.042922973632812 47.685741424560547 -1 168.34730529785156 53.478580474853516 -1 162.54983520507812 143.59475708007812 -1 210.79974365234375 76.302101135253906 -1 3.2079570293426514 3.0700068473815918 -1 199.0557861328125 54.592731475830078 -1 95.741508483886719 120.90586090087891 -1 3.2079570293426514 3.0700068473815918 -1 124.37457275390625 149.45309448242188 -1 144.56901550292969 8.1042680740356445 -1 168.34730529785156 53.478580474853516 -1 168.34730529785156 53.478580474853516 -1 95.741508483886719 120.90586090087891 -1 124.37457275390625 149.45309448242188 -1 4.4405789375305176 6.275200366973877 -1 131.65846252441406 7.8660869598388672 -1 144.56901550292969 8.1042680740356445 -1 140.60227966308594 23.948751449584961 -1 144.63307189941406 35.736110687255859 -1 196.52610778808594 48.816608428955078 -1 152.74986267089844 42.495681762695312 -1 115.59784698486328 42.427330017089844 -1 135.24961853027344 30.864599227905273 -1 134.06318664550781 26.376377105712891 -1 129.26629638671875 26.314914703369141 -1 143.0765380859375 17.183509826660156 -1 123.34755706787109 17.223701477050781 -1 131.29833984375 15.005375862121582 -1 120.78302001953125 15.066861152648926 -1 134.71476745605469 14.408574104309082 -1 144.984619140625 13.939290046691895 -1 133.27165222167969 3.9686417579650879 -1 141.95188903808594 1.0189416408538818 -1 66.579551696777344 253.00202941894531 -1 3.7732181549072266 248.71524047851562 -1 70.307083129882812 252.86149597167969 -1 138.95550537109375 247.20941162109375 -1 141.95188903808594 1.0189416408538818 -1 140.38188171386719 240.4278564453125 -1 116.95352172851562 22.700439453125 -1 144.984619140625 13.939290046691895 -1 134.71476745605469 14.408574104309082 -1 143.0765380859375 17.183509826660156 -1 129.26629638671875 26.314914703369141 -1 134.06318664550781 26.376377105712891 -1 134.06318664550781 26.376377105712891 -1 93.491622924804688 96.941497802734375 -1 121.02076721191406 100.52508544921875 -1 124.94332122802734 182.58833312988281 -1 91.976852416992188 108.10581970214844 -1 188.94003295898438 177.41546630859375 -1 172.07949829101562 253.48948669433594 -1 188.94003295898438 177.41546630859375 -1 91.976852416992188 108.10581970214844 -1 115.24317169189453 101.40540313720703 -1 121.02076721191406 100.52508544921875 -1 115.24317169189453 101.40540313720703 -1 149.68435668945312 100.00534057617188 -1 172.07949829101562 253.48948669433594 -1 118.54918670654297 97.545722961425781 -1 93.491622924804688 96.941497802734375 -1 217.51942443847656 88.518974304199219 -1 81.848716735839844 53.327083587646484 -1 161.29515075683594 52.642993927001953 -1 133.27165222167969 3.9686417579650879 -1 137.61984252929688 35.840831756591797 -1 114.22397613525391 23.742084503173828 -1 
95 0.99996991502838561 -0.0017291541779435877 -0.0063350313082707801 -0.0041287337375371137 3.2275213640471341 -1.9151343575938622 -0.11307983796753424 1 000094.png
105.39036560058594 126.80306243896484 -1 105.39036560058594 126.80306243896484 -1 63.169300079345703 25.410377502441406 -1 63.169300079345703 25.410377502441406 -1 157.40556335449219 67.434654235839844 -1 175.69480895996094 97.764541625976562 -1 175.69480895996094 97.764541625976562 -1 66.874275207519531 139.52743530273438 -1 57.467182159423828 177.93350219726562 -1 170.61355590820312 189.62986755371094 -1 57.467182159423828 177.93350219726562 -1 73.916656494140625 111.92063903808594 -1 138.67755126953125 140.95393371582031 -1 114.46265411376953 175.47599792480469 -1 138.67755126953125 140.95393371582031 -1 114.46265411376953 175.47599792480469 -1 159.10610961914062 153.69215393066406 -1 109.92397308349609 143.8787841796875 -1 153.61166381835938 137.11216735839844 -1 132.57424926757812 111.78937530517578 -1 132.90608215332031 83.739410400390625 -1 153.61166381835938 137.11216735839844 -1 123.24934387207031 11.728044509887695 -1 132.90608215332031 83.739410400390625 -1 132.57424926757812 111.78937530517578 -1 105.95958709716797 114.84328460693359 -1 124.09142303466797 157.66734313964844 -1 109.92397308349609 143.8787841796875 -1 90.818580627441406 146.81268310546875 -1 159.10610961914062 153.69215393066406 -1 124.09142303466797 157.66734313964844 -1 120.08599853515625 126.95061492919922 -1 90.433006286621094 128.06277465820312 -1 90.433006286621094 128.06277465820312 -1 120.08599853515625 126.95061492919922 -1 148.400146484375 110.56612396240234 -1 90.433006286621094 128.06277465820312 -1 148.400146484375 110.56612396240234 -1 153.91787719726562 87.227294921875 -1 146.213134765625 89.250839233398438 -1 92.302177429199219 102.82439422607422 -1 106.72584533691406 103.88187408447266 -1 91.05206298828125 114.74164581298828 -1 79.939727783203125 162.28660583496094 -1 141.98072814941406 154.68728637695312 -1 79.939727783203125 162.28660583496094 -1 97.744346618652344 160.40522766113281 -1 141.98072814941406 154.68728637695312 -1 105.05681610107422 124.47856140136719 -1 105.05681610107422 124.47856140136719 -1 143.82637023925781 61.572811126708984 -1 143.82637023925781 61.572811126708984 -1 134.04550170898438 124.57440185546875 -1 142.15901184082031 18.74473762512207 -1 107.30853271484375 21.090375900268555 -1 134.04550170898438 124.57440185546875 -1 118.40280914306641 113.06851959228516 -1 158.80252075195312 122.59362030029297 -1 144.24815368652344 123.67652130126953 -1 134.04550170898438 124.57440185546875 -1 63.300342559814453 201.415771484375 -1 134.04550170898438 124.57440185546875 -1 142.15901184082031 18.74473762512207 -1 158.80252075195312 122.59362030029297 -1 144.24815368652344 123.67652130126953 -1 132.159423828125 20.478414535522461 -1 125.3782958984375 39.65740966796875 -1 145.5848388671875 93.536323547363281 -1 152.04142761230469 97.395729064941406 -1 140.04557800292969 98.310592651367188 -1 144.59297180175781 31.831752777099609 -1 140.04557800292969 98.310592651367188 -1 145.5848388671875 93.536323547363281 -1 144.2138671875 40.550380706787109 -1 121.5472412109375 49.960121154785156 -1 153.05142211914062 54.196704864501953 -1 167.19442749023438 54.543605804443359 -1 175.41032409667969 60.410316467285156 -1 113.37073516845703 97.794013977050781 -1 123.57910919189453 97.165008544921875 -1 118.95478820800781 104.72771453857422 -1 162.07752990722656 142.59539794921875 -1 172.44363403320312 152.7554931640625 -1 249.75776672363281 152.87905883789062 -1 88.885307312011719 161.06809997558594 -1 13.37550163269043 245.06636047363281 -1 1.8976830244064331 247.35475158691406 -1 125.18254852294922 4.6229143142700195 -1 118.69771575927734 5.0026078224182129 -1 9.7526464462280273 5.9857668876647949 -1 108.07395935058594 7.3475594520568848 -1 107.30109405517578 18.734809875488281 -1 124.31882476806641 22.167514801025391 -1 125.18254852294922 4.6229143142700195 -1 13.37550163269043 245.06636047363281 -1 123.57910919189453 97.165008544921875 -1 121.5472412109375 49.960121154785156 -1 116.56700897216797 27.89512825012207 -1 124.200439453125 32.361248016357422 -1 138.95137023925781 18.73872184753418 -1 2.7986843585968018 247.89968872070312 -1 100.85049438476562 252.5458984375 -1 95.683303833007812 121.03767395019531 -1 148.56904602050781 11.087681770324707 -1 142.05989074707031 126.20285034179688 -1 172.09684753417969 56.418876647949219 -1 91.646636962890625 26.40788459777832 -1 118.56700897216797 99.601837158203125 -1 86.3358154296875 122.10292816162109 -1 97.776763916015625 128.78555297851562 -1 89.858062744140625 135.11280822753906 -1 95.683303833007812 121.03767395019531 -1 142.05989074707031 126.20285034179688 -1 89.858062744140625 135.11280822753906 -1 114.35366821289062 3.5366370677947998 -1 138.63200378417969 3.790287971496582 -1 141.16094970703125 8.2271547317504883 -1 120.26927185058594 10.735426902770996 -1 105.31951904296875 12.708905220031738 -1 138.9932861328125 28.723838806152344 -1 107.69984436035156 49.024539947509766 -1 148.97653198242188 53.391887664794922 -1 172.09684753417969 56.418876647949219 -1 118.56700897216797 99.601837158203125 -1 86.3358154296875 122.10292816162109 -1 97.776763916015625 128.78555297851562 -1 187.72853088378906 178.26496887207031 -1 124.45472717285156 150.06236267089844 -1 72.467926025390625 163.16023254394531 -1 187.72853088378906 178.26496887207031 -1 196.31944274902344 49.427173614501953 -1 63.775611877441406 101.14707183837891 -1 138.12370300292969 243.29960632324219 -1 65.164840698242188 191.92245483398438 -1 168.32612609863281 151.39497375488281 -1 118.57776641845703 33.760551452636719 -1 84.73919677734375 47.496639251708984 -1 155.45932006835938 253.29548645019531 -1 161.72209167480469 52.877933502197266 -1 139.98735046386719 14.220566749572754 -1 148.33999633789062 22.170392990112305 -1 117.36545562744141 23.061788558959961 -1 140.79676818847656 24.122854232788086 -1 144.84962463378906 7.9658312797546387 -1 138.32695007324219 247.50289916992188 -1 139.98735046386719 14.220566749572754 -1 117.36545562744141 23.061788558959961 -1 196.31944274902344 49.427173614501953 -1 196.31944274902344 49.427173614501953 -1 131.48667907714844 7.8269281387329102 -1 65.164840698242188 191.92245483398438 -1 144.84962463378906 7.9658312797546387 -1 143.14735412597656 17.062067031860352 -1 123.51293182373047 17.113235473632812 -1 131.30108642578125 14.920109748840332 -1 120.82901000976562 15.103041648864746 -1 4.0732145309448242 14.448575973510742 -1 115.28526306152344 101.42279052734375 -1 3.7923400402069092 4.3253564834594727 -1 12.364128112792969 5.9827308654785156 -1 4.883141040802002 7.6054840087890625 -1 129.23617553710938 26.275751113891602 -1 134.43104553222656 14.244892120361328 -1 3.7923400402069092 4.3253564834594727 -1 134.43104553222656 14.244892120361328 -1 144.93797302246094 14.000091552734375 -1 134.03285217285156 26.396276473999023 -1 121.07780456542969 100.49964904785156 -1 188.83763122558594 177.49723815917969 -1 144.93797302246094 14.000091552734375 -1 121.07780456542969 100.49964904785156 -1 81.03900146484375 55.710231781005859 -1 129.23617553710938 26.275751113891602 -1 82.124794006347656 52.575836181640625 -1 144.19970703125 35.850883483886719 -1 115.28526306152344 101.42279052734375 -1 135.20889282226562 30.899894714355469 -1 134.03285217285156 26.396276473999023 -1 151.43678283691406 253.5509033203125 -1 188.83763122558594 177.49723815917969 -1 39.419219970703125 165.71620178222656 -1 162.54307556152344 143.94503784179688 -1 114.16893768310547 23.739748001098633 -1 112.28075408935547 8.6175775527954102 -1 112.28075408935547 8.6175775527954102 -1 149.75422668457031 100.0693359375 -1 124.93560791015625 182.59066772460938 -1 
98 0.99996802105609162 -0.0014488719885206341 -0.0059214711719630317 -0.005176274170163273 2.8495990965012594 -1.6783560187625512 -0.32997943707163718 1 000095.png
103.95915222167969 127.57497406005859 -1 103.95915222167969 127.57497406005859 -1 63.120521545410156 28.653593063354492 -1 63.120521545410156 28.653593063354492 -1 63.120521545410156 28.653593063354492 -1 157.26800537109375 67.405853271484375 -1 67.060440063476562 139.25213623046875 -1 57.371524810791016 178.21768188476562 -1 170.65882873535156 189.61753845214844 -1 86.8984375 200.35693359375 -1 57.371524810791016 178.21768188476562 -1 74.409805297851562 112.13319396972656 -1 138.92742919921875 140.96273803710938 -1 142.01951599121094 171.25523376464844 -1 114.84436798095703 175.49227905273438 -1 114.84436798095703 175.49227905273438 -1 142.01951599121094 171.25523376464844 -1 138.92742919921875 140.96273803710938 -1 131.25694274902344 81.062797546386719 -1 131.25694274902344 81.062797546386719 -1 76.679908752441406 95.147438049316406 -1 132.70082092285156 111.98075103759766 -1 153.76885986328125 137.16221618652344 -1 109.14427947998047 144.13705444335938 -1 159.08901977539062 153.70729064941406 -1 124.16469573974609 157.69003295898438 -1 123.01540374755859 11.83306884765625 -1 76.679908752441406 95.147438049316406 -1 132.70082092285156 111.98075103759766 -1 105.24852752685547 115.24298858642578 -1 153.76885986328125 137.16221618652344 -1 109.14427947998047 144.13705444335938 -1 90.524200439453125 146.82965087890625 -1 159.08901977539062 153.70729064941406 -1 124.16469573974609 157.69003295898438 -1 132.57756042480469 59.71856689453125 -1 132.57756042480469 59.71856689453125 -1 148.28631591796875 110.563232421875 -1 120.09303283691406 126.97136688232422 -1 90.451675415039062 128.02835083007812 -1 148.28631591796875 110.563232421875 -1 120.37521362304688 142.40234375 -1 90.451675415039062 128.02835083007812 -1 120.09303283691406 126.97136688232422 -1 106.96968841552734 21.516622543334961 -1 153.99211120605469 87.259330749511719 -1 92.317115783691406 102.82875061035156 -1 91.420188903808594 114.73257446289062 -1 104.90020751953125 124.19953918457031 -1 142.00553894042969 154.8468017578125 -1 142.00553894042969 154.8468017578125 -1 79.949882507324219 162.34056091308594 -1 146.34317016601562 89.2298583984375 -1 104.90020751953125 124.19953918457031 -1 97.734138488769531 160.40892028808594 -1 79.949882507324219 162.34056091308594 -1 184.87577819824219 180.36322021484375 -1 142.26026916503906 18.852376937866211 -1 143.70658874511719 61.23846435546875 -1 131.85690307617188 98.819183349609375 -1 118.79182434082031 113.12362670898438 -1 158.818603515625 122.63058471679688 -1 144.24334716796875 123.69741821289062 -1 63.305568695068359 201.47377014160156 -1 158.818603515625 122.63058471679688 -1 131.85690307617188 98.819183349609375 -1 143.70658874511719 61.23846435546875 -1 142.26026916503906 18.852376937866211 -1 184.87577819824219 180.36322021484375 -1 133.98222351074219 124.30968475341797 -1 133.98222351074219 124.30968475341797 -1 144.24334716796875 123.69741821289062 -1 133.98222351074219 124.30968475341797 -1 133.98222351074219 124.30968475341797 -1 132.14888000488281 20.513402938842773 -1 140.06074523925781 98.3380126953125 -1 145.60955810546875 93.461601257324219 -1 150.98448181152344 149.67405700683594 -1 150.98448181152344 149.67405700683594 -1 152.05035400390625 97.421661376953125 -1 140.06074523925781 98.3380126953125 -1 125.34263610839844 39.716022491455078 -1 145.60955810546875 93.461601257324219 -1 144.60594177246094 31.876468658447266 -1 1.6522171497344971 247.49441528320312 -1 88.879402160644531 161.2939453125 -1 146.62277221679688 154.49580383300781 -1 250.2259521484375 153.49215698242188 -1 244.67767333984375 144.1661376953125 -1 162.15010070800781 142.60205078125 -1 119.01583099365234 104.75897216796875 -1 123.59928894042969 97.182647705078125 -1 113.32661437988281 97.825897216796875 -1 167.29083251953125 54.440322875976562 -1 153.79869079589844 54.337627410888672 -1 124.31156158447266 32.521530151367188 -1 116.59651947021484 27.994020462036133 -1 124.38811492919922 22.147363662719727 -1 108.53152465820312 7.2788586616516113 -1 9.8082284927368164 6.0065231323242188 -1 118.71497344970703 4.9744882583618164 -1 125.27423858642578 4.6694245338439941 -1 121.32241058349609 50.079746246337891 -1 88.879402160644531 161.2939453125 -1 123.59928894042969 97.182647705078125 -1 121.32241058349609 50.079746246337891 -1 118.71497344970703 4.9744882583618164 -1 125.27423858642578 4.6694245338439941 -1 144.17143249511719 40.774745941162109 -1 175.70881652832031 59.819873809814453 -1 138.57356262207031 3.781144380569458 -1 113.98741912841797 4.0230083465576172 -1 117.43381500244141 6.9674825668334961 -1 120.24906158447266 10.841322898864746 -1 148.49774169921875 11.355962753295898 -1 139.64765930175781 13.974109649658203 -1 138.99267578125 18.947021484375 -1 139.00526428222656 28.71270751953125 -1 107.75595092773438 49.014244079589844 -1 127.93307495117188 48.917793273925781 -1 148.64082336425781 53.593490600585938 -1 164.93850708007812 83.798149108886719 -1 118.60411834716797 99.613380432128906 -1 86.268447875976562 122.08540344238281 -1 54.329315185546875 127.72316741943359 -1 97.753105163574219 128.82989501953125 -1 89.845344543457031 135.20451354980469 -1 172.09321594238281 152.46243286132812 -1 115.93867492675781 235.61787414550781 -1 142.11700439453125 244.12184143066406 -1 2.4827728271484375 248.0797119140625 -1 101.16493988037109 252.37419128417969 -1 140.94392395019531 8.2620029449462891 -1 172.06649780273438 56.436210632324219 -1 95.635696411132812 121.09095001220703 -1 137.97380065917969 243.3348388671875 -1 101.16493988037109 252.37419128417969 -1 95.635696411132812 121.09095001220703 -1 139.64765930175781 13.974109649658203 -1 127.93307495117188 48.917793273925781 -1 172.06649780273438 56.436210632324219 -1 118.60411834716797 99.613380432128906 -1 86.268447875976562 122.08540344238281 -1 97.753105163574219 128.82989501953125 -1 89.845344543457031 135.20451354980469 -1 65.243782043457031 191.99711608886719 -1 8.5207033157348633 7.9155373573303223 -1 84.858177185058594 47.559013366699219 -1 65.243782043457031 191.99711608886719 -1 118.44864654541016 33.746292114257812 -1 144.34097290039062 35.749156951904297 -1 164.55984497070312 80.43212890625 -1 140.79936218261719 23.996675491333008 -1 162.63040161132812 143.61322021484375 -1 131.75633239746094 7.8028740882873535 -1 196.25296020507812 49.286102294921875 -1 168.46003723144531 53.366615295410156 -1 168.46003723144531 53.366615295410156 -1 115.16057586669922 101.48606872558594 -1 196.25296020507812 49.286102294921875 -1 124.53406524658203 149.61297607421875 -1 62.635898590087891 188.81723022460938 -1 168.46003723144531 53.366615295410156 -1 75.475173950195312 72.100296020507812 -1 115.16057586669922 101.48606872558594 -1 148.24508666992188 22.232362747192383 -1 124.53406524658203 149.61297607421875 -1 144.30628967285156 8.087158203125 -1 62.635898590087891 188.81723022460938 -1 114.0618896484375 23.756549835205078 -1 107.44704437255859 18.979587554931641 -1 143.13215637207031 17.140623092651367 -1 120.67863464355469 15.176795959472656 -1 134.56634521484375 14.443744659423828 -1 145.01554870605469 14.057698249816895 -1 4.9568796157836914 7.1972346305847168 -1 133.1444091796875 3.8863015174865723 -1 147.47068786621094 3.5975785255432129 -1 3.1757557392120361 2.4654288291931152 -1 131.26370239257812 15.01014232635498 -1 117.26494598388672 23.073883056640625 -1 141.89985656738281 0.75508248805999756 -1 3.1757557392120361 2.4654288291931152 -1 133.1444091796875 3.8863015174865723 -1 141.89985656738281 0.75508248805999756 -1 134.56634521484375 14.443744659423828 -1 143.13215637207031 17.140623092651367 -1 117.26494598388672 23.073883056640625 -1 129.32133483886719 26.336311340332031 -1 134.03047180175781 26.416421890258789 -1 134.03047180175781 26.416421890258789 -1 121.05386352539062 100.54535675048828 -1 91.895233154296875 108.01862335205078 -1 170.57865905761719 253.55958557128906 -1 80.119529724121094 252.88890075683594 -1 7.1203618049621582 252.80816650390625 -1 125.02128601074219 182.55070495605469 -1 188.89842224121094 177.46913146972656 -1 91.895233154296875 108.01862335205078 -1 121.05386352539062 100.54535675048828 -1 188.89842224121094 177.46913146972656 -1 118.51364135742188 97.56842041015625 -1 137.98289489746094 56.93255615234375 -1 123.50267791748047 42.0089111328125 -1 137.80355834960938 35.911548614501953 -1 135.32415771484375 30.895881652832031 -1 134.03047180175781 26.416421890258789 -1 129.32133483886719 26.336311340332031 -1 145.01554870605469 14.057698249816895 -1 151.05767822265625 30.268550872802734 -1 92.564170837402344 42.537792205810547 -1 149.46737670898438 100.09844970703125 -1 151.29292297363281 253.56349182128906 -1 151.05767822265625 30.268550872802734 -1 
103 0.99997516522473517 0.0026350546164550025 0.002324820873184078 -0.0061090612076981719 -4.9610958074816631 2.0828726621987652 0.49481809600939419 1 000103.png
201.74705505371094 154.5804443359375 -1 179.99728393554688 96.882316589355469 -1 157.07606506347656 67.501716613769531 -1 67.553543090820312 139.32505798339844 -1 50.024738311767578 199.21096801757812 -1 81.611076354980469 199.35975646972656 -1 123.26497650146484 74.732566833496094 -1 67.553543090820312 139.32505798339844 -1 73.671737670898438 111.51598358154297 -1 105.61470031738281 142.037353515625 -1 138.02322387695312 139.98683166503906 -1 174.605224609375 187.80158996582031 -1 73.671737670898438 111.51598358154297 -1 104.98682403564453 114.5546875 -1 89.897926330566406 146.67176818847656 -1 159.71348571777344 153.6700439453125 -1 123.95596313476562 157.7537841796875 -1 161.51216125488281 170.9847412109375 -1 154.61665344238281 136.99089050292969 -1 154.61665344238281 136.99089050292969 -1 161.51216125488281 170.9847412109375 -1 159.71348571777344 153.6700439453125 -1 121.29275512695312 21.858846664428711 -1 133.14857482910156 111.71490478515625 -1 90.505928039550781 127.96512603759766 -1 147.96206665039062 110.58280944824219 -1 118.70851898193359 100.27918243408203 -1 119.77257537841797 126.83128356933594 -1 146.42733764648438 89.135498046875 -1 92.453033447265625 102.75552368164062 -1 91.394294738769531 114.74051666259766 -1 104.81108856201172 124.50994873046875 -1 97.690284729003906 160.5245361328125 -1 79.904655456542969 162.43836975097656 -1 104.81108856201172 124.50994873046875 -1 104.81108856201172 124.50994873046875 -1 142.22850036621094 155.18080139160156 -1 79.904655456542969 162.43836975097656 -1 153.72200012207031 87.188446044921875 -1 142.22850036621094 155.18080139160156 -1 97.690284729003906 160.5245361328125 -1 143.75311279296875 61.488807678222656 -1 143.75311279296875 61.488807678222656 -1 144.27865600585938 123.75355529785156 -1 134.02845764160156 124.64973449707031 -1 142.07075500488281 18.80122184753418 -1 131.84832763671875 98.949371337890625 -1 104.85929870605469 100.67942810058594 -1 119.09597778320312 112.97336578369141 -1 158.87330627441406 122.71269226074219 -1 144.27865600585938 123.75355529785156 -1 134.02845764160156 124.64973449707031 -1 63.471530914306641 201.51417541503906 -1 158.87330627441406 122.71269226074219 -1 158.87330627441406 122.71269226074219 -1 140.06686401367188 98.361839294433594 -1 124.92589569091797 39.452648162841797 -1 145.59751892089844 93.525154113769531 -1 152.12051391601562 97.414680480957031 -1 140.06686401367188 98.361839294433594 -1 161.25042724609375 142.50567626953125 -1 120.59809112548828 181.30830383300781 -1 104.45755767822266 13.301455497741699 -1 144.61981201171875 31.797889709472656 -1 152.12051391601562 97.414680480957031 -1 145.49615478515625 92.252113342285156 -1 145.59751892089844 93.525154113769531 -1 104.45755767822266 13.301455497741699 -1 145.49615478515625 92.252113342285156 -1 11.20286750793457 250.98709106445312 -1 88.903846740722656 161.05288696289062 -1 250.18531799316406 153.53572082519531 -1 88.903846740722656 161.05288696289062 -1 88.903846740722656 161.05288696289062 -1 118.87960815429688 104.75368499755859 -1 133.78411865234375 21.477357864379883 -1 124.68519592285156 150.81083679199219 -1 131.45376586914062 12.136553764343262 -1 118.87960815429688 104.75368499755859 -1 123.56444549560547 97.10516357421875 -1 113.20783233642578 97.769821166992188 -1 167.39292907714844 54.495628356933594 -1 152.96383666992188 54.18768310546875 -1 121.396484375 50.109310150146484 -1 28.790443420410156 203.10884094238281 -1 133.78411865234375 21.477357864379883 -1 144.29783630371094 40.553199768066406 -1 175.72137451171875 59.82635498046875 -1 138.91578674316406 18.65411376953125 -1 95.724945068359375 120.85994720458984 -1 65.571945190429688 192.21275329589844 -1 131.46002197265625 3.7561616897583008 -1 138.73689270019531 3.8220655918121338 -1 141.24650573730469 8.2836723327636719 -1 148.37823486328125 11.305726051330566 -1 139.5711669921875 13.878878593444824 -1 138.94638061523438 28.778558731079102 -1 125.36335754394531 33.278045654296875 -1 151.61616516113281 41.711521148681641 -1 127.96753692626953 49.139545440673828 -1 172.04977416992188 56.555606842041016 -1 118.56674194335938 99.548431396484375 -1 90.804107666015625 119.93074035644531 -1 86.347740173339844 122.17020416259766 -1 97.686531066894531 128.85301208496094 -1 89.879928588867188 135.09619140625 -1 47.898822784423828 146.28886413574219 -1 41.444515228271484 164.99526977539062 -1 187.40011596679688 178.53102111816406 -1 137.63412475585938 247.89901733398438 -1 101.14218902587891 252.33427429199219 -1 113.02694702148438 252.43165588378906 -1 148.78018188476562 53.491325378417969 -1 101.14218902587891 252.33427429199219 -1 95.724945068359375 120.85994720458984 -1 65.571945190429688 192.21275329589844 -1 138.73689270019531 3.8220655918121338 -1 141.24650573730469 8.2836723327636719 -1 141.24650573730469 8.2836723327636719 -1 139.5711669921875 13.878878593444824 -1 139.5711669921875 13.878878593444824 -1 127.96753692626953 49.139545440673828 -1 172.04977416992188 56.555606842041016 -1 118.56674194335938 99.548431396484375 -1 86.347740173339844 122.17020416259766 -1 97.686531066894531 128.85301208496094 -1 89.879928588867188 135.09619140625 -1 187.40011596679688 178.53102111816406 -1 141.71060180664062 126.52317810058594 -1 144.6795654296875 35.569324493408203 -1 141.71060180664062 126.52317810058594 -1 144.48915100097656 8.0402660369873047 -1 144.94789123535156 13.959577560424805 -1 144.6795654296875 35.569324493408203 -1 195.98873901367188 49.25860595703125 -1 168.43421936035156 53.498695373535156 -1 123.85756683349609 41.529510498046875 -1 168.43421936035156 53.498695373535156 -1 199.71275329589844 55.730281829833984 -1 116.75385284423828 35.891265869140625 -1 140.81639099121094 24.160196304321289 -1 148.15106201171875 22.001029968261719 -1 129.58033752441406 16.843746185302734 -1 195.98873901367188 49.25860595703125 -1 166.48280334472656 194.98905944824219 -1 7.7251291275024414 252.421875 -1 144.94789123535156 13.959577560424805 -1 168.43421936035156 53.498695373535156 -1 70.337516784667969 252.5225830078125 -1 161.33746337890625 52.861591339111328 -1 144.48915100097656 8.0402660369873047 -1 162.71760559082031 253.351318359375 -1 144.48915100097656 8.0402660369873047 -1 137.85568237304688 243.34785461425781 -1 97.891860961914062 185.54696655273438 -1 121.26548767089844 100.59347534179688 -1 149.63299560546875 99.985183715820312 -1 84.225090026855469 47.154285430908203 -1 135.25163269042969 30.955497741699219 -1 134.07388305664062 26.525972366333008 -1 129.58351135253906 26.158174514770508 -1 126.85881805419922 25.147348403930664 -1 137.30966186523438 12.962738037109375 -1 8.0863409042358398 8.9071178436279297 -1 142.34483337402344 2.4866657257080078 -1 142.34483337402344 2.4866657257080078 -1 137.30966186523438 12.962738037109375 -1 134.07388305664062 26.525972366333008 -1 121.26548767089844 100.59347534179688 -1 115.55344390869141 42.462551116943359 -1 115.28090667724609 101.39006042480469 -1 121.26548767089844 100.59347534179688 -1 173.813232421875 253.59992980957031 -1 115.28090667724609 101.39006042480469 -1 134.57965087890625 14.399035453796387 -1 137.52528381347656 42.284461975097656 -1 93.308059692382812 253.13249206542969 -1 
106 0.99996600078646225 0.0036825264154198402 0.0027041958857323945 -0.0068646627696128107 -5.3114007285528633 3.0616722273086161 0.049689877899720875 1 000105.png
128.9542236328125 174.70695495605469 -1 128.9542236328125 174.70695495605469 -1 203.302001953125 154.82894897460938 -1 157.0870361328125 67.558235168457031 -1 179.87074279785156 97.003868103027344 -1 119.84169006347656 74.964424133300781 -1 56.001377105712891 178.265380859375 -1 67.057113647460938 137.60440063476562 -1 56.001377105712891 178.265380859375 -1 49.710605621337891 199.8359375 -1 81.113639831542969 199.28375244140625 -1 73.290481567382812 111.15059661865234 -1 105.74853515625 141.98611450195312 -1 138.73065185546875 140.659423828125 -1 144.61347961425781 170.43630981445312 -1 174.99797058105469 187.34358215332031 -1 73.290481567382812 111.15059661865234 -1 144.61347961425781 170.43630981445312 -1 105.23613739013672 114.48877716064453 -1 125.44387817382812 19.402225494384766 -1 132.99237060546875 111.86925506591797 -1 154.21067810058594 136.94059753417969 -1 90.182647705078125 146.45144653320312 -1 159.65010070800781 153.62344360351562 -1 124.1229248046875 157.69061279296875 -1 159.65010070800781 153.62344360351562 -1 154.21067810058594 136.94059753417969 -1 125.44387817382812 19.402225494384766 -1 119.77474975585938 126.81050872802734 -1 90.534629821777344 127.90617370605469 -1 147.89694213867188 110.44802093505859 -1 118.74320220947266 100.38752746582031 -1 132.21286010742188 60.591522216796875 -1 132.21286010742188 60.591522216796875 -1 141.03489685058594 18.32142448425293 -1 153.60295104980469 87.23480224609375 -1 146.39501953125 89.1636962890625 -1 91.358787536621094 114.75001525878906 -1 142.26200866699219 155.42787170410156 -1 97.68798828125 160.44557189941406 -1 79.842056274414062 162.47343444824219 -1 92.433113098144531 102.7357177734375 -1 104.77099609375 124.07308959960938 -1 79.842056274414062 162.47343444824219 -1 97.68798828125 160.44557189941406 -1 104.77099609375 124.07308959960938 -1 104.77099609375 124.07308959960938 -1 143.84107971191406 61.5775146484375 -1 143.84107971191406 61.5775146484375 -1 158.87030029296875 122.69129180908203 -1 158.87030029296875 122.69129180908203 -1 104.7908935546875 100.30043792724609 -1 118.72725677490234 113.01212310791016 -1 158.87030029296875 122.69129180908203 -1 144.29757690429688 123.74000549316406 -1 134.04393005371094 124.32319641113281 -1 144.29757690429688 123.74000549316406 -1 134.04393005371094 124.32319641113281 -1 144.882080078125 31.761909484863281 -1 130.66128540039062 33.635707855224609 -1 125.04434204101562 39.76373291015625 -1 145.57417297363281 93.503135681152344 -1 152.09794616699219 97.424407958984375 -1 140.05998229980469 98.334327697753906 -1 161.28840637207031 142.46107482910156 -1 64.304641723632812 202.30703735351562 -1 140.05998229980469 98.334327697753906 -1 152.09794616699219 97.424407958984375 -1 145.57417297363281 93.503135681152344 -1 110.43624877929688 31.55180549621582 -1 144.33795166015625 40.526729583740234 -1 121.29936981201172 50.07025146484375 -1 153.11538696289062 54.213809967041016 -1 113.21327209472656 97.75653076171875 -1 123.57925415039062 97.131660461425781 -1 118.83380126953125 104.74667358398438 -1 250.11329650878906 153.09089660644531 -1 88.925506591796875 161.26651000976562 -1 28.765542984008789 203.17472839355469 -1 25.354496002197266 211.88334655761719 -1 138.13786315917969 28.197416305541992 -1 118.83380126953125 104.74667358398438 -1 88.925506591796875 161.26651000976562 -1 88.925506591796875 161.26651000976562 -1 175.74740600585938 59.798786163330078 -1 187.48002624511719 178.46913146972656 -1 95.525962829589844 121.11920166015625 -1 86.314262390136719 122.15187835693359 -1 97.628883361816406 128.81059265136719 -1 89.880767822265625 135.16464233398438 -1 187.48002624511719 178.46913146972656 -1 24.277612686157227 211.83042907714844 -1 137.56710815429688 247.93882751464844 -1 127.17945861816406 48.669456481933594 -1 172.00674438476562 56.529239654541016 -1 118.52789306640625 99.573707580566406 -1 95.525962829589844 121.11920166015625 -1 86.314262390136719 122.15187835693359 -1 97.628883361816406 128.81059265136719 -1 89.880767822265625 135.16464233398438 -1 118.52789306640625 99.573707580566406 -1 138.73417663574219 3.9872493743896484 -1 110.80123901367188 11.322090148925781 -1 134.04621887207031 16.535888671875 -1 127.17945861816406 48.669456481933594 -1 148.72172546386719 53.438655853271484 -1 172.00674438476562 56.529239654541016 -1 165.376953125 83.966293334960938 -1 141.68902587890625 8.1835975646972656 -1 3.2983736991882324 248.56109619140625 -1 123.51235198974609 41.781791687011719 -1 65.276885986328125 192.04434204101562 -1 216.96394348144531 88.279792785644531 -1 75.355995178222656 71.505744934082031 -1 196.32307434082031 49.363967895507812 -1 144.45918273925781 8.0318155288696289 -1 107.35428619384766 8.3604240417480469 -1 140.5079345703125 14.566912651062012 -1 144.38531494140625 22.917726516723633 -1 84.627593994140625 47.481876373291016 -1 7.3388819694519043 252.86065673828125 -1 168.366455078125 53.390384674072266 -1 75.355995178222656 71.505744934082031 -1 113.2071533203125 252.85765075683594 -1 167.85287475585938 194.89619445800781 -1 141.72479248046875 126.51801300048828 -1 107.35428619384766 8.3604240417480469 -1 168.366455078125 53.390384674072266 -1 168.366455078125 53.390384674072266 -1 65.276885986328125 192.04434204101562 -1 141.72479248046875 126.51801300048828 -1 90.76165771484375 120.45010375976562 -1 149.96005249023438 99.702766418457031 -1 164.74703979492188 80.318534851074219 -1 143.04115295410156 17.184625625610352 -1 142.25798034667969 248.49183654785156 -1 81.873779296875 252.89956665039062 -1 111.45437622070312 5.9715046882629395 -1 8.0539627075195312 8.9270229339599609 -1 143.04115295410156 17.184625625610352 -1 144.53582763671875 35.805088043212891 -1 121.17439270019531 100.49681091308594 -1 121.17439270019531 100.49681091308594 -1 143.89620971679688 10.882314682006836 -1 188.93489074707031 177.44577026367188 -1 144.89884948730469 13.90788745880127 -1 172.85307312011719 253.50689697265625 -1 134.97447204589844 5.0510811805725098 -1 62.925666809082031 188.91671752929688 -1 152.69235229492188 42.486499786376953 -1 62.925666809082031 188.91671752929688 -1 144.53582763671875 35.805088043212891 -1 150.9285888671875 30.292774200439453 -1 121.17439270019531 100.49681091308594 -1 144.59092712402344 182.42474365234375 -1 148.01606750488281 21.924112319946289 -1 188.93489074707031 177.44577026367188 -1 124.77234649658203 182.55331420898438 -1 
109 0.99997422384447388 0.0033431568865498118 0.0027683904872538847 -0.0057193498567918886 -5.3797318682996931 2.7475127582844432 0.2233140331290368 1 000107.png
126.45622253417969 174.83567810058594 -1 126.45622253417969 174.83567810058594 -1 204.97859191894531 155.99784851074219 -1 180.22770690917969 97.161163330078125 -1 180.22770690917969 97.161163330078125 -1 152.17337036132812 18.679489135742188 -1 157.03292846679688 67.652671813964844 -1 119.24038696289062 74.944938659667969 -1 152.17337036132812 18.679489135742188 -1 67.072410583496094 138.09541320800781 -1 55.718521118164062 177.93405151367188 -1 80.637962341308594 199.08610534667969 -1 55.718521118164062 177.93405151367188 -1 73.0328369140625 110.59956359863281 -1 105.71180725097656 141.92080688476562 -1 139.18180847167969 140.58200073242188 -1 144.95738220214844 170.47198486328125 -1 175.09950256347656 187.22746276855469 -1 144.95738220214844 170.47198486328125 -1 73.0328369140625 110.59956359863281 -1 90.480308532714844 146.26019287109375 -1 127.99873352050781 19.918937683105469 -1 154.09565734863281 136.98135375976562 -1 104.72981262207031 135.49531555175781 -1 159.61164855957031 153.63226318359375 -1 124.08148956298828 157.67897033691406 -1 105.47075653076172 114.49244689941406 -1 159.61164855957031 153.63226318359375 -1 154.09565734863281 136.98135375976562 -1 131.22145080566406 63.535648345947266 -1 127.99873352050781 19.918937683105469 -1 131.22145080566406 63.535648345947266 -1 132.84312438964844 111.94152069091797 -1 148.16693115234375 110.48389434814453 -1 119.77373504638672 126.82273864746094 -1 90.525306701660156 127.94388580322266 -1 118.72027587890625 100.46492004394531 -1 92.354446411132812 102.73542785644531 -1 97.653594970703125 160.44546508789062 -1 153.83737182617188 87.314476013183594 -1 79.85186767578125 162.43937683105469 -1 142.25193786621094 155.29583740234375 -1 104.81195831298828 124.20772552490234 -1 79.85186767578125 162.43937683105469 -1 97.653594970703125 160.44546508789062 -1 104.81195831298828 124.20772552490234 -1 104.81195831298828 124.20772552490234 -1 91.280181884765625 114.77440643310547 -1 146.19387817382812 89.243873596191406 -1 143.80877685546875 61.498725891113281 -1 143.80877685546875 61.498725891113281 -1 15.731497764587402 9.4953012466430664 -1 120.11956024169922 31.593400955200195 -1 104.88451385498047 100.73639678955078 -1 142.64254760742188 18.508308410644531 -1 158.87353515625 122.69953918457031 -1 144.25338745117188 123.73787689208984 -1 134.03044128417969 124.48609924316406 -1 148.5501708984375 204.46646118164062 -1 144.25338745117188 123.73787689208984 -1 120.11956024169922 31.593400955200195 -1 15.731497764587402 9.4953012466430664 -1 158.87353515625 122.69953918457031 -1 158.87353515625 122.69953918457031 -1 133.13099670410156 33.164417266845703 -1 125.17095184326172 39.578220367431641 -1 145.17791748046875 32.126258850097656 -1 112.4560546875 13.112356185913086 -1 150.84953308105469 149.50904846191406 -1 145.54122924804688 93.495384216308594 -1 152.03512573242188 97.410858154296875 -1 140.04795837402344 98.352149963378906 -1 161.22171020507812 142.56871032714844 -1 249.2403564453125 153.48452758789062 -1 64.253707885742188 201.92668151855469 -1 150.84953308105469 149.50904846191406 -1 140.04795837402344 98.352149963378906 -1 152.03512573242188 97.410858154296875 -1 145.54122924804688 93.495384216308594 -1 118.80754852294922 104.73323822021484 -1 13.552475929260254 245.280029296875 -1 88.943931579589844 161.34767150878906 -1 104.49491882324219 12.784001350402832 -1 136.49142456054688 40.453601837158203 -1 144.25093078613281 40.525341033935547 -1 114.79108428955078 50.170803070068359 -1 121.36368560791016 50.143436431884766 -1 153.15957641601562 54.157482147216797 -1 88.943931579589844 161.34767150878906 -1 167.23289489746094 54.490325927734375 -1 118.80754852294922 104.73323822021484 -1 104.49491882324219 12.784001350402832 -1 175.46949768066406 60.220390319824219 -1 113.16237640380859 97.727340698242188 -1 123.5360107421875 97.10369873046875 -1 13.552475929260254 245.280029296875 -1 88.943931579589844 161.34767150878906 -1 108.02289581298828 7.7046208381652832 -1 108.02289581298828 7.7046208381652832 -1 172.03138732910156 56.503364562988281 -1 95.525764465332031 121.14313507080078 -1 86.39825439453125 122.17498779296875 -1 97.787086486816406 128.8238525390625 -1 89.899467468261719 135.127197265625 -1 107.48729705810547 18.087125778198242 -1 108.84505462646484 24.744941711425781 -1 148.67976379394531 53.320274353027344 -1 118.53063201904297 99.533653259277344 -1 95.525764465332031 121.14313507080078 -1 86.39825439453125 122.17498779296875 -1 97.787086486816406 128.8238525390625 -1 89.899467468261719 135.127197265625 -1 50.07916259765625 139.81013488769531 -1 72.422370910644531 163.43692016601562 -1 41.113685607910156 165.1923828125 -1 37.585453033447266 175.39224243164062 -1 187.46888732910156 178.48007202148438 -1 32.866645812988281 188.32858276367188 -1 32.866645812988281 188.32858276367188 -1 2.4208507537841797 248.18951416015625 -1 137.73489379882812 247.92445373535156 -1 100.89817047119141 252.42329406738281 -1 112.84613800048828 252.46406555175781 -1 172.03138732910156 56.503364562988281 -1 187.46888732910156 178.48007202148438 -1 142.34429931640625 248.60475158691406 -1 65.235496520996094 191.99441528320312 -1 62.651592254638672 189.03668212890625 -1 113.47037506103516 5.557525634765625 -1 80.492118835449219 58.049739837646484 -1 80.492118835449219 58.049739837646484 -1 144.50453186035156 35.571117401123047 -1 123.59823608398438 41.541130065917969 -1 113.4222412109375 29.307512283325195 -1 139.6605224609375 28.513132095336914 -1 141.69877624511719 126.50160980224609 -1 145.06515502929688 14.003688812255859 -1 90.813026428222656 120.39414215087891 -1 141.69877624511719 126.50160980224609 -1 144.50453186035156 35.571117401123047 -1 65.235496520996094 191.99441528320312 -1 144.75007629394531 8.1634483337402344 -1 142.23451232910156 25.299768447875977 -1 152.78254699707031 42.525001525878906 -1 116.41388702392578 36.688289642333984 -1 151.10215759277344 30.16029167175293 -1 148.15924072265625 21.857110977172852 -1 171.89910888671875 121.99517059326172 -1 115.43629455566406 101.23524475097656 -1 140.47596740722656 11.302509307861328 -1 188.82797241210938 177.49563598632812 -1 151.10215759277344 30.16029167175293 -1 177.72602844238281 55.996406555175781 -1 121.23004913330078 100.52772521972656 -1 121.23004913330078 100.52772521972656 -1 115.43629455566406 101.23524475097656 -1 84.320625305175781 47.176239013671875 -1 188.82797241210938 177.49563598632812 -1 144.75007629394531 8.1634483337402344 -1 130.36549377441406 216.46994018554688 -1 167.23953247070312 253.39315795898438 -1 149.70529174804688 99.971351623535156 -1 118.49866485595703 97.430374145507812 -1 217.95895385742188 88.854255676269531 -1 160.830810546875 80.402061462402344 -1 177.72602844238281 55.996406555175781 -1 121.23004913330078 100.52772521972656 -1 104.2896728515625 10.682144165039062 -1 104.2896728515625 10.682144165039062 -1 67.960525512695312 161.77552795410156 -1 
110 0.99997635500683568 0.002851051279128867 0.0018612887811172471 -0.0059746579751700961 -4.5083977556895691 2.2875169169317284 -0.36940060031024025 1 000110.png
125.35299682617188 174.90205383300781 -1 204.83525085449219 155.75125122070312 -1 117.67510223388672 74.692138671875 -1 179.68930053710938 97.767974853515625 -1 155.53364562988281 19.910572052001953 -1 155.53364562988281 19.910572052001953 -1 179.68930053710938 97.767974853515625 -1 157.01315307617188 67.822738647460938 -1 66.886138916015625 137.78938293457031 -1 55.356220245361328 178.55770874023438 -1 80.418891906738281 198.96600341796875 -1 55.356220245361328 178.55770874023438 -1 72.789909362792969 110.60874176025391 -1 105.82672882080078 141.86085510253906 -1 139.77061462402344 140.4197998046875 -1 175.12625122070312 187.21405029296875 -1 145.52684020996094 170.55406188964844 -1 145.52684020996094 170.55406188964844 -1 175.12625122070312 187.21405029296875 -1 72.789909362792969 110.60874176025391 -1 132.84921264648438 111.83588409423828 -1 105.52034759521484 114.41795349121094 -1 153.78160095214844 137.05007934570312 -1 90.649238586425781 146.27720642089844 -1 159.62762451171875 153.66018676757812 -1 124.09654235839844 157.65374755859375 -1 159.62762451171875 153.66018676757812 -1 153.78160095214844 137.05007934570312 -1 90.537826538085938 127.9376220703125 -1 118.37251281738281 142.11259460449219 -1 148.20875549316406 110.44285583496094 -1 118.67550659179688 100.34339904785156 -1 119.79324340820312 126.80037689208984 -1 113.13173675537109 33.100986480712891 -1 92.363014221191406 102.70996856689453 -1 113.13173675537109 33.100986480712891 -1 153.7264404296875 87.286720275878906 -1 146.14602661132812 89.312034606933594 -1 91.169631958007812 114.73966979980469 -1 104.87289428710938 124.35958099365234 -1 97.6700439453125 160.43739318847656 -1 142.32974243164062 155.40914916992188 -1 104.87289428710938 124.35958099365234 -1 104.87289428710938 124.35958099365234 -1 79.820159912109375 162.44520568847656 -1 97.6700439453125 160.43739318847656 -1 118.78127288818359 112.95894622802734 -1 158.8634033203125 122.68514251708984 -1 144.26583862304688 123.7535400390625 -1 162.00033569335938 202.07583618164062 -1 158.8634033203125 122.68514251708984 -1 158.8634033203125 122.68514251708984 -1 184.90904235839844 180.38265991210938 -1 184.90904235839844 180.38265991210938 -1 15.848940849304199 9.2948179244995117 -1 113.98402404785156 13.551875114440918 -1 104.89230346679688 100.90550231933594 -1 150.96119689941406 149.63380432128906 -1 145.51588439941406 93.447036743164062 -1 152.04786682128906 97.438629150390625 -1 140.04388427734375 98.320045471191406 -1 150.96119689941406 149.63380432128906 -1 140.04388427734375 98.320045471191406 -1 152.04786682128906 97.438629150390625 -1 145.51588439941406 93.447036743164062 -1 114.44567108154297 3.7314550876617432 -1 108.02763366699219 7.6093549728393555 -1 104.55672454833984 12.918306350708008 -1 144.48213195800781 40.415847778320312 -1 167.18751525878906 54.51885986328125 -1 113.18096923828125 97.745109558105469 -1 123.53607177734375 97.116790771484375 -1 118.81951141357422 104.74481201171875 -1 244.74855041503906 144.49183654785156 -1 250.04597473144531 153.28053283691406 -1 88.932693481445312 161.25138854980469 -1 25.264469146728516 212.22335815429688 -1 1.6467486619949341 247.38584899902344 -1 161.47801208496094 142.60919189453125 -1 88.932693481445312 161.25138854980469 -1 104.55672454833984 12.918306350708008 -1 88.932693481445312 161.25138854980469 -1 118.81951141357422 104.74481201171875 -1 175.84803771972656 59.666236877441406 -1 86.286964416503906 105.26329040527344 -1 95.76641845703125 120.90071105957031 -1 172.01675415039062 56.500392913818359 -1 118.53593444824219 99.560829162597656 -1 86.25177001953125 122.06765747070312 -1 97.558563232421875 128.80923461914062 -1 86.286964416503906 105.26329040527344 -1 95.76641845703125 120.90071105957031 -1 144.63290405273438 17.688859939575195 -1 115.85587310791016 27.480152130126953 -1 148.71759033203125 53.432453155517578 -1 172.01675415039062 56.500392913818359 -1 165.06297302246094 83.8753662109375 -1 118.53593444824219 99.560829162597656 -1 90.911201477050781 119.92951202392578 -1 86.25177001953125 122.06765747070312 -1 97.558563232421875 128.80923461914062 -1 89.877494812011719 135.12287902832031 -1 72.451820373535156 162.39666748046875 -1 101.16193389892578 252.38883972167969 -1 112.68296051025391 252.52410888671875 -1 134.39973449707031 252.41581726074219 -1 107.44851684570312 18.330999374389648 -1 89.877494812011719 135.12287902832031 -1 139.46260070800781 38.933845520019531 -1 65.228218078613281 191.97315979003906 -1 141.94218444824219 126.28826141357422 -1 104.58511352539062 15.415021896362305 -1 139.46260070800781 38.933845520019531 -1 115.17267608642578 44.837169647216797 -1 148.37013244628906 125.80975341796875 -1 80.743461608886719 57.000137329101562 -1 168.40774536132812 53.419021606445312 -1 195.99711608886719 49.158866882324219 -1 143.41424560546875 44.790046691894531 -1 151.6688232421875 159.79008483886719 -1 151.6688232421875 159.79008483886719 -1 195.99711608886719 49.158866882324219 -1 168.40774536132812 53.419021606445312 -1 168.40774536132812 53.419021606445312 -1 141.94218444824219 126.28826141357422 -1 63.059959411621094 188.98870849609375 -1 130.53021240234375 216.51325988769531 -1 110.15481567382812 10.702639579772949 -1 134.59037780761719 216.51437377929688 -1 110.15481567382812 10.702639579772949 -1 121.17918395996094 100.55810546875 -1 121.17918395996094 100.55810546875 -1 7.237666130065918 252.85084533691406 -1 188.86215209960938 177.52198791503906 -1 162.91410827636719 253.45195007324219 -1 119.02783203125 39.044399261474609 -1 144.61802673339844 35.794086456298828 -1 150.96136474609375 30.179075241088867 -1 121.17918395996094 100.55810546875 -1 160.42372131347656 80.355613708496094 -1 148.16273498535156 21.919460296630859 -1 161.40180969238281 52.583522796630859 -1 155.61300659179688 52.700462341308594 -1 196.49969482421875 48.669715881347656 -1 84.616844177246094 47.148830413818359 -1 188.86215209960938 177.52198791503906 -1 
112 0.99996793450317356 0.0039680251134753403 0.0027600542727546458 -0.0063848917427903433 -5.3488274535146898 3.3135699032902588 -0.074020049616878511 1 000108.png
125.96780395507812 174.94725036621094 -1 125.96780395507812 174.94725036621094 -1 204.85092163085938 156.45320129394531 -1 157.06375122070312 67.704086303710938 -1 151.76568603515625 18.693727493286133 -1 118.93120574951172 74.783515930175781 -1 180.30316162109375 97.105934143066406 -1 151.76568603515625 18.693727493286133 -1 180.30316162109375 97.105934143066406 -1 66.935325622558594 137.80952453613281 -1 55.806613922119141 177.86781311035156 -1 49.714530944824219 199.17083740234375 -1 80.679031372070312 199.077880859375 -1 55.806613922119141 177.86781311035156 -1 72.99798583984375 110.45775604248047 -1 105.70098114013672 141.95967102050781 -1 139.21748352050781 140.54055786132812 -1 145.06883239746094 170.47441101074219 -1 175.14608764648438 187.221435546875 -1 145.06883239746094 170.47441101074219 -1 72.99798583984375 110.45775604248047 -1 159.61686706542969 153.64761352539062 -1 124.08617401123047 157.66841125488281 -1 159.61686706542969 153.64761352539062 -1 153.86795043945312 137.01690673828125 -1 105.49279022216797 114.49347686767578 -1 131.16482543945312 63.519287109375 -1 131.16482543945312 63.519287109375 -1 132.94200134277344 111.92771148681641 -1 153.86795043945312 137.01690673828125 -1 89.999305725097656 146.33755493164062 -1 90.561996459960938 127.94161224365234 -1 104.87203979492188 134.62060546875 -1 119.75077819824219 126.83201599121094 -1 92.374053955078125 102.71425628662109 -1 132.97813415527344 59.967945098876953 -1 148.15452575683594 110.49947357177734 -1 118.66991424560547 100.32167053222656 -1 132.97813415527344 59.967945098876953 -1 110.74246978759766 34.549800872802734 -1 153.91819763183594 87.305374145507812 -1 146.20744323730469 89.292083740234375 -1 91.384994506835938 114.78590393066406 -1 104.85210418701172 124.24089813232422 -1 97.670547485351562 160.43443298339844 -1 79.843254089355469 162.42672729492188 -1 97.670547485351562 160.43443298339844 -1 104.85210418701172 124.24089813232422 -1 79.843254089355469 162.42672729492188 -1 142.219970703125 155.3116455078125 -1 104.85210418701172 124.24089813232422 -1 143.84773254394531 61.608451843261719 -1 143.84773254394531 61.608451843261719 -1 118.60831451416016 112.99664306640625 -1 158.88531494140625 122.69172668457031 -1 144.24398803710938 123.75379180908203 -1 134.13446044921875 125.0469970703125 -1 158.88531494140625 122.69172668457031 -1 158.88531494140625 122.69172668457031 -1 134.13446044921875 125.0469970703125 -1 144.24398803710938 123.75379180908203 -1 15.789066314697266 9.3703174591064453 -1 15.789066314697266 9.3703174591064453 -1 142.60769653320312 18.453668594360352 -1 104.90035247802734 100.671142578125 -1 145.566650390625 93.484725952148438 -1 112.165283203125 13.365873336791992 -1 111.90122985839844 31.352338790893555 -1 124.82866668701172 151.00430297851562 -1 145.3748779296875 32.046573638916016 -1 133.52119445800781 34.121509552001953 -1 150.95602416992188 149.58882141113281 -1 152.06277465820312 97.406837463378906 -1 140.07353210449219 98.34735107421875 -1 161.364013671875 142.46989440917969 -1 64.310043334960938 202.10107421875 -1 111.90122985839844 31.352338790893555 -1 140.07353210449219 98.34735107421875 -1 152.06277465820312 97.406837463378906 -1 145.566650390625 93.484725952148438 -1 150.95602416992188 149.58882141113281 -1 104.60602569580078 12.923802375793457 -1 124.84384155273438 40.287967681884766 -1 121.21202087402344 50.017585754394531 -1 167.22538757324219 54.480419158935547 -1 175.5123291015625 60.146778106689453 -1 113.13028717041016 97.747489929199219 -1 104.60602569580078 12.923802375793457 -1 123.51739501953125 97.094688415527344 -1 118.83246612548828 104.72960662841797 -1 88.893997192382812 161.28974914550781 -1 88.893997192382812 161.28974914550781 -1 88.893997192382812 161.28974914550781 -1 25.231977462768555 212.23677062988281 -1 118.83246612548828 104.72960662841797 -1 144.17636108398438 40.708202362060547 -1 172.10824584960938 56.325153350830078 -1 172.10824584960938 56.325153350830078 -1 95.490898132324219 121.11476898193359 -1 86.288856506347656 122.07892608642578 -1 97.650955200195312 128.79739379882812 -1 139.66154479980469 28.377994537353516 -1 107.79293823242188 8.0407962799072266 -1 107.49705505371094 18.21757698059082 -1 127.65718841552734 48.639705657958984 -1 148.83699035644531 53.429374694824219 -1 118.52848052978516 99.547119140625 -1 90.821243286132812 119.97457885742188 -1 95.490898132324219 121.11476898193359 -1 86.288856506347656 122.07892608642578 -1 97.650955200195312 128.79739379882812 -1 89.888320922851562 135.11088562011719 -1 72.428672790527344 163.21281433105469 -1 37.334274291992188 175.33663940429688 -1 37.334274291992188 175.33663940429688 -1 24.170463562011719 212.10218811035156 -1 135.15876770019531 247.92948913574219 -1 100.61558532714844 252.47366333007812 -1 112.97159576416016 252.41032409667969 -1 89.888320922851562 135.11088562011719 -1 165.18130493164062 83.966156005859375 -1 107.79293823242188 8.0407962799072266 -1 127.65718841552734 48.639705657958984 -1 112.96249389648438 11.125569343566895 -1 168.39669799804688 53.417869567871094 -1 112.98246765136719 14.960247039794922 -1 196.15342712402344 49.3533935546875 -1 84.750839233398438 47.426822662353516 -1 104.52615356445312 15.779335021972656 -1 126.49962615966797 36.207588195800781 -1 144.81452941894531 7.9776730537414551 -1 95.378448486328125 203.8704833984375 -1 148.21331787109375 22.098928451538086 -1 145.17558288574219 14.026866912841797 -1 3.320486307144165 248.39414978027344 -1 65.138084411621094 191.94454956054688 -1 156.30874633789062 116.44443511962891 -1 80.767387390136719 57.4281005859375 -1 108.59284210205078 23.761064529418945 -1 141.72163391113281 126.48854827880859 -1 145.17558288574219 14.026866912841797 -1 144.46138000488281 35.733005523681641 -1 126.49962615966797 36.207588195800781 -1 196.15342712402344 49.3533935546875 -1 168.39669799804688 53.417869567871094 -1 168.39669799804688 53.417869567871094 -1 144.46138000488281 35.733005523681641 -1 141.72163391113281 126.48854827880859 -1 99.599349975585938 12.172725677490234 -1 141.68783569335938 24.640451431274414 -1 151.12413024902344 30.095195770263672 -1 136.01171875 36.880641937255859 -1 121.07370758056641 100.50201416015625 -1 121.07370758056641 100.50201416015625 -1 160.55384826660156 80.347343444824219 -1 161.52366638183594 52.615718841552734 -1 136.01171875 36.880641937255859 -1 151.12413024902344 30.095195770263672 -1 141.68783569335938 24.640451431274414 -1 66.935821533203125 252.99070739746094 -1 116.73186492919922 37.502220153808594 -1 175.76637268066406 193.93876647949219 -1 171.80609130859375 193.97677612304688 -1 164.17558288574219 197.52610778808594 -1 99.599349975585938 12.172725677490234 -1 121.07370758056641 100.50201416015625 -1 118.54226684570312 97.461616516113281 -1 142.97380065917969 17.30755615234375 -1 
