I20261002 19:51:44.836542 20340 automatic_reconstruction.cc:271] === Feature extraction ===
I20261002 19:51:44.839342 14480 feature_extraction.cc:498] === Feature extraction ===
I20261002 19:51:44.842946 11532 sift.cc:754] Creating Covariant SIFT CPU feature extractor
I20261002 19:51:44.843165 24024 sift.cc:754] Creating Covariant SIFT CPU feature extractor
I20261002 19:51:44.843332 12836 sift.cc:754] Creating Covariant SIFT CPU feature extractor
I20261002 19:51:44.843559 27132 sift.cc:754] Creating Covariant SIFT CPU feature extractor
I20261002 19:51:44.843605 21252 sift.cc:754] Creating Covariant SIFT CPU feature extractor
I20261002 19:51:44.843654 10080 sift.cc:754] Creating Covariant SIFT CPU feature extractor
I20261002 19:51:44.843707 24488 sift.cc:754] Creating Covariant SIFT CPU feature extractor
I20261002 19:51:44.843788 20180 sift.cc:754] Creating Covariant SIFT CPU feature extractor
I20261002 19:51:44.843839 17844 sift.cc:754] Creating Covariant SIFT CPU feature extractor
I20261002 19:51:44.843944 23316 sift.cc:754] Creating Covariant SIFT CPU feature extractor
I20261002 19:51:44.844057 19992 sift.cc:754] Creating Covariant SIFT CPU feature extractor
I20261002 19:51:44.844182  8308 sift.cc:754] Creating Covariant SIFT CPU feature extractor
I20261002 19:51:44.844223 10928 sift.cc:754] Creating Covariant SIFT CPU feature extractor
I20261002 19:51:44.844272  2428 sift.cc:754] Creating Covariant SIFT CPU feature extractor
I20261002 19:51:44.844420 27228 sift.cc:754] Creating Covariant SIFT CPU feature extractor
I20261002 19:51:44.844531 25996 sift.cc:754] Creating Covariant SIFT CPU feature extractor
I20261002 19:51:44.844565 26884 sift.cc:754] Creating Covariant SIFT CPU feature extractor
I20261002 19:51:44.844604 18232 sift.cc:754] Creating Covariant SIFT CPU feature extractor
I20261002 19:51:44.844676 24256 sift.cc:754] Creating Covariant SIFT CPU feature extractor
I20261002 19:51:44.844711 17452 sift.cc:754] Creating Covariant SIFT CPU feature extractor
I20261002 19:51:44.909075 26800 feature_extraction.cc:270] Processed file [1/148]
I20261002 19:51:44.909459 26800 feature_extraction.cc:273]   Name:            000001.png
I20261002 19:51:44.909695 26800 feature_extraction.cc:282]   Dimensions:      256 x 256
I20261002 19:51:44.909962 26800 feature_extraction.cc:285]   Camera:          #1 - SIMPLE_RADIAL
I20261002 19:51:44.910178 26800 feature_extraction.cc:289]   Focal Length:    307.20px
I20261002 19:51:44.910417 26800 feature_extraction.cc:294]   Features:        195 (SIFT)
I20261002 19:51:44.920292 26800 feature_extraction.cc:270] Processed file [2/148]
I20261002 19:51:44.920977 26800 feature_extraction.cc:273]   Name:            000000.png
I20261002 19:51:44.921202 26800 feature_extraction.cc:282]   Dimensions:      256 x 256
I20261002 19:51:44.921769 26800 feature_extraction.cc:285]   Camera:          #1 - SIMPLE_RADIAL
I20261002 19:51:44.921929 26800 feature_extraction.cc:289]   Focal Length:    307.20px
I20261002 19:51:44.922105 26800 feature_extraction.cc:294]   Features:        206 (SIFT)
I20261002 19:51:44.924289 26800 feature_extraction.cc:270] Processed file [3/148]
I20261002 19:51:44.924602 26800 feature_extraction.cc:273]   Name:            000003.png
I20261002 19:51:44.924856 26800 feature_extraction.cc:282]   Dimensions:      256 x 256
I20261002 19:51:44.925058 26800 feature_extraction.cc:285]   Camera:          #1 - SIMPLE_RADIAL
I20261002 19:51:44.925238 26800 feature_extraction.cc:289]   Focal Length:    307.20px
I20261002 19:51:44.925384 26800 feature_extraction.cc:294]   Features:        201 (SIFT)
I20261002 19:51:44.930694 26800 feature_extraction.cc:270] Processed file [4/148]
I20261002 19:51:44.932676 26800 feature_extraction.cc:273]   Name:            000006.png
I20261002 19:51:44.932923 26800 feature_extraction.cc:282]   Dimensions:      256 x 256
I20261002 19:51:44.933114 26800 feature_extraction.cc:285]   Camera:          #1 - SIMPLE_RADIAL
I20261002 19:51:44.933271 26800 feature_extraction.cc:289]   Focal Length:    307.20px
I20261002 19:51:44.934132 26800 feature_extraction.cc:294]   Features:        204 (SIFT)
I20261002 19:51:44.936700 26800 feature_extraction.cc:270] Processed file [5/148]
I20261002 19:51:44.937217 26800 feature_extraction.cc:273]   Name:            000002.png
I20261002 19:51:44.937387 26800 feature_extraction.cc:282]   Dimensions:      256 x 256
I20261002 19:51:44.937549 26800 feature_extraction.cc:285]   Camera:          #1 - SIMPLE_RADIAL
I20261002 19:51:44.937682 26800 feature_extraction.cc:289]   Focal Length:    307.20px
I20261002 19:51:44.937813 26800 feature_extraction.cc:294]   Features:        206 (SIFT)
I20261002 19:51:44.940096 26800 feature_extraction.cc:270] Processed file [6/148]
I20261002 19:51:44.940378 26800 feature_extraction.cc:273]   Name:            000005.png
I20261002 19:51:44.940581 26800 feature_extraction.cc:282]   Dimensions:      256 x 256
I20261002 19:51:44.940790 26800 feature_extraction.cc:285]   Camera:          #1 - SIMPLE_RADIAL
I20261002 19:51:44.940969 26800 feature_extraction.cc:289]   Focal Length:    307.20px
I20261002 19:51:44.941148 26800 feature_extraction.cc:294]   Features:        200 (SIFT)
I20261002 19:51:44.943433 26800 feature_extraction.cc:270] Processed file [7/148]
I20261002 19:51:44.943714 26800 feature_extraction.cc:273]   Name:            000004.png
I20261002 19:51:44.943944 26800 feature_extraction.cc:282]   Dimensions:      256 x 256
I20261002 19:51:44.944094 26800 feature_extraction.cc:285]   Camera:          #1 - SIMPLE_RADIAL
I20261002 19:51:44.944247 26800 feature_extraction.cc:289]   Focal Length:    307.20px
I20261002 19:51:44.944380 26800 feature_extraction.cc:294]   Features:        213 (SIFT)
I20261002 19:51:44.946584 26800 feature_extraction.cc:270] Processed file [8/148]
I20261002 19:51:44.946799 26800 feature_extraction.cc:273]   Name:            000009.png
I20261002 19:51:44.946950 26800 feature_extraction.cc:282]   Dimensions:      256 x 256
I20261002 19:51:44.947088 26800 feature_extraction.cc:285]   Camera:          #1 - SIMPLE_RADIAL
I20261002 19:51:44.947220 26800 feature_extraction.cc:289]   Focal Length:    307.20px
I20261002 19:51:44.947355 26800 feature_extraction.cc:294]   Features:        210 (SIFT)
I20261002 19:51:44.949572 26800 feature_extraction.cc:270] Processed file [9/148]
I20261002 19:51:44.949767 26800 feature_extraction.cc:273]   Name:            000007.png
I20261002 19:51:44.949907 26800 feature_extraction.cc:282]   Dimensions:      256 x 256
I20261002 19:51:44.950033 26800 feature_extraction.cc:285]   Camera:          #1 - SIMPLE_RADIAL
I20261002 19:51:44.950154 26800 feature_extraction.cc:289]   Focal Length:    307.20px
I20261002 19:51:44.950289 26800 feature_extraction.cc:294]   Features:        217 (SIFT)
I20261002 19:51:44.952781 26800 feature_extraction.cc:270] Processed file [10/148]
I20261002 19:51:44.953033 26800 feature_extraction.cc:273]   Name:            000011.png
I20261002 19:51:44.953216 26800 feature_extraction.cc:282]   Dimensions:      256 x 256
I20261002 19:51:44.953367 26800 feature_extraction.cc:285]   Camera:          #1 - SIMPLE_RADIAL
I20261002 19:51:44.953507 26800 feature_extraction.cc:289]   Focal Length:    307.20px
I20261002 19:51:44.953635 26800 feature_extraction.cc:294]   Features:        215 (SIFT)
I20261002 19:51:44.956058 26800 feature_extraction.cc:270] Processed file [11/148]
I20261002 19:51:44.956285 26800 feature_extraction.cc:273]   Name:            000008.png
I20261002 19:51:44.956431 26800 feature_extraction.cc:282]   Dimensions:      256 x 256
I20261002 19:51:44.956593 26800 feature_extraction.cc:285]   Camera:          #1 - SIMPLE_RADIAL
I20261002 19:51:44.956762 26800 feature_extraction.cc:289]   Focal Length:    307.20px
I20261002 19:51:44.956908 26800 feature_extraction.cc:294]   Features:        212 (SIFT)
I20261002 19:51:44.960095 26800 feature_extraction.cc:270] Processed file [12/148]
I20261002 19:51:44.960388 26800 feature_extraction.cc:273]   Name:            000014.png
I20261002 19:51:44.960555 26800 feature_extraction.cc:282]   Dimensions:      256 x 256
I20261002 19:51:44.960837 26800 feature_extraction.cc:285]   Camera:          #1 - SIMPLE_RADIAL
I20261002 19:51:44.961065 26800 feature_extraction.cc:289]   Focal Length:    307.20px
I20261002 19:51:44.961384 26800 feature_extraction.cc:294]   Features:        213 (SIFT)
I20261002 19:51:44.962645 26800 feature_extraction.cc:270] Processed file [13/148]
I20261002 19:51:44.962841 26800 feature_extraction.cc:273]   Name:            000010.png
I20261002 19:51:44.963007 26800 feature_extraction.cc:282]   Dimensions:      256 x 256
I20261002 19:51:44.963176 26800 feature_extraction.cc:285]   Camera:          #1 - SIMPLE_RADIAL
I20261002 19:51:44.963316 26800 feature_extraction.cc:289]   Focal Length:    307.20px
I20261002 19:51:44.963452 26800 feature_extraction.cc:294]   Features:        221 (SIFT)
I20261002 19:51:44.966218 26800 feature_extraction.cc:270] Processed file [14/148]
I20261002 19:51:44.966494 26800 feature_extraction.cc:273]   Name:            000012.png
I20261002 19:51:44.966673 26800 feature_extraction.cc:282]   Dimensions:      256 x 256
I20261002 19:51:44.966834 26800 feature_extraction.cc:285]   Camera:          #1 - SIMPLE_RADIAL
I20261002 19:51:44.966972 26800 feature_extraction.cc:289]   Focal Length:    307.20px
I20261002 19:51:44.967097 26800 feature_extraction.cc:294]   Features:        227 (SIFT)
I20261002 19:51:44.970523 26800 feature_extraction.cc:270] Processed file [15/148]
I20261002 19:51:44.970892 26800 feature_extraction.cc:273]   Name:            000015.png
I20261002 19:51:44.971127 26800 feature_extraction.cc:282]   Dimensions:      256 x 256
I20261002 19:51:44.971368 26800 feature_extraction.cc:285]   Camera:          #1 - SIMPLE_RADIAL
I20261002 19:51:44.971580 26800 feature_extraction.cc:289]   Focal Length:    307.20px
I20261002 19:51:44.971775 26800 feature_extraction.cc:294]   Features:        236 (SIFT)
I20261002 19:51:44.992157 26800 feature_extraction.cc:270] Processed file [16/148]
I20261002 19:51:44.992441 26800 feature_extraction.cc:273]   Name:            000016.png
I20261002 19:51:44.992577 26800 feature_extraction.cc:282]   Dimensions:      256 x 256
I20261002 19:51:44.992778 26800 feature_extraction.cc:285]   Camera:          #1 - SIMPLE_RADIAL
I20261002 19:51:44.992941 26800 feature_extraction.cc:289]   Focal Length:    307.20px
I20261002 19:51:44.993096 26800 feature_extraction.cc:294]   Features:        223 (SIFT)
I20261002 19:51:44.995224 26800 feature_extraction.cc:270] Processed file [17/148]
I20261002 19:51:44.995518 26800 feature_extraction.cc:273]   Name:            000018.png
I20261002 19:51:44.995634 26800 feature_extraction.cc:282]   Dimensions:      256 x 256
I20261002 19:51:44.995718 26800 feature_extraction.cc:285]   Camera:          #1 - SIMPLE_RADIAL
I20261002 19:51:44.995803 26800 feature_extraction.cc:289]   Focal Length:    307.20px
I20261002 19:51:44.995994 26800 feature_extraction.cc:294]   Features:        223 (SIFT)
I20261002 19:51:45.001177 26800 feature_extraction.cc:270] Processed file [18/148]
I20261002 19:51:45.001570 26800 feature_extraction.cc:273]   Name:            000013.png
I20261002 19:51:45.001847 26800 feature_extraction.cc:282]   Dimensions:      256 x 256
I20261002 19:51:45.002030 26800 feature_extraction.cc:285]   Camera:          #1 - SIMPLE_RADIAL
I20261002 19:51:45.002260 26800 feature_extraction.cc:289]   Focal Length:    307.20px
I20261002 19:51:45.002432 26800 feature_extraction.cc:294]   Features:        228 (SIFT)
I20261002 19:51:45.003776 26800 feature_extraction.cc:270] Processed file [19/148]
I20261002 19:51:45.003997 26800 feature_extraction.cc:273]   Name:            000019.png
I20261002 19:51:45.004181 26800 feature_extraction.cc:282]   Dimensions:      256 x 256
I20261002 19:51:45.004443 26800 feature_extraction.cc:285]   Camera:          #1 - SIMPLE_RADIAL
I20261002 19:51:45.004646 26800 feature_extraction.cc:289]   Focal Length:    307.20px
I20261002 19:51:45.004811 26800 feature_extraction.cc:294]   Features:        230 (SIFT)
I20261002 19:51:45.006914 26800 feature_extraction.cc:270] Processed file [20/148]
I20261002 19:51:45.007201 26800 feature_extraction.cc:273]   Name:            000017.png
I20261002 19:51:45.007399 26800 feature_extraction.cc:282]   Dimensions:      256 x 256
I20261002 19:51:45.007560 26800 feature_extraction.cc:285]   Camera:          #1 - SIMPLE_RADIAL
I20261002 19:51:45.007804 26800 feature_extraction.cc:289]   Focal Length:    307.20px
I20261002 19:51:45.007957 26800 feature_extraction.cc:294]   Features:        227 (SIFT)
I20261002 19:51:45.024773 26800 feature_extraction.cc:270] Processed file [21/148]
I20261002 19:51:45.025048 26800 feature_extraction.cc:273]   Name:            000020.png
I20261002 19:51:45.025204 26800 feature_extraction.cc:282]   Dimensions:      256 x 256
I20261002 19:51:45.025348 26800 feature_extraction.cc:285]   Camera:          #1 - SIMPLE_RADIAL
I20261002 19:51:45.025508 26800 feature_extraction.cc:289]   Focal Length:    307.20px
I20261002 19:51:45.025641 26800 feature_extraction.cc:294]   Features:        219 (SIFT)
I20261002 19:51:45.027697 26800 feature_extraction.cc:270] Processed file [22/148]
I20261002 19:51:45.027872 26800 feature_extraction.cc:273]   Name:            000023.png
I20261002 19:51:45.028008 26800 feature_extraction.cc:282]   Dimensions:      256 x 256
I20261002 19:51:45.028139 26800 feature_extraction.cc:285]   Camera:          #1 - SIMPLE_RADIAL
I20261002 19:51:45.028267 26800 feature_extraction.cc:289]   Focal Length:    307.20px
I20261002 19:51:45.028395 26800 feature_extraction.cc:294]   Features:        213 (SIFT)
I20261002 19:51:45.030771 26800 feature_extraction.cc:270] Processed file [23/148]
I20261002 19:51:45.031014 26800 feature_extraction.cc:273]   Name:            000022.png
I20261002 19:51:45.031238 26800 feature_extraction.cc:282]   Dimensions:      256 x 256
I20261002 19:51:45.031411 26800 feature_extraction.cc:285]   Camera:          #1 - SIMPLE_RADIAL
I20261002 19:51:45.031573 26800 feature_extraction.cc:289]   Focal Length:    307.20px
I20261002 19:51:45.031747 26800 feature_extraction.cc:294]   Features:        239 (SIFT)
I20261002 19:51:45.033991 26800 feature_extraction.cc:270] Processed file [24/148]
I20261002 19:51:45.034276 26800 feature_extraction.cc:273]   Name:            000021.png
I20261002 19:51:45.034551 26800 feature_extraction.cc:282]   Dimensions:      256 x 256
I20261002 19:51:45.034816 26800 feature_extraction.cc:285]   Camera:          #1 - SIMPLE_RADIAL
I20261002 19:51:45.035010 26800 feature_extraction.cc:289]   Focal Length:    307.20px
I20261002 19:51:45.035185 26800 feature_extraction.cc:294]   Features:        232 (SIFT)
I20261002 19:51:45.037470 26800 feature_extraction.cc:270] Processed file [25/148]
I20261002 19:51:45.037754 26800 feature_extraction.cc:273]   Name:            000024.png
I20261002 19:51:45.037966 26800 feature_extraction.cc:282]   Dimensions:      256 x 256
I20261002 19:51:45.038170 26800 feature_extraction.cc:285]   Camera:          #1 - SIMPLE_RADIAL
I20261002 19:51:45.038358 26800 feature_extraction.cc:289]   Focal Length:    307.20px
I20261002 19:51:45.038551 26800 feature_extraction.cc:294]   Features:        229 (SIFT)
I20261002 19:51:45.039544 26800 feature_extraction.cc:270] Processed file [26/148]
I20261002 19:51:45.039745 26800 feature_extraction.cc:273]   Name:            000025.png
I20261002 19:51:45.039904 26800 feature_extraction.cc:282]   Dimensions:      256 x 256
I20261002 19:51:45.040058 26800 feature_extraction.cc:285]   Camera:          #1 - SIMPLE_RADIAL
I20261002 19:51:45.040199 26800 feature_extraction.cc:289]   Focal Length:    307.20px
I20261002 19:51:45.040353 26800 feature_extraction.cc:294]   Features:        225 (SIFT)
I20261002 19:51:45.042944 26800 feature_extraction.cc:270] Processed file [27/148]
I20261002 19:51:45.043202 26800 feature_extraction.cc:273]   Name:            000028.png
I20261002 19:51:45.043352 26800 feature_extraction.cc:282]   Dimensions:      256 x 256
I20261002 19:51:45.043487 26800 feature_extraction.cc:285]   Camera:          #1 - SIMPLE_RADIAL
I20261002 19:51:45.043687 26800 feature_extraction.cc:289]   Focal Length:    307.20px
I20261002 19:51:45.043818 26800 feature_extraction.cc:294]   Features:        240 (SIFT)
I20261002 19:51:45.045392 26800 feature_extraction.cc:270] Processed file [28/148]
I20261002 19:51:45.045614 26800 feature_extraction.cc:273]   Name:            000026.png
I20261002 19:51:45.045827 26800 feature_extraction.cc:282]   Dimensions:      256 x 256
I20261002 19:51:45.045994 26800 feature_extraction.cc:285]   Camera:          #1 - SIMPLE_RADIAL
I20261002 19:51:45.046174 26800 feature_extraction.cc:289]   Focal Length:    307.20px
I20261002 19:51:45.046341 26800 feature_extraction.cc:294]   Features:        212 (SIFT)
I20261002 19:51:45.048174 26800 feature_extraction.cc:270] Processed file [29/148]
I20261002 19:51:45.048490 26800 feature_extraction.cc:273]   Name:            000027.png
I20261002 19:51:45.048634 26800 feature_extraction.cc:282]   Dimensions:      256 x 256
I20261002 19:51:45.048845 26800 feature_extraction.cc:285]   Camera:          #1 - SIMPLE_RADIAL
I20261002 19:51:45.049038 26800 feature_extraction.cc:289]   Focal Length:    307.20px
I20261002 19:51:45.049268 26800 feature_extraction.cc:294]   Features:        218 (SIFT)
I20261002 19:51:45.051692 26800 feature_extraction.cc:270] Processed file [30/148]
I20261002 19:51:45.051967 26800 feature_extraction.cc:273]   Name:            000029.png
I20261002 19:51:45.052161 26800 feature_extraction.cc:282]   Dimensions:      256 x 256
I20261002 19:51:45.052350 26800 feature_extraction.cc:285]   Camera:          #1 - SIMPLE_RADIAL
I20261002 19:51:45.052527 26800 feature_extraction.cc:289]   Focal Length:    307.20px
I20261002 19:51:45.052702 26800 feature_extraction.cc:294]   Features:        219 (SIFT)
I20261002 19:51:45.054051 26800 feature_extraction.cc:270] Processed file [31/148]
I20261002 19:51:45.054276 26800 feature_extraction.cc:273]   Name:            000032.png
I20261002 19:51:45.054442 26800 feature_extraction.cc:282]   Dimensions:      256 x 256
I20261002 19:51:45.054595 26800 feature_extraction.cc:285]   Camera:          #1 - SIMPLE_RADIAL
I20261002 19:51:45.054768 26800 feature_extraction.cc:289]   Focal Length:    307.20px
I20261002 19:51:45.054973 26800 feature_extraction.cc:294]   Features:        216 (SIFT)
I20261002 19:51:45.056426 26800 feature_extraction.cc:270] Processed file [32/148]
I20261002 19:51:45.056730 26800 feature_extraction.cc:273]   Name:            000030.png
I20261002 19:51:45.056936 26800 feature_extraction.cc:282]   Dimensions:      256 x 256
I20261002 19:51:45.057141 26800 feature_extraction.cc:285]   Camera:          #1 - SIMPLE_RADIAL
I20261002 19:51:45.057353 26800 feature_extraction.cc:289]   Focal Length:    307.20px
I20261002 19:51:45.057562 26800 feature_extraction.cc:294]   Features:        230 (SIFT)
I20261002 19:51:45.058724 26800 feature_extraction.cc:270] Processed file [33/148]
I20261002 19:51:45.058937 26800 feature_extraction.cc:273]   Name:            000033.png
I20261002 19:51:45.059095 26800 feature_extraction.cc:282]   Dimensions:      256 x 256
I20261002 19:51:45.059243 26800 feature_extraction.cc:285]   Camera:          #1 - SIMPLE_RADIAL
I20261002 19:51:45.059389 26800 feature_extraction.cc:289]   Focal Length:    307.20px
I20261002 19:51:45.059541 26800 feature_extraction.cc:294]   Features:        223 (SIFT)
I20261002 19:51:45.061148 26800 feature_extraction.cc:270] Processed file [34/148]
I20261002 19:51:45.061376 26800 feature_extraction.cc:273]   Name:            000031.png
I20261002 19:51:45.061537 26800 feature_extraction.cc:282]   Dimensions:      256 x 256
I20261002 19:51:45.061676 26800 feature_extraction.cc:285]   Camera:          #1 - SIMPLE_RADIAL
I20261002 19:51:45.061813 26800 feature_extraction.cc:289]   Focal Length:    307.20px
I20261002 19:51:45.061966 26800 feature_extraction.cc:294]   Features:        225 (SIFT)
I20261002 19:51:45.063751 26800 feature_extraction.cc:270] Processed file [35/148]
I20261002 19:51:45.064016 26800 feature_extraction.cc:273]   Name:            000035.png
I20261002 19:51:45.064287 26800 feature_extraction.cc:282]   Dimensions:      256 x 256
I20261002 19:51:45.064470 26800 feature_extraction.cc:285]   Camera:          #1 - SIMPLE_RADIAL
I20261002 19:51:45.064624 26800 feature_extraction.cc:289]   Focal Length:    307.20px
I20261002 19:51:45.064784 26800 feature_extraction.cc:294]   Features:        230 (SIFT)
I20261002 19:51:45.067023 26800 feature_extraction.cc:270] Processed file [36/148]
I20261002 19:51:45.067276 26800 feature_extraction.cc:273]   Name:            000034.png
I20261002 19:51:45.067467 26800 feature_extraction.cc:282]   Dimensions:      256 x 256
I20261002 19:51:45.067630 26800 feature_extraction.cc:285]   Camera:          #1 - SIMPLE_RADIAL
I20261002 19:51:45.067820 26800 feature_extraction.cc:289]   Focal Length:    307.20px
I20261002 19:51:45.068016 26800 feature_extraction.cc:294]   Features:        233 (SIFT)
I20261002 19:51:45.070020 26800 feature_extraction.cc:270] Processed file [37/148]
I20261002 19:51:45.070389 26800 feature_extraction.cc:273]   Name:            000036.png
I20261002 19:51:45.070593 26800 feature_extraction.cc:282]   Dimensions:      256 x 256
I20261002 19:51:45.070768 26800 feature_extraction.cc:285]   Camera:          #1 - SIMPLE_RADIAL
I20261002 19:51:45.070945 26800 feature_extraction.cc:289]   Focal Length:    307.20px
I20261002 19:51:45.071108 26800 feature_extraction.cc:294]   Features:        232 (SIFT)
I20261002 19:51:45.073510 26800 feature_extraction.cc:270] Processed file [38/148]
I20261002 19:51:45.073784 26800 feature_extraction.cc:273]   Name:            000037.png
I20261002 19:51:45.073931 26800 feature_extraction.cc:282]   Dimensions:      256 x 256
I20261002 19:51:45.074036 26800 feature_extraction.cc:285]   Camera:          #1 - SIMPLE_RADIAL
I20261002 19:51:45.074119 26800 feature_extraction.cc:289]   Focal Length:    307.20px
I20261002 19:51:45.074198 26800 feature_extraction.cc:294]   Features:        233 (SIFT)
I20261002 19:51:45.076750 26800 feature_extraction.cc:270] Processed file [39/148]
I20261002 19:51:45.076985 26800 feature_extraction.cc:273]   Name:            000038.png
I20261002 19:51:45.077095 26800 feature_extraction.cc:282]   Dimensions:      256 x 256
I20261002 19:51:45.077172 26800 feature_extraction.cc:285]   Camera:          #1 - SIMPLE_RADIAL
I20261002 19:51:45.077245 26800 feature_extraction.cc:289]   Focal Length:    307.20px
I20261002 19:51:45.077320 26800 feature_extraction.cc:294]   Features:        220 (SIFT)
I20261002 19:51:45.079153 26800 feature_extraction.cc:270] Processed file [40/148]
I20261002 19:51:45.079437 26800 feature_extraction.cc:273]   Name:            000040.png
I20261002 19:51:45.079661 26800 feature_extraction.cc:282]   Dimensions:      256 x 256
I20261002 19:51:45.079879 26800 feature_extraction.cc:285]   Camera:          #1 - SIMPLE_RADIAL
I20261002 19:51:45.080104 26800 feature_extraction.cc:289]   Focal Length:    307.20px
I20261002 19:51:45.080322 26800 feature_extraction.cc:294]   Features:        217 (SIFT)
I20261002 19:51:45.082665 26800 feature_extraction.cc:270] Processed file [41/148]
I20261002 19:51:45.082940 26800 feature_extraction.cc:273]   Name:            000039.png
I20261002 19:51:45.083110 26800 feature_extraction.cc:282]   Dimensions:      256 x 256
I20261002 19:51:45.083263 26800 feature_extraction.cc:285]   Camera:          #1 - SIMPLE_RADIAL
I20261002 19:51:45.083417 26800 feature_extraction.cc:289]   Focal Length:    307.20px
I20261002 19:51:45.083590 26800 feature_extraction.cc:294]   Features:        242 (SIFT)
I20261002 19:51:45.084987 26800 feature_extraction.cc:270] Processed file [42/148]
I20261002 19:51:45.085343 26800 feature_extraction.cc:273]   Name:            000041.png
I20261002 19:51:45.085538 26800 feature_extraction.cc:282]   Dimensions:      256 x 256
I20261002 19:51:45.085705 26800 feature_extraction.cc:285]   Camera:          #1 - SIMPLE_RADIAL
I20261002 19:51:45.085870 26800 feature_extraction.cc:289]   Focal Length:    307.20px
I20261002 19:51:45.086068 26800 feature_extraction.cc:294]   Features:        229 (SIFT)
I20261002 19:51:45.089053 26800 feature_extraction.cc:270] Processed file [43/148]
I20261002 19:51:45.089276 26800 feature_extraction.cc:273]   Name:            000042.png
I20261002 19:51:45.089447 26800 feature_extraction.cc:282]   Dimensions:      256 x 256
I20261002 19:51:45.089610 26800 feature_extraction.cc:285]   Camera:          #1 - SIMPLE_RADIAL
I20261002 19:51:45.089798 26800 feature_extraction.cc:289]   Focal Length:    307.20px
I20261002 19:51:45.089959 26800 feature_extraction.cc:294]   Features:        213 (SIFT)
I20261002 19:51:45.092552 26800 feature_extraction.cc:270] Processed file [44/148]
I20261002 19:51:45.092833 26800 feature_extraction.cc:273]   Name:            000043.png
I20261002 19:51:45.093014 26800 feature_extraction.cc:282]   Dimensions:      256 x 256
I20261002 19:51:45.093175 26800 feature_extraction.cc:285]   Camera:          #1 - SIMPLE_RADIAL
I20261002 19:51:45.093347 26800 feature_extraction.cc:289]   Focal Length:    307.20px
I20261002 19:51:45.093511 26800 feature_extraction.cc:294]   Features:        217 (SIFT)
I20261002 19:51:45.095825 26800 feature_extraction.cc:270] Processed file [45/148]
I20261002 19:51:45.096043 26800 feature_extraction.cc:273]   Name:            000045.png
I20261002 19:51:45.096130 26800 feature_extraction.cc:282]   Dimensions:      256 x 256
I20261002 19:51:45.096201 26800 feature_extraction.cc:285]   Camera:          #1 - SIMPLE_RADIAL
I20261002 19:51:45.096269 26800 feature_extraction.cc:289]   Focal Length:    307.20px
I20261002 19:51:45.096344 26800 feature_extraction.cc:294]   Features:        218 (SIFT)
I20261002 19:51:45.098494 26800 feature_extraction.cc:270] Processed file [46/148]
I20261002 19:51:45.099427 26800 feature_extraction.cc:273]   Name:            000044.png
I20261002 19:51:45.099624 26800 feature_extraction.cc:282]   Dimensions:      256 x 256
I20261002 19:51:45.099798 26800 feature_extraction.cc:285]   Camera:          #1 - SIMPLE_RADIAL
I20261002 19:51:45.100015 26800 feature_extraction.cc:289]   Focal Length:    307.20px
I20261002 19:51:45.100181 26800 feature_extraction.cc:294]   Features:        223 (SIFT)
I20261002 19:51:45.101963 26800 feature_extraction.cc:270] Processed file [47/148]
I20261002 19:51:45.102224 26800 feature_extraction.cc:273]   Name:            000046.png
I20261002 19:51:45.102409 26800 feature_extraction.cc:282]   Dimensions:      256 x 256
I20261002 19:51:45.102570 26800 feature_extraction.cc:285]   Camera:          #1 - SIMPLE_RADIAL
I20261002 19:51:45.102739 26800 feature_extraction.cc:289]   Focal Length:    307.20px
I20261002 19:51:45.102887 26800 feature_extraction.cc:294]   Features:        207 (SIFT)
I20261002 19:51:45.105715 26800 feature_extraction.cc:270] Processed file [48/148]
I20261002 19:51:45.105953 26800 feature_extraction.cc:273]   Name:            000047.png
I20261002 19:51:45.106200 26800 feature_extraction.cc:282]   Dimensions:      256 x 256
I20261002 19:51:45.106414 26800 feature_extraction.cc:285]   Camera:          #1 - SIMPLE_RADIAL
I20261002 19:51:45.106672 26800 feature_extraction.cc:289]   Focal Length:    307.20px
I20261002 19:51:45.106860 26800 feature_extraction.cc:294]   Features:        227 (SIFT)
I20261002 19:51:45.109485 26800 feature_extraction.cc:270] Processed file [49/148]
I20261002 19:51:45.109904 26800 feature_extraction.cc:273]   Name:            000049.png
I20261002 19:51:45.110149 26800 feature_extraction.cc:282]   Dimensions:      256 x 256
I20261002 19:51:45.110344 26800 feature_extraction.cc:285]   Camera:          #1 - SIMPLE_RADIAL
I20261002 19:51:45.110509 26800 feature_extraction.cc:289]   Focal Length:    307.20px
I20261002 19:51:45.110680 26800 feature_extraction.cc:294]   Features:        215 (SIFT)
I20261002 19:51:45.113273 26800 feature_extraction.cc:270] Processed file [50/148]
I20261002 19:51:45.113494 26800 feature_extraction.cc:273]   Name:            000048.png
I20261002 19:51:45.113663 26800 feature_extraction.cc:282]   Dimensions:      256 x 256
I20261002 19:51:45.113802 26800 feature_extraction.cc:285]   Camera:          #1 - SIMPLE_RADIAL
I20261002 19:51:45.113956 26800 feature_extraction.cc:289]   Focal Length:    307.20px
I20261002 19:51:45.114090 26800 feature_extraction.cc:294]   Features:        224 (SIFT)
I20261002 19:51:45.116739 26800 feature_extraction.cc:270] Processed file [51/148]
I20261002 19:51:45.116997 26800 feature_extraction.cc:273]   Name:            000052.png
I20261002 19:51:45.117203 26800 feature_extraction.cc:282]   Dimensions:      256 x 256
I20261002 19:51:45.117422 26800 feature_extraction.cc:285]   Camera:          #1 - SIMPLE_RADIAL
I20261002 19:51:45.117726 26800 feature_extraction.cc:289]   Focal Length:    307.20px
I20261002 19:51:45.117967 26800 feature_extraction.cc:294]   Features:        221 (SIFT)
I20261002 19:51:45.120014 26800 feature_extraction.cc:270] Processed file [52/148]
I20261002 19:51:45.120285 26800 feature_extraction.cc:273]   Name:            000050.png
I20261002 19:51:45.120528 26800 feature_extraction.cc:282]   Dimensions:      256 x 256
I20261002 19:51:45.120781 26800 feature_extraction.cc:285]   Camera:          #1 - SIMPLE_RADIAL
I20261002 19:51:45.120984 26800 feature_extraction.cc:289]   Focal Length:    307.20px
I20261002 19:51:45.121155 26800 feature_extraction.cc:294]   Features:        223 (SIFT)
I20261002 19:51:45.127762 26800 feature_extraction.cc:270] Processed file [53/148]
I20261002 19:51:45.128053 26800 feature_extraction.cc:273]   Name:            000051.png
I20261002 19:51:45.128221 26800 feature_extraction.cc:282]   Dimensions:      256 x 256
I20261002 19:51:45.128365 26800 feature_extraction.cc:285]   Camera:          #1 - SIMPLE_RADIAL
I20261002 19:51:45.128518 26800 feature_extraction.cc:289]   Focal Length:    307.20px
I20261002 19:51:45.128742 26800 feature_extraction.cc:294]   Features:        217 (SIFT)
I20261002 19:51:45.130023 26800 feature_extraction.cc:270] Processed file [54/148]
I20261002 19:51:45.130186 26800 feature_extraction.cc:273]   Name:            000053.png
I20261002 19:51:45.130324 26800 feature_extraction.cc:282]   Dimensions:      256 x 256
I20261002 19:51:45.130419 26800 feature_extraction.cc:285]   Camera:          #1 - SIMPLE_RADIAL
I20261002 19:51:45.130505 26800 feature_extraction.cc:289]   Focal Length:    307.20px
I20261002 19:51:45.130713 26800 feature_extraction.cc:294]   Features:        218 (SIFT)
I20261002 19:51:45.133456 26800 feature_extraction.cc:270] Processed file [55/148]
I20261002 19:51:45.133813 26800 feature_extraction.cc:273]   Name:            000056.png
I20261002 19:51:45.134063 26800 feature_extraction.cc:282]   Dimensions:      256 x 256
I20261002 19:51:45.134310 26800 feature_extraction.cc:285]   Camera:          #1 - SIMPLE_RADIAL
I20261002 19:51:45.134519 26800 feature_extraction.cc:289]   Focal Length:    307.20px
I20261002 19:51:45.134720 26800 feature_extraction.cc:294]   Features:        221 (SIFT)
I20261002 19:51:45.135726 26800 feature_extraction.cc:270] Processed file [56/148]
I20261002 19:51:45.135955 26800 feature_extraction.cc:273]   Name:            000057.png
I20261002 19:51:45.136118 26800 feature_extraction.cc:282]   Dimensions:      256 x 256
I20261002 19:51:45.136289 26800 feature_extraction.cc:285]   Camera:          #1 - SIMPLE_RADIAL
I20261002 19:51:45.136457 26800 feature_extraction.cc:289]   Focal Length:    307.20px
I20261002 19:51:45.136640 26800 feature_extraction.cc:294]   Features:        226 (SIFT)
I20261002 19:51:45.138954 26800 feature_extraction.cc:270] Processed file [57/148]
I20261002 19:51:45.139241 26800 feature_extraction.cc:273]   Name:            000054.png
I20261002 19:51:45.139442 26800 feature_extraction.cc:282]   Dimensions:      256 x 256
I20261002 19:51:45.139625 26800 feature_extraction.cc:285]   Camera:          #1 - SIMPLE_RADIAL
I20261002 19:51:45.139784 26800 feature_extraction.cc:289]   Focal Length:    307.20px
I20261002 19:51:45.139978 26800 feature_extraction.cc:294]   Features:        230 (SIFT)
I20261002 19:51:45.142386 26800 feature_extraction.cc:270] Processed file [58/148]
I20261002 19:51:45.142645 26800 feature_extraction.cc:273]   Name:            000055.png
I20261002 19:51:45.142800 26800 feature_extraction.cc:282]   Dimensions:      256 x 256
I20261002 19:51:45.142888 26800 feature_extraction.cc:285]   Camera:          #1 - SIMPLE_RADIAL
I20261002 19:51:45.142967 26800 feature_extraction.cc:289]   Focal Length:    307.20px
I20261002 19:51:45.143046 26800 feature_extraction.cc:294]   Features:        233 (SIFT)
I20261002 19:51:45.144646 26800 feature_extraction.cc:270] Processed file [59/148]
I20261002 19:51:45.144856 26800 feature_extraction.cc:273]   Name:            000058.png
I20261002 19:51:45.144949 26800 feature_extraction.cc:282]   Dimensions:      256 x 256
I20261002 19:51:45.145023 26800 feature_extraction.cc:285]   Camera:          #1 - SIMPLE_RADIAL
I20261002 19:51:45.145094 26800 feature_extraction.cc:289]   Focal Length:    307.20px
I20261002 19:51:45.145168 26800 feature_extraction.cc:294]   Features:        209 (SIFT)
I20261002 19:51:45.146883 26800 feature_extraction.cc:270] Processed file [60/148]
I20261002 19:51:45.147223 26800 feature_extraction.cc:273]   Name:            000059.png
I20261002 19:51:45.147480 26800 feature_extraction.cc:282]   Dimensions:      256 x 256
I20261002 19:51:45.147647 26800 feature_extraction.cc:285]   Camera:          #1 - SIMPLE_RADIAL
I20261002 19:51:45.147735 26800 feature_extraction.cc:289]   Focal Length:    307.20px
I20261002 19:51:45.147816 26800 feature_extraction.cc:294]   Features:        209 (SIFT)
I20261002 19:51:45.149388 26800 feature_extraction.cc:270] Processed file [61/148]
I20261002 19:51:45.149612 26800 feature_extraction.cc:273]   Name:            000061.png
I20261002 19:51:45.149816 26800 feature_extraction.cc:282]   Dimensions:      256 x 256
I20261002 19:51:45.150024 26800 feature_extraction.cc:285]   Camera:          #1 - SIMPLE_RADIAL
I20261002 19:51:45.150205 26800 feature_extraction.cc:289]   Focal Length:    307.20px
I20261002 19:51:45.150407 26800 feature_extraction.cc:294]   Features:        212 (SIFT)
I20261002 19:51:45.152481 26800 feature_extraction.cc:270] Processed file [62/148]
I20261002 19:51:45.152831 26800 feature_extraction.cc:273]   Name:            000060.png
I20261002 19:51:45.153022 26800 feature_extraction.cc:282]   Dimensions:      256 x 256
I20261002 19:51:45.153198 26800 feature_extraction.cc:285]   Camera:          #1 - SIMPLE_RADIAL
I20261002 19:51:45.153377 26800 feature_extraction.cc:289]   Focal Length:    307.20px
I20261002 19:51:45.153547 26800 feature_extraction.cc:294]   Features:        223 (SIFT)
I20261002 19:51:45.154820 26800 feature_extraction.cc:270] Processed file [63/148]
I20261002 19:51:45.155075 26800 feature_extraction.cc:273]   Name:            000062.png
I20261002 19:51:45.155267 26800 feature_extraction.cc:282]   Dimensions:      256 x 256
I20261002 19:51:45.155443 26800 feature_extraction.cc:285]   Camera:          #1 - SIMPLE_RADIAL
I20261002 19:51:45.155599 26800 feature_extraction.cc:289]   Focal Length:    307.20px
I20261002 19:51:45.155754 26800 feature_extraction.cc:294]   Features:        216 (SIFT)
I20261002 19:51:45.158431 26800 feature_extraction.cc:270] Processed file [64/148]
I20261002 19:51:45.158765 26800 feature_extraction.cc:273]   Name:            000063.png
I20261002 19:51:45.159008 26800 feature_extraction.cc:282]   Dimensions:      256 x 256
I20261002 19:51:45.159243 26800 feature_extraction.cc:285]   Camera:          #1 - SIMPLE_RADIAL
I20261002 19:51:45.159423 26800 feature_extraction.cc:289]   Focal Length:    307.20px
I20261002 19:51:45.159572 26800 feature_extraction.cc:294]   Features:        215 (SIFT)
I20261002 19:51:45.161845 26800 feature_extraction.cc:270] Processed file [65/148]
I20261002 19:51:45.162161 26800 feature_extraction.cc:273]   Name:            000065.png
I20261002 19:51:45.162277 26800 feature_extraction.cc:282]   Dimensions:      256 x 256
I20261002 19:51:45.162356 26800 feature_extraction.cc:285]   Camera:          #1 - SIMPLE_RADIAL
I20261002 19:51:45.162437 26800 feature_extraction.cc:289]   Focal Length:    307.20px
I20261002 19:51:45.162513 26800 feature_extraction.cc:294]   Features:        201 (SIFT)
I20261002 19:51:45.164435 26800 feature_extraction.cc:270] Processed file [66/148]
I20261002 19:51:45.164752 26800 feature_extraction.cc:273]   Name:            000066.png
I20261002 19:51:45.164927 26800 feature_extraction.cc:282]   Dimensions:      256 x 256
I20261002 19:51:45.165057 26800 feature_extraction.cc:285]   Camera:          #1 - SIMPLE_RADIAL
I20261002 19:51:45.165301 26800 feature_extraction.cc:289]   Focal Length:    307.20px
I20261002 19:51:45.165445 26800 feature_extraction.cc:294]   Features:        224 (SIFT)
I20261002 19:51:45.167994 26800 feature_extraction.cc:270] Processed file [67/148]
I20261002 19:51:45.168288 26800 feature_extraction.cc:273]   Name:            000064.png
I20261002 19:51:45.168460 26800 feature_extraction.cc:282]   Dimensions:      256 x 256
I20261002 19:51:45.168612 26800 feature_extraction.cc:285]   Camera:          #1 - SIMPLE_RADIAL
I20261002 19:51:45.168757 26800 feature_extraction.cc:289]   Focal Length:    307.20px
I20261002 19:51:45.168930 26800 feature_extraction.cc:294]   Features:        216 (SIFT)
I20261002 19:51:45.171428 26800 feature_extraction.cc:270] Processed file [68/148]
I20261002 19:51:45.171755 26800 feature_extraction.cc:273]   Name:            000067.png
I20261002 19:51:45.171950 26800 feature_extraction.cc:282]   Dimensions:      256 x 256
I20261002 19:51:45.172127 26800 feature_extraction.cc:285]   Camera:          #1 - SIMPLE_RADIAL
I20261002 19:51:45.172330 26800 feature_extraction.cc:289]   Focal Length:    307.20px
I20261002 19:51:45.172507 26800 feature_extraction.cc:294]   Features:        214 (SIFT)
I20261002 19:51:45.174593 26800 feature_extraction.cc:270] Processed file [69/148]
I20261002 19:51:45.174891 26800 feature_extraction.cc:273]   Name:            000068.png
I20261002 19:51:45.175095 26800 feature_extraction.cc:282]   Dimensions:      256 x 256
I20261002 19:51:45.175278 26800 feature_extraction.cc:285]   Camera:          #1 - SIMPLE_RADIAL
I20261002 19:51:45.175463 26800 feature_extraction.cc:289]   Focal Length:    307.20px
I20261002 19:51:45.175636 26800 feature_extraction.cc:294]   Features:        216 (SIFT)
I20261002 19:51:45.177846 26800 feature_extraction.cc:270] Processed file [70/148]
I20261002 19:51:45.178070 26800 feature_extraction.cc:273]   Name:            000069.png
I20261002 19:51:45.178157 26800 feature_extraction.cc:282]   Dimensions:      256 x 256
I20261002 19:51:45.178224 26800 feature_extraction.cc:285]   Camera:          #1 - SIMPLE_RADIAL
I20261002 19:51:45.178288 26800 feature_extraction.cc:289]   Focal Length:    307.20px
I20261002 19:51:45.178356 26800 feature_extraction.cc:294]   Features:        225 (SIFT)
I20261002 19:51:45.181318 26800 feature_extraction.cc:270] Processed file [71/148]
I20261002 19:51:45.181617 26800 feature_extraction.cc:273]   Name:            000071.png
I20261002 19:51:45.181849 26800 feature_extraction.cc:282]   Dimensions:      256 x 256
I20261002 19:51:45.182044 26800 feature_extraction.cc:285]   Camera:          #1 - SIMPLE_RADIAL
I20261002 19:51:45.182247 26800 feature_extraction.cc:289]   Focal Length:    307.20px
I20261002 19:51:45.182433 26800 feature_extraction.cc:294]   Features:        213 (SIFT)
I20261002 19:51:45.183518 26800 feature_extraction.cc:270] Processed file [72/148]
I20261002 19:51:45.183749 26800 feature_extraction.cc:273]   Name:            000070.png
I20261002 19:51:45.183945 26800 feature_extraction.cc:282]   Dimensions:      256 x 256
I20261002 19:51:45.184125 26800 feature_extraction.cc:285]   Camera:          #1 - SIMPLE_RADIAL
I20261002 19:51:45.184309 26800 feature_extraction.cc:289]   Focal Length:    307.20px
I20261002 19:51:45.184484 26800 feature_extraction.cc:294]   Features:        205 (SIFT)
I20261002 19:51:45.186625 26800 feature_extraction.cc:270] Processed file [73/148]
I20261002 19:51:45.186916 26800 feature_extraction.cc:273]   Name:            000072.png
I20261002 19:51:45.187137 26800 feature_extraction.cc:282]   Dimensions:      256 x 256
I20261002 19:51:45.187314 26800 feature_extraction.cc:285]   Camera:          #1 - SIMPLE_RADIAL
I20261002 19:51:45.187476 26800 feature_extraction.cc:289]   Focal Length:    307.20px
I20261002 19:51:45.187636 26800 feature_extraction.cc:294]   Features:        217 (SIFT)
I20261002 19:51:45.189850 26800 feature_extraction.cc:270] Processed file [74/148]
I20261002 19:51:45.190130 26800 feature_extraction.cc:273]   Name:            000074.png
I20261002 19:51:45.190393 26800 feature_extraction.cc:282]   Dimensions:      256 x 256
I20261002 19:51:45.190529 26800 feature_extraction.cc:285]   Camera:          #1 - SIMPLE_RADIAL
I20261002 19:51:45.190647 26800 feature_extraction.cc:289]   Focal Length:    307.20px
I20261002 19:51:45.190765 26800 feature_extraction.cc:294]   Features:        215 (SIFT)
I20261002 19:51:45.193174 26800 feature_extraction.cc:270] Processed file [75/148]
I20261002 19:51:45.193438 26800 feature_extraction.cc:273]   Name:            000073.png
I20261002 19:51:45.193624 26800 feature_extraction.cc:282]   Dimensions:      256 x 256
I20261002 19:51:45.193767 26800 feature_extraction.cc:285]   Camera:          #1 - SIMPLE_RADIAL
I20261002 19:51:45.193896 26800 feature_extraction.cc:289]   Focal Length:    307.20px
I20261002 19:51:45.194043 26800 feature_extraction.cc:294]   Features:        218 (SIFT)
I20261002 19:51:45.196501 26800 feature_extraction.cc:270] Processed file [76/148]
I20261002 19:51:45.196800 26800 feature_extraction.cc:273]   Name:            000076.png
I20261002 19:51:45.196985 26800 feature_extraction.cc:282]   Dimensions:      256 x 256
I20261002 19:51:45.197145 26800 feature_extraction.cc:285]   Camera:          #1 - SIMPLE_RADIAL
I20261002 19:51:45.197290 26800 feature_extraction.cc:289]   Focal Length:    307.20px
I20261002 19:51:45.197485 26800 feature_extraction.cc:294]   Features:        226 (SIFT)
I20261002 19:51:45.199763 26800 feature_extraction.cc:270] Processed file [77/148]
I20261002 19:51:45.200067 26800 feature_extraction.cc:273]   Name:            000075.png
I20261002 19:51:45.200235 26800 feature_extraction.cc:282]   Dimensions:      256 x 256
I20261002 19:51:45.200424 26800 feature_extraction.cc:285]   Camera:          #1 - SIMPLE_RADIAL
I20261002 19:51:45.200658 26800 feature_extraction.cc:289]   Focal Length:    307.20px
I20261002 19:51:45.200826 26800 feature_extraction.cc:294]   Features:        219 (SIFT)
I20261002 19:51:45.203622 26800 feature_extraction.cc:270] Processed file [78/148]
I20261002 19:51:45.203885 26800 feature_extraction.cc:273]   Name:            000079.png
I20261002 19:51:45.204041 26800 feature_extraction.cc:282]   Dimensions:      256 x 256
I20261002 19:51:45.204267 26800 feature_extraction.cc:285]   Camera:          #1 - SIMPLE_RADIAL
I20261002 19:51:45.204422 26800 feature_extraction.cc:289]   Focal Length:    307.20px
I20261002 19:51:45.204585 26800 feature_extraction.cc:294]   Features:        210 (SIFT)
I20261002 19:51:45.206865 26800 feature_extraction.cc:270] Processed file [79/148]
I20261002 19:51:45.207162 26800 feature_extraction.cc:273]   Name:            000080.png
I20261002 19:51:45.207347 26800 feature_extraction.cc:282]   Dimensions:      256 x 256
I20261002 19:51:45.207517 26800 feature_extraction.cc:285]   Camera:          #1 - SIMPLE_RADIAL
I20261002 19:51:45.207671 26800 feature_extraction.cc:289]   Focal Length:    307.20px
I20261002 19:51:45.207824 26800 feature_extraction.cc:294]   Features:        204 (SIFT)
I20261002 19:51:45.210069 26800 feature_extraction.cc:270] Processed file [80/148]
I20261002 19:51:45.210386 26800 feature_extraction.cc:273]   Name:            000078.png
I20261002 19:51:45.210627 26800 feature_extraction.cc:282]   Dimensions:      256 x 256
I20261002 19:51:45.210846 26800 feature_extraction.cc:285]   Camera:          #1 - SIMPLE_RADIAL
I20261002 19:51:45.210956 26800 feature_extraction.cc:289]   Focal Length:    307.20px
I20261002 19:51:45.211037 26800 feature_extraction.cc:294]   Features:        210 (SIFT)
I20261002 19:51:45.213937 26800 feature_extraction.cc:270] Processed file [81/148]
I20261002 19:51:45.214273 26800 feature_extraction.cc:273]   Name:            000077.png
I20261002 19:51:45.214469 26800 feature_extraction.cc:282]   Dimensions:      256 x 256
I20261002 19:51:45.214651 26800 feature_extraction.cc:285]   Camera:          #1 - SIMPLE_RADIAL
I20261002 19:51:45.214828 26800 feature_extraction.cc:289]   Focal Length:    307.20px
I20261002 19:51:45.215013 26800 feature_extraction.cc:294]   Features:        209 (SIFT)
I20261002 19:51:45.216254 26800 feature_extraction.cc:270] Processed file [82/148]
I20261002 19:51:45.216471 26800 feature_extraction.cc:273]   Name:            000081.png
I20261002 19:51:45.216646 26800 feature_extraction.cc:282]   Dimensions:      256 x 256
I20261002 19:51:45.216811 26800 feature_extraction.cc:285]   Camera:          #1 - SIMPLE_RADIAL
I20261002 19:51:45.216963 26800 feature_extraction.cc:289]   Focal Length:    307.20px
I20261002 19:51:45.217117 26800 feature_extraction.cc:294]   Features:        211 (SIFT)
I20261002 19:51:45.219535 26800 feature_extraction.cc:270] Processed file [83/148]
I20261002 19:51:45.219815 26800 feature_extraction.cc:273]   Name:            000082.png
I20261002 19:51:45.220021 26800 feature_extraction.cc:282]   Dimensions:      256 x 256
I20261002 19:51:45.220208 26800 feature_extraction.cc:285]   Camera:          #1 - SIMPLE_RADIAL
I20261002 19:51:45.220390 26800 feature_extraction.cc:289]   Focal Length:    307.20px
I20261002 19:51:45.220575 26800 feature_extraction.cc:294]   Features:        231 (SIFT)
I20261002 19:51:45.222862 26800 feature_extraction.cc:270] Processed file [84/148]
I20261002 19:51:45.223163 26800 feature_extraction.cc:273]   Name:            000084.png
I20261002 19:51:45.223339 26800 feature_extraction.cc:282]   Dimensions:      256 x 256
I20261002 19:51:45.223509 26800 feature_extraction.cc:285]   Camera:          #1 - SIMPLE_RADIAL
I20261002 19:51:45.223660 26800 feature_extraction.cc:289]   Focal Length:    307.20px
I20261002 19:51:45.223813 26800 feature_extraction.cc:294]   Features:        196 (SIFT)
I20261002 19:51:45.226224 26800 feature_extraction.cc:270] Processed file [85/148]
I20261002 19:51:45.226525 26800 feature_extraction.cc:273]   Name:            000086.png
I20261002 19:51:45.226699 26800 feature_extraction.cc:282]   Dimensions:      256 x 256
I20261002 19:51:45.226925 26800 feature_extraction.cc:285]   Camera:          #1 - SIMPLE_RADIAL
I20261002 19:51:45.227084 26800 feature_extraction.cc:289]   Focal Length:    307.20px
I20261002 19:51:45.227258 26800 feature_extraction.cc:294]   Features:        201 (SIFT)
I20261002 19:51:45.229467 26800 feature_extraction.cc:270] Processed file [86/148]
I20261002 19:51:45.229759 26800 feature_extraction.cc:273]   Name:            000083.png
I20261002 19:51:45.229952 26800 feature_extraction.cc:282]   Dimensions:      256 x 256
I20261002 19:51:45.230124 26800 feature_extraction.cc:285]   Camera:          #1 - SIMPLE_RADIAL
I20261002 19:51:45.230292 26800 feature_extraction.cc:289]   Focal Length:    307.20px
I20261002 19:51:45.230488 26800 feature_extraction.cc:294]   Features:        208 (SIFT)
I20261002 19:51:45.231890 26800 feature_extraction.cc:270] Processed file [87/148]
I20261002 19:51:45.232215 26800 feature_extraction.cc:273]   Name:            000085.png
I20261002 19:51:45.232406 26800 feature_extraction.cc:282]   Dimensions:      256 x 256
I20261002 19:51:45.232632 26800 feature_extraction.cc:285]   Camera:          #1 - SIMPLE_RADIAL
I20261002 19:51:45.232864 26800 feature_extraction.cc:289]   Focal Length:    307.20px
I20261002 19:51:45.233063 26800 feature_extraction.cc:294]   Features:        207 (SIFT)
I20261002 19:51:45.235248 26800 feature_extraction.cc:270] Processed file [88/148]
I20261002 19:51:45.235433 26800 feature_extraction.cc:273]   Name:            000088.png
I20261002 19:51:45.235518 26800 feature_extraction.cc:282]   Dimensions:      256 x 256
I20261002 19:51:45.235601 26800 feature_extraction.cc:285]   Camera:          #1 - SIMPLE_RADIAL
I20261002 19:51:45.235678 26800 feature_extraction.cc:289]   Focal Length:    307.20px
I20261002 19:51:45.235750 26800 feature_extraction.cc:294]   Features:        203 (SIFT)
I20261002 19:51:45.238426 26800 feature_extraction.cc:270] Processed file [89/148]
I20261002 19:51:45.238666 26800 feature_extraction.cc:273]   Name:            000087.png
I20261002 19:51:45.238761 26800 feature_extraction.cc:282]   Dimensions:      256 x 256
I20261002 19:51:45.238837 26800 feature_extraction.cc:285]   Camera:          #1 - SIMPLE_RADIAL
I20261002 19:51:45.239004 26800 feature_extraction.cc:289]   Focal Length:    307.20px
I20261002 19:51:45.239085 26800 feature_extraction.cc:294]   Features:        211 (SIFT)
I20261002 19:51:45.240844 26800 feature_extraction.cc:270] Processed file [90/148]
I20261002 19:51:45.240994 26800 feature_extraction.cc:273]   Name:            000089.png
I20261002 19:51:45.241070 26800 feature_extraction.cc:282]   Dimensions:      256 x 256
I20261002 19:51:45.241143 26800 feature_extraction.cc:285]   Camera:          #1 - SIMPLE_RADIAL
I20261002 19:51:45.241221 26800 feature_extraction.cc:289]   Focal Length:    307.20px
I20261002 19:51:45.241298 26800 feature_extraction.cc:294]   Features:        207 (SIFT)
I20261002 19:51:45.243985 26800 feature_extraction.cc:270] Processed file [91/148]
I20261002 19:51:45.244231 26800 feature_extraction.cc:273]   Name:            000091.png
I20261002 19:51:45.244437 26800 feature_extraction.cc:282]   Dimensions:      256 x 256
I20261002 19:51:45.244657 26800 feature_extraction.cc:285]   Camera:          #1 - SIMPLE_RADIAL
I20261002 19:51:45.244851 26800 feature_extraction.cc:289]   Focal Length:    307.20px
I20261002 19:51:45.245034 26800 feature_extraction.cc:294]   Features:        201 (SIFT)
I20261002 19:51:45.247578 26800 feature_extraction.cc:270] Processed file [92/148]
I20261002 19:51:45.247964 26800 feature_extraction.cc:273]   Name:            000092.png
I20261002 19:51:45.248250 26800 feature_extraction.cc:282]   Dimensions:      256 x 256
I20261002 19:51:45.248449 26800 feature_extraction.cc:285]   Camera:          #1 - SIMPLE_RADIAL
I20261002 19:51:45.248630 26800 feature_extraction.cc:289]   Focal Length:    307.20px
I20261002 19:51:45.248804 26800 feature_extraction.cc:294]   Features:        193 (SIFT)
I20261002 19:51:45.250793 26800 feature_extraction.cc:270] Processed file [93/148]
I20261002 19:51:45.251102 26800 feature_extraction.cc:273]   Name:            000090.png
I20261002 19:51:45.251302 26800 feature_extraction.cc:282]   Dimensions:      256 x 256
I20261002 19:51:45.251485 26800 feature_extraction.cc:285]   Camera:          #1 - SIMPLE_RADIAL
I20261002 19:51:45.251672 26800 feature_extraction.cc:289]   Focal Length:    307.20px
I20261002 19:51:45.251858 26800 feature_extraction.cc:294]   Features:        214 (SIFT)
I20261002 19:51:45.253160 26800 feature_extraction.cc:270] Processed file [94/148]
I20261002 19:51:45.253326 26800 feature_extraction.cc:273]   Name:            000093.png
I20261002 19:51:45.253519 26800 feature_extraction.cc:282]   Dimensions:      256 x 256
I20261002 19:51:45.253699 26800 feature_extraction.cc:285]   Camera:          #1 - SIMPLE_RADIAL
I20261002 19:51:45.253864 26800 feature_extraction.cc:289]   Focal Length:    307.20px
I20261002 19:51:45.254031 26800 feature_extraction.cc:294]   Features:        212 (SIFT)
I20261002 19:51:45.256621 26800 feature_extraction.cc:270] Processed file [95/148]
I20261002 19:51:45.256947 26800 feature_extraction.cc:273]   Name:            000094.png
I20261002 19:51:45.257150 26800 feature_extraction.cc:282]   Dimensions:      256 x 256
I20261002 19:51:45.257336 26800 feature_extraction.cc:285]   Camera:          #1 - SIMPLE_RADIAL
I20261002 19:51:45.257521 26800 feature_extraction.cc:289]   Focal Length:    307.20px
I20261002 19:51:45.257720 26800 feature_extraction.cc:294]   Features:        205 (SIFT)
I20261002 19:51:45.259879 26800 feature_extraction.cc:270] Processed file [96/148]
I20261002 19:51:45.260147 26800 feature_extraction.cc:273]   Name:            000096.png
I20261002 19:51:45.260270 26800 feature_extraction.cc:282]   Dimensions:      256 x 256
I20261002 19:51:45.260360 26800 feature_extraction.cc:285]   Camera:          #1 - SIMPLE_RADIAL
I20261002 19:51:45.260445 26800 feature_extraction.cc:289]   Focal Length:    307.20px
I20261002 19:51:45.260526 26800 feature_extraction.cc:294]   Features:        208 (SIFT)
I20261002 19:51:45.262169 26800 feature_extraction.cc:270] Processed file [97/148]
I20261002 19:51:45.262349 26800 feature_extraction.cc:273]   Name:            000095.png
I20261002 19:51:45.262434 26800 feature_extraction.cc:282]   Dimensions:      256 x 256
I20261002 19:51:45.262531 26800 feature_extraction.cc:285]   Camera:          #1 - SIMPLE_RADIAL
I20261002 19:51:45.262603 26800 feature_extraction.cc:289]   Focal Length:    307.20px
I20261002 19:51:45.262675 26800 feature_extraction.cc:294]   Features:        196 (SIFT)
I20261002 19:51:45.264280 26800 feature_extraction.cc:270] Processed file [98/148]
I20261002 19:51:45.264540 26800 feature_extraction.cc:273]   Name:            000098.png
I20261002 19:51:45.264640 26800 feature_extraction.cc:282]   Dimensions:      256 x 256
I20261002 19:51:45.264711 26800 feature_extraction.cc:285]   Camera:          #1 - SIMPLE_RADIAL
I20261002 19:51:45.264777 26800 feature_extraction.cc:289]   Focal Length:    307.20px
I20261002 19:51:45.264858 26800 feature_extraction.cc:294]   Features:        208 (SIFT)
I20261002 19:51:45.266413 26800 feature_extraction.cc:270] Processed file [99/148]
I20261002 19:51:45.266618 26800 feature_extraction.cc:273]   Name:            000097.png
I20261002 19:51:45.266697 26800 feature_extraction.cc:282]   Dimensions:      256 x 256
I20261002 19:51:45.266768 26800 feature_extraction.cc:285]   Camera:          #1 - SIMPLE_RADIAL
I20261002 19:51:45.266837 26800 feature_extraction.cc:289]   Focal Length:    307.20px
I20261002 19:51:45.266912 26800 feature_extraction.cc:294]   Features:        196 (SIFT)
I20261002 19:51:45.268975 26800 feature_extraction.cc:270] Processed file [100/148]
I20261002 19:51:45.269343 26800 feature_extraction.cc:273]   Name:            000100.png
I20261002 19:51:45.269600 26800 feature_extraction.cc:282]   Dimensions:      256 x 256
I20261002 19:51:45.269838 26800 feature_extraction.cc:285]   Camera:          #1 - SIMPLE_RADIAL
I20261002 19:51:45.270016 26800 feature_extraction.cc:289]   Focal Length:    307.20px
I20261002 19:51:45.270174 26800 feature_extraction.cc:294]   Features:        201 (SIFT)
I20261002 19:51:45.272254 26800 feature_extraction.cc:270] Processed file [101/148]
I20261002 19:51:45.272565 26800 feature_extraction.cc:273]   Name:            000101.png
I20261002 19:51:45.272813 26800 feature_extraction.cc:282]   Dimensions:      256 x 256
I20261002 19:51:45.273041 26800 feature_extraction.cc:285]   Camera:          #1 - SIMPLE_RADIAL
I20261002 19:51:45.273229 26800 feature_extraction.cc:289]   Focal Length:    307.20px
I20261002 19:51:45.273440 26800 feature_extraction.cc:294]   Features:        178 (SIFT)
I20261002 19:51:45.274422 26800 feature_extraction.cc:270] Processed file [102/148]
I20261002 19:51:45.274650 26800 feature_extraction.cc:273]   Name:            000099.png
I20261002 19:51:45.274808 26800 feature_extraction.cc:282]   Dimensions:      256 x 256
I20261002 19:51:45.274960 26800 feature_extraction.cc:285]   Camera:          #1 - SIMPLE_RADIAL
I20261002 19:51:45.275113 26800 feature_extraction.cc:289]   Focal Length:    307.20px
I20261002 19:51:45.275272 26800 feature_extraction.cc:294]   Features:        197 (SIFT)
I20261002 19:51:45.276534 26800 feature_extraction.cc:270] Processed file [103/148]
I20261002 19:51:45.276770 26800 feature_extraction.cc:273]   Name:            000102.png
I20261002 19:51:45.276938 26800 feature_extraction.cc:282]   Dimensions:      256 x 256
I20261002 19:51:45.277051 26800 feature_extraction.cc:285]   Camera:          #1 - SIMPLE_RADIAL
I20261002 19:51:45.277143 26800 feature_extraction.cc:289]   Focal Length:    307.20px
I20261002 19:51:45.277222 26800 feature_extraction.cc:294]   Features:        183 (SIFT)
I20261002 19:51:45.278695 26800 feature_extraction.cc:270] Processed file [104/148]
I20261002 19:51:45.278937 26800 feature_extraction.cc:273]   Name:            000104.png
I20261002 19:51:45.279045 26800 feature_extraction.cc:282]   Dimensions:      256 x 256
I20261002 19:51:45.279123 26800 feature_extraction.cc:285]   Camera:          #1 - SIMPLE_RADIAL
I20261002 19:51:45.279200 26800 feature_extraction.cc:289]   Focal Length:    307.20px
I20261002 19:51:45.279378 26800 feature_extraction.cc:294]   Features:        175 (SIFT)
I20261002 19:51:45.280963 26800 feature_extraction.cc:270] Processed file [105/148]
I20261002 19:51:45.281286 26800 feature_extraction.cc:273]   Name:            000105.png
I20261002 19:51:45.281485 26800 feature_extraction.cc:282]   Dimensions:      256 x 256
I20261002 19:51:45.281663 26800 feature_extraction.cc:285]   Camera:          #1 - SIMPLE_RADIAL
I20261002 19:51:45.281846 26800 feature_extraction.cc:289]   Focal Length:    307.20px
I20261002 19:51:45.282031 26800 feature_extraction.cc:294]   Features:        170 (SIFT)
I20261002 19:51:45.282466 26800 feature_extraction.cc:270] Processed file [106/148]
I20261002 19:51:45.282670 26800 feature_extraction.cc:273]   Name:            000103.png
I20261002 19:51:45.282847 26800 feature_extraction.cc:282]   Dimensions:      256 x 256
I20261002 19:51:45.283034 26800 feature_extraction.cc:285]   Camera:          #1 - SIMPLE_RADIAL
I20261002 19:51:45.283207 26800 feature_extraction.cc:289]   Focal Length:    307.20px
I20261002 19:51:45.283374 26800 feature_extraction.cc:294]   Features:        172 (SIFT)
I20261002 19:51:45.283780 26800 feature_extraction.cc:270] Processed file [107/148]
I20261002 19:51:45.283973 26800 feature_extraction.cc:273]   Name:            000107.png
I20261002 19:51:45.284173 26800 feature_extraction.cc:282]   Dimensions:      256 x 256
I20261002 19:51:45.284336 26800 feature_extraction.cc:285]   Camera:          #1 - SIMPLE_RADIAL
I20261002 19:51:45.284507 26800 feature_extraction.cc:289]   Focal Length:    307.20px
I20261002 19:51:45.284683 26800 feature_extraction.cc:294]   Features:        151 (SIFT)
I20261002 19:51:45.285082 26800 feature_extraction.cc:270] Processed file [108/148]
I20261002 19:51:45.285263 26800 feature_extraction.cc:273]   Name:            000106.png
I20261002 19:51:45.285467 26800 feature_extraction.cc:282]   Dimensions:      256 x 256
I20261002 19:51:45.285630 26800 feature_extraction.cc:285]   Camera:          #1 - SIMPLE_RADIAL
I20261002 19:51:45.285828 26800 feature_extraction.cc:289]   Focal Length:    307.20px
I20261002 19:51:45.286006 26800 feature_extraction.cc:294]   Features:        140 (SIFT)
I20261002 19:51:45.291247 26800 feature_extraction.cc:270] Processed file [109/148]
I20261002 19:51:45.291589 26800 feature_extraction.cc:273]   Name:            000108.png
I20261002 19:51:45.291780 26800 feature_extraction.cc:282]   Dimensions:      256 x 256
I20261002 19:51:45.291953 26800 feature_extraction.cc:285]   Camera:          #1 - SIMPLE_RADIAL
I20261002 19:51:45.292156 26800 feature_extraction.cc:289]   Focal Length:    307.20px
I20261002 19:51:45.292324 26800 feature_extraction.cc:294]   Features:        135 (SIFT)
I20261002 19:51:45.292831 26800 feature_extraction.cc:270] Processed file [110/148]
I20261002 19:51:45.293071 26800 feature_extraction.cc:273]   Name:            000110.png
I20261002 19:51:45.293349 26800 feature_extraction.cc:282]   Dimensions:      256 x 256
I20261002 19:51:45.293545 26800 feature_extraction.cc:285]   Camera:          #1 - SIMPLE_RADIAL
I20261002 19:51:45.293717 26800 feature_extraction.cc:289]   Focal Length:    307.20px
I20261002 19:51:45.293868 26800 feature_extraction.cc:294]   Features:        156 (SIFT)
I20261002 19:51:45.294368 26800 feature_extraction.cc:270] Processed file [111/148]
I20261002 19:51:45.294573 26800 feature_extraction.cc:273]   Name:            000109.png
I20261002 19:51:45.294807 26800 feature_extraction.cc:282]   Dimensions:      256 x 256
I20261002 19:51:45.295001 26800 feature_extraction.cc:285]   Camera:          #1 - SIMPLE_RADIAL
I20261002 19:51:45.295189 26800 feature_extraction.cc:289]   Focal Length:    307.20px
I20261002 19:51:45.295391 26800 feature_extraction.cc:294]   Features:        149 (SIFT)
I20261002 19:51:45.295845 26800 feature_extraction.cc:270] Processed file [112/148]
I20261002 19:51:45.296061 26800 feature_extraction.cc:273]   Name:            000114.png
I20261002 19:51:45.296197 26800 feature_extraction.cc:282]   Dimensions:      256 x 256
I20261002 19:51:45.296310 26800 feature_extraction.cc:285]   Camera:          #1 - SIMPLE_RADIAL
I20261002 19:51:45.296432 26800 feature_extraction.cc:289]   Focal Length:    307.20px
I20261002 19:51:45.296612 26800 feature_extraction.cc:294]   Features:        163 (SIFT)
I20261002 19:51:45.297019 26800 feature_extraction.cc:270] Processed file [113/148]
I20261002 19:51:45.297223 26800 feature_extraction.cc:273]   Name:            000111.png
I20261002 19:51:45.297381 26800 feature_extraction.cc:282]   Dimensions:      256 x 256
I20261002 19:51:45.297577 26800 feature_extraction.cc:285]   Camera:          #1 - SIMPLE_RADIAL
I20261002 19:51:45.297782 26800 feature_extraction.cc:289]   Focal Length:    307.20px
I20261002 19:51:45.297961 26800 feature_extraction.cc:294]   Features:        150 (SIFT)
I20261002 19:51:45.300941 26800 feature_extraction.cc:270] Processed file [114/148]
I20261002 19:51:45.301270 26800 feature_extraction.cc:273]   Name:            000112.png
I20261002 19:51:45.301439 26800 feature_extraction.cc:282]   Dimensions:      256 x 256
I20261002 19:51:45.301588 26800 feature_extraction.cc:285]   Camera:          #1 - SIMPLE_RADIAL
I20261002 19:51:45.301725 26800 feature_extraction.cc:289]   Focal Length:    307.20px
I20261002 19:51:45.301860 26800 feature_extraction.cc:294]   Features:        162 (SIFT)
I20261002 19:51:45.303228 26800 feature_extraction.cc:270] Processed file [115/148]
I20261002 19:51:45.303587 26800 feature_extraction.cc:273]   Name:            000113.png
I20261002 19:51:45.303831 26800 feature_extraction.cc:282]   Dimensions:      256 x 256
I20261002 19:51:45.303991 26800 feature_extraction.cc:285]   Camera:          #1 - SIMPLE_RADIAL
I20261002 19:51:45.304180 26800 feature_extraction.cc:289]   Focal Length:    307.20px
I20261002 19:51:45.304364 26800 feature_extraction.cc:294]   Features:        157 (SIFT)
I20261002 19:51:45.305817 26800 feature_extraction.cc:270] Processed file [116/148]
I20261002 19:51:45.306036 26800 feature_extraction.cc:273]   Name:            000115.png
I20261002 19:51:45.306169 26800 feature_extraction.cc:282]   Dimensions:      256 x 256
I20261002 19:51:45.306277 26800 feature_extraction.cc:285]   Camera:          #1 - SIMPLE_RADIAL
I20261002 19:51:45.306381 26800 feature_extraction.cc:289]   Focal Length:    307.20px
I20261002 19:51:45.306484 26800 feature_extraction.cc:294]   Features:        165 (SIFT)
I20261002 19:51:45.309866 26800 feature_extraction.cc:270] Processed file [117/148]
I20261002 19:51:45.310232 26800 feature_extraction.cc:273]   Name:            000116.png
I20261002 19:51:45.310400 26800 feature_extraction.cc:282]   Dimensions:      256 x 256
I20261002 19:51:45.310536 26800 feature_extraction.cc:285]   Camera:          #1 - SIMPLE_RADIAL
I20261002 19:51:45.310655 26800 feature_extraction.cc:289]   Focal Length:    307.20px
I20261002 19:51:45.310765 26800 feature_extraction.cc:294]   Features:        166 (SIFT)
I20261002 19:51:45.317208 26800 feature_extraction.cc:270] Processed file [118/148]
I20261002 19:51:45.317507 26800 feature_extraction.cc:273]   Name:            000117.png
I20261002 19:51:45.317658 26800 feature_extraction.cc:282]   Dimensions:      256 x 256
I20261002 19:51:45.317807 26800 feature_extraction.cc:285]   Camera:          #1 - SIMPLE_RADIAL
I20261002 19:51:45.317928 26800 feature_extraction.cc:289]   Focal Length:    307.20px
I20261002 19:51:45.318152 26800 feature_extraction.cc:294]   Features:        186 (SIFT)
I20261002 19:51:45.318693 26800 feature_extraction.cc:270] Processed file [119/148]
I20261002 19:51:45.318885 26800 feature_extraction.cc:273]   Name:            000119.png
I20261002 19:51:45.319033 26800 feature_extraction.cc:282]   Dimensions:      256 x 256
I20261002 19:51:45.319171 26800 feature_extraction.cc:285]   Camera:          #1 - SIMPLE_RADIAL
I20261002 19:51:45.319331 26800 feature_extraction.cc:289]   Focal Length:    307.20px
I20261002 19:51:45.319490 26800 feature_extraction.cc:294]   Features:        204 (SIFT)
I20261002 19:51:45.320052 26800 feature_extraction.cc:270] Processed file [120/148]
I20261002 19:51:45.320222 26800 feature_extraction.cc:273]   Name:            000118.png
I20261002 19:51:45.320431 26800 feature_extraction.cc:282]   Dimensions:      256 x 256
I20261002 19:51:45.320604 26800 feature_extraction.cc:285]   Camera:          #1 - SIMPLE_RADIAL
I20261002 19:51:45.320712 26800 feature_extraction.cc:289]   Focal Length:    307.20px
I20261002 19:51:45.320840 26800 feature_extraction.cc:294]   Features:        191 (SIFT)
I20261002 19:51:45.321458 26800 feature_extraction.cc:270] Processed file [121/148]
I20261002 19:51:45.321616 26800 feature_extraction.cc:273]   Name:            000120.png
I20261002 19:51:45.321737 26800 feature_extraction.cc:282]   Dimensions:      256 x 256
I20261002 19:51:45.321929 26800 feature_extraction.cc:285]   Camera:          #1 - SIMPLE_RADIAL
I20261002 19:51:45.322129 26800 feature_extraction.cc:289]   Focal Length:    307.20px
I20261002 19:51:45.322286 26800 feature_extraction.cc:294]   Features:        187 (SIFT)
I20261002 19:51:45.327697 26800 feature_extraction.cc:270] Processed file [122/148]
I20261002 19:51:45.328091 26800 feature_extraction.cc:273]   Name:            000122.png
I20261002 19:51:45.328295 26800 feature_extraction.cc:282]   Dimensions:      256 x 256
I20261002 19:51:45.328419 26800 feature_extraction.cc:285]   Camera:          #1 - SIMPLE_RADIAL
I20261002 19:51:45.328538 26800 feature_extraction.cc:289]   Focal Length:    307.20px
I20261002 19:51:45.328644 26800 feature_extraction.cc:294]   Features:        185 (SIFT)
I20261002 19:51:45.333539 26800 feature_extraction.cc:270] Processed file [123/148]
I20261002 19:51:45.337373 26800 feature_extraction.cc:273]   Name:            000123.png
I20261002 19:51:45.337597 26800 feature_extraction.cc:282]   Dimensions:      256 x 256
I20261002 19:51:45.337804 26800 feature_extraction.cc:285]   Camera:          #1 - SIMPLE_RADIAL
I20261002 19:51:45.337939 26800 feature_extraction.cc:289]   Focal Length:    307.20px
I20261002 19:51:45.338031 26800 feature_extraction.cc:294]   Features:        199 (SIFT)
I20261002 19:51:45.338348 26800 feature_extraction.cc:270] Processed file [124/148]
I20261002 19:51:45.338566 26800 feature_extraction.cc:273]   Name:            000126.png
I20261002 19:51:45.338764 26800 feature_extraction.cc:282]   Dimensions:      256 x 256
I20261002 19:51:45.338934 26800 feature_extraction.cc:285]   Camera:          #1 - SIMPLE_RADIAL
I20261002 19:51:45.339073 26800 feature_extraction.cc:289]   Focal Length:    307.20px
I20261002 19:51:45.339212 26800 feature_extraction.cc:294]   Features:        203 (SIFT)
I20261002 19:51:45.339665 26800 feature_extraction.cc:270] Processed file [125/148]
I20261002 19:51:45.339838 26800 feature_extraction.cc:273]   Name:            000121.png
I20261002 19:51:45.339998 26800 feature_extraction.cc:282]   Dimensions:      256 x 256
I20261002 19:51:45.340220 26800 feature_extraction.cc:285]   Camera:          #1 - SIMPLE_RADIAL
I20261002 19:51:45.340401 26800 feature_extraction.cc:289]   Focal Length:    307.20px
I20261002 19:51:45.340578 26800 feature_extraction.cc:294]   Features:        204 (SIFT)
I20261002 19:51:45.340940 26800 feature_extraction.cc:270] Processed file [126/148]
I20261002 19:51:45.341093 26800 feature_extraction.cc:273]   Name:            000124.png
I20261002 19:51:45.341236 26800 feature_extraction.cc:282]   Dimensions:      256 x 256
I20261002 19:51:45.341387 26800 feature_extraction.cc:285]   Camera:          #1 - SIMPLE_RADIAL
I20261002 19:51:45.341545 26800 feature_extraction.cc:289]   Focal Length:    307.20px
I20261002 19:51:45.341701 26800 feature_extraction.cc:294]   Features:        187 (SIFT)
I20261002 19:51:45.342062 26800 feature_extraction.cc:270] Processed file [127/148]
I20261002 19:51:45.342254 26800 feature_extraction.cc:273]   Name:            000127.png
I20261002 19:51:45.342425 26800 feature_extraction.cc:282]   Dimensions:      256 x 256
I20261002 19:51:45.342587 26800 feature_extraction.cc:285]   Camera:          #1 - SIMPLE_RADIAL
I20261002 19:51:45.342747 26800 feature_extraction.cc:289]   Focal Length:    307.20px
I20261002 19:51:45.342888 26800 feature_extraction.cc:294]   Features:        199 (SIFT)
I20261002 19:51:45.347509 26800 feature_extraction.cc:270] Processed file [128/148]
I20261002 19:51:45.347907 26800 feature_extraction.cc:273]   Name:            000128.png
I20261002 19:51:45.348190 26800 feature_extraction.cc:282]   Dimensions:      256 x 256
I20261002 19:51:45.348440 26800 feature_extraction.cc:285]   Camera:          #1 - SIMPLE_RADIAL
I20261002 19:51:45.348739 26800 feature_extraction.cc:289]   Focal Length:    307.20px
I20261002 19:51:45.349007 26800 feature_extraction.cc:294]   Features:        214 (SIFT)
I20261002 19:51:45.349488 26800 feature_extraction.cc:270] Processed file [129/148]
I20261002 19:51:45.349690 26800 feature_extraction.cc:273]   Name:            000125.png
I20261002 19:51:45.349856 26800 feature_extraction.cc:282]   Dimensions:      256 x 256
I20261002 19:51:45.350015 26800 feature_extraction.cc:285]   Camera:          #1 - SIMPLE_RADIAL
I20261002 19:51:45.350170 26800 feature_extraction.cc:289]   Focal Length:    307.20px
I20261002 19:51:45.350326 26800 feature_extraction.cc:294]   Features:        220 (SIFT)
I20261002 19:51:45.350731 26800 feature_extraction.cc:270] Processed file [130/148]
I20261002 19:51:45.350915 26800 feature_extraction.cc:273]   Name:            000130.png
I20261002 19:51:45.351069 26800 feature_extraction.cc:282]   Dimensions:      256 x 256
I20261002 19:51:45.351219 26800 feature_extraction.cc:285]   Camera:          #1 - SIMPLE_RADIAL
I20261002 19:51:45.351366 26800 feature_extraction.cc:289]   Focal Length:    307.20px
I20261002 19:51:45.351535 26800 feature_extraction.cc:294]   Features:        220 (SIFT)
I20261002 19:51:45.352355 26800 feature_extraction.cc:270] Processed file [131/148]
I20261002 19:51:45.352591 26800 feature_extraction.cc:273]   Name:            000131.png
I20261002 19:51:45.352804 26800 feature_extraction.cc:282]   Dimensions:      256 x 256
I20261002 19:51:45.352978 26800 feature_extraction.cc:285]   Camera:          #1 - SIMPLE_RADIAL
I20261002 19:51:45.353082 26800 feature_extraction.cc:289]   Focal Length:    307.20px
I20261002 19:51:45.353161 26800 feature_extraction.cc:294]   Features:        223 (SIFT)
I20261002 19:51:45.355330 26800 feature_extraction.cc:270] Processed file [132/148]
I20261002 19:51:45.355591 26800 feature_extraction.cc:273]   Name:            000129.png
I20261002 19:51:45.355724 26800 feature_extraction.cc:282]   Dimensions:      256 x 256
I20261002 19:51:45.355877 26800 feature_extraction.cc:285]   Camera:          #1 - SIMPLE_RADIAL
I20261002 19:51:45.355991 26800 feature_extraction.cc:289]   Focal Length:    307.20px
I20261002 19:51:45.356081 26800 feature_extraction.cc:294]   Features:        213 (SIFT)
I20261002 19:51:45.357736 26800 feature_extraction.cc:270] Processed file [133/148]
I20261002 19:51:45.358032 26800 feature_extraction.cc:273]   Name:            000135.png
I20261002 19:51:45.358281 26800 feature_extraction.cc:282]   Dimensions:      256 x 256
I20261002 19:51:45.358538 26800 feature_extraction.cc:285]   Camera:          #1 - SIMPLE_RADIAL
I20261002 19:51:45.358774 26800 feature_extraction.cc:289]   Focal Length:    307.20px
I20261002 19:51:45.358965 26800 feature_extraction.cc:294]   Features:        179 (SIFT)
I20261002 19:51:45.359462 26800 feature_extraction.cc:270] Processed file [134/148]
I20261002 19:51:45.359596 26800 feature_extraction.cc:273]   Name:            000134.png
I20261002 19:51:45.359725 26800 feature_extraction.cc:282]   Dimensions:      256 x 256
I20261002 19:51:45.359948 26800 feature_extraction.cc:285]   Camera:          #1 - SIMPLE_RADIAL
I20261002 19:51:45.360141 26800 feature_extraction.cc:289]   Focal Length:    307.20px
I20261002 19:51:45.360335 26800 feature_extraction.cc:294]   Features:        176 (SIFT)
I20261002 19:51:45.360790 26800 feature_extraction.cc:270] Processed file [135/148]
I20261002 19:51:45.361069 26800 feature_extraction.cc:273]   Name:            000136.png
I20261002 19:51:45.361310 26800 feature_extraction.cc:282]   Dimensions:      256 x 256
I20261002 19:51:45.361515 26800 feature_extraction.cc:285]   Camera:          #1 - SIMPLE_RADIAL
I20261002 19:51:45.361723 26800 feature_extraction.cc:289]   Focal Length:    307.20px
I20261002 19:51:45.361935 26800 feature_extraction.cc:294]   Features:        173 (SIFT)
I20261002 19:51:45.362290 26800 feature_extraction.cc:270] Processed file [136/148]
I20261002 19:51:45.362457 26800 feature_extraction.cc:273]   Name:            000132.png
I20261002 19:51:45.362602 26800 feature_extraction.cc:282]   Dimensions:      256 x 256
I20261002 19:51:45.362735 26800 feature_extraction.cc:285]   Camera:          #1 - SIMPLE_RADIAL
I20261002 19:51:45.362864 26800 feature_extraction.cc:289]   Focal Length:    307.20px
I20261002 19:51:45.362996 26800 feature_extraction.cc:294]   Features:        227 (SIFT)
I20261002 19:51:45.363371 26800 feature_extraction.cc:270] Processed file [137/148]
I20261002 19:51:45.363529 26800 feature_extraction.cc:273]   Name:            000133.png
I20261002 19:51:45.363661 26800 feature_extraction.cc:282]   Dimensions:      256 x 256
I20261002 19:51:45.363916 26800 feature_extraction.cc:285]   Camera:          #1 - SIMPLE_RADIAL
I20261002 19:51:45.364048 26800 feature_extraction.cc:289]   Focal Length:    307.20px
I20261002 19:51:45.364200 26800 feature_extraction.cc:294]   Features:        190 (SIFT)
I20261002 19:51:45.367485 26800 feature_extraction.cc:270] Processed file [138/148]
I20261002 19:51:45.367786 26800 feature_extraction.cc:273]   Name:            000140.png
I20261002 19:51:45.367944 26800 feature_extraction.cc:282]   Dimensions:      256 x 256
I20261002 19:51:45.368086 26800 feature_extraction.cc:285]   Camera:          #1 - SIMPLE_RADIAL
I20261002 19:51:45.368262 26800 feature_extraction.cc:289]   Focal Length:    307.20px
I20261002 19:51:45.368469 26800 feature_extraction.cc:294]   Features:        147 (SIFT)
I20261002 19:51:45.368836 26800 feature_extraction.cc:270] Processed file [139/148]
I20261002 19:51:45.369059 26800 feature_extraction.cc:273]   Name:            000138.png
I20261002 19:51:45.369258 26800 feature_extraction.cc:282]   Dimensions:      256 x 256
I20261002 19:51:45.369416 26800 feature_extraction.cc:285]   Camera:          #1 - SIMPLE_RADIAL
I20261002 19:51:45.369574 26800 feature_extraction.cc:289]   Focal Length:    307.20px
I20261002 19:51:45.369722 26800 feature_extraction.cc:294]   Features:        164 (SIFT)
I20261002 19:51:45.370081 26800 feature_extraction.cc:270] Processed file [140/148]
I20261002 19:51:45.370257 26800 feature_extraction.cc:273]   Name:            000139.png
I20261002 19:51:45.370446 26800 feature_extraction.cc:282]   Dimensions:      256 x 256
I20261002 19:51:45.370617 26800 feature_extraction.cc:285]   Camera:          #1 - SIMPLE_RADIAL
I20261002 19:51:45.370779 26800 feature_extraction.cc:289]   Focal Length:    307.20px
I20261002 19:51:45.370932 26800 feature_extraction.cc:294]   Features:        169 (SIFT)
I20261002 19:51:45.371618 26800 feature_extraction.cc:270] Processed file [141/148]
I20261002 19:51:45.371815 26800 feature_extraction.cc:273]   Name:            000141.png
I20261002 19:51:45.371928 26800 feature_extraction.cc:282]   Dimensions:      256 x 256
I20261002 19:51:45.372001 26800 feature_extraction.cc:285]   Camera:          #1 - SIMPLE_RADIAL
I20261002 19:51:45.372072 26800 feature_extraction.cc:289]   Focal Length:    307.20px
I20261002 19:51:45.372135 26800 feature_extraction.cc:294]   Features:        151 (SIFT)
I20261002 19:51:45.372321 26800 feature_extraction.cc:270] Processed file [142/148]
I20261002 19:51:45.372403 26800 feature_extraction.cc:273]   Name:            000137.png
I20261002 19:51:45.372464 26800 feature_extraction.cc:282]   Dimensions:      256 x 256
I20261002 19:51:45.372523 26800 feature_extraction.cc:285]   Camera:          #1 - SIMPLE_RADIAL
I20261002 19:51:45.372582 26800 feature_extraction.cc:289]   Focal Length:    307.20px
I20261002 19:51:45.372642 26800 feature_extraction.cc:294]   Features:        181 (SIFT)
I20261002 19:51:45.377651 26800 feature_extraction.cc:270] Processed file [143/148]
I20261002 19:51:45.377840 26800 feature_extraction.cc:273]   Name:            000142.png
I20261002 19:51:45.377934 26800 feature_extraction.cc:282]   Dimensions:      256 x 256
I20261002 19:51:45.378032 26800 feature_extraction.cc:285]   Camera:          #1 - SIMPLE_RADIAL
I20261002 19:51:45.378095 26800 feature_extraction.cc:289]   Focal Length:    307.20px
I20261002 19:51:45.378168 26800 feature_extraction.cc:294]   Features:        148 (SIFT)
I20261002 19:51:45.379158 26800 feature_extraction.cc:270] Processed file [144/148]
I20261002 19:51:45.379253 26800 feature_extraction.cc:273]   Name:            000143.png
I20261002 19:51:45.379324 26800 feature_extraction.cc:282]   Dimensions:      256 x 256
I20261002 19:51:45.379386 26800 feature_extraction.cc:285]   Camera:          #1 - SIMPLE_RADIAL
I20261002 19:51:45.379455 26800 feature_extraction.cc:289]   Focal Length:    307.20px
I20261002 19:51:45.379521 26800 feature_extraction.cc:294]   Features:        149 (SIFT)
I20261002 19:51:45.380121 26800 feature_extraction.cc:270] Processed file [145/148]
I20261002 19:51:45.380238 26800 feature_extraction.cc:273]   Name:            000145.png
I20261002 19:51:45.380319 26800 feature_extraction.cc:282]   Dimensions:      256 x 256
I20261002 19:51:45.380379 26800 feature_extraction.cc:285]   Camera:          #1 - SIMPLE_RADIAL
I20261002 19:51:45.380436 26800 feature_extraction.cc:289]   Focal Length:    307.20px
I20261002 19:51:45.380493 26800 feature_extraction.cc:294]   Features:        150 (SIFT)
I20261002 19:51:45.381641 26800 feature_extraction.cc:270] Processed file [146/148]
I20261002 19:51:45.381716 26800 feature_extraction.cc:273]   Name:            000144.png
I20261002 19:51:45.381777 26800 feature_extraction.cc:282]   Dimensions:      256 x 256
I20261002 19:51:45.381844 26800 feature_extraction.cc:285]   Camera:          #1 - SIMPLE_RADIAL
I20261002 19:51:45.381917 26800 feature_extraction.cc:289]   Focal Length:    307.20px
I20261002 19:51:45.381977 26800 feature_extraction.cc:294]   Features:        134 (SIFT)
I20261002 19:51:45.384437 26800 feature_extraction.cc:270] Processed file [147/148]
I20261002 19:51:45.384575 26800 feature_extraction.cc:273]   Name:            000146.png
I20261002 19:51:45.384694 26800 feature_extraction.cc:282]   Dimensions:      256 x 256
I20261002 19:51:45.384769 26800 feature_extraction.cc:285]   Camera:          #1 - SIMPLE_RADIAL
I20261002 19:51:45.384831 26800 feature_extraction.cc:289]   Focal Length:    307.20px
I20261002 19:51:45.384893 26800 feature_extraction.cc:294]   Features:        167 (SIFT)
I20261002 19:51:45.389257 26800 feature_extraction.cc:270] Processed file [148/148]
I20261002 19:51:45.389359 26800 feature_extraction.cc:273]   Name:            000147.png
I20261002 19:51:45.389487 26800 feature_extraction.cc:282]   Dimensions:      256 x 256
I20261002 19:51:45.389574 26800 feature_extraction.cc:285]   Camera:          #1 - SIMPLE_RADIAL
I20261002 19:51:45.389642 26800 feature_extraction.cc:289]   Focal Length:    307.20px
I20261002 19:51:45.389706 26800 feature_extraction.cc:294]   Features:        170 (SIFT)
I20261002 19:51:45.389985 14480 timer.cc:90] Elapsed time: 0.009 [minutes]
I20261002 19:51:45.390796 20340 automatic_reconstruction.cc:282] === Feature matching ===
I20261002 19:51:45.391099 24672 feature_matching.cc:196] === Feature matching & geometric verification ===
I20261002 19:51:45.458387 16616 feature_matching_utils.cc:79] Bind FeatureMatcherWorker to GPU device 0
I20261002 19:51:45.458387  5524 feature_matching_utils.cc:79] Bind FeatureMatcherWorker to GPU device 0
I20261002 19:51:45.458878 16616 sift.cc:1679] Creating SIFT GPU feature matcher
I20261002 19:51:45.458880  5524 sift.cc:1679] Creating SIFT GPU feature matcher
I20261002 19:51:45.459209 24672 pairing.cc:438] Generating sequential image pairs...
I20261002 19:51:45.459969 24672 pairing.cc:249] Generating image pairs with vocabulary tree...
I20261002 19:51:45.460165 24672 pairing.cc:372] Indexing image [1/148]
I20261002 19:51:45.980948 24672 pairing.cc:389]  in 0.521s
I20261002 19:51:45.981141 24672 pairing.cc:372] Indexing image [2/148]
I20261002 19:51:45.989192 24672 pairing.cc:389]  in 0.008s
I20261002 19:51:45.989368 24672 pairing.cc:372] Indexing image [3/148]
I20261002 19:51:45.997264 24672 pairing.cc:389]  in 0.008s
I20261002 19:51:45.997506 24672 pairing.cc:372] Indexing image [4/148]
I20261002 19:51:46.005058 24672 pairing.cc:389]  in 0.008s
I20261002 19:51:46.005209 24672 pairing.cc:372] Indexing image [5/148]
I20261002 19:51:46.012860 24672 pairing.cc:389]  in 0.008s
I20261002 19:51:46.013008 24672 pairing.cc:372] Indexing image [6/148]
I20261002 19:51:46.020601 24672 pairing.cc:389]  in 0.008s
I20261002 19:51:46.020741 24672 pairing.cc:372] Indexing image [7/148]
I20261002 19:51:46.028567 24672 pairing.cc:389]  in 0.008s
I20261002 19:51:46.028756 24672 pairing.cc:372] Indexing image [8/148]
I20261002 19:51:46.036571 24672 pairing.cc:389]  in 0.008s
I20261002 19:51:46.036784 24672 pairing.cc:372] Indexing image [9/148]
I20261002 19:51:46.044809 24672 pairing.cc:389]  in 0.008s
I20261002 19:51:46.044998 24672 pairing.cc:372] Indexing image [10/148]
I20261002 19:51:46.052904 24672 pairing.cc:389]  in 0.008s
I20261002 19:51:46.053102 24672 pairing.cc:372] Indexing image [11/148]
I20261002 19:51:46.060813 24672 pairing.cc:389]  in 0.008s
I20261002 19:51:46.060926 24672 pairing.cc:372] Indexing image [12/148]
I20261002 19:51:46.068886 24672 pairing.cc:389]  in 0.008s
I20261002 19:51:46.069101 24672 pairing.cc:372] Indexing image [13/148]
I20261002 19:51:46.077327 24672 pairing.cc:389]  in 0.008s
I20261002 19:51:46.077486 24672 pairing.cc:372] Indexing image [14/148]
I20261002 19:51:46.085872 24672 pairing.cc:389]  in 0.008s
I20261002 19:51:46.086024 24672 pairing.cc:372] Indexing image [15/148]
I20261002 19:51:46.094827 24672 pairing.cc:389]  in 0.009s
I20261002 19:51:46.094975 24672 pairing.cc:372] Indexing image [16/148]
I20261002 19:51:46.102967 24672 pairing.cc:389]  in 0.008s
I20261002 19:51:46.103125 24672 pairing.cc:372] Indexing image [17/148]
I20261002 19:51:46.111399 24672 pairing.cc:389]  in 0.008s
I20261002 19:51:46.111561 24672 pairing.cc:372] Indexing image [18/148]
I20261002 19:51:46.119693 24672 pairing.cc:389]  in 0.008s
I20261002 19:51:46.119834 24672 pairing.cc:372] Indexing image [19/148]
I20261002 19:51:46.128071 24672 pairing.cc:389]  in 0.008s
I20261002 19:51:46.128276 24672 pairing.cc:372] Indexing image [20/148]
I20261002 19:51:46.136800 24672 pairing.cc:389]  in 0.009s
I20261002 19:51:46.136973 24672 pairing.cc:372] Indexing image [21/148]
I20261002 19:51:46.144895 24672 pairing.cc:389]  in 0.008s
I20261002 19:51:46.145054 24672 pairing.cc:372] Indexing image [22/148]
I20261002 19:51:46.153170 24672 pairing.cc:389]  in 0.008s
I20261002 19:51:46.153339 24672 pairing.cc:372] Indexing image [23/148]
I20261002 19:51:46.162184 24672 pairing.cc:389]  in 0.009s
I20261002 19:51:46.162410 24672 pairing.cc:372] Indexing image [24/148]
I20261002 19:51:46.171035 24672 pairing.cc:389]  in 0.009s
I20261002 19:51:46.171254 24672 pairing.cc:372] Indexing image [25/148]
I20261002 19:51:46.179334 24672 pairing.cc:389]  in 0.008s
I20261002 19:51:46.179474 24672 pairing.cc:372] Indexing image [26/148]
I20261002 19:51:46.187792 24672 pairing.cc:389]  in 0.008s
I20261002 19:51:46.187981 24672 pairing.cc:372] Indexing image [27/148]
I20261002 19:51:46.197006 24672 pairing.cc:389]  in 0.009s
I20261002 19:51:46.197250 24672 pairing.cc:372] Indexing image [28/148]
I20261002 19:51:46.205404 24672 pairing.cc:389]  in 0.008s
I20261002 19:51:46.205559 24672 pairing.cc:372] Indexing image [29/148]
I20261002 19:51:46.213867 24672 pairing.cc:389]  in 0.008s
I20261002 19:51:46.213978 24672 pairing.cc:372] Indexing image [30/148]
I20261002 19:51:46.222056 24672 pairing.cc:389]  in 0.008s
I20261002 19:51:46.222187 24672 pairing.cc:372] Indexing image [31/148]
I20261002 19:51:46.229510 24672 pairing.cc:389]  in 0.007s
I20261002 19:51:46.229613 24672 pairing.cc:372] Indexing image [32/148]
I20261002 19:51:46.238093 24672 pairing.cc:389]  in 0.008s
I20261002 19:51:46.238242 24672 pairing.cc:372] Indexing image [33/148]
I20261002 19:51:46.246313 24672 pairing.cc:389]  in 0.008s
I20261002 19:51:46.246458 24672 pairing.cc:372] Indexing image [34/148]
I20261002 19:51:46.254749 24672 pairing.cc:389]  in 0.008s
I20261002 19:51:46.254869 24672 pairing.cc:372] Indexing image [35/148]
I20261002 19:51:46.263502 24672 pairing.cc:389]  in 0.009s
I20261002 19:51:46.263621 24672 pairing.cc:372] Indexing image [36/148]
I20261002 19:51:46.272319 24672 pairing.cc:389]  in 0.009s
I20261002 19:51:46.272477 24672 pairing.cc:372] Indexing image [37/148]
I20261002 19:51:46.280599 24672 pairing.cc:389]  in 0.008s
I20261002 19:51:46.280718 24672 pairing.cc:372] Indexing image [38/148]
I20261002 19:51:46.289061 24672 pairing.cc:389]  in 0.008s
I20261002 19:51:46.289201 24672 pairing.cc:372] Indexing image [39/148]
I20261002 19:51:46.296828 24672 pairing.cc:389]  in 0.008s
I20261002 19:51:46.296965 24672 pairing.cc:372] Indexing image [40/148]
I20261002 19:51:46.304719 24672 pairing.cc:389]  in 0.008s
I20261002 19:51:46.304893 24672 pairing.cc:372] Indexing image [41/148]
I20261002 19:51:46.313358 24672 pairing.cc:389]  in 0.008s
I20261002 19:51:46.313511 24672 pairing.cc:372] Indexing image [42/148]
I20261002 19:51:46.321663 24672 pairing.cc:389]  in 0.008s
I20261002 19:51:46.321780 24672 pairing.cc:372] Indexing image [43/148]
I20261002 19:51:46.329199 24672 pairing.cc:389]  in 0.007s
I20261002 19:51:46.329302 24672 pairing.cc:372] Indexing image [44/148]
I20261002 19:51:46.336973 24672 pairing.cc:389]  in 0.008s
I20261002 19:51:46.337113 24672 pairing.cc:372] Indexing image [45/148]
I20261002 19:51:46.344755 24672 pairing.cc:389]  in 0.008s
I20261002 19:51:46.344861 24672 pairing.cc:372] Indexing image [46/148]
I20261002 19:51:46.352811 24672 pairing.cc:389]  in 0.008s
I20261002 19:51:46.352962 24672 pairing.cc:372] Indexing image [47/148]
I20261002 19:51:46.360390 24672 pairing.cc:389]  in 0.007s
I20261002 19:51:46.360525 24672 pairing.cc:372] Indexing image [48/148]
I20261002 19:51:46.368520 24672 pairing.cc:389]  in 0.008s
I20261002 19:51:46.368670 24672 pairing.cc:372] Indexing image [49/148]
I20261002 19:51:46.376262 24672 pairing.cc:389]  in 0.008s
I20261002 19:51:46.376389 24672 pairing.cc:372] Indexing image [50/148]
I20261002 19:51:46.384178 24672 pairing.cc:389]  in 0.008s
I20261002 19:51:46.384297 24672 pairing.cc:372] Indexing image [51/148]
I20261002 19:51:46.391879 24672 pairing.cc:389]  in 0.008s
I20261002 19:51:46.391979 24672 pairing.cc:372] Indexing image [52/148]
I20261002 19:51:46.399911 24672 pairing.cc:389]  in 0.008s
I20261002 19:51:46.400065 24672 pairing.cc:372] Indexing image [53/148]
I20261002 19:51:46.407724 24672 pairing.cc:389]  in 0.008s
I20261002 19:51:46.407945 24672 pairing.cc:372] Indexing image [54/148]
I20261002 19:51:46.415800 24672 pairing.cc:389]  in 0.008s
I20261002 19:51:46.415990 24672 pairing.cc:372] Indexing image [55/148]
I20261002 19:51:46.424296 24672 pairing.cc:389]  in 0.008s
I20261002 19:51:46.424457 24672 pairing.cc:372] Indexing image [56/148]
I20261002 19:51:46.432490 24672 pairing.cc:389]  in 0.008s
I20261002 19:51:46.432634 24672 pairing.cc:372] Indexing image [57/148]
I20261002 19:51:46.441334 24672 pairing.cc:389]  in 0.009s
I20261002 19:51:46.441770 24672 pairing.cc:372] Indexing image [58/148]
I20261002 19:51:46.450726 24672 pairing.cc:389]  in 0.009s
I20261002 19:51:46.450903 24672 pairing.cc:372] Indexing image [59/148]
I20261002 19:51:46.458734 24672 pairing.cc:389]  in 0.008s
I20261002 19:51:46.458937 24672 pairing.cc:372] Indexing image [60/148]
I20261002 19:51:46.466775 24672 pairing.cc:389]  in 0.008s
I20261002 19:51:46.466968 24672 pairing.cc:372] Indexing image [61/148]
I20261002 19:51:46.475085 24672 pairing.cc:389]  in 0.008s
I20261002 19:51:46.475238 24672 pairing.cc:372] Indexing image [62/148]
I20261002 19:51:46.483705 24672 pairing.cc:389]  in 0.008s
I20261002 19:51:46.483896 24672 pairing.cc:372] Indexing image [63/148]
I20261002 19:51:46.492008 24672 pairing.cc:389]  in 0.008s
I20261002 19:51:46.492181 24672 pairing.cc:372] Indexing image [64/148]
I20261002 19:51:46.500353 24672 pairing.cc:389]  in 0.008s
I20261002 19:51:46.500562 24672 pairing.cc:372] Indexing image [65/148]
I20261002 19:51:46.508153 24672 pairing.cc:389]  in 0.008s
I20261002 19:51:46.508437 24672 pairing.cc:372] Indexing image [66/148]
I20261002 19:51:46.516952 24672 pairing.cc:389]  in 0.009s
I20261002 19:51:46.517281 24672 pairing.cc:372] Indexing image [67/148]
I20261002 19:51:46.525699 24672 pairing.cc:389]  in 0.008s
I20261002 19:51:46.525892 24672 pairing.cc:372] Indexing image [68/148]
I20261002 19:51:46.533910 24672 pairing.cc:389]  in 0.008s
I20261002 19:51:46.534113 24672 pairing.cc:372] Indexing image [69/148]
I20261002 19:51:46.542534 24672 pairing.cc:389]  in 0.008s
I20261002 19:51:46.542741 24672 pairing.cc:372] Indexing image [70/148]
I20261002 19:51:46.551541 24672 pairing.cc:389]  in 0.009s
I20261002 19:51:46.551683 24672 pairing.cc:372] Indexing image [71/148]
I20261002 19:51:46.559576 24672 pairing.cc:389]  in 0.008s
I20261002 19:51:46.559726 24672 pairing.cc:372] Indexing image [72/148]
I20261002 19:51:46.567178 24672 pairing.cc:389]  in 0.007s
I20261002 19:51:46.567312 24672 pairing.cc:372] Indexing image [73/148]
I20261002 19:51:46.575706 24672 pairing.cc:389]  in 0.008s
I20261002 19:51:46.575954 24672 pairing.cc:372] Indexing image [74/148]
I20261002 19:51:46.584420 24672 pairing.cc:389]  in 0.008s
I20261002 19:51:46.584577 24672 pairing.cc:372] Indexing image [75/148]
I20261002 19:51:46.592367 24672 pairing.cc:389]  in 0.008s
I20261002 19:51:46.592497 24672 pairing.cc:372] Indexing image [76/148]
I20261002 19:51:46.600722 24672 pairing.cc:389]  in 0.008s
I20261002 19:51:46.600867 24672 pairing.cc:372] Indexing image [77/148]
I20261002 19:51:46.608671 24672 pairing.cc:389]  in 0.008s
I20261002 19:51:46.608888 24672 pairing.cc:372] Indexing image [78/148]
I20261002 19:51:46.617355 24672 pairing.cc:389]  in 0.008s
I20261002 19:51:46.617497 24672 pairing.cc:372] Indexing image [79/148]
I20261002 19:51:46.625477 24672 pairing.cc:389]  in 0.008s
I20261002 19:51:46.625590 24672 pairing.cc:372] Indexing image [80/148]
I20261002 19:51:46.633651 24672 pairing.cc:389]  in 0.008s
I20261002 19:51:46.633852 24672 pairing.cc:372] Indexing image [81/148]
I20261002 19:51:46.641809 24672 pairing.cc:389]  in 0.008s
I20261002 19:51:46.642007 24672 pairing.cc:372] Indexing image [82/148]
I20261002 19:51:46.649685 24672 pairing.cc:389]  in 0.008s
I20261002 19:51:46.649947 24672 pairing.cc:372] Indexing image [83/148]
I20261002 19:51:46.658519 24672 pairing.cc:389]  in 0.009s
I20261002 19:51:46.658664 24672 pairing.cc:372] Indexing image [84/148]
I20261002 19:51:46.665560 24672 pairing.cc:389]  in 0.007s
I20261002 19:51:46.665734 24672 pairing.cc:372] Indexing image [85/148]
I20261002 19:51:46.673112 24672 pairing.cc:389]  in 0.007s
I20261002 19:51:46.673312 24672 pairing.cc:372] Indexing image [86/148]
I20261002 19:51:46.680868 24672 pairing.cc:389]  in 0.008s
I20261002 19:51:46.681055 24672 pairing.cc:372] Indexing image [87/148]
I20261002 19:51:46.688870 24672 pairing.cc:389]  in 0.008s
I20261002 19:51:46.689139 24672 pairing.cc:372] Indexing image [88/148]
I20261002 19:51:46.696921 24672 pairing.cc:389]  in 0.008s
I20261002 19:51:46.697211 24672 pairing.cc:372] Indexing image [89/148]
I20261002 19:51:46.705130 24672 pairing.cc:389]  in 0.008s
I20261002 19:51:46.705340 24672 pairing.cc:372] Indexing image [90/148]
I20261002 19:51:46.712832 24672 pairing.cc:389]  in 0.007s
I20261002 19:51:46.712969 24672 pairing.cc:372] Indexing image [91/148]
I20261002 19:51:46.720519 24672 pairing.cc:389]  in 0.008s
I20261002 19:51:46.720643 24672 pairing.cc:372] Indexing image [92/148]
I20261002 19:51:46.727741 24672 pairing.cc:389]  in 0.007s
I20261002 19:51:46.727839 24672 pairing.cc:372] Indexing image [93/148]
I20261002 19:51:46.735739 24672 pairing.cc:389]  in 0.008s
I20261002 19:51:46.735888 24672 pairing.cc:372] Indexing image [94/148]
I20261002 19:51:46.743466 24672 pairing.cc:389]  in 0.008s
I20261002 19:51:46.743621 24672 pairing.cc:372] Indexing image [95/148]
I20261002 19:51:46.750779 24672 pairing.cc:389]  in 0.007s
I20261002 19:51:46.750918 24672 pairing.cc:372] Indexing image [96/148]
I20261002 19:51:46.758347 24672 pairing.cc:389]  in 0.007s
I20261002 19:51:46.758502 24672 pairing.cc:372] Indexing image [97/148]
I20261002 19:51:46.765421 24672 pairing.cc:389]  in 0.007s
I20261002 19:51:46.765551 24672 pairing.cc:372] Indexing image [98/148]
I20261002 19:51:46.773575 24672 pairing.cc:389]  in 0.008s
I20261002 19:51:46.773704 24672 pairing.cc:372] Indexing image [99/148]
I20261002 19:51:46.780826 24672 pairing.cc:389]  in 0.007s
I20261002 19:51:46.780942 24672 pairing.cc:372] Indexing image [100/148]
I20261002 19:51:46.787857 24672 pairing.cc:389]  in 0.007s
I20261002 19:51:46.788051 24672 pairing.cc:372] Indexing image [101/148]
I20261002 19:51:46.794224 24672 pairing.cc:389]  in 0.006s
I20261002 19:51:46.794325 24672 pairing.cc:372] Indexing image [102/148]
I20261002 19:51:46.801201 24672 pairing.cc:389]  in 0.007s
I20261002 19:51:46.801310 24672 pairing.cc:372] Indexing image [103/148]
I20261002 19:51:46.807745 24672 pairing.cc:389]  in 0.006s
I20261002 19:51:46.807863 24672 pairing.cc:372] Indexing image [104/148]
I20261002 19:51:46.813955 24672 pairing.cc:389]  in 0.006s
I20261002 19:51:46.814057 24672 pairing.cc:372] Indexing image [105/148]
I20261002 19:51:46.820064 24672 pairing.cc:389]  in 0.006s
I20261002 19:51:46.820283 24672 pairing.cc:372] Indexing image [106/148]
I20261002 19:51:46.826529 24672 pairing.cc:389]  in 0.006s
I20261002 19:51:46.826651 24672 pairing.cc:372] Indexing image [107/148]
I20261002 19:51:46.831883 24672 pairing.cc:389]  in 0.005s
I20261002 19:51:46.831986 24672 pairing.cc:372] Indexing image [108/148]
I20261002 19:51:46.837064 24672 pairing.cc:389]  in 0.005s
I20261002 19:51:46.837171 24672 pairing.cc:372] Indexing image [109/148]
I20261002 19:51:46.841871 24672 pairing.cc:389]  in 0.005s
I20261002 19:51:46.841991 24672 pairing.cc:372] Indexing image [110/148]
I20261002 19:51:46.847395 24672 pairing.cc:389]  in 0.005s
I20261002 19:51:46.847497 24672 pairing.cc:372] Indexing image [111/148]
I20261002 19:51:46.852791 24672 pairing.cc:389]  in 0.005s
I20261002 19:51:46.852943 24672 pairing.cc:372] Indexing image [112/148]
I20261002 19:51:46.858978 24672 pairing.cc:389]  in 0.006s
I20261002 19:51:46.859116 24672 pairing.cc:372] Indexing image [113/148]
I20261002 19:51:46.864566 24672 pairing.cc:389]  in 0.005s
I20261002 19:51:46.864698 24672 pairing.cc:372] Indexing image [114/148]
I20261002 19:51:46.870629 24672 pairing.cc:389]  in 0.006s
I20261002 19:51:46.870777 24672 pairing.cc:372] Indexing image [115/148]
I20261002 19:51:46.876512 24672 pairing.cc:389]  in 0.006s
I20261002 19:51:46.876641 24672 pairing.cc:372] Indexing image [116/148]
I20261002 19:51:46.883303 24672 pairing.cc:389]  in 0.007s
I20261002 19:51:46.883442 24672 pairing.cc:372] Indexing image [117/148]
I20261002 19:51:46.889539 24672 pairing.cc:389]  in 0.006s
I20261002 19:51:46.889674 24672 pairing.cc:372] Indexing image [118/148]
I20261002 19:51:46.896513 24672 pairing.cc:389]  in 0.007s
I20261002 19:51:46.896656 24672 pairing.cc:372] Indexing image [119/148]
I20261002 19:51:46.904129 24672 pairing.cc:389]  in 0.007s
I20261002 19:51:46.904267 24672 pairing.cc:372] Indexing image [120/148]
I20261002 19:51:46.911297 24672 pairing.cc:389]  in 0.007s
I20261002 19:51:46.911419 24672 pairing.cc:372] Indexing image [121/148]
I20261002 19:51:46.918672 24672 pairing.cc:389]  in 0.007s
I20261002 19:51:46.918796 24672 pairing.cc:372] Indexing image [122/148]
I20261002 19:51:46.925486 24672 pairing.cc:389]  in 0.007s
I20261002 19:51:46.925592 24672 pairing.cc:372] Indexing image [123/148]
I20261002 19:51:46.932834 24672 pairing.cc:389]  in 0.007s
I20261002 19:51:46.932949 24672 pairing.cc:372] Indexing image [124/148]
I20261002 19:51:46.940449 24672 pairing.cc:389]  in 0.008s
I20261002 19:51:46.940682 24672 pairing.cc:372] Indexing image [125/148]
I20261002 19:51:46.948555 24672 pairing.cc:389]  in 0.008s
I20261002 19:51:46.948705 24672 pairing.cc:372] Indexing image [126/148]
I20261002 19:51:46.955962 24672 pairing.cc:389]  in 0.007s
I20261002 19:51:46.956108 24672 pairing.cc:372] Indexing image [127/148]
I20261002 19:51:46.963671 24672 pairing.cc:389]  in 0.008s
I20261002 19:51:46.963803 24672 pairing.cc:372] Indexing image [128/148]
I20261002 19:51:46.971638 24672 pairing.cc:389]  in 0.008s
I20261002 19:51:46.971772 24672 pairing.cc:372] Indexing image [129/148]
I20261002 19:51:46.979741 24672 pairing.cc:389]  in 0.008s
I20261002 19:51:46.979858 24672 pairing.cc:372] Indexing image [130/148]
I20261002 19:51:46.987816 24672 pairing.cc:389]  in 0.008s
I20261002 19:51:46.987929 24672 pairing.cc:372] Indexing image [131/148]
I20261002 19:51:46.996007 24672 pairing.cc:389]  in 0.008s
I20261002 19:51:46.996214 24672 pairing.cc:372] Indexing image [132/148]
I20261002 19:51:47.004806 24672 pairing.cc:389]  in 0.009s
I20261002 19:51:47.005016 24672 pairing.cc:372] Indexing image [133/148]
I20261002 19:51:47.011982 24672 pairing.cc:389]  in 0.007s
I20261002 19:51:47.012100 24672 pairing.cc:372] Indexing image [134/148]
I20261002 19:51:47.018730 24672 pairing.cc:389]  in 0.007s
I20261002 19:51:47.018877 24672 pairing.cc:372] Indexing image [135/148]
I20261002 19:51:47.025224 24672 pairing.cc:389]  in 0.006s
I20261002 19:51:47.025336 24672 pairing.cc:372] Indexing image [136/148]
I20261002 19:51:47.033512 24672 pairing.cc:389]  in 0.008s
I20261002 19:51:47.033620 24672 pairing.cc:372] Indexing image [137/148]
I20261002 19:51:47.040634 24672 pairing.cc:389]  in 0.007s
I20261002 19:51:47.040781 24672 pairing.cc:372] Indexing image [138/148]
I20261002 19:51:47.046178 24672 pairing.cc:389]  in 0.005s
I20261002 19:51:47.046283 24672 pairing.cc:372] Indexing image [139/148]
I20261002 19:51:47.052208 24672 pairing.cc:389]  in 0.006s
I20261002 19:51:47.052337 24672 pairing.cc:372] Indexing image [140/148]
I20261002 19:51:47.058494 24672 pairing.cc:389]  in 0.006s
I20261002 19:51:47.058620 24672 pairing.cc:372] Indexing image [141/148]
I20261002 19:51:47.064242 24672 pairing.cc:389]  in 0.006s
I20261002 19:51:47.064358 24672 pairing.cc:372] Indexing image [142/148]
I20261002 19:51:47.071077 24672 pairing.cc:389]  in 0.007s
I20261002 19:51:47.071226 24672 pairing.cc:372] Indexing image [143/148]
I20261002 19:51:47.076660 24672 pairing.cc:389]  in 0.005s
I20261002 19:51:47.076801 24672 pairing.cc:372] Indexing image [144/148]
I20261002 19:51:47.082289 24672 pairing.cc:389]  in 0.005s
I20261002 19:51:47.082429 24672 pairing.cc:372] Indexing image [145/148]
I20261002 19:51:47.087906 24672 pairing.cc:389]  in 0.005s
I20261002 19:51:47.088009 24672 pairing.cc:372] Indexing image [146/148]
I20261002 19:51:47.092871 24672 pairing.cc:389]  in 0.005s
I20261002 19:51:47.092982 24672 pairing.cc:372] Indexing image [147/148]
I20261002 19:51:47.098963 24672 pairing.cc:389]  in 0.006s
I20261002 19:51:47.099066 24672 pairing.cc:372] Indexing image [148/148]
I20261002 19:51:47.105212 24672 pairing.cc:389]  in 0.006s
I20261002 19:51:47.109268 24672 pairing.cc:562] Processing image [1/148]
I20261002 19:51:47.122220 24672 feature_matching.cc:218] in 0.013s
I20261002 19:51:47.122445 24672 pairing.cc:562] Processing image [2/148]
I20261002 19:51:47.132058 24672 feature_matching.cc:218] in 0.010s
I20261002 19:51:47.132203 24672 pairing.cc:562] Processing image [3/148]
I20261002 19:51:47.140052 24672 feature_matching.cc:218] in 0.008s
I20261002 19:51:47.140187 24672 pairing.cc:562] Processing image [4/148]
I20261002 19:51:47.147500 24672 feature_matching.cc:218] in 0.007s
I20261002 19:51:47.147641 24672 pairing.cc:562] Processing image [5/148]
I20261002 19:51:47.157729 24672 feature_matching.cc:218] in 0.010s
I20261002 19:51:47.157869 24672 pairing.cc:562] Processing image [6/148]
I20261002 19:51:47.167686 24672 feature_matching.cc:218] in 0.010s
I20261002 19:51:47.167864 24672 pairing.cc:562] Processing image [7/148]
I20261002 19:51:47.177303 24672 feature_matching.cc:218] in 0.009s
I20261002 19:51:47.177471 24672 pairing.cc:562] Processing image [8/148]
I20261002 19:51:47.186194 24672 feature_matching.cc:218] in 0.009s
I20261002 19:51:47.186338 24672 pairing.cc:562] Processing image [9/148]
I20261002 19:51:47.194396 24672 feature_matching.cc:218] in 0.008s
I20261002 19:51:47.194535 24672 pairing.cc:562] Processing image [10/148]
I20261002 19:51:47.203072 24672 feature_matching.cc:218] in 0.009s
I20261002 19:51:47.203252 24672 pairing.cc:562] Processing image [11/148]
I20261002 19:51:47.211468 24672 feature_matching.cc:218] in 0.008s
I20261002 19:51:47.211606 24672 pairing.cc:562] Processing image [12/148]
I20261002 19:51:47.221251 24672 feature_matching.cc:218] in 0.010s
I20261002 19:51:47.221401 24672 pairing.cc:562] Processing image [13/148]
I20261002 19:51:47.233305 24672 feature_matching.cc:218] in 0.012s
I20261002 19:51:47.233437 24672 pairing.cc:562] Processing image [14/148]
I20261002 19:51:47.244566 24672 feature_matching.cc:218] in 0.011s
I20261002 19:51:47.244715 24672 pairing.cc:562] Processing image [15/148]
I20261002 19:51:47.252955 24672 feature_matching.cc:218] in 0.008s
I20261002 19:51:47.253108 24672 pairing.cc:562] Processing image [16/148]
I20261002 19:51:47.261387 24672 feature_matching.cc:218] in 0.008s
I20261002 19:51:47.261534 24672 pairing.cc:562] Processing image [17/148]
I20261002 19:51:47.271703 24672 feature_matching.cc:218] in 0.010s
I20261002 19:51:47.271860 24672 pairing.cc:562] Processing image [18/148]
I20261002 19:51:47.280071 24672 feature_matching.cc:218] in 0.008s
I20261002 19:51:47.280214 24672 pairing.cc:562] Processing image [19/148]
I20261002 19:51:47.290833 24672 feature_matching.cc:218] in 0.011s
I20261002 19:51:47.290965 24672 pairing.cc:562] Processing image [20/148]
I20261002 19:51:47.298711 24672 feature_matching.cc:218] in 0.008s
I20261002 19:51:47.298860 24672 pairing.cc:562] Processing image [21/148]
I20261002 19:51:47.306182 24672 feature_matching.cc:218] in 0.007s
I20261002 19:51:47.306338 24672 pairing.cc:562] Processing image [22/148]
I20261002 19:51:47.315803 24672 feature_matching.cc:218] in 0.009s
I20261002 19:51:47.315961 24672 pairing.cc:562] Processing image [23/148]
I20261002 19:51:47.326734 24672 feature_matching.cc:218] in 0.011s
I20261002 19:51:47.326876 24672 pairing.cc:562] Processing image [24/148]
I20261002 19:51:47.337643 24672 feature_matching.cc:218] in 0.011s
I20261002 19:51:47.337805 24672 pairing.cc:562] Processing image [25/148]
I20261002 19:51:47.346593 24672 feature_matching.cc:218] in 0.009s
I20261002 19:51:47.346727 24672 pairing.cc:562] Processing image [26/148]
I20261002 19:51:47.354268 24672 feature_matching.cc:218] in 0.008s
I20261002 19:51:47.354394 24672 pairing.cc:562] Processing image [27/148]
I20261002 19:51:47.362507 24672 feature_matching.cc:218] in 0.008s
I20261002 19:51:47.362636 24672 pairing.cc:562] Processing image [28/148]
I20261002 19:51:47.370739 24672 feature_matching.cc:218] in 0.008s
I20261002 19:51:47.370869 24672 pairing.cc:562] Processing image [29/148]
I20261002 19:51:47.377680 24672 feature_matching.cc:218] in 0.007s
I20261002 19:51:47.377804 24672 pairing.cc:562] Processing image [30/148]
I20261002 19:51:47.386511 24672 feature_matching.cc:218] in 0.009s
I20261002 19:51:47.386637 24672 pairing.cc:562] Processing image [31/148]
I20261002 19:51:47.395884 24672 feature_matching.cc:218] in 0.009s
I20261002 19:51:47.396002 24672 pairing.cc:562] Processing image [32/148]
I20261002 19:51:47.404020 24672 feature_matching.cc:218] in 0.008s
I20261002 19:51:47.404165 24672 pairing.cc:562] Processing image [33/148]
I20261002 19:51:47.412660 24672 feature_matching.cc:218] in 0.009s
I20261002 19:51:47.412780 24672 pairing.cc:562] Processing image [34/148]
I20261002 19:51:47.422788 24672 feature_matching.cc:218] in 0.010s
I20261002 19:51:47.422934 24672 pairing.cc:562] Processing image [35/148]
I20261002 19:51:47.431141 24672 feature_matching.cc:218] in 0.008s
I20261002 19:51:47.431268 24672 pairing.cc:562] Processing image [36/148]
I20261002 19:51:47.438700 24672 feature_matching.cc:218] in 0.007s
I20261002 19:51:47.438846 24672 pairing.cc:562] Processing image [37/148]
I20261002 19:51:47.446872 24672 feature_matching.cc:218] in 0.008s
I20261002 19:51:47.447017 24672 pairing.cc:562] Processing image [38/148]
I20261002 19:51:47.454687 24672 feature_matching.cc:218] in 0.008s
I20261002 19:51:47.454811 24672 pairing.cc:562] Processing image [39/148]
I20261002 19:51:47.462943 24672 feature_matching.cc:218] in 0.008s
I20261002 19:51:47.463058 24672 pairing.cc:562] Processing image [40/148]
I20261002 19:51:47.470714 24672 feature_matching.cc:218] in 0.008s
I20261002 19:51:47.470850 24672 pairing.cc:562] Processing image [41/148]
I20261002 19:51:47.478389 24672 feature_matching.cc:218] in 0.008s
I20261002 19:51:47.478536 24672 pairing.cc:562] Processing image [42/148]
I20261002 19:51:47.488000 24672 feature_matching.cc:218] in 0.009s
I20261002 19:51:47.488125 24672 pairing.cc:562] Processing image [43/148]
I20261002 19:51:47.500402 24672 feature_matching.cc:218] in 0.012s
I20261002 19:51:47.500518 24672 pairing.cc:562] Processing image [44/148]
I20261002 19:51:47.507075 24672 feature_matching.cc:218] in 0.007s
I20261002 19:51:47.507217 24672 pairing.cc:562] Processing image [45/148]
I20261002 19:51:47.515591 24672 feature_matching.cc:218] in 0.008s
I20261002 19:51:47.515718 24672 pairing.cc:562] Processing image [46/148]
I20261002 19:51:47.526905 24672 feature_matching.cc:218] in 0.011s
I20261002 19:51:47.527028 24672 pairing.cc:562] Processing image [47/148]
I20261002 19:51:47.534754 24672 feature_matching.cc:218] in 0.008s
I20261002 19:51:47.534886 24672 pairing.cc:562] Processing image [48/148]
I20261002 19:51:47.545390 24672 feature_matching.cc:218] in 0.011s
I20261002 19:51:47.545572 24672 pairing.cc:562] Processing image [49/148]
I20261002 19:51:47.560713 24672 feature_matching.cc:218] in 0.015s
I20261002 19:51:47.560908 24672 pairing.cc:562] Processing image [50/148]
I20261002 19:51:47.568648 24672 feature_matching.cc:218] in 0.008s
I20261002 19:51:47.568829 24672 pairing.cc:562] Processing image [51/148]
I20261002 19:51:47.575678 24672 feature_matching.cc:218] in 0.007s
I20261002 19:51:47.575808 24672 pairing.cc:562] Processing image [52/148]
I20261002 19:51:47.585209 24672 feature_matching.cc:218] in 0.009s
I20261002 19:51:47.585373 24672 pairing.cc:562] Processing image [53/148]
I20261002 19:51:47.592001 24672 feature_matching.cc:218] in 0.007s
I20261002 19:51:47.592123 24672 pairing.cc:562] Processing image [54/148]
I20261002 19:51:47.604258 24672 feature_matching.cc:218] in 0.012s
I20261002 19:51:47.604402 24672 pairing.cc:562] Processing image [55/148]
I20261002 19:51:47.613013 24672 feature_matching.cc:218] in 0.009s
I20261002 19:51:47.613138 24672 pairing.cc:562] Processing image [56/148]
I20261002 19:51:47.621289 24672 feature_matching.cc:218] in 0.008s
I20261002 19:51:47.621415 24672 pairing.cc:562] Processing image [57/148]
I20261002 19:51:47.628269 24672 feature_matching.cc:218] in 0.007s
I20261002 19:51:47.628388 24672 pairing.cc:562] Processing image [58/148]
I20261002 19:51:47.635341 24672 feature_matching.cc:218] in 0.007s
I20261002 19:51:47.635467 24672 pairing.cc:562] Processing image [59/148]
I20261002 19:51:47.643081 24672 feature_matching.cc:218] in 0.008s
I20261002 19:51:47.643222 24672 pairing.cc:562] Processing image [60/148]
I20261002 19:51:47.651836 24672 feature_matching.cc:218] in 0.009s
I20261002 19:51:47.651987 24672 pairing.cc:562] Processing image [61/148]
I20261002 19:51:47.661818 24672 feature_matching.cc:218] in 0.010s
I20261002 19:51:47.661942 24672 pairing.cc:562] Processing image [62/148]
I20261002 19:51:47.669055 24672 feature_matching.cc:218] in 0.007s
I20261002 19:51:47.669208 24672 pairing.cc:562] Processing image [63/148]
I20261002 19:51:47.677545 24672 feature_matching.cc:218] in 0.008s
I20261002 19:51:47.677724 24672 pairing.cc:562] Processing image [64/148]
I20261002 19:51:47.686433 24672 feature_matching.cc:218] in 0.009s
I20261002 19:51:47.686553 24672 pairing.cc:562] Processing image [65/148]
I20261002 19:51:47.695021 24672 feature_matching.cc:218] in 0.008s
I20261002 19:51:47.695167 24672 pairing.cc:562] Processing image [66/148]
I20261002 19:51:47.703170 24672 feature_matching.cc:218] in 0.008s
I20261002 19:51:47.703387 24672 pairing.cc:562] Processing image [67/148]
I20261002 19:51:47.711775 24672 feature_matching.cc:218] in 0.008s
I20261002 19:51:47.711903 24672 pairing.cc:562] Processing image [68/148]
I20261002 19:51:47.721089 24672 feature_matching.cc:218] in 0.009s
I20261002 19:51:47.721236 24672 pairing.cc:562] Processing image [69/148]
I20261002 19:51:47.729416 24672 feature_matching.cc:218] in 0.008s
I20261002 19:51:47.729540 24672 pairing.cc:562] Processing image [70/148]
I20261002 19:51:47.738357 24672 feature_matching.cc:218] in 0.009s
I20261002 19:51:47.738508 24672 pairing.cc:562] Processing image [71/148]
I20261002 19:51:47.747972 24672 feature_matching.cc:218] in 0.009s
I20261002 19:51:47.748130 24672 pairing.cc:562] Processing image [72/148]
I20261002 19:51:47.755067 24672 feature_matching.cc:218] in 0.007s
I20261002 19:51:47.755203 24672 pairing.cc:562] Processing image [73/148]
I20261002 19:51:47.764226 24672 feature_matching.cc:218] in 0.009s
I20261002 19:51:47.764346 24672 pairing.cc:562] Processing image [74/148]
I20261002 19:51:47.772378 24672 feature_matching.cc:218] in 0.008s
I20261002 19:51:47.772510 24672 pairing.cc:562] Processing image [75/148]
I20261002 19:51:47.779434 24672 feature_matching.cc:218] in 0.007s
I20261002 19:51:47.779571 24672 pairing.cc:562] Processing image [76/148]
I20261002 19:51:47.790289 24672 feature_matching.cc:218] in 0.011s
I20261002 19:51:47.790410 24672 pairing.cc:562] Processing image [77/148]
I20261002 19:51:47.797563 24672 feature_matching.cc:218] in 0.007s
I20261002 19:51:47.797684 24672 pairing.cc:562] Processing image [78/148]
I20261002 19:51:47.808002 24672 feature_matching.cc:218] in 0.010s
I20261002 19:51:47.808149 24672 pairing.cc:562] Processing image [79/148]
I20261002 19:51:47.815208 24672 feature_matching.cc:218] in 0.007s
I20261002 19:51:47.815332 24672 pairing.cc:562] Processing image [80/148]
I20261002 19:51:47.823961 24672 feature_matching.cc:218] in 0.009s
I20261002 19:51:47.824083 24672 pairing.cc:562] Processing image [81/148]
I20261002 19:51:47.831680 24672 feature_matching.cc:218] in 0.008s
I20261002 19:51:47.831790 24672 pairing.cc:562] Processing image [82/148]
I20261002 19:51:47.846127 24672 feature_matching.cc:218] in 0.014s
I20261002 19:51:47.846460 24672 pairing.cc:562] Processing image [83/148]
I20261002 19:51:47.856481 24672 feature_matching.cc:218] in 0.010s
I20261002 19:51:47.856700 24672 pairing.cc:562] Processing image [84/148]
I20261002 19:51:47.865964 24672 feature_matching.cc:218] in 0.009s
I20261002 19:51:47.866183 24672 pairing.cc:562] Processing image [85/148]
I20261002 19:51:47.872062 24672 feature_matching.cc:218] in 0.006s
I20261002 19:51:47.872204 24672 pairing.cc:562] Processing image [86/148]
I20261002 19:51:47.879082 24672 feature_matching.cc:218] in 0.007s
I20261002 19:51:47.879206 24672 pairing.cc:562] Processing image [87/148]
I20261002 19:51:47.885521 24672 feature_matching.cc:218] in 0.006s
I20261002 19:51:47.885644 24672 pairing.cc:562] Processing image [88/148]
I20261002 19:51:47.892588 24672 feature_matching.cc:218] in 0.007s
I20261002 19:51:47.892712 24672 pairing.cc:562] Processing image [89/148]
I20261002 19:51:47.902063 24672 feature_matching.cc:218] in 0.009s
I20261002 19:51:47.902213 24672 pairing.cc:562] Processing image [90/148]
I20261002 19:51:47.910054 24672 feature_matching.cc:218] in 0.008s
I20261002 19:51:47.910190 24672 pairing.cc:562] Processing image [91/148]
I20261002 19:51:47.917360 24672 feature_matching.cc:218] in 0.007s
I20261002 19:51:47.917479 24672 pairing.cc:562] Processing image [92/148]
I20261002 19:51:47.926167 24672 feature_matching.cc:218] in 0.009s
I20261002 19:51:47.926289 24672 pairing.cc:562] Processing image [93/148]
I20261002 19:51:47.934962 24672 feature_matching.cc:218] in 0.009s
I20261002 19:51:47.935110 24672 pairing.cc:562] Processing image [94/148]
I20261002 19:51:47.942579 24672 feature_matching.cc:218] in 0.007s
I20261002 19:51:47.942713 24672 pairing.cc:562] Processing image [95/148]
I20261002 19:51:47.948431 24672 feature_matching.cc:218] in 0.006s
I20261002 19:51:47.948569 24672 pairing.cc:562] Processing image [96/148]
I20261002 19:51:47.955651 24672 feature_matching.cc:218] in 0.007s
I20261002 19:51:47.955800 24672 pairing.cc:562] Processing image [97/148]
I20261002 19:51:47.965543 24672 feature_matching.cc:218] in 0.010s
I20261002 19:51:47.965713 24672 pairing.cc:562] Processing image [98/148]
I20261002 19:51:47.972750 24672 feature_matching.cc:218] in 0.007s
I20261002 19:51:47.972933 24672 pairing.cc:562] Processing image [99/148]
I20261002 19:51:47.981117 24672 feature_matching.cc:218] in 0.008s
I20261002 19:51:47.981275 24672 pairing.cc:562] Processing image [100/148]
I20261002 19:51:47.994089 24672 feature_matching.cc:218] in 0.013s
I20261002 19:51:47.994308 24672 pairing.cc:562] Processing image [101/148]
I20261002 19:51:48.001491 24672 feature_matching.cc:218] in 0.007s
I20261002 19:51:48.001658 24672 pairing.cc:562] Processing image [102/148]
I20261002 19:51:48.006981 24672 feature_matching.cc:218] in 0.005s
I20261002 19:51:48.007118 24672 pairing.cc:562] Processing image [103/148]
I20261002 19:51:48.014479 24672 feature_matching.cc:218] in 0.007s
I20261002 19:51:48.014607 24672 pairing.cc:562] Processing image [104/148]
I20261002 19:51:48.020636 24672 feature_matching.cc:218] in 0.006s
I20261002 19:51:48.020779 24672 pairing.cc:562] Processing image [105/148]
I20261002 19:51:48.026616 24672 feature_matching.cc:218] in 0.006s
I20261002 19:51:48.026749 24672 pairing.cc:562] Processing image [106/148]
I20261002 19:51:48.032319 24672 feature_matching.cc:218] in 0.006s
I20261002 19:51:48.032891 24672 pairing.cc:562] Processing image [107/148]
I20261002 19:51:48.038390 24672 feature_matching.cc:218] in 0.006s
I20261002 19:51:48.038524 24672 pairing.cc:562] Processing image [108/148]
I20261002 19:51:48.043723 24672 feature_matching.cc:218] in 0.005s
I20261002 19:51:48.043867 24672 pairing.cc:562] Processing image [109/148]
I20261002 19:51:48.050400 24672 feature_matching.cc:218] in 0.007s
I20261002 19:51:48.050532 24672 pairing.cc:562] Processing image [110/148]
I20261002 19:51:48.057767 24672 feature_matching.cc:218] in 0.007s
I20261002 19:51:48.057900 24672 pairing.cc:562] Processing image [111/148]
I20261002 19:51:48.064162 24672 feature_matching.cc:218] in 0.006s
I20261002 19:51:48.064295 24672 pairing.cc:562] Processing image [112/148]
I20261002 19:51:48.070202 24672 feature_matching.cc:218] in 0.006s
I20261002 19:51:48.070344 24672 pairing.cc:562] Processing image [113/148]
I20261002 19:51:48.076263 24672 feature_matching.cc:218] in 0.006s
I20261002 19:51:48.076396 24672 pairing.cc:562] Processing image [114/148]
I20261002 19:51:48.081983 24672 feature_matching.cc:218] in 0.006s
I20261002 19:51:48.082114 24672 pairing.cc:562] Processing image [115/148]
I20261002 19:51:48.088462 24672 feature_matching.cc:218] in 0.006s
I20261002 19:51:48.088621 24672 pairing.cc:562] Processing image [116/148]
I20261002 19:51:48.096129 24672 feature_matching.cc:218] in 0.008s
I20261002 19:51:48.096274 24672 pairing.cc:562] Processing image [117/148]
I20261002 19:51:48.102361 24672 feature_matching.cc:218] in 0.006s
I20261002 19:51:48.102498 24672 pairing.cc:562] Processing image [118/148]
I20261002 19:51:48.109069 24672 feature_matching.cc:218] in 0.007s
I20261002 19:51:48.109202 24672 pairing.cc:562] Processing image [119/148]
I20261002 19:51:48.116112 24672 feature_matching.cc:218] in 0.007s
I20261002 19:51:48.116264 24672 pairing.cc:562] Processing image [120/148]
I20261002 19:51:48.124315 24672 feature_matching.cc:218] in 0.008s
I20261002 19:51:48.124455 24672 pairing.cc:562] Processing image [121/148]
I20261002 19:51:48.133354 24672 feature_matching.cc:218] in 0.009s
I20261002 19:51:48.133494 24672 pairing.cc:562] Processing image [122/148]
I20261002 19:51:48.140864 24672 feature_matching.cc:218] in 0.007s
I20261002 19:51:48.140994 24672 pairing.cc:562] Processing image [123/148]
I20261002 19:51:48.147635 24672 feature_matching.cc:218] in 0.007s
I20261002 19:51:48.147776 24672 pairing.cc:562] Processing image [124/148]
I20261002 19:51:48.155141 24672 feature_matching.cc:218] in 0.007s
I20261002 19:51:48.155277 24672 pairing.cc:562] Processing image [125/148]
I20261002 19:51:48.163407 24672 feature_matching.cc:218] in 0.008s
I20261002 19:51:48.163546 24672 pairing.cc:562] Processing image [126/148]
I20261002 19:51:48.170701 24672 feature_matching.cc:218] in 0.007s
I20261002 19:51:48.170853 24672 pairing.cc:562] Processing image [127/148]
I20261002 19:51:48.178416 24672 feature_matching.cc:218] in 0.008s
I20261002 19:51:48.178556 24672 pairing.cc:562] Processing image [128/148]
I20261002 19:51:48.184463 24672 feature_matching.cc:218] in 0.006s
I20261002 19:51:48.184599 24672 pairing.cc:562] Processing image [129/148]
I20261002 19:51:48.190971 24672 feature_matching.cc:218] in 0.006s
I20261002 19:51:48.191102 24672 pairing.cc:562] Processing image [130/148]
I20261002 19:51:48.196826 24672 feature_matching.cc:218] in 0.006s
I20261002 19:51:48.196972 24672 pairing.cc:562] Processing image [131/148]
I20261002 19:51:48.203166 24672 feature_matching.cc:218] in 0.006s
I20261002 19:51:48.203323 24672 pairing.cc:562] Processing image [132/148]
I20261002 19:51:48.209454 24672 feature_matching.cc:218] in 0.006s
I20261002 19:51:48.209583 24672 pairing.cc:562] Processing image [133/148]
I20261002 19:51:48.214757 24672 feature_matching.cc:218] in 0.005s
I20261002 19:51:48.214895 24672 pairing.cc:562] Processing image [134/148]
I20261002 19:51:48.219728 24672 feature_matching.cc:218] in 0.005s
I20261002 19:51:48.219860 24672 pairing.cc:562] Processing image [135/148]
I20261002 19:51:48.229106 24672 feature_matching.cc:218] in 0.009s
I20261002 19:51:48.229229 24672 pairing.cc:562] Processing image [136/148]
I20261002 19:51:48.235808 24672 feature_matching.cc:218] in 0.007s
I20261002 19:51:48.235971 24672 pairing.cc:562] Processing image [137/148]
I20261002 19:51:48.241638 24672 feature_matching.cc:218] in 0.006s
I20261002 19:51:48.241772 24672 pairing.cc:562] Processing image [138/148]
I20261002 19:51:48.247117 24672 feature_matching.cc:218] in 0.005s
I20261002 19:51:48.247260 24672 pairing.cc:562] Processing image [139/148]
I20261002 19:51:48.254430 24672 feature_matching.cc:218] in 0.007s
I20261002 19:51:48.254560 24672 pairing.cc:562] Processing image [140/148]
I20261002 19:51:48.260141 24672 feature_matching.cc:218] in 0.006s
I20261002 19:51:48.260268 24672 pairing.cc:562] Processing image [141/148]
I20261002 19:51:48.266151 24672 feature_matching.cc:218] in 0.006s
I20261002 19:51:48.266281 24672 pairing.cc:562] Processing image [142/148]
I20261002 19:51:48.271729 24672 feature_matching.cc:218] in 0.005s
I20261002 19:51:48.271869 24672 pairing.cc:562] Processing image [143/148]
I20261002 19:51:48.277628 24672 feature_matching.cc:218] in 0.006s
I20261002 19:51:48.277746 24672 pairing.cc:562] Processing image [144/148]
I20261002 19:51:48.282954 24672 feature_matching.cc:218] in 0.005s
I20261002 19:51:48.283084 24672 pairing.cc:562] Processing image [145/148]
I20261002 19:51:48.287810 24672 feature_matching.cc:218] in 0.005s
I20261002 19:51:48.287939 24672 pairing.cc:562] Processing image [146/148]
I20261002 19:51:48.292066 24672 feature_matching.cc:218] in 0.004s
I20261002 19:51:48.292194 24672 pairing.cc:562] Processing image [147/148]
I20261002 19:51:48.298666 24672 feature_matching.cc:218] in 0.006s
I20261002 19:51:48.298796 24672 pairing.cc:562] Processing image [148/148]
I20261002 19:51:48.298907 24672 feature_matching.cc:218] in 0.000s
I20261002 19:51:48.299101 24672 pairing.cc:333] Processing image [1/15]
I20261002 19:51:48.339239 24672 feature_matching.cc:218] in 0.040s
I20261002 19:51:48.339400 24672 pairing.cc:333] Processing image [2/15]
I20261002 19:51:48.358054 24672 feature_matching.cc:218] in 0.019s
I20261002 19:51:48.358242 24672 pairing.cc:333] Processing image [3/15]
I20261002 19:51:48.375503 24672 feature_matching.cc:218] in 0.017s
I20261002 19:51:48.375673 24672 pairing.cc:333] Processing image [4/15]
I20261002 19:51:48.397717 24672 feature_matching.cc:218] in 0.022s
I20261002 19:51:48.397915 24672 pairing.cc:333] Processing image [5/15]
I20261002 19:51:48.421875 24672 feature_matching.cc:218] in 0.024s
I20261002 19:51:48.422114 24672 pairing.cc:333] Processing image [6/15]
I20261002 19:51:48.449495 24672 feature_matching.cc:218] in 0.027s
I20261002 19:51:48.449698 24672 pairing.cc:333] Processing image [7/15]
I20261002 19:51:48.469781 24672 feature_matching.cc:218] in 0.020s
I20261002 19:51:48.469977 24672 pairing.cc:333] Processing image [8/15]
I20261002 19:51:48.495732 24672 feature_matching.cc:218] in 0.026s
I20261002 19:51:48.495908 24672 pairing.cc:333] Processing image [9/15]
I20261002 19:51:48.515672 24672 feature_matching.cc:218] in 0.020s
I20261002 19:51:48.515865 24672 pairing.cc:333] Processing image [10/15]
I20261002 19:51:48.537285 24672 feature_matching.cc:218] in 0.021s
I20261002 19:51:48.537477 24672 pairing.cc:333] Processing image [11/15]
I20261002 19:51:48.557367 24672 feature_matching.cc:218] in 0.020s
I20261002 19:51:48.557571 24672 pairing.cc:333] Processing image [12/15]
I20261002 19:51:48.576638 24672 feature_matching.cc:218] in 0.019s
I20261002 19:51:48.576826 24672 pairing.cc:333] Processing image [13/15]
I20261002 19:51:48.600155 24672 feature_matching.cc:218] in 0.023s
I20261002 19:51:48.600345 24672 pairing.cc:333] Processing image [14/15]
I20261002 19:51:48.619465 24672 feature_matching.cc:218] in 0.019s
I20261002 19:51:48.619656 24672 pairing.cc:333] Processing image [15/15]
I20261002 19:51:48.642705 24672 feature_matching.cc:218] in 0.023s
I20261002 19:51:48.642895 24672 timer.cc:90] Elapsed time: 0.054 [minutes]
I20261002 19:51:48.662269 20340 automatic_reconstruction.cc:309] === Sparse reconstruction ===
I20261002 19:51:48.663971 20340 incremental_pipeline.cc:353] Loading database
I20261002 19:51:48.664134 20340 database_cache.cc:82] Loading rigs...
I20261002 19:51:48.664246 20340 database_cache.cc:92]  1 in 0.000s
I20261002 19:51:48.664317 20340 database_cache.cc:100] Loading cameras...
I20261002 19:51:48.664382 20340 database_cache.cc:118]  1 in 0.000s
I20261002 19:51:48.664436 20340 database_cache.cc:126] Loading frames...
I20261002 19:51:48.664650 20340 database_cache.cc:136]  148 in 0.000s
I20261002 19:51:48.664729 20340 database_cache.cc:144] Loading matches...
I20261002 19:51:48.668157 20340 database_cache.cc:163]  1485 in 0.003s
I20261002 19:51:48.668289 20340 database_cache.cc:171] Loading images...
I20261002 19:51:48.669795 20340 database_cache.cc:268]  148 in 0.002s (connected 148, loaded 148)
I20261002 19:51:48.669890 20340 database_cache.cc:282] Loading pose priors...
I20261002 19:51:48.669955 20340 database_cache.cc:290]  0 in 0.000s
I20261002 19:51:48.670009 20340 database_cache.cc:298] Building correspondence graph...
I20261002 19:51:48.683212 20340 database_cache.cc:327]  in 0.013s (ignored 0)
I20261002 19:51:48.683479 20340 timer.cc:90] Elapsed time: 0.000 [minutes]
I20261002 19:51:48.686391 20340 incremental_pipeline.cc:465] Finding good initial image pair
I20261002 19:51:48.974056 20340 incremental_pipeline.cc:472] => No good initial image pair found.
I20261002 19:51:48.983163 20340 incremental_pipeline.cc:800] Discarding reconstruction due to no initial pair
I20261002 19:51:48.983947 20340 incremental_pipeline.cc:429] => Relaxing the initialization constraints.
I20261002 19:51:48.984786 20340 incremental_pipeline.cc:465] Finding good initial image pair
I20261002 19:51:49.247625 20340 incremental_pipeline.cc:492] Registering initial image pair #138 and #143
I20261002 19:51:49.257422 20340 incremental_pipeline.cc:510] Global bundle adjustment
W20261002 19:51:49.257793 20340 bundle_adjustment_ceres.cc:162] Requested to use GPU for bundle adjustment, but Ceres was compiled without CUDA support. Falling back to CPU-based dense solvers.
W20261002 19:51:49.258301 20340 bundle_adjustment_ceres.cc:181] Requested to use GPU for bundle adjustment, but Ceres was compiled without cuDSS support. Falling back to CPU-based sparse solvers.
I20261002 19:51:49.266965 20340 incremental_pipeline.cc:620] Registering image #141 (num_reg_frames=2)
I20261002 19:51:49.267113 20340 incremental_pipeline.cc:623] => Image sees 74 / 141 points
I20261002 19:51:49.272171 20340 incremental_pipeline.cc:88] Retriangulation and Global bundle adjustment
I20261002 19:51:49.276611 20340 incremental_pipeline.cc:620] Registering image #140 (num_reg_frames=3)
I20261002 19:51:49.276726 20340 incremental_pipeline.cc:623] => Image sees 99 / 157 points
I20261002 19:51:49.292247 20340 incremental_pipeline.cc:620] Registering image #139 (num_reg_frames=4)
I20261002 19:51:49.292361 20340 incremental_pipeline.cc:623] => Image sees 97 / 139 points
I20261002 19:51:49.292435 20340 incremental_pipeline.cc:646] => Could not register, trying another image.
I20261002 19:51:49.292490 20340 incremental_pipeline.cc:620] Registering image #142 (num_reg_frames=4)
I20261002 19:51:49.292540 20340 incremental_pipeline.cc:623] => Image sees 92 / 150 points
I20261002 19:51:49.292601 20340 incremental_pipeline.cc:646] => Could not register, trying another image.
I20261002 19:51:49.292648 20340 incremental_pipeline.cc:620] Registering image #144 (num_reg_frames=4)
I20261002 19:51:49.292696 20340 incremental_pipeline.cc:623] => Image sees 87 / 127 points
I20261002 19:51:49.292757 20340 incremental_pipeline.cc:646] => Could not register, trying another image.
I20261002 19:51:49.292803 20340 incremental_pipeline.cc:620] Registering image #134 (num_reg_frames=4)
I20261002 19:51:49.292850 20340 incremental_pipeline.cc:623] => Image sees 73 / 165 points
I20261002 19:51:49.292908 20340 incremental_pipeline.cc:646] => Could not register, trying another image.
I20261002 19:51:49.292956 20340 incremental_pipeline.cc:620] Registering image #135 (num_reg_frames=4)
I20261002 19:51:49.293003 20340 incremental_pipeline.cc:623] => Image sees 66 / 158 points
I20261002 19:51:49.293061 20340 incremental_pipeline.cc:646] => Could not register, trying another image.
I20261002 19:51:49.293108 20340 incremental_pipeline.cc:620] Registering image #146 (num_reg_frames=4)
I20261002 19:51:49.293156 20340 incremental_pipeline.cc:623] => Image sees 65 / 111 points
I20261002 19:51:49.293213 20340 incremental_pipeline.cc:646] => Could not register, trying another image.
I20261002 19:51:49.293260 20340 incremental_pipeline.cc:620] Registering image #129 (num_reg_frames=4)
I20261002 19:51:49.293310 20340 incremental_pipeline.cc:623] => Image sees 63 / 183 points
I20261002 19:51:49.293370 20340 incremental_pipeline.cc:646] => Could not register, trying another image.
I20261002 19:51:49.293419 20340 incremental_pipeline.cc:620] Registering image #133 (num_reg_frames=4)
I20261002 19:51:49.293466 20340 incremental_pipeline.cc:623] => Image sees 64 / 162 points
I20261002 19:51:49.293525 20340 incremental_pipeline.cc:646] => Could not register, trying another image.
I20261002 19:51:49.293615 20340 incremental_pipeline.cc:620] Registering image #128 (num_reg_frames=4)
I20261002 19:51:49.293663 20340 incremental_pipeline.cc:623] => Image sees 63 / 195 points
I20261002 19:51:49.293724 20340 incremental_pipeline.cc:646] => Could not register, trying another image.
I20261002 19:51:49.293771 20340 incremental_pipeline.cc:620] Registering image #136 (num_reg_frames=4)
I20261002 19:51:49.293819 20340 incremental_pipeline.cc:623] => Image sees 62 / 196 points
I20261002 19:51:49.293878 20340 incremental_pipeline.cc:646] => Could not register, trying another image.
I20261002 19:51:49.293925 20340 incremental_pipeline.cc:620] Registering image #126 (num_reg_frames=4)
I20261002 19:51:49.293973 20340 incremental_pipeline.cc:623] => Image sees 59 / 177 points
I20261002 19:51:49.294030 20340 incremental_pipeline.cc:646] => Could not register, trying another image.
I20261002 19:51:49.294076 20340 incremental_pipeline.cc:620] Registering image #132 (num_reg_frames=4)
I20261002 19:51:49.294123 20340 incremental_pipeline.cc:623] => Image sees 57 / 208 points
I20261002 19:51:49.294184 20340 incremental_pipeline.cc:646] => Could not register, trying another image.
I20261002 19:51:49.294231 20340 incremental_pipeline.cc:620] Registering image #137 (num_reg_frames=4)
I20261002 19:51:49.294278 20340 incremental_pipeline.cc:623] => Image sees 62 / 145 points
I20261002 19:51:49.294336 20340 incremental_pipeline.cc:646] => Could not register, trying another image.
I20261002 19:51:49.294382 20340 incremental_pipeline.cc:620] Registering image #147 (num_reg_frames=4)
I20261002 19:51:49.294429 20340 incremental_pipeline.cc:623] => Image sees 57 / 130 points
I20261002 19:51:49.294521 20340 incremental_pipeline.cc:646] => Could not register, trying another image.
I20261002 19:51:49.294570 20340 incremental_pipeline.cc:620] Registering image #124 (num_reg_frames=4)
I20261002 19:51:49.294617 20340 incremental_pipeline.cc:623] => Image sees 59 / 173 points
I20261002 19:51:49.294677 20340 incremental_pipeline.cc:646] => Could not register, trying another image.
I20261002 19:51:49.294724 20340 incremental_pipeline.cc:620] Registering image #121 (num_reg_frames=4)
I20261002 19:51:49.294771 20340 incremental_pipeline.cc:623] => Image sees 57 / 182 points
I20261002 19:51:49.294843 20340 incremental_pipeline.cc:646] => Could not register, trying another image.
I20261002 19:51:49.294890 20340 incremental_pipeline.cc:620] Registering image #131 (num_reg_frames=4)
I20261002 19:51:49.294937 20340 incremental_pipeline.cc:623] => Image sees 60 / 200 points
I20261002 19:51:49.294995 20340 incremental_pipeline.cc:646] => Could not register, trying another image.
I20261002 19:51:49.295042 20340 incremental_pipeline.cc:620] Registering image #127 (num_reg_frames=4)
I20261002 19:51:49.295089 20340 incremental_pipeline.cc:623] => Image sees 57 / 177 points
I20261002 19:51:49.295149 20340 incremental_pipeline.cc:646] => Could not register, trying another image.
I20261002 19:51:49.295198 20340 incremental_pipeline.cc:620] Registering image #130 (num_reg_frames=4)
I20261002 19:51:49.295245 20340 incremental_pipeline.cc:623] => Image sees 58 / 209 points
I20261002 19:51:49.295320 20340 incremental_pipeline.cc:646] => Could not register, trying another image.
I20261002 19:51:49.295367 20340 incremental_pipeline.cc:620] Registering image #123 (num_reg_frames=4)
I20261002 19:51:49.295414 20340 incremental_pipeline.cc:623] => Image sees 57 / 182 points
I20261002 19:51:49.295473 20340 incremental_pipeline.cc:646] => Could not register, trying another image.
I20261002 19:51:49.295520 20340 incremental_pipeline.cc:620] Registering image #115 (num_reg_frames=4)
I20261002 19:51:49.295567 20340 incremental_pipeline.cc:623] => Image sees 53 / 139 points
I20261002 19:51:49.295623 20340 incremental_pipeline.cc:646] => Could not register, trying another image.
I20261002 19:51:49.295670 20340 incremental_pipeline.cc:620] Registering image #119 (num_reg_frames=4)
I20261002 19:51:49.295717 20340 incremental_pipeline.cc:623] => Image sees 52 / 183 points
I20261002 19:51:49.295778 20340 incremental_pipeline.cc:646] => Could not register, trying another image.
I20261002 19:51:49.295825 20340 incremental_pipeline.cc:620] Registering image #120 (num_reg_frames=4)
I20261002 19:51:49.295872 20340 incremental_pipeline.cc:623] => Image sees 52 / 170 points
I20261002 19:51:49.295929 20340 incremental_pipeline.cc:646] => Could not register, trying another image.
I20261002 19:51:49.295975 20340 incremental_pipeline.cc:620] Registering image #145 (num_reg_frames=4)
I20261002 19:51:49.296022 20340 incremental_pipeline.cc:623] => Image sees 52 / 116 points
I20261002 19:51:49.296079 20340 incremental_pipeline.cc:646] => Could not register, trying another image.
I20261002 19:51:49.296124 20340 incremental_pipeline.cc:620] Registering image #116 (num_reg_frames=4)
I20261002 19:51:49.296291 20340 incremental_pipeline.cc:623] => Image sees 48 / 155 points
I20261002 19:51:49.296586 20340 incremental_pipeline.cc:646] => Could not register, trying another image.
I20261002 19:51:49.296757 20340 incremental_pipeline.cc:620] Registering image #112 (num_reg_frames=4)
I20261002 19:51:49.296892 20340 incremental_pipeline.cc:623] => Image sees 50 / 151 points
I20261002 19:51:49.297105 20340 incremental_pipeline.cc:646] => Could not register, trying another image.
I20261002 19:51:49.297199 20340 incremental_pipeline.cc:620] Registering image #122 (num_reg_frames=4)
I20261002 19:51:49.297264 20340 incremental_pipeline.cc:623] => Image sees 55 / 165 points
I20261002 19:51:49.297334 20340 incremental_pipeline.cc:646] => Could not register, trying another image.
I20261002 19:51:49.297390 20340 incremental_pipeline.cc:620] Registering image #125 (num_reg_frames=4)
I20261002 19:51:49.297550 20340 incremental_pipeline.cc:623] => Image sees 47 / 195 points
I20261002 19:51:49.297635 20340 incremental_pipeline.cc:646] => Could not register, trying another image.
I20261002 19:51:49.297692 20340 incremental_pipeline.cc:620] Registering image #114 (num_reg_frames=4)
I20261002 19:51:49.297747 20340 incremental_pipeline.cc:623] => Image sees 47 / 151 points
I20261002 19:51:49.297810 20340 incremental_pipeline.cc:646] => Could not register, trying another image.
I20261002 19:51:49.297863 20340 incremental_pipeline.cc:620] Registering image #118 (num_reg_frames=4)
I20261002 19:51:49.297917 20340 incremental_pipeline.cc:623] => Image sees 48 / 174 points
I20261002 19:51:49.297985 20340 incremental_pipeline.cc:646] => Could not register, trying another image.
I20261002 19:51:49.298039 20340 incremental_pipeline.cc:620] Registering image #117 (num_reg_frames=4)
I20261002 19:51:49.298093 20340 incremental_pipeline.cc:623] => Image sees 45 / 153 points
I20261002 19:51:49.298156 20340 incremental_pipeline.cc:646] => Could not register, trying another image.
I20261002 19:51:49.298217 20340 incremental_pipeline.cc:620] Registering image #144 (num_reg_frames=4)
I20261002 19:51:49.298272 20340 incremental_pipeline.cc:623] => Image sees 87 / 127 points
I20261002 19:51:49.298324 20340 incremental_pipeline.cc:629] Registering image with structure-less fallback
I20261002 19:51:49.298378 20340 incremental_pipeline.cc:631] => Image sees 300 / 714 correspondences
I20261002 19:51:49.298444 20340 incremental_pipeline.cc:646] => Could not register, trying another image.
I20261002 19:51:49.298499 20340 incremental_pipeline.cc:620] Registering image #139 (num_reg_frames=4)
I20261002 19:51:49.298552 20340 incremental_pipeline.cc:623] => Image sees 97 / 139 points
I20261002 19:51:49.298604 20340 incremental_pipeline.cc:629] Registering image with structure-less fallback
I20261002 19:51:49.298656 20340 incremental_pipeline.cc:631] => Image sees 261 / 811 correspondences
I20261002 19:51:49.298718 20340 incremental_pipeline.cc:646] => Could not register, trying another image.
I20261002 19:51:49.298769 20340 incremental_pipeline.cc:620] Registering image #142 (num_reg_frames=4)
I20261002 19:51:49.298822 20340 incremental_pipeline.cc:623] => Image sees 92 / 150 points
I20261002 19:51:49.299035 20340 incremental_pipeline.cc:629] Registering image with structure-less fallback
I20261002 19:51:49.299194 20340 incremental_pipeline.cc:631] => Image sees 258 / 1018 correspondences
I20261002 19:51:49.299423 20340 incremental_pipeline.cc:646] => Could not register, trying another image.
I20261002 19:51:49.299559 20340 incremental_pipeline.cc:620] Registering image #130 (num_reg_frames=4)
I20261002 19:51:49.299638 20340 incremental_pipeline.cc:623] => Image sees 58 / 209 points
I20261002 19:51:49.299751 20340 incremental_pipeline.cc:629] Registering image with structure-less fallback
I20261002 19:51:49.299856 20340 incremental_pipeline.cc:631] => Image sees 236 / 5240 correspondences
I20261002 19:51:49.299952 20340 incremental_pipeline.cc:646] => Could not register, trying another image.
I20261002 19:51:49.300010 20340 incremental_pipeline.cc:620] Registering image #133 (num_reg_frames=4)
I20261002 19:51:49.300067 20340 incremental_pipeline.cc:623] => Image sees 64 / 162 points
I20261002 19:51:49.300121 20340 incremental_pipeline.cc:629] Registering image with structure-less fallback
I20261002 19:51:49.300176 20340 incremental_pipeline.cc:631] => Image sees 144 / 1289 correspondences
I20261002 19:51:49.300241 20340 incremental_pipeline.cc:646] => Could not register, trying another image.
I20261002 19:51:49.300296 20340 incremental_pipeline.cc:620] Registering image #131 (num_reg_frames=4)
I20261002 19:51:49.300350 20340 incremental_pipeline.cc:623] => Image sees 60 / 200 points
I20261002 19:51:49.300405 20340 incremental_pipeline.cc:629] Registering image with structure-less fallback
I20261002 19:51:49.300459 20340 incremental_pipeline.cc:631] => Image sees 141 / 1553 correspondences
I20261002 19:51:49.300562 20340 incremental_pipeline.cc:646] => Could not register, trying another image.
I20261002 19:51:49.300618 20340 incremental_pipeline.cc:620] Registering image #134 (num_reg_frames=4)
I20261002 19:51:49.300673 20340 incremental_pipeline.cc:623] => Image sees 73 / 165 points
I20261002 19:51:49.300731 20340 incremental_pipeline.cc:629] Registering image with structure-less fallback
I20261002 19:51:49.300786 20340 incremental_pipeline.cc:631] => Image sees 134 / 1224 correspondences
I20261002 19:51:49.300851 20340 incremental_pipeline.cc:646] => Could not register, trying another image.
I20261002 19:51:49.300905 20340 incremental_pipeline.cc:620] Registering image #146 (num_reg_frames=4)
I20261002 19:51:49.300960 20340 incremental_pipeline.cc:623] => Image sees 65 / 111 points
I20261002 19:51:49.301014 20340 incremental_pipeline.cc:629] Registering image with structure-less fallback
I20261002 19:51:49.301068 20340 incremental_pipeline.cc:631] => Image sees 130 / 533 correspondences
I20261002 19:51:49.301128 20340 incremental_pipeline.cc:646] => Could not register, trying another image.
I20261002 19:51:49.301185 20340 incremental_pipeline.cc:620] Registering image #124 (num_reg_frames=4)
I20261002 19:51:49.301240 20340 incremental_pipeline.cc:623] => Image sees 59 / 173 points
I20261002 19:51:49.301295 20340 incremental_pipeline.cc:629] Registering image with structure-less fallback
I20261002 19:51:49.301349 20340 incremental_pipeline.cc:631] => Image sees 127 / 1479 correspondences
I20261002 19:51:49.301413 20340 incremental_pipeline.cc:646] => Could not register, trying another image.
I20261002 19:51:49.301468 20340 incremental_pipeline.cc:620] Registering image #123 (num_reg_frames=4)
I20261002 19:51:49.301522 20340 incremental_pipeline.cc:623] => Image sees 57 / 182 points
I20261002 19:51:49.301576 20340 incremental_pipeline.cc:629] Registering image with structure-less fallback
I20261002 19:51:49.301630 20340 incremental_pipeline.cc:631] => Image sees 126 / 1691 correspondences
I20261002 19:51:49.301695 20340 incremental_pipeline.cc:646] => Could not register, trying another image.
I20261002 19:51:49.301752 20340 incremental_pipeline.cc:620] Registering image #129 (num_reg_frames=4)
I20261002 19:51:49.301806 20340 incremental_pipeline.cc:623] => Image sees 63 / 183 points
I20261002 19:51:49.301863 20340 incremental_pipeline.cc:629] Registering image with structure-less fallback
I20261002 19:51:49.301917 20340 incremental_pipeline.cc:631] => Image sees 125 / 1670 correspondences
I20261002 19:51:49.301983 20340 incremental_pipeline.cc:646] => Could not register, trying another image.
I20261002 19:51:49.302038 20340 incremental_pipeline.cc:620] Registering image #121 (num_reg_frames=4)
I20261002 19:51:49.302092 20340 incremental_pipeline.cc:623] => Image sees 57 / 182 points
I20261002 19:51:49.302289 20340 incremental_pipeline.cc:629] Registering image with structure-less fallback
I20261002 19:51:49.302405 20340 incremental_pipeline.cc:631] => Image sees 122 / 5092 correspondences
I20261002 19:51:49.302543 20340 incremental_pipeline.cc:646] => Could not register, trying another image.
I20261002 19:51:49.302664 20340 incremental_pipeline.cc:620] Registering image #137 (num_reg_frames=4)
I20261002 19:51:49.302983 20340 incremental_pipeline.cc:623] => Image sees 62 / 145 points
I20261002 19:51:49.303173 20340 incremental_pipeline.cc:629] Registering image with structure-less fallback
I20261002 19:51:49.303254 20340 incremental_pipeline.cc:631] => Image sees 118 / 1299 correspondences
I20261002 19:51:49.303326 20340 incremental_pipeline.cc:646] => Could not register, trying another image.
I20261002 19:51:49.303383 20340 incremental_pipeline.cc:620] Registering image #147 (num_reg_frames=4)
I20261002 19:51:49.303439 20340 incremental_pipeline.cc:623] => Image sees 57 / 130 points
I20261002 19:51:49.303494 20340 incremental_pipeline.cc:629] Registering image with structure-less fallback
I20261002 19:51:49.303552 20340 incremental_pipeline.cc:631] => Image sees 107 / 465 correspondences
I20261002 19:51:49.303614 20340 incremental_pipeline.cc:646] => Could not register, trying another image.
I20261002 19:51:49.303704 20340 incremental_pipeline.cc:620] Registering image #145 (num_reg_frames=4)
I20261002 19:51:49.303761 20340 incremental_pipeline.cc:623] => Image sees 52 / 116 points
I20261002 19:51:49.303816 20340 incremental_pipeline.cc:629] Registering image with structure-less fallback
I20261002 19:51:49.303871 20340 incremental_pipeline.cc:631] => Image sees 105 / 518 correspondences
I20261002 19:51:49.303932 20340 incremental_pipeline.cc:646] => Could not register, trying another image.
I20261002 19:51:49.303986 20340 incremental_pipeline.cc:620] Registering image #107 (num_reg_frames=4)
I20261002 19:51:49.304040 20340 incremental_pipeline.cc:623] => Image sees 46 / 146 points
I20261002 19:51:49.304096 20340 incremental_pipeline.cc:629] Registering image with structure-less fallback
I20261002 19:51:49.304149 20340 incremental_pipeline.cc:631] => Image sees 100 / 1554 correspondences
I20261002 19:51:49.304214 20340 incremental_pipeline.cc:646] => Could not register, trying another image.
I20261002 19:51:49.304268 20340 incremental_pipeline.cc:620] Registering image #110 (num_reg_frames=4)
I20261002 19:51:49.304322 20340 incremental_pipeline.cc:623] => Image sees 50 / 146 points
I20261002 19:51:49.304376 20340 incremental_pipeline.cc:629] Registering image with structure-less fallback
I20261002 19:51:49.304429 20340 incremental_pipeline.cc:631] => Image sees 95 / 4159 correspondences
I20261002 19:51:49.304504 20340 incremental_pipeline.cc:646] => Could not register, trying another image.
I20261002 19:51:49.304558 20340 incremental_pipeline.cc:620] Registering image #148 (num_reg_frames=4)
I20261002 19:51:49.304616 20340 incremental_pipeline.cc:623] => Image sees 40 / 113 points
I20261002 19:51:49.304670 20340 incremental_pipeline.cc:629] Registering image with structure-less fallback
I20261002 19:51:49.304724 20340 incremental_pipeline.cc:631] => Image sees 84 / 407 correspondences
I20261002 19:51:49.304784 20340 incremental_pipeline.cc:646] => Could not register, trying another image.
I20261002 19:51:49.304838 20340 incremental_pipeline.cc:620] Registering image #135 (num_reg_frames=4)
I20261002 19:51:49.304894 20340 incremental_pipeline.cc:623] => Image sees 66 / 158 points
I20261002 19:51:49.304950 20340 incremental_pipeline.cc:629] Registering image with structure-less fallback
I20261002 19:51:49.305005 20340 incremental_pipeline.cc:631] => Image sees 72 / 1095 correspondences
I20261002 19:51:49.305069 20340 incremental_pipeline.cc:646] => Could not register, trying another image.
I20261002 19:51:49.305122 20340 incremental_pipeline.cc:620] Registering image #128 (num_reg_frames=4)
I20261002 19:51:49.305176 20340 incremental_pipeline.cc:623] => Image sees 63 / 195 points
I20261002 19:51:49.305231 20340 incremental_pipeline.cc:629] Registering image with structure-less fallback
I20261002 19:51:49.305285 20340 incremental_pipeline.cc:631] => Image sees 68 / 1604 correspondences
I20261002 19:51:49.305351 20340 incremental_pipeline.cc:646] => Could not register, trying another image.
I20261002 19:51:49.305406 20340 incremental_pipeline.cc:620] Registering image #136 (num_reg_frames=4)
I20261002 19:51:49.305459 20340 incremental_pipeline.cc:623] => Image sees 62 / 196 points
I20261002 19:51:49.305513 20340 incremental_pipeline.cc:629] Registering image with structure-less fallback
I20261002 19:51:49.305567 20340 incremental_pipeline.cc:631] => Image sees 67 / 1323 correspondences
I20261002 19:51:49.305634 20340 incremental_pipeline.cc:646] => Could not register, trying another image.
I20261002 19:51:49.305687 20340 incremental_pipeline.cc:620] Registering image #126 (num_reg_frames=4)
I20261002 19:51:49.305742 20340 incremental_pipeline.cc:623] => Image sees 59 / 177 points
I20261002 19:51:49.305796 20340 incremental_pipeline.cc:629] Registering image with structure-less fallback
I20261002 19:51:49.305850 20340 incremental_pipeline.cc:631] => Image sees 66 / 1502 correspondences
I20261002 19:51:49.305914 20340 incremental_pipeline.cc:646] => Could not register, trying another image.
I20261002 19:51:49.305995 20340 incremental_pipeline.cc:620] Registering image #127 (num_reg_frames=4)
I20261002 19:51:49.306050 20340 incremental_pipeline.cc:623] => Image sees 57 / 177 points
I20261002 19:51:49.306105 20340 incremental_pipeline.cc:629] Registering image with structure-less fallback
I20261002 19:51:49.306159 20340 incremental_pipeline.cc:631] => Image sees 64 / 1712 correspondences
I20261002 19:51:49.306225 20340 incremental_pipeline.cc:646] => Could not register, trying another image.
I20261002 19:51:49.306280 20340 incremental_pipeline.cc:620] Registering image #122 (num_reg_frames=4)
I20261002 19:51:49.306333 20340 incremental_pipeline.cc:623] => Image sees 55 / 165 points
I20261002 19:51:49.306387 20340 incremental_pipeline.cc:629] Registering image with structure-less fallback
I20261002 19:51:49.306441 20340 incremental_pipeline.cc:631] => Image sees 63 / 1421 correspondences
I20261002 19:51:49.306510 20340 incremental_pipeline.cc:646] => Could not register, trying another image.
I20261002 19:51:49.306584 20340 incremental_pipeline.cc:620] Registering image #132 (num_reg_frames=4)
I20261002 19:51:49.306688 20340 incremental_pipeline.cc:623] => Image sees 57 / 208 points
I20261002 19:51:49.306778 20340 incremental_pipeline.cc:629] Registering image with structure-less fallback
I20261002 19:51:49.306846 20340 incremental_pipeline.cc:631] => Image sees 63 / 1711 correspondences
I20261002 19:51:49.306935 20340 incremental_pipeline.cc:646] => Could not register, trying another image.
I20261002 19:51:49.307006 20340 incremental_pipeline.cc:620] Registering image #120 (num_reg_frames=4)
I20261002 19:51:49.307078 20340 incremental_pipeline.cc:623] => Image sees 52 / 170 points
I20261002 19:51:49.307134 20340 incremental_pipeline.cc:629] Registering image with structure-less fallback
I20261002 19:51:49.307189 20340 incremental_pipeline.cc:631] => Image sees 60 / 1390 correspondences
I20261002 19:51:49.307256 20340 incremental_pipeline.cc:646] => Could not register, trying another image.
I20261002 19:51:49.307312 20340 incremental_pipeline.cc:620] Registering image #119 (num_reg_frames=4)
I20261002 19:51:49.307372 20340 incremental_pipeline.cc:623] => Image sees 52 / 183 points
I20261002 19:51:49.307427 20340 incremental_pipeline.cc:629] Registering image with structure-less fallback
I20261002 19:51:49.307482 20340 incremental_pipeline.cc:631] => Image sees 60 / 1696 correspondences
I20261002 19:51:49.307560 20340 incremental_pipeline.cc:646] => Could not register, trying another image.
I20261002 19:51:49.307619 20340 incremental_pipeline.cc:620] Registering image #115 (num_reg_frames=4)
I20261002 19:51:49.307707 20340 incremental_pipeline.cc:623] => Image sees 53 / 139 points
I20261002 19:51:49.307773 20340 incremental_pipeline.cc:629] Registering image with structure-less fallback
I20261002 19:51:49.307833 20340 incremental_pipeline.cc:631] => Image sees 60 / 1402 correspondences
I20261002 19:51:49.307902 20340 incremental_pipeline.cc:646] => Could not register, trying another image.
I20261002 19:51:49.307962 20340 incremental_pipeline.cc:620] Registering image #112 (num_reg_frames=4)
I20261002 19:51:49.308021 20340 incremental_pipeline.cc:623] => Image sees 50 / 151 points
I20261002 19:51:49.308078 20340 incremental_pipeline.cc:629] Registering image with structure-less fallback
I20261002 19:51:49.308149 20340 incremental_pipeline.cc:631] => Image sees 56 / 1458 correspondences
I20261002 19:51:49.308329 20340 incremental_pipeline.cc:646] => Could not register, trying another image.
I20261002 19:51:49.308482 20340 incremental_pipeline.cc:620] Registering image #116 (num_reg_frames=4)
I20261002 19:51:49.308553 20340 incremental_pipeline.cc:623] => Image sees 48 / 155 points
I20261002 19:51:49.308616 20340 incremental_pipeline.cc:629] Registering image with structure-less fallback
I20261002 19:51:49.308692 20340 incremental_pipeline.cc:631] => Image sees 55 / 1667 correspondences
I20261002 19:51:49.308758 20340 incremental_pipeline.cc:646] => Could not register, trying another image.
I20261002 19:51:49.308841 20340 incremental_pipeline.cc:620] Registering image #118 (num_reg_frames=4)
I20261002 19:51:49.308896 20340 incremental_pipeline.cc:623] => Image sees 48 / 174 points
I20261002 19:51:49.308950 20340 incremental_pipeline.cc:629] Registering image with structure-less fallback
I20261002 19:51:49.309003 20340 incremental_pipeline.cc:631] => Image sees 54 / 1710 correspondences
I20261002 19:51:49.309058 20340 incremental_pipeline.cc:646] => Could not register, trying another image.
I20261002 19:51:49.309111 20340 incremental_pipeline.cc:88] Retriangulation and Global bundle adjustment
I20261002 19:51:49.327163 20340 incremental_pipeline.cc:620] Registering image #110 (num_reg_frames=4)
I20261002 19:51:49.327287 20340 incremental_pipeline.cc:623] => Image sees 50 / 146 points
I20261002 19:51:49.327399 20340 incremental_pipeline.cc:646] => Could not register, trying another image.
I20261002 19:51:49.327465 20340 incremental_pipeline.cc:620] Registering image #107 (num_reg_frames=4)
I20261002 19:51:49.327526 20340 incremental_pipeline.cc:623] => Image sees 46 / 146 points
I20261002 19:51:49.327597 20340 incremental_pipeline.cc:646] => Could not register, trying another image.
I20261002 19:51:49.327655 20340 incremental_pipeline.cc:620] Registering image #105 (num_reg_frames=4)
I20261002 19:51:49.327714 20340 incremental_pipeline.cc:623] => Image sees 45 / 161 points
I20261002 19:51:49.327796 20340 incremental_pipeline.cc:646] => Could not register, trying another image.
I20261002 19:51:49.327854 20340 incremental_pipeline.cc:620] Registering image #103 (num_reg_frames=4)
I20261002 19:51:49.327912 20340 incremental_pipeline.cc:623] => Image sees 43 / 176 points
I20261002 19:51:49.327981 20340 incremental_pipeline.cc:646] => Could not register, trying another image.
I20261002 19:51:49.328039 20340 incremental_pipeline.cc:620] Registering image #109 (num_reg_frames=4)
I20261002 19:51:49.328097 20340 incremental_pipeline.cc:623] => Image sees 43 / 133 points
I20261002 19:51:49.328163 20340 incremental_pipeline.cc:646] => Could not register, trying another image.
I20261002 19:51:49.328221 20340 incremental_pipeline.cc:620] Registering image #100 (num_reg_frames=4)
I20261002 19:51:49.328283 20340 incremental_pipeline.cc:623] => Image sees 44 / 201 points
I20261002 19:51:49.328369 20340 incremental_pipeline.cc:646] => Could not register, trying another image.
I20261002 19:51:49.328427 20340 incremental_pipeline.cc:620] Registering image #148 (num_reg_frames=4)
I20261002 19:51:49.328484 20340 incremental_pipeline.cc:623] => Image sees 40 / 113 points
I20261002 19:51:49.328550 20340 incremental_pipeline.cc:646] => Could not register, trying another image.
I20261002 19:51:49.328607 20340 incremental_pipeline.cc:620] Registering image #111 (num_reg_frames=4)
I20261002 19:51:49.328664 20340 incremental_pipeline.cc:623] => Image sees 40 / 147 points
I20261002 19:51:49.328731 20340 incremental_pipeline.cc:646] => Could not register, trying another image.
I20261002 19:51:49.328788 20340 incremental_pipeline.cc:620] Registering image #82 (num_reg_frames=4)
I20261002 19:51:49.328847 20340 incremental_pipeline.cc:623] => Image sees 34 / 205 points
I20261002 19:51:49.328922 20340 incremental_pipeline.cc:646] => Could not register, trying another image.
I20261002 19:51:49.328979 20340 incremental_pipeline.cc:620] Registering image #86 (num_reg_frames=4)
I20261002 19:51:49.329036 20340 incremental_pipeline.cc:623] => Image sees 35 / 198 points
I20261002 19:51:49.329108 20340 incremental_pipeline.cc:646] => Could not register, trying another image.
I20261002 19:51:49.329165 20340 incremental_pipeline.cc:620] Registering image #77 (num_reg_frames=4)
I20261002 19:51:49.329223 20340 incremental_pipeline.cc:623] => Image sees 35 / 217 points
I20261002 19:51:49.329297 20340 incremental_pipeline.cc:646] => Could not register, trying another image.
I20261002 19:51:49.329354 20340 incremental_pipeline.cc:620] Registering image #62 (num_reg_frames=4)
I20261002 19:51:49.329411 20340 incremental_pipeline.cc:623] => Image sees 31 / 218 points
I20261002 19:51:49.329540 20340 incremental_pipeline.cc:646] => Could not register, trying another image.
I20261002 19:51:49.329599 20340 incremental_pipeline.cc:620] Registering image #139 (num_reg_frames=4)
I20261002 19:51:49.329657 20340 incremental_pipeline.cc:623] => Image sees 97 / 139 points
I20261002 19:51:49.329727 20340 incremental_pipeline.cc:646] => Could not register, trying another image.
I20261002 19:51:49.329785 20340 incremental_pipeline.cc:620] Registering image #142 (num_reg_frames=4)
I20261002 19:51:49.329842 20340 incremental_pipeline.cc:623] => Image sees 92 / 150 points
I20261002 19:51:49.329912 20340 incremental_pipeline.cc:646] => Could not register, trying another image.
I20261002 19:51:49.329970 20340 incremental_pipeline.cc:620] Registering image #144 (num_reg_frames=4)
I20261002 19:51:49.330027 20340 incremental_pipeline.cc:623] => Image sees 87 / 127 points
I20261002 19:51:49.330095 20340 incremental_pipeline.cc:646] => Could not register, trying another image.
I20261002 19:51:49.330155 20340 incremental_pipeline.cc:620] Registering image #134 (num_reg_frames=4)
I20261002 19:51:49.330212 20340 incremental_pipeline.cc:623] => Image sees 73 / 165 points
I20261002 19:51:49.330281 20340 incremental_pipeline.cc:646] => Could not register, trying another image.
I20261002 19:51:49.330336 20340 incremental_pipeline.cc:620] Registering image #135 (num_reg_frames=4)
I20261002 19:51:49.330393 20340 incremental_pipeline.cc:623] => Image sees 66 / 158 points
I20261002 19:51:49.330460 20340 incremental_pipeline.cc:646] => Could not register, trying another image.
I20261002 19:51:49.330517 20340 incremental_pipeline.cc:620] Registering image #146 (num_reg_frames=4)
I20261002 19:51:49.330574 20340 incremental_pipeline.cc:623] => Image sees 65 / 111 points
I20261002 19:51:49.330637 20340 incremental_pipeline.cc:646] => Could not register, trying another image.
I20261002 19:51:49.330695 20340 incremental_pipeline.cc:620] Registering image #129 (num_reg_frames=4)
I20261002 19:51:49.330752 20340 incremental_pipeline.cc:623] => Image sees 63 / 183 points
I20261002 19:51:49.330827 20340 incremental_pipeline.cc:646] => Could not register, trying another image.
I20261002 19:51:49.330884 20340 incremental_pipeline.cc:620] Registering image #133 (num_reg_frames=4)
I20261002 19:51:49.330941 20340 incremental_pipeline.cc:623] => Image sees 64 / 162 points
I20261002 19:51:49.331009 20340 incremental_pipeline.cc:646] => Could not register, trying another image.
I20261002 19:51:49.331065 20340 incremental_pipeline.cc:620] Registering image #128 (num_reg_frames=4)
I20261002 19:51:49.331123 20340 incremental_pipeline.cc:623] => Image sees 63 / 195 points
I20261002 19:51:49.331192 20340 incremental_pipeline.cc:646] => Could not register, trying another image.
I20261002 19:51:49.331249 20340 incremental_pipeline.cc:620] Registering image #136 (num_reg_frames=4)
I20261002 19:51:49.331306 20340 incremental_pipeline.cc:623] => Image sees 62 / 196 points
I20261002 19:51:49.331373 20340 incremental_pipeline.cc:646] => Could not register, trying another image.
I20261002 19:51:49.331430 20340 incremental_pipeline.cc:620] Registering image #126 (num_reg_frames=4)
I20261002 19:51:49.331486 20340 incremental_pipeline.cc:623] => Image sees 59 / 177 points
I20261002 19:51:49.331555 20340 incremental_pipeline.cc:646] => Could not register, trying another image.
I20261002 19:51:49.331612 20340 incremental_pipeline.cc:620] Registering image #132 (num_reg_frames=4)
I20261002 19:51:49.331669 20340 incremental_pipeline.cc:623] => Image sees 57 / 208 points
I20261002 19:51:49.331737 20340 incremental_pipeline.cc:646] => Could not register, trying another image.
I20261002 19:51:49.331794 20340 incremental_pipeline.cc:620] Registering image #137 (num_reg_frames=4)
I20261002 19:51:49.331852 20340 incremental_pipeline.cc:623] => Image sees 62 / 145 points
I20261002 19:51:49.331922 20340 incremental_pipeline.cc:646] => Could not register, trying another image.
I20261002 19:51:49.331979 20340 incremental_pipeline.cc:620] Registering image #147 (num_reg_frames=4)
I20261002 19:51:49.332072 20340 incremental_pipeline.cc:623] => Image sees 57 / 130 points
I20261002 19:51:49.332140 20340 incremental_pipeline.cc:646] => Could not register, trying another image.
I20261002 19:51:49.332196 20340 incremental_pipeline.cc:620] Registering image #124 (num_reg_frames=4)
I20261002 19:51:49.332253 20340 incremental_pipeline.cc:623] => Image sees 59 / 173 points
I20261002 19:51:49.332322 20340 incremental_pipeline.cc:646] => Could not register, trying another image.
I20261002 19:51:49.332378 20340 incremental_pipeline.cc:620] Registering image #121 (num_reg_frames=4)
I20261002 19:51:49.332436 20340 incremental_pipeline.cc:623] => Image sees 57 / 182 points
I20261002 19:51:49.332595 20340 incremental_pipeline.cc:646] => Could not register, trying another image.
I20261002 19:51:49.332683 20340 incremental_pipeline.cc:620] Registering image #131 (num_reg_frames=4)
I20261002 19:51:49.332761 20340 incremental_pipeline.cc:623] => Image sees 60 / 200 points
I20261002 19:51:49.332877 20340 incremental_pipeline.cc:646] => Could not register, trying another image.
I20261002 19:51:49.332984 20340 incremental_pipeline.cc:620] Registering image #127 (num_reg_frames=4)
I20261002 19:51:49.333124 20340 incremental_pipeline.cc:623] => Image sees 57 / 177 points
I20261002 19:51:49.333305 20340 incremental_pipeline.cc:646] => Could not register, trying another image.
I20261002 19:51:49.333393 20340 incremental_pipeline.cc:620] Registering image #130 (num_reg_frames=4)
I20261002 19:51:49.333462 20340 incremental_pipeline.cc:623] => Image sees 58 / 209 points
I20261002 19:51:49.333552 20340 incremental_pipeline.cc:646] => Could not register, trying another image.
I20261002 19:51:49.333615 20340 incremental_pipeline.cc:620] Registering image #114 (num_reg_frames=4)
I20261002 19:51:49.333670 20340 incremental_pipeline.cc:623] => Image sees 47 / 151 points
I20261002 19:51:49.333724 20340 incremental_pipeline.cc:629] Registering image with structure-less fallback
I20261002 19:51:49.333778 20340 incremental_pipeline.cc:631] => Image sees 53 / 1419 correspondences
I20261002 19:51:49.333836 20340 incremental_pipeline.cc:646] => Could not register, trying another image.
I20261002 19:51:49.333890 20340 incremental_pipeline.cc:620] Registering image #105 (num_reg_frames=4)
I20261002 19:51:49.333943 20340 incremental_pipeline.cc:623] => Image sees 45 / 161 points
I20261002 19:51:49.333996 20340 incremental_pipeline.cc:629] Registering image with structure-less fallback
I20261002 19:51:49.334049 20340 incremental_pipeline.cc:631] => Image sees 52 / 1730 correspondences
I20261002 19:51:49.334103 20340 incremental_pipeline.cc:646] => Could not register, trying another image.
I20261002 19:51:49.334156 20340 incremental_pipeline.cc:620] Registering image #125 (num_reg_frames=4)
I20261002 19:51:49.334210 20340 incremental_pipeline.cc:623] => Image sees 47 / 195 points
I20261002 19:51:49.334263 20340 incremental_pipeline.cc:629] Registering image with structure-less fallback
I20261002 19:51:49.334316 20340 incremental_pipeline.cc:631] => Image sees 51 / 1630 correspondences
I20261002 19:51:49.334370 20340 incremental_pipeline.cc:646] => Could not register, trying another image.
I20261002 19:51:49.334423 20340 incremental_pipeline.cc:620] Registering image #117 (num_reg_frames=4)
I20261002 19:51:49.334478 20340 incremental_pipeline.cc:623] => Image sees 45 / 153 points
I20261002 19:51:49.334533 20340 incremental_pipeline.cc:629] Registering image with structure-less fallback
I20261002 19:51:49.334610 20340 incremental_pipeline.cc:631] => Image sees 51 / 1378 correspondences
I20261002 19:51:49.334665 20340 incremental_pipeline.cc:646] => Could not register, trying another image.
I20261002 19:51:49.334718 20340 incremental_pipeline.cc:620] Registering image #103 (num_reg_frames=4)
I20261002 19:51:49.334771 20340 incremental_pipeline.cc:623] => Image sees 43 / 176 points
I20261002 19:51:49.334824 20340 incremental_pipeline.cc:629] Registering image with structure-less fallback
I20261002 19:51:49.334887 20340 incremental_pipeline.cc:631] => Image sees 50 / 1664 correspondences
I20261002 19:51:49.334941 20340 incremental_pipeline.cc:646] => Could not register, trying another image.
I20261002 19:51:49.334995 20340 incremental_pipeline.cc:620] Registering image #100 (num_reg_frames=4)
I20261002 19:51:49.335048 20340 incremental_pipeline.cc:623] => Image sees 44 / 201 points
I20261002 19:51:49.335102 20340 incremental_pipeline.cc:629] Registering image with structure-less fallback
I20261002 19:51:49.335154 20340 incremental_pipeline.cc:631] => Image sees 50 / 6464 correspondences
I20261002 19:51:49.335208 20340 incremental_pipeline.cc:646] => Could not register, trying another image.
I20261002 19:51:49.335437 20340 incremental_pipeline.cc:620] Registering image #77 (num_reg_frames=4)
I20261002 19:51:49.335911 20340 incremental_pipeline.cc:623] => Image sees 35 / 217 points
I20261002 19:51:49.336529 20340 incremental_pipeline.cc:629] Registering image with structure-less fallback
I20261002 19:51:49.336604 20340 incremental_pipeline.cc:631] => Image sees 49 / 2985 correspondences
I20261002 19:51:49.336656 20340 incremental_pipeline.cc:646] => Could not register, trying another image.
I20261002 19:51:49.336707 20340 incremental_pipeline.cc:620] Registering image #109 (num_reg_frames=4)
I20261002 19:51:49.336756 20340 incremental_pipeline.cc:623] => Image sees 43 / 133 points
I20261002 19:51:49.336803 20340 incremental_pipeline.cc:629] Registering image with structure-less fallback
I20261002 19:51:49.336850 20340 incremental_pipeline.cc:631] => Image sees 49 / 1248 correspondences
I20261002 19:51:49.336897 20340 incremental_pipeline.cc:646] => Could not register, trying another image.
I20261002 19:51:49.336943 20340 incremental_pipeline.cc:620] Registering image #86 (num_reg_frames=4)
I20261002 19:51:49.336990 20340 incremental_pipeline.cc:623] => Image sees 35 / 198 points
I20261002 19:51:49.337036 20340 incremental_pipeline.cc:629] Registering image with structure-less fallback
I20261002 19:51:49.337083 20340 incremental_pipeline.cc:631] => Image sees 45 / 2507 correspondences
I20261002 19:51:49.337131 20340 incremental_pipeline.cc:646] => Could not register, trying another image.
I20261002 19:51:49.337178 20340 incremental_pipeline.cc:620] Registering image #111 (num_reg_frames=4)
I20261002 19:51:49.337224 20340 incremental_pipeline.cc:623] => Image sees 40 / 147 points
I20261002 19:51:49.337270 20340 incremental_pipeline.cc:629] Registering image with structure-less fallback
I20261002 19:51:49.337358 20340 incremental_pipeline.cc:631] => Image sees 44 / 1453 correspondences
I20261002 19:51:49.337406 20340 incremental_pipeline.cc:646] => Could not register, trying another image.
I20261002 19:51:49.337453 20340 incremental_pipeline.cc:620] Registering image #82 (num_reg_frames=4)
I20261002 19:51:49.337499 20340 incremental_pipeline.cc:623] => Image sees 34 / 205 points
I20261002 19:51:49.337544 20340 incremental_pipeline.cc:629] Registering image with structure-less fallback
I20261002 19:51:49.337640 20340 incremental_pipeline.cc:631] => Image sees 44 / 2448 correspondences
I20261002 19:51:49.337714 20340 incremental_pipeline.cc:646] => Could not register, trying another image.
I20261002 19:51:49.337763 20340 incremental_pipeline.cc:620] Registering image #62 (num_reg_frames=4)
I20261002 19:51:49.337836 20340 incremental_pipeline.cc:623] => Image sees 31 / 218 points
I20261002 19:51:49.337924 20340 incremental_pipeline.cc:629] Registering image with structure-less fallback
I20261002 19:51:49.337988 20340 incremental_pipeline.cc:631] => Image sees 40 / 9294 correspondences
I20261002 19:51:49.338050 20340 incremental_pipeline.cc:646] => Could not register, trying another image.
I20261002 19:51:49.338107 20340 incremental_pipeline.cc:620] Registering image #144 (num_reg_frames=4)
I20261002 19:51:49.338165 20340 incremental_pipeline.cc:623] => Image sees 87 / 127 points
I20261002 19:51:49.338222 20340 incremental_pipeline.cc:629] Registering image with structure-less fallback
I20261002 19:51:49.338279 20340 incremental_pipeline.cc:631] => Image sees 300 / 714 correspondences
I20261002 19:51:49.338357 20340 incremental_pipeline.cc:646] => Could not register, trying another image.
I20261002 19:51:49.338415 20340 incremental_pipeline.cc:620] Registering image #139 (num_reg_frames=4)
I20261002 19:51:49.338473 20340 incremental_pipeline.cc:623] => Image sees 97 / 139 points
I20261002 19:51:49.338585 20340 incremental_pipeline.cc:629] Registering image with structure-less fallback
I20261002 19:51:49.338714 20340 incremental_pipeline.cc:631] => Image sees 261 / 811 correspondences
I20261002 19:51:49.338822 20340 incremental_pipeline.cc:646] => Could not register, trying another image.
I20261002 19:51:49.338884 20340 incremental_pipeline.cc:620] Registering image #142 (num_reg_frames=4)
I20261002 19:51:49.338942 20340 incremental_pipeline.cc:623] => Image sees 92 / 150 points
I20261002 19:51:49.338996 20340 incremental_pipeline.cc:629] Registering image with structure-less fallback
I20261002 19:51:49.339048 20340 incremental_pipeline.cc:631] => Image sees 258 / 1018 correspondences
I20261002 19:51:49.339112 20340 incremental_pipeline.cc:646] => Could not register, trying another image.
I20261002 19:51:49.339164 20340 incremental_pipeline.cc:620] Registering image #130 (num_reg_frames=4)
I20261002 19:51:49.339299 20340 incremental_pipeline.cc:623] => Image sees 58 / 209 points
I20261002 19:51:49.339369 20340 incremental_pipeline.cc:629] Registering image with structure-less fallback
I20261002 19:51:49.339516 20340 incremental_pipeline.cc:631] => Image sees 236 / 5240 correspondences
I20261002 19:51:49.339715 20340 incremental_pipeline.cc:646] => Could not register, trying another image.
I20261002 19:51:49.339796 20340 incremental_pipeline.cc:620] Registering image #133 (num_reg_frames=4)
I20261002 19:51:49.339851 20340 incremental_pipeline.cc:623] => Image sees 64 / 162 points
I20261002 19:51:49.339899 20340 incremental_pipeline.cc:629] Registering image with structure-less fallback
I20261002 19:51:49.340054 20340 incremental_pipeline.cc:631] => Image sees 144 / 1289 correspondences
I20261002 19:51:49.340135 20340 incremental_pipeline.cc:646] => Could not register, trying another image.
I20261002 19:51:49.340265 20340 incremental_pipeline.cc:620] Registering image #131 (num_reg_frames=4)
I20261002 19:51:49.340385 20340 incremental_pipeline.cc:623] => Image sees 60 / 200 points
I20261002 19:51:49.340470 20340 incremental_pipeline.cc:629] Registering image with structure-less fallback
I20261002 19:51:49.340535 20340 incremental_pipeline.cc:631] => Image sees 141 / 1553 correspondences
I20261002 19:51:49.340612 20340 incremental_pipeline.cc:646] => Could not register, trying another image.
I20261002 19:51:49.340670 20340 incremental_pipeline.cc:620] Registering image #134 (num_reg_frames=4)
I20261002 19:51:49.340729 20340 incremental_pipeline.cc:623] => Image sees 73 / 165 points
I20261002 19:51:49.340786 20340 incremental_pipeline.cc:629] Registering image with structure-less fallback
I20261002 19:51:49.340843 20340 incremental_pipeline.cc:631] => Image sees 134 / 1224 correspondences
I20261002 19:51:49.340913 20340 incremental_pipeline.cc:646] => Could not register, trying another image.
I20261002 19:51:49.340971 20340 incremental_pipeline.cc:620] Registering image #146 (num_reg_frames=4)
I20261002 19:51:49.341029 20340 incremental_pipeline.cc:623] => Image sees 65 / 111 points
I20261002 19:51:49.341086 20340 incremental_pipeline.cc:629] Registering image with structure-less fallback
I20261002 19:51:49.341143 20340 incremental_pipeline.cc:631] => Image sees 130 / 533 correspondences
I20261002 19:51:49.341207 20340 incremental_pipeline.cc:646] => Could not register, trying another image.
I20261002 19:51:49.341264 20340 incremental_pipeline.cc:620] Registering image #124 (num_reg_frames=4)
I20261002 19:51:49.341321 20340 incremental_pipeline.cc:623] => Image sees 59 / 173 points
I20261002 19:51:49.341378 20340 incremental_pipeline.cc:629] Registering image with structure-less fallback
I20261002 19:51:49.341435 20340 incremental_pipeline.cc:631] => Image sees 127 / 1479 correspondences
I20261002 19:51:49.341516 20340 incremental_pipeline.cc:646] => Could not register, trying another image.
I20261002 19:51:49.341573 20340 incremental_pipeline.cc:620] Registering image #123 (num_reg_frames=4)
I20261002 19:51:49.341630 20340 incremental_pipeline.cc:623] => Image sees 57 / 182 points
I20261002 19:51:49.341689 20340 incremental_pipeline.cc:629] Registering image with structure-less fallback
I20261002 19:51:49.341746 20340 incremental_pipeline.cc:631] => Image sees 126 / 1691 correspondences
I20261002 19:51:49.341816 20340 incremental_pipeline.cc:646] => Could not register, trying another image.
I20261002 19:51:49.341874 20340 incremental_pipeline.cc:620] Registering image #129 (num_reg_frames=4)
I20261002 19:51:49.341931 20340 incremental_pipeline.cc:623] => Image sees 63 / 183 points
I20261002 19:51:49.341988 20340 incremental_pipeline.cc:629] Registering image with structure-less fallback
I20261002 19:51:49.342045 20340 incremental_pipeline.cc:631] => Image sees 125 / 1670 correspondences
I20261002 19:51:49.342115 20340 incremental_pipeline.cc:646] => Could not register, trying another image.
I20261002 19:51:49.342172 20340 incremental_pipeline.cc:620] Registering image #121 (num_reg_frames=4)
I20261002 19:51:49.342229 20340 incremental_pipeline.cc:623] => Image sees 57 / 182 points
I20261002 19:51:49.342288 20340 incremental_pipeline.cc:629] Registering image with structure-less fallback
I20261002 19:51:49.342345 20340 incremental_pipeline.cc:631] => Image sees 122 / 5092 correspondences
I20261002 19:51:49.342426 20340 incremental_pipeline.cc:646] => Could not register, trying another image.
I20261002 19:51:49.342483 20340 incremental_pipeline.cc:620] Registering image #137 (num_reg_frames=4)
I20261002 19:51:49.342540 20340 incremental_pipeline.cc:623] => Image sees 62 / 145 points
I20261002 19:51:49.342597 20340 incremental_pipeline.cc:629] Registering image with structure-less fallback
I20261002 19:51:49.342656 20340 incremental_pipeline.cc:631] => Image sees 118 / 1299 correspondences
I20261002 19:51:49.342724 20340 incremental_pipeline.cc:646] => Could not register, trying another image.
I20261002 19:51:49.342783 20340 incremental_pipeline.cc:620] Registering image #147 (num_reg_frames=4)
I20261002 19:51:49.342840 20340 incremental_pipeline.cc:623] => Image sees 57 / 130 points
I20261002 19:51:49.342896 20340 incremental_pipeline.cc:629] Registering image with structure-less fallback
I20261002 19:51:49.342952 20340 incremental_pipeline.cc:631] => Image sees 107 / 465 correspondences
I20261002 19:51:49.343017 20340 incremental_pipeline.cc:646] => Could not register, trying another image.
I20261002 19:51:49.343073 20340 incremental_pipeline.cc:620] Registering image #145 (num_reg_frames=4)
I20261002 19:51:49.343130 20340 incremental_pipeline.cc:623] => Image sees 52 / 116 points
I20261002 19:51:49.343186 20340 incremental_pipeline.cc:629] Registering image with structure-less fallback
I20261002 19:51:49.343243 20340 incremental_pipeline.cc:631] => Image sees 105 / 518 correspondences
I20261002 19:51:49.343307 20340 incremental_pipeline.cc:646] => Could not register, trying another image.
I20261002 19:51:49.343364 20340 incremental_pipeline.cc:620] Registering image #107 (num_reg_frames=4)
I20261002 19:51:49.343421 20340 incremental_pipeline.cc:623] => Image sees 46 / 146 points
I20261002 19:51:49.343477 20340 incremental_pipeline.cc:629] Registering image with structure-less fallback
I20261002 19:51:49.343534 20340 incremental_pipeline.cc:631] => Image sees 100 / 1554 correspondences
I20261002 19:51:49.343601 20340 incremental_pipeline.cc:646] => Could not register, trying another image.
I20261002 19:51:49.343658 20340 incremental_pipeline.cc:620] Registering image #110 (num_reg_frames=4)
I20261002 19:51:49.343715 20340 incremental_pipeline.cc:623] => Image sees 50 / 146 points
I20261002 19:51:49.343773 20340 incremental_pipeline.cc:629] Registering image with structure-less fallback
I20261002 19:51:49.343831 20340 incremental_pipeline.cc:631] => Image sees 95 / 4159 correspondences
I20261002 19:51:49.343918 20340 incremental_pipeline.cc:646] => Could not register, trying another image.
I20261002 19:51:49.343975 20340 incremental_pipeline.cc:620] Registering image #148 (num_reg_frames=4)
I20261002 19:51:49.344032 20340 incremental_pipeline.cc:623] => Image sees 40 / 113 points
I20261002 19:51:49.344090 20340 incremental_pipeline.cc:629] Registering image with structure-less fallback
I20261002 19:51:49.344148 20340 incremental_pipeline.cc:631] => Image sees 84 / 407 correspondences
I20261002 19:51:49.344211 20340 incremental_pipeline.cc:646] => Could not register, trying another image.
I20261002 19:51:49.344269 20340 incremental_pipeline.cc:620] Registering image #135 (num_reg_frames=4)
I20261002 19:51:49.344326 20340 incremental_pipeline.cc:623] => Image sees 66 / 158 points
I20261002 19:51:49.344383 20340 incremental_pipeline.cc:629] Registering image with structure-less fallback
I20261002 19:51:49.344441 20340 incremental_pipeline.cc:631] => Image sees 72 / 1095 correspondences
I20261002 19:51:49.344507 20340 incremental_pipeline.cc:646] => Could not register, trying another image.
I20261002 19:51:49.344566 20340 incremental_pipeline.cc:88] Retriangulation and Global bundle adjustment
I20261002 19:51:49.362342 20340 incremental_pipeline.cc:826] Keeping successful reconstruction
I20261002 19:51:49.364512 20340 incremental_pipeline.cc:465] Finding good initial image pair
I20261002 19:51:49.436155 20340 incremental_pipeline.cc:472] => No good initial image pair found.
I20261002 19:51:49.436375 20340 incremental_pipeline.cc:800] Discarding reconstruction due to no initial pair
I20261002 19:51:49.436702 20340 incremental_pipeline.cc:442] => Relaxing the initialization constraints.
I20261002 19:51:49.437414 20340 incremental_pipeline.cc:465] Finding good initial image pair
I20261002 19:51:49.524402 20340 incremental_pipeline.cc:492] Registering initial image pair #35 and #2
I20261002 19:51:49.525835 20340 incremental_pipeline.cc:510] Global bundle adjustment
I20261002 19:51:49.536930 20340 incremental_pipeline.cc:620] Registering image #20 (num_reg_frames=2)
I20261002 19:51:49.537050 20340 incremental_pipeline.cc:623] => Image sees 113 / 219 points
I20261002 19:51:49.539967 20340 incremental_pipeline.cc:88] Retriangulation and Global bundle adjustment
I20261002 19:51:49.556774 20340 incremental_pipeline.cc:620] Registering image #69 (num_reg_frames=3)
I20261002 19:51:49.556890 20340 incremental_pipeline.cc:623] => Image sees 124 / 212 points
I20261002 19:51:49.556976 20340 incremental_pipeline.cc:646] => Could not register, trying another image.
I20261002 19:51:49.557031 20340 incremental_pipeline.cc:620] Registering image #5 (num_reg_frames=3)
I20261002 19:51:49.557086 20340 incremental_pipeline.cc:623] => Image sees 130 / 198 points
I20261002 19:51:49.557154 20340 incremental_pipeline.cc:646] => Could not register, trying another image.
I20261002 19:51:49.557205 20340 incremental_pipeline.cc:620] Registering image #1 (num_reg_frames=3)
I20261002 19:51:49.557254 20340 incremental_pipeline.cc:623] => Image sees 128 / 185 points
I20261002 19:51:49.557315 20340 incremental_pipeline.cc:646] => Could not register, trying another image.
I20261002 19:51:49.557362 20340 incremental_pipeline.cc:620] Registering image #37 (num_reg_frames=3)
I20261002 19:51:49.557408 20340 incremental_pipeline.cc:623] => Image sees 124 / 225 points
I20261002 19:51:49.557487 20340 incremental_pipeline.cc:646] => Could not register, trying another image.
I20261002 19:51:49.557534 20340 incremental_pipeline.cc:620] Registering image #51 (num_reg_frames=3)
I20261002 19:51:49.557580 20340 incremental_pipeline.cc:623] => Image sees 119 / 214 points
I20261002 19:51:49.557646 20340 incremental_pipeline.cc:646] => Could not register, trying another image.
I20261002 19:51:49.557692 20340 incremental_pipeline.cc:620] Registering image #19 (num_reg_frames=3)
I20261002 19:51:49.557738 20340 incremental_pipeline.cc:623] => Image sees 122 / 219 points
I20261002 19:51:49.557804 20340 incremental_pipeline.cc:646] => Could not register, trying another image.
I20261002 19:51:49.557872 20340 incremental_pipeline.cc:620] Registering image #18 (num_reg_frames=3)
I20261002 19:51:49.557919 20340 incremental_pipeline.cc:623] => Image sees 122 / 217 points
I20261002 19:51:49.557981 20340 incremental_pipeline.cc:646] => Could not register, trying another image.
I20261002 19:51:49.558027 20340 incremental_pipeline.cc:620] Registering image #27 (num_reg_frames=3)
I20261002 19:51:49.558073 20340 incremental_pipeline.cc:623] => Image sees 123 / 239 points
I20261002 19:51:49.558138 20340 incremental_pipeline.cc:646] => Could not register, trying another image.
I20261002 19:51:49.558183 20340 incremental_pipeline.cc:620] Registering image #21 (num_reg_frames=3)
I20261002 19:51:49.558233 20340 incremental_pipeline.cc:623] => Image sees 125 / 211 points
I20261002 19:51:49.558330 20340 incremental_pipeline.cc:646] => Could not register, trying another image.
I20261002 19:51:49.558377 20340 incremental_pipeline.cc:620] Registering image #75 (num_reg_frames=3)
I20261002 19:51:49.558424 20340 incremental_pipeline.cc:623] => Image sees 123 / 211 points
I20261002 19:51:49.558492 20340 incremental_pipeline.cc:646] => Could not register, trying another image.
I20261002 19:51:49.558539 20340 incremental_pipeline.cc:620] Registering image #3 (num_reg_frames=3)
I20261002 19:51:49.558586 20340 incremental_pipeline.cc:623] => Image sees 125 / 194 points
I20261002 19:51:49.558647 20340 incremental_pipeline.cc:646] => Could not register, trying another image.
I20261002 19:51:49.558693 20340 incremental_pipeline.cc:620] Registering image #34 (num_reg_frames=3)
I20261002 19:51:49.558740 20340 incremental_pipeline.cc:623] => Image sees 124 / 223 points
I20261002 19:51:49.558812 20340 incremental_pipeline.cc:646] => Could not register, trying another image.
I20261002 19:51:49.558858 20340 incremental_pipeline.cc:620] Registering image #40 (num_reg_frames=3)
I20261002 19:51:49.558907 20340 incremental_pipeline.cc:623] => Image sees 122 / 217 points
I20261002 19:51:49.559003 20340 incremental_pipeline.cc:646] => Could not register, trying another image.
I20261002 19:51:49.559049 20340 incremental_pipeline.cc:620] Registering image #70 (num_reg_frames=3)
I20261002 19:51:49.559094 20340 incremental_pipeline.cc:623] => Image sees 120 / 217 points
I20261002 19:51:49.559159 20340 incremental_pipeline.cc:646] => Could not register, trying another image.
I20261002 19:51:49.559204 20340 incremental_pipeline.cc:620] Registering image #12 (num_reg_frames=3)
I20261002 19:51:49.559254 20340 incremental_pipeline.cc:623] => Image sees 120 / 208 points
I20261002 19:51:49.559317 20340 incremental_pipeline.cc:646] => Could not register, trying another image.
I20261002 19:51:49.559362 20340 incremental_pipeline.cc:620] Registering image #77 (num_reg_frames=3)
I20261002 19:51:49.559408 20340 incremental_pipeline.cc:623] => Image sees 118 / 217 points
I20261002 19:51:49.559477 20340 incremental_pipeline.cc:646] => Could not register, trying another image.
I20261002 19:51:49.559523 20340 incremental_pipeline.cc:620] Registering image #66 (num_reg_frames=3)
I20261002 19:51:49.559569 20340 incremental_pipeline.cc:623] => Image sees 119 / 222 points
I20261002 19:51:49.559634 20340 incremental_pipeline.cc:646] => Could not register, trying another image.
I20261002 19:51:49.559680 20340 incremental_pipeline.cc:620] Registering image #16 (num_reg_frames=3)
I20261002 19:51:49.559726 20340 incremental_pipeline.cc:623] => Image sees 123 / 217 points
I20261002 19:51:49.559792 20340 incremental_pipeline.cc:646] => Could not register, trying another image.
I20261002 19:51:49.559837 20340 incremental_pipeline.cc:620] Registering image #68 (num_reg_frames=3)
I20261002 19:51:49.559883 20340 incremental_pipeline.cc:623] => Image sees 118 / 206 points
I20261002 19:51:49.559951 20340 incremental_pipeline.cc:646] => Could not register, trying another image.
I20261002 19:51:49.559997 20340 incremental_pipeline.cc:620] Registering image #44 (num_reg_frames=3)
I20261002 19:51:49.560043 20340 incremental_pipeline.cc:623] => Image sees 117 / 212 points
I20261002 19:51:49.560126 20340 incremental_pipeline.cc:646] => Could not register, trying another image.
I20261002 19:51:49.560171 20340 incremental_pipeline.cc:620] Registering image #76 (num_reg_frames=3)
I20261002 19:51:49.560217 20340 incremental_pipeline.cc:623] => Image sees 123 / 217 points
I20261002 19:51:49.560285 20340 incremental_pipeline.cc:646] => Could not register, trying another image.
I20261002 19:51:49.560331 20340 incremental_pipeline.cc:620] Registering image #84 (num_reg_frames=3)
I20261002 19:51:49.560379 20340 incremental_pipeline.cc:623] => Image sees 117 / 192 points
I20261002 19:51:49.560444 20340 incremental_pipeline.cc:646] => Could not register, trying another image.
I20261002 19:51:49.560490 20340 incremental_pipeline.cc:620] Registering image #33 (num_reg_frames=3)
I20261002 19:51:49.560536 20340 incremental_pipeline.cc:623] => Image sees 120 / 218 points
I20261002 19:51:49.560609 20340 incremental_pipeline.cc:646] => Could not register, trying another image.
I20261002 19:51:49.560655 20340 incremental_pipeline.cc:620] Registering image #13 (num_reg_frames=3)
I20261002 19:51:49.560701 20340 incremental_pipeline.cc:623] => Image sees 115 / 215 points
I20261002 19:51:49.560788 20340 incremental_pipeline.cc:646] => Could not register, trying another image.
I20261002 19:51:49.560833 20340 incremental_pipeline.cc:620] Registering image #49 (num_reg_frames=3)
I20261002 19:51:49.560879 20340 incremental_pipeline.cc:623] => Image sees 116 / 210 points
I20261002 19:51:49.560946 20340 incremental_pipeline.cc:646] => Could not register, trying another image.
I20261002 19:51:49.560991 20340 incremental_pipeline.cc:620] Registering image #14 (num_reg_frames=3)
I20261002 19:51:49.561036 20340 incremental_pipeline.cc:623] => Image sees 118 / 208 points
I20261002 19:51:49.561100 20340 incremental_pipeline.cc:646] => Could not register, trying another image.
I20261002 19:51:49.561145 20340 incremental_pipeline.cc:620] Registering image #17 (num_reg_frames=3)
I20261002 19:51:49.561191 20340 incremental_pipeline.cc:623] => Image sees 116 / 218 points
I20261002 19:51:49.561257 20340 incremental_pipeline.cc:646] => Could not register, trying another image.
I20261002 19:51:49.561303 20340 incremental_pipeline.cc:620] Registering image #72 (num_reg_frames=3)
I20261002 19:51:49.561348 20340 incremental_pipeline.cc:623] => Image sees 117 / 203 points
I20261002 19:51:49.561441 20340 incremental_pipeline.cc:646] => Could not register, trying another image.
I20261002 19:51:49.561487 20340 incremental_pipeline.cc:620] Registering image #67 (num_reg_frames=3)
I20261002 19:51:49.561532 20340 incremental_pipeline.cc:623] => Image sees 118 / 215 points
I20261002 19:51:49.561599 20340 incremental_pipeline.cc:646] => Could not register, trying another image.
I20261002 19:51:49.561644 20340 incremental_pipeline.cc:620] Registering image #47 (num_reg_frames=3)
I20261002 19:51:49.561690 20340 incremental_pipeline.cc:623] => Image sees 118 / 206 points
I20261002 19:51:49.561756 20340 incremental_pipeline.cc:646] => Could not register, trying another image.
I20261002 19:51:49.561801 20340 incremental_pipeline.cc:620] Registering image #52 (num_reg_frames=3)
I20261002 19:51:49.561846 20340 incremental_pipeline.cc:623] => Image sees 116 / 220 points
I20261002 19:51:49.561939 20340 incremental_pipeline.cc:646] => Could not register, trying another image.
I20261002 19:51:49.561995 20340 incremental_pipeline.cc:620] Registering image #33 (num_reg_frames=3)
I20261002 19:51:49.562044 20340 incremental_pipeline.cc:623] => Image sees 120 / 218 points
I20261002 19:51:49.562090 20340 incremental_pipeline.cc:629] Registering image with structure-less fallback
I20261002 19:51:49.562135 20340 incremental_pipeline.cc:631] => Image sees 468 / 3407 correspondences
I20261002 19:51:49.562206 20340 incremental_pipeline.cc:646] => Could not register, trying another image.
I20261002 19:51:49.562254 20340 incremental_pipeline.cc:620] Registering image #40 (num_reg_frames=3)
I20261002 19:51:49.562300 20340 incremental_pipeline.cc:623] => Image sees 122 / 217 points
I20261002 19:51:49.562357 20340 incremental_pipeline.cc:629] Registering image with structure-less fallback
I20261002 19:51:49.562406 20340 incremental_pipeline.cc:631] => Image sees 345 / 9298 correspondences
I20261002 19:51:49.562499 20340 incremental_pipeline.cc:646] => Could not register, trying another image.
I20261002 19:51:49.562545 20340 incremental_pipeline.cc:620] Registering image #19 (num_reg_frames=3)
I20261002 19:51:49.562590 20340 incremental_pipeline.cc:623] => Image sees 122 / 219 points
I20261002 19:51:49.562636 20340 incremental_pipeline.cc:629] Registering image with structure-less fallback
I20261002 19:51:49.562682 20340 incremental_pipeline.cc:631] => Image sees 342 / 2307 correspondences
I20261002 19:51:49.562745 20340 incremental_pipeline.cc:646] => Could not register, trying another image.
I20261002 19:51:49.562791 20340 incremental_pipeline.cc:620] Registering image #21 (num_reg_frames=3)
I20261002 19:51:49.562837 20340 incremental_pipeline.cc:623] => Image sees 125 / 211 points
I20261002 19:51:49.562884 20340 incremental_pipeline.cc:629] Registering image with structure-less fallback
I20261002 19:51:49.562928 20340 incremental_pipeline.cc:631] => Image sees 340 / 8567 correspondences
I20261002 19:51:49.563018 20340 incremental_pipeline.cc:646] => Could not register, trying another image.
I20261002 19:51:49.563064 20340 incremental_pipeline.cc:620] Registering image #37 (num_reg_frames=3)
I20261002 19:51:49.563163 20340 incremental_pipeline.cc:623] => Image sees 124 / 225 points
I20261002 19:51:49.563228 20340 incremental_pipeline.cc:629] Registering image with structure-less fallback
I20261002 19:51:49.563302 20340 incremental_pipeline.cc:631] => Image sees 319 / 3564 correspondences
I20261002 19:51:49.563420 20340 incremental_pipeline.cc:646] => Could not register, trying another image.
I20261002 19:51:49.563475 20340 incremental_pipeline.cc:620] Registering image #34 (num_reg_frames=3)
I20261002 19:51:49.563528 20340 incremental_pipeline.cc:623] => Image sees 124 / 223 points
I20261002 19:51:49.563577 20340 incremental_pipeline.cc:629] Registering image with structure-less fallback
I20261002 19:51:49.563625 20340 incremental_pipeline.cc:631] => Image sees 317 / 3076 correspondences
I20261002 19:51:49.563697 20340 incremental_pipeline.cc:646] => Could not register, trying another image.
I20261002 19:51:49.563814 20340 incremental_pipeline.cc:620] Registering image #16 (num_reg_frames=3)
I20261002 19:51:49.563910 20340 incremental_pipeline.cc:623] => Image sees 123 / 217 points
I20261002 19:51:49.563959 20340 incremental_pipeline.cc:629] Registering image with structure-less fallback
I20261002 19:51:49.564007 20340 incremental_pipeline.cc:631] => Image sees 310 / 2228 correspondences
I20261002 19:51:49.564073 20340 incremental_pipeline.cc:646] => Could not register, trying another image.
I20261002 19:51:49.564121 20340 incremental_pipeline.cc:620] Registering image #44 (num_reg_frames=3)
I20261002 19:51:49.564168 20340 incremental_pipeline.cc:623] => Image sees 117 / 212 points
I20261002 19:51:49.564216 20340 incremental_pipeline.cc:629] Registering image with structure-less fallback
I20261002 19:51:49.564264 20340 incremental_pipeline.cc:631] => Image sees 307 / 3890 correspondences
I20261002 19:51:49.564336 20340 incremental_pipeline.cc:646] => Could not register, trying another image.
I20261002 19:51:49.564383 20340 incremental_pipeline.cc:620] Registering image #13 (num_reg_frames=3)
I20261002 19:51:49.564431 20340 incremental_pipeline.cc:623] => Image sees 115 / 215 points
I20261002 19:51:49.564478 20340 incremental_pipeline.cc:629] Registering image with structure-less fallback
I20261002 19:51:49.564525 20340 incremental_pipeline.cc:631] => Image sees 298 / 7531 correspondences
I20261002 19:51:49.564615 20340 incremental_pipeline.cc:646] => Could not register, trying another image.
I20261002 19:51:49.564664 20340 incremental_pipeline.cc:620] Registering image #1 (num_reg_frames=3)
I20261002 19:51:49.564713 20340 incremental_pipeline.cc:623] => Image sees 128 / 185 points
I20261002 19:51:49.564772 20340 incremental_pipeline.cc:629] Registering image with structure-less fallback
I20261002 19:51:49.564820 20340 incremental_pipeline.cc:631] => Image sees 295 / 1170 correspondences
I20261002 19:51:49.564880 20340 incremental_pipeline.cc:646] => Could not register, trying another image.
I20261002 19:51:49.564928 20340 incremental_pipeline.cc:620] Registering image #52 (num_reg_frames=3)
I20261002 19:51:49.564977 20340 incremental_pipeline.cc:623] => Image sees 116 / 220 points
I20261002 19:51:49.565025 20340 incremental_pipeline.cc:629] Registering image with structure-less fallback
I20261002 19:51:49.565073 20340 incremental_pipeline.cc:631] => Image sees 295 / 9215 correspondences
I20261002 19:51:49.565166 20340 incremental_pipeline.cc:646] => Could not register, trying another image.
I20261002 19:51:49.565214 20340 incremental_pipeline.cc:620] Registering image #68 (num_reg_frames=3)
I20261002 19:51:49.565263 20340 incremental_pipeline.cc:623] => Image sees 118 / 206 points
I20261002 19:51:49.565310 20340 incremental_pipeline.cc:629] Registering image with structure-less fallback
I20261002 19:51:49.565358 20340 incremental_pipeline.cc:631] => Image sees 293 / 3246 correspondences
I20261002 19:51:49.565426 20340 incremental_pipeline.cc:646] => Could not register, trying another image.
I20261002 19:51:49.565474 20340 incremental_pipeline.cc:620] Registering image #72 (num_reg_frames=3)
I20261002 19:51:49.565522 20340 incremental_pipeline.cc:623] => Image sees 117 / 203 points
I20261002 19:51:49.565572 20340 incremental_pipeline.cc:629] Registering image with structure-less fallback
I20261002 19:51:49.565620 20340 incremental_pipeline.cc:631] => Image sees 288 / 8844 correspondences
I20261002 19:51:49.565748 20340 incremental_pipeline.cc:646] => Could not register, trying another image.
I20261002 19:51:49.565797 20340 incremental_pipeline.cc:620] Registering image #3 (num_reg_frames=3)
I20261002 19:51:49.565845 20340 incremental_pipeline.cc:623] => Image sees 125 / 194 points
I20261002 19:51:49.565893 20340 incremental_pipeline.cc:629] Registering image with structure-less fallback
I20261002 19:51:49.565940 20340 incremental_pipeline.cc:631] => Image sees 280 / 1456 correspondences
I20261002 19:51:49.566002 20340 incremental_pipeline.cc:646] => Could not register, trying another image.
I20261002 19:51:49.566050 20340 incremental_pipeline.cc:620] Registering image #82 (num_reg_frames=3)
I20261002 19:51:49.566098 20340 incremental_pipeline.cc:623] => Image sees 117 / 205 points
I20261002 19:51:49.566146 20340 incremental_pipeline.cc:629] Registering image with structure-less fallback
I20261002 19:51:49.566193 20340 incremental_pipeline.cc:631] => Image sees 267 / 2448 correspondences
I20261002 19:51:49.566258 20340 incremental_pipeline.cc:646] => Could not register, trying another image.
I20261002 19:51:49.566305 20340 incremental_pipeline.cc:620] Registering image #93 (num_reg_frames=3)
I20261002 19:51:49.566353 20340 incremental_pipeline.cc:623] => Image sees 109 / 210 points
I20261002 19:51:49.566400 20340 incremental_pipeline.cc:629] Registering image with structure-less fallback
I20261002 19:51:49.566492 20340 incremental_pipeline.cc:631] => Image sees 264 / 8093 correspondences
I20261002 19:51:49.566592 20340 incremental_pipeline.cc:646] => Could not register, trying another image.
I20261002 19:51:49.566641 20340 incremental_pipeline.cc:620] Registering image #41 (num_reg_frames=3)
I20261002 19:51:49.566690 20340 incremental_pipeline.cc:623] => Image sees 112 / 237 points
I20261002 19:51:49.566738 20340 incremental_pipeline.cc:629] Registering image with structure-less fallback
I20261002 19:51:49.566786 20340 incremental_pipeline.cc:631] => Image sees 185 / 3386 correspondences
I20261002 19:51:49.566855 20340 incremental_pipeline.cc:646] => Could not register, trying another image.
I20261002 19:51:49.566902 20340 incremental_pipeline.cc:620] Registering image #32 (num_reg_frames=3)
I20261002 19:51:49.566950 20340 incremental_pipeline.cc:623] => Image sees 109 / 226 points
I20261002 19:51:49.567007 20340 incremental_pipeline.cc:629] Registering image with structure-less fallback
I20261002 19:51:49.567055 20340 incremental_pipeline.cc:631] => Image sees 182 / 9348 correspondences
I20261002 19:51:49.567147 20340 incremental_pipeline.cc:646] => Could not register, trying another image.
I20261002 19:51:49.567195 20340 incremental_pipeline.cc:620] Registering image #36 (num_reg_frames=3)
I20261002 19:51:49.567245 20340 incremental_pipeline.cc:623] => Image sees 109 / 224 points
I20261002 19:51:49.567292 20340 incremental_pipeline.cc:629] Registering image with structure-less fallback
I20261002 19:51:49.567340 20340 incremental_pipeline.cc:631] => Image sees 181 / 3343 correspondences
I20261002 19:51:49.567409 20340 incremental_pipeline.cc:646] => Could not register, trying another image.
I20261002 19:51:49.567456 20340 incremental_pipeline.cc:620] Registering image #17 (num_reg_frames=3)
I20261002 19:51:49.567507 20340 incremental_pipeline.cc:623] => Image sees 116 / 218 points
I20261002 19:51:49.567555 20340 incremental_pipeline.cc:629] Registering image with structure-less fallback
I20261002 19:51:49.567603 20340 incremental_pipeline.cc:631] => Image sees 179 / 2263 correspondences
I20261002 19:51:49.567667 20340 incremental_pipeline.cc:646] => Could not register, trying another image.
I20261002 19:51:49.567715 20340 incremental_pipeline.cc:620] Registering image #38 (num_reg_frames=3)
I20261002 19:51:49.567764 20340 incremental_pipeline.cc:623] => Image sees 111 / 223 points
I20261002 19:51:49.567812 20340 incremental_pipeline.cc:629] Registering image with structure-less fallback
I20261002 19:51:49.567860 20340 incremental_pipeline.cc:631] => Image sees 179 / 3724 correspondences
I20261002 19:51:49.567933 20340 incremental_pipeline.cc:646] => Could not register, trying another image.
I20261002 19:51:49.567981 20340 incremental_pipeline.cc:620] Registering image #62 (num_reg_frames=3)
I20261002 19:51:49.568029 20340 incremental_pipeline.cc:623] => Image sees 109 / 218 points
I20261002 19:51:49.568076 20340 incremental_pipeline.cc:629] Registering image with structure-less fallback
I20261002 19:51:49.568123 20340 incremental_pipeline.cc:631] => Image sees 179 / 9294 correspondences
I20261002 19:51:49.568214 20340 incremental_pipeline.cc:646] => Could not register, trying another image.
I20261002 19:51:49.568263 20340 incremental_pipeline.cc:620] Registering image #53 (num_reg_frames=3)
I20261002 19:51:49.568312 20340 incremental_pipeline.cc:623] => Image sees 107 / 216 points
I20261002 19:51:49.568360 20340 incremental_pipeline.cc:629] Registering image with structure-less fallback
I20261002 19:51:49.568407 20340 incremental_pipeline.cc:631] => Image sees 175 / 3119 correspondences
I20261002 19:51:49.568476 20340 incremental_pipeline.cc:646] => Could not register, trying another image.
I20261002 19:51:49.568524 20340 incremental_pipeline.cc:620] Registering image #24 (num_reg_frames=3)
I20261002 19:51:49.568571 20340 incremental_pipeline.cc:623] => Image sees 119 / 221 points
I20261002 19:51:49.568618 20340 incremental_pipeline.cc:629] Registering image with structure-less fallback
I20261002 19:51:49.568666 20340 incremental_pipeline.cc:631] => Image sees 175 / 1985 correspondences
I20261002 19:51:49.568728 20340 incremental_pipeline.cc:646] => Could not register, trying another image.
I20261002 19:51:49.568775 20340 incremental_pipeline.cc:620] Registering image #18 (num_reg_frames=3)
I20261002 19:51:49.568822 20340 incremental_pipeline.cc:623] => Image sees 122 / 217 points
I20261002 19:51:49.568870 20340 incremental_pipeline.cc:629] Registering image with structure-less fallback
I20261002 19:51:49.568917 20340 incremental_pipeline.cc:631] => Image sees 174 / 1911 correspondences
I20261002 19:51:49.568979 20340 incremental_pipeline.cc:646] => Could not register, trying another image.
I20261002 19:51:49.569027 20340 incremental_pipeline.cc:620] Registering image #15 (num_reg_frames=3)
I20261002 19:51:49.569076 20340 incremental_pipeline.cc:623] => Image sees 116 / 231 points
I20261002 19:51:49.569132 20340 incremental_pipeline.cc:629] Registering image with structure-less fallback
I20261002 19:51:49.569201 20340 incremental_pipeline.cc:631] => Image sees 172 / 2805 correspondences
I20261002 19:51:49.569348 20340 incremental_pipeline.cc:646] => Could not register, trying another image.
I20261002 19:51:49.569416 20340 incremental_pipeline.cc:620] Registering image #29 (num_reg_frames=3)
I20261002 19:51:49.569469 20340 incremental_pipeline.cc:623] => Image sees 107 / 211 points
I20261002 19:51:49.569520 20340 incremental_pipeline.cc:629] Registering image with structure-less fallback
I20261002 19:51:49.569567 20340 incremental_pipeline.cc:631] => Image sees 170 / 3073 correspondences
I20261002 19:51:49.569634 20340 incremental_pipeline.cc:646] => Could not register, trying another image.
I20261002 19:51:49.569680 20340 incremental_pipeline.cc:620] Registering image #26 (num_reg_frames=3)
I20261002 19:51:49.569726 20340 incremental_pipeline.cc:623] => Image sees 115 / 218 points
I20261002 19:51:49.569771 20340 incremental_pipeline.cc:629] Registering image with structure-less fallback
I20261002 19:51:49.569816 20340 incremental_pipeline.cc:631] => Image sees 164 / 3270 correspondences
I20261002 19:51:49.569881 20340 incremental_pipeline.cc:646] => Could not register, trying another image.
I20261002 19:51:49.569926 20340 incremental_pipeline.cc:620] Registering image #49 (num_reg_frames=3)
I20261002 19:51:49.569973 20340 incremental_pipeline.cc:623] => Image sees 116 / 210 points
I20261002 19:51:49.570018 20340 incremental_pipeline.cc:629] Registering image with structure-less fallback
I20261002 19:51:49.570063 20340 incremental_pipeline.cc:631] => Image sees 161 / 3368 correspondences
I20261002 19:51:49.570130 20340 incremental_pipeline.cc:646] => Could not register, trying another image.
I20261002 19:51:49.570175 20340 incremental_pipeline.cc:620] Registering image #5 (num_reg_frames=3)
I20261002 19:51:49.570220 20340 incremental_pipeline.cc:623] => Image sees 130 / 198 points
I20261002 19:51:49.570267 20340 incremental_pipeline.cc:629] Registering image with structure-less fallback
I20261002 19:51:49.570315 20340 incremental_pipeline.cc:631] => Image sees 157 / 1402 correspondences
I20261002 19:51:49.570373 20340 incremental_pipeline.cc:646] => Could not register, trying another image.
I20261002 19:51:49.570420 20340 incremental_pipeline.cc:620] Registering image #79 (num_reg_frames=3)
I20261002 19:51:49.570465 20340 incremental_pipeline.cc:623] => Image sees 117 / 200 points
I20261002 19:51:49.570510 20340 incremental_pipeline.cc:629] Registering image with structure-less fallback
I20261002 19:51:49.570555 20340 incremental_pipeline.cc:631] => Image sees 155 / 8182 correspondences
I20261002 19:51:49.570637 20340 incremental_pipeline.cc:646] => Could not register, trying another image.
I20261002 19:51:49.570683 20340 incremental_pipeline.cc:88] Retriangulation and Global bundle adjustment
I20261002 19:51:49.586795 20340 incremental_pipeline.cc:620] Registering image #91 (num_reg_frames=3)
I20261002 19:51:49.586937 20340 incremental_pipeline.cc:623] => Image sees 115 / 194 points
I20261002 19:51:49.587053 20340 incremental_pipeline.cc:646] => Could not register, trying another image.
I20261002 19:51:49.587128 20340 incremental_pipeline.cc:620] Registering image #30 (num_reg_frames=3)
I20261002 19:51:49.587201 20340 incremental_pipeline.cc:623] => Image sees 115 / 216 points
I20261002 19:51:49.587291 20340 incremental_pipeline.cc:646] => Could not register, trying another image.
I20261002 19:51:49.587491 20340 incremental_pipeline.cc:620] Registering image #83 (num_reg_frames=3)
I20261002 19:51:49.587573 20340 incremental_pipeline.cc:623] => Image sees 118 / 220 points
I20261002 19:51:49.587661 20340 incremental_pipeline.cc:646] => Could not register, trying another image.
I20261002 19:51:49.587729 20340 incremental_pipeline.cc:620] Registering image #82 (num_reg_frames=3)
I20261002 19:51:49.587798 20340 incremental_pipeline.cc:623] => Image sees 117 / 205 points
I20261002 19:51:49.587884 20340 incremental_pipeline.cc:646] => Could not register, trying another image.
I20261002 19:51:49.587968 20340 incremental_pipeline.cc:620] Registering image #89 (num_reg_frames=3)
I20261002 19:51:49.588037 20340 incremental_pipeline.cc:623] => Image sees 114 / 206 points
I20261002 19:51:49.588122 20340 incremental_pipeline.cc:646] => Could not register, trying another image.
I20261002 19:51:49.588189 20340 incremental_pipeline.cc:620] Registering image #24 (num_reg_frames=3)
I20261002 19:51:49.588257 20340 incremental_pipeline.cc:623] => Image sees 119 / 221 points
I20261002 19:51:49.588339 20340 incremental_pipeline.cc:646] => Could not register, trying another image.
I20261002 19:51:49.588406 20340 incremental_pipeline.cc:620] Registering image #15 (num_reg_frames=3)
I20261002 19:51:49.588473 20340 incremental_pipeline.cc:623] => Image sees 116 / 231 points
I20261002 19:51:49.588560 20340 incremental_pipeline.cc:646] => Could not register, trying another image.
I20261002 19:51:49.588627 20340 incremental_pipeline.cc:620] Registering image #7 (num_reg_frames=3)
I20261002 19:51:49.588694 20340 incremental_pipeline.cc:623] => Image sees 120 / 189 points
I20261002 19:51:49.588775 20340 incremental_pipeline.cc:646] => Could not register, trying another image.
I20261002 19:51:49.588842 20340 incremental_pipeline.cc:620] Registering image #26 (num_reg_frames=3)
I20261002 19:51:49.588909 20340 incremental_pipeline.cc:623] => Image sees 115 / 218 points
I20261002 19:51:49.588997 20340 incremental_pipeline.cc:646] => Could not register, trying another image.
I20261002 19:51:49.589064 20340 incremental_pipeline.cc:620] Registering image #97 (num_reg_frames=3)
I20261002 19:51:49.589137 20340 incremental_pipeline.cc:623] => Image sees 117 / 193 points
I20261002 19:51:49.589221 20340 incremental_pipeline.cc:646] => Could not register, trying another image.
I20261002 19:51:49.589294 20340 incremental_pipeline.cc:620] Registering image #74 (num_reg_frames=3)
I20261002 19:51:49.589361 20340 incremental_pipeline.cc:623] => Image sees 116 / 207 points
I20261002 19:51:49.589447 20340 incremental_pipeline.cc:646] => Could not register, trying another image.
I20261002 19:51:49.589514 20340 incremental_pipeline.cc:620] Registering image #64 (num_reg_frames=3)
I20261002 19:51:49.589581 20340 incremental_pipeline.cc:623] => Image sees 118 / 211 points
I20261002 19:51:49.589669 20340 incremental_pipeline.cc:646] => Could not register, trying another image.
I20261002 19:51:49.589736 20340 incremental_pipeline.cc:620] Registering image #96 (num_reg_frames=3)
I20261002 19:51:49.589802 20340 incremental_pipeline.cc:623] => Image sees 116 / 202 points
I20261002 19:51:49.589884 20340 incremental_pipeline.cc:646] => Could not register, trying another image.
I20261002 19:51:49.589950 20340 incremental_pipeline.cc:620] Registering image #55 (num_reg_frames=3)
I20261002 19:51:49.590017 20340 incremental_pipeline.cc:623] => Image sees 115 / 220 points
I20261002 19:51:49.590104 20340 incremental_pipeline.cc:646] => Could not register, trying another image.
I20261002 19:51:49.590170 20340 incremental_pipeline.cc:620] Registering image #57 (num_reg_frames=3)
I20261002 19:51:49.590237 20340 incremental_pipeline.cc:623] => Image sees 115 / 229 points
I20261002 19:51:49.590323 20340 incremental_pipeline.cc:646] => Could not register, trying another image.
I20261002 19:51:49.590389 20340 incremental_pipeline.cc:620] Registering image #31 (num_reg_frames=3)
I20261002 19:51:49.590457 20340 incremental_pipeline.cc:623] => Image sees 116 / 212 points
I20261002 19:51:49.590653 20340 incremental_pipeline.cc:646] => Could not register, trying another image.
I20261002 19:51:49.590768 20340 incremental_pipeline.cc:620] Registering image #60 (num_reg_frames=3)
I20261002 19:51:49.590843 20340 incremental_pipeline.cc:623] => Image sees 113 / 209 points
I20261002 19:51:49.590934 20340 incremental_pipeline.cc:646] => Could not register, trying another image.
I20261002 19:51:49.591000 20340 incremental_pipeline.cc:620] Registering image #28 (num_reg_frames=3)
I20261002 19:51:49.591066 20340 incremental_pipeline.cc:623] => Image sees 113 / 203 points
I20261002 19:51:49.591163 20340 incremental_pipeline.cc:646] => Could not register, trying another image.
I20261002 19:51:49.591230 20340 incremental_pipeline.cc:620] Registering image #79 (num_reg_frames=3)
I20261002 19:51:49.591295 20340 incremental_pipeline.cc:623] => Image sees 117 / 200 points
I20261002 19:51:49.591398 20340 incremental_pipeline.cc:646] => Could not register, trying another image.
I20261002 19:51:49.591464 20340 incremental_pipeline.cc:620] Registering image #11 (num_reg_frames=3)
I20261002 19:51:49.591529 20340 incremental_pipeline.cc:623] => Image sees 112 / 197 points
I20261002 19:51:49.591608 20340 incremental_pipeline.cc:646] => Could not register, trying another image.
I20261002 19:51:49.591673 20340 incremental_pipeline.cc:620] Registering image #48 (num_reg_frames=3)
I20261002 19:51:49.591738 20340 incremental_pipeline.cc:623] => Image sees 116 / 222 points
I20261002 19:51:49.591823 20340 incremental_pipeline.cc:646] => Could not register, trying another image.
I20261002 19:51:49.591887 20340 incremental_pipeline.cc:620] Registering image #80 (num_reg_frames=3)
I20261002 19:51:49.591952 20340 incremental_pipeline.cc:623] => Image sees 114 / 202 points
I20261002 19:51:49.592034 20340 incremental_pipeline.cc:646] => Could not register, trying another image.
I20261002 19:51:49.592101 20340 incremental_pipeline.cc:620] Registering image #38 (num_reg_frames=3)
I20261002 19:51:49.592166 20340 incremental_pipeline.cc:623] => Image sees 111 / 223 points
I20261002 19:51:49.592255 20340 incremental_pipeline.cc:646] => Could not register, trying another image.
I20261002 19:51:49.592322 20340 incremental_pipeline.cc:620] Registering image #4 (num_reg_frames=3)
I20261002 19:51:49.592387 20340 incremental_pipeline.cc:623] => Image sees 114 / 188 points
I20261002 19:51:49.592465 20340 incremental_pipeline.cc:646] => Could not register, trying another image.
I20261002 19:51:49.592530 20340 incremental_pipeline.cc:620] Registering image #45 (num_reg_frames=3)
I20261002 19:51:49.592594 20340 incremental_pipeline.cc:623] => Image sees 115 / 211 points
I20261002 19:51:49.592681 20340 incremental_pipeline.cc:646] => Could not register, trying another image.
I20261002 19:51:49.592745 20340 incremental_pipeline.cc:620] Registering image #78 (num_reg_frames=3)
I20261002 19:51:49.592810 20340 incremental_pipeline.cc:623] => Image sees 114 / 205 points
I20261002 19:51:49.592892 20340 incremental_pipeline.cc:646] => Could not register, trying another image.
I20261002 19:51:49.592956 20340 incremental_pipeline.cc:620] Registering image #90 (num_reg_frames=3)
I20261002 19:51:49.593020 20340 incremental_pipeline.cc:623] => Image sees 111 / 203 points
I20261002 19:51:49.593102 20340 incremental_pipeline.cc:646] => Could not register, trying another image.
I20261002 19:51:49.593163 20340 incremental_pipeline.cc:620] Registering image #8 (num_reg_frames=3)
I20261002 19:51:49.593225 20340 incremental_pipeline.cc:623] => Image sees 110 / 198 points
I20261002 19:51:49.593300 20340 incremental_pipeline.cc:646] => Could not register, trying another image.
I20261002 19:51:49.593364 20340 incremental_pipeline.cc:620] Registering image #65 (num_reg_frames=3)
I20261002 19:51:49.593606 20340 incremental_pipeline.cc:623] => Image sees 111 / 201 points
I20261002 19:51:49.593731 20340 incremental_pipeline.cc:646] => Could not register, trying another image.
I20261002 19:51:49.593863 20340 incremental_pipeline.cc:620] Registering image #62 (num_reg_frames=3)
I20261002 19:51:49.593973 20340 incremental_pipeline.cc:623] => Image sees 109 / 218 points
I20261002 19:51:49.594098 20340 incremental_pipeline.cc:646] => Could not register, trying another image.
I20261002 19:51:49.594170 20340 incremental_pipeline.cc:620] Registering image #41 (num_reg_frames=3)
I20261002 19:51:49.594251 20340 incremental_pipeline.cc:623] => Image sees 112 / 237 points
I20261002 19:51:49.594375 20340 incremental_pipeline.cc:646] => Could not register, trying another image.
I20261002 19:51:49.594473 20340 incremental_pipeline.cc:620] Registering image #7 (num_reg_frames=3)
I20261002 19:51:49.594556 20340 incremental_pipeline.cc:623] => Image sees 120 / 189 points
I20261002 19:51:49.594623 20340 incremental_pipeline.cc:629] Registering image with structure-less fallback
I20261002 19:51:49.594688 20340 incremental_pipeline.cc:631] => Image sees 147 / 1427 correspondences
I20261002 19:51:49.594765 20340 incremental_pipeline.cc:646] => Could not register, trying another image.
I20261002 19:51:49.594828 20340 incremental_pipeline.cc:620] Registering image #8 (num_reg_frames=3)
I20261002 19:51:49.594892 20340 incremental_pipeline.cc:623] => Image sees 110 / 198 points
I20261002 19:51:49.594955 20340 incremental_pipeline.cc:629] Registering image with structure-less fallback
I20261002 19:51:49.595019 20340 incremental_pipeline.cc:631] => Image sees 143 / 1582 correspondences
I20261002 19:51:49.595098 20340 incremental_pipeline.cc:646] => Could not register, trying another image.
I20261002 19:51:49.595161 20340 incremental_pipeline.cc:620] Registering image #102 (num_reg_frames=3)
I20261002 19:51:49.595225 20340 incremental_pipeline.cc:623] => Image sees 96 / 190 points
I20261002 19:51:49.595288 20340 incremental_pipeline.cc:629] Registering image with structure-less fallback
I20261002 19:51:49.595350 20340 incremental_pipeline.cc:631] => Image sees 137 / 2082 correspondences
I20261002 19:51:49.595428 20340 incremental_pipeline.cc:646] => Could not register, trying another image.
I20261002 19:51:49.595491 20340 incremental_pipeline.cc:620] Registering image #97 (num_reg_frames=3)
I20261002 19:51:49.595558 20340 incremental_pipeline.cc:623] => Image sees 117 / 193 points
I20261002 19:51:49.595622 20340 incremental_pipeline.cc:629] Registering image with structure-less fallback
I20261002 19:51:49.595679 20340 incremental_pipeline.cc:631] => Image sees 133 / 2422 correspondences
I20261002 19:51:49.595750 20340 incremental_pipeline.cc:646] => Could not register, trying another image.
I20261002 19:51:49.595806 20340 incremental_pipeline.cc:620] Registering image #12 (num_reg_frames=3)
I20261002 19:51:49.595865 20340 incremental_pipeline.cc:623] => Image sees 120 / 208 points
I20261002 19:51:49.595928 20340 incremental_pipeline.cc:629] Registering image with structure-less fallback
I20261002 19:51:49.595991 20340 incremental_pipeline.cc:631] => Image sees 132 / 2195 correspondences
I20261002 19:51:49.596070 20340 incremental_pipeline.cc:646] => Could not register, trying another image.
I20261002 19:51:49.596133 20340 incremental_pipeline.cc:620] Registering image #11 (num_reg_frames=3)
I20261002 19:51:49.596345 20340 incremental_pipeline.cc:623] => Image sees 112 / 197 points
I20261002 19:51:49.596465 20340 incremental_pipeline.cc:629] Registering image with structure-less fallback
I20261002 19:51:49.596536 20340 incremental_pipeline.cc:631] => Image sees 132 / 1602 correspondences
I20261002 19:51:49.596636 20340 incremental_pipeline.cc:646] => Could not register, trying another image.
I20261002 19:51:49.596703 20340 incremental_pipeline.cc:620] Registering image #76 (num_reg_frames=3)
I20261002 19:51:49.596766 20340 incremental_pipeline.cc:623] => Image sees 123 / 217 points
I20261002 19:51:49.596831 20340 incremental_pipeline.cc:629] Registering image with structure-less fallback
I20261002 19:51:49.596889 20340 incremental_pipeline.cc:631] => Image sees 131 / 2654 correspondences
I20261002 19:51:49.596964 20340 incremental_pipeline.cc:646] => Could not register, trying another image.
I20261002 19:51:49.597031 20340 incremental_pipeline.cc:620] Registering image #14 (num_reg_frames=3)
I20261002 19:51:49.597111 20340 incremental_pipeline.cc:623] => Image sees 118 / 208 points
I20261002 19:51:49.597202 20340 incremental_pipeline.cc:629] Registering image with structure-less fallback
I20261002 19:51:49.597262 20340 incremental_pipeline.cc:631] => Image sees 131 / 1855 correspondences
I20261002 19:51:49.597327 20340 incremental_pipeline.cc:646] => Could not register, trying another image.
I20261002 19:51:49.597374 20340 incremental_pipeline.cc:620] Registering image #69 (num_reg_frames=3)
I20261002 19:51:49.597432 20340 incremental_pipeline.cc:623] => Image sees 124 / 212 points
I20261002 19:51:49.597478 20340 incremental_pipeline.cc:629] Registering image with structure-less fallback
I20261002 19:51:49.597525 20340 incremental_pipeline.cc:631] => Image sees 131 / 2938 correspondences
I20261002 19:51:49.597588 20340 incremental_pipeline.cc:646] => Could not register, trying another image.
I20261002 19:51:49.597638 20340 incremental_pipeline.cc:620] Registering image #4 (num_reg_frames=3)
I20261002 19:51:49.597685 20340 incremental_pipeline.cc:623] => Image sees 114 / 188 points
I20261002 19:51:49.597731 20340 incremental_pipeline.cc:629] Registering image with structure-less fallback
I20261002 19:51:49.597778 20340 incremental_pipeline.cc:631] => Image sees 130 / 1497 correspondences
I20261002 19:51:49.597834 20340 incremental_pipeline.cc:646] => Could not register, trying another image.
I20261002 19:51:49.597880 20340 incremental_pipeline.cc:620] Registering image #77 (num_reg_frames=3)
I20261002 19:51:49.597927 20340 incremental_pipeline.cc:623] => Image sees 118 / 217 points
I20261002 19:51:49.597972 20340 incremental_pipeline.cc:629] Registering image with structure-less fallback
I20261002 19:51:49.598018 20340 incremental_pipeline.cc:631] => Image sees 130 / 2985 correspondences
I20261002 19:51:49.598082 20340 incremental_pipeline.cc:646] => Could not register, trying another image.
I20261002 19:51:49.598128 20340 incremental_pipeline.cc:620] Registering image #27 (num_reg_frames=3)
I20261002 19:51:49.598179 20340 incremental_pipeline.cc:623] => Image sees 123 / 239 points
I20261002 19:51:49.598226 20340 incremental_pipeline.cc:629] Registering image with structure-less fallback
I20261002 19:51:49.598272 20340 incremental_pipeline.cc:631] => Image sees 129 / 2575 correspondences
I20261002 19:51:49.598335 20340 incremental_pipeline.cc:646] => Could not register, trying another image.
I20261002 19:51:49.598380 20340 incremental_pipeline.cc:620] Registering image #6 (num_reg_frames=3)
I20261002 19:51:49.598426 20340 incremental_pipeline.cc:623] => Image sees 108 / 190 points
I20261002 19:51:49.598472 20340 incremental_pipeline.cc:629] Registering image with structure-less fallback
I20261002 19:51:49.598521 20340 incremental_pipeline.cc:631] => Image sees 129 / 1531 correspondences
I20261002 19:51:49.598579 20340 incremental_pipeline.cc:646] => Could not register, trying another image.
I20261002 19:51:49.598624 20340 incremental_pipeline.cc:620] Registering image #84 (num_reg_frames=3)
I20261002 19:51:49.598671 20340 incremental_pipeline.cc:623] => Image sees 117 / 192 points
I20261002 19:51:49.598717 20340 incremental_pipeline.cc:629] Registering image with structure-less fallback
I20261002 19:51:49.598762 20340 incremental_pipeline.cc:631] => Image sees 128 / 2390 correspondences
I20261002 19:51:49.598824 20340 incremental_pipeline.cc:646] => Could not register, trying another image.
I20261002 19:51:49.598870 20340 incremental_pipeline.cc:620] Registering image #64 (num_reg_frames=3)
I20261002 19:51:49.598916 20340 incremental_pipeline.cc:623] => Image sees 118 / 211 points
I20261002 19:51:49.598962 20340 incremental_pipeline.cc:629] Registering image with structure-less fallback
I20261002 19:51:49.599008 20340 incremental_pipeline.cc:631] => Image sees 127 / 3370 correspondences
I20261002 19:51:49.599073 20340 incremental_pipeline.cc:646] => Could not register, trying another image.
I20261002 19:51:49.599118 20340 incremental_pipeline.cc:620] Registering image #75 (num_reg_frames=3)
I20261002 19:51:49.599165 20340 incremental_pipeline.cc:623] => Image sees 123 / 211 points
I20261002 19:51:49.599211 20340 incremental_pipeline.cc:629] Registering image with structure-less fallback
I20261002 19:51:49.599257 20340 incremental_pipeline.cc:631] => Image sees 127 / 2702 correspondences
I20261002 19:51:49.599320 20340 incremental_pipeline.cc:646] => Could not register, trying another image.
I20261002 19:51:49.599365 20340 incremental_pipeline.cc:620] Registering image #96 (num_reg_frames=3)
I20261002 19:51:49.599496 20340 incremental_pipeline.cc:623] => Image sees 116 / 202 points
I20261002 19:51:49.599595 20340 incremental_pipeline.cc:629] Registering image with structure-less fallback
I20261002 19:51:49.599655 20340 incremental_pipeline.cc:631] => Image sees 127 / 2134 correspondences
I20261002 19:51:49.599827 20340 incremental_pipeline.cc:646] => Could not register, trying another image.
I20261002 19:51:49.599939 20340 incremental_pipeline.cc:620] Registering image #9 (num_reg_frames=3)
I20261002 19:51:49.600024 20340 incremental_pipeline.cc:623] => Image sees 109 / 191 points
I20261002 19:51:49.600203 20340 incremental_pipeline.cc:629] Registering image with structure-less fallback
I20261002 19:51:49.600303 20340 incremental_pipeline.cc:631] => Image sees 126 / 1682 correspondences
I20261002 19:51:49.600377 20340 incremental_pipeline.cc:646] => Could not register, trying another image.
I20261002 19:51:49.600433 20340 incremental_pipeline.cc:620] Registering image #89 (num_reg_frames=3)
I20261002 19:51:49.600488 20340 incremental_pipeline.cc:623] => Image sees 114 / 206 points
I20261002 19:51:49.600543 20340 incremental_pipeline.cc:629] Registering image with structure-less fallback
I20261002 19:51:49.600606 20340 incremental_pipeline.cc:631] => Image sees 126 / 2612 correspondences
I20261002 19:51:49.600679 20340 incremental_pipeline.cc:646] => Could not register, trying another image.
I20261002 19:51:49.600741 20340 incremental_pipeline.cc:620] Registering image #91 (num_reg_frames=3)
I20261002 19:51:49.600797 20340 incremental_pipeline.cc:623] => Image sees 115 / 194 points
I20261002 19:51:49.600851 20340 incremental_pipeline.cc:629] Registering image with structure-less fallback
I20261002 19:51:49.600905 20340 incremental_pipeline.cc:631] => Image sees 126 / 2151 correspondences
I20261002 19:51:49.600978 20340 incremental_pipeline.cc:646] => Could not register, trying another image.
I20261002 19:51:49.601033 20340 incremental_pipeline.cc:620] Registering image #83 (num_reg_frames=3)
I20261002 19:51:49.601087 20340 incremental_pipeline.cc:623] => Image sees 118 / 220 points
I20261002 19:51:49.601142 20340 incremental_pipeline.cc:629] Registering image with structure-less fallback
I20261002 19:51:49.601197 20340 incremental_pipeline.cc:631] => Image sees 126 / 2184 correspondences
I20261002 19:51:49.601267 20340 incremental_pipeline.cc:646] => Could not register, trying another image.
I20261002 19:51:49.601321 20340 incremental_pipeline.cc:620] Registering image #57 (num_reg_frames=3)
I20261002 19:51:49.601376 20340 incremental_pipeline.cc:623] => Image sees 115 / 229 points
I20261002 19:51:49.601430 20340 incremental_pipeline.cc:629] Registering image with structure-less fallback
I20261002 19:51:49.601484 20340 incremental_pipeline.cc:631] => Image sees 126 / 3166 correspondences
I20261002 19:51:49.601557 20340 incremental_pipeline.cc:646] => Could not register, trying another image.
I20261002 19:51:49.601612 20340 incremental_pipeline.cc:620] Registering image #70 (num_reg_frames=3)
I20261002 19:51:49.601665 20340 incremental_pipeline.cc:623] => Image sees 120 / 217 points
I20261002 19:51:49.601719 20340 incremental_pipeline.cc:629] Registering image with structure-less fallback
I20261002 19:51:49.601773 20340 incremental_pipeline.cc:631] => Image sees 125 / 2789 correspondences
I20261002 19:51:49.601844 20340 incremental_pipeline.cc:646] => Could not register, trying another image.
I20261002 19:51:49.601898 20340 incremental_pipeline.cc:620] Registering image #66 (num_reg_frames=3)
I20261002 19:51:49.601954 20340 incremental_pipeline.cc:623] => Image sees 119 / 222 points
I20261002 19:51:49.602058 20340 incremental_pipeline.cc:629] Registering image with structure-less fallback
I20261002 19:51:49.602133 20340 incremental_pipeline.cc:631] => Image sees 124 / 3011 correspondences
I20261002 19:51:49.602206 20340 incremental_pipeline.cc:646] => Could not register, trying another image.
I20261002 19:51:49.602261 20340 incremental_pipeline.cc:620] Registering image #55 (num_reg_frames=3)
I20261002 19:51:49.602326 20340 incremental_pipeline.cc:623] => Image sees 115 / 220 points
I20261002 19:51:49.602380 20340 incremental_pipeline.cc:629] Registering image with structure-less fallback
I20261002 19:51:49.602434 20340 incremental_pipeline.cc:631] => Image sees 124 / 3225 correspondences
I20261002 19:51:49.602507 20340 incremental_pipeline.cc:646] => Could not register, trying another image.
I20261002 19:51:49.602562 20340 incremental_pipeline.cc:620] Registering image #30 (num_reg_frames=3)
I20261002 19:51:49.602616 20340 incremental_pipeline.cc:623] => Image sees 115 / 216 points
I20261002 19:51:49.602670 20340 incremental_pipeline.cc:629] Registering image with structure-less fallback
I20261002 19:51:49.602723 20340 incremental_pipeline.cc:631] => Image sees 124 / 3145 correspondences
I20261002 19:51:49.602796 20340 incremental_pipeline.cc:646] => Could not register, trying another image.
I20261002 19:51:49.602851 20340 incremental_pipeline.cc:620] Registering image #67 (num_reg_frames=3)
I20261002 19:51:49.602906 20340 incremental_pipeline.cc:623] => Image sees 118 / 215 points
I20261002 19:51:49.602959 20340 incremental_pipeline.cc:629] Registering image with structure-less fallback
I20261002 19:51:49.603013 20340 incremental_pipeline.cc:631] => Image sees 124 / 3213 correspondences
I20261002 19:51:49.603086 20340 incremental_pipeline.cc:646] => Could not register, trying another image.
I20261002 19:51:49.603146 20340 incremental_pipeline.cc:620] Registering image #90 (num_reg_frames=3)
I20261002 19:51:49.603201 20340 incremental_pipeline.cc:623] => Image sees 111 / 203 points
I20261002 19:51:49.603255 20340 incremental_pipeline.cc:629] Registering image with structure-less fallback
I20261002 19:51:49.603308 20340 incremental_pipeline.cc:631] => Image sees 124 / 2322 correspondences
I20261002 19:51:49.603377 20340 incremental_pipeline.cc:646] => Could not register, trying another image.
I20261002 19:51:49.603431 20340 incremental_pipeline.cc:620] Registering image #80 (num_reg_frames=3)
I20261002 19:51:49.603486 20340 incremental_pipeline.cc:623] => Image sees 114 / 202 points
I20261002 19:51:49.603540 20340 incremental_pipeline.cc:629] Registering image with structure-less fallback
I20261002 19:51:49.603593 20340 incremental_pipeline.cc:631] => Image sees 124 / 2708 correspondences
I20261002 19:51:49.603664 20340 incremental_pipeline.cc:646] => Could not register, trying another image.
I20261002 19:51:49.603718 20340 incremental_pipeline.cc:620] Registering image #48 (num_reg_frames=3)
I20261002 19:51:49.603773 20340 incremental_pipeline.cc:623] => Image sees 116 / 222 points
I20261002 19:51:49.603827 20340 incremental_pipeline.cc:629] Registering image with structure-less fallback
I20261002 19:51:49.603910 20340 incremental_pipeline.cc:631] => Image sees 123 / 3185 correspondences
I20261002 19:51:49.604014 20340 incremental_pipeline.cc:646] => Could not register, trying another image.
I20261002 19:51:49.604082 20340 incremental_pipeline.cc:620] Registering image #47 (num_reg_frames=3)
I20261002 19:51:49.604144 20340 incremental_pipeline.cc:623] => Image sees 118 / 206 points
I20261002 19:51:49.604202 20340 incremental_pipeline.cc:629] Registering image with structure-less fallback
I20261002 19:51:49.604262 20340 incremental_pipeline.cc:631] => Image sees 123 / 3226 correspondences
I20261002 19:51:49.604338 20340 incremental_pipeline.cc:646] => Could not register, trying another image.
W20261002 19:51:49.604405 20340 incremental_pipeline.cc:821] Discarding reconstruction due to insufficient size
I20261002 19:51:49.607527 20340 incremental_pipeline.cc:465] Finding good initial image pair
I20261002 19:51:49.706332 20340 incremental_pipeline.cc:492] Registering initial image pair #110 and #70
I20261002 19:51:49.707281 20340 incremental_pipeline.cc:510] Global bundle adjustment
I20261002 19:51:49.714816 20340 incremental_pipeline.cc:620] Registering image #52 (num_reg_frames=2)
I20261002 19:51:49.715014 20340 incremental_pipeline.cc:623] => Image sees 69 / 220 points
I20261002 19:51:49.717250 20340 incremental_pipeline.cc:88] Retriangulation and Global bundle adjustment
I20261002 19:51:49.721490 20340 incremental_pipeline.cc:620] Registering image #48 (num_reg_frames=3)
I20261002 19:51:49.721586 20340 incremental_pipeline.cc:623] => Image sees 69 / 222 points
I20261002 19:51:49.724735 20340 incremental_pipeline.cc:620] Registering image #17 (num_reg_frames=4)
I20261002 19:51:49.724837 20340 incremental_pipeline.cc:623] => Image sees 69 / 218 points
I20261002 19:51:49.726838 20340 incremental_pipeline.cc:88] Retriangulation and Global bundle adjustment
W20261002 19:51:49.732428 20340 bundle_adjustment_ceres.cc:391] Failed to fix Gauge with two cameras. Falling back to fixing Gauge with three points.
W20261002 19:51:49.732552 20340 bundle_adjustment_ceres.cc:298] Failed to fix Gauge due to insufficient number of fixed points: 0
I20261002 19:51:49.733838 20340 incremental_pipeline.cc:88] Retriangulation and Global bundle adjustment
W20261002 19:51:49.735334 20340 bundle_adjustment_ceres.cc:391] Failed to fix Gauge with two cameras. Falling back to fixing Gauge with three points.
W20261002 19:51:49.735437 20340 bundle_adjustment_ceres.cc:298] Failed to fix Gauge due to insufficient number of fixed points: 0
W20261002 19:51:49.735516 20340 incremental_pipeline.cc:821] Discarding reconstruction due to insufficient size
I20261002 19:51:49.737115 20340 incremental_pipeline.cc:465] Finding good initial image pair
I20261002 19:51:49.753457 20340 incremental_pipeline.cc:492] Registering initial image pair #110 and #5
I20261002 19:51:49.754385 20340 incremental_pipeline.cc:510] Global bundle adjustment
I20261002 19:51:49.761960 20340 incremental_pipeline.cc:620] Registering image #114 (num_reg_frames=2)
I20261002 19:51:49.762102 20340 incremental_pipeline.cc:623] => Image sees 65 / 151 points
I20261002 19:51:49.763638 20340 incremental_pipeline.cc:88] Retriangulation and Global bundle adjustment
I20261002 19:51:49.765911 20340 incremental_pipeline.cc:620] Registering image #100 (num_reg_frames=3)
I20261002 19:51:49.766017 20340 incremental_pipeline.cc:623] => Image sees 61 / 201 points
I20261002 19:51:49.771406 20340 incremental_pipeline.cc:88] Retriangulation and Global bundle adjustment
I20261002 19:51:49.773675 20340 incremental_pipeline.cc:620] Registering image #103 (num_reg_frames=4)
I20261002 19:51:49.773775 20340 incremental_pipeline.cc:623] => Image sees 93 / 176 points
I20261002 19:51:49.777424 20340 incremental_pipeline.cc:620] Registering image #101 (num_reg_frames=5)
I20261002 19:51:49.777543 20340 incremental_pipeline.cc:623] => Image sees 94 / 172 points
I20261002 19:51:49.784195 20340 incremental_pipeline.cc:88] Retriangulation and Global bundle adjustment
I20261002 19:51:49.807283 20340 incremental_pipeline.cc:620] Registering image #113 (num_reg_frames=6)
I20261002 19:51:49.807421 20340 incremental_pipeline.cc:623] => Image sees 91 / 143 points
I20261002 19:51:49.813065 20340 incremental_pipeline.cc:620] Registering image #115 (num_reg_frames=7)
I20261002 19:51:49.813186 20340 incremental_pipeline.cc:623] => Image sees 89 / 139 points
I20261002 19:51:49.818017 20340 incremental_pipeline.cc:620] Registering image #102 (num_reg_frames=8)
I20261002 19:51:49.818175 20340 incremental_pipeline.cc:623] => Image sees 90 / 190 points
I20261002 19:51:49.823168 20340 incremental_pipeline.cc:88] Retriangulation and Global bundle adjustment
I20261002 19:51:49.871058 20340 incremental_pipeline.cc:620] Registering image #107 (num_reg_frames=9)
I20261002 19:51:49.871196 20340 incremental_pipeline.cc:623] => Image sees 98 / 146 points
I20261002 19:51:49.877541 20340 incremental_pipeline.cc:620] Registering image #105 (num_reg_frames=10)
I20261002 19:51:49.877672 20340 incremental_pipeline.cc:623] => Image sees 106 / 161 points
I20261002 19:51:49.886965 20340 incremental_pipeline.cc:620] Registering image #99 (num_reg_frames=11)
I20261002 19:51:49.887081 20340 incremental_pipeline.cc:623] => Image sees 110 / 194 points
I20261002 19:51:49.894987 20340 incremental_pipeline.cc:620] Registering image #98 (num_reg_frames=12)
I20261002 19:51:49.895116 20340 incremental_pipeline.cc:623] => Image sees 124 / 202 points
I20261002 19:51:49.904883 20340 incremental_pipeline.cc:88] Retriangulation and Global bundle adjustment
I20261002 19:51:50.232354 20340 incremental_pipeline.cc:88] Retriangulation and Global bundle adjustment
I20261002 19:51:50.508048 20340 incremental_pipeline.cc:620] Registering image #96 (num_reg_frames=13)
I20261002 19:51:50.517118 20340 incremental_pipeline.cc:623] => Image sees 139 / 202 points
I20261002 19:51:50.524661 20340 incremental_pipeline.cc:88] Retriangulation and Global bundle adjustment
I20261002 19:51:50.632792 20340 incremental_pipeline.cc:620] Registering image #97 (num_reg_frames=14)
I20261002 19:51:50.632937 20340 incremental_pipeline.cc:623] => Image sees 131 / 193 points
I20261002 19:51:50.642333 20340 incremental_pipeline.cc:620] Registering image #89 (num_reg_frames=15)
I20261002 19:51:50.642451 20340 incremental_pipeline.cc:623] => Image sees 138 / 206 points
I20261002 19:51:50.647941 20340 incremental_pipeline.cc:620] Registering image #86 (num_reg_frames=16)
I20261002 19:51:50.648051 20340 incremental_pipeline.cc:623] => Image sees 139 / 198 points
I20261002 19:51:50.654920 20340 incremental_pipeline.cc:620] Registering image #83 (num_reg_frames=17)
I20261002 19:51:50.655026 20340 incremental_pipeline.cc:623] => Image sees 136 / 220 points
I20261002 19:51:50.659740 20340 incremental_pipeline.cc:620] Registering image #78 (num_reg_frames=18)
I20261002 19:51:50.659842 20340 incremental_pipeline.cc:623] => Image sees 134 / 205 points
I20261002 19:51:50.667897 20340 incremental_pipeline.cc:620] Registering image #93 (num_reg_frames=19)
I20261002 19:51:50.668092 20340 incremental_pipeline.cc:623] => Image sees 137 / 210 points
I20261002 19:51:50.679907 20340 incremental_pipeline.cc:88] Retriangulation and Global bundle adjustment
I20261002 19:51:50.874802 20340 incremental_pipeline.cc:620] Registering image #38 (num_reg_frames=20)
I20261002 19:51:50.874990 20340 incremental_pipeline.cc:623] => Image sees 131 / 223 points
I20261002 19:51:50.883501 20340 incremental_pipeline.cc:620] Registering image #82 (num_reg_frames=21)
I20261002 19:51:50.883672 20340 incremental_pipeline.cc:623] => Image sees 142 / 205 points
I20261002 19:51:50.893093 20340 incremental_pipeline.cc:620] Registering image #35 (num_reg_frames=22)
I20261002 19:51:50.893241 20340 incremental_pipeline.cc:623] => Image sees 141 / 226 points
I20261002 19:51:50.901432 20340 incremental_pipeline.cc:620] Registering image #36 (num_reg_frames=23)
I20261002 19:51:50.901569 20340 incremental_pipeline.cc:623] => Image sees 146 / 224 points
I20261002 19:51:50.912281 20340 incremental_pipeline.cc:620] Registering image #37 (num_reg_frames=24)
I20261002 19:51:50.912409 20340 incremental_pipeline.cc:623] => Image sees 156 / 225 points
I20261002 19:51:50.921192 20340 incremental_pipeline.cc:620] Registering image #87 (num_reg_frames=25)
I20261002 19:51:50.921322 20340 incremental_pipeline.cc:623] => Image sees 158 / 197 points
I20261002 19:51:50.929488 20340 incremental_pipeline.cc:620] Registering image #54 (num_reg_frames=26)
I20261002 19:51:50.929611 20340 incremental_pipeline.cc:623] => Image sees 156 / 212 points
I20261002 19:51:50.937607 20340 incremental_pipeline.cc:620] Registering image #84 (num_reg_frames=27)
I20261002 19:51:50.939407 20340 incremental_pipeline.cc:623] => Image sees 165 / 192 points
I20261002 19:51:50.946488 20340 incremental_pipeline.cc:88] Retriangulation and Global bundle adjustment
I20261002 19:51:51.636721 20340 incremental_pipeline.cc:620] Registering image #92 (num_reg_frames=28)
I20261002 19:51:51.645789 20340 incremental_pipeline.cc:623] => Image sees 125 / 192 points
I20261002 19:51:51.655704 20340 incremental_pipeline.cc:620] Registering image #80 (num_reg_frames=29)
I20261002 19:51:51.655824 20340 incremental_pipeline.cc:623] => Image sees 127 / 202 points
I20261002 19:51:51.665872 20340 incremental_pipeline.cc:620] Registering image #44 (num_reg_frames=30)
I20261002 19:51:51.666002 20340 incremental_pipeline.cc:623] => Image sees 126 / 212 points
I20261002 19:51:51.673432 20340 incremental_pipeline.cc:620] Registering image #48 (num_reg_frames=31)
I20261002 19:51:51.673588 20340 incremental_pipeline.cc:623] => Image sees 125 / 222 points
I20261002 19:51:51.678781 20340 incremental_pipeline.cc:620] Registering image #41 (num_reg_frames=32)
I20261002 19:51:51.678892 20340 incremental_pipeline.cc:623] => Image sees 129 / 237 points
I20261002 19:51:51.688201 20340 incremental_pipeline.cc:620] Registering image #58 (num_reg_frames=33)
I20261002 19:51:51.688302 20340 incremental_pipeline.cc:623] => Image sees 123 / 224 points
I20261002 19:51:51.696730 20340 incremental_pipeline.cc:620] Registering image #88 (num_reg_frames=34)
I20261002 19:51:51.696856 20340 incremental_pipeline.cc:623] => Image sees 127 / 199 points
I20261002 19:51:51.706266 20340 incremental_pipeline.cc:620] Registering image #71 (num_reg_frames=35)
I20261002 19:51:51.706497 20340 incremental_pipeline.cc:623] => Image sees 128 / 212 points
I20261002 19:51:51.716416 20340 incremental_pipeline.cc:620] Registering image #68 (num_reg_frames=36)
I20261002 19:51:51.716568 20340 incremental_pipeline.cc:623] => Image sees 124 / 206 points
I20261002 19:51:51.727555 20340 incremental_pipeline.cc:620] Registering image #60 (num_reg_frames=37)
I20261002 19:51:51.727698 20340 incremental_pipeline.cc:623] => Image sees 125 / 209 points
I20261002 19:51:51.736688 20340 incremental_pipeline.cc:620] Registering image #90 (num_reg_frames=38)
I20261002 19:51:51.736802 20340 incremental_pipeline.cc:623] => Image sees 130 / 203 points
I20261002 19:51:51.746264 20340 incremental_pipeline.cc:620] Registering image #69 (num_reg_frames=39)
I20261002 19:51:51.746374 20340 incremental_pipeline.cc:623] => Image sees 124 / 212 points
I20261002 19:51:51.752907 20340 incremental_pipeline.cc:88] Retriangulation and Global bundle adjustment
I20261002 19:51:54.085239 20340 incremental_pipeline.cc:620] Registering image #76 (num_reg_frames=40)
I20261002 19:51:54.094323 20340 incremental_pipeline.cc:623] => Image sees 127 / 217 points
I20261002 19:51:54.103549 20340 incremental_pipeline.cc:620] Registering image #46 (num_reg_frames=41)
I20261002 19:51:54.103720 20340 incremental_pipeline.cc:623] => Image sees 125 / 215 points
I20261002 19:51:54.111682 20340 incremental_pipeline.cc:620] Registering image #31 (num_reg_frames=42)
I20261002 19:51:54.111815 20340 incremental_pipeline.cc:623] => Image sees 128 / 212 points
I20261002 19:51:54.120646 20340 incremental_pipeline.cc:620] Registering image #91 (num_reg_frames=43)
I20261002 19:51:54.120774 20340 incremental_pipeline.cc:623] => Image sees 152 / 194 points
I20261002 19:51:54.129778 20340 incremental_pipeline.cc:620] Registering image #62 (num_reg_frames=44)
I20261002 19:51:54.129881 20340 incremental_pipeline.cc:623] => Image sees 168 / 218 points
I20261002 19:51:54.147158 20340 incremental_pipeline.cc:620] Registering image #51 (num_reg_frames=45)
I20261002 19:51:54.147296 20340 incremental_pipeline.cc:623] => Image sees 168 / 214 points
I20261002 19:51:54.155821 20340 incremental_pipeline.cc:620] Registering image #56 (num_reg_frames=46)
I20261002 19:51:54.155931 20340 incremental_pipeline.cc:623] => Image sees 169 / 221 points
I20261002 19:51:54.164525 20340 incremental_pipeline.cc:620] Registering image #57 (num_reg_frames=47)
I20261002 19:51:54.164633 20340 incremental_pipeline.cc:623] => Image sees 173 / 229 points
I20261002 19:51:54.174249 20340 incremental_pipeline.cc:620] Registering image #66 (num_reg_frames=48)
I20261002 19:51:54.174371 20340 incremental_pipeline.cc:623] => Image sees 175 / 222 points
I20261002 19:51:54.183350 20340 incremental_pipeline.cc:620] Registering image #53 (num_reg_frames=49)
I20261002 19:51:54.183459 20340 incremental_pipeline.cc:623] => Image sees 169 / 216 points
I20261002 19:51:54.194669 20340 incremental_pipeline.cc:620] Registering image #42 (num_reg_frames=50)
I20261002 19:51:54.194799 20340 incremental_pipeline.cc:623] => Image sees 174 / 224 points
I20261002 19:51:54.204417 20340 incremental_pipeline.cc:620] Registering image #74 (num_reg_frames=51)
I20261002 19:51:54.204549 20340 incremental_pipeline.cc:623] => Image sees 179 / 207 points
I20261002 19:51:54.213203 20340 incremental_pipeline.cc:620] Registering image #13 (num_reg_frames=52)
I20261002 19:51:54.213320 20340 incremental_pipeline.cc:623] => Image sees 164 / 215 points
I20261002 19:51:54.223465 20340 incremental_pipeline.cc:88] Retriangulation and Global bundle adjustment
I20261002 19:51:55.576591 20340 incremental_pipeline.cc:620] Registering image #15 (num_reg_frames=53)
I20261002 19:51:55.576761 20340 incremental_pipeline.cc:623] => Image sees 179 / 231 points
I20261002 19:51:55.590296 20340 incremental_pipeline.cc:620] Registering image #10 (num_reg_frames=54)
I20261002 19:51:55.590430 20340 incremental_pipeline.cc:623] => Image sees 180 / 205 points
I20261002 19:51:55.599830 20340 incremental_pipeline.cc:620] Registering image #19 (num_reg_frames=55)
I20261002 19:51:55.599946 20340 incremental_pipeline.cc:623] => Image sees 187 / 219 points
I20261002 19:51:55.609691 20340 incremental_pipeline.cc:620] Registering image #18 (num_reg_frames=56)
I20261002 19:51:55.609815 20340 incremental_pipeline.cc:623] => Image sees 182 / 217 points
I20261002 19:51:55.619484 20340 incremental_pipeline.cc:620] Registering image #14 (num_reg_frames=57)
I20261002 19:51:55.619609 20340 incremental_pipeline.cc:623] => Image sees 179 / 208 points
I20261002 19:51:55.630252 20340 incremental_pipeline.cc:620] Registering image #27 (num_reg_frames=58)
I20261002 19:51:55.630356 20340 incremental_pipeline.cc:623] => Image sees 190 / 239 points
I20261002 19:51:55.639919 20340 incremental_pipeline.cc:620] Registering image #20 (num_reg_frames=59)
I20261002 19:51:55.640041 20340 incremental_pipeline.cc:623] => Image sees 182 / 219 points
I20261002 19:51:55.649407 20340 incremental_pipeline.cc:620] Registering image #17 (num_reg_frames=60)
I20261002 19:51:55.649540 20340 incremental_pipeline.cc:623] => Image sees 188 / 218 points
I20261002 19:51:55.659428 20340 incremental_pipeline.cc:620] Registering image #16 (num_reg_frames=61)
I20261002 19:51:55.659545 20340 incremental_pipeline.cc:623] => Image sees 192 / 217 points
I20261002 19:51:55.670421 20340 incremental_pipeline.cc:620] Registering image #50 (num_reg_frames=62)
I20261002 19:51:55.670581 20340 incremental_pipeline.cc:623] => Image sees 189 / 221 points
I20261002 19:51:55.680844 20340 incremental_pipeline.cc:620] Registering image #12 (num_reg_frames=63)
I20261002 19:51:55.680973 20340 incremental_pipeline.cc:623] => Image sees 188 / 208 points
I20261002 19:51:55.691026 20340 incremental_pipeline.cc:620] Registering image #24 (num_reg_frames=64)
I20261002 19:51:55.691127 20340 incremental_pipeline.cc:623] => Image sees 189 / 221 points
I20261002 19:51:55.702047 20340 incremental_pipeline.cc:620] Registering image #23 (num_reg_frames=65)
I20261002 19:51:55.702252 20340 incremental_pipeline.cc:623] => Image sees 192 / 227 points
I20261002 19:51:55.712453 20340 incremental_pipeline.cc:620] Registering image #32 (num_reg_frames=66)
I20261002 19:51:55.712605 20340 incremental_pipeline.cc:623] => Image sees 194 / 226 points
I20261002 19:51:55.744478 20340 incremental_pipeline.cc:620] Registering image #34 (num_reg_frames=67)
I20261002 19:51:55.744619 20340 incremental_pipeline.cc:623] => Image sees 193 / 223 points
I20261002 19:51:55.756079 20340 incremental_pipeline.cc:620] Registering image #67 (num_reg_frames=68)
I20261002 19:51:55.756213 20340 incremental_pipeline.cc:623] => Image sees 184 / 215 points
I20261002 19:51:55.766265 20340 incremental_pipeline.cc:620] Registering image #30 (num_reg_frames=69)
I20261002 19:51:55.766381 20340 incremental_pipeline.cc:623] => Image sees 192 / 216 points
I20261002 19:51:55.777744 20340 incremental_pipeline.cc:620] Registering image #55 (num_reg_frames=70)
I20261002 19:51:55.777855 20340 incremental_pipeline.cc:623] => Image sees 187 / 220 points
I20261002 19:51:55.785562 20340 incremental_pipeline.cc:620] Registering image #22 (num_reg_frames=71)
I20261002 19:51:55.785675 20340 incremental_pipeline.cc:623] => Image sees 187 / 211 points
I20261002 19:51:55.793507 20340 incremental_pipeline.cc:620] Registering image #40 (num_reg_frames=72)
I20261002 19:51:55.793660 20340 incremental_pipeline.cc:623] => Image sees 191 / 217 points
I20261002 19:51:55.824482 20340 incremental_pipeline.cc:620] Registering image #63 (num_reg_frames=73)
I20261002 19:51:55.824656 20340 incremental_pipeline.cc:623] => Image sees 183 / 212 points
I20261002 19:51:55.835642 20340 incremental_pipeline.cc:620] Registering image #33 (num_reg_frames=74)
I20261002 19:51:55.835770 20340 incremental_pipeline.cc:623] => Image sees 190 / 218 points
I20261002 19:51:55.847500 20340 incremental_pipeline.cc:88] Retriangulation and Global bundle adjustment
I20261002 19:52:01.338680 20340 incremental_pipeline.cc:88] Retriangulation and Global bundle adjustment
W20261002 19:52:01.347774 20340 incremental_mapper.cc:1155] At least two images must be registered for global bundle-adjustment
W20261002 19:52:01.347888 20340 incremental_pipeline.cc:821] Discarding reconstruction due to insufficient size
I20261002 19:52:01.349843 20340 incremental_pipeline.cc:465] Finding good initial image pair
I20261002 19:52:01.386610 20340 incremental_pipeline.cc:492] Registering initial image pair #72 and #134
I20261002 19:52:01.387476 20340 incremental_pipeline.cc:510] Global bundle adjustment
I20261002 19:52:01.393600 20340 incremental_pipeline.cc:620] Registering image #31 (num_reg_frames=2)
I20261002 19:52:01.393716 20340 incremental_pipeline.cc:623] => Image sees 51 / 212 points
I20261002 19:52:01.395410 20340 incremental_pipeline.cc:88] Retriangulation and Global bundle adjustment
I20261002 19:52:01.399040 20340 incremental_pipeline.cc:620] Registering image #62 (num_reg_frames=3)
I20261002 19:52:01.399155 20340 incremental_pipeline.cc:623] => Image sees 49 / 218 points
I20261002 19:52:01.403107 20340 incremental_pipeline.cc:620] Registering image #32 (num_reg_frames=4)
I20261002 19:52:01.403252 20340 incremental_pipeline.cc:623] => Image sees 51 / 226 points
I20261002 19:52:01.406974 20340 incremental_pipeline.cc:88] Retriangulation and Global bundle adjustment
I20261002 19:52:01.410020 20340 incremental_pipeline.cc:620] Registering image #58 (num_reg_frames=5)
I20261002 19:52:01.410119 20340 incremental_pipeline.cc:623] => Image sees 49 / 224 points
I20261002 19:52:01.416686 20340 incremental_pipeline.cc:620] Registering image #69 (num_reg_frames=6)
I20261002 19:52:01.416785 20340 incremental_pipeline.cc:623] => Image sees 51 / 212 points
I20261002 19:52:01.419422 20340 incremental_pipeline.cc:88] Retriangulation and Global bundle adjustment
W20261002 19:52:01.424669 20340 bundle_adjustment_ceres.cc:391] Failed to fix Gauge with two cameras. Falling back to fixing Gauge with three points.
W20261002 19:52:01.424791 20340 bundle_adjustment_ceres.cc:298] Failed to fix Gauge due to insufficient number of fixed points: 0
I20261002 19:52:01.426002 20340 incremental_pipeline.cc:88] Retriangulation and Global bundle adjustment
W20261002 19:52:01.430517 20340 bundle_adjustment_ceres.cc:391] Failed to fix Gauge with two cameras. Falling back to fixing Gauge with three points.
W20261002 19:52:01.430639 20340 bundle_adjustment_ceres.cc:298] Failed to fix Gauge due to insufficient number of fixed points: 0
W20261002 19:52:01.430724 20340 incremental_pipeline.cc:821] Discarding reconstruction due to insufficient size
I20261002 19:52:01.432332 20340 incremental_pipeline.cc:465] Finding good initial image pair
I20261002 19:52:01.527789 20340 incremental_pipeline.cc:492] Registering initial image pair #131 and #136
I20261002 19:52:01.528630 20340 incremental_pipeline.cc:510] Global bundle adjustment
I20261002 19:52:01.541966 20340 incremental_pipeline.cc:620] Registering image #130 (num_reg_frames=2)
I20261002 19:52:01.542097 20340 incremental_pipeline.cc:623] => Image sees 139 / 209 points
I20261002 19:52:01.551596 20340 incremental_pipeline.cc:88] Retriangulation and Global bundle adjustment
W20261002 19:52:01.552859 20340 bundle_adjustment_ceres.cc:391] Failed to fix Gauge with two cameras. Falling back to fixing Gauge with three points.
W20261002 19:52:01.552985 20340 bundle_adjustment_ceres.cc:298] Failed to fix Gauge due to insufficient number of fixed points: 0
I20261002 19:52:01.554323 20340 incremental_pipeline.cc:88] Retriangulation and Global bundle adjustment
W20261002 19:52:01.554528 20340 bundle_adjustment_ceres.cc:391] Failed to fix Gauge with two cameras. Falling back to fixing Gauge with three points.
W20261002 19:52:01.554618 20340 bundle_adjustment_ceres.cc:298] Failed to fix Gauge due to insufficient number of fixed points: 0
W20261002 19:52:01.554691 20340 incremental_pipeline.cc:821] Discarding reconstruction due to insufficient size
I20261002 19:52:01.556213 20340 incremental_pipeline.cc:465] Finding good initial image pair
I20261002 19:52:01.563134 20340 incremental_pipeline.cc:492] Registering initial image pair #129 and #111
I20261002 19:52:01.563670 20340 incremental_pipeline.cc:510] Global bundle adjustment
I20261002 19:52:01.571383 20340 incremental_pipeline.cc:620] Registering image #107 (num_reg_frames=2)
I20261002 19:52:01.571525 20340 incremental_pipeline.cc:623] => Image sees 66 / 146 points
I20261002 19:52:01.573226 20340 incremental_pipeline.cc:88] Retriangulation and Global bundle adjustment
I20261002 19:52:01.575865 20340 incremental_pipeline.cc:620] Registering image #110 (num_reg_frames=3)
I20261002 19:52:01.575961 20340 incremental_pipeline.cc:623] => Image sees 64 / 146 points
I20261002 19:52:01.579560 20340 incremental_pipeline.cc:620] Registering image #124 (num_reg_frames=4)
I20261002 19:52:01.579684 20340 incremental_pipeline.cc:623] => Image sees 72 / 173 points
I20261002 19:52:01.583229 20340 incremental_pipeline.cc:88] Retriangulation and Global bundle adjustment
W20261002 19:52:01.596717 20340 bundle_adjustment_ceres.cc:391] Failed to fix Gauge with two cameras. Falling back to fixing Gauge with three points.
W20261002 19:52:01.596870 20340 bundle_adjustment_ceres.cc:298] Failed to fix Gauge due to insufficient number of fixed points: 0
I20261002 19:52:01.598128 20340 incremental_pipeline.cc:88] Retriangulation and Global bundle adjustment
W20261002 19:52:01.599892 20340 bundle_adjustment_ceres.cc:391] Failed to fix Gauge with two cameras. Falling back to fixing Gauge with three points.
W20261002 19:52:01.599991 20340 bundle_adjustment_ceres.cc:298] Failed to fix Gauge due to insufficient number of fixed points: 0
W20261002 19:52:01.600067 20340 incremental_pipeline.cc:821] Discarding reconstruction due to insufficient size
I20261002 19:52:01.602537 20340 incremental_pipeline.cc:465] Finding good initial image pair
I20261002 19:52:01.615087 20340 incremental_pipeline.cc:492] Registering initial image pair #131 and #3
I20261002 19:52:01.615643 20340 incremental_pipeline.cc:510] Global bundle adjustment
I20261002 19:52:01.623203 20340 incremental_pipeline.cc:620] Registering image #5 (num_reg_frames=2)
I20261002 19:52:01.623343 20340 incremental_pipeline.cc:623] => Image sees 71 / 198 points
I20261002 19:52:01.625087 20340 incremental_pipeline.cc:88] Retriangulation and Global bundle adjustment
W20261002 19:52:01.627228 20340 bundle_adjustment_ceres.cc:391] Failed to fix Gauge with two cameras. Falling back to fixing Gauge with three points.
W20261002 19:52:01.627369 20340 bundle_adjustment_ceres.cc:298] Failed to fix Gauge due to insufficient number of fixed points: 0
I20261002 19:52:01.628669 20340 incremental_pipeline.cc:88] Retriangulation and Global bundle adjustment
W20261002 19:52:01.629368 20340 bundle_adjustment_ceres.cc:391] Failed to fix Gauge with two cameras. Falling back to fixing Gauge with three points.
W20261002 19:52:01.629463 20340 bundle_adjustment_ceres.cc:298] Failed to fix Gauge due to insufficient number of fixed points: 0
W20261002 19:52:01.629581 20340 incremental_pipeline.cc:821] Discarding reconstruction due to insufficient size
I20261002 19:52:01.631302 20340 incremental_pipeline.cc:465] Finding good initial image pair
I20261002 19:52:01.640438 20340 incremental_pipeline.cc:492] Registering initial image pair #134 and #135
I20261002 19:52:01.641191 20340 incremental_pipeline.cc:510] Global bundle adjustment
I20261002 19:52:01.652132 20340 incremental_pipeline.cc:620] Registering image #133 (num_reg_frames=2)
I20261002 19:52:01.652304 20340 incremental_pipeline.cc:623] => Image sees 108 / 162 points
I20261002 19:52:01.655505 20340 incremental_pipeline.cc:88] Retriangulation and Global bundle adjustment
I20261002 19:52:01.671747 20340 incremental_pipeline.cc:620] Registering image #142 (num_reg_frames=3)
I20261002 19:52:01.671936 20340 incremental_pipeline.cc:623] => Image sees 93 / 150 points
I20261002 19:52:01.681510 20340 incremental_pipeline.cc:620] Registering image #139 (num_reg_frames=4)
I20261002 19:52:01.681714 20340 incremental_pipeline.cc:623] => Image sees 73 / 139 points
I20261002 19:52:01.685690 20340 incremental_pipeline.cc:88] Retriangulation and Global bundle adjustment
I20261002 19:52:01.707760 20340 incremental_pipeline.cc:88] Retriangulation and Global bundle adjustment
I20261002 19:52:01.799118 20340 incremental_pipeline.cc:620] Registering image #140 (num_reg_frames=5)
I20261002 19:52:01.799325 20340 incremental_pipeline.cc:623] => Image sees 93 / 157 points
I20261002 19:52:01.799452 20340 incremental_pipeline.cc:646] => Could not register, trying another image.
I20261002 19:52:01.799634 20340 incremental_pipeline.cc:620] Registering image #137 (num_reg_frames=5)
I20261002 19:52:01.799721 20340 incremental_pipeline.cc:623] => Image sees 77 / 145 points
I20261002 19:52:01.799789 20340 incremental_pipeline.cc:646] => Could not register, trying another image.
I20261002 19:52:01.799837 20340 incremental_pipeline.cc:620] Registering image #141 (num_reg_frames=5)
I20261002 19:52:01.799884 20340 incremental_pipeline.cc:623] => Image sees 73 / 141 points
I20261002 19:52:01.799944 20340 incremental_pipeline.cc:646] => Could not register, trying another image.
I20261002 19:52:01.799990 20340 incremental_pipeline.cc:620] Registering image #138 (num_reg_frames=5)
I20261002 19:52:01.800036 20340 incremental_pipeline.cc:623] => Image sees 80 / 140 points
I20261002 19:52:01.800103 20340 incremental_pipeline.cc:646] => Could not register, trying another image.
I20261002 19:52:01.800149 20340 incremental_pipeline.cc:620] Registering image #136 (num_reg_frames=5)
I20261002 19:52:01.800195 20340 incremental_pipeline.cc:623] => Image sees 74 / 196 points
I20261002 19:52:01.800253 20340 incremental_pipeline.cc:646] => Could not register, trying another image.
I20261002 19:52:01.800305 20340 incremental_pipeline.cc:620] Registering image #128 (num_reg_frames=5)
I20261002 19:52:01.800352 20340 incremental_pipeline.cc:623] => Image sees 72 / 195 points
I20261002 19:52:01.800410 20340 incremental_pipeline.cc:646] => Could not register, trying another image.
I20261002 19:52:01.800456 20340 incremental_pipeline.cc:620] Registering image #143 (num_reg_frames=5)
I20261002 19:52:01.800502 20340 incremental_pipeline.cc:623] => Image sees 70 / 133 points
I20261002 19:52:01.800557 20340 incremental_pipeline.cc:646] => Could not register, trying another image.
I20261002 19:52:01.800603 20340 incremental_pipeline.cc:620] Registering image #121 (num_reg_frames=5)
I20261002 19:52:01.800649 20340 incremental_pipeline.cc:623] => Image sees 68 / 182 points
I20261002 19:52:01.800722 20340 incremental_pipeline.cc:646] => Could not register, trying another image.
I20261002 19:52:01.800768 20340 incremental_pipeline.cc:620] Registering image #130 (num_reg_frames=5)
I20261002 19:52:01.800814 20340 incremental_pipeline.cc:623] => Image sees 73 / 209 points
I20261002 19:52:01.800893 20340 incremental_pipeline.cc:646] => Could not register, trying another image.
I20261002 19:52:01.800977 20340 incremental_pipeline.cc:620] Registering image #127 (num_reg_frames=5)
I20261002 19:52:01.801074 20340 incremental_pipeline.cc:623] => Image sees 69 / 177 points
I20261002 19:52:01.801144 20340 incremental_pipeline.cc:646] => Could not register, trying another image.
I20261002 19:52:01.801194 20340 incremental_pipeline.cc:620] Registering image #132 (num_reg_frames=5)
I20261002 19:52:01.801257 20340 incremental_pipeline.cc:623] => Image sees 64 / 208 points
I20261002 19:52:01.801317 20340 incremental_pipeline.cc:646] => Could not register, trying another image.
I20261002 19:52:01.801364 20340 incremental_pipeline.cc:620] Registering image #131 (num_reg_frames=5)
I20261002 19:52:01.801410 20340 incremental_pipeline.cc:623] => Image sees 68 / 200 points
I20261002 19:52:01.801469 20340 incremental_pipeline.cc:646] => Could not register, trying another image.
I20261002 19:52:01.801516 20340 incremental_pipeline.cc:620] Registering image #124 (num_reg_frames=5)
I20261002 19:52:01.801562 20340 incremental_pipeline.cc:623] => Image sees 68 / 173 points
I20261002 19:52:01.801619 20340 incremental_pipeline.cc:646] => Could not register, trying another image.
I20261002 19:52:01.801666 20340 incremental_pipeline.cc:620] Registering image #122 (num_reg_frames=5)
I20261002 19:52:01.801712 20340 incremental_pipeline.cc:623] => Image sees 61 / 165 points
I20261002 19:52:01.801769 20340 incremental_pipeline.cc:646] => Could not register, trying another image.
I20261002 19:52:01.801815 20340 incremental_pipeline.cc:620] Registering image #125 (num_reg_frames=5)
I20261002 19:52:01.801946 20340 incremental_pipeline.cc:623] => Image sees 57 / 195 points
I20261002 19:52:01.802007 20340 incremental_pipeline.cc:646] => Could not register, trying another image.
I20261002 19:52:01.802069 20340 incremental_pipeline.cc:620] Registering image #119 (num_reg_frames=5)
I20261002 19:52:01.802196 20340 incremental_pipeline.cc:623] => Image sees 60 / 183 points
I20261002 19:52:01.802265 20340 incremental_pipeline.cc:646] => Could not register, trying another image.
I20261002 19:52:01.802337 20340 incremental_pipeline.cc:620] Registering image #120 (num_reg_frames=5)
I20261002 19:52:01.802411 20340 incremental_pipeline.cc:623] => Image sees 60 / 170 points
I20261002 19:52:01.802483 20340 incremental_pipeline.cc:646] => Could not register, trying another image.
I20261002 19:52:01.802567 20340 incremental_pipeline.cc:620] Registering image #110 (num_reg_frames=5)
I20261002 19:52:01.802638 20340 incremental_pipeline.cc:623] => Image sees 57 / 146 points
I20261002 19:52:01.802735 20340 incremental_pipeline.cc:646] => Could not register, trying another image.
I20261002 19:52:01.802796 20340 incremental_pipeline.cc:620] Registering image #146 (num_reg_frames=5)
I20261002 19:52:01.802845 20340 incremental_pipeline.cc:623] => Image sees 52 / 111 points
I20261002 19:52:01.802901 20340 incremental_pipeline.cc:646] => Could not register, trying another image.
I20261002 19:52:01.802948 20340 incremental_pipeline.cc:620] Registering image #103 (num_reg_frames=5)
I20261002 19:52:01.802995 20340 incremental_pipeline.cc:623] => Image sees 51 / 176 points
I20261002 19:52:01.803054 20340 incremental_pipeline.cc:646] => Could not register, trying another image.
I20261002 19:52:01.803105 20340 incremental_pipeline.cc:620] Registering image #104 (num_reg_frames=5)
I20261002 19:52:01.803152 20340 incremental_pipeline.cc:623] => Image sees 55 / 171 points
I20261002 19:52:01.803209 20340 incremental_pipeline.cc:646] => Could not register, trying another image.
I20261002 19:52:01.803255 20340 incremental_pipeline.cc:620] Registering image #108 (num_reg_frames=5)
I20261002 19:52:01.803341 20340 incremental_pipeline.cc:623] => Image sees 54 / 138 points
I20261002 19:52:01.803423 20340 incremental_pipeline.cc:646] => Could not register, trying another image.
I20261002 19:52:01.803470 20340 incremental_pipeline.cc:620] Registering image #144 (num_reg_frames=5)
I20261002 19:52:01.803516 20340 incremental_pipeline.cc:623] => Image sees 54 / 127 points
I20261002 19:52:01.803569 20340 incremental_pipeline.cc:646] => Could not register, trying another image.
I20261002 19:52:01.803615 20340 incremental_pipeline.cc:620] Registering image #106 (num_reg_frames=5)
I20261002 19:52:01.803662 20340 incremental_pipeline.cc:623] => Image sees 49 / 164 points
I20261002 19:52:01.803720 20340 incremental_pipeline.cc:646] => Could not register, trying another image.
I20261002 19:52:01.803841 20340 incremental_pipeline.cc:620] Registering image #105 (num_reg_frames=5)
I20261002 19:52:01.803890 20340 incremental_pipeline.cc:623] => Image sees 47 / 161 points
I20261002 19:52:01.803948 20340 incremental_pipeline.cc:646] => Could not register, trying another image.
I20261002 19:52:01.803994 20340 incremental_pipeline.cc:620] Registering image #75 (num_reg_frames=5)
I20261002 19:52:01.804041 20340 incremental_pipeline.cc:623] => Image sees 44 / 211 points
I20261002 19:52:01.804102 20340 incremental_pipeline.cc:646] => Could not register, trying another image.
I20261002 19:52:01.804151 20340 incremental_pipeline.cc:620] Registering image #73 (num_reg_frames=5)
I20261002 19:52:01.804198 20340 incremental_pipeline.cc:623] => Image sees 44 / 205 points
I20261002 19:52:01.804259 20340 incremental_pipeline.cc:646] => Could not register, trying another image.
I20261002 19:52:01.804305 20340 incremental_pipeline.cc:620] Registering image #71 (num_reg_frames=5)
I20261002 19:52:01.804352 20340 incremental_pipeline.cc:623] => Image sees 43 / 212 points
I20261002 19:52:01.804418 20340 incremental_pipeline.cc:646] => Could not register, trying another image.
I20261002 19:52:01.804463 20340 incremental_pipeline.cc:620] Registering image #145 (num_reg_frames=5)
I20261002 19:52:01.804510 20340 incremental_pipeline.cc:623] => Image sees 44 / 116 points
I20261002 19:52:01.804562 20340 incremental_pipeline.cc:646] => Could not register, trying another image.
I20261002 19:52:01.804607 20340 incremental_pipeline.cc:620] Registering image #9 (num_reg_frames=5)
I20261002 19:52:01.804655 20340 incremental_pipeline.cc:623] => Image sees 42 / 191 points
I20261002 19:52:01.804716 20340 incremental_pipeline.cc:646] => Could not register, trying another image.
I20261002 19:52:01.804762 20340 incremental_pipeline.cc:620] Registering image #4 (num_reg_frames=5)
I20261002 19:52:01.804807 20340 incremental_pipeline.cc:623] => Image sees 42 / 188 points
I20261002 19:52:01.804864 20340 incremental_pipeline.cc:646] => Could not register, trying another image.
I20261002 19:52:01.804917 20340 incremental_pipeline.cc:620] Registering image #130 (num_reg_frames=5)
I20261002 19:52:01.804964 20340 incremental_pipeline.cc:623] => Image sees 73 / 209 points
I20261002 19:52:01.805010 20340 incremental_pipeline.cc:629] Registering image with structure-less fallback
I20261002 19:52:01.805059 20340 incremental_pipeline.cc:631] => Image sees 396 / 5240 correspondences
I20261002 19:52:01.805134 20340 incremental_pipeline.cc:646] => Could not register, trying another image.
I20261002 19:52:01.805181 20340 incremental_pipeline.cc:620] Registering image #138 (num_reg_frames=5)
I20261002 19:52:01.805230 20340 incremental_pipeline.cc:623] => Image sees 80 / 140 points
I20261002 19:52:01.805276 20340 incremental_pipeline.cc:629] Registering image with structure-less fallback
I20261002 19:52:01.805322 20340 incremental_pipeline.cc:631] => Image sees 365 / 2645 correspondences
I20261002 19:52:01.805384 20340 incremental_pipeline.cc:646] => Could not register, trying another image.
I20261002 19:52:01.805431 20340 incremental_pipeline.cc:620] Registering image #140 (num_reg_frames=5)
I20261002 19:52:01.805477 20340 incremental_pipeline.cc:623] => Image sees 93 / 157 points
I20261002 19:52:01.805523 20340 incremental_pipeline.cc:629] Registering image with structure-less fallback
I20261002 19:52:01.805569 20340 incremental_pipeline.cc:631] => Image sees 275 / 974 correspondences
I20261002 19:52:01.805626 20340 incremental_pipeline.cc:646] => Could not register, trying another image.
I20261002 19:52:01.805672 20340 incremental_pipeline.cc:620] Registering image #121 (num_reg_frames=5)
I20261002 19:52:01.805718 20340 incremental_pipeline.cc:623] => Image sees 68 / 182 points
I20261002 19:52:01.805764 20340 incremental_pipeline.cc:629] Registering image with structure-less fallback
I20261002 19:52:01.805810 20340 incremental_pipeline.cc:631] => Image sees 270 / 5092 correspondences
I20261002 19:52:01.805882 20340 incremental_pipeline.cc:646] => Could not register, trying another image.
I20261002 19:52:01.805938 20340 incremental_pipeline.cc:620] Registering image #137 (num_reg_frames=5)
I20261002 19:52:01.805987 20340 incremental_pipeline.cc:623] => Image sees 77 / 145 points
I20261002 19:52:01.806033 20340 incremental_pipeline.cc:629] Registering image with structure-less fallback
I20261002 19:52:01.806079 20340 incremental_pipeline.cc:631] => Image sees 267 / 1299 correspondences
I20261002 19:52:01.806137 20340 incremental_pipeline.cc:646] => Could not register, trying another image.
I20261002 19:52:01.806183 20340 incremental_pipeline.cc:620] Registering image #110 (num_reg_frames=5)
I20261002 19:52:01.806229 20340 incremental_pipeline.cc:623] => Image sees 57 / 146 points
I20261002 19:52:01.806275 20340 incremental_pipeline.cc:629] Registering image with structure-less fallback
I20261002 19:52:01.806322 20340 incremental_pipeline.cc:631] => Image sees 196 / 4159 correspondences
I20261002 19:52:01.806388 20340 incremental_pipeline.cc:646] => Could not register, trying another image.
I20261002 19:52:01.806461 20340 incremental_pipeline.cc:620] Registering image #136 (num_reg_frames=5)
I20261002 19:52:01.806540 20340 incremental_pipeline.cc:623] => Image sees 74 / 196 points
I20261002 19:52:01.806599 20340 incremental_pipeline.cc:629] Registering image with structure-less fallback
I20261002 19:52:01.806649 20340 incremental_pipeline.cc:631] => Image sees 174 / 1323 correspondences
I20261002 19:52:01.806711 20340 incremental_pipeline.cc:646] => Could not register, trying another image.
I20261002 19:52:01.806763 20340 incremental_pipeline.cc:620] Registering image #143 (num_reg_frames=5)
I20261002 19:52:01.806811 20340 incremental_pipeline.cc:623] => Image sees 70 / 133 points
I20261002 19:52:01.806860 20340 incremental_pipeline.cc:629] Registering image with structure-less fallback
I20261002 19:52:01.806906 20340 incremental_pipeline.cc:631] => Image sees 143 / 719 correspondences
I20261002 19:52:01.806973 20340 incremental_pipeline.cc:646] => Could not register, trying another image.
I20261002 19:52:01.807020 20340 incremental_pipeline.cc:620] Registering image #127 (num_reg_frames=5)
I20261002 19:52:01.807067 20340 incremental_pipeline.cc:623] => Image sees 69 / 177 points
I20261002 19:52:01.807114 20340 incremental_pipeline.cc:629] Registering image with structure-less fallback
I20261002 19:52:01.807160 20340 incremental_pipeline.cc:631] => Image sees 92 / 1712 correspondences
I20261002 19:52:01.807220 20340 incremental_pipeline.cc:646] => Could not register, trying another image.
I20261002 19:52:01.807264 20340 incremental_pipeline.cc:620] Registering image #131 (num_reg_frames=5)
I20261002 19:52:01.807311 20340 incremental_pipeline.cc:623] => Image sees 68 / 200 points
I20261002 19:52:01.807358 20340 incremental_pipeline.cc:629] Registering image with structure-less fallback
I20261002 19:52:01.807411 20340 incremental_pipeline.cc:631] => Image sees 87 / 1553 correspondences
I20261002 19:52:01.807487 20340 incremental_pipeline.cc:646] => Could not register, trying another image.
I20261002 19:52:01.807543 20340 incremental_pipeline.cc:620] Registering image #128 (num_reg_frames=5)
I20261002 19:52:01.807594 20340 incremental_pipeline.cc:623] => Image sees 72 / 195 points
I20261002 19:52:01.807642 20340 incremental_pipeline.cc:629] Registering image with structure-less fallback
I20261002 19:52:01.807689 20340 incremental_pipeline.cc:631] => Image sees 86 / 1604 correspondences
I20261002 19:52:01.807751 20340 incremental_pipeline.cc:646] => Could not register, trying another image.
I20261002 19:52:01.807797 20340 incremental_pipeline.cc:620] Registering image #141 (num_reg_frames=5)
I20261002 19:52:01.807844 20340 incremental_pipeline.cc:623] => Image sees 73 / 141 points
I20261002 19:52:01.807900 20340 incremental_pipeline.cc:629] Registering image with structure-less fallback
I20261002 19:52:01.807947 20340 incremental_pipeline.cc:631] => Image sees 86 / 744 correspondences
I20261002 19:52:01.808002 20340 incremental_pipeline.cc:646] => Could not register, trying another image.
I20261002 19:52:01.808056 20340 incremental_pipeline.cc:620] Registering image #124 (num_reg_frames=5)
I20261002 19:52:01.808136 20340 incremental_pipeline.cc:623] => Image sees 68 / 173 points
I20261002 19:52:01.808243 20340 incremental_pipeline.cc:629] Registering image with structure-less fallback
I20261002 19:52:01.808335 20340 incremental_pipeline.cc:631] => Image sees 83 / 1479 correspondences
I20261002 19:52:01.808414 20340 incremental_pipeline.cc:646] => Could not register, trying another image.
I20261002 19:52:01.808467 20340 incremental_pipeline.cc:620] Registering image #120 (num_reg_frames=5)
I20261002 19:52:01.808515 20340 incremental_pipeline.cc:623] => Image sees 60 / 170 points
I20261002 19:52:01.808560 20340 incremental_pipeline.cc:629] Registering image with structure-less fallback
I20261002 19:52:01.808603 20340 incremental_pipeline.cc:631] => Image sees 75 / 1390 correspondences
I20261002 19:52:01.808658 20340 incremental_pipeline.cc:646] => Could not register, trying another image.
I20261002 19:52:01.808704 20340 incremental_pipeline.cc:620] Registering image #119 (num_reg_frames=5)
I20261002 19:52:01.808750 20340 incremental_pipeline.cc:623] => Image sees 60 / 183 points
I20261002 19:52:01.808793 20340 incremental_pipeline.cc:629] Registering image with structure-less fallback
I20261002 19:52:01.808836 20340 incremental_pipeline.cc:631] => Image sees 73 / 1696 correspondences
I20261002 19:52:01.808900 20340 incremental_pipeline.cc:646] => Could not register, trying another image.
I20261002 19:52:01.808947 20340 incremental_pipeline.cc:620] Registering image #103 (num_reg_frames=5)
I20261002 19:52:01.808991 20340 incremental_pipeline.cc:623] => Image sees 51 / 176 points
I20261002 19:52:01.809034 20340 incremental_pipeline.cc:629] Registering image with structure-less fallback
I20261002 19:52:01.809077 20340 incremental_pipeline.cc:631] => Image sees 67 / 1664 correspondences
I20261002 19:52:01.809132 20340 incremental_pipeline.cc:646] => Could not register, trying another image.
I20261002 19:52:01.809179 20340 incremental_pipeline.cc:620] Registering image #132 (num_reg_frames=5)
I20261002 19:52:01.809225 20340 incremental_pipeline.cc:623] => Image sees 64 / 208 points
I20261002 19:52:01.809269 20340 incremental_pipeline.cc:629] Registering image with structure-less fallback
I20261002 19:52:01.809313 20340 incremental_pipeline.cc:631] => Image sees 66 / 1711 correspondences
I20261002 19:52:01.809368 20340 incremental_pipeline.cc:646] => Could not register, trying another image.
I20261002 19:52:01.809412 20340 incremental_pipeline.cc:620] Registering image #104 (num_reg_frames=5)
I20261002 19:52:01.809455 20340 incremental_pipeline.cc:623] => Image sees 55 / 171 points
I20261002 19:52:01.809502 20340 incremental_pipeline.cc:629] Registering image with structure-less fallback
I20261002 19:52:01.809546 20340 incremental_pipeline.cc:631] => Image sees 66 / 1569 correspondences
I20261002 19:52:01.809600 20340 incremental_pipeline.cc:646] => Could not register, trying another image.
I20261002 19:52:01.809645 20340 incremental_pipeline.cc:620] Registering image #106 (num_reg_frames=5)
I20261002 19:52:01.809689 20340 incremental_pipeline.cc:623] => Image sees 49 / 164 points
I20261002 19:52:01.809734 20340 incremental_pipeline.cc:629] Registering image with structure-less fallback
I20261002 19:52:01.809780 20340 incremental_pipeline.cc:631] => Image sees 64 / 1740 correspondences
I20261002 19:52:01.809834 20340 incremental_pipeline.cc:646] => Could not register, trying another image.
I20261002 19:52:01.809878 20340 incremental_pipeline.cc:620] Registering image #122 (num_reg_frames=5)
I20261002 19:52:01.809922 20340 incremental_pipeline.cc:623] => Image sees 61 / 165 points
I20261002 19:52:01.809966 20340 incremental_pipeline.cc:629] Registering image with structure-less fallback
I20261002 19:52:01.810009 20340 incremental_pipeline.cc:631] => Image sees 63 / 1421 correspondences
I20261002 19:52:01.810063 20340 incremental_pipeline.cc:646] => Could not register, trying another image.
I20261002 19:52:01.810115 20340 incremental_pipeline.cc:620] Registering image #71 (num_reg_frames=5)
I20261002 19:52:01.810158 20340 incremental_pipeline.cc:623] => Image sees 43 / 212 points
I20261002 19:52:01.810202 20340 incremental_pipeline.cc:629] Registering image with structure-less fallback
I20261002 19:52:01.810245 20340 incremental_pipeline.cc:631] => Image sees 60 / 3057 correspondences
I20261002 19:52:01.810305 20340 incremental_pipeline.cc:646] => Could not register, trying another image.
I20261002 19:52:01.810348 20340 incremental_pipeline.cc:620] Registering image #144 (num_reg_frames=5)
I20261002 19:52:01.810391 20340 incremental_pipeline.cc:623] => Image sees 54 / 127 points
I20261002 19:52:01.810435 20340 incremental_pipeline.cc:629] Registering image with structure-less fallback
I20261002 19:52:01.810478 20340 incremental_pipeline.cc:631] => Image sees 60 / 714 correspondences
I20261002 19:52:01.810532 20340 incremental_pipeline.cc:646] => Could not register, trying another image.
I20261002 19:52:01.810578 20340 incremental_pipeline.cc:620] Registering image #125 (num_reg_frames=5)
I20261002 19:52:01.810625 20340 incremental_pipeline.cc:623] => Image sees 57 / 195 points
I20261002 19:52:01.810668 20340 incremental_pipeline.cc:629] Registering image with structure-less fallback
I20261002 19:52:01.810711 20340 incremental_pipeline.cc:631] => Image sees 59 / 1630 correspondences
I20261002 19:52:01.810756 20340 incremental_pipeline.cc:646] => Could not register, trying another image.
I20261002 19:52:01.810799 20340 incremental_pipeline.cc:620] Registering image #9 (num_reg_frames=5)
I20261002 19:52:01.810842 20340 incremental_pipeline.cc:623] => Image sees 42 / 191 points
I20261002 19:52:01.810886 20340 incremental_pipeline.cc:629] Registering image with structure-less fallback
I20261002 19:52:01.810929 20340 incremental_pipeline.cc:631] => Image sees 57 / 1682 correspondences
I20261002 19:52:01.810974 20340 incremental_pipeline.cc:646] => Could not register, trying another image.
I20261002 19:52:01.811016 20340 incremental_pipeline.cc:620] Registering image #108 (num_reg_frames=5)
I20261002 19:52:01.811060 20340 incremental_pipeline.cc:623] => Image sees 54 / 138 points
I20261002 19:52:01.811103 20340 incremental_pipeline.cc:629] Registering image with structure-less fallback
I20261002 19:52:01.811147 20340 incremental_pipeline.cc:631] => Image sees 57 / 1362 correspondences
I20261002 19:52:01.811190 20340 incremental_pipeline.cc:646] => Could not register, trying another image.
I20261002 19:52:01.811234 20340 incremental_pipeline.cc:620] Registering image #146 (num_reg_frames=5)
I20261002 19:52:01.811277 20340 incremental_pipeline.cc:623] => Image sees 52 / 111 points
I20261002 19:52:01.811320 20340 incremental_pipeline.cc:629] Registering image with structure-less fallback
I20261002 19:52:01.811363 20340 incremental_pipeline.cc:631] => Image sees 55 / 533 correspondences
I20261002 19:52:01.811410 20340 incremental_pipeline.cc:646] => Could not register, trying another image.
I20261002 19:52:01.811453 20340 incremental_pipeline.cc:620] Registering image #72 (num_reg_frames=5)
I20261002 19:52:01.811498 20340 incremental_pipeline.cc:623] => Image sees 41 / 203 points
I20261002 19:52:01.811542 20340 incremental_pipeline.cc:629] Registering image with structure-less fallback
I20261002 19:52:01.811591 20340 incremental_pipeline.cc:631] => Image sees 54 / 8844 correspondences
I20261002 19:52:01.811638 20340 incremental_pipeline.cc:646] => Could not register, trying another image.
I20261002 19:52:01.811710 20340 incremental_pipeline.cc:620] Registering image #4 (num_reg_frames=5)
I20261002 19:52:01.811787 20340 incremental_pipeline.cc:623] => Image sees 42 / 188 points
I20261002 19:52:01.811841 20340 incremental_pipeline.cc:629] Registering image with structure-less fallback
I20261002 19:52:01.811888 20340 incremental_pipeline.cc:631] => Image sees 54 / 1497 correspondences
I20261002 19:52:01.811934 20340 incremental_pipeline.cc:646] => Could not register, trying another image.
I20261002 19:52:01.811978 20340 incremental_pipeline.cc:620] Registering image #105 (num_reg_frames=5)
I20261002 19:52:01.812030 20340 incremental_pipeline.cc:623] => Image sees 47 / 161 points
I20261002 19:52:01.812074 20340 incremental_pipeline.cc:629] Registering image with structure-less fallback
I20261002 19:52:01.812118 20340 incremental_pipeline.cc:631] => Image sees 52 / 1730 correspondences
I20261002 19:52:01.812163 20340 incremental_pipeline.cc:646] => Could not register, trying another image.
I20261002 19:52:01.812216 20340 incremental_pipeline.cc:620] Registering image #73 (num_reg_frames=5)
I20261002 19:52:01.812260 20340 incremental_pipeline.cc:623] => Image sees 44 / 205 points
I20261002 19:52:01.812345 20340 incremental_pipeline.cc:629] Registering image with structure-less fallback
I20261002 19:52:01.812408 20340 incremental_pipeline.cc:631] => Image sees 52 / 2500 correspondences
I20261002 19:52:01.812453 20340 incremental_pipeline.cc:646] => Could not register, trying another image.
I20261002 19:52:01.812502 20340 incremental_pipeline.cc:620] Registering image #11 (num_reg_frames=5)
I20261002 19:52:01.812547 20340 incremental_pipeline.cc:623] => Image sees 41 / 197 points
I20261002 19:52:01.812591 20340 incremental_pipeline.cc:629] Registering image with structure-less fallback
I20261002 19:52:01.812644 20340 incremental_pipeline.cc:631] => Image sees 48 / 1602 correspondences
I20261002 19:52:01.812689 20340 incremental_pipeline.cc:646] => Could not register, trying another image.
W20261002 19:52:01.812736 20340 incremental_pipeline.cc:821] Discarding reconstruction due to insufficient size
I20261002 19:52:01.814878 20340 incremental_pipeline.cc:465] Finding good initial image pair
I20261002 19:52:01.821402 20340 incremental_pipeline.cc:472] => No good initial image pair found.
I20261002 19:52:01.821539 20340 incremental_pipeline.cc:800] Discarding reconstruction due to no initial pair
I20261002 19:52:01.821754 20340 incremental_pipeline.cc:429] => Relaxing the initialization constraints.
I20261002 19:52:01.822410 20340 incremental_pipeline.cc:465] Finding good initial image pair
I20261002 19:52:01.937492 20340 incremental_pipeline.cc:492] Registering initial image pair #121 and #88
I20261002 19:52:01.938582 20340 incremental_pipeline.cc:510] Global bundle adjustment
I20261002 19:52:01.946922 20340 incremental_pipeline.cc:620] Registering image #85 (num_reg_frames=2)
I20261002 19:52:01.947110 20340 incremental_pipeline.cc:623] => Image sees 76 / 197 points
I20261002 19:52:01.949882 20340 incremental_pipeline.cc:88] Retriangulation and Global bundle adjustment
I20261002 19:52:01.960771 20340 incremental_pipeline.cc:88] Retriangulation and Global bundle adjustment
W20261002 19:52:01.961685 20340 incremental_pipeline.cc:821] Discarding reconstruction due to insufficient size
I20261002 19:52:01.963330 20340 incremental_pipeline.cc:465] Finding good initial image pair
I20261002 19:52:01.988369 20340 incremental_pipeline.cc:492] Registering initial image pair #110 and #61
I20261002 19:52:01.989373 20340 incremental_pipeline.cc:510] Global bundle adjustment
I20261002 19:52:01.997484 20340 incremental_pipeline.cc:620] Registering image #56 (num_reg_frames=2)
I20261002 19:52:01.997652 20340 incremental_pipeline.cc:623] => Image sees 73 / 221 points
I20261002 19:52:01.999868 20340 incremental_pipeline.cc:88] Retriangulation and Global bundle adjustment
W20261002 19:52:02.007859 20340 bundle_adjustment_ceres.cc:391] Failed to fix Gauge with two cameras. Falling back to fixing Gauge with three points.
W20261002 19:52:02.008035 20340 bundle_adjustment_ceres.cc:298] Failed to fix Gauge due to insufficient number of fixed points: 0
I20261002 19:52:02.009466 20340 incremental_pipeline.cc:88] Retriangulation and Global bundle adjustment
W20261002 19:52:02.010226 20340 bundle_adjustment_ceres.cc:391] Failed to fix Gauge with two cameras. Falling back to fixing Gauge with three points.
W20261002 19:52:02.010326 20340 bundle_adjustment_ceres.cc:298] Failed to fix Gauge due to insufficient number of fixed points: 0
W20261002 19:52:02.010402 20340 incremental_pipeline.cc:821] Discarding reconstruction due to insufficient size
I20261002 19:52:02.011993 20340 incremental_pipeline.cc:465] Finding good initial image pair
I20261002 19:52:02.029050 20340 incremental_pipeline.cc:492] Registering initial image pair #110 and #15
I20261002 19:52:02.029926 20340 incremental_pipeline.cc:510] Global bundle adjustment
I20261002 19:52:02.037707 20340 incremental_pipeline.cc:620] Registering image #48 (num_reg_frames=2)
I20261002 19:52:02.037824 20340 incremental_pipeline.cc:623] => Image sees 73 / 222 points
I20261002 19:52:02.039787 20340 incremental_pipeline.cc:88] Retriangulation and Global bundle adjustment
I20261002 19:52:02.043469 20340 incremental_pipeline.cc:620] Registering image #34 (num_reg_frames=3)
I20261002 19:52:02.043568 20340 incremental_pipeline.cc:623] => Image sees 72 / 223 points
I20261002 19:52:02.047580 20340 incremental_pipeline.cc:620] Registering image #52 (num_reg_frames=4)
I20261002 19:52:02.047706 20340 incremental_pipeline.cc:623] => Image sees 72 / 220 points
I20261002 19:52:02.050979 20340 incremental_pipeline.cc:88] Retriangulation and Global bundle adjustment
I20261002 19:52:02.057619 20340 incremental_pipeline.cc:620] Registering image #55 (num_reg_frames=5)
I20261002 19:52:02.057762 20340 incremental_pipeline.cc:623] => Image sees 71 / 220 points
I20261002 19:52:02.062715 20340 incremental_pipeline.cc:620] Registering image #50 (num_reg_frames=6)
I20261002 19:52:02.062813 20340 incremental_pipeline.cc:623] => Image sees 76 / 221 points
I20261002 19:52:02.070107 20340 incremental_pipeline.cc:88] Retriangulation and Global bundle adjustment
W20261002 19:52:02.081012 20340 bundle_adjustment_ceres.cc:391] Failed to fix Gauge with two cameras. Falling back to fixing Gauge with three points.
W20261002 19:52:02.081175 20340 bundle_adjustment_ceres.cc:298] Failed to fix Gauge due to insufficient number of fixed points: 0
I20261002 19:52:02.082555 20340 incremental_pipeline.cc:88] Retriangulation and Global bundle adjustment
W20261002 19:52:02.086450 20340 bundle_adjustment_ceres.cc:391] Failed to fix Gauge with two cameras. Falling back to fixing Gauge with three points.
W20261002 19:52:02.086546 20340 bundle_adjustment_ceres.cc:298] Failed to fix Gauge due to insufficient number of fixed points: 0
W20261002 19:52:02.086627 20340 incremental_pipeline.cc:821] Discarding reconstruction due to insufficient size
I20261002 19:52:02.089250 20340 incremental_pipeline.cc:465] Finding good initial image pair
I20261002 19:52:02.132045 20340 incremental_pipeline.cc:492] Registering initial image pair #130 and #105
I20261002 19:52:02.133124 20340 incremental_pipeline.cc:510] Global bundle adjustment
I20261002 19:52:02.141701 20340 incremental_pipeline.cc:620] Registering image #132 (num_reg_frames=2)
I20261002 19:52:02.141829 20340 incremental_pipeline.cc:623] => Image sees 81 / 208 points
I20261002 19:52:02.143759 20340 incremental_pipeline.cc:88] Retriangulation and Global bundle adjustment
I20261002 19:52:02.146416 20340 incremental_pipeline.cc:620] Registering image #128 (num_reg_frames=3)
I20261002 19:52:02.146516 20340 incremental_pipeline.cc:623] => Image sees 81 / 195 points
I20261002 19:52:02.150024 20340 incremental_pipeline.cc:620] Registering image #106 (num_reg_frames=4)
I20261002 19:52:02.150149 20340 incremental_pipeline.cc:623] => Image sees 78 / 164 points
I20261002 19:52:02.153595 20340 incremental_pipeline.cc:88] Retriangulation and Global bundle adjustment
I20261002 19:52:02.173564 20340 incremental_pipeline.cc:620] Registering image #103 (num_reg_frames=5)
I20261002 19:52:02.173715 20340 incremental_pipeline.cc:623] => Image sees 98 / 176 points
I20261002 19:52:02.179684 20340 incremental_pipeline.cc:620] Registering image #100 (num_reg_frames=6)
I20261002 19:52:02.179797 20340 incremental_pipeline.cc:623] => Image sees 110 / 201 points
I20261002 19:52:02.186459 20340 incremental_pipeline.cc:88] Retriangulation and Global bundle adjustment
I20261002 19:52:02.228871 20340 incremental_pipeline.cc:620] Registering image #101 (num_reg_frames=7)
I20261002 19:52:02.229009 20340 incremental_pipeline.cc:623] => Image sees 137 / 172 points
I20261002 19:52:02.236774 20340 incremental_pipeline.cc:620] Registering image #98 (num_reg_frames=8)
I20261002 19:52:02.236890 20340 incremental_pipeline.cc:623] => Image sees 137 / 202 points
I20261002 19:52:02.244248 20340 incremental_pipeline.cc:620] Registering image #102 (num_reg_frames=9)
I20261002 19:52:02.244354 20340 incremental_pipeline.cc:623] => Image sees 142 / 190 points
I20261002 19:52:02.251900 20340 incremental_pipeline.cc:88] Retriangulation and Global bundle adjustment
I20261002 19:52:02.397365 20340 incremental_pipeline.cc:620] Registering image #96 (num_reg_frames=10)
I20261002 19:52:02.397560 20340 incremental_pipeline.cc:623] => Image sees 137 / 202 points
I20261002 19:52:02.397695 20340 incremental_pipeline.cc:646] => Could not register, trying another image.
I20261002 19:52:02.397775 20340 incremental_pipeline.cc:620] Registering image #93 (num_reg_frames=10)
I20261002 19:52:02.397844 20340 incremental_pipeline.cc:623] => Image sees 137 / 210 points
I20261002 19:52:02.397950 20340 incremental_pipeline.cc:646] => Could not register, trying another image.
I20261002 19:52:02.398017 20340 incremental_pipeline.cc:620] Registering image #99 (num_reg_frames=10)
I20261002 19:52:02.398080 20340 incremental_pipeline.cc:623] => Image sees 131 / 194 points
I20261002 19:52:02.398167 20340 incremental_pipeline.cc:646] => Could not register, trying another image.
I20261002 19:52:02.398229 20340 incremental_pipeline.cc:620] Registering image #86 (num_reg_frames=10)
I20261002 19:52:02.398289 20340 incremental_pipeline.cc:623] => Image sees 135 / 198 points
I20261002 19:52:02.398370 20340 incremental_pipeline.cc:646] => Could not register, trying another image.
I20261002 19:52:02.398545 20340 incremental_pipeline.cc:620] Registering image #94 (num_reg_frames=10)
I20261002 19:52:02.398614 20340 incremental_pipeline.cc:623] => Image sees 131 / 201 points
I20261002 19:52:02.398696 20340 incremental_pipeline.cc:646] => Could not register, trying another image.
I20261002 19:52:02.398759 20340 incremental_pipeline.cc:620] Registering image #36 (num_reg_frames=10)
I20261002 19:52:02.398820 20340 incremental_pipeline.cc:623] => Image sees 129 / 224 points
I20261002 19:52:02.398904 20340 incremental_pipeline.cc:646] => Could not register, trying another image.
I20261002 19:52:02.398966 20340 incremental_pipeline.cc:620] Registering image #95 (num_reg_frames=10)
I20261002 19:52:02.399027 20340 incremental_pipeline.cc:623] => Image sees 125 / 201 points
I20261002 19:52:02.399104 20340 incremental_pipeline.cc:646] => Could not register, trying another image.
I20261002 19:52:02.399166 20340 incremental_pipeline.cc:620] Registering image #38 (num_reg_frames=10)
I20261002 19:52:02.399229 20340 incremental_pipeline.cc:623] => Image sees 120 / 223 points
I20261002 19:52:02.399312 20340 incremental_pipeline.cc:646] => Could not register, trying another image.
I20261002 19:52:02.399374 20340 incremental_pipeline.cc:620] Registering image #89 (num_reg_frames=10)
I20261002 19:52:02.399436 20340 incremental_pipeline.cc:623] => Image sees 128 / 206 points
I20261002 19:52:02.399581 20340 incremental_pipeline.cc:646] => Could not register, trying another image.
I20261002 19:52:02.399770 20340 incremental_pipeline.cc:620] Registering image #97 (num_reg_frames=10)
I20261002 19:52:02.400118 20340 incremental_pipeline.cc:623] => Image sees 125 / 193 points
I20261002 19:52:02.400214 20340 incremental_pipeline.cc:646] => Could not register, trying another image.
I20261002 19:52:02.400337 20340 incremental_pipeline.cc:620] Registering image #83 (num_reg_frames=10)
I20261002 19:52:02.400436 20340 incremental_pipeline.cc:623] => Image sees 125 / 220 points
I20261002 19:52:02.400529 20340 incremental_pipeline.cc:646] => Could not register, trying another image.
I20261002 19:52:02.400602 20340 incremental_pipeline.cc:620] Registering image #41 (num_reg_frames=10)
I20261002 19:52:02.400674 20340 incremental_pipeline.cc:623] => Image sees 124 / 237 points
I20261002 19:52:02.400782 20340 incremental_pipeline.cc:646] => Could not register, trying another image.
I20261002 19:52:02.400852 20340 incremental_pipeline.cc:620] Registering image #90 (num_reg_frames=10)
I20261002 19:52:02.401067 20340 incremental_pipeline.cc:623] => Image sees 121 / 203 points
I20261002 19:52:02.401193 20340 incremental_pipeline.cc:646] => Could not register, trying another image.
I20261002 19:52:02.401624 20340 incremental_pipeline.cc:620] Registering image #66 (num_reg_frames=10)
I20261002 19:52:02.401759 20340 incremental_pipeline.cc:623] => Image sees 124 / 222 points
I20261002 19:52:02.401875 20340 incremental_pipeline.cc:646] => Could not register, trying another image.
I20261002 19:52:02.401951 20340 incremental_pipeline.cc:620] Registering image #87 (num_reg_frames=10)
I20261002 19:52:02.402031 20340 incremental_pipeline.cc:623] => Image sees 121 / 197 points
I20261002 19:52:02.402111 20340 incremental_pipeline.cc:646] => Could not register, trying another image.
I20261002 19:52:02.402174 20340 incremental_pipeline.cc:620] Registering image #39 (num_reg_frames=10)
I20261002 19:52:02.402237 20340 incremental_pipeline.cc:623] => Image sees 119 / 214 points
I20261002 19:52:02.402317 20340 incremental_pipeline.cc:646] => Could not register, trying another image.
I20261002 19:52:02.402387 20340 incremental_pipeline.cc:620] Registering image #61 (num_reg_frames=10)
I20261002 19:52:02.402450 20340 incremental_pipeline.cc:623] => Image sees 116 / 211 points
I20261002 19:52:02.402532 20340 incremental_pipeline.cc:646] => Could not register, trying another image.
I20261002 19:52:02.402594 20340 incremental_pipeline.cc:620] Registering image #131 (num_reg_frames=10)
I20261002 19:52:02.402655 20340 incremental_pipeline.cc:623] => Image sees 123 / 200 points
I20261002 19:52:02.402738 20340 incremental_pipeline.cc:646] => Could not register, trying another image.
I20261002 19:52:02.402878 20340 incremental_pipeline.cc:620] Registering image #125 (num_reg_frames=10)
I20261002 19:52:02.402964 20340 incremental_pipeline.cc:623] => Image sees 120 / 195 points
I20261002 19:52:02.403050 20340 incremental_pipeline.cc:646] => Could not register, trying another image.
I20261002 19:52:02.403112 20340 incremental_pipeline.cc:620] Registering image #124 (num_reg_frames=10)
I20261002 19:52:02.403172 20340 incremental_pipeline.cc:623] => Image sees 117 / 173 points
I20261002 19:52:02.403245 20340 incremental_pipeline.cc:646] => Could not register, trying another image.
I20261002 19:52:02.403305 20340 incremental_pipeline.cc:620] Registering image #91 (num_reg_frames=10)
I20261002 19:52:02.403363 20340 incremental_pipeline.cc:623] => Image sees 114 / 194 points
I20261002 19:52:02.403442 20340 incremental_pipeline.cc:646] => Could not register, trying another image.
I20261002 19:52:02.403500 20340 incremental_pipeline.cc:620] Registering image #127 (num_reg_frames=10)
I20261002 19:52:02.403559 20340 incremental_pipeline.cc:623] => Image sees 116 / 177 points
I20261002 19:52:02.403636 20340 incremental_pipeline.cc:646] => Could not register, trying another image.
I20261002 19:52:02.403701 20340 incremental_pipeline.cc:620] Registering image #78 (num_reg_frames=10)
I20261002 19:52:02.403764 20340 incremental_pipeline.cc:623] => Image sees 115 / 205 points
I20261002 19:52:02.403841 20340 incremental_pipeline.cc:646] => Could not register, trying another image.
I20261002 19:52:02.403900 20340 incremental_pipeline.cc:620] Registering image #67 (num_reg_frames=10)
I20261002 19:52:02.403958 20340 incremental_pipeline.cc:623] => Image sees 110 / 215 points
I20261002 19:52:02.404037 20340 incremental_pipeline.cc:646] => Could not register, trying another image.
I20261002 19:52:02.404098 20340 incremental_pipeline.cc:620] Registering image #85 (num_reg_frames=10)
I20261002 19:52:02.404168 20340 incremental_pipeline.cc:623] => Image sees 114 / 197 points
I20261002 19:52:02.404243 20340 incremental_pipeline.cc:646] => Could not register, trying another image.
I20261002 19:52:02.404302 20340 incremental_pipeline.cc:620] Registering image #65 (num_reg_frames=10)
I20261002 19:52:02.404372 20340 incremental_pipeline.cc:623] => Image sees 107 / 201 points
I20261002 19:52:02.404451 20340 incremental_pipeline.cc:646] => Could not register, trying another image.
I20261002 19:52:02.404514 20340 incremental_pipeline.cc:620] Registering image #68 (num_reg_frames=10)
I20261002 19:52:02.404572 20340 incremental_pipeline.cc:623] => Image sees 108 / 206 points
I20261002 19:52:02.404649 20340 incremental_pipeline.cc:646] => Could not register, trying another image.
I20261002 19:52:02.404708 20340 incremental_pipeline.cc:620] Registering image #104 (num_reg_frames=10)
I20261002 19:52:02.404767 20340 incremental_pipeline.cc:623] => Image sees 124 / 171 points
I20261002 19:52:02.404845 20340 incremental_pipeline.cc:646] => Could not register, trying another image.
I20261002 19:52:02.404912 20340 incremental_pipeline.cc:620] Registering image #35 (num_reg_frames=10)
I20261002 19:52:02.404970 20340 incremental_pipeline.cc:623] => Image sees 110 / 226 points
I20261002 19:52:02.405052 20340 incremental_pipeline.cc:646] => Could not register, trying another image.
I20261002 19:52:02.405110 20340 incremental_pipeline.cc:620] Registering image #121 (num_reg_frames=10)
I20261002 19:52:02.405169 20340 incremental_pipeline.cc:623] => Image sees 117 / 182 points
I20261002 19:52:02.405264 20340 incremental_pipeline.cc:646] => Could not register, trying another image.
I20261002 19:52:02.405322 20340 incremental_pipeline.cc:620] Registering image #136 (num_reg_frames=10)
I20261002 19:52:02.405381 20340 incremental_pipeline.cc:623] => Image sees 113 / 196 points
I20261002 19:52:02.405455 20340 incremental_pipeline.cc:646] => Could not register, trying another image.
I20261002 19:52:02.405513 20340 incremental_pipeline.cc:620] Registering image #37 (num_reg_frames=10)
I20261002 19:52:02.405572 20340 incremental_pipeline.cc:623] => Image sees 110 / 225 points
I20261002 19:52:02.405656 20340 incremental_pipeline.cc:646] => Could not register, trying another image.
I20261002 19:52:02.405714 20340 incremental_pipeline.cc:620] Registering image #81 (num_reg_frames=10)
I20261002 19:52:02.405773 20340 incremental_pipeline.cc:623] => Image sees 115 / 204 points
I20261002 19:52:02.405862 20340 incremental_pipeline.cc:646] => Could not register, trying another image.
I20261002 19:52:02.405921 20340 incremental_pipeline.cc:620] Registering image #119 (num_reg_frames=10)
I20261002 19:52:02.405980 20340 incremental_pipeline.cc:623] => Image sees 115 / 183 points
I20261002 19:52:02.406056 20340 incremental_pipeline.cc:646] => Could not register, trying another image.
I20261002 19:52:02.406118 20340 incremental_pipeline.cc:620] Registering image #84 (num_reg_frames=10)
I20261002 19:52:02.406182 20340 incremental_pipeline.cc:623] => Image sees 113 / 192 points
I20261002 19:52:02.406256 20340 incremental_pipeline.cc:646] => Could not register, trying another image.
I20261002 19:52:02.406315 20340 incremental_pipeline.cc:620] Registering image #15 (num_reg_frames=10)
I20261002 19:52:02.406380 20340 incremental_pipeline.cc:623] => Image sees 111 / 231 points
I20261002 19:52:02.406457 20340 incremental_pipeline.cc:646] => Could not register, trying another image.
I20261002 19:52:02.406516 20340 incremental_pipeline.cc:620] Registering image #72 (num_reg_frames=10)
I20261002 19:52:02.406574 20340 incremental_pipeline.cc:623] => Image sees 112 / 203 points
I20261002 19:52:02.406681 20340 incremental_pipeline.cc:646] => Could not register, trying another image.
I20261002 19:52:02.406739 20340 incremental_pipeline.cc:620] Registering image #92 (num_reg_frames=10)
I20261002 19:52:02.406798 20340 incremental_pipeline.cc:623] => Image sees 109 / 192 points
I20261002 19:52:02.406871 20340 incremental_pipeline.cc:646] => Could not register, trying another image.
I20261002 19:52:02.406928 20340 incremental_pipeline.cc:620] Registering image #79 (num_reg_frames=10)
I20261002 19:52:02.406990 20340 incremental_pipeline.cc:623] => Image sees 113 / 200 points
I20261002 19:52:02.407090 20340 incremental_pipeline.cc:646] => Could not register, trying another image.
I20261002 19:52:02.407158 20340 incremental_pipeline.cc:620] Registering image #32 (num_reg_frames=10)
I20261002 19:52:02.407216 20340 incremental_pipeline.cc:623] => Image sees 109 / 226 points
I20261002 19:52:02.407316 20340 incremental_pipeline.cc:646] => Could not register, trying another image.
I20261002 19:52:02.407379 20340 incremental_pipeline.cc:620] Registering image #47 (num_reg_frames=10)
I20261002 19:52:02.407440 20340 incremental_pipeline.cc:623] => Image sees 109 / 206 points
I20261002 19:52:02.407516 20340 incremental_pipeline.cc:646] => Could not register, trying another image.
I20261002 19:52:02.407575 20340 incremental_pipeline.cc:620] Registering image #26 (num_reg_frames=10)
I20261002 19:52:02.407637 20340 incremental_pipeline.cc:623] => Image sees 112 / 218 points
I20261002 19:52:02.407715 20340 incremental_pipeline.cc:646] => Could not register, trying another image.
I20261002 19:52:02.407772 20340 incremental_pipeline.cc:620] Registering image #49 (num_reg_frames=10)
I20261002 19:52:02.407834 20340 incremental_pipeline.cc:623] => Image sees 110 / 210 points
I20261002 19:52:02.407926 20340 incremental_pipeline.cc:646] => Could not register, trying another image.
I20261002 19:52:02.407985 20340 incremental_pipeline.cc:620] Registering image #40 (num_reg_frames=10)
I20261002 19:52:02.408047 20340 incremental_pipeline.cc:623] => Image sees 108 / 217 points
I20261002 19:52:02.408147 20340 incremental_pipeline.cc:646] => Could not register, trying another image.
I20261002 19:52:02.408205 20340 incremental_pipeline.cc:620] Registering image #70 (num_reg_frames=10)
I20261002 19:52:02.408263 20340 incremental_pipeline.cc:623] => Image sees 107 / 217 points
I20261002 19:52:02.408339 20340 incremental_pipeline.cc:646] => Could not register, trying another image.
I20261002 19:52:02.408400 20340 incremental_pipeline.cc:620] Registering image #80 (num_reg_frames=10)
I20261002 19:52:02.408459 20340 incremental_pipeline.cc:623] => Image sees 110 / 202 points
I20261002 19:52:02.408534 20340 incremental_pipeline.cc:646] => Could not register, trying another image.
I20261002 19:52:02.408605 20340 incremental_pipeline.cc:620] Registering image #69 (num_reg_frames=10)
I20261002 19:52:02.408663 20340 incremental_pipeline.cc:623] => Image sees 104 / 212 points
I20261002 19:52:02.408739 20340 incremental_pipeline.cc:646] => Could not register, trying another image.
I20261002 19:52:02.408798 20340 incremental_pipeline.cc:620] Registering image #74 (num_reg_frames=10)
I20261002 19:52:02.408955 20340 incremental_pipeline.cc:623] => Image sees 108 / 207 points
I20261002 19:52:02.409096 20340 incremental_pipeline.cc:646] => Could not register, trying another image.
I20261002 19:52:02.409170 20340 incremental_pipeline.cc:620] Registering image #17 (num_reg_frames=10)
I20261002 19:52:02.409230 20340 incremental_pipeline.cc:623] => Image sees 107 / 218 points
I20261002 19:52:02.409314 20340 incremental_pipeline.cc:646] => Could not register, trying another image.
I20261002 19:52:02.409372 20340 incremental_pipeline.cc:620] Registering image #16 (num_reg_frames=10)
I20261002 19:52:02.409431 20340 incremental_pipeline.cc:623] => Image sees 108 / 217 points
I20261002 19:52:02.409505 20340 incremental_pipeline.cc:646] => Could not register, trying another image.
I20261002 19:52:02.409564 20340 incremental_pipeline.cc:620] Registering image #22 (num_reg_frames=10)
I20261002 19:52:02.409622 20340 incremental_pipeline.cc:623] => Image sees 101 / 211 points
I20261002 19:52:02.409699 20340 incremental_pipeline.cc:646] => Could not register, trying another image.
I20261002 19:52:02.409758 20340 incremental_pipeline.cc:620] Registering image #19 (num_reg_frames=10)
I20261002 19:52:02.409816 20340 incremental_pipeline.cc:623] => Image sees 105 / 219 points
I20261002 19:52:02.409906 20340 incremental_pipeline.cc:646] => Could not register, trying another image.
I20261002 19:52:02.409973 20340 incremental_pipeline.cc:620] Registering image #126 (num_reg_frames=10)
I20261002 19:52:02.410034 20340 incremental_pipeline.cc:623] => Image sees 107 / 177 points
I20261002 19:52:02.410115 20340 incremental_pipeline.cc:646] => Could not register, trying another image.
I20261002 19:52:02.410173 20340 incremental_pipeline.cc:620] Registering image #123 (num_reg_frames=10)
I20261002 19:52:02.410232 20340 incremental_pipeline.cc:623] => Image sees 105 / 182 points
I20261002 19:52:02.410303 20340 incremental_pipeline.cc:646] => Could not register, trying another image.
I20261002 19:52:02.410362 20340 incremental_pipeline.cc:620] Registering image #129 (num_reg_frames=10)
I20261002 19:52:02.410421 20340 incremental_pipeline.cc:623] => Image sees 107 / 183 points
I20261002 19:52:02.410494 20340 incremental_pipeline.cc:646] => Could not register, trying another image.
I20261002 19:52:02.410555 20340 incremental_pipeline.cc:620] Registering image #112 (num_reg_frames=10)
I20261002 19:52:02.410614 20340 incremental_pipeline.cc:623] => Image sees 106 / 151 points
I20261002 19:52:02.410687 20340 incremental_pipeline.cc:646] => Could not register, trying another image.
I20261002 19:52:02.410744 20340 incremental_pipeline.cc:620] Registering image #118 (num_reg_frames=10)
I20261002 19:52:02.410809 20340 incremental_pipeline.cc:623] => Image sees 113 / 174 points
I20261002 19:52:02.410883 20340 incremental_pipeline.cc:646] => Could not register, trying another image.
I20261002 19:52:02.410942 20340 incremental_pipeline.cc:620] Registering image #116 (num_reg_frames=10)
I20261002 19:52:02.411003 20340 incremental_pipeline.cc:623] => Image sees 104 / 155 points
I20261002 19:52:02.411078 20340 incremental_pipeline.cc:646] => Could not register, trying another image.
I20261002 19:52:02.411142 20340 incremental_pipeline.cc:620] Registering image #64 (num_reg_frames=10)
I20261002 19:52:02.411201 20340 incremental_pipeline.cc:623] => Image sees 102 / 211 points
I20261002 19:52:02.411280 20340 incremental_pipeline.cc:646] => Could not register, trying another image.
I20261002 19:52:02.411338 20340 incremental_pipeline.cc:620] Registering image #110 (num_reg_frames=10)
I20261002 19:52:02.411397 20340 incremental_pipeline.cc:623] => Image sees 100 / 146 points
I20261002 19:52:02.411488 20340 incremental_pipeline.cc:646] => Could not register, trying another image.
I20261002 19:52:02.411546 20340 incremental_pipeline.cc:620] Registering image #53 (num_reg_frames=10)
I20261002 19:52:02.411605 20340 incremental_pipeline.cc:623] => Image sees 95 / 216 points
I20261002 19:52:02.411683 20340 incremental_pipeline.cc:646] => Could not register, trying another image.
I20261002 19:52:02.411742 20340 incremental_pipeline.cc:620] Registering image #58 (num_reg_frames=10)
I20261002 19:52:02.411800 20340 incremental_pipeline.cc:623] => Image sees 93 / 224 points
I20261002 19:52:02.411886 20340 incremental_pipeline.cc:646] => Could not register, trying another image.
I20261002 19:52:02.411945 20340 incremental_pipeline.cc:620] Registering image #122 (num_reg_frames=10)
I20261002 19:52:02.412006 20340 incremental_pipeline.cc:623] => Image sees 104 / 165 points
I20261002 19:52:02.412078 20340 incremental_pipeline.cc:646] => Could not register, trying another image.
I20261002 19:52:02.412135 20340 incremental_pipeline.cc:620] Registering image #137 (num_reg_frames=10)
I20261002 19:52:02.412194 20340 incremental_pipeline.cc:623] => Image sees 96 / 145 points
I20261002 19:52:02.412268 20340 incremental_pipeline.cc:646] => Could not register, trying another image.
I20261002 19:52:02.412337 20340 incremental_pipeline.cc:620] Registering image #44 (num_reg_frames=10)
I20261002 19:52:02.412396 20340 incremental_pipeline.cc:623] => Image sees 93 / 212 points
I20261002 19:52:02.412474 20340 incremental_pipeline.cc:646] => Could not register, trying another image.
I20261002 19:52:02.412535 20340 incremental_pipeline.cc:620] Registering image #120 (num_reg_frames=10)
I20261002 19:52:02.412594 20340 incremental_pipeline.cc:623] => Image sees 104 / 170 points
I20261002 19:52:02.412666 20340 incremental_pipeline.cc:646] => Could not register, trying another image.
I20261002 19:52:02.412725 20340 incremental_pipeline.cc:620] Registering image #71 (num_reg_frames=10)
I20261002 19:52:02.412793 20340 incremental_pipeline.cc:623] => Image sees 96 / 212 points
I20261002 19:52:02.412871 20340 incremental_pipeline.cc:646] => Could not register, trying another image.
I20261002 19:52:02.412930 20340 incremental_pipeline.cc:620] Registering image #114 (num_reg_frames=10)
I20261002 19:52:02.412988 20340 incremental_pipeline.cc:623] => Image sees 100 / 151 points
I20261002 19:52:02.413065 20340 incremental_pipeline.cc:646] => Could not register, trying another image.
I20261002 19:52:02.413123 20340 incremental_pipeline.cc:620] Registering image #108 (num_reg_frames=10)
I20261002 19:52:02.413188 20340 incremental_pipeline.cc:623] => Image sees 100 / 138 points
I20261002 19:52:02.413260 20340 incremental_pipeline.cc:646] => Could not register, trying another image.
I20261002 19:52:02.413318 20340 incremental_pipeline.cc:620] Registering image #111 (num_reg_frames=10)
I20261002 19:52:02.413381 20340 incremental_pipeline.cc:623] => Image sees 98 / 147 points
I20261002 19:52:02.413453 20340 incremental_pipeline.cc:646] => Could not register, trying another image.
I20261002 19:52:02.413600 20340 incremental_pipeline.cc:620] Registering image #107 (num_reg_frames=10)
I20261002 19:52:02.413684 20340 incremental_pipeline.cc:623] => Image sees 102 / 146 points
I20261002 19:52:02.413760 20340 incremental_pipeline.cc:646] => Could not register, trying another image.
I20261002 19:52:02.413820 20340 incremental_pipeline.cc:620] Registering image #117 (num_reg_frames=10)
I20261002 19:52:02.413878 20340 incremental_pipeline.cc:623] => Image sees 94 / 153 points
I20261002 19:52:02.413950 20340 incremental_pipeline.cc:646] => Could not register, trying another image.
I20261002 19:52:02.414013 20340 incremental_pipeline.cc:620] Registering image #60 (num_reg_frames=10)
I20261002 19:52:02.414072 20340 incremental_pipeline.cc:623] => Image sees 89 / 209 points
I20261002 19:52:02.414150 20340 incremental_pipeline.cc:646] => Could not register, trying another image.
I20261002 19:52:02.414214 20340 incremental_pipeline.cc:620] Registering image #115 (num_reg_frames=10)
I20261002 19:52:02.414273 20340 incremental_pipeline.cc:623] => Image sees 92 / 139 points
I20261002 19:52:02.414344 20340 incremental_pipeline.cc:646] => Could not register, trying another image.
I20261002 19:52:02.414401 20340 incremental_pipeline.cc:620] Registering image #43 (num_reg_frames=10)
I20261002 19:52:02.414460 20340 incremental_pipeline.cc:623] => Image sees 88 / 208 points
I20261002 19:52:02.414535 20340 incremental_pipeline.cc:646] => Could not register, trying another image.
I20261002 19:52:02.414597 20340 incremental_pipeline.cc:620] Registering image #113 (num_reg_frames=10)
I20261002 19:52:02.414655 20340 incremental_pipeline.cc:623] => Image sees 92 / 143 points
I20261002 19:52:02.414725 20340 incremental_pipeline.cc:646] => Could not register, trying another image.
I20261002 19:52:02.414786 20340 incremental_pipeline.cc:620] Registering image #75 (num_reg_frames=10)
I20261002 19:52:02.414846 20340 incremental_pipeline.cc:623] => Image sees 85 / 211 points
I20261002 19:52:02.414946 20340 incremental_pipeline.cc:646] => Could not register, trying another image.
I20261002 19:52:02.415076 20340 incremental_pipeline.cc:620] Registering image #134 (num_reg_frames=10)
I20261002 19:52:02.415148 20340 incremental_pipeline.cc:623] => Image sees 82 / 165 points
I20261002 19:52:02.415227 20340 incremental_pipeline.cc:646] => Could not register, trying another image.
I20261002 19:52:02.415298 20340 incremental_pipeline.cc:620] Registering image #133 (num_reg_frames=10)
I20261002 19:52:02.415359 20340 incremental_pipeline.cc:623] => Image sees 81 / 162 points
I20261002 19:52:02.415432 20340 incremental_pipeline.cc:646] => Could not register, trying another image.
I20261002 19:52:02.415491 20340 incremental_pipeline.cc:620] Registering image #5 (num_reg_frames=10)
I20261002 19:52:02.415552 20340 incremental_pipeline.cc:623] => Image sees 74 / 198 points
I20261002 19:52:02.415635 20340 incremental_pipeline.cc:646] => Could not register, trying another image.
I20261002 19:52:02.415694 20340 incremental_pipeline.cc:620] Registering image #109 (num_reg_frames=10)
I20261002 19:52:02.415754 20340 incremental_pipeline.cc:623] => Image sees 80 / 133 points
I20261002 19:52:02.415841 20340 incremental_pipeline.cc:646] => Could not register, trying another image.
I20261002 19:52:02.415904 20340 incremental_pipeline.cc:620] Registering image #42 (num_reg_frames=10)
I20261002 19:52:02.415965 20340 incremental_pipeline.cc:623] => Image sees 81 / 224 points
I20261002 19:52:02.416057 20340 incremental_pipeline.cc:646] => Could not register, trying another image.
I20261002 19:52:02.416125 20340 incremental_pipeline.cc:620] Registering image #1 (num_reg_frames=10)
I20261002 19:52:02.416186 20340 incremental_pipeline.cc:623] => Image sees 71 / 185 points
I20261002 19:52:02.416256 20340 incremental_pipeline.cc:646] => Could not register, trying another image.
I20261002 19:52:02.416316 20340 incremental_pipeline.cc:620] Registering image #135 (num_reg_frames=10)
I20261002 19:52:02.416377 20340 incremental_pipeline.cc:623] => Image sees 68 / 158 points
I20261002 19:52:02.416450 20340 incremental_pipeline.cc:646] => Could not register, trying another image.
I20261002 19:52:02.416508 20340 incremental_pipeline.cc:620] Registering image #2 (num_reg_frames=10)
I20261002 19:52:02.416568 20340 incremental_pipeline.cc:623] => Image sees 63 / 197 points
I20261002 19:52:02.416667 20340 incremental_pipeline.cc:646] => Could not register, trying another image.
I20261002 19:52:02.416728 20340 incremental_pipeline.cc:620] Registering image #142 (num_reg_frames=10)
I20261002 19:52:02.416783 20340 incremental_pipeline.cc:623] => Image sees 62 / 150 points
I20261002 19:52:02.416841 20340 incremental_pipeline.cc:646] => Could not register, trying another image.
I20261002 19:52:02.416887 20340 incremental_pipeline.cc:620] Registering image #138 (num_reg_frames=10)
I20261002 19:52:02.416933 20340 incremental_pipeline.cc:623] => Image sees 63 / 140 points
I20261002 19:52:02.417000 20340 incremental_pipeline.cc:646] => Could not register, trying another image.
I20261002 19:52:02.417047 20340 incremental_pipeline.cc:620] Registering image #140 (num_reg_frames=10)
I20261002 19:52:02.417092 20340 incremental_pipeline.cc:623] => Image sees 60 / 157 points
I20261002 19:52:02.417148 20340 incremental_pipeline.cc:646] => Could not register, trying another image.
I20261002 19:52:02.417196 20340 incremental_pipeline.cc:620] Registering image #139 (num_reg_frames=10)
I20261002 19:52:02.417242 20340 incremental_pipeline.cc:623] => Image sees 61 / 139 points
I20261002 19:52:02.417296 20340 incremental_pipeline.cc:646] => Could not register, trying another image.
I20261002 19:52:02.417341 20340 incremental_pipeline.cc:620] Registering image #143 (num_reg_frames=10)
I20261002 19:52:02.417387 20340 incremental_pipeline.cc:623] => Image sees 54 / 133 points
I20261002 19:52:02.417441 20340 incremental_pipeline.cc:646] => Could not register, trying another image.
I20261002 19:52:02.417486 20340 incremental_pipeline.cc:620] Registering image #145 (num_reg_frames=10)
I20261002 19:52:02.417532 20340 incremental_pipeline.cc:623] => Image sees 44 / 116 points
I20261002 19:52:02.417584 20340 incremental_pipeline.cc:646] => Could not register, trying another image.
I20261002 19:52:02.417629 20340 incremental_pipeline.cc:620] Registering image #146 (num_reg_frames=10)
I20261002 19:52:02.417675 20340 incremental_pipeline.cc:623] => Image sees 46 / 111 points
I20261002 19:52:02.417727 20340 incremental_pipeline.cc:646] => Could not register, trying another image.
I20261002 19:52:02.417773 20340 incremental_pipeline.cc:620] Registering image #147 (num_reg_frames=10)
I20261002 19:52:02.417819 20340 incremental_pipeline.cc:623] => Image sees 43 / 130 points
I20261002 19:52:02.417872 20340 incremental_pipeline.cc:646] => Could not register, trying another image.
I20261002 19:52:02.417917 20340 incremental_pipeline.cc:620] Registering image #141 (num_reg_frames=10)
I20261002 19:52:02.417971 20340 incremental_pipeline.cc:623] => Image sees 45 / 141 points
I20261002 19:52:02.418024 20340 incremental_pipeline.cc:646] => Could not register, trying another image.
I20261002 19:52:02.418082 20340 incremental_pipeline.cc:620] Registering image #99 (num_reg_frames=10)
I20261002 19:52:02.418129 20340 incremental_pipeline.cc:623] => Image sees 131 / 194 points
I20261002 19:52:02.418175 20340 incremental_pipeline.cc:629] Registering image with structure-less fallback
I20261002 19:52:02.418221 20340 incremental_pipeline.cc:631] => Image sees 872 / 2442 correspondences
I20261002 19:52:02.418290 20340 incremental_pipeline.cc:646] => Could not register, trying another image.
I20261002 19:52:02.418336 20340 incremental_pipeline.cc:620] Registering image #110 (num_reg_frames=10)
I20261002 19:52:02.418382 20340 incremental_pipeline.cc:623] => Image sees 100 / 146 points
I20261002 19:52:02.418428 20340 incremental_pipeline.cc:629] Registering image with structure-less fallback
I20261002 19:52:02.418474 20340 incremental_pipeline.cc:631] => Image sees 793 / 4159 correspondences
I20261002 19:52:02.418547 20340 incremental_pipeline.cc:646] => Could not register, trying another image.
I20261002 19:52:02.418593 20340 incremental_pipeline.cc:620] Registering image #121 (num_reg_frames=10)
I20261002 19:52:02.418639 20340 incremental_pipeline.cc:623] => Image sees 117 / 182 points
I20261002 19:52:02.418685 20340 incremental_pipeline.cc:629] Registering image with structure-less fallback
I20261002 19:52:02.418732 20340 incremental_pipeline.cc:631] => Image sees 746 / 5092 correspondences
I20261002 19:52:02.418809 20340 incremental_pipeline.cc:646] => Could not register, trying another image.
I20261002 19:52:02.418855 20340 incremental_pipeline.cc:620] Registering image #104 (num_reg_frames=10)
I20261002 19:52:02.418901 20340 incremental_pipeline.cc:623] => Image sees 124 / 171 points
I20261002 19:52:02.418946 20340 incremental_pipeline.cc:629] Registering image with structure-less fallback
I20261002 19:52:02.418993 20340 incremental_pipeline.cc:631] => Image sees 589 / 1569 correspondences
I20261002 19:52:02.419054 20340 incremental_pipeline.cc:646] => Could not register, trying another image.
I20261002 19:52:02.419099 20340 incremental_pipeline.cc:620] Registering image #131 (num_reg_frames=10)
I20261002 19:52:02.419145 20340 incremental_pipeline.cc:623] => Image sees 123 / 200 points
I20261002 19:52:02.419190 20340 incremental_pipeline.cc:629] Registering image with structure-less fallback
I20261002 19:52:02.419236 20340 incremental_pipeline.cc:631] => Image sees 421 / 1553 correspondences
I20261002 19:52:02.419298 20340 incremental_pipeline.cc:646] => Could not register, trying another image.
I20261002 19:52:02.419343 20340 incremental_pipeline.cc:620] Registering image #127 (num_reg_frames=10)
I20261002 19:52:02.419389 20340 incremental_pipeline.cc:623] => Image sees 116 / 177 points
I20261002 19:52:02.419434 20340 incremental_pipeline.cc:629] Registering image with structure-less fallback
I20261002 19:52:02.419479 20340 incremental_pipeline.cc:631] => Image sees 416 / 1712 correspondences
I20261002 19:52:02.419539 20340 incremental_pipeline.cc:646] => Could not register, trying another image.
I20261002 19:52:02.419586 20340 incremental_pipeline.cc:620] Registering image #96 (num_reg_frames=10)
I20261002 19:52:02.419631 20340 incremental_pipeline.cc:623] => Image sees 137 / 202 points
I20261002 19:52:02.419680 20340 incremental_pipeline.cc:629] Registering image with structure-less fallback
I20261002 19:52:02.419726 20340 incremental_pipeline.cc:631] => Image sees 406 / 2134 correspondences
I20261002 19:52:02.419788 20340 incremental_pipeline.cc:646] => Could not register, trying another image.
I20261002 19:52:02.419834 20340 incremental_pipeline.cc:620] Registering image #108 (num_reg_frames=10)
I20261002 19:52:02.419881 20340 incremental_pipeline.cc:623] => Image sees 100 / 138 points
I20261002 19:52:02.419926 20340 incremental_pipeline.cc:629] Registering image with structure-less fallback
I20261002 19:52:02.419978 20340 incremental_pipeline.cc:631] => Image sees 401 / 1362 correspondences
I20261002 19:52:02.420036 20340 incremental_pipeline.cc:646] => Could not register, trying another image.
I20261002 19:52:02.420081 20340 incremental_pipeline.cc:620] Registering image #107 (num_reg_frames=10)
I20261002 19:52:02.420127 20340 incremental_pipeline.cc:623] => Image sees 102 / 146 points
I20261002 19:52:02.420172 20340 incremental_pipeline.cc:629] Registering image with structure-less fallback
I20261002 19:52:02.420219 20340 incremental_pipeline.cc:631] => Image sees 400 / 1554 correspondences
I20261002 19:52:02.420277 20340 incremental_pipeline.cc:646] => Could not register, trying another image.
I20261002 19:52:02.420322 20340 incremental_pipeline.cc:620] Registering image #93 (num_reg_frames=10)
I20261002 19:52:02.420369 20340 incremental_pipeline.cc:623] => Image sees 137 / 210 points
I20261002 19:52:02.420415 20340 incremental_pipeline.cc:629] Registering image with structure-less fallback
I20261002 19:52:02.420460 20340 incremental_pipeline.cc:631] => Image sees 393 / 8093 correspondences
I20261002 19:52:02.420545 20340 incremental_pipeline.cc:646] => Could not register, trying another image.
I20261002 19:52:02.420591 20340 incremental_pipeline.cc:620] Registering image #111 (num_reg_frames=10)
I20261002 19:52:02.420637 20340 incremental_pipeline.cc:623] => Image sees 98 / 147 points
I20261002 19:52:02.420683 20340 incremental_pipeline.cc:629] Registering image with structure-less fallback
I20261002 19:52:02.420728 20340 incremental_pipeline.cc:631] => Image sees 379 / 1453 correspondences
I20261002 19:52:02.420789 20340 incremental_pipeline.cc:646] => Could not register, trying another image.
I20261002 19:52:02.420834 20340 incremental_pipeline.cc:620] Registering image #136 (num_reg_frames=10)
I20261002 19:52:02.420880 20340 incremental_pipeline.cc:623] => Image sees 113 / 196 points
I20261002 19:52:02.420925 20340 incremental_pipeline.cc:629] Registering image with structure-less fallback
I20261002 19:52:02.420993 20340 incremental_pipeline.cc:631] => Image sees 368 / 1323 correspondences
I20261002 19:52:02.421135 20340 incremental_pipeline.cc:646] => Could not register, trying another image.
I20261002 19:52:02.421190 20340 incremental_pipeline.cc:620] Registering image #94 (num_reg_frames=10)
I20261002 19:52:02.421240 20340 incremental_pipeline.cc:623] => Image sees 131 / 201 points
I20261002 19:52:02.421287 20340 incremental_pipeline.cc:629] Registering image with structure-less fallback
I20261002 19:52:02.421333 20340 incremental_pipeline.cc:631] => Image sees 354 / 2391 correspondences
I20261002 19:52:02.421399 20340 incremental_pipeline.cc:646] => Could not register, trying another image.
I20261002 19:52:02.421445 20340 incremental_pipeline.cc:620] Registering image #66 (num_reg_frames=10)
I20261002 19:52:02.421491 20340 incremental_pipeline.cc:623] => Image sees 124 / 222 points
I20261002 19:52:02.421537 20340 incremental_pipeline.cc:629] Registering image with structure-less fallback
I20261002 19:52:02.421583 20340 incremental_pipeline.cc:631] => Image sees 346 / 3011 correspondences
I20261002 19:52:02.421648 20340 incremental_pipeline.cc:646] => Could not register, trying another image.
I20261002 19:52:02.421694 20340 incremental_pipeline.cc:620] Registering image #138 (num_reg_frames=10)
I20261002 19:52:02.421740 20340 incremental_pipeline.cc:623] => Image sees 63 / 140 points
I20261002 19:52:02.421789 20340 incremental_pipeline.cc:629] Registering image with structure-less fallback
I20261002 19:52:02.421834 20340 incremental_pipeline.cc:631] => Image sees 346 / 2645 correspondences
I20261002 19:52:02.421898 20340 incremental_pipeline.cc:646] => Could not register, trying another image.
I20261002 19:52:02.421944 20340 incremental_pipeline.cc:620] Registering image #125 (num_reg_frames=10)
I20261002 19:52:02.421990 20340 incremental_pipeline.cc:623] => Image sees 120 / 195 points
I20261002 19:52:02.422035 20340 incremental_pipeline.cc:629] Registering image with structure-less fallback
I20261002 19:52:02.422088 20340 incremental_pipeline.cc:631] => Image sees 330 / 1630 correspondences
I20261002 19:52:02.422149 20340 incremental_pipeline.cc:646] => Could not register, trying another image.
I20261002 19:52:02.422194 20340 incremental_pipeline.cc:620] Registering image #119 (num_reg_frames=10)
I20261002 19:52:02.422240 20340 incremental_pipeline.cc:623] => Image sees 115 / 183 points
I20261002 19:52:02.422286 20340 incremental_pipeline.cc:629] Registering image with structure-less fallback
I20261002 19:52:02.422365 20340 incremental_pipeline.cc:631] => Image sees 318 / 1696 correspondences
I20261002 19:52:02.422427 20340 incremental_pipeline.cc:646] => Could not register, trying another image.
I20261002 19:52:02.422472 20340 incremental_pipeline.cc:620] Registering image #118 (num_reg_frames=10)
I20261002 19:52:02.422518 20340 incremental_pipeline.cc:623] => Image sees 113 / 174 points
I20261002 19:52:02.422564 20340 incremental_pipeline.cc:629] Registering image with structure-less fallback
I20261002 19:52:02.422612 20340 incremental_pipeline.cc:631] => Image sees 301 / 1710 correspondences
I20261002 19:52:02.422672 20340 incremental_pipeline.cc:646] => Could not register, trying another image.
I20261002 19:52:02.422718 20340 incremental_pipeline.cc:620] Registering image #137 (num_reg_frames=10)
I20261002 19:52:02.422763 20340 incremental_pipeline.cc:623] => Image sees 96 / 145 points
I20261002 19:52:02.422809 20340 incremental_pipeline.cc:629] Registering image with structure-less fallback
I20261002 19:52:02.422855 20340 incremental_pipeline.cc:631] => Image sees 298 / 1299 correspondences
I20261002 19:52:02.422914 20340 incremental_pipeline.cc:646] => Could not register, trying another image.
I20261002 19:52:02.422959 20340 incremental_pipeline.cc:620] Registering image #112 (num_reg_frames=10)
I20261002 19:52:02.423004 20340 incremental_pipeline.cc:623] => Image sees 106 / 151 points
I20261002 19:52:02.423050 20340 incremental_pipeline.cc:629] Registering image with structure-less fallback
I20261002 19:52:02.423095 20340 incremental_pipeline.cc:631] => Image sees 281 / 1458 correspondences
I20261002 19:52:02.423153 20340 incremental_pipeline.cc:646] => Could not register, trying another image.
I20261002 19:52:02.423198 20340 incremental_pipeline.cc:620] Registering image #95 (num_reg_frames=10)
I20261002 19:52:02.423244 20340 incremental_pipeline.cc:623] => Image sees 125 / 201 points
I20261002 19:52:02.423289 20340 incremental_pipeline.cc:629] Registering image with structure-less fallback
I20261002 19:52:02.423335 20340 incremental_pipeline.cc:631] => Image sees 272 / 2034 correspondences
I20261002 19:52:02.423395 20340 incremental_pipeline.cc:646] => Could not register, trying another image.
I20261002 19:52:02.423441 20340 incremental_pipeline.cc:620] Registering image #86 (num_reg_frames=10)
I20261002 19:52:02.423555 20340 incremental_pipeline.cc:623] => Image sees 135 / 198 points
I20261002 19:52:02.423602 20340 incremental_pipeline.cc:629] Registering image with structure-less fallback
I20261002 19:52:02.423648 20340 incremental_pipeline.cc:631] => Image sees 271 / 2507 correspondences
I20261002 19:52:02.423710 20340 incremental_pipeline.cc:646] => Could not register, trying another image.
I20261002 19:52:02.423757 20340 incremental_pipeline.cc:620] Registering image #116 (num_reg_frames=10)
I20261002 19:52:02.423803 20340 incremental_pipeline.cc:623] => Image sees 104 / 155 points
I20261002 19:52:02.423849 20340 incremental_pipeline.cc:629] Registering image with structure-less fallback
I20261002 19:52:02.423894 20340 incremental_pipeline.cc:631] => Image sees 269 / 1667 correspondences
I20261002 19:52:02.423953 20340 incremental_pipeline.cc:646] => Could not register, trying another image.
I20261002 19:52:02.423998 20340 incremental_pipeline.cc:620] Registering image #124 (num_reg_frames=10)
I20261002 19:52:02.424044 20340 incremental_pipeline.cc:623] => Image sees 117 / 173 points
I20261002 19:52:02.424090 20340 incremental_pipeline.cc:629] Registering image with structure-less fallback
I20261002 19:52:02.424175 20340 incremental_pipeline.cc:631] => Image sees 268 / 1479 correspondences
I20261002 19:52:02.424236 20340 incremental_pipeline.cc:646] => Could not register, trying another image.
I20261002 19:52:02.424282 20340 incremental_pipeline.cc:620] Registering image #114 (num_reg_frames=10)
I20261002 19:52:02.424328 20340 incremental_pipeline.cc:623] => Image sees 100 / 151 points
I20261002 19:52:02.424374 20340 incremental_pipeline.cc:629] Registering image with structure-less fallback
I20261002 19:52:02.424423 20340 incremental_pipeline.cc:631] => Image sees 257 / 1419 correspondences
I20261002 19:52:02.424484 20340 incremental_pipeline.cc:646] => Could not register, trying another image.
I20261002 19:52:02.424532 20340 incremental_pipeline.cc:620] Registering image #97 (num_reg_frames=10)
I20261002 19:52:02.424578 20340 incremental_pipeline.cc:623] => Image sees 125 / 193 points
I20261002 19:52:02.424624 20340 incremental_pipeline.cc:629] Registering image with structure-less fallback
I20261002 19:52:02.424669 20340 incremental_pipeline.cc:631] => Image sees 255 / 2422 correspondences
I20261002 19:52:02.424731 20340 incremental_pipeline.cc:646] => Could not register, trying another image.
I20261002 19:52:02.424777 20340 incremental_pipeline.cc:620] Registering image #87 (num_reg_frames=10)
I20261002 19:52:02.424822 20340 incremental_pipeline.cc:623] => Image sees 121 / 197 points
I20261002 19:52:02.424868 20340 incremental_pipeline.cc:629] Registering image with structure-less fallback
I20261002 19:52:02.424913 20340 incremental_pipeline.cc:631] => Image sees 249 / 2383 correspondences
I20261002 19:52:02.424975 20340 incremental_pipeline.cc:646] => Could not register, trying another image.
I20261002 19:52:02.425021 20340 incremental_pipeline.cc:620] Registering image #129 (num_reg_frames=10)
I20261002 19:52:02.425068 20340 incremental_pipeline.cc:623] => Image sees 107 / 183 points
I20261002 19:52:02.425114 20340 incremental_pipeline.cc:629] Registering image with structure-less fallback
I20261002 19:52:02.425159 20340 incremental_pipeline.cc:631] => Image sees 247 / 1670 correspondences
I20261002 19:52:02.425218 20340 incremental_pipeline.cc:646] => Could not register, trying another image.
I20261002 19:52:02.425264 20340 incremental_pipeline.cc:620] Registering image #89 (num_reg_frames=10)
I20261002 19:52:02.425310 20340 incremental_pipeline.cc:623] => Image sees 128 / 206 points
I20261002 19:52:02.425357 20340 incremental_pipeline.cc:629] Registering image with structure-less fallback
I20261002 19:52:02.425403 20340 incremental_pipeline.cc:631] => Image sees 246 / 2612 correspondences
I20261002 19:52:02.425465 20340 incremental_pipeline.cc:646] => Could not register, trying another image.
I20261002 19:52:02.425510 20340 incremental_pipeline.cc:620] Registering image #39 (num_reg_frames=10)
I20261002 19:52:02.425556 20340 incremental_pipeline.cc:623] => Image sees 119 / 214 points
I20261002 19:52:02.425601 20340 incremental_pipeline.cc:629] Registering image with structure-less fallback
I20261002 19:52:02.425647 20340 incremental_pipeline.cc:631] => Image sees 244 / 2959 correspondences
I20261002 19:52:02.425711 20340 incremental_pipeline.cc:646] => Could not register, trying another image.
I20261002 19:52:02.425757 20340 incremental_pipeline.cc:620] Registering image #38 (num_reg_frames=10)
I20261002 19:52:02.425804 20340 incremental_pipeline.cc:623] => Image sees 120 / 223 points
I20261002 19:52:02.425850 20340 incremental_pipeline.cc:629] Registering image with structure-less fallback
I20261002 19:52:02.425895 20340 incremental_pipeline.cc:631] => Image sees 243 / 3724 correspondences
I20261002 19:52:02.425961 20340 incremental_pipeline.cc:646] => Could not register, trying another image.
I20261002 19:52:02.426006 20340 incremental_pipeline.cc:620] Registering image #126 (num_reg_frames=10)
I20261002 19:52:02.426052 20340 incremental_pipeline.cc:623] => Image sees 107 / 177 points
I20261002 19:52:02.426098 20340 incremental_pipeline.cc:629] Registering image with structure-less fallback
I20261002 19:52:02.426150 20340 incremental_pipeline.cc:631] => Image sees 239 / 1502 correspondences
I20261002 19:52:02.426209 20340 incremental_pipeline.cc:646] => Could not register, trying another image.
I20261002 19:52:02.426257 20340 incremental_pipeline.cc:620] Registering image #36 (num_reg_frames=10)
I20261002 19:52:02.426303 20340 incremental_pipeline.cc:623] => Image sees 129 / 224 points
I20261002 19:52:02.426350 20340 incremental_pipeline.cc:629] Registering image with structure-less fallback
I20261002 19:52:02.426399 20340 incremental_pipeline.cc:631] => Image sees 230 / 3343 correspondences
I20261002 19:52:02.426465 20340 incremental_pipeline.cc:646] => Could not register, trying another image.
I20261002 19:52:02.426510 20340 incremental_pipeline.cc:620] Registering image #67 (num_reg_frames=10)
I20261002 19:52:02.426556 20340 incremental_pipeline.cc:623] => Image sees 110 / 215 points
I20261002 19:52:02.426602 20340 incremental_pipeline.cc:629] Registering image with structure-less fallback
I20261002 19:52:02.426648 20340 incremental_pipeline.cc:631] => Image sees 208 / 3213 correspondences
I20261002 19:52:02.426711 20340 incremental_pipeline.cc:646] => Could not register, trying another image.
I20261002 19:52:02.426757 20340 incremental_pipeline.cc:620] Registering image #41 (num_reg_frames=10)
I20261002 19:52:02.426802 20340 incremental_pipeline.cc:623] => Image sees 124 / 237 points
I20261002 19:52:02.426848 20340 incremental_pipeline.cc:629] Registering image with structure-less fallback
I20261002 19:52:02.426893 20340 incremental_pipeline.cc:631] => Image sees 207 / 3386 correspondences
I20261002 19:52:02.426958 20340 incremental_pipeline.cc:646] => Could not register, trying another image.
I20261002 19:52:02.427004 20340 incremental_pipeline.cc:620] Registering image #61 (num_reg_frames=10)
I20261002 19:52:02.427135 20340 incremental_pipeline.cc:623] => Image sees 116 / 211 points
I20261002 19:52:02.427197 20340 incremental_pipeline.cc:629] Registering image with structure-less fallback
I20261002 19:52:02.427250 20340 incremental_pipeline.cc:631] => Image sees 204 / 3363 correspondences
I20261002 19:52:02.427318 20340 incremental_pipeline.cc:646] => Could not register, trying another image.
I20261002 19:52:02.427365 20340 incremental_pipeline.cc:620] Registering image #65 (num_reg_frames=10)
I20261002 19:52:02.427410 20340 incremental_pipeline.cc:623] => Image sees 107 / 201 points
I20261002 19:52:02.427456 20340 incremental_pipeline.cc:629] Registering image with structure-less fallback
I20261002 19:52:02.427502 20340 incremental_pipeline.cc:631] => Image sees 199 / 3488 correspondences
I20261002 19:52:02.427566 20340 incremental_pipeline.cc:646] => Could not register, trying another image.
I20261002 19:52:02.427611 20340 incremental_pipeline.cc:620] Registering image #90 (num_reg_frames=10)
I20261002 19:52:02.427656 20340 incremental_pipeline.cc:623] => Image sees 121 / 203 points
I20261002 19:52:02.427699 20340 incremental_pipeline.cc:629] Registering image with structure-less fallback
I20261002 19:52:02.427742 20340 incremental_pipeline.cc:631] => Image sees 191 / 2322 correspondences
I20261002 19:52:02.427800 20340 incremental_pipeline.cc:646] => Could not register, trying another image.
I20261002 19:52:02.427843 20340 incremental_pipeline.cc:620] Registering image #120 (num_reg_frames=10)
I20261002 19:52:02.427886 20340 incremental_pipeline.cc:623] => Image sees 104 / 170 points
I20261002 19:52:02.427928 20340 incremental_pipeline.cc:629] Registering image with structure-less fallback
I20261002 19:52:02.427972 20340 incremental_pipeline.cc:631] => Image sees 190 / 1390 correspondences
I20261002 19:52:02.428027 20340 incremental_pipeline.cc:646] => Could not register, trying another image.
I20261002 19:52:02.428070 20340 incremental_pipeline.cc:620] Registering image #113 (num_reg_frames=10)
I20261002 19:52:02.428115 20340 incremental_pipeline.cc:623] => Image sees 92 / 143 points
I20261002 19:52:02.428158 20340 incremental_pipeline.cc:629] Registering image with structure-less fallback
I20261002 19:52:02.428201 20340 incremental_pipeline.cc:631] => Image sees 188 / 1242 correspondences
I20261002 19:52:02.428262 20340 incremental_pipeline.cc:646] => Could not register, trying another image.
I20261002 19:52:02.428305 20340 incremental_pipeline.cc:620] Registering image #142 (num_reg_frames=10)
I20261002 19:52:02.428348 20340 incremental_pipeline.cc:623] => Image sees 62 / 150 points
I20261002 19:52:02.428393 20340 incremental_pipeline.cc:629] Registering image with structure-less fallback
I20261002 19:52:02.428436 20340 incremental_pipeline.cc:631] => Image sees 188 / 1018 correspondences
I20261002 19:52:02.428491 20340 incremental_pipeline.cc:646] => Could not register, trying another image.
I20261002 19:52:02.428534 20340 incremental_pipeline.cc:620] Registering image #115 (num_reg_frames=10)
I20261002 19:52:02.428577 20340 incremental_pipeline.cc:623] => Image sees 92 / 139 points
I20261002 19:52:02.428621 20340 incremental_pipeline.cc:629] Registering image with structure-less fallback
I20261002 19:52:02.428663 20340 incremental_pipeline.cc:631] => Image sees 175 / 1402 correspondences
I20261002 19:52:02.428718 20340 incremental_pipeline.cc:646] => Could not register, trying another image.
I20261002 19:52:02.428761 20340 incremental_pipeline.cc:620] Registering image #117 (num_reg_frames=10)
I20261002 19:52:02.428804 20340 incremental_pipeline.cc:623] => Image sees 94 / 153 points
I20261002 19:52:02.428846 20340 incremental_pipeline.cc:629] Registering image with structure-less fallback
I20261002 19:52:02.428890 20340 incremental_pipeline.cc:631] => Image sees 174 / 1378 correspondences
I20261002 19:52:02.428946 20340 incremental_pipeline.cc:646] => Could not register, trying another image.
I20261002 19:52:02.428988 20340 incremental_pipeline.cc:620] Registering image #135 (num_reg_frames=10)
I20261002 19:52:02.429031 20340 incremental_pipeline.cc:623] => Image sees 68 / 158 points
I20261002 19:52:02.429074 20340 incremental_pipeline.cc:629] Registering image with structure-less fallback
I20261002 19:52:02.429116 20340 incremental_pipeline.cc:631] => Image sees 165 / 1095 correspondences
I20261002 19:52:02.429170 20340 incremental_pipeline.cc:646] => Could not register, trying another image.
I20261002 19:52:02.429212 20340 incremental_pipeline.cc:620] Registering image #134 (num_reg_frames=10)
I20261002 19:52:02.429255 20340 incremental_pipeline.cc:623] => Image sees 82 / 165 points
I20261002 19:52:02.429298 20340 incremental_pipeline.cc:629] Registering image with structure-less fallback
I20261002 19:52:02.429341 20340 incremental_pipeline.cc:631] => Image sees 156 / 1224 correspondences
I20261002 19:52:02.429395 20340 incremental_pipeline.cc:646] => Could not register, trying another image.
I20261002 19:52:02.429437 20340 incremental_pipeline.cc:620] Registering image #83 (num_reg_frames=10)
I20261002 19:52:02.429480 20340 incremental_pipeline.cc:623] => Image sees 125 / 220 points
I20261002 19:52:02.429523 20340 incremental_pipeline.cc:629] Registering image with structure-less fallback
I20261002 19:52:02.429565 20340 incremental_pipeline.cc:631] => Image sees 156 / 2184 correspondences
I20261002 19:52:02.429623 20340 incremental_pipeline.cc:646] => Could not register, trying another image.
I20261002 19:52:02.429799 20340 incremental_pipeline.cc:620] Registering image #133 (num_reg_frames=10)
I20261002 19:52:02.430429 20340 incremental_pipeline.cc:623] => Image sees 81 / 162 points
I20261002 19:52:02.430489 20340 incremental_pipeline.cc:629] Registering image with structure-less fallback
I20261002 19:52:02.430577 20340 incremental_pipeline.cc:631] => Image sees 153 / 1289 correspondences
I20261002 19:52:02.430646 20340 incremental_pipeline.cc:646] => Could not register, trying another image.
I20261002 19:52:02.430692 20340 incremental_pipeline.cc:620] Registering image #91 (num_reg_frames=10)
I20261002 19:52:02.430739 20340 incremental_pipeline.cc:623] => Image sees 114 / 194 points
I20261002 19:52:02.430784 20340 incremental_pipeline.cc:629] Registering image with structure-less fallback
I20261002 19:52:02.430829 20340 incremental_pipeline.cc:631] => Image sees 140 / 2151 correspondences
I20261002 19:52:02.430899 20340 incremental_pipeline.cc:646] => Could not register, trying another image.
I20261002 19:52:02.430945 20340 incremental_pipeline.cc:620] Registering image #35 (num_reg_frames=10)
I20261002 19:52:02.430990 20340 incremental_pipeline.cc:623] => Image sees 110 / 226 points
I20261002 19:52:02.431038 20340 incremental_pipeline.cc:629] Registering image with structure-less fallback
I20261002 19:52:02.431083 20340 incremental_pipeline.cc:631] => Image sees 137 / 3697 correspondences
I20261002 19:52:02.431148 20340 incremental_pipeline.cc:646] => Could not register, trying another image.
I20261002 19:52:02.431193 20340 incremental_pipeline.cc:620] Registering image #78 (num_reg_frames=10)
I20261002 19:52:02.431238 20340 incremental_pipeline.cc:623] => Image sees 115 / 205 points
I20261002 19:52:02.431284 20340 incremental_pipeline.cc:629] Registering image with structure-less fallback
I20261002 19:52:02.431329 20340 incremental_pipeline.cc:631] => Image sees 134 / 2832 correspondences
I20261002 19:52:02.431390 20340 incremental_pipeline.cc:646] => Could not register, trying another image.
I20261002 19:52:02.431438 20340 incremental_pipeline.cc:620] Registering image #68 (num_reg_frames=10)
I20261002 19:52:02.431483 20340 incremental_pipeline.cc:623] => Image sees 108 / 206 points
I20261002 19:52:02.431528 20340 incremental_pipeline.cc:629] Registering image with structure-less fallback
I20261002 19:52:02.431573 20340 incremental_pipeline.cc:631] => Image sees 133 / 3246 correspondences
I20261002 19:52:02.431640 20340 incremental_pipeline.cc:646] => Could not register, trying another image.
I20261002 19:52:02.431684 20340 incremental_pipeline.cc:620] Registering image #84 (num_reg_frames=10)
I20261002 19:52:02.431730 20340 incremental_pipeline.cc:623] => Image sees 113 / 192 points
I20261002 19:52:02.431775 20340 incremental_pipeline.cc:629] Registering image with structure-less fallback
I20261002 19:52:02.431821 20340 incremental_pipeline.cc:631] => Image sees 131 / 2390 correspondences
I20261002 19:52:02.431880 20340 incremental_pipeline.cc:646] => Could not register, trying another image.
I20261002 19:52:02.431925 20340 incremental_pipeline.cc:620] Registering image #15 (num_reg_frames=10)
I20261002 19:52:02.431970 20340 incremental_pipeline.cc:623] => Image sees 111 / 231 points
I20261002 19:52:02.432015 20340 incremental_pipeline.cc:629] Registering image with structure-less fallback
I20261002 19:52:02.432060 20340 incremental_pipeline.cc:631] => Image sees 131 / 2805 correspondences
I20261002 19:52:02.432122 20340 incremental_pipeline.cc:646] => Could not register, trying another image.
I20261002 19:52:02.432167 20340 incremental_pipeline.cc:620] Registering image #37 (num_reg_frames=10)
I20261002 19:52:02.432212 20340 incremental_pipeline.cc:623] => Image sees 110 / 225 points
I20261002 19:52:02.432257 20340 incremental_pipeline.cc:629] Registering image with structure-less fallback
I20261002 19:52:02.432303 20340 incremental_pipeline.cc:631] => Image sees 131 / 3564 correspondences
I20261002 19:52:02.432367 20340 incremental_pipeline.cc:646] => Could not register, trying another image.
I20261002 19:52:02.432413 20340 incremental_pipeline.cc:620] Registering image #26 (num_reg_frames=10)
I20261002 19:52:02.432458 20340 incremental_pipeline.cc:623] => Image sees 112 / 218 points
I20261002 19:52:02.432502 20340 incremental_pipeline.cc:629] Registering image with structure-less fallback
I20261002 19:52:02.432548 20340 incremental_pipeline.cc:631] => Image sees 131 / 3270 correspondences
I20261002 19:52:02.432611 20340 incremental_pipeline.cc:646] => Could not register, trying another image.
I20261002 19:52:02.432656 20340 incremental_pipeline.cc:620] Registering image #17 (num_reg_frames=10)
I20261002 19:52:02.432701 20340 incremental_pipeline.cc:623] => Image sees 107 / 218 points
I20261002 19:52:02.432746 20340 incremental_pipeline.cc:629] Registering image with structure-less fallback
I20261002 19:52:02.432790 20340 incremental_pipeline.cc:631] => Image sees 128 / 2263 correspondences
I20261002 19:52:02.432856 20340 incremental_pipeline.cc:646] => Could not register, trying another image.
I20261002 19:52:02.432901 20340 incremental_pipeline.cc:620] Registering image #92 (num_reg_frames=10)
I20261002 19:52:02.432949 20340 incremental_pipeline.cc:623] => Image sees 109 / 192 points
I20261002 19:52:02.432995 20340 incremental_pipeline.cc:629] Registering image with structure-less fallback
I20261002 19:52:02.433040 20340 incremental_pipeline.cc:631] => Image sees 127 / 2083 correspondences
I20261002 19:52:02.433100 20340 incremental_pipeline.cc:646] => Could not register, trying another image.
I20261002 19:52:02.433150 20340 incremental_pipeline.cc:620] Registering image #32 (num_reg_frames=10)
I20261002 19:52:02.433257 20340 incremental_pipeline.cc:623] => Image sees 109 / 226 points
I20261002 19:52:02.433317 20340 incremental_pipeline.cc:629] Registering image with structure-less fallback
I20261002 19:52:02.433393 20340 incremental_pipeline.cc:631] => Image sees 127 / 9348 correspondences
I20261002 19:52:02.433504 20340 incremental_pipeline.cc:646] => Could not register, trying another image.
I20261002 19:52:02.433607 20340 incremental_pipeline.cc:620] Registering image #16 (num_reg_frames=10)
I20261002 19:52:02.433844 20340 incremental_pipeline.cc:623] => Image sees 108 / 217 points
I20261002 19:52:02.433965 20340 incremental_pipeline.cc:629] Registering image with structure-less fallback
I20261002 19:52:02.434024 20340 incremental_pipeline.cc:631] => Image sees 126 / 2228 correspondences
I20261002 19:52:02.434087 20340 incremental_pipeline.cc:646] => Could not register, trying another image.
I20261002 19:52:02.434137 20340 incremental_pipeline.cc:620] Registering image #85 (num_reg_frames=10)
I20261002 19:52:02.434183 20340 incremental_pipeline.cc:623] => Image sees 114 / 197 points
I20261002 19:52:02.434229 20340 incremental_pipeline.cc:629] Registering image with structure-less fallback
I20261002 19:52:02.434275 20340 incremental_pipeline.cc:631] => Image sees 125 / 2291 correspondences
I20261002 19:52:02.434335 20340 incremental_pipeline.cc:646] => Could not register, trying another image.
I20261002 19:52:02.434380 20340 incremental_pipeline.cc:620] Registering image #47 (num_reg_frames=10)
I20261002 19:52:02.434426 20340 incremental_pipeline.cc:623] => Image sees 109 / 206 points
I20261002 19:52:02.434471 20340 incremental_pipeline.cc:629] Registering image with structure-less fallback
I20261002 19:52:02.434517 20340 incremental_pipeline.cc:631] => Image sees 124 / 3226 correspondences
I20261002 19:52:02.434582 20340 incremental_pipeline.cc:646] => Could not register, trying another image.
I20261002 19:52:02.434742 20340 incremental_pipeline.cc:620] Registering image #81 (num_reg_frames=10)
I20261002 19:52:02.434796 20340 incremental_pipeline.cc:623] => Image sees 115 / 204 points
I20261002 19:52:02.434843 20340 incremental_pipeline.cc:629] Registering image with structure-less fallback
I20261002 19:52:02.434888 20340 incremental_pipeline.cc:631] => Image sees 124 / 2470 correspondences
I20261002 19:52:02.434950 20340 incremental_pipeline.cc:646] => Could not register, trying another image.
I20261002 19:52:02.434995 20340 incremental_pipeline.cc:620] Registering image #79 (num_reg_frames=10)
I20261002 19:52:02.435041 20340 incremental_pipeline.cc:623] => Image sees 113 / 200 points
I20261002 19:52:02.435086 20340 incremental_pipeline.cc:629] Registering image with structure-less fallback
I20261002 19:52:02.435131 20340 incremental_pipeline.cc:631] => Image sees 124 / 8182 correspondences
I20261002 19:52:02.435214 20340 incremental_pipeline.cc:646] => Could not register, trying another image.
I20261002 19:52:02.435260 20340 incremental_pipeline.cc:620] Registering image #80 (num_reg_frames=10)
I20261002 19:52:02.435306 20340 incremental_pipeline.cc:623] => Image sees 110 / 202 points
I20261002 19:52:02.435352 20340 incremental_pipeline.cc:629] Registering image with structure-less fallback
I20261002 19:52:02.435397 20340 incremental_pipeline.cc:631] => Image sees 124 / 2708 correspondences
I20261002 19:52:02.435469 20340 incremental_pipeline.cc:646] => Could not register, trying another image.
I20261002 19:52:02.435515 20340 incremental_pipeline.cc:620] Registering image #74 (num_reg_frames=10)
I20261002 19:52:02.435563 20340 incremental_pipeline.cc:623] => Image sees 108 / 207 points
I20261002 19:52:02.435610 20340 incremental_pipeline.cc:629] Registering image with structure-less fallback
I20261002 19:52:02.435655 20340 incremental_pipeline.cc:631] => Image sees 123 / 2441 correspondences
I20261002 19:52:02.435716 20340 incremental_pipeline.cc:646] => Could not register, trying another image.
I20261002 19:52:02.435761 20340 incremental_pipeline.cc:620] Registering image #49 (num_reg_frames=10)
I20261002 19:52:02.435807 20340 incremental_pipeline.cc:623] => Image sees 110 / 210 points
I20261002 19:52:02.435851 20340 incremental_pipeline.cc:629] Registering image with structure-less fallback
I20261002 19:52:02.435896 20340 incremental_pipeline.cc:631] => Image sees 123 / 3368 correspondences
I20261002 19:52:02.435961 20340 incremental_pipeline.cc:646] => Could not register, trying another image.
I20261002 19:52:02.436006 20340 incremental_pipeline.cc:620] Registering image #69 (num_reg_frames=10)
I20261002 19:52:02.436051 20340 incremental_pipeline.cc:623] => Image sees 104 / 212 points
I20261002 19:52:02.436096 20340 incremental_pipeline.cc:629] Registering image with structure-less fallback
I20261002 19:52:02.436141 20340 incremental_pipeline.cc:631] => Image sees 121 / 2938 correspondences
I20261002 19:52:02.436203 20340 incremental_pipeline.cc:646] => Could not register, trying another image.
I20261002 19:52:02.436249 20340 incremental_pipeline.cc:620] Registering image #40 (num_reg_frames=10)
I20261002 19:52:02.436295 20340 incremental_pipeline.cc:623] => Image sees 108 / 217 points
I20261002 19:52:02.436340 20340 incremental_pipeline.cc:629] Registering image with structure-less fallback
I20261002 19:52:02.436385 20340 incremental_pipeline.cc:631] => Image sees 120 / 9298 correspondences
I20261002 19:52:02.436469 20340 incremental_pipeline.cc:646] => Could not register, trying another image.
I20261002 19:52:02.436517 20340 incremental_pipeline.cc:620] Registering image #19 (num_reg_frames=10)
I20261002 19:52:02.436562 20340 incremental_pipeline.cc:623] => Image sees 105 / 219 points
I20261002 19:52:02.436607 20340 incremental_pipeline.cc:629] Registering image with structure-less fallback
I20261002 19:52:02.436653 20340 incremental_pipeline.cc:631] => Image sees 119 / 2307 correspondences
I20261002 19:52:02.436713 20340 incremental_pipeline.cc:646] => Could not register, trying another image.
I20261002 19:52:02.436758 20340 incremental_pipeline.cc:620] Registering image #72 (num_reg_frames=10)
I20261002 19:52:02.436803 20340 incremental_pipeline.cc:623] => Image sees 112 / 203 points
I20261002 19:52:02.436848 20340 incremental_pipeline.cc:629] Registering image with structure-less fallback
I20261002 19:52:02.436895 20340 incremental_pipeline.cc:631] => Image sees 119 / 8844 correspondences
I20261002 19:52:02.436978 20340 incremental_pipeline.cc:646] => Could not register, trying another image.
I20261002 19:52:02.437024 20340 incremental_pipeline.cc:620] Registering image #22 (num_reg_frames=10)
I20261002 19:52:02.437071 20340 incremental_pipeline.cc:623] => Image sees 101 / 211 points
I20261002 19:52:02.437116 20340 incremental_pipeline.cc:629] Registering image with structure-less fallback
I20261002 19:52:02.437161 20340 incremental_pipeline.cc:631] => Image sees 118 / 3253 correspondences
I20261002 19:52:02.437223 20340 incremental_pipeline.cc:646] => Could not register, trying another image.
I20261002 19:52:02.437268 20340 incremental_pipeline.cc:620] Registering image #70 (num_reg_frames=10)
I20261002 19:52:02.437314 20340 incremental_pipeline.cc:623] => Image sees 107 / 217 points
I20261002 19:52:02.437358 20340 incremental_pipeline.cc:629] Registering image with structure-less fallback
I20261002 19:52:02.437405 20340 incremental_pipeline.cc:631] => Image sees 117 / 2789 correspondences
I20261002 19:52:02.437475 20340 incremental_pipeline.cc:646] => Could not register, trying another image.
I20261002 19:52:02.437520 20340 incremental_pipeline.cc:620] Registering image #123 (num_reg_frames=10)
I20261002 19:52:02.437567 20340 incremental_pipeline.cc:623] => Image sees 105 / 182 points
I20261002 19:52:02.437613 20340 incremental_pipeline.cc:629] Registering image with structure-less fallback
I20261002 19:52:02.437660 20340 incremental_pipeline.cc:631] => Image sees 117 / 1691 correspondences
I20261002 19:52:02.437718 20340 incremental_pipeline.cc:646] => Could not register, trying another image.
I20261002 19:52:02.437763 20340 incremental_pipeline.cc:620] Registering image #64 (num_reg_frames=10)
I20261002 19:52:02.437808 20340 incremental_pipeline.cc:623] => Image sees 102 / 211 points
I20261002 19:52:02.437853 20340 incremental_pipeline.cc:629] Registering image with structure-less fallback
I20261002 19:52:02.437898 20340 incremental_pipeline.cc:631] => Image sees 115 / 3370 correspondences
I20261002 19:52:02.437961 20340 incremental_pipeline.cc:646] => Could not register, trying another image.
I20261002 19:52:02.438006 20340 incremental_pipeline.cc:620] Registering image #122 (num_reg_frames=10)
I20261002 19:52:02.438051 20340 incremental_pipeline.cc:623] => Image sees 104 / 165 points
I20261002 19:52:02.438096 20340 incremental_pipeline.cc:629] Registering image with structure-less fallback
I20261002 19:52:02.438141 20340 incremental_pipeline.cc:631] => Image sees 114 / 1421 correspondences
I20261002 19:52:02.438196 20340 incremental_pipeline.cc:646] => Could not register, trying another image.
I20261002 19:52:02.438241 20340 incremental_pipeline.cc:620] Registering image #71 (num_reg_frames=10)
I20261002 19:52:02.438290 20340 incremental_pipeline.cc:623] => Image sees 96 / 212 points
I20261002 19:52:02.438334 20340 incremental_pipeline.cc:629] Registering image with structure-less fallback
I20261002 19:52:02.438379 20340 incremental_pipeline.cc:631] => Image sees 106 / 3057 correspondences
I20261002 19:52:02.438441 20340 incremental_pipeline.cc:646] => Could not register, trying another image.
I20261002 19:52:02.438486 20340 incremental_pipeline.cc:620] Registering image #53 (num_reg_frames=10)
I20261002 19:52:02.438532 20340 incremental_pipeline.cc:623] => Image sees 95 / 216 points
I20261002 19:52:02.438577 20340 incremental_pipeline.cc:629] Registering image with structure-less fallback
I20261002 19:52:02.438622 20340 incremental_pipeline.cc:631] => Image sees 98 / 3119 correspondences
I20261002 19:52:02.438685 20340 incremental_pipeline.cc:646] => Could not register, trying another image.
I20261002 19:52:02.438729 20340 incremental_pipeline.cc:620] Registering image #58 (num_reg_frames=10)
I20261002 19:52:02.438775 20340 incremental_pipeline.cc:623] => Image sees 93 / 224 points
I20261002 19:52:02.438820 20340 incremental_pipeline.cc:629] Registering image with structure-less fallback
I20261002 19:52:02.438865 20340 incremental_pipeline.cc:631] => Image sees 96 / 3466 correspondences
I20261002 19:52:02.438928 20340 incremental_pipeline.cc:646] => Could not register, trying another image.
I20261002 19:52:02.438973 20340 incremental_pipeline.cc:620] Registering image #75 (num_reg_frames=10)
I20261002 19:52:02.439019 20340 incremental_pipeline.cc:623] => Image sees 85 / 211 points
I20261002 19:52:02.439063 20340 incremental_pipeline.cc:629] Registering image with structure-less fallback
I20261002 19:52:02.439108 20340 incremental_pipeline.cc:631] => Image sees 95 / 2702 correspondences
I20261002 19:52:02.439211 20340 incremental_pipeline.cc:646] => Could not register, trying another image.
I20261002 19:52:02.439428 20340 incremental_pipeline.cc:620] Registering image #44 (num_reg_frames=10)
I20261002 19:52:02.439535 20340 incremental_pipeline.cc:623] => Image sees 93 / 212 points
I20261002 19:52:02.439647 20340 incremental_pipeline.cc:629] Registering image with structure-less fallback
I20261002 19:52:02.439707 20340 incremental_pipeline.cc:631] => Image sees 93 / 3890 correspondences
I20261002 19:52:02.439784 20340 incremental_pipeline.cc:646] => Could not register, trying another image.
I20261002 19:52:02.439829 20340 incremental_pipeline.cc:620] Registering image #42 (num_reg_frames=10)
I20261002 19:52:02.439876 20340 incremental_pipeline.cc:623] => Image sees 81 / 224 points
I20261002 19:52:02.439920 20340 incremental_pipeline.cc:629] Registering image with structure-less fallback
I20261002 19:52:02.439963 20340 incremental_pipeline.cc:631] => Image sees 89 / 3335 correspondences
I20261002 19:52:02.440024 20340 incremental_pipeline.cc:646] => Could not register, trying another image.
I20261002 19:52:02.440067 20340 incremental_pipeline.cc:620] Registering image #60 (num_reg_frames=10)
I20261002 19:52:02.440211 20340 incremental_pipeline.cc:623] => Image sees 89 / 209 points
I20261002 19:52:02.440319 20340 incremental_pipeline.cc:629] Registering image with structure-less fallback
I20261002 19:52:02.440422 20340 incremental_pipeline.cc:631] => Image sees 89 / 3615 correspondences
I20261002 19:52:02.440500 20340 incremental_pipeline.cc:646] => Could not register, trying another image.
I20261002 19:52:02.440545 20340 incremental_pipeline.cc:620] Registering image #43 (num_reg_frames=10)
I20261002 19:52:02.440589 20340 incremental_pipeline.cc:623] => Image sees 88 / 208 points
I20261002 19:52:02.440634 20340 incremental_pipeline.cc:629] Registering image with structure-less fallback
I20261002 19:52:02.440677 20340 incremental_pipeline.cc:631] => Image sees 88 / 2888 correspondences
I20261002 19:52:02.440736 20340 incremental_pipeline.cc:646] => Could not register, trying another image.
I20261002 19:52:02.440780 20340 incremental_pipeline.cc:620] Registering image #109 (num_reg_frames=10)
I20261002 19:52:02.440824 20340 incremental_pipeline.cc:623] => Image sees 80 / 133 points
I20261002 19:52:02.440867 20340 incremental_pipeline.cc:629] Registering image with structure-less fallback
I20261002 19:52:02.440910 20340 incremental_pipeline.cc:631] => Image sees 85 / 1248 correspondences
I20261002 19:52:02.440963 20340 incremental_pipeline.cc:646] => Could not register, trying another image.
I20261002 19:52:02.441005 20340 incremental_pipeline.cc:620] Registering image #1 (num_reg_frames=10)
I20261002 19:52:02.441049 20340 incremental_pipeline.cc:623] => Image sees 71 / 185 points
I20261002 19:52:02.441091 20340 incremental_pipeline.cc:629] Registering image with structure-less fallback
I20261002 19:52:02.441133 20340 incremental_pipeline.cc:631] => Image sees 76 / 1170 correspondences
I20261002 19:52:02.441184 20340 incremental_pipeline.cc:646] => Could not register, trying another image.
I20261002 19:52:02.441228 20340 incremental_pipeline.cc:620] Registering image #5 (num_reg_frames=10)
I20261002 19:52:02.441271 20340 incremental_pipeline.cc:623] => Image sees 74 / 198 points
I20261002 19:52:02.441314 20340 incremental_pipeline.cc:629] Registering image with structure-less fallback
I20261002 19:52:02.441357 20340 incremental_pipeline.cc:631] => Image sees 76 / 1402 correspondences
I20261002 19:52:02.441410 20340 incremental_pipeline.cc:646] => Could not register, trying another image.
I20261002 19:52:02.441455 20340 incremental_pipeline.cc:620] Registering image #139 (num_reg_frames=10)
I20261002 19:52:02.441500 20340 incremental_pipeline.cc:623] => Image sees 61 / 139 points
I20261002 19:52:02.441544 20340 incremental_pipeline.cc:629] Registering image with structure-less fallback
I20261002 19:52:02.441586 20340 incremental_pipeline.cc:631] => Image sees 69 / 811 correspondences
I20261002 19:52:02.441637 20340 incremental_pipeline.cc:646] => Could not register, trying another image.
I20261002 19:52:02.441679 20340 incremental_pipeline.cc:620] Registering image #2 (num_reg_frames=10)
I20261002 19:52:02.441722 20340 incremental_pipeline.cc:623] => Image sees 63 / 197 points
I20261002 19:52:02.441765 20340 incremental_pipeline.cc:629] Registering image with structure-less fallback
I20261002 19:52:02.441807 20340 incremental_pipeline.cc:631] => Image sees 69 / 6831 correspondences
I20261002 19:52:02.441889 20340 incremental_pipeline.cc:646] => Could not register, trying another image.
I20261002 19:52:02.441934 20340 incremental_pipeline.cc:620] Registering image #140 (num_reg_frames=10)
I20261002 19:52:02.441977 20340 incremental_pipeline.cc:623] => Image sees 60 / 157 points
I20261002 19:52:02.442019 20340 incremental_pipeline.cc:629] Registering image with structure-less fallback
I20261002 19:52:02.442063 20340 incremental_pipeline.cc:631] => Image sees 67 / 974 correspondences
I20261002 19:52:02.442114 20340 incremental_pipeline.cc:646] => Could not register, trying another image.
I20261002 19:52:02.442156 20340 incremental_pipeline.cc:620] Registering image #143 (num_reg_frames=10)
I20261002 19:52:02.442198 20340 incremental_pipeline.cc:623] => Image sees 54 / 133 points
I20261002 19:52:02.442241 20340 incremental_pipeline.cc:629] Registering image with structure-less fallback
I20261002 19:52:02.442286 20340 incremental_pipeline.cc:631] => Image sees 57 / 719 correspondences
I20261002 19:52:02.442329 20340 incremental_pipeline.cc:646] => Could not register, trying another image.
I20261002 19:52:02.442371 20340 incremental_pipeline.cc:620] Registering image #146 (num_reg_frames=10)
I20261002 19:52:02.442413 20340 incremental_pipeline.cc:623] => Image sees 46 / 111 points
I20261002 19:52:02.442456 20340 incremental_pipeline.cc:629] Registering image with structure-less fallback
I20261002 19:52:02.442500 20340 incremental_pipeline.cc:631] => Image sees 52 / 533 correspondences
I20261002 19:52:02.442544 20340 incremental_pipeline.cc:646] => Could not register, trying another image.
I20261002 19:52:02.442586 20340 incremental_pipeline.cc:620] Registering image #141 (num_reg_frames=10)
I20261002 19:52:02.442629 20340 incremental_pipeline.cc:623] => Image sees 45 / 141 points
I20261002 19:52:02.442672 20340 incremental_pipeline.cc:629] Registering image with structure-less fallback
I20261002 19:52:02.442714 20340 incremental_pipeline.cc:631] => Image sees 49 / 744 correspondences
I20261002 19:52:02.442757 20340 incremental_pipeline.cc:646] => Could not register, trying another image.
I20261002 19:52:02.442798 20340 incremental_pipeline.cc:620] Registering image #147 (num_reg_frames=10)
I20261002 19:52:02.442841 20340 incremental_pipeline.cc:623] => Image sees 43 / 130 points
I20261002 19:52:02.442883 20340 incremental_pipeline.cc:629] Registering image with structure-less fallback
I20261002 19:52:02.442925 20340 incremental_pipeline.cc:631] => Image sees 48 / 465 correspondences
I20261002 19:52:02.442968 20340 incremental_pipeline.cc:646] => Could not register, trying another image.
I20261002 19:52:02.443011 20340 incremental_pipeline.cc:620] Registering image #145 (num_reg_frames=10)
I20261002 19:52:02.443056 20340 incremental_pipeline.cc:623] => Image sees 44 / 116 points
I20261002 19:52:02.443099 20340 incremental_pipeline.cc:629] Registering image with structure-less fallback
I20261002 19:52:02.443142 20340 incremental_pipeline.cc:631] => Image sees 48 / 518 correspondences
I20261002 19:52:02.443186 20340 incremental_pipeline.cc:646] => Could not register, trying another image.
I20261002 19:52:02.443228 20340 incremental_pipeline.cc:88] Retriangulation and Global bundle adjustment
I20261002 19:52:02.447335 20340 incremental_pipeline.cc:620] Registering image #96 (num_reg_frames=10)
I20261002 19:52:02.447448 20340 incremental_pipeline.cc:623] => Image sees 137 / 202 points
I20261002 19:52:02.447530 20340 incremental_pipeline.cc:646] => Could not register, trying another image.
I20261002 19:52:02.447582 20340 incremental_pipeline.cc:620] Registering image #93 (num_reg_frames=10)
I20261002 19:52:02.447629 20340 incremental_pipeline.cc:623] => Image sees 137 / 210 points
I20261002 19:52:02.447760 20340 incremental_pipeline.cc:646] => Could not register, trying another image.
I20261002 19:52:02.447854 20340 incremental_pipeline.cc:620] Registering image #99 (num_reg_frames=10)
I20261002 19:52:02.447907 20340 incremental_pipeline.cc:623] => Image sees 131 / 194 points
I20261002 19:52:02.447980 20340 incremental_pipeline.cc:646] => Could not register, trying another image.
I20261002 19:52:02.448042 20340 incremental_pipeline.cc:620] Registering image #86 (num_reg_frames=10)
I20261002 19:52:02.448089 20340 incremental_pipeline.cc:623] => Image sees 135 / 198 points
I20261002 19:52:02.448152 20340 incremental_pipeline.cc:646] => Could not register, trying another image.
I20261002 19:52:02.448198 20340 incremental_pipeline.cc:620] Registering image #94 (num_reg_frames=10)
I20261002 19:52:02.448315 20340 incremental_pipeline.cc:623] => Image sees 131 / 201 points
I20261002 19:52:02.448389 20340 incremental_pipeline.cc:646] => Could not register, trying another image.
I20261002 19:52:02.448436 20340 incremental_pipeline.cc:620] Registering image #36 (num_reg_frames=10)
I20261002 19:52:02.448484 20340 incremental_pipeline.cc:623] => Image sees 129 / 224 points
I20261002 19:52:02.448549 20340 incremental_pipeline.cc:646] => Could not register, trying another image.
I20261002 19:52:02.448596 20340 incremental_pipeline.cc:620] Registering image #95 (num_reg_frames=10)
I20261002 19:52:02.448641 20340 incremental_pipeline.cc:623] => Image sees 125 / 201 points
I20261002 19:52:02.448702 20340 incremental_pipeline.cc:646] => Could not register, trying another image.
I20261002 19:52:02.448749 20340 incremental_pipeline.cc:620] Registering image #38 (num_reg_frames=10)
I20261002 19:52:02.448858 20340 incremental_pipeline.cc:623] => Image sees 120 / 223 points
I20261002 19:52:02.448933 20340 incremental_pipeline.cc:646] => Could not register, trying another image.
I20261002 19:52:02.448980 20340 incremental_pipeline.cc:620] Registering image #89 (num_reg_frames=10)
I20261002 19:52:02.449026 20340 incremental_pipeline.cc:623] => Image sees 128 / 206 points
I20261002 19:52:02.449090 20340 incremental_pipeline.cc:646] => Could not register, trying another image.
I20261002 19:52:02.449140 20340 incremental_pipeline.cc:620] Registering image #97 (num_reg_frames=10)
I20261002 19:52:02.449186 20340 incremental_pipeline.cc:623] => Image sees 125 / 193 points
I20261002 19:52:02.449248 20340 incremental_pipeline.cc:646] => Could not register, trying another image.
I20261002 19:52:02.449349 20340 incremental_pipeline.cc:620] Registering image #83 (num_reg_frames=10)
I20261002 19:52:02.449409 20340 incremental_pipeline.cc:623] => Image sees 125 / 220 points
I20261002 19:52:02.449474 20340 incremental_pipeline.cc:646] => Could not register, trying another image.
I20261002 19:52:02.449521 20340 incremental_pipeline.cc:620] Registering image #41 (num_reg_frames=10)
I20261002 19:52:02.449567 20340 incremental_pipeline.cc:623] => Image sees 124 / 237 points
I20261002 19:52:02.449633 20340 incremental_pipeline.cc:646] => Could not register, trying another image.
I20261002 19:52:02.449678 20340 incremental_pipeline.cc:620] Registering image #90 (num_reg_frames=10)
I20261002 19:52:02.449723 20340 incremental_pipeline.cc:623] => Image sees 121 / 203 points
I20261002 19:52:02.449845 20340 incremental_pipeline.cc:646] => Could not register, trying another image.
I20261002 19:52:02.449920 20340 incremental_pipeline.cc:620] Registering image #66 (num_reg_frames=10)
I20261002 19:52:02.449969 20340 incremental_pipeline.cc:623] => Image sees 124 / 222 points
I20261002 19:52:02.450038 20340 incremental_pipeline.cc:646] => Could not register, trying another image.
I20261002 19:52:02.450084 20340 incremental_pipeline.cc:620] Registering image #87 (num_reg_frames=10)
I20261002 19:52:02.450130 20340 incremental_pipeline.cc:623] => Image sees 121 / 197 points
I20261002 19:52:02.450192 20340 incremental_pipeline.cc:646] => Could not register, trying another image.
I20261002 19:52:02.450237 20340 incremental_pipeline.cc:620] Registering image #39 (num_reg_frames=10)
I20261002 19:52:02.450282 20340 incremental_pipeline.cc:623] => Image sees 119 / 214 points
I20261002 19:52:02.450345 20340 incremental_pipeline.cc:646] => Could not register, trying another image.
I20261002 19:52:02.450390 20340 incremental_pipeline.cc:620] Registering image #61 (num_reg_frames=10)
I20261002 19:52:02.450448 20340 incremental_pipeline.cc:623] => Image sees 116 / 211 points
I20261002 19:52:02.450517 20340 incremental_pipeline.cc:646] => Could not register, trying another image.
I20261002 19:52:02.450563 20340 incremental_pipeline.cc:620] Registering image #131 (num_reg_frames=10)
I20261002 19:52:02.450608 20340 incremental_pipeline.cc:623] => Image sees 123 / 200 points
I20261002 19:52:02.450670 20340 incremental_pipeline.cc:646] => Could not register, trying another image.
I20261002 19:52:02.450715 20340 incremental_pipeline.cc:620] Registering image #125 (num_reg_frames=10)
I20261002 19:52:02.450760 20340 incremental_pipeline.cc:623] => Image sees 120 / 195 points
I20261002 19:52:02.450822 20340 incremental_pipeline.cc:646] => Could not register, trying another image.
I20261002 19:52:02.450867 20340 incremental_pipeline.cc:620] Registering image #124 (num_reg_frames=10)
I20261002 19:52:02.450912 20340 incremental_pipeline.cc:623] => Image sees 117 / 173 points
I20261002 19:52:02.450971 20340 incremental_pipeline.cc:646] => Could not register, trying another image.
I20261002 19:52:02.451016 20340 incremental_pipeline.cc:620] Registering image #91 (num_reg_frames=10)
I20261002 19:52:02.451061 20340 incremental_pipeline.cc:623] => Image sees 114 / 194 points
I20261002 19:52:02.451120 20340 incremental_pipeline.cc:646] => Could not register, trying another image.
I20261002 19:52:02.451165 20340 incremental_pipeline.cc:620] Registering image #127 (num_reg_frames=10)
I20261002 19:52:02.451210 20340 incremental_pipeline.cc:623] => Image sees 116 / 177 points
I20261002 19:52:02.451285 20340 incremental_pipeline.cc:646] => Could not register, trying another image.
I20261002 19:52:02.451331 20340 incremental_pipeline.cc:620] Registering image #78 (num_reg_frames=10)
I20261002 19:52:02.451485 20340 incremental_pipeline.cc:623] => Image sees 115 / 205 points
I20261002 19:52:02.451662 20340 incremental_pipeline.cc:646] => Could not register, trying another image.
I20261002 19:52:02.451753 20340 incremental_pipeline.cc:620] Registering image #67 (num_reg_frames=10)
I20261002 19:52:02.451813 20340 incremental_pipeline.cc:623] => Image sees 110 / 215 points
I20261002 19:52:02.451909 20340 incremental_pipeline.cc:646] => Could not register, trying another image.
I20261002 19:52:02.451978 20340 incremental_pipeline.cc:620] Registering image #85 (num_reg_frames=10)
I20261002 19:52:02.452064 20340 incremental_pipeline.cc:623] => Image sees 114 / 197 points
I20261002 19:52:02.452128 20340 incremental_pipeline.cc:646] => Could not register, trying another image.
I20261002 19:52:02.452173 20340 incremental_pipeline.cc:620] Registering image #65 (num_reg_frames=10)
I20261002 19:52:02.452217 20340 incremental_pipeline.cc:623] => Image sees 107 / 201 points
I20261002 19:52:02.452281 20340 incremental_pipeline.cc:646] => Could not register, trying another image.
I20261002 19:52:02.452324 20340 incremental_pipeline.cc:620] Registering image #68 (num_reg_frames=10)
I20261002 19:52:02.452368 20340 incremental_pipeline.cc:623] => Image sees 108 / 206 points
I20261002 19:52:02.452431 20340 incremental_pipeline.cc:646] => Could not register, trying another image.
I20261002 19:52:02.452475 20340 incremental_pipeline.cc:620] Registering image #104 (num_reg_frames=10)
I20261002 19:52:02.452579 20340 incremental_pipeline.cc:623] => Image sees 124 / 171 points
I20261002 19:52:02.452687 20340 incremental_pipeline.cc:646] => Could not register, trying another image.
I20261002 19:52:02.452741 20340 incremental_pipeline.cc:620] Registering image #35 (num_reg_frames=10)
I20261002 19:52:02.452790 20340 incremental_pipeline.cc:623] => Image sees 110 / 226 points
I20261002 19:52:02.452857 20340 incremental_pipeline.cc:646] => Could not register, trying another image.
I20261002 19:52:02.452902 20340 incremental_pipeline.cc:620] Registering image #121 (num_reg_frames=10)
I20261002 19:52:02.452947 20340 incremental_pipeline.cc:623] => Image sees 117 / 182 points
I20261002 19:52:02.453028 20340 incremental_pipeline.cc:646] => Could not register, trying another image.
I20261002 19:52:02.453084 20340 incremental_pipeline.cc:620] Registering image #136 (num_reg_frames=10)
I20261002 19:52:02.453129 20340 incremental_pipeline.cc:623] => Image sees 113 / 196 points
I20261002 19:52:02.453189 20340 incremental_pipeline.cc:646] => Could not register, trying another image.
I20261002 19:52:02.453232 20340 incremental_pipeline.cc:620] Registering image #37 (num_reg_frames=10)
I20261002 19:52:02.453276 20340 incremental_pipeline.cc:623] => Image sees 110 / 225 points
I20261002 19:52:02.453340 20340 incremental_pipeline.cc:646] => Could not register, trying another image.
I20261002 19:52:02.453384 20340 incremental_pipeline.cc:620] Registering image #81 (num_reg_frames=10)
I20261002 19:52:02.453427 20340 incremental_pipeline.cc:623] => Image sees 115 / 204 points
I20261002 19:52:02.453486 20340 incremental_pipeline.cc:646] => Could not register, trying another image.
I20261002 19:52:02.453530 20340 incremental_pipeline.cc:620] Registering image #119 (num_reg_frames=10)
I20261002 19:52:02.453574 20340 incremental_pipeline.cc:623] => Image sees 115 / 183 points
I20261002 19:52:02.453634 20340 incremental_pipeline.cc:646] => Could not register, trying another image.
I20261002 19:52:02.453677 20340 incremental_pipeline.cc:620] Registering image #84 (num_reg_frames=10)
I20261002 19:52:02.453724 20340 incremental_pipeline.cc:623] => Image sees 113 / 192 points
I20261002 19:52:02.453782 20340 incremental_pipeline.cc:646] => Could not register, trying another image.
I20261002 19:52:02.453825 20340 incremental_pipeline.cc:620] Registering image #15 (num_reg_frames=10)
I20261002 19:52:02.453868 20340 incremental_pipeline.cc:623] => Image sees 111 / 231 points
I20261002 19:52:02.453929 20340 incremental_pipeline.cc:646] => Could not register, trying another image.
I20261002 19:52:02.453978 20340 incremental_pipeline.cc:620] Registering image #72 (num_reg_frames=10)
I20261002 19:52:02.454021 20340 incremental_pipeline.cc:623] => Image sees 112 / 203 points
I20261002 19:52:02.454104 20340 incremental_pipeline.cc:646] => Could not register, trying another image.
I20261002 19:52:02.454150 20340 incremental_pipeline.cc:620] Registering image #92 (num_reg_frames=10)
I20261002 19:52:02.454194 20340 incremental_pipeline.cc:623] => Image sees 109 / 192 points
I20261002 19:52:02.454252 20340 incremental_pipeline.cc:646] => Could not register, trying another image.
I20261002 19:52:02.454294 20340 incremental_pipeline.cc:620] Registering image #79 (num_reg_frames=10)
I20261002 19:52:02.454338 20340 incremental_pipeline.cc:623] => Image sees 113 / 200 points
I20261002 19:52:02.454418 20340 incremental_pipeline.cc:646] => Could not register, trying another image.
I20261002 19:52:02.454462 20340 incremental_pipeline.cc:620] Registering image #32 (num_reg_frames=10)
I20261002 19:52:02.454506 20340 incremental_pipeline.cc:623] => Image sees 109 / 226 points
I20261002 19:52:02.454591 20340 incremental_pipeline.cc:646] => Could not register, trying another image.
I20261002 19:52:02.454635 20340 incremental_pipeline.cc:620] Registering image #47 (num_reg_frames=10)
I20261002 19:52:02.454682 20340 incremental_pipeline.cc:623] => Image sees 109 / 206 points
I20261002 19:52:02.454743 20340 incremental_pipeline.cc:646] => Could not register, trying another image.
I20261002 19:52:02.454788 20340 incremental_pipeline.cc:620] Registering image #26 (num_reg_frames=10)
I20261002 19:52:02.454832 20340 incremental_pipeline.cc:623] => Image sees 112 / 218 points
I20261002 19:52:02.454894 20340 incremental_pipeline.cc:646] => Could not register, trying another image.
I20261002 19:52:02.454939 20340 incremental_pipeline.cc:620] Registering image #49 (num_reg_frames=10)
I20261002 19:52:02.455015 20340 incremental_pipeline.cc:623] => Image sees 110 / 210 points
I20261002 19:52:02.455088 20340 incremental_pipeline.cc:646] => Could not register, trying another image.
I20261002 19:52:02.455135 20340 incremental_pipeline.cc:620] Registering image #40 (num_reg_frames=10)
I20261002 19:52:02.455180 20340 incremental_pipeline.cc:623] => Image sees 108 / 217 points
I20261002 19:52:02.455277 20340 incremental_pipeline.cc:646] => Could not register, trying another image.
I20261002 19:52:02.455323 20340 incremental_pipeline.cc:620] Registering image #70 (num_reg_frames=10)
I20261002 19:52:02.455368 20340 incremental_pipeline.cc:623] => Image sees 107 / 217 points
I20261002 19:52:02.455429 20340 incremental_pipeline.cc:646] => Could not register, trying another image.
I20261002 19:52:02.455472 20340 incremental_pipeline.cc:620] Registering image #80 (num_reg_frames=10)
I20261002 19:52:02.455517 20340 incremental_pipeline.cc:623] => Image sees 110 / 202 points
I20261002 19:52:02.455577 20340 incremental_pipeline.cc:646] => Could not register, trying another image.
I20261002 19:52:02.455621 20340 incremental_pipeline.cc:620] Registering image #69 (num_reg_frames=10)
I20261002 19:52:02.455667 20340 incremental_pipeline.cc:623] => Image sees 104 / 212 points
I20261002 19:52:02.455729 20340 incremental_pipeline.cc:646] => Could not register, trying another image.
I20261002 19:52:02.455773 20340 incremental_pipeline.cc:620] Registering image #74 (num_reg_frames=10)
I20261002 19:52:02.455818 20340 incremental_pipeline.cc:623] => Image sees 108 / 207 points
I20261002 19:52:02.455878 20340 incremental_pipeline.cc:646] => Could not register, trying another image.
I20261002 19:52:02.455922 20340 incremental_pipeline.cc:620] Registering image #17 (num_reg_frames=10)
I20261002 19:52:02.455969 20340 incremental_pipeline.cc:623] => Image sees 107 / 218 points
I20261002 19:52:02.456028 20340 incremental_pipeline.cc:646] => Could not register, trying another image.
I20261002 19:52:02.456072 20340 incremental_pipeline.cc:620] Registering image #16 (num_reg_frames=10)
I20261002 19:52:02.456116 20340 incremental_pipeline.cc:623] => Image sees 108 / 217 points
I20261002 19:52:02.456174 20340 incremental_pipeline.cc:646] => Could not register, trying another image.
I20261002 19:52:02.456218 20340 incremental_pipeline.cc:620] Registering image #22 (num_reg_frames=10)
I20261002 19:52:02.456262 20340 incremental_pipeline.cc:623] => Image sees 101 / 211 points
I20261002 19:52:02.456323 20340 incremental_pipeline.cc:646] => Could not register, trying another image.
I20261002 19:52:02.456367 20340 incremental_pipeline.cc:620] Registering image #19 (num_reg_frames=10)
I20261002 19:52:02.456410 20340 incremental_pipeline.cc:623] => Image sees 105 / 219 points
I20261002 19:52:02.456470 20340 incremental_pipeline.cc:646] => Could not register, trying another image.
I20261002 19:52:02.456513 20340 incremental_pipeline.cc:620] Registering image #126 (num_reg_frames=10)
I20261002 19:52:02.456559 20340 incremental_pipeline.cc:623] => Image sees 107 / 177 points
I20261002 19:52:02.456616 20340 incremental_pipeline.cc:646] => Could not register, trying another image.
I20261002 19:52:02.456659 20340 incremental_pipeline.cc:620] Registering image #123 (num_reg_frames=10)
I20261002 19:52:02.456703 20340 incremental_pipeline.cc:623] => Image sees 105 / 182 points
I20261002 19:52:02.456760 20340 incremental_pipeline.cc:646] => Could not register, trying another image.
I20261002 19:52:02.456803 20340 incremental_pipeline.cc:620] Registering image #129 (num_reg_frames=10)
I20261002 19:52:02.456847 20340 incremental_pipeline.cc:623] => Image sees 107 / 183 points
I20261002 19:52:02.456904 20340 incremental_pipeline.cc:646] => Could not register, trying another image.
I20261002 19:52:02.456951 20340 incremental_pipeline.cc:620] Registering image #112 (num_reg_frames=10)
I20261002 19:52:02.456995 20340 incremental_pipeline.cc:623] => Image sees 106 / 151 points
I20261002 19:52:02.457053 20340 incremental_pipeline.cc:646] => Could not register, trying another image.
I20261002 19:52:02.457096 20340 incremental_pipeline.cc:620] Registering image #118 (num_reg_frames=10)
I20261002 19:52:02.457141 20340 incremental_pipeline.cc:623] => Image sees 113 / 174 points
I20261002 19:52:02.457200 20340 incremental_pipeline.cc:646] => Could not register, trying another image.
I20261002 19:52:02.457245 20340 incremental_pipeline.cc:620] Registering image #116 (num_reg_frames=10)
I20261002 19:52:02.457297 20340 incremental_pipeline.cc:623] => Image sees 104 / 155 points
I20261002 19:52:02.457356 20340 incremental_pipeline.cc:646] => Could not register, trying another image.
I20261002 19:52:02.457538 20340 incremental_pipeline.cc:620] Registering image #64 (num_reg_frames=10)
I20261002 19:52:02.457635 20340 incremental_pipeline.cc:623] => Image sees 102 / 211 points
I20261002 19:52:02.457713 20340 incremental_pipeline.cc:646] => Could not register, trying another image.
I20261002 19:52:02.457758 20340 incremental_pipeline.cc:620] Registering image #110 (num_reg_frames=10)
I20261002 19:52:02.457846 20340 incremental_pipeline.cc:623] => Image sees 100 / 146 points
I20261002 19:52:02.457960 20340 incremental_pipeline.cc:646] => Could not register, trying another image.
I20261002 19:52:02.458013 20340 incremental_pipeline.cc:620] Registering image #53 (num_reg_frames=10)
I20261002 19:52:02.458060 20340 incremental_pipeline.cc:623] => Image sees 95 / 216 points
I20261002 19:52:02.458123 20340 incremental_pipeline.cc:646] => Could not register, trying another image.
I20261002 19:52:02.458167 20340 incremental_pipeline.cc:620] Registering image #58 (num_reg_frames=10)
I20261002 19:52:02.458211 20340 incremental_pipeline.cc:623] => Image sees 93 / 224 points
I20261002 19:52:02.458274 20340 incremental_pipeline.cc:646] => Could not register, trying another image.
I20261002 19:52:02.458318 20340 incremental_pipeline.cc:620] Registering image #122 (num_reg_frames=10)
I20261002 19:52:02.458362 20340 incremental_pipeline.cc:623] => Image sees 104 / 165 points
I20261002 19:52:02.458417 20340 incremental_pipeline.cc:646] => Could not register, trying another image.
I20261002 19:52:02.458461 20340 incremental_pipeline.cc:620] Registering image #137 (num_reg_frames=10)
I20261002 19:52:02.458505 20340 incremental_pipeline.cc:623] => Image sees 96 / 145 points
I20261002 19:52:02.458566 20340 incremental_pipeline.cc:646] => Could not register, trying another image.
I20261002 19:52:02.458611 20340 incremental_pipeline.cc:620] Registering image #44 (num_reg_frames=10)
I20261002 19:52:02.458656 20340 incremental_pipeline.cc:623] => Image sees 93 / 212 points
I20261002 19:52:02.458720 20340 incremental_pipeline.cc:646] => Could not register, trying another image.
I20261002 19:52:02.458764 20340 incremental_pipeline.cc:620] Registering image #120 (num_reg_frames=10)
I20261002 19:52:02.458808 20340 incremental_pipeline.cc:623] => Image sees 104 / 170 points
I20261002 19:52:02.458866 20340 incremental_pipeline.cc:646] => Could not register, trying another image.
I20261002 19:52:02.458909 20340 incremental_pipeline.cc:620] Registering image #71 (num_reg_frames=10)
I20261002 19:52:02.458952 20340 incremental_pipeline.cc:623] => Image sees 96 / 212 points
I20261002 19:52:02.459015 20340 incremental_pipeline.cc:646] => Could not register, trying another image.
I20261002 19:52:02.459059 20340 incremental_pipeline.cc:620] Registering image #114 (num_reg_frames=10)
I20261002 19:52:02.459103 20340 incremental_pipeline.cc:623] => Image sees 100 / 151 points
I20261002 19:52:02.459161 20340 incremental_pipeline.cc:646] => Could not register, trying another image.
I20261002 19:52:02.459204 20340 incremental_pipeline.cc:620] Registering image #108 (num_reg_frames=10)
I20261002 19:52:02.459248 20340 incremental_pipeline.cc:623] => Image sees 100 / 138 points
I20261002 19:52:02.459306 20340 incremental_pipeline.cc:646] => Could not register, trying another image.
I20261002 19:52:02.459349 20340 incremental_pipeline.cc:620] Registering image #111 (num_reg_frames=10)
I20261002 19:52:02.459394 20340 incremental_pipeline.cc:623] => Image sees 98 / 147 points
I20261002 19:52:02.459452 20340 incremental_pipeline.cc:646] => Could not register, trying another image.
I20261002 19:52:02.459496 20340 incremental_pipeline.cc:620] Registering image #107 (num_reg_frames=10)
I20261002 19:52:02.459585 20340 incremental_pipeline.cc:623] => Image sees 102 / 146 points
I20261002 19:52:02.459660 20340 incremental_pipeline.cc:646] => Could not register, trying another image.
I20261002 19:52:02.459714 20340 incremental_pipeline.cc:620] Registering image #117 (num_reg_frames=10)
I20261002 19:52:02.459758 20340 incremental_pipeline.cc:623] => Image sees 94 / 153 points
I20261002 19:52:02.459814 20340 incremental_pipeline.cc:646] => Could not register, trying another image.
I20261002 19:52:02.459858 20340 incremental_pipeline.cc:620] Registering image #60 (num_reg_frames=10)
I20261002 19:52:02.459901 20340 incremental_pipeline.cc:623] => Image sees 89 / 209 points
I20261002 19:52:02.459965 20340 incremental_pipeline.cc:646] => Could not register, trying another image.
I20261002 19:52:02.460009 20340 incremental_pipeline.cc:620] Registering image #115 (num_reg_frames=10)
I20261002 19:52:02.460053 20340 incremental_pipeline.cc:623] => Image sees 92 / 139 points
I20261002 19:52:02.460109 20340 incremental_pipeline.cc:646] => Could not register, trying another image.
I20261002 19:52:02.460153 20340 incremental_pipeline.cc:620] Registering image #43 (num_reg_frames=10)
I20261002 19:52:02.460198 20340 incremental_pipeline.cc:623] => Image sees 88 / 208 points
I20261002 19:52:02.460258 20340 incremental_pipeline.cc:646] => Could not register, trying another image.
I20261002 19:52:02.460302 20340 incremental_pipeline.cc:620] Registering image #113 (num_reg_frames=10)
I20261002 19:52:02.460346 20340 incremental_pipeline.cc:623] => Image sees 92 / 143 points
I20261002 19:52:02.460400 20340 incremental_pipeline.cc:646] => Could not register, trying another image.
I20261002 19:52:02.460444 20340 incremental_pipeline.cc:620] Registering image #75 (num_reg_frames=10)
I20261002 19:52:02.460491 20340 incremental_pipeline.cc:623] => Image sees 85 / 211 points
I20261002 19:52:02.460554 20340 incremental_pipeline.cc:646] => Could not register, trying another image.
I20261002 19:52:02.460600 20340 incremental_pipeline.cc:620] Registering image #134 (num_reg_frames=10)
I20261002 19:52:02.460643 20340 incremental_pipeline.cc:623] => Image sees 82 / 165 points
I20261002 19:52:02.460700 20340 incremental_pipeline.cc:646] => Could not register, trying another image.
I20261002 19:52:02.460744 20340 incremental_pipeline.cc:620] Registering image #133 (num_reg_frames=10)
I20261002 19:52:02.460787 20340 incremental_pipeline.cc:623] => Image sees 81 / 162 points
I20261002 19:52:02.460843 20340 incremental_pipeline.cc:646] => Could not register, trying another image.
I20261002 19:52:02.460886 20340 incremental_pipeline.cc:620] Registering image #5 (num_reg_frames=10)
I20261002 19:52:02.460931 20340 incremental_pipeline.cc:623] => Image sees 74 / 198 points
I20261002 19:52:02.460996 20340 incremental_pipeline.cc:646] => Could not register, trying another image.
I20261002 19:52:02.461040 20340 incremental_pipeline.cc:620] Registering image #109 (num_reg_frames=10)
I20261002 19:52:02.461084 20340 incremental_pipeline.cc:623] => Image sees 80 / 133 points
I20261002 19:52:02.461137 20340 incremental_pipeline.cc:646] => Could not register, trying another image.
I20261002 19:52:02.461181 20340 incremental_pipeline.cc:620] Registering image #42 (num_reg_frames=10)
I20261002 19:52:02.461224 20340 incremental_pipeline.cc:623] => Image sees 81 / 224 points
I20261002 19:52:02.461289 20340 incremental_pipeline.cc:646] => Could not register, trying another image.
I20261002 19:52:02.461333 20340 incremental_pipeline.cc:620] Registering image #1 (num_reg_frames=10)
I20261002 19:52:02.461378 20340 incremental_pipeline.cc:623] => Image sees 71 / 185 points
I20261002 19:52:02.461433 20340 incremental_pipeline.cc:646] => Could not register, trying another image.
I20261002 19:52:02.461476 20340 incremental_pipeline.cc:620] Registering image #135 (num_reg_frames=10)
I20261002 19:52:02.461520 20340 incremental_pipeline.cc:623] => Image sees 68 / 158 points
I20261002 19:52:02.461623 20340 incremental_pipeline.cc:646] => Could not register, trying another image.
I20261002 19:52:02.461806 20340 incremental_pipeline.cc:620] Registering image #2 (num_reg_frames=10)
I20261002 19:52:02.461911 20340 incremental_pipeline.cc:623] => Image sees 63 / 197 points
I20261002 19:52:02.461994 20340 incremental_pipeline.cc:646] => Could not register, trying another image.
I20261002 19:52:02.462045 20340 incremental_pipeline.cc:620] Registering image #142 (num_reg_frames=10)
I20261002 19:52:02.462095 20340 incremental_pipeline.cc:623] => Image sees 62 / 150 points
I20261002 19:52:02.462168 20340 incremental_pipeline.cc:646] => Could not register, trying another image.
I20261002 19:52:02.462221 20340 incremental_pipeline.cc:620] Registering image #138 (num_reg_frames=10)
I20261002 19:52:02.462270 20340 incremental_pipeline.cc:623] => Image sees 63 / 140 points
I20261002 19:52:02.462341 20340 incremental_pipeline.cc:646] => Could not register, trying another image.
I20261002 19:52:02.462388 20340 incremental_pipeline.cc:620] Registering image #140 (num_reg_frames=10)
I20261002 19:52:02.462433 20340 incremental_pipeline.cc:623] => Image sees 60 / 157 points
I20261002 19:52:02.462488 20340 incremental_pipeline.cc:646] => Could not register, trying another image.
I20261002 19:52:02.462534 20340 incremental_pipeline.cc:620] Registering image #139 (num_reg_frames=10)
I20261002 19:52:02.462579 20340 incremental_pipeline.cc:623] => Image sees 61 / 139 points
I20261002 19:52:02.462632 20340 incremental_pipeline.cc:646] => Could not register, trying another image.
I20261002 19:52:02.462677 20340 incremental_pipeline.cc:620] Registering image #143 (num_reg_frames=10)
I20261002 19:52:02.462723 20340 incremental_pipeline.cc:623] => Image sees 54 / 133 points
I20261002 19:52:02.462775 20340 incremental_pipeline.cc:646] => Could not register, trying another image.
I20261002 19:52:02.462820 20340 incremental_pipeline.cc:620] Registering image #145 (num_reg_frames=10)
I20261002 19:52:02.462893 20340 incremental_pipeline.cc:623] => Image sees 44 / 116 points
I20261002 19:52:02.462983 20340 incremental_pipeline.cc:646] => Could not register, trying another image.
I20261002 19:52:02.463035 20340 incremental_pipeline.cc:620] Registering image #146 (num_reg_frames=10)
I20261002 19:52:02.463084 20340 incremental_pipeline.cc:623] => Image sees 46 / 111 points
I20261002 19:52:02.463138 20340 incremental_pipeline.cc:646] => Could not register, trying another image.
I20261002 19:52:02.463185 20340 incremental_pipeline.cc:620] Registering image #147 (num_reg_frames=10)
I20261002 19:52:02.463231 20340 incremental_pipeline.cc:623] => Image sees 43 / 130 points
I20261002 19:52:02.463284 20340 incremental_pipeline.cc:646] => Could not register, trying another image.
I20261002 19:52:02.463329 20340 incremental_pipeline.cc:620] Registering image #141 (num_reg_frames=10)
I20261002 19:52:02.463376 20340 incremental_pipeline.cc:623] => Image sees 45 / 141 points
I20261002 19:52:02.463428 20340 incremental_pipeline.cc:646] => Could not register, trying another image.
I20261002 19:52:02.463484 20340 incremental_pipeline.cc:620] Registering image #99 (num_reg_frames=10)
I20261002 19:52:02.463585 20340 incremental_pipeline.cc:623] => Image sees 131 / 194 points
I20261002 19:52:02.463655 20340 incremental_pipeline.cc:629] Registering image with structure-less fallback
I20261002 19:52:02.463724 20340 incremental_pipeline.cc:631] => Image sees 872 / 2442 correspondences
I20261002 19:52:02.463822 20340 incremental_pipeline.cc:646] => Could not register, trying another image.
I20261002 19:52:02.463921 20340 incremental_pipeline.cc:620] Registering image #110 (num_reg_frames=10)
I20261002 19:52:02.463990 20340 incremental_pipeline.cc:623] => Image sees 100 / 146 points
I20261002 19:52:02.464065 20340 incremental_pipeline.cc:629] Registering image with structure-less fallback
I20261002 19:52:02.464142 20340 incremental_pipeline.cc:631] => Image sees 793 / 4159 correspondences
I20261002 19:52:02.464222 20340 incremental_pipeline.cc:646] => Could not register, trying another image.
I20261002 19:52:02.464273 20340 incremental_pipeline.cc:620] Registering image #121 (num_reg_frames=10)
I20261002 19:52:02.464322 20340 incremental_pipeline.cc:623] => Image sees 117 / 182 points
I20261002 19:52:02.464407 20340 incremental_pipeline.cc:629] Registering image with structure-less fallback
I20261002 19:52:02.464454 20340 incremental_pipeline.cc:631] => Image sees 746 / 5092 correspondences
I20261002 19:52:02.464535 20340 incremental_pipeline.cc:646] => Could not register, trying another image.
I20261002 19:52:02.464582 20340 incremental_pipeline.cc:620] Registering image #104 (num_reg_frames=10)
I20261002 19:52:02.464640 20340 incremental_pipeline.cc:623] => Image sees 124 / 171 points
I20261002 19:52:02.464732 20340 incremental_pipeline.cc:629] Registering image with structure-less fallback
I20261002 19:52:02.464785 20340 incremental_pipeline.cc:631] => Image sees 589 / 1569 correspondences
I20261002 19:52:02.464848 20340 incremental_pipeline.cc:646] => Could not register, trying another image.
I20261002 19:52:02.464894 20340 incremental_pipeline.cc:620] Registering image #131 (num_reg_frames=10)
I20261002 19:52:02.464940 20340 incremental_pipeline.cc:623] => Image sees 123 / 200 points
I20261002 19:52:02.464989 20340 incremental_pipeline.cc:629] Registering image with structure-less fallback
I20261002 19:52:02.465036 20340 incremental_pipeline.cc:631] => Image sees 421 / 1553 correspondences
I20261002 19:52:02.465101 20340 incremental_pipeline.cc:646] => Could not register, trying another image.
I20261002 19:52:02.465146 20340 incremental_pipeline.cc:620] Registering image #127 (num_reg_frames=10)
I20261002 19:52:02.465193 20340 incremental_pipeline.cc:623] => Image sees 116 / 177 points
I20261002 19:52:02.465242 20340 incremental_pipeline.cc:629] Registering image with structure-less fallback
I20261002 19:52:02.465289 20340 incremental_pipeline.cc:631] => Image sees 416 / 1712 correspondences
I20261002 19:52:02.465351 20340 incremental_pipeline.cc:646] => Could not register, trying another image.
I20261002 19:52:02.465397 20340 incremental_pipeline.cc:620] Registering image #96 (num_reg_frames=10)
I20261002 19:52:02.465446 20340 incremental_pipeline.cc:623] => Image sees 137 / 202 points
I20261002 19:52:02.465491 20340 incremental_pipeline.cc:629] Registering image with structure-less fallback
I20261002 19:52:02.465536 20340 incremental_pipeline.cc:631] => Image sees 406 / 2134 correspondences
I20261002 19:52:02.465598 20340 incremental_pipeline.cc:646] => Could not register, trying another image.
I20261002 19:52:02.465645 20340 incremental_pipeline.cc:620] Registering image #108 (num_reg_frames=10)
I20261002 19:52:02.465691 20340 incremental_pipeline.cc:623] => Image sees 100 / 138 points
I20261002 19:52:02.465739 20340 incremental_pipeline.cc:629] Registering image with structure-less fallback
I20261002 19:52:02.465785 20340 incremental_pipeline.cc:631] => Image sees 401 / 1362 correspondences
I20261002 19:52:02.465844 20340 incremental_pipeline.cc:646] => Could not register, trying another image.
I20261002 19:52:02.465891 20340 incremental_pipeline.cc:620] Registering image #107 (num_reg_frames=10)
I20261002 19:52:02.465938 20340 incremental_pipeline.cc:623] => Image sees 102 / 146 points
I20261002 19:52:02.465983 20340 incremental_pipeline.cc:629] Registering image with structure-less fallback
I20261002 19:52:02.466027 20340 incremental_pipeline.cc:631] => Image sees 400 / 1554 correspondences
I20261002 19:52:02.466085 20340 incremental_pipeline.cc:646] => Could not register, trying another image.
I20261002 19:52:02.466129 20340 incremental_pipeline.cc:620] Registering image #93 (num_reg_frames=10)
I20261002 19:52:02.466179 20340 incremental_pipeline.cc:623] => Image sees 137 / 210 points
I20261002 19:52:02.466224 20340 incremental_pipeline.cc:629] Registering image with structure-less fallback
I20261002 19:52:02.466270 20340 incremental_pipeline.cc:631] => Image sees 393 / 8093 correspondences
I20261002 19:52:02.466354 20340 incremental_pipeline.cc:646] => Could not register, trying another image.
I20261002 19:52:02.466405 20340 incremental_pipeline.cc:620] Registering image #111 (num_reg_frames=10)
I20261002 19:52:02.466451 20340 incremental_pipeline.cc:623] => Image sees 98 / 147 points
I20261002 19:52:02.466504 20340 incremental_pipeline.cc:629] Registering image with structure-less fallback
I20261002 19:52:02.466551 20340 incremental_pipeline.cc:631] => Image sees 379 / 1453 correspondences
I20261002 19:52:02.466611 20340 incremental_pipeline.cc:646] => Could not register, trying another image.
I20261002 19:52:02.466659 20340 incremental_pipeline.cc:620] Registering image #136 (num_reg_frames=10)
I20261002 19:52:02.466703 20340 incremental_pipeline.cc:623] => Image sees 113 / 196 points
I20261002 19:52:02.466749 20340 incremental_pipeline.cc:629] Registering image with structure-less fallback
I20261002 19:52:02.466795 20340 incremental_pipeline.cc:631] => Image sees 368 / 1323 correspondences
I20261002 19:52:02.466854 20340 incremental_pipeline.cc:646] => Could not register, trying another image.
I20261002 19:52:02.466901 20340 incremental_pipeline.cc:620] Registering image #94 (num_reg_frames=10)
I20261002 19:52:02.466947 20340 incremental_pipeline.cc:623] => Image sees 131 / 201 points
I20261002 19:52:02.466992 20340 incremental_pipeline.cc:629] Registering image with structure-less fallback
I20261002 19:52:02.467037 20340 incremental_pipeline.cc:631] => Image sees 354 / 2391 correspondences
I20261002 19:52:02.467099 20340 incremental_pipeline.cc:646] => Could not register, trying another image.
I20261002 19:52:02.467144 20340 incremental_pipeline.cc:620] Registering image #66 (num_reg_frames=10)
I20261002 19:52:02.467189 20340 incremental_pipeline.cc:623] => Image sees 124 / 222 points
I20261002 19:52:02.467236 20340 incremental_pipeline.cc:629] Registering image with structure-less fallback
I20261002 19:52:02.467280 20340 incremental_pipeline.cc:631] => Image sees 346 / 3011 correspondences
I20261002 19:52:02.467345 20340 incremental_pipeline.cc:646] => Could not register, trying another image.
I20261002 19:52:02.467390 20340 incremental_pipeline.cc:620] Registering image #138 (num_reg_frames=10)
I20261002 19:52:02.467435 20340 incremental_pipeline.cc:623] => Image sees 63 / 140 points
I20261002 19:52:02.467481 20340 incremental_pipeline.cc:629] Registering image with structure-less fallback
I20261002 19:52:02.467527 20340 incremental_pipeline.cc:631] => Image sees 346 / 2645 correspondences
I20261002 19:52:02.467593 20340 incremental_pipeline.cc:646] => Could not register, trying another image.
I20261002 19:52:02.467638 20340 incremental_pipeline.cc:620] Registering image #125 (num_reg_frames=10)
I20261002 19:52:02.467687 20340 incremental_pipeline.cc:623] => Image sees 120 / 195 points
I20261002 19:52:02.467733 20340 incremental_pipeline.cc:629] Registering image with structure-less fallback
I20261002 19:52:02.467778 20340 incremental_pipeline.cc:631] => Image sees 330 / 1630 correspondences
I20261002 19:52:02.467837 20340 incremental_pipeline.cc:646] => Could not register, trying another image.
I20261002 19:52:02.467882 20340 incremental_pipeline.cc:620] Registering image #119 (num_reg_frames=10)
I20261002 19:52:02.467927 20340 incremental_pipeline.cc:623] => Image sees 115 / 183 points
I20261002 19:52:02.467973 20340 incremental_pipeline.cc:629] Registering image with structure-less fallback
I20261002 19:52:02.468018 20340 incremental_pipeline.cc:631] => Image sees 318 / 1696 correspondences
I20261002 19:52:02.468082 20340 incremental_pipeline.cc:646] => Could not register, trying another image.
I20261002 19:52:02.468128 20340 incremental_pipeline.cc:620] Registering image #118 (num_reg_frames=10)
I20261002 19:52:02.468175 20340 incremental_pipeline.cc:623] => Image sees 113 / 174 points
I20261002 19:52:02.468222 20340 incremental_pipeline.cc:629] Registering image with structure-less fallback
I20261002 19:52:02.468267 20340 incremental_pipeline.cc:631] => Image sees 301 / 1710 correspondences
I20261002 19:52:02.468329 20340 incremental_pipeline.cc:646] => Could not register, trying another image.
I20261002 19:52:02.468375 20340 incremental_pipeline.cc:620] Registering image #137 (num_reg_frames=10)
I20261002 19:52:02.468420 20340 incremental_pipeline.cc:623] => Image sees 96 / 145 points
I20261002 19:52:02.468474 20340 incremental_pipeline.cc:629] Registering image with structure-less fallback
I20261002 19:52:02.468521 20340 incremental_pipeline.cc:631] => Image sees 298 / 1299 correspondences
I20261002 19:52:02.468582 20340 incremental_pipeline.cc:646] => Could not register, trying another image.
I20261002 19:52:02.468630 20340 incremental_pipeline.cc:620] Registering image #112 (num_reg_frames=10)
I20261002 19:52:02.468676 20340 incremental_pipeline.cc:623] => Image sees 106 / 151 points
I20261002 19:52:02.468724 20340 incremental_pipeline.cc:629] Registering image with structure-less fallback
I20261002 19:52:02.468771 20340 incremental_pipeline.cc:631] => Image sees 281 / 1458 correspondences
I20261002 19:52:02.468829 20340 incremental_pipeline.cc:646] => Could not register, trying another image.
I20261002 19:52:02.468874 20340 incremental_pipeline.cc:620] Registering image #95 (num_reg_frames=10)
I20261002 19:52:02.468919 20340 incremental_pipeline.cc:623] => Image sees 125 / 201 points
I20261002 19:52:02.468966 20340 incremental_pipeline.cc:629] Registering image with structure-less fallback
I20261002 19:52:02.469014 20340 incremental_pipeline.cc:631] => Image sees 272 / 2034 correspondences
I20261002 19:52:02.469076 20340 incremental_pipeline.cc:646] => Could not register, trying another image.
I20261002 19:52:02.469123 20340 incremental_pipeline.cc:620] Registering image #86 (num_reg_frames=10)
I20261002 19:52:02.469168 20340 incremental_pipeline.cc:623] => Image sees 135 / 198 points
I20261002 19:52:02.469215 20340 incremental_pipeline.cc:629] Registering image with structure-less fallback
I20261002 19:52:02.469260 20340 incremental_pipeline.cc:631] => Image sees 271 / 2507 correspondences
I20261002 19:52:02.469323 20340 incremental_pipeline.cc:646] => Could not register, trying another image.
I20261002 19:52:02.469369 20340 incremental_pipeline.cc:620] Registering image #116 (num_reg_frames=10)
I20261002 19:52:02.469418 20340 incremental_pipeline.cc:623] => Image sees 104 / 155 points
I20261002 19:52:02.469462 20340 incremental_pipeline.cc:629] Registering image with structure-less fallback
I20261002 19:52:02.469558 20340 incremental_pipeline.cc:631] => Image sees 269 / 1667 correspondences
I20261002 19:52:02.469705 20340 incremental_pipeline.cc:646] => Could not register, trying another image.
I20261002 19:52:02.469770 20340 incremental_pipeline.cc:620] Registering image #124 (num_reg_frames=10)
I20261002 19:52:02.469826 20340 incremental_pipeline.cc:623] => Image sees 117 / 173 points
I20261002 19:52:02.469877 20340 incremental_pipeline.cc:629] Registering image with structure-less fallback
I20261002 19:52:02.469924 20340 incremental_pipeline.cc:631] => Image sees 268 / 1479 correspondences
I20261002 19:52:02.469985 20340 incremental_pipeline.cc:646] => Could not register, trying another image.
I20261002 19:52:02.470030 20340 incremental_pipeline.cc:620] Registering image #114 (num_reg_frames=10)
I20261002 19:52:02.470076 20340 incremental_pipeline.cc:623] => Image sees 100 / 151 points
I20261002 19:52:02.470122 20340 incremental_pipeline.cc:629] Registering image with structure-less fallback
I20261002 19:52:02.470168 20340 incremental_pipeline.cc:631] => Image sees 257 / 1419 correspondences
I20261002 19:52:02.470227 20340 incremental_pipeline.cc:646] => Could not register, trying another image.
I20261002 19:52:02.470273 20340 incremental_pipeline.cc:620] Registering image #97 (num_reg_frames=10)
I20261002 19:52:02.470320 20340 incremental_pipeline.cc:623] => Image sees 125 / 193 points
I20261002 19:52:02.470364 20340 incremental_pipeline.cc:629] Registering image with structure-less fallback
I20261002 19:52:02.470409 20340 incremental_pipeline.cc:631] => Image sees 255 / 2422 correspondences
I20261002 19:52:02.470474 20340 incremental_pipeline.cc:646] => Could not register, trying another image.
I20261002 19:52:02.470522 20340 incremental_pipeline.cc:620] Registering image #87 (num_reg_frames=10)
I20261002 19:52:02.470568 20340 incremental_pipeline.cc:623] => Image sees 121 / 197 points
I20261002 19:52:02.470622 20340 incremental_pipeline.cc:629] Registering image with structure-less fallback
I20261002 19:52:02.470668 20340 incremental_pipeline.cc:631] => Image sees 249 / 2383 correspondences
I20261002 19:52:02.470729 20340 incremental_pipeline.cc:646] => Could not register, trying another image.
I20261002 19:52:02.470774 20340 incremental_pipeline.cc:620] Registering image #129 (num_reg_frames=10)
I20261002 19:52:02.470821 20340 incremental_pipeline.cc:623] => Image sees 107 / 183 points
I20261002 19:52:02.470867 20340 incremental_pipeline.cc:629] Registering image with structure-less fallback
I20261002 19:52:02.470912 20340 incremental_pipeline.cc:631] => Image sees 247 / 1670 correspondences
I20261002 19:52:02.470971 20340 incremental_pipeline.cc:646] => Could not register, trying another image.
I20261002 19:52:02.471016 20340 incremental_pipeline.cc:620] Registering image #89 (num_reg_frames=10)
I20261002 19:52:02.471062 20340 incremental_pipeline.cc:623] => Image sees 128 / 206 points
I20261002 19:52:02.471108 20340 incremental_pipeline.cc:629] Registering image with structure-less fallback
I20261002 19:52:02.471153 20340 incremental_pipeline.cc:631] => Image sees 246 / 2612 correspondences
I20261002 19:52:02.471215 20340 incremental_pipeline.cc:646] => Could not register, trying another image.
I20261002 19:52:02.471261 20340 incremental_pipeline.cc:620] Registering image #39 (num_reg_frames=10)
I20261002 19:52:02.471306 20340 incremental_pipeline.cc:623] => Image sees 119 / 214 points
I20261002 19:52:02.471351 20340 incremental_pipeline.cc:629] Registering image with structure-less fallback
I20261002 19:52:02.471396 20340 incremental_pipeline.cc:631] => Image sees 244 / 2959 correspondences
I20261002 19:52:02.471458 20340 incremental_pipeline.cc:646] => Could not register, trying another image.
I20261002 19:52:02.471503 20340 incremental_pipeline.cc:620] Registering image #38 (num_reg_frames=10)
I20261002 19:52:02.471549 20340 incremental_pipeline.cc:623] => Image sees 120 / 223 points
I20261002 19:52:02.471595 20340 incremental_pipeline.cc:629] Registering image with structure-less fallback
I20261002 19:52:02.471641 20340 incremental_pipeline.cc:631] => Image sees 243 / 3724 correspondences
I20261002 19:52:02.471708 20340 incremental_pipeline.cc:646] => Could not register, trying another image.
I20261002 19:52:02.471754 20340 incremental_pipeline.cc:620] Registering image #126 (num_reg_frames=10)
I20261002 19:52:02.471799 20340 incremental_pipeline.cc:623] => Image sees 107 / 177 points
I20261002 19:52:02.471845 20340 incremental_pipeline.cc:629] Registering image with structure-less fallback
I20261002 19:52:02.471891 20340 incremental_pipeline.cc:631] => Image sees 239 / 1502 correspondences
I20261002 19:52:02.471949 20340 incremental_pipeline.cc:646] => Could not register, trying another image.
I20261002 19:52:02.471994 20340 incremental_pipeline.cc:620] Registering image #36 (num_reg_frames=10)
I20261002 19:52:02.472039 20340 incremental_pipeline.cc:623] => Image sees 129 / 224 points
I20261002 19:52:02.472085 20340 incremental_pipeline.cc:629] Registering image with structure-less fallback
I20261002 19:52:02.472130 20340 incremental_pipeline.cc:631] => Image sees 230 / 3343 correspondences
I20261002 19:52:02.472195 20340 incremental_pipeline.cc:646] => Could not register, trying another image.
I20261002 19:52:02.472240 20340 incremental_pipeline.cc:620] Registering image #67 (num_reg_frames=10)
I20261002 19:52:02.472286 20340 incremental_pipeline.cc:623] => Image sees 110 / 215 points
I20261002 19:52:02.472331 20340 incremental_pipeline.cc:629] Registering image with structure-less fallback
I20261002 19:52:02.472376 20340 incremental_pipeline.cc:631] => Image sees 208 / 3213 correspondences
I20261002 19:52:02.472443 20340 incremental_pipeline.cc:646] => Could not register, trying another image.
I20261002 19:52:02.472488 20340 incremental_pipeline.cc:620] Registering image #41 (num_reg_frames=10)
I20261002 19:52:02.472534 20340 incremental_pipeline.cc:623] => Image sees 124 / 237 points
I20261002 19:52:02.472587 20340 incremental_pipeline.cc:629] Registering image with structure-less fallback
I20261002 19:52:02.472631 20340 incremental_pipeline.cc:631] => Image sees 207 / 3386 correspondences
I20261002 19:52:02.472696 20340 incremental_pipeline.cc:646] => Could not register, trying another image.
I20261002 19:52:02.472741 20340 incremental_pipeline.cc:620] Registering image #61 (num_reg_frames=10)
I20261002 19:52:02.472787 20340 incremental_pipeline.cc:623] => Image sees 116 / 211 points
I20261002 19:52:02.472833 20340 incremental_pipeline.cc:629] Registering image with structure-less fallback
I20261002 19:52:02.472878 20340 incremental_pipeline.cc:631] => Image sees 204 / 3363 correspondences
I20261002 19:52:02.472943 20340 incremental_pipeline.cc:646] => Could not register, trying another image.
I20261002 19:52:02.472989 20340 incremental_pipeline.cc:620] Registering image #65 (num_reg_frames=10)
I20261002 19:52:02.473034 20340 incremental_pipeline.cc:623] => Image sees 107 / 201 points
I20261002 19:52:02.473079 20340 incremental_pipeline.cc:629] Registering image with structure-less fallback
I20261002 19:52:02.473124 20340 incremental_pipeline.cc:631] => Image sees 199 / 3488 correspondences
I20261002 19:52:02.473188 20340 incremental_pipeline.cc:646] => Could not register, trying another image.
I20261002 19:52:02.473233 20340 incremental_pipeline.cc:620] Registering image #90 (num_reg_frames=10)
I20261002 19:52:02.473278 20340 incremental_pipeline.cc:623] => Image sees 121 / 203 points
I20261002 19:52:02.473324 20340 incremental_pipeline.cc:629] Registering image with structure-less fallback
I20261002 19:52:02.473372 20340 incremental_pipeline.cc:631] => Image sees 191 / 2322 correspondences
I20261002 19:52:02.473433 20340 incremental_pipeline.cc:646] => Could not register, trying another image.
I20261002 19:52:02.473478 20340 incremental_pipeline.cc:620] Registering image #120 (num_reg_frames=10)
I20261002 19:52:02.473524 20340 incremental_pipeline.cc:623] => Image sees 104 / 170 points
I20261002 19:52:02.473569 20340 incremental_pipeline.cc:629] Registering image with structure-less fallback
I20261002 19:52:02.473615 20340 incremental_pipeline.cc:631] => Image sees 190 / 1390 correspondences
I20261002 19:52:02.473673 20340 incremental_pipeline.cc:646] => Could not register, trying another image.
I20261002 19:52:02.473718 20340 incremental_pipeline.cc:620] Registering image #113 (num_reg_frames=10)
I20261002 19:52:02.473763 20340 incremental_pipeline.cc:623] => Image sees 92 / 143 points
I20261002 19:52:02.473809 20340 incremental_pipeline.cc:629] Registering image with structure-less fallback
I20261002 19:52:02.473855 20340 incremental_pipeline.cc:631] => Image sees 188 / 1242 correspondences
I20261002 19:52:02.473910 20340 incremental_pipeline.cc:646] => Could not register, trying another image.
I20261002 19:52:02.473955 20340 incremental_pipeline.cc:620] Registering image #142 (num_reg_frames=10)
I20261002 19:52:02.474000 20340 incremental_pipeline.cc:623] => Image sees 62 / 150 points
I20261002 19:52:02.474045 20340 incremental_pipeline.cc:629] Registering image with structure-less fallback
I20261002 19:52:02.474091 20340 incremental_pipeline.cc:631] => Image sees 188 / 1018 correspondences
I20261002 19:52:02.474149 20340 incremental_pipeline.cc:646] => Could not register, trying another image.
I20261002 19:52:02.474195 20340 incremental_pipeline.cc:620] Registering image #115 (num_reg_frames=10)
I20261002 19:52:02.474240 20340 incremental_pipeline.cc:623] => Image sees 92 / 139 points
I20261002 19:52:02.474285 20340 incremental_pipeline.cc:629] Registering image with structure-less fallback
I20261002 19:52:02.474332 20340 incremental_pipeline.cc:631] => Image sees 175 / 1402 correspondences
I20261002 19:52:02.474390 20340 incremental_pipeline.cc:646] => Could not register, trying another image.
I20261002 19:52:02.474434 20340 incremental_pipeline.cc:620] Registering image #117 (num_reg_frames=10)
I20261002 19:52:02.474480 20340 incremental_pipeline.cc:623] => Image sees 94 / 153 points
I20261002 19:52:02.474533 20340 incremental_pipeline.cc:629] Registering image with structure-less fallback
I20261002 19:52:02.474579 20340 incremental_pipeline.cc:631] => Image sees 174 / 1378 correspondences
I20261002 19:52:02.474636 20340 incremental_pipeline.cc:646] => Could not register, trying another image.
I20261002 19:52:02.474717 20340 incremental_pipeline.cc:620] Registering image #135 (num_reg_frames=10)
I20261002 19:52:02.474783 20340 incremental_pipeline.cc:623] => Image sees 68 / 158 points
I20261002 19:52:02.474830 20340 incremental_pipeline.cc:629] Registering image with structure-less fallback
I20261002 19:52:02.474875 20340 incremental_pipeline.cc:631] => Image sees 165 / 1095 correspondences
I20261002 19:52:02.474932 20340 incremental_pipeline.cc:646] => Could not register, trying another image.
I20261002 19:52:02.474978 20340 incremental_pipeline.cc:620] Registering image #134 (num_reg_frames=10)
I20261002 19:52:02.475023 20340 incremental_pipeline.cc:623] => Image sees 82 / 165 points
I20261002 19:52:02.475069 20340 incremental_pipeline.cc:629] Registering image with structure-less fallback
I20261002 19:52:02.475115 20340 incremental_pipeline.cc:631] => Image sees 156 / 1224 correspondences
I20261002 19:52:02.475173 20340 incremental_pipeline.cc:646] => Could not register, trying another image.
I20261002 19:52:02.475218 20340 incremental_pipeline.cc:620] Registering image #83 (num_reg_frames=10)
I20261002 19:52:02.475264 20340 incremental_pipeline.cc:623] => Image sees 125 / 220 points
I20261002 19:52:02.475310 20340 incremental_pipeline.cc:629] Registering image with structure-less fallback
I20261002 19:52:02.475355 20340 incremental_pipeline.cc:631] => Image sees 156 / 2184 correspondences
I20261002 19:52:02.475416 20340 incremental_pipeline.cc:646] => Could not register, trying another image.
I20261002 19:52:02.475461 20340 incremental_pipeline.cc:620] Registering image #133 (num_reg_frames=10)
I20261002 19:52:02.475507 20340 incremental_pipeline.cc:623] => Image sees 81 / 162 points
I20261002 19:52:02.475553 20340 incremental_pipeline.cc:629] Registering image with structure-less fallback
I20261002 19:52:02.475612 20340 incremental_pipeline.cc:631] => Image sees 153 / 1289 correspondences
I20261002 19:52:02.475726 20340 incremental_pipeline.cc:646] => Could not register, trying another image.
I20261002 19:52:02.475789 20340 incremental_pipeline.cc:620] Registering image #91 (num_reg_frames=10)
I20261002 19:52:02.475837 20340 incremental_pipeline.cc:623] => Image sees 114 / 194 points
I20261002 19:52:02.475883 20340 incremental_pipeline.cc:629] Registering image with structure-less fallback
I20261002 19:52:02.475929 20340 incremental_pipeline.cc:631] => Image sees 140 / 2151 correspondences
I20261002 19:52:02.475990 20340 incremental_pipeline.cc:646] => Could not register, trying another image.
I20261002 19:52:02.476035 20340 incremental_pipeline.cc:620] Registering image #35 (num_reg_frames=10)
I20261002 19:52:02.476081 20340 incremental_pipeline.cc:623] => Image sees 110 / 226 points
I20261002 19:52:02.476126 20340 incremental_pipeline.cc:629] Registering image with structure-less fallback
I20261002 19:52:02.476172 20340 incremental_pipeline.cc:631] => Image sees 137 / 3697 correspondences
I20261002 19:52:02.476238 20340 incremental_pipeline.cc:646] => Could not register, trying another image.
I20261002 19:52:02.476284 20340 incremental_pipeline.cc:620] Registering image #78 (num_reg_frames=10)
I20261002 19:52:02.476329 20340 incremental_pipeline.cc:623] => Image sees 115 / 205 points
I20261002 19:52:02.476374 20340 incremental_pipeline.cc:629] Registering image with structure-less fallback
I20261002 19:52:02.476422 20340 incremental_pipeline.cc:631] => Image sees 134 / 2832 correspondences
I20261002 19:52:02.476483 20340 incremental_pipeline.cc:646] => Could not register, trying another image.
I20261002 19:52:02.476530 20340 incremental_pipeline.cc:620] Registering image #68 (num_reg_frames=10)
I20261002 19:52:02.476575 20340 incremental_pipeline.cc:623] => Image sees 108 / 206 points
I20261002 19:52:02.476629 20340 incremental_pipeline.cc:629] Registering image with structure-less fallback
I20261002 19:52:02.476675 20340 incremental_pipeline.cc:631] => Image sees 133 / 3246 correspondences
I20261002 19:52:02.476739 20340 incremental_pipeline.cc:646] => Could not register, trying another image.
I20261002 19:52:02.476785 20340 incremental_pipeline.cc:620] Registering image #84 (num_reg_frames=10)
I20261002 19:52:02.476830 20340 incremental_pipeline.cc:623] => Image sees 113 / 192 points
I20261002 19:52:02.476875 20340 incremental_pipeline.cc:629] Registering image with structure-less fallback
I20261002 19:52:02.476920 20340 incremental_pipeline.cc:631] => Image sees 131 / 2390 correspondences
I20261002 19:52:02.476979 20340 incremental_pipeline.cc:646] => Could not register, trying another image.
I20261002 19:52:02.477025 20340 incremental_pipeline.cc:620] Registering image #15 (num_reg_frames=10)
I20261002 19:52:02.477071 20340 incremental_pipeline.cc:623] => Image sees 111 / 231 points
I20261002 19:52:02.477116 20340 incremental_pipeline.cc:629] Registering image with structure-less fallback
I20261002 19:52:02.477161 20340 incremental_pipeline.cc:631] => Image sees 131 / 2805 correspondences
I20261002 19:52:02.477223 20340 incremental_pipeline.cc:646] => Could not register, trying another image.
I20261002 19:52:02.477269 20340 incremental_pipeline.cc:620] Registering image #37 (num_reg_frames=10)
I20261002 19:52:02.477314 20340 incremental_pipeline.cc:623] => Image sees 110 / 225 points
I20261002 19:52:02.477360 20340 incremental_pipeline.cc:629] Registering image with structure-less fallback
I20261002 19:52:02.477405 20340 incremental_pipeline.cc:631] => Image sees 131 / 3564 correspondences
I20261002 19:52:02.477469 20340 incremental_pipeline.cc:646] => Could not register, trying another image.
I20261002 19:52:02.477514 20340 incremental_pipeline.cc:620] Registering image #26 (num_reg_frames=10)
I20261002 19:52:02.477560 20340 incremental_pipeline.cc:623] => Image sees 112 / 218 points
I20261002 19:52:02.477606 20340 incremental_pipeline.cc:629] Registering image with structure-less fallback
I20261002 19:52:02.477650 20340 incremental_pipeline.cc:631] => Image sees 131 / 3270 correspondences
I20261002 19:52:02.477714 20340 incremental_pipeline.cc:646] => Could not register, trying another image.
I20261002 19:52:02.477759 20340 incremental_pipeline.cc:620] Registering image #17 (num_reg_frames=10)
I20261002 19:52:02.477804 20340 incremental_pipeline.cc:623] => Image sees 107 / 218 points
I20261002 19:52:02.477849 20340 incremental_pipeline.cc:629] Registering image with structure-less fallback
I20261002 19:52:02.477894 20340 incremental_pipeline.cc:631] => Image sees 128 / 2263 correspondences
I20261002 19:52:02.477954 20340 incremental_pipeline.cc:646] => Could not register, trying another image.
I20261002 19:52:02.477998 20340 incremental_pipeline.cc:620] Registering image #92 (num_reg_frames=10)
I20261002 19:52:02.478044 20340 incremental_pipeline.cc:623] => Image sees 109 / 192 points
I20261002 19:52:02.478089 20340 incremental_pipeline.cc:629] Registering image with structure-less fallback
I20261002 19:52:02.478134 20340 incremental_pipeline.cc:631] => Image sees 127 / 2083 correspondences
I20261002 19:52:02.478193 20340 incremental_pipeline.cc:646] => Could not register, trying another image.
I20261002 19:52:02.478238 20340 incremental_pipeline.cc:620] Registering image #32 (num_reg_frames=10)
I20261002 19:52:02.478285 20340 incremental_pipeline.cc:623] => Image sees 109 / 226 points
I20261002 19:52:02.478331 20340 incremental_pipeline.cc:629] Registering image with structure-less fallback
I20261002 19:52:02.478380 20340 incremental_pipeline.cc:631] => Image sees 127 / 9348 correspondences
I20261002 19:52:02.478467 20340 incremental_pipeline.cc:646] => Could not register, trying another image.
I20261002 19:52:02.478513 20340 incremental_pipeline.cc:620] Registering image #16 (num_reg_frames=10)
I20261002 19:52:02.478560 20340 incremental_pipeline.cc:623] => Image sees 108 / 217 points
I20261002 19:52:02.478605 20340 incremental_pipeline.cc:629] Registering image with structure-less fallback
I20261002 19:52:02.478658 20340 incremental_pipeline.cc:631] => Image sees 126 / 2228 correspondences
I20261002 19:52:02.478718 20340 incremental_pipeline.cc:646] => Could not register, trying another image.
I20261002 19:52:02.478763 20340 incremental_pipeline.cc:620] Registering image #85 (num_reg_frames=10)
I20261002 19:52:02.478810 20340 incremental_pipeline.cc:623] => Image sees 114 / 197 points
I20261002 19:52:02.478856 20340 incremental_pipeline.cc:629] Registering image with structure-less fallback
I20261002 19:52:02.478900 20340 incremental_pipeline.cc:631] => Image sees 125 / 2291 correspondences
I20261002 19:52:02.478961 20340 incremental_pipeline.cc:646] => Could not register, trying another image.
I20261002 19:52:02.479005 20340 incremental_pipeline.cc:620] Registering image #47 (num_reg_frames=10)
I20261002 19:52:02.479050 20340 incremental_pipeline.cc:623] => Image sees 109 / 206 points
I20261002 19:52:02.479094 20340 incremental_pipeline.cc:629] Registering image with structure-less fallback
I20261002 19:52:02.479138 20340 incremental_pipeline.cc:631] => Image sees 124 / 3226 correspondences
I20261002 19:52:02.479202 20340 incremental_pipeline.cc:646] => Could not register, trying another image.
I20261002 19:52:02.479247 20340 incremental_pipeline.cc:620] Registering image #81 (num_reg_frames=10)
I20261002 19:52:02.479294 20340 incremental_pipeline.cc:623] => Image sees 115 / 204 points
I20261002 19:52:02.479339 20340 incremental_pipeline.cc:629] Registering image with structure-less fallback
I20261002 19:52:02.479384 20340 incremental_pipeline.cc:631] => Image sees 124 / 2470 correspondences
I20261002 19:52:02.479444 20340 incremental_pipeline.cc:646] => Could not register, trying another image.
I20261002 19:52:02.479490 20340 incremental_pipeline.cc:620] Registering image #79 (num_reg_frames=10)
I20261002 19:52:02.479537 20340 incremental_pipeline.cc:623] => Image sees 113 / 200 points
I20261002 19:52:02.479581 20340 incremental_pipeline.cc:629] Registering image with structure-less fallback
I20261002 19:52:02.479627 20340 incremental_pipeline.cc:631] => Image sees 124 / 8182 correspondences
I20261002 19:52:02.479709 20340 incremental_pipeline.cc:646] => Could not register, trying another image.
I20261002 19:52:02.479755 20340 incremental_pipeline.cc:620] Registering image #80 (num_reg_frames=10)
I20261002 19:52:02.479803 20340 incremental_pipeline.cc:623] => Image sees 110 / 202 points
I20261002 19:52:02.479849 20340 incremental_pipeline.cc:629] Registering image with structure-less fallback
I20261002 19:52:02.479894 20340 incremental_pipeline.cc:631] => Image sees 124 / 2708 correspondences
I20261002 19:52:02.479956 20340 incremental_pipeline.cc:646] => Could not register, trying another image.
I20261002 19:52:02.480001 20340 incremental_pipeline.cc:620] Registering image #74 (num_reg_frames=10)
I20261002 19:52:02.480047 20340 incremental_pipeline.cc:623] => Image sees 108 / 207 points
I20261002 19:52:02.480093 20340 incremental_pipeline.cc:629] Registering image with structure-less fallback
I20261002 19:52:02.480138 20340 incremental_pipeline.cc:631] => Image sees 123 / 2441 correspondences
I20261002 19:52:02.480199 20340 incremental_pipeline.cc:646] => Could not register, trying another image.
I20261002 19:52:02.480245 20340 incremental_pipeline.cc:620] Registering image #49 (num_reg_frames=10)
I20261002 19:52:02.480290 20340 incremental_pipeline.cc:623] => Image sees 110 / 210 points
I20261002 19:52:02.480336 20340 incremental_pipeline.cc:629] Registering image with structure-less fallback
I20261002 19:52:02.480384 20340 incremental_pipeline.cc:631] => Image sees 123 / 3368 correspondences
I20261002 19:52:02.480448 20340 incremental_pipeline.cc:646] => Could not register, trying another image.
I20261002 19:52:02.480493 20340 incremental_pipeline.cc:620] Registering image #69 (num_reg_frames=10)
I20261002 19:52:02.480539 20340 incremental_pipeline.cc:623] => Image sees 104 / 212 points
I20261002 19:52:02.480585 20340 incremental_pipeline.cc:629] Registering image with structure-less fallback
I20261002 19:52:02.480638 20340 incremental_pipeline.cc:631] => Image sees 121 / 2938 correspondences
I20261002 19:52:02.480700 20340 incremental_pipeline.cc:646] => Could not register, trying another image.
I20261002 19:52:02.480746 20340 incremental_pipeline.cc:620] Registering image #40 (num_reg_frames=10)
I20261002 19:52:02.480792 20340 incremental_pipeline.cc:623] => Image sees 108 / 217 points
I20261002 19:52:02.480837 20340 incremental_pipeline.cc:629] Registering image with structure-less fallback
I20261002 19:52:02.480882 20340 incremental_pipeline.cc:631] => Image sees 120 / 9298 correspondences
I20261002 19:52:02.480968 20340 incremental_pipeline.cc:646] => Could not register, trying another image.
I20261002 19:52:02.481014 20340 incremental_pipeline.cc:620] Registering image #19 (num_reg_frames=10)
I20261002 19:52:02.481059 20340 incremental_pipeline.cc:623] => Image sees 105 / 219 points
I20261002 19:52:02.481104 20340 incremental_pipeline.cc:629] Registering image with structure-less fallback
I20261002 19:52:02.481150 20340 incremental_pipeline.cc:631] => Image sees 119 / 2307 correspondences
I20261002 19:52:02.481209 20340 incremental_pipeline.cc:646] => Could not register, trying another image.
I20261002 19:52:02.481254 20340 incremental_pipeline.cc:620] Registering image #72 (num_reg_frames=10)
I20261002 19:52:02.481300 20340 incremental_pipeline.cc:623] => Image sees 112 / 203 points
I20261002 19:52:02.481345 20340 incremental_pipeline.cc:629] Registering image with structure-less fallback
I20261002 19:52:02.481390 20340 incremental_pipeline.cc:631] => Image sees 119 / 8844 correspondences
I20261002 19:52:02.481474 20340 incremental_pipeline.cc:646] => Could not register, trying another image.
I20261002 19:52:02.481520 20340 incremental_pipeline.cc:620] Registering image #22 (num_reg_frames=10)
I20261002 19:52:02.481566 20340 incremental_pipeline.cc:623] => Image sees 101 / 211 points
I20261002 19:52:02.481611 20340 incremental_pipeline.cc:629] Registering image with structure-less fallback
I20261002 19:52:02.481666 20340 incremental_pipeline.cc:631] => Image sees 118 / 3253 correspondences
I20261002 19:52:02.481770 20340 incremental_pipeline.cc:646] => Could not register, trying another image.
I20261002 19:52:02.481860 20340 incremental_pipeline.cc:620] Registering image #70 (num_reg_frames=10)
I20261002 19:52:02.481925 20340 incremental_pipeline.cc:623] => Image sees 107 / 217 points
I20261002 19:52:02.481977 20340 incremental_pipeline.cc:629] Registering image with structure-less fallback
I20261002 19:52:02.482024 20340 incremental_pipeline.cc:631] => Image sees 117 / 2789 correspondences
I20261002 19:52:02.482090 20340 incremental_pipeline.cc:646] => Could not register, trying another image.
I20261002 19:52:02.482137 20340 incremental_pipeline.cc:620] Registering image #123 (num_reg_frames=10)
I20261002 19:52:02.482183 20340 incremental_pipeline.cc:623] => Image sees 105 / 182 points
I20261002 19:52:02.482232 20340 incremental_pipeline.cc:629] Registering image with structure-less fallback
I20261002 19:52:02.482280 20340 incremental_pipeline.cc:631] => Image sees 117 / 1691 correspondences
I20261002 19:52:02.482340 20340 incremental_pipeline.cc:646] => Could not register, trying another image.
I20261002 19:52:02.482386 20340 incremental_pipeline.cc:620] Registering image #64 (num_reg_frames=10)
I20261002 19:52:02.482433 20340 incremental_pipeline.cc:623] => Image sees 102 / 211 points
I20261002 19:52:02.482480 20340 incremental_pipeline.cc:629] Registering image with structure-less fallback
I20261002 19:52:02.482526 20340 incremental_pipeline.cc:631] => Image sees 115 / 3370 correspondences
I20261002 19:52:02.482591 20340 incremental_pipeline.cc:646] => Could not register, trying another image.
I20261002 19:52:02.482638 20340 incremental_pipeline.cc:620] Registering image #122 (num_reg_frames=10)
I20261002 19:52:02.482685 20340 incremental_pipeline.cc:623] => Image sees 104 / 165 points
I20261002 19:52:02.482732 20340 incremental_pipeline.cc:629] Registering image with structure-less fallback
I20261002 19:52:02.482787 20340 incremental_pipeline.cc:631] => Image sees 114 / 1421 correspondences
I20261002 19:52:02.482845 20340 incremental_pipeline.cc:646] => Could not register, trying another image.
I20261002 19:52:02.482890 20340 incremental_pipeline.cc:620] Registering image #71 (num_reg_frames=10)
I20261002 19:52:02.482937 20340 incremental_pipeline.cc:623] => Image sees 96 / 212 points
I20261002 19:52:02.482983 20340 incremental_pipeline.cc:629] Registering image with structure-less fallback
I20261002 19:52:02.483031 20340 incremental_pipeline.cc:631] => Image sees 106 / 3057 correspondences
I20261002 19:52:02.483095 20340 incremental_pipeline.cc:646] => Could not register, trying another image.
I20261002 19:52:02.483142 20340 incremental_pipeline.cc:620] Registering image #53 (num_reg_frames=10)
I20261002 19:52:02.483190 20340 incremental_pipeline.cc:623] => Image sees 95 / 216 points
I20261002 19:52:02.483236 20340 incremental_pipeline.cc:629] Registering image with structure-less fallback
I20261002 19:52:02.483283 20340 incremental_pipeline.cc:631] => Image sees 98 / 3119 correspondences
I20261002 19:52:02.483345 20340 incremental_pipeline.cc:646] => Could not register, trying another image.
I20261002 19:52:02.483390 20340 incremental_pipeline.cc:620] Registering image #58 (num_reg_frames=10)
I20261002 19:52:02.483435 20340 incremental_pipeline.cc:623] => Image sees 93 / 224 points
I20261002 19:52:02.483481 20340 incremental_pipeline.cc:629] Registering image with structure-less fallback
I20261002 19:52:02.483528 20340 incremental_pipeline.cc:631] => Image sees 96 / 3466 correspondences
I20261002 19:52:02.483593 20340 incremental_pipeline.cc:646] => Could not register, trying another image.
I20261002 19:52:02.483638 20340 incremental_pipeline.cc:620] Registering image #75 (num_reg_frames=10)
I20261002 19:52:02.483685 20340 incremental_pipeline.cc:623] => Image sees 85 / 211 points
I20261002 19:52:02.483733 20340 incremental_pipeline.cc:629] Registering image with structure-less fallback
I20261002 19:52:02.483778 20340 incremental_pipeline.cc:631] => Image sees 95 / 2702 correspondences
I20261002 19:52:02.483840 20340 incremental_pipeline.cc:646] => Could not register, trying another image.
I20261002 19:52:02.483886 20340 incremental_pipeline.cc:620] Registering image #44 (num_reg_frames=10)
I20261002 19:52:02.483931 20340 incremental_pipeline.cc:623] => Image sees 93 / 212 points
I20261002 19:52:02.483976 20340 incremental_pipeline.cc:629] Registering image with structure-less fallback
I20261002 19:52:02.484021 20340 incremental_pipeline.cc:631] => Image sees 93 / 3890 correspondences
I20261002 19:52:02.484087 20340 incremental_pipeline.cc:646] => Could not register, trying another image.
I20261002 19:52:02.484132 20340 incremental_pipeline.cc:620] Registering image #42 (num_reg_frames=10)
I20261002 19:52:02.484177 20340 incremental_pipeline.cc:623] => Image sees 81 / 224 points
I20261002 19:52:02.484222 20340 incremental_pipeline.cc:629] Registering image with structure-less fallback
I20261002 19:52:02.484270 20340 incremental_pipeline.cc:631] => Image sees 89 / 3335 correspondences
I20261002 19:52:02.484332 20340 incremental_pipeline.cc:646] => Could not register, trying another image.
I20261002 19:52:02.484376 20340 incremental_pipeline.cc:620] Registering image #60 (num_reg_frames=10)
I20261002 19:52:02.484421 20340 incremental_pipeline.cc:623] => Image sees 89 / 209 points
I20261002 19:52:02.484471 20340 incremental_pipeline.cc:629] Registering image with structure-less fallback
I20261002 19:52:02.484515 20340 incremental_pipeline.cc:631] => Image sees 89 / 3615 correspondences
I20261002 19:52:02.484579 20340 incremental_pipeline.cc:646] => Could not register, trying another image.
I20261002 19:52:02.484625 20340 incremental_pipeline.cc:620] Registering image #43 (num_reg_frames=10)
I20261002 19:52:02.484670 20340 incremental_pipeline.cc:623] => Image sees 88 / 208 points
I20261002 19:52:02.484715 20340 incremental_pipeline.cc:629] Registering image with structure-less fallback
I20261002 19:52:02.484767 20340 incremental_pipeline.cc:631] => Image sees 88 / 2888 correspondences
I20261002 19:52:02.484830 20340 incremental_pipeline.cc:646] => Could not register, trying another image.
I20261002 19:52:02.484875 20340 incremental_pipeline.cc:620] Registering image #109 (num_reg_frames=10)
I20261002 19:52:02.484922 20340 incremental_pipeline.cc:623] => Image sees 80 / 133 points
I20261002 19:52:02.484969 20340 incremental_pipeline.cc:629] Registering image with structure-less fallback
I20261002 19:52:02.485013 20340 incremental_pipeline.cc:631] => Image sees 85 / 1248 correspondences
I20261002 19:52:02.485067 20340 incremental_pipeline.cc:646] => Could not register, trying another image.
I20261002 19:52:02.485113 20340 incremental_pipeline.cc:620] Registering image #1 (num_reg_frames=10)
I20261002 19:52:02.485158 20340 incremental_pipeline.cc:623] => Image sees 71 / 185 points
I20261002 19:52:02.485205 20340 incremental_pipeline.cc:629] Registering image with structure-less fallback
I20261002 19:52:02.485252 20340 incremental_pipeline.cc:631] => Image sees 76 / 1170 correspondences
I20261002 19:52:02.485308 20340 incremental_pipeline.cc:646] => Could not register, trying another image.
I20261002 19:52:02.485352 20340 incremental_pipeline.cc:620] Registering image #5 (num_reg_frames=10)
I20261002 19:52:02.485399 20340 incremental_pipeline.cc:623] => Image sees 74 / 198 points
I20261002 19:52:02.485446 20340 incremental_pipeline.cc:629] Registering image with structure-less fallback
I20261002 19:52:02.485491 20340 incremental_pipeline.cc:631] => Image sees 76 / 1402 correspondences
I20261002 19:52:02.485546 20340 incremental_pipeline.cc:646] => Could not register, trying another image.
I20261002 19:52:02.485593 20340 incremental_pipeline.cc:620] Registering image #139 (num_reg_frames=10)
I20261002 19:52:02.485638 20340 incremental_pipeline.cc:623] => Image sees 61 / 139 points
I20261002 19:52:02.485683 20340 incremental_pipeline.cc:629] Registering image with structure-less fallback
I20261002 19:52:02.485729 20340 incremental_pipeline.cc:631] => Image sees 69 / 811 correspondences
I20261002 19:52:02.485784 20340 incremental_pipeline.cc:646] => Could not register, trying another image.
I20261002 19:52:02.485830 20340 incremental_pipeline.cc:620] Registering image #2 (num_reg_frames=10)
I20261002 19:52:02.485876 20340 incremental_pipeline.cc:623] => Image sees 63 / 197 points
I20261002 19:52:02.485925 20340 incremental_pipeline.cc:629] Registering image with structure-less fallback
I20261002 19:52:02.485969 20340 incremental_pipeline.cc:631] => Image sees 69 / 6831 correspondences
I20261002 19:52:02.486045 20340 incremental_pipeline.cc:646] => Could not register, trying another image.
I20261002 19:52:02.486090 20340 incremental_pipeline.cc:620] Registering image #140 (num_reg_frames=10)
I20261002 19:52:02.486136 20340 incremental_pipeline.cc:623] => Image sees 60 / 157 points
I20261002 19:52:02.486181 20340 incremental_pipeline.cc:629] Registering image with structure-less fallback
I20261002 19:52:02.486225 20340 incremental_pipeline.cc:631] => Image sees 67 / 974 correspondences
I20261002 19:52:02.486280 20340 incremental_pipeline.cc:646] => Could not register, trying another image.
I20261002 19:52:02.486325 20340 incremental_pipeline.cc:620] Registering image #143 (num_reg_frames=10)
I20261002 19:52:02.486370 20340 incremental_pipeline.cc:623] => Image sees 54 / 133 points
I20261002 19:52:02.486419 20340 incremental_pipeline.cc:629] Registering image with structure-less fallback
I20261002 19:52:02.486464 20340 incremental_pipeline.cc:631] => Image sees 57 / 719 correspondences
I20261002 19:52:02.486512 20340 incremental_pipeline.cc:646] => Could not register, trying another image.
I20261002 19:52:02.486558 20340 incremental_pipeline.cc:620] Registering image #146 (num_reg_frames=10)
I20261002 19:52:02.486603 20340 incremental_pipeline.cc:623] => Image sees 46 / 111 points
I20261002 19:52:02.486648 20340 incremental_pipeline.cc:629] Registering image with structure-less fallback
I20261002 19:52:02.486700 20340 incremental_pipeline.cc:631] => Image sees 52 / 533 correspondences
I20261002 19:52:02.486748 20340 incremental_pipeline.cc:646] => Could not register, trying another image.
I20261002 19:52:02.486795 20340 incremental_pipeline.cc:620] Registering image #141 (num_reg_frames=10)
I20261002 19:52:02.486840 20340 incremental_pipeline.cc:623] => Image sees 45 / 141 points
I20261002 19:52:02.486886 20340 incremental_pipeline.cc:629] Registering image with structure-less fallback
I20261002 19:52:02.486931 20340 incremental_pipeline.cc:631] => Image sees 49 / 744 correspondences
I20261002 19:52:02.486978 20340 incremental_pipeline.cc:646] => Could not register, trying another image.
I20261002 19:52:02.487022 20340 incremental_pipeline.cc:620] Registering image #147 (num_reg_frames=10)
I20261002 19:52:02.487069 20340 incremental_pipeline.cc:623] => Image sees 43 / 130 points
I20261002 19:52:02.487114 20340 incremental_pipeline.cc:629] Registering image with structure-less fallback
I20261002 19:52:02.487158 20340 incremental_pipeline.cc:631] => Image sees 48 / 465 correspondences
I20261002 19:52:02.487205 20340 incremental_pipeline.cc:646] => Could not register, trying another image.
I20261002 19:52:02.487249 20340 incremental_pipeline.cc:620] Registering image #145 (num_reg_frames=10)
I20261002 19:52:02.487296 20340 incremental_pipeline.cc:623] => Image sees 44 / 116 points
I20261002 19:52:02.487342 20340 incremental_pipeline.cc:629] Registering image with structure-less fallback
I20261002 19:52:02.487388 20340 incremental_pipeline.cc:631] => Image sees 48 / 518 correspondences
I20261002 19:52:02.487434 20340 incremental_pipeline.cc:646] => Could not register, trying another image.
I20261002 19:52:02.487521 20340 incremental_pipeline.cc:826] Keeping successful reconstruction
I20261002 19:52:02.489416 20340 incremental_pipeline.cc:465] Finding good initial image pair
I20261002 19:52:02.626152 20340 incremental_pipeline.cc:492] Registering initial image pair #124 and #134
I20261002 19:52:02.626793 20340 incremental_pipeline.cc:510] Global bundle adjustment
I20261002 19:52:02.635513 20340 incremental_pipeline.cc:620] Registering image #133 (num_reg_frames=2)
I20261002 19:52:02.635626 20340 incremental_pipeline.cc:623] => Image sees 78 / 162 points
I20261002 19:52:02.637318 20340 incremental_pipeline.cc:88] Retriangulation and Global bundle adjustment
I20261002 19:52:02.640914 20340 incremental_pipeline.cc:620] Registering image #129 (num_reg_frames=3)
I20261002 19:52:02.641019 20340 incremental_pipeline.cc:623] => Image sees 77 / 183 points
I20261002 19:52:02.643940 20340 incremental_pipeline.cc:620] Registering image #128 (num_reg_frames=4)
I20261002 19:52:02.644039 20340 incremental_pipeline.cc:623] => Image sees 77 / 195 points
I20261002 19:52:02.647700 20340 incremental_pipeline.cc:88] Retriangulation and Global bundle adjustment
I20261002 19:52:02.717133 20340 incremental_pipeline.cc:620] Registering image #127 (num_reg_frames=5)
I20261002 19:52:02.717297 20340 incremental_pipeline.cc:623] => Image sees 122 / 177 points
I20261002 19:52:02.723883 20340 incremental_pipeline.cc:620] Registering image #126 (num_reg_frames=6)
I20261002 19:52:02.723991 20340 incremental_pipeline.cc:623] => Image sees 128 / 177 points
I20261002 19:52:02.729134 20340 incremental_pipeline.cc:88] Retriangulation and Global bundle adjustment
W20261002 19:52:02.772555 20340 bundle_adjustment_ceres.cc:391] Failed to fix Gauge with two cameras. Falling back to fixing Gauge with three points.
W20261002 19:52:02.772734 20340 bundle_adjustment_ceres.cc:298] Failed to fix Gauge due to insufficient number of fixed points: 0
I20261002 19:52:02.774167 20340 incremental_pipeline.cc:88] Retriangulation and Global bundle adjustment
W20261002 19:52:02.777671 20340 bundle_adjustment_ceres.cc:391] Failed to fix Gauge with two cameras. Falling back to fixing Gauge with three points.
W20261002 19:52:02.777768 20340 bundle_adjustment_ceres.cc:298] Failed to fix Gauge due to insufficient number of fixed points: 0
W20261002 19:52:02.777855 20340 incremental_pipeline.cc:821] Discarding reconstruction due to insufficient size
I20261002 19:52:02.779541 20340 incremental_pipeline.cc:465] Finding good initial image pair
I20261002 19:52:02.785319 20340 incremental_pipeline.cc:492] Registering initial image pair #112 and #147
I20261002 19:52:02.785686 20340 incremental_pipeline.cc:510] Global bundle adjustment
I20261002 19:52:02.789752 20340 incremental_pipeline.cc:620] Registering image #120 (num_reg_frames=2)
I20261002 19:52:02.789851 20340 incremental_pipeline.cc:623] => Image sees 43 / 170 points
I20261002 19:52:02.791119 20340 incremental_pipeline.cc:88] Retriangulation and Global bundle adjustment
I20261002 19:52:02.795162 20340 incremental_pipeline.cc:620] Registering image #122 (num_reg_frames=3)
I20261002 19:52:02.795272 20340 incremental_pipeline.cc:623] => Image sees 43 / 165 points
I20261002 19:52:02.798209 20340 incremental_pipeline.cc:620] Registering image #116 (num_reg_frames=4)
I20261002 19:52:02.798336 20340 incremental_pipeline.cc:623] => Image sees 44 / 155 points
I20261002 19:52:02.799935 20340 incremental_pipeline.cc:88] Retriangulation and Global bundle adjustment
I20261002 19:52:02.809095 20340 incremental_pipeline.cc:620] Registering image #125 (num_reg_frames=5)
I20261002 19:52:02.809224 20340 incremental_pipeline.cc:623] => Image sees 41 / 195 points
I20261002 19:52:02.812205 20340 incremental_pipeline.cc:620] Registering image #132 (num_reg_frames=6)
I20261002 19:52:02.812318 20340 incremental_pipeline.cc:623] => Image sees 41 / 208 points
I20261002 19:52:02.813853 20340 incremental_pipeline.cc:88] Retriangulation and Global bundle adjustment
I20261002 19:52:02.829537 20340 incremental_pipeline.cc:620] Registering image #119 (num_reg_frames=7)
I20261002 19:52:02.829643 20340 incremental_pipeline.cc:623] => Image sees 42 / 183 points
I20261002 19:52:02.836609 20340 incremental_pipeline.cc:88] Retriangulation and Global bundle adjustment
I20261002 19:52:02.879269 20340 incremental_pipeline.cc:620] Registering image #121 (num_reg_frames=8)
I20261002 19:52:02.879418 20340 incremental_pipeline.cc:623] => Image sees 126 / 182 points
I20261002 19:52:02.879541 20340 incremental_pipeline.cc:646] => Could not register, trying another image.
I20261002 19:52:02.879652 20340 incremental_pipeline.cc:620] Registering image #118 (num_reg_frames=8)
I20261002 19:52:02.879744 20340 incremental_pipeline.cc:623] => Image sees 119 / 174 points
I20261002 19:52:02.879831 20340 incremental_pipeline.cc:646] => Could not register, trying another image.
I20261002 19:52:02.879892 20340 incremental_pipeline.cc:620] Registering image #123 (num_reg_frames=8)
I20261002 19:52:02.879946 20340 incremental_pipeline.cc:623] => Image sees 108 / 182 points
I20261002 19:52:02.880019 20340 incremental_pipeline.cc:646] => Could not register, trying another image.
I20261002 19:52:02.880073 20340 incremental_pipeline.cc:620] Registering image #126 (num_reg_frames=8)
I20261002 19:52:02.880127 20340 incremental_pipeline.cc:623] => Image sees 99 / 177 points
I20261002 19:52:02.880194 20340 incremental_pipeline.cc:646] => Could not register, trying another image.
I20261002 19:52:02.880246 20340 incremental_pipeline.cc:620] Registering image #130 (num_reg_frames=8)
I20261002 19:52:02.880299 20340 incremental_pipeline.cc:623] => Image sees 100 / 209 points
I20261002 19:52:02.880397 20340 incremental_pipeline.cc:646] => Could not register, trying another image.
I20261002 19:52:02.880453 20340 incremental_pipeline.cc:620] Registering image #100 (num_reg_frames=8)
I20261002 19:52:02.880507 20340 incremental_pipeline.cc:623] => Image sees 99 / 201 points
I20261002 19:52:02.880593 20340 incremental_pipeline.cc:646] => Could not register, trying another image.
I20261002 19:52:02.880646 20340 incremental_pipeline.cc:620] Registering image #127 (num_reg_frames=8)
I20261002 19:52:02.880700 20340 incremental_pipeline.cc:623] => Image sees 99 / 177 points
I20261002 19:52:02.880769 20340 incremental_pipeline.cc:646] => Could not register, trying another image.
I20261002 19:52:02.880840 20340 incremental_pipeline.cc:620] Registering image #89 (num_reg_frames=8)
I20261002 19:52:02.880894 20340 incremental_pipeline.cc:623] => Image sees 95 / 206 points
I20261002 19:52:02.880963 20340 incremental_pipeline.cc:646] => Could not register, trying another image.
I20261002 19:52:02.881016 20340 incremental_pipeline.cc:620] Registering image #117 (num_reg_frames=8)
I20261002 19:52:02.881069 20340 incremental_pipeline.cc:623] => Image sees 102 / 153 points
I20261002 19:52:02.881135 20340 incremental_pipeline.cc:646] => Could not register, trying another image.
I20261002 19:52:02.881188 20340 incremental_pipeline.cc:620] Registering image #129 (num_reg_frames=8)
I20261002 19:52:02.881241 20340 incremental_pipeline.cc:623] => Image sees 93 / 183 points
I20261002 19:52:02.881308 20340 incremental_pipeline.cc:646] => Could not register, trying another image.
I20261002 19:52:02.881360 20340 incremental_pipeline.cc:620] Registering image #124 (num_reg_frames=8)
I20261002 19:52:02.881413 20340 incremental_pipeline.cc:623] => Image sees 93 / 173 points
I20261002 19:52:02.881480 20340 incremental_pipeline.cc:646] => Could not register, trying another image.
I20261002 19:52:02.881533 20340 incremental_pipeline.cc:620] Registering image #115 (num_reg_frames=8)
I20261002 19:52:02.881586 20340 incremental_pipeline.cc:623] => Image sees 95 / 139 points
I20261002 19:52:02.881653 20340 incremental_pipeline.cc:646] => Could not register, trying another image.
I20261002 19:52:02.881706 20340 incremental_pipeline.cc:620] Registering image #131 (num_reg_frames=8)
I20261002 19:52:02.881758 20340 incremental_pipeline.cc:623] => Image sees 94 / 200 points
I20261002 19:52:02.881883 20340 incremental_pipeline.cc:646] => Could not register, trying another image.
I20261002 19:52:02.882064 20340 incremental_pipeline.cc:620] Registering image #90 (num_reg_frames=8)
I20261002 19:52:02.882153 20340 incremental_pipeline.cc:623] => Image sees 85 / 203 points
I20261002 19:52:02.882278 20340 incremental_pipeline.cc:646] => Could not register, trying another image.
I20261002 19:52:02.882441 20340 incremental_pipeline.cc:620] Registering image #85 (num_reg_frames=8)
I20261002 19:52:02.882516 20340 incremental_pipeline.cc:623] => Image sees 86 / 197 points
I20261002 19:52:02.882588 20340 incremental_pipeline.cc:646] => Could not register, trying another image.
I20261002 19:52:02.882638 20340 incremental_pipeline.cc:620] Registering image #128 (num_reg_frames=8)
I20261002 19:52:02.882687 20340 incremental_pipeline.cc:623] => Image sees 87 / 195 points
I20261002 19:52:02.882750 20340 incremental_pipeline.cc:646] => Could not register, trying another image.
I20261002 19:52:02.882797 20340 incremental_pipeline.cc:620] Registering image #58 (num_reg_frames=8)
I20261002 19:52:02.882845 20340 incremental_pipeline.cc:623] => Image sees 78 / 224 points
I20261002 19:52:02.882914 20340 incremental_pipeline.cc:646] => Could not register, trying another image.
I20261002 19:52:02.882962 20340 incremental_pipeline.cc:620] Registering image #106 (num_reg_frames=8)
I20261002 19:52:02.883010 20340 incremental_pipeline.cc:623] => Image sees 86 / 164 points
I20261002 19:52:02.883069 20340 incremental_pipeline.cc:646] => Could not register, trying another image.
I20261002 19:52:02.883115 20340 incremental_pipeline.cc:620] Registering image #57 (num_reg_frames=8)
I20261002 19:52:02.883167 20340 incremental_pipeline.cc:623] => Image sees 77 / 229 points
I20261002 19:52:02.883233 20340 incremental_pipeline.cc:646] => Could not register, trying another image.
I20261002 19:52:02.883290 20340 incremental_pipeline.cc:620] Registering image #103 (num_reg_frames=8)
I20261002 19:52:02.883340 20340 incremental_pipeline.cc:623] => Image sees 83 / 176 points
I20261002 19:52:02.883399 20340 incremental_pipeline.cc:646] => Could not register, trying another image.
I20261002 19:52:02.883447 20340 incremental_pipeline.cc:620] Registering image #56 (num_reg_frames=8)
I20261002 19:52:02.883495 20340 incremental_pipeline.cc:623] => Image sees 75 / 221 points
I20261002 19:52:02.883581 20340 incremental_pipeline.cc:646] => Could not register, trying another image.
I20261002 19:52:02.883645 20340 incremental_pipeline.cc:620] Registering image #93 (num_reg_frames=8)
I20261002 19:52:02.883693 20340 incremental_pipeline.cc:623] => Image sees 73 / 210 points
I20261002 19:52:02.883777 20340 incremental_pipeline.cc:646] => Could not register, trying another image.
I20261002 19:52:02.883825 20340 incremental_pipeline.cc:620] Registering image #114 (num_reg_frames=8)
I20261002 19:52:02.883871 20340 incremental_pipeline.cc:623] => Image sees 82 / 151 points
I20261002 19:52:02.883931 20340 incremental_pipeline.cc:646] => Could not register, trying another image.
I20261002 19:52:02.883979 20340 incremental_pipeline.cc:620] Registering image #113 (num_reg_frames=8)
I20261002 19:52:02.884027 20340 incremental_pipeline.cc:623] => Image sees 80 / 143 points
I20261002 19:52:02.884086 20340 incremental_pipeline.cc:646] => Could not register, trying another image.
I20261002 19:52:02.884134 20340 incremental_pipeline.cc:620] Registering image #110 (num_reg_frames=8)
I20261002 19:52:02.884197 20340 incremental_pipeline.cc:623] => Image sees 76 / 146 points
I20261002 19:52:02.884280 20340 incremental_pipeline.cc:646] => Could not register, trying another image.
I20261002 19:52:02.884330 20340 incremental_pipeline.cc:620] Registering image #137 (num_reg_frames=8)
I20261002 19:52:02.884376 20340 incremental_pipeline.cc:623] => Image sees 72 / 145 points
I20261002 19:52:02.884435 20340 incremental_pipeline.cc:646] => Could not register, trying another image.
I20261002 19:52:02.884481 20340 incremental_pipeline.cc:620] Registering image #86 (num_reg_frames=8)
I20261002 19:52:02.884529 20340 incremental_pipeline.cc:623] => Image sees 71 / 198 points
I20261002 19:52:02.884591 20340 incremental_pipeline.cc:646] => Could not register, trying another image.
I20261002 19:52:02.884639 20340 incremental_pipeline.cc:620] Registering image #105 (num_reg_frames=8)
I20261002 19:52:02.884687 20340 incremental_pipeline.cc:623] => Image sees 74 / 161 points
I20261002 19:52:02.884747 20340 incremental_pipeline.cc:646] => Could not register, trying another image.
I20261002 19:52:02.884795 20340 incremental_pipeline.cc:620] Registering image #98 (num_reg_frames=8)
I20261002 19:52:02.884842 20340 incremental_pipeline.cc:623] => Image sees 72 / 202 points
I20261002 19:52:02.884902 20340 incremental_pipeline.cc:646] => Could not register, trying another image.
I20261002 19:52:02.884947 20340 incremental_pipeline.cc:620] Registering image #59 (num_reg_frames=8)
I20261002 19:52:02.884995 20340 incremental_pipeline.cc:623] => Image sees 65 / 205 points
I20261002 19:52:02.885061 20340 incremental_pipeline.cc:646] => Could not register, trying another image.
I20261002 19:52:02.885107 20340 incremental_pipeline.cc:620] Registering image #107 (num_reg_frames=8)
I20261002 19:52:02.885153 20340 incremental_pipeline.cc:623] => Image sees 73 / 146 points
I20261002 19:52:02.885212 20340 incremental_pipeline.cc:646] => Could not register, trying another image.
I20261002 19:52:02.885267 20340 incremental_pipeline.cc:620] Registering image #121 (num_reg_frames=8)
I20261002 19:52:02.885316 20340 incremental_pipeline.cc:623] => Image sees 126 / 182 points
I20261002 19:52:02.885364 20340 incremental_pipeline.cc:629] Registering image with structure-less fallback
I20261002 19:52:02.885443 20340 incremental_pipeline.cc:631] => Image sees 858 / 5092 correspondences
I20261002 19:52:02.885526 20340 incremental_pipeline.cc:646] => Could not register, trying another image.
I20261002 19:52:02.885573 20340 incremental_pipeline.cc:620] Registering image #130 (num_reg_frames=8)
I20261002 19:52:02.885625 20340 incremental_pipeline.cc:623] => Image sees 100 / 209 points
I20261002 19:52:02.885672 20340 incremental_pipeline.cc:629] Registering image with structure-less fallback
I20261002 19:52:02.885719 20340 incremental_pipeline.cc:631] => Image sees 837 / 5240 correspondences
I20261002 19:52:02.885804 20340 incremental_pipeline.cc:646] => Could not register, trying another image.
I20261002 19:52:02.885863 20340 incremental_pipeline.cc:620] Registering image #110 (num_reg_frames=8)
I20261002 19:52:02.885911 20340 incremental_pipeline.cc:623] => Image sees 76 / 146 points
I20261002 19:52:02.885958 20340 incremental_pipeline.cc:629] Registering image with structure-less fallback
I20261002 19:52:02.886005 20340 incremental_pipeline.cc:631] => Image sees 565 / 4159 correspondences
I20261002 19:52:02.886077 20340 incremental_pipeline.cc:646] => Could not register, trying another image.
I20261002 19:52:02.886124 20340 incremental_pipeline.cc:620] Registering image #118 (num_reg_frames=8)
I20261002 19:52:02.886172 20340 incremental_pipeline.cc:623] => Image sees 119 / 174 points
I20261002 19:52:02.886218 20340 incremental_pipeline.cc:629] Registering image with structure-less fallback
I20261002 19:52:02.886266 20340 incremental_pipeline.cc:631] => Image sees 487 / 1710 correspondences
I20261002 19:52:02.886328 20340 incremental_pipeline.cc:646] => Could not register, trying another image.
I20261002 19:52:02.886375 20340 incremental_pipeline.cc:620] Registering image #123 (num_reg_frames=8)
I20261002 19:52:02.886422 20340 incremental_pipeline.cc:623] => Image sees 108 / 182 points
I20261002 19:52:02.886469 20340 incremental_pipeline.cc:629] Registering image with structure-less fallback
I20261002 19:52:02.886517 20340 incremental_pipeline.cc:631] => Image sees 472 / 1691 correspondences
I20261002 19:52:02.886580 20340 incremental_pipeline.cc:646] => Could not register, trying another image.
I20261002 19:52:02.886627 20340 incremental_pipeline.cc:620] Registering image #138 (num_reg_frames=8)
I20261002 19:52:02.886673 20340 incremental_pipeline.cc:623] => Image sees 62 / 140 points
I20261002 19:52:02.886718 20340 incremental_pipeline.cc:629] Registering image with structure-less fallback
I20261002 19:52:02.886765 20340 incremental_pipeline.cc:631] => Image sees 461 / 2645 correspondences
I20261002 19:52:02.886832 20340 incremental_pipeline.cc:646] => Could not register, trying another image.
I20261002 19:52:02.886879 20340 incremental_pipeline.cc:620] Registering image #115 (num_reg_frames=8)
I20261002 19:52:02.886926 20340 incremental_pipeline.cc:623] => Image sees 95 / 139 points
I20261002 19:52:02.886973 20340 incremental_pipeline.cc:629] Registering image with structure-less fallback
I20261002 19:52:02.887021 20340 incremental_pipeline.cc:631] => Image sees 401 / 1402 correspondences
I20261002 19:52:02.887081 20340 incremental_pipeline.cc:646] => Could not register, trying another image.
I20261002 19:52:02.887127 20340 incremental_pipeline.cc:620] Registering image #117 (num_reg_frames=8)
I20261002 19:52:02.887173 20340 incremental_pipeline.cc:623] => Image sees 102 / 153 points
I20261002 19:52:02.887219 20340 incremental_pipeline.cc:629] Registering image with structure-less fallback
I20261002 19:52:02.887267 20340 incremental_pipeline.cc:631] => Image sees 332 / 1378 correspondences
I20261002 19:52:02.887326 20340 incremental_pipeline.cc:646] => Could not register, trying another image.
I20261002 19:52:02.887374 20340 incremental_pipeline.cc:620] Registering image #100 (num_reg_frames=8)
I20261002 19:52:02.887420 20340 incremental_pipeline.cc:623] => Image sees 99 / 201 points
I20261002 19:52:02.887474 20340 incremental_pipeline.cc:629] Registering image with structure-less fallback
I20261002 19:52:02.887522 20340 incremental_pipeline.cc:631] => Image sees 298 / 6464 correspondences
I20261002 19:52:02.887603 20340 incremental_pipeline.cc:646] => Could not register, trying another image.
I20261002 19:52:02.887650 20340 incremental_pipeline.cc:620] Registering image #131 (num_reg_frames=8)
I20261002 19:52:02.887698 20340 incremental_pipeline.cc:623] => Image sees 94 / 200 points
I20261002 19:52:02.887749 20340 incremental_pipeline.cc:629] Registering image with structure-less fallback
I20261002 19:52:02.887794 20340 incremental_pipeline.cc:631] => Image sees 248 / 1553 correspondences
I20261002 19:52:02.887855 20340 incremental_pipeline.cc:646] => Could not register, trying another image.
I20261002 19:52:02.887910 20340 incremental_pipeline.cc:620] Registering image #127 (num_reg_frames=8)
I20261002 19:52:02.887957 20340 incremental_pipeline.cc:623] => Image sees 99 / 177 points
I20261002 19:52:02.888004 20340 incremental_pipeline.cc:629] Registering image with structure-less fallback
I20261002 19:52:02.888051 20340 incremental_pipeline.cc:631] => Image sees 248 / 1712 correspondences
I20261002 19:52:02.888113 20340 incremental_pipeline.cc:646] => Could not register, trying another image.
I20261002 19:52:02.888163 20340 incremental_pipeline.cc:620] Registering image #129 (num_reg_frames=8)
I20261002 19:52:02.888236 20340 incremental_pipeline.cc:623] => Image sees 93 / 183 points
I20261002 19:52:02.888432 20340 incremental_pipeline.cc:629] Registering image with structure-less fallback
I20261002 19:52:02.888528 20340 incremental_pipeline.cc:631] => Image sees 244 / 1670 correspondences
I20261002 19:52:02.888599 20340 incremental_pipeline.cc:646] => Could not register, trying another image.
I20261002 19:52:02.888743 20340 incremental_pipeline.cc:620] Registering image #124 (num_reg_frames=8)
I20261002 19:52:02.888812 20340 incremental_pipeline.cc:623] => Image sees 93 / 173 points
I20261002 19:52:02.888883 20340 incremental_pipeline.cc:629] Registering image with structure-less fallback
I20261002 19:52:02.889009 20340 incremental_pipeline.cc:631] => Image sees 216 / 1479 correspondences
I20261002 19:52:02.889143 20340 incremental_pipeline.cc:646] => Could not register, trying another image.
I20261002 19:52:02.889200 20340 incremental_pipeline.cc:620] Registering image #113 (num_reg_frames=8)
I20261002 19:52:02.889249 20340 incremental_pipeline.cc:623] => Image sees 80 / 143 points
I20261002 19:52:02.889296 20340 incremental_pipeline.cc:629] Registering image with structure-less fallback
I20261002 19:52:02.889351 20340 incremental_pipeline.cc:631] => Image sees 182 / 1242 correspondences
I20261002 19:52:02.889414 20340 incremental_pipeline.cc:646] => Could not register, trying another image.
I20261002 19:52:02.889462 20340 incremental_pipeline.cc:620] Registering image #128 (num_reg_frames=8)
I20261002 19:52:02.889509 20340 incremental_pipeline.cc:623] => Image sees 87 / 195 points
I20261002 19:52:02.889557 20340 incremental_pipeline.cc:629] Registering image with structure-less fallback
I20261002 19:52:02.889604 20340 incremental_pipeline.cc:631] => Image sees 161 / 1604 correspondences
I20261002 19:52:02.889664 20340 incremental_pipeline.cc:646] => Could not register, trying another image.
I20261002 19:52:02.889711 20340 incremental_pipeline.cc:620] Registering image #108 (num_reg_frames=8)
I20261002 19:52:02.889759 20340 incremental_pipeline.cc:623] => Image sees 71 / 138 points
I20261002 19:52:02.889807 20340 incremental_pipeline.cc:629] Registering image with structure-less fallback
I20261002 19:52:02.889856 20340 incremental_pipeline.cc:631] => Image sees 159 / 1362 correspondences
I20261002 19:52:02.889921 20340 incremental_pipeline.cc:646] => Could not register, trying another image.
I20261002 19:52:02.889971 20340 incremental_pipeline.cc:620] Registering image #148 (num_reg_frames=8)
I20261002 19:52:02.890019 20340 incremental_pipeline.cc:623] => Image sees 48 / 113 points
I20261002 19:52:02.890076 20340 incremental_pipeline.cc:629] Registering image with structure-less fallback
I20261002 19:52:02.890123 20340 incremental_pipeline.cc:631] => Image sees 136 / 407 correspondences
I20261002 19:52:02.890178 20340 incremental_pipeline.cc:646] => Could not register, trying another image.
I20261002 19:52:02.890224 20340 incremental_pipeline.cc:620] Registering image #126 (num_reg_frames=8)
I20261002 19:52:02.890270 20340 incremental_pipeline.cc:623] => Image sees 99 / 177 points
I20261002 19:52:02.890316 20340 incremental_pipeline.cc:629] Registering image with structure-less fallback
I20261002 19:52:02.890363 20340 incremental_pipeline.cc:631] => Image sees 129 / 1502 correspondences
I20261002 19:52:02.890426 20340 incremental_pipeline.cc:646] => Could not register, trying another image.
I20261002 19:52:02.890479 20340 incremental_pipeline.cc:620] Registering image #145 (num_reg_frames=8)
I20261002 19:52:02.890538 20340 incremental_pipeline.cc:623] => Image sees 38 / 116 points
I20261002 19:52:02.890586 20340 incremental_pipeline.cc:629] Registering image with structure-less fallback
I20261002 19:52:02.890633 20340 incremental_pipeline.cc:631] => Image sees 125 / 518 correspondences
I20261002 19:52:02.890687 20340 incremental_pipeline.cc:646] => Could not register, trying another image.
I20261002 19:52:02.890734 20340 incremental_pipeline.cc:620] Registering image #142 (num_reg_frames=8)
I20261002 19:52:02.890781 20340 incremental_pipeline.cc:623] => Image sees 59 / 150 points
I20261002 19:52:02.890827 20340 incremental_pipeline.cc:629] Registering image with structure-less fallback
I20261002 19:52:02.890873 20340 incremental_pipeline.cc:631] => Image sees 125 / 1018 correspondences
I20261002 19:52:02.890933 20340 incremental_pipeline.cc:646] => Could not register, trying another image.
I20261002 19:52:02.890986 20340 incremental_pipeline.cc:620] Registering image #137 (num_reg_frames=8)
I20261002 19:52:02.891038 20340 incremental_pipeline.cc:623] => Image sees 72 / 145 points
I20261002 19:52:02.891129 20340 incremental_pipeline.cc:629] Registering image with structure-less fallback
I20261002 19:52:02.891181 20340 incremental_pipeline.cc:631] => Image sees 112 / 1299 correspondences
I20261002 19:52:02.891358 20340 incremental_pipeline.cc:646] => Could not register, trying another image.
I20261002 19:52:02.891456 20340 incremental_pipeline.cc:620] Registering image #139 (num_reg_frames=8)
I20261002 19:52:02.891517 20340 incremental_pipeline.cc:623] => Image sees 56 / 139 points
I20261002 19:52:02.891567 20340 incremental_pipeline.cc:629] Registering image with structure-less fallback
I20261002 19:52:02.891614 20340 incremental_pipeline.cc:631] => Image sees 110 / 811 correspondences
I20261002 19:52:02.891671 20340 incremental_pipeline.cc:646] => Could not register, trying another image.
I20261002 19:52:02.891718 20340 incremental_pipeline.cc:620] Registering image #90 (num_reg_frames=8)
I20261002 19:52:02.891764 20340 incremental_pipeline.cc:623] => Image sees 85 / 203 points
I20261002 19:52:02.891817 20340 incremental_pipeline.cc:629] Registering image with structure-less fallback
I20261002 19:52:02.891864 20340 incremental_pipeline.cc:631] => Image sees 109 / 2322 correspondences
I20261002 19:52:02.891925 20340 incremental_pipeline.cc:646] => Could not register, trying another image.
I20261002 19:52:02.891975 20340 incremental_pipeline.cc:620] Registering image #89 (num_reg_frames=8)
I20261002 19:52:02.892028 20340 incremental_pipeline.cc:623] => Image sees 95 / 206 points
I20261002 19:52:02.892077 20340 incremental_pipeline.cc:629] Registering image with structure-less fallback
I20261002 19:52:02.892124 20340 incremental_pipeline.cc:631] => Image sees 109 / 2612 correspondences
I20261002 19:52:02.892187 20340 incremental_pipeline.cc:646] => Could not register, trying another image.
I20261002 19:52:02.892233 20340 incremental_pipeline.cc:620] Registering image #99 (num_reg_frames=8)
I20261002 19:52:02.892280 20340 incremental_pipeline.cc:623] => Image sees 65 / 194 points
I20261002 19:52:02.892335 20340 incremental_pipeline.cc:629] Registering image with structure-less fallback
I20261002 19:52:02.892381 20340 incremental_pipeline.cc:631] => Image sees 107 / 2442 correspondences
I20261002 19:52:02.892442 20340 incremental_pipeline.cc:646] => Could not register, trying another image.
I20261002 19:52:02.892488 20340 incremental_pipeline.cc:620] Registering image #56 (num_reg_frames=8)
I20261002 19:52:02.892539 20340 incremental_pipeline.cc:623] => Image sees 75 / 221 points
I20261002 19:52:02.892590 20340 incremental_pipeline.cc:629] Registering image with structure-less fallback
I20261002 19:52:02.892637 20340 incremental_pipeline.cc:631] => Image sees 105 / 3416 correspondences
I20261002 19:52:02.892702 20340 incremental_pipeline.cc:646] => Could not register, trying another image.
I20261002 19:52:02.892748 20340 incremental_pipeline.cc:620] Registering image #114 (num_reg_frames=8)
I20261002 19:52:02.892804 20340 incremental_pipeline.cc:623] => Image sees 82 / 151 points
I20261002 19:52:02.892866 20340 incremental_pipeline.cc:629] Registering image with structure-less fallback
I20261002 19:52:02.892913 20340 incremental_pipeline.cc:631] => Image sees 105 / 1419 correspondences
I20261002 19:52:02.892972 20340 incremental_pipeline.cc:646] => Could not register, trying another image.
I20261002 19:52:02.893018 20340 incremental_pipeline.cc:620] Registering image #93 (num_reg_frames=8)
I20261002 19:52:02.893069 20340 incremental_pipeline.cc:623] => Image sees 73 / 210 points
I20261002 19:52:02.893121 20340 incremental_pipeline.cc:629] Registering image with structure-less fallback
I20261002 19:52:02.893170 20340 incremental_pipeline.cc:631] => Image sees 101 / 8093 correspondences
I20261002 19:52:02.893255 20340 incremental_pipeline.cc:646] => Could not register, trying another image.
I20261002 19:52:02.893302 20340 incremental_pipeline.cc:620] Registering image #106 (num_reg_frames=8)
I20261002 19:52:02.893348 20340 incremental_pipeline.cc:623] => Image sees 86 / 164 points
I20261002 19:52:02.893395 20340 incremental_pipeline.cc:629] Registering image with structure-less fallback
I20261002 19:52:02.893441 20340 incremental_pipeline.cc:631] => Image sees 98 / 1740 correspondences
I20261002 19:52:02.893499 20340 incremental_pipeline.cc:646] => Could not register, trying another image.
I20261002 19:52:02.893545 20340 incremental_pipeline.cc:620] Registering image #98 (num_reg_frames=8)
I20261002 19:52:02.893591 20340 incremental_pipeline.cc:623] => Image sees 72 / 202 points
I20261002 19:52:02.893638 20340 incremental_pipeline.cc:629] Registering image with structure-less fallback
I20261002 19:52:02.893684 20340 incremental_pipeline.cc:631] => Image sees 96 / 1825 correspondences
I20261002 19:52:02.893743 20340 incremental_pipeline.cc:646] => Could not register, trying another image.
I20261002 19:52:02.893789 20340 incremental_pipeline.cc:620] Registering image #105 (num_reg_frames=8)
I20261002 19:52:02.893834 20340 incremental_pipeline.cc:623] => Image sees 74 / 161 points
I20261002 19:52:02.893879 20340 incremental_pipeline.cc:629] Registering image with structure-less fallback
I20261002 19:52:02.893925 20340 incremental_pipeline.cc:631] => Image sees 94 / 1730 correspondences
I20261002 19:52:02.893984 20340 incremental_pipeline.cc:646] => Could not register, trying another image.
I20261002 19:52:02.894031 20340 incremental_pipeline.cc:88] Retriangulation and Global bundle adjustment
I20261002 19:52:02.975078 20340 incremental_pipeline.cc:620] Registering image #83 (num_reg_frames=8)
I20261002 19:52:02.975325 20340 incremental_pipeline.cc:623] => Image sees 67 / 220 points
I20261002 19:52:02.975446 20340 incremental_pipeline.cc:646] => Could not register, trying another image.
I20261002 19:52:02.975502 20340 incremental_pipeline.cc:620] Registering image #108 (num_reg_frames=8)
I20261002 19:52:02.975555 20340 incremental_pipeline.cc:623] => Image sees 71 / 138 points
I20261002 19:52:02.975613 20340 incremental_pipeline.cc:646] => Could not register, trying another image.
I20261002 19:52:02.975670 20340 incremental_pipeline.cc:620] Registering image #102 (num_reg_frames=8)
I20261002 19:52:02.975766 20340 incremental_pipeline.cc:623] => Image sees 67 / 190 points
I20261002 19:52:02.975876 20340 incremental_pipeline.cc:646] => Could not register, trying another image.
I20261002 19:52:02.975926 20340 incremental_pipeline.cc:620] Registering image #134 (num_reg_frames=8)
I20261002 19:52:02.975972 20340 incremental_pipeline.cc:623] => Image sees 69 / 165 points
I20261002 19:52:02.976029 20340 incremental_pipeline.cc:646] => Could not register, trying another image.
I20261002 19:52:02.976076 20340 incremental_pipeline.cc:620] Registering image #99 (num_reg_frames=8)
I20261002 19:52:02.976119 20340 incremental_pipeline.cc:623] => Image sees 65 / 194 points
I20261002 19:52:02.976178 20340 incremental_pipeline.cc:646] => Could not register, trying another image.
I20261002 19:52:02.976248 20340 incremental_pipeline.cc:620] Registering image #133 (num_reg_frames=8)
I20261002 19:52:02.976292 20340 incremental_pipeline.cc:623] => Image sees 64 / 162 points
I20261002 19:52:02.976347 20340 incremental_pipeline.cc:646] => Could not register, trying another image.
I20261002 19:52:02.976390 20340 incremental_pipeline.cc:620] Registering image #53 (num_reg_frames=8)
I20261002 19:52:02.976434 20340 incremental_pipeline.cc:623] => Image sees 58 / 216 points
I20261002 19:52:02.976496 20340 incremental_pipeline.cc:646] => Could not register, trying another image.
I20261002 19:52:02.976543 20340 incremental_pipeline.cc:620] Registering image #52 (num_reg_frames=8)
I20261002 19:52:02.976587 20340 incremental_pipeline.cc:623] => Image sees 58 / 220 points
I20261002 19:52:02.976679 20340 incremental_pipeline.cc:646] => Could not register, trying another image.
I20261002 19:52:02.976729 20340 incremental_pipeline.cc:620] Registering image #142 (num_reg_frames=8)
I20261002 19:52:02.976773 20340 incremental_pipeline.cc:623] => Image sees 58 / 150 points
I20261002 19:52:02.976828 20340 incremental_pipeline.cc:646] => Could not register, trying another image.
I20261002 19:52:02.976871 20340 incremental_pipeline.cc:620] Registering image #138 (num_reg_frames=8)
I20261002 19:52:02.976946 20340 incremental_pipeline.cc:623] => Image sees 61 / 140 points
I20261002 19:52:02.977046 20340 incremental_pipeline.cc:646] => Could not register, trying another image.
I20261002 19:52:02.977090 20340 incremental_pipeline.cc:620] Registering image #1 (num_reg_frames=8)
I20261002 19:52:02.977138 20340 incremental_pipeline.cc:623] => Image sees 54 / 185 points
I20261002 19:52:02.977192 20340 incremental_pipeline.cc:646] => Could not register, trying another image.
I20261002 19:52:02.977235 20340 incremental_pipeline.cc:620] Registering image #139 (num_reg_frames=8)
I20261002 19:52:02.977278 20340 incremental_pipeline.cc:623] => Image sees 56 / 139 points
I20261002 19:52:02.977330 20340 incremental_pipeline.cc:646] => Could not register, trying another image.
I20261002 19:52:02.977374 20340 incremental_pipeline.cc:620] Registering image #65 (num_reg_frames=8)
I20261002 19:52:02.977417 20340 incremental_pipeline.cc:623] => Image sees 51 / 201 points
I20261002 19:52:02.977482 20340 incremental_pipeline.cc:646] => Could not register, trying another image.
I20261002 19:52:02.977525 20340 incremental_pipeline.cc:620] Registering image #148 (num_reg_frames=8)
I20261002 19:52:02.977568 20340 incremental_pipeline.cc:623] => Image sees 44 / 113 points
I20261002 19:52:02.977626 20340 incremental_pipeline.cc:646] => Could not register, trying another image.
I20261002 19:52:02.977670 20340 incremental_pipeline.cc:620] Registering image #145 (num_reg_frames=8)
I20261002 19:52:02.977716 20340 incremental_pipeline.cc:623] => Image sees 38 / 116 points
I20261002 19:52:02.977768 20340 incremental_pipeline.cc:646] => Could not register, trying another image.
I20261002 19:52:02.977811 20340 incremental_pipeline.cc:620] Registering image #146 (num_reg_frames=8)
I20261002 19:52:02.977857 20340 incremental_pipeline.cc:623] => Image sees 37 / 111 points
I20261002 19:52:02.977910 20340 incremental_pipeline.cc:646] => Could not register, trying another image.
I20261002 19:52:02.977953 20340 incremental_pipeline.cc:620] Registering image #143 (num_reg_frames=8)
I20261002 19:52:02.977996 20340 incremental_pipeline.cc:623] => Image sees 35 / 133 points
I20261002 19:52:02.978048 20340 incremental_pipeline.cc:646] => Could not register, trying another image.
I20261002 19:52:02.978091 20340 incremental_pipeline.cc:620] Registering image #121 (num_reg_frames=8)
I20261002 19:52:02.978134 20340 incremental_pipeline.cc:623] => Image sees 122 / 182 points
I20261002 19:52:02.978214 20340 incremental_pipeline.cc:646] => Could not register, trying another image.
I20261002 19:52:02.978258 20340 incremental_pipeline.cc:620] Registering image #118 (num_reg_frames=8)
I20261002 19:52:02.978301 20340 incremental_pipeline.cc:623] => Image sees 113 / 174 points
I20261002 19:52:02.978375 20340 incremental_pipeline.cc:646] => Could not register, trying another image.
I20261002 19:52:02.978418 20340 incremental_pipeline.cc:620] Registering image #123 (num_reg_frames=8)
I20261002 19:52:02.978461 20340 incremental_pipeline.cc:623] => Image sees 105 / 182 points
I20261002 19:52:02.978522 20340 incremental_pipeline.cc:646] => Could not register, trying another image.
I20261002 19:52:02.978569 20340 incremental_pipeline.cc:620] Registering image #126 (num_reg_frames=8)
I20261002 19:52:02.978613 20340 incremental_pipeline.cc:623] => Image sees 99 / 177 points
I20261002 19:52:02.978669 20340 incremental_pipeline.cc:646] => Could not register, trying another image.
I20261002 19:52:02.978715 20340 incremental_pipeline.cc:620] Registering image #117 (num_reg_frames=8)
I20261002 19:52:02.978759 20340 incremental_pipeline.cc:623] => Image sees 102 / 153 points
I20261002 19:52:02.978818 20340 incremental_pipeline.cc:646] => Could not register, trying another image.
I20261002 19:52:02.978861 20340 incremental_pipeline.cc:620] Registering image #100 (num_reg_frames=8)
I20261002 19:52:02.978905 20340 incremental_pipeline.cc:623] => Image sees 96 / 201 points
I20261002 19:52:02.978982 20340 incremental_pipeline.cc:646] => Could not register, trying another image.
I20261002 19:52:02.979026 20340 incremental_pipeline.cc:620] Registering image #130 (num_reg_frames=8)
I20261002 19:52:02.979069 20340 incremental_pipeline.cc:623] => Image sees 95 / 209 points
I20261002 19:52:02.979153 20340 incremental_pipeline.cc:646] => Could not register, trying another image.
I20261002 19:52:02.979197 20340 incremental_pipeline.cc:620] Registering image #127 (num_reg_frames=8)
I20261002 19:52:02.979327 20340 incremental_pipeline.cc:623] => Image sees 95 / 177 points
I20261002 19:52:02.979424 20340 incremental_pipeline.cc:646] => Could not register, trying another image.
I20261002 19:52:02.979479 20340 incremental_pipeline.cc:620] Registering image #129 (num_reg_frames=8)
I20261002 19:52:02.979544 20340 incremental_pipeline.cc:623] => Image sees 91 / 183 points
I20261002 19:52:02.979650 20340 incremental_pipeline.cc:646] => Could not register, trying another image.
I20261002 19:52:02.979716 20340 incremental_pipeline.cc:620] Registering image #124 (num_reg_frames=8)
I20261002 19:52:02.979766 20340 incremental_pipeline.cc:623] => Image sees 93 / 173 points
I20261002 19:52:02.979826 20340 incremental_pipeline.cc:646] => Could not register, trying another image.
I20261002 19:52:02.979870 20340 incremental_pipeline.cc:620] Registering image #89 (num_reg_frames=8)
I20261002 19:52:02.979915 20340 incremental_pipeline.cc:623] => Image sees 90 / 206 points
I20261002 19:52:02.979975 20340 incremental_pipeline.cc:646] => Could not register, trying another image.
I20261002 19:52:02.980019 20340 incremental_pipeline.cc:620] Registering image #115 (num_reg_frames=8)
I20261002 19:52:02.980062 20340 incremental_pipeline.cc:623] => Image sees 95 / 139 points
I20261002 19:52:02.980122 20340 incremental_pipeline.cc:646] => Could not register, trying another image.
I20261002 19:52:02.980170 20340 incremental_pipeline.cc:620] Registering image #131 (num_reg_frames=8)
I20261002 19:52:02.980214 20340 incremental_pipeline.cc:623] => Image sees 94 / 200 points
I20261002 19:52:02.980274 20340 incremental_pipeline.cc:646] => Could not register, trying another image.
I20261002 19:52:02.980317 20340 incremental_pipeline.cc:620] Registering image #90 (num_reg_frames=8)
I20261002 19:52:02.980407 20340 incremental_pipeline.cc:623] => Image sees 82 / 203 points
I20261002 19:52:02.980490 20340 incremental_pipeline.cc:646] => Could not register, trying another image.
I20261002 19:52:02.980549 20340 incremental_pipeline.cc:620] Registering image #103 (num_reg_frames=8)
I20261002 19:52:02.980599 20340 incremental_pipeline.cc:623] => Image sees 83 / 176 points
I20261002 19:52:02.980643 20340 incremental_pipeline.cc:629] Registering image with structure-less fallback
I20261002 19:52:02.980688 20340 incremental_pipeline.cc:631] => Image sees 94 / 1664 correspondences
I20261002 19:52:02.980760 20340 incremental_pipeline.cc:646] => Could not register, trying another image.
I20261002 19:52:02.980803 20340 incremental_pipeline.cc:620] Registering image #107 (num_reg_frames=8)
I20261002 19:52:02.980846 20340 incremental_pipeline.cc:623] => Image sees 73 / 146 points
I20261002 19:52:02.980896 20340 incremental_pipeline.cc:629] Registering image with structure-less fallback
I20261002 19:52:02.980940 20340 incremental_pipeline.cc:631] => Image sees 94 / 1554 correspondences
I20261002 19:52:02.980994 20340 incremental_pipeline.cc:646] => Could not register, trying another image.
I20261002 19:52:02.981037 20340 incremental_pipeline.cc:620] Registering image #85 (num_reg_frames=8)
I20261002 19:52:02.981081 20340 incremental_pipeline.cc:623] => Image sees 85 / 197 points
I20261002 19:52:02.981124 20340 incremental_pipeline.cc:629] Registering image with structure-less fallback
I20261002 19:52:02.981166 20340 incremental_pipeline.cc:631] => Image sees 93 / 2291 correspondences
I20261002 19:52:02.981227 20340 incremental_pipeline.cc:646] => Could not register, trying another image.
I20261002 19:52:02.981270 20340 incremental_pipeline.cc:620] Registering image #58 (num_reg_frames=8)
I20261002 19:52:02.981313 20340 incremental_pipeline.cc:623] => Image sees 75 / 224 points
I20261002 19:52:02.981356 20340 incremental_pipeline.cc:629] Registering image with structure-less fallback
I20261002 19:52:02.981406 20340 incremental_pipeline.cc:631] => Image sees 91 / 3466 correspondences
I20261002 19:52:02.981468 20340 incremental_pipeline.cc:646] => Could not register, trying another image.
I20261002 19:52:02.981511 20340 incremental_pipeline.cc:620] Registering image #83 (num_reg_frames=8)
I20261002 19:52:02.981555 20340 incremental_pipeline.cc:623] => Image sees 67 / 220 points
I20261002 19:52:02.981604 20340 incremental_pipeline.cc:629] Registering image with structure-less fallback
I20261002 19:52:02.981647 20340 incremental_pipeline.cc:631] => Image sees 91 / 2184 correspondences
I20261002 19:52:02.981705 20340 incremental_pipeline.cc:646] => Could not register, trying another image.
I20261002 19:52:02.981748 20340 incremental_pipeline.cc:620] Registering image #65 (num_reg_frames=8)
I20261002 19:52:02.981792 20340 incremental_pipeline.cc:623] => Image sees 51 / 201 points
I20261002 19:52:02.981841 20340 incremental_pipeline.cc:629] Registering image with structure-less fallback
I20261002 19:52:02.981885 20340 incremental_pipeline.cc:631] => Image sees 87 / 3488 correspondences
I20261002 19:52:02.981947 20340 incremental_pipeline.cc:646] => Could not register, trying another image.
I20261002 19:52:02.981989 20340 incremental_pipeline.cc:620] Registering image #102 (num_reg_frames=8)
I20261002 19:52:02.982032 20340 incremental_pipeline.cc:623] => Image sees 67 / 190 points
I20261002 19:52:02.982075 20340 incremental_pipeline.cc:629] Registering image with structure-less fallback
I20261002 19:52:02.982120 20340 incremental_pipeline.cc:631] => Image sees 86 / 2082 correspondences
I20261002 19:52:02.982180 20340 incremental_pipeline.cc:646] => Could not register, trying another image.
I20261002 19:52:02.982223 20340 incremental_pipeline.cc:620] Registering image #59 (num_reg_frames=8)
I20261002 19:52:02.982274 20340 incremental_pipeline.cc:623] => Image sees 65 / 205 points
I20261002 19:52:02.982318 20340 incremental_pipeline.cc:629] Registering image with structure-less fallback
I20261002 19:52:02.982360 20340 incremental_pipeline.cc:631] => Image sees 86 / 3196 correspondences
I20261002 19:52:02.982420 20340 incremental_pipeline.cc:646] => Could not register, trying another image.
I20261002 19:52:02.982463 20340 incremental_pipeline.cc:620] Registering image #86 (num_reg_frames=8)
I20261002 19:52:02.982505 20340 incremental_pipeline.cc:623] => Image sees 68 / 198 points
I20261002 19:52:02.982548 20340 incremental_pipeline.cc:629] Registering image with structure-less fallback
I20261002 19:52:02.982597 20340 incremental_pipeline.cc:631] => Image sees 84 / 2507 correspondences
I20261002 19:52:02.982666 20340 incremental_pipeline.cc:646] => Could not register, trying another image.
I20261002 19:52:02.982715 20340 incremental_pipeline.cc:620] Registering image #57 (num_reg_frames=8)
I20261002 19:52:02.982759 20340 incremental_pipeline.cc:623] => Image sees 74 / 229 points
I20261002 19:52:02.982802 20340 incremental_pipeline.cc:629] Registering image with structure-less fallback
I20261002 19:52:02.982844 20340 incremental_pipeline.cc:631] => Image sees 83 / 3166 correspondences
I20261002 19:52:02.982905 20340 incremental_pipeline.cc:646] => Could not register, trying another image.
I20261002 19:52:02.982948 20340 incremental_pipeline.cc:620] Registering image #1 (num_reg_frames=8)
I20261002 19:52:02.982994 20340 incremental_pipeline.cc:623] => Image sees 54 / 185 points
I20261002 19:52:02.983038 20340 incremental_pipeline.cc:629] Registering image with structure-less fallback
I20261002 19:52:02.983080 20340 incremental_pipeline.cc:631] => Image sees 76 / 1170 correspondences
I20261002 19:52:02.983135 20340 incremental_pipeline.cc:646] => Could not register, trying another image.
I20261002 19:52:02.983177 20340 incremental_pipeline.cc:620] Registering image #134 (num_reg_frames=8)
I20261002 19:52:02.983220 20340 incremental_pipeline.cc:623] => Image sees 69 / 165 points
I20261002 19:52:02.983263 20340 incremental_pipeline.cc:629] Registering image with structure-less fallback
I20261002 19:52:02.983305 20340 incremental_pipeline.cc:631] => Image sees 75 / 1224 correspondences
I20261002 19:52:02.983359 20340 incremental_pipeline.cc:646] => Could not register, trying another image.
I20261002 19:52:02.983402 20340 incremental_pipeline.cc:620] Registering image #53 (num_reg_frames=8)
I20261002 19:52:02.983445 20340 incremental_pipeline.cc:623] => Image sees 58 / 216 points
I20261002 19:52:02.983488 20340 incremental_pipeline.cc:629] Registering image with structure-less fallback
I20261002 19:52:02.983531 20340 incremental_pipeline.cc:631] => Image sees 74 / 3119 correspondences
I20261002 19:52:02.983593 20340 incremental_pipeline.cc:646] => Could not register, trying another image.
I20261002 19:52:02.983636 20340 incremental_pipeline.cc:620] Registering image #133 (num_reg_frames=8)
I20261002 19:52:02.983679 20340 incremental_pipeline.cc:623] => Image sees 64 / 162 points
I20261002 19:52:02.983722 20340 incremental_pipeline.cc:629] Registering image with structure-less fallback
I20261002 19:52:02.983765 20340 incremental_pipeline.cc:631] => Image sees 73 / 1289 correspondences
I20261002 19:52:02.983817 20340 incremental_pipeline.cc:646] => Could not register, trying another image.
I20261002 19:52:02.983860 20340 incremental_pipeline.cc:620] Registering image #52 (num_reg_frames=8)
I20261002 19:52:02.983903 20340 incremental_pipeline.cc:623] => Image sees 58 / 220 points
I20261002 19:52:02.983945 20340 incremental_pipeline.cc:629] Registering image with structure-less fallback
I20261002 19:52:02.983988 20340 incremental_pipeline.cc:631] => Image sees 73 / 9215 correspondences
I20261002 19:52:02.984073 20340 incremental_pipeline.cc:646] => Could not register, trying another image.
I20261002 19:52:02.984117 20340 incremental_pipeline.cc:620] Registering image #146 (num_reg_frames=8)
I20261002 19:52:02.984160 20340 incremental_pipeline.cc:623] => Image sees 37 / 111 points
I20261002 19:52:02.984202 20340 incremental_pipeline.cc:629] Registering image with structure-less fallback
I20261002 19:52:02.984245 20340 incremental_pipeline.cc:631] => Image sees 54 / 533 correspondences
I20261002 19:52:02.984288 20340 incremental_pipeline.cc:646] => Could not register, trying another image.
I20261002 19:52:02.984331 20340 incremental_pipeline.cc:620] Registering image #143 (num_reg_frames=8)
I20261002 19:52:02.984373 20340 incremental_pipeline.cc:623] => Image sees 35 / 133 points
I20261002 19:52:02.984416 20340 incremental_pipeline.cc:629] Registering image with structure-less fallback
I20261002 19:52:02.984458 20340 incremental_pipeline.cc:631] => Image sees 54 / 719 correspondences
I20261002 19:52:02.984501 20340 incremental_pipeline.cc:646] => Could not register, trying another image.
I20261002 19:52:02.984552 20340 incremental_pipeline.cc:620] Registering image #121 (num_reg_frames=8)
I20261002 19:52:02.984598 20340 incremental_pipeline.cc:623] => Image sees 122 / 182 points
I20261002 19:52:02.984641 20340 incremental_pipeline.cc:629] Registering image with structure-less fallback
I20261002 19:52:02.984683 20340 incremental_pipeline.cc:631] => Image sees 858 / 5092 correspondences
I20261002 19:52:02.984760 20340 incremental_pipeline.cc:646] => Could not register, trying another image.
I20261002 19:52:02.984803 20340 incremental_pipeline.cc:620] Registering image #130 (num_reg_frames=8)
I20261002 19:52:02.984846 20340 incremental_pipeline.cc:623] => Image sees 95 / 209 points
I20261002 19:52:02.984889 20340 incremental_pipeline.cc:629] Registering image with structure-less fallback
I20261002 19:52:02.984932 20340 incremental_pipeline.cc:631] => Image sees 837 / 5240 correspondences
I20261002 19:52:02.985010 20340 incremental_pipeline.cc:646] => Could not register, trying another image.
I20261002 19:52:02.985052 20340 incremental_pipeline.cc:620] Registering image #110 (num_reg_frames=8)
I20261002 19:52:02.985095 20340 incremental_pipeline.cc:623] => Image sees 75 / 146 points
I20261002 19:52:02.985138 20340 incremental_pipeline.cc:629] Registering image with structure-less fallback
I20261002 19:52:02.985180 20340 incremental_pipeline.cc:631] => Image sees 565 / 4159 correspondences
I20261002 19:52:02.985247 20340 incremental_pipeline.cc:646] => Could not register, trying another image.
I20261002 19:52:02.985399 20340 incremental_pipeline.cc:620] Registering image #118 (num_reg_frames=8)
I20261002 19:52:02.985541 20340 incremental_pipeline.cc:623] => Image sees 113 / 174 points
I20261002 19:52:02.985649 20340 incremental_pipeline.cc:629] Registering image with structure-less fallback
I20261002 19:52:02.985727 20340 incremental_pipeline.cc:631] => Image sees 487 / 1710 correspondences
I20261002 19:52:02.985792 20340 incremental_pipeline.cc:646] => Could not register, trying another image.
I20261002 19:52:02.985838 20340 incremental_pipeline.cc:620] Registering image #123 (num_reg_frames=8)
I20261002 19:52:02.985884 20340 incremental_pipeline.cc:623] => Image sees 105 / 182 points
I20261002 19:52:02.985930 20340 incremental_pipeline.cc:629] Registering image with structure-less fallback
I20261002 19:52:02.985979 20340 incremental_pipeline.cc:631] => Image sees 472 / 1691 correspondences
I20261002 19:52:02.986041 20340 incremental_pipeline.cc:646] => Could not register, trying another image.
I20261002 19:52:02.986087 20340 incremental_pipeline.cc:620] Registering image #138 (num_reg_frames=8)
I20261002 19:52:02.986140 20340 incremental_pipeline.cc:623] => Image sees 61 / 140 points
I20261002 19:52:02.986187 20340 incremental_pipeline.cc:629] Registering image with structure-less fallback
I20261002 19:52:02.986233 20340 incremental_pipeline.cc:631] => Image sees 461 / 2645 correspondences
I20261002 19:52:02.986302 20340 incremental_pipeline.cc:646] => Could not register, trying another image.
I20261002 19:52:02.986347 20340 incremental_pipeline.cc:620] Registering image #115 (num_reg_frames=8)
I20261002 19:52:02.986393 20340 incremental_pipeline.cc:623] => Image sees 95 / 139 points
I20261002 19:52:02.986441 20340 incremental_pipeline.cc:629] Registering image with structure-less fallback
I20261002 19:52:02.986488 20340 incremental_pipeline.cc:631] => Image sees 401 / 1402 correspondences
I20261002 19:52:02.986546 20340 incremental_pipeline.cc:646] => Could not register, trying another image.
I20261002 19:52:02.986592 20340 incremental_pipeline.cc:620] Registering image #117 (num_reg_frames=8)
I20261002 19:52:02.986645 20340 incremental_pipeline.cc:623] => Image sees 102 / 153 points
I20261002 19:52:02.986690 20340 incremental_pipeline.cc:629] Registering image with structure-less fallback
I20261002 19:52:02.986736 20340 incremental_pipeline.cc:631] => Image sees 332 / 1378 correspondences
I20261002 19:52:02.986795 20340 incremental_pipeline.cc:646] => Could not register, trying another image.
I20261002 19:52:02.986850 20340 incremental_pipeline.cc:620] Registering image #100 (num_reg_frames=8)
I20261002 19:52:02.986897 20340 incremental_pipeline.cc:623] => Image sees 96 / 201 points
I20261002 19:52:02.986943 20340 incremental_pipeline.cc:629] Registering image with structure-less fallback
I20261002 19:52:02.986989 20340 incremental_pipeline.cc:631] => Image sees 298 / 6464 correspondences
I20261002 19:52:02.987073 20340 incremental_pipeline.cc:646] => Could not register, trying another image.
I20261002 19:52:02.987120 20340 incremental_pipeline.cc:620] Registering image #127 (num_reg_frames=8)
I20261002 19:52:02.987166 20340 incremental_pipeline.cc:623] => Image sees 95 / 177 points
I20261002 19:52:02.987212 20340 incremental_pipeline.cc:629] Registering image with structure-less fallback
I20261002 19:52:02.987259 20340 incremental_pipeline.cc:631] => Image sees 248 / 1712 correspondences
I20261002 19:52:02.987319 20340 incremental_pipeline.cc:646] => Could not register, trying another image.
I20261002 19:52:02.987366 20340 incremental_pipeline.cc:620] Registering image #131 (num_reg_frames=8)
I20261002 19:52:02.987413 20340 incremental_pipeline.cc:623] => Image sees 94 / 200 points
I20261002 19:52:02.987458 20340 incremental_pipeline.cc:629] Registering image with structure-less fallback
I20261002 19:52:02.987510 20340 incremental_pipeline.cc:631] => Image sees 248 / 1553 correspondences
I20261002 19:52:02.987630 20340 incremental_pipeline.cc:646] => Could not register, trying another image.
I20261002 19:52:02.987687 20340 incremental_pipeline.cc:620] Registering image #129 (num_reg_frames=8)
I20261002 19:52:02.987735 20340 incremental_pipeline.cc:623] => Image sees 91 / 183 points
I20261002 19:52:02.987782 20340 incremental_pipeline.cc:629] Registering image with structure-less fallback
I20261002 19:52:02.987826 20340 incremental_pipeline.cc:631] => Image sees 244 / 1670 correspondences
I20261002 19:52:02.987888 20340 incremental_pipeline.cc:646] => Could not register, trying another image.
I20261002 19:52:02.987934 20340 incremental_pipeline.cc:620] Registering image #124 (num_reg_frames=8)
I20261002 19:52:02.987980 20340 incremental_pipeline.cc:623] => Image sees 93 / 173 points
I20261002 19:52:02.988033 20340 incremental_pipeline.cc:629] Registering image with structure-less fallback
I20261002 19:52:02.988079 20340 incremental_pipeline.cc:631] => Image sees 216 / 1479 correspondences
I20261002 19:52:02.988137 20340 incremental_pipeline.cc:646] => Could not register, trying another image.
I20261002 19:52:02.988182 20340 incremental_pipeline.cc:620] Registering image #113 (num_reg_frames=8)
I20261002 19:52:02.988227 20340 incremental_pipeline.cc:623] => Image sees 78 / 143 points
I20261002 19:52:02.988272 20340 incremental_pipeline.cc:629] Registering image with structure-less fallback
I20261002 19:52:02.988321 20340 incremental_pipeline.cc:631] => Image sees 182 / 1242 correspondences
I20261002 19:52:02.988380 20340 incremental_pipeline.cc:646] => Could not register, trying another image.
W20261002 19:52:02.988427 20340 incremental_pipeline.cc:821] Discarding reconstruction due to insufficient size
I20261002 19:52:02.989882 20340 incremental_pipeline.cc:465] Finding good initial image pair
I20261002 19:52:02.996871 20340 incremental_pipeline.cc:492] Registering initial image pair #134 and #135
I20261002 19:52:02.997505 20340 incremental_pipeline.cc:510] Global bundle adjustment
I20261002 19:52:03.007975 20340 incremental_pipeline.cc:620] Registering image #133 (num_reg_frames=2)
I20261002 19:52:03.008146 20340 incremental_pipeline.cc:623] => Image sees 108 / 162 points
I20261002 19:52:03.011205 20340 incremental_pipeline.cc:88] Retriangulation and Global bundle adjustment
I20261002 19:52:03.026160 20340 incremental_pipeline.cc:620] Registering image #142 (num_reg_frames=3)
I20261002 19:52:03.026338 20340 incremental_pipeline.cc:623] => Image sees 93 / 150 points
I20261002 19:52:03.035285 20340 incremental_pipeline.cc:620] Registering image #139 (num_reg_frames=4)
I20261002 19:52:03.035408 20340 incremental_pipeline.cc:623] => Image sees 73 / 139 points
I20261002 19:52:03.038885 20340 incremental_pipeline.cc:88] Retriangulation and Global bundle adjustment
I20261002 19:52:03.060766 20340 incremental_pipeline.cc:88] Retriangulation and Global bundle adjustment
I20261002 19:52:03.190305 20340 incremental_pipeline.cc:620] Registering image #140 (num_reg_frames=5)
I20261002 19:52:03.190500 20340 incremental_pipeline.cc:623] => Image sees 96 / 157 points
I20261002 19:52:03.190594 20340 incremental_pipeline.cc:646] => Could not register, trying another image.
I20261002 19:52:03.190648 20340 incremental_pipeline.cc:620] Registering image #137 (num_reg_frames=5)
I20261002 19:52:03.190698 20340 incremental_pipeline.cc:623] => Image sees 91 / 145 points
I20261002 19:52:03.190759 20340 incremental_pipeline.cc:646] => Could not register, trying another image.
I20261002 19:52:03.190805 20340 incremental_pipeline.cc:620] Registering image #136 (num_reg_frames=5)
I20261002 19:52:03.190851 20340 incremental_pipeline.cc:623] => Image sees 85 / 196 points
I20261002 19:52:03.190910 20340 incremental_pipeline.cc:646] => Could not register, trying another image.
I20261002 19:52:03.190957 20340 incremental_pipeline.cc:620] Registering image #138 (num_reg_frames=5)
I20261002 19:52:03.191005 20340 incremental_pipeline.cc:623] => Image sees 84 / 140 points
I20261002 19:52:03.191071 20340 incremental_pipeline.cc:646] => Could not register, trying another image.
I20261002 19:52:03.191119 20340 incremental_pipeline.cc:620] Registering image #128 (num_reg_frames=5)
I20261002 19:52:03.191166 20340 incremental_pipeline.cc:623] => Image sees 82 / 195 points
I20261002 19:52:03.191226 20340 incremental_pipeline.cc:646] => Could not register, trying another image.
I20261002 19:52:03.191272 20340 incremental_pipeline.cc:620] Registering image #130 (num_reg_frames=5)
I20261002 19:52:03.191318 20340 incremental_pipeline.cc:623] => Image sees 82 / 209 points
I20261002 19:52:03.191395 20340 incremental_pipeline.cc:646] => Could not register, trying another image.
I20261002 19:52:03.191441 20340 incremental_pipeline.cc:620] Registering image #141 (num_reg_frames=5)
I20261002 19:52:03.191488 20340 incremental_pipeline.cc:623] => Image sees 73 / 141 points
I20261002 19:52:03.191542 20340 incremental_pipeline.cc:646] => Could not register, trying another image.
I20261002 19:52:03.191677 20340 incremental_pipeline.cc:620] Registering image #143 (num_reg_frames=5)
I20261002 19:52:03.191813 20340 incremental_pipeline.cc:623] => Image sees 76 / 133 points
I20261002 19:52:03.191881 20340 incremental_pipeline.cc:646] => Could not register, trying another image.
I20261002 19:52:03.191926 20340 incremental_pipeline.cc:620] Registering image #131 (num_reg_frames=5)
I20261002 19:52:03.191971 20340 incremental_pipeline.cc:623] => Image sees 77 / 200 points
I20261002 19:52:03.192158 20340 incremental_pipeline.cc:646] => Could not register, trying another image.
I20261002 19:52:03.192241 20340 incremental_pipeline.cc:620] Registering image #127 (num_reg_frames=5)
I20261002 19:52:03.192310 20340 incremental_pipeline.cc:623] => Image sees 76 / 177 points
I20261002 19:52:03.192494 20340 incremental_pipeline.cc:646] => Could not register, trying another image.
I20261002 19:52:03.192641 20340 incremental_pipeline.cc:620] Registering image #124 (num_reg_frames=5)
I20261002 19:52:03.192867 20340 incremental_pipeline.cc:623] => Image sees 76 / 173 points
I20261002 19:52:03.193041 20340 incremental_pipeline.cc:646] => Could not register, trying another image.
I20261002 19:52:03.193180 20340 incremental_pipeline.cc:620] Registering image #121 (num_reg_frames=5)
I20261002 19:52:03.193248 20340 incremental_pipeline.cc:623] => Image sees 70 / 182 points
I20261002 19:52:03.193330 20340 incremental_pipeline.cc:646] => Could not register, trying another image.
I20261002 19:52:03.193377 20340 incremental_pipeline.cc:620] Registering image #132 (num_reg_frames=5)
I20261002 19:52:03.193425 20340 incremental_pipeline.cc:623] => Image sees 64 / 208 points
I20261002 19:52:03.193502 20340 incremental_pipeline.cc:646] => Could not register, trying another image.
I20261002 19:52:03.193549 20340 incremental_pipeline.cc:620] Registering image #119 (num_reg_frames=5)
I20261002 19:52:03.193597 20340 incremental_pipeline.cc:623] => Image sees 65 / 183 points
I20261002 19:52:03.193656 20340 incremental_pipeline.cc:646] => Could not register, trying another image.
I20261002 19:52:03.193702 20340 incremental_pipeline.cc:620] Registering image #120 (num_reg_frames=5)
I20261002 19:52:03.193749 20340 incremental_pipeline.cc:623] => Image sees 64 / 170 points
I20261002 19:52:03.193807 20340 incremental_pipeline.cc:646] => Could not register, trying another image.
I20261002 19:52:03.193853 20340 incremental_pipeline.cc:620] Registering image #110 (num_reg_frames=5)
I20261002 19:52:03.193899 20340 incremental_pipeline.cc:623] => Image sees 67 / 146 points
I20261002 19:52:03.193969 20340 incremental_pipeline.cc:646] => Could not register, trying another image.
I20261002 19:52:03.194016 20340 incremental_pipeline.cc:620] Registering image #103 (num_reg_frames=5)
I20261002 19:52:03.194064 20340 incremental_pipeline.cc:623] => Image sees 58 / 176 points
I20261002 19:52:03.194121 20340 incremental_pipeline.cc:646] => Could not register, trying another image.
I20261002 19:52:03.194167 20340 incremental_pipeline.cc:620] Registering image #122 (num_reg_frames=5)
I20261002 19:52:03.194213 20340 incremental_pipeline.cc:623] => Image sees 61 / 165 points
I20261002 19:52:03.194271 20340 incremental_pipeline.cc:646] => Could not register, trying another image.
I20261002 19:52:03.194317 20340 incremental_pipeline.cc:620] Registering image #125 (num_reg_frames=5)
I20261002 19:52:03.194394 20340 incremental_pipeline.cc:623] => Image sees 57 / 195 points
I20261002 19:52:03.194480 20340 incremental_pipeline.cc:646] => Could not register, trying another image.
I20261002 19:52:03.194527 20340 incremental_pipeline.cc:620] Registering image #106 (num_reg_frames=5)
I20261002 19:52:03.194574 20340 incremental_pipeline.cc:623] => Image sees 56 / 164 points
I20261002 19:52:03.194640 20340 incremental_pipeline.cc:646] => Could not register, trying another image.
I20261002 19:52:03.194686 20340 incremental_pipeline.cc:620] Registering image #104 (num_reg_frames=5)
I20261002 19:52:03.194732 20340 incremental_pipeline.cc:623] => Image sees 63 / 171 points
I20261002 19:52:03.194789 20340 incremental_pipeline.cc:646] => Could not register, trying another image.
I20261002 19:52:03.194836 20340 incremental_pipeline.cc:620] Registering image #146 (num_reg_frames=5)
I20261002 19:52:03.194883 20340 incremental_pipeline.cc:623] => Image sees 54 / 111 points
I20261002 19:52:03.194936 20340 incremental_pipeline.cc:646] => Could not register, trying another image.
I20261002 19:52:03.194986 20340 incremental_pipeline.cc:620] Registering image #144 (num_reg_frames=5)
I20261002 19:52:03.195033 20340 incremental_pipeline.cc:623] => Image sees 56 / 127 points
I20261002 19:52:03.195086 20340 incremental_pipeline.cc:646] => Could not register, trying another image.
I20261002 19:52:03.195132 20340 incremental_pipeline.cc:620] Registering image #71 (num_reg_frames=5)
I20261002 19:52:03.195178 20340 incremental_pipeline.cc:623] => Image sees 50 / 212 points
I20261002 19:52:03.195241 20340 incremental_pipeline.cc:646] => Could not register, trying another image.
I20261002 19:52:03.195287 20340 incremental_pipeline.cc:620] Registering image #108 (num_reg_frames=5)
I20261002 19:52:03.195334 20340 incremental_pipeline.cc:623] => Image sees 54 / 138 points
I20261002 19:52:03.195391 20340 incremental_pipeline.cc:646] => Could not register, trying another image.
I20261002 19:52:03.195437 20340 incremental_pipeline.cc:620] Registering image #73 (num_reg_frames=5)
I20261002 19:52:03.195485 20340 incremental_pipeline.cc:623] => Image sees 50 / 205 points
I20261002 19:52:03.195545 20340 incremental_pipeline.cc:646] => Could not register, trying another image.
I20261002 19:52:03.195591 20340 incremental_pipeline.cc:620] Registering image #72 (num_reg_frames=5)
I20261002 19:52:03.195650 20340 incremental_pipeline.cc:623] => Image sees 51 / 203 points
I20261002 19:52:03.195736 20340 incremental_pipeline.cc:646] => Could not register, trying another image.
I20261002 19:52:03.195784 20340 incremental_pipeline.cc:620] Registering image #9 (num_reg_frames=5)
I20261002 19:52:03.195829 20340 incremental_pipeline.cc:623] => Image sees 48 / 191 points
I20261002 19:52:03.195887 20340 incremental_pipeline.cc:646] => Could not register, trying another image.
I20261002 19:52:03.195934 20340 incremental_pipeline.cc:620] Registering image #105 (num_reg_frames=5)
I20261002 19:52:03.195980 20340 incremental_pipeline.cc:623] => Image sees 47 / 161 points
I20261002 19:52:03.196039 20340 incremental_pipeline.cc:646] => Could not register, trying another image.
I20261002 19:52:03.196085 20340 incremental_pipeline.cc:620] Registering image #4 (num_reg_frames=5)
I20261002 19:52:03.196131 20340 incremental_pipeline.cc:623] => Image sees 48 / 188 points
I20261002 19:52:03.196188 20340 incremental_pipeline.cc:646] => Could not register, trying another image.
I20261002 19:52:03.196234 20340 incremental_pipeline.cc:620] Registering image #75 (num_reg_frames=5)
I20261002 19:52:03.196281 20340 incremental_pipeline.cc:623] => Image sees 44 / 211 points
I20261002 19:52:03.196343 20340 incremental_pipeline.cc:646] => Could not register, trying another image.
I20261002 19:52:03.196396 20340 incremental_pipeline.cc:620] Registering image #130 (num_reg_frames=5)
I20261002 19:52:03.196444 20340 incremental_pipeline.cc:623] => Image sees 82 / 209 points
I20261002 19:52:03.196490 20340 incremental_pipeline.cc:629] Registering image with structure-less fallback
I20261002 19:52:03.196537 20340 incremental_pipeline.cc:631] => Image sees 396 / 5240 correspondences
I20261002 19:52:03.196612 20340 incremental_pipeline.cc:646] => Could not register, trying another image.
I20261002 19:52:03.196659 20340 incremental_pipeline.cc:620] Registering image #138 (num_reg_frames=5)
I20261002 19:52:03.196706 20340 incremental_pipeline.cc:623] => Image sees 84 / 140 points
I20261002 19:52:03.196752 20340 incremental_pipeline.cc:629] Registering image with structure-less fallback
I20261002 19:52:03.196798 20340 incremental_pipeline.cc:631] => Image sees 365 / 2645 correspondences
I20261002 19:52:03.196862 20340 incremental_pipeline.cc:646] => Could not register, trying another image.
I20261002 19:52:03.196908 20340 incremental_pipeline.cc:620] Registering image #140 (num_reg_frames=5)
I20261002 19:52:03.196955 20340 incremental_pipeline.cc:623] => Image sees 96 / 157 points
I20261002 19:52:03.197001 20340 incremental_pipeline.cc:629] Registering image with structure-less fallback
I20261002 19:52:03.197047 20340 incremental_pipeline.cc:631] => Image sees 275 / 974 correspondences
I20261002 19:52:03.197108 20340 incremental_pipeline.cc:646] => Could not register, trying another image.
I20261002 19:52:03.197154 20340 incremental_pipeline.cc:620] Registering image #121 (num_reg_frames=5)
I20261002 19:52:03.197200 20340 incremental_pipeline.cc:623] => Image sees 70 / 182 points
I20261002 19:52:03.197247 20340 incremental_pipeline.cc:629] Registering image with structure-less fallback
I20261002 19:52:03.197293 20340 incremental_pipeline.cc:631] => Image sees 270 / 5092 correspondences
I20261002 19:52:03.197365 20340 incremental_pipeline.cc:646] => Could not register, trying another image.
I20261002 19:52:03.197412 20340 incremental_pipeline.cc:620] Registering image #137 (num_reg_frames=5)
I20261002 19:52:03.197459 20340 incremental_pipeline.cc:623] => Image sees 91 / 145 points
I20261002 19:52:03.197505 20340 incremental_pipeline.cc:629] Registering image with structure-less fallback
I20261002 19:52:03.197551 20340 incremental_pipeline.cc:631] => Image sees 267 / 1299 correspondences
I20261002 19:52:03.197610 20340 incremental_pipeline.cc:646] => Could not register, trying another image.
I20261002 19:52:03.197668 20340 incremental_pipeline.cc:620] Registering image #110 (num_reg_frames=5)
I20261002 19:52:03.197762 20340 incremental_pipeline.cc:623] => Image sees 67 / 146 points
I20261002 19:52:03.197831 20340 incremental_pipeline.cc:629] Registering image with structure-less fallback
I20261002 19:52:03.197879 20340 incremental_pipeline.cc:631] => Image sees 196 / 4159 correspondences
I20261002 19:52:03.197945 20340 incremental_pipeline.cc:646] => Could not register, trying another image.
I20261002 19:52:03.197989 20340 incremental_pipeline.cc:620] Registering image #136 (num_reg_frames=5)
I20261002 19:52:03.198033 20340 incremental_pipeline.cc:623] => Image sees 85 / 196 points
I20261002 19:52:03.198114 20340 incremental_pipeline.cc:629] Registering image with structure-less fallback
I20261002 19:52:03.198213 20340 incremental_pipeline.cc:631] => Image sees 174 / 1323 correspondences
I20261002 19:52:03.198310 20340 incremental_pipeline.cc:646] => Could not register, trying another image.
I20261002 19:52:03.198373 20340 incremental_pipeline.cc:620] Registering image #143 (num_reg_frames=5)
I20261002 19:52:03.198446 20340 incremental_pipeline.cc:623] => Image sees 76 / 133 points
I20261002 19:52:03.198529 20340 incremental_pipeline.cc:629] Registering image with structure-less fallback
I20261002 19:52:03.198584 20340 incremental_pipeline.cc:631] => Image sees 143 / 719 correspondences
I20261002 19:52:03.198640 20340 incremental_pipeline.cc:646] => Could not register, trying another image.
I20261002 19:52:03.198686 20340 incremental_pipeline.cc:620] Registering image #127 (num_reg_frames=5)
I20261002 19:52:03.198733 20340 incremental_pipeline.cc:623] => Image sees 76 / 177 points
I20261002 19:52:03.198779 20340 incremental_pipeline.cc:629] Registering image with structure-less fallback
I20261002 19:52:03.198827 20340 incremental_pipeline.cc:631] => Image sees 92 / 1712 correspondences
I20261002 19:52:03.198886 20340 incremental_pipeline.cc:646] => Could not register, trying another image.
I20261002 19:52:03.198932 20340 incremental_pipeline.cc:620] Registering image #131 (num_reg_frames=5)
I20261002 19:52:03.198979 20340 incremental_pipeline.cc:623] => Image sees 77 / 200 points
I20261002 19:52:03.199026 20340 incremental_pipeline.cc:629] Registering image with structure-less fallback
I20261002 19:52:03.199072 20340 incremental_pipeline.cc:631] => Image sees 87 / 1553 correspondences
I20261002 19:52:03.199130 20340 incremental_pipeline.cc:646] => Could not register, trying another image.
I20261002 19:52:03.199177 20340 incremental_pipeline.cc:620] Registering image #128 (num_reg_frames=5)
I20261002 19:52:03.199223 20340 incremental_pipeline.cc:623] => Image sees 82 / 195 points
I20261002 19:52:03.199274 20340 incremental_pipeline.cc:629] Registering image with structure-less fallback
I20261002 19:52:03.199321 20340 incremental_pipeline.cc:631] => Image sees 86 / 1604 correspondences
I20261002 19:52:03.199383 20340 incremental_pipeline.cc:646] => Could not register, trying another image.
I20261002 19:52:03.199430 20340 incremental_pipeline.cc:620] Registering image #141 (num_reg_frames=5)
I20261002 19:52:03.199477 20340 incremental_pipeline.cc:623] => Image sees 73 / 141 points
I20261002 19:52:03.199524 20340 incremental_pipeline.cc:629] Registering image with structure-less fallback
I20261002 19:52:03.199571 20340 incremental_pipeline.cc:631] => Image sees 86 / 744 correspondences
I20261002 19:52:03.199625 20340 incremental_pipeline.cc:646] => Could not register, trying another image.
I20261002 19:52:03.199672 20340 incremental_pipeline.cc:620] Registering image #124 (num_reg_frames=5)
I20261002 19:52:03.199718 20340 incremental_pipeline.cc:623] => Image sees 76 / 173 points
I20261002 19:52:03.199765 20340 incremental_pipeline.cc:629] Registering image with structure-less fallback
I20261002 19:52:03.199810 20340 incremental_pipeline.cc:631] => Image sees 83 / 1479 correspondences
I20261002 19:52:03.199867 20340 incremental_pipeline.cc:646] => Could not register, trying another image.
I20261002 19:52:03.199914 20340 incremental_pipeline.cc:620] Registering image #120 (num_reg_frames=5)
I20261002 19:52:03.199960 20340 incremental_pipeline.cc:623] => Image sees 64 / 170 points
I20261002 19:52:03.200016 20340 incremental_pipeline.cc:629] Registering image with structure-less fallback
I20261002 19:52:03.200078 20340 incremental_pipeline.cc:631] => Image sees 75 / 1390 correspondences
I20261002 19:52:03.200175 20340 incremental_pipeline.cc:646] => Could not register, trying another image.
I20261002 19:52:03.200228 20340 incremental_pipeline.cc:620] Registering image #119 (num_reg_frames=5)
I20261002 19:52:03.200275 20340 incremental_pipeline.cc:623] => Image sees 65 / 183 points
I20261002 19:52:03.200322 20340 incremental_pipeline.cc:629] Registering image with structure-less fallback
I20261002 19:52:03.200368 20340 incremental_pipeline.cc:631] => Image sees 73 / 1696 correspondences
I20261002 19:52:03.200426 20340 incremental_pipeline.cc:646] => Could not register, trying another image.
I20261002 19:52:03.200473 20340 incremental_pipeline.cc:620] Registering image #103 (num_reg_frames=5)
I20261002 19:52:03.200519 20340 incremental_pipeline.cc:623] => Image sees 58 / 176 points
I20261002 19:52:03.200566 20340 incremental_pipeline.cc:629] Registering image with structure-less fallback
I20261002 19:52:03.200613 20340 incremental_pipeline.cc:631] => Image sees 67 / 1664 correspondences
I20261002 19:52:03.200671 20340 incremental_pipeline.cc:646] => Could not register, trying another image.
I20261002 19:52:03.200717 20340 incremental_pipeline.cc:620] Registering image #132 (num_reg_frames=5)
I20261002 19:52:03.200763 20340 incremental_pipeline.cc:623] => Image sees 64 / 208 points
I20261002 19:52:03.200809 20340 incremental_pipeline.cc:629] Registering image with structure-less fallback
I20261002 19:52:03.200854 20340 incremental_pipeline.cc:631] => Image sees 66 / 1711 correspondences
I20261002 19:52:03.200913 20340 incremental_pipeline.cc:646] => Could not register, trying another image.
I20261002 19:52:03.200959 20340 incremental_pipeline.cc:620] Registering image #104 (num_reg_frames=5)
I20261002 19:52:03.201006 20340 incremental_pipeline.cc:623] => Image sees 63 / 171 points
I20261002 19:52:03.201052 20340 incremental_pipeline.cc:629] Registering image with structure-less fallback
I20261002 19:52:03.201098 20340 incremental_pipeline.cc:631] => Image sees 66 / 1569 correspondences
I20261002 19:52:03.201156 20340 incremental_pipeline.cc:646] => Could not register, trying another image.
I20261002 19:52:03.201202 20340 incremental_pipeline.cc:620] Registering image #106 (num_reg_frames=5)
I20261002 19:52:03.201248 20340 incremental_pipeline.cc:623] => Image sees 56 / 164 points
I20261002 19:52:03.201295 20340 incremental_pipeline.cc:629] Registering image with structure-less fallback
I20261002 19:52:03.201342 20340 incremental_pipeline.cc:631] => Image sees 64 / 1740 correspondences
I20261002 19:52:03.201402 20340 incremental_pipeline.cc:646] => Could not register, trying another image.
I20261002 19:52:03.201449 20340 incremental_pipeline.cc:620] Registering image #122 (num_reg_frames=5)
I20261002 19:52:03.201495 20340 incremental_pipeline.cc:623] => Image sees 61 / 165 points
I20261002 19:52:03.201541 20340 incremental_pipeline.cc:629] Registering image with structure-less fallback
I20261002 19:52:03.201588 20340 incremental_pipeline.cc:631] => Image sees 63 / 1421 correspondences
I20261002 19:52:03.201645 20340 incremental_pipeline.cc:646] => Could not register, trying another image.
I20261002 19:52:03.201692 20340 incremental_pipeline.cc:620] Registering image #71 (num_reg_frames=5)
I20261002 19:52:03.201739 20340 incremental_pipeline.cc:623] => Image sees 50 / 212 points
I20261002 19:52:03.201785 20340 incremental_pipeline.cc:629] Registering image with structure-less fallback
I20261002 19:52:03.201830 20340 incremental_pipeline.cc:631] => Image sees 60 / 3057 correspondences
I20261002 19:52:03.201892 20340 incremental_pipeline.cc:646] => Could not register, trying another image.
I20261002 19:52:03.201941 20340 incremental_pipeline.cc:620] Registering image #144 (num_reg_frames=5)
I20261002 19:52:03.201988 20340 incremental_pipeline.cc:623] => Image sees 56 / 127 points
I20261002 19:52:03.202043 20340 incremental_pipeline.cc:629] Registering image with structure-less fallback
I20261002 19:52:03.202090 20340 incremental_pipeline.cc:631] => Image sees 60 / 714 correspondences
I20261002 19:52:03.202143 20340 incremental_pipeline.cc:646] => Could not register, trying another image.
I20261002 19:52:03.202188 20340 incremental_pipeline.cc:620] Registering image #125 (num_reg_frames=5)
I20261002 19:52:03.202235 20340 incremental_pipeline.cc:623] => Image sees 57 / 195 points
I20261002 19:52:03.202282 20340 incremental_pipeline.cc:629] Registering image with structure-less fallback
I20261002 19:52:03.202328 20340 incremental_pipeline.cc:631] => Image sees 59 / 1630 correspondences
I20261002 19:52:03.202375 20340 incremental_pipeline.cc:646] => Could not register, trying another image.
I20261002 19:52:03.202420 20340 incremental_pipeline.cc:620] Registering image #9 (num_reg_frames=5)
I20261002 19:52:03.202466 20340 incremental_pipeline.cc:623] => Image sees 48 / 191 points
I20261002 19:52:03.202512 20340 incremental_pipeline.cc:629] Registering image with structure-less fallback
I20261002 19:52:03.202558 20340 incremental_pipeline.cc:631] => Image sees 57 / 1682 correspondences
I20261002 19:52:03.202605 20340 incremental_pipeline.cc:646] => Could not register, trying another image.
I20261002 19:52:03.202652 20340 incremental_pipeline.cc:620] Registering image #108 (num_reg_frames=5)
I20261002 19:52:03.202698 20340 incremental_pipeline.cc:623] => Image sees 54 / 138 points
I20261002 19:52:03.202744 20340 incremental_pipeline.cc:629] Registering image with structure-less fallback
I20261002 19:52:03.202790 20340 incremental_pipeline.cc:631] => Image sees 57 / 1362 correspondences
I20261002 19:52:03.202836 20340 incremental_pipeline.cc:646] => Could not register, trying another image.
I20261002 19:52:03.202883 20340 incremental_pipeline.cc:620] Registering image #146 (num_reg_frames=5)
I20261002 19:52:03.202929 20340 incremental_pipeline.cc:623] => Image sees 54 / 111 points
I20261002 19:52:03.202976 20340 incremental_pipeline.cc:629] Registering image with structure-less fallback
I20261002 19:52:03.203021 20340 incremental_pipeline.cc:631] => Image sees 55 / 533 correspondences
I20261002 19:52:03.203068 20340 incremental_pipeline.cc:646] => Could not register, trying another image.
I20261002 19:52:03.203113 20340 incremental_pipeline.cc:620] Registering image #72 (num_reg_frames=5)
I20261002 19:52:03.203159 20340 incremental_pipeline.cc:623] => Image sees 51 / 203 points
I20261002 19:52:03.203206 20340 incremental_pipeline.cc:629] Registering image with structure-less fallback
I20261002 19:52:03.203308 20340 incremental_pipeline.cc:631] => Image sees 54 / 8844 correspondences
I20261002 19:52:03.203356 20340 incremental_pipeline.cc:646] => Could not register, trying another image.
I20261002 19:52:03.203402 20340 incremental_pipeline.cc:620] Registering image #4 (num_reg_frames=5)
I20261002 19:52:03.203451 20340 incremental_pipeline.cc:623] => Image sees 48 / 188 points
I20261002 19:52:03.203497 20340 incremental_pipeline.cc:629] Registering image with structure-less fallback
I20261002 19:52:03.203543 20340 incremental_pipeline.cc:631] => Image sees 54 / 1497 correspondences
I20261002 19:52:03.203590 20340 incremental_pipeline.cc:646] => Could not register, trying another image.
I20261002 19:52:03.203635 20340 incremental_pipeline.cc:620] Registering image #105 (num_reg_frames=5)
I20261002 19:52:03.203682 20340 incremental_pipeline.cc:623] => Image sees 47 / 161 points
I20261002 19:52:03.203795 20340 incremental_pipeline.cc:629] Registering image with structure-less fallback
I20261002 19:52:03.203940 20340 incremental_pipeline.cc:631] => Image sees 52 / 1730 correspondences
I20261002 19:52:03.204031 20340 incremental_pipeline.cc:646] => Could not register, trying another image.
I20261002 19:52:03.204084 20340 incremental_pipeline.cc:620] Registering image #73 (num_reg_frames=5)
I20261002 19:52:03.204131 20340 incremental_pipeline.cc:623] => Image sees 50 / 205 points
I20261002 19:52:03.204175 20340 incremental_pipeline.cc:629] Registering image with structure-less fallback
I20261002 19:52:03.204273 20340 incremental_pipeline.cc:631] => Image sees 52 / 2500 correspondences
I20261002 19:52:03.204320 20340 incremental_pipeline.cc:646] => Could not register, trying another image.
I20261002 19:52:03.204368 20340 incremental_pipeline.cc:620] Registering image #11 (num_reg_frames=5)
I20261002 19:52:03.204413 20340 incremental_pipeline.cc:623] => Image sees 46 / 197 points
I20261002 19:52:03.204467 20340 incremental_pipeline.cc:629] Registering image with structure-less fallback
I20261002 19:52:03.204513 20340 incremental_pipeline.cc:631] => Image sees 48 / 1602 correspondences
I20261002 19:52:03.204586 20340 incremental_pipeline.cc:646] => Could not register, trying another image.
W20261002 19:52:03.204654 20340 incremental_pipeline.cc:821] Discarding reconstruction due to insufficient size
I20261002 19:52:03.205933 20340 incremental_pipeline.cc:465] Finding good initial image pair
I20261002 19:52:03.212937 20340 incremental_pipeline.cc:492] Registering initial image pair #133 and #110
I20261002 19:52:03.213684 20340 incremental_pipeline.cc:510] Global bundle adjustment
I20261002 19:52:03.221835 20340 incremental_pipeline.cc:620] Registering image #127 (num_reg_frames=2)
I20261002 19:52:03.221969 20340 incremental_pipeline.cc:623] => Image sees 64 / 177 points
I20261002 19:52:03.224583 20340 incremental_pipeline.cc:88] Retriangulation and Global bundle adjustment
I20261002 19:52:03.228488 20340 incremental_pipeline.cc:620] Registering image #128 (num_reg_frames=3)
I20261002 19:52:03.228584 20340 incremental_pipeline.cc:623] => Image sees 77 / 195 points
I20261002 19:52:03.232023 20340 incremental_pipeline.cc:620] Registering image #111 (num_reg_frames=4)
I20261002 19:52:03.232121 20340 incremental_pipeline.cc:623] => Image sees 82 / 147 points
I20261002 19:52:03.234777 20340 incremental_pipeline.cc:88] Retriangulation and Global bundle adjustment
I20261002 19:52:03.243323 20340 incremental_pipeline.cc:620] Registering image #130 (num_reg_frames=5)
I20261002 19:52:03.243440 20340 incremental_pipeline.cc:623] => Image sees 80 / 209 points
I20261002 19:52:03.251877 20340 incremental_pipeline.cc:620] Registering image #136 (num_reg_frames=6)
I20261002 19:52:03.252007 20340 incremental_pipeline.cc:623] => Image sees 85 / 196 points
I20261002 19:52:03.258201 20340 incremental_pipeline.cc:88] Retriangulation and Global bundle adjustment
I20261002 19:52:03.288550 20340 incremental_pipeline.cc:620] Registering image #107 (num_reg_frames=7)
I20261002 19:52:03.288686 20340 incremental_pipeline.cc:623] => Image sees 87 / 146 points
I20261002 19:52:03.292466 20340 incremental_pipeline.cc:620] Registering image #108 (num_reg_frames=8)
I20261002 19:52:03.292560 20340 incremental_pipeline.cc:623] => Image sees 86 / 138 points
I20261002 19:52:03.296276 20340 incremental_pipeline.cc:620] Registering image #103 (num_reg_frames=9)
I20261002 19:52:03.296378 20340 incremental_pipeline.cc:623] => Image sees 83 / 176 points
I20261002 19:52:03.301824 20340 incremental_pipeline.cc:88] Retriangulation and Global bundle adjustment
I20261002 19:52:03.357959 20340 incremental_pipeline.cc:620] Registering image #124 (num_reg_frames=10)
I20261002 19:52:03.358091 20340 incremental_pipeline.cc:623] => Image sees 116 / 173 points
I20261002 19:52:03.358181 20340 incremental_pipeline.cc:646] => Could not register, trying another image.
I20261002 19:52:03.358241 20340 incremental_pipeline.cc:620] Registering image #132 (num_reg_frames=10)
I20261002 19:52:03.358293 20340 incremental_pipeline.cc:623] => Image sees 119 / 208 points
I20261002 19:52:03.358364 20340 incremental_pipeline.cc:646] => Could not register, trying another image.
I20261002 19:52:03.358417 20340 incremental_pipeline.cc:620] Registering image #100 (num_reg_frames=10)
I20261002 19:52:03.358468 20340 incremental_pipeline.cc:623] => Image sees 118 / 201 points
I20261002 19:52:03.358563 20340 incremental_pipeline.cc:646] => Could not register, trying another image.
I20261002 19:52:03.358611 20340 incremental_pipeline.cc:620] Registering image #129 (num_reg_frames=10)
I20261002 19:52:03.358713 20340 incremental_pipeline.cc:623] => Image sees 112 / 183 points
I20261002 19:52:03.358780 20340 incremental_pipeline.cc:646] => Could not register, trying another image.
I20261002 19:52:03.358827 20340 incremental_pipeline.cc:620] Registering image #101 (num_reg_frames=10)
I20261002 19:52:03.358874 20340 incremental_pipeline.cc:623] => Image sees 112 / 172 points
I20261002 19:52:03.358940 20340 incremental_pipeline.cc:646] => Could not register, trying another image.
I20261002 19:52:03.358987 20340 incremental_pipeline.cc:620] Registering image #102 (num_reg_frames=10)
I20261002 19:52:03.359034 20340 incremental_pipeline.cc:623] => Image sees 108 / 190 points
I20261002 19:52:03.359098 20340 incremental_pipeline.cc:646] => Could not register, trying another image.
I20261002 19:52:03.359144 20340 incremental_pipeline.cc:620] Registering image #99 (num_reg_frames=10)
I20261002 19:52:03.359191 20340 incremental_pipeline.cc:623] => Image sees 103 / 194 points
I20261002 19:52:03.359254 20340 incremental_pipeline.cc:646] => Could not register, trying another image.
I20261002 19:52:03.359302 20340 incremental_pipeline.cc:620] Registering image #131 (num_reg_frames=10)
I20261002 19:52:03.359349 20340 incremental_pipeline.cc:623] => Image sees 108 / 200 points
I20261002 19:52:03.359416 20340 incremental_pipeline.cc:646] => Could not register, trying another image.
I20261002 19:52:03.359463 20340 incremental_pipeline.cc:620] Registering image #98 (num_reg_frames=10)
I20261002 19:52:03.359510 20340 incremental_pipeline.cc:623] => Image sees 105 / 202 points
I20261002 19:52:03.359573 20340 incremental_pipeline.cc:646] => Could not register, trying another image.
I20261002 19:52:03.359620 20340 incremental_pipeline.cc:620] Registering image #123 (num_reg_frames=10)
I20261002 19:52:03.359668 20340 incremental_pipeline.cc:623] => Image sees 104 / 182 points
I20261002 19:52:03.359732 20340 incremental_pipeline.cc:646] => Could not register, trying another image.
I20261002 19:52:03.359779 20340 incremental_pipeline.cc:620] Registering image #106 (num_reg_frames=10)
I20261002 19:52:03.359825 20340 incremental_pipeline.cc:623] => Image sees 110 / 164 points
I20261002 19:52:03.359890 20340 incremental_pipeline.cc:646] => Could not register, trying another image.
I20261002 19:52:03.359957 20340 incremental_pipeline.cc:620] Registering image #94 (num_reg_frames=10)
I20261002 19:52:03.360074 20340 incremental_pipeline.cc:623] => Image sees 105 / 201 points
I20261002 19:52:03.360174 20340 incremental_pipeline.cc:646] => Could not register, trying another image.
I20261002 19:52:03.360241 20340 incremental_pipeline.cc:620] Registering image #126 (num_reg_frames=10)
I20261002 19:52:03.360302 20340 incremental_pipeline.cc:623] => Image sees 106 / 177 points
I20261002 19:52:03.360376 20340 incremental_pipeline.cc:646] => Could not register, trying another image.
I20261002 19:52:03.360432 20340 incremental_pipeline.cc:620] Registering image #95 (num_reg_frames=10)
I20261002 19:52:03.360487 20340 incremental_pipeline.cc:623] => Image sees 104 / 201 points
I20261002 19:52:03.360558 20340 incremental_pipeline.cc:646] => Could not register, trying another image.
I20261002 19:52:03.360613 20340 incremental_pipeline.cc:620] Registering image #125 (num_reg_frames=10)
I20261002 19:52:03.360666 20340 incremental_pipeline.cc:623] => Image sees 104 / 195 points
I20261002 19:52:03.360735 20340 incremental_pipeline.cc:646] => Could not register, trying another image.
I20261002 19:52:03.360789 20340 incremental_pipeline.cc:620] Registering image #104 (num_reg_frames=10)
I20261002 19:52:03.360842 20340 incremental_pipeline.cc:623] => Image sees 109 / 171 points
I20261002 19:52:03.360912 20340 incremental_pipeline.cc:646] => Could not register, trying another image.
I20261002 19:52:03.360966 20340 incremental_pipeline.cc:620] Registering image #44 (num_reg_frames=10)
I20261002 19:52:03.361023 20340 incremental_pipeline.cc:623] => Image sees 101 / 212 points
I20261002 19:52:03.361114 20340 incremental_pipeline.cc:646] => Could not register, trying another image.
I20261002 19:52:03.361168 20340 incremental_pipeline.cc:620] Registering image #93 (num_reg_frames=10)
I20261002 19:52:03.361222 20340 incremental_pipeline.cc:623] => Image sees 101 / 210 points
I20261002 19:52:03.361363 20340 incremental_pipeline.cc:646] => Could not register, trying another image.
I20261002 19:52:03.361511 20340 incremental_pipeline.cc:620] Registering image #61 (num_reg_frames=10)
I20261002 19:52:03.361602 20340 incremental_pipeline.cc:623] => Image sees 98 / 211 points
I20261002 19:52:03.361682 20340 incremental_pipeline.cc:646] => Could not register, trying another image.
I20261002 19:52:03.361731 20340 incremental_pipeline.cc:620] Registering image #121 (num_reg_frames=10)
I20261002 19:52:03.361780 20340 incremental_pipeline.cc:623] => Image sees 100 / 182 points
I20261002 19:52:03.361867 20340 incremental_pipeline.cc:646] => Could not register, trying another image.
I20261002 19:52:03.361914 20340 incremental_pipeline.cc:620] Registering image #119 (num_reg_frames=10)
I20261002 19:52:03.361961 20340 incremental_pipeline.cc:623] => Image sees 100 / 183 points
I20261002 19:52:03.362026 20340 incremental_pipeline.cc:646] => Could not register, trying another image.
I20261002 19:52:03.362075 20340 incremental_pipeline.cc:620] Registering image #122 (num_reg_frames=10)
I20261002 19:52:03.362121 20340 incremental_pipeline.cc:623] => Image sees 105 / 165 points
I20261002 19:52:03.362182 20340 incremental_pipeline.cc:646] => Could not register, trying another image.
I20261002 19:52:03.362227 20340 incremental_pipeline.cc:620] Registering image #43 (num_reg_frames=10)
I20261002 19:52:03.362274 20340 incremental_pipeline.cc:623] => Image sees 97 / 208 points
I20261002 19:52:03.362339 20340 incremental_pipeline.cc:646] => Could not register, trying another image.
I20261002 19:52:03.362421 20340 incremental_pipeline.cc:620] Registering image #90 (num_reg_frames=10)
I20261002 19:52:03.362496 20340 incremental_pipeline.cc:623] => Image sees 90 / 203 points
I20261002 19:52:03.362560 20340 incremental_pipeline.cc:646] => Could not register, trying another image.
I20261002 19:52:03.362607 20340 incremental_pipeline.cc:620] Registering image #72 (num_reg_frames=10)
I20261002 19:52:03.362654 20340 incremental_pipeline.cc:623] => Image sees 96 / 203 points
I20261002 19:52:03.362741 20340 incremental_pipeline.cc:646] => Could not register, trying another image.
I20261002 19:52:03.362790 20340 incremental_pipeline.cc:620] Registering image #85 (num_reg_frames=10)
I20261002 19:52:03.362841 20340 incremental_pipeline.cc:623] => Image sees 96 / 197 points
I20261002 19:52:03.362905 20340 incremental_pipeline.cc:646] => Could not register, trying another image.
I20261002 19:52:03.362952 20340 incremental_pipeline.cc:620] Registering image #105 (num_reg_frames=10)
I20261002 19:52:03.362999 20340 incremental_pipeline.cc:623] => Image sees 98 / 161 points
I20261002 19:52:03.363070 20340 incremental_pipeline.cc:646] => Could not register, trying another image.
I20261002 19:52:03.363116 20340 incremental_pipeline.cc:620] Registering image #137 (num_reg_frames=10)
I20261002 19:52:03.363163 20340 incremental_pipeline.cc:623] => Image sees 91 / 145 points
I20261002 19:52:03.363224 20340 incremental_pipeline.cc:646] => Could not register, trying another image.
I20261002 19:52:03.363269 20340 incremental_pipeline.cc:620] Registering image #96 (num_reg_frames=10)
I20261002 19:52:03.363315 20340 incremental_pipeline.cc:623] => Image sees 89 / 202 points
I20261002 19:52:03.363374 20340 incremental_pipeline.cc:646] => Could not register, trying another image.
I20261002 19:52:03.363420 20340 incremental_pipeline.cc:620] Registering image #53 (num_reg_frames=10)
I20261002 19:52:03.363468 20340 incremental_pipeline.cc:623] => Image sees 88 / 216 points
I20261002 19:52:03.363531 20340 incremental_pipeline.cc:646] => Could not register, trying another image.
I20261002 19:52:03.363578 20340 incremental_pipeline.cc:620] Registering image #39 (num_reg_frames=10)
I20261002 19:52:03.363634 20340 incremental_pipeline.cc:623] => Image sees 90 / 214 points
I20261002 19:52:03.363698 20340 incremental_pipeline.cc:646] => Could not register, trying another image.
I20261002 19:52:03.363743 20340 incremental_pipeline.cc:620] Registering image #118 (num_reg_frames=10)
I20261002 19:52:03.363789 20340 incremental_pipeline.cc:623] => Image sees 100 / 174 points
I20261002 19:52:03.363852 20340 incremental_pipeline.cc:646] => Could not register, trying another image.
I20261002 19:52:03.363897 20340 incremental_pipeline.cc:620] Registering image #97 (num_reg_frames=10)
I20261002 19:52:03.363942 20340 incremental_pipeline.cc:623] => Image sees 90 / 193 points
I20261002 19:52:03.364002 20340 incremental_pipeline.cc:646] => Could not register, trying another image.
I20261002 19:52:03.364048 20340 incremental_pipeline.cc:620] Registering image #116 (num_reg_frames=10)
I20261002 19:52:03.364093 20340 incremental_pipeline.cc:623] => Image sees 88 / 155 points
I20261002 19:52:03.364155 20340 incremental_pipeline.cc:646] => Could not register, trying another image.
I20261002 19:52:03.364200 20340 incremental_pipeline.cc:620] Registering image #114 (num_reg_frames=10)
I20261002 19:52:03.364245 20340 incremental_pipeline.cc:623] => Image sees 90 / 151 points
I20261002 19:52:03.364306 20340 incremental_pipeline.cc:646] => Could not register, trying another image.
I20261002 19:52:03.364352 20340 incremental_pipeline.cc:620] Registering image #109 (num_reg_frames=10)
I20261002 19:52:03.364400 20340 incremental_pipeline.cc:623] => Image sees 85 / 133 points
I20261002 19:52:03.364460 20340 incremental_pipeline.cc:646] => Could not register, trying another image.
I20261002 19:52:03.364505 20340 incremental_pipeline.cc:620] Registering image #58 (num_reg_frames=10)
I20261002 19:52:03.364552 20340 incremental_pipeline.cc:623] => Image sees 85 / 224 points
I20261002 19:52:03.364617 20340 incremental_pipeline.cc:646] => Could not register, trying another image.
I20261002 19:52:03.364662 20340 incremental_pipeline.cc:620] Registering image #5 (num_reg_frames=10)
I20261002 19:52:03.364709 20340 incremental_pipeline.cc:623] => Image sees 87 / 198 points
I20261002 19:52:03.364767 20340 incremental_pipeline.cc:646] => Could not register, trying another image.
I20261002 19:52:03.364812 20340 incremental_pipeline.cc:620] Registering image #60 (num_reg_frames=10)
I20261002 19:52:03.364857 20340 incremental_pipeline.cc:623] => Image sees 83 / 209 points
I20261002 19:52:03.364926 20340 incremental_pipeline.cc:646] => Could not register, trying another image.
I20261002 19:52:03.364971 20340 incremental_pipeline.cc:620] Registering image #41 (num_reg_frames=10)
I20261002 19:52:03.365018 20340 incremental_pipeline.cc:623] => Image sees 85 / 237 points
I20261002 19:52:03.365085 20340 incremental_pipeline.cc:646] => Could not register, trying another image.
I20261002 19:52:03.365131 20340 incremental_pipeline.cc:620] Registering image #120 (num_reg_frames=10)
I20261002 19:52:03.365180 20340 incremental_pipeline.cc:623] => Image sees 89 / 170 points
I20261002 19:52:03.365240 20340 incremental_pipeline.cc:646] => Could not register, trying another image.
I20261002 19:52:03.365286 20340 incremental_pipeline.cc:620] Registering image #67 (num_reg_frames=10)
I20261002 19:52:03.365334 20340 incremental_pipeline.cc:623] => Image sees 78 / 215 points
I20261002 19:52:03.365397 20340 incremental_pipeline.cc:646] => Could not register, trying another image.
I20261002 19:52:03.365444 20340 incremental_pipeline.cc:620] Registering image #112 (num_reg_frames=10)
I20261002 19:52:03.365490 20340 incremental_pipeline.cc:623] => Image sees 86 / 151 points
I20261002 19:52:03.365549 20340 incremental_pipeline.cc:646] => Could not register, trying another image.
I20261002 19:52:03.365595 20340 incremental_pipeline.cc:620] Registering image #66 (num_reg_frames=10)
I20261002 19:52:03.365642 20340 incremental_pipeline.cc:623] => Image sees 82 / 222 points
I20261002 19:52:03.365705 20340 incremental_pipeline.cc:646] => Could not register, trying another image.
I20261002 19:52:03.365758 20340 incremental_pipeline.cc:620] Registering image #36 (num_reg_frames=10)
I20261002 19:52:03.365803 20340 incremental_pipeline.cc:623] => Image sees 82 / 224 points
I20261002 19:52:03.365867 20340 incremental_pipeline.cc:646] => Could not register, trying another image.
I20261002 19:52:03.365912 20340 incremental_pipeline.cc:620] Registering image #113 (num_reg_frames=10)
I20261002 19:52:03.365959 20340 incremental_pipeline.cc:623] => Image sees 83 / 143 points
I20261002 19:52:03.366018 20340 incremental_pipeline.cc:646] => Could not register, trying another image.
I20261002 19:52:03.366063 20340 incremental_pipeline.cc:620] Registering image #117 (num_reg_frames=10)
I20261002 19:52:03.366109 20340 incremental_pipeline.cc:623] => Image sees 81 / 153 points
I20261002 19:52:03.366169 20340 incremental_pipeline.cc:646] => Could not register, trying another image.
I20261002 19:52:03.366215 20340 incremental_pipeline.cc:620] Registering image #64 (num_reg_frames=10)
I20261002 19:52:03.366260 20340 incremental_pipeline.cc:623] => Image sees 74 / 211 points
I20261002 19:52:03.366324 20340 incremental_pipeline.cc:646] => Could not register, trying another image.
I20261002 19:52:03.366369 20340 incremental_pipeline.cc:620] Registering image #134 (num_reg_frames=10)
I20261002 19:52:03.366416 20340 incremental_pipeline.cc:623] => Image sees 82 / 165 points
I20261002 19:52:03.366478 20340 incremental_pipeline.cc:646] => Could not register, trying another image.
I20261002 19:52:03.366523 20340 incremental_pipeline.cc:620] Registering image #69 (num_reg_frames=10)
I20261002 19:52:03.366568 20340 incremental_pipeline.cc:623] => Image sees 69 / 212 points
I20261002 19:52:03.366630 20340 incremental_pipeline.cc:646] => Could not register, trying another image.
I20261002 19:52:03.367228 20340 incremental_pipeline.cc:620] Registering image #115 (num_reg_frames=10)
I20261002 19:52:03.367275 20340 incremental_pipeline.cc:623] => Image sees 74 / 139 points
I20261002 19:52:03.367333 20340 incremental_pipeline.cc:646] => Could not register, trying another image.
I20261002 19:52:03.367378 20340 incremental_pipeline.cc:620] Registering image #135 (num_reg_frames=10)
I20261002 19:52:03.367423 20340 incremental_pipeline.cc:623] => Image sees 71 / 158 points
I20261002 19:52:03.367484 20340 incremental_pipeline.cc:646] => Could not register, trying another image.
I20261002 19:52:03.367530 20340 incremental_pipeline.cc:620] Registering image #15 (num_reg_frames=10)
I20261002 19:52:03.367602 20340 incremental_pipeline.cc:623] => Image sees 65 / 231 points
I20261002 19:52:03.367672 20340 incremental_pipeline.cc:646] => Could not register, trying another image.
I20261002 19:52:03.367821 20340 incremental_pipeline.cc:620] Registering image #92 (num_reg_frames=10)
I20261002 19:52:03.367898 20340 incremental_pipeline.cc:623] => Image sees 66 / 192 points
I20261002 19:52:03.367992 20340 incremental_pipeline.cc:646] => Could not register, trying another image.
I20261002 19:52:03.368053 20340 incremental_pipeline.cc:620] Registering image #13 (num_reg_frames=10)
I20261002 19:52:03.368118 20340 incremental_pipeline.cc:623] => Image sees 64 / 215 points
I20261002 19:52:03.368247 20340 incremental_pipeline.cc:646] => Could not register, trying another image.
I20261002 19:52:03.368306 20340 incremental_pipeline.cc:620] Registering image #19 (num_reg_frames=10)
I20261002 19:52:03.368379 20340 incremental_pipeline.cc:623] => Image sees 64 / 219 points
I20261002 19:52:03.368457 20340 incremental_pipeline.cc:646] => Could not register, trying another image.
I20261002 19:52:03.368507 20340 incremental_pipeline.cc:620] Registering image #80 (num_reg_frames=10)
I20261002 19:52:03.368553 20340 incremental_pipeline.cc:623] => Image sees 66 / 202 points
I20261002 19:52:03.368616 20340 incremental_pipeline.cc:646] => Could not register, trying another image.
I20261002 19:52:03.368663 20340 incremental_pipeline.cc:620] Registering image #55 (num_reg_frames=10)
I20261002 19:52:03.368709 20340 incremental_pipeline.cc:623] => Image sees 63 / 220 points
I20261002 19:52:03.368783 20340 incremental_pipeline.cc:646] => Could not register, trying another image.
I20261002 19:52:03.368829 20340 incremental_pipeline.cc:620] Registering image #81 (num_reg_frames=10)
I20261002 19:52:03.368875 20340 incremental_pipeline.cc:623] => Image sees 67 / 204 points
I20261002 19:52:03.368939 20340 incremental_pipeline.cc:646] => Could not register, trying another image.
I20261002 19:52:03.368984 20340 incremental_pipeline.cc:620] Registering image #2 (num_reg_frames=10)
I20261002 19:52:03.369032 20340 incremental_pipeline.cc:623] => Image sees 64 / 197 points
I20261002 19:52:03.369110 20340 incremental_pipeline.cc:646] => Could not register, trying another image.
I20261002 19:52:03.369157 20340 incremental_pipeline.cc:620] Registering image #49 (num_reg_frames=10)
I20261002 19:52:03.369205 20340 incremental_pipeline.cc:623] => Image sees 61 / 210 points
I20261002 19:52:03.369269 20340 incremental_pipeline.cc:646] => Could not register, trying another image.
I20261002 19:52:03.369316 20340 incremental_pipeline.cc:620] Registering image #47 (num_reg_frames=10)
I20261002 19:52:03.369363 20340 incremental_pipeline.cc:623] => Image sees 62 / 206 points
I20261002 19:52:03.369428 20340 incremental_pipeline.cc:646] => Could not register, trying another image.
I20261002 19:52:03.369474 20340 incremental_pipeline.cc:620] Registering image #70 (num_reg_frames=10)
I20261002 19:52:03.369520 20340 incremental_pipeline.cc:623] => Image sees 60 / 217 points
I20261002 19:52:03.369582 20340 incremental_pipeline.cc:646] => Could not register, trying another image.
I20261002 19:52:03.369628 20340 incremental_pipeline.cc:620] Registering image #91 (num_reg_frames=10)
I20261002 19:52:03.369673 20340 incremental_pipeline.cc:623] => Image sees 62 / 194 points
I20261002 19:52:03.369733 20340 incremental_pipeline.cc:646] => Could not register, trying another image.
I20261002 19:52:03.369780 20340 incremental_pipeline.cc:620] Registering image #7 (num_reg_frames=10)
I20261002 19:52:03.369827 20340 incremental_pipeline.cc:623] => Image sees 56 / 189 points
I20261002 19:52:03.369883 20340 incremental_pipeline.cc:646] => Could not register, trying another image.
I20261002 19:52:03.369929 20340 incremental_pipeline.cc:620] Registering image #74 (num_reg_frames=10)
I20261002 19:52:03.369974 20340 incremental_pipeline.cc:623] => Image sees 61 / 207 points
I20261002 19:52:03.370039 20340 incremental_pipeline.cc:646] => Could not register, trying another image.
I20261002 19:52:03.370086 20340 incremental_pipeline.cc:620] Registering image #59 (num_reg_frames=10)
I20261002 19:52:03.370134 20340 incremental_pipeline.cc:623] => Image sees 57 / 205 points
I20261002 19:52:03.370198 20340 incremental_pipeline.cc:646] => Could not register, trying another image.
I20261002 19:52:03.370243 20340 incremental_pipeline.cc:620] Registering image #142 (num_reg_frames=10)
I20261002 19:52:03.370289 20340 incremental_pipeline.cc:623] => Image sees 60 / 150 points
I20261002 19:52:03.370348 20340 incremental_pipeline.cc:646] => Could not register, trying another image.
I20261002 19:52:03.370393 20340 incremental_pipeline.cc:620] Registering image #140 (num_reg_frames=10)
I20261002 19:52:03.370439 20340 incremental_pipeline.cc:623] => Image sees 60 / 157 points
I20261002 19:52:03.370496 20340 incremental_pipeline.cc:646] => Could not register, trying another image.
I20261002 19:52:03.370541 20340 incremental_pipeline.cc:620] Registering image #77 (num_reg_frames=10)
I20261002 19:52:03.370587 20340 incremental_pipeline.cc:623] => Image sees 56 / 217 points
I20261002 19:52:03.370649 20340 incremental_pipeline.cc:646] => Could not register, trying another image.
I20261002 19:52:03.370694 20340 incremental_pipeline.cc:620] Registering image #45 (num_reg_frames=10)
I20261002 19:52:03.370741 20340 incremental_pipeline.cc:623] => Image sees 58 / 211 points
I20261002 19:52:03.370806 20340 incremental_pipeline.cc:646] => Could not register, trying another image.
I20261002 19:52:03.370852 20340 incremental_pipeline.cc:620] Registering image #138 (num_reg_frames=10)
I20261002 19:52:03.370905 20340 incremental_pipeline.cc:623] => Image sees 61 / 140 points
I20261002 19:52:03.370974 20340 incremental_pipeline.cc:646] => Could not register, trying another image.
I20261002 19:52:03.371020 20340 incremental_pipeline.cc:620] Registering image #139 (num_reg_frames=10)
I20261002 19:52:03.371065 20340 incremental_pipeline.cc:623] => Image sees 57 / 139 points
I20261002 19:52:03.371121 20340 incremental_pipeline.cc:646] => Could not register, trying another image.
I20261002 19:52:03.371168 20340 incremental_pipeline.cc:620] Registering image #71 (num_reg_frames=10)
I20261002 19:52:03.371215 20340 incremental_pipeline.cc:623] => Image sees 52 / 212 points
I20261002 19:52:03.371277 20340 incremental_pipeline.cc:646] => Could not register, trying another image.
I20261002 19:52:03.371323 20340 incremental_pipeline.cc:620] Registering image #143 (num_reg_frames=10)
I20261002 19:52:03.371371 20340 incremental_pipeline.cc:623] => Image sees 55 / 133 points
I20261002 19:52:03.371426 20340 incremental_pipeline.cc:646] => Could not register, trying another image.
I20261002 19:52:03.371473 20340 incremental_pipeline.cc:620] Registering image #9 (num_reg_frames=10)
I20261002 19:52:03.371520 20340 incremental_pipeline.cc:623] => Image sees 50 / 191 points
I20261002 19:52:03.371578 20340 incremental_pipeline.cc:646] => Could not register, trying another image.
I20261002 19:52:03.371624 20340 incremental_pipeline.cc:620] Registering image #146 (num_reg_frames=10)
I20261002 19:52:03.371671 20340 incremental_pipeline.cc:623] => Image sees 46 / 111 points
I20261002 19:52:03.371724 20340 incremental_pipeline.cc:646] => Could not register, trying another image.
I20261002 19:52:03.371771 20340 incremental_pipeline.cc:620] Registering image #144 (num_reg_frames=10)
I20261002 19:52:03.371819 20340 incremental_pipeline.cc:623] => Image sees 49 / 127 points
I20261002 19:52:03.371873 20340 incremental_pipeline.cc:646] => Could not register, trying another image.
I20261002 19:52:03.371918 20340 incremental_pipeline.cc:620] Registering image #141 (num_reg_frames=10)
I20261002 19:52:03.371964 20340 incremental_pipeline.cc:623] => Image sees 46 / 141 points
I20261002 19:52:03.372022 20340 incremental_pipeline.cc:646] => Could not register, trying another image.
I20261002 19:52:03.372068 20340 incremental_pipeline.cc:620] Registering image #147 (num_reg_frames=10)
I20261002 19:52:03.372116 20340 incremental_pipeline.cc:623] => Image sees 40 / 130 points
I20261002 19:52:03.372170 20340 incremental_pipeline.cc:646] => Could not register, trying another image.
I20261002 19:52:03.372225 20340 incremental_pipeline.cc:620] Registering image #121 (num_reg_frames=10)
I20261002 19:52:03.372273 20340 incremental_pipeline.cc:623] => Image sees 100 / 182 points
I20261002 19:52:03.372320 20340 incremental_pipeline.cc:629] Registering image with structure-less fallback
I20261002 19:52:03.372367 20340 incremental_pipeline.cc:631] => Image sees 854 / 5092 correspondences
I20261002 19:52:03.372446 20340 incremental_pipeline.cc:646] => Could not register, trying another image.
I20261002 19:52:03.372493 20340 incremental_pipeline.cc:620] Registering image #100 (num_reg_frames=10)
I20261002 19:52:03.372540 20340 incremental_pipeline.cc:623] => Image sees 118 / 201 points
I20261002 19:52:03.372587 20340 incremental_pipeline.cc:629] Registering image with structure-less fallback
I20261002 19:52:03.372632 20340 incremental_pipeline.cc:631] => Image sees 722 / 6464 correspondences
I20261002 19:52:03.372714 20340 incremental_pipeline.cc:646] => Could not register, trying another image.
I20261002 19:52:03.372763 20340 incremental_pipeline.cc:620] Registering image #132 (num_reg_frames=10)
I20261002 19:52:03.372809 20340 incremental_pipeline.cc:623] => Image sees 119 / 208 points
I20261002 19:52:03.372855 20340 incremental_pipeline.cc:629] Registering image with structure-less fallback
I20261002 19:52:03.372900 20340 incremental_pipeline.cc:631] => Image sees 552 / 1711 correspondences
I20261002 19:52:03.372964 20340 incremental_pipeline.cc:646] => Could not register, trying another image.
I20261002 19:52:03.373016 20340 incremental_pipeline.cc:620] Registering image #131 (num_reg_frames=10)
I20261002 19:52:03.373063 20340 incremental_pipeline.cc:623] => Image sees 108 / 200 points
I20261002 19:52:03.373109 20340 incremental_pipeline.cc:629] Registering image with structure-less fallback
I20261002 19:52:03.373154 20340 incremental_pipeline.cc:631] => Image sees 536 / 1553 correspondences
I20261002 19:52:03.373217 20340 incremental_pipeline.cc:646] => Could not register, trying another image.
I20261002 19:52:03.373262 20340 incremental_pipeline.cc:620] Registering image #105 (num_reg_frames=10)
I20261002 19:52:03.373309 20340 incremental_pipeline.cc:623] => Image sees 98 / 161 points
I20261002 19:52:03.373356 20340 incremental_pipeline.cc:629] Registering image with structure-less fallback
I20261002 19:52:03.373402 20340 incremental_pipeline.cc:631] => Image sees 530 / 1730 correspondences
I20261002 19:52:03.373465 20340 incremental_pipeline.cc:646] => Could not register, trying another image.
I20261002 19:52:03.373510 20340 incremental_pipeline.cc:620] Registering image #106 (num_reg_frames=10)
I20261002 19:52:03.373557 20340 incremental_pipeline.cc:623] => Image sees 110 / 164 points
I20261002 19:52:03.373601 20340 incremental_pipeline.cc:629] Registering image with structure-less fallback
I20261002 19:52:03.373654 20340 incremental_pipeline.cc:631] => Image sees 492 / 1740 correspondences
I20261002 19:52:03.373760 20340 incremental_pipeline.cc:646] => Could not register, trying another image.
I20261002 19:52:03.373936 20340 incremental_pipeline.cc:620] Registering image #124 (num_reg_frames=10)
I20261002 19:52:03.374001 20340 incremental_pipeline.cc:623] => Image sees 116 / 173 points
I20261002 19:52:03.374050 20340 incremental_pipeline.cc:629] Registering image with structure-less fallback
I20261002 19:52:03.374115 20340 incremental_pipeline.cc:631] => Image sees 489 / 1479 correspondences
I20261002 19:52:03.374181 20340 incremental_pipeline.cc:646] => Could not register, trying another image.
I20261002 19:52:03.374227 20340 incremental_pipeline.cc:620] Registering image #134 (num_reg_frames=10)
I20261002 19:52:03.374273 20340 incremental_pipeline.cc:623] => Image sees 82 / 165 points
I20261002 19:52:03.374322 20340 incremental_pipeline.cc:629] Registering image with structure-less fallback
I20261002 19:52:03.374367 20340 incremental_pipeline.cc:631] => Image sees 453 / 1224 correspondences
I20261002 19:52:03.374429 20340 incremental_pipeline.cc:646] => Could not register, trying another image.
I20261002 19:52:03.374475 20340 incremental_pipeline.cc:620] Registering image #109 (num_reg_frames=10)
I20261002 19:52:03.374521 20340 incremental_pipeline.cc:623] => Image sees 85 / 133 points
I20261002 19:52:03.374566 20340 incremental_pipeline.cc:629] Registering image with structure-less fallback
I20261002 19:52:03.374614 20340 incremental_pipeline.cc:631] => Image sees 440 / 1248 correspondences
I20261002 19:52:03.374670 20340 incremental_pipeline.cc:646] => Could not register, trying another image.
I20261002 19:52:03.374715 20340 incremental_pipeline.cc:620] Registering image #101 (num_reg_frames=10)
I20261002 19:52:03.374761 20340 incremental_pipeline.cc:623] => Image sees 112 / 172 points
I20261002 19:52:03.374807 20340 incremental_pipeline.cc:629] Registering image with structure-less fallback
I20261002 19:52:03.374852 20340 incremental_pipeline.cc:631] => Image sees 432 / 1835 correspondences
I20261002 19:52:03.374914 20340 incremental_pipeline.cc:646] => Could not register, trying another image.
I20261002 19:52:03.374959 20340 incremental_pipeline.cc:620] Registering image #138 (num_reg_frames=10)
I20261002 19:52:03.375004 20340 incremental_pipeline.cc:623] => Image sees 61 / 140 points
I20261002 19:52:03.375050 20340 incremental_pipeline.cc:629] Registering image with structure-less fallback
I20261002 19:52:03.375095 20340 incremental_pipeline.cc:631] => Image sees 427 / 2645 correspondences
I20261002 19:52:03.375159 20340 incremental_pipeline.cc:646] => Could not register, trying another image.
I20261002 19:52:03.375213 20340 incremental_pipeline.cc:620] Registering image #126 (num_reg_frames=10)
I20261002 19:52:03.375259 20340 incremental_pipeline.cc:623] => Image sees 106 / 177 points
I20261002 19:52:03.375304 20340 incremental_pipeline.cc:629] Registering image with structure-less fallback
I20261002 19:52:03.375348 20340 incremental_pipeline.cc:631] => Image sees 427 / 1502 correspondences
I20261002 19:52:03.375407 20340 incremental_pipeline.cc:646] => Could not register, trying another image.
I20261002 19:52:03.375452 20340 incremental_pipeline.cc:620] Registering image #135 (num_reg_frames=10)
I20261002 19:52:03.375498 20340 incremental_pipeline.cc:623] => Image sees 71 / 158 points
I20261002 19:52:03.375544 20340 incremental_pipeline.cc:629] Registering image with structure-less fallback
I20261002 19:52:03.375589 20340 incremental_pipeline.cc:631] => Image sees 425 / 1095 correspondences
I20261002 19:52:03.375648 20340 incremental_pipeline.cc:646] => Could not register, trying another image.
I20261002 19:52:03.375693 20340 incremental_pipeline.cc:620] Registering image #104 (num_reg_frames=10)
I20261002 19:52:03.375738 20340 incremental_pipeline.cc:623] => Image sees 109 / 171 points
I20261002 19:52:03.375785 20340 incremental_pipeline.cc:629] Registering image with structure-less fallback
I20261002 19:52:03.375830 20340 incremental_pipeline.cc:631] => Image sees 422 / 1569 correspondences
I20261002 19:52:03.375890 20340 incremental_pipeline.cc:646] => Could not register, trying another image.
I20261002 19:52:03.375935 20340 incremental_pipeline.cc:620] Registering image #98 (num_reg_frames=10)
I20261002 19:52:03.375980 20340 incremental_pipeline.cc:623] => Image sees 105 / 202 points
I20261002 19:52:03.376026 20340 incremental_pipeline.cc:629] Registering image with structure-less fallback
I20261002 19:52:03.376071 20340 incremental_pipeline.cc:631] => Image sees 399 / 1825 correspondences
I20261002 19:52:03.376133 20340 incremental_pipeline.cc:646] => Could not register, trying another image.
I20261002 19:52:03.376177 20340 incremental_pipeline.cc:620] Registering image #129 (num_reg_frames=10)
I20261002 19:52:03.376222 20340 incremental_pipeline.cc:623] => Image sees 112 / 183 points
I20261002 19:52:03.376270 20340 incremental_pipeline.cc:629] Registering image with structure-less fallback
I20261002 19:52:03.376315 20340 incremental_pipeline.cc:631] => Image sees 395 / 1670 correspondences
I20261002 19:52:03.376376 20340 incremental_pipeline.cc:646] => Could not register, trying another image.
I20261002 19:52:03.376422 20340 incremental_pipeline.cc:620] Registering image #123 (num_reg_frames=10)
I20261002 19:52:03.376468 20340 incremental_pipeline.cc:623] => Image sees 104 / 182 points
I20261002 19:52:03.376514 20340 incremental_pipeline.cc:629] Registering image with structure-less fallback
I20261002 19:52:03.376559 20340 incremental_pipeline.cc:631] => Image sees 384 / 1691 correspondences
I20261002 19:52:03.376619 20340 incremental_pipeline.cc:646] => Could not register, trying another image.
I20261002 19:52:03.376666 20340 incremental_pipeline.cc:620] Registering image #113 (num_reg_frames=10)
I20261002 19:52:03.376713 20340 incremental_pipeline.cc:623] => Image sees 83 / 143 points
I20261002 19:52:03.376758 20340 incremental_pipeline.cc:629] Registering image with structure-less fallback
I20261002 19:52:03.376803 20340 incremental_pipeline.cc:631] => Image sees 378 / 1242 correspondences
I20261002 19:52:03.376860 20340 incremental_pipeline.cc:646] => Could not register, trying another image.
I20261002 19:52:03.376909 20340 incremental_pipeline.cc:620] Registering image #119 (num_reg_frames=10)
I20261002 19:52:03.376957 20340 incremental_pipeline.cc:623] => Image sees 100 / 183 points
I20261002 19:52:03.377001 20340 incremental_pipeline.cc:629] Registering image with structure-less fallback
I20261002 19:52:03.377045 20340 incremental_pipeline.cc:631] => Image sees 375 / 1696 correspondences
I20261002 19:52:03.377105 20340 incremental_pipeline.cc:646] => Could not register, trying another image.
I20261002 19:52:03.377156 20340 incremental_pipeline.cc:620] Registering image #137 (num_reg_frames=10)
I20261002 19:52:03.377200 20340 incremental_pipeline.cc:623] => Image sees 91 / 145 points
I20261002 19:52:03.377243 20340 incremental_pipeline.cc:629] Registering image with structure-less fallback
I20261002 19:52:03.377287 20340 incremental_pipeline.cc:631] => Image sees 313 / 1299 correspondences
I20261002 19:52:03.377343 20340 incremental_pipeline.cc:646] => Could not register, trying another image.
I20261002 19:52:03.377387 20340 incremental_pipeline.cc:620] Registering image #116 (num_reg_frames=10)
I20261002 19:52:03.377431 20340 incremental_pipeline.cc:623] => Image sees 88 / 155 points
I20261002 19:52:03.377474 20340 incremental_pipeline.cc:629] Registering image with structure-less fallback
I20261002 19:52:03.377518 20340 incremental_pipeline.cc:631] => Image sees 273 / 1667 correspondences
I20261002 19:52:03.377575 20340 incremental_pipeline.cc:646] => Could not register, trying another image.
I20261002 19:52:03.377619 20340 incremental_pipeline.cc:620] Registering image #114 (num_reg_frames=10)
I20261002 19:52:03.377663 20340 incremental_pipeline.cc:623] => Image sees 90 / 151 points
I20261002 19:52:03.377707 20340 incremental_pipeline.cc:629] Registering image with structure-less fallback
I20261002 19:52:03.377750 20340 incremental_pipeline.cc:631] => Image sees 271 / 1419 correspondences
I20261002 19:52:03.377806 20340 incremental_pipeline.cc:646] => Could not register, trying another image.
I20261002 19:52:03.377849 20340 incremental_pipeline.cc:620] Registering image #102 (num_reg_frames=10)
I20261002 19:52:03.377894 20340 incremental_pipeline.cc:623] => Image sees 108 / 190 points
I20261002 19:52:03.377938 20340 incremental_pipeline.cc:629] Registering image with structure-less fallback
I20261002 19:52:03.377985 20340 incremental_pipeline.cc:631] => Image sees 271 / 2082 correspondences
I20261002 19:52:03.378045 20340 incremental_pipeline.cc:646] => Could not register, trying another image.
I20261002 19:52:03.378089 20340 incremental_pipeline.cc:620] Registering image #118 (num_reg_frames=10)
I20261002 19:52:03.378133 20340 incremental_pipeline.cc:623] => Image sees 100 / 174 points
I20261002 19:52:03.378208 20340 incremental_pipeline.cc:629] Registering image with structure-less fallback
I20261002 19:52:03.378306 20340 incremental_pipeline.cc:631] => Image sees 268 / 1710 correspondences
I20261002 19:52:03.378366 20340 incremental_pipeline.cc:646] => Could not register, trying another image.
I20261002 19:52:03.378411 20340 incremental_pipeline.cc:620] Registering image #120 (num_reg_frames=10)
I20261002 19:52:03.378455 20340 incremental_pipeline.cc:623] => Image sees 89 / 170 points
I20261002 19:52:03.378499 20340 incremental_pipeline.cc:629] Registering image with structure-less fallback
I20261002 19:52:03.378543 20340 incremental_pipeline.cc:631] => Image sees 264 / 1390 correspondences
I20261002 19:52:03.378600 20340 incremental_pipeline.cc:646] => Could not register, trying another image.
I20261002 19:52:03.378643 20340 incremental_pipeline.cc:620] Registering image #122 (num_reg_frames=10)
I20261002 19:52:03.378687 20340 incremental_pipeline.cc:623] => Image sees 105 / 165 points
I20261002 19:52:03.378730 20340 incremental_pipeline.cc:629] Registering image with structure-less fallback
I20261002 19:52:03.378773 20340 incremental_pipeline.cc:631] => Image sees 264 / 1421 correspondences
I20261002 19:52:03.378830 20340 incremental_pipeline.cc:646] => Could not register, trying another image.
I20261002 19:52:03.378873 20340 incremental_pipeline.cc:620] Registering image #112 (num_reg_frames=10)
I20261002 19:52:03.378917 20340 incremental_pipeline.cc:623] => Image sees 86 / 151 points
I20261002 19:52:03.378962 20340 incremental_pipeline.cc:629] Registering image with structure-less fallback
I20261002 19:52:03.379006 20340 incremental_pipeline.cc:631] => Image sees 259 / 1458 correspondences
I20261002 19:52:03.379062 20340 incremental_pipeline.cc:646] => Could not register, trying another image.
I20261002 19:52:03.379113 20340 incremental_pipeline.cc:620] Registering image #117 (num_reg_frames=10)
I20261002 19:52:03.379158 20340 incremental_pipeline.cc:623] => Image sees 81 / 153 points
I20261002 19:52:03.379201 20340 incremental_pipeline.cc:629] Registering image with structure-less fallback
I20261002 19:52:03.379244 20340 incremental_pipeline.cc:631] => Image sees 251 / 1378 correspondences
I20261002 19:52:03.379300 20340 incremental_pipeline.cc:646] => Could not register, trying another image.
I20261002 19:52:03.379343 20340 incremental_pipeline.cc:620] Registering image #44 (num_reg_frames=10)
I20261002 19:52:03.379387 20340 incremental_pipeline.cc:623] => Image sees 101 / 212 points
I20261002 19:52:03.379430 20340 incremental_pipeline.cc:629] Registering image with structure-less fallback
I20261002 19:52:03.379473 20340 incremental_pipeline.cc:631] => Image sees 244 / 3890 correspondences
I20261002 19:52:03.379539 20340 incremental_pipeline.cc:646] => Could not register, trying another image.
I20261002 19:52:03.379582 20340 incremental_pipeline.cc:620] Registering image #95 (num_reg_frames=10)
I20261002 19:52:03.379625 20340 incremental_pipeline.cc:623] => Image sees 104 / 201 points
I20261002 19:52:03.379668 20340 incremental_pipeline.cc:629] Registering image with structure-less fallback
I20261002 19:52:03.379712 20340 incremental_pipeline.cc:631] => Image sees 201 / 2034 correspondences
I20261002 19:52:03.379885 20340 incremental_pipeline.cc:646] => Could not register, trying another image.
I20261002 19:52:03.379983 20340 incremental_pipeline.cc:620] Registering image #125 (num_reg_frames=10)
I20261002 19:52:03.380040 20340 incremental_pipeline.cc:623] => Image sees 104 / 195 points
I20261002 19:52:03.380086 20340 incremental_pipeline.cc:629] Registering image with structure-less fallback
I20261002 19:52:03.380131 20340 incremental_pipeline.cc:631] => Image sees 196 / 1630 correspondences
I20261002 19:52:03.380190 20340 incremental_pipeline.cc:646] => Could not register, trying another image.
I20261002 19:52:03.380235 20340 incremental_pipeline.cc:620] Registering image #140 (num_reg_frames=10)
I20261002 19:52:03.380282 20340 incremental_pipeline.cc:623] => Image sees 60 / 157 points
I20261002 19:52:03.380331 20340 incremental_pipeline.cc:629] Registering image with structure-less fallback
I20261002 19:52:03.380375 20340 incremental_pipeline.cc:631] => Image sees 196 / 974 correspondences
I20261002 19:52:03.380431 20340 incremental_pipeline.cc:646] => Could not register, trying another image.
I20261002 19:52:03.380502 20340 incremental_pipeline.cc:620] Registering image #94 (num_reg_frames=10)
I20261002 19:52:03.380591 20340 incremental_pipeline.cc:623] => Image sees 105 / 201 points
I20261002 19:52:03.380660 20340 incremental_pipeline.cc:629] Registering image with structure-less fallback
I20261002 19:52:03.380717 20340 incremental_pipeline.cc:631] => Image sees 191 / 2391 correspondences
I20261002 19:52:03.380781 20340 incremental_pipeline.cc:646] => Could not register, trying another image.
I20261002 19:52:03.380826 20340 incremental_pipeline.cc:620] Registering image #99 (num_reg_frames=10)
I20261002 19:52:03.380870 20340 incremental_pipeline.cc:623] => Image sees 103 / 194 points
I20261002 19:52:03.380918 20340 incremental_pipeline.cc:629] Registering image with structure-less fallback
I20261002 19:52:03.380963 20340 incremental_pipeline.cc:631] => Image sees 190 / 2442 correspondences
I20261002 19:52:03.381022 20340 incremental_pipeline.cc:646] => Could not register, trying another image.
I20261002 19:52:03.381066 20340 incremental_pipeline.cc:620] Registering image #93 (num_reg_frames=10)
I20261002 19:52:03.381109 20340 incremental_pipeline.cc:623] => Image sees 101 / 210 points
I20261002 19:52:03.381152 20340 incremental_pipeline.cc:629] Registering image with structure-less fallback
I20261002 19:52:03.381196 20340 incremental_pipeline.cc:631] => Image sees 179 / 8093 correspondences
I20261002 19:52:03.381276 20340 incremental_pipeline.cc:646] => Could not register, trying another image.
I20261002 19:52:03.381327 20340 incremental_pipeline.cc:620] Registering image #115 (num_reg_frames=10)
I20261002 19:52:03.381371 20340 incremental_pipeline.cc:623] => Image sees 74 / 139 points
I20261002 19:52:03.381414 20340 incremental_pipeline.cc:629] Registering image with structure-less fallback
I20261002 19:52:03.381459 20340 incremental_pipeline.cc:631] => Image sees 179 / 1402 correspondences
I20261002 19:52:03.381513 20340 incremental_pipeline.cc:646] => Could not register, trying another image.
I20261002 19:52:03.381558 20340 incremental_pipeline.cc:620] Registering image #43 (num_reg_frames=10)
I20261002 19:52:03.381602 20340 incremental_pipeline.cc:623] => Image sees 97 / 208 points
I20261002 19:52:03.381645 20340 incremental_pipeline.cc:629] Registering image with structure-less fallback
I20261002 19:52:03.381688 20340 incremental_pipeline.cc:631] => Image sees 171 / 2888 correspondences
I20261002 19:52:03.381750 20340 incremental_pipeline.cc:646] => Could not register, trying another image.
I20261002 19:52:03.381794 20340 incremental_pipeline.cc:620] Registering image #61 (num_reg_frames=10)
I20261002 19:52:03.381838 20340 incremental_pipeline.cc:623] => Image sees 98 / 211 points
I20261002 19:52:03.381881 20340 incremental_pipeline.cc:629] Registering image with structure-less fallback
I20261002 19:52:03.381927 20340 incremental_pipeline.cc:631] => Image sees 166 / 3363 correspondences
I20261002 19:52:03.381990 20340 incremental_pipeline.cc:646] => Could not register, trying another image.
I20261002 19:52:03.382033 20340 incremental_pipeline.cc:620] Registering image #142 (num_reg_frames=10)
I20261002 19:52:03.382077 20340 incremental_pipeline.cc:623] => Image sees 60 / 150 points
I20261002 19:52:03.382120 20340 incremental_pipeline.cc:629] Registering image with structure-less fallback
I20261002 19:52:03.382164 20340 incremental_pipeline.cc:631] => Image sees 147 / 1018 correspondences
I20261002 19:52:03.382218 20340 incremental_pipeline.cc:646] => Could not register, trying another image.
I20261002 19:52:03.382261 20340 incremental_pipeline.cc:620] Registering image #5 (num_reg_frames=10)
I20261002 19:52:03.382307 20340 incremental_pipeline.cc:623] => Image sees 87 / 198 points
I20261002 19:52:03.382350 20340 incremental_pipeline.cc:629] Registering image with structure-less fallback
I20261002 19:52:03.382394 20340 incremental_pipeline.cc:631] => Image sees 144 / 1402 correspondences
I20261002 19:52:03.382448 20340 incremental_pipeline.cc:646] => Could not register, trying another image.
I20261002 19:52:03.382492 20340 incremental_pipeline.cc:620] Registering image #141 (num_reg_frames=10)
I20261002 19:52:03.382535 20340 incremental_pipeline.cc:623] => Image sees 46 / 141 points
I20261002 19:52:03.382578 20340 incremental_pipeline.cc:629] Registering image with structure-less fallback
I20261002 19:52:03.382621 20340 incremental_pipeline.cc:631] => Image sees 136 / 744 correspondences
I20261002 19:52:03.382673 20340 incremental_pipeline.cc:646] => Could not register, trying another image.
I20261002 19:52:03.382717 20340 incremental_pipeline.cc:620] Registering image #139 (num_reg_frames=10)
I20261002 19:52:03.382760 20340 incremental_pipeline.cc:623] => Image sees 57 / 139 points
I20261002 19:52:03.382803 20340 incremental_pipeline.cc:629] Registering image with structure-less fallback
I20261002 19:52:03.382846 20340 incremental_pipeline.cc:631] => Image sees 126 / 811 correspondences
I20261002 19:52:03.382899 20340 incremental_pipeline.cc:646] => Could not register, trying another image.
I20261002 19:52:03.382946 20340 incremental_pipeline.cc:620] Registering image #85 (num_reg_frames=10)
I20261002 19:52:03.382990 20340 incremental_pipeline.cc:623] => Image sees 96 / 197 points
I20261002 19:52:03.383034 20340 incremental_pipeline.cc:629] Registering image with structure-less fallback
I20261002 19:52:03.383076 20340 incremental_pipeline.cc:631] => Image sees 125 / 2291 correspondences
I20261002 19:52:03.383135 20340 incremental_pipeline.cc:646] => Could not register, trying another image.
I20261002 19:52:03.383184 20340 incremental_pipeline.cc:620] Registering image #72 (num_reg_frames=10)
I20261002 19:52:03.383228 20340 incremental_pipeline.cc:623] => Image sees 96 / 203 points
I20261002 19:52:03.383271 20340 incremental_pipeline.cc:629] Registering image with structure-less fallback
I20261002 19:52:03.383315 20340 incremental_pipeline.cc:631] => Image sees 119 / 8844 correspondences
I20261002 19:52:03.383396 20340 incremental_pipeline.cc:646] => Could not register, trying another image.
I20261002 19:52:03.383440 20340 incremental_pipeline.cc:620] Registering image #39 (num_reg_frames=10)
I20261002 19:52:03.383483 20340 incremental_pipeline.cc:623] => Image sees 90 / 214 points
I20261002 19:52:03.383527 20340 incremental_pipeline.cc:629] Registering image with structure-less fallback
I20261002 19:52:03.383570 20340 incremental_pipeline.cc:631] => Image sees 119 / 2959 correspondences
I20261002 19:52:03.383631 20340 incremental_pipeline.cc:646] => Could not register, trying another image.
I20261002 19:52:03.383674 20340 incremental_pipeline.cc:620] Registering image #144 (num_reg_frames=10)
I20261002 19:52:03.383717 20340 incremental_pipeline.cc:623] => Image sees 49 / 127 points
I20261002 19:52:03.383761 20340 incremental_pipeline.cc:629] Registering image with structure-less fallback
I20261002 19:52:03.383804 20340 incremental_pipeline.cc:631] => Image sees 117 / 714 correspondences
I20261002 19:52:03.383854 20340 incremental_pipeline.cc:646] => Could not register, trying another image.
I20261002 19:52:03.383898 20340 incremental_pipeline.cc:620] Registering image #143 (num_reg_frames=10)
I20261002 19:52:03.383944 20340 incremental_pipeline.cc:623] => Image sees 55 / 133 points
I20261002 19:52:03.383988 20340 incremental_pipeline.cc:629] Registering image with structure-less fallback
I20261002 19:52:03.384031 20340 incremental_pipeline.cc:631] => Image sees 109 / 719 correspondences
I20261002 19:52:03.384083 20340 incremental_pipeline.cc:646] => Could not register, trying another image.
I20261002 19:52:03.384126 20340 incremental_pipeline.cc:620] Registering image #96 (num_reg_frames=10)
I20261002 19:52:03.384171 20340 incremental_pipeline.cc:623] => Image sees 89 / 202 points
I20261002 19:52:03.384214 20340 incremental_pipeline.cc:629] Registering image with structure-less fallback
I20261002 19:52:03.384257 20340 incremental_pipeline.cc:631] => Image sees 105 / 2134 correspondences
I20261002 19:52:03.384313 20340 incremental_pipeline.cc:646] => Could not register, trying another image.
I20261002 19:52:03.384356 20340 incremental_pipeline.cc:620] Registering image #97 (num_reg_frames=10)
I20261002 19:52:03.384400 20340 incremental_pipeline.cc:623] => Image sees 90 / 193 points
I20261002 19:52:03.384443 20340 incremental_pipeline.cc:629] Registering image with structure-less fallback
I20261002 19:52:03.384487 20340 incremental_pipeline.cc:631] => Image sees 103 / 2422 correspondences
I20261002 19:52:03.384545 20340 incremental_pipeline.cc:646] => Could not register, trying another image.
I20261002 19:52:03.384589 20340 incremental_pipeline.cc:620] Registering image #90 (num_reg_frames=10)
I20261002 19:52:03.384633 20340 incremental_pipeline.cc:623] => Image sees 90 / 203 points
I20261002 19:52:03.384677 20340 incremental_pipeline.cc:629] Registering image with structure-less fallback
I20261002 19:52:03.384720 20340 incremental_pipeline.cc:631] => Image sees 99 / 2322 correspondences
I20261002 19:52:03.384777 20340 incremental_pipeline.cc:646] => Could not register, trying another image.
I20261002 19:52:03.384820 20340 incremental_pipeline.cc:620] Registering image #53 (num_reg_frames=10)
I20261002 19:52:03.384865 20340 incremental_pipeline.cc:623] => Image sees 88 / 216 points
I20261002 19:52:03.384911 20340 incremental_pipeline.cc:629] Registering image with structure-less fallback
I20261002 19:52:03.384956 20340 incremental_pipeline.cc:631] => Image sees 98 / 3119 correspondences
I20261002 19:52:03.385016 20340 incremental_pipeline.cc:646] => Could not register, trying another image.
I20261002 19:52:03.385066 20340 incremental_pipeline.cc:620] Registering image #58 (num_reg_frames=10)
I20261002 19:52:03.385110 20340 incremental_pipeline.cc:623] => Image sees 85 / 224 points
I20261002 19:52:03.385153 20340 incremental_pipeline.cc:629] Registering image with structure-less fallback
I20261002 19:52:03.385197 20340 incremental_pipeline.cc:631] => Image sees 96 / 3466 correspondences
I20261002 19:52:03.385260 20340 incremental_pipeline.cc:646] => Could not register, trying another image.
I20261002 19:52:03.385303 20340 incremental_pipeline.cc:620] Registering image #41 (num_reg_frames=10)
I20261002 19:52:03.385348 20340 incremental_pipeline.cc:623] => Image sees 85 / 237 points
I20261002 19:52:03.385392 20340 incremental_pipeline.cc:629] Registering image with structure-less fallback
I20261002 19:52:03.385435 20340 incremental_pipeline.cc:631] => Image sees 93 / 3386 correspondences
I20261002 19:52:03.385497 20340 incremental_pipeline.cc:646] => Could not register, trying another image.
I20261002 19:52:03.385541 20340 incremental_pipeline.cc:620] Registering image #36 (num_reg_frames=10)
I20261002 19:52:03.385584 20340 incremental_pipeline.cc:623] => Image sees 82 / 224 points
I20261002 19:52:03.385626 20340 incremental_pipeline.cc:629] Registering image with structure-less fallback
I20261002 19:52:03.385669 20340 incremental_pipeline.cc:631] => Image sees 91 / 3343 correspondences
I20261002 19:52:03.385730 20340 incremental_pipeline.cc:646] => Could not register, trying another image.
I20261002 19:52:03.385823 20340 incremental_pipeline.cc:620] Registering image #66 (num_reg_frames=10)
I20261002 19:52:03.385993 20340 incremental_pipeline.cc:623] => Image sees 82 / 222 points
I20261002 19:52:03.386060 20340 incremental_pipeline.cc:629] Registering image with structure-less fallback
I20261002 19:52:03.386112 20340 incremental_pipeline.cc:631] => Image sees 91 / 3011 correspondences
I20261002 19:52:03.386198 20340 incremental_pipeline.cc:646] => Could not register, trying another image.
I20261002 19:52:03.386264 20340 incremental_pipeline.cc:620] Registering image #60 (num_reg_frames=10)
I20261002 19:52:03.386351 20340 incremental_pipeline.cc:623] => Image sees 83 / 209 points
I20261002 19:52:03.386411 20340 incremental_pipeline.cc:629] Registering image with structure-less fallback
I20261002 19:52:03.386485 20340 incremental_pipeline.cc:631] => Image sees 89 / 3615 correspondences
I20261002 19:52:03.386556 20340 incremental_pipeline.cc:646] => Could not register, trying another image.
I20261002 19:52:03.386603 20340 incremental_pipeline.cc:620] Registering image #67 (num_reg_frames=10)
I20261002 19:52:03.386650 20340 incremental_pipeline.cc:623] => Image sees 78 / 215 points
I20261002 19:52:03.386696 20340 incremental_pipeline.cc:629] Registering image with structure-less fallback
I20261002 19:52:03.386742 20340 incremental_pipeline.cc:631] => Image sees 88 / 3213 correspondences
I20261002 19:52:03.386806 20340 incremental_pipeline.cc:646] => Could not register, trying another image.
I20261002 19:52:03.386852 20340 incremental_pipeline.cc:620] Registering image #81 (num_reg_frames=10)
I20261002 19:52:03.386898 20340 incremental_pipeline.cc:623] => Image sees 67 / 204 points
I20261002 19:52:03.386945 20340 incremental_pipeline.cc:629] Registering image with structure-less fallback
I20261002 19:52:03.386991 20340 incremental_pipeline.cc:631] => Image sees 84 / 2470 correspondences
I20261002 19:52:03.387051 20340 incremental_pipeline.cc:646] => Could not register, trying another image.
I20261002 19:52:03.387097 20340 incremental_pipeline.cc:620] Registering image #64 (num_reg_frames=10)
I20261002 19:52:03.387143 20340 incremental_pipeline.cc:623] => Image sees 74 / 211 points
I20261002 19:52:03.387189 20340 incremental_pipeline.cc:629] Registering image with structure-less fallback
I20261002 19:52:03.387234 20340 incremental_pipeline.cc:631] => Image sees 84 / 3370 correspondences
I20261002 19:52:03.387299 20340 incremental_pipeline.cc:646] => Could not register, trying another image.
I20261002 19:52:03.387354 20340 incremental_pipeline.cc:620] Registering image #74 (num_reg_frames=10)
I20261002 19:52:03.387401 20340 incremental_pipeline.cc:623] => Image sees 61 / 207 points
I20261002 19:52:03.387447 20340 incremental_pipeline.cc:629] Registering image with structure-less fallback
I20261002 19:52:03.387494 20340 incremental_pipeline.cc:631] => Image sees 82 / 2441 correspondences
I20261002 19:52:03.387555 20340 incremental_pipeline.cc:646] => Could not register, trying another image.
I20261002 19:52:03.387602 20340 incremental_pipeline.cc:620] Registering image #80 (num_reg_frames=10)
I20261002 19:52:03.387649 20340 incremental_pipeline.cc:623] => Image sees 66 / 202 points
I20261002 19:52:03.387697 20340 incremental_pipeline.cc:629] Registering image with structure-less fallback
I20261002 19:52:03.387743 20340 incremental_pipeline.cc:631] => Image sees 81 / 2708 correspondences
I20261002 19:52:03.387804 20340 incremental_pipeline.cc:646] => Could not register, trying another image.
I20261002 19:52:03.387853 20340 incremental_pipeline.cc:620] Registering image #69 (num_reg_frames=10)
I20261002 19:52:03.387900 20340 incremental_pipeline.cc:623] => Image sees 69 / 212 points
I20261002 19:52:03.387947 20340 incremental_pipeline.cc:629] Registering image with structure-less fallback
I20261002 19:52:03.387994 20340 incremental_pipeline.cc:631] => Image sees 80 / 2938 correspondences
I20261002 19:52:03.388057 20340 incremental_pipeline.cc:646] => Could not register, trying another image.
I20261002 19:52:03.388103 20340 incremental_pipeline.cc:620] Registering image #91 (num_reg_frames=10)
I20261002 19:52:03.388152 20340 incremental_pipeline.cc:623] => Image sees 62 / 194 points
I20261002 19:52:03.388198 20340 incremental_pipeline.cc:629] Registering image with structure-less fallback
I20261002 19:52:03.388243 20340 incremental_pipeline.cc:631] => Image sees 80 / 2151 correspondences
I20261002 19:52:03.388310 20340 incremental_pipeline.cc:646] => Could not register, trying another image.
I20261002 19:52:03.388357 20340 incremental_pipeline.cc:620] Registering image #13 (num_reg_frames=10)
I20261002 19:52:03.388405 20340 incremental_pipeline.cc:623] => Image sees 64 / 215 points
I20261002 19:52:03.388451 20340 incremental_pipeline.cc:629] Registering image with structure-less fallback
I20261002 19:52:03.388498 20340 incremental_pipeline.cc:631] => Image sees 79 / 7531 correspondences
I20261002 19:52:03.388578 20340 incremental_pipeline.cc:646] => Could not register, trying another image.
I20261002 19:52:03.388628 20340 incremental_pipeline.cc:620] Registering image #15 (num_reg_frames=10)
I20261002 19:52:03.388674 20340 incremental_pipeline.cc:623] => Image sees 65 / 231 points
I20261002 19:52:03.388720 20340 incremental_pipeline.cc:629] Registering image with structure-less fallback
I20261002 19:52:03.388773 20340 incremental_pipeline.cc:631] => Image sees 78 / 2805 correspondences
I20261002 19:52:03.388836 20340 incremental_pipeline.cc:646] => Could not register, trying another image.
I20261002 19:52:03.388882 20340 incremental_pipeline.cc:620] Registering image #77 (num_reg_frames=10)
I20261002 19:52:03.388929 20340 incremental_pipeline.cc:623] => Image sees 56 / 217 points
I20261002 19:52:03.388975 20340 incremental_pipeline.cc:629] Registering image with structure-less fallback
I20261002 19:52:03.389021 20340 incremental_pipeline.cc:631] => Image sees 77 / 2985 correspondences
I20261002 19:52:03.389085 20340 incremental_pipeline.cc:646] => Could not register, trying another image.
I20261002 19:52:03.389132 20340 incremental_pipeline.cc:620] Registering image #19 (num_reg_frames=10)
I20261002 19:52:03.389177 20340 incremental_pipeline.cc:623] => Image sees 64 / 219 points
I20261002 19:52:03.389226 20340 incremental_pipeline.cc:629] Registering image with structure-less fallback
I20261002 19:52:03.389273 20340 incremental_pipeline.cc:631] => Image sees 76 / 2307 correspondences
I20261002 19:52:03.389333 20340 incremental_pipeline.cc:646] => Could not register, trying another image.
I20261002 19:52:03.389387 20340 incremental_pipeline.cc:620] Registering image #92 (num_reg_frames=10)
I20261002 19:52:03.389436 20340 incremental_pipeline.cc:623] => Image sees 66 / 192 points
I20261002 19:52:03.389482 20340 incremental_pipeline.cc:629] Registering image with structure-less fallback
I20261002 19:52:03.389530 20340 incremental_pipeline.cc:631] => Image sees 76 / 2083 correspondences
I20261002 19:52:03.389589 20340 incremental_pipeline.cc:646] => Could not register, trying another image.
I20261002 19:52:03.389635 20340 incremental_pipeline.cc:620] Registering image #45 (num_reg_frames=10)
I20261002 19:52:03.389689 20340 incremental_pipeline.cc:623] => Image sees 58 / 211 points
I20261002 19:52:03.389736 20340 incremental_pipeline.cc:629] Registering image with structure-less fallback
I20261002 19:52:03.389781 20340 incremental_pipeline.cc:631] => Image sees 75 / 3540 correspondences
I20261002 19:52:03.389849 20340 incremental_pipeline.cc:646] => Could not register, trying another image.
I20261002 19:52:03.389895 20340 incremental_pipeline.cc:620] Registering image #49 (num_reg_frames=10)
I20261002 19:52:03.389941 20340 incremental_pipeline.cc:623] => Image sees 61 / 210 points
I20261002 19:52:03.389990 20340 incremental_pipeline.cc:629] Registering image with structure-less fallback
I20261002 19:52:03.390037 20340 incremental_pipeline.cc:631] => Image sees 74 / 3368 correspondences
I20261002 19:52:03.390100 20340 incremental_pipeline.cc:646] => Could not register, trying another image.
I20261002 19:52:03.390146 20340 incremental_pipeline.cc:620] Registering image #55 (num_reg_frames=10)
I20261002 19:52:03.390193 20340 incremental_pipeline.cc:623] => Image sees 63 / 220 points
I20261002 19:52:03.390238 20340 incremental_pipeline.cc:629] Registering image with structure-less fallback
I20261002 19:52:03.390285 20340 incremental_pipeline.cc:631] => Image sees 74 / 3225 correspondences
I20261002 19:52:03.390350 20340 incremental_pipeline.cc:646] => Could not register, trying another image.
I20261002 19:52:03.390430 20340 incremental_pipeline.cc:620] Registering image #70 (num_reg_frames=10)
I20261002 19:52:03.390477 20340 incremental_pipeline.cc:623] => Image sees 60 / 217 points
I20261002 19:52:03.390523 20340 incremental_pipeline.cc:629] Registering image with structure-less fallback
I20261002 19:52:03.390569 20340 incremental_pipeline.cc:631] => Image sees 73 / 2789 correspondences
I20261002 19:52:03.390631 20340 incremental_pipeline.cc:646] => Could not register, trying another image.
I20261002 19:52:03.390677 20340 incremental_pipeline.cc:620] Registering image #47 (num_reg_frames=10)
I20261002 19:52:03.390724 20340 incremental_pipeline.cc:623] => Image sees 62 / 206 points
I20261002 19:52:03.390771 20340 incremental_pipeline.cc:629] Registering image with structure-less fallback
I20261002 19:52:03.390817 20340 incremental_pipeline.cc:631] => Image sees 73 / 3226 correspondences
I20261002 19:52:03.390880 20340 incremental_pipeline.cc:646] => Could not register, trying another image.
I20261002 19:52:03.390927 20340 incremental_pipeline.cc:620] Registering image #2 (num_reg_frames=10)
I20261002 19:52:03.390973 20340 incremental_pipeline.cc:623] => Image sees 64 / 197 points
I20261002 19:52:03.391018 20340 incremental_pipeline.cc:629] Registering image with structure-less fallback
I20261002 19:52:03.391064 20340 incremental_pipeline.cc:631] => Image sees 69 / 6831 correspondences
I20261002 19:52:03.391141 20340 incremental_pipeline.cc:646] => Could not register, trying another image.
I20261002 19:52:03.391187 20340 incremental_pipeline.cc:620] Registering image #59 (num_reg_frames=10)
I20261002 19:52:03.391234 20340 incremental_pipeline.cc:623] => Image sees 57 / 205 points
I20261002 19:52:03.391280 20340 incremental_pipeline.cc:629] Registering image with structure-less fallback
I20261002 19:52:03.391326 20340 incremental_pipeline.cc:631] => Image sees 69 / 3196 correspondences
I20261002 19:52:03.391390 20340 incremental_pipeline.cc:646] => Could not register, trying another image.
I20261002 19:52:03.391436 20340 incremental_pipeline.cc:620] Registering image #7 (num_reg_frames=10)
I20261002 19:52:03.391491 20340 incremental_pipeline.cc:623] => Image sees 56 / 189 points
I20261002 19:52:03.391538 20340 incremental_pipeline.cc:629] Registering image with structure-less fallback
I20261002 19:52:03.391583 20340 incremental_pipeline.cc:631] => Image sees 65 / 1427 correspondences
I20261002 19:52:03.391640 20340 incremental_pipeline.cc:646] => Could not register, trying another image.
I20261002 19:52:03.391685 20340 incremental_pipeline.cc:620] Registering image #71 (num_reg_frames=10)
I20261002 19:52:03.391731 20340 incremental_pipeline.cc:623] => Image sees 52 / 212 points
I20261002 19:52:03.391777 20340 incremental_pipeline.cc:629] Registering image with structure-less fallback
I20261002 19:52:03.391824 20340 incremental_pipeline.cc:631] => Image sees 60 / 3057 correspondences
I20261002 19:52:03.391948 20340 incremental_pipeline.cc:646] => Could not register, trying another image.
I20261002 19:52:03.392052 20340 incremental_pipeline.cc:620] Registering image #9 (num_reg_frames=10)
I20261002 19:52:03.392136 20340 incremental_pipeline.cc:623] => Image sees 50 / 191 points
I20261002 19:52:03.392244 20340 incremental_pipeline.cc:629] Registering image with structure-less fallback
I20261002 19:52:03.392315 20340 incremental_pipeline.cc:631] => Image sees 57 / 1682 correspondences
I20261002 19:52:03.392440 20340 incremental_pipeline.cc:646] => Could not register, trying another image.
I20261002 19:52:03.392535 20340 incremental_pipeline.cc:620] Registering image #146 (num_reg_frames=10)
I20261002 19:52:03.392598 20340 incremental_pipeline.cc:623] => Image sees 46 / 111 points
I20261002 19:52:03.392649 20340 incremental_pipeline.cc:629] Registering image with structure-less fallback
I20261002 19:52:03.392697 20340 incremental_pipeline.cc:631] => Image sees 52 / 533 correspondences
I20261002 19:52:03.392745 20340 incremental_pipeline.cc:646] => Could not register, trying another image.
I20261002 19:52:03.392796 20340 incremental_pipeline.cc:620] Registering image #147 (num_reg_frames=10)
I20261002 19:52:03.392848 20340 incremental_pipeline.cc:623] => Image sees 40 / 130 points
I20261002 19:52:03.392896 20340 incremental_pipeline.cc:629] Registering image with structure-less fallback
I20261002 19:52:03.392972 20340 incremental_pipeline.cc:631] => Image sees 48 / 465 correspondences
I20261002 19:52:03.393068 20340 incremental_pipeline.cc:646] => Could not register, trying another image.
I20261002 19:52:03.393129 20340 incremental_pipeline.cc:88] Retriangulation and Global bundle adjustment
I20261002 19:52:03.396134 20340 incremental_pipeline.cc:620] Registering image #124 (num_reg_frames=10)
I20261002 19:52:03.396231 20340 incremental_pipeline.cc:623] => Image sees 116 / 173 points
I20261002 19:52:03.396338 20340 incremental_pipeline.cc:646] => Could not register, trying another image.
I20261002 19:52:03.396411 20340 incremental_pipeline.cc:620] Registering image #132 (num_reg_frames=10)
I20261002 19:52:03.396461 20340 incremental_pipeline.cc:623] => Image sees 119 / 208 points
I20261002 19:52:03.396530 20340 incremental_pipeline.cc:646] => Could not register, trying another image.
I20261002 19:52:03.396577 20340 incremental_pipeline.cc:620] Registering image #100 (num_reg_frames=10)
I20261002 19:52:03.396623 20340 incremental_pipeline.cc:623] => Image sees 118 / 201 points
I20261002 19:52:03.396711 20340 incremental_pipeline.cc:646] => Could not register, trying another image.
I20261002 19:52:03.396759 20340 incremental_pipeline.cc:620] Registering image #129 (num_reg_frames=10)
I20261002 19:52:03.396807 20340 incremental_pipeline.cc:623] => Image sees 112 / 183 points
I20261002 19:52:03.396873 20340 incremental_pipeline.cc:646] => Could not register, trying another image.
I20261002 19:52:03.396919 20340 incremental_pipeline.cc:620] Registering image #101 (num_reg_frames=10)
I20261002 19:52:03.396966 20340 incremental_pipeline.cc:623] => Image sees 112 / 172 points
I20261002 19:52:03.397033 20340 incremental_pipeline.cc:646] => Could not register, trying another image.
I20261002 19:52:03.397091 20340 incremental_pipeline.cc:620] Registering image #102 (num_reg_frames=10)
I20261002 19:52:03.397139 20340 incremental_pipeline.cc:623] => Image sees 108 / 190 points
I20261002 19:52:03.397203 20340 incremental_pipeline.cc:646] => Could not register, trying another image.
I20261002 19:52:03.397250 20340 incremental_pipeline.cc:620] Registering image #99 (num_reg_frames=10)
I20261002 19:52:03.397296 20340 incremental_pipeline.cc:623] => Image sees 103 / 194 points
I20261002 19:52:03.397359 20340 incremental_pipeline.cc:646] => Could not register, trying another image.
I20261002 19:52:03.397406 20340 incremental_pipeline.cc:620] Registering image #131 (num_reg_frames=10)
I20261002 19:52:03.397453 20340 incremental_pipeline.cc:623] => Image sees 108 / 200 points
I20261002 19:52:03.397518 20340 incremental_pipeline.cc:646] => Could not register, trying another image.
I20261002 19:52:03.397565 20340 incremental_pipeline.cc:620] Registering image #98 (num_reg_frames=10)
I20261002 19:52:03.397611 20340 incremental_pipeline.cc:623] => Image sees 105 / 202 points
I20261002 19:52:03.397704 20340 incremental_pipeline.cc:646] => Could not register, trying another image.
I20261002 19:52:03.397770 20340 incremental_pipeline.cc:620] Registering image #123 (num_reg_frames=10)
I20261002 19:52:03.397837 20340 incremental_pipeline.cc:623] => Image sees 104 / 182 points
I20261002 19:52:03.397908 20340 incremental_pipeline.cc:646] => Could not register, trying another image.
I20261002 19:52:03.398028 20340 incremental_pipeline.cc:620] Registering image #106 (num_reg_frames=10)
I20261002 19:52:03.398083 20340 incremental_pipeline.cc:623] => Image sees 110 / 164 points
I20261002 19:52:03.398264 20340 incremental_pipeline.cc:646] => Could not register, trying another image.
I20261002 19:52:03.398343 20340 incremental_pipeline.cc:620] Registering image #94 (num_reg_frames=10)
I20261002 19:52:03.398430 20340 incremental_pipeline.cc:623] => Image sees 105 / 201 points
I20261002 19:52:03.398512 20340 incremental_pipeline.cc:646] => Could not register, trying another image.
I20261002 19:52:03.398578 20340 incremental_pipeline.cc:620] Registering image #126 (num_reg_frames=10)
I20261002 19:52:03.398645 20340 incremental_pipeline.cc:623] => Image sees 106 / 177 points
I20261002 19:52:03.398720 20340 incremental_pipeline.cc:646] => Could not register, trying another image.
I20261002 19:52:03.398769 20340 incremental_pipeline.cc:620] Registering image #95 (num_reg_frames=10)
I20261002 19:52:03.398817 20340 incremental_pipeline.cc:623] => Image sees 104 / 201 points
I20261002 19:52:03.398881 20340 incremental_pipeline.cc:646] => Could not register, trying another image.
I20261002 19:52:03.398927 20340 incremental_pipeline.cc:620] Registering image #125 (num_reg_frames=10)
I20261002 19:52:03.398973 20340 incremental_pipeline.cc:623] => Image sees 104 / 195 points
I20261002 19:52:03.399039 20340 incremental_pipeline.cc:646] => Could not register, trying another image.
I20261002 19:52:03.399086 20340 incremental_pipeline.cc:620] Registering image #104 (num_reg_frames=10)
I20261002 19:52:03.399141 20340 incremental_pipeline.cc:623] => Image sees 109 / 171 points
I20261002 19:52:03.399206 20340 incremental_pipeline.cc:646] => Could not register, trying another image.
I20261002 19:52:03.399251 20340 incremental_pipeline.cc:620] Registering image #44 (num_reg_frames=10)
I20261002 19:52:03.399297 20340 incremental_pipeline.cc:623] => Image sees 101 / 212 points
I20261002 19:52:03.399368 20340 incremental_pipeline.cc:646] => Could not register, trying another image.
I20261002 19:52:03.399413 20340 incremental_pipeline.cc:620] Registering image #93 (num_reg_frames=10)
I20261002 19:52:03.399463 20340 incremental_pipeline.cc:623] => Image sees 101 / 210 points
I20261002 19:52:03.399548 20340 incremental_pipeline.cc:646] => Could not register, trying another image.
I20261002 19:52:03.399602 20340 incremental_pipeline.cc:620] Registering image #61 (num_reg_frames=10)
I20261002 19:52:03.399650 20340 incremental_pipeline.cc:623] => Image sees 98 / 211 points
I20261002 19:52:03.399727 20340 incremental_pipeline.cc:646] => Could not register, trying another image.
I20261002 19:52:03.399774 20340 incremental_pipeline.cc:620] Registering image #121 (num_reg_frames=10)
I20261002 19:52:03.399820 20340 incremental_pipeline.cc:623] => Image sees 100 / 182 points
I20261002 19:52:03.399908 20340 incremental_pipeline.cc:646] => Could not register, trying another image.
I20261002 19:52:03.399958 20340 incremental_pipeline.cc:620] Registering image #119 (num_reg_frames=10)
I20261002 19:52:03.400006 20340 incremental_pipeline.cc:623] => Image sees 100 / 183 points
I20261002 19:52:03.400072 20340 incremental_pipeline.cc:646] => Could not register, trying another image.
I20261002 19:52:03.400119 20340 incremental_pipeline.cc:620] Registering image #122 (num_reg_frames=10)
I20261002 19:52:03.400166 20340 incremental_pipeline.cc:623] => Image sees 105 / 165 points
I20261002 19:52:03.400227 20340 incremental_pipeline.cc:646] => Could not register, trying another image.
I20261002 19:52:03.400273 20340 incremental_pipeline.cc:620] Registering image #43 (num_reg_frames=10)
I20261002 19:52:03.400319 20340 incremental_pipeline.cc:623] => Image sees 97 / 208 points
I20261002 19:52:03.400387 20340 incremental_pipeline.cc:646] => Could not register, trying another image.
I20261002 19:52:03.400434 20340 incremental_pipeline.cc:620] Registering image #90 (num_reg_frames=10)
I20261002 19:52:03.400480 20340 incremental_pipeline.cc:623] => Image sees 90 / 203 points
I20261002 19:52:03.400541 20340 incremental_pipeline.cc:646] => Could not register, trying another image.
I20261002 19:52:03.400588 20340 incremental_pipeline.cc:620] Registering image #72 (num_reg_frames=10)
I20261002 19:52:03.400634 20340 incremental_pipeline.cc:623] => Image sees 96 / 203 points
I20261002 19:52:03.400720 20340 incremental_pipeline.cc:646] => Could not register, trying another image.
I20261002 19:52:03.400771 20340 incremental_pipeline.cc:620] Registering image #85 (num_reg_frames=10)
I20261002 19:52:03.400819 20340 incremental_pipeline.cc:623] => Image sees 96 / 197 points
I20261002 19:52:03.400888 20340 incremental_pipeline.cc:646] => Could not register, trying another image.
I20261002 19:52:03.400981 20340 incremental_pipeline.cc:620] Registering image #105 (num_reg_frames=10)
I20261002 19:52:03.401035 20340 incremental_pipeline.cc:623] => Image sees 98 / 161 points
I20261002 19:52:03.401101 20340 incremental_pipeline.cc:646] => Could not register, trying another image.
I20261002 19:52:03.401147 20340 incremental_pipeline.cc:620] Registering image #137 (num_reg_frames=10)
I20261002 19:52:03.401193 20340 incremental_pipeline.cc:623] => Image sees 91 / 145 points
I20261002 19:52:03.401254 20340 incremental_pipeline.cc:646] => Could not register, trying another image.
I20261002 19:52:03.401300 20340 incremental_pipeline.cc:620] Registering image #96 (num_reg_frames=10)
I20261002 19:52:03.401346 20340 incremental_pipeline.cc:623] => Image sees 89 / 202 points
I20261002 19:52:03.401406 20340 incremental_pipeline.cc:646] => Could not register, trying another image.
I20261002 19:52:03.401453 20340 incremental_pipeline.cc:620] Registering image #53 (num_reg_frames=10)
I20261002 19:52:03.401499 20340 incremental_pipeline.cc:623] => Image sees 88 / 216 points
I20261002 19:52:03.401563 20340 incremental_pipeline.cc:646] => Could not register, trying another image.
I20261002 19:52:03.401610 20340 incremental_pipeline.cc:620] Registering image #39 (num_reg_frames=10)
I20261002 19:52:03.401657 20340 incremental_pipeline.cc:623] => Image sees 90 / 214 points
I20261002 19:52:03.401721 20340 incremental_pipeline.cc:646] => Could not register, trying another image.
I20261002 19:52:03.401768 20340 incremental_pipeline.cc:620] Registering image #118 (num_reg_frames=10)
I20261002 19:52:03.401815 20340 incremental_pipeline.cc:623] => Image sees 100 / 174 points
I20261002 19:52:03.401877 20340 incremental_pipeline.cc:646] => Could not register, trying another image.
I20261002 19:52:03.401923 20340 incremental_pipeline.cc:620] Registering image #97 (num_reg_frames=10)
I20261002 19:52:03.401979 20340 incremental_pipeline.cc:623] => Image sees 90 / 193 points
I20261002 19:52:03.402040 20340 incremental_pipeline.cc:646] => Could not register, trying another image.
I20261002 19:52:03.402087 20340 incremental_pipeline.cc:620] Registering image #116 (num_reg_frames=10)
I20261002 19:52:03.402135 20340 incremental_pipeline.cc:623] => Image sees 88 / 155 points
I20261002 19:52:03.402195 20340 incremental_pipeline.cc:646] => Could not register, trying another image.
I20261002 19:52:03.402240 20340 incremental_pipeline.cc:620] Registering image #114 (num_reg_frames=10)
I20261002 19:52:03.402287 20340 incremental_pipeline.cc:623] => Image sees 90 / 151 points
I20261002 19:52:03.402346 20340 incremental_pipeline.cc:646] => Could not register, trying another image.
I20261002 19:52:03.402394 20340 incremental_pipeline.cc:620] Registering image #109 (num_reg_frames=10)
I20261002 19:52:03.402441 20340 incremental_pipeline.cc:623] => Image sees 85 / 133 points
I20261002 19:52:03.402501 20340 incremental_pipeline.cc:646] => Could not register, trying another image.
I20261002 19:52:03.402546 20340 incremental_pipeline.cc:620] Registering image #58 (num_reg_frames=10)
I20261002 19:52:03.402593 20340 incremental_pipeline.cc:623] => Image sees 85 / 224 points
I20261002 19:52:03.402658 20340 incremental_pipeline.cc:646] => Could not register, trying another image.
I20261002 19:52:03.402704 20340 incremental_pipeline.cc:620] Registering image #5 (num_reg_frames=10)
I20261002 19:52:03.402750 20340 incremental_pipeline.cc:623] => Image sees 87 / 198 points
I20261002 19:52:03.402822 20340 incremental_pipeline.cc:646] => Could not register, trying another image.
I20261002 19:52:03.402885 20340 incremental_pipeline.cc:620] Registering image #60 (num_reg_frames=10)
I20261002 19:52:03.402943 20340 incremental_pipeline.cc:623] => Image sees 83 / 209 points
I20261002 19:52:03.403012 20340 incremental_pipeline.cc:646] => Could not register, trying another image.
I20261002 19:52:03.403061 20340 incremental_pipeline.cc:620] Registering image #41 (num_reg_frames=10)
I20261002 19:52:03.403108 20340 incremental_pipeline.cc:623] => Image sees 85 / 237 points
I20261002 19:52:03.403174 20340 incremental_pipeline.cc:646] => Could not register, trying another image.
I20261002 19:52:03.403220 20340 incremental_pipeline.cc:620] Registering image #120 (num_reg_frames=10)
I20261002 19:52:03.403267 20340 incremental_pipeline.cc:623] => Image sees 89 / 170 points
I20261002 19:52:03.403329 20340 incremental_pipeline.cc:646] => Could not register, trying another image.
I20261002 19:52:03.403375 20340 incremental_pipeline.cc:620] Registering image #67 (num_reg_frames=10)
I20261002 19:52:03.403422 20340 incremental_pipeline.cc:623] => Image sees 78 / 215 points
I20261002 19:52:03.403485 20340 incremental_pipeline.cc:646] => Could not register, trying another image.
I20261002 19:52:03.403531 20340 incremental_pipeline.cc:620] Registering image #112 (num_reg_frames=10)
I20261002 19:52:03.403577 20340 incremental_pipeline.cc:623] => Image sees 86 / 151 points
I20261002 19:52:03.403638 20340 incremental_pipeline.cc:646] => Could not register, trying another image.
I20261002 19:52:03.403684 20340 incremental_pipeline.cc:620] Registering image #66 (num_reg_frames=10)
I20261002 19:52:03.403731 20340 incremental_pipeline.cc:623] => Image sees 82 / 222 points
I20261002 19:52:03.403794 20340 incremental_pipeline.cc:646] => Could not register, trying another image.
I20261002 19:52:03.403841 20340 incremental_pipeline.cc:620] Registering image #36 (num_reg_frames=10)
I20261002 19:52:03.403887 20340 incremental_pipeline.cc:623] => Image sees 82 / 224 points
I20261002 19:52:03.403952 20340 incremental_pipeline.cc:646] => Could not register, trying another image.
I20261002 19:52:03.404039 20340 incremental_pipeline.cc:620] Registering image #113 (num_reg_frames=10)
I20261002 19:52:03.404097 20340 incremental_pipeline.cc:623] => Image sees 83 / 143 points
I20261002 19:52:03.404159 20340 incremental_pipeline.cc:646] => Could not register, trying another image.
I20261002 19:52:03.404212 20340 incremental_pipeline.cc:620] Registering image #117 (num_reg_frames=10)
I20261002 19:52:03.404257 20340 incremental_pipeline.cc:623] => Image sees 81 / 153 points
I20261002 19:52:03.404315 20340 incremental_pipeline.cc:646] => Could not register, trying another image.
I20261002 19:52:03.404358 20340 incremental_pipeline.cc:620] Registering image #64 (num_reg_frames=10)
I20261002 19:52:03.404402 20340 incremental_pipeline.cc:623] => Image sees 74 / 211 points
I20261002 19:52:03.404473 20340 incremental_pipeline.cc:646] => Could not register, trying another image.
I20261002 19:52:03.404545 20340 incremental_pipeline.cc:620] Registering image #134 (num_reg_frames=10)
I20261002 19:52:03.404613 20340 incremental_pipeline.cc:623] => Image sees 82 / 165 points
I20261002 19:52:03.404685 20340 incremental_pipeline.cc:646] => Could not register, trying another image.
I20261002 19:52:03.404731 20340 incremental_pipeline.cc:620] Registering image #69 (num_reg_frames=10)
I20261002 19:52:03.404776 20340 incremental_pipeline.cc:623] => Image sees 69 / 212 points
I20261002 19:52:03.404837 20340 incremental_pipeline.cc:646] => Could not register, trying another image.
I20261002 19:52:03.404882 20340 incremental_pipeline.cc:620] Registering image #115 (num_reg_frames=10)
I20261002 19:52:03.404926 20340 incremental_pipeline.cc:623] => Image sees 74 / 139 points
I20261002 19:52:03.404983 20340 incremental_pipeline.cc:646] => Could not register, trying another image.
I20261002 19:52:03.405026 20340 incremental_pipeline.cc:620] Registering image #135 (num_reg_frames=10)
I20261002 19:52:03.405071 20340 incremental_pipeline.cc:623] => Image sees 71 / 158 points
I20261002 19:52:03.405130 20340 incremental_pipeline.cc:646] => Could not register, trying another image.
I20261002 19:52:03.405178 20340 incremental_pipeline.cc:620] Registering image #15 (num_reg_frames=10)
I20261002 19:52:03.405221 20340 incremental_pipeline.cc:623] => Image sees 65 / 231 points
I20261002 19:52:03.405283 20340 incremental_pipeline.cc:646] => Could not register, trying another image.
I20261002 19:52:03.405327 20340 incremental_pipeline.cc:620] Registering image #92 (num_reg_frames=10)
I20261002 19:52:03.405370 20340 incremental_pipeline.cc:623] => Image sees 66 / 192 points
I20261002 19:52:03.405427 20340 incremental_pipeline.cc:646] => Could not register, trying another image.
I20261002 19:52:03.405470 20340 incremental_pipeline.cc:620] Registering image #13 (num_reg_frames=10)
I20261002 19:52:03.405513 20340 incremental_pipeline.cc:623] => Image sees 64 / 215 points
I20261002 19:52:03.405594 20340 incremental_pipeline.cc:646] => Could not register, trying another image.
I20261002 19:52:03.405641 20340 incremental_pipeline.cc:620] Registering image #19 (num_reg_frames=10)
I20261002 19:52:03.405685 20340 incremental_pipeline.cc:623] => Image sees 64 / 219 points
I20261002 19:52:03.405743 20340 incremental_pipeline.cc:646] => Could not register, trying another image.
I20261002 19:52:03.405787 20340 incremental_pipeline.cc:620] Registering image #80 (num_reg_frames=10)
I20261002 19:52:03.405831 20340 incremental_pipeline.cc:623] => Image sees 66 / 202 points
I20261002 19:52:03.405890 20340 incremental_pipeline.cc:646] => Could not register, trying another image.
I20261002 19:52:03.405933 20340 incremental_pipeline.cc:620] Registering image #55 (num_reg_frames=10)
I20261002 19:52:03.405977 20340 incremental_pipeline.cc:623] => Image sees 63 / 220 points
I20261002 19:52:03.406038 20340 incremental_pipeline.cc:646] => Could not register, trying another image.
I20261002 19:52:03.406082 20340 incremental_pipeline.cc:620] Registering image #81 (num_reg_frames=10)
I20261002 19:52:03.406126 20340 incremental_pipeline.cc:623] => Image sees 67 / 204 points
I20261002 19:52:03.406185 20340 incremental_pipeline.cc:646] => Could not register, trying another image.
I20261002 19:52:03.406228 20340 incremental_pipeline.cc:620] Registering image #2 (num_reg_frames=10)
I20261002 19:52:03.406271 20340 incremental_pipeline.cc:623] => Image sees 64 / 197 points
I20261002 19:52:03.406354 20340 incremental_pipeline.cc:646] => Could not register, trying another image.
I20261002 19:52:03.406398 20340 incremental_pipeline.cc:620] Registering image #49 (num_reg_frames=10)
I20261002 19:52:03.406442 20340 incremental_pipeline.cc:623] => Image sees 61 / 210 points
I20261002 19:52:03.406504 20340 incremental_pipeline.cc:646] => Could not register, trying another image.
I20261002 19:52:03.406547 20340 incremental_pipeline.cc:620] Registering image #47 (num_reg_frames=10)
I20261002 19:52:03.406593 20340 incremental_pipeline.cc:623] => Image sees 62 / 206 points
I20261002 19:52:03.406655 20340 incremental_pipeline.cc:646] => Could not register, trying another image.
I20261002 19:52:03.406700 20340 incremental_pipeline.cc:620] Registering image #70 (num_reg_frames=10)
I20261002 19:52:03.406744 20340 incremental_pipeline.cc:623] => Image sees 60 / 217 points
I20261002 19:52:03.406803 20340 incremental_pipeline.cc:646] => Could not register, trying another image.
I20261002 19:52:03.406847 20340 incremental_pipeline.cc:620] Registering image #91 (num_reg_frames=10)
I20261002 19:52:03.406890 20340 incremental_pipeline.cc:623] => Image sees 62 / 194 points
I20261002 19:52:03.406947 20340 incremental_pipeline.cc:646] => Could not register, trying another image.
I20261002 19:52:03.406990 20340 incremental_pipeline.cc:620] Registering image #7 (num_reg_frames=10)
I20261002 19:52:03.407033 20340 incremental_pipeline.cc:623] => Image sees 56 / 189 points
I20261002 19:52:03.407087 20340 incremental_pipeline.cc:646] => Could not register, trying another image.
I20261002 19:52:03.407131 20340 incremental_pipeline.cc:620] Registering image #74 (num_reg_frames=10)
I20261002 19:52:03.407177 20340 incremental_pipeline.cc:623] => Image sees 61 / 207 points
I20261002 19:52:03.407235 20340 incremental_pipeline.cc:646] => Could not register, trying another image.
I20261002 19:52:03.407279 20340 incremental_pipeline.cc:620] Registering image #59 (num_reg_frames=10)
I20261002 19:52:03.407323 20340 incremental_pipeline.cc:623] => Image sees 57 / 205 points
I20261002 19:52:03.407384 20340 incremental_pipeline.cc:646] => Could not register, trying another image.
I20261002 19:52:03.407428 20340 incremental_pipeline.cc:620] Registering image #142 (num_reg_frames=10)
I20261002 19:52:03.407473 20340 incremental_pipeline.cc:623] => Image sees 60 / 150 points
I20261002 19:52:03.407528 20340 incremental_pipeline.cc:646] => Could not register, trying another image.
I20261002 19:52:03.407573 20340 incremental_pipeline.cc:620] Registering image #140 (num_reg_frames=10)
I20261002 19:52:03.407618 20340 incremental_pipeline.cc:623] => Image sees 60 / 157 points
I20261002 19:52:03.407673 20340 incremental_pipeline.cc:646] => Could not register, trying another image.
I20261002 19:52:03.407716 20340 incremental_pipeline.cc:620] Registering image #77 (num_reg_frames=10)
I20261002 19:52:03.407762 20340 incremental_pipeline.cc:623] => Image sees 56 / 217 points
I20261002 19:52:03.407824 20340 incremental_pipeline.cc:646] => Could not register, trying another image.
I20261002 19:52:03.407868 20340 incremental_pipeline.cc:620] Registering image #45 (num_reg_frames=10)
I20261002 19:52:03.407911 20340 incremental_pipeline.cc:623] => Image sees 58 / 211 points
I20261002 19:52:03.407974 20340 incremental_pipeline.cc:646] => Could not register, trying another image.
I20261002 19:52:03.408019 20340 incremental_pipeline.cc:620] Registering image #138 (num_reg_frames=10)
I20261002 19:52:03.408062 20340 incremental_pipeline.cc:623] => Image sees 61 / 140 points
I20261002 19:52:03.408128 20340 incremental_pipeline.cc:646] => Could not register, trying another image.
I20261002 19:52:03.408171 20340 incremental_pipeline.cc:620] Registering image #139 (num_reg_frames=10)
I20261002 19:52:03.408215 20340 incremental_pipeline.cc:623] => Image sees 57 / 139 points
I20261002 19:52:03.408269 20340 incremental_pipeline.cc:646] => Could not register, trying another image.
I20261002 19:52:03.408313 20340 incremental_pipeline.cc:620] Registering image #71 (num_reg_frames=10)
I20261002 19:52:03.408365 20340 incremental_pipeline.cc:623] => Image sees 52 / 212 points
I20261002 19:52:03.408429 20340 incremental_pipeline.cc:646] => Could not register, trying another image.
I20261002 19:52:03.408473 20340 incremental_pipeline.cc:620] Registering image #143 (num_reg_frames=10)
I20261002 19:52:03.408517 20340 incremental_pipeline.cc:623] => Image sees 55 / 133 points
I20261002 19:52:03.408572 20340 incremental_pipeline.cc:646] => Could not register, trying another image.
I20261002 19:52:03.408617 20340 incremental_pipeline.cc:620] Registering image #9 (num_reg_frames=10)
I20261002 19:52:03.408661 20340 incremental_pipeline.cc:623] => Image sees 50 / 191 points
I20261002 19:52:03.408717 20340 incremental_pipeline.cc:646] => Could not register, trying another image.
I20261002 19:52:03.408761 20340 incremental_pipeline.cc:620] Registering image #146 (num_reg_frames=10)
I20261002 19:52:03.408804 20340 incremental_pipeline.cc:623] => Image sees 46 / 111 points
I20261002 19:52:03.408854 20340 incremental_pipeline.cc:646] => Could not register, trying another image.
I20261002 19:52:03.408897 20340 incremental_pipeline.cc:620] Registering image #144 (num_reg_frames=10)
I20261002 19:52:03.408941 20340 incremental_pipeline.cc:623] => Image sees 49 / 127 points
I20261002 19:52:03.408992 20340 incremental_pipeline.cc:646] => Could not register, trying another image.
I20261002 19:52:03.409036 20340 incremental_pipeline.cc:620] Registering image #141 (num_reg_frames=10)
I20261002 19:52:03.409079 20340 incremental_pipeline.cc:623] => Image sees 46 / 141 points
I20261002 19:52:03.409132 20340 incremental_pipeline.cc:646] => Could not register, trying another image.
I20261002 19:52:03.409177 20340 incremental_pipeline.cc:620] Registering image #147 (num_reg_frames=10)
I20261002 19:52:03.409221 20340 incremental_pipeline.cc:623] => Image sees 40 / 130 points
I20261002 19:52:03.409272 20340 incremental_pipeline.cc:646] => Could not register, trying another image.
I20261002 19:52:03.409325 20340 incremental_pipeline.cc:620] Registering image #121 (num_reg_frames=10)
I20261002 19:52:03.409370 20340 incremental_pipeline.cc:623] => Image sees 100 / 182 points
I20261002 19:52:03.409413 20340 incremental_pipeline.cc:629] Registering image with structure-less fallback
I20261002 19:52:03.409457 20340 incremental_pipeline.cc:631] => Image sees 854 / 5092 correspondences
I20261002 19:52:03.409533 20340 incremental_pipeline.cc:646] => Could not register, trying another image.
I20261002 19:52:03.409578 20340 incremental_pipeline.cc:620] Registering image #100 (num_reg_frames=10)
I20261002 19:52:03.409623 20340 incremental_pipeline.cc:623] => Image sees 118 / 201 points
I20261002 19:52:03.409667 20340 incremental_pipeline.cc:629] Registering image with structure-less fallback
I20261002 19:52:03.409710 20340 incremental_pipeline.cc:631] => Image sees 722 / 6464 correspondences
I20261002 19:52:03.409790 20340 incremental_pipeline.cc:646] => Could not register, trying another image.
I20261002 19:52:03.409833 20340 incremental_pipeline.cc:620] Registering image #132 (num_reg_frames=10)
I20261002 19:52:03.409877 20340 incremental_pipeline.cc:623] => Image sees 119 / 208 points
I20261002 19:52:03.409920 20340 incremental_pipeline.cc:629] Registering image with structure-less fallback
I20261002 19:52:03.409964 20340 incremental_pipeline.cc:631] => Image sees 552 / 1711 correspondences
I20261002 19:52:03.410025 20340 incremental_pipeline.cc:646] => Could not register, trying another image.
I20261002 19:52:03.410075 20340 incremental_pipeline.cc:620] Registering image #131 (num_reg_frames=10)
I20261002 19:52:03.410200 20340 incremental_pipeline.cc:623] => Image sees 108 / 200 points
I20261002 19:52:03.410284 20340 incremental_pipeline.cc:629] Registering image with structure-less fallback
I20261002 19:52:03.410348 20340 incremental_pipeline.cc:631] => Image sees 536 / 1553 correspondences
I20261002 19:52:03.410448 20340 incremental_pipeline.cc:646] => Could not register, trying another image.
I20261002 19:52:03.410533 20340 incremental_pipeline.cc:620] Registering image #105 (num_reg_frames=10)
I20261002 19:52:03.410591 20340 incremental_pipeline.cc:623] => Image sees 98 / 161 points
I20261002 19:52:03.410637 20340 incremental_pipeline.cc:629] Registering image with structure-less fallback
I20261002 19:52:03.410681 20340 incremental_pipeline.cc:631] => Image sees 530 / 1730 correspondences
I20261002 19:52:03.410742 20340 incremental_pipeline.cc:646] => Could not register, trying another image.
I20261002 19:52:03.410786 20340 incremental_pipeline.cc:620] Registering image #106 (num_reg_frames=10)
I20261002 19:52:03.410830 20340 incremental_pipeline.cc:623] => Image sees 110 / 164 points
I20261002 19:52:03.410873 20340 incremental_pipeline.cc:629] Registering image with structure-less fallback
I20261002 19:52:03.410916 20340 incremental_pipeline.cc:631] => Image sees 492 / 1740 correspondences
I20261002 19:52:03.410976 20340 incremental_pipeline.cc:646] => Could not register, trying another image.
I20261002 19:52:03.411019 20340 incremental_pipeline.cc:620] Registering image #124 (num_reg_frames=10)
I20261002 19:52:03.411063 20340 incremental_pipeline.cc:623] => Image sees 116 / 173 points
I20261002 19:52:03.411108 20340 incremental_pipeline.cc:629] Registering image with structure-less fallback
I20261002 19:52:03.411152 20340 incremental_pipeline.cc:631] => Image sees 489 / 1479 correspondences
I20261002 19:52:03.411211 20340 incremental_pipeline.cc:646] => Could not register, trying another image.
I20261002 19:52:03.411255 20340 incremental_pipeline.cc:620] Registering image #134 (num_reg_frames=10)
I20261002 19:52:03.411298 20340 incremental_pipeline.cc:623] => Image sees 82 / 165 points
I20261002 19:52:03.411344 20340 incremental_pipeline.cc:629] Registering image with structure-less fallback
I20261002 19:52:03.411387 20340 incremental_pipeline.cc:631] => Image sees 453 / 1224 correspondences
I20261002 19:52:03.411448 20340 incremental_pipeline.cc:646] => Could not register, trying another image.
I20261002 19:52:03.411493 20340 incremental_pipeline.cc:620] Registering image #109 (num_reg_frames=10)
I20261002 19:52:03.411537 20340 incremental_pipeline.cc:623] => Image sees 85 / 133 points
I20261002 19:52:03.411583 20340 incremental_pipeline.cc:629] Registering image with structure-less fallback
I20261002 19:52:03.411627 20340 incremental_pipeline.cc:631] => Image sees 440 / 1248 correspondences
I20261002 19:52:03.411682 20340 incremental_pipeline.cc:646] => Could not register, trying another image.
I20261002 19:52:03.411725 20340 incremental_pipeline.cc:620] Registering image #101 (num_reg_frames=10)
I20261002 19:52:03.411769 20340 incremental_pipeline.cc:623] => Image sees 112 / 172 points
I20261002 19:52:03.411815 20340 incremental_pipeline.cc:629] Registering image with structure-less fallback
I20261002 19:52:03.411858 20340 incremental_pipeline.cc:631] => Image sees 432 / 1835 correspondences
I20261002 19:52:03.411918 20340 incremental_pipeline.cc:646] => Could not register, trying another image.
I20261002 19:52:03.411989 20340 incremental_pipeline.cc:620] Registering image #138 (num_reg_frames=10)
I20261002 19:52:03.412054 20340 incremental_pipeline.cc:623] => Image sees 61 / 140 points
I20261002 19:52:03.412100 20340 incremental_pipeline.cc:629] Registering image with structure-less fallback
I20261002 19:52:03.412144 20340 incremental_pipeline.cc:631] => Image sees 427 / 2645 correspondences
I20261002 19:52:03.412206 20340 incremental_pipeline.cc:646] => Could not register, trying another image.
I20261002 19:52:03.412250 20340 incremental_pipeline.cc:620] Registering image #126 (num_reg_frames=10)
I20261002 19:52:03.412294 20340 incremental_pipeline.cc:623] => Image sees 106 / 177 points
I20261002 19:52:03.412337 20340 incremental_pipeline.cc:629] Registering image with structure-less fallback
I20261002 19:52:03.412380 20340 incremental_pipeline.cc:631] => Image sees 427 / 1502 correspondences
I20261002 19:52:03.412442 20340 incremental_pipeline.cc:646] => Could not register, trying another image.
I20261002 19:52:03.412495 20340 incremental_pipeline.cc:620] Registering image #135 (num_reg_frames=10)
I20261002 19:52:03.412539 20340 incremental_pipeline.cc:623] => Image sees 71 / 158 points
I20261002 19:52:03.412583 20340 incremental_pipeline.cc:629] Registering image with structure-less fallback
I20261002 19:52:03.412626 20340 incremental_pipeline.cc:631] => Image sees 425 / 1095 correspondences
I20261002 19:52:03.412682 20340 incremental_pipeline.cc:646] => Could not register, trying another image.
I20261002 19:52:03.412725 20340 incremental_pipeline.cc:620] Registering image #104 (num_reg_frames=10)
I20261002 19:52:03.412769 20340 incremental_pipeline.cc:623] => Image sees 109 / 171 points
I20261002 19:52:03.412813 20340 incremental_pipeline.cc:629] Registering image with structure-less fallback
I20261002 19:52:03.412856 20340 incremental_pipeline.cc:631] => Image sees 422 / 1569 correspondences
I20261002 19:52:03.412914 20340 incremental_pipeline.cc:646] => Could not register, trying another image.
I20261002 19:52:03.412958 20340 incremental_pipeline.cc:620] Registering image #98 (num_reg_frames=10)
I20261002 19:52:03.413001 20340 incremental_pipeline.cc:623] => Image sees 105 / 202 points
I20261002 19:52:03.413044 20340 incremental_pipeline.cc:629] Registering image with structure-less fallback
I20261002 19:52:03.413087 20340 incremental_pipeline.cc:631] => Image sees 399 / 1825 correspondences
I20261002 19:52:03.413145 20340 incremental_pipeline.cc:646] => Could not register, trying another image.
I20261002 19:52:03.413187 20340 incremental_pipeline.cc:620] Registering image #129 (num_reg_frames=10)
I20261002 19:52:03.413234 20340 incremental_pipeline.cc:623] => Image sees 112 / 183 points
I20261002 19:52:03.413277 20340 incremental_pipeline.cc:629] Registering image with structure-less fallback
I20261002 19:52:03.413320 20340 incremental_pipeline.cc:631] => Image sees 395 / 1670 correspondences
I20261002 19:52:03.413380 20340 incremental_pipeline.cc:646] => Could not register, trying another image.
I20261002 19:52:03.413423 20340 incremental_pipeline.cc:620] Registering image #123 (num_reg_frames=10)
I20261002 19:52:03.413469 20340 incremental_pipeline.cc:623] => Image sees 104 / 182 points
I20261002 19:52:03.413513 20340 incremental_pipeline.cc:629] Registering image with structure-less fallback
I20261002 19:52:03.413556 20340 incremental_pipeline.cc:631] => Image sees 384 / 1691 correspondences
I20261002 19:52:03.413615 20340 incremental_pipeline.cc:646] => Could not register, trying another image.
I20261002 19:52:03.413658 20340 incremental_pipeline.cc:620] Registering image #113 (num_reg_frames=10)
I20261002 19:52:03.413702 20340 incremental_pipeline.cc:623] => Image sees 83 / 143 points
I20261002 19:52:03.413746 20340 incremental_pipeline.cc:629] Registering image with structure-less fallback
I20261002 19:52:03.413789 20340 incremental_pipeline.cc:631] => Image sees 378 / 1242 correspondences
I20261002 19:52:03.413846 20340 incremental_pipeline.cc:646] => Could not register, trying another image.
I20261002 19:52:03.413889 20340 incremental_pipeline.cc:620] Registering image #119 (num_reg_frames=10)
I20261002 19:52:03.413932 20340 incremental_pipeline.cc:623] => Image sees 100 / 183 points
I20261002 19:52:03.413975 20340 incremental_pipeline.cc:629] Registering image with structure-less fallback
I20261002 19:52:03.414018 20340 incremental_pipeline.cc:631] => Image sees 375 / 1696 correspondences
I20261002 19:52:03.414076 20340 incremental_pipeline.cc:646] => Could not register, trying another image.
I20261002 19:52:03.414122 20340 incremental_pipeline.cc:620] Registering image #137 (num_reg_frames=10)
I20261002 19:52:03.414165 20340 incremental_pipeline.cc:623] => Image sees 91 / 145 points
I20261002 19:52:03.414209 20340 incremental_pipeline.cc:629] Registering image with structure-less fallback
I20261002 19:52:03.414251 20340 incremental_pipeline.cc:631] => Image sees 313 / 1299 correspondences
I20261002 19:52:03.414307 20340 incremental_pipeline.cc:646] => Could not register, trying another image.
I20261002 19:52:03.414358 20340 incremental_pipeline.cc:620] Registering image #116 (num_reg_frames=10)
I20261002 19:52:03.414401 20340 incremental_pipeline.cc:623] => Image sees 88 / 155 points
I20261002 19:52:03.414446 20340 incremental_pipeline.cc:629] Registering image with structure-less fallback
I20261002 19:52:03.414493 20340 incremental_pipeline.cc:631] => Image sees 273 / 1667 correspondences
I20261002 19:52:03.414554 20340 incremental_pipeline.cc:646] => Could not register, trying another image.
I20261002 19:52:03.414598 20340 incremental_pipeline.cc:620] Registering image #114 (num_reg_frames=10)
I20261002 19:52:03.414641 20340 incremental_pipeline.cc:623] => Image sees 90 / 151 points
I20261002 19:52:03.414685 20340 incremental_pipeline.cc:629] Registering image with structure-less fallback
I20261002 19:52:03.414728 20340 incremental_pipeline.cc:631] => Image sees 271 / 1419 correspondences
I20261002 19:52:03.414784 20340 incremental_pipeline.cc:646] => Could not register, trying another image.
I20261002 19:52:03.414827 20340 incremental_pipeline.cc:620] Registering image #102 (num_reg_frames=10)
I20261002 19:52:03.414870 20340 incremental_pipeline.cc:623] => Image sees 108 / 190 points
I20261002 19:52:03.414913 20340 incremental_pipeline.cc:629] Registering image with structure-less fallback
I20261002 19:52:03.414956 20340 incremental_pipeline.cc:631] => Image sees 271 / 2082 correspondences
I20261002 19:52:03.415014 20340 incremental_pipeline.cc:646] => Could not register, trying another image.
I20261002 19:52:03.415058 20340 incremental_pipeline.cc:620] Registering image #118 (num_reg_frames=10)
I20261002 19:52:03.415105 20340 incremental_pipeline.cc:623] => Image sees 100 / 174 points
I20261002 19:52:03.415148 20340 incremental_pipeline.cc:629] Registering image with structure-less fallback
I20261002 19:52:03.415191 20340 incremental_pipeline.cc:631] => Image sees 268 / 1710 correspondences
I20261002 19:52:03.415249 20340 incremental_pipeline.cc:646] => Could not register, trying another image.
I20261002 19:52:03.415293 20340 incremental_pipeline.cc:620] Registering image #120 (num_reg_frames=10)
I20261002 19:52:03.415336 20340 incremental_pipeline.cc:623] => Image sees 89 / 170 points
I20261002 19:52:03.415380 20340 incremental_pipeline.cc:629] Registering image with structure-less fallback
I20261002 19:52:03.415423 20340 incremental_pipeline.cc:631] => Image sees 264 / 1390 correspondences
I20261002 19:52:03.415480 20340 incremental_pipeline.cc:646] => Could not register, trying another image.
I20261002 19:52:03.415523 20340 incremental_pipeline.cc:620] Registering image #122 (num_reg_frames=10)
I20261002 19:52:03.415569 20340 incremental_pipeline.cc:623] => Image sees 105 / 165 points
I20261002 19:52:03.415613 20340 incremental_pipeline.cc:629] Registering image with structure-less fallback
I20261002 19:52:03.415656 20340 incremental_pipeline.cc:631] => Image sees 264 / 1421 correspondences
I20261002 19:52:03.415714 20340 incremental_pipeline.cc:646] => Could not register, trying another image.
I20261002 19:52:03.415757 20340 incremental_pipeline.cc:620] Registering image #112 (num_reg_frames=10)
I20261002 19:52:03.415803 20340 incremental_pipeline.cc:623] => Image sees 86 / 151 points
I20261002 19:52:03.415846 20340 incremental_pipeline.cc:629] Registering image with structure-less fallback
I20261002 19:52:03.415889 20340 incremental_pipeline.cc:631] => Image sees 259 / 1458 correspondences
I20261002 19:52:03.415945 20340 incremental_pipeline.cc:646] => Could not register, trying another image.
I20261002 19:52:03.415988 20340 incremental_pipeline.cc:620] Registering image #117 (num_reg_frames=10)
I20261002 19:52:03.416032 20340 incremental_pipeline.cc:623] => Image sees 81 / 153 points
I20261002 19:52:03.416077 20340 incremental_pipeline.cc:629] Registering image with structure-less fallback
I20261002 19:52:03.416193 20340 incremental_pipeline.cc:631] => Image sees 251 / 1378 correspondences
I20261002 19:52:03.416276 20340 incremental_pipeline.cc:646] => Could not register, trying another image.
I20261002 19:52:03.416351 20340 incremental_pipeline.cc:620] Registering image #44 (num_reg_frames=10)
I20261002 19:52:03.416421 20340 incremental_pipeline.cc:623] => Image sees 101 / 212 points
I20261002 19:52:03.416477 20340 incremental_pipeline.cc:629] Registering image with structure-less fallback
I20261002 19:52:03.416524 20340 incremental_pipeline.cc:631] => Image sees 244 / 3890 correspondences
I20261002 19:52:03.416593 20340 incremental_pipeline.cc:646] => Could not register, trying another image.
I20261002 19:52:03.416639 20340 incremental_pipeline.cc:620] Registering image #95 (num_reg_frames=10)
I20261002 19:52:03.416686 20340 incremental_pipeline.cc:623] => Image sees 104 / 201 points
I20261002 19:52:03.416733 20340 incremental_pipeline.cc:629] Registering image with structure-less fallback
I20261002 19:52:03.416779 20340 incremental_pipeline.cc:631] => Image sees 201 / 2034 correspondences
I20261002 19:52:03.416840 20340 incremental_pipeline.cc:646] => Could not register, trying another image.
I20261002 19:52:03.416886 20340 incremental_pipeline.cc:620] Registering image #125 (num_reg_frames=10)
I20261002 19:52:03.416932 20340 incremental_pipeline.cc:623] => Image sees 104 / 195 points
I20261002 19:52:03.416979 20340 incremental_pipeline.cc:629] Registering image with structure-less fallback
I20261002 19:52:03.417024 20340 incremental_pipeline.cc:631] => Image sees 196 / 1630 correspondences
I20261002 19:52:03.417084 20340 incremental_pipeline.cc:646] => Could not register, trying another image.
I20261002 19:52:03.417130 20340 incremental_pipeline.cc:620] Registering image #140 (num_reg_frames=10)
I20261002 19:52:03.417178 20340 incremental_pipeline.cc:623] => Image sees 60 / 157 points
I20261002 19:52:03.417225 20340 incremental_pipeline.cc:629] Registering image with structure-less fallback
I20261002 19:52:03.417270 20340 incremental_pipeline.cc:631] => Image sees 196 / 974 correspondences
I20261002 19:52:03.417327 20340 incremental_pipeline.cc:646] => Could not register, trying another image.
I20261002 19:52:03.417372 20340 incremental_pipeline.cc:620] Registering image #94 (num_reg_frames=10)
I20261002 19:52:03.417419 20340 incremental_pipeline.cc:623] => Image sees 105 / 201 points
I20261002 19:52:03.417465 20340 incremental_pipeline.cc:629] Registering image with structure-less fallback
I20261002 19:52:03.417510 20340 incremental_pipeline.cc:631] => Image sees 191 / 2391 correspondences
I20261002 19:52:03.417573 20340 incremental_pipeline.cc:646] => Could not register, trying another image.
I20261002 19:52:03.417619 20340 incremental_pipeline.cc:620] Registering image #99 (num_reg_frames=10)
I20261002 19:52:03.417665 20340 incremental_pipeline.cc:623] => Image sees 103 / 194 points
I20261002 19:52:03.417712 20340 incremental_pipeline.cc:629] Registering image with structure-less fallback
I20261002 19:52:03.417758 20340 incremental_pipeline.cc:631] => Image sees 190 / 2442 correspondences
I20261002 19:52:03.417820 20340 incremental_pipeline.cc:646] => Could not register, trying another image.
I20261002 19:52:03.417865 20340 incremental_pipeline.cc:620] Registering image #93 (num_reg_frames=10)
I20261002 19:52:03.417912 20340 incremental_pipeline.cc:623] => Image sees 101 / 210 points
I20261002 19:52:03.417959 20340 incremental_pipeline.cc:629] Registering image with structure-less fallback
I20261002 19:52:03.418004 20340 incremental_pipeline.cc:631] => Image sees 179 / 8093 correspondences
I20261002 19:52:03.418087 20340 incremental_pipeline.cc:646] => Could not register, trying another image.
I20261002 19:52:03.418133 20340 incremental_pipeline.cc:620] Registering image #115 (num_reg_frames=10)
I20261002 19:52:03.418179 20340 incremental_pipeline.cc:623] => Image sees 74 / 139 points
I20261002 19:52:03.418225 20340 incremental_pipeline.cc:629] Registering image with structure-less fallback
I20261002 19:52:03.418272 20340 incremental_pipeline.cc:631] => Image sees 179 / 1402 correspondences
I20261002 19:52:03.418329 20340 incremental_pipeline.cc:646] => Could not register, trying another image.
I20261002 19:52:03.418383 20340 incremental_pipeline.cc:620] Registering image #43 (num_reg_frames=10)
I20261002 19:52:03.418429 20340 incremental_pipeline.cc:623] => Image sees 97 / 208 points
I20261002 19:52:03.418475 20340 incremental_pipeline.cc:629] Registering image with structure-less fallback
I20261002 19:52:03.418521 20340 incremental_pipeline.cc:631] => Image sees 171 / 2888 correspondences
I20261002 19:52:03.418585 20340 incremental_pipeline.cc:646] => Could not register, trying another image.
I20261002 19:52:03.418630 20340 incremental_pipeline.cc:620] Registering image #61 (num_reg_frames=10)
I20261002 19:52:03.418677 20340 incremental_pipeline.cc:623] => Image sees 98 / 211 points
I20261002 19:52:03.418723 20340 incremental_pipeline.cc:629] Registering image with structure-less fallback
I20261002 19:52:03.418768 20340 incremental_pipeline.cc:631] => Image sees 166 / 3363 correspondences
I20261002 19:52:03.418833 20340 incremental_pipeline.cc:646] => Could not register, trying another image.
I20261002 19:52:03.418879 20340 incremental_pipeline.cc:620] Registering image #142 (num_reg_frames=10)
I20261002 19:52:03.418925 20340 incremental_pipeline.cc:623] => Image sees 60 / 150 points
I20261002 19:52:03.418972 20340 incremental_pipeline.cc:629] Registering image with structure-less fallback
I20261002 19:52:03.419018 20340 incremental_pipeline.cc:631] => Image sees 147 / 1018 correspondences
I20261002 19:52:03.419074 20340 incremental_pipeline.cc:646] => Could not register, trying another image.
I20261002 19:52:03.419123 20340 incremental_pipeline.cc:620] Registering image #5 (num_reg_frames=10)
I20261002 19:52:03.419169 20340 incremental_pipeline.cc:623] => Image sees 87 / 198 points
I20261002 19:52:03.419216 20340 incremental_pipeline.cc:629] Registering image with structure-less fallback
I20261002 19:52:03.419261 20340 incremental_pipeline.cc:631] => Image sees 144 / 1402 correspondences
I20261002 19:52:03.419318 20340 incremental_pipeline.cc:646] => Could not register, trying another image.
I20261002 19:52:03.419364 20340 incremental_pipeline.cc:620] Registering image #141 (num_reg_frames=10)
I20261002 19:52:03.419409 20340 incremental_pipeline.cc:623] => Image sees 46 / 141 points
I20261002 19:52:03.419455 20340 incremental_pipeline.cc:629] Registering image with structure-less fallback
I20261002 19:52:03.419501 20340 incremental_pipeline.cc:631] => Image sees 136 / 744 correspondences
I20261002 19:52:03.419555 20340 incremental_pipeline.cc:646] => Could not register, trying another image.
I20261002 19:52:03.419601 20340 incremental_pipeline.cc:620] Registering image #139 (num_reg_frames=10)
I20261002 19:52:03.419647 20340 incremental_pipeline.cc:623] => Image sees 57 / 139 points
I20261002 19:52:03.419693 20340 incremental_pipeline.cc:629] Registering image with structure-less fallback
I20261002 19:52:03.419739 20340 incremental_pipeline.cc:631] => Image sees 126 / 811 correspondences
I20261002 19:52:03.419794 20340 incremental_pipeline.cc:646] => Could not register, trying another image.
I20261002 19:52:03.419840 20340 incremental_pipeline.cc:620] Registering image #85 (num_reg_frames=10)
I20261002 19:52:03.419885 20340 incremental_pipeline.cc:623] => Image sees 96 / 197 points
I20261002 19:52:03.419931 20340 incremental_pipeline.cc:629] Registering image with structure-less fallback
I20261002 19:52:03.419976 20340 incremental_pipeline.cc:631] => Image sees 125 / 2291 correspondences
I20261002 19:52:03.420037 20340 incremental_pipeline.cc:646] => Could not register, trying another image.
I20261002 19:52:03.420084 20340 incremental_pipeline.cc:620] Registering image #72 (num_reg_frames=10)
I20261002 19:52:03.420130 20340 incremental_pipeline.cc:623] => Image sees 96 / 203 points
I20261002 19:52:03.420177 20340 incremental_pipeline.cc:629] Registering image with structure-less fallback
I20261002 19:52:03.420222 20340 incremental_pipeline.cc:631] => Image sees 119 / 8844 correspondences
I20261002 19:52:03.420306 20340 incremental_pipeline.cc:646] => Could not register, trying another image.
I20261002 19:52:03.420361 20340 incremental_pipeline.cc:620] Registering image #39 (num_reg_frames=10)
I20261002 19:52:03.420406 20340 incremental_pipeline.cc:623] => Image sees 90 / 214 points
I20261002 19:52:03.420452 20340 incremental_pipeline.cc:629] Registering image with structure-less fallback
I20261002 19:52:03.420498 20340 incremental_pipeline.cc:631] => Image sees 119 / 2959 correspondences
I20261002 19:52:03.420560 20340 incremental_pipeline.cc:646] => Could not register, trying another image.
I20261002 19:52:03.420607 20340 incremental_pipeline.cc:620] Registering image #144 (num_reg_frames=10)
I20261002 19:52:03.420653 20340 incremental_pipeline.cc:623] => Image sees 49 / 127 points
I20261002 19:52:03.420700 20340 incremental_pipeline.cc:629] Registering image with structure-less fallback
I20261002 19:52:03.420746 20340 incremental_pipeline.cc:631] => Image sees 117 / 714 correspondences
I20261002 19:52:03.420801 20340 incremental_pipeline.cc:646] => Could not register, trying another image.
I20261002 19:52:03.420846 20340 incremental_pipeline.cc:620] Registering image #143 (num_reg_frames=10)
I20261002 19:52:03.420891 20340 incremental_pipeline.cc:623] => Image sees 55 / 133 points
I20261002 19:52:03.420937 20340 incremental_pipeline.cc:629] Registering image with structure-less fallback
I20261002 19:52:03.420983 20340 incremental_pipeline.cc:631] => Image sees 109 / 719 correspondences
I20261002 19:52:03.421037 20340 incremental_pipeline.cc:646] => Could not register, trying another image.
I20261002 19:52:03.421086 20340 incremental_pipeline.cc:620] Registering image #96 (num_reg_frames=10)
I20261002 19:52:03.421131 20340 incremental_pipeline.cc:623] => Image sees 89 / 202 points
I20261002 19:52:03.421177 20340 incremental_pipeline.cc:629] Registering image with structure-less fallback
I20261002 19:52:03.421223 20340 incremental_pipeline.cc:631] => Image sees 105 / 2134 correspondences
I20261002 19:52:03.421282 20340 incremental_pipeline.cc:646] => Could not register, trying another image.
I20261002 19:52:03.421327 20340 incremental_pipeline.cc:620] Registering image #97 (num_reg_frames=10)
I20261002 19:52:03.421374 20340 incremental_pipeline.cc:623] => Image sees 90 / 193 points
I20261002 19:52:03.421419 20340 incremental_pipeline.cc:629] Registering image with structure-less fallback
I20261002 19:52:03.421465 20340 incremental_pipeline.cc:631] => Image sees 103 / 2422 correspondences
I20261002 19:52:03.421525 20340 incremental_pipeline.cc:646] => Could not register, trying another image.
I20261002 19:52:03.421570 20340 incremental_pipeline.cc:620] Registering image #90 (num_reg_frames=10)
I20261002 19:52:03.421616 20340 incremental_pipeline.cc:623] => Image sees 90 / 203 points
I20261002 19:52:03.421662 20340 incremental_pipeline.cc:629] Registering image with structure-less fallback
I20261002 19:52:03.421707 20340 incremental_pipeline.cc:631] => Image sees 99 / 2322 correspondences
I20261002 19:52:03.421767 20340 incremental_pipeline.cc:646] => Could not register, trying another image.
I20261002 19:52:03.421812 20340 incremental_pipeline.cc:620] Registering image #53 (num_reg_frames=10)
I20261002 19:52:03.421859 20340 incremental_pipeline.cc:623] => Image sees 88 / 216 points
I20261002 19:52:03.421905 20340 incremental_pipeline.cc:629] Registering image with structure-less fallback
I20261002 19:52:03.421951 20340 incremental_pipeline.cc:631] => Image sees 98 / 3119 correspondences
I20261002 19:52:03.422014 20340 incremental_pipeline.cc:646] => Could not register, trying another image.
I20261002 19:52:03.422059 20340 incremental_pipeline.cc:620] Registering image #58 (num_reg_frames=10)
I20261002 19:52:03.422105 20340 incremental_pipeline.cc:623] => Image sees 85 / 224 points
I20261002 19:52:03.422151 20340 incremental_pipeline.cc:629] Registering image with structure-less fallback
I20261002 19:52:03.422211 20340 incremental_pipeline.cc:631] => Image sees 96 / 3466 correspondences
I20261002 19:52:03.422327 20340 incremental_pipeline.cc:646] => Could not register, trying another image.
I20261002 19:52:03.422545 20340 incremental_pipeline.cc:620] Registering image #41 (num_reg_frames=10)
I20261002 19:52:03.422704 20340 incremental_pipeline.cc:623] => Image sees 85 / 237 points
I20261002 19:52:03.422766 20340 incremental_pipeline.cc:629] Registering image with structure-less fallback
I20261002 19:52:03.422814 20340 incremental_pipeline.cc:631] => Image sees 93 / 3386 correspondences
I20261002 19:52:03.422880 20340 incremental_pipeline.cc:646] => Could not register, trying another image.
I20261002 19:52:03.422930 20340 incremental_pipeline.cc:620] Registering image #36 (num_reg_frames=10)
I20261002 19:52:03.422976 20340 incremental_pipeline.cc:623] => Image sees 82 / 224 points
I20261002 19:52:03.423025 20340 incremental_pipeline.cc:629] Registering image with structure-less fallback
I20261002 19:52:03.423073 20340 incremental_pipeline.cc:631] => Image sees 91 / 3343 correspondences
I20261002 19:52:03.423139 20340 incremental_pipeline.cc:646] => Could not register, trying another image.
I20261002 19:52:03.423184 20340 incremental_pipeline.cc:620] Registering image #66 (num_reg_frames=10)
I20261002 19:52:03.423231 20340 incremental_pipeline.cc:623] => Image sees 82 / 222 points
I20261002 19:52:03.423280 20340 incremental_pipeline.cc:629] Registering image with structure-less fallback
I20261002 19:52:03.423325 20340 incremental_pipeline.cc:631] => Image sees 91 / 3011 correspondences
I20261002 19:52:03.423386 20340 incremental_pipeline.cc:646] => Could not register, trying another image.
I20261002 19:52:03.423438 20340 incremental_pipeline.cc:620] Registering image #60 (num_reg_frames=10)
I20261002 19:52:03.423487 20340 incremental_pipeline.cc:623] => Image sees 83 / 209 points
I20261002 19:52:03.423533 20340 incremental_pipeline.cc:629] Registering image with structure-less fallback
I20261002 19:52:03.423580 20340 incremental_pipeline.cc:631] => Image sees 89 / 3615 correspondences
I20261002 19:52:03.423646 20340 incremental_pipeline.cc:646] => Could not register, trying another image.
I20261002 19:52:03.423691 20340 incremental_pipeline.cc:620] Registering image #67 (num_reg_frames=10)
I20261002 19:52:03.423736 20340 incremental_pipeline.cc:623] => Image sees 78 / 215 points
I20261002 19:52:03.423784 20340 incremental_pipeline.cc:629] Registering image with structure-less fallback
I20261002 19:52:03.423829 20340 incremental_pipeline.cc:631] => Image sees 88 / 3213 correspondences
I20261002 19:52:03.423891 20340 incremental_pipeline.cc:646] => Could not register, trying another image.
I20261002 19:52:03.423938 20340 incremental_pipeline.cc:620] Registering image #81 (num_reg_frames=10)
I20261002 19:52:03.423985 20340 incremental_pipeline.cc:623] => Image sees 67 / 204 points
I20261002 19:52:03.424031 20340 incremental_pipeline.cc:629] Registering image with structure-less fallback
I20261002 19:52:03.424076 20340 incremental_pipeline.cc:631] => Image sees 84 / 2470 correspondences
I20261002 19:52:03.424135 20340 incremental_pipeline.cc:646] => Could not register, trying another image.
I20261002 19:52:03.424181 20340 incremental_pipeline.cc:620] Registering image #64 (num_reg_frames=10)
I20261002 19:52:03.424226 20340 incremental_pipeline.cc:623] => Image sees 74 / 211 points
I20261002 19:52:03.424273 20340 incremental_pipeline.cc:629] Registering image with structure-less fallback
I20261002 19:52:03.424321 20340 incremental_pipeline.cc:631] => Image sees 84 / 3370 correspondences
I20261002 19:52:03.424385 20340 incremental_pipeline.cc:646] => Could not register, trying another image.
I20261002 19:52:03.424431 20340 incremental_pipeline.cc:620] Registering image #74 (num_reg_frames=10)
I20261002 19:52:03.424478 20340 incremental_pipeline.cc:623] => Image sees 61 / 207 points
I20261002 19:52:03.424526 20340 incremental_pipeline.cc:629] Registering image with structure-less fallback
I20261002 19:52:03.424572 20340 incremental_pipeline.cc:631] => Image sees 82 / 2441 correspondences
I20261002 19:52:03.424634 20340 incremental_pipeline.cc:646] => Could not register, trying another image.
I20261002 19:52:03.424679 20340 incremental_pipeline.cc:620] Registering image #80 (num_reg_frames=10)
I20261002 19:52:03.424737 20340 incremental_pipeline.cc:623] => Image sees 66 / 202 points
I20261002 19:52:03.424782 20340 incremental_pipeline.cc:629] Registering image with structure-less fallback
I20261002 19:52:03.424829 20340 incremental_pipeline.cc:631] => Image sees 81 / 2708 correspondences
I20261002 19:52:03.424926 20340 incremental_pipeline.cc:646] => Could not register, trying another image.
I20261002 19:52:03.424973 20340 incremental_pipeline.cc:620] Registering image #69 (num_reg_frames=10)
I20261002 19:52:03.425019 20340 incremental_pipeline.cc:623] => Image sees 69 / 212 points
I20261002 19:52:03.425068 20340 incremental_pipeline.cc:629] Registering image with structure-less fallback
I20261002 19:52:03.425114 20340 incremental_pipeline.cc:631] => Image sees 80 / 2938 correspondences
I20261002 19:52:03.425175 20340 incremental_pipeline.cc:646] => Could not register, trying another image.
I20261002 19:52:03.425221 20340 incremental_pipeline.cc:620] Registering image #91 (num_reg_frames=10)
I20261002 19:52:03.425267 20340 incremental_pipeline.cc:623] => Image sees 62 / 194 points
I20261002 19:52:03.425312 20340 incremental_pipeline.cc:629] Registering image with structure-less fallback
I20261002 19:52:03.425360 20340 incremental_pipeline.cc:631] => Image sees 80 / 2151 correspondences
I20261002 19:52:03.425419 20340 incremental_pipeline.cc:646] => Could not register, trying another image.
I20261002 19:52:03.425469 20340 incremental_pipeline.cc:620] Registering image #13 (num_reg_frames=10)
I20261002 19:52:03.425514 20340 incremental_pipeline.cc:623] => Image sees 64 / 215 points
I20261002 19:52:03.425560 20340 incremental_pipeline.cc:629] Registering image with structure-less fallback
I20261002 19:52:03.425607 20340 incremental_pipeline.cc:631] => Image sees 79 / 7531 correspondences
I20261002 19:52:03.425686 20340 incremental_pipeline.cc:646] => Could not register, trying another image.
I20261002 19:52:03.425734 20340 incremental_pipeline.cc:620] Registering image #15 (num_reg_frames=10)
I20261002 19:52:03.425781 20340 incremental_pipeline.cc:623] => Image sees 65 / 231 points
I20261002 19:52:03.425825 20340 incremental_pipeline.cc:629] Registering image with structure-less fallback
I20261002 19:52:03.425871 20340 incremental_pipeline.cc:631] => Image sees 78 / 2805 correspondences
I20261002 19:52:03.425935 20340 incremental_pipeline.cc:646] => Could not register, trying another image.
I20261002 19:52:03.425981 20340 incremental_pipeline.cc:620] Registering image #77 (num_reg_frames=10)
I20261002 19:52:03.426027 20340 incremental_pipeline.cc:623] => Image sees 56 / 217 points
I20261002 19:52:03.426074 20340 incremental_pipeline.cc:629] Registering image with structure-less fallback
I20261002 19:52:03.426120 20340 incremental_pipeline.cc:631] => Image sees 77 / 2985 correspondences
I20261002 19:52:03.426183 20340 incremental_pipeline.cc:646] => Could not register, trying another image.
I20261002 19:52:03.426228 20340 incremental_pipeline.cc:620] Registering image #19 (num_reg_frames=10)
I20261002 19:52:03.426276 20340 incremental_pipeline.cc:623] => Image sees 64 / 219 points
I20261002 19:52:03.426321 20340 incremental_pipeline.cc:629] Registering image with structure-less fallback
I20261002 19:52:03.426367 20340 incremental_pipeline.cc:631] => Image sees 76 / 2307 correspondences
I20261002 19:52:03.426427 20340 incremental_pipeline.cc:646] => Could not register, trying another image.
I20261002 19:52:03.426472 20340 incremental_pipeline.cc:620] Registering image #92 (num_reg_frames=10)
I20261002 19:52:03.426519 20340 incremental_pipeline.cc:623] => Image sees 66 / 192 points
I20261002 19:52:03.426564 20340 incremental_pipeline.cc:629] Registering image with structure-less fallback
I20261002 19:52:03.426636 20340 incremental_pipeline.cc:631] => Image sees 76 / 2083 correspondences
I20261002 19:52:03.426712 20340 incremental_pipeline.cc:646] => Could not register, trying another image.
I20261002 19:52:03.426759 20340 incremental_pipeline.cc:620] Registering image #45 (num_reg_frames=10)
I20261002 19:52:03.426813 20340 incremental_pipeline.cc:623] => Image sees 58 / 211 points
I20261002 19:52:03.426860 20340 incremental_pipeline.cc:629] Registering image with structure-less fallback
I20261002 19:52:03.426907 20340 incremental_pipeline.cc:631] => Image sees 75 / 3540 correspondences
I20261002 19:52:03.426972 20340 incremental_pipeline.cc:646] => Could not register, trying another image.
I20261002 19:52:03.427017 20340 incremental_pipeline.cc:620] Registering image #49 (num_reg_frames=10)
I20261002 19:52:03.427063 20340 incremental_pipeline.cc:623] => Image sees 61 / 210 points
I20261002 19:52:03.427109 20340 incremental_pipeline.cc:629] Registering image with structure-less fallback
I20261002 19:52:03.427156 20340 incremental_pipeline.cc:631] => Image sees 74 / 3368 correspondences
I20261002 19:52:03.427219 20340 incremental_pipeline.cc:646] => Could not register, trying another image.
I20261002 19:52:03.427264 20340 incremental_pipeline.cc:620] Registering image #55 (num_reg_frames=10)
I20261002 19:52:03.427311 20340 incremental_pipeline.cc:623] => Image sees 63 / 220 points
I20261002 19:52:03.427357 20340 incremental_pipeline.cc:629] Registering image with structure-less fallback
I20261002 19:52:03.427401 20340 incremental_pipeline.cc:631] => Image sees 74 / 3225 correspondences
I20261002 19:52:03.427464 20340 incremental_pipeline.cc:646] => Could not register, trying another image.
I20261002 19:52:03.427543 20340 incremental_pipeline.cc:620] Registering image #70 (num_reg_frames=10)
I20261002 19:52:03.427591 20340 incremental_pipeline.cc:623] => Image sees 60 / 217 points
I20261002 19:52:03.427638 20340 incremental_pipeline.cc:629] Registering image with structure-less fallback
I20261002 19:52:03.427684 20340 incremental_pipeline.cc:631] => Image sees 73 / 2789 correspondences
I20261002 19:52:03.427747 20340 incremental_pipeline.cc:646] => Could not register, trying another image.
I20261002 19:52:03.427791 20340 incremental_pipeline.cc:620] Registering image #47 (num_reg_frames=10)
I20261002 19:52:03.427838 20340 incremental_pipeline.cc:623] => Image sees 62 / 206 points
I20261002 19:52:03.427883 20340 incremental_pipeline.cc:629] Registering image with structure-less fallback
I20261002 19:52:03.427929 20340 incremental_pipeline.cc:631] => Image sees 73 / 3226 correspondences
I20261002 19:52:03.427991 20340 incremental_pipeline.cc:646] => Could not register, trying another image.
I20261002 19:52:03.428037 20340 incremental_pipeline.cc:620] Registering image #2 (num_reg_frames=10)
I20261002 19:52:03.428084 20340 incremental_pipeline.cc:623] => Image sees 64 / 197 points
I20261002 19:52:03.428129 20340 incremental_pipeline.cc:629] Registering image with structure-less fallback
I20261002 19:52:03.428174 20340 incremental_pipeline.cc:631] => Image sees 69 / 6831 correspondences
I20261002 19:52:03.428249 20340 incremental_pipeline.cc:646] => Could not register, trying another image.
I20261002 19:52:03.428342 20340 incremental_pipeline.cc:620] Registering image #59 (num_reg_frames=10)
I20261002 19:52:03.428405 20340 incremental_pipeline.cc:623] => Image sees 57 / 205 points
I20261002 19:52:03.428455 20340 incremental_pipeline.cc:629] Registering image with structure-less fallback
I20261002 19:52:03.428525 20340 incremental_pipeline.cc:631] => Image sees 69 / 3196 correspondences
I20261002 19:52:03.428607 20340 incremental_pipeline.cc:646] => Could not register, trying another image.
I20261002 19:52:03.428655 20340 incremental_pipeline.cc:620] Registering image #7 (num_reg_frames=10)
I20261002 19:52:03.428702 20340 incremental_pipeline.cc:623] => Image sees 56 / 189 points
I20261002 19:52:03.428749 20340 incremental_pipeline.cc:629] Registering image with structure-less fallback
I20261002 19:52:03.428794 20340 incremental_pipeline.cc:631] => Image sees 65 / 1427 correspondences
I20261002 19:52:03.428851 20340 incremental_pipeline.cc:646] => Could not register, trying another image.
I20261002 19:52:03.428897 20340 incremental_pipeline.cc:620] Registering image #71 (num_reg_frames=10)
I20261002 19:52:03.428977 20340 incremental_pipeline.cc:623] => Image sees 52 / 212 points
I20261002 19:52:03.429023 20340 incremental_pipeline.cc:629] Registering image with structure-less fallback
I20261002 19:52:03.429071 20340 incremental_pipeline.cc:631] => Image sees 60 / 3057 correspondences
I20261002 19:52:03.429133 20340 incremental_pipeline.cc:646] => Could not register, trying another image.
I20261002 19:52:03.429178 20340 incremental_pipeline.cc:620] Registering image #9 (num_reg_frames=10)
I20261002 19:52:03.429225 20340 incremental_pipeline.cc:623] => Image sees 50 / 191 points
I20261002 19:52:03.429273 20340 incremental_pipeline.cc:629] Registering image with structure-less fallback
I20261002 19:52:03.429318 20340 incremental_pipeline.cc:631] => Image sees 57 / 1682 correspondences
I20261002 19:52:03.429364 20340 incremental_pipeline.cc:646] => Could not register, trying another image.
I20261002 19:52:03.429410 20340 incremental_pipeline.cc:620] Registering image #146 (num_reg_frames=10)
I20261002 19:52:03.429456 20340 incremental_pipeline.cc:623] => Image sees 46 / 111 points
I20261002 19:52:03.429503 20340 incremental_pipeline.cc:629] Registering image with structure-less fallback
I20261002 19:52:03.429549 20340 incremental_pipeline.cc:631] => Image sees 52 / 533 correspondences
I20261002 19:52:03.429599 20340 incremental_pipeline.cc:646] => Could not register, trying another image.
I20261002 19:52:03.429645 20340 incremental_pipeline.cc:620] Registering image #147 (num_reg_frames=10)
I20261002 19:52:03.429691 20340 incremental_pipeline.cc:623] => Image sees 40 / 130 points
I20261002 19:52:03.429738 20340 incremental_pipeline.cc:629] Registering image with structure-less fallback
I20261002 19:52:03.429784 20340 incremental_pipeline.cc:631] => Image sees 48 / 465 correspondences
I20261002 19:52:03.429829 20340 incremental_pipeline.cc:646] => Could not register, trying another image.
I20261002 19:52:03.429904 20340 incremental_pipeline.cc:826] Keeping successful reconstruction
I20261002 19:52:03.430684 20340 incremental_pipeline.cc:465] Finding good initial image pair
I20261002 19:52:03.432907 20340 incremental_pipeline.cc:472] => No good initial image pair found.
I20261002 19:52:03.433004 20340 incremental_pipeline.cc:800] Discarding reconstruction due to no initial pair
I20261002 19:52:03.433162 20340 incremental_pipeline.cc:442] => Relaxing the initialization constraints.
I20261002 19:52:03.433676 20340 incremental_pipeline.cc:465] Finding good initial image pair
I20261002 19:52:03.472137 20340 incremental_pipeline.cc:492] Registering initial image pair #121 and #118
I20261002 19:52:03.473330 20340 incremental_pipeline.cc:510] Global bundle adjustment
I20261002 19:52:03.481423 20340 incremental_pipeline.cc:791] Discarding reconstruction due to bad initial pair
I20261002 19:52:03.483244 20340 incremental_pipeline.cc:465] Finding good initial image pair
I20261002 19:52:03.521586 20340 incremental_pipeline.cc:492] Registering initial image pair #121 and #99
I20261002 19:52:03.522702 20340 incremental_pipeline.cc:510] Global bundle adjustment
I20261002 19:52:03.529611 20340 incremental_pipeline.cc:620] Registering image #96 (num_reg_frames=2)
I20261002 19:52:03.529715 20340 incremental_pipeline.cc:623] => Image sees 97 / 202 points
I20261002 19:52:03.531832 20340 incremental_pipeline.cc:88] Retriangulation and Global bundle adjustment
I20261002 19:52:03.535515 20340 incremental_pipeline.cc:620] Registering image #97 (num_reg_frames=3)
I20261002 19:52:03.535616 20340 incremental_pipeline.cc:623] => Image sees 94 / 193 points
I20261002 19:52:03.540988 20340 incremental_pipeline.cc:620] Registering image #98 (num_reg_frames=4)
I20261002 19:52:03.541114 20340 incremental_pipeline.cc:623] => Image sees 93 / 202 points
I20261002 19:52:03.550633 20340 incremental_pipeline.cc:88] Retriangulation and Global bundle adjustment
W20261002 19:52:03.556552 20340 bundle_adjustment_ceres.cc:391] Failed to fix Gauge with two cameras. Falling back to fixing Gauge with three points.
W20261002 19:52:03.556749 20340 bundle_adjustment_ceres.cc:298] Failed to fix Gauge due to insufficient number of fixed points: 0
I20261002 19:52:03.558201 20340 incremental_pipeline.cc:88] Retriangulation and Global bundle adjustment
W20261002 19:52:03.561170 20340 incremental_pipeline.cc:821] Discarding reconstruction due to insufficient size
I20261002 19:52:03.562999 20340 incremental_pipeline.cc:465] Finding good initial image pair
I20261002 19:52:03.574575 20340 incremental_pipeline.cc:492] Registering initial image pair #72 and #61
I20261002 19:52:03.576125 20340 incremental_pipeline.cc:510] Global bundle adjustment
I20261002 19:52:03.589966 20340 incremental_pipeline.cc:620] Registering image #58 (num_reg_frames=2)
I20261002 19:52:03.590087 20340 incremental_pipeline.cc:623] => Image sees 149 / 224 points
I20261002 19:52:03.592918 20340 incremental_pipeline.cc:88] Retriangulation and Global bundle adjustment
I20261002 19:52:03.612730 20340 incremental_pipeline.cc:620] Registering image #56 (num_reg_frames=3)
I20261002 19:52:03.612870 20340 incremental_pipeline.cc:623] => Image sees 153 / 221 points
I20261002 19:52:03.618462 20340 incremental_pipeline.cc:620] Registering image #42 (num_reg_frames=4)
I20261002 19:52:03.618595 20340 incremental_pipeline.cc:623] => Image sees 153 / 224 points
I20261002 19:52:03.623851 20340 incremental_pipeline.cc:88] Retriangulation and Global bundle adjustment
I20261002 19:52:03.628320 20340 incremental_pipeline.cc:620] Registering image #69 (num_reg_frames=5)
I20261002 19:52:03.628420 20340 incremental_pipeline.cc:623] => Image sees 157 / 212 points
I20261002 19:52:03.632822 20340 incremental_pipeline.cc:620] Registering image #37 (num_reg_frames=6)
I20261002 19:52:03.633866 20340 incremental_pipeline.cc:623] => Image sees 155 / 225 points
I20261002 19:52:03.641834 20340 incremental_pipeline.cc:88] Retriangulation and Global bundle adjustment
W20261002 19:52:03.696730 20340 bundle_adjustment_ceres.cc:391] Failed to fix Gauge with two cameras. Falling back to fixing Gauge with three points.
W20261002 19:52:03.697001 20340 bundle_adjustment_ceres.cc:298] Failed to fix Gauge due to insufficient number of fixed points: 0
I20261002 19:52:03.698332 20340 incremental_pipeline.cc:88] Retriangulation and Global bundle adjustment
W20261002 19:52:03.701984 20340 bundle_adjustment_ceres.cc:391] Failed to fix Gauge with two cameras. Falling back to fixing Gauge with three points.
W20261002 19:52:03.702093 20340 bundle_adjustment_ceres.cc:298] Failed to fix Gauge due to insufficient number of fixed points: 0
W20261002 19:52:03.702213 20340 incremental_pipeline.cc:821] Discarding reconstruction due to insufficient size
I20261002 19:52:03.703428 20340 incremental_pipeline.cc:465] Finding good initial image pair
I20261002 19:52:03.745541 20340 incremental_pipeline.cc:492] Registering initial image pair #45 and #13
I20261002 19:52:03.746936 20340 incremental_pipeline.cc:510] Global bundle adjustment
I20261002 19:52:03.756959 20340 incremental_pipeline.cc:791] Discarding reconstruction due to bad initial pair
I20261002 19:52:03.758644 20340 incremental_pipeline.cc:465] Finding good initial image pair
I20261002 19:52:03.772724 20340 incremental_pipeline.cc:492] Registering initial image pair #45 and #2
I20261002 19:52:03.774032 20340 incremental_pipeline.cc:510] Global bundle adjustment
I20261002 19:52:03.783311 20340 incremental_pipeline.cc:791] Discarding reconstruction due to bad initial pair
I20261002 19:52:03.785093 20340 incremental_pipeline.cc:465] Finding good initial image pair
I20261002 19:52:03.807475 20340 incremental_pipeline.cc:492] Registering initial image pair #21 and #57
I20261002 19:52:03.808934 20340 incremental_pipeline.cc:510] Global bundle adjustment
I20261002 19:52:03.819341 20340 incremental_pipeline.cc:791] Discarding reconstruction due to bad initial pair
I20261002 19:52:03.821213 20340 incremental_pipeline.cc:465] Finding good initial image pair
I20261002 19:52:03.869624 20340 incremental_pipeline.cc:492] Registering initial image pair #26 and #121
I20261002 19:52:03.870699 20340 incremental_pipeline.cc:510] Global bundle adjustment
I20261002 19:52:03.880039 20340 incremental_pipeline.cc:620] Registering image #25 (num_reg_frames=2)
I20261002 19:52:03.880172 20340 incremental_pipeline.cc:623] => Image sees 87 / 220 points
I20261002 19:52:03.882203 20340 incremental_pipeline.cc:88] Retriangulation and Global bundle adjustment
W20261002 19:52:03.886139 20340 bundle_adjustment_ceres.cc:391] Failed to fix Gauge with two cameras. Falling back to fixing Gauge with three points.
W20261002 19:52:03.886291 20340 bundle_adjustment_ceres.cc:298] Failed to fix Gauge due to insufficient number of fixed points: 0
I20261002 19:52:03.887581 20340 incremental_pipeline.cc:88] Retriangulation and Global bundle adjustment
W20261002 19:52:03.888366 20340 bundle_adjustment_ceres.cc:391] Failed to fix Gauge with two cameras. Falling back to fixing Gauge with three points.
W20261002 19:52:03.888488 20340 bundle_adjustment_ceres.cc:298] Failed to fix Gauge due to insufficient number of fixed points: 0
W20261002 19:52:03.888566 20340 incremental_pipeline.cc:821] Discarding reconstruction due to insufficient size
I20261002 19:52:03.890189 20340 incremental_pipeline.cc:465] Finding good initial image pair
I20261002 19:52:03.910712 20340 incremental_pipeline.cc:492] Registering initial image pair #50 and #114
I20261002 19:52:03.911440 20340 incremental_pipeline.cc:510] Global bundle adjustment
I20261002 19:52:03.919232 20340 incremental_pipeline.cc:620] Registering image #31 (num_reg_frames=2)
I20261002 19:52:03.919386 20340 incremental_pipeline.cc:623] => Image sees 71 / 212 points
I20261002 19:52:03.921276 20340 incremental_pipeline.cc:88] Retriangulation and Global bundle adjustment
W20261002 19:52:03.923339 20340 bundle_adjustment_ceres.cc:391] Failed to fix Gauge with two cameras. Falling back to fixing Gauge with three points.
W20261002 19:52:03.923464 20340 bundle_adjustment_ceres.cc:298] Failed to fix Gauge due to insufficient number of fixed points: 0
I20261002 19:52:03.924745 20340 incremental_pipeline.cc:88] Retriangulation and Global bundle adjustment
W20261002 19:52:03.925479 20340 bundle_adjustment_ceres.cc:391] Failed to fix Gauge with two cameras. Falling back to fixing Gauge with three points.
W20261002 19:52:03.925570 20340 bundle_adjustment_ceres.cc:298] Failed to fix Gauge due to insufficient number of fixed points: 0
W20261002 19:52:03.925644 20340 incremental_pipeline.cc:821] Discarding reconstruction due to insufficient size
I20261002 19:52:03.926510 20340 incremental_pipeline.cc:465] Finding good initial image pair
I20261002 19:52:03.936888 20340 incremental_pipeline.cc:492] Registering initial image pair #40 and #104
I20261002 19:52:03.938089 20340 incremental_pipeline.cc:510] Global bundle adjustment
I20261002 19:52:03.946240 20340 incremental_pipeline.cc:791] Discarding reconstruction due to bad initial pair
I20261002 19:52:03.947074 20340 incremental_pipeline.cc:465] Finding good initial image pair
I20261002 19:52:03.955481 20340 incremental_pipeline.cc:492] Registering initial image pair #59 and #13
I20261002 19:52:03.956734 20340 incremental_pipeline.cc:510] Global bundle adjustment
I20261002 19:52:03.966214 20340 incremental_pipeline.cc:791] Discarding reconstruction due to bad initial pair
I20261002 19:52:03.966992 20340 incremental_pipeline.cc:465] Finding good initial image pair
I20261002 19:52:03.979039 20340 incremental_pipeline.cc:492] Registering initial image pair #53 and #116
I20261002 19:52:03.979693 20340 incremental_pipeline.cc:510] Global bundle adjustment
I20261002 19:52:03.985118 20340 incremental_pipeline.cc:791] Discarding reconstruction due to bad initial pair
I20261002 19:52:03.986107 20340 incremental_pipeline.cc:465] Finding good initial image pair
I20261002 19:52:03.997632 20340 incremental_pipeline.cc:492] Registering initial image pair #25 and #23
I20261002 19:52:03.998569 20340 incremental_pipeline.cc:510] Global bundle adjustment
I20261002 19:52:04.010075 20340 incremental_pipeline.cc:791] Discarding reconstruction due to bad initial pair
I20261002 19:52:04.010993 20340 incremental_pipeline.cc:465] Finding good initial image pair
I20261002 19:52:04.026148 20340 incremental_pipeline.cc:492] Registering initial image pair #74 and #139
I20261002 19:52:04.026647 20340 incremental_pipeline.cc:510] Global bundle adjustment
I20261002 19:52:04.032634 20340 incremental_pipeline.cc:620] Registering image #79 (num_reg_frames=2)
I20261002 19:52:04.032742 20340 incremental_pipeline.cc:623] => Image sees 43 / 200 points
I20261002 19:52:04.035086 20340 incremental_pipeline.cc:88] Retriangulation and Global bundle adjustment
I20261002 19:52:04.041795 20340 incremental_pipeline.cc:620] Registering image #80 (num_reg_frames=3)
I20261002 19:52:04.041928 20340 incremental_pipeline.cc:623] => Image sees 45 / 202 points
I20261002 19:52:04.045335 20340 incremental_pipeline.cc:620] Registering image #95 (num_reg_frames=4)
I20261002 19:52:04.045429 20340 incremental_pipeline.cc:623] => Image sees 43 / 201 points
I20261002 19:52:04.047709 20340 incremental_pipeline.cc:88] Retriangulation and Global bundle adjustment
I20261002 19:52:04.056681 20340 incremental_pipeline.cc:620] Registering image #82 (num_reg_frames=5)
I20261002 19:52:04.056796 20340 incremental_pipeline.cc:623] => Image sees 43 / 205 points
I20261002 19:52:04.059680 20340 incremental_pipeline.cc:620] Registering image #84 (num_reg_frames=6)
I20261002 19:52:04.059813 20340 incremental_pipeline.cc:623] => Image sees 43 / 192 points
I20261002 19:52:04.061652 20340 incremental_pipeline.cc:88] Retriangulation and Global bundle adjustment
I20261002 19:52:04.078244 20340 incremental_pipeline.cc:620] Registering image #83 (num_reg_frames=7)
I20261002 19:52:04.078381 20340 incremental_pipeline.cc:623] => Image sees 46 / 220 points
I20261002 19:52:04.088679 20340 incremental_pipeline.cc:620] Registering image #66 (num_reg_frames=8)
I20261002 19:52:04.088787 20340 incremental_pipeline.cc:623] => Image sees 45 / 222 points
I20261002 19:52:04.095270 20340 incremental_pipeline.cc:620] Registering image #90 (num_reg_frames=9)
I20261002 19:52:04.095377 20340 incremental_pipeline.cc:623] => Image sees 46 / 203 points
I20261002 19:52:04.098075 20340 incremental_pipeline.cc:88] Retriangulation and Global bundle adjustment
I20261002 19:52:04.124533 20340 incremental_pipeline.cc:620] Registering image #89 (num_reg_frames=10)
I20261002 19:52:04.124666 20340 incremental_pipeline.cc:623] => Image sees 45 / 206 points
I20261002 19:52:04.128374 20340 incremental_pipeline.cc:620] Registering image #86 (num_reg_frames=11)
I20261002 19:52:04.128483 20340 incremental_pipeline.cc:623] => Image sees 46 / 198 points
I20261002 19:52:04.138861 20340 incremental_pipeline.cc:620] Registering image #92 (num_reg_frames=12)
I20261002 19:52:04.138973 20340 incremental_pipeline.cc:623] => Image sees 43 / 192 points
I20261002 19:52:04.145634 20340 incremental_pipeline.cc:620] Registering image #96 (num_reg_frames=13)
I20261002 19:52:04.145789 20340 incremental_pipeline.cc:623] => Image sees 43 / 202 points
I20261002 19:52:04.149117 20340 incremental_pipeline.cc:88] Retriangulation and Global bundle adjustment
I20261002 19:52:04.192403 20340 incremental_pipeline.cc:620] Registering image #98 (num_reg_frames=14)
I20261002 19:52:04.192545 20340 incremental_pipeline.cc:623] => Image sees 43 / 202 points
I20261002 19:52:04.201385 20340 incremental_pipeline.cc:88] Retriangulation and Global bundle adjustment
I20261002 19:52:04.315483 20340 incremental_pipeline.cc:620] Registering image #69 (num_reg_frames=15)
I20261002 19:52:04.315718 20340 incremental_pipeline.cc:623] => Image sees 123 / 212 points
I20261002 19:52:04.323503 20340 incremental_pipeline.cc:620] Registering image #40 (num_reg_frames=16)
I20261002 19:52:04.323607 20340 incremental_pipeline.cc:623] => Image sees 126 / 217 points
I20261002 19:52:04.328174 20340 incremental_pipeline.cc:620] Registering image #47 (num_reg_frames=17)
I20261002 19:52:04.328387 20340 incremental_pipeline.cc:623] => Image sees 124 / 206 points
I20261002 19:52:04.334180 20340 incremental_pipeline.cc:620] Registering image #49 (num_reg_frames=18)
I20261002 19:52:04.334288 20340 incremental_pipeline.cc:623] => Image sees 124 / 210 points
I20261002 19:52:04.338692 20340 incremental_pipeline.cc:620] Registering image #58 (num_reg_frames=19)
I20261002 19:52:04.338808 20340 incremental_pipeline.cc:623] => Image sees 127 / 224 points
I20261002 19:52:04.344441 20340 incremental_pipeline.cc:620] Registering image #60 (num_reg_frames=20)
I20261002 19:52:04.344562 20340 incremental_pipeline.cc:623] => Image sees 123 / 209 points
I20261002 19:52:04.347764 20340 incremental_pipeline.cc:88] Retriangulation and Global bundle adjustment
W20261002 19:52:04.548582 20340 bundle_adjustment_ceres.cc:391] Failed to fix Gauge with two cameras. Falling back to fixing Gauge with three points.
W20261002 19:52:04.557793 20340 bundle_adjustment_ceres.cc:298] Failed to fix Gauge due to insufficient number of fixed points: 0
I20261002 19:52:04.559542 20340 incremental_pipeline.cc:88] Retriangulation and Global bundle adjustment
W20261002 19:52:04.559687 20340 incremental_mapper.cc:1155] At least two images must be registered for global bundle-adjustment
W20261002 19:52:04.559792 20340 incremental_pipeline.cc:821] Discarding reconstruction due to insufficient size
I20261002 19:52:04.560597 20340 incremental_pipeline.cc:465] Finding good initial image pair
I20261002 19:52:04.573351 20340 incremental_pipeline.cc:492] Registering initial image pair #78 and #113
I20261002 19:52:04.573991 20340 incremental_pipeline.cc:510] Global bundle adjustment
I20261002 19:52:04.581346 20340 incremental_pipeline.cc:620] Registering image #80 (num_reg_frames=2)
I20261002 19:52:04.581471 20340 incremental_pipeline.cc:623] => Image sees 67 / 202 points
I20261002 19:52:04.583112 20340 incremental_pipeline.cc:88] Retriangulation and Global bundle adjustment
W20261002 19:52:04.590746 20340 bundle_adjustment_ceres.cc:391] Failed to fix Gauge with two cameras. Falling back to fixing Gauge with three points.
W20261002 19:52:04.590859 20340 bundle_adjustment_ceres.cc:298] Failed to fix Gauge due to insufficient number of fixed points: 0
I20261002 19:52:04.592054 20340 incremental_pipeline.cc:88] Retriangulation and Global bundle adjustment
W20261002 19:52:04.592789 20340 bundle_adjustment_ceres.cc:391] Failed to fix Gauge with two cameras. Falling back to fixing Gauge with three points.
W20261002 19:52:04.592874 20340 bundle_adjustment_ceres.cc:298] Failed to fix Gauge due to insufficient number of fixed points: 0
W20261002 19:52:04.592947 20340 incremental_pipeline.cc:821] Discarding reconstruction due to insufficient size
I20261002 19:52:04.593671 20340 incremental_pipeline.cc:465] Finding good initial image pair
I20261002 19:52:04.600322 20340 incremental_pipeline.cc:492] Registering initial image pair #86 and #148
I20261002 19:52:04.600806 20340 incremental_pipeline.cc:510] Global bundle adjustment
I20261002 19:52:04.602889 20340 incremental_pipeline.cc:791] Discarding reconstruction due to bad initial pair
I20261002 19:52:04.603688 20340 incremental_pipeline.cc:465] Finding good initial image pair
I20261002 19:52:04.618129 20340 incremental_pipeline.cc:492] Registering initial image pair #91 and #123
I20261002 19:52:04.618804 20340 incremental_pipeline.cc:510] Global bundle adjustment
I20261002 19:52:04.625864 20340 incremental_pipeline.cc:791] Discarding reconstruction due to bad initial pair
I20261002 19:52:04.626654 20340 incremental_pipeline.cc:465] Finding good initial image pair
I20261002 19:52:04.636275 20340 incremental_pipeline.cc:492] Registering initial image pair #96 and #104
I20261002 19:52:04.636974 20340 incremental_pipeline.cc:510] Global bundle adjustment
I20261002 19:52:04.644780 20340 incremental_pipeline.cc:620] Registering image #88 (num_reg_frames=2)
I20261002 19:52:04.644916 20340 incremental_pipeline.cc:623] => Image sees 81 / 199 points
I20261002 19:52:04.649398 20340 incremental_pipeline.cc:88] Retriangulation and Global bundle adjustment
I20261002 19:52:04.651624 20340 incremental_pipeline.cc:88] Retriangulation and Global bundle adjustment
W20261002 19:52:04.651884 20340 incremental_pipeline.cc:821] Discarding reconstruction due to insufficient size
I20261002 19:52:04.652719 20340 incremental_pipeline.cc:465] Finding good initial image pair
I20261002 19:52:04.668634 20340 incremental_pipeline.cc:492] Registering initial image pair #119 and #113
I20261002 19:52:04.669249 20340 incremental_pipeline.cc:510] Global bundle adjustment
I20261002 19:52:04.675753 20340 incremental_pipeline.cc:620] Registering image #125 (num_reg_frames=2)
I20261002 19:52:04.675872 20340 incremental_pipeline.cc:623] => Image sees 73 / 195 points
I20261002 19:52:04.677517 20340 incremental_pipeline.cc:88] Retriangulation and Global bundle adjustment
I20261002 19:52:04.681708 20340 incremental_pipeline.cc:620] Registering image #114 (num_reg_frames=3)
I20261002 19:52:04.681824 20340 incremental_pipeline.cc:623] => Image sees 73 / 151 points
I20261002 19:52:04.684628 20340 incremental_pipeline.cc:620] Registering image #121 (num_reg_frames=4)
I20261002 19:52:04.684751 20340 incremental_pipeline.cc:623] => Image sees 72 / 182 points
I20261002 19:52:04.690852 20340 incremental_pipeline.cc:88] Retriangulation and Global bundle adjustment
I20261002 19:52:04.712544 20340 incremental_pipeline.cc:620] Registering image #115 (num_reg_frames=5)
I20261002 19:52:04.712705 20340 incremental_pipeline.cc:623] => Image sees 72 / 139 points
I20261002 19:52:04.719414 20340 incremental_pipeline.cc:620] Registering image #118 (num_reg_frames=6)
I20261002 19:52:04.719524 20340 incremental_pipeline.cc:623] => Image sees 75 / 174 points
I20261002 19:52:04.726202 20340 incremental_pipeline.cc:88] Retriangulation and Global bundle adjustment
I20261002 19:52:04.787731 20340 incremental_pipeline.cc:620] Registering image #116 (num_reg_frames=7)
I20261002 19:52:04.787889 20340 incremental_pipeline.cc:623] => Image sees 70 / 155 points
I20261002 19:52:04.787987 20340 incremental_pipeline.cc:646] => Could not register, trying another image.
I20261002 19:52:04.788042 20340 incremental_pipeline.cc:620] Registering image #117 (num_reg_frames=7)
I20261002 19:52:04.788092 20340 incremental_pipeline.cc:623] => Image sees 70 / 153 points
I20261002 19:52:04.788155 20340 incremental_pipeline.cc:646] => Could not register, trying another image.
I20261002 19:52:04.788203 20340 incremental_pipeline.cc:620] Registering image #120 (num_reg_frames=7)
I20261002 19:52:04.788252 20340 incremental_pipeline.cc:623] => Image sees 70 / 170 points
I20261002 19:52:04.788316 20340 incremental_pipeline.cc:646] => Could not register, trying another image.
I20261002 19:52:04.788364 20340 incremental_pipeline.cc:620] Registering image #109 (num_reg_frames=7)
I20261002 19:52:04.788412 20340 incremental_pipeline.cc:623] => Image sees 68 / 133 points
I20261002 19:52:04.788470 20340 incremental_pipeline.cc:646] => Could not register, trying another image.
I20261002 19:52:04.788519 20340 incremental_pipeline.cc:620] Registering image #112 (num_reg_frames=7)
I20261002 19:52:04.788566 20340 incremental_pipeline.cc:623] => Image sees 68 / 151 points
I20261002 19:52:04.788627 20340 incremental_pipeline.cc:646] => Could not register, trying another image.
I20261002 19:52:04.788675 20340 incremental_pipeline.cc:620] Registering image #111 (num_reg_frames=7)
I20261002 19:52:04.788723 20340 incremental_pipeline.cc:623] => Image sees 67 / 147 points
I20261002 19:52:04.788784 20340 incremental_pipeline.cc:646] => Could not register, trying another image.
I20261002 19:52:04.788830 20340 incremental_pipeline.cc:620] Registering image #105 (num_reg_frames=7)
I20261002 19:52:04.788878 20340 incremental_pipeline.cc:623] => Image sees 66 / 161 points
I20261002 19:52:04.788939 20340 incremental_pipeline.cc:646] => Could not register, trying another image.
I20261002 19:52:04.788987 20340 incremental_pipeline.cc:620] Registering image #110 (num_reg_frames=7)
I20261002 19:52:04.789033 20340 incremental_pipeline.cc:623] => Image sees 66 / 146 points
I20261002 19:52:04.789112 20340 incremental_pipeline.cc:646] => Could not register, trying another image.
I20261002 19:52:04.789160 20340 incremental_pipeline.cc:620] Registering image #107 (num_reg_frames=7)
I20261002 19:52:04.789226 20340 incremental_pipeline.cc:623] => Image sees 67 / 146 points
I20261002 19:52:04.789287 20340 incremental_pipeline.cc:646] => Could not register, trying another image.
I20261002 19:52:04.789334 20340 incremental_pipeline.cc:620] Registering image #104 (num_reg_frames=7)
I20261002 19:52:04.789381 20340 incremental_pipeline.cc:623] => Image sees 67 / 171 points
I20261002 19:52:04.789472 20340 incremental_pipeline.cc:646] => Could not register, trying another image.
I20261002 19:52:04.789598 20340 incremental_pipeline.cc:620] Registering image #100 (num_reg_frames=7)
I20261002 19:52:04.789648 20340 incremental_pipeline.cc:623] => Image sees 63 / 201 points
I20261002 19:52:04.789731 20340 incremental_pipeline.cc:646] => Could not register, trying another image.
I20261002 19:52:04.789780 20340 incremental_pipeline.cc:620] Registering image #106 (num_reg_frames=7)
I20261002 19:52:04.789828 20340 incremental_pipeline.cc:623] => Image sees 64 / 164 points
I20261002 19:52:04.789888 20340 incremental_pipeline.cc:646] => Could not register, trying another image.
I20261002 19:52:04.789938 20340 incremental_pipeline.cc:620] Registering image #108 (num_reg_frames=7)
I20261002 19:52:04.789984 20340 incremental_pipeline.cc:623] => Image sees 62 / 138 points
I20261002 19:52:04.790042 20340 incremental_pipeline.cc:646] => Could not register, trying another image.
I20261002 19:52:04.790088 20340 incremental_pipeline.cc:620] Registering image #126 (num_reg_frames=7)
I20261002 19:52:04.790136 20340 incremental_pipeline.cc:623] => Image sees 58 / 177 points
I20261002 19:52:04.790195 20340 incremental_pipeline.cc:646] => Could not register, trying another image.
I20261002 19:52:04.790241 20340 incremental_pipeline.cc:620] Registering image #123 (num_reg_frames=7)
I20261002 19:52:04.790287 20340 incremental_pipeline.cc:623] => Image sees 59 / 182 points
I20261002 19:52:04.790350 20340 incremental_pipeline.cc:646] => Could not register, trying another image.
I20261002 19:52:04.790397 20340 incremental_pipeline.cc:620] Registering image #122 (num_reg_frames=7)
I20261002 19:52:04.790443 20340 incremental_pipeline.cc:623] => Image sees 58 / 165 points
I20261002 19:52:04.790505 20340 incremental_pipeline.cc:646] => Could not register, trying another image.
I20261002 19:52:04.790552 20340 incremental_pipeline.cc:620] Registering image #101 (num_reg_frames=7)
I20261002 19:52:04.790600 20340 incremental_pipeline.cc:623] => Image sees 59 / 172 points
I20261002 19:52:04.790663 20340 incremental_pipeline.cc:646] => Could not register, trying another image.
I20261002 19:52:04.790709 20340 incremental_pipeline.cc:620] Registering image #88 (num_reg_frames=7)
I20261002 19:52:04.790756 20340 incremental_pipeline.cc:623] => Image sees 54 / 199 points
I20261002 19:52:04.790816 20340 incremental_pipeline.cc:646] => Could not register, trying another image.
I20261002 19:52:04.790864 20340 incremental_pipeline.cc:620] Registering image #128 (num_reg_frames=7)
I20261002 19:52:04.790913 20340 incremental_pipeline.cc:623] => Image sees 56 / 195 points
I20261002 19:52:04.790974 20340 incremental_pipeline.cc:646] => Could not register, trying another image.
I20261002 19:52:04.791020 20340 incremental_pipeline.cc:620] Registering image #127 (num_reg_frames=7)
I20261002 19:52:04.791068 20340 incremental_pipeline.cc:623] => Image sees 55 / 177 points
I20261002 19:52:04.791131 20340 incremental_pipeline.cc:646] => Could not register, trying another image.
I20261002 19:52:04.791178 20340 incremental_pipeline.cc:620] Registering image #130 (num_reg_frames=7)
I20261002 19:52:04.791224 20340 incremental_pipeline.cc:623] => Image sees 55 / 209 points
I20261002 19:52:04.791304 20340 incremental_pipeline.cc:646] => Could not register, trying another image.
I20261002 19:52:04.791352 20340 incremental_pipeline.cc:620] Registering image #131 (num_reg_frames=7)
I20261002 19:52:04.791399 20340 incremental_pipeline.cc:623] => Image sees 53 / 200 points
I20261002 19:52:04.791457 20340 incremental_pipeline.cc:646] => Could not register, trying another image.
I20261002 19:52:04.791517 20340 incremental_pipeline.cc:620] Registering image #136 (num_reg_frames=7)
I20261002 19:52:04.791565 20340 incremental_pipeline.cc:623] => Image sees 53 / 196 points
I20261002 19:52:04.791624 20340 incremental_pipeline.cc:646] => Could not register, trying another image.
I20261002 19:52:04.791671 20340 incremental_pipeline.cc:620] Registering image #96 (num_reg_frames=7)
I20261002 19:52:04.791718 20340 incremental_pipeline.cc:623] => Image sees 54 / 202 points
I20261002 19:52:04.791778 20340 incremental_pipeline.cc:646] => Could not register, trying another image.
I20261002 19:52:04.791823 20340 incremental_pipeline.cc:620] Registering image #78 (num_reg_frames=7)
I20261002 19:52:04.791870 20340 incremental_pipeline.cc:623] => Image sees 51 / 205 points
I20261002 19:52:04.791933 20340 incremental_pipeline.cc:646] => Could not register, trying another image.
I20261002 19:52:04.791979 20340 incremental_pipeline.cc:620] Registering image #87 (num_reg_frames=7)
I20261002 19:52:04.792026 20340 incremental_pipeline.cc:623] => Image sees 51 / 197 points
I20261002 19:52:04.792091 20340 incremental_pipeline.cc:646] => Could not register, trying another image.
I20261002 19:52:04.792139 20340 incremental_pipeline.cc:620] Registering image #132 (num_reg_frames=7)
I20261002 19:52:04.792187 20340 incremental_pipeline.cc:623] => Image sees 54 / 208 points
I20261002 19:52:04.792250 20340 incremental_pipeline.cc:646] => Could not register, trying another image.
I20261002 19:52:04.792296 20340 incremental_pipeline.cc:620] Registering image #89 (num_reg_frames=7)
I20261002 19:52:04.792344 20340 incremental_pipeline.cc:623] => Image sees 53 / 206 points
I20261002 19:52:04.792406 20340 incremental_pipeline.cc:646] => Could not register, trying another image.
I20261002 19:52:04.792453 20340 incremental_pipeline.cc:620] Registering image #99 (num_reg_frames=7)
I20261002 19:52:04.792500 20340 incremental_pipeline.cc:623] => Image sees 53 / 194 points
I20261002 19:52:04.792563 20340 incremental_pipeline.cc:646] => Could not register, trying another image.
I20261002 19:52:04.792610 20340 incremental_pipeline.cc:620] Registering image #90 (num_reg_frames=7)
I20261002 19:52:04.792657 20340 incremental_pipeline.cc:623] => Image sees 52 / 203 points
I20261002 19:52:04.792718 20340 incremental_pipeline.cc:646] => Could not register, trying another image.
I20261002 19:52:04.792765 20340 incremental_pipeline.cc:620] Registering image #102 (num_reg_frames=7)
I20261002 19:52:04.792813 20340 incremental_pipeline.cc:623] => Image sees 51 / 190 points
I20261002 19:52:04.792874 20340 incremental_pipeline.cc:646] => Could not register, trying another image.
I20261002 19:52:04.792927 20340 incremental_pipeline.cc:620] Registering image #110 (num_reg_frames=7)
I20261002 19:52:04.792975 20340 incremental_pipeline.cc:623] => Image sees 66 / 146 points
I20261002 19:52:04.793023 20340 incremental_pipeline.cc:629] Registering image with structure-less fallback
I20261002 19:52:04.793069 20340 incremental_pipeline.cc:631] => Image sees 620 / 4159 correspondences
I20261002 19:52:04.793141 20340 incremental_pipeline.cc:646] => Could not register, trying another image.
I20261002 19:52:04.793189 20340 incremental_pipeline.cc:620] Registering image #116 (num_reg_frames=7)
I20261002 19:52:04.793235 20340 incremental_pipeline.cc:623] => Image sees 70 / 155 points
I20261002 19:52:04.793281 20340 incremental_pipeline.cc:629] Registering image with structure-less fallback
I20261002 19:52:04.793327 20340 incremental_pipeline.cc:631] => Image sees 535 / 1667 correspondences
I20261002 19:52:04.793391 20340 incremental_pipeline.cc:646] => Could not register, trying another image.
I20261002 19:52:04.793438 20340 incremental_pipeline.cc:620] Registering image #130 (num_reg_frames=7)
I20261002 19:52:04.793485 20340 incremental_pipeline.cc:623] => Image sees 55 / 209 points
I20261002 19:52:04.793565 20340 incremental_pipeline.cc:629] Registering image with structure-less fallback
I20261002 19:52:04.793618 20340 incremental_pipeline.cc:631] => Image sees 521 / 5240 correspondences
I20261002 19:52:04.793745 20340 incremental_pipeline.cc:646] => Could not register, trying another image.
I20261002 19:52:04.793816 20340 incremental_pipeline.cc:620] Registering image #100 (num_reg_frames=7)
I20261002 19:52:04.793932 20340 incremental_pipeline.cc:623] => Image sees 63 / 201 points
I20261002 19:52:04.794046 20340 incremental_pipeline.cc:629] Registering image with structure-less fallback
I20261002 19:52:04.794130 20340 incremental_pipeline.cc:631] => Image sees 516 / 6464 correspondences
I20261002 19:52:04.794224 20340 incremental_pipeline.cc:646] => Could not register, trying another image.
I20261002 19:52:04.794316 20340 incremental_pipeline.cc:620] Registering image #120 (num_reg_frames=7)
I20261002 19:52:04.794389 20340 incremental_pipeline.cc:623] => Image sees 70 / 170 points
I20261002 19:52:04.794440 20340 incremental_pipeline.cc:629] Registering image with structure-less fallback
I20261002 19:52:04.794489 20340 incremental_pipeline.cc:631] => Image sees 397 / 1390 correspondences
I20261002 19:52:04.794555 20340 incremental_pipeline.cc:646] => Could not register, trying another image.
I20261002 19:52:04.794602 20340 incremental_pipeline.cc:620] Registering image #123 (num_reg_frames=7)
I20261002 19:52:04.794649 20340 incremental_pipeline.cc:623] => Image sees 59 / 182 points
I20261002 19:52:04.794714 20340 incremental_pipeline.cc:629] Registering image with structure-less fallback
I20261002 19:52:04.794763 20340 incremental_pipeline.cc:631] => Image sees 377 / 1691 correspondences
I20261002 19:52:04.794827 20340 incremental_pipeline.cc:646] => Could not register, trying another image.
I20261002 19:52:04.794873 20340 incremental_pipeline.cc:620] Registering image #111 (num_reg_frames=7)
I20261002 19:52:04.794920 20340 incremental_pipeline.cc:623] => Image sees 67 / 147 points
I20261002 19:52:04.794967 20340 incremental_pipeline.cc:629] Registering image with structure-less fallback
I20261002 19:52:04.795013 20340 incremental_pipeline.cc:631] => Image sees 362 / 1453 correspondences
I20261002 19:52:04.795072 20340 incremental_pipeline.cc:646] => Could not register, trying another image.
I20261002 19:52:04.795118 20340 incremental_pipeline.cc:620] Registering image #138 (num_reg_frames=7)
I20261002 19:52:04.795164 20340 incremental_pipeline.cc:623] => Image sees 46 / 140 points
I20261002 19:52:04.795211 20340 incremental_pipeline.cc:629] Registering image with structure-less fallback
I20261002 19:52:04.795257 20340 incremental_pipeline.cc:631] => Image sees 337 / 2645 correspondences
I20261002 19:52:04.795320 20340 incremental_pipeline.cc:646] => Could not register, trying another image.
I20261002 19:52:04.795367 20340 incremental_pipeline.cc:620] Registering image #129 (num_reg_frames=7)
I20261002 19:52:04.795414 20340 incremental_pipeline.cc:623] => Image sees 50 / 183 points
I20261002 19:52:04.795461 20340 incremental_pipeline.cc:629] Registering image with structure-less fallback
I20261002 19:52:04.795507 20340 incremental_pipeline.cc:631] => Image sees 329 / 1670 correspondences
I20261002 19:52:04.795568 20340 incremental_pipeline.cc:646] => Could not register, trying another image.
I20261002 19:52:04.795615 20340 incremental_pipeline.cc:620] Registering image #117 (num_reg_frames=7)
I20261002 19:52:04.795661 20340 incremental_pipeline.cc:623] => Image sees 70 / 153 points
I20261002 19:52:04.795708 20340 incremental_pipeline.cc:629] Registering image with structure-less fallback
I20261002 19:52:04.795754 20340 incremental_pipeline.cc:631] => Image sees 324 / 1378 correspondences
I20261002 19:52:04.795813 20340 incremental_pipeline.cc:646] => Could not register, trying another image.
I20261002 19:52:04.795859 20340 incremental_pipeline.cc:620] Registering image #112 (num_reg_frames=7)
I20261002 19:52:04.795905 20340 incremental_pipeline.cc:623] => Image sees 68 / 151 points
I20261002 19:52:04.795951 20340 incremental_pipeline.cc:629] Registering image with structure-less fallback
I20261002 19:52:04.795998 20340 incremental_pipeline.cc:631] => Image sees 315 / 1458 correspondences
I20261002 19:52:04.796068 20340 incremental_pipeline.cc:646] => Could not register, trying another image.
I20261002 19:52:04.796247 20340 incremental_pipeline.cc:620] Registering image #132 (num_reg_frames=7)
I20261002 19:52:04.796367 20340 incremental_pipeline.cc:623] => Image sees 54 / 208 points
I20261002 19:52:04.796443 20340 incremental_pipeline.cc:629] Registering image with structure-less fallback
I20261002 19:52:04.796511 20340 incremental_pipeline.cc:631] => Image sees 314 / 1711 correspondences
I20261002 19:52:04.796589 20340 incremental_pipeline.cc:646] => Could not register, trying another image.
I20261002 19:52:04.796650 20340 incremental_pipeline.cc:620] Registering image #127 (num_reg_frames=7)
I20261002 19:52:04.796709 20340 incremental_pipeline.cc:623] => Image sees 55 / 177 points
I20261002 19:52:04.796768 20340 incremental_pipeline.cc:629] Registering image with structure-less fallback
I20261002 19:52:04.796839 20340 incremental_pipeline.cc:631] => Image sees 299 / 1712 correspondences
I20261002 19:52:04.796925 20340 incremental_pipeline.cc:646] => Could not register, trying another image.
I20261002 19:52:04.796977 20340 incremental_pipeline.cc:620] Registering image #105 (num_reg_frames=7)
I20261002 19:52:04.797025 20340 incremental_pipeline.cc:623] => Image sees 66 / 161 points
I20261002 19:52:04.797072 20340 incremental_pipeline.cc:629] Registering image with structure-less fallback
I20261002 19:52:04.797118 20340 incremental_pipeline.cc:631] => Image sees 276 / 1730 correspondences
I20261002 19:52:04.797178 20340 incremental_pipeline.cc:646] => Could not register, trying another image.
I20261002 19:52:04.797224 20340 incremental_pipeline.cc:620] Registering image #122 (num_reg_frames=7)
I20261002 19:52:04.797270 20340 incremental_pipeline.cc:623] => Image sees 58 / 165 points
I20261002 19:52:04.797315 20340 incremental_pipeline.cc:629] Registering image with structure-less fallback
I20261002 19:52:04.797361 20340 incremental_pipeline.cc:631] => Image sees 260 / 1421 correspondences
I20261002 19:52:04.797420 20340 incremental_pipeline.cc:646] => Could not register, trying another image.
I20261002 19:52:04.797466 20340 incremental_pipeline.cc:620] Registering image #104 (num_reg_frames=7)
I20261002 19:52:04.797513 20340 incremental_pipeline.cc:623] => Image sees 67 / 171 points
I20261002 19:52:04.797558 20340 incremental_pipeline.cc:629] Registering image with structure-less fallback
I20261002 19:52:04.797603 20340 incremental_pipeline.cc:631] => Image sees 201 / 1569 correspondences
I20261002 19:52:04.797661 20340 incremental_pipeline.cc:646] => Could not register, trying another image.
I20261002 19:52:04.797707 20340 incremental_pipeline.cc:620] Registering image #101 (num_reg_frames=7)
I20261002 19:52:04.797752 20340 incremental_pipeline.cc:623] => Image sees 59 / 172 points
I20261002 19:52:04.797798 20340 incremental_pipeline.cc:629] Registering image with structure-less fallback
I20261002 19:52:04.797843 20340 incremental_pipeline.cc:631] => Image sees 199 / 1835 correspondences
I20261002 19:52:04.797901 20340 incremental_pipeline.cc:646] => Could not register, trying another image.
I20261002 19:52:04.797946 20340 incremental_pipeline.cc:620] Registering image #128 (num_reg_frames=7)
I20261002 19:52:04.797992 20340 incremental_pipeline.cc:623] => Image sees 56 / 195 points
I20261002 19:52:04.798037 20340 incremental_pipeline.cc:629] Registering image with structure-less fallback
I20261002 19:52:04.798082 20340 incremental_pipeline.cc:631] => Image sees 197 / 1604 correspondences
I20261002 19:52:04.798141 20340 incremental_pipeline.cc:646] => Could not register, trying another image.
I20261002 19:52:04.798185 20340 incremental_pipeline.cc:620] Registering image #106 (num_reg_frames=7)
I20261002 19:52:04.798230 20340 incremental_pipeline.cc:623] => Image sees 64 / 164 points
I20261002 19:52:04.798275 20340 incremental_pipeline.cc:629] Registering image with structure-less fallback
I20261002 19:52:04.798320 20340 incremental_pipeline.cc:631] => Image sees 192 / 1740 correspondences
I20261002 19:52:04.798387 20340 incremental_pipeline.cc:646] => Could not register, trying another image.
I20261002 19:52:04.798431 20340 incremental_pipeline.cc:620] Registering image #107 (num_reg_frames=7)
I20261002 19:52:04.798476 20340 incremental_pipeline.cc:623] => Image sees 67 / 146 points
I20261002 19:52:04.798524 20340 incremental_pipeline.cc:629] Registering image with structure-less fallback
I20261002 19:52:04.798569 20340 incremental_pipeline.cc:631] => Image sees 191 / 1554 correspondences
I20261002 19:52:04.798625 20340 incremental_pipeline.cc:646] => Could not register, trying another image.
I20261002 19:52:04.798670 20340 incremental_pipeline.cc:620] Registering image #109 (num_reg_frames=7)
I20261002 19:52:04.798714 20340 incremental_pipeline.cc:623] => Image sees 68 / 133 points
I20261002 19:52:04.798758 20340 incremental_pipeline.cc:629] Registering image with structure-less fallback
I20261002 19:52:04.798802 20340 incremental_pipeline.cc:631] => Image sees 186 / 1248 correspondences
I20261002 19:52:04.798860 20340 incremental_pipeline.cc:646] => Could not register, trying another image.
I20261002 19:52:04.798904 20340 incremental_pipeline.cc:620] Registering image #99 (num_reg_frames=7)
I20261002 19:52:04.798948 20340 incremental_pipeline.cc:623] => Image sees 53 / 194 points
I20261002 19:52:04.798993 20340 incremental_pipeline.cc:629] Registering image with structure-less fallback
I20261002 19:52:04.799037 20340 incremental_pipeline.cc:631] => Image sees 183 / 2442 correspondences
I20261002 19:52:04.799096 20340 incremental_pipeline.cc:646] => Could not register, trying another image.
I20261002 19:52:04.799140 20340 incremental_pipeline.cc:620] Registering image #78 (num_reg_frames=7)
I20261002 19:52:04.799185 20340 incremental_pipeline.cc:623] => Image sees 51 / 205 points
I20261002 19:52:04.799230 20340 incremental_pipeline.cc:629] Registering image with structure-less fallback
I20261002 19:52:04.799274 20340 incremental_pipeline.cc:631] => Image sees 179 / 2832 correspondences
I20261002 19:52:04.799336 20340 incremental_pipeline.cc:646] => Could not register, trying another image.
I20261002 19:52:04.799380 20340 incremental_pipeline.cc:620] Registering image #137 (num_reg_frames=7)
I20261002 19:52:04.799424 20340 incremental_pipeline.cc:623] => Image sees 51 / 145 points
I20261002 19:52:04.799469 20340 incremental_pipeline.cc:629] Registering image with structure-less fallback
I20261002 19:52:04.799513 20340 incremental_pipeline.cc:631] => Image sees 172 / 1299 correspondences
I20261002 19:52:04.799569 20340 incremental_pipeline.cc:646] => Could not register, trying another image.
I20261002 19:52:04.799671 20340 incremental_pipeline.cc:620] Registering image #133 (num_reg_frames=7)
I20261002 19:52:04.799789 20340 incremental_pipeline.cc:623] => Image sees 51 / 162 points
I20261002 19:52:04.799880 20340 incremental_pipeline.cc:629] Registering image with structure-less fallback
I20261002 19:52:04.800006 20340 incremental_pipeline.cc:631] => Image sees 142 / 1289 correspondences
I20261002 19:52:04.801418 20340 incremental_pipeline.cc:646] => Could not register, trying another image.
I20261002 19:52:04.801495 20340 incremental_pipeline.cc:620] Registering image #126 (num_reg_frames=7)
I20261002 19:52:04.801546 20340 incremental_pipeline.cc:623] => Image sees 58 / 177 points
I20261002 19:52:04.801594 20340 incremental_pipeline.cc:629] Registering image with structure-less fallback
I20261002 19:52:04.801641 20340 incremental_pipeline.cc:631] => Image sees 120 / 1502 correspondences
I20261002 19:52:04.801699 20340 incremental_pipeline.cc:646] => Could not register, trying another image.
I20261002 19:52:04.801744 20340 incremental_pipeline.cc:620] Registering image #142 (num_reg_frames=7)
I20261002 19:52:04.801790 20340 incremental_pipeline.cc:623] => Image sees 49 / 150 points
I20261002 19:52:04.801834 20340 incremental_pipeline.cc:629] Registering image with structure-less fallback
I20261002 19:52:04.801879 20340 incremental_pipeline.cc:631] => Image sees 120 / 1018 correspondences
I20261002 19:52:04.801935 20340 incremental_pipeline.cc:646] => Could not register, trying another image.
I20261002 19:52:04.801991 20340 incremental_pipeline.cc:620] Registering image #124 (num_reg_frames=7)
I20261002 19:52:04.802036 20340 incremental_pipeline.cc:623] => Image sees 50 / 173 points
I20261002 19:52:04.802081 20340 incremental_pipeline.cc:629] Registering image with structure-less fallback
I20261002 19:52:04.802142 20340 incremental_pipeline.cc:631] => Image sees 110 / 1479 correspondences
I20261002 19:52:04.802202 20340 incremental_pipeline.cc:646] => Could not register, trying another image.
I20261002 19:52:04.802247 20340 incremental_pipeline.cc:620] Registering image #90 (num_reg_frames=7)
I20261002 19:52:04.802293 20340 incremental_pipeline.cc:623] => Image sees 52 / 203 points
I20261002 19:52:04.802338 20340 incremental_pipeline.cc:629] Registering image with structure-less fallback
I20261002 19:52:04.802386 20340 incremental_pipeline.cc:631] => Image sees 109 / 2322 correspondences
I20261002 19:52:04.802445 20340 incremental_pipeline.cc:646] => Could not register, trying another image.
I20261002 19:52:04.802489 20340 incremental_pipeline.cc:620] Registering image #89 (num_reg_frames=7)
I20261002 19:52:04.802534 20340 incremental_pipeline.cc:623] => Image sees 53 / 206 points
I20261002 19:52:04.802579 20340 incremental_pipeline.cc:629] Registering image with structure-less fallback
I20261002 19:52:04.802623 20340 incremental_pipeline.cc:631] => Image sees 109 / 2612 correspondences
I20261002 19:52:04.802683 20340 incremental_pipeline.cc:646] => Could not register, trying another image.
I20261002 19:52:04.802727 20340 incremental_pipeline.cc:620] Registering image #131 (num_reg_frames=7)
I20261002 19:52:04.802772 20340 incremental_pipeline.cc:623] => Image sees 53 / 200 points
I20261002 19:52:04.802817 20340 incremental_pipeline.cc:629] Registering image with structure-less fallback
I20261002 19:52:04.802861 20340 incremental_pipeline.cc:631] => Image sees 107 / 1553 correspondences
I20261002 19:52:04.802918 20340 incremental_pipeline.cc:646] => Could not register, trying another image.
I20261002 19:52:04.802962 20340 incremental_pipeline.cc:88] Retriangulation and Global bundle adjustment
I20261002 19:52:04.804449 20340 incremental_pipeline.cc:620] Registering image #97 (num_reg_frames=7)
I20261002 19:52:04.804548 20340 incremental_pipeline.cc:623] => Image sees 53 / 193 points
I20261002 19:52:04.804635 20340 incremental_pipeline.cc:646] => Could not register, trying another image.
I20261002 19:52:04.804685 20340 incremental_pipeline.cc:620] Registering image #134 (num_reg_frames=7)
I20261002 19:52:04.804735 20340 incremental_pipeline.cc:623] => Image sees 51 / 165 points
I20261002 19:52:04.804797 20340 incremental_pipeline.cc:646] => Could not register, trying another image.
I20261002 19:52:04.804845 20340 incremental_pipeline.cc:620] Registering image #133 (num_reg_frames=7)
I20261002 19:52:04.804892 20340 incremental_pipeline.cc:623] => Image sees 51 / 162 points
I20261002 19:52:04.804953 20340 incremental_pipeline.cc:646] => Could not register, trying another image.
I20261002 19:52:04.804999 20340 incremental_pipeline.cc:620] Registering image #52 (num_reg_frames=7)
I20261002 19:52:04.805053 20340 incremental_pipeline.cc:623] => Image sees 48 / 220 points
I20261002 19:52:04.805142 20340 incremental_pipeline.cc:646] => Could not register, trying another image.
I20261002 19:52:04.805189 20340 incremental_pipeline.cc:620] Registering image #137 (num_reg_frames=7)
I20261002 19:52:04.805237 20340 incremental_pipeline.cc:623] => Image sees 51 / 145 points
I20261002 19:52:04.805296 20340 incremental_pipeline.cc:646] => Could not register, trying another image.
I20261002 19:52:04.805344 20340 incremental_pipeline.cc:620] Registering image #56 (num_reg_frames=7)
I20261002 19:52:04.805392 20340 incremental_pipeline.cc:623] => Image sees 50 / 221 points
I20261002 19:52:04.805461 20340 incremental_pipeline.cc:646] => Could not register, trying another image.
I20261002 19:52:04.805508 20340 incremental_pipeline.cc:620] Registering image #38 (num_reg_frames=7)
I20261002 19:52:04.805574 20340 incremental_pipeline.cc:623] => Image sees 47 / 223 points
I20261002 19:52:04.805657 20340 incremental_pipeline.cc:646] => Could not register, trying another image.
I20261002 19:52:04.805727 20340 incremental_pipeline.cc:620] Registering image #129 (num_reg_frames=7)
I20261002 19:52:04.805806 20340 incremental_pipeline.cc:623] => Image sees 50 / 183 points
I20261002 19:52:04.805881 20340 incremental_pipeline.cc:646] => Could not register, trying another image.
I20261002 19:52:04.805933 20340 incremental_pipeline.cc:620] Registering image #55 (num_reg_frames=7)
I20261002 19:52:04.805982 20340 incremental_pipeline.cc:623] => Image sees 46 / 220 points
I20261002 19:52:04.806054 20340 incremental_pipeline.cc:646] => Could not register, trying another image.
I20261002 19:52:04.806102 20340 incremental_pipeline.cc:620] Registering image #54 (num_reg_frames=7)
I20261002 19:52:04.806152 20340 incremental_pipeline.cc:623] => Image sees 48 / 212 points
I20261002 19:52:04.806218 20340 incremental_pipeline.cc:646] => Could not register, trying another image.
I20261002 19:52:04.806266 20340 incremental_pipeline.cc:620] Registering image #58 (num_reg_frames=7)
I20261002 19:52:04.806313 20340 incremental_pipeline.cc:623] => Image sees 46 / 224 points
I20261002 19:52:04.806381 20340 incremental_pipeline.cc:646] => Could not register, trying another image.
I20261002 19:52:04.806428 20340 incremental_pipeline.cc:620] Registering image #53 (num_reg_frames=7)
I20261002 19:52:04.806474 20340 incremental_pipeline.cc:623] => Image sees 46 / 216 points
I20261002 19:52:04.806538 20340 incremental_pipeline.cc:646] => Could not register, trying another image.
I20261002 19:52:04.806585 20340 incremental_pipeline.cc:620] Registering image #48 (num_reg_frames=7)
I20261002 19:52:04.806632 20340 incremental_pipeline.cc:623] => Image sees 48 / 222 points
I20261002 19:52:04.806696 20340 incremental_pipeline.cc:646] => Could not register, trying another image.
I20261002 19:52:04.806742 20340 incremental_pipeline.cc:620] Registering image #50 (num_reg_frames=7)
I20261002 19:52:04.806789 20340 incremental_pipeline.cc:623] => Image sees 47 / 221 points
I20261002 19:52:04.806854 20340 incremental_pipeline.cc:646] => Could not register, trying another image.
I20261002 19:52:04.806900 20340 incremental_pipeline.cc:620] Registering image #124 (num_reg_frames=7)
I20261002 19:52:04.806947 20340 incremental_pipeline.cc:623] => Image sees 50 / 173 points
I20261002 19:52:04.807006 20340 incremental_pipeline.cc:646] => Could not register, trying another image.
I20261002 19:52:04.807052 20340 incremental_pipeline.cc:620] Registering image #135 (num_reg_frames=7)
I20261002 19:52:04.807099 20340 incremental_pipeline.cc:623] => Image sees 49 / 158 points
I20261002 19:52:04.807155 20340 incremental_pipeline.cc:646] => Could not register, trying another image.
I20261002 19:52:04.807201 20340 incremental_pipeline.cc:620] Registering image #64 (num_reg_frames=7)
I20261002 19:52:04.807247 20340 incremental_pipeline.cc:623] => Image sees 46 / 211 points
I20261002 19:52:04.807312 20340 incremental_pipeline.cc:646] => Could not register, trying another image.
I20261002 19:52:04.807358 20340 incremental_pipeline.cc:620] Registering image #33 (num_reg_frames=7)
I20261002 19:52:04.807406 20340 incremental_pipeline.cc:623] => Image sees 47 / 218 points
I20261002 19:52:04.807471 20340 incremental_pipeline.cc:646] => Could not register, trying another image.
I20261002 19:52:04.807517 20340 incremental_pipeline.cc:620] Registering image #59 (num_reg_frames=7)
I20261002 19:52:04.807564 20340 incremental_pipeline.cc:623] => Image sees 46 / 205 points
I20261002 19:52:04.807627 20340 incremental_pipeline.cc:646] => Could not register, trying another image.
I20261002 19:52:04.807674 20340 incremental_pipeline.cc:620] Registering image #31 (num_reg_frames=7)
I20261002 19:52:04.807720 20340 incremental_pipeline.cc:623] => Image sees 44 / 212 points
I20261002 19:52:04.807784 20340 incremental_pipeline.cc:646] => Could not register, trying another image.
I20261002 19:52:04.807840 20340 incremental_pipeline.cc:620] Registering image #44 (num_reg_frames=7)
I20261002 19:52:04.807887 20340 incremental_pipeline.cc:623] => Image sees 47 / 212 points
I20261002 19:52:04.807954 20340 incremental_pipeline.cc:646] => Could not register, trying another image.
I20261002 19:52:04.808000 20340 incremental_pipeline.cc:620] Registering image #26 (num_reg_frames=7)
I20261002 19:52:04.808046 20340 incremental_pipeline.cc:623] => Image sees 46 / 218 points
I20261002 19:52:04.808111 20340 incremental_pipeline.cc:646] => Could not register, trying another image.
I20261002 19:52:04.808157 20340 incremental_pipeline.cc:620] Registering image #142 (num_reg_frames=7)
I20261002 19:52:04.808205 20340 incremental_pipeline.cc:623] => Image sees 49 / 150 points
I20261002 19:52:04.808294 20340 incremental_pipeline.cc:646] => Could not register, trying another image.
I20261002 19:52:04.808361 20340 incremental_pipeline.cc:620] Registering image #82 (num_reg_frames=7)
I20261002 19:52:04.808409 20340 incremental_pipeline.cc:623] => Image sees 46 / 205 points
I20261002 19:52:04.808471 20340 incremental_pipeline.cc:646] => Could not register, trying another image.
I20261002 19:52:04.808519 20340 incremental_pipeline.cc:620] Registering image #79 (num_reg_frames=7)
I20261002 19:52:04.808566 20340 incremental_pipeline.cc:623] => Image sees 48 / 200 points
I20261002 19:52:04.808651 20340 incremental_pipeline.cc:646] => Could not register, trying another image.
I20261002 19:52:04.808699 20340 incremental_pipeline.cc:620] Registering image #140 (num_reg_frames=7)
I20261002 19:52:04.808746 20340 incremental_pipeline.cc:623] => Image sees 48 / 157 points
I20261002 19:52:04.808828 20340 incremental_pipeline.cc:646] => Could not register, trying another image.
I20261002 19:52:04.808917 20340 incremental_pipeline.cc:620] Registering image #32 (num_reg_frames=7)
I20261002 19:52:04.808973 20340 incremental_pipeline.cc:623] => Image sees 45 / 226 points
I20261002 19:52:04.809064 20340 incremental_pipeline.cc:646] => Could not register, trying another image.
I20261002 19:52:04.809113 20340 incremental_pipeline.cc:620] Registering image #49 (num_reg_frames=7)
I20261002 19:52:04.809161 20340 incremental_pipeline.cc:623] => Image sees 45 / 210 points
I20261002 19:52:04.809229 20340 incremental_pipeline.cc:646] => Could not register, trying another image.
I20261002 19:52:04.809276 20340 incremental_pipeline.cc:620] Registering image #138 (num_reg_frames=7)
I20261002 19:52:04.809330 20340 incremental_pipeline.cc:623] => Image sees 46 / 140 points
I20261002 19:52:04.809398 20340 incremental_pipeline.cc:646] => Could not register, trying another image.
I20261002 19:52:04.809445 20340 incremental_pipeline.cc:620] Registering image #144 (num_reg_frames=7)
I20261002 19:52:04.809492 20340 incremental_pipeline.cc:623] => Image sees 41 / 127 points
I20261002 19:52:04.809546 20340 incremental_pipeline.cc:646] => Could not register, trying another image.
I20261002 19:52:04.809592 20340 incremental_pipeline.cc:620] Registering image #146 (num_reg_frames=7)
I20261002 19:52:04.809640 20340 incremental_pipeline.cc:623] => Image sees 39 / 111 points
I20261002 19:52:04.809693 20340 incremental_pipeline.cc:646] => Could not register, trying another image.
I20261002 19:52:04.809748 20340 incremental_pipeline.cc:620] Registering image #56 (num_reg_frames=7)
I20261002 19:52:04.809802 20340 incremental_pipeline.cc:623] => Image sees 50 / 221 points
I20261002 19:52:04.809850 20340 incremental_pipeline.cc:629] Registering image with structure-less fallback
I20261002 19:52:04.809897 20340 incremental_pipeline.cc:631] => Image sees 105 / 3416 correspondences
I20261002 19:52:04.809962 20340 incremental_pipeline.cc:646] => Could not register, trying another image.
I20261002 19:52:04.810009 20340 incremental_pipeline.cc:620] Registering image #136 (num_reg_frames=7)
I20261002 19:52:04.810055 20340 incremental_pipeline.cc:623] => Image sees 53 / 196 points
I20261002 19:52:04.810103 20340 incremental_pipeline.cc:629] Registering image with structure-less fallback
I20261002 19:52:04.810159 20340 incremental_pipeline.cc:631] => Image sees 105 / 1323 correspondences
I20261002 19:52:04.810218 20340 incremental_pipeline.cc:646] => Could not register, trying another image.
I20261002 19:52:04.810270 20340 incremental_pipeline.cc:620] Registering image #88 (num_reg_frames=7)
I20261002 19:52:04.810317 20340 incremental_pipeline.cc:623] => Image sees 54 / 199 points
I20261002 19:52:04.810363 20340 incremental_pipeline.cc:629] Registering image with structure-less fallback
I20261002 19:52:04.810409 20340 incremental_pipeline.cc:631] => Image sees 103 / 1953 correspondences
I20261002 19:52:04.810469 20340 incremental_pipeline.cc:646] => Could not register, trying another image.
I20261002 19:52:04.810515 20340 incremental_pipeline.cc:620] Registering image #144 (num_reg_frames=7)
I20261002 19:52:04.810566 20340 incremental_pipeline.cc:623] => Image sees 41 / 127 points
I20261002 19:52:04.810613 20340 incremental_pipeline.cc:629] Registering image with structure-less fallback
I20261002 19:52:04.810659 20340 incremental_pipeline.cc:631] => Image sees 101 / 714 correspondences
I20261002 19:52:04.810719 20340 incremental_pipeline.cc:646] => Could not register, trying another image.
I20261002 19:52:04.810766 20340 incremental_pipeline.cc:620] Registering image #102 (num_reg_frames=7)
I20261002 19:52:04.810812 20340 incremental_pipeline.cc:623] => Image sees 51 / 190 points
I20261002 19:52:04.810858 20340 incremental_pipeline.cc:629] Registering image with structure-less fallback
I20261002 19:52:04.810904 20340 incremental_pipeline.cc:631] => Image sees 100 / 2082 correspondences
I20261002 19:52:04.810963 20340 incremental_pipeline.cc:646] => Could not register, trying another image.
I20261002 19:52:04.811013 20340 incremental_pipeline.cc:620] Registering image #44 (num_reg_frames=7)
I20261002 19:52:04.811060 20340 incremental_pipeline.cc:623] => Image sees 47 / 212 points
I20261002 19:52:04.811106 20340 incremental_pipeline.cc:629] Registering image with structure-less fallback
I20261002 19:52:04.811152 20340 incremental_pipeline.cc:631] => Image sees 98 / 3890 correspondences
I20261002 19:52:04.811226 20340 incremental_pipeline.cc:646] => Could not register, trying another image.
I20261002 19:52:04.811273 20340 incremental_pipeline.cc:620] Registering image #38 (num_reg_frames=7)
I20261002 19:52:04.811320 20340 incremental_pipeline.cc:623] => Image sees 47 / 223 points
I20261002 19:52:04.811366 20340 incremental_pipeline.cc:629] Registering image with structure-less fallback
I20261002 19:52:04.811412 20340 incremental_pipeline.cc:631] => Image sees 96 / 3724 correspondences
I20261002 19:52:04.811480 20340 incremental_pipeline.cc:646] => Could not register, trying another image.
I20261002 19:52:04.811526 20340 incremental_pipeline.cc:620] Registering image #26 (num_reg_frames=7)
I20261002 19:52:04.811573 20340 incremental_pipeline.cc:623] => Image sees 46 / 218 points
I20261002 19:52:04.811619 20340 incremental_pipeline.cc:629] Registering image with structure-less fallback
I20261002 19:52:04.811665 20340 incremental_pipeline.cc:631] => Image sees 96 / 3270 correspondences
I20261002 19:52:04.811730 20340 incremental_pipeline.cc:646] => Could not register, trying another image.
I20261002 19:52:04.811835 20340 incremental_pipeline.cc:620] Registering image #55 (num_reg_frames=7)
I20261002 19:52:04.811937 20340 incremental_pipeline.cc:623] => Image sees 46 / 220 points
I20261002 19:52:04.811997 20340 incremental_pipeline.cc:629] Registering image with structure-less fallback
I20261002 19:52:04.812049 20340 incremental_pipeline.cc:631] => Image sees 94 / 3225 correspondences
I20261002 19:52:04.812114 20340 incremental_pipeline.cc:646] => Could not register, trying another image.
I20261002 19:52:04.812161 20340 incremental_pipeline.cc:620] Registering image #87 (num_reg_frames=7)
I20261002 19:52:04.812208 20340 incremental_pipeline.cc:623] => Image sees 51 / 197 points
I20261002 19:52:04.812255 20340 incremental_pipeline.cc:629] Registering image with structure-less fallback
I20261002 19:52:04.812310 20340 incremental_pipeline.cc:631] => Image sees 93 / 2383 correspondences
I20261002 19:52:04.812372 20340 incremental_pipeline.cc:646] => Could not register, trying another image.
I20261002 19:52:04.812419 20340 incremental_pipeline.cc:620] Registering image #53 (num_reg_frames=7)
I20261002 19:52:04.812465 20340 incremental_pipeline.cc:623] => Image sees 46 / 216 points
I20261002 19:52:04.812512 20340 incremental_pipeline.cc:629] Registering image with structure-less fallback
I20261002 19:52:04.812558 20340 incremental_pipeline.cc:631] => Image sees 93 / 3119 correspondences
I20261002 19:52:04.812623 20340 incremental_pipeline.cc:646] => Could not register, trying another image.
I20261002 19:52:04.812669 20340 incremental_pipeline.cc:620] Registering image #59 (num_reg_frames=7)
I20261002 19:52:04.812748 20340 incremental_pipeline.cc:623] => Image sees 46 / 205 points
I20261002 19:52:04.812796 20340 incremental_pipeline.cc:629] Registering image with structure-less fallback
I20261002 19:52:04.812842 20340 incremental_pipeline.cc:631] => Image sees 92 / 3196 correspondences
I20261002 19:52:04.812908 20340 incremental_pipeline.cc:646] => Could not register, trying another image.
I20261002 19:52:04.812956 20340 incremental_pipeline.cc:620] Registering image #52 (num_reg_frames=7)
I20261002 19:52:04.813001 20340 incremental_pipeline.cc:623] => Image sees 48 / 220 points
I20261002 19:52:04.813046 20340 incremental_pipeline.cc:629] Registering image with structure-less fallback
I20261002 19:52:04.813089 20340 incremental_pipeline.cc:631] => Image sees 92 / 9215 correspondences
I20261002 19:52:04.813173 20340 incremental_pipeline.cc:646] => Could not register, trying another image.
I20261002 19:52:04.813216 20340 incremental_pipeline.cc:620] Registering image #58 (num_reg_frames=7)
I20261002 19:52:04.813260 20340 incremental_pipeline.cc:623] => Image sees 46 / 224 points
I20261002 19:52:04.813303 20340 incremental_pipeline.cc:629] Registering image with structure-less fallback
I20261002 19:52:04.813347 20340 incremental_pipeline.cc:631] => Image sees 91 / 3466 correspondences
I20261002 19:52:04.813409 20340 incremental_pipeline.cc:646] => Could not register, trying another image.
I20261002 19:52:04.813452 20340 incremental_pipeline.cc:620] Registering image #64 (num_reg_frames=7)
I20261002 19:52:04.813496 20340 incremental_pipeline.cc:623] => Image sees 46 / 211 points
I20261002 19:52:04.813538 20340 incremental_pipeline.cc:629] Registering image with structure-less fallback
I20261002 19:52:04.813582 20340 incremental_pipeline.cc:631] => Image sees 91 / 3370 correspondences
I20261002 19:52:04.813643 20340 incremental_pipeline.cc:646] => Could not register, trying another image.
I20261002 19:52:04.813687 20340 incremental_pipeline.cc:620] Registering image #33 (num_reg_frames=7)
I20261002 19:52:04.813730 20340 incremental_pipeline.cc:623] => Image sees 47 / 218 points
I20261002 19:52:04.813773 20340 incremental_pipeline.cc:629] Registering image with structure-less fallback
I20261002 19:52:04.813816 20340 incremental_pipeline.cc:631] => Image sees 91 / 3407 correspondences
I20261002 19:52:04.813884 20340 incremental_pipeline.cc:646] => Could not register, trying another image.
I20261002 19:52:04.813946 20340 incremental_pipeline.cc:620] Registering image #32 (num_reg_frames=7)
I20261002 19:52:04.814030 20340 incremental_pipeline.cc:623] => Image sees 45 / 226 points
I20261002 19:52:04.814087 20340 incremental_pipeline.cc:629] Registering image with structure-less fallback
I20261002 19:52:04.814135 20340 incremental_pipeline.cc:631] => Image sees 89 / 9348 correspondences
I20261002 19:52:04.814221 20340 incremental_pipeline.cc:646] => Could not register, trying another image.
I20261002 19:52:04.814266 20340 incremental_pipeline.cc:620] Registering image #31 (num_reg_frames=7)
I20261002 19:52:04.814310 20340 incremental_pipeline.cc:623] => Image sees 44 / 212 points
I20261002 19:52:04.814357 20340 incremental_pipeline.cc:629] Registering image with structure-less fallback
I20261002 19:52:04.814401 20340 incremental_pipeline.cc:631] => Image sees 86 / 3234 correspondences
I20261002 19:52:04.814470 20340 incremental_pipeline.cc:646] => Could not register, trying another image.
I20261002 19:52:04.814524 20340 incremental_pipeline.cc:620] Registering image #108 (num_reg_frames=7)
I20261002 19:52:04.814569 20340 incremental_pipeline.cc:623] => Image sees 62 / 138 points
I20261002 19:52:04.814612 20340 incremental_pipeline.cc:629] Registering image with structure-less fallback
I20261002 19:52:04.814656 20340 incremental_pipeline.cc:631] => Image sees 84 / 1362 correspondences
I20261002 19:52:04.814709 20340 incremental_pipeline.cc:646] => Could not register, trying another image.
I20261002 19:52:04.814754 20340 incremental_pipeline.cc:620] Registering image #54 (num_reg_frames=7)
I20261002 19:52:04.814801 20340 incremental_pipeline.cc:623] => Image sees 48 / 212 points
I20261002 19:52:04.814845 20340 incremental_pipeline.cc:629] Registering image with structure-less fallback
I20261002 19:52:04.814890 20340 incremental_pipeline.cc:631] => Image sees 84 / 3478 correspondences
I20261002 19:52:04.814952 20340 incremental_pipeline.cc:646] => Could not register, trying another image.
I20261002 19:52:04.815007 20340 incremental_pipeline.cc:620] Registering image #96 (num_reg_frames=7)
I20261002 19:52:04.815051 20340 incremental_pipeline.cc:623] => Image sees 54 / 202 points
I20261002 19:52:04.815095 20340 incremental_pipeline.cc:629] Registering image with structure-less fallback
I20261002 19:52:04.815138 20340 incremental_pipeline.cc:631] => Image sees 79 / 2134 correspondences
I20261002 19:52:04.815195 20340 incremental_pipeline.cc:646] => Could not register, trying another image.
I20261002 19:52:04.815238 20340 incremental_pipeline.cc:620] Registering image #50 (num_reg_frames=7)
I20261002 19:52:04.815281 20340 incremental_pipeline.cc:623] => Image sees 47 / 221 points
I20261002 19:52:04.815325 20340 incremental_pipeline.cc:629] Registering image with structure-less fallback
I20261002 19:52:04.815372 20340 incremental_pipeline.cc:631] => Image sees 78 / 3202 correspondences
I20261002 19:52:04.815433 20340 incremental_pipeline.cc:646] => Could not register, trying another image.
I20261002 19:52:04.815478 20340 incremental_pipeline.cc:620] Registering image #79 (num_reg_frames=7)
I20261002 19:52:04.815529 20340 incremental_pipeline.cc:623] => Image sees 48 / 200 points
I20261002 19:52:04.815572 20340 incremental_pipeline.cc:629] Registering image with structure-less fallback
I20261002 19:52:04.815615 20340 incremental_pipeline.cc:631] => Image sees 78 / 8182 correspondences
I20261002 19:52:04.815694 20340 incremental_pipeline.cc:646] => Could not register, trying another image.
I20261002 19:52:04.815738 20340 incremental_pipeline.cc:620] Registering image #97 (num_reg_frames=7)
I20261002 19:52:04.815783 20340 incremental_pipeline.cc:623] => Image sees 53 / 193 points
I20261002 19:52:04.815827 20340 incremental_pipeline.cc:629] Registering image with structure-less fallback
I20261002 19:52:04.815871 20340 incremental_pipeline.cc:631] => Image sees 77 / 2422 correspondences
I20261002 19:52:04.815928 20340 incremental_pipeline.cc:646] => Could not register, trying another image.
I20261002 19:52:04.815982 20340 incremental_pipeline.cc:620] Registering image #134 (num_reg_frames=7)
I20261002 19:52:04.816027 20340 incremental_pipeline.cc:623] => Image sees 51 / 165 points
I20261002 19:52:04.816070 20340 incremental_pipeline.cc:629] Registering image with structure-less fallback
I20261002 19:52:04.816114 20340 incremental_pipeline.cc:631] => Image sees 75 / 1224 correspondences
I20261002 19:52:04.816169 20340 incremental_pipeline.cc:646] => Could not register, trying another image.
I20261002 19:52:04.816212 20340 incremental_pipeline.cc:620] Registering image #48 (num_reg_frames=7)
I20261002 19:52:04.816257 20340 incremental_pipeline.cc:623] => Image sees 48 / 222 points
I20261002 19:52:04.816301 20340 incremental_pipeline.cc:629] Registering image with structure-less fallback
I20261002 19:52:04.816345 20340 incremental_pipeline.cc:631] => Image sees 74 / 3185 correspondences
I20261002 19:52:04.816419 20340 incremental_pipeline.cc:646] => Could not register, trying another image.
I20261002 19:52:04.816463 20340 incremental_pipeline.cc:620] Registering image #82 (num_reg_frames=7)
I20261002 19:52:04.816508 20340 incremental_pipeline.cc:623] => Image sees 46 / 205 points
I20261002 19:52:04.816551 20340 incremental_pipeline.cc:629] Registering image with structure-less fallback
I20261002 19:52:04.816594 20340 incremental_pipeline.cc:631] => Image sees 73 / 2448 correspondences
I20261002 19:52:04.816652 20340 incremental_pipeline.cc:646] => Could not register, trying another image.
I20261002 19:52:04.816699 20340 incremental_pipeline.cc:620] Registering image #49 (num_reg_frames=7)
I20261002 19:52:04.816743 20340 incremental_pipeline.cc:623] => Image sees 45 / 210 points
I20261002 19:52:04.816787 20340 incremental_pipeline.cc:629] Registering image with structure-less fallback
I20261002 19:52:04.816830 20340 incremental_pipeline.cc:631] => Image sees 67 / 3368 correspondences
I20261002 19:52:04.816891 20340 incremental_pipeline.cc:646] => Could not register, trying another image.
I20261002 19:52:04.816934 20340 incremental_pipeline.cc:620] Registering image #135 (num_reg_frames=7)
I20261002 19:52:04.816980 20340 incremental_pipeline.cc:623] => Image sees 49 / 158 points
I20261002 19:52:04.817026 20340 incremental_pipeline.cc:629] Registering image with structure-less fallback
I20261002 19:52:04.817071 20340 incremental_pipeline.cc:631] => Image sees 65 / 1095 correspondences
I20261002 19:52:04.817125 20340 incremental_pipeline.cc:646] => Could not register, trying another image.
I20261002 19:52:04.817169 20340 incremental_pipeline.cc:620] Registering image #140 (num_reg_frames=7)
I20261002 19:52:04.817212 20340 incremental_pipeline.cc:623] => Image sees 48 / 157 points
I20261002 19:52:04.817254 20340 incremental_pipeline.cc:629] Registering image with structure-less fallback
I20261002 19:52:04.817299 20340 incremental_pipeline.cc:631] => Image sees 63 / 974 correspondences
I20261002 19:52:04.817353 20340 incremental_pipeline.cc:646] => Could not register, trying another image.
I20261002 19:52:04.817396 20340 incremental_pipeline.cc:620] Registering image #146 (num_reg_frames=7)
I20261002 19:52:04.817440 20340 incremental_pipeline.cc:623] => Image sees 39 / 111 points
I20261002 19:52:04.817486 20340 incremental_pipeline.cc:629] Registering image with structure-less fallback
I20261002 19:52:04.817530 20340 incremental_pipeline.cc:631] => Image sees 47 / 533 correspondences
I20261002 19:52:04.817574 20340 incremental_pipeline.cc:646] => Could not register, trying another image.
W20261002 19:52:04.817618 20340 incremental_pipeline.cc:821] Discarding reconstruction due to insufficient size
I20261002 19:52:04.819007 20340 incremental_pipeline.cc:465] Finding good initial image pair
I20261002 19:52:04.824479 20340 incremental_pipeline.cc:492] Registering initial image pair #131 and #148
I20261002 19:52:04.824824 20340 incremental_pipeline.cc:510] Global bundle adjustment
I20261002 19:52:04.830108 20340 incremental_pipeline.cc:620] Registering image #116 (num_reg_frames=2)
I20261002 19:52:04.830207 20340 incremental_pipeline.cc:623] => Image sees 41 / 155 points
I20261002 19:52:04.831736 20340 incremental_pipeline.cc:88] Retriangulation and Global bundle adjustment
I20261002 19:52:04.837398 20340 incremental_pipeline.cc:620] Registering image #118 (num_reg_frames=3)
I20261002 19:52:04.837516 20340 incremental_pipeline.cc:623] => Image sees 47 / 174 points
I20261002 19:52:04.839928 20340 incremental_pipeline.cc:620] Registering image #112 (num_reg_frames=4)
I20261002 19:52:04.840026 20340 incremental_pipeline.cc:623] => Image sees 45 / 151 points
I20261002 19:52:04.841397 20340 incremental_pipeline.cc:88] Retriangulation and Global bundle adjustment
W20261002 19:52:04.846515 20340 bundle_adjustment_ceres.cc:391] Failed to fix Gauge with two cameras. Falling back to fixing Gauge with three points.
W20261002 19:52:04.846662 20340 bundle_adjustment_ceres.cc:298] Failed to fix Gauge due to insufficient number of fixed points: 0
I20261002 19:52:04.847906 20340 incremental_pipeline.cc:88] Retriangulation and Global bundle adjustment
W20261002 19:52:04.848973 20340 bundle_adjustment_ceres.cc:391] Failed to fix Gauge with two cameras. Falling back to fixing Gauge with three points.
W20261002 19:52:04.849083 20340 bundle_adjustment_ceres.cc:298] Failed to fix Gauge due to insufficient number of fixed points: 0
W20261002 19:52:04.849173 20340 incremental_pipeline.cc:821] Discarding reconstruction due to insufficient size
I20261002 19:52:04.849844 20340 incremental_pipeline.cc:465] Finding good initial image pair
I20261002 19:52:04.857281 20340 incremental_pipeline.cc:492] Registering initial image pair #112 and #121
I20261002 19:52:04.858130 20340 incremental_pipeline.cc:510] Global bundle adjustment
I20261002 19:52:04.864484 20340 incremental_pipeline.cc:791] Discarding reconstruction due to bad initial pair
I20261002 19:52:04.865197 20340 incremental_pipeline.cc:465] Finding good initial image pair
I20261002 19:52:04.871256 20340 incremental_pipeline.cc:492] Registering initial image pair #112 and #147
I20261002 19:52:04.871687 20340 incremental_pipeline.cc:510] Global bundle adjustment
I20261002 19:52:04.875866 20340 incremental_pipeline.cc:620] Registering image #120 (num_reg_frames=2)
I20261002 19:52:04.875968 20340 incremental_pipeline.cc:623] => Image sees 43 / 170 points
I20261002 19:52:04.877207 20340 incremental_pipeline.cc:88] Retriangulation and Global bundle adjustment
I20261002 19:52:04.879209 20340 incremental_pipeline.cc:620] Registering image #122 (num_reg_frames=3)
I20261002 19:52:04.879317 20340 incremental_pipeline.cc:623] => Image sees 43 / 165 points
I20261002 19:52:04.881973 20340 incremental_pipeline.cc:620] Registering image #125 (num_reg_frames=4)
I20261002 19:52:04.882069 20340 incremental_pipeline.cc:623] => Image sees 41 / 195 points
I20261002 19:52:04.884263 20340 incremental_pipeline.cc:88] Retriangulation and Global bundle adjustment
I20261002 19:52:04.894023 20340 incremental_pipeline.cc:620] Registering image #132 (num_reg_frames=5)
I20261002 19:52:04.894133 20340 incremental_pipeline.cc:623] => Image sees 41 / 208 points
I20261002 19:52:04.896815 20340 incremental_pipeline.cc:620] Registering image #119 (num_reg_frames=6)
I20261002 19:52:04.896908 20340 incremental_pipeline.cc:623] => Image sees 42 / 183 points
I20261002 19:52:04.900097 20340 incremental_pipeline.cc:88] Retriangulation and Global bundle adjustment
I20261002 19:52:04.908608 20340 incremental_pipeline.cc:620] Registering image #116 (num_reg_frames=7)
I20261002 19:52:04.908722 20340 incremental_pipeline.cc:623] => Image sees 42 / 155 points
I20261002 19:52:04.911830 20340 incremental_pipeline.cc:620] Registering image #115 (num_reg_frames=8)
I20261002 19:52:04.911923 20340 incremental_pipeline.cc:623] => Image sees 42 / 139 points
I20261002 19:52:04.917206 20340 incremental_pipeline.cc:620] Registering image #118 (num_reg_frames=9)
I20261002 19:52:04.917323 20340 incremental_pipeline.cc:623] => Image sees 42 / 174 points
I20261002 19:52:04.921170 20340 incremental_pipeline.cc:88] Retriangulation and Global bundle adjustment
I20261002 19:52:04.945278 20340 incremental_pipeline.cc:620] Registering image #130 (num_reg_frames=10)
I20261002 19:52:04.945512 20340 incremental_pipeline.cc:623] => Image sees 42 / 209 points
I20261002 19:52:04.954484 20340 incremental_pipeline.cc:88] Retriangulation and Global bundle adjustment
I20261002 19:52:05.064133 20340 incremental_pipeline.cc:620] Registering image #128 (num_reg_frames=11)
I20261002 19:52:05.064270 20340 incremental_pipeline.cc:623] => Image sees 87 / 195 points
I20261002 19:52:05.064354 20340 incremental_pipeline.cc:646] => Could not register, trying another image.
I20261002 19:52:05.064407 20340 incremental_pipeline.cc:620] Registering image #127 (num_reg_frames=11)
I20261002 19:52:05.064456 20340 incremental_pipeline.cc:623] => Image sees 84 / 177 points
I20261002 19:52:05.064525 20340 incremental_pipeline.cc:646] => Could not register, trying another image.
I20261002 19:52:05.064585 20340 incremental_pipeline.cc:620] Registering image #131 (num_reg_frames=11)
I20261002 19:52:05.064633 20340 incremental_pipeline.cc:623] => Image sees 88 / 200 points
I20261002 19:52:05.064698 20340 incremental_pipeline.cc:646] => Could not register, trying another image.
I20261002 19:52:05.064744 20340 incremental_pipeline.cc:620] Registering image #124 (num_reg_frames=11)
I20261002 19:52:05.064791 20340 incremental_pipeline.cc:623] => Image sees 83 / 173 points
I20261002 19:52:05.064853 20340 incremental_pipeline.cc:646] => Could not register, trying another image.
I20261002 19:52:05.064904 20340 incremental_pipeline.cc:620] Registering image #136 (num_reg_frames=11)
I20261002 19:52:05.064950 20340 incremental_pipeline.cc:623] => Image sees 80 / 196 points
I20261002 19:52:05.065009 20340 incremental_pipeline.cc:646] => Could not register, trying another image.
I20261002 19:52:05.065053 20340 incremental_pipeline.cc:620] Registering image #117 (num_reg_frames=11)
I20261002 19:52:05.065100 20340 incremental_pipeline.cc:623] => Image sees 80 / 153 points
I20261002 19:52:05.065163 20340 incremental_pipeline.cc:646] => Could not register, trying another image.
I20261002 19:52:05.065209 20340 incremental_pipeline.cc:620] Registering image #100 (num_reg_frames=11)
I20261002 19:52:05.065256 20340 incremental_pipeline.cc:623] => Image sees 76 / 201 points
I20261002 19:52:05.065339 20340 incremental_pipeline.cc:646] => Could not register, trying another image.
I20261002 19:52:05.065386 20340 incremental_pipeline.cc:620] Registering image #114 (num_reg_frames=11)
I20261002 19:52:05.065431 20340 incremental_pipeline.cc:623] => Image sees 81 / 151 points
I20261002 19:52:05.065492 20340 incremental_pipeline.cc:646] => Could not register, trying another image.
I20261002 19:52:05.065537 20340 incremental_pipeline.cc:620] Registering image #137 (num_reg_frames=11)
I20261002 19:52:05.065583 20340 incremental_pipeline.cc:623] => Image sees 76 / 145 points
I20261002 19:52:05.065645 20340 incremental_pipeline.cc:646] => Could not register, trying another image.
I20261002 19:52:05.065690 20340 incremental_pipeline.cc:620] Registering image #126 (num_reg_frames=11)
I20261002 19:52:05.065737 20340 incremental_pipeline.cc:623] => Image sees 79 / 177 points
I20261002 19:52:05.065798 20340 incremental_pipeline.cc:646] => Could not register, trying another image.
I20261002 19:52:05.065843 20340 incremental_pipeline.cc:620] Registering image #129 (num_reg_frames=11)
I20261002 19:52:05.065889 20340 incremental_pipeline.cc:623] => Image sees 76 / 183 points
I20261002 19:52:05.065952 20340 incremental_pipeline.cc:646] => Could not register, trying another image.
I20261002 19:52:05.065998 20340 incremental_pipeline.cc:620] Registering image #121 (num_reg_frames=11)
I20261002 19:52:05.066043 20340 incremental_pipeline.cc:623] => Image sees 75 / 182 points
I20261002 19:52:05.066128 20340 incremental_pipeline.cc:646] => Could not register, trying another image.
I20261002 19:52:05.066175 20340 incremental_pipeline.cc:620] Registering image #123 (num_reg_frames=11)
I20261002 19:52:05.066220 20340 incremental_pipeline.cc:623] => Image sees 73 / 182 points
I20261002 19:52:05.066285 20340 incremental_pipeline.cc:646] => Could not register, trying another image.
I20261002 19:52:05.066331 20340 incremental_pipeline.cc:620] Registering image #98 (num_reg_frames=11)
I20261002 19:52:05.066377 20340 incremental_pipeline.cc:623] => Image sees 70 / 202 points
I20261002 19:52:05.066438 20340 incremental_pipeline.cc:646] => Could not register, trying another image.
I20261002 19:52:05.066483 20340 incremental_pipeline.cc:620] Registering image #90 (num_reg_frames=11)
I20261002 19:52:05.066529 20340 incremental_pipeline.cc:623] => Image sees 69 / 203 points
I20261002 19:52:05.066591 20340 incremental_pipeline.cc:646] => Could not register, trying another image.
I20261002 19:52:05.066673 20340 incremental_pipeline.cc:620] Registering image #99 (num_reg_frames=11)
I20261002 19:52:05.066889 20340 incremental_pipeline.cc:623] => Image sees 68 / 194 points
I20261002 19:52:05.067166 20340 incremental_pipeline.cc:646] => Could not register, trying another image.
I20261002 19:52:05.067289 20340 incremental_pipeline.cc:620] Registering image #113 (num_reg_frames=11)
I20261002 19:52:05.067378 20340 incremental_pipeline.cc:623] => Image sees 70 / 143 points
I20261002 19:52:05.067466 20340 incremental_pipeline.cc:646] => Could not register, trying another image.
I20261002 19:52:05.067515 20340 incremental_pipeline.cc:620] Registering image #101 (num_reg_frames=11)
I20261002 19:52:05.067567 20340 incremental_pipeline.cc:623] => Image sees 70 / 172 points
I20261002 19:52:05.067631 20340 incremental_pipeline.cc:646] => Could not register, trying another image.
I20261002 19:52:05.067678 20340 incremental_pipeline.cc:620] Registering image #103 (num_reg_frames=11)
I20261002 19:52:05.067733 20340 incremental_pipeline.cc:623] => Image sees 68 / 176 points
I20261002 19:52:05.067803 20340 incremental_pipeline.cc:646] => Could not register, trying another image.
I20261002 19:52:05.067852 20340 incremental_pipeline.cc:620] Registering image #102 (num_reg_frames=11)
I20261002 19:52:05.067931 20340 incremental_pipeline.cc:623] => Image sees 67 / 190 points
I20261002 19:52:05.068003 20340 incremental_pipeline.cc:646] => Could not register, trying another image.
I20261002 19:52:05.068055 20340 incremental_pipeline.cc:620] Registering image #111 (num_reg_frames=11)
I20261002 19:52:05.068102 20340 incremental_pipeline.cc:623] => Image sees 68 / 147 points
I20261002 19:52:05.068161 20340 incremental_pipeline.cc:646] => Could not register, trying another image.
I20261002 19:52:05.068207 20340 incremental_pipeline.cc:620] Registering image #93 (num_reg_frames=11)
I20261002 19:52:05.068252 20340 incremental_pipeline.cc:623] => Image sees 65 / 210 points
I20261002 19:52:05.068336 20340 incremental_pipeline.cc:646] => Could not register, trying another image.
I20261002 19:52:05.068474 20340 incremental_pipeline.cc:620] Registering image #83 (num_reg_frames=11)
I20261002 19:52:05.068529 20340 incremental_pipeline.cc:623] => Image sees 65 / 220 points
I20261002 19:52:05.068594 20340 incremental_pipeline.cc:646] => Could not register, trying another image.
I20261002 19:52:05.068639 20340 incremental_pipeline.cc:620] Registering image #110 (num_reg_frames=11)
I20261002 19:52:05.068685 20340 incremental_pipeline.cc:623] => Image sees 68 / 146 points
I20261002 19:52:05.068763 20340 incremental_pipeline.cc:646] => Could not register, trying another image.
I20261002 19:52:05.068809 20340 incremental_pipeline.cc:620] Registering image #94 (num_reg_frames=11)
I20261002 19:52:05.068857 20340 incremental_pipeline.cc:623] => Image sees 63 / 201 points
I20261002 19:52:05.068922 20340 incremental_pipeline.cc:646] => Could not register, trying another image.
I20261002 19:52:05.068967 20340 incremental_pipeline.cc:620] Registering image #105 (num_reg_frames=11)
I20261002 19:52:05.069014 20340 incremental_pipeline.cc:623] => Image sees 66 / 161 points
I20261002 19:52:05.069075 20340 incremental_pipeline.cc:646] => Could not register, trying another image.
I20261002 19:52:05.069121 20340 incremental_pipeline.cc:620] Registering image #106 (num_reg_frames=11)
I20261002 19:52:05.069170 20340 incremental_pipeline.cc:623] => Image sees 65 / 164 points
I20261002 19:52:05.069233 20340 incremental_pipeline.cc:646] => Could not register, trying another image.
I20261002 19:52:05.069279 20340 incremental_pipeline.cc:620] Registering image #134 (num_reg_frames=11)
I20261002 19:52:05.069324 20340 incremental_pipeline.cc:623] => Image sees 67 / 165 points
I20261002 19:52:05.069382 20340 incremental_pipeline.cc:646] => Could not register, trying another image.
I20261002 19:52:05.069427 20340 incremental_pipeline.cc:620] Registering image #58 (num_reg_frames=11)
I20261002 19:52:05.069473 20340 incremental_pipeline.cc:623] => Image sees 60 / 224 points
I20261002 19:52:05.069541 20340 incremental_pipeline.cc:646] => Could not register, trying another image.
I20261002 19:52:05.069587 20340 incremental_pipeline.cc:620] Registering image #133 (num_reg_frames=11)
I20261002 19:52:05.069645 20340 incremental_pipeline.cc:623] => Image sees 66 / 162 points
I20261002 19:52:05.069705 20340 incremental_pipeline.cc:646] => Could not register, trying another image.
I20261002 19:52:05.069750 20340 incremental_pipeline.cc:620] Registering image #107 (num_reg_frames=11)
I20261002 19:52:05.069795 20340 incremental_pipeline.cc:623] => Image sees 65 / 146 points
I20261002 19:52:05.069852 20340 incremental_pipeline.cc:646] => Could not register, trying another image.
I20261002 19:52:05.069901 20340 incremental_pipeline.cc:620] Registering image #86 (num_reg_frames=11)
I20261002 19:52:05.069946 20340 incremental_pipeline.cc:623] => Image sees 60 / 198 points
I20261002 19:52:05.070008 20340 incremental_pipeline.cc:646] => Could not register, trying another image.
I20261002 19:52:05.070054 20340 incremental_pipeline.cc:620] Registering image #53 (num_reg_frames=11)
I20261002 19:52:05.070100 20340 incremental_pipeline.cc:623] => Image sees 59 / 216 points
I20261002 19:52:05.070166 20340 incremental_pipeline.cc:646] => Could not register, trying another image.
I20261002 19:52:05.070212 20340 incremental_pipeline.cc:620] Registering image #87 (num_reg_frames=11)
I20261002 19:52:05.070258 20340 incremental_pipeline.cc:623] => Image sees 59 / 197 points
I20261002 19:52:05.070319 20340 incremental_pipeline.cc:646] => Could not register, trying another image.
I20261002 19:52:05.070365 20340 incremental_pipeline.cc:620] Registering image #104 (num_reg_frames=11)
I20261002 19:52:05.070411 20340 incremental_pipeline.cc:623] => Image sees 61 / 171 points
I20261002 19:52:05.070467 20340 incremental_pipeline.cc:646] => Could not register, trying another image.
I20261002 19:52:05.070512 20340 incremental_pipeline.cc:620] Registering image #66 (num_reg_frames=11)
I20261002 19:52:05.070558 20340 incremental_pipeline.cc:623] => Image sees 57 / 222 points
I20261002 19:52:05.070622 20340 incremental_pipeline.cc:646] => Could not register, trying another image.
I20261002 19:52:05.070668 20340 incremental_pipeline.cc:620] Registering image #108 (num_reg_frames=11)
I20261002 19:52:05.070714 20340 incremental_pipeline.cc:623] => Image sees 62 / 138 points
I20261002 19:52:05.070771 20340 incremental_pipeline.cc:646] => Could not register, trying another image.
I20261002 19:52:05.070817 20340 incremental_pipeline.cc:620] Registering image #135 (num_reg_frames=11)
I20261002 19:52:05.070863 20340 incremental_pipeline.cc:623] => Image sees 60 / 158 points
I20261002 19:52:05.070920 20340 incremental_pipeline.cc:646] => Could not register, trying another image.
I20261002 19:52:05.070966 20340 incremental_pipeline.cc:620] Registering image #52 (num_reg_frames=11)
I20261002 19:52:05.071011 20340 incremental_pipeline.cc:623] => Image sees 56 / 220 points
I20261002 19:52:05.071097 20340 incremental_pipeline.cc:646] => Could not register, trying another image.
I20261002 19:52:05.071143 20340 incremental_pipeline.cc:620] Registering image #89 (num_reg_frames=11)
I20261002 19:52:05.071189 20340 incremental_pipeline.cc:623] => Image sees 56 / 206 points
I20261002 19:52:05.071252 20340 incremental_pipeline.cc:646] => Could not register, trying another image.
I20261002 19:52:05.071298 20340 incremental_pipeline.cc:620] Registering image #139 (num_reg_frames=11)
I20261002 19:52:05.071344 20340 incremental_pipeline.cc:623] => Image sees 59 / 139 points
I20261002 19:52:05.071401 20340 incremental_pipeline.cc:646] => Could not register, trying another image.
I20261002 19:52:05.071446 20340 incremental_pipeline.cc:620] Registering image #142 (num_reg_frames=11)
I20261002 19:52:05.071491 20340 incremental_pipeline.cc:623] => Image sees 57 / 150 points
I20261002 19:52:05.071550 20340 incremental_pipeline.cc:646] => Could not register, trying another image.
I20261002 19:52:05.071595 20340 incremental_pipeline.cc:620] Registering image #85 (num_reg_frames=11)
I20261002 19:52:05.071641 20340 incremental_pipeline.cc:623] => Image sees 56 / 197 points
I20261002 19:52:05.071701 20340 incremental_pipeline.cc:646] => Could not register, trying another image.
I20261002 19:52:05.071755 20340 incremental_pipeline.cc:620] Registering image #44 (num_reg_frames=11)
I20261002 19:52:05.071800 20340 incremental_pipeline.cc:623] => Image sees 53 / 212 points
I20261002 19:52:05.071866 20340 incremental_pipeline.cc:646] => Could not register, trying another image.
I20261002 19:52:05.071913 20340 incremental_pipeline.cc:620] Registering image #41 (num_reg_frames=11)
I20261002 19:52:05.071962 20340 incremental_pipeline.cc:623] => Image sees 54 / 237 points
I20261002 19:52:05.072027 20340 incremental_pipeline.cc:646] => Could not register, trying another image.
I20261002 19:52:05.072073 20340 incremental_pipeline.cc:620] Registering image #60 (num_reg_frames=11)
I20261002 19:52:05.072119 20340 incremental_pipeline.cc:623] => Image sees 54 / 209 points
I20261002 19:52:05.072183 20340 incremental_pipeline.cc:646] => Could not register, trying another image.
I20261002 19:52:05.072229 20340 incremental_pipeline.cc:620] Registering image #61 (num_reg_frames=11)
I20261002 19:52:05.072275 20340 incremental_pipeline.cc:623] => Image sees 53 / 211 points
I20261002 19:52:05.072339 20340 incremental_pipeline.cc:646] => Could not register, trying another image.
I20261002 19:52:05.072385 20340 incremental_pipeline.cc:620] Registering image #138 (num_reg_frames=11)
I20261002 19:52:05.072431 20340 incremental_pipeline.cc:623] => Image sees 58 / 140 points
I20261002 19:52:05.072503 20340 incremental_pipeline.cc:646] => Could not register, trying another image.
I20261002 19:52:05.072549 20340 incremental_pipeline.cc:620] Registering image #36 (num_reg_frames=11)
I20261002 19:52:05.072595 20340 incremental_pipeline.cc:623] => Image sees 52 / 224 points
I20261002 19:52:05.072780 20340 incremental_pipeline.cc:646] => Could not register, trying another image.
I20261002 19:52:05.072872 20340 incremental_pipeline.cc:620] Registering image #56 (num_reg_frames=11)
I20261002 19:52:05.073009 20340 incremental_pipeline.cc:623] => Image sees 51 / 221 points
I20261002 19:52:05.073119 20340 incremental_pipeline.cc:646] => Could not register, trying another image.
I20261002 19:52:05.073188 20340 incremental_pipeline.cc:620] Registering image #5 (num_reg_frames=11)
I20261002 19:52:05.073249 20340 incremental_pipeline.cc:623] => Image sees 52 / 198 points
I20261002 19:52:05.073316 20340 incremental_pipeline.cc:646] => Could not register, trying another image.
I20261002 19:52:05.073371 20340 incremental_pipeline.cc:620] Registering image #1 (num_reg_frames=11)
I20261002 19:52:05.073424 20340 incremental_pipeline.cc:623] => Image sees 53 / 185 points
I20261002 19:52:05.073486 20340 incremental_pipeline.cc:646] => Could not register, trying another image.
I20261002 19:52:05.073539 20340 incremental_pipeline.cc:620] Registering image #140 (num_reg_frames=11)
I20261002 19:52:05.073591 20340 incremental_pipeline.cc:623] => Image sees 55 / 157 points
I20261002 19:52:05.073658 20340 incremental_pipeline.cc:646] => Could not register, trying another image.
I20261002 19:52:05.073710 20340 incremental_pipeline.cc:620] Registering image #43 (num_reg_frames=11)
I20261002 19:52:05.073765 20340 incremental_pipeline.cc:623] => Image sees 51 / 208 points
I20261002 19:52:05.073834 20340 incremental_pipeline.cc:646] => Could not register, trying another image.
I20261002 19:52:05.073886 20340 incremental_pipeline.cc:620] Registering image #54 (num_reg_frames=11)
I20261002 19:52:05.073939 20340 incremental_pipeline.cc:623] => Image sees 49 / 212 points
I20261002 19:52:05.074011 20340 incremental_pipeline.cc:646] => Could not register, trying another image.
I20261002 19:52:05.074064 20340 incremental_pipeline.cc:620] Registering image #82 (num_reg_frames=11)
I20261002 19:52:05.074117 20340 incremental_pipeline.cc:623] => Image sees 50 / 205 points
I20261002 19:52:05.074185 20340 incremental_pipeline.cc:646] => Could not register, trying another image.
I20261002 19:52:05.074241 20340 incremental_pipeline.cc:620] Registering image #59 (num_reg_frames=11)
I20261002 19:52:05.074295 20340 incremental_pipeline.cc:623] => Image sees 46 / 205 points
I20261002 19:52:05.074377 20340 incremental_pipeline.cc:646] => Could not register, trying another image.
I20261002 19:52:05.074430 20340 incremental_pipeline.cc:620] Registering image #65 (num_reg_frames=11)
I20261002 19:52:05.074482 20340 incremental_pipeline.cc:623] => Image sees 47 / 201 points
I20261002 19:52:05.074552 20340 incremental_pipeline.cc:646] => Could not register, trying another image.
I20261002 19:52:05.074610 20340 incremental_pipeline.cc:620] Registering image #57 (num_reg_frames=11)
I20261002 19:52:05.074663 20340 incremental_pipeline.cc:623] => Image sees 45 / 229 points
I20261002 19:52:05.074734 20340 incremental_pipeline.cc:646] => Could not register, trying another image.
I20261002 19:52:05.074786 20340 incremental_pipeline.cc:620] Registering image #143 (num_reg_frames=11)
I20261002 19:52:05.074839 20340 incremental_pipeline.cc:623] => Image sees 50 / 133 points
I20261002 19:52:05.074900 20340 incremental_pipeline.cc:646] => Could not register, trying another image.
I20261002 19:52:05.074953 20340 incremental_pipeline.cc:620] Registering image #148 (num_reg_frames=11)
I20261002 19:52:05.075005 20340 incremental_pipeline.cc:623] => Image sees 44 / 113 points
I20261002 19:52:05.075066 20340 incremental_pipeline.cc:646] => Could not register, trying another image.
I20261002 19:52:05.075118 20340 incremental_pipeline.cc:620] Registering image #49 (num_reg_frames=11)
I20261002 19:52:05.075171 20340 incremental_pipeline.cc:623] => Image sees 45 / 210 points
I20261002 19:52:05.075246 20340 incremental_pipeline.cc:646] => Could not register, trying another image.
I20261002 19:52:05.075299 20340 incremental_pipeline.cc:620] Registering image #145 (num_reg_frames=11)
I20261002 19:52:05.075352 20340 incremental_pipeline.cc:623] => Image sees 40 / 116 points
I20261002 19:52:05.075414 20340 incremental_pipeline.cc:646] => Could not register, trying another image.
I20261002 19:52:05.075469 20340 incremental_pipeline.cc:620] Registering image #141 (num_reg_frames=11)
I20261002 19:52:05.075521 20340 incremental_pipeline.cc:623] => Image sees 42 / 141 points
I20261002 19:52:05.075581 20340 incremental_pipeline.cc:646] => Could not register, trying another image.
I20261002 19:52:05.075632 20340 incremental_pipeline.cc:620] Registering image #146 (num_reg_frames=11)
I20261002 19:52:05.075684 20340 incremental_pipeline.cc:623] => Image sees 38 / 111 points
I20261002 19:52:05.075743 20340 incremental_pipeline.cc:646] => Could not register, trying another image.
I20261002 19:52:05.075805 20340 incremental_pipeline.cc:620] Registering image #121 (num_reg_frames=11)
I20261002 19:52:05.075861 20340 incremental_pipeline.cc:623] => Image sees 75 / 182 points
I20261002 19:52:05.075913 20340 incremental_pipeline.cc:629] Registering image with structure-less fallback
I20261002 19:52:05.075965 20340 incremental_pipeline.cc:631] => Image sees 1182 / 5092 correspondences
I20261002 19:52:05.076052 20340 incremental_pipeline.cc:646] => Could not register, trying another image.
I20261002 19:52:05.076106 20340 incremental_pipeline.cc:620] Registering image #110 (num_reg_frames=11)
I20261002 19:52:05.076158 20340 incremental_pipeline.cc:623] => Image sees 68 / 146 points
I20261002 19:52:05.076210 20340 incremental_pipeline.cc:629] Registering image with structure-less fallback
I20261002 19:52:05.076267 20340 incremental_pipeline.cc:631] => Image sees 738 / 4159 correspondences
I20261002 19:52:05.076345 20340 incremental_pipeline.cc:646] => Could not register, trying another image.
I20261002 19:52:05.076398 20340 incremental_pipeline.cc:620] Registering image #138 (num_reg_frames=11)
I20261002 19:52:05.076450 20340 incremental_pipeline.cc:623] => Image sees 58 / 140 points
I20261002 19:52:05.076502 20340 incremental_pipeline.cc:629] Registering image with structure-less fallback
I20261002 19:52:05.076553 20340 incremental_pipeline.cc:631] => Image sees 638 / 2645 correspondences
I20261002 19:52:05.076625 20340 incremental_pipeline.cc:646] => Could not register, trying another image.
I20261002 19:52:05.076690 20340 incremental_pipeline.cc:620] Registering image #123 (num_reg_frames=11)
I20261002 19:52:05.076743 20340 incremental_pipeline.cc:623] => Image sees 73 / 182 points
I20261002 19:52:05.076795 20340 incremental_pipeline.cc:629] Registering image with structure-less fallback
I20261002 19:52:05.076847 20340 incremental_pipeline.cc:631] => Image sees 589 / 1691 correspondences
I20261002 19:52:05.076919 20340 incremental_pipeline.cc:646] => Could not register, trying another image.
I20261002 19:52:05.076971 20340 incremental_pipeline.cc:620] Registering image #117 (num_reg_frames=11)
I20261002 19:52:05.077023 20340 incremental_pipeline.cc:623] => Image sees 80 / 153 points
I20261002 19:52:05.077075 20340 incremental_pipeline.cc:629] Registering image with structure-less fallback
I20261002 19:52:05.077127 20340 incremental_pipeline.cc:631] => Image sees 532 / 1378 correspondences
I20261002 19:52:05.077192 20340 incremental_pipeline.cc:646] => Could not register, trying another image.
I20261002 19:52:05.077248 20340 incremental_pipeline.cc:620] Registering image #100 (num_reg_frames=11)
I20261002 19:52:05.077301 20340 incremental_pipeline.cc:623] => Image sees 76 / 201 points
I20261002 19:52:05.077353 20340 incremental_pipeline.cc:629] Registering image with structure-less fallback
I20261002 19:52:05.077405 20340 incremental_pipeline.cc:631] => Image sees 515 / 6464 correspondences
I20261002 19:52:05.077490 20340 incremental_pipeline.cc:646] => Could not register, trying another image.
I20261002 19:52:05.077542 20340 incremental_pipeline.cc:620] Registering image #129 (num_reg_frames=11)
I20261002 19:52:05.077595 20340 incremental_pipeline.cc:623] => Image sees 76 / 183 points
I20261002 19:52:05.077646 20340 incremental_pipeline.cc:629] Registering image with structure-less fallback
I20261002 19:52:05.077697 20340 incremental_pipeline.cc:631] => Image sees 464 / 1670 correspondences
I20261002 19:52:05.077765 20340 incremental_pipeline.cc:646] => Could not register, trying another image.
I20261002 19:52:05.077817 20340 incremental_pipeline.cc:620] Registering image #131 (num_reg_frames=11)
I20261002 19:52:05.077869 20340 incremental_pipeline.cc:623] => Image sees 88 / 200 points
I20261002 19:52:05.077920 20340 incremental_pipeline.cc:629] Registering image with structure-less fallback
I20261002 19:52:05.077972 20340 incremental_pipeline.cc:631] => Image sees 407 / 1553 correspondences
I20261002 19:52:05.078039 20340 incremental_pipeline.cc:646] => Could not register, trying another image.
I20261002 19:52:05.078091 20340 incremental_pipeline.cc:620] Registering image #127 (num_reg_frames=11)
I20261002 19:52:05.078143 20340 incremental_pipeline.cc:623] => Image sees 84 / 177 points
I20261002 19:52:05.078194 20340 incremental_pipeline.cc:629] Registering image with structure-less fallback
I20261002 19:52:05.078248 20340 incremental_pipeline.cc:631] => Image sees 385 / 1712 correspondences
I20261002 19:52:05.078316 20340 incremental_pipeline.cc:646] => Could not register, trying another image.
I20261002 19:52:05.078368 20340 incremental_pipeline.cc:620] Registering image #124 (num_reg_frames=11)
I20261002 19:52:05.078422 20340 incremental_pipeline.cc:623] => Image sees 83 / 173 points
I20261002 19:52:05.078474 20340 incremental_pipeline.cc:629] Registering image with structure-less fallback
I20261002 19:52:05.078526 20340 incremental_pipeline.cc:631] => Image sees 352 / 1479 correspondences
I20261002 19:52:05.078592 20340 incremental_pipeline.cc:646] => Could not register, trying another image.
I20261002 19:52:05.078769 20340 incremental_pipeline.cc:620] Registering image #128 (num_reg_frames=11)
I20261002 19:52:05.078871 20340 incremental_pipeline.cc:623] => Image sees 87 / 195 points
I20261002 19:52:05.078939 20340 incremental_pipeline.cc:629] Registering image with structure-less fallback
I20261002 19:52:05.079047 20340 incremental_pipeline.cc:631] => Image sees 327 / 1604 correspondences
I20261002 19:52:05.079128 20340 incremental_pipeline.cc:646] => Could not register, trying another image.
I20261002 19:52:05.079186 20340 incremental_pipeline.cc:620] Registering image #137 (num_reg_frames=11)
I20261002 19:52:05.079232 20340 incremental_pipeline.cc:623] => Image sees 76 / 145 points
I20261002 19:52:05.079277 20340 incremental_pipeline.cc:629] Registering image with structure-less fallback
I20261002 19:52:05.079322 20340 incremental_pipeline.cc:631] => Image sees 308 / 1299 correspondences
I20261002 19:52:05.079384 20340 incremental_pipeline.cc:646] => Could not register, trying another image.
I20261002 19:52:05.079430 20340 incremental_pipeline.cc:620] Registering image #114 (num_reg_frames=11)
I20261002 19:52:05.079476 20340 incremental_pipeline.cc:623] => Image sees 81 / 151 points
I20261002 19:52:05.079521 20340 incremental_pipeline.cc:629] Registering image with structure-less fallback
I20261002 19:52:05.079566 20340 incremental_pipeline.cc:631] => Image sees 298 / 1419 correspondences
I20261002 19:52:05.079624 20340 incremental_pipeline.cc:646] => Could not register, trying another image.
I20261002 19:52:05.079669 20340 incremental_pipeline.cc:620] Registering image #99 (num_reg_frames=11)
I20261002 19:52:05.079713 20340 incremental_pipeline.cc:623] => Image sees 68 / 194 points
I20261002 19:52:05.079759 20340 incremental_pipeline.cc:629] Registering image with structure-less fallback
I20261002 19:52:05.079803 20340 incremental_pipeline.cc:631] => Image sees 289 / 2442 correspondences
I20261002 19:52:05.079864 20340 incremental_pipeline.cc:646] => Could not register, trying another image.
I20261002 19:52:05.079909 20340 incremental_pipeline.cc:620] Registering image #113 (num_reg_frames=11)
I20261002 19:52:05.079953 20340 incremental_pipeline.cc:623] => Image sees 70 / 143 points
I20261002 19:52:05.079998 20340 incremental_pipeline.cc:629] Registering image with structure-less fallback
I20261002 19:52:05.080042 20340 incremental_pipeline.cc:631] => Image sees 288 / 1242 correspondences
I20261002 19:52:05.080099 20340 incremental_pipeline.cc:646] => Could not register, trying another image.
I20261002 19:52:05.080143 20340 incremental_pipeline.cc:620] Registering image #105 (num_reg_frames=11)
I20261002 19:52:05.080188 20340 incremental_pipeline.cc:623] => Image sees 66 / 161 points
I20261002 19:52:05.080232 20340 incremental_pipeline.cc:629] Registering image with structure-less fallback
I20261002 19:52:05.080277 20340 incremental_pipeline.cc:631] => Image sees 271 / 1730 correspondences
I20261002 19:52:05.080335 20340 incremental_pipeline.cc:646] => Could not register, trying another image.
I20261002 19:52:05.080380 20340 incremental_pipeline.cc:620] Registering image #111 (num_reg_frames=11)
I20261002 19:52:05.080424 20340 incremental_pipeline.cc:623] => Image sees 68 / 147 points
I20261002 19:52:05.080469 20340 incremental_pipeline.cc:629] Registering image with structure-less fallback
I20261002 19:52:05.080514 20340 incremental_pipeline.cc:631] => Image sees 255 / 1453 correspondences
I20261002 19:52:05.080570 20340 incremental_pipeline.cc:646] => Could not register, trying another image.
I20261002 19:52:05.080614 20340 incremental_pipeline.cc:620] Registering image #126 (num_reg_frames=11)
I20261002 19:52:05.080659 20340 incremental_pipeline.cc:623] => Image sees 79 / 177 points
I20261002 19:52:05.080704 20340 incremental_pipeline.cc:629] Registering image with structure-less fallback
I20261002 19:52:05.080748 20340 incremental_pipeline.cc:631] => Image sees 247 / 1502 correspondences
I20261002 19:52:05.080806 20340 incremental_pipeline.cc:646] => Could not register, trying another image.
I20261002 19:52:05.080851 20340 incremental_pipeline.cc:620] Registering image #90 (num_reg_frames=11)
I20261002 19:52:05.080896 20340 incremental_pipeline.cc:623] => Image sees 69 / 203 points
I20261002 19:52:05.080940 20340 incremental_pipeline.cc:629] Registering image with structure-less fallback
I20261002 19:52:05.080983 20340 incremental_pipeline.cc:631] => Image sees 208 / 2322 correspondences
I20261002 19:52:05.081043 20340 incremental_pipeline.cc:646] => Could not register, trying another image.
I20261002 19:52:05.081097 20340 incremental_pipeline.cc:620] Registering image #103 (num_reg_frames=11)
I20261002 19:52:05.081142 20340 incremental_pipeline.cc:623] => Image sees 68 / 176 points
I20261002 19:52:05.081187 20340 incremental_pipeline.cc:629] Registering image with structure-less fallback
I20261002 19:52:05.081235 20340 incremental_pipeline.cc:631] => Image sees 205 / 1664 correspondences
I20261002 19:52:05.081293 20340 incremental_pipeline.cc:646] => Could not register, trying another image.
I20261002 19:52:05.081338 20340 incremental_pipeline.cc:620] Registering image #93 (num_reg_frames=11)
I20261002 19:52:05.081383 20340 incremental_pipeline.cc:623] => Image sees 65 / 210 points
I20261002 19:52:05.081427 20340 incremental_pipeline.cc:629] Registering image with structure-less fallback
I20261002 19:52:05.081471 20340 incremental_pipeline.cc:631] => Image sees 202 / 8093 correspondences
I20261002 19:52:05.081551 20340 incremental_pipeline.cc:646] => Could not register, trying another image.
I20261002 19:52:05.081596 20340 incremental_pipeline.cc:620] Registering image #101 (num_reg_frames=11)
I20261002 19:52:05.081642 20340 incremental_pipeline.cc:623] => Image sees 70 / 172 points
I20261002 19:52:05.081687 20340 incremental_pipeline.cc:629] Registering image with structure-less fallback
I20261002 19:52:05.081731 20340 incremental_pipeline.cc:631] => Image sees 201 / 1835 correspondences
I20261002 19:52:05.081789 20340 incremental_pipeline.cc:646] => Could not register, trying another image.
I20261002 19:52:05.081834 20340 incremental_pipeline.cc:620] Registering image #106 (num_reg_frames=11)
I20261002 19:52:05.081878 20340 incremental_pipeline.cc:623] => Image sees 65 / 164 points
I20261002 19:52:05.081922 20340 incremental_pipeline.cc:629] Registering image with structure-less fallback
I20261002 19:52:05.081966 20340 incremental_pipeline.cc:631] => Image sees 199 / 1740 correspondences
I20261002 19:52:05.082023 20340 incremental_pipeline.cc:646] => Could not register, trying another image.
I20261002 19:52:05.082068 20340 incremental_pipeline.cc:620] Registering image #98 (num_reg_frames=11)
I20261002 19:52:05.082113 20340 incremental_pipeline.cc:623] => Image sees 70 / 202 points
I20261002 19:52:05.082157 20340 incremental_pipeline.cc:629] Registering image with structure-less fallback
I20261002 19:52:05.082200 20340 incremental_pipeline.cc:631] => Image sees 197 / 1825 correspondences
I20261002 19:52:05.082258 20340 incremental_pipeline.cc:646] => Could not register, trying another image.
I20261002 19:52:05.082302 20340 incremental_pipeline.cc:620] Registering image #142 (num_reg_frames=11)
I20261002 19:52:05.082347 20340 incremental_pipeline.cc:623] => Image sees 57 / 150 points
I20261002 19:52:05.082391 20340 incremental_pipeline.cc:629] Registering image with structure-less fallback
I20261002 19:52:05.082435 20340 incremental_pipeline.cc:631] => Image sees 195 / 1018 correspondences
I20261002 19:52:05.082492 20340 incremental_pipeline.cc:646] => Could not register, trying another image.
I20261002 19:52:05.082537 20340 incremental_pipeline.cc:620] Registering image #102 (num_reg_frames=11)
I20261002 19:52:05.082582 20340 incremental_pipeline.cc:623] => Image sees 67 / 190 points
I20261002 19:52:05.082626 20340 incremental_pipeline.cc:629] Registering image with structure-less fallback
I20261002 19:52:05.082671 20340 incremental_pipeline.cc:631] => Image sees 187 / 2082 correspondences
I20261002 19:52:05.082729 20340 incremental_pipeline.cc:646] => Could not register, trying another image.
I20261002 19:52:05.082776 20340 incremental_pipeline.cc:620] Registering image #58 (num_reg_frames=11)
I20261002 19:52:05.082820 20340 incremental_pipeline.cc:623] => Image sees 60 / 224 points
I20261002 19:52:05.082865 20340 incremental_pipeline.cc:629] Registering image with structure-less fallback
I20261002 19:52:05.082910 20340 incremental_pipeline.cc:631] => Image sees 187 / 3466 correspondences
I20261002 19:52:05.082976 20340 incremental_pipeline.cc:646] => Could not register, trying another image.
I20261002 19:52:05.083021 20340 incremental_pipeline.cc:620] Registering image #139 (num_reg_frames=11)
I20261002 19:52:05.083073 20340 incremental_pipeline.cc:623] => Image sees 59 / 139 points
I20261002 19:52:05.083118 20340 incremental_pipeline.cc:629] Registering image with structure-less fallback
I20261002 19:52:05.083165 20340 incremental_pipeline.cc:631] => Image sees 179 / 811 correspondences
I20261002 19:52:05.083219 20340 incremental_pipeline.cc:646] => Could not register, trying another image.
I20261002 19:52:05.083264 20340 incremental_pipeline.cc:620] Registering image #53 (num_reg_frames=11)
I20261002 19:52:05.083308 20340 incremental_pipeline.cc:623] => Image sees 59 / 216 points
I20261002 19:52:05.083353 20340 incremental_pipeline.cc:629] Registering image with structure-less fallback
I20261002 19:52:05.083397 20340 incremental_pipeline.cc:631] => Image sees 172 / 3119 correspondences
I20261002 19:52:05.083459 20340 incremental_pipeline.cc:646] => Could not register, trying another image.
I20261002 19:52:05.083503 20340 incremental_pipeline.cc:620] Registering image #145 (num_reg_frames=11)
I20261002 19:52:05.083547 20340 incremental_pipeline.cc:623] => Image sees 40 / 116 points
I20261002 19:52:05.083592 20340 incremental_pipeline.cc:629] Registering image with structure-less fallback
I20261002 19:52:05.083636 20340 incremental_pipeline.cc:631] => Image sees 167 / 518 correspondences
I20261002 19:52:05.083688 20340 incremental_pipeline.cc:646] => Could not register, trying another image.
I20261002 19:52:05.083732 20340 incremental_pipeline.cc:620] Registering image #134 (num_reg_frames=11)
I20261002 19:52:05.083803 20340 incremental_pipeline.cc:623] => Image sees 67 / 165 points
I20261002 19:52:05.083867 20340 incremental_pipeline.cc:629] Registering image with structure-less fallback
I20261002 19:52:05.083912 20340 incremental_pipeline.cc:631] => Image sees 164 / 1224 correspondences
I20261002 19:52:05.083969 20340 incremental_pipeline.cc:646] => Could not register, trying another image.
I20261002 19:52:05.084013 20340 incremental_pipeline.cc:620] Registering image #133 (num_reg_frames=11)
I20261002 19:52:05.084058 20340 incremental_pipeline.cc:623] => Image sees 66 / 162 points
I20261002 19:52:05.084103 20340 incremental_pipeline.cc:629] Registering image with structure-less fallback
I20261002 19:52:05.084148 20340 incremental_pipeline.cc:631] => Image sees 162 / 1289 correspondences
I20261002 19:52:05.084205 20340 incremental_pipeline.cc:646] => Could not register, trying another image.
I20261002 19:52:05.084250 20340 incremental_pipeline.cc:620] Registering image #108 (num_reg_frames=11)
I20261002 19:52:05.084294 20340 incremental_pipeline.cc:623] => Image sees 62 / 138 points
I20261002 19:52:05.084339 20340 incremental_pipeline.cc:629] Registering image with structure-less fallback
I20261002 19:52:05.084383 20340 incremental_pipeline.cc:631] => Image sees 159 / 1362 correspondences
I20261002 19:52:05.084441 20340 incremental_pipeline.cc:646] => Could not register, trying another image.
I20261002 19:52:05.084485 20340 incremental_pipeline.cc:620] Registering image #148 (num_reg_frames=11)
I20261002 19:52:05.084530 20340 incremental_pipeline.cc:623] => Image sees 44 / 113 points
I20261002 19:52:05.084575 20340 incremental_pipeline.cc:629] Registering image with structure-less fallback
I20261002 19:52:05.084618 20340 incremental_pipeline.cc:631] => Image sees 136 / 407 correspondences
I20261002 19:52:05.084671 20340 incremental_pipeline.cc:646] => Could not register, trying another image.
I20261002 19:52:05.084715 20340 incremental_pipeline.cc:620] Registering image #136 (num_reg_frames=11)
I20261002 19:52:05.084783 20340 incremental_pipeline.cc:623] => Image sees 80 / 196 points
I20261002 19:52:05.084879 20340 incremental_pipeline.cc:629] Registering image with structure-less fallback
I20261002 19:52:05.084969 20340 incremental_pipeline.cc:631] => Image sees 136 / 1323 correspondences
I20261002 19:52:05.085109 20340 incremental_pipeline.cc:646] => Could not register, trying another image.
I20261002 19:52:05.085241 20340 incremental_pipeline.cc:620] Registering image #143 (num_reg_frames=11)
I20261002 19:52:05.085345 20340 incremental_pipeline.cc:623] => Image sees 50 / 133 points
I20261002 19:52:05.085399 20340 incremental_pipeline.cc:629] Registering image with structure-less fallback
I20261002 19:52:05.085450 20340 incremental_pipeline.cc:631] => Image sees 111 / 719 correspondences
I20261002 19:52:05.085506 20340 incremental_pipeline.cc:646] => Could not register, trying another image.
I20261002 19:52:05.085553 20340 incremental_pipeline.cc:620] Registering image #89 (num_reg_frames=11)
I20261002 19:52:05.085600 20340 incremental_pipeline.cc:623] => Image sees 56 / 206 points
I20261002 19:52:05.085645 20340 incremental_pipeline.cc:629] Registering image with structure-less fallback
I20261002 19:52:05.085692 20340 incremental_pipeline.cc:631] => Image sees 109 / 2612 correspondences
I20261002 19:52:05.085753 20340 incremental_pipeline.cc:646] => Could not register, trying another image.
I20261002 19:52:05.085799 20340 incremental_pipeline.cc:620] Registering image #56 (num_reg_frames=11)
I20261002 19:52:05.085845 20340 incremental_pipeline.cc:623] => Image sees 51 / 221 points
I20261002 19:52:05.085891 20340 incremental_pipeline.cc:629] Registering image with structure-less fallback
I20261002 19:52:05.085936 20340 incremental_pipeline.cc:631] => Image sees 105 / 3416 correspondences
I20261002 19:52:05.086001 20340 incremental_pipeline.cc:646] => Could not register, trying another image.
I20261002 19:52:05.086045 20340 incremental_pipeline.cc:620] Registering image #94 (num_reg_frames=11)
I20261002 19:52:05.086090 20340 incremental_pipeline.cc:623] => Image sees 63 / 201 points
I20261002 19:52:05.086134 20340 incremental_pipeline.cc:629] Registering image with structure-less fallback
I20261002 19:52:05.086178 20340 incremental_pipeline.cc:631] => Image sees 104 / 2391 correspondences
I20261002 19:52:05.086237 20340 incremental_pipeline.cc:646] => Could not register, trying another image.
I20261002 19:52:05.086282 20340 incremental_pipeline.cc:620] Registering image #104 (num_reg_frames=11)
I20261002 19:52:05.086329 20340 incremental_pipeline.cc:623] => Image sees 61 / 171 points
I20261002 19:52:05.086373 20340 incremental_pipeline.cc:629] Registering image with structure-less fallback
I20261002 19:52:05.086419 20340 incremental_pipeline.cc:631] => Image sees 95 / 1569 correspondences
I20261002 19:52:05.086476 20340 incremental_pipeline.cc:646] => Could not register, trying another image.
I20261002 19:52:05.086522 20340 incremental_pipeline.cc:620] Registering image #107 (num_reg_frames=11)
I20261002 19:52:05.086568 20340 incremental_pipeline.cc:623] => Image sees 65 / 146 points
I20261002 19:52:05.086613 20340 incremental_pipeline.cc:629] Registering image with structure-less fallback
I20261002 19:52:05.086658 20340 incremental_pipeline.cc:631] => Image sees 94 / 1554 correspondences
I20261002 19:52:05.086715 20340 incremental_pipeline.cc:646] => Could not register, trying another image.
I20261002 19:52:05.086759 20340 incremental_pipeline.cc:620] Registering image #85 (num_reg_frames=11)
I20261002 19:52:05.086806 20340 incremental_pipeline.cc:623] => Image sees 56 / 197 points
I20261002 19:52:05.086851 20340 incremental_pipeline.cc:629] Registering image with structure-less fallback
I20261002 19:52:05.086897 20340 incremental_pipeline.cc:631] => Image sees 93 / 2291 correspondences
I20261002 19:52:05.086957 20340 incremental_pipeline.cc:646] => Could not register, trying another image.
I20261002 19:52:05.087002 20340 incremental_pipeline.cc:620] Registering image #87 (num_reg_frames=11)
I20261002 19:52:05.087046 20340 incremental_pipeline.cc:623] => Image sees 59 / 197 points
I20261002 19:52:05.087092 20340 incremental_pipeline.cc:629] Registering image with structure-less fallback
I20261002 19:52:05.087138 20340 incremental_pipeline.cc:631] => Image sees 93 / 2383 correspondences
I20261002 19:52:05.087198 20340 incremental_pipeline.cc:646] => Could not register, trying another image.
I20261002 19:52:05.087244 20340 incremental_pipeline.cc:620] Registering image #44 (num_reg_frames=11)
I20261002 19:52:05.087301 20340 incremental_pipeline.cc:623] => Image sees 53 / 212 points
I20261002 19:52:05.087346 20340 incremental_pipeline.cc:629] Registering image with structure-less fallback
I20261002 19:52:05.087395 20340 incremental_pipeline.cc:631] => Image sees 93 / 3890 correspondences
I20261002 19:52:05.087462 20340 incremental_pipeline.cc:646] => Could not register, trying another image.
I20261002 19:52:05.087508 20340 incremental_pipeline.cc:620] Registering image #41 (num_reg_frames=11)
I20261002 19:52:05.087554 20340 incremental_pipeline.cc:623] => Image sees 54 / 237 points
I20261002 19:52:05.087602 20340 incremental_pipeline.cc:629] Registering image with structure-less fallback
I20261002 19:52:05.087646 20340 incremental_pipeline.cc:631] => Image sees 93 / 3386 correspondences
I20261002 19:52:05.087711 20340 incremental_pipeline.cc:646] => Could not register, trying another image.
I20261002 19:52:05.087756 20340 incremental_pipeline.cc:620] Registering image #66 (num_reg_frames=11)
I20261002 19:52:05.087801 20340 incremental_pipeline.cc:623] => Image sees 57 / 222 points
I20261002 19:52:05.087849 20340 incremental_pipeline.cc:629] Registering image with structure-less fallback
I20261002 19:52:05.087894 20340 incremental_pipeline.cc:631] => Image sees 91 / 3011 correspondences
I20261002 19:52:05.087956 20340 incremental_pipeline.cc:646] => Could not register, trying another image.
I20261002 19:52:05.088001 20340 incremental_pipeline.cc:620] Registering image #36 (num_reg_frames=11)
I20261002 19:52:05.088046 20340 incremental_pipeline.cc:623] => Image sees 52 / 224 points
I20261002 19:52:05.088092 20340 incremental_pipeline.cc:629] Registering image with structure-less fallback
I20261002 19:52:05.088137 20340 incremental_pipeline.cc:631] => Image sees 91 / 3343 correspondences
I20261002 19:52:05.088200 20340 incremental_pipeline.cc:646] => Could not register, trying another image.
I20261002 19:52:05.088246 20340 incremental_pipeline.cc:620] Registering image #83 (num_reg_frames=11)
I20261002 19:52:05.088292 20340 incremental_pipeline.cc:623] => Image sees 65 / 220 points
I20261002 19:52:05.088336 20340 incremental_pipeline.cc:629] Registering image with structure-less fallback
I20261002 19:52:05.088382 20340 incremental_pipeline.cc:631] => Image sees 91 / 2184 correspondences
I20261002 19:52:05.088440 20340 incremental_pipeline.cc:646] => Could not register, trying another image.
I20261002 19:52:05.088486 20340 incremental_pipeline.cc:620] Registering image #60 (num_reg_frames=11)
I20261002 19:52:05.088531 20340 incremental_pipeline.cc:623] => Image sees 54 / 209 points
I20261002 19:52:05.088577 20340 incremental_pipeline.cc:629] Registering image with structure-less fallback
I20261002 19:52:05.088622 20340 incremental_pipeline.cc:631] => Image sees 89 / 3615 correspondences
I20261002 19:52:05.088686 20340 incremental_pipeline.cc:646] => Could not register, trying another image.
I20261002 19:52:05.088730 20340 incremental_pipeline.cc:620] Registering image #43 (num_reg_frames=11)
I20261002 19:52:05.088777 20340 incremental_pipeline.cc:623] => Image sees 51 / 208 points
I20261002 19:52:05.088822 20340 incremental_pipeline.cc:629] Registering image with structure-less fallback
I20261002 19:52:05.088868 20340 incremental_pipeline.cc:631] => Image sees 88 / 2888 correspondences
I20261002 19:52:05.088929 20340 incremental_pipeline.cc:646] => Could not register, trying another image.
I20261002 19:52:05.088974 20340 incremental_pipeline.cc:620] Registering image #61 (num_reg_frames=11)
I20261002 19:52:05.089018 20340 incremental_pipeline.cc:623] => Image sees 53 / 211 points
I20261002 19:52:05.089063 20340 incremental_pipeline.cc:629] Registering image with structure-less fallback
I20261002 19:52:05.089109 20340 incremental_pipeline.cc:631] => Image sees 87 / 3363 correspondences
I20261002 19:52:05.089172 20340 incremental_pipeline.cc:646] => Could not register, trying another image.
I20261002 19:52:05.089217 20340 incremental_pipeline.cc:620] Registering image #65 (num_reg_frames=11)
I20261002 19:52:05.089271 20340 incremental_pipeline.cc:623] => Image sees 47 / 201 points
I20261002 19:52:05.089315 20340 incremental_pipeline.cc:629] Registering image with structure-less fallback
I20261002 19:52:05.089361 20340 incremental_pipeline.cc:631] => Image sees 87 / 3488 correspondences
I20261002 19:52:05.089426 20340 incremental_pipeline.cc:646] => Could not register, trying another image.
I20261002 19:52:05.089471 20340 incremental_pipeline.cc:620] Registering image #59 (num_reg_frames=11)
I20261002 19:52:05.089516 20340 incremental_pipeline.cc:623] => Image sees 46 / 205 points
I20261002 19:52:05.089562 20340 incremental_pipeline.cc:629] Registering image with structure-less fallback
I20261002 19:52:05.089606 20340 incremental_pipeline.cc:631] => Image sees 86 / 3196 correspondences
I20261002 19:52:05.089670 20340 incremental_pipeline.cc:646] => Could not register, trying another image.
I20261002 19:52:05.089716 20340 incremental_pipeline.cc:620] Registering image #86 (num_reg_frames=11)
I20261002 19:52:05.089760 20340 incremental_pipeline.cc:623] => Image sees 60 / 198 points
I20261002 19:52:05.089805 20340 incremental_pipeline.cc:629] Registering image with structure-less fallback
I20261002 19:52:05.089852 20340 incremental_pipeline.cc:631] => Image sees 84 / 2507 correspondences
I20261002 19:52:05.089912 20340 incremental_pipeline.cc:646] => Could not register, trying another image.
I20261002 19:52:05.089956 20340 incremental_pipeline.cc:620] Registering image #54 (num_reg_frames=11)
I20261002 19:52:05.090002 20340 incremental_pipeline.cc:623] => Image sees 49 / 212 points
I20261002 19:52:05.090048 20340 incremental_pipeline.cc:629] Registering image with structure-less fallback
I20261002 19:52:05.090092 20340 incremental_pipeline.cc:631] => Image sees 84 / 3478 correspondences
I20261002 19:52:05.090154 20340 incremental_pipeline.cc:646] => Could not register, trying another image.
I20261002 19:52:05.090200 20340 incremental_pipeline.cc:620] Registering image #57 (num_reg_frames=11)
I20261002 19:52:05.090245 20340 incremental_pipeline.cc:623] => Image sees 45 / 229 points
I20261002 19:52:05.090291 20340 incremental_pipeline.cc:629] Registering image with structure-less fallback
I20261002 19:52:05.090336 20340 incremental_pipeline.cc:631] => Image sees 83 / 3166 correspondences
I20261002 19:52:05.090398 20340 incremental_pipeline.cc:646] => Could not register, trying another image.
I20261002 19:52:05.090443 20340 incremental_pipeline.cc:620] Registering image #135 (num_reg_frames=11)
I20261002 19:52:05.090489 20340 incremental_pipeline.cc:623] => Image sees 60 / 158 points
I20261002 19:52:05.090534 20340 incremental_pipeline.cc:629] Registering image with structure-less fallback
I20261002 19:52:05.090579 20340 incremental_pipeline.cc:631] => Image sees 79 / 1095 correspondences
I20261002 19:52:05.090634 20340 incremental_pipeline.cc:646] => Could not register, trying another image.
I20261002 19:52:05.090679 20340 incremental_pipeline.cc:620] Registering image #5 (num_reg_frames=11)
I20261002 19:52:05.090725 20340 incremental_pipeline.cc:623] => Image sees 52 / 198 points
I20261002 19:52:05.090772 20340 incremental_pipeline.cc:629] Registering image with structure-less fallback
I20261002 19:52:05.090816 20340 incremental_pipeline.cc:631] => Image sees 76 / 1402 correspondences
I20261002 19:52:05.090885 20340 incremental_pipeline.cc:646] => Could not register, trying another image.
I20261002 19:52:05.090941 20340 incremental_pipeline.cc:620] Registering image #1 (num_reg_frames=11)
I20261002 19:52:05.091023 20340 incremental_pipeline.cc:623] => Image sees 53 / 185 points
I20261002 19:52:05.091161 20340 incremental_pipeline.cc:629] Registering image with structure-less fallback
I20261002 19:52:05.091235 20340 incremental_pipeline.cc:631] => Image sees 76 / 1170 correspondences
I20261002 19:52:05.091324 20340 incremental_pipeline.cc:646] => Could not register, trying another image.
I20261002 19:52:05.091396 20340 incremental_pipeline.cc:620] Registering image #52 (num_reg_frames=11)
I20261002 19:52:05.091518 20340 incremental_pipeline.cc:623] => Image sees 56 / 220 points
I20261002 19:52:05.091612 20340 incremental_pipeline.cc:629] Registering image with structure-less fallback
I20261002 19:52:05.091665 20340 incremental_pipeline.cc:631] => Image sees 73 / 9215 correspondences
I20261002 19:52:05.091762 20340 incremental_pipeline.cc:646] => Could not register, trying another image.
I20261002 19:52:05.091844 20340 incremental_pipeline.cc:620] Registering image #82 (num_reg_frames=11)
I20261002 19:52:05.091925 20340 incremental_pipeline.cc:623] => Image sees 50 / 205 points
I20261002 19:52:05.092029 20340 incremental_pipeline.cc:629] Registering image with structure-less fallback
I20261002 19:52:05.092097 20340 incremental_pipeline.cc:631] => Image sees 73 / 2448 correspondences
I20261002 19:52:05.092170 20340 incremental_pipeline.cc:646] => Could not register, trying another image.
I20261002 19:52:05.092225 20340 incremental_pipeline.cc:620] Registering image #49 (num_reg_frames=11)
I20261002 19:52:05.092280 20340 incremental_pipeline.cc:623] => Image sees 45 / 210 points
I20261002 19:52:05.092335 20340 incremental_pipeline.cc:629] Registering image with structure-less fallback
I20261002 19:52:05.092388 20340 incremental_pipeline.cc:631] => Image sees 67 / 3368 correspondences
I20261002 19:52:05.092460 20340 incremental_pipeline.cc:646] => Could not register, trying another image.
I20261002 19:52:05.092513 20340 incremental_pipeline.cc:620] Registering image #140 (num_reg_frames=11)
I20261002 19:52:05.092567 20340 incremental_pipeline.cc:623] => Image sees 55 / 157 points
I20261002 19:52:05.092621 20340 incremental_pipeline.cc:629] Registering image with structure-less fallback
I20261002 19:52:05.092673 20340 incremental_pipeline.cc:631] => Image sees 67 / 974 correspondences
I20261002 19:52:05.092736 20340 incremental_pipeline.cc:646] => Could not register, trying another image.
I20261002 19:52:05.092790 20340 incremental_pipeline.cc:620] Registering image #146 (num_reg_frames=11)
I20261002 19:52:05.092843 20340 incremental_pipeline.cc:623] => Image sees 38 / 111 points
I20261002 19:52:05.092896 20340 incremental_pipeline.cc:629] Registering image with structure-less fallback
I20261002 19:52:05.092978 20340 incremental_pipeline.cc:631] => Image sees 54 / 533 correspondences
I20261002 19:52:05.093036 20340 incremental_pipeline.cc:646] => Could not register, trying another image.
I20261002 19:52:05.093089 20340 incremental_pipeline.cc:620] Registering image #141 (num_reg_frames=11)
I20261002 19:52:05.093143 20340 incremental_pipeline.cc:623] => Image sees 42 / 141 points
I20261002 19:52:05.093196 20340 incremental_pipeline.cc:629] Registering image with structure-less fallback
I20261002 19:52:05.093250 20340 incremental_pipeline.cc:631] => Image sees 49 / 744 correspondences
I20261002 19:52:05.093303 20340 incremental_pipeline.cc:646] => Could not register, trying another image.
I20261002 19:52:05.093357 20340 incremental_pipeline.cc:88] Retriangulation and Global bundle adjustment
I20261002 19:52:05.095778 20340 incremental_pipeline.cc:620] Registering image #128 (num_reg_frames=11)
I20261002 19:52:05.095883 20340 incremental_pipeline.cc:623] => Image sees 87 / 195 points
I20261002 19:52:05.095966 20340 incremental_pipeline.cc:646] => Could not register, trying another image.
I20261002 19:52:05.096024 20340 incremental_pipeline.cc:620] Registering image #127 (num_reg_frames=11)
I20261002 19:52:05.096080 20340 incremental_pipeline.cc:623] => Image sees 84 / 177 points
I20261002 19:52:05.096152 20340 incremental_pipeline.cc:646] => Could not register, trying another image.
I20261002 19:52:05.096207 20340 incremental_pipeline.cc:620] Registering image #131 (num_reg_frames=11)
I20261002 19:52:05.096261 20340 incremental_pipeline.cc:623] => Image sees 88 / 200 points
I20261002 19:52:05.096332 20340 incremental_pipeline.cc:646] => Could not register, trying another image.
I20261002 19:52:05.096386 20340 incremental_pipeline.cc:620] Registering image #124 (num_reg_frames=11)
I20261002 19:52:05.096440 20340 incremental_pipeline.cc:623] => Image sees 83 / 173 points
I20261002 19:52:05.096547 20340 incremental_pipeline.cc:646] => Could not register, trying another image.
I20261002 19:52:05.096602 20340 incremental_pipeline.cc:620] Registering image #136 (num_reg_frames=11)
I20261002 19:52:05.096656 20340 incremental_pipeline.cc:623] => Image sees 80 / 196 points
I20261002 19:52:05.096723 20340 incremental_pipeline.cc:646] => Could not register, trying another image.
I20261002 19:52:05.096777 20340 incremental_pipeline.cc:620] Registering image #117 (num_reg_frames=11)
I20261002 19:52:05.096940 20340 incremental_pipeline.cc:623] => Image sees 80 / 153 points
I20261002 19:52:05.097060 20340 incremental_pipeline.cc:646] => Could not register, trying another image.
I20261002 19:52:05.097178 20340 incremental_pipeline.cc:620] Registering image #100 (num_reg_frames=11)
I20261002 19:52:05.097383 20340 incremental_pipeline.cc:623] => Image sees 76 / 201 points
I20261002 19:52:05.097532 20340 incremental_pipeline.cc:646] => Could not register, trying another image.
I20261002 19:52:05.097630 20340 incremental_pipeline.cc:620] Registering image #114 (num_reg_frames=11)
I20261002 19:52:05.097743 20340 incremental_pipeline.cc:623] => Image sees 81 / 151 points
I20261002 19:52:05.097878 20340 incremental_pipeline.cc:646] => Could not register, trying another image.
I20261002 19:52:05.097945 20340 incremental_pipeline.cc:620] Registering image #137 (num_reg_frames=11)
I20261002 19:52:05.098107 20340 incremental_pipeline.cc:623] => Image sees 76 / 145 points
I20261002 19:52:05.098204 20340 incremental_pipeline.cc:646] => Could not register, trying another image.
I20261002 19:52:05.098265 20340 incremental_pipeline.cc:620] Registering image #126 (num_reg_frames=11)
I20261002 19:52:05.098326 20340 incremental_pipeline.cc:623] => Image sees 79 / 177 points
I20261002 19:52:05.098396 20340 incremental_pipeline.cc:646] => Could not register, trying another image.
I20261002 19:52:05.098450 20340 incremental_pipeline.cc:620] Registering image #129 (num_reg_frames=11)
I20261002 19:52:05.098505 20340 incremental_pipeline.cc:623] => Image sees 76 / 183 points
I20261002 19:52:05.098578 20340 incremental_pipeline.cc:646] => Could not register, trying another image.
I20261002 19:52:05.098632 20340 incremental_pipeline.cc:620] Registering image #121 (num_reg_frames=11)
I20261002 19:52:05.098718 20340 incremental_pipeline.cc:623] => Image sees 75 / 182 points
I20261002 19:52:05.098821 20340 incremental_pipeline.cc:646] => Could not register, trying another image.
I20261002 19:52:05.098871 20340 incremental_pipeline.cc:620] Registering image #123 (num_reg_frames=11)
I20261002 19:52:05.098920 20340 incremental_pipeline.cc:623] => Image sees 73 / 182 points
I20261002 19:52:05.098985 20340 incremental_pipeline.cc:646] => Could not register, trying another image.
I20261002 19:52:05.099036 20340 incremental_pipeline.cc:620] Registering image #98 (num_reg_frames=11)
I20261002 19:52:05.099082 20340 incremental_pipeline.cc:623] => Image sees 70 / 202 points
I20261002 19:52:05.099142 20340 incremental_pipeline.cc:646] => Could not register, trying another image.
I20261002 19:52:05.099198 20340 incremental_pipeline.cc:620] Registering image #90 (num_reg_frames=11)
I20261002 19:52:05.099246 20340 incremental_pipeline.cc:623] => Image sees 69 / 203 points
I20261002 19:52:05.099309 20340 incremental_pipeline.cc:646] => Could not register, trying another image.
I20261002 19:52:05.099354 20340 incremental_pipeline.cc:620] Registering image #99 (num_reg_frames=11)
I20261002 19:52:05.099400 20340 incremental_pipeline.cc:623] => Image sees 68 / 194 points
I20261002 19:52:05.099464 20340 incremental_pipeline.cc:646] => Could not register, trying another image.
I20261002 19:52:05.099513 20340 incremental_pipeline.cc:620] Registering image #113 (num_reg_frames=11)
I20261002 19:52:05.099561 20340 incremental_pipeline.cc:623] => Image sees 70 / 143 points
I20261002 19:52:05.099622 20340 incremental_pipeline.cc:646] => Could not register, trying another image.
I20261002 19:52:05.099677 20340 incremental_pipeline.cc:620] Registering image #101 (num_reg_frames=11)
I20261002 19:52:05.099766 20340 incremental_pipeline.cc:623] => Image sees 70 / 172 points
I20261002 19:52:05.099830 20340 incremental_pipeline.cc:646] => Could not register, trying another image.
I20261002 19:52:05.099877 20340 incremental_pipeline.cc:620] Registering image #103 (num_reg_frames=11)
I20261002 19:52:05.099923 20340 incremental_pipeline.cc:623] => Image sees 68 / 176 points
I20261002 19:52:05.099987 20340 incremental_pipeline.cc:646] => Could not register, trying another image.
I20261002 19:52:05.100032 20340 incremental_pipeline.cc:620] Registering image #102 (num_reg_frames=11)
I20261002 19:52:05.100079 20340 incremental_pipeline.cc:623] => Image sees 67 / 190 points
I20261002 19:52:05.100149 20340 incremental_pipeline.cc:646] => Could not register, trying another image.
I20261002 19:52:05.100199 20340 incremental_pipeline.cc:620] Registering image #111 (num_reg_frames=11)
I20261002 19:52:05.100244 20340 incremental_pipeline.cc:623] => Image sees 68 / 147 points
I20261002 19:52:05.100314 20340 incremental_pipeline.cc:646] => Could not register, trying another image.
I20261002 19:52:05.100392 20340 incremental_pipeline.cc:620] Registering image #93 (num_reg_frames=11)
I20261002 19:52:05.100443 20340 incremental_pipeline.cc:623] => Image sees 65 / 210 points
I20261002 19:52:05.100527 20340 incremental_pipeline.cc:646] => Could not register, trying another image.
I20261002 19:52:05.100578 20340 incremental_pipeline.cc:620] Registering image #83 (num_reg_frames=11)
I20261002 19:52:05.100626 20340 incremental_pipeline.cc:623] => Image sees 65 / 220 points
I20261002 19:52:05.100689 20340 incremental_pipeline.cc:646] => Could not register, trying another image.
I20261002 19:52:05.100735 20340 incremental_pipeline.cc:620] Registering image #110 (num_reg_frames=11)
I20261002 19:52:05.100779 20340 incremental_pipeline.cc:623] => Image sees 68 / 146 points
I20261002 19:52:05.100856 20340 incremental_pipeline.cc:646] => Could not register, trying another image.
I20261002 19:52:05.100907 20340 incremental_pipeline.cc:620] Registering image #94 (num_reg_frames=11)
I20261002 19:52:05.100952 20340 incremental_pipeline.cc:623] => Image sees 63 / 201 points
I20261002 19:52:05.101020 20340 incremental_pipeline.cc:646] => Could not register, trying another image.
I20261002 19:52:05.101068 20340 incremental_pipeline.cc:620] Registering image #105 (num_reg_frames=11)
I20261002 19:52:05.101114 20340 incremental_pipeline.cc:623] => Image sees 66 / 161 points
I20261002 19:52:05.101176 20340 incremental_pipeline.cc:646] => Could not register, trying another image.
I20261002 19:52:05.101223 20340 incremental_pipeline.cc:620] Registering image #106 (num_reg_frames=11)
I20261002 19:52:05.101270 20340 incremental_pipeline.cc:623] => Image sees 65 / 164 points
I20261002 19:52:05.101332 20340 incremental_pipeline.cc:646] => Could not register, trying another image.
I20261002 19:52:05.101377 20340 incremental_pipeline.cc:620] Registering image #134 (num_reg_frames=11)
I20261002 19:52:05.101422 20340 incremental_pipeline.cc:623] => Image sees 67 / 165 points
I20261002 19:52:05.101482 20340 incremental_pipeline.cc:646] => Could not register, trying another image.
I20261002 19:52:05.101528 20340 incremental_pipeline.cc:620] Registering image #58 (num_reg_frames=11)
I20261002 19:52:05.101573 20340 incremental_pipeline.cc:623] => Image sees 60 / 224 points
I20261002 19:52:05.101640 20340 incremental_pipeline.cc:646] => Could not register, trying another image.
I20261002 19:52:05.101685 20340 incremental_pipeline.cc:620] Registering image #133 (num_reg_frames=11)
I20261002 19:52:05.101732 20340 incremental_pipeline.cc:623] => Image sees 66 / 162 points
I20261002 19:52:05.101790 20340 incremental_pipeline.cc:646] => Could not register, trying another image.
I20261002 19:52:05.101835 20340 incremental_pipeline.cc:620] Registering image #107 (num_reg_frames=11)
I20261002 19:52:05.101880 20340 incremental_pipeline.cc:623] => Image sees 65 / 146 points
I20261002 19:52:05.101948 20340 incremental_pipeline.cc:646] => Could not register, trying another image.
I20261002 19:52:05.101994 20340 incremental_pipeline.cc:620] Registering image #86 (num_reg_frames=11)
I20261002 19:52:05.102041 20340 incremental_pipeline.cc:623] => Image sees 60 / 198 points
I20261002 19:52:05.102102 20340 incremental_pipeline.cc:646] => Could not register, trying another image.
I20261002 19:52:05.102147 20340 incremental_pipeline.cc:620] Registering image #53 (num_reg_frames=11)
I20261002 19:52:05.102193 20340 incremental_pipeline.cc:623] => Image sees 59 / 216 points
I20261002 19:52:05.102259 20340 incremental_pipeline.cc:646] => Could not register, trying another image.
I20261002 19:52:05.102304 20340 incremental_pipeline.cc:620] Registering image #87 (num_reg_frames=11)
I20261002 19:52:05.102349 20340 incremental_pipeline.cc:623] => Image sees 59 / 197 points
I20261002 19:52:05.102409 20340 incremental_pipeline.cc:646] => Could not register, trying another image.
I20261002 19:52:05.102454 20340 incremental_pipeline.cc:620] Registering image #104 (num_reg_frames=11)
I20261002 19:52:05.102499 20340 incremental_pipeline.cc:623] => Image sees 61 / 171 points
I20261002 19:52:05.102555 20340 incremental_pipeline.cc:646] => Could not register, trying another image.
I20261002 19:52:05.102600 20340 incremental_pipeline.cc:620] Registering image #66 (num_reg_frames=11)
I20261002 19:52:05.102645 20340 incremental_pipeline.cc:623] => Image sees 57 / 222 points
I20261002 19:52:05.102708 20340 incremental_pipeline.cc:646] => Could not register, trying another image.
I20261002 19:52:05.102754 20340 incremental_pipeline.cc:620] Registering image #108 (num_reg_frames=11)
I20261002 19:52:05.102801 20340 incremental_pipeline.cc:623] => Image sees 62 / 138 points
I20261002 19:52:05.102859 20340 incremental_pipeline.cc:646] => Could not register, trying another image.
I20261002 19:52:05.102937 20340 incremental_pipeline.cc:620] Registering image #135 (num_reg_frames=11)
I20261002 19:52:05.103066 20340 incremental_pipeline.cc:623] => Image sees 60 / 158 points
I20261002 19:52:05.103219 20340 incremental_pipeline.cc:646] => Could not register, trying another image.
I20261002 19:52:05.103308 20340 incremental_pipeline.cc:620] Registering image #52 (num_reg_frames=11)
I20261002 19:52:05.103404 20340 incremental_pipeline.cc:623] => Image sees 56 / 220 points
I20261002 19:52:05.103503 20340 incremental_pipeline.cc:646] => Could not register, trying another image.
I20261002 19:52:05.103550 20340 incremental_pipeline.cc:620] Registering image #89 (num_reg_frames=11)
I20261002 19:52:05.103599 20340 incremental_pipeline.cc:623] => Image sees 56 / 206 points
I20261002 19:52:05.103663 20340 incremental_pipeline.cc:646] => Could not register, trying another image.
I20261002 19:52:05.103709 20340 incremental_pipeline.cc:620] Registering image #139 (num_reg_frames=11)
I20261002 19:52:05.103763 20340 incremental_pipeline.cc:623] => Image sees 59 / 139 points
I20261002 19:52:05.103821 20340 incremental_pipeline.cc:646] => Could not register, trying another image.
I20261002 19:52:05.103865 20340 incremental_pipeline.cc:620] Registering image #142 (num_reg_frames=11)
I20261002 19:52:05.103910 20340 incremental_pipeline.cc:623] => Image sees 57 / 150 points
I20261002 19:52:05.103966 20340 incremental_pipeline.cc:646] => Could not register, trying another image.
I20261002 19:52:05.104010 20340 incremental_pipeline.cc:620] Registering image #85 (num_reg_frames=11)
I20261002 19:52:05.104054 20340 incremental_pipeline.cc:623] => Image sees 56 / 197 points
I20261002 19:52:05.104112 20340 incremental_pipeline.cc:646] => Could not register, trying another image.
I20261002 19:52:05.104156 20340 incremental_pipeline.cc:620] Registering image #44 (num_reg_frames=11)
I20261002 19:52:05.104203 20340 incremental_pipeline.cc:623] => Image sees 53 / 212 points
I20261002 19:52:05.104267 20340 incremental_pipeline.cc:646] => Could not register, trying another image.
I20261002 19:52:05.104311 20340 incremental_pipeline.cc:620] Registering image #41 (num_reg_frames=11)
I20261002 19:52:05.104414 20340 incremental_pipeline.cc:623] => Image sees 54 / 237 points
I20261002 19:52:05.104524 20340 incremental_pipeline.cc:646] => Could not register, trying another image.
I20261002 19:52:05.104613 20340 incremental_pipeline.cc:620] Registering image #60 (num_reg_frames=11)
I20261002 19:52:05.104688 20340 incremental_pipeline.cc:623] => Image sees 54 / 209 points
I20261002 19:52:05.104766 20340 incremental_pipeline.cc:646] => Could not register, trying another image.
I20261002 19:52:05.104813 20340 incremental_pipeline.cc:620] Registering image #61 (num_reg_frames=11)
I20261002 19:52:05.104859 20340 incremental_pipeline.cc:623] => Image sees 53 / 211 points
I20261002 19:52:05.104925 20340 incremental_pipeline.cc:646] => Could not register, trying another image.
I20261002 19:52:05.104980 20340 incremental_pipeline.cc:620] Registering image #138 (num_reg_frames=11)
I20261002 19:52:05.105025 20340 incremental_pipeline.cc:623] => Image sees 58 / 140 points
I20261002 19:52:05.105097 20340 incremental_pipeline.cc:646] => Could not register, trying another image.
I20261002 19:52:05.105142 20340 incremental_pipeline.cc:620] Registering image #36 (num_reg_frames=11)
I20261002 19:52:05.105186 20340 incremental_pipeline.cc:623] => Image sees 52 / 224 points
I20261002 19:52:05.105252 20340 incremental_pipeline.cc:646] => Could not register, trying another image.
I20261002 19:52:05.105295 20340 incremental_pipeline.cc:620] Registering image #56 (num_reg_frames=11)
I20261002 19:52:05.105339 20340 incremental_pipeline.cc:623] => Image sees 51 / 221 points
I20261002 19:52:05.105410 20340 incremental_pipeline.cc:646] => Could not register, trying another image.
I20261002 19:52:05.105455 20340 incremental_pipeline.cc:620] Registering image #5 (num_reg_frames=11)
I20261002 19:52:05.105508 20340 incremental_pipeline.cc:623] => Image sees 52 / 198 points
I20261002 19:52:05.105563 20340 incremental_pipeline.cc:646] => Could not register, trying another image.
I20261002 19:52:05.105607 20340 incremental_pipeline.cc:620] Registering image #1 (num_reg_frames=11)
I20261002 19:52:05.105651 20340 incremental_pipeline.cc:623] => Image sees 53 / 185 points
I20261002 19:52:05.105708 20340 incremental_pipeline.cc:646] => Could not register, trying another image.
I20261002 19:52:05.105752 20340 incremental_pipeline.cc:620] Registering image #140 (num_reg_frames=11)
I20261002 19:52:05.105795 20340 incremental_pipeline.cc:623] => Image sees 55 / 157 points
I20261002 19:52:05.105855 20340 incremental_pipeline.cc:646] => Could not register, trying another image.
I20261002 19:52:05.105899 20340 incremental_pipeline.cc:620] Registering image #43 (num_reg_frames=11)
I20261002 19:52:05.105943 20340 incremental_pipeline.cc:623] => Image sees 51 / 208 points
I20261002 19:52:05.106011 20340 incremental_pipeline.cc:646] => Could not register, trying another image.
I20261002 19:52:05.106056 20340 incremental_pipeline.cc:620] Registering image #54 (num_reg_frames=11)
I20261002 19:52:05.106100 20340 incremental_pipeline.cc:623] => Image sees 49 / 212 points
I20261002 19:52:05.106166 20340 incremental_pipeline.cc:646] => Could not register, trying another image.
I20261002 19:52:05.106209 20340 incremental_pipeline.cc:620] Registering image #82 (num_reg_frames=11)
I20261002 19:52:05.106253 20340 incremental_pipeline.cc:623] => Image sees 50 / 205 points
I20261002 19:52:05.106317 20340 incremental_pipeline.cc:646] => Could not register, trying another image.
I20261002 19:52:05.106361 20340 incremental_pipeline.cc:620] Registering image #59 (num_reg_frames=11)
I20261002 19:52:05.106405 20340 incremental_pipeline.cc:623] => Image sees 46 / 205 points
I20261002 19:52:05.106466 20340 incremental_pipeline.cc:646] => Could not register, trying another image.
I20261002 19:52:05.106517 20340 incremental_pipeline.cc:620] Registering image #65 (num_reg_frames=11)
I20261002 19:52:05.106561 20340 incremental_pipeline.cc:623] => Image sees 47 / 201 points
I20261002 19:52:05.106628 20340 incremental_pipeline.cc:646] => Could not register, trying another image.
I20261002 19:52:05.106680 20340 incremental_pipeline.cc:620] Registering image #57 (num_reg_frames=11)
I20261002 19:52:05.106724 20340 incremental_pipeline.cc:623] => Image sees 45 / 229 points
I20261002 19:52:05.106786 20340 incremental_pipeline.cc:646] => Could not register, trying another image.
I20261002 19:52:05.106829 20340 incremental_pipeline.cc:620] Registering image #143 (num_reg_frames=11)
I20261002 19:52:05.106873 20340 incremental_pipeline.cc:623] => Image sees 50 / 133 points
I20261002 19:52:05.106926 20340 incremental_pipeline.cc:646] => Could not register, trying another image.
I20261002 19:52:05.106969 20340 incremental_pipeline.cc:620] Registering image #148 (num_reg_frames=11)
I20261002 19:52:05.107021 20340 incremental_pipeline.cc:623] => Image sees 44 / 113 points
I20261002 19:52:05.107075 20340 incremental_pipeline.cc:646] => Could not register, trying another image.
I20261002 19:52:05.107118 20340 incremental_pipeline.cc:620] Registering image #49 (num_reg_frames=11)
I20261002 19:52:05.107162 20340 incremental_pipeline.cc:623] => Image sees 45 / 210 points
I20261002 19:52:05.107224 20340 incremental_pipeline.cc:646] => Could not register, trying another image.
I20261002 19:52:05.107267 20340 incremental_pipeline.cc:620] Registering image #145 (num_reg_frames=11)
I20261002 19:52:05.107311 20340 incremental_pipeline.cc:623] => Image sees 40 / 116 points
I20261002 19:52:05.107364 20340 incremental_pipeline.cc:646] => Could not register, trying another image.
I20261002 19:52:05.107407 20340 incremental_pipeline.cc:620] Registering image #141 (num_reg_frames=11)
I20261002 19:52:05.107451 20340 incremental_pipeline.cc:623] => Image sees 42 / 141 points
I20261002 19:52:05.107502 20340 incremental_pipeline.cc:646] => Could not register, trying another image.
I20261002 19:52:05.107553 20340 incremental_pipeline.cc:620] Registering image #146 (num_reg_frames=11)
I20261002 19:52:05.107598 20340 incremental_pipeline.cc:623] => Image sees 38 / 111 points
I20261002 19:52:05.107649 20340 incremental_pipeline.cc:646] => Could not register, trying another image.
I20261002 19:52:05.107702 20340 incremental_pipeline.cc:620] Registering image #121 (num_reg_frames=11)
I20261002 19:52:05.107747 20340 incremental_pipeline.cc:623] => Image sees 75 / 182 points
I20261002 19:52:05.107790 20340 incremental_pipeline.cc:629] Registering image with structure-less fallback
I20261002 19:52:05.107833 20340 incremental_pipeline.cc:631] => Image sees 1182 / 5092 correspondences
I20261002 19:52:05.107911 20340 incremental_pipeline.cc:646] => Could not register, trying another image.
I20261002 19:52:05.107955 20340 incremental_pipeline.cc:620] Registering image #110 (num_reg_frames=11)
I20261002 19:52:05.107998 20340 incremental_pipeline.cc:623] => Image sees 68 / 146 points
I20261002 19:52:05.108049 20340 incremental_pipeline.cc:629] Registering image with structure-less fallback
I20261002 19:52:05.108094 20340 incremental_pipeline.cc:631] => Image sees 738 / 4159 correspondences
I20261002 19:52:05.108163 20340 incremental_pipeline.cc:646] => Could not register, trying another image.
I20261002 19:52:05.108207 20340 incremental_pipeline.cc:620] Registering image #138 (num_reg_frames=11)
I20261002 19:52:05.108251 20340 incremental_pipeline.cc:623] => Image sees 58 / 140 points
I20261002 19:52:05.108293 20340 incremental_pipeline.cc:629] Registering image with structure-less fallback
I20261002 19:52:05.108337 20340 incremental_pipeline.cc:631] => Image sees 638 / 2645 correspondences
I20261002 19:52:05.108400 20340 incremental_pipeline.cc:646] => Could not register, trying another image.
I20261002 19:52:05.108444 20340 incremental_pipeline.cc:620] Registering image #123 (num_reg_frames=11)
I20261002 19:52:05.108487 20340 incremental_pipeline.cc:623] => Image sees 73 / 182 points
I20261002 19:52:05.108533 20340 incremental_pipeline.cc:629] Registering image with structure-less fallback
I20261002 19:52:05.108588 20340 incremental_pipeline.cc:631] => Image sees 589 / 1691 correspondences
I20261002 19:52:05.108649 20340 incremental_pipeline.cc:646] => Could not register, trying another image.
I20261002 19:52:05.108700 20340 incremental_pipeline.cc:620] Registering image #117 (num_reg_frames=11)
I20261002 19:52:05.108744 20340 incremental_pipeline.cc:623] => Image sees 80 / 153 points
I20261002 19:52:05.108789 20340 incremental_pipeline.cc:629] Registering image with structure-less fallback
I20261002 19:52:05.108832 20340 incremental_pipeline.cc:631] => Image sees 532 / 1378 correspondences
I20261002 19:52:05.108889 20340 incremental_pipeline.cc:646] => Could not register, trying another image.
I20261002 19:52:05.108933 20340 incremental_pipeline.cc:620] Registering image #100 (num_reg_frames=11)
I20261002 19:52:05.108977 20340 incremental_pipeline.cc:623] => Image sees 76 / 201 points
I20261002 19:52:05.109185 20340 incremental_pipeline.cc:629] Registering image with structure-less fallback
I20261002 19:52:05.109393 20340 incremental_pipeline.cc:631] => Image sees 515 / 6464 correspondences
I20261002 19:52:05.109496 20340 incremental_pipeline.cc:646] => Could not register, trying another image.
I20261002 19:52:05.109549 20340 incremental_pipeline.cc:620] Registering image #129 (num_reg_frames=11)
I20261002 19:52:05.109595 20340 incremental_pipeline.cc:623] => Image sees 76 / 183 points
I20261002 19:52:05.109642 20340 incremental_pipeline.cc:629] Registering image with structure-less fallback
I20261002 19:52:05.109688 20340 incremental_pipeline.cc:631] => Image sees 464 / 1670 correspondences
I20261002 19:52:05.109769 20340 incremental_pipeline.cc:646] => Could not register, trying another image.
I20261002 19:52:05.109817 20340 incremental_pipeline.cc:620] Registering image #131 (num_reg_frames=11)
I20261002 19:52:05.109862 20340 incremental_pipeline.cc:623] => Image sees 88 / 200 points
I20261002 19:52:05.109905 20340 incremental_pipeline.cc:629] Registering image with structure-less fallback
I20261002 19:52:05.109949 20340 incremental_pipeline.cc:631] => Image sees 407 / 1553 correspondences
I20261002 19:52:05.110008 20340 incremental_pipeline.cc:646] => Could not register, trying another image.
I20261002 19:52:05.110056 20340 incremental_pipeline.cc:620] Registering image #127 (num_reg_frames=11)
I20261002 19:52:05.110099 20340 incremental_pipeline.cc:623] => Image sees 84 / 177 points
I20261002 19:52:05.110143 20340 incremental_pipeline.cc:629] Registering image with structure-less fallback
I20261002 19:52:05.110195 20340 incremental_pipeline.cc:631] => Image sees 385 / 1712 correspondences
I20261002 19:52:05.110256 20340 incremental_pipeline.cc:646] => Could not register, trying another image.
I20261002 19:52:05.110311 20340 incremental_pipeline.cc:620] Registering image #124 (num_reg_frames=11)
I20261002 19:52:05.110356 20340 incremental_pipeline.cc:623] => Image sees 83 / 173 points
I20261002 19:52:05.110400 20340 incremental_pipeline.cc:629] Registering image with structure-less fallback
I20261002 19:52:05.110443 20340 incremental_pipeline.cc:631] => Image sees 352 / 1479 correspondences
I20261002 19:52:05.110503 20340 incremental_pipeline.cc:646] => Could not register, trying another image.
I20261002 19:52:05.110547 20340 incremental_pipeline.cc:620] Registering image #128 (num_reg_frames=11)
I20261002 19:52:05.110591 20340 incremental_pipeline.cc:623] => Image sees 87 / 195 points
I20261002 19:52:05.110643 20340 incremental_pipeline.cc:629] Registering image with structure-less fallback
I20261002 19:52:05.110687 20340 incremental_pipeline.cc:631] => Image sees 327 / 1604 correspondences
I20261002 19:52:05.110746 20340 incremental_pipeline.cc:646] => Could not register, trying another image.
I20261002 19:52:05.110806 20340 incremental_pipeline.cc:620] Registering image #137 (num_reg_frames=11)
I20261002 19:52:05.110884 20340 incremental_pipeline.cc:623] => Image sees 76 / 145 points
I20261002 19:52:05.110943 20340 incremental_pipeline.cc:629] Registering image with structure-less fallback
I20261002 19:52:05.111003 20340 incremental_pipeline.cc:631] => Image sees 308 / 1299 correspondences
I20261002 19:52:05.111073 20340 incremental_pipeline.cc:646] => Could not register, trying another image.
I20261002 19:52:05.111138 20340 incremental_pipeline.cc:620] Registering image #114 (num_reg_frames=11)
I20261002 19:52:05.111193 20340 incremental_pipeline.cc:623] => Image sees 81 / 151 points
I20261002 19:52:05.111248 20340 incremental_pipeline.cc:629] Registering image with structure-less fallback
I20261002 19:52:05.111302 20340 incremental_pipeline.cc:631] => Image sees 298 / 1419 correspondences
I20261002 19:52:05.111369 20340 incremental_pipeline.cc:646] => Could not register, trying another image.
I20261002 19:52:05.111424 20340 incremental_pipeline.cc:620] Registering image #99 (num_reg_frames=11)
I20261002 19:52:05.111478 20340 incremental_pipeline.cc:623] => Image sees 68 / 194 points
I20261002 19:52:05.111533 20340 incremental_pipeline.cc:629] Registering image with structure-less fallback
I20261002 19:52:05.111586 20340 incremental_pipeline.cc:631] => Image sees 289 / 2442 correspondences
I20261002 19:52:05.111656 20340 incremental_pipeline.cc:646] => Could not register, trying another image.
I20261002 19:52:05.111711 20340 incremental_pipeline.cc:620] Registering image #113 (num_reg_frames=11)
I20261002 19:52:05.111765 20340 incremental_pipeline.cc:623] => Image sees 70 / 143 points
I20261002 19:52:05.111819 20340 incremental_pipeline.cc:629] Registering image with structure-less fallback
I20261002 19:52:05.111873 20340 incremental_pipeline.cc:631] => Image sees 288 / 1242 correspondences
I20261002 19:52:05.111939 20340 incremental_pipeline.cc:646] => Could not register, trying another image.
I20261002 19:52:05.111993 20340 incremental_pipeline.cc:620] Registering image #105 (num_reg_frames=11)
I20261002 19:52:05.112047 20340 incremental_pipeline.cc:623] => Image sees 66 / 161 points
I20261002 19:52:05.112101 20340 incremental_pipeline.cc:629] Registering image with structure-less fallback
I20261002 19:52:05.112155 20340 incremental_pipeline.cc:631] => Image sees 271 / 1730 correspondences
I20261002 19:52:05.112223 20340 incremental_pipeline.cc:646] => Could not register, trying another image.
I20261002 19:52:05.112277 20340 incremental_pipeline.cc:620] Registering image #111 (num_reg_frames=11)
I20261002 19:52:05.112331 20340 incremental_pipeline.cc:623] => Image sees 68 / 147 points
I20261002 19:52:05.112386 20340 incremental_pipeline.cc:629] Registering image with structure-less fallback
I20261002 19:52:05.112441 20340 incremental_pipeline.cc:631] => Image sees 255 / 1453 correspondences
I20261002 19:52:05.112507 20340 incremental_pipeline.cc:646] => Could not register, trying another image.
I20261002 19:52:05.112560 20340 incremental_pipeline.cc:620] Registering image #126 (num_reg_frames=11)
I20261002 19:52:05.112616 20340 incremental_pipeline.cc:623] => Image sees 79 / 177 points
I20261002 19:52:05.112670 20340 incremental_pipeline.cc:629] Registering image with structure-less fallback
I20261002 19:52:05.112723 20340 incremental_pipeline.cc:631] => Image sees 247 / 1502 correspondences
I20261002 19:52:05.112790 20340 incremental_pipeline.cc:646] => Could not register, trying another image.
I20261002 19:52:05.112843 20340 incremental_pipeline.cc:620] Registering image #90 (num_reg_frames=11)
I20261002 19:52:05.112898 20340 incremental_pipeline.cc:623] => Image sees 69 / 203 points
I20261002 19:52:05.112952 20340 incremental_pipeline.cc:629] Registering image with structure-less fallback
I20261002 19:52:05.113006 20340 incremental_pipeline.cc:631] => Image sees 208 / 2322 correspondences
I20261002 19:52:05.113076 20340 incremental_pipeline.cc:646] => Could not register, trying another image.
I20261002 19:52:05.113129 20340 incremental_pipeline.cc:620] Registering image #103 (num_reg_frames=11)
I20261002 19:52:05.113182 20340 incremental_pipeline.cc:623] => Image sees 68 / 176 points
I20261002 19:52:05.113237 20340 incremental_pipeline.cc:629] Registering image with structure-less fallback
I20261002 19:52:05.113292 20340 incremental_pipeline.cc:631] => Image sees 205 / 1664 correspondences
I20261002 19:52:05.113360 20340 incremental_pipeline.cc:646] => Could not register, trying another image.
I20261002 19:52:05.113421 20340 incremental_pipeline.cc:620] Registering image #93 (num_reg_frames=11)
I20261002 19:52:05.113475 20340 incremental_pipeline.cc:623] => Image sees 65 / 210 points
I20261002 19:52:05.113529 20340 incremental_pipeline.cc:629] Registering image with structure-less fallback
I20261002 19:52:05.113582 20340 incremental_pipeline.cc:631] => Image sees 202 / 8093 correspondences
I20261002 19:52:05.113673 20340 incremental_pipeline.cc:646] => Could not register, trying another image.
I20261002 19:52:05.113727 20340 incremental_pipeline.cc:620] Registering image #101 (num_reg_frames=11)
I20261002 19:52:05.113783 20340 incremental_pipeline.cc:623] => Image sees 70 / 172 points
I20261002 19:52:05.113837 20340 incremental_pipeline.cc:629] Registering image with structure-less fallback
I20261002 19:52:05.113891 20340 incremental_pipeline.cc:631] => Image sees 201 / 1835 correspondences
I20261002 19:52:05.113959 20340 incremental_pipeline.cc:646] => Could not register, trying another image.
I20261002 19:52:05.114013 20340 incremental_pipeline.cc:620] Registering image #106 (num_reg_frames=11)
I20261002 19:52:05.114067 20340 incremental_pipeline.cc:623] => Image sees 65 / 164 points
I20261002 19:52:05.114120 20340 incremental_pipeline.cc:629] Registering image with structure-less fallback
I20261002 19:52:05.114173 20340 incremental_pipeline.cc:631] => Image sees 199 / 1740 correspondences
I20261002 19:52:05.114240 20340 incremental_pipeline.cc:646] => Could not register, trying another image.
I20261002 19:52:05.114301 20340 incremental_pipeline.cc:620] Registering image #98 (num_reg_frames=11)
I20261002 19:52:05.114376 20340 incremental_pipeline.cc:623] => Image sees 70 / 202 points
I20261002 19:52:05.114431 20340 incremental_pipeline.cc:629] Registering image with structure-less fallback
I20261002 19:52:05.114477 20340 incremental_pipeline.cc:631] => Image sees 197 / 1825 correspondences
I20261002 19:52:05.114534 20340 incremental_pipeline.cc:646] => Could not register, trying another image.
I20261002 19:52:05.114578 20340 incremental_pipeline.cc:620] Registering image #142 (num_reg_frames=11)
I20261002 19:52:05.114622 20340 incremental_pipeline.cc:623] => Image sees 57 / 150 points
I20261002 19:52:05.114666 20340 incremental_pipeline.cc:629] Registering image with structure-less fallback
I20261002 19:52:05.114709 20340 incremental_pipeline.cc:631] => Image sees 195 / 1018 correspondences
I20261002 19:52:05.114764 20340 incremental_pipeline.cc:646] => Could not register, trying another image.
I20261002 19:52:05.114807 20340 incremental_pipeline.cc:620] Registering image #102 (num_reg_frames=11)
I20261002 19:52:05.114860 20340 incremental_pipeline.cc:623] => Image sees 67 / 190 points
I20261002 19:52:05.114905 20340 incremental_pipeline.cc:629] Registering image with structure-less fallback
I20261002 19:52:05.114950 20340 incremental_pipeline.cc:631] => Image sees 187 / 2082 correspondences
I20261002 19:52:05.115008 20340 incremental_pipeline.cc:646] => Could not register, trying another image.
I20261002 19:52:05.115052 20340 incremental_pipeline.cc:620] Registering image #58 (num_reg_frames=11)
I20261002 19:52:05.115095 20340 incremental_pipeline.cc:623] => Image sees 60 / 224 points
I20261002 19:52:05.115167 20340 incremental_pipeline.cc:629] Registering image with structure-less fallback
I20261002 19:52:05.115219 20340 incremental_pipeline.cc:631] => Image sees 187 / 3466 correspondences
I20261002 19:52:05.115288 20340 incremental_pipeline.cc:646] => Could not register, trying another image.
I20261002 19:52:05.115332 20340 incremental_pipeline.cc:620] Registering image #139 (num_reg_frames=11)
I20261002 19:52:05.115376 20340 incremental_pipeline.cc:623] => Image sees 59 / 139 points
I20261002 19:52:05.115420 20340 incremental_pipeline.cc:629] Registering image with structure-less fallback
I20261002 19:52:05.115467 20340 incremental_pipeline.cc:631] => Image sees 179 / 811 correspondences
I20261002 19:52:05.115520 20340 incremental_pipeline.cc:646] => Could not register, trying another image.
I20261002 19:52:05.115573 20340 incremental_pipeline.cc:620] Registering image #53 (num_reg_frames=11)
I20261002 19:52:05.115622 20340 incremental_pipeline.cc:623] => Image sees 59 / 216 points
I20261002 19:52:05.115670 20340 incremental_pipeline.cc:629] Registering image with structure-less fallback
I20261002 19:52:05.115713 20340 incremental_pipeline.cc:631] => Image sees 172 / 3119 correspondences
I20261002 19:52:05.115775 20340 incremental_pipeline.cc:646] => Could not register, trying another image.
I20261002 19:52:05.115818 20340 incremental_pipeline.cc:620] Registering image #145 (num_reg_frames=11)
I20261002 19:52:05.115862 20340 incremental_pipeline.cc:623] => Image sees 40 / 116 points
I20261002 19:52:05.115905 20340 incremental_pipeline.cc:629] Registering image with structure-less fallback
I20261002 19:52:05.115949 20340 incremental_pipeline.cc:631] => Image sees 167 / 518 correspondences
I20261002 19:52:05.116000 20340 incremental_pipeline.cc:646] => Could not register, trying another image.
I20261002 19:52:05.116043 20340 incremental_pipeline.cc:620] Registering image #134 (num_reg_frames=11)
I20261002 19:52:05.116087 20340 incremental_pipeline.cc:623] => Image sees 67 / 165 points
I20261002 19:52:05.116136 20340 incremental_pipeline.cc:629] Registering image with structure-less fallback
I20261002 19:52:05.116183 20340 incremental_pipeline.cc:631] => Image sees 164 / 1224 correspondences
I20261002 19:52:05.116241 20340 incremental_pipeline.cc:646] => Could not register, trying another image.
I20261002 19:52:05.116287 20340 incremental_pipeline.cc:620] Registering image #133 (num_reg_frames=11)
I20261002 19:52:05.116333 20340 incremental_pipeline.cc:623] => Image sees 66 / 162 points
I20261002 19:52:05.116380 20340 incremental_pipeline.cc:629] Registering image with structure-less fallback
I20261002 19:52:05.116427 20340 incremental_pipeline.cc:631] => Image sees 162 / 1289 correspondences
I20261002 19:52:05.116483 20340 incremental_pipeline.cc:646] => Could not register, trying another image.
I20261002 19:52:05.116529 20340 incremental_pipeline.cc:620] Registering image #108 (num_reg_frames=11)
I20261002 19:52:05.116576 20340 incremental_pipeline.cc:623] => Image sees 62 / 138 points
I20261002 19:52:05.116623 20340 incremental_pipeline.cc:629] Registering image with structure-less fallback
I20261002 19:52:05.116669 20340 incremental_pipeline.cc:631] => Image sees 159 / 1362 correspondences
I20261002 19:52:05.116726 20340 incremental_pipeline.cc:646] => Could not register, trying another image.
I20261002 19:52:05.116772 20340 incremental_pipeline.cc:620] Registering image #148 (num_reg_frames=11)
I20261002 19:52:05.116818 20340 incremental_pipeline.cc:623] => Image sees 44 / 113 points
I20261002 19:52:05.116863 20340 incremental_pipeline.cc:629] Registering image with structure-less fallback
I20261002 19:52:05.116909 20340 incremental_pipeline.cc:631] => Image sees 136 / 407 correspondences
I20261002 19:52:05.116965 20340 incremental_pipeline.cc:646] => Could not register, trying another image.
I20261002 19:52:05.117010 20340 incremental_pipeline.cc:620] Registering image #136 (num_reg_frames=11)
I20261002 19:52:05.117056 20340 incremental_pipeline.cc:623] => Image sees 80 / 196 points
I20261002 19:52:05.117103 20340 incremental_pipeline.cc:629] Registering image with structure-less fallback
I20261002 19:52:05.117149 20340 incremental_pipeline.cc:631] => Image sees 136 / 1323 correspondences
I20261002 19:52:05.117207 20340 incremental_pipeline.cc:646] => Could not register, trying another image.
I20261002 19:52:05.117253 20340 incremental_pipeline.cc:620] Registering image #143 (num_reg_frames=11)
I20261002 19:52:05.117299 20340 incremental_pipeline.cc:623] => Image sees 50 / 133 points
I20261002 19:52:05.117347 20340 incremental_pipeline.cc:629] Registering image with structure-less fallback
I20261002 19:52:05.117394 20340 incremental_pipeline.cc:631] => Image sees 111 / 719 correspondences
I20261002 19:52:05.117448 20340 incremental_pipeline.cc:646] => Could not register, trying another image.
I20261002 19:52:05.117499 20340 incremental_pipeline.cc:620] Registering image #89 (num_reg_frames=11)
I20261002 19:52:05.117546 20340 incremental_pipeline.cc:623] => Image sees 56 / 206 points
I20261002 19:52:05.117593 20340 incremental_pipeline.cc:629] Registering image with structure-less fallback
I20261002 19:52:05.117639 20340 incremental_pipeline.cc:631] => Image sees 109 / 2612 correspondences
I20261002 19:52:05.117700 20340 incremental_pipeline.cc:646] => Could not register, trying another image.
I20261002 19:52:05.117746 20340 incremental_pipeline.cc:620] Registering image #56 (num_reg_frames=11)
I20261002 19:52:05.117792 20340 incremental_pipeline.cc:623] => Image sees 51 / 221 points
I20261002 19:52:05.117839 20340 incremental_pipeline.cc:629] Registering image with structure-less fallback
I20261002 19:52:05.117884 20340 incremental_pipeline.cc:631] => Image sees 105 / 3416 correspondences
I20261002 19:52:05.117949 20340 incremental_pipeline.cc:646] => Could not register, trying another image.
I20261002 19:52:05.117994 20340 incremental_pipeline.cc:620] Registering image #94 (num_reg_frames=11)
I20261002 19:52:05.118040 20340 incremental_pipeline.cc:623] => Image sees 63 / 201 points
I20261002 19:52:05.118088 20340 incremental_pipeline.cc:629] Registering image with structure-less fallback
I20261002 19:52:05.118134 20340 incremental_pipeline.cc:631] => Image sees 104 / 2391 correspondences
I20261002 19:52:05.118194 20340 incremental_pipeline.cc:646] => Could not register, trying another image.
I20261002 19:52:05.118240 20340 incremental_pipeline.cc:620] Registering image #104 (num_reg_frames=11)
I20261002 19:52:05.118286 20340 incremental_pipeline.cc:623] => Image sees 61 / 171 points
I20261002 19:52:05.118332 20340 incremental_pipeline.cc:629] Registering image with structure-less fallback
I20261002 19:52:05.118378 20340 incremental_pipeline.cc:631] => Image sees 95 / 1569 correspondences
I20261002 19:52:05.118437 20340 incremental_pipeline.cc:646] => Could not register, trying another image.
I20261002 19:52:05.118483 20340 incremental_pipeline.cc:620] Registering image #107 (num_reg_frames=11)
I20261002 19:52:05.118530 20340 incremental_pipeline.cc:623] => Image sees 65 / 146 points
I20261002 19:52:05.118576 20340 incremental_pipeline.cc:629] Registering image with structure-less fallback
I20261002 19:52:05.118622 20340 incremental_pipeline.cc:631] => Image sees 94 / 1554 correspondences
I20261002 19:52:05.118705 20340 incremental_pipeline.cc:646] => Could not register, trying another image.
I20261002 19:52:05.118769 20340 incremental_pipeline.cc:620] Registering image #85 (num_reg_frames=11)
I20261002 19:52:05.118816 20340 incremental_pipeline.cc:623] => Image sees 56 / 197 points
I20261002 19:52:05.118862 20340 incremental_pipeline.cc:629] Registering image with structure-less fallback
I20261002 19:52:05.118908 20340 incremental_pipeline.cc:631] => Image sees 93 / 2291 correspondences
I20261002 19:52:05.118968 20340 incremental_pipeline.cc:646] => Could not register, trying another image.
I20261002 19:52:05.119014 20340 incremental_pipeline.cc:620] Registering image #87 (num_reg_frames=11)
I20261002 19:52:05.119061 20340 incremental_pipeline.cc:623] => Image sees 59 / 197 points
I20261002 19:52:05.119108 20340 incremental_pipeline.cc:629] Registering image with structure-less fallback
I20261002 19:52:05.119153 20340 incremental_pipeline.cc:631] => Image sees 93 / 2383 correspondences
I20261002 19:52:05.119236 20340 incremental_pipeline.cc:646] => Could not register, trying another image.
I20261002 19:52:05.119283 20340 incremental_pipeline.cc:620] Registering image #44 (num_reg_frames=11)
I20261002 19:52:05.119329 20340 incremental_pipeline.cc:623] => Image sees 53 / 212 points
I20261002 19:52:05.119378 20340 incremental_pipeline.cc:629] Registering image with structure-less fallback
I20261002 19:52:05.119424 20340 incremental_pipeline.cc:631] => Image sees 93 / 3890 correspondences
I20261002 19:52:05.119490 20340 incremental_pipeline.cc:646] => Could not register, trying another image.
I20261002 19:52:05.119543 20340 incremental_pipeline.cc:620] Registering image #41 (num_reg_frames=11)
I20261002 19:52:05.119590 20340 incremental_pipeline.cc:623] => Image sees 54 / 237 points
I20261002 19:52:05.119636 20340 incremental_pipeline.cc:629] Registering image with structure-less fallback
I20261002 19:52:05.119681 20340 incremental_pipeline.cc:631] => Image sees 93 / 3386 correspondences
I20261002 19:52:05.119746 20340 incremental_pipeline.cc:646] => Could not register, trying another image.
I20261002 19:52:05.119791 20340 incremental_pipeline.cc:620] Registering image #66 (num_reg_frames=11)
I20261002 19:52:05.119837 20340 incremental_pipeline.cc:623] => Image sees 57 / 222 points
I20261002 19:52:05.119883 20340 incremental_pipeline.cc:629] Registering image with structure-less fallback
I20261002 19:52:05.119930 20340 incremental_pipeline.cc:631] => Image sees 91 / 3011 correspondences
I20261002 19:52:05.119995 20340 incremental_pipeline.cc:646] => Could not register, trying another image.
I20261002 19:52:05.120040 20340 incremental_pipeline.cc:620] Registering image #36 (num_reg_frames=11)
I20261002 19:52:05.120087 20340 incremental_pipeline.cc:623] => Image sees 52 / 224 points
I20261002 19:52:05.120133 20340 incremental_pipeline.cc:629] Registering image with structure-less fallback
I20261002 19:52:05.120178 20340 incremental_pipeline.cc:631] => Image sees 91 / 3343 correspondences
I20261002 19:52:05.120242 20340 incremental_pipeline.cc:646] => Could not register, trying another image.
I20261002 19:52:05.120288 20340 incremental_pipeline.cc:620] Registering image #83 (num_reg_frames=11)
I20261002 19:52:05.120333 20340 incremental_pipeline.cc:623] => Image sees 65 / 220 points
I20261002 19:52:05.120379 20340 incremental_pipeline.cc:629] Registering image with structure-less fallback
I20261002 19:52:05.120425 20340 incremental_pipeline.cc:631] => Image sees 91 / 2184 correspondences
I20261002 19:52:05.120484 20340 incremental_pipeline.cc:646] => Could not register, trying another image.
I20261002 19:52:05.120531 20340 incremental_pipeline.cc:620] Registering image #60 (num_reg_frames=11)
I20261002 19:52:05.120577 20340 incremental_pipeline.cc:623] => Image sees 54 / 209 points
I20261002 19:52:05.120623 20340 incremental_pipeline.cc:629] Registering image with structure-less fallback
I20261002 19:52:05.120668 20340 incremental_pipeline.cc:631] => Image sees 89 / 3615 correspondences
I20261002 19:52:05.120733 20340 incremental_pipeline.cc:646] => Could not register, trying another image.
I20261002 19:52:05.120779 20340 incremental_pipeline.cc:620] Registering image #43 (num_reg_frames=11)
I20261002 19:52:05.120824 20340 incremental_pipeline.cc:623] => Image sees 51 / 208 points
I20261002 19:52:05.120870 20340 incremental_pipeline.cc:629] Registering image with structure-less fallback
I20261002 19:52:05.120916 20340 incremental_pipeline.cc:631] => Image sees 88 / 2888 correspondences
I20261002 19:52:05.120978 20340 incremental_pipeline.cc:646] => Could not register, trying another image.
I20261002 19:52:05.121025 20340 incremental_pipeline.cc:620] Registering image #61 (num_reg_frames=11)
I20261002 19:52:05.121071 20340 incremental_pipeline.cc:623] => Image sees 53 / 211 points
I20261002 19:52:05.121118 20340 incremental_pipeline.cc:629] Registering image with structure-less fallback
I20261002 19:52:05.121175 20340 incremental_pipeline.cc:631] => Image sees 87 / 3363 correspondences
I20261002 19:52:05.121284 20340 incremental_pipeline.cc:646] => Could not register, trying another image.
I20261002 19:52:05.121356 20340 incremental_pipeline.cc:620] Registering image #65 (num_reg_frames=11)
I20261002 19:52:05.121412 20340 incremental_pipeline.cc:623] => Image sees 47 / 201 points
I20261002 19:52:05.121461 20340 incremental_pipeline.cc:629] Registering image with structure-less fallback
I20261002 19:52:05.121509 20340 incremental_pipeline.cc:631] => Image sees 87 / 3488 correspondences
I20261002 19:52:05.121573 20340 incremental_pipeline.cc:646] => Could not register, trying another image.
I20261002 19:52:05.121621 20340 incremental_pipeline.cc:620] Registering image #59 (num_reg_frames=11)
I20261002 19:52:05.121675 20340 incremental_pipeline.cc:623] => Image sees 46 / 205 points
I20261002 19:52:05.121721 20340 incremental_pipeline.cc:629] Registering image with structure-less fallback
I20261002 19:52:05.121767 20340 incremental_pipeline.cc:631] => Image sees 86 / 3196 correspondences
I20261002 19:52:05.121833 20340 incremental_pipeline.cc:646] => Could not register, trying another image.
I20261002 19:52:05.121879 20340 incremental_pipeline.cc:620] Registering image #86 (num_reg_frames=11)
I20261002 19:52:05.121926 20340 incremental_pipeline.cc:623] => Image sees 60 / 198 points
I20261002 19:52:05.121972 20340 incremental_pipeline.cc:629] Registering image with structure-less fallback
I20261002 19:52:05.122018 20340 incremental_pipeline.cc:631] => Image sees 84 / 2507 correspondences
I20261002 19:52:05.122079 20340 incremental_pipeline.cc:646] => Could not register, trying another image.
I20261002 19:52:05.122125 20340 incremental_pipeline.cc:620] Registering image #54 (num_reg_frames=11)
I20261002 19:52:05.122171 20340 incremental_pipeline.cc:623] => Image sees 49 / 212 points
I20261002 19:52:05.122217 20340 incremental_pipeline.cc:629] Registering image with structure-less fallback
I20261002 19:52:05.122263 20340 incremental_pipeline.cc:631] => Image sees 84 / 3478 correspondences
I20261002 19:52:05.122328 20340 incremental_pipeline.cc:646] => Could not register, trying another image.
I20261002 19:52:05.122374 20340 incremental_pipeline.cc:620] Registering image #57 (num_reg_frames=11)
I20261002 19:52:05.122421 20340 incremental_pipeline.cc:623] => Image sees 45 / 229 points
I20261002 19:52:05.122469 20340 incremental_pipeline.cc:629] Registering image with structure-less fallback
I20261002 19:52:05.122515 20340 incremental_pipeline.cc:631] => Image sees 83 / 3166 correspondences
I20261002 19:52:05.122578 20340 incremental_pipeline.cc:646] => Could not register, trying another image.
I20261002 19:52:05.122624 20340 incremental_pipeline.cc:620] Registering image #135 (num_reg_frames=11)
I20261002 19:52:05.122670 20340 incremental_pipeline.cc:623] => Image sees 60 / 158 points
I20261002 19:52:05.122716 20340 incremental_pipeline.cc:629] Registering image with structure-less fallback
I20261002 19:52:05.122763 20340 incremental_pipeline.cc:631] => Image sees 79 / 1095 correspondences
I20261002 19:52:05.122819 20340 incremental_pipeline.cc:646] => Could not register, trying another image.
I20261002 19:52:05.122865 20340 incremental_pipeline.cc:620] Registering image #5 (num_reg_frames=11)
I20261002 19:52:05.122911 20340 incremental_pipeline.cc:623] => Image sees 52 / 198 points
I20261002 19:52:05.122957 20340 incremental_pipeline.cc:629] Registering image with structure-less fallback
I20261002 19:52:05.123003 20340 incremental_pipeline.cc:631] => Image sees 76 / 1402 correspondences
I20261002 19:52:05.123060 20340 incremental_pipeline.cc:646] => Could not register, trying another image.
I20261002 19:52:05.123105 20340 incremental_pipeline.cc:620] Registering image #1 (num_reg_frames=11)
I20261002 19:52:05.123151 20340 incremental_pipeline.cc:623] => Image sees 53 / 185 points
I20261002 19:52:05.123197 20340 incremental_pipeline.cc:629] Registering image with structure-less fallback
I20261002 19:52:05.123243 20340 incremental_pipeline.cc:631] => Image sees 76 / 1170 correspondences
I20261002 19:52:05.123298 20340 incremental_pipeline.cc:646] => Could not register, trying another image.
I20261002 19:52:05.123344 20340 incremental_pipeline.cc:620] Registering image #52 (num_reg_frames=11)
I20261002 19:52:05.123390 20340 incremental_pipeline.cc:623] => Image sees 56 / 220 points
I20261002 19:52:05.123438 20340 incremental_pipeline.cc:629] Registering image with structure-less fallback
I20261002 19:52:05.123486 20340 incremental_pipeline.cc:631] => Image sees 73 / 9215 correspondences
I20261002 19:52:05.123572 20340 incremental_pipeline.cc:646] => Could not register, trying another image.
I20261002 19:52:05.123619 20340 incremental_pipeline.cc:620] Registering image #82 (num_reg_frames=11)
I20261002 19:52:05.123672 20340 incremental_pipeline.cc:623] => Image sees 50 / 205 points
I20261002 19:52:05.123720 20340 incremental_pipeline.cc:629] Registering image with structure-less fallback
I20261002 19:52:05.123767 20340 incremental_pipeline.cc:631] => Image sees 73 / 2448 correspondences
I20261002 19:52:05.123828 20340 incremental_pipeline.cc:646] => Could not register, trying another image.
I20261002 19:52:05.123873 20340 incremental_pipeline.cc:620] Registering image #49 (num_reg_frames=11)
I20261002 19:52:05.123919 20340 incremental_pipeline.cc:623] => Image sees 45 / 210 points
I20261002 19:52:05.123965 20340 incremental_pipeline.cc:629] Registering image with structure-less fallback
I20261002 19:52:05.124011 20340 incremental_pipeline.cc:631] => Image sees 67 / 3368 correspondences
I20261002 19:52:05.124075 20340 incremental_pipeline.cc:646] => Could not register, trying another image.
I20261002 19:52:05.124121 20340 incremental_pipeline.cc:620] Registering image #140 (num_reg_frames=11)
I20261002 19:52:05.124170 20340 incremental_pipeline.cc:623] => Image sees 55 / 157 points
I20261002 19:52:05.124215 20340 incremental_pipeline.cc:629] Registering image with structure-less fallback
I20261002 19:52:05.124262 20340 incremental_pipeline.cc:631] => Image sees 67 / 974 correspondences
I20261002 19:52:05.124319 20340 incremental_pipeline.cc:646] => Could not register, trying another image.
I20261002 19:52:05.124365 20340 incremental_pipeline.cc:620] Registering image #146 (num_reg_frames=11)
I20261002 19:52:05.124411 20340 incremental_pipeline.cc:623] => Image sees 38 / 111 points
I20261002 19:52:05.124457 20340 incremental_pipeline.cc:629] Registering image with structure-less fallback
I20261002 19:52:05.124503 20340 incremental_pipeline.cc:631] => Image sees 54 / 533 correspondences
I20261002 19:52:05.124551 20340 incremental_pipeline.cc:646] => Could not register, trying another image.
I20261002 19:52:05.124596 20340 incremental_pipeline.cc:620] Registering image #141 (num_reg_frames=11)
I20261002 19:52:05.124642 20340 incremental_pipeline.cc:623] => Image sees 42 / 141 points
I20261002 19:52:05.124688 20340 incremental_pipeline.cc:629] Registering image with structure-less fallback
I20261002 19:52:05.124733 20340 incremental_pipeline.cc:631] => Image sees 49 / 744 correspondences
I20261002 19:52:05.124779 20340 incremental_pipeline.cc:646] => Could not register, trying another image.
I20261002 19:52:05.124854 20340 incremental_pipeline.cc:826] Keeping successful reconstruction
I20261002 19:52:05.125588 20340 incremental_pipeline.cc:465] Finding good initial image pair
I20261002 19:52:05.129288 20340 incremental_pipeline.cc:492] Registering initial image pair #135 and #121
I20261002 19:52:05.130014 20340 incremental_pipeline.cc:510] Global bundle adjustment
I20261002 19:52:05.134805 20340 incremental_pipeline.cc:791] Discarding reconstruction due to bad initial pair
I20261002 19:52:05.135575 20340 incremental_pipeline.cc:465] Finding good initial image pair
I20261002 19:52:05.139703 20340 incremental_pipeline.cc:492] Registering initial image pair #142 and #145
I20261002 19:52:05.140097 20340 incremental_pipeline.cc:510] Global bundle adjustment
I20261002 19:52:05.145830 20340 incremental_pipeline.cc:620] Registering image #135 (num_reg_frames=2)
I20261002 19:52:05.145956 20340 incremental_pipeline.cc:623] => Image sees 42 / 158 points
I20261002 19:52:05.148229 20340 incremental_pipeline.cc:88] Retriangulation and Global bundle adjustment
I20261002 19:52:05.155086 20340 incremental_pipeline.cc:620] Registering image #139 (num_reg_frames=3)
I20261002 19:52:05.155216 20340 incremental_pipeline.cc:623] => Image sees 43 / 139 points
I20261002 19:52:05.155307 20340 incremental_pipeline.cc:646] => Could not register, trying another image.
I20261002 19:52:05.155362 20340 incremental_pipeline.cc:620] Registering image #138 (num_reg_frames=3)
I20261002 19:52:05.155447 20340 incremental_pipeline.cc:623] => Image sees 43 / 140 points
I20261002 19:52:05.155544 20340 incremental_pipeline.cc:646] => Could not register, trying another image.
I20261002 19:52:05.155626 20340 incremental_pipeline.cc:620] Registering image #130 (num_reg_frames=3)
I20261002 19:52:05.155692 20340 incremental_pipeline.cc:623] => Image sees 43 / 209 points
I20261002 19:52:05.155783 20340 incremental_pipeline.cc:646] => Could not register, trying another image.
I20261002 19:52:05.155843 20340 incremental_pipeline.cc:620] Registering image #144 (num_reg_frames=3)
I20261002 19:52:05.155901 20340 incremental_pipeline.cc:623] => Image sees 41 / 127 points
I20261002 19:52:05.155966 20340 incremental_pipeline.cc:646] => Could not register, trying another image.
I20261002 19:52:05.156022 20340 incremental_pipeline.cc:620] Registering image #132 (num_reg_frames=3)
I20261002 19:52:05.156079 20340 incremental_pipeline.cc:623] => Image sees 41 / 208 points
I20261002 19:52:05.156148 20340 incremental_pipeline.cc:646] => Could not register, trying another image.
I20261002 19:52:05.156205 20340 incremental_pipeline.cc:620] Registering image #134 (num_reg_frames=3)
I20261002 19:52:05.156261 20340 incremental_pipeline.cc:623] => Image sees 39 / 165 points
I20261002 19:52:05.156331 20340 incremental_pipeline.cc:646] => Could not register, trying another image.
I20261002 19:52:05.156388 20340 incremental_pipeline.cc:620] Registering image #133 (num_reg_frames=3)
I20261002 19:52:05.156444 20340 incremental_pipeline.cc:623] => Image sees 40 / 162 points
I20261002 19:52:05.156513 20340 incremental_pipeline.cc:646] => Could not register, trying another image.
I20261002 19:52:05.156569 20340 incremental_pipeline.cc:620] Registering image #140 (num_reg_frames=3)
I20261002 19:52:05.156625 20340 incremental_pipeline.cc:623] => Image sees 41 / 157 points
I20261002 19:52:05.156692 20340 incremental_pipeline.cc:646] => Could not register, trying another image.
I20261002 19:52:05.156748 20340 incremental_pipeline.cc:620] Registering image #147 (num_reg_frames=3)
I20261002 19:52:05.156804 20340 incremental_pipeline.cc:623] => Image sees 39 / 130 points
I20261002 19:52:05.156873 20340 incremental_pipeline.cc:646] => Could not register, trying another image.
I20261002 19:52:05.156929 20340 incremental_pipeline.cc:620] Registering image #146 (num_reg_frames=3)
I20261002 19:52:05.156984 20340 incremental_pipeline.cc:623] => Image sees 39 / 111 points
I20261002 19:52:05.157048 20340 incremental_pipeline.cc:646] => Could not register, trying another image.
I20261002 19:52:05.157104 20340 incremental_pipeline.cc:620] Registering image #141 (num_reg_frames=3)
I20261002 19:52:05.157160 20340 incremental_pipeline.cc:623] => Image sees 40 / 141 points
I20261002 19:52:05.157224 20340 incremental_pipeline.cc:646] => Could not register, trying another image.
I20261002 19:52:05.157281 20340 incremental_pipeline.cc:620] Registering image #121 (num_reg_frames=3)
I20261002 19:52:05.157342 20340 incremental_pipeline.cc:623] => Image sees 37 / 182 points
I20261002 19:52:05.157423 20340 incremental_pipeline.cc:646] => Could not register, trying another image.
I20261002 19:52:05.157480 20340 incremental_pipeline.cc:620] Registering image #128 (num_reg_frames=3)
I20261002 19:52:05.157688 20340 incremental_pipeline.cc:623] => Image sees 38 / 195 points
I20261002 19:52:05.157789 20340 incremental_pipeline.cc:646] => Could not register, trying another image.
I20261002 19:52:05.157857 20340 incremental_pipeline.cc:620] Registering image #137 (num_reg_frames=3)
I20261002 19:52:05.157912 20340 incremental_pipeline.cc:623] => Image sees 37 / 145 points
I20261002 19:52:05.157978 20340 incremental_pipeline.cc:646] => Could not register, trying another image.
I20261002 19:52:05.158035 20340 incremental_pipeline.cc:620] Registering image #115 (num_reg_frames=3)
I20261002 19:52:05.158089 20340 incremental_pipeline.cc:623] => Image sees 36 / 139 points
I20261002 19:52:05.158174 20340 incremental_pipeline.cc:646] => Could not register, trying another image.
I20261002 19:52:05.158290 20340 incremental_pipeline.cc:620] Registering image #125 (num_reg_frames=3)
I20261002 19:52:05.158364 20340 incremental_pipeline.cc:623] => Image sees 36 / 195 points
I20261002 19:52:05.158449 20340 incremental_pipeline.cc:646] => Could not register, trying another image.
I20261002 19:52:05.158506 20340 incremental_pipeline.cc:620] Registering image #136 (num_reg_frames=3)
I20261002 19:52:05.158563 20340 incremental_pipeline.cc:623] => Image sees 37 / 196 points
I20261002 19:52:05.158630 20340 incremental_pipeline.cc:646] => Could not register, trying another image.
I20261002 19:52:05.158686 20340 incremental_pipeline.cc:620] Registering image #105 (num_reg_frames=3)
I20261002 19:52:05.158741 20340 incremental_pipeline.cc:623] => Image sees 35 / 161 points
I20261002 19:52:05.158809 20340 incremental_pipeline.cc:646] => Could not register, trying another image.
I20261002 19:52:05.158864 20340 incremental_pipeline.cc:620] Registering image #110 (num_reg_frames=3)
I20261002 19:52:05.158918 20340 incremental_pipeline.cc:623] => Image sees 33 / 146 points
I20261002 19:52:05.158994 20340 incremental_pipeline.cc:646] => Could not register, trying another image.
I20261002 19:52:05.159049 20340 incremental_pipeline.cc:620] Registering image #148 (num_reg_frames=3)
I20261002 19:52:05.159104 20340 incremental_pipeline.cc:623] => Image sees 33 / 113 points
I20261002 19:52:05.159167 20340 incremental_pipeline.cc:646] => Could not register, trying another image.
I20261002 19:52:05.159221 20340 incremental_pipeline.cc:620] Registering image #104 (num_reg_frames=3)
I20261002 19:52:05.159280 20340 incremental_pipeline.cc:623] => Image sees 30 / 171 points
I20261002 19:52:05.159345 20340 incremental_pipeline.cc:646] => Could not register, trying another image.
I20261002 19:52:05.159406 20340 incremental_pipeline.cc:620] Registering image #138 (num_reg_frames=3)
I20261002 19:52:05.159462 20340 incremental_pipeline.cc:623] => Image sees 43 / 140 points
I20261002 19:52:05.159517 20340 incremental_pipeline.cc:629] Registering image with structure-less fallback
I20261002 19:52:05.159572 20340 incremental_pipeline.cc:631] => Image sees 201 / 2645 correspondences
I20261002 19:52:05.159645 20340 incremental_pipeline.cc:646] => Could not register, trying another image.
I20261002 19:52:05.159700 20340 incremental_pipeline.cc:620] Registering image #133 (num_reg_frames=3)
I20261002 19:52:05.159756 20340 incremental_pipeline.cc:623] => Image sees 40 / 162 points
I20261002 19:52:05.159811 20340 incremental_pipeline.cc:629] Registering image with structure-less fallback
I20261002 19:52:05.159865 20340 incremental_pipeline.cc:631] => Image sees 195 / 1289 correspondences
I20261002 19:52:05.159932 20340 incremental_pipeline.cc:646] => Could not register, trying another image.
I20261002 19:52:05.159986 20340 incremental_pipeline.cc:620] Registering image #139 (num_reg_frames=3)
I20261002 19:52:05.160042 20340 incremental_pipeline.cc:623] => Image sees 43 / 139 points
I20261002 19:52:05.160096 20340 incremental_pipeline.cc:629] Registering image with structure-less fallback
I20261002 19:52:05.160151 20340 incremental_pipeline.cc:631] => Image sees 195 / 811 correspondences
I20261002 19:52:05.160216 20340 incremental_pipeline.cc:646] => Could not register, trying another image.
I20261002 19:52:05.160275 20340 incremental_pipeline.cc:620] Registering image #130 (num_reg_frames=3)
I20261002 19:52:05.160331 20340 incremental_pipeline.cc:623] => Image sees 43 / 209 points
I20261002 19:52:05.160402 20340 incremental_pipeline.cc:629] Registering image with structure-less fallback
I20261002 19:52:05.160486 20340 incremental_pipeline.cc:631] => Image sees 149 / 5240 correspondences
I20261002 19:52:05.160633 20340 incremental_pipeline.cc:646] => Could not register, trying another image.
I20261002 19:52:05.160698 20340 incremental_pipeline.cc:620] Registering image #141 (num_reg_frames=3)
I20261002 19:52:05.160756 20340 incremental_pipeline.cc:623] => Image sees 40 / 141 points
I20261002 19:52:05.160814 20340 incremental_pipeline.cc:629] Registering image with structure-less fallback
I20261002 19:52:05.160870 20340 incremental_pipeline.cc:631] => Image sees 140 / 744 correspondences
I20261002 19:52:05.160947 20340 incremental_pipeline.cc:646] => Could not register, trying another image.
I20261002 19:52:05.161002 20340 incremental_pipeline.cc:620] Registering image #146 (num_reg_frames=3)
I20261002 19:52:05.161058 20340 incremental_pipeline.cc:623] => Image sees 39 / 111 points
I20261002 19:52:05.161113 20340 incremental_pipeline.cc:629] Registering image with structure-less fallback
I20261002 19:52:05.161168 20340 incremental_pipeline.cc:631] => Image sees 129 / 533 correspondences
I20261002 19:52:05.161230 20340 incremental_pipeline.cc:646] => Could not register, trying another image.
I20261002 19:52:05.161341 20340 incremental_pipeline.cc:620] Registering image #121 (num_reg_frames=3)
I20261002 19:52:05.161411 20340 incremental_pipeline.cc:623] => Image sees 37 / 182 points
I20261002 19:52:05.161489 20340 incremental_pipeline.cc:629] Registering image with structure-less fallback
I20261002 19:52:05.161545 20340 incremental_pipeline.cc:631] => Image sees 126 / 5092 correspondences
I20261002 19:52:05.161627 20340 incremental_pipeline.cc:646] => Could not register, trying another image.
I20261002 19:52:05.161684 20340 incremental_pipeline.cc:620] Registering image #134 (num_reg_frames=3)
I20261002 19:52:05.161739 20340 incremental_pipeline.cc:623] => Image sees 39 / 165 points
I20261002 19:52:05.161795 20340 incremental_pipeline.cc:629] Registering image with structure-less fallback
I20261002 19:52:05.161855 20340 incremental_pipeline.cc:631] => Image sees 124 / 1224 correspondences
I20261002 19:52:05.161928 20340 incremental_pipeline.cc:646] => Could not register, trying another image.
I20261002 19:52:05.161984 20340 incremental_pipeline.cc:620] Registering image #132 (num_reg_frames=3)
I20261002 19:52:05.162039 20340 incremental_pipeline.cc:623] => Image sees 41 / 208 points
I20261002 19:52:05.162094 20340 incremental_pipeline.cc:629] Registering image with structure-less fallback
I20261002 19:52:05.162149 20340 incremental_pipeline.cc:631] => Image sees 114 / 1711 correspondences
I20261002 19:52:05.162216 20340 incremental_pipeline.cc:646] => Could not register, trying another image.
I20261002 19:52:05.162275 20340 incremental_pipeline.cc:620] Registering image #140 (num_reg_frames=3)
I20261002 19:52:05.162329 20340 incremental_pipeline.cc:623] => Image sees 41 / 157 points
I20261002 19:52:05.162384 20340 incremental_pipeline.cc:629] Registering image with structure-less fallback
I20261002 19:52:05.162438 20340 incremental_pipeline.cc:631] => Image sees 94 / 974 correspondences
I20261002 19:52:05.162504 20340 incremental_pipeline.cc:646] => Could not register, trying another image.
I20261002 19:52:05.162558 20340 incremental_pipeline.cc:620] Registering image #128 (num_reg_frames=3)
I20261002 19:52:05.162613 20340 incremental_pipeline.cc:623] => Image sees 38 / 195 points
I20261002 19:52:05.162668 20340 incremental_pipeline.cc:629] Registering image with structure-less fallback
I20261002 19:52:05.162723 20340 incremental_pipeline.cc:631] => Image sees 86 / 1604 correspondences
I20261002 19:52:05.162797 20340 incremental_pipeline.cc:646] => Could not register, trying another image.
I20261002 19:52:05.162853 20340 incremental_pipeline.cc:620] Registering image #136 (num_reg_frames=3)
I20261002 19:52:05.162909 20340 incremental_pipeline.cc:623] => Image sees 37 / 196 points
I20261002 19:52:05.162964 20340 incremental_pipeline.cc:629] Registering image with structure-less fallback
I20261002 19:52:05.163018 20340 incremental_pipeline.cc:631] => Image sees 83 / 1323 correspondences
I20261002 19:52:05.163091 20340 incremental_pipeline.cc:646] => Could not register, trying another image.
I20261002 19:52:05.163146 20340 incremental_pipeline.cc:620] Registering image #147 (num_reg_frames=3)
I20261002 19:52:05.163200 20340 incremental_pipeline.cc:623] => Image sees 39 / 130 points
I20261002 19:52:05.163258 20340 incremental_pipeline.cc:629] Registering image with structure-less fallback
I20261002 19:52:05.163312 20340 incremental_pipeline.cc:631] => Image sees 77 / 465 correspondences
I20261002 19:52:05.163384 20340 incremental_pipeline.cc:646] => Could not register, trying another image.
I20261002 19:52:05.163439 20340 incremental_pipeline.cc:620] Registering image #137 (num_reg_frames=3)
I20261002 19:52:05.163495 20340 incremental_pipeline.cc:623] => Image sees 37 / 145 points
I20261002 19:52:05.163550 20340 incremental_pipeline.cc:629] Registering image with structure-less fallback
I20261002 19:52:05.163700 20340 incremental_pipeline.cc:631] => Image sees 72 / 1299 correspondences
I20261002 19:52:05.163807 20340 incremental_pipeline.cc:646] => Could not register, trying another image.
I20261002 19:52:05.163885 20340 incremental_pipeline.cc:620] Registering image #148 (num_reg_frames=3)
I20261002 19:52:05.163941 20340 incremental_pipeline.cc:623] => Image sees 33 / 113 points
I20261002 19:52:05.163992 20340 incremental_pipeline.cc:629] Registering image with structure-less fallback
I20261002 19:52:05.164041 20340 incremental_pipeline.cc:631] => Image sees 66 / 407 correspondences
I20261002 19:52:05.164099 20340 incremental_pipeline.cc:646] => Could not register, trying another image.
I20261002 19:52:05.164148 20340 incremental_pipeline.cc:620] Registering image #104 (num_reg_frames=3)
I20261002 19:52:05.164196 20340 incremental_pipeline.cc:623] => Image sees 30 / 171 points
I20261002 19:52:05.164254 20340 incremental_pipeline.cc:629] Registering image with structure-less fallback
I20261002 19:52:05.164333 20340 incremental_pipeline.cc:631] => Image sees 66 / 1569 correspondences
I20261002 19:52:05.164400 20340 incremental_pipeline.cc:646] => Could not register, trying another image.
I20261002 19:52:05.164450 20340 incremental_pipeline.cc:620] Registering image #110 (num_reg_frames=3)
I20261002 19:52:05.164499 20340 incremental_pipeline.cc:623] => Image sees 33 / 146 points
I20261002 19:52:05.164548 20340 incremental_pipeline.cc:629] Registering image with structure-less fallback
I20261002 19:52:05.164597 20340 incremental_pipeline.cc:631] => Image sees 59 / 4159 correspondences
I20261002 19:52:05.164690 20340 incremental_pipeline.cc:646] => Could not register, trying another image.
I20261002 19:52:05.164788 20340 incremental_pipeline.cc:620] Registering image #125 (num_reg_frames=3)
I20261002 19:52:05.164879 20340 incremental_pipeline.cc:623] => Image sees 36 / 195 points
I20261002 19:52:05.164943 20340 incremental_pipeline.cc:629] Registering image with structure-less fallback
I20261002 19:52:05.164995 20340 incremental_pipeline.cc:631] => Image sees 59 / 1630 correspondences
I20261002 19:52:05.165047 20340 incremental_pipeline.cc:646] => Could not register, trying another image.
I20261002 19:52:05.165097 20340 incremental_pipeline.cc:620] Registering image #144 (num_reg_frames=3)
I20261002 19:52:05.165180 20340 incremental_pipeline.cc:623] => Image sees 41 / 127 points
I20261002 19:52:05.165253 20340 incremental_pipeline.cc:629] Registering image with structure-less fallback
I20261002 19:52:05.165305 20340 incremental_pipeline.cc:631] => Image sees 58 / 714 correspondences
I20261002 19:52:05.165381 20340 incremental_pipeline.cc:646] => Could not register, trying another image.
I20261002 19:52:05.165503 20340 incremental_pipeline.cc:620] Registering image #105 (num_reg_frames=3)
I20261002 19:52:05.165568 20340 incremental_pipeline.cc:623] => Image sees 35 / 161 points
I20261002 19:52:05.165621 20340 incremental_pipeline.cc:629] Registering image with structure-less fallback
I20261002 19:52:05.165671 20340 incremental_pipeline.cc:631] => Image sees 52 / 1730 correspondences
I20261002 19:52:05.165726 20340 incremental_pipeline.cc:646] => Could not register, trying another image.
I20261002 19:52:05.165774 20340 incremental_pipeline.cc:620] Registering image #115 (num_reg_frames=3)
I20261002 19:52:05.165824 20340 incremental_pipeline.cc:623] => Image sees 36 / 139 points
I20261002 19:52:05.165877 20340 incremental_pipeline.cc:629] Registering image with structure-less fallback
I20261002 19:52:05.165927 20340 incremental_pipeline.cc:631] => Image sees 42 / 1402 correspondences
I20261002 19:52:05.165976 20340 incremental_pipeline.cc:646] => Could not register, trying another image.
I20261002 19:52:05.166046 20340 incremental_pipeline.cc:88] Retriangulation and Global bundle adjustment
I20261002 19:52:05.166634 20340 incremental_pipeline.cc:620] Registering image #139 (num_reg_frames=3)
I20261002 19:52:05.166719 20340 incremental_pipeline.cc:623] => Image sees 43 / 139 points
I20261002 19:52:05.166787 20340 incremental_pipeline.cc:646] => Could not register, trying another image.
I20261002 19:52:05.166842 20340 incremental_pipeline.cc:620] Registering image #138 (num_reg_frames=3)
I20261002 19:52:05.166894 20340 incremental_pipeline.cc:623] => Image sees 43 / 140 points
I20261002 19:52:05.166973 20340 incremental_pipeline.cc:646] => Could not register, trying another image.
I20261002 19:52:05.167024 20340 incremental_pipeline.cc:620] Registering image #130 (num_reg_frames=3)
I20261002 19:52:05.167075 20340 incremental_pipeline.cc:623] => Image sees 43 / 209 points
I20261002 19:52:05.167153 20340 incremental_pipeline.cc:646] => Could not register, trying another image.
I20261002 19:52:05.167201 20340 incremental_pipeline.cc:620] Registering image #144 (num_reg_frames=3)
I20261002 19:52:05.167250 20340 incremental_pipeline.cc:623] => Image sees 41 / 127 points
I20261002 19:52:05.167310 20340 incremental_pipeline.cc:646] => Could not register, trying another image.
I20261002 19:52:05.167360 20340 incremental_pipeline.cc:620] Registering image #132 (num_reg_frames=3)
I20261002 19:52:05.167408 20340 incremental_pipeline.cc:623] => Image sees 41 / 208 points
I20261002 19:52:05.167479 20340 incremental_pipeline.cc:646] => Could not register, trying another image.
I20261002 19:52:05.167527 20340 incremental_pipeline.cc:620] Registering image #134 (num_reg_frames=3)
I20261002 19:52:05.167575 20340 incremental_pipeline.cc:623] => Image sees 39 / 165 points
I20261002 19:52:05.167635 20340 incremental_pipeline.cc:646] => Could not register, trying another image.
I20261002 19:52:05.167683 20340 incremental_pipeline.cc:620] Registering image #133 (num_reg_frames=3)
I20261002 19:52:05.167735 20340 incremental_pipeline.cc:623] => Image sees 40 / 162 points
I20261002 19:52:05.167798 20340 incremental_pipeline.cc:646] => Could not register, trying another image.
I20261002 19:52:05.167847 20340 incremental_pipeline.cc:620] Registering image #140 (num_reg_frames=3)
I20261002 19:52:05.167902 20340 incremental_pipeline.cc:623] => Image sees 41 / 157 points
I20261002 19:52:05.167964 20340 incremental_pipeline.cc:646] => Could not register, trying another image.
I20261002 19:52:05.168014 20340 incremental_pipeline.cc:620] Registering image #147 (num_reg_frames=3)
I20261002 19:52:05.168062 20340 incremental_pipeline.cc:623] => Image sees 39 / 130 points
I20261002 19:52:05.168120 20340 incremental_pipeline.cc:646] => Could not register, trying another image.
I20261002 19:52:05.168170 20340 incremental_pipeline.cc:620] Registering image #146 (num_reg_frames=3)
I20261002 19:52:05.168221 20340 incremental_pipeline.cc:623] => Image sees 39 / 111 points
I20261002 19:52:05.168280 20340 incremental_pipeline.cc:646] => Could not register, trying another image.
I20261002 19:52:05.168331 20340 incremental_pipeline.cc:620] Registering image #141 (num_reg_frames=3)
I20261002 19:52:05.168381 20340 incremental_pipeline.cc:623] => Image sees 40 / 141 points
I20261002 19:52:05.168437 20340 incremental_pipeline.cc:646] => Could not register, trying another image.
I20261002 19:52:05.168488 20340 incremental_pipeline.cc:620] Registering image #121 (num_reg_frames=3)
I20261002 19:52:05.168536 20340 incremental_pipeline.cc:623] => Image sees 37 / 182 points
I20261002 19:52:05.168611 20340 incremental_pipeline.cc:646] => Could not register, trying another image.
I20261002 19:52:05.168660 20340 incremental_pipeline.cc:620] Registering image #128 (num_reg_frames=3)
I20261002 19:52:05.168710 20340 incremental_pipeline.cc:623] => Image sees 38 / 195 points
I20261002 19:52:05.168772 20340 incremental_pipeline.cc:646] => Could not register, trying another image.
I20261002 19:52:05.168831 20340 incremental_pipeline.cc:620] Registering image #137 (num_reg_frames=3)
I20261002 19:52:05.168880 20340 incremental_pipeline.cc:623] => Image sees 37 / 145 points
I20261002 19:52:05.168938 20340 incremental_pipeline.cc:646] => Could not register, trying another image.
I20261002 19:52:05.168987 20340 incremental_pipeline.cc:620] Registering image #115 (num_reg_frames=3)
I20261002 19:52:05.169036 20340 incremental_pipeline.cc:623] => Image sees 36 / 139 points
I20261002 19:52:05.169094 20340 incremental_pipeline.cc:646] => Could not register, trying another image.
I20261002 19:52:05.169144 20340 incremental_pipeline.cc:620] Registering image #125 (num_reg_frames=3)
I20261002 19:52:05.169195 20340 incremental_pipeline.cc:623] => Image sees 36 / 195 points
I20261002 19:52:05.169255 20340 incremental_pipeline.cc:646] => Could not register, trying another image.
I20261002 19:52:05.169304 20340 incremental_pipeline.cc:620] Registering image #136 (num_reg_frames=3)
I20261002 19:52:05.169352 20340 incremental_pipeline.cc:623] => Image sees 37 / 196 points
I20261002 19:52:05.169414 20340 incremental_pipeline.cc:646] => Could not register, trying another image.
I20261002 19:52:05.169463 20340 incremental_pipeline.cc:620] Registering image #105 (num_reg_frames=3)
I20261002 19:52:05.169513 20340 incremental_pipeline.cc:623] => Image sees 35 / 161 points
I20261002 19:52:05.169575 20340 incremental_pipeline.cc:646] => Could not register, trying another image.
I20261002 19:52:05.169624 20340 incremental_pipeline.cc:620] Registering image #110 (num_reg_frames=3)
I20261002 19:52:05.169672 20340 incremental_pipeline.cc:623] => Image sees 33 / 146 points
I20261002 19:52:05.169764 20340 incremental_pipeline.cc:646] => Could not register, trying another image.
I20261002 19:52:05.169841 20340 incremental_pipeline.cc:620] Registering image #148 (num_reg_frames=3)
I20261002 19:52:05.169900 20340 incremental_pipeline.cc:623] => Image sees 33 / 113 points
I20261002 19:52:05.169978 20340 incremental_pipeline.cc:646] => Could not register, trying another image.
I20261002 19:52:05.170052 20340 incremental_pipeline.cc:620] Registering image #104 (num_reg_frames=3)
I20261002 19:52:05.170110 20340 incremental_pipeline.cc:623] => Image sees 30 / 171 points
I20261002 19:52:05.170173 20340 incremental_pipeline.cc:646] => Could not register, trying another image.
I20261002 19:52:05.170228 20340 incremental_pipeline.cc:620] Registering image #138 (num_reg_frames=3)
I20261002 19:52:05.170277 20340 incremental_pipeline.cc:623] => Image sees 43 / 140 points
I20261002 19:52:05.170326 20340 incremental_pipeline.cc:629] Registering image with structure-less fallback
I20261002 19:52:05.170374 20340 incremental_pipeline.cc:631] => Image sees 201 / 2645 correspondences
I20261002 19:52:05.170440 20340 incremental_pipeline.cc:646] => Could not register, trying another image.
I20261002 19:52:05.170488 20340 incremental_pipeline.cc:620] Registering image #133 (num_reg_frames=3)
I20261002 19:52:05.170537 20340 incremental_pipeline.cc:623] => Image sees 40 / 162 points
I20261002 19:52:05.170585 20340 incremental_pipeline.cc:629] Registering image with structure-less fallback
I20261002 19:52:05.170651 20340 incremental_pipeline.cc:631] => Image sees 195 / 1289 correspondences
I20261002 19:52:05.170725 20340 incremental_pipeline.cc:646] => Could not register, trying another image.
I20261002 19:52:05.170779 20340 incremental_pipeline.cc:620] Registering image #139 (num_reg_frames=3)
I20261002 19:52:05.170828 20340 incremental_pipeline.cc:623] => Image sees 43 / 139 points
I20261002 19:52:05.170877 20340 incremental_pipeline.cc:629] Registering image with structure-less fallback
I20261002 19:52:05.170925 20340 incremental_pipeline.cc:631] => Image sees 195 / 811 correspondences
I20261002 19:52:05.170983 20340 incremental_pipeline.cc:646] => Could not register, trying another image.
I20261002 19:52:05.171031 20340 incremental_pipeline.cc:620] Registering image #130 (num_reg_frames=3)
I20261002 19:52:05.171080 20340 incremental_pipeline.cc:623] => Image sees 43 / 209 points
I20261002 19:52:05.171138 20340 incremental_pipeline.cc:629] Registering image with structure-less fallback
I20261002 19:52:05.171185 20340 incremental_pipeline.cc:631] => Image sees 149 / 5240 correspondences
I20261002 19:52:05.171262 20340 incremental_pipeline.cc:646] => Could not register, trying another image.
I20261002 19:52:05.171312 20340 incremental_pipeline.cc:620] Registering image #141 (num_reg_frames=3)
I20261002 19:52:05.171360 20340 incremental_pipeline.cc:623] => Image sees 40 / 141 points
I20261002 19:52:05.171408 20340 incremental_pipeline.cc:629] Registering image with structure-less fallback
I20261002 19:52:05.171456 20340 incremental_pipeline.cc:631] => Image sees 140 / 744 correspondences
I20261002 19:52:05.171513 20340 incremental_pipeline.cc:646] => Could not register, trying another image.
I20261002 19:52:05.171560 20340 incremental_pipeline.cc:620] Registering image #146 (num_reg_frames=3)
I20261002 19:52:05.171607 20340 incremental_pipeline.cc:623] => Image sees 39 / 111 points
I20261002 19:52:05.171655 20340 incremental_pipeline.cc:629] Registering image with structure-less fallback
I20261002 19:52:05.171703 20340 incremental_pipeline.cc:631] => Image sees 129 / 533 correspondences
I20261002 19:52:05.171758 20340 incremental_pipeline.cc:646] => Could not register, trying another image.
I20261002 19:52:05.171807 20340 incremental_pipeline.cc:620] Registering image #121 (num_reg_frames=3)
I20261002 19:52:05.171855 20340 incremental_pipeline.cc:623] => Image sees 37 / 182 points
I20261002 19:52:05.171903 20340 incremental_pipeline.cc:629] Registering image with structure-less fallback
I20261002 19:52:05.171951 20340 incremental_pipeline.cc:631] => Image sees 126 / 5092 correspondences
I20261002 19:52:05.172025 20340 incremental_pipeline.cc:646] => Could not register, trying another image.
I20261002 19:52:05.172077 20340 incremental_pipeline.cc:620] Registering image #134 (num_reg_frames=3)
I20261002 19:52:05.172125 20340 incremental_pipeline.cc:623] => Image sees 39 / 165 points
I20261002 19:52:05.172171 20340 incremental_pipeline.cc:629] Registering image with structure-less fallback
I20261002 19:52:05.172218 20340 incremental_pipeline.cc:631] => Image sees 124 / 1224 correspondences
I20261002 19:52:05.172275 20340 incremental_pipeline.cc:646] => Could not register, trying another image.
I20261002 19:52:05.172320 20340 incremental_pipeline.cc:620] Registering image #132 (num_reg_frames=3)
I20261002 19:52:05.172366 20340 incremental_pipeline.cc:623] => Image sees 41 / 208 points
I20261002 19:52:05.172411 20340 incremental_pipeline.cc:629] Registering image with structure-less fallback
I20261002 19:52:05.172456 20340 incremental_pipeline.cc:631] => Image sees 114 / 1711 correspondences
I20261002 19:52:05.172513 20340 incremental_pipeline.cc:646] => Could not register, trying another image.
I20261002 19:52:05.172558 20340 incremental_pipeline.cc:620] Registering image #140 (num_reg_frames=3)
I20261002 19:52:05.172604 20340 incremental_pipeline.cc:623] => Image sees 41 / 157 points
I20261002 19:52:05.172648 20340 incremental_pipeline.cc:629] Registering image with structure-less fallback
I20261002 19:52:05.172693 20340 incremental_pipeline.cc:631] => Image sees 94 / 974 correspondences
I20261002 19:52:05.172749 20340 incremental_pipeline.cc:646] => Could not register, trying another image.
I20261002 19:52:05.172797 20340 incremental_pipeline.cc:620] Registering image #128 (num_reg_frames=3)
I20261002 19:52:05.172843 20340 incremental_pipeline.cc:623] => Image sees 38 / 195 points
I20261002 19:52:05.172887 20340 incremental_pipeline.cc:629] Registering image with structure-less fallback
I20261002 19:52:05.172933 20340 incremental_pipeline.cc:631] => Image sees 86 / 1604 correspondences
I20261002 19:52:05.172989 20340 incremental_pipeline.cc:646] => Could not register, trying another image.
I20261002 19:52:05.173035 20340 incremental_pipeline.cc:620] Registering image #136 (num_reg_frames=3)
I20261002 19:52:05.173080 20340 incremental_pipeline.cc:623] => Image sees 37 / 196 points
I20261002 19:52:05.173138 20340 incremental_pipeline.cc:629] Registering image with structure-less fallback
I20261002 19:52:05.173183 20340 incremental_pipeline.cc:631] => Image sees 83 / 1323 correspondences
I20261002 19:52:05.173240 20340 incremental_pipeline.cc:646] => Could not register, trying another image.
I20261002 19:52:05.173284 20340 incremental_pipeline.cc:620] Registering image #147 (num_reg_frames=3)
I20261002 19:52:05.173332 20340 incremental_pipeline.cc:623] => Image sees 39 / 130 points
I20261002 19:52:05.173377 20340 incremental_pipeline.cc:629] Registering image with structure-less fallback
I20261002 19:52:05.173421 20340 incremental_pipeline.cc:631] => Image sees 77 / 465 correspondences
I20261002 19:52:05.173476 20340 incremental_pipeline.cc:646] => Could not register, trying another image.
I20261002 19:52:05.173521 20340 incremental_pipeline.cc:620] Registering image #137 (num_reg_frames=3)
I20261002 19:52:05.173566 20340 incremental_pipeline.cc:623] => Image sees 37 / 145 points
I20261002 19:52:05.173611 20340 incremental_pipeline.cc:629] Registering image with structure-less fallback
I20261002 19:52:05.173656 20340 incremental_pipeline.cc:631] => Image sees 72 / 1299 correspondences
I20261002 19:52:05.173712 20340 incremental_pipeline.cc:646] => Could not register, trying another image.
I20261002 19:52:05.173756 20340 incremental_pipeline.cc:620] Registering image #148 (num_reg_frames=3)
I20261002 19:52:05.173802 20340 incremental_pipeline.cc:623] => Image sees 33 / 113 points
I20261002 19:52:05.173847 20340 incremental_pipeline.cc:629] Registering image with structure-less fallback
I20261002 19:52:05.173892 20340 incremental_pipeline.cc:631] => Image sees 66 / 407 correspondences
I20261002 19:52:05.173944 20340 incremental_pipeline.cc:646] => Could not register, trying another image.
I20261002 19:52:05.173988 20340 incremental_pipeline.cc:620] Registering image #104 (num_reg_frames=3)
I20261002 19:52:05.174033 20340 incremental_pipeline.cc:623] => Image sees 30 / 171 points
I20261002 19:52:05.174079 20340 incremental_pipeline.cc:629] Registering image with structure-less fallback
I20261002 19:52:05.174127 20340 incremental_pipeline.cc:631] => Image sees 66 / 1569 correspondences
I20261002 19:52:05.174184 20340 incremental_pipeline.cc:646] => Could not register, trying another image.
I20261002 19:52:05.174228 20340 incremental_pipeline.cc:620] Registering image #110 (num_reg_frames=3)
I20261002 19:52:05.174274 20340 incremental_pipeline.cc:623] => Image sees 33 / 146 points
I20261002 19:52:05.174318 20340 incremental_pipeline.cc:629] Registering image with structure-less fallback
I20261002 19:52:05.174363 20340 incremental_pipeline.cc:631] => Image sees 59 / 4159 correspondences
I20261002 19:52:05.174409 20340 incremental_pipeline.cc:646] => Could not register, trying another image.
I20261002 19:52:05.174453 20340 incremental_pipeline.cc:620] Registering image #125 (num_reg_frames=3)
I20261002 19:52:05.174499 20340 incremental_pipeline.cc:623] => Image sees 36 / 195 points
I20261002 19:52:05.174543 20340 incremental_pipeline.cc:629] Registering image with structure-less fallback
I20261002 19:52:05.174589 20340 incremental_pipeline.cc:631] => Image sees 59 / 1630 correspondences
I20261002 19:52:05.174634 20340 incremental_pipeline.cc:646] => Could not register, trying another image.
I20261002 19:52:05.174682 20340 incremental_pipeline.cc:620] Registering image #144 (num_reg_frames=3)
I20261002 19:52:05.174727 20340 incremental_pipeline.cc:623] => Image sees 41 / 127 points
I20261002 19:52:05.174773 20340 incremental_pipeline.cc:629] Registering image with structure-less fallback
I20261002 19:52:05.174818 20340 incremental_pipeline.cc:631] => Image sees 58 / 714 correspondences
I20261002 19:52:05.174863 20340 incremental_pipeline.cc:646] => Could not register, trying another image.
I20261002 19:52:05.174907 20340 incremental_pipeline.cc:620] Registering image #105 (num_reg_frames=3)
I20261002 19:52:05.174952 20340 incremental_pipeline.cc:623] => Image sees 35 / 161 points
I20261002 19:52:05.174997 20340 incremental_pipeline.cc:629] Registering image with structure-less fallback
I20261002 19:52:05.175050 20340 incremental_pipeline.cc:631] => Image sees 52 / 1730 correspondences
I20261002 19:52:05.175097 20340 incremental_pipeline.cc:646] => Could not register, trying another image.
I20261002 19:52:05.175145 20340 incremental_pipeline.cc:620] Registering image #115 (num_reg_frames=3)
I20261002 19:52:05.175190 20340 incremental_pipeline.cc:623] => Image sees 36 / 139 points
I20261002 19:52:05.175235 20340 incremental_pipeline.cc:629] Registering image with structure-less fallback
I20261002 19:52:05.175280 20340 incremental_pipeline.cc:631] => Image sees 42 / 1402 correspondences
I20261002 19:52:05.175325 20340 incremental_pipeline.cc:646] => Could not register, trying another image.
W20261002 19:52:05.175373 20340 incremental_pipeline.cc:821] Discarding reconstruction due to insufficient size
I20261002 19:52:05.176302 20340 incremental_pipeline.cc:465] Finding good initial image pair
I20261002 19:52:05.178475 20340 incremental_pipeline.cc:472] => No good initial image pair found.
I20261002 19:52:05.178572 20340 incremental_pipeline.cc:800] Discarding reconstruction due to no initial pair
I20261002 19:52:05.178723 20340 timer.cc:90] Elapsed time: 0.275 [minutes]
