I20261002 22:40:02.521299 10408 automatic_reconstruction.cc:271] === Feature extraction ===
I20261002 22:40:02.523075 27124 feature_extraction.cc:498] === Feature extraction ===
I20261002 22:40:02.526307 11652 sift.cc:754] Creating Covariant SIFT CPU feature extractor
I20261002 22:40:02.527028 24736 sift.cc:754] Creating Covariant SIFT CPU feature extractor
I20261002 22:40:02.527071 10972 sift.cc:754] Creating Covariant SIFT CPU feature extractor
I20261002 22:40:02.527116  3484 sift.cc:754] Creating Covariant SIFT CPU feature extractor
I20261002 22:40:02.527205 15500 sift.cc:754] Creating Covariant SIFT CPU feature extractor
I20261002 22:40:02.527255 19448 sift.cc:754] Creating Covariant SIFT CPU feature extractor
I20261002 22:40:02.527379  5836 sift.cc:754] Creating Covariant SIFT CPU feature extractor
I20261002 22:40:02.527492 25888 sift.cc:754] Creating Covariant SIFT CPU feature extractor
I20261002 22:40:02.527526 26760 sift.cc:754] Creating Covariant SIFT CPU feature extractor
I20261002 22:40:02.527566 25376 sift.cc:754] Creating Covariant SIFT CPU feature extractor
I20261002 22:40:02.527596 16316 sift.cc:754] Creating Covariant SIFT CPU feature extractor
I20261002 22:40:02.527664  8196 sift.cc:754] Creating Covariant SIFT CPU feature extractor
I20261002 22:40:02.527701 14976 sift.cc:754] Creating Covariant SIFT CPU feature extractor
I20261002 22:40:02.527745 14444 sift.cc:754] Creating Covariant SIFT CPU feature extractor
I20261002 22:40:02.527778 27608 sift.cc:754] Creating Covariant SIFT CPU feature extractor
I20261002 22:40:02.527825  2564 sift.cc:754] Creating Covariant SIFT CPU feature extractor
I20261002 22:40:02.527853 25384 sift.cc:754] Creating Covariant SIFT CPU feature extractor
I20261002 22:40:02.527906 25416 sift.cc:754] Creating Covariant SIFT CPU feature extractor
I20261002 22:40:02.527944 23000 sift.cc:754] Creating Covariant SIFT CPU feature extractor
I20261002 22:40:02.528023 23200 sift.cc:754] Creating Covariant SIFT CPU feature extractor
I20261002 22:40:02.607941 26384 feature_extraction.cc:270] Processed file [1/96]
I20261002 22:40:02.608238 26384 feature_extraction.cc:273]   Name:            0000.png
I20261002 22:40:02.608373 26384 feature_extraction.cc:282]   Dimensions:      256 x 256
I20261002 22:40:02.608495 26384 feature_extraction.cc:285]   Camera:          #1 - PINHOLE
I20261002 22:40:02.608612 26384 feature_extraction.cc:289]   Focal Length:    307.20px
I20261002 22:40:02.608739 26384 feature_extraction.cc:294]   Features:        217 (SIFT)
I20261002 22:40:02.611449 26384 feature_extraction.cc:270] Processed file [2/96]
I20261002 22:40:02.611630 26384 feature_extraction.cc:273]   Name:            0001.png
I20261002 22:40:02.611767 26384 feature_extraction.cc:282]   Dimensions:      256 x 256
I20261002 22:40:02.611889 26384 feature_extraction.cc:285]   Camera:          #1 - PINHOLE
I20261002 22:40:02.611998 26384 feature_extraction.cc:289]   Focal Length:    307.20px
I20261002 22:40:02.612106 26384 feature_extraction.cc:294]   Features:        221 (SIFT)
I20261002 22:40:02.618070 26384 feature_extraction.cc:270] Processed file [3/96]
I20261002 22:40:02.618303 26384 feature_extraction.cc:273]   Name:            0003.png
I20261002 22:40:02.618426 26384 feature_extraction.cc:282]   Dimensions:      256 x 256
I20261002 22:40:02.618566 26384 feature_extraction.cc:285]   Camera:          #1 - PINHOLE
I20261002 22:40:02.618713 26384 feature_extraction.cc:289]   Focal Length:    307.20px
I20261002 22:40:02.618862 26384 feature_extraction.cc:294]   Features:        232 (SIFT)
I20261002 22:40:02.621293 26384 feature_extraction.cc:270] Processed file [4/96]
I20261002 22:40:02.621477 26384 feature_extraction.cc:273]   Name:            0004.png
I20261002 22:40:02.621600 26384 feature_extraction.cc:282]   Dimensions:      256 x 256
I20261002 22:40:02.621707 26384 feature_extraction.cc:285]   Camera:          #1 - PINHOLE
I20261002 22:40:02.621803 26384 feature_extraction.cc:289]   Focal Length:    307.20px
I20261002 22:40:02.621908 26384 feature_extraction.cc:294]   Features:        238 (SIFT)
I20261002 22:40:02.635638 26384 feature_extraction.cc:270] Processed file [5/96]
I20261002 22:40:02.635953 26384 feature_extraction.cc:273]   Name:            0002.png
I20261002 22:40:02.636342 26384 feature_extraction.cc:282]   Dimensions:      256 x 256
I20261002 22:40:02.636547 26384 feature_extraction.cc:285]   Camera:          #1 - PINHOLE
I20261002 22:40:02.636746 26384 feature_extraction.cc:289]   Focal Length:    307.20px
I20261002 22:40:02.636884 26384 feature_extraction.cc:294]   Features:        240 (SIFT)
I20261002 22:40:02.639357 26384 feature_extraction.cc:270] Processed file [6/96]
I20261002 22:40:02.639600 26384 feature_extraction.cc:273]   Name:            0009.png
I20261002 22:40:02.639771 26384 feature_extraction.cc:282]   Dimensions:      256 x 256
I20261002 22:40:02.639937 26384 feature_extraction.cc:285]   Camera:          #1 - PINHOLE
I20261002 22:40:02.640081 26384 feature_extraction.cc:289]   Focal Length:    307.20px
I20261002 22:40:02.640202 26384 feature_extraction.cc:294]   Features:        234 (SIFT)
I20261002 22:40:02.642477 26384 feature_extraction.cc:270] Processed file [7/96]
I20261002 22:40:02.642774 26384 feature_extraction.cc:273]   Name:            0010.png
I20261002 22:40:02.642977 26384 feature_extraction.cc:282]   Dimensions:      256 x 256
I20261002 22:40:02.643130 26384 feature_extraction.cc:285]   Camera:          #1 - PINHOLE
I20261002 22:40:02.643324 26384 feature_extraction.cc:289]   Focal Length:    307.20px
I20261002 22:40:02.643534 26384 feature_extraction.cc:294]   Features:        236 (SIFT)
I20261002 22:40:02.645688 26384 feature_extraction.cc:270] Processed file [8/96]
I20261002 22:40:02.645963 26384 feature_extraction.cc:273]   Name:            0008.png
I20261002 22:40:02.646204 26384 feature_extraction.cc:282]   Dimensions:      256 x 256
I20261002 22:40:02.646424 26384 feature_extraction.cc:285]   Camera:          #1 - PINHOLE
I20261002 22:40:02.646635 26384 feature_extraction.cc:289]   Focal Length:    307.20px
I20261002 22:40:02.646849 26384 feature_extraction.cc:294]   Features:        226 (SIFT)
I20261002 22:40:02.649154 26384 feature_extraction.cc:270] Processed file [9/96]
I20261002 22:40:02.649451 26384 feature_extraction.cc:273]   Name:            0006.png
I20261002 22:40:02.649704 26384 feature_extraction.cc:282]   Dimensions:      256 x 256
I20261002 22:40:02.649919 26384 feature_extraction.cc:285]   Camera:          #1 - PINHOLE
I20261002 22:40:02.650097 26384 feature_extraction.cc:289]   Focal Length:    307.20px
I20261002 22:40:02.650266 26384 feature_extraction.cc:294]   Features:        256 (SIFT)
I20261002 22:40:02.652473 26384 feature_extraction.cc:270] Processed file [10/96]
I20261002 22:40:02.652730 26384 feature_extraction.cc:273]   Name:            0005.png
I20261002 22:40:02.652945 26384 feature_extraction.cc:282]   Dimensions:      256 x 256
I20261002 22:40:02.653164 26384 feature_extraction.cc:285]   Camera:          #1 - PINHOLE
I20261002 22:40:02.653398 26384 feature_extraction.cc:289]   Focal Length:    307.20px
I20261002 22:40:02.653654 26384 feature_extraction.cc:294]   Features:        257 (SIFT)
I20261002 22:40:02.655632 26384 feature_extraction.cc:270] Processed file [11/96]
I20261002 22:40:02.655952 26384 feature_extraction.cc:273]   Name:            0007.png
I20261002 22:40:02.656183 26384 feature_extraction.cc:282]   Dimensions:      256 x 256
I20261002 22:40:02.656405 26384 feature_extraction.cc:285]   Camera:          #1 - PINHOLE
I20261002 22:40:02.656658 26384 feature_extraction.cc:289]   Focal Length:    307.20px
I20261002 22:40:02.656874 26384 feature_extraction.cc:294]   Features:        240 (SIFT)
I20261002 22:40:02.658900 26384 feature_extraction.cc:270] Processed file [12/96]
I20261002 22:40:02.659228 26384 feature_extraction.cc:273]   Name:            0013.png
I20261002 22:40:02.659481 26384 feature_extraction.cc:282]   Dimensions:      256 x 256
I20261002 22:40:02.659658 26384 feature_extraction.cc:285]   Camera:          #1 - PINHOLE
I20261002 22:40:02.659985 26384 feature_extraction.cc:289]   Focal Length:    307.20px
I20261002 22:40:02.660173 26384 feature_extraction.cc:294]   Features:        230 (SIFT)
I20261002 22:40:02.662562 26384 feature_extraction.cc:270] Processed file [13/96]
I20261002 22:40:02.662944 26384 feature_extraction.cc:273]   Name:            0011.png
I20261002 22:40:02.663143 26384 feature_extraction.cc:282]   Dimensions:      256 x 256
I20261002 22:40:02.663384 26384 feature_extraction.cc:285]   Camera:          #1 - PINHOLE
I20261002 22:40:02.663604 26384 feature_extraction.cc:289]   Focal Length:    307.20px
I20261002 22:40:02.663816 26384 feature_extraction.cc:294]   Features:        242 (SIFT)
I20261002 22:40:02.664927 26384 feature_extraction.cc:270] Processed file [14/96]
I20261002 22:40:02.665164 26384 feature_extraction.cc:273]   Name:            0016.png
I20261002 22:40:02.665334 26384 feature_extraction.cc:282]   Dimensions:      256 x 256
I20261002 22:40:02.665496 26384 feature_extraction.cc:285]   Camera:          #1 - PINHOLE
I20261002 22:40:02.665655 26384 feature_extraction.cc:289]   Focal Length:    307.20px
I20261002 22:40:02.665813 26384 feature_extraction.cc:294]   Features:        253 (SIFT)
I20261002 22:40:02.669045 26384 feature_extraction.cc:270] Processed file [15/96]
I20261002 22:40:02.669373 26384 feature_extraction.cc:273]   Name:            0015.png
I20261002 22:40:02.669578 26384 feature_extraction.cc:282]   Dimensions:      256 x 256
I20261002 22:40:02.669752 26384 feature_extraction.cc:285]   Camera:          #1 - PINHOLE
I20261002 22:40:02.669920 26384 feature_extraction.cc:289]   Focal Length:    307.20px
I20261002 22:40:02.670083 26384 feature_extraction.cc:294]   Features:        254 (SIFT)
I20261002 22:40:02.671203 26384 feature_extraction.cc:270] Processed file [16/96]
I20261002 22:40:02.671486 26384 feature_extraction.cc:273]   Name:            0012.png
I20261002 22:40:02.671644 26384 feature_extraction.cc:282]   Dimensions:      256 x 256
I20261002 22:40:02.671772 26384 feature_extraction.cc:285]   Camera:          #1 - PINHOLE
I20261002 22:40:02.671892 26384 feature_extraction.cc:289]   Focal Length:    307.20px
I20261002 22:40:02.672013 26384 feature_extraction.cc:294]   Features:        234 (SIFT)
I20261002 22:40:02.674243 26384 feature_extraction.cc:270] Processed file [17/96]
I20261002 22:40:02.674499 26384 feature_extraction.cc:273]   Name:            0017.png
I20261002 22:40:02.674641 26384 feature_extraction.cc:282]   Dimensions:      256 x 256
I20261002 22:40:02.674753 26384 feature_extraction.cc:285]   Camera:          #1 - PINHOLE
I20261002 22:40:02.674864 26384 feature_extraction.cc:289]   Focal Length:    307.20px
I20261002 22:40:02.674977 26384 feature_extraction.cc:294]   Features:        231 (SIFT)
I20261002 22:40:02.677187 26384 feature_extraction.cc:270] Processed file [18/96]
I20261002 22:40:02.677441 26384 feature_extraction.cc:273]   Name:            0019.png
I20261002 22:40:02.677597 26384 feature_extraction.cc:282]   Dimensions:      256 x 256
I20261002 22:40:02.677725 26384 feature_extraction.cc:285]   Camera:          #1 - PINHOLE
I20261002 22:40:02.677850 26384 feature_extraction.cc:289]   Focal Length:    307.20px
I20261002 22:40:02.677972 26384 feature_extraction.cc:294]   Features:        243 (SIFT)
I20261002 22:40:02.680546 26384 feature_extraction.cc:270] Processed file [19/96]
I20261002 22:40:02.680807 26384 feature_extraction.cc:273]   Name:            0018.png
I20261002 22:40:02.680958 26384 feature_extraction.cc:282]   Dimensions:      256 x 256
I20261002 22:40:02.681085 26384 feature_extraction.cc:285]   Camera:          #1 - PINHOLE
I20261002 22:40:02.681203 26384 feature_extraction.cc:289]   Focal Length:    307.20px
I20261002 22:40:02.681323 26384 feature_extraction.cc:294]   Features:        254 (SIFT)
I20261002 22:40:02.686401 26384 feature_extraction.cc:270] Processed file [20/96]
I20261002 22:40:02.686739 26384 feature_extraction.cc:273]   Name:            0014.png
I20261002 22:40:02.686905 26384 feature_extraction.cc:282]   Dimensions:      256 x 256
I20261002 22:40:02.687030 26384 feature_extraction.cc:285]   Camera:          #1 - PINHOLE
I20261002 22:40:02.687144 26384 feature_extraction.cc:289]   Focal Length:    307.20px
I20261002 22:40:02.687253 26384 feature_extraction.cc:294]   Features:        246 (SIFT)
I20261002 22:40:02.689447 26384 feature_extraction.cc:270] Processed file [21/96]
I20261002 22:40:02.689729 26384 feature_extraction.cc:273]   Name:            0020.png
I20261002 22:40:02.689900 26384 feature_extraction.cc:282]   Dimensions:      256 x 256
I20261002 22:40:02.690077 26384 feature_extraction.cc:285]   Camera:          #1 - PINHOLE
I20261002 22:40:02.690207 26384 feature_extraction.cc:289]   Focal Length:    307.20px
I20261002 22:40:02.690325 26384 feature_extraction.cc:294]   Features:        266 (SIFT)
I20261002 22:40:02.692705 26384 feature_extraction.cc:270] Processed file [22/96]
I20261002 22:40:02.693009 26384 feature_extraction.cc:273]   Name:            0021.png
I20261002 22:40:02.693189 26384 feature_extraction.cc:282]   Dimensions:      256 x 256
I20261002 22:40:02.693322 26384 feature_extraction.cc:285]   Camera:          #1 - PINHOLE
I20261002 22:40:02.693448 26384 feature_extraction.cc:289]   Focal Length:    307.20px
I20261002 22:40:02.693573 26384 feature_extraction.cc:294]   Features:        262 (SIFT)
I20261002 22:40:02.695737 26384 feature_extraction.cc:270] Processed file [23/96]
I20261002 22:40:02.695957 26384 feature_extraction.cc:273]   Name:            0023.png
I20261002 22:40:02.696104 26384 feature_extraction.cc:282]   Dimensions:      256 x 256
I20261002 22:40:02.696225 26384 feature_extraction.cc:285]   Camera:          #1 - PINHOLE
I20261002 22:40:02.696337 26384 feature_extraction.cc:289]   Focal Length:    307.20px
I20261002 22:40:02.696446 26384 feature_extraction.cc:294]   Features:        223 (SIFT)
I20261002 22:40:02.698882 26384 feature_extraction.cc:270] Processed file [24/96]
I20261002 22:40:02.699145 26384 feature_extraction.cc:273]   Name:            0022.png
I20261002 22:40:02.699314 26384 feature_extraction.cc:282]   Dimensions:      256 x 256
I20261002 22:40:02.699452 26384 feature_extraction.cc:285]   Camera:          #1 - PINHOLE
I20261002 22:40:02.699578 26384 feature_extraction.cc:289]   Focal Length:    307.20px
I20261002 22:40:02.699710 26384 feature_extraction.cc:294]   Features:        247 (SIFT)
I20261002 22:40:02.701938 26384 feature_extraction.cc:270] Processed file [25/96]
I20261002 22:40:02.702179 26384 feature_extraction.cc:273]   Name:            0026.png
I20261002 22:40:02.702362 26384 feature_extraction.cc:282]   Dimensions:      256 x 256
I20261002 22:40:02.702499 26384 feature_extraction.cc:285]   Camera:          #1 - PINHOLE
I20261002 22:40:02.702628 26384 feature_extraction.cc:289]   Focal Length:    307.20px
I20261002 22:40:02.702757 26384 feature_extraction.cc:294]   Features:        209 (SIFT)
I20261002 22:40:02.705779 26384 feature_extraction.cc:270] Processed file [26/96]
I20261002 22:40:02.706042 26384 feature_extraction.cc:273]   Name:            0024.png
I20261002 22:40:02.706252 26384 feature_extraction.cc:282]   Dimensions:      256 x 256
I20261002 22:40:02.706407 26384 feature_extraction.cc:285]   Camera:          #1 - PINHOLE
I20261002 22:40:02.706520 26384 feature_extraction.cc:289]   Focal Length:    307.20px
I20261002 22:40:02.706643 26384 feature_extraction.cc:294]   Features:        254 (SIFT)
I20261002 22:40:02.708290 26384 feature_extraction.cc:270] Processed file [27/96]
I20261002 22:40:02.708558 26384 feature_extraction.cc:273]   Name:            0025.png
I20261002 22:40:02.708728 26384 feature_extraction.cc:282]   Dimensions:      256 x 256
I20261002 22:40:02.708903 26384 feature_extraction.cc:285]   Camera:          #1 - PINHOLE
I20261002 22:40:02.709050 26384 feature_extraction.cc:289]   Focal Length:    307.20px
I20261002 22:40:02.709188 26384 feature_extraction.cc:294]   Features:        233 (SIFT)
I20261002 22:40:02.712175 26384 feature_extraction.cc:270] Processed file [28/96]
I20261002 22:40:02.712529 26384 feature_extraction.cc:273]   Name:            0027.png
I20261002 22:40:02.712727 26384 feature_extraction.cc:282]   Dimensions:      256 x 256
I20261002 22:40:02.712920 26384 feature_extraction.cc:285]   Camera:          #1 - PINHOLE
I20261002 22:40:02.713218 26384 feature_extraction.cc:289]   Focal Length:    307.20px
I20261002 22:40:02.713397 26384 feature_extraction.cc:294]   Features:        191 (SIFT)
I20261002 22:40:02.714807 26384 feature_extraction.cc:270] Processed file [29/96]
I20261002 22:40:02.715047 26384 feature_extraction.cc:273]   Name:            0028.png
I20261002 22:40:02.715223 26384 feature_extraction.cc:282]   Dimensions:      256 x 256
I20261002 22:40:02.715377 26384 feature_extraction.cc:285]   Camera:          #1 - PINHOLE
I20261002 22:40:02.715546 26384 feature_extraction.cc:289]   Focal Length:    307.20px
I20261002 22:40:02.715704 26384 feature_extraction.cc:294]   Features:        214 (SIFT)
I20261002 22:40:02.718239 26384 feature_extraction.cc:270] Processed file [30/96]
I20261002 22:40:02.718542 26384 feature_extraction.cc:273]   Name:            0029.png
I20261002 22:40:02.718704 26384 feature_extraction.cc:282]   Dimensions:      256 x 256
I20261002 22:40:02.718832 26384 feature_extraction.cc:285]   Camera:          #1 - PINHOLE
I20261002 22:40:02.718956 26384 feature_extraction.cc:289]   Focal Length:    307.20px
I20261002 22:40:02.719168 26384 feature_extraction.cc:294]   Features:        207 (SIFT)
I20261002 22:40:02.723681 26384 feature_extraction.cc:270] Processed file [31/96]
I20261002 22:40:02.724010 26384 feature_extraction.cc:273]   Name:            0033.png
I20261002 22:40:02.724196 26384 feature_extraction.cc:282]   Dimensions:      256 x 256
I20261002 22:40:02.724356 26384 feature_extraction.cc:285]   Camera:          #1 - PINHOLE
I20261002 22:40:02.724527 26384 feature_extraction.cc:289]   Focal Length:    307.20px
I20261002 22:40:02.724647 26384 feature_extraction.cc:294]   Features:        202 (SIFT)
I20261002 22:40:02.727384 26384 feature_extraction.cc:270] Processed file [32/96]
I20261002 22:40:02.727668 26384 feature_extraction.cc:273]   Name:            0031.png
I20261002 22:40:02.727844 26384 feature_extraction.cc:282]   Dimensions:      256 x 256
I20261002 22:40:02.727990 26384 feature_extraction.cc:285]   Camera:          #1 - PINHOLE
I20261002 22:40:02.728112 26384 feature_extraction.cc:289]   Focal Length:    307.20px
I20261002 22:40:02.728247 26384 feature_extraction.cc:294]   Features:        226 (SIFT)
I20261002 22:40:02.731002 26384 feature_extraction.cc:270] Processed file [33/96]
I20261002 22:40:02.731284 26384 feature_extraction.cc:273]   Name:            0030.png
I20261002 22:40:02.731451 26384 feature_extraction.cc:282]   Dimensions:      256 x 256
I20261002 22:40:02.731588 26384 feature_extraction.cc:285]   Camera:          #1 - PINHOLE
I20261002 22:40:02.731729 26384 feature_extraction.cc:289]   Focal Length:    307.20px
I20261002 22:40:02.731855 26384 feature_extraction.cc:294]   Features:        217 (SIFT)
I20261002 22:40:02.734312 26384 feature_extraction.cc:270] Processed file [34/96]
I20261002 22:40:02.734589 26384 feature_extraction.cc:273]   Name:            0035.png
I20261002 22:40:02.734748 26384 feature_extraction.cc:282]   Dimensions:      256 x 256
I20261002 22:40:02.734874 26384 feature_extraction.cc:285]   Camera:          #1 - PINHOLE
I20261002 22:40:02.734988 26384 feature_extraction.cc:289]   Focal Length:    307.20px
I20261002 22:40:02.735111 26384 feature_extraction.cc:294]   Features:        191 (SIFT)
I20261002 22:40:02.737553 26384 feature_extraction.cc:270] Processed file [35/96]
I20261002 22:40:02.737826 26384 feature_extraction.cc:273]   Name:            0034.png
I20261002 22:40:02.737986 26384 feature_extraction.cc:282]   Dimensions:      256 x 256
I20261002 22:40:02.738130 26384 feature_extraction.cc:285]   Camera:          #1 - PINHOLE
I20261002 22:40:02.738271 26384 feature_extraction.cc:289]   Focal Length:    307.20px
I20261002 22:40:02.738400 26384 feature_extraction.cc:294]   Features:        191 (SIFT)
I20261002 22:40:02.740773 26384 feature_extraction.cc:270] Processed file [36/96]
I20261002 22:40:02.741009 26384 feature_extraction.cc:273]   Name:            0037.png
I20261002 22:40:02.741144 26384 feature_extraction.cc:282]   Dimensions:      256 x 256
I20261002 22:40:02.741312 26384 feature_extraction.cc:285]   Camera:          #1 - PINHOLE
I20261002 22:40:02.741441 26384 feature_extraction.cc:289]   Focal Length:    307.20px
I20261002 22:40:02.741579 26384 feature_extraction.cc:294]   Features:        189 (SIFT)
I20261002 22:40:02.743956 26384 feature_extraction.cc:270] Processed file [37/96]
I20261002 22:40:02.744246 26384 feature_extraction.cc:273]   Name:            0032.png
I20261002 22:40:02.744407 26384 feature_extraction.cc:282]   Dimensions:      256 x 256
I20261002 22:40:02.744527 26384 feature_extraction.cc:285]   Camera:          #1 - PINHOLE
I20261002 22:40:02.744653 26384 feature_extraction.cc:289]   Focal Length:    307.20px
I20261002 22:40:02.744808 26384 feature_extraction.cc:294]   Features:        203 (SIFT)
I20261002 22:40:02.747195 26384 feature_extraction.cc:270] Processed file [38/96]
I20261002 22:40:02.747435 26384 feature_extraction.cc:273]   Name:            0038.png
I20261002 22:40:02.747559 26384 feature_extraction.cc:282]   Dimensions:      256 x 256
I20261002 22:40:02.747663 26384 feature_extraction.cc:285]   Camera:          #1 - PINHOLE
I20261002 22:40:02.747817 26384 feature_extraction.cc:289]   Focal Length:    307.20px
I20261002 22:40:02.748045 26384 feature_extraction.cc:294]   Features:        220 (SIFT)
I20261002 22:40:02.750375 26384 feature_extraction.cc:270] Processed file [39/96]
I20261002 22:40:02.750643 26384 feature_extraction.cc:273]   Name:            0036.png
I20261002 22:40:02.750819 26384 feature_extraction.cc:282]   Dimensions:      256 x 256
I20261002 22:40:02.750970 26384 feature_extraction.cc:285]   Camera:          #1 - PINHOLE
I20261002 22:40:02.751120 26384 feature_extraction.cc:289]   Focal Length:    307.20px
I20261002 22:40:02.751320 26384 feature_extraction.cc:294]   Features:        198 (SIFT)
I20261002 22:40:02.752001 26384 feature_extraction.cc:270] Processed file [40/96]
I20261002 22:40:02.752224 26384 feature_extraction.cc:273]   Name:            0039.png
I20261002 22:40:02.752378 26384 feature_extraction.cc:282]   Dimensions:      256 x 256
I20261002 22:40:02.752506 26384 feature_extraction.cc:285]   Camera:          #1 - PINHOLE
I20261002 22:40:02.752632 26384 feature_extraction.cc:289]   Focal Length:    307.20px
I20261002 22:40:02.752769 26384 feature_extraction.cc:294]   Features:        244 (SIFT)
I20261002 22:40:02.757156 26384 feature_extraction.cc:270] Processed file [41/96]
I20261002 22:40:02.757472 26384 feature_extraction.cc:273]   Name:            0041.png
I20261002 22:40:02.757637 26384 feature_extraction.cc:282]   Dimensions:      256 x 256
I20261002 22:40:02.757786 26384 feature_extraction.cc:285]   Camera:          #1 - PINHOLE
I20261002 22:40:02.757952 26384 feature_extraction.cc:289]   Focal Length:    307.20px
I20261002 22:40:02.758091 26384 feature_extraction.cc:294]   Features:        218 (SIFT)
I20261002 22:40:02.758930 26384 feature_extraction.cc:270] Processed file [42/96]
I20261002 22:40:02.759157 26384 feature_extraction.cc:273]   Name:            0042.png
I20261002 22:40:02.759343 26384 feature_extraction.cc:282]   Dimensions:      256 x 256
I20261002 22:40:02.759499 26384 feature_extraction.cc:285]   Camera:          #1 - PINHOLE
I20261002 22:40:02.759642 26384 feature_extraction.cc:289]   Focal Length:    307.20px
I20261002 22:40:02.759804 26384 feature_extraction.cc:294]   Features:        217 (SIFT)
I20261002 22:40:02.762347 26384 feature_extraction.cc:270] Processed file [43/96]
I20261002 22:40:02.762673 26384 feature_extraction.cc:273]   Name:            0043.png
I20261002 22:40:02.762892 26384 feature_extraction.cc:282]   Dimensions:      256 x 256
I20261002 22:40:02.763104 26384 feature_extraction.cc:285]   Camera:          #1 - PINHOLE
I20261002 22:40:02.763298 26384 feature_extraction.cc:289]   Focal Length:    307.20px
I20261002 22:40:02.763471 26384 feature_extraction.cc:294]   Features:        193 (SIFT)
I20261002 22:40:02.765724 26384 feature_extraction.cc:270] Processed file [44/96]
I20261002 22:40:02.765997 26384 feature_extraction.cc:273]   Name:            0044.png
I20261002 22:40:02.766192 26384 feature_extraction.cc:282]   Dimensions:      256 x 256
I20261002 22:40:02.766312 26384 feature_extraction.cc:285]   Camera:          #1 - PINHOLE
I20261002 22:40:02.766425 26384 feature_extraction.cc:289]   Focal Length:    307.20px
I20261002 22:40:02.766548 26384 feature_extraction.cc:294]   Features:        217 (SIFT)
I20261002 22:40:02.771609 26384 feature_extraction.cc:270] Processed file [45/96]
I20261002 22:40:02.771926 26384 feature_extraction.cc:273]   Name:            0045.png
I20261002 22:40:02.772138 26384 feature_extraction.cc:282]   Dimensions:      256 x 256
I20261002 22:40:02.772310 26384 feature_extraction.cc:285]   Camera:          #1 - PINHOLE
I20261002 22:40:02.772462 26384 feature_extraction.cc:289]   Focal Length:    307.20px
I20261002 22:40:02.772639 26384 feature_extraction.cc:294]   Features:        197 (SIFT)
I20261002 22:40:02.774860 26384 feature_extraction.cc:270] Processed file [46/96]
I20261002 22:40:02.775091 26384 feature_extraction.cc:273]   Name:            0040.png
I20261002 22:40:02.775259 26384 feature_extraction.cc:282]   Dimensions:      256 x 256
I20261002 22:40:02.775401 26384 feature_extraction.cc:285]   Camera:          #1 - PINHOLE
I20261002 22:40:02.775512 26384 feature_extraction.cc:289]   Focal Length:    307.20px
I20261002 22:40:02.775639 26384 feature_extraction.cc:294]   Features:        228 (SIFT)
I20261002 22:40:02.778089 26384 feature_extraction.cc:270] Processed file [47/96]
I20261002 22:40:02.778329 26384 feature_extraction.cc:273]   Name:            0046.png
I20261002 22:40:02.778478 26384 feature_extraction.cc:282]   Dimensions:      256 x 256
I20261002 22:40:02.778635 26384 feature_extraction.cc:285]   Camera:          #1 - PINHOLE
I20261002 22:40:02.778768 26384 feature_extraction.cc:289]   Focal Length:    307.20px
I20261002 22:40:02.778900 26384 feature_extraction.cc:294]   Features:        222 (SIFT)
I20261002 22:40:02.781221 26384 feature_extraction.cc:270] Processed file [48/96]
I20261002 22:40:02.781512 26384 feature_extraction.cc:273]   Name:            0047.png
I20261002 22:40:02.781685 26384 feature_extraction.cc:282]   Dimensions:      256 x 256
I20261002 22:40:02.781821 26384 feature_extraction.cc:285]   Camera:          #1 - PINHOLE
I20261002 22:40:02.781948 26384 feature_extraction.cc:289]   Focal Length:    307.20px
I20261002 22:40:02.782092 26384 feature_extraction.cc:294]   Features:        193 (SIFT)
I20261002 22:40:02.784431 26384 feature_extraction.cc:270] Processed file [49/96]
I20261002 22:40:02.784722 26384 feature_extraction.cc:273]   Name:            0049.png
I20261002 22:40:02.784916 26384 feature_extraction.cc:282]   Dimensions:      256 x 256
I20261002 22:40:02.785071 26384 feature_extraction.cc:285]   Camera:          #1 - PINHOLE
I20261002 22:40:02.785204 26384 feature_extraction.cc:289]   Focal Length:    307.20px
I20261002 22:40:02.785327 26384 feature_extraction.cc:294]   Features:        199 (SIFT)
I20261002 22:40:02.787660 26384 feature_extraction.cc:270] Processed file [50/96]
I20261002 22:40:02.787905 26384 feature_extraction.cc:273]   Name:            0048.png
I20261002 22:40:02.788092 26384 feature_extraction.cc:282]   Dimensions:      256 x 256
I20261002 22:40:02.788256 26384 feature_extraction.cc:285]   Camera:          #1 - PINHOLE
I20261002 22:40:02.788395 26384 feature_extraction.cc:289]   Focal Length:    307.20px
I20261002 22:40:02.788552 26384 feature_extraction.cc:294]   Features:        209 (SIFT)
I20261002 22:40:02.790904 26384 feature_extraction.cc:270] Processed file [51/96]
I20261002 22:40:02.791176 26384 feature_extraction.cc:273]   Name:            0052.png
I20261002 22:40:02.791372 26384 feature_extraction.cc:282]   Dimensions:      256 x 256
I20261002 22:40:02.791542 26384 feature_extraction.cc:285]   Camera:          #1 - PINHOLE
I20261002 22:40:02.791695 26384 feature_extraction.cc:289]   Focal Length:    307.20px
I20261002 22:40:02.791843 26384 feature_extraction.cc:294]   Features:        210 (SIFT)
I20261002 22:40:02.794130 26384 feature_extraction.cc:270] Processed file [52/96]
I20261002 22:40:02.794392 26384 feature_extraction.cc:273]   Name:            0051.png
I20261002 22:40:02.794573 26384 feature_extraction.cc:282]   Dimensions:      256 x 256
I20261002 22:40:02.794712 26384 feature_extraction.cc:285]   Camera:          #1 - PINHOLE
I20261002 22:40:02.794864 26384 feature_extraction.cc:289]   Focal Length:    307.20px
I20261002 22:40:02.795057 26384 feature_extraction.cc:294]   Features:        211 (SIFT)
I20261002 22:40:02.803300 26384 feature_extraction.cc:270] Processed file [53/96]
I20261002 22:40:02.803559 26384 feature_extraction.cc:273]   Name:            0050.png
I20261002 22:40:02.803757 26384 feature_extraction.cc:282]   Dimensions:      256 x 256
I20261002 22:40:02.803937 26384 feature_extraction.cc:285]   Camera:          #1 - PINHOLE
I20261002 22:40:02.804100 26384 feature_extraction.cc:289]   Focal Length:    307.20px
I20261002 22:40:02.804254 26384 feature_extraction.cc:294]   Features:        211 (SIFT)
I20261002 22:40:02.805863 26384 feature_extraction.cc:270] Processed file [54/96]
I20261002 22:40:02.806078 26384 feature_extraction.cc:273]   Name:            0054.png
I20261002 22:40:02.806200 26384 feature_extraction.cc:282]   Dimensions:      256 x 256
I20261002 22:40:02.806404 26384 feature_extraction.cc:285]   Camera:          #1 - PINHOLE
I20261002 22:40:02.806590 26384 feature_extraction.cc:289]   Focal Length:    307.20px
I20261002 22:40:02.806775 26384 feature_extraction.cc:294]   Features:        203 (SIFT)
I20261002 22:40:02.808041 26384 feature_extraction.cc:270] Processed file [55/96]
I20261002 22:40:02.808353 26384 feature_extraction.cc:273]   Name:            0053.png
I20261002 22:40:02.808605 26384 feature_extraction.cc:282]   Dimensions:      256 x 256
I20261002 22:40:02.808788 26384 feature_extraction.cc:285]   Camera:          #1 - PINHOLE
I20261002 22:40:02.808970 26384 feature_extraction.cc:289]   Focal Length:    307.20px
I20261002 22:40:02.809125 26384 feature_extraction.cc:294]   Features:        213 (SIFT)
I20261002 22:40:02.810083 26384 feature_extraction.cc:270] Processed file [56/96]
I20261002 22:40:02.810313 26384 feature_extraction.cc:273]   Name:            0057.png
I20261002 22:40:02.810461 26384 feature_extraction.cc:282]   Dimensions:      256 x 256
I20261002 22:40:02.810603 26384 feature_extraction.cc:285]   Camera:          #1 - PINHOLE
I20261002 22:40:02.810814 26384 feature_extraction.cc:289]   Focal Length:    307.20px
I20261002 22:40:02.810983 26384 feature_extraction.cc:294]   Features:        193 (SIFT)
I20261002 22:40:02.812107 26384 feature_extraction.cc:270] Processed file [57/96]
I20261002 22:40:02.812336 26384 feature_extraction.cc:273]   Name:            0056.png
I20261002 22:40:02.812473 26384 feature_extraction.cc:282]   Dimensions:      256 x 256
I20261002 22:40:02.812612 26384 feature_extraction.cc:285]   Camera:          #1 - PINHOLE
I20261002 22:40:02.812726 26384 feature_extraction.cc:289]   Focal Length:    307.20px
I20261002 22:40:02.812854 26384 feature_extraction.cc:294]   Features:        190 (SIFT)
I20261002 22:40:02.814262 26384 feature_extraction.cc:270] Processed file [58/96]
I20261002 22:40:02.814481 26384 feature_extraction.cc:273]   Name:            0058.png
I20261002 22:40:02.814618 26384 feature_extraction.cc:282]   Dimensions:      256 x 256
I20261002 22:40:02.814736 26384 feature_extraction.cc:285]   Camera:          #1 - PINHOLE
I20261002 22:40:02.814843 26384 feature_extraction.cc:289]   Focal Length:    307.20px
I20261002 22:40:02.814951 26384 feature_extraction.cc:294]   Features:        188 (SIFT)
I20261002 22:40:02.817155 26384 feature_extraction.cc:270] Processed file [59/96]
I20261002 22:40:02.817461 26384 feature_extraction.cc:273]   Name:            0055.png
I20261002 22:40:02.817604 26384 feature_extraction.cc:282]   Dimensions:      256 x 256
I20261002 22:40:02.817727 26384 feature_extraction.cc:285]   Camera:          #1 - PINHOLE
I20261002 22:40:02.817862 26384 feature_extraction.cc:289]   Focal Length:    307.20px
I20261002 22:40:02.817976 26384 feature_extraction.cc:294]   Features:        189 (SIFT)
I20261002 22:40:02.820144 26384 feature_extraction.cc:270] Processed file [60/96]
I20261002 22:40:02.820399 26384 feature_extraction.cc:273]   Name:            0059.png
I20261002 22:40:02.820557 26384 feature_extraction.cc:282]   Dimensions:      256 x 256
I20261002 22:40:02.820711 26384 feature_extraction.cc:285]   Camera:          #1 - PINHOLE
I20261002 22:40:02.820918 26384 feature_extraction.cc:289]   Focal Length:    307.20px
I20261002 22:40:02.821091 26384 feature_extraction.cc:294]   Features:        185 (SIFT)
I20261002 22:40:02.823272 26384 feature_extraction.cc:270] Processed file [61/96]
I20261002 22:40:02.823633 26384 feature_extraction.cc:273]   Name:            0061.png
I20261002 22:40:02.823872 26384 feature_extraction.cc:282]   Dimensions:      256 x 256
I20261002 22:40:02.824076 26384 feature_extraction.cc:285]   Camera:          #1 - PINHOLE
I20261002 22:40:02.824281 26384 feature_extraction.cc:289]   Focal Length:    307.20px
I20261002 22:40:02.824447 26384 feature_extraction.cc:294]   Features:        180 (SIFT)
I20261002 22:40:02.824761 26384 feature_extraction.cc:270] Processed file [62/96]
I20261002 22:40:02.824910 26384 feature_extraction.cc:273]   Name:            0062.png
I20261002 22:40:02.825049 26384 feature_extraction.cc:282]   Dimensions:      256 x 256
I20261002 22:40:02.825195 26384 feature_extraction.cc:285]   Camera:          #1 - PINHOLE
I20261002 22:40:02.825319 26384 feature_extraction.cc:289]   Focal Length:    307.20px
I20261002 22:40:02.825459 26384 feature_extraction.cc:294]   Features:        186 (SIFT)
I20261002 22:40:02.825860 26384 feature_extraction.cc:270] Processed file [63/96]
I20261002 22:40:02.826038 26384 feature_extraction.cc:273]   Name:            0060.png
I20261002 22:40:02.826167 26384 feature_extraction.cc:282]   Dimensions:      256 x 256
I20261002 22:40:02.826311 26384 feature_extraction.cc:285]   Camera:          #1 - PINHOLE
I20261002 22:40:02.826446 26384 feature_extraction.cc:289]   Focal Length:    307.20px
I20261002 22:40:02.826566 26384 feature_extraction.cc:294]   Features:        189 (SIFT)
I20261002 22:40:02.827441 26384 feature_extraction.cc:270] Processed file [64/96]
I20261002 22:40:02.827685 26384 feature_extraction.cc:273]   Name:            0064.png
I20261002 22:40:02.827839 26384 feature_extraction.cc:282]   Dimensions:      256 x 256
I20261002 22:40:02.827977 26384 feature_extraction.cc:285]   Camera:          #1 - PINHOLE
I20261002 22:40:02.828112 26384 feature_extraction.cc:289]   Focal Length:    307.20px
I20261002 22:40:02.828250 26384 feature_extraction.cc:294]   Features:        179 (SIFT)
I20261002 22:40:02.829285 26384 feature_extraction.cc:270] Processed file [65/96]
I20261002 22:40:02.829644 26384 feature_extraction.cc:273]   Name:            0063.png
I20261002 22:40:02.829891 26384 feature_extraction.cc:282]   Dimensions:      256 x 256
I20261002 22:40:02.830103 26384 feature_extraction.cc:285]   Camera:          #1 - PINHOLE
I20261002 22:40:02.830275 26384 feature_extraction.cc:289]   Focal Length:    307.20px
I20261002 22:40:02.830433 26384 feature_extraction.cc:294]   Features:        181 (SIFT)
I20261002 22:40:02.832900 26384 feature_extraction.cc:270] Processed file [66/96]
I20261002 22:40:02.833231 26384 feature_extraction.cc:273]   Name:            0065.png
I20261002 22:40:02.833394 26384 feature_extraction.cc:282]   Dimensions:      256 x 256
I20261002 22:40:02.833532 26384 feature_extraction.cc:285]   Camera:          #1 - PINHOLE
I20261002 22:40:02.833661 26384 feature_extraction.cc:289]   Focal Length:    307.20px
I20261002 22:40:02.834002 26384 feature_extraction.cc:294]   Features:        185 (SIFT)
I20261002 22:40:02.838317 26384 feature_extraction.cc:270] Processed file [67/96]
I20261002 22:40:02.838641 26384 feature_extraction.cc:273]   Name:            0068.png
I20261002 22:40:02.838789 26384 feature_extraction.cc:282]   Dimensions:      256 x 256
I20261002 22:40:02.838933 26384 feature_extraction.cc:285]   Camera:          #1 - PINHOLE
I20261002 22:40:02.839086 26384 feature_extraction.cc:289]   Focal Length:    307.20px
I20261002 22:40:02.839272 26384 feature_extraction.cc:294]   Features:        178 (SIFT)
I20261002 22:40:02.844766 26384 feature_extraction.cc:270] Processed file [68/96]
I20261002 22:40:02.845135 26384 feature_extraction.cc:273]   Name:            0069.png
I20261002 22:40:02.845365 26384 feature_extraction.cc:282]   Dimensions:      256 x 256
I20261002 22:40:02.845583 26384 feature_extraction.cc:285]   Camera:          #1 - PINHOLE
I20261002 22:40:02.845773 26384 feature_extraction.cc:289]   Focal Length:    307.20px
I20261002 22:40:02.845953 26384 feature_extraction.cc:294]   Features:        170 (SIFT)
I20261002 22:40:02.846402 26384 feature_extraction.cc:270] Processed file [69/96]
I20261002 22:40:02.846603 26384 feature_extraction.cc:273]   Name:            0066.png
I20261002 22:40:02.846787 26384 feature_extraction.cc:282]   Dimensions:      256 x 256
I20261002 22:40:02.846959 26384 feature_extraction.cc:285]   Camera:          #1 - PINHOLE
I20261002 22:40:02.847139 26384 feature_extraction.cc:289]   Focal Length:    307.20px
I20261002 22:40:02.847299 26384 feature_extraction.cc:294]   Features:        210 (SIFT)
I20261002 22:40:02.847903 26384 feature_extraction.cc:270] Processed file [70/96]
I20261002 22:40:02.848072 26384 feature_extraction.cc:273]   Name:            0071.png
I20261002 22:40:02.848214 26384 feature_extraction.cc:282]   Dimensions:      256 x 256
I20261002 22:40:02.848358 26384 feature_extraction.cc:285]   Camera:          #1 - PINHOLE
I20261002 22:40:02.848475 26384 feature_extraction.cc:289]   Focal Length:    307.20px
I20261002 22:40:02.848594 26384 feature_extraction.cc:294]   Features:        167 (SIFT)
I20261002 22:40:02.848928 26384 feature_extraction.cc:270] Processed file [71/96]
I20261002 22:40:02.849069 26384 feature_extraction.cc:273]   Name:            0072.png
I20261002 22:40:02.849216 26384 feature_extraction.cc:282]   Dimensions:      256 x 256
I20261002 22:40:02.849327 26384 feature_extraction.cc:285]   Camera:          #1 - PINHOLE
I20261002 22:40:02.849429 26384 feature_extraction.cc:289]   Focal Length:    307.20px
I20261002 22:40:02.849547 26384 feature_extraction.cc:294]   Features:        164 (SIFT)
I20261002 22:40:02.850187 26384 feature_extraction.cc:270] Processed file [72/96]
I20261002 22:40:02.850334 26384 feature_extraction.cc:273]   Name:            0070.png
I20261002 22:40:02.850435 26384 feature_extraction.cc:282]   Dimensions:      256 x 256
I20261002 22:40:02.850533 26384 feature_extraction.cc:285]   Camera:          #1 - PINHOLE
I20261002 22:40:02.850653 26384 feature_extraction.cc:289]   Focal Length:    307.20px
I20261002 22:40:02.850754 26384 feature_extraction.cc:294]   Features:        205 (SIFT)
I20261002 22:40:02.852483 26384 feature_extraction.cc:270] Processed file [73/96]
I20261002 22:40:02.852689 26384 feature_extraction.cc:273]   Name:            0067.png
I20261002 22:40:02.852794 26384 feature_extraction.cc:282]   Dimensions:      256 x 256
I20261002 22:40:02.852911 26384 feature_extraction.cc:285]   Camera:          #1 - PINHOLE
I20261002 22:40:02.853007 26384 feature_extraction.cc:289]   Focal Length:    307.20px
I20261002 22:40:02.853103 26384 feature_extraction.cc:294]   Features:        181 (SIFT)
I20261002 22:40:02.864332 26384 feature_extraction.cc:270] Processed file [74/96]
I20261002 22:40:02.864701 26384 feature_extraction.cc:273]   Name:            0073.png
I20261002 22:40:02.864845 26384 feature_extraction.cc:282]   Dimensions:      256 x 256
I20261002 22:40:02.864969 26384 feature_extraction.cc:285]   Camera:          #1 - PINHOLE
I20261002 22:40:02.865077 26384 feature_extraction.cc:289]   Focal Length:    307.20px
I20261002 22:40:02.865179 26384 feature_extraction.cc:294]   Features:        195 (SIFT)
I20261002 22:40:02.866765 26384 feature_extraction.cc:270] Processed file [75/96]
I20261002 22:40:02.867065 26384 feature_extraction.cc:273]   Name:            0074.png
I20261002 22:40:02.867203 26384 feature_extraction.cc:282]   Dimensions:      256 x 256
I20261002 22:40:02.867340 26384 feature_extraction.cc:285]   Camera:          #1 - PINHOLE
I20261002 22:40:02.867518 26384 feature_extraction.cc:289]   Focal Length:    307.20px
I20261002 22:40:02.867647 26384 feature_extraction.cc:294]   Features:        184 (SIFT)
I20261002 22:40:02.868042 26384 feature_extraction.cc:270] Processed file [76/96]
I20261002 22:40:02.868209 26384 feature_extraction.cc:273]   Name:            0075.png
I20261002 22:40:02.868312 26384 feature_extraction.cc:282]   Dimensions:      256 x 256
I20261002 22:40:02.868408 26384 feature_extraction.cc:285]   Camera:          #1 - PINHOLE
I20261002 22:40:02.868503 26384 feature_extraction.cc:289]   Focal Length:    307.20px
I20261002 22:40:02.868602 26384 feature_extraction.cc:294]   Features:        157 (SIFT)
I20261002 22:40:02.871759 26384 feature_extraction.cc:270] Processed file [77/96]
I20261002 22:40:02.872098 26384 feature_extraction.cc:273]   Name:            0079.png
I20261002 22:40:02.872261 26384 feature_extraction.cc:282]   Dimensions:      256 x 256
I20261002 22:40:02.872398 26384 feature_extraction.cc:285]   Camera:          #1 - PINHOLE
I20261002 22:40:02.872547 26384 feature_extraction.cc:289]   Focal Length:    307.20px
I20261002 22:40:02.872714 26384 feature_extraction.cc:294]   Features:        157 (SIFT)
I20261002 22:40:02.874122 26384 feature_extraction.cc:270] Processed file [78/96]
I20261002 22:40:02.874341 26384 feature_extraction.cc:273]   Name:            0076.png
I20261002 22:40:02.874518 26384 feature_extraction.cc:282]   Dimensions:      256 x 256
I20261002 22:40:02.874665 26384 feature_extraction.cc:285]   Camera:          #1 - PINHOLE
I20261002 22:40:02.874821 26384 feature_extraction.cc:289]   Focal Length:    307.20px
I20261002 22:40:02.874989 26384 feature_extraction.cc:294]   Features:        172 (SIFT)
I20261002 22:40:02.875415 26384 feature_extraction.cc:270] Processed file [79/96]
I20261002 22:40:02.875632 26384 feature_extraction.cc:273]   Name:            0078.png
I20261002 22:40:02.875785 26384 feature_extraction.cc:282]   Dimensions:      256 x 256
I20261002 22:40:02.875929 26384 feature_extraction.cc:285]   Camera:          #1 - PINHOLE
I20261002 22:40:02.876069 26384 feature_extraction.cc:289]   Focal Length:    307.20px
I20261002 22:40:02.876204 26384 feature_extraction.cc:294]   Features:        176 (SIFT)
I20261002 22:40:02.876531 26384 feature_extraction.cc:270] Processed file [80/96]
I20261002 22:40:02.876686 26384 feature_extraction.cc:273]   Name:            0077.png
I20261002 22:40:02.876824 26384 feature_extraction.cc:282]   Dimensions:      256 x 256
I20261002 22:40:02.876975 26384 feature_extraction.cc:285]   Camera:          #1 - PINHOLE
I20261002 22:40:02.877091 26384 feature_extraction.cc:289]   Focal Length:    307.20px
I20261002 22:40:02.877225 26384 feature_extraction.cc:294]   Features:        173 (SIFT)
I20261002 22:40:02.881938 26384 feature_extraction.cc:270] Processed file [81/96]
I20261002 22:40:02.882215 26384 feature_extraction.cc:273]   Name:            0080.png
I20261002 22:40:02.882359 26384 feature_extraction.cc:282]   Dimensions:      256 x 256
I20261002 22:40:02.882448 26384 feature_extraction.cc:285]   Camera:          #1 - PINHOLE
I20261002 22:40:02.882527 26384 feature_extraction.cc:289]   Focal Length:    307.20px
I20261002 22:40:02.882614 26384 feature_extraction.cc:294]   Features:        165 (SIFT)
I20261002 22:40:02.883796 26384 feature_extraction.cc:270] Processed file [82/96]
I20261002 22:40:02.883964 26384 feature_extraction.cc:273]   Name:            0082.png
I20261002 22:40:02.884107 26384 feature_extraction.cc:282]   Dimensions:      256 x 256
I20261002 22:40:02.884200 26384 feature_extraction.cc:285]   Camera:          #1 - PINHOLE
I20261002 22:40:02.884286 26384 feature_extraction.cc:289]   Focal Length:    307.20px
I20261002 22:40:02.884376 26384 feature_extraction.cc:294]   Features:        174 (SIFT)
I20261002 22:40:02.884710 26384 feature_extraction.cc:270] Processed file [83/96]
I20261002 22:40:02.884813 26384 feature_extraction.cc:273]   Name:            0083.png
I20261002 22:40:02.884888 26384 feature_extraction.cc:282]   Dimensions:      256 x 256
I20261002 22:40:02.884989 26384 feature_extraction.cc:285]   Camera:          #1 - PINHOLE
I20261002 22:40:02.885120 26384 feature_extraction.cc:289]   Focal Length:    307.20px
I20261002 22:40:02.885359 26384 feature_extraction.cc:294]   Features:        164 (SIFT)
I20261002 22:40:02.886442 26384 feature_extraction.cc:270] Processed file [84/96]
I20261002 22:40:02.886664 26384 feature_extraction.cc:273]   Name:            0081.png
I20261002 22:40:02.886830 26384 feature_extraction.cc:282]   Dimensions:      256 x 256
I20261002 22:40:02.886983 26384 feature_extraction.cc:285]   Camera:          #1 - PINHOLE
I20261002 22:40:02.887130 26384 feature_extraction.cc:289]   Focal Length:    307.20px
I20261002 22:40:02.887275 26384 feature_extraction.cc:294]   Features:        176 (SIFT)
I20261002 22:40:02.888491 26384 feature_extraction.cc:270] Processed file [85/96]
I20261002 22:40:02.888719 26384 feature_extraction.cc:273]   Name:            0085.png
I20261002 22:40:02.888904 26384 feature_extraction.cc:282]   Dimensions:      256 x 256
I20261002 22:40:02.889067 26384 feature_extraction.cc:285]   Camera:          #1 - PINHOLE
I20261002 22:40:02.889221 26384 feature_extraction.cc:289]   Focal Length:    307.20px
I20261002 22:40:02.889376 26384 feature_extraction.cc:294]   Features:        169 (SIFT)
I20261002 22:40:02.890736 26384 feature_extraction.cc:270] Processed file [86/96]
I20261002 22:40:02.890908 26384 feature_extraction.cc:273]   Name:            0084.png
I20261002 22:40:02.891115 26384 feature_extraction.cc:282]   Dimensions:      256 x 256
I20261002 22:40:02.891294 26384 feature_extraction.cc:285]   Camera:          #1 - PINHOLE
I20261002 22:40:02.891450 26384 feature_extraction.cc:289]   Focal Length:    307.20px
I20261002 22:40:02.891611 26384 feature_extraction.cc:294]   Features:        173 (SIFT)
I20261002 22:40:02.893837 26384 feature_extraction.cc:270] Processed file [87/96]
I20261002 22:40:02.894040 26384 feature_extraction.cc:273]   Name:            0086.png
I20261002 22:40:02.894234 26384 feature_extraction.cc:282]   Dimensions:      256 x 256
I20261002 22:40:02.894427 26384 feature_extraction.cc:285]   Camera:          #1 - PINHOLE
I20261002 22:40:02.894676 26384 feature_extraction.cc:289]   Focal Length:    307.20px
I20261002 22:40:02.894830 26384 feature_extraction.cc:294]   Features:        173 (SIFT)
I20261002 22:40:02.897017 26384 feature_extraction.cc:270] Processed file [88/96]
I20261002 22:40:02.897247 26384 feature_extraction.cc:273]   Name:            0092.png
I20261002 22:40:02.897418 26384 feature_extraction.cc:282]   Dimensions:      256 x 256
I20261002 22:40:02.897571 26384 feature_extraction.cc:285]   Camera:          #1 - PINHOLE
I20261002 22:40:02.897762 26384 feature_extraction.cc:289]   Focal Length:    307.20px
I20261002 22:40:02.897947 26384 feature_extraction.cc:294]   Features:        150 (SIFT)
I20261002 22:40:02.898299 26384 feature_extraction.cc:270] Processed file [89/96]
I20261002 22:40:02.898474 26384 feature_extraction.cc:273]   Name:            0091.png
I20261002 22:40:02.898631 26384 feature_extraction.cc:282]   Dimensions:      256 x 256
I20261002 22:40:02.898799 26384 feature_extraction.cc:285]   Camera:          #1 - PINHOLE
I20261002 22:40:02.898984 26384 feature_extraction.cc:289]   Focal Length:    307.20px
I20261002 22:40:02.899132 26384 feature_extraction.cc:294]   Features:        146 (SIFT)
I20261002 22:40:02.899494 26384 feature_extraction.cc:270] Processed file [90/96]
I20261002 22:40:02.899652 26384 feature_extraction.cc:273]   Name:            0087.png
I20261002 22:40:02.899790 26384 feature_extraction.cc:282]   Dimensions:      256 x 256
I20261002 22:40:02.899930 26384 feature_extraction.cc:285]   Camera:          #1 - PINHOLE
I20261002 22:40:02.900066 26384 feature_extraction.cc:289]   Focal Length:    307.20px
I20261002 22:40:02.900201 26384 feature_extraction.cc:294]   Features:        175 (SIFT)
I20261002 22:40:02.900971 26384 feature_extraction.cc:270] Processed file [91/96]
I20261002 22:40:02.901133 26384 feature_extraction.cc:273]   Name:            0090.png
I20261002 22:40:02.901289 26384 feature_extraction.cc:282]   Dimensions:      256 x 256
I20261002 22:40:02.901360 26384 feature_extraction.cc:285]   Camera:          #1 - PINHOLE
I20261002 22:40:02.901412 26384 feature_extraction.cc:289]   Focal Length:    307.20px
I20261002 22:40:02.901463 26384 feature_extraction.cc:294]   Features:        174 (SIFT)
I20261002 22:40:02.904078 26384 feature_extraction.cc:270] Processed file [92/96]
I20261002 22:40:02.904173 26384 feature_extraction.cc:273]   Name:            0089.png
I20261002 22:40:02.904272 26384 feature_extraction.cc:282]   Dimensions:      256 x 256
I20261002 22:40:02.904325 26384 feature_extraction.cc:285]   Camera:          #1 - PINHOLE
I20261002 22:40:02.904375 26384 feature_extraction.cc:289]   Focal Length:    307.20px
I20261002 22:40:02.904425 26384 feature_extraction.cc:294]   Features:        168 (SIFT)
I20261002 22:40:02.905736 26384 feature_extraction.cc:270] Processed file [93/96]
I20261002 22:40:02.905805 26384 feature_extraction.cc:273]   Name:            0088.png
I20261002 22:40:02.905856 26384 feature_extraction.cc:282]   Dimensions:      256 x 256
I20261002 22:40:02.905905 26384 feature_extraction.cc:285]   Camera:          #1 - PINHOLE
I20261002 22:40:02.905953 26384 feature_extraction.cc:289]   Focal Length:    307.20px
I20261002 22:40:02.906001 26384 feature_extraction.cc:294]   Features:        174 (SIFT)
I20261002 22:40:02.909127 26384 feature_extraction.cc:270] Processed file [94/96]
I20261002 22:40:02.909280 26384 feature_extraction.cc:273]   Name:            0093.png
I20261002 22:40:02.909398 26384 feature_extraction.cc:282]   Dimensions:      256 x 256
I20261002 22:40:02.909476 26384 feature_extraction.cc:285]   Camera:          #1 - PINHOLE
I20261002 22:40:02.909556 26384 feature_extraction.cc:289]   Focal Length:    307.20px
I20261002 22:40:02.909621 26384 feature_extraction.cc:294]   Features:        155 (SIFT)
I20261002 22:40:02.911346 26384 feature_extraction.cc:270] Processed file [95/96]
I20261002 22:40:02.911453 26384 feature_extraction.cc:273]   Name:            0094.png
I20261002 22:40:02.911559 26384 feature_extraction.cc:282]   Dimensions:      256 x 256
I20261002 22:40:02.911628 26384 feature_extraction.cc:285]   Camera:          #1 - PINHOLE
I20261002 22:40:02.911709 26384 feature_extraction.cc:289]   Focal Length:    307.20px
I20261002 22:40:02.911831 26384 feature_extraction.cc:294]   Features:        164 (SIFT)
I20261002 22:40:02.912033 26384 feature_extraction.cc:270] Processed file [96/96]
I20261002 22:40:02.912111 26384 feature_extraction.cc:273]   Name:            0095.png
I20261002 22:40:02.912166 26384 feature_extraction.cc:282]   Dimensions:      256 x 256
I20261002 22:40:02.912216 26384 feature_extraction.cc:285]   Camera:          #1 - PINHOLE
I20261002 22:40:02.912268 26384 feature_extraction.cc:289]   Focal Length:    307.20px
I20261002 22:40:02.912319 26384 feature_extraction.cc:294]   Features:        148 (SIFT)
I20261002 22:40:02.912564 27124 timer.cc:90] Elapsed time: 0.006 [minutes]
I20261002 22:40:02.913332 10408 automatic_reconstruction.cc:282] === Feature matching ===
I20261002 22:40:02.913620  4068 feature_matching.cc:196] === Feature matching & geometric verification ===
I20261002 22:40:02.985775 19524 feature_matching_utils.cc:79] Bind FeatureMatcherWorker to GPU device 0
I20261002 22:40:02.985774 21044 feature_matching_utils.cc:79] Bind FeatureMatcherWorker to GPU device 0
I20261002 22:40:02.986195 19524 sift.cc:1679] Creating SIFT GPU feature matcher
I20261002 22:40:02.986197 21044 sift.cc:1679] Creating SIFT GPU feature matcher
I20261002 22:40:02.986481  4068 pairing.cc:438] Generating sequential image pairs...
I20261002 22:40:02.987157  4068 pairing.cc:249] Generating image pairs with vocabulary tree...
I20261002 22:40:02.987406  4068 pairing.cc:372] Indexing image [1/96]
I20261002 22:40:03.492163  4068 pairing.cc:389]  in 0.505s
I20261002 22:40:03.492336  4068 pairing.cc:372] Indexing image [2/96]
I20261002 22:40:03.500932  4068 pairing.cc:389]  in 0.009s
I20261002 22:40:03.501126  4068 pairing.cc:372] Indexing image [3/96]
I20261002 22:40:03.509133  4068 pairing.cc:389]  in 0.008s
I20261002 22:40:03.509243  4068 pairing.cc:372] Indexing image [4/96]
I20261002 22:40:03.517756  4068 pairing.cc:389]  in 0.009s
I20261002 22:40:03.517907  4068 pairing.cc:372] Indexing image [5/96]
I20261002 22:40:03.526143  4068 pairing.cc:389]  in 0.008s
I20261002 22:40:03.526241  4068 pairing.cc:372] Indexing image [6/96]
I20261002 22:40:03.534256  4068 pairing.cc:389]  in 0.008s
I20261002 22:40:03.534355  4068 pairing.cc:372] Indexing image [7/96]
I20261002 22:40:03.542310  4068 pairing.cc:389]  in 0.008s
I20261002 22:40:03.542413  4068 pairing.cc:372] Indexing image [8/96]
I20261002 22:40:03.550017  4068 pairing.cc:389]  in 0.008s
I20261002 22:40:03.550518  4068 pairing.cc:372] Indexing image [9/96]
I20261002 22:40:03.560710  4068 pairing.cc:389]  in 0.010s
I20261002 22:40:03.560842  4068 pairing.cc:372] Indexing image [10/96]
I20261002 22:40:03.570033  4068 pairing.cc:389]  in 0.009s
I20261002 22:40:03.570130  4068 pairing.cc:372] Indexing image [11/96]
I20261002 22:40:03.578923  4068 pairing.cc:389]  in 0.009s
I20261002 22:40:03.579027  4068 pairing.cc:372] Indexing image [12/96]
I20261002 22:40:03.587433  4068 pairing.cc:389]  in 0.008s
I20261002 22:40:03.587530  4068 pairing.cc:372] Indexing image [13/96]
I20261002 22:40:03.596339  4068 pairing.cc:389]  in 0.009s
I20261002 22:40:03.596512  4068 pairing.cc:372] Indexing image [14/96]
I20261002 22:40:03.605478  4068 pairing.cc:389]  in 0.009s
I20261002 22:40:03.605648  4068 pairing.cc:372] Indexing image [15/96]
I20261002 22:40:03.614781  4068 pairing.cc:389]  in 0.009s
I20261002 22:40:03.614875  4068 pairing.cc:372] Indexing image [16/96]
I20261002 22:40:03.623379  4068 pairing.cc:389]  in 0.009s
I20261002 22:40:03.623554  4068 pairing.cc:372] Indexing image [17/96]
I20261002 22:40:03.631933  4068 pairing.cc:389]  in 0.008s
I20261002 22:40:03.632023  4068 pairing.cc:372] Indexing image [18/96]
I20261002 22:40:03.640664  4068 pairing.cc:389]  in 0.009s
I20261002 22:40:03.640837  4068 pairing.cc:372] Indexing image [19/96]
I20261002 22:40:03.650146  4068 pairing.cc:389]  in 0.009s
I20261002 22:40:03.650307  4068 pairing.cc:372] Indexing image [20/96]
I20261002 22:40:03.659203  4068 pairing.cc:389]  in 0.009s
I20261002 22:40:03.659322  4068 pairing.cc:372] Indexing image [21/96]
I20261002 22:40:03.668603  4068 pairing.cc:389]  in 0.009s
I20261002 22:40:03.668787  4068 pairing.cc:372] Indexing image [22/96]
I20261002 22:40:03.678152  4068 pairing.cc:389]  in 0.009s
I20261002 22:40:03.678424  4068 pairing.cc:372] Indexing image [23/96]
I20261002 22:40:03.686320  4068 pairing.cc:389]  in 0.008s
I20261002 22:40:03.686440  4068 pairing.cc:372] Indexing image [24/96]
I20261002 22:40:03.694744  4068 pairing.cc:389]  in 0.008s
I20261002 22:40:03.694849  4068 pairing.cc:372] Indexing image [25/96]
I20261002 22:40:03.702165  4068 pairing.cc:389]  in 0.007s
I20261002 22:40:03.702288  4068 pairing.cc:372] Indexing image [26/96]
I20261002 22:40:03.711171  4068 pairing.cc:389]  in 0.009s
I20261002 22:40:03.711370  4068 pairing.cc:372] Indexing image [27/96]
I20261002 22:40:03.719504  4068 pairing.cc:389]  in 0.008s
I20261002 22:40:03.719716  4068 pairing.cc:372] Indexing image [28/96]
I20261002 22:40:03.726841  4068 pairing.cc:389]  in 0.007s
I20261002 22:40:03.726945  4068 pairing.cc:372] Indexing image [29/96]
I20261002 22:40:03.734729  4068 pairing.cc:389]  in 0.008s
I20261002 22:40:03.734857  4068 pairing.cc:372] Indexing image [30/96]
I20261002 22:40:03.741928  4068 pairing.cc:389]  in 0.007s
I20261002 22:40:03.742053  4068 pairing.cc:372] Indexing image [31/96]
I20261002 22:40:03.748842  4068 pairing.cc:389]  in 0.007s
I20261002 22:40:03.748950  4068 pairing.cc:372] Indexing image [32/96]
I20261002 22:40:03.756640  4068 pairing.cc:389]  in 0.008s
I20261002 22:40:03.756746  4068 pairing.cc:372] Indexing image [33/96]
I20261002 22:40:03.764007  4068 pairing.cc:389]  in 0.007s
I20261002 22:40:03.764170  4068 pairing.cc:372] Indexing image [34/96]
I20261002 22:40:03.770889  4068 pairing.cc:389]  in 0.007s
I20261002 22:40:03.770998  4068 pairing.cc:372] Indexing image [35/96]
I20261002 22:40:03.777397  4068 pairing.cc:389]  in 0.006s
I20261002 22:40:03.777486  4068 pairing.cc:372] Indexing image [36/96]
I20261002 22:40:03.783835  4068 pairing.cc:389]  in 0.006s
I20261002 22:40:03.783961  4068 pairing.cc:372] Indexing image [37/96]
I20261002 22:40:03.791061  4068 pairing.cc:389]  in 0.007s
I20261002 22:40:03.791170  4068 pairing.cc:372] Indexing image [38/96]
I20261002 22:40:03.798659  4068 pairing.cc:389]  in 0.007s
I20261002 22:40:03.798768  4068 pairing.cc:372] Indexing image [39/96]
I20261002 22:40:03.805531  4068 pairing.cc:389]  in 0.007s
I20261002 22:40:03.805637  4068 pairing.cc:372] Indexing image [40/96]
I20261002 22:40:03.814162  4068 pairing.cc:389]  in 0.009s
I20261002 22:40:03.814272  4068 pairing.cc:372] Indexing image [41/96]
I20261002 22:40:03.821700  4068 pairing.cc:389]  in 0.007s
I20261002 22:40:03.821819  4068 pairing.cc:372] Indexing image [42/96]
I20261002 22:40:03.829721  4068 pairing.cc:389]  in 0.008s
I20261002 22:40:03.829901  4068 pairing.cc:372] Indexing image [43/96]
I20261002 22:40:03.836759  4068 pairing.cc:389]  in 0.007s
I20261002 22:40:03.836947  4068 pairing.cc:372] Indexing image [44/96]
I20261002 22:40:03.844303  4068 pairing.cc:389]  in 0.007s
I20261002 22:40:03.844479  4068 pairing.cc:372] Indexing image [45/96]
I20261002 22:40:03.851348  4068 pairing.cc:389]  in 0.007s
I20261002 22:40:03.851501  4068 pairing.cc:372] Indexing image [46/96]
I20261002 22:40:03.859177  4068 pairing.cc:389]  in 0.008s
I20261002 22:40:03.859334  4068 pairing.cc:372] Indexing image [47/96]
I20261002 22:40:03.867589  4068 pairing.cc:389]  in 0.008s
I20261002 22:40:03.867678  4068 pairing.cc:372] Indexing image [48/96]
I20261002 22:40:03.874739  4068 pairing.cc:389]  in 0.007s
I20261002 22:40:03.874820  4068 pairing.cc:372] Indexing image [49/96]
I20261002 22:40:03.882155  4068 pairing.cc:389]  in 0.007s
I20261002 22:40:03.882276  4068 pairing.cc:372] Indexing image [50/96]
I20261002 22:40:03.889242  4068 pairing.cc:389]  in 0.007s
I20261002 22:40:03.889396  4068 pairing.cc:372] Indexing image [51/96]
I20261002 22:40:03.896886  4068 pairing.cc:389]  in 0.007s
I20261002 22:40:03.897063  4068 pairing.cc:372] Indexing image [52/96]
I20261002 22:40:03.904463  4068 pairing.cc:389]  in 0.007s
I20261002 22:40:03.904596  4068 pairing.cc:372] Indexing image [53/96]
I20261002 22:40:03.912333  4068 pairing.cc:389]  in 0.008s
I20261002 22:40:03.912429  4068 pairing.cc:372] Indexing image [54/96]
I20261002 22:40:03.919505  4068 pairing.cc:389]  in 0.007s
I20261002 22:40:03.919592  4068 pairing.cc:372] Indexing image [55/96]
I20261002 22:40:03.927090  4068 pairing.cc:389]  in 0.008s
I20261002 22:40:03.927200  4068 pairing.cc:372] Indexing image [56/96]
I20261002 22:40:03.933952  4068 pairing.cc:389]  in 0.007s
I20261002 22:40:03.934036  4068 pairing.cc:372] Indexing image [57/96]
I20261002 22:40:03.940780  4068 pairing.cc:389]  in 0.007s
I20261002 22:40:03.940973  4068 pairing.cc:372] Indexing image [58/96]
I20261002 22:40:03.947261  4068 pairing.cc:389]  in 0.006s
I20261002 22:40:03.947372  4068 pairing.cc:372] Indexing image [59/96]
I20261002 22:40:03.953848  4068 pairing.cc:389]  in 0.006s
I20261002 22:40:03.954013  4068 pairing.cc:372] Indexing image [60/96]
I20261002 22:40:03.960562  4068 pairing.cc:389]  in 0.007s
I20261002 22:40:03.960736  4068 pairing.cc:372] Indexing image [61/96]
I20261002 22:40:03.967162  4068 pairing.cc:389]  in 0.006s
I20261002 22:40:03.967326  4068 pairing.cc:372] Indexing image [62/96]
I20261002 22:40:03.973884  4068 pairing.cc:389]  in 0.007s
I20261002 22:40:03.974074  4068 pairing.cc:372] Indexing image [63/96]
I20261002 22:40:03.980505  4068 pairing.cc:389]  in 0.006s
I20261002 22:40:03.980633  4068 pairing.cc:372] Indexing image [64/96]
I20261002 22:40:03.986762  4068 pairing.cc:389]  in 0.006s
I20261002 22:40:03.986869  4068 pairing.cc:372] Indexing image [65/96]
I20261002 22:40:03.993353  4068 pairing.cc:389]  in 0.006s
I20261002 22:40:03.993489  4068 pairing.cc:372] Indexing image [66/96]
I20261002 22:40:03.999721  4068 pairing.cc:389]  in 0.006s
I20261002 22:40:03.999829  4068 pairing.cc:372] Indexing image [67/96]
I20261002 22:40:04.006095  4068 pairing.cc:389]  in 0.006s
I20261002 22:40:04.006241  4068 pairing.cc:372] Indexing image [68/96]
I20261002 22:40:04.012032  4068 pairing.cc:389]  in 0.006s
I20261002 22:40:04.012200  4068 pairing.cc:372] Indexing image [69/96]
I20261002 22:40:04.019310  4068 pairing.cc:389]  in 0.007s
I20261002 22:40:04.019409  4068 pairing.cc:372] Indexing image [70/96]
I20261002 22:40:04.025112  4068 pairing.cc:389]  in 0.006s
I20261002 22:40:04.025202  4068 pairing.cc:372] Indexing image [71/96]
I20261002 22:40:04.030954  4068 pairing.cc:389]  in 0.006s
I20261002 22:40:04.031128  4068 pairing.cc:372] Indexing image [72/96]
I20261002 22:40:04.038640  4068 pairing.cc:389]  in 0.008s
I20261002 22:40:04.038769  4068 pairing.cc:372] Indexing image [73/96]
I20261002 22:40:04.045031  4068 pairing.cc:389]  in 0.006s
I20261002 22:40:04.045163  4068 pairing.cc:372] Indexing image [74/96]
I20261002 22:40:04.052221  4068 pairing.cc:389]  in 0.007s
I20261002 22:40:04.052363  4068 pairing.cc:372] Indexing image [75/96]
I20261002 22:40:04.058783  4068 pairing.cc:389]  in 0.006s
I20261002 22:40:04.058896  4068 pairing.cc:372] Indexing image [76/96]
I20261002 22:40:04.064209  4068 pairing.cc:389]  in 0.005s
I20261002 22:40:04.064317  4068 pairing.cc:372] Indexing image [77/96]
I20261002 22:40:04.069618  4068 pairing.cc:389]  in 0.005s
I20261002 22:40:04.069833  4068 pairing.cc:372] Indexing image [78/96]
I20261002 22:40:04.075928  4068 pairing.cc:389]  in 0.006s
I20261002 22:40:04.076015  4068 pairing.cc:372] Indexing image [79/96]
I20261002 22:40:04.082463  4068 pairing.cc:389]  in 0.006s
I20261002 22:40:04.082645  4068 pairing.cc:372] Indexing image [80/96]
I20261002 22:40:04.088715  4068 pairing.cc:389]  in 0.006s
I20261002 22:40:04.088823  4068 pairing.cc:372] Indexing image [81/96]
I20261002 22:40:04.094783  4068 pairing.cc:389]  in 0.006s
I20261002 22:40:04.094979  4068 pairing.cc:372] Indexing image [82/96]
I20261002 22:40:04.101473  4068 pairing.cc:389]  in 0.007s
I20261002 22:40:04.101564  4068 pairing.cc:372] Indexing image [83/96]
I20261002 22:40:04.107414  4068 pairing.cc:389]  in 0.006s
I20261002 22:40:04.107498  4068 pairing.cc:372] Indexing image [84/96]
I20261002 22:40:04.113707  4068 pairing.cc:389]  in 0.006s
I20261002 22:40:04.113831  4068 pairing.cc:372] Indexing image [85/96]
I20261002 22:40:04.119564  4068 pairing.cc:389]  in 0.006s
I20261002 22:40:04.119674  4068 pairing.cc:372] Indexing image [86/96]
I20261002 22:40:04.125577  4068 pairing.cc:389]  in 0.006s
I20261002 22:40:04.125686  4068 pairing.cc:372] Indexing image [87/96]
I20261002 22:40:04.131746  4068 pairing.cc:389]  in 0.006s
I20261002 22:40:04.131851  4068 pairing.cc:372] Indexing image [88/96]
I20261002 22:40:04.136796  4068 pairing.cc:389]  in 0.005s
I20261002 22:40:04.137006  4068 pairing.cc:372] Indexing image [89/96]
I20261002 22:40:04.142185  4068 pairing.cc:389]  in 0.005s
I20261002 22:40:04.142272  4068 pairing.cc:372] Indexing image [90/96]
I20261002 22:40:04.148607  4068 pairing.cc:389]  in 0.006s
I20261002 22:40:04.148715  4068 pairing.cc:372] Indexing image [91/96]
I20261002 22:40:04.160837  4068 pairing.cc:389]  in 0.012s
I20261002 22:40:04.160963  4068 pairing.cc:372] Indexing image [92/96]
I20261002 22:40:04.166834  4068 pairing.cc:389]  in 0.006s
I20261002 22:40:04.166949  4068 pairing.cc:372] Indexing image [93/96]
I20261002 22:40:04.172960  4068 pairing.cc:389]  in 0.006s
I20261002 22:40:04.173067  4068 pairing.cc:372] Indexing image [94/96]
I20261002 22:40:04.178550  4068 pairing.cc:389]  in 0.005s
I20261002 22:40:04.178753  4068 pairing.cc:372] Indexing image [95/96]
I20261002 22:40:04.186011  4068 pairing.cc:389]  in 0.007s
I20261002 22:40:04.186179  4068 pairing.cc:372] Indexing image [96/96]
I20261002 22:40:04.191762  4068 pairing.cc:389]  in 0.006s
I20261002 22:40:04.195637  4068 pairing.cc:562] Processing image [1/96]
I20261002 22:40:04.204882  4068 feature_matching.cc:218] in 0.009s
I20261002 22:40:04.205041  4068 pairing.cc:562] Processing image [2/96]
I20261002 22:40:04.212442  4068 feature_matching.cc:218] in 0.007s
I20261002 22:40:04.212596  4068 pairing.cc:562] Processing image [3/96]
I20261002 22:40:04.221782  4068 feature_matching.cc:218] in 0.009s
I20261002 22:40:04.221941  4068 pairing.cc:562] Processing image [4/96]
I20261002 22:40:04.228905  4068 feature_matching.cc:218] in 0.007s
I20261002 22:40:04.229047  4068 pairing.cc:562] Processing image [5/96]
I20261002 22:40:04.237365  4068 feature_matching.cc:218] in 0.008s
I20261002 22:40:04.237496  4068 pairing.cc:562] Processing image [6/96]
I20261002 22:40:04.246051  4068 feature_matching.cc:218] in 0.009s
I20261002 22:40:04.246227  4068 pairing.cc:562] Processing image [7/96]
I20261002 22:40:04.253125  4068 feature_matching.cc:218] in 0.007s
I20261002 22:40:04.253287  4068 pairing.cc:562] Processing image [8/96]
I20261002 22:40:04.264654  4068 feature_matching.cc:218] in 0.011s
I20261002 22:40:04.264813  4068 pairing.cc:562] Processing image [9/96]
I20261002 22:40:04.272101  4068 feature_matching.cc:218] in 0.007s
I20261002 22:40:04.272264  4068 pairing.cc:562] Processing image [10/96]
I20261002 22:40:04.279982  4068 feature_matching.cc:218] in 0.008s
I20261002 22:40:04.280135  4068 pairing.cc:562] Processing image [11/96]
I20261002 22:40:04.286250  4068 feature_matching.cc:218] in 0.006s
I20261002 22:40:04.286403  4068 pairing.cc:562] Processing image [12/96]
I20261002 22:40:04.293922  4068 feature_matching.cc:218] in 0.008s
I20261002 22:40:04.294082  4068 pairing.cc:562] Processing image [13/96]
I20261002 22:40:04.301182  4068 feature_matching.cc:218] in 0.007s
I20261002 22:40:04.301337  4068 pairing.cc:562] Processing image [14/96]
I20261002 22:40:04.309306  4068 feature_matching.cc:218] in 0.008s
I20261002 22:40:04.309475  4068 pairing.cc:562] Processing image [15/96]
I20261002 22:40:04.318860  4068 feature_matching.cc:218] in 0.009s
I20261002 22:40:04.319082  4068 pairing.cc:562] Processing image [16/96]
I20261002 22:40:04.325173  4068 feature_matching.cc:218] in 0.006s
I20261002 22:40:04.325312  4068 pairing.cc:562] Processing image [17/96]
I20261002 22:40:04.333502  4068 feature_matching.cc:218] in 0.008s
I20261002 22:40:04.333640  4068 pairing.cc:562] Processing image [18/96]
I20261002 22:40:04.340142  4068 feature_matching.cc:218] in 0.007s
I20261002 22:40:04.340279  4068 pairing.cc:562] Processing image [19/96]
I20261002 22:40:04.349906  4068 feature_matching.cc:218] in 0.010s
I20261002 22:40:04.350011  4068 pairing.cc:562] Processing image [20/96]
I20261002 22:40:04.355281  4068 feature_matching.cc:218] in 0.005s
I20261002 22:40:04.355405  4068 pairing.cc:562] Processing image [21/96]
I20261002 22:40:04.360601  4068 feature_matching.cc:218] in 0.005s
I20261002 22:40:04.360717  4068 pairing.cc:562] Processing image [22/96]
I20261002 22:40:04.366328  4068 feature_matching.cc:218] in 0.006s
I20261002 22:40:04.366438  4068 pairing.cc:562] Processing image [23/96]
I20261002 22:40:04.372340  4068 feature_matching.cc:218] in 0.006s
I20261002 22:40:04.372462  4068 pairing.cc:562] Processing image [24/96]
I20261002 22:40:04.379599  4068 feature_matching.cc:218] in 0.007s
I20261002 22:40:04.379753  4068 pairing.cc:562] Processing image [25/96]
I20261002 22:40:04.386075  4068 feature_matching.cc:218] in 0.006s
I20261002 22:40:04.386214  4068 pairing.cc:562] Processing image [26/96]
I20261002 22:40:04.393391  4068 feature_matching.cc:218] in 0.007s
I20261002 22:40:04.393527  4068 pairing.cc:562] Processing image [27/96]
I20261002 22:40:04.400871  4068 feature_matching.cc:218] in 0.007s
I20261002 22:40:04.401020  4068 pairing.cc:562] Processing image [28/96]
I20261002 22:40:04.408326  4068 feature_matching.cc:218] in 0.007s
I20261002 22:40:04.408460  4068 pairing.cc:562] Processing image [29/96]
I20261002 22:40:04.414648  4068 feature_matching.cc:218] in 0.006s
I20261002 22:40:04.414767  4068 pairing.cc:562] Processing image [30/96]
I20261002 22:40:04.420275  4068 feature_matching.cc:218] in 0.006s
I20261002 22:40:04.420408  4068 pairing.cc:562] Processing image [31/96]
I20261002 22:40:04.426823  4068 feature_matching.cc:218] in 0.006s
I20261002 22:40:04.426938  4068 pairing.cc:562] Processing image [32/96]
I20261002 22:40:04.432638  4068 feature_matching.cc:218] in 0.006s
I20261002 22:40:04.432757  4068 pairing.cc:562] Processing image [33/96]
I20261002 22:40:04.438514  4068 feature_matching.cc:218] in 0.006s
I20261002 22:40:04.438629  4068 pairing.cc:562] Processing image [34/96]
I20261002 22:40:04.444737  4068 feature_matching.cc:218] in 0.006s
I20261002 22:40:04.444863  4068 pairing.cc:562] Processing image [35/96]
I20261002 22:40:04.450941  4068 feature_matching.cc:218] in 0.006s
I20261002 22:40:04.451069  4068 pairing.cc:562] Processing image [36/96]
I20261002 22:40:04.457463  4068 feature_matching.cc:218] in 0.006s
I20261002 22:40:04.457584  4068 pairing.cc:562] Processing image [37/96]
I20261002 22:40:04.465034  4068 feature_matching.cc:218] in 0.007s
I20261002 22:40:04.465156  4068 pairing.cc:562] Processing image [38/96]
I20261002 22:40:04.470740  4068 feature_matching.cc:218] in 0.006s
I20261002 22:40:04.470858  4068 pairing.cc:562] Processing image [39/96]
I20261002 22:40:04.477269  4068 feature_matching.cc:218] in 0.006s
I20261002 22:40:04.477398  4068 pairing.cc:562] Processing image [40/96]
I20261002 22:40:04.483006  4068 feature_matching.cc:218] in 0.006s
I20261002 22:40:04.483123  4068 pairing.cc:562] Processing image [41/96]
I20261002 22:40:04.489508  4068 feature_matching.cc:218] in 0.006s
I20261002 22:40:04.489628  4068 pairing.cc:562] Processing image [42/96]
I20261002 22:40:04.494934  4068 feature_matching.cc:218] in 0.005s
I20261002 22:40:04.495051  4068 pairing.cc:562] Processing image [43/96]
I20261002 22:40:04.500987  4068 feature_matching.cc:218] in 0.006s
I20261002 22:40:04.501097  4068 pairing.cc:562] Processing image [44/96]
I20261002 22:40:04.507572  4068 feature_matching.cc:218] in 0.006s
I20261002 22:40:04.507691  4068 pairing.cc:562] Processing image [45/96]
I20261002 22:40:04.513493  4068 feature_matching.cc:218] in 0.006s
I20261002 22:40:04.513609  4068 pairing.cc:562] Processing image [46/96]
I20261002 22:40:04.520400  4068 feature_matching.cc:218] in 0.007s
I20261002 22:40:04.520525  4068 pairing.cc:562] Processing image [47/96]
I20261002 22:40:04.527654  4068 feature_matching.cc:218] in 0.007s
I20261002 22:40:04.527777  4068 pairing.cc:562] Processing image [48/96]
I20261002 22:40:04.533960  4068 feature_matching.cc:218] in 0.006s
I20261002 22:40:04.534081  4068 pairing.cc:562] Processing image [49/96]
I20261002 22:40:04.542048  4068 feature_matching.cc:218] in 0.008s
I20261002 22:40:04.542206  4068 pairing.cc:562] Processing image [50/96]
I20261002 22:40:04.548383  4068 feature_matching.cc:218] in 0.006s
I20261002 22:40:04.548490  4068 pairing.cc:562] Processing image [51/96]
I20261002 22:40:04.555054  4068 feature_matching.cc:218] in 0.007s
I20261002 22:40:04.555178  4068 pairing.cc:562] Processing image [52/96]
I20261002 22:40:04.560980  4068 feature_matching.cc:218] in 0.006s
I20261002 22:40:04.561118  4068 pairing.cc:562] Processing image [53/96]
I20261002 22:40:04.566659  4068 feature_matching.cc:218] in 0.006s
I20261002 22:40:04.566781  4068 pairing.cc:562] Processing image [54/96]
I20261002 22:40:04.573203  4068 feature_matching.cc:218] in 0.006s
I20261002 22:40:04.573323  4068 pairing.cc:562] Processing image [55/96]
I20261002 22:40:04.579902  4068 feature_matching.cc:218] in 0.007s
I20261002 22:40:04.580020  4068 pairing.cc:562] Processing image [56/96]
I20261002 22:40:04.587304  4068 feature_matching.cc:218] in 0.007s
I20261002 22:40:04.587444  4068 pairing.cc:562] Processing image [57/96]
I20261002 22:40:04.595074  4068 feature_matching.cc:218] in 0.008s
I20261002 22:40:04.595231  4068 pairing.cc:562] Processing image [58/96]
I20261002 22:40:04.600810  4068 feature_matching.cc:218] in 0.006s
I20261002 22:40:04.600941  4068 pairing.cc:562] Processing image [59/96]
I20261002 22:40:04.607083  4068 feature_matching.cc:218] in 0.006s
I20261002 22:40:04.607220  4068 pairing.cc:562] Processing image [60/96]
I20261002 22:40:04.614479  4068 feature_matching.cc:218] in 0.007s
I20261002 22:40:04.614608  4068 pairing.cc:562] Processing image [61/96]
I20261002 22:40:04.621090  4068 feature_matching.cc:218] in 0.006s
I20261002 22:40:04.621213  4068 pairing.cc:562] Processing image [62/96]
I20261002 22:40:04.628035  4068 feature_matching.cc:218] in 0.007s
I20261002 22:40:04.628153  4068 pairing.cc:562] Processing image [63/96]
I20261002 22:40:04.635201  4068 feature_matching.cc:218] in 0.007s
I20261002 22:40:04.635321  4068 pairing.cc:562] Processing image [64/96]
I20261002 22:40:04.642362  4068 feature_matching.cc:218] in 0.007s
I20261002 22:40:04.642502  4068 pairing.cc:562] Processing image [65/96]
I20261002 22:40:04.647821  4068 feature_matching.cc:218] in 0.005s
I20261002 22:40:04.647943  4068 pairing.cc:562] Processing image [66/96]
I20261002 22:40:04.654302  4068 feature_matching.cc:218] in 0.006s
I20261002 22:40:04.654428  4068 pairing.cc:562] Processing image [67/96]
I20261002 22:40:04.660923  4068 feature_matching.cc:218] in 0.007s
I20261002 22:40:04.661041  4068 pairing.cc:562] Processing image [68/96]
I20261002 22:40:04.666791  4068 feature_matching.cc:218] in 0.006s
I20261002 22:40:04.666910  4068 pairing.cc:562] Processing image [69/96]
I20261002 22:40:04.673070  4068 feature_matching.cc:218] in 0.006s
I20261002 22:40:04.673185  4068 pairing.cc:562] Processing image [70/96]
I20261002 22:40:04.679495  4068 feature_matching.cc:218] in 0.006s
I20261002 22:40:04.679622  4068 pairing.cc:562] Processing image [71/96]
I20261002 22:40:04.685352  4068 feature_matching.cc:218] in 0.006s
I20261002 22:40:04.685487  4068 pairing.cc:562] Processing image [72/96]
I20261002 22:40:04.691813  4068 feature_matching.cc:218] in 0.006s
I20261002 22:40:04.691935  4068 pairing.cc:562] Processing image [73/96]
I20261002 22:40:04.697447  4068 feature_matching.cc:218] in 0.006s
I20261002 22:40:04.697567  4068 pairing.cc:562] Processing image [74/96]
I20261002 22:40:04.703253  4068 feature_matching.cc:218] in 0.006s
I20261002 22:40:04.703367  4068 pairing.cc:562] Processing image [75/96]
I20261002 22:40:04.710088  4068 feature_matching.cc:218] in 0.007s
I20261002 22:40:04.710203  4068 pairing.cc:562] Processing image [76/96]
I20261002 22:40:04.716570  4068 feature_matching.cc:218] in 0.006s
I20261002 22:40:04.716682  4068 pairing.cc:562] Processing image [77/96]
I20261002 22:40:04.722068  4068 feature_matching.cc:218] in 0.005s
I20261002 22:40:04.722162  4068 pairing.cc:562] Processing image [78/96]
I20261002 22:40:04.728190  4068 feature_matching.cc:218] in 0.006s
I20261002 22:40:04.728282  4068 pairing.cc:562] Processing image [79/96]
I20261002 22:40:04.734088  4068 feature_matching.cc:218] in 0.006s
I20261002 22:40:04.734203  4068 pairing.cc:562] Processing image [80/96]
I20261002 22:40:04.741527  4068 feature_matching.cc:218] in 0.007s
I20261002 22:40:04.741653  4068 pairing.cc:562] Processing image [81/96]
I20261002 22:40:04.748872  4068 feature_matching.cc:218] in 0.007s
I20261002 22:40:04.748993  4068 pairing.cc:562] Processing image [82/96]
I20261002 22:40:04.754626  4068 feature_matching.cc:218] in 0.006s
I20261002 22:40:04.754760  4068 pairing.cc:562] Processing image [83/96]
I20261002 22:40:04.764511  4068 feature_matching.cc:218] in 0.010s
I20261002 22:40:04.764636  4068 pairing.cc:562] Processing image [84/96]
I20261002 22:40:04.772510  4068 feature_matching.cc:218] in 0.008s
I20261002 22:40:04.772620  4068 pairing.cc:562] Processing image [85/96]
I20261002 22:40:04.777890  4068 feature_matching.cc:218] in 0.005s
I20261002 22:40:04.778007  4068 pairing.cc:562] Processing image [86/96]
I20261002 22:40:04.783936  4068 feature_matching.cc:218] in 0.006s
I20261002 22:40:04.784059  4068 pairing.cc:562] Processing image [87/96]
I20261002 22:40:04.789098  4068 feature_matching.cc:218] in 0.005s
I20261002 22:40:04.789229  4068 pairing.cc:562] Processing image [88/96]
I20261002 22:40:04.795528  4068 feature_matching.cc:218] in 0.006s
I20261002 22:40:04.795644  4068 pairing.cc:562] Processing image [89/96]
I20261002 22:40:04.804862  4068 feature_matching.cc:218] in 0.009s
I20261002 22:40:04.804987  4068 pairing.cc:562] Processing image [90/96]
I20261002 22:40:04.810112  4068 feature_matching.cc:218] in 0.005s
I20261002 22:40:04.810223  4068 pairing.cc:562] Processing image [91/96]
I20261002 22:40:04.817723  4068 feature_matching.cc:218] in 0.008s
I20261002 22:40:04.817844  4068 pairing.cc:562] Processing image [92/96]
I20261002 22:40:04.823355  4068 feature_matching.cc:218] in 0.006s
I20261002 22:40:04.823472  4068 pairing.cc:562] Processing image [93/96]
I20261002 22:40:04.829123  4068 feature_matching.cc:218] in 0.006s
I20261002 22:40:04.829213  4068 pairing.cc:562] Processing image [94/96]
I20261002 22:40:04.833971  4068 feature_matching.cc:218] in 0.005s
I20261002 22:40:04.834061  4068 pairing.cc:562] Processing image [95/96]
I20261002 22:40:04.842021  4068 feature_matching.cc:218] in 0.008s
I20261002 22:40:04.842112  4068 pairing.cc:562] Processing image [96/96]
I20261002 22:40:04.842166  4068 feature_matching.cc:218] in 0.000s
I20261002 22:40:04.842273  4068 pairing.cc:333] Processing image [1/10]
I20261002 22:40:04.870028  4068 feature_matching.cc:218] in 0.028s
I20261002 22:40:04.870212  4068 pairing.cc:333] Processing image [2/10]
I20261002 22:40:04.887825  4068 feature_matching.cc:218] in 0.018s
I20261002 22:40:04.887985  4068 pairing.cc:333] Processing image [3/10]
I20261002 22:40:04.906506  4068 feature_matching.cc:218] in 0.019s
I20261002 22:40:04.906668  4068 pairing.cc:333] Processing image [4/10]
I20261002 22:40:04.921686  4068 feature_matching.cc:218] in 0.015s
I20261002 22:40:04.921850  4068 pairing.cc:333] Processing image [5/10]
I20261002 22:40:04.937365  4068 feature_matching.cc:218] in 0.016s
I20261002 22:40:04.937525  4068 pairing.cc:333] Processing image [6/10]
I20261002 22:40:04.954297  4068 feature_matching.cc:218] in 0.017s
I20261002 22:40:04.954466  4068 pairing.cc:333] Processing image [7/10]
I20261002 22:40:04.970772  4068 feature_matching.cc:218] in 0.016s
I20261002 22:40:04.970929  4068 pairing.cc:333] Processing image [8/10]
I20261002 22:40:04.988166  4068 feature_matching.cc:218] in 0.017s
I20261002 22:40:04.988340  4068 pairing.cc:333] Processing image [9/10]
I20261002 22:40:05.003660  4068 feature_matching.cc:218] in 0.015s
I20261002 22:40:05.003847  4068 pairing.cc:333] Processing image [10/10]
I20261002 22:40:05.019187  4068 feature_matching.cc:218] in 0.015s
I20261002 22:40:05.019376  4068 timer.cc:90] Elapsed time: 0.035 [minutes]
I20261002 22:40:05.039043 10408 automatic_reconstruction.cc:309] === Sparse reconstruction ===
I20261002 22:40:05.040893 10408 incremental_pipeline.cc:353] Loading database
I20261002 22:40:05.041098 10408 database_cache.cc:82] Loading rigs...
I20261002 22:40:05.041214 10408 database_cache.cc:92]  1 in 0.000s
I20261002 22:40:05.041280 10408 database_cache.cc:100] Loading cameras...
I20261002 22:40:05.041352 10408 database_cache.cc:118]  1 in 0.000s
I20261002 22:40:05.041409 10408 database_cache.cc:126] Loading frames...
I20261002 22:40:05.041579 10408 database_cache.cc:136]  96 in 0.000s
I20261002 22:40:05.041643 10408 database_cache.cc:144] Loading matches...
I20261002 22:40:05.043409 10408 database_cache.cc:163]  811 in 0.002s
I20261002 22:40:05.043510 10408 database_cache.cc:171] Loading images...
I20261002 22:40:05.044598 10408 database_cache.cc:268]  96 in 0.001s (connected 96, loaded 96)
I20261002 22:40:05.044683 10408 database_cache.cc:282] Loading pose priors...
I20261002 22:40:05.044747 10408 database_cache.cc:290]  0 in 0.000s
I20261002 22:40:05.044802 10408 database_cache.cc:298] Building correspondence graph...
I20261002 22:40:05.050859 10408 database_cache.cc:327]  in 0.006s (ignored 0)
I20261002 22:40:05.050969 10408 timer.cc:90] Elapsed time: 0.000 [minutes]
I20261002 22:40:05.051883 10408 incremental_pipeline.cc:465] Finding good initial image pair
I20261002 22:40:05.094595 10408 incremental_pipeline.cc:492] Registering initial image pair #7 and #2
I20261002 22:40:05.095476 10408 incremental_pipeline.cc:510] Global bundle adjustment
W20261002 22:40:05.095865 10408 bundle_adjustment_ceres.cc:162] Requested to use GPU for bundle adjustment, but Ceres was compiled without CUDA support. Falling back to CPU-based dense solvers.
W20261002 22:40:05.096353 10408 bundle_adjustment_ceres.cc:181] Requested to use GPU for bundle adjustment, but Ceres was compiled without cuDSS support. Falling back to CPU-based sparse solvers.
I20261002 22:40:05.107088 10408 incremental_pipeline.cc:620] Registering image #5 (num_reg_frames=2)
I20261002 22:40:05.107197 10408 incremental_pipeline.cc:623] => Image sees 120 / 236 points
I20261002 22:40:05.112535 10408 incremental_pipeline.cc:88] Retriangulation and Global bundle adjustment
I20261002 22:40:05.117550 10408 incremental_pipeline.cc:620] Registering image #9 (num_reg_frames=3)
I20261002 22:40:05.117654 10408 incremental_pipeline.cc:623] => Image sees 134 / 251 points
I20261002 22:40:05.123184 10408 incremental_pipeline.cc:620] Registering image #6 (num_reg_frames=4)
I20261002 22:40:05.123289 10408 incremental_pipeline.cc:623] => Image sees 153 / 230 points
I20261002 22:40:05.130259 10408 incremental_pipeline.cc:88] Retriangulation and Global bundle adjustment
I20261002 22:40:05.168246 10408 incremental_pipeline.cc:620] Registering image #10 (num_reg_frames=5)
I20261002 22:40:05.168362 10408 incremental_pipeline.cc:623] => Image sees 154 / 239 points
I20261002 22:40:05.175936 10408 incremental_pipeline.cc:620] Registering image #11 (num_reg_frames=6)
I20261002 22:40:05.176039 10408 incremental_pipeline.cc:623] => Image sees 169 / 237 points
I20261002 22:40:05.182852 10408 incremental_pipeline.cc:88] Retriangulation and Global bundle adjustment
I20261002 22:40:05.386189 10408 incremental_pipeline.cc:620] Registering image #13 (num_reg_frames=7)
I20261002 22:40:05.386339 10408 incremental_pipeline.cc:623] => Image sees 146 / 234 points
I20261002 22:40:05.396159 10408 incremental_pipeline.cc:620] Registering image #4 (num_reg_frames=8)
I20261002 22:40:05.396275 10408 incremental_pipeline.cc:623] => Image sees 146 / 231 points
I20261002 22:40:05.406573 10408 incremental_pipeline.cc:620] Registering image #3 (num_reg_frames=9)
I20261002 22:40:05.406680 10408 incremental_pipeline.cc:623] => Image sees 150 / 227 points
I20261002 22:40:05.418247 10408 incremental_pipeline.cc:88] Retriangulation and Global bundle adjustment
I20261002 22:40:05.576911 10408 incremental_pipeline.cc:88] Retriangulation and Global bundle adjustment
I20261002 22:40:06.382646 10408 incremental_pipeline.cc:620] Registering image #1 (num_reg_frames=10)
I20261002 22:40:06.383671 10408 incremental_pipeline.cc:623] => Image sees 184 / 215 points
I20261002 22:40:06.383862 10408 incremental_pipeline.cc:646] => Could not register, trying another image.
I20261002 22:40:06.383921 10408 incremental_pipeline.cc:620] Registering image #8 (num_reg_frames=10)
I20261002 22:40:06.383969 10408 incremental_pipeline.cc:623] => Image sees 174 / 217 points
I20261002 22:40:06.384046 10408 incremental_pipeline.cc:646] => Could not register, trying another image.
I20261002 22:40:06.384094 10408 incremental_pipeline.cc:620] Registering image #16 (num_reg_frames=10)
I20261002 22:40:06.384140 10408 incremental_pipeline.cc:623] => Image sees 159 / 231 points
I20261002 22:40:06.384217 10408 incremental_pipeline.cc:646] => Could not register, trying another image.
I20261002 22:40:06.384372 10408 incremental_pipeline.cc:620] Registering image #12 (num_reg_frames=10)
I20261002 22:40:06.384483 10408 incremental_pipeline.cc:623] => Image sees 144 / 219 points
I20261002 22:40:06.384621 10408 incremental_pipeline.cc:646] => Could not register, trying another image.
I20261002 22:40:06.384696 10408 incremental_pipeline.cc:620] Registering image #21 (num_reg_frames=10)
I20261002 22:40:06.384775 10408 incremental_pipeline.cc:623] => Image sees 138 / 264 points
I20261002 22:40:06.384906 10408 incremental_pipeline.cc:646] => Could not register, trying another image.
I20261002 22:40:06.384969 10408 incremental_pipeline.cc:620] Registering image #15 (num_reg_frames=10)
I20261002 22:40:06.385059 10408 incremental_pipeline.cc:623] => Image sees 136 / 243 points
I20261002 22:40:06.385148 10408 incremental_pipeline.cc:646] => Could not register, trying another image.
I20261002 22:40:06.385208 10408 incremental_pipeline.cc:620] Registering image #20 (num_reg_frames=10)
I20261002 22:40:06.385265 10408 incremental_pipeline.cc:623] => Image sees 134 / 239 points
I20261002 22:40:06.385344 10408 incremental_pipeline.cc:646] => Could not register, trying another image.
I20261002 22:40:06.385400 10408 incremental_pipeline.cc:620] Registering image #18 (num_reg_frames=10)
I20261002 22:40:06.385461 10408 incremental_pipeline.cc:623] => Image sees 114 / 232 points
I20261002 22:40:06.385546 10408 incremental_pipeline.cc:646] => Could not register, trying another image.
I20261002 22:40:06.385604 10408 incremental_pipeline.cc:620] Registering image #19 (num_reg_frames=10)
I20261002 22:40:06.385663 10408 incremental_pipeline.cc:623] => Image sees 112 / 244 points
I20261002 22:40:06.385741 10408 incremental_pipeline.cc:646] => Could not register, trying another image.
I20261002 22:40:06.385799 10408 incremental_pipeline.cc:620] Registering image #17 (num_reg_frames=10)
I20261002 22:40:06.385857 10408 incremental_pipeline.cc:623] => Image sees 108 / 226 points
I20261002 22:40:06.385929 10408 incremental_pipeline.cc:646] => Could not register, trying another image.
I20261002 22:40:06.385981 10408 incremental_pipeline.cc:620] Registering image #22 (num_reg_frames=10)
I20261002 22:40:06.386033 10408 incremental_pipeline.cc:623] => Image sees 88 / 248 points
I20261002 22:40:06.386101 10408 incremental_pipeline.cc:646] => Could not register, trying another image.
I20261002 22:40:06.386152 10408 incremental_pipeline.cc:620] Registering image #14 (num_reg_frames=10)
I20261002 22:40:06.386204 10408 incremental_pipeline.cc:623] => Image sees 88 / 246 points
I20261002 22:40:06.386272 10408 incremental_pipeline.cc:646] => Could not register, trying another image.
I20261002 22:40:06.386323 10408 incremental_pipeline.cc:620] Registering image #24 (num_reg_frames=10)
I20261002 22:40:06.386376 10408 incremental_pipeline.cc:623] => Image sees 74 / 223 points
I20261002 22:40:06.386441 10408 incremental_pipeline.cc:646] => Could not register, trying another image.
I20261002 22:40:06.386489 10408 incremental_pipeline.cc:620] Registering image #23 (num_reg_frames=10)
I20261002 22:40:06.386538 10408 incremental_pipeline.cc:623] => Image sees 69 / 218 points
I20261002 22:40:06.386599 10408 incremental_pipeline.cc:646] => Could not register, trying another image.
I20261002 22:40:06.386646 10408 incremental_pipeline.cc:620] Registering image #33 (num_reg_frames=10)
I20261002 22:40:06.386695 10408 incremental_pipeline.cc:623] => Image sees 65 / 209 points
I20261002 22:40:06.386764 10408 incremental_pipeline.cc:646] => Could not register, trying another image.
I20261002 22:40:06.386815 10408 incremental_pipeline.cc:620] Registering image #27 (num_reg_frames=10)
I20261002 22:40:06.386862 10408 incremental_pipeline.cc:623] => Image sees 49 / 215 points
I20261002 22:40:06.386938 10408 incremental_pipeline.cc:646] => Could not register, trying another image.
I20261002 22:40:06.387017 10408 incremental_pipeline.cc:620] Registering image #26 (num_reg_frames=10)
I20261002 22:40:06.387065 10408 incremental_pipeline.cc:623] => Image sees 47 / 233 points
I20261002 22:40:06.387123 10408 incremental_pipeline.cc:646] => Could not register, trying another image.
I20261002 22:40:06.387168 10408 incremental_pipeline.cc:620] Registering image #28 (num_reg_frames=10)
I20261002 22:40:06.387215 10408 incremental_pipeline.cc:623] => Image sees 42 / 178 points
I20261002 22:40:06.387271 10408 incremental_pipeline.cc:646] => Could not register, trying another image.
I20261002 22:40:06.387317 10408 incremental_pipeline.cc:620] Registering image #25 (num_reg_frames=10)
I20261002 22:40:06.387362 10408 incremental_pipeline.cc:623] => Image sees 35 / 196 points
I20261002 22:40:06.387418 10408 incremental_pipeline.cc:646] => Could not register, trying another image.
I20261002 22:40:06.387479 10408 incremental_pipeline.cc:620] Registering image #1 (num_reg_frames=10)
I20261002 22:40:06.387526 10408 incremental_pipeline.cc:623] => Image sees 184 / 215 points
I20261002 22:40:06.387574 10408 incremental_pipeline.cc:629] Registering image with structure-less fallback
I20261002 22:40:06.387621 10408 incremental_pipeline.cc:631] => Image sees 1521 / 2922 correspondences
I20261002 22:40:06.387700 10408 incremental_pipeline.cc:646] => Could not register, trying another image.
I20261002 22:40:06.387747 10408 incremental_pipeline.cc:620] Registering image #21 (num_reg_frames=10)
I20261002 22:40:06.387794 10408 incremental_pipeline.cc:623] => Image sees 138 / 264 points
I20261002 22:40:06.387841 10408 incremental_pipeline.cc:629] Registering image with structure-less fallback
I20261002 22:40:06.387887 10408 incremental_pipeline.cc:631] => Image sees 1002 / 3649 correspondences
I20261002 22:40:06.387964 10408 incremental_pipeline.cc:646] => Could not register, trying another image.
I20261002 22:40:06.388010 10408 incremental_pipeline.cc:620] Registering image #8 (num_reg_frames=10)
I20261002 22:40:06.388056 10408 incremental_pipeline.cc:623] => Image sees 174 / 217 points
I20261002 22:40:06.388102 10408 incremental_pipeline.cc:629] Registering image with structure-less fallback
I20261002 22:40:06.388148 10408 incremental_pipeline.cc:631] => Image sees 817 / 1395 correspondences
I20261002 22:40:06.388209 10408 incremental_pipeline.cc:646] => Could not register, trying another image.
I20261002 22:40:06.388256 10408 incremental_pipeline.cc:620] Registering image #12 (num_reg_frames=10)
I20261002 22:40:06.388303 10408 incremental_pipeline.cc:623] => Image sees 144 / 219 points
I20261002 22:40:06.388349 10408 incremental_pipeline.cc:629] Registering image with structure-less fallback
I20261002 22:40:06.388395 10408 incremental_pipeline.cc:631] => Image sees 537 / 1564 correspondences
I20261002 22:40:06.388458 10408 incremental_pipeline.cc:646] => Could not register, trying another image.
I20261002 22:40:06.388503 10408 incremental_pipeline.cc:620] Registering image #16 (num_reg_frames=10)
I20261002 22:40:06.388549 10408 incremental_pipeline.cc:623] => Image sees 159 / 231 points
I20261002 22:40:06.388595 10408 incremental_pipeline.cc:629] Registering image with structure-less fallback
I20261002 22:40:06.388640 10408 incremental_pipeline.cc:631] => Image sees 467 / 1338 correspondences
I20261002 22:40:06.388701 10408 incremental_pipeline.cc:646] => Could not register, trying another image.
I20261002 22:40:06.388747 10408 incremental_pipeline.cc:620] Registering image #15 (num_reg_frames=10)
I20261002 22:40:06.388794 10408 incremental_pipeline.cc:623] => Image sees 136 / 243 points
I20261002 22:40:06.388841 10408 incremental_pipeline.cc:629] Registering image with structure-less fallback
I20261002 22:40:06.388889 10408 incremental_pipeline.cc:631] => Image sees 390 / 1660 correspondences
I20261002 22:40:06.388952 10408 incremental_pipeline.cc:646] => Could not register, trying another image.
I20261002 22:40:06.388998 10408 incremental_pipeline.cc:620] Registering image #18 (num_reg_frames=10)
I20261002 22:40:06.389044 10408 incremental_pipeline.cc:623] => Image sees 114 / 232 points
I20261002 22:40:06.389090 10408 incremental_pipeline.cc:629] Registering image with structure-less fallback
I20261002 22:40:06.389136 10408 incremental_pipeline.cc:631] => Image sees 300 / 1485 correspondences
I20261002 22:40:06.389197 10408 incremental_pipeline.cc:646] => Could not register, trying another image.
I20261002 22:40:06.389243 10408 incremental_pipeline.cc:620] Registering image #17 (num_reg_frames=10)
I20261002 22:40:06.389290 10408 incremental_pipeline.cc:623] => Image sees 108 / 226 points
I20261002 22:40:06.389336 10408 incremental_pipeline.cc:629] Registering image with structure-less fallback
I20261002 22:40:06.389381 10408 incremental_pipeline.cc:631] => Image sees 287 / 1652 correspondences
I20261002 22:40:06.389442 10408 incremental_pipeline.cc:646] => Could not register, trying another image.
I20261002 22:40:06.389496 10408 incremental_pipeline.cc:620] Registering image #20 (num_reg_frames=10)
I20261002 22:40:06.389542 10408 incremental_pipeline.cc:623] => Image sees 134 / 239 points
I20261002 22:40:06.389588 10408 incremental_pipeline.cc:629] Registering image with structure-less fallback
I20261002 22:40:06.389635 10408 incremental_pipeline.cc:631] => Image sees 268 / 1474 correspondences
I20261002 22:40:06.389696 10408 incremental_pipeline.cc:646] => Could not register, trying another image.
I20261002 22:40:06.389741 10408 incremental_pipeline.cc:620] Registering image #33 (num_reg_frames=10)
I20261002 22:40:06.389787 10408 incremental_pipeline.cc:623] => Image sees 65 / 209 points
I20261002 22:40:06.389833 10408 incremental_pipeline.cc:629] Registering image with structure-less fallback
I20261002 22:40:06.389879 10408 incremental_pipeline.cc:631] => Image sees 259 / 2483 correspondences
I20261002 22:40:06.389944 10408 incremental_pipeline.cc:646] => Could not register, trying another image.
I20261002 22:40:06.389990 10408 incremental_pipeline.cc:620] Registering image #19 (num_reg_frames=10)
I20261002 22:40:06.390036 10408 incremental_pipeline.cc:623] => Image sees 112 / 244 points
I20261002 22:40:06.390082 10408 incremental_pipeline.cc:629] Registering image with structure-less fallback
I20261002 22:40:06.390128 10408 incremental_pipeline.cc:631] => Image sees 213 / 1429 correspondences
I20261002 22:40:06.390188 10408 incremental_pipeline.cc:646] => Could not register, trying another image.
I20261002 22:40:06.390234 10408 incremental_pipeline.cc:620] Registering image #22 (num_reg_frames=10)
I20261002 22:40:06.390280 10408 incremental_pipeline.cc:623] => Image sees 88 / 248 points
I20261002 22:40:06.390326 10408 incremental_pipeline.cc:629] Registering image with structure-less fallback
I20261002 22:40:06.390372 10408 incremental_pipeline.cc:631] => Image sees 169 / 1387 correspondences
I20261002 22:40:06.390431 10408 incremental_pipeline.cc:646] => Could not register, trying another image.
I20261002 22:40:06.390476 10408 incremental_pipeline.cc:620] Registering image #23 (num_reg_frames=10)
I20261002 22:40:06.390524 10408 incremental_pipeline.cc:623] => Image sees 69 / 218 points
I20261002 22:40:06.390570 10408 incremental_pipeline.cc:629] Registering image with structure-less fallback
I20261002 22:40:06.390616 10408 incremental_pipeline.cc:631] => Image sees 133 / 1265 correspondences
I20261002 22:40:06.390690 10408 incremental_pipeline.cc:646] => Could not register, trying another image.
I20261002 22:40:06.390740 10408 incremental_pipeline.cc:620] Registering image #24 (num_reg_frames=10)
I20261002 22:40:06.390786 10408 incremental_pipeline.cc:623] => Image sees 74 / 223 points
I20261002 22:40:06.390835 10408 incremental_pipeline.cc:629] Registering image with structure-less fallback
I20261002 22:40:06.390887 10408 incremental_pipeline.cc:631] => Image sees 132 / 1184 correspondences
I20261002 22:40:06.390944 10408 incremental_pipeline.cc:646] => Could not register, trying another image.
I20261002 22:40:06.390989 10408 incremental_pipeline.cc:620] Registering image #14 (num_reg_frames=10)
I20261002 22:40:06.391034 10408 incremental_pipeline.cc:623] => Image sees 88 / 246 points
I20261002 22:40:06.391080 10408 incremental_pipeline.cc:629] Registering image with structure-less fallback
I20261002 22:40:06.391125 10408 incremental_pipeline.cc:631] => Image sees 120 / 1485 correspondences
I20261002 22:40:06.391183 10408 incremental_pipeline.cc:646] => Could not register, trying another image.
I20261002 22:40:06.391228 10408 incremental_pipeline.cc:620] Registering image #27 (num_reg_frames=10)
I20261002 22:40:06.391272 10408 incremental_pipeline.cc:623] => Image sees 49 / 215 points
I20261002 22:40:06.391318 10408 incremental_pipeline.cc:629] Registering image with structure-less fallback
I20261002 22:40:06.391363 10408 incremental_pipeline.cc:631] => Image sees 104 / 1180 correspondences
I20261002 22:40:06.391420 10408 incremental_pipeline.cc:646] => Could not register, trying another image.
I20261002 22:40:06.391464 10408 incremental_pipeline.cc:620] Registering image #28 (num_reg_frames=10)
I20261002 22:40:06.391518 10408 incremental_pipeline.cc:623] => Image sees 42 / 178 points
I20261002 22:40:06.391563 10408 incremental_pipeline.cc:629] Registering image with structure-less fallback
I20261002 22:40:06.391609 10408 incremental_pipeline.cc:631] => Image sees 80 / 1053 correspondences
I20261002 22:40:06.391664 10408 incremental_pipeline.cc:646] => Could not register, trying another image.
I20261002 22:40:06.391709 10408 incremental_pipeline.cc:620] Registering image #26 (num_reg_frames=10)
I20261002 22:40:06.391754 10408 incremental_pipeline.cc:623] => Image sees 47 / 233 points
I20261002 22:40:06.391801 10408 incremental_pipeline.cc:629] Registering image with structure-less fallback
I20261002 22:40:06.391846 10408 incremental_pipeline.cc:631] => Image sees 67 / 1178 correspondences
I20261002 22:40:06.391902 10408 incremental_pipeline.cc:646] => Could not register, trying another image.
I20261002 22:40:06.391946 10408 incremental_pipeline.cc:620] Registering image #25 (num_reg_frames=10)
I20261002 22:40:06.391991 10408 incremental_pipeline.cc:623] => Image sees 35 / 196 points
I20261002 22:40:06.392036 10408 incremental_pipeline.cc:629] Registering image with structure-less fallback
I20261002 22:40:06.392083 10408 incremental_pipeline.cc:631] => Image sees 48 / 974 correspondences
I20261002 22:40:06.392129 10408 incremental_pipeline.cc:646] => Could not register, trying another image.
I20261002 22:40:06.392220 10408 incremental_pipeline.cc:826] Keeping successful reconstruction
I20261002 22:40:06.393469 10408 incremental_pipeline.cc:465] Finding good initial image pair
I20261002 22:40:06.410024 10408 incremental_pipeline.cc:492] Registering initial image pair #53 and #55
I20261002 22:40:06.410993 10408 incremental_pipeline.cc:510] Global bundle adjustment
I20261002 22:40:06.422319 10408 incremental_pipeline.cc:620] Registering image #51 (num_reg_frames=2)
I20261002 22:40:06.422468 10408 incremental_pipeline.cc:623] => Image sees 108 / 202 points
I20261002 22:40:06.426847 10408 incremental_pipeline.cc:88] Retriangulation and Global bundle adjustment
I20261002 22:40:06.474467 10408 incremental_pipeline.cc:620] Registering image #52 (num_reg_frames=3)
I20261002 22:40:06.474721 10408 incremental_pipeline.cc:623] => Image sees 133 / 199 points
I20261002 22:40:06.489293 10408 incremental_pipeline.cc:620] Registering image #54 (num_reg_frames=4)
I20261002 22:40:06.489655 10408 incremental_pipeline.cc:623] => Image sees 148 / 192 points
I20261002 22:40:06.506161 10408 incremental_pipeline.cc:88] Retriangulation and Global bundle adjustment
I20261002 22:40:06.718405 10408 incremental_pipeline.cc:620] Registering image #59 (num_reg_frames=5)
I20261002 22:40:06.727893 10408 incremental_pipeline.cc:623] => Image sees 79 / 186 points
I20261002 22:40:06.792461 10408 incremental_pipeline.cc:620] Registering image #57 (num_reg_frames=6)
I20261002 22:40:06.792654 10408 incremental_pipeline.cc:623] => Image sees 100 / 186 points
I20261002 22:40:06.792837 10408 incremental_pipeline.cc:646] => Could not register, trying another image.
I20261002 22:40:06.793002 10408 incremental_pipeline.cc:620] Registering image #49 (num_reg_frames=6)
I20261002 22:40:06.793146 10408 incremental_pipeline.cc:623] => Image sees 98 / 192 points
I20261002 22:40:06.793317 10408 incremental_pipeline.cc:646] => Could not register, trying another image.
I20261002 22:40:06.793471 10408 incremental_pipeline.cc:620] Registering image #63 (num_reg_frames=6)
I20261002 22:40:06.793545 10408 incremental_pipeline.cc:623] => Image sees 86 / 188 points
I20261002 22:40:06.793642 10408 incremental_pipeline.cc:646] => Could not register, trying another image.
I20261002 22:40:06.793707 10408 incremental_pipeline.cc:620] Registering image #58 (num_reg_frames=6)
I20261002 22:40:06.793770 10408 incremental_pipeline.cc:623] => Image sees 86 / 185 points
I20261002 22:40:06.793840 10408 incremental_pipeline.cc:646] => Could not register, trying another image.
I20261002 22:40:06.793885 10408 incremental_pipeline.cc:620] Registering image #56 (num_reg_frames=6)
I20261002 22:40:06.793943 10408 incremental_pipeline.cc:623] => Image sees 86 / 184 points
I20261002 22:40:06.794005 10408 incremental_pipeline.cc:646] => Could not register, trying another image.
I20261002 22:40:06.794247 10408 incremental_pipeline.cc:620] Registering image #50 (num_reg_frames=6)
I20261002 22:40:06.794956 10408 incremental_pipeline.cc:623] => Image sees 87 / 201 points
I20261002 22:40:06.795140 10408 incremental_pipeline.cc:646] => Could not register, trying another image.
I20261002 22:40:06.795213 10408 incremental_pipeline.cc:620] Registering image #60 (num_reg_frames=6)
I20261002 22:40:06.795264 10408 incremental_pipeline.cc:623] => Image sees 77 / 181 points
I20261002 22:40:06.795327 10408 incremental_pipeline.cc:646] => Could not register, trying another image.
I20261002 22:40:06.795373 10408 incremental_pipeline.cc:620] Registering image #48 (num_reg_frames=6)
I20261002 22:40:06.795417 10408 incremental_pipeline.cc:623] => Image sees 79 / 189 points
I20261002 22:40:06.795475 10408 incremental_pipeline.cc:646] => Could not register, trying another image.
I20261002 22:40:06.795519 10408 incremental_pipeline.cc:620] Registering image #45 (num_reg_frames=6)
I20261002 22:40:06.795563 10408 incremental_pipeline.cc:623] => Image sees 68 / 191 points
I20261002 22:40:06.795619 10408 incremental_pipeline.cc:646] => Could not register, trying another image.
I20261002 22:40:06.795662 10408 incremental_pipeline.cc:620] Registering image #47 (num_reg_frames=6)
I20261002 22:40:06.795706 10408 incremental_pipeline.cc:623] => Image sees 71 / 213 points
I20261002 22:40:06.795762 10408 incremental_pipeline.cc:646] => Could not register, trying another image.
I20261002 22:40:06.795805 10408 incremental_pipeline.cc:620] Registering image #46 (num_reg_frames=6)
I20261002 22:40:06.795848 10408 incremental_pipeline.cc:623] => Image sees 61 / 214 points
I20261002 22:40:06.795911 10408 incremental_pipeline.cc:646] => Could not register, trying another image.
I20261002 22:40:06.795954 10408 incremental_pipeline.cc:620] Registering image #44 (num_reg_frames=6)
I20261002 22:40:06.795998 10408 incremental_pipeline.cc:623] => Image sees 64 / 213 points
I20261002 22:40:06.796052 10408 incremental_pipeline.cc:646] => Could not register, trying another image.
I20261002 22:40:06.796095 10408 incremental_pipeline.cc:620] Registering image #61 (num_reg_frames=6)
I20261002 22:40:06.796137 10408 incremental_pipeline.cc:623] => Image sees 57 / 177 points
I20261002 22:40:06.796195 10408 incremental_pipeline.cc:646] => Could not register, trying another image.
I20261002 22:40:06.796239 10408 incremental_pipeline.cc:620] Registering image #42 (num_reg_frames=6)
I20261002 22:40:06.796287 10408 incremental_pipeline.cc:623] => Image sees 58 / 200 points
I20261002 22:40:06.796341 10408 incremental_pipeline.cc:646] => Could not register, trying another image.
I20261002 22:40:06.796384 10408 incremental_pipeline.cc:620] Registering image #65 (num_reg_frames=6)
I20261002 22:40:06.796427 10408 incremental_pipeline.cc:623] => Image sees 58 / 175 points
I20261002 22:40:06.796484 10408 incremental_pipeline.cc:646] => Could not register, trying another image.
I20261002 22:40:06.796528 10408 incremental_pipeline.cc:620] Registering image #41 (num_reg_frames=6)
I20261002 22:40:06.796571 10408 incremental_pipeline.cc:623] => Image sees 52 / 203 points
I20261002 22:40:06.796623 10408 incremental_pipeline.cc:646] => Could not register, trying another image.
I20261002 22:40:06.796666 10408 incremental_pipeline.cc:620] Registering image #62 (num_reg_frames=6)
I20261002 22:40:06.796709 10408 incremental_pipeline.cc:623] => Image sees 51 / 178 points
I20261002 22:40:06.796764 10408 incremental_pipeline.cc:646] => Could not register, trying another image.
I20261002 22:40:06.796807 10408 incremental_pipeline.cc:620] Registering image #43 (num_reg_frames=6)
I20261002 22:40:06.796849 10408 incremental_pipeline.cc:623] => Image sees 52 / 189 points
I20261002 22:40:06.796903 10408 incremental_pipeline.cc:646] => Could not register, trying another image.
I20261002 22:40:06.796959 10408 incremental_pipeline.cc:620] Registering image #72 (num_reg_frames=6)
I20261002 22:40:06.797002 10408 incremental_pipeline.cc:623] => Image sees 45 / 202 points
I20261002 22:40:06.797070 10408 incremental_pipeline.cc:646] => Could not register, trying another image.
I20261002 22:40:06.797114 10408 incremental_pipeline.cc:620] Registering image #40 (num_reg_frames=6)
I20261002 22:40:06.797156 10408 incremental_pipeline.cc:623] => Image sees 41 / 225 points
I20261002 22:40:06.797841 10408 incremental_pipeline.cc:646] => Could not register, trying another image.
I20261002 22:40:06.797903 10408 incremental_pipeline.cc:620] Registering image #36 (num_reg_frames=6)
I20261002 22:40:06.797949 10408 incremental_pipeline.cc:623] => Image sees 38 / 180 points
I20261002 22:40:06.798004 10408 incremental_pipeline.cc:646] => Could not register, trying another image.
I20261002 22:40:06.798048 10408 incremental_pipeline.cc:620] Registering image #64 (num_reg_frames=6)
I20261002 22:40:06.798094 10408 incremental_pipeline.cc:623] => Image sees 40 / 172 points
I20261002 22:40:06.798147 10408 incremental_pipeline.cc:646] => Could not register, trying another image.
I20261002 22:40:06.798190 10408 incremental_pipeline.cc:620] Registering image #70 (num_reg_frames=6)
I20261002 22:40:06.798233 10408 incremental_pipeline.cc:623] => Image sees 38 / 167 points
I20261002 22:40:06.798287 10408 incremental_pipeline.cc:646] => Could not register, trying another image.
I20261002 22:40:06.798330 10408 incremental_pipeline.cc:620] Registering image #73 (num_reg_frames=6)
I20261002 22:40:06.798373 10408 incremental_pipeline.cc:623] => Image sees 36 / 173 points
I20261002 22:40:06.798428 10408 incremental_pipeline.cc:646] => Could not register, trying another image.
I20261002 22:40:06.798471 10408 incremental_pipeline.cc:620] Registering image #38 (num_reg_frames=6)
I20261002 22:40:06.798514 10408 incremental_pipeline.cc:623] => Image sees 38 / 192 points
I20261002 22:40:06.798567 10408 incremental_pipeline.cc:646] => Could not register, trying another image.
I20261002 22:40:06.798609 10408 incremental_pipeline.cc:620] Registering image #69 (num_reg_frames=6)
I20261002 22:40:06.798653 10408 incremental_pipeline.cc:623] => Image sees 34 / 192 points
I20261002 22:40:06.798708 10408 incremental_pipeline.cc:646] => Could not register, trying another image.
I20261002 22:40:06.798751 10408 incremental_pipeline.cc:620] Registering image #67 (num_reg_frames=6)
I20261002 22:40:06.798796 10408 incremental_pipeline.cc:623] => Image sees 31 / 172 points
I20261002 22:40:06.798849 10408 incremental_pipeline.cc:646] => Could not register, trying another image.
I20261002 22:40:06.798895 10408 incremental_pipeline.cc:620] Registering image #39 (num_reg_frames=6)
I20261002 22:40:06.798938 10408 incremental_pipeline.cc:623] => Image sees 30 / 184 points
I20261002 22:40:06.798991 10408 incremental_pipeline.cc:646] => Could not register, trying another image.
I20261002 22:40:06.799033 10408 incremental_pipeline.cc:620] Registering image #34 (num_reg_frames=6)
I20261002 22:40:06.799077 10408 incremental_pipeline.cc:623] => Image sees 30 / 184 points
I20261002 22:40:06.799129 10408 incremental_pipeline.cc:646] => Could not register, trying another image.
I20261002 22:40:06.799176 10408 incremental_pipeline.cc:620] Registering image #63 (num_reg_frames=6)
I20261002 22:40:06.799221 10408 incremental_pipeline.cc:623] => Image sees 86 / 188 points
I20261002 22:40:06.799264 10408 incremental_pipeline.cc:629] Registering image with structure-less fallback
I20261002 22:40:06.799306 10408 incremental_pipeline.cc:631] => Image sees 536 / 3379 correspondences
I20261002 22:40:06.799374 10408 incremental_pipeline.cc:646] => Could not register, trying another image.
I20261002 22:40:06.799418 10408 incremental_pipeline.cc:620] Registering image #57 (num_reg_frames=6)
I20261002 22:40:06.799462 10408 incremental_pipeline.cc:623] => Image sees 100 / 186 points
I20261002 22:40:06.799504 10408 incremental_pipeline.cc:629] Registering image with structure-less fallback
I20261002 22:40:06.799556 10408 incremental_pipeline.cc:631] => Image sees 451 / 1211 correspondences
I20261002 22:40:06.799614 10408 incremental_pipeline.cc:646] => Could not register, trying another image.
I20261002 22:40:06.799657 10408 incremental_pipeline.cc:620] Registering image #49 (num_reg_frames=6)
I20261002 22:40:06.799700 10408 incremental_pipeline.cc:623] => Image sees 98 / 192 points
I20261002 22:40:06.799743 10408 incremental_pipeline.cc:629] Registering image with structure-less fallback
I20261002 22:40:06.799785 10408 incremental_pipeline.cc:631] => Image sees 400 / 1246 correspondences
I20261002 22:40:06.799842 10408 incremental_pipeline.cc:646] => Could not register, trying another image.
I20261002 22:40:06.799884 10408 incremental_pipeline.cc:620] Registering image #46 (num_reg_frames=6)
I20261002 22:40:06.799927 10408 incremental_pipeline.cc:623] => Image sees 61 / 214 points
I20261002 22:40:06.799969 10408 incremental_pipeline.cc:629] Registering image with structure-less fallback
I20261002 22:40:06.800012 10408 incremental_pipeline.cc:631] => Image sees 329 / 2680 correspondences
I20261002 22:40:06.800072 10408 incremental_pipeline.cc:646] => Could not register, trying another image.
I20261002 22:40:06.800115 10408 incremental_pipeline.cc:620] Registering image #56 (num_reg_frames=6)
I20261002 22:40:06.800157 10408 incremental_pipeline.cc:623] => Image sees 86 / 184 points
I20261002 22:40:06.800200 10408 incremental_pipeline.cc:629] Registering image with structure-less fallback
I20261002 22:40:06.800243 10408 incremental_pipeline.cc:631] => Image sees 328 / 1395 correspondences
I20261002 22:40:06.800301 10408 incremental_pipeline.cc:646] => Could not register, trying another image.
I20261002 22:40:06.800343 10408 incremental_pipeline.cc:620] Registering image #72 (num_reg_frames=6)
I20261002 22:40:06.800387 10408 incremental_pipeline.cc:623] => Image sees 45 / 202 points
I20261002 22:40:06.800430 10408 incremental_pipeline.cc:629] Registering image with structure-less fallback
I20261002 22:40:06.800472 10408 incremental_pipeline.cc:631] => Image sees 307 / 3648 correspondences
I20261002 22:40:06.800541 10408 incremental_pipeline.cc:646] => Could not register, trying another image.
I20261002 22:40:06.800584 10408 incremental_pipeline.cc:620] Registering image #48 (num_reg_frames=6)
I20261002 22:40:06.800627 10408 incremental_pipeline.cc:623] => Image sees 79 / 189 points
I20261002 22:40:06.800669 10408 incremental_pipeline.cc:629] Registering image with structure-less fallback
I20261002 22:40:06.800711 10408 incremental_pipeline.cc:631] => Image sees 289 / 1283 correspondences
I20261002 22:40:06.800802 10408 incremental_pipeline.cc:646] => Could not register, trying another image.
I20261002 22:40:06.800873 10408 incremental_pipeline.cc:620] Registering image #60 (num_reg_frames=6)
I20261002 22:40:06.800945 10408 incremental_pipeline.cc:623] => Image sees 77 / 181 points
I20261002 22:40:06.801017 10408 incremental_pipeline.cc:629] Registering image with structure-less fallback
I20261002 22:40:06.801159 10408 incremental_pipeline.cc:631] => Image sees 273 / 1265 correspondences
I20261002 22:40:06.801269 10408 incremental_pipeline.cc:646] => Could not register, trying another image.
I20261002 22:40:06.801345 10408 incremental_pipeline.cc:620] Registering image #50 (num_reg_frames=6)
I20261002 22:40:06.801419 10408 incremental_pipeline.cc:623] => Image sees 87 / 201 points
I20261002 22:40:06.801493 10408 incremental_pipeline.cc:629] Registering image with structure-less fallback
I20261002 22:40:06.801565 10408 incremental_pipeline.cc:631] => Image sees 245 / 1131 correspondences
I20261002 22:40:06.802713 10408 incremental_pipeline.cc:646] => Could not register, trying another image.
I20261002 22:40:06.803657 10408 incremental_pipeline.cc:620] Registering image #58 (num_reg_frames=6)
I20261002 22:40:06.803735 10408 incremental_pipeline.cc:623] => Image sees 86 / 185 points
I20261002 22:40:06.803786 10408 incremental_pipeline.cc:629] Registering image with structure-less fallback
I20261002 22:40:06.803842 10408 incremental_pipeline.cc:631] => Image sees 207 / 1251 correspondences
I20261002 22:40:06.803905 10408 incremental_pipeline.cc:646] => Could not register, trying another image.
I20261002 22:40:06.803951 10408 incremental_pipeline.cc:620] Registering image #47 (num_reg_frames=6)
I20261002 22:40:06.804000 10408 incremental_pipeline.cc:623] => Image sees 71 / 213 points
I20261002 22:40:06.804045 10408 incremental_pipeline.cc:629] Registering image with structure-less fallback
I20261002 22:40:06.804089 10408 incremental_pipeline.cc:631] => Image sees 206 / 1189 correspondences
I20261002 22:40:06.804149 10408 incremental_pipeline.cc:646] => Could not register, trying another image.
I20261002 22:40:06.804195 10408 incremental_pipeline.cc:620] Registering image #45 (num_reg_frames=6)
I20261002 22:40:06.804240 10408 incremental_pipeline.cc:623] => Image sees 68 / 191 points
I20261002 22:40:06.804286 10408 incremental_pipeline.cc:629] Registering image with structure-less fallback
I20261002 22:40:06.804333 10408 incremental_pipeline.cc:631] => Image sees 190 / 1279 correspondences
I20261002 22:40:06.804389 10408 incremental_pipeline.cc:646] => Could not register, trying another image.
I20261002 22:40:06.804434 10408 incremental_pipeline.cc:620] Registering image #44 (num_reg_frames=6)
I20261002 22:40:06.804480 10408 incremental_pipeline.cc:623] => Image sees 64 / 213 points
I20261002 22:40:06.804528 10408 incremental_pipeline.cc:629] Registering image with structure-less fallback
I20261002 22:40:06.804574 10408 incremental_pipeline.cc:631] => Image sees 182 / 1115 correspondences
I20261002 22:40:06.804630 10408 incremental_pipeline.cc:646] => Could not register, trying another image.
I20261002 22:40:06.804677 10408 incremental_pipeline.cc:620] Registering image #61 (num_reg_frames=6)
I20261002 22:40:06.804723 10408 incremental_pipeline.cc:623] => Image sees 57 / 177 points
I20261002 22:40:06.804769 10408 incremental_pipeline.cc:629] Registering image with structure-less fallback
I20261002 22:40:06.804814 10408 incremental_pipeline.cc:631] => Image sees 165 / 1245 correspondences
I20261002 22:40:06.804872 10408 incremental_pipeline.cc:646] => Could not register, trying another image.
I20261002 22:40:06.804920 10408 incremental_pipeline.cc:620] Registering image #43 (num_reg_frames=6)
I20261002 22:40:06.804966 10408 incremental_pipeline.cc:623] => Image sees 52 / 189 points
I20261002 22:40:06.805012 10408 incremental_pipeline.cc:629] Registering image with structure-less fallback
I20261002 22:40:06.805056 10408 incremental_pipeline.cc:631] => Image sees 164 / 1219 correspondences
I20261002 22:40:06.805115 10408 incremental_pipeline.cc:646] => Could not register, trying another image.
I20261002 22:40:06.805161 10408 incremental_pipeline.cc:620] Registering image #65 (num_reg_frames=6)
I20261002 22:40:06.805205 10408 incremental_pipeline.cc:623] => Image sees 58 / 175 points
I20261002 22:40:06.805249 10408 incremental_pipeline.cc:629] Registering image with structure-less fallback
I20261002 22:40:06.805293 10408 incremental_pipeline.cc:631] => Image sees 153 / 1377 correspondences
I20261002 22:40:06.805351 10408 incremental_pipeline.cc:646] => Could not register, trying another image.
I20261002 22:40:06.805397 10408 incremental_pipeline.cc:620] Registering image #62 (num_reg_frames=6)
I20261002 22:40:06.805443 10408 incremental_pipeline.cc:623] => Image sees 51 / 178 points
I20261002 22:40:06.805515 10408 incremental_pipeline.cc:629] Registering image with structure-less fallback
I20261002 22:40:06.805573 10408 incremental_pipeline.cc:631] => Image sees 151 / 1238 correspondences
I20261002 22:40:06.805631 10408 incremental_pipeline.cc:646] => Could not register, trying another image.
I20261002 22:40:06.805677 10408 incremental_pipeline.cc:620] Registering image #70 (num_reg_frames=6)
I20261002 22:40:06.805723 10408 incremental_pipeline.cc:623] => Image sees 38 / 167 points
I20261002 22:40:06.805770 10408 incremental_pipeline.cc:629] Registering image with structure-less fallback
I20261002 22:40:06.805824 10408 incremental_pipeline.cc:631] => Image sees 110 / 1239 correspondences
I20261002 22:40:06.805880 10408 incremental_pipeline.cc:646] => Could not register, trying another image.
I20261002 22:40:06.805925 10408 incremental_pipeline.cc:620] Registering image #73 (num_reg_frames=6)
I20261002 22:40:06.805971 10408 incremental_pipeline.cc:623] => Image sees 36 / 173 points
I20261002 22:40:06.806017 10408 incremental_pipeline.cc:629] Registering image with structure-less fallback
I20261002 22:40:06.806064 10408 incremental_pipeline.cc:631] => Image sees 108 / 1366 correspondences
I20261002 22:40:06.806140 10408 incremental_pipeline.cc:646] => Could not register, trying another image.
I20261002 22:40:06.806198 10408 incremental_pipeline.cc:620] Registering image #38 (num_reg_frames=6)
I20261002 22:40:06.806256 10408 incremental_pipeline.cc:623] => Image sees 38 / 192 points
I20261002 22:40:06.806314 10408 incremental_pipeline.cc:629] Registering image with structure-less fallback
I20261002 22:40:06.806372 10408 incremental_pipeline.cc:631] => Image sees 104 / 1004 correspondences
I20261002 22:40:06.806442 10408 incremental_pipeline.cc:646] => Could not register, trying another image.
I20261002 22:40:06.806500 10408 incremental_pipeline.cc:620] Registering image #40 (num_reg_frames=6)
I20261002 22:40:06.806559 10408 incremental_pipeline.cc:623] => Image sees 41 / 225 points
I20261002 22:40:06.806617 10408 incremental_pipeline.cc:629] Registering image with structure-less fallback
I20261002 22:40:06.806692 10408 incremental_pipeline.cc:631] => Image sees 100 / 1131 correspondences
I20261002 22:40:06.806817 10408 incremental_pipeline.cc:646] => Could not register, trying another image.
I20261002 22:40:06.806878 10408 incremental_pipeline.cc:620] Registering image #67 (num_reg_frames=6)
I20261002 22:40:06.806936 10408 incremental_pipeline.cc:623] => Image sees 31 / 172 points
I20261002 22:40:06.806984 10408 incremental_pipeline.cc:629] Registering image with structure-less fallback
I20261002 22:40:06.807029 10408 incremental_pipeline.cc:631] => Image sees 99 / 1110 correspondences
I20261002 22:40:06.807084 10408 incremental_pipeline.cc:646] => Could not register, trying another image.
I20261002 22:40:06.807130 10408 incremental_pipeline.cc:620] Registering image #39 (num_reg_frames=6)
I20261002 22:40:06.807176 10408 incremental_pipeline.cc:623] => Image sees 30 / 184 points
I20261002 22:40:06.807223 10408 incremental_pipeline.cc:629] Registering image with structure-less fallback
I20261002 22:40:06.807269 10408 incremental_pipeline.cc:631] => Image sees 91 / 994 correspondences
I20261002 22:40:06.807327 10408 incremental_pipeline.cc:646] => Could not register, trying another image.
I20261002 22:40:06.807372 10408 incremental_pipeline.cc:620] Registering image #42 (num_reg_frames=6)
I20261002 22:40:06.807419 10408 incremental_pipeline.cc:623] => Image sees 58 / 200 points
I20261002 22:40:06.807465 10408 incremental_pipeline.cc:629] Registering image with structure-less fallback
I20261002 22:40:06.807510 10408 incremental_pipeline.cc:631] => Image sees 90 / 1131 correspondences
I20261002 22:40:06.807568 10408 incremental_pipeline.cc:646] => Could not register, trying another image.
I20261002 22:40:06.807612 10408 incremental_pipeline.cc:620] Registering image #34 (num_reg_frames=6)
I20261002 22:40:06.807657 10408 incremental_pipeline.cc:623] => Image sees 30 / 184 points
I20261002 22:40:06.807702 10408 incremental_pipeline.cc:629] Registering image with structure-less fallback
I20261002 22:40:06.807746 10408 incremental_pipeline.cc:631] => Image sees 89 / 1105 correspondences
I20261002 22:40:06.807800 10408 incremental_pipeline.cc:646] => Could not register, trying another image.
I20261002 22:40:06.807843 10408 incremental_pipeline.cc:620] Registering image #41 (num_reg_frames=6)
I20261002 22:40:06.807887 10408 incremental_pipeline.cc:623] => Image sees 52 / 203 points
I20261002 22:40:06.807932 10408 incremental_pipeline.cc:629] Registering image with structure-less fallback
I20261002 22:40:06.807984 10408 incremental_pipeline.cc:631] => Image sees 84 / 1138 correspondences
I20261002 22:40:06.808039 10408 incremental_pipeline.cc:646] => Could not register, trying another image.
I20261002 22:40:06.808084 10408 incremental_pipeline.cc:620] Registering image #36 (num_reg_frames=6)
I20261002 22:40:06.808129 10408 incremental_pipeline.cc:623] => Image sees 38 / 180 points
I20261002 22:40:06.808174 10408 incremental_pipeline.cc:629] Registering image with structure-less fallback
I20261002 22:40:06.808218 10408 incremental_pipeline.cc:631] => Image sees 84 / 1087 correspondences
I20261002 22:40:06.808272 10408 incremental_pipeline.cc:646] => Could not register, trying another image.
I20261002 22:40:06.808316 10408 incremental_pipeline.cc:620] Registering image #64 (num_reg_frames=6)
I20261002 22:40:06.808361 10408 incremental_pipeline.cc:623] => Image sees 40 / 172 points
I20261002 22:40:06.808406 10408 incremental_pipeline.cc:629] Registering image with structure-less fallback
I20261002 22:40:06.808451 10408 incremental_pipeline.cc:631] => Image sees 73 / 1184 correspondences
I20261002 22:40:06.808505 10408 incremental_pipeline.cc:646] => Could not register, trying another image.
I20261002 22:40:06.808549 10408 incremental_pipeline.cc:620] Registering image #69 (num_reg_frames=6)
I20261002 22:40:06.808594 10408 incremental_pipeline.cc:623] => Image sees 34 / 192 points
I20261002 22:40:06.808638 10408 incremental_pipeline.cc:629] Registering image with structure-less fallback
I20261002 22:40:06.808683 10408 incremental_pipeline.cc:631] => Image sees 64 / 1287 correspondences
I20261002 22:40:06.808739 10408 incremental_pipeline.cc:646] => Could not register, trying another image.
I20261002 22:40:06.808785 10408 incremental_pipeline.cc:88] Retriangulation and Global bundle adjustment
I20261002 22:40:06.909541 10408 incremental_pipeline.cc:620] Registering image #57 (num_reg_frames=6)
I20261002 22:40:06.909744 10408 incremental_pipeline.cc:623] => Image sees 100 / 186 points
I20261002 22:40:06.924868 10408 incremental_pipeline.cc:88] Retriangulation and Global bundle adjustment
I20261002 22:40:07.009666 10408 incremental_pipeline.cc:620] Registering image #71 (num_reg_frames=7)
I20261002 22:40:07.009894 10408 incremental_pipeline.cc:623] => Image sees 44 / 157 points
I20261002 22:40:07.017108 10408 incremental_pipeline.cc:620] Registering image #81 (num_reg_frames=8)
I20261002 22:40:07.017365 10408 incremental_pipeline.cc:623] => Image sees 52 / 161 points
I20261002 22:40:07.024863 10408 incremental_pipeline.cc:620] Registering image #75 (num_reg_frames=9)
I20261002 22:40:07.024969 10408 incremental_pipeline.cc:623] => Image sees 62 / 179 points
I20261002 22:40:07.035239 10408 incremental_pipeline.cc:88] Retriangulation and Global bundle adjustment
I20261002 22:40:07.302469 10408 incremental_pipeline.cc:620] Registering image #91 (num_reg_frames=10)
I20261002 22:40:07.309279 10408 incremental_pipeline.cc:623] => Image sees 35 / 170 points
I20261002 22:40:07.310388 10408 incremental_pipeline.cc:646] => Could not register, trying another image.
I20261002 22:40:07.310503 10408 incremental_pipeline.cc:620] Registering image #74 (num_reg_frames=10)
I20261002 22:40:07.310592 10408 incremental_pipeline.cc:623] => Image sees 36 / 187 points
I20261002 22:40:07.324837 10408 incremental_pipeline.cc:620] Registering image #68 (num_reg_frames=11)
I20261002 22:40:07.324936 10408 incremental_pipeline.cc:623] => Image sees 54 / 167 points
I20261002 22:40:07.333446 10408 incremental_pipeline.cc:620] Registering image #76 (num_reg_frames=12)
I20261002 22:40:07.333680 10408 incremental_pipeline.cc:623] => Image sees 42 / 153 points
I20261002 22:40:07.346048 10408 incremental_pipeline.cc:620] Registering image #80 (num_reg_frames=13)
I20261002 22:40:07.346164 10408 incremental_pipeline.cc:623] => Image sees 46 / 168 points
I20261002 22:40:07.356214 10408 incremental_pipeline.cc:88] Retriangulation and Global bundle adjustment
I20261002 22:40:07.492739 10408 incremental_pipeline.cc:620] Registering image #79 (num_reg_frames=14)
I20261002 22:40:07.492966 10408 incremental_pipeline.cc:623] => Image sees 44 / 170 points
I20261002 22:40:07.505928 10408 incremental_pipeline.cc:620] Registering image #78 (num_reg_frames=15)
I20261002 22:40:07.506111 10408 incremental_pipeline.cc:623] => Image sees 47 / 167 points
I20261002 22:40:07.518629 10408 incremental_pipeline.cc:620] Registering image #86 (num_reg_frames=16)
I20261002 22:40:07.518816 10408 incremental_pipeline.cc:623] => Image sees 54 / 167 points
I20261002 22:40:07.526929 10408 incremental_pipeline.cc:620] Registering image #82 (num_reg_frames=17)
I20261002 22:40:07.527022 10408 incremental_pipeline.cc:623] => Image sees 47 / 174 points
I20261002 22:40:07.537637 10408 incremental_pipeline.cc:620] Registering image #77 (num_reg_frames=18)
I20261002 22:40:07.537781 10408 incremental_pipeline.cc:623] => Image sees 46 / 156 points
I20261002 22:40:07.546448 10408 incremental_pipeline.cc:620] Registering image #84 (num_reg_frames=19)
I20261002 22:40:07.546608 10408 incremental_pipeline.cc:623] => Image sees 52 / 175 points
I20261002 22:40:07.556256 10408 incremental_pipeline.cc:88] Retriangulation and Global bundle adjustment
I20261002 22:40:08.015931 10408 incremental_pipeline.cc:88] Retriangulation and Global bundle adjustment
W20261002 22:40:08.016366 10408 incremental_mapper.cc:1155] At least two images must be registered for global bundle-adjustment
W20261002 22:40:08.016476 10408 incremental_pipeline.cc:821] Discarding reconstruction due to insufficient size
I20261002 22:40:08.017668 10408 incremental_pipeline.cc:465] Finding good initial image pair
I20261002 22:40:08.031052 10408 incremental_pipeline.cc:492] Registering initial image pair #59 and #54
I20261002 22:40:08.031804 10408 incremental_pipeline.cc:510] Global bundle adjustment
I20261002 22:40:08.042886 10408 incremental_pipeline.cc:620] Registering image #55 (num_reg_frames=2)
I20261002 22:40:08.042986 10408 incremental_pipeline.cc:623] => Image sees 115 / 208 points
I20261002 22:40:08.049169 10408 incremental_pipeline.cc:88] Retriangulation and Global bundle adjustment
I20261002 22:40:08.077614 10408 incremental_pipeline.cc:620] Registering image #57 (num_reg_frames=3)
I20261002 22:40:08.077992 10408 incremental_pipeline.cc:623] => Image sees 127 / 186 points
I20261002 22:40:08.098512 10408 incremental_pipeline.cc:620] Registering image #58 (num_reg_frames=4)
I20261002 22:40:08.098850 10408 incremental_pipeline.cc:623] => Image sees 135 / 185 points
I20261002 22:40:08.160444 10408 incremental_pipeline.cc:88] Retriangulation and Global bundle adjustment
I20261002 22:40:08.347671 10408 incremental_pipeline.cc:620] Registering image #63 (num_reg_frames=5)
I20261002 22:40:08.348283 10408 incremental_pipeline.cc:623] => Image sees 112 / 188 points
I20261002 22:40:08.373174 10408 incremental_pipeline.cc:620] Registering image #56 (num_reg_frames=6)
I20261002 22:40:08.373451 10408 incremental_pipeline.cc:623] => Image sees 120 / 184 points
I20261002 22:40:08.382130 10408 incremental_pipeline.cc:88] Retriangulation and Global bundle adjustment
I20261002 22:40:08.425737 10408 incremental_pipeline.cc:620] Registering image #51 (num_reg_frames=7)
I20261002 22:40:08.425899 10408 incremental_pipeline.cc:623] => Image sees 123 / 202 points
I20261002 22:40:08.446165 10408 incremental_pipeline.cc:620] Registering image #60 (num_reg_frames=8)
I20261002 22:40:08.446411 10408 incremental_pipeline.cc:623] => Image sees 119 / 181 points
I20261002 22:40:08.461176 10408 incremental_pipeline.cc:620] Registering image #52 (num_reg_frames=9)
I20261002 22:40:08.461406 10408 incremental_pipeline.cc:623] => Image sees 128 / 199 points
I20261002 22:40:08.493148 10408 incremental_pipeline.cc:88] Retriangulation and Global bundle adjustment
I20261002 22:40:08.884563 10408 incremental_pipeline.cc:620] Registering image #53 (num_reg_frames=10)
I20261002 22:40:08.884966 10408 incremental_pipeline.cc:623] => Image sees 100 / 206 points
I20261002 22:40:08.904027 10408 incremental_pipeline.cc:620] Registering image #49 (num_reg_frames=11)
I20261002 22:40:08.904126 10408 incremental_pipeline.cc:623] => Image sees 90 / 192 points
I20261002 22:40:08.936150 10408 incremental_pipeline.cc:620] Registering image #50 (num_reg_frames=12)
I20261002 22:40:08.936405 10408 incremental_pipeline.cc:623] => Image sees 92 / 201 points
I20261002 22:40:08.951629 10408 incremental_pipeline.cc:620] Registering image #72 (num_reg_frames=13)
I20261002 22:40:08.951763 10408 incremental_pipeline.cc:623] => Image sees 85 / 202 points
I20261002 22:40:08.976990 10408 incremental_pipeline.cc:88] Retriangulation and Global bundle adjustment
I20261002 22:40:09.240733 10408 incremental_pipeline.cc:620] Registering image #62 (num_reg_frames=14)
I20261002 22:40:09.241994 10408 incremental_pipeline.cc:623] => Image sees 85 / 178 points
I20261002 22:40:09.253761 10408 incremental_pipeline.cc:620] Registering image #61 (num_reg_frames=15)
I20261002 22:40:09.253919 10408 incremental_pipeline.cc:623] => Image sees 110 / 177 points
I20261002 22:40:09.283577 10408 incremental_pipeline.cc:620] Registering image #69 (num_reg_frames=16)
I20261002 22:40:09.283763 10408 incremental_pipeline.cc:623] => Image sees 97 / 192 points
I20261002 22:40:09.295415 10408 incremental_pipeline.cc:620] Registering image #66 (num_reg_frames=17)
I20261002 22:40:09.295573 10408 incremental_pipeline.cc:623] => Image sees 112 / 174 points
I20261002 22:40:09.313747 10408 incremental_pipeline.cc:88] Retriangulation and Global bundle adjustment
I20261002 22:40:10.028322 10408 incremental_pipeline.cc:620] Registering image #65 (num_reg_frames=18)
I20261002 22:40:10.037299 10408 incremental_pipeline.cc:623] => Image sees 117 / 175 points
I20261002 22:40:10.037418 10408 incremental_pipeline.cc:646] => Could not register, trying another image.
I20261002 22:40:10.037476 10408 incremental_pipeline.cc:620] Registering image #64 (num_reg_frames=18)
I20261002 22:40:10.037575 10408 incremental_pipeline.cc:623] => Image sees 112 / 172 points
I20261002 22:40:10.037677 10408 incremental_pipeline.cc:646] => Could not register, trying another image.
I20261002 22:40:10.037731 10408 incremental_pipeline.cc:620] Registering image #73 (num_reg_frames=18)
I20261002 22:40:10.037781 10408 incremental_pipeline.cc:623] => Image sees 109 / 173 points
I20261002 22:40:10.037849 10408 incremental_pipeline.cc:646] => Could not register, trying another image.
I20261002 22:40:10.037895 10408 incremental_pipeline.cc:620] Registering image #68 (num_reg_frames=18)
I20261002 22:40:10.037942 10408 incremental_pipeline.cc:623] => Image sees 105 / 167 points
I20261002 22:40:10.038014 10408 incremental_pipeline.cc:646] => Could not register, trying another image.
I20261002 22:40:10.038061 10408 incremental_pipeline.cc:620] Registering image #67 (num_reg_frames=18)
I20261002 22:40:10.038108 10408 incremental_pipeline.cc:623] => Image sees 99 / 172 points
I20261002 22:40:10.038171 10408 incremental_pipeline.cc:646] => Could not register, trying another image.
I20261002 22:40:10.038219 10408 incremental_pipeline.cc:620] Registering image #48 (num_reg_frames=18)
I20261002 22:40:10.038264 10408 incremental_pipeline.cc:623] => Image sees 99 / 189 points
I20261002 22:40:10.038329 10408 incremental_pipeline.cc:646] => Could not register, trying another image.
I20261002 22:40:10.038375 10408 incremental_pipeline.cc:620] Registering image #47 (num_reg_frames=18)
I20261002 22:40:10.038422 10408 incremental_pipeline.cc:623] => Image sees 100 / 213 points
I20261002 22:40:10.038485 10408 incremental_pipeline.cc:646] => Could not register, trying another image.
I20261002 22:40:10.038530 10408 incremental_pipeline.cc:620] Registering image #45 (num_reg_frames=18)
I20261002 22:40:10.038577 10408 incremental_pipeline.cc:623] => Image sees 99 / 191 points
I20261002 22:40:10.038640 10408 incremental_pipeline.cc:646] => Could not register, trying another image.
I20261002 22:40:10.038684 10408 incremental_pipeline.cc:620] Registering image #70 (num_reg_frames=18)
I20261002 22:40:10.038729 10408 incremental_pipeline.cc:623] => Image sees 95 / 167 points
I20261002 22:40:10.038791 10408 incremental_pipeline.cc:646] => Could not register, trying another image.
I20261002 22:40:10.038945 10408 incremental_pipeline.cc:620] Registering image #74 (num_reg_frames=18)
I20261002 22:40:10.039156 10408 incremental_pipeline.cc:623] => Image sees 89 / 187 points
I20261002 22:40:10.039433 10408 incremental_pipeline.cc:646] => Could not register, trying another image.
I20261002 22:40:10.039598 10408 incremental_pipeline.cc:620] Registering image #75 (num_reg_frames=18)
I20261002 22:40:10.039764 10408 incremental_pipeline.cc:623] => Image sees 89 / 179 points
I20261002 22:40:10.040008 10408 incremental_pipeline.cc:646] => Could not register, trying another image.
I20261002 22:40:10.040160 10408 incremental_pipeline.cc:620] Registering image #44 (num_reg_frames=18)
I20261002 22:40:10.040313 10408 incremental_pipeline.cc:623] => Image sees 82 / 213 points
I20261002 22:40:10.040520 10408 incremental_pipeline.cc:646] => Could not register, trying another image.
I20261002 22:40:10.040671 10408 incremental_pipeline.cc:620] Registering image #46 (num_reg_frames=18)
I20261002 22:40:10.040822 10408 incremental_pipeline.cc:623] => Image sees 82 / 214 points
I20261002 22:40:10.041102 10408 incremental_pipeline.cc:646] => Could not register, trying another image.
I20261002 22:40:10.041255 10408 incremental_pipeline.cc:620] Registering image #71 (num_reg_frames=18)
I20261002 22:40:10.041407 10408 incremental_pipeline.cc:623] => Image sees 79 / 157 points
I20261002 22:40:10.041606 10408 incremental_pipeline.cc:646] => Could not register, trying another image.
I20261002 22:40:10.041745 10408 incremental_pipeline.cc:620] Registering image #91 (num_reg_frames=18)
I20261002 22:40:10.041885 10408 incremental_pipeline.cc:623] => Image sees 76 / 170 points
I20261002 22:40:10.042126 10408 incremental_pipeline.cc:646] => Could not register, trying another image.
I20261002 22:40:10.042265 10408 incremental_pipeline.cc:620] Registering image #81 (num_reg_frames=18)
I20261002 22:40:10.042426 10408 incremental_pipeline.cc:623] => Image sees 79 / 161 points
I20261002 22:40:10.042667 10408 incremental_pipeline.cc:646] => Could not register, trying another image.
I20261002 22:40:10.042797 10408 incremental_pipeline.cc:620] Registering image #42 (num_reg_frames=18)
I20261002 22:40:10.042927 10408 incremental_pipeline.cc:623] => Image sees 76 / 200 points
I20261002 22:40:10.043100 10408 incremental_pipeline.cc:646] => Could not register, trying another image.
I20261002 22:40:10.043250 10408 incremental_pipeline.cc:620] Registering image #41 (num_reg_frames=18)
I20261002 22:40:10.043382 10408 incremental_pipeline.cc:623] => Image sees 73 / 203 points
I20261002 22:40:10.043664 10408 incremental_pipeline.cc:646] => Could not register, trying another image.
I20261002 22:40:10.043781 10408 incremental_pipeline.cc:620] Registering image #43 (num_reg_frames=18)
I20261002 22:40:10.043925 10408 incremental_pipeline.cc:623] => Image sees 69 / 189 points
I20261002 22:40:10.044095 10408 incremental_pipeline.cc:646] => Could not register, trying another image.
I20261002 22:40:10.044216 10408 incremental_pipeline.cc:620] Registering image #76 (num_reg_frames=18)
I20261002 22:40:10.044349 10408 incremental_pipeline.cc:623] => Image sees 65 / 153 points
I20261002 22:40:10.044528 10408 incremental_pipeline.cc:646] => Could not register, trying another image.
I20261002 22:40:10.044659 10408 incremental_pipeline.cc:620] Registering image #78 (num_reg_frames=18)
I20261002 22:40:10.044783 10408 incremental_pipeline.cc:623] => Image sees 67 / 167 points
I20261002 22:40:10.044954 10408 incremental_pipeline.cc:646] => Could not register, trying another image.
I20261002 22:40:10.045094 10408 incremental_pipeline.cc:620] Registering image #80 (num_reg_frames=18)
I20261002 22:40:10.045221 10408 incremental_pipeline.cc:623] => Image sees 65 / 168 points
I20261002 22:40:10.045389 10408 incremental_pipeline.cc:646] => Could not register, trying another image.
I20261002 22:40:10.045513 10408 incremental_pipeline.cc:620] Registering image #90 (num_reg_frames=18)
I20261002 22:40:10.045636 10408 incremental_pipeline.cc:623] => Image sees 61 / 173 points
I20261002 22:40:10.045859 10408 incremental_pipeline.cc:646] => Could not register, trying another image.
I20261002 22:40:10.045976 10408 incremental_pipeline.cc:620] Registering image #40 (num_reg_frames=18)
I20261002 22:40:10.046094 10408 incremental_pipeline.cc:623] => Image sees 57 / 225 points
I20261002 22:40:10.046242 10408 incremental_pipeline.cc:646] => Could not register, trying another image.
I20261002 22:40:10.046358 10408 incremental_pipeline.cc:620] Registering image #82 (num_reg_frames=18)
I20261002 22:40:10.046475 10408 incremental_pipeline.cc:623] => Image sees 61 / 174 points
I20261002 22:40:10.046621 10408 incremental_pipeline.cc:646] => Could not register, trying another image.
I20261002 22:40:10.046948 10408 incremental_pipeline.cc:620] Registering image #93 (num_reg_frames=18)
I20261002 22:40:10.047085 10408 incremental_pipeline.cc:623] => Image sees 57 / 169 points
I20261002 22:40:10.047228 10408 incremental_pipeline.cc:646] => Could not register, trying another image.
I20261002 22:40:10.047335 10408 incremental_pipeline.cc:620] Registering image #85 (num_reg_frames=18)
I20261002 22:40:10.047440 10408 incremental_pipeline.cc:623] => Image sees 59 / 166 points
I20261002 22:40:10.047575 10408 incremental_pipeline.cc:646] => Could not register, trying another image.
I20261002 22:40:10.047679 10408 incremental_pipeline.cc:620] Registering image #84 (num_reg_frames=18)
I20261002 22:40:10.047779 10408 incremental_pipeline.cc:623] => Image sees 57 / 175 points
I20261002 22:40:10.047907 10408 incremental_pipeline.cc:646] => Could not register, trying another image.
I20261002 22:40:10.048005 10408 incremental_pipeline.cc:620] Registering image #83 (num_reg_frames=18)
I20261002 22:40:10.048099 10408 incremental_pipeline.cc:623] => Image sees 56 / 161 points
I20261002 22:40:10.048220 10408 incremental_pipeline.cc:646] => Could not register, trying another image.
I20261002 22:40:10.048313 10408 incremental_pipeline.cc:620] Registering image #79 (num_reg_frames=18)
I20261002 22:40:10.048407 10408 incremental_pipeline.cc:623] => Image sees 57 / 170 points
I20261002 22:40:10.048531 10408 incremental_pipeline.cc:646] => Could not register, trying another image.
I20261002 22:40:10.048597 10408 incremental_pipeline.cc:620] Registering image #86 (num_reg_frames=18)
I20261002 22:40:10.048663 10408 incremental_pipeline.cc:623] => Image sees 57 / 167 points
I20261002 22:40:10.048755 10408 incremental_pipeline.cc:646] => Could not register, trying another image.
I20261002 22:40:10.048822 10408 incremental_pipeline.cc:620] Registering image #92 (num_reg_frames=18)
I20261002 22:40:10.048888 10408 incremental_pipeline.cc:623] => Image sees 50 / 167 points
I20261002 22:40:10.048973 10408 incremental_pipeline.cc:646] => Could not register, trying another image.
I20261002 22:40:10.049039 10408 incremental_pipeline.cc:620] Registering image #77 (num_reg_frames=18)
I20261002 22:40:10.049106 10408 incremental_pipeline.cc:623] => Image sees 48 / 156 points
I20261002 22:40:10.049188 10408 incremental_pipeline.cc:646] => Could not register, trying another image.
I20261002 22:40:10.049254 10408 incremental_pipeline.cc:620] Registering image #87 (num_reg_frames=18)
I20261002 22:40:10.049320 10408 incremental_pipeline.cc:623] => Image sees 48 / 169 points
I20261002 22:40:10.049408 10408 incremental_pipeline.cc:646] => Could not register, trying another image.
I20261002 22:40:10.049475 10408 incremental_pipeline.cc:620] Registering image #95 (num_reg_frames=18)
I20261002 22:40:10.049544 10408 incremental_pipeline.cc:623] => Image sees 42 / 159 points
I20261002 22:40:10.049717 10408 incremental_pipeline.cc:646] => Could not register, trying another image.
I20261002 22:40:10.049788 10408 incremental_pipeline.cc:620] Registering image #94 (num_reg_frames=18)
I20261002 22:40:10.049858 10408 incremental_pipeline.cc:623] => Image sees 50 / 152 points
I20261002 22:40:10.049944 10408 incremental_pipeline.cc:646] => Could not register, trying another image.
I20261002 22:40:10.050012 10408 incremental_pipeline.cc:620] Registering image #38 (num_reg_frames=18)
I20261002 22:40:10.050141 10408 incremental_pipeline.cc:623] => Image sees 41 / 192 points
I20261002 22:40:10.050236 10408 incremental_pipeline.cc:646] => Could not register, trying another image.
I20261002 22:40:10.050310 10408 incremental_pipeline.cc:620] Registering image #89 (num_reg_frames=18)
I20261002 22:40:10.050386 10408 incremental_pipeline.cc:623] => Image sees 43 / 145 points
I20261002 22:40:10.050480 10408 incremental_pipeline.cc:646] => Could not register, trying another image.
I20261002 22:40:10.050554 10408 incremental_pipeline.cc:620] Registering image #31 (num_reg_frames=18)
I20261002 22:40:10.050625 10408 incremental_pipeline.cc:623] => Image sees 37 / 189 points
I20261002 22:40:10.050712 10408 incremental_pipeline.cc:646] => Could not register, trying another image.
I20261002 22:40:10.050782 10408 incremental_pipeline.cc:620] Registering image #35 (num_reg_frames=18)
I20261002 22:40:10.050853 10408 incremental_pipeline.cc:623] => Image sees 39 / 178 points
I20261002 22:40:10.050935 10408 incremental_pipeline.cc:646] => Could not register, trying another image.
I20261002 22:40:10.051003 10408 incremental_pipeline.cc:620] Registering image #88 (num_reg_frames=18)
I20261002 22:40:10.051071 10408 incremental_pipeline.cc:623] => Image sees 38 / 146 points
I20261002 22:40:10.051154 10408 incremental_pipeline.cc:646] => Could not register, trying another image.
I20261002 22:40:10.051221 10408 incremental_pipeline.cc:620] Registering image #34 (num_reg_frames=18)
I20261002 22:40:10.051291 10408 incremental_pipeline.cc:623] => Image sees 30 / 184 points
I20261002 22:40:10.051375 10408 incremental_pipeline.cc:646] => Could not register, trying another image.
I20261002 22:40:10.051441 10408 incremental_pipeline.cc:620] Registering image #36 (num_reg_frames=18)
I20261002 22:40:10.051503 10408 incremental_pipeline.cc:623] => Image sees 31 / 180 points
I20261002 22:40:10.051581 10408 incremental_pipeline.cc:646] => Could not register, trying another image.
I20261002 22:40:10.051655 10408 incremental_pipeline.cc:620] Registering image #46 (num_reg_frames=18)
I20261002 22:40:10.051720 10408 incremental_pipeline.cc:623] => Image sees 82 / 214 points
I20261002 22:40:10.051782 10408 incremental_pipeline.cc:629] Registering image with structure-less fallback
I20261002 22:40:10.051848 10408 incremental_pipeline.cc:631] => Image sees 826 / 2680 correspondences
I20261002 22:40:10.051942 10408 incremental_pipeline.cc:646] => Could not register, trying another image.
I20261002 22:40:10.052005 10408 incremental_pipeline.cc:620] Registering image #65 (num_reg_frames=18)
I20261002 22:40:10.052064 10408 incremental_pipeline.cc:623] => Image sees 117 / 175 points
I20261002 22:40:10.052122 10408 incremental_pipeline.cc:629] Registering image with structure-less fallback
I20261002 22:40:10.052179 10408 incremental_pipeline.cc:631] => Image sees 795 / 1377 correspondences
I20261002 22:40:10.052260 10408 incremental_pipeline.cc:646] => Could not register, trying another image.
I20261002 22:40:10.052320 10408 incremental_pipeline.cc:620] Registering image #64 (num_reg_frames=18)
I20261002 22:40:10.052377 10408 incremental_pipeline.cc:623] => Image sees 112 / 172 points
I20261002 22:40:10.052436 10408 incremental_pipeline.cc:629] Registering image with structure-less fallback
I20261002 22:40:10.052616 10408 incremental_pipeline.cc:631] => Image sees 774 / 1184 correspondences
I20261002 22:40:10.052748 10408 incremental_pipeline.cc:646] => Could not register, trying another image.
I20261002 22:40:10.052814 10408 incremental_pipeline.cc:620] Registering image #48 (num_reg_frames=18)
I20261002 22:40:10.052873 10408 incremental_pipeline.cc:623] => Image sees 99 / 189 points
I20261002 22:40:10.052929 10408 incremental_pipeline.cc:629] Registering image with structure-less fallback
I20261002 22:40:10.052983 10408 incremental_pipeline.cc:631] => Image sees 643 / 1283 correspondences
I20261002 22:40:10.053058 10408 incremental_pipeline.cc:646] => Could not register, trying another image.
I20261002 22:40:10.053126 10408 incremental_pipeline.cc:620] Registering image #73 (num_reg_frames=18)
I20261002 22:40:10.053181 10408 incremental_pipeline.cc:623] => Image sees 109 / 173 points
I20261002 22:40:10.053235 10408 incremental_pipeline.cc:629] Registering image with structure-less fallback
I20261002 22:40:10.053288 10408 incremental_pipeline.cc:631] => Image sees 605 / 1366 correspondences
I20261002 22:40:10.053364 10408 incremental_pipeline.cc:646] => Could not register, trying another image.
I20261002 22:40:10.053417 10408 incremental_pipeline.cc:620] Registering image #81 (num_reg_frames=18)
I20261002 22:40:10.053467 10408 incremental_pipeline.cc:623] => Image sees 79 / 161 points
I20261002 22:40:10.053518 10408 incremental_pipeline.cc:629] Registering image with structure-less fallback
I20261002 22:40:10.053567 10408 incremental_pipeline.cc:631] => Image sees 543 / 3239 correspondences
I20261002 22:40:10.053648 10408 incremental_pipeline.cc:646] => Could not register, trying another image.
I20261002 22:40:10.053699 10408 incremental_pipeline.cc:620] Registering image #68 (num_reg_frames=18)
I20261002 22:40:10.053749 10408 incremental_pipeline.cc:623] => Image sees 105 / 167 points
I20261002 22:40:10.053802 10408 incremental_pipeline.cc:629] Registering image with structure-less fallback
I20261002 22:40:10.053855 10408 incremental_pipeline.cc:631] => Image sees 489 / 1272 correspondences
I20261002 22:40:10.053921 10408 incremental_pipeline.cc:646] => Could not register, trying another image.
I20261002 22:40:10.053969 10408 incremental_pipeline.cc:620] Registering image #47 (num_reg_frames=18)
I20261002 22:40:10.054018 10408 incremental_pipeline.cc:623] => Image sees 100 / 213 points
I20261002 22:40:10.054065 10408 incremental_pipeline.cc:629] Registering image with structure-less fallback
I20261002 22:40:10.054111 10408 incremental_pipeline.cc:631] => Image sees 452 / 1189 correspondences
I20261002 22:40:10.054174 10408 incremental_pipeline.cc:646] => Could not register, trying another image.
I20261002 22:40:10.054220 10408 incremental_pipeline.cc:620] Registering image #91 (num_reg_frames=18)
I20261002 22:40:10.054265 10408 incremental_pipeline.cc:623] => Image sees 76 / 170 points
I20261002 22:40:10.054312 10408 incremental_pipeline.cc:629] Registering image with structure-less fallback
I20261002 22:40:10.054361 10408 incremental_pipeline.cc:631] => Image sees 442 / 3077 correspondences
I20261002 22:40:10.054433 10408 incremental_pipeline.cc:646] => Could not register, trying another image.
I20261002 22:40:10.054481 10408 incremental_pipeline.cc:620] Registering image #45 (num_reg_frames=18)
I20261002 22:40:10.054527 10408 incremental_pipeline.cc:623] => Image sees 99 / 191 points
I20261002 22:40:10.054573 10408 incremental_pipeline.cc:629] Registering image with structure-less fallback
I20261002 22:40:10.054622 10408 incremental_pipeline.cc:631] => Image sees 423 / 1279 correspondences
I20261002 22:40:10.054679 10408 incremental_pipeline.cc:646] => Could not register, trying another image.
I20261002 22:40:10.054724 10408 incremental_pipeline.cc:620] Registering image #67 (num_reg_frames=18)
I20261002 22:40:10.054769 10408 incremental_pipeline.cc:623] => Image sees 99 / 172 points
I20261002 22:40:10.054815 10408 incremental_pipeline.cc:629] Registering image with structure-less fallback
I20261002 22:40:10.054859 10408 incremental_pipeline.cc:631] => Image sees 420 / 1110 correspondences
I20261002 22:40:10.054919 10408 incremental_pipeline.cc:646] => Could not register, trying another image.
I20261002 22:40:10.054964 10408 incremental_pipeline.cc:620] Registering image #75 (num_reg_frames=18)
I20261002 22:40:10.055010 10408 incremental_pipeline.cc:623] => Image sees 89 / 179 points
I20261002 22:40:10.055054 10408 incremental_pipeline.cc:629] Registering image with structure-less fallback
I20261002 22:40:10.055098 10408 incremental_pipeline.cc:631] => Image sees 359 / 1213 correspondences
I20261002 22:40:10.055159 10408 incremental_pipeline.cc:646] => Could not register, trying another image.
I20261002 22:40:10.055204 10408 incremental_pipeline.cc:620] Registering image #44 (num_reg_frames=18)
I20261002 22:40:10.055257 10408 incremental_pipeline.cc:623] => Image sees 82 / 213 points
I20261002 22:40:10.055302 10408 incremental_pipeline.cc:629] Registering image with structure-less fallback
I20261002 22:40:10.055346 10408 incremental_pipeline.cc:631] => Image sees 335 / 1115 correspondences
I20261002 22:40:10.055404 10408 incremental_pipeline.cc:646] => Could not register, trying another image.
I20261002 22:40:10.055449 10408 incremental_pipeline.cc:620] Registering image #74 (num_reg_frames=18)
I20261002 22:40:10.055493 10408 incremental_pipeline.cc:623] => Image sees 89 / 187 points
I20261002 22:40:10.055539 10408 incremental_pipeline.cc:629] Registering image with structure-less fallback
I20261002 22:40:10.055585 10408 incremental_pipeline.cc:631] => Image sees 312 / 1324 correspondences
I20261002 22:40:10.055717 10408 incremental_pipeline.cc:646] => Could not register, trying another image.
I20261002 22:40:10.055774 10408 incremental_pipeline.cc:620] Registering image #70 (num_reg_frames=18)
I20261002 22:40:10.055821 10408 incremental_pipeline.cc:623] => Image sees 95 / 167 points
I20261002 22:40:10.055866 10408 incremental_pipeline.cc:629] Registering image with structure-less fallback
I20261002 22:40:10.055911 10408 incremental_pipeline.cc:631] => Image sees 310 / 1239 correspondences
I20261002 22:40:10.055971 10408 incremental_pipeline.cc:646] => Could not register, trying another image.
I20261002 22:40:10.056020 10408 incremental_pipeline.cc:620] Registering image #41 (num_reg_frames=18)
I20261002 22:40:10.056066 10408 incremental_pipeline.cc:623] => Image sees 73 / 203 points
I20261002 22:40:10.056111 10408 incremental_pipeline.cc:629] Registering image with structure-less fallback
I20261002 22:40:10.056157 10408 incremental_pipeline.cc:631] => Image sees 293 / 1138 correspondences
I20261002 22:40:10.056215 10408 incremental_pipeline.cc:646] => Could not register, trying another image.
I20261002 22:40:10.056260 10408 incremental_pipeline.cc:620] Registering image #43 (num_reg_frames=18)
I20261002 22:40:10.056307 10408 incremental_pipeline.cc:623] => Image sees 69 / 189 points
I20261002 22:40:10.056352 10408 incremental_pipeline.cc:629] Registering image with structure-less fallback
I20261002 22:40:10.056401 10408 incremental_pipeline.cc:631] => Image sees 293 / 1219 correspondences
I20261002 22:40:10.056458 10408 incremental_pipeline.cc:646] => Could not register, trying another image.
I20261002 22:40:10.056503 10408 incremental_pipeline.cc:620] Registering image #71 (num_reg_frames=18)
I20261002 22:40:10.056550 10408 incremental_pipeline.cc:623] => Image sees 79 / 157 points
I20261002 22:40:10.056596 10408 incremental_pipeline.cc:629] Registering image with structure-less fallback
I20261002 22:40:10.056641 10408 incremental_pipeline.cc:631] => Image sees 281 / 1111 correspondences
I20261002 22:40:10.056700 10408 incremental_pipeline.cc:646] => Could not register, trying another image.
I20261002 22:40:10.056744 10408 incremental_pipeline.cc:620] Registering image #42 (num_reg_frames=18)
I20261002 22:40:10.056790 10408 incremental_pipeline.cc:623] => Image sees 76 / 200 points
I20261002 22:40:10.056836 10408 incremental_pipeline.cc:629] Registering image with structure-less fallback
I20261002 22:40:10.056881 10408 incremental_pipeline.cc:631] => Image sees 230 / 1131 correspondences
I20261002 22:40:10.056938 10408 incremental_pipeline.cc:646] => Could not register, trying another image.
I20261002 22:40:10.056984 10408 incremental_pipeline.cc:620] Registering image #80 (num_reg_frames=18)
I20261002 22:40:10.057030 10408 incremental_pipeline.cc:623] => Image sees 65 / 168 points
I20261002 22:40:10.057076 10408 incremental_pipeline.cc:629] Registering image with structure-less fallback
I20261002 22:40:10.057121 10408 incremental_pipeline.cc:631] => Image sees 200 / 1389 correspondences
I20261002 22:40:10.057180 10408 incremental_pipeline.cc:646] => Could not register, trying another image.
I20261002 22:40:10.057226 10408 incremental_pipeline.cc:620] Registering image #82 (num_reg_frames=18)
I20261002 22:40:10.057279 10408 incremental_pipeline.cc:623] => Image sees 61 / 174 points
I20261002 22:40:10.057325 10408 incremental_pipeline.cc:629] Registering image with structure-less fallback
I20261002 22:40:10.057371 10408 incremental_pipeline.cc:631] => Image sees 199 / 1191 correspondences
I20261002 22:40:10.057429 10408 incremental_pipeline.cc:646] => Could not register, trying another image.
I20261002 22:40:10.057473 10408 incremental_pipeline.cc:620] Registering image #76 (num_reg_frames=18)
I20261002 22:40:10.057519 10408 incremental_pipeline.cc:623] => Image sees 65 / 153 points
I20261002 22:40:10.057565 10408 incremental_pipeline.cc:629] Registering image with structure-less fallback
I20261002 22:40:10.057609 10408 incremental_pipeline.cc:631] => Image sees 173 / 1199 correspondences
I20261002 22:40:10.057667 10408 incremental_pipeline.cc:646] => Could not register, trying another image.
I20261002 22:40:10.057712 10408 incremental_pipeline.cc:620] Registering image #93 (num_reg_frames=18)
I20261002 22:40:10.057757 10408 incremental_pipeline.cc:623] => Image sees 57 / 169 points
I20261002 22:40:10.057803 10408 incremental_pipeline.cc:629] Registering image with structure-less fallback
I20261002 22:40:10.057847 10408 incremental_pipeline.cc:631] => Image sees 170 / 1035 correspondences
I20261002 22:40:10.057902 10408 incremental_pipeline.cc:646] => Could not register, trying another image.
I20261002 22:40:10.057946 10408 incremental_pipeline.cc:620] Registering image #92 (num_reg_frames=18)
I20261002 22:40:10.057992 10408 incremental_pipeline.cc:623] => Image sees 50 / 167 points
I20261002 22:40:10.058038 10408 incremental_pipeline.cc:629] Registering image with structure-less fallback
I20261002 22:40:10.058084 10408 incremental_pipeline.cc:631] => Image sees 170 / 1173 correspondences
I20261002 22:40:10.058139 10408 incremental_pipeline.cc:646] => Could not register, trying another image.
I20261002 22:40:10.058183 10408 incremental_pipeline.cc:620] Registering image #79 (num_reg_frames=18)
I20261002 22:40:10.058230 10408 incremental_pipeline.cc:623] => Image sees 57 / 170 points
I20261002 22:40:10.058276 10408 incremental_pipeline.cc:629] Registering image with structure-less fallback
I20261002 22:40:10.058324 10408 incremental_pipeline.cc:631] => Image sees 169 / 1238 correspondences
I20261002 22:40:10.058382 10408 incremental_pipeline.cc:646] => Could not register, trying another image.
I20261002 22:40:10.058427 10408 incremental_pipeline.cc:620] Registering image #86 (num_reg_frames=18)
I20261002 22:40:10.058473 10408 incremental_pipeline.cc:623] => Image sees 57 / 167 points
I20261002 22:40:10.058519 10408 incremental_pipeline.cc:629] Registering image with structure-less fallback
I20261002 22:40:10.058564 10408 incremental_pipeline.cc:631] => Image sees 168 / 1267 correspondences
I20261002 22:40:10.058620 10408 incremental_pipeline.cc:646] => Could not register, trying another image.
I20261002 22:40:10.058666 10408 incremental_pipeline.cc:620] Registering image #84 (num_reg_frames=18)
I20261002 22:40:10.058712 10408 incremental_pipeline.cc:623] => Image sees 57 / 175 points
I20261002 22:40:10.058757 10408 incremental_pipeline.cc:629] Registering image with structure-less fallback
I20261002 22:40:10.058803 10408 incremental_pipeline.cc:631] => Image sees 166 / 1240 correspondences
I20261002 22:40:10.058860 10408 incremental_pipeline.cc:646] => Could not register, trying another image.
I20261002 22:40:10.058905 10408 incremental_pipeline.cc:620] Registering image #94 (num_reg_frames=18)
I20261002 22:40:10.058951 10408 incremental_pipeline.cc:623] => Image sees 50 / 152 points
I20261002 22:40:10.058997 10408 incremental_pipeline.cc:629] Registering image with structure-less fallback
I20261002 22:40:10.059043 10408 incremental_pipeline.cc:631] => Image sees 153 / 1076 correspondences
I20261002 22:40:10.059099 10408 incremental_pipeline.cc:646] => Could not register, trying another image.
I20261002 22:40:10.059145 10408 incremental_pipeline.cc:620] Registering image #40 (num_reg_frames=18)
I20261002 22:40:10.059199 10408 incremental_pipeline.cc:623] => Image sees 57 / 225 points
I20261002 22:40:10.059245 10408 incremental_pipeline.cc:629] Registering image with structure-less fallback
I20261002 22:40:10.059291 10408 incremental_pipeline.cc:631] => Image sees 137 / 1131 correspondences
I20261002 22:40:10.059348 10408 incremental_pipeline.cc:646] => Could not register, trying another image.
I20261002 22:40:10.059393 10408 incremental_pipeline.cc:620] Registering image #90 (num_reg_frames=18)
I20261002 22:40:10.059440 10408 incremental_pipeline.cc:623] => Image sees 61 / 173 points
I20261002 22:40:10.059485 10408 incremental_pipeline.cc:629] Registering image with structure-less fallback
I20261002 22:40:10.059531 10408 incremental_pipeline.cc:631] => Image sees 135 / 1327 correspondences
I20261002 22:40:10.059589 10408 incremental_pipeline.cc:646] => Could not register, trying another image.
I20261002 22:40:10.059633 10408 incremental_pipeline.cc:620] Registering image #38 (num_reg_frames=18)
I20261002 22:40:10.059679 10408 incremental_pipeline.cc:623] => Image sees 41 / 192 points
I20261002 22:40:10.059724 10408 incremental_pipeline.cc:629] Registering image with structure-less fallback
I20261002 22:40:10.059770 10408 incremental_pipeline.cc:631] => Image sees 133 / 1004 correspondences
I20261002 22:40:10.059825 10408 incremental_pipeline.cc:646] => Could not register, trying another image.
I20261002 22:40:10.059870 10408 incremental_pipeline.cc:620] Registering image #85 (num_reg_frames=18)
I20261002 22:40:10.059916 10408 incremental_pipeline.cc:623] => Image sees 59 / 166 points
I20261002 22:40:10.059962 10408 incremental_pipeline.cc:629] Registering image with structure-less fallback
I20261002 22:40:10.060007 10408 incremental_pipeline.cc:631] => Image sees 132 / 1335 correspondences
I20261002 22:40:10.060064 10408 incremental_pipeline.cc:646] => Could not register, trying another image.
I20261002 22:40:10.060108 10408 incremental_pipeline.cc:620] Registering image #78 (num_reg_frames=18)
I20261002 22:40:10.060155 10408 incremental_pipeline.cc:623] => Image sees 67 / 167 points
I20261002 22:40:10.060202 10408 incremental_pipeline.cc:629] Registering image with structure-less fallback
I20261002 22:40:10.060248 10408 incremental_pipeline.cc:631] => Image sees 130 / 1130 correspondences
I20261002 22:40:10.060304 10408 incremental_pipeline.cc:646] => Could not register, trying another image.
I20261002 22:40:10.060348 10408 incremental_pipeline.cc:620] Registering image #87 (num_reg_frames=18)
I20261002 22:40:10.060392 10408 incremental_pipeline.cc:623] => Image sees 48 / 169 points
I20261002 22:40:10.060437 10408 incremental_pipeline.cc:629] Registering image with structure-less fallback
I20261002 22:40:10.060481 10408 incremental_pipeline.cc:631] => Image sees 129 / 1234 correspondences
I20261002 22:40:10.060535 10408 incremental_pipeline.cc:646] => Could not register, trying another image.
I20261002 22:40:10.060579 10408 incremental_pipeline.cc:620] Registering image #83 (num_reg_frames=18)
I20261002 22:40:10.060623 10408 incremental_pipeline.cc:623] => Image sees 56 / 161 points
I20261002 22:40:10.060666 10408 incremental_pipeline.cc:629] Registering image with structure-less fallback
I20261002 22:40:10.060709 10408 incremental_pipeline.cc:631] => Image sees 127 / 1343 correspondences
I20261002 22:40:10.060764 10408 incremental_pipeline.cc:646] => Could not register, trying another image.
I20261002 22:40:10.060807 10408 incremental_pipeline.cc:620] Registering image #89 (num_reg_frames=18)
I20261002 22:40:10.060851 10408 incremental_pipeline.cc:623] => Image sees 43 / 145 points
I20261002 22:40:10.060895 10408 incremental_pipeline.cc:629] Registering image with structure-less fallback
I20261002 22:40:10.060938 10408 incremental_pipeline.cc:631] => Image sees 114 / 1017 correspondences
I20261002 22:40:10.060991 10408 incremental_pipeline.cc:646] => Could not register, trying another image.
I20261002 22:40:10.061034 10408 incremental_pipeline.cc:620] Registering image #77 (num_reg_frames=18)
I20261002 22:40:10.061085 10408 incremental_pipeline.cc:623] => Image sees 48 / 156 points
I20261002 22:40:10.061128 10408 incremental_pipeline.cc:629] Registering image with structure-less fallback
I20261002 22:40:10.061172 10408 incremental_pipeline.cc:631] => Image sees 102 / 1234 correspondences
I20261002 22:40:10.061225 10408 incremental_pipeline.cc:646] => Could not register, trying another image.
I20261002 22:40:10.061269 10408 incremental_pipeline.cc:620] Registering image #31 (num_reg_frames=18)
I20261002 22:40:10.061314 10408 incremental_pipeline.cc:623] => Image sees 37 / 189 points
I20261002 22:40:10.061357 10408 incremental_pipeline.cc:629] Registering image with structure-less fallback
I20261002 22:40:10.061401 10408 incremental_pipeline.cc:631] => Image sees 99 / 1106 correspondences
I20261002 22:40:10.061454 10408 incremental_pipeline.cc:646] => Could not register, trying another image.
I20261002 22:40:10.061497 10408 incremental_pipeline.cc:620] Registering image #34 (num_reg_frames=18)
I20261002 22:40:10.061541 10408 incremental_pipeline.cc:623] => Image sees 30 / 184 points
I20261002 22:40:10.061585 10408 incremental_pipeline.cc:629] Registering image with structure-less fallback
I20261002 22:40:10.061628 10408 incremental_pipeline.cc:631] => Image sees 89 / 1105 correspondences
I20261002 22:40:10.061682 10408 incremental_pipeline.cc:646] => Could not register, trying another image.
I20261002 22:40:10.061789 10408 incremental_pipeline.cc:620] Registering image #95 (num_reg_frames=18)
I20261002 22:40:10.061835 10408 incremental_pipeline.cc:623] => Image sees 42 / 159 points
I20261002 22:40:10.061881 10408 incremental_pipeline.cc:629] Registering image with structure-less fallback
I20261002 22:40:10.061924 10408 incremental_pipeline.cc:631] => Image sees 84 / 827 correspondences
I20261002 22:40:10.061978 10408 incremental_pipeline.cc:646] => Could not register, trying another image.
I20261002 22:40:10.062021 10408 incremental_pipeline.cc:620] Registering image #36 (num_reg_frames=18)
I20261002 22:40:10.062065 10408 incremental_pipeline.cc:623] => Image sees 31 / 180 points
I20261002 22:40:10.062112 10408 incremental_pipeline.cc:629] Registering image with structure-less fallback
I20261002 22:40:10.062156 10408 incremental_pipeline.cc:631] => Image sees 84 / 1087 correspondences
I20261002 22:40:10.062209 10408 incremental_pipeline.cc:646] => Could not register, trying another image.
I20261002 22:40:10.062252 10408 incremental_pipeline.cc:620] Registering image #88 (num_reg_frames=18)
I20261002 22:40:10.062448 10408 incremental_pipeline.cc:623] => Image sees 38 / 146 points
I20261002 22:40:10.062609 10408 incremental_pipeline.cc:629] Registering image with structure-less fallback
I20261002 22:40:10.062683 10408 incremental_pipeline.cc:631] => Image sees 69 / 851 correspondences
I20261002 22:40:10.062748 10408 incremental_pipeline.cc:646] => Could not register, trying another image.
I20261002 22:40:10.062804 10408 incremental_pipeline.cc:620] Registering image #35 (num_reg_frames=18)
I20261002 22:40:10.062853 10408 incremental_pipeline.cc:623] => Image sees 39 / 178 points
I20261002 22:40:10.062910 10408 incremental_pipeline.cc:629] Registering image with structure-less fallback
I20261002 22:40:10.063002 10408 incremental_pipeline.cc:631] => Image sees 68 / 981 correspondences
I20261002 22:40:10.063177 10408 incremental_pipeline.cc:646] => Could not register, trying another image.
I20261002 22:40:10.063311 10408 incremental_pipeline.cc:88] Retriangulation and Global bundle adjustment
I20261002 22:40:10.069056 10408 incremental_pipeline.cc:620] Registering image #65 (num_reg_frames=18)
I20261002 22:40:10.069164 10408 incremental_pipeline.cc:623] => Image sees 117 / 175 points
I20261002 22:40:10.069253 10408 incremental_pipeline.cc:646] => Could not register, trying another image.
I20261002 22:40:10.069308 10408 incremental_pipeline.cc:620] Registering image #64 (num_reg_frames=18)
I20261002 22:40:10.069359 10408 incremental_pipeline.cc:623] => Image sees 112 / 172 points
I20261002 22:40:10.069440 10408 incremental_pipeline.cc:646] => Could not register, trying another image.
I20261002 22:40:10.069488 10408 incremental_pipeline.cc:620] Registering image #73 (num_reg_frames=18)
I20261002 22:40:10.069534 10408 incremental_pipeline.cc:623] => Image sees 109 / 173 points
I20261002 22:40:10.069604 10408 incremental_pipeline.cc:646] => Could not register, trying another image.
I20261002 22:40:10.069652 10408 incremental_pipeline.cc:620] Registering image #68 (num_reg_frames=18)
I20261002 22:40:10.069699 10408 incremental_pipeline.cc:623] => Image sees 105 / 167 points
I20261002 22:40:10.069762 10408 incremental_pipeline.cc:646] => Could not register, trying another image.
I20261002 22:40:10.069947 10408 incremental_pipeline.cc:620] Registering image #67 (num_reg_frames=18)
I20261002 22:40:10.070011 10408 incremental_pipeline.cc:623] => Image sees 99 / 172 points
I20261002 22:40:10.070076 10408 incremental_pipeline.cc:646] => Could not register, trying another image.
I20261002 22:40:10.070123 10408 incremental_pipeline.cc:620] Registering image #48 (num_reg_frames=18)
I20261002 22:40:10.070173 10408 incremental_pipeline.cc:623] => Image sees 99 / 189 points
I20261002 22:40:10.070238 10408 incremental_pipeline.cc:646] => Could not register, trying another image.
I20261002 22:40:10.070284 10408 incremental_pipeline.cc:620] Registering image #47 (num_reg_frames=18)
I20261002 22:40:10.070336 10408 incremental_pipeline.cc:623] => Image sees 100 / 213 points
I20261002 22:40:10.070398 10408 incremental_pipeline.cc:646] => Could not register, trying another image.
I20261002 22:40:10.070444 10408 incremental_pipeline.cc:620] Registering image #45 (num_reg_frames=18)
I20261002 22:40:10.070490 10408 incremental_pipeline.cc:623] => Image sees 99 / 191 points
I20261002 22:40:10.070550 10408 incremental_pipeline.cc:646] => Could not register, trying another image.
I20261002 22:40:10.070594 10408 incremental_pipeline.cc:620] Registering image #70 (num_reg_frames=18)
I20261002 22:40:10.070639 10408 incremental_pipeline.cc:623] => Image sees 95 / 167 points
I20261002 22:40:10.070707 10408 incremental_pipeline.cc:646] => Could not register, trying another image.
I20261002 22:40:10.070753 10408 incremental_pipeline.cc:620] Registering image #74 (num_reg_frames=18)
I20261002 22:40:10.070798 10408 incremental_pipeline.cc:623] => Image sees 89 / 187 points
I20261002 22:40:10.070868 10408 incremental_pipeline.cc:646] => Could not register, trying another image.
I20261002 22:40:10.070913 10408 incremental_pipeline.cc:620] Registering image #75 (num_reg_frames=18)
I20261002 22:40:10.070958 10408 incremental_pipeline.cc:623] => Image sees 89 / 179 points
I20261002 22:40:10.071020 10408 incremental_pipeline.cc:646] => Could not register, trying another image.
I20261002 22:40:10.071065 10408 incremental_pipeline.cc:620] Registering image #44 (num_reg_frames=18)
I20261002 22:40:10.071112 10408 incremental_pipeline.cc:623] => Image sees 82 / 213 points
I20261002 22:40:10.071172 10408 incremental_pipeline.cc:646] => Could not register, trying another image.
I20261002 22:40:10.071217 10408 incremental_pipeline.cc:620] Registering image #46 (num_reg_frames=18)
I20261002 22:40:10.071267 10408 incremental_pipeline.cc:623] => Image sees 82 / 214 points
I20261002 22:40:10.071338 10408 incremental_pipeline.cc:646] => Could not register, trying another image.
I20261002 22:40:10.071384 10408 incremental_pipeline.cc:620] Registering image #71 (num_reg_frames=18)
I20261002 22:40:10.071429 10408 incremental_pipeline.cc:623] => Image sees 79 / 157 points
I20261002 22:40:10.071491 10408 incremental_pipeline.cc:646] => Could not register, trying another image.
I20261002 22:40:10.071536 10408 incremental_pipeline.cc:620] Registering image #91 (num_reg_frames=18)
I20261002 22:40:10.071584 10408 incremental_pipeline.cc:623] => Image sees 76 / 170 points
I20261002 22:40:10.071655 10408 incremental_pipeline.cc:646] => Could not register, trying another image.
I20261002 22:40:10.071701 10408 incremental_pipeline.cc:620] Registering image #81 (num_reg_frames=18)
I20261002 22:40:10.071763 10408 incremental_pipeline.cc:623] => Image sees 79 / 161 points
I20261002 22:40:10.071837 10408 incremental_pipeline.cc:646] => Could not register, trying another image.
I20261002 22:40:10.071882 10408 incremental_pipeline.cc:620] Registering image #42 (num_reg_frames=18)
I20261002 22:40:10.071927 10408 incremental_pipeline.cc:623] => Image sees 76 / 200 points
I20261002 22:40:10.071985 10408 incremental_pipeline.cc:646] => Could not register, trying another image.
I20261002 22:40:10.072032 10408 incremental_pipeline.cc:620] Registering image #41 (num_reg_frames=18)
I20261002 22:40:10.072077 10408 incremental_pipeline.cc:623] => Image sees 73 / 203 points
I20261002 22:40:10.072134 10408 incremental_pipeline.cc:646] => Could not register, trying another image.
I20261002 22:40:10.072184 10408 incremental_pipeline.cc:620] Registering image #43 (num_reg_frames=18)
I20261002 22:40:10.072230 10408 incremental_pipeline.cc:623] => Image sees 69 / 189 points
I20261002 22:40:10.072287 10408 incremental_pipeline.cc:646] => Could not register, trying another image.
I20261002 22:40:10.072332 10408 incremental_pipeline.cc:620] Registering image #76 (num_reg_frames=18)
I20261002 22:40:10.072377 10408 incremental_pipeline.cc:623] => Image sees 65 / 153 points
I20261002 22:40:10.072435 10408 incremental_pipeline.cc:646] => Could not register, trying another image.
I20261002 22:40:10.072483 10408 incremental_pipeline.cc:620] Registering image #78 (num_reg_frames=18)
I20261002 22:40:10.072528 10408 incremental_pipeline.cc:623] => Image sees 67 / 167 points
I20261002 22:40:10.072585 10408 incremental_pipeline.cc:646] => Could not register, trying another image.
I20261002 22:40:10.072629 10408 incremental_pipeline.cc:620] Registering image #80 (num_reg_frames=18)
I20261002 22:40:10.072674 10408 incremental_pipeline.cc:623] => Image sees 65 / 168 points
I20261002 22:40:10.072732 10408 incremental_pipeline.cc:646] => Could not register, trying another image.
I20261002 22:40:10.072777 10408 incremental_pipeline.cc:620] Registering image #90 (num_reg_frames=18)
I20261002 22:40:10.072826 10408 incremental_pipeline.cc:623] => Image sees 61 / 173 points
I20261002 22:40:10.072883 10408 incremental_pipeline.cc:646] => Could not register, trying another image.
I20261002 22:40:10.072927 10408 incremental_pipeline.cc:620] Registering image #40 (num_reg_frames=18)
I20261002 22:40:10.072972 10408 incremental_pipeline.cc:623] => Image sees 57 / 225 points
I20261002 22:40:10.073028 10408 incremental_pipeline.cc:646] => Could not register, trying another image.
I20261002 22:40:10.073073 10408 incremental_pipeline.cc:620] Registering image #82 (num_reg_frames=18)
I20261002 22:40:10.073118 10408 incremental_pipeline.cc:623] => Image sees 61 / 174 points
I20261002 22:40:10.073176 10408 incremental_pipeline.cc:646] => Could not register, trying another image.
I20261002 22:40:10.073220 10408 incremental_pipeline.cc:620] Registering image #93 (num_reg_frames=18)
I20261002 22:40:10.073267 10408 incremental_pipeline.cc:623] => Image sees 57 / 169 points
I20261002 22:40:10.073324 10408 incremental_pipeline.cc:646] => Could not register, trying another image.
I20261002 22:40:10.073368 10408 incremental_pipeline.cc:620] Registering image #85 (num_reg_frames=18)
I20261002 22:40:10.073413 10408 incremental_pipeline.cc:623] => Image sees 59 / 166 points
I20261002 22:40:10.073469 10408 incremental_pipeline.cc:646] => Could not register, trying another image.
I20261002 22:40:10.073513 10408 incremental_pipeline.cc:620] Registering image #84 (num_reg_frames=18)
I20261002 22:40:10.073558 10408 incremental_pipeline.cc:623] => Image sees 57 / 175 points
I20261002 22:40:10.073615 10408 incremental_pipeline.cc:646] => Could not register, trying another image.
I20261002 22:40:10.073659 10408 incremental_pipeline.cc:620] Registering image #83 (num_reg_frames=18)
I20261002 22:40:10.073731 10408 incremental_pipeline.cc:623] => Image sees 56 / 161 points
I20261002 22:40:10.073810 10408 incremental_pipeline.cc:646] => Could not register, trying another image.
I20261002 22:40:10.073863 10408 incremental_pipeline.cc:620] Registering image #79 (num_reg_frames=18)
I20261002 22:40:10.073925 10408 incremental_pipeline.cc:623] => Image sees 57 / 170 points
I20261002 22:40:10.074023 10408 incremental_pipeline.cc:646] => Could not register, trying another image.
I20261002 22:40:10.074077 10408 incremental_pipeline.cc:620] Registering image #86 (num_reg_frames=18)
I20261002 22:40:10.074125 10408 incremental_pipeline.cc:623] => Image sees 57 / 167 points
I20261002 22:40:10.074185 10408 incremental_pipeline.cc:646] => Could not register, trying another image.
I20261002 22:40:10.074230 10408 incremental_pipeline.cc:620] Registering image #92 (num_reg_frames=18)
I20261002 22:40:10.074274 10408 incremental_pipeline.cc:623] => Image sees 50 / 167 points
I20261002 22:40:10.074332 10408 incremental_pipeline.cc:646] => Could not register, trying another image.
I20261002 22:40:10.074378 10408 incremental_pipeline.cc:620] Registering image #77 (num_reg_frames=18)
I20261002 22:40:10.074424 10408 incremental_pipeline.cc:623] => Image sees 48 / 156 points
I20261002 22:40:10.074480 10408 incremental_pipeline.cc:646] => Could not register, trying another image.
I20261002 22:40:10.074525 10408 incremental_pipeline.cc:620] Registering image #87 (num_reg_frames=18)
I20261002 22:40:10.074572 10408 incremental_pipeline.cc:623] => Image sees 48 / 169 points
I20261002 22:40:10.074628 10408 incremental_pipeline.cc:646] => Could not register, trying another image.
I20261002 22:40:10.074673 10408 incremental_pipeline.cc:620] Registering image #95 (num_reg_frames=18)
I20261002 22:40:10.074719 10408 incremental_pipeline.cc:623] => Image sees 42 / 159 points
I20261002 22:40:10.074775 10408 incremental_pipeline.cc:646] => Could not register, trying another image.
I20261002 22:40:10.074821 10408 incremental_pipeline.cc:620] Registering image #94 (num_reg_frames=18)
I20261002 22:40:10.074865 10408 incremental_pipeline.cc:623] => Image sees 50 / 152 points
I20261002 22:40:10.074949 10408 incremental_pipeline.cc:646] => Could not register, trying another image.
I20261002 22:40:10.075624 10408 incremental_pipeline.cc:620] Registering image #38 (num_reg_frames=18)
I20261002 22:40:10.076481 10408 incremental_pipeline.cc:623] => Image sees 41 / 192 points
I20261002 22:40:10.076578 10408 incremental_pipeline.cc:646] => Could not register, trying another image.
I20261002 22:40:10.076628 10408 incremental_pipeline.cc:620] Registering image #89 (num_reg_frames=18)
I20261002 22:40:10.076674 10408 incremental_pipeline.cc:623] => Image sees 43 / 145 points
I20261002 22:40:10.076733 10408 incremental_pipeline.cc:646] => Could not register, trying another image.
I20261002 22:40:10.076777 10408 incremental_pipeline.cc:620] Registering image #31 (num_reg_frames=18)
I20261002 22:40:10.076824 10408 incremental_pipeline.cc:623] => Image sees 37 / 189 points
I20261002 22:40:10.076884 10408 incremental_pipeline.cc:646] => Could not register, trying another image.
I20261002 22:40:10.076928 10408 incremental_pipeline.cc:620] Registering image #35 (num_reg_frames=18)
I20261002 22:40:10.076973 10408 incremental_pipeline.cc:623] => Image sees 39 / 178 points
I20261002 22:40:10.077024 10408 incremental_pipeline.cc:646] => Could not register, trying another image.
I20261002 22:40:10.077067 10408 incremental_pipeline.cc:620] Registering image #88 (num_reg_frames=18)
I20261002 22:40:10.077109 10408 incremental_pipeline.cc:623] => Image sees 38 / 146 points
I20261002 22:40:10.077163 10408 incremental_pipeline.cc:646] => Could not register, trying another image.
I20261002 22:40:10.077209 10408 incremental_pipeline.cc:620] Registering image #34 (num_reg_frames=18)
I20261002 22:40:10.077252 10408 incremental_pipeline.cc:623] => Image sees 30 / 184 points
I20261002 22:40:10.077304 10408 incremental_pipeline.cc:646] => Could not register, trying another image.
I20261002 22:40:10.077356 10408 incremental_pipeline.cc:620] Registering image #36 (num_reg_frames=18)
I20261002 22:40:10.077399 10408 incremental_pipeline.cc:623] => Image sees 31 / 180 points
I20261002 22:40:10.077460 10408 incremental_pipeline.cc:646] => Could not register, trying another image.
I20261002 22:40:10.077509 10408 incremental_pipeline.cc:620] Registering image #46 (num_reg_frames=18)
I20261002 22:40:10.077553 10408 incremental_pipeline.cc:623] => Image sees 82 / 214 points
I20261002 22:40:10.077595 10408 incremental_pipeline.cc:629] Registering image with structure-less fallback
I20261002 22:40:10.077641 10408 incremental_pipeline.cc:631] => Image sees 826 / 2680 correspondences
I20261002 22:40:10.077706 10408 incremental_pipeline.cc:646] => Could not register, trying another image.
I20261002 22:40:10.077750 10408 incremental_pipeline.cc:620] Registering image #65 (num_reg_frames=18)
I20261002 22:40:10.077792 10408 incremental_pipeline.cc:623] => Image sees 117 / 175 points
I20261002 22:40:10.077835 10408 incremental_pipeline.cc:629] Registering image with structure-less fallback
I20261002 22:40:10.077878 10408 incremental_pipeline.cc:631] => Image sees 795 / 1377 correspondences
I20261002 22:40:10.077938 10408 incremental_pipeline.cc:646] => Could not register, trying another image.
I20261002 22:40:10.078027 10408 incremental_pipeline.cc:620] Registering image #64 (num_reg_frames=18)
I20261002 22:40:10.078342 10408 incremental_pipeline.cc:623] => Image sees 112 / 172 points
I20261002 22:40:10.078411 10408 incremental_pipeline.cc:629] Registering image with structure-less fallback
I20261002 22:40:10.078460 10408 incremental_pipeline.cc:631] => Image sees 774 / 1184 correspondences
I20261002 22:40:10.078602 10408 incremental_pipeline.cc:646] => Could not register, trying another image.
I20261002 22:40:10.078721 10408 incremental_pipeline.cc:620] Registering image #48 (num_reg_frames=18)
I20261002 22:40:10.078809 10408 incremental_pipeline.cc:623] => Image sees 99 / 189 points
I20261002 22:40:10.078873 10408 incremental_pipeline.cc:629] Registering image with structure-less fallback
I20261002 22:40:10.078923 10408 incremental_pipeline.cc:631] => Image sees 643 / 1283 correspondences
I20261002 22:40:10.078995 10408 incremental_pipeline.cc:646] => Could not register, trying another image.
I20261002 22:40:10.079041 10408 incremental_pipeline.cc:620] Registering image #73 (num_reg_frames=18)
I20261002 22:40:10.079086 10408 incremental_pipeline.cc:623] => Image sees 109 / 173 points
I20261002 22:40:10.079134 10408 incremental_pipeline.cc:629] Registering image with structure-less fallback
I20261002 22:40:10.079180 10408 incremental_pipeline.cc:631] => Image sees 605 / 1366 correspondences
I20261002 22:40:10.079244 10408 incremental_pipeline.cc:646] => Could not register, trying another image.
I20261002 22:40:10.079288 10408 incremental_pipeline.cc:620] Registering image #81 (num_reg_frames=18)
I20261002 22:40:10.079333 10408 incremental_pipeline.cc:623] => Image sees 79 / 161 points
I20261002 22:40:10.079379 10408 incremental_pipeline.cc:629] Registering image with structure-less fallback
I20261002 22:40:10.079426 10408 incremental_pipeline.cc:631] => Image sees 543 / 3239 correspondences
I20261002 22:40:10.079498 10408 incremental_pipeline.cc:646] => Could not register, trying another image.
I20261002 22:40:10.079546 10408 incremental_pipeline.cc:620] Registering image #68 (num_reg_frames=18)
I20261002 22:40:10.079593 10408 incremental_pipeline.cc:623] => Image sees 105 / 167 points
I20261002 22:40:10.079639 10408 incremental_pipeline.cc:629] Registering image with structure-less fallback
I20261002 22:40:10.079685 10408 incremental_pipeline.cc:631] => Image sees 489 / 1272 correspondences
I20261002 22:40:10.079746 10408 incremental_pipeline.cc:646] => Could not register, trying another image.
I20261002 22:40:10.079792 10408 incremental_pipeline.cc:620] Registering image #47 (num_reg_frames=18)
I20261002 22:40:10.079838 10408 incremental_pipeline.cc:623] => Image sees 100 / 213 points
I20261002 22:40:10.079884 10408 incremental_pipeline.cc:629] Registering image with structure-less fallback
I20261002 22:40:10.079997 10408 incremental_pipeline.cc:631] => Image sees 452 / 1189 correspondences
I20261002 22:40:10.080069 10408 incremental_pipeline.cc:646] => Could not register, trying another image.
I20261002 22:40:10.080804 10408 incremental_pipeline.cc:620] Registering image #91 (num_reg_frames=18)
I20261002 22:40:10.081690 10408 incremental_pipeline.cc:623] => Image sees 76 / 170 points
I20261002 22:40:10.081778 10408 incremental_pipeline.cc:629] Registering image with structure-less fallback
I20261002 22:40:10.081831 10408 incremental_pipeline.cc:631] => Image sees 442 / 3077 correspondences
I20261002 22:40:10.081907 10408 incremental_pipeline.cc:646] => Could not register, trying another image.
I20261002 22:40:10.081955 10408 incremental_pipeline.cc:620] Registering image #45 (num_reg_frames=18)
I20261002 22:40:10.082009 10408 incremental_pipeline.cc:623] => Image sees 99 / 191 points
I20261002 22:40:10.082059 10408 incremental_pipeline.cc:629] Registering image with structure-less fallback
I20261002 22:40:10.082105 10408 incremental_pipeline.cc:631] => Image sees 423 / 1279 correspondences
I20261002 22:40:10.082164 10408 incremental_pipeline.cc:646] => Could not register, trying another image.
I20261002 22:40:10.082210 10408 incremental_pipeline.cc:620] Registering image #67 (num_reg_frames=18)
I20261002 22:40:10.082256 10408 incremental_pipeline.cc:623] => Image sees 99 / 172 points
I20261002 22:40:10.082304 10408 incremental_pipeline.cc:629] Registering image with structure-less fallback
I20261002 22:40:10.082350 10408 incremental_pipeline.cc:631] => Image sees 420 / 1110 correspondences
I20261002 22:40:10.082411 10408 incremental_pipeline.cc:646] => Could not register, trying another image.
I20261002 22:40:10.082457 10408 incremental_pipeline.cc:620] Registering image #75 (num_reg_frames=18)
I20261002 22:40:10.082510 10408 incremental_pipeline.cc:623] => Image sees 89 / 179 points
I20261002 22:40:10.082556 10408 incremental_pipeline.cc:629] Registering image with structure-less fallback
I20261002 22:40:10.082606 10408 incremental_pipeline.cc:631] => Image sees 359 / 1213 correspondences
I20261002 22:40:10.082667 10408 incremental_pipeline.cc:646] => Could not register, trying another image.
I20261002 22:40:10.082713 10408 incremental_pipeline.cc:620] Registering image #44 (num_reg_frames=18)
I20261002 22:40:10.082759 10408 incremental_pipeline.cc:623] => Image sees 82 / 213 points
I20261002 22:40:10.082806 10408 incremental_pipeline.cc:629] Registering image with structure-less fallback
I20261002 22:40:10.082852 10408 incremental_pipeline.cc:631] => Image sees 335 / 1115 correspondences
I20261002 22:40:10.082910 10408 incremental_pipeline.cc:646] => Could not register, trying another image.
I20261002 22:40:10.082955 10408 incremental_pipeline.cc:620] Registering image #74 (num_reg_frames=18)
I20261002 22:40:10.083002 10408 incremental_pipeline.cc:623] => Image sees 89 / 187 points
I20261002 22:40:10.083047 10408 incremental_pipeline.cc:629] Registering image with structure-less fallback
I20261002 22:40:10.083093 10408 incremental_pipeline.cc:631] => Image sees 312 / 1324 correspondences
I20261002 22:40:10.083154 10408 incremental_pipeline.cc:646] => Could not register, trying another image.
I20261002 22:40:10.083199 10408 incremental_pipeline.cc:620] Registering image #70 (num_reg_frames=18)
I20261002 22:40:10.083245 10408 incremental_pipeline.cc:623] => Image sees 95 / 167 points
I20261002 22:40:10.083291 10408 incremental_pipeline.cc:629] Registering image with structure-less fallback
I20261002 22:40:10.083336 10408 incremental_pipeline.cc:631] => Image sees 310 / 1239 correspondences
I20261002 22:40:10.083395 10408 incremental_pipeline.cc:646] => Could not register, trying another image.
I20261002 22:40:10.083440 10408 incremental_pipeline.cc:620] Registering image #41 (num_reg_frames=18)
I20261002 22:40:10.083486 10408 incremental_pipeline.cc:623] => Image sees 73 / 203 points
I20261002 22:40:10.083531 10408 incremental_pipeline.cc:629] Registering image with structure-less fallback
I20261002 22:40:10.083575 10408 incremental_pipeline.cc:631] => Image sees 293 / 1138 correspondences
I20261002 22:40:10.083644 10408 incremental_pipeline.cc:646] => Could not register, trying another image.
I20261002 22:40:10.083691 10408 incremental_pipeline.cc:620] Registering image #43 (num_reg_frames=18)
I20261002 22:40:10.083736 10408 incremental_pipeline.cc:623] => Image sees 69 / 189 points
I20261002 22:40:10.083782 10408 incremental_pipeline.cc:629] Registering image with structure-less fallback
I20261002 22:40:10.083828 10408 incremental_pipeline.cc:631] => Image sees 293 / 1219 correspondences
I20261002 22:40:10.083886 10408 incremental_pipeline.cc:646] => Could not register, trying another image.
I20261002 22:40:10.083931 10408 incremental_pipeline.cc:620] Registering image #71 (num_reg_frames=18)
I20261002 22:40:10.083977 10408 incremental_pipeline.cc:623] => Image sees 79 / 157 points
I20261002 22:40:10.084022 10408 incremental_pipeline.cc:629] Registering image with structure-less fallback
I20261002 22:40:10.084068 10408 incremental_pipeline.cc:631] => Image sees 281 / 1111 correspondences
I20261002 22:40:10.084125 10408 incremental_pipeline.cc:646] => Could not register, trying another image.
I20261002 22:40:10.084171 10408 incremental_pipeline.cc:620] Registering image #42 (num_reg_frames=18)
I20261002 22:40:10.084216 10408 incremental_pipeline.cc:623] => Image sees 76 / 200 points
I20261002 22:40:10.084261 10408 incremental_pipeline.cc:629] Registering image with structure-less fallback
I20261002 22:40:10.084306 10408 incremental_pipeline.cc:631] => Image sees 230 / 1131 correspondences
I20261002 22:40:10.084363 10408 incremental_pipeline.cc:646] => Could not register, trying another image.
I20261002 22:40:10.084408 10408 incremental_pipeline.cc:620] Registering image #80 (num_reg_frames=18)
I20261002 22:40:10.084454 10408 incremental_pipeline.cc:623] => Image sees 65 / 168 points
I20261002 22:40:10.084498 10408 incremental_pipeline.cc:629] Registering image with structure-less fallback
I20261002 22:40:10.084546 10408 incremental_pipeline.cc:631] => Image sees 200 / 1389 correspondences
I20261002 22:40:10.084605 10408 incremental_pipeline.cc:646] => Could not register, trying another image.
I20261002 22:40:10.084650 10408 incremental_pipeline.cc:620] Registering image #82 (num_reg_frames=18)
I20261002 22:40:10.084696 10408 incremental_pipeline.cc:623] => Image sees 61 / 174 points
I20261002 22:40:10.084741 10408 incremental_pipeline.cc:629] Registering image with structure-less fallback
I20261002 22:40:10.084786 10408 incremental_pipeline.cc:631] => Image sees 199 / 1191 correspondences
I20261002 22:40:10.084843 10408 incremental_pipeline.cc:646] => Could not register, trying another image.
I20261002 22:40:10.084889 10408 incremental_pipeline.cc:620] Registering image #76 (num_reg_frames=18)
I20261002 22:40:10.084935 10408 incremental_pipeline.cc:623] => Image sees 65 / 153 points
I20261002 22:40:10.084981 10408 incremental_pipeline.cc:629] Registering image with structure-less fallback
I20261002 22:40:10.085026 10408 incremental_pipeline.cc:631] => Image sees 173 / 1199 correspondences
I20261002 22:40:10.085085 10408 incremental_pipeline.cc:646] => Could not register, trying another image.
I20261002 22:40:10.085130 10408 incremental_pipeline.cc:620] Registering image #93 (num_reg_frames=18)
I20261002 22:40:10.085175 10408 incremental_pipeline.cc:623] => Image sees 57 / 169 points
I20261002 22:40:10.085254 10408 incremental_pipeline.cc:629] Registering image with structure-less fallback
I20261002 22:40:10.085317 10408 incremental_pipeline.cc:631] => Image sees 170 / 1035 correspondences
I20261002 22:40:10.085377 10408 incremental_pipeline.cc:646] => Could not register, trying another image.
I20261002 22:40:10.085424 10408 incremental_pipeline.cc:620] Registering image #92 (num_reg_frames=18)
I20261002 22:40:10.085472 10408 incremental_pipeline.cc:623] => Image sees 50 / 167 points
I20261002 22:40:10.085519 10408 incremental_pipeline.cc:629] Registering image with structure-less fallback
I20261002 22:40:10.085564 10408 incremental_pipeline.cc:631] => Image sees 170 / 1173 correspondences
I20261002 22:40:10.085622 10408 incremental_pipeline.cc:646] => Could not register, trying another image.
I20261002 22:40:10.085676 10408 incremental_pipeline.cc:620] Registering image #79 (num_reg_frames=18)
I20261002 22:40:10.085723 10408 incremental_pipeline.cc:623] => Image sees 57 / 170 points
I20261002 22:40:10.085769 10408 incremental_pipeline.cc:629] Registering image with structure-less fallback
I20261002 22:40:10.085816 10408 incremental_pipeline.cc:631] => Image sees 169 / 1238 correspondences
I20261002 22:40:10.085875 10408 incremental_pipeline.cc:646] => Could not register, trying another image.
I20261002 22:40:10.085920 10408 incremental_pipeline.cc:620] Registering image #86 (num_reg_frames=18)
I20261002 22:40:10.085966 10408 incremental_pipeline.cc:623] => Image sees 57 / 167 points
I20261002 22:40:10.086025 10408 incremental_pipeline.cc:629] Registering image with structure-less fallback
I20261002 22:40:10.086075 10408 incremental_pipeline.cc:631] => Image sees 168 / 1267 correspondences
I20261002 22:40:10.086135 10408 incremental_pipeline.cc:646] => Could not register, trying another image.
I20261002 22:40:10.086184 10408 incremental_pipeline.cc:620] Registering image #84 (num_reg_frames=18)
I20261002 22:40:10.086232 10408 incremental_pipeline.cc:623] => Image sees 57 / 175 points
I20261002 22:40:10.086280 10408 incremental_pipeline.cc:629] Registering image with structure-less fallback
I20261002 22:40:10.086328 10408 incremental_pipeline.cc:631] => Image sees 166 / 1240 correspondences
I20261002 22:40:10.086387 10408 incremental_pipeline.cc:646] => Could not register, trying another image.
I20261002 22:40:10.086434 10408 incremental_pipeline.cc:620] Registering image #94 (num_reg_frames=18)
I20261002 22:40:10.086482 10408 incremental_pipeline.cc:623] => Image sees 50 / 152 points
I20261002 22:40:10.086529 10408 incremental_pipeline.cc:629] Registering image with structure-less fallback
I20261002 22:40:10.086605 10408 incremental_pipeline.cc:631] => Image sees 153 / 1076 correspondences
I20261002 22:40:10.086661 10408 incremental_pipeline.cc:646] => Could not register, trying another image.
I20261002 22:40:10.086707 10408 incremental_pipeline.cc:620] Registering image #40 (num_reg_frames=18)
I20261002 22:40:10.086753 10408 incremental_pipeline.cc:623] => Image sees 57 / 225 points
I20261002 22:40:10.086798 10408 incremental_pipeline.cc:629] Registering image with structure-less fallback
I20261002 22:40:10.086845 10408 incremental_pipeline.cc:631] => Image sees 137 / 1131 correspondences
I20261002 22:40:10.086901 10408 incremental_pipeline.cc:646] => Could not register, trying another image.
I20261002 22:40:10.086946 10408 incremental_pipeline.cc:620] Registering image #90 (num_reg_frames=18)
I20261002 22:40:10.086992 10408 incremental_pipeline.cc:623] => Image sees 61 / 173 points
I20261002 22:40:10.087037 10408 incremental_pipeline.cc:629] Registering image with structure-less fallback
I20261002 22:40:10.087082 10408 incremental_pipeline.cc:631] => Image sees 135 / 1327 correspondences
I20261002 22:40:10.087139 10408 incremental_pipeline.cc:646] => Could not register, trying another image.
I20261002 22:40:10.087183 10408 incremental_pipeline.cc:620] Registering image #38 (num_reg_frames=18)
I20261002 22:40:10.087229 10408 incremental_pipeline.cc:623] => Image sees 41 / 192 points
I20261002 22:40:10.087274 10408 incremental_pipeline.cc:629] Registering image with structure-less fallback
I20261002 22:40:10.087320 10408 incremental_pipeline.cc:631] => Image sees 133 / 1004 correspondences
I20261002 22:40:10.087376 10408 incremental_pipeline.cc:646] => Could not register, trying another image.
I20261002 22:40:10.087421 10408 incremental_pipeline.cc:620] Registering image #85 (num_reg_frames=18)
I20261002 22:40:10.087466 10408 incremental_pipeline.cc:623] => Image sees 59 / 166 points
I20261002 22:40:10.087512 10408 incremental_pipeline.cc:629] Registering image with structure-less fallback
I20261002 22:40:10.087558 10408 incremental_pipeline.cc:631] => Image sees 132 / 1335 correspondences
I20261002 22:40:10.087615 10408 incremental_pipeline.cc:646] => Could not register, trying another image.
I20261002 22:40:10.087669 10408 incremental_pipeline.cc:620] Registering image #78 (num_reg_frames=18)
I20261002 22:40:10.087714 10408 incremental_pipeline.cc:623] => Image sees 67 / 167 points
I20261002 22:40:10.087761 10408 incremental_pipeline.cc:629] Registering image with structure-less fallback
I20261002 22:40:10.087806 10408 incremental_pipeline.cc:631] => Image sees 130 / 1130 correspondences
I20261002 22:40:10.087863 10408 incremental_pipeline.cc:646] => Could not register, trying another image.
I20261002 22:40:10.087908 10408 incremental_pipeline.cc:620] Registering image #87 (num_reg_frames=18)
I20261002 22:40:10.087954 10408 incremental_pipeline.cc:623] => Image sees 48 / 169 points
I20261002 22:40:10.087999 10408 incremental_pipeline.cc:629] Registering image with structure-less fallback
I20261002 22:40:10.088044 10408 incremental_pipeline.cc:631] => Image sees 129 / 1234 correspondences
I20261002 22:40:10.088100 10408 incremental_pipeline.cc:646] => Could not register, trying another image.
I20261002 22:40:10.088145 10408 incremental_pipeline.cc:620] Registering image #83 (num_reg_frames=18)
I20261002 22:40:10.088190 10408 incremental_pipeline.cc:623] => Image sees 56 / 161 points
I20261002 22:40:10.088236 10408 incremental_pipeline.cc:629] Registering image with structure-less fallback
I20261002 22:40:10.088282 10408 incremental_pipeline.cc:631] => Image sees 127 / 1343 correspondences
I20261002 22:40:10.088339 10408 incremental_pipeline.cc:646] => Could not register, trying another image.
I20261002 22:40:10.088383 10408 incremental_pipeline.cc:620] Registering image #89 (num_reg_frames=18)
I20261002 22:40:10.088429 10408 incremental_pipeline.cc:623] => Image sees 43 / 145 points
I20261002 22:40:10.088475 10408 incremental_pipeline.cc:629] Registering image with structure-less fallback
I20261002 22:40:10.088523 10408 incremental_pipeline.cc:631] => Image sees 114 / 1017 correspondences
I20261002 22:40:10.088578 10408 incremental_pipeline.cc:646] => Could not register, trying another image.
I20261002 22:40:10.088622 10408 incremental_pipeline.cc:620] Registering image #77 (num_reg_frames=18)
I20261002 22:40:10.088668 10408 incremental_pipeline.cc:623] => Image sees 48 / 156 points
I20261002 22:40:10.088714 10408 incremental_pipeline.cc:629] Registering image with structure-less fallback
I20261002 22:40:10.088760 10408 incremental_pipeline.cc:631] => Image sees 102 / 1234 correspondences
I20261002 22:40:10.088816 10408 incremental_pipeline.cc:646] => Could not register, trying another image.
I20261002 22:40:10.088861 10408 incremental_pipeline.cc:620] Registering image #31 (num_reg_frames=18)
I20261002 22:40:10.088906 10408 incremental_pipeline.cc:623] => Image sees 37 / 189 points
I20261002 22:40:10.088951 10408 incremental_pipeline.cc:629] Registering image with structure-less fallback
I20261002 22:40:10.088997 10408 incremental_pipeline.cc:631] => Image sees 99 / 1106 correspondences
I20261002 22:40:10.089052 10408 incremental_pipeline.cc:646] => Could not register, trying another image.
I20261002 22:40:10.089097 10408 incremental_pipeline.cc:620] Registering image #34 (num_reg_frames=18)
I20261002 22:40:10.089142 10408 incremental_pipeline.cc:623] => Image sees 30 / 184 points
I20261002 22:40:10.089187 10408 incremental_pipeline.cc:629] Registering image with structure-less fallback
I20261002 22:40:10.089232 10408 incremental_pipeline.cc:631] => Image sees 89 / 1105 correspondences
I20261002 22:40:10.089286 10408 incremental_pipeline.cc:646] => Could not register, trying another image.
I20261002 22:40:10.089330 10408 incremental_pipeline.cc:620] Registering image #95 (num_reg_frames=18)
I20261002 22:40:10.089375 10408 incremental_pipeline.cc:623] => Image sees 42 / 159 points
I20261002 22:40:10.089421 10408 incremental_pipeline.cc:629] Registering image with structure-less fallback
I20261002 22:40:10.089468 10408 incremental_pipeline.cc:631] => Image sees 84 / 827 correspondences
I20261002 22:40:10.089521 10408 incremental_pipeline.cc:646] => Could not register, trying another image.
I20261002 22:40:10.089573 10408 incremental_pipeline.cc:620] Registering image #36 (num_reg_frames=18)
I20261002 22:40:10.089621 10408 incremental_pipeline.cc:623] => Image sees 31 / 180 points
I20261002 22:40:10.089667 10408 incremental_pipeline.cc:629] Registering image with structure-less fallback
I20261002 22:40:10.089713 10408 incremental_pipeline.cc:631] => Image sees 84 / 1087 correspondences
I20261002 22:40:10.089766 10408 incremental_pipeline.cc:646] => Could not register, trying another image.
I20261002 22:40:10.089812 10408 incremental_pipeline.cc:620] Registering image #88 (num_reg_frames=18)
I20261002 22:40:10.089857 10408 incremental_pipeline.cc:623] => Image sees 38 / 146 points
I20261002 22:40:10.089903 10408 incremental_pipeline.cc:629] Registering image with structure-less fallback
I20261002 22:40:10.089948 10408 incremental_pipeline.cc:631] => Image sees 69 / 851 correspondences
I20261002 22:40:10.090000 10408 incremental_pipeline.cc:646] => Could not register, trying another image.
I20261002 22:40:10.090046 10408 incremental_pipeline.cc:620] Registering image #35 (num_reg_frames=18)
I20261002 22:40:10.090091 10408 incremental_pipeline.cc:623] => Image sees 39 / 178 points
I20261002 22:40:10.090137 10408 incremental_pipeline.cc:629] Registering image with structure-less fallback
I20261002 22:40:10.090182 10408 incremental_pipeline.cc:631] => Image sees 68 / 981 correspondences
I20261002 22:40:10.090235 10408 incremental_pipeline.cc:646] => Could not register, trying another image.
I20261002 22:40:10.090327 10408 incremental_pipeline.cc:826] Keeping successful reconstruction
I20261002 22:40:10.091883 10408 incremental_pipeline.cc:465] Finding good initial image pair
I20261002 22:40:10.112761 10408 incremental_pipeline.cc:492] Registering initial image pair #76 and #78
I20261002 22:40:10.113404 10408 incremental_pipeline.cc:510] Global bundle adjustment
I20261002 22:40:10.121212 10408 incremental_pipeline.cc:620] Registering image #80 (num_reg_frames=2)
I20261002 22:40:10.121560 10408 incremental_pipeline.cc:623] => Image sees 62 / 168 points
I20261002 22:40:10.132281 10408 incremental_pipeline.cc:88] Retriangulation and Global bundle adjustment
I20261002 22:40:10.141195 10408 incremental_pipeline.cc:620] Registering image #79 (num_reg_frames=3)
I20261002 22:40:10.141606 10408 incremental_pipeline.cc:623] => Image sees 66 / 170 points
I20261002 22:40:10.147633 10408 incremental_pipeline.cc:620] Registering image #75 (num_reg_frames=4)
I20261002 22:40:10.147971 10408 incremental_pipeline.cc:623] => Image sees 63 / 179 points
I20261002 22:40:10.157641 10408 incremental_pipeline.cc:88] Retriangulation and Global bundle adjustment
I20261002 22:40:10.206011 10408 incremental_pipeline.cc:620] Registering image #74 (num_reg_frames=5)
I20261002 22:40:10.206323 10408 incremental_pipeline.cc:623] => Image sees 72 / 187 points
I20261002 22:40:10.234218 10408 incremental_pipeline.cc:620] Registering image #77 (num_reg_frames=6)
I20261002 22:40:10.234421 10408 incremental_pipeline.cc:623] => Image sees 64 / 156 points
I20261002 22:40:10.244694 10408 incremental_pipeline.cc:88] Retriangulation and Global bundle adjustment
I20261002 22:40:10.388134 10408 incremental_pipeline.cc:620] Registering image #72 (num_reg_frames=7)
I20261002 22:40:10.388363 10408 incremental_pipeline.cc:623] => Image sees 60 / 202 points
I20261002 22:40:10.388475 10408 incremental_pipeline.cc:646] => Could not register, trying another image.
I20261002 22:40:10.388532 10408 incremental_pipeline.cc:620] Registering image #84 (num_reg_frames=7)
I20261002 22:40:10.388579 10408 incremental_pipeline.cc:623] => Image sees 58 / 175 points
I20261002 22:40:10.388640 10408 incremental_pipeline.cc:646] => Could not register, trying another image.
I20261002 22:40:10.388690 10408 incremental_pipeline.cc:620] Registering image #91 (num_reg_frames=7)
I20261002 22:40:10.388737 10408 incremental_pipeline.cc:623] => Image sees 54 / 170 points
I20261002 22:40:10.388806 10408 incremental_pipeline.cc:646] => Could not register, trying another image.
I20261002 22:40:10.388884 10408 incremental_pipeline.cc:620] Registering image #82 (num_reg_frames=7)
I20261002 22:40:10.388988 10408 incremental_pipeline.cc:623] => Image sees 54 / 174 points
I20261002 22:40:10.389208 10408 incremental_pipeline.cc:646] => Could not register, trying another image.
I20261002 22:40:10.389275 10408 incremental_pipeline.cc:620] Registering image #71 (num_reg_frames=7)
I20261002 22:40:10.389335 10408 incremental_pipeline.cc:623] => Image sees 54 / 157 points
I20261002 22:40:10.389434 10408 incremental_pipeline.cc:646] => Could not register, trying another image.
I20261002 22:40:10.389495 10408 incremental_pipeline.cc:620] Registering image #70 (num_reg_frames=7)
I20261002 22:40:10.389559 10408 incremental_pipeline.cc:623] => Image sees 53 / 167 points
I20261002 22:40:10.389665 10408 incremental_pipeline.cc:646] => Could not register, trying another image.
I20261002 22:40:10.389751 10408 incremental_pipeline.cc:620] Registering image #81 (num_reg_frames=7)
I20261002 22:40:10.389850 10408 incremental_pipeline.cc:623] => Image sees 50 / 161 points
I20261002 22:40:10.389969 10408 incremental_pipeline.cc:646] => Could not register, trying another image.
I20261002 22:40:10.390077 10408 incremental_pipeline.cc:620] Registering image #83 (num_reg_frames=7)
I20261002 22:40:10.390229 10408 incremental_pipeline.cc:623] => Image sees 49 / 161 points
I20261002 22:40:10.390384 10408 incremental_pipeline.cc:646] => Could not register, trying another image.
I20261002 22:40:10.390479 10408 incremental_pipeline.cc:620] Registering image #87 (num_reg_frames=7)
I20261002 22:40:10.390537 10408 incremental_pipeline.cc:623] => Image sees 48 / 169 points
I20261002 22:40:10.390600 10408 incremental_pipeline.cc:646] => Could not register, trying another image.
I20261002 22:40:10.390653 10408 incremental_pipeline.cc:620] Registering image #68 (num_reg_frames=7)
I20261002 22:40:10.390702 10408 incremental_pipeline.cc:623] => Image sees 44 / 167 points
I20261002 22:40:10.390763 10408 incremental_pipeline.cc:646] => Could not register, trying another image.
I20261002 22:40:10.390809 10408 incremental_pipeline.cc:620] Registering image #90 (num_reg_frames=7)
I20261002 22:40:10.390857 10408 incremental_pipeline.cc:623] => Image sees 41 / 173 points
I20261002 22:40:10.390915 10408 incremental_pipeline.cc:646] => Could not register, trying another image.
I20261002 22:40:10.390961 10408 incremental_pipeline.cc:620] Registering image #86 (num_reg_frames=7)
I20261002 22:40:10.391007 10408 incremental_pipeline.cc:623] => Image sees 41 / 167 points
I20261002 22:40:10.391065 10408 incremental_pipeline.cc:646] => Could not register, trying another image.
I20261002 22:40:10.391112 10408 incremental_pipeline.cc:620] Registering image #85 (num_reg_frames=7)
I20261002 22:40:10.391159 10408 incremental_pipeline.cc:623] => Image sees 45 / 166 points
I20261002 22:40:10.391218 10408 incremental_pipeline.cc:646] => Could not register, trying another image.
I20261002 22:40:10.391264 10408 incremental_pipeline.cc:620] Registering image #73 (num_reg_frames=7)
I20261002 22:40:10.391310 10408 incremental_pipeline.cc:623] => Image sees 38 / 173 points
I20261002 22:40:10.391368 10408 incremental_pipeline.cc:646] => Could not register, trying another image.
I20261002 22:40:10.391414 10408 incremental_pipeline.cc:620] Registering image #92 (num_reg_frames=7)
I20261002 22:40:10.391461 10408 incremental_pipeline.cc:623] => Image sees 34 / 167 points
I20261002 22:40:10.391517 10408 incremental_pipeline.cc:646] => Could not register, trying another image.
I20261002 22:40:10.391574 10408 incremental_pipeline.cc:620] Registering image #89 (num_reg_frames=7)
I20261002 22:40:10.391640 10408 incremental_pipeline.cc:623] => Image sees 32 / 145 points
I20261002 22:40:10.391736 10408 incremental_pipeline.cc:646] => Could not register, trying another image.
I20261002 22:40:10.391789 10408 incremental_pipeline.cc:620] Registering image #69 (num_reg_frames=7)
I20261002 22:40:10.391838 10408 incremental_pipeline.cc:623] => Image sees 30 / 192 points
I20261002 22:40:10.391912 10408 incremental_pipeline.cc:646] => Could not register, trying another image.
I20261002 22:40:10.391963 10408 incremental_pipeline.cc:620] Registering image #81 (num_reg_frames=7)
I20261002 22:40:10.392010 10408 incremental_pipeline.cc:623] => Image sees 50 / 161 points
I20261002 22:40:10.392056 10408 incremental_pipeline.cc:629] Registering image with structure-less fallback
I20261002 22:40:10.392103 10408 incremental_pipeline.cc:631] => Image sees 683 / 3239 correspondences
I20261002 22:40:10.392174 10408 incremental_pipeline.cc:646] => Could not register, trying another image.
I20261002 22:40:10.392219 10408 incremental_pipeline.cc:620] Registering image #72 (num_reg_frames=7)
I20261002 22:40:10.392265 10408 incremental_pipeline.cc:623] => Image sees 60 / 202 points
I20261002 22:40:10.392311 10408 incremental_pipeline.cc:629] Registering image with structure-less fallback
I20261002 22:40:10.392357 10408 incremental_pipeline.cc:631] => Image sees 631 / 3648 correspondences
I20261002 22:40:10.392429 10408 incremental_pipeline.cc:646] => Could not register, trying another image.
I20261002 22:40:10.392475 10408 incremental_pipeline.cc:620] Registering image #91 (num_reg_frames=7)
I20261002 22:40:10.392521 10408 incremental_pipeline.cc:623] => Image sees 54 / 170 points
I20261002 22:40:10.392568 10408 incremental_pipeline.cc:629] Registering image with structure-less fallback
I20261002 22:40:10.392615 10408 incremental_pipeline.cc:631] => Image sees 582 / 3077 correspondences
I20261002 22:40:10.392683 10408 incremental_pipeline.cc:646] => Could not register, trying another image.
I20261002 22:40:10.392729 10408 incremental_pipeline.cc:620] Registering image #71 (num_reg_frames=7)
I20261002 22:40:10.392778 10408 incremental_pipeline.cc:623] => Image sees 54 / 157 points
I20261002 22:40:10.392825 10408 incremental_pipeline.cc:629] Registering image with structure-less fallback
I20261002 22:40:10.392869 10408 incremental_pipeline.cc:631] => Image sees 325 / 1111 correspondences
I20261002 22:40:10.392926 10408 incremental_pipeline.cc:646] => Could not register, trying another image.
I20261002 22:40:10.392972 10408 incremental_pipeline.cc:620] Registering image #84 (num_reg_frames=7)
I20261002 22:40:10.393018 10408 incremental_pipeline.cc:623] => Image sees 58 / 175 points
I20261002 22:40:10.393064 10408 incremental_pipeline.cc:629] Registering image with structure-less fallback
I20261002 22:40:10.393110 10408 incremental_pipeline.cc:631] => Image sees 304 / 1240 correspondences
I20261002 22:40:10.393169 10408 incremental_pipeline.cc:646] => Could not register, trying another image.
I20261002 22:40:10.393214 10408 incremental_pipeline.cc:620] Registering image #70 (num_reg_frames=7)
I20261002 22:40:10.393260 10408 incremental_pipeline.cc:623] => Image sees 53 / 167 points
I20261002 22:40:10.393306 10408 incremental_pipeline.cc:629] Registering image with structure-less fallback
I20261002 22:40:10.393350 10408 incremental_pipeline.cc:631] => Image sees 273 / 1239 correspondences
I20261002 22:40:10.393407 10408 incremental_pipeline.cc:646] => Could not register, trying another image.
I20261002 22:40:10.393452 10408 incremental_pipeline.cc:620] Registering image #82 (num_reg_frames=7)
I20261002 22:40:10.393497 10408 incremental_pipeline.cc:623] => Image sees 54 / 174 points
I20261002 22:40:10.393543 10408 incremental_pipeline.cc:629] Registering image with structure-less fallback
I20261002 22:40:10.393592 10408 incremental_pipeline.cc:631] => Image sees 195 / 1191 correspondences
I20261002 22:40:10.393649 10408 incremental_pipeline.cc:646] => Could not register, trying another image.
I20261002 22:40:10.393694 10408 incremental_pipeline.cc:620] Registering image #68 (num_reg_frames=7)
I20261002 22:40:10.393740 10408 incremental_pipeline.cc:623] => Image sees 44 / 167 points
I20261002 22:40:10.393784 10408 incremental_pipeline.cc:629] Registering image with structure-less fallback
I20261002 22:40:10.393829 10408 incremental_pipeline.cc:631] => Image sees 188 / 1272 correspondences
I20261002 22:40:10.393896 10408 incremental_pipeline.cc:646] => Could not register, trying another image.
I20261002 22:40:10.394238 10408 incremental_pipeline.cc:620] Registering image #83 (num_reg_frames=7)
I20261002 22:40:10.394444 10408 incremental_pipeline.cc:623] => Image sees 49 / 161 points
I20261002 22:40:10.394507 10408 incremental_pipeline.cc:629] Registering image with structure-less fallback
I20261002 22:40:10.394556 10408 incremental_pipeline.cc:631] => Image sees 183 / 1343 correspondences
I20261002 22:40:10.394616 10408 incremental_pipeline.cc:646] => Could not register, trying another image.
I20261002 22:40:10.394661 10408 incremental_pipeline.cc:620] Registering image #87 (num_reg_frames=7)
I20261002 22:40:10.394708 10408 incremental_pipeline.cc:623] => Image sees 48 / 169 points
I20261002 22:40:10.394754 10408 incremental_pipeline.cc:629] Registering image with structure-less fallback
I20261002 22:40:10.394800 10408 incremental_pipeline.cc:631] => Image sees 103 / 1234 correspondences
I20261002 22:40:10.394856 10408 incremental_pipeline.cc:646] => Could not register, trying another image.
I20261002 22:40:10.394903 10408 incremental_pipeline.cc:620] Registering image #85 (num_reg_frames=7)
I20261002 22:40:10.394949 10408 incremental_pipeline.cc:623] => Image sees 45 / 166 points
I20261002 22:40:10.394995 10408 incremental_pipeline.cc:629] Registering image with structure-less fallback
I20261002 22:40:10.395041 10408 incremental_pipeline.cc:631] => Image sees 97 / 1335 correspondences
I20261002 22:40:10.395098 10408 incremental_pipeline.cc:646] => Could not register, trying another image.
I20261002 22:40:10.395143 10408 incremental_pipeline.cc:620] Registering image #69 (num_reg_frames=7)
I20261002 22:40:10.395193 10408 incremental_pipeline.cc:623] => Image sees 30 / 192 points
I20261002 22:40:10.395239 10408 incremental_pipeline.cc:629] Registering image with structure-less fallback
I20261002 22:40:10.395284 10408 incremental_pipeline.cc:631] => Image sees 91 / 1287 correspondences
I20261002 22:40:10.395341 10408 incremental_pipeline.cc:646] => Could not register, trying another image.
I20261002 22:40:10.395386 10408 incremental_pipeline.cc:620] Registering image #86 (num_reg_frames=7)
I20261002 22:40:10.395433 10408 incremental_pipeline.cc:623] => Image sees 41 / 167 points
I20261002 22:40:10.395489 10408 incremental_pipeline.cc:629] Registering image with structure-less fallback
I20261002 22:40:10.395556 10408 incremental_pipeline.cc:631] => Image sees 91 / 1267 correspondences
I20261002 22:40:10.395614 10408 incremental_pipeline.cc:646] => Could not register, trying another image.
I20261002 22:40:10.395660 10408 incremental_pipeline.cc:620] Registering image #90 (num_reg_frames=7)
I20261002 22:40:10.395706 10408 incremental_pipeline.cc:623] => Image sees 41 / 173 points
I20261002 22:40:10.395751 10408 incremental_pipeline.cc:629] Registering image with structure-less fallback
I20261002 22:40:10.395798 10408 incremental_pipeline.cc:631] => Image sees 91 / 1327 correspondences
I20261002 22:40:10.395855 10408 incremental_pipeline.cc:646] => Could not register, trying another image.
I20261002 22:40:10.395900 10408 incremental_pipeline.cc:620] Registering image #73 (num_reg_frames=7)
I20261002 22:40:10.395948 10408 incremental_pipeline.cc:623] => Image sees 38 / 173 points
I20261002 22:40:10.395993 10408 incremental_pipeline.cc:629] Registering image with structure-less fallback
I20261002 22:40:10.396040 10408 incremental_pipeline.cc:631] => Image sees 84 / 1366 correspondences
I20261002 22:40:10.396100 10408 incremental_pipeline.cc:646] => Could not register, trying another image.
I20261002 22:40:10.396145 10408 incremental_pipeline.cc:620] Registering image #89 (num_reg_frames=7)
I20261002 22:40:10.396192 10408 incremental_pipeline.cc:623] => Image sees 32 / 145 points
I20261002 22:40:10.396239 10408 incremental_pipeline.cc:629] Registering image with structure-less fallback
I20261002 22:40:10.396284 10408 incremental_pipeline.cc:631] => Image sees 72 / 1017 correspondences
I20261002 22:40:10.396339 10408 incremental_pipeline.cc:646] => Could not register, trying another image.
I20261002 22:40:10.396394 10408 incremental_pipeline.cc:620] Registering image #92 (num_reg_frames=7)
I20261002 22:40:10.396440 10408 incremental_pipeline.cc:623] => Image sees 34 / 167 points
I20261002 22:40:10.396485 10408 incremental_pipeline.cc:629] Registering image with structure-less fallback
I20261002 22:40:10.396531 10408 incremental_pipeline.cc:631] => Image sees 71 / 1173 correspondences
I20261002 22:40:10.396585 10408 incremental_pipeline.cc:646] => Could not register, trying another image.
I20261002 22:40:10.396631 10408 incremental_pipeline.cc:88] Retriangulation and Global bundle adjustment
I20261002 22:40:10.420122 10408 incremental_pipeline.cc:620] Registering image #72 (num_reg_frames=7)
I20261002 22:40:10.420260 10408 incremental_pipeline.cc:623] => Image sees 60 / 202 points
I20261002 22:40:10.420356 10408 incremental_pipeline.cc:646] => Could not register, trying another image.
I20261002 22:40:10.420409 10408 incremental_pipeline.cc:620] Registering image #84 (num_reg_frames=7)
I20261002 22:40:10.420457 10408 incremental_pipeline.cc:623] => Image sees 58 / 175 points
I20261002 22:40:10.420519 10408 incremental_pipeline.cc:646] => Could not register, trying another image.
I20261002 22:40:10.420565 10408 incremental_pipeline.cc:620] Registering image #91 (num_reg_frames=7)
I20261002 22:40:10.420611 10408 incremental_pipeline.cc:623] => Image sees 54 / 170 points
I20261002 22:40:10.420682 10408 incremental_pipeline.cc:646] => Could not register, trying another image.
I20261002 22:40:10.420729 10408 incremental_pipeline.cc:620] Registering image #82 (num_reg_frames=7)
I20261002 22:40:10.420781 10408 incremental_pipeline.cc:623] => Image sees 54 / 174 points
I20261002 22:40:10.420840 10408 incremental_pipeline.cc:646] => Could not register, trying another image.
I20261002 22:40:10.420902 10408 incremental_pipeline.cc:620] Registering image #71 (num_reg_frames=7)
I20261002 22:40:10.421002 10408 incremental_pipeline.cc:623] => Image sees 54 / 157 points
I20261002 22:40:10.421077 10408 incremental_pipeline.cc:646] => Could not register, trying another image.
I20261002 22:40:10.421129 10408 incremental_pipeline.cc:620] Registering image #70 (num_reg_frames=7)
I20261002 22:40:10.421178 10408 incremental_pipeline.cc:623] => Image sees 53 / 167 points
I20261002 22:40:10.421239 10408 incremental_pipeline.cc:646] => Could not register, trying another image.
I20261002 22:40:10.421287 10408 incremental_pipeline.cc:620] Registering image #81 (num_reg_frames=7)
I20261002 22:40:10.421334 10408 incremental_pipeline.cc:623] => Image sees 50 / 161 points
I20261002 22:40:10.421406 10408 incremental_pipeline.cc:646] => Could not register, trying another image.
I20261002 22:40:10.421453 10408 incremental_pipeline.cc:620] Registering image #83 (num_reg_frames=7)
I20261002 22:40:10.421500 10408 incremental_pipeline.cc:623] => Image sees 49 / 161 points
I20261002 22:40:10.421560 10408 incremental_pipeline.cc:646] => Could not register, trying another image.
I20261002 22:40:10.421607 10408 incremental_pipeline.cc:620] Registering image #87 (num_reg_frames=7)
I20261002 22:40:10.421653 10408 incremental_pipeline.cc:623] => Image sees 48 / 169 points
I20261002 22:40:10.421712 10408 incremental_pipeline.cc:646] => Could not register, trying another image.
I20261002 22:40:10.421758 10408 incremental_pipeline.cc:620] Registering image #68 (num_reg_frames=7)
I20261002 22:40:10.421805 10408 incremental_pipeline.cc:623] => Image sees 44 / 167 points
I20261002 22:40:10.421863 10408 incremental_pipeline.cc:646] => Could not register, trying another image.
I20261002 22:40:10.421909 10408 incremental_pipeline.cc:620] Registering image #90 (num_reg_frames=7)
I20261002 22:40:10.421955 10408 incremental_pipeline.cc:623] => Image sees 41 / 173 points
I20261002 22:40:10.422012 10408 incremental_pipeline.cc:646] => Could not register, trying another image.
I20261002 22:40:10.422072 10408 incremental_pipeline.cc:620] Registering image #86 (num_reg_frames=7)
I20261002 22:40:10.422153 10408 incremental_pipeline.cc:623] => Image sees 41 / 167 points
I20261002 22:40:10.422232 10408 incremental_pipeline.cc:646] => Could not register, trying another image.
I20261002 22:40:10.422280 10408 incremental_pipeline.cc:620] Registering image #85 (num_reg_frames=7)
I20261002 22:40:10.422326 10408 incremental_pipeline.cc:623] => Image sees 45 / 166 points
I20261002 22:40:10.422384 10408 incremental_pipeline.cc:646] => Could not register, trying another image.
I20261002 22:40:10.422430 10408 incremental_pipeline.cc:620] Registering image #73 (num_reg_frames=7)
I20261002 22:40:10.422476 10408 incremental_pipeline.cc:623] => Image sees 38 / 173 points
I20261002 22:40:10.422533 10408 incremental_pipeline.cc:646] => Could not register, trying another image.
I20261002 22:40:10.422580 10408 incremental_pipeline.cc:620] Registering image #92 (num_reg_frames=7)
I20261002 22:40:10.422626 10408 incremental_pipeline.cc:623] => Image sees 34 / 167 points
I20261002 22:40:10.422682 10408 incremental_pipeline.cc:646] => Could not register, trying another image.
I20261002 22:40:10.422727 10408 incremental_pipeline.cc:620] Registering image #89 (num_reg_frames=7)
I20261002 22:40:10.422773 10408 incremental_pipeline.cc:623] => Image sees 32 / 145 points
I20261002 22:40:10.422828 10408 incremental_pipeline.cc:646] => Could not register, trying another image.
I20261002 22:40:10.422873 10408 incremental_pipeline.cc:620] Registering image #69 (num_reg_frames=7)
I20261002 22:40:10.422918 10408 incremental_pipeline.cc:623] => Image sees 30 / 192 points
I20261002 22:40:10.422974 10408 incremental_pipeline.cc:646] => Could not register, trying another image.
I20261002 22:40:10.423029 10408 incremental_pipeline.cc:620] Registering image #81 (num_reg_frames=7)
I20261002 22:40:10.423075 10408 incremental_pipeline.cc:623] => Image sees 50 / 161 points
I20261002 22:40:10.423138 10408 incremental_pipeline.cc:629] Registering image with structure-less fallback
I20261002 22:40:10.423233 10408 incremental_pipeline.cc:631] => Image sees 683 / 3239 correspondences
I20261002 22:40:10.423341 10408 incremental_pipeline.cc:646] => Could not register, trying another image.
I20261002 22:40:10.423392 10408 incremental_pipeline.cc:620] Registering image #72 (num_reg_frames=7)
I20261002 22:40:10.423440 10408 incremental_pipeline.cc:623] => Image sees 60 / 202 points
I20261002 22:40:10.423486 10408 incremental_pipeline.cc:629] Registering image with structure-less fallback
I20261002 22:40:10.423532 10408 incremental_pipeline.cc:631] => Image sees 631 / 3648 correspondences
I20261002 22:40:10.423605 10408 incremental_pipeline.cc:646] => Could not register, trying another image.
I20261002 22:40:10.423652 10408 incremental_pipeline.cc:620] Registering image #91 (num_reg_frames=7)
I20261002 22:40:10.423698 10408 incremental_pipeline.cc:623] => Image sees 54 / 170 points
I20261002 22:40:10.423743 10408 incremental_pipeline.cc:629] Registering image with structure-less fallback
I20261002 22:40:10.423788 10408 incremental_pipeline.cc:631] => Image sees 582 / 3077 correspondences
I20261002 22:40:10.423856 10408 incremental_pipeline.cc:646] => Could not register, trying another image.
I20261002 22:40:10.423902 10408 incremental_pipeline.cc:620] Registering image #71 (num_reg_frames=7)
I20261002 22:40:10.423948 10408 incremental_pipeline.cc:623] => Image sees 54 / 157 points
I20261002 22:40:10.423993 10408 incremental_pipeline.cc:629] Registering image with structure-less fallback
I20261002 22:40:10.424039 10408 incremental_pipeline.cc:631] => Image sees 325 / 1111 correspondences
I20261002 22:40:10.424096 10408 incremental_pipeline.cc:646] => Could not register, trying another image.
I20261002 22:40:10.424142 10408 incremental_pipeline.cc:620] Registering image #84 (num_reg_frames=7)
I20261002 22:40:10.424188 10408 incremental_pipeline.cc:623] => Image sees 58 / 175 points
I20261002 22:40:10.424233 10408 incremental_pipeline.cc:629] Registering image with structure-less fallback
I20261002 22:40:10.424311 10408 incremental_pipeline.cc:631] => Image sees 304 / 1240 correspondences
I20261002 22:40:10.424412 10408 incremental_pipeline.cc:646] => Could not register, trying another image.
I20261002 22:40:10.424467 10408 incremental_pipeline.cc:620] Registering image #70 (num_reg_frames=7)
I20261002 22:40:10.424514 10408 incremental_pipeline.cc:623] => Image sees 53 / 167 points
I20261002 22:40:10.424559 10408 incremental_pipeline.cc:629] Registering image with structure-less fallback
I20261002 22:40:10.424603 10408 incremental_pipeline.cc:631] => Image sees 273 / 1239 correspondences
I20261002 22:40:10.424659 10408 incremental_pipeline.cc:646] => Could not register, trying another image.
I20261002 22:40:10.424705 10408 incremental_pipeline.cc:620] Registering image #82 (num_reg_frames=7)
I20261002 22:40:10.424749 10408 incremental_pipeline.cc:623] => Image sees 54 / 174 points
I20261002 22:40:10.424794 10408 incremental_pipeline.cc:629] Registering image with structure-less fallback
I20261002 22:40:10.424837 10408 incremental_pipeline.cc:631] => Image sees 195 / 1191 correspondences
I20261002 22:40:10.424893 10408 incremental_pipeline.cc:646] => Could not register, trying another image.
I20261002 22:40:10.424936 10408 incremental_pipeline.cc:620] Registering image #68 (num_reg_frames=7)
I20261002 22:40:10.424981 10408 incremental_pipeline.cc:623] => Image sees 44 / 167 points
I20261002 22:40:10.425024 10408 incremental_pipeline.cc:629] Registering image with structure-less fallback
I20261002 22:40:10.425067 10408 incremental_pipeline.cc:631] => Image sees 188 / 1272 correspondences
I20261002 22:40:10.425126 10408 incremental_pipeline.cc:646] => Could not register, trying another image.
I20261002 22:40:10.425170 10408 incremental_pipeline.cc:620] Registering image #83 (num_reg_frames=7)
I20261002 22:40:10.425214 10408 incremental_pipeline.cc:623] => Image sees 49 / 161 points
I20261002 22:40:10.425258 10408 incremental_pipeline.cc:629] Registering image with structure-less fallback
I20261002 22:40:10.425301 10408 incremental_pipeline.cc:631] => Image sees 183 / 1343 correspondences
I20261002 22:40:10.425427 10408 incremental_pipeline.cc:646] => Could not register, trying another image.
I20261002 22:40:10.425884 10408 incremental_pipeline.cc:620] Registering image #87 (num_reg_frames=7)
I20261002 22:40:10.426911 10408 incremental_pipeline.cc:623] => Image sees 48 / 169 points
I20261002 22:40:10.426994 10408 incremental_pipeline.cc:629] Registering image with structure-less fallback
I20261002 22:40:10.427048 10408 incremental_pipeline.cc:631] => Image sees 103 / 1234 correspondences
I20261002 22:40:10.427109 10408 incremental_pipeline.cc:646] => Could not register, trying another image.
I20261002 22:40:10.427157 10408 incremental_pipeline.cc:620] Registering image #85 (num_reg_frames=7)
I20261002 22:40:10.427205 10408 incremental_pipeline.cc:623] => Image sees 45 / 166 points
I20261002 22:40:10.427251 10408 incremental_pipeline.cc:629] Registering image with structure-less fallback
I20261002 22:40:10.427299 10408 incremental_pipeline.cc:631] => Image sees 97 / 1335 correspondences
I20261002 22:40:10.427357 10408 incremental_pipeline.cc:646] => Could not register, trying another image.
I20261002 22:40:10.427403 10408 incremental_pipeline.cc:620] Registering image #69 (num_reg_frames=7)
I20261002 22:40:10.427449 10408 incremental_pipeline.cc:623] => Image sees 30 / 192 points
I20261002 22:40:10.427498 10408 incremental_pipeline.cc:629] Registering image with structure-less fallback
I20261002 22:40:10.427544 10408 incremental_pipeline.cc:631] => Image sees 91 / 1287 correspondences
I20261002 22:40:10.427602 10408 incremental_pipeline.cc:646] => Could not register, trying another image.
I20261002 22:40:10.427649 10408 incremental_pipeline.cc:620] Registering image #86 (num_reg_frames=7)
I20261002 22:40:10.427695 10408 incremental_pipeline.cc:623] => Image sees 41 / 167 points
I20261002 22:40:10.427742 10408 incremental_pipeline.cc:629] Registering image with structure-less fallback
I20261002 22:40:10.427788 10408 incremental_pipeline.cc:631] => Image sees 91 / 1267 correspondences
I20261002 22:40:10.427845 10408 incremental_pipeline.cc:646] => Could not register, trying another image.
I20261002 22:40:10.427904 10408 incremental_pipeline.cc:620] Registering image #90 (num_reg_frames=7)
I20261002 22:40:10.427951 10408 incremental_pipeline.cc:623] => Image sees 41 / 173 points
I20261002 22:40:10.427998 10408 incremental_pipeline.cc:629] Registering image with structure-less fallback
I20261002 22:40:10.428046 10408 incremental_pipeline.cc:631] => Image sees 91 / 1327 correspondences
I20261002 22:40:10.428103 10408 incremental_pipeline.cc:646] => Could not register, trying another image.
I20261002 22:40:10.428150 10408 incremental_pipeline.cc:620] Registering image #73 (num_reg_frames=7)
I20261002 22:40:10.428197 10408 incremental_pipeline.cc:623] => Image sees 38 / 173 points
I20261002 22:40:10.428243 10408 incremental_pipeline.cc:629] Registering image with structure-less fallback
I20261002 22:40:10.428290 10408 incremental_pipeline.cc:631] => Image sees 84 / 1366 correspondences
I20261002 22:40:10.428350 10408 incremental_pipeline.cc:646] => Could not register, trying another image.
I20261002 22:40:10.428397 10408 incremental_pipeline.cc:620] Registering image #89 (num_reg_frames=7)
I20261002 22:40:10.428478 10408 incremental_pipeline.cc:623] => Image sees 32 / 145 points
I20261002 22:40:10.428548 10408 incremental_pipeline.cc:629] Registering image with structure-less fallback
I20261002 22:40:10.428603 10408 incremental_pipeline.cc:631] => Image sees 72 / 1017 correspondences
I20261002 22:40:10.428668 10408 incremental_pipeline.cc:646] => Could not register, trying another image.
I20261002 22:40:10.428718 10408 incremental_pipeline.cc:620] Registering image #92 (num_reg_frames=7)
I20261002 22:40:10.428766 10408 incremental_pipeline.cc:623] => Image sees 34 / 167 points
I20261002 22:40:10.428814 10408 incremental_pipeline.cc:629] Registering image with structure-less fallback
I20261002 22:40:10.428861 10408 incremental_pipeline.cc:631] => Image sees 71 / 1173 correspondences
I20261002 22:40:10.428918 10408 incremental_pipeline.cc:646] => Could not register, trying another image.
W20261002 22:40:10.428968 10408 incremental_pipeline.cc:821] Discarding reconstruction due to insufficient size
I20261002 22:40:10.430404 10408 incremental_pipeline.cc:465] Finding good initial image pair
I20261002 22:40:10.447563 10408 incremental_pipeline.cc:472] => No good initial image pair found.
I20261002 22:40:10.447966 10408 incremental_pipeline.cc:800] Discarding reconstruction due to no initial pair
I20261002 22:40:10.448966 10408 incremental_pipeline.cc:429] => Relaxing the initialization constraints.
I20261002 22:40:10.450174 10408 incremental_pipeline.cc:465] Finding good initial image pair
I20261002 22:40:10.489526 10408 incremental_pipeline.cc:492] Registering initial image pair #80 and #85
I20261002 22:40:10.490693 10408 incremental_pipeline.cc:510] Global bundle adjustment
I20261002 22:40:10.507155 10408 incremental_pipeline.cc:620] Registering image #87 (num_reg_frames=2)
I20261002 22:40:10.507481 10408 incremental_pipeline.cc:623] => Image sees 88 / 169 points
I20261002 22:40:10.510739 10408 incremental_pipeline.cc:88] Retriangulation and Global bundle adjustment
I20261002 22:40:10.519658 10408 incremental_pipeline.cc:620] Registering image #79 (num_reg_frames=3)
I20261002 22:40:10.519935 10408 incremental_pipeline.cc:623] => Image sees 88 / 170 points
I20261002 22:40:10.529702 10408 incremental_pipeline.cc:620] Registering image #81 (num_reg_frames=4)
I20261002 22:40:10.529931 10408 incremental_pipeline.cc:623] => Image sees 108 / 161 points
I20261002 22:40:10.539610 10408 incremental_pipeline.cc:88] Retriangulation and Global bundle adjustment
I20261002 22:40:10.586867 10408 incremental_pipeline.cc:620] Registering image #84 (num_reg_frames=5)
I20261002 22:40:10.586999 10408 incremental_pipeline.cc:623] => Image sees 139 / 175 points
I20261002 22:40:10.593789 10408 incremental_pipeline.cc:620] Registering image #82 (num_reg_frames=6)
I20261002 22:40:10.593896 10408 incremental_pipeline.cc:623] => Image sees 144 / 174 points
I20261002 22:40:10.599116 10408 incremental_pipeline.cc:88] Retriangulation and Global bundle adjustment
I20261002 22:40:10.833728 10408 incremental_pipeline.cc:88] Retriangulation and Global bundle adjustment
W20261002 22:40:10.837021 10408 incremental_pipeline.cc:821] Discarding reconstruction due to insufficient size
I20261002 22:40:10.838282 10408 incremental_pipeline.cc:465] Finding good initial image pair
I20261002 22:40:10.848857 10408 incremental_pipeline.cc:492] Registering initial image pair #33 and #31
I20261002 22:40:10.849543 10408 incremental_pipeline.cc:510] Global bundle adjustment
I20261002 22:40:10.867640 10408 incremental_pipeline.cc:620] Registering image #32 (num_reg_frames=2)
I20261002 22:40:10.867889 10408 incremental_pipeline.cc:623] => Image sees 82 / 211 points
I20261002 22:40:10.880849 10408 incremental_pipeline.cc:88] Retriangulation and Global bundle adjustment
I20261002 22:40:10.916599 10408 incremental_pipeline.cc:620] Registering image #37 (num_reg_frames=3)
I20261002 22:40:10.917020 10408 incremental_pipeline.cc:623] => Image sees 140 / 196 points
I20261002 22:40:10.931371 10408 incremental_pipeline.cc:620] Registering image #30 (num_reg_frames=4)
I20261002 22:40:10.931565 10408 incremental_pipeline.cc:623] => Image sees 132 / 188 points
I20261002 22:40:10.960649 10408 incremental_pipeline.cc:88] Retriangulation and Global bundle adjustment
I20261002 22:40:11.087405 10408 incremental_pipeline.cc:620] Registering image #35 (num_reg_frames=5)
I20261002 22:40:11.087536 10408 incremental_pipeline.cc:623] => Image sees 121 / 178 points
I20261002 22:40:11.087611 10408 incremental_pipeline.cc:646] => Could not register, trying another image.
I20261002 22:40:11.087665 10408 incremental_pipeline.cc:620] Registering image #34 (num_reg_frames=5)
I20261002 22:40:11.087726 10408 incremental_pipeline.cc:623] => Image sees 109 / 184 points
I20261002 22:40:11.087794 10408 incremental_pipeline.cc:646] => Could not register, trying another image.
I20261002 22:40:11.087843 10408 incremental_pipeline.cc:620] Registering image #29 (num_reg_frames=5)
I20261002 22:40:11.087890 10408 incremental_pipeline.cc:623] => Image sees 118 / 195 points
I20261002 22:40:11.087954 10408 incremental_pipeline.cc:646] => Could not register, trying another image.
I20261002 22:40:11.087998 10408 incremental_pipeline.cc:620] Registering image #39 (num_reg_frames=5)
I20261002 22:40:11.088045 10408 incremental_pipeline.cc:623] => Image sees 101 / 184 points
I20261002 22:40:11.088105 10408 incremental_pipeline.cc:646] => Could not register, trying another image.
I20261002 22:40:11.088152 10408 incremental_pipeline.cc:620] Registering image #27 (num_reg_frames=5)
I20261002 22:40:11.088196 10408 incremental_pipeline.cc:623] => Image sees 99 / 215 points
I20261002 22:40:11.088254 10408 incremental_pipeline.cc:646] => Could not register, trying another image.
I20261002 22:40:11.088299 10408 incremental_pipeline.cc:620] Registering image #28 (num_reg_frames=5)
I20261002 22:40:11.088347 10408 incremental_pipeline.cc:623] => Image sees 91 / 178 points
I20261002 22:40:11.088405 10408 incremental_pipeline.cc:646] => Could not register, trying another image.
I20261002 22:40:11.088449 10408 incremental_pipeline.cc:620] Registering image #36 (num_reg_frames=5)
I20261002 22:40:11.088494 10408 incremental_pipeline.cc:623] => Image sees 84 / 180 points
I20261002 22:40:11.088552 10408 incremental_pipeline.cc:646] => Could not register, trying another image.
I20261002 22:40:11.088608 10408 incremental_pipeline.cc:620] Registering image #46 (num_reg_frames=5)
I20261002 22:40:11.088741 10408 incremental_pipeline.cc:623] => Image sees 82 / 214 points
I20261002 22:40:11.088859 10408 incremental_pipeline.cc:646] => Could not register, trying another image.
I20261002 22:40:11.088919 10408 incremental_pipeline.cc:620] Registering image #40 (num_reg_frames=5)
I20261002 22:40:11.088970 10408 incremental_pipeline.cc:623] => Image sees 75 / 225 points
I20261002 22:40:11.089035 10408 incremental_pipeline.cc:646] => Could not register, trying another image.
I20261002 22:40:11.089095 10408 incremental_pipeline.cc:620] Registering image #25 (num_reg_frames=5)
I20261002 22:40:11.089141 10408 incremental_pipeline.cc:623] => Image sees 78 / 196 points
I20261002 22:40:11.089204 10408 incremental_pipeline.cc:646] => Could not register, trying another image.
I20261002 22:40:11.089313 10408 incremental_pipeline.cc:620] Registering image #26 (num_reg_frames=5)
I20261002 22:40:11.089385 10408 incremental_pipeline.cc:623] => Image sees 75 / 233 points
I20261002 22:40:11.089449 10408 incremental_pipeline.cc:646] => Could not register, trying another image.
I20261002 22:40:11.089496 10408 incremental_pipeline.cc:620] Registering image #41 (num_reg_frames=5)
I20261002 22:40:11.089989 10408 incremental_pipeline.cc:623] => Image sees 67 / 203 points
I20261002 22:40:11.090091 10408 incremental_pipeline.cc:646] => Could not register, trying another image.
I20261002 22:40:11.090144 10408 incremental_pipeline.cc:620] Registering image #21 (num_reg_frames=5)
I20261002 22:40:11.090193 10408 incremental_pipeline.cc:623] => Image sees 65 / 264 points
I20261002 22:40:11.090263 10408 incremental_pipeline.cc:646] => Could not register, trying another image.
I20261002 22:40:11.090309 10408 incremental_pipeline.cc:620] Registering image #22 (num_reg_frames=5)
I20261002 22:40:11.090354 10408 incremental_pipeline.cc:623] => Image sees 54 / 248 points
I20261002 22:40:11.090412 10408 incremental_pipeline.cc:646] => Could not register, trying another image.
I20261002 22:40:11.090476 10408 incremental_pipeline.cc:620] Registering image #38 (num_reg_frames=5)
I20261002 22:40:11.090524 10408 incremental_pipeline.cc:623] => Image sees 57 / 192 points
I20261002 22:40:11.090579 10408 incremental_pipeline.cc:646] => Could not register, trying another image.
I20261002 22:40:11.090624 10408 incremental_pipeline.cc:620] Registering image #23 (num_reg_frames=5)
I20261002 22:40:11.090670 10408 incremental_pipeline.cc:623] => Image sees 59 / 218 points
I20261002 22:40:11.090726 10408 incremental_pipeline.cc:646] => Could not register, trying another image.
I20261002 22:40:11.090771 10408 incremental_pipeline.cc:620] Registering image #17 (num_reg_frames=5)
I20261002 22:40:11.090817 10408 incremental_pipeline.cc:623] => Image sees 49 / 226 points
I20261002 22:40:11.090873 10408 incremental_pipeline.cc:646] => Could not register, trying another image.
I20261002 22:40:11.091241 10408 incremental_pipeline.cc:620] Registering image #7 (num_reg_frames=5)
I20261002 22:40:11.091332 10408 incremental_pipeline.cc:623] => Image sees 43 / 234 points
I20261002 22:40:11.091481 10408 incremental_pipeline.cc:646] => Could not register, trying another image.
I20261002 22:40:11.091568 10408 incremental_pipeline.cc:620] Registering image #24 (num_reg_frames=5)
I20261002 22:40:11.091628 10408 incremental_pipeline.cc:623] => Image sees 47 / 223 points
I20261002 22:40:11.091700 10408 incremental_pipeline.cc:646] => Could not register, trying another image.
I20261002 22:40:11.091751 10408 incremental_pipeline.cc:620] Registering image #14 (num_reg_frames=5)
I20261002 22:40:11.091799 10408 incremental_pipeline.cc:623] => Image sees 48 / 246 points
I20261002 22:40:11.091860 10408 incremental_pipeline.cc:646] => Could not register, trying another image.
I20261002 22:40:11.091910 10408 incremental_pipeline.cc:620] Registering image #15 (num_reg_frames=5)
I20261002 22:40:11.091959 10408 incremental_pipeline.cc:623] => Image sees 46 / 243 points
I20261002 22:40:11.092025 10408 incremental_pipeline.cc:646] => Could not register, trying another image.
I20261002 22:40:11.092072 10408 incremental_pipeline.cc:620] Registering image #43 (num_reg_frames=5)
I20261002 22:40:11.092120 10408 incremental_pipeline.cc:623] => Image sees 45 / 189 points
I20261002 22:40:11.092179 10408 incremental_pipeline.cc:646] => Could not register, trying another image.
I20261002 22:40:11.092225 10408 incremental_pipeline.cc:620] Registering image #19 (num_reg_frames=5)
I20261002 22:40:11.092272 10408 incremental_pipeline.cc:623] => Image sees 42 / 244 points
I20261002 22:40:11.092330 10408 incremental_pipeline.cc:646] => Could not register, trying another image.
I20261002 22:40:11.092388 10408 incremental_pipeline.cc:620] Registering image #12 (num_reg_frames=5)
I20261002 22:40:11.092435 10408 incremental_pipeline.cc:623] => Image sees 37 / 219 points
I20261002 22:40:11.092494 10408 incremental_pipeline.cc:646] => Could not register, trying another image.
I20261002 22:40:11.092539 10408 incremental_pipeline.cc:620] Registering image #18 (num_reg_frames=5)
I20261002 22:40:11.092586 10408 incremental_pipeline.cc:623] => Image sees 39 / 232 points
I20261002 22:40:11.092644 10408 incremental_pipeline.cc:646] => Could not register, trying another image.
I20261002 22:40:11.092690 10408 incremental_pipeline.cc:620] Registering image #42 (num_reg_frames=5)
I20261002 22:40:11.092736 10408 incremental_pipeline.cc:623] => Image sees 37 / 200 points
I20261002 22:40:11.092791 10408 incremental_pipeline.cc:646] => Could not register, trying another image.
I20261002 22:40:11.092837 10408 incremental_pipeline.cc:620] Registering image #45 (num_reg_frames=5)
I20261002 22:40:11.092884 10408 incremental_pipeline.cc:623] => Image sees 39 / 191 points
I20261002 22:40:11.092941 10408 incremental_pipeline.cc:646] => Could not register, trying another image.
I20261002 22:40:11.092992 10408 incremental_pipeline.cc:620] Registering image #53 (num_reg_frames=5)
I20261002 22:40:11.093043 10408 incremental_pipeline.cc:623] => Image sees 37 / 206 points
I20261002 22:40:11.093112 10408 incremental_pipeline.cc:646] => Could not register, trying another image.
I20261002 22:40:11.093158 10408 incremental_pipeline.cc:620] Registering image #50 (num_reg_frames=5)
I20261002 22:40:11.093205 10408 incremental_pipeline.cc:623] => Image sees 37 / 201 points
I20261002 22:40:11.093262 10408 incremental_pipeline.cc:646] => Could not register, trying another image.
I20261002 22:40:11.093327 10408 incremental_pipeline.cc:620] Registering image #9 (num_reg_frames=5)
I20261002 22:40:11.093418 10408 incremental_pipeline.cc:623] => Image sees 36 / 251 points
I20261002 22:40:11.093488 10408 incremental_pipeline.cc:646] => Could not register, trying another image.
I20261002 22:40:11.093537 10408 incremental_pipeline.cc:620] Registering image #20 (num_reg_frames=5)
I20261002 22:40:11.093585 10408 incremental_pipeline.cc:623] => Image sees 35 / 239 points
I20261002 22:40:11.093645 10408 incremental_pipeline.cc:646] => Could not register, trying another image.
I20261002 22:40:11.093700 10408 incremental_pipeline.cc:620] Registering image #35 (num_reg_frames=5)
I20261002 22:40:11.093748 10408 incremental_pipeline.cc:623] => Image sees 121 / 178 points
I20261002 22:40:11.093795 10408 incremental_pipeline.cc:629] Registering image with structure-less fallback
I20261002 22:40:11.093843 10408 incremental_pipeline.cc:631] => Image sees 316 / 981 correspondences
I20261002 22:40:11.093904 10408 incremental_pipeline.cc:646] => Could not register, trying another image.
I20261002 22:40:11.093972 10408 incremental_pipeline.cc:620] Registering image #29 (num_reg_frames=5)
I20261002 22:40:11.094064 10408 incremental_pipeline.cc:623] => Image sees 118 / 195 points
I20261002 22:40:11.094126 10408 incremental_pipeline.cc:629] Registering image with structure-less fallback
I20261002 22:40:11.094177 10408 incremental_pipeline.cc:631] => Image sees 311 / 911 correspondences
I20261002 22:40:11.094237 10408 incremental_pipeline.cc:646] => Could not register, trying another image.
I20261002 22:40:11.094286 10408 incremental_pipeline.cc:620] Registering image #34 (num_reg_frames=5)
I20261002 22:40:11.094333 10408 incremental_pipeline.cc:623] => Image sees 109 / 184 points
I20261002 22:40:11.094384 10408 incremental_pipeline.cc:629] Registering image with structure-less fallback
I20261002 22:40:11.094430 10408 incremental_pipeline.cc:631] => Image sees 286 / 1105 correspondences
I20261002 22:40:11.094490 10408 incremental_pipeline.cc:646] => Could not register, trying another image.
I20261002 22:40:11.094547 10408 incremental_pipeline.cc:620] Registering image #28 (num_reg_frames=5)
I20261002 22:40:11.094606 10408 incremental_pipeline.cc:623] => Image sees 91 / 178 points
I20261002 22:40:11.094654 10408 incremental_pipeline.cc:629] Registering image with structure-less fallback
I20261002 22:40:11.094700 10408 incremental_pipeline.cc:631] => Image sees 258 / 1053 correspondences
I20261002 22:40:11.094759 10408 incremental_pipeline.cc:646] => Could not register, trying another image.
I20261002 22:40:11.094805 10408 incremental_pipeline.cc:620] Registering image #27 (num_reg_frames=5)
I20261002 22:40:11.094852 10408 incremental_pipeline.cc:623] => Image sees 99 / 215 points
I20261002 22:40:11.094901 10408 incremental_pipeline.cc:629] Registering image with structure-less fallback
I20261002 22:40:11.094947 10408 incremental_pipeline.cc:631] => Image sees 222 / 1180 correspondences
I20261002 22:40:11.095005 10408 incremental_pipeline.cc:646] => Could not register, trying another image.
I20261002 22:40:11.095058 10408 incremental_pipeline.cc:620] Registering image #21 (num_reg_frames=5)
I20261002 22:40:11.095106 10408 incremental_pipeline.cc:623] => Image sees 65 / 264 points
I20261002 22:40:11.095152 10408 incremental_pipeline.cc:629] Registering image with structure-less fallback
I20261002 22:40:11.095199 10408 incremental_pipeline.cc:631] => Image sees 220 / 3649 correspondences
I20261002 22:40:11.095270 10408 incremental_pipeline.cc:646] => Could not register, trying another image.
I20261002 22:40:11.095316 10408 incremental_pipeline.cc:620] Registering image #36 (num_reg_frames=5)
I20261002 22:40:11.095364 10408 incremental_pipeline.cc:623] => Image sees 84 / 180 points
I20261002 22:40:11.095410 10408 incremental_pipeline.cc:629] Registering image with structure-less fallback
I20261002 22:40:11.095458 10408 incremental_pipeline.cc:631] => Image sees 201 / 1087 correspondences
I20261002 22:40:11.095521 10408 incremental_pipeline.cc:646] => Could not register, trying another image.
I20261002 22:40:11.095568 10408 incremental_pipeline.cc:620] Registering image #46 (num_reg_frames=5)
I20261002 22:40:11.095614 10408 incremental_pipeline.cc:623] => Image sees 82 / 214 points
I20261002 22:40:11.095660 10408 incremental_pipeline.cc:629] Registering image with structure-less fallback
I20261002 22:40:11.095706 10408 incremental_pipeline.cc:631] => Image sees 197 / 2680 correspondences
I20261002 22:40:11.095773 10408 incremental_pipeline.cc:646] => Could not register, trying another image.
I20261002 22:40:11.095820 10408 incremental_pipeline.cc:620] Registering image #39 (num_reg_frames=5)
I20261002 22:40:11.095866 10408 incremental_pipeline.cc:623] => Image sees 101 / 184 points
I20261002 22:40:11.095913 10408 incremental_pipeline.cc:629] Registering image with structure-less fallback
I20261002 22:40:11.095959 10408 incremental_pipeline.cc:631] => Image sees 171 / 994 correspondences
I20261002 22:40:11.096025 10408 incremental_pipeline.cc:646] => Could not register, trying another image.
I20261002 22:40:11.096070 10408 incremental_pipeline.cc:620] Registering image #7 (num_reg_frames=5)
I20261002 22:40:11.096116 10408 incremental_pipeline.cc:623] => Image sees 43 / 234 points
I20261002 22:40:11.096163 10408 incremental_pipeline.cc:629] Registering image with structure-less fallback
I20261002 22:40:11.096209 10408 incremental_pipeline.cc:631] => Image sees 133 / 3395 correspondences
I20261002 22:40:11.096277 10408 incremental_pipeline.cc:646] => Could not register, trying another image.
I20261002 22:40:11.096323 10408 incremental_pipeline.cc:620] Registering image #26 (num_reg_frames=5)
I20261002 22:40:11.096369 10408 incremental_pipeline.cc:623] => Image sees 75 / 233 points
I20261002 22:40:11.096415 10408 incremental_pipeline.cc:629] Registering image with structure-less fallback
I20261002 22:40:11.096469 10408 incremental_pipeline.cc:631] => Image sees 132 / 1178 correspondences
I20261002 22:40:11.096525 10408 incremental_pipeline.cc:646] => Could not register, trying another image.
I20261002 22:40:11.096571 10408 incremental_pipeline.cc:620] Registering image #40 (num_reg_frames=5)
I20261002 22:40:11.096617 10408 incremental_pipeline.cc:623] => Image sees 75 / 225 points
I20261002 22:40:11.096672 10408 incremental_pipeline.cc:629] Registering image with structure-less fallback
I20261002 22:40:11.096718 10408 incremental_pipeline.cc:631] => Image sees 130 / 1131 correspondences
I20261002 22:40:11.096777 10408 incremental_pipeline.cc:646] => Could not register, trying another image.
I20261002 22:40:11.096823 10408 incremental_pipeline.cc:620] Registering image #41 (num_reg_frames=5)
I20261002 22:40:11.096870 10408 incremental_pipeline.cc:623] => Image sees 67 / 203 points
I20261002 22:40:11.096917 10408 incremental_pipeline.cc:629] Registering image with structure-less fallback
I20261002 22:40:11.096962 10408 incremental_pipeline.cc:631] => Image sees 112 / 1138 correspondences
I20261002 22:40:11.097019 10408 incremental_pipeline.cc:646] => Could not register, trying another image.
I20261002 22:40:11.097065 10408 incremental_pipeline.cc:620] Registering image #23 (num_reg_frames=5)
I20261002 22:40:11.097111 10408 incremental_pipeline.cc:623] => Image sees 59 / 218 points
I20261002 22:40:11.097157 10408 incremental_pipeline.cc:629] Registering image with structure-less fallback
I20261002 22:40:11.097202 10408 incremental_pipeline.cc:631] => Image sees 111 / 1265 correspondences
I20261002 22:40:11.097262 10408 incremental_pipeline.cc:646] => Could not register, trying another image.
I20261002 22:40:11.097308 10408 incremental_pipeline.cc:620] Registering image #22 (num_reg_frames=5)
I20261002 22:40:11.097354 10408 incremental_pipeline.cc:623] => Image sees 54 / 248 points
I20261002 22:40:11.097399 10408 incremental_pipeline.cc:629] Registering image with structure-less fallback
I20261002 22:40:11.097445 10408 incremental_pipeline.cc:631] => Image sees 94 / 1387 correspondences
I20261002 22:40:11.097503 10408 incremental_pipeline.cc:646] => Could not register, trying another image.
I20261002 22:40:11.097549 10408 incremental_pipeline.cc:620] Registering image #25 (num_reg_frames=5)
I20261002 22:40:11.097595 10408 incremental_pipeline.cc:623] => Image sees 78 / 196 points
I20261002 22:40:11.097642 10408 incremental_pipeline.cc:629] Registering image with structure-less fallback
I20261002 22:40:11.097688 10408 incremental_pipeline.cc:631] => Image sees 92 / 974 correspondences
I20261002 22:40:11.097744 10408 incremental_pipeline.cc:646] => Could not register, trying another image.
I20261002 22:40:11.097789 10408 incremental_pipeline.cc:620] Registering image #14 (num_reg_frames=5)
I20261002 22:40:11.097836 10408 incremental_pipeline.cc:623] => Image sees 48 / 246 points
I20261002 22:40:11.097883 10408 incremental_pipeline.cc:629] Registering image with structure-less fallback
I20261002 22:40:11.097928 10408 incremental_pipeline.cc:631] => Image sees 83 / 1485 correspondences
I20261002 22:40:11.097986 10408 incremental_pipeline.cc:646] => Could not register, trying another image.
I20261002 22:40:11.098032 10408 incremental_pipeline.cc:620] Registering image #15 (num_reg_frames=5)
I20261002 22:40:11.098078 10408 incremental_pipeline.cc:623] => Image sees 46 / 243 points
I20261002 22:40:11.098125 10408 incremental_pipeline.cc:629] Registering image with structure-less fallback
I20261002 22:40:11.098171 10408 incremental_pipeline.cc:631] => Image sees 82 / 1660 correspondences
I20261002 22:40:11.098229 10408 incremental_pipeline.cc:646] => Could not register, trying another image.
I20261002 22:40:11.098275 10408 incremental_pipeline.cc:620] Registering image #17 (num_reg_frames=5)
I20261002 22:40:11.098320 10408 incremental_pipeline.cc:623] => Image sees 49 / 226 points
I20261002 22:40:11.098365 10408 incremental_pipeline.cc:629] Registering image with structure-less fallback
I20261002 22:40:11.098412 10408 incremental_pipeline.cc:631] => Image sees 81 / 1652 correspondences
I20261002 22:40:11.098469 10408 incremental_pipeline.cc:646] => Could not register, trying another image.
I20261002 22:40:11.098515 10408 incremental_pipeline.cc:620] Registering image #45 (num_reg_frames=5)
I20261002 22:40:11.098561 10408 incremental_pipeline.cc:623] => Image sees 39 / 191 points
I20261002 22:40:11.098614 10408 incremental_pipeline.cc:629] Registering image with structure-less fallback
I20261002 22:40:11.098660 10408 incremental_pipeline.cc:631] => Image sees 75 / 1279 correspondences
I20261002 22:40:11.098717 10408 incremental_pipeline.cc:646] => Could not register, trying another image.
I20261002 22:40:11.098762 10408 incremental_pipeline.cc:620] Registering image #1 (num_reg_frames=5)
I20261002 22:40:11.098808 10408 incremental_pipeline.cc:623] => Image sees 33 / 215 points
I20261002 22:40:11.098854 10408 incremental_pipeline.cc:629] Registering image with structure-less fallback
I20261002 22:40:11.098901 10408 incremental_pipeline.cc:631] => Image sees 71 / 2922 correspondences
I20261002 22:40:11.098963 10408 incremental_pipeline.cc:646] => Could not register, trying another image.
I20261002 22:40:11.099009 10408 incremental_pipeline.cc:620] Registering image #12 (num_reg_frames=5)
I20261002 22:40:11.099054 10408 incremental_pipeline.cc:623] => Image sees 37 / 219 points
I20261002 22:40:11.099101 10408 incremental_pipeline.cc:629] Registering image with structure-less fallback
I20261002 22:40:11.099146 10408 incremental_pipeline.cc:631] => Image sees 69 / 1564 correspondences
I20261002 22:40:11.099259 10408 incremental_pipeline.cc:646] => Could not register, trying another image.
I20261002 22:40:11.099442 10408 incremental_pipeline.cc:620] Registering image #38 (num_reg_frames=5)
I20261002 22:40:11.099510 10408 incremental_pipeline.cc:623] => Image sees 57 / 192 points
I20261002 22:40:11.099561 10408 incremental_pipeline.cc:629] Registering image with structure-less fallback
I20261002 22:40:11.099608 10408 incremental_pipeline.cc:631] => Image sees 64 / 1004 correspondences
I20261002 22:40:11.099668 10408 incremental_pipeline.cc:646] => Could not register, trying another image.
I20261002 22:40:11.099715 10408 incremental_pipeline.cc:620] Registering image #24 (num_reg_frames=5)
I20261002 22:40:11.099762 10408 incremental_pipeline.cc:623] => Image sees 47 / 223 points
I20261002 22:40:11.099810 10408 incremental_pipeline.cc:629] Registering image with structure-less fallback
I20261002 22:40:11.099858 10408 incremental_pipeline.cc:631] => Image sees 52 / 1184 correspondences
I20261002 22:40:11.099905 10408 incremental_pipeline.cc:646] => Could not register, trying another image.
I20261002 22:40:11.099950 10408 incremental_pipeline.cc:620] Registering image #43 (num_reg_frames=5)
I20261002 22:40:11.099998 10408 incremental_pipeline.cc:623] => Image sees 45 / 189 points
I20261002 22:40:11.100044 10408 incremental_pipeline.cc:629] Registering image with structure-less fallback
I20261002 22:40:11.100091 10408 incremental_pipeline.cc:631] => Image sees 47 / 1219 correspondences
I20261002 22:40:11.100139 10408 incremental_pipeline.cc:646] => Could not register, trying another image.
I20261002 22:40:11.100185 10408 incremental_pipeline.cc:620] Registering image #19 (num_reg_frames=5)
I20261002 22:40:11.100231 10408 incremental_pipeline.cc:623] => Image sees 42 / 244 points
I20261002 22:40:11.100277 10408 incremental_pipeline.cc:629] Registering image with structure-less fallback
I20261002 22:40:11.100322 10408 incremental_pipeline.cc:631] => Image sees 46 / 1429 correspondences
I20261002 22:40:11.100368 10408 incremental_pipeline.cc:646] => Could not register, trying another image.
I20261002 22:40:11.100414 10408 incremental_pipeline.cc:620] Registering image #18 (num_reg_frames=5)
I20261002 22:40:11.100460 10408 incremental_pipeline.cc:623] => Image sees 39 / 232 points
I20261002 22:40:11.100507 10408 incremental_pipeline.cc:629] Registering image with structure-less fallback
I20261002 22:40:11.100553 10408 incremental_pipeline.cc:631] => Image sees 44 / 1485 correspondences
I20261002 22:40:11.100600 10408 incremental_pipeline.cc:646] => Could not register, trying another image.
I20261002 22:40:11.100647 10408 incremental_pipeline.cc:620] Registering image #53 (num_reg_frames=5)
I20261002 22:40:11.100693 10408 incremental_pipeline.cc:623] => Image sees 37 / 206 points
I20261002 22:40:11.100752 10408 incremental_pipeline.cc:629] Registering image with structure-less fallback
I20261002 22:40:11.100799 10408 incremental_pipeline.cc:631] => Image sees 42 / 3573 correspondences
I20261002 22:40:11.100846 10408 incremental_pipeline.cc:646] => Could not register, trying another image.
I20261002 22:40:11.100891 10408 incremental_pipeline.cc:620] Registering image #10 (num_reg_frames=5)
I20261002 22:40:11.100937 10408 incremental_pipeline.cc:623] => Image sees 34 / 239 points
I20261002 22:40:11.100983 10408 incremental_pipeline.cc:629] Registering image with structure-less fallback
I20261002 22:40:11.101029 10408 incremental_pipeline.cc:631] => Image sees 41 / 1665 correspondences
I20261002 22:40:11.101076 10408 incremental_pipeline.cc:646] => Could not register, trying another image.
I20261002 22:40:11.101121 10408 incremental_pipeline.cc:620] Registering image #42 (num_reg_frames=5)
I20261002 22:40:11.101167 10408 incremental_pipeline.cc:623] => Image sees 37 / 200 points
I20261002 22:40:11.101213 10408 incremental_pipeline.cc:629] Registering image with structure-less fallback
I20261002 22:40:11.101259 10408 incremental_pipeline.cc:631] => Image sees 41 / 1131 correspondences
I20261002 22:40:11.101387 10408 incremental_pipeline.cc:646] => Could not register, trying another image.
I20261002 22:40:11.101436 10408 incremental_pipeline.cc:620] Registering image #9 (num_reg_frames=5)
I20261002 22:40:11.101483 10408 incremental_pipeline.cc:623] => Image sees 36 / 251 points
I20261002 22:40:11.101530 10408 incremental_pipeline.cc:629] Registering image with structure-less fallback
I20261002 22:40:11.101578 10408 incremental_pipeline.cc:631] => Image sees 40 / 1589 correspondences
I20261002 22:40:11.101625 10408 incremental_pipeline.cc:646] => Could not register, trying another image.
I20261002 22:40:11.101672 10408 incremental_pipeline.cc:88] Retriangulation and Global bundle adjustment
I20261002 22:40:11.152157 10408 incremental_pipeline.cc:620] Registering image #11 (num_reg_frames=5)
I20261002 22:40:11.152416 10408 incremental_pipeline.cc:623] => Image sees 35 / 237 points
I20261002 22:40:11.152517 10408 incremental_pipeline.cc:646] => Could not register, trying another image.
I20261002 22:40:11.152583 10408 incremental_pipeline.cc:620] Registering image #1 (num_reg_frames=5)
I20261002 22:40:11.152644 10408 incremental_pipeline.cc:623] => Image sees 33 / 215 points
I20261002 22:40:11.152723 10408 incremental_pipeline.cc:646] => Could not register, trying another image.
I20261002 22:40:11.152787 10408 incremental_pipeline.cc:620] Registering image #10 (num_reg_frames=5)
I20261002 22:40:11.152845 10408 incremental_pipeline.cc:623] => Image sees 34 / 239 points
I20261002 22:40:11.152926 10408 incremental_pipeline.cc:646] => Could not register, trying another image.
I20261002 22:40:11.152993 10408 incremental_pipeline.cc:620] Registering image #6 (num_reg_frames=5)
I20261002 22:40:11.153056 10408 incremental_pipeline.cc:623] => Image sees 33 / 230 points
I20261002 22:40:11.153127 10408 incremental_pipeline.cc:646] => Could not register, trying another image.
I20261002 22:40:11.153186 10408 incremental_pipeline.cc:620] Registering image #5 (num_reg_frames=5)
I20261002 22:40:11.153247 10408 incremental_pipeline.cc:623] => Image sees 31 / 236 points
I20261002 22:40:11.153326 10408 incremental_pipeline.cc:646] => Could not register, trying another image.
I20261002 22:40:11.153395 10408 incremental_pipeline.cc:620] Registering image #48 (num_reg_frames=5)
I20261002 22:40:11.153461 10408 incremental_pipeline.cc:623] => Image sees 32 / 189 points
I20261002 22:40:11.153532 10408 incremental_pipeline.cc:646] => Could not register, trying another image.
I20261002 22:40:11.153592 10408 incremental_pipeline.cc:620] Registering image #35 (num_reg_frames=5)
I20261002 22:40:11.153650 10408 incremental_pipeline.cc:623] => Image sees 121 / 178 points
I20261002 22:40:11.153726 10408 incremental_pipeline.cc:646] => Could not register, trying another image.
I20261002 22:40:11.153783 10408 incremental_pipeline.cc:620] Registering image #34 (num_reg_frames=5)
I20261002 22:40:11.153918 10408 incremental_pipeline.cc:623] => Image sees 109 / 184 points
I20261002 22:40:11.154001 10408 incremental_pipeline.cc:646] => Could not register, trying another image.
I20261002 22:40:11.154063 10408 incremental_pipeline.cc:620] Registering image #29 (num_reg_frames=5)
I20261002 22:40:11.154123 10408 incremental_pipeline.cc:623] => Image sees 118 / 195 points
I20261002 22:40:11.154198 10408 incremental_pipeline.cc:646] => Could not register, trying another image.
I20261002 22:40:11.154259 10408 incremental_pipeline.cc:620] Registering image #39 (num_reg_frames=5)
I20261002 22:40:11.154380 10408 incremental_pipeline.cc:623] => Image sees 101 / 184 points
I20261002 22:40:11.154478 10408 incremental_pipeline.cc:646] => Could not register, trying another image.
I20261002 22:40:11.154536 10408 incremental_pipeline.cc:620] Registering image #27 (num_reg_frames=5)
I20261002 22:40:11.154888 10408 incremental_pipeline.cc:623] => Image sees 99 / 215 points
I20261002 22:40:11.154997 10408 incremental_pipeline.cc:646] => Could not register, trying another image.
I20261002 22:40:11.155070 10408 incremental_pipeline.cc:620] Registering image #28 (num_reg_frames=5)
I20261002 22:40:11.155140 10408 incremental_pipeline.cc:623] => Image sees 91 / 178 points
I20261002 22:40:11.155213 10408 incremental_pipeline.cc:646] => Could not register, trying another image.
I20261002 22:40:11.155273 10408 incremental_pipeline.cc:620] Registering image #36 (num_reg_frames=5)
I20261002 22:40:11.155332 10408 incremental_pipeline.cc:623] => Image sees 84 / 180 points
I20261002 22:40:11.155402 10408 incremental_pipeline.cc:646] => Could not register, trying another image.
I20261002 22:40:11.155470 10408 incremental_pipeline.cc:620] Registering image #46 (num_reg_frames=5)
I20261002 22:40:11.155529 10408 incremental_pipeline.cc:623] => Image sees 82 / 214 points
I20261002 22:40:11.155607 10408 incremental_pipeline.cc:646] => Could not register, trying another image.
I20261002 22:40:11.155667 10408 incremental_pipeline.cc:620] Registering image #40 (num_reg_frames=5)
I20261002 22:40:11.155726 10408 incremental_pipeline.cc:623] => Image sees 75 / 225 points
I20261002 22:40:11.155797 10408 incremental_pipeline.cc:646] => Could not register, trying another image.
I20261002 22:40:11.155856 10408 incremental_pipeline.cc:620] Registering image #25 (num_reg_frames=5)
I20261002 22:40:11.155914 10408 incremental_pipeline.cc:623] => Image sees 78 / 196 points
I20261002 22:40:11.155984 10408 incremental_pipeline.cc:646] => Could not register, trying another image.
I20261002 22:40:11.156072 10408 incremental_pipeline.cc:620] Registering image #26 (num_reg_frames=5)
I20261002 22:40:11.156131 10408 incremental_pipeline.cc:623] => Image sees 75 / 233 points
I20261002 22:40:11.156200 10408 incremental_pipeline.cc:646] => Could not register, trying another image.
I20261002 22:40:11.156259 10408 incremental_pipeline.cc:620] Registering image #41 (num_reg_frames=5)
I20261002 22:40:11.156318 10408 incremental_pipeline.cc:623] => Image sees 67 / 203 points
I20261002 22:40:11.156398 10408 incremental_pipeline.cc:646] => Could not register, trying another image.
I20261002 22:40:11.156446 10408 incremental_pipeline.cc:620] Registering image #21 (num_reg_frames=5)
I20261002 22:40:11.156491 10408 incremental_pipeline.cc:623] => Image sees 65 / 264 points
I20261002 22:40:11.156558 10408 incremental_pipeline.cc:646] => Could not register, trying another image.
I20261002 22:40:11.156604 10408 incremental_pipeline.cc:620] Registering image #22 (num_reg_frames=5)
I20261002 22:40:11.156650 10408 incremental_pipeline.cc:623] => Image sees 54 / 248 points
I20261002 22:40:11.156706 10408 incremental_pipeline.cc:646] => Could not register, trying another image.
I20261002 22:40:11.156751 10408 incremental_pipeline.cc:620] Registering image #38 (num_reg_frames=5)
I20261002 22:40:11.156797 10408 incremental_pipeline.cc:623] => Image sees 57 / 192 points
I20261002 22:40:11.156852 10408 incremental_pipeline.cc:646] => Could not register, trying another image.
I20261002 22:40:11.156907 10408 incremental_pipeline.cc:620] Registering image #23 (num_reg_frames=5)
I20261002 22:40:11.156952 10408 incremental_pipeline.cc:623] => Image sees 59 / 218 points
I20261002 22:40:11.157008 10408 incremental_pipeline.cc:646] => Could not register, trying another image.
I20261002 22:40:11.157053 10408 incremental_pipeline.cc:620] Registering image #17 (num_reg_frames=5)
I20261002 22:40:11.157098 10408 incremental_pipeline.cc:623] => Image sees 49 / 226 points
I20261002 22:40:11.157155 10408 incremental_pipeline.cc:646] => Could not register, trying another image.
I20261002 22:40:11.157289 10408 incremental_pipeline.cc:620] Registering image #7 (num_reg_frames=5)
I20261002 22:40:11.157361 10408 incremental_pipeline.cc:623] => Image sees 43 / 234 points
I20261002 22:40:11.157431 10408 incremental_pipeline.cc:646] => Could not register, trying another image.
I20261002 22:40:11.157478 10408 incremental_pipeline.cc:620] Registering image #24 (num_reg_frames=5)
I20261002 22:40:11.157524 10408 incremental_pipeline.cc:623] => Image sees 47 / 223 points
I20261002 22:40:11.157584 10408 incremental_pipeline.cc:646] => Could not register, trying another image.
I20261002 22:40:11.157630 10408 incremental_pipeline.cc:620] Registering image #14 (num_reg_frames=5)
I20261002 22:40:11.157676 10408 incremental_pipeline.cc:623] => Image sees 48 / 246 points
I20261002 22:40:11.157739 10408 incremental_pipeline.cc:646] => Could not register, trying another image.
I20261002 22:40:11.157785 10408 incremental_pipeline.cc:620] Registering image #15 (num_reg_frames=5)
I20261002 22:40:11.157831 10408 incremental_pipeline.cc:623] => Image sees 46 / 243 points
I20261002 22:40:11.157897 10408 incremental_pipeline.cc:646] => Could not register, trying another image.
I20261002 22:40:11.157944 10408 incremental_pipeline.cc:620] Registering image #43 (num_reg_frames=5)
I20261002 22:40:11.157989 10408 incremental_pipeline.cc:623] => Image sees 45 / 189 points
I20261002 22:40:11.158046 10408 incremental_pipeline.cc:646] => Could not register, trying another image.
I20261002 22:40:11.158090 10408 incremental_pipeline.cc:620] Registering image #19 (num_reg_frames=5)
I20261002 22:40:11.158136 10408 incremental_pipeline.cc:623] => Image sees 42 / 244 points
I20261002 22:40:11.158193 10408 incremental_pipeline.cc:646] => Could not register, trying another image.
I20261002 22:40:11.158241 10408 incremental_pipeline.cc:620] Registering image #12 (num_reg_frames=5)
I20261002 22:40:11.158286 10408 incremental_pipeline.cc:623] => Image sees 37 / 219 points
I20261002 22:40:11.158349 10408 incremental_pipeline.cc:646] => Could not register, trying another image.
I20261002 22:40:11.158395 10408 incremental_pipeline.cc:620] Registering image #18 (num_reg_frames=5)
I20261002 22:40:11.158441 10408 incremental_pipeline.cc:623] => Image sees 39 / 232 points
I20261002 22:40:11.158498 10408 incremental_pipeline.cc:646] => Could not register, trying another image.
I20261002 22:40:11.158549 10408 incremental_pipeline.cc:620] Registering image #20 (num_reg_frames=5)
I20261002 22:40:11.158595 10408 incremental_pipeline.cc:623] => Image sees 35 / 239 points
I20261002 22:40:11.158641 10408 incremental_pipeline.cc:629] Registering image with structure-less fallback
I20261002 22:40:11.158689 10408 incremental_pipeline.cc:631] => Image sees 39 / 1474 correspondences
I20261002 22:40:11.158735 10408 incremental_pipeline.cc:646] => Could not register, trying another image.
I20261002 22:40:11.158781 10408 incremental_pipeline.cc:620] Registering image #11 (num_reg_frames=5)
I20261002 22:40:11.158833 10408 incremental_pipeline.cc:623] => Image sees 35 / 237 points
I20261002 22:40:11.158879 10408 incremental_pipeline.cc:629] Registering image with structure-less fallback
I20261002 22:40:11.158924 10408 incremental_pipeline.cc:631] => Image sees 39 / 1651 correspondences
I20261002 22:40:11.158970 10408 incremental_pipeline.cc:646] => Could not register, trying another image.
I20261002 22:40:11.159015 10408 incremental_pipeline.cc:620] Registering image #50 (num_reg_frames=5)
I20261002 22:40:11.159069 10408 incremental_pipeline.cc:623] => Image sees 37 / 201 points
I20261002 22:40:11.159118 10408 incremental_pipeline.cc:629] Registering image with structure-less fallback
I20261002 22:40:11.159164 10408 incremental_pipeline.cc:631] => Image sees 38 / 1131 correspondences
I20261002 22:40:11.159211 10408 incremental_pipeline.cc:646] => Could not register, trying another image.
I20261002 22:40:11.159256 10408 incremental_pipeline.cc:620] Registering image #6 (num_reg_frames=5)
I20261002 22:40:11.159309 10408 incremental_pipeline.cc:623] => Image sees 33 / 230 points
I20261002 22:40:11.159354 10408 incremental_pipeline.cc:629] Registering image with structure-less fallback
I20261002 22:40:11.159400 10408 incremental_pipeline.cc:631] => Image sees 37 / 1520 correspondences
I20261002 22:40:11.159445 10408 incremental_pipeline.cc:646] => Could not register, trying another image.
I20261002 22:40:11.159490 10408 incremental_pipeline.cc:620] Registering image #5 (num_reg_frames=5)
I20261002 22:40:11.159536 10408 incremental_pipeline.cc:623] => Image sees 31 / 236 points
I20261002 22:40:11.159584 10408 incremental_pipeline.cc:629] Registering image with structure-less fallback
I20261002 22:40:11.159632 10408 incremental_pipeline.cc:631] => Image sees 35 / 1345 correspondences
I20261002 22:40:11.159677 10408 incremental_pipeline.cc:646] => Could not register, trying another image.
I20261002 22:40:11.159722 10408 incremental_pipeline.cc:620] Registering image #48 (num_reg_frames=5)
I20261002 22:40:11.159768 10408 incremental_pipeline.cc:623] => Image sees 32 / 189 points
I20261002 22:40:11.159820 10408 incremental_pipeline.cc:629] Registering image with structure-less fallback
I20261002 22:40:11.159866 10408 incremental_pipeline.cc:631] => Image sees 34 / 1283 correspondences
I20261002 22:40:11.159912 10408 incremental_pipeline.cc:646] => Could not register, trying another image.
I20261002 22:40:11.159958 10408 incremental_pipeline.cc:620] Registering image #35 (num_reg_frames=5)
I20261002 22:40:11.160003 10408 incremental_pipeline.cc:623] => Image sees 121 / 178 points
I20261002 22:40:11.160049 10408 incremental_pipeline.cc:629] Registering image with structure-less fallback
I20261002 22:40:11.160097 10408 incremental_pipeline.cc:631] => Image sees 316 / 981 correspondences
I20261002 22:40:11.160330 10408 incremental_pipeline.cc:646] => Could not register, trying another image.
I20261002 22:40:11.160539 10408 incremental_pipeline.cc:620] Registering image #29 (num_reg_frames=5)
I20261002 22:40:11.160594 10408 incremental_pipeline.cc:623] => Image sees 118 / 195 points
I20261002 22:40:11.160643 10408 incremental_pipeline.cc:629] Registering image with structure-less fallback
I20261002 22:40:11.160690 10408 incremental_pipeline.cc:631] => Image sees 311 / 911 correspondences
I20261002 22:40:11.160748 10408 incremental_pipeline.cc:646] => Could not register, trying another image.
I20261002 22:40:11.160793 10408 incremental_pipeline.cc:620] Registering image #34 (num_reg_frames=5)
I20261002 22:40:11.160839 10408 incremental_pipeline.cc:623] => Image sees 109 / 184 points
I20261002 22:40:11.160885 10408 incremental_pipeline.cc:629] Registering image with structure-less fallback
I20261002 22:40:11.160930 10408 incremental_pipeline.cc:631] => Image sees 286 / 1105 correspondences
I20261002 22:40:11.160988 10408 incremental_pipeline.cc:646] => Could not register, trying another image.
I20261002 22:40:11.161032 10408 incremental_pipeline.cc:620] Registering image #28 (num_reg_frames=5)
I20261002 22:40:11.161078 10408 incremental_pipeline.cc:623] => Image sees 91 / 178 points
I20261002 22:40:11.161125 10408 incremental_pipeline.cc:629] Registering image with structure-less fallback
I20261002 22:40:11.161170 10408 incremental_pipeline.cc:631] => Image sees 258 / 1053 correspondences
I20261002 22:40:11.161226 10408 incremental_pipeline.cc:646] => Could not register, trying another image.
I20261002 22:40:11.161272 10408 incremental_pipeline.cc:620] Registering image #27 (num_reg_frames=5)
I20261002 22:40:11.161325 10408 incremental_pipeline.cc:623] => Image sees 99 / 215 points
I20261002 22:40:11.161373 10408 incremental_pipeline.cc:629] Registering image with structure-less fallback
I20261002 22:40:11.161418 10408 incremental_pipeline.cc:631] => Image sees 222 / 1180 correspondences
I20261002 22:40:11.161475 10408 incremental_pipeline.cc:646] => Could not register, trying another image.
I20261002 22:40:11.161520 10408 incremental_pipeline.cc:620] Registering image #21 (num_reg_frames=5)
I20261002 22:40:11.161565 10408 incremental_pipeline.cc:623] => Image sees 65 / 264 points
I20261002 22:40:11.161611 10408 incremental_pipeline.cc:629] Registering image with structure-less fallback
I20261002 22:40:11.161656 10408 incremental_pipeline.cc:631] => Image sees 220 / 3649 correspondences
I20261002 22:40:11.161723 10408 incremental_pipeline.cc:646] => Could not register, trying another image.
I20261002 22:40:11.161768 10408 incremental_pipeline.cc:620] Registering image #36 (num_reg_frames=5)
I20261002 22:40:11.161816 10408 incremental_pipeline.cc:623] => Image sees 84 / 180 points
I20261002 22:40:11.161862 10408 incremental_pipeline.cc:629] Registering image with structure-less fallback
I20261002 22:40:11.161908 10408 incremental_pipeline.cc:631] => Image sees 201 / 1087 correspondences
I20261002 22:40:11.161965 10408 incremental_pipeline.cc:646] => Could not register, trying another image.
I20261002 22:40:11.162009 10408 incremental_pipeline.cc:620] Registering image #46 (num_reg_frames=5)
I20261002 22:40:11.162056 10408 incremental_pipeline.cc:623] => Image sees 82 / 214 points
I20261002 22:40:11.162101 10408 incremental_pipeline.cc:629] Registering image with structure-less fallback
I20261002 22:40:11.162147 10408 incremental_pipeline.cc:631] => Image sees 197 / 2680 correspondences
I20261002 22:40:11.162210 10408 incremental_pipeline.cc:646] => Could not register, trying another image.
I20261002 22:40:11.162255 10408 incremental_pipeline.cc:620] Registering image #39 (num_reg_frames=5)
I20261002 22:40:11.162300 10408 incremental_pipeline.cc:623] => Image sees 101 / 184 points
I20261002 22:40:11.162346 10408 incremental_pipeline.cc:629] Registering image with structure-less fallback
I20261002 22:40:11.162391 10408 incremental_pipeline.cc:631] => Image sees 171 / 994 correspondences
I20261002 22:40:11.162447 10408 incremental_pipeline.cc:646] => Could not register, trying another image.
I20261002 22:40:11.162493 10408 incremental_pipeline.cc:620] Registering image #7 (num_reg_frames=5)
I20261002 22:40:11.162650 10408 incremental_pipeline.cc:623] => Image sees 43 / 234 points
I20261002 22:40:11.162779 10408 incremental_pipeline.cc:629] Registering image with structure-less fallback
I20261002 22:40:11.162837 10408 incremental_pipeline.cc:631] => Image sees 133 / 3395 correspondences
I20261002 22:40:11.162903 10408 incremental_pipeline.cc:646] => Could not register, trying another image.
I20261002 22:40:11.162950 10408 incremental_pipeline.cc:620] Registering image #26 (num_reg_frames=5)
I20261002 22:40:11.162997 10408 incremental_pipeline.cc:623] => Image sees 75 / 233 points
I20261002 22:40:11.163043 10408 incremental_pipeline.cc:629] Registering image with structure-less fallback
I20261002 22:40:11.163089 10408 incremental_pipeline.cc:631] => Image sees 132 / 1178 correspondences
I20261002 22:40:11.163145 10408 incremental_pipeline.cc:646] => Could not register, trying another image.
I20261002 22:40:11.163189 10408 incremental_pipeline.cc:620] Registering image #40 (num_reg_frames=5)
I20261002 22:40:11.163235 10408 incremental_pipeline.cc:623] => Image sees 75 / 225 points
I20261002 22:40:11.163280 10408 incremental_pipeline.cc:629] Registering image with structure-less fallback
I20261002 22:40:11.163325 10408 incremental_pipeline.cc:631] => Image sees 130 / 1131 correspondences
I20261002 22:40:11.163381 10408 incremental_pipeline.cc:646] => Could not register, trying another image.
I20261002 22:40:11.163426 10408 incremental_pipeline.cc:620] Registering image #41 (num_reg_frames=5)
I20261002 22:40:11.163479 10408 incremental_pipeline.cc:623] => Image sees 67 / 203 points
I20261002 22:40:11.163525 10408 incremental_pipeline.cc:629] Registering image with structure-less fallback
I20261002 22:40:11.163571 10408 incremental_pipeline.cc:631] => Image sees 112 / 1138 correspondences
I20261002 22:40:11.163628 10408 incremental_pipeline.cc:646] => Could not register, trying another image.
I20261002 22:40:11.163675 10408 incremental_pipeline.cc:620] Registering image #23 (num_reg_frames=5)
I20261002 22:40:11.163720 10408 incremental_pipeline.cc:623] => Image sees 59 / 218 points
I20261002 22:40:11.163766 10408 incremental_pipeline.cc:629] Registering image with structure-less fallback
I20261002 22:40:11.163812 10408 incremental_pipeline.cc:631] => Image sees 111 / 1265 correspondences
I20261002 22:40:11.163868 10408 incremental_pipeline.cc:646] => Could not register, trying another image.
I20261002 22:40:11.163913 10408 incremental_pipeline.cc:620] Registering image #22 (num_reg_frames=5)
I20261002 22:40:11.163961 10408 incremental_pipeline.cc:623] => Image sees 54 / 248 points
I20261002 22:40:11.164007 10408 incremental_pipeline.cc:629] Registering image with structure-less fallback
I20261002 22:40:11.164053 10408 incremental_pipeline.cc:631] => Image sees 94 / 1387 correspondences
I20261002 22:40:11.164109 10408 incremental_pipeline.cc:646] => Could not register, trying another image.
I20261002 22:40:11.164154 10408 incremental_pipeline.cc:620] Registering image #25 (num_reg_frames=5)
I20261002 22:40:11.164199 10408 incremental_pipeline.cc:623] => Image sees 78 / 196 points
I20261002 22:40:11.164244 10408 incremental_pipeline.cc:629] Registering image with structure-less fallback
I20261002 22:40:11.164290 10408 incremental_pipeline.cc:631] => Image sees 92 / 974 correspondences
I20261002 22:40:11.164344 10408 incremental_pipeline.cc:646] => Could not register, trying another image.
I20261002 22:40:11.164390 10408 incremental_pipeline.cc:620] Registering image #14 (num_reg_frames=5)
I20261002 22:40:11.164436 10408 incremental_pipeline.cc:623] => Image sees 48 / 246 points
I20261002 22:40:11.164481 10408 incremental_pipeline.cc:629] Registering image with structure-less fallback
I20261002 22:40:11.164527 10408 incremental_pipeline.cc:631] => Image sees 83 / 1485 correspondences
I20261002 22:40:11.164583 10408 incremental_pipeline.cc:646] => Could not register, trying another image.
I20261002 22:40:11.164629 10408 incremental_pipeline.cc:620] Registering image #15 (num_reg_frames=5)
I20261002 22:40:11.164675 10408 incremental_pipeline.cc:623] => Image sees 46 / 243 points
I20261002 22:40:11.164721 10408 incremental_pipeline.cc:629] Registering image with structure-less fallback
I20261002 22:40:11.164766 10408 incremental_pipeline.cc:631] => Image sees 82 / 1660 correspondences
I20261002 22:40:11.164823 10408 incremental_pipeline.cc:646] => Could not register, trying another image.
I20261002 22:40:11.164868 10408 incremental_pipeline.cc:620] Registering image #17 (num_reg_frames=5)
I20261002 22:40:11.164913 10408 incremental_pipeline.cc:623] => Image sees 49 / 226 points
I20261002 22:40:11.164959 10408 incremental_pipeline.cc:629] Registering image with structure-less fallback
I20261002 22:40:11.165004 10408 incremental_pipeline.cc:631] => Image sees 81 / 1652 correspondences
I20261002 22:40:11.165060 10408 incremental_pipeline.cc:646] => Could not register, trying another image.
I20261002 22:40:11.165105 10408 incremental_pipeline.cc:620] Registering image #45 (num_reg_frames=5)
I20261002 22:40:11.165151 10408 incremental_pipeline.cc:623] => Image sees 39 / 191 points
I20261002 22:40:11.165196 10408 incremental_pipeline.cc:629] Registering image with structure-less fallback
I20261002 22:40:11.165242 10408 incremental_pipeline.cc:631] => Image sees 75 / 1279 correspondences
I20261002 22:40:11.165297 10408 incremental_pipeline.cc:646] => Could not register, trying another image.
I20261002 22:40:11.165342 10408 incremental_pipeline.cc:620] Registering image #1 (num_reg_frames=5)
I20261002 22:40:11.165387 10408 incremental_pipeline.cc:623] => Image sees 33 / 215 points
I20261002 22:40:11.165439 10408 incremental_pipeline.cc:629] Registering image with structure-less fallback
I20261002 22:40:11.165485 10408 incremental_pipeline.cc:631] => Image sees 71 / 2922 correspondences
I20261002 22:40:11.165546 10408 incremental_pipeline.cc:646] => Could not register, trying another image.
I20261002 22:40:11.165591 10408 incremental_pipeline.cc:620] Registering image #12 (num_reg_frames=5)
I20261002 22:40:11.165637 10408 incremental_pipeline.cc:623] => Image sees 37 / 219 points
I20261002 22:40:11.165682 10408 incremental_pipeline.cc:629] Registering image with structure-less fallback
I20261002 22:40:11.165727 10408 incremental_pipeline.cc:631] => Image sees 69 / 1564 correspondences
I20261002 22:40:11.165783 10408 incremental_pipeline.cc:646] => Could not register, trying another image.
I20261002 22:40:11.165827 10408 incremental_pipeline.cc:620] Registering image #38 (num_reg_frames=5)
I20261002 22:40:11.165875 10408 incremental_pipeline.cc:623] => Image sees 57 / 192 points
I20261002 22:40:11.165920 10408 incremental_pipeline.cc:629] Registering image with structure-less fallback
I20261002 22:40:11.165966 10408 incremental_pipeline.cc:631] => Image sees 64 / 1004 correspondences
I20261002 22:40:11.166023 10408 incremental_pipeline.cc:646] => Could not register, trying another image.
I20261002 22:40:11.166068 10408 incremental_pipeline.cc:620] Registering image #24 (num_reg_frames=5)
I20261002 22:40:11.166117 10408 incremental_pipeline.cc:623] => Image sees 47 / 223 points
I20261002 22:40:11.166163 10408 incremental_pipeline.cc:629] Registering image with structure-less fallback
I20261002 22:40:11.166208 10408 incremental_pipeline.cc:631] => Image sees 52 / 1184 correspondences
I20261002 22:40:11.166253 10408 incremental_pipeline.cc:646] => Could not register, trying another image.
I20261002 22:40:11.166298 10408 incremental_pipeline.cc:620] Registering image #43 (num_reg_frames=5)
I20261002 22:40:11.166344 10408 incremental_pipeline.cc:623] => Image sees 45 / 189 points
I20261002 22:40:11.166390 10408 incremental_pipeline.cc:629] Registering image with structure-less fallback
I20261002 22:40:11.166435 10408 incremental_pipeline.cc:631] => Image sees 47 / 1219 correspondences
I20261002 22:40:11.166482 10408 incremental_pipeline.cc:646] => Could not register, trying another image.
W20261002 22:40:11.166528 10408 incremental_pipeline.cc:821] Discarding reconstruction due to insufficient size
I20261002 22:40:11.168377 10408 incremental_pipeline.cc:465] Finding good initial image pair
I20261002 22:40:11.188001 10408 incremental_pipeline.cc:492] Registering initial image pair #81 and #93
I20261002 22:40:11.189055 10408 incremental_pipeline.cc:510] Global bundle adjustment
I20261002 22:40:11.199190 10408 incremental_pipeline.cc:620] Registering image #90 (num_reg_frames=2)
I20261002 22:40:11.199590 10408 incremental_pipeline.cc:623] => Image sees 92 / 173 points
I20261002 22:40:11.214622 10408 incremental_pipeline.cc:88] Retriangulation and Global bundle adjustment
I20261002 22:40:11.250197 10408 incremental_pipeline.cc:620] Registering image #87 (num_reg_frames=3)
I20261002 22:40:11.250592 10408 incremental_pipeline.cc:623] => Image sees 117 / 169 points
I20261002 22:40:11.250999 10408 incremental_pipeline.cc:646] => Could not register, trying another image.
I20261002 22:40:11.251355 10408 incremental_pipeline.cc:620] Registering image #92 (num_reg_frames=3)
I20261002 22:40:11.251718 10408 incremental_pipeline.cc:623] => Image sees 121 / 167 points
I20261002 22:40:11.252057 10408 incremental_pipeline.cc:646] => Could not register, trying another image.
I20261002 22:40:11.252295 10408 incremental_pipeline.cc:620] Registering image #91 (num_reg_frames=3)
I20261002 22:40:11.252440 10408 incremental_pipeline.cc:623] => Image sees 114 / 170 points
I20261002 22:40:11.252623 10408 incremental_pipeline.cc:646] => Could not register, trying another image.
I20261002 22:40:11.252750 10408 incremental_pipeline.cc:620] Registering image #85 (num_reg_frames=3)
I20261002 22:40:11.252901 10408 incremental_pipeline.cc:623] => Image sees 111 / 166 points
I20261002 22:40:11.253053 10408 incremental_pipeline.cc:646] => Could not register, trying another image.
I20261002 22:40:11.253177 10408 incremental_pipeline.cc:620] Registering image #86 (num_reg_frames=3)
I20261002 22:40:11.253300 10408 incremental_pipeline.cc:623] => Image sees 111 / 167 points
I20261002 22:40:11.253449 10408 incremental_pipeline.cc:646] => Could not register, trying another image.
I20261002 22:40:11.253570 10408 incremental_pipeline.cc:620] Registering image #83 (num_reg_frames=3)
I20261002 22:40:11.253691 10408 incremental_pipeline.cc:623] => Image sees 103 / 161 points
I20261002 22:40:11.253840 10408 incremental_pipeline.cc:646] => Could not register, trying another image.
I20261002 22:40:11.253961 10408 incremental_pipeline.cc:620] Registering image #84 (num_reg_frames=3)
I20261002 22:40:11.254082 10408 incremental_pipeline.cc:623] => Image sees 96 / 175 points
I20261002 22:40:11.254233 10408 incremental_pipeline.cc:646] => Could not register, trying another image.
I20261002 22:40:11.254354 10408 incremental_pipeline.cc:620] Registering image #77 (num_reg_frames=3)
I20261002 22:40:11.254476 10408 incremental_pipeline.cc:623] => Image sees 97 / 156 points
I20261002 22:40:11.254621 10408 incremental_pipeline.cc:646] => Could not register, trying another image.
I20261002 22:40:11.254741 10408 incremental_pipeline.cc:620] Registering image #82 (num_reg_frames=3)
I20261002 22:40:11.254862 10408 incremental_pipeline.cc:623] => Image sees 93 / 174 points
I20261002 22:40:11.255007 10408 incremental_pipeline.cc:646] => Could not register, trying another image.
I20261002 22:40:11.255127 10408 incremental_pipeline.cc:620] Registering image #89 (num_reg_frames=3)
I20261002 22:40:11.255248 10408 incremental_pipeline.cc:623] => Image sees 95 / 145 points
I20261002 22:40:11.255393 10408 incremental_pipeline.cc:646] => Could not register, trying another image.
I20261002 22:40:11.255513 10408 incremental_pipeline.cc:620] Registering image #79 (num_reg_frames=3)
I20261002 22:40:11.255633 10408 incremental_pipeline.cc:623] => Image sees 89 / 170 points
I20261002 22:40:11.255778 10408 incremental_pipeline.cc:646] => Could not register, trying another image.
I20261002 22:40:11.255898 10408 incremental_pipeline.cc:620] Registering image #88 (num_reg_frames=3)
I20261002 22:40:11.256018 10408 incremental_pipeline.cc:623] => Image sees 92 / 146 points
I20261002 22:40:11.256160 10408 incremental_pipeline.cc:646] => Could not register, trying another image.
I20261002 22:40:11.256280 10408 incremental_pipeline.cc:620] Registering image #80 (num_reg_frames=3)
I20261002 22:40:11.256401 10408 incremental_pipeline.cc:623] => Image sees 83 / 168 points
I20261002 22:40:11.256545 10408 incremental_pipeline.cc:646] => Could not register, trying another image.
I20261002 22:40:11.256665 10408 incremental_pipeline.cc:620] Registering image #78 (num_reg_frames=3)
I20261002 22:40:11.256785 10408 incremental_pipeline.cc:623] => Image sees 79 / 167 points
I20261002 22:40:11.256928 10408 incremental_pipeline.cc:646] => Could not register, trying another image.
I20261002 22:40:11.257048 10408 incremental_pipeline.cc:620] Registering image #72 (num_reg_frames=3)
I20261002 22:40:11.257266 10408 incremental_pipeline.cc:623] => Image sees 76 / 202 points
I20261002 22:40:11.257554 10408 incremental_pipeline.cc:646] => Could not register, trying another image.
I20261002 22:40:11.257703 10408 incremental_pipeline.cc:620] Registering image #96 (num_reg_frames=3)
I20261002 22:40:11.257836 10408 incremental_pipeline.cc:623] => Image sees 81 / 141 points
I20261002 22:40:11.257986 10408 incremental_pipeline.cc:646] => Could not register, trying another image.
I20261002 22:40:11.258112 10408 incremental_pipeline.cc:620] Registering image #94 (num_reg_frames=3)
I20261002 22:40:11.258236 10408 incremental_pipeline.cc:623] => Image sees 72 / 152 points
I20261002 22:40:11.258378 10408 incremental_pipeline.cc:646] => Could not register, trying another image.
I20261002 22:40:11.258519 10408 incremental_pipeline.cc:620] Registering image #95 (num_reg_frames=3)
I20261002 22:40:11.258641 10408 incremental_pipeline.cc:623] => Image sees 71 / 159 points
I20261002 22:40:11.258781 10408 incremental_pipeline.cc:646] => Could not register, trying another image.
I20261002 22:40:11.258902 10408 incremental_pipeline.cc:620] Registering image #71 (num_reg_frames=3)
I20261002 22:40:11.259022 10408 incremental_pipeline.cc:623] => Image sees 70 / 157 points
I20261002 22:40:11.259166 10408 incremental_pipeline.cc:646] => Could not register, trying another image.
I20261002 22:40:11.259286 10408 incremental_pipeline.cc:620] Registering image #75 (num_reg_frames=3)
I20261002 22:40:11.259407 10408 incremental_pipeline.cc:623] => Image sees 60 / 179 points
I20261002 22:40:11.259549 10408 incremental_pipeline.cc:646] => Could not register, trying another image.
I20261002 22:40:11.259674 10408 incremental_pipeline.cc:620] Registering image #76 (num_reg_frames=3)
I20261002 22:40:11.259892 10408 incremental_pipeline.cc:623] => Image sees 57 / 153 points
I20261002 22:40:11.260103 10408 incremental_pipeline.cc:646] => Could not register, trying another image.
I20261002 22:40:11.260247 10408 incremental_pipeline.cc:620] Registering image #74 (num_reg_frames=3)
I20261002 22:40:11.260380 10408 incremental_pipeline.cc:623] => Image sees 61 / 187 points
I20261002 22:40:11.260535 10408 incremental_pipeline.cc:646] => Could not register, trying another image.
I20261002 22:40:11.260662 10408 incremental_pipeline.cc:620] Registering image #70 (num_reg_frames=3)
I20261002 22:40:11.260787 10408 incremental_pipeline.cc:623] => Image sees 56 / 167 points
I20261002 22:40:11.260931 10408 incremental_pipeline.cc:646] => Could not register, trying another image.
I20261002 22:40:11.261053 10408 incremental_pipeline.cc:620] Registering image #63 (num_reg_frames=3)
I20261002 22:40:11.261174 10408 incremental_pipeline.cc:623] => Image sees 46 / 188 points
I20261002 22:40:11.261343 10408 incremental_pipeline.cc:646] => Could not register, trying another image.
I20261002 22:40:11.261465 10408 incremental_pipeline.cc:620] Registering image #67 (num_reg_frames=3)
I20261002 22:40:11.261585 10408 incremental_pipeline.cc:623] => Image sees 43 / 172 points
I20261002 22:40:11.261726 10408 incremental_pipeline.cc:646] => Could not register, trying another image.
I20261002 22:40:11.261846 10408 incremental_pipeline.cc:620] Registering image #73 (num_reg_frames=3)
I20261002 22:40:11.261967 10408 incremental_pipeline.cc:623] => Image sees 47 / 173 points
I20261002 22:40:11.262111 10408 incremental_pipeline.cc:646] => Could not register, trying another image.
I20261002 22:40:11.262231 10408 incremental_pipeline.cc:620] Registering image #68 (num_reg_frames=3)
I20261002 22:40:11.262351 10408 incremental_pipeline.cc:623] => Image sees 40 / 167 points
I20261002 22:40:11.262493 10408 incremental_pipeline.cc:646] => Could not register, trying another image.
I20261002 22:40:11.262615 10408 incremental_pipeline.cc:620] Registering image #57 (num_reg_frames=3)
I20261002 22:40:11.262737 10408 incremental_pipeline.cc:623] => Image sees 38 / 186 points
I20261002 22:40:11.262880 10408 incremental_pipeline.cc:646] => Could not register, trying another image.
I20261002 22:40:11.263000 10408 incremental_pipeline.cc:620] Registering image #66 (num_reg_frames=3)
I20261002 22:40:11.263120 10408 incremental_pipeline.cc:623] => Image sees 39 / 174 points
I20261002 22:40:11.263360 10408 incremental_pipeline.cc:646] => Could not register, trying another image.
I20261002 22:40:11.263589 10408 incremental_pipeline.cc:620] Registering image #69 (num_reg_frames=3)
I20261002 22:40:11.263739 10408 incremental_pipeline.cc:623] => Image sees 36 / 192 points
I20261002 22:40:11.263896 10408 incremental_pipeline.cc:646] => Could not register, trying another image.
I20261002 22:40:11.264026 10408 incremental_pipeline.cc:620] Registering image #53 (num_reg_frames=3)
I20261002 22:40:11.264154 10408 incremental_pipeline.cc:623] => Image sees 38 / 206 points
I20261002 22:40:11.264325 10408 incremental_pipeline.cc:646] => Could not register, trying another image.
I20261002 22:40:11.264477 10408 incremental_pipeline.cc:620] Registering image #87 (num_reg_frames=3)
I20261002 22:40:11.264602 10408 incremental_pipeline.cc:623] => Image sees 117 / 169 points
I20261002 22:40:11.264728 10408 incremental_pipeline.cc:629] Registering image with structure-less fallback
I20261002 22:40:11.264961 10408 incremental_pipeline.cc:631] => Image sees 366 / 1234 correspondences
I20261002 22:40:11.265146 10408 incremental_pipeline.cc:646] => Could not register, trying another image.
I20261002 22:40:11.265287 10408 incremental_pipeline.cc:620] Registering image #92 (num_reg_frames=3)
I20261002 22:40:11.265419 10408 incremental_pipeline.cc:623] => Image sees 121 / 167 points
I20261002 22:40:11.265548 10408 incremental_pipeline.cc:629] Registering image with structure-less fallback
I20261002 22:40:11.265678 10408 incremental_pipeline.cc:631] => Image sees 366 / 1173 correspondences
I20261002 22:40:11.265830 10408 incremental_pipeline.cc:646] => Could not register, trying another image.
I20261002 22:40:11.265954 10408 incremental_pipeline.cc:620] Registering image #91 (num_reg_frames=3)
I20261002 22:40:11.266076 10408 incremental_pipeline.cc:623] => Image sees 114 / 170 points
I20261002 22:40:11.266198 10408 incremental_pipeline.cc:629] Registering image with structure-less fallback
I20261002 22:40:11.266319 10408 incremental_pipeline.cc:631] => Image sees 342 / 3077 correspondences
I20261002 22:40:11.266486 10408 incremental_pipeline.cc:646] => Could not register, trying another image.
I20261002 22:40:11.266607 10408 incremental_pipeline.cc:620] Registering image #85 (num_reg_frames=3)
I20261002 22:40:11.266727 10408 incremental_pipeline.cc:623] => Image sees 111 / 166 points
I20261002 22:40:11.266848 10408 incremental_pipeline.cc:629] Registering image with structure-less fallback
I20261002 22:40:11.266966 10408 incremental_pipeline.cc:631] => Image sees 237 / 1335 correspondences
I20261002 22:40:11.267113 10408 incremental_pipeline.cc:646] => Could not register, trying another image.
I20261002 22:40:11.267232 10408 incremental_pipeline.cc:620] Registering image #83 (num_reg_frames=3)
I20261002 22:40:11.267352 10408 incremental_pipeline.cc:623] => Image sees 103 / 161 points
I20261002 22:40:11.267475 10408 incremental_pipeline.cc:629] Registering image with structure-less fallback
I20261002 22:40:11.267594 10408 incremental_pipeline.cc:631] => Image sees 229 / 1343 correspondences
I20261002 22:40:11.267738 10408 incremental_pipeline.cc:646] => Could not register, trying another image.
I20261002 22:40:11.267860 10408 incremental_pipeline.cc:620] Registering image #86 (num_reg_frames=3)
I20261002 22:40:11.267979 10408 incremental_pipeline.cc:623] => Image sees 111 / 167 points
I20261002 22:40:11.268098 10408 incremental_pipeline.cc:629] Registering image with structure-less fallback
I20261002 22:40:11.268218 10408 incremental_pipeline.cc:631] => Image sees 229 / 1267 correspondences
I20261002 22:40:11.268360 10408 incremental_pipeline.cc:646] => Could not register, trying another image.
I20261002 22:40:11.268478 10408 incremental_pipeline.cc:620] Registering image #77 (num_reg_frames=3)
I20261002 22:40:11.268597 10408 incremental_pipeline.cc:623] => Image sees 97 / 156 points
I20261002 22:40:11.268720 10408 incremental_pipeline.cc:629] Registering image with structure-less fallback
I20261002 22:40:11.268839 10408 incremental_pipeline.cc:631] => Image sees 209 / 1234 correspondences
I20261002 22:40:11.268981 10408 incremental_pipeline.cc:646] => Could not register, trying another image.
I20261002 22:40:11.269100 10408 incremental_pipeline.cc:620] Registering image #89 (num_reg_frames=3)
I20261002 22:40:11.269219 10408 incremental_pipeline.cc:623] => Image sees 95 / 145 points
I20261002 22:40:11.269338 10408 incremental_pipeline.cc:629] Registering image with structure-less fallback
I20261002 22:40:11.269462 10408 incremental_pipeline.cc:631] => Image sees 185 / 1017 correspondences
I20261002 22:40:11.269602 10408 incremental_pipeline.cc:646] => Could not register, trying another image.
I20261002 22:40:11.269740 10408 incremental_pipeline.cc:620] Registering image #72 (num_reg_frames=3)
I20261002 22:40:11.269861 10408 incremental_pipeline.cc:623] => Image sees 76 / 202 points
I20261002 22:40:11.269983 10408 incremental_pipeline.cc:629] Registering image with structure-less fallback
I20261002 22:40:11.270102 10408 incremental_pipeline.cc:631] => Image sees 183 / 3648 correspondences
I20261002 22:40:11.270268 10408 incremental_pipeline.cc:646] => Could not register, trying another image.
I20261002 22:40:11.270387 10408 incremental_pipeline.cc:620] Registering image #88 (num_reg_frames=3)
I20261002 22:40:11.270510 10408 incremental_pipeline.cc:623] => Image sees 92 / 146 points
I20261002 22:40:11.270632 10408 incremental_pipeline.cc:629] Registering image with structure-less fallback
I20261002 22:40:11.270754 10408 incremental_pipeline.cc:631] => Image sees 173 / 851 correspondences
I20261002 22:40:11.270892 10408 incremental_pipeline.cc:646] => Could not register, trying another image.
I20261002 22:40:11.271014 10408 incremental_pipeline.cc:620] Registering image #96 (num_reg_frames=3)
I20261002 22:40:11.271135 10408 incremental_pipeline.cc:623] => Image sees 81 / 141 points
I20261002 22:40:11.271253 10408 incremental_pipeline.cc:629] Registering image with structure-less fallback
I20261002 22:40:11.271371 10408 incremental_pipeline.cc:631] => Image sees 161 / 658 correspondences
I20261002 22:40:11.271506 10408 incremental_pipeline.cc:646] => Could not register, trying another image.
I20261002 22:40:11.271623 10408 incremental_pipeline.cc:620] Registering image #84 (num_reg_frames=3)
I20261002 22:40:11.271743 10408 incremental_pipeline.cc:623] => Image sees 96 / 175 points
I20261002 22:40:11.271861 10408 incremental_pipeline.cc:629] Registering image with structure-less fallback
I20261002 22:40:11.271980 10408 incremental_pipeline.cc:631] => Image sees 131 / 1240 correspondences
I20261002 22:40:11.272120 10408 incremental_pipeline.cc:646] => Could not register, trying another image.
I20261002 22:40:11.272238 10408 incremental_pipeline.cc:620] Registering image #71 (num_reg_frames=3)
I20261002 22:40:11.272359 10408 incremental_pipeline.cc:623] => Image sees 70 / 157 points
I20261002 22:40:11.272477 10408 incremental_pipeline.cc:629] Registering image with structure-less fallback
I20261002 22:40:11.272597 10408 incremental_pipeline.cc:631] => Image sees 129 / 1111 correspondences
I20261002 22:40:11.272735 10408 incremental_pipeline.cc:646] => Could not register, trying another image.
I20261002 22:40:11.272853 10408 incremental_pipeline.cc:620] Registering image #82 (num_reg_frames=3)
I20261002 22:40:11.272972 10408 incremental_pipeline.cc:623] => Image sees 93 / 174 points
I20261002 22:40:11.273091 10408 incremental_pipeline.cc:629] Registering image with structure-less fallback
I20261002 22:40:11.273218 10408 incremental_pipeline.cc:631] => Image sees 128 / 1191 correspondences
I20261002 22:40:11.273361 10408 incremental_pipeline.cc:646] => Could not register, trying another image.
I20261002 22:40:11.273482 10408 incremental_pipeline.cc:620] Registering image #70 (num_reg_frames=3)
I20261002 22:40:11.273603 10408 incremental_pipeline.cc:623] => Image sees 56 / 167 points
I20261002 22:40:11.273726 10408 incremental_pipeline.cc:629] Registering image with structure-less fallback
I20261002 22:40:11.273845 10408 incremental_pipeline.cc:631] => Image sees 119 / 1239 correspondences
I20261002 22:40:11.273986 10408 incremental_pipeline.cc:646] => Could not register, trying another image.
I20261002 22:40:11.274105 10408 incremental_pipeline.cc:620] Registering image #79 (num_reg_frames=3)
I20261002 22:40:11.274226 10408 incremental_pipeline.cc:623] => Image sees 89 / 170 points
I20261002 22:40:11.274348 10408 incremental_pipeline.cc:629] Registering image with structure-less fallback
I20261002 22:40:11.274468 10408 incremental_pipeline.cc:631] => Image sees 119 / 1238 correspondences
I20261002 22:40:11.274612 10408 incremental_pipeline.cc:646] => Could not register, trying another image.
I20261002 22:40:11.274748 10408 incremental_pipeline.cc:620] Registering image #63 (num_reg_frames=3)
I20261002 22:40:11.274870 10408 incremental_pipeline.cc:623] => Image sees 46 / 188 points
I20261002 22:40:11.274990 10408 incremental_pipeline.cc:629] Registering image with structure-less fallback
I20261002 22:40:11.275110 10408 incremental_pipeline.cc:631] => Image sees 117 / 3379 correspondences
I20261002 22:40:11.275274 10408 incremental_pipeline.cc:646] => Could not register, trying another image.
I20261002 22:40:11.275472 10408 incremental_pipeline.cc:620] Registering image #80 (num_reg_frames=3)
I20261002 22:40:11.275713 10408 incremental_pipeline.cc:623] => Image sees 83 / 168 points
I20261002 22:40:11.275839 10408 incremental_pipeline.cc:629] Registering image with structure-less fallback
I20261002 22:40:11.275963 10408 incremental_pipeline.cc:631] => Image sees 114 / 1389 correspondences
I20261002 22:40:11.276107 10408 incremental_pipeline.cc:646] => Could not register, trying another image.
I20261002 22:40:11.276227 10408 incremental_pipeline.cc:620] Registering image #78 (num_reg_frames=3)
I20261002 22:40:11.276349 10408 incremental_pipeline.cc:623] => Image sees 79 / 167 points
I20261002 22:40:11.276469 10408 incremental_pipeline.cc:629] Registering image with structure-less fallback
I20261002 22:40:11.276590 10408 incremental_pipeline.cc:631] => Image sees 102 / 1130 correspondences
I20261002 22:40:11.276731 10408 incremental_pipeline.cc:646] => Could not register, trying another image.
I20261002 22:40:11.276851 10408 incremental_pipeline.cc:620] Registering image #94 (num_reg_frames=3)
I20261002 22:40:11.276970 10408 incremental_pipeline.cc:623] => Image sees 72 / 152 points
I20261002 22:40:11.277091 10408 incremental_pipeline.cc:629] Registering image with structure-less fallback
I20261002 22:40:11.277210 10408 incremental_pipeline.cc:631] => Image sees 87 / 1076 correspondences
I20261002 22:40:11.277350 10408 incremental_pipeline.cc:646] => Could not register, trying another image.
I20261002 22:40:11.277470 10408 incremental_pipeline.cc:620] Registering image #95 (num_reg_frames=3)
I20261002 22:40:11.277589 10408 incremental_pipeline.cc:623] => Image sees 71 / 159 points
I20261002 22:40:11.277709 10408 incremental_pipeline.cc:629] Registering image with structure-less fallback
I20261002 22:40:11.277829 10408 incremental_pipeline.cc:631] => Image sees 83 / 827 correspondences
I20261002 22:40:11.277965 10408 incremental_pipeline.cc:646] => Could not register, trying another image.
I20261002 22:40:11.278085 10408 incremental_pipeline.cc:620] Registering image #75 (num_reg_frames=3)
I20261002 22:40:11.278205 10408 incremental_pipeline.cc:623] => Image sees 60 / 179 points
I20261002 22:40:11.278325 10408 incremental_pipeline.cc:629] Registering image with structure-less fallback
I20261002 22:40:11.278446 10408 incremental_pipeline.cc:631] => Image sees 81 / 1213 correspondences
I20261002 22:40:11.278586 10408 incremental_pipeline.cc:646] => Could not register, trying another image.
I20261002 22:40:11.278706 10408 incremental_pipeline.cc:620] Registering image #76 (num_reg_frames=3)
I20261002 22:40:11.278827 10408 incremental_pipeline.cc:623] => Image sees 57 / 153 points
I20261002 22:40:11.278946 10408 incremental_pipeline.cc:629] Registering image with structure-less fallback
I20261002 22:40:11.279066 10408 incremental_pipeline.cc:631] => Image sees 77 / 1199 correspondences
I20261002 22:40:11.279209 10408 incremental_pipeline.cc:646] => Could not register, trying another image.
I20261002 22:40:11.279331 10408 incremental_pipeline.cc:620] Registering image #57 (num_reg_frames=3)
I20261002 22:40:11.279451 10408 incremental_pipeline.cc:623] => Image sees 38 / 186 points
I20261002 22:40:11.279570 10408 incremental_pipeline.cc:629] Registering image with structure-less fallback
I20261002 22:40:11.279691 10408 incremental_pipeline.cc:631] => Image sees 73 / 1211 correspondences
I20261002 22:40:11.279832 10408 incremental_pipeline.cc:646] => Could not register, trying another image.
I20261002 22:40:11.279968 10408 incremental_pipeline.cc:620] Registering image #74 (num_reg_frames=3)
I20261002 22:40:11.280088 10408 incremental_pipeline.cc:623] => Image sees 61 / 187 points
I20261002 22:40:11.280209 10408 incremental_pipeline.cc:629] Registering image with structure-less fallback
I20261002 22:40:11.280328 10408 incremental_pipeline.cc:631] => Image sees 72 / 1324 correspondences
I20261002 22:40:11.280529 10408 incremental_pipeline.cc:646] => Could not register, trying another image.
I20261002 22:40:11.280755 10408 incremental_pipeline.cc:620] Registering image #53 (num_reg_frames=3)
I20261002 22:40:11.280913 10408 incremental_pipeline.cc:623] => Image sees 38 / 206 points
I20261002 22:40:11.281056 10408 incremental_pipeline.cc:629] Registering image with structure-less fallback
I20261002 22:40:11.281195 10408 incremental_pipeline.cc:631] => Image sees 63 / 3573 correspondences
I20261002 22:40:11.281368 10408 incremental_pipeline.cc:646] => Could not register, trying another image.
I20261002 22:40:11.281497 10408 incremental_pipeline.cc:620] Registering image #73 (num_reg_frames=3)
I20261002 22:40:11.281622 10408 incremental_pipeline.cc:623] => Image sees 47 / 173 points
I20261002 22:40:11.281744 10408 incremental_pipeline.cc:629] Registering image with structure-less fallback
I20261002 22:40:11.281865 10408 incremental_pipeline.cc:631] => Image sees 59 / 1366 correspondences
I20261002 22:40:11.281987 10408 incremental_pipeline.cc:646] => Could not register, trying another image.
I20261002 22:40:11.282106 10408 incremental_pipeline.cc:620] Registering image #67 (num_reg_frames=3)
I20261002 22:40:11.282232 10408 incremental_pipeline.cc:623] => Image sees 43 / 172 points
I20261002 22:40:11.282357 10408 incremental_pipeline.cc:629] Registering image with structure-less fallback
I20261002 22:40:11.282482 10408 incremental_pipeline.cc:631] => Image sees 55 / 1110 correspondences
I20261002 22:40:11.282607 10408 incremental_pipeline.cc:646] => Could not register, trying another image.
I20261002 22:40:11.282731 10408 incremental_pipeline.cc:620] Registering image #66 (num_reg_frames=3)
I20261002 22:40:11.282855 10408 incremental_pipeline.cc:623] => Image sees 39 / 174 points
I20261002 22:40:11.282982 10408 incremental_pipeline.cc:629] Registering image with structure-less fallback
I20261002 22:40:11.283102 10408 incremental_pipeline.cc:631] => Image sees 52 / 1298 correspondences
I20261002 22:40:11.283223 10408 incremental_pipeline.cc:646] => Could not register, trying another image.
I20261002 22:40:11.283343 10408 incremental_pipeline.cc:620] Registering image #68 (num_reg_frames=3)
I20261002 22:40:11.283464 10408 incremental_pipeline.cc:623] => Image sees 40 / 167 points
I20261002 22:40:11.283584 10408 incremental_pipeline.cc:629] Registering image with structure-less fallback
I20261002 22:40:11.283705 10408 incremental_pipeline.cc:631] => Image sees 49 / 1272 correspondences
I20261002 22:40:11.283825 10408 incremental_pipeline.cc:646] => Could not register, trying another image.
I20261002 22:40:11.283945 10408 incremental_pipeline.cc:620] Registering image #69 (num_reg_frames=3)
I20261002 22:40:11.284065 10408 incremental_pipeline.cc:623] => Image sees 36 / 192 points
I20261002 22:40:11.284185 10408 incremental_pipeline.cc:629] Registering image with structure-less fallback
I20261002 22:40:11.284305 10408 incremental_pipeline.cc:631] => Image sees 48 / 1287 correspondences
I20261002 22:40:11.284426 10408 incremental_pipeline.cc:646] => Could not register, trying another image.
I20261002 22:40:11.284545 10408 incremental_pipeline.cc:88] Retriangulation and Global bundle adjustment
I20261002 22:40:11.286167 10408 incremental_pipeline.cc:620] Registering image #64 (num_reg_frames=3)
I20261002 22:40:11.286347 10408 incremental_pipeline.cc:623] => Image sees 36 / 172 points
I20261002 22:40:11.286506 10408 incremental_pipeline.cc:646] => Could not register, trying another image.
I20261002 22:40:11.286634 10408 incremental_pipeline.cc:620] Registering image #62 (num_reg_frames=3)
I20261002 22:40:11.286760 10408 incremental_pipeline.cc:623] => Image sees 34 / 178 points
I20261002 22:40:11.286927 10408 incremental_pipeline.cc:646] => Could not register, trying another image.
I20261002 22:40:11.287052 10408 incremental_pipeline.cc:620] Registering image #61 (num_reg_frames=3)
I20261002 22:40:11.287175 10408 incremental_pipeline.cc:623] => Image sees 33 / 177 points
I20261002 22:40:11.287322 10408 incremental_pipeline.cc:646] => Could not register, trying another image.
I20261002 22:40:11.287444 10408 incremental_pipeline.cc:620] Registering image #65 (num_reg_frames=3)
I20261002 22:40:11.287576 10408 incremental_pipeline.cc:623] => Image sees 33 / 175 points
I20261002 22:40:11.287729 10408 incremental_pipeline.cc:646] => Could not register, trying another image.
I20261002 22:40:11.287857 10408 incremental_pipeline.cc:620] Registering image #60 (num_reg_frames=3)
I20261002 22:40:11.287983 10408 incremental_pipeline.cc:623] => Image sees 30 / 181 points
I20261002 22:40:11.288128 10408 incremental_pipeline.cc:646] => Could not register, trying another image.
I20261002 22:40:11.288251 10408 incremental_pipeline.cc:620] Registering image #51 (num_reg_frames=3)
I20261002 22:40:11.288374 10408 incremental_pipeline.cc:623] => Image sees 30 / 202 points
I20261002 22:40:11.288518 10408 incremental_pipeline.cc:646] => Could not register, trying another image.
I20261002 22:40:11.288640 10408 incremental_pipeline.cc:620] Registering image #87 (num_reg_frames=3)
I20261002 22:40:11.288762 10408 incremental_pipeline.cc:623] => Image sees 117 / 169 points
I20261002 22:40:11.288915 10408 incremental_pipeline.cc:646] => Could not register, trying another image.
I20261002 22:40:11.289036 10408 incremental_pipeline.cc:620] Registering image #92 (num_reg_frames=3)
I20261002 22:40:11.289157 10408 incremental_pipeline.cc:623] => Image sees 121 / 167 points
I20261002 22:40:11.289309 10408 incremental_pipeline.cc:646] => Could not register, trying another image.
I20261002 22:40:11.289430 10408 incremental_pipeline.cc:620] Registering image #91 (num_reg_frames=3)
I20261002 22:40:11.289551 10408 incremental_pipeline.cc:623] => Image sees 114 / 170 points
I20261002 22:40:11.289720 10408 incremental_pipeline.cc:646] => Could not register, trying another image.
I20261002 22:40:11.289841 10408 incremental_pipeline.cc:620] Registering image #85 (num_reg_frames=3)
I20261002 22:40:11.289964 10408 incremental_pipeline.cc:623] => Image sees 111 / 166 points
I20261002 22:40:11.290114 10408 incremental_pipeline.cc:646] => Could not register, trying another image.
I20261002 22:40:11.290235 10408 incremental_pipeline.cc:620] Registering image #86 (num_reg_frames=3)
I20261002 22:40:11.290356 10408 incremental_pipeline.cc:623] => Image sees 111 / 167 points
I20261002 22:40:11.290504 10408 incremental_pipeline.cc:646] => Could not register, trying another image.
I20261002 22:40:11.290625 10408 incremental_pipeline.cc:620] Registering image #83 (num_reg_frames=3)
I20261002 22:40:11.290746 10408 incremental_pipeline.cc:623] => Image sees 103 / 161 points
I20261002 22:40:11.290894 10408 incremental_pipeline.cc:646] => Could not register, trying another image.
I20261002 22:40:11.291013 10408 incremental_pipeline.cc:620] Registering image #84 (num_reg_frames=3)
I20261002 22:40:11.291133 10408 incremental_pipeline.cc:623] => Image sees 96 / 175 points
I20261002 22:40:11.291278 10408 incremental_pipeline.cc:646] => Could not register, trying another image.
I20261002 22:40:11.291400 10408 incremental_pipeline.cc:620] Registering image #77 (num_reg_frames=3)
I20261002 22:40:11.291520 10408 incremental_pipeline.cc:623] => Image sees 97 / 156 points
I20261002 22:40:11.291667 10408 incremental_pipeline.cc:646] => Could not register, trying another image.
I20261002 22:40:11.291787 10408 incremental_pipeline.cc:620] Registering image #82 (num_reg_frames=3)
I20261002 22:40:11.291908 10408 incremental_pipeline.cc:623] => Image sees 93 / 174 points
I20261002 22:40:11.292052 10408 incremental_pipeline.cc:646] => Could not register, trying another image.
I20261002 22:40:11.292172 10408 incremental_pipeline.cc:620] Registering image #89 (num_reg_frames=3)
I20261002 22:40:11.292312 10408 incremental_pipeline.cc:623] => Image sees 95 / 145 points
I20261002 22:40:11.292458 10408 incremental_pipeline.cc:646] => Could not register, trying another image.
I20261002 22:40:11.292579 10408 incremental_pipeline.cc:620] Registering image #79 (num_reg_frames=3)
I20261002 22:40:11.292700 10408 incremental_pipeline.cc:623] => Image sees 89 / 170 points
I20261002 22:40:11.292847 10408 incremental_pipeline.cc:646] => Could not register, trying another image.
I20261002 22:40:11.292968 10408 incremental_pipeline.cc:620] Registering image #88 (num_reg_frames=3)
I20261002 22:40:11.293093 10408 incremental_pipeline.cc:623] => Image sees 92 / 146 points
I20261002 22:40:11.293236 10408 incremental_pipeline.cc:646] => Could not register, trying another image.
I20261002 22:40:11.293356 10408 incremental_pipeline.cc:620] Registering image #80 (num_reg_frames=3)
I20261002 22:40:11.293477 10408 incremental_pipeline.cc:623] => Image sees 83 / 168 points
I20261002 22:40:11.293621 10408 incremental_pipeline.cc:646] => Could not register, trying another image.
I20261002 22:40:11.293748 10408 incremental_pipeline.cc:620] Registering image #78 (num_reg_frames=3)
I20261002 22:40:11.293869 10408 incremental_pipeline.cc:623] => Image sees 79 / 167 points
I20261002 22:40:11.294014 10408 incremental_pipeline.cc:646] => Could not register, trying another image.
I20261002 22:40:11.294134 10408 incremental_pipeline.cc:620] Registering image #72 (num_reg_frames=3)
I20261002 22:40:11.294256 10408 incremental_pipeline.cc:623] => Image sees 76 / 202 points
I20261002 22:40:11.294428 10408 incremental_pipeline.cc:646] => Could not register, trying another image.
I20261002 22:40:11.294548 10408 incremental_pipeline.cc:620] Registering image #96 (num_reg_frames=3)
I20261002 22:40:11.294668 10408 incremental_pipeline.cc:623] => Image sees 81 / 141 points
I20261002 22:40:11.294807 10408 incremental_pipeline.cc:646] => Could not register, trying another image.
I20261002 22:40:11.294928 10408 incremental_pipeline.cc:620] Registering image #94 (num_reg_frames=3)
I20261002 22:40:11.295048 10408 incremental_pipeline.cc:623] => Image sees 72 / 152 points
I20261002 22:40:11.295189 10408 incremental_pipeline.cc:646] => Could not register, trying another image.
I20261002 22:40:11.295308 10408 incremental_pipeline.cc:620] Registering image #95 (num_reg_frames=3)
I20261002 22:40:11.295427 10408 incremental_pipeline.cc:623] => Image sees 71 / 159 points
I20261002 22:40:11.295565 10408 incremental_pipeline.cc:646] => Could not register, trying another image.
I20261002 22:40:11.295684 10408 incremental_pipeline.cc:620] Registering image #71 (num_reg_frames=3)
I20261002 22:40:11.295805 10408 incremental_pipeline.cc:623] => Image sees 70 / 157 points
I20261002 22:40:11.295948 10408 incremental_pipeline.cc:646] => Could not register, trying another image.
I20261002 22:40:11.296068 10408 incremental_pipeline.cc:620] Registering image #75 (num_reg_frames=3)
I20261002 22:40:11.296325 10408 incremental_pipeline.cc:623] => Image sees 60 / 179 points
I20261002 22:40:11.296797 10408 incremental_pipeline.cc:646] => Could not register, trying another image.
I20261002 22:40:11.296988 10408 incremental_pipeline.cc:620] Registering image #76 (num_reg_frames=3)
I20261002 22:40:11.297114 10408 incremental_pipeline.cc:623] => Image sees 57 / 153 points
I20261002 22:40:11.297263 10408 incremental_pipeline.cc:646] => Could not register, trying another image.
I20261002 22:40:11.297377 10408 incremental_pipeline.cc:620] Registering image #74 (num_reg_frames=3)
I20261002 22:40:11.297490 10408 incremental_pipeline.cc:623] => Image sees 61 / 187 points
I20261002 22:40:11.297571 10408 incremental_pipeline.cc:646] => Could not register, trying another image.
I20261002 22:40:11.297618 10408 incremental_pipeline.cc:620] Registering image #70 (num_reg_frames=3)
I20261002 22:40:11.297663 10408 incremental_pipeline.cc:623] => Image sees 56 / 167 points
I20261002 22:40:11.297724 10408 incremental_pipeline.cc:646] => Could not register, trying another image.
I20261002 22:40:11.297782 10408 incremental_pipeline.cc:620] Registering image #63 (num_reg_frames=3)
I20261002 22:40:11.297829 10408 incremental_pipeline.cc:623] => Image sees 46 / 188 points
I20261002 22:40:11.297897 10408 incremental_pipeline.cc:646] => Could not register, trying another image.
I20261002 22:40:11.297944 10408 incremental_pipeline.cc:620] Registering image #67 (num_reg_frames=3)
I20261002 22:40:11.297989 10408 incremental_pipeline.cc:623] => Image sees 43 / 172 points
I20261002 22:40:11.298043 10408 incremental_pipeline.cc:646] => Could not register, trying another image.
I20261002 22:40:11.298096 10408 incremental_pipeline.cc:620] Registering image #65 (num_reg_frames=3)
I20261002 22:40:11.298143 10408 incremental_pipeline.cc:623] => Image sees 33 / 175 points
I20261002 22:40:11.298190 10408 incremental_pipeline.cc:629] Registering image with structure-less fallback
I20261002 22:40:11.298239 10408 incremental_pipeline.cc:631] => Image sees 47 / 1377 correspondences
I20261002 22:40:11.298288 10408 incremental_pipeline.cc:646] => Could not register, trying another image.
I20261002 22:40:11.298333 10408 incremental_pipeline.cc:620] Registering image #62 (num_reg_frames=3)
I20261002 22:40:11.298378 10408 incremental_pipeline.cc:623] => Image sees 34 / 178 points
I20261002 22:40:11.298533 10408 incremental_pipeline.cc:629] Registering image with structure-less fallback
I20261002 22:40:11.298662 10408 incremental_pipeline.cc:631] => Image sees 46 / 1238 correspondences
I20261002 22:40:11.298716 10408 incremental_pipeline.cc:646] => Could not register, trying another image.
I20261002 22:40:11.298767 10408 incremental_pipeline.cc:620] Registering image #64 (num_reg_frames=3)
I20261002 22:40:11.298815 10408 incremental_pipeline.cc:623] => Image sees 36 / 172 points
I20261002 22:40:11.298860 10408 incremental_pipeline.cc:629] Registering image with structure-less fallback
I20261002 22:40:11.298905 10408 incremental_pipeline.cc:631] => Image sees 45 / 1184 correspondences
I20261002 22:40:11.298954 10408 incremental_pipeline.cc:646] => Could not register, trying another image.
I20261002 22:40:11.299001 10408 incremental_pipeline.cc:620] Registering image #61 (num_reg_frames=3)
I20261002 22:40:11.299047 10408 incremental_pipeline.cc:623] => Image sees 33 / 177 points
I20261002 22:40:11.299097 10408 incremental_pipeline.cc:629] Registering image with structure-less fallback
I20261002 22:40:11.299146 10408 incremental_pipeline.cc:631] => Image sees 38 / 1245 correspondences
I20261002 22:40:11.299192 10408 incremental_pipeline.cc:646] => Could not register, trying another image.
I20261002 22:40:11.299236 10408 incremental_pipeline.cc:620] Registering image #60 (num_reg_frames=3)
I20261002 22:40:11.299282 10408 incremental_pipeline.cc:623] => Image sees 30 / 181 points
I20261002 22:40:11.299326 10408 incremental_pipeline.cc:629] Registering image with structure-less fallback
I20261002 22:40:11.299369 10408 incremental_pipeline.cc:631] => Image sees 38 / 1265 correspondences
I20261002 22:40:11.299415 10408 incremental_pipeline.cc:646] => Could not register, trying another image.
I20261002 22:40:11.299458 10408 incremental_pipeline.cc:620] Registering image #51 (num_reg_frames=3)
I20261002 22:40:11.299502 10408 incremental_pipeline.cc:623] => Image sees 30 / 202 points
I20261002 22:40:11.299617 10408 incremental_pipeline.cc:629] Registering image with structure-less fallback
I20261002 22:40:11.299673 10408 incremental_pipeline.cc:631] => Image sees 34 / 1241 correspondences
I20261002 22:40:11.299719 10408 incremental_pipeline.cc:646] => Could not register, trying another image.
I20261002 22:40:11.299762 10408 incremental_pipeline.cc:620] Registering image #87 (num_reg_frames=3)
I20261002 22:40:11.299808 10408 incremental_pipeline.cc:623] => Image sees 117 / 169 points
I20261002 22:40:11.299853 10408 incremental_pipeline.cc:629] Registering image with structure-less fallback
I20261002 22:40:11.299898 10408 incremental_pipeline.cc:631] => Image sees 366 / 1234 correspondences
I20261002 22:40:11.299965 10408 incremental_pipeline.cc:646] => Could not register, trying another image.
I20261002 22:40:11.300010 10408 incremental_pipeline.cc:620] Registering image #92 (num_reg_frames=3)
I20261002 22:40:11.300055 10408 incremental_pipeline.cc:623] => Image sees 121 / 167 points
I20261002 22:40:11.300099 10408 incremental_pipeline.cc:629] Registering image with structure-less fallback
I20261002 22:40:11.300142 10408 incremental_pipeline.cc:631] => Image sees 366 / 1173 correspondences
I20261002 22:40:11.300198 10408 incremental_pipeline.cc:646] => Could not register, trying another image.
I20261002 22:40:11.300278 10408 incremental_pipeline.cc:620] Registering image #91 (num_reg_frames=3)
I20261002 22:40:11.300325 10408 incremental_pipeline.cc:623] => Image sees 114 / 170 points
I20261002 22:40:11.300369 10408 incremental_pipeline.cc:629] Registering image with structure-less fallback
I20261002 22:40:11.300413 10408 incremental_pipeline.cc:631] => Image sees 342 / 3077 correspondences
I20261002 22:40:11.300479 10408 incremental_pipeline.cc:646] => Could not register, trying another image.
I20261002 22:40:11.300523 10408 incremental_pipeline.cc:620] Registering image #85 (num_reg_frames=3)
I20261002 22:40:11.300567 10408 incremental_pipeline.cc:623] => Image sees 111 / 166 points
I20261002 22:40:11.300612 10408 incremental_pipeline.cc:629] Registering image with structure-less fallback
I20261002 22:40:11.300656 10408 incremental_pipeline.cc:631] => Image sees 237 / 1335 correspondences
I20261002 22:40:11.300713 10408 incremental_pipeline.cc:646] => Could not register, trying another image.
I20261002 22:40:11.300758 10408 incremental_pipeline.cc:620] Registering image #83 (num_reg_frames=3)
I20261002 22:40:11.300802 10408 incremental_pipeline.cc:623] => Image sees 103 / 161 points
I20261002 22:40:11.300846 10408 incremental_pipeline.cc:629] Registering image with structure-less fallback
I20261002 22:40:11.300890 10408 incremental_pipeline.cc:631] => Image sees 229 / 1343 correspondences
I20261002 22:40:11.300946 10408 incremental_pipeline.cc:646] => Could not register, trying another image.
I20261002 22:40:11.300989 10408 incremental_pipeline.cc:620] Registering image #86 (num_reg_frames=3)
I20261002 22:40:11.301033 10408 incremental_pipeline.cc:623] => Image sees 111 / 167 points
I20261002 22:40:11.301078 10408 incremental_pipeline.cc:629] Registering image with structure-less fallback
I20261002 22:40:11.301123 10408 incremental_pipeline.cc:631] => Image sees 229 / 1267 correspondences
I20261002 22:40:11.301179 10408 incremental_pipeline.cc:646] => Could not register, trying another image.
I20261002 22:40:11.301223 10408 incremental_pipeline.cc:620] Registering image #77 (num_reg_frames=3)
I20261002 22:40:11.301268 10408 incremental_pipeline.cc:623] => Image sees 97 / 156 points
I20261002 22:40:11.301312 10408 incremental_pipeline.cc:629] Registering image with structure-less fallback
I20261002 22:40:11.301354 10408 incremental_pipeline.cc:631] => Image sees 209 / 1234 correspondences
I20261002 22:40:11.301411 10408 incremental_pipeline.cc:646] => Could not register, trying another image.
I20261002 22:40:11.301455 10408 incremental_pipeline.cc:620] Registering image #89 (num_reg_frames=3)
I20261002 22:40:11.301499 10408 incremental_pipeline.cc:623] => Image sees 95 / 145 points
I20261002 22:40:11.301543 10408 incremental_pipeline.cc:629] Registering image with structure-less fallback
I20261002 22:40:11.301586 10408 incremental_pipeline.cc:631] => Image sees 185 / 1017 correspondences
I20261002 22:40:11.301639 10408 incremental_pipeline.cc:646] => Could not register, trying another image.
I20261002 22:40:11.301683 10408 incremental_pipeline.cc:620] Registering image #72 (num_reg_frames=3)
I20261002 22:40:11.301728 10408 incremental_pipeline.cc:623] => Image sees 76 / 202 points
I20261002 22:40:11.301771 10408 incremental_pipeline.cc:629] Registering image with structure-less fallback
I20261002 22:40:11.301815 10408 incremental_pipeline.cc:631] => Image sees 183 / 3648 correspondences
I20261002 22:40:11.301917 10408 incremental_pipeline.cc:646] => Could not register, trying another image.
I20261002 22:40:11.301962 10408 incremental_pipeline.cc:620] Registering image #88 (num_reg_frames=3)
I20261002 22:40:11.302007 10408 incremental_pipeline.cc:623] => Image sees 92 / 146 points
I20261002 22:40:11.302052 10408 incremental_pipeline.cc:629] Registering image with structure-less fallback
I20261002 22:40:11.302096 10408 incremental_pipeline.cc:631] => Image sees 173 / 851 correspondences
I20261002 22:40:11.302149 10408 incremental_pipeline.cc:646] => Could not register, trying another image.
I20261002 22:40:11.302197 10408 incremental_pipeline.cc:620] Registering image #96 (num_reg_frames=3)
I20261002 22:40:11.302242 10408 incremental_pipeline.cc:623] => Image sees 81 / 141 points
I20261002 22:40:11.302286 10408 incremental_pipeline.cc:629] Registering image with structure-less fallback
I20261002 22:40:11.302330 10408 incremental_pipeline.cc:631] => Image sees 161 / 658 correspondences
I20261002 22:40:11.302382 10408 incremental_pipeline.cc:646] => Could not register, trying another image.
I20261002 22:40:11.302426 10408 incremental_pipeline.cc:620] Registering image #84 (num_reg_frames=3)
I20261002 22:40:11.302470 10408 incremental_pipeline.cc:623] => Image sees 96 / 175 points
I20261002 22:40:11.302514 10408 incremental_pipeline.cc:629] Registering image with structure-less fallback
I20261002 22:40:11.302557 10408 incremental_pipeline.cc:631] => Image sees 131 / 1240 correspondences
I20261002 22:40:11.302611 10408 incremental_pipeline.cc:646] => Could not register, trying another image.
I20261002 22:40:11.302655 10408 incremental_pipeline.cc:620] Registering image #71 (num_reg_frames=3)
I20261002 22:40:11.302700 10408 incremental_pipeline.cc:623] => Image sees 70 / 157 points
I20261002 22:40:11.302746 10408 incremental_pipeline.cc:629] Registering image with structure-less fallback
I20261002 22:40:11.302790 10408 incremental_pipeline.cc:631] => Image sees 129 / 1111 correspondences
I20261002 22:40:11.302845 10408 incremental_pipeline.cc:646] => Could not register, trying another image.
I20261002 22:40:11.302889 10408 incremental_pipeline.cc:620] Registering image #82 (num_reg_frames=3)
I20261002 22:40:11.302933 10408 incremental_pipeline.cc:623] => Image sees 93 / 174 points
I20261002 22:40:11.302976 10408 incremental_pipeline.cc:629] Registering image with structure-less fallback
I20261002 22:40:11.303020 10408 incremental_pipeline.cc:631] => Image sees 128 / 1191 correspondences
I20261002 22:40:11.303076 10408 incremental_pipeline.cc:646] => Could not register, trying another image.
I20261002 22:40:11.303120 10408 incremental_pipeline.cc:620] Registering image #70 (num_reg_frames=3)
I20261002 22:40:11.303163 10408 incremental_pipeline.cc:623] => Image sees 56 / 167 points
I20261002 22:40:11.303208 10408 incremental_pipeline.cc:629] Registering image with structure-less fallback
I20261002 22:40:11.303251 10408 incremental_pipeline.cc:631] => Image sees 119 / 1239 correspondences
I20261002 22:40:11.303304 10408 incremental_pipeline.cc:646] => Could not register, trying another image.
I20261002 22:40:11.303347 10408 incremental_pipeline.cc:620] Registering image #79 (num_reg_frames=3)
I20261002 22:40:11.303392 10408 incremental_pipeline.cc:623] => Image sees 89 / 170 points
I20261002 22:40:11.303436 10408 incremental_pipeline.cc:629] Registering image with structure-less fallback
I20261002 22:40:11.303480 10408 incremental_pipeline.cc:631] => Image sees 119 / 1238 correspondences
I20261002 22:40:11.303535 10408 incremental_pipeline.cc:646] => Could not register, trying another image.
I20261002 22:40:11.303580 10408 incremental_pipeline.cc:620] Registering image #63 (num_reg_frames=3)
I20261002 22:40:11.303625 10408 incremental_pipeline.cc:623] => Image sees 46 / 188 points
I20261002 22:40:11.303669 10408 incremental_pipeline.cc:629] Registering image with structure-less fallback
I20261002 22:40:11.303713 10408 incremental_pipeline.cc:631] => Image sees 117 / 3379 correspondences
I20261002 22:40:11.303779 10408 incremental_pipeline.cc:646] => Could not register, trying another image.
I20261002 22:40:11.303832 10408 incremental_pipeline.cc:620] Registering image #80 (num_reg_frames=3)
I20261002 22:40:11.303876 10408 incremental_pipeline.cc:623] => Image sees 83 / 168 points
I20261002 22:40:11.303920 10408 incremental_pipeline.cc:629] Registering image with structure-less fallback
I20261002 22:40:11.303988 10408 incremental_pipeline.cc:631] => Image sees 114 / 1389 correspondences
I20261002 22:40:11.304046 10408 incremental_pipeline.cc:646] => Could not register, trying another image.
I20261002 22:40:11.304089 10408 incremental_pipeline.cc:620] Registering image #78 (num_reg_frames=3)
I20261002 22:40:11.304133 10408 incremental_pipeline.cc:623] => Image sees 79 / 167 points
I20261002 22:40:11.304177 10408 incremental_pipeline.cc:629] Registering image with structure-less fallback
I20261002 22:40:11.304221 10408 incremental_pipeline.cc:631] => Image sees 102 / 1130 correspondences
I20261002 22:40:11.304275 10408 incremental_pipeline.cc:646] => Could not register, trying another image.
I20261002 22:40:11.304318 10408 incremental_pipeline.cc:620] Registering image #94 (num_reg_frames=3)
I20261002 22:40:11.304363 10408 incremental_pipeline.cc:623] => Image sees 72 / 152 points
I20261002 22:40:11.304408 10408 incremental_pipeline.cc:629] Registering image with structure-less fallback
I20261002 22:40:11.304453 10408 incremental_pipeline.cc:631] => Image sees 87 / 1076 correspondences
I20261002 22:40:11.304505 10408 incremental_pipeline.cc:646] => Could not register, trying another image.
I20261002 22:40:11.304549 10408 incremental_pipeline.cc:620] Registering image #95 (num_reg_frames=3)
I20261002 22:40:11.304593 10408 incremental_pipeline.cc:623] => Image sees 71 / 159 points
I20261002 22:40:11.304637 10408 incremental_pipeline.cc:629] Registering image with structure-less fallback
I20261002 22:40:11.304681 10408 incremental_pipeline.cc:631] => Image sees 83 / 827 correspondences
I20261002 22:40:11.304734 10408 incremental_pipeline.cc:646] => Could not register, trying another image.
I20261002 22:40:11.304782 10408 incremental_pipeline.cc:620] Registering image #75 (num_reg_frames=3)
I20261002 22:40:11.304834 10408 incremental_pipeline.cc:623] => Image sees 60 / 179 points
I20261002 22:40:11.304879 10408 incremental_pipeline.cc:629] Registering image with structure-less fallback
I20261002 22:40:11.304924 10408 incremental_pipeline.cc:631] => Image sees 81 / 1213 correspondences
I20261002 22:40:11.304977 10408 incremental_pipeline.cc:646] => Could not register, trying another image.
I20261002 22:40:11.305020 10408 incremental_pipeline.cc:620] Registering image #76 (num_reg_frames=3)
I20261002 22:40:11.305064 10408 incremental_pipeline.cc:623] => Image sees 57 / 153 points
I20261002 22:40:11.305109 10408 incremental_pipeline.cc:629] Registering image with structure-less fallback
I20261002 22:40:11.305154 10408 incremental_pipeline.cc:631] => Image sees 77 / 1199 correspondences
I20261002 22:40:11.305211 10408 incremental_pipeline.cc:646] => Could not register, trying another image.
I20261002 22:40:11.305254 10408 incremental_pipeline.cc:620] Registering image #57 (num_reg_frames=3)
I20261002 22:40:11.305298 10408 incremental_pipeline.cc:623] => Image sees 38 / 186 points
I20261002 22:40:11.305342 10408 incremental_pipeline.cc:629] Registering image with structure-less fallback
I20261002 22:40:11.305386 10408 incremental_pipeline.cc:631] => Image sees 73 / 1211 correspondences
I20261002 22:40:11.305439 10408 incremental_pipeline.cc:646] => Could not register, trying another image.
I20261002 22:40:11.305485 10408 incremental_pipeline.cc:620] Registering image #74 (num_reg_frames=3)
I20261002 22:40:11.305531 10408 incremental_pipeline.cc:623] => Image sees 61 / 187 points
I20261002 22:40:11.305578 10408 incremental_pipeline.cc:629] Registering image with structure-less fallback
I20261002 22:40:11.305688 10408 incremental_pipeline.cc:631] => Image sees 72 / 1324 correspondences
I20261002 22:40:11.305751 10408 incremental_pipeline.cc:646] => Could not register, trying another image.
W20261002 22:40:11.305806 10408 incremental_pipeline.cc:821] Discarding reconstruction due to insufficient size
I20261002 22:40:11.307143 10408 incremental_pipeline.cc:465] Finding good initial image pair
I20261002 22:40:11.327368 10408 incremental_pipeline.cc:492] Registering initial image pair #46 and #35
I20261002 22:40:11.328656 10408 incremental_pipeline.cc:510] Global bundle adjustment
I20261002 22:40:11.342304 10408 incremental_pipeline.cc:620] Registering image #39 (num_reg_frames=2)
I20261002 22:40:11.342686 10408 incremental_pipeline.cc:623] => Image sees 64 / 184 points
I20261002 22:40:11.363461 10408 incremental_pipeline.cc:88] Retriangulation and Global bundle adjustment
I20261002 22:40:11.391574 10408 incremental_pipeline.cc:620] Registering image #34 (num_reg_frames=3)
I20261002 22:40:11.391914 10408 incremental_pipeline.cc:623] => Image sees 111 / 184 points
I20261002 22:40:11.392139 10408 incremental_pipeline.cc:646] => Could not register, trying another image.
I20261002 22:40:11.392287 10408 incremental_pipeline.cc:620] Registering image #36 (num_reg_frames=3)
I20261002 22:40:11.392420 10408 incremental_pipeline.cc:623] => Image sees 99 / 180 points
I20261002 22:40:11.392589 10408 incremental_pipeline.cc:646] => Could not register, trying another image.
I20261002 22:40:11.392728 10408 incremental_pipeline.cc:620] Registering image #37 (num_reg_frames=3)
I20261002 22:40:11.392860 10408 incremental_pipeline.cc:623] => Image sees 101 / 196 points
I20261002 22:40:11.393028 10408 incremental_pipeline.cc:646] => Could not register, trying another image.
I20261002 22:40:11.393149 10408 incremental_pipeline.cc:620] Registering image #31 (num_reg_frames=3)
I20261002 22:40:11.393272 10408 incremental_pipeline.cc:623] => Image sees 100 / 189 points
I20261002 22:40:11.393438 10408 incremental_pipeline.cc:646] => Could not register, trying another image.
I20261002 22:40:11.393556 10408 incremental_pipeline.cc:620] Registering image #38 (num_reg_frames=3)
I20261002 22:40:11.393679 10408 incremental_pipeline.cc:623] => Image sees 96 / 192 points
I20261002 22:40:11.393825 10408 incremental_pipeline.cc:646] => Could not register, trying another image.
I20261002 22:40:11.393946 10408 incremental_pipeline.cc:620] Registering image #44 (num_reg_frames=3)
I20261002 22:40:11.394065 10408 incremental_pipeline.cc:623] => Image sees 73 / 213 points
I20261002 22:40:11.394211 10408 incremental_pipeline.cc:646] => Could not register, trying another image.
I20261002 22:40:11.394337 10408 incremental_pipeline.cc:620] Registering image #33 (num_reg_frames=3)
I20261002 22:40:11.394456 10408 incremental_pipeline.cc:623] => Image sees 75 / 209 points
I20261002 22:40:11.394613 10408 incremental_pipeline.cc:646] => Could not register, trying another image.
I20261002 22:40:11.394732 10408 incremental_pipeline.cc:620] Registering image #42 (num_reg_frames=3)
I20261002 22:40:11.394849 10408 incremental_pipeline.cc:623] => Image sees 69 / 200 points
I20261002 22:40:11.394993 10408 incremental_pipeline.cc:646] => Could not register, trying another image.
I20261002 22:40:11.395112 10408 incremental_pipeline.cc:620] Registering image #40 (num_reg_frames=3)
I20261002 22:40:11.395230 10408 incremental_pipeline.cc:623] => Image sees 66 / 225 points
I20261002 22:40:11.395373 10408 incremental_pipeline.cc:646] => Could not register, trying another image.
I20261002 22:40:11.395490 10408 incremental_pipeline.cc:620] Registering image #41 (num_reg_frames=3)
I20261002 22:40:11.395607 10408 incremental_pipeline.cc:623] => Image sees 64 / 203 points
I20261002 22:40:11.395750 10408 incremental_pipeline.cc:646] => Could not register, trying another image.
I20261002 22:40:11.395867 10408 incremental_pipeline.cc:620] Registering image #53 (num_reg_frames=3)
I20261002 22:40:11.395985 10408 incremental_pipeline.cc:623] => Image sees 60 / 206 points
I20261002 22:40:11.396151 10408 incremental_pipeline.cc:646] => Could not register, trying another image.
I20261002 22:40:11.396267 10408 incremental_pipeline.cc:620] Registering image #43 (num_reg_frames=3)
I20261002 22:40:11.396415 10408 incremental_pipeline.cc:623] => Image sees 59 / 189 points
I20261002 22:40:11.396558 10408 incremental_pipeline.cc:646] => Could not register, trying another image.
I20261002 22:40:11.396676 10408 incremental_pipeline.cc:620] Registering image #29 (num_reg_frames=3)
I20261002 22:40:11.396910 10408 incremental_pipeline.cc:623] => Image sees 52 / 195 points
I20261002 22:40:11.397397 10408 incremental_pipeline.cc:646] => Could not register, trying another image.
I20261002 22:40:11.397570 10408 incremental_pipeline.cc:620] Registering image #45 (num_reg_frames=3)
I20261002 22:40:11.397711 10408 incremental_pipeline.cc:623] => Image sees 51 / 191 points
I20261002 22:40:11.397863 10408 incremental_pipeline.cc:646] => Could not register, trying another image.
I20261002 22:40:11.397987 10408 incremental_pipeline.cc:620] Registering image #50 (num_reg_frames=3)
I20261002 22:40:11.398108 10408 incremental_pipeline.cc:623] => Image sees 47 / 201 points
I20261002 22:40:11.398250 10408 incremental_pipeline.cc:646] => Could not register, trying another image.
I20261002 22:40:11.398368 10408 incremental_pipeline.cc:620] Registering image #48 (num_reg_frames=3)
I20261002 22:40:11.398487 10408 incremental_pipeline.cc:623] => Image sees 43 / 189 points
I20261002 22:40:11.398629 10408 incremental_pipeline.cc:646] => Could not register, trying another image.
I20261002 22:40:11.398747 10408 incremental_pipeline.cc:620] Registering image #49 (num_reg_frames=3)
I20261002 22:40:11.398865 10408 incremental_pipeline.cc:623] => Image sees 45 / 192 points
I20261002 22:40:11.399006 10408 incremental_pipeline.cc:646] => Could not register, trying another image.
I20261002 22:40:11.399124 10408 incremental_pipeline.cc:620] Registering image #51 (num_reg_frames=3)
I20261002 22:40:11.399243 10408 incremental_pipeline.cc:623] => Image sees 45 / 202 points
I20261002 22:40:11.399390 10408 incremental_pipeline.cc:646] => Could not register, trying another image.
I20261002 22:40:11.399511 10408 incremental_pipeline.cc:620] Registering image #47 (num_reg_frames=3)
I20261002 22:40:11.399630 10408 incremental_pipeline.cc:623] => Image sees 44 / 213 points
I20261002 22:40:11.399774 10408 incremental_pipeline.cc:646] => Could not register, trying another image.
I20261002 22:40:11.399894 10408 incremental_pipeline.cc:620] Registering image #52 (num_reg_frames=3)
I20261002 22:40:11.400015 10408 incremental_pipeline.cc:623] => Image sees 41 / 199 points
I20261002 22:40:11.400158 10408 incremental_pipeline.cc:646] => Could not register, trying another image.
I20261002 22:40:11.400276 10408 incremental_pipeline.cc:620] Registering image #25 (num_reg_frames=3)
I20261002 22:40:11.400393 10408 incremental_pipeline.cc:623] => Image sees 41 / 196 points
I20261002 22:40:11.400532 10408 incremental_pipeline.cc:646] => Could not register, trying another image.
I20261002 22:40:11.400649 10408 incremental_pipeline.cc:620] Registering image #69 (num_reg_frames=3)
I20261002 22:40:11.400767 10408 incremental_pipeline.cc:623] => Image sees 37 / 192 points
I20261002 22:40:11.400910 10408 incremental_pipeline.cc:646] => Could not register, trying another image.
I20261002 22:40:11.401027 10408 incremental_pipeline.cc:620] Registering image #58 (num_reg_frames=3)
I20261002 22:40:11.401145 10408 incremental_pipeline.cc:623] => Image sees 33 / 185 points
I20261002 22:40:11.401289 10408 incremental_pipeline.cc:646] => Could not register, trying another image.
I20261002 22:40:11.401412 10408 incremental_pipeline.cc:620] Registering image #54 (num_reg_frames=3)
I20261002 22:40:11.401561 10408 incremental_pipeline.cc:623] => Image sees 34 / 192 points
I20261002 22:40:11.401715 10408 incremental_pipeline.cc:646] => Could not register, trying another image.
I20261002 22:40:11.401847 10408 incremental_pipeline.cc:620] Registering image #56 (num_reg_frames=3)
I20261002 22:40:11.401971 10408 incremental_pipeline.cc:623] => Image sees 32 / 184 points
I20261002 22:40:11.402144 10408 incremental_pipeline.cc:646] => Could not register, trying another image.
I20261002 22:40:11.402293 10408 incremental_pipeline.cc:620] Registering image #55 (num_reg_frames=3)
I20261002 22:40:11.402414 10408 incremental_pipeline.cc:623] => Image sees 33 / 208 points
I20261002 22:40:11.402570 10408 incremental_pipeline.cc:646] => Could not register, trying another image.
I20261002 22:40:11.402763 10408 incremental_pipeline.cc:620] Registering image #59 (num_reg_frames=3)
I20261002 22:40:11.402957 10408 incremental_pipeline.cc:623] => Image sees 30 / 186 points
I20261002 22:40:11.403131 10408 incremental_pipeline.cc:646] => Could not register, trying another image.
I20261002 22:40:11.403275 10408 incremental_pipeline.cc:620] Registering image #34 (num_reg_frames=3)
I20261002 22:40:11.403407 10408 incremental_pipeline.cc:623] => Image sees 111 / 184 points
I20261002 22:40:11.403535 10408 incremental_pipeline.cc:629] Registering image with structure-less fallback
I20261002 22:40:11.403661 10408 incremental_pipeline.cc:631] => Image sees 316 / 1105 correspondences
I20261002 22:40:11.403813 10408 incremental_pipeline.cc:646] => Could not register, trying another image.
I20261002 22:40:11.403938 10408 incremental_pipeline.cc:620] Registering image #38 (num_reg_frames=3)
I20261002 22:40:11.404063 10408 incremental_pipeline.cc:623] => Image sees 96 / 192 points
I20261002 22:40:11.404187 10408 incremental_pipeline.cc:629] Registering image with structure-less fallback
I20261002 22:40:11.404311 10408 incremental_pipeline.cc:631] => Image sees 295 / 1004 correspondences
I20261002 22:40:11.404460 10408 incremental_pipeline.cc:646] => Could not register, trying another image.
I20261002 22:40:11.404582 10408 incremental_pipeline.cc:620] Registering image #37 (num_reg_frames=3)
I20261002 22:40:11.404705 10408 incremental_pipeline.cc:623] => Image sees 101 / 196 points
I20261002 22:40:11.404827 10408 incremental_pipeline.cc:629] Registering image with structure-less fallback
I20261002 22:40:11.404949 10408 incremental_pipeline.cc:631] => Image sees 281 / 1009 correspondences
I20261002 22:40:11.405094 10408 incremental_pipeline.cc:646] => Could not register, trying another image.
I20261002 22:40:11.405216 10408 incremental_pipeline.cc:620] Registering image #33 (num_reg_frames=3)
I20261002 22:40:11.405338 10408 incremental_pipeline.cc:623] => Image sees 75 / 209 points
I20261002 22:40:11.405459 10408 incremental_pipeline.cc:629] Registering image with structure-less fallback
I20261002 22:40:11.405580 10408 incremental_pipeline.cc:631] => Image sees 218 / 2483 correspondences
I20261002 22:40:11.405737 10408 incremental_pipeline.cc:646] => Could not register, trying another image.
I20261002 22:40:11.405864 10408 incremental_pipeline.cc:620] Registering image #36 (num_reg_frames=3)
I20261002 22:40:11.405987 10408 incremental_pipeline.cc:623] => Image sees 99 / 180 points
I20261002 22:40:11.406109 10408 incremental_pipeline.cc:629] Registering image with structure-less fallback
I20261002 22:40:11.406230 10408 incremental_pipeline.cc:631] => Image sees 204 / 1087 correspondences
I20261002 22:40:11.406375 10408 incremental_pipeline.cc:646] => Could not register, trying another image.
I20261002 22:40:11.406496 10408 incremental_pipeline.cc:620] Registering image #31 (num_reg_frames=3)
I20261002 22:40:11.406618 10408 incremental_pipeline.cc:623] => Image sees 100 / 189 points
I20261002 22:40:11.406999 10408 incremental_pipeline.cc:629] Registering image with structure-less fallback
I20261002 22:40:11.407163 10408 incremental_pipeline.cc:631] => Image sees 185 / 1106 correspondences
I20261002 22:40:11.407341 10408 incremental_pipeline.cc:646] => Could not register, trying another image.
I20261002 22:40:11.407477 10408 incremental_pipeline.cc:620] Registering image #42 (num_reg_frames=3)
I20261002 22:40:11.407608 10408 incremental_pipeline.cc:623] => Image sees 69 / 200 points
I20261002 22:40:11.407741 10408 incremental_pipeline.cc:629] Registering image with structure-less fallback
I20261002 22:40:11.407864 10408 incremental_pipeline.cc:631] => Image sees 165 / 1131 correspondences
I20261002 22:40:11.408044 10408 incremental_pipeline.cc:646] => Could not register, trying another image.
I20261002 22:40:11.408169 10408 incremental_pipeline.cc:620] Registering image #44 (num_reg_frames=3)
I20261002 22:40:11.408296 10408 incremental_pipeline.cc:623] => Image sees 73 / 213 points
I20261002 22:40:11.408428 10408 incremental_pipeline.cc:629] Registering image with structure-less fallback
I20261002 22:40:11.408556 10408 incremental_pipeline.cc:631] => Image sees 164 / 1115 correspondences
I20261002 22:40:11.408703 10408 incremental_pipeline.cc:646] => Could not register, trying another image.
I20261002 22:40:11.408825 10408 incremental_pipeline.cc:620] Registering image #53 (num_reg_frames=3)
I20261002 22:40:11.408965 10408 incremental_pipeline.cc:623] => Image sees 60 / 206 points
I20261002 22:40:11.409092 10408 incremental_pipeline.cc:629] Registering image with structure-less fallback
I20261002 22:40:11.409216 10408 incremental_pipeline.cc:631] => Image sees 156 / 3573 correspondences
I20261002 22:40:11.409386 10408 incremental_pipeline.cc:646] => Could not register, trying another image.
I20261002 22:40:11.409509 10408 incremental_pipeline.cc:620] Registering image #40 (num_reg_frames=3)
I20261002 22:40:11.409632 10408 incremental_pipeline.cc:623] => Image sees 66 / 225 points
I20261002 22:40:11.409755 10408 incremental_pipeline.cc:629] Registering image with structure-less fallback
I20261002 22:40:11.409876 10408 incremental_pipeline.cc:631] => Image sees 145 / 1131 correspondences
I20261002 22:40:11.410023 10408 incremental_pipeline.cc:646] => Could not register, trying another image.
I20261002 22:40:11.410181 10408 incremental_pipeline.cc:620] Registering image #41 (num_reg_frames=3)
I20261002 22:40:11.410331 10408 incremental_pipeline.cc:623] => Image sees 64 / 203 points
I20261002 22:40:11.410456 10408 incremental_pipeline.cc:629] Registering image with structure-less fallback
I20261002 22:40:11.410579 10408 incremental_pipeline.cc:631] => Image sees 129 / 1138 correspondences
I20261002 22:40:11.410722 10408 incremental_pipeline.cc:646] => Could not register, trying another image.
I20261002 22:40:11.410843 10408 incremental_pipeline.cc:620] Registering image #29 (num_reg_frames=3)
I20261002 22:40:11.410961 10408 incremental_pipeline.cc:623] => Image sees 52 / 195 points
I20261002 22:40:11.411079 10408 incremental_pipeline.cc:629] Registering image with structure-less fallback
I20261002 22:40:11.411196 10408 incremental_pipeline.cc:631] => Image sees 102 / 911 correspondences
I20261002 22:40:11.411334 10408 incremental_pipeline.cc:646] => Could not register, trying another image.
I20261002 22:40:11.411452 10408 incremental_pipeline.cc:620] Registering image #51 (num_reg_frames=3)
I20261002 22:40:11.411569 10408 incremental_pipeline.cc:623] => Image sees 45 / 202 points
I20261002 22:40:11.411687 10408 incremental_pipeline.cc:629] Registering image with structure-less fallback
I20261002 22:40:11.411804 10408 incremental_pipeline.cc:631] => Image sees 100 / 1241 correspondences
I20261002 22:40:11.411946 10408 incremental_pipeline.cc:646] => Could not register, trying another image.
I20261002 22:40:11.412063 10408 incremental_pipeline.cc:620] Registering image #43 (num_reg_frames=3)
I20261002 22:40:11.412180 10408 incremental_pipeline.cc:623] => Image sees 59 / 189 points
I20261002 22:40:11.412298 10408 incremental_pipeline.cc:629] Registering image with structure-less fallback
I20261002 22:40:11.412415 10408 incremental_pipeline.cc:631] => Image sees 85 / 1219 correspondences
I20261002 22:40:11.412556 10408 incremental_pipeline.cc:646] => Could not register, trying another image.
I20261002 22:40:11.412671 10408 incremental_pipeline.cc:620] Registering image #45 (num_reg_frames=3)
I20261002 22:40:11.412791 10408 incremental_pipeline.cc:623] => Image sees 51 / 191 points
I20261002 22:40:11.412910 10408 incremental_pipeline.cc:629] Registering image with structure-less fallback
I20261002 22:40:11.413028 10408 incremental_pipeline.cc:631] => Image sees 77 / 1279 correspondences
I20261002 22:40:11.413168 10408 incremental_pipeline.cc:646] => Could not register, trying another image.
I20261002 22:40:11.413305 10408 incremental_pipeline.cc:620] Registering image #50 (num_reg_frames=3)
I20261002 22:40:11.413424 10408 incremental_pipeline.cc:623] => Image sees 47 / 201 points
I20261002 22:40:11.413543 10408 incremental_pipeline.cc:629] Registering image with structure-less fallback
I20261002 22:40:11.413666 10408 incremental_pipeline.cc:631] => Image sees 74 / 1131 correspondences
I20261002 22:40:11.413811 10408 incremental_pipeline.cc:646] => Could not register, trying another image.
I20261002 22:40:11.413933 10408 incremental_pipeline.cc:620] Registering image #47 (num_reg_frames=3)
I20261002 22:40:11.414055 10408 incremental_pipeline.cc:623] => Image sees 44 / 213 points
I20261002 22:40:11.414178 10408 incremental_pipeline.cc:629] Registering image with structure-less fallback
I20261002 22:40:11.414299 10408 incremental_pipeline.cc:631] => Image sees 72 / 1189 correspondences
I20261002 22:40:11.414440 10408 incremental_pipeline.cc:646] => Could not register, trying another image.
I20261002 22:40:11.414563 10408 incremental_pipeline.cc:620] Registering image #69 (num_reg_frames=3)
I20261002 22:40:11.414684 10408 incremental_pipeline.cc:623] => Image sees 37 / 192 points
I20261002 22:40:11.414808 10408 incremental_pipeline.cc:629] Registering image with structure-less fallback
I20261002 22:40:11.414936 10408 incremental_pipeline.cc:631] => Image sees 72 / 1287 correspondences
I20261002 22:40:11.415249 10408 incremental_pipeline.cc:646] => Could not register, trying another image.
I20261002 22:40:11.415404 10408 incremental_pipeline.cc:620] Registering image #48 (num_reg_frames=3)
I20261002 22:40:11.415548 10408 incremental_pipeline.cc:623] => Image sees 43 / 189 points
I20261002 22:40:11.415686 10408 incremental_pipeline.cc:629] Registering image with structure-less fallback
I20261002 22:40:11.415814 10408 incremental_pipeline.cc:631] => Image sees 69 / 1283 correspondences
I20261002 22:40:11.415965 10408 incremental_pipeline.cc:646] => Could not register, trying another image.
I20261002 22:40:11.416093 10408 incremental_pipeline.cc:620] Registering image #49 (num_reg_frames=3)
I20261002 22:40:11.416219 10408 incremental_pipeline.cc:623] => Image sees 45 / 192 points
I20261002 22:40:11.416343 10408 incremental_pipeline.cc:629] Registering image with structure-less fallback
I20261002 22:40:11.416466 10408 incremental_pipeline.cc:631] => Image sees 69 / 1246 correspondences
I20261002 22:40:11.416610 10408 incremental_pipeline.cc:646] => Could not register, trying another image.
I20261002 22:40:11.416733 10408 incremental_pipeline.cc:620] Registering image #52 (num_reg_frames=3)
I20261002 22:40:11.416856 10408 incremental_pipeline.cc:623] => Image sees 41 / 199 points
I20261002 22:40:11.416979 10408 incremental_pipeline.cc:629] Registering image with structure-less fallback
I20261002 22:40:11.417104 10408 incremental_pipeline.cc:631] => Image sees 65 / 1261 correspondences
I20261002 22:40:11.417250 10408 incremental_pipeline.cc:646] => Could not register, trying another image.
I20261002 22:40:11.417370 10408 incremental_pipeline.cc:620] Registering image #25 (num_reg_frames=3)
I20261002 22:40:11.417493 10408 incremental_pipeline.cc:623] => Image sees 41 / 196 points
I20261002 22:40:11.417616 10408 incremental_pipeline.cc:629] Registering image with structure-less fallback
I20261002 22:40:11.417737 10408 incremental_pipeline.cc:631] => Image sees 54 / 974 correspondences
I20261002 22:40:11.417861 10408 incremental_pipeline.cc:646] => Could not register, trying another image.
I20261002 22:40:11.417983 10408 incremental_pipeline.cc:620] Registering image #55 (num_reg_frames=3)
I20261002 22:40:11.418104 10408 incremental_pipeline.cc:623] => Image sees 33 / 208 points
I20261002 22:40:11.418220 10408 incremental_pipeline.cc:629] Registering image with structure-less fallback
I20261002 22:40:11.418343 10408 incremental_pipeline.cc:631] => Image sees 49 / 1386 correspondences
I20261002 22:40:11.418467 10408 incremental_pipeline.cc:646] => Could not register, trying another image.
I20261002 22:40:11.418612 10408 incremental_pipeline.cc:620] Registering image #54 (num_reg_frames=3)
I20261002 22:40:11.418735 10408 incremental_pipeline.cc:623] => Image sees 34 / 192 points
I20261002 22:40:11.418857 10408 incremental_pipeline.cc:629] Registering image with structure-less fallback
I20261002 22:40:11.418984 10408 incremental_pipeline.cc:631] => Image sees 48 / 1180 correspondences
I20261002 22:40:11.419108 10408 incremental_pipeline.cc:646] => Could not register, trying another image.
I20261002 22:40:11.419229 10408 incremental_pipeline.cc:620] Registering image #56 (num_reg_frames=3)
I20261002 22:40:11.419351 10408 incremental_pipeline.cc:623] => Image sees 32 / 184 points
I20261002 22:40:11.419473 10408 incremental_pipeline.cc:629] Registering image with structure-less fallback
I20261002 22:40:11.419594 10408 incremental_pipeline.cc:631] => Image sees 44 / 1395 correspondences
I20261002 22:40:11.419717 10408 incremental_pipeline.cc:646] => Could not register, trying another image.
I20261002 22:40:11.419838 10408 incremental_pipeline.cc:620] Registering image #58 (num_reg_frames=3)
I20261002 22:40:11.419961 10408 incremental_pipeline.cc:623] => Image sees 33 / 185 points
I20261002 22:40:11.420082 10408 incremental_pipeline.cc:629] Registering image with structure-less fallback
I20261002 22:40:11.420205 10408 incremental_pipeline.cc:631] => Image sees 43 / 1251 correspondences
I20261002 22:40:11.420327 10408 incremental_pipeline.cc:646] => Could not register, trying another image.
I20261002 22:40:11.420448 10408 incremental_pipeline.cc:620] Registering image #59 (num_reg_frames=3)
I20261002 22:40:11.420569 10408 incremental_pipeline.cc:623] => Image sees 30 / 186 points
I20261002 22:40:11.420689 10408 incremental_pipeline.cc:629] Registering image with structure-less fallback
I20261002 22:40:11.420811 10408 incremental_pipeline.cc:631] => Image sees 41 / 1349 correspondences
I20261002 22:40:11.420930 10408 incremental_pipeline.cc:646] => Could not register, trying another image.
I20261002 22:40:11.421065 10408 incremental_pipeline.cc:88] Retriangulation and Global bundle adjustment
I20261002 22:40:11.444184 10408 incremental_pipeline.cc:620] Registering image #34 (num_reg_frames=3)
I20261002 22:40:11.444309 10408 incremental_pipeline.cc:623] => Image sees 111 / 184 points
I20261002 22:40:11.444384 10408 incremental_pipeline.cc:646] => Could not register, trying another image.
I20261002 22:40:11.444447 10408 incremental_pipeline.cc:620] Registering image #36 (num_reg_frames=3)
I20261002 22:40:11.444494 10408 incremental_pipeline.cc:623] => Image sees 99 / 180 points
I20261002 22:40:11.444553 10408 incremental_pipeline.cc:646] => Could not register, trying another image.
I20261002 22:40:11.444601 10408 incremental_pipeline.cc:620] Registering image #37 (num_reg_frames=3)
I20261002 22:40:11.444651 10408 incremental_pipeline.cc:623] => Image sees 101 / 196 points
I20261002 22:40:11.444714 10408 incremental_pipeline.cc:646] => Could not register, trying another image.
I20261002 22:40:11.444763 10408 incremental_pipeline.cc:620] Registering image #31 (num_reg_frames=3)
I20261002 22:40:11.444811 10408 incremental_pipeline.cc:623] => Image sees 100 / 189 points
I20261002 22:40:11.444873 10408 incremental_pipeline.cc:646] => Could not register, trying another image.
I20261002 22:40:11.444934 10408 incremental_pipeline.cc:620] Registering image #38 (num_reg_frames=3)
I20261002 22:40:11.444987 10408 incremental_pipeline.cc:623] => Image sees 96 / 192 points
I20261002 22:40:11.445052 10408 incremental_pipeline.cc:646] => Could not register, trying another image.
I20261002 22:40:11.445097 10408 incremental_pipeline.cc:620] Registering image #44 (num_reg_frames=3)
I20261002 22:40:11.445142 10408 incremental_pipeline.cc:623] => Image sees 73 / 213 points
I20261002 22:40:11.445208 10408 incremental_pipeline.cc:646] => Could not register, trying another image.
I20261002 22:40:11.445252 10408 incremental_pipeline.cc:620] Registering image #33 (num_reg_frames=3)
I20261002 22:40:11.445299 10408 incremental_pipeline.cc:623] => Image sees 75 / 209 points
I20261002 22:40:11.445372 10408 incremental_pipeline.cc:646] => Could not register, trying another image.
I20261002 22:40:11.445432 10408 incremental_pipeline.cc:620] Registering image #42 (num_reg_frames=3)
I20261002 22:40:11.445481 10408 incremental_pipeline.cc:623] => Image sees 69 / 200 points
I20261002 22:40:11.445541 10408 incremental_pipeline.cc:646] => Could not register, trying another image.
I20261002 22:40:11.445586 10408 incremental_pipeline.cc:620] Registering image #40 (num_reg_frames=3)
I20261002 22:40:11.445633 10408 incremental_pipeline.cc:623] => Image sees 66 / 225 points
I20261002 22:40:11.445693 10408 incremental_pipeline.cc:646] => Could not register, trying another image.
I20261002 22:40:11.445738 10408 incremental_pipeline.cc:620] Registering image #41 (num_reg_frames=3)
I20261002 22:40:11.445784 10408 incremental_pipeline.cc:623] => Image sees 64 / 203 points
I20261002 22:40:11.445841 10408 incremental_pipeline.cc:646] => Could not register, trying another image.
I20261002 22:40:11.445886 10408 incremental_pipeline.cc:620] Registering image #53 (num_reg_frames=3)
I20261002 22:40:11.445932 10408 incremental_pipeline.cc:623] => Image sees 60 / 206 points
I20261002 22:40:11.446001 10408 incremental_pipeline.cc:646] => Could not register, trying another image.
I20261002 22:40:11.446046 10408 incremental_pipeline.cc:620] Registering image #43 (num_reg_frames=3)
I20261002 22:40:11.446091 10408 incremental_pipeline.cc:623] => Image sees 59 / 189 points
I20261002 22:40:11.446146 10408 incremental_pipeline.cc:646] => Could not register, trying another image.
I20261002 22:40:11.446190 10408 incremental_pipeline.cc:620] Registering image #29 (num_reg_frames=3)
I20261002 22:40:11.446236 10408 incremental_pipeline.cc:623] => Image sees 52 / 195 points
I20261002 22:40:11.446291 10408 incremental_pipeline.cc:646] => Could not register, trying another image.
I20261002 22:40:11.446337 10408 incremental_pipeline.cc:620] Registering image #45 (num_reg_frames=3)
I20261002 22:40:11.446384 10408 incremental_pipeline.cc:623] => Image sees 51 / 191 points
I20261002 22:40:11.446439 10408 incremental_pipeline.cc:646] => Could not register, trying another image.
I20261002 22:40:11.446484 10408 incremental_pipeline.cc:620] Registering image #50 (num_reg_frames=3)
I20261002 22:40:11.446527 10408 incremental_pipeline.cc:623] => Image sees 47 / 201 points
I20261002 22:40:11.446583 10408 incremental_pipeline.cc:646] => Could not register, trying another image.
I20261002 22:40:11.446627 10408 incremental_pipeline.cc:620] Registering image #48 (num_reg_frames=3)
I20261002 22:40:11.446672 10408 incremental_pipeline.cc:623] => Image sees 43 / 189 points
I20261002 22:40:11.446728 10408 incremental_pipeline.cc:646] => Could not register, trying another image.
I20261002 22:40:11.446771 10408 incremental_pipeline.cc:620] Registering image #49 (num_reg_frames=3)
I20261002 22:40:11.446817 10408 incremental_pipeline.cc:623] => Image sees 45 / 192 points
I20261002 22:40:11.446873 10408 incremental_pipeline.cc:646] => Could not register, trying another image.
I20261002 22:40:11.446916 10408 incremental_pipeline.cc:620] Registering image #51 (num_reg_frames=3)
I20261002 22:40:11.446962 10408 incremental_pipeline.cc:623] => Image sees 45 / 202 points
I20261002 22:40:11.447019 10408 incremental_pipeline.cc:646] => Could not register, trying another image.
I20261002 22:40:11.447064 10408 incremental_pipeline.cc:620] Registering image #47 (num_reg_frames=3)
I20261002 22:40:11.447110 10408 incremental_pipeline.cc:623] => Image sees 44 / 213 points
I20261002 22:40:11.447165 10408 incremental_pipeline.cc:646] => Could not register, trying another image.
I20261002 22:40:11.447209 10408 incremental_pipeline.cc:620] Registering image #52 (num_reg_frames=3)
I20261002 22:40:11.447255 10408 incremental_pipeline.cc:623] => Image sees 41 / 199 points
I20261002 22:40:11.447312 10408 incremental_pipeline.cc:646] => Could not register, trying another image.
I20261002 22:40:11.447358 10408 incremental_pipeline.cc:620] Registering image #25 (num_reg_frames=3)
I20261002 22:40:11.447412 10408 incremental_pipeline.cc:623] => Image sees 41 / 196 points
I20261002 22:40:11.447467 10408 incremental_pipeline.cc:646] => Could not register, trying another image.
I20261002 22:40:11.447515 10408 incremental_pipeline.cc:620] Registering image #69 (num_reg_frames=3)
I20261002 22:40:11.447561 10408 incremental_pipeline.cc:623] => Image sees 37 / 192 points
I20261002 22:40:11.447618 10408 incremental_pipeline.cc:646] => Could not register, trying another image.
I20261002 22:40:11.447663 10408 incremental_pipeline.cc:620] Registering image #58 (num_reg_frames=3)
I20261002 22:40:11.447709 10408 incremental_pipeline.cc:623] => Image sees 33 / 185 points
I20261002 22:40:11.447767 10408 incremental_pipeline.cc:646] => Could not register, trying another image.
I20261002 22:40:11.447811 10408 incremental_pipeline.cc:620] Registering image #54 (num_reg_frames=3)
I20261002 22:40:11.447857 10408 incremental_pipeline.cc:623] => Image sees 34 / 192 points
I20261002 22:40:11.447912 10408 incremental_pipeline.cc:646] => Could not register, trying another image.
I20261002 22:40:11.447956 10408 incremental_pipeline.cc:620] Registering image #56 (num_reg_frames=3)
I20261002 22:40:11.448002 10408 incremental_pipeline.cc:623] => Image sees 32 / 184 points
I20261002 22:40:11.448060 10408 incremental_pipeline.cc:646] => Could not register, trying another image.
I20261002 22:40:11.448106 10408 incremental_pipeline.cc:620] Registering image #55 (num_reg_frames=3)
I20261002 22:40:11.448153 10408 incremental_pipeline.cc:623] => Image sees 33 / 208 points
I20261002 22:40:11.448269 10408 incremental_pipeline.cc:646] => Could not register, trying another image.
I20261002 22:40:11.448332 10408 incremental_pipeline.cc:620] Registering image #59 (num_reg_frames=3)
I20261002 22:40:11.448380 10408 incremental_pipeline.cc:623] => Image sees 30 / 186 points
I20261002 22:40:11.448439 10408 incremental_pipeline.cc:646] => Could not register, trying another image.
I20261002 22:40:11.448490 10408 incremental_pipeline.cc:620] Registering image #34 (num_reg_frames=3)
I20261002 22:40:11.448537 10408 incremental_pipeline.cc:623] => Image sees 111 / 184 points
I20261002 22:40:11.448584 10408 incremental_pipeline.cc:629] Registering image with structure-less fallback
I20261002 22:40:11.448629 10408 incremental_pipeline.cc:631] => Image sees 316 / 1105 correspondences
I20261002 22:40:11.448688 10408 incremental_pipeline.cc:646] => Could not register, trying another image.
I20261002 22:40:11.448734 10408 incremental_pipeline.cc:620] Registering image #38 (num_reg_frames=3)
I20261002 22:40:11.448780 10408 incremental_pipeline.cc:623] => Image sees 96 / 192 points
I20261002 22:40:11.448825 10408 incremental_pipeline.cc:629] Registering image with structure-less fallback
I20261002 22:40:11.448871 10408 incremental_pipeline.cc:631] => Image sees 295 / 1004 correspondences
I20261002 22:40:11.448929 10408 incremental_pipeline.cc:646] => Could not register, trying another image.
I20261002 22:40:11.448973 10408 incremental_pipeline.cc:620] Registering image #37 (num_reg_frames=3)
I20261002 22:40:11.449018 10408 incremental_pipeline.cc:623] => Image sees 101 / 196 points
I20261002 22:40:11.449063 10408 incremental_pipeline.cc:629] Registering image with structure-less fallback
I20261002 22:40:11.449109 10408 incremental_pipeline.cc:631] => Image sees 281 / 1009 correspondences
I20261002 22:40:11.449167 10408 incremental_pipeline.cc:646] => Could not register, trying another image.
I20261002 22:40:11.449212 10408 incremental_pipeline.cc:620] Registering image #33 (num_reg_frames=3)
I20261002 22:40:11.449258 10408 incremental_pipeline.cc:623] => Image sees 75 / 209 points
I20261002 22:40:11.449305 10408 incremental_pipeline.cc:629] Registering image with structure-less fallback
I20261002 22:40:11.449352 10408 incremental_pipeline.cc:631] => Image sees 218 / 2483 correspondences
I20261002 22:40:11.449413 10408 incremental_pipeline.cc:646] => Could not register, trying another image.
I20261002 22:40:11.449466 10408 incremental_pipeline.cc:620] Registering image #36 (num_reg_frames=3)
I20261002 22:40:11.449510 10408 incremental_pipeline.cc:623] => Image sees 99 / 180 points
I20261002 22:40:11.449558 10408 incremental_pipeline.cc:629] Registering image with structure-less fallback
I20261002 22:40:11.449603 10408 incremental_pipeline.cc:631] => Image sees 204 / 1087 correspondences
I20261002 22:40:11.449661 10408 incremental_pipeline.cc:646] => Could not register, trying another image.
I20261002 22:40:11.449707 10408 incremental_pipeline.cc:620] Registering image #31 (num_reg_frames=3)
I20261002 22:40:11.449752 10408 incremental_pipeline.cc:623] => Image sees 100 / 189 points
I20261002 22:40:11.449797 10408 incremental_pipeline.cc:629] Registering image with structure-less fallback
I20261002 22:40:11.449841 10408 incremental_pipeline.cc:631] => Image sees 185 / 1106 correspondences
I20261002 22:40:11.449897 10408 incremental_pipeline.cc:646] => Could not register, trying another image.
I20261002 22:40:11.449941 10408 incremental_pipeline.cc:620] Registering image #42 (num_reg_frames=3)
I20261002 22:40:11.449988 10408 incremental_pipeline.cc:623] => Image sees 69 / 200 points
I20261002 22:40:11.450032 10408 incremental_pipeline.cc:629] Registering image with structure-less fallback
I20261002 22:40:11.450077 10408 incremental_pipeline.cc:631] => Image sees 165 / 1131 correspondences
I20261002 22:40:11.450132 10408 incremental_pipeline.cc:646] => Could not register, trying another image.
I20261002 22:40:11.450178 10408 incremental_pipeline.cc:620] Registering image #44 (num_reg_frames=3)
I20261002 22:40:11.450223 10408 incremental_pipeline.cc:623] => Image sees 73 / 213 points
I20261002 22:40:11.450270 10408 incremental_pipeline.cc:629] Registering image with structure-less fallback
I20261002 22:40:11.450317 10408 incremental_pipeline.cc:631] => Image sees 164 / 1115 correspondences
I20261002 22:40:11.450375 10408 incremental_pipeline.cc:646] => Could not register, trying another image.
I20261002 22:40:11.450420 10408 incremental_pipeline.cc:620] Registering image #53 (num_reg_frames=3)
I20261002 22:40:11.450464 10408 incremental_pipeline.cc:623] => Image sees 60 / 206 points
I20261002 22:40:11.450510 10408 incremental_pipeline.cc:629] Registering image with structure-less fallback
I20261002 22:40:11.450553 10408 incremental_pipeline.cc:631] => Image sees 156 / 3573 correspondences
I20261002 22:40:11.450622 10408 incremental_pipeline.cc:646] => Could not register, trying another image.
I20261002 22:40:11.450667 10408 incremental_pipeline.cc:620] Registering image #40 (num_reg_frames=3)
I20261002 22:40:11.450711 10408 incremental_pipeline.cc:623] => Image sees 66 / 225 points
I20261002 22:40:11.450755 10408 incremental_pipeline.cc:629] Registering image with structure-less fallback
I20261002 22:40:11.450802 10408 incremental_pipeline.cc:631] => Image sees 145 / 1131 correspondences
I20261002 22:40:11.450858 10408 incremental_pipeline.cc:646] => Could not register, trying another image.
I20261002 22:40:11.450902 10408 incremental_pipeline.cc:620] Registering image #41 (num_reg_frames=3)
I20261002 22:40:11.450948 10408 incremental_pipeline.cc:623] => Image sees 64 / 203 points
I20261002 22:40:11.450992 10408 incremental_pipeline.cc:629] Registering image with structure-less fallback
I20261002 22:40:11.451038 10408 incremental_pipeline.cc:631] => Image sees 129 / 1138 correspondences
I20261002 22:40:11.451096 10408 incremental_pipeline.cc:646] => Could not register, trying another image.
I20261002 22:40:11.451142 10408 incremental_pipeline.cc:620] Registering image #29 (num_reg_frames=3)
I20261002 22:40:11.451186 10408 incremental_pipeline.cc:623] => Image sees 52 / 195 points
I20261002 22:40:11.451233 10408 incremental_pipeline.cc:629] Registering image with structure-less fallback
I20261002 22:40:11.451290 10408 incremental_pipeline.cc:631] => Image sees 102 / 911 correspondences
I20261002 22:40:11.451344 10408 incremental_pipeline.cc:646] => Could not register, trying another image.
I20261002 22:40:11.451390 10408 incremental_pipeline.cc:620] Registering image #51 (num_reg_frames=3)
I20261002 22:40:11.451446 10408 incremental_pipeline.cc:623] => Image sees 45 / 202 points
I20261002 22:40:11.451495 10408 incremental_pipeline.cc:629] Registering image with structure-less fallback
I20261002 22:40:11.451538 10408 incremental_pipeline.cc:631] => Image sees 100 / 1241 correspondences
I20261002 22:40:11.451594 10408 incremental_pipeline.cc:646] => Could not register, trying another image.
I20261002 22:40:11.451638 10408 incremental_pipeline.cc:620] Registering image #43 (num_reg_frames=3)
I20261002 22:40:11.451683 10408 incremental_pipeline.cc:623] => Image sees 59 / 189 points
I20261002 22:40:11.451728 10408 incremental_pipeline.cc:629] Registering image with structure-less fallback
I20261002 22:40:11.451773 10408 incremental_pipeline.cc:631] => Image sees 85 / 1219 correspondences
I20261002 22:40:11.451831 10408 incremental_pipeline.cc:646] => Could not register, trying another image.
I20261002 22:40:11.451875 10408 incremental_pipeline.cc:620] Registering image #45 (num_reg_frames=3)
I20261002 22:40:11.451921 10408 incremental_pipeline.cc:623] => Image sees 51 / 191 points
I20261002 22:40:11.451966 10408 incremental_pipeline.cc:629] Registering image with structure-less fallback
I20261002 22:40:11.452010 10408 incremental_pipeline.cc:631] => Image sees 77 / 1279 correspondences
I20261002 22:40:11.452065 10408 incremental_pipeline.cc:646] => Could not register, trying another image.
I20261002 22:40:11.452109 10408 incremental_pipeline.cc:620] Registering image #50 (num_reg_frames=3)
I20261002 22:40:11.452154 10408 incremental_pipeline.cc:623] => Image sees 47 / 201 points
I20261002 22:40:11.452199 10408 incremental_pipeline.cc:629] Registering image with structure-less fallback
I20261002 22:40:11.452244 10408 incremental_pipeline.cc:631] => Image sees 74 / 1131 correspondences
I20261002 22:40:11.452297 10408 incremental_pipeline.cc:646] => Could not register, trying another image.
I20261002 22:40:11.452340 10408 incremental_pipeline.cc:620] Registering image #47 (num_reg_frames=3)
I20261002 22:40:11.452385 10408 incremental_pipeline.cc:623] => Image sees 44 / 213 points
I20261002 22:40:11.452429 10408 incremental_pipeline.cc:629] Registering image with structure-less fallback
I20261002 22:40:11.452473 10408 incremental_pipeline.cc:631] => Image sees 72 / 1189 correspondences
I20261002 22:40:11.452527 10408 incremental_pipeline.cc:646] => Could not register, trying another image.
I20261002 22:40:11.452571 10408 incremental_pipeline.cc:620] Registering image #69 (num_reg_frames=3)
I20261002 22:40:11.452616 10408 incremental_pipeline.cc:623] => Image sees 37 / 192 points
I20261002 22:40:11.452662 10408 incremental_pipeline.cc:629] Registering image with structure-less fallback
I20261002 22:40:11.452706 10408 incremental_pipeline.cc:631] => Image sees 72 / 1287 correspondences
I20261002 22:40:11.452762 10408 incremental_pipeline.cc:646] => Could not register, trying another image.
I20261002 22:40:11.452808 10408 incremental_pipeline.cc:620] Registering image #48 (num_reg_frames=3)
I20261002 22:40:11.452854 10408 incremental_pipeline.cc:623] => Image sees 43 / 189 points
I20261002 22:40:11.452898 10408 incremental_pipeline.cc:629] Registering image with structure-less fallback
I20261002 22:40:11.452942 10408 incremental_pipeline.cc:631] => Image sees 69 / 1283 correspondences
I20261002 22:40:11.452996 10408 incremental_pipeline.cc:646] => Could not register, trying another image.
I20261002 22:40:11.453040 10408 incremental_pipeline.cc:620] Registering image #49 (num_reg_frames=3)
I20261002 22:40:11.453084 10408 incremental_pipeline.cc:623] => Image sees 45 / 192 points
I20261002 22:40:11.453128 10408 incremental_pipeline.cc:629] Registering image with structure-less fallback
I20261002 22:40:11.453172 10408 incremental_pipeline.cc:631] => Image sees 69 / 1246 correspondences
I20261002 22:40:11.453225 10408 incremental_pipeline.cc:646] => Could not register, trying another image.
I20261002 22:40:11.453269 10408 incremental_pipeline.cc:620] Registering image #52 (num_reg_frames=3)
I20261002 22:40:11.453325 10408 incremental_pipeline.cc:623] => Image sees 41 / 199 points
I20261002 22:40:11.453370 10408 incremental_pipeline.cc:629] Registering image with structure-less fallback
I20261002 22:40:11.453415 10408 incremental_pipeline.cc:631] => Image sees 65 / 1261 correspondences
I20261002 22:40:11.453470 10408 incremental_pipeline.cc:646] => Could not register, trying another image.
I20261002 22:40:11.453514 10408 incremental_pipeline.cc:620] Registering image #25 (num_reg_frames=3)
I20261002 22:40:11.453558 10408 incremental_pipeline.cc:623] => Image sees 41 / 196 points
I20261002 22:40:11.453602 10408 incremental_pipeline.cc:629] Registering image with structure-less fallback
I20261002 22:40:11.453646 10408 incremental_pipeline.cc:631] => Image sees 54 / 974 correspondences
I20261002 22:40:11.453691 10408 incremental_pipeline.cc:646] => Could not register, trying another image.
I20261002 22:40:11.453735 10408 incremental_pipeline.cc:620] Registering image #55 (num_reg_frames=3)
I20261002 22:40:11.453779 10408 incremental_pipeline.cc:623] => Image sees 33 / 208 points
I20261002 22:40:11.453823 10408 incremental_pipeline.cc:629] Registering image with structure-less fallback
I20261002 22:40:11.453867 10408 incremental_pipeline.cc:631] => Image sees 49 / 1386 correspondences
I20261002 22:40:11.453912 10408 incremental_pipeline.cc:646] => Could not register, trying another image.
I20261002 22:40:11.453961 10408 incremental_pipeline.cc:620] Registering image #54 (num_reg_frames=3)
I20261002 22:40:11.454022 10408 incremental_pipeline.cc:623] => Image sees 34 / 192 points
I20261002 22:40:11.454175 10408 incremental_pipeline.cc:629] Registering image with structure-less fallback
I20261002 22:40:11.454232 10408 incremental_pipeline.cc:631] => Image sees 48 / 1180 correspondences
I20261002 22:40:11.454303 10408 incremental_pipeline.cc:646] => Could not register, trying another image.
I20261002 22:40:11.454355 10408 incremental_pipeline.cc:620] Registering image #56 (num_reg_frames=3)
I20261002 22:40:11.454446 10408 incremental_pipeline.cc:623] => Image sees 32 / 184 points
I20261002 22:40:11.454507 10408 incremental_pipeline.cc:629] Registering image with structure-less fallback
I20261002 22:40:11.454554 10408 incremental_pipeline.cc:631] => Image sees 44 / 1395 correspondences
I20261002 22:40:11.454599 10408 incremental_pipeline.cc:646] => Could not register, trying another image.
I20261002 22:40:11.454643 10408 incremental_pipeline.cc:620] Registering image #58 (num_reg_frames=3)
I20261002 22:40:11.454688 10408 incremental_pipeline.cc:623] => Image sees 33 / 185 points
I20261002 22:40:11.454733 10408 incremental_pipeline.cc:629] Registering image with structure-less fallback
I20261002 22:40:11.454778 10408 incremental_pipeline.cc:631] => Image sees 43 / 1251 correspondences
I20261002 22:40:11.454827 10408 incremental_pipeline.cc:646] => Could not register, trying another image.
I20261002 22:40:11.454871 10408 incremental_pipeline.cc:620] Registering image #59 (num_reg_frames=3)
I20261002 22:40:11.454925 10408 incremental_pipeline.cc:623] => Image sees 30 / 186 points
I20261002 22:40:11.454971 10408 incremental_pipeline.cc:629] Registering image with structure-less fallback
I20261002 22:40:11.455061 10408 incremental_pipeline.cc:631] => Image sees 41 / 1349 correspondences
I20261002 22:40:11.455192 10408 incremental_pipeline.cc:646] => Could not register, trying another image.
W20261002 22:40:11.455262 10408 incremental_pipeline.cc:821] Discarding reconstruction due to insufficient size
I20261002 22:40:11.456705 10408 incremental_pipeline.cc:465] Finding good initial image pair
I20261002 22:40:11.463762 10408 incremental_pipeline.cc:492] Registering initial image pair #33 and #36
I20261002 22:40:11.464299 10408 incremental_pipeline.cc:510] Global bundle adjustment
I20261002 22:40:11.469315 10408 incremental_pipeline.cc:620] Registering image #39 (num_reg_frames=2)
I20261002 22:40:11.469416 10408 incremental_pipeline.cc:623] => Image sees 54 / 184 points
I20261002 22:40:11.473224 10408 incremental_pipeline.cc:88] Retriangulation and Global bundle adjustment
I20261002 22:40:11.476817 10408 incremental_pipeline.cc:620] Registering image #37 (num_reg_frames=3)
I20261002 22:40:11.476918 10408 incremental_pipeline.cc:623] => Image sees 70 / 196 points
I20261002 22:40:11.483526 10408 incremental_pipeline.cc:88] Retriangulation and Global bundle adjustment
I20261002 22:40:11.488108 10408 incremental_pipeline.cc:620] Registering image #32 (num_reg_frames=4)
I20261002 22:40:11.488244 10408 incremental_pipeline.cc:623] => Image sees 114 / 211 points
I20261002 22:40:11.494689 10408 incremental_pipeline.cc:620] Registering image #31 (num_reg_frames=5)
I20261002 22:40:11.494854 10408 incremental_pipeline.cc:623] => Image sees 113 / 189 points
I20261002 22:40:11.502168 10408 incremental_pipeline.cc:88] Retriangulation and Global bundle adjustment
I20261002 22:40:11.509012 10408 incremental_pipeline.cc:620] Registering image #34 (num_reg_frames=6)
I20261002 22:40:11.510146 10408 incremental_pipeline.cc:623] => Image sees 110 / 184 points
I20261002 22:40:11.521537 10408 incremental_pipeline.cc:620] Registering image #35 (num_reg_frames=7)
I20261002 22:40:11.521682 10408 incremental_pipeline.cc:623] => Image sees 146 / 178 points
I20261002 22:40:11.531856 10408 incremental_pipeline.cc:620] Registering image #38 (num_reg_frames=8)
I20261002 22:40:11.531974 10408 incremental_pipeline.cc:623] => Image sees 123 / 192 points
I20261002 22:40:11.541768 10408 incremental_pipeline.cc:88] Retriangulation and Global bundle adjustment
I20261002 22:40:11.579350 10408 incremental_pipeline.cc:620] Registering image #40 (num_reg_frames=9)
I20261002 22:40:11.579467 10408 incremental_pipeline.cc:623] => Image sees 122 / 225 points
I20261002 22:40:11.590507 10408 incremental_pipeline.cc:620] Registering image #46 (num_reg_frames=10)
I20261002 22:40:11.590612 10408 incremental_pipeline.cc:623] => Image sees 119 / 214 points
I20261002 22:40:11.637705 10408 incremental_pipeline.cc:620] Registering image #41 (num_reg_frames=11)
I20261002 22:40:11.638021 10408 incremental_pipeline.cc:623] => Image sees 107 / 203 points
I20261002 22:40:11.655877 10408 incremental_pipeline.cc:620] Registering image #42 (num_reg_frames=12)
I20261002 22:40:11.655988 10408 incremental_pipeline.cc:623] => Image sees 112 / 200 points
I20261002 22:40:11.672915 10408 incremental_pipeline.cc:88] Retriangulation and Global bundle adjustment
I20261002 22:40:11.775927 10408 incremental_pipeline.cc:620] Registering image #43 (num_reg_frames=13)
I20261002 22:40:11.776065 10408 incremental_pipeline.cc:623] => Image sees 114 / 189 points
I20261002 22:40:11.808899 10408 incremental_pipeline.cc:620] Registering image #44 (num_reg_frames=14)
I20261002 22:40:11.809011 10408 incremental_pipeline.cc:623] => Image sees 118 / 213 points
W20261002 22:40:11.823751 10408 levenberg_marquardt_strategy.cc:123] Linear solver failure. Failed to compute a step: Eigen failure. Unable to perform dense Cholesky factorization.
I20261002 22:40:11.833599 10408 incremental_pipeline.cc:620] Registering image #53 (num_reg_frames=15)
I20261002 22:40:11.833695 10408 incremental_pipeline.cc:623] => Image sees 112 / 206 points
I20261002 22:40:11.870274 10408 incremental_pipeline.cc:620] Registering image #45 (num_reg_frames=16)
I20261002 22:40:11.870560 10408 incremental_pipeline.cc:623] => Image sees 116 / 191 points
I20261002 22:40:11.891148 10408 incremental_pipeline.cc:620] Registering image #47 (num_reg_frames=17)
I20261002 22:40:11.891249 10408 incremental_pipeline.cc:623] => Image sees 125 / 213 points
I20261002 22:40:11.907816 10408 incremental_pipeline.cc:620] Registering image #50 (num_reg_frames=18)
I20261002 22:40:11.907910 10408 incremental_pipeline.cc:623] => Image sees 120 / 201 points
I20261002 22:40:11.922952 10408 incremental_pipeline.cc:88] Retriangulation and Global bundle adjustment
W20261002 22:40:12.096105 10408 levenberg_marquardt_strategy.cc:123] Linear solver failure. Failed to compute a step: Eigen failure. Unable to perform dense Cholesky factorization.
W20261002 22:40:12.097758 10408 levenberg_marquardt_strategy.cc:123] Linear solver failure. Failed to compute a step: Eigen failure. Unable to perform dense Cholesky factorization.
W20261002 22:40:12.099112 10408 levenberg_marquardt_strategy.cc:123] Linear solver failure. Failed to compute a step: Eigen failure. Unable to perform dense Cholesky factorization.
I20261002 22:40:12.393705 10408 incremental_pipeline.cc:620] Registering image #48 (num_reg_frames=19)
I20261002 22:40:12.403713 10408 incremental_pipeline.cc:623] => Image sees 112 / 189 points
I20261002 22:40:12.421595 10408 incremental_pipeline.cc:620] Registering image #30 (num_reg_frames=20)
I20261002 22:40:12.421938 10408 incremental_pipeline.cc:623] => Image sees 122 / 188 points
I20261002 22:40:12.431573 10408 incremental_pipeline.cc:620] Registering image #29 (num_reg_frames=21)
I20261002 22:40:12.431670 10408 incremental_pipeline.cc:623] => Image sees 125 / 195 points
I20261002 22:40:12.441235 10408 incremental_pipeline.cc:620] Registering image #52 (num_reg_frames=22)
I20261002 22:40:12.441409 10408 incremental_pipeline.cc:623] => Image sees 112 / 199 points
I20261002 22:40:12.453932 10408 incremental_pipeline.cc:620] Registering image #49 (num_reg_frames=23)
I20261002 22:40:12.454026 10408 incremental_pipeline.cc:623] => Image sees 117 / 192 points
I20261002 22:40:12.485882 10408 incremental_pipeline.cc:620] Registering image #51 (num_reg_frames=24)
I20261002 22:40:12.486045 10408 incremental_pipeline.cc:623] => Image sees 115 / 202 points
I20261002 22:40:12.499949 10408 incremental_pipeline.cc:620] Registering image #63 (num_reg_frames=25)
I20261002 22:40:12.500051 10408 incremental_pipeline.cc:623] => Image sees 100 / 188 points
I20261002 22:40:12.526787 10408 incremental_pipeline.cc:620] Registering image #55 (num_reg_frames=26)
I20261002 22:40:12.527065 10408 incremental_pipeline.cc:623] => Image sees 115 / 208 points
I20261002 22:40:12.543043 10408 incremental_pipeline.cc:88] Retriangulation and Global bundle adjustment
I20261002 22:40:13.151315 10408 incremental_pipeline.cc:620] Registering image #54 (num_reg_frames=27)
I20261002 22:40:13.151588 10408 incremental_pipeline.cc:623] => Image sees 109 / 192 points
I20261002 22:40:13.169578 10408 incremental_pipeline.cc:620] Registering image #58 (num_reg_frames=28)
I20261002 22:40:13.169777 10408 incremental_pipeline.cc:623] => Image sees 102 / 185 points
I20261002 22:40:13.199815 10408 incremental_pipeline.cc:620] Registering image #57 (num_reg_frames=29)
I20261002 22:40:13.200074 10408 incremental_pipeline.cc:623] => Image sees 102 / 186 points
I20261002 22:40:13.216309 10408 incremental_pipeline.cc:620] Registering image #59 (num_reg_frames=30)
I20261002 22:40:13.216436 10408 incremental_pipeline.cc:623] => Image sees 119 / 186 points
I20261002 22:40:13.234689 10408 incremental_pipeline.cc:620] Registering image #56 (num_reg_frames=31)
I20261002 22:40:13.234889 10408 incremental_pipeline.cc:623] => Image sees 109 / 184 points
I20261002 22:40:13.257229 10408 incremental_pipeline.cc:620] Registering image #60 (num_reg_frames=32)
I20261002 22:40:13.257606 10408 incremental_pipeline.cc:623] => Image sees 121 / 181 points
I20261002 22:40:13.279766 10408 incremental_pipeline.cc:620] Registering image #61 (num_reg_frames=33)
I20261002 22:40:13.279990 10408 incremental_pipeline.cc:623] => Image sees 102 / 177 points
I20261002 22:40:13.314117 10408 incremental_pipeline.cc:620] Registering image #72 (num_reg_frames=34)
I20261002 22:40:13.314370 10408 incremental_pipeline.cc:623] => Image sees 96 / 202 points
I20261002 22:40:13.349864 10408 incremental_pipeline.cc:620] Registering image #62 (num_reg_frames=35)
I20261002 22:40:13.350166 10408 incremental_pipeline.cc:623] => Image sees 107 / 178 points
I20261002 22:40:13.366763 10408 incremental_pipeline.cc:620] Registering image #69 (num_reg_frames=36)
I20261002 22:40:13.367088 10408 incremental_pipeline.cc:623] => Image sees 102 / 192 points
I20261002 22:40:13.381330 10408 incremental_pipeline.cc:620] Registering image #65 (num_reg_frames=37)
I20261002 22:40:13.381512 10408 incremental_pipeline.cc:623] => Image sees 110 / 175 points
I20261002 22:40:13.408456 10408 incremental_pipeline.cc:88] Retriangulation and Global bundle adjustment
I20261002 22:40:14.132687 10408 incremental_pipeline.cc:620] Registering image #64 (num_reg_frames=38)
I20261002 22:40:14.141818 10408 incremental_pipeline.cc:623] => Image sees 108 / 172 points
I20261002 22:40:14.167864 10408 incremental_pipeline.cc:620] Registering image #73 (num_reg_frames=39)
I20261002 22:40:14.168116 10408 incremental_pipeline.cc:623] => Image sees 110 / 173 points
I20261002 22:40:14.201933 10408 incremental_pipeline.cc:620] Registering image #66 (num_reg_frames=40)
I20261002 22:40:14.202159 10408 incremental_pipeline.cc:623] => Image sees 112 / 174 points
I20261002 22:40:14.218891 10408 incremental_pipeline.cc:620] Registering image #67 (num_reg_frames=41)
I20261002 22:40:14.219569 10408 incremental_pipeline.cc:623] => Image sees 104 / 172 points
I20261002 22:40:14.233400 10408 incremental_pipeline.cc:620] Registering image #70 (num_reg_frames=42)
I20261002 22:40:14.234027 10408 incremental_pipeline.cc:623] => Image sees 103 / 167 points
I20261002 22:40:14.280971 10408 incremental_pipeline.cc:620] Registering image #68 (num_reg_frames=43)
I20261002 22:40:14.281238 10408 incremental_pipeline.cc:623] => Image sees 107 / 167 points
I20261002 22:40:14.297076 10408 incremental_pipeline.cc:620] Registering image #75 (num_reg_frames=44)
I20261002 22:40:14.297618 10408 incremental_pipeline.cc:623] => Image sees 103 / 179 points
I20261002 22:40:14.308772 10408 incremental_pipeline.cc:620] Registering image #74 (num_reg_frames=45)
I20261002 22:40:14.308966 10408 incremental_pipeline.cc:623] => Image sees 107 / 187 points
I20261002 22:40:14.322458 10408 incremental_pipeline.cc:620] Registering image #81 (num_reg_frames=46)
I20261002 22:40:14.322668 10408 incremental_pipeline.cc:623] => Image sees 97 / 161 points
I20261002 22:40:14.340854 10408 incremental_pipeline.cc:620] Registering image #78 (num_reg_frames=47)
I20261002 22:40:14.341039 10408 incremental_pipeline.cc:623] => Image sees 109 / 167 points
I20261002 22:40:14.356244 10408 incremental_pipeline.cc:620] Registering image #91 (num_reg_frames=48)
I20261002 22:40:14.356455 10408 incremental_pipeline.cc:623] => Image sees 103 / 170 points
I20261002 22:40:14.386587 10408 incremental_pipeline.cc:620] Registering image #71 (num_reg_frames=49)
I20261002 22:40:14.386920 10408 incremental_pipeline.cc:623] => Image sees 108 / 157 points
I20261002 22:40:14.411407 10408 incremental_pipeline.cc:620] Registering image #80 (num_reg_frames=50)
I20261002 22:40:14.411527 10408 incremental_pipeline.cc:623] => Image sees 112 / 168 points
I20261002 22:40:14.428485 10408 incremental_pipeline.cc:620] Registering image #76 (num_reg_frames=51)
I20261002 22:40:14.428682 10408 incremental_pipeline.cc:623] => Image sees 109 / 153 points
I20261002 22:40:14.446899 10408 incremental_pipeline.cc:620] Registering image #79 (num_reg_frames=52)
I20261002 22:40:14.447013 10408 incremental_pipeline.cc:623] => Image sees 107 / 170 points
I20261002 22:40:14.468991 10408 incremental_pipeline.cc:620] Registering image #77 (num_reg_frames=53)
I20261002 22:40:14.469180 10408 incremental_pipeline.cc:623] => Image sees 105 / 156 points
I20261002 22:40:14.490212 10408 incremental_pipeline.cc:88] Retriangulation and Global bundle adjustment
I20261002 22:40:16.726114 10408 incremental_pipeline.cc:620] Registering image #84 (num_reg_frames=54)
I20261002 22:40:16.735288 10408 incremental_pipeline.cc:623] => Image sees 105 / 175 points
I20261002 22:40:16.763132 10408 incremental_pipeline.cc:620] Registering image #82 (num_reg_frames=55)
I20261002 22:40:16.763264 10408 incremental_pipeline.cc:623] => Image sees 105 / 174 points
I20261002 22:40:16.780350 10408 incremental_pipeline.cc:620] Registering image #92 (num_reg_frames=56)
I20261002 22:40:16.780473 10408 incremental_pipeline.cc:623] => Image sees 99 / 167 points
I20261002 22:40:16.797150 10408 incremental_pipeline.cc:620] Registering image #90 (num_reg_frames=57)
I20261002 22:40:16.797392 10408 incremental_pipeline.cc:623] => Image sees 101 / 173 points
I20261002 22:40:16.811252 10408 incremental_pipeline.cc:620] Registering image #93 (num_reg_frames=58)
I20261002 22:40:16.811359 10408 incremental_pipeline.cc:623] => Image sees 100 / 169 points
I20261002 22:40:16.825203 10408 incremental_pipeline.cc:620] Registering image #86 (num_reg_frames=59)
I20261002 22:40:16.825330 10408 incremental_pipeline.cc:623] => Image sees 104 / 167 points
I20261002 22:40:16.851803 10408 incremental_pipeline.cc:620] Registering image #87 (num_reg_frames=60)
I20261002 22:40:16.852043 10408 incremental_pipeline.cc:623] => Image sees 100 / 169 points
I20261002 22:40:16.871906 10408 incremental_pipeline.cc:620] Registering image #83 (num_reg_frames=61)
I20261002 22:40:16.872014 10408 incremental_pipeline.cc:623] => Image sees 103 / 161 points
I20261002 22:40:16.893790 10408 incremental_pipeline.cc:620] Registering image #85 (num_reg_frames=62)
I20261002 22:40:16.894534 10408 incremental_pipeline.cc:623] => Image sees 107 / 166 points
I20261002 22:40:16.916564 10408 incremental_pipeline.cc:620] Registering image #95 (num_reg_frames=63)
I20261002 22:40:16.916674 10408 incremental_pipeline.cc:623] => Image sees 97 / 159 points
I20261002 22:40:16.947277 10408 incremental_pipeline.cc:620] Registering image #89 (num_reg_frames=64)
I20261002 22:40:16.947452 10408 incremental_pipeline.cc:623] => Image sees 113 / 145 points
I20261002 22:40:16.962677 10408 incremental_pipeline.cc:620] Registering image #94 (num_reg_frames=65)
I20261002 22:40:16.962777 10408 incremental_pipeline.cc:623] => Image sees 115 / 152 points
I20261002 22:40:16.991732 10408 incremental_pipeline.cc:620] Registering image #88 (num_reg_frames=66)
I20261002 22:40:16.991900 10408 incremental_pipeline.cc:623] => Image sees 113 / 146 points
I20261002 22:40:17.008040 10408 incremental_pipeline.cc:620] Registering image #96 (num_reg_frames=67)
I20261002 22:40:17.008558 10408 incremental_pipeline.cc:623] => Image sees 107 / 141 points
I20261002 22:40:17.021142 10408 incremental_pipeline.cc:620] Registering image #25 (num_reg_frames=68)
I20261002 22:40:17.021231 10408 incremental_pipeline.cc:623] => Image sees 100 / 196 points
I20261002 22:40:17.030864 10408 incremental_pipeline.cc:620] Registering image #28 (num_reg_frames=69)
I20261002 22:40:17.030954 10408 incremental_pipeline.cc:623] => Image sees 125 / 178 points
I20261002 22:40:17.044782 10408 incremental_pipeline.cc:620] Registering image #27 (num_reg_frames=70)
I20261002 22:40:17.044881 10408 incremental_pipeline.cc:623] => Image sees 132 / 215 points
I20261002 22:40:17.055366 10408 incremental_pipeline.cc:620] Registering image #26 (num_reg_frames=71)
I20261002 22:40:17.055467 10408 incremental_pipeline.cc:623] => Image sees 150 / 233 points
I20261002 22:40:17.066137 10408 incremental_pipeline.cc:620] Registering image #23 (num_reg_frames=72)
I20261002 22:40:17.066234 10408 incremental_pipeline.cc:623] => Image sees 128 / 218 points
I20261002 22:40:17.075884 10408 incremental_pipeline.cc:620] Registering image #21 (num_reg_frames=73)
I20261002 22:40:17.076115 10408 incremental_pipeline.cc:623] => Image sees 136 / 264 points
I20261002 22:40:17.086252 10408 incremental_pipeline.cc:88] Retriangulation and Global bundle adjustment
I20261002 22:40:20.666021 10408 incremental_pipeline.cc:620] Registering image #22 (num_reg_frames=74)
I20261002 22:40:20.675398 10408 incremental_pipeline.cc:623] => Image sees 149 / 248 points
I20261002 22:40:20.701679 10408 incremental_pipeline.cc:620] Registering image #24 (num_reg_frames=75)
I20261002 22:40:20.701873 10408 incremental_pipeline.cc:623] => Image sees 146 / 223 points
I20261002 22:40:20.716793 10408 incremental_pipeline.cc:620] Registering image #18 (num_reg_frames=76)
I20261002 22:40:20.716983 10408 incremental_pipeline.cc:623] => Image sees 147 / 232 points
I20261002 22:40:20.737504 10408 incremental_pipeline.cc:620] Registering image #19 (num_reg_frames=77)
I20261002 22:40:20.737810 10408 incremental_pipeline.cc:623] => Image sees 149 / 244 points
I20261002 22:40:20.759339 10408 incremental_pipeline.cc:620] Registering image #17 (num_reg_frames=78)
I20261002 22:40:20.759474 10408 incremental_pipeline.cc:623] => Image sees 141 / 226 points
I20261002 22:40:20.781588 10408 incremental_pipeline.cc:620] Registering image #7 (num_reg_frames=79)
I20261002 22:40:20.781883 10408 incremental_pipeline.cc:623] => Image sees 136 / 234 points
I20261002 22:40:20.810574 10408 incremental_pipeline.cc:620] Registering image #14 (num_reg_frames=80)
I20261002 22:40:20.810912 10408 incremental_pipeline.cc:623] => Image sees 165 / 246 points
I20261002 22:40:20.829888 10408 incremental_pipeline.cc:620] Registering image #15 (num_reg_frames=81)
I20261002 22:40:20.830004 10408 incremental_pipeline.cc:623] => Image sees 164 / 243 points
I20261002 22:40:20.855192 10408 incremental_pipeline.cc:620] Registering image #20 (num_reg_frames=82)
I20261002 22:40:20.855407 10408 incremental_pipeline.cc:623] => Image sees 152 / 239 points
I20261002 22:40:20.872146 10408 incremental_pipeline.cc:620] Registering image #16 (num_reg_frames=83)
I20261002 22:40:20.872263 10408 incremental_pipeline.cc:623] => Image sees 149 / 231 points
I20261002 22:40:20.887287 10408 incremental_pipeline.cc:620] Registering image #9 (num_reg_frames=84)
I20261002 22:40:20.887514 10408 incremental_pipeline.cc:623] => Image sees 142 / 251 points
I20261002 22:40:20.900435 10408 incremental_pipeline.cc:88] Retriangulation and Global bundle adjustment
I20261002 22:40:25.313483 10408 incremental_pipeline.cc:826] Keeping successful reconstruction
I20261002 22:40:25.314324 10408 incremental_pipeline.cc:465] Finding good initial image pair
I20261002 22:40:25.316974 10408 incremental_pipeline.cc:472] => No good initial image pair found.
I20261002 22:40:25.317088 10408 incremental_pipeline.cc:800] Discarding reconstruction due to no initial pair
I20261002 22:40:25.317218 10408 incremental_pipeline.cc:442] => Relaxing the initialization constraints.
I20261002 22:40:25.317634 10408 incremental_pipeline.cc:465] Finding good initial image pair
I20261002 22:40:25.324366 10408 incremental_pipeline.cc:472] => No good initial image pair found.
I20261002 22:40:25.324594 10408 incremental_pipeline.cc:800] Discarding reconstruction due to no initial pair
I20261002 22:40:25.324727 10408 incremental_pipeline.cc:429] => Relaxing the initialization constraints.
I20261002 22:40:25.325060 10408 incremental_pipeline.cc:465] Finding good initial image pair
I20261002 22:40:25.329794 10408 incremental_pipeline.cc:472] => No good initial image pair found.
I20261002 22:40:25.329932 10408 incremental_pipeline.cc:800] Discarding reconstruction due to no initial pair
I20261002 22:40:25.330079 10408 incremental_pipeline.cc:442] => Relaxing the initialization constraints.
I20261002 22:40:25.330458 10408 incremental_pipeline.cc:465] Finding good initial image pair
I20261002 22:40:25.333903 10408 incremental_pipeline.cc:492] Registering initial image pair #1 and #8
I20261002 22:40:25.334637 10408 incremental_pipeline.cc:510] Global bundle adjustment
I20261002 22:40:25.349322 10408 incremental_pipeline.cc:791] Discarding reconstruction due to bad initial pair
I20261002 22:40:25.349836 10408 incremental_pipeline.cc:465] Finding good initial image pair
I20261002 22:40:25.351454 10408 incremental_pipeline.cc:472] => No good initial image pair found.
I20261002 22:40:25.351552 10408 incremental_pipeline.cc:800] Discarding reconstruction due to no initial pair
I20261002 22:40:25.351671 10408 timer.cc:90] Elapsed time: 0.338 [minutes]
