# Image list with two lines of data per image:
#   IMAGE_ID, QW, QX, QY, QZ, TX, TY, TZ, CAMERA_ID, NAME
#   POINTS2D[] as (X, Y, POINT3D_ID)
# Number of images: 19, mean observations per image: 193.63157894736841
105 0.99865296954075855 -0.0374327686467806 0.035296068607376073 0.0067247155869199849 0.32049887948035921 -4.7118654699972593 -0.68437821447975355 1 000104.png
215.59288024902344 179.05354309082031 216 143.37028503417969 36.589931488037109 1 120.91080474853516 89.482315063476562 2 143.37028503417969 36.589931488037109 3 120.91080474853516 89.482315063476562 4 156.35208129882812 243.83197021484375 185 156.35208129882812 243.83197021484375 -1 91.004150390625 29.42768669128418 186 180.86599731445312 45.179832458496094 -1 200.27438354492188 172.20613098144531 220 231.16839599609375 199.4464111328125 218 114.79393005371094 25.27641487121582 7 106.49106597900391 215.42697143554688 219 135.3343505859375 211.51921081542969 -1 241.85931396484375 168.77369689941406 223 97.846382141113281 78.245124816894531 190 65.230674743652344 27.872222900390625 187 47.505176544189453 53.52301025390625 188 114.79393005371094 25.27641487121582 11 47.505176544189453 53.52301025390625 -1 221.412353515625 172.97882080078125 224 129.21484375 188.24661254882812 -1 119.974365234375 203.34275817871094 -1 141.1610107421875 234.15931701660156 222 128.22137451171875 242.67832946777344 221 211.40428161621094 144.02272033691406 227 130.49101257324219 18.268680572509766 272 161.69844055175781 37.889045715332031 14 32.286590576171875 41.769817352294922 189 211.40428161621094 144.02272033691406 225 176.81924438476562 68.707710266113281 38 245.88211059570312 187.31161499023438 231 74.849960327148438 244.65119934082031 583 153.65402221679688 57.894775390625 24 116.81295776367188 134.00868225097656 -1 153.65402221679688 57.894775390625 476 245.88211059570312 187.31161499023438 228 230.60174560546875 80.9149169921875 281 167.17669677734375 79.631645202636719 18 167.17669677734375 79.631645202636719 478 16.836502075195312 73.365287780761719 543 210.88751220703125 98.803337097167969 -1 242.81201171875 208.64378356933594 323 175.34687805175781 237.18855285644531 229 15.290507316589355 90.245658874511719 -1 15.290507316589355 90.245658874511719 -1 79.852821350097656 254.41847229003906 232 75.991119384765625 39.558799743652344 455 170.3677978515625 50.226799011230469 34 15.290507316589355 90.245658874511719 568 232.82298278808594 114.56996154785156 283 124.94181060791016 16.873764038085938 -1 38.254566192626953 36.629669189453125 376 43.828586578369141 29.943088531494141 375 5.7714009284973145 86.711631774902344 -1 149.51974487304688 206.46067810058594 234 173.99681091308594 95.202934265136719 43 156.52500915527344 79.144989013671875 49 38.254566192626953 36.629669189453125 194 5.7714009284973145 86.711631774902344 -1 67.688522338867188 42.031162261962891 192 173.99681091308594 95.202934265136719 47 250.78688049316406 176.55805969238281 569 145.16539001464844 213.52651977539062 241 159.21676635742188 217.90422058105469 -1 156.6744384765625 117.67755126953125 322 250.78688049316406 176.55805969238281 233 127.42415618896484 194.58877563476562 -1 152.20491027832031 103.19997406005859 324 145.16539001464844 213.52651977539062 -1 159.21676635742188 217.90422058105469 235 96.349037170410156 220.82164001464844 -1 147.693603515625 222.76742553710938 236 144.97813415527344 231.77690124511719 458 124.29317474365234 233.73480224609375 -1 8.8677272796630859 244.41609191894531 291 150.06794738769531 249.59303283691406 239 193.31982421875 53.973590850830078 39 134.25791931152344 72.146781921386719 48 157.86517333984375 57.29852294921875 476 198.302734375 107.42033386230469 193 5.7714009284973145 86.711631774902344 459 173.99681091308594 95.202934265136719 53 233.86227416992188 96.325614929199219 -1 165.22923278808594 36.399272918701172 546 124.94181060791016 16.873764038085938 -1 40.390342712402344 20.276714324951172 571 61.725208282470703 42.230087280273438 199 198.44046020507812 51.05322265625 -1 187.66352844238281 53.509422302246094 -1 14.01607608795166 79.400604248046875 255 239.76445007324219 92.917564392089844 -1 223.30792236328125 109.41102600097656 -1 107.4967041015625 113.97458648681641 -1 112.48368072509766 155.51005554199219 -1 4.0324187278747559 75.006820678710938 277 185.58084106445312 95.4688720703125 -1 152.41206359863281 215.906982421875 238 113.31461334228516 209.87998962402344 377 108.08291625976562 209.01679992675781 243 14.01607608795166 79.400604248046875 -1 100.31705474853516 226.88438415527344 246 91.268966674804688 11.521463394165039 573 114.65303802490234 217.08328247070312 244 152.41206359863281 215.906982421875 240 151.81318664550781 239.55647277832031 254 100.31705474853516 226.88438415527344 249 108.08291625976562 209.01679992675781 247 239.76445007324219 92.917564392089844 -1 114.65303802490234 217.08328247070312 248 102.82413482666016 72.601028442382812 294 24.010637283325195 64.212860107421875 203 13.339705467224121 69.853294372558594 543 151.38180541992188 75.414718627929688 87 227.06166076660156 85.061347961425781 183 222.15824890136719 85.808441162109375 298 172.28688049316406 88.374237060546875 309 180.00581359863281 94.058097839355469 89 227.32424926757812 96.078353881835938 299 103.31727600097656 208.61790466308594 341 39.220912933349609 209.40025329589844 636 104.82836151123047 222.70361328125 463 104.51829528808594 229.26911926269531 343 227.32424926757812 96.078353881835938 466 130.83662414550781 12.662139892578125 461 76.381698608398438 31.266664505004883 200 170.33299255371094 40.056835174560547 280 39.735542297363281 43.945858001708984 196 67.110946655273438 44.35491943359375 206 63.875980377197266 50.472309112548828 212 168.31076049804688 58.994216918945312 83 169.77963256835938 63.13201904296875 84 170.33299255371094 40.056835174560547 278 67.110946655273438 44.35491943359375 472 67.110946655273438 44.35491943359375 411 151.38180541992188 75.414718627929688 73 151.38180541992188 75.414718627929688 -1 216.07429504394531 66.782463073730469 -1 22.943204879760742 60.136638641357422 -1 155.58938598632812 229.82469177246094 -1 110.08283996582031 218.29779052734375 -1 155.58938598632812 229.82469177246094 -1 5.0835866928100586 236.38052368164062 345 147.36563110351562 240.17466735839844 369 154.34042358398438 122.19831848144531 574 175.80067443847656 101.73172760009766 -1 22.943204879760742 60.136638641357422 311 186.01290893554688 62.750926971435547 -1 46.132270812988281 66.144737243652344 -1 11.647198677062988 79.029190063476562 305 243.12869262695312 84.432022094726562 51 117.87014770507812 242.96369934082031 -1 93.250175476074219 5.0411138534545898 -1 239.56834411621094 86.665252685546875 -1 230.96333312988281 119.77712249755859 577 125.13967132568359 11.754105567932129 578 96.120277404785156 13.833888053894043 -1 95.344512939453125 20.359817504882812 209 66.729400634765625 37.880241394042969 210 118.80204772949219 190.13322448730469 -1 66.729400634765625 37.880241394042969 211 93.250175476074219 5.0411138534545898 469 95.344512939453125 20.359817504882812 308 19.183259963989258 80.549110412597656 296 56.389324188232422 55.925590515136719 582 24.202173233032227 77.248153686523438 579 235.13633728027344 79.112625122070312 -1 141.8631591796875 81.297660827636719 114 7.1930704116821289 82.170150756835938 310 13.195135116577148 85.070419311523438 -1 166.06077575683594 88.869308471679688 659 181.1004638671875 88.7724609375 120 201.08706665039062 96.38201904296875 -1 211.67170715332031 103.47953033447266 -1 252.40707397460938 131.43267822265625 -1 118.50567626953125 217.54254150390625 -1 169.44194030761719 242.16996765136719 318 22.233423233032227 72.561065673828125 252 17.384174346923828 69.627220153808594 415 39.434970855712891 67.559173583984375 -1 189.30525207519531 60.915779113769531 -1 31.308395385742188 58.251422882080078 214 190.53558349609375 57.443954467773438 116 198.25480651855469 54.914276123046875 385 192.33302307128906 51.192092895507812 125 173.53176879882812 45.05224609375 -1 167.87210083007812 35.615421295166016 546 77.007362365722656 35.044536590576172 580 22.233423233032227 72.561065673828125 383 24.202173233032227 77.248153686523438 -1 7.1930704116821289 82.170150756835938 361 13.195135116577148 85.070419311523438 -1 166.06077575683594 88.869308471679688 661 110.34359741210938 6.0989789962768555 501 114.33711242675781 2.0364532470703125 -1 35.348518371582031 56.472385406494141 360 44.971015930175781 26.652265548706055 -1 72.796928405761719 31.778203964233398 -1 110.34359741210938 6.0989789962768555 581 167.87210083007812 35.615421295166016 260 192.33302307128906 51.192092895507812 122 34.155975341796875 71.092552185058594 -1 17.384174346923828 69.627220153808594 416 223.76100158691406 70.928756713867188 -1 49.735694885253906 31.934494018554688 -1 
106 0.99925687370755223 -0.012552669865842666 0.036428011586115222 -0.0010633904880032064 0.20191027731297201 -3.2695733710489945 0.32828346509517653 1 000107.png
215.84849548339844 167.14166259765625 216 143.77030944824219 37.349613189697266 1 195.51339721679688 75.2515869140625 184 120.93093109130859 88.628456115722656 2 190.41604614257812 194.69636535644531 217 120.93093109130859 88.628456115722656 4 190.41604614257812 194.69636535644531 -1 143.77030944824219 37.349613189697266 3 158.188232421875 230.035888671875 185 92.496902465820312 28.438009262084961 186 229.53396606445312 184.2147216796875 218 133.77487182617188 226.48219299316406 221 114.91748809814453 25.108907699584961 7 200.62239074707031 160.19007873535156 261 114.91748809814453 25.108907699584961 11 69.887557983398438 25.642339706420898 187 52.502330780029297 49.031513214111328 188 241.3831787109375 91.622360229492188 271 240.98854064941406 156.57527160644531 223 200.62239074707031 160.19007873535156 220 111.62360382080078 200.40760803222656 219 129.31172180175781 17.036472320556641 272 161.64469909667969 38.132472991943359 14 37.858394622802734 39.920188903808594 189 51.104610443115234 66.12615966796875 273 98.799896240234375 72.473777770996094 190 223.54403686523438 142.41841125488281 -1 221.21147155761719 160.68064880371094 224 127.41024780273438 166.32099914550781 -1 144.69039916992188 216.68266296386719 222 188.66151428222656 236.44161987304688 262 149.70550537109375 240.63816833496094 274 154.45310974121094 57.303455352783203 476 182.86177062988281 59.532539367675781 19 166.87467956542969 80.059494018554688 25 21.756618499755859 83.034523010253906 568 210.99034118652344 133.13540649414062 225 82.259681701660156 226.32186889648438 226 166.87467956542969 80.059494018554688 478 166.87467956542969 80.059494018554688 18 154.45310974121094 57.303455352783203 24 210.99034118652344 133.13540649414062 227 22.77815055847168 71.117042541503906 543 79.646133422851562 36.927589416503906 455 244.14022827148438 173.35404968261719 231 186.13197326660156 225.595458984375 264 131.11384582519531 235.0284423828125 230 186.13197326660156 225.595458984375 263 176.55833435058594 219.15927124023438 229 143.65406799316406 188.00863647460938 -1 244.14022827148438 173.35404968261719 228 164.56509399414062 36.836894989013672 546 217.94143676757812 70.767059326171875 276 11.224051475524902 72.180686950683594 277 170.95423889160156 41.790443420410156 278 173.87530517578125 95.196632385253906 43 173.87530517578125 95.196632385253906 47 161.51347351074219 91.756965637207031 279 169.64897155761719 51.543796539306641 34 161.61268615722656 201.53268432617188 235 170.95423889160156 41.790443420410156 280 72.08465576171875 38.646907806396484 192 193.44013977050781 54.424949645996094 39 228.24758911132812 76.860153198242188 281 156.51719665527344 79.331878662109375 49 239.02029418945312 84.028114318847656 51 161.51347351074219 91.756965637207031 282 173.87530517578125 95.196632385253906 53 198.71406555175781 100.24233245849609 193 231.80635070800781 106.78838348388672 283 131.65200805664062 178.470458984375 195 243.99885559082031 181.61865234375 330 152.07215881347656 190.98391723632812 234 150.44477844238281 205.85188293457031 236 87.60260009765625 233.93955993652344 232 63.556156158447266 240.73863220214844 284 43.289608001708984 34.65020751953125 376 175.57887268066406 65.944221496582031 38 169.64897155761719 51.543796539306641 660 43.289608001708984 34.65020751953125 194 87.60260009765625 233.93955993652344 286 152.07215881347656 190.98391723632812 237 243.99885559082031 181.61865234375 328 45.704334259033203 41.809928894042969 196 59.449329376220703 51.376163482666016 582 197.811279296875 50.590496063232422 -1 52.690448760986328 56.245147705078125 326 154.38523864746094 64.706916809082031 63 149.02558898925781 69.771308898925781 287 19.672908782958984 76.459129333496094 255 10.303266525268555 83.535980224609375 198 182.02738952636719 81.566047668457031 379 154.40655517578125 198.89453125 240 182.02738952636719 81.566047668457031 -1 232.43614196777344 89.07025146484375 288 160.76689147949219 230.84732055664062 289 154.40655517578125 198.89453125 238 19.672908782958984 76.459129333496094 -1 66.634521484375 39.098522186279297 199 154.38523864746094 64.706916809082031 65 154.38523864746094 64.706916809082031 64 149.72271728515625 197.58753967285156 241 160.76689147949219 230.84732055664062 290 18.614435195922852 227.71928405761719 291 220.916259765625 134.9901123046875 292 153.03857421875 229.75315856933594 239 149.02558898925781 69.771308898925781 293 102.80278015136719 72.245193481445312 294 250.28929138183594 89.871025085449219 182 250.28929138183594 89.871025085449219 181 105.65218353271484 39.451633453369141 201 119.70135498046875 200.22468566894531 244 153.45086669921875 252.21188354492188 -1 119.70135498046875 200.22468566894531 248 153.45086669921875 252.21188354492188 -1 189.93830871582031 245.83110046386719 265 30.84803581237793 52.448249816894531 202 241.55619812011719 144.41098022460938 356 203.70654296875 146.3170166015625 251 117.18067169189453 167.848388671875 242 168.77772521972656 58.818119049072266 83 105.33319854736328 210.68142700195312 249 169.79501342773438 63.118270874023438 84 30.305084228515625 61.119029998779297 203 4.9734511375427246 74.665596008300781 477 25.24354362487793 75.154045104980469 296 151.61363220214844 75.050827026367188 87 5.3729672431945801 78.976249694824219 477 221.31317138671875 79.273910522460938 298 141.68325805664062 82.221923828125 114 113.09007263183594 191.72163391113281 243 226.53622436523438 88.932723999023438 299 180.06745910644531 94.010513305664062 89 164.1778564453125 101.65267944335938 90 30.84803581237793 52.448249816894531 205 109.68627166748047 207.60739135742188 463 80.346343994140625 29.678432464599609 204 151.61363220214844 75.050827026367188 73 226.53622436523438 88.932723999023438 466 180.06745910644531 94.010513305664062 266 203.70654296875 146.3170166015625 300 113.09007263183594 191.72163391113281 247 105.33319854736328 210.68142700195312 246 109.99874877929688 211.39506530761719 343 187.93560791015625 240.30674743652344 256 81.198944091796875 19.336830139160156 -1 80.346343994140625 29.678432464599609 200 16.950040817260742 76.930900573730469 301 164.68589782714844 33.332431793212891 -1 71.376708984375 34.964187622070312 210 43.080940246582031 38.374778747558594 450 71.599021911621094 41.445243835449219 206 45.175216674804688 47.9776611328125 250 199.80963134765625 56.462062835693359 385 176.47921752929688 60.437862396240234 80 20.333938598632812 68.725944519042969 543 21.579792022705078 75.531120300292969 370 159.58132934570312 235.42057800292969 337 6.421515941619873 85.405509948730469 -1 177.62451171875 90.151023864746094 115 92.86505126953125 4.8979830741882324 469 198.57131958007812 95.666305541992188 267 232.86260986328125 138.82481384277344 -1 245.2061767578125 147.48361206054688 -1 248.7025146484375 150.12664794921875 387 86.240653991699219 152.65257263183594 -1 207.42845153808594 152.87080383300781 479 115.9326171875 213.25746154785156 344 161.37033081054688 77.368545532226562 478 68.073394775390625 47.037876129150391 213 20.333938598632812 68.725944519042969 304 16.950040817260742 76.930900573730469 305 6.421515941619873 85.405509948730469 -1 115.9326171875 213.25746154785156 336 159.58132934570312 235.42057800292969 346 243.91448974609375 169.84014892578125 -1 68.073394775390625 47.037876129150391 207 230.53585815429688 140.6265869140625 320 161.37033081054688 77.368545532226562 74 154.48483276367188 220.59739685058594 254 16.950040817260742 76.930900573730469 307 95.859382629394531 20.826404571533203 308 71.376708984375 34.964187622070312 211 95.859382629394531 20.826404571533203 209 68.073394775390625 47.037876129150391 212 150.02449035644531 124.15996551513672 -1 248.70487976074219 123.64945983886719 357 199.8814697265625 92.208343505859375 267 172.02156066894531 89.422592163085938 309 180.96833801269531 88.899978637695312 120 166.05206298828125 88.860061645507812 661 12.802559852600098 80.33819580078125 310 22.241987228393555 75.477386474609375 370 172.56913757324219 60.102619171142578 126 29.071123123168945 57.739994049072266 311 190.44169616699219 57.563854217529297 116 37.338573455810547 55.496498107910156 214 192.33998107910156 51.328453063964844 125 173.93882751464844 50.215198516845703 312 108.54010009765625 23.467662811279297 257 172.98863220214844 79.712356567382812 113 173.93882751464844 50.215198516845703 313 192.33998107910156 51.328453063964844 122 22.241987228393555 75.477386474609375 370 166.05206298828125 88.860061645507812 659 193.48098754882812 230.10755920410156 -1 148.89045715332031 232.13275146484375 -1 142.82337951660156 245.48538208007812 -1 235.17756652832031 95.240730285644531 -1 226.73550415039062 96.772750854492188 409 148.89045715332031 232.13275146484375 316 114.44219970703125 1.9690382480621338 317 142.82337951660156 245.48538208007812 -1 164.64178466796875 248.76844787597656 389 66.365867614746094 43.585247039794922 215 155.34616088867188 231.44017028808594 -1 193.48098754882812 230.10755920410156 454 146.95594787597656 226.63633728027344 -1 145.51336669921875 223.89315795898438 -1 174.00749206542969 223.67623901367188 318 238.64788818359375 192.00309753417969 -1 126.17940521240234 178.35826110839844 -1 245.83233642578125 176.51408386230469 -1 204.50210571289062 176.01268005371094 473 167.96551513671875 35.550426483154297 546 76.196113586425781 42.237957000732422 258 224.91531372070312 133.40385437011719 -1 251.0108642578125 125.14356231689453 -1 167.96551513671875 35.550426483154297 260 
107 0.99914467014768082 -0.02032508975099102 0.03600802438822135 0.00049093966406546096 0.23598878519942715 -3.7240395121654344 0.125032878604589 1 000106.png
215.96846008300781 170.15739440917969 216 190.5238037109375 198.11068725585938 217 190.5238037109375 198.11068725585938 -1 190.5238037109375 198.11068725585938 -1 143.62466430664062 37.065547943115234 1 120.87978363037109 88.891815185546875 2 143.62466430664062 37.065547943115234 3 120.87978363037109 88.891815185546875 4 157.72586059570312 231.53952026367188 185 92.439994812011719 29.723352432250977 186 125.20233154296875 159.59463500976562 392 230.24919128417969 188.09605407714844 218 133.90977478027344 207.86711120605469 371 242.1551513671875 93.166297912597656 372 114.89656066894531 25.270753860473633 11 69.211593627929688 26.973043441772461 187 51.538589477539062 50.606716156005859 188 242.1551513671875 93.166297912597656 271 241.6605224609375 159.81045532226562 223 126.095703125 163.32499694824219 -1 200.63700866699219 163.18460083007812 220 110.12176513671875 204.20048522949219 219 132.16806030273438 230.98712158203125 221 114.89656066894531 25.270753860473633 7 130.27285766601562 18.025030136108398 272 161.59861755371094 38.156009674072266 14 36.813865661621094 41.787441253662109 189 98.514892578125 74.684333801269531 190 211.46762084960938 136.17636108398438 225 211.46762084960938 136.17636108398438 227 189.33015441894531 241.71595764160156 262 143.77447509765625 221.39764404296875 222 221.73664855957031 163.99729919433594 224 153.61456298828125 57.776283264160156 476 183.03121948242188 58.146484375 19 166.93702697753906 79.870018005371094 18 20.97020149230957 85.265022277832031 568 80.2708740234375 230.86387634277344 226 166.93702697753906 79.870018005371094 25 80.2708740234375 230.86387634277344 583 166.93702697753906 79.870018005371094 478 153.61456298828125 57.776283264160156 24 216.56425476074219 193.8275146484375 -1 179.3555908203125 235.83598327636719 -1 242.1785888671875 196.43161010742188 323 143.05006408691406 190.45439147949219 -1 62.11279296875 247.91276550292969 284 245.022705078125 176.94151306152344 228 158.41419982910156 114.77089691162109 322 25.027267456054688 104.87843322753906 624 162.32528686523438 96.813796997070312 619 228.97508239746094 77.910202026367188 281 21.927713394165039 72.616592407226562 543 78.805999755859375 38.230724334716797 455 165.15194702148438 36.628753662109375 546 186.04725646972656 230.73521423339844 264 90.404396057128906 245.71907043457031 373 146.01788330078125 242.031494140625 -1 129.95973205566406 239.35501098632812 230 186.04725646972656 230.73521423339844 263 176.28509521484375 223.55038452148438 229 245.022705078125 176.94151306152344 231 156.49461364746094 79.29705810546875 49 240.24153137207031 85.341659545898438 51 154.35386657714844 90.950668334960938 52 233.30093383789062 90.872528076171875 288 161.48663330078125 91.678054809570312 282 173.84243774414062 95.178726196289062 53 199.17388916015625 101.97696685791016 193 232.86317443847656 109.20999145507812 283 151.39488220214844 194.92085266113281 234 153.84544372558594 202.90579223632812 240 161.05366516113281 205.74488830566406 235 149.74560546875 210.18104553222656 236 152.2445068359375 234.65438842773438 239 85.54302978515625 238.99661254882812 286 157.90065002441406 57.49981689453125 476 85.54302978515625 238.99661254882812 232 153.84544372558594 202.90579223632812 238 151.39488220214844 194.92085266113281 237 173.84243774414062 95.178726196289062 43 173.84243774414062 95.178726196289062 47 161.48663330078125 91.678054809570312 279 169.77687072753906 51.263607025146484 34 171.06184387207031 42.97515869140625 280 42.529369354248047 36.183372497558594 376 42.529369354248047 36.183372497558594 194 71.174339294433594 40.176486968994141 192 171.06184387207031 42.97515869140625 278 169.77687072753906 51.263607025146484 660 193.31651306152344 54.284694671630859 39 175.65522766113281 66.0137939453125 38 133.66850280761719 71.236930847167969 48 51.693477630615234 57.804786682128906 326 125.64432525634766 179.65034484863281 -1 15.661412239074707 231.80061340332031 291 118.28937530517578 204.38348388671875 248 103.58000183105469 202.02896118164062 342 148.74185180664062 201.702880859375 241 132.44477844238281 180.41339111328125 195 221.38682556152344 137.68836975097656 292 118.28937530517578 204.38348388671875 244 103.58000183105469 202.02896118164062 334 212.88356018066406 108.7857666015625 -1 206.84245300292969 104.96587371826172 -1 250.80026245117188 90.380561828613281 181 9.513458251953125 84.874092102050781 459 154.60916137695312 64.451553344726562 64 154.60916137695312 64.451553344726562 65 154.60916137695312 64.451553344726562 63 58.597389221191406 52.945453643798828 582 44.478603363037109 43.488216400146484 196 65.661178588867188 40.998863220214844 199 232.166748046875 121.05437469482422 577 212.88356018066406 108.7857666015625 331 206.84245300292969 104.96587371826172 332 193.68931579589844 96.246528625488281 -1 250.80026245117188 90.380561828613281 182 9.513458251953125 84.874092102050781 198 180.9725341796875 82.375244140625 379 116.46851348876953 198.6417236328125 377 102.84413146972656 71.910171508789062 294 239.13627624511719 150.00968933105469 -1 81.268959045410156 38.896091461181641 -1 106.860107421875 197.71783447265625 341 130.72555541992188 12.558485984802246 461 79.859542846679688 31.112323760986328 204 29.668540954589844 53.962905883789062 202 199.97242736816406 57.11260986328125 385 168.66905212402344 58.812744140625 83 29.332790374755859 62.654129028320312 203 169.74986267089844 63.163692474365234 84 151.50794982910156 75.16571044921875 73 3.4142811298370361 76.267501831054688 477 161.40885925292969 77.364952087402344 478 221.77117919921875 81.082504272460938 298 226.72055053710938 90.725364685058594 299 180.05339050292969 94.123626708984375 89 163.9908447265625 101.35896301269531 90 154.94650268554688 121.25520324707031 -1 231.06941223144531 144.12881469726562 320 203.90492248535156 149.52214050292969 251 62.0584716796875 181.26368713378906 441 111.74520874023438 195.97526550292969 243 35.040931701660156 210.24008178710938 440 117.30083465576172 210.56520080566406 245 108.28212738037109 211.46351623535156 463 103.92781066894531 214.76885986328125 246 108.55758666992188 215.73477172851562 343 160.78494262695312 220.77345275878906 464 153.90199279785156 225.30824279785156 254 187.60615539550781 245.33477783203125 256 189.84259033203125 251.04267883300781 265 81.361763000488281 20.130218505859375 -1 189.84259033203125 251.04267883300781 443 79.859542846679688 31.112323760986328 200 29.668540954589844 53.962905883789062 205 151.50794982910156 75.16571044921875 87 161.40885925292969 77.364952087402344 74 180.05339050292969 94.123626708984375 266 163.9908447265625 101.35896301269531 -1 154.94650268554688 121.25520324707031 574 111.74520874023438 195.97526550292969 247 103.92781066894531 214.76885986328125 249 160.78494262695312 220.77345275878906 -1 160.78494262695312 220.77345275878906 467 172.99882507324219 79.513160705566406 113 141.98013305664062 81.438995361328125 114 158.764404296875 240.66575622558594 346 70.529014587402344 36.425304412841797 210 177.77813720703125 90.665382385253906 115 70.624275207519531 43.044574737548828 206 243.84341430664062 152.61189270019531 -1 133.41815185546875 182.87687683105469 -1 67.050491333007812 48.568107604980469 207 158.764404296875 240.66575622558594 337 22.55511474609375 250.77171325683594 -1 108.10662841796875 252.480224609375 -1 136.41883850097656 253.71232604980469 348 23.891897201538086 56.447681427001953 470 19.497650146484375 70.273208618164062 543 20.582534790039062 77.022239685058594 370 16.241977691650391 78.356819152832031 301 96.191619873046875 21.787317276000977 209 113.22894287109375 6.6689682006835938 -1 96.191619873046875 21.787317276000977 308 70.529014587402344 36.425304412841797 211 70.624275207519531 43.044574737548828 411 67.050491333007812 48.568107604980469 213 67.050491333007812 48.568107604980469 212 211.57615661621094 160.35809326171875 479 23.891897201538086 56.447681427001953 471 19.497650146484375 70.273208618164062 304 20.582534790039062 77.022239685058594 370 16.241977691650391 78.356819152832031 305 16.241977691650391 78.356819152832031 307 133.41815185546875 182.87687683105469 -1 241.59417724609375 83.247810363769531 51 146.05940246582031 231.6209716796875 -1 199.35972595214844 147.74650573730469 692 154.93267822265625 240.1461181640625 -1 152.21923828125 241.74067687988281 269 121.98672485351562 235.89883422851562 -1 144.48223876953125 228.46124267578125 -1 9.5584678649902344 227.17990112304688 -1 12.259035110473633 226.02088928222656 345 7.9835968017578125 223.01353454589844 -1 3.1354475021362305 222.25532531738281 -1 114.90587615966797 217.87890625 336 246.7593994140625 180.37242126464844 -1 204.76028442382812 179.124755859375 473 232.99772644042969 177.47341918945312 -1 21.270767211914062 54.718608856201172 -1 235.75395202636719 97.1015625 -1 180.97332763671875 88.856460571289062 120 166.06916809082031 88.895652770996094 661 11.953947067260742 81.625602722167969 310 175.8592529296875 60.557392120361328 80 172.49958801269531 60.114749908447266 126 28.393344879150391 59.066795349121094 311 190.43020629882812 57.570468902587891 116 36.306861877441406 57.101577758789062 214 21.270767211914062 54.718608856201172 -1 192.36671447753906 51.270641326904297 125 65.426353454589844 45.399250030517578 215 80.182060241699219 34.695732116699219 580 114.55021667480469 1.9708096981048584 317 166.06916809082031 88.895652770996094 659 114.90587615966797 217.87890625 344 121.98672485351562 235.89883422851562 -1 148.01219177246094 237.44151306152344 -1 186.06706237792969 252.03997802734375 -1 160.99565124511719 253.30599975585938 -1 162.54132080078125 28.965480804443359 -1 160.99565124511719 253.30599975585938 -1 148.01219177246094 237.44151306152344 316 45.442600250244141 25.79063606262207 -1 110.36476898193359 6.3409562110900879 501 162.96188354492188 243.71002197265625 -1 187.56852722167969 248.13363647460938 -1 110.36476898193359 6.3409562110900879 581 192.36671447753906 51.270641326904297 122 154.15214538574219 99.246040344238281 270 154.15214538574219 99.246040344238281 119 
108 0.99925460413854528 -0.012399592958683779 0.036548998725360646 -0.00081049031564276483 0.19611948146813765 -3.2597600334674923 0.31197995449309163 1 000108.png
215.89605712890625 167.12016296386719 216 143.79434204101562 37.334285736083984 1 195.53530883789062 75.192855834960938 184 120.89231872558594 88.521026611328125 2 190.45196533203125 194.638671875 217 120.89231872558594 88.521026611328125 4 143.79434204101562 37.334285736083984 3 158.19189453125 230.05320739746094 185 113.76889038085938 252.19142150878906 484 92.453109741210938 28.365409851074219 186 229.51834106445312 184.17218017578125 218 200.62677001953125 160.08633422851562 261 111.63460540771484 200.32252502441406 219 69.836380004882812 25.407018661499023 187 114.92967224121094 25.129945755004883 11 52.488494873046875 49.000167846679688 188 241.38870239257812 91.666275024414062 271 200.62677001953125 160.08633422851562 220 133.77865600585938 226.44168090820312 221 114.92967224121094 25.129945755004883 7 37.743350982666016 39.966793060302734 189 144.60922241210938 216.61283874511719 222 224.26441955566406 142.69390869140625 -1 129.25131225585938 16.976606369018555 272 161.61578369140625 38.127063751220703 14 188.59855651855469 236.34974670410156 262 98.808296203613281 72.108161926269531 190 241.48472595214844 156.69438171386719 223 50.998916625976562 66.126815795898438 273 149.78692626953125 240.63835144042969 274 221.17361450195312 160.65855407714844 224 154.34307861328125 57.227439880371094 476 182.85752868652344 59.525173187255859 19 166.83181762695312 80.086433410644531 18 21.851375579833984 83.121574401855469 568 210.95976257324219 133.34660339355469 225 82.255409240722656 226.33499145507812 226 154.34307861328125 57.227439880371094 24 166.83181762695312 80.086433410644531 25 210.95976257324219 133.34660339355469 227 22.137880325317383 71.106437683105469 543 166.83181762695312 80.086433410644531 478 240.07362365722656 182.93777465820312 -1 134.28900146484375 71.209274291992188 48 244.20529174804688 173.27839660644531 228 143.84609985351562 187.52220153808594 -1 216.1383056640625 190.18421936035156 -1 176.53810119628906 219.19288635253906 229 186.13839721679688 225.37208557128906 263 131.13473510742188 235.13023376464844 230 186.13839721679688 225.37208557128906 264 244.20529174804688 173.27839660644531 231 64.238151550292969 241.84396362304688 284 79.61663818359375 36.834632873535156 455 164.51502990722656 36.879081726074219 546 87.666282653808594 233.91241455078125 232 171.08058166503906 42.090370178222656 278 161.50938415527344 91.779319763183594 279 169.64895629882812 51.630210876464844 34 43.445297241210938 34.568996429443359 376 175.55812072753906 65.899345397949219 38 249.38812255859375 163.31864929199219 233 244.18013000488281 181.53141784667969 330 171.08058166503906 42.090370178222656 280 152.061767578125 190.92765808105469 234 161.60270690917969 201.45433044433594 235 150.44905090332031 205.79629516601562 236 169.64895629882812 51.630210876464844 660 228.20280456542969 76.78692626953125 281 156.47943115234375 79.353179931640625 49 72.053352355957031 38.555870056152344 192 157.53094482421875 57.436286926269531 476 238.96842956542969 84.087417602539062 51 154.35795593261719 90.921600341796875 52 193.41618347167969 54.457145690917969 39 161.50938415527344 91.779319763183594 282 173.84725952148438 95.208053588867188 53 198.84892272949219 100.01976776123047 193 231.95829772949219 106.79232788085938 283 43.445297241210938 34.568996429443359 194 131.62358093261719 178.35685729980469 195 87.666282653808594 233.91241455078125 286 152.061767578125 190.92765808105469 237 244.18013000488281 181.53141784667969 328 173.84725952148438 95.208053588867188 43 173.84725952148438 95.208053588867188 47 45.839340209960938 41.605079650878906 196 59.451969146728516 51.358482360839844 582 52.707683563232422 56.192264556884766 326 232.49960327148438 88.954750061035156 288 11.146542549133301 72.175514221191406 277 10.282289505004883 83.48736572265625 198 181.99998474121094 81.508346557617188 379 181.99998474121094 81.508346557617188 -1 154.40386962890625 198.85926818847656 238 250.08470153808594 89.707191467285156 181 66.593620300292969 38.908935546875 199 160.72755432128906 230.82780456542969 290 153.02828979492188 229.80879211425781 239 154.40386962890625 198.85926818847656 240 149.57417297363281 197.50239562988281 241 250.08470153808594 89.707191467285156 182 160.72755432128906 230.82780456542969 289 161.25729370117188 216.37240600585938 464 227.09495544433594 82.72088623046875 183 80.29730224609375 29.668186187744141 200 105.77738189697266 39.421600341796875 201 103.52255249023438 51.435585021972656 382 30.676641464233398 52.556663513183594 202 168.78260803222656 58.873058319091797 83 30.419559478759766 60.974330902099609 203 169.80108642578125 63.115440368652344 84 4.9030246734619141 74.618057250976562 477 221.40264892578125 79.017898559570312 298 141.63296508789062 82.423095703125 114 226.30136108398438 88.833419799804688 299 180.03431701660156 94.026145935058594 89 164.0487060546875 101.64701080322266 90 221.02558898925781 134.79685974121094 -1 248.31156921386719 149.32273864746094 387 116.99509429931641 167.90121459960938 242 64.248672485351562 177.50296020507812 441 113.04590606689453 191.76998901367188 243 119.72112274169922 200.15411376953125 244 119.34635162353516 205.72682189941406 245 109.71672821044922 207.57810974121094 463 105.33309173583984 210.61262512207031 246 21.419815063476562 223.70172119140625 366 17.717037200927734 227.27520751953125 291 189.96832275390625 245.62553405761719 265 110.10512542724609 211.29827880859375 343 161.25729370117188 216.37240600585938 467 161.25729370117188 216.37240600585938 -1 80.29730224609375 29.668186187744141 204 105.77738189697266 39.421600341796875 512 30.676641464233398 52.556663513183594 205 226.30136108398438 88.833419799804688 466 180.03431701660156 94.026145935058594 266 164.0487060546875 101.64701080322266 -1 113.04590606689453 191.76998901367188 247 119.72112274169922 200.15411376953125 248 105.33309173583984 210.61262512207031 249 21.419815063476562 223.70172119140625 -1 71.591056823730469 41.400032043457031 206 68.092887878417969 46.973628997802734 207 45.010074615478516 47.987773895263672 250 199.82347106933594 56.365242004394531 385 203.70489501953125 146.40130615234375 251 21.417243957519531 75.488433837890625 370 172.93023681640625 79.464515686035156 113 29.354274749755859 68.474075317382812 252 177.68348693847656 90.43609619140625 115 198.52583312988281 95.469223022460938 267 101.80286407470703 136.26544189453125 253 230.77577209472656 137.29080200195312 -1 89.180732727050781 149.42724609375 381 92.731361389160156 4.5236039161682129 469 207.54447937011719 152.98072814941406 479 29.354274749755859 68.474075317382812 383 154.59153747558594 220.49525451660156 254 95.931938171386719 20.754840850830078 209 71.358230590820312 34.950408935546875 210 125.70563507080078 10.251255035400391 578 159.57000732421875 235.31689453125 337 95.931938171386719 20.754840850830078 308 71.358230590820312 34.950408935546875 211 68.092887878417969 46.973628997802734 212 68.092887878417969 46.973628997802734 213 21.417243957519531 75.488433837890625 255 188.01803588867188 240.40829467773438 256 159.57000732421875 235.31689453125 346 145.43089294433594 223.87931823730469 -1 211.59223937988281 157.37142944335938 479 126.17720794677734 178.30194091796875 -1 230.71778869628906 140.52769470214844 320 217.90965270996094 131.26820373535156 -1 247.98255920410156 123.19684600830078 357 108.56937408447266 23.627462387084961 257 234.96908569335938 95.106155395507812 -1 180.99313354492188 88.869094848632812 120 166.04751586914062 88.928451538085938 661 243.11625671386719 87.088424682617188 -1 240.52986145019531 82.59222412109375 51 12.58004093170166 80.119270324707031 310 175.908447265625 60.565395355224609 80 172.5533447265625 60.098388671875 126 190.45045471191406 57.534931182861328 116 37.236213684082031 55.476390838623047 214 192.3465576171875 51.315166473388672 125 46.697036743164062 24.566390991210938 -1 76.151100158691406 42.200641632080078 258 167.92961120605469 35.548549652099609 546 114.42044830322266 1.9420075416564941 317 167.92961120605469 35.548549652099609 260 173.95639038085938 224.0396728515625 318 192.3465576171875 51.315166473388672 122 146.80592346191406 226.70635986328125 -1 153.21766662597656 236.74923706054688 269 66.369659423828125 43.700824737548828 215 12.58004093170166 80.119270324707031 361 186.3858642578125 246.50784301757812 -1 164.62910461425781 248.86300659179688 389 166.04751586914062 88.928451538085938 659 48.193889617919922 30.899131774902344 -1 154.08926391601562 99.230812072753906 270 154.08926391601562 99.230812072753906 119 154.18618774414062 240.00537109375 -1 
109 0.99901757289809168 -0.0256415568923609 0.036017273637580949 0.0030258223109694373 0.25091267280522239 -4.0299535808939906 -0.15920223174648801 1 000105.png
215.57170104980469 172.96102905273438 216 185.6192626953125 200.78343200683594 -1 185.6192626953125 200.78343200683594 -1 185.6192626953125 200.78343200683594 -1 143.62088012695312 36.931423187255859 1 120.89154052734375 88.994056701660156 2 143.62088012695312 36.931423187255859 3 120.89154052734375 88.994056701660156 4 157.0350341796875 234.20278930664062 185 157.0350341796875 234.20278930664062 -1 92.086380004882812 29.360559463500977 186 179.30918884277344 50.899276733398438 615 19.71464729309082 99.378273010253906 -1 125.22196197509766 160.11712646484375 392 230.68345642089844 191.97283935546875 218 133.37820434570312 210.55256652832031 371 241.62004089355469 162.67486572265625 223 109.00414276123047 207.76368713378906 219 130.95341491699219 234.80357360839844 221 114.84431457519531 25.262981414794922 7 242.44073486328125 94.375289916992188 372 114.84431457519531 25.262981414794922 11 67.910926818847656 27.127883911132812 187 50.296222686767578 51.348831176757812 188 242.44073486328125 94.375289916992188 271 130.21609497070312 17.978034973144531 272 161.61997985839844 38.075553894042969 14 35.303928375244141 41.474277496337891 189 98.095016479492188 75.481025695800781 190 46.567390441894531 69.178848266601562 273 211.574951171875 138.79791259765625 227 143.01075744628906 225.42291259765625 222 211.574951171875 138.79791259765625 225 221.55712890625 166.98486328125 224 167.0037841796875 79.820823669433594 18 78.58087158203125 235.15138244628906 226 167.0037841796875 79.820823669433594 478 78.58087158203125 235.15138244628906 583 240.87680053710938 86.668022155761719 -1 165.17420959472656 36.536422729492188 546 175.91787719726562 66.8902587890625 621 77.923080444335938 38.582012176513672 455 175.91787719726562 66.8902587890625 38 20.411739349365234 72.771507263183594 543 240.87680053710938 86.668022155761719 -1 22.889251708984375 106.54853820800781 624 245.40411376953125 180.29159545898438 228 242.31683349609375 200.341552734375 323 176.02497863769531 227.70574951171875 229 185.57138061523438 235.10675048828125 264 128.89035034179688 243.34719848632812 230 88.981338500976562 249.6727294921875 373 128.89035034179688 243.34719848632812 -1 185.57138061523438 235.10675048828125 263 229.59159851074219 78.823760986328125 281 245.40411376953125 180.29159545898438 231 8.0989894866943359 85.101409912109375 198 170.93351745605469 41.618354797363281 278 169.82859802246094 51.144466400146484 660 186.34954833984375 56.936637878417969 -1 41.3145751953125 35.785755157470703 376 232.970458984375 111.03839111328125 283 186.34954833984375 56.936637878417969 -1 150.84814453125 198.65065002441406 234 170.93351745605469 41.618354797363281 280 152.157470703125 103.30833435058594 324 173.81849670410156 95.111282348632812 53 161.50663757324219 91.471115112304688 282 154.34922790527344 91.051765441894531 52 156.49697875976562 79.278205871582031 49 193.32839965820312 54.250808715820312 39 169.82859802246094 51.144466400146484 34 70.090133666992188 40.557216644287109 192 41.3145751953125 35.785755157470703 194 153.23101806640625 206.91758728027344 240 160.42805480957031 209.63934326171875 235 149.00569152832031 214.14271545410156 236 146.88772583007812 222.432373046875 458 151.50732421875 239.44578552246094 239 84.185264587402344 243.1201171875 232 157.49671936035156 116.44272613525391 322 157.8875732421875 57.386817932128906 476 8.0989894866943359 85.101409912109375 459 250.39697265625 169.98094177246094 233 84.185264587402344 243.1201171875 286 125.62015533447266 181.07443237304688 -1 233.32498168945312 92.6522216796875 -1 150.84814453125 198.65065002441406 234 198.60894775390625 104.06479644775391 193 146.88772583007812 222.432373046875 329 153.23101806640625 206.91758728027344 238 150.84814453125 198.65065002441406 237 250.39697265625 169.98094177246094 569 173.81849670410156 95.111282348632812 43 173.81849670410156 95.111282348632812 47 161.50663757324219 91.471115112304688 279 57.310714721679688 53.540271759033203 582 50.60650634765625 58.270099639892578 326 154.64689636230469 64.377105712890625 63 7.9623255729675293 74.100608825683594 277 251.24284362792969 91.190177917480469 182 212.565673828125 110.42291259765625 331 107.41944885253906 113.23649597167969 -1 205.83549499511719 142.12835693359375 339 110.60475158691406 200.20832824707031 243 115.66887664794922 202.25930786132812 377 147.63308715820312 205.420654296875 241 117.08252716064453 208.41709899902344 248 13.236488342285156 235.33345031738281 291 154.64689636230469 64.377105712890625 64 154.64689636230469 64.377105712890625 65 122.50455474853516 227.96200561523438 -1 122.50455474853516 227.96200561523438 -1 110.60475158691406 200.20832824707031 247 64.40130615234375 40.935630798339844 199 102.77001190185547 218.73661804199219 246 102.77001190185547 218.73661804199219 249 141.82987976074219 82.529632568359375 114 186.98960876464844 250.30911254882812 256 69.598457336425781 43.244754791259766 206 130.68370056152344 12.578412055969238 461 78.700172424316406 30.967124938964844 204 42.571125030517578 43.526241302490234 196 66.085807800292969 48.9366455078125 207 168.27520751953125 52.612152099609375 660 168.67440795898438 58.836090087890625 83 160.32633972167969 60.370864868164062 462 169.74703979492188 63.163650512695312 84 161.78553771972656 77.401008605957031 478 4.4613475799560547 79.498397827148438 477 221.89949035644531 82.729049682617188 298 179.87884521484375 82.709663391113281 379 242.4581298828125 84.551422119140625 51 172.26071166992188 88.2791748046875 309 227.01779174804688 92.72198486328125 299 180.03945922851562 94.106964111328125 89 154.67919921875 121.59407043457031 574 203.96675109863281 152.58697509765625 251 220.51690673828125 171.40492248535156 -1 133.21345520019531 182.406982421875 -1 60.740665435791016 183.86518859863281 441 137.30256652832031 184.29373168945312 -1 105.78264617919922 201.14984130859375 341 116.90244293212891 214.01141357421875 245 107.10460662841797 214.77835083007812 463 107.17627716064453 220.31149291992188 343 160.04922485351562 225.24085998535156 464 9.2467575073242188 228.017333984375 345 84.739830017089844 228.8438720703125 347 153.17753601074219 229.81556701660156 254 72.56353759765625 242.5792236328125 405 158.17593383789062 245.96774291992188 337 186.98960876464844 250.30911254882812 -1 78.700172424316406 30.967124938964844 200 66.085807800292969 48.9366455078125 212 66.085807800292969 48.9366455078125 213 160.32633972167969 60.370864868164062 465 161.78553771972656 77.401008605957031 74 227.01779174804688 92.72198486328125 466 180.03945922851562 94.106964111328125 266 154.67919921875 121.59407043457031 -1 160.04922485351562 225.24085998535156 -1 160.04922485351562 225.24085998535156 467 158.17593383789062 245.96774291992188 346 203.07575988769531 138.86647033691406 -1 199.36766052246094 150.721435546875 692 64.38427734375 45.267299652099609 215 212.60676574707031 164.41288757324219 -1 148.75 229.17579650878906 369 226.12649536132812 176.03425598144531 456 120.94371795654297 183.05717468261719 -1 147.23042297363281 242.42611694335938 316 93.137001037597656 4.8551769256591797 469 21.798015594482422 56.278411865234375 470 113.21141815185547 6.6881022453308105 -1 93.137001037597656 4.8551769256591797 -1 95.878334045410156 21.143550872802734 308 69.335700988769531 36.638439178466797 211 21.798015594482422 56.278411865234375 471 17.833545684814453 70.215744018554688 304 14.583277702331543 78.397552490234375 307 14.583277702331543 78.397552490234375 301 90.078170776367188 255.75006103515625 -1 69.335700988769531 36.638439178466797 210 95.878334045410156 21.143550872802734 209 17.833545684814453 70.215744018554688 543 103.30410766601562 50.941459655761719 -1 14.583277702331543 78.397552490234375 305 173.02378845214844 79.480117797851562 113 177.66719055175781 90.376373291015625 115 198.51667785644531 98.742156982421875 267 172.41357421875 60.126682281494141 126 26.830368041992188 58.979091644287109 311 190.4715576171875 57.491264343261719 116 34.984962463378906 57.104042053222656 214 19.331283569335938 54.681575775146484 -1 192.34071350097656 51.297256469726562 125 195.31288146972656 50.07659912109375 -1 29.274494171142578 48.984348297119141 -1 71.176559448242188 46.004043579101562 472 143.66069030761719 233.08714294433594 -1 79.080619812011719 34.569526672363281 580 45.658115386962891 32.552452087402344 -1 122.38288879394531 11.448241233825684 -1 110.4620361328125 6.1874074935913086 501 110.4620361328125 6.1874074935913086 581 19.331283569335938 54.681575775146484 -1 166.08477783203125 88.864456176757812 659 182.15904235839844 97.010032653808594 -1 182.15904235839844 97.010032653808594 -1 154.11569213867188 99.053565979003906 119 74.244918823242188 44.17999267578125 258 94.908805847167969 246.9700927734375 -1 148.90582275390625 228.47906494140625 -1 157.07778930664062 223.33799743652344 -1 112.86558532714844 209.96589660644531 -1 207.544189453125 184.92808532714844 473 154.11569213867188 99.053565979003906 270 182.15904235839844 97.010032653808594 -1 172.00163269042969 89.412551879882812 309 181.0416259765625 88.808570861816406 120 192.34071350097656 51.297256469726562 122 166.08477783203125 88.864456176757812 661 238.59869384765625 83.599922180175781 -1 10.423892974853516 81.555778503417969 310 22.447011947631836 78.453086853027344 296 114.39714050292969 1.9613406658172607 317 14.885645866394043 72.651016235351562 -1 25.594278335571289 71.31787109375 252 145.429443359375 236.23353576660156 -1 122.38288879394531 11.448241233825684 -1 168.03273010253906 35.520156860351562 260 168.03273010253906 35.520156860351562 546 20.710117340087891 68.952705383300781 415 179.21141052246094 220.46604919433594 474 20.710117340087891 68.952705383300781 416 179.21141052246094 220.46604919433594 475 
110 0.99926924610285317 -0.010664979090428149 0.036679726491844485 -0.001352656098072801 0.18454477855664933 -3.158216972932967 0.30272123222932795 1 000109.png
215.80863952636719 166.68669128417969 216 143.80943298339844 37.362289428710938 1 195.49050903320312 75.324806213378906 184 120.96858215332031 88.973876953125 2 190.49803161621094 194.06706237792969 217 120.96858215332031 88.973876953125 4 143.80943298339844 37.362289428710938 3 158.12969970703125 229.91622924804688 185 92.407890319824219 28.067743301391602 186 200.7899169921875 159.72463989257812 220 229.26387023925781 183.57215881347656 218 200.7899169921875 159.72463989257812 261 114.91042327880859 25.074056625366211 7 133.82505798339844 225.88653564453125 221 111.67730712890625 199.70526123046875 219 240.6646728515625 155.94609069824219 223 52.314697265625 48.618679046630859 188 241.04951477050781 91.24932861328125 271 114.91042327880859 25.074056625366211 11 69.752914428710938 25.229396820068359 187 50.952777862548828 65.663131713867188 273 221.34999084472656 160.42643737792969 224 144.50543212890625 215.97178649902344 222 188.49819946289062 235.62274169921875 262 149.80068969726562 240.08049011230469 274 98.753486633300781 72.382110595703125 190 129.09896850585938 16.746467590332031 272 161.66932678222656 38.130477905273438 14 37.624973297119141 39.780994415283203 189 166.90609741210938 80.040351867675781 25 182.86274719238281 59.562507629394531 19 154.23127746582031 57.172386169433594 24 166.90609741210938 80.040351867675781 18 166.90609741210938 80.040351867675781 478 211.03932189941406 132.71342468261719 227 92.231231689453125 241.02685546875 -1 154.23127746582031 57.172386169433594 476 82.317489624023438 225.7554931640625 226 92.231231689453125 241.02685546875 373 211.03932189941406 132.71342468261719 225 22.874088287353516 70.885635375976562 543 217.86808776855469 70.463371276855469 276 79.513679504394531 36.393207550048828 455 131.18739318847656 234.53250122070312 230 186.16078186035156 225.00440979003906 263 165.12297058105469 36.634925842285156 546 176.45866394042969 218.65538024902344 229 243.90576171875 172.73460388183594 228 186.16078186035156 225.00440979003906 264 243.90576171875 172.73460388183594 231 71.985809326171875 38.107826232910156 192 169.61904907226562 51.672294616699219 660 193.4482421875 54.459358215332031 39 175.55351257324219 65.894134521484375 38 134.07769775390625 71.360916137695312 48 161.57565307617188 200.91976928710938 235 156.5074462890625 79.329421997070312 49 238.806640625 83.8668212890625 51 154.330322265625 90.975669860839844 52 161.48731994628906 91.464263916015625 282 173.86146545410156 95.160346984863281 53 198.50541687011719 99.846626281738281 193 231.79154968261719 106.39646911621094 283 238.96429443359375 125.14698791503906 325 131.47346496582031 178.20135498046875 195 152.00785827636719 190.37503051757812 234 240.92584228515625 191.30654907226562 323 150.42816162109375 205.259765625 236 87.697113037109375 233.25946044921875 232 63.923770904541016 240.99153137207031 284 200.02272033691406 50.909122467041016 -1 87.697113037109375 233.25946044921875 286 170.95484924316406 41.798023223876953 280 152.11820983886719 103.39031219482422 324 170.95484924316406 41.798023223876953 278 10.955924034118652 71.969818115234375 277 227.93096923828125 76.509292602539062 281 43.311649322509766 34.236278533935547 194 152.00785827636719 190.37503051757812 237 173.86146545410156 95.160346984863281 43 173.86146545410156 95.160346984863281 47 161.48731994628906 91.464263916015625 279 169.61904907226562 51.672294616699219 34 43.311649322509766 34.236278533935547 376 66.492530822753906 38.273006439208984 199 232.51896667480469 88.543235778808594 288 10.068141937255859 83.116218566894531 198 148.78376770019531 69.631500244140625 287 154.46868896484375 64.829376220703125 63 59.355361938476562 50.930320739746094 582 45.665561676025391 41.300392150878906 196 20.293928146362305 243.7296142578125 -1 153.00352478027344 229.09526062011719 239 160.79176330566406 230.18632507324219 290 18.676507949829102 226.91346740722656 291 154.28073120117188 197.79533386230469 240 154.46868896484375 64.829376220703125 64 104.90336608886719 197.28839111328125 342 212.12190246582031 106.15381622314453 331 206.32867431640625 102.65606689453125 332 148.78376770019531 69.631500244140625 293 154.46868896484375 64.829376220703125 65 220.89544677734375 134.7186279296875 292 154.28073120117188 197.79533386230469 -1 154.28073120117188 197.79533386230469 238 104.90336608886719 197.28839111328125 334 212.12190246582031 106.15381622314453 333 206.32867431640625 102.65606689453125 -1 10.068141937255859 83.116218566894531 459 148.78376770019531 69.631500244140625 -1 151.47660827636719 75.374977111816406 73 17.996402740478516 76.335472106933594 255 17.996402740478516 76.335472106933594 -1 161.92262268066406 77.375648498535156 74 226.22842407226562 88.503509521484375 466 250.52610778808594 89.858184814453125 181 180.05361938476562 94.015701293945312 266 203.74221801757812 145.53428649902344 300 113.05531311035156 191.30955505371094 247 119.70132446289062 199.66447448730469 248 105.36683654785156 210.05404663085938 249 115.49674987792969 211.25592041015625 336 227.12318420410156 82.398872375488281 183 80.110923767089844 29.237937927246094 200 161.32376098632812 215.74748229980469 467 160.04100036621094 60.199432373046875 462 153.314453125 251.1119384765625 -1 105.74546813964844 39.458225250244141 201 30.237756729125977 52.234279632568359 202 168.27261352539062 52.727497100830078 660 168.74148559570312 58.847103118896484 83 30.293312072753906 60.574050903320312 203 169.80572509765625 63.121826171875 84 19.829280853271484 67.944229125976562 543 4.7205848693847656 74.187721252441406 477 25.018520355224609 74.750633239746094 296 151.47660827636719 75.374977111816406 87 17.996402740478516 76.335472106933594 255 161.92262268066406 77.375648498535156 478 5.307532787322998 78.48834228515625 477 221.1678466796875 78.873748779296875 298 141.5472412109375 82.958877563476562 114 226.22842407226562 88.503509521484375 299 250.52610778808594 89.858184814453125 182 180.05361938476562 94.015701293945312 89 168.57591247558594 97.824119567871094 -1 164.22280883789062 101.55698394775391 90 205.07112121582031 136.75357055664062 339 230.91244506835938 141.12060546875 320 199.2637939453125 145.33329772949219 692 203.74221801757812 145.53428649902344 251 237.44038391113281 145.71066284179688 -1 64.366493225097656 177.16409301757812 441 113.05531311035156 191.30955505371094 243 117.66983032226562 194.28759765625 377 119.70132446289062 199.66447448730469 244 37.110965728759766 206.34085083007812 -1 109.72853851318359 207.20451354980469 463 105.36683654785156 210.05404663085938 246 110.06278991699219 210.50909423828125 343 115.49674987792969 211.25592041015625 344 161.32376098632812 215.74748229980469 464 189.89773559570312 244.81697082519531 265 80.110923767089844 29.237937927246094 204 160.04100036621094 60.199432373046875 465 105.74546813964844 39.458225250244141 512 30.237756729125977 52.234279632568359 205 19.829280853271484 67.944229125976562 304 44.911212921142578 29.637603759765625 -1 81.894645690917969 37.126949310302734 455 44.911212921142578 29.637603759765625 -1 189.25779724121094 228.83200073242188 -1 249.82354736328125 158.88894653320312 233 189.25779724121094 228.83200073242188 -1 95.753044128417969 20.363578796386719 308 177.62736511230469 90.172904968261719 115 71.16937255859375 34.590286254882812 211 71.53558349609375 41.038192749023438 411 67.983711242675781 46.538497924804688 212 67.983711242675781 46.538497924804688 213 24.387462615966797 54.516014099121094 471 28.094188690185547 57.988136291503906 -1 198.36717224121094 95.098213195800781 267 17.003036499023438 76.4007568359375 307 17.003036499023438 76.4007568359375 305 17.003036499023438 76.4007568359375 -1 159.6317138671875 234.57890319824219 346 241.50129699707031 148.03324890136719 -1 154.70401000976562 219.96722412109375 254 159.6317138671875 234.57890319824219 337 188.03579711914062 239.651123046875 256 66.288551330566406 41.79693603515625 -1 67.983711242675781 46.538497924804688 207 24.387462615966797 54.516014099121094 470 28.094188690185547 57.988136291503906 311 71.53558349609375 41.038192749023438 206 176.48023986816406 60.524326324462891 80 17.003036499023438 76.4007568359375 301 173.04415893554688 79.515243530273438 113 71.16937255859375 34.590286254882812 210 95.753044128417969 20.363578796386719 209 200.42472839355469 92.178924560546875 267 171.99168395996094 89.426918029785156 309 190.7095947265625 88.931144714355469 175 180.98237609863281 88.872108459472656 120 166.06089782714844 88.929824829101562 661 226.94720458984375 81.226509094238281 -1 12.510187149047852 79.813735961914062 310 173.90396118164062 50.148799896240234 313 61.381343841552734 51.324138641357422 408 192.33642578125 51.275028228759766 122 226.94720458984375 81.226509094238281 -1 226.94720458984375 81.226509094238281 -1 166.06089782714844 88.929824829101562 659 182.61026000976562 96.299522399902344 -1 114.40676116943359 1.9789519309997559 317 148.918701171875 231.38470458984375 -1 125.58046722412109 9.9682683944702148 578 76.048683166503906 41.805984497070312 258 66.3023681640625 43.136283874511719 215 173.90396118164062 50.148799896240234 312 61.381343841552734 51.324138641357422 582 192.33642578125 51.275028228759766 125 37.272594451904297 55.068496704101562 214 190.45901489257812 57.532310485839844 116 172.63534545898438 60.089012145996094 126 15.330941200256348 63.608211517333984 -1 129.33587646484375 10.851553916931152 461 148.918701171875 231.38470458984375 316 155.33795166015625 230.73171997070312 -1 146.87283325195312 225.94940185546875 -1 145.48785400390625 223.43881225585938 -1 7.9509983062744141 216.029052734375 -1 2.6245672702789307 214.46290588378906 -1 243.93508911132812 168.73440551757812 -1 214.92172241210938 160.47128295898438 412 210.07159423828125 155.46331787109375 479 207.03376770019531 152.04489135742188 479 244.71151733398438 149.97850036621094 -1 252.82958984375 125.97686004638672 -1 211.61582946777344 99.265968322753906 -1 182.61026000976562 96.299522399902344 -1 226.48812866210938 96.109573364257812 409 234.8948974609375 94.823951721191406 -1 22.128561019897461 74.975791931152344 370 154.04026794433594 99.136192321777344 270 22.128561019897461 74.975791931152344 370 154.04026794433594 99.136192321777344 119 
111 0.99937704763810686 0.0020307122541816792 0.035207155658754562 -0.0013597986255177159 0.27001300740876127 -2.4052319355946175 0.16800679276970168 1 000110.png
214.97428894042969 162.28741455078125 216 144.2335205078125 37.508922576904297 1 195.46047973632812 75.291793823242188 184 120.92710113525391 88.868682861328125 2 190.00834655761719 189.06973266601562 217 144.2335205078125 37.508922576904297 3 120.92710113525391 88.868682861328125 4 124.22264862060547 152.56756591796875 587 158.33235168457031 227.33111572265625 185 91.811714172363281 25.52525520324707 186 200.05380249023438 155.58984375 220 228.15078735351562 178.82498168945312 218 200.05380249023438 155.58984375 261 114.85546875 24.697170257568359 7 133.78468322753906 220.99029541015625 221 135.21507263183594 201.33453369140625 371 111.53700256347656 195.35932922363281 219 114.85546875 24.697170257568359 11 51.179225921630859 44.914157867431641 188 68.993385314941406 21.508199691772461 187 161.72560119628906 38.060939788818359 14 49.659259796142578 61.831378936767578 273 239.96199035644531 89.095489501953125 271 149.551025390625 235.04559326171875 274 220.40972900390625 156.0582275390625 224 127.67029571533203 204.70635986328125 321 144.5218505859375 210.97723388671875 222 187.84873962402344 230.08309936523438 262 141.59120178222656 160.78880310058594 -1 239.96199035644531 89.095489501953125 372 141.59120178222656 160.78880310058594 -1 239.8017578125 151.57627868652344 223 36.260543823242188 36.497676849365234 189 166.99822998046875 80.056388854980469 18 98.410545349121094 67.0511474609375 190 182.84640502929688 59.748779296875 19 166.99822998046875 80.056388854980469 478 82.488899230957031 220.84075927734375 226 153.6197509765625 57.553707122802734 476 210.17552185058594 128.92527770996094 227 126.60477447509766 13.525153160095215 272 210.17552185058594 128.92527770996094 225 92.171607971191406 236.14602661132812 373 153.6197509765625 57.553707122802734 24 166.99822998046875 80.056388854980469 25 159.82736206054688 111.12920379638672 322 242.88021850585938 167.75645446777344 231 153.77200317382812 249.00193786621094 -1 130.03715515136719 174.68147277832031 195 41.754692077636719 30.415607452392578 194 78.632720947265625 32.486892700195312 455 164.40815734863281 36.770900726318359 546 209.08346557617188 87.998466491699219 396 242.88021850585938 167.75645446777344 228 138.66206359863281 172.44473266601562 -1 239.4969482421875 186.94862365722656 323 175.78062438964844 213.88447570800781 229 185.19602966308594 218.98684692382812 263 130.83613586425781 229.37503051757812 230 185.19602966308594 218.98684692382812 264 114.62228393554688 166.55038452148438 242 230.93496704101562 102.81215667724609 283 169.63772583007812 51.557670593261719 34 48.746982574462891 23.590267181396484 374 247.64765930175781 88.815315246582031 182 71.086784362792969 34.215774536132812 192 48.746982574462891 23.590267181396484 375 169.63772583007812 51.557670593261719 660 150.01901245117188 200.20552062988281 236 175.53077697753906 65.893768310546875 38 193.44613647460938 54.46392822265625 39 151.64643859863281 185.59593200683594 234 247.64765930175781 88.815315246582031 181 87.609947204589844 228.47906494140625 286 151.64643859863281 185.59593200683594 237 161.06709289550781 195.75137329101562 235 173.9256591796875 95.252357482910156 43 19.473613739013672 223.16445922851562 291 87.609947204589844 228.47906494140625 232 63.714317321777344 234.50666809082031 284 173.9256591796875 95.252357482910156 47 133.92483520507812 71.573127746582031 48 156.49737548828125 79.34637451171875 49 157.83004760742188 57.599239349365234 476 237.57852172851562 82.348426818847656 51 154.40193176269531 90.875526428222656 52 173.9256591796875 95.252357482910156 53 197.72407531738281 96.148696899414062 193 152.17388916015625 103.33679962158203 324 65.669898986816406 34.480571746826172 199 44.707695007324219 37.612899780273438 196 58.328777313232422 46.922702789306641 582 56.676357269287109 54.537090301513672 491 159.89283752441406 59.222511291503906 462 160.46876525878906 224.49794006347656 290 148.40771484375 70.304283142089844 287 18.404312133789062 72.68072509765625 255 231.37971496582031 85.2510986328125 288 192.14445495605469 90.407638549804688 175 105.353759765625 96.522514343261719 513 8.5077142715454102 79.637649536132812 198 216.738037109375 68.643653869628906 276 110.74644470214844 33.182380676269531 -1 160.46876525878906 224.49794006347656 289 148.04804992675781 207.67556762695312 458 159.32112121582031 230.6153564453125 346 154.21226501464844 193.74531555175781 238 159.32112121582031 230.6153564453125 337 152.59461975097656 223.64468383789062 239 148.04804992675781 207.67556762695312 329 154.21226501464844 193.74531555175781 240 148.44082641601562 191.90281677246094 241 247.88162231445312 157.40353393554688 233 10.104978561401367 68.340599060058594 277 8.5077142715454102 79.637649536132812 459 148.40771484375 70.304283142089844 293 65.669898986816406 34.480571746826172 327 110.74644470214844 33.182380676269531 -1 154.59017944335938 64.674919128417969 63 154.59017944335938 64.674919128417969 64 154.59017944335938 64.674919128417969 65 105.502685546875 39.425350189208984 201 105.26068115234375 204.92337036132812 246 154.11212158203125 214.70828247070312 254 88.589393615722656 214.89874267578125 347 14.702070236206055 215.71278381347656 345 173.20079040527344 226.43252563476562 511 189.22909545898438 238.27220153808594 265 157.13945007324219 244.000244140625 -1 157.13945007324219 244.000244140625 -1 79.631355285644531 25.509111404418945 200 110.14494323730469 34.207870483398438 -1 29.048107147216797 48.655815124511719 202 29.074151992797852 57.1820068359375 -1 18.521591186523438 64.531478881835938 304 28.454010009765625 64.352493286132812 -1 151.44429016113281 75.415367126464844 73 162.00392150878906 77.3310546875 74 29.048107147216797 48.655815124511719 205 101.51046752929688 133.17127990722656 253 203.06480407714844 141.55000305175781 300 112.93933868408203 187.11875915527344 247 104.74597930908203 192.72903442382812 334 119.37942504882812 194.91488647460938 248 105.26068115234375 204.92337036132812 249 176.798828125 60.420520782470703 80 89.627525329589844 9.4091215133666992 573 79.631355285644531 25.509111404418945 204 110.14494323730469 34.207870483398438 512 80.488113403320312 38.088165283203125 437 168.11431884765625 52.73095703125 660 29.074151992797852 57.1820068359375 203 168.60227966308594 58.837863922119141 83 169.76890563964844 63.15338134765625 84 18.521591186523438 64.531478881835938 543 28.454010009765625 64.352493286132812 383 3.2928459644317627 70.918418884277344 477 4.7423844337463379 74.9656982421875 477 151.44429016113281 75.415367126464844 87 220.16868591308594 75.469314575195312 298 162.00392150878906 77.3310546875 478 14.007287979125977 81.396377563476562 422 225.3536376953125 84.829452514648438 183 180.03904724121094 94.194496154785156 89 164.21900939941406 101.41398620605469 90 101.51046752929688 133.17127990722656 380 198.55836486816406 141.70417785644531 692 203.06480407714844 141.55000305175781 251 224.37913513183594 163.67637634277344 456 112.93933868408203 187.11875915527344 243 108.18310546875 188.34571838378906 341 117.02436828613281 189.41038513183594 377 104.74597930908203 192.72903442382812 342 119.37942504882812 194.91488647460938 244 118.66348266601562 200.95805358886719 245 115.15592193603516 204.46116638183594 344 137.10966491699219 242.1356201171875 348 103.63180541992188 247.65524291992188 351 203.24407958984375 133.37297058105469 339 67.012786865234375 42.75750732421875 207 214.37763977050781 156.05654907226562 412 43.758205413818359 43.880882263183594 250 103.87509155273438 198.13076782226562 674 150.02580261230469 214.07254028320312 369 18.619434356689453 216.87382507324219 366 35.891181945800781 51.460254669189453 -1 187.17379760742188 233.811279296875 256 206.53575134277344 93.130912780761719 -1 42.441310882568359 51.559051513671875 364 103.63180541992188 247.65524291992188 349 94.601318359375 17.088228225708008 209 42.112396240234375 19.15626335144043 -1 70.35296630859375 30.757160186767578 210 70.389045715332031 37.189342498779297 206 42.441310882568359 51.559051513671875 360 42.112396240234375 19.15626335144043 -1 70.35296630859375 30.757160186767578 211 70.389045715332031 37.189342498779297 411 67.012786865234375 42.75750732421875 213 67.012786865234375 42.75750732421875 212 35.891181945800781 51.460254669189453 214 15.422778129577637 73.417411804199219 305 15.422778129577637 73.417411804199219 307 177.62445068359375 90.352241516113281 362 50.787769317626953 57.723598480224609 273 23.934093475341797 70.916358947753906 296 20.160213470458984 71.652641296386719 370 15.422778129577637 73.417411804199219 301 173.07913208007812 79.371253967285156 113 141.5048828125 82.171600341796875 114 11.084010124206543 83.500564575195312 422 177.62445068359375 90.352241516113281 115 197.50712585449219 91.589454650878906 267 241.79959106445312 112.56008911132812 413 137.44029235839844 155.4652099609375 -1 190.45512390136719 57.554718017578125 116 145.06999206542969 246.40238952636719 368 116.4044189453125 252.76921081542969 -1 149.89471435546875 244.5469970703125 367 162.99577331542969 231.53852844238281 -1 152.74559020996094 229.73805236816406 269 173.35905456542969 218.60289001464844 318 78.843330383300781 216.10545349121094 365 20.902021408081055 214.44119262695312 419 20.6640625 211.30918884277344 354 179.36224365234375 205.96583557128906 474 29.605365753173828 204.87004089355469 388 36.8837890625 197.06988525390625 -1 146.48455810546875 195.13833618164062 -1 49.420139312744141 183.72607421875 355 51.033710479736328 178.38424682617188 451 59.871524810791016 172.54904174804688 602 65.991371154785156 165.66618347167969 -1 68.4854736328125 163.0506591796875 -1 204.55659484863281 149.58807373046875 479 164.56968688964844 105.58371734619141 658 153.98675537109375 98.967666625976562 119 171.98004150390625 89.462081909179688 309 180.96394348144531 88.918380737304688 120 166.06396484375 88.892463684082031 661 203.68899536132812 88.513389587402344 499 167.90577697753906 35.626136779785156 260 27.607433319091797 48.557155609130859 -1 173.65057373046875 50.376899719238281 313 32.3875732421875 51.391254425048828 -1 32.3875732421875 51.391254425048828 -1 192.38223266601562 51.316898345947266 122 22.064167022705078 63.794548034667969 416 210.0723876953125 62.607200622558594 378 166.06396484375 88.892463684082031 659 153.98675537109375 98.967666625976562 -1 68.4854736328125 163.0506591796875 -1 65.991371154785156 165.66618347167969 -1 59.871524810791016 172.54904174804688 -1 36.8837890625 197.06988525390625 -1 29.605365753173828 204.87004089355469 -1 179.36224365234375 205.96583557128906 475 20.902021408081055 214.44119262695312 418 108.4493408203125 23.430381774902344 257 107.97415161132812 29.130718231201172 257 167.90577697753906 35.626136779785156 546 75.432350158691406 37.941745758056641 258 65.487464904785156 39.251899719238281 215 72.187202453613281 39.841617584228516 472 27.607433319091797 48.557155609130859 -1 39.954597473144531 49.792304992675781 360 173.65057373046875 50.376899719238281 312 49.420139312744141 183.72607421875 363 32.3875732421875 51.391254425048828 -1 31.104898452758789 67.164146423339844 359 192.38223266601562 51.316898345947266 125 105.7205810546875 7.1329631805419922 444 172.6988525390625 60.162494659423828 126 22.064167022705078 63.794548034667969 415 27.185792922973633 65.320365905761719 252 16.009662628173828 67.297019958496094 -1 27.800687789916992 70.197708129882812 579 11.220818519592285 76.763786315917969 310 217.29693603515625 162.14691162109375 445 148.65773010253906 226.12358093261719 316 11.220818519592285 76.763786315917969 361 170.40402221679688 217.67759704589844 318 80.610954284667969 21.739889144897461 -1 209.03115844726562 172.68794250488281 473 179.75846862792969 253.79586791992188 -1 106.49359130859375 122.30247497558594 -1 106.49359130859375 122.30247497558594 -1 106.49359130859375 122.30247497558594 -1 39.552989959716797 190.987548828125 440 
112 0.99915064138186582 0.01965328592389376 0.035995986552205296 0.004004139200069529 0.24122162926200083 -1.3468178475774162 0.26796433635086686 1 000112.png
214.30604553222656 156.42765808105469 216 144.60670471191406 37.706527709960938 3 196.33100891113281 74.743865966796875 391 120.77883148193359 88.319412231445312 2 189.69627380371094 182.48243713378906 217 120.77883148193359 88.319412231445312 4 144.60670471191406 37.706527709960938 1 157.1400146484375 219.21389770507812 185 91.562881469726562 22.188608169555664 186 125.10875701904297 158.52777099609375 -1 226.04759216308594 172.04147338867188 218 88.817314147949219 248.58221435546875 -1 198.90238952636719 149.25181579589844 220 198.90238952636719 149.25181579589844 261 134.96031188964844 193.89903259277344 371 69.914016723632812 14.651717185974121 187 132.75582885742188 212.30439758300781 221 114.93888854980469 24.497112274169922 7 51.915172576904297 38.149986267089844 188 111.33535003662109 186.7532958984375 219 114.93888854980469 24.497112274169922 11 148.39918518066406 225.504638671875 274 37.038421630859375 30.421688079833984 189 161.59567260742188 38.148246765136719 14 238.9727783203125 86.968116760253906 372 238.9727783203125 86.968116760253906 271 238.65046691894531 145.73080444335938 223 148.39918518066406 225.504638671875 393 123.91190338134766 197.80471801757812 321 219.24600219726562 149.96456909179688 224 185.65826416015625 221.1488037109375 262 167.27029418945312 79.950080871582031 18 209.38462829589844 122.95853424072266 225 173.95101928710938 206.53948974609375 229 82.5404052734375 211.194091796875 226 212.88609313964844 68.916160583496094 -1 50.724380493164062 54.479846954345703 273 209.38462829589844 122.95853424072266 227 152.80661010742188 240.97772216796875 395 154.04106140136719 57.962867736816406 476 21.088815689086914 60.911365509033203 543 182.78547668457031 60.440830230712891 19 167.27029418945312 79.950080871582031 25 98.30633544921875 62.581657409667969 190 223.53146362304688 76.335258483886719 -1 154.04106140136719 57.962867736816406 24 159.99954223632812 110.55576324462891 322 163.87542724609375 36.931842803955078 546 91.791900634765625 226.25738525390625 373 246.54373168945312 153.60697937011719 569 183.48245239257812 210.48921203613281 264 124.42219543457031 10.592788696289062 545 101.22504425048828 31.913856506347656 -1 246.54373168945312 153.60697937011719 233 84.323867797851562 6.152916431427002 400 129.80227661132812 220.72378540039062 230 183.48245239257812 210.48921203613281 263 209.33006286621094 83.367362976074219 396 104.92439270019531 242.5640869140625 394 49.4588623046875 16.738739013671875 374 184.16215515136719 64.599494934082031 402 184.16215515136719 64.599494934082031 401 49.4588623046875 16.738739013671875 375 159.93455505371094 187.68930053710938 235 43.060337066650391 23.995145797729492 194 79.127037048339844 26.308320999145508 455 169.69345092773438 51.469028472900391 660 193.47590637207031 54.588161468505859 39 175.46505737304688 65.807174682617188 38 156.54158020019531 79.34490966796875 49 161.51824951171875 91.537094116210938 279 197.70263671875 91.420318603515625 193 173.84072875976562 95.07244873046875 53 230.75422668457031 98.234298706054688 283 241.14051818847656 161.72671508789062 228 137.10774230957031 176.16879272460938 -1 150.69856262207031 177.66889953613281 234 148.99171447753906 191.92129516601562 236 20.581611633300781 213.30032348632812 291 87.413002014160156 218.46662902832031 232 63.813289642333984 223.03683471679688 284 147.57363891601562 248.57467651367188 398 108.28988647460938 249.64724731445312 -1 108.28988647460938 249.64724731445312 399 108.28988647460938 249.64724731445312 -1 147.57363891601562 248.57467651367188 398 87.413002014160156 218.46662902832031 286 150.69856262207031 177.66889953613281 237 241.14051818847656 161.72671508789062 231 173.84072875976562 95.07244873046875 43 173.84072875976562 95.07244873046875 47 161.51824951171875 91.537094116210938 282 169.69345092773438 51.469028472900391 34 43.060337066650391 23.995145797729492 376 46.323032379150391 6.5665688514709473 571 112.43804931640625 179.38299560546875 243 205.28659057617188 94.303382873535156 332 216.19479370117188 67.743804931640625 276 159.66372680664062 249.60543823242188 -1 230.40423583984375 166.49974060058594 645 147.87678527832031 70.406494140625 287 108.47832489013672 235.48858642578125 -1 151.37586975097656 214.47114562988281 239 15.491132736206055 204.31056213378906 345 146.89373779296875 199.0679931640625 329 19.053750991821289 66.743598937988281 255 153.17538452148438 185.52581787109375 240 147.6522216796875 183.78530883789062 241 117.38658142089844 180.88038635253906 377 159.66372680664062 249.60543823242188 -1 153.17538452148438 185.52581787109375 238 205.28659057617188 94.303382873535156 -1 147.87678527832031 70.406494140625 -1 147.87678527832031 70.406494140625 293 218.81527709960938 125.33148193359375 292 164.70201110839844 61.177555084228516 639 66.370887756347656 27.575254440307617 327 10.970475196838379 62.121330261230469 277 164.70201110839844 61.177555084228516 -1 59.096519470214844 40.205509185791016 582 45.560459136962891 31.303028106689453 196 66.370887756347656 27.575254440307617 199 242.27427673339844 168.10377502441406 328 97.697784423828125 13.101815223693848 690 242.27427673339844 168.10377502441406 330 105.44605255126953 39.416122436523438 201 197.6370849609375 136.03169250488281 692 118.87704467773438 186.36701965332031 244 104.88594818115234 195.90608215332031 249 114.64734649658203 197.16905212402344 336 157.82817077636719 220.52914428710938 337 4.5477237701416016 64.485374450683594 477 135.98667907714844 232.10444641113281 -1 80.550430297851562 19.952457427978516 204 71.110748291015625 31.045835494995117 206 29.917314529418945 42.554553985595703 202 19.090082168579102 58.277233123779297 543 169.17311096191406 58.858428955078125 83 169.74526977539062 63.168182373046875 84 209.65449523925781 63.160003662109375 378 5.0852618217468262 68.986778259277344 477 8.7172222137451172 72.947662353515625 198 151.52934265136719 75.206886291503906 73 161.79656982421875 77.402053833007812 478 184.10173034667969 78.777015686035156 379 225.23908996582031 80.188835144042969 -1 237.6376953125 81.6761474609375 51 172.24336242675781 88.166053771972656 309 251.05197143554688 90.507125854492188 181 180.09678649902344 94.048332214355469 89 230.61656188964844 109.29972839355469 -1 101.02552032470703 126.87078094482422 380 203.64924621582031 127.05188751220703 339 228.69758605957031 131.48072814941406 320 202.21156311035156 135.4976806640625 251 89.423843383789062 138.96044921875 381 208.42489624023438 149.43806457519531 509 107.90470886230469 179.93476867675781 341 47.649097442626953 183.18270874023438 636 104.36817932128906 183.982177734375 342 118.87704467773438 186.36701965332031 248 117.95030975341797 192.5086669921875 245 104.88594818115234 195.90608215332031 246 109.42276763916016 196.34931945800781 343 114.64734649658203 197.16905212402344 344 88.466163635253906 205.51181030273438 347 152.96995544433594 205.93569946289062 254 157.82817077636719 220.52914428710938 346 135.98667907714844 232.10444641113281 348 177.69697570800781 250.36041259765625 406 80.550430297851562 19.952457427978516 200 29.917314529418945 42.554553985595703 205 19.090082168579102 58.277233123779297 304 151.52934265136719 75.206886291503906 87 161.79656982421875 77.402053833007812 74 161.79656982421875 77.402053833007812 434 251.05197143554688 90.507125854492188 182 101.02552032470703 126.87078094482422 253 202.21156311035156 135.4976806640625 300 104.36817932128906 183.982177734375 334 116.25894927978516 62.158290863037109 -1 177.61369323730469 90.145805358886719 362 70.855964660644531 24.746852874755859 211 93.342475891113281 13.14544677734375 410 66.349822998046875 31.42210578918457 -1 93.342475891113281 13.14544677734375 209 39.4345703125 57.700160980224609 -1 103.39789581298828 50.953968048095703 382 176.62152099609375 60.529285430908203 80 28.899484634399414 58.372058868408203 383 148.87608337402344 205.43788146972656 369 24.65478515625 64.0067138671875 296 20.507974624633789 65.500404357910156 370 74.825881958007812 211.92385864257812 -1 160.59649658203125 66.522216796875 -1 223.68687438964844 71.888404846191406 281 173.2818603515625 79.223297119140625 113 229.78355407714844 80.366157531738281 -1 74.825881958007812 211.92385864257812 -1 70.855964660644531 24.746852874755859 210 110.25077819824219 6.2146539688110352 581 103.24805450439453 236.6639404296875 351 177.61369323730469 90.145805358886719 115 33.412700653076172 188.48486328125 417 20.543399810791016 206.29331970214844 366 168.65873718261719 97.618026733398438 -1 78.583763122558594 206.43850708007812 365 76.950485229492188 216.82115173339844 405 187.21812438964844 229.46290588378906 265 103.24805450439453 236.6639404296875 349 110.25077819824219 6.2146539688110352 501 146.83570861816406 253.15884399414062 421 81.49029541015625 26.914970397949219 455 140.47518920898438 106.41980743408203 -1 164.87126159667969 104.4444580078125 658 166.10116577148438 89.018280029296875 661 233.7220458984375 86.493156433105469 -1 2.8442935943603516 77.797248840332031 494 10.372317314147949 75.994049072265625 422 5.1019473075866699 74.888450622558594 -1 11.44528865814209 70.348724365234375 310 172.82012939453125 60.164836883544922 126 114.44788360595703 1.9769783020019531 317 190.48414611816406 57.532909393310547 116 198.31901550292969 55.058933258056641 385 192.37654113769531 51.313301086425781 125 173.82585144042969 50.23687744140625 312 45.382057189941406 48.996330261230469 404 60.884933471679688 40.415580749511719 582 44.590003967285156 38.222988128662109 250 67.495094299316406 36.391227722167969 212 67.495094299316406 36.391227722167969 213 60.884933471679688 40.415580749511719 408 173.82585144042969 50.23687744140625 313 192.37654113769531 51.313301086425781 122 28.216243743896484 58.928245544433594 252 11.44528865814209 70.348724365234375 361 233.7220458984375 86.493156433105469 -1 166.10116577148438 89.018280029296875 659 55.474857330322266 169.48289489746094 435 135.28952026367188 181.66572570800781 -1 32.707511901855469 193.28439331054688 386 45.585361480712891 28.049705505371094 -1 197.60104370117188 86.367172241210938 267 107.9532470703125 29.405818939208984 257 245.88516235351562 139.73056030273438 387 67.495094299316406 36.391227722167969 207 28.216243743896484 58.928245544433594 383 28.372373580932617 47.813377380371094 311 169.4080810546875 252.41372680664062 432 158.00906372070312 237.95808410644531 -1 143.47445678710938 236.5166015625 368 171.63270568847656 216.552978515625 -1 32.707511901855469 193.28439331054688 388 135.28952026367188 181.66572570800781 -1 55.474857330322266 169.48289489746094 436 247.01837158203125 114.9857177734375 357 114.44788360595703 1.9769783020019531 -1 98.179107666015625 228.25120544433594 -1 162.32057189941406 232.65617370605469 389 17.603189468383789 63.320304870605469 -1 243.16290283203125 150.67938232421875 631 104.04159545898438 189.52632141113281 674 154.11683654785156 219.04176330566406 -1 
113 0.99927661961076308 0.014632892957913993 0.035072741819746331 0.0014208181495309524 0.28831596445998481 -1.6507672116123102 0.20046744861279464 1 000111.png
214.40394592285156 157.95683288574219 216 144.60519409179688 37.696044921875 1 195.97090148925781 75.057044982910156 391 120.83255767822266 88.391792297363281 2 189.6939697265625 184.34738159179688 217 120.83255767822266 88.391792297363281 4 144.60519409179688 37.696044921875 3 157.44332885742188 221.76927185058594 185 91.722091674804688 22.854202270507812 186 226.34019470214844 173.80848693847656 218 199.15127563476562 151.05416870117188 220 199.15127563476562 151.05416870117188 261 133.1461181640625 215.13032531738281 221 51.266014099121094 40.154579162597656 188 114.87752532958984 24.520835876464844 7 111.40631866455078 189.44998168945312 219 69.192359924316406 16.827165603637695 187 114.87752532958984 24.520835876464844 11 50.517269134521484 56.655483245849609 273 161.67962646484375 38.045585632324219 14 148.90524291992188 228.63325500488281 274 239.1573486328125 87.472137451171875 271 238.74046325683594 147.067138671875 223 36.400394439697266 32.275474548339844 189 219.52226257324219 151.65428161621094 224 186.45065307617188 223.82618713378906 262 239.1573486328125 87.472137451171875 372 124.48798370361328 200.55409240722656 321 153.59060668945312 57.816234588623047 476 182.78337097167969 60.086715698242188 19 20.442028045654297 63.05804443359375 543 98.343605041503906 63.409393310546875 190 212.96804809570312 68.991188049316406 -1 167.14564514160156 80.035400390625 18 209.56671142578125 124.40658569335938 225 153.62992858886719 244.26858520507812 395 82.438774108886719 214.55503845214844 226 153.59060668945312 57.816234588623047 24 167.14564514160156 80.035400390625 25 153.62992858886719 244.26858520507812 -1 174.67842102050781 208.92207336425781 229 209.56671142578125 124.40658569335938 227 160.07148742675781 110.58069610595703 322 164.1715087890625 36.757785797119141 546 134.0655517578125 70.997810363769531 48 209.04266357421875 84.522048950195312 396 238.13308715820312 181.91365051269531 323 184.16360473632812 213.1534423828125 263 105.39570617675781 245.78460693359375 394 184.16360473632812 213.1534423828125 264 130.24017333984375 223.7913818359375 230 41.672275543212891 26.15123176574707 194 101.69336700439453 32.067276000976562 -1 122.95341491699219 8.6090354919433594 545 156.51303100585938 79.353485107421875 49 154.38226318359375 90.915367126464844 52 161.46957397460938 91.525238037109375 279 197.44819641113281 92.967140197753906 193 171.02835083007812 42.092594146728516 278 87.457618713378906 221.98699951171875 286 151.01290893554688 180.20547485351562 237 175.49565124511719 65.846519470214844 38 137.51091003417969 175.14617919921875 -1 184.14382934570312 64.058334350585938 401 78.634895324707031 28.147972106933594 455 236.56222534179688 117.57957458496094 -1 173.85002136230469 95.096817016601562 43 173.85002136230469 95.096817016601562 47 161.46957397460938 91.525238037109375 282 169.62474060058594 51.688182830810547 34 173.85002136230469 95.096817016601562 53 230.45425415039062 99.291191101074219 283 152.19715881347656 103.20468902587891 324 236.56222534179688 117.57957458496094 325 241.60887145996094 163.28402709960938 228 184.14382934570312 64.058334350585938 402 151.01290893554688 180.20547485351562 234 160.31050109863281 190.20278930664062 235 149.40203857421875 194.60868835449219 236 87.457618713378906 221.98699951171875 232 64.339302062988281 228.86180114746094 284 149.10914611816406 252.79974365234375 398 71.122825622558594 30.065570831298828 192 169.62474060058594 51.688182830810547 660 193.48818969726562 54.555583953857422 39 171.02835083007812 42.092594146728516 280 241.60887145996094 163.28402709960938 231 45.443958282470703 8.3348522186279297 571 65.79278564453125 30.340446472167969 199 44.710361480712891 33.303310394287109 196 110.85916137695312 33.071598052978516 -1 58.333858489990234 42.292858123779297 582 51.125247955322266 47.671913146972656 326 101.47655487060547 63.695701599121094 -1 110.85916137695312 33.071598052978516 -1 65.79278564453125 30.340446472167969 327 191.77096557617188 87.091552734375 175 250.45510864257812 90.381629943847656 181 242.11427307128906 170.48982238769531 328 149.03950500488281 69.986343383789062 287 9.9981403350830078 64.284027099609375 277 151.87171936035156 217.47850036621094 239 19.579093933105469 216.91464233398438 291 147.42234802246094 201.71299743652344 329 153.34834289550781 187.98136901855469 240 148.01451110839844 186.37461853027344 241 242.11427307128906 170.48982238769531 330 208.83830261230469 152.35504150390625 -1 218.90646362304688 126.68556213378906 292 210.8026123046875 99.0755615234375 331 153.34834289550781 187.98136901855469 238 205.00433349609375 95.513069152832031 332 210.8026123046875 99.0755615234375 333 250.45510864257812 90.381629943847656 182 8.0517311096191406 75.205703735351562 198 230.19831848144531 76.499702453613281 -1 163.9827880859375 62.395191192626953 -1 163.9827880859375 62.395191192626953 639 112.62132263183594 181.97705078125 243 105.40557098388672 39.391963958740234 201 18.268947601318359 60.208431243896484 304 151.48609924316406 75.24896240234375 87 161.72801208496094 77.419273376464844 74 202.53993225097656 137.03355407714844 300 104.57363891601562 186.98439025878906 334 118.97846984863281 189.17689514160156 244 105.08708190917969 198.95916748046875 249 110.20808410644531 34.220367431640625 512 115.07106018066406 199.96484375 336 130.161376953125 204.29472351074219 -1 158.25241088867188 223.15408325195312 337 80.84844970703125 28.813343048095703 455 79.933349609375 21.623659133911133 204 29.20008659362793 44.755924224853516 202 28.990261077880859 52.982231140136719 203 168.83714294433594 58.855998992919922 83 203.4195556640625 58.942562103271484 625 18.268947601318359 60.208431243896484 543 177.15457153320312 60.484142303466797 80 169.76060485839844 63.165462493896484 84 3.3620131015777588 66.723052978515625 477 224.06695556640625 72.379356384277344 281 151.48609924316406 75.24896240234375 73 161.72801208496094 77.419273376464844 478 224.97175598144531 81.405120849609375 -1 229.75373840332031 81.630645751953125 288 141.47111511230469 83.190841674804688 114 172.27703857421875 88.127113342285156 309 180.0462646484375 94.185768127441406 89 203.75157165527344 128.753662109375 339 197.83772277832031 137.19917297363281 692 202.53993225097656 137.03355407714844 251 107.89497375488281 182.60710144042969 341 104.57363891601562 186.98439025878906 342 118.97846984863281 189.17689514160156 248 118.14218139648438 195.17410278320312 245 105.08708190917969 198.95916748046875 246 109.5977783203125 199.49806213378906 343 115.07106018066406 199.96484375 344 130.161376953125 204.29472351074219 -1 9.3822994232177734 204.75016784667969 -1 153.42796325683594 208.65255737304688 254 15.221092224121094 209.21490478515625 345 158.25241088867188 223.15408325195312 346 89.756187438964844 239.98844909667969 -1 178.70008850097656 253.4163818359375 406 79.933349609375 21.623659133911133 200 110.20808410644531 34.220367431640625 -1 29.20008659362793 44.755924224853516 205 233.59564208984375 87.544082641601562 -1 88.5555419921875 209.44976806640625 347 70.382102966308594 26.523044586181641 210 147.88584899902344 220.11167907714844 316 227.88369750976562 103.52793121337891 532 77.370529174804688 221.20591735839844 405 187.91802978515625 232.27386474609375 265 99.292457580566406 246.16139221191406 -1 136.32847595214844 235.20074462890625 348 234.03097534179688 78.534080505371094 -1 173.14617919921875 79.397453308105469 113 103.66020202636719 240.29122924804688 349 197.1405029296875 87.991790771484375 267 228.92317199707031 132.58880615234375 320 103.77672576904297 192.63502502441406 674 188.32957458496094 148.89663696289062 -1 234.88034057617188 178.46824645996094 452 154.61373901367188 191.21902465820312 -1 210.03903198242188 147.90977478027344 479 70.382102966308594 26.523044586181641 211 66.977645874023438 38.285762786865234 212 66.977645874023438 38.285762786865234 213 133.16688537597656 77.233367919921875 644 233.59564208984375 87.544082641601562 -1 154.61373901367188 191.21902465820312 -1 103.66020202636719 240.29122924804688 351 93.449592590332031 14.13630199432373 209 70.554672241210938 33.000457763671875 206 66.977645874023438 38.285762786865234 207 59.704662322998047 42.469467163085938 582 23.920665740966797 66.556381225585938 296 19.867759704589844 67.509849548339844 370 15.385622978210449 69.171241760253906 301 13.370842933654785 76.150611877441406 422 133.16688537597656 77.233367919921875 635 21.44879150390625 204.83320617675781 354 154.35313415527344 196.72209167480469 -1 162.87583923339844 195.58311462402344 -1 33.912586212158203 194.82684326171875 388 50.007331848144531 177.86103820800781 355 246.70614624023438 170.34902954101562 -1 216.63064575195312 154.46479797363281 412 241.48698425292969 137.87875366210938 356 110.48642730712891 128.43695068359375 -1 246.99395751953125 115.99897766113281 357 164.589599609375 104.82021331787109 658 154.03642272949219 99.028450012207031 119 177.96708679199219 89.719985961914062 115 171.99386596679688 89.425933837890625 309 166.08328247070312 89.025062561035156 661 185.56045532226562 73.4453125 -1 10.870427131652832 72.550910949707031 310 30.237369537353516 63.190708160400391 359 2.9872961044311523 62.615283966064453 -1 172.81158447265625 60.148418426513672 126 190.4693603515625 57.563091278076172 116 27.725385665893555 49.658946990966797 311 42.401691436767578 47.004264831542969 360 173.89535522460938 50.274280548095703 313 192.33970642089844 51.300704956054688 122 2.9872961044311523 62.615283966064453 -1 10.870427131652832 72.550910949707031 361 166.08328247070312 89.025062561035156 659 177.96708679199219 89.719985961914062 362 154.03642272949219 99.028450012207031 270 50.007331848144531 177.86103820800781 363 162.87583923339844 195.58311462402344 -1 24.027942657470703 205.50752258300781 418 80.14959716796875 25.064943313598633 -1 108.00891876220703 29.03375244140625 257 167.96913146972656 35.623603820800781 546 42.401691436767578 47.004264831542969 364 173.89535522460938 50.274280548095703 312 192.33970642089844 51.300704956054688 125 78.812919616699219 209.8626708984375 365 20.434717178344727 209.27091979980469 366 33.912586212158203 194.82684326171875 386 152.70668029785156 227.39675903320312 -1 114.39950561523438 1.9721957445144653 317 186.38072204589844 228.10453796386719 256 146.04692077636719 214.79830932617188 -1 172.44276428222656 212.54820251464844 318 149.01359558105469 237.71296691894531 367 144.12147521972656 239.82998657226562 368 219.76692199707031 73.017227172851562 -1 149.31794738769531 207.78367614746094 369 24.027942657470703 205.50752258300781 419 167.96913146972656 35.623603820800781 260 2.2150354385375977 80.600456237792969 494 67.963623046875 25.385095596313477 -1 75.236137390136719 33.569877624511719 258 
114 0.99804506699976514 0.045076865198928839 0.040289522114123906 0.015839029928868514 0.00086349440844137276 0.19047758103503262 0.51568439527995402 1 000114.png
107.48783111572266 194.41839599609375 480 107.48783111572266 194.41839599609375 481 213.83573913574219 148.19526672363281 216 47.458328247070312 207.15580749511719 423 144.83914184570312 37.850059509277344 3 120.64691925048828 87.242584228515625 2 189.44963073730469 173.36457824707031 217 144.83914184570312 37.850059509277344 1 86.563690185546875 28.970771789550781 -1 155.68446350097656 207.27951049804688 185 126.15755462646484 161.25216674804688 -1 224.696044921875 163.46578979492188 218 198.61689758300781 140.98861694335938 220 198.61689758300781 140.98861694335938 261 73.279342651367188 3.0696420669555664 187 115.44761657714844 24.484577178955078 7 54.695659637451172 28.669303894042969 188 110.97910308837891 174.20590209960938 219 130.9490966796875 199.89309692382812 221 163.05339050292969 229.82147216796875 -1 238.68414306640625 138.70248413085938 223 218.92787170410156 142.08534240722656 224 40.547962188720703 23.035041809082031 189 161.75529479980469 38.092365264892578 14 183.29841613769531 209.4002685546875 262 146.9212646484375 212.02684020996094 393 238.68414306640625 138.70248413085938 487 146.9212646484375 212.02684020996094 274 88.684516906738281 11.536478042602539 -1 53.145584106445312 44.395175933837891 273 198.46029663085938 116.34090423583984 -1 154.25424194335938 57.409477233886719 476 182.75917053222656 60.892532348632812 19 162.93006896972656 243.45257568359375 424 167.39192199707031 80.037544250488281 18 209.96543884277344 115.77391815185547 225 120.97351837158203 188.02171325683594 321 141.12312316894531 189.31367492675781 222 171.80628967285156 195.17622375488281 229 182.75917053222656 60.892532348632812 -1 167.39192199707031 80.037544250488281 25 167.39192199707031 80.037544250488281 -1 209.96543884277344 115.77391815185547 227 141.12312316894531 189.31367492675781 425 82.351905822753906 196.75154113769531 426 167.01554870605469 208.47860717773438 511 94.659111022949219 223.20747375488281 428 103.96400451660156 228.04338073730469 429 150.20651245117188 227.441650390625 395 82.351905822753906 196.75154113769531 226 154.25424194335938 57.409477233886719 24 164.09809875488281 36.901866912841797 546 197.29833984375 131.96253967285156 -1 107.75226593017578 58.783458709716797 682 134.02937316894531 70.225173950195312 48 210.91075134277344 77.485679626464844 396 159.97767639160156 109.3927001953125 322 227.55628967285156 149.85922241210938 -1 236.576171875 171.58712768554688 323 181.28311157226562 198.79609680175781 264 181.28311157226562 198.79609680175781 263 91.355583190917969 211.24443054199219 373 124.77141571044922 11.085433006286621 545 22.64763069152832 51.747543334960938 543 152.18637084960938 103.16765594482422 324 149.69880676269531 166.50666809082031 237 238.55133056640625 147.03572082519531 524 161.49636840820312 91.967636108398438 279 191.900390625 79.36566162109375 -1 169.62936401367188 51.804641723632812 34 128.05142211914062 208.96316528320312 230 113.4329833984375 244.85198974609375 489 238.55133056640625 147.03572082519531 523 149.69880676269531 166.50666809082031 234 158.52473449707031 176.3065185546875 235 147.66661071777344 180.11148071289062 236 46.296253204345703 15.928091049194336 -1 107.24632263183594 234.60713195800781 399 174.07435607910156 95.326217651367188 43 81.444366455078125 17.798440933227539 455 52.673145294189453 7.6217389106750488 375 169.62936401367188 51.804641723632812 660 174.07435607910156 95.326217651367188 53 157.49235534667969 57.384784698486328 476 193.42182922363281 54.4505615234375 39 175.57960510253906 66.291664123535156 38 156.52215576171875 79.389434814453125 49 174.07435607910156 95.326217651367188 47 191.900390625 79.36566162109375 -1 154.42578125 90.861907958984375 52 161.49636840820312 91.967636108398438 282 46.296253204345703 15.928091049194336 194 46.296253204345703 15.928091049194336 376 232.03555297851562 92.155838012695312 283 48.845798492431641 23.320711135864258 196 61.329139709472656 30.380132675170898 582 4.6913504600524902 57.030422210693359 488 220.38644409179688 70.726081848144531 276 134.39614868164062 73.228195190429688 635 199.38546752929688 84.770553588867188 193 206.62332153320312 88.244552612304688 332 85.318527221679688 1.7313677072525024 400 168.37394714355469 238.37120056152344 432 144.34291076660156 233.67425537109375 398 86.810569763183594 203.86231994628906 232 149.53495788574219 201.55029296875 239 22.851072311401367 197.61604309082031 291 86.810569763183594 203.86231994628906 286 151.81118774414062 173.89141845703125 238 146.82182312011719 172.21717834472656 -1 240.67311096191406 153.74969482421875 228 202.64788818359375 127.54256439208984 300 145.45806884765625 186.64814758300781 329 85.318527221679688 1.7313677072525024 -1 240.67311096191406 153.74969482421875 231 202.64788818359375 127.54256439208984 251 204.64555358886719 119.72335052490234 339 151.81118774414062 173.89141845703125 240 146.82182312011719 172.21717834472656 241 141.62867736816406 178.730224609375 -1 122.04183959960938 7.234982967376709 -1 122.04183959960938 7.234982967376709 545 161.72599792480469 77.441238403320312 74 161.72599792480469 77.441238403320312 434 240.69422912597656 159.60699462890625 328 104.15872192382812 171.4254150390625 342 104.37831878662109 182.49990844726562 246 84.879287719726562 13.068090438842773 204 113.84609985351562 183.76824951171875 336 151.26040649414062 193.40559387207031 254 91.789840698242188 9.3344345092773438 410 132.73336791992188 77.107780456542969 635 96.362709045410156 10.813910484313965 690 73.664085388183594 22.588430404663086 206 105.72565460205078 39.367874145507812 201 32.968837738037109 42.595020294189453 203 32.792831420898438 49.284599304199219 383 22.561357498168945 49.570056915283203 543 9.2713642120361328 55.571533203125 477 21.947528839111328 57.992542266845703 370 169.18632507324219 58.730087280273438 83 8.7021780014038086 60.184108734130859 477 169.89788818359375 63.036113739013672 84 155.44270324707031 64.212738037109375 64 184.5869140625 65.985519409179688 401 226.59602355957031 74.355636596679688 -1 151.61334228515625 75.002464294433594 73 161.72599792480469 77.441238403320312 478 141.67672729492188 82.480583190917969 114 180.02488708496094 94.170379638671875 89 200.43893432617188 118.75289916992188 -1 240.69422912597656 159.60699462890625 330 112.13676452636719 166.61766052246094 243 107.61935424804688 167.62882995605469 341 104.15872192382812 171.4254150390625 334 118.35558319091797 173.67237854003906 248 104.37831878662109 182.49990844726562 249 108.83113098144531 183.71510314941406 343 113.84609985351562 183.76824951171875 344 18.344806671142578 189.48739624023438 345 88.435295104980469 191.41651916503906 347 151.26040649414062 193.40559387207031 -1 76.543899536132812 202.33439636230469 405 174.41743469238281 236.44706726074219 406 113.90642547607422 251.64361572265625 -1 91.789840698242188 9.3344345092773438 -1 132.73336791992188 77.107780456542969 644 84.879287719726562 13.068090438842773 200 73.664085388183594 22.588430404663086 411 8.7021780014038086 60.184108734130859 198 155.44270324707031 64.212738037109375 683 184.5869140625 65.985519409179688 402 151.61334228515625 75.002464294433594 87 116.66086578369141 179.54141235351562 245 152.92979431152344 220.41836547851562 420 47.164016723632812 252.95439147949219 -1 56.644130706787109 157.48664855957031 435 73.637214660644531 16.414482116699219 211 26.129173278808594 47.7945556640625 415 198.81221008300781 80.250198364257812 267 104.74358367919922 114.14353942871094 380 241.06985473632812 164.11119079589844 -1 103.36625671386719 176.95429992675781 674 94.162765502929688 15.116909980773926 -1 78.406532287597656 191.80099487304688 365 56.644130706787109 157.48664855957031 436 155.65670776367188 207.20849609375 346 28.259426116943359 56.683567047119141 296 114.22280883789062 2.3981707096099854 317 26.129173278808594 47.7945556640625 416 73.637214660644531 16.414482116699219 210 83.059623718261719 22.178447723388672 437 6.563075065612793 46.964672088623047 634 167.86524963378906 53.029830932617188 660 28.259426116943359 56.683567047119141 -1 5.7074604034423828 65.166908264160156 -1 173.06689453125 79.47369384765625 113 146.92974853515625 241.01104736328125 439 35.836036682128906 174.45152282714844 417 46.463623046875 167.841064453125 -1 50.912071228027344 163.32478332519531 363 64.594978332519531 149.70355224609375 -1 61.328403472900391 149.48236083984375 565 71.973587036132812 142.14906311035156 562 212.41523742675781 141.35292053222656 412 246.1033935546875 133.12577819824219 387 197.29270935058594 124.29007720947266 692 228.35641479492188 122.97968292236328 320 93.954544067382812 120.30074310302734 -1 242.64067077636719 102.51613616943359 413 177.96307373046875 89.629905700683594 115 171.90789794921875 89.4757080078125 309 166.17645263671875 89.232208251953125 661 161.3756103515625 81.000442504882812 497 209.42457580566406 80.034713745117188 396 138.9254150390625 77.532341003417969 644 51.314670562744141 2.5379691123962402 -1 188.04609680175781 69.129226684570312 -1 172.90071105957031 60.046474456787109 126 190.47673034667969 57.566078186035156 116 3.7687811851501465 55.995929718017578 -1 5.7276668548583984 53.132061004638672 442 192.40985107421875 51.307445526123047 125 51.314670562744141 2.5379691123962402 -1 49.629837036132812 4.7474384307861328 -1 192.40985107421875 51.307445526123047 122 20.524120330810547 40.666431427001953 -1 166.17645263671875 89.232208251953125 659 93.954544067382812 120.30074310302734 -1 71.973587036132812 142.14906311035156 507 64.594978332519531 149.70355224609375 -1 50.912071228027344 163.32478332519531 -1 46.463623046875 167.841064453125 -1 184.76177978515625 217.26823425292969 443 168.96493530273438 226.23239135742188 508 146.92974853515625 241.01104736328125 -1 49.629837036132812 4.7474384307861328 -1 4.1283702850341797 60.007450103759766 -1 4.1283702850341797 60.007450103759766 -1 162.16921997070312 251.48704528808594 -1 3.0746605396270752 47.525341033935547 533 105.42384338378906 7.0409331321716309 444 140.47348022460938 205.81431579589844 -1 57.359588623046875 13.58653450012207 502 197.20890808105469 72.668693542480469 414 45.645244598388672 41.923595428466797 404 147.25054931640625 192.72418212890625 369 30.335935592651367 180.13627624511719 -1 184.76177978515625 217.26823425292969 265 101.00165557861328 182.39378356933594 -1 4.1283702850341797 60.007450103759766 -1 168.96493530273438 226.23239135742188 -1 137.97683715820312 206.3623046875 -1 143.8648681640625 237.31974792480469 421 138.9254150390625 77.532341003417969 506 44.152687072753906 35.201141357421875 360 154.08345031738281 99.293655395507812 270 154.08345031738281 99.293655395507812 119 215.36834716796875 146.75132751464844 445 
115 0.99764484245471674 0.051835666603477104 0.04056176810968623 0.019302200887275148 -0.015940652071361652 0.60034890131417751 0.58026364491870819 1 000115.png
107.16232299804688 192.68537902832031 480 107.16232299804688 192.68537902832031 481 213.45693969726562 146.03202819824219 216 47.613800048828125 203.7333984375 423 144.94059753417969 37.915912628173828 3 120.62565612792969 86.692123413085938 2 189.65277099609375 171.49528503417969 217 144.94059753417969 37.915912628173828 1 84.894020080566406 28.285358428955078 516 75.839523315429688 166.25382995605469 482 155.31413269042969 204.21310424804688 185 75.839523315429688 166.25382995605469 483 198.4285888671875 138.63262939453125 220 126.87200927734375 162.44734191894531 -1 224.34333801269531 161.17475891113281 218 126.87200927734375 162.44734191894531 -1 104.81093597412109 196.12342834472656 485 198.4285888671875 138.63262939453125 261 104.81093597412109 196.12342834472656 518 151.47605895996094 169.53352355957031 486 130.2939453125 196.66062927246094 221 74.012176513671875 1.6191926002502441 187 115.83043670654297 24.473033905029297 7 55.309154510498047 26.158306121826172 188 146.41563415527344 208.40043640136719 393 219.06529235839844 140.23570251464844 224 238.86703491210938 137.05157470703125 487 146.41563415527344 208.40043640136719 274 41.501197814941406 20.897375106811523 189 161.69544982910156 38.159873962402344 14 238.86703491210938 137.05157470703125 223 110.63274383544922 171.11909484863281 219 182.48414611816406 206.31916809082031 262 154.17353820800781 57.363292694091797 476 182.77117919921875 60.914810180664062 19 210.04158020019531 113.81688690185547 225 141.15081787109375 186.55259704589844 222 82.226272583007812 192.96257019042969 226 171.31390380859375 192.33868408203125 229 94.279792785644531 219.18418884277344 428 103.45706939697266 224.23574829101562 429 149.38716125488281 223.86735534667969 395 162.16645812988281 240.32315063476562 424 167.51026916503906 79.942306518554688 18 141.15081787109375 186.55259704589844 425 210.04158020019531 113.81688690185547 227 167.51026916503906 79.942306518554688 25 182.77117919921875 60.914810180664062 -1 154.17353820800781 57.363292694091797 24 94.279792785644531 219.18418884277344 428 82.226272583007812 192.96257019042969 426 163.96073913574219 36.95391845703125 546 180.67481994628906 195.85121154785156 264 119.36441040039062 162.79013061523438 -1 159.99543762207031 108.60657501220703 322 134.08514404296875 70.613716125488281 48 88.843650817871094 9.829228401184082 490 238.44636535644531 144.07611083984375 524 124.69464874267578 10.973841667175293 545 98.750564575195312 44.237022399902344 -1 238.44636535644531 144.07611083984375 523 23.114177703857422 49.271270751953125 543 88.843650817871094 9.829228401184082 -1 30.936927795410156 75.608779907226562 -1 30.936927795410156 75.608779907226562 -1 30.936927795410156 75.608779907226562 -1 180.67481994628906 195.85121154785156 263 153.73628234863281 246.60188293457031 -1 153.73628234863281 246.60188293457031 -1 91.000091552734375 207.52629089355469 373 161.49507141113281 91.537498474121094 279 193.39955139160156 54.424350738525391 -1 169.61470031738281 52.118190765380859 34 174.0753173828125 95.27984619140625 43 174.0753173828125 95.27984619140625 53 53.5167236328125 5.8020577430725098 375 174.0753173828125 95.27984619140625 47 154.43753051757812 90.847969055175781 52 232.25444030761719 90.638267517089844 283 5.4739327430725098 54.649913787841797 488 171.09170532226562 207.34591674804688 -1 161.49507141113281 91.537498474121094 282 152.195556640625 102.91892242431641 324 197.17239379882812 126.09526062011719 692 237.56948852539062 158.91494750976562 330 149.42034912109375 163.65286254882812 234 158.10835266113281 173.38633728027344 235 147.31101989746094 177.09410095214844 236 127.70849609375 205.80020141601562 230 106.78468322753906 230.83184814453125 399 157.49974060058594 57.834724426269531 476 199.4912109375 83.354995727539062 521 175.55235290527344 66.293037414550781 38 211.40217590332031 76.489128112792969 396 156.54513549804688 79.340469360351562 49 199.4912109375 83.354995727539062 193 193.39955139160156 54.424350738525391 39 169.61470031738281 52.118190765380859 660 61.550018310546875 27.548208236694336 582 81.967079162597656 15.387630462646484 455 149.42034912109375 163.65286254882812 237 49.669334411621094 21.008144378662109 196 184.35710144042969 65.327804565429688 402 134.35179138183594 73.159996032714844 635 193.55856323242188 77.668411254882812 -1 207.08474731445312 86.551597595214844 332 105.52324676513672 97.173324584960938 -1 219.42176818847656 116.57932281494141 292 151.33685302734375 170.9368896484375 240 208.54188537597656 140.44822692871094 509 167.52023315429688 235.07040405273438 432 202.78990173339844 125.87782287597656 251 159.62406921386719 58.437705993652344 -1 112.13668823242188 163.29249572753906 243 86.599815368652344 199.87947082519531 232 86.599815368652344 199.87947082519531 286 166.24374389648438 187.666259765625 446 6.6491284370422363 173.93197631835938 -1 235.48280334472656 127.85940551757812 -1 202.78990173339844 125.87782287597656 300 148.76420593261719 198.20433044433594 239 193.55856323242188 77.668411254882812 -1 184.35710144042969 65.327804565429688 401 23.239574432373047 193.61309814453125 291 112.50898742675781 241.13429260253906 489 166.24374389648438 187.666259765625 447 6.6491284370422363 173.93197631835938 -1 151.33685302734375 170.9368896484375 238 189.134033203125 67.796180725097656 -1 144.02198791503906 230.15679931640625 398 54.192070007324219 33.680778503417969 326 161.84062194824219 77.461593627929688 74 161.84062194824219 77.461593627929688 434 164.11788940429688 102.15163421630859 600 164.11788940429688 102.15163421630859 599 240.44883728027344 151.87345886230469 228 240.53446960449219 157.36337280273438 328 103.93690490722656 168.15888977050781 334 104.13022613525391 179.04638671875 246 136.04927062988281 179.44300842285156 -1 113.39040374755859 180.62025451660156 336 84.433387756347656 15.10392951965332 455 54.390533447265625 3.7531306743621826 -1 109.08971405029297 23.874956130981445 538 166.86775207519531 35.852199554443359 546 105.68737030029297 39.316497802734375 201 33.891609191894531 40.132675170898438 203 33.997840881347656 46.037105560302734 383 23.467931747436523 47.389480590820312 543 10.258241653442383 53.230175018310547 477 202.36445617675781 58.597530364990234 385 168.86917114257812 58.88336181640625 83 169.88337707519531 63.087001800537109 84 155.75157165527344 63.807212829589844 64 151.58036804199219 75.187652587890625 87 161.84062194824219 77.461593627929688 478 180.00247192382812 94.220184326171875 89 242.95677185058594 100.07753753662109 413 164.11788940429688 102.15163421630859 90 204.20707702636719 117.98192596435547 339 228.86347961425781 122.56079864501953 320 208.59962463378906 134.36030578613281 479 111.86335754394531 147.00971984863281 -1 240.44883728027344 151.87345886230469 231 240.53446960449219 157.36337280273438 330 107.43917846679688 164.18086242675781 341 103.93690490722656 168.15888977050781 342 118.37705993652344 170.31838989257812 248 104.13022613525391 179.04638671875 249 136.04927062988281 179.44300842285156 -1 108.55052185058594 180.4091796875 343 113.39040374755859 180.62025451660156 344 18.857019424438477 185.75698852539062 345 39.696949005126953 231.64288330078125 448 173.38844299316406 233.20082092285156 406 105.64752197265625 246.267822265625 -1 166.86775207519531 35.852199554443359 260 155.75157165527344 63.807212829589844 63 155.75157165527344 63.807212829589844 65 151.58036804199219 75.187652587890625 73 173.04981994628906 79.561973571777344 113 57.976665496826172 11.223781585693359 502 74.416267395019531 14.051860809326172 211 91.381607055664062 8.2066316604614258 -1 34.285686492919922 32.769844055175781 205 74.477767944335938 20.386783599853516 411 85.822975158691406 11.220548629760742 200 114.37113189697266 2.3992757797241211 317 225.20330810546875 152.10426330566406 -1 9.2431507110595703 57.837417602539062 477 220.5562744140625 69.995231628417969 276 199.30990600585938 78.629158020019531 267 114.7646484375 255.86492919921875 -1 141.94473266601562 81.653610229492188 114 149.57057189941406 84.978355407714844 514 229.85946655273438 95.058555603027344 532 221.38224792480469 146.36451721191406 456 56.743335723876953 154.48515319824219 436 102.90448760986328 173.49032592773438 674 24.829328536987305 181.731201171875 354 23.375484466552734 187.23194885253906 366 78.275497436523438 187.71208190917969 365 154.96707153320312 204.12771606445312 346 117.12508392333984 241.89593505859375 -1 9.2431507110595703 57.837417602539062 198 56.743335723876953 154.48515319824219 435 117.12508392333984 241.89593505859375 -1 91.381607055664062 8.2066316604614258 410 85.822975158691406 11.220548629760742 204 74.416267395019531 14.051860809326172 210 120.50082397460938 16.585378646850586 609 46.698066711425781 17.708286285400391 450 83.879158020019531 19.511821746826172 437 74.477767944335938 20.386783599853516 206 34.285686492919922 32.769844055175781 202 3.1211481094360352 51.302017211914062 -1 167.82298278808594 52.802581787109375 660 166.47665405273438 194.03929138183594 318 74.922943115234375 193.17671203613281 -1 50.421405792236328 160.817626953125 -1 52.554340362548828 158.63502502441406 363 53.189823150634766 154.84147644042969 451 59.941112518310547 151.58004760742188 -1 242.98919677734375 141.39077758789062 452 73.292182922363281 138.13404846191406 562 70.416397094726562 137.61965942382812 562 107.518310546875 105.39886474609375 542 247.1263427734375 103.83712768554688 357 163.03169250488281 103.34663391113281 658 154.14390563964844 99.278739929199219 270 232.560546875 93.970428466796875 -1 177.9619140625 89.6793212890625 115 171.97694396972656 89.466514587402344 309 211.92779541015625 79.958030700683594 396 197.7652587890625 71.033302307128906 414 191.23023986816406 66.367805480957031 -1 188.57754516601562 64.422622680664062 500 12.623290061950684 60.334918975830078 -1 172.72001647949219 60.131805419921875 126 190.51791381835938 57.513069152832031 116 192.39131164550781 51.345733642578125 125 54.811878204345703 1.9426019191741943 -1 80.625946044921875 18.301576614379883 -1 40.617900848388672 34.610115051269531 -1 6.6368699073791504 50.743778228759766 442 173.89125061035156 50.208389282226562 313 192.39131164550781 51.345733642578125 122 177.9619140625 89.6793212890625 362 154.14390563964844 99.278739929199219 119 73.292182922363281 138.13404846191406 -1 59.941112518310547 151.58004760742188 -1 52.554340362548828 158.63502502441406 355 50.421405792236328 160.817626953125 -1 184.10289001464844 214.10383605957031 443 80.625946044921875 18.301576614379883 505 40.617900848388672 34.610115051269531 214 53.735977172851562 37.549770355224609 273 133.01957702636719 253.92660522460938 504 74.922943115234375 193.17671203613281 -1 48.545955657958984 40.786754608154297 -1 4.1010065078735352 45.133331298828125 533 173.89125061035156 50.208389282226562 312 142.73222351074219 233.23040771484375 421 54.811878204345703 1.9426019191741943 -1 147.80484008789062 235.38616943359375 439 171.27987670898438 225.58660888671875 535 168.11688232421875 223.16035461425781 508 184.10289001464844 214.10383605957031 265 182.55313110351562 210.63984680175781 256 172.07453918457031 205.145751953125 -1 4.1010065078735352 45.133331298828125 529 185.09724426269531 212.18809509277344 454 161.52494812011719 248.10707092285156 -1 43.735393524169922 35.751510620117188 360 166.20980834960938 89.308303833007812 659 69.332244873046875 141.95729064941406 507 171.36293029785156 97.861053466796875 -1 185.09724426269531 212.18809509277344 -1 166.20980834960938 89.308303833007812 661 197.15251159667969 122.26200103759766 692 69.332244873046875 141.95729064941406 503 
116 0.989217035049618 0.12951219488815177 0.051444898292450379 0.045051874351415548 -0.83873067054704176 5.2432817076459752 0.68674478863427013 1 000120.png
217.45472717285156 109.33032989501953 584 96.060966491699219 170.4173583984375 646 96.060966491699219 170.4173583984375 -1 145.45986938476562 37.330760955810547 1 47.508594512939453 166.96983337402344 423 47.508594512939453 166.96983337402344 586 194.51237487792969 147.09300231933594 612 194.51237487792969 147.09300231933594 -1 194.51237487792969 147.09300231933594 662 18.977035522460938 26.398759841918945 -1 91.867469787597656 26.407144546508789 -1 201.69204711914062 113.60701751708984 588 163.21493530273438 184.08700561523438 517 102.87387084960938 216.28944396972656 589 102.87387084960938 216.28944396972656 614 176.77767944335938 51.612491607666016 615 123.68439483642578 221.93479919433594 590 144.919677734375 213.89790344238281 675 127.13699340820312 14.254739761352539 648 101.41558074951172 187.84059143066406 663 164.7198486328125 248.58164978027344 -1 116.64086151123047 25.104015350341797 7 244.29032897949219 113.87903594970703 223 101.41558074951172 187.84059143066406 429 214.65145874023438 90.080322265625 225 134.61042785644531 233.23637390136719 616 118.0924072265625 238.61868286132812 617 152.83575439453125 216.196044921875 664 145.64610290527344 188.32424926757812 395 181.10653686523438 174.55233764648438 262 169.58692932128906 160.94630432128906 229 162.24058532714844 152.59542846679688 618 107.78158569335938 137.94639587402344 219 163.09898376464844 97.76422119140625 619 167.51594543457031 79.994911193847656 18 182.464599609375 58.905033111572266 19 167.51594543457031 79.994911193847656 25 157.61723327636719 204.83840942382812 424 183.47906494140625 61.158935546875 19 178.94137573242188 163.6099853515625 263 95.778472900390625 175.36203002929688 649 148.72187805175781 209.04365539550781 677 148.72187805175781 209.04365539550781 -1 95.778472900390625 175.36203002929688 620 178.94137573242188 163.6099853515625 264 80.57684326171875 154.48686218261719 226 175.87321472167969 67.647483825683594 621 95.778472900390625 175.36203002929688 622 88.885795593261719 168.69332885742188 373 117.93434906005859 224.4873046875 592 124.66649627685547 11.088271141052246 545 16.793508529663086 13.96575927734375 665 100.45844268798828 32.09051513671875 552 175.87321472167969 67.647483825683594 38 200.03654479980469 101.06699371337891 692 19.813102722167969 143.08967590332031 345 80.57684326171875 154.48686218261719 426 165.49765014648438 35.690937042236328 546 31.790655136108398 10.059511184692383 -1 169.48377990722656 52.104030609130859 660 169.48377990722656 52.104030609130859 34 135.450439453125 220.57206726074219 623 34.097137451171875 38.077922821044922 624 193.68852233886719 54.497787475585938 39 112.07677459716797 156.74464416503906 -1 156.67648315429688 78.923408508300781 49 154.27450561523438 91.055191040039062 52 152.103515625 103.10749053955078 324 233.20858764648438 124.19711303710938 645 239.52272033691406 132.94572448730469 330 157.3973388671875 141.29954528808594 235 115.97039794921875 9.8511962890625 -1 24.922443389892578 155.06610107421875 291 104.43320465087891 194.22114562988281 399 52.027938842773438 7.1985359191894531 -1 157.3973388671875 141.29954528808594 667 203.24029541015625 59.304824829101562 625 209.68379211425781 63.560638427734375 -1 168.67384338378906 91.884254455566406 659 207.67904663085938 102.71446990966797 251 165.48440551757812 154.63894653320312 446 84.532638549804688 160.83953857421875 286 161.58131408691406 91.510215759277344 282 138.90049743652344 241.27265930175781 626 98.089935302734375 229.49835205078125 627 208.59542846679688 111.62369537353516 -1 115.50270843505859 217.71524047851562 591 164.06439208984375 199.34434509277344 432 161.58131408691406 91.510215759277344 279 138.90049743652344 241.27265930175781 -1 98.089935302734375 229.49835205078125 -1 115.50270843505859 217.71524047851562 628 84.532638549804688 160.83953857421875 286 84.532638549804688 160.83953857421875 232 168.67384338378906 91.884254455566406 661 104.04840850830078 238.20364379882812 -1 157.74212646484375 232.24728393554688 670 137.14533996582031 234.08984375 597 100.45924377441406 8.9258556365966797 690 170.22520446777344 40.024024963378906 278 57.687198638916016 120.93051910400391 602 107.18034362792969 145.16761779785156 672 169.96060180664062 197.83660888671875 671 107.18034362792969 145.16761779785156 343 224.23695373535156 119.94393157958984 456 55.545379638671875 4.1530590057373047 -1 100.45924377441406 8.9258556365966797 526 96.555091857910156 10.862534523010254 690 110.2154541015625 23.918983459472656 538 170.22520446777344 40.024024963378906 280 160.28591918945312 43.352798461914062 -1 153.26747131347656 49.299808502197266 -1 189.91632080078125 62.620845794677734 629 169.92658996582031 63.147174835205078 84 183.2353515625 74.6044921875 -1 179.93522644042969 94.269081115722656 89 216.97276306152344 118.80410766601562 445 57.687198638916016 120.93051910400391 436 244.36546325683594 122.30702209472656 523 103.18572998046875 132.86842346191406 334 155.82009887695312 134.26214599609375 -1 20.079006195068359 146.48359680175781 345 25.172962188720703 148.04541015625 366 76.923347473144531 148.9014892578125 365 38.409557342529297 189.85289001464844 448 140.61331176757812 194.01129150390625 398 169.96060180664062 197.83660888671875 406 162.80635070800781 212.27420043945312 668 145.06088256835938 220.53096008300781 596 162.40397644042969 232.52456665039062 630 165.11891174316406 188.06817626953125 508 167.92434692382812 217.95327758789062 606 238.75360107421875 136.54327392578125 631 45.452049255371094 213.5302734375 687 189.1026611328125 168.01235961914062 534 204.13333129882812 94.609062194824219 339 171.11528015136719 225.10649108886719 -1 128.0062255859375 225.53590393066406 632 10.121191024780273 17.020267486572266 -1 133.05500793457031 76.995185852050781 644 200.24920654296875 95.281082153320312 601 165.11891174316406 188.06817626953125 -1 187.9127197265625 194.79515075683594 -1 128.0062255859375 225.53590393066406 681 114.11708831787109 2.4490416049957275 317 39.208816528320312 9.6375608444213867 -1 13.706931114196777 16.501991271972656 -1 167.96514892578125 190.47628784179688 535 4.0107250213623047 22.425130844116211 488 133.05500793457031 76.995185852050781 -1 173.04098510742188 79.579757690429688 113 204.13333129882812 94.609062194824219 540 200.24920654296875 95.281082153320312 673 71.3016357421875 105.38713073730469 562 187.9127197265625 194.79515075683594 -1 129.21192932128906 214.42369079589844 504 48.387611389160156 124.71087646484375 636 239.35064697265625 128.17779541015625 654 42.272151947021484 129.51222229003906 -1 107.28236389160156 129.75885009765625 341 152.39779663085938 142.72596740722656 -1 25.367048263549805 143.65087890625 354 151.75016784667969 209.68327331542969 -1 86.532279968261719 149.72651672363281 347 148.09574890136719 215.327392578125 -1 149.57279968261719 181.293212890625 420 39.302566528320312 5.8187808990478516 -1 46.095893859863281 6.0367588996887207 -1 5.2712292671203613 25.856948852539062 488 189.04280090332031 54.397201538085938 611 190.52899169921875 57.560672760009766 116 95.409706115722656 228.89785766601562 637 165.19036865234375 228.99406433105469 688 55.591552734375 230.07356262207031 655 86.983428955078125 93.014236450195312 -1 168.020751953125 60.244964599609375 639 42.755512237548828 5.1607904434204102 -1 174.46589660644531 215.04776000976562 605 178.30477905273438 209.61845397949219 640 192.47749328613281 51.340202331542969 125 75.415748596191406 158.54719543457031 405 90.041839599609375 90.472335815429688 -1 171.85725402832031 89.637710571289062 309 94.904212951660156 86.626266479492188 607 161.48902893066406 80.89605712890625 497 102.25996398925781 81.137641906738281 561 189.48020935058594 61.220706939697266 641 233.507568359375 146.56350708007812 -1 172.5762939453125 60.181735992431641 126 5.2712292671203613 25.856948852539062 -1 168.020751953125 60.244964599609375 -1 102.25996398925781 81.137641906738281 608 153.95468139648438 99.235206604003906 270 163.37469482421875 205.38150024414062 -1 232.99333190917969 143.36198425292969 642 163.37469482421875 205.38150024414062 643 102.35947418212891 137.92243957519531 674 185.13442993164062 180.1798095703125 598 221.52880859375 121.58196258544922 -1 214.75343322753906 116.19585418701172 509 64.366928100585938 112.06842803955078 441 163.34304809570312 103.87223052978516 658 153.95468139648438 99.235206604003906 119 98.234596252441406 238.95053100585938 -1 6.2319936752319336 255.87692260742188 -1 98.234596252441406 238.95053100585938 -1 
118 0.99490964947082106 0.082150744900282818 0.047976804842569748 0.033230568747383997 -0.49984198964991711 2.4219374845735162 0.78535858430757322 1 000117.png
234.32331848144531 128.24946594238281 -1 218.58213806152344 118.14887237548828 584 103.60215759277344 184.8280029296875 480 103.60215759277344 184.8280029296875 481 145.34846496582031 38.090801239013672 3 120.69037628173828 85.559471130371094 4 179.84902954101562 102.17092895507812 -1 48.246299743652344 186.8367919921875 423 120.69037628173828 85.559471130371094 2 145.34846496582031 38.090801239013672 1 48.246299743652344 186.8367919921875 586 82.634300231933594 20.321355819702148 516 76.116035461425781 151.77682495117188 482 76.116035461425781 151.77682495117188 483 199.91725158691406 129.15673828125 261 224.73495483398438 151.12808227539062 218 164.56233215332031 204.21031188964844 517 199.91725158691406 129.15673828125 220 150.57548522949219 157.68806457519531 486 106.12420654296875 192.05897521972656 518 160.27841186523438 39.014156341552734 14 106.12420654296875 192.05897521972656 485 97.525718688964844 175.6590576171875 -1 127.21720886230469 14.328158378601074 648 58.668743133544922 13.554054260253906 188 102.94631195068359 208.825927734375 429 116.40585327148438 24.863306045532227 7 240.94815063476562 128.10565185546875 223 109.33499908447266 157.61923217773438 219 144.77239990234375 194.11201477050781 393 126.43350982666016 242.19038391113281 590 126.43350982666016 242.19038391113281 -1 195.21444702148438 59.567745208740234 549 159.86270141601562 225.31112670898438 424 147.55659484863281 208.9315185546875 395 181.35711669921875 193.40435791015625 262 165.84556579589844 191.9010009765625 511 167.51425170898438 80.020622253417969 25 211.98118591308594 104.72999572753906 227 123.95646667480469 181.92427062988281 -1 123.95646667480469 181.92427062988281 563 170.25030517578125 179.36418151855469 229 211.98118591308594 104.72999572753906 225 153.85556030273438 57.996150970458984 24 167.51425170898438 80.020622253417969 18 182.46609497070312 59.826824188232422 19 153.85556030273438 57.996150970458984 476 205.44526672363281 52.761348724365234 519 220.19644165039062 130.59201049804688 224 81.978607177734375 176.96751403808594 226 81.978607177734375 176.96751403808594 426 53.176464080810547 28.03221321105957 551 99.854255676269531 32.949298858642578 552 9.5767297744750977 43.629894256591797 488 157.38482666015625 57.660629272460938 476 245.95599365234375 140.59089660644531 233 179.69715881347656 182.58540344238281 264 90.6285400390625 191.08438110351562 373 126.42955017089844 254.85821533203125 -1 179.69715881347656 182.58540344238281 263 124.38729858398438 10.694089889526367 545 46.525592803955078 12.855971336364746 189 53.632522583007812 10.372880935668945 196 161.52804565429688 91.896080017089844 279 170.91632080078125 41.808254241943359 278 169.59715270996094 51.192241668701172 34 184.03938293457031 64.495697021484375 401 184.03938293457031 64.495697021484375 402 64.347930908203125 185.75653076171875 284 165.717041015625 219.54298400878906 432 157.794677734375 160.30274963378906 235 138.29878234863281 173.42350769042969 425 25.425308227539062 177.29911804199219 291 53.632522583007812 10.372880935668945 -1 126.70494842529297 192.57835388183594 230 106.03440093994141 215.08087158203125 399 170.91632080078125 41.808254241943359 280 110.36393737792969 223.75019836425781 489 175.46150207519531 66.084220886230469 38 202.06578063964844 75.13641357421875 521 156.58030700683594 79.250938415527344 49 154.39108276367188 90.944076538085938 52 161.52804565429688 91.896080017089844 282 240.34843444824219 101.21890258789062 -1 152.15031433105469 102.98516845703125 324 169.59715270996094 51.192241668701172 660 198.26155090332031 116.87913513183594 692 231.00575256347656 139.69264221191406 645 237.86764526367188 148.79045104980469 330 193.27281188964844 54.097454071044922 39 122.90505981445312 8.6588869094848633 522 83.571037292480469 3.3410360813140869 -1 138.29878234863281 173.42350769042969 493 166.24404907226562 36.198322296142578 546 168.84159851074219 91.97314453125 659 174.46224975585938 95.268867492675781 47 240.27252197265625 137.2374267578125 523 204.52236938476562 116.87947082519531 251 240.27252197265625 137.2374267578125 524 174.46224975585938 95.268867492675781 43 174.46224975585938 95.268867492675781 53 168.84159851074219 91.97314453125 661 86.379112243652344 183.26698303222656 -1 86.379112243652344 183.26698303222656 286 166.24404907226562 36.198322296142578 260 165.51921081542969 174.43617248535156 446 142.32206726074219 214.99542236328125 398 135.35877990722656 186.92263793945312 -1 86.379112243652344 183.26698303222656 232 151.38414001464844 157.97885131835938 -1 20.648702621459961 167.70848083496094 345 148.12173461914062 163.79498291015625 236 151.38414001464844 157.97885131835938 240 155.74284362792969 152.67193603515625 525 150.23377990722656 151.09620666503906 237 150.23377990722656 151.09620666503906 234 165.51921081542969 174.43617248535156 447 177.52955627441406 60.727920532226562 80 147.54974365234375 243.04898071289062 596 119.25926971435547 248.15097045898438 592 104.5386962890625 163.4791259765625 249 100.25077056884766 8.971196174621582 526 96.400360107421875 10.794303894042969 690 50.040618896484375 20.780597686767578 564 56.392597198486328 21.344593048095703 326 37.537857055664062 28.885856628417969 203 30.519247055053711 33.223747253417969 -1 26.975116729736328 36.568931579589844 543 105.74187469482422 39.269485473632812 201 15.15522575378418 42.270839691162109 595 3.2618453502655029 48.938217163085938 557 168.57655334472656 59.051116943359375 83 169.87937927246094 63.090240478515625 84 231.72457885742188 77.530075073242188 492 179.96980285644531 94.251838684082031 89 222.00790405273438 135.39297485351562 456 112.01349639892578 149.64321899414062 243 104.0518798828125 153.60633850097656 334 108.40042877197266 165.86723327636719 343 146.60850524902344 170.35348510742188 -1 25.175636291503906 170.6661376953125 366 88.136329650878906 171.97273254394531 347 189.10836791992188 196.1337890625 598 111.92771911621094 204.50868225097656 527 171.55354309082031 218.26715087890625 406 119.25926971435547 248.15097045898438 593 100.25077056884766 8.971196174621582 690 104.0518798828125 153.60633850097656 342 104.5386962890625 163.4791259765625 246 131.54640197753906 236.92628479003906 504 152.62022399902344 162.31085205078125 -1 26.626996994018555 164.97964477539062 354 78.4134521484375 171.41273498535156 365 166.15713500976562 180.50538635253906 318 76.785972595214844 181.65791320800781 405 136.7034912109375 183.83489990234375 -1 151.12864685058594 202.07136535644531 420 166.58995056152344 208.2596435546875 508 8.2171869277954102 34.692653656005859 529 187.50209045410156 223.28419494628906 -1 11.62623405456543 32.977863311767578 494 130.85267639160156 247.10920715332031 632 102.81880950927734 158.82685852050781 674 77.242630004882812 8.9982395172119141 -1 37.613746643066406 22.359043121337891 202 25.851444244384766 41.044078826904297 370 195.43338012695312 62.559120178222656 -1 114.39996337890625 2.4540143013000488 317 77.488174438476562 3.3747494220733643 -1 77.242630004882812 8.9982395172119141 411 37.613746643066406 22.359043121337891 205 177.5418701171875 90.523269653320312 362 11.558703422546387 39.46368408203125 442 25.851444244384766 41.044078826904297 255 13.149321556091309 47.530620574951172 198 198.57603454589844 55.608242034912109 385 197.72059631347656 60.314353942871094 -1 195.43338012695312 62.559120178222656 530 204.69316101074219 65.177825927734375 -1 241.93843078613281 142.242431640625 228 201.86140441894531 71.017112731933594 267 222.51644897460938 71.130378723144531 276 215.48773193359375 76.017951965332031 -1 225.79010009765625 79.09503173828125 -1 173.07144165039062 79.452102661132812 113 233.06549072265625 84.008407592773438 283 232.49261474609375 87.490715026855469 532 183.46078491210938 230.01557922363281 603 177.5418701171875 90.523269653320312 115 123.01167297363281 249.67523193359375 -1 187.50209045410156 223.28419494628906 -1 241.93843078613281 142.242431640625 231 107.85472869873047 149.973876953125 341 37.389015197753906 154.84541320800781 -1 211.88639831542969 131.82664489746094 509 8.2171869277954102 34.692653656005859 533 44.23028564453125 23.675664901733398 214 77.488174438476562 3.3747494220733643 -1 174.84677124023438 170.7900390625 474 39.822158813476562 213.61769104003906 448 133.35240173339844 183.29010009765625 -1 189.71099853515625 187.08973693847656 534 169.70838928222656 210.05241394042969 535 54.3739013671875 140.361572265625 451 175.71711730957031 237.38047790527344 605 87.306594848632812 3.8377132415771484 -1 101.00185394287109 163.16616821289062 -1 234.91157531738281 155.11538696289062 642 110.58670806884766 21.523836135864258 536 60.292510986328125 135.04806518554688 565 215.552978515625 134.67857360839844 445 192.35121154785156 51.33795166015625 125 71.56292724609375 124.63233947753906 562 38.974983215332031 31.697664260864258 -1 110.00006103515625 25.944545745849609 538 82.610588073730469 117.96746063232422 539 41.172172546386719 22.98997688293457 -1 198.36264038085938 111.74025726318359 692 105.72946929931641 7.0528550148010254 444 201.46438598632812 110.41655731201172 540 41.172172546386719 22.98997688293457 -1 91.909881591796875 109.38169097900391 -1 192.35121154785156 51.33795166015625 122 94.097396850585938 107.50816345214844 -1 91.909881591796875 109.38169097900391 -1 201.46438598632812 110.41655731201172 339 82.610588073730469 117.96746063232422 541 174.84677124023438 170.7900390625 475 94.097396850585938 107.50816345214844 607 163.17041015625 103.57710266113281 658 252.96128845214844 98.323738098144531 -1 106.5303955078125 96.730278015136719 542 171.88189697265625 89.566246032714844 309 227.00682067871094 73.914665222167969 -1 200.60130310058594 62.953258514404297 -1 189.50462341308594 61.028369903564453 500 172.62385559082031 60.221897125244141 126 63.563140869140625 4.5322651863098145 502 190.4659423828125 57.529964447021484 116 171.96076965332031 211.9056396484375 -1 
119 0.99649691817385022 0.065291391947056077 0.045131699217968044 0.02634494132340804 -0.30088477603818592 1.4095148414421677 0.70557453052784269 1 000116.png
106.08113861083984 188.44784545898438 480 106.08113861083984 188.44784545898438 481 213.95655822753906 140.79393005371094 216 145.08998107910156 38.010501861572266 3 120.55930328369141 85.780876159667969 2 180.33341979980469 104.4383544921875 515 190.56562805175781 166.79963684082031 217 48.073081970214844 195.071044921875 423 120.55930328369141 85.780876159667969 4 145.08998107910156 38.010501861572266 1 83.796646118164062 24.482271194458008 516 75.694625854492188 159.62629699707031 482 155.02493286132812 198.01541137695312 185 75.694625854492188 159.62629699707031 483 221.26130676269531 83.276664733886719 -1 199.12791442871094 134.22496032714844 220 224.51646423339844 156.493896484375 218 127.6248779296875 164.51458740234375 -1 164.84205627441406 210.82637023925781 517 107.60852813720703 247.29048156738281 484 105.22320556640625 190.57913208007812 485 199.12791442871094 134.22496032714844 261 151.37770080566406 164.3592529296875 486 110.42534637451172 65.498161315917969 -1 160.30026245117188 38.658836364746094 14 129.40742492675781 190.38136291503906 221 57.168060302734375 20.474353790283203 188 116.17506408691406 24.629844665527344 7 239.91493225097656 133.01205444335938 223 219.03518676757812 135.24972534179688 224 109.93513488769531 164.97004699707031 219 145.61221313476562 201.47572326660156 393 239.91493225097656 133.01205444335938 487 43.960712432861328 17.223270416259766 189 53.456417083740234 35.591972351074219 551 103.13107299804688 216.81269836425781 429 148.39524841308594 216.87210083007812 395 160.89994812011719 233.14909362792969 424 182.12405395507812 200.3050537109375 262 166.16038513183594 199.07109069824219 511 211.00953674316406 109.75604248046875 227 154.2408447265625 57.271457672119141 476 170.64631652832031 186.30580139160156 229 211.00953674316406 109.75604248046875 225 167.47842407226562 80.032958984375 18 182.69459533691406 60.622970581054688 19 154.2408447265625 57.271457672119141 24 167.47842407226562 80.032958984375 25 82.206100463867188 185.44486999511719 426 82.206100463867188 185.44486999511719 226 164.30833435058594 36.891506195068359 546 156.61868286132812 57.729240417480469 476 159.96849060058594 108.92423248291016 322 180.0748291015625 189.6409912109375 264 90.945457458496094 199.7412109375 373 147.75050354003906 254.18240356445312 -1 180.0748291015625 189.6409912109375 263 124.50730895996094 10.741678237915039 545 156.55111694335938 79.317214965820312 49 122.91024017333984 8.5951404571533203 522 161.49258422851562 91.8084716796875 282 152.09623718261719 103.35971069335938 324 19.676130294799805 174.73751831054688 345 56.697296142578125 5.2034316062927246 -1 157.91850280761719 167.26286315917969 235 147.48741149902344 170.98362731933594 236 56.697296142578125 5.2034316062927246 374 230.03219604492188 145.0352783203125 645 64.079193115234375 193.71102905273438 284 127.09030151367188 199.72360229492188 230 106.46955871582031 223.50697326660156 399 174.21153259277344 95.2432861328125 47 190.77671813964844 64.377410888671875 -1 175.489013671875 66.244033813476562 38 128.19619750976562 247.96243286132812 -1 83.105117797851562 10.230266571044922 -1 154.41297912597656 90.990242004394531 52 249.39949035644531 90.242485046386719 182 62.577259063720703 21.661855697631836 582 7.6417913436889648 49.829380035400391 488 193.36264038085938 54.270381927490234 39 190.77671813964844 64.377410888671875 -1 193.36264038085938 54.270381927490234 -1 83.105117797851562 10.230266571044922 455 174.21153259277344 95.2432861328125 43 174.21153259277344 95.2432861328125 53 224.26185607910156 115.83641815185547 -1 249.39949035644531 90.242485046386719 181 161.49258422851562 91.8084716796875 279 128.19619750976562 247.96243286132812 -1 149.71940612792969 157.72862243652344 237 166.6939697265625 228.03309631347656 432 112.11157989501953 232.5648193359375 489 89.750846862792969 6.721282958984375 490 51.694187164306641 16.319896697998047 196 61.086513519287109 29.272426605224609 491 25.069076538085938 43.365089416503906 543 201.15068054199219 79.54754638671875 521 168.90499877929688 52.395145416259766 660 184.31317138671875 64.990036010742188 402 148.30950927734375 70.195976257324219 287 112.25161743164062 212.55366516113281 527 86.497169494628906 192.095458984375 286 137.06948852539062 176.33470153808594 -1 203.77421569824219 121.87588500976562 300 205.8223876953125 113.43844604492188 -1 103.49335479736328 80.475700378417969 513 208.27589416503906 82.915023803710938 332 195.1939697265625 74.126838684082031 -1 195.1939697265625 74.126838684082031 -1 148.30950927734375 70.195976257324219 293 184.31317138671875 64.990036010742188 401 229.17776489257812 76.614944458007812 492 86.497169494628906 192.095458984375 232 24.179197311401367 185.7642822265625 291 137.06948852539062 176.33470153808594 493 19.982547760009766 177.07545471191406 345 151.25483703613281 164.94210815429688 240 117.49891662597656 159.98109436035156 248 155.69847106933594 159.59234619140625 525 203.77421569824219 121.87588500976562 251 233.33052062988281 87.74835205078125 283 149.71940612792969 157.72862243652344 234 195.1939697265625 74.126838684082031 -1 201.15068054199219 79.54754638671875 193 142.70295715332031 222.72175598144531 398 205.8223876953125 113.43844604492188 339 89.750846862792969 6.721282958984375 -1 112.22913360595703 156.830322265625 243 10.035344123840332 38.574127197265625 634 105.72860717773438 39.290946960449219 201 12.795587539672852 48.256988525390625 477 168.53317260742188 58.980331420898438 83 169.88163757324219 63.104480743408203 84 161.8487548828125 77.426734924316406 478 172.97804260253906 79.057487487792969 113 180.00173950195312 94.160682678222656 89 244.25746154785156 96.40020751953125 413 225.00094604492188 115.22066497802734 -1 229.69279479980469 118.76520538330078 320 218.71200561523438 143.69573974609375 -1 240.95736694335938 147.55172729492188 231 228.89918518066406 150.07191467285156 645 240.93666076660156 152.56401062011719 330 107.58942413330078 157.38252258300781 341 103.98965454101562 161.24822998046875 334 102.51720428466797 166.47727966308594 674 104.25217437744141 171.79209899902344 249 108.44540405273438 173.45799255371094 343 88.5517578125 180.77091979980469 347 172.53053283691406 226.05569458007812 406 124.33837890625 251.84538269042969 -1 148.90557861328125 251.89360046386719 -1 154.37155151367188 197.84100341796875 346 100.14525604248047 8.9024696350097656 526 96.503448486328125 10.938992500305176 690 55.299396514892578 28.085735321044922 326 112.17533111572266 32.9368896484375 512 100.14525604248047 8.9024696350097656 690 161.8487548828125 77.426734924316406 74 161.8487548828125 77.426734924316406 434 240.95736694335938 147.55172729492188 228 240.93666076660156 152.56401062011719 328 103.98965454101562 161.24822998046875 342 104.25217437744141 171.79209899902344 246 124.33837890625 251.84538269042969 -1 24.193624496459961 49.454067230224609 370 25.010122299194336 178.70671081542969 366 149.56977844238281 84.990310668945312 514 204.63412475585938 125.28507232666016 -1 114.26026153564453 2.463282585144043 317 75.977149963378906 9.3311014175415039 210 86.101661682128906 10.086166381835938 455 85.438796997070312 14.134200096130371 437 36.128860473632812 28.030906677246094 202 30.609956741333008 173.44485473632812 -1 222.1597900390625 141.86563110351562 456 194.74807739257812 63.8116455078125 530 113.35540771484375 173.80888366699219 336 213.81748962402344 65.450592041015625 -1 40.881416320800781 163.67811584472656 -1 224.14234924316406 83.408554077148438 -1 78.392837524414062 180.286376953125 365 76.919471740722656 190.89952087402344 405 151.61456298828125 209.93278503417969 420 40.881416320800781 163.67811584472656 -1 75.977149963378906 9.3311014175415039 211 36.128860473632812 28.030906677246094 205 30.609956741333008 173.44485473632812 386 113.35540771484375 173.80888366699219 344 200.70053100585938 115.55548095703125 540 164.63719177246094 106.34600830078125 658 163.02603149414062 103.53500366210938 658 153.9815673828125 99.040550231933594 119 171.8804931640625 89.623100280761719 309 228.03460693359375 86.019287109375 -1 161.39015197753906 80.979217529296875 497 139.14985656738281 77.634407043457031 644 203.51559448242188 69.924034118652344 499 199.17597961425781 67.516319274902344 414 189.46401977539062 61.456394195556641 500 172.61209106445312 60.240859985351562 126 190.532958984375 57.498828887939453 116 192.37062072753906 51.315269470214844 125 173.94898986816406 50.169235229492188 312 9.1150941848754883 45.79486083984375 442 167.9554443359375 35.585285186767578 546 42.656166076660156 29.622404098510742 214 61.559307098388672 24.862920761108398 -1 82.030525207519531 12.75493335723877 -1 105.739501953125 7.1210570335388184 444 110.84115600585938 6.7547206878662109 501 59.778347015380859 5.8455348014831543 502 53.643203735351562 3.9879012107849121 -1 180.82452392578125 238.59951782226562 -1 70.938369750976562 135.13388061523438 503 132.08744812011719 245.72344970703125 504 6.3230233192443848 40.591884613037109 533 82.030525207519531 12.75493335723877 505 167.9554443359375 35.585285186767578 260 173.94898986816406 50.169235229492188 313 192.37062072753906 51.315269470214844 122 139.14985656738281 77.634407043457031 506 153.9815673828125 99.040550231933594 270 200.70053100585938 115.55548095703125 339 200.56111145019531 74.91851806640625 267 70.938369750976562 135.13388061523438 507 57.942989349365234 147.54884338378906 435 56.044837951660156 149.36647033691406 -1 50.586551666259766 154.76608276367188 -1 27.99128532409668 176.057373046875 -1 214.95086669921875 136.56011962890625 412 71.384529113769531 131.62297058105469 562 6.3230233192443848 40.591884613037109 529 81.607818603515625 125.03215789794922 541 27.99128532409668 176.057373046875 -1 81.607818603515625 125.03215789794922 539 167.28170776367188 216.02650451660156 508 211.37335205078125 136.58065795898438 509 215.39479064941406 140.05616760253906 445 57.942989349365234 147.54884338378906 436 53.542442321777344 148.42164611816406 451 56.044837951660156 149.36647033691406 -1 50.586551666259766 154.76608276367188 -1 25.600608825683594 174.76905822753906 354 148.74594116210938 200.91519165039062 -1 73.24786376953125 132.97799682617188 -1 73.24786376953125 132.97799682617188 562 
120 0.99869596630179946 0.032261701149941056 0.038385472955955013 0.0095971348523645195 0.11074924194019896 -0.58448255964658069 0.36574951908711834 1 000113.png
108.97665405273438 195.87466430664062 480 213.96636962890625 152.28590393066406 216 46.774921417236328 213.52346801757812 423 144.73159790039062 37.817440032958984 3 120.69721984863281 87.569869995117188 2 189.77133178710938 178.07893371582031 217 144.73159790039062 37.817440032958984 1 120.69721984863281 87.569869995117188 4 197.05606079101562 72.094314575195312 391 156.58195495605469 213.47994995117188 185 92.102638244628906 21.666929244995117 186 125.67987060546875 161.81903076171875 392 225.42829895019531 167.77143859863281 218 198.86399841308594 145.2110595703125 220 198.86399841308594 145.2110595703125 261 115.13133239746094 24.490095138549805 7 53.297359466552734 33.565277099609375 188 111.40581512451172 180.47557067871094 219 132.10194396972656 206.30859375 221 115.13133239746094 24.490095138549805 11 238.72880554199219 142.36569213867188 223 161.70947265625 38.118289947509766 14 122.674072265625 192.53466796875 321 141.83023071289062 195.56246948242188 222 164.91522216796875 236.42720031738281 -1 184.68775939941406 215.32363891601562 262 219.03939819335938 145.9447021484375 224 207.10150146484375 53.077587127685547 519 38.713932037353516 26.816974639892578 189 88.579826354980469 14.795165061950684 -1 147.5810546875 219.05851745605469 274 141.83023071289062 195.56246948242188 425 147.5810546875 219.05851745605469 393 82.553146362304688 204.15078735351562 226 52.554130554199219 49.170322418212891 273 22.085168838500977 56.603252410888672 543 154.41110229492188 57.452751159667969 476 182.74893188476562 60.772354125976562 19 238.32269287109375 85.296440124511719 51 209.93482971191406 119.50470733642578 225 173.13414001464844 200.94490051269531 229 154.41110229492188 57.452751159667969 24 167.34451293945312 79.957008361816406 25 209.93482971191406 119.50470733642578 227 95.128257751464844 231.44342041015625 428 82.553146362304688 204.15078735351562 426 104.75936889648438 235.33602905273438 394 151.73529052734375 234.39595031738281 395 104.75936889648438 235.33602905273438 429 167.34451293945312 79.957008361816406 18 170.25631713867188 215.88096618652344 511 133.41694641113281 69.235618591308594 48 163.92289733886719 36.984916687011719 546 98.718360900878906 57.4986572265625 190 210.19070434570312 80.471611022949219 396 160.11062622070312 109.54209899902344 322 182.57888793945312 204.76515197753906 264 163.97993469238281 248.54055786132812 424 163.97993469238281 248.54055786132812 -1 163.97993469238281 248.54055786132812 -1 182.57888793945312 204.76515197753906 263 91.814682006835938 218.822509765625 373 129.22964477539062 214.94520568847656 230 124.81182861328125 11.218852996826172 545 80.361625671386719 22.187183380126953 455 51.109718322753906 12.057934761047363 375 161.46859741210938 91.662300109863281 279 173.97479248046875 95.250221252441406 53 231.54937744140625 95.399879455566406 283 112.37985229492188 115.28449249267578 -1 150.3812255859375 172.24383544921875 237 148.50163269042969 186.04945373535156 236 241.16801452636719 157.56695556640625 231 150.3812255859375 172.24383544921875 234 137.48735046386719 175.34652709960938 -1 236.56449890136719 176.01092529296875 323 241.16801452636719 157.56695556640625 228 159.3836669921875 182.10859680175781 235 173.97479248046875 95.250221252441406 43 16.720354080200195 195.79803466796875 345 169.4580078125 52.128814697265625 660 173.10554504394531 216.64439392089844 -1 146.15617370605469 241.31889343261719 398 107.89823913574219 241.97119140625 399 193.44873046875 54.502052307128906 39 44.392986297607422 20.330327987670898 194 166.37823486328125 58.557445526123047 83 173.97479248046875 95.250221252441406 47 175.52082824707031 66.03106689453125 38 156.51016235351562 79.279075622558594 49 198.43489074707031 88.235435485839844 193 169.4580078125 52.128814697265625 34 161.46859741210938 91.662300109863281 282 94.703750610351562 18.990701675415039 -1 60.185333251953125 35.437110900878906 582 20.405628204345703 62.785758972167969 255 155.10800170898438 64.147850036621094 65 146.42771911621094 177.86444091796875 241 84.911788940429688 4.3766212463378906 400 170.20747375488281 245.98228454589844 432 107.87469482421875 227.66458129882812 -1 135.48487854003906 225.33525085449219 -1 146.36729431152344 192.71694946289062 329 150.64408874511719 208.00651550292969 239 184.27641296386719 65.118339538574219 401 142.82386779785156 206.9512939453125 -1 152.51449584960938 179.69038391113281 238 211.89118957519531 94.964073181152344 333 184.27641296386719 65.118339538574219 402 155.10800170898438 64.147850036621094 64 155.10800170898438 64.147850036621094 63 20.405628204345703 62.785758972167969 370 21.557889938354492 205.5047607421875 291 152.51449584960938 179.69038391113281 240 204.85652160644531 123.22840881347656 339 218.76420593261719 121.65823364257812 292 211.89118957519531 94.964073181152344 331 205.70835876464844 90.962265014648438 332 149.24893188476562 69.50701904296875 287 67.940879821777344 24.305988311767578 199 67.940879821777344 24.305988311767578 327 114.01896667480469 164.23823547363281 -1 105.52304077148438 39.4112548828125 201 7.2248368263244629 64.546272277832031 477 251.43717956542969 90.616439819335938 182 104.47798919677734 177.92990112304688 334 104.84568023681641 189.29124450683594 246 114.44503021240234 190.77647399902344 336 128.96571350097656 194.96638488769531 -1 152.26780700683594 199.64033508300781 254 121.60652923583984 6.7055449485778809 545 96.538917541503906 10.890226364135742 690 82.843338012695312 16.500127792358398 204 31.422996520996094 38.602859497070312 202 45.411350250244141 45.853836059570312 404 4.248016357421875 50.143989562988281 -1 20.887022018432617 54.094142913818359 543 31.112936019897461 53.784454345703125 383 6.8672323226928711 60.161914825439453 477 169.79042053222656 63.1026611328125 84 7.2248368263244629 64.546272277832031 -1 222.43704223632812 71.662681579589844 -1 141.55294799804688 82.986534118652344 114 251.43717956542969 90.616439819335938 181 180.05747985839844 94.178535461425781 89 112.79033660888672 154.88447570800781 -1 112.36017608642578 173.05799865722656 243 107.88042449951172 173.61737060546875 341 116.92243957519531 175.13502502441406 377 104.47798919677734 177.92990112304688 342 118.94992065429688 180.12565612792969 248 104.84568023681641 189.29124450683594 249 109.3115234375 190.42720031738281 343 114.44503021240234 190.77647399902344 344 128.96571350097656 194.96638488769531 -1 88.894607543945312 198.82749938964844 347 152.26780700683594 199.64033508300781 -1 76.84674072265625 210.22886657714844 405 156.80307006835938 213.99276733398438 346 176.26123046875 243.2921142578125 406 39.05755615234375 245.00996398925781 448 43.105289459228516 252.87287902832031 -1 121.60652923583984 6.7055449485778809 -1 96.538917541503906 10.890226364135742 -1 82.843338012695312 16.500127792358398 200 31.422996520996094 38.602859497070312 205 114.34794616699219 2.1494743824005127 317 206.92219543457031 139.3524169921875 479 82.718437194824219 22.671117782592773 455 148.06785583496094 199.607666015625 369 61.8629150390625 35.623859405517578 582 197.54124450683594 129.48480224609375 692 228.54618835449219 127.03940582275391 320 63.092781066894531 11.939277648925781 -1 92.47589111328125 11.300530433654785 -1 72.354263305664062 20.551549911499023 210 72.549835205078125 26.98577880859375 206 30.296953201293945 54.309524536132812 383 10.143200874328613 68.132461547851562 198 14.46351432800293 68.579612731933594 422 61.8629150390625 35.623859405517578 408 3.9333610534667969 71.086540222167969 -1 172.58961486816406 79.987113952636719 113 198.30998229980469 83.540107727050781 267 226.06771850585938 84.930015563964844 409 141.09066772460938 86.933517456054688 -1 177.54843139648438 90.127342224121094 115 228.54708862304688 99.311569213867188 532 204.60762023925781 136.60676574707031 -1 203.62718200683594 139.83146667480469 -1 162.03480529785156 177.011962890625 -1 117.63156890869141 186.05049133300781 245 161.94953918457031 187.43946838378906 -1 23.374534606933594 193.45162963867188 354 21.547365188598633 199.11909484863281 366 78.49224853515625 199.29386901855469 365 186.18370056152344 223.48519897460938 443 92.47589111328125 11.300530433654785 410 72.354263305664062 20.551549911499023 211 72.549835205078125 26.98577880859375 411 30.296953201293945 54.309524536132812 252 177.54843139648438 90.127342224121094 362 186.18370056152344 223.48519897460938 265 205.50851440429688 163.65299987792969 473 215.364013671875 147.98728942871094 412 253.54057312011719 116.00686645507812 -1 241.93673706054688 105.38773345947266 413 164.92141723632812 105.47444915771484 658 163.08413696289062 103.0213623046875 658 228.45068359375 96.501380920410156 -1 171.885986328125 89.478591918945312 309 166.13032531738281 89.0528564453125 661 200.22090148925781 78.1524658203125 414 15.433332443237305 65.059059143066406 -1 2.0868411064147949 64.646430969238281 -1 172.55032348632812 60.234653472900391 126 190.48223876953125 57.575103759765625 116 3.4182906150817871 57.641216278076172 442 31.715295791625977 56.887943267822266 359 24.554056167602539 53.250400543212891 415 192.39091491699219 51.331638336181641 125 173.86705017089844 50.501766204833984 312 29.617055892944336 44.207126617431641 311 44.447582244873047 41.012359619140625 360 68.581871032714844 31.945810317993164 213 68.581871032714844 31.945810317993164 207 44.447582244873047 41.012359619140625 364 173.86705017089844 50.501766204833984 313 192.39091491699219 51.331638336181641 122 24.554056167602539 53.250400543212891 416 3.4182906150817871 57.641216278076172 -1 15.433332443237305 65.059059143066406 -1 166.13032531738281 89.0528564453125 659 55.452999114990234 164.29466247558594 435 50.87335205078125 169.17204284667969 363 111.50249481201172 20.282997131347656 536 36.98052978515625 183.16664123535156 417 25.1290283203125 195.58004760742188 418 169.38865661621094 196.45382690429688 447 148.79914855957031 249.78569030761719 -1 148.79914855957031 249.78569030761719 -1 167.90214538574219 35.577377319335938 546 148.79914855957031 249.78569030761719 439 25.1290283203125 195.58004760742188 419 50.87335205078125 169.17204284667969 355 55.452999114990234 164.29466247558594 436 167.90214538574219 35.577377319335938 260 235.55793762207031 163.35830688476562 -1 169.38865661621094 196.45382690429688 446 170.92225646972656 203.84210205078125 318 192.52940368652344 208.53091430664062 534 174.03622436523438 214.52066040039062 -1 36.98052978515625 183.16664123535156 -1 154.48329162597656 227.92948913574219 420 145.44107055664062 244.81071472167969 421 150.25308227539062 246.95402526855469 439 117.52407073974609 248.65165710449219 -1 48.132362365722656 172.09828186035156 -1 48.132362365722656 172.09828186035156 -1 
121 0.99397337824171172 0.091172083068691262 0.049431064269258633 0.035512596369220974 -0.60733841603855165 2.9592141816884596 0.77865183426341111 1 000118.png
218.49639892578125 116.68586730957031 584 176.47268676757812 227.3985595703125 585 101.945068359375 182.23014831542969 480 101.945068359375 182.23014831542969 481 120.63797760009766 85.25787353515625 4 193.53019714355469 158.71604919433594 612 145.51101684570312 38.107379913330078 1 48.445655822753906 182.87429809570312 423 48.445655822753906 182.87429809570312 586 120.63797760009766 85.25787353515625 2 81.3060302734375 17.550930023193359 516 76.349769592285156 147.73101806640625 482 76.349769592285156 147.73101806640625 483 81.3060302734375 17.550930023193359 -1 45.183746337890625 32.447284698486328 -1 200.29661560058594 126.02643585205078 261 224.96676635742188 147.8782958984375 218 106.43497467041016 234.03102111816406 589 164.50393676757812 200.32955932617188 517 200.29661560058594 126.02643585205078 588 200.29661560058594 126.02643585205078 220 105.65883636474609 188.06941223144531 485 160.44094848632812 39.177417755126953 14 116.4971923828125 24.95475959777832 7 182.16558837890625 59.579914093017578 19 59.200813293457031 9.7741365432739258 188 96.52166748046875 66.240516662597656 -1 96.52166748046875 66.240516662597656 -1 109.16115570068359 153.76759338378906 219 157.60092163085938 170.9261474609375 -1 144.9779052734375 190.21000671386719 393 102.87840270996094 204.54525756835938 429 126.01979827880859 238.25187683105469 590 157.60092163085938 170.9261474609375 -1 126.01979827880859 238.25187683105469 -1 241.84761047363281 125.22509765625 223 195.24420166015625 58.388141632080078 549 153.85392761230469 58.108562469482422 476 205.66159057617188 53.091182708740234 519 147.30616760253906 204.74749755859375 395 159.50852966308594 221.01792907714844 424 181.80796813964844 189.55482482910156 262 165.91630554199219 187.93283081054688 511 170.28060913085938 175.70248413085938 229 153.85392761230469 58.108562469482422 24 167.53057861328125 80.031883239746094 25 212.58641052246094 101.74351501464844 225 220.86215209960938 127.94891357421875 224 167.53057861328125 80.031883239746094 18 212.58641052246094 101.74351501464844 227 238.14118957519531 156.62165832519531 323 246.99211120605469 137.49929809570312 233 139.23869323730469 171.29438781738281 425 81.993705749511719 172.38272094726562 426 122.95351409912109 178.98663330078125 563 179.61216735839844 178.65330505371094 264 139.23869323730469 171.29438781738281 493 81.993705749511719 172.38272094726562 226 179.61216735839844 178.65330505371094 263 90.479217529296875 186.55508422851562 373 47.380519866943359 9.762761116027832 -1 124.84820556640625 11.351500511169434 545 52.881198883056641 24.294504165649414 551 100.15325927734375 32.896739959716797 552 9.683253288269043 39.689167022705078 488 160.12551879882812 108.55735015869141 322 198.70237731933594 115.41966247558594 692 195.22816467285156 205.31369018554688 -1 145.85935974121094 152.1322021484375 241 157.85728454589844 156.51197814941406 235 105.99443817138672 210.65084838867188 399 73.796798706054688 176.46525573730469 -1 184.02462768554688 64.551628112792969 401 30.789093017578125 27.645639419555664 -1 73.796798706054688 176.46525573730469 -1 165.62091064453125 215.48959350585938 432 118.63967895507812 234.89566040039062 591 161.53413391113281 91.685462951660156 279 123.06795501708984 8.9566984176635742 522 184.02462768554688 64.551628112792969 402 193.24131774902344 54.092494964599609 39 202.62295532226562 72.745246887207031 521 156.58628845214844 79.143730163574219 49 161.53413391113281 91.685462951660156 282 110.28148651123047 98.903091430664062 -1 152.141845703125 102.93610382080078 324 231.56501770019531 136.62754821777344 645 166.56826782226562 35.915317535400391 546 105.70233917236328 39.210357666015625 201 170.65840148925781 40.916801452636719 280 168.85304260253906 91.972747802734375 659 153.37310791015625 212.68574523925781 691 109.58930206298828 23.659229278564453 538 86.227081298828125 178.85215759277344 286 150.53642272949219 147.34016418457031 234 5.8181371688842773 147.70416259765625 -1 168.85304260253906 91.972747802734375 661 86.227081298828125 178.85215759277344 232 170.65840148925781 40.916801452636719 278 166.56826782226562 35.915317535400391 260 103.70382690429688 81.235336303710938 513 25.260404586791992 172.62429809570312 291 165.45223999023438 170.36930847167969 447 20.935182571411133 163.66668701171875 345 155.88662719726562 148.68614196777344 525 150.53642272949219 147.34016418457031 237 5.8181371688842773 147.70416259765625 684 239.96041870117188 144.7890625 330 165.45223999023438 170.36930847167969 446 205.67350769042969 114.5928955078125 251 198.70263671875 111.47946929931641 692 174.58157348632812 95.322265625 47 174.58157348632812 95.322265625 53 228.74839782714844 141.56838989257812 645 155.65345764160156 63.533920288085938 63 155.65345764160156 63.533920288085938 64 155.65345764160156 63.533920288085938 65 142.06460571289062 210.60211181640625 398 100.29902648925781 8.9690046310424805 526 50.722553253173828 17.424942016601562 564 56.744171142578125 17.163490295410156 326 61.662921905517578 17.767837524414062 491 37.887886047363281 25.773296356201172 203 27.27110481262207 32.944362640380859 543 12.880046844482422 35.750892639160156 442 1.9948588609695435 36.869609832763672 -1 15.810344696044922 38.849964141845703 595 3.0679066181182861 46.035480499267578 557 168.45918273925781 59.061103820800781 83 177.24044799804688 60.682994842529297 80 169.88685607910156 63.103633880615234 84 151.45391845703125 75.346870422363281 73 179.96620178222656 94.158599853515625 89 164.09629821777344 102.43408203125 90 58.541210174560547 136.48295593261719 602 111.81423950195312 146.77072143554688 243 104.20230102539062 149.60501098632812 334 108.45710754394531 161.93516540527344 343 25.337711334228516 166.29159545898438 366 78.262031555175781 166.91831970214844 365 88.095840454101562 167.38987731933594 347 166.82539367675781 176.38185119628906 318 151.12876892089844 197.7799072265625 420 142.73834228515625 197.98857116699219 367 171.28450012207031 213.81825256347656 406 123.02534484863281 245.70216369628906 -1 102.56427764892578 154.55244445800781 674 194.13127136230469 207.31927490234375 604 194.13127136230469 207.31927490234375 -1 100.29902648925781 8.9690046310424805 690 37.887886047363281 25.773296356201172 -1 151.45391845703125 75.346870422363281 87 164.09629821777344 102.43408203125 599 164.09629821777344 102.43408203125 600 58.541210174560547 136.48295593261719 436 71.43023681640625 120.84754943847656 562 59.352069854736328 131.47933959960938 565 110.36979675292969 131.58029174804688 680 49.552017211914062 140.24325561523438 636 107.78806304931641 146.15605163574219 341 76.935195922851562 177.54707336425781 405 189.66299438476562 182.795166015625 534 166.23971557617188 204.02357482910156 508 114.42749786376953 2.41552734375 317 197.17568969726562 60.625808715820312 530 44.787002563476562 20.364534378051758 214 12.051731109619141 29.540750503540039 494 8.8932075500488281 31.313325881958008 533 172.80233764648438 79.648887634277344 113 246.50563049316406 90.516815185546875 -1 93.712547302246094 100.83602905273438 607 243.04045104980469 138.79635620117188 231 202.19142150878906 107.26764678955078 540 179.5994873046875 226.05625915527344 640 140.12031555175781 252.32856750488281 -1 131.29472351074219 232.28974914550781 504 178.11634826660156 234.42817687988281 -1 140.12031555175781 252.32856750488281 597 8.8932075500488281 31.313325881958008 529 202.19142150878906 107.26764678955078 339 118.7113037109375 243.54710388183594 593 173.94818115234375 235.05157470703125 -1 171.85023498535156 238.31047058105469 -1 130.41633605957031 242.35371398925781 632 118.7113037109375 243.54710388183594 592 164.57353210449219 249.75100708007812 -1 243.04045104980469 138.79635620117188 228 233.487060546875 81.590347290039062 283 230.1485595703125 79.363883972167969 -1 226.45075988769531 76.879531860351562 -1 230.49180603027344 75.936134338378906 492 216.0753173828125 69.907463073730469 -1 213.01504516601562 67.705818176269531 -1 209.56434631347656 65.580543518066406 -1 171.91954040527344 89.640533447265625 309 201.56503295898438 60.483009338378906 -1 172.54072570800781 60.251308441162109 126 198.75033569335938 58.567996978759766 -1 190.45457458496094 57.539215087890625 116 198.60067749023438 55.292877197265625 385 188.99099731445312 54.518314361572266 611 192.38236999511719 51.324047088623047 125 189.42288208007812 61.090831756591797 -1 173.86958312988281 50.435344696044922 312 167.92222595214844 35.559440612792969 546 6.0536031723022461 34.461719512939453 -1 24.516143798828125 27.075851440429688 -1 44.351646423339844 23.554347991943359 -1 47.885654449462891 22.121469497680664 -1 105.70403289794922 7.0539355278015137 444 198.90513610839844 107.72122955322266 673 175.19453430175781 167.04508972167969 474 24.516143798828125 27.075851440429688 -1 163.99972534179688 178.99212646484375 -1 167.92222595214844 35.559440612792969 260 173.86958312988281 50.435344696044922 313 192.38236999511719 51.324047088623047 122 198.90513610839844 107.72122955322266 601 175.19453430175781 167.04508972167969 475 164.89129638671875 222.03778076171875 -1 133.39004516601562 183.31086730957031 -1 171.85258483886719 208.24923706054688 -1 6.0536031723022461 34.461719512939453 -1 164.89129638671875 222.03778076171875 643 176.29423522949219 231.57276916503906 605 163.16738891601562 103.587158203125 658 53.2740478515625 13.590396881103516 250 251.23017883300781 93.965560913085938 -1 101.84352111816406 94.360855102539062 561 96.488166809082031 98.872611999511719 -1 236.28602600097656 83.703178405761719 -1 169.75091552734375 235.19769287109375 606 209.01368713378906 95.250984191894531 -1 
123 0.98777099300248217 0.13952079988695737 0.051476924328037903 0.046824545310332262 -0.8734400126629972 5.8361601283196869 0.65644938835017519 1 000121.png
217.34642028808594 107.93122100830078 584 95.116836547851562 167.09931945800781 646 145.26870727539062 36.965862274169922 1 47.164478302001953 162.08627319335938 423 47.164478302001953 162.08627319335938 586 194.97746276855469 144.04190063476562 662 194.97746276855469 144.04190063476562 -1 194.97746276855469 144.04190063476562 612 91.554458618164062 24.833522796630859 -1 162.9840087890625 180.10511779785156 517 102.08959197998047 211.64556884765625 589 102.08959197998047 211.64556884765625 614 144.68588256835938 210.8133544921875 675 101.43896484375 183.98335266113281 429 123.38784027099609 218.26206970214844 590 101.43896484375 183.98335266113281 663 116.59830474853516 25.186122894287109 7 44.883510589599609 192.19747924804688 -1 127.40952301025391 14.681522369384766 648 145.24795532226562 184.2957763671875 395 167.5772705078125 79.931610107421875 18 157.25775146484375 200.8658447265625 424 163.41600036621094 245.82948303222656 -1 215.29396057128906 87.140380859375 225 107.41284942626953 133.68605041503906 219 132.66636657714844 178.3558349609375 -1 117.91899108886719 233.97825622558594 617 162.98342895507812 97.647666931152344 619 245.88568115234375 111.00779724121094 -1 212.50941467285156 140.22599792480469 -1 162.47651672363281 148.6929931640625 618 169.5555419921875 157.41471862792969 229 140.82331848144531 161.52207946777344 676 181.20297241210938 170.92233276367188 262 167.5772705078125 79.931610107421875 25 90.32342529296875 176.01371765136719 428 183.40127563476562 61.397739410400391 19 152.34271240234375 212.135009765625 664 100.32266998291016 31.839935302734375 552 163.20742797851562 35.612098693847656 -1 100.52699279785156 67.688163757324219 679 175.94659423828125 67.833656311035156 38 178.86392211914062 159.64981079101562 263 88.316230773925781 164.21945190429688 373 95.347373962402344 170.91151428222656 649 178.86392211914062 159.64981079101562 264 95.347373962402344 170.91151428222656 622 95.347373962402344 170.91151428222656 620 80.113510131835938 150.01544189453125 426 134.990966796875 215.78062438964844 623 16.744974136352539 9.96881103515625 665 124.62679290771484 11.058677673339844 545 97.280967712402344 224.634521484375 627 169.46998596191406 52.152610778808594 34 193.6375732421875 54.478782653808594 39 175.41290283203125 65.950950622558594 38 151.83988952636719 103.63311767578125 324 156.65257263183594 78.853507995605469 49 39.647300720214844 7.7006502151489258 -1 239.97062683105469 95.083480834960938 -1 157.36680603027344 137.47529602050781 235 222.76458740234375 82.410926818847656 -1 154.16796875 91.414497375488281 52 103.11338806152344 233.73139953613281 -1 107.43402099609375 243.81379699707031 678 151.08116149902344 192.10572814941406 691 114.93149566650391 212.62673950195312 591 61.739849090576172 157.02581787109375 284 115.97502136230469 9.6543464660644531 -1 151.08116149902344 192.10572814941406 -1 157.36680603027344 137.47529602050781 667 114.93149566650391 212.62673950195312 628 19.440500259399414 139.75309753417969 345 161.60292053222656 91.409492492675781 282 163.73115539550781 207.70245361328125 668 168.70893859863281 91.912925720214844 659 165.1807861328125 150.70535278320312 447 174.83467102050781 95.543739318847656 53 168.70893859863281 91.912925720214844 661 184.29171752929688 64.928367614746094 402 104.00051879882812 190.09138488769531 399 188.64753723144531 173.78831481933594 598 84.146003723144531 156.56449890136719 286 174.83467102050781 95.543739318847656 47 105.43758392333984 96.320343017578125 -1 184.29171752929688 64.928367614746094 401 84.146003723144531 156.56449890136719 232 84.146003723144531 156.56449890136719 286 156.89830017089844 130.27357482910156 -1 165.1807861328125 150.70535278320312 446 23.818178176879883 150.74412536621094 291 107.24163055419922 115.04798889160156 680 163.84684753417969 195.67819213867188 432 241.93057250976562 128.82406616210938 330 161.60292053222656 91.409492492675781 279 25.200750350952148 143.47831726074219 366 136.37945556640625 229.61810302734375 597 204.92964172363281 91.152992248535156 540 208.96279907226562 91.471755981445312 339 200.62249755859375 93.501296997070312 692 179.93797302246094 94.260543823242188 89 71.546524047851562 100.78314208984375 562 59.118488311767578 110.76834869384766 565 103.13209533691406 129.00433349609375 334 101.16838073730469 133.60710144042969 674 76.572029113769531 144.0440673828125 365 143.06767272949219 169.15655517578125 -1 186.07760620117188 176.33889770507812 598 149.62008666992188 177.34051513671875 420 169.7244873046875 193.59016418457031 406 144.74214172363281 216.37315368652344 596 156.96195983886719 228.62846374511719 670 57.484783172607422 117.13794708251953 602 100.50839996337891 8.9186983108520508 690 14.229106903076172 12.957784652709961 -1 110.29254913330078 23.859947204589844 538 170.06471252441406 40.143112182617188 280 160.78846740722656 40.646549224853516 -1 189.93367004394531 62.716876983642578 629 169.91035461425781 63.149055480957031 84 100.50839996337891 8.9186983108520508 526 170.06471252441406 40.143112182617188 278 204.92964172363281 91.152992248535156 339 208.96279907226562 91.471755981445312 -1 57.484783172607422 117.13794708251953 436 169.7244873046875 193.59016418457031 671 10.247405052185059 13.52367115020752 -1 172.96275329589844 79.366127014160156 113 93.999481201171875 82.967979431152344 607 74.924995422363281 154.90237426757812 405 141.4564208984375 176.97225952148438 -1 114.05640411376953 2.4515094757080078 317 180.38322448730469 76.79620361328125 -1 6.8330698013305664 15.4775390625 -1 240.22166442871094 124.76701354980469 654 5.1361031532287598 19.754793167114258 488 167.79963684082031 52.734542846679688 660 107.06689453125 141.03915405273438 343 106.76859283447266 125.69609832763672 341 104.07245635986328 79.523597717285156 542 187.66493225097656 191.57820129394531 -1 167.44302368164062 213.66775512695312 606 140.85661315917969 219.04255676269531 -1 161.66925048828125 228.55154418945312 630 6.9674129486083984 244.46743774414062 -1 155.25013732910156 44.791534423828125 -1 106.76859283447266 125.69609832763672 -1 140.85661315917969 219.04255676269531 -1 107.06689453125 141.03915405273438 672 190.54891967773438 57.537567138671875 116 192.427734375 51.343963623046875 125 158.19635009765625 37.949501037597656 -1 155.7779541015625 36.819171905517578 -1 168.03706359863281 35.485309600830078 546 111.41403961181641 17.913154602050781 536 42.732147216796875 2.9835069179534912 -1 189.38294982910156 164.78768920898438 534 174.00492858886719 211.37225341796875 605 86.872146606445312 214.06100463867188 689 54.454246520996094 224.68199157714844 655 152.42884826660156 66.91876220703125 -1 171.03073120117188 210.76490783691406 -1 168.03706359863281 35.485309600830078 260 200.94541931152344 90.948379516601562 673 86.872146606445312 214.06100463867188 686 200.94541931152344 90.948379516601562 601 171.86128234863281 89.609710693359375 309 189.40998840332031 60.930335998535156 641 163.28846740722656 103.98475646972656 658 253.55296325683594 113.14046478271484 -1 152.58648681640625 138.68840026855469 -1 146.46577453613281 168.01969909667969 -1 172.50645446777344 60.214912414550781 126 98.536285400390625 236.3724365234375 -1 98.536285400390625 236.3724365234375 -1 204.00715637207031 58.737178802490234 625 189.13554382324219 54.416759490966797 611 154.02009582519531 99.203262329101562 119 154.02009582519531 99.203262329101562 270 
124 0.99150584462666613 0.11091968501486579 0.053517480837808912 0.041819406884115694 -0.90691526261902455 4.1329016239477321 0.7425291340710064 1 000119.png
218.05574035644531 113.72263336181641 584 98.719497680664062 176.41618347167969 646 174.066650390625 226.44549560546875 585 98.719497680664062 176.41618347167969 -1 145.59652709960938 37.853359222412109 1 120.96816253662109 85.897964477539062 4 48.212669372558594 174.57598876953125 586 120.96816253662109 85.897964477539062 2 48.212669372558594 174.57598876953125 423 76.285240173339844 139.15507507324219 482 124.39740753173828 124.72191619873047 587 176.60719299316406 126.28006744384766 -1 176.60719299316406 126.28006744384766 515 76.285240173339844 139.15507507324219 483 194.85986328125 153.22694396972656 612 201.34812927246094 119.66048431396484 588 164.20053100585938 192.04580688476562 517 104.22061157226562 224.57284545898438 589 104.22061157226562 224.57284545898438 614 201.34812927246094 119.66048431396484 261 45.055900573730469 23.309497833251953 -1 178.603759765625 53.622978210449219 615 116.61781311035156 25.021537780761719 7 161.41267395019531 160.34950256347656 618 147.06019592285156 214.81964111328125 -1 158.09080505371094 162.75746154785156 -1 102.63068389892578 195.85089111328125 429 124.82588958740234 229.55474853515625 590 119.67336273193359 247.23307800292969 617 158.09080505371094 162.75746154785156 -1 161.41267395019531 160.34950256347656 -1 181.60508728027344 57.589630126953125 19 243.21041870117188 119.36624908447266 223 26.740556716918945 28.779199600219727 -1 194.60292053222656 56.273235321044922 549 167.54692077636719 80.04046630859375 18 213.65754699707031 95.715110778808594 225 222.19938659667969 121.76979064941406 224 140.40826416015625 168.80973815917969 493 170.17544555664062 168.00234985351562 229 158.76594543457031 212.61784362792969 424 136.22259521484375 241.72842407226562 616 146.09474182128906 182.28489685058594 393 167.54692077636719 80.04046630859375 25 213.65754699707031 95.715110778808594 227 108.47282409667969 145.65284729003906 219 181.68547058105469 181.79559326171875 262 112.48638916015625 186.52455139160156 -1 146.67208862304688 196.1634521484375 395 166.18406677246094 180.1832275390625 511 124.92404937744141 11.46025562286377 545 89.927406311035156 177.23497009277344 373 81.556900024414062 163.01763916015625 226 179.5260009765625 170.81643676757812 264 96.871627807617188 183.94685363769531 620 96.871627807617188 183.94685363769531 622 96.871627807617188 183.94685363769531 649 57.038707733154297 14.286050796508789 -1 100.230224609375 32.345252990722656 552 165.40846252441406 37.315746307373047 546 248.61592102050781 131.20222473144531 233 81.556900024414062 163.01763916015625 426 179.5260009765625 170.81643676757812 263 129.05021667480469 172.25038146972656 -1 169.47801208496094 51.973949432373047 660 31.567218780517578 18.991718292236328 -1 161.53094482421875 92.057334899902344 279 157.86422729492188 148.5919189453125 235 169.47801208496094 51.973949432373047 34 199.55010986328125 106.68840026855469 692 193.58259582519531 54.5582275390625 39 195.15861511230469 197.365234375 -1 105.48383331298828 202.20851135253906 399 165.00650024414062 206.94810485839844 432 136.76365661621094 228.81639099121094 623 175.40988159179688 65.935585021972656 38 152.07736206054688 103.24840545654297 324 63.534038543701172 171.23857116699219 284 195.15861511230469 197.365234375 -1 156.65740966796875 79.054618835449219 49 154.34910583496094 90.89666748046875 52 161.53094482421875 92.057334899902344 282 117.29875183105469 226.16950988769531 591 120.74399566650391 173.5118408203125 563 118.65773773193359 233.29737854003906 592 99.758346557617188 239.10211181640625 627 140.31178283691406 250.46092224121094 626 140.31178283691406 250.46092224121094 -1 99.758346557617188 239.10211181640625 -1 118.65773773193359 233.29737854003906 593 117.29875183105469 226.16950988769531 628 85.47509765625 169.69534301757812 232 165.57083129882812 162.19662475585938 447 208.7811279296875 99.305946350097656 -1 174.76805114746094 95.456489562988281 53 168.66757202148438 91.824432373046875 661 49.416641235351562 3.2750773429870605 -1 85.47509765625 169.69534301757812 286 168.66757202148438 91.824432373046875 659 24.727094650268555 163.40589904785156 291 20.856466293334961 154.38252258300781 345 147.6029052734375 144.62606811523438 241 216.69992065429688 125.87326049804688 445 206.55960083007812 108.047119140625 251 199.54232788085938 105.00160980224609 692 165.57083129882812 162.19662475585938 446 222.38693237304688 98.573822021484375 292 49.416641235351562 3.2750773429870605 196 63.605655670166016 9.47821044921875 -1 174.76805114746094 95.456489562988281 47 208.7811279296875 99.305946350097656 339 141.13874816894531 201.82600402832031 398 39.047809600830078 18.065452575683594 203 109.98977661132812 23.940650939941406 538 13.516844749450684 28.532081604003906 -1 19.169698715209961 29.993534088134766 595 170.18905639648438 39.928504943847656 280 201.11479187011719 57.584697723388672 625 177.12881469726562 60.569900512695312 80 189.90753173828125 62.553867340087891 629 169.89248657226562 63.141445159912109 84 161.7001953125 77.4351806640625 478 142.0030517578125 82.194862365722656 114 179.953369140625 94.275138854980469 89 207.68905639648438 99.729316711425781 339 164.27543640136719 102.55474090576172 90 199.64093017578125 102.77261352539062 692 71.864128112792969 111.91148376464844 562 58.166767120361328 128.61105346679688 436 151.27493286132812 139.73760986328125 237 103.91568756103516 141.07470703125 334 77.807365417480469 157.37303161621094 365 170.82913208007812 205.50602722167969 406 146.48439025878906 229.13755798339844 596 138.75363159179688 242.71414184570312 597 188.94723510742188 184.54061889648438 598 100.39653778076172 8.9547052383422852 526 96.502197265625 10.81410026550293 690 111.01918792724609 10.988057136535645 -1 100.39653778076172 8.9547052383422852 690 170.18905639648438 39.928504943847656 278 161.7001953125 77.4351806640625 74 207.68905639648438 99.729316711425781 -1 164.27543640136719 102.55474090576172 599 164.27543640136719 102.55474090576172 600 199.64093017578125 102.77261352539062 601 58.166767120361328 128.61105346679688 435 151.27493286132812 139.73760986328125 -1 51.804424285888672 9.892974853515625 564 45.7369384765625 12.947498321533203 214 45.764148712158203 16.774782180786133 -1 121.18635559082031 21.60710334777832 -1 9.5406980514526367 24.346601486206055 533 14.25447940826416 31.971538543701172 -1 4.4313654899597168 33.332645416259766 488 3.2126939296722412 37.409130096435547 557 172.98924255371094 79.617576599121094 113 105.30561828613281 88.4193115234375 542 203.40498352050781 100.43470764160156 339 54.467620849609375 127.43461608886719 451 107.50263977050781 137.83146667480469 341 26.090337753295898 151.79463195800781 354 108.0506591796875 152.73117065429688 343 76.151664733886719 167.29414367675781 405 55.376483917236328 235.22230529785156 655 150.53924560546875 189.12301635742188 420 182.80697631835938 217.29649353027344 603 98.359130859375 239.86662292480469 637 193.60826110839844 200.05436706542969 -1 203.40498352050781 100.43470764160156 540 193.60826110839844 200.05436706542969 604 163.56864929199219 240.80714416503906 630 166.23240661621094 242.95291137695312 -1 114.33444976806641 2.4461183547973633 317 130.10530090332031 222.25935363769531 504 175.484375 222.72344970703125 605 169.22358703613281 225.6507568359375 606 189.26603698730469 175.28648376464844 534 166.10240173339844 195.76043701171875 508 175.11740112304688 159.10537719726562 474 102.99790954589844 145.74429321289062 674 238.93338012695312 134.63180541992188 654 243.80264282226562 132.83607482910156 231 163.25566101074219 103.89199829101562 658 88.176071166992188 98.995101928710938 -1 177.82269287109375 89.751235961914062 115 171.90695190429688 89.580947875976562 309 102.87006378173828 86.940460205078125 608 157.01284790039062 85.505126953125 -1 189.46286010742188 61.103725433349609 641 172.74565124511719 60.169929504394531 126 190.48321533203125 57.591392517089844 116 106.02499389648438 6.793799877166748 444 192.40380859375 51.392181396484375 125 113.04198455810547 195.12423706054688 527 173.85720825195312 50.5963134765625 312 160.7747802734375 246.01544189453125 -1 173.85720825195312 50.5963134765625 313 192.40380859375 51.392181396484375 122 102.87006378173828 86.940460205078125 561 177.82269287109375 89.751235961914062 362 146.36277770996094 91.26275634765625 -1 25.305507659912109 20.146474838256836 -1 175.11740112304688 159.10537719726562 475 146.96955871582031 229.47470092773438 -1 38.9034423828125 12.483637809753418 205 166.10240173339844 195.76043701171875 -1 42.46429443359375 11.861204147338867 -1 146.36277770996094 91.26275634765625 -1 243.80264282226562 132.83607482910156 228 146.96955871582031 229.47470092773438 -1 60.079250335693359 246.22404479980469 609 110.62896728515625 29.231559753417969 -1 112.13255310058594 199.223388671875 -1 163.76591491699219 246.36427307128906 -1 111.66531372070312 11.034293174743652 -1 189.04069519042969 54.34747314453125 611 163.76591491699219 246.36427307128906 -1 112.13255310058594 199.223388671875 -1 
125 0.98453040489344279 0.1610230631933218 0.048464065091587107 0.049220822372157261 -0.76383188147945913 7.1117840212050369 0.48721180635073863 1 000122.png
216.63124084472656 102.97711181640625 584 144.71224975585938 35.683815002441406 1 120.2364501953125 91.752662658691406 -1 45.232662200927734 153.557373046875 586 45.232662200927734 153.557373046875 423 195.0523681640625 137.25654602050781 662 220.48139953613281 81.024795532226562 -1 162.17356872558594 171.59841918945312 517 99.67120361328125 202.40420532226562 614 147.8189697265625 208.08673095703125 675 122.30325317382812 210.53958129882812 590 107.392578125 227.08760070800781 -1 99.67120361328125 202.40420532226562 589 107.392578125 227.08760070800781 -1 99.898605346679688 175.09440612792969 663 156.21365356445312 35.429389953613281 -1 99.898605346679688 175.09440612792969 429 127.26799774169922 14.371689796447754 648 141.36489868164062 153.66061401367188 676 116.51815795898438 25.08935546875 7 98.005523681640625 28.985546112060547 552 167.67770385742188 79.850914001464844 18 106.23900604248047 124.70110321044922 219 25.196893692016602 142.58724975585938 -1 109.01155090332031 146.75862121582031 -1 169.08198547363281 149.04969787597656 229 180.60214233398438 162.90396118164062 262 155.87367248535156 192.33184814453125 424 176.45492553710938 69.339065551757812 -1 167.67770385742188 79.850914001464844 25 169.08198547363281 149.04969787597656 -1 177.8162841796875 215.04197692871094 -1 113.34973907470703 222.405517578125 617 183.96836853027344 61.826778411865234 19 151.47581481933594 120.90634918212891 -1 78.3406982421875 140.14204406738281 426 178.42759704589844 151.63861083984375 263 86.426887512207031 154.41740417480469 373 93.306312561035156 161.08120727539062 649 64.499649047851562 163.15470886230469 -1 145.14796447753906 177.02755737304688 395 151.19769287109375 203.1888427734375 664 177.8162841796875 215.04197692871094 -1 146.93559265136719 242.89547729492188 -1 151.47581481933594 120.90634918212891 -1 178.42759704589844 151.63861083984375 264 93.306312561035156 161.08120727539062 622 151.19769287109375 203.1888427734375 677 154.18588256835938 91.05181884765625 52 94.531982421875 214.51039123535156 627 22.097734451293945 141.19132995605469 291 156.68000793457031 78.80712890625 49 59.79229736328125 147.32386779785156 284 149.72335815429688 183.5626220703125 691 156.72702026367188 129.09666442871094 667 151.77365112304688 103.67337799072266 324 112.57933044433594 203.11808776855469 628 133.34671020507812 207.79475402832031 623 112.57933044433594 203.11808776855469 591 149.72335815429688 183.5626220703125 -1 156.72702026367188 129.09666442871094 -1 100.28388977050781 223.87904357910156 -1 175.53224182128906 66.035263061523438 38 193.66273498535156 54.54595947265625 39 169.56840515136719 52.179424285888672 34 122.96872711181641 8.8350887298583984 522 104.74763488769531 234.03619384765625 -1 104.74763488769531 234.03619384765625 678 217.88101196289062 102.42900085449219 -1 162.72285461425781 187.2994384765625 432 161.91679382324219 199.48126220703125 668 142.42866516113281 207.43586730957031 -1 124.68049621582031 213.86430358886719 632 166.7286376953125 35.885105133056641 546 134.01629638671875 220.06594848632812 597 197.80116271972656 50.547313690185547 -1 197.80116271972656 50.547313690185547 -1 164.70448303222656 142.15977478027344 447 101.40982818603516 63.046516418457031 679 161.61367797851562 92.000984191894531 279 124.11170196533203 177.69938659667969 -1 82.307106018066406 146.54823303222656 286 82.307106018066406 146.54823303222656 232 174.82730102539062 95.742721557617188 53 168.74430847167969 91.990753173828125 661 168.74430847167969 91.990753173828125 659 174.82730102539062 95.742721557617188 47 106.21533203125 106.11418914794922 680 232.71925354003906 113.62284088134766 645 17.264806747436523 131.24717712402344 345 136.42170715332031 227.13125610351562 626 164.70448303222656 142.15977478027344 446 82.307106018066406 146.54823303222656 286 188.24256896972656 165.76460266113281 598 242.30082702636719 96.745323181152344 -1 161.61367797851562 92.000984191894531 282 124.11170196533203 177.69938659667969 -1 124.68049621582031 213.86430358886719 681 103.55101013183594 51.2353515625 682 189.961669921875 62.608692169189453 629 156.37138366699219 63.063945770263672 64 169.9105224609375 63.186305999755859 84 92.657035827636719 75.282005310058594 -1 205.74349975585938 84.556571960449219 540 239.14993286132812 89.403434753417969 51 208.10629272460938 92.209609985351562 -1 70.04168701171875 92.477119445800781 562 179.93594360351562 94.412666320800781 89 211.84236145019531 97.01312255859375 -1 51.966133117675781 106.51814270019531 565 55.921810150146484 108.19130706787109 435 247.96588134765625 111.22941589355469 -1 221.46463012695312 111.55978393554688 -1 164.14529418945312 117.28822326660156 -1 101.91565704345703 119.66046142578125 334 22.118144989013672 134.217041015625 366 74.913604736328125 134.44926452636719 365 187.47882080078125 181.859375 -1 168.74565124511719 184.91213989257812 671 139.04864501953125 209.84954833984375 -1 155.34117126464844 219.65071105957031 670 46.735591888427734 110.24734497070312 636 96.812362670898438 11.027563095092773 690 110.36244201660156 24.461015701293945 538 121.85190582275391 27.168882369995117 -1 160.06179809570312 30.923250198364258 -1 177.56349182128906 41.977333068847656 -1 156.37138366699219 63.063945770263672 683 205.74349975585938 84.556571960449219 339 55.921810150146484 108.19130706787109 436 187.47882080078125 181.859375 -1 168.74565124511719 184.91213989257812 406 234.78485107421875 90.455375671386719 320 217.53202819824219 103.79795837402344 412 105.60073089599609 116.42791748046875 341 4.051755428314209 117.73731231689453 684 240.6842041015625 117.96849060058594 654 149.59292602539062 84.882400512695312 -1 100.41785430908203 123.99610900878906 674 105.98423767089844 131.45790100097656 343 189.40629577636719 179.70571899414062 -1 34.071964263916016 181.04705810546875 -1 77.873390197753906 86.91156005859375 -1 166.07704162597656 205.35624694824219 606 48.012741088867188 206.56027221679688 -1 160.33206176757812 219.50552368164062 630 105.98423767089844 131.45790100097656 672 177.26191711425781 196.80552673339844 640 4.6792621612548828 235.3656005859375 -1 114.08025360107422 2.3128490447998047 317 103.36712646484375 72.071884155273438 542 201.43521118164062 84.431358337402344 601 189.40629577636719 179.70571899414062 604 221.64596557617188 76.051185607910156 -1 83.552177429199219 82.841728210449219 -1 201.43521118164062 84.431358337402344 673 139.92349243164062 182.0379638671875 398 80.038063049316406 195.72694396972656 686 42.440681457519531 200.62696838378906 687 163.46115112304688 215.84904479980469 688 70.821022033691406 177.57415771484375 -1 148.20185852050781 168.94868469238281 420 105.61977386474609 166.46253967285156 -1 188.42304992675781 156.52046203613281 534 73.487632751464844 144.9627685546875 405 245.86442565917969 120.01111602783203 330 193.90803527832031 111.81165313720703 -1 171.95254516601562 89.679885864257812 309 189.42088317871094 61.11822509765625 641 9.4501714706420898 4.3367595672607422 665 172.44657897949219 60.269378662109375 126 145.1583251953125 41.680255889892578 -1 105.61977386474609 166.46253967285156 -1 80.038063049316406 195.72694396972656 689 157.0635986328125 219.08010864257812 -1 188.9710693359375 54.385059356689453 611 183.49617004394531 69.582130432128906 -1 192.41819763183594 51.376022338867188 125 145.1583251953125 41.680255889892578 -1 168.03343200683594 35.438041687011719 546 157.0635986328125 219.08010864257812 -1 2.3610656261444092 231.45124816894531 -1 65.382827758789062 252.46214294433594 -1 109.09625244140625 179.74859619140625 -1 
