I20261002 19:58:47.498184 27192 automatic_reconstruction.cc:271] === Feature extraction ===
I20261002 19:58:47.500146  5112 feature_extraction.cc:498] === Feature extraction ===
I20261002 19:58:47.508067  7908 sift.cc:754] Creating Covariant SIFT CPU feature extractor
I20261002 19:58:47.508123 24724 sift.cc:754] Creating Covariant SIFT CPU feature extractor
I20261002 19:58:47.508312 17616 sift.cc:754] Creating Covariant SIFT CPU feature extractor
I20261002 19:58:47.508536 26056 sift.cc:754] Creating Covariant SIFT CPU feature extractor
I20261002 19:58:47.508689 15240 sift.cc:754] Creating Covariant SIFT CPU feature extractor
I20261002 19:58:47.508724 16072 sift.cc:754] Creating Covariant SIFT CPU feature extractor
I20261002 19:58:47.508812 23144 sift.cc:754] Creating Covariant SIFT CPU feature extractor
I20261002 19:58:47.508839  4432 sift.cc:754] Creating Covariant SIFT CPU feature extractor
I20261002 19:58:47.508876 15996 sift.cc:754] Creating Covariant SIFT CPU feature extractor
I20261002 19:58:47.508915 15000 sift.cc:754] Creating Covariant SIFT CPU feature extractor
I20261002 19:58:47.508965  1868 sift.cc:754] Creating Covariant SIFT CPU feature extractor
I20261002 19:58:47.508993 27448 sift.cc:754] Creating Covariant SIFT CPU feature extractor
I20261002 19:58:47.509038 17124 sift.cc:754] Creating Covariant SIFT CPU feature extractor
I20261002 19:58:47.509140 17456 sift.cc:754] Creating Covariant SIFT CPU feature extractor
I20261002 19:58:47.509183 21032 sift.cc:754] Creating Covariant SIFT CPU feature extractor
I20261002 19:58:47.509294  5972 sift.cc:754] Creating Covariant SIFT CPU feature extractor
I20261002 19:58:47.509362  9972 sift.cc:754] Creating Covariant SIFT CPU feature extractor
I20261002 19:58:47.509421 12732 sift.cc:754] Creating Covariant SIFT CPU feature extractor
I20261002 19:58:47.509504 15392 sift.cc:754] Creating Covariant SIFT CPU feature extractor
I20261002 19:58:47.509573 12840 sift.cc:754] Creating Covariant SIFT CPU feature extractor
I20261002 19:58:47.586807  2792 feature_extraction.cc:270] Processed file [1/165]
I20261002 19:58:47.587178  2792 feature_extraction.cc:273]   Name:            000002.png
I20261002 19:58:47.587388  2792 feature_extraction.cc:282]   Dimensions:      256 x 256
I20261002 19:58:47.587568  2792 feature_extraction.cc:285]   Camera:          #1 - SIMPLE_RADIAL
I20261002 19:58:47.587744  2792 feature_extraction.cc:289]   Focal Length:    307.20px
I20261002 19:58:47.587906  2792 feature_extraction.cc:294]   Features:        111 (SIFT)
I20261002 19:58:47.589944  2792 feature_extraction.cc:270] Processed file [2/165]
I20261002 19:58:47.590255  2792 feature_extraction.cc:273]   Name:            000001.png
I20261002 19:58:47.590458  2792 feature_extraction.cc:282]   Dimensions:      256 x 256
I20261002 19:58:47.590653  2792 feature_extraction.cc:285]   Camera:          #1 - SIMPLE_RADIAL
I20261002 19:58:47.590899  2792 feature_extraction.cc:289]   Focal Length:    307.20px
I20261002 19:58:47.591092  2792 feature_extraction.cc:294]   Features:        119 (SIFT)
I20261002 19:58:47.593168  2792 feature_extraction.cc:270] Processed file [3/165]
I20261002 19:58:47.593592  2792 feature_extraction.cc:273]   Name:            000000.png
I20261002 19:58:47.593834  2792 feature_extraction.cc:282]   Dimensions:      256 x 256
I20261002 19:58:47.594089  2792 feature_extraction.cc:285]   Camera:          #1 - SIMPLE_RADIAL
I20261002 19:58:47.594291  2792 feature_extraction.cc:289]   Focal Length:    307.20px
I20261002 19:58:47.594469  2792 feature_extraction.cc:294]   Features:        124 (SIFT)
I20261002 19:58:47.598391  2792 feature_extraction.cc:270] Processed file [4/165]
I20261002 19:58:47.598866  2792 feature_extraction.cc:273]   Name:            000009.png
I20261002 19:58:47.599072  2792 feature_extraction.cc:282]   Dimensions:      256 x 256
I20261002 19:58:47.599328  2792 feature_extraction.cc:285]   Camera:          #1 - SIMPLE_RADIAL
I20261002 19:58:47.599603  2792 feature_extraction.cc:289]   Focal Length:    307.20px
I20261002 19:58:47.599794  2792 feature_extraction.cc:294]   Features:        107 (SIFT)
I20261002 19:58:47.605495  2792 feature_extraction.cc:270] Processed file [5/165]
I20261002 19:58:47.605966  2792 feature_extraction.cc:273]   Name:            000003.png
I20261002 19:58:47.606133  2792 feature_extraction.cc:282]   Dimensions:      256 x 256
I20261002 19:58:47.606304  2792 feature_extraction.cc:285]   Camera:          #1 - SIMPLE_RADIAL
I20261002 19:58:47.606492  2792 feature_extraction.cc:289]   Focal Length:    307.20px
I20261002 19:58:47.606647  2792 feature_extraction.cc:294]   Features:        119 (SIFT)
I20261002 19:58:47.608753  2792 feature_extraction.cc:270] Processed file [6/165]
I20261002 19:58:47.609063  2792 feature_extraction.cc:273]   Name:            000005.png
I20261002 19:58:47.609272  2792 feature_extraction.cc:282]   Dimensions:      256 x 256
I20261002 19:58:47.609432  2792 feature_extraction.cc:285]   Camera:          #1 - SIMPLE_RADIAL
I20261002 19:58:47.609593  2792 feature_extraction.cc:289]   Focal Length:    307.20px
I20261002 19:58:47.609744  2792 feature_extraction.cc:294]   Features:        134 (SIFT)
I20261002 19:58:47.611885  2792 feature_extraction.cc:270] Processed file [7/165]
I20261002 19:58:47.612155  2792 feature_extraction.cc:273]   Name:            000004.png
I20261002 19:58:47.612358  2792 feature_extraction.cc:282]   Dimensions:      256 x 256
I20261002 19:58:47.612536  2792 feature_extraction.cc:285]   Camera:          #1 - SIMPLE_RADIAL
I20261002 19:58:47.612708  2792 feature_extraction.cc:289]   Focal Length:    307.20px
I20261002 19:58:47.612862  2792 feature_extraction.cc:294]   Features:        125 (SIFT)
I20261002 19:58:47.618163  2792 feature_extraction.cc:270] Processed file [8/165]
I20261002 19:58:47.618480  2792 feature_extraction.cc:273]   Name:            000010.png
I20261002 19:58:47.618703  2792 feature_extraction.cc:282]   Dimensions:      256 x 256
I20261002 19:58:47.618822  2792 feature_extraction.cc:285]   Camera:          #1 - SIMPLE_RADIAL
I20261002 19:58:47.618948  2792 feature_extraction.cc:289]   Focal Length:    307.20px
I20261002 19:58:47.619165  2792 feature_extraction.cc:294]   Features:        114 (SIFT)
I20261002 19:58:47.626729  2792 feature_extraction.cc:270] Processed file [9/165]
I20261002 19:58:47.627060  2792 feature_extraction.cc:273]   Name:            000008.png
I20261002 19:58:47.627274  2792 feature_extraction.cc:282]   Dimensions:      256 x 256
I20261002 19:58:47.627447  2792 feature_extraction.cc:285]   Camera:          #1 - SIMPLE_RADIAL
I20261002 19:58:47.627623  2792 feature_extraction.cc:289]   Focal Length:    307.20px
I20261002 19:58:47.627914  2792 feature_extraction.cc:294]   Features:        127 (SIFT)
I20261002 19:58:47.629022  2792 feature_extraction.cc:270] Processed file [10/165]
I20261002 19:58:47.629296  2792 feature_extraction.cc:273]   Name:            000011.png
I20261002 19:58:47.629519  2792 feature_extraction.cc:282]   Dimensions:      256 x 256
I20261002 19:58:47.629722  2792 feature_extraction.cc:285]   Camera:          #1 - SIMPLE_RADIAL
I20261002 19:58:47.629908  2792 feature_extraction.cc:289]   Focal Length:    307.20px
I20261002 19:58:47.630117  2792 feature_extraction.cc:294]   Features:        116 (SIFT)
I20261002 19:58:47.636879  2792 feature_extraction.cc:270] Processed file [11/165]
I20261002 19:58:47.637167  2792 feature_extraction.cc:273]   Name:            000007.png
I20261002 19:58:47.637406  2792 feature_extraction.cc:282]   Dimensions:      256 x 256
I20261002 19:58:47.637610  2792 feature_extraction.cc:285]   Camera:          #1 - SIMPLE_RADIAL
I20261002 19:58:47.637784  2792 feature_extraction.cc:289]   Focal Length:    307.20px
I20261002 19:58:47.637955  2792 feature_extraction.cc:294]   Features:        147 (SIFT)
I20261002 19:58:47.639294  2792 feature_extraction.cc:270] Processed file [12/165]
I20261002 19:58:47.639539  2792 feature_extraction.cc:273]   Name:            000006.png
I20261002 19:58:47.639720  2792 feature_extraction.cc:282]   Dimensions:      256 x 256
I20261002 19:58:47.639974  2792 feature_extraction.cc:285]   Camera:          #1 - SIMPLE_RADIAL
I20261002 19:58:47.640182  2792 feature_extraction.cc:289]   Focal Length:    307.20px
I20261002 19:58:47.640431  2792 feature_extraction.cc:294]   Features:        144 (SIFT)
I20261002 19:58:47.642390  2792 feature_extraction.cc:270] Processed file [13/165]
I20261002 19:58:47.642640  2792 feature_extraction.cc:273]   Name:            000012.png
I20261002 19:58:47.642884  2792 feature_extraction.cc:282]   Dimensions:      256 x 256
I20261002 19:58:47.643081  2792 feature_extraction.cc:285]   Camera:          #1 - SIMPLE_RADIAL
I20261002 19:58:47.643262  2792 feature_extraction.cc:289]   Focal Length:    307.20px
I20261002 19:58:47.643526  2792 feature_extraction.cc:294]   Features:        112 (SIFT)
I20261002 19:58:47.650707  2792 feature_extraction.cc:270] Processed file [14/165]
I20261002 19:58:47.650986  2792 feature_extraction.cc:273]   Name:            000013.png
I20261002 19:58:47.651186  2792 feature_extraction.cc:282]   Dimensions:      256 x 256
I20261002 19:58:47.651359  2792 feature_extraction.cc:285]   Camera:          #1 - SIMPLE_RADIAL
I20261002 19:58:47.651520  2792 feature_extraction.cc:289]   Focal Length:    307.20px
I20261002 19:58:47.651686  2792 feature_extraction.cc:294]   Features:        128 (SIFT)
I20261002 19:58:47.653984  2792 feature_extraction.cc:270] Processed file [15/165]
I20261002 19:58:47.654263  2792 feature_extraction.cc:273]   Name:            000016.png
I20261002 19:58:47.654466  2792 feature_extraction.cc:282]   Dimensions:      256 x 256
I20261002 19:58:47.654644  2792 feature_extraction.cc:285]   Camera:          #1 - SIMPLE_RADIAL
I20261002 19:58:47.654818  2792 feature_extraction.cc:289]   Focal Length:    307.20px
I20261002 19:58:47.654981  2792 feature_extraction.cc:294]   Features:        133 (SIFT)
I20261002 19:58:47.679172  2792 feature_extraction.cc:270] Processed file [16/165]
I20261002 19:58:47.679404  2792 feature_extraction.cc:273]   Name:            000014.png
I20261002 19:58:47.679509  2792 feature_extraction.cc:282]   Dimensions:      256 x 256
I20261002 19:58:47.679694  2792 feature_extraction.cc:285]   Camera:          #1 - SIMPLE_RADIAL
I20261002 19:58:47.679862  2792 feature_extraction.cc:289]   Focal Length:    307.20px
I20261002 19:58:47.679981  2792 feature_extraction.cc:294]   Features:        146 (SIFT)
I20261002 19:58:47.680725  2792 feature_extraction.cc:270] Processed file [17/165]
I20261002 19:58:47.680873  2792 feature_extraction.cc:273]   Name:            000015.png
I20261002 19:58:47.680972  2792 feature_extraction.cc:282]   Dimensions:      256 x 256
I20261002 19:58:47.681038  2792 feature_extraction.cc:285]   Camera:          #1 - SIMPLE_RADIAL
I20261002 19:58:47.681097  2792 feature_extraction.cc:289]   Focal Length:    307.20px
I20261002 19:58:47.681156  2792 feature_extraction.cc:294]   Features:        124 (SIFT)
I20261002 19:58:47.682216  2792 feature_extraction.cc:270] Processed file [18/165]
I20261002 19:58:47.682299  2792 feature_extraction.cc:273]   Name:            000018.png
I20261002 19:58:47.682361  2792 feature_extraction.cc:282]   Dimensions:      256 x 256
I20261002 19:58:47.682418  2792 feature_extraction.cc:285]   Camera:          #1 - SIMPLE_RADIAL
I20261002 19:58:47.682476  2792 feature_extraction.cc:289]   Focal Length:    307.20px
I20261002 19:58:47.682535  2792 feature_extraction.cc:294]   Features:        131 (SIFT)
I20261002 19:58:47.683914  2792 feature_extraction.cc:270] Processed file [19/165]
I20261002 19:58:47.684114  2792 feature_extraction.cc:273]   Name:            000017.png
I20261002 19:58:47.684275  2792 feature_extraction.cc:282]   Dimensions:      256 x 256
I20261002 19:58:47.684421  2792 feature_extraction.cc:285]   Camera:          #1 - SIMPLE_RADIAL
I20261002 19:58:47.684562  2792 feature_extraction.cc:289]   Focal Length:    307.20px
I20261002 19:58:47.684704  2792 feature_extraction.cc:294]   Features:        132 (SIFT)
I20261002 19:58:47.685596  2792 feature_extraction.cc:270] Processed file [20/165]
I20261002 19:58:47.685778  2792 feature_extraction.cc:273]   Name:            000020.png
I20261002 19:58:47.685923  2792 feature_extraction.cc:282]   Dimensions:      256 x 256
I20261002 19:58:47.686059  2792 feature_extraction.cc:285]   Camera:          #1 - SIMPLE_RADIAL
I20261002 19:58:47.686227  2792 feature_extraction.cc:289]   Focal Length:    307.20px
I20261002 19:58:47.686378  2792 feature_extraction.cc:294]   Features:        128 (SIFT)
I20261002 19:58:47.687175  2792 feature_extraction.cc:270] Processed file [21/165]
I20261002 19:58:47.687342  2792 feature_extraction.cc:273]   Name:            000019.png
I20261002 19:58:47.687483  2792 feature_extraction.cc:282]   Dimensions:      256 x 256
I20261002 19:58:47.687618  2792 feature_extraction.cc:285]   Camera:          #1 - SIMPLE_RADIAL
I20261002 19:58:47.687752  2792 feature_extraction.cc:289]   Focal Length:    307.20px
I20261002 19:58:47.687891  2792 feature_extraction.cc:294]   Features:        144 (SIFT)
I20261002 19:58:47.690309  2792 feature_extraction.cc:270] Processed file [22/165]
I20261002 19:58:47.690665  2792 feature_extraction.cc:273]   Name:            000022.png
I20261002 19:58:47.690912  2792 feature_extraction.cc:282]   Dimensions:      256 x 256
I20261002 19:58:47.691199  2792 feature_extraction.cc:285]   Camera:          #1 - SIMPLE_RADIAL
I20261002 19:58:47.691447  2792 feature_extraction.cc:289]   Focal Length:    307.20px
I20261002 19:58:47.691697  2792 feature_extraction.cc:294]   Features:        154 (SIFT)
I20261002 19:58:47.693469  2792 feature_extraction.cc:270] Processed file [23/165]
I20261002 19:58:47.693686  2792 feature_extraction.cc:273]   Name:            000021.png
I20261002 19:58:47.693838  2792 feature_extraction.cc:282]   Dimensions:      256 x 256
I20261002 19:58:47.693978  2792 feature_extraction.cc:285]   Camera:          #1 - SIMPLE_RADIAL
I20261002 19:58:47.694115  2792 feature_extraction.cc:289]   Focal Length:    307.20px
I20261002 19:58:47.694260  2792 feature_extraction.cc:294]   Features:        133 (SIFT)
I20261002 19:58:47.696774  2792 feature_extraction.cc:270] Processed file [24/165]
I20261002 19:58:47.697017  2792 feature_extraction.cc:273]   Name:            000023.png
I20261002 19:58:47.697228  2792 feature_extraction.cc:282]   Dimensions:      256 x 256
I20261002 19:58:47.697455  2792 feature_extraction.cc:285]   Camera:          #1 - SIMPLE_RADIAL
I20261002 19:58:47.697695  2792 feature_extraction.cc:289]   Focal Length:    307.20px
I20261002 19:58:47.697907  2792 feature_extraction.cc:294]   Features:        123 (SIFT)
I20261002 19:58:47.699974  2792 feature_extraction.cc:270] Processed file [25/165]
I20261002 19:58:47.700222  2792 feature_extraction.cc:273]   Name:            000025.png
I20261002 19:58:47.700418  2792 feature_extraction.cc:282]   Dimensions:      256 x 256
I20261002 19:58:47.700578  2792 feature_extraction.cc:285]   Camera:          #1 - SIMPLE_RADIAL
I20261002 19:58:47.700727  2792 feature_extraction.cc:289]   Focal Length:    307.20px
I20261002 19:58:47.700867  2792 feature_extraction.cc:294]   Features:        148 (SIFT)
I20261002 19:58:47.702897  2792 feature_extraction.cc:270] Processed file [26/165]
I20261002 19:58:47.703150  2792 feature_extraction.cc:273]   Name:            000029.png
I20261002 19:58:47.703356  2792 feature_extraction.cc:282]   Dimensions:      256 x 256
I20261002 19:58:47.703541  2792 feature_extraction.cc:285]   Camera:          #1 - SIMPLE_RADIAL
I20261002 19:58:47.703726  2792 feature_extraction.cc:289]   Focal Length:    307.20px
I20261002 19:58:47.703911  2792 feature_extraction.cc:294]   Features:        88 (SIFT)
I20261002 19:58:47.704731  2792 feature_extraction.cc:270] Processed file [27/165]
I20261002 19:58:47.704931  2792 feature_extraction.cc:273]   Name:            000026.png
I20261002 19:58:47.705099  2792 feature_extraction.cc:282]   Dimensions:      256 x 256
I20261002 19:58:47.705261  2792 feature_extraction.cc:285]   Camera:          #1 - SIMPLE_RADIAL
I20261002 19:58:47.705510  2792 feature_extraction.cc:289]   Focal Length:    307.20px
I20261002 19:58:47.705673  2792 feature_extraction.cc:294]   Features:        153 (SIFT)
I20261002 19:58:47.708111  2792 feature_extraction.cc:270] Processed file [28/165]
I20261002 19:58:47.708466  2792 feature_extraction.cc:273]   Name:            000024.png
I20261002 19:58:47.708796  2792 feature_extraction.cc:282]   Dimensions:      256 x 256
I20261002 19:58:47.708995  2792 feature_extraction.cc:285]   Camera:          #1 - SIMPLE_RADIAL
I20261002 19:58:47.709188  2792 feature_extraction.cc:289]   Focal Length:    307.20px
I20261002 19:58:47.709368  2792 feature_extraction.cc:294]   Features:        127 (SIFT)
I20261002 19:58:47.709936  2792 feature_extraction.cc:270] Processed file [29/165]
I20261002 19:58:47.710159  2792 feature_extraction.cc:273]   Name:            000028.png
I20261002 19:58:47.710325  2792 feature_extraction.cc:282]   Dimensions:      256 x 256
I20261002 19:58:47.710490  2792 feature_extraction.cc:285]   Camera:          #1 - SIMPLE_RADIAL
I20261002 19:58:47.710655  2792 feature_extraction.cc:289]   Focal Length:    307.20px
I20261002 19:58:47.710826  2792 feature_extraction.cc:294]   Features:        102 (SIFT)
I20261002 19:58:47.713132  2792 feature_extraction.cc:270] Processed file [30/165]
I20261002 19:58:47.713486  2792 feature_extraction.cc:273]   Name:            000030.png
I20261002 19:58:47.713691  2792 feature_extraction.cc:282]   Dimensions:      256 x 256
I20261002 19:58:47.713935  2792 feature_extraction.cc:285]   Camera:          #1 - SIMPLE_RADIAL
I20261002 19:58:47.714148  2792 feature_extraction.cc:289]   Focal Length:    307.20px
I20261002 19:58:47.714374  2792 feature_extraction.cc:294]   Features:        96 (SIFT)
I20261002 19:58:47.715434  2792 feature_extraction.cc:270] Processed file [31/165]
I20261002 19:58:47.715709  2792 feature_extraction.cc:273]   Name:            000032.png
I20261002 19:58:47.715884  2792 feature_extraction.cc:282]   Dimensions:      256 x 256
I20261002 19:58:47.716060  2792 feature_extraction.cc:285]   Camera:          #1 - SIMPLE_RADIAL
I20261002 19:58:47.716218  2792 feature_extraction.cc:289]   Focal Length:    307.20px
I20261002 19:58:47.716367  2792 feature_extraction.cc:294]   Features:        112 (SIFT)
I20261002 19:58:47.718741  2792 feature_extraction.cc:270] Processed file [32/165]
I20261002 19:58:47.719095  2792 feature_extraction.cc:273]   Name:            000033.png
I20261002 19:58:47.719297  2792 feature_extraction.cc:282]   Dimensions:      256 x 256
I20261002 19:58:47.719480  2792 feature_extraction.cc:285]   Camera:          #1 - SIMPLE_RADIAL
I20261002 19:58:47.719661  2792 feature_extraction.cc:289]   Focal Length:    307.20px
I20261002 19:58:47.719814  2792 feature_extraction.cc:294]   Features:        97 (SIFT)
I20261002 19:58:47.721125  2792 feature_extraction.cc:270] Processed file [33/165]
I20261002 19:58:47.721372  2792 feature_extraction.cc:273]   Name:            000031.png
I20261002 19:58:47.721550  2792 feature_extraction.cc:282]   Dimensions:      256 x 256
I20261002 19:58:47.721726  2792 feature_extraction.cc:285]   Camera:          #1 - SIMPLE_RADIAL
I20261002 19:58:47.721884  2792 feature_extraction.cc:289]   Focal Length:    307.20px
I20261002 19:58:47.722044  2792 feature_extraction.cc:294]   Features:        103 (SIFT)
I20261002 19:58:47.724434  2792 feature_extraction.cc:270] Processed file [34/165]
I20261002 19:58:47.724696  2792 feature_extraction.cc:273]   Name:            000027.png
I20261002 19:58:47.724880  2792 feature_extraction.cc:282]   Dimensions:      256 x 256
I20261002 19:58:47.725043  2792 feature_extraction.cc:285]   Camera:          #1 - SIMPLE_RADIAL
I20261002 19:58:47.725192  2792 feature_extraction.cc:289]   Focal Length:    307.20px
I20261002 19:58:47.725342  2792 feature_extraction.cc:294]   Features:        137 (SIFT)
I20261002 19:58:47.727172  2792 feature_extraction.cc:270] Processed file [35/165]
I20261002 19:58:47.727430  2792 feature_extraction.cc:273]   Name:            000034.png
I20261002 19:58:47.727662  2792 feature_extraction.cc:282]   Dimensions:      256 x 256
I20261002 19:58:47.727788  2792 feature_extraction.cc:285]   Camera:          #1 - SIMPLE_RADIAL
I20261002 19:58:47.727899  2792 feature_extraction.cc:289]   Focal Length:    307.20px
I20261002 19:58:47.728032  2792 feature_extraction.cc:294]   Features:        93 (SIFT)
I20261002 19:58:47.730152  2792 feature_extraction.cc:270] Processed file [36/165]
I20261002 19:58:47.730397  2792 feature_extraction.cc:273]   Name:            000035.png
I20261002 19:58:47.730545  2792 feature_extraction.cc:282]   Dimensions:      256 x 256
I20261002 19:58:47.730684  2792 feature_extraction.cc:285]   Camera:          #1 - SIMPLE_RADIAL
I20261002 19:58:47.730849  2792 feature_extraction.cc:289]   Focal Length:    307.20px
I20261002 19:58:47.731034  2792 feature_extraction.cc:294]   Features:        99 (SIFT)
I20261002 19:58:47.733572  2792 feature_extraction.cc:270] Processed file [37/165]
I20261002 19:58:47.733866  2792 feature_extraction.cc:273]   Name:            000045.png
I20261002 19:58:47.734089  2792 feature_extraction.cc:282]   Dimensions:      256 x 256
I20261002 19:58:47.734307  2792 feature_extraction.cc:285]   Camera:          #1 - SIMPLE_RADIAL
I20261002 19:58:47.734495  2792 feature_extraction.cc:289]   Focal Length:    307.20px
I20261002 19:58:47.734728  2792 feature_extraction.cc:294]   Features:        112 (SIFT)
I20261002 19:58:47.735867  2792 feature_extraction.cc:270] Processed file [38/165]
I20261002 19:58:47.736099  2792 feature_extraction.cc:273]   Name:            000038.png
I20261002 19:58:47.736281  2792 feature_extraction.cc:282]   Dimensions:      256 x 256
I20261002 19:58:47.736443  2792 feature_extraction.cc:285]   Camera:          #1 - SIMPLE_RADIAL
I20261002 19:58:47.736597  2792 feature_extraction.cc:289]   Focal Length:    307.20px
I20261002 19:58:47.736748  2792 feature_extraction.cc:294]   Features:        105 (SIFT)
I20261002 19:58:47.738992  2792 feature_extraction.cc:270] Processed file [39/165]
I20261002 19:58:47.739281  2792 feature_extraction.cc:273]   Name:            000037.png
I20261002 19:58:47.739547  2792 feature_extraction.cc:282]   Dimensions:      256 x 256
I20261002 19:58:47.739773  2792 feature_extraction.cc:285]   Camera:          #1 - SIMPLE_RADIAL
I20261002 19:58:47.739965  2792 feature_extraction.cc:289]   Focal Length:    307.20px
I20261002 19:58:47.740130  2792 feature_extraction.cc:294]   Features:        113 (SIFT)
I20261002 19:58:47.740982  2792 feature_extraction.cc:270] Processed file [40/165]
I20261002 19:58:47.741195  2792 feature_extraction.cc:273]   Name:            000040.png
I20261002 19:58:47.741381  2792 feature_extraction.cc:282]   Dimensions:      256 x 256
I20261002 19:58:47.741575  2792 feature_extraction.cc:285]   Camera:          #1 - SIMPLE_RADIAL
I20261002 19:58:47.741767  2792 feature_extraction.cc:289]   Focal Length:    307.20px
I20261002 19:58:47.741938  2792 feature_extraction.cc:294]   Features:        101 (SIFT)
I20261002 19:58:47.744143  2792 feature_extraction.cc:270] Processed file [41/165]
I20261002 19:58:47.744469  2792 feature_extraction.cc:273]   Name:            000039.png
I20261002 19:58:47.744696  2792 feature_extraction.cc:282]   Dimensions:      256 x 256
I20261002 19:58:47.744906  2792 feature_extraction.cc:285]   Camera:          #1 - SIMPLE_RADIAL
I20261002 19:58:47.745073  2792 feature_extraction.cc:289]   Focal Length:    307.20px
I20261002 19:58:47.745245  2792 feature_extraction.cc:294]   Features:        124 (SIFT)
I20261002 19:58:47.748131  2792 feature_extraction.cc:270] Processed file [42/165]
I20261002 19:58:47.748432  2792 feature_extraction.cc:273]   Name:            000041.png
I20261002 19:58:47.748635  2792 feature_extraction.cc:282]   Dimensions:      256 x 256
I20261002 19:58:47.748840  2792 feature_extraction.cc:285]   Camera:          #1 - SIMPLE_RADIAL
I20261002 19:58:47.749053  2792 feature_extraction.cc:289]   Focal Length:    307.20px
I20261002 19:58:47.749257  2792 feature_extraction.cc:294]   Features:        109 (SIFT)
I20261002 19:58:47.750019  2792 feature_extraction.cc:270] Processed file [43/165]
I20261002 19:58:47.750268  2792 feature_extraction.cc:273]   Name:            000043.png
I20261002 19:58:47.750508  2792 feature_extraction.cc:282]   Dimensions:      256 x 256
I20261002 19:58:47.750816  2792 feature_extraction.cc:285]   Camera:          #1 - SIMPLE_RADIAL
I20261002 19:58:47.751123  2792 feature_extraction.cc:289]   Focal Length:    307.20px
I20261002 19:58:47.751331  2792 feature_extraction.cc:294]   Features:        102 (SIFT)
I20261002 19:58:47.752990  2792 feature_extraction.cc:270] Processed file [44/165]
I20261002 19:58:47.753262  2792 feature_extraction.cc:273]   Name:            000036.png
I20261002 19:58:47.753453  2792 feature_extraction.cc:282]   Dimensions:      256 x 256
I20261002 19:58:47.753628  2792 feature_extraction.cc:285]   Camera:          #1 - SIMPLE_RADIAL
I20261002 19:58:47.753796  2792 feature_extraction.cc:289]   Focal Length:    307.20px
I20261002 19:58:47.753966  2792 feature_extraction.cc:294]   Features:        97 (SIFT)
I20261002 19:58:47.755186  2792 feature_extraction.cc:270] Processed file [45/165]
I20261002 19:58:47.755345  2792 feature_extraction.cc:273]   Name:            000042.png
I20261002 19:58:47.755539  2792 feature_extraction.cc:282]   Dimensions:      256 x 256
I20261002 19:58:47.755720  2792 feature_extraction.cc:285]   Camera:          #1 - SIMPLE_RADIAL
I20261002 19:58:47.755881  2792 feature_extraction.cc:289]   Focal Length:    307.20px
I20261002 19:58:47.756031  2792 feature_extraction.cc:294]   Features:        96 (SIFT)
I20261002 19:58:47.758265  2792 feature_extraction.cc:270] Processed file [46/165]
I20261002 19:58:47.758590  2792 feature_extraction.cc:273]   Name:            000048.png
I20261002 19:58:47.758781  2792 feature_extraction.cc:282]   Dimensions:      256 x 256
I20261002 19:58:47.758976  2792 feature_extraction.cc:285]   Camera:          #1 - SIMPLE_RADIAL
I20261002 19:58:47.759204  2792 feature_extraction.cc:289]   Focal Length:    307.20px
I20261002 19:58:47.759363  2792 feature_extraction.cc:294]   Features:        107 (SIFT)
I20261002 19:58:47.761604  2792 feature_extraction.cc:270] Processed file [47/165]
I20261002 19:58:47.761877  2792 feature_extraction.cc:273]   Name:            000046.png
I20261002 19:58:47.762077  2792 feature_extraction.cc:282]   Dimensions:      256 x 256
I20261002 19:58:47.762262  2792 feature_extraction.cc:285]   Camera:          #1 - SIMPLE_RADIAL
I20261002 19:58:47.762485  2792 feature_extraction.cc:289]   Focal Length:    307.20px
I20261002 19:58:47.762726  2792 feature_extraction.cc:294]   Features:        100 (SIFT)
I20261002 19:58:47.764471  2792 feature_extraction.cc:270] Processed file [48/165]
I20261002 19:58:47.764768  2792 feature_extraction.cc:273]   Name:            000047.png
I20261002 19:58:47.764981  2792 feature_extraction.cc:282]   Dimensions:      256 x 256
I20261002 19:58:47.765211  2792 feature_extraction.cc:285]   Camera:          #1 - SIMPLE_RADIAL
I20261002 19:58:47.765393  2792 feature_extraction.cc:289]   Focal Length:    307.20px
I20261002 19:58:47.765559  2792 feature_extraction.cc:294]   Features:        96 (SIFT)
I20261002 19:58:47.767695  2792 feature_extraction.cc:270] Processed file [49/165]
I20261002 19:58:47.767975  2792 feature_extraction.cc:273]   Name:            000044.png
I20261002 19:58:47.768166  2792 feature_extraction.cc:282]   Dimensions:      256 x 256
I20261002 19:58:47.768339  2792 feature_extraction.cc:285]   Camera:          #1 - SIMPLE_RADIAL
I20261002 19:58:47.768525  2792 feature_extraction.cc:289]   Focal Length:    307.20px
I20261002 19:58:47.768782  2792 feature_extraction.cc:294]   Features:        116 (SIFT)
I20261002 19:58:47.770095  2792 feature_extraction.cc:270] Processed file [50/165]
I20261002 19:58:47.770309  2792 feature_extraction.cc:273]   Name:            000050.png
I20261002 19:58:47.770479  2792 feature_extraction.cc:282]   Dimensions:      256 x 256
I20261002 19:58:47.770644  2792 feature_extraction.cc:285]   Camera:          #1 - SIMPLE_RADIAL
I20261002 19:58:47.770806  2792 feature_extraction.cc:289]   Focal Length:    307.20px
I20261002 19:58:47.770969  2792 feature_extraction.cc:294]   Features:        112 (SIFT)
I20261002 19:58:47.772246  2792 feature_extraction.cc:270] Processed file [51/165]
I20261002 19:58:47.772454  2792 feature_extraction.cc:273]   Name:            000051.png
I20261002 19:58:47.772667  2792 feature_extraction.cc:282]   Dimensions:      256 x 256
I20261002 19:58:47.772838  2792 feature_extraction.cc:285]   Camera:          #1 - SIMPLE_RADIAL
I20261002 19:58:47.773018  2792 feature_extraction.cc:289]   Focal Length:    307.20px
I20261002 19:58:47.773202  2792 feature_extraction.cc:294]   Features:        115 (SIFT)
I20261002 19:58:47.774437  2792 feature_extraction.cc:270] Processed file [52/165]
I20261002 19:58:47.774766  2792 feature_extraction.cc:273]   Name:            000049.png
I20261002 19:58:47.774991  2792 feature_extraction.cc:282]   Dimensions:      256 x 256
I20261002 19:58:47.775184  2792 feature_extraction.cc:285]   Camera:          #1 - SIMPLE_RADIAL
I20261002 19:58:47.775346  2792 feature_extraction.cc:289]   Focal Length:    307.20px
I20261002 19:58:47.775506  2792 feature_extraction.cc:294]   Features:        106 (SIFT)
I20261002 19:58:47.776649  2792 feature_extraction.cc:270] Processed file [53/165]
I20261002 19:58:47.776894  2792 feature_extraction.cc:273]   Name:            000053.png
I20261002 19:58:47.777096  2792 feature_extraction.cc:282]   Dimensions:      256 x 256
I20261002 19:58:47.777282  2792 feature_extraction.cc:285]   Camera:          #1 - SIMPLE_RADIAL
I20261002 19:58:47.777470  2792 feature_extraction.cc:289]   Focal Length:    307.20px
I20261002 19:58:47.777644  2792 feature_extraction.cc:294]   Features:        103 (SIFT)
I20261002 19:58:47.779951  2792 feature_extraction.cc:270] Processed file [54/165]
I20261002 19:58:47.780217  2792 feature_extraction.cc:273]   Name:            000052.png
I20261002 19:58:47.780414  2792 feature_extraction.cc:282]   Dimensions:      256 x 256
I20261002 19:58:47.780644  2792 feature_extraction.cc:285]   Camera:          #1 - SIMPLE_RADIAL
I20261002 19:58:47.780873  2792 feature_extraction.cc:289]   Focal Length:    307.20px
I20261002 19:58:47.781051  2792 feature_extraction.cc:294]   Features:        107 (SIFT)
I20261002 19:58:47.782183  2792 feature_extraction.cc:270] Processed file [55/165]
I20261002 19:58:47.782406  2792 feature_extraction.cc:273]   Name:            000054.png
I20261002 19:58:47.782575  2792 feature_extraction.cc:282]   Dimensions:      256 x 256
I20261002 19:58:47.782739  2792 feature_extraction.cc:285]   Camera:          #1 - SIMPLE_RADIAL
I20261002 19:58:47.782895  2792 feature_extraction.cc:289]   Focal Length:    307.20px
I20261002 19:58:47.783054  2792 feature_extraction.cc:294]   Features:        110 (SIFT)
I20261002 19:58:47.784412  2792 feature_extraction.cc:270] Processed file [56/165]
I20261002 19:58:47.784648  2792 feature_extraction.cc:273]   Name:            000055.png
I20261002 19:58:47.784817  2792 feature_extraction.cc:282]   Dimensions:      256 x 256
I20261002 19:58:47.784973  2792 feature_extraction.cc:285]   Camera:          #1 - SIMPLE_RADIAL
I20261002 19:58:47.785129  2792 feature_extraction.cc:289]   Focal Length:    307.20px
I20261002 19:58:47.785290  2792 feature_extraction.cc:294]   Features:        100 (SIFT)
I20261002 19:58:47.786573  2792 feature_extraction.cc:270] Processed file [57/165]
I20261002 19:58:47.786844  2792 feature_extraction.cc:273]   Name:            000056.png
I20261002 19:58:47.787066  2792 feature_extraction.cc:282]   Dimensions:      256 x 256
I20261002 19:58:47.787263  2792 feature_extraction.cc:285]   Camera:          #1 - SIMPLE_RADIAL
I20261002 19:58:47.787435  2792 feature_extraction.cc:289]   Focal Length:    307.20px
I20261002 19:58:47.787603  2792 feature_extraction.cc:294]   Features:        118 (SIFT)
I20261002 19:58:47.789757  2792 feature_extraction.cc:270] Processed file [58/165]
I20261002 19:58:47.790065  2792 feature_extraction.cc:273]   Name:            000057.png
I20261002 19:58:47.790246  2792 feature_extraction.cc:282]   Dimensions:      256 x 256
I20261002 19:58:47.790423  2792 feature_extraction.cc:285]   Camera:          #1 - SIMPLE_RADIAL
I20261002 19:58:47.790605  2792 feature_extraction.cc:289]   Focal Length:    307.20px
I20261002 19:58:47.790779  2792 feature_extraction.cc:294]   Features:        110 (SIFT)
I20261002 19:58:47.792071  2792 feature_extraction.cc:270] Processed file [59/165]
I20261002 19:58:47.792341  2792 feature_extraction.cc:273]   Name:            000059.png
I20261002 19:58:47.792525  2792 feature_extraction.cc:282]   Dimensions:      256 x 256
I20261002 19:58:47.792718  2792 feature_extraction.cc:285]   Camera:          #1 - SIMPLE_RADIAL
I20261002 19:58:47.792902  2792 feature_extraction.cc:289]   Focal Length:    307.20px
I20261002 19:58:47.793181  2792 feature_extraction.cc:294]   Features:        101 (SIFT)
I20261002 19:58:47.794015  2792 feature_extraction.cc:270] Processed file [60/165]
I20261002 19:58:47.794248  2792 feature_extraction.cc:273]   Name:            000058.png
I20261002 19:58:47.794436  2792 feature_extraction.cc:282]   Dimensions:      256 x 256
I20261002 19:58:47.794543  2792 feature_extraction.cc:285]   Camera:          #1 - SIMPLE_RADIAL
I20261002 19:58:47.794621  2792 feature_extraction.cc:289]   Focal Length:    307.20px
I20261002 19:58:47.794703  2792 feature_extraction.cc:294]   Features:        103 (SIFT)
I20261002 19:58:47.797344  2792 feature_extraction.cc:270] Processed file [61/165]
I20261002 19:58:47.797616  2792 feature_extraction.cc:273]   Name:            000060.png
I20261002 19:58:47.797795  2792 feature_extraction.cc:282]   Dimensions:      256 x 256
I20261002 19:58:47.797985  2792 feature_extraction.cc:285]   Camera:          #1 - SIMPLE_RADIAL
I20261002 19:58:47.798233  2792 feature_extraction.cc:289]   Focal Length:    307.20px
I20261002 19:58:47.798458  2792 feature_extraction.cc:294]   Features:        115 (SIFT)
I20261002 19:58:47.799580  2792 feature_extraction.cc:270] Processed file [62/165]
I20261002 19:58:47.799797  2792 feature_extraction.cc:273]   Name:            000063.png
I20261002 19:58:47.799931  2792 feature_extraction.cc:282]   Dimensions:      256 x 256
I20261002 19:58:47.800100  2792 feature_extraction.cc:285]   Camera:          #1 - SIMPLE_RADIAL
I20261002 19:58:47.800274  2792 feature_extraction.cc:289]   Focal Length:    307.20px
I20261002 19:58:47.800433  2792 feature_extraction.cc:294]   Features:        97 (SIFT)
I20261002 19:58:47.801491  2792 feature_extraction.cc:270] Processed file [63/165]
I20261002 19:58:47.801730  2792 feature_extraction.cc:273]   Name:            000062.png
I20261002 19:58:47.801907  2792 feature_extraction.cc:282]   Dimensions:      256 x 256
I20261002 19:58:47.802087  2792 feature_extraction.cc:285]   Camera:          #1 - SIMPLE_RADIAL
I20261002 19:58:47.802310  2792 feature_extraction.cc:289]   Focal Length:    307.20px
I20261002 19:58:47.802498  2792 feature_extraction.cc:294]   Features:        107 (SIFT)
I20261002 19:58:47.803995  2792 feature_extraction.cc:270] Processed file [64/165]
I20261002 19:58:47.804285  2792 feature_extraction.cc:273]   Name:            000061.png
I20261002 19:58:47.804460  2792 feature_extraction.cc:282]   Dimensions:      256 x 256
I20261002 19:58:47.804620  2792 feature_extraction.cc:285]   Camera:          #1 - SIMPLE_RADIAL
I20261002 19:58:47.804793  2792 feature_extraction.cc:289]   Focal Length:    307.20px
I20261002 19:58:47.805025  2792 feature_extraction.cc:294]   Features:        100 (SIFT)
I20261002 19:58:47.806322  2792 feature_extraction.cc:270] Processed file [65/165]
I20261002 19:58:47.806591  2792 feature_extraction.cc:273]   Name:            000065.png
I20261002 19:58:47.806829  2792 feature_extraction.cc:282]   Dimensions:      256 x 256
I20261002 19:58:47.807006  2792 feature_extraction.cc:285]   Camera:          #1 - SIMPLE_RADIAL
I20261002 19:58:47.807169  2792 feature_extraction.cc:289]   Focal Length:    307.20px
I20261002 19:58:47.807338  2792 feature_extraction.cc:294]   Features:        110 (SIFT)
I20261002 19:58:47.812536  2792 feature_extraction.cc:270] Processed file [66/165]
I20261002 19:58:47.813102  2792 feature_extraction.cc:273]   Name:            000064.png
I20261002 19:58:47.813326  2792 feature_extraction.cc:282]   Dimensions:      256 x 256
I20261002 19:58:47.813510  2792 feature_extraction.cc:285]   Camera:          #1 - SIMPLE_RADIAL
I20261002 19:58:47.813722  2792 feature_extraction.cc:289]   Focal Length:    307.20px
I20261002 19:58:47.813899  2792 feature_extraction.cc:294]   Features:        104 (SIFT)
I20261002 19:58:47.816085  2792 feature_extraction.cc:270] Processed file [67/165]
I20261002 19:58:47.816503  2792 feature_extraction.cc:273]   Name:            000067.png
I20261002 19:58:47.816769  2792 feature_extraction.cc:282]   Dimensions:      256 x 256
I20261002 19:58:47.816997  2792 feature_extraction.cc:285]   Camera:          #1 - SIMPLE_RADIAL
I20261002 19:58:47.817189  2792 feature_extraction.cc:289]   Focal Length:    307.20px
I20261002 19:58:47.817367  2792 feature_extraction.cc:294]   Features:        109 (SIFT)
I20261002 19:58:47.819475  2792 feature_extraction.cc:270] Processed file [68/165]
I20261002 19:58:47.819896  2792 feature_extraction.cc:273]   Name:            000068.png
I20261002 19:58:47.820141  2792 feature_extraction.cc:282]   Dimensions:      256 x 256
I20261002 19:58:47.820372  2792 feature_extraction.cc:285]   Camera:          #1 - SIMPLE_RADIAL
I20261002 19:58:47.820552  2792 feature_extraction.cc:289]   Focal Length:    307.20px
I20261002 19:58:47.820759  2792 feature_extraction.cc:294]   Features:        109 (SIFT)
I20261002 19:58:47.822122  2792 feature_extraction.cc:270] Processed file [69/165]
I20261002 19:58:47.822297  2792 feature_extraction.cc:273]   Name:            000066.png
I20261002 19:58:47.822426  2792 feature_extraction.cc:282]   Dimensions:      256 x 256
I20261002 19:58:47.822509  2792 feature_extraction.cc:285]   Camera:          #1 - SIMPLE_RADIAL
I20261002 19:58:47.822581  2792 feature_extraction.cc:289]   Focal Length:    307.20px
I20261002 19:58:47.822653  2792 feature_extraction.cc:294]   Features:        103 (SIFT)
I20261002 19:58:47.824258  2792 feature_extraction.cc:270] Processed file [70/165]
I20261002 19:58:47.824568  2792 feature_extraction.cc:273]   Name:            000069.png
I20261002 19:58:47.824688  2792 feature_extraction.cc:282]   Dimensions:      256 x 256
I20261002 19:58:47.824854  2792 feature_extraction.cc:285]   Camera:          #1 - SIMPLE_RADIAL
I20261002 19:58:47.825074  2792 feature_extraction.cc:289]   Focal Length:    307.20px
I20261002 19:58:47.825273  2792 feature_extraction.cc:294]   Features:        106 (SIFT)
I20261002 19:58:47.826539  2792 feature_extraction.cc:270] Processed file [71/165]
I20261002 19:58:47.826835  2792 feature_extraction.cc:273]   Name:            000071.png
I20261002 19:58:47.827046  2792 feature_extraction.cc:282]   Dimensions:      256 x 256
I20261002 19:58:47.827227  2792 feature_extraction.cc:285]   Camera:          #1 - SIMPLE_RADIAL
I20261002 19:58:47.827403  2792 feature_extraction.cc:289]   Focal Length:    307.20px
I20261002 19:58:47.827586  2792 feature_extraction.cc:294]   Features:        118 (SIFT)
I20261002 19:58:47.828676  2792 feature_extraction.cc:270] Processed file [72/165]
I20261002 19:58:47.828913  2792 feature_extraction.cc:273]   Name:            000070.png
I20261002 19:58:47.829131  2792 feature_extraction.cc:282]   Dimensions:      256 x 256
I20261002 19:58:47.829442  2792 feature_extraction.cc:285]   Camera:          #1 - SIMPLE_RADIAL
I20261002 19:58:47.829679  2792 feature_extraction.cc:289]   Focal Length:    307.20px
I20261002 19:58:47.829894  2792 feature_extraction.cc:294]   Features:        109 (SIFT)
I20261002 19:58:47.831757  2792 feature_extraction.cc:270] Processed file [73/165]
I20261002 19:58:47.832156  2792 feature_extraction.cc:273]   Name:            000072.png
I20261002 19:58:47.832397  2792 feature_extraction.cc:282]   Dimensions:      256 x 256
I20261002 19:58:47.832622  2792 feature_extraction.cc:285]   Camera:          #1 - SIMPLE_RADIAL
I20261002 19:58:47.832804  2792 feature_extraction.cc:289]   Focal Length:    307.20px
I20261002 19:58:47.832962  2792 feature_extraction.cc:294]   Features:        120 (SIFT)
I20261002 19:58:47.835079  2792 feature_extraction.cc:270] Processed file [74/165]
I20261002 19:58:47.835427  2792 feature_extraction.cc:273]   Name:            000074.png
I20261002 19:58:47.835630  2792 feature_extraction.cc:282]   Dimensions:      256 x 256
I20261002 19:58:47.835870  2792 feature_extraction.cc:285]   Camera:          #1 - SIMPLE_RADIAL
I20261002 19:58:47.836061  2792 feature_extraction.cc:289]   Focal Length:    307.20px
I20261002 19:58:47.836222  2792 feature_extraction.cc:294]   Features:        115 (SIFT)
I20261002 19:58:47.837024  2792 feature_extraction.cc:270] Processed file [75/165]
I20261002 19:58:47.837235  2792 feature_extraction.cc:273]   Name:            000073.png
I20261002 19:58:47.837408  2792 feature_extraction.cc:282]   Dimensions:      256 x 256
I20261002 19:58:47.837577  2792 feature_extraction.cc:285]   Camera:          #1 - SIMPLE_RADIAL
I20261002 19:58:47.837732  2792 feature_extraction.cc:289]   Focal Length:    307.20px
I20261002 19:58:47.837896  2792 feature_extraction.cc:294]   Features:        134 (SIFT)
I20261002 19:58:47.840324  2792 feature_extraction.cc:270] Processed file [76/165]
I20261002 19:58:47.840620  2792 feature_extraction.cc:273]   Name:            000075.png
I20261002 19:58:47.840798  2792 feature_extraction.cc:282]   Dimensions:      256 x 256
I20261002 19:58:47.840958  2792 feature_extraction.cc:285]   Camera:          #1 - SIMPLE_RADIAL
I20261002 19:58:47.841130  2792 feature_extraction.cc:289]   Focal Length:    307.20px
I20261002 19:58:47.841370  2792 feature_extraction.cc:294]   Features:        150 (SIFT)
I20261002 19:58:47.843720  2792 feature_extraction.cc:270] Processed file [77/165]
I20261002 19:58:47.844193  2792 feature_extraction.cc:273]   Name:            000077.png
I20261002 19:58:47.844517  2792 feature_extraction.cc:282]   Dimensions:      256 x 256
I20261002 19:58:47.844714  2792 feature_extraction.cc:285]   Camera:          #1 - SIMPLE_RADIAL
I20261002 19:58:47.844895  2792 feature_extraction.cc:289]   Focal Length:    307.20px
I20261002 19:58:47.845073  2792 feature_extraction.cc:294]   Features:        149 (SIFT)
I20261002 19:58:47.847419  2792 feature_extraction.cc:270] Processed file [78/165]
I20261002 19:58:47.847966  2792 feature_extraction.cc:273]   Name:            000076.png
I20261002 19:58:47.848286  2792 feature_extraction.cc:282]   Dimensions:      256 x 256
I20261002 19:58:47.848560  2792 feature_extraction.cc:285]   Camera:          #1 - SIMPLE_RADIAL
I20261002 19:58:47.848806  2792 feature_extraction.cc:289]   Focal Length:    307.20px
I20261002 19:58:47.849006  2792 feature_extraction.cc:294]   Features:        123 (SIFT)
I20261002 19:58:47.849857  2792 feature_extraction.cc:270] Processed file [79/165]
I20261002 19:58:47.850075  2792 feature_extraction.cc:273]   Name:            000078.png
I20261002 19:58:47.850284  2792 feature_extraction.cc:282]   Dimensions:      256 x 256
I20261002 19:58:47.850458  2792 feature_extraction.cc:285]   Camera:          #1 - SIMPLE_RADIAL
I20261002 19:58:47.850623  2792 feature_extraction.cc:289]   Focal Length:    307.20px
I20261002 19:58:47.850804  2792 feature_extraction.cc:294]   Features:        150 (SIFT)
I20261002 19:58:47.852299  2792 feature_extraction.cc:270] Processed file [80/165]
I20261002 19:58:47.852646  2792 feature_extraction.cc:273]   Name:            000079.png
I20261002 19:58:47.852891  2792 feature_extraction.cc:282]   Dimensions:      256 x 256
I20261002 19:58:47.853016  2792 feature_extraction.cc:285]   Camera:          #1 - SIMPLE_RADIAL
I20261002 19:58:47.853104  2792 feature_extraction.cc:289]   Focal Length:    307.20px
I20261002 19:58:47.853194  2792 feature_extraction.cc:294]   Features:        131 (SIFT)
I20261002 19:58:47.856181  2792 feature_extraction.cc:270] Processed file [81/165]
I20261002 19:58:47.856494  2792 feature_extraction.cc:273]   Name:            000080.png
I20261002 19:58:47.856696  2792 feature_extraction.cc:282]   Dimensions:      256 x 256
I20261002 19:58:47.856959  2792 feature_extraction.cc:285]   Camera:          #1 - SIMPLE_RADIAL
I20261002 19:58:47.857237  2792 feature_extraction.cc:289]   Focal Length:    307.20px
I20261002 19:58:47.857444  2792 feature_extraction.cc:294]   Features:        135 (SIFT)
I20261002 19:58:47.859423  2792 feature_extraction.cc:270] Processed file [82/165]
I20261002 19:58:47.859791  2792 feature_extraction.cc:273]   Name:            000083.png
I20261002 19:58:47.860060  2792 feature_extraction.cc:282]   Dimensions:      256 x 256
I20261002 19:58:47.860267  2792 feature_extraction.cc:285]   Camera:          #1 - SIMPLE_RADIAL
I20261002 19:58:47.860493  2792 feature_extraction.cc:289]   Focal Length:    307.20px
I20261002 19:58:47.860714  2792 feature_extraction.cc:294]   Features:        119 (SIFT)
I20261002 19:58:47.862868  2792 feature_extraction.cc:270] Processed file [83/165]
I20261002 19:58:47.863215  2792 feature_extraction.cc:273]   Name:            000082.png
I20261002 19:58:47.863442  2792 feature_extraction.cc:282]   Dimensions:      256 x 256
I20261002 19:58:47.863636  2792 feature_extraction.cc:285]   Camera:          #1 - SIMPLE_RADIAL
I20261002 19:58:47.863829  2792 feature_extraction.cc:289]   Focal Length:    307.20px
I20261002 19:58:47.864022  2792 feature_extraction.cc:294]   Features:        132 (SIFT)
I20261002 19:58:47.865162  2792 feature_extraction.cc:270] Processed file [84/165]
I20261002 19:58:47.865470  2792 feature_extraction.cc:273]   Name:            000081.png
I20261002 19:58:47.865681  2792 feature_extraction.cc:282]   Dimensions:      256 x 256
I20261002 19:58:47.865897  2792 feature_extraction.cc:285]   Camera:          #1 - SIMPLE_RADIAL
I20261002 19:58:47.866074  2792 feature_extraction.cc:289]   Focal Length:    307.20px
I20261002 19:58:47.866252  2792 feature_extraction.cc:294]   Features:        134 (SIFT)
I20261002 19:58:47.867832  2792 feature_extraction.cc:270] Processed file [85/165]
I20261002 19:58:47.868236  2792 feature_extraction.cc:273]   Name:            000085.png
I20261002 19:58:47.868486  2792 feature_extraction.cc:282]   Dimensions:      256 x 256
I20261002 19:58:47.868636  2792 feature_extraction.cc:285]   Camera:          #1 - SIMPLE_RADIAL
I20261002 19:58:47.868841  2792 feature_extraction.cc:289]   Focal Length:    307.20px
I20261002 19:58:47.869073  2792 feature_extraction.cc:294]   Features:        136 (SIFT)
I20261002 19:58:47.871140  2792 feature_extraction.cc:270] Processed file [86/165]
I20261002 19:58:47.871478  2792 feature_extraction.cc:273]   Name:            000084.png
I20261002 19:58:47.871735  2792 feature_extraction.cc:282]   Dimensions:      256 x 256
I20261002 19:58:47.871978  2792 feature_extraction.cc:285]   Camera:          #1 - SIMPLE_RADIAL
I20261002 19:58:47.872200  2792 feature_extraction.cc:289]   Focal Length:    307.20px
I20261002 19:58:47.872393  2792 feature_extraction.cc:294]   Features:        133 (SIFT)
I20261002 19:58:47.873359  2792 feature_extraction.cc:270] Processed file [87/165]
I20261002 19:58:47.873634  2792 feature_extraction.cc:273]   Name:            000086.png
I20261002 19:58:47.873834  2792 feature_extraction.cc:282]   Dimensions:      256 x 256
I20261002 19:58:47.874009  2792 feature_extraction.cc:285]   Camera:          #1 - SIMPLE_RADIAL
I20261002 19:58:47.874179  2792 feature_extraction.cc:289]   Focal Length:    307.20px
I20261002 19:58:47.874348  2792 feature_extraction.cc:294]   Features:        143 (SIFT)
I20261002 19:58:47.876679  2792 feature_extraction.cc:270] Processed file [88/165]
I20261002 19:58:47.876997  2792 feature_extraction.cc:273]   Name:            000087.png
I20261002 19:58:47.877235  2792 feature_extraction.cc:282]   Dimensions:      256 x 256
I20261002 19:58:47.877495  2792 feature_extraction.cc:285]   Camera:          #1 - SIMPLE_RADIAL
I20261002 19:58:47.877688  2792 feature_extraction.cc:289]   Focal Length:    307.20px
I20261002 19:58:47.877919  2792 feature_extraction.cc:294]   Features:        142 (SIFT)
I20261002 19:58:47.880194  2792 feature_extraction.cc:270] Processed file [89/165]
I20261002 19:58:47.880634  2792 feature_extraction.cc:273]   Name:            000089.png
I20261002 19:58:47.880899  2792 feature_extraction.cc:282]   Dimensions:      256 x 256
I20261002 19:58:47.881136  2792 feature_extraction.cc:285]   Camera:          #1 - SIMPLE_RADIAL
I20261002 19:58:47.881370  2792 feature_extraction.cc:289]   Focal Length:    307.20px
I20261002 19:58:47.881656  2792 feature_extraction.cc:294]   Features:        126 (SIFT)
I20261002 19:58:47.884075  2792 feature_extraction.cc:270] Processed file [90/165]
I20261002 19:58:47.884495  2792 feature_extraction.cc:273]   Name:            000088.png
I20261002 19:58:47.884819  2792 feature_extraction.cc:282]   Dimensions:      256 x 256
I20261002 19:58:47.885056  2792 feature_extraction.cc:285]   Camera:          #1 - SIMPLE_RADIAL
I20261002 19:58:47.885253  2792 feature_extraction.cc:289]   Focal Length:    307.20px
I20261002 19:58:47.885451  2792 feature_extraction.cc:294]   Features:        129 (SIFT)
I20261002 19:58:47.887708  2792 feature_extraction.cc:270] Processed file [91/165]
I20261002 19:58:47.887999  2792 feature_extraction.cc:273]   Name:            000090.png
I20261002 19:58:47.888207  2792 feature_extraction.cc:282]   Dimensions:      256 x 256
I20261002 19:58:47.888395  2792 feature_extraction.cc:285]   Camera:          #1 - SIMPLE_RADIAL
I20261002 19:58:47.888573  2792 feature_extraction.cc:289]   Focal Length:    307.20px
I20261002 19:58:47.888761  2792 feature_extraction.cc:294]   Features:        139 (SIFT)
I20261002 19:58:47.889937  2792 feature_extraction.cc:270] Processed file [92/165]
I20261002 19:58:47.890306  2792 feature_extraction.cc:273]   Name:            000093.png
I20261002 19:58:47.890612  2792 feature_extraction.cc:282]   Dimensions:      256 x 256
I20261002 19:58:47.890900  2792 feature_extraction.cc:285]   Camera:          #1 - SIMPLE_RADIAL
I20261002 19:58:47.891158  2792 feature_extraction.cc:289]   Focal Length:    307.20px
I20261002 19:58:47.891411  2792 feature_extraction.cc:294]   Features:        143 (SIFT)
I20261002 19:58:47.893201  2792 feature_extraction.cc:270] Processed file [93/165]
I20261002 19:58:47.893482  2792 feature_extraction.cc:273]   Name:            000091.png
I20261002 19:58:47.893677  2792 feature_extraction.cc:282]   Dimensions:      256 x 256
I20261002 19:58:47.893856  2792 feature_extraction.cc:285]   Camera:          #1 - SIMPLE_RADIAL
I20261002 19:58:47.894028  2792 feature_extraction.cc:289]   Focal Length:    307.20px
I20261002 19:58:47.894209  2792 feature_extraction.cc:294]   Features:        157 (SIFT)
I20261002 19:58:47.895461  2792 feature_extraction.cc:270] Processed file [94/165]
I20261002 19:58:47.895707  2792 feature_extraction.cc:273]   Name:            000092.png
I20261002 19:58:47.895902  2792 feature_extraction.cc:282]   Dimensions:      256 x 256
I20261002 19:58:47.896092  2792 feature_extraction.cc:285]   Camera:          #1 - SIMPLE_RADIAL
I20261002 19:58:47.896298  2792 feature_extraction.cc:289]   Focal Length:    307.20px
I20261002 19:58:47.896678  2792 feature_extraction.cc:294]   Features:        158 (SIFT)
I20261002 19:58:47.899013  2792 feature_extraction.cc:270] Processed file [95/165]
I20261002 19:58:47.899258  2792 feature_extraction.cc:273]   Name:            000094.png
I20261002 19:58:47.899475  2792 feature_extraction.cc:282]   Dimensions:      256 x 256
I20261002 19:58:47.899672  2792 feature_extraction.cc:285]   Camera:          #1 - SIMPLE_RADIAL
I20261002 19:58:47.899851  2792 feature_extraction.cc:289]   Focal Length:    307.20px
I20261002 19:58:47.900050  2792 feature_extraction.cc:294]   Features:        163 (SIFT)
I20261002 19:58:47.902438  2792 feature_extraction.cc:270] Processed file [96/165]
I20261002 19:58:47.902742  2792 feature_extraction.cc:273]   Name:            000095.png
I20261002 19:58:47.902909  2792 feature_extraction.cc:282]   Dimensions:      256 x 256
I20261002 19:58:47.903085  2792 feature_extraction.cc:285]   Camera:          #1 - SIMPLE_RADIAL
I20261002 19:58:47.903237  2792 feature_extraction.cc:289]   Focal Length:    307.20px
I20261002 19:58:47.903364  2792 feature_extraction.cc:294]   Features:        143 (SIFT)
I20261002 19:58:47.905675  2792 feature_extraction.cc:270] Processed file [97/165]
I20261002 19:58:47.906009  2792 feature_extraction.cc:273]   Name:            000096.png
I20261002 19:58:47.906218  2792 feature_extraction.cc:282]   Dimensions:      256 x 256
I20261002 19:58:47.906467  2792 feature_extraction.cc:285]   Camera:          #1 - SIMPLE_RADIAL
I20261002 19:58:47.906619  2792 feature_extraction.cc:289]   Focal Length:    307.20px
I20261002 19:58:47.906768  2792 feature_extraction.cc:294]   Features:        142 (SIFT)
I20261002 19:58:47.908662  2792 feature_extraction.cc:270] Processed file [98/165]
I20261002 19:58:47.908943  2792 feature_extraction.cc:273]   Name:            000097.png
I20261002 19:58:47.909099  2792 feature_extraction.cc:282]   Dimensions:      256 x 256
I20261002 19:58:47.909249  2792 feature_extraction.cc:285]   Camera:          #1 - SIMPLE_RADIAL
I20261002 19:58:47.909403  2792 feature_extraction.cc:289]   Focal Length:    307.20px
I20261002 19:58:47.909536  2792 feature_extraction.cc:294]   Features:        165 (SIFT)
I20261002 19:58:47.911823  2792 feature_extraction.cc:270] Processed file [99/165]
I20261002 19:58:47.912128  2792 feature_extraction.cc:273]   Name:            000098.png
I20261002 19:58:47.912294  2792 feature_extraction.cc:282]   Dimensions:      256 x 256
I20261002 19:58:47.912454  2792 feature_extraction.cc:285]   Camera:          #1 - SIMPLE_RADIAL
I20261002 19:58:47.912595  2792 feature_extraction.cc:289]   Focal Length:    307.20px
I20261002 19:58:47.912752  2792 feature_extraction.cc:294]   Features:        173 (SIFT)
I20261002 19:58:47.915105  2792 feature_extraction.cc:270] Processed file [100/165]
I20261002 19:58:47.915381  2792 feature_extraction.cc:273]   Name:            000099.png
I20261002 19:58:47.915569  2792 feature_extraction.cc:282]   Dimensions:      256 x 256
I20261002 19:58:47.915755  2792 feature_extraction.cc:285]   Camera:          #1 - SIMPLE_RADIAL
I20261002 19:58:47.915956  2792 feature_extraction.cc:289]   Focal Length:    307.20px
I20261002 19:58:47.916148  2792 feature_extraction.cc:294]   Features:        166 (SIFT)
I20261002 19:58:47.916960  2792 feature_extraction.cc:270] Processed file [101/165]
I20261002 19:58:47.917185  2792 feature_extraction.cc:273]   Name:            000100.png
I20261002 19:58:47.917357  2792 feature_extraction.cc:282]   Dimensions:      256 x 256
I20261002 19:58:47.917516  2792 feature_extraction.cc:285]   Camera:          #1 - SIMPLE_RADIAL
I20261002 19:58:47.917659  2792 feature_extraction.cc:289]   Focal Length:    307.20px
I20261002 19:58:47.917805  2792 feature_extraction.cc:294]   Features:        217 (SIFT)
I20261002 19:58:47.920310  2792 feature_extraction.cc:270] Processed file [102/165]
I20261002 19:58:47.920631  2792 feature_extraction.cc:273]   Name:            000101.png
I20261002 19:58:47.920793  2792 feature_extraction.cc:282]   Dimensions:      256 x 256
I20261002 19:58:47.920932  2792 feature_extraction.cc:285]   Camera:          #1 - SIMPLE_RADIAL
I20261002 19:58:47.921044  2792 feature_extraction.cc:289]   Focal Length:    307.20px
I20261002 19:58:47.921157  2792 feature_extraction.cc:294]   Features:        214 (SIFT)
I20261002 19:58:47.924153  2792 feature_extraction.cc:270] Processed file [103/165]
I20261002 19:58:47.924416  2792 feature_extraction.cc:273]   Name:            000102.png
I20261002 19:58:47.924574  2792 feature_extraction.cc:282]   Dimensions:      256 x 256
I20261002 19:58:47.924698  2792 feature_extraction.cc:285]   Camera:          #1 - SIMPLE_RADIAL
I20261002 19:58:47.924809  2792 feature_extraction.cc:289]   Focal Length:    307.20px
I20261002 19:58:47.924923  2792 feature_extraction.cc:294]   Features:        218 (SIFT)
I20261002 19:58:47.937185  2792 feature_extraction.cc:270] Processed file [104/165]
I20261002 19:58:47.937459  2792 feature_extraction.cc:273]   Name:            000103.png
I20261002 19:58:47.937628  2792 feature_extraction.cc:282]   Dimensions:      256 x 256
I20261002 19:58:47.937773  2792 feature_extraction.cc:285]   Camera:          #1 - SIMPLE_RADIAL
I20261002 19:58:47.937882  2792 feature_extraction.cc:289]   Focal Length:    307.20px
I20261002 19:58:47.937997  2792 feature_extraction.cc:294]   Features:        226 (SIFT)
I20261002 19:58:47.940371  2792 feature_extraction.cc:270] Processed file [105/165]
I20261002 19:58:47.940619  2792 feature_extraction.cc:273]   Name:            000104.png
I20261002 19:58:47.940756  2792 feature_extraction.cc:282]   Dimensions:      256 x 256
I20261002 19:58:47.940890  2792 feature_extraction.cc:285]   Camera:          #1 - SIMPLE_RADIAL
I20261002 19:58:47.941028  2792 feature_extraction.cc:289]   Focal Length:    307.20px
I20261002 19:58:47.941159  2792 feature_extraction.cc:294]   Features:        283 (SIFT)
I20261002 19:58:47.943564  2792 feature_extraction.cc:270] Processed file [106/165]
I20261002 19:58:47.943813  2792 feature_extraction.cc:273]   Name:            000105.png
I20261002 19:58:47.943953  2792 feature_extraction.cc:282]   Dimensions:      256 x 256
I20261002 19:58:47.944116  2792 feature_extraction.cc:285]   Camera:          #1 - SIMPLE_RADIAL
I20261002 19:58:47.944239  2792 feature_extraction.cc:289]   Focal Length:    307.20px
I20261002 19:58:47.944378  2792 feature_extraction.cc:294]   Features:        286 (SIFT)
I20261002 19:58:47.946741  2792 feature_extraction.cc:270] Processed file [107/165]
I20261002 19:58:47.946963  2792 feature_extraction.cc:273]   Name:            000106.png
I20261002 19:58:47.947101  2792 feature_extraction.cc:282]   Dimensions:      256 x 256
I20261002 19:58:47.947218  2792 feature_extraction.cc:285]   Camera:          #1 - SIMPLE_RADIAL
I20261002 19:58:47.947329  2792 feature_extraction.cc:289]   Focal Length:    307.20px
I20261002 19:58:47.947438  2792 feature_extraction.cc:294]   Features:        259 (SIFT)
I20261002 19:58:47.949767  2792 feature_extraction.cc:270] Processed file [108/165]
I20261002 19:58:47.949975  2792 feature_extraction.cc:273]   Name:            000107.png
I20261002 19:58:47.950118  2792 feature_extraction.cc:282]   Dimensions:      256 x 256
I20261002 19:58:47.950234  2792 feature_extraction.cc:285]   Camera:          #1 - SIMPLE_RADIAL
I20261002 19:58:47.950362  2792 feature_extraction.cc:289]   Focal Length:    307.20px
I20261002 19:58:47.950523  2792 feature_extraction.cc:294]   Features:        270 (SIFT)
I20261002 19:58:47.953782  2792 feature_extraction.cc:270] Processed file [109/165]
I20261002 19:58:47.954066  2792 feature_extraction.cc:273]   Name:            000108.png
I20261002 19:58:47.954256  2792 feature_extraction.cc:282]   Dimensions:      256 x 256
I20261002 19:58:47.954404  2792 feature_extraction.cc:285]   Camera:          #1 - SIMPLE_RADIAL
I20261002 19:58:47.954552  2792 feature_extraction.cc:289]   Focal Length:    307.20px
I20261002 19:58:47.954719  2792 feature_extraction.cc:294]   Features:        266 (SIFT)
I20261002 19:58:47.957477  2792 feature_extraction.cc:270] Processed file [110/165]
I20261002 19:58:47.957911  2792 feature_extraction.cc:273]   Name:            000114.png
I20261002 19:58:47.958131  2792 feature_extraction.cc:282]   Dimensions:      256 x 256
I20261002 19:58:47.958324  2792 feature_extraction.cc:285]   Camera:          #1 - SIMPLE_RADIAL
I20261002 19:58:47.958492  2792 feature_extraction.cc:289]   Focal Length:    307.20px
I20261002 19:58:47.958642  2792 feature_extraction.cc:294]   Features:        202 (SIFT)
I20261002 19:58:47.961372  2792 feature_extraction.cc:270] Processed file [111/165]
I20261002 19:58:47.961803  2792 feature_extraction.cc:273]   Name:            000109.png
I20261002 19:58:47.962129  2792 feature_extraction.cc:282]   Dimensions:      256 x 256
I20261002 19:58:47.962426  2792 feature_extraction.cc:285]   Camera:          #1 - SIMPLE_RADIAL
I20261002 19:58:47.962695  2792 feature_extraction.cc:289]   Focal Length:    307.20px
I20261002 19:58:47.962967  2792 feature_extraction.cc:294]   Features:        273 (SIFT)
I20261002 19:58:47.966007  2792 feature_extraction.cc:270] Processed file [112/165]
I20261002 19:58:47.966289  2792 feature_extraction.cc:273]   Name:            000112.png
I20261002 19:58:47.966426  2792 feature_extraction.cc:282]   Dimensions:      256 x 256
I20261002 19:58:47.966534  2792 feature_extraction.cc:285]   Camera:          #1 - SIMPLE_RADIAL
I20261002 19:58:47.966661  2792 feature_extraction.cc:289]   Focal Length:    307.20px
I20261002 19:58:47.966811  2792 feature_extraction.cc:294]   Features:        211 (SIFT)
I20261002 19:58:47.970056  2792 feature_extraction.cc:270] Processed file [113/165]
I20261002 19:58:47.970468  2792 feature_extraction.cc:273]   Name:            000110.png
I20261002 19:58:47.970713  2792 feature_extraction.cc:282]   Dimensions:      256 x 256
I20261002 19:58:47.970935  2792 feature_extraction.cc:285]   Camera:          #1 - SIMPLE_RADIAL
I20261002 19:58:47.971111  2792 feature_extraction.cc:289]   Focal Length:    307.20px
I20261002 19:58:47.971282  2792 feature_extraction.cc:294]   Features:        257 (SIFT)
I20261002 19:58:47.973452  2792 feature_extraction.cc:270] Processed file [114/165]
I20261002 19:58:47.973807  2792 feature_extraction.cc:273]   Name:            000115.png
I20261002 19:58:47.974101  2792 feature_extraction.cc:282]   Dimensions:      256 x 256
I20261002 19:58:47.974247  2792 feature_extraction.cc:285]   Camera:          #1 - SIMPLE_RADIAL
I20261002 19:58:47.974342  2792 feature_extraction.cc:289]   Focal Length:    307.20px
I20261002 19:58:47.974433  2792 feature_extraction.cc:294]   Features:        204 (SIFT)
I20261002 19:58:47.977027  2792 feature_extraction.cc:270] Processed file [115/165]
I20261002 19:58:47.977448  2792 feature_extraction.cc:273]   Name:            000111.png
I20261002 19:58:47.977765  2792 feature_extraction.cc:282]   Dimensions:      256 x 256
I20261002 19:58:47.977978  2792 feature_extraction.cc:285]   Camera:          #1 - SIMPLE_RADIAL
I20261002 19:58:47.978166  2792 feature_extraction.cc:289]   Focal Length:    307.20px
I20261002 19:58:47.978357  2792 feature_extraction.cc:294]   Features:        238 (SIFT)
I20261002 19:58:47.980656  2792 feature_extraction.cc:270] Processed file [116/165]
I20261002 19:58:47.980955  2792 feature_extraction.cc:273]   Name:            000117.png
I20261002 19:58:47.981197  2792 feature_extraction.cc:282]   Dimensions:      256 x 256
I20261002 19:58:47.981434  2792 feature_extraction.cc:285]   Camera:          #1 - SIMPLE_RADIAL
I20261002 19:58:47.981663  2792 feature_extraction.cc:289]   Focal Length:    307.20px
I20261002 19:58:47.981907  2792 feature_extraction.cc:294]   Features:        195 (SIFT)
I20261002 19:58:47.982854  2792 feature_extraction.cc:270] Processed file [117/165]
I20261002 19:58:47.983058  2792 feature_extraction.cc:273]   Name:            000116.png
I20261002 19:58:47.983229  2792 feature_extraction.cc:282]   Dimensions:      256 x 256
I20261002 19:58:47.983400  2792 feature_extraction.cc:285]   Camera:          #1 - SIMPLE_RADIAL
I20261002 19:58:47.983507  2792 feature_extraction.cc:289]   Focal Length:    307.20px
I20261002 19:58:47.983673  2792 feature_extraction.cc:294]   Features:        175 (SIFT)
I20261002 19:58:47.984991  2792 feature_extraction.cc:270] Processed file [118/165]
I20261002 19:58:47.985244  2792 feature_extraction.cc:273]   Name:            000121.png
I20261002 19:58:47.985424  2792 feature_extraction.cc:282]   Dimensions:      256 x 256
I20261002 19:58:47.985780  2792 feature_extraction.cc:285]   Camera:          #1 - SIMPLE_RADIAL
I20261002 19:58:47.985984  2792 feature_extraction.cc:289]   Focal Length:    307.20px
I20261002 19:58:47.986176  2792 feature_extraction.cc:294]   Features:        177 (SIFT)
I20261002 19:58:47.988281  2792 feature_extraction.cc:270] Processed file [119/165]
I20261002 19:58:47.988635  2792 feature_extraction.cc:273]   Name:            000119.png
I20261002 19:58:47.988950  2792 feature_extraction.cc:282]   Dimensions:      256 x 256
I20261002 19:58:47.989179  2792 feature_extraction.cc:285]   Camera:          #1 - SIMPLE_RADIAL
I20261002 19:58:47.989385  2792 feature_extraction.cc:289]   Focal Length:    307.20px
I20261002 19:58:47.989577  2792 feature_extraction.cc:294]   Features:        214 (SIFT)
I20261002 19:58:47.991594  2792 feature_extraction.cc:270] Processed file [120/165]
I20261002 19:58:47.991918  2792 feature_extraction.cc:273]   Name:            000120.png
I20261002 19:58:47.992088  2792 feature_extraction.cc:282]   Dimensions:      256 x 256
I20261002 19:58:47.992220  2792 feature_extraction.cc:285]   Camera:          #1 - SIMPLE_RADIAL
I20261002 19:58:47.992300  2792 feature_extraction.cc:289]   Focal Length:    307.20px
I20261002 19:58:47.992376  2792 feature_extraction.cc:294]   Features:        199 (SIFT)
I20261002 19:58:47.994372  2792 feature_extraction.cc:270] Processed file [121/165]
I20261002 19:58:47.994816  2792 feature_extraction.cc:273]   Name:            000113.png
I20261002 19:58:47.995059  2792 feature_extraction.cc:282]   Dimensions:      256 x 256
I20261002 19:58:47.995294  2792 feature_extraction.cc:285]   Camera:          #1 - SIMPLE_RADIAL
I20261002 19:58:47.995510  2792 feature_extraction.cc:289]   Focal Length:    307.20px
I20261002 19:58:47.995707  2792 feature_extraction.cc:294]   Features:        226 (SIFT)
I20261002 19:58:47.997580  2792 feature_extraction.cc:270] Processed file [122/165]
I20261002 19:58:47.997896  2792 feature_extraction.cc:273]   Name:            000122.png
I20261002 19:58:47.998119  2792 feature_extraction.cc:282]   Dimensions:      256 x 256
I20261002 19:58:47.998380  2792 feature_extraction.cc:285]   Camera:          #1 - SIMPLE_RADIAL
I20261002 19:58:47.998661  2792 feature_extraction.cc:289]   Focal Length:    307.20px
I20261002 19:58:47.998891  2792 feature_extraction.cc:294]   Features:        176 (SIFT)
I20261002 19:58:47.999552  2792 feature_extraction.cc:270] Processed file [123/165]
I20261002 19:58:47.999752  2792 feature_extraction.cc:273]   Name:            000118.png
I20261002 19:58:47.999923  2792 feature_extraction.cc:282]   Dimensions:      256 x 256
I20261002 19:58:48.000126  2792 feature_extraction.cc:285]   Camera:          #1 - SIMPLE_RADIAL
I20261002 19:58:48.000373  2792 feature_extraction.cc:289]   Focal Length:    307.20px
I20261002 19:58:48.000571  2792 feature_extraction.cc:294]   Features:        228 (SIFT)
I20261002 19:58:48.001031  2792 feature_extraction.cc:270] Processed file [124/165]
I20261002 19:58:48.001222  2792 feature_extraction.cc:273]   Name:            000123.png
I20261002 19:58:48.001481  2792 feature_extraction.cc:282]   Dimensions:      256 x 256
I20261002 19:58:48.001674  2792 feature_extraction.cc:285]   Camera:          #1 - SIMPLE_RADIAL
I20261002 19:58:48.001843  2792 feature_extraction.cc:289]   Focal Length:    307.20px
I20261002 19:58:48.002029  2792 feature_extraction.cc:294]   Features:        184 (SIFT)
I20261002 19:58:48.002449  2792 feature_extraction.cc:270] Processed file [125/165]
I20261002 19:58:48.002622  2792 feature_extraction.cc:273]   Name:            000125.png
I20261002 19:58:48.002840  2792 feature_extraction.cc:282]   Dimensions:      256 x 256
I20261002 19:58:48.003039  2792 feature_extraction.cc:285]   Camera:          #1 - SIMPLE_RADIAL
I20261002 19:58:48.003216  2792 feature_extraction.cc:289]   Focal Length:    307.20px
I20261002 19:58:48.003397  2792 feature_extraction.cc:294]   Features:        161 (SIFT)
I20261002 19:58:48.008333  2792 feature_extraction.cc:270] Processed file [126/165]
I20261002 19:58:48.008697  2792 feature_extraction.cc:273]   Name:            000127.png
I20261002 19:58:48.008931  2792 feature_extraction.cc:282]   Dimensions:      256 x 256
I20261002 19:58:48.009148  2792 feature_extraction.cc:285]   Camera:          #1 - SIMPLE_RADIAL
I20261002 19:58:48.009349  2792 feature_extraction.cc:289]   Focal Length:    307.20px
I20261002 19:58:48.009550  2792 feature_extraction.cc:294]   Features:        182 (SIFT)
I20261002 19:58:48.010041  2792 feature_extraction.cc:270] Processed file [127/165]
I20261002 19:58:48.010484  2792 feature_extraction.cc:273]   Name:            000126.png
I20261002 19:58:48.010683  2792 feature_extraction.cc:282]   Dimensions:      256 x 256
I20261002 19:58:48.010865  2792 feature_extraction.cc:285]   Camera:          #1 - SIMPLE_RADIAL
I20261002 19:58:48.011039  2792 feature_extraction.cc:289]   Focal Length:    307.20px
I20261002 19:58:48.011404  2792 feature_extraction.cc:294]   Features:        185 (SIFT)
I20261002 19:58:48.011957  2792 feature_extraction.cc:270] Processed file [128/165]
I20261002 19:58:48.012605  2792 feature_extraction.cc:273]   Name:            000124.png
I20261002 19:58:48.012801  2792 feature_extraction.cc:282]   Dimensions:      256 x 256
I20261002 19:58:48.012999  2792 feature_extraction.cc:285]   Camera:          #1 - SIMPLE_RADIAL
I20261002 19:58:48.013158  2792 feature_extraction.cc:289]   Focal Length:    307.20px
I20261002 19:58:48.013298  2792 feature_extraction.cc:294]   Features:        196 (SIFT)
I20261002 19:58:48.013693  2792 feature_extraction.cc:270] Processed file [129/165]
I20261002 19:58:48.013855  2792 feature_extraction.cc:273]   Name:            000128.png
I20261002 19:58:48.013985  2792 feature_extraction.cc:282]   Dimensions:      256 x 256
I20261002 19:58:48.014115  2792 feature_extraction.cc:285]   Camera:          #1 - SIMPLE_RADIAL
I20261002 19:58:48.014243  2792 feature_extraction.cc:289]   Focal Length:    307.20px
I20261002 19:58:48.014405  2792 feature_extraction.cc:294]   Features:        159 (SIFT)
I20261002 19:58:48.014908  2792 feature_extraction.cc:270] Processed file [130/165]
I20261002 19:58:48.015078  2792 feature_extraction.cc:273]   Name:            000130.png
I20261002 19:58:48.015207  2792 feature_extraction.cc:282]   Dimensions:      256 x 256
I20261002 19:58:48.015324  2792 feature_extraction.cc:285]   Camera:          #1 - SIMPLE_RADIAL
I20261002 19:58:48.015436  2792 feature_extraction.cc:289]   Focal Length:    307.20px
I20261002 19:58:48.015572  2792 feature_extraction.cc:294]   Features:        191 (SIFT)
I20261002 19:58:48.016288  2792 feature_extraction.cc:270] Processed file [131/165]
I20261002 19:58:48.016511  2792 feature_extraction.cc:273]   Name:            000129.png
I20261002 19:58:48.016712  2792 feature_extraction.cc:282]   Dimensions:      256 x 256
I20261002 19:58:48.016922  2792 feature_extraction.cc:285]   Camera:          #1 - SIMPLE_RADIAL
I20261002 19:58:48.017080  2792 feature_extraction.cc:289]   Focal Length:    307.20px
I20261002 19:58:48.017257  2792 feature_extraction.cc:294]   Features:        192 (SIFT)
I20261002 19:58:48.018193  2792 feature_extraction.cc:270] Processed file [132/165]
I20261002 19:58:48.018441  2792 feature_extraction.cc:273]   Name:            000131.png
I20261002 19:58:48.018652  2792 feature_extraction.cc:282]   Dimensions:      256 x 256
I20261002 19:58:48.018867  2792 feature_extraction.cc:285]   Camera:          #1 - SIMPLE_RADIAL
I20261002 19:58:48.019048  2792 feature_extraction.cc:289]   Focal Length:    307.20px
I20261002 19:58:48.019265  2792 feature_extraction.cc:294]   Features:        198 (SIFT)
I20261002 19:58:48.019680  2792 feature_extraction.cc:270] Processed file [133/165]
I20261002 19:58:48.019851  2792 feature_extraction.cc:273]   Name:            000132.png
I20261002 19:58:48.019990  2792 feature_extraction.cc:282]   Dimensions:      256 x 256
I20261002 19:58:48.020119  2792 feature_extraction.cc:285]   Camera:          #1 - SIMPLE_RADIAL
I20261002 19:58:48.020252  2792 feature_extraction.cc:289]   Focal Length:    307.20px
I20261002 19:58:48.020421  2792 feature_extraction.cc:294]   Features:        181 (SIFT)
I20261002 19:58:48.024720  2792 feature_extraction.cc:270] Processed file [134/165]
I20261002 19:58:48.025078  2792 feature_extraction.cc:273]   Name:            000133.png
I20261002 19:58:48.025270  2792 feature_extraction.cc:282]   Dimensions:      256 x 256
I20261002 19:58:48.025443  2792 feature_extraction.cc:285]   Camera:          #1 - SIMPLE_RADIAL
I20261002 19:58:48.025591  2792 feature_extraction.cc:289]   Focal Length:    307.20px
I20261002 19:58:48.025736  2792 feature_extraction.cc:294]   Features:        170 (SIFT)
I20261002 19:58:48.029389  2792 feature_extraction.cc:270] Processed file [135/165]
I20261002 19:58:48.029800  2792 feature_extraction.cc:273]   Name:            000134.png
I20261002 19:58:48.030063  2792 feature_extraction.cc:282]   Dimensions:      256 x 256
I20261002 19:58:48.030281  2792 feature_extraction.cc:285]   Camera:          #1 - SIMPLE_RADIAL
I20261002 19:58:48.030440  2792 feature_extraction.cc:289]   Focal Length:    307.20px
I20261002 19:58:48.030653  2792 feature_extraction.cc:294]   Features:        176 (SIFT)
I20261002 19:58:48.032418  2792 feature_extraction.cc:270] Processed file [136/165]
I20261002 19:58:48.032757  2792 feature_extraction.cc:273]   Name:            000137.png
I20261002 19:58:48.032968  2792 feature_extraction.cc:282]   Dimensions:      256 x 256
I20261002 19:58:48.033154  2792 feature_extraction.cc:285]   Camera:          #1 - SIMPLE_RADIAL
I20261002 19:58:48.033330  2792 feature_extraction.cc:289]   Focal Length:    307.20px
I20261002 19:58:48.033509  2792 feature_extraction.cc:294]   Features:        164 (SIFT)
I20261002 19:58:48.033941  2792 feature_extraction.cc:270] Processed file [137/165]
I20261002 19:58:48.034094  2792 feature_extraction.cc:273]   Name:            000136.png
I20261002 19:58:48.034224  2792 feature_extraction.cc:282]   Dimensions:      256 x 256
I20261002 19:58:48.034403  2792 feature_extraction.cc:285]   Camera:          #1 - SIMPLE_RADIAL
I20261002 19:58:48.034565  2792 feature_extraction.cc:289]   Focal Length:    307.20px
I20261002 19:58:48.034713  2792 feature_extraction.cc:294]   Features:        184 (SIFT)
I20261002 19:58:48.036738  2792 feature_extraction.cc:270] Processed file [138/165]
I20261002 19:58:48.037127  2792 feature_extraction.cc:273]   Name:            000135.png
I20261002 19:58:48.037339  2792 feature_extraction.cc:282]   Dimensions:      256 x 256
I20261002 19:58:48.037528  2792 feature_extraction.cc:285]   Camera:          #1 - SIMPLE_RADIAL
I20261002 19:58:48.037708  2792 feature_extraction.cc:289]   Focal Length:    307.20px
I20261002 19:58:48.037922  2792 feature_extraction.cc:294]   Features:        189 (SIFT)
I20261002 19:58:48.039760  2792 feature_extraction.cc:270] Processed file [139/165]
I20261002 19:58:48.040054  2792 feature_extraction.cc:273]   Name:            000141.png
I20261002 19:58:48.040270  2792 feature_extraction.cc:282]   Dimensions:      256 x 256
I20261002 19:58:48.040440  2792 feature_extraction.cc:285]   Camera:          #1 - SIMPLE_RADIAL
I20261002 19:58:48.040575  2792 feature_extraction.cc:289]   Focal Length:    307.20px
I20261002 19:58:48.040708  2792 feature_extraction.cc:294]   Features:        134 (SIFT)
I20261002 19:58:48.041113  2792 feature_extraction.cc:270] Processed file [140/165]
I20261002 19:58:48.041271  2792 feature_extraction.cc:273]   Name:            000140.png
I20261002 19:58:48.041402  2792 feature_extraction.cc:282]   Dimensions:      256 x 256
I20261002 19:58:48.041622  2792 feature_extraction.cc:285]   Camera:          #1 - SIMPLE_RADIAL
I20261002 19:58:48.041809  2792 feature_extraction.cc:289]   Focal Length:    307.20px
I20261002 19:58:48.042019  2792 feature_extraction.cc:294]   Features:        155 (SIFT)
I20261002 19:58:48.042840  2792 feature_extraction.cc:270] Processed file [141/165]
I20261002 19:58:48.043160  2792 feature_extraction.cc:273]   Name:            000138.png
I20261002 19:58:48.043438  2792 feature_extraction.cc:282]   Dimensions:      256 x 256
I20261002 19:58:48.043625  2792 feature_extraction.cc:285]   Camera:          #1 - SIMPLE_RADIAL
I20261002 19:58:48.043810  2792 feature_extraction.cc:289]   Focal Length:    307.20px
I20261002 19:58:48.043964  2792 feature_extraction.cc:294]   Features:        168 (SIFT)
I20261002 19:58:48.049669  2792 feature_extraction.cc:270] Processed file [142/165]
I20261002 19:58:48.050028  2792 feature_extraction.cc:273]   Name:            000139.png
I20261002 19:58:48.050313  2792 feature_extraction.cc:282]   Dimensions:      256 x 256
I20261002 19:58:48.050611  2792 feature_extraction.cc:285]   Camera:          #1 - SIMPLE_RADIAL
I20261002 19:58:48.050806  2792 feature_extraction.cc:289]   Focal Length:    307.20px
I20261002 19:58:48.051102  2792 feature_extraction.cc:294]   Features:        171 (SIFT)
I20261002 19:58:48.052245  2792 feature_extraction.cc:270] Processed file [143/165]
I20261002 19:58:48.052471  2792 feature_extraction.cc:273]   Name:            000143.png
I20261002 19:58:48.052628  2792 feature_extraction.cc:282]   Dimensions:      256 x 256
I20261002 19:58:48.052801  2792 feature_extraction.cc:285]   Camera:          #1 - SIMPLE_RADIAL
I20261002 19:58:48.052952  2792 feature_extraction.cc:289]   Focal Length:    307.20px
I20261002 19:58:48.053130  2792 feature_extraction.cc:294]   Features:        158 (SIFT)
I20261002 19:58:48.053715  2792 feature_extraction.cc:270] Processed file [144/165]
I20261002 19:58:48.053927  2792 feature_extraction.cc:273]   Name:            000142.png
I20261002 19:58:48.054107  2792 feature_extraction.cc:282]   Dimensions:      256 x 256
I20261002 19:58:48.054253  2792 feature_extraction.cc:285]   Camera:          #1 - SIMPLE_RADIAL
I20261002 19:58:48.054401  2792 feature_extraction.cc:289]   Focal Length:    307.20px
I20261002 19:58:48.054551  2792 feature_extraction.cc:294]   Features:        149 (SIFT)
I20261002 19:58:48.055801  2792 feature_extraction.cc:270] Processed file [145/165]
I20261002 19:58:48.056005  2792 feature_extraction.cc:273]   Name:            000145.png
I20261002 19:58:48.056148  2792 feature_extraction.cc:282]   Dimensions:      256 x 256
I20261002 19:58:48.056319  2792 feature_extraction.cc:285]   Camera:          #1 - SIMPLE_RADIAL
I20261002 19:58:48.056443  2792 feature_extraction.cc:289]   Focal Length:    307.20px
I20261002 19:58:48.056563  2792 feature_extraction.cc:294]   Features:        156 (SIFT)
I20261002 19:58:48.058094  2792 feature_extraction.cc:270] Processed file [146/165]
I20261002 19:58:48.058486  2792 feature_extraction.cc:273]   Name:            000144.png
I20261002 19:58:48.058712  2792 feature_extraction.cc:282]   Dimensions:      256 x 256
I20261002 19:58:48.058887  2792 feature_extraction.cc:285]   Camera:          #1 - SIMPLE_RADIAL
I20261002 19:58:48.059055  2792 feature_extraction.cc:289]   Focal Length:    307.20px
I20261002 19:58:48.059243  2792 feature_extraction.cc:294]   Features:        171 (SIFT)
I20261002 19:58:48.061549  2792 feature_extraction.cc:270] Processed file [147/165]
I20261002 19:58:48.061894  2792 feature_extraction.cc:273]   Name:            000148.png
I20261002 19:58:48.062129  2792 feature_extraction.cc:282]   Dimensions:      256 x 256
I20261002 19:58:48.062325  2792 feature_extraction.cc:285]   Camera:          #1 - SIMPLE_RADIAL
I20261002 19:58:48.062519  2792 feature_extraction.cc:289]   Focal Length:    307.20px
I20261002 19:58:48.062701  2792 feature_extraction.cc:294]   Features:        152 (SIFT)
I20261002 19:58:48.063756  2792 feature_extraction.cc:270] Processed file [148/165]
I20261002 19:58:48.063969  2792 feature_extraction.cc:273]   Name:            000150.png
I20261002 19:58:48.064131  2792 feature_extraction.cc:282]   Dimensions:      256 x 256
I20261002 19:58:48.064287  2792 feature_extraction.cc:285]   Camera:          #1 - SIMPLE_RADIAL
I20261002 19:58:48.064443  2792 feature_extraction.cc:289]   Focal Length:    307.20px
I20261002 19:58:48.064599  2792 feature_extraction.cc:294]   Features:        141 (SIFT)
I20261002 19:58:48.065639  2792 feature_extraction.cc:270] Processed file [149/165]
I20261002 19:58:48.065882  2792 feature_extraction.cc:273]   Name:            000146.png
I20261002 19:58:48.066086  2792 feature_extraction.cc:282]   Dimensions:      256 x 256
I20261002 19:58:48.066250  2792 feature_extraction.cc:285]   Camera:          #1 - SIMPLE_RADIAL
I20261002 19:58:48.066417  2792 feature_extraction.cc:289]   Focal Length:    307.20px
I20261002 19:58:48.066592  2792 feature_extraction.cc:294]   Features:        159 (SIFT)
I20261002 19:58:48.067077  2792 feature_extraction.cc:270] Processed file [150/165]
I20261002 19:58:48.067239  2792 feature_extraction.cc:273]   Name:            000149.png
I20261002 19:58:48.067471  2792 feature_extraction.cc:282]   Dimensions:      256 x 256
I20261002 19:58:48.067684  2792 feature_extraction.cc:285]   Camera:          #1 - SIMPLE_RADIAL
I20261002 19:58:48.067898  2792 feature_extraction.cc:289]   Focal Length:    307.20px
I20261002 19:58:48.068137  2792 feature_extraction.cc:294]   Features:        138 (SIFT)
I20261002 19:58:48.071308  2792 feature_extraction.cc:270] Processed file [151/165]
I20261002 19:58:48.071861  2792 feature_extraction.cc:273]   Name:            000152.png
I20261002 19:58:48.072157  2792 feature_extraction.cc:282]   Dimensions:      256 x 256
I20261002 19:58:48.072378  2792 feature_extraction.cc:285]   Camera:          #1 - SIMPLE_RADIAL
I20261002 19:58:48.072570  2792 feature_extraction.cc:289]   Focal Length:    307.20px
I20261002 19:58:48.072767  2792 feature_extraction.cc:294]   Features:        164 (SIFT)
I20261002 19:58:48.074151  2792 feature_extraction.cc:270] Processed file [152/165]
I20261002 19:58:48.074434  2792 feature_extraction.cc:273]   Name:            000151.png
I20261002 19:58:48.074686  2792 feature_extraction.cc:282]   Dimensions:      256 x 256
I20261002 19:58:48.074869  2792 feature_extraction.cc:285]   Camera:          #1 - SIMPLE_RADIAL
I20261002 19:58:48.075050  2792 feature_extraction.cc:289]   Focal Length:    307.20px
I20261002 19:58:48.075243  2792 feature_extraction.cc:294]   Features:        153 (SIFT)
I20261002 19:58:48.075641  2792 feature_extraction.cc:270] Processed file [153/165]
I20261002 19:58:48.075813  2792 feature_extraction.cc:273]   Name:            000147.png
I20261002 19:58:48.075970  2792 feature_extraction.cc:282]   Dimensions:      256 x 256
I20261002 19:58:48.076119  2792 feature_extraction.cc:285]   Camera:          #1 - SIMPLE_RADIAL
I20261002 19:58:48.076279  2792 feature_extraction.cc:289]   Focal Length:    307.20px
I20261002 19:58:48.076450  2792 feature_extraction.cc:294]   Features:        183 (SIFT)
I20261002 19:58:48.080910  2792 feature_extraction.cc:270] Processed file [154/165]
I20261002 19:58:48.081306  2792 feature_extraction.cc:273]   Name:            000157.png
I20261002 19:58:48.081477  2792 feature_extraction.cc:282]   Dimensions:      256 x 256
I20261002 19:58:48.081619  2792 feature_extraction.cc:285]   Camera:          #1 - SIMPLE_RADIAL
I20261002 19:58:48.081760  2792 feature_extraction.cc:289]   Focal Length:    307.20px
I20261002 19:58:48.081908  2792 feature_extraction.cc:294]   Features:        123 (SIFT)
I20261002 19:58:48.082771  2792 feature_extraction.cc:270] Processed file [155/165]
I20261002 19:58:48.082960  2792 feature_extraction.cc:273]   Name:            000155.png
I20261002 19:58:48.083105  2792 feature_extraction.cc:282]   Dimensions:      256 x 256
I20261002 19:58:48.083236  2792 feature_extraction.cc:285]   Camera:          #1 - SIMPLE_RADIAL
I20261002 19:58:48.083365  2792 feature_extraction.cc:289]   Focal Length:    307.20px
I20261002 19:58:48.083496  2792 feature_extraction.cc:294]   Features:        152 (SIFT)
I20261002 19:58:48.084631  2792 feature_extraction.cc:270] Processed file [156/165]
I20261002 19:58:48.084888  2792 feature_extraction.cc:273]   Name:            000158.png
I20261002 19:58:48.085012  2792 feature_extraction.cc:282]   Dimensions:      256 x 256
I20261002 19:58:48.085081  2792 feature_extraction.cc:285]   Camera:          #1 - SIMPLE_RADIAL
I20261002 19:58:48.085137  2792 feature_extraction.cc:289]   Focal Length:    307.20px
I20261002 19:58:48.085200  2792 feature_extraction.cc:294]   Features:        146 (SIFT)
I20261002 19:58:48.086081  2792 feature_extraction.cc:270] Processed file [157/165]
I20261002 19:58:48.086270  2792 feature_extraction.cc:273]   Name:            000154.png
I20261002 19:58:48.086436  2792 feature_extraction.cc:282]   Dimensions:      256 x 256
I20261002 19:58:48.086571  2792 feature_extraction.cc:285]   Camera:          #1 - SIMPLE_RADIAL
I20261002 19:58:48.086701  2792 feature_extraction.cc:289]   Focal Length:    307.20px
I20261002 19:58:48.086831  2792 feature_extraction.cc:294]   Features:        153 (SIFT)
I20261002 19:58:48.087136  2792 feature_extraction.cc:270] Processed file [158/165]
I20261002 19:58:48.087283  2792 feature_extraction.cc:273]   Name:            000153.png
I20261002 19:58:48.087418  2792 feature_extraction.cc:282]   Dimensions:      256 x 256
I20261002 19:58:48.087556  2792 feature_extraction.cc:285]   Camera:          #1 - SIMPLE_RADIAL
I20261002 19:58:48.087691  2792 feature_extraction.cc:289]   Focal Length:    307.20px
I20261002 19:58:48.087876  2792 feature_extraction.cc:294]   Features:        153 (SIFT)
I20261002 19:58:48.088565  2792 feature_extraction.cc:270] Processed file [159/165]
I20261002 19:58:48.088709  2792 feature_extraction.cc:273]   Name:            000160.png
I20261002 19:58:48.088858  2792 feature_extraction.cc:282]   Dimensions:      256 x 256
I20261002 19:58:48.088999  2792 feature_extraction.cc:285]   Camera:          #1 - SIMPLE_RADIAL
I20261002 19:58:48.089132  2792 feature_extraction.cc:289]   Focal Length:    307.20px
I20261002 19:58:48.089283  2792 feature_extraction.cc:294]   Features:        153 (SIFT)
I20261002 19:58:48.089498  2792 feature_extraction.cc:270] Processed file [160/165]
I20261002 19:58:48.089603  2792 feature_extraction.cc:273]   Name:            000159.png
I20261002 19:58:48.089697  2792 feature_extraction.cc:282]   Dimensions:      256 x 256
I20261002 19:58:48.089762  2792 feature_extraction.cc:285]   Camera:          #1 - SIMPLE_RADIAL
I20261002 19:58:48.089823  2792 feature_extraction.cc:289]   Focal Length:    307.20px
I20261002 19:58:48.089883  2792 feature_extraction.cc:294]   Features:        144 (SIFT)
I20261002 19:58:48.090056  2792 feature_extraction.cc:270] Processed file [161/165]
I20261002 19:58:48.090166  2792 feature_extraction.cc:273]   Name:            000156.png
I20261002 19:58:48.090431  2792 feature_extraction.cc:282]   Dimensions:      256 x 256
I20261002 19:58:48.090561  2792 feature_extraction.cc:285]   Camera:          #1 - SIMPLE_RADIAL
I20261002 19:58:48.090638  2792 feature_extraction.cc:289]   Focal Length:    307.20px
I20261002 19:58:48.090701  2792 feature_extraction.cc:294]   Features:        142 (SIFT)
I20261002 19:58:48.093023  2792 feature_extraction.cc:270] Processed file [162/165]
I20261002 19:58:48.093188  2792 feature_extraction.cc:273]   Name:            000161.png
I20261002 19:58:48.093281  2792 feature_extraction.cc:282]   Dimensions:      256 x 256
I20261002 19:58:48.093352  2792 feature_extraction.cc:285]   Camera:          #1 - SIMPLE_RADIAL
I20261002 19:58:48.093439  2792 feature_extraction.cc:289]   Focal Length:    307.20px
I20261002 19:58:48.093508  2792 feature_extraction.cc:294]   Features:        144 (SIFT)
I20261002 19:58:48.093694  2792 feature_extraction.cc:270] Processed file [163/165]
I20261002 19:58:48.093798  2792 feature_extraction.cc:273]   Name:            000162.png
I20261002 19:58:48.093865  2792 feature_extraction.cc:282]   Dimensions:      256 x 256
I20261002 19:58:48.093918  2792 feature_extraction.cc:285]   Camera:          #1 - SIMPLE_RADIAL
I20261002 19:58:48.093967  2792 feature_extraction.cc:289]   Focal Length:    307.20px
I20261002 19:58:48.094017  2792 feature_extraction.cc:294]   Features:        119 (SIFT)
I20261002 19:58:48.095590  2792 feature_extraction.cc:270] Processed file [164/165]
I20261002 19:58:48.095654  2792 feature_extraction.cc:273]   Name:            000163.png
I20261002 19:58:48.095752  2792 feature_extraction.cc:282]   Dimensions:      256 x 256
I20261002 19:58:48.095827  2792 feature_extraction.cc:285]   Camera:          #1 - SIMPLE_RADIAL
I20261002 19:58:48.095888  2792 feature_extraction.cc:289]   Focal Length:    307.20px
I20261002 19:58:48.095951  2792 feature_extraction.cc:294]   Features:        128 (SIFT)
I20261002 19:58:48.100787  2792 feature_extraction.cc:270] Processed file [165/165]
I20261002 19:58:48.100930  2792 feature_extraction.cc:273]   Name:            000164.png
I20261002 19:58:48.101065  2792 feature_extraction.cc:282]   Dimensions:      256 x 256
I20261002 19:58:48.101150  2792 feature_extraction.cc:285]   Camera:          #1 - SIMPLE_RADIAL
I20261002 19:58:48.101209  2792 feature_extraction.cc:289]   Focal Length:    307.20px
I20261002 19:58:48.101264  2792 feature_extraction.cc:294]   Features:        150 (SIFT)
I20261002 19:58:48.101781  5112 timer.cc:90] Elapsed time: 0.010 [minutes]
I20261002 19:58:48.102632 27192 automatic_reconstruction.cc:282] === Feature matching ===
I20261002 19:58:48.102968 26984 feature_matching.cc:196] === Feature matching & geometric verification ===
I20261002 19:58:48.159856  1840 feature_matching_utils.cc:79] Bind FeatureMatcherWorker to GPU device 0
I20261002 19:58:48.159856 26448 feature_matching_utils.cc:79] Bind FeatureMatcherWorker to GPU device 0
I20261002 19:58:48.160709  1840 sift.cc:1679] Creating SIFT GPU feature matcher
I20261002 19:58:48.160713 26448 sift.cc:1679] Creating SIFT GPU feature matcher
I20261002 19:58:48.161043 26984 pairing.cc:438] Generating sequential image pairs...
I20261002 19:58:48.161830 26984 pairing.cc:249] Generating image pairs with vocabulary tree...
I20261002 19:58:48.162180 26984 pairing.cc:372] Indexing image [1/165]
I20261002 19:58:48.674621 26984 pairing.cc:389]  in 0.512s
I20261002 19:58:48.674805 26984 pairing.cc:372] Indexing image [2/165]
I20261002 19:58:48.679385 26984 pairing.cc:389]  in 0.005s
I20261002 19:58:48.679510 26984 pairing.cc:372] Indexing image [3/165]
I20261002 19:58:48.683980 26984 pairing.cc:389]  in 0.004s
I20261002 19:58:48.684109 26984 pairing.cc:372] Indexing image [4/165]
I20261002 19:58:48.688035 26984 pairing.cc:389]  in 0.004s
I20261002 19:58:48.688147 26984 pairing.cc:372] Indexing image [5/165]
I20261002 19:58:48.692545 26984 pairing.cc:389]  in 0.004s
I20261002 19:58:48.692668 26984 pairing.cc:372] Indexing image [6/165]
I20261002 19:58:48.697559 26984 pairing.cc:389]  in 0.005s
I20261002 19:58:48.697713 26984 pairing.cc:372] Indexing image [7/165]
I20261002 19:58:48.702162 26984 pairing.cc:389]  in 0.004s
I20261002 19:58:48.702268 26984 pairing.cc:372] Indexing image [8/165]
I20261002 19:58:48.706393 26984 pairing.cc:389]  in 0.004s
I20261002 19:58:48.706517 26984 pairing.cc:372] Indexing image [9/165]
I20261002 19:58:48.711069 26984 pairing.cc:389]  in 0.005s
I20261002 19:58:48.711180 26984 pairing.cc:372] Indexing image [10/165]
I20261002 19:58:48.715379 26984 pairing.cc:389]  in 0.004s
I20261002 19:58:48.715484 26984 pairing.cc:372] Indexing image [11/165]
I20261002 19:58:48.720586 26984 pairing.cc:389]  in 0.005s
I20261002 19:58:48.720685 26984 pairing.cc:372] Indexing image [12/165]
I20261002 19:58:48.725793 26984 pairing.cc:389]  in 0.005s
I20261002 19:58:48.725897 26984 pairing.cc:372] Indexing image [13/165]
I20261002 19:58:48.729916 26984 pairing.cc:389]  in 0.004s
I20261002 19:58:48.730018 26984 pairing.cc:372] Indexing image [14/165]
I20261002 19:58:48.734975 26984 pairing.cc:389]  in 0.005s
I20261002 19:58:48.735116 26984 pairing.cc:372] Indexing image [15/165]
I20261002 19:58:48.739942 26984 pairing.cc:389]  in 0.005s
I20261002 19:58:48.740081 26984 pairing.cc:372] Indexing image [16/165]
I20261002 19:58:48.745200 26984 pairing.cc:389]  in 0.005s
I20261002 19:58:48.745435 26984 pairing.cc:372] Indexing image [17/165]
I20261002 19:58:48.750026 26984 pairing.cc:389]  in 0.005s
I20261002 19:58:48.750162 26984 pairing.cc:372] Indexing image [18/165]
I20261002 19:58:48.755063 26984 pairing.cc:389]  in 0.005s
I20261002 19:58:48.755202 26984 pairing.cc:372] Indexing image [19/165]
I20261002 19:58:48.759855 26984 pairing.cc:389]  in 0.005s
I20261002 19:58:48.759960 26984 pairing.cc:372] Indexing image [20/165]
I20261002 19:58:48.764561 26984 pairing.cc:389]  in 0.005s
I20261002 19:58:48.764788 26984 pairing.cc:372] Indexing image [21/165]
I20261002 19:58:48.770075 26984 pairing.cc:389]  in 0.005s
I20261002 19:58:48.770215 26984 pairing.cc:372] Indexing image [22/165]
I20261002 19:58:48.775480 26984 pairing.cc:389]  in 0.005s
I20261002 19:58:48.775576 26984 pairing.cc:372] Indexing image [23/165]
I20261002 19:58:48.780184 26984 pairing.cc:389]  in 0.005s
I20261002 19:58:48.780345 26984 pairing.cc:372] Indexing image [24/165]
I20261002 19:58:48.784953 26984 pairing.cc:389]  in 0.005s
I20261002 19:58:48.785064 26984 pairing.cc:372] Indexing image [25/165]
I20261002 19:58:48.790215 26984 pairing.cc:389]  in 0.005s
I20261002 19:58:48.790321 26984 pairing.cc:372] Indexing image [26/165]
I20261002 19:58:48.793395 26984 pairing.cc:389]  in 0.003s
I20261002 19:58:48.793491 26984 pairing.cc:372] Indexing image [27/165]
I20261002 19:58:48.799195 26984 pairing.cc:389]  in 0.006s
I20261002 19:58:48.799338 26984 pairing.cc:372] Indexing image [28/165]
I20261002 19:58:48.804008 26984 pairing.cc:389]  in 0.005s
I20261002 19:58:48.804141 26984 pairing.cc:372] Indexing image [29/165]
I20261002 19:58:48.807949 26984 pairing.cc:389]  in 0.004s
I20261002 19:58:48.808084 26984 pairing.cc:372] Indexing image [30/165]
I20261002 19:58:48.811683 26984 pairing.cc:389]  in 0.004s
I20261002 19:58:48.811804 26984 pairing.cc:372] Indexing image [31/165]
I20261002 19:58:48.815876 26984 pairing.cc:389]  in 0.004s
I20261002 19:58:48.815983 26984 pairing.cc:372] Indexing image [32/165]
I20261002 19:58:48.819504 26984 pairing.cc:389]  in 0.004s
I20261002 19:58:48.819610 26984 pairing.cc:372] Indexing image [33/165]
I20261002 19:58:48.823245 26984 pairing.cc:389]  in 0.004s
I20261002 19:58:48.823342 26984 pairing.cc:372] Indexing image [34/165]
I20261002 19:58:48.828194 26984 pairing.cc:389]  in 0.005s
I20261002 19:58:48.828317 26984 pairing.cc:372] Indexing image [35/165]
I20261002 19:58:48.831810 26984 pairing.cc:389]  in 0.004s
I20261002 19:58:48.831932 26984 pairing.cc:372] Indexing image [36/165]
I20261002 19:58:48.835469 26984 pairing.cc:389]  in 0.004s
I20261002 19:58:48.835590 26984 pairing.cc:372] Indexing image [37/165]
I20261002 19:58:48.839609 26984 pairing.cc:389]  in 0.004s
I20261002 19:58:48.839728 26984 pairing.cc:372] Indexing image [38/165]
I20261002 19:58:48.843760 26984 pairing.cc:389]  in 0.004s
I20261002 19:58:48.843898 26984 pairing.cc:372] Indexing image [39/165]
I20261002 19:58:48.847892 26984 pairing.cc:389]  in 0.004s
I20261002 19:58:48.847998 26984 pairing.cc:372] Indexing image [40/165]
I20261002 19:58:48.851679 26984 pairing.cc:389]  in 0.004s
I20261002 19:58:48.851779 26984 pairing.cc:372] Indexing image [41/165]
I20261002 19:58:48.856314 26984 pairing.cc:389]  in 0.005s
I20261002 19:58:48.856446 26984 pairing.cc:372] Indexing image [42/165]
I20261002 19:58:48.860336 26984 pairing.cc:389]  in 0.004s
I20261002 19:58:48.860453 26984 pairing.cc:372] Indexing image [43/165]
I20261002 19:58:48.864355 26984 pairing.cc:389]  in 0.004s
I20261002 19:58:48.864492 26984 pairing.cc:372] Indexing image [44/165]
I20261002 19:58:48.868487 26984 pairing.cc:389]  in 0.004s
I20261002 19:58:48.868615 26984 pairing.cc:372] Indexing image [45/165]
I20261002 19:58:48.872023 26984 pairing.cc:389]  in 0.003s
I20261002 19:58:48.872127 26984 pairing.cc:372] Indexing image [46/165]
I20261002 19:58:48.876115 26984 pairing.cc:389]  in 0.004s
I20261002 19:58:48.876244 26984 pairing.cc:372] Indexing image [47/165]
I20261002 19:58:48.879758 26984 pairing.cc:389]  in 0.004s
I20261002 19:58:48.879882 26984 pairing.cc:372] Indexing image [48/165]
I20261002 19:58:48.883181 26984 pairing.cc:389]  in 0.003s
I20261002 19:58:48.883277 26984 pairing.cc:372] Indexing image [49/165]
I20261002 19:58:48.887402 26984 pairing.cc:389]  in 0.004s
I20261002 19:58:48.887535 26984 pairing.cc:372] Indexing image [50/165]
I20261002 19:58:48.891487 26984 pairing.cc:389]  in 0.004s
I20261002 19:58:48.891608 26984 pairing.cc:372] Indexing image [51/165]
I20261002 19:58:48.896022 26984 pairing.cc:389]  in 0.004s
I20261002 19:58:48.896153 26984 pairing.cc:372] Indexing image [52/165]
I20261002 19:58:48.900116 26984 pairing.cc:389]  in 0.004s
I20261002 19:58:48.900233 26984 pairing.cc:372] Indexing image [53/165]
I20261002 19:58:48.903937 26984 pairing.cc:389]  in 0.004s
I20261002 19:58:48.904061 26984 pairing.cc:372] Indexing image [54/165]
I20261002 19:58:48.907861 26984 pairing.cc:389]  in 0.004s
I20261002 19:58:48.907974 26984 pairing.cc:372] Indexing image [55/165]
I20261002 19:58:48.911939 26984 pairing.cc:389]  in 0.004s
I20261002 19:58:48.912058 26984 pairing.cc:372] Indexing image [56/165]
I20261002 19:58:48.915750 26984 pairing.cc:389]  in 0.004s
I20261002 19:58:48.915898 26984 pairing.cc:372] Indexing image [57/165]
I20261002 19:58:48.920231 26984 pairing.cc:389]  in 0.004s
I20261002 19:58:48.920350 26984 pairing.cc:372] Indexing image [58/165]
I20261002 19:58:48.924265 26984 pairing.cc:389]  in 0.004s
I20261002 19:58:48.924388 26984 pairing.cc:372] Indexing image [59/165]
I20261002 19:58:48.928001 26984 pairing.cc:389]  in 0.004s
I20261002 19:58:48.928117 26984 pairing.cc:372] Indexing image [60/165]
I20261002 19:58:48.931828 26984 pairing.cc:389]  in 0.004s
I20261002 19:58:48.931963 26984 pairing.cc:372] Indexing image [61/165]
I20261002 19:58:48.936476 26984 pairing.cc:389]  in 0.005s
I20261002 19:58:48.936619 26984 pairing.cc:372] Indexing image [62/165]
I20261002 19:58:48.940201 26984 pairing.cc:389]  in 0.004s
I20261002 19:58:48.940349 26984 pairing.cc:372] Indexing image [63/165]
I20261002 19:58:48.944062 26984 pairing.cc:389]  in 0.004s
I20261002 19:58:48.944174 26984 pairing.cc:372] Indexing image [64/165]
I20261002 19:58:48.947864 26984 pairing.cc:389]  in 0.004s
I20261002 19:58:48.947995 26984 pairing.cc:372] Indexing image [65/165]
I20261002 19:58:48.951973 26984 pairing.cc:389]  in 0.004s
I20261002 19:58:48.952132 26984 pairing.cc:372] Indexing image [66/165]
I20261002 19:58:48.955872 26984 pairing.cc:389]  in 0.004s
I20261002 19:58:48.955990 26984 pairing.cc:372] Indexing image [67/165]
I20261002 19:58:48.960091 26984 pairing.cc:389]  in 0.004s
I20261002 19:58:48.960220 26984 pairing.cc:372] Indexing image [68/165]
I20261002 19:58:48.964192 26984 pairing.cc:389]  in 0.004s
I20261002 19:58:48.964349 26984 pairing.cc:372] Indexing image [69/165]
I20261002 19:58:48.968299 26984 pairing.cc:389]  in 0.004s
I20261002 19:58:48.968445 26984 pairing.cc:372] Indexing image [70/165]
I20261002 19:58:48.972338 26984 pairing.cc:389]  in 0.004s
I20261002 19:58:48.972477 26984 pairing.cc:372] Indexing image [71/165]
I20261002 19:58:48.976730 26984 pairing.cc:389]  in 0.004s
I20261002 19:58:48.976856 26984 pairing.cc:372] Indexing image [72/165]
I20261002 19:58:48.980713 26984 pairing.cc:389]  in 0.004s
I20261002 19:58:48.980839 26984 pairing.cc:372] Indexing image [73/165]
I20261002 19:58:48.985104 26984 pairing.cc:389]  in 0.004s
I20261002 19:58:48.985237 26984 pairing.cc:372] Indexing image [74/165]
I20261002 19:58:48.989396 26984 pairing.cc:389]  in 0.004s
I20261002 19:58:48.989505 26984 pairing.cc:372] Indexing image [75/165]
I20261002 19:58:48.994359 26984 pairing.cc:389]  in 0.005s
I20261002 19:58:48.994527 26984 pairing.cc:372] Indexing image [76/165]
I20261002 19:58:49.000302 26984 pairing.cc:389]  in 0.006s
I20261002 19:58:49.000471 26984 pairing.cc:372] Indexing image [77/165]
I20261002 19:58:49.005788 26984 pairing.cc:389]  in 0.005s
I20261002 19:58:49.005924 26984 pairing.cc:372] Indexing image [78/165]
I20261002 19:58:49.010219 26984 pairing.cc:389]  in 0.004s
I20261002 19:58:49.010334 26984 pairing.cc:372] Indexing image [79/165]
I20261002 19:58:49.015588 26984 pairing.cc:389]  in 0.005s
I20261002 19:58:49.015699 26984 pairing.cc:372] Indexing image [80/165]
I20261002 19:58:49.020358 26984 pairing.cc:389]  in 0.005s
I20261002 19:58:49.020472 26984 pairing.cc:372] Indexing image [81/165]
I20261002 19:58:49.025207 26984 pairing.cc:389]  in 0.005s
I20261002 19:58:49.025315 26984 pairing.cc:372] Indexing image [82/165]
I20261002 19:58:49.029519 26984 pairing.cc:389]  in 0.004s
I20261002 19:58:49.029626 26984 pairing.cc:372] Indexing image [83/165]
I20261002 19:58:49.034571 26984 pairing.cc:389]  in 0.005s
I20261002 19:58:49.035785 26984 pairing.cc:372] Indexing image [84/165]
I20261002 19:58:49.042657 26984 pairing.cc:389]  in 0.007s
I20261002 19:58:49.042832 26984 pairing.cc:372] Indexing image [85/165]
I20261002 19:58:49.052121 26984 pairing.cc:389]  in 0.009s
I20261002 19:58:49.052248 26984 pairing.cc:372] Indexing image [86/165]
I20261002 19:58:49.056938 26984 pairing.cc:389]  in 0.005s
I20261002 19:58:49.057042 26984 pairing.cc:372] Indexing image [87/165]
I20261002 19:58:49.062143 26984 pairing.cc:389]  in 0.005s
I20261002 19:58:49.062243 26984 pairing.cc:372] Indexing image [88/165]
I20261002 19:58:49.067331 26984 pairing.cc:389]  in 0.005s
I20261002 19:58:49.067445 26984 pairing.cc:372] Indexing image [89/165]
I20261002 19:58:49.072093 26984 pairing.cc:389]  in 0.005s
I20261002 19:58:49.072209 26984 pairing.cc:372] Indexing image [90/165]
I20261002 19:58:49.077055 26984 pairing.cc:389]  in 0.005s
I20261002 19:58:49.077186 26984 pairing.cc:372] Indexing image [91/165]
I20261002 19:58:49.082501 26984 pairing.cc:389]  in 0.005s
I20261002 19:58:49.082633 26984 pairing.cc:372] Indexing image [92/165]
I20261002 19:58:49.087852 26984 pairing.cc:389]  in 0.005s
I20261002 19:58:49.087971 26984 pairing.cc:372] Indexing image [93/165]
I20261002 19:58:49.094005 26984 pairing.cc:389]  in 0.006s
I20261002 19:58:49.094167 26984 pairing.cc:372] Indexing image [94/165]
I20261002 19:58:49.099978 26984 pairing.cc:389]  in 0.006s
I20261002 19:58:49.100121 26984 pairing.cc:372] Indexing image [95/165]
I20261002 19:58:49.105971 26984 pairing.cc:389]  in 0.006s
I20261002 19:58:49.106114 26984 pairing.cc:372] Indexing image [96/165]
I20261002 19:58:49.111237 26984 pairing.cc:389]  in 0.005s
I20261002 19:58:49.111374 26984 pairing.cc:372] Indexing image [97/165]
I20261002 19:58:49.116449 26984 pairing.cc:389]  in 0.005s
I20261002 19:58:49.116552 26984 pairing.cc:372] Indexing image [98/165]
I20261002 19:58:49.122336 26984 pairing.cc:389]  in 0.006s
I20261002 19:58:49.122438 26984 pairing.cc:372] Indexing image [99/165]
I20261002 19:58:49.128554 26984 pairing.cc:389]  in 0.006s
I20261002 19:58:49.128652 26984 pairing.cc:372] Indexing image [100/165]
I20261002 19:58:49.134589 26984 pairing.cc:389]  in 0.006s
I20261002 19:58:49.134731 26984 pairing.cc:372] Indexing image [101/165]
I20261002 19:58:49.142281 26984 pairing.cc:389]  in 0.008s
I20261002 19:58:49.142464 26984 pairing.cc:372] Indexing image [102/165]
I20261002 19:58:49.150369 26984 pairing.cc:389]  in 0.008s
I20261002 19:58:49.150497 26984 pairing.cc:372] Indexing image [103/165]
I20261002 19:58:49.158362 26984 pairing.cc:389]  in 0.008s
I20261002 19:58:49.158561 26984 pairing.cc:372] Indexing image [104/165]
I20261002 19:58:49.166892 26984 pairing.cc:389]  in 0.008s
I20261002 19:58:49.167026 26984 pairing.cc:372] Indexing image [105/165]
I20261002 19:58:49.178179 26984 pairing.cc:389]  in 0.011s
I20261002 19:58:49.178313 26984 pairing.cc:372] Indexing image [106/165]
I20261002 19:58:49.188484 26984 pairing.cc:389]  in 0.010s
I20261002 19:58:49.188604 26984 pairing.cc:372] Indexing image [107/165]
I20261002 19:58:49.197880 26984 pairing.cc:389]  in 0.009s
I20261002 19:58:49.198046 26984 pairing.cc:372] Indexing image [108/165]
I20261002 19:58:49.207777 26984 pairing.cc:389]  in 0.010s
I20261002 19:58:49.207929 26984 pairing.cc:372] Indexing image [109/165]
I20261002 19:58:49.217420 26984 pairing.cc:389]  in 0.009s
I20261002 19:58:49.217543 26984 pairing.cc:372] Indexing image [110/165]
I20261002 19:58:49.224874 26984 pairing.cc:389]  in 0.007s
I20261002 19:58:49.225027 26984 pairing.cc:372] Indexing image [111/165]
I20261002 19:58:49.234744 26984 pairing.cc:389]  in 0.010s
I20261002 19:58:49.234875 26984 pairing.cc:372] Indexing image [112/165]
I20261002 19:58:49.242362 26984 pairing.cc:389]  in 0.007s
I20261002 19:58:49.242482 26984 pairing.cc:372] Indexing image [113/165]
I20261002 19:58:49.252110 26984 pairing.cc:389]  in 0.010s
I20261002 19:58:49.252258 26984 pairing.cc:372] Indexing image [114/165]
I20261002 19:58:49.259498 26984 pairing.cc:389]  in 0.007s
I20261002 19:58:49.259633 26984 pairing.cc:372] Indexing image [115/165]
I20261002 19:58:49.268590 26984 pairing.cc:389]  in 0.009s
I20261002 19:58:49.268718 26984 pairing.cc:372] Indexing image [116/165]
I20261002 19:58:49.275686 26984 pairing.cc:389]  in 0.007s
I20261002 19:58:49.275816 26984 pairing.cc:372] Indexing image [117/165]
I20261002 19:58:49.282097 26984 pairing.cc:389]  in 0.006s
I20261002 19:58:49.282236 26984 pairing.cc:372] Indexing image [118/165]
I20261002 19:58:49.288579 26984 pairing.cc:389]  in 0.006s
I20261002 19:58:49.288710 26984 pairing.cc:372] Indexing image [119/165]
I20261002 19:58:49.296257 26984 pairing.cc:389]  in 0.008s
I20261002 19:58:49.296393 26984 pairing.cc:372] Indexing image [120/165]
I20261002 19:58:49.303746 26984 pairing.cc:389]  in 0.007s
I20261002 19:58:49.303872 26984 pairing.cc:372] Indexing image [121/165]
I20261002 19:58:49.311923 26984 pairing.cc:389]  in 0.008s
I20261002 19:58:49.312041 26984 pairing.cc:372] Indexing image [122/165]
I20261002 19:58:49.318261 26984 pairing.cc:389]  in 0.006s
I20261002 19:58:49.318367 26984 pairing.cc:372] Indexing image [123/165]
I20261002 19:58:49.326443 26984 pairing.cc:389]  in 0.008s
I20261002 19:58:49.326550 26984 pairing.cc:372] Indexing image [124/165]
I20261002 19:58:49.333190 26984 pairing.cc:389]  in 0.007s
I20261002 19:58:49.333322 26984 pairing.cc:372] Indexing image [125/165]
I20261002 19:58:49.339487 26984 pairing.cc:389]  in 0.006s
I20261002 19:58:49.339623 26984 pairing.cc:372] Indexing image [126/165]
I20261002 19:58:49.346253 26984 pairing.cc:389]  in 0.007s
I20261002 19:58:49.346383 26984 pairing.cc:372] Indexing image [127/165]
I20261002 19:58:49.353110 26984 pairing.cc:389]  in 0.007s
I20261002 19:58:49.353259 26984 pairing.cc:372] Indexing image [128/165]
I20261002 19:58:49.360216 26984 pairing.cc:389]  in 0.007s
I20261002 19:58:49.360338 26984 pairing.cc:372] Indexing image [129/165]
I20261002 19:58:49.366136 26984 pairing.cc:389]  in 0.006s
I20261002 19:58:49.366260 26984 pairing.cc:372] Indexing image [130/165]
I20261002 19:58:49.373067 26984 pairing.cc:389]  in 0.007s
I20261002 19:58:49.373202 26984 pairing.cc:372] Indexing image [131/165]
I20261002 19:58:49.380469 26984 pairing.cc:389]  in 0.007s
I20261002 19:58:49.380615 26984 pairing.cc:372] Indexing image [132/165]
I20261002 19:58:49.387521 26984 pairing.cc:389]  in 0.007s
I20261002 19:58:49.387638 26984 pairing.cc:372] Indexing image [133/165]
I20261002 19:58:49.393908 26984 pairing.cc:389]  in 0.006s
I20261002 19:58:49.394021 26984 pairing.cc:372] Indexing image [134/165]
I20261002 19:58:49.400279 26984 pairing.cc:389]  in 0.006s
I20261002 19:58:49.400404 26984 pairing.cc:372] Indexing image [135/165]
I20261002 19:58:49.407126 26984 pairing.cc:389]  in 0.007s
I20261002 19:58:49.407296 26984 pairing.cc:372] Indexing image [136/165]
I20261002 19:58:49.413290 26984 pairing.cc:389]  in 0.006s
I20261002 19:58:49.413413 26984 pairing.cc:372] Indexing image [137/165]
I20261002 19:58:49.419873 26984 pairing.cc:389]  in 0.006s
I20261002 19:58:49.419983 26984 pairing.cc:372] Indexing image [138/165]
I20261002 19:58:49.426594 26984 pairing.cc:389]  in 0.007s
I20261002 19:58:49.426703 26984 pairing.cc:372] Indexing image [139/165]
I20261002 19:58:49.431554 26984 pairing.cc:389]  in 0.005s
I20261002 19:58:49.431753 26984 pairing.cc:372] Indexing image [140/165]
I20261002 19:58:49.437496 26984 pairing.cc:389]  in 0.006s
I20261002 19:58:49.437680 26984 pairing.cc:372] Indexing image [141/165]
I20261002 19:58:49.443810 26984 pairing.cc:389]  in 0.006s
I20261002 19:58:49.443949 26984 pairing.cc:372] Indexing image [142/165]
I20261002 19:58:49.450324 26984 pairing.cc:389]  in 0.006s
I20261002 19:58:49.450444 26984 pairing.cc:372] Indexing image [143/165]
I20261002 19:58:49.456095 26984 pairing.cc:389]  in 0.006s
I20261002 19:58:49.456220 26984 pairing.cc:372] Indexing image [144/165]
I20261002 19:58:49.461774 26984 pairing.cc:389]  in 0.006s
I20261002 19:58:49.461895 26984 pairing.cc:372] Indexing image [145/165]
I20261002 19:58:49.467662 26984 pairing.cc:389]  in 0.006s
I20261002 19:58:49.467778 26984 pairing.cc:372] Indexing image [146/165]
I20261002 19:58:49.474156 26984 pairing.cc:389]  in 0.006s
I20261002 19:58:49.474280 26984 pairing.cc:372] Indexing image [147/165]
I20261002 19:58:49.479721 26984 pairing.cc:389]  in 0.005s
I20261002 19:58:49.479830 26984 pairing.cc:372] Indexing image [148/165]
I20261002 19:58:49.484735 26984 pairing.cc:389]  in 0.005s
I20261002 19:58:49.484834 26984 pairing.cc:372] Indexing image [149/165]
I20261002 19:58:49.490420 26984 pairing.cc:389]  in 0.006s
I20261002 19:58:49.490524 26984 pairing.cc:372] Indexing image [150/165]
I20261002 19:58:49.495517 26984 pairing.cc:389]  in 0.005s
I20261002 19:58:49.495657 26984 pairing.cc:372] Indexing image [151/165]
I20261002 19:58:49.501609 26984 pairing.cc:389]  in 0.006s
I20261002 19:58:49.501730 26984 pairing.cc:372] Indexing image [152/165]
I20261002 19:58:49.507191 26984 pairing.cc:389]  in 0.005s
I20261002 19:58:49.507322 26984 pairing.cc:372] Indexing image [153/165]
I20261002 19:58:49.513651 26984 pairing.cc:389]  in 0.006s
I20261002 19:58:49.513772 26984 pairing.cc:372] Indexing image [154/165]
I20261002 19:58:49.518371 26984 pairing.cc:389]  in 0.005s
I20261002 19:58:49.518497 26984 pairing.cc:372] Indexing image [155/165]
I20261002 19:58:49.523778 26984 pairing.cc:389]  in 0.005s
I20261002 19:58:49.523887 26984 pairing.cc:372] Indexing image [156/165]
I20261002 19:58:49.529010 26984 pairing.cc:389]  in 0.005s
I20261002 19:58:49.529142 26984 pairing.cc:372] Indexing image [157/165]
I20261002 19:58:49.534681 26984 pairing.cc:389]  in 0.006s
I20261002 19:58:49.534954 26984 pairing.cc:372] Indexing image [158/165]
I20261002 19:58:49.540355 26984 pairing.cc:389]  in 0.005s
I20261002 19:58:49.540497 26984 pairing.cc:372] Indexing image [159/165]
I20261002 19:58:49.545898 26984 pairing.cc:389]  in 0.005s
I20261002 19:58:49.546021 26984 pairing.cc:372] Indexing image [160/165]
I20261002 19:58:49.551184 26984 pairing.cc:389]  in 0.005s
I20261002 19:58:49.551347 26984 pairing.cc:372] Indexing image [161/165]
I20261002 19:58:49.556344 26984 pairing.cc:389]  in 0.005s
I20261002 19:58:49.556501 26984 pairing.cc:372] Indexing image [162/165]
I20261002 19:58:49.561614 26984 pairing.cc:389]  in 0.005s
I20261002 19:58:49.561771 26984 pairing.cc:372] Indexing image [163/165]
I20261002 19:58:49.566188 26984 pairing.cc:389]  in 0.004s
I20261002 19:58:49.566312 26984 pairing.cc:372] Indexing image [164/165]
I20261002 19:58:49.570828 26984 pairing.cc:389]  in 0.005s
I20261002 19:58:49.570991 26984 pairing.cc:372] Indexing image [165/165]
I20261002 19:58:49.576380 26984 pairing.cc:389]  in 0.005s
I20261002 19:58:49.580779 26984 pairing.cc:562] Processing image [1/165]
I20261002 19:58:49.588563 26984 feature_matching.cc:218] in 0.008s
I20261002 19:58:49.588723 26984 pairing.cc:562] Processing image [2/165]
I20261002 19:58:49.594575 26984 feature_matching.cc:218] in 0.006s
I20261002 19:58:49.594709 26984 pairing.cc:562] Processing image [3/165]
I20261002 19:58:49.600010 26984 feature_matching.cc:218] in 0.005s
I20261002 19:58:49.600131 26984 pairing.cc:562] Processing image [4/165]
I20261002 19:58:49.605775 26984 feature_matching.cc:218] in 0.006s
I20261002 19:58:49.605901 26984 pairing.cc:562] Processing image [5/165]
I20261002 19:58:49.613369 26984 feature_matching.cc:218] in 0.007s
I20261002 19:58:49.613495 26984 pairing.cc:562] Processing image [6/165]
I20261002 19:58:49.619513 26984 feature_matching.cc:218] in 0.006s
I20261002 19:58:49.619632 26984 pairing.cc:562] Processing image [7/165]
I20261002 19:58:49.626419 26984 feature_matching.cc:218] in 0.007s
I20261002 19:58:49.626563 26984 pairing.cc:562] Processing image [8/165]
I20261002 19:58:49.632968 26984 feature_matching.cc:218] in 0.006s
I20261002 19:58:49.633110 26984 pairing.cc:562] Processing image [9/165]
I20261002 19:58:49.638269 26984 feature_matching.cc:218] in 0.005s
I20261002 19:58:49.638404 26984 pairing.cc:562] Processing image [10/165]
I20261002 19:58:49.644941 26984 feature_matching.cc:218] in 0.007s
I20261002 19:58:49.645085 26984 pairing.cc:562] Processing image [11/165]
I20261002 19:58:49.652455 26984 feature_matching.cc:218] in 0.007s
I20261002 19:58:49.652591 26984 pairing.cc:562] Processing image [12/165]
I20261002 19:58:49.658195 26984 feature_matching.cc:218] in 0.006s
I20261002 19:58:49.658322 26984 pairing.cc:562] Processing image [13/165]
I20261002 19:58:49.664179 26984 feature_matching.cc:218] in 0.006s
I20261002 19:58:49.664301 26984 pairing.cc:562] Processing image [14/165]
I20261002 19:58:49.670951 26984 feature_matching.cc:218] in 0.007s
I20261002 19:58:49.671186 26984 pairing.cc:562] Processing image [15/165]
I20261002 19:58:49.676575 26984 feature_matching.cc:218] in 0.005s
I20261002 19:58:49.676705 26984 pairing.cc:562] Processing image [16/165]
I20261002 19:58:49.682509 26984 feature_matching.cc:218] in 0.006s
I20261002 19:58:49.682637 26984 pairing.cc:562] Processing image [17/165]
I20261002 19:58:49.688431 26984 feature_matching.cc:218] in 0.006s
I20261002 19:58:49.688554 26984 pairing.cc:562] Processing image [18/165]
I20261002 19:58:49.695434 26984 feature_matching.cc:218] in 0.007s
I20261002 19:58:49.695563 26984 pairing.cc:562] Processing image [19/165]
I20261002 19:58:49.701307 26984 feature_matching.cc:218] in 0.006s
I20261002 19:58:49.701455 26984 pairing.cc:562] Processing image [20/165]
I20261002 19:58:49.707258 26984 feature_matching.cc:218] in 0.006s
I20261002 19:58:49.707398 26984 pairing.cc:562] Processing image [21/165]
I20261002 19:58:49.713901 26984 feature_matching.cc:218] in 0.007s
I20261002 19:58:49.714029 26984 pairing.cc:562] Processing image [22/165]
I20261002 19:58:49.719489 26984 feature_matching.cc:218] in 0.005s
I20261002 19:58:49.719610 26984 pairing.cc:562] Processing image [23/165]
I20261002 19:58:49.725665 26984 feature_matching.cc:218] in 0.006s
I20261002 19:58:49.725793 26984 pairing.cc:562] Processing image [24/165]
I20261002 19:58:49.731300 26984 feature_matching.cc:218] in 0.006s
I20261002 19:58:49.731420 26984 pairing.cc:562] Processing image [25/165]
I20261002 19:58:49.737194 26984 feature_matching.cc:218] in 0.006s
I20261002 19:58:49.737321 26984 pairing.cc:562] Processing image [26/165]
I20261002 19:58:49.742217 26984 feature_matching.cc:218] in 0.005s
I20261002 19:58:49.742321 26984 pairing.cc:562] Processing image [27/165]
I20261002 19:58:49.748511 26984 feature_matching.cc:218] in 0.006s
I20261002 19:58:49.748639 26984 pairing.cc:562] Processing image [28/165]
I20261002 19:58:49.753922 26984 feature_matching.cc:218] in 0.005s
I20261002 19:58:49.754064 26984 pairing.cc:562] Processing image [29/165]
I20261002 19:58:49.761014 26984 feature_matching.cc:218] in 0.007s
I20261002 19:58:49.761152 26984 pairing.cc:562] Processing image [30/165]
I20261002 19:58:49.766786 26984 feature_matching.cc:218] in 0.006s
I20261002 19:58:49.766939 26984 pairing.cc:562] Processing image [31/165]
I20261002 19:58:49.773589 26984 feature_matching.cc:218] in 0.007s
I20261002 19:58:49.773719 26984 pairing.cc:562] Processing image [32/165]
I20261002 19:58:49.781081 26984 feature_matching.cc:218] in 0.007s
I20261002 19:58:49.781255 26984 pairing.cc:562] Processing image [33/165]
I20261002 19:58:49.788661 26984 feature_matching.cc:218] in 0.007s
I20261002 19:58:49.788802 26984 pairing.cc:562] Processing image [34/165]
I20261002 19:58:49.794961 26984 feature_matching.cc:218] in 0.006s
I20261002 19:58:49.795124 26984 pairing.cc:562] Processing image [35/165]
I20261002 19:58:49.803146 26984 feature_matching.cc:218] in 0.008s
I20261002 19:58:49.803358 26984 pairing.cc:562] Processing image [36/165]
I20261002 19:58:49.811537 26984 feature_matching.cc:218] in 0.008s
I20261002 19:58:49.811717 26984 pairing.cc:562] Processing image [37/165]
I20261002 19:58:49.817480 26984 feature_matching.cc:218] in 0.006s
I20261002 19:58:49.817623 26984 pairing.cc:562] Processing image [38/165]
I20261002 19:58:49.823517 26984 feature_matching.cc:218] in 0.006s
I20261002 19:58:49.823658 26984 pairing.cc:562] Processing image [39/165]
I20261002 19:58:49.830475 26984 feature_matching.cc:218] in 0.007s
I20261002 19:58:49.830601 26984 pairing.cc:562] Processing image [40/165]
I20261002 19:58:49.836830 26984 feature_matching.cc:218] in 0.006s
I20261002 19:58:49.836966 26984 pairing.cc:562] Processing image [41/165]
I20261002 19:58:49.844357 26984 feature_matching.cc:218] in 0.007s
I20261002 19:58:49.844476 26984 pairing.cc:562] Processing image [42/165]
I20261002 19:58:49.850526 26984 feature_matching.cc:218] in 0.006s
I20261002 19:58:49.850656 26984 pairing.cc:562] Processing image [43/165]
I20261002 19:58:49.856083 26984 feature_matching.cc:218] in 0.005s
I20261002 19:58:49.856210 26984 pairing.cc:562] Processing image [44/165]
I20261002 19:58:49.862059 26984 feature_matching.cc:218] in 0.006s
I20261002 19:58:49.862183 26984 pairing.cc:562] Processing image [45/165]
I20261002 19:58:49.868300 26984 feature_matching.cc:218] in 0.006s
I20261002 19:58:49.868446 26984 pairing.cc:562] Processing image [46/165]
I20261002 19:58:49.875051 26984 feature_matching.cc:218] in 0.007s
I20261002 19:58:49.875185 26984 pairing.cc:562] Processing image [47/165]
I20261002 19:58:49.882076 26984 feature_matching.cc:218] in 0.007s
I20261002 19:58:49.882200 26984 pairing.cc:562] Processing image [48/165]
I20261002 19:58:49.888465 26984 feature_matching.cc:218] in 0.006s
I20261002 19:58:49.888593 26984 pairing.cc:562] Processing image [49/165]
I20261002 19:58:49.895635 26984 feature_matching.cc:218] in 0.007s
I20261002 19:58:49.895775 26984 pairing.cc:562] Processing image [50/165]
I20261002 19:58:49.902298 26984 feature_matching.cc:218] in 0.007s
I20261002 19:58:49.902435 26984 pairing.cc:562] Processing image [51/165]
I20261002 19:58:49.908727 26984 feature_matching.cc:218] in 0.006s
I20261002 19:58:49.908852 26984 pairing.cc:562] Processing image [52/165]
I20261002 19:58:49.914859 26984 feature_matching.cc:218] in 0.006s
I20261002 19:58:49.914995 26984 pairing.cc:562] Processing image [53/165]
I20261002 19:58:49.919897 26984 feature_matching.cc:218] in 0.005s
I20261002 19:58:49.920020 26984 pairing.cc:562] Processing image [54/165]
I20261002 19:58:49.926366 26984 feature_matching.cc:218] in 0.006s
I20261002 19:58:49.926494 26984 pairing.cc:562] Processing image [55/165]
I20261002 19:58:49.932857 26984 feature_matching.cc:218] in 0.006s
I20261002 19:58:49.932994 26984 pairing.cc:562] Processing image [56/165]
I20261002 19:58:49.939118 26984 feature_matching.cc:218] in 0.006s
I20261002 19:58:49.939245 26984 pairing.cc:562] Processing image [57/165]
I20261002 19:58:49.945409 26984 feature_matching.cc:218] in 0.006s
I20261002 19:58:49.945535 26984 pairing.cc:562] Processing image [58/165]
I20261002 19:58:49.952296 26984 feature_matching.cc:218] in 0.007s
I20261002 19:58:49.952415 26984 pairing.cc:562] Processing image [59/165]
I20261002 19:58:49.957812 26984 feature_matching.cc:218] in 0.005s
I20261002 19:58:49.957933 26984 pairing.cc:562] Processing image [60/165]
I20261002 19:58:49.963158 26984 feature_matching.cc:218] in 0.005s
I20261002 19:58:49.963274 26984 pairing.cc:562] Processing image [61/165]
I20261002 19:58:49.970023 26984 feature_matching.cc:218] in 0.007s
I20261002 19:58:49.970165 26984 pairing.cc:562] Processing image [62/165]
I20261002 19:58:49.975271 26984 feature_matching.cc:218] in 0.005s
I20261002 19:58:49.975399 26984 pairing.cc:562] Processing image [63/165]
I20261002 19:58:49.980917 26984 feature_matching.cc:218] in 0.006s
I20261002 19:58:49.981036 26984 pairing.cc:562] Processing image [64/165]
I20261002 19:58:49.986494 26984 feature_matching.cc:218] in 0.005s
I20261002 19:58:49.986615 26984 pairing.cc:562] Processing image [65/165]
I20261002 19:58:49.992670 26984 feature_matching.cc:218] in 0.006s
I20261002 19:58:49.992798 26984 pairing.cc:562] Processing image [66/165]
I20261002 19:58:49.999473 26984 feature_matching.cc:218] in 0.007s
I20261002 19:58:49.999660 26984 pairing.cc:562] Processing image [67/165]
I20261002 19:58:50.005798 26984 feature_matching.cc:218] in 0.006s
I20261002 19:58:50.005972 26984 pairing.cc:562] Processing image [68/165]
I20261002 19:58:50.012907 26984 feature_matching.cc:218] in 0.007s
I20261002 19:58:50.013107 26984 pairing.cc:562] Processing image [69/165]
I20261002 19:58:50.019219 26984 feature_matching.cc:218] in 0.006s
I20261002 19:58:50.019376 26984 pairing.cc:562] Processing image [70/165]
I20261002 19:58:50.025901 26984 feature_matching.cc:218] in 0.007s
I20261002 19:58:50.026045 26984 pairing.cc:562] Processing image [71/165]
I20261002 19:58:50.031551 26984 feature_matching.cc:218] in 0.006s
I20261002 19:58:50.031680 26984 pairing.cc:562] Processing image [72/165]
I20261002 19:58:50.037089 26984 feature_matching.cc:218] in 0.005s
I20261002 19:58:50.037225 26984 pairing.cc:562] Processing image [73/165]
I20261002 19:58:50.043716 26984 feature_matching.cc:218] in 0.006s
I20261002 19:58:50.043867 26984 pairing.cc:562] Processing image [74/165]
I20261002 19:58:50.049355 26984 feature_matching.cc:218] in 0.005s
I20261002 19:58:50.049476 26984 pairing.cc:562] Processing image [75/165]
I20261002 19:58:50.054643 26984 feature_matching.cc:218] in 0.005s
I20261002 19:58:50.054766 26984 pairing.cc:562] Processing image [76/165]
I20261002 19:58:50.060027 26984 feature_matching.cc:218] in 0.005s
I20261002 19:58:50.060141 26984 pairing.cc:562] Processing image [77/165]
I20261002 19:58:50.064848 26984 feature_matching.cc:218] in 0.005s
I20261002 19:58:50.064998 26984 pairing.cc:562] Processing image [78/165]
I20261002 19:58:50.070842 26984 feature_matching.cc:218] in 0.006s
I20261002 19:58:50.070990 26984 pairing.cc:562] Processing image [79/165]
I20261002 19:58:50.078695 26984 feature_matching.cc:218] in 0.008s
I20261002 19:58:50.078898 26984 pairing.cc:562] Processing image [80/165]
I20261002 19:58:50.086255 26984 feature_matching.cc:218] in 0.007s
I20261002 19:58:50.086421 26984 pairing.cc:562] Processing image [81/165]
I20261002 19:58:50.092376 26984 feature_matching.cc:218] in 0.006s
I20261002 19:58:50.092501 26984 pairing.cc:562] Processing image [82/165]
I20261002 19:58:50.098956 26984 feature_matching.cc:218] in 0.006s
I20261002 19:58:50.099083 26984 pairing.cc:562] Processing image [83/165]
I20261002 19:58:50.104844 26984 feature_matching.cc:218] in 0.006s
I20261002 19:58:50.104975 26984 pairing.cc:562] Processing image [84/165]
I20261002 19:58:50.110572 26984 feature_matching.cc:218] in 0.006s
I20261002 19:58:50.110707 26984 pairing.cc:562] Processing image [85/165]
I20261002 19:58:50.117415 26984 feature_matching.cc:218] in 0.007s
I20261002 19:58:50.117586 26984 pairing.cc:562] Processing image [86/165]
I20261002 19:58:50.122550 26984 feature_matching.cc:218] in 0.005s
I20261002 19:58:50.122677 26984 pairing.cc:562] Processing image [87/165]
I20261002 19:58:50.127998 26984 feature_matching.cc:218] in 0.005s
I20261002 19:58:50.128127 26984 pairing.cc:562] Processing image [88/165]
I20261002 19:58:50.134054 26984 feature_matching.cc:218] in 0.006s
I20261002 19:58:50.134195 26984 pairing.cc:562] Processing image [89/165]
I20261002 19:58:50.139475 26984 feature_matching.cc:218] in 0.005s
I20261002 19:58:50.139597 26984 pairing.cc:562] Processing image [90/165]
I20261002 19:58:50.145486 26984 feature_matching.cc:218] in 0.006s
I20261002 19:58:50.145623 26984 pairing.cc:562] Processing image [91/165]
I20261002 19:58:50.151451 26984 feature_matching.cc:218] in 0.006s
I20261002 19:58:50.151581 26984 pairing.cc:562] Processing image [92/165]
I20261002 19:58:50.157372 26984 feature_matching.cc:218] in 0.006s
I20261002 19:58:50.157523 26984 pairing.cc:562] Processing image [93/165]
I20261002 19:58:50.163331 26984 feature_matching.cc:218] in 0.006s
I20261002 19:58:50.163458 26984 pairing.cc:562] Processing image [94/165]
I20261002 19:58:50.170977 26984 feature_matching.cc:218] in 0.008s
I20261002 19:58:50.171129 26984 pairing.cc:562] Processing image [95/165]
I20261002 19:58:50.177452 26984 feature_matching.cc:218] in 0.006s
I20261002 19:58:50.177601 26984 pairing.cc:562] Processing image [96/165]
I20261002 19:58:50.183721 26984 feature_matching.cc:218] in 0.006s
I20261002 19:58:50.183831 26984 pairing.cc:562] Processing image [97/165]
I20261002 19:58:50.189762 26984 feature_matching.cc:218] in 0.006s
I20261002 19:58:50.189899 26984 pairing.cc:562] Processing image [98/165]
I20261002 19:58:50.196568 26984 feature_matching.cc:218] in 0.007s
I20261002 19:58:50.196705 26984 pairing.cc:562] Processing image [99/165]
I20261002 19:58:50.203738 26984 feature_matching.cc:218] in 0.007s
I20261002 19:58:50.203886 26984 pairing.cc:562] Processing image [100/165]
I20261002 19:58:50.209857 26984 feature_matching.cc:218] in 0.006s
I20261002 19:58:50.209987 26984 pairing.cc:562] Processing image [101/165]
I20261002 19:58:50.218567 26984 feature_matching.cc:218] in 0.009s
I20261002 19:58:50.218694 26984 pairing.cc:562] Processing image [102/165]
I20261002 19:58:50.224807 26984 feature_matching.cc:218] in 0.006s
I20261002 19:58:50.224923 26984 pairing.cc:562] Processing image [103/165]
I20261002 19:58:50.230875 26984 feature_matching.cc:218] in 0.006s
I20261002 19:58:50.231044 26984 pairing.cc:562] Processing image [104/165]
I20261002 19:58:50.238269 26984 feature_matching.cc:218] in 0.007s
I20261002 19:58:50.238445 26984 pairing.cc:562] Processing image [105/165]
I20261002 19:58:50.246389 26984 feature_matching.cc:218] in 0.008s
I20261002 19:58:50.246524 26984 pairing.cc:562] Processing image [106/165]
I20261002 19:58:50.253679 26984 feature_matching.cc:218] in 0.007s
I20261002 19:58:50.253815 26984 pairing.cc:562] Processing image [107/165]
I20261002 19:58:50.261700 26984 feature_matching.cc:218] in 0.008s
I20261002 19:58:50.261839 26984 pairing.cc:562] Processing image [108/165]
I20261002 19:58:50.269182 26984 feature_matching.cc:218] in 0.007s
I20261002 19:58:50.269353 26984 pairing.cc:562] Processing image [109/165]
I20261002 19:58:50.278086 26984 feature_matching.cc:218] in 0.009s
I20261002 19:58:50.278216 26984 pairing.cc:562] Processing image [110/165]
I20261002 19:58:50.286145 26984 feature_matching.cc:218] in 0.008s
I20261002 19:58:50.286270 26984 pairing.cc:562] Processing image [111/165]
I20261002 19:58:50.292879 26984 feature_matching.cc:218] in 0.007s
I20261002 19:58:50.293009 26984 pairing.cc:562] Processing image [112/165]
I20261002 19:58:50.298255 26984 feature_matching.cc:218] in 0.005s
I20261002 19:58:50.298392 26984 pairing.cc:562] Processing image [113/165]
I20261002 19:58:50.306638 26984 feature_matching.cc:218] in 0.008s
I20261002 19:58:50.306787 26984 pairing.cc:562] Processing image [114/165]
I20261002 19:58:50.315584 26984 feature_matching.cc:218] in 0.009s
I20261002 19:58:50.315710 26984 pairing.cc:562] Processing image [115/165]
I20261002 19:58:50.321098 26984 feature_matching.cc:218] in 0.005s
I20261002 19:58:50.321229 26984 pairing.cc:562] Processing image [116/165]
I20261002 19:58:50.327698 26984 feature_matching.cc:218] in 0.006s
I20261002 19:58:50.327869 26984 pairing.cc:562] Processing image [117/165]
I20261002 19:58:50.336111 26984 feature_matching.cc:218] in 0.008s
I20261002 19:58:50.336252 26984 pairing.cc:562] Processing image [118/165]
I20261002 19:58:50.342453 26984 feature_matching.cc:218] in 0.006s
I20261002 19:58:50.342576 26984 pairing.cc:562] Processing image [119/165]
I20261002 19:58:50.347387 26984 feature_matching.cc:218] in 0.005s
I20261002 19:58:50.347510 26984 pairing.cc:562] Processing image [120/165]
I20261002 19:58:50.352347 26984 feature_matching.cc:218] in 0.005s
I20261002 19:58:50.352468 26984 pairing.cc:562] Processing image [121/165]
I20261002 19:58:50.362492 26984 feature_matching.cc:218] in 0.010s
I20261002 19:58:50.362622 26984 pairing.cc:562] Processing image [122/165]
I20261002 19:58:50.367276 26984 feature_matching.cc:218] in 0.005s
I20261002 19:58:50.367402 26984 pairing.cc:562] Processing image [123/165]
I20261002 19:58:50.375096 26984 feature_matching.cc:218] in 0.008s
I20261002 19:58:50.375233 26984 pairing.cc:562] Processing image [124/165]
I20261002 19:58:50.380680 26984 feature_matching.cc:218] in 0.005s
I20261002 19:58:50.380809 26984 pairing.cc:562] Processing image [125/165]
I20261002 19:58:50.387314 26984 feature_matching.cc:218] in 0.007s
I20261002 19:58:50.387441 26984 pairing.cc:562] Processing image [126/165]
I20261002 19:58:50.392572 26984 feature_matching.cc:218] in 0.005s
I20261002 19:58:50.392696 26984 pairing.cc:562] Processing image [127/165]
I20261002 19:58:50.399357 26984 feature_matching.cc:218] in 0.007s
I20261002 19:58:50.399710 26984 pairing.cc:562] Processing image [128/165]
I20261002 19:58:50.406511 26984 feature_matching.cc:218] in 0.007s
I20261002 19:58:50.406631 26984 pairing.cc:562] Processing image [129/165]
I20261002 19:58:50.412988 26984 feature_matching.cc:218] in 0.006s
I20261002 19:58:50.413104 26984 pairing.cc:562] Processing image [130/165]
I20261002 19:58:50.419979 26984 feature_matching.cc:218] in 0.007s
I20261002 19:58:50.420083 26984 pairing.cc:562] Processing image [131/165]
I20261002 19:58:50.425168 26984 feature_matching.cc:218] in 0.005s
I20261002 19:58:50.425304 26984 pairing.cc:562] Processing image [132/165]
I20261002 19:58:50.433919 26984 feature_matching.cc:218] in 0.009s
I20261002 19:58:50.434066 26984 pairing.cc:562] Processing image [133/165]
I20261002 19:58:50.448863 26984 feature_matching.cc:218] in 0.015s
I20261002 19:58:50.449032 26984 pairing.cc:562] Processing image [134/165]
I20261002 19:58:50.455178 26984 feature_matching.cc:218] in 0.006s
I20261002 19:58:50.455304 26984 pairing.cc:562] Processing image [135/165]
I20261002 19:58:50.461706 26984 feature_matching.cc:218] in 0.006s
I20261002 19:58:50.461836 26984 pairing.cc:562] Processing image [136/165]
I20261002 19:58:50.469700 26984 feature_matching.cc:218] in 0.008s
I20261002 19:58:50.469837 26984 pairing.cc:562] Processing image [137/165]
I20261002 19:58:50.475909 26984 feature_matching.cc:218] in 0.006s
I20261002 19:58:50.476027 26984 pairing.cc:562] Processing image [138/165]
I20261002 19:58:50.481657 26984 feature_matching.cc:218] in 0.006s
I20261002 19:58:50.481777 26984 pairing.cc:562] Processing image [139/165]
I20261002 19:58:50.488428 26984 feature_matching.cc:218] in 0.007s
I20261002 19:58:50.488550 26984 pairing.cc:562] Processing image [140/165]
I20261002 19:58:50.495144 26984 feature_matching.cc:218] in 0.007s
I20261002 19:58:50.495262 26984 pairing.cc:562] Processing image [141/165]
I20261002 19:58:50.503369 26984 feature_matching.cc:218] in 0.008s
I20261002 19:58:50.503511 26984 pairing.cc:562] Processing image [142/165]
I20261002 19:58:50.510014 26984 feature_matching.cc:218] in 0.007s
I20261002 19:58:50.510135 26984 pairing.cc:562] Processing image [143/165]
I20261002 19:58:50.515710 26984 feature_matching.cc:218] in 0.006s
I20261002 19:58:50.515823 26984 pairing.cc:562] Processing image [144/165]
I20261002 19:58:50.520744 26984 feature_matching.cc:218] in 0.005s
I20261002 19:58:50.520861 26984 pairing.cc:562] Processing image [145/165]
I20261002 19:58:50.526673 26984 feature_matching.cc:218] in 0.006s
I20261002 19:58:50.526790 26984 pairing.cc:562] Processing image [146/165]
I20261002 19:58:50.531619 26984 feature_matching.cc:218] in 0.005s
I20261002 19:58:50.531740 26984 pairing.cc:562] Processing image [147/165]
I20261002 19:58:50.537889 26984 feature_matching.cc:218] in 0.006s
I20261002 19:58:50.538008 26984 pairing.cc:562] Processing image [148/165]
I20261002 19:58:50.544332 26984 feature_matching.cc:218] in 0.006s
I20261002 19:58:50.544464 26984 pairing.cc:562] Processing image [149/165]
I20261002 19:58:50.550009 26984 feature_matching.cc:218] in 0.006s
I20261002 19:58:50.550137 26984 pairing.cc:562] Processing image [150/165]
I20261002 19:58:50.554790 26984 feature_matching.cc:218] in 0.005s
I20261002 19:58:50.554921 26984 pairing.cc:562] Processing image [151/165]
I20261002 19:58:50.560590 26984 feature_matching.cc:218] in 0.006s
I20261002 19:58:50.560708 26984 pairing.cc:562] Processing image [152/165]
I20261002 19:58:50.565118 26984 feature_matching.cc:218] in 0.004s
I20261002 19:58:50.565235 26984 pairing.cc:562] Processing image [153/165]
I20261002 19:58:50.570164 26984 feature_matching.cc:218] in 0.005s
I20261002 19:58:50.570289 26984 pairing.cc:562] Processing image [154/165]
I20261002 19:58:50.575591 26984 feature_matching.cc:218] in 0.005s
I20261002 19:58:50.575723 26984 pairing.cc:562] Processing image [155/165]
I20261002 19:58:50.580303 26984 feature_matching.cc:218] in 0.005s
I20261002 19:58:50.580416 26984 pairing.cc:562] Processing image [156/165]
I20261002 19:58:50.585323 26984 feature_matching.cc:218] in 0.005s
I20261002 19:58:50.585442 26984 pairing.cc:562] Processing image [157/165]
I20261002 19:58:50.590688 26984 feature_matching.cc:218] in 0.005s
I20261002 19:58:50.590809 26984 pairing.cc:562] Processing image [158/165]
I20261002 19:58:50.596113 26984 feature_matching.cc:218] in 0.005s
I20261002 19:58:50.596234 26984 pairing.cc:562] Processing image [159/165]
I20261002 19:58:50.601705 26984 feature_matching.cc:218] in 0.005s
I20261002 19:58:50.601825 26984 pairing.cc:562] Processing image [160/165]
I20261002 19:58:50.607243 26984 feature_matching.cc:218] in 0.005s
I20261002 19:58:50.607368 26984 pairing.cc:562] Processing image [161/165]
I20261002 19:58:50.612249 26984 feature_matching.cc:218] in 0.005s
I20261002 19:58:50.612373 26984 pairing.cc:562] Processing image [162/165]
I20261002 19:58:50.616637 26984 feature_matching.cc:218] in 0.004s
I20261002 19:58:50.616762 26984 pairing.cc:562] Processing image [163/165]
I20261002 19:58:50.622169 26984 feature_matching.cc:218] in 0.005s
I20261002 19:58:50.622293 26984 pairing.cc:562] Processing image [164/165]
I20261002 19:58:50.626061 26984 feature_matching.cc:218] in 0.004s
I20261002 19:58:50.626168 26984 pairing.cc:562] Processing image [165/165]
I20261002 19:58:50.626250 26984 feature_matching.cc:218] in 0.000s
I20261002 19:58:50.626427 26984 pairing.cc:333] Processing image [1/17]
I20261002 19:58:50.653340 26984 feature_matching.cc:218] in 0.027s
I20261002 19:58:50.653549 26984 pairing.cc:333] Processing image [2/17]
I20261002 19:58:50.664064 26984 feature_matching.cc:218] in 0.011s
I20261002 19:58:50.664209 26984 pairing.cc:333] Processing image [3/17]
I20261002 19:58:50.680241 26984 feature_matching.cc:218] in 0.016s
I20261002 19:58:50.680423 26984 pairing.cc:333] Processing image [4/17]
I20261002 19:58:50.698477 26984 feature_matching.cc:218] in 0.018s
I20261002 19:58:50.698655 26984 pairing.cc:333] Processing image [5/17]
I20261002 19:58:50.717270 26984 feature_matching.cc:218] in 0.019s
I20261002 19:58:50.717458 26984 pairing.cc:333] Processing image [6/17]
I20261002 19:58:50.733495 26984 feature_matching.cc:218] in 0.016s
I20261002 19:58:50.733661 26984 pairing.cc:333] Processing image [7/17]
I20261002 19:58:50.744059 26984 feature_matching.cc:218] in 0.010s
I20261002 19:58:50.744209 26984 pairing.cc:333] Processing image [8/17]
I20261002 19:58:50.760232 26984 feature_matching.cc:218] in 0.016s
I20261002 19:58:50.760374 26984 pairing.cc:333] Processing image [9/17]
I20261002 19:58:50.778130 26984 feature_matching.cc:218] in 0.018s
I20261002 19:58:50.778299 26984 pairing.cc:333] Processing image [10/17]
I20261002 19:58:50.797251 26984 feature_matching.cc:218] in 0.019s
I20261002 19:58:50.797435 26984 pairing.cc:333] Processing image [11/17]
I20261002 19:58:50.811901 26984 feature_matching.cc:218] in 0.014s
I20261002 19:58:50.812039 26984 pairing.cc:333] Processing image [12/17]
I20261002 19:58:50.834729 26984 feature_matching.cc:218] in 0.023s
I20261002 19:58:50.834914 26984 pairing.cc:333] Processing image [13/17]
I20261002 19:58:50.847877 26984 feature_matching.cc:218] in 0.013s
I20261002 19:58:50.848077 26984 pairing.cc:333] Processing image [14/17]
I20261002 19:58:50.865083 26984 feature_matching.cc:218] in 0.017s
I20261002 19:58:50.865260 26984 pairing.cc:333] Processing image [15/17]
I20261002 19:58:50.882117 26984 feature_matching.cc:218] in 0.017s
I20261002 19:58:50.882280 26984 pairing.cc:333] Processing image [16/17]
I20261002 19:58:50.892969 26984 feature_matching.cc:218] in 0.011s
I20261002 19:58:50.893112 26984 pairing.cc:333] Processing image [17/17]
I20261002 19:58:50.908331 26984 feature_matching.cc:218] in 0.015s
I20261002 19:58:50.908504 26984 timer.cc:90] Elapsed time: 0.047 [minutes]
I20261002 19:58:50.926634 27192 automatic_reconstruction.cc:309] === Sparse reconstruction ===
I20261002 19:58:50.928543 27192 incremental_pipeline.cc:353] Loading database
I20261002 19:58:50.928720 27192 database_cache.cc:82] Loading rigs...
I20261002 19:58:50.928845 27192 database_cache.cc:92]  1 in 0.000s
I20261002 19:58:50.928922 27192 database_cache.cc:100] Loading cameras...
I20261002 19:58:50.928995 27192 database_cache.cc:118]  1 in 0.000s
I20261002 19:58:50.929058 27192 database_cache.cc:126] Loading frames...
I20261002 19:58:50.929291 27192 database_cache.cc:136]  165 in 0.000s
I20261002 19:58:50.929364 27192 database_cache.cc:144] Loading matches...
I20261002 19:58:50.931761 27192 database_cache.cc:163]  1376 in 0.002s
I20261002 19:58:50.931899 27192 database_cache.cc:171] Loading images...
I20261002 19:58:50.933418 27192 database_cache.cc:268]  165 in 0.002s (connected 165, loaded 165)
I20261002 19:58:50.933529 27192 database_cache.cc:282] Loading pose priors...
I20261002 19:58:50.933644 27192 database_cache.cc:290]  0 in 0.000s
I20261002 19:58:50.933718 27192 database_cache.cc:298] Building correspondence graph...
I20261002 19:58:50.940873 27192 database_cache.cc:327]  in 0.007s (ignored 0)
I20261002 19:58:50.941085 27192 timer.cc:90] Elapsed time: 0.000 [minutes]
I20261002 19:58:50.942868 27192 incremental_pipeline.cc:465] Finding good initial image pair
I20261002 19:58:50.965866 27192 incremental_pipeline.cc:472] => No good initial image pair found.
I20261002 19:58:50.966057 27192 incremental_pipeline.cc:800] Discarding reconstruction due to no initial pair
I20261002 19:58:50.966986 27192 incremental_pipeline.cc:429] => Relaxing the initialization constraints.
I20261002 19:58:50.967972 27192 incremental_pipeline.cc:465] Finding good initial image pair
I20261002 19:58:50.985728 27192 incremental_pipeline.cc:492] Registering initial image pair #91 and #90
I20261002 19:58:50.986351 27192 incremental_pipeline.cc:510] Global bundle adjustment
W20261002 19:58:50.986639 27192 bundle_adjustment_ceres.cc:162] Requested to use GPU for bundle adjustment, but Ceres was compiled without CUDA support. Falling back to CPU-based dense solvers.
W20261002 19:58:50.987172 27192 bundle_adjustment_ceres.cc:181] Requested to use GPU for bundle adjustment, but Ceres was compiled without cuDSS support. Falling back to CPU-based sparse solvers.
I20261002 19:58:50.992502 27192 incremental_pipeline.cc:620] Registering image #89 (num_reg_frames=2)
I20261002 19:58:50.992658 27192 incremental_pipeline.cc:623] => Image sees 33 / 112 points
I20261002 19:58:50.996741 27192 incremental_pipeline.cc:88] Retriangulation and Global bundle adjustment
I20261002 19:58:51.007230 27192 incremental_pipeline.cc:620] Registering image #94 (num_reg_frames=3)
I20261002 19:58:51.007498 27192 incremental_pipeline.cc:623] => Image sees 62 / 137 points
I20261002 19:58:51.015153 27192 incremental_pipeline.cc:88] Retriangulation and Global bundle adjustment
I20261002 19:58:51.046419 27192 incremental_pipeline.cc:620] Registering image #93 (num_reg_frames=4)
I20261002 19:58:51.046569 27192 incremental_pipeline.cc:623] => Image sees 83 / 128 points
I20261002 19:58:51.060875 27192 incremental_pipeline.cc:620] Registering image #92 (num_reg_frames=5)
I20261002 19:58:51.061010 27192 incremental_pipeline.cc:623] => Image sees 86 / 117 points
I20261002 19:58:51.079138 27192 incremental_pipeline.cc:88] Retriangulation and Global bundle adjustment
I20261002 19:58:51.107224 27192 incremental_pipeline.cc:620] Registering image #95 (num_reg_frames=6)
I20261002 19:58:51.107398 27192 incremental_pipeline.cc:623] => Image sees 79 / 136 points
I20261002 19:58:51.107494 27192 incremental_pipeline.cc:646] => Could not register, trying another image.
I20261002 19:58:51.107548 27192 incremental_pipeline.cc:620] Registering image #88 (num_reg_frames=6)
I20261002 19:58:51.107595 27192 incremental_pipeline.cc:623] => Image sees 66 / 121 points
I20261002 19:58:51.107651 27192 incremental_pipeline.cc:646] => Could not register, trying another image.
I20261002 19:58:51.107695 27192 incremental_pipeline.cc:620] Registering image #96 (num_reg_frames=6)
I20261002 19:58:51.107740 27192 incremental_pipeline.cc:623] => Image sees 64 / 127 points
I20261002 19:58:51.107794 27192 incremental_pipeline.cc:646] => Could not register, trying another image.
I20261002 19:58:51.107838 27192 incremental_pipeline.cc:620] Registering image #86 (num_reg_frames=6)
I20261002 19:58:51.107904 27192 incremental_pipeline.cc:623] => Image sees 66 / 115 points
I20261002 19:58:51.108005 27192 incremental_pipeline.cc:646] => Could not register, trying another image.
I20261002 19:58:51.108055 27192 incremental_pipeline.cc:620] Registering image #87 (num_reg_frames=6)
I20261002 19:58:51.108101 27192 incremental_pipeline.cc:623] => Image sees 61 / 133 points
I20261002 19:58:51.108155 27192 incremental_pipeline.cc:646] => Could not register, trying another image.
I20261002 19:58:51.108199 27192 incremental_pipeline.cc:620] Registering image #85 (num_reg_frames=6)
I20261002 19:58:51.108244 27192 incremental_pipeline.cc:623] => Image sees 60 / 124 points
I20261002 19:58:51.108298 27192 incremental_pipeline.cc:646] => Could not register, trying another image.
I20261002 19:58:51.108358 27192 incremental_pipeline.cc:620] Registering image #84 (num_reg_frames=6)
I20261002 19:58:51.108404 27192 incremental_pipeline.cc:623] => Image sees 52 / 116 points
I20261002 19:58:51.108456 27192 incremental_pipeline.cc:646] => Could not register, trying another image.
I20261002 19:58:51.108499 27192 incremental_pipeline.cc:620] Registering image #82 (num_reg_frames=6)
I20261002 19:58:51.108546 27192 incremental_pipeline.cc:623] => Image sees 52 / 113 points
I20261002 19:58:51.108599 27192 incremental_pipeline.cc:646] => Could not register, trying another image.
I20261002 19:58:51.108642 27192 incremental_pipeline.cc:620] Registering image #98 (num_reg_frames=6)
I20261002 19:58:51.108686 27192 incremental_pipeline.cc:623] => Image sees 47 / 143 points
I20261002 19:58:51.108738 27192 incremental_pipeline.cc:646] => Could not register, trying another image.
I20261002 19:58:51.108780 27192 incremental_pipeline.cc:620] Registering image #81 (num_reg_frames=6)
I20261002 19:58:51.108835 27192 incremental_pipeline.cc:623] => Image sees 50 / 123 points
I20261002 19:58:51.108918 27192 incremental_pipeline.cc:646] => Could not register, trying another image.
I20261002 19:58:51.108969 27192 incremental_pipeline.cc:620] Registering image #61 (num_reg_frames=6)
I20261002 19:58:51.109017 27192 incremental_pipeline.cc:623] => Image sees 43 / 113 points
I20261002 19:58:51.109080 27192 incremental_pipeline.cc:646] => Could not register, trying another image.
I20261002 19:58:51.109128 27192 incremental_pipeline.cc:620] Registering image #97 (num_reg_frames=6)
I20261002 19:58:51.109172 27192 incremental_pipeline.cc:623] => Image sees 45 / 132 points
I20261002 19:58:51.109224 27192 incremental_pipeline.cc:646] => Could not register, trying another image.
I20261002 19:58:51.109267 27192 incremental_pipeline.cc:620] Registering image #102 (num_reg_frames=6)
I20261002 19:58:51.109311 27192 incremental_pipeline.cc:623] => Image sees 41 / 193 points
I20261002 19:58:51.109364 27192 incremental_pipeline.cc:646] => Could not register, trying another image.
I20261002 19:58:51.109408 27192 incremental_pipeline.cc:620] Registering image #77 (num_reg_frames=6)
I20261002 19:58:51.109456 27192 incremental_pipeline.cc:623] => Image sees 43 / 137 points
I20261002 19:58:51.109509 27192 incremental_pipeline.cc:646] => Could not register, trying another image.
I20261002 19:58:51.109556 27192 incremental_pipeline.cc:620] Registering image #73 (num_reg_frames=6)
I20261002 19:58:51.112087 27192 incremental_pipeline.cc:623] => Image sees 41 / 115 points
I20261002 19:58:51.112155 27192 incremental_pipeline.cc:646] => Could not register, trying another image.
I20261002 19:58:51.112233 27192 incremental_pipeline.cc:620] Registering image #83 (num_reg_frames=6)
I20261002 19:58:51.112286 27192 incremental_pipeline.cc:623] => Image sees 40 / 112 points
I20261002 19:58:51.112339 27192 incremental_pipeline.cc:646] => Could not register, trying another image.
I20261002 19:58:51.112383 27192 incremental_pipeline.cc:620] Registering image #100 (num_reg_frames=6)
I20261002 19:58:51.112427 27192 incremental_pipeline.cc:623] => Image sees 40 / 142 points
I20261002 19:58:51.112481 27192 incremental_pipeline.cc:646] => Could not register, trying another image.
I20261002 19:58:51.112524 27192 incremental_pipeline.cc:620] Registering image #80 (num_reg_frames=6)
I20261002 19:58:51.112569 27192 incremental_pipeline.cc:623] => Image sees 40 / 107 points
I20261002 19:58:51.112620 27192 incremental_pipeline.cc:646] => Could not register, trying another image.
I20261002 19:58:51.112663 27192 incremental_pipeline.cc:620] Registering image #78 (num_reg_frames=6)
I20261002 19:58:51.112707 27192 incremental_pipeline.cc:623] => Image sees 38 / 112 points
I20261002 19:58:51.112758 27192 incremental_pipeline.cc:646] => Could not register, trying another image.
I20261002 19:58:51.112801 27192 incremental_pipeline.cc:620] Registering image #51 (num_reg_frames=6)
I20261002 19:58:51.112845 27192 incremental_pipeline.cc:623] => Image sees 36 / 114 points
I20261002 19:58:51.112910 27192 incremental_pipeline.cc:646] => Could not register, trying another image.
I20261002 19:58:51.112955 27192 incremental_pipeline.cc:620] Registering image #58 (num_reg_frames=6)
I20261002 19:58:51.112998 27192 incremental_pipeline.cc:623] => Image sees 36 / 105 points
I20261002 19:58:51.113051 27192 incremental_pipeline.cc:646] => Could not register, trying another image.
I20261002 19:58:51.113095 27192 incremental_pipeline.cc:620] Registering image #53 (num_reg_frames=6)
I20261002 19:58:51.113139 27192 incremental_pipeline.cc:623] => Image sees 35 / 103 points
I20261002 19:58:51.113189 27192 incremental_pipeline.cc:646] => Could not register, trying another image.
I20261002 19:58:51.113233 27192 incremental_pipeline.cc:620] Registering image #79 (num_reg_frames=6)
I20261002 19:58:51.113277 27192 incremental_pipeline.cc:623] => Image sees 38 / 131 points
I20261002 19:58:51.113328 27192 incremental_pipeline.cc:646] => Could not register, trying another image.
I20261002 19:58:51.113373 27192 incremental_pipeline.cc:620] Registering image #37 (num_reg_frames=6)
I20261002 19:58:51.113423 27192 incremental_pipeline.cc:623] => Image sees 34 / 108 points
I20261002 19:58:51.113474 27192 incremental_pipeline.cc:646] => Could not register, trying another image.
I20261002 19:58:51.113519 27192 incremental_pipeline.cc:620] Registering image #72 (num_reg_frames=6)
I20261002 19:58:51.113562 27192 incremental_pipeline.cc:623] => Image sees 36 / 108 points
I20261002 19:58:51.113621 27192 incremental_pipeline.cc:646] => Could not register, trying another image.
I20261002 19:58:51.113665 27192 incremental_pipeline.cc:620] Registering image #64 (num_reg_frames=6)
I20261002 19:58:51.113709 27192 incremental_pipeline.cc:623] => Image sees 36 / 98 points
I20261002 19:58:51.113760 27192 incremental_pipeline.cc:646] => Could not register, trying another image.
I20261002 19:58:51.113803 27192 incremental_pipeline.cc:620] Registering image #71 (num_reg_frames=6)
I20261002 19:58:51.113846 27192 incremental_pipeline.cc:623] => Image sees 36 / 113 points
I20261002 19:58:51.113896 27192 incremental_pipeline.cc:646] => Could not register, trying another image.
I20261002 19:58:51.113946 27192 incremental_pipeline.cc:620] Registering image #50 (num_reg_frames=6)
I20261002 19:58:51.113990 27192 incremental_pipeline.cc:623] => Image sees 36 / 111 points
I20261002 19:58:51.114050 27192 incremental_pipeline.cc:646] => Could not register, trying another image.
I20261002 19:58:51.114094 27192 incremental_pipeline.cc:620] Registering image #69 (num_reg_frames=6)
I20261002 19:58:51.114137 27192 incremental_pipeline.cc:623] => Image sees 36 / 102 points
I20261002 19:58:51.114189 27192 incremental_pipeline.cc:646] => Could not register, trying another image.
I20261002 19:58:51.114233 27192 incremental_pipeline.cc:620] Registering image #49 (num_reg_frames=6)
I20261002 19:58:51.114277 27192 incremental_pipeline.cc:623] => Image sees 35 / 111 points
I20261002 19:58:51.114328 27192 incremental_pipeline.cc:646] => Could not register, trying another image.
I20261002 19:58:51.114370 27192 incremental_pipeline.cc:620] Registering image #75 (num_reg_frames=6)
I20261002 19:58:51.114415 27192 incremental_pipeline.cc:623] => Image sees 34 / 120 points
I20261002 19:58:51.114467 27192 incremental_pipeline.cc:646] => Could not register, trying another image.
I20261002 19:58:51.114521 27192 incremental_pipeline.cc:620] Registering image #88 (num_reg_frames=6)
I20261002 19:58:51.114567 27192 incremental_pipeline.cc:623] => Image sees 66 / 121 points
I20261002 19:58:51.114610 27192 incremental_pipeline.cc:629] Registering image with structure-less fallback
I20261002 19:58:51.114654 27192 incremental_pipeline.cc:631] => Image sees 218 / 700 correspondences
I20261002 19:58:51.114711 27192 incremental_pipeline.cc:646] => Could not register, trying another image.
I20261002 19:58:51.114756 27192 incremental_pipeline.cc:620] Registering image #95 (num_reg_frames=6)
I20261002 19:58:51.114800 27192 incremental_pipeline.cc:623] => Image sees 79 / 136 points
I20261002 19:58:51.114854 27192 incremental_pipeline.cc:629] Registering image with structure-less fallback
I20261002 19:58:51.114897 27192 incremental_pipeline.cc:631] => Image sees 210 / 740 correspondences
I20261002 19:58:51.114954 27192 incremental_pipeline.cc:646] => Could not register, trying another image.
I20261002 19:58:51.114998 27192 incremental_pipeline.cc:620] Registering image #96 (num_reg_frames=6)
I20261002 19:58:51.115042 27192 incremental_pipeline.cc:623] => Image sees 64 / 127 points
I20261002 19:58:51.115085 27192 incremental_pipeline.cc:629] Registering image with structure-less fallback
I20261002 19:58:51.115129 27192 incremental_pipeline.cc:631] => Image sees 151 / 767 correspondences
I20261002 19:58:51.115181 27192 incremental_pipeline.cc:646] => Could not register, trying another image.
I20261002 19:58:51.115225 27192 incremental_pipeline.cc:620] Registering image #86 (num_reg_frames=6)
I20261002 19:58:51.115268 27192 incremental_pipeline.cc:623] => Image sees 66 / 115 points
I20261002 19:58:51.115312 27192 incremental_pipeline.cc:629] Registering image with structure-less fallback
I20261002 19:58:51.115355 27192 incremental_pipeline.cc:631] => Image sees 149 / 655 correspondences
I20261002 19:58:51.115406 27192 incremental_pipeline.cc:646] => Could not register, trying another image.
I20261002 19:58:51.115449 27192 incremental_pipeline.cc:620] Registering image #85 (num_reg_frames=6)
I20261002 19:58:51.115493 27192 incremental_pipeline.cc:623] => Image sees 60 / 124 points
I20261002 19:58:51.115536 27192 incremental_pipeline.cc:629] Registering image with structure-less fallback
I20261002 19:58:51.115579 27192 incremental_pipeline.cc:631] => Image sees 138 / 748 correspondences
I20261002 19:58:51.115630 27192 incremental_pipeline.cc:646] => Could not register, trying another image.
I20261002 19:58:51.115673 27192 incremental_pipeline.cc:620] Registering image #81 (num_reg_frames=6)
I20261002 19:58:51.115716 27192 incremental_pipeline.cc:623] => Image sees 50 / 123 points
I20261002 19:58:51.115759 27192 incremental_pipeline.cc:629] Registering image with structure-less fallback
I20261002 19:58:51.115805 27192 incremental_pipeline.cc:631] => Image sees 135 / 2466 correspondences
I20261002 19:58:51.115863 27192 incremental_pipeline.cc:646] => Could not register, trying another image.
I20261002 19:58:51.115907 27192 incremental_pipeline.cc:620] Registering image #87 (num_reg_frames=6)
I20261002 19:58:51.115953 27192 incremental_pipeline.cc:623] => Image sees 61 / 133 points
I20261002 19:58:51.115996 27192 incremental_pipeline.cc:629] Registering image with structure-less fallback
I20261002 19:58:51.116040 27192 incremental_pipeline.cc:631] => Image sees 115 / 731 correspondences
I20261002 19:58:51.116092 27192 incremental_pipeline.cc:646] => Could not register, trying another image.
I20261002 19:58:51.116135 27192 incremental_pipeline.cc:620] Registering image #84 (num_reg_frames=6)
I20261002 19:58:51.116180 27192 incremental_pipeline.cc:623] => Image sees 52 / 116 points
I20261002 19:58:51.116223 27192 incremental_pipeline.cc:629] Registering image with structure-less fallback
I20261002 19:58:51.116265 27192 incremental_pipeline.cc:631] => Image sees 99 / 682 correspondences
I20261002 19:58:51.116316 27192 incremental_pipeline.cc:646] => Could not register, trying another image.
I20261002 19:58:51.116358 27192 incremental_pipeline.cc:620] Registering image #101 (num_reg_frames=6)
I20261002 19:58:51.116402 27192 incremental_pipeline.cc:623] => Image sees 33 / 194 points
I20261002 19:58:51.116445 27192 incremental_pipeline.cc:629] Registering image with structure-less fallback
I20261002 19:58:51.116487 27192 incremental_pipeline.cc:631] => Image sees 93 / 1671 correspondences
I20261002 19:58:51.116542 27192 incremental_pipeline.cc:646] => Could not register, trying another image.
I20261002 19:58:51.116585 27192 incremental_pipeline.cc:620] Registering image #82 (num_reg_frames=6)
I20261002 19:58:51.116628 27192 incremental_pipeline.cc:623] => Image sees 52 / 113 points
I20261002 19:58:51.116678 27192 incremental_pipeline.cc:629] Registering image with structure-less fallback
I20261002 19:58:51.116721 27192 incremental_pipeline.cc:631] => Image sees 87 / 838 correspondences
I20261002 19:58:51.116772 27192 incremental_pipeline.cc:646] => Could not register, trying another image.
I20261002 19:58:51.116833 27192 incremental_pipeline.cc:620] Registering image #77 (num_reg_frames=6)
I20261002 19:58:51.116888 27192 incremental_pipeline.cc:623] => Image sees 43 / 137 points
I20261002 19:58:51.116937 27192 incremental_pipeline.cc:629] Registering image with structure-less fallback
I20261002 19:58:51.116983 27192 incremental_pipeline.cc:631] => Image sees 83 / 898 correspondences
I20261002 19:58:51.117036 27192 incremental_pipeline.cc:646] => Could not register, trying another image.
I20261002 19:58:51.117079 27192 incremental_pipeline.cc:620] Registering image #98 (num_reg_frames=6)
I20261002 19:58:51.117122 27192 incremental_pipeline.cc:623] => Image sees 47 / 143 points
I20261002 19:58:51.117166 27192 incremental_pipeline.cc:629] Registering image with structure-less fallback
I20261002 19:58:51.117209 27192 incremental_pipeline.cc:631] => Image sees 83 / 688 correspondences
I20261002 19:58:51.117260 27192 incremental_pipeline.cc:646] => Could not register, trying another image.
I20261002 19:58:51.117303 27192 incremental_pipeline.cc:620] Registering image #61 (num_reg_frames=6)
I20261002 19:58:51.117346 27192 incremental_pipeline.cc:623] => Image sees 43 / 113 points
I20261002 19:58:51.117389 27192 incremental_pipeline.cc:629] Registering image with structure-less fallback
I20261002 19:58:51.117432 27192 incremental_pipeline.cc:631] => Image sees 80 / 3480 correspondences
I20261002 19:58:51.117492 27192 incremental_pipeline.cc:646] => Could not register, trying another image.
I20261002 19:58:51.117535 27192 incremental_pipeline.cc:620] Registering image #73 (num_reg_frames=6)
I20261002 19:58:51.117578 27192 incremental_pipeline.cc:623] => Image sees 41 / 115 points
I20261002 19:58:51.117623 27192 incremental_pipeline.cc:629] Registering image with structure-less fallback
I20261002 19:58:51.117669 27192 incremental_pipeline.cc:631] => Image sees 79 / 984 correspondences
I20261002 19:58:51.117720 27192 incremental_pipeline.cc:646] => Could not register, trying another image.
I20261002 19:58:51.117762 27192 incremental_pipeline.cc:620] Registering image #97 (num_reg_frames=6)
I20261002 19:58:51.117826 27192 incremental_pipeline.cc:623] => Image sees 45 / 132 points
I20261002 19:58:51.117950 27192 incremental_pipeline.cc:629] Registering image with structure-less fallback
I20261002 19:58:51.118013 27192 incremental_pipeline.cc:631] => Image sees 78 / 641 correspondences
I20261002 19:58:51.118072 27192 incremental_pipeline.cc:646] => Could not register, trying another image.
I20261002 19:58:51.118121 27192 incremental_pipeline.cc:620] Registering image #58 (num_reg_frames=6)
I20261002 19:58:51.118169 27192 incremental_pipeline.cc:623] => Image sees 36 / 105 points
I20261002 19:58:51.118216 27192 incremental_pipeline.cc:629] Registering image with structure-less fallback
I20261002 19:58:51.118262 27192 incremental_pipeline.cc:631] => Image sees 72 / 1220 correspondences
I20261002 19:58:51.118316 27192 incremental_pipeline.cc:646] => Could not register, trying another image.
I20261002 19:58:51.118363 27192 incremental_pipeline.cc:620] Registering image #78 (num_reg_frames=6)
I20261002 19:58:51.118414 27192 incremental_pipeline.cc:623] => Image sees 38 / 112 points
I20261002 19:58:51.118460 27192 incremental_pipeline.cc:629] Registering image with structure-less fallback
I20261002 19:58:51.118506 27192 incremental_pipeline.cc:631] => Image sees 72 / 773 correspondences
I20261002 19:58:51.118560 27192 incremental_pipeline.cc:646] => Could not register, trying another image.
I20261002 19:58:51.118606 27192 incremental_pipeline.cc:620] Registering image #100 (num_reg_frames=6)
I20261002 19:58:51.118652 27192 incremental_pipeline.cc:623] => Image sees 40 / 142 points
I20261002 19:58:51.118699 27192 incremental_pipeline.cc:629] Registering image with structure-less fallback
I20261002 19:58:51.118755 27192 incremental_pipeline.cc:631] => Image sees 67 / 722 correspondences
I20261002 19:58:51.118810 27192 incremental_pipeline.cc:646] => Could not register, trying another image.
I20261002 19:58:51.118856 27192 incremental_pipeline.cc:620] Registering image #64 (num_reg_frames=6)
I20261002 19:58:51.118902 27192 incremental_pipeline.cc:623] => Image sees 36 / 98 points
I20261002 19:58:51.118949 27192 incremental_pipeline.cc:629] Registering image with structure-less fallback
I20261002 19:58:51.118994 27192 incremental_pipeline.cc:631] => Image sees 63 / 1061 correspondences
I20261002 19:58:51.119049 27192 incremental_pipeline.cc:646] => Could not register, trying another image.
I20261002 19:58:51.119096 27192 incremental_pipeline.cc:620] Registering image #76 (num_reg_frames=6)
I20261002 19:58:51.119142 27192 incremental_pipeline.cc:623] => Image sees 33 / 128 points
I20261002 19:58:51.119188 27192 incremental_pipeline.cc:629] Registering image with structure-less fallback
I20261002 19:58:51.119234 27192 incremental_pipeline.cc:631] => Image sees 59 / 944 correspondences
I20261002 19:58:51.119281 27192 incremental_pipeline.cc:646] => Could not register, trying another image.
I20261002 19:58:51.119326 27192 incremental_pipeline.cc:620] Registering image #26 (num_reg_frames=6)
I20261002 19:58:51.119371 27192 incremental_pipeline.cc:623] => Image sees 31 / 87 points
I20261002 19:58:51.119418 27192 incremental_pipeline.cc:629] Registering image with structure-less fallback
I20261002 19:58:51.119465 27192 incremental_pipeline.cc:631] => Image sees 57 / 759 correspondences
I20261002 19:58:51.119512 27192 incremental_pipeline.cc:646] => Could not register, trying another image.
I20261002 19:58:51.119557 27192 incremental_pipeline.cc:620] Registering image #113 (num_reg_frames=6)
I20261002 19:58:51.119603 27192 incremental_pipeline.cc:623] => Image sees 30 / 229 points
I20261002 19:58:51.119650 27192 incremental_pipeline.cc:629] Registering image with structure-less fallback
I20261002 19:58:51.119698 27192 incremental_pipeline.cc:631] => Image sees 53 / 2266 correspondences
I20261002 19:58:51.119745 27192 incremental_pipeline.cc:646] => Could not register, trying another image.
I20261002 19:58:51.119791 27192 incremental_pipeline.cc:620] Registering image #102 (num_reg_frames=6)
I20261002 19:58:51.119837 27192 incremental_pipeline.cc:623] => Image sees 41 / 193 points
I20261002 19:58:51.119884 27192 incremental_pipeline.cc:629] Registering image with structure-less fallback
I20261002 19:58:51.119930 27192 incremental_pipeline.cc:631] => Image sees 50 / 843 correspondences
I20261002 19:58:51.119976 27192 incremental_pipeline.cc:646] => Could not register, trying another image.
I20261002 19:58:51.120022 27192 incremental_pipeline.cc:620] Registering image #71 (num_reg_frames=6)
I20261002 19:58:51.120068 27192 incremental_pipeline.cc:623] => Image sees 36 / 113 points
I20261002 19:58:51.120114 27192 incremental_pipeline.cc:629] Registering image with structure-less fallback
I20261002 19:58:51.120198 27192 incremental_pipeline.cc:631] => Image sees 43 / 1119 correspondences
I20261002 19:58:51.120251 27192 incremental_pipeline.cc:646] => Could not register, trying another image.
I20261002 19:58:51.120296 27192 incremental_pipeline.cc:620] Registering image #83 (num_reg_frames=6)
I20261002 19:58:51.120343 27192 incremental_pipeline.cc:623] => Image sees 40 / 112 points
I20261002 19:58:51.120388 27192 incremental_pipeline.cc:629] Registering image with structure-less fallback
I20261002 19:58:51.120434 27192 incremental_pipeline.cc:631] => Image sees 42 / 628 correspondences
I20261002 19:58:51.120480 27192 incremental_pipeline.cc:646] => Could not register, trying another image.
I20261002 19:58:51.120526 27192 incremental_pipeline.cc:620] Registering image #51 (num_reg_frames=6)
I20261002 19:58:51.120572 27192 incremental_pipeline.cc:623] => Image sees 36 / 114 points
I20261002 19:58:51.120617 27192 incremental_pipeline.cc:629] Registering image with structure-less fallback
I20261002 19:58:51.120672 27192 incremental_pipeline.cc:631] => Image sees 42 / 1186 correspondences
I20261002 19:58:51.120719 27192 incremental_pipeline.cc:646] => Could not register, trying another image.
I20261002 19:58:51.120764 27192 incremental_pipeline.cc:620] Registering image #50 (num_reg_frames=6)
I20261002 19:58:51.120810 27192 incremental_pipeline.cc:623] => Image sees 36 / 111 points
I20261002 19:58:51.120856 27192 incremental_pipeline.cc:629] Registering image with structure-less fallback
I20261002 19:58:51.120903 27192 incremental_pipeline.cc:631] => Image sees 40 / 3444 correspondences
I20261002 19:58:51.120948 27192 incremental_pipeline.cc:646] => Could not register, trying another image.
I20261002 19:58:51.120994 27192 incremental_pipeline.cc:620] Registering image #80 (num_reg_frames=6)
I20261002 19:58:51.121040 27192 incremental_pipeline.cc:623] => Image sees 40 / 107 points
I20261002 19:58:51.121086 27192 incremental_pipeline.cc:629] Registering image with structure-less fallback
I20261002 19:58:51.121132 27192 incremental_pipeline.cc:631] => Image sees 40 / 655 correspondences
I20261002 19:58:51.121179 27192 incremental_pipeline.cc:646] => Could not register, trying another image.
I20261002 19:58:51.121224 27192 incremental_pipeline.cc:620] Registering image #69 (num_reg_frames=6)
I20261002 19:58:51.121270 27192 incremental_pipeline.cc:623] => Image sees 36 / 102 points
I20261002 19:58:51.121316 27192 incremental_pipeline.cc:629] Registering image with structure-less fallback
I20261002 19:58:51.121362 27192 incremental_pipeline.cc:631] => Image sees 39 / 1069 correspondences
I20261002 19:58:51.121408 27192 incremental_pipeline.cc:646] => Could not register, trying another image.
I20261002 19:58:51.121454 27192 incremental_pipeline.cc:620] Registering image #57 (num_reg_frames=6)
I20261002 19:58:51.121500 27192 incremental_pipeline.cc:623] => Image sees 37 / 114 points
I20261002 19:58:51.121546 27192 incremental_pipeline.cc:629] Registering image with structure-less fallback
I20261002 19:58:51.121594 27192 incremental_pipeline.cc:631] => Image sees 39 / 1053 correspondences
I20261002 19:58:51.121640 27192 incremental_pipeline.cc:646] => Could not register, trying another image.
I20261002 19:58:51.121686 27192 incremental_pipeline.cc:620] Registering image #79 (num_reg_frames=6)
I20261002 19:58:51.121733 27192 incremental_pipeline.cc:623] => Image sees 38 / 131 points
I20261002 19:58:51.121779 27192 incremental_pipeline.cc:629] Registering image with structure-less fallback
I20261002 19:58:51.121826 27192 incremental_pipeline.cc:631] => Image sees 39 / 876 correspondences
I20261002 19:58:51.121872 27192 incremental_pipeline.cc:646] => Could not register, trying another image.
I20261002 19:58:51.121918 27192 incremental_pipeline.cc:88] Retriangulation and Global bundle adjustment
I20261002 19:58:51.123577 27192 incremental_pipeline.cc:620] Registering image #55 (num_reg_frames=6)
I20261002 19:58:51.123676 27192 incremental_pipeline.cc:623] => Image sees 33 / 107 points
I20261002 19:58:51.123744 27192 incremental_pipeline.cc:646] => Could not register, trying another image.
I20261002 19:58:51.123794 27192 incremental_pipeline.cc:620] Registering image #52 (num_reg_frames=6)
I20261002 19:58:51.123843 27192 incremental_pipeline.cc:623] => Image sees 34 / 106 points
I20261002 19:58:51.123929 27192 incremental_pipeline.cc:646] => Could not register, trying another image.
I20261002 19:58:51.123987 27192 incremental_pipeline.cc:620] Registering image #66 (num_reg_frames=6)
I20261002 19:58:51.124035 27192 incremental_pipeline.cc:623] => Image sees 35 / 100 points
I20261002 19:58:51.124090 27192 incremental_pipeline.cc:646] => Could not register, trying another image.
I20261002 19:58:51.124137 27192 incremental_pipeline.cc:620] Registering image #60 (num_reg_frames=6)
I20261002 19:58:51.124184 27192 incremental_pipeline.cc:623] => Image sees 32 / 101 points
I20261002 19:58:51.124238 27192 incremental_pipeline.cc:646] => Could not register, trying another image.
I20261002 19:58:51.124284 27192 incremental_pipeline.cc:620] Registering image #41 (num_reg_frames=6)
I20261002 19:58:51.124340 27192 incremental_pipeline.cc:623] => Image sees 35 / 121 points
I20261002 19:58:51.124395 27192 incremental_pipeline.cc:646] => Could not register, trying another image.
I20261002 19:58:51.124441 27192 incremental_pipeline.cc:620] Registering image #57 (num_reg_frames=6)
I20261002 19:58:51.124488 27192 incremental_pipeline.cc:623] => Image sees 37 / 114 points
I20261002 19:58:51.124542 27192 incremental_pipeline.cc:646] => Could not register, trying another image.
I20261002 19:58:51.124588 27192 incremental_pipeline.cc:620] Registering image #76 (num_reg_frames=6)
I20261002 19:58:51.124635 27192 incremental_pipeline.cc:623] => Image sees 33 / 128 points
I20261002 19:58:51.124688 27192 incremental_pipeline.cc:646] => Could not register, trying another image.
I20261002 19:58:51.124734 27192 incremental_pipeline.cc:620] Registering image #42 (num_reg_frames=6)
I20261002 19:58:51.124781 27192 incremental_pipeline.cc:623] => Image sees 31 / 107 points
I20261002 19:58:51.124834 27192 incremental_pipeline.cc:646] => Could not register, trying another image.
I20261002 19:58:51.124879 27192 incremental_pipeline.cc:620] Registering image #63 (num_reg_frames=6)
I20261002 19:58:51.124925 27192 incremental_pipeline.cc:623] => Image sees 34 / 106 points
I20261002 19:58:51.124979 27192 incremental_pipeline.cc:646] => Could not register, trying another image.
I20261002 19:58:51.125026 27192 incremental_pipeline.cc:620] Registering image #46 (num_reg_frames=6)
I20261002 19:58:51.125072 27192 incremental_pipeline.cc:623] => Image sees 33 / 105 points
I20261002 19:58:51.125127 27192 incremental_pipeline.cc:646] => Could not register, trying another image.
I20261002 19:58:51.125173 27192 incremental_pipeline.cc:620] Registering image #56 (num_reg_frames=6)
I20261002 19:58:51.125220 27192 incremental_pipeline.cc:623] => Image sees 32 / 99 points
I20261002 19:58:51.125277 27192 incremental_pipeline.cc:646] => Could not register, trying another image.
I20261002 19:58:51.125323 27192 incremental_pipeline.cc:620] Registering image #65 (num_reg_frames=6)
I20261002 19:58:51.125369 27192 incremental_pipeline.cc:623] => Image sees 32 / 104 points
I20261002 19:58:51.125424 27192 incremental_pipeline.cc:646] => Could not register, trying another image.
I20261002 19:58:51.125499 27192 incremental_pipeline.cc:620] Registering image #38 (num_reg_frames=6)
I20261002 19:58:51.125566 27192 incremental_pipeline.cc:623] => Image sees 31 / 100 points
I20261002 19:58:51.125619 27192 incremental_pipeline.cc:646] => Could not register, trying another image.
I20261002 19:58:51.125665 27192 incremental_pipeline.cc:620] Registering image #101 (num_reg_frames=6)
I20261002 19:58:51.125712 27192 incremental_pipeline.cc:623] => Image sees 33 / 194 points
I20261002 19:58:51.125771 27192 incremental_pipeline.cc:646] => Could not register, trying another image.
I20261002 19:58:51.125818 27192 incremental_pipeline.cc:620] Registering image #26 (num_reg_frames=6)
I20261002 19:58:51.125864 27192 incremental_pipeline.cc:623] => Image sees 31 / 87 points
I20261002 19:58:51.125916 27192 incremental_pipeline.cc:646] => Could not register, trying another image.
I20261002 19:58:51.125962 27192 incremental_pipeline.cc:620] Registering image #70 (num_reg_frames=6)
I20261002 19:58:51.126010 27192 incremental_pipeline.cc:623] => Image sees 33 / 105 points
I20261002 19:58:51.126065 27192 incremental_pipeline.cc:646] => Could not register, trying another image.
I20261002 19:58:51.126111 27192 incremental_pipeline.cc:620] Registering image #59 (num_reg_frames=6)
I20261002 19:58:51.126157 27192 incremental_pipeline.cc:623] => Image sees 30 / 100 points
I20261002 19:58:51.126209 27192 incremental_pipeline.cc:646] => Could not register, trying another image.
I20261002 19:58:51.126256 27192 incremental_pipeline.cc:620] Registering image #74 (num_reg_frames=6)
I20261002 19:58:51.126302 27192 incremental_pipeline.cc:623] => Image sees 31 / 108 points
I20261002 19:58:51.126354 27192 incremental_pipeline.cc:646] => Could not register, trying another image.
I20261002 19:58:51.126409 27192 incremental_pipeline.cc:620] Registering image #44 (num_reg_frames=6)
I20261002 19:58:51.126457 27192 incremental_pipeline.cc:623] => Image sees 30 / 94 points
I20261002 19:58:51.126510 27192 incremental_pipeline.cc:646] => Could not register, trying another image.
I20261002 19:58:51.126556 27192 incremental_pipeline.cc:620] Registering image #113 (num_reg_frames=6)
I20261002 19:58:51.126603 27192 incremental_pipeline.cc:623] => Image sees 30 / 229 points
I20261002 19:58:51.126665 27192 incremental_pipeline.cc:646] => Could not register, trying another image.
I20261002 19:58:51.126710 27192 incremental_pipeline.cc:620] Registering image #95 (num_reg_frames=6)
I20261002 19:58:51.126755 27192 incremental_pipeline.cc:623] => Image sees 79 / 136 points
I20261002 19:58:51.126812 27192 incremental_pipeline.cc:646] => Could not register, trying another image.
I20261002 19:58:51.126858 27192 incremental_pipeline.cc:620] Registering image #88 (num_reg_frames=6)
I20261002 19:58:51.126905 27192 incremental_pipeline.cc:623] => Image sees 66 / 121 points
I20261002 19:58:51.126960 27192 incremental_pipeline.cc:646] => Could not register, trying another image.
I20261002 19:58:51.127007 27192 incremental_pipeline.cc:620] Registering image #96 (num_reg_frames=6)
I20261002 19:58:51.127053 27192 incremental_pipeline.cc:623] => Image sees 64 / 127 points
I20261002 19:58:51.127108 27192 incremental_pipeline.cc:646] => Could not register, trying another image.
I20261002 19:58:51.127154 27192 incremental_pipeline.cc:620] Registering image #86 (num_reg_frames=6)
I20261002 19:58:51.127201 27192 incremental_pipeline.cc:623] => Image sees 66 / 115 points
I20261002 19:58:51.127255 27192 incremental_pipeline.cc:646] => Could not register, trying another image.
I20261002 19:58:51.127300 27192 incremental_pipeline.cc:620] Registering image #87 (num_reg_frames=6)
I20261002 19:58:51.127350 27192 incremental_pipeline.cc:623] => Image sees 61 / 133 points
I20261002 19:58:51.127404 27192 incremental_pipeline.cc:646] => Could not register, trying another image.
I20261002 19:58:51.127449 27192 incremental_pipeline.cc:620] Registering image #85 (num_reg_frames=6)
I20261002 19:58:51.127495 27192 incremental_pipeline.cc:623] => Image sees 60 / 124 points
I20261002 19:58:51.127549 27192 incremental_pipeline.cc:646] => Could not register, trying another image.
I20261002 19:58:51.127595 27192 incremental_pipeline.cc:620] Registering image #84 (num_reg_frames=6)
I20261002 19:58:51.127641 27192 incremental_pipeline.cc:623] => Image sees 52 / 116 points
I20261002 19:58:51.127694 27192 incremental_pipeline.cc:646] => Could not register, trying another image.
I20261002 19:58:51.127740 27192 incremental_pipeline.cc:620] Registering image #82 (num_reg_frames=6)
I20261002 19:58:51.127786 27192 incremental_pipeline.cc:623] => Image sees 52 / 113 points
I20261002 19:58:51.127839 27192 incremental_pipeline.cc:646] => Could not register, trying another image.
I20261002 19:58:51.127885 27192 incremental_pipeline.cc:620] Registering image #98 (num_reg_frames=6)
I20261002 19:58:51.127930 27192 incremental_pipeline.cc:623] => Image sees 47 / 143 points
I20261002 19:58:51.127986 27192 incremental_pipeline.cc:646] => Could not register, trying another image.
I20261002 19:58:51.128031 27192 incremental_pipeline.cc:620] Registering image #81 (num_reg_frames=6)
I20261002 19:58:51.128078 27192 incremental_pipeline.cc:623] => Image sees 50 / 123 points
I20261002 19:58:51.128139 27192 incremental_pipeline.cc:646] => Could not register, trying another image.
I20261002 19:58:51.128185 27192 incremental_pipeline.cc:620] Registering image #61 (num_reg_frames=6)
I20261002 19:58:51.128232 27192 incremental_pipeline.cc:623] => Image sees 43 / 113 points
I20261002 19:58:51.128295 27192 incremental_pipeline.cc:646] => Could not register, trying another image.
I20261002 19:58:51.128347 27192 incremental_pipeline.cc:620] Registering image #66 (num_reg_frames=6)
I20261002 19:58:51.128394 27192 incremental_pipeline.cc:623] => Image sees 35 / 100 points
I20261002 19:58:51.128449 27192 incremental_pipeline.cc:629] Registering image with structure-less fallback
I20261002 19:58:51.128497 27192 incremental_pipeline.cc:631] => Image sees 39 / 1063 correspondences
I20261002 19:58:51.128544 27192 incremental_pipeline.cc:646] => Could not register, trying another image.
I20261002 19:58:51.128590 27192 incremental_pipeline.cc:620] Registering image #37 (num_reg_frames=6)
I20261002 19:58:51.128636 27192 incremental_pipeline.cc:623] => Image sees 34 / 108 points
I20261002 19:58:51.128683 27192 incremental_pipeline.cc:629] Registering image with structure-less fallback
I20261002 19:58:51.128728 27192 incremental_pipeline.cc:631] => Image sees 39 / 1066 correspondences
I20261002 19:58:51.128774 27192 incremental_pipeline.cc:646] => Could not register, trying another image.
I20261002 19:58:51.128820 27192 incremental_pipeline.cc:620] Registering image #46 (num_reg_frames=6)
I20261002 19:58:51.128866 27192 incremental_pipeline.cc:623] => Image sees 33 / 105 points
I20261002 19:58:51.128911 27192 incremental_pipeline.cc:629] Registering image with structure-less fallback
I20261002 19:58:51.128958 27192 incremental_pipeline.cc:631] => Image sees 38 / 1042 correspondences
I20261002 19:58:51.129004 27192 incremental_pipeline.cc:646] => Could not register, trying another image.
I20261002 19:58:51.129050 27192 incremental_pipeline.cc:620] Registering image #41 (num_reg_frames=6)
I20261002 19:58:51.129096 27192 incremental_pipeline.cc:623] => Image sees 35 / 121 points
I20261002 19:58:51.129142 27192 incremental_pipeline.cc:629] Registering image with structure-less fallback
I20261002 19:58:51.129188 27192 incremental_pipeline.cc:631] => Image sees 38 / 1089 correspondences
I20261002 19:58:51.129236 27192 incremental_pipeline.cc:646] => Could not register, trying another image.
I20261002 19:58:51.129285 27192 incremental_pipeline.cc:620] Registering image #65 (num_reg_frames=6)
I20261002 19:58:51.129331 27192 incremental_pipeline.cc:623] => Image sees 32 / 104 points
I20261002 19:58:51.129377 27192 incremental_pipeline.cc:629] Registering image with structure-less fallback
I20261002 19:58:51.129422 27192 incremental_pipeline.cc:631] => Image sees 38 / 1247 correspondences
I20261002 19:58:51.129470 27192 incremental_pipeline.cc:646] => Could not register, trying another image.
I20261002 19:58:51.129515 27192 incremental_pipeline.cc:620] Registering image #55 (num_reg_frames=6)
I20261002 19:58:51.129563 27192 incremental_pipeline.cc:623] => Image sees 33 / 107 points
I20261002 19:58:51.129609 27192 incremental_pipeline.cc:629] Registering image with structure-less fallback
I20261002 19:58:51.129655 27192 incremental_pipeline.cc:631] => Image sees 38 / 1076 correspondences
I20261002 19:58:51.129701 27192 incremental_pipeline.cc:646] => Could not register, trying another image.
I20261002 19:58:51.129746 27192 incremental_pipeline.cc:620] Registering image #72 (num_reg_frames=6)
I20261002 19:58:51.129792 27192 incremental_pipeline.cc:623] => Image sees 36 / 108 points
I20261002 19:58:51.129839 27192 incremental_pipeline.cc:629] Registering image with structure-less fallback
I20261002 19:58:51.129885 27192 incremental_pipeline.cc:631] => Image sees 38 / 3379 correspondences
I20261002 19:58:51.129932 27192 incremental_pipeline.cc:646] => Could not register, trying another image.
I20261002 19:58:51.129978 27192 incremental_pipeline.cc:620] Registering image #49 (num_reg_frames=6)
I20261002 19:58:51.130024 27192 incremental_pipeline.cc:623] => Image sees 35 / 111 points
I20261002 19:58:51.130071 27192 incremental_pipeline.cc:629] Registering image with structure-less fallback
I20261002 19:58:51.130133 27192 incremental_pipeline.cc:631] => Image sees 37 / 1056 correspondences
I20261002 19:58:51.130217 27192 incremental_pipeline.cc:646] => Could not register, trying another image.
I20261002 19:58:51.130281 27192 incremental_pipeline.cc:620] Registering image #75 (num_reg_frames=6)
I20261002 19:58:51.130337 27192 incremental_pipeline.cc:623] => Image sees 34 / 120 points
I20261002 19:58:51.130393 27192 incremental_pipeline.cc:629] Registering image with structure-less fallback
I20261002 19:58:51.130440 27192 incremental_pipeline.cc:631] => Image sees 37 / 1106 correspondences
I20261002 19:58:51.130487 27192 incremental_pipeline.cc:646] => Could not register, trying another image.
I20261002 19:58:51.130533 27192 incremental_pipeline.cc:620] Registering image #52 (num_reg_frames=6)
I20261002 19:58:51.130578 27192 incremental_pipeline.cc:623] => Image sees 34 / 106 points
I20261002 19:58:51.130621 27192 incremental_pipeline.cc:629] Registering image with structure-less fallback
I20261002 19:58:51.130664 27192 incremental_pipeline.cc:631] => Image sees 36 / 1128 correspondences
I20261002 19:58:51.130708 27192 incremental_pipeline.cc:646] => Could not register, trying another image.
I20261002 19:58:51.130751 27192 incremental_pipeline.cc:620] Registering image #53 (num_reg_frames=6)
I20261002 19:58:51.130794 27192 incremental_pipeline.cc:623] => Image sees 35 / 103 points
I20261002 19:58:51.130837 27192 incremental_pipeline.cc:629] Registering image with structure-less fallback
I20261002 19:58:51.130880 27192 incremental_pipeline.cc:631] => Image sees 36 / 1206 correspondences
I20261002 19:58:51.130924 27192 incremental_pipeline.cc:646] => Could not register, trying another image.
I20261002 19:58:51.130967 27192 incremental_pipeline.cc:620] Registering image #63 (num_reg_frames=6)
I20261002 19:58:51.131010 27192 incremental_pipeline.cc:623] => Image sees 34 / 106 points
I20261002 19:58:51.131053 27192 incremental_pipeline.cc:629] Registering image with structure-less fallback
I20261002 19:58:51.131097 27192 incremental_pipeline.cc:631] => Image sees 35 / 959 correspondences
I20261002 19:58:51.131140 27192 incremental_pipeline.cc:646] => Could not register, trying another image.
I20261002 19:58:51.131186 27192 incremental_pipeline.cc:620] Registering image #70 (num_reg_frames=6)
I20261002 19:58:51.131229 27192 incremental_pipeline.cc:623] => Image sees 33 / 105 points
I20261002 19:58:51.131272 27192 incremental_pipeline.cc:629] Registering image with structure-less fallback
I20261002 19:58:51.131315 27192 incremental_pipeline.cc:631] => Image sees 35 / 1142 correspondences
I20261002 19:58:51.131358 27192 incremental_pipeline.cc:646] => Could not register, trying another image.
I20261002 19:58:51.131401 27192 incremental_pipeline.cc:620] Registering image #42 (num_reg_frames=6)
I20261002 19:58:51.131444 27192 incremental_pipeline.cc:623] => Image sees 31 / 107 points
I20261002 19:58:51.131487 27192 incremental_pipeline.cc:629] Registering image with structure-less fallback
I20261002 19:58:51.131529 27192 incremental_pipeline.cc:631] => Image sees 35 / 1024 correspondences
I20261002 19:58:51.131573 27192 incremental_pipeline.cc:646] => Could not register, trying another image.
I20261002 19:58:51.131617 27192 incremental_pipeline.cc:620] Registering image #56 (num_reg_frames=6)
I20261002 19:58:51.131660 27192 incremental_pipeline.cc:623] => Image sees 32 / 99 points
I20261002 19:58:51.131703 27192 incremental_pipeline.cc:629] Registering image with structure-less fallback
I20261002 19:58:51.131746 27192 incremental_pipeline.cc:631] => Image sees 34 / 1181 correspondences
I20261002 19:58:51.131789 27192 incremental_pipeline.cc:646] => Could not register, trying another image.
I20261002 19:58:51.131833 27192 incremental_pipeline.cc:620] Registering image #74 (num_reg_frames=6)
I20261002 19:58:51.131876 27192 incremental_pipeline.cc:623] => Image sees 31 / 108 points
I20261002 19:58:51.131918 27192 incremental_pipeline.cc:629] Registering image with structure-less fallback
I20261002 19:58:51.131961 27192 incremental_pipeline.cc:631] => Image sees 32 / 829 correspondences
I20261002 19:58:51.132005 27192 incremental_pipeline.cc:646] => Could not register, trying another image.
I20261002 19:58:51.132047 27192 incremental_pipeline.cc:620] Registering image #59 (num_reg_frames=6)
I20261002 19:58:51.132090 27192 incremental_pipeline.cc:623] => Image sees 30 / 100 points
I20261002 19:58:51.132141 27192 incremental_pipeline.cc:629] Registering image with structure-less fallback
I20261002 19:58:51.132184 27192 incremental_pipeline.cc:631] => Image sees 32 / 1002 correspondences
I20261002 19:58:51.132228 27192 incremental_pipeline.cc:646] => Could not register, trying another image.
I20261002 19:58:51.132270 27192 incremental_pipeline.cc:620] Registering image #60 (num_reg_frames=6)
I20261002 19:58:51.132314 27192 incremental_pipeline.cc:623] => Image sees 32 / 101 points
I20261002 19:58:51.132357 27192 incremental_pipeline.cc:629] Registering image with structure-less fallback
I20261002 19:58:51.132400 27192 incremental_pipeline.cc:631] => Image sees 32 / 978 correspondences
I20261002 19:58:51.132444 27192 incremental_pipeline.cc:646] => Could not register, trying another image.
I20261002 19:58:51.132486 27192 incremental_pipeline.cc:620] Registering image #38 (num_reg_frames=6)
I20261002 19:58:51.132529 27192 incremental_pipeline.cc:623] => Image sees 31 / 100 points
I20261002 19:58:51.132680 27192 incremental_pipeline.cc:629] Registering image with structure-less fallback
I20261002 19:58:51.132768 27192 incremental_pipeline.cc:631] => Image sees 31 / 730 correspondences
I20261002 19:58:51.132819 27192 incremental_pipeline.cc:646] => Could not register, trying another image.
I20261002 19:58:51.132869 27192 incremental_pipeline.cc:620] Registering image #44 (num_reg_frames=6)
I20261002 19:58:51.132914 27192 incremental_pipeline.cc:623] => Image sees 30 / 94 points
I20261002 19:58:51.132960 27192 incremental_pipeline.cc:629] Registering image with structure-less fallback
I20261002 19:58:51.133005 27192 incremental_pipeline.cc:631] => Image sees 31 / 856 correspondences
I20261002 19:58:51.133051 27192 incremental_pipeline.cc:646] => Could not register, trying another image.
I20261002 19:58:51.133100 27192 incremental_pipeline.cc:620] Registering image #88 (num_reg_frames=6)
I20261002 19:58:51.133147 27192 incremental_pipeline.cc:623] => Image sees 66 / 121 points
I20261002 19:58:51.133194 27192 incremental_pipeline.cc:629] Registering image with structure-less fallback
I20261002 19:58:51.133239 27192 incremental_pipeline.cc:631] => Image sees 218 / 700 correspondences
I20261002 19:58:51.133295 27192 incremental_pipeline.cc:646] => Could not register, trying another image.
I20261002 19:58:51.133342 27192 incremental_pipeline.cc:620] Registering image #95 (num_reg_frames=6)
I20261002 19:58:51.133388 27192 incremental_pipeline.cc:623] => Image sees 79 / 136 points
I20261002 19:58:51.133434 27192 incremental_pipeline.cc:629] Registering image with structure-less fallback
I20261002 19:58:51.133480 27192 incremental_pipeline.cc:631] => Image sees 210 / 740 correspondences
I20261002 19:58:51.133536 27192 incremental_pipeline.cc:646] => Could not register, trying another image.
I20261002 19:58:51.133582 27192 incremental_pipeline.cc:620] Registering image #96 (num_reg_frames=6)
I20261002 19:58:51.133629 27192 incremental_pipeline.cc:623] => Image sees 64 / 127 points
I20261002 19:58:51.133675 27192 incremental_pipeline.cc:629] Registering image with structure-less fallback
I20261002 19:58:51.133720 27192 incremental_pipeline.cc:631] => Image sees 151 / 767 correspondences
I20261002 19:58:51.133774 27192 incremental_pipeline.cc:646] => Could not register, trying another image.
I20261002 19:58:51.133820 27192 incremental_pipeline.cc:620] Registering image #86 (num_reg_frames=6)
I20261002 19:58:51.133867 27192 incremental_pipeline.cc:623] => Image sees 66 / 115 points
I20261002 19:58:51.133914 27192 incremental_pipeline.cc:629] Registering image with structure-less fallback
I20261002 19:58:51.133961 27192 incremental_pipeline.cc:631] => Image sees 149 / 655 correspondences
I20261002 19:58:51.134014 27192 incremental_pipeline.cc:646] => Could not register, trying another image.
I20261002 19:58:51.134061 27192 incremental_pipeline.cc:620] Registering image #85 (num_reg_frames=6)
I20261002 19:58:51.134107 27192 incremental_pipeline.cc:623] => Image sees 60 / 124 points
I20261002 19:58:51.134154 27192 incremental_pipeline.cc:629] Registering image with structure-less fallback
I20261002 19:58:51.134210 27192 incremental_pipeline.cc:631] => Image sees 138 / 748 correspondences
I20261002 19:58:51.134264 27192 incremental_pipeline.cc:646] => Could not register, trying another image.
I20261002 19:58:51.134311 27192 incremental_pipeline.cc:620] Registering image #81 (num_reg_frames=6)
I20261002 19:58:51.134357 27192 incremental_pipeline.cc:623] => Image sees 50 / 123 points
I20261002 19:58:51.134404 27192 incremental_pipeline.cc:629] Registering image with structure-less fallback
I20261002 19:58:51.134451 27192 incremental_pipeline.cc:631] => Image sees 135 / 2466 correspondences
I20261002 19:58:51.134509 27192 incremental_pipeline.cc:646] => Could not register, trying another image.
I20261002 19:58:51.134556 27192 incremental_pipeline.cc:620] Registering image #87 (num_reg_frames=6)
I20261002 19:58:51.134601 27192 incremental_pipeline.cc:623] => Image sees 61 / 133 points
I20261002 19:58:51.134647 27192 incremental_pipeline.cc:629] Registering image with structure-less fallback
I20261002 19:58:51.134694 27192 incremental_pipeline.cc:631] => Image sees 115 / 731 correspondences
I20261002 19:58:51.134747 27192 incremental_pipeline.cc:646] => Could not register, trying another image.
I20261002 19:58:51.134793 27192 incremental_pipeline.cc:620] Registering image #84 (num_reg_frames=6)
I20261002 19:58:51.134839 27192 incremental_pipeline.cc:623] => Image sees 52 / 116 points
I20261002 19:58:51.134886 27192 incremental_pipeline.cc:629] Registering image with structure-less fallback
I20261002 19:58:51.134932 27192 incremental_pipeline.cc:631] => Image sees 99 / 682 correspondences
I20261002 19:58:51.134985 27192 incremental_pipeline.cc:646] => Could not register, trying another image.
I20261002 19:58:51.135034 27192 incremental_pipeline.cc:620] Registering image #101 (num_reg_frames=6)
I20261002 19:58:51.135081 27192 incremental_pipeline.cc:623] => Image sees 33 / 194 points
I20261002 19:58:51.135127 27192 incremental_pipeline.cc:629] Registering image with structure-less fallback
I20261002 19:58:51.135173 27192 incremental_pipeline.cc:631] => Image sees 93 / 1671 correspondences
I20261002 19:58:51.135231 27192 incremental_pipeline.cc:646] => Could not register, trying another image.
I20261002 19:58:51.135280 27192 incremental_pipeline.cc:620] Registering image #82 (num_reg_frames=6)
I20261002 19:58:51.135327 27192 incremental_pipeline.cc:623] => Image sees 52 / 113 points
I20261002 19:58:51.135373 27192 incremental_pipeline.cc:629] Registering image with structure-less fallback
I20261002 19:58:51.135419 27192 incremental_pipeline.cc:631] => Image sees 87 / 838 correspondences
I20261002 19:58:51.135472 27192 incremental_pipeline.cc:646] => Could not register, trying another image.
I20261002 19:58:51.135518 27192 incremental_pipeline.cc:620] Registering image #77 (num_reg_frames=6)
I20261002 19:58:51.135565 27192 incremental_pipeline.cc:623] => Image sees 43 / 137 points
I20261002 19:58:51.135612 27192 incremental_pipeline.cc:629] Registering image with structure-less fallback
I20261002 19:58:51.135658 27192 incremental_pipeline.cc:631] => Image sees 83 / 898 correspondences
I20261002 19:58:51.135711 27192 incremental_pipeline.cc:646] => Could not register, trying another image.
I20261002 19:58:51.135776 27192 incremental_pipeline.cc:826] Keeping successful reconstruction
I20261002 19:58:51.137501 27192 incremental_pipeline.cc:465] Finding good initial image pair
I20261002 19:58:51.146380 27192 incremental_pipeline.cc:492] Registering initial image pair #30 and #53
I20261002 19:58:51.147086 27192 incremental_pipeline.cc:510] Global bundle adjustment
I20261002 19:58:51.154023 27192 incremental_pipeline.cc:620] Registering image #72 (num_reg_frames=2)
I20261002 19:58:51.154150 27192 incremental_pipeline.cc:623] => Image sees 56 / 108 points
I20261002 19:58:51.156840 27192 incremental_pipeline.cc:88] Retriangulation and Global bundle adjustment
I20261002 19:58:51.165648 27192 incremental_pipeline.cc:620] Registering image #33 (num_reg_frames=3)
I20261002 19:58:51.165777 27192 incremental_pipeline.cc:623] => Image sees 63 / 102 points
I20261002 19:58:51.175463 27192 incremental_pipeline.cc:620] Registering image #52 (num_reg_frames=4)
I20261002 19:58:51.175635 27192 incremental_pipeline.cc:623] => Image sees 62 / 106 points
I20261002 19:58:51.180203 27192 incremental_pipeline.cc:88] Retriangulation and Global bundle adjustment
I20261002 19:58:51.196129 27192 incremental_pipeline.cc:620] Registering image #50 (num_reg_frames=5)
I20261002 19:58:51.196257 27192 incremental_pipeline.cc:623] => Image sees 64 / 111 points
I20261002 19:58:51.201248 27192 incremental_pipeline.cc:620] Registering image #55 (num_reg_frames=6)
I20261002 19:58:51.201381 27192 incremental_pipeline.cc:623] => Image sees 72 / 107 points
I20261002 19:58:51.205163 27192 incremental_pipeline.cc:88] Retriangulation and Global bundle adjustment
I20261002 19:58:51.230678 27192 incremental_pipeline.cc:620] Registering image #57 (num_reg_frames=7)
I20261002 19:58:51.230811 27192 incremental_pipeline.cc:623] => Image sees 70 / 114 points
I20261002 19:58:51.236024 27192 incremental_pipeline.cc:620] Registering image #54 (num_reg_frames=8)
I20261002 19:58:51.236145 27192 incremental_pipeline.cc:623] => Image sees 67 / 107 points
I20261002 19:58:51.241731 27192 incremental_pipeline.cc:620] Registering image #58 (num_reg_frames=9)
I20261002 19:58:51.241840 27192 incremental_pipeline.cc:623] => Image sees 70 / 105 points
I20261002 19:58:51.246473 27192 incremental_pipeline.cc:88] Retriangulation and Global bundle adjustment
I20261002 19:58:51.320880 27192 incremental_pipeline.cc:620] Registering image #46 (num_reg_frames=10)
I20261002 19:58:51.321090 27192 incremental_pipeline.cc:623] => Image sees 67 / 105 points
I20261002 19:58:51.328321 27192 incremental_pipeline.cc:620] Registering image #49 (num_reg_frames=11)
I20261002 19:58:51.328426 27192 incremental_pipeline.cc:623] => Image sees 65 / 111 points
I20261002 19:58:51.335236 27192 incremental_pipeline.cc:620] Registering image #31 (num_reg_frames=12)
I20261002 19:58:51.335420 27192 incremental_pipeline.cc:623] => Image sees 71 / 106 points
I20261002 19:58:51.342055 27192 incremental_pipeline.cc:620] Registering image #73 (num_reg_frames=13)
I20261002 19:58:51.342223 27192 incremental_pipeline.cc:623] => Image sees 76 / 115 points
I20261002 19:58:51.346755 27192 incremental_pipeline.cc:88] Retriangulation and Global bundle adjustment
I20261002 19:58:51.513017 27192 incremental_pipeline.cc:620] Registering image #61 (num_reg_frames=14)
I20261002 19:58:51.513238 27192 incremental_pipeline.cc:623] => Image sees 46 / 113 points
I20261002 19:58:51.527511 27192 incremental_pipeline.cc:88] Retriangulation and Global bundle adjustment
W20261002 19:58:51.615408 27192 bundle_adjustment_ceres.cc:391] Failed to fix Gauge with two cameras. Falling back to fixing Gauge with three points.
W20261002 19:58:51.615663 27192 bundle_adjustment_ceres.cc:298] Failed to fix Gauge due to insufficient number of fixed points: 0
I20261002 19:58:51.616916 27192 incremental_pipeline.cc:88] Retriangulation and Global bundle adjustment
W20261002 19:58:51.627661 27192 bundle_adjustment_ceres.cc:391] Failed to fix Gauge with two cameras. Falling back to fixing Gauge with three points.
W20261002 19:58:51.627766 27192 bundle_adjustment_ceres.cc:298] Failed to fix Gauge due to insufficient number of fixed points: 0
I20261002 19:58:51.627842 27192 incremental_pipeline.cc:826] Keeping successful reconstruction
I20261002 19:58:51.629404 27192 incremental_pipeline.cc:465] Finding good initial image pair
I20261002 19:58:51.636959 27192 incremental_pipeline.cc:492] Registering initial image pair #130 and #135
I20261002 19:58:51.637695 27192 incremental_pipeline.cc:510] Global bundle adjustment
I20261002 19:58:51.646377 27192 incremental_pipeline.cc:620] Registering image #131 (num_reg_frames=2)
I20261002 19:58:51.646481 27192 incremental_pipeline.cc:623] => Image sees 79 / 173 points
I20261002 19:58:51.648331 27192 incremental_pipeline.cc:88] Retriangulation and Global bundle adjustment
I20261002 19:58:51.661905 27192 incremental_pipeline.cc:620] Registering image #133 (num_reg_frames=3)
I20261002 19:58:51.662000 27192 incremental_pipeline.cc:623] => Image sees 41 / 172 points
I20261002 19:58:51.678488 27192 incremental_pipeline.cc:88] Retriangulation and Global bundle adjustment
I20261002 19:58:51.691662 27192 incremental_pipeline.cc:620] Registering image #132 (num_reg_frames=4)
I20261002 19:58:51.691767 27192 incremental_pipeline.cc:623] => Image sees 42 / 186 points
I20261002 19:58:51.711609 27192 incremental_pipeline.cc:88] Retriangulation and Global bundle adjustment
I20261002 19:58:51.744212 27192 incremental_pipeline.cc:620] Registering image #126 (num_reg_frames=5)
I20261002 19:58:51.744351 27192 incremental_pipeline.cc:623] => Image sees 40 / 164 points
I20261002 19:58:51.776173 27192 incremental_pipeline.cc:88] Retriangulation and Global bundle adjustment
I20261002 19:58:51.855330 27192 incremental_pipeline.cc:620] Registering image #134 (num_reg_frames=6)
I20261002 19:58:51.855507 27192 incremental_pipeline.cc:623] => Image sees 43 / 161 points
I20261002 19:58:51.862626 27192 incremental_pipeline.cc:88] Retriangulation and Global bundle adjustment
I20261002 19:58:51.928258 27192 incremental_pipeline.cc:620] Registering image #140 (num_reg_frames=7)
I20261002 19:58:51.928419 27192 incremental_pipeline.cc:623] => Image sees 46 / 152 points
I20261002 19:58:51.928535 27192 incremental_pipeline.cc:646] => Could not register, trying another image.
I20261002 19:58:51.928609 27192 incremental_pipeline.cc:620] Registering image #127 (num_reg_frames=7)
I20261002 19:58:51.928683 27192 incremental_pipeline.cc:623] => Image sees 45 / 169 points
I20261002 19:58:51.928799 27192 incremental_pipeline.cc:646] => Could not register, trying another image.
I20261002 19:58:51.928861 27192 incremental_pipeline.cc:620] Registering image #138 (num_reg_frames=7)
I20261002 19:58:51.928929 27192 incremental_pipeline.cc:623] => Image sees 45 / 181 points
I20261002 19:58:51.929025 27192 incremental_pipeline.cc:646] => Could not register, trying another image.
I20261002 19:58:51.929128 27192 incremental_pipeline.cc:620] Registering image #125 (num_reg_frames=7)
I20261002 19:58:51.929207 27192 incremental_pipeline.cc:623] => Image sees 42 / 147 points
I20261002 19:58:51.929277 27192 incremental_pipeline.cc:646] => Could not register, trying another image.
I20261002 19:58:51.929375 27192 incremental_pipeline.cc:620] Registering image #129 (num_reg_frames=7)
I20261002 19:58:51.929427 27192 incremental_pipeline.cc:623] => Image sees 50 / 152 points
I20261002 19:58:51.929489 27192 incremental_pipeline.cc:646] => Could not register, trying another image.
I20261002 19:58:51.929535 27192 incremental_pipeline.cc:620] Registering image #137 (num_reg_frames=7)
I20261002 19:58:51.929582 27192 incremental_pipeline.cc:623] => Image sees 41 / 160 points
I20261002 19:58:51.929641 27192 incremental_pipeline.cc:646] => Could not register, trying another image.
I20261002 19:58:51.929687 27192 incremental_pipeline.cc:620] Registering image #142 (num_reg_frames=7)
I20261002 19:58:51.929736 27192 incremental_pipeline.cc:623] => Image sees 41 / 159 points
I20261002 19:58:51.929799 27192 incremental_pipeline.cc:646] => Could not register, trying another image.
I20261002 19:58:51.929845 27192 incremental_pipeline.cc:620] Registering image #141 (num_reg_frames=7)
I20261002 19:58:51.929892 27192 incremental_pipeline.cc:623] => Image sees 40 / 155 points
I20261002 19:58:51.929950 27192 incremental_pipeline.cc:646] => Could not register, trying another image.
I20261002 19:58:51.929996 27192 incremental_pipeline.cc:620] Registering image #136 (num_reg_frames=7)
I20261002 19:58:51.930043 27192 incremental_pipeline.cc:623] => Image sees 38 / 159 points
I20261002 19:58:51.930101 27192 incremental_pipeline.cc:646] => Could not register, trying another image.
I20261002 19:58:51.930147 27192 incremental_pipeline.cc:620] Registering image #143 (num_reg_frames=7)
I20261002 19:58:51.930193 27192 incremental_pipeline.cc:623] => Image sees 34 / 142 points
I20261002 19:58:51.930250 27192 incremental_pipeline.cc:646] => Could not register, trying another image.
I20261002 19:58:51.930347 27192 incremental_pipeline.cc:620] Registering image #144 (num_reg_frames=7)
I20261002 19:58:51.930434 27192 incremental_pipeline.cc:623] => Image sees 33 / 135 points
I20261002 19:58:51.930659 27192 incremental_pipeline.cc:646] => Could not register, trying another image.
I20261002 19:58:51.930895 27192 incremental_pipeline.cc:620] Registering image #139 (num_reg_frames=7)
I20261002 19:58:51.930957 27192 incremental_pipeline.cc:623] => Image sees 32 / 133 points
I20261002 19:58:51.931026 27192 incremental_pipeline.cc:646] => Could not register, trying another image.
I20261002 19:58:51.931079 27192 incremental_pipeline.cc:620] Registering image #148 (num_reg_frames=7)
I20261002 19:58:51.931128 27192 incremental_pipeline.cc:623] => Image sees 33 / 141 points
I20261002 19:58:51.931195 27192 incremental_pipeline.cc:646] => Could not register, trying another image.
I20261002 19:58:51.931260 27192 incremental_pipeline.cc:620] Registering image #145 (num_reg_frames=7)
I20261002 19:58:51.931370 27192 incremental_pipeline.cc:623] => Image sees 30 / 153 points
I20261002 19:58:51.931475 27192 incremental_pipeline.cc:646] => Could not register, trying another image.
I20261002 19:58:51.931544 27192 incremental_pipeline.cc:620] Registering image #140 (num_reg_frames=7)
I20261002 19:58:51.931608 27192 incremental_pipeline.cc:623] => Image sees 46 / 152 points
I20261002 19:58:51.931666 27192 incremental_pipeline.cc:629] Registering image with structure-less fallback
I20261002 19:58:51.931720 27192 incremental_pipeline.cc:631] => Image sees 533 / 2403 correspondences
I20261002 19:58:51.931798 27192 incremental_pipeline.cc:646] => Could not register, trying another image.
I20261002 19:58:51.931929 27192 incremental_pipeline.cc:620] Registering image #138 (num_reg_frames=7)
I20261002 19:58:51.932209 27192 incremental_pipeline.cc:623] => Image sees 45 / 181 points
I20261002 19:58:51.932294 27192 incremental_pipeline.cc:629] Registering image with structure-less fallback
I20261002 19:58:51.932352 27192 incremental_pipeline.cc:631] => Image sees 462 / 1175 correspondences
I20261002 19:58:51.932428 27192 incremental_pipeline.cc:646] => Could not register, trying another image.
I20261002 19:58:51.932482 27192 incremental_pipeline.cc:620] Registering image #129 (num_reg_frames=7)
I20261002 19:58:51.932535 27192 incremental_pipeline.cc:623] => Image sees 50 / 152 points
I20261002 19:58:51.932621 27192 incremental_pipeline.cc:629] Registering image with structure-less fallback
I20261002 19:58:51.932688 27192 incremental_pipeline.cc:631] => Image sees 433 / 958 correspondences
I20261002 19:58:51.932757 27192 incremental_pipeline.cc:646] => Could not register, trying another image.
I20261002 19:58:51.932823 27192 incremental_pipeline.cc:620] Registering image #148 (num_reg_frames=7)
I20261002 19:58:51.932897 27192 incremental_pipeline.cc:623] => Image sees 33 / 141 points
I20261002 19:58:51.932957 27192 incremental_pipeline.cc:629] Registering image with structure-less fallback
I20261002 19:58:51.933006 27192 incremental_pipeline.cc:631] => Image sees 323 / 2376 correspondences
I20261002 19:58:51.933071 27192 incremental_pipeline.cc:646] => Could not register, trying another image.
I20261002 19:58:51.933119 27192 incremental_pipeline.cc:620] Registering image #127 (num_reg_frames=7)
I20261002 19:58:51.933166 27192 incremental_pipeline.cc:623] => Image sees 45 / 169 points
I20261002 19:58:51.933211 27192 incremental_pipeline.cc:629] Registering image with structure-less fallback
I20261002 19:58:51.933258 27192 incremental_pipeline.cc:631] => Image sees 289 / 964 correspondences
I20261002 19:58:51.933319 27192 incremental_pipeline.cc:646] => Could not register, trying another image.
I20261002 19:58:51.933365 27192 incremental_pipeline.cc:620] Registering image #137 (num_reg_frames=7)
I20261002 19:58:51.933410 27192 incremental_pipeline.cc:623] => Image sees 41 / 160 points
I20261002 19:58:51.933455 27192 incremental_pipeline.cc:629] Registering image with structure-less fallback
I20261002 19:58:51.933545 27192 incremental_pipeline.cc:631] => Image sees 252 / 930 correspondences
I20261002 19:58:51.933604 27192 incremental_pipeline.cc:646] => Could not register, trying another image.
I20261002 19:58:51.933650 27192 incremental_pipeline.cc:620] Registering image #125 (num_reg_frames=7)
I20261002 19:58:51.933718 27192 incremental_pipeline.cc:623] => Image sees 42 / 147 points
I20261002 19:58:51.933783 27192 incremental_pipeline.cc:629] Registering image with structure-less fallback
I20261002 19:58:51.933841 27192 incremental_pipeline.cc:631] => Image sees 249 / 815 correspondences
I20261002 19:58:51.933914 27192 incremental_pipeline.cc:646] => Could not register, trying another image.
I20261002 19:58:51.933973 27192 incremental_pipeline.cc:620] Registering image #136 (num_reg_frames=7)
I20261002 19:58:51.934053 27192 incremental_pipeline.cc:623] => Image sees 38 / 159 points
I20261002 19:58:51.934120 27192 incremental_pipeline.cc:629] Registering image with structure-less fallback
I20261002 19:58:51.934171 27192 incremental_pipeline.cc:631] => Image sees 238 / 977 correspondences
I20261002 19:58:51.934231 27192 incremental_pipeline.cc:646] => Could not register, trying another image.
I20261002 19:58:51.934278 27192 incremental_pipeline.cc:620] Registering image #142 (num_reg_frames=7)
I20261002 19:58:51.934324 27192 incremental_pipeline.cc:623] => Image sees 41 / 159 points
I20261002 19:58:51.934428 27192 incremental_pipeline.cc:629] Registering image with structure-less fallback
I20261002 19:58:51.934562 27192 incremental_pipeline.cc:631] => Image sees 166 / 925 correspondences
I20261002 19:58:51.934676 27192 incremental_pipeline.cc:646] => Could not register, trying another image.
I20261002 19:58:51.934775 27192 incremental_pipeline.cc:620] Registering image #141 (num_reg_frames=7)
I20261002 19:58:51.934855 27192 incremental_pipeline.cc:623] => Image sees 40 / 155 points
I20261002 19:58:51.934913 27192 incremental_pipeline.cc:629] Registering image with structure-less fallback
I20261002 19:58:51.934964 27192 incremental_pipeline.cc:631] => Image sees 164 / 888 correspondences
I20261002 19:58:51.935024 27192 incremental_pipeline.cc:646] => Could not register, trying another image.
I20261002 19:58:51.935073 27192 incremental_pipeline.cc:620] Registering image #144 (num_reg_frames=7)
I20261002 19:58:51.935121 27192 incremental_pipeline.cc:623] => Image sees 33 / 135 points
I20261002 19:58:51.935168 27192 incremental_pipeline.cc:629] Registering image with structure-less fallback
I20261002 19:58:51.935216 27192 incremental_pipeline.cc:631] => Image sees 142 / 812 correspondences
I20261002 19:58:51.935273 27192 incremental_pipeline.cc:646] => Could not register, trying another image.
I20261002 19:58:51.935322 27192 incremental_pipeline.cc:620] Registering image #143 (num_reg_frames=7)
I20261002 19:58:51.935369 27192 incremental_pipeline.cc:623] => Image sees 34 / 142 points
I20261002 19:58:51.935415 27192 incremental_pipeline.cc:629] Registering image with structure-less fallback
I20261002 19:58:51.935463 27192 incremental_pipeline.cc:631] => Image sees 136 / 1064 correspondences
I20261002 19:58:51.935519 27192 incremental_pipeline.cc:646] => Could not register, trying another image.
I20261002 19:58:51.935569 27192 incremental_pipeline.cc:620] Registering image #139 (num_reg_frames=7)
I20261002 19:58:51.935615 27192 incremental_pipeline.cc:623] => Image sees 32 / 133 points
I20261002 19:58:51.935661 27192 incremental_pipeline.cc:629] Registering image with structure-less fallback
I20261002 19:58:51.935707 27192 incremental_pipeline.cc:631] => Image sees 134 / 862 correspondences
I20261002 19:58:51.935762 27192 incremental_pipeline.cc:646] => Could not register, trying another image.
I20261002 19:58:51.935808 27192 incremental_pipeline.cc:620] Registering image #145 (num_reg_frames=7)
I20261002 19:58:51.935854 27192 incremental_pipeline.cc:623] => Image sees 30 / 153 points
I20261002 19:58:51.935900 27192 incremental_pipeline.cc:629] Registering image with structure-less fallback
I20261002 19:58:51.935959 27192 incremental_pipeline.cc:631] => Image sees 125 / 1091 correspondences
I20261002 19:58:51.936016 27192 incremental_pipeline.cc:646] => Could not register, trying another image.
I20261002 19:58:51.936062 27192 incremental_pipeline.cc:88] Retriangulation and Global bundle adjustment
I20261002 19:58:51.936968 27192 incremental_pipeline.cc:620] Registering image #140 (num_reg_frames=7)
I20261002 19:58:51.937091 27192 incremental_pipeline.cc:623] => Image sees 46 / 152 points
I20261002 19:58:51.937188 27192 incremental_pipeline.cc:646] => Could not register, trying another image.
I20261002 19:58:51.937260 27192 incremental_pipeline.cc:620] Registering image #127 (num_reg_frames=7)
I20261002 19:58:51.937348 27192 incremental_pipeline.cc:623] => Image sees 45 / 169 points
I20261002 19:58:51.937497 27192 incremental_pipeline.cc:646] => Could not register, trying another image.
I20261002 19:58:51.937598 27192 incremental_pipeline.cc:620] Registering image #138 (num_reg_frames=7)
I20261002 19:58:51.937719 27192 incremental_pipeline.cc:623] => Image sees 45 / 181 points
I20261002 19:58:51.937841 27192 incremental_pipeline.cc:646] => Could not register, trying another image.
I20261002 19:58:51.937913 27192 incremental_pipeline.cc:620] Registering image #125 (num_reg_frames=7)
I20261002 19:58:51.937973 27192 incremental_pipeline.cc:623] => Image sees 42 / 147 points
I20261002 19:58:51.938087 27192 incremental_pipeline.cc:646] => Could not register, trying another image.
I20261002 19:58:51.938160 27192 incremental_pipeline.cc:620] Registering image #129 (num_reg_frames=7)
I20261002 19:58:51.938215 27192 incremental_pipeline.cc:623] => Image sees 50 / 152 points
I20261002 19:58:51.938277 27192 incremental_pipeline.cc:646] => Could not register, trying another image.
I20261002 19:58:51.938323 27192 incremental_pipeline.cc:620] Registering image #137 (num_reg_frames=7)
I20261002 19:58:51.938368 27192 incremental_pipeline.cc:623] => Image sees 41 / 160 points
I20261002 19:58:51.938424 27192 incremental_pipeline.cc:646] => Could not register, trying another image.
I20261002 19:58:51.938478 27192 incremental_pipeline.cc:620] Registering image #142 (num_reg_frames=7)
I20261002 19:58:51.938522 27192 incremental_pipeline.cc:623] => Image sees 41 / 159 points
I20261002 19:58:51.938609 27192 incremental_pipeline.cc:646] => Could not register, trying another image.
I20261002 19:58:51.938769 27192 incremental_pipeline.cc:620] Registering image #141 (num_reg_frames=7)
I20261002 19:58:51.939016 27192 incremental_pipeline.cc:623] => Image sees 40 / 155 points
I20261002 19:58:51.939100 27192 incremental_pipeline.cc:646] => Could not register, trying another image.
I20261002 19:58:51.939154 27192 incremental_pipeline.cc:620] Registering image #136 (num_reg_frames=7)
I20261002 19:58:51.939205 27192 incremental_pipeline.cc:623] => Image sees 38 / 159 points
I20261002 19:58:51.939263 27192 incremental_pipeline.cc:646] => Could not register, trying another image.
I20261002 19:58:51.939307 27192 incremental_pipeline.cc:620] Registering image #143 (num_reg_frames=7)
I20261002 19:58:51.939351 27192 incremental_pipeline.cc:623] => Image sees 34 / 142 points
I20261002 19:58:51.939407 27192 incremental_pipeline.cc:646] => Could not register, trying another image.
I20261002 19:58:51.939484 27192 incremental_pipeline.cc:620] Registering image #144 (num_reg_frames=7)
I20261002 19:58:51.939605 27192 incremental_pipeline.cc:623] => Image sees 33 / 135 points
I20261002 19:58:51.939721 27192 incremental_pipeline.cc:646] => Could not register, trying another image.
I20261002 19:58:51.939840 27192 incremental_pipeline.cc:620] Registering image #139 (num_reg_frames=7)
I20261002 19:58:51.939916 27192 incremental_pipeline.cc:623] => Image sees 32 / 133 points
I20261002 19:58:51.939980 27192 incremental_pipeline.cc:646] => Could not register, trying another image.
I20261002 19:58:51.940030 27192 incremental_pipeline.cc:620] Registering image #148 (num_reg_frames=7)
I20261002 19:58:51.940074 27192 incremental_pipeline.cc:623] => Image sees 33 / 141 points
I20261002 19:58:51.940150 27192 incremental_pipeline.cc:646] => Could not register, trying another image.
I20261002 19:58:51.940195 27192 incremental_pipeline.cc:620] Registering image #145 (num_reg_frames=7)
I20261002 19:58:51.940269 27192 incremental_pipeline.cc:623] => Image sees 30 / 153 points
I20261002 19:58:51.940361 27192 incremental_pipeline.cc:646] => Could not register, trying another image.
I20261002 19:58:51.940459 27192 incremental_pipeline.cc:620] Registering image #140 (num_reg_frames=7)
I20261002 19:58:51.940559 27192 incremental_pipeline.cc:623] => Image sees 46 / 152 points
I20261002 19:58:51.940648 27192 incremental_pipeline.cc:629] Registering image with structure-less fallback
I20261002 19:58:51.940716 27192 incremental_pipeline.cc:631] => Image sees 533 / 2403 correspondences
I20261002 19:58:51.940788 27192 incremental_pipeline.cc:646] => Could not register, trying another image.
I20261002 19:58:51.940836 27192 incremental_pipeline.cc:620] Registering image #138 (num_reg_frames=7)
I20261002 19:58:51.940889 27192 incremental_pipeline.cc:623] => Image sees 45 / 181 points
I20261002 19:58:51.940942 27192 incremental_pipeline.cc:629] Registering image with structure-less fallback
I20261002 19:58:51.940990 27192 incremental_pipeline.cc:631] => Image sees 462 / 1175 correspondences
I20261002 19:58:51.941050 27192 incremental_pipeline.cc:646] => Could not register, trying another image.
I20261002 19:58:51.941096 27192 incremental_pipeline.cc:620] Registering image #129 (num_reg_frames=7)
I20261002 19:58:51.941157 27192 incremental_pipeline.cc:623] => Image sees 50 / 152 points
I20261002 19:58:51.941241 27192 incremental_pipeline.cc:629] Registering image with structure-less fallback
I20261002 19:58:51.941299 27192 incremental_pipeline.cc:631] => Image sees 433 / 958 correspondences
I20261002 19:58:51.941368 27192 incremental_pipeline.cc:646] => Could not register, trying another image.
I20261002 19:58:51.941421 27192 incremental_pipeline.cc:620] Registering image #148 (num_reg_frames=7)
I20261002 19:58:51.941511 27192 incremental_pipeline.cc:623] => Image sees 33 / 141 points
I20261002 19:58:51.941590 27192 incremental_pipeline.cc:629] Registering image with structure-less fallback
I20261002 19:58:51.941676 27192 incremental_pipeline.cc:631] => Image sees 323 / 2376 correspondences
I20261002 19:58:51.941814 27192 incremental_pipeline.cc:646] => Could not register, trying another image.
I20261002 19:58:51.941891 27192 incremental_pipeline.cc:620] Registering image #127 (num_reg_frames=7)
I20261002 19:58:51.941945 27192 incremental_pipeline.cc:623] => Image sees 45 / 169 points
I20261002 19:58:51.941992 27192 incremental_pipeline.cc:629] Registering image with structure-less fallback
I20261002 19:58:51.942036 27192 incremental_pipeline.cc:631] => Image sees 289 / 964 correspondences
I20261002 19:58:51.942094 27192 incremental_pipeline.cc:646] => Could not register, trying another image.
I20261002 19:58:51.942138 27192 incremental_pipeline.cc:620] Registering image #137 (num_reg_frames=7)
I20261002 19:58:51.942182 27192 incremental_pipeline.cc:623] => Image sees 41 / 160 points
I20261002 19:58:51.942226 27192 incremental_pipeline.cc:629] Registering image with structure-less fallback
I20261002 19:58:51.942271 27192 incremental_pipeline.cc:631] => Image sees 252 / 930 correspondences
I20261002 19:58:51.942341 27192 incremental_pipeline.cc:646] => Could not register, trying another image.
I20261002 19:58:51.942418 27192 incremental_pipeline.cc:620] Registering image #125 (num_reg_frames=7)
I20261002 19:58:51.942472 27192 incremental_pipeline.cc:623] => Image sees 42 / 147 points
I20261002 19:58:51.942520 27192 incremental_pipeline.cc:629] Registering image with structure-less fallback
I20261002 19:58:51.942567 27192 incremental_pipeline.cc:631] => Image sees 249 / 815 correspondences
I20261002 19:58:51.942625 27192 incremental_pipeline.cc:646] => Could not register, trying another image.
I20261002 19:58:51.942670 27192 incremental_pipeline.cc:620] Registering image #136 (num_reg_frames=7)
I20261002 19:58:51.942728 27192 incremental_pipeline.cc:623] => Image sees 38 / 159 points
I20261002 19:58:51.942778 27192 incremental_pipeline.cc:629] Registering image with structure-less fallback
I20261002 19:58:51.942823 27192 incremental_pipeline.cc:631] => Image sees 238 / 977 correspondences
I20261002 19:58:51.942890 27192 incremental_pipeline.cc:646] => Could not register, trying another image.
I20261002 19:58:51.942997 27192 incremental_pipeline.cc:620] Registering image #142 (num_reg_frames=7)
I20261002 19:58:51.943074 27192 incremental_pipeline.cc:623] => Image sees 41 / 159 points
I20261002 19:58:51.943171 27192 incremental_pipeline.cc:629] Registering image with structure-less fallback
I20261002 19:58:51.943261 27192 incremental_pipeline.cc:631] => Image sees 166 / 925 correspondences
I20261002 19:58:51.943406 27192 incremental_pipeline.cc:646] => Could not register, trying another image.
I20261002 19:58:51.943471 27192 incremental_pipeline.cc:620] Registering image #141 (num_reg_frames=7)
I20261002 19:58:51.943522 27192 incremental_pipeline.cc:623] => Image sees 40 / 155 points
I20261002 19:58:51.943567 27192 incremental_pipeline.cc:629] Registering image with structure-less fallback
I20261002 19:58:51.943611 27192 incremental_pipeline.cc:631] => Image sees 164 / 888 correspondences
I20261002 19:58:51.943669 27192 incremental_pipeline.cc:646] => Could not register, trying another image.
I20261002 19:58:51.943713 27192 incremental_pipeline.cc:620] Registering image #144 (num_reg_frames=7)
I20261002 19:58:51.943762 27192 incremental_pipeline.cc:623] => Image sees 33 / 135 points
I20261002 19:58:51.943811 27192 incremental_pipeline.cc:629] Registering image with structure-less fallback
I20261002 19:58:51.943855 27192 incremental_pipeline.cc:631] => Image sees 142 / 812 correspondences
I20261002 19:58:51.943908 27192 incremental_pipeline.cc:646] => Could not register, trying another image.
I20261002 19:58:51.943955 27192 incremental_pipeline.cc:620] Registering image #143 (num_reg_frames=7)
I20261002 19:58:51.943998 27192 incremental_pipeline.cc:623] => Image sees 34 / 142 points
I20261002 19:58:51.944041 27192 incremental_pipeline.cc:629] Registering image with structure-less fallback
I20261002 19:58:51.944084 27192 incremental_pipeline.cc:631] => Image sees 136 / 1064 correspondences
I20261002 19:58:51.944138 27192 incremental_pipeline.cc:646] => Could not register, trying another image.
I20261002 19:58:51.944182 27192 incremental_pipeline.cc:620] Registering image #139 (num_reg_frames=7)
I20261002 19:58:51.944226 27192 incremental_pipeline.cc:623] => Image sees 32 / 133 points
I20261002 19:58:51.944269 27192 incremental_pipeline.cc:629] Registering image with structure-less fallback
I20261002 19:58:51.944312 27192 incremental_pipeline.cc:631] => Image sees 134 / 862 correspondences
I20261002 19:58:51.944363 27192 incremental_pipeline.cc:646] => Could not register, trying another image.
I20261002 19:58:51.944408 27192 incremental_pipeline.cc:620] Registering image #145 (num_reg_frames=7)
I20261002 19:58:51.944452 27192 incremental_pipeline.cc:623] => Image sees 30 / 153 points
I20261002 19:58:51.944496 27192 incremental_pipeline.cc:629] Registering image with structure-less fallback
I20261002 19:58:51.944582 27192 incremental_pipeline.cc:631] => Image sees 125 / 1091 correspondences
I20261002 19:58:51.944668 27192 incremental_pipeline.cc:646] => Could not register, trying another image.
W20261002 19:58:51.944723 27192 incremental_pipeline.cc:821] Discarding reconstruction due to insufficient size
I20261002 19:58:51.947127 27192 incremental_pipeline.cc:465] Finding good initial image pair
I20261002 19:58:51.956030 27192 incremental_pipeline.cc:492] Registering initial image pair #130 and #134
I20261002 19:58:51.956769 27192 incremental_pipeline.cc:510] Global bundle adjustment
I20261002 19:58:51.965529 27192 incremental_pipeline.cc:620] Registering image #133 (num_reg_frames=2)
I20261002 19:58:51.965678 27192 incremental_pipeline.cc:623] => Image sees 84 / 172 points
I20261002 19:58:51.968124 27192 incremental_pipeline.cc:88] Retriangulation and Global bundle adjustment
I20261002 19:58:51.981255 27192 incremental_pipeline.cc:620] Registering image #132 (num_reg_frames=3)
I20261002 19:58:51.981399 27192 incremental_pipeline.cc:623] => Image sees 90 / 186 points
I20261002 19:58:52.002688 27192 incremental_pipeline.cc:620] Registering image #131 (num_reg_frames=4)
I20261002 19:58:52.002859 27192 incremental_pipeline.cc:623] => Image sees 89 / 173 points
I20261002 19:58:52.028313 27192 incremental_pipeline.cc:88] Retriangulation and Global bundle adjustment
I20261002 19:58:52.058315 27192 incremental_pipeline.cc:620] Registering image #135 (num_reg_frames=5)
I20261002 19:58:52.058464 27192 incremental_pipeline.cc:623] => Image sees 47 / 164 points
I20261002 19:58:52.082207 27192 incremental_pipeline.cc:88] Retriangulation and Global bundle adjustment
I20261002 19:58:52.125464 27192 incremental_pipeline.cc:620] Registering image #140 (num_reg_frames=6)
I20261002 19:58:52.125623 27192 incremental_pipeline.cc:623] => Image sees 41 / 152 points
I20261002 19:58:52.147265 27192 incremental_pipeline.cc:88] Retriangulation and Global bundle adjustment
I20261002 19:58:52.231896 27192 incremental_pipeline.cc:620] Registering image #138 (num_reg_frames=7)
I20261002 19:58:52.232074 27192 incremental_pipeline.cc:623] => Image sees 42 / 181 points
I20261002 19:58:52.240572 27192 incremental_pipeline.cc:88] Retriangulation and Global bundle adjustment
I20261002 19:58:52.272846 27192 incremental_pipeline.cc:620] Registering image #126 (num_reg_frames=8)
I20261002 19:58:52.273002 27192 incremental_pipeline.cc:623] => Image sees 58 / 164 points
I20261002 19:58:52.281323 27192 incremental_pipeline.cc:620] Registering image #137 (num_reg_frames=9)
I20261002 19:58:52.281474 27192 incremental_pipeline.cc:623] => Image sees 73 / 160 points
I20261002 19:58:52.289820 27192 incremental_pipeline.cc:620] Registering image #127 (num_reg_frames=10)
I20261002 19:58:52.289959 27192 incremental_pipeline.cc:623] => Image sees 70 / 169 points
I20261002 19:58:52.296294 27192 incremental_pipeline.cc:88] Retriangulation and Global bundle adjustment
I20261002 19:58:52.399712 27192 incremental_pipeline.cc:620] Registering image #125 (num_reg_frames=11)
I20261002 19:58:52.399857 27192 incremental_pipeline.cc:623] => Image sees 63 / 147 points
I20261002 19:58:52.407890 27192 incremental_pipeline.cc:620] Registering image #129 (num_reg_frames=12)
I20261002 19:58:52.408075 27192 incremental_pipeline.cc:623] => Image sees 84 / 152 points
I20261002 19:58:52.419869 27192 incremental_pipeline.cc:620] Registering image #136 (num_reg_frames=13)
I20261002 19:58:52.419973 27192 incremental_pipeline.cc:623] => Image sees 80 / 159 points
I20261002 19:58:52.429255 27192 incremental_pipeline.cc:620] Registering image #142 (num_reg_frames=14)
I20261002 19:58:52.429509 27192 incremental_pipeline.cc:623] => Image sees 90 / 159 points
I20261002 19:58:52.439839 27192 incremental_pipeline.cc:620] Registering image #143 (num_reg_frames=15)
I20261002 19:58:52.439967 27192 incremental_pipeline.cc:623] => Image sees 78 / 142 points
I20261002 19:58:52.447920 27192 incremental_pipeline.cc:88] Retriangulation and Global bundle adjustment
I20261002 19:58:52.629953 27192 incremental_pipeline.cc:620] Registering image #141 (num_reg_frames=16)
I20261002 19:58:52.630114 27192 incremental_pipeline.cc:623] => Image sees 84 / 155 points
I20261002 19:58:52.630207 27192 incremental_pipeline.cc:646] => Could not register, trying another image.
I20261002 19:58:52.630294 27192 incremental_pipeline.cc:620] Registering image #128 (num_reg_frames=16)
I20261002 19:58:52.630390 27192 incremental_pipeline.cc:623] => Image sees 70 / 170 points
I20261002 19:58:52.630459 27192 incremental_pipeline.cc:646] => Could not register, trying another image.
I20261002 19:58:52.630505 27192 incremental_pipeline.cc:620] Registering image #144 (num_reg_frames=16)
I20261002 19:58:52.630550 27192 incremental_pipeline.cc:623] => Image sees 71 / 135 points
I20261002 19:58:52.630606 27192 incremental_pipeline.cc:646] => Could not register, trying another image.
I20261002 19:58:52.630668 27192 incremental_pipeline.cc:620] Registering image #124 (num_reg_frames=16)
I20261002 19:58:52.630713 27192 incremental_pipeline.cc:623] => Image sees 61 / 174 points
I20261002 19:58:52.630770 27192 incremental_pipeline.cc:646] => Could not register, trying another image.
I20261002 19:58:52.630814 27192 incremental_pipeline.cc:620] Registering image #145 (num_reg_frames=16)
I20261002 19:58:52.630857 27192 incremental_pipeline.cc:623] => Image sees 66 / 153 points
I20261002 19:58:52.630914 27192 incremental_pipeline.cc:646] => Could not register, trying another image.
I20261002 19:58:52.630957 27192 incremental_pipeline.cc:620] Registering image #148 (num_reg_frames=16)
I20261002 19:58:52.631001 27192 incremental_pipeline.cc:623] => Image sees 66 / 141 points
I20261002 19:58:52.631067 27192 incremental_pipeline.cc:646] => Could not register, trying another image.
I20261002 19:58:52.631111 27192 incremental_pipeline.cc:620] Registering image #146 (num_reg_frames=16)
I20261002 19:58:52.631154 27192 incremental_pipeline.cc:623] => Image sees 65 / 155 points
I20261002 19:58:52.631209 27192 incremental_pipeline.cc:646] => Could not register, trying another image.
I20261002 19:58:52.631252 27192 incremental_pipeline.cc:620] Registering image #153 (num_reg_frames=16)
I20261002 19:58:52.631295 27192 incremental_pipeline.cc:623] => Image sees 62 / 165 points
I20261002 19:58:52.631354 27192 incremental_pipeline.cc:646] => Could not register, trying another image.
I20261002 19:58:52.631396 27192 incremental_pipeline.cc:620] Registering image #120 (num_reg_frames=16)
I20261002 19:58:52.631439 27192 incremental_pipeline.cc:623] => Image sees 57 / 187 points
I20261002 19:58:52.631499 27192 incremental_pipeline.cc:646] => Could not register, trying another image.
I20261002 19:58:52.631543 27192 incremental_pipeline.cc:620] Registering image #139 (num_reg_frames=16)
I20261002 19:58:52.631586 27192 incremental_pipeline.cc:623] => Image sees 64 / 133 points
I20261002 19:58:52.631642 27192 incremental_pipeline.cc:646] => Could not register, trying another image.
I20261002 19:58:52.631685 27192 incremental_pipeline.cc:620] Registering image #147 (num_reg_frames=16)
I20261002 19:58:52.631791 27192 incremental_pipeline.cc:623] => Image sees 46 / 142 points
I20261002 19:58:52.631907 27192 incremental_pipeline.cc:646] => Could not register, trying another image.
I20261002 19:58:52.631981 27192 incremental_pipeline.cc:620] Registering image #122 (num_reg_frames=16)
I20261002 19:58:52.632078 27192 incremental_pipeline.cc:623] => Image sees 48 / 158 points
I20261002 19:58:52.632208 27192 incremental_pipeline.cc:646] => Could not register, trying another image.
I20261002 19:58:52.632267 27192 incremental_pipeline.cc:620] Registering image #151 (num_reg_frames=16)
I20261002 19:58:52.632327 27192 incremental_pipeline.cc:623] => Image sees 51 / 153 points
I20261002 19:58:52.632393 27192 incremental_pipeline.cc:646] => Could not register, trying another image.
I20261002 19:58:52.632447 27192 incremental_pipeline.cc:620] Registering image #158 (num_reg_frames=16)
I20261002 19:58:52.632501 27192 incremental_pipeline.cc:623] => Image sees 48 / 144 points
I20261002 19:58:52.632567 27192 incremental_pipeline.cc:646] => Could not register, trying another image.
I20261002 19:58:52.632621 27192 incremental_pipeline.cc:620] Registering image #152 (num_reg_frames=16)
I20261002 19:58:52.632675 27192 incremental_pipeline.cc:623] => Image sees 53 / 142 points
I20261002 19:58:52.632740 27192 incremental_pipeline.cc:646] => Could not register, trying another image.
I20261002 19:58:52.632793 27192 incremental_pipeline.cc:620] Registering image #160 (num_reg_frames=16)
I20261002 19:58:52.632848 27192 incremental_pipeline.cc:623] => Image sees 41 / 137 points
I20261002 19:58:52.632911 27192 incremental_pipeline.cc:646] => Could not register, trying another image.
I20261002 19:58:52.632965 27192 incremental_pipeline.cc:620] Registering image #159 (num_reg_frames=16)
I20261002 19:58:52.633019 27192 incremental_pipeline.cc:623] => Image sees 41 / 142 points
I20261002 19:58:52.633103 27192 incremental_pipeline.cc:646] => Could not register, trying another image.
I20261002 19:58:52.633158 27192 incremental_pipeline.cc:620] Registering image #149 (num_reg_frames=16)
I20261002 19:58:52.633213 27192 incremental_pipeline.cc:623] => Image sees 43 / 154 points
I20261002 19:58:52.633277 27192 incremental_pipeline.cc:646] => Could not register, trying another image.
I20261002 19:58:52.633330 27192 incremental_pipeline.cc:620] Registering image #150 (num_reg_frames=16)
I20261002 19:58:52.633384 27192 incremental_pipeline.cc:623] => Image sees 43 / 135 points
I20261002 19:58:52.633449 27192 incremental_pipeline.cc:646] => Could not register, trying another image.
I20261002 19:58:52.633502 27192 incremental_pipeline.cc:620] Registering image #113 (num_reg_frames=16)
I20261002 19:58:52.633556 27192 incremental_pipeline.cc:623] => Image sees 38 / 229 points
I20261002 19:58:52.633627 27192 incremental_pipeline.cc:646] => Could not register, trying another image.
I20261002 19:58:52.633679 27192 incremental_pipeline.cc:620] Registering image #118 (num_reg_frames=16)
I20261002 19:58:52.633733 27192 incremental_pipeline.cc:623] => Image sees 42 / 159 points
I20261002 19:58:52.633794 27192 incremental_pipeline.cc:646] => Could not register, trying another image.
I20261002 19:58:52.633852 27192 incremental_pipeline.cc:620] Registering image #123 (num_reg_frames=16)
I20261002 19:58:52.633906 27192 incremental_pipeline.cc:623] => Image sees 41 / 192 points
I20261002 19:58:52.634020 27192 incremental_pipeline.cc:646] => Could not register, trying another image.
I20261002 19:58:52.634090 27192 incremental_pipeline.cc:620] Registering image #119 (num_reg_frames=16)
I20261002 19:58:52.634139 27192 incremental_pipeline.cc:623] => Image sees 36 / 181 points
I20261002 19:58:52.634193 27192 incremental_pipeline.cc:646] => Could not register, trying another image.
I20261002 19:58:52.634237 27192 incremental_pipeline.cc:620] Registering image #161 (num_reg_frames=16)
I20261002 19:58:52.634280 27192 incremental_pipeline.cc:623] => Image sees 30 / 132 points
I20261002 19:58:52.634333 27192 incremental_pipeline.cc:646] => Could not register, trying another image.
I20261002 19:58:52.634384 27192 incremental_pipeline.cc:620] Registering image #155 (num_reg_frames=16)
I20261002 19:58:52.634468 27192 incremental_pipeline.cc:623] => Image sees 32 / 149 points
I20261002 19:58:52.634552 27192 incremental_pipeline.cc:646] => Could not register, trying another image.
I20261002 19:58:52.634609 27192 incremental_pipeline.cc:620] Registering image #121 (num_reg_frames=16)
I20261002 19:58:52.634664 27192 incremental_pipeline.cc:623] => Image sees 31 / 190 points
I20261002 19:58:52.634729 27192 incremental_pipeline.cc:646] => Could not register, trying another image.
I20261002 19:58:52.634801 27192 incremental_pipeline.cc:620] Registering image #148 (num_reg_frames=16)
I20261002 19:58:52.634884 27192 incremental_pipeline.cc:623] => Image sees 66 / 141 points
I20261002 19:58:52.635000 27192 incremental_pipeline.cc:629] Registering image with structure-less fallback
I20261002 19:58:52.635067 27192 incremental_pipeline.cc:631] => Image sees 782 / 2376 correspondences
I20261002 19:58:52.635136 27192 incremental_pipeline.cc:646] => Could not register, trying another image.
I20261002 19:58:52.635179 27192 incremental_pipeline.cc:620] Registering image #141 (num_reg_frames=16)
I20261002 19:58:52.635223 27192 incremental_pipeline.cc:623] => Image sees 84 / 155 points
I20261002 19:58:52.635265 27192 incremental_pipeline.cc:629] Registering image with structure-less fallback
I20261002 19:58:52.635308 27192 incremental_pipeline.cc:631] => Image sees 574 / 888 correspondences
I20261002 19:58:52.635361 27192 incremental_pipeline.cc:646] => Could not register, trying another image.
I20261002 19:58:52.635404 27192 incremental_pipeline.cc:620] Registering image #139 (num_reg_frames=16)
I20261002 19:58:52.635472 27192 incremental_pipeline.cc:623] => Image sees 64 / 133 points
I20261002 19:58:52.635514 27192 incremental_pipeline.cc:629] Registering image with structure-less fallback
I20261002 19:58:52.635570 27192 incremental_pipeline.cc:631] => Image sees 510 / 862 correspondences
I20261002 19:58:52.635629 27192 incremental_pipeline.cc:646] => Could not register, trying another image.
I20261002 19:58:52.635672 27192 incremental_pipeline.cc:620] Registering image #144 (num_reg_frames=16)
I20261002 19:58:52.635715 27192 incremental_pipeline.cc:623] => Image sees 71 / 135 points
I20261002 19:58:52.635757 27192 incremental_pipeline.cc:629] Registering image with structure-less fallback
I20261002 19:58:52.635800 27192 incremental_pipeline.cc:631] => Image sees 400 / 812 correspondences
I20261002 19:58:52.635852 27192 incremental_pipeline.cc:646] => Could not register, trying another image.
I20261002 19:58:52.635894 27192 incremental_pipeline.cc:620] Registering image #120 (num_reg_frames=16)
I20261002 19:58:52.635937 27192 incremental_pipeline.cc:623] => Image sees 57 / 187 points
I20261002 19:58:52.635979 27192 incremental_pipeline.cc:629] Registering image with structure-less fallback
I20261002 19:58:52.636021 27192 incremental_pipeline.cc:631] => Image sees 380 / 1591 correspondences
I20261002 19:58:52.636079 27192 incremental_pipeline.cc:646] => Could not register, trying another image.
I20261002 19:58:52.636130 27192 incremental_pipeline.cc:620] Registering image #145 (num_reg_frames=16)
I20261002 19:58:52.636173 27192 incremental_pipeline.cc:623] => Image sees 66 / 153 points
I20261002 19:58:52.636216 27192 incremental_pipeline.cc:629] Registering image with structure-less fallback
I20261002 19:58:52.636258 27192 incremental_pipeline.cc:631] => Image sees 345 / 1091 correspondences
I20261002 19:58:52.636313 27192 incremental_pipeline.cc:646] => Could not register, trying another image.
I20261002 19:58:52.636355 27192 incremental_pipeline.cc:620] Registering image #146 (num_reg_frames=16)
I20261002 19:58:52.636399 27192 incremental_pipeline.cc:623] => Image sees 65 / 155 points
I20261002 19:58:52.636442 27192 incremental_pipeline.cc:629] Registering image with structure-less fallback
I20261002 19:58:52.636484 27192 incremental_pipeline.cc:631] => Image sees 336 / 946 correspondences
I20261002 19:58:52.636536 27192 incremental_pipeline.cc:646] => Could not register, trying another image.
I20261002 19:58:52.636579 27192 incremental_pipeline.cc:620] Registering image #128 (num_reg_frames=16)
I20261002 19:58:52.636622 27192 incremental_pipeline.cc:623] => Image sees 70 / 170 points
I20261002 19:58:52.636664 27192 incremental_pipeline.cc:629] Registering image with structure-less fallback
I20261002 19:58:52.636706 27192 incremental_pipeline.cc:631] => Image sees 315 / 783 correspondences
I20261002 19:58:52.636759 27192 incremental_pipeline.cc:646] => Could not register, trying another image.
I20261002 19:58:52.636802 27192 incremental_pipeline.cc:620] Registering image #153 (num_reg_frames=16)
I20261002 19:58:52.636843 27192 incremental_pipeline.cc:623] => Image sees 62 / 165 points
I20261002 19:58:52.636886 27192 incremental_pipeline.cc:629] Registering image with structure-less fallback
I20261002 19:58:52.636930 27192 incremental_pipeline.cc:631] => Image sees 266 / 1066 correspondences
I20261002 19:58:52.636983 27192 incremental_pipeline.cc:646] => Could not register, trying another image.
I20261002 19:58:52.637025 27192 incremental_pipeline.cc:620] Registering image #152 (num_reg_frames=16)
I20261002 19:58:52.637068 27192 incremental_pipeline.cc:623] => Image sees 53 / 142 points
I20261002 19:58:52.637114 27192 incremental_pipeline.cc:629] Registering image with structure-less fallback
I20261002 19:58:52.637156 27192 incremental_pipeline.cc:631] => Image sees 261 / 961 correspondences
I20261002 19:58:52.637209 27192 incremental_pipeline.cc:646] => Could not register, trying another image.
I20261002 19:58:52.637251 27192 incremental_pipeline.cc:620] Registering image #159 (num_reg_frames=16)
I20261002 19:58:52.637294 27192 incremental_pipeline.cc:623] => Image sees 41 / 142 points
I20261002 19:58:52.637337 27192 incremental_pipeline.cc:629] Registering image with structure-less fallback
I20261002 19:58:52.637388 27192 incremental_pipeline.cc:631] => Image sees 244 / 1593 correspondences
I20261002 19:58:52.637444 27192 incremental_pipeline.cc:646] => Could not register, trying another image.
I20261002 19:58:52.637487 27192 incremental_pipeline.cc:620] Registering image #124 (num_reg_frames=16)
I20261002 19:58:52.637530 27192 incremental_pipeline.cc:623] => Image sees 61 / 174 points
I20261002 19:58:52.637573 27192 incremental_pipeline.cc:629] Registering image with structure-less fallback
I20261002 19:58:52.637615 27192 incremental_pipeline.cc:631] => Image sees 225 / 892 correspondences
I20261002 19:58:52.637667 27192 incremental_pipeline.cc:646] => Could not register, trying another image.
I20261002 19:58:52.637709 27192 incremental_pipeline.cc:620] Registering image #113 (num_reg_frames=16)
I20261002 19:58:52.637752 27192 incremental_pipeline.cc:623] => Image sees 38 / 229 points
I20261002 19:58:52.637794 27192 incremental_pipeline.cc:629] Registering image with structure-less fallback
I20261002 19:58:52.637837 27192 incremental_pipeline.cc:631] => Image sees 213 / 2266 correspondences
I20261002 19:58:52.637895 27192 incremental_pipeline.cc:646] => Could not register, trying another image.
I20261002 19:58:52.637940 27192 incremental_pipeline.cc:620] Registering image #151 (num_reg_frames=16)
I20261002 19:58:52.637984 27192 incremental_pipeline.cc:623] => Image sees 51 / 153 points
I20261002 19:58:52.638026 27192 incremental_pipeline.cc:629] Registering image with structure-less fallback
I20261002 19:58:52.638068 27192 incremental_pipeline.cc:631] => Image sees 172 / 853 correspondences
I20261002 19:58:52.638126 27192 incremental_pipeline.cc:646] => Could not register, trying another image.
I20261002 19:58:52.638168 27192 incremental_pipeline.cc:620] Registering image #150 (num_reg_frames=16)
I20261002 19:58:52.638211 27192 incremental_pipeline.cc:623] => Image sees 43 / 135 points
I20261002 19:58:52.638253 27192 incremental_pipeline.cc:629] Registering image with structure-less fallback
I20261002 19:58:52.638295 27192 incremental_pipeline.cc:631] => Image sees 165 / 940 correspondences
I20261002 19:58:52.638347 27192 incremental_pipeline.cc:646] => Could not register, trying another image.
I20261002 19:58:52.638389 27192 incremental_pipeline.cc:620] Registering image #158 (num_reg_frames=16)
I20261002 19:58:52.638431 27192 incremental_pipeline.cc:623] => Image sees 48 / 144 points
I20261002 19:58:52.638473 27192 incremental_pipeline.cc:629] Registering image with structure-less fallback
I20261002 19:58:52.638516 27192 incremental_pipeline.cc:631] => Image sees 157 / 938 correspondences
I20261002 19:58:52.638567 27192 incremental_pipeline.cc:646] => Could not register, trying another image.
I20261002 19:58:52.638610 27192 incremental_pipeline.cc:620] Registering image #118 (num_reg_frames=16)
I20261002 19:58:52.638652 27192 incremental_pipeline.cc:623] => Image sees 42 / 159 points
I20261002 19:58:52.638694 27192 incremental_pipeline.cc:629] Registering image with structure-less fallback
I20261002 19:58:52.638737 27192 incremental_pipeline.cc:631] => Image sees 138 / 696 correspondences
I20261002 19:58:52.638787 27192 incremental_pipeline.cc:646] => Could not register, trying another image.
I20261002 19:58:52.638829 27192 incremental_pipeline.cc:620] Registering image #160 (num_reg_frames=16)
I20261002 19:58:52.638871 27192 incremental_pipeline.cc:623] => Image sees 41 / 137 points
I20261002 19:58:52.638913 27192 incremental_pipeline.cc:629] Registering image with structure-less fallback
I20261002 19:58:52.638956 27192 incremental_pipeline.cc:631] => Image sees 138 / 784 correspondences
I20261002 19:58:52.639007 27192 incremental_pipeline.cc:646] => Could not register, trying another image.
I20261002 19:58:52.639050 27192 incremental_pipeline.cc:620] Registering image #155 (num_reg_frames=16)
I20261002 19:58:52.639095 27192 incremental_pipeline.cc:623] => Image sees 32 / 149 points
I20261002 19:58:52.639137 27192 incremental_pipeline.cc:629] Registering image with structure-less fallback
I20261002 19:58:52.639189 27192 incremental_pipeline.cc:631] => Image sees 134 / 995 correspondences
I20261002 19:58:52.639241 27192 incremental_pipeline.cc:646] => Could not register, trying another image.
I20261002 19:58:52.639283 27192 incremental_pipeline.cc:620] Registering image #147 (num_reg_frames=16)
I20261002 19:58:52.639325 27192 incremental_pipeline.cc:623] => Image sees 46 / 142 points
I20261002 19:58:52.639367 27192 incremental_pipeline.cc:629] Registering image with structure-less fallback
I20261002 19:58:52.639409 27192 incremental_pipeline.cc:631] => Image sees 128 / 850 correspondences
I20261002 19:58:52.639460 27192 incremental_pipeline.cc:646] => Could not register, trying another image.
I20261002 19:58:52.639502 27192 incremental_pipeline.cc:620] Registering image #122 (num_reg_frames=16)
I20261002 19:58:52.639545 27192 incremental_pipeline.cc:623] => Image sees 48 / 158 points
I20261002 19:58:52.639587 27192 incremental_pipeline.cc:629] Registering image with structure-less fallback
I20261002 19:58:52.639630 27192 incremental_pipeline.cc:631] => Image sees 124 / 783 correspondences
I20261002 19:58:52.639681 27192 incremental_pipeline.cc:646] => Could not register, trying another image.
I20261002 19:58:52.639726 27192 incremental_pipeline.cc:620] Registering image #123 (num_reg_frames=16)
I20261002 19:58:52.639768 27192 incremental_pipeline.cc:623] => Image sees 41 / 192 points
I20261002 19:58:52.639811 27192 incremental_pipeline.cc:629] Registering image with structure-less fallback
I20261002 19:58:52.639853 27192 incremental_pipeline.cc:631] => Image sees 120 / 767 correspondences
I20261002 19:58:52.639905 27192 incremental_pipeline.cc:646] => Could not register, trying another image.
I20261002 19:58:52.639947 27192 incremental_pipeline.cc:620] Registering image #149 (num_reg_frames=16)
I20261002 19:58:52.639990 27192 incremental_pipeline.cc:623] => Image sees 43 / 154 points
I20261002 19:58:52.640032 27192 incremental_pipeline.cc:629] Registering image with structure-less fallback
I20261002 19:58:52.640075 27192 incremental_pipeline.cc:631] => Image sees 119 / 924 correspondences
I20261002 19:58:52.640127 27192 incremental_pipeline.cc:646] => Could not register, trying another image.
I20261002 19:58:52.640171 27192 incremental_pipeline.cc:620] Registering image #161 (num_reg_frames=16)
I20261002 19:58:52.640213 27192 incremental_pipeline.cc:623] => Image sees 30 / 132 points
I20261002 19:58:52.640255 27192 incremental_pipeline.cc:629] Registering image with structure-less fallback
I20261002 19:58:52.640300 27192 incremental_pipeline.cc:631] => Image sees 77 / 725 correspondences
I20261002 19:58:52.640350 27192 incremental_pipeline.cc:646] => Could not register, trying another image.
I20261002 19:58:52.640392 27192 incremental_pipeline.cc:620] Registering image #119 (num_reg_frames=16)
I20261002 19:58:52.640435 27192 incremental_pipeline.cc:623] => Image sees 36 / 181 points
I20261002 19:58:52.640477 27192 incremental_pipeline.cc:629] Registering image with structure-less fallback
I20261002 19:58:52.640520 27192 incremental_pipeline.cc:631] => Image sees 77 / 715 correspondences
I20261002 19:58:52.640570 27192 incremental_pipeline.cc:646] => Could not register, trying another image.
I20261002 19:58:52.640613 27192 incremental_pipeline.cc:620] Registering image #121 (num_reg_frames=16)
I20261002 19:58:52.640655 27192 incremental_pipeline.cc:623] => Image sees 31 / 190 points
I20261002 19:58:52.640698 27192 incremental_pipeline.cc:629] Registering image with structure-less fallback
I20261002 19:58:52.640740 27192 incremental_pipeline.cc:631] => Image sees 69 / 975 correspondences
I20261002 19:58:52.640791 27192 incremental_pipeline.cc:646] => Could not register, trying another image.
I20261002 19:58:52.640845 27192 incremental_pipeline.cc:88] Retriangulation and Global bundle adjustment
I20261002 19:58:52.644726 27192 incremental_pipeline.cc:620] Registering image #141 (num_reg_frames=16)
I20261002 19:58:52.644849 27192 incremental_pipeline.cc:623] => Image sees 84 / 155 points
I20261002 19:58:52.644945 27192 incremental_pipeline.cc:646] => Could not register, trying another image.
I20261002 19:58:52.644996 27192 incremental_pipeline.cc:620] Registering image #128 (num_reg_frames=16)
I20261002 19:58:52.645044 27192 incremental_pipeline.cc:623] => Image sees 70 / 170 points
I20261002 19:58:52.645104 27192 incremental_pipeline.cc:646] => Could not register, trying another image.
I20261002 19:58:52.645151 27192 incremental_pipeline.cc:620] Registering image #144 (num_reg_frames=16)
I20261002 19:58:52.645197 27192 incremental_pipeline.cc:623] => Image sees 71 / 135 points
I20261002 19:58:52.645255 27192 incremental_pipeline.cc:646] => Could not register, trying another image.
I20261002 19:58:52.645301 27192 incremental_pipeline.cc:620] Registering image #124 (num_reg_frames=16)
I20261002 19:58:52.645346 27192 incremental_pipeline.cc:623] => Image sees 61 / 174 points
I20261002 19:58:52.645403 27192 incremental_pipeline.cc:646] => Could not register, trying another image.
I20261002 19:58:52.645449 27192 incremental_pipeline.cc:620] Registering image #145 (num_reg_frames=16)
I20261002 19:58:52.645494 27192 incremental_pipeline.cc:623] => Image sees 66 / 153 points
I20261002 19:58:52.645557 27192 incremental_pipeline.cc:646] => Could not register, trying another image.
I20261002 19:58:52.645604 27192 incremental_pipeline.cc:620] Registering image #148 (num_reg_frames=16)
I20261002 19:58:52.645649 27192 incremental_pipeline.cc:623] => Image sees 66 / 141 points
I20261002 19:58:52.645715 27192 incremental_pipeline.cc:646] => Could not register, trying another image.
I20261002 19:58:52.645762 27192 incremental_pipeline.cc:620] Registering image #146 (num_reg_frames=16)
I20261002 19:58:52.645808 27192 incremental_pipeline.cc:623] => Image sees 65 / 155 points
I20261002 19:58:52.645865 27192 incremental_pipeline.cc:646] => Could not register, trying another image.
I20261002 19:58:52.645911 27192 incremental_pipeline.cc:620] Registering image #153 (num_reg_frames=16)
I20261002 19:58:52.645956 27192 incremental_pipeline.cc:623] => Image sees 62 / 165 points
I20261002 19:58:52.646014 27192 incremental_pipeline.cc:646] => Could not register, trying another image.
I20261002 19:58:52.646060 27192 incremental_pipeline.cc:620] Registering image #120 (num_reg_frames=16)
I20261002 19:58:52.646106 27192 incremental_pipeline.cc:623] => Image sees 57 / 187 points
I20261002 19:58:52.646169 27192 incremental_pipeline.cc:646] => Could not register, trying another image.
I20261002 19:58:52.646215 27192 incremental_pipeline.cc:620] Registering image #139 (num_reg_frames=16)
I20261002 19:58:52.646261 27192 incremental_pipeline.cc:623] => Image sees 64 / 133 points
I20261002 19:58:52.646318 27192 incremental_pipeline.cc:646] => Could not register, trying another image.
I20261002 19:58:52.646364 27192 incremental_pipeline.cc:620] Registering image #147 (num_reg_frames=16)
I20261002 19:58:52.646409 27192 incremental_pipeline.cc:623] => Image sees 46 / 142 points
I20261002 19:58:52.646464 27192 incremental_pipeline.cc:646] => Could not register, trying another image.
I20261002 19:58:52.646509 27192 incremental_pipeline.cc:620] Registering image #122 (num_reg_frames=16)
I20261002 19:58:52.646555 27192 incremental_pipeline.cc:623] => Image sees 48 / 158 points
I20261002 19:58:52.646610 27192 incremental_pipeline.cc:646] => Could not register, trying another image.
I20261002 19:58:52.646655 27192 incremental_pipeline.cc:620] Registering image #151 (num_reg_frames=16)
I20261002 19:58:52.646700 27192 incremental_pipeline.cc:623] => Image sees 51 / 153 points
I20261002 19:58:52.646756 27192 incremental_pipeline.cc:646] => Could not register, trying another image.
I20261002 19:58:52.646802 27192 incremental_pipeline.cc:620] Registering image #158 (num_reg_frames=16)
I20261002 19:58:52.646848 27192 incremental_pipeline.cc:623] => Image sees 48 / 144 points
I20261002 19:58:52.646914 27192 incremental_pipeline.cc:646] => Could not register, trying another image.
I20261002 19:58:52.646960 27192 incremental_pipeline.cc:620] Registering image #152 (num_reg_frames=16)
I20261002 19:58:52.647041 27192 incremental_pipeline.cc:623] => Image sees 53 / 142 points
I20261002 19:58:52.647166 27192 incremental_pipeline.cc:646] => Could not register, trying another image.
I20261002 19:58:52.647227 27192 incremental_pipeline.cc:620] Registering image #160 (num_reg_frames=16)
I20261002 19:58:52.647315 27192 incremental_pipeline.cc:623] => Image sees 41 / 137 points
I20261002 19:58:52.647376 27192 incremental_pipeline.cc:646] => Could not register, trying another image.
I20261002 19:58:52.647446 27192 incremental_pipeline.cc:620] Registering image #159 (num_reg_frames=16)
I20261002 19:58:52.647518 27192 incremental_pipeline.cc:623] => Image sees 41 / 142 points
I20261002 19:58:52.647578 27192 incremental_pipeline.cc:646] => Could not register, trying another image.
I20261002 19:58:52.647620 27192 incremental_pipeline.cc:620] Registering image #149 (num_reg_frames=16)
I20261002 19:58:52.647663 27192 incremental_pipeline.cc:623] => Image sees 43 / 154 points
I20261002 19:58:52.647716 27192 incremental_pipeline.cc:646] => Could not register, trying another image.
I20261002 19:58:52.647760 27192 incremental_pipeline.cc:620] Registering image #150 (num_reg_frames=16)
I20261002 19:58:52.647804 27192 incremental_pipeline.cc:623] => Image sees 43 / 135 points
I20261002 19:58:52.647857 27192 incremental_pipeline.cc:646] => Could not register, trying another image.
I20261002 19:58:52.647899 27192 incremental_pipeline.cc:620] Registering image #113 (num_reg_frames=16)
I20261002 19:58:52.647942 27192 incremental_pipeline.cc:623] => Image sees 38 / 229 points
I20261002 19:58:52.648001 27192 incremental_pipeline.cc:646] => Could not register, trying another image.
I20261002 19:58:52.648044 27192 incremental_pipeline.cc:620] Registering image #118 (num_reg_frames=16)
I20261002 19:58:52.648087 27192 incremental_pipeline.cc:623] => Image sees 42 / 159 points
I20261002 19:58:52.648139 27192 incremental_pipeline.cc:646] => Could not register, trying another image.
I20261002 19:58:52.648181 27192 incremental_pipeline.cc:620] Registering image #123 (num_reg_frames=16)
I20261002 19:58:52.648224 27192 incremental_pipeline.cc:623] => Image sees 41 / 192 points
I20261002 19:58:52.648275 27192 incremental_pipeline.cc:646] => Could not register, trying another image.
I20261002 19:58:52.648318 27192 incremental_pipeline.cc:620] Registering image #119 (num_reg_frames=16)
I20261002 19:58:52.648360 27192 incremental_pipeline.cc:623] => Image sees 36 / 181 points
I20261002 19:58:52.648411 27192 incremental_pipeline.cc:646] => Could not register, trying another image.
I20261002 19:58:52.648453 27192 incremental_pipeline.cc:620] Registering image #161 (num_reg_frames=16)
I20261002 19:58:52.648495 27192 incremental_pipeline.cc:623] => Image sees 30 / 132 points
I20261002 19:58:52.648545 27192 incremental_pipeline.cc:646] => Could not register, trying another image.
I20261002 19:58:52.648587 27192 incremental_pipeline.cc:620] Registering image #155 (num_reg_frames=16)
I20261002 19:58:52.648629 27192 incremental_pipeline.cc:623] => Image sees 32 / 149 points
I20261002 19:58:52.648681 27192 incremental_pipeline.cc:646] => Could not register, trying another image.
I20261002 19:58:52.648723 27192 incremental_pipeline.cc:620] Registering image #121 (num_reg_frames=16)
I20261002 19:58:52.648766 27192 incremental_pipeline.cc:623] => Image sees 31 / 190 points
I20261002 19:58:52.648817 27192 incremental_pipeline.cc:646] => Could not register, trying another image.
I20261002 19:58:52.648865 27192 incremental_pipeline.cc:620] Registering image #148 (num_reg_frames=16)
I20261002 19:58:52.648908 27192 incremental_pipeline.cc:623] => Image sees 66 / 141 points
I20261002 19:58:52.648951 27192 incremental_pipeline.cc:629] Registering image with structure-less fallback
I20261002 19:58:52.648993 27192 incremental_pipeline.cc:631] => Image sees 782 / 2376 correspondences
I20261002 19:58:52.649052 27192 incremental_pipeline.cc:646] => Could not register, trying another image.
I20261002 19:58:52.649104 27192 incremental_pipeline.cc:620] Registering image #141 (num_reg_frames=16)
I20261002 19:58:52.649152 27192 incremental_pipeline.cc:623] => Image sees 84 / 155 points
I20261002 19:58:52.649195 27192 incremental_pipeline.cc:629] Registering image with structure-less fallback
I20261002 19:58:52.649238 27192 incremental_pipeline.cc:631] => Image sees 574 / 888 correspondences
I20261002 19:58:52.649291 27192 incremental_pipeline.cc:646] => Could not register, trying another image.
I20261002 19:58:52.649334 27192 incremental_pipeline.cc:620] Registering image #139 (num_reg_frames=16)
I20261002 19:58:52.649376 27192 incremental_pipeline.cc:623] => Image sees 64 / 133 points
I20261002 19:58:52.649419 27192 incremental_pipeline.cc:629] Registering image with structure-less fallback
I20261002 19:58:52.649461 27192 incremental_pipeline.cc:631] => Image sees 510 / 862 correspondences
I20261002 19:58:52.649515 27192 incremental_pipeline.cc:646] => Could not register, trying another image.
I20261002 19:58:52.649558 27192 incremental_pipeline.cc:620] Registering image #144 (num_reg_frames=16)
I20261002 19:58:52.649604 27192 incremental_pipeline.cc:623] => Image sees 71 / 135 points
I20261002 19:58:52.649646 27192 incremental_pipeline.cc:629] Registering image with structure-less fallback
I20261002 19:58:52.649689 27192 incremental_pipeline.cc:631] => Image sees 400 / 812 correspondences
I20261002 19:58:52.649742 27192 incremental_pipeline.cc:646] => Could not register, trying another image.
I20261002 19:58:52.649786 27192 incremental_pipeline.cc:620] Registering image #120 (num_reg_frames=16)
I20261002 19:58:52.649828 27192 incremental_pipeline.cc:623] => Image sees 57 / 187 points
I20261002 19:58:52.649870 27192 incremental_pipeline.cc:629] Registering image with structure-less fallback
I20261002 19:58:52.649913 27192 incremental_pipeline.cc:631] => Image sees 380 / 1591 correspondences
I20261002 19:58:52.649971 27192 incremental_pipeline.cc:646] => Could not register, trying another image.
I20261002 19:58:52.650013 27192 incremental_pipeline.cc:620] Registering image #145 (num_reg_frames=16)
I20261002 19:58:52.650056 27192 incremental_pipeline.cc:623] => Image sees 66 / 153 points
I20261002 19:58:52.650098 27192 incremental_pipeline.cc:629] Registering image with structure-less fallback
I20261002 19:58:52.650196 27192 incremental_pipeline.cc:631] => Image sees 345 / 1091 correspondences
I20261002 19:58:52.650259 27192 incremental_pipeline.cc:646] => Could not register, trying another image.
I20261002 19:58:52.650302 27192 incremental_pipeline.cc:620] Registering image #146 (num_reg_frames=16)
I20261002 19:58:52.650345 27192 incremental_pipeline.cc:623] => Image sees 65 / 155 points
I20261002 19:58:52.650387 27192 incremental_pipeline.cc:629] Registering image with structure-less fallback
I20261002 19:58:52.650430 27192 incremental_pipeline.cc:631] => Image sees 336 / 946 correspondences
I20261002 19:58:52.650482 27192 incremental_pipeline.cc:646] => Could not register, trying another image.
I20261002 19:58:52.650554 27192 incremental_pipeline.cc:620] Registering image #128 (num_reg_frames=16)
I20261002 19:58:52.650618 27192 incremental_pipeline.cc:623] => Image sees 70 / 170 points
I20261002 19:58:52.650661 27192 incremental_pipeline.cc:629] Registering image with structure-less fallback
I20261002 19:58:52.650704 27192 incremental_pipeline.cc:631] => Image sees 315 / 783 correspondences
I20261002 19:58:52.650757 27192 incremental_pipeline.cc:646] => Could not register, trying another image.
I20261002 19:58:52.650799 27192 incremental_pipeline.cc:620] Registering image #153 (num_reg_frames=16)
I20261002 19:58:52.650842 27192 incremental_pipeline.cc:623] => Image sees 62 / 165 points
I20261002 19:58:52.650884 27192 incremental_pipeline.cc:629] Registering image with structure-less fallback
I20261002 19:58:52.650926 27192 incremental_pipeline.cc:631] => Image sees 266 / 1066 correspondences
I20261002 19:58:52.650979 27192 incremental_pipeline.cc:646] => Could not register, trying another image.
I20261002 19:58:52.651021 27192 incremental_pipeline.cc:620] Registering image #152 (num_reg_frames=16)
I20261002 19:58:52.651073 27192 incremental_pipeline.cc:623] => Image sees 53 / 142 points
I20261002 19:58:52.651116 27192 incremental_pipeline.cc:629] Registering image with structure-less fallback
I20261002 19:58:52.651168 27192 incremental_pipeline.cc:631] => Image sees 261 / 961 correspondences
I20261002 19:58:52.651224 27192 incremental_pipeline.cc:646] => Could not register, trying another image.
I20261002 19:58:52.651267 27192 incremental_pipeline.cc:620] Registering image #159 (num_reg_frames=16)
I20261002 19:58:52.651310 27192 incremental_pipeline.cc:623] => Image sees 41 / 142 points
I20261002 19:58:52.651352 27192 incremental_pipeline.cc:629] Registering image with structure-less fallback
I20261002 19:58:52.651394 27192 incremental_pipeline.cc:631] => Image sees 244 / 1593 correspondences
I20261002 19:58:52.651450 27192 incremental_pipeline.cc:646] => Could not register, trying another image.
I20261002 19:58:52.651493 27192 incremental_pipeline.cc:620] Registering image #124 (num_reg_frames=16)
I20261002 19:58:52.651615 27192 incremental_pipeline.cc:623] => Image sees 61 / 174 points
I20261002 19:58:52.651660 27192 incremental_pipeline.cc:629] Registering image with structure-less fallback
I20261002 19:58:52.651704 27192 incremental_pipeline.cc:631] => Image sees 225 / 892 correspondences
I20261002 19:58:52.651756 27192 incremental_pipeline.cc:646] => Could not register, trying another image.
I20261002 19:58:52.651798 27192 incremental_pipeline.cc:620] Registering image #113 (num_reg_frames=16)
I20261002 19:58:52.651841 27192 incremental_pipeline.cc:623] => Image sees 38 / 229 points
I20261002 19:58:52.651884 27192 incremental_pipeline.cc:629] Registering image with structure-less fallback
I20261002 19:58:52.651927 27192 incremental_pipeline.cc:631] => Image sees 213 / 2266 correspondences
I20261002 19:58:52.651984 27192 incremental_pipeline.cc:646] => Could not register, trying another image.
I20261002 19:58:52.652026 27192 incremental_pipeline.cc:620] Registering image #151 (num_reg_frames=16)
I20261002 19:58:52.652069 27192 incremental_pipeline.cc:623] => Image sees 51 / 153 points
I20261002 19:58:52.652111 27192 incremental_pipeline.cc:629] Registering image with structure-less fallback
I20261002 19:58:52.652153 27192 incremental_pipeline.cc:631] => Image sees 172 / 853 correspondences
I20261002 19:58:52.652204 27192 incremental_pipeline.cc:646] => Could not register, trying another image.
I20261002 19:58:52.652251 27192 incremental_pipeline.cc:620] Registering image #150 (num_reg_frames=16)
I20261002 19:58:52.652294 27192 incremental_pipeline.cc:623] => Image sees 43 / 135 points
I20261002 19:58:52.652336 27192 incremental_pipeline.cc:629] Registering image with structure-less fallback
I20261002 19:58:52.652378 27192 incremental_pipeline.cc:631] => Image sees 165 / 940 correspondences
I20261002 19:58:52.652429 27192 incremental_pipeline.cc:646] => Could not register, trying another image.
I20261002 19:58:52.652471 27192 incremental_pipeline.cc:620] Registering image #158 (num_reg_frames=16)
I20261002 19:58:52.652514 27192 incremental_pipeline.cc:623] => Image sees 48 / 144 points
I20261002 19:58:52.652557 27192 incremental_pipeline.cc:629] Registering image with structure-less fallback
I20261002 19:58:52.652599 27192 incremental_pipeline.cc:631] => Image sees 157 / 938 correspondences
I20261002 19:58:52.652650 27192 incremental_pipeline.cc:646] => Could not register, trying another image.
I20261002 19:58:52.652691 27192 incremental_pipeline.cc:620] Registering image #118 (num_reg_frames=16)
I20261002 19:58:52.652734 27192 incremental_pipeline.cc:623] => Image sees 42 / 159 points
I20261002 19:58:52.652777 27192 incremental_pipeline.cc:629] Registering image with structure-less fallback
I20261002 19:58:52.652820 27192 incremental_pipeline.cc:631] => Image sees 138 / 696 correspondences
I20261002 19:58:52.652870 27192 incremental_pipeline.cc:646] => Could not register, trying another image.
I20261002 19:58:52.652911 27192 incremental_pipeline.cc:620] Registering image #160 (num_reg_frames=16)
I20261002 19:58:52.652997 27192 incremental_pipeline.cc:623] => Image sees 41 / 137 points
I20261002 19:58:52.653059 27192 incremental_pipeline.cc:629] Registering image with structure-less fallback
I20261002 19:58:52.653208 27192 incremental_pipeline.cc:631] => Image sees 138 / 784 correspondences
I20261002 19:58:52.653285 27192 incremental_pipeline.cc:646] => Could not register, trying another image.
I20261002 19:58:52.653330 27192 incremental_pipeline.cc:620] Registering image #155 (num_reg_frames=16)
I20261002 19:58:52.653373 27192 incremental_pipeline.cc:623] => Image sees 32 / 149 points
I20261002 19:58:52.653416 27192 incremental_pipeline.cc:629] Registering image with structure-less fallback
I20261002 19:58:52.653459 27192 incremental_pipeline.cc:631] => Image sees 134 / 995 correspondences
I20261002 19:58:52.653511 27192 incremental_pipeline.cc:646] => Could not register, trying another image.
I20261002 19:58:52.653554 27192 incremental_pipeline.cc:620] Registering image #147 (num_reg_frames=16)
I20261002 19:58:52.653600 27192 incremental_pipeline.cc:623] => Image sees 46 / 142 points
I20261002 19:58:52.653642 27192 incremental_pipeline.cc:629] Registering image with structure-less fallback
I20261002 19:58:52.653685 27192 incremental_pipeline.cc:631] => Image sees 128 / 850 correspondences
I20261002 19:58:52.653740 27192 incremental_pipeline.cc:646] => Could not register, trying another image.
I20261002 19:58:52.653782 27192 incremental_pipeline.cc:620] Registering image #122 (num_reg_frames=16)
I20261002 19:58:52.653824 27192 incremental_pipeline.cc:623] => Image sees 48 / 158 points
I20261002 19:58:52.653867 27192 incremental_pipeline.cc:629] Registering image with structure-less fallback
I20261002 19:58:52.653910 27192 incremental_pipeline.cc:631] => Image sees 124 / 783 correspondences
I20261002 19:58:52.653960 27192 incremental_pipeline.cc:646] => Could not register, trying another image.
I20261002 19:58:52.654003 27192 incremental_pipeline.cc:620] Registering image #123 (num_reg_frames=16)
I20261002 19:58:52.654046 27192 incremental_pipeline.cc:623] => Image sees 41 / 192 points
I20261002 19:58:52.654089 27192 incremental_pipeline.cc:629] Registering image with structure-less fallback
I20261002 19:58:52.654133 27192 incremental_pipeline.cc:631] => Image sees 120 / 767 correspondences
I20261002 19:58:52.654184 27192 incremental_pipeline.cc:646] => Could not register, trying another image.
I20261002 19:58:52.654231 27192 incremental_pipeline.cc:620] Registering image #149 (num_reg_frames=16)
I20261002 19:58:52.654274 27192 incremental_pipeline.cc:623] => Image sees 43 / 154 points
I20261002 19:58:52.654316 27192 incremental_pipeline.cc:629] Registering image with structure-less fallback
I20261002 19:58:52.654359 27192 incremental_pipeline.cc:631] => Image sees 119 / 924 correspondences
I20261002 19:58:52.654411 27192 incremental_pipeline.cc:646] => Could not register, trying another image.
I20261002 19:58:52.654453 27192 incremental_pipeline.cc:620] Registering image #161 (num_reg_frames=16)
I20261002 19:58:52.654495 27192 incremental_pipeline.cc:623] => Image sees 30 / 132 points
I20261002 19:58:52.654539 27192 incremental_pipeline.cc:629] Registering image with structure-less fallback
I20261002 19:58:52.654582 27192 incremental_pipeline.cc:631] => Image sees 77 / 725 correspondences
I20261002 19:58:52.654631 27192 incremental_pipeline.cc:646] => Could not register, trying another image.
I20261002 19:58:52.654674 27192 incremental_pipeline.cc:620] Registering image #119 (num_reg_frames=16)
I20261002 19:58:52.654716 27192 incremental_pipeline.cc:623] => Image sees 36 / 181 points
I20261002 19:58:52.654759 27192 incremental_pipeline.cc:629] Registering image with structure-less fallback
I20261002 19:58:52.654801 27192 incremental_pipeline.cc:631] => Image sees 77 / 715 correspondences
I20261002 19:58:52.654851 27192 incremental_pipeline.cc:646] => Could not register, trying another image.
I20261002 19:58:52.654894 27192 incremental_pipeline.cc:620] Registering image #121 (num_reg_frames=16)
I20261002 19:58:52.654944 27192 incremental_pipeline.cc:623] => Image sees 31 / 190 points
I20261002 19:58:52.654986 27192 incremental_pipeline.cc:629] Registering image with structure-less fallback
I20261002 19:58:52.655028 27192 incremental_pipeline.cc:631] => Image sees 69 / 975 correspondences
I20261002 19:58:52.655079 27192 incremental_pipeline.cc:646] => Could not register, trying another image.
I20261002 19:58:52.655158 27192 incremental_pipeline.cc:826] Keeping successful reconstruction
I20261002 19:58:52.656788 27192 incremental_pipeline.cc:465] Finding good initial image pair
I20261002 19:58:52.665585 27192 incremental_pipeline.cc:492] Registering initial image pair #20 and #25
I20261002 19:58:52.666326 27192 incremental_pipeline.cc:510] Global bundle adjustment
I20261002 19:58:52.673096 27192 incremental_pipeline.cc:620] Registering image #23 (num_reg_frames=2)
I20261002 19:58:52.673240 27192 incremental_pipeline.cc:623] => Image sees 57 / 116 points
I20261002 19:58:52.680973 27192 incremental_pipeline.cc:88] Retriangulation and Global bundle adjustment
I20261002 19:58:52.684237 27192 incremental_pipeline.cc:620] Registering image #22 (num_reg_frames=3)
I20261002 19:58:52.684356 27192 incremental_pipeline.cc:623] => Image sees 77 / 136 points
I20261002 19:58:52.690495 27192 incremental_pipeline.cc:620] Registering image #24 (num_reg_frames=4)
I20261002 19:58:52.690601 27192 incremental_pipeline.cc:623] => Image sees 84 / 115 points
I20261002 19:58:52.704167 27192 incremental_pipeline.cc:88] Retriangulation and Global bundle adjustment
I20261002 19:58:52.726516 27192 incremental_pipeline.cc:620] Registering image #28 (num_reg_frames=5)
I20261002 19:58:52.726673 27192 incremental_pipeline.cc:623] => Image sees 95 / 116 points
I20261002 19:58:52.740925 27192 incremental_pipeline.cc:620] Registering image #21 (num_reg_frames=6)
I20261002 19:58:52.741096 27192 incremental_pipeline.cc:623] => Image sees 86 / 114 points
I20261002 19:58:52.746938 27192 incremental_pipeline.cc:88] Retriangulation and Global bundle adjustment
I20261002 19:58:52.795078 27192 incremental_pipeline.cc:620] Registering image #19 (num_reg_frames=7)
I20261002 19:58:52.795277 27192 incremental_pipeline.cc:623] => Image sees 80 / 124 points
I20261002 19:58:52.803821 27192 incremental_pipeline.cc:620] Registering image #34 (num_reg_frames=8)
I20261002 19:58:52.804006 27192 incremental_pipeline.cc:623] => Image sees 81 / 117 points
I20261002 19:58:52.811719 27192 incremental_pipeline.cc:620] Registering image #27 (num_reg_frames=9)
I20261002 19:58:52.811867 27192 incremental_pipeline.cc:623] => Image sees 95 / 131 points
I20261002 19:58:52.818266 27192 incremental_pipeline.cc:88] Retriangulation and Global bundle adjustment
I20261002 19:58:52.944544 27192 incremental_pipeline.cc:620] Registering image #18 (num_reg_frames=10)
I20261002 19:58:52.944734 27192 incremental_pipeline.cc:623] => Image sees 82 / 113 points
I20261002 19:58:52.952951 27192 incremental_pipeline.cc:620] Registering image #15 (num_reg_frames=11)
I20261002 19:58:52.953068 27192 incremental_pipeline.cc:623] => Image sees 87 / 124 points
I20261002 19:58:52.962114 27192 incremental_pipeline.cc:620] Registering image #16 (num_reg_frames=12)
I20261002 19:58:52.962222 27192 incremental_pipeline.cc:623] => Image sees 85 / 136 points
I20261002 19:58:52.971046 27192 incremental_pipeline.cc:620] Registering image #17 (num_reg_frames=13)
I20261002 19:58:52.971179 27192 incremental_pipeline.cc:623] => Image sees 90 / 113 points
I20261002 19:58:52.976930 27192 incremental_pipeline.cc:88] Retriangulation and Global bundle adjustment
I20261002 19:58:53.142284 27192 incremental_pipeline.cc:620] Registering image #14 (num_reg_frames=14)
I20261002 19:58:53.142445 27192 incremental_pipeline.cc:623] => Image sees 94 / 112 points
I20261002 19:58:53.154494 27192 incremental_pipeline.cc:620] Registering image #13 (num_reg_frames=15)
I20261002 19:58:53.154613 27192 incremental_pipeline.cc:623] => Image sees 76 / 98 points
I20261002 19:58:53.160754 27192 incremental_pipeline.cc:620] Registering image #8 (num_reg_frames=16)
I20261002 19:58:53.160888 27192 incremental_pipeline.cc:623] => Image sees 77 / 109 points
I20261002 19:58:53.168482 27192 incremental_pipeline.cc:620] Registering image #10 (num_reg_frames=17)
I20261002 19:58:53.168605 27192 incremental_pipeline.cc:623] => Image sees 79 / 101 points
I20261002 19:58:53.175592 27192 incremental_pipeline.cc:620] Registering image #4 (num_reg_frames=18)
I20261002 19:58:53.175715 27192 incremental_pipeline.cc:623] => Image sees 67 / 92 points
I20261002 19:58:53.182191 27192 incremental_pipeline.cc:620] Registering image #9 (num_reg_frames=19)
I20261002 19:58:53.182413 27192 incremental_pipeline.cc:623] => Image sees 72 / 110 points
I20261002 19:58:53.188804 27192 incremental_pipeline.cc:88] Retriangulation and Global bundle adjustment
I20261002 19:58:53.356108 27192 incremental_pipeline.cc:620] Registering image #11 (num_reg_frames=20)
I20261002 19:58:53.356269 27192 incremental_pipeline.cc:623] => Image sees 81 / 111 points
I20261002 19:58:53.363882 27192 incremental_pipeline.cc:620] Registering image #12 (num_reg_frames=21)
I20261002 19:58:53.364014 27192 incremental_pipeline.cc:623] => Image sees 81 / 123 points
I20261002 19:58:53.371204 27192 incremental_pipeline.cc:620] Registering image #6 (num_reg_frames=22)
I20261002 19:58:53.371332 27192 incremental_pipeline.cc:623] => Image sees 75 / 106 points
I20261002 19:58:53.378159 27192 incremental_pipeline.cc:620] Registering image #7 (num_reg_frames=23)
I20261002 19:58:53.378266 27192 incremental_pipeline.cc:623] => Image sees 77 / 109 points
I20261002 19:58:53.386309 27192 incremental_pipeline.cc:620] Registering image #5 (num_reg_frames=24)
I20261002 19:58:53.386415 27192 incremental_pipeline.cc:623] => Image sees 71 / 99 points
I20261002 19:58:53.392779 27192 incremental_pipeline.cc:620] Registering image #3 (num_reg_frames=25)
I20261002 19:58:53.392884 27192 incremental_pipeline.cc:623] => Image sees 58 / 107 points
I20261002 19:58:53.399929 27192 incremental_pipeline.cc:620] Registering image #2 (num_reg_frames=26)
I20261002 19:58:53.400069 27192 incremental_pipeline.cc:623] => Image sees 69 / 100 points
I20261002 19:58:53.407420 27192 incremental_pipeline.cc:620] Registering image #1 (num_reg_frames=27)
I20261002 19:58:53.407556 27192 incremental_pipeline.cc:623] => Image sees 83 / 96 points
I20261002 19:58:53.414026 27192 incremental_pipeline.cc:88] Retriangulation and Global bundle adjustment
I20261002 19:58:53.945354 27192 incremental_pipeline.cc:620] Registering image #36 (num_reg_frames=28)
I20261002 19:58:53.945545 27192 incremental_pipeline.cc:623] => Image sees 41 / 94 points
I20261002 19:58:53.946353 27192 incremental_pipeline.cc:646] => Could not register, trying another image.
I20261002 19:58:53.946487 27192 incremental_pipeline.cc:620] Registering image #33 (num_reg_frames=28)
I20261002 19:58:53.946576 27192 incremental_pipeline.cc:623] => Image sees 40 / 102 points
I20261002 19:58:53.947311 27192 incremental_pipeline.cc:646] => Could not register, trying another image.
I20261002 19:58:53.947387 27192 incremental_pipeline.cc:620] Registering image #29 (num_reg_frames=28)
I20261002 19:58:53.947460 27192 incremental_pipeline.cc:623] => Image sees 40 / 99 points
I20261002 19:58:53.948002 27192 incremental_pipeline.cc:646] => Could not register, trying another image.
I20261002 19:58:53.948079 27192 incremental_pipeline.cc:620] Registering image #30 (num_reg_frames=28)
I20261002 19:58:53.948140 27192 incremental_pipeline.cc:623] => Image sees 37 / 96 points
I20261002 19:58:53.948722 27192 incremental_pipeline.cc:646] => Could not register, trying another image.
I20261002 19:58:53.948793 27192 incremental_pipeline.cc:620] Registering image #55 (num_reg_frames=28)
I20261002 19:58:53.948853 27192 incremental_pipeline.cc:623] => Image sees 34 / 107 points
I20261002 19:58:53.949261 27192 incremental_pipeline.cc:646] => Could not register, trying another image.
I20261002 19:58:53.949328 27192 incremental_pipeline.cc:620] Registering image #58 (num_reg_frames=28)
I20261002 19:58:53.949406 27192 incremental_pipeline.cc:623] => Image sees 36 / 105 points
I20261002 19:58:53.949862 27192 incremental_pipeline.cc:646] => Could not register, trying another image.
I20261002 19:58:53.949931 27192 incremental_pipeline.cc:620] Registering image #77 (num_reg_frames=28)
I20261002 19:58:53.949992 27192 incremental_pipeline.cc:623] => Image sees 38 / 137 points
I20261002 19:58:53.950385 27192 incremental_pipeline.cc:646] => Could not register, trying another image.
I20261002 19:58:53.950453 27192 incremental_pipeline.cc:620] Registering image #53 (num_reg_frames=28)
I20261002 19:58:53.950513 27192 incremental_pipeline.cc:623] => Image sees 34 / 103 points
I20261002 19:58:53.951031 27192 incremental_pipeline.cc:646] => Could not register, trying another image.
I20261002 19:58:53.951105 27192 incremental_pipeline.cc:620] Registering image #56 (num_reg_frames=28)
I20261002 19:58:53.951174 27192 incremental_pipeline.cc:623] => Image sees 34 / 99 points
I20261002 19:58:53.952064 27192 incremental_pipeline.cc:646] => Could not register, trying another image.
I20261002 19:58:53.952187 27192 incremental_pipeline.cc:620] Registering image #41 (num_reg_frames=28)
I20261002 19:58:53.952341 27192 incremental_pipeline.cc:623] => Image sees 34 / 121 points
I20261002 19:58:53.952902 27192 incremental_pipeline.cc:646] => Could not register, trying another image.
I20261002 19:58:53.953009 27192 incremental_pipeline.cc:620] Registering image #45 (num_reg_frames=28)
I20261002 19:58:53.953088 27192 incremental_pipeline.cc:623] => Image sees 35 / 93 points
I20261002 19:58:53.953486 27192 incremental_pipeline.cc:646] => Could not register, trying another image.
I20261002 19:58:53.953566 27192 incremental_pipeline.cc:620] Registering image #68 (num_reg_frames=28)
I20261002 19:58:53.953638 27192 incremental_pipeline.cc:623] => Image sees 33 / 105 points
I20261002 19:58:53.954099 27192 incremental_pipeline.cc:646] => Could not register, trying another image.
I20261002 19:58:53.954180 27192 incremental_pipeline.cc:620] Registering image #57 (num_reg_frames=28)
I20261002 19:58:53.954250 27192 incremental_pipeline.cc:623] => Image sees 34 / 114 points
I20261002 19:58:53.954812 27192 incremental_pipeline.cc:646] => Could not register, trying another image.
I20261002 19:58:53.954910 27192 incremental_pipeline.cc:620] Registering image #54 (num_reg_frames=28)
I20261002 19:58:53.954986 27192 incremental_pipeline.cc:623] => Image sees 33 / 107 points
I20261002 19:58:53.955544 27192 incremental_pipeline.cc:646] => Could not register, trying another image.
I20261002 19:58:53.955626 27192 incremental_pipeline.cc:620] Registering image #51 (num_reg_frames=28)
I20261002 19:58:53.955703 27192 incremental_pipeline.cc:623] => Image sees 35 / 114 points
I20261002 19:58:53.956317 27192 incremental_pipeline.cc:646] => Could not register, trying another image.
I20261002 19:58:53.956405 27192 incremental_pipeline.cc:620] Registering image #46 (num_reg_frames=28)
I20261002 19:58:53.956473 27192 incremental_pipeline.cc:623] => Image sees 33 / 105 points
I20261002 19:58:53.956883 27192 incremental_pipeline.cc:646] => Could not register, trying another image.
I20261002 19:58:53.956956 27192 incremental_pipeline.cc:620] Registering image #61 (num_reg_frames=28)
I20261002 19:58:53.957024 27192 incremental_pipeline.cc:623] => Image sees 31 / 113 points
I20261002 19:58:53.957505 27192 incremental_pipeline.cc:646] => Could not register, trying another image.
I20261002 19:58:53.957593 27192 incremental_pipeline.cc:620] Registering image #73 (num_reg_frames=28)
I20261002 19:58:53.957717 27192 incremental_pipeline.cc:623] => Image sees 32 / 115 points
I20261002 19:58:53.958354 27192 incremental_pipeline.cc:646] => Could not register, trying another image.
I20261002 19:58:53.958446 27192 incremental_pipeline.cc:620] Registering image #32 (num_reg_frames=28)
I20261002 19:58:53.958513 27192 incremental_pipeline.cc:623] => Image sees 31 / 96 points
I20261002 19:58:53.958957 27192 incremental_pipeline.cc:646] => Could not register, trying another image.
I20261002 19:58:53.959057 27192 incremental_pipeline.cc:620] Registering image #47 (num_reg_frames=28)
I20261002 19:58:53.959121 27192 incremental_pipeline.cc:623] => Image sees 30 / 98 points
I20261002 19:58:53.959507 27192 incremental_pipeline.cc:646] => Could not register, trying another image.
I20261002 19:58:53.959596 27192 incremental_pipeline.cc:620] Registering image #29 (num_reg_frames=28)
I20261002 19:58:53.959671 27192 incremental_pipeline.cc:623] => Image sees 40 / 99 points
I20261002 19:58:53.959736 27192 incremental_pipeline.cc:629] Registering image with structure-less fallback
I20261002 19:58:53.959794 27192 incremental_pipeline.cc:631] => Image sees 123 / 746 correspondences
I20261002 19:58:54.014026 27192 incremental_pipeline.cc:620] Registering image #26 (num_reg_frames=29)
I20261002 19:58:54.014297 27192 incremental_pipeline.cc:623] => Image sees 37 / 87 points
I20261002 19:58:54.015081 27192 incremental_pipeline.cc:646] => Could not register, trying another image.
I20261002 19:58:54.015205 27192 incremental_pipeline.cc:620] Registering image #49 (num_reg_frames=29)
I20261002 19:58:54.015287 27192 incremental_pipeline.cc:623] => Image sees 34 / 111 points
I20261002 19:58:54.016250 27192 incremental_pipeline.cc:646] => Could not register, trying another image.
I20261002 19:58:54.016337 27192 incremental_pipeline.cc:620] Registering image #81 (num_reg_frames=29)
I20261002 19:58:54.016410 27192 incremental_pipeline.cc:623] => Image sees 31 / 123 points
I20261002 19:58:54.016905 27192 incremental_pipeline.cc:646] => Could not register, trying another image.
I20261002 19:58:54.016977 27192 incremental_pipeline.cc:620] Registering image #50 (num_reg_frames=29)
I20261002 19:58:54.017046 27192 incremental_pipeline.cc:623] => Image sees 30 / 111 points
I20261002 19:58:54.017673 27192 incremental_pipeline.cc:646] => Could not register, trying another image.
I20261002 19:58:54.017734 27192 incremental_pipeline.cc:620] Registering image #36 (num_reg_frames=29)
I20261002 19:58:54.017802 27192 incremental_pipeline.cc:623] => Image sees 43 / 94 points
I20261002 19:58:54.027727 27192 incremental_pipeline.cc:620] Registering image #35 (num_reg_frames=30)
I20261002 19:58:54.027848 27192 incremental_pipeline.cc:623] => Image sees 38 / 91 points
I20261002 19:58:54.028482 27192 incremental_pipeline.cc:646] => Could not register, trying another image.
I20261002 19:58:54.028565 27192 incremental_pipeline.cc:620] Registering image #40 (num_reg_frames=30)
I20261002 19:58:54.028629 27192 incremental_pipeline.cc:623] => Image sees 35 / 101 points
I20261002 19:58:54.029382 27192 incremental_pipeline.cc:646] => Could not register, trying another image.
I20261002 19:58:54.029457 27192 incremental_pipeline.cc:620] Registering image #44 (num_reg_frames=30)
I20261002 19:58:54.029518 27192 incremental_pipeline.cc:623] => Image sees 30 / 94 points
I20261002 19:58:54.030049 27192 incremental_pipeline.cc:646] => Could not register, trying another image.
I20261002 19:58:54.030127 27192 incremental_pipeline.cc:620] Registering image #41 (num_reg_frames=30)
I20261002 19:58:54.030188 27192 incremental_pipeline.cc:623] => Image sees 46 / 121 points
I20261002 19:58:54.040200 27192 incremental_pipeline.cc:620] Registering image #71 (num_reg_frames=31)
I20261002 19:58:54.040323 27192 incremental_pipeline.cc:623] => Image sees 35 / 113 points
I20261002 19:58:54.040997 27192 incremental_pipeline.cc:646] => Could not register, trying another image.
I20261002 19:58:54.041083 27192 incremental_pipeline.cc:620] Registering image #42 (num_reg_frames=31)
I20261002 19:58:54.041148 27192 incremental_pipeline.cc:623] => Image sees 37 / 107 points
I20261002 19:58:54.041838 27192 incremental_pipeline.cc:646] => Could not register, trying another image.
I20261002 19:58:54.041914 27192 incremental_pipeline.cc:620] Registering image #43 (num_reg_frames=31)
I20261002 19:58:54.041981 27192 incremental_pipeline.cc:623] => Image sees 30 / 100 points
I20261002 19:58:54.042420 27192 incremental_pipeline.cc:646] => Could not register, trying another image.
I20261002 19:58:54.042498 27192 incremental_pipeline.cc:620] Registering image #33 (num_reg_frames=31)
I20261002 19:58:54.042583 27192 incremental_pipeline.cc:623] => Image sees 45 / 102 points
I20261002 19:58:54.043498 27192 incremental_pipeline.cc:646] => Could not register, trying another image.
I20261002 19:58:54.043573 27192 incremental_pipeline.cc:620] Registering image #30 (num_reg_frames=31)
I20261002 19:58:54.043634 27192 incremental_pipeline.cc:623] => Image sees 43 / 96 points
I20261002 19:58:54.054256 27192 incremental_pipeline.cc:620] Registering image #52 (num_reg_frames=32)
I20261002 19:58:54.054371 27192 incremental_pipeline.cc:623] => Image sees 43 / 106 points
I20261002 19:58:54.065365 27192 incremental_pipeline.cc:620] Registering image #59 (num_reg_frames=33)
I20261002 19:58:54.065481 27192 incremental_pipeline.cc:623] => Image sees 57 / 100 points
I20261002 19:58:54.076784 27192 incremental_pipeline.cc:620] Registering image #76 (num_reg_frames=34)
I20261002 19:58:54.076941 27192 incremental_pipeline.cc:623] => Image sees 57 / 128 points
I20261002 19:58:54.086780 27192 incremental_pipeline.cc:620] Registering image #70 (num_reg_frames=35)
I20261002 19:58:54.086941 27192 incremental_pipeline.cc:623] => Image sees 60 / 105 points
I20261002 19:58:54.095703 27192 incremental_pipeline.cc:620] Registering image #65 (num_reg_frames=36)
I20261002 19:58:54.095883 27192 incremental_pipeline.cc:623] => Image sees 65 / 104 points
I20261002 19:58:54.104922 27192 incremental_pipeline.cc:620] Registering image #72 (num_reg_frames=37)
I20261002 19:58:54.105108 27192 incremental_pipeline.cc:623] => Image sees 65 / 108 points
I20261002 19:58:54.116295 27192 incremental_pipeline.cc:620] Registering image #63 (num_reg_frames=38)
I20261002 19:58:54.116490 27192 incremental_pipeline.cc:623] => Image sees 66 / 106 points
I20261002 19:58:54.123627 27192 incremental_pipeline.cc:620] Registering image #60 (num_reg_frames=39)
I20261002 19:58:54.123779 27192 incremental_pipeline.cc:623] => Image sees 65 / 101 points
I20261002 19:58:54.132015 27192 incremental_pipeline.cc:88] Retriangulation and Global bundle adjustment
I20261002 19:58:54.901800 27192 incremental_pipeline.cc:620] Registering image #75 (num_reg_frames=40)
I20261002 19:58:54.910868 27192 incremental_pipeline.cc:623] => Image sees 44 / 120 points
I20261002 19:58:54.920093 27192 incremental_pipeline.cc:620] Registering image #66 (num_reg_frames=41)
I20261002 19:58:54.920206 27192 incremental_pipeline.cc:623] => Image sees 45 / 100 points
I20261002 19:58:54.927557 27192 incremental_pipeline.cc:620] Registering image #74 (num_reg_frames=42)
I20261002 19:58:54.927664 27192 incremental_pipeline.cc:623] => Image sees 49 / 108 points
I20261002 19:58:54.936646 27192 incremental_pipeline.cc:620] Registering image #64 (num_reg_frames=43)
I20261002 19:58:54.936803 27192 incremental_pipeline.cc:623] => Image sees 50 / 98 points
I20261002 19:58:54.946114 27192 incremental_pipeline.cc:620] Registering image #78 (num_reg_frames=44)
I20261002 19:58:54.946310 27192 incremental_pipeline.cc:623] => Image sees 45 / 112 points
I20261002 19:58:54.951851 27192 incremental_pipeline.cc:620] Registering image #79 (num_reg_frames=45)
I20261002 19:58:54.952048 27192 incremental_pipeline.cc:623] => Image sees 68 / 131 points
I20261002 19:58:54.960329 27192 incremental_pipeline.cc:620] Registering image #67 (num_reg_frames=46)
I20261002 19:58:54.960520 27192 incremental_pipeline.cc:623] => Image sees 69 / 109 points
I20261002 19:58:54.969099 27192 incremental_pipeline.cc:620] Registering image #80 (num_reg_frames=47)
I20261002 19:58:54.969294 27192 incremental_pipeline.cc:623] => Image sees 69 / 107 points
I20261002 19:58:54.975837 27192 incremental_pipeline.cc:620] Registering image #48 (num_reg_frames=48)
I20261002 19:58:54.976034 27192 incremental_pipeline.cc:623] => Image sees 65 / 95 points
I20261002 19:58:54.981453 27192 incremental_pipeline.cc:620] Registering image #69 (num_reg_frames=49)
I20261002 19:58:54.981642 27192 incremental_pipeline.cc:623] => Image sees 70 / 102 points
I20261002 19:58:54.988081 27192 incremental_pipeline.cc:620] Registering image #62 (num_reg_frames=50)
I20261002 19:58:54.988279 27192 incremental_pipeline.cc:623] => Image sees 65 / 95 points
I20261002 19:58:54.995467 27192 incremental_pipeline.cc:620] Registering image #37 (num_reg_frames=51)
I20261002 19:58:54.995608 27192 incremental_pipeline.cc:623] => Image sees 64 / 108 points
I20261002 19:58:55.002215 27192 incremental_pipeline.cc:620] Registering image #39 (num_reg_frames=52)
I20261002 19:58:55.002362 27192 incremental_pipeline.cc:623] => Image sees 65 / 103 points
I20261002 19:58:55.010001 27192 incremental_pipeline.cc:620] Registering image #31 (num_reg_frames=53)
I20261002 19:58:55.010159 27192 incremental_pipeline.cc:623] => Image sees 62 / 106 points
I20261002 19:58:55.015766 27192 incremental_pipeline.cc:620] Registering image #38 (num_reg_frames=54)
I20261002 19:58:55.015895 27192 incremental_pipeline.cc:623] => Image sees 58 / 100 points
I20261002 19:58:55.021368 27192 incremental_pipeline.cc:620] Registering image #82 (num_reg_frames=55)
I20261002 19:58:55.021480 27192 incremental_pipeline.cc:623] => Image sees 64 / 113 points
I20261002 19:58:55.026961 27192 incremental_pipeline.cc:88] Retriangulation and Global bundle adjustment
I20261002 19:58:55.321374 27192 incremental_pipeline.cc:620] Registering image #83 (num_reg_frames=56)
I20261002 19:58:55.330507 27192 incremental_pipeline.cc:623] => Image sees 68 / 112 points
I20261002 19:58:55.337417 27192 incremental_pipeline.cc:620] Registering image #87 (num_reg_frames=57)
I20261002 19:58:55.337550 27192 incremental_pipeline.cc:623] => Image sees 75 / 133 points
I20261002 19:58:55.343998 27192 incremental_pipeline.cc:620] Registering image #84 (num_reg_frames=58)
I20261002 19:58:55.344118 27192 incremental_pipeline.cc:623] => Image sees 75 / 116 points
I20261002 19:58:55.350796 27192 incremental_pipeline.cc:620] Registering image #91 (num_reg_frames=59)
I20261002 19:58:55.350910 27192 incremental_pipeline.cc:623] => Image sees 65 / 128 points
I20261002 19:58:55.358224 27192 incremental_pipeline.cc:620] Registering image #85 (num_reg_frames=60)
I20261002 19:58:55.358352 27192 incremental_pipeline.cc:623] => Image sees 74 / 124 points
I20261002 19:58:55.364908 27192 incremental_pipeline.cc:620] Registering image #86 (num_reg_frames=61)
I20261002 19:58:55.365016 27192 incremental_pipeline.cc:623] => Image sees 79 / 115 points
I20261002 19:58:55.372058 27192 incremental_pipeline.cc:620] Registering image #88 (num_reg_frames=62)
I20261002 19:58:55.372168 27192 incremental_pipeline.cc:623] => Image sees 75 / 121 points
I20261002 19:58:55.379269 27192 incremental_pipeline.cc:620] Registering image #89 (num_reg_frames=63)
I20261002 19:58:55.379387 27192 incremental_pipeline.cc:623] => Image sees 63 / 112 points
I20261002 19:58:55.387940 27192 incremental_pipeline.cc:620] Registering image #90 (num_reg_frames=64)
I20261002 19:58:55.388140 27192 incremental_pipeline.cc:623] => Image sees 80 / 104 points
I20261002 19:58:55.398975 27192 incremental_pipeline.cc:620] Registering image #94 (num_reg_frames=65)
I20261002 19:58:55.399174 27192 incremental_pipeline.cc:623] => Image sees 78 / 137 points
I20261002 19:58:55.410122 27192 incremental_pipeline.cc:620] Registering image #93 (num_reg_frames=66)
I20261002 19:58:55.410322 27192 incremental_pipeline.cc:623] => Image sees 88 / 128 points
I20261002 19:58:55.421716 27192 incremental_pipeline.cc:620] Registering image #95 (num_reg_frames=67)
I20261002 19:58:55.421965 27192 incremental_pipeline.cc:623] => Image sees 74 / 136 points
I20261002 19:58:55.434077 27192 incremental_pipeline.cc:620] Registering image #92 (num_reg_frames=68)
I20261002 19:58:55.434257 27192 incremental_pipeline.cc:623] => Image sees 85 / 117 points
I20261002 19:58:55.444722 27192 incremental_pipeline.cc:620] Registering image #96 (num_reg_frames=69)
I20261002 19:58:55.444877 27192 incremental_pipeline.cc:623] => Image sees 72 / 127 points
I20261002 19:58:55.453158 27192 incremental_pipeline.cc:88] Retriangulation and Global bundle adjustment
I20261002 19:58:56.818931 27192 incremental_pipeline.cc:620] Registering image #100 (num_reg_frames=70)
I20261002 19:58:56.819095 27192 incremental_pipeline.cc:623] => Image sees 61 / 142 points
I20261002 19:58:56.828545 27192 incremental_pipeline.cc:620] Registering image #97 (num_reg_frames=71)
I20261002 19:58:56.828651 27192 incremental_pipeline.cc:623] => Image sees 76 / 132 points
I20261002 19:58:56.837310 27192 incremental_pipeline.cc:620] Registering image #99 (num_reg_frames=72)
I20261002 19:58:56.837455 27192 incremental_pipeline.cc:623] => Image sees 85 / 146 points
I20261002 19:58:56.848028 27192 incremental_pipeline.cc:620] Registering image #98 (num_reg_frames=73)
I20261002 19:58:56.848190 27192 incremental_pipeline.cc:623] => Image sees 108 / 143 points
I20261002 19:58:56.863612 27192 incremental_pipeline.cc:620] Registering image #101 (num_reg_frames=74)
I20261002 19:58:56.863731 27192 incremental_pipeline.cc:623] => Image sees 88 / 194 points
I20261002 19:58:56.875651 27192 incremental_pipeline.cc:620] Registering image #102 (num_reg_frames=75)
I20261002 19:58:56.875773 27192 incremental_pipeline.cc:623] => Image sees 99 / 193 points
I20261002 19:58:56.887729 27192 incremental_pipeline.cc:620] Registering image #103 (num_reg_frames=76)
I20261002 19:58:56.887842 27192 incremental_pipeline.cc:623] => Image sees 95 / 201 points
I20261002 19:58:56.898205 27192 incremental_pipeline.cc:620] Registering image #104 (num_reg_frames=77)
I20261002 19:58:56.898315 27192 incremental_pipeline.cc:623] => Image sees 88 / 192 points
I20261002 19:58:56.910721 27192 incremental_pipeline.cc:620] Registering image #105 (num_reg_frames=78)
I20261002 19:58:56.910865 27192 incremental_pipeline.cc:623] => Image sees 117 / 255 points
I20261002 19:58:56.922083 27192 incremental_pipeline.cc:88] Retriangulation and Global bundle adjustment
I20261002 19:59:02.000988 27192 incremental_pipeline.cc:620] Registering image #113 (num_reg_frames=79)
I20261002 19:59:02.010194 27192 incremental_pipeline.cc:623] => Image sees 63 / 229 points
I20261002 19:59:02.022435 27192 incremental_pipeline.cc:620] Registering image #111 (num_reg_frames=80)
I20261002 19:59:02.022557 27192 incremental_pipeline.cc:623] => Image sees 75 / 248 points
I20261002 19:59:02.034057 27192 incremental_pipeline.cc:620] Registering image #106 (num_reg_frames=81)
I20261002 19:59:02.034166 27192 incremental_pipeline.cc:623] => Image sees 82 / 259 points
I20261002 19:59:02.053187 27192 incremental_pipeline.cc:620] Registering image #109 (num_reg_frames=82)
I20261002 19:59:02.053327 27192 incremental_pipeline.cc:623] => Image sees 82 / 251 points
I20261002 19:59:02.066624 27192 incremental_pipeline.cc:620] Registering image #107 (num_reg_frames=83)
I20261002 19:59:02.066760 27192 incremental_pipeline.cc:623] => Image sees 82 / 247 points
I20261002 19:59:02.087588 27192 incremental_pipeline.cc:620] Registering image #108 (num_reg_frames=84)
I20261002 19:59:02.087702 27192 incremental_pipeline.cc:623] => Image sees 84 / 263 points
I20261002 19:59:02.109418 27192 incremental_pipeline.cc:620] Registering image #115 (num_reg_frames=85)
I20261002 19:59:02.109578 27192 incremental_pipeline.cc:623] => Image sees 65 / 203 points
I20261002 19:59:02.127458 27192 incremental_pipeline.cc:620] Registering image #112 (num_reg_frames=86)
I20261002 19:59:02.127602 27192 incremental_pipeline.cc:623] => Image sees 58 / 193 points
I20261002 19:59:02.138981 27192 incremental_pipeline.cc:620] Registering image #121 (num_reg_frames=87)
I20261002 19:59:02.139101 27192 incremental_pipeline.cc:623] => Image sees 54 / 190 points
I20261002 19:59:02.157651 27192 incremental_pipeline.cc:620] Registering image #110 (num_reg_frames=88)
I20261002 19:59:02.157870 27192 incremental_pipeline.cc:623] => Image sees 52 / 164 points
I20261002 19:59:02.169836 27192 incremental_pipeline.cc:620] Registering image #114 (num_reg_frames=89)
I20261002 19:59:02.170055 27192 incremental_pipeline.cc:623] => Image sees 55 / 174 points
I20261002 19:59:02.184445 27192 incremental_pipeline.cc:620] Registering image #120 (num_reg_frames=90)
I20261002 19:59:02.184636 27192 incremental_pipeline.cc:623] => Image sees 59 / 187 points
I20261002 19:59:02.202507 27192 incremental_pipeline.cc:620] Registering image #116 (num_reg_frames=91)
I20261002 19:59:02.202675 27192 incremental_pipeline.cc:623] => Image sees 57 / 183 points
I20261002 19:59:02.216551 27192 incremental_pipeline.cc:620] Registering image #125 (num_reg_frames=92)
I20261002 19:59:02.216716 27192 incremental_pipeline.cc:623] => Image sees 58 / 147 points
I20261002 19:59:02.229936 27192 incremental_pipeline.cc:620] Registering image #123 (num_reg_frames=93)
I20261002 19:59:02.230147 27192 incremental_pipeline.cc:623] => Image sees 55 / 192 points
I20261002 19:59:02.242546 27192 incremental_pipeline.cc:620] Registering image #127 (num_reg_frames=94)
I20261002 19:59:02.242741 27192 incremental_pipeline.cc:623] => Image sees 61 / 169 points
I20261002 19:59:02.256907 27192 incremental_pipeline.cc:620] Registering image #130 (num_reg_frames=95)
I20261002 19:59:02.257026 27192 incremental_pipeline.cc:623] => Image sees 57 / 185 points
I20261002 19:59:02.273500 27192 incremental_pipeline.cc:620] Registering image #126 (num_reg_frames=96)
I20261002 19:59:02.273628 27192 incremental_pipeline.cc:623] => Image sees 59 / 164 points
I20261002 19:59:02.288642 27192 incremental_pipeline.cc:620] Registering image #118 (num_reg_frames=97)
I20261002 19:59:02.288778 27192 incremental_pipeline.cc:623] => Image sees 56 / 159 points
I20261002 19:59:02.301803 27192 incremental_pipeline.cc:620] Registering image #119 (num_reg_frames=98)
I20261002 19:59:02.301955 27192 incremental_pipeline.cc:623] => Image sees 59 / 181 points
I20261002 19:59:02.320618 27192 incremental_pipeline.cc:620] Registering image #117 (num_reg_frames=99)
I20261002 19:59:02.320726 27192 incremental_pipeline.cc:623] => Image sees 56 / 148 points
I20261002 19:59:02.332042 27192 incremental_pipeline.cc:620] Registering image #124 (num_reg_frames=100)
I20261002 19:59:02.332161 27192 incremental_pipeline.cc:623] => Image sees 55 / 174 points
I20261002 19:59:02.347131 27192 incremental_pipeline.cc:620] Registering image #128 (num_reg_frames=101)
I20261002 19:59:02.347329 27192 incremental_pipeline.cc:623] => Image sees 55 / 170 points
I20261002 19:59:02.362289 27192 incremental_pipeline.cc:620] Registering image #122 (num_reg_frames=102)
I20261002 19:59:02.362392 27192 incremental_pipeline.cc:623] => Image sees 57 / 158 points
I20261002 19:59:02.378229 27192 incremental_pipeline.cc:620] Registering image #129 (num_reg_frames=103)
I20261002 19:59:02.378373 27192 incremental_pipeline.cc:623] => Image sees 58 / 152 points
I20261002 19:59:02.393423 27192 incremental_pipeline.cc:620] Registering image #131 (num_reg_frames=104)
I20261002 19:59:02.393554 27192 incremental_pipeline.cc:623] => Image sees 62 / 173 points
I20261002 19:59:02.411308 27192 incremental_pipeline.cc:620] Registering image #132 (num_reg_frames=105)
I20261002 19:59:02.411450 27192 incremental_pipeline.cc:623] => Image sees 57 / 186 points
I20261002 19:59:02.429165 27192 incremental_pipeline.cc:620] Registering image #133 (num_reg_frames=106)
I20261002 19:59:02.429288 27192 incremental_pipeline.cc:623] => Image sees 48 / 172 points
I20261002 19:59:02.443157 27192 incremental_pipeline.cc:620] Registering image #135 (num_reg_frames=107)
I20261002 19:59:02.443293 27192 incremental_pipeline.cc:623] => Image sees 53 / 164 points
I20261002 19:59:02.460229 27192 incremental_pipeline.cc:620] Registering image #138 (num_reg_frames=108)
I20261002 19:59:02.460360 27192 incremental_pipeline.cc:623] => Image sees 54 / 181 points
I20261002 19:59:02.475041 27192 incremental_pipeline.cc:88] Retriangulation and Global bundle adjustment
I20261002 19:59:11.745026 27192 incremental_pipeline.cc:826] Keeping successful reconstruction
I20261002 19:59:11.746746 27192 incremental_pipeline.cc:465] Finding good initial image pair
I20261002 19:59:11.756091 27192 incremental_pipeline.cc:492] Registering initial image pair #148 and #141
I20261002 19:59:11.756246 27192 incremental_pipeline.cc:791] Discarding reconstruction due to bad initial pair
I20261002 19:59:11.757859 27192 incremental_pipeline.cc:465] Finding good initial image pair
I20261002 19:59:11.767891 27192 incremental_pipeline.cc:492] Registering initial image pair #148 and #139
I20261002 19:59:11.768488 27192 incremental_pipeline.cc:510] Global bundle adjustment
I20261002 19:59:11.772176 27192 incremental_pipeline.cc:620] Registering image #150 (num_reg_frames=2)
I20261002 19:59:11.772280 27192 incremental_pipeline.cc:623] => Image sees 35 / 135 points
I20261002 19:59:11.775678 27192 incremental_pipeline.cc:88] Retriangulation and Global bundle adjustment
I20261002 19:59:11.780326 27192 incremental_pipeline.cc:620] Registering image #147 (num_reg_frames=3)
I20261002 19:59:11.780446 27192 incremental_pipeline.cc:623] => Image sees 36 / 142 points
I20261002 19:59:11.783847 27192 incremental_pipeline.cc:620] Registering image #145 (num_reg_frames=4)
I20261002 19:59:11.783942 27192 incremental_pipeline.cc:623] => Image sees 34 / 153 points
I20261002 19:59:11.799844 27192 incremental_pipeline.cc:88] Retriangulation and Global bundle adjustment
I20261002 19:59:11.820478 27192 incremental_pipeline.cc:620] Registering image #153 (num_reg_frames=5)
I20261002 19:59:11.820604 27192 incremental_pipeline.cc:623] => Image sees 71 / 165 points
I20261002 19:59:11.820696 27192 incremental_pipeline.cc:646] => Could not register, trying another image.
I20261002 19:59:11.820750 27192 incremental_pipeline.cc:620] Registering image #152 (num_reg_frames=5)
I20261002 19:59:11.820800 27192 incremental_pipeline.cc:623] => Image sees 62 / 142 points
I20261002 19:59:11.820859 27192 incremental_pipeline.cc:646] => Could not register, trying another image.
I20261002 19:59:11.820906 27192 incremental_pipeline.cc:620] Registering image #146 (num_reg_frames=5)
I20261002 19:59:11.820952 27192 incremental_pipeline.cc:623] => Image sees 66 / 155 points
I20261002 19:59:11.821016 27192 incremental_pipeline.cc:646] => Could not register, trying another image.
I20261002 19:59:11.821062 27192 incremental_pipeline.cc:620] Registering image #158 (num_reg_frames=5)
I20261002 19:59:11.821110 27192 incremental_pipeline.cc:623] => Image sees 61 / 144 points
I20261002 19:59:11.821166 27192 incremental_pipeline.cc:646] => Could not register, trying another image.
I20261002 19:59:11.821211 27192 incremental_pipeline.cc:620] Registering image #151 (num_reg_frames=5)
I20261002 19:59:11.821256 27192 incremental_pipeline.cc:623] => Image sees 57 / 153 points
I20261002 19:59:11.821311 27192 incremental_pipeline.cc:646] => Could not register, trying another image.
I20261002 19:59:11.821358 27192 incremental_pipeline.cc:620] Registering image #149 (num_reg_frames=5)
I20261002 19:59:11.821403 27192 incremental_pipeline.cc:623] => Image sees 65 / 154 points
I20261002 19:59:11.821474 27192 incremental_pipeline.cc:646] => Could not register, trying another image.
I20261002 19:59:11.821519 27192 incremental_pipeline.cc:620] Registering image #136 (num_reg_frames=5)
I20261002 19:59:11.821646 27192 incremental_pipeline.cc:623] => Image sees 54 / 159 points
I20261002 19:59:11.821720 27192 incremental_pipeline.cc:646] => Could not register, trying another image.
I20261002 19:59:11.821770 27192 incremental_pipeline.cc:620] Registering image #144 (num_reg_frames=5)
I20261002 19:59:11.821817 27192 incremental_pipeline.cc:623] => Image sees 54 / 135 points
I20261002 19:59:11.821873 27192 incremental_pipeline.cc:646] => Could not register, trying another image.
I20261002 19:59:11.821919 27192 incremental_pipeline.cc:620] Registering image #143 (num_reg_frames=5)
I20261002 19:59:11.821964 27192 incremental_pipeline.cc:623] => Image sees 54 / 142 points
I20261002 19:59:11.822024 27192 incremental_pipeline.cc:646] => Could not register, trying another image.
I20261002 19:59:11.822071 27192 incremental_pipeline.cc:620] Registering image #140 (num_reg_frames=5)
I20261002 19:59:11.822116 27192 incremental_pipeline.cc:623] => Image sees 52 / 152 points
I20261002 19:59:11.822181 27192 incremental_pipeline.cc:646] => Could not register, trying another image.
I20261002 19:59:11.822239 27192 incremental_pipeline.cc:620] Registering image #142 (num_reg_frames=5)
I20261002 19:59:11.822284 27192 incremental_pipeline.cc:623] => Image sees 51 / 159 points
I20261002 19:59:11.822339 27192 incremental_pipeline.cc:646] => Could not register, trying another image.
I20261002 19:59:11.822384 27192 incremental_pipeline.cc:620] Registering image #133 (num_reg_frames=5)
I20261002 19:59:11.822429 27192 incremental_pipeline.cc:623] => Image sees 47 / 172 points
I20261002 19:59:11.822484 27192 incremental_pipeline.cc:646] => Could not register, trying another image.
I20261002 19:59:11.822528 27192 incremental_pipeline.cc:620] Registering image #134 (num_reg_frames=5)
I20261002 19:59:11.822575 27192 incremental_pipeline.cc:623] => Image sees 49 / 161 points
I20261002 19:59:11.822631 27192 incremental_pipeline.cc:646] => Could not register, trying another image.
I20261002 19:59:11.822675 27192 incremental_pipeline.cc:620] Registering image #130 (num_reg_frames=5)
I20261002 19:59:11.822721 27192 incremental_pipeline.cc:623] => Image sees 44 / 185 points
I20261002 19:59:11.822783 27192 incremental_pipeline.cc:646] => Could not register, trying another image.
I20261002 19:59:11.822829 27192 incremental_pipeline.cc:620] Registering image #159 (num_reg_frames=5)
I20261002 19:59:11.822873 27192 incremental_pipeline.cc:623] => Image sees 39 / 142 points
I20261002 19:59:11.822933 27192 incremental_pipeline.cc:646] => Could not register, trying another image.
I20261002 19:59:11.822978 27192 incremental_pipeline.cc:620] Registering image #138 (num_reg_frames=5)
I20261002 19:59:11.823023 27192 incremental_pipeline.cc:623] => Image sees 44 / 181 points
I20261002 19:59:11.823096 27192 incremental_pipeline.cc:646] => Could not register, trying another image.
I20261002 19:59:11.823148 27192 incremental_pipeline.cc:620] Registering image #141 (num_reg_frames=5)
I20261002 19:59:11.823195 27192 incremental_pipeline.cc:623] => Image sees 42 / 155 points
I20261002 19:59:11.823249 27192 incremental_pipeline.cc:646] => Could not register, trying another image.
I20261002 19:59:11.823294 27192 incremental_pipeline.cc:620] Registering image #135 (num_reg_frames=5)
I20261002 19:59:11.823339 27192 incremental_pipeline.cc:623] => Image sees 42 / 164 points
I20261002 19:59:11.823397 27192 incremental_pipeline.cc:646] => Could not register, trying another image.
I20261002 19:59:11.823443 27192 incremental_pipeline.cc:620] Registering image #154 (num_reg_frames=5)
I20261002 19:59:11.823488 27192 incremental_pipeline.cc:623] => Image sees 42 / 119 points
I20261002 19:59:11.823551 27192 incremental_pipeline.cc:646] => Could not register, trying another image.
I20261002 19:59:11.823623 27192 incremental_pipeline.cc:620] Registering image #157 (num_reg_frames=5)
I20261002 19:59:11.823679 27192 incremental_pipeline.cc:623] => Image sees 41 / 133 points
I20261002 19:59:11.823736 27192 incremental_pipeline.cc:646] => Could not register, trying another image.
I20261002 19:59:11.823783 27192 incremental_pipeline.cc:620] Registering image #137 (num_reg_frames=5)
I20261002 19:59:11.823829 27192 incremental_pipeline.cc:623] => Image sees 42 / 160 points
I20261002 19:59:11.823885 27192 incremental_pipeline.cc:646] => Could not register, trying another image.
I20261002 19:59:11.823930 27192 incremental_pipeline.cc:620] Registering image #155 (num_reg_frames=5)
I20261002 19:59:11.823979 27192 incremental_pipeline.cc:623] => Image sees 40 / 149 points
I20261002 19:59:11.824032 27192 incremental_pipeline.cc:646] => Could not register, trying another image.
I20261002 19:59:11.824078 27192 incremental_pipeline.cc:620] Registering image #161 (num_reg_frames=5)
I20261002 19:59:11.824138 27192 incremental_pipeline.cc:623] => Image sees 36 / 132 points
I20261002 19:59:11.824218 27192 incremental_pipeline.cc:646] => Could not register, trying another image.
I20261002 19:59:11.824266 27192 incremental_pipeline.cc:620] Registering image #132 (num_reg_frames=5)
I20261002 19:59:11.824314 27192 incremental_pipeline.cc:623] => Image sees 40 / 186 points
I20261002 19:59:11.824369 27192 incremental_pipeline.cc:646] => Could not register, trying another image.
I20261002 19:59:11.824423 27192 incremental_pipeline.cc:620] Registering image #131 (num_reg_frames=5)
I20261002 19:59:11.824472 27192 incremental_pipeline.cc:623] => Image sees 38 / 173 points
I20261002 19:59:11.824526 27192 incremental_pipeline.cc:646] => Could not register, trying another image.
I20261002 19:59:11.824577 27192 incremental_pipeline.cc:620] Registering image #160 (num_reg_frames=5)
I20261002 19:59:11.824646 27192 incremental_pipeline.cc:623] => Image sees 32 / 137 points
I20261002 19:59:11.824710 27192 incremental_pipeline.cc:646] => Could not register, trying another image.
I20261002 19:59:11.824758 27192 incremental_pipeline.cc:620] Registering image #156 (num_reg_frames=5)
I20261002 19:59:11.824805 27192 incremental_pipeline.cc:623] => Image sees 33 / 134 points
I20261002 19:59:11.824861 27192 incremental_pipeline.cc:646] => Could not register, trying another image.
I20261002 19:59:11.824906 27192 incremental_pipeline.cc:620] Registering image #162 (num_reg_frames=5)
I20261002 19:59:11.824955 27192 incremental_pipeline.cc:623] => Image sees 31 / 123 points
I20261002 19:59:11.825008 27192 incremental_pipeline.cc:646] => Could not register, trying another image.
I20261002 19:59:11.825054 27192 incremental_pipeline.cc:620] Registering image #126 (num_reg_frames=5)
I20261002 19:59:11.825099 27192 incremental_pipeline.cc:623] => Image sees 33 / 164 points
I20261002 19:59:11.825181 27192 incremental_pipeline.cc:646] => Could not register, trying another image.
I20261002 19:59:11.825239 27192 incremental_pipeline.cc:620] Registering image #129 (num_reg_frames=5)
I20261002 19:59:11.825287 27192 incremental_pipeline.cc:623] => Image sees 30 / 152 points
I20261002 19:59:11.825342 27192 incremental_pipeline.cc:646] => Could not register, trying another image.
I20261002 19:59:11.825388 27192 incremental_pipeline.cc:620] Registering image #127 (num_reg_frames=5)
I20261002 19:59:11.825435 27192 incremental_pipeline.cc:623] => Image sees 32 / 169 points
I20261002 19:59:11.825489 27192 incremental_pipeline.cc:646] => Could not register, trying another image.
I20261002 19:59:11.825539 27192 incremental_pipeline.cc:620] Registering image #153 (num_reg_frames=5)
I20261002 19:59:11.825586 27192 incremental_pipeline.cc:623] => Image sees 71 / 165 points
I20261002 19:59:11.825647 27192 incremental_pipeline.cc:629] Registering image with structure-less fallback
I20261002 19:59:11.825714 27192 incremental_pipeline.cc:631] => Image sees 421 / 1066 correspondences
I20261002 19:59:11.825775 27192 incremental_pipeline.cc:646] => Could not register, trying another image.
I20261002 19:59:11.825823 27192 incremental_pipeline.cc:620] Registering image #140 (num_reg_frames=5)
I20261002 19:59:11.825869 27192 incremental_pipeline.cc:623] => Image sees 52 / 152 points
I20261002 19:59:11.825915 27192 incremental_pipeline.cc:629] Registering image with structure-less fallback
I20261002 19:59:11.825962 27192 incremental_pipeline.cc:631] => Image sees 341 / 2403 correspondences
I20261002 19:59:11.826025 27192 incremental_pipeline.cc:646] => Could not register, trying another image.
I20261002 19:59:11.826070 27192 incremental_pipeline.cc:620] Registering image #149 (num_reg_frames=5)
I20261002 19:59:11.826115 27192 incremental_pipeline.cc:623] => Image sees 65 / 154 points
I20261002 19:59:11.826160 27192 incremental_pipeline.cc:629] Registering image with structure-less fallback
I20261002 19:59:11.826205 27192 incremental_pipeline.cc:631] => Image sees 295 / 924 correspondences
I20261002 19:59:11.826261 27192 incremental_pipeline.cc:646] => Could not register, trying another image.
I20261002 19:59:11.826305 27192 incremental_pipeline.cc:620] Registering image #146 (num_reg_frames=5)
I20261002 19:59:11.826350 27192 incremental_pipeline.cc:623] => Image sees 66 / 155 points
I20261002 19:59:11.826394 27192 incremental_pipeline.cc:629] Registering image with structure-less fallback
I20261002 19:59:11.826440 27192 incremental_pipeline.cc:631] => Image sees 293 / 946 correspondences
I20261002 19:59:11.826504 27192 incremental_pipeline.cc:646] => Could not register, trying another image.
I20261002 19:59:11.826549 27192 incremental_pipeline.cc:620] Registering image #158 (num_reg_frames=5)
I20261002 19:59:11.826594 27192 incremental_pipeline.cc:623] => Image sees 61 / 144 points
I20261002 19:59:11.826639 27192 incremental_pipeline.cc:629] Registering image with structure-less fallback
I20261002 19:59:11.826686 27192 incremental_pipeline.cc:631] => Image sees 269 / 938 correspondences
I20261002 19:59:11.826742 27192 incremental_pipeline.cc:646] => Could not register, trying another image.
I20261002 19:59:11.826788 27192 incremental_pipeline.cc:620] Registering image #143 (num_reg_frames=5)
I20261002 19:59:11.826833 27192 incremental_pipeline.cc:623] => Image sees 54 / 142 points
I20261002 19:59:11.826879 27192 incremental_pipeline.cc:629] Registering image with structure-less fallback
I20261002 19:59:11.826924 27192 incremental_pipeline.cc:631] => Image sees 238 / 1064 correspondences
I20261002 19:59:11.826979 27192 incremental_pipeline.cc:646] => Could not register, trying another image.
I20261002 19:59:11.827024 27192 incremental_pipeline.cc:620] Registering image #152 (num_reg_frames=5)
I20261002 19:59:11.827069 27192 incremental_pipeline.cc:623] => Image sees 62 / 142 points
I20261002 19:59:11.827114 27192 incremental_pipeline.cc:629] Registering image with structure-less fallback
I20261002 19:59:11.827159 27192 incremental_pipeline.cc:631] => Image sees 227 / 961 correspondences
I20261002 19:59:11.827214 27192 incremental_pipeline.cc:646] => Could not register, trying another image.
I20261002 19:59:11.827258 27192 incremental_pipeline.cc:620] Registering image #130 (num_reg_frames=5)
I20261002 19:59:11.827303 27192 incremental_pipeline.cc:623] => Image sees 44 / 185 points
I20261002 19:59:11.827348 27192 incremental_pipeline.cc:629] Registering image with structure-less fallback
I20261002 19:59:11.827392 27192 incremental_pipeline.cc:631] => Image sees 225 / 2592 correspondences
I20261002 19:59:11.827454 27192 incremental_pipeline.cc:646] => Could not register, trying another image.
I20261002 19:59:11.827499 27192 incremental_pipeline.cc:620] Registering image #159 (num_reg_frames=5)
I20261002 19:59:11.827547 27192 incremental_pipeline.cc:623] => Image sees 39 / 142 points
I20261002 19:59:11.827592 27192 incremental_pipeline.cc:629] Registering image with structure-less fallback
I20261002 19:59:11.827663 27192 incremental_pipeline.cc:631] => Image sees 225 / 1593 correspondences
I20261002 19:59:11.827728 27192 incremental_pipeline.cc:646] => Could not register, trying another image.
I20261002 19:59:11.827783 27192 incremental_pipeline.cc:620] Registering image #151 (num_reg_frames=5)
I20261002 19:59:11.827835 27192 incremental_pipeline.cc:623] => Image sees 57 / 153 points
I20261002 19:59:11.827882 27192 incremental_pipeline.cc:629] Registering image with structure-less fallback
I20261002 19:59:11.827930 27192 incremental_pipeline.cc:631] => Image sees 204 / 853 correspondences
I20261002 19:59:11.827985 27192 incremental_pipeline.cc:646] => Could not register, trying another image.
I20261002 19:59:11.828030 27192 incremental_pipeline.cc:620] Registering image #136 (num_reg_frames=5)
I20261002 19:59:11.828075 27192 incremental_pipeline.cc:623] => Image sees 54 / 159 points
I20261002 19:59:11.828120 27192 incremental_pipeline.cc:629] Registering image with structure-less fallback
I20261002 19:59:11.828168 27192 incremental_pipeline.cc:631] => Image sees 203 / 977 correspondences
I20261002 19:59:11.828221 27192 incremental_pipeline.cc:646] => Could not register, trying another image.
I20261002 19:59:11.828264 27192 incremental_pipeline.cc:620] Registering image #134 (num_reg_frames=5)
I20261002 19:59:11.828308 27192 incremental_pipeline.cc:623] => Image sees 49 / 161 points
I20261002 19:59:11.828358 27192 incremental_pipeline.cc:629] Registering image with structure-less fallback
I20261002 19:59:11.828447 27192 incremental_pipeline.cc:631] => Image sees 187 / 1074 correspondences
I20261002 19:59:11.828527 27192 incremental_pipeline.cc:646] => Could not register, trying another image.
I20261002 19:59:11.828573 27192 incremental_pipeline.cc:620] Registering image #144 (num_reg_frames=5)
I20261002 19:59:11.828617 27192 incremental_pipeline.cc:623] => Image sees 54 / 135 points
I20261002 19:59:11.828660 27192 incremental_pipeline.cc:629] Registering image with structure-less fallback
I20261002 19:59:11.828703 27192 incremental_pipeline.cc:631] => Image sees 164 / 812 correspondences
I20261002 19:59:11.828758 27192 incremental_pipeline.cc:646] => Could not register, trying another image.
I20261002 19:59:11.828803 27192 incremental_pipeline.cc:620] Registering image #142 (num_reg_frames=5)
I20261002 19:59:11.828846 27192 incremental_pipeline.cc:623] => Image sees 51 / 159 points
I20261002 19:59:11.828889 27192 incremental_pipeline.cc:629] Registering image with structure-less fallback
I20261002 19:59:11.828932 27192 incremental_pipeline.cc:631] => Image sees 138 / 925 correspondences
I20261002 19:59:11.828991 27192 incremental_pipeline.cc:646] => Could not register, trying another image.
I20261002 19:59:11.829034 27192 incremental_pipeline.cc:620] Registering image #133 (num_reg_frames=5)
I20261002 19:59:11.829077 27192 incremental_pipeline.cc:623] => Image sees 47 / 172 points
I20261002 19:59:11.829119 27192 incremental_pipeline.cc:629] Registering image with structure-less fallback
I20261002 19:59:11.829163 27192 incremental_pipeline.cc:631] => Image sees 133 / 965 correspondences
I20261002 19:59:11.829213 27192 incremental_pipeline.cc:646] => Could not register, trying another image.
I20261002 19:59:11.829259 27192 incremental_pipeline.cc:620] Registering image #154 (num_reg_frames=5)
I20261002 19:59:11.829301 27192 incremental_pipeline.cc:623] => Image sees 42 / 119 points
I20261002 19:59:11.829346 27192 incremental_pipeline.cc:629] Registering image with structure-less fallback
I20261002 19:59:11.829388 27192 incremental_pipeline.cc:631] => Image sees 127 / 777 correspondences
I20261002 19:59:11.829448 27192 incremental_pipeline.cc:646] => Could not register, trying another image.
I20261002 19:59:11.829491 27192 incremental_pipeline.cc:620] Registering image #161 (num_reg_frames=5)
I20261002 19:59:11.829534 27192 incremental_pipeline.cc:623] => Image sees 36 / 132 points
I20261002 19:59:11.829576 27192 incremental_pipeline.cc:629] Registering image with structure-less fallback
I20261002 19:59:11.829618 27192 incremental_pipeline.cc:631] => Image sees 108 / 725 correspondences
I20261002 19:59:11.829669 27192 incremental_pipeline.cc:646] => Could not register, trying another image.
I20261002 19:59:11.829714 27192 incremental_pipeline.cc:620] Registering image #162 (num_reg_frames=5)
I20261002 19:59:11.829757 27192 incremental_pipeline.cc:623] => Image sees 31 / 123 points
I20261002 19:59:11.829800 27192 incremental_pipeline.cc:629] Registering image with structure-less fallback
I20261002 19:59:11.829842 27192 incremental_pipeline.cc:631] => Image sees 74 / 557 correspondences
I20261002 19:59:11.829899 27192 incremental_pipeline.cc:646] => Could not register, trying another image.
I20261002 19:59:11.829942 27192 incremental_pipeline.cc:620] Registering image #157 (num_reg_frames=5)
I20261002 19:59:11.829984 27192 incremental_pipeline.cc:623] => Image sees 41 / 133 points
I20261002 19:59:11.830030 27192 incremental_pipeline.cc:629] Registering image with structure-less fallback
I20261002 19:59:11.830073 27192 incremental_pipeline.cc:631] => Image sees 63 / 801 correspondences
I20261002 19:59:11.830122 27192 incremental_pipeline.cc:646] => Could not register, trying another image.
I20261002 19:59:11.830169 27192 incremental_pipeline.cc:620] Registering image #138 (num_reg_frames=5)
I20261002 19:59:11.830212 27192 incremental_pipeline.cc:623] => Image sees 44 / 181 points
I20261002 19:59:11.830338 27192 incremental_pipeline.cc:629] Registering image with structure-less fallback
I20261002 19:59:11.830400 27192 incremental_pipeline.cc:631] => Image sees 61 / 1175 correspondences
I20261002 19:59:11.830462 27192 incremental_pipeline.cc:646] => Could not register, trying another image.
I20261002 19:59:11.830515 27192 incremental_pipeline.cc:620] Registering image #141 (num_reg_frames=5)
I20261002 19:59:11.830562 27192 incremental_pipeline.cc:623] => Image sees 42 / 155 points
I20261002 19:59:11.830609 27192 incremental_pipeline.cc:629] Registering image with structure-less fallback
I20261002 19:59:11.830656 27192 incremental_pipeline.cc:631] => Image sees 61 / 888 correspondences
I20261002 19:59:11.830710 27192 incremental_pipeline.cc:646] => Could not register, trying another image.
I20261002 19:59:11.830755 27192 incremental_pipeline.cc:620] Registering image #155 (num_reg_frames=5)
I20261002 19:59:11.830810 27192 incremental_pipeline.cc:623] => Image sees 40 / 149 points
I20261002 19:59:11.830856 27192 incremental_pipeline.cc:629] Registering image with structure-less fallback
I20261002 19:59:11.830901 27192 incremental_pipeline.cc:631] => Image sees 60 / 995 correspondences
I20261002 19:59:11.830953 27192 incremental_pipeline.cc:646] => Could not register, trying another image.
I20261002 19:59:11.830998 27192 incremental_pipeline.cc:620] Registering image #131 (num_reg_frames=5)
I20261002 19:59:11.831042 27192 incremental_pipeline.cc:623] => Image sees 38 / 173 points
I20261002 19:59:11.831089 27192 incremental_pipeline.cc:629] Registering image with structure-less fallback
I20261002 19:59:11.831136 27192 incremental_pipeline.cc:631] => Image sees 60 / 998 correspondences
I20261002 19:59:11.831190 27192 incremental_pipeline.cc:646] => Could not register, trying another image.
I20261002 19:59:11.831235 27192 incremental_pipeline.cc:620] Registering image #135 (num_reg_frames=5)
I20261002 19:59:11.831279 27192 incremental_pipeline.cc:623] => Image sees 42 / 164 points
I20261002 19:59:11.831325 27192 incremental_pipeline.cc:629] Registering image with structure-less fallback
I20261002 19:59:11.831369 27192 incremental_pipeline.cc:631] => Image sees 59 / 1044 correspondences
I20261002 19:59:11.831415 27192 incremental_pipeline.cc:646] => Could not register, trying another image.
I20261002 19:59:11.831458 27192 incremental_pipeline.cc:620] Registering image #137 (num_reg_frames=5)
I20261002 19:59:11.831504 27192 incremental_pipeline.cc:623] => Image sees 42 / 160 points
I20261002 19:59:11.831549 27192 incremental_pipeline.cc:629] Registering image with structure-less fallback
I20261002 19:59:11.831593 27192 incremental_pipeline.cc:631] => Image sees 58 / 930 correspondences
I20261002 19:59:11.831639 27192 incremental_pipeline.cc:646] => Could not register, trying another image.
I20261002 19:59:11.831685 27192 incremental_pipeline.cc:620] Registering image #156 (num_reg_frames=5)
I20261002 19:59:11.831729 27192 incremental_pipeline.cc:623] => Image sees 33 / 134 points
I20261002 19:59:11.831774 27192 incremental_pipeline.cc:629] Registering image with structure-less fallback
I20261002 19:59:11.831818 27192 incremental_pipeline.cc:631] => Image sees 53 / 707 correspondences
I20261002 19:59:11.831864 27192 incremental_pipeline.cc:646] => Could not register, trying another image.
I20261002 19:59:11.831908 27192 incremental_pipeline.cc:620] Registering image #160 (num_reg_frames=5)
I20261002 19:59:11.831955 27192 incremental_pipeline.cc:623] => Image sees 32 / 137 points
I20261002 19:59:11.832001 27192 incremental_pipeline.cc:629] Registering image with structure-less fallback
I20261002 19:59:11.832046 27192 incremental_pipeline.cc:631] => Image sees 51 / 784 correspondences
I20261002 19:59:11.832091 27192 incremental_pipeline.cc:646] => Could not register, trying another image.
I20261002 19:59:11.832135 27192 incremental_pipeline.cc:620] Registering image #132 (num_reg_frames=5)
I20261002 19:59:11.832181 27192 incremental_pipeline.cc:623] => Image sees 40 / 186 points
I20261002 19:59:11.832226 27192 incremental_pipeline.cc:629] Registering image with structure-less fallback
I20261002 19:59:11.832270 27192 incremental_pipeline.cc:631] => Image sees 50 / 1123 correspondences
I20261002 19:59:11.832315 27192 incremental_pipeline.cc:646] => Could not register, trying another image.
I20261002 19:59:11.832366 27192 incremental_pipeline.cc:620] Registering image #129 (num_reg_frames=5)
I20261002 19:59:11.832411 27192 incremental_pipeline.cc:623] => Image sees 30 / 152 points
I20261002 19:59:11.832455 27192 incremental_pipeline.cc:629] Registering image with structure-less fallback
I20261002 19:59:11.832499 27192 incremental_pipeline.cc:631] => Image sees 47 / 958 correspondences
I20261002 19:59:11.832581 27192 incremental_pipeline.cc:646] => Could not register, trying another image.
I20261002 19:59:11.832626 27192 incremental_pipeline.cc:620] Registering image #127 (num_reg_frames=5)
I20261002 19:59:11.832672 27192 incremental_pipeline.cc:623] => Image sees 32 / 169 points
I20261002 19:59:11.832719 27192 incremental_pipeline.cc:629] Registering image with structure-less fallback
I20261002 19:59:11.832763 27192 incremental_pipeline.cc:631] => Image sees 45 / 964 correspondences
I20261002 19:59:11.832809 27192 incremental_pipeline.cc:646] => Could not register, trying another image.
I20261002 19:59:11.832853 27192 incremental_pipeline.cc:620] Registering image #126 (num_reg_frames=5)
I20261002 19:59:11.832897 27192 incremental_pipeline.cc:623] => Image sees 33 / 164 points
I20261002 19:59:11.832942 27192 incremental_pipeline.cc:629] Registering image with structure-less fallback
I20261002 19:59:11.832986 27192 incremental_pipeline.cc:631] => Image sees 43 / 1089 correspondences
I20261002 19:59:11.833031 27192 incremental_pipeline.cc:646] => Could not register, trying another image.
I20261002 19:59:11.833075 27192 incremental_pipeline.cc:88] Retriangulation and Global bundle adjustment
I20261002 19:59:11.843446 27192 incremental_pipeline.cc:620] Registering image #153 (num_reg_frames=5)
I20261002 19:59:11.843570 27192 incremental_pipeline.cc:623] => Image sees 71 / 165 points
I20261002 19:59:11.843652 27192 incremental_pipeline.cc:646] => Could not register, trying another image.
I20261002 19:59:11.843702 27192 incremental_pipeline.cc:620] Registering image #152 (num_reg_frames=5)
I20261002 19:59:11.843747 27192 incremental_pipeline.cc:623] => Image sees 62 / 142 points
I20261002 19:59:11.843802 27192 incremental_pipeline.cc:646] => Could not register, trying another image.
I20261002 19:59:11.843849 27192 incremental_pipeline.cc:620] Registering image #146 (num_reg_frames=5)
I20261002 19:59:11.843893 27192 incremental_pipeline.cc:623] => Image sees 66 / 155 points
I20261002 19:59:11.843948 27192 incremental_pipeline.cc:646] => Could not register, trying another image.
I20261002 19:59:11.844034 27192 incremental_pipeline.cc:620] Registering image #158 (num_reg_frames=5)
I20261002 19:59:11.844098 27192 incremental_pipeline.cc:623] => Image sees 61 / 144 points
I20261002 19:59:11.844154 27192 incremental_pipeline.cc:646] => Could not register, trying another image.
I20261002 19:59:11.844197 27192 incremental_pipeline.cc:620] Registering image #151 (num_reg_frames=5)
I20261002 19:59:11.844240 27192 incremental_pipeline.cc:623] => Image sees 57 / 153 points
I20261002 19:59:11.844293 27192 incremental_pipeline.cc:646] => Could not register, trying another image.
I20261002 19:59:11.844337 27192 incremental_pipeline.cc:620] Registering image #149 (num_reg_frames=5)
I20261002 19:59:11.844379 27192 incremental_pipeline.cc:623] => Image sees 65 / 154 points
I20261002 19:59:11.844434 27192 incremental_pipeline.cc:646] => Could not register, trying another image.
I20261002 19:59:11.844476 27192 incremental_pipeline.cc:620] Registering image #136 (num_reg_frames=5)
I20261002 19:59:11.844519 27192 incremental_pipeline.cc:623] => Image sees 54 / 159 points
I20261002 19:59:11.844573 27192 incremental_pipeline.cc:646] => Could not register, trying another image.
I20261002 19:59:11.844616 27192 incremental_pipeline.cc:620] Registering image #144 (num_reg_frames=5)
I20261002 19:59:11.844659 27192 incremental_pipeline.cc:623] => Image sees 54 / 135 points
I20261002 19:59:11.844711 27192 incremental_pipeline.cc:646] => Could not register, trying another image.
I20261002 19:59:11.844796 27192 incremental_pipeline.cc:620] Registering image #143 (num_reg_frames=5)
I20261002 19:59:11.844846 27192 incremental_pipeline.cc:623] => Image sees 54 / 142 points
I20261002 19:59:11.844903 27192 incremental_pipeline.cc:646] => Could not register, trying another image.
I20261002 19:59:11.844949 27192 incremental_pipeline.cc:620] Registering image #140 (num_reg_frames=5)
I20261002 19:59:11.844995 27192 incremental_pipeline.cc:623] => Image sees 52 / 152 points
I20261002 19:59:11.845057 27192 incremental_pipeline.cc:646] => Could not register, trying another image.
I20261002 19:59:11.845101 27192 incremental_pipeline.cc:620] Registering image #142 (num_reg_frames=5)
I20261002 19:59:11.845143 27192 incremental_pipeline.cc:623] => Image sees 51 / 159 points
I20261002 19:59:11.845195 27192 incremental_pipeline.cc:646] => Could not register, trying another image.
I20261002 19:59:11.845238 27192 incremental_pipeline.cc:620] Registering image #133 (num_reg_frames=5)
I20261002 19:59:11.845284 27192 incremental_pipeline.cc:623] => Image sees 47 / 172 points
I20261002 19:59:11.845335 27192 incremental_pipeline.cc:646] => Could not register, trying another image.
I20261002 19:59:11.845377 27192 incremental_pipeline.cc:620] Registering image #134 (num_reg_frames=5)
I20261002 19:59:11.845420 27192 incremental_pipeline.cc:623] => Image sees 49 / 161 points
I20261002 19:59:11.845473 27192 incremental_pipeline.cc:646] => Could not register, trying another image.
I20261002 19:59:11.845516 27192 incremental_pipeline.cc:620] Registering image #130 (num_reg_frames=5)
I20261002 19:59:11.845559 27192 incremental_pipeline.cc:623] => Image sees 44 / 185 points
I20261002 19:59:11.845619 27192 incremental_pipeline.cc:646] => Could not register, trying another image.
I20261002 19:59:11.845662 27192 incremental_pipeline.cc:620] Registering image #159 (num_reg_frames=5)
I20261002 19:59:11.845705 27192 incremental_pipeline.cc:623] => Image sees 39 / 142 points
I20261002 19:59:11.845768 27192 incremental_pipeline.cc:646] => Could not register, trying another image.
I20261002 19:59:11.845867 27192 incremental_pipeline.cc:620] Registering image #138 (num_reg_frames=5)
I20261002 19:59:11.846073 27192 incremental_pipeline.cc:623] => Image sees 44 / 181 points
I20261002 19:59:11.846201 27192 incremental_pipeline.cc:646] => Could not register, trying another image.
I20261002 19:59:11.846324 27192 incremental_pipeline.cc:620] Registering image #141 (num_reg_frames=5)
I20261002 19:59:11.846473 27192 incremental_pipeline.cc:623] => Image sees 42 / 155 points
I20261002 19:59:11.846568 27192 incremental_pipeline.cc:646] => Could not register, trying another image.
I20261002 19:59:11.846622 27192 incremental_pipeline.cc:620] Registering image #135 (num_reg_frames=5)
I20261002 19:59:11.846670 27192 incremental_pipeline.cc:623] => Image sees 42 / 164 points
I20261002 19:59:11.846729 27192 incremental_pipeline.cc:646] => Could not register, trying another image.
I20261002 19:59:11.846774 27192 incremental_pipeline.cc:620] Registering image #154 (num_reg_frames=5)
I20261002 19:59:11.846818 27192 incremental_pipeline.cc:623] => Image sees 42 / 119 points
I20261002 19:59:11.846873 27192 incremental_pipeline.cc:646] => Could not register, trying another image.
I20261002 19:59:11.846918 27192 incremental_pipeline.cc:620] Registering image #157 (num_reg_frames=5)
I20261002 19:59:11.846963 27192 incremental_pipeline.cc:623] => Image sees 41 / 133 points
I20261002 19:59:11.847027 27192 incremental_pipeline.cc:646] => Could not register, trying another image.
I20261002 19:59:11.847072 27192 incremental_pipeline.cc:620] Registering image #137 (num_reg_frames=5)
I20261002 19:59:11.847164 27192 incremental_pipeline.cc:623] => Image sees 42 / 160 points
I20261002 19:59:11.847228 27192 incremental_pipeline.cc:646] => Could not register, trying another image.
I20261002 19:59:11.847276 27192 incremental_pipeline.cc:620] Registering image #155 (num_reg_frames=5)
I20261002 19:59:11.847322 27192 incremental_pipeline.cc:623] => Image sees 40 / 149 points
I20261002 19:59:11.847386 27192 incremental_pipeline.cc:646] => Could not register, trying another image.
I20261002 19:59:11.847431 27192 incremental_pipeline.cc:620] Registering image #161 (num_reg_frames=5)
I20261002 19:59:11.847476 27192 incremental_pipeline.cc:623] => Image sees 36 / 132 points
I20261002 19:59:11.847529 27192 incremental_pipeline.cc:646] => Could not register, trying another image.
I20261002 19:59:11.847577 27192 incremental_pipeline.cc:620] Registering image #132 (num_reg_frames=5)
I20261002 19:59:11.847624 27192 incremental_pipeline.cc:623] => Image sees 40 / 186 points
I20261002 19:59:11.847678 27192 incremental_pipeline.cc:646] => Could not register, trying another image.
I20261002 19:59:11.847722 27192 incremental_pipeline.cc:620] Registering image #131 (num_reg_frames=5)
I20261002 19:59:11.847767 27192 incremental_pipeline.cc:623] => Image sees 38 / 173 points
I20261002 19:59:11.847820 27192 incremental_pipeline.cc:646] => Could not register, trying another image.
I20261002 19:59:11.847865 27192 incremental_pipeline.cc:620] Registering image #160 (num_reg_frames=5)
I20261002 19:59:11.847909 27192 incremental_pipeline.cc:623] => Image sees 32 / 137 points
I20261002 19:59:11.847961 27192 incremental_pipeline.cc:646] => Could not register, trying another image.
I20261002 19:59:11.848005 27192 incremental_pipeline.cc:620] Registering image #156 (num_reg_frames=5)
I20261002 19:59:11.848051 27192 incremental_pipeline.cc:623] => Image sees 33 / 134 points
I20261002 19:59:11.848102 27192 incremental_pipeline.cc:646] => Could not register, trying another image.
I20261002 19:59:11.848150 27192 incremental_pipeline.cc:620] Registering image #162 (num_reg_frames=5)
I20261002 19:59:11.848196 27192 incremental_pipeline.cc:623] => Image sees 31 / 123 points
I20261002 19:59:11.848248 27192 incremental_pipeline.cc:646] => Could not register, trying another image.
I20261002 19:59:11.848292 27192 incremental_pipeline.cc:620] Registering image #126 (num_reg_frames=5)
I20261002 19:59:11.848338 27192 incremental_pipeline.cc:623] => Image sees 33 / 164 points
I20261002 19:59:11.848393 27192 incremental_pipeline.cc:646] => Could not register, trying another image.
I20261002 19:59:11.848438 27192 incremental_pipeline.cc:620] Registering image #129 (num_reg_frames=5)
I20261002 19:59:11.848483 27192 incremental_pipeline.cc:623] => Image sees 30 / 152 points
I20261002 19:59:11.848535 27192 incremental_pipeline.cc:646] => Could not register, trying another image.
I20261002 19:59:11.848580 27192 incremental_pipeline.cc:620] Registering image #127 (num_reg_frames=5)
I20261002 19:59:11.848625 27192 incremental_pipeline.cc:623] => Image sees 32 / 169 points
I20261002 19:59:11.848681 27192 incremental_pipeline.cc:646] => Could not register, trying another image.
I20261002 19:59:11.848731 27192 incremental_pipeline.cc:620] Registering image #153 (num_reg_frames=5)
I20261002 19:59:11.848777 27192 incremental_pipeline.cc:623] => Image sees 71 / 165 points
I20261002 19:59:11.848822 27192 incremental_pipeline.cc:629] Registering image with structure-less fallback
I20261002 19:59:11.848867 27192 incremental_pipeline.cc:631] => Image sees 421 / 1066 correspondences
I20261002 19:59:11.848925 27192 incremental_pipeline.cc:646] => Could not register, trying another image.
I20261002 19:59:11.848970 27192 incremental_pipeline.cc:620] Registering image #140 (num_reg_frames=5)
I20261002 19:59:11.849018 27192 incremental_pipeline.cc:623] => Image sees 52 / 152 points
I20261002 19:59:11.849065 27192 incremental_pipeline.cc:629] Registering image with structure-less fallback
I20261002 19:59:11.849110 27192 incremental_pipeline.cc:631] => Image sees 341 / 2403 correspondences
I20261002 19:59:11.849172 27192 incremental_pipeline.cc:646] => Could not register, trying another image.
I20261002 19:59:11.849218 27192 incremental_pipeline.cc:620] Registering image #149 (num_reg_frames=5)
I20261002 19:59:11.849262 27192 incremental_pipeline.cc:623] => Image sees 65 / 154 points
I20261002 19:59:11.849307 27192 incremental_pipeline.cc:629] Registering image with structure-less fallback
I20261002 19:59:11.849360 27192 incremental_pipeline.cc:631] => Image sees 295 / 924 correspondences
I20261002 19:59:11.849416 27192 incremental_pipeline.cc:646] => Could not register, trying another image.
I20261002 19:59:11.849462 27192 incremental_pipeline.cc:620] Registering image #146 (num_reg_frames=5)
I20261002 19:59:11.849510 27192 incremental_pipeline.cc:623] => Image sees 66 / 155 points
I20261002 19:59:11.849554 27192 incremental_pipeline.cc:629] Registering image with structure-less fallback
I20261002 19:59:11.849600 27192 incremental_pipeline.cc:631] => Image sees 293 / 946 correspondences
I20261002 19:59:11.849656 27192 incremental_pipeline.cc:646] => Could not register, trying another image.
I20261002 19:59:11.849701 27192 incremental_pipeline.cc:620] Registering image #158 (num_reg_frames=5)
I20261002 19:59:11.849746 27192 incremental_pipeline.cc:623] => Image sees 61 / 144 points
I20261002 19:59:11.849791 27192 incremental_pipeline.cc:629] Registering image with structure-less fallback
I20261002 19:59:11.849835 27192 incremental_pipeline.cc:631] => Image sees 269 / 938 correspondences
I20261002 19:59:11.849891 27192 incremental_pipeline.cc:646] => Could not register, trying another image.
I20261002 19:59:11.849936 27192 incremental_pipeline.cc:620] Registering image #143 (num_reg_frames=5)
I20261002 19:59:11.849981 27192 incremental_pipeline.cc:623] => Image sees 54 / 142 points
I20261002 19:59:11.850025 27192 incremental_pipeline.cc:629] Registering image with structure-less fallback
I20261002 19:59:11.850070 27192 incremental_pipeline.cc:631] => Image sees 238 / 1064 correspondences
I20261002 19:59:11.850125 27192 incremental_pipeline.cc:646] => Could not register, trying another image.
I20261002 19:59:11.850169 27192 incremental_pipeline.cc:620] Registering image #152 (num_reg_frames=5)
I20261002 19:59:11.850213 27192 incremental_pipeline.cc:623] => Image sees 62 / 142 points
I20261002 19:59:11.850258 27192 incremental_pipeline.cc:629] Registering image with structure-less fallback
I20261002 19:59:11.850302 27192 incremental_pipeline.cc:631] => Image sees 227 / 961 correspondences
I20261002 19:59:11.850357 27192 incremental_pipeline.cc:646] => Could not register, trying another image.
I20261002 19:59:11.850401 27192 incremental_pipeline.cc:620] Registering image #130 (num_reg_frames=5)
I20261002 19:59:11.850445 27192 incremental_pipeline.cc:623] => Image sees 44 / 185 points
I20261002 19:59:11.850490 27192 incremental_pipeline.cc:629] Registering image with structure-less fallback
I20261002 19:59:11.850534 27192 incremental_pipeline.cc:631] => Image sees 225 / 2592 correspondences
I20261002 19:59:11.850596 27192 incremental_pipeline.cc:646] => Could not register, trying another image.
I20261002 19:59:11.850642 27192 incremental_pipeline.cc:620] Registering image #159 (num_reg_frames=5)
I20261002 19:59:11.850687 27192 incremental_pipeline.cc:623] => Image sees 39 / 142 points
I20261002 19:59:11.850736 27192 incremental_pipeline.cc:629] Registering image with structure-less fallback
I20261002 19:59:11.850781 27192 incremental_pipeline.cc:631] => Image sees 225 / 1593 correspondences
I20261002 19:59:11.850838 27192 incremental_pipeline.cc:646] => Could not register, trying another image.
I20261002 19:59:11.850883 27192 incremental_pipeline.cc:620] Registering image #151 (num_reg_frames=5)
I20261002 19:59:11.850928 27192 incremental_pipeline.cc:623] => Image sees 57 / 153 points
I20261002 19:59:11.850972 27192 incremental_pipeline.cc:629] Registering image with structure-less fallback
I20261002 19:59:11.851017 27192 incremental_pipeline.cc:631] => Image sees 204 / 853 correspondences
I20261002 19:59:11.851070 27192 incremental_pipeline.cc:646] => Could not register, trying another image.
I20261002 19:59:11.851115 27192 incremental_pipeline.cc:620] Registering image #136 (num_reg_frames=5)
I20261002 19:59:11.851160 27192 incremental_pipeline.cc:623] => Image sees 54 / 159 points
I20261002 19:59:11.851204 27192 incremental_pipeline.cc:629] Registering image with structure-less fallback
I20261002 19:59:11.851257 27192 incremental_pipeline.cc:631] => Image sees 203 / 977 correspondences
I20261002 19:59:11.851310 27192 incremental_pipeline.cc:646] => Could not register, trying another image.
I20261002 19:59:11.851355 27192 incremental_pipeline.cc:620] Registering image #134 (num_reg_frames=5)
I20261002 19:59:11.851402 27192 incremental_pipeline.cc:623] => Image sees 49 / 161 points
I20261002 19:59:11.851447 27192 incremental_pipeline.cc:629] Registering image with structure-less fallback
I20261002 19:59:11.851492 27192 incremental_pipeline.cc:631] => Image sees 187 / 1074 correspondences
I20261002 19:59:11.851546 27192 incremental_pipeline.cc:646] => Could not register, trying another image.
I20261002 19:59:11.851594 27192 incremental_pipeline.cc:620] Registering image #144 (num_reg_frames=5)
I20261002 19:59:11.851638 27192 incremental_pipeline.cc:623] => Image sees 54 / 135 points
I20261002 19:59:11.851683 27192 incremental_pipeline.cc:629] Registering image with structure-less fallback
I20261002 19:59:11.851728 27192 incremental_pipeline.cc:631] => Image sees 164 / 812 correspondences
I20261002 19:59:11.851794 27192 incremental_pipeline.cc:646] => Could not register, trying another image.
I20261002 19:59:11.851839 27192 incremental_pipeline.cc:620] Registering image #142 (num_reg_frames=5)
I20261002 19:59:11.851898 27192 incremental_pipeline.cc:623] => Image sees 51 / 159 points
I20261002 19:59:11.852032 27192 incremental_pipeline.cc:629] Registering image with structure-less fallback
I20261002 19:59:11.852120 27192 incremental_pipeline.cc:631] => Image sees 138 / 925 correspondences
I20261002 19:59:11.852188 27192 incremental_pipeline.cc:646] => Could not register, trying another image.
I20261002 19:59:11.852236 27192 incremental_pipeline.cc:620] Registering image #133 (num_reg_frames=5)
I20261002 19:59:11.852283 27192 incremental_pipeline.cc:623] => Image sees 47 / 172 points
I20261002 19:59:11.852328 27192 incremental_pipeline.cc:629] Registering image with structure-less fallback
I20261002 19:59:11.852371 27192 incremental_pipeline.cc:631] => Image sees 133 / 965 correspondences
I20261002 19:59:11.852423 27192 incremental_pipeline.cc:646] => Could not register, trying another image.
I20261002 19:59:11.852469 27192 incremental_pipeline.cc:620] Registering image #154 (num_reg_frames=5)
I20261002 19:59:11.852512 27192 incremental_pipeline.cc:623] => Image sees 42 / 119 points
I20261002 19:59:11.852554 27192 incremental_pipeline.cc:629] Registering image with structure-less fallback
I20261002 19:59:11.852599 27192 incremental_pipeline.cc:631] => Image sees 127 / 777 correspondences
I20261002 19:59:11.852649 27192 incremental_pipeline.cc:646] => Could not register, trying another image.
I20261002 19:59:11.852692 27192 incremental_pipeline.cc:620] Registering image #161 (num_reg_frames=5)
I20261002 19:59:11.852734 27192 incremental_pipeline.cc:623] => Image sees 36 / 132 points
I20261002 19:59:11.852776 27192 incremental_pipeline.cc:629] Registering image with structure-less fallback
I20261002 19:59:11.852818 27192 incremental_pipeline.cc:631] => Image sees 108 / 725 correspondences
I20261002 19:59:11.852867 27192 incremental_pipeline.cc:646] => Could not register, trying another image.
I20261002 19:59:11.852910 27192 incremental_pipeline.cc:620] Registering image #162 (num_reg_frames=5)
I20261002 19:59:11.852953 27192 incremental_pipeline.cc:623] => Image sees 31 / 123 points
I20261002 19:59:11.852995 27192 incremental_pipeline.cc:629] Registering image with structure-less fallback
I20261002 19:59:11.853036 27192 incremental_pipeline.cc:631] => Image sees 74 / 557 correspondences
I20261002 19:59:11.853085 27192 incremental_pipeline.cc:646] => Could not register, trying another image.
I20261002 19:59:11.853128 27192 incremental_pipeline.cc:620] Registering image #157 (num_reg_frames=5)
I20261002 19:59:11.853170 27192 incremental_pipeline.cc:623] => Image sees 41 / 133 points
I20261002 19:59:11.853213 27192 incremental_pipeline.cc:629] Registering image with structure-less fallback
I20261002 19:59:11.853255 27192 incremental_pipeline.cc:631] => Image sees 63 / 801 correspondences
I20261002 19:59:11.853317 27192 incremental_pipeline.cc:646] => Could not register, trying another image.
I20261002 19:59:11.853361 27192 incremental_pipeline.cc:620] Registering image #138 (num_reg_frames=5)
I20261002 19:59:11.853410 27192 incremental_pipeline.cc:623] => Image sees 44 / 181 points
I20261002 19:59:11.853452 27192 incremental_pipeline.cc:629] Registering image with structure-less fallback
I20261002 19:59:11.853494 27192 incremental_pipeline.cc:631] => Image sees 61 / 1175 correspondences
I20261002 19:59:11.853547 27192 incremental_pipeline.cc:646] => Could not register, trying another image.
I20261002 19:59:11.853589 27192 incremental_pipeline.cc:620] Registering image #141 (num_reg_frames=5)
I20261002 19:59:11.853633 27192 incremental_pipeline.cc:623] => Image sees 42 / 155 points
I20261002 19:59:11.853675 27192 incremental_pipeline.cc:629] Registering image with structure-less fallback
I20261002 19:59:11.853717 27192 incremental_pipeline.cc:631] => Image sees 61 / 888 correspondences
I20261002 19:59:11.853766 27192 incremental_pipeline.cc:646] => Could not register, trying another image.
I20261002 19:59:11.853808 27192 incremental_pipeline.cc:620] Registering image #155 (num_reg_frames=5)
I20261002 19:59:11.853850 27192 incremental_pipeline.cc:623] => Image sees 40 / 149 points
I20261002 19:59:11.853892 27192 incremental_pipeline.cc:629] Registering image with structure-less fallback
I20261002 19:59:11.853934 27192 incremental_pipeline.cc:631] => Image sees 60 / 995 correspondences
I20261002 19:59:11.853984 27192 incremental_pipeline.cc:646] => Could not register, trying another image.
I20261002 19:59:11.854026 27192 incremental_pipeline.cc:620] Registering image #131 (num_reg_frames=5)
I20261002 19:59:11.854068 27192 incremental_pipeline.cc:623] => Image sees 38 / 173 points
I20261002 19:59:11.854111 27192 incremental_pipeline.cc:629] Registering image with structure-less fallback
I20261002 19:59:11.854153 27192 incremental_pipeline.cc:631] => Image sees 60 / 998 correspondences
I20261002 19:59:11.854205 27192 incremental_pipeline.cc:646] => Could not register, trying another image.
I20261002 19:59:11.854247 27192 incremental_pipeline.cc:620] Registering image #135 (num_reg_frames=5)
I20261002 19:59:11.854289 27192 incremental_pipeline.cc:623] => Image sees 42 / 164 points
I20261002 19:59:11.854335 27192 incremental_pipeline.cc:629] Registering image with structure-less fallback
I20261002 19:59:11.854377 27192 incremental_pipeline.cc:631] => Image sees 59 / 1044 correspondences
I20261002 19:59:11.854420 27192 incremental_pipeline.cc:646] => Could not register, trying another image.
I20261002 19:59:11.854463 27192 incremental_pipeline.cc:620] Registering image #137 (num_reg_frames=5)
I20261002 19:59:11.854506 27192 incremental_pipeline.cc:623] => Image sees 42 / 160 points
I20261002 19:59:11.854548 27192 incremental_pipeline.cc:629] Registering image with structure-less fallback
I20261002 19:59:11.854591 27192 incremental_pipeline.cc:631] => Image sees 58 / 930 correspondences
I20261002 19:59:11.854634 27192 incremental_pipeline.cc:646] => Could not register, trying another image.
I20261002 19:59:11.854676 27192 incremental_pipeline.cc:620] Registering image #156 (num_reg_frames=5)
I20261002 19:59:11.854718 27192 incremental_pipeline.cc:623] => Image sees 33 / 134 points
I20261002 19:59:11.854762 27192 incremental_pipeline.cc:629] Registering image with structure-less fallback
I20261002 19:59:11.854805 27192 incremental_pipeline.cc:631] => Image sees 53 / 707 correspondences
I20261002 19:59:11.854848 27192 incremental_pipeline.cc:646] => Could not register, trying another image.
I20261002 19:59:11.854889 27192 incremental_pipeline.cc:620] Registering image #160 (num_reg_frames=5)
I20261002 19:59:11.854932 27192 incremental_pipeline.cc:623] => Image sees 32 / 137 points
I20261002 19:59:11.854976 27192 incremental_pipeline.cc:629] Registering image with structure-less fallback
I20261002 19:59:11.855018 27192 incremental_pipeline.cc:631] => Image sees 51 / 784 correspondences
I20261002 19:59:11.855068 27192 incremental_pipeline.cc:646] => Could not register, trying another image.
I20261002 19:59:11.855110 27192 incremental_pipeline.cc:620] Registering image #132 (num_reg_frames=5)
I20261002 19:59:11.855157 27192 incremental_pipeline.cc:623] => Image sees 40 / 186 points
I20261002 19:59:11.855200 27192 incremental_pipeline.cc:629] Registering image with structure-less fallback
I20261002 19:59:11.855242 27192 incremental_pipeline.cc:631] => Image sees 50 / 1123 correspondences
I20261002 19:59:11.855286 27192 incremental_pipeline.cc:646] => Could not register, trying another image.
I20261002 19:59:11.855330 27192 incremental_pipeline.cc:620] Registering image #129 (num_reg_frames=5)
I20261002 19:59:11.855375 27192 incremental_pipeline.cc:623] => Image sees 30 / 152 points
I20261002 19:59:11.855417 27192 incremental_pipeline.cc:629] Registering image with structure-less fallback
I20261002 19:59:11.855459 27192 incremental_pipeline.cc:631] => Image sees 47 / 958 correspondences
I20261002 19:59:11.855502 27192 incremental_pipeline.cc:646] => Could not register, trying another image.
I20261002 19:59:11.855543 27192 incremental_pipeline.cc:620] Registering image #127 (num_reg_frames=5)
I20261002 19:59:11.855585 27192 incremental_pipeline.cc:623] => Image sees 32 / 169 points
I20261002 19:59:11.855628 27192 incremental_pipeline.cc:629] Registering image with structure-less fallback
I20261002 19:59:11.855670 27192 incremental_pipeline.cc:631] => Image sees 45 / 964 correspondences
I20261002 19:59:11.855714 27192 incremental_pipeline.cc:646] => Could not register, trying another image.
I20261002 19:59:11.855757 27192 incremental_pipeline.cc:620] Registering image #126 (num_reg_frames=5)
I20261002 19:59:11.855800 27192 incremental_pipeline.cc:623] => Image sees 33 / 164 points
I20261002 19:59:11.855843 27192 incremental_pipeline.cc:629] Registering image with structure-less fallback
I20261002 19:59:11.855885 27192 incremental_pipeline.cc:631] => Image sees 43 / 1089 correspondences
I20261002 19:59:11.855929 27192 incremental_pipeline.cc:646] => Could not register, trying another image.
W20261002 19:59:11.855972 27192 incremental_pipeline.cc:821] Discarding reconstruction due to insufficient size
I20261002 19:59:11.857878 27192 incremental_pipeline.cc:465] Finding good initial image pair
I20261002 19:59:11.868667 27192 incremental_pipeline.cc:472] => No good initial image pair found.
I20261002 19:59:11.868819 27192 incremental_pipeline.cc:800] Discarding reconstruction due to no initial pair
I20261002 19:59:11.869404 27192 incremental_pipeline.cc:442] => Relaxing the initialization constraints.
I20261002 19:59:11.870466 27192 incremental_pipeline.cc:465] Finding good initial image pair
I20261002 19:59:11.882486 27192 incremental_pipeline.cc:492] Registering initial image pair #81 and #77
I20261002 19:59:11.883185 27192 incremental_pipeline.cc:510] Global bundle adjustment
I20261002 19:59:11.891051 27192 incremental_pipeline.cc:620] Registering image #79 (num_reg_frames=2)
I20261002 19:59:11.891163 27192 incremental_pipeline.cc:623] => Image sees 66 / 131 points
I20261002 19:59:11.894284 27192 incremental_pipeline.cc:88] Retriangulation and Global bundle adjustment
I20261002 19:59:11.899824 27192 incremental_pipeline.cc:620] Registering image #80 (num_reg_frames=3)
I20261002 19:59:11.899961 27192 incremental_pipeline.cc:623] => Image sees 72 / 107 points
I20261002 19:59:11.905712 27192 incremental_pipeline.cc:620] Registering image #84 (num_reg_frames=4)
I20261002 19:59:11.905822 27192 incremental_pipeline.cc:623] => Image sees 78 / 116 points
I20261002 19:59:11.913301 27192 incremental_pipeline.cc:88] Retriangulation and Global bundle adjustment
I20261002 19:59:11.945867 27192 incremental_pipeline.cc:620] Registering image #85 (num_reg_frames=5)
I20261002 19:59:11.946000 27192 incremental_pipeline.cc:623] => Image sees 77 / 124 points
I20261002 19:59:11.966495 27192 incremental_pipeline.cc:620] Registering image #83 (num_reg_frames=6)
I20261002 19:59:11.966613 27192 incremental_pipeline.cc:623] => Image sees 85 / 112 points
I20261002 19:59:11.970833 27192 incremental_pipeline.cc:88] Retriangulation and Global bundle adjustment
I20261002 19:59:11.992342 27192 incremental_pipeline.cc:620] Registering image #82 (num_reg_frames=7)
I20261002 19:59:11.992487 27192 incremental_pipeline.cc:623] => Image sees 84 / 113 points
I20261002 19:59:11.999767 27192 incremental_pipeline.cc:620] Registering image #87 (num_reg_frames=8)
I20261002 19:59:11.999917 27192 incremental_pipeline.cc:623] => Image sees 91 / 133 points
I20261002 19:59:12.007192 27192 incremental_pipeline.cc:620] Registering image #86 (num_reg_frames=9)
I20261002 19:59:12.007304 27192 incremental_pipeline.cc:623] => Image sees 97 / 115 points
I20261002 19:59:12.013700 27192 incremental_pipeline.cc:88] Retriangulation and Global bundle adjustment
I20261002 19:59:12.247535 27192 incremental_pipeline.cc:88] Retriangulation and Global bundle adjustment
I20261002 19:59:12.306642 27192 incremental_pipeline.cc:826] Keeping successful reconstruction
I20261002 19:59:12.308482 27192 incremental_pipeline.cc:465] Finding good initial image pair
I20261002 19:59:12.313202 27192 incremental_pipeline.cc:492] Registering initial image pair #40 and #44
I20261002 19:59:12.313881 27192 incremental_pipeline.cc:510] Global bundle adjustment
I20261002 19:59:12.320366 27192 incremental_pipeline.cc:620] Registering image #58 (num_reg_frames=2)
I20261002 19:59:12.320546 27192 incremental_pipeline.cc:623] => Image sees 50 / 105 points
I20261002 19:59:12.326253 27192 incremental_pipeline.cc:88] Retriangulation and Global bundle adjustment
I20261002 19:59:12.341182 27192 incremental_pipeline.cc:88] Retriangulation and Global bundle adjustment
W20261002 19:59:12.343618 27192 incremental_pipeline.cc:821] Discarding reconstruction due to insufficient size
I20261002 19:59:12.345668 27192 incremental_pipeline.cc:465] Finding good initial image pair
I20261002 19:59:12.352926 27192 incremental_pipeline.cc:492] Registering initial image pair #145 and #139
I20261002 19:59:12.353429 27192 incremental_pipeline.cc:510] Global bundle adjustment
I20261002 19:59:12.354787 27192 incremental_pipeline.cc:791] Discarding reconstruction due to bad initial pair
I20261002 19:59:12.356457 27192 incremental_pipeline.cc:465] Finding good initial image pair
I20261002 19:59:12.364353 27192 incremental_pipeline.cc:492] Registering initial image pair #139 and #148
I20261002 19:59:12.364793 27192 incremental_pipeline.cc:791] Discarding reconstruction due to bad initial pair
I20261002 19:59:12.365607 27192 incremental_pipeline.cc:465] Finding good initial image pair
I20261002 19:59:12.370318 27192 incremental_pipeline.cc:492] Registering initial image pair #148 and #155
I20261002 19:59:12.370736 27192 incremental_pipeline.cc:510] Global bundle adjustment
I20261002 19:59:12.370994 27192 incremental_pipeline.cc:791] Discarding reconstruction due to bad initial pair
I20261002 19:59:12.372834 27192 incremental_pipeline.cc:465] Finding good initial image pair
I20261002 19:59:12.378640 27192 incremental_pipeline.cc:472] => No good initial image pair found.
I20261002 19:59:12.378773 27192 incremental_pipeline.cc:800] Discarding reconstruction due to no initial pair
I20261002 19:59:12.379345 27192 incremental_pipeline.cc:429] => Relaxing the initialization constraints.
I20261002 19:59:12.380450 27192 incremental_pipeline.cc:465] Finding good initial image pair
I20261002 19:59:12.391342 27192 incremental_pipeline.cc:492] Registering initial image pair #159 and #156
I20261002 19:59:12.391912 27192 incremental_pipeline.cc:510] Global bundle adjustment
I20261002 19:59:12.400416 27192 incremental_pipeline.cc:620] Registering image #161 (num_reg_frames=2)
I20261002 19:59:12.400558 27192 incremental_pipeline.cc:623] => Image sees 67 / 132 points
I20261002 19:59:12.409316 27192 incremental_pipeline.cc:88] Retriangulation and Global bundle adjustment
I20261002 19:59:12.423198 27192 incremental_pipeline.cc:620] Registering image #160 (num_reg_frames=3)
I20261002 19:59:12.423349 27192 incremental_pipeline.cc:623] => Image sees 94 / 137 points
I20261002 19:59:12.428652 27192 incremental_pipeline.cc:620] Registering image #155 (num_reg_frames=4)
I20261002 19:59:12.428868 27192 incremental_pipeline.cc:623] => Image sees 99 / 149 points
I20261002 19:59:12.439798 27192 incremental_pipeline.cc:88] Retriangulation and Global bundle adjustment
I20261002 19:59:12.527034 27192 incremental_pipeline.cc:620] Registering image #154 (num_reg_frames=5)
I20261002 19:59:12.527237 27192 incremental_pipeline.cc:623] => Image sees 36 / 119 points
I20261002 19:59:12.550914 27192 incremental_pipeline.cc:620] Registering image #157 (num_reg_frames=6)
I20261002 19:59:12.551077 27192 incremental_pipeline.cc:623] => Image sees 38 / 133 points
I20261002 19:59:12.554887 27192 incremental_pipeline.cc:88] Retriangulation and Global bundle adjustment
I20261002 19:59:12.596976 27192 incremental_pipeline.cc:88] Retriangulation and Global bundle adjustment
I20261002 19:59:12.730239 27192 incremental_pipeline.cc:620] Registering image #158 (num_reg_frames=7)
I20261002 19:59:12.730432 27192 incremental_pipeline.cc:623] => Image sees 43 / 144 points
I20261002 19:59:12.735360 27192 incremental_pipeline.cc:88] Retriangulation and Global bundle adjustment
I20261002 19:59:12.785376 27192 incremental_pipeline.cc:620] Registering image #151 (num_reg_frames=8)
I20261002 19:59:12.785541 27192 incremental_pipeline.cc:623] => Image sees 42 / 153 points
I20261002 19:59:12.791688 27192 incremental_pipeline.cc:620] Registering image #147 (num_reg_frames=9)
I20261002 19:59:12.791889 27192 incremental_pipeline.cc:623] => Image sees 43 / 142 points
I20261002 19:59:12.797026 27192 incremental_pipeline.cc:620] Registering image #153 (num_reg_frames=10)
I20261002 19:59:12.797219 27192 incremental_pipeline.cc:623] => Image sees 45 / 165 points
W20261002 19:59:12.806465 27192 levenberg_marquardt_strategy.cc:123] Linear solver failure. Failed to compute a step: Eigen failure. Unable to perform dense Cholesky factorization.
W20261002 19:59:12.806902 27192 levenberg_marquardt_strategy.cc:123] Linear solver failure. Failed to compute a step: Eigen failure. Unable to perform dense Cholesky factorization.
W20261002 19:59:12.807150 27192 levenberg_marquardt_strategy.cc:123] Linear solver failure. Failed to compute a step: Eigen failure. Unable to perform dense Cholesky factorization.
W20261002 19:59:12.807593 27192 levenberg_marquardt_strategy.cc:123] Linear solver failure. Failed to compute a step: Eigen failure. Unable to perform dense Cholesky factorization.
W20261002 19:59:12.807720 27192 levenberg_marquardt_strategy.cc:123] Linear solver failure. Failed to compute a step: Eigen failure. Unable to perform dense Cholesky factorization.
W20261002 19:59:12.807831 27192 levenberg_marquardt_strategy.cc:123] Linear solver failure. Failed to compute a step: Eigen failure. Unable to perform dense Cholesky factorization.
W20261002 19:59:12.808236 27192 levenberg_marquardt_strategy.cc:123] Linear solver failure. Failed to compute a step: Eigen failure. Unable to perform dense Cholesky factorization.
W20261002 19:59:12.808496 27192 levenberg_marquardt_strategy.cc:123] Linear solver failure. Failed to compute a step: Eigen failure. Unable to perform dense Cholesky factorization.
W20261002 19:59:12.808751 27192 levenberg_marquardt_strategy.cc:123] Linear solver failure. Failed to compute a step: Eigen failure. Unable to perform dense Cholesky factorization.
W20261002 19:59:12.808868 27192 levenberg_marquardt_strategy.cc:123] Linear solver failure. Failed to compute a step: Eigen failure. Unable to perform dense Cholesky factorization.
I20261002 19:59:12.812009 27192 incremental_pipeline.cc:620] Registering image #152 (num_reg_frames=11)
I20261002 19:59:12.812118 27192 incremental_pipeline.cc:623] => Image sees 49 / 142 points
I20261002 19:59:12.819658 27192 incremental_pipeline.cc:88] Retriangulation and Global bundle adjustment
W20261002 19:59:12.844700 27192 levenberg_marquardt_strategy.cc:123] Linear solver failure. Failed to compute a step: Eigen failure. Unable to perform dense Cholesky factorization.
W20261002 19:59:12.845663 27192 levenberg_marquardt_strategy.cc:123] Linear solver failure. Failed to compute a step: Eigen failure. Unable to perform dense Cholesky factorization.
W20261002 19:59:12.846997 27192 levenberg_marquardt_strategy.cc:123] Linear solver failure. Failed to compute a step: Eigen failure. Unable to perform dense Cholesky factorization.
W20261002 19:59:12.847415 27192 levenberg_marquardt_strategy.cc:123] Linear solver failure. Failed to compute a step: Eigen failure. Unable to perform dense Cholesky factorization.
W20261002 19:59:12.848726 27192 levenberg_marquardt_strategy.cc:123] Linear solver failure. Failed to compute a step: Eigen failure. Unable to perform dense Cholesky factorization.
W20261002 19:59:12.849127 27192 levenberg_marquardt_strategy.cc:123] Linear solver failure. Failed to compute a step: Eigen failure. Unable to perform dense Cholesky factorization.
W20261002 19:59:12.850427 27192 levenberg_marquardt_strategy.cc:123] Linear solver failure. Failed to compute a step: Eigen failure. Unable to perform dense Cholesky factorization.
W20261002 19:59:12.850781 27192 levenberg_marquardt_strategy.cc:123] Linear solver failure. Failed to compute a step: Eigen failure. Unable to perform dense Cholesky factorization.
W20261002 19:59:12.852080 27192 levenberg_marquardt_strategy.cc:123] Linear solver failure. Failed to compute a step: Eigen failure. Unable to perform dense Cholesky factorization.
I20261002 19:59:12.886028 27192 incremental_pipeline.cc:620] Registering image #150 (num_reg_frames=12)
I20261002 19:59:12.886174 27192 incremental_pipeline.cc:623] => Image sees 41 / 135 points
I20261002 19:59:12.896578 27192 incremental_pipeline.cc:620] Registering image #149 (num_reg_frames=13)
I20261002 19:59:12.896715 27192 incremental_pipeline.cc:623] => Image sees 50 / 154 points
I20261002 19:59:12.904488 27192 incremental_pipeline.cc:620] Registering image #148 (num_reg_frames=14)
I20261002 19:59:12.904602 27192 incremental_pipeline.cc:623] => Image sees 60 / 141 points
I20261002 19:59:12.927466 27192 incremental_pipeline.cc:88] Retriangulation and Global bundle adjustment
I20261002 19:59:13.113189 27192 incremental_pipeline.cc:620] Registering image #146 (num_reg_frames=15)
I20261002 19:59:13.113396 27192 incremental_pipeline.cc:623] => Image sees 62 / 155 points
I20261002 19:59:13.122725 27192 incremental_pipeline.cc:620] Registering image #145 (num_reg_frames=16)
I20261002 19:59:13.122921 27192 incremental_pipeline.cc:623] => Image sees 64 / 153 points
I20261002 19:59:13.135731 27192 incremental_pipeline.cc:620] Registering image #140 (num_reg_frames=17)
I20261002 19:59:13.135855 27192 incremental_pipeline.cc:623] => Image sees 54 / 152 points
I20261002 19:59:13.158940 27192 incremental_pipeline.cc:620] Registering image #143 (num_reg_frames=18)
I20261002 19:59:13.159100 27192 incremental_pipeline.cc:623] => Image sees 58 / 142 points
I20261002 19:59:13.170753 27192 incremental_pipeline.cc:620] Registering image #142 (num_reg_frames=19)
I20261002 19:59:13.170877 27192 incremental_pipeline.cc:623] => Image sees 56 / 159 points
I20261002 19:59:13.177585 27192 incremental_pipeline.cc:88] Retriangulation and Global bundle adjustment
I20261002 19:59:13.573478 27192 incremental_pipeline.cc:620] Registering image #138 (num_reg_frames=20)
I20261002 19:59:13.582612 27192 incremental_pipeline.cc:623] => Image sees 64 / 181 points
I20261002 19:59:13.592154 27192 incremental_pipeline.cc:620] Registering image #136 (num_reg_frames=21)
I20261002 19:59:13.592270 27192 incremental_pipeline.cc:623] => Image sees 65 / 159 points
I20261002 19:59:13.602008 27192 incremental_pipeline.cc:620] Registering image #141 (num_reg_frames=22)
I20261002 19:59:13.602139 27192 incremental_pipeline.cc:623] => Image sees 75 / 155 points
I20261002 19:59:13.613237 27192 incremental_pipeline.cc:620] Registering image #137 (num_reg_frames=23)
I20261002 19:59:13.613342 27192 incremental_pipeline.cc:623] => Image sees 71 / 160 points
I20261002 19:59:13.625256 27192 incremental_pipeline.cc:620] Registering image #130 (num_reg_frames=24)
I20261002 19:59:13.625377 27192 incremental_pipeline.cc:623] => Image sees 70 / 185 points
I20261002 19:59:13.655468 27192 incremental_pipeline.cc:620] Registering image #135 (num_reg_frames=25)
I20261002 19:59:13.655607 27192 incremental_pipeline.cc:623] => Image sees 73 / 164 points
I20261002 19:59:13.667293 27192 incremental_pipeline.cc:620] Registering image #132 (num_reg_frames=26)
I20261002 19:59:13.667409 27192 incremental_pipeline.cc:623] => Image sees 76 / 186 points
I20261002 19:59:13.678961 27192 incremental_pipeline.cc:88] Retriangulation and Global bundle adjustment
I20261002 19:59:14.083873 27192 incremental_pipeline.cc:620] Registering image #131 (num_reg_frames=27)
I20261002 19:59:14.092907 27192 incremental_pipeline.cc:623] => Image sees 76 / 173 points
I20261002 19:59:14.104847 27192 incremental_pipeline.cc:620] Registering image #133 (num_reg_frames=28)
I20261002 19:59:14.104979 27192 incremental_pipeline.cc:623] => Image sees 81 / 172 points
I20261002 19:59:14.119104 27192 incremental_pipeline.cc:620] Registering image #126 (num_reg_frames=29)
I20261002 19:59:14.119245 27192 incremental_pipeline.cc:623] => Image sees 78 / 164 points
I20261002 19:59:14.132143 27192 incremental_pipeline.cc:620] Registering image #127 (num_reg_frames=30)
I20261002 19:59:14.132243 27192 incremental_pipeline.cc:623] => Image sees 74 / 169 points
I20261002 19:59:14.142042 27192 incremental_pipeline.cc:620] Registering image #134 (num_reg_frames=31)
I20261002 19:59:14.142153 27192 incremental_pipeline.cc:623] => Image sees 84 / 161 points
I20261002 19:59:14.161754 27192 incremental_pipeline.cc:620] Registering image #144 (num_reg_frames=32)
I20261002 19:59:14.161940 27192 incremental_pipeline.cc:623] => Image sees 82 / 135 points
I20261002 19:59:14.176225 27192 incremental_pipeline.cc:620] Registering image #139 (num_reg_frames=33)
I20261002 19:59:14.176342 27192 incremental_pipeline.cc:623] => Image sees 77 / 133 points
I20261002 19:59:14.193243 27192 incremental_pipeline.cc:620] Registering image #125 (num_reg_frames=34)
I20261002 19:59:14.193354 27192 incremental_pipeline.cc:623] => Image sees 70 / 147 points
I20261002 19:59:14.203229 27192 incremental_pipeline.cc:620] Registering image #129 (num_reg_frames=35)
I20261002 19:59:14.203354 27192 incremental_pipeline.cc:623] => Image sees 82 / 152 points
I20261002 19:59:14.219867 27192 incremental_pipeline.cc:620] Registering image #128 (num_reg_frames=36)
I20261002 19:59:14.219980 27192 incremental_pipeline.cc:623] => Image sees 70 / 170 points
I20261002 19:59:14.227930 27192 incremental_pipeline.cc:620] Registering image #124 (num_reg_frames=37)
I20261002 19:59:14.228030 27192 incremental_pipeline.cc:623] => Image sees 72 / 174 points
I20261002 19:59:14.235969 27192 incremental_pipeline.cc:88] Retriangulation and Global bundle adjustment
I20261002 19:59:14.737617 27192 incremental_pipeline.cc:620] Registering image #122 (num_reg_frames=38)
I20261002 19:59:14.746797 27192 incremental_pipeline.cc:623] => Image sees 62 / 158 points
I20261002 19:59:14.756401 27192 incremental_pipeline.cc:620] Registering image #120 (num_reg_frames=39)
I20261002 19:59:14.756518 27192 incremental_pipeline.cc:623] => Image sees 71 / 187 points
I20261002 19:59:14.768622 27192 incremental_pipeline.cc:88] Retriangulation and Global bundle adjustment
I20261002 19:59:15.198661 27192 incremental_pipeline.cc:826] Keeping successful reconstruction
I20261002 19:59:15.209570 27192 incremental_pipeline.cc:465] Finding good initial image pair
I20261002 19:59:15.214777 27192 incremental_pipeline.cc:492] Registering initial image pair #44 and #35
I20261002 19:59:15.215173 27192 incremental_pipeline.cc:510] Global bundle adjustment
I20261002 19:59:15.221565 27192 incremental_pipeline.cc:620] Registering image #49 (num_reg_frames=2)
I20261002 19:59:15.221665 27192 incremental_pipeline.cc:623] => Image sees 48 / 111 points
I20261002 19:59:15.224526 27192 incremental_pipeline.cc:88] Retriangulation and Global bundle adjustment
I20261002 19:59:15.233564 27192 incremental_pipeline.cc:620] Registering image #72 (num_reg_frames=3)
I20261002 19:59:15.233705 27192 incremental_pipeline.cc:623] => Image sees 55 / 108 points
I20261002 19:59:15.239005 27192 incremental_pipeline.cc:620] Registering image #61 (num_reg_frames=4)
I20261002 19:59:15.239110 27192 incremental_pipeline.cc:623] => Image sees 68 / 113 points
I20261002 19:59:15.242713 27192 incremental_pipeline.cc:88] Retriangulation and Global bundle adjustment
I20261002 19:59:15.259544 27192 incremental_pipeline.cc:620] Registering image #67 (num_reg_frames=5)
I20261002 19:59:15.259685 27192 incremental_pipeline.cc:623] => Image sees 68 / 109 points
I20261002 19:59:15.264760 27192 incremental_pipeline.cc:620] Registering image #50 (num_reg_frames=6)
I20261002 19:59:15.264883 27192 incremental_pipeline.cc:623] => Image sees 77 / 111 points
I20261002 19:59:15.270837 27192 incremental_pipeline.cc:88] Retriangulation and Global bundle adjustment
I20261002 19:59:15.343707 27192 incremental_pipeline.cc:620] Registering image #29 (num_reg_frames=7)
I20261002 19:59:15.343891 27192 incremental_pipeline.cc:623] => Image sees 63 / 99 points
I20261002 19:59:15.349500 27192 incremental_pipeline.cc:620] Registering image #54 (num_reg_frames=8)
I20261002 19:59:15.349609 27192 incremental_pipeline.cc:623] => Image sees 71 / 107 points
I20261002 19:59:15.355857 27192 incremental_pipeline.cc:620] Registering image #52 (num_reg_frames=9)
I20261002 19:59:15.355960 27192 incremental_pipeline.cc:623] => Image sees 72 / 106 points
I20261002 19:59:15.358104 27192 incremental_pipeline.cc:88] Retriangulation and Global bundle adjustment
I20261002 19:59:15.438338 27192 incremental_pipeline.cc:620] Registering image #53 (num_reg_frames=10)
I20261002 19:59:15.438521 27192 incremental_pipeline.cc:623] => Image sees 73 / 103 points
I20261002 19:59:15.444243 27192 incremental_pipeline.cc:620] Registering image #30 (num_reg_frames=11)
I20261002 19:59:15.444363 27192 incremental_pipeline.cc:623] => Image sees 75 / 96 points
I20261002 19:59:15.451958 27192 incremental_pipeline.cc:620] Registering image #71 (num_reg_frames=12)
I20261002 19:59:15.452074 27192 incremental_pipeline.cc:623] => Image sees 84 / 113 points
I20261002 19:59:15.457970 27192 incremental_pipeline.cc:620] Registering image #57 (num_reg_frames=13)
I20261002 19:59:15.458077 27192 incremental_pipeline.cc:623] => Image sees 82 / 114 points
I20261002 19:59:15.463018 27192 incremental_pipeline.cc:88] Retriangulation and Global bundle adjustment
I20261002 19:59:15.603902 27192 incremental_pipeline.cc:620] Registering image #51 (num_reg_frames=14)
I20261002 19:59:15.604204 27192 incremental_pipeline.cc:623] => Image sees 83 / 114 points
I20261002 19:59:15.610553 27192 incremental_pipeline.cc:620] Registering image #58 (num_reg_frames=15)
I20261002 19:59:15.610753 27192 incremental_pipeline.cc:623] => Image sees 81 / 105 points
I20261002 19:59:15.617947 27192 incremental_pipeline.cc:620] Registering image #42 (num_reg_frames=16)
I20261002 19:59:15.618074 27192 incremental_pipeline.cc:623] => Image sees 81 / 107 points
I20261002 19:59:15.624681 27192 incremental_pipeline.cc:620] Registering image #39 (num_reg_frames=17)
I20261002 19:59:15.624815 27192 incremental_pipeline.cc:623] => Image sees 79 / 103 points
I20261002 19:59:15.630835 27192 incremental_pipeline.cc:620] Registering image #70 (num_reg_frames=18)
I20261002 19:59:15.630941 27192 incremental_pipeline.cc:623] => Image sees 84 / 105 points
I20261002 19:59:15.635632 27192 incremental_pipeline.cc:620] Registering image #65 (num_reg_frames=19)
I20261002 19:59:15.635750 27192 incremental_pipeline.cc:623] => Image sees 88 / 104 points
I20261002 19:59:15.639921 27192 incremental_pipeline.cc:88] Retriangulation and Global bundle adjustment
I20261002 19:59:15.931250 27192 incremental_pipeline.cc:88] Retriangulation and Global bundle adjustment
I20261002 19:59:15.937989 27192 incremental_pipeline.cc:826] Keeping successful reconstruction
I20261002 19:59:15.939863 27192 incremental_pipeline.cc:465] Finding good initial image pair
I20261002 19:59:15.943163 27192 incremental_pipeline.cc:492] Registering initial image pair #164 and #165
I20261002 19:59:15.943442 27192 incremental_pipeline.cc:510] Global bundle adjustment
I20261002 19:59:15.948220 27192 incremental_pipeline.cc:88] Retriangulation and Global bundle adjustment
W20261002 19:59:15.950713 27192 incremental_pipeline.cc:821] Discarding reconstruction due to insufficient size
I20261002 19:59:15.951515 27192 incremental_pipeline.cc:465] Finding good initial image pair
I20261002 19:59:15.953068 27192 incremental_pipeline.cc:472] => No good initial image pair found.
I20261002 19:59:15.953162 27192 incremental_pipeline.cc:800] Discarding reconstruction due to no initial pair
I20261002 19:59:15.953301 27192 incremental_pipeline.cc:442] => Relaxing the initialization constraints.
I20261002 19:59:15.953720 27192 incremental_pipeline.cc:465] Finding good initial image pair
I20261002 19:59:15.956913 27192 incremental_pipeline.cc:492] Registering initial image pair #40 and #68
I20261002 19:59:15.957408 27192 incremental_pipeline.cc:510] Global bundle adjustment
I20261002 19:59:15.964261 27192 incremental_pipeline.cc:620] Registering image #54 (num_reg_frames=2)
I20261002 19:59:15.964363 27192 incremental_pipeline.cc:623] => Image sees 54 / 107 points
I20261002 19:59:15.965869 27192 incremental_pipeline.cc:88] Retriangulation and Global bundle adjustment
I20261002 19:59:15.974625 27192 incremental_pipeline.cc:620] Registering image #72 (num_reg_frames=3)
I20261002 19:59:15.974742 27192 incremental_pipeline.cc:623] => Image sees 56 / 108 points
I20261002 19:59:15.978708 27192 incremental_pipeline.cc:620] Registering image #52 (num_reg_frames=4)
I20261002 19:59:15.978816 27192 incremental_pipeline.cc:623] => Image sees 60 / 106 points
I20261002 19:59:15.980670 27192 incremental_pipeline.cc:88] Retriangulation and Global bundle adjustment
I20261002 19:59:15.995716 27192 incremental_pipeline.cc:620] Registering image #58 (num_reg_frames=5)
I20261002 19:59:15.995820 27192 incremental_pipeline.cc:623] => Image sees 63 / 105 points
I20261002 19:59:15.995896 27192 incremental_pipeline.cc:646] => Could not register, trying another image.
I20261002 19:59:15.995947 27192 incremental_pipeline.cc:620] Registering image #49 (num_reg_frames=5)
I20261002 19:59:15.996010 27192 incremental_pipeline.cc:623] => Image sees 62 / 111 points
I20261002 19:59:15.996078 27192 incremental_pipeline.cc:646] => Could not register, trying another image.
I20261002 19:59:15.996126 27192 incremental_pipeline.cc:620] Registering image #70 (num_reg_frames=5)
I20261002 19:59:15.996191 27192 incremental_pipeline.cc:623] => Image sees 63 / 105 points
I20261002 19:59:15.996332 27192 incremental_pipeline.cc:646] => Could not register, trying another image.
I20261002 19:59:15.996429 27192 incremental_pipeline.cc:620] Registering image #31 (num_reg_frames=5)
I20261002 19:59:15.996496 27192 incremental_pipeline.cc:623] => Image sees 62 / 106 points
I20261002 19:59:15.996554 27192 incremental_pipeline.cc:646] => Could not register, trying another image.
I20261002 19:59:15.996599 27192 incremental_pipeline.cc:620] Registering image #37 (num_reg_frames=5)
I20261002 19:59:15.996644 27192 incremental_pipeline.cc:623] => Image sees 61 / 108 points
I20261002 19:59:15.996794 27192 incremental_pipeline.cc:646] => Could not register, trying another image.
I20261002 19:59:15.996879 27192 incremental_pipeline.cc:620] Registering image #39 (num_reg_frames=5)
I20261002 19:59:15.996936 27192 incremental_pipeline.cc:623] => Image sees 60 / 103 points
I20261002 19:59:15.996993 27192 incremental_pipeline.cc:646] => Could not register, trying another image.
I20261002 19:59:15.997037 27192 incremental_pipeline.cc:620] Registering image #41 (num_reg_frames=5)
I20261002 19:59:15.997082 27192 incremental_pipeline.cc:623] => Image sees 64 / 121 points
I20261002 19:59:15.997220 27192 incremental_pipeline.cc:646] => Could not register, trying another image.
I20261002 19:59:15.997308 27192 incremental_pipeline.cc:620] Registering image #73 (num_reg_frames=5)
I20261002 19:59:15.997449 27192 incremental_pipeline.cc:623] => Image sees 61 / 115 points
I20261002 19:59:15.997579 27192 incremental_pipeline.cc:646] => Could not register, trying another image.
I20261002 19:59:15.997691 27192 incremental_pipeline.cc:620] Registering image #69 (num_reg_frames=5)
I20261002 19:59:15.997767 27192 incremental_pipeline.cc:623] => Image sees 62 / 102 points
I20261002 19:59:15.997836 27192 incremental_pipeline.cc:646] => Could not register, trying another image.
I20261002 19:59:15.997884 27192 incremental_pipeline.cc:620] Registering image #46 (num_reg_frames=5)
I20261002 19:59:15.998052 27192 incremental_pipeline.cc:623] => Image sees 62 / 105 points
I20261002 19:59:15.998122 27192 incremental_pipeline.cc:646] => Could not register, trying another image.
I20261002 19:59:15.998170 27192 incremental_pipeline.cc:620] Registering image #48 (num_reg_frames=5)
I20261002 19:59:15.998219 27192 incremental_pipeline.cc:623] => Image sees 60 / 95 points
I20261002 19:59:15.998277 27192 incremental_pipeline.cc:646] => Could not register, trying another image.
I20261002 19:59:15.998376 27192 incremental_pipeline.cc:620] Registering image #57 (num_reg_frames=5)
I20261002 19:59:15.998464 27192 incremental_pipeline.cc:623] => Image sees 61 / 114 points
I20261002 19:59:15.998642 27192 incremental_pipeline.cc:646] => Could not register, trying another image.
I20261002 19:59:15.998739 27192 incremental_pipeline.cc:620] Registering image #42 (num_reg_frames=5)
I20261002 19:59:15.998800 27192 incremental_pipeline.cc:623] => Image sees 62 / 107 points
I20261002 19:59:15.998861 27192 incremental_pipeline.cc:646] => Could not register, trying another image.
I20261002 19:59:15.998908 27192 incremental_pipeline.cc:620] Registering image #51 (num_reg_frames=5)
I20261002 19:59:15.998955 27192 incremental_pipeline.cc:623] => Image sees 60 / 114 points
I20261002 19:59:15.999015 27192 incremental_pipeline.cc:646] => Could not register, trying another image.
I20261002 19:59:15.999061 27192 incremental_pipeline.cc:620] Registering image #55 (num_reg_frames=5)
I20261002 19:59:15.999108 27192 incremental_pipeline.cc:623] => Image sees 62 / 107 points
I20261002 19:59:15.999169 27192 incremental_pipeline.cc:646] => Could not register, trying another image.
I20261002 19:59:15.999216 27192 incremental_pipeline.cc:620] Registering image #53 (num_reg_frames=5)
I20261002 19:59:15.999262 27192 incremental_pipeline.cc:623] => Image sees 57 / 103 points
I20261002 19:59:15.999321 27192 incremental_pipeline.cc:646] => Could not register, trying another image.
I20261002 19:59:15.999369 27192 incremental_pipeline.cc:620] Registering image #61 (num_reg_frames=5)
I20261002 19:59:15.999416 27192 incremental_pipeline.cc:623] => Image sees 59 / 113 points
I20261002 19:59:15.999487 27192 incremental_pipeline.cc:646] => Could not register, trying another image.
I20261002 19:59:15.999533 27192 incremental_pipeline.cc:620] Registering image #45 (num_reg_frames=5)
I20261002 19:59:15.999580 27192 incremental_pipeline.cc:623] => Image sees 58 / 93 points
I20261002 19:59:15.999634 27192 incremental_pipeline.cc:646] => Could not register, trying another image.
I20261002 19:59:15.999680 27192 incremental_pipeline.cc:620] Registering image #67 (num_reg_frames=5)
I20261002 19:59:15.999725 27192 incremental_pipeline.cc:623] => Image sees 60 / 109 points
I20261002 19:59:15.999783 27192 incremental_pipeline.cc:646] => Could not register, trying another image.
I20261002 19:59:15.999829 27192 incremental_pipeline.cc:620] Registering image #50 (num_reg_frames=5)
I20261002 19:59:15.999876 27192 incremental_pipeline.cc:623] => Image sees 58 / 111 points
I20261002 19:59:15.999946 27192 incremental_pipeline.cc:646] => Could not register, trying another image.
I20261002 19:59:15.999992 27192 incremental_pipeline.cc:620] Registering image #43 (num_reg_frames=5)
I20261002 19:59:16.000039 27192 incremental_pipeline.cc:623] => Image sees 60 / 100 points
I20261002 19:59:16.000157 27192 incremental_pipeline.cc:646] => Could not register, trying another image.
I20261002 19:59:16.000239 27192 incremental_pipeline.cc:620] Registering image #62 (num_reg_frames=5)
I20261002 19:59:16.000303 27192 incremental_pipeline.cc:623] => Image sees 58 / 95 points
I20261002 19:59:16.000359 27192 incremental_pipeline.cc:646] => Could not register, trying another image.
I20261002 19:59:16.000405 27192 incremental_pipeline.cc:620] Registering image #60 (num_reg_frames=5)
I20261002 19:59:16.000451 27192 incremental_pipeline.cc:623] => Image sees 58 / 101 points
I20261002 19:59:16.000506 27192 incremental_pipeline.cc:646] => Could not register, trying another image.
I20261002 19:59:16.000551 27192 incremental_pipeline.cc:620] Registering image #71 (num_reg_frames=5)
I20261002 19:59:16.000597 27192 incremental_pipeline.cc:623] => Image sees 60 / 113 points
I20261002 19:59:16.000654 27192 incremental_pipeline.cc:646] => Could not register, trying another image.
I20261002 19:59:16.000699 27192 incremental_pipeline.cc:620] Registering image #65 (num_reg_frames=5)
I20261002 19:59:16.000745 27192 incremental_pipeline.cc:623] => Image sees 59 / 104 points
I20261002 19:59:16.000803 27192 incremental_pipeline.cc:646] => Could not register, trying another image.
I20261002 19:59:16.000848 27192 incremental_pipeline.cc:620] Registering image #44 (num_reg_frames=5)
I20261002 19:59:16.000894 27192 incremental_pipeline.cc:623] => Image sees 56 / 94 points
I20261002 19:59:16.000949 27192 incremental_pipeline.cc:646] => Could not register, trying another image.
I20261002 19:59:16.000995 27192 incremental_pipeline.cc:620] Registering image #75 (num_reg_frames=5)
I20261002 19:59:16.001041 27192 incremental_pipeline.cc:623] => Image sees 61 / 120 points
I20261002 19:59:16.001099 27192 incremental_pipeline.cc:646] => Could not register, trying another image.
I20261002 19:59:16.001145 27192 incremental_pipeline.cc:620] Registering image #59 (num_reg_frames=5)
I20261002 19:59:16.001192 27192 incremental_pipeline.cc:623] => Image sees 56 / 100 points
I20261002 19:59:16.001247 27192 incremental_pipeline.cc:646] => Could not register, trying another image.
I20261002 19:59:16.001293 27192 incremental_pipeline.cc:620] Registering image #35 (num_reg_frames=5)
I20261002 19:59:16.001339 27192 incremental_pipeline.cc:623] => Image sees 57 / 91 points
I20261002 19:59:16.001393 27192 incremental_pipeline.cc:646] => Could not register, trying another image.
I20261002 19:59:16.001439 27192 incremental_pipeline.cc:620] Registering image #66 (num_reg_frames=5)
I20261002 19:59:16.001486 27192 incremental_pipeline.cc:623] => Image sees 56 / 100 points
I20261002 19:59:16.001542 27192 incremental_pipeline.cc:646] => Could not register, trying another image.
I20261002 19:59:16.001587 27192 incremental_pipeline.cc:620] Registering image #63 (num_reg_frames=5)
I20261002 19:59:16.001633 27192 incremental_pipeline.cc:623] => Image sees 55 / 106 points
I20261002 19:59:16.001689 27192 incremental_pipeline.cc:646] => Could not register, trying another image.
I20261002 19:59:16.001743 27192 incremental_pipeline.cc:620] Registering image #61 (num_reg_frames=5)
I20261002 19:59:16.001790 27192 incremental_pipeline.cc:623] => Image sees 59 / 113 points
I20261002 19:59:16.001837 27192 incremental_pipeline.cc:629] Registering image with structure-less fallback
I20261002 19:59:16.001888 27192 incremental_pipeline.cc:631] => Image sees 367 / 3480 correspondences
I20261002 19:59:16.001958 27192 incremental_pipeline.cc:646] => Could not register, trying another image.
I20261002 19:59:16.002005 27192 incremental_pipeline.cc:620] Registering image #50 (num_reg_frames=5)
I20261002 19:59:16.002051 27192 incremental_pipeline.cc:623] => Image sees 58 / 111 points
I20261002 19:59:16.002097 27192 incremental_pipeline.cc:629] Registering image with structure-less fallback
I20261002 19:59:16.002143 27192 incremental_pipeline.cc:631] => Image sees 351 / 3444 correspondences
I20261002 19:59:16.002211 27192 incremental_pipeline.cc:646] => Could not register, trying another image.
I20261002 19:59:16.002256 27192 incremental_pipeline.cc:620] Registering image #46 (num_reg_frames=5)
I20261002 19:59:16.002354 27192 incremental_pipeline.cc:623] => Image sees 62 / 105 points
I20261002 19:59:16.002473 27192 incremental_pipeline.cc:629] Registering image with structure-less fallback
I20261002 19:59:16.002533 27192 incremental_pipeline.cc:631] => Image sees 292 / 1042 correspondences
I20261002 19:59:16.002628 27192 incremental_pipeline.cc:646] => Could not register, trying another image.
I20261002 19:59:16.002676 27192 incremental_pipeline.cc:620] Registering image #51 (num_reg_frames=5)
I20261002 19:59:16.002724 27192 incremental_pipeline.cc:623] => Image sees 60 / 114 points
I20261002 19:59:16.002768 27192 incremental_pipeline.cc:629] Registering image with structure-less fallback
I20261002 19:59:16.002812 27192 incremental_pipeline.cc:631] => Image sees 292 / 1186 correspondences
I20261002 19:59:16.002868 27192 incremental_pipeline.cc:646] => Could not register, trying another image.
I20261002 19:59:16.002913 27192 incremental_pipeline.cc:620] Registering image #30 (num_reg_frames=5)
I20261002 19:59:16.002957 27192 incremental_pipeline.cc:623] => Image sees 51 / 96 points
I20261002 19:59:16.003000 27192 incremental_pipeline.cc:629] Registering image with structure-less fallback
I20261002 19:59:16.003045 27192 incremental_pipeline.cc:631] => Image sees 288 / 2918 correspondences
I20261002 19:59:16.003107 27192 incremental_pipeline.cc:646] => Could not register, trying another image.
I20261002 19:59:16.003150 27192 incremental_pipeline.cc:620] Registering image #53 (num_reg_frames=5)
I20261002 19:59:16.003194 27192 incremental_pipeline.cc:623] => Image sees 57 / 103 points
I20261002 19:59:16.003236 27192 incremental_pipeline.cc:629] Registering image with structure-less fallback
I20261002 19:59:16.003279 27192 incremental_pipeline.cc:631] => Image sees 281 / 1206 correspondences
I20261002 19:59:16.003334 27192 incremental_pipeline.cc:646] => Could not register, trying another image.
I20261002 19:59:16.003377 27192 incremental_pipeline.cc:620] Registering image #44 (num_reg_frames=5)
I20261002 19:59:16.003421 27192 incremental_pipeline.cc:623] => Image sees 56 / 94 points
I20261002 19:59:16.003463 27192 incremental_pipeline.cc:629] Registering image with structure-less fallback
I20261002 19:59:16.003604 27192 incremental_pipeline.cc:631] => Image sees 219 / 856 correspondences
I20261002 19:59:16.003662 27192 incremental_pipeline.cc:646] => Could not register, trying another image.
I20261002 19:59:16.003706 27192 incremental_pipeline.cc:620] Registering image #57 (num_reg_frames=5)
I20261002 19:59:16.003755 27192 incremental_pipeline.cc:623] => Image sees 61 / 114 points
I20261002 19:59:16.003799 27192 incremental_pipeline.cc:629] Registering image with structure-less fallback
I20261002 19:59:16.003843 27192 incremental_pipeline.cc:631] => Image sees 218 / 1053 correspondences
I20261002 19:59:16.003897 27192 incremental_pipeline.cc:646] => Could not register, trying another image.
I20261002 19:59:16.003940 27192 incremental_pipeline.cc:620] Registering image #70 (num_reg_frames=5)
I20261002 19:59:16.003986 27192 incremental_pipeline.cc:623] => Image sees 63 / 105 points
I20261002 19:59:16.004029 27192 incremental_pipeline.cc:629] Registering image with structure-less fallback
I20261002 19:59:16.004072 27192 incremental_pipeline.cc:631] => Image sees 215 / 1142 correspondences
I20261002 19:59:16.004126 27192 incremental_pipeline.cc:646] => Could not register, trying another image.
I20261002 19:59:16.004169 27192 incremental_pipeline.cc:620] Registering image #55 (num_reg_frames=5)
I20261002 19:59:16.004212 27192 incremental_pipeline.cc:623] => Image sees 62 / 107 points
I20261002 19:59:16.004255 27192 incremental_pipeline.cc:629] Registering image with structure-less fallback
I20261002 19:59:16.004298 27192 incremental_pipeline.cc:631] => Image sees 214 / 1076 correspondences
I20261002 19:59:16.004352 27192 incremental_pipeline.cc:646] => Could not register, trying another image.
I20261002 19:59:16.004428 27192 incremental_pipeline.cc:620] Registering image #49 (num_reg_frames=5)
I20261002 19:59:16.004472 27192 incremental_pipeline.cc:623] => Image sees 62 / 111 points
I20261002 19:59:16.004558 27192 incremental_pipeline.cc:629] Registering image with structure-less fallback
I20261002 19:59:16.004602 27192 incremental_pipeline.cc:631] => Image sees 214 / 1056 correspondences
I20261002 19:59:16.004657 27192 incremental_pipeline.cc:646] => Could not register, trying another image.
I20261002 19:59:16.004700 27192 incremental_pipeline.cc:620] Registering image #69 (num_reg_frames=5)
I20261002 19:59:16.004744 27192 incremental_pipeline.cc:623] => Image sees 62 / 102 points
I20261002 19:59:16.004790 27192 incremental_pipeline.cc:629] Registering image with structure-less fallback
I20261002 19:59:16.004833 27192 incremental_pipeline.cc:631] => Image sees 213 / 1069 correspondences
I20261002 19:59:16.004887 27192 incremental_pipeline.cc:646] => Could not register, trying another image.
I20261002 19:59:16.004930 27192 incremental_pipeline.cc:620] Registering image #67 (num_reg_frames=5)
I20261002 19:59:16.004974 27192 incremental_pipeline.cc:623] => Image sees 60 / 109 points
I20261002 19:59:16.005017 27192 incremental_pipeline.cc:629] Registering image with structure-less fallback
I20261002 19:59:16.005061 27192 incremental_pipeline.cc:631] => Image sees 210 / 1137 correspondences
I20261002 19:59:16.005114 27192 incremental_pipeline.cc:646] => Could not register, trying another image.
I20261002 19:59:16.005157 27192 incremental_pipeline.cc:620] Registering image #65 (num_reg_frames=5)
I20261002 19:59:16.005200 27192 incremental_pipeline.cc:623] => Image sees 59 / 104 points
I20261002 19:59:16.005243 27192 incremental_pipeline.cc:629] Registering image with structure-less fallback
I20261002 19:59:16.005287 27192 incremental_pipeline.cc:631] => Image sees 209 / 1247 correspondences
I20261002 19:59:16.005341 27192 incremental_pipeline.cc:646] => Could not register, trying another image.
I20261002 19:59:16.005384 27192 incremental_pipeline.cc:620] Registering image #73 (num_reg_frames=5)
I20261002 19:59:16.005427 27192 incremental_pipeline.cc:623] => Image sees 61 / 115 points
I20261002 19:59:16.005471 27192 incremental_pipeline.cc:629] Registering image with structure-less fallback
I20261002 19:59:16.005514 27192 incremental_pipeline.cc:631] => Image sees 207 / 984 correspondences
I20261002 19:59:16.005567 27192 incremental_pipeline.cc:646] => Could not register, trying another image.
I20261002 19:59:16.005684 27192 incremental_pipeline.cc:620] Registering image #58 (num_reg_frames=5)
I20261002 19:59:16.005759 27192 incremental_pipeline.cc:623] => Image sees 63 / 105 points
I20261002 19:59:16.005804 27192 incremental_pipeline.cc:629] Registering image with structure-less fallback
I20261002 19:59:16.005847 27192 incremental_pipeline.cc:631] => Image sees 205 / 1220 correspondences
I20261002 19:59:16.005902 27192 incremental_pipeline.cc:646] => Could not register, trying another image.
I20261002 19:59:16.005945 27192 incremental_pipeline.cc:620] Registering image #48 (num_reg_frames=5)
I20261002 19:59:16.005989 27192 incremental_pipeline.cc:623] => Image sees 60 / 95 points
I20261002 19:59:16.006033 27192 incremental_pipeline.cc:629] Registering image with structure-less fallback
I20261002 19:59:16.006076 27192 incremental_pipeline.cc:631] => Image sees 197 / 1059 correspondences
I20261002 19:59:16.006129 27192 incremental_pipeline.cc:646] => Could not register, trying another image.
I20261002 19:59:16.006171 27192 incremental_pipeline.cc:620] Registering image #42 (num_reg_frames=5)
I20261002 19:59:16.006215 27192 incremental_pipeline.cc:623] => Image sees 62 / 107 points
I20261002 19:59:16.006259 27192 incremental_pipeline.cc:629] Registering image with structure-less fallback
I20261002 19:59:16.006302 27192 incremental_pipeline.cc:631] => Image sees 197 / 1024 correspondences
I20261002 19:59:16.006355 27192 incremental_pipeline.cc:646] => Could not register, trying another image.
I20261002 19:59:16.006402 27192 incremental_pipeline.cc:620] Registering image #37 (num_reg_frames=5)
I20261002 19:59:16.006447 27192 incremental_pipeline.cc:623] => Image sees 61 / 108 points
I20261002 19:59:16.006490 27192 incremental_pipeline.cc:629] Registering image with structure-less fallback
I20261002 19:59:16.006545 27192 incremental_pipeline.cc:631] => Image sees 194 / 1066 correspondences
I20261002 19:59:16.006599 27192 incremental_pipeline.cc:646] => Could not register, trying another image.
I20261002 19:59:16.006642 27192 incremental_pipeline.cc:620] Registering image #66 (num_reg_frames=5)
I20261002 19:59:16.006685 27192 incremental_pipeline.cc:623] => Image sees 56 / 100 points
I20261002 19:59:16.006731 27192 incremental_pipeline.cc:629] Registering image with structure-less fallback
I20261002 19:59:16.006774 27192 incremental_pipeline.cc:631] => Image sees 194 / 1063 correspondences
I20261002 19:59:16.006826 27192 incremental_pipeline.cc:646] => Could not register, trying another image.
I20261002 19:59:16.006872 27192 incremental_pipeline.cc:620] Registering image #32 (num_reg_frames=5)
I20261002 19:59:16.006915 27192 incremental_pipeline.cc:623] => Image sees 51 / 96 points
I20261002 19:59:16.006958 27192 incremental_pipeline.cc:629] Registering image with structure-less fallback
I20261002 19:59:16.007002 27192 incremental_pipeline.cc:631] => Image sees 162 / 901 correspondences
I20261002 19:59:16.007053 27192 incremental_pipeline.cc:646] => Could not register, trying another image.
I20261002 19:59:16.007099 27192 incremental_pipeline.cc:620] Registering image #81 (num_reg_frames=5)
I20261002 19:59:16.007142 27192 incremental_pipeline.cc:623] => Image sees 36 / 123 points
I20261002 19:59:16.007185 27192 incremental_pipeline.cc:629] Registering image with structure-less fallback
I20261002 19:59:16.007228 27192 incremental_pipeline.cc:631] => Image sees 162 / 2466 correspondences
I20261002 19:59:16.007288 27192 incremental_pipeline.cc:646] => Could not register, trying another image.
I20261002 19:59:16.007331 27192 incremental_pipeline.cc:620] Registering image #71 (num_reg_frames=5)
I20261002 19:59:16.007376 27192 incremental_pipeline.cc:623] => Image sees 60 / 113 points
I20261002 19:59:16.007419 27192 incremental_pipeline.cc:629] Registering image with structure-less fallback
I20261002 19:59:16.007462 27192 incremental_pipeline.cc:631] => Image sees 141 / 1119 correspondences
I20261002 19:59:16.007514 27192 incremental_pipeline.cc:646] => Could not register, trying another image.
I20261002 19:59:16.007558 27192 incremental_pipeline.cc:620] Registering image #41 (num_reg_frames=5)
I20261002 19:59:16.007601 27192 incremental_pipeline.cc:623] => Image sees 64 / 121 points
I20261002 19:59:16.007644 27192 incremental_pipeline.cc:629] Registering image with structure-less fallback
I20261002 19:59:16.007687 27192 incremental_pipeline.cc:631] => Image sees 136 / 1089 correspondences
I20261002 19:59:16.007742 27192 incremental_pipeline.cc:646] => Could not register, trying another image.
I20261002 19:59:16.007786 27192 incremental_pipeline.cc:620] Registering image #62 (num_reg_frames=5)
I20261002 19:59:16.007830 27192 incremental_pipeline.cc:623] => Image sees 58 / 95 points
I20261002 19:59:16.007873 27192 incremental_pipeline.cc:629] Registering image with structure-less fallback
I20261002 19:59:16.007916 27192 incremental_pipeline.cc:631] => Image sees 134 / 1117 correspondences
I20261002 19:59:16.007968 27192 incremental_pipeline.cc:646] => Could not register, trying another image.
I20261002 19:59:16.008010 27192 incremental_pipeline.cc:620] Registering image #59 (num_reg_frames=5)
I20261002 19:59:16.008053 27192 incremental_pipeline.cc:623] => Image sees 56 / 100 points
I20261002 19:59:16.008096 27192 incremental_pipeline.cc:629] Registering image with structure-less fallback
I20261002 19:59:16.008138 27192 incremental_pipeline.cc:631] => Image sees 133 / 1002 correspondences
I20261002 19:59:16.008193 27192 incremental_pipeline.cc:646] => Could not register, trying another image.
I20261002 19:59:16.008238 27192 incremental_pipeline.cc:620] Registering image #75 (num_reg_frames=5)
I20261002 19:59:16.008282 27192 incremental_pipeline.cc:623] => Image sees 61 / 120 points
I20261002 19:59:16.008329 27192 incremental_pipeline.cc:629] Registering image with structure-less fallback
I20261002 19:59:16.008452 27192 incremental_pipeline.cc:631] => Image sees 131 / 1106 correspondences
I20261002 19:59:16.008547 27192 incremental_pipeline.cc:646] => Could not register, trying another image.
I20261002 19:59:16.008603 27192 incremental_pipeline.cc:620] Registering image #63 (num_reg_frames=5)
I20261002 19:59:16.008650 27192 incremental_pipeline.cc:623] => Image sees 55 / 106 points
I20261002 19:59:16.008694 27192 incremental_pipeline.cc:629] Registering image with structure-less fallback
I20261002 19:59:16.008738 27192 incremental_pipeline.cc:631] => Image sees 129 / 959 correspondences
I20261002 19:59:16.008790 27192 incremental_pipeline.cc:646] => Could not register, trying another image.
I20261002 19:59:16.008834 27192 incremental_pipeline.cc:620] Registering image #60 (num_reg_frames=5)
I20261002 19:59:16.008878 27192 incremental_pipeline.cc:623] => Image sees 58 / 101 points
I20261002 19:59:16.008921 27192 incremental_pipeline.cc:629] Registering image with structure-less fallback
I20261002 19:59:16.008964 27192 incremental_pipeline.cc:631] => Image sees 128 / 978 correspondences
I20261002 19:59:16.009016 27192 incremental_pipeline.cc:646] => Could not register, trying another image.
I20261002 19:59:16.009058 27192 incremental_pipeline.cc:620] Registering image #78 (num_reg_frames=5)
I20261002 19:59:16.009101 27192 incremental_pipeline.cc:623] => Image sees 43 / 112 points
I20261002 19:59:16.009148 27192 incremental_pipeline.cc:629] Registering image with structure-less fallback
I20261002 19:59:16.009191 27192 incremental_pipeline.cc:631] => Image sees 127 / 773 correspondences
I20261002 19:59:16.009242 27192 incremental_pipeline.cc:646] => Could not register, trying another image.
I20261002 19:59:16.009286 27192 incremental_pipeline.cc:620] Registering image #64 (num_reg_frames=5)
I20261002 19:59:16.009329 27192 incremental_pipeline.cc:623] => Image sees 55 / 98 points
I20261002 19:59:16.009373 27192 incremental_pipeline.cc:629] Registering image with structure-less fallback
I20261002 19:59:16.009416 27192 incremental_pipeline.cc:631] => Image sees 126 / 1061 correspondences
I20261002 19:59:16.009468 27192 incremental_pipeline.cc:646] => Could not register, trying another image.
I20261002 19:59:16.009515 27192 incremental_pipeline.cc:88] Retriangulation and Global bundle adjustment
W20261002 19:59:16.036983 27192 incremental_pipeline.cc:821] Discarding reconstruction due to insufficient size
I20261002 19:59:16.037895 27192 incremental_pipeline.cc:465] Finding good initial image pair
I20261002 19:59:16.042267 27192 incremental_pipeline.cc:492] Registering initial image pair #45 and #40
I20261002 19:59:16.042854 27192 incremental_pipeline.cc:510] Global bundle adjustment
I20261002 19:59:16.048734 27192 incremental_pipeline.cc:620] Registering image #72 (num_reg_frames=2)
I20261002 19:59:16.048853 27192 incremental_pipeline.cc:623] => Image sees 48 / 108 points
I20261002 19:59:16.051925 27192 incremental_pipeline.cc:88] Retriangulation and Global bundle adjustment
I20261002 19:59:16.059974 27192 incremental_pipeline.cc:620] Registering image #49 (num_reg_frames=3)
I20261002 19:59:16.060137 27192 incremental_pipeline.cc:623] => Image sees 55 / 111 points
I20261002 19:59:16.063010 27192 incremental_pipeline.cc:620] Registering image #46 (num_reg_frames=4)
I20261002 19:59:16.063124 27192 incremental_pipeline.cc:623] => Image sees 64 / 105 points
I20261002 19:59:16.072245 27192 incremental_pipeline.cc:88] Retriangulation and Global bundle adjustment
I20261002 19:59:16.085716 27192 incremental_pipeline.cc:620] Registering image #58 (num_reg_frames=5)
I20261002 19:59:16.085833 27192 incremental_pipeline.cc:623] => Image sees 59 / 105 points
I20261002 19:59:16.096921 27192 incremental_pipeline.cc:620] Registering image #48 (num_reg_frames=6)
I20261002 19:59:16.097092 27192 incremental_pipeline.cc:623] => Image sees 61 / 95 points
I20261002 19:59:16.101661 27192 incremental_pipeline.cc:88] Retriangulation and Global bundle adjustment
I20261002 19:59:16.174435 27192 incremental_pipeline.cc:620] Registering image #70 (num_reg_frames=7)
I20261002 19:59:16.174607 27192 incremental_pipeline.cc:623] => Image sees 72 / 105 points
I20261002 19:59:16.179424 27192 incremental_pipeline.cc:620] Registering image #67 (num_reg_frames=8)
I20261002 19:59:16.179571 27192 incremental_pipeline.cc:623] => Image sees 74 / 109 points
I20261002 19:59:16.185139 27192 incremental_pipeline.cc:620] Registering image #52 (num_reg_frames=9)
I20261002 19:59:16.185242 27192 incremental_pipeline.cc:623] => Image sees 74 / 106 points
I20261002 19:59:16.191126 27192 incremental_pipeline.cc:88] Retriangulation and Global bundle adjustment
W20261002 19:59:16.235319 27192 bundle_adjustment_ceres.cc:391] Failed to fix Gauge with two cameras. Falling back to fixing Gauge with three points.
W20261002 19:59:16.235495 27192 bundle_adjustment_ceres.cc:298] Failed to fix Gauge due to insufficient number of fixed points: 0
I20261002 19:59:16.236713 27192 incremental_pipeline.cc:88] Retriangulation and Global bundle adjustment
W20261002 19:59:16.241425 27192 bundle_adjustment_ceres.cc:391] Failed to fix Gauge with two cameras. Falling back to fixing Gauge with three points.
W20261002 19:59:16.241556 27192 bundle_adjustment_ceres.cc:298] Failed to fix Gauge due to insufficient number of fixed points: 0
I20261002 19:59:16.241648 27192 incremental_pipeline.cc:826] Keeping successful reconstruction
I20261002 19:59:16.242414 27192 incremental_pipeline.cc:465] Finding good initial image pair
I20261002 19:59:16.247846 27192 incremental_pipeline.cc:472] => No good initial image pair found.
I20261002 19:59:16.247982 27192 incremental_pipeline.cc:800] Discarding reconstruction due to no initial pair
I20261002 19:59:16.248172 27192 timer.cc:90] Elapsed time: 0.422 [minutes]
