path,extension,bytes
runs/.gitkeep,,1
runs/author_davis_bmx_trees_f30/correction_baseline_hashes.json,.json,1181
runs/author_davis_bmx_trees_f30/correction_validation.json,.json,1350
runs/author_davis_bmx_trees_f30/dataset_info.json,.json,817
runs/author_davis_bmx_trees_f30/error_vs_horizon.png,.png,89805
runs/author_davis_bmx_trees_f30/frames/00000.jpg,.jpg,95499
runs/author_davis_bmx_trees_f30/frames/00001.jpg,.jpg,95906
runs/author_davis_bmx_trees_f30/frames/00002.jpg,.jpg,95954
runs/author_davis_bmx_trees_f30/frames/00003.jpg,.jpg,98358
runs/author_davis_bmx_trees_f30/frames/00004.jpg,.jpg,99202
runs/author_davis_bmx_trees_f30/frames/00005.jpg,.jpg,99537
runs/author_davis_bmx_trees_f30/frames/00006.jpg,.jpg,99374
runs/author_davis_bmx_trees_f30/frames/00007.jpg,.jpg,100359
runs/author_davis_bmx_trees_f30/frames/00008.jpg,.jpg,99266
runs/author_davis_bmx_trees_f30/frames/00009.jpg,.jpg,90389
runs/author_davis_bmx_trees_f30/frames/00010.jpg,.jpg,94459
runs/author_davis_bmx_trees_f30/frames/00011.jpg,.jpg,89364
runs/author_davis_bmx_trees_f30/frames/00012.jpg,.jpg,91612
runs/author_davis_bmx_trees_f30/frames/00013.jpg,.jpg,94794
runs/author_davis_bmx_trees_f30/frames/00014.jpg,.jpg,92736
runs/author_davis_bmx_trees_f30/frames/00015.jpg,.jpg,92350
runs/author_davis_bmx_trees_f30/frames/00016.jpg,.jpg,92935
runs/author_davis_bmx_trees_f30/frames/00017.jpg,.jpg,89588
runs/author_davis_bmx_trees_f30/frames/00018.jpg,.jpg,87045
runs/author_davis_bmx_trees_f30/frames/00019.jpg,.jpg,87250
runs/author_davis_bmx_trees_f30/frames/00020.jpg,.jpg,89031
runs/author_davis_bmx_trees_f30/frames/00021.jpg,.jpg,93289
runs/author_davis_bmx_trees_f30/frames/00022.jpg,.jpg,98494
runs/author_davis_bmx_trees_f30/frames/00023.jpg,.jpg,98466
runs/author_davis_bmx_trees_f30/frames/00024.jpg,.jpg,100393
runs/author_davis_bmx_trees_f30/frames/00025.jpg,.jpg,102695
runs/author_davis_bmx_trees_f30/frames/00026.jpg,.jpg,104252
runs/author_davis_bmx_trees_f30/frames/00027.jpg,.jpg,106900
runs/author_davis_bmx_trees_f30/frames/00028.jpg,.jpg,111561
runs/author_davis_bmx_trees_f30/frames/00029.jpg,.jpg,111826
runs/author_davis_bmx_trees_f30/frames/00030.jpg,.jpg,107467
runs/author_davis_bmx_trees_f30/frames/00031.jpg,.jpg,101787
runs/author_davis_bmx_trees_f30/frames/00032.jpg,.jpg,103169
runs/author_davis_bmx_trees_f30/ground_truth.npz,.npz,6692
runs/author_davis_bmx_trees_f30/input_history_points.png,.png,1549303
runs/author_davis_bmx_trees_f30/inputs/caption.txt,.txt,37
runs/author_davis_bmx_trees_f30/inputs/frame_t+0.jpg,.jpg,124185
runs/author_davis_bmx_trees_f30/inputs/frame_t-1.jpg,.jpg,123640
runs/author_davis_bmx_trees_f30/inputs/frame_t-2.jpg,.jpg,119092
runs/author_davis_bmx_trees_f30/inputs/intrinsics_K.pt,.pt,1205
runs/author_davis_bmx_trees_f30/inputs/meta.json,.json,456
runs/author_davis_bmx_trees_f30/inputs/points_2d_at_t0.pt,.pt,1284
runs/author_davis_bmx_trees_f30/inputs/points_3d_history.pt,.pt,1486
runs/author_davis_bmx_trees_f30/metrics.csv,.csv,253
runs/author_davis_bmx_trees_f30/metrics.json,.json,3899
runs/author_davis_bmx_trees_f30/model_output_raw.txt,.txt,4112
runs/author_davis_bmx_trees_f30/observed_and_future.png,.png,3181448
runs/author_davis_bmx_trees_f30/prediction.npz,.npz,2681
runs/author_davis_bmx_trees_f30/processor_inputs.pt,.pt,1327174
runs/author_davis_bmx_trees_f30/projection_check.json,.json,1343
runs/author_davis_bmx_trees_f30/provenance.json,.json,1398
runs/author_davis_bmx_trees_f30/real_continuation_gt.mp4,.mp4,2367074
runs/author_davis_bmx_trees_f30/run_status.json,.json,1133
runs/author_davis_bmx_trees_f30/trajectory_comparison.png,.png,544535
runs/author_davis_bmx_trees_f30/video_decoded_check.png,.png,2085858
runs/author_davis_coordinate_audit/.gitattributes,,174
runs/author_davis_coordinate_audit/audit.py,.py,32079
runs/author_davis_coordinate_audit/baseline_manifest.json,.json,58772
runs/author_davis_coordinate_audit/bmx-trees_filter_meta.npz,.npz,467800
runs/author_davis_coordinate_audit/frame_correspondence.csv,.csv,959
runs/author_davis_coordinate_audit/frame_correspondence.json,.json,5348
runs/author_davis_coordinate_audit/frame_correspondence.png,.png,3105208
runs/author_davis_coordinate_audit/geometry.json,.json,31116
runs/author_davis_coordinate_audit/git_eol_state.json,.json,315
runs/author_davis_coordinate_audit/inactive_2d_loader_diagnostic.json,.json,447
runs/author_davis_coordinate_audit/input_copies_and_eol.json,.json,5658
runs/author_davis_coordinate_audit/metric_error_arrays.npz,.npz,6006
runs/author_davis_coordinate_audit/metrics_recomputed.json,.json,4823
runs/author_davis_coordinate_audit/point_mapping.json,.json,2763
runs/author_davis_coordinate_audit/pointmotionbench_readme.md,.md,4881
runs/author_davis_coordinate_audit/processor_audit.json,.json,1457
runs/author_davis_coordinate_audit/projection_diagnostics.png,.png,865299
runs/author_davis_coordinate_audit/reconstruct_davis_source.py,.py,4426
runs/author_davis_coordinate_audit/reconstruction_provenance.json,.json,13313
runs/author_davis_coordinate_audit/saved_processor_images.png,.png,639317
runs/author_davis_coordinate_audit/saved_prompt_decoded.txt,.txt,3067
runs/author_davis_coordinate_audit/source_tree_davis.json,.json,84136
runs/author_davis_coordinate_audit/sources.json,.json,2666
runs/author_davis_coordinate_audit/validation.json,.json,625
runs/berkeley_ur5_arc_expansion_v1/.gitattributes,,9
runs/berkeley_ur5_arc_expansion_v1/artifact_manifest.json,.json,43281
runs/berkeley_ur5_arc_expansion_v1/bottle/aligned_3d.npz,.npz,53690
runs/berkeley_ur5_arc_expansion_v1/bottle/all24_candidate_grid.png,.png,3039190
runs/berkeley_ur5_arc_expansion_v1/bottle/controls_group_00.mp4,.mp4,1840104
runs/berkeley_ur5_arc_expansion_v1/bottle/controls_group_00_all10_decoded.jpg,.jpg,1810783
runs/berkeley_ur5_arc_expansion_v1/bottle/controls_group_00_contact.png,.png,3643768
runs/berkeley_ur5_arc_expansion_v1/bottle/controls_group_01.mp4,.mp4,1832747
runs/berkeley_ur5_arc_expansion_v1/bottle/controls_group_01_all10_decoded.jpg,.jpg,1809423
runs/berkeley_ur5_arc_expansion_v1/bottle/controls_group_01_contact.png,.png,3639140
runs/berkeley_ur5_arc_expansion_v1/bottle/controls_group_02.mp4,.mp4,1822985
runs/berkeley_ur5_arc_expansion_v1/bottle/controls_group_02_all10_decoded.jpg,.jpg,1790451
runs/berkeley_ur5_arc_expansion_v1/bottle/controls_group_02_contact.png,.png,3628284
runs/berkeley_ur5_arc_expansion_v1/bottle/frames/00.jpg,.jpg,88827
runs/berkeley_ur5_arc_expansion_v1/bottle/frames/01.jpg,.jpg,87797
runs/berkeley_ur5_arc_expansion_v1/bottle/frames/02.jpg,.jpg,89172
runs/berkeley_ur5_arc_expansion_v1/bottle/frames/03.jpg,.jpg,87134
runs/berkeley_ur5_arc_expansion_v1/bottle/frames/04.jpg,.jpg,88294
runs/berkeley_ur5_arc_expansion_v1/bottle/frames/05.jpg,.jpg,87950
runs/berkeley_ur5_arc_expansion_v1/bottle/frames/06.jpg,.jpg,88864
runs/berkeley_ur5_arc_expansion_v1/bottle/frames/07.jpg,.jpg,88307
runs/berkeley_ur5_arc_expansion_v1/bottle/frames/08.jpg,.jpg,88733
runs/berkeley_ur5_arc_expansion_v1/bottle/frames/09.jpg,.jpg,88323
runs/berkeley_ur5_arc_expansion_v1/bottle/full_30_steps.npz,.npz,116730
runs/berkeley_ur5_arc_expansion_v1/bottle/height_group_00.mp4,.mp4,1855350
runs/berkeley_ur5_arc_expansion_v1/bottle/height_group_00_all10_decoded.jpg,.jpg,1826309
runs/berkeley_ur5_arc_expansion_v1/bottle/height_group_00_contact.png,.png,3646278
runs/berkeley_ur5_arc_expansion_v1/bottle/height_group_01.mp4,.mp4,1848172
runs/berkeley_ur5_arc_expansion_v1/bottle/height_group_01_all10_decoded.jpg,.jpg,1823702
runs/berkeley_ur5_arc_expansion_v1/bottle/height_group_01_contact.png,.png,3638835
runs/berkeley_ur5_arc_expansion_v1/bottle/height_group_02.mp4,.mp4,1833263
runs/berkeley_ur5_arc_expansion_v1/bottle/height_group_02_all10_decoded.jpg,.jpg,1804332
runs/berkeley_ur5_arc_expansion_v1/bottle/height_group_02_contact.png,.png,3631031
runs/berkeley_ur5_arc_expansion_v1/bottle/K.npy,.npy,200
runs/berkeley_ur5_arc_expansion_v1/bottle/p0.npy,.npy,704
runs/berkeley_ur5_arc_expansion_v1/bottle/point_ids.npy,.npy,320
runs/berkeley_ur5_arc_expansion_v1/bottle/projected_2d.npz,.npz,49291
runs/berkeley_ur5_arc_expansion_v1/bottle/render_receipts.json,.json,3747
runs/berkeley_ur5_arc_expansion_v1/bottle/scale_group_00.mp4,.mp4,1853785
runs/berkeley_ur5_arc_expansion_v1/bottle/scale_group_00_all10_decoded.jpg,.jpg,1825928
runs/berkeley_ur5_arc_expansion_v1/bottle/scale_group_00_contact.png,.png,3642602
runs/berkeley_ur5_arc_expansion_v1/bottle/scale_group_01.mp4,.mp4,1845050
runs/berkeley_ur5_arc_expansion_v1/bottle/scale_group_01_all10_decoded.jpg,.jpg,1824332
runs/berkeley_ur5_arc_expansion_v1/bottle/scale_group_01_contact.png,.png,3634851
runs/berkeley_ur5_arc_expansion_v1/bottle/scale_group_02.mp4,.mp4,1830387
runs/berkeley_ur5_arc_expansion_v1/bottle/scale_group_02_all10_decoded.jpg,.jpg,1804936
runs/berkeley_ur5_arc_expansion_v1/bottle/scale_group_02_contact.png,.png,3626650
runs/berkeley_ur5_arc_expansion_v1/browser_verification.json,.json,940
runs/berkeley_ur5_arc_expansion_v1/cup/aligned_3d.npz,.npz,43009
runs/berkeley_ur5_arc_expansion_v1/cup/all24_candidate_grid.png,.png,2906919
runs/berkeley_ur5_arc_expansion_v1/cup/controls_group_00.mp4,.mp4,1739516
runs/berkeley_ur5_arc_expansion_v1/cup/controls_group_00_all10_decoded.jpg,.jpg,1739500
runs/berkeley_ur5_arc_expansion_v1/cup/controls_group_00_contact.png,.png,3572258
runs/berkeley_ur5_arc_expansion_v1/cup/controls_group_01.mp4,.mp4,1714719
runs/berkeley_ur5_arc_expansion_v1/cup/controls_group_01_all10_decoded.jpg,.jpg,1724471
runs/berkeley_ur5_arc_expansion_v1/cup/controls_group_01_contact.png,.png,3565920
runs/berkeley_ur5_arc_expansion_v1/cup/controls_group_02.mp4,.mp4,1710111
runs/berkeley_ur5_arc_expansion_v1/cup/controls_group_02_all10_decoded.jpg,.jpg,1710536
runs/berkeley_ur5_arc_expansion_v1/cup/controls_group_02_contact.png,.png,3565501
runs/berkeley_ur5_arc_expansion_v1/cup/frames/00.jpg,.jpg,88963
runs/berkeley_ur5_arc_expansion_v1/cup/frames/01.jpg,.jpg,88514
runs/berkeley_ur5_arc_expansion_v1/cup/frames/02.jpg,.jpg,88954
runs/berkeley_ur5_arc_expansion_v1/cup/frames/03.jpg,.jpg,88204
runs/berkeley_ur5_arc_expansion_v1/cup/frames/04.jpg,.jpg,87271
runs/berkeley_ur5_arc_expansion_v1/cup/frames/05.jpg,.jpg,86296
runs/berkeley_ur5_arc_expansion_v1/cup/frames/06.jpg,.jpg,86049
runs/berkeley_ur5_arc_expansion_v1/cup/frames/07.jpg,.jpg,85090
runs/berkeley_ur5_arc_expansion_v1/cup/frames/08.jpg,.jpg,85107
runs/berkeley_ur5_arc_expansion_v1/cup/frames/09.jpg,.jpg,85123
runs/berkeley_ur5_arc_expansion_v1/cup/full_30_steps.npz,.npz,83228
runs/berkeley_ur5_arc_expansion_v1/cup/height_group_00.mp4,.mp4,1757185
runs/berkeley_ur5_arc_expansion_v1/cup/height_group_00_all10_decoded.jpg,.jpg,1757282
runs/berkeley_ur5_arc_expansion_v1/cup/height_group_00_contact.png,.png,3577756
runs/berkeley_ur5_arc_expansion_v1/cup/height_group_01.mp4,.mp4,1719180
runs/berkeley_ur5_arc_expansion_v1/cup/height_group_01_all10_decoded.jpg,.jpg,1732723
runs/berkeley_ur5_arc_expansion_v1/cup/height_group_01_contact.png,.png,3565602
runs/berkeley_ur5_arc_expansion_v1/cup/height_group_02.mp4,.mp4,1717534
runs/berkeley_ur5_arc_expansion_v1/cup/height_group_02_all10_decoded.jpg,.jpg,1717723
runs/berkeley_ur5_arc_expansion_v1/cup/height_group_02_contact.png,.png,3566638
runs/berkeley_ur5_arc_expansion_v1/cup/K.npy,.npy,200
runs/berkeley_ur5_arc_expansion_v1/cup/p0.npy,.npy,704
runs/berkeley_ur5_arc_expansion_v1/cup/point_ids.npy,.npy,320
runs/berkeley_ur5_arc_expansion_v1/cup/projected_2d.npz,.npz,39003
runs/berkeley_ur5_arc_expansion_v1/cup/render_receipts.json,.json,3750
runs/berkeley_ur5_arc_expansion_v1/cup/scale_group_00.mp4,.mp4,1752361
runs/berkeley_ur5_arc_expansion_v1/cup/scale_group_00_all10_decoded.jpg,.jpg,1757537
runs/berkeley_ur5_arc_expansion_v1/cup/scale_group_00_contact.png,.png,3574343
runs/berkeley_ur5_arc_expansion_v1/cup/scale_group_01.mp4,.mp4,1713942
runs/berkeley_ur5_arc_expansion_v1/cup/scale_group_01_all10_decoded.jpg,.jpg,1732273
runs/berkeley_ur5_arc_expansion_v1/cup/scale_group_01_contact.png,.png,3562158
runs/berkeley_ur5_arc_expansion_v1/cup/scale_group_02.mp4,.mp4,1712668
runs/berkeley_ur5_arc_expansion_v1/cup/scale_group_02_all10_decoded.jpg,.jpg,1717469
runs/berkeley_ur5_arc_expansion_v1/cup/scale_group_02_contact.png,.png,3562227
runs/berkeley_ur5_arc_expansion_v1/executed_experiment.py,.py,18534
runs/berkeley_ur5_arc_expansion_v1/final_verification.json,.json,953
runs/berkeley_ur5_arc_expansion_v1/gallery.html,.html,309885
runs/berkeley_ur5_arc_expansion_v1/gallery_browser.png,.png,984454
runs/berkeley_ur5_arc_expansion_v1/gallery_phase.html,.html,390386
runs/berkeley_ur5_arc_expansion_v1/gallery_phase_early_browser.png,.png,917899
runs/berkeley_ur5_arc_expansion_v1/generation_receipt.json,.json,208
runs/berkeley_ur5_arc_expansion_v1/phase_schedule/bottle/aligned_3d.npz,.npz,19562
runs/berkeley_ur5_arc_expansion_v1/phase_schedule/bottle/full_30_steps.npz,.npz,56357
runs/berkeley_ur5_arc_expansion_v1/phase_schedule/bottle/phase_height_group_00.mp4,.mp4,1852275
runs/berkeley_ur5_arc_expansion_v1/phase_schedule/bottle/phase_height_group_00_all10_decoded.jpg,.jpg,1821299
runs/berkeley_ur5_arc_expansion_v1/phase_schedule/bottle/phase_height_group_00_contact.png,.png,3649525
runs/berkeley_ur5_arc_expansion_v1/phase_schedule/bottle/phase_height_group_01.mp4,.mp4,1848750
runs/berkeley_ur5_arc_expansion_v1/phase_schedule/bottle/phase_height_group_01_all10_decoded.jpg,.jpg,1822104
runs/berkeley_ur5_arc_expansion_v1/phase_schedule/bottle/phase_height_group_01_contact.png,.png,3643488
runs/berkeley_ur5_arc_expansion_v1/phase_schedule/bottle/phase_height_group_02.mp4,.mp4,1839657
runs/berkeley_ur5_arc_expansion_v1/phase_schedule/bottle/phase_height_group_02_all10_decoded.jpg,.jpg,1802101
runs/berkeley_ur5_arc_expansion_v1/phase_schedule/bottle/phase_height_group_02_contact.png,.png,3634867
runs/berkeley_ur5_arc_expansion_v1/phase_schedule/bottle/projected_2d.npz,.npz,15339
runs/berkeley_ur5_arc_expansion_v1/phase_schedule/bottle/render_receipts.json,.json,2578
runs/berkeley_ur5_arc_expansion_v1/phase_schedule/bottle/timing_group_00.mp4,.mp4,1854432
runs/berkeley_ur5_arc_expansion_v1/phase_schedule/bottle/timing_group_00_all10_decoded.jpg,.jpg,1822941
runs/berkeley_ur5_arc_expansion_v1/phase_schedule/bottle/timing_group_00_contact.png,.png,3649683
runs/berkeley_ur5_arc_expansion_v1/phase_schedule/bottle/timing_group_01.mp4,.mp4,1848656
runs/berkeley_ur5_arc_expansion_v1/phase_schedule/bottle/timing_group_01_all10_decoded.jpg,.jpg,1822356
runs/berkeley_ur5_arc_expansion_v1/phase_schedule/bottle/timing_group_01_contact.png,.png,3642910
runs/berkeley_ur5_arc_expansion_v1/phase_schedule/bottle/timing_group_02.mp4,.mp4,1835913
runs/berkeley_ur5_arc_expansion_v1/phase_schedule/bottle/timing_group_02_all10_decoded.jpg,.jpg,1802324
runs/berkeley_ur5_arc_expansion_v1/phase_schedule/bottle/timing_group_02_contact.png,.png,3633823
runs/berkeley_ur5_arc_expansion_v1/phase_schedule/cup/aligned_3d.npz,.npz,17624
runs/berkeley_ur5_arc_expansion_v1/phase_schedule/cup/full_30_steps.npz,.npz,48733
runs/berkeley_ur5_arc_expansion_v1/phase_schedule/cup/phase_height_group_00.mp4,.mp4,1752909
runs/berkeley_ur5_arc_expansion_v1/phase_schedule/cup/phase_height_group_00_all10_decoded.jpg,.jpg,1752349
runs/berkeley_ur5_arc_expansion_v1/phase_schedule/cup/phase_height_group_00_contact.png,.png,3577444
runs/berkeley_ur5_arc_expansion_v1/phase_schedule/cup/phase_height_group_01.mp4,.mp4,1721062
runs/berkeley_ur5_arc_expansion_v1/phase_schedule/cup/phase_height_group_01_all10_decoded.jpg,.jpg,1731509
runs/berkeley_ur5_arc_expansion_v1/phase_schedule/cup/phase_height_group_01_contact.png,.png,3567933
runs/berkeley_ur5_arc_expansion_v1/phase_schedule/cup/phase_height_group_02.mp4,.mp4,1716919
runs/berkeley_ur5_arc_expansion_v1/phase_schedule/cup/phase_height_group_02_all10_decoded.jpg,.jpg,1716262
runs/berkeley_ur5_arc_expansion_v1/phase_schedule/cup/phase_height_group_02_contact.png,.png,3568440
runs/berkeley_ur5_arc_expansion_v1/phase_schedule/cup/projected_2d.npz,.npz,13900
runs/berkeley_ur5_arc_expansion_v1/phase_schedule/cup/render_receipts.json,.json,2580
runs/berkeley_ur5_arc_expansion_v1/phase_schedule/cup/timing_group_00.mp4,.mp4,1754273
runs/berkeley_ur5_arc_expansion_v1/phase_schedule/cup/timing_group_00_all10_decoded.jpg,.jpg,1752883
runs/berkeley_ur5_arc_expansion_v1/phase_schedule/cup/timing_group_00_contact.png,.png,3577720
runs/berkeley_ur5_arc_expansion_v1/phase_schedule/cup/timing_group_01.mp4,.mp4,1719175
runs/berkeley_ur5_arc_expansion_v1/phase_schedule/cup/timing_group_01_all10_decoded.jpg,.jpg,1730691
runs/berkeley_ur5_arc_expansion_v1/phase_schedule/cup/timing_group_01_contact.png,.png,3567582
runs/berkeley_ur5_arc_expansion_v1/phase_schedule/cup/timing_group_02.mp4,.mp4,1717076
runs/berkeley_ur5_arc_expansion_v1/phase_schedule/cup/timing_group_02_all10_decoded.jpg,.jpg,1715769
runs/berkeley_ur5_arc_expansion_v1/phase_schedule/cup/timing_group_02_contact.png,.png,3567723
runs/berkeley_ur5_arc_expansion_v1/phase_schedule/executed_experiment.py,.py,5449
runs/berkeley_ur5_arc_expansion_v1/phase_schedule/gallery_arrays.json,.json,155500
runs/berkeley_ur5_arc_expansion_v1/phase_schedule/protocol.json,.json,286934
runs/berkeley_ur5_arc_expansion_v1/phase_schedule/results.json,.json,24174
runs/berkeley_ur5_arc_expansion_v1/phase_schedule/verification.json,.json,373
runs/berkeley_ur5_arc_expansion_v1/protocol.json,.json,275345
runs/berkeley_ur5_arc_expansion_v1/publication.json,.json,1268
runs/berkeley_ur5_arc_expansion_v1/README.md,.md,6845
runs/berkeley_ur5_arc_expansion_v1/research_story.md,.md,16651
runs/berkeley_ur5_arc_expansion_v1/resource_provenance.json,.json,1539
runs/berkeley_ur5_arc_expansion_v1/results.json,.json,93236
runs/berkeley_ur5_arc_expansion_v1/selected/bottle/all24_comparison.png,.png,3643879
runs/berkeley_ur5_arc_expansion_v1/selected/bottle/K.npy,.npy,200
runs/berkeley_ur5_arc_expansion_v1/selected/bottle/point_ids.npy,.npy,320
runs/berkeley_ur5_arc_expansion_v1/selected/bottle/postprocessed_future_3d.npy,.npy,17408
runs/berkeley_ur5_arc_expansion_v1/selected/bottle/projected_2d.npy,.npy,3968
runs/berkeley_ur5_arc_expansion_v1/selected/cup/all24_comparison.png,.png,3580830
runs/berkeley_ur5_arc_expansion_v1/selected/cup/K.npy,.npy,200
runs/berkeley_ur5_arc_expansion_v1/selected/cup/point_ids.npy,.npy,320
runs/berkeley_ur5_arc_expansion_v1/selected/cup/postprocessed_future_3d.npy,.npy,17408
runs/berkeley_ur5_arc_expansion_v1/selected/cup/projected_2d.npy,.npy,3968
runs/berkeley_ur5_arc_expansion_v1/selected/metadata.json,.json,8565
runs/berkeley_ur5_arc_expansion_v1/verification.json,.json,494
runs/berkeley_ur5_arc_expansion_v1/visual_review.json,.json,2993
runs/berkeley_ur5_improvement_v1/.gitattributes,,9
runs/berkeley_ur5_improvement_v1/all24_visual_manifest.json,.json,1814
runs/berkeley_ur5_improvement_v1/baseline_comparison/bottle/all24_baselines.png,.png,1580835
runs/berkeley_ur5_improvement_v1/baseline_comparison/bottle/baselines_group_00_3d.png,.png,272404
runs/berkeley_ur5_improvement_v1/baseline_comparison/bottle/baselines_group_00_comparison.mp4,.mp4,1843767
runs/berkeley_ur5_improvement_v1/baseline_comparison/bottle/baselines_group_00_comparison_all10_CV.jpg,.jpg,325127
runs/berkeley_ur5_improvement_v1/baseline_comparison/bottle/baselines_group_00_contact_sheet.png,.png,3664011
runs/berkeley_ur5_improvement_v1/baseline_comparison/bottle/baselines_group_00_error_by_time.png,.png,128937
runs/berkeley_ur5_improvement_v1/baseline_comparison/bottle/baselines_group_00_final_overlay.png,.png,1208680
runs/berkeley_ur5_improvement_v1/baseline_comparison/bottle/baselines_group_00_full_extent.png,.png,906088
runs/berkeley_ur5_improvement_v1/baseline_comparison/bottle/baselines_group_00_render_receipt.json,.json,409
runs/berkeley_ur5_improvement_v1/baseline_comparison/bottle/baselines_group_01_3d.png,.png,276699
runs/berkeley_ur5_improvement_v1/baseline_comparison/bottle/baselines_group_01_comparison.mp4,.mp4,1830718
runs/berkeley_ur5_improvement_v1/baseline_comparison/bottle/baselines_group_01_comparison_all10_CV.jpg,.jpg,325100
runs/berkeley_ur5_improvement_v1/baseline_comparison/bottle/baselines_group_01_contact_sheet.png,.png,3664693
runs/berkeley_ur5_improvement_v1/baseline_comparison/bottle/baselines_group_01_error_by_time.png,.png,122020
runs/berkeley_ur5_improvement_v1/baseline_comparison/bottle/baselines_group_01_final_overlay.png,.png,1210079
runs/berkeley_ur5_improvement_v1/baseline_comparison/bottle/baselines_group_01_full_extent.png,.png,905165
runs/berkeley_ur5_improvement_v1/baseline_comparison/bottle/baselines_group_01_render_receipt.json,.json,411
runs/berkeley_ur5_improvement_v1/baseline_comparison/bottle/baselines_group_02_3d.png,.png,249194
runs/berkeley_ur5_improvement_v1/baseline_comparison/bottle/baselines_group_02_comparison.mp4,.mp4,1832537
runs/berkeley_ur5_improvement_v1/baseline_comparison/bottle/baselines_group_02_comparison_all10_CV.jpg,.jpg,323808
runs/berkeley_ur5_improvement_v1/baseline_comparison/bottle/baselines_group_02_contact_sheet.png,.png,3649576
runs/berkeley_ur5_improvement_v1/baseline_comparison/bottle/baselines_group_02_error_by_time.png,.png,123901
runs/berkeley_ur5_improvement_v1/baseline_comparison/bottle/baselines_group_02_final_overlay.png,.png,1201120
runs/berkeley_ur5_improvement_v1/baseline_comparison/bottle/baselines_group_02_full_extent.png,.png,903398
runs/berkeley_ur5_improvement_v1/baseline_comparison/bottle/baselines_group_02_render_receipt.json,.json,411
runs/berkeley_ur5_improvement_v1/baseline_comparison/cup/all24_baselines.png,.png,1873999
runs/berkeley_ur5_improvement_v1/baseline_comparison/cup/baselines_group_00_3d.png,.png,184528
runs/berkeley_ur5_improvement_v1/baseline_comparison/cup/baselines_group_00_comparison.mp4,.mp4,1740687
runs/berkeley_ur5_improvement_v1/baseline_comparison/cup/baselines_group_00_comparison_all10_CV.jpg,.jpg,315238
runs/berkeley_ur5_improvement_v1/baseline_comparison/cup/baselines_group_00_contact_sheet.png,.png,3588553
runs/berkeley_ur5_improvement_v1/baseline_comparison/cup/baselines_group_00_error_by_time.png,.png,111366
runs/berkeley_ur5_improvement_v1/baseline_comparison/cup/baselines_group_00_final_overlay.png,.png,1165704
runs/berkeley_ur5_improvement_v1/baseline_comparison/cup/baselines_group_00_full_extent.png,.png,870332
runs/berkeley_ur5_improvement_v1/baseline_comparison/cup/baselines_group_00_render_receipt.json,.json,411
runs/berkeley_ur5_improvement_v1/baseline_comparison/cup/baselines_group_01_3d.png,.png,193869
runs/berkeley_ur5_improvement_v1/baseline_comparison/cup/baselines_group_01_comparison.mp4,.mp4,1742951
runs/berkeley_ur5_improvement_v1/baseline_comparison/cup/baselines_group_01_comparison_all10_CV.jpg,.jpg,314986
runs/berkeley_ur5_improvement_v1/baseline_comparison/cup/baselines_group_01_contact_sheet.png,.png,3590099
runs/berkeley_ur5_improvement_v1/baseline_comparison/cup/baselines_group_01_error_by_time.png,.png,115681
runs/berkeley_ur5_improvement_v1/baseline_comparison/cup/baselines_group_01_final_overlay.png,.png,1166317
runs/berkeley_ur5_improvement_v1/baseline_comparison/cup/baselines_group_01_full_extent.png,.png,870426
runs/berkeley_ur5_improvement_v1/baseline_comparison/cup/baselines_group_01_render_receipt.json,.json,411
runs/berkeley_ur5_improvement_v1/baseline_comparison/cup/baselines_group_02_3d.png,.png,219356
runs/berkeley_ur5_improvement_v1/baseline_comparison/cup/baselines_group_02_comparison.mp4,.mp4,1731243
runs/berkeley_ur5_improvement_v1/baseline_comparison/cup/baselines_group_02_comparison_all10_CV.jpg,.jpg,313723
runs/berkeley_ur5_improvement_v1/baseline_comparison/cup/baselines_group_02_contact_sheet.png,.png,3586677
runs/berkeley_ur5_improvement_v1/baseline_comparison/cup/baselines_group_02_error_by_time.png,.png,118001
runs/berkeley_ur5_improvement_v1/baseline_comparison/cup/baselines_group_02_final_overlay.png,.png,1165420
runs/berkeley_ur5_improvement_v1/baseline_comparison/cup/baselines_group_02_full_extent.png,.png,870300
runs/berkeley_ur5_improvement_v1/baseline_comparison/cup/baselines_group_02_render_receipt.json,.json,411
runs/berkeley_ur5_improvement_v1/baseline_comparison/evaluation_protocol.md,.md,14183
runs/berkeley_ur5_improvement_v1/baseline_comparison/README.md,.md,5487
runs/berkeley_ur5_improvement_v1/baseline_comparison/results.json,.json,102080
runs/berkeley_ur5_improvement_v1/baseline_comparison/verification.json,.json,1574
runs/berkeley_ur5_improvement_v1/baseline_comparison/visual_review.json,.json,1410
runs/berkeley_ur5_improvement_v1/bottle/all24_actual.png,.png,2343997
runs/berkeley_ur5_improvement_v1/bottle/all24_one_third.png,.png,2123728
runs/berkeley_ur5_improvement_v1/bottle/displacement_one_third_full_3d.npy,.npy,17408
runs/berkeley_ur5_improvement_v1/bottle/fixed_3d.png,.png,266966
runs/berkeley_ur5_improvement_v1/bottle/fixed_arrays.npz,.npz,9521
runs/berkeley_ur5_improvement_v1/bottle/fixed_comparison.mp4,.mp4,1922107
runs/berkeley_ur5_improvement_v1/bottle/fixed_contact_sheet.png,.png,3743933
runs/berkeley_ur5_improvement_v1/bottle/fixed_error_by_time.png,.png,127479
runs/berkeley_ur5_improvement_v1/bottle/fixed_final_overlay.png,.png,1245906
runs/berkeley_ur5_improvement_v1/bottle/fixed_full_extent.png,.png,974447
runs/berkeley_ur5_improvement_v1/bottle/fixed_render_receipt.json,.json,537
runs/berkeley_ur5_improvement_v1/bottle/oracle_3d.png,.png,303022
runs/berkeley_ur5_improvement_v1/bottle/oracle_arrays.npz,.npz,14448
runs/berkeley_ur5_improvement_v1/bottle/oracle_comparison.mp4,.mp4,1877906
runs/berkeley_ur5_improvement_v1/bottle/oracle_contact_sheet.png,.png,3682997
runs/berkeley_ur5_improvement_v1/bottle/oracle_error_by_time.png,.png,139727
runs/berkeley_ur5_improvement_v1/bottle/oracle_final_overlay.png,.png,1214498
runs/berkeley_ur5_improvement_v1/bottle/oracle_full_extent.png,.png,919809
runs/berkeley_ur5_improvement_v1/bottle/oracle_render_receipt.json,.json,537
runs/berkeley_ur5_improvement_v1/bottle/smoothing_velocity.json,.json,6898
runs/berkeley_ur5_improvement_v1/bottle/smoothing_velocity.png,.png,117147
runs/berkeley_ur5_improvement_v1/bottle/strict_retained_id30.json,.json,1517
runs/berkeley_ur5_improvement_v1/bottle/strict_retained_id30.png,.png,540619
runs/berkeley_ur5_improvement_v1/bottle/video_audit/fixed_comparison_all10_corrected.jpg,.jpg,331612
runs/berkeley_ur5_improvement_v1/bottle/video_audit/fixed_comparison_frame_00.jpg,.jpg,298234
runs/berkeley_ur5_improvement_v1/bottle/video_audit/fixed_comparison_frame_01.jpg,.jpg,301165
runs/berkeley_ur5_improvement_v1/bottle/video_audit/fixed_comparison_frame_02.jpg,.jpg,310213
runs/berkeley_ur5_improvement_v1/bottle/video_audit/fixed_comparison_frame_03.jpg,.jpg,309810
runs/berkeley_ur5_improvement_v1/bottle/video_audit/fixed_comparison_frame_04.jpg,.jpg,314499
runs/berkeley_ur5_improvement_v1/bottle/video_audit/fixed_comparison_frame_05.jpg,.jpg,314824
runs/berkeley_ur5_improvement_v1/bottle/video_audit/fixed_comparison_frame_06.jpg,.jpg,318334
runs/berkeley_ur5_improvement_v1/bottle/video_audit/fixed_comparison_frame_07.jpg,.jpg,317645
runs/berkeley_ur5_improvement_v1/bottle/video_audit/fixed_comparison_frame_08.jpg,.jpg,321160
runs/berkeley_ur5_improvement_v1/bottle/video_audit/fixed_comparison_frame_09.jpg,.jpg,321889
runs/berkeley_ur5_improvement_v1/bottle/video_audit/oracle_comparison_all10_corrected.jpg,.jpg,329334
runs/berkeley_ur5_improvement_v1/bottle/video_audit/oracle_comparison_frame_00.jpg,.jpg,295206
runs/berkeley_ur5_improvement_v1/bottle/video_audit/oracle_comparison_frame_01.jpg,.jpg,295472
runs/berkeley_ur5_improvement_v1/bottle/video_audit/oracle_comparison_frame_02.jpg,.jpg,301647
runs/berkeley_ur5_improvement_v1/bottle/video_audit/oracle_comparison_frame_03.jpg,.jpg,298317
runs/berkeley_ur5_improvement_v1/bottle/video_audit/oracle_comparison_frame_04.jpg,.jpg,300388
runs/berkeley_ur5_improvement_v1/bottle/video_audit/oracle_comparison_frame_05.jpg,.jpg,299577
runs/berkeley_ur5_improvement_v1/bottle/video_audit/oracle_comparison_frame_06.jpg,.jpg,301470
runs/berkeley_ur5_improvement_v1/bottle/video_audit/oracle_comparison_frame_07.jpg,.jpg,300281
runs/berkeley_ur5_improvement_v1/bottle/video_audit/oracle_comparison_frame_08.jpg,.jpg,301768
runs/berkeley_ur5_improvement_v1/bottle/video_audit/oracle_comparison_frame_09.jpg,.jpg,301794
runs/berkeley_ur5_improvement_v1/CASE-AUGE/bottle/comparison.json,.json,8251
runs/berkeley_ur5_improvement_v1/CASE-AUGE/bottle/geometry/camera_motion_audit.json,.json,2641
runs/berkeley_ur5_improvement_v1/CASE-AUGE/bottle/geometry/camera_poses.npy,.npy,640
runs/berkeley_ur5_improvement_v1/CASE-AUGE/bottle/geometry/case_provenance.json,.json,1268
runs/berkeley_ur5_improvement_v1/CASE-AUGE/bottle/geometry/depth_observed.npy,.npy,9830528
runs/berkeley_ur5_improvement_v1/CASE-AUGE/bottle/geometry/depth_source.json,.json,739
runs/berkeley_ur5_improvement_v1/CASE-AUGE/bottle/geometry/filter_diagnostics.npz,.npz,6097
runs/berkeley_ur5_improvement_v1/CASE-AUGE/bottle/geometry/filter_metadata.json,.json,1802
runs/berkeley_ur5_improvement_v1/CASE-AUGE/bottle/geometry/input_audit.json,.json,1176
runs/berkeley_ur5_improvement_v1/CASE-AUGE/bottle/geometry/intrinsics_stability.json,.json,1650
runs/berkeley_ur5_improvement_v1/CASE-AUGE/bottle/geometry/K_median.npy,.npy,164
runs/berkeley_ur5_improvement_v1/CASE-AUGE/bottle/geometry/K_per_frame.npy,.npy,416
runs/berkeley_ur5_improvement_v1/CASE-AUGE/bottle/geometry/points_3d_filtered.npy,.npy,9728
runs/berkeley_ur5_improvement_v1/CASE-AUGE/bottle/geometry/points_3d_raw.npy,.npy,9728
runs/berkeley_ur5_improvement_v1/CASE-AUGE/bottle/geometry/unidepth_confidence_observed.npy,.npy,9830528
runs/berkeley_ur5_improvement_v1/CASE-AUGE/bottle/geometry/unidepth_depth_observed.npy,.npy,9830528
runs/berkeley_ur5_improvement_v1/CASE-AUGE/bottle/geometry/visual_input_audit.json,.json,735
runs/berkeley_ur5_improvement_v1/CASE-AUGE/bottle/geometry_3d.png,.png,288233
runs/berkeley_ur5_improvement_v1/CASE-AUGE/bottle/geometry_comparison.mp4,.mp4,1926306
runs/berkeley_ur5_improvement_v1/CASE-AUGE/bottle/geometry_contact_sheet.png,.png,3752811
runs/berkeley_ur5_improvement_v1/CASE-AUGE/bottle/geometry_error_by_time.png,.png,130739
runs/berkeley_ur5_improvement_v1/CASE-AUGE/bottle/geometry_final_overlay.png,.png,1250297
runs/berkeley_ur5_improvement_v1/CASE-AUGE/bottle/geometry_full_extent.png,.png,991086
runs/berkeley_ur5_improvement_v1/CASE-AUGE/bottle/geometry_group_01_3d.png,.png,249434
runs/berkeley_ur5_improvement_v1/CASE-AUGE/bottle/geometry_group_01_comparison.mp4,.mp4,1902477
runs/berkeley_ur5_improvement_v1/CASE-AUGE/bottle/geometry_group_01_contact_sheet.png,.png,3730317
runs/berkeley_ur5_improvement_v1/CASE-AUGE/bottle/geometry_group_01_error_by_time.png,.png,131890
runs/berkeley_ur5_improvement_v1/CASE-AUGE/bottle/geometry_group_01_final_overlay.png,.png,1235176
runs/berkeley_ur5_improvement_v1/CASE-AUGE/bottle/geometry_group_01_full_extent.png,.png,955887
runs/berkeley_ur5_improvement_v1/CASE-AUGE/bottle/geometry_group_01_render_receipt.json,.json,411
runs/berkeley_ur5_improvement_v1/CASE-AUGE/bottle/geometry_group_02_3d.png,.png,259792
runs/berkeley_ur5_improvement_v1/CASE-AUGE/bottle/geometry_group_02_comparison.mp4,.mp4,1891464
runs/berkeley_ur5_improvement_v1/CASE-AUGE/bottle/geometry_group_02_contact_sheet.png,.png,3720753
runs/berkeley_ur5_improvement_v1/CASE-AUGE/bottle/geometry_group_02_error_by_time.png,.png,131120
runs/berkeley_ur5_improvement_v1/CASE-AUGE/bottle/geometry_group_02_final_overlay.png,.png,1232175
runs/berkeley_ur5_improvement_v1/CASE-AUGE/bottle/geometry_group_02_full_extent.png,.png,973275
runs/berkeley_ur5_improvement_v1/CASE-AUGE/bottle/geometry_group_02_render_receipt.json,.json,411
runs/berkeley_ur5_improvement_v1/CASE-AUGE/bottle/geometry_render_receipt.json,.json,537
runs/berkeley_ur5_improvement_v1/CASE-AUGE/bottle/groups/group_00/metadata.json,.json,332
runs/berkeley_ur5_improvement_v1/CASE-AUGE/bottle/groups/group_00/point_ids.npy,.npy,192
runs/berkeley_ur5_improvement_v1/CASE-AUGE/bottle/groups/group_00/points_2d_at_t0.npy,.npy,192
runs/berkeley_ur5_improvement_v1/CASE-AUGE/bottle/groups/group_00/points_2d_at_t0.pt,.pt,1697
runs/berkeley_ur5_improvement_v1/CASE-AUGE/bottle/groups/group_00/points_3d_history.npy,.npy,416
runs/berkeley_ur5_improvement_v1/CASE-AUGE/bottle/groups/group_00/points_3d_history.pt,.pt,1903
runs/berkeley_ur5_improvement_v1/CASE-AUGE/bottle/groups/group_01/metadata.json,.json,333
runs/berkeley_ur5_improvement_v1/CASE-AUGE/bottle/groups/group_01/point_ids.npy,.npy,192
runs/berkeley_ur5_improvement_v1/CASE-AUGE/bottle/groups/group_01/points_2d_at_t0.npy,.npy,192
runs/berkeley_ur5_improvement_v1/CASE-AUGE/bottle/groups/group_01/points_2d_at_t0.pt,.pt,1697
runs/berkeley_ur5_improvement_v1/CASE-AUGE/bottle/groups/group_01/points_3d_history.npy,.npy,416
runs/berkeley_ur5_improvement_v1/CASE-AUGE/bottle/groups/group_01/points_3d_history.pt,.pt,1903
runs/berkeley_ur5_improvement_v1/CASE-AUGE/bottle/groups/group_02/metadata.json,.json,333
runs/berkeley_ur5_improvement_v1/CASE-AUGE/bottle/groups/group_02/point_ids.npy,.npy,192
runs/berkeley_ur5_improvement_v1/CASE-AUGE/bottle/groups/group_02/points_2d_at_t0.npy,.npy,192
runs/berkeley_ur5_improvement_v1/CASE-AUGE/bottle/groups/group_02/points_2d_at_t0.pt,.pt,1697
runs/berkeley_ur5_improvement_v1/CASE-AUGE/bottle/groups/group_02/points_3d_history.npy,.npy,416
runs/berkeley_ur5_improvement_v1/CASE-AUGE/bottle/groups/group_02/points_3d_history.pt,.pt,1903
runs/berkeley_ur5_improvement_v1/CASE-AUGE/bottle/metadata.json,.json,2569
runs/berkeley_ur5_improvement_v1/CASE-AUGE/bottle/observed/alltracker_execution.json,.json,593
runs/berkeley_ur5_improvement_v1/CASE-AUGE/bottle/observed/frame_000040.png,.png,324931
runs/berkeley_ur5_improvement_v1/CASE-AUGE/bottle/observed/frame_000041.png,.png,323935
runs/berkeley_ur5_improvement_v1/CASE-AUGE/bottle/observed/frame_000042.png,.png,323856
runs/berkeley_ur5_improvement_v1/CASE-AUGE/bottle/observed/frame_000043.png,.png,323947
runs/berkeley_ur5_improvement_v1/CASE-AUGE/bottle/observed/frame_000044.png,.png,318765
runs/berkeley_ur5_improvement_v1/CASE-AUGE/bottle/observed/frame_000045.png,.png,319306
runs/berkeley_ur5_improvement_v1/CASE-AUGE/bottle/observed/frame_000046.png,.png,319875
runs/berkeley_ur5_improvement_v1/CASE-AUGE/bottle/observed/frame_000047.png,.png,318259
runs/berkeley_ur5_improvement_v1/CASE-AUGE/bottle/observed/frame_t+0.png,.png,393076
runs/berkeley_ur5_improvement_v1/CASE-AUGE/bottle/observed/frame_t-1.png,.png,398007
runs/berkeley_ur5_improvement_v1/CASE-AUGE/bottle/observed/frame_t-2.png,.png,391151
runs/berkeley_ur5_improvement_v1/CASE-AUGE/bottle/observed/grounding_metadata.json,.json,1602
runs/berkeley_ur5_improvement_v1/CASE-AUGE/bottle/observed/history_rgb.npy,.npy,2764928
runs/berkeley_ur5_improvement_v1/CASE-AUGE/bottle/observed/history_source_indices.npy,.npy,152
runs/berkeley_ur5_improvement_v1/CASE-AUGE/bottle/observed/history_timestamps.npy,.npy,140
runs/berkeley_ur5_improvement_v1/CASE-AUGE/bottle/observed/mask.png,.png,1535
runs/berkeley_ur5_improvement_v1/CASE-AUGE/bottle/observed/mask_overlay.png,.png,392887
runs/berkeley_ur5_improvement_v1/CASE-AUGE/bottle/observed/molmopoint_generated_token_ids.npy,.npy,344
runs/berkeley_ur5_improvement_v1/CASE-AUGE/bottle/observed/molmopoint_grounding.json,.json,3407
runs/berkeley_ur5_improvement_v1/CASE-AUGE/bottle/observed/molmopoint_input_ids.npy,.npy,6440
runs/berkeley_ur5_improvement_v1/CASE-AUGE/bottle/observed/molmopoint_overlay.png,.png,395180
runs/berkeley_ur5_improvement_v1/CASE-AUGE/bottle/observed/molmopoint_preparation.json,.json,1155
runs/berkeley_ur5_improvement_v1/CASE-AUGE/bottle/observed/molmopoint_raw_output.txt,.txt,136
runs/berkeley_ur5_improvement_v1/CASE-AUGE/bottle/observed/molmopoint_t0.png,.png,393076
runs/berkeley_ur5_improvement_v1/CASE-AUGE/bottle/observed/native_depth.npy,.npy,9830528
runs/berkeley_ur5_improvement_v1/CASE-AUGE/bottle/observed/native_depth_metadata.json,.json,1765
runs/berkeley_ur5_improvement_v1/CASE-AUGE/bottle/observed/observed_tracks_2d.npz,.npz,10505
runs/berkeley_ur5_improvement_v1/CASE-AUGE/bottle/observed/points_2d_history.npy,.npy,704
runs/berkeley_ur5_improvement_v1/CASE-AUGE/bottle/observed/points_3d_history.npy,.npy,992
runs/berkeley_ur5_improvement_v1/CASE-AUGE/bottle/observed/query_in_mask.npy,.npy,228
runs/berkeley_ur5_improvement_v1/CASE-AUGE/bottle/observed/query_points_100.npy,.npy,928
runs/berkeley_ur5_improvement_v1/CASE-AUGE/bottle/observed/rgb.npy,.npy,7372928
runs/berkeley_ur5_improvement_v1/CASE-AUGE/bottle/observed/sam_candidates.npz,.npz,291963
runs/berkeley_ur5_improvement_v1/CASE-AUGE/bottle/observed/selected_point_ids.npy,.npy,320
runs/berkeley_ur5_improvement_v1/CASE-AUGE/bottle/observed/source_frames.json,.json,1225
runs/berkeley_ur5_improvement_v1/CASE-AUGE/bottle/observed/source_indices.npy,.npy,192
runs/berkeley_ur5_improvement_v1/CASE-AUGE/bottle/observed/timestamps.npy,.npy,160
runs/berkeley_ur5_improvement_v1/CASE-AUGE/bottle/predictions/future_3d.npy,.npy,8768
runs/berkeley_ur5_improvement_v1/CASE-AUGE/bottle/predictions/group_00/executed_inference_source.py,.py,11332
runs/berkeley_ur5_improvement_v1/CASE-AUGE/bottle/predictions/group_00/future_3d.npy,.npy,3008
runs/berkeley_ur5_improvement_v1/CASE-AUGE/bottle/predictions/group_00/model_run.json,.json,1228
runs/berkeley_ur5_improvement_v1/CASE-AUGE/bottle/predictions/group_00/prediction.npz,.npz,2546
runs/berkeley_ur5_improvement_v1/CASE-AUGE/bottle/predictions/group_00/processor_inputs.pt,.pt,1325894
runs/berkeley_ur5_improvement_v1/CASE-AUGE/bottle/predictions/group_00/raw_model_output.txt,.txt,3455
runs/berkeley_ur5_improvement_v1/CASE-AUGE/bottle/predictions/group_01/executed_inference_source.py,.py,11332
runs/berkeley_ur5_improvement_v1/CASE-AUGE/bottle/predictions/group_01/future_3d.npy,.npy,3008
runs/berkeley_ur5_improvement_v1/CASE-AUGE/bottle/predictions/group_01/model_run.json,.json,1229
runs/berkeley_ur5_improvement_v1/CASE-AUGE/bottle/predictions/group_01/prediction.npz,.npz,2181
runs/berkeley_ur5_improvement_v1/CASE-AUGE/bottle/predictions/group_01/processor_inputs.pt,.pt,1325638
runs/berkeley_ur5_improvement_v1/CASE-AUGE/bottle/predictions/group_01/raw_model_output.txt,.txt,3398
runs/berkeley_ur5_improvement_v1/CASE-AUGE/bottle/predictions/group_02/executed_inference_source.py,.py,11332
runs/berkeley_ur5_improvement_v1/CASE-AUGE/bottle/predictions/group_02/future_3d.npy,.npy,3008
runs/berkeley_ur5_improvement_v1/CASE-AUGE/bottle/predictions/group_02/model_run.json,.json,1224
runs/berkeley_ur5_improvement_v1/CASE-AUGE/bottle/predictions/group_02/prediction.npz,.npz,2151
runs/berkeley_ur5_improvement_v1/CASE-AUGE/bottle/predictions/group_02/processor_inputs.pt,.pt,1325894
runs/berkeley_ur5_improvement_v1/CASE-AUGE/bottle/predictions/group_02/raw_model_output.txt,.txt,3493
runs/berkeley_ur5_improvement_v1/CASE-AUGE/bottle/predictions/input_freeze.json,.json,8227
runs/berkeley_ur5_improvement_v1/CASE-AUGE/bottle/predictions/model_run.json,.json,5251
runs/berkeley_ur5_improvement_v1/CASE-AUGE/bottle/predictions/prediction.npz,.npz,5922
runs/berkeley_ur5_improvement_v1/CASE-AUGE/bottle/video_audit/geometry_comparison_all10_corrected.jpg,.jpg,329293
runs/berkeley_ur5_improvement_v1/CASE-AUGE/bottle/video_audit/geometry_comparison_frame_00.jpg,.jpg,296685
runs/berkeley_ur5_improvement_v1/CASE-AUGE/bottle/video_audit/geometry_comparison_frame_01.jpg,.jpg,301118
runs/berkeley_ur5_improvement_v1/CASE-AUGE/bottle/video_audit/geometry_comparison_frame_02.jpg,.jpg,312329
runs/berkeley_ur5_improvement_v1/CASE-AUGE/bottle/video_audit/geometry_comparison_frame_03.jpg,.jpg,313848
runs/berkeley_ur5_improvement_v1/CASE-AUGE/bottle/video_audit/geometry_comparison_frame_04.jpg,.jpg,320000
runs/berkeley_ur5_improvement_v1/CASE-AUGE/bottle/video_audit/geometry_comparison_frame_05.jpg,.jpg,320166
runs/berkeley_ur5_improvement_v1/CASE-AUGE/bottle/video_audit/geometry_comparison_frame_06.jpg,.jpg,322893
runs/berkeley_ur5_improvement_v1/CASE-AUGE/bottle/video_audit/geometry_comparison_frame_07.jpg,.jpg,321641
runs/berkeley_ur5_improvement_v1/CASE-AUGE/bottle/video_audit/geometry_comparison_frame_08.jpg,.jpg,325193
runs/berkeley_ur5_improvement_v1/CASE-AUGE/bottle/video_audit/geometry_comparison_frame_09.jpg,.jpg,325829
runs/berkeley_ur5_improvement_v1/CASE-AUGE/bottle/video_audit/geometry_group_01_comparison_all10_corrected.jpg,.jpg,329226
runs/berkeley_ur5_improvement_v1/CASE-AUGE/bottle/video_audit/geometry_group_01_comparison_frame_00.jpg,.jpg,295171
runs/berkeley_ur5_improvement_v1/CASE-AUGE/bottle/video_audit/geometry_group_01_comparison_frame_01.jpg,.jpg,299516
runs/berkeley_ur5_improvement_v1/CASE-AUGE/bottle/video_audit/geometry_group_01_comparison_frame_02.jpg,.jpg,309885
runs/berkeley_ur5_improvement_v1/CASE-AUGE/bottle/video_audit/geometry_group_01_comparison_frame_03.jpg,.jpg,308992
runs/berkeley_ur5_improvement_v1/CASE-AUGE/bottle/video_audit/geometry_group_01_comparison_frame_04.jpg,.jpg,312565
runs/berkeley_ur5_improvement_v1/CASE-AUGE/bottle/video_audit/geometry_group_01_comparison_frame_05.jpg,.jpg,310714
runs/berkeley_ur5_improvement_v1/CASE-AUGE/bottle/video_audit/geometry_group_01_comparison_frame_06.jpg,.jpg,311908
runs/berkeley_ur5_improvement_v1/CASE-AUGE/bottle/video_audit/geometry_group_01_comparison_frame_07.jpg,.jpg,310652
runs/berkeley_ur5_improvement_v1/CASE-AUGE/bottle/video_audit/geometry_group_01_comparison_frame_08.jpg,.jpg,312076
runs/berkeley_ur5_improvement_v1/CASE-AUGE/bottle/video_audit/geometry_group_01_comparison_frame_09.jpg,.jpg,310754
runs/berkeley_ur5_improvement_v1/CASE-AUGE/bottle/video_audit/geometry_group_02_comparison_all10_corrected.jpg,.jpg,327331
runs/berkeley_ur5_improvement_v1/CASE-AUGE/bottle/video_audit/geometry_group_02_comparison_frame_00.jpg,.jpg,295157
runs/berkeley_ur5_improvement_v1/CASE-AUGE/bottle/video_audit/geometry_group_02_comparison_frame_01.jpg,.jpg,298795
runs/berkeley_ur5_improvement_v1/CASE-AUGE/bottle/video_audit/geometry_group_02_comparison_frame_02.jpg,.jpg,310758
runs/berkeley_ur5_improvement_v1/CASE-AUGE/bottle/video_audit/geometry_group_02_comparison_frame_03.jpg,.jpg,311072
runs/berkeley_ur5_improvement_v1/CASE-AUGE/bottle/video_audit/geometry_group_02_comparison_frame_04.jpg,.jpg,315821
runs/berkeley_ur5_improvement_v1/CASE-AUGE/bottle/video_audit/geometry_group_02_comparison_frame_05.jpg,.jpg,315443
runs/berkeley_ur5_improvement_v1/CASE-AUGE/bottle/video_audit/geometry_group_02_comparison_frame_06.jpg,.jpg,317213
runs/berkeley_ur5_improvement_v1/CASE-AUGE/bottle/video_audit/geometry_group_02_comparison_frame_07.jpg,.jpg,316313
runs/berkeley_ur5_improvement_v1/CASE-AUGE/bottle/video_audit/geometry_group_02_comparison_frame_08.jpg,.jpg,318483
runs/berkeley_ur5_improvement_v1/CASE-AUGE/bottle/video_audit/geometry_group_02_comparison_frame_09.jpg,.jpg,317802
runs/berkeley_ur5_improvement_v1/CASE-AUGE/cup/comparison.json,.json,8255
runs/berkeley_ur5_improvement_v1/CASE-AUGE/cup/geometry/camera_motion_audit.json,.json,2628
runs/berkeley_ur5_improvement_v1/CASE-AUGE/cup/geometry/camera_poses.npy,.npy,640
runs/berkeley_ur5_improvement_v1/CASE-AUGE/cup/geometry/case_provenance.json,.json,1269
runs/berkeley_ur5_improvement_v1/CASE-AUGE/cup/geometry/depth_observed.npy,.npy,9830528
runs/berkeley_ur5_improvement_v1/CASE-AUGE/cup/geometry/depth_source.json,.json,739
runs/berkeley_ur5_improvement_v1/CASE-AUGE/cup/geometry/filter_diagnostics.npz,.npz,6332
runs/berkeley_ur5_improvement_v1/CASE-AUGE/cup/geometry/filter_metadata.json,.json,1800
runs/berkeley_ur5_improvement_v1/CASE-AUGE/cup/geometry/input_audit.json,.json,1179
runs/berkeley_ur5_improvement_v1/CASE-AUGE/cup/geometry/intrinsics_stability.json,.json,1601
runs/berkeley_ur5_improvement_v1/CASE-AUGE/cup/geometry/K_median.npy,.npy,164
runs/berkeley_ur5_improvement_v1/CASE-AUGE/cup/geometry/K_per_frame.npy,.npy,416
runs/berkeley_ur5_improvement_v1/CASE-AUGE/cup/geometry/points_3d_filtered.npy,.npy,9728
runs/berkeley_ur5_improvement_v1/CASE-AUGE/cup/geometry/points_3d_raw.npy,.npy,9728
runs/berkeley_ur5_improvement_v1/CASE-AUGE/cup/geometry/unidepth_confidence_observed.npy,.npy,9830528
runs/berkeley_ur5_improvement_v1/CASE-AUGE/cup/geometry/unidepth_depth_observed.npy,.npy,9830528
runs/berkeley_ur5_improvement_v1/CASE-AUGE/cup/geometry/visual_input_audit.json,.json,735
runs/berkeley_ur5_improvement_v1/CASE-AUGE/cup/geometry_3d.png,.png,219580
runs/berkeley_ur5_improvement_v1/CASE-AUGE/cup/geometry_comparison.mp4,.mp4,1811552
runs/berkeley_ur5_improvement_v1/CASE-AUGE/cup/geometry_contact_sheet.png,.png,3653682
runs/berkeley_ur5_improvement_v1/CASE-AUGE/cup/geometry_error_by_time.png,.png,122494
runs/berkeley_ur5_improvement_v1/CASE-AUGE/cup/geometry_final_overlay.png,.png,1208625
runs/berkeley_ur5_improvement_v1/CASE-AUGE/cup/geometry_full_extent.png,.png,798982
runs/berkeley_ur5_improvement_v1/CASE-AUGE/cup/geometry_group_01_3d.png,.png,172494
runs/berkeley_ur5_improvement_v1/CASE-AUGE/cup/geometry_group_01_comparison.mp4,.mp4,1752106
runs/berkeley_ur5_improvement_v1/CASE-AUGE/cup/geometry_group_01_contact_sheet.png,.png,3608507
runs/berkeley_ur5_improvement_v1/CASE-AUGE/cup/geometry_group_01_error_by_time.png,.png,124881
runs/berkeley_ur5_improvement_v1/CASE-AUGE/cup/geometry_group_01_final_overlay.png,.png,1171533
runs/berkeley_ur5_improvement_v1/CASE-AUGE/cup/geometry_group_01_full_extent.png,.png,747370
runs/berkeley_ur5_improvement_v1/CASE-AUGE/cup/geometry_group_01_render_receipt.json,.json,411
runs/berkeley_ur5_improvement_v1/CASE-AUGE/cup/geometry_group_02_3d.png,.png,201900
runs/berkeley_ur5_improvement_v1/CASE-AUGE/cup/geometry_group_02_comparison.mp4,.mp4,1777810
runs/berkeley_ur5_improvement_v1/CASE-AUGE/cup/geometry_group_02_contact_sheet.png,.png,3637819
runs/berkeley_ur5_improvement_v1/CASE-AUGE/cup/geometry_group_02_error_by_time.png,.png,126955
runs/berkeley_ur5_improvement_v1/CASE-AUGE/cup/geometry_group_02_final_overlay.png,.png,1194219
runs/berkeley_ur5_improvement_v1/CASE-AUGE/cup/geometry_group_02_full_extent.png,.png,895210
runs/berkeley_ur5_improvement_v1/CASE-AUGE/cup/geometry_group_02_render_receipt.json,.json,411
runs/berkeley_ur5_improvement_v1/CASE-AUGE/cup/geometry_render_receipt.json,.json,539
runs/berkeley_ur5_improvement_v1/CASE-AUGE/cup/groups/group_00/metadata.json,.json,333
runs/berkeley_ur5_improvement_v1/CASE-AUGE/cup/groups/group_00/point_ids.npy,.npy,192
runs/berkeley_ur5_improvement_v1/CASE-AUGE/cup/groups/group_00/points_2d_at_t0.npy,.npy,192
runs/berkeley_ur5_improvement_v1/CASE-AUGE/cup/groups/group_00/points_2d_at_t0.pt,.pt,1697
runs/berkeley_ur5_improvement_v1/CASE-AUGE/cup/groups/group_00/points_3d_history.npy,.npy,416
runs/berkeley_ur5_improvement_v1/CASE-AUGE/cup/groups/group_00/points_3d_history.pt,.pt,1903
runs/berkeley_ur5_improvement_v1/CASE-AUGE/cup/groups/group_01/metadata.json,.json,333
runs/berkeley_ur5_improvement_v1/CASE-AUGE/cup/groups/group_01/point_ids.npy,.npy,192
runs/berkeley_ur5_improvement_v1/CASE-AUGE/cup/groups/group_01/points_2d_at_t0.npy,.npy,192
runs/berkeley_ur5_improvement_v1/CASE-AUGE/cup/groups/group_01/points_2d_at_t0.pt,.pt,1697
runs/berkeley_ur5_improvement_v1/CASE-AUGE/cup/groups/group_01/points_3d_history.npy,.npy,416
runs/berkeley_ur5_improvement_v1/CASE-AUGE/cup/groups/group_01/points_3d_history.pt,.pt,1903
runs/berkeley_ur5_improvement_v1/CASE-AUGE/cup/groups/group_02/metadata.json,.json,333
runs/berkeley_ur5_improvement_v1/CASE-AUGE/cup/groups/group_02/point_ids.npy,.npy,192
runs/berkeley_ur5_improvement_v1/CASE-AUGE/cup/groups/group_02/points_2d_at_t0.npy,.npy,192
runs/berkeley_ur5_improvement_v1/CASE-AUGE/cup/groups/group_02/points_2d_at_t0.pt,.pt,1697
runs/berkeley_ur5_improvement_v1/CASE-AUGE/cup/groups/group_02/points_3d_history.npy,.npy,416
runs/berkeley_ur5_improvement_v1/CASE-AUGE/cup/groups/group_02/points_3d_history.pt,.pt,1903
runs/berkeley_ur5_improvement_v1/CASE-AUGE/cup/metadata.json,.json,2653
runs/berkeley_ur5_improvement_v1/CASE-AUGE/cup/observed/alltracker_execution.json,.json,592
runs/berkeley_ur5_improvement_v1/CASE-AUGE/cup/observed/frame_000056.png,.png,322404
runs/berkeley_ur5_improvement_v1/CASE-AUGE/cup/observed/frame_000057.png,.png,321497
runs/berkeley_ur5_improvement_v1/CASE-AUGE/cup/observed/frame_000058.png,.png,322645
runs/berkeley_ur5_improvement_v1/CASE-AUGE/cup/observed/frame_000059.png,.png,321191
runs/berkeley_ur5_improvement_v1/CASE-AUGE/cup/observed/frame_000060.png,.png,322351
runs/berkeley_ur5_improvement_v1/CASE-AUGE/cup/observed/frame_000061.png,.png,319777
runs/berkeley_ur5_improvement_v1/CASE-AUGE/cup/observed/frame_000062.png,.png,323679
runs/berkeley_ur5_improvement_v1/CASE-AUGE/cup/observed/frame_000063.png,.png,323906
runs/berkeley_ur5_improvement_v1/CASE-AUGE/cup/observed/frame_t+0.png,.png,400668
runs/berkeley_ur5_improvement_v1/CASE-AUGE/cup/observed/frame_t-1.png,.png,403153
runs/berkeley_ur5_improvement_v1/CASE-AUGE/cup/observed/frame_t-2.png,.png,395587
runs/berkeley_ur5_improvement_v1/CASE-AUGE/cup/observed/grounding_metadata.json,.json,1585
runs/berkeley_ur5_improvement_v1/CASE-AUGE/cup/observed/history_rgb.npy,.npy,2764928
runs/berkeley_ur5_improvement_v1/CASE-AUGE/cup/observed/history_source_indices.npy,.npy,152
runs/berkeley_ur5_improvement_v1/CASE-AUGE/cup/observed/history_timestamps.npy,.npy,140
runs/berkeley_ur5_improvement_v1/CASE-AUGE/cup/observed/mask.png,.png,1581
runs/berkeley_ur5_improvement_v1/CASE-AUGE/cup/observed/mask_overlay.png,.png,399993
runs/berkeley_ur5_improvement_v1/CASE-AUGE/cup/observed/molmopoint_generated_token_ids.npy,.npy,336
runs/berkeley_ur5_improvement_v1/CASE-AUGE/cup/observed/molmopoint_grounding.json,.json,3388
runs/berkeley_ur5_improvement_v1/CASE-AUGE/cup/observed/molmopoint_input_ids.npy,.npy,6440
runs/berkeley_ur5_improvement_v1/CASE-AUGE/cup/observed/molmopoint_overlay.png,.png,402011
runs/berkeley_ur5_improvement_v1/CASE-AUGE/cup/observed/molmopoint_preparation.json,.json,1144
runs/berkeley_ur5_improvement_v1/CASE-AUGE/cup/observed/molmopoint_raw_output.txt,.txt,132
runs/berkeley_ur5_improvement_v1/CASE-AUGE/cup/observed/molmopoint_t0.png,.png,400668
runs/berkeley_ur5_improvement_v1/CASE-AUGE/cup/observed/native_depth.npy,.npy,9830528
runs/berkeley_ur5_improvement_v1/CASE-AUGE/cup/observed/native_depth_metadata.json,.json,1741
runs/berkeley_ur5_improvement_v1/CASE-AUGE/cup/observed/observed_tracks_2d.npz,.npz,10180
runs/berkeley_ur5_improvement_v1/CASE-AUGE/cup/observed/points_2d_history.npy,.npy,704
runs/berkeley_ur5_improvement_v1/CASE-AUGE/cup/observed/points_3d_history.npy,.npy,992
runs/berkeley_ur5_improvement_v1/CASE-AUGE/cup/observed/query_in_mask.npy,.npy,228
runs/berkeley_ur5_improvement_v1/CASE-AUGE/cup/observed/query_points_100.npy,.npy,928
runs/berkeley_ur5_improvement_v1/CASE-AUGE/cup/observed/rgb.npy,.npy,7372928
runs/berkeley_ur5_improvement_v1/CASE-AUGE/cup/observed/sam_candidates.npz,.npz,273408
runs/berkeley_ur5_improvement_v1/CASE-AUGE/cup/observed/selected_point_ids.npy,.npy,320
runs/berkeley_ur5_improvement_v1/CASE-AUGE/cup/observed/source_frames.json,.json,1263
runs/berkeley_ur5_improvement_v1/CASE-AUGE/cup/observed/source_indices.npy,.npy,192
runs/berkeley_ur5_improvement_v1/CASE-AUGE/cup/observed/timestamps.npy,.npy,160
runs/berkeley_ur5_improvement_v1/CASE-AUGE/cup/predictions/future_3d.npy,.npy,8768
runs/berkeley_ur5_improvement_v1/CASE-AUGE/cup/predictions/group_00/future_3d.npy,.npy,3008
runs/berkeley_ur5_improvement_v1/CASE-AUGE/cup/predictions/group_00/model_run.json,.json,1340
runs/berkeley_ur5_improvement_v1/CASE-AUGE/cup/predictions/group_00/prediction.npz,.npz,2477
runs/berkeley_ur5_improvement_v1/CASE-AUGE/cup/predictions/group_00/processor_inputs.pt,.pt,1325894
runs/berkeley_ur5_improvement_v1/CASE-AUGE/cup/predictions/group_00/raw_model_output.txt,.txt,3439
runs/berkeley_ur5_improvement_v1/CASE-AUGE/cup/predictions/group_01/executed_inference_source.py,.py,11332
runs/berkeley_ur5_improvement_v1/CASE-AUGE/cup/predictions/group_01/future_3d.npy,.npy,3008
runs/berkeley_ur5_improvement_v1/CASE-AUGE/cup/predictions/group_01/model_run.json,.json,1225
runs/berkeley_ur5_improvement_v1/CASE-AUGE/cup/predictions/group_01/prediction.npz,.npz,1110
runs/berkeley_ur5_improvement_v1/CASE-AUGE/cup/predictions/group_01/processor_inputs.pt,.pt,1325894
runs/berkeley_ur5_improvement_v1/CASE-AUGE/cup/predictions/group_01/raw_model_output.txt,.txt,3335
runs/berkeley_ur5_improvement_v1/CASE-AUGE/cup/predictions/group_02/executed_inference_source.py,.py,11332
runs/berkeley_ur5_improvement_v1/CASE-AUGE/cup/predictions/group_02/future_3d.npy,.npy,3008
runs/berkeley_ur5_improvement_v1/CASE-AUGE/cup/predictions/group_02/model_run.json,.json,1229
runs/berkeley_ur5_improvement_v1/CASE-AUGE/cup/predictions/group_02/prediction.npz,.npz,1603
runs/berkeley_ur5_improvement_v1/CASE-AUGE/cup/predictions/group_02/processor_inputs.pt,.pt,1325638
runs/berkeley_ur5_improvement_v1/CASE-AUGE/cup/predictions/group_02/raw_model_output.txt,.txt,3492
runs/berkeley_ur5_improvement_v1/CASE-AUGE/cup/predictions/input_freeze.json,.json,8278
runs/berkeley_ur5_improvement_v1/CASE-AUGE/cup/predictions/model_run.json,.json,5382
runs/berkeley_ur5_improvement_v1/CASE-AUGE/cup/predictions/point_ids.npy,.npy,192
runs/berkeley_ur5_improvement_v1/CASE-AUGE/cup/predictions/prediction.npz,.npz,4306
runs/berkeley_ur5_improvement_v1/CASE-AUGE/cup/video_audit/geometry_comparison_all10_corrected.jpg,.jpg,321545
runs/berkeley_ur5_improvement_v1/CASE-AUGE/cup/video_audit/geometry_comparison_frame_00.jpg,.jpg,290108
runs/berkeley_ur5_improvement_v1/CASE-AUGE/cup/video_audit/geometry_comparison_frame_01.jpg,.jpg,292844
runs/berkeley_ur5_improvement_v1/CASE-AUGE/cup/video_audit/geometry_comparison_frame_02.jpg,.jpg,295982
runs/berkeley_ur5_improvement_v1/CASE-AUGE/cup/video_audit/geometry_comparison_frame_03.jpg,.jpg,293810
runs/berkeley_ur5_improvement_v1/CASE-AUGE/cup/video_audit/geometry_comparison_frame_04.jpg,.jpg,292209
runs/berkeley_ur5_improvement_v1/CASE-AUGE/cup/video_audit/geometry_comparison_frame_05.jpg,.jpg,293049
runs/berkeley_ur5_improvement_v1/CASE-AUGE/cup/video_audit/geometry_comparison_frame_06.jpg,.jpg,298281
runs/berkeley_ur5_improvement_v1/CASE-AUGE/cup/video_audit/geometry_comparison_frame_07.jpg,.jpg,300455
runs/berkeley_ur5_improvement_v1/CASE-AUGE/cup/video_audit/geometry_comparison_frame_08.jpg,.jpg,304657
runs/berkeley_ur5_improvement_v1/CASE-AUGE/cup/video_audit/geometry_comparison_frame_09.jpg,.jpg,308524
runs/berkeley_ur5_improvement_v1/CASE-AUGE/cup/video_audit/geometry_group_01_comparison_all10_corrected.jpg,.jpg,318756
runs/berkeley_ur5_improvement_v1/CASE-AUGE/cup/video_audit/geometry_group_01_comparison_frame_00.jpg,.jpg,290684
runs/berkeley_ur5_improvement_v1/CASE-AUGE/cup/video_audit/geometry_group_01_comparison_frame_01.jpg,.jpg,292951
runs/berkeley_ur5_improvement_v1/CASE-AUGE/cup/video_audit/geometry_group_01_comparison_frame_02.jpg,.jpg,295375
runs/berkeley_ur5_improvement_v1/CASE-AUGE/cup/video_audit/geometry_group_01_comparison_frame_03.jpg,.jpg,292338
runs/berkeley_ur5_improvement_v1/CASE-AUGE/cup/video_audit/geometry_group_01_comparison_frame_04.jpg,.jpg,289864
runs/berkeley_ur5_improvement_v1/CASE-AUGE/cup/video_audit/geometry_group_01_comparison_frame_05.jpg,.jpg,288872
runs/berkeley_ur5_improvement_v1/CASE-AUGE/cup/video_audit/geometry_group_01_comparison_frame_06.jpg,.jpg,289728
runs/berkeley_ur5_improvement_v1/CASE-AUGE/cup/video_audit/geometry_group_01_comparison_frame_07.jpg,.jpg,286532
runs/berkeley_ur5_improvement_v1/CASE-AUGE/cup/video_audit/geometry_group_01_comparison_frame_08.jpg,.jpg,286359
runs/berkeley_ur5_improvement_v1/CASE-AUGE/cup/video_audit/geometry_group_01_comparison_frame_09.jpg,.jpg,287163
runs/berkeley_ur5_improvement_v1/CASE-AUGE/cup/video_audit/geometry_group_02_comparison_all10_corrected.jpg,.jpg,316810
runs/berkeley_ur5_improvement_v1/CASE-AUGE/cup/video_audit/geometry_group_02_comparison_frame_00.jpg,.jpg,288623
runs/berkeley_ur5_improvement_v1/CASE-AUGE/cup/video_audit/geometry_group_02_comparison_frame_01.jpg,.jpg,291170
runs/berkeley_ur5_improvement_v1/CASE-AUGE/cup/video_audit/geometry_group_02_comparison_frame_02.jpg,.jpg,294118
runs/berkeley_ur5_improvement_v1/CASE-AUGE/cup/video_audit/geometry_group_02_comparison_frame_03.jpg,.jpg,292753
runs/berkeley_ur5_improvement_v1/CASE-AUGE/cup/video_audit/geometry_group_02_comparison_frame_04.jpg,.jpg,291697
runs/berkeley_ur5_improvement_v1/CASE-AUGE/cup/video_audit/geometry_group_02_comparison_frame_05.jpg,.jpg,292741
runs/berkeley_ur5_improvement_v1/CASE-AUGE/cup/video_audit/geometry_group_02_comparison_frame_06.jpg,.jpg,295679
runs/berkeley_ur5_improvement_v1/CASE-AUGE/cup/video_audit/geometry_group_02_comparison_frame_07.jpg,.jpg,293343
runs/berkeley_ur5_improvement_v1/CASE-AUGE/cup/video_audit/geometry_group_02_comparison_frame_08.jpg,.jpg,294250
runs/berkeley_ur5_improvement_v1/CASE-AUGE/cup/video_audit/geometry_group_02_comparison_frame_09.jpg,.jpg,295541
runs/berkeley_ur5_improvement_v1/CASE-H1/cup/comparison.json,.json,4908
runs/berkeley_ur5_improvement_v1/CASE-H1/cup/geometry/camera_motion_audit.json,.json,2628
runs/berkeley_ur5_improvement_v1/CASE-H1/cup/geometry/camera_poses.npy,.npy,640
runs/berkeley_ur5_improvement_v1/CASE-H1/cup/geometry/case_provenance.json,.json,1024
runs/berkeley_ur5_improvement_v1/CASE-H1/cup/geometry/depth_observed.npy,.npy,9830528
runs/berkeley_ur5_improvement_v1/CASE-H1/cup/geometry/depth_source.json,.json,697
runs/berkeley_ur5_improvement_v1/CASE-H1/cup/geometry/filter_diagnostics.npz,.npz,6332
runs/berkeley_ur5_improvement_v1/CASE-H1/cup/geometry/filter_metadata.json,.json,1800
runs/berkeley_ur5_improvement_v1/CASE-H1/cup/geometry/input_audit.json,.json,1179
runs/berkeley_ur5_improvement_v1/CASE-H1/cup/geometry/intrinsics_stability.json,.json,1601
runs/berkeley_ur5_improvement_v1/CASE-H1/cup/geometry/K_median.npy,.npy,164
runs/berkeley_ur5_improvement_v1/CASE-H1/cup/geometry/K_per_frame.npy,.npy,416
runs/berkeley_ur5_improvement_v1/CASE-H1/cup/geometry/points_3d_filtered.npy,.npy,9728
runs/berkeley_ur5_improvement_v1/CASE-H1/cup/geometry/points_3d_raw.npy,.npy,9728
runs/berkeley_ur5_improvement_v1/CASE-H1/cup/geometry/unidepth_confidence_observed.npy,.npy,9830528
runs/berkeley_ur5_improvement_v1/CASE-H1/cup/geometry/unidepth_depth_observed.npy,.npy,9830528
runs/berkeley_ur5_improvement_v1/CASE-H1/cup/geometry/visual_input_audit.json,.json,735
runs/berkeley_ur5_improvement_v1/CASE-H1/cup/geometry_3d.png,.png,221283
runs/berkeley_ur5_improvement_v1/CASE-H1/cup/geometry_comparison.mp4,.mp4,1817303
runs/berkeley_ur5_improvement_v1/CASE-H1/cup/geometry_contact_sheet.png,.png,3660069
runs/berkeley_ur5_improvement_v1/CASE-H1/cup/geometry_error_by_time.png,.png,111163
runs/berkeley_ur5_improvement_v1/CASE-H1/cup/geometry_final_overlay.png,.png,1206825
runs/berkeley_ur5_improvement_v1/CASE-H1/cup/geometry_full_extent.png,.png,794819
runs/berkeley_ur5_improvement_v1/CASE-H1/cup/geometry_render_receipt.json,.json,411
runs/berkeley_ur5_improvement_v1/CASE-H1/cup/groups/group_00/metadata.json,.json,333
runs/berkeley_ur5_improvement_v1/CASE-H1/cup/groups/group_00/point_ids.npy,.npy,192
runs/berkeley_ur5_improvement_v1/CASE-H1/cup/groups/group_00/points_2d_at_t0.npy,.npy,192
runs/berkeley_ur5_improvement_v1/CASE-H1/cup/groups/group_00/points_2d_at_t0.pt,.pt,1697
runs/berkeley_ur5_improvement_v1/CASE-H1/cup/groups/group_00/points_3d_history.npy,.npy,416
runs/berkeley_ur5_improvement_v1/CASE-H1/cup/groups/group_00/points_3d_history.pt,.pt,1903
runs/berkeley_ur5_improvement_v1/CASE-H1/cup/groups/group_01/metadata.json,.json,333
runs/berkeley_ur5_improvement_v1/CASE-H1/cup/groups/group_01/point_ids.npy,.npy,192
runs/berkeley_ur5_improvement_v1/CASE-H1/cup/groups/group_01/points_2d_at_t0.npy,.npy,192
runs/berkeley_ur5_improvement_v1/CASE-H1/cup/groups/group_01/points_2d_at_t0.pt,.pt,1697
runs/berkeley_ur5_improvement_v1/CASE-H1/cup/groups/group_01/points_3d_history.npy,.npy,416
runs/berkeley_ur5_improvement_v1/CASE-H1/cup/groups/group_01/points_3d_history.pt,.pt,1903
runs/berkeley_ur5_improvement_v1/CASE-H1/cup/groups/group_02/metadata.json,.json,333
runs/berkeley_ur5_improvement_v1/CASE-H1/cup/groups/group_02/point_ids.npy,.npy,192
runs/berkeley_ur5_improvement_v1/CASE-H1/cup/groups/group_02/points_2d_at_t0.npy,.npy,192
runs/berkeley_ur5_improvement_v1/CASE-H1/cup/groups/group_02/points_2d_at_t0.pt,.pt,1697
runs/berkeley_ur5_improvement_v1/CASE-H1/cup/groups/group_02/points_3d_history.npy,.npy,416
runs/berkeley_ur5_improvement_v1/CASE-H1/cup/groups/group_02/points_3d_history.pt,.pt,1903
runs/berkeley_ur5_improvement_v1/CASE-H1/cup/metadata.json,.json,2626
runs/berkeley_ur5_improvement_v1/CASE-H1/cup/observed/alltracker_execution.json,.json,592
runs/berkeley_ur5_improvement_v1/CASE-H1/cup/observed/frame_000056.png,.png,322404
runs/berkeley_ur5_improvement_v1/CASE-H1/cup/observed/frame_000057.png,.png,321497
runs/berkeley_ur5_improvement_v1/CASE-H1/cup/observed/frame_000058.png,.png,322645
runs/berkeley_ur5_improvement_v1/CASE-H1/cup/observed/frame_000059.png,.png,321191
runs/berkeley_ur5_improvement_v1/CASE-H1/cup/observed/frame_000060.png,.png,322351
runs/berkeley_ur5_improvement_v1/CASE-H1/cup/observed/frame_000061.png,.png,319777
runs/berkeley_ur5_improvement_v1/CASE-H1/cup/observed/frame_000062.png,.png,323679
runs/berkeley_ur5_improvement_v1/CASE-H1/cup/observed/frame_000063.png,.png,323906
runs/berkeley_ur5_improvement_v1/CASE-H1/cup/observed/frame_t+0.png,.png,400668
runs/berkeley_ur5_improvement_v1/CASE-H1/cup/observed/frame_t-1.png,.png,403153
runs/berkeley_ur5_improvement_v1/CASE-H1/cup/observed/frame_t-2.png,.png,395587
runs/berkeley_ur5_improvement_v1/CASE-H1/cup/observed/grounding_metadata.json,.json,1585
runs/berkeley_ur5_improvement_v1/CASE-H1/cup/observed/history_rgb.npy,.npy,2764928
runs/berkeley_ur5_improvement_v1/CASE-H1/cup/observed/history_source_indices.npy,.npy,152
runs/berkeley_ur5_improvement_v1/CASE-H1/cup/observed/history_timestamps.npy,.npy,140
runs/berkeley_ur5_improvement_v1/CASE-H1/cup/observed/mask.png,.png,1581
runs/berkeley_ur5_improvement_v1/CASE-H1/cup/observed/mask_overlay.png,.png,399993
runs/berkeley_ur5_improvement_v1/CASE-H1/cup/observed/molmopoint_generated_token_ids.npy,.npy,336
runs/berkeley_ur5_improvement_v1/CASE-H1/cup/observed/molmopoint_grounding.json,.json,3388
runs/berkeley_ur5_improvement_v1/CASE-H1/cup/observed/molmopoint_input_ids.npy,.npy,6440
runs/berkeley_ur5_improvement_v1/CASE-H1/cup/observed/molmopoint_overlay.png,.png,402011
runs/berkeley_ur5_improvement_v1/CASE-H1/cup/observed/molmopoint_preparation.json,.json,1144
runs/berkeley_ur5_improvement_v1/CASE-H1/cup/observed/molmopoint_raw_output.txt,.txt,132
runs/berkeley_ur5_improvement_v1/CASE-H1/cup/observed/molmopoint_t0.png,.png,400668
runs/berkeley_ur5_improvement_v1/CASE-H1/cup/observed/native_depth.npy,.npy,9830528
runs/berkeley_ur5_improvement_v1/CASE-H1/cup/observed/native_depth_metadata.json,.json,1741
runs/berkeley_ur5_improvement_v1/CASE-H1/cup/observed/observed_tracks_2d.npz,.npz,10180
runs/berkeley_ur5_improvement_v1/CASE-H1/cup/observed/points_2d_history.npy,.npy,704
runs/berkeley_ur5_improvement_v1/CASE-H1/cup/observed/points_3d_history.npy,.npy,992
runs/berkeley_ur5_improvement_v1/CASE-H1/cup/observed/query_in_mask.npy,.npy,228
runs/berkeley_ur5_improvement_v1/CASE-H1/cup/observed/query_points_100.npy,.npy,928
runs/berkeley_ur5_improvement_v1/CASE-H1/cup/observed/rgb.npy,.npy,7372928
runs/berkeley_ur5_improvement_v1/CASE-H1/cup/observed/sam_candidates.npz,.npz,273408
runs/berkeley_ur5_improvement_v1/CASE-H1/cup/observed/selected_point_ids.npy,.npy,320
runs/berkeley_ur5_improvement_v1/CASE-H1/cup/observed/source_frames.json,.json,1263
runs/berkeley_ur5_improvement_v1/CASE-H1/cup/observed/source_indices.npy,.npy,192
runs/berkeley_ur5_improvement_v1/CASE-H1/cup/observed/timestamps.npy,.npy,160
runs/berkeley_ur5_improvement_v1/CASE-H1/cup/predictions/future_3d.npy,.npy,3200
runs/berkeley_ur5_improvement_v1/CASE-H1/cup/predictions/group_00/executed_inference_source.py,.py,11332
runs/berkeley_ur5_improvement_v1/CASE-H1/cup/predictions/group_00/future_3d.npy,.npy,3200
runs/berkeley_ur5_improvement_v1/CASE-H1/cup/predictions/group_00/model_run.json,.json,1219
runs/berkeley_ur5_improvement_v1/CASE-H1/cup/predictions/group_00/prediction.npz,.npz,2789
runs/berkeley_ur5_improvement_v1/CASE-H1/cup/predictions/group_00/processor_inputs.pt,.pt,445894
runs/berkeley_ur5_improvement_v1/CASE-H1/cup/predictions/group_00/raw_model_output.txt,.txt,3589
runs/berkeley_ur5_improvement_v1/CASE-H1/cup/predictions/input_freeze.json,.json,8278
runs/berkeley_ur5_improvement_v1/CASE-H1/cup/predictions/model_run.json,.json,2475
runs/berkeley_ur5_improvement_v1/CASE-H1/cup/predictions/point_ids.npy,.npy,192
runs/berkeley_ur5_improvement_v1/CASE-H1/cup/video_audit/geometry_comparison_all10_corrected.jpg,.jpg,325835
runs/berkeley_ur5_improvement_v1/CASE-H1/cup/video_audit/geometry_comparison_frame_00.jpg,.jpg,290945
runs/berkeley_ur5_improvement_v1/CASE-H1/cup/video_audit/geometry_comparison_frame_01.jpg,.jpg,298765
runs/berkeley_ur5_improvement_v1/CASE-H1/cup/video_audit/geometry_comparison_frame_02.jpg,.jpg,306421
runs/berkeley_ur5_improvement_v1/CASE-H1/cup/video_audit/geometry_comparison_frame_03.jpg,.jpg,305640
runs/berkeley_ur5_improvement_v1/CASE-H1/cup/video_audit/geometry_comparison_frame_04.jpg,.jpg,304310
runs/berkeley_ur5_improvement_v1/CASE-H1/cup/video_audit/geometry_comparison_frame_05.jpg,.jpg,303296
runs/berkeley_ur5_improvement_v1/CASE-H1/cup/video_audit/geometry_comparison_frame_06.jpg,.jpg,306585
runs/berkeley_ur5_improvement_v1/CASE-H1/cup/video_audit/geometry_comparison_frame_07.jpg,.jpg,307445
runs/berkeley_ur5_improvement_v1/CASE-H1/cup/video_audit/geometry_comparison_frame_08.jpg,.jpg,309856
runs/berkeley_ur5_improvement_v1/CASE-H1/cup/video_audit/geometry_comparison_frame_09.jpg,.jpg,312945
runs/berkeley_ur5_improvement_v1/CASE-NOK/bottle/comparison.json,.json,8246
runs/berkeley_ur5_improvement_v1/CASE-NOK/bottle/geometry/camera_motion_audit.json,.json,2641
runs/berkeley_ur5_improvement_v1/CASE-NOK/bottle/geometry/camera_poses.npy,.npy,640
runs/berkeley_ur5_improvement_v1/CASE-NOK/bottle/geometry/case_provenance.json,.json,1314
runs/berkeley_ur5_improvement_v1/CASE-NOK/bottle/geometry/depth_observed.npy,.npy,9830528
runs/berkeley_ur5_improvement_v1/CASE-NOK/bottle/geometry/depth_source.json,.json,736
runs/berkeley_ur5_improvement_v1/CASE-NOK/bottle/geometry/filter_diagnostics.npz,.npz,6097
runs/berkeley_ur5_improvement_v1/CASE-NOK/bottle/geometry/filter_metadata.json,.json,1802
runs/berkeley_ur5_improvement_v1/CASE-NOK/bottle/geometry/input_audit.json,.json,1180
runs/berkeley_ur5_improvement_v1/CASE-NOK/bottle/geometry/intrinsics_stability.json,.json,1650
runs/berkeley_ur5_improvement_v1/CASE-NOK/bottle/geometry/K_median.npy,.npy,164
runs/berkeley_ur5_improvement_v1/CASE-NOK/bottle/geometry/K_per_frame.npy,.npy,416
runs/berkeley_ur5_improvement_v1/CASE-NOK/bottle/geometry/moge_observed_outputs.npz,.npz,8376754
runs/berkeley_ur5_improvement_v1/CASE-NOK/bottle/geometry/points_3d_filtered.npy,.npy,9728
runs/berkeley_ur5_improvement_v1/CASE-NOK/bottle/geometry/points_3d_raw.npy,.npy,9728
runs/berkeley_ur5_improvement_v1/CASE-NOK/bottle/geometry/unidepth_confidence_observed.npy,.npy,9830528
runs/berkeley_ur5_improvement_v1/CASE-NOK/bottle/geometry/unidepth_depth_observed.npy,.npy,9830528
runs/berkeley_ur5_improvement_v1/CASE-NOK/bottle/geometry/visual_input_audit.json,.json,735
runs/berkeley_ur5_improvement_v1/CASE-NOK/bottle/geometry_3d.png,.png,237001
runs/berkeley_ur5_improvement_v1/CASE-NOK/bottle/geometry_comparison.mp4,.mp4,1917708
runs/berkeley_ur5_improvement_v1/CASE-NOK/bottle/geometry_contact_sheet.png,.png,3744509
runs/berkeley_ur5_improvement_v1/CASE-NOK/bottle/geometry_error_by_time.png,.png,127236
runs/berkeley_ur5_improvement_v1/CASE-NOK/bottle/geometry_final_overlay.png,.png,1244661
runs/berkeley_ur5_improvement_v1/CASE-NOK/bottle/geometry_full_extent.png,.png,980412
runs/berkeley_ur5_improvement_v1/CASE-NOK/bottle/geometry_group_01_3d.png,.png,230558
runs/berkeley_ur5_improvement_v1/CASE-NOK/bottle/geometry_group_01_comparison.mp4,.mp4,1885803
runs/berkeley_ur5_improvement_v1/CASE-NOK/bottle/geometry_group_01_contact_sheet.png,.png,3732540
runs/berkeley_ur5_improvement_v1/CASE-NOK/bottle/geometry_group_01_error_by_time.png,.png,125253
runs/berkeley_ur5_improvement_v1/CASE-NOK/bottle/geometry_group_01_final_overlay.png,.png,1238259
runs/berkeley_ur5_improvement_v1/CASE-NOK/bottle/geometry_group_01_full_extent.png,.png,952629
runs/berkeley_ur5_improvement_v1/CASE-NOK/bottle/geometry_group_01_render_receipt.json,.json,411
runs/berkeley_ur5_improvement_v1/CASE-NOK/bottle/geometry_group_02_3d.png,.png,238860
runs/berkeley_ur5_improvement_v1/CASE-NOK/bottle/geometry_group_02_comparison.mp4,.mp4,1891946
runs/berkeley_ur5_improvement_v1/CASE-NOK/bottle/geometry_group_02_contact_sheet.png,.png,3712928
runs/berkeley_ur5_improvement_v1/CASE-NOK/bottle/geometry_group_02_error_by_time.png,.png,120321
runs/berkeley_ur5_improvement_v1/CASE-NOK/bottle/geometry_group_02_final_overlay.png,.png,1228187
runs/berkeley_ur5_improvement_v1/CASE-NOK/bottle/geometry_group_02_full_extent.png,.png,971559
runs/berkeley_ur5_improvement_v1/CASE-NOK/bottle/geometry_group_02_render_receipt.json,.json,411
runs/berkeley_ur5_improvement_v1/CASE-NOK/bottle/geometry_render_receipt.json,.json,537
runs/berkeley_ur5_improvement_v1/CASE-NOK/bottle/groups/group_00/metadata.json,.json,332
runs/berkeley_ur5_improvement_v1/CASE-NOK/bottle/groups/group_00/point_ids.npy,.npy,192
runs/berkeley_ur5_improvement_v1/CASE-NOK/bottle/groups/group_00/points_2d_at_t0.npy,.npy,192
runs/berkeley_ur5_improvement_v1/CASE-NOK/bottle/groups/group_00/points_2d_at_t0.pt,.pt,1697
runs/berkeley_ur5_improvement_v1/CASE-NOK/bottle/groups/group_00/points_3d_history.npy,.npy,416
runs/berkeley_ur5_improvement_v1/CASE-NOK/bottle/groups/group_00/points_3d_history.pt,.pt,1903
runs/berkeley_ur5_improvement_v1/CASE-NOK/bottle/groups/group_01/metadata.json,.json,333
runs/berkeley_ur5_improvement_v1/CASE-NOK/bottle/groups/group_01/point_ids.npy,.npy,192
runs/berkeley_ur5_improvement_v1/CASE-NOK/bottle/groups/group_01/points_2d_at_t0.npy,.npy,192
runs/berkeley_ur5_improvement_v1/CASE-NOK/bottle/groups/group_01/points_2d_at_t0.pt,.pt,1697
runs/berkeley_ur5_improvement_v1/CASE-NOK/bottle/groups/group_01/points_3d_history.npy,.npy,416
runs/berkeley_ur5_improvement_v1/CASE-NOK/bottle/groups/group_01/points_3d_history.pt,.pt,1903
runs/berkeley_ur5_improvement_v1/CASE-NOK/bottle/groups/group_02/metadata.json,.json,333
runs/berkeley_ur5_improvement_v1/CASE-NOK/bottle/groups/group_02/point_ids.npy,.npy,192
runs/berkeley_ur5_improvement_v1/CASE-NOK/bottle/groups/group_02/points_2d_at_t0.npy,.npy,192
runs/berkeley_ur5_improvement_v1/CASE-NOK/bottle/groups/group_02/points_2d_at_t0.pt,.pt,1697
runs/berkeley_ur5_improvement_v1/CASE-NOK/bottle/groups/group_02/points_3d_history.npy,.npy,416
runs/berkeley_ur5_improvement_v1/CASE-NOK/bottle/groups/group_02/points_3d_history.pt,.pt,1903
runs/berkeley_ur5_improvement_v1/CASE-NOK/bottle/metadata.json,.json,2592
runs/berkeley_ur5_improvement_v1/CASE-NOK/bottle/observed/alltracker_execution.json,.json,593
runs/berkeley_ur5_improvement_v1/CASE-NOK/bottle/observed/frame_000040.png,.png,324931
runs/berkeley_ur5_improvement_v1/CASE-NOK/bottle/observed/frame_000041.png,.png,323935
runs/berkeley_ur5_improvement_v1/CASE-NOK/bottle/observed/frame_000042.png,.png,323856
runs/berkeley_ur5_improvement_v1/CASE-NOK/bottle/observed/frame_000043.png,.png,323947
runs/berkeley_ur5_improvement_v1/CASE-NOK/bottle/observed/frame_000044.png,.png,318765
runs/berkeley_ur5_improvement_v1/CASE-NOK/bottle/observed/frame_000045.png,.png,319306
runs/berkeley_ur5_improvement_v1/CASE-NOK/bottle/observed/frame_000046.png,.png,319875
runs/berkeley_ur5_improvement_v1/CASE-NOK/bottle/observed/frame_000047.png,.png,318259
runs/berkeley_ur5_improvement_v1/CASE-NOK/bottle/observed/frame_t+0.png,.png,393076
runs/berkeley_ur5_improvement_v1/CASE-NOK/bottle/observed/frame_t-1.png,.png,398007
runs/berkeley_ur5_improvement_v1/CASE-NOK/bottle/observed/frame_t-2.png,.png,391151
runs/berkeley_ur5_improvement_v1/CASE-NOK/bottle/observed/grounding_metadata.json,.json,1602
runs/berkeley_ur5_improvement_v1/CASE-NOK/bottle/observed/history_rgb.npy,.npy,2764928
runs/berkeley_ur5_improvement_v1/CASE-NOK/bottle/observed/history_source_indices.npy,.npy,152
runs/berkeley_ur5_improvement_v1/CASE-NOK/bottle/observed/history_timestamps.npy,.npy,140
runs/berkeley_ur5_improvement_v1/CASE-NOK/bottle/observed/mask.png,.png,1535
runs/berkeley_ur5_improvement_v1/CASE-NOK/bottle/observed/mask_overlay.png,.png,392887
runs/berkeley_ur5_improvement_v1/CASE-NOK/bottle/observed/molmopoint_generated_token_ids.npy,.npy,344
runs/berkeley_ur5_improvement_v1/CASE-NOK/bottle/observed/molmopoint_grounding.json,.json,3407
runs/berkeley_ur5_improvement_v1/CASE-NOK/bottle/observed/molmopoint_input_ids.npy,.npy,6440
runs/berkeley_ur5_improvement_v1/CASE-NOK/bottle/observed/molmopoint_overlay.png,.png,395180
runs/berkeley_ur5_improvement_v1/CASE-NOK/bottle/observed/molmopoint_preparation.json,.json,1155
runs/berkeley_ur5_improvement_v1/CASE-NOK/bottle/observed/molmopoint_raw_output.txt,.txt,136
runs/berkeley_ur5_improvement_v1/CASE-NOK/bottle/observed/molmopoint_t0.png,.png,393076
runs/berkeley_ur5_improvement_v1/CASE-NOK/bottle/observed/native_depth.npy,.npy,9830528
runs/berkeley_ur5_improvement_v1/CASE-NOK/bottle/observed/native_depth_metadata.json,.json,1765
runs/berkeley_ur5_improvement_v1/CASE-NOK/bottle/observed/observed_tracks_2d.npz,.npz,10505
runs/berkeley_ur5_improvement_v1/CASE-NOK/bottle/observed/points_2d_history.npy,.npy,704
runs/berkeley_ur5_improvement_v1/CASE-NOK/bottle/observed/points_3d_history.npy,.npy,992
runs/berkeley_ur5_improvement_v1/CASE-NOK/bottle/observed/query_in_mask.npy,.npy,228
runs/berkeley_ur5_improvement_v1/CASE-NOK/bottle/observed/query_points_100.npy,.npy,928
runs/berkeley_ur5_improvement_v1/CASE-NOK/bottle/observed/rgb.npy,.npy,7372928
runs/berkeley_ur5_improvement_v1/CASE-NOK/bottle/observed/sam_candidates.npz,.npz,291963
runs/berkeley_ur5_improvement_v1/CASE-NOK/bottle/observed/selected_point_ids.npy,.npy,320
runs/berkeley_ur5_improvement_v1/CASE-NOK/bottle/observed/source_frames.json,.json,1225
runs/berkeley_ur5_improvement_v1/CASE-NOK/bottle/observed/source_indices.npy,.npy,192
runs/berkeley_ur5_improvement_v1/CASE-NOK/bottle/observed/timestamps.npy,.npy,160
runs/berkeley_ur5_improvement_v1/CASE-NOK/bottle/predictions/future_3d.npy,.npy,8768
runs/berkeley_ur5_improvement_v1/CASE-NOK/bottle/predictions/group_00/executed_inference_source.py,.py,11332
runs/berkeley_ur5_improvement_v1/CASE-NOK/bottle/predictions/group_00/future_3d.npy,.npy,3008
runs/berkeley_ur5_improvement_v1/CASE-NOK/bottle/predictions/group_00/model_run.json,.json,1232
runs/berkeley_ur5_improvement_v1/CASE-NOK/bottle/predictions/group_00/prediction.npz,.npz,2424
runs/berkeley_ur5_improvement_v1/CASE-NOK/bottle/predictions/group_00/processor_inputs.pt,.pt,1325894
runs/berkeley_ur5_improvement_v1/CASE-NOK/bottle/predictions/group_00/raw_model_output.txt,.txt,3481
runs/berkeley_ur5_improvement_v1/CASE-NOK/bottle/predictions/group_01/executed_inference_source.py,.py,11332
runs/berkeley_ur5_improvement_v1/CASE-NOK/bottle/predictions/group_01/future_3d.npy,.npy,3008
runs/berkeley_ur5_improvement_v1/CASE-NOK/bottle/predictions/group_01/model_run.json,.json,1232
runs/berkeley_ur5_improvement_v1/CASE-NOK/bottle/predictions/group_01/prediction.npz,.npz,1808
runs/berkeley_ur5_improvement_v1/CASE-NOK/bottle/predictions/group_01/processor_inputs.pt,.pt,1325638
runs/berkeley_ur5_improvement_v1/CASE-NOK/bottle/predictions/group_01/raw_model_output.txt,.txt,3387
runs/berkeley_ur5_improvement_v1/CASE-NOK/bottle/predictions/group_02/executed_inference_source.py,.py,11332
runs/berkeley_ur5_improvement_v1/CASE-NOK/bottle/predictions/group_02/future_3d.npy,.npy,3008
runs/berkeley_ur5_improvement_v1/CASE-NOK/bottle/predictions/group_02/model_run.json,.json,1232
runs/berkeley_ur5_improvement_v1/CASE-NOK/bottle/predictions/group_02/prediction.npz,.npz,2333
runs/berkeley_ur5_improvement_v1/CASE-NOK/bottle/predictions/group_02/processor_inputs.pt,.pt,1325894
runs/berkeley_ur5_improvement_v1/CASE-NOK/bottle/predictions/group_02/raw_model_output.txt,.txt,3517
runs/berkeley_ur5_improvement_v1/CASE-NOK/bottle/predictions/input_freeze.json,.json,8337
runs/berkeley_ur5_improvement_v1/CASE-NOK/bottle/predictions/model_run.json,.json,5258
runs/berkeley_ur5_improvement_v1/CASE-NOK/bottle/predictions/prediction.npz,.npz,5616
runs/berkeley_ur5_improvement_v1/CASE-NOK/bottle/video_audit/geometry_comparison_all10_corrected.jpg,.jpg,328685
runs/berkeley_ur5_improvement_v1/CASE-NOK/bottle/video_audit/geometry_comparison_frame_00.jpg,.jpg,296449
runs/berkeley_ur5_improvement_v1/CASE-NOK/bottle/video_audit/geometry_comparison_frame_01.jpg,.jpg,300862
runs/berkeley_ur5_improvement_v1/CASE-NOK/bottle/video_audit/geometry_comparison_frame_02.jpg,.jpg,312390
runs/berkeley_ur5_improvement_v1/CASE-NOK/bottle/video_audit/geometry_comparison_frame_03.jpg,.jpg,313797
runs/berkeley_ur5_improvement_v1/CASE-NOK/bottle/video_audit/geometry_comparison_frame_04.jpg,.jpg,318936
runs/berkeley_ur5_improvement_v1/CASE-NOK/bottle/video_audit/geometry_comparison_frame_05.jpg,.jpg,318814
runs/berkeley_ur5_improvement_v1/CASE-NOK/bottle/video_audit/geometry_comparison_frame_06.jpg,.jpg,320775
runs/berkeley_ur5_improvement_v1/CASE-NOK/bottle/video_audit/geometry_comparison_frame_07.jpg,.jpg,319111
runs/berkeley_ur5_improvement_v1/CASE-NOK/bottle/video_audit/geometry_comparison_frame_08.jpg,.jpg,321643
runs/berkeley_ur5_improvement_v1/CASE-NOK/bottle/video_audit/geometry_comparison_frame_09.jpg,.jpg,321491
runs/berkeley_ur5_improvement_v1/CASE-NOK/bottle/video_audit/geometry_group_01_comparison_all10_corrected.jpg,.jpg,328560
runs/berkeley_ur5_improvement_v1/CASE-NOK/bottle/video_audit/geometry_group_01_comparison_frame_00.jpg,.jpg,294979
runs/berkeley_ur5_improvement_v1/CASE-NOK/bottle/video_audit/geometry_group_01_comparison_frame_01.jpg,.jpg,298795
runs/berkeley_ur5_improvement_v1/CASE-NOK/bottle/video_audit/geometry_group_01_comparison_frame_02.jpg,.jpg,308996
runs/berkeley_ur5_improvement_v1/CASE-NOK/bottle/video_audit/geometry_group_01_comparison_frame_03.jpg,.jpg,307965
runs/berkeley_ur5_improvement_v1/CASE-NOK/bottle/video_audit/geometry_group_01_comparison_frame_04.jpg,.jpg,311569
runs/berkeley_ur5_improvement_v1/CASE-NOK/bottle/video_audit/geometry_group_01_comparison_frame_05.jpg,.jpg,309907
runs/berkeley_ur5_improvement_v1/CASE-NOK/bottle/video_audit/geometry_group_01_comparison_frame_06.jpg,.jpg,310929
runs/berkeley_ur5_improvement_v1/CASE-NOK/bottle/video_audit/geometry_group_01_comparison_frame_07.jpg,.jpg,309321
runs/berkeley_ur5_improvement_v1/CASE-NOK/bottle/video_audit/geometry_group_01_comparison_frame_08.jpg,.jpg,311277
runs/berkeley_ur5_improvement_v1/CASE-NOK/bottle/video_audit/geometry_group_01_comparison_frame_09.jpg,.jpg,310080
runs/berkeley_ur5_improvement_v1/CASE-NOK/bottle/video_audit/geometry_group_02_comparison_all10_corrected.jpg,.jpg,326748
runs/berkeley_ur5_improvement_v1/CASE-NOK/bottle/video_audit/geometry_group_02_comparison_frame_00.jpg,.jpg,295203
runs/berkeley_ur5_improvement_v1/CASE-NOK/bottle/video_audit/geometry_group_02_comparison_frame_01.jpg,.jpg,298792
runs/berkeley_ur5_improvement_v1/CASE-NOK/bottle/video_audit/geometry_group_02_comparison_frame_02.jpg,.jpg,310345
runs/berkeley_ur5_improvement_v1/CASE-NOK/bottle/video_audit/geometry_group_02_comparison_frame_03.jpg,.jpg,310039
runs/berkeley_ur5_improvement_v1/CASE-NOK/bottle/video_audit/geometry_group_02_comparison_frame_04.jpg,.jpg,314093
runs/berkeley_ur5_improvement_v1/CASE-NOK/bottle/video_audit/geometry_group_02_comparison_frame_05.jpg,.jpg,313192
runs/berkeley_ur5_improvement_v1/CASE-NOK/bottle/video_audit/geometry_group_02_comparison_frame_06.jpg,.jpg,314506
runs/berkeley_ur5_improvement_v1/CASE-NOK/bottle/video_audit/geometry_group_02_comparison_frame_07.jpg,.jpg,313789
runs/berkeley_ur5_improvement_v1/CASE-NOK/bottle/video_audit/geometry_group_02_comparison_frame_08.jpg,.jpg,317390
runs/berkeley_ur5_improvement_v1/CASE-NOK/bottle/video_audit/geometry_group_02_comparison_frame_09.jpg,.jpg,317047
runs/berkeley_ur5_improvement_v1/CASE-NOK/cup/CASE-NOK.lnk,.lnk,1432
runs/berkeley_ur5_improvement_v1/CASE-NOK/cup/comparison.json,.json,8264
runs/berkeley_ur5_improvement_v1/CASE-NOK/cup/geometry/camera_motion_audit.json,.json,2628
runs/berkeley_ur5_improvement_v1/CASE-NOK/cup/geometry/camera_poses.npy,.npy,640
runs/berkeley_ur5_improvement_v1/CASE-NOK/cup/geometry/case_provenance.json,.json,1313
runs/berkeley_ur5_improvement_v1/CASE-NOK/cup/geometry/depth_observed.npy,.npy,9830528
runs/berkeley_ur5_improvement_v1/CASE-NOK/cup/geometry/depth_source.json,.json,736
runs/berkeley_ur5_improvement_v1/CASE-NOK/cup/geometry/filter_diagnostics.npz,.npz,6332
runs/berkeley_ur5_improvement_v1/CASE-NOK/cup/geometry/filter_metadata.json,.json,1800
runs/berkeley_ur5_improvement_v1/CASE-NOK/cup/geometry/input_audit.json,.json,1178
runs/berkeley_ur5_improvement_v1/CASE-NOK/cup/geometry/intrinsics_stability.json,.json,1601
runs/berkeley_ur5_improvement_v1/CASE-NOK/cup/geometry/K_median.npy,.npy,164
runs/berkeley_ur5_improvement_v1/CASE-NOK/cup/geometry/K_per_frame.npy,.npy,416
runs/berkeley_ur5_improvement_v1/CASE-NOK/cup/geometry/moge_observed_outputs.npz,.npz,8441841
runs/berkeley_ur5_improvement_v1/CASE-NOK/cup/geometry/points_3d_filtered.npy,.npy,9728
runs/berkeley_ur5_improvement_v1/CASE-NOK/cup/geometry/points_3d_raw.npy,.npy,9728
runs/berkeley_ur5_improvement_v1/CASE-NOK/cup/geometry/unidepth_confidence_observed.npy,.npy,9830528
runs/berkeley_ur5_improvement_v1/CASE-NOK/cup/geometry/unidepth_depth_observed.npy,.npy,9830528
runs/berkeley_ur5_improvement_v1/CASE-NOK/cup/geometry/visual_input_audit.json,.json,735
runs/berkeley_ur5_improvement_v1/CASE-NOK/cup/geometry_3d.png,.png,195134
runs/berkeley_ur5_improvement_v1/CASE-NOK/cup/geometry_comparison.mp4,.mp4,1780672
runs/berkeley_ur5_improvement_v1/CASE-NOK/cup/geometry_contact_sheet.png,.png,3631113
runs/berkeley_ur5_improvement_v1/CASE-NOK/cup/geometry_error_by_time.png,.png,122711
runs/berkeley_ur5_improvement_v1/CASE-NOK/cup/geometry_final_overlay.png,.png,1189708
runs/berkeley_ur5_improvement_v1/CASE-NOK/cup/geometry_full_extent.png,.png,764399
runs/berkeley_ur5_improvement_v1/CASE-NOK/cup/geometry_group_01_3d.png,.png,175605
runs/berkeley_ur5_improvement_v1/CASE-NOK/cup/geometry_group_01_comparison.mp4,.mp4,1752122
runs/berkeley_ur5_improvement_v1/CASE-NOK/cup/geometry_group_01_contact_sheet.png,.png,3606831
runs/berkeley_ur5_improvement_v1/CASE-NOK/cup/geometry_group_01_error_by_time.png,.png,123864
runs/berkeley_ur5_improvement_v1/CASE-NOK/cup/geometry_group_01_final_overlay.png,.png,1170374
runs/berkeley_ur5_improvement_v1/CASE-NOK/cup/geometry_group_01_full_extent.png,.png,745670
runs/berkeley_ur5_improvement_v1/CASE-NOK/cup/geometry_group_01_render_receipt.json,.json,411
runs/berkeley_ur5_improvement_v1/CASE-NOK/cup/geometry_group_02_3d.png,.png,203346
runs/berkeley_ur5_improvement_v1/CASE-NOK/cup/geometry_group_02_comparison.mp4,.mp4,1773290
runs/berkeley_ur5_improvement_v1/CASE-NOK/cup/geometry_group_02_contact_sheet.png,.png,3634782
runs/berkeley_ur5_improvement_v1/CASE-NOK/cup/geometry_group_02_error_by_time.png,.png,124002
runs/berkeley_ur5_improvement_v1/CASE-NOK/cup/geometry_group_02_final_overlay.png,.png,1192772
runs/berkeley_ur5_improvement_v1/CASE-NOK/cup/geometry_group_02_full_extent.png,.png,914610
runs/berkeley_ur5_improvement_v1/CASE-NOK/cup/geometry_group_02_render_receipt.json,.json,411
runs/berkeley_ur5_improvement_v1/CASE-NOK/cup/geometry_render_receipt.json,.json,539
runs/berkeley_ur5_improvement_v1/CASE-NOK/cup/groups/group_00/metadata.json,.json,333
runs/berkeley_ur5_improvement_v1/CASE-NOK/cup/groups/group_00/point_ids.npy,.npy,192
runs/berkeley_ur5_improvement_v1/CASE-NOK/cup/groups/group_00/points_2d_at_t0.npy,.npy,192
runs/berkeley_ur5_improvement_v1/CASE-NOK/cup/groups/group_00/points_2d_at_t0.pt,.pt,1697
runs/berkeley_ur5_improvement_v1/CASE-NOK/cup/groups/group_00/points_3d_history.npy,.npy,416
runs/berkeley_ur5_improvement_v1/CASE-NOK/cup/groups/group_00/points_3d_history.pt,.pt,1903
runs/berkeley_ur5_improvement_v1/CASE-NOK/cup/groups/group_01/metadata.json,.json,333
runs/berkeley_ur5_improvement_v1/CASE-NOK/cup/groups/group_01/point_ids.npy,.npy,192
runs/berkeley_ur5_improvement_v1/CASE-NOK/cup/groups/group_01/points_2d_at_t0.npy,.npy,192
runs/berkeley_ur5_improvement_v1/CASE-NOK/cup/groups/group_01/points_2d_at_t0.pt,.pt,1697
runs/berkeley_ur5_improvement_v1/CASE-NOK/cup/groups/group_01/points_3d_history.npy,.npy,416
runs/berkeley_ur5_improvement_v1/CASE-NOK/cup/groups/group_01/points_3d_history.pt,.pt,1903
runs/berkeley_ur5_improvement_v1/CASE-NOK/cup/groups/group_02/metadata.json,.json,333
runs/berkeley_ur5_improvement_v1/CASE-NOK/cup/groups/group_02/point_ids.npy,.npy,192
runs/berkeley_ur5_improvement_v1/CASE-NOK/cup/groups/group_02/points_2d_at_t0.npy,.npy,192
runs/berkeley_ur5_improvement_v1/CASE-NOK/cup/groups/group_02/points_2d_at_t0.pt,.pt,1697
runs/berkeley_ur5_improvement_v1/CASE-NOK/cup/groups/group_02/points_3d_history.npy,.npy,416
runs/berkeley_ur5_improvement_v1/CASE-NOK/cup/groups/group_02/points_3d_history.pt,.pt,1903
runs/berkeley_ur5_improvement_v1/CASE-NOK/cup/metadata.json,.json,2676
runs/berkeley_ur5_improvement_v1/CASE-NOK/cup/observed/alltracker_execution.json,.json,592
runs/berkeley_ur5_improvement_v1/CASE-NOK/cup/observed/frame_000056.png,.png,322404
runs/berkeley_ur5_improvement_v1/CASE-NOK/cup/observed/frame_000057.png,.png,321497
runs/berkeley_ur5_improvement_v1/CASE-NOK/cup/observed/frame_000058.png,.png,322645
runs/berkeley_ur5_improvement_v1/CASE-NOK/cup/observed/frame_000059.png,.png,321191
runs/berkeley_ur5_improvement_v1/CASE-NOK/cup/observed/frame_000060.png,.png,322351
runs/berkeley_ur5_improvement_v1/CASE-NOK/cup/observed/frame_000061.png,.png,319777
runs/berkeley_ur5_improvement_v1/CASE-NOK/cup/observed/frame_000062.png,.png,323679
runs/berkeley_ur5_improvement_v1/CASE-NOK/cup/observed/frame_000063.png,.png,323906
runs/berkeley_ur5_improvement_v1/CASE-NOK/cup/observed/frame_t+0.png,.png,400668
runs/berkeley_ur5_improvement_v1/CASE-NOK/cup/observed/frame_t-1.png,.png,403153
runs/berkeley_ur5_improvement_v1/CASE-NOK/cup/observed/frame_t-2.png,.png,395587
runs/berkeley_ur5_improvement_v1/CASE-NOK/cup/observed/grounding_metadata.json,.json,1585
runs/berkeley_ur5_improvement_v1/CASE-NOK/cup/observed/history_rgb.npy,.npy,2764928
runs/berkeley_ur5_improvement_v1/CASE-NOK/cup/observed/history_source_indices.npy,.npy,152
runs/berkeley_ur5_improvement_v1/CASE-NOK/cup/observed/history_timestamps.npy,.npy,140
runs/berkeley_ur5_improvement_v1/CASE-NOK/cup/observed/mask.png,.png,1581
runs/berkeley_ur5_improvement_v1/CASE-NOK/cup/observed/mask_overlay.png,.png,399993
runs/berkeley_ur5_improvement_v1/CASE-NOK/cup/observed/molmopoint_generated_token_ids.npy,.npy,336
runs/berkeley_ur5_improvement_v1/CASE-NOK/cup/observed/molmopoint_grounding.json,.json,3388
runs/berkeley_ur5_improvement_v1/CASE-NOK/cup/observed/molmopoint_input_ids.npy,.npy,6440
runs/berkeley_ur5_improvement_v1/CASE-NOK/cup/observed/molmopoint_overlay.png,.png,402011
runs/berkeley_ur5_improvement_v1/CASE-NOK/cup/observed/molmopoint_preparation.json,.json,1144
runs/berkeley_ur5_improvement_v1/CASE-NOK/cup/observed/molmopoint_raw_output.txt,.txt,132
runs/berkeley_ur5_improvement_v1/CASE-NOK/cup/observed/molmopoint_t0.png,.png,400668
runs/berkeley_ur5_improvement_v1/CASE-NOK/cup/observed/native_depth.npy,.npy,9830528
runs/berkeley_ur5_improvement_v1/CASE-NOK/cup/observed/native_depth_metadata.json,.json,1741
runs/berkeley_ur5_improvement_v1/CASE-NOK/cup/observed/observed_tracks_2d.npz,.npz,10180
runs/berkeley_ur5_improvement_v1/CASE-NOK/cup/observed/points_2d_history.npy,.npy,704
runs/berkeley_ur5_improvement_v1/CASE-NOK/cup/observed/points_3d_history.npy,.npy,992
runs/berkeley_ur5_improvement_v1/CASE-NOK/cup/observed/query_in_mask.npy,.npy,228
runs/berkeley_ur5_improvement_v1/CASE-NOK/cup/observed/query_points_100.npy,.npy,928
runs/berkeley_ur5_improvement_v1/CASE-NOK/cup/observed/rgb.npy,.npy,7372928
runs/berkeley_ur5_improvement_v1/CASE-NOK/cup/observed/sam_candidates.npz,.npz,273408
runs/berkeley_ur5_improvement_v1/CASE-NOK/cup/observed/selected_point_ids.npy,.npy,320
runs/berkeley_ur5_improvement_v1/CASE-NOK/cup/observed/source_frames.json,.json,1263
runs/berkeley_ur5_improvement_v1/CASE-NOK/cup/observed/source_indices.npy,.npy,192
runs/berkeley_ur5_improvement_v1/CASE-NOK/cup/observed/timestamps.npy,.npy,160
runs/berkeley_ur5_improvement_v1/CASE-NOK/cup/predictions/future_3d.npy,.npy,8768
runs/berkeley_ur5_improvement_v1/CASE-NOK/cup/predictions/group_00/future_3d.npy,.npy,3008
runs/berkeley_ur5_improvement_v1/CASE-NOK/cup/predictions/group_00/model_run.json,.json,1336
runs/berkeley_ur5_improvement_v1/CASE-NOK/cup/predictions/group_00/prediction.npz,.npz,1517
runs/berkeley_ur5_improvement_v1/CASE-NOK/cup/predictions/group_00/processor_inputs.pt,.pt,1326150
runs/berkeley_ur5_improvement_v1/CASE-NOK/cup/predictions/group_00/raw_model_output.txt,.txt,3190
runs/berkeley_ur5_improvement_v1/CASE-NOK/cup/predictions/group_01/executed_inference_source.py,.py,11332
runs/berkeley_ur5_improvement_v1/CASE-NOK/cup/predictions/group_01/future_3d.npy,.npy,3008
runs/berkeley_ur5_improvement_v1/CASE-NOK/cup/predictions/group_01/model_run.json,.json,1233
runs/berkeley_ur5_improvement_v1/CASE-NOK/cup/predictions/group_01/prediction.npz,.npz,1178
runs/berkeley_ur5_improvement_v1/CASE-NOK/cup/predictions/group_01/processor_inputs.pt,.pt,1325894
runs/berkeley_ur5_improvement_v1/CASE-NOK/cup/predictions/group_01/raw_model_output.txt,.txt,3326
runs/berkeley_ur5_improvement_v1/CASE-NOK/cup/predictions/group_02/executed_inference_source.py,.py,11332
runs/berkeley_ur5_improvement_v1/CASE-NOK/cup/predictions/group_02/future_3d.npy,.npy,3008
runs/berkeley_ur5_improvement_v1/CASE-NOK/cup/predictions/group_02/model_run.json,.json,1232
runs/berkeley_ur5_improvement_v1/CASE-NOK/cup/predictions/group_02/prediction.npz,.npz,1330
runs/berkeley_ur5_improvement_v1/CASE-NOK/cup/predictions/group_02/processor_inputs.pt,.pt,1325894
runs/berkeley_ur5_improvement_v1/CASE-NOK/cup/predictions/group_02/raw_model_output.txt,.txt,3518
runs/berkeley_ur5_improvement_v1/CASE-NOK/cup/predictions/input_freeze.json,.json,8388
runs/berkeley_ur5_improvement_v1/CASE-NOK/cup/predictions/model_run.json,.json,5390
runs/berkeley_ur5_improvement_v1/CASE-NOK/cup/predictions/point_ids.npy,.npy,192
runs/berkeley_ur5_improvement_v1/CASE-NOK/cup/predictions/prediction.npz,.npz,3085
runs/berkeley_ur5_improvement_v1/CASE-NOK/cup/video_audit/geometry_comparison_all10_corrected.jpg,.jpg,317747
runs/berkeley_ur5_improvement_v1/CASE-NOK/cup/video_audit/geometry_comparison_frame_00.jpg,.jpg,289648
runs/berkeley_ur5_improvement_v1/CASE-NOK/cup/video_audit/geometry_comparison_frame_01.jpg,.jpg,291853
runs/berkeley_ur5_improvement_v1/CASE-NOK/cup/video_audit/geometry_comparison_frame_02.jpg,.jpg,294981
runs/berkeley_ur5_improvement_v1/CASE-NOK/cup/video_audit/geometry_comparison_frame_03.jpg,.jpg,292870
runs/berkeley_ur5_improvement_v1/CASE-NOK/cup/video_audit/geometry_comparison_frame_04.jpg,.jpg,290832
runs/berkeley_ur5_improvement_v1/CASE-NOK/cup/video_audit/geometry_comparison_frame_05.jpg,.jpg,289701
runs/berkeley_ur5_improvement_v1/CASE-NOK/cup/video_audit/geometry_comparison_frame_06.jpg,.jpg,291366
runs/berkeley_ur5_improvement_v1/CASE-NOK/cup/video_audit/geometry_comparison_frame_07.jpg,.jpg,291198
runs/berkeley_ur5_improvement_v1/CASE-NOK/cup/video_audit/geometry_comparison_frame_08.jpg,.jpg,293599
runs/berkeley_ur5_improvement_v1/CASE-NOK/cup/video_audit/geometry_comparison_frame_09.jpg,.jpg,296495
runs/berkeley_ur5_improvement_v1/CASE-NOK/cup/video_audit/geometry_group_01_comparison_all10_corrected.jpg,.jpg,318451
runs/berkeley_ur5_improvement_v1/CASE-NOK/cup/video_audit/geometry_group_01_comparison_frame_00.jpg,.jpg,290244
runs/berkeley_ur5_improvement_v1/CASE-NOK/cup/video_audit/geometry_group_01_comparison_frame_01.jpg,.jpg,292272
runs/berkeley_ur5_improvement_v1/CASE-NOK/cup/video_audit/geometry_group_01_comparison_frame_02.jpg,.jpg,294740
runs/berkeley_ur5_improvement_v1/CASE-NOK/cup/video_audit/geometry_group_01_comparison_frame_03.jpg,.jpg,292285
runs/berkeley_ur5_improvement_v1/CASE-NOK/cup/video_audit/geometry_group_01_comparison_frame_04.jpg,.jpg,289810
runs/berkeley_ur5_improvement_v1/CASE-NOK/cup/video_audit/geometry_group_01_comparison_frame_05.jpg,.jpg,288530
runs/berkeley_ur5_improvement_v1/CASE-NOK/cup/video_audit/geometry_group_01_comparison_frame_06.jpg,.jpg,289434
runs/berkeley_ur5_improvement_v1/CASE-NOK/cup/video_audit/geometry_group_01_comparison_frame_07.jpg,.jpg,285960
runs/berkeley_ur5_improvement_v1/CASE-NOK/cup/video_audit/geometry_group_01_comparison_frame_08.jpg,.jpg,286502
runs/berkeley_ur5_improvement_v1/CASE-NOK/cup/video_audit/geometry_group_01_comparison_frame_09.jpg,.jpg,286969
runs/berkeley_ur5_improvement_v1/CASE-NOK/cup/video_audit/geometry_group_02_comparison_all10_corrected.jpg,.jpg,316329
runs/berkeley_ur5_improvement_v1/CASE-NOK/cup/video_audit/geometry_group_02_comparison_frame_00.jpg,.jpg,288291
runs/berkeley_ur5_improvement_v1/CASE-NOK/cup/video_audit/geometry_group_02_comparison_frame_01.jpg,.jpg,290974
runs/berkeley_ur5_improvement_v1/CASE-NOK/cup/video_audit/geometry_group_02_comparison_frame_02.jpg,.jpg,293903
runs/berkeley_ur5_improvement_v1/CASE-NOK/cup/video_audit/geometry_group_02_comparison_frame_03.jpg,.jpg,292611
runs/berkeley_ur5_improvement_v1/CASE-NOK/cup/video_audit/geometry_group_02_comparison_frame_04.jpg,.jpg,291296
runs/berkeley_ur5_improvement_v1/CASE-NOK/cup/video_audit/geometry_group_02_comparison_frame_05.jpg,.jpg,292408
runs/berkeley_ur5_improvement_v1/CASE-NOK/cup/video_audit/geometry_group_02_comparison_frame_06.jpg,.jpg,295076
runs/berkeley_ur5_improvement_v1/CASE-NOK/cup/video_audit/geometry_group_02_comparison_frame_07.jpg,.jpg,292793
runs/berkeley_ur5_improvement_v1/CASE-NOK/cup/video_audit/geometry_group_02_comparison_frame_08.jpg,.jpg,293966
runs/berkeley_ur5_improvement_v1/CASE-NOK/cup/video_audit/geometry_group_02_comparison_frame_09.jpg,.jpg,295245
runs/berkeley_ur5_improvement_v1/CASE-NOK-STRICT/bottle/comparison.json,.json,8249
runs/berkeley_ur5_improvement_v1/CASE-NOK-STRICT/bottle/geometry/camera_motion_audit.json,.json,2641
runs/berkeley_ur5_improvement_v1/CASE-NOK-STRICT/bottle/geometry/camera_poses.npy,.npy,640
runs/berkeley_ur5_improvement_v1/CASE-NOK-STRICT/bottle/geometry/case_provenance.json,.json,1490
runs/berkeley_ur5_improvement_v1/CASE-NOK-STRICT/bottle/geometry/depth_observed.npy,.npy,9830528
runs/berkeley_ur5_improvement_v1/CASE-NOK-STRICT/bottle/geometry/depth_source.json,.json,736
runs/berkeley_ur5_improvement_v1/CASE-NOK-STRICT/bottle/geometry/filter_diagnostics.npz,.npz,6099
runs/berkeley_ur5_improvement_v1/CASE-NOK-STRICT/bottle/geometry/filter_metadata.json,.json,775
runs/berkeley_ur5_improvement_v1/CASE-NOK-STRICT/bottle/geometry/input_audit.json,.json,1178
runs/berkeley_ur5_improvement_v1/CASE-NOK-STRICT/bottle/geometry/intrinsics_stability.json,.json,1650
runs/berkeley_ur5_improvement_v1/CASE-NOK-STRICT/bottle/geometry/K_median.npy,.npy,164
runs/berkeley_ur5_improvement_v1/CASE-NOK-STRICT/bottle/geometry/K_per_frame.npy,.npy,416
runs/berkeley_ur5_improvement_v1/CASE-NOK-STRICT/bottle/geometry/moge_observed_outputs.npz,.npz,8376754
runs/berkeley_ur5_improvement_v1/CASE-NOK-STRICT/bottle/geometry/points_3d_filtered.npy,.npy,9728
runs/berkeley_ur5_improvement_v1/CASE-NOK-STRICT/bottle/geometry/points_3d_raw.npy,.npy,9728
runs/berkeley_ur5_improvement_v1/CASE-NOK-STRICT/bottle/geometry/strict_geometry_audit.json,.json,395
runs/berkeley_ur5_improvement_v1/CASE-NOK-STRICT/bottle/geometry/unidepth_confidence_observed.npy,.npy,9830528
runs/berkeley_ur5_improvement_v1/CASE-NOK-STRICT/bottle/geometry/unidepth_depth_observed.npy,.npy,9830528
runs/berkeley_ur5_improvement_v1/CASE-NOK-STRICT/bottle/geometry/visual_input_audit.json,.json,735
runs/berkeley_ur5_improvement_v1/CASE-NOK-STRICT/bottle/geometry_3d.png,.png,229992
runs/berkeley_ur5_improvement_v1/CASE-NOK-STRICT/bottle/geometry_comparison.mp4,.mp4,1923881
runs/berkeley_ur5_improvement_v1/CASE-NOK-STRICT/bottle/geometry_contact_sheet.png,.png,3753383
runs/berkeley_ur5_improvement_v1/CASE-NOK-STRICT/bottle/geometry_error_by_time.png,.png,135310
runs/berkeley_ur5_improvement_v1/CASE-NOK-STRICT/bottle/geometry_final_overlay.png,.png,1249500
runs/berkeley_ur5_improvement_v1/CASE-NOK-STRICT/bottle/geometry_full_extent.png,.png,987563
runs/berkeley_ur5_improvement_v1/CASE-NOK-STRICT/bottle/geometry_group_01_3d.png,.png,216097
runs/berkeley_ur5_improvement_v1/CASE-NOK-STRICT/bottle/geometry_group_01_comparison.mp4,.mp4,1900634
runs/berkeley_ur5_improvement_v1/CASE-NOK-STRICT/bottle/geometry_group_01_contact_sheet.png,.png,3732272
runs/berkeley_ur5_improvement_v1/CASE-NOK-STRICT/bottle/geometry_group_01_error_by_time.png,.png,126925
runs/berkeley_ur5_improvement_v1/CASE-NOK-STRICT/bottle/geometry_group_01_final_overlay.png,.png,1235457
runs/berkeley_ur5_improvement_v1/CASE-NOK-STRICT/bottle/geometry_group_01_full_extent.png,.png,959043
runs/berkeley_ur5_improvement_v1/CASE-NOK-STRICT/bottle/geometry_group_01_render_receipt.json,.json,411
runs/berkeley_ur5_improvement_v1/CASE-NOK-STRICT/bottle/geometry_group_02_3d.png,.png,267232
runs/berkeley_ur5_improvement_v1/CASE-NOK-STRICT/bottle/geometry_group_02_comparison.mp4,.mp4,1892088
runs/berkeley_ur5_improvement_v1/CASE-NOK-STRICT/bottle/geometry_group_02_contact_sheet.png,.png,3722268
runs/berkeley_ur5_improvement_v1/CASE-NOK-STRICT/bottle/geometry_group_02_error_by_time.png,.png,121158
runs/berkeley_ur5_improvement_v1/CASE-NOK-STRICT/bottle/geometry_group_02_final_overlay.png,.png,1232794
runs/berkeley_ur5_improvement_v1/CASE-NOK-STRICT/bottle/geometry_group_02_full_extent.png,.png,975705
runs/berkeley_ur5_improvement_v1/CASE-NOK-STRICT/bottle/geometry_group_02_render_receipt.json,.json,411
runs/berkeley_ur5_improvement_v1/CASE-NOK-STRICT/bottle/geometry_render_receipt.json,.json,537
runs/berkeley_ur5_improvement_v1/CASE-NOK-STRICT/bottle/groups/group_00/metadata.json,.json,332
runs/berkeley_ur5_improvement_v1/CASE-NOK-STRICT/bottle/groups/group_00/point_ids.npy,.npy,192
runs/berkeley_ur5_improvement_v1/CASE-NOK-STRICT/bottle/groups/group_00/points_2d_at_t0.npy,.npy,192
runs/berkeley_ur5_improvement_v1/CASE-NOK-STRICT/bottle/groups/group_00/points_2d_at_t0.pt,.pt,1697
runs/berkeley_ur5_improvement_v1/CASE-NOK-STRICT/bottle/groups/group_00/points_3d_history.npy,.npy,416
runs/berkeley_ur5_improvement_v1/CASE-NOK-STRICT/bottle/groups/group_00/points_3d_history.pt,.pt,1903
runs/berkeley_ur5_improvement_v1/CASE-NOK-STRICT/bottle/groups/group_01/metadata.json,.json,333
runs/berkeley_ur5_improvement_v1/CASE-NOK-STRICT/bottle/groups/group_01/point_ids.npy,.npy,192
runs/berkeley_ur5_improvement_v1/CASE-NOK-STRICT/bottle/groups/group_01/points_2d_at_t0.npy,.npy,192
runs/berkeley_ur5_improvement_v1/CASE-NOK-STRICT/bottle/groups/group_01/points_2d_at_t0.pt,.pt,1697
runs/berkeley_ur5_improvement_v1/CASE-NOK-STRICT/bottle/groups/group_01/points_3d_history.npy,.npy,416
runs/berkeley_ur5_improvement_v1/CASE-NOK-STRICT/bottle/groups/group_01/points_3d_history.pt,.pt,1903
runs/berkeley_ur5_improvement_v1/CASE-NOK-STRICT/bottle/groups/group_02/metadata.json,.json,333
runs/berkeley_ur5_improvement_v1/CASE-NOK-STRICT/bottle/groups/group_02/point_ids.npy,.npy,192
runs/berkeley_ur5_improvement_v1/CASE-NOK-STRICT/bottle/groups/group_02/points_2d_at_t0.npy,.npy,192
runs/berkeley_ur5_improvement_v1/CASE-NOK-STRICT/bottle/groups/group_02/points_2d_at_t0.pt,.pt,1697
runs/berkeley_ur5_improvement_v1/CASE-NOK-STRICT/bottle/groups/group_02/points_3d_history.npy,.npy,416
runs/berkeley_ur5_improvement_v1/CASE-NOK-STRICT/bottle/groups/group_02/points_3d_history.pt,.pt,1903
runs/berkeley_ur5_improvement_v1/CASE-NOK-STRICT/bottle/metadata.json,.json,2642
runs/berkeley_ur5_improvement_v1/CASE-NOK-STRICT/bottle/observed/alltracker_execution.json,.json,593
runs/berkeley_ur5_improvement_v1/CASE-NOK-STRICT/bottle/observed/frame_000040.png,.png,324931
runs/berkeley_ur5_improvement_v1/CASE-NOK-STRICT/bottle/observed/frame_000041.png,.png,323935
runs/berkeley_ur5_improvement_v1/CASE-NOK-STRICT/bottle/observed/frame_000042.png,.png,323856
runs/berkeley_ur5_improvement_v1/CASE-NOK-STRICT/bottle/observed/frame_000043.png,.png,323947
runs/berkeley_ur5_improvement_v1/CASE-NOK-STRICT/bottle/observed/frame_000044.png,.png,318765
runs/berkeley_ur5_improvement_v1/CASE-NOK-STRICT/bottle/observed/frame_000045.png,.png,319306
runs/berkeley_ur5_improvement_v1/CASE-NOK-STRICT/bottle/observed/frame_000046.png,.png,319875
runs/berkeley_ur5_improvement_v1/CASE-NOK-STRICT/bottle/observed/frame_000047.png,.png,318259
runs/berkeley_ur5_improvement_v1/CASE-NOK-STRICT/bottle/observed/frame_t+0.png,.png,393076
runs/berkeley_ur5_improvement_v1/CASE-NOK-STRICT/bottle/observed/frame_t-1.png,.png,398007
runs/berkeley_ur5_improvement_v1/CASE-NOK-STRICT/bottle/observed/frame_t-2.png,.png,391151
runs/berkeley_ur5_improvement_v1/CASE-NOK-STRICT/bottle/observed/grounding_metadata.json,.json,1602
runs/berkeley_ur5_improvement_v1/CASE-NOK-STRICT/bottle/observed/history_rgb.npy,.npy,2764928
runs/berkeley_ur5_improvement_v1/CASE-NOK-STRICT/bottle/observed/history_source_indices.npy,.npy,152
runs/berkeley_ur5_improvement_v1/CASE-NOK-STRICT/bottle/observed/history_timestamps.npy,.npy,140
runs/berkeley_ur5_improvement_v1/CASE-NOK-STRICT/bottle/observed/mask.png,.png,1535
runs/berkeley_ur5_improvement_v1/CASE-NOK-STRICT/bottle/observed/mask_overlay.png,.png,392887
runs/berkeley_ur5_improvement_v1/CASE-NOK-STRICT/bottle/observed/molmopoint_generated_token_ids.npy,.npy,344
runs/berkeley_ur5_improvement_v1/CASE-NOK-STRICT/bottle/observed/molmopoint_grounding.json,.json,3407
runs/berkeley_ur5_improvement_v1/CASE-NOK-STRICT/bottle/observed/molmopoint_input_ids.npy,.npy,6440
runs/berkeley_ur5_improvement_v1/CASE-NOK-STRICT/bottle/observed/molmopoint_overlay.png,.png,395180
runs/berkeley_ur5_improvement_v1/CASE-NOK-STRICT/bottle/observed/molmopoint_preparation.json,.json,1155
runs/berkeley_ur5_improvement_v1/CASE-NOK-STRICT/bottle/observed/molmopoint_raw_output.txt,.txt,136
runs/berkeley_ur5_improvement_v1/CASE-NOK-STRICT/bottle/observed/molmopoint_t0.png,.png,393076
runs/berkeley_ur5_improvement_v1/CASE-NOK-STRICT/bottle/observed/native_depth.npy,.npy,9830528
runs/berkeley_ur5_improvement_v1/CASE-NOK-STRICT/bottle/observed/native_depth_metadata.json,.json,1765
runs/berkeley_ur5_improvement_v1/CASE-NOK-STRICT/bottle/observed/observed_tracks_2d.npz,.npz,10505
runs/berkeley_ur5_improvement_v1/CASE-NOK-STRICT/bottle/observed/points_2d_history.npy,.npy,704
runs/berkeley_ur5_improvement_v1/CASE-NOK-STRICT/bottle/observed/points_3d_history.npy,.npy,992
runs/berkeley_ur5_improvement_v1/CASE-NOK-STRICT/bottle/observed/query_in_mask.npy,.npy,228
runs/berkeley_ur5_improvement_v1/CASE-NOK-STRICT/bottle/observed/query_points_100.npy,.npy,928
runs/berkeley_ur5_improvement_v1/CASE-NOK-STRICT/bottle/observed/rgb.npy,.npy,7372928
runs/berkeley_ur5_improvement_v1/CASE-NOK-STRICT/bottle/observed/sam_candidates.npz,.npz,291963
runs/berkeley_ur5_improvement_v1/CASE-NOK-STRICT/bottle/observed/selected_point_ids.npy,.npy,320
runs/berkeley_ur5_improvement_v1/CASE-NOK-STRICT/bottle/observed/source_frames.json,.json,1225
runs/berkeley_ur5_improvement_v1/CASE-NOK-STRICT/bottle/observed/source_indices.npy,.npy,192
runs/berkeley_ur5_improvement_v1/CASE-NOK-STRICT/bottle/observed/timestamps.npy,.npy,160
runs/berkeley_ur5_improvement_v1/CASE-NOK-STRICT/bottle/predictions/future_3d.npy,.npy,8768
runs/berkeley_ur5_improvement_v1/CASE-NOK-STRICT/bottle/predictions/group_00/executed_inference_source.py,.py,11332
runs/berkeley_ur5_improvement_v1/CASE-NOK-STRICT/bottle/predictions/group_00/future_3d.npy,.npy,3008
runs/berkeley_ur5_improvement_v1/CASE-NOK-STRICT/bottle/predictions/group_00/model_run.json,.json,1232
runs/berkeley_ur5_improvement_v1/CASE-NOK-STRICT/bottle/predictions/group_00/prediction.npz,.npz,2525
runs/berkeley_ur5_improvement_v1/CASE-NOK-STRICT/bottle/predictions/group_00/processor_inputs.pt,.pt,1325894
runs/berkeley_ur5_improvement_v1/CASE-NOK-STRICT/bottle/predictions/group_00/raw_model_output.txt,.txt,3443
runs/berkeley_ur5_improvement_v1/CASE-NOK-STRICT/bottle/predictions/group_01/executed_inference_source.py,.py,11332
runs/berkeley_ur5_improvement_v1/CASE-NOK-STRICT/bottle/predictions/group_01/future_3d.npy,.npy,3008
runs/berkeley_ur5_improvement_v1/CASE-NOK-STRICT/bottle/predictions/group_01/model_run.json,.json,1231
runs/berkeley_ur5_improvement_v1/CASE-NOK-STRICT/bottle/predictions/group_01/prediction.npz,.npz,2192
runs/berkeley_ur5_improvement_v1/CASE-NOK-STRICT/bottle/predictions/group_01/processor_inputs.pt,.pt,1325638
runs/berkeley_ur5_improvement_v1/CASE-NOK-STRICT/bottle/predictions/group_01/raw_model_output.txt,.txt,3416
runs/berkeley_ur5_improvement_v1/CASE-NOK-STRICT/bottle/predictions/group_02/executed_inference_source.py,.py,11332
runs/berkeley_ur5_improvement_v1/CASE-NOK-STRICT/bottle/predictions/group_02/future_3d.npy,.npy,3008
runs/berkeley_ur5_improvement_v1/CASE-NOK-STRICT/bottle/predictions/group_02/model_run.json,.json,1232
runs/berkeley_ur5_improvement_v1/CASE-NOK-STRICT/bottle/predictions/group_02/prediction.npz,.npz,2245
runs/berkeley_ur5_improvement_v1/CASE-NOK-STRICT/bottle/predictions/group_02/processor_inputs.pt,.pt,1325638
runs/berkeley_ur5_improvement_v1/CASE-NOK-STRICT/bottle/predictions/group_02/raw_model_output.txt,.txt,3582
runs/berkeley_ur5_improvement_v1/CASE-NOK-STRICT/bottle/predictions/input_freeze.json,.json,8448
runs/berkeley_ur5_improvement_v1/CASE-NOK-STRICT/bottle/predictions/model_run.json,.json,5266
runs/berkeley_ur5_improvement_v1/CASE-NOK-STRICT/bottle/predictions/prediction.npz,.npz,6021
runs/berkeley_ur5_improvement_v1/CASE-NOK-STRICT/bottle/video_audit/geometry_comparison_all10_corrected.jpg,.jpg,330296
runs/berkeley_ur5_improvement_v1/CASE-NOK-STRICT/bottle/video_audit/geometry_comparison_frame_00.jpg,.jpg,297654
runs/berkeley_ur5_improvement_v1/CASE-NOK-STRICT/bottle/video_audit/geometry_comparison_frame_01.jpg,.jpg,301149
runs/berkeley_ur5_improvement_v1/CASE-NOK-STRICT/bottle/video_audit/geometry_comparison_frame_02.jpg,.jpg,312298
runs/berkeley_ur5_improvement_v1/CASE-NOK-STRICT/bottle/video_audit/geometry_comparison_frame_03.jpg,.jpg,313837
runs/berkeley_ur5_improvement_v1/CASE-NOK-STRICT/bottle/video_audit/geometry_comparison_frame_04.jpg,.jpg,319947
runs/berkeley_ur5_improvement_v1/CASE-NOK-STRICT/bottle/video_audit/geometry_comparison_frame_05.jpg,.jpg,320336
runs/berkeley_ur5_improvement_v1/CASE-NOK-STRICT/bottle/video_audit/geometry_comparison_frame_06.jpg,.jpg,322606
runs/berkeley_ur5_improvement_v1/CASE-NOK-STRICT/bottle/video_audit/geometry_comparison_frame_07.jpg,.jpg,321320
runs/berkeley_ur5_improvement_v1/CASE-NOK-STRICT/bottle/video_audit/geometry_comparison_frame_08.jpg,.jpg,324682
runs/berkeley_ur5_improvement_v1/CASE-NOK-STRICT/bottle/video_audit/geometry_comparison_frame_09.jpg,.jpg,324654
runs/berkeley_ur5_improvement_v1/CASE-NOK-STRICT/bottle/video_audit/geometry_group_01_comparison_all10_corrected.jpg,.jpg,331430
runs/berkeley_ur5_improvement_v1/CASE-NOK-STRICT/bottle/video_audit/geometry_group_01_comparison_frame_00.jpg,.jpg,296808
runs/berkeley_ur5_improvement_v1/CASE-NOK-STRICT/bottle/video_audit/geometry_group_01_comparison_frame_01.jpg,.jpg,300786
runs/berkeley_ur5_improvement_v1/CASE-NOK-STRICT/bottle/video_audit/geometry_group_01_comparison_frame_02.jpg,.jpg,311841
runs/berkeley_ur5_improvement_v1/CASE-NOK-STRICT/bottle/video_audit/geometry_group_01_comparison_frame_03.jpg,.jpg,309869
runs/berkeley_ur5_improvement_v1/CASE-NOK-STRICT/bottle/video_audit/geometry_group_01_comparison_frame_04.jpg,.jpg,313457
runs/berkeley_ur5_improvement_v1/CASE-NOK-STRICT/bottle/video_audit/geometry_group_01_comparison_frame_05.jpg,.jpg,311278
runs/berkeley_ur5_improvement_v1/CASE-NOK-STRICT/bottle/video_audit/geometry_group_01_comparison_frame_06.jpg,.jpg,312446
runs/berkeley_ur5_improvement_v1/CASE-NOK-STRICT/bottle/video_audit/geometry_group_01_comparison_frame_07.jpg,.jpg,311544
runs/berkeley_ur5_improvement_v1/CASE-NOK-STRICT/bottle/video_audit/geometry_group_01_comparison_frame_08.jpg,.jpg,314286
runs/berkeley_ur5_improvement_v1/CASE-NOK-STRICT/bottle/video_audit/geometry_group_01_comparison_frame_09.jpg,.jpg,313016
runs/berkeley_ur5_improvement_v1/CASE-NOK-STRICT/bottle/video_audit/geometry_group_02_comparison_all10_corrected.jpg,.jpg,328961
runs/berkeley_ur5_improvement_v1/CASE-NOK-STRICT/bottle/video_audit/geometry_group_02_comparison_frame_00.jpg,.jpg,296450
runs/berkeley_ur5_improvement_v1/CASE-NOK-STRICT/bottle/video_audit/geometry_group_02_comparison_frame_01.jpg,.jpg,300372
runs/berkeley_ur5_improvement_v1/CASE-NOK-STRICT/bottle/video_audit/geometry_group_02_comparison_frame_02.jpg,.jpg,312915
runs/berkeley_ur5_improvement_v1/CASE-NOK-STRICT/bottle/video_audit/geometry_group_02_comparison_frame_03.jpg,.jpg,312213
runs/berkeley_ur5_improvement_v1/CASE-NOK-STRICT/bottle/video_audit/geometry_group_02_comparison_frame_04.jpg,.jpg,316134
runs/berkeley_ur5_improvement_v1/CASE-NOK-STRICT/bottle/video_audit/geometry_group_02_comparison_frame_05.jpg,.jpg,315490
runs/berkeley_ur5_improvement_v1/CASE-NOK-STRICT/bottle/video_audit/geometry_group_02_comparison_frame_06.jpg,.jpg,316901
runs/berkeley_ur5_improvement_v1/CASE-NOK-STRICT/bottle/video_audit/geometry_group_02_comparison_frame_07.jpg,.jpg,316273
runs/berkeley_ur5_improvement_v1/CASE-NOK-STRICT/bottle/video_audit/geometry_group_02_comparison_frame_08.jpg,.jpg,318980
runs/berkeley_ur5_improvement_v1/CASE-NOK-STRICT/bottle/video_audit/geometry_group_02_comparison_frame_09.jpg,.jpg,318234
runs/berkeley_ur5_improvement_v1/CASE-NOK-STRICT/cup/comparison.json,.json,8262
runs/berkeley_ur5_improvement_v1/CASE-NOK-STRICT/cup/geometry/camera_motion_audit.json,.json,2628
runs/berkeley_ur5_improvement_v1/CASE-NOK-STRICT/cup/geometry/camera_poses.npy,.npy,640
runs/berkeley_ur5_improvement_v1/CASE-NOK-STRICT/cup/geometry/case_provenance.json,.json,1489
runs/berkeley_ur5_improvement_v1/CASE-NOK-STRICT/cup/geometry/depth_observed.npy,.npy,9830528
runs/berkeley_ur5_improvement_v1/CASE-NOK-STRICT/cup/geometry/depth_source.json,.json,736
runs/berkeley_ur5_improvement_v1/CASE-NOK-STRICT/cup/geometry/filter_diagnostics.npz,.npz,6339
runs/berkeley_ur5_improvement_v1/CASE-NOK-STRICT/cup/geometry/filter_metadata.json,.json,718
runs/berkeley_ur5_improvement_v1/CASE-NOK-STRICT/cup/geometry/input_audit.json,.json,1179
runs/berkeley_ur5_improvement_v1/CASE-NOK-STRICT/cup/geometry/intrinsics_stability.json,.json,1601
runs/berkeley_ur5_improvement_v1/CASE-NOK-STRICT/cup/geometry/K_median.npy,.npy,164
runs/berkeley_ur5_improvement_v1/CASE-NOK-STRICT/cup/geometry/K_per_frame.npy,.npy,416
runs/berkeley_ur5_improvement_v1/CASE-NOK-STRICT/cup/geometry/moge_observed_outputs.npz,.npz,8441841
runs/berkeley_ur5_improvement_v1/CASE-NOK-STRICT/cup/geometry/points_3d_filtered.npy,.npy,9728
runs/berkeley_ur5_improvement_v1/CASE-NOK-STRICT/cup/geometry/points_3d_raw.npy,.npy,9728
runs/berkeley_ur5_improvement_v1/CASE-NOK-STRICT/cup/geometry/strict_geometry_audit.json,.json,385
runs/berkeley_ur5_improvement_v1/CASE-NOK-STRICT/cup/geometry/unidepth_confidence_observed.npy,.npy,9830528
runs/berkeley_ur5_improvement_v1/CASE-NOK-STRICT/cup/geometry/unidepth_depth_observed.npy,.npy,9830528
runs/berkeley_ur5_improvement_v1/CASE-NOK-STRICT/cup/geometry/visual_input_audit.json,.json,735
runs/berkeley_ur5_improvement_v1/CASE-NOK-STRICT/cup/geometry_3d.png,.png,197617
runs/berkeley_ur5_improvement_v1/CASE-NOK-STRICT/cup/geometry_comparison.mp4,.mp4,1781654
runs/berkeley_ur5_improvement_v1/CASE-NOK-STRICT/cup/geometry_contact_sheet.png,.png,3637218
runs/berkeley_ur5_improvement_v1/CASE-NOK-STRICT/cup/geometry_error_by_time.png,.png,128357
runs/berkeley_ur5_improvement_v1/CASE-NOK-STRICT/cup/geometry_final_overlay.png,.png,1191999
runs/berkeley_ur5_improvement_v1/CASE-NOK-STRICT/cup/geometry_full_extent.png,.png,767980
runs/berkeley_ur5_improvement_v1/CASE-NOK-STRICT/cup/geometry_group_01_3d.png,.png,178576
runs/berkeley_ur5_improvement_v1/CASE-NOK-STRICT/cup/geometry_group_01_comparison.mp4,.mp4,1761717
runs/berkeley_ur5_improvement_v1/CASE-NOK-STRICT/cup/geometry_group_01_contact_sheet.png,.png,3620826
runs/berkeley_ur5_improvement_v1/CASE-NOK-STRICT/cup/geometry_group_01_error_by_time.png,.png,129201
runs/berkeley_ur5_improvement_v1/CASE-NOK-STRICT/cup/geometry_group_01_final_overlay.png,.png,1177124
runs/berkeley_ur5_improvement_v1/CASE-NOK-STRICT/cup/geometry_group_01_full_extent.png,.png,749536
runs/berkeley_ur5_improvement_v1/CASE-NOK-STRICT/cup/geometry_group_01_render_receipt.json,.json,411
runs/berkeley_ur5_improvement_v1/CASE-NOK-STRICT/cup/geometry_group_02_3d.png,.png,205366
runs/berkeley_ur5_improvement_v1/CASE-NOK-STRICT/cup/geometry_group_02_comparison.mp4,.mp4,1788447
runs/berkeley_ur5_improvement_v1/CASE-NOK-STRICT/cup/geometry_group_02_contact_sheet.png,.png,3643343
runs/berkeley_ur5_improvement_v1/CASE-NOK-STRICT/cup/geometry_group_02_error_by_time.png,.png,134050
runs/berkeley_ur5_improvement_v1/CASE-NOK-STRICT/cup/geometry_group_02_final_overlay.png,.png,1196777
runs/berkeley_ur5_improvement_v1/CASE-NOK-STRICT/cup/geometry_group_02_full_extent.png,.png,916623
runs/berkeley_ur5_improvement_v1/CASE-NOK-STRICT/cup/geometry_group_02_render_receipt.json,.json,411
runs/berkeley_ur5_improvement_v1/CASE-NOK-STRICT/cup/geometry_render_receipt.json,.json,539
runs/berkeley_ur5_improvement_v1/CASE-NOK-STRICT/cup/groups/group_00/metadata.json,.json,333
runs/berkeley_ur5_improvement_v1/CASE-NOK-STRICT/cup/groups/group_00/point_ids.npy,.npy,192
runs/berkeley_ur5_improvement_v1/CASE-NOK-STRICT/cup/groups/group_00/points_2d_at_t0.npy,.npy,192
runs/berkeley_ur5_improvement_v1/CASE-NOK-STRICT/cup/groups/group_00/points_2d_at_t0.pt,.pt,1697
runs/berkeley_ur5_improvement_v1/CASE-NOK-STRICT/cup/groups/group_00/points_3d_history.npy,.npy,416
runs/berkeley_ur5_improvement_v1/CASE-NOK-STRICT/cup/groups/group_00/points_3d_history.pt,.pt,1903
runs/berkeley_ur5_improvement_v1/CASE-NOK-STRICT/cup/groups/group_01/metadata.json,.json,333
runs/berkeley_ur5_improvement_v1/CASE-NOK-STRICT/cup/groups/group_01/point_ids.npy,.npy,192
runs/berkeley_ur5_improvement_v1/CASE-NOK-STRICT/cup/groups/group_01/points_2d_at_t0.npy,.npy,192
runs/berkeley_ur5_improvement_v1/CASE-NOK-STRICT/cup/groups/group_01/points_2d_at_t0.pt,.pt,1697
runs/berkeley_ur5_improvement_v1/CASE-NOK-STRICT/cup/groups/group_01/points_3d_history.npy,.npy,416
runs/berkeley_ur5_improvement_v1/CASE-NOK-STRICT/cup/groups/group_01/points_3d_history.pt,.pt,1903
runs/berkeley_ur5_improvement_v1/CASE-NOK-STRICT/cup/groups/group_02/metadata.json,.json,333
runs/berkeley_ur5_improvement_v1/CASE-NOK-STRICT/cup/groups/group_02/point_ids.npy,.npy,192
runs/berkeley_ur5_improvement_v1/CASE-NOK-STRICT/cup/groups/group_02/points_2d_at_t0.npy,.npy,192
runs/berkeley_ur5_improvement_v1/CASE-NOK-STRICT/cup/groups/group_02/points_2d_at_t0.pt,.pt,1697
runs/berkeley_ur5_improvement_v1/CASE-NOK-STRICT/cup/groups/group_02/points_3d_history.npy,.npy,416
runs/berkeley_ur5_improvement_v1/CASE-NOK-STRICT/cup/groups/group_02/points_3d_history.pt,.pt,1903
runs/berkeley_ur5_improvement_v1/CASE-NOK-STRICT/cup/metadata.json,.json,2726
runs/berkeley_ur5_improvement_v1/CASE-NOK-STRICT/cup/observed/alltracker_execution.json,.json,592
runs/berkeley_ur5_improvement_v1/CASE-NOK-STRICT/cup/observed/frame_000056.png,.png,322404
runs/berkeley_ur5_improvement_v1/CASE-NOK-STRICT/cup/observed/frame_000057.png,.png,321497
runs/berkeley_ur5_improvement_v1/CASE-NOK-STRICT/cup/observed/frame_000058.png,.png,322645
runs/berkeley_ur5_improvement_v1/CASE-NOK-STRICT/cup/observed/frame_000059.png,.png,321191
runs/berkeley_ur5_improvement_v1/CASE-NOK-STRICT/cup/observed/frame_000060.png,.png,322351
runs/berkeley_ur5_improvement_v1/CASE-NOK-STRICT/cup/observed/frame_000061.png,.png,319777
runs/berkeley_ur5_improvement_v1/CASE-NOK-STRICT/cup/observed/frame_000062.png,.png,323679
runs/berkeley_ur5_improvement_v1/CASE-NOK-STRICT/cup/observed/frame_000063.png,.png,323906
runs/berkeley_ur5_improvement_v1/CASE-NOK-STRICT/cup/observed/frame_t+0.png,.png,400668
runs/berkeley_ur5_improvement_v1/CASE-NOK-STRICT/cup/observed/frame_t-1.png,.png,403153
runs/berkeley_ur5_improvement_v1/CASE-NOK-STRICT/cup/observed/frame_t-2.png,.png,395587
runs/berkeley_ur5_improvement_v1/CASE-NOK-STRICT/cup/observed/grounding_metadata.json,.json,1585
runs/berkeley_ur5_improvement_v1/CASE-NOK-STRICT/cup/observed/history_rgb.npy,.npy,2764928
runs/berkeley_ur5_improvement_v1/CASE-NOK-STRICT/cup/observed/history_source_indices.npy,.npy,152
runs/berkeley_ur5_improvement_v1/CASE-NOK-STRICT/cup/observed/history_timestamps.npy,.npy,140
runs/berkeley_ur5_improvement_v1/CASE-NOK-STRICT/cup/observed/mask.png,.png,1581
runs/berkeley_ur5_improvement_v1/CASE-NOK-STRICT/cup/observed/mask_overlay.png,.png,399993
runs/berkeley_ur5_improvement_v1/CASE-NOK-STRICT/cup/observed/molmopoint_generated_token_ids.npy,.npy,336
runs/berkeley_ur5_improvement_v1/CASE-NOK-STRICT/cup/observed/molmopoint_grounding.json,.json,3388
runs/berkeley_ur5_improvement_v1/CASE-NOK-STRICT/cup/observed/molmopoint_input_ids.npy,.npy,6440
runs/berkeley_ur5_improvement_v1/CASE-NOK-STRICT/cup/observed/molmopoint_overlay.png,.png,402011
runs/berkeley_ur5_improvement_v1/CASE-NOK-STRICT/cup/observed/molmopoint_preparation.json,.json,1144
runs/berkeley_ur5_improvement_v1/CASE-NOK-STRICT/cup/observed/molmopoint_raw_output.txt,.txt,132
runs/berkeley_ur5_improvement_v1/CASE-NOK-STRICT/cup/observed/molmopoint_t0.png,.png,400668
runs/berkeley_ur5_improvement_v1/CASE-NOK-STRICT/cup/observed/native_depth.npy,.npy,9830528
runs/berkeley_ur5_improvement_v1/CASE-NOK-STRICT/cup/observed/native_depth_metadata.json,.json,1741
runs/berkeley_ur5_improvement_v1/CASE-NOK-STRICT/cup/observed/observed_tracks_2d.npz,.npz,10180
runs/berkeley_ur5_improvement_v1/CASE-NOK-STRICT/cup/observed/points_2d_history.npy,.npy,704
runs/berkeley_ur5_improvement_v1/CASE-NOK-STRICT/cup/observed/points_3d_history.npy,.npy,992
runs/berkeley_ur5_improvement_v1/CASE-NOK-STRICT/cup/observed/query_in_mask.npy,.npy,228
runs/berkeley_ur5_improvement_v1/CASE-NOK-STRICT/cup/observed/query_points_100.npy,.npy,928
runs/berkeley_ur5_improvement_v1/CASE-NOK-STRICT/cup/observed/rgb.npy,.npy,7372928
runs/berkeley_ur5_improvement_v1/CASE-NOK-STRICT/cup/observed/sam_candidates.npz,.npz,273408
runs/berkeley_ur5_improvement_v1/CASE-NOK-STRICT/cup/observed/selected_point_ids.npy,.npy,320
runs/berkeley_ur5_improvement_v1/CASE-NOK-STRICT/cup/observed/source_frames.json,.json,1263
runs/berkeley_ur5_improvement_v1/CASE-NOK-STRICT/cup/observed/source_indices.npy,.npy,192
runs/berkeley_ur5_improvement_v1/CASE-NOK-STRICT/cup/observed/timestamps.npy,.npy,160
runs/berkeley_ur5_improvement_v1/CASE-NOK-STRICT/cup/predictions/future_3d.npy,.npy,8768
runs/berkeley_ur5_improvement_v1/CASE-NOK-STRICT/cup/predictions/group_00/executed_inference_source.py,.py,11332
runs/berkeley_ur5_improvement_v1/CASE-NOK-STRICT/cup/predictions/group_00/future_3d.npy,.npy,3008
runs/berkeley_ur5_improvement_v1/CASE-NOK-STRICT/cup/predictions/group_00/model_run.json,.json,1379
runs/berkeley_ur5_improvement_v1/CASE-NOK-STRICT/cup/predictions/group_00/prediction.npz,.npz,1234
runs/berkeley_ur5_improvement_v1/CASE-NOK-STRICT/cup/predictions/group_00/processor_inputs.pt,.pt,1326150
runs/berkeley_ur5_improvement_v1/CASE-NOK-STRICT/cup/predictions/group_00/raw_model_output.txt,.txt,3191
runs/berkeley_ur5_improvement_v1/CASE-NOK-STRICT/cup/predictions/group_01/executed_inference_source.py,.py,11332
runs/berkeley_ur5_improvement_v1/CASE-NOK-STRICT/cup/predictions/group_01/future_3d.npy,.npy,3008
runs/berkeley_ur5_improvement_v1/CASE-NOK-STRICT/cup/predictions/group_01/model_run.json,.json,1232
runs/berkeley_ur5_improvement_v1/CASE-NOK-STRICT/cup/predictions/group_01/prediction.npz,.npz,1185
runs/berkeley_ur5_improvement_v1/CASE-NOK-STRICT/cup/predictions/group_01/processor_inputs.pt,.pt,1325894
runs/berkeley_ur5_improvement_v1/CASE-NOK-STRICT/cup/predictions/group_01/raw_model_output.txt,.txt,3331
runs/berkeley_ur5_improvement_v1/CASE-NOK-STRICT/cup/predictions/group_02/executed_inference_source.py,.py,11332
runs/berkeley_ur5_improvement_v1/CASE-NOK-STRICT/cup/predictions/group_02/future_3d.npy,.npy,3008
runs/berkeley_ur5_improvement_v1/CASE-NOK-STRICT/cup/predictions/group_02/model_run.json,.json,1230
runs/berkeley_ur5_improvement_v1/CASE-NOK-STRICT/cup/predictions/group_02/prediction.npz,.npz,1495
runs/berkeley_ur5_improvement_v1/CASE-NOK-STRICT/cup/predictions/group_02/processor_inputs.pt,.pt,1325894
runs/berkeley_ur5_improvement_v1/CASE-NOK-STRICT/cup/predictions/group_02/raw_model_output.txt,.txt,3483
runs/berkeley_ur5_improvement_v1/CASE-NOK-STRICT/cup/predictions/input_freeze.json,.json,8499
runs/berkeley_ur5_improvement_v1/CASE-NOK-STRICT/cup/predictions/model_run.json,.json,5438
runs/berkeley_ur5_improvement_v1/CASE-NOK-STRICT/cup/predictions/point_ids.npy,.npy,192
runs/berkeley_ur5_improvement_v1/CASE-NOK-STRICT/cup/predictions/prediction.npz,.npz,2973
runs/berkeley_ur5_improvement_v1/CASE-NOK-STRICT/cup/video_audit/geometry_comparison_all10_corrected.jpg,.jpg,319777
runs/berkeley_ur5_improvement_v1/CASE-NOK-STRICT/cup/video_audit/geometry_comparison_frame_00.jpg,.jpg,291395
runs/berkeley_ur5_improvement_v1/CASE-NOK-STRICT/cup/video_audit/geometry_comparison_frame_01.jpg,.jpg,292959
runs/berkeley_ur5_improvement_v1/CASE-NOK-STRICT/cup/video_audit/geometry_comparison_frame_02.jpg,.jpg,296134
runs/berkeley_ur5_improvement_v1/CASE-NOK-STRICT/cup/video_audit/geometry_comparison_frame_03.jpg,.jpg,294021
runs/berkeley_ur5_improvement_v1/CASE-NOK-STRICT/cup/video_audit/geometry_comparison_frame_04.jpg,.jpg,292209
runs/berkeley_ur5_improvement_v1/CASE-NOK-STRICT/cup/video_audit/geometry_comparison_frame_05.jpg,.jpg,291008
runs/berkeley_ur5_improvement_v1/CASE-NOK-STRICT/cup/video_audit/geometry_comparison_frame_06.jpg,.jpg,292944
runs/berkeley_ur5_improvement_v1/CASE-NOK-STRICT/cup/video_audit/geometry_comparison_frame_07.jpg,.jpg,293230
runs/berkeley_ur5_improvement_v1/CASE-NOK-STRICT/cup/video_audit/geometry_comparison_frame_08.jpg,.jpg,295679
runs/berkeley_ur5_improvement_v1/CASE-NOK-STRICT/cup/video_audit/geometry_comparison_frame_09.jpg,.jpg,298423
runs/berkeley_ur5_improvement_v1/CASE-NOK-STRICT/cup/video_audit/geometry_group_01_comparison_all10_corrected.jpg,.jpg,320413
runs/berkeley_ur5_improvement_v1/CASE-NOK-STRICT/cup/video_audit/geometry_group_01_comparison_frame_00.jpg,.jpg,291945
runs/berkeley_ur5_improvement_v1/CASE-NOK-STRICT/cup/video_audit/geometry_group_01_comparison_frame_01.jpg,.jpg,293535
runs/berkeley_ur5_improvement_v1/CASE-NOK-STRICT/cup/video_audit/geometry_group_01_comparison_frame_02.jpg,.jpg,296101
runs/berkeley_ur5_improvement_v1/CASE-NOK-STRICT/cup/video_audit/geometry_group_01_comparison_frame_03.jpg,.jpg,294089
runs/berkeley_ur5_improvement_v1/CASE-NOK-STRICT/cup/video_audit/geometry_group_01_comparison_frame_04.jpg,.jpg,291431
runs/berkeley_ur5_improvement_v1/CASE-NOK-STRICT/cup/video_audit/geometry_group_01_comparison_frame_05.jpg,.jpg,290567
runs/berkeley_ur5_improvement_v1/CASE-NOK-STRICT/cup/video_audit/geometry_group_01_comparison_frame_06.jpg,.jpg,291194
runs/berkeley_ur5_improvement_v1/CASE-NOK-STRICT/cup/video_audit/geometry_group_01_comparison_frame_07.jpg,.jpg,288339
runs/berkeley_ur5_improvement_v1/CASE-NOK-STRICT/cup/video_audit/geometry_group_01_comparison_frame_08.jpg,.jpg,289050
runs/berkeley_ur5_improvement_v1/CASE-NOK-STRICT/cup/video_audit/geometry_group_01_comparison_frame_09.jpg,.jpg,289605
runs/berkeley_ur5_improvement_v1/CASE-NOK-STRICT/cup/video_audit/geometry_group_02_comparison_all10_corrected.jpg,.jpg,318427
runs/berkeley_ur5_improvement_v1/CASE-NOK-STRICT/cup/video_audit/geometry_group_02_comparison_frame_00.jpg,.jpg,289923
runs/berkeley_ur5_improvement_v1/CASE-NOK-STRICT/cup/video_audit/geometry_group_02_comparison_frame_01.jpg,.jpg,291993
runs/berkeley_ur5_improvement_v1/CASE-NOK-STRICT/cup/video_audit/geometry_group_02_comparison_frame_02.jpg,.jpg,295157
runs/berkeley_ur5_improvement_v1/CASE-NOK-STRICT/cup/video_audit/geometry_group_02_comparison_frame_03.jpg,.jpg,293746
runs/berkeley_ur5_improvement_v1/CASE-NOK-STRICT/cup/video_audit/geometry_group_02_comparison_frame_04.jpg,.jpg,292511
runs/berkeley_ur5_improvement_v1/CASE-NOK-STRICT/cup/video_audit/geometry_group_02_comparison_frame_05.jpg,.jpg,294124
runs/berkeley_ur5_improvement_v1/CASE-NOK-STRICT/cup/video_audit/geometry_group_02_comparison_frame_06.jpg,.jpg,296858
runs/berkeley_ur5_improvement_v1/CASE-NOK-STRICT/cup/video_audit/geometry_group_02_comparison_frame_07.jpg,.jpg,294883
runs/berkeley_ur5_improvement_v1/CASE-NOK-STRICT/cup/video_audit/geometry_group_02_comparison_frame_08.jpg,.jpg,297286
runs/berkeley_ur5_improvement_v1/CASE-NOK-STRICT/cup/video_audit/geometry_group_02_comparison_frame_09.jpg,.jpg,298520
runs/berkeley_ur5_improvement_v1/CASE-NOK-STRICT/queue.json,.json,65
runs/berkeley_ur5_improvement_v1/continuation.json,.json,189
runs/berkeley_ur5_improvement_v1/cup/all24_actual.png,.png,1603898
runs/berkeley_ur5_improvement_v1/cup/all24_one_third.png,.png,2023418
runs/berkeley_ur5_improvement_v1/cup/displacement_one_third_full_3d.npy,.npy,17408
runs/berkeley_ur5_improvement_v1/cup/fixed_3d.png,.png,200898
runs/berkeley_ur5_improvement_v1/cup/fixed_arrays.npz,.npz,7995
runs/berkeley_ur5_improvement_v1/cup/fixed_comparison.mp4,.mp4,1804908
runs/berkeley_ur5_improvement_v1/cup/fixed_contact_sheet.png,.png,3647572
runs/berkeley_ur5_improvement_v1/cup/fixed_error_by_time.png,.png,119545
runs/berkeley_ur5_improvement_v1/cup/fixed_final_overlay.png,.png,1201281
runs/berkeley_ur5_improvement_v1/cup/fixed_full_extent.png,.png,776620
runs/berkeley_ur5_improvement_v1/cup/fixed_render_receipt.json,.json,539
runs/berkeley_ur5_improvement_v1/cup/oracle_3d.png,.png,240382
runs/berkeley_ur5_improvement_v1/cup/oracle_arrays.npz,.npz,11590
runs/berkeley_ur5_improvement_v1/cup/oracle_comparison.mp4,.mp4,1786968
runs/berkeley_ur5_improvement_v1/cup/oracle_contact_sheet.png,.png,3607428
runs/berkeley_ur5_improvement_v1/cup/oracle_error_by_time.png,.png,131503
runs/berkeley_ur5_improvement_v1/cup/oracle_final_overlay.png,.png,1176674
runs/berkeley_ur5_improvement_v1/cup/oracle_full_extent.png,.png,894039
runs/berkeley_ur5_improvement_v1/cup/oracle_render_receipt.json,.json,539
runs/berkeley_ur5_improvement_v1/cup/smoothing_velocity.json,.json,7065
runs/berkeley_ur5_improvement_v1/cup/smoothing_velocity.png,.png,118429
runs/berkeley_ur5_improvement_v1/cup/video_audit/fixed_comparison_all10_corrected.jpg,.jpg,324717
runs/berkeley_ur5_improvement_v1/cup/video_audit/fixed_comparison_frame_00.jpg,.jpg,291645
runs/berkeley_ur5_improvement_v1/cup/video_audit/fixed_comparison_frame_01.jpg,.jpg,293238
runs/berkeley_ur5_improvement_v1/cup/video_audit/fixed_comparison_frame_02.jpg,.jpg,296022
runs/berkeley_ur5_improvement_v1/cup/video_audit/fixed_comparison_frame_03.jpg,.jpg,294198
runs/berkeley_ur5_improvement_v1/cup/video_audit/fixed_comparison_frame_04.jpg,.jpg,292711
runs/berkeley_ur5_improvement_v1/cup/video_audit/fixed_comparison_frame_05.jpg,.jpg,292772
runs/berkeley_ur5_improvement_v1/cup/video_audit/fixed_comparison_frame_06.jpg,.jpg,296316
runs/berkeley_ur5_improvement_v1/cup/video_audit/fixed_comparison_frame_07.jpg,.jpg,297800
runs/berkeley_ur5_improvement_v1/cup/video_audit/fixed_comparison_frame_08.jpg,.jpg,301019
runs/berkeley_ur5_improvement_v1/cup/video_audit/fixed_comparison_frame_09.jpg,.jpg,303404
runs/berkeley_ur5_improvement_v1/cup/video_audit/oracle_comparison_all10_corrected.jpg,.jpg,320291
runs/berkeley_ur5_improvement_v1/cup/video_audit/oracle_comparison_frame_00.jpg,.jpg,289627
runs/berkeley_ur5_improvement_v1/cup/video_audit/oracle_comparison_frame_01.jpg,.jpg,289660
runs/berkeley_ur5_improvement_v1/cup/video_audit/oracle_comparison_frame_02.jpg,.jpg,291962
runs/berkeley_ur5_improvement_v1/cup/video_audit/oracle_comparison_frame_03.jpg,.jpg,290396
runs/berkeley_ur5_improvement_v1/cup/video_audit/oracle_comparison_frame_04.jpg,.jpg,288713
runs/berkeley_ur5_improvement_v1/cup/video_audit/oracle_comparison_frame_05.jpg,.jpg,289813
runs/berkeley_ur5_improvement_v1/cup/video_audit/oracle_comparison_frame_06.jpg,.jpg,292685
runs/berkeley_ur5_improvement_v1/cup/video_audit/oracle_comparison_frame_07.jpg,.jpg,291835
runs/berkeley_ur5_improvement_v1/cup/video_audit/oracle_comparison_frame_08.jpg,.jpg,292890
runs/berkeley_ur5_improvement_v1/cup/video_audit/oracle_comparison_frame_09.jpg,.jpg,294428
runs/berkeley_ur5_improvement_v1/diagnostics_immutability_check.json,.json,163
runs/berkeley_ur5_improvement_v1/final_verification.json,.json,6317
runs/berkeley_ur5_improvement_v1/fixed_immutability_check.json,.json,163
runs/berkeley_ur5_improvement_v1/fixed_summary.json,.json,9194
runs/berkeley_ur5_improvement_v1/interrupted_setup_freeze.json,.json,8173
runs/berkeley_ur5_improvement_v1/oracle_summary.json,.json,10106
runs/berkeley_ur5_improvement_v1/progress_verification.json,.json,6076
runs/berkeley_ur5_improvement_v1/protocol.json,.json,57179
runs/berkeley_ur5_improvement_v1/publication.json,.json,1183
runs/berkeley_ur5_improvement_v1/README.md,.md,11407
runs/berkeley_ur5_improvement_v1/request.txt,.txt,23192
runs/berkeley_ur5_improvement_v1/research_story.md,.md,27487
runs/berkeley_ur5_improvement_v1/sources/auge_config.py,.py,21033
runs/berkeley_ur5_improvement_v1/sources/delta/densetrack3d/models/geometry_utils.py,.py,8189
runs/berkeley_ur5_improvement_v1/sources/delta/densetrack3d/models/model_utils.py,.py,21953
runs/berkeley_ur5_improvement_v1/sources/delta/densetrack3d/models/predictor/predictor.py,.py,9563
runs/berkeley_ur5_improvement_v1/sources/delta/README.md,.md,9128
runs/berkeley_ur5_improvement_v1/sources/delta_tree.json,.json,137727
runs/berkeley_ur5_improvement_v1/sources/kalib_readiness.json,.json,1083
runs/berkeley_ur5_improvement_v1/sources/model_time_contract.json,.json,2517
runs/berkeley_ur5_improvement_v1/sources/official_sources.json,.json,1735
runs/berkeley_ur5_improvement_v1/sources/share_discriminative_affordance_(negative)_task.json,.json,4876731
runs/berkeley_ur5_improvement_v1/sources/share_discriminative_affordance_(positive)_task.json,.json,4190342
runs/berkeley_ur5_improvement_v1/sources/share_exact_frames/episode_10/frame_00.png,.png,424951
runs/berkeley_ur5_improvement_v1/sources/share_exact_frames/episode_10/frame_01.png,.png,425310
runs/berkeley_ur5_improvement_v1/sources/share_exact_frames/episode_10/frame_02.png,.png,425718
runs/berkeley_ur5_improvement_v1/sources/share_exact_frames/episode_10/frame_03.png,.png,423733
runs/berkeley_ur5_improvement_v1/sources/share_exact_frames/episode_10/frame_04.png,.png,425216
runs/berkeley_ur5_improvement_v1/sources/share_exact_frames/episode_10/frame_05.png,.png,452113
runs/berkeley_ur5_improvement_v1/sources/share_exact_frames/episode_10/frame_06.png,.png,451803
runs/berkeley_ur5_improvement_v1/sources/share_exact_frames/episode_10/frame_07.png,.png,450851
runs/berkeley_ur5_improvement_v1/sources/share_exact_frames/episode_10/frame_08.png,.png,451635
runs/berkeley_ur5_improvement_v1/sources/share_exact_frames/episode_10/frame_09.png,.png,450235
runs/berkeley_ur5_improvement_v1/sources/share_exact_frames/episode_10/frame_10.png,.png,455522
runs/berkeley_ur5_improvement_v1/sources/share_exact_frames/episode_10/frame_11.png,.png,454100
runs/berkeley_ur5_improvement_v1/sources/share_exact_frames/episode_10/frame_12.png,.png,453640
runs/berkeley_ur5_improvement_v1/sources/share_exact_frames/episode_10/frame_13.png,.png,454426
runs/berkeley_ur5_improvement_v1/sources/share_exact_frames/episode_10/frame_14.png,.png,453529
runs/berkeley_ur5_improvement_v1/sources/share_exact_frames/episode_10/frame_15.png,.png,453080
runs/berkeley_ur5_improvement_v1/sources/share_exact_frames/episode_10/frame_16.png,.png,451482
runs/berkeley_ur5_improvement_v1/sources/share_exact_frames/episode_10/frame_17.png,.png,448063
runs/berkeley_ur5_improvement_v1/sources/share_exact_frames/episode_10/frame_18.png,.png,443245
runs/berkeley_ur5_improvement_v1/sources/share_exact_frames/episode_10/frame_19.png,.png,440254
runs/berkeley_ur5_improvement_v1/sources/share_exact_frames/episode_10/frame_20.png,.png,441311
runs/berkeley_ur5_improvement_v1/sources/share_exact_frames/episode_10/frame_21.png,.png,439839
runs/berkeley_ur5_improvement_v1/sources/share_exact_frames/episode_10/frame_22.png,.png,438629
runs/berkeley_ur5_improvement_v1/sources/share_exact_frames/episode_10/frame_23.png,.png,437611
runs/berkeley_ur5_improvement_v1/sources/share_exact_frames/episode_10/frame_24.png,.png,436215
runs/berkeley_ur5_improvement_v1/sources/share_exact_frames/episode_10/frame_25.png,.png,438009
runs/berkeley_ur5_improvement_v1/sources/share_exact_frames/episode_10/frame_26.png,.png,437690
runs/berkeley_ur5_improvement_v1/sources/share_exact_frames/episode_10/frame_27.png,.png,436851
runs/berkeley_ur5_improvement_v1/sources/share_exact_frames/episode_10/frame_28.png,.png,435993
runs/berkeley_ur5_improvement_v1/sources/share_exact_frames/episode_10/frame_29.png,.png,435412
runs/berkeley_ur5_improvement_v1/sources/share_exact_frames/episode_9/frame_00.png,.png,450858
runs/berkeley_ur5_improvement_v1/sources/share_exact_frames/episode_9/frame_01.png,.png,451242
runs/berkeley_ur5_improvement_v1/sources/share_exact_frames/episode_9/frame_02.png,.png,448699
runs/berkeley_ur5_improvement_v1/sources/share_exact_frames/episode_9/frame_03.png,.png,447827
runs/berkeley_ur5_improvement_v1/sources/share_exact_frames/episode_9/frame_04.png,.png,449172
runs/berkeley_ur5_improvement_v1/sources/share_exact_frames/episode_9/frame_05.png,.png,458275
runs/berkeley_ur5_improvement_v1/sources/share_exact_frames/episode_9/frame_06.png,.png,459838
runs/berkeley_ur5_improvement_v1/sources/share_exact_frames/episode_9/frame_07.png,.png,459871
runs/berkeley_ur5_improvement_v1/sources/share_exact_frames/episode_9/frame_08.png,.png,453409
runs/berkeley_ur5_improvement_v1/sources/share_exact_frames/episode_9/frame_09.png,.png,450167
runs/berkeley_ur5_improvement_v1/sources/share_exact_frames/episode_9/frame_10.png,.png,450459
runs/berkeley_ur5_improvement_v1/sources/share_exact_frames/episode_9/frame_11.png,.png,450653
runs/berkeley_ur5_improvement_v1/sources/share_exact_frames/episode_9/frame_12.png,.png,451918
runs/berkeley_ur5_improvement_v1/sources/share_exact_frames/episode_9/frame_13.png,.png,451660
runs/berkeley_ur5_improvement_v1/sources/share_exact_frames/episode_9/frame_14.png,.png,452244
runs/berkeley_ur5_improvement_v1/sources/share_exact_frames/episode_9/frame_15.png,.png,453802
runs/berkeley_ur5_improvement_v1/sources/share_exact_frames/episode_9/frame_16.png,.png,452869
runs/berkeley_ur5_improvement_v1/sources/share_exact_frames/episode_9/frame_17.png,.png,452298
runs/berkeley_ur5_improvement_v1/sources/share_exact_frames/episode_9/frame_18.png,.png,451103
runs/berkeley_ur5_improvement_v1/sources/share_exact_frames/episode_9/frame_19.png,.png,447834
runs/berkeley_ur5_improvement_v1/sources/share_exact_frames/episode_9/frame_20.png,.png,445324
runs/berkeley_ur5_improvement_v1/sources/share_exact_frames/episode_9/frame_21.png,.png,446784
runs/berkeley_ur5_improvement_v1/sources/share_exact_frames/episode_9/frame_22.png,.png,448811
runs/berkeley_ur5_improvement_v1/sources/share_exact_frames/episode_9/frame_23.png,.png,445229
runs/berkeley_ur5_improvement_v1/sources/share_exact_frames/episode_9/frame_24.png,.png,445212
runs/berkeley_ur5_improvement_v1/sources/share_exact_frames/episode_9/frame_25.png,.png,444006
runs/berkeley_ur5_improvement_v1/sources/share_exact_frames/episode_9/frame_26.png,.png,443154
runs/berkeley_ur5_improvement_v1/sources/share_exact_frames/episode_9/frame_27.png,.png,444190
runs/berkeley_ur5_improvement_v1/sources/share_exact_frames/episode_9/frame_28.png,.png,442317
runs/berkeley_ur5_improvement_v1/sources/share_exact_frames/episode_9/frame_29.png,.png,445707
runs/berkeley_ur5_improvement_v1/sources/share_extract_ah_0.json,.json,31900
runs/berkeley_ur5_improvement_v1/sources/share_future_prediction_task.json,.json,4233999
runs/berkeley_ur5_improvement_v1/sources/share_generative_affordance_task.json,.json,4197691
runs/berkeley_ur5_improvement_v1/sources/share_native_pixel_pairs_bottle.png,.png,1026124
runs/berkeley_ur5_improvement_v1/sources/share_native_pixel_pairs_cup.png,.png,1006440
runs/berkeley_ur5_improvement_v1/sources/share_past_description_task.json,.json,4801143
runs/berkeley_ur5_improvement_v1/sources/share_planning_remaining_steps_task.json,.json,4509775
runs/berkeley_ur5_improvement_v1/sources/share_planning_task.json,.json,4208138
runs/berkeley_ur5_improvement_v1/sources/share_planning_with_context_task.json,.json,4409385
runs/berkeley_ur5_improvement_v1/sources/share_range_names_0_aa_cl.json,.json,242775
runs/berkeley_ur5_improvement_v1/sources/share_range_names_0_ab_cl.json,.json,9154
runs/berkeley_ur5_improvement_v1/sources/share_success_(negative)_task.json,.json,4117100
runs/berkeley_ur5_improvement_v1/sources/share_success_(positive)_task.json,.json,4769597
runs/berkeley_ur5_improvement_v1/sources/share_trajectory.json,.json,111617
runs/berkeley_ur5_improvement_v1/sources/sharerobot_archive_headers.json,.json,4831
runs/berkeley_ur5_improvement_v1/sources/sharerobot_manifest_search.json,.json,1576
runs/berkeley_ur5_improvement_v1/sources/sharerobot_mapping_probe.json,.json,12957
runs/berkeley_ur5_improvement_v1/sources/sharerobot_metadata.json,.json,1511145
runs/berkeley_ur5_improvement_v1/sources/sharerobot_mirror_audit.json,.json,30667
runs/berkeley_ur5_improvement_v1/sources/sharerobot_pixel_mapping.json,.json,30308
runs/berkeley_ur5_improvement_v1/sources/sharerobot_search_scope.json,.json,798
runs/berkeley_ur5_improvement_v1/sources/sharerobot_viewer_probe.json,.json,144157
runs/berkeley_ur5_improvement_v1/summary.json,.json,71020
runs/berkeley_ur5_improvement_v1/summary.md,.md,3578
runs/berkeley_ur5_improvement_v1/tests_receipt.json,.json,600
runs/berkeley_ur5_improvement_v1/visual_review.json,.json,1915
runs/berkeley_ur5_improvement_v1/visual_review_final.json,.json,3998
runs/berkeley_ur5_improvement_v1/visual_review_stage2.json,.json,2231
runs/berkeley_ur5_improvement_v1/work_plan.md,.md,3696
runs/berkeley_ur5_molmomotion/.gitattributes,,9
runs/berkeley_ur5_molmomotion/analysis_protocol.json,.json,1347
runs/berkeley_ur5_molmomotion/bottle/evaluation/alltracker_execution.json,.json,870
runs/berkeley_ur5_molmomotion/bottle/evaluation/error_by_horizon.csv,.csv,747
runs/berkeley_ur5_molmomotion/bottle/evaluation/evaluation_results.npz,.npz,20618
runs/berkeley_ur5_molmomotion/bottle/evaluation/evaluation_tracks_2d.npz,.npz,5385
runs/berkeley_ur5_molmomotion/bottle/evaluation/frame_000048.png,.png,323203
runs/berkeley_ur5_molmomotion/bottle/evaluation/frame_000049.png,.png,322490
runs/berkeley_ur5_molmomotion/bottle/evaluation/frame_000050.png,.png,323208
runs/berkeley_ur5_molmomotion/bottle/evaluation/frame_000051.png,.png,319608
runs/berkeley_ur5_molmomotion/bottle/evaluation/frame_000052.png,.png,320398
runs/berkeley_ur5_molmomotion/bottle/evaluation/frame_000053.png,.png,320051
runs/berkeley_ur5_molmomotion/bottle/evaluation/frame_000054.png,.png,320638
runs/berkeley_ur5_molmomotion/bottle/evaluation/frame_000055.png,.png,318487
runs/berkeley_ur5_molmomotion/bottle/evaluation/frame_000056.png,.png,319653
runs/berkeley_ur5_molmomotion/bottle/evaluation/frame_000057.png,.png,316312
runs/berkeley_ur5_molmomotion/bottle/evaluation/future_rgb.npy,.npy,9216128
runs/berkeley_ur5_molmomotion/bottle/evaluation/ground_truth_3d_est.npz,.npz,5094
runs/berkeley_ur5_molmomotion/bottle/evaluation/native_depth_future.npy,.npy,12288128
runs/berkeley_ur5_molmomotion/bottle/evaluation/native_depth_metadata.json,.json,1215
runs/berkeley_ur5_molmomotion/bottle/evaluation/prediction_freeze.json,.json,9769
runs/berkeley_ur5_molmomotion/bottle/evaluation/source_frames.json,.json,1530
runs/berkeley_ur5_molmomotion/bottle/evaluation/source_indices.npy,.npy,208
runs/berkeley_ur5_molmomotion/bottle/evaluation/timestamps.npy,.npy,168
runs/berkeley_ur5_molmomotion/bottle/evaluation/video_audit.json,.json,447
runs/berkeley_ur5_molmomotion/bottle/evaluation/video_audit.png,.png,2543953
runs/berkeley_ur5_molmomotion/bottle/geometry/camera_motion_audit.json,.json,2641
runs/berkeley_ur5_molmomotion/bottle/geometry/camera_poses.npy,.npy,640
runs/berkeley_ur5_molmomotion/bottle/geometry/depth_observed.npy,.npy,9830528
runs/berkeley_ur5_molmomotion/bottle/geometry/depth_source.json,.json,986
runs/berkeley_ur5_molmomotion/bottle/geometry/filter_diagnostics.npz,.npz,6097
runs/berkeley_ur5_molmomotion/bottle/geometry/filter_metadata.json,.json,1802
runs/berkeley_ur5_molmomotion/bottle/geometry/input_audit.json,.json,1177
runs/berkeley_ur5_molmomotion/bottle/geometry/intrinsics_stability.json,.json,1650
runs/berkeley_ur5_molmomotion/bottle/geometry/K_median.npy,.npy,164
runs/berkeley_ur5_molmomotion/bottle/geometry/K_per_frame.npy,.npy,416
runs/berkeley_ur5_molmomotion/bottle/geometry/points_3d_filtered.npy,.npy,9728
runs/berkeley_ur5_molmomotion/bottle/geometry/points_3d_raw.npy,.npy,9728
runs/berkeley_ur5_molmomotion/bottle/geometry/unidepth_confidence_observed.npy,.npy,9830528
runs/berkeley_ur5_molmomotion/bottle/geometry/unidepth_depth_observed.npy,.npy,9830528
runs/berkeley_ur5_molmomotion/bottle/geometry/visual_input_audit.json,.json,735
runs/berkeley_ur5_molmomotion/bottle/groups/group_00/metadata.json,.json,332
runs/berkeley_ur5_molmomotion/bottle/groups/group_00/point_ids.npy,.npy,192
runs/berkeley_ur5_molmomotion/bottle/groups/group_00/points_2d_at_t0.npy,.npy,192
runs/berkeley_ur5_molmomotion/bottle/groups/group_00/points_2d_at_t0.pt,.pt,1697
runs/berkeley_ur5_molmomotion/bottle/groups/group_00/points_3d_history.npy,.npy,416
runs/berkeley_ur5_molmomotion/bottle/groups/group_00/points_3d_history.pt,.pt,1903
runs/berkeley_ur5_molmomotion/bottle/groups/group_01/metadata.json,.json,333
runs/berkeley_ur5_molmomotion/bottle/groups/group_01/point_ids.npy,.npy,192
runs/berkeley_ur5_molmomotion/bottle/groups/group_01/points_2d_at_t0.npy,.npy,192
runs/berkeley_ur5_molmomotion/bottle/groups/group_01/points_2d_at_t0.pt,.pt,1697
runs/berkeley_ur5_molmomotion/bottle/groups/group_01/points_3d_history.npy,.npy,416
runs/berkeley_ur5_molmomotion/bottle/groups/group_01/points_3d_history.pt,.pt,1903
runs/berkeley_ur5_molmomotion/bottle/groups/group_02/metadata.json,.json,333
runs/berkeley_ur5_molmomotion/bottle/groups/group_02/point_ids.npy,.npy,192
runs/berkeley_ur5_molmomotion/bottle/groups/group_02/points_2d_at_t0.npy,.npy,192
runs/berkeley_ur5_molmomotion/bottle/groups/group_02/points_2d_at_t0.pt,.pt,1697
runs/berkeley_ur5_molmomotion/bottle/groups/group_02/points_3d_history.npy,.npy,416
runs/berkeley_ur5_molmomotion/bottle/groups/group_02/points_3d_history.pt,.pt,1903
runs/berkeley_ur5_molmomotion/bottle/metadata.json,.json,2417
runs/berkeley_ur5_molmomotion/bottle/metrics.json,.json,24608
runs/berkeley_ur5_molmomotion/bottle/observed/alltracker_execution.json,.json,593
runs/berkeley_ur5_molmomotion/bottle/observed/frame_000040.png,.png,324931
runs/berkeley_ur5_molmomotion/bottle/observed/frame_000041.png,.png,323935
runs/berkeley_ur5_molmomotion/bottle/observed/frame_000042.png,.png,323856
runs/berkeley_ur5_molmomotion/bottle/observed/frame_000043.png,.png,323947
runs/berkeley_ur5_molmomotion/bottle/observed/frame_000044.png,.png,318765
runs/berkeley_ur5_molmomotion/bottle/observed/frame_000045.png,.png,319306
runs/berkeley_ur5_molmomotion/bottle/observed/frame_000046.png,.png,319875
runs/berkeley_ur5_molmomotion/bottle/observed/frame_000047.png,.png,318259
runs/berkeley_ur5_molmomotion/bottle/observed/frame_t+0.png,.png,393076
runs/berkeley_ur5_molmomotion/bottle/observed/frame_t-1.png,.png,398007
runs/berkeley_ur5_molmomotion/bottle/observed/frame_t-2.png,.png,391151
runs/berkeley_ur5_molmomotion/bottle/observed/grounding_metadata.json,.json,1602
runs/berkeley_ur5_molmomotion/bottle/observed/history_rgb.npy,.npy,2764928
runs/berkeley_ur5_molmomotion/bottle/observed/history_source_indices.npy,.npy,152
runs/berkeley_ur5_molmomotion/bottle/observed/history_timestamps.npy,.npy,140
runs/berkeley_ur5_molmomotion/bottle/observed/mask.png,.png,1535
runs/berkeley_ur5_molmomotion/bottle/observed/mask_overlay.png,.png,392887
runs/berkeley_ur5_molmomotion/bottle/observed/molmopoint_generated_token_ids.npy,.npy,344
runs/berkeley_ur5_molmomotion/bottle/observed/molmopoint_grounding.json,.json,3407
runs/berkeley_ur5_molmomotion/bottle/observed/molmopoint_input_ids.npy,.npy,6440
runs/berkeley_ur5_molmomotion/bottle/observed/molmopoint_overlay.png,.png,395180
runs/berkeley_ur5_molmomotion/bottle/observed/molmopoint_preparation.json,.json,1155
runs/berkeley_ur5_molmomotion/bottle/observed/molmopoint_raw_output.txt,.txt,136
runs/berkeley_ur5_molmomotion/bottle/observed/molmopoint_t0.png,.png,393076
runs/berkeley_ur5_molmomotion/bottle/observed/native_depth.npy,.npy,9830528
runs/berkeley_ur5_molmomotion/bottle/observed/native_depth_metadata.json,.json,1765
runs/berkeley_ur5_molmomotion/bottle/observed/observed_tracks_2d.npz,.npz,10505
runs/berkeley_ur5_molmomotion/bottle/observed/points_2d_history.npy,.npy,704
runs/berkeley_ur5_molmomotion/bottle/observed/points_3d_history.npy,.npy,992
runs/berkeley_ur5_molmomotion/bottle/observed/query_in_mask.npy,.npy,228
runs/berkeley_ur5_molmomotion/bottle/observed/query_points_100.npy,.npy,928
runs/berkeley_ur5_molmomotion/bottle/observed/rgb.npy,.npy,7372928
runs/berkeley_ur5_molmomotion/bottle/observed/sam_candidates.npz,.npz,291963
runs/berkeley_ur5_molmomotion/bottle/observed/selected_point_ids.npy,.npy,320
runs/berkeley_ur5_molmomotion/bottle/observed/source_frames.json,.json,1225
runs/berkeley_ur5_molmomotion/bottle/observed/source_indices.npy,.npy,192
runs/berkeley_ur5_molmomotion/bottle/observed/timestamps.npy,.npy,160
runs/berkeley_ur5_molmomotion/bottle/predictions/future_3d.npy,.npy,8768
runs/berkeley_ur5_molmomotion/bottle/predictions/group_00/future_3d.npy,.npy,3008
runs/berkeley_ur5_molmomotion/bottle/predictions/group_00/model_run.json,.json,1218
runs/berkeley_ur5_molmomotion/bottle/predictions/group_00/prediction.npz,.npz,2442
runs/berkeley_ur5_molmomotion/bottle/predictions/group_00/processor_inputs.pt,.pt,1325894
runs/berkeley_ur5_molmomotion/bottle/predictions/group_00/raw_model_output.txt,.txt,3514
runs/berkeley_ur5_molmomotion/bottle/predictions/group_01/future_3d.npy,.npy,3008
runs/berkeley_ur5_molmomotion/bottle/predictions/group_01/model_run.json,.json,1219
runs/berkeley_ur5_molmomotion/bottle/predictions/group_01/prediction.npz,.npz,2313
runs/berkeley_ur5_molmomotion/bottle/predictions/group_01/processor_inputs.pt,.pt,1325638
runs/berkeley_ur5_molmomotion/bottle/predictions/group_01/raw_model_output.txt,.txt,3345
runs/berkeley_ur5_molmomotion/bottle/predictions/group_02/future_3d.npy,.npy,3008
runs/berkeley_ur5_molmomotion/bottle/predictions/group_02/model_run.json,.json,1219
runs/berkeley_ur5_molmomotion/bottle/predictions/group_02/prediction.npz,.npz,2373
runs/berkeley_ur5_molmomotion/bottle/predictions/group_02/processor_inputs.pt,.pt,1325638
runs/berkeley_ur5_molmomotion/bottle/predictions/group_02/raw_model_output.txt,.txt,3445
runs/berkeley_ur5_molmomotion/bottle/predictions/input_freeze.json,.json,8122
runs/berkeley_ur5_molmomotion/bottle/predictions/model_run.json,.json,5059
runs/berkeley_ur5_molmomotion/bottle/predictions/prediction.npz,.npz,6164
runs/berkeley_ur5_molmomotion/bottle/viz/depth_t0.png,.png,418060
runs/berkeley_ur5_molmomotion/bottle/viz/error_by_time.png,.png,98115
runs/berkeley_ur5_molmomotion/bottle/viz/final_overlay_t0.png,.png,432796
runs/berkeley_ur5_molmomotion/bottle/viz/history_contact_sheet.png,.png,1209970
runs/berkeley_ur5_molmomotion/bottle/viz/intrinsics_stability.json,.json,1650
runs/berkeley_ur5_molmomotion/bottle/viz/intrinsics_stability.png,.png,126531
runs/berkeley_ur5_molmomotion/bottle/viz/mask_and_100_queries.png,.png,396189
runs/berkeley_ur5_molmomotion/bottle/viz/pred_vs_gt_2d.mp4,.mp4,659537
runs/berkeley_ur5_molmomotion/bottle/viz/selected_24_points.png,.png,404207
runs/berkeley_ur5_molmomotion/bottle/viz/side_by_side.mp4,.mp4,1236721
runs/berkeley_ur5_molmomotion/bottle/viz/trajectory_2d_full_extent.png,.png,1192320
runs/berkeley_ur5_molmomotion/bottle/viz/trajectory_3d.png,.png,370931
runs/berkeley_ur5_molmomotion/bottle/viz/visibility_coverage.png,.png,51492
runs/berkeley_ur5_molmomotion/bottle/viz/visualization_manifest.json,.json,598
runs/berkeley_ur5_molmomotion/cup/evaluation/alltracker_execution.json,.json,869
runs/berkeley_ur5_molmomotion/cup/evaluation/error_by_horizon.csv,.csv,744
runs/berkeley_ur5_molmomotion/cup/evaluation/evaluation_results.npz,.npz,19532
runs/berkeley_ur5_molmomotion/cup/evaluation/evaluation_tracks_2d.npz,.npz,5297
runs/berkeley_ur5_molmomotion/cup/evaluation/frame_000064.png,.png,323088
runs/berkeley_ur5_molmomotion/cup/evaluation/frame_000065.png,.png,320732
runs/berkeley_ur5_molmomotion/cup/evaluation/frame_000066.png,.png,320985
runs/berkeley_ur5_molmomotion/cup/evaluation/frame_000067.png,.png,317245
runs/berkeley_ur5_molmomotion/cup/evaluation/frame_000068.png,.png,313506
runs/berkeley_ur5_molmomotion/cup/evaluation/frame_000069.png,.png,310650
runs/berkeley_ur5_molmomotion/cup/evaluation/frame_000070.png,.png,311779
runs/berkeley_ur5_molmomotion/cup/evaluation/frame_000071.png,.png,308653
runs/berkeley_ur5_molmomotion/cup/evaluation/frame_000072.png,.png,306085
runs/berkeley_ur5_molmomotion/cup/evaluation/frame_000073.png,.png,305664
runs/berkeley_ur5_molmomotion/cup/evaluation/future_rgb.npy,.npy,9216128
runs/berkeley_ur5_molmomotion/cup/evaluation/ground_truth_3d_est.npz,.npz,5213
runs/berkeley_ur5_molmomotion/cup/evaluation/native_depth_future.npy,.npy,12288128
runs/berkeley_ur5_molmomotion/cup/evaluation/native_depth_metadata.json,.json,1216
runs/berkeley_ur5_molmomotion/cup/evaluation/prediction_freeze.json,.json,9769
runs/berkeley_ur5_molmomotion/cup/evaluation/source_frames.json,.json,1535
runs/berkeley_ur5_molmomotion/cup/evaluation/source_indices.npy,.npy,208
runs/berkeley_ur5_molmomotion/cup/evaluation/timestamps.npy,.npy,168
runs/berkeley_ur5_molmomotion/cup/evaluation/video_audit.json,.json,441
runs/berkeley_ur5_molmomotion/cup/evaluation/video_audit.png,.png,2472428
runs/berkeley_ur5_molmomotion/cup/geometry/camera_motion_audit.json,.json,2628
runs/berkeley_ur5_molmomotion/cup/geometry/camera_poses.npy,.npy,640
runs/berkeley_ur5_molmomotion/cup/geometry/depth_observed.npy,.npy,9830528
runs/berkeley_ur5_molmomotion/cup/geometry/depth_source.json,.json,986
runs/berkeley_ur5_molmomotion/cup/geometry/filter_diagnostics.npz,.npz,6332
runs/berkeley_ur5_molmomotion/cup/geometry/filter_metadata.json,.json,1800
runs/berkeley_ur5_molmomotion/cup/geometry/input_audit.json,.json,1179
runs/berkeley_ur5_molmomotion/cup/geometry/intrinsics_stability.json,.json,1601
runs/berkeley_ur5_molmomotion/cup/geometry/K_median.npy,.npy,164
runs/berkeley_ur5_molmomotion/cup/geometry/K_per_frame.npy,.npy,416
runs/berkeley_ur5_molmomotion/cup/geometry/points_3d_filtered.npy,.npy,9728
runs/berkeley_ur5_molmomotion/cup/geometry/points_3d_raw.npy,.npy,9728
runs/berkeley_ur5_molmomotion/cup/geometry/unidepth_confidence_observed.npy,.npy,9830528
runs/berkeley_ur5_molmomotion/cup/geometry/unidepth_depth_observed.npy,.npy,9830528
runs/berkeley_ur5_molmomotion/cup/geometry/visual_input_audit.json,.json,735
runs/berkeley_ur5_molmomotion/cup/groups/group_00/metadata.json,.json,333
runs/berkeley_ur5_molmomotion/cup/groups/group_00/point_ids.npy,.npy,192
runs/berkeley_ur5_molmomotion/cup/groups/group_00/points_2d_at_t0.npy,.npy,192
runs/berkeley_ur5_molmomotion/cup/groups/group_00/points_2d_at_t0.pt,.pt,1697
runs/berkeley_ur5_molmomotion/cup/groups/group_00/points_3d_history.npy,.npy,416
runs/berkeley_ur5_molmomotion/cup/groups/group_00/points_3d_history.pt,.pt,1903
runs/berkeley_ur5_molmomotion/cup/groups/group_01/metadata.json,.json,333
runs/berkeley_ur5_molmomotion/cup/groups/group_01/point_ids.npy,.npy,192
runs/berkeley_ur5_molmomotion/cup/groups/group_01/points_2d_at_t0.npy,.npy,192
runs/berkeley_ur5_molmomotion/cup/groups/group_01/points_2d_at_t0.pt,.pt,1697
runs/berkeley_ur5_molmomotion/cup/groups/group_01/points_3d_history.npy,.npy,416
runs/berkeley_ur5_molmomotion/cup/groups/group_01/points_3d_history.pt,.pt,1903
runs/berkeley_ur5_molmomotion/cup/groups/group_02/metadata.json,.json,333
runs/berkeley_ur5_molmomotion/cup/groups/group_02/point_ids.npy,.npy,192
runs/berkeley_ur5_molmomotion/cup/groups/group_02/points_2d_at_t0.npy,.npy,192
runs/berkeley_ur5_molmomotion/cup/groups/group_02/points_2d_at_t0.pt,.pt,1697
runs/berkeley_ur5_molmomotion/cup/groups/group_02/points_3d_history.npy,.npy,416
runs/berkeley_ur5_molmomotion/cup/groups/group_02/points_3d_history.pt,.pt,1903
runs/berkeley_ur5_molmomotion/cup/metadata.json,.json,2501
runs/berkeley_ur5_molmomotion/cup/metrics.json,.json,24575
runs/berkeley_ur5_molmomotion/cup/observed/alltracker_execution.json,.json,592
runs/berkeley_ur5_molmomotion/cup/observed/frame_000056.png,.png,322404
runs/berkeley_ur5_molmomotion/cup/observed/frame_000057.png,.png,321497
runs/berkeley_ur5_molmomotion/cup/observed/frame_000058.png,.png,322645
runs/berkeley_ur5_molmomotion/cup/observed/frame_000059.png,.png,321191
runs/berkeley_ur5_molmomotion/cup/observed/frame_000060.png,.png,322351
runs/berkeley_ur5_molmomotion/cup/observed/frame_000061.png,.png,319777
runs/berkeley_ur5_molmomotion/cup/observed/frame_000062.png,.png,323679
runs/berkeley_ur5_molmomotion/cup/observed/frame_000063.png,.png,323906
runs/berkeley_ur5_molmomotion/cup/observed/frame_t+0.png,.png,400668
runs/berkeley_ur5_molmomotion/cup/observed/frame_t-1.png,.png,403153
runs/berkeley_ur5_molmomotion/cup/observed/frame_t-2.png,.png,395587
runs/berkeley_ur5_molmomotion/cup/observed/grounding_metadata.json,.json,1585
runs/berkeley_ur5_molmomotion/cup/observed/history_rgb.npy,.npy,2764928
runs/berkeley_ur5_molmomotion/cup/observed/history_source_indices.npy,.npy,152
runs/berkeley_ur5_molmomotion/cup/observed/history_timestamps.npy,.npy,140
runs/berkeley_ur5_molmomotion/cup/observed/mask.png,.png,1581
runs/berkeley_ur5_molmomotion/cup/observed/mask_overlay.png,.png,399993
runs/berkeley_ur5_molmomotion/cup/observed/molmopoint_generated_token_ids.npy,.npy,336
runs/berkeley_ur5_molmomotion/cup/observed/molmopoint_grounding.json,.json,3388
runs/berkeley_ur5_molmomotion/cup/observed/molmopoint_input_ids.npy,.npy,6440
runs/berkeley_ur5_molmomotion/cup/observed/molmopoint_overlay.png,.png,402011
runs/berkeley_ur5_molmomotion/cup/observed/molmopoint_preparation.json,.json,1144
runs/berkeley_ur5_molmomotion/cup/observed/molmopoint_raw_output.txt,.txt,132
runs/berkeley_ur5_molmomotion/cup/observed/molmopoint_t0.png,.png,400668
runs/berkeley_ur5_molmomotion/cup/observed/native_depth.npy,.npy,9830528
runs/berkeley_ur5_molmomotion/cup/observed/native_depth_metadata.json,.json,1741
runs/berkeley_ur5_molmomotion/cup/observed/observed_tracks_2d.npz,.npz,10180
runs/berkeley_ur5_molmomotion/cup/observed/points_2d_history.npy,.npy,704
runs/berkeley_ur5_molmomotion/cup/observed/points_3d_history.npy,.npy,992
runs/berkeley_ur5_molmomotion/cup/observed/query_in_mask.npy,.npy,228
runs/berkeley_ur5_molmomotion/cup/observed/query_points_100.npy,.npy,928
runs/berkeley_ur5_molmomotion/cup/observed/rgb.npy,.npy,7372928
runs/berkeley_ur5_molmomotion/cup/observed/sam_candidates.npz,.npz,273408
runs/berkeley_ur5_molmomotion/cup/observed/selected_point_ids.npy,.npy,320
runs/berkeley_ur5_molmomotion/cup/observed/source_frames.json,.json,1263
runs/berkeley_ur5_molmomotion/cup/observed/source_indices.npy,.npy,192
runs/berkeley_ur5_molmomotion/cup/observed/timestamps.npy,.npy,160
runs/berkeley_ur5_molmomotion/cup/predictions/future_3d.npy,.npy,8768
runs/berkeley_ur5_molmomotion/cup/predictions/group_00/future_3d.npy,.npy,3008
runs/berkeley_ur5_molmomotion/cup/predictions/group_00/model_run.json,.json,1220
runs/berkeley_ur5_molmomotion/cup/predictions/group_00/prediction.npz,.npz,2520
runs/berkeley_ur5_molmomotion/cup/predictions/group_00/processor_inputs.pt,.pt,1325894
runs/berkeley_ur5_molmomotion/cup/predictions/group_00/raw_model_output.txt,.txt,3449
runs/berkeley_ur5_molmomotion/cup/predictions/group_01/future_3d.npy,.npy,3008
runs/berkeley_ur5_molmomotion/cup/predictions/group_01/model_run.json,.json,1214
runs/berkeley_ur5_molmomotion/cup/predictions/group_01/prediction.npz,.npz,1171
runs/berkeley_ur5_molmomotion/cup/predictions/group_01/processor_inputs.pt,.pt,1325894
runs/berkeley_ur5_molmomotion/cup/predictions/group_01/raw_model_output.txt,.txt,3338
runs/berkeley_ur5_molmomotion/cup/predictions/group_02/future_3d.npy,.npy,3008
runs/berkeley_ur5_molmomotion/cup/predictions/group_02/model_run.json,.json,1218
runs/berkeley_ur5_molmomotion/cup/predictions/group_02/prediction.npz,.npz,2593
runs/berkeley_ur5_molmomotion/cup/predictions/group_02/processor_inputs.pt,.pt,1325638
runs/berkeley_ur5_molmomotion/cup/predictions/group_02/raw_model_output.txt,.txt,3589
runs/berkeley_ur5_molmomotion/cup/predictions/input_freeze.json,.json,8173
runs/berkeley_ur5_molmomotion/cup/predictions/model_run.json,.json,5072
runs/berkeley_ur5_molmomotion/cup/predictions/prediction.npz,.npz,5397
runs/berkeley_ur5_molmomotion/cup/viz/depth_t0.png,.png,408174
runs/berkeley_ur5_molmomotion/cup/viz/error_by_time.png,.png,92841
runs/berkeley_ur5_molmomotion/cup/viz/final_overlay_t0.png,.png,432065
runs/berkeley_ur5_molmomotion/cup/viz/history_contact_sheet.png,.png,1222705
runs/berkeley_ur5_molmomotion/cup/viz/intrinsics_stability.json,.json,1601
runs/berkeley_ur5_molmomotion/cup/viz/intrinsics_stability.png,.png,101988
runs/berkeley_ur5_molmomotion/cup/viz/mask_and_100_queries.png,.png,404063
runs/berkeley_ur5_molmomotion/cup/viz/pred_vs_gt_2d.mp4,.mp4,613645
runs/berkeley_ur5_molmomotion/cup/viz/selected_24_points.png,.png,410213
runs/berkeley_ur5_molmomotion/cup/viz/side_by_side.mp4,.mp4,1162986
runs/berkeley_ur5_molmomotion/cup/viz/trajectory_2d_full_extent.png,.png,1008519
runs/berkeley_ur5_molmomotion/cup/viz/trajectory_3d.png,.png,374347
runs/berkeley_ur5_molmomotion/cup/viz/visibility_coverage.png,.png,51872
runs/berkeley_ur5_molmomotion/cup/viz/visualization_manifest.json,.json,600
runs/berkeley_ur5_molmomotion/gpu_queue.json,.json,235
runs/berkeley_ur5_molmomotion/grounding_availability.json,.json,1389
runs/berkeley_ur5_molmomotion/grounding_download_receipt.json,.json,1347
runs/berkeley_ur5_molmomotion/main_environment_versions.json,.json,473
runs/berkeley_ur5_molmomotion/README.md,.md,2991
runs/berkeley_ur5_molmomotion/request.txt,.txt,19660
runs/berkeley_ur5_molmomotion/research_story.md,.md,46120
runs/berkeley_ur5_molmomotion/runtime_environment_notes.json,.json,998
runs/berkeley_ur5_molmomotion/sam2_setup_receipt.json,.json,671
runs/berkeley_ur5_molmomotion/sources/candidate_000002.jpg,.jpg,282591
runs/berkeley_ur5_molmomotion/sources/candidate_000004.jpg,.jpg,263491
runs/berkeley_ur5_molmomotion/sources/candidate_000005.jpg,.jpg,278600
runs/berkeley_ur5_molmomotion/sources/candidate_000006.jpg,.jpg,282339
runs/berkeley_ur5_molmomotion/sources/candidate_000007.jpg,.jpg,271662
runs/berkeley_ur5_molmomotion/sources/candidate_000009.jpg,.jpg,278683
runs/berkeley_ur5_molmomotion/sources/candidate_000010.jpg,.jpg,277535
runs/berkeley_ur5_molmomotion/sources/candidate_000012.jpg,.jpg,282051
runs/berkeley_ur5_molmomotion/sources/candidate_gripper_events.json,.json,19163
runs/berkeley_ur5_molmomotion/sources/candidates_all.json,.json,69798
runs/berkeley_ur5_molmomotion/sources/capture_source/receipt.json,.json,14820
runs/berkeley_ur5_molmomotion/sources/capture_source/ur5/robot_env.py,.py,82601
runs/berkeley_ur5_molmomotion/sources/data/chunk-000/episode_000002.parquet,.parquet,10518
runs/berkeley_ur5_molmomotion/sources/data/chunk-000/episode_000004.parquet,.parquet,13714
runs/berkeley_ur5_molmomotion/sources/data/chunk-000/episode_000005.parquet,.parquet,12197
runs/berkeley_ur5_molmomotion/sources/data/chunk-000/episode_000006.parquet,.parquet,13013
runs/berkeley_ur5_molmomotion/sources/data/chunk-000/episode_000007.parquet,.parquet,13251
runs/berkeley_ur5_molmomotion/sources/data/chunk-000/episode_000009.parquet,.parquet,11786
runs/berkeley_ur5_molmomotion/sources/data/chunk-000/episode_000010.parquet,.parquet,12955
runs/berkeley_ur5_molmomotion/sources/data/chunk-000/episode_000012.parquet,.parquet,12824
runs/berkeley_ur5_molmomotion/sources/detailed_000009.jpg,.jpg,279686
runs/berkeley_ur5_molmomotion/sources/detailed_000010.jpg,.jpg,275909
runs/berkeley_ur5_molmomotion/sources/detailed_states.json,.json,23580
runs/berkeley_ur5_molmomotion/sources/episode_000009_frames/frame_000034.png,.png,320731
runs/berkeley_ur5_molmomotion/sources/episode_000009_frames/frame_000035.png,.png,320257
runs/berkeley_ur5_molmomotion/sources/episode_000009_frames/frame_000036.png,.png,321977
runs/berkeley_ur5_molmomotion/sources/episode_000009_frames/frame_000037.png,.png,320290
runs/berkeley_ur5_molmomotion/sources/episode_000009_frames/frame_000038.png,.png,323088
runs/berkeley_ur5_molmomotion/sources/episode_000009_frames/frame_000039.png,.png,322367
runs/berkeley_ur5_molmomotion/sources/episode_000009_frames/frame_000040.png,.png,324931
runs/berkeley_ur5_molmomotion/sources/episode_000009_frames/frame_000041.png,.png,323935
runs/berkeley_ur5_molmomotion/sources/episode_000009_frames/frame_000042.png,.png,323856
runs/berkeley_ur5_molmomotion/sources/episode_000009_frames/frame_000043.png,.png,323947
runs/berkeley_ur5_molmomotion/sources/episode_000009_frames/frame_000044.png,.png,318765
runs/berkeley_ur5_molmomotion/sources/episode_000009_frames/frame_000045.png,.png,319306
runs/berkeley_ur5_molmomotion/sources/episode_000009_frames/frame_000046.png,.png,319875
runs/berkeley_ur5_molmomotion/sources/episode_000009_frames/frame_000047.png,.png,318259
runs/berkeley_ur5_molmomotion/sources/episode_000009_frames/frame_000048.png,.png,323203
runs/berkeley_ur5_molmomotion/sources/episode_000009_frames/frame_000049.png,.png,322490
runs/berkeley_ur5_molmomotion/sources/episode_000009_frames/frame_000050.png,.png,323208
runs/berkeley_ur5_molmomotion/sources/episode_000009_frames/frame_000051.png,.png,319608
runs/berkeley_ur5_molmomotion/sources/episode_000009_frames/frame_000052.png,.png,320398
runs/berkeley_ur5_molmomotion/sources/episode_000009_frames/frame_000053.png,.png,320051
runs/berkeley_ur5_molmomotion/sources/episode_000010_frames/frame_000055.png,.png,325218
runs/berkeley_ur5_molmomotion/sources/episode_000010_frames/frame_000056.png,.png,322404
runs/berkeley_ur5_molmomotion/sources/episode_000010_frames/frame_000057.png,.png,321497
runs/berkeley_ur5_molmomotion/sources/episode_000010_frames/frame_000058.png,.png,322645
runs/berkeley_ur5_molmomotion/sources/episode_000010_frames/frame_000059.png,.png,321191
runs/berkeley_ur5_molmomotion/sources/episode_000010_frames/frame_000060.png,.png,322351
runs/berkeley_ur5_molmomotion/sources/episode_000010_frames/frame_000061.png,.png,319777
runs/berkeley_ur5_molmomotion/sources/episode_000010_frames/frame_000062.png,.png,323679
runs/berkeley_ur5_molmomotion/sources/episode_000010_frames/frame_000063.png,.png,323906
runs/berkeley_ur5_molmomotion/sources/episode_000010_frames/frame_000064.png,.png,323088
runs/berkeley_ur5_molmomotion/sources/episode_000010_frames/frame_000065.png,.png,320732
runs/berkeley_ur5_molmomotion/sources/episode_000010_frames/frame_000066.png,.png,320985
runs/berkeley_ur5_molmomotion/sources/episode_000010_frames/frame_000067.png,.png,317245
runs/berkeley_ur5_molmomotion/sources/episode_000010_frames/frame_000068.png,.png,313506
runs/berkeley_ur5_molmomotion/sources/episode_000010_frames/frame_000069.png,.png,310650
runs/berkeley_ur5_molmomotion/sources/episode_000010_frames/frame_000070.png,.png,311779
runs/berkeley_ur5_molmomotion/sources/episode_000010_frames/frame_000071.png,.png,308653
runs/berkeley_ur5_molmomotion/sources/episode_000010_frames/frame_000072.png,.png,306085
runs/berkeley_ur5_molmomotion/sources/episode_000010_frames/frame_000073.png,.png,305664
runs/berkeley_ur5_molmomotion/sources/episode_000010_frames/frame_000074.png,.png,306904
runs/berkeley_ur5_molmomotion/sources/meta/episodes.jsonl,.jsonl,101799
runs/berkeley_ur5_molmomotion/sources/meta/info.json,.json,4000
runs/berkeley_ur5_molmomotion/sources/meta/tasks.jsonl,.jsonl,376
runs/berkeley_ur5_molmomotion/sources/native/bottle/evaluation/depth_000047.npy,.npy,1228928
runs/berkeley_ur5_molmomotion/sources/native/bottle/evaluation/depth_000048.npy,.npy,1228928
runs/berkeley_ur5_molmomotion/sources/native/bottle/evaluation/depth_000049.npy,.npy,1228928
runs/berkeley_ur5_molmomotion/sources/native/bottle/evaluation/depth_000050.npy,.npy,1228928
runs/berkeley_ur5_molmomotion/sources/native/bottle/evaluation/depth_000051.npy,.npy,1228928
runs/berkeley_ur5_molmomotion/sources/native/bottle/evaluation/depth_000052.npy,.npy,1228928
runs/berkeley_ur5_molmomotion/sources/native/bottle/evaluation/depth_000053.npy,.npy,1228928
runs/berkeley_ur5_molmomotion/sources/native/bottle/evaluation/depth_000054.npy,.npy,1228928
runs/berkeley_ur5_molmomotion/sources/native/bottle/evaluation/depth_000055.npy,.npy,1228928
runs/berkeley_ur5_molmomotion/sources/native/bottle/evaluation/depth_000056.npy,.npy,1228928
runs/berkeley_ur5_molmomotion/sources/native/bottle/evaluation/depth_000057.npy,.npy,1228928
runs/berkeley_ur5_molmomotion/sources/native/bottle/evaluation/depth_float_bits_000047.png,.png,168610
runs/berkeley_ur5_molmomotion/sources/native/bottle/evaluation/depth_float_bits_000048.png,.png,176987
runs/berkeley_ur5_molmomotion/sources/native/bottle/evaluation/depth_float_bits_000049.png,.png,185065
runs/berkeley_ur5_molmomotion/sources/native/bottle/evaluation/depth_float_bits_000050.png,.png,190492
runs/berkeley_ur5_molmomotion/sources/native/bottle/evaluation/depth_float_bits_000051.png,.png,188771
runs/berkeley_ur5_molmomotion/sources/native/bottle/evaluation/depth_float_bits_000052.png,.png,190869
runs/berkeley_ur5_molmomotion/sources/native/bottle/evaluation/depth_float_bits_000053.png,.png,196276
runs/berkeley_ur5_molmomotion/sources/native/bottle/evaluation/depth_float_bits_000054.png,.png,194296
runs/berkeley_ur5_molmomotion/sources/native/bottle/evaluation/depth_float_bits_000055.png,.png,196407
runs/berkeley_ur5_molmomotion/sources/native/bottle/evaluation/depth_float_bits_000056.png,.png,193396
runs/berkeley_ur5_molmomotion/sources/native/bottle/evaluation/depth_float_bits_000057.png,.png,197066
runs/berkeley_ur5_molmomotion/sources/native/bottle/evaluation/receipt.json,.json,3319
runs/berkeley_ur5_molmomotion/sources/native/bottle/evaluation/rgb_000047.png,.png,455067
runs/berkeley_ur5_molmomotion/sources/native/bottle/evaluation/rgb_000048.png,.png,455964
runs/berkeley_ur5_molmomotion/sources/native/bottle/evaluation/rgb_000049.png,.png,456769
runs/berkeley_ur5_molmomotion/sources/native/bottle/evaluation/rgb_000050.png,.png,455905
runs/berkeley_ur5_molmomotion/sources/native/bottle/evaluation/rgb_000051.png,.png,454726
runs/berkeley_ur5_molmomotion/sources/native/bottle/evaluation/rgb_000052.png,.png,454154
runs/berkeley_ur5_molmomotion/sources/native/bottle/evaluation/rgb_000053.png,.png,453707
runs/berkeley_ur5_molmomotion/sources/native/bottle/evaluation/rgb_000054.png,.png,454901
runs/berkeley_ur5_molmomotion/sources/native/bottle/evaluation/rgb_000055.png,.png,454522
runs/berkeley_ur5_molmomotion/sources/native/bottle/evaluation/rgb_000056.png,.png,454081
runs/berkeley_ur5_molmomotion/sources/native/bottle/evaluation/rgb_000057.png,.png,453906
runs/berkeley_ur5_molmomotion/sources/native/bottle/evaluation/source_frame_indices.npy,.npy,216
runs/berkeley_ur5_molmomotion/sources/native/bottle/evaluation/source_timestamps.npy,.npy,172
runs/berkeley_ur5_molmomotion/sources/native/bottle/observed/depth_000040.npy,.npy,1228928
runs/berkeley_ur5_molmomotion/sources/native/bottle/observed/depth_000041.npy,.npy,1228928
runs/berkeley_ur5_molmomotion/sources/native/bottle/observed/depth_000042.npy,.npy,1228928
runs/berkeley_ur5_molmomotion/sources/native/bottle/observed/depth_000043.npy,.npy,1228928
runs/berkeley_ur5_molmomotion/sources/native/bottle/observed/depth_000044.npy,.npy,1228928
runs/berkeley_ur5_molmomotion/sources/native/bottle/observed/depth_000045.npy,.npy,1228928
runs/berkeley_ur5_molmomotion/sources/native/bottle/observed/depth_000046.npy,.npy,1228928
runs/berkeley_ur5_molmomotion/sources/native/bottle/observed/depth_000047.npy,.npy,1228928
runs/berkeley_ur5_molmomotion/sources/native/bottle/observed/depth_float_bits_000040.png,.png,157709
runs/berkeley_ur5_molmomotion/sources/native/bottle/observed/depth_float_bits_000041.png,.png,155655
runs/berkeley_ur5_molmomotion/sources/native/bottle/observed/depth_float_bits_000042.png,.png,159234
runs/berkeley_ur5_molmomotion/sources/native/bottle/observed/depth_float_bits_000043.png,.png,157862
runs/berkeley_ur5_molmomotion/sources/native/bottle/observed/depth_float_bits_000044.png,.png,159858
runs/berkeley_ur5_molmomotion/sources/native/bottle/observed/depth_float_bits_000045.png,.png,163007
runs/berkeley_ur5_molmomotion/sources/native/bottle/observed/depth_float_bits_000046.png,.png,164742
runs/berkeley_ur5_molmomotion/sources/native/bottle/observed/depth_float_bits_000047.png,.png,168610
runs/berkeley_ur5_molmomotion/sources/native/bottle/observed/receipt.json,.json,2531
runs/berkeley_ur5_molmomotion/sources/native/bottle/observed/rgb_000040.png,.png,454214
runs/berkeley_ur5_molmomotion/sources/native/bottle/observed/rgb_000041.png,.png,454454
runs/berkeley_ur5_molmomotion/sources/native/bottle/observed/rgb_000042.png,.png,453940
runs/berkeley_ur5_molmomotion/sources/native/bottle/observed/rgb_000043.png,.png,454140
runs/berkeley_ur5_molmomotion/sources/native/bottle/observed/rgb_000044.png,.png,452826
runs/berkeley_ur5_molmomotion/sources/native/bottle/observed/rgb_000045.png,.png,454289
runs/berkeley_ur5_molmomotion/sources/native/bottle/observed/rgb_000046.png,.png,452781
runs/berkeley_ur5_molmomotion/sources/native/bottle/observed/rgb_000047.png,.png,455067
runs/berkeley_ur5_molmomotion/sources/native/bottle/observed/source_frame_indices.npy,.npy,192
runs/berkeley_ur5_molmomotion/sources/native/bottle/observed/source_timestamps.npy,.npy,160
runs/berkeley_ur5_molmomotion/sources/native/cup/evaluation/depth_000063.npy,.npy,1228928
runs/berkeley_ur5_molmomotion/sources/native/cup/evaluation/depth_000064.npy,.npy,1228928
runs/berkeley_ur5_molmomotion/sources/native/cup/evaluation/depth_000065.npy,.npy,1228928
runs/berkeley_ur5_molmomotion/sources/native/cup/evaluation/depth_000066.npy,.npy,1228928
runs/berkeley_ur5_molmomotion/sources/native/cup/evaluation/depth_000067.npy,.npy,1228928
runs/berkeley_ur5_molmomotion/sources/native/cup/evaluation/depth_000068.npy,.npy,1228928
runs/berkeley_ur5_molmomotion/sources/native/cup/evaluation/depth_000069.npy,.npy,1228928
runs/berkeley_ur5_molmomotion/sources/native/cup/evaluation/depth_000070.npy,.npy,1228928
runs/berkeley_ur5_molmomotion/sources/native/cup/evaluation/depth_000071.npy,.npy,1228928
runs/berkeley_ur5_molmomotion/sources/native/cup/evaluation/depth_000072.npy,.npy,1228928
runs/berkeley_ur5_molmomotion/sources/native/cup/evaluation/depth_000073.npy,.npy,1228928
runs/berkeley_ur5_molmomotion/sources/native/cup/evaluation/depth_float_bits_000063.png,.png,191449
runs/berkeley_ur5_molmomotion/sources/native/cup/evaluation/depth_float_bits_000064.png,.png,191295
runs/berkeley_ur5_molmomotion/sources/native/cup/evaluation/depth_float_bits_000065.png,.png,189849
runs/berkeley_ur5_molmomotion/sources/native/cup/evaluation/depth_float_bits_000066.png,.png,191763
runs/berkeley_ur5_molmomotion/sources/native/cup/evaluation/depth_float_bits_000067.png,.png,193881
runs/berkeley_ur5_molmomotion/sources/native/cup/evaluation/depth_float_bits_000068.png,.png,196164
runs/berkeley_ur5_molmomotion/sources/native/cup/evaluation/depth_float_bits_000069.png,.png,195072
runs/berkeley_ur5_molmomotion/sources/native/cup/evaluation/depth_float_bits_000070.png,.png,196367
runs/berkeley_ur5_molmomotion/sources/native/cup/evaluation/depth_float_bits_000071.png,.png,195858
runs/berkeley_ur5_molmomotion/sources/native/cup/evaluation/depth_float_bits_000072.png,.png,193438
runs/berkeley_ur5_molmomotion/sources/native/cup/evaluation/depth_float_bits_000073.png,.png,191965
runs/berkeley_ur5_molmomotion/sources/native/cup/evaluation/receipt.json,.json,3330
runs/berkeley_ur5_molmomotion/sources/native/cup/evaluation/rgb_000063.png,.png,453336
runs/berkeley_ur5_molmomotion/sources/native/cup/evaluation/rgb_000064.png,.png,453571
runs/berkeley_ur5_molmomotion/sources/native/cup/evaluation/rgb_000065.png,.png,453351
runs/berkeley_ur5_molmomotion/sources/native/cup/evaluation/rgb_000066.png,.png,451989
runs/berkeley_ur5_molmomotion/sources/native/cup/evaluation/rgb_000067.png,.png,449896
runs/berkeley_ur5_molmomotion/sources/native/cup/evaluation/rgb_000068.png,.png,448411
runs/berkeley_ur5_molmomotion/sources/native/cup/evaluation/rgb_000069.png,.png,446515
runs/berkeley_ur5_molmomotion/sources/native/cup/evaluation/rgb_000070.png,.png,446030
runs/berkeley_ur5_molmomotion/sources/native/cup/evaluation/rgb_000071.png,.png,444915
runs/berkeley_ur5_molmomotion/sources/native/cup/evaluation/rgb_000072.png,.png,443153
runs/berkeley_ur5_molmomotion/sources/native/cup/evaluation/rgb_000073.png,.png,443200
runs/berkeley_ur5_molmomotion/sources/native/cup/evaluation/source_frame_indices.npy,.npy,216
runs/berkeley_ur5_molmomotion/sources/native/cup/evaluation/source_timestamps.npy,.npy,172
runs/berkeley_ur5_molmomotion/sources/native/cup/observed/depth_000056.npy,.npy,1228928
runs/berkeley_ur5_molmomotion/sources/native/cup/observed/depth_000057.npy,.npy,1228928
runs/berkeley_ur5_molmomotion/sources/native/cup/observed/depth_000058.npy,.npy,1228928
runs/berkeley_ur5_molmomotion/sources/native/cup/observed/depth_000059.npy,.npy,1228928
runs/berkeley_ur5_molmomotion/sources/native/cup/observed/depth_000060.npy,.npy,1228928
runs/berkeley_ur5_molmomotion/sources/native/cup/observed/depth_000061.npy,.npy,1228928
runs/berkeley_ur5_molmomotion/sources/native/cup/observed/depth_000062.npy,.npy,1228928
runs/berkeley_ur5_molmomotion/sources/native/cup/observed/depth_000063.npy,.npy,1228928
runs/berkeley_ur5_molmomotion/sources/native/cup/observed/depth_float_bits_000056.png,.png,184249
runs/berkeley_ur5_molmomotion/sources/native/cup/observed/depth_float_bits_000057.png,.png,181911
runs/berkeley_ur5_molmomotion/sources/native/cup/observed/depth_float_bits_000058.png,.png,182307
runs/berkeley_ur5_molmomotion/sources/native/cup/observed/depth_float_bits_000059.png,.png,182383
runs/berkeley_ur5_molmomotion/sources/native/cup/observed/depth_float_bits_000060.png,.png,180712
runs/berkeley_ur5_molmomotion/sources/native/cup/observed/depth_float_bits_000061.png,.png,186471
runs/berkeley_ur5_molmomotion/sources/native/cup/observed/depth_float_bits_000062.png,.png,187923
runs/berkeley_ur5_molmomotion/sources/native/cup/observed/depth_float_bits_000063.png,.png,191449
runs/berkeley_ur5_molmomotion/sources/native/cup/observed/receipt.json,.json,2551
runs/berkeley_ur5_molmomotion/sources/native/cup/observed/rgb_000056.png,.png,456082
runs/berkeley_ur5_molmomotion/sources/native/cup/observed/rgb_000057.png,.png,456003
runs/berkeley_ur5_molmomotion/sources/native/cup/observed/rgb_000058.png,.png,456230
runs/berkeley_ur5_molmomotion/sources/native/cup/observed/rgb_000059.png,.png,456256
runs/berkeley_ur5_molmomotion/sources/native/cup/observed/rgb_000060.png,.png,455695
runs/berkeley_ur5_molmomotion/sources/native/cup/observed/rgb_000061.png,.png,454011
runs/berkeley_ur5_molmomotion/sources/native/cup/observed/rgb_000062.png,.png,453711
runs/berkeley_ur5_molmomotion/sources/native/cup/observed/rgb_000063.png,.png,453336
runs/berkeley_ur5_molmomotion/sources/native/cup/observed/source_frame_indices.npy,.npy,192
runs/berkeley_ur5_molmomotion/sources/native/cup/observed/source_timestamps.npy,.npy,160
runs/berkeley_ur5_molmomotion/sources/native_alignment_bottle.png,.png,1225544
runs/berkeley_ur5_molmomotion/sources/native_alignment_cup.png,.png,1202461
runs/berkeley_ur5_molmomotion/sources/native_evaluation_receipt.json,.json,8480
runs/berkeley_ur5_molmomotion/sources/native_observed_receipt.json,.json,6625
runs/berkeley_ur5_molmomotion/sources/raw_dataset_info.json,.json,6984
runs/berkeley_ur5_molmomotion/sources/raw_features.json,.json,11186
runs/berkeley_ur5_molmomotion/sources/raw_shard4_record0_first.png,.png,450858
runs/berkeley_ur5_molmomotion/sources/raw_shard4_record0_summary.json,.json,1503
runs/berkeley_ur5_molmomotion/sources/raw_shard4_record1_first.png,.png,424951
runs/berkeley_ur5_molmomotion/sources/raw_shard4_record1_summary.json,.json,1529
runs/berkeley_ur5_molmomotion/sources/raw_tree.json,.json,154726
runs/berkeley_ur5_molmomotion/sources/retrieval_receipt.json,.json,4221
runs/berkeley_ur5_molmomotion/sources/selection_and_depth_audit.json,.json,4443
runs/berkeley_ur5_molmomotion/sources/videos/chunk-000/observation.images.image/episode_000002.mp4,.mp4,1485374
runs/berkeley_ur5_molmomotion/sources/videos/chunk-000/observation.images.image/episode_000004.mp4,.mp4,1930337
runs/berkeley_ur5_molmomotion/sources/videos/chunk-000/observation.images.image/episode_000005.mp4,.mp4,1865553
runs/berkeley_ur5_molmomotion/sources/videos/chunk-000/observation.images.image/episode_000006.mp4,.mp4,2025986
runs/berkeley_ur5_molmomotion/sources/videos/chunk-000/observation.images.image/episode_000007.mp4,.mp4,2029841
runs/berkeley_ur5_molmomotion/sources/videos/chunk-000/observation.images.image/episode_000009.mp4,.mp4,1746197
runs/berkeley_ur5_molmomotion/sources/videos/chunk-000/observation.images.image/episode_000010.mp4,.mp4,2127857
runs/berkeley_ur5_molmomotion/sources/videos/chunk-000/observation.images.image/episode_000012.mp4,.mp4,2082139
runs/berkeley_ur5_molmomotion/summary.json,.json,133814
runs/berkeley_ur5_molmomotion/summary.md,.md,25133
runs/berkeley_ur5_molmomotion/verification.json,.json,625
runs/berkeley_ur5_molmomotion/visual_review.json,.json,963
runs/dobbe_colmap_clean_rerun_v1/audit.json,.json,1232
runs/dobbe_colmap_clean_rerun_v1/causal.console.log,.log,195850
runs/dobbe_colmap_clean_rerun_v1/causal_enhanced.console.log,.log,1318477
runs/dobbe_colmap_clean_rerun_v1/causal_geometry_validation.json,.json,15079
runs/dobbe_colmap_clean_rerun_v1/causal_stride5.console.log,.log,20725
runs/dobbe_colmap_clean_rerun_v1/causal_validation_correspondences.json,.json,9831
runs/dobbe_colmap_clean_rerun_v1/clean_decision.json,.json,2665
runs/dobbe_colmap_clean_rerun_v1/clean_protocol.json,.json,75694
runs/dobbe_colmap_clean_rerun_v1/experiment_results.csv,.csv,573
runs/dobbe_colmap_clean_rerun_v1/full_oracle.console.log,.log,170766
runs/dobbe_colmap_clean_rerun_v1/full_oracle.mapper.console.log,.log,1553690
runs/dobbe_colmap_clean_rerun_v1/images/main/0000.png,.png,72909
runs/dobbe_colmap_clean_rerun_v1/images/main/0001.png,.png,73357
runs/dobbe_colmap_clean_rerun_v1/images/main/0002.png,.png,73415
runs/dobbe_colmap_clean_rerun_v1/images/main/0003.png,.png,73507
runs/dobbe_colmap_clean_rerun_v1/images/main/0004.png,.png,73929
runs/dobbe_colmap_clean_rerun_v1/images/main/0005.png,.png,74179
runs/dobbe_colmap_clean_rerun_v1/images/main/0006.png,.png,74761
runs/dobbe_colmap_clean_rerun_v1/images/main/0007.png,.png,75184
runs/dobbe_colmap_clean_rerun_v1/images/main/0008.png,.png,75814
runs/dobbe_colmap_clean_rerun_v1/images/main/0009.png,.png,76104
runs/dobbe_colmap_clean_rerun_v1/images/main/0010.png,.png,75990
runs/dobbe_colmap_clean_rerun_v1/images/main/0011.png,.png,76120
runs/dobbe_colmap_clean_rerun_v1/images/main/0012.png,.png,75971
runs/dobbe_colmap_clean_rerun_v1/images/main/0013.png,.png,76404
runs/dobbe_colmap_clean_rerun_v1/images/main/0014.png,.png,76731
runs/dobbe_colmap_clean_rerun_v1/images/main/0015.png,.png,76462
runs/dobbe_colmap_clean_rerun_v1/images/main/0016.png,.png,77161
runs/dobbe_colmap_clean_rerun_v1/images/main/0017.png,.png,77331
runs/dobbe_colmap_clean_rerun_v1/images/main/0018.png,.png,77708
runs/dobbe_colmap_clean_rerun_v1/images/main/0019.png,.png,77989
runs/dobbe_colmap_clean_rerun_v1/images/main/0020.png,.png,78722
runs/dobbe_colmap_clean_rerun_v1/images/main/0021.png,.png,78689
runs/dobbe_colmap_clean_rerun_v1/images/main/0022.png,.png,78479
runs/dobbe_colmap_clean_rerun_v1/images/main/0023.png,.png,78894
runs/dobbe_colmap_clean_rerun_v1/images/main/0024.png,.png,79478
runs/dobbe_colmap_clean_rerun_v1/images/main/0025.png,.png,79022
runs/dobbe_colmap_clean_rerun_v1/images/main/0026.png,.png,78927
runs/dobbe_colmap_clean_rerun_v1/images/main/0027.png,.png,79316
runs/dobbe_colmap_clean_rerun_v1/images/main/0028.png,.png,79667
runs/dobbe_colmap_clean_rerun_v1/images/main/0029.png,.png,78924
runs/dobbe_colmap_clean_rerun_v1/images/main/0030.png,.png,79080
runs/dobbe_colmap_clean_rerun_v1/images/main/0031.png,.png,78407
runs/dobbe_colmap_clean_rerun_v1/images/main/0032.png,.png,78087
runs/dobbe_colmap_clean_rerun_v1/images/main/0033.png,.png,78271
runs/dobbe_colmap_clean_rerun_v1/images/main/0034.png,.png,78302
runs/dobbe_colmap_clean_rerun_v1/images/main/0035.png,.png,79031
runs/dobbe_colmap_clean_rerun_v1/images/main/0036.png,.png,79614
runs/dobbe_colmap_clean_rerun_v1/images/main/0037.png,.png,79453
runs/dobbe_colmap_clean_rerun_v1/images/main/0038.png,.png,79818
runs/dobbe_colmap_clean_rerun_v1/images/main/0039.png,.png,80221
runs/dobbe_colmap_clean_rerun_v1/images/main/0040.png,.png,80206
runs/dobbe_colmap_clean_rerun_v1/images/main/0041.png,.png,80334
runs/dobbe_colmap_clean_rerun_v1/images/main/0042.png,.png,80140
runs/dobbe_colmap_clean_rerun_v1/images/main/0043.png,.png,80000
runs/dobbe_colmap_clean_rerun_v1/images/main/0044.png,.png,79894
runs/dobbe_colmap_clean_rerun_v1/images/main/0045.png,.png,80171
runs/dobbe_colmap_clean_rerun_v1/images/main/0046.png,.png,81082
runs/dobbe_colmap_clean_rerun_v1/images/main/0047.png,.png,81004
runs/dobbe_colmap_clean_rerun_v1/images/main/0048.png,.png,81415
runs/dobbe_colmap_clean_rerun_v1/images/main/0049.png,.png,80769
runs/dobbe_colmap_clean_rerun_v1/images/main/0050.png,.png,81188
runs/dobbe_colmap_clean_rerun_v1/images/main/0051.png,.png,80933
runs/dobbe_colmap_clean_rerun_v1/images/main/0052.png,.png,81689
runs/dobbe_colmap_clean_rerun_v1/images/main/0053.png,.png,81597
runs/dobbe_colmap_clean_rerun_v1/images/main/0054.png,.png,81993
runs/dobbe_colmap_clean_rerun_v1/images/main/0055.png,.png,82156
runs/dobbe_colmap_clean_rerun_v1/images/main/0056.png,.png,83155
runs/dobbe_colmap_clean_rerun_v1/images/main/0057.png,.png,82947
runs/dobbe_colmap_clean_rerun_v1/images/main/0058.png,.png,83345
runs/dobbe_colmap_clean_rerun_v1/images/main/0059.png,.png,82337
runs/dobbe_colmap_clean_rerun_v1/images/main/0060.png,.png,82562
runs/dobbe_colmap_clean_rerun_v1/images/main/0061.png,.png,82828
runs/dobbe_colmap_clean_rerun_v1/images/main/0062.png,.png,84442
runs/dobbe_colmap_clean_rerun_v1/images/main/0063.png,.png,83458
runs/dobbe_colmap_clean_rerun_v1/images/main/0064.png,.png,84257
runs/dobbe_colmap_clean_rerun_v1/images/main/0065.png,.png,84504
runs/dobbe_colmap_clean_rerun_v1/images/main/0066.png,.png,85709
runs/dobbe_colmap_clean_rerun_v1/images/main/0067.png,.png,85128
runs/dobbe_colmap_clean_rerun_v1/images/main/0068.png,.png,85655
runs/dobbe_colmap_clean_rerun_v1/images/main/0069.png,.png,86067
runs/dobbe_colmap_clean_rerun_v1/images/main/0070.png,.png,86446
runs/dobbe_colmap_clean_rerun_v1/images/main/0071.png,.png,85550
runs/dobbe_colmap_clean_rerun_v1/images/main/0072.png,.png,85490
runs/dobbe_colmap_clean_rerun_v1/images/main/0073.png,.png,85198
runs/dobbe_colmap_clean_rerun_v1/images/main/0074.png,.png,85288
runs/dobbe_colmap_clean_rerun_v1/images/main/0075.png,.png,84279
runs/dobbe_colmap_clean_rerun_v1/images/main/0076.png,.png,84374
runs/dobbe_colmap_clean_rerun_v1/images/main/0077.png,.png,83973
runs/dobbe_colmap_clean_rerun_v1/images/main/0078.png,.png,84969
runs/dobbe_colmap_clean_rerun_v1/images/main/0079.png,.png,84250
runs/dobbe_colmap_clean_rerun_v1/images/main/0080.png,.png,84097
runs/dobbe_colmap_clean_rerun_v1/images/main/0081.png,.png,84086
runs/dobbe_colmap_clean_rerun_v1/images/main/0082.png,.png,84621
runs/dobbe_colmap_clean_rerun_v1/images/main/0083.png,.png,84392
runs/dobbe_colmap_clean_rerun_v1/images/main/0084.png,.png,84530
runs/dobbe_colmap_clean_rerun_v1/images/main/0085.png,.png,84617
runs/dobbe_colmap_clean_rerun_v1/images/main/0086.png,.png,84980
runs/dobbe_colmap_clean_rerun_v1/images/main/0087.png,.png,84336
runs/dobbe_colmap_clean_rerun_v1/images/main/0088.png,.png,84378
runs/dobbe_colmap_clean_rerun_v1/images/main/0089.png,.png,84332
runs/dobbe_colmap_clean_rerun_v1/images/main/0090.png,.png,84926
runs/dobbe_colmap_clean_rerun_v1/images/main/0091.png,.png,84575
runs/dobbe_colmap_clean_rerun_v1/images/main/0092.png,.png,84608
runs/dobbe_colmap_clean_rerun_v1/images/main/0093.png,.png,84830
runs/dobbe_colmap_clean_rerun_v1/images/main/0094.png,.png,85347
runs/dobbe_colmap_clean_rerun_v1/images/main/0095.png,.png,84654
runs/dobbe_colmap_clean_rerun_v1/images/main/0096.png,.png,85077
runs/dobbe_colmap_clean_rerun_v1/images/main/0097.png,.png,84669
runs/dobbe_colmap_clean_rerun_v1/images/main/0098.png,.png,84905
runs/dobbe_colmap_clean_rerun_v1/images/main/0099.png,.png,84622
runs/dobbe_colmap_clean_rerun_v1/images/main/0100.png,.png,84521
runs/dobbe_colmap_clean_rerun_v1/images/main/0101.png,.png,84168
runs/dobbe_colmap_clean_rerun_v1/images/main/0102.png,.png,84075
runs/dobbe_colmap_clean_rerun_v1/images/main/0103.png,.png,83535
runs/dobbe_colmap_clean_rerun_v1/images/main/0104.png,.png,82912
runs/dobbe_colmap_clean_rerun_v1/images/main/0105.png,.png,82176
runs/dobbe_colmap_clean_rerun_v1/images/main/0106.png,.png,80195
runs/dobbe_colmap_clean_rerun_v1/images/main/0107.png,.png,77511
runs/dobbe_colmap_clean_rerun_v1/images/main/0108.png,.png,74548
runs/dobbe_colmap_clean_rerun_v1/images/main/0109.png,.png,74215
runs/dobbe_colmap_clean_rerun_v1/images/main/0110.png,.png,73693
runs/dobbe_colmap_clean_rerun_v1/images/main/0111.png,.png,73121
runs/dobbe_colmap_clean_rerun_v1/images/main/0112.png,.png,73556
runs/dobbe_colmap_clean_rerun_v1/images/main/0113.png,.png,71837
runs/dobbe_colmap_clean_rerun_v1/images/main/0114.png,.png,70807
runs/dobbe_colmap_clean_rerun_v1/images/main/0115.png,.png,71130
runs/dobbe_colmap_clean_rerun_v1/images/main/0116.png,.png,71529
runs/dobbe_colmap_clean_rerun_v1/images/main/0117.png,.png,72007
runs/dobbe_colmap_clean_rerun_v1/images/main/0118.png,.png,72339
runs/dobbe_colmap_clean_rerun_v1/images/main/0119.png,.png,73803
runs/dobbe_colmap_clean_rerun_v1/images/main/0120.png,.png,73354
runs/dobbe_colmap_clean_rerun_v1/images/main/0121.png,.png,73174
runs/dobbe_colmap_clean_rerun_v1/images/main/0122.png,.png,72286
runs/dobbe_colmap_clean_rerun_v1/images/main/0123.png,.png,73386
runs/dobbe_colmap_clean_rerun_v1/images/main/0124.png,.png,73970
runs/dobbe_colmap_clean_rerun_v1/images/main/0125.png,.png,74507
runs/dobbe_colmap_clean_rerun_v1/images/main/0126.png,.png,74514
runs/dobbe_colmap_clean_rerun_v1/images/main/0127.png,.png,77340
runs/dobbe_colmap_clean_rerun_v1/images/main/0128.png,.png,79435
runs/dobbe_colmap_clean_rerun_v1/images/main/0129.png,.png,82424
runs/dobbe_colmap_clean_rerun_v1/images/main/0130.png,.png,85292
runs/dobbe_colmap_clean_rerun_v1/images/main/0131.png,.png,86995
runs/dobbe_colmap_clean_rerun_v1/images/main/0132.png,.png,87686
runs/dobbe_colmap_clean_rerun_v1/images/main/0133.png,.png,87513
runs/dobbe_colmap_clean_rerun_v1/images/main/0134.png,.png,87368
runs/dobbe_colmap_clean_rerun_v1/images/main/0135.png,.png,84979
runs/dobbe_colmap_clean_rerun_v1/images/main/0136.png,.png,81886
runs/dobbe_colmap_clean_rerun_v1/images/main/0137.png,.png,80588
runs/dobbe_colmap_clean_rerun_v1/images/main/0138.png,.png,80096
runs/dobbe_colmap_clean_rerun_v1/images/main/0139.png,.png,79628
runs/dobbe_colmap_clean_rerun_v1/images/main/0140.png,.png,78743
runs/dobbe_colmap_clean_rerun_v1/images/main/0141.png,.png,77221
runs/dobbe_colmap_clean_rerun_v1/images/main/0142.png,.png,76662
runs/dobbe_colmap_clean_rerun_v1/images/main/0143.png,.png,76777
runs/dobbe_colmap_clean_rerun_v1/images/main/0144.png,.png,77627
runs/dobbe_colmap_clean_rerun_v1/images/main/0145.png,.png,78523
runs/dobbe_colmap_clean_rerun_v1/images/main/0146.png,.png,80774
runs/dobbe_colmap_clean_rerun_v1/images/main/0147.png,.png,82015
runs/dobbe_colmap_clean_rerun_v1/images/main/0148.png,.png,84133
runs/dobbe_colmap_clean_rerun_v1/images/main/0149.png,.png,86138
runs/dobbe_colmap_clean_rerun_v1/images/main/0150.png,.png,87923
runs/dobbe_colmap_clean_rerun_v1/images/main/0151.png,.png,88238
runs/dobbe_colmap_clean_rerun_v1/images/main/0152.png,.png,90018
runs/dobbe_colmap_clean_rerun_v1/images/main/0153.png,.png,91241
runs/dobbe_colmap_clean_rerun_v1/images/main/0154.png,.png,92483
runs/dobbe_colmap_clean_rerun_v1/images/main/0155.png,.png,94058
runs/dobbe_colmap_clean_rerun_v1/images/main/0156.png,.png,95404
runs/dobbe_colmap_clean_rerun_v1/images/main/0157.png,.png,96404
runs/dobbe_colmap_clean_rerun_v1/images/main/0158.png,.png,96828
runs/dobbe_colmap_clean_rerun_v1/images/main/0159.png,.png,97449
runs/dobbe_colmap_clean_rerun_v1/images/main/0160.png,.png,97732
runs/dobbe_colmap_clean_rerun_v1/images/main/0161.png,.png,98105
runs/dobbe_colmap_clean_rerun_v1/images/main/0162.png,.png,98083
runs/dobbe_colmap_clean_rerun_v1/images/main/0163.png,.png,98181
runs/dobbe_colmap_clean_rerun_v1/images/main/0164.png,.png,98372
runs/dobbe_colmap_clean_rerun_v1/images/main/0165.png,.png,98603
runs/dobbe_colmap_clean_rerun_v1/images/main/0166.png,.png,98370
runs/dobbe_colmap_clean_rerun_v1/images/main/0167.png,.png,98300
runs/dobbe_colmap_clean_rerun_v1/images/main/0168.png,.png,98058
runs/dobbe_colmap_clean_rerun_v1/images/main/0169.png,.png,98461
runs/dobbe_colmap_clean_rerun_v1/images/main/0170.png,.png,98411
runs/dobbe_colmap_clean_rerun_v1/images/main/0171.png,.png,98431
runs/dobbe_colmap_clean_rerun_v1/images/main/0172.png,.png,99442
runs/dobbe_colmap_clean_rerun_v1/images/main/0173.png,.png,99608
runs/dobbe_colmap_clean_rerun_v1/images/main/0174.png,.png,99701
runs/dobbe_colmap_clean_rerun_v1/images/main/0175.png,.png,100672
runs/dobbe_colmap_clean_rerun_v1/images/main/0176.png,.png,100361
runs/dobbe_colmap_clean_rerun_v1/images/main/0177.png,.png,101309
runs/dobbe_colmap_clean_rerun_v1/images/main/0178.png,.png,100841
runs/dobbe_colmap_clean_rerun_v1/images/main/0179.png,.png,101331
runs/dobbe_colmap_clean_rerun_v1/images/main/0180.png,.png,101269
runs/dobbe_colmap_clean_rerun_v1/images/main/0181.png,.png,101074
runs/dobbe_colmap_clean_rerun_v1/images/main/0182.png,.png,101604
runs/dobbe_colmap_clean_rerun_v1/images/main/0183.png,.png,101838
runs/dobbe_colmap_clean_rerun_v1/images/main/0184.png,.png,102039
runs/dobbe_colmap_clean_rerun_v1/images/main/0185.png,.png,102511
runs/dobbe_colmap_clean_rerun_v1/images/main/0186.png,.png,102765
runs/dobbe_colmap_clean_rerun_v1/images/main/0187.png,.png,103044
runs/dobbe_colmap_clean_rerun_v1/images/main/0188.png,.png,103809
runs/dobbe_colmap_clean_rerun_v1/images/main/0189.png,.png,103728
runs/dobbe_colmap_clean_rerun_v1/images/main/0190.png,.png,104099
runs/dobbe_colmap_clean_rerun_v1/images/main/0191.png,.png,104499
runs/dobbe_colmap_clean_rerun_v1/images/main/0192.png,.png,104685
runs/dobbe_colmap_clean_rerun_v1/images/main/0193.png,.png,105125
runs/dobbe_colmap_clean_rerun_v1/images/main/0194.png,.png,104816
runs/dobbe_colmap_clean_rerun_v1/images/main/0195.png,.png,104722
runs/dobbe_colmap_clean_rerun_v1/images/main/0196.png,.png,104642
runs/dobbe_colmap_clean_rerun_v1/images/main/0197.png,.png,105340
runs/dobbe_colmap_clean_rerun_v1/images/main/0198.png,.png,104161
runs/dobbe_colmap_clean_rerun_v1/images/main/0199.png,.png,104189
runs/dobbe_colmap_clean_rerun_v1/images/main/0200.png,.png,103587
runs/dobbe_colmap_clean_rerun_v1/images/main/0201.png,.png,103651
runs/dobbe_colmap_clean_rerun_v1/images/main/0202.png,.png,101928
runs/dobbe_colmap_clean_rerun_v1/images/main/0203.png,.png,99272
runs/dobbe_colmap_clean_rerun_v1/images/main/0204.png,.png,98455
runs/dobbe_colmap_clean_rerun_v1/images/main/0205.png,.png,97619
runs/dobbe_colmap_clean_rerun_v1/images/main/0206.png,.png,98597
runs/dobbe_colmap_clean_rerun_v1/images/main/0207.png,.png,100731
runs/dobbe_colmap_clean_rerun_v1/images/main/0208.png,.png,101386
runs/dobbe_colmap_clean_rerun_v1/images/main/0209.png,.png,100565
runs/dobbe_colmap_clean_rerun_v1/images/main/0210.png,.png,100205
runs/dobbe_colmap_clean_rerun_v1/images/main/0211.png,.png,100195
runs/dobbe_colmap_clean_rerun_v1/images/main/0212.png,.png,100037
runs/dobbe_colmap_clean_rerun_v1/images/main/0213.png,.png,100151
runs/dobbe_colmap_clean_rerun_v1/images/main/0214.png,.png,99153
runs/dobbe_colmap_clean_rerun_v1/images/main/0215.png,.png,99799
runs/dobbe_colmap_clean_rerun_v1/images/main/0216.png,.png,99372
runs/dobbe_colmap_clean_rerun_v1/images/main/0217.png,.png,99733
runs/dobbe_colmap_clean_rerun_v1/images/main/0218.png,.png,99286
runs/dobbe_colmap_clean_rerun_v1/images/main/0219.png,.png,99828
runs/dobbe_colmap_clean_rerun_v1/images/main/0220.png,.png,99009
runs/dobbe_colmap_clean_rerun_v1/images/main/0221.png,.png,99942
runs/dobbe_colmap_clean_rerun_v1/images/main/0222.png,.png,100024
runs/dobbe_colmap_clean_rerun_v1/images/main/0223.png,.png,100662
runs/dobbe_colmap_clean_rerun_v1/images/main/0224.png,.png,99882
runs/dobbe_colmap_clean_rerun_v1/images/main/0225.png,.png,100222
runs/dobbe_colmap_clean_rerun_v1/images/main/0226.png,.png,99821
runs/dobbe_colmap_clean_rerun_v1/images/main/0227.png,.png,100579
runs/dobbe_colmap_clean_rerun_v1/images/main/0228.png,.png,100969
runs/dobbe_colmap_clean_rerun_v1/images/main/0229.png,.png,101312
runs/dobbe_colmap_clean_rerun_v1/images/main/0230.png,.png,101037
runs/dobbe_colmap_clean_rerun_v1/images/main/0231.png,.png,101817
runs/dobbe_colmap_clean_rerun_v1/images/main/0232.png,.png,102342
runs/dobbe_colmap_clean_rerun_v1/images/main/0233.png,.png,102910
runs/dobbe_colmap_clean_rerun_v1/images/main/0234.png,.png,102559
runs/dobbe_colmap_clean_rerun_v1/images/main/0235.png,.png,103131
runs/dobbe_colmap_clean_rerun_v1/images/main/0236.png,.png,103000
runs/dobbe_colmap_clean_rerun_v1/images/main/0237.png,.png,103949
runs/dobbe_colmap_clean_rerun_v1/images/main/0238.png,.png,103467
runs/dobbe_colmap_clean_rerun_v1/images/main/0239.png,.png,103959
runs/dobbe_colmap_clean_rerun_v1/images/main/0240.png,.png,102483
runs/dobbe_colmap_clean_rerun_v1/images/main/0241.png,.png,103689
runs/dobbe_colmap_clean_rerun_v1/images/main/0242.png,.png,103765
runs/dobbe_colmap_clean_rerun_v1/main_causal_pinhole_masked_stride1_all/config.json,.json,5820
runs/dobbe_colmap_clean_rerun_v1/main_causal_pinhole_masked_stride1_all/database.db,.db,1806336
runs/dobbe_colmap_clean_rerun_v1/main_causal_pinhole_masked_stride1_all/match_graph.json,.json,3517
runs/dobbe_colmap_clean_rerun_v1/main_causal_pinhole_masked_stride1_all/match_images.csv,.csv,1743
runs/dobbe_colmap_clean_rerun_v1/main_causal_pinhole_masked_stride1_all/match_pairs.csv,.csv,83034
runs/dobbe_colmap_clean_rerun_v1/main_causal_pinhole_masked_stride1_all/sparse/0/cameras.bin,.bin,64
runs/dobbe_colmap_clean_rerun_v1/main_causal_pinhole_masked_stride1_all/sparse/0/frames.bin,.bin,344
runs/dobbe_colmap_clean_rerun_v1/main_causal_pinhole_masked_stride1_all/sparse/0/images.bin,.bin,6140
runs/dobbe_colmap_clean_rerun_v1/main_causal_pinhole_masked_stride1_all/sparse/0/points3D.bin,.bin,3934
runs/dobbe_colmap_clean_rerun_v1/main_causal_pinhole_masked_stride1_all/sparse/0/rigs.bin,.bin,24
runs/dobbe_colmap_clean_rerun_v1/main_causal_pinhole_masked_stride1_all/state.json,.json,130
runs/dobbe_colmap_clean_rerun_v1/main_causal_pinhole_masked_stride1_all/summary.json,.json,5470
runs/dobbe_colmap_clean_rerun_v1/main_causal_pinhole_masked_stride1_all_dsp_affine_guided/config.json,.json,5816
runs/dobbe_colmap_clean_rerun_v1/main_causal_pinhole_masked_stride1_all_dsp_affine_guided/database.db,.db,2269184
runs/dobbe_colmap_clean_rerun_v1/main_causal_pinhole_masked_stride1_all_dsp_affine_guided/match_graph.json,.json,3022
runs/dobbe_colmap_clean_rerun_v1/main_causal_pinhole_masked_stride1_all_dsp_affine_guided/match_images.csv,.csv,1824
runs/dobbe_colmap_clean_rerun_v1/main_causal_pinhole_masked_stride1_all_dsp_affine_guided/match_pairs.csv,.csv,83933
runs/dobbe_colmap_clean_rerun_v1/main_causal_pinhole_masked_stride1_all_dsp_affine_guided/sparse/0/cameras.bin,.bin,64
runs/dobbe_colmap_clean_rerun_v1/main_causal_pinhole_masked_stride1_all_dsp_affine_guided/sparse/0/frames.bin,.bin,176
runs/dobbe_colmap_clean_rerun_v1/main_causal_pinhole_masked_stride1_all_dsp_affine_guided/sparse/0/images.bin,.bin,4010
runs/dobbe_colmap_clean_rerun_v1/main_causal_pinhole_masked_stride1_all_dsp_affine_guided/sparse/0/points3D.bin,.bin,2018
runs/dobbe_colmap_clean_rerun_v1/main_causal_pinhole_masked_stride1_all_dsp_affine_guided/sparse/0/rigs.bin,.bin,24
runs/dobbe_colmap_clean_rerun_v1/main_causal_pinhole_masked_stride1_all_dsp_affine_guided/sparse/1/cameras.bin,.bin,64
runs/dobbe_colmap_clean_rerun_v1/main_causal_pinhole_masked_stride1_all_dsp_affine_guided/sparse/1/frames.bin,.bin,1268
runs/dobbe_colmap_clean_rerun_v1/main_causal_pinhole_masked_stride1_all_dsp_affine_guided/sparse/1/images.bin,.bin,26903
runs/dobbe_colmap_clean_rerun_v1/main_causal_pinhole_masked_stride1_all_dsp_affine_guided/sparse/1/points3D.bin,.bin,12697
runs/dobbe_colmap_clean_rerun_v1/main_causal_pinhole_masked_stride1_all_dsp_affine_guided/sparse/1/rigs.bin,.bin,24
runs/dobbe_colmap_clean_rerun_v1/main_causal_pinhole_masked_stride1_all_dsp_affine_guided/sparse/2/cameras.bin,.bin,64
runs/dobbe_colmap_clean_rerun_v1/main_causal_pinhole_masked_stride1_all_dsp_affine_guided/sparse/2/frames.bin,.bin,932
runs/dobbe_colmap_clean_rerun_v1/main_causal_pinhole_masked_stride1_all_dsp_affine_guided/sparse/2/images.bin,.bin,16715
runs/dobbe_colmap_clean_rerun_v1/main_causal_pinhole_masked_stride1_all_dsp_affine_guided/sparse/2/points3D.bin,.bin,7683
runs/dobbe_colmap_clean_rerun_v1/main_causal_pinhole_masked_stride1_all_dsp_affine_guided/sparse/2/rigs.bin,.bin,24
runs/dobbe_colmap_clean_rerun_v1/main_causal_pinhole_masked_stride1_all_dsp_affine_guided/sparse/3/cameras.bin,.bin,64
runs/dobbe_colmap_clean_rerun_v1/main_causal_pinhole_masked_stride1_all_dsp_affine_guided/sparse/3/frames.bin,.bin,1520
runs/dobbe_colmap_clean_rerun_v1/main_causal_pinhole_masked_stride1_all_dsp_affine_guided/sparse/3/images.bin,.bin,33170
runs/dobbe_colmap_clean_rerun_v1/main_causal_pinhole_masked_stride1_all_dsp_affine_guided/sparse/3/points3D.bin,.bin,14823
runs/dobbe_colmap_clean_rerun_v1/main_causal_pinhole_masked_stride1_all_dsp_affine_guided/sparse/3/rigs.bin,.bin,24
runs/dobbe_colmap_clean_rerun_v1/main_causal_pinhole_masked_stride1_all_dsp_affine_guided/state.json,.json,130
runs/dobbe_colmap_clean_rerun_v1/main_causal_pinhole_masked_stride1_all_dsp_affine_guided/summary.json,.json,42730
runs/dobbe_colmap_clean_rerun_v1/main_causal_pinhole_masked_stride5_all/config.json,.json,5220
runs/dobbe_colmap_clean_rerun_v1/main_causal_pinhole_masked_stride5_all/database.db,.db,290816
runs/dobbe_colmap_clean_rerun_v1/main_causal_pinhole_masked_stride5_all/match_graph.json,.json,1618
runs/dobbe_colmap_clean_rerun_v1/main_causal_pinhole_masked_stride5_all/match_images.csv,.csv,416
runs/dobbe_colmap_clean_rerun_v1/main_causal_pinhole_masked_stride5_all/match_pairs.csv,.csv,3393
runs/dobbe_colmap_clean_rerun_v1/main_causal_pinhole_masked_stride5_all/state.json,.json,130
runs/dobbe_colmap_clean_rerun_v1/main_causal_pinhole_masked_stride5_all/summary.json,.json,712
runs/dobbe_colmap_clean_rerun_v1/main_full-oracle_pinhole_masked_stride1_all/config.json,.json,7140
runs/dobbe_colmap_clean_rerun_v1/main_full-oracle_pinhole_masked_stride1_all/database.db,.db,7188480
runs/dobbe_colmap_clean_rerun_v1/main_full-oracle_pinhole_masked_stride1_all/match_graph.json,.json,7065
runs/dobbe_colmap_clean_rerun_v1/main_full-oracle_pinhole_masked_stride1_all/match_images.csv,.csv,4431
runs/dobbe_colmap_clean_rerun_v1/main_full-oracle_pinhole_masked_stride1_all/match_pairs.csv,.csv,603982
runs/dobbe_colmap_clean_rerun_v1/main_full-oracle_pinhole_masked_stride1_all/sparse/0/cameras.bin,.bin,64
runs/dobbe_colmap_clean_rerun_v1/main_full-oracle_pinhole_masked_stride1_all/sparse/0/frames.bin,.bin,1436
runs/dobbe_colmap_clean_rerun_v1/main_full-oracle_pinhole_masked_stride1_all/sparse/0/images.bin,.bin,50489
runs/dobbe_colmap_clean_rerun_v1/main_full-oracle_pinhole_masked_stride1_all/sparse/0/points3D.bin,.bin,5515
runs/dobbe_colmap_clean_rerun_v1/main_full-oracle_pinhole_masked_stride1_all/sparse/0/rigs.bin,.bin,24
runs/dobbe_colmap_clean_rerun_v1/main_full-oracle_pinhole_masked_stride1_all/sparse/1/cameras.bin,.bin,64
runs/dobbe_colmap_clean_rerun_v1/main_full-oracle_pinhole_masked_stride1_all/sparse/1/frames.bin,.bin,1016
runs/dobbe_colmap_clean_rerun_v1/main_full-oracle_pinhole_masked_stride1_all/sparse/1/images.bin,.bin,36596
runs/dobbe_colmap_clean_rerun_v1/main_full-oracle_pinhole_masked_stride1_all/sparse/1/points3D.bin,.bin,687
runs/dobbe_colmap_clean_rerun_v1/main_full-oracle_pinhole_masked_stride1_all/sparse/1/rigs.bin,.bin,24
runs/dobbe_colmap_clean_rerun_v1/main_full-oracle_pinhole_masked_stride1_all/sparse/10/cameras.bin,.bin,64
runs/dobbe_colmap_clean_rerun_v1/main_full-oracle_pinhole_masked_stride1_all/sparse/10/frames.bin,.bin,932
runs/dobbe_colmap_clean_rerun_v1/main_full-oracle_pinhole_masked_stride1_all/sparse/10/images.bin,.bin,17387
runs/dobbe_colmap_clean_rerun_v1/main_full-oracle_pinhole_masked_stride1_all/sparse/10/points3D.bin,.bin,8
runs/dobbe_colmap_clean_rerun_v1/main_full-oracle_pinhole_masked_stride1_all/sparse/10/rigs.bin,.bin,24
runs/dobbe_colmap_clean_rerun_v1/main_full-oracle_pinhole_masked_stride1_all/sparse/11/cameras.bin,.bin,64
runs/dobbe_colmap_clean_rerun_v1/main_full-oracle_pinhole_masked_stride1_all/sparse/11/frames.bin,.bin,848
runs/dobbe_colmap_clean_rerun_v1/main_full-oracle_pinhole_masked_stride1_all/sparse/11/images.bin,.bin,15842
runs/dobbe_colmap_clean_rerun_v1/main_full-oracle_pinhole_masked_stride1_all/sparse/11/points3D.bin,.bin,8561
runs/dobbe_colmap_clean_rerun_v1/main_full-oracle_pinhole_masked_stride1_all/sparse/11/rigs.bin,.bin,24
runs/dobbe_colmap_clean_rerun_v1/main_full-oracle_pinhole_masked_stride1_all/sparse/2/cameras.bin,.bin,64
runs/dobbe_colmap_clean_rerun_v1/main_full-oracle_pinhole_masked_stride1_all/sparse/2/frames.bin,.bin,1184
runs/dobbe_colmap_clean_rerun_v1/main_full-oracle_pinhole_masked_stride1_all/sparse/2/images.bin,.bin,42110
runs/dobbe_colmap_clean_rerun_v1/main_full-oracle_pinhole_masked_stride1_all/sparse/2/points3D.bin,.bin,203
runs/dobbe_colmap_clean_rerun_v1/main_full-oracle_pinhole_masked_stride1_all/sparse/2/rigs.bin,.bin,24
runs/dobbe_colmap_clean_rerun_v1/main_full-oracle_pinhole_masked_stride1_all/sparse/3/cameras.bin,.bin,64
runs/dobbe_colmap_clean_rerun_v1/main_full-oracle_pinhole_masked_stride1_all/sparse/3/frames.bin,.bin,932
runs/dobbe_colmap_clean_rerun_v1/main_full-oracle_pinhole_masked_stride1_all/sparse/3/images.bin,.bin,27131
runs/dobbe_colmap_clean_rerun_v1/main_full-oracle_pinhole_masked_stride1_all/sparse/3/points3D.bin,.bin,3168
runs/dobbe_colmap_clean_rerun_v1/main_full-oracle_pinhole_masked_stride1_all/sparse/3/rigs.bin,.bin,24
runs/dobbe_colmap_clean_rerun_v1/main_full-oracle_pinhole_masked_stride1_all/sparse/4/cameras.bin,.bin,64
runs/dobbe_colmap_clean_rerun_v1/main_full-oracle_pinhole_masked_stride1_all/sparse/4/frames.bin,.bin,1100
runs/dobbe_colmap_clean_rerun_v1/main_full-oracle_pinhole_masked_stride1_all/sparse/4/images.bin,.bin,40037
runs/dobbe_colmap_clean_rerun_v1/main_full-oracle_pinhole_masked_stride1_all/sparse/4/points3D.bin,.bin,20267
runs/dobbe_colmap_clean_rerun_v1/main_full-oracle_pinhole_masked_stride1_all/sparse/4/rigs.bin,.bin,24
runs/dobbe_colmap_clean_rerun_v1/main_full-oracle_pinhole_masked_stride1_all/sparse/5/cameras.bin,.bin,64
runs/dobbe_colmap_clean_rerun_v1/main_full-oracle_pinhole_masked_stride1_all/sparse/5/frames.bin,.bin,1856
runs/dobbe_colmap_clean_rerun_v1/main_full-oracle_pinhole_masked_stride1_all/sparse/5/images.bin,.bin,59318
runs/dobbe_colmap_clean_rerun_v1/main_full-oracle_pinhole_masked_stride1_all/sparse/5/points3D.bin,.bin,24733
runs/dobbe_colmap_clean_rerun_v1/main_full-oracle_pinhole_masked_stride1_all/sparse/5/rigs.bin,.bin,24
runs/dobbe_colmap_clean_rerun_v1/main_full-oracle_pinhole_masked_stride1_all/sparse/6/cameras.bin,.bin,64
runs/dobbe_colmap_clean_rerun_v1/main_full-oracle_pinhole_masked_stride1_all/sparse/6/frames.bin,.bin,1268
runs/dobbe_colmap_clean_rerun_v1/main_full-oracle_pinhole_masked_stride1_all/sparse/6/images.bin,.bin,28271
runs/dobbe_colmap_clean_rerun_v1/main_full-oracle_pinhole_masked_stride1_all/sparse/6/points3D.bin,.bin,14486
runs/dobbe_colmap_clean_rerun_v1/main_full-oracle_pinhole_masked_stride1_all/sparse/6/rigs.bin,.bin,24
runs/dobbe_colmap_clean_rerun_v1/main_full-oracle_pinhole_masked_stride1_all/sparse/7/cameras.bin,.bin,64
runs/dobbe_colmap_clean_rerun_v1/main_full-oracle_pinhole_masked_stride1_all/sparse/7/frames.bin,.bin,1100
runs/dobbe_colmap_clean_rerun_v1/main_full-oracle_pinhole_masked_stride1_all/sparse/7/images.bin,.bin,23741
runs/dobbe_colmap_clean_rerun_v1/main_full-oracle_pinhole_masked_stride1_all/sparse/7/points3D.bin,.bin,9964
runs/dobbe_colmap_clean_rerun_v1/main_full-oracle_pinhole_masked_stride1_all/sparse/7/rigs.bin,.bin,24
runs/dobbe_colmap_clean_rerun_v1/main_full-oracle_pinhole_masked_stride1_all/sparse/8/cameras.bin,.bin,64
runs/dobbe_colmap_clean_rerun_v1/main_full-oracle_pinhole_masked_stride1_all/sparse/8/frames.bin,.bin,2024
runs/dobbe_colmap_clean_rerun_v1/main_full-oracle_pinhole_masked_stride1_all/sparse/8/images.bin,.bin,46568
runs/dobbe_colmap_clean_rerun_v1/main_full-oracle_pinhole_masked_stride1_all/sparse/8/points3D.bin,.bin,17087
runs/dobbe_colmap_clean_rerun_v1/main_full-oracle_pinhole_masked_stride1_all/sparse/8/rigs.bin,.bin,24
runs/dobbe_colmap_clean_rerun_v1/main_full-oracle_pinhole_masked_stride1_all/sparse/9/cameras.bin,.bin,64
runs/dobbe_colmap_clean_rerun_v1/main_full-oracle_pinhole_masked_stride1_all/sparse/9/frames.bin,.bin,1436
runs/dobbe_colmap_clean_rerun_v1/main_full-oracle_pinhole_masked_stride1_all/sparse/9/images.bin,.bin,30161
runs/dobbe_colmap_clean_rerun_v1/main_full-oracle_pinhole_masked_stride1_all/sparse/9/points3D.bin,.bin,10261
runs/dobbe_colmap_clean_rerun_v1/main_full-oracle_pinhole_masked_stride1_all/sparse/9/rigs.bin,.bin,24
runs/dobbe_colmap_clean_rerun_v1/main_full-oracle_pinhole_masked_stride1_all/state.json,.json,130
runs/dobbe_colmap_clean_rerun_v1/main_full-oracle_pinhole_masked_stride1_all/summary.json,.json,160845
runs/dobbe_colmap_clean_rerun_v1/mask_policy_frozen.json,.json,1372
runs/dobbe_colmap_clean_rerun_v1/mask_review_causal.jpg,.jpg,128216
runs/dobbe_colmap_clean_rerun_v1/mask_review_oracle.jpg,.jpg,142113
runs/dobbe_colmap_clean_rerun_v1/masks/main/0000.png.png,.png,1822
runs/dobbe_colmap_clean_rerun_v1/masks/main/0001.png.png,.png,1818
runs/dobbe_colmap_clean_rerun_v1/masks/main/0002.png.png,.png,1810
runs/dobbe_colmap_clean_rerun_v1/masks/main/0003.png.png,.png,1813
runs/dobbe_colmap_clean_rerun_v1/masks/main/0004.png.png,.png,1811
runs/dobbe_colmap_clean_rerun_v1/masks/main/0005.png.png,.png,1824
runs/dobbe_colmap_clean_rerun_v1/masks/main/0006.png.png,.png,1803
runs/dobbe_colmap_clean_rerun_v1/masks/main/0007.png.png,.png,1811
runs/dobbe_colmap_clean_rerun_v1/masks/main/0008.png.png,.png,1841
runs/dobbe_colmap_clean_rerun_v1/masks/main/0009.png.png,.png,1844
runs/dobbe_colmap_clean_rerun_v1/masks/main/0010.png.png,.png,1831
runs/dobbe_colmap_clean_rerun_v1/masks/main/0011.png.png,.png,1828
runs/dobbe_colmap_clean_rerun_v1/masks/main/0012.png.png,.png,1836
runs/dobbe_colmap_clean_rerun_v1/masks/main/0013.png.png,.png,1851
runs/dobbe_colmap_clean_rerun_v1/masks/main/0014.png.png,.png,1878
runs/dobbe_colmap_clean_rerun_v1/masks/main/0015.png.png,.png,1874
runs/dobbe_colmap_clean_rerun_v1/masks/main/0016.png.png,.png,1878
runs/dobbe_colmap_clean_rerun_v1/masks/main/0017.png.png,.png,1884
runs/dobbe_colmap_clean_rerun_v1/masks/main/0018.png.png,.png,1857
runs/dobbe_colmap_clean_rerun_v1/masks/main/0019.png.png,.png,1854
runs/dobbe_colmap_clean_rerun_v1/masks/main/0020.png.png,.png,1863
runs/dobbe_colmap_clean_rerun_v1/masks/main/0021.png.png,.png,1883
runs/dobbe_colmap_clean_rerun_v1/masks/main/0022.png.png,.png,1898
runs/dobbe_colmap_clean_rerun_v1/masks/main/0023.png.png,.png,1902
runs/dobbe_colmap_clean_rerun_v1/masks/main/0024.png.png,.png,1935
runs/dobbe_colmap_clean_rerun_v1/masks/main/0025.png.png,.png,1942
runs/dobbe_colmap_clean_rerun_v1/masks/main/0026.png.png,.png,1931
runs/dobbe_colmap_clean_rerun_v1/masks/main/0027.png.png,.png,1916
runs/dobbe_colmap_clean_rerun_v1/masks/main/0028.png.png,.png,1935
runs/dobbe_colmap_clean_rerun_v1/masks/main/0029.png.png,.png,1920
runs/dobbe_colmap_clean_rerun_v1/masks/main/0030.png.png,.png,1927
runs/dobbe_colmap_clean_rerun_v1/masks/main/0031.png.png,.png,1926
runs/dobbe_colmap_clean_rerun_v1/masks/main/0032.png.png,.png,1919
runs/dobbe_colmap_clean_rerun_v1/masks/main/0033.png.png,.png,1934
runs/dobbe_colmap_clean_rerun_v1/masks/main/0034.png.png,.png,1912
runs/dobbe_colmap_clean_rerun_v1/masks/main/0035.png.png,.png,1918
runs/dobbe_colmap_clean_rerun_v1/masks/main/0036.png.png,.png,1932
runs/dobbe_colmap_clean_rerun_v1/masks/main/0037.png.png,.png,1922
runs/dobbe_colmap_clean_rerun_v1/masks/main/0038.png.png,.png,1886
runs/dobbe_colmap_clean_rerun_v1/masks/main/0039.png.png,.png,1854
runs/dobbe_colmap_clean_rerun_v1/masks/main/0040.png.png,.png,1822
runs/dobbe_colmap_clean_rerun_v1/masks/main/0041.png.png,.png,1818
runs/dobbe_colmap_clean_rerun_v1/masks/main/0042.png.png,.png,1811
runs/dobbe_colmap_clean_rerun_v1/masks/main/0043.png.png,.png,1786
runs/dobbe_colmap_clean_rerun_v1/masks/main/0044.png.png,.png,1771
runs/dobbe_colmap_clean_rerun_v1/masks/main/0045.png.png,.png,1745
runs/dobbe_colmap_clean_rerun_v1/masks/main/0046.png.png,.png,1733
runs/dobbe_colmap_clean_rerun_v1/masks/main/0047.png.png,.png,1733
runs/dobbe_colmap_clean_rerun_v1/masks/main/0048.png.png,.png,1733
runs/dobbe_colmap_clean_rerun_v1/masks/main/0049.png.png,.png,1735
runs/dobbe_colmap_clean_rerun_v1/masks/main/0050.png.png,.png,1738
runs/dobbe_colmap_clean_rerun_v1/masks/main/0051.png.png,.png,1748
runs/dobbe_colmap_clean_rerun_v1/masks/main/0052.png.png,.png,1769
runs/dobbe_colmap_clean_rerun_v1/masks/main/0053.png.png,.png,1777
runs/dobbe_colmap_clean_rerun_v1/masks/main/0054.png.png,.png,1790
runs/dobbe_colmap_clean_rerun_v1/masks/main/0055.png.png,.png,1794
runs/dobbe_colmap_clean_rerun_v1/masks/main/0056.png.png,.png,1808
runs/dobbe_colmap_clean_rerun_v1/masks/main/0057.png.png,.png,1807
runs/dobbe_colmap_clean_rerun_v1/masks/main/0058.png.png,.png,1799
runs/dobbe_colmap_clean_rerun_v1/masks/main/0059.png.png,.png,1797
runs/dobbe_colmap_clean_rerun_v1/masks/main/0060.png.png,.png,1793
runs/dobbe_colmap_clean_rerun_v1/masks/main/0061.png.png,.png,1792
runs/dobbe_colmap_clean_rerun_v1/masks/main/0062.png.png,.png,1793
runs/dobbe_colmap_clean_rerun_v1/masks/main/0063.png.png,.png,1799
runs/dobbe_colmap_clean_rerun_v1/masks/main/0064.png.png,.png,1800
runs/dobbe_colmap_clean_rerun_v1/masks/main/0065.png.png,.png,1790
runs/dobbe_colmap_clean_rerun_v1/masks/main/0066.png.png,.png,1735
runs/dobbe_colmap_clean_rerun_v1/masks/main/0067.png.png,.png,1732
runs/dobbe_colmap_clean_rerun_v1/masks/main/0068.png.png,.png,1739
runs/dobbe_colmap_clean_rerun_v1/masks/main/0069.png.png,.png,1738
runs/dobbe_colmap_clean_rerun_v1/masks/main/0070.png.png,.png,1738
runs/dobbe_colmap_clean_rerun_v1/masks/main/0071.png.png,.png,1733
runs/dobbe_colmap_clean_rerun_v1/masks/main/0072.png.png,.png,1737
runs/dobbe_colmap_clean_rerun_v1/masks/main/0073.png.png,.png,1724
runs/dobbe_colmap_clean_rerun_v1/masks/main/0074.png.png,.png,1704
runs/dobbe_colmap_clean_rerun_v1/masks/main/0075.png.png,.png,1698
runs/dobbe_colmap_clean_rerun_v1/masks/main/0076.png.png,.png,1653
runs/dobbe_colmap_clean_rerun_v1/masks/main/0077.png.png,.png,1648
runs/dobbe_colmap_clean_rerun_v1/masks/main/0078.png.png,.png,1646
runs/dobbe_colmap_clean_rerun_v1/masks/main/0079.png.png,.png,1633
runs/dobbe_colmap_clean_rerun_v1/masks/main/0080.png.png,.png,1604
runs/dobbe_colmap_clean_rerun_v1/masks/main/0081.png.png,.png,1595
runs/dobbe_colmap_clean_rerun_v1/masks/main/0082.png.png,.png,1593
runs/dobbe_colmap_clean_rerun_v1/masks/main/0083.png.png,.png,1590
runs/dobbe_colmap_clean_rerun_v1/masks/main/0084.png.png,.png,1595
runs/dobbe_colmap_clean_rerun_v1/masks/main/0085.png.png,.png,1593
runs/dobbe_colmap_clean_rerun_v1/masks/main/0086.png.png,.png,1606
runs/dobbe_colmap_clean_rerun_v1/masks/main/0087.png.png,.png,1633
runs/dobbe_colmap_clean_rerun_v1/masks/main/0088.png.png,.png,1643
runs/dobbe_colmap_clean_rerun_v1/masks/main/0089.png.png,.png,1646
runs/dobbe_colmap_clean_rerun_v1/masks/main/0090.png.png,.png,1650
runs/dobbe_colmap_clean_rerun_v1/masks/main/0091.png.png,.png,1653
runs/dobbe_colmap_clean_rerun_v1/masks/main/0092.png.png,.png,1656
runs/dobbe_colmap_clean_rerun_v1/masks/main/0093.png.png,.png,1654
runs/dobbe_colmap_clean_rerun_v1/masks/main/0094.png.png,.png,1653
runs/dobbe_colmap_clean_rerun_v1/masks/main/0095.png.png,.png,1655
runs/dobbe_colmap_clean_rerun_v1/masks/main/0096.png.png,.png,1654
runs/dobbe_colmap_clean_rerun_v1/masks/main/0097.png.png,.png,1653
runs/dobbe_colmap_clean_rerun_v1/masks/main/0098.png.png,.png,1653
runs/dobbe_colmap_clean_rerun_v1/masks/main/0099.png.png,.png,1661
runs/dobbe_colmap_clean_rerun_v1/masks/main/0100.png.png,.png,1663
runs/dobbe_colmap_clean_rerun_v1/masks/main/0101.png.png,.png,1661
runs/dobbe_colmap_clean_rerun_v1/masks/main/0102.png.png,.png,1664
runs/dobbe_colmap_clean_rerun_v1/masks/main/0103.png.png,.png,1663
runs/dobbe_colmap_clean_rerun_v1/masks/main/0104.png.png,.png,1665
runs/dobbe_colmap_clean_rerun_v1/masks/main/0105.png.png,.png,1665
runs/dobbe_colmap_clean_rerun_v1/masks/main/0106.png.png,.png,1665
runs/dobbe_colmap_clean_rerun_v1/masks/main/0107.png.png,.png,1660
runs/dobbe_colmap_clean_rerun_v1/masks/main/0108.png.png,.png,1665
runs/dobbe_colmap_clean_rerun_v1/masks/main/0109.png.png,.png,1668
runs/dobbe_colmap_clean_rerun_v1/masks/main/0110.png.png,.png,1668
runs/dobbe_colmap_clean_rerun_v1/masks/main/0111.png.png,.png,1665
runs/dobbe_colmap_clean_rerun_v1/masks/main/0112.png.png,.png,1665
runs/dobbe_colmap_clean_rerun_v1/masks/main/0113.png.png,.png,1659
runs/dobbe_colmap_clean_rerun_v1/masks/main/0114.png.png,.png,1659
runs/dobbe_colmap_clean_rerun_v1/masks/main/0115.png.png,.png,1660
runs/dobbe_colmap_clean_rerun_v1/masks/main/0116.png.png,.png,1659
runs/dobbe_colmap_clean_rerun_v1/masks/main/0117.png.png,.png,1659
runs/dobbe_colmap_clean_rerun_v1/masks/main/0118.png.png,.png,1661
runs/dobbe_colmap_clean_rerun_v1/masks/main/0119.png.png,.png,1652
runs/dobbe_colmap_clean_rerun_v1/masks/main/0120.png.png,.png,1661
runs/dobbe_colmap_clean_rerun_v1/masks/main/0121.png.png,.png,1660
runs/dobbe_colmap_clean_rerun_v1/masks/main/0122.png.png,.png,1660
runs/dobbe_colmap_clean_rerun_v1/masks/main/0123.png.png,.png,1659
runs/dobbe_colmap_clean_rerun_v1/masks/main/0124.png.png,.png,1659
runs/dobbe_colmap_clean_rerun_v1/masks/main/0125.png.png,.png,1660
runs/dobbe_colmap_clean_rerun_v1/masks/main/0126.png.png,.png,1619
runs/dobbe_colmap_clean_rerun_v1/masks/main/0127.png.png,.png,1651
runs/dobbe_colmap_clean_rerun_v1/masks/main/0128.png.png,.png,1650
runs/dobbe_colmap_clean_rerun_v1/masks/main/0129.png.png,.png,1656
runs/dobbe_colmap_clean_rerun_v1/masks/main/0130.png.png,.png,1656
runs/dobbe_colmap_clean_rerun_v1/masks/main/0131.png.png,.png,1650
runs/dobbe_colmap_clean_rerun_v1/masks/main/0132.png.png,.png,1646
runs/dobbe_colmap_clean_rerun_v1/masks/main/0133.png.png,.png,1649
runs/dobbe_colmap_clean_rerun_v1/masks/main/0134.png.png,.png,1641
runs/dobbe_colmap_clean_rerun_v1/masks/main/0135.png.png,.png,1634
runs/dobbe_colmap_clean_rerun_v1/masks/main/0136.png.png,.png,1640
runs/dobbe_colmap_clean_rerun_v1/masks/main/0137.png.png,.png,1581
runs/dobbe_colmap_clean_rerun_v1/masks/main/0138.png.png,.png,1581
runs/dobbe_colmap_clean_rerun_v1/masks/main/0139.png.png,.png,1581
runs/dobbe_colmap_clean_rerun_v1/masks/main/0140.png.png,.png,1585
runs/dobbe_colmap_clean_rerun_v1/masks/main/0141.png.png,.png,1584
runs/dobbe_colmap_clean_rerun_v1/masks/main/0142.png.png,.png,1581
runs/dobbe_colmap_clean_rerun_v1/masks/main/0143.png.png,.png,1580
runs/dobbe_colmap_clean_rerun_v1/masks/main/0144.png.png,.png,1598
runs/dobbe_colmap_clean_rerun_v1/masks/main/0145.png.png,.png,1610
runs/dobbe_colmap_clean_rerun_v1/masks/main/0146.png.png,.png,1606
runs/dobbe_colmap_clean_rerun_v1/masks/main/0147.png.png,.png,1615
runs/dobbe_colmap_clean_rerun_v1/masks/main/0148.png.png,.png,1623
runs/dobbe_colmap_clean_rerun_v1/masks/main/0149.png.png,.png,1640
runs/dobbe_colmap_clean_rerun_v1/masks/main/0150.png.png,.png,1701
runs/dobbe_colmap_clean_rerun_v1/masks/main/0151.png.png,.png,1679
runs/dobbe_colmap_clean_rerun_v1/masks/main/0152.png.png,.png,1724
runs/dobbe_colmap_clean_rerun_v1/masks/main/0153.png.png,.png,1794
runs/dobbe_colmap_clean_rerun_v1/masks/main/0154.png.png,.png,1795
runs/dobbe_colmap_clean_rerun_v1/masks/main/0155.png.png,.png,1740
runs/dobbe_colmap_clean_rerun_v1/masks/main/0156.png.png,.png,1778
runs/dobbe_colmap_clean_rerun_v1/masks/main/0157.png.png,.png,1727
runs/dobbe_colmap_clean_rerun_v1/masks/main/0158.png.png,.png,1737
runs/dobbe_colmap_clean_rerun_v1/masks/main/0159.png.png,.png,1742
runs/dobbe_colmap_clean_rerun_v1/masks/main/0160.png.png,.png,1750
runs/dobbe_colmap_clean_rerun_v1/masks/main/0161.png.png,.png,1707
runs/dobbe_colmap_clean_rerun_v1/masks/main/0162.png.png,.png,1721
runs/dobbe_colmap_clean_rerun_v1/masks/main/0163.png.png,.png,1735
runs/dobbe_colmap_clean_rerun_v1/masks/main/0164.png.png,.png,1721
runs/dobbe_colmap_clean_rerun_v1/masks/main/0165.png.png,.png,1727
runs/dobbe_colmap_clean_rerun_v1/masks/main/0166.png.png,.png,1702
runs/dobbe_colmap_clean_rerun_v1/masks/main/0167.png.png,.png,1687
runs/dobbe_colmap_clean_rerun_v1/masks/main/0168.png.png,.png,1733
runs/dobbe_colmap_clean_rerun_v1/masks/main/0169.png.png,.png,1747
runs/dobbe_colmap_clean_rerun_v1/masks/main/0170.png.png,.png,1714
runs/dobbe_colmap_clean_rerun_v1/masks/main/0171.png.png,.png,1729
runs/dobbe_colmap_clean_rerun_v1/masks/main/0172.png.png,.png,1702
runs/dobbe_colmap_clean_rerun_v1/masks/main/0173.png.png,.png,1680
runs/dobbe_colmap_clean_rerun_v1/masks/main/0174.png.png,.png,1688
runs/dobbe_colmap_clean_rerun_v1/masks/main/0175.png.png,.png,1669
runs/dobbe_colmap_clean_rerun_v1/masks/main/0176.png.png,.png,1701
runs/dobbe_colmap_clean_rerun_v1/masks/main/0177.png.png,.png,1705
runs/dobbe_colmap_clean_rerun_v1/masks/main/0178.png.png,.png,1685
runs/dobbe_colmap_clean_rerun_v1/masks/main/0179.png.png,.png,1710
runs/dobbe_colmap_clean_rerun_v1/masks/main/0180.png.png,.png,1682
runs/dobbe_colmap_clean_rerun_v1/masks/main/0181.png.png,.png,1687
runs/dobbe_colmap_clean_rerun_v1/masks/main/0182.png.png,.png,1697
runs/dobbe_colmap_clean_rerun_v1/masks/main/0183.png.png,.png,1690
runs/dobbe_colmap_clean_rerun_v1/masks/main/0184.png.png,.png,1709
runs/dobbe_colmap_clean_rerun_v1/masks/main/0185.png.png,.png,1706
runs/dobbe_colmap_clean_rerun_v1/masks/main/0186.png.png,.png,1703
runs/dobbe_colmap_clean_rerun_v1/masks/main/0187.png.png,.png,1700
runs/dobbe_colmap_clean_rerun_v1/masks/main/0188.png.png,.png,1701
runs/dobbe_colmap_clean_rerun_v1/masks/main/0189.png.png,.png,1690
runs/dobbe_colmap_clean_rerun_v1/masks/main/0190.png.png,.png,1657
runs/dobbe_colmap_clean_rerun_v1/masks/main/0191.png.png,.png,1688
runs/dobbe_colmap_clean_rerun_v1/masks/main/0192.png.png,.png,1678
runs/dobbe_colmap_clean_rerun_v1/masks/main/0193.png.png,.png,1671
runs/dobbe_colmap_clean_rerun_v1/masks/main/0194.png.png,.png,1658
runs/dobbe_colmap_clean_rerun_v1/masks/main/0195.png.png,.png,1656
runs/dobbe_colmap_clean_rerun_v1/masks/main/0196.png.png,.png,1661
runs/dobbe_colmap_clean_rerun_v1/masks/main/0197.png.png,.png,1674
runs/dobbe_colmap_clean_rerun_v1/masks/main/0198.png.png,.png,1656
runs/dobbe_colmap_clean_rerun_v1/masks/main/0199.png.png,.png,1697
runs/dobbe_colmap_clean_rerun_v1/masks/main/0200.png.png,.png,1699
runs/dobbe_colmap_clean_rerun_v1/masks/main/0201.png.png,.png,1724
runs/dobbe_colmap_clean_rerun_v1/masks/main/0202.png.png,.png,1709
runs/dobbe_colmap_clean_rerun_v1/masks/main/0203.png.png,.png,1685
runs/dobbe_colmap_clean_rerun_v1/masks/main/0204.png.png,.png,1691
runs/dobbe_colmap_clean_rerun_v1/masks/main/0205.png.png,.png,1687
runs/dobbe_colmap_clean_rerun_v1/masks/main/0206.png.png,.png,1693
runs/dobbe_colmap_clean_rerun_v1/masks/main/0207.png.png,.png,1723
runs/dobbe_colmap_clean_rerun_v1/masks/main/0208.png.png,.png,1743
runs/dobbe_colmap_clean_rerun_v1/masks/main/0209.png.png,.png,1741
runs/dobbe_colmap_clean_rerun_v1/masks/main/0210.png.png,.png,1737
runs/dobbe_colmap_clean_rerun_v1/masks/main/0211.png.png,.png,1742
runs/dobbe_colmap_clean_rerun_v1/masks/main/0212.png.png,.png,1759
runs/dobbe_colmap_clean_rerun_v1/masks/main/0213.png.png,.png,1746
runs/dobbe_colmap_clean_rerun_v1/masks/main/0214.png.png,.png,1739
runs/dobbe_colmap_clean_rerun_v1/masks/main/0215.png.png,.png,1735
runs/dobbe_colmap_clean_rerun_v1/masks/main/0216.png.png,.png,1726
runs/dobbe_colmap_clean_rerun_v1/masks/main/0217.png.png,.png,1718
runs/dobbe_colmap_clean_rerun_v1/masks/main/0218.png.png,.png,1711
runs/dobbe_colmap_clean_rerun_v1/masks/main/0219.png.png,.png,1695
runs/dobbe_colmap_clean_rerun_v1/masks/main/0220.png.png,.png,1686
runs/dobbe_colmap_clean_rerun_v1/masks/main/0221.png.png,.png,1685
runs/dobbe_colmap_clean_rerun_v1/masks/main/0222.png.png,.png,1689
runs/dobbe_colmap_clean_rerun_v1/masks/main/0223.png.png,.png,1676
runs/dobbe_colmap_clean_rerun_v1/masks/main/0224.png.png,.png,1651
runs/dobbe_colmap_clean_rerun_v1/masks/main/0225.png.png,.png,1646
runs/dobbe_colmap_clean_rerun_v1/masks/main/0226.png.png,.png,1649
runs/dobbe_colmap_clean_rerun_v1/masks/main/0227.png.png,.png,1675
runs/dobbe_colmap_clean_rerun_v1/masks/main/0228.png.png,.png,1704
runs/dobbe_colmap_clean_rerun_v1/masks/main/0229.png.png,.png,1715
runs/dobbe_colmap_clean_rerun_v1/masks/main/0230.png.png,.png,1725
runs/dobbe_colmap_clean_rerun_v1/masks/main/0231.png.png,.png,1701
runs/dobbe_colmap_clean_rerun_v1/masks/main/0232.png.png,.png,1722
runs/dobbe_colmap_clean_rerun_v1/masks/main/0233.png.png,.png,1713
runs/dobbe_colmap_clean_rerun_v1/masks/main/0234.png.png,.png,1715
runs/dobbe_colmap_clean_rerun_v1/masks/main/0235.png.png,.png,1736
runs/dobbe_colmap_clean_rerun_v1/masks/main/0236.png.png,.png,1754
runs/dobbe_colmap_clean_rerun_v1/masks/main/0237.png.png,.png,1757
runs/dobbe_colmap_clean_rerun_v1/masks/main/0238.png.png,.png,1775
runs/dobbe_colmap_clean_rerun_v1/masks/main/0239.png.png,.png,1763
runs/dobbe_colmap_clean_rerun_v1/masks/main/0240.png.png,.png,1742
runs/dobbe_colmap_clean_rerun_v1/masks/main/0241.png.png,.png,1738
runs/dobbe_colmap_clean_rerun_v1/masks/main/0242.png.png,.png,1757
runs/dobbe_colmap_clean_rerun_v1/publication_manifest.json,.json,61754
runs/dobbe_colmap_clean_rerun_v1/verified_match_graphs.png,.png,289116
runs/dobbe_colmap_official_v1/audit.json,.json,452
runs/dobbe_colmap_official_v1/automatic_help.stderr.log,.log,1426
runs/dobbe_colmap_official_v1/automatic_help.stdout.log,.log,0
runs/dobbe_colmap_official_v1/automatic_reconstructor_help.txt,.txt,1431
runs/dobbe_colmap_official_v1/causal/colmap.log,.log,195711
runs/dobbe_colmap_official_v1/causal/colmap_stdout.log,.log,0
runs/dobbe_colmap_official_v1/causal/database.db,.db,4816896
runs/dobbe_colmap_official_v1/causal/database.db-shm,.db-shm,32768
runs/dobbe_colmap_official_v1/causal/database.db-wal,.db-wal,0
runs/dobbe_colmap_official_v1/causal/execution.json,.json,2893
runs/dobbe_colmap_official_v1/causal/images/000000.png,.png,66348
runs/dobbe_colmap_official_v1/causal/images/000001.png,.png,68643
runs/dobbe_colmap_official_v1/causal/images/000002.png,.png,69633
runs/dobbe_colmap_official_v1/causal/images/000003.png,.png,69848
runs/dobbe_colmap_official_v1/causal/images/000004.png,.png,69652
runs/dobbe_colmap_official_v1/causal/images/000005.png,.png,71157
runs/dobbe_colmap_official_v1/causal/images/000006.png,.png,71912
runs/dobbe_colmap_official_v1/causal/images/000007.png,.png,72439
runs/dobbe_colmap_official_v1/causal/images/000008.png,.png,72064
runs/dobbe_colmap_official_v1/causal/images/000009.png,.png,73110
runs/dobbe_colmap_official_v1/causal/images/000010.png,.png,73379
runs/dobbe_colmap_official_v1/causal/images/000011.png,.png,73797
runs/dobbe_colmap_official_v1/causal/images/000012.png,.png,73663
runs/dobbe_colmap_official_v1/causal/images/000013.png,.png,75307
runs/dobbe_colmap_official_v1/causal/images/000014.png,.png,75509
runs/dobbe_colmap_official_v1/causal/images/000015.png,.png,75684
runs/dobbe_colmap_official_v1/causal/images/000016.png,.png,75978
runs/dobbe_colmap_official_v1/causal/images/000017.png,.png,76909
runs/dobbe_colmap_official_v1/causal/images/000018.png,.png,77614
runs/dobbe_colmap_official_v1/causal/images/000019.png,.png,78061
runs/dobbe_colmap_official_v1/causal/images/000020.png,.png,78288
runs/dobbe_colmap_official_v1/causal/images/000021.png,.png,79137
runs/dobbe_colmap_official_v1/causal/images/000022.png,.png,79646
runs/dobbe_colmap_official_v1/causal/images/000023.png,.png,79737
runs/dobbe_colmap_official_v1/causal/images/000024.png,.png,80387
runs/dobbe_colmap_official_v1/causal/images/000025.png,.png,81004
runs/dobbe_colmap_official_v1/causal/images/000026.png,.png,81568
runs/dobbe_colmap_official_v1/causal/images/000027.png,.png,81429
runs/dobbe_colmap_official_v1/causal/images/000028.png,.png,81153
runs/dobbe_colmap_official_v1/causal/images/000029.png,.png,81221
runs/dobbe_colmap_official_v1/causal/images/000030.png,.png,81503
runs/dobbe_colmap_official_v1/causal/images/000031.png,.png,80827
runs/dobbe_colmap_official_v1/causal/images/000032.png,.png,78896
runs/dobbe_colmap_official_v1/causal/images/000033.png,.png,80580
runs/dobbe_colmap_official_v1/causal/images/000034.png,.png,81147
runs/dobbe_colmap_official_v1/causal/images/000035.png,.png,82459
runs/dobbe_colmap_official_v1/causal/images/000036.png,.png,81869
runs/dobbe_colmap_official_v1/causal/images/000037.png,.png,83718
runs/dobbe_colmap_official_v1/causal/images/000038.png,.png,83546
runs/dobbe_colmap_official_v1/causal/images/000039.png,.png,84640
runs/dobbe_colmap_official_v1/causal/images/000040.png,.png,85159
runs/dobbe_colmap_official_v1/causal/images/000041.png,.png,86706
runs/dobbe_colmap_official_v1/causal/images/000042.png,.png,85674
runs/dobbe_colmap_official_v1/causal/images/000043.png,.png,84798
runs/dobbe_colmap_official_v1/causal/images/000044.png,.png,83457
runs/dobbe_colmap_official_v1/causal/images/000045.png,.png,85525
runs/dobbe_colmap_official_v1/causal/images/000046.png,.png,86739
runs/dobbe_colmap_official_v1/causal/images/000047.png,.png,87282
runs/dobbe_colmap_official_v1/causal/images/000048.png,.png,87424
runs/dobbe_colmap_official_v1/causal/images/000049.png,.png,87610
runs/dobbe_colmap_official_v1/causal/images/000050.png,.png,88603
runs/dobbe_colmap_official_v1/causal/images/000051.png,.png,88371
runs/dobbe_colmap_official_v1/causal/images/000052.png,.png,88176
runs/dobbe_colmap_official_v1/causal/images/000053.png,.png,89433
runs/dobbe_colmap_official_v1/causal/images/000054.png,.png,90118
runs/dobbe_colmap_official_v1/causal/images/000055.png,.png,90422
runs/dobbe_colmap_official_v1/causal/images/000056.png,.png,91636
runs/dobbe_colmap_official_v1/causal/images/000057.png,.png,91788
runs/dobbe_colmap_official_v1/causal/images/000058.png,.png,92101
runs/dobbe_colmap_official_v1/causal/images/000059.png,.png,91651
runs/dobbe_colmap_official_v1/causal/images/000060.png,.png,91771
runs/dobbe_colmap_official_v1/causal/images/000061.png,.png,92242
runs/dobbe_colmap_official_v1/causal/images/000062.png,.png,93447
runs/dobbe_colmap_official_v1/causal/images/000063.png,.png,93035
runs/dobbe_colmap_official_v1/causal/images/000064.png,.png,94159
runs/dobbe_colmap_official_v1/causal/images/000065.png,.png,94458
runs/dobbe_colmap_official_v1/causal/images/000066.png,.png,95363
runs/dobbe_colmap_official_v1/causal/images/000067.png,.png,95452
runs/dobbe_colmap_official_v1/causal/images/000068.png,.png,96101
runs/dobbe_colmap_official_v1/causal/images/000069.png,.png,97039
runs/dobbe_colmap_official_v1/causal/images/000070.png,.png,97412
runs/dobbe_colmap_official_v1/causal/images/000071.png,.png,96946
runs/dobbe_colmap_official_v1/causal/images/000072.png,.png,96989
runs/dobbe_colmap_official_v1/causal/images/000073.png,.png,96718
runs/dobbe_colmap_official_v1/causal/images/000074.png,.png,96645
runs/dobbe_colmap_official_v1/causal/images/000075.png,.png,95215
runs/dobbe_colmap_official_v1/causal/images/000076.png,.png,94422
runs/dobbe_colmap_official_v1/causal/images/000077.png,.png,94271
runs/dobbe_colmap_official_v1/causal/images/000078.png,.png,94388
runs/dobbe_colmap_official_v1/causal/images/000079.png,.png,94193
runs/dobbe_colmap_official_v1/causal/images/000080.png,.png,94044
runs/dobbe_colmap_official_v1/causal/images/000081.png,.png,94528
runs/dobbe_colmap_official_v1/causal/images/000082.png,.png,94669
runs/dobbe_colmap_official_v1/causal/images/000083.png,.png,94727
runs/dobbe_colmap_official_v1/causal/images/000084.png,.png,94895
runs/dobbe_colmap_official_v1/causal/images/000085.png,.png,94918
runs/dobbe_colmap_official_v1/causal/images/000086.png,.png,95384
runs/dobbe_colmap_official_v1/causal/images/000087.png,.png,95051
runs/dobbe_colmap_official_v1/causal/images/000088.png,.png,94852
runs/dobbe_colmap_official_v1/causal/images/000089.png,.png,94607
runs/dobbe_colmap_official_v1/causal/images/000090.png,.png,95035
runs/dobbe_colmap_official_v1/causal/images/000091.png,.png,94913
runs/dobbe_colmap_official_v1/causal/images/000092.png,.png,94848
runs/dobbe_colmap_official_v1/causal/images/000093.png,.png,95102
runs/dobbe_colmap_official_v1/causal/images/000094.png,.png,95366
runs/dobbe_colmap_official_v1/causal/images/000095.png,.png,94571
runs/dobbe_colmap_official_v1/causal/match_graph.json,.json,1085
runs/dobbe_colmap_official_v1/causal/match_images.csv,.csv,1685
runs/dobbe_colmap_official_v1/causal/match_pairs.csv,.csv,18659
runs/dobbe_colmap_official_v1/causal/sparse/0/cameras.bin,.bin,64
runs/dobbe_colmap_official_v1/causal/sparse/0/frames.bin,.bin,8072
runs/dobbe_colmap_official_v1/causal/sparse/0/images.bin,.bin,475832
runs/dobbe_colmap_official_v1/causal/sparse/0/points3D.bin,.bin,125165
runs/dobbe_colmap_official_v1/causal/sparse/0/rigs.bin,.bin,24
runs/dobbe_colmap_official_v1/causal/sparse/1/cameras.bin,.bin,64
runs/dobbe_colmap_official_v1/causal/sparse/1/frames.bin,.bin,428
runs/dobbe_colmap_official_v1/causal/sparse/1/images.bin,.bin,25743
runs/dobbe_colmap_official_v1/causal/sparse/1/points3D.bin,.bin,8
runs/dobbe_colmap_official_v1/causal/sparse/1/rigs.bin,.bin,24
runs/dobbe_colmap_official_v1/causal/sparse/project.ini,.ini,11981
runs/dobbe_colmap_official_v1/causal/sparse_txt/0/cameras.txt,.txt,191
runs/dobbe_colmap_official_v1/causal/sparse_txt/0/converter.log,.log,0
runs/dobbe_colmap_official_v1/causal/sparse_txt/0/converter_stdout.log,.log,0
runs/dobbe_colmap_official_v1/causal/sparse_txt/0/frames.txt,.txt,15701
runs/dobbe_colmap_official_v1/causal/sparse_txt/0/images.txt,.txt,820465
runs/dobbe_colmap_official_v1/causal/sparse_txt/0/points3D.txt,.txt,136424
runs/dobbe_colmap_official_v1/causal/sparse_txt/0/rigs.txt,.txt,222
runs/dobbe_colmap_official_v1/causal/sparse_txt/0/trajectory.csv,.csv,5827
runs/dobbe_colmap_official_v1/causal/sparse_txt/1/cameras.txt,.txt,191
runs/dobbe_colmap_official_v1/causal/sparse_txt/1/converter.log,.log,0
runs/dobbe_colmap_official_v1/causal/sparse_txt/1/converter_stdout.log,.log,0
runs/dobbe_colmap_official_v1/causal/sparse_txt/1/frames.txt,.txt,1024
runs/dobbe_colmap_official_v1/causal/sparse_txt/1/images.txt,.txt,43856
runs/dobbe_colmap_official_v1/causal/sparse_txt/1/points3D.txt,.txt,172
runs/dobbe_colmap_official_v1/causal/sparse_txt/1/rigs.txt,.txt,222
runs/dobbe_colmap_official_v1/causal/sparse_txt/1/trajectory.csv,.csv,341
runs/dobbe_colmap_official_v1/causal/summary.json,.json,132272
runs/dobbe_colmap_official_v1/causal_sparse_observations.png,.png,606239
runs/dobbe_colmap_official_v1/colmap_version.txt,.txt,1688
runs/dobbe_colmap_official_v1/decision.json,.json,1356
runs/dobbe_colmap_official_v1/decoded_png/000000.png,.png,66348
runs/dobbe_colmap_official_v1/decoded_png/000001.png,.png,68643
runs/dobbe_colmap_official_v1/decoded_png/000002.png,.png,69633
runs/dobbe_colmap_official_v1/decoded_png/000003.png,.png,69848
runs/dobbe_colmap_official_v1/decoded_png/000004.png,.png,69652
runs/dobbe_colmap_official_v1/decoded_png/000005.png,.png,71157
runs/dobbe_colmap_official_v1/decoded_png/000006.png,.png,71912
runs/dobbe_colmap_official_v1/decoded_png/000007.png,.png,72439
runs/dobbe_colmap_official_v1/decoded_png/000008.png,.png,72064
runs/dobbe_colmap_official_v1/decoded_png/000009.png,.png,73110
runs/dobbe_colmap_official_v1/decoded_png/000010.png,.png,73379
runs/dobbe_colmap_official_v1/decoded_png/000011.png,.png,73797
runs/dobbe_colmap_official_v1/decoded_png/000012.png,.png,73663
runs/dobbe_colmap_official_v1/decoded_png/000013.png,.png,75307
runs/dobbe_colmap_official_v1/decoded_png/000014.png,.png,75509
runs/dobbe_colmap_official_v1/decoded_png/000015.png,.png,75684
runs/dobbe_colmap_official_v1/decoded_png/000016.png,.png,75978
runs/dobbe_colmap_official_v1/decoded_png/000017.png,.png,76909
runs/dobbe_colmap_official_v1/decoded_png/000018.png,.png,77614
runs/dobbe_colmap_official_v1/decoded_png/000019.png,.png,78061
runs/dobbe_colmap_official_v1/decoded_png/000020.png,.png,78288
runs/dobbe_colmap_official_v1/decoded_png/000021.png,.png,79137
runs/dobbe_colmap_official_v1/decoded_png/000022.png,.png,79646
runs/dobbe_colmap_official_v1/decoded_png/000023.png,.png,79737
runs/dobbe_colmap_official_v1/decoded_png/000024.png,.png,80387
runs/dobbe_colmap_official_v1/decoded_png/000025.png,.png,81004
runs/dobbe_colmap_official_v1/decoded_png/000026.png,.png,81568
runs/dobbe_colmap_official_v1/decoded_png/000027.png,.png,81429
runs/dobbe_colmap_official_v1/decoded_png/000028.png,.png,81153
runs/dobbe_colmap_official_v1/decoded_png/000029.png,.png,81221
runs/dobbe_colmap_official_v1/decoded_png/000030.png,.png,81503
runs/dobbe_colmap_official_v1/decoded_png/000031.png,.png,80827
runs/dobbe_colmap_official_v1/decoded_png/000032.png,.png,78896
runs/dobbe_colmap_official_v1/decoded_png/000033.png,.png,80580
runs/dobbe_colmap_official_v1/decoded_png/000034.png,.png,81147
runs/dobbe_colmap_official_v1/decoded_png/000035.png,.png,82459
runs/dobbe_colmap_official_v1/decoded_png/000036.png,.png,81869
runs/dobbe_colmap_official_v1/decoded_png/000037.png,.png,83718
runs/dobbe_colmap_official_v1/decoded_png/000038.png,.png,83546
runs/dobbe_colmap_official_v1/decoded_png/000039.png,.png,84640
runs/dobbe_colmap_official_v1/decoded_png/000040.png,.png,85159
runs/dobbe_colmap_official_v1/decoded_png/000041.png,.png,86706
runs/dobbe_colmap_official_v1/decoded_png/000042.png,.png,85674
runs/dobbe_colmap_official_v1/decoded_png/000043.png,.png,84798
runs/dobbe_colmap_official_v1/decoded_png/000044.png,.png,83457
runs/dobbe_colmap_official_v1/decoded_png/000045.png,.png,85525
runs/dobbe_colmap_official_v1/decoded_png/000046.png,.png,86739
runs/dobbe_colmap_official_v1/decoded_png/000047.png,.png,87282
runs/dobbe_colmap_official_v1/decoded_png/000048.png,.png,87424
runs/dobbe_colmap_official_v1/decoded_png/000049.png,.png,87610
runs/dobbe_colmap_official_v1/decoded_png/000050.png,.png,88603
runs/dobbe_colmap_official_v1/decoded_png/000051.png,.png,88371
runs/dobbe_colmap_official_v1/decoded_png/000052.png,.png,88176
runs/dobbe_colmap_official_v1/decoded_png/000053.png,.png,89433
runs/dobbe_colmap_official_v1/decoded_png/000054.png,.png,90118
runs/dobbe_colmap_official_v1/decoded_png/000055.png,.png,90422
runs/dobbe_colmap_official_v1/decoded_png/000056.png,.png,91636
runs/dobbe_colmap_official_v1/decoded_png/000057.png,.png,91788
runs/dobbe_colmap_official_v1/decoded_png/000058.png,.png,92101
runs/dobbe_colmap_official_v1/decoded_png/000059.png,.png,91651
runs/dobbe_colmap_official_v1/decoded_png/000060.png,.png,91771
runs/dobbe_colmap_official_v1/decoded_png/000061.png,.png,92242
runs/dobbe_colmap_official_v1/decoded_png/000062.png,.png,93447
runs/dobbe_colmap_official_v1/decoded_png/000063.png,.png,93035
runs/dobbe_colmap_official_v1/decoded_png/000064.png,.png,94159
runs/dobbe_colmap_official_v1/decoded_png/000065.png,.png,94458
runs/dobbe_colmap_official_v1/decoded_png/000066.png,.png,95363
runs/dobbe_colmap_official_v1/decoded_png/000067.png,.png,95452
runs/dobbe_colmap_official_v1/decoded_png/000068.png,.png,96101
runs/dobbe_colmap_official_v1/decoded_png/000069.png,.png,97039
runs/dobbe_colmap_official_v1/decoded_png/000070.png,.png,97412
runs/dobbe_colmap_official_v1/decoded_png/000071.png,.png,96946
runs/dobbe_colmap_official_v1/decoded_png/000072.png,.png,96989
runs/dobbe_colmap_official_v1/decoded_png/000073.png,.png,96718
runs/dobbe_colmap_official_v1/decoded_png/000074.png,.png,96645
runs/dobbe_colmap_official_v1/decoded_png/000075.png,.png,95215
runs/dobbe_colmap_official_v1/decoded_png/000076.png,.png,94422
runs/dobbe_colmap_official_v1/decoded_png/000077.png,.png,94271
runs/dobbe_colmap_official_v1/decoded_png/000078.png,.png,94388
runs/dobbe_colmap_official_v1/decoded_png/000079.png,.png,94193
runs/dobbe_colmap_official_v1/decoded_png/000080.png,.png,94044
runs/dobbe_colmap_official_v1/decoded_png/000081.png,.png,94528
runs/dobbe_colmap_official_v1/decoded_png/000082.png,.png,94669
runs/dobbe_colmap_official_v1/decoded_png/000083.png,.png,94727
runs/dobbe_colmap_official_v1/decoded_png/000084.png,.png,94895
runs/dobbe_colmap_official_v1/decoded_png/000085.png,.png,94918
runs/dobbe_colmap_official_v1/decoded_png/000086.png,.png,95384
runs/dobbe_colmap_official_v1/decoded_png/000087.png,.png,95051
runs/dobbe_colmap_official_v1/decoded_png/000088.png,.png,94852
runs/dobbe_colmap_official_v1/decoded_png/000089.png,.png,94607
runs/dobbe_colmap_official_v1/decoded_png/000090.png,.png,95035
runs/dobbe_colmap_official_v1/decoded_png/000091.png,.png,94913
runs/dobbe_colmap_official_v1/decoded_png/000092.png,.png,94848
runs/dobbe_colmap_official_v1/decoded_png/000093.png,.png,95102
runs/dobbe_colmap_official_v1/decoded_png/000094.png,.png,95366
runs/dobbe_colmap_official_v1/decoded_png/000095.png,.png,94571
runs/dobbe_colmap_official_v1/decoded_png/000096.png,.png,94236
runs/dobbe_colmap_official_v1/decoded_png/000097.png,.png,94188
runs/dobbe_colmap_official_v1/decoded_png/000098.png,.png,94621
runs/dobbe_colmap_official_v1/decoded_png/000099.png,.png,94069
runs/dobbe_colmap_official_v1/decoded_png/000100.png,.png,93644
runs/dobbe_colmap_official_v1/decoded_png/000101.png,.png,92110
runs/dobbe_colmap_official_v1/decoded_png/000102.png,.png,91376
runs/dobbe_colmap_official_v1/decoded_png/000103.png,.png,91300
runs/dobbe_colmap_official_v1/decoded_png/000104.png,.png,90543
runs/dobbe_colmap_official_v1/decoded_png/000105.png,.png,89338
runs/dobbe_colmap_official_v1/decoded_png/000106.png,.png,86315
runs/dobbe_colmap_official_v1/decoded_png/000107.png,.png,84412
runs/dobbe_colmap_official_v1/decoded_png/000108.png,.png,81835
runs/dobbe_colmap_official_v1/decoded_png/000109.png,.png,81592
runs/dobbe_colmap_official_v1/decoded_png/000110.png,.png,79288
runs/dobbe_colmap_official_v1/decoded_png/000111.png,.png,78312
runs/dobbe_colmap_official_v1/decoded_png/000112.png,.png,77964
runs/dobbe_colmap_official_v1/decoded_png/000113.png,.png,75282
runs/dobbe_colmap_official_v1/decoded_png/000114.png,.png,72747
runs/dobbe_colmap_official_v1/decoded_png/000115.png,.png,73648
runs/dobbe_colmap_official_v1/decoded_png/000116.png,.png,74442
runs/dobbe_colmap_official_v1/decoded_png/000117.png,.png,74386
runs/dobbe_colmap_official_v1/decoded_png/000118.png,.png,72996
runs/dobbe_colmap_official_v1/decoded_png/000119.png,.png,75987
runs/dobbe_colmap_official_v1/decoded_png/000120.png,.png,75516
runs/dobbe_colmap_official_v1/decoded_png/000121.png,.png,75036
runs/dobbe_colmap_official_v1/decoded_png/000122.png,.png,72626
runs/dobbe_colmap_official_v1/decoded_png/000123.png,.png,75426
runs/dobbe_colmap_official_v1/decoded_png/000124.png,.png,74687
runs/dobbe_colmap_official_v1/decoded_png/000125.png,.png,74493
runs/dobbe_colmap_official_v1/decoded_png/000126.png,.png,70870
runs/dobbe_colmap_official_v1/decoded_png/000127.png,.png,75998
runs/dobbe_colmap_official_v1/decoded_png/000128.png,.png,78078
runs/dobbe_colmap_official_v1/decoded_png/000129.png,.png,78992
runs/dobbe_colmap_official_v1/decoded_png/000130.png,.png,83219
runs/dobbe_colmap_official_v1/decoded_png/000131.png,.png,86237
runs/dobbe_colmap_official_v1/decoded_png/000132.png,.png,86689
runs/dobbe_colmap_official_v1/decoded_png/000133.png,.png,87266
runs/dobbe_colmap_official_v1/decoded_png/000134.png,.png,87383
runs/dobbe_colmap_official_v1/decoded_png/000135.png,.png,85725
runs/dobbe_colmap_official_v1/decoded_png/000136.png,.png,80769
runs/dobbe_colmap_official_v1/decoded_png/000137.png,.png,80673
runs/dobbe_colmap_official_v1/decoded_png/000138.png,.png,79480
runs/dobbe_colmap_official_v1/decoded_png/000139.png,.png,80481
runs/dobbe_colmap_official_v1/decoded_png/000140.png,.png,80078
runs/dobbe_colmap_official_v1/decoded_png/000141.png,.png,77808
runs/dobbe_colmap_official_v1/decoded_png/000142.png,.png,79017
runs/dobbe_colmap_official_v1/decoded_png/000143.png,.png,78460
runs/dobbe_colmap_official_v1/decoded_png/000144.png,.png,81637
runs/dobbe_colmap_official_v1/decoded_png/000145.png,.png,82086
runs/dobbe_colmap_official_v1/decoded_png/000146.png,.png,85897
runs/dobbe_colmap_official_v1/decoded_png/000147.png,.png,86728
runs/dobbe_colmap_official_v1/decoded_png/000148.png,.png,87605
runs/dobbe_colmap_official_v1/decoded_png/000149.png,.png,91721
runs/dobbe_colmap_official_v1/decoded_png/000150.png,.png,93200
runs/dobbe_colmap_official_v1/decoded_png/000151.png,.png,92471
runs/dobbe_colmap_official_v1/decoded_png/000152.png,.png,96715
runs/dobbe_colmap_official_v1/decoded_png/000153.png,.png,98782
runs/dobbe_colmap_official_v1/decoded_png/000154.png,.png,98941
runs/dobbe_colmap_official_v1/decoded_png/000155.png,.png,102396
runs/dobbe_colmap_official_v1/decoded_png/000156.png,.png,104195
runs/dobbe_colmap_official_v1/decoded_png/000157.png,.png,104445
runs/dobbe_colmap_official_v1/decoded_png/000158.png,.png,106983
runs/dobbe_colmap_official_v1/decoded_png/000159.png,.png,108132
runs/dobbe_colmap_official_v1/decoded_png/000160.png,.png,108747
runs/dobbe_colmap_official_v1/decoded_png/000161.png,.png,108330
runs/dobbe_colmap_official_v1/decoded_png/000162.png,.png,109455
runs/dobbe_colmap_official_v1/decoded_png/000163.png,.png,109598
runs/dobbe_colmap_official_v1/decoded_png/000164.png,.png,110056
runs/dobbe_colmap_official_v1/decoded_png/000165.png,.png,109581
runs/dobbe_colmap_official_v1/decoded_png/000166.png,.png,109874
runs/dobbe_colmap_official_v1/decoded_png/000167.png,.png,109780
runs/dobbe_colmap_official_v1/decoded_png/000168.png,.png,110037
runs/dobbe_colmap_official_v1/decoded_png/000169.png,.png,109632
runs/dobbe_colmap_official_v1/decoded_png/000170.png,.png,110585
runs/dobbe_colmap_official_v1/decoded_png/000171.png,.png,110920
runs/dobbe_colmap_official_v1/decoded_png/000172.png,.png,111360
runs/dobbe_colmap_official_v1/decoded_png/000173.png,.png,110054
runs/dobbe_colmap_official_v1/decoded_png/000174.png,.png,112590
runs/dobbe_colmap_official_v1/decoded_png/000175.png,.png,113770
runs/dobbe_colmap_official_v1/decoded_png/000176.png,.png,112490
runs/dobbe_colmap_official_v1/decoded_png/000177.png,.png,111918
runs/dobbe_colmap_official_v1/decoded_png/000178.png,.png,114477
runs/dobbe_colmap_official_v1/decoded_png/000179.png,.png,114534
runs/dobbe_colmap_official_v1/decoded_png/000180.png,.png,114155
runs/dobbe_colmap_official_v1/decoded_png/000181.png,.png,114100
runs/dobbe_colmap_official_v1/decoded_png/000182.png,.png,115371
runs/dobbe_colmap_official_v1/decoded_png/000183.png,.png,115651
runs/dobbe_colmap_official_v1/decoded_png/000184.png,.png,115644
runs/dobbe_colmap_official_v1/decoded_png/000185.png,.png,115936
runs/dobbe_colmap_official_v1/decoded_png/000186.png,.png,118432
runs/dobbe_colmap_official_v1/decoded_png/000187.png,.png,118310
runs/dobbe_colmap_official_v1/decoded_png/000188.png,.png,119575
runs/dobbe_colmap_official_v1/decoded_png/000189.png,.png,118735
runs/dobbe_colmap_official_v1/decoded_png/000190.png,.png,119906
runs/dobbe_colmap_official_v1/decoded_png/000191.png,.png,120006
runs/dobbe_colmap_official_v1/decoded_png/000192.png,.png,120626
runs/dobbe_colmap_official_v1/decoded_png/000193.png,.png,120422
runs/dobbe_colmap_official_v1/decoded_png/000194.png,.png,120807
runs/dobbe_colmap_official_v1/decoded_png/000195.png,.png,120487
runs/dobbe_colmap_official_v1/decoded_png/000196.png,.png,120860
runs/dobbe_colmap_official_v1/decoded_png/000197.png,.png,120970
runs/dobbe_colmap_official_v1/decoded_png/000198.png,.png,120251
runs/dobbe_colmap_official_v1/decoded_png/000199.png,.png,120788
runs/dobbe_colmap_official_v1/decoded_png/000200.png,.png,120282
runs/dobbe_colmap_official_v1/decoded_png/000201.png,.png,118563
runs/dobbe_colmap_official_v1/decoded_png/000202.png,.png,117747
runs/dobbe_colmap_official_v1/decoded_png/000203.png,.png,113240
runs/dobbe_colmap_official_v1/decoded_png/000204.png,.png,112944
runs/dobbe_colmap_official_v1/decoded_png/000205.png,.png,109751
runs/dobbe_colmap_official_v1/decoded_png/000206.png,.png,113646
runs/dobbe_colmap_official_v1/decoded_png/000207.png,.png,115607
runs/dobbe_colmap_official_v1/decoded_png/000208.png,.png,116994
runs/dobbe_colmap_official_v1/decoded_png/000209.png,.png,114564
runs/dobbe_colmap_official_v1/decoded_png/000210.png,.png,115466
runs/dobbe_colmap_official_v1/decoded_png/000211.png,.png,115326
runs/dobbe_colmap_official_v1/decoded_png/000212.png,.png,115284
runs/dobbe_colmap_official_v1/decoded_png/000213.png,.png,114574
runs/dobbe_colmap_official_v1/decoded_png/000214.png,.png,114380
runs/dobbe_colmap_official_v1/decoded_png/000215.png,.png,114512
runs/dobbe_colmap_official_v1/decoded_png/000216.png,.png,113884
runs/dobbe_colmap_official_v1/decoded_png/000217.png,.png,112812
runs/dobbe_colmap_official_v1/decoded_png/000218.png,.png,113583
runs/dobbe_colmap_official_v1/decoded_png/000219.png,.png,113756
runs/dobbe_colmap_official_v1/decoded_png/000220.png,.png,112855
runs/dobbe_colmap_official_v1/decoded_png/000221.png,.png,112106
runs/dobbe_colmap_official_v1/decoded_png/000222.png,.png,112991
runs/dobbe_colmap_official_v1/decoded_png/000223.png,.png,113340
runs/dobbe_colmap_official_v1/decoded_png/000224.png,.png,112878
runs/dobbe_colmap_official_v1/decoded_png/000225.png,.png,112331
runs/dobbe_colmap_official_v1/decoded_png/000226.png,.png,112614
runs/dobbe_colmap_official_v1/decoded_png/000227.png,.png,113134
runs/dobbe_colmap_official_v1/decoded_png/000228.png,.png,113685
runs/dobbe_colmap_official_v1/decoded_png/000229.png,.png,112933
runs/dobbe_colmap_official_v1/decoded_png/000230.png,.png,113170
runs/dobbe_colmap_official_v1/decoded_png/000231.png,.png,114100
runs/dobbe_colmap_official_v1/decoded_png/000232.png,.png,114542
runs/dobbe_colmap_official_v1/decoded_png/000233.png,.png,113790
runs/dobbe_colmap_official_v1/decoded_png/000234.png,.png,114451
runs/dobbe_colmap_official_v1/decoded_png/000235.png,.png,114862
runs/dobbe_colmap_official_v1/decoded_png/000236.png,.png,114799
runs/dobbe_colmap_official_v1/decoded_png/000237.png,.png,114301
runs/dobbe_colmap_official_v1/decoded_png/000238.png,.png,115588
runs/dobbe_colmap_official_v1/decoded_png/000239.png,.png,115770
runs/dobbe_colmap_official_v1/decoded_png/000240.png,.png,114414
runs/dobbe_colmap_official_v1/decoded_png/000241.png,.png,114202
runs/dobbe_colmap_official_v1/decoded_png/000242.png,.png,114120
runs/dobbe_colmap_official_v1/experiment_results.csv,.csv,246
runs/dobbe_colmap_official_v1/full/colmap.log,.log,787675
runs/dobbe_colmap_official_v1/full/colmap_stdout.log,.log,0
runs/dobbe_colmap_official_v1/full/database.db,.db,15282176
runs/dobbe_colmap_official_v1/full/database.db-shm,.db-shm,32768
runs/dobbe_colmap_official_v1/full/database.db-wal,.db-wal,0
runs/dobbe_colmap_official_v1/full/execution.json,.json,2897
runs/dobbe_colmap_official_v1/full/images/000000.png,.png,66348
runs/dobbe_colmap_official_v1/full/images/000001.png,.png,68643
runs/dobbe_colmap_official_v1/full/images/000002.png,.png,69633
runs/dobbe_colmap_official_v1/full/images/000003.png,.png,69848
runs/dobbe_colmap_official_v1/full/images/000004.png,.png,69652
runs/dobbe_colmap_official_v1/full/images/000005.png,.png,71157
runs/dobbe_colmap_official_v1/full/images/000006.png,.png,71912
runs/dobbe_colmap_official_v1/full/images/000007.png,.png,72439
runs/dobbe_colmap_official_v1/full/images/000008.png,.png,72064
runs/dobbe_colmap_official_v1/full/images/000009.png,.png,73110
runs/dobbe_colmap_official_v1/full/images/000010.png,.png,73379
runs/dobbe_colmap_official_v1/full/images/000011.png,.png,73797
runs/dobbe_colmap_official_v1/full/images/000012.png,.png,73663
runs/dobbe_colmap_official_v1/full/images/000013.png,.png,75307
runs/dobbe_colmap_official_v1/full/images/000014.png,.png,75509
runs/dobbe_colmap_official_v1/full/images/000015.png,.png,75684
runs/dobbe_colmap_official_v1/full/images/000016.png,.png,75978
runs/dobbe_colmap_official_v1/full/images/000017.png,.png,76909
runs/dobbe_colmap_official_v1/full/images/000018.png,.png,77614
runs/dobbe_colmap_official_v1/full/images/000019.png,.png,78061
runs/dobbe_colmap_official_v1/full/images/000020.png,.png,78288
runs/dobbe_colmap_official_v1/full/images/000021.png,.png,79137
runs/dobbe_colmap_official_v1/full/images/000022.png,.png,79646
runs/dobbe_colmap_official_v1/full/images/000023.png,.png,79737
runs/dobbe_colmap_official_v1/full/images/000024.png,.png,80387
runs/dobbe_colmap_official_v1/full/images/000025.png,.png,81004
runs/dobbe_colmap_official_v1/full/images/000026.png,.png,81568
runs/dobbe_colmap_official_v1/full/images/000027.png,.png,81429
runs/dobbe_colmap_official_v1/full/images/000028.png,.png,81153
runs/dobbe_colmap_official_v1/full/images/000029.png,.png,81221
runs/dobbe_colmap_official_v1/full/images/000030.png,.png,81503
runs/dobbe_colmap_official_v1/full/images/000031.png,.png,80827
runs/dobbe_colmap_official_v1/full/images/000032.png,.png,78896
runs/dobbe_colmap_official_v1/full/images/000033.png,.png,80580
runs/dobbe_colmap_official_v1/full/images/000034.png,.png,81147
runs/dobbe_colmap_official_v1/full/images/000035.png,.png,82459
runs/dobbe_colmap_official_v1/full/images/000036.png,.png,81869
runs/dobbe_colmap_official_v1/full/images/000037.png,.png,83718
runs/dobbe_colmap_official_v1/full/images/000038.png,.png,83546
runs/dobbe_colmap_official_v1/full/images/000039.png,.png,84640
runs/dobbe_colmap_official_v1/full/images/000040.png,.png,85159
runs/dobbe_colmap_official_v1/full/images/000041.png,.png,86706
runs/dobbe_colmap_official_v1/full/images/000042.png,.png,85674
runs/dobbe_colmap_official_v1/full/images/000043.png,.png,84798
runs/dobbe_colmap_official_v1/full/images/000044.png,.png,83457
runs/dobbe_colmap_official_v1/full/images/000045.png,.png,85525
runs/dobbe_colmap_official_v1/full/images/000046.png,.png,86739
runs/dobbe_colmap_official_v1/full/images/000047.png,.png,87282
runs/dobbe_colmap_official_v1/full/images/000048.png,.png,87424
runs/dobbe_colmap_official_v1/full/images/000049.png,.png,87610
runs/dobbe_colmap_official_v1/full/images/000050.png,.png,88603
runs/dobbe_colmap_official_v1/full/images/000051.png,.png,88371
runs/dobbe_colmap_official_v1/full/images/000052.png,.png,88176
runs/dobbe_colmap_official_v1/full/images/000053.png,.png,89433
runs/dobbe_colmap_official_v1/full/images/000054.png,.png,90118
runs/dobbe_colmap_official_v1/full/images/000055.png,.png,90422
runs/dobbe_colmap_official_v1/full/images/000056.png,.png,91636
runs/dobbe_colmap_official_v1/full/images/000057.png,.png,91788
runs/dobbe_colmap_official_v1/full/images/000058.png,.png,92101
runs/dobbe_colmap_official_v1/full/images/000059.png,.png,91651
runs/dobbe_colmap_official_v1/full/images/000060.png,.png,91771
runs/dobbe_colmap_official_v1/full/images/000061.png,.png,92242
runs/dobbe_colmap_official_v1/full/images/000062.png,.png,93447
runs/dobbe_colmap_official_v1/full/images/000063.png,.png,93035
runs/dobbe_colmap_official_v1/full/images/000064.png,.png,94159
runs/dobbe_colmap_official_v1/full/images/000065.png,.png,94458
runs/dobbe_colmap_official_v1/full/images/000066.png,.png,95363
runs/dobbe_colmap_official_v1/full/images/000067.png,.png,95452
runs/dobbe_colmap_official_v1/full/images/000068.png,.png,96101
runs/dobbe_colmap_official_v1/full/images/000069.png,.png,97039
runs/dobbe_colmap_official_v1/full/images/000070.png,.png,97412
runs/dobbe_colmap_official_v1/full/images/000071.png,.png,96946
runs/dobbe_colmap_official_v1/full/images/000072.png,.png,96989
runs/dobbe_colmap_official_v1/full/images/000073.png,.png,96718
runs/dobbe_colmap_official_v1/full/images/000074.png,.png,96645
runs/dobbe_colmap_official_v1/full/images/000075.png,.png,95215
runs/dobbe_colmap_official_v1/full/images/000076.png,.png,94422
runs/dobbe_colmap_official_v1/full/images/000077.png,.png,94271
runs/dobbe_colmap_official_v1/full/images/000078.png,.png,94388
runs/dobbe_colmap_official_v1/full/images/000079.png,.png,94193
runs/dobbe_colmap_official_v1/full/images/000080.png,.png,94044
runs/dobbe_colmap_official_v1/full/images/000081.png,.png,94528
runs/dobbe_colmap_official_v1/full/images/000082.png,.png,94669
runs/dobbe_colmap_official_v1/full/images/000083.png,.png,94727
runs/dobbe_colmap_official_v1/full/images/000084.png,.png,94895
runs/dobbe_colmap_official_v1/full/images/000085.png,.png,94918
runs/dobbe_colmap_official_v1/full/images/000086.png,.png,95384
runs/dobbe_colmap_official_v1/full/images/000087.png,.png,95051
runs/dobbe_colmap_official_v1/full/images/000088.png,.png,94852
runs/dobbe_colmap_official_v1/full/images/000089.png,.png,94607
runs/dobbe_colmap_official_v1/full/images/000090.png,.png,95035
runs/dobbe_colmap_official_v1/full/images/000091.png,.png,94913
runs/dobbe_colmap_official_v1/full/images/000092.png,.png,94848
runs/dobbe_colmap_official_v1/full/images/000093.png,.png,95102
runs/dobbe_colmap_official_v1/full/images/000094.png,.png,95366
runs/dobbe_colmap_official_v1/full/images/000095.png,.png,94571
runs/dobbe_colmap_official_v1/full/images/000096.png,.png,94236
runs/dobbe_colmap_official_v1/full/images/000097.png,.png,94188
runs/dobbe_colmap_official_v1/full/images/000098.png,.png,94621
runs/dobbe_colmap_official_v1/full/images/000099.png,.png,94069
runs/dobbe_colmap_official_v1/full/images/000100.png,.png,93644
runs/dobbe_colmap_official_v1/full/images/000101.png,.png,92110
runs/dobbe_colmap_official_v1/full/images/000102.png,.png,91376
runs/dobbe_colmap_official_v1/full/images/000103.png,.png,91300
runs/dobbe_colmap_official_v1/full/images/000104.png,.png,90543
runs/dobbe_colmap_official_v1/full/images/000105.png,.png,89338
runs/dobbe_colmap_official_v1/full/images/000106.png,.png,86315
runs/dobbe_colmap_official_v1/full/images/000107.png,.png,84412
runs/dobbe_colmap_official_v1/full/images/000108.png,.png,81835
runs/dobbe_colmap_official_v1/full/images/000109.png,.png,81592
runs/dobbe_colmap_official_v1/full/images/000110.png,.png,79288
runs/dobbe_colmap_official_v1/full/images/000111.png,.png,78312
runs/dobbe_colmap_official_v1/full/images/000112.png,.png,77964
runs/dobbe_colmap_official_v1/full/images/000113.png,.png,75282
runs/dobbe_colmap_official_v1/full/images/000114.png,.png,72747
runs/dobbe_colmap_official_v1/full/images/000115.png,.png,73648
runs/dobbe_colmap_official_v1/full/images/000116.png,.png,74442
runs/dobbe_colmap_official_v1/full/images/000117.png,.png,74386
runs/dobbe_colmap_official_v1/full/images/000118.png,.png,72996
runs/dobbe_colmap_official_v1/full/images/000119.png,.png,75987
runs/dobbe_colmap_official_v1/full/images/000120.png,.png,75516
runs/dobbe_colmap_official_v1/full/images/000121.png,.png,75036
runs/dobbe_colmap_official_v1/full/images/000122.png,.png,72626
runs/dobbe_colmap_official_v1/full/images/000123.png,.png,75426
runs/dobbe_colmap_official_v1/full/images/000124.png,.png,74687
runs/dobbe_colmap_official_v1/full/images/000125.png,.png,74493
runs/dobbe_colmap_official_v1/full/images/000126.png,.png,70870
runs/dobbe_colmap_official_v1/full/images/000127.png,.png,75998
runs/dobbe_colmap_official_v1/full/images/000128.png,.png,78078
runs/dobbe_colmap_official_v1/full/images/000129.png,.png,78992
runs/dobbe_colmap_official_v1/full/images/000130.png,.png,83219
runs/dobbe_colmap_official_v1/full/images/000131.png,.png,86237
runs/dobbe_colmap_official_v1/full/images/000132.png,.png,86689
runs/dobbe_colmap_official_v1/full/images/000133.png,.png,87266
runs/dobbe_colmap_official_v1/full/images/000134.png,.png,87383
runs/dobbe_colmap_official_v1/full/images/000135.png,.png,85725
runs/dobbe_colmap_official_v1/full/images/000136.png,.png,80769
runs/dobbe_colmap_official_v1/full/images/000137.png,.png,80673
runs/dobbe_colmap_official_v1/full/images/000138.png,.png,79480
runs/dobbe_colmap_official_v1/full/images/000139.png,.png,80481
runs/dobbe_colmap_official_v1/full/images/000140.png,.png,80078
runs/dobbe_colmap_official_v1/full/images/000141.png,.png,77808
runs/dobbe_colmap_official_v1/full/images/000142.png,.png,79017
runs/dobbe_colmap_official_v1/full/images/000143.png,.png,78460
runs/dobbe_colmap_official_v1/full/images/000144.png,.png,81637
runs/dobbe_colmap_official_v1/full/images/000145.png,.png,82086
runs/dobbe_colmap_official_v1/full/images/000146.png,.png,85897
runs/dobbe_colmap_official_v1/full/images/000147.png,.png,86728
runs/dobbe_colmap_official_v1/full/images/000148.png,.png,87605
runs/dobbe_colmap_official_v1/full/images/000149.png,.png,91721
runs/dobbe_colmap_official_v1/full/images/000150.png,.png,93200
runs/dobbe_colmap_official_v1/full/images/000151.png,.png,92471
runs/dobbe_colmap_official_v1/full/images/000152.png,.png,96715
runs/dobbe_colmap_official_v1/full/images/000153.png,.png,98782
runs/dobbe_colmap_official_v1/full/images/000154.png,.png,98941
runs/dobbe_colmap_official_v1/full/images/000155.png,.png,102396
runs/dobbe_colmap_official_v1/full/images/000156.png,.png,104195
runs/dobbe_colmap_official_v1/full/images/000157.png,.png,104445
runs/dobbe_colmap_official_v1/full/images/000158.png,.png,106983
runs/dobbe_colmap_official_v1/full/images/000159.png,.png,108132
runs/dobbe_colmap_official_v1/full/images/000160.png,.png,108747
runs/dobbe_colmap_official_v1/full/images/000161.png,.png,108330
runs/dobbe_colmap_official_v1/full/images/000162.png,.png,109455
runs/dobbe_colmap_official_v1/full/images/000163.png,.png,109598
runs/dobbe_colmap_official_v1/full/images/000164.png,.png,110056
runs/dobbe_colmap_official_v1/full/images/000165.png,.png,109581
runs/dobbe_colmap_official_v1/full/images/000166.png,.png,109874
runs/dobbe_colmap_official_v1/full/images/000167.png,.png,109780
runs/dobbe_colmap_official_v1/full/images/000168.png,.png,110037
runs/dobbe_colmap_official_v1/full/images/000169.png,.png,109632
runs/dobbe_colmap_official_v1/full/images/000170.png,.png,110585
runs/dobbe_colmap_official_v1/full/images/000171.png,.png,110920
runs/dobbe_colmap_official_v1/full/images/000172.png,.png,111360
runs/dobbe_colmap_official_v1/full/images/000173.png,.png,110054
runs/dobbe_colmap_official_v1/full/images/000174.png,.png,112590
runs/dobbe_colmap_official_v1/full/images/000175.png,.png,113770
runs/dobbe_colmap_official_v1/full/images/000176.png,.png,112490
runs/dobbe_colmap_official_v1/full/images/000177.png,.png,111918
runs/dobbe_colmap_official_v1/full/images/000178.png,.png,114477
runs/dobbe_colmap_official_v1/full/images/000179.png,.png,114534
runs/dobbe_colmap_official_v1/full/images/000180.png,.png,114155
runs/dobbe_colmap_official_v1/full/images/000181.png,.png,114100
runs/dobbe_colmap_official_v1/full/images/000182.png,.png,115371
runs/dobbe_colmap_official_v1/full/images/000183.png,.png,115651
runs/dobbe_colmap_official_v1/full/images/000184.png,.png,115644
runs/dobbe_colmap_official_v1/full/images/000185.png,.png,115936
runs/dobbe_colmap_official_v1/full/images/000186.png,.png,118432
runs/dobbe_colmap_official_v1/full/images/000187.png,.png,118310
runs/dobbe_colmap_official_v1/full/images/000188.png,.png,119575
runs/dobbe_colmap_official_v1/full/images/000189.png,.png,118735
runs/dobbe_colmap_official_v1/full/images/000190.png,.png,119906
runs/dobbe_colmap_official_v1/full/images/000191.png,.png,120006
runs/dobbe_colmap_official_v1/full/images/000192.png,.png,120626
runs/dobbe_colmap_official_v1/full/images/000193.png,.png,120422
runs/dobbe_colmap_official_v1/full/images/000194.png,.png,120807
runs/dobbe_colmap_official_v1/full/images/000195.png,.png,120487
runs/dobbe_colmap_official_v1/full/images/000196.png,.png,120860
runs/dobbe_colmap_official_v1/full/images/000197.png,.png,120970
runs/dobbe_colmap_official_v1/full/images/000198.png,.png,120251
runs/dobbe_colmap_official_v1/full/images/000199.png,.png,120788
runs/dobbe_colmap_official_v1/full/images/000200.png,.png,120282
runs/dobbe_colmap_official_v1/full/images/000201.png,.png,118563
runs/dobbe_colmap_official_v1/full/images/000202.png,.png,117747
runs/dobbe_colmap_official_v1/full/images/000203.png,.png,113240
runs/dobbe_colmap_official_v1/full/images/000204.png,.png,112944
runs/dobbe_colmap_official_v1/full/images/000205.png,.png,109751
runs/dobbe_colmap_official_v1/full/images/000206.png,.png,113646
runs/dobbe_colmap_official_v1/full/images/000207.png,.png,115607
runs/dobbe_colmap_official_v1/full/images/000208.png,.png,116994
runs/dobbe_colmap_official_v1/full/images/000209.png,.png,114564
runs/dobbe_colmap_official_v1/full/images/000210.png,.png,115466
runs/dobbe_colmap_official_v1/full/images/000211.png,.png,115326
runs/dobbe_colmap_official_v1/full/images/000212.png,.png,115284
runs/dobbe_colmap_official_v1/full/images/000213.png,.png,114574
runs/dobbe_colmap_official_v1/full/images/000214.png,.png,114380
runs/dobbe_colmap_official_v1/full/images/000215.png,.png,114512
runs/dobbe_colmap_official_v1/full/images/000216.png,.png,113884
runs/dobbe_colmap_official_v1/full/images/000217.png,.png,112812
runs/dobbe_colmap_official_v1/full/images/000218.png,.png,113583
runs/dobbe_colmap_official_v1/full/images/000219.png,.png,113756
runs/dobbe_colmap_official_v1/full/images/000220.png,.png,112855
runs/dobbe_colmap_official_v1/full/images/000221.png,.png,112106
runs/dobbe_colmap_official_v1/full/images/000222.png,.png,112991
runs/dobbe_colmap_official_v1/full/images/000223.png,.png,113340
runs/dobbe_colmap_official_v1/full/images/000224.png,.png,112878
runs/dobbe_colmap_official_v1/full/images/000225.png,.png,112331
runs/dobbe_colmap_official_v1/full/images/000226.png,.png,112614
runs/dobbe_colmap_official_v1/full/images/000227.png,.png,113134
runs/dobbe_colmap_official_v1/full/images/000228.png,.png,113685
runs/dobbe_colmap_official_v1/full/images/000229.png,.png,112933
runs/dobbe_colmap_official_v1/full/images/000230.png,.png,113170
runs/dobbe_colmap_official_v1/full/images/000231.png,.png,114100
runs/dobbe_colmap_official_v1/full/images/000232.png,.png,114542
runs/dobbe_colmap_official_v1/full/images/000233.png,.png,113790
runs/dobbe_colmap_official_v1/full/images/000234.png,.png,114451
runs/dobbe_colmap_official_v1/full/images/000235.png,.png,114862
runs/dobbe_colmap_official_v1/full/images/000236.png,.png,114799
runs/dobbe_colmap_official_v1/full/images/000237.png,.png,114301
runs/dobbe_colmap_official_v1/full/images/000238.png,.png,115588
runs/dobbe_colmap_official_v1/full/images/000239.png,.png,115770
runs/dobbe_colmap_official_v1/full/images/000240.png,.png,114414
runs/dobbe_colmap_official_v1/full/images/000241.png,.png,114202
runs/dobbe_colmap_official_v1/full/images/000242.png,.png,114120
runs/dobbe_colmap_official_v1/full/match_graph.json,.json,1612
runs/dobbe_colmap_official_v1/full/match_images.csv,.csv,4247
runs/dobbe_colmap_official_v1/full/match_pairs.csv,.csv,59441
runs/dobbe_colmap_official_v1/full/sparse/0/cameras.bin,.bin,64
runs/dobbe_colmap_official_v1/full/sparse/0/frames.bin,.bin,8996
runs/dobbe_colmap_official_v1/full/sparse/0/images.bin,.bin,942345
runs/dobbe_colmap_official_v1/full/sparse/0/points3D.bin,.bin,291632
runs/dobbe_colmap_official_v1/full/sparse/0/rigs.bin,.bin,24
runs/dobbe_colmap_official_v1/full/sparse/1/cameras.bin,.bin,64
runs/dobbe_colmap_official_v1/full/sparse/1/frames.bin,.bin,6392
runs/dobbe_colmap_official_v1/full/sparse/1/images.bin,.bin,394540
runs/dobbe_colmap_official_v1/full/sparse/1/points3D.bin,.bin,117938
runs/dobbe_colmap_official_v1/full/sparse/1/rigs.bin,.bin,24
runs/dobbe_colmap_official_v1/full/sparse/2/cameras.bin,.bin,64
runs/dobbe_colmap_official_v1/full/sparse/2/frames.bin,.bin,2948
runs/dobbe_colmap_official_v1/full/sparse/2/images.bin,.bin,146985
runs/dobbe_colmap_official_v1/full/sparse/2/points3D.bin,.bin,48810
runs/dobbe_colmap_official_v1/full/sparse/2/rigs.bin,.bin,24
runs/dobbe_colmap_official_v1/full/sparse/3/cameras.bin,.bin,64
runs/dobbe_colmap_official_v1/full/sparse/3/frames.bin,.bin,1520
runs/dobbe_colmap_official_v1/full/sparse/3/images.bin,.bin,87878
runs/dobbe_colmap_official_v1/full/sparse/3/points3D.bin,.bin,2305
runs/dobbe_colmap_official_v1/full/sparse/3/rigs.bin,.bin,24
runs/dobbe_colmap_official_v1/full/sparse/4/cameras.bin,.bin,64
runs/dobbe_colmap_official_v1/full/sparse/4/frames.bin,.bin,1016
runs/dobbe_colmap_official_v1/full/sparse/4/images.bin,.bin,50084
runs/dobbe_colmap_official_v1/full/sparse/4/points3D.bin,.bin,455
runs/dobbe_colmap_official_v1/full/sparse/4/rigs.bin,.bin,24
runs/dobbe_colmap_official_v1/full/sparse/project.ini,.ini,11977
runs/dobbe_colmap_official_v1/full/sparse_txt/0/cameras.txt,.txt,194
runs/dobbe_colmap_official_v1/full/sparse_txt/0/converter.log,.log,0
runs/dobbe_colmap_official_v1/full/sparse_txt/0/converter_stdout.log,.log,0
runs/dobbe_colmap_official_v1/full/sparse_txt/0/frames.txt,.txt,18211
runs/dobbe_colmap_official_v1/full/sparse_txt/0/images.txt,.txt,1646062
runs/dobbe_colmap_official_v1/full/sparse_txt/0/points3D.txt,.txt,336588
runs/dobbe_colmap_official_v1/full/sparse_txt/0/rigs.txt,.txt,222
runs/dobbe_colmap_official_v1/full/sparse_txt/0/trajectory.csv,.csv,6654
runs/dobbe_colmap_official_v1/full/sparse_txt/1/cameras.txt,.txt,192
runs/dobbe_colmap_official_v1/full/sparse_txt/1/converter.log,.log,0
runs/dobbe_colmap_official_v1/full/sparse_txt/1/converter_stdout.log,.log,0
runs/dobbe_colmap_official_v1/full/sparse_txt/1/frames.txt,.txt,12565
runs/dobbe_colmap_official_v1/full/sparse_txt/1/images.txt,.txt,681132
runs/dobbe_colmap_official_v1/full/sparse_txt/1/points3D.txt,.txt,127347
runs/dobbe_colmap_official_v1/full/sparse_txt/1/rigs.txt,.txt,222
runs/dobbe_colmap_official_v1/full/sparse_txt/1/trajectory.csv,.csv,4607
runs/dobbe_colmap_official_v1/full/sparse_txt/2/cameras.txt,.txt,192
runs/dobbe_colmap_official_v1/full/sparse_txt/2/converter.log,.log,0
runs/dobbe_colmap_official_v1/full/sparse_txt/2/converter_stdout.log,.log,0
runs/dobbe_colmap_official_v1/full/sparse_txt/2/frames.txt,.txt,6031
runs/dobbe_colmap_official_v1/full/sparse_txt/2/images.txt,.txt,253590
runs/dobbe_colmap_official_v1/full/sparse_txt/2/points3D.txt,.txt,52381
runs/dobbe_colmap_official_v1/full/sparse_txt/2/rigs.txt,.txt,222
runs/dobbe_colmap_official_v1/full/sparse_txt/2/trajectory.csv,.csv,2187
runs/dobbe_colmap_official_v1/full/sparse_txt/3/cameras.txt,.txt,193
runs/dobbe_colmap_official_v1/full/sparse_txt/3/converter.log,.log,0
runs/dobbe_colmap_official_v1/full/sparse_txt/3/converter_stdout.log,.log,0
runs/dobbe_colmap_official_v1/full/sparse_txt/3/frames.txt,.txt,3137
runs/dobbe_colmap_official_v1/full/sparse_txt/3/images.txt,.txt,149363
runs/dobbe_colmap_official_v1/full/sparse_txt/3/points3D.txt,.txt,2998
runs/dobbe_colmap_official_v1/full/sparse_txt/3/rigs.txt,.txt,222
runs/dobbe_colmap_official_v1/full/sparse_txt/3/trajectory.csv,.csv,1128
runs/dobbe_colmap_official_v1/full/sparse_txt/4/cameras.txt,.txt,191
runs/dobbe_colmap_official_v1/full/sparse_txt/4/converter.log,.log,0
runs/dobbe_colmap_official_v1/full/sparse_txt/4/converter_stdout.log,.log,0
runs/dobbe_colmap_official_v1/full/sparse_txt/4/frames.txt,.txt,2187
runs/dobbe_colmap_official_v1/full/sparse_txt/4/images.txt,.txt,85239
runs/dobbe_colmap_official_v1/full/sparse_txt/4/points3D.txt,.txt,830
runs/dobbe_colmap_official_v1/full/sparse_txt/4/rigs.txt,.txt,222
runs/dobbe_colmap_official_v1/full/sparse_txt/4/trajectory.csv,.csv,778
runs/dobbe_colmap_official_v1/full/summary.json,.json,353763
runs/dobbe_colmap_official_v1/label_motion_audit.json,.json,1719
runs/dobbe_colmap_official_v1/protocol.json,.json,36193
runs/dobbe_colmap_official_v1/provenance/automatic_reconstruction.cc,.cc,19230
runs/dobbe_colmap_official_v1/provenance/download_receipt.json,.json,272
runs/dobbe_colmap_official_v1/provenance/file.cc,.cc,17013
runs/dobbe_colmap_official_v1/provenance/option_manager.cc,.cc,62168
runs/dobbe_colmap_official_v1/provenance/release_4.2.1.json,.json,8737
runs/dobbe_colmap_official_v1/provenance/resources.cc,.cc,2537
runs/dobbe_colmap_official_v1/provenance/resources.h,.h,3757
runs/dobbe_colmap_official_v1/publication_manifest.json,.json,27931
runs/dobbe_colmap_official_v1/registered_frame_coverage.png,.png,62647
runs/dobbe_colmap_official_v1/trajectory_alignment.png,.png,172240
runs/dobbe_colmap_official_v1/validation_sources.json,.json,1076
runs/dobbe_colmap_official_v1/verified_match_graphs.png,.png,188781
runs/dobbe_colmap_official_v1/version.stderr.log,.log,0
runs/dobbe_colmap_official_v1/version.stdout.log,.log,1683
runs/dobbe_rgbd_study/approx_history/audit.json,.json,375
runs/dobbe_rgbd_study/approx_history/cup_points_0096.png,.png,85952
runs/dobbe_rgbd_study/approx_history/cup_points_0097.png,.png,85532
runs/dobbe_rgbd_study/approx_history/cup_points_0098.png,.png,85812
runs/dobbe_rgbd_study/approx_history/cup_points_history.png,.png,255853
runs/dobbe_rgbd_study/approx_history/depth_0096.png,.png,41131
runs/dobbe_rgbd_study/approx_history/depth_0097.png,.png,42499
runs/dobbe_rgbd_study/approx_history/depth_0098.png,.png,42676
runs/dobbe_rgbd_study/approx_history/future_3d_gt_candidate.npy,.npy,3008
runs/dobbe_rgbd_study/approx_history/future_error_t.png,.png,122660
runs/dobbe_rgbd_study/approx_history/future_evaluation.json,.json,13793
runs/dobbe_rgbd_study/approx_history/future_gt_valid.npy,.npy,368
runs/dobbe_rgbd_study/approx_history/future_projection_diagnostic.json,.json,9992
runs/dobbe_rgbd_study/approx_history/future_rgb_uv.npy,.npy,2048
runs/dobbe_rgbd_study/approx_history/future_tracking_review.jpg,.jpg,92872
runs/dobbe_rgbd_study/approx_history/input_freeze.json,.json,1587
runs/dobbe_rgbd_study/approx_history/manifest.json,.json,7791
runs/dobbe_rgbd_study/approx_history/model_console.log,.log,1280
runs/dobbe_rgbd_study/approx_history/model_run.json,.json,1623
runs/dobbe_rgbd_study/approx_history/points_2d_at_t0_candidate.npy,.npy,192
runs/dobbe_rgbd_study/approx_history/points_3d_history_candidate.npy,.npy,416
runs/dobbe_rgbd_study/approx_history/points_3d_history_world_candidate.npy,.npy,416
runs/dobbe_rgbd_study/approx_history/prediction_15hz.npy,.npy,3008
runs/dobbe_rgbd_study/approx_history/prediction_vs_future_rgb.jpg,.jpg,64073
runs/dobbe_rgbd_study/approx_history/raw_model_output.txt,.txt,2922
runs/dobbe_rgbd_study/approx_history/rgb_0096.png,.png,85077
runs/dobbe_rgbd_study/approx_history/rgb_0097.png,.png,84669
runs/dobbe_rgbd_study/approx_history/rgb_0098.png,.png,84905
runs/dobbe_rgbd_study/approx_history/rgb_depth_0096.png,.png,128531
runs/dobbe_rgbd_study/approx_history/rgb_depth_0097.png,.png,129353
runs/dobbe_rgbd_study/approx_history/rgb_depth_0098.png,.png,129800
runs/dobbe_rgbd_study/audit.json,.json,3813
runs/dobbe_rgbd_study/audit_latest.log,.log,7970
runs/dobbe_rgbd_study/colmap_k_stability.png,.png,159976
runs/dobbe_rgbd_study/colmap_runs.csv,.csv,5118
runs/dobbe_rgbd_study/correspondence_robustness.json,.json,18832
runs/dobbe_rgbd_study/decision.json,.json,3303
runs/dobbe_rgbd_study/f2nerf_intrinsics_transfer.json,.json,9495
runs/dobbe_rgbd_study/f2nerf_second/cams_meta.npy,.npy,26264
runs/dobbe_rgbd_study/f2nerf_second/converter.stderr.log,.log,0
runs/dobbe_rgbd_study/f2nerf_second/converter.stdout.log,.log,49
runs/dobbe_rgbd_study/f2nerf_second/images,unresolved_link,[WinError 1920] Доступ к этому файлу из системы отсутствует: 'F:\\AIRI_task\\molmo-motion\\runs\\dobbe_rgbd_study\\f2nerf_second\\images'
runs/dobbe_rgbd_study/f2nerf_second/receipt.json,.json,664
runs/dobbe_rgbd_study/f2nerf_second/sparse,unresolved_link,[WinError 1920] Доступ к этому файлу из системы отсутствует: 'F:\\AIRI_task\\molmo-motion\\runs\\dobbe_rgbd_study\\f2nerf_second\\sparse'
runs/dobbe_rgbd_study/geometry_metrics.csv,.csv,7203
runs/dobbe_rgbd_study/image_rotation_diagnostic.json,.json,8606
runs/dobbe_rgbd_study/main/colmap_opencv_all/colmap.log,.log,300888
runs/dobbe_rgbd_study/main/colmap_opencv_all/database.db,.db,9125888
runs/dobbe_rgbd_study/main/colmap_opencv_all/sparse/0/cameras.bin,.bin,96
runs/dobbe_rgbd_study/main/colmap_opencv_all/sparse/0/frames.bin,.bin,176
runs/dobbe_rgbd_study/main/colmap_opencv_all/sparse/0/images.bin,.bin,14186
runs/dobbe_rgbd_study/main/colmap_opencv_all/sparse/0/points3D.bin,.bin,14145
runs/dobbe_rgbd_study/main/colmap_opencv_all/sparse/0/rigs.bin,.bin,24
runs/dobbe_rgbd_study/main/colmap_opencv_all/summary.json,.json,2149
runs/dobbe_rgbd_study/main/colmap_opencv_even/colmap.log,.log,142124
runs/dobbe_rgbd_study/main/colmap_opencv_even/database.db,.db,3387392
runs/dobbe_rgbd_study/main/colmap_opencv_even/sparse/0/cameras.bin,.bin,96
runs/dobbe_rgbd_study/main/colmap_opencv_even/sparse/0/frames.bin,.bin,176
runs/dobbe_rgbd_study/main/colmap_opencv_even/sparse/0/images.bin,.bin,14546
runs/dobbe_rgbd_study/main/colmap_opencv_even/sparse/0/points3D.bin,.bin,7579
runs/dobbe_rgbd_study/main/colmap_opencv_even/sparse/0/rigs.bin,.bin,24
runs/dobbe_rgbd_study/main/colmap_opencv_even/summary.json,.json,1768
runs/dobbe_rgbd_study/main/colmap_opencv_odd/colmap.log,.log,161436
runs/dobbe_rgbd_study/main/colmap_opencv_odd/database.db,.db,3297280
runs/dobbe_rgbd_study/main/colmap_opencv_odd/sparse/0/cameras.bin,.bin,96
runs/dobbe_rgbd_study/main/colmap_opencv_odd/sparse/0/frames.bin,.bin,344
runs/dobbe_rgbd_study/main/colmap_opencv_odd/sparse/0/images.bin,.bin,27908
runs/dobbe_rgbd_study/main/colmap_opencv_odd/sparse/0/points3D.bin,.bin,14079
runs/dobbe_rgbd_study/main/colmap_opencv_odd/sparse/0/rigs.bin,.bin,24
runs/dobbe_rgbd_study/main/colmap_opencv_odd/summary.json,.json,2155
runs/dobbe_rgbd_study/main/colmap_pinhole_all/colmap.log,.log,11712
runs/dobbe_rgbd_study/main/colmap_pinhole_all/database.db,.db,9113600
runs/dobbe_rgbd_study/main/colmap_pinhole_all/sparse/0/cameras.bin,.bin,64
runs/dobbe_rgbd_study/main/colmap_pinhole_all/sparse/0/frames.bin,.bin,764
runs/dobbe_rgbd_study/main/colmap_pinhole_all/sparse/0/images.bin,.bin,63161
runs/dobbe_rgbd_study/main/colmap_pinhole_all/sparse/0/points3D.bin,.bin,8
runs/dobbe_rgbd_study/main/colmap_pinhole_all/sparse/0/rigs.bin,.bin,24
runs/dobbe_rgbd_study/main/colmap_pinhole_all/sparse/1/cameras.bin,.bin,64
runs/dobbe_rgbd_study/main/colmap_pinhole_all/sparse/1/frames.bin,.bin,1016
runs/dobbe_rgbd_study/main/colmap_pinhole_all/sparse/1/images.bin,.bin,86180
runs/dobbe_rgbd_study/main/colmap_pinhole_all/sparse/1/points3D.bin,.bin,27042
runs/dobbe_rgbd_study/main/colmap_pinhole_all/sparse/1/rigs.bin,.bin,24
runs/dobbe_rgbd_study/main/colmap_pinhole_all/summary.json,.json,3301
runs/dobbe_rgbd_study/main/colmap_pinhole_all_fixedpp/colmap.log,.log,196938
runs/dobbe_rgbd_study/main/colmap_pinhole_all_fixedpp/database.db,.db,9113600
runs/dobbe_rgbd_study/main/colmap_pinhole_all_fixedpp/sparse/0/cameras.bin,.bin,64
runs/dobbe_rgbd_study/main/colmap_pinhole_all_fixedpp/sparse/0/frames.bin,.bin,764
runs/dobbe_rgbd_study/main/colmap_pinhole_all_fixedpp/sparse/0/images.bin,.bin,63161
runs/dobbe_rgbd_study/main/colmap_pinhole_all_fixedpp/sparse/0/points3D.bin,.bin,29434
runs/dobbe_rgbd_study/main/colmap_pinhole_all_fixedpp/sparse/0/rigs.bin,.bin,24
runs/dobbe_rgbd_study/main/colmap_pinhole_all_fixedpp/summary.json,.json,3295
runs/dobbe_rgbd_study/main/colmap_pinhole_all_fixedpp_init0_20/colmap.log,.log,207220
runs/dobbe_rgbd_study/main/colmap_pinhole_all_fixedpp_init0_20/database.db,.db,9113600
runs/dobbe_rgbd_study/main/colmap_pinhole_all_fixedpp_init0_20/sparse/0/cameras.bin,.bin,64
runs/dobbe_rgbd_study/main/colmap_pinhole_all_fixedpp_init0_20/sparse/0/frames.bin,.bin,428
runs/dobbe_rgbd_study/main/colmap_pinhole_all_fixedpp_init0_20/sparse/0/images.bin,.bin,33533
runs/dobbe_rgbd_study/main/colmap_pinhole_all_fixedpp_init0_20/sparse/0/points3D.bin,.bin,217
runs/dobbe_rgbd_study/main/colmap_pinhole_all_fixedpp_init0_20/sparse/0/rigs.bin,.bin,24
runs/dobbe_rgbd_study/main/colmap_pinhole_all_fixedpp_init0_20/summary.json,.json,2544
runs/dobbe_rgbd_study/main/colmap_pinhole_all_fixedpp_init49_94/colmap.log,.log,677030
runs/dobbe_rgbd_study/main/colmap_pinhole_all_fixedpp_init49_94/database.db,.db,9113600
runs/dobbe_rgbd_study/main/colmap_pinhole_all_fixedpp_init49_94/summary.json,.json,1035
runs/dobbe_rgbd_study/main/colmap_pinhole_even/colmap.log,.log,157652
runs/dobbe_rgbd_study/main/colmap_pinhole_even/database.db,.db,3375104
runs/dobbe_rgbd_study/main/colmap_pinhole_even/sparse/0/cameras.bin,.bin,64
runs/dobbe_rgbd_study/main/colmap_pinhole_even/sparse/0/frames.bin,.bin,344
runs/dobbe_rgbd_study/main/colmap_pinhole_even/sparse/0/images.bin,.bin,29708
runs/dobbe_rgbd_study/main/colmap_pinhole_even/sparse/0/points3D.bin,.bin,9989
runs/dobbe_rgbd_study/main/colmap_pinhole_even/sparse/0/rigs.bin,.bin,24
runs/dobbe_rgbd_study/main/colmap_pinhole_even/summary.json,.json,2012
runs/dobbe_rgbd_study/main/colmap_pinhole_odd/colmap.log,.log,85314
runs/dobbe_rgbd_study/main/colmap_pinhole_odd/database.db,.db,3272704
runs/dobbe_rgbd_study/main/colmap_pinhole_odd/sparse/0/cameras.bin,.bin,64
runs/dobbe_rgbd_study/main/colmap_pinhole_odd/sparse/0/frames.bin,.bin,260
runs/dobbe_rgbd_study/main/colmap_pinhole_odd/sparse/0/images.bin,.bin,21131
runs/dobbe_rgbd_study/main/colmap_pinhole_odd/sparse/0/points3D.bin,.bin,450
runs/dobbe_rgbd_study/main/colmap_pinhole_odd/sparse/0/rigs.bin,.bin,24
runs/dobbe_rgbd_study/main/colmap_pinhole_odd/summary.json,.json,1820
runs/dobbe_rgbd_study/main/colmap_simple_pinhole_all_fixedpp_rectified/database.db,.db,8282112
runs/dobbe_rgbd_study/main/colmap_simple_pinhole_all_fixedpp_rectified/summary.json,.json,1089
runs/dobbe_rgbd_study/main/colmap_simple_pinhole_all_fixedpp_rectified_init0_20/database.db,.db,8282112
runs/dobbe_rgbd_study/main/colmap_simple_pinhole_all_fixedpp_rectified_init0_20/summary.json,.json,1104
runs/dobbe_rgbd_study/main/colmap_simple_pinhole_even_fixedpp_rectified/database.db,.db,3031040
runs/dobbe_rgbd_study/main/colmap_simple_pinhole_even_fixedpp_rectified/sparse/0/cameras.bin,.bin,56
runs/dobbe_rgbd_study/main/colmap_simple_pinhole_even_fixedpp_rectified/sparse/0/frames.bin,.bin,260
runs/dobbe_rgbd_study/main/colmap_simple_pinhole_even_fixedpp_rectified/sparse/0/images.bin,.bin,18203
runs/dobbe_rgbd_study/main/colmap_simple_pinhole_even_fixedpp_rectified/sparse/0/points3D.bin,.bin,8
runs/dobbe_rgbd_study/main/colmap_simple_pinhole_even_fixedpp_rectified/sparse/0/rigs.bin,.bin,24
runs/dobbe_rgbd_study/main/colmap_simple_pinhole_even_fixedpp_rectified/summary.json,.json,1963
runs/dobbe_rgbd_study/main/colmap_simple_pinhole_odd_fixedpp_rectified/database.db,.db,2961408
runs/dobbe_rgbd_study/main/colmap_simple_pinhole_odd_fixedpp_rectified/sparse/0/cameras.bin,.bin,56
runs/dobbe_rgbd_study/main/colmap_simple_pinhole_odd_fixedpp_rectified/sparse/0/frames.bin,.bin,260
runs/dobbe_rgbd_study/main/colmap_simple_pinhole_odd_fixedpp_rectified/sparse/0/images.bin,.bin,17819
runs/dobbe_rgbd_study/main/colmap_simple_pinhole_odd_fixedpp_rectified/sparse/0/points3D.bin,.bin,8
runs/dobbe_rgbd_study/main/colmap_simple_pinhole_odd_fixedpp_rectified/sparse/0/rigs.bin,.bin,24
runs/dobbe_rgbd_study/main/colmap_simple_pinhole_odd_fixedpp_rectified/summary.json,.json,1954
runs/dobbe_rgbd_study/main/rgb_prefix/0000.png,.png,72909
runs/dobbe_rgbd_study/main/rgb_prefix/0001.png,.png,73357
runs/dobbe_rgbd_study/main/rgb_prefix/0002.png,.png,73415
runs/dobbe_rgbd_study/main/rgb_prefix/0003.png,.png,73507
runs/dobbe_rgbd_study/main/rgb_prefix/0004.png,.png,73929
runs/dobbe_rgbd_study/main/rgb_prefix/0005.png,.png,74179
runs/dobbe_rgbd_study/main/rgb_prefix/0006.png,.png,74761
runs/dobbe_rgbd_study/main/rgb_prefix/0007.png,.png,75184
runs/dobbe_rgbd_study/main/rgb_prefix/0008.png,.png,75814
runs/dobbe_rgbd_study/main/rgb_prefix/0009.png,.png,76104
runs/dobbe_rgbd_study/main/rgb_prefix/0010.png,.png,75990
runs/dobbe_rgbd_study/main/rgb_prefix/0011.png,.png,76120
runs/dobbe_rgbd_study/main/rgb_prefix/0012.png,.png,75971
runs/dobbe_rgbd_study/main/rgb_prefix/0013.png,.png,76404
runs/dobbe_rgbd_study/main/rgb_prefix/0014.png,.png,76731
runs/dobbe_rgbd_study/main/rgb_prefix/0015.png,.png,76462
runs/dobbe_rgbd_study/main/rgb_prefix/0016.png,.png,77161
runs/dobbe_rgbd_study/main/rgb_prefix/0017.png,.png,77331
runs/dobbe_rgbd_study/main/rgb_prefix/0018.png,.png,77708
runs/dobbe_rgbd_study/main/rgb_prefix/0019.png,.png,77989
runs/dobbe_rgbd_study/main/rgb_prefix/0020.png,.png,78722
runs/dobbe_rgbd_study/main/rgb_prefix/0021.png,.png,78689
runs/dobbe_rgbd_study/main/rgb_prefix/0022.png,.png,78479
runs/dobbe_rgbd_study/main/rgb_prefix/0023.png,.png,78894
runs/dobbe_rgbd_study/main/rgb_prefix/0024.png,.png,79478
runs/dobbe_rgbd_study/main/rgb_prefix/0025.png,.png,79022
runs/dobbe_rgbd_study/main/rgb_prefix/0026.png,.png,78927
runs/dobbe_rgbd_study/main/rgb_prefix/0027.png,.png,79316
runs/dobbe_rgbd_study/main/rgb_prefix/0028.png,.png,79667
runs/dobbe_rgbd_study/main/rgb_prefix/0029.png,.png,78924
runs/dobbe_rgbd_study/main/rgb_prefix/0030.png,.png,79080
runs/dobbe_rgbd_study/main/rgb_prefix/0031.png,.png,78407
runs/dobbe_rgbd_study/main/rgb_prefix/0032.png,.png,78087
runs/dobbe_rgbd_study/main/rgb_prefix/0033.png,.png,78271
runs/dobbe_rgbd_study/main/rgb_prefix/0034.png,.png,78302
runs/dobbe_rgbd_study/main/rgb_prefix/0035.png,.png,79031
runs/dobbe_rgbd_study/main/rgb_prefix/0036.png,.png,79614
runs/dobbe_rgbd_study/main/rgb_prefix/0037.png,.png,79453
runs/dobbe_rgbd_study/main/rgb_prefix/0038.png,.png,79818
runs/dobbe_rgbd_study/main/rgb_prefix/0039.png,.png,80221
runs/dobbe_rgbd_study/main/rgb_prefix/0040.png,.png,80206
runs/dobbe_rgbd_study/main/rgb_prefix/0041.png,.png,80334
runs/dobbe_rgbd_study/main/rgb_prefix/0042.png,.png,80140
runs/dobbe_rgbd_study/main/rgb_prefix/0043.png,.png,80000
runs/dobbe_rgbd_study/main/rgb_prefix/0044.png,.png,79894
runs/dobbe_rgbd_study/main/rgb_prefix/0045.png,.png,80171
runs/dobbe_rgbd_study/main/rgb_prefix/0046.png,.png,81082
runs/dobbe_rgbd_study/main/rgb_prefix/0047.png,.png,81004
runs/dobbe_rgbd_study/main/rgb_prefix/0048.png,.png,81415
runs/dobbe_rgbd_study/main/rgb_prefix/0049.png,.png,80769
runs/dobbe_rgbd_study/main/rgb_prefix/0050.png,.png,81188
runs/dobbe_rgbd_study/main/rgb_prefix/0051.png,.png,80933
runs/dobbe_rgbd_study/main/rgb_prefix/0052.png,.png,81689
runs/dobbe_rgbd_study/main/rgb_prefix/0053.png,.png,81597
runs/dobbe_rgbd_study/main/rgb_prefix/0054.png,.png,81993
runs/dobbe_rgbd_study/main/rgb_prefix/0055.png,.png,82156
runs/dobbe_rgbd_study/main/rgb_prefix/0056.png,.png,83155
runs/dobbe_rgbd_study/main/rgb_prefix/0057.png,.png,82947
runs/dobbe_rgbd_study/main/rgb_prefix/0058.png,.png,83345
runs/dobbe_rgbd_study/main/rgb_prefix/0059.png,.png,82337
runs/dobbe_rgbd_study/main/rgb_prefix/0060.png,.png,82562
runs/dobbe_rgbd_study/main/rgb_prefix/0061.png,.png,82828
runs/dobbe_rgbd_study/main/rgb_prefix/0062.png,.png,84442
runs/dobbe_rgbd_study/main/rgb_prefix/0063.png,.png,83458
runs/dobbe_rgbd_study/main/rgb_prefix/0064.png,.png,84257
runs/dobbe_rgbd_study/main/rgb_prefix/0065.png,.png,84504
runs/dobbe_rgbd_study/main/rgb_prefix/0066.png,.png,85709
runs/dobbe_rgbd_study/main/rgb_prefix/0067.png,.png,85128
runs/dobbe_rgbd_study/main/rgb_prefix/0068.png,.png,85655
runs/dobbe_rgbd_study/main/rgb_prefix/0069.png,.png,86067
runs/dobbe_rgbd_study/main/rgb_prefix/0070.png,.png,86446
runs/dobbe_rgbd_study/main/rgb_prefix/0071.png,.png,85550
runs/dobbe_rgbd_study/main/rgb_prefix/0072.png,.png,85490
runs/dobbe_rgbd_study/main/rgb_prefix/0073.png,.png,85198
runs/dobbe_rgbd_study/main/rgb_prefix/0074.png,.png,85288
runs/dobbe_rgbd_study/main/rgb_prefix/0075.png,.png,84279
runs/dobbe_rgbd_study/main/rgb_prefix/0076.png,.png,84374
runs/dobbe_rgbd_study/main/rgb_prefix/0077.png,.png,83973
runs/dobbe_rgbd_study/main/rgb_prefix/0078.png,.png,84969
runs/dobbe_rgbd_study/main/rgb_prefix/0079.png,.png,84250
runs/dobbe_rgbd_study/main/rgb_prefix/0080.png,.png,84097
runs/dobbe_rgbd_study/main/rgb_prefix/0081.png,.png,84086
runs/dobbe_rgbd_study/main/rgb_prefix/0082.png,.png,84621
runs/dobbe_rgbd_study/main/rgb_prefix/0083.png,.png,84392
runs/dobbe_rgbd_study/main/rgb_prefix/0084.png,.png,84530
runs/dobbe_rgbd_study/main/rgb_prefix/0085.png,.png,84617
runs/dobbe_rgbd_study/main/rgb_prefix/0086.png,.png,84980
runs/dobbe_rgbd_study/main/rgb_prefix/0087.png,.png,84336
runs/dobbe_rgbd_study/main/rgb_prefix/0088.png,.png,84378
runs/dobbe_rgbd_study/main/rgb_prefix/0089.png,.png,84332
runs/dobbe_rgbd_study/main/rgb_prefix/0090.png,.png,84926
runs/dobbe_rgbd_study/main/rgb_prefix/0091.png,.png,84575
runs/dobbe_rgbd_study/main/rgb_prefix/0092.png,.png,84608
runs/dobbe_rgbd_study/main/rgb_prefix/0093.png,.png,84830
runs/dobbe_rgbd_study/main/rgb_prefix/0094.png,.png,85347
runs/dobbe_rgbd_study/main/rgb_prefix/0095.png,.png,84654
runs/dobbe_rgbd_study/main/rgb_prefix_256x192/0000.png,.png,55460
runs/dobbe_rgbd_study/main/rgb_prefix_256x192/0001.png,.png,55814
runs/dobbe_rgbd_study/main/rgb_prefix_256x192/0002.png,.png,55938
runs/dobbe_rgbd_study/main/rgb_prefix_256x192/0003.png,.png,56068
runs/dobbe_rgbd_study/main/rgb_prefix_256x192/0004.png,.png,56319
runs/dobbe_rgbd_study/main/rgb_prefix_256x192/0005.png,.png,56496
runs/dobbe_rgbd_study/main/rgb_prefix_256x192/0006.png,.png,56931
runs/dobbe_rgbd_study/main/rgb_prefix_256x192/0007.png,.png,57319
runs/dobbe_rgbd_study/main/rgb_prefix_256x192/0008.png,.png,57465
runs/dobbe_rgbd_study/main/rgb_prefix_256x192/0009.png,.png,57772
runs/dobbe_rgbd_study/main/rgb_prefix_256x192/0010.png,.png,57937
runs/dobbe_rgbd_study/main/rgb_prefix_256x192/0011.png,.png,57820
runs/dobbe_rgbd_study/main/rgb_prefix_256x192/0012.png,.png,57636
runs/dobbe_rgbd_study/main/rgb_prefix_256x192/0013.png,.png,57932
runs/dobbe_rgbd_study/main/rgb_prefix_256x192/0014.png,.png,58298
runs/dobbe_rgbd_study/main/rgb_prefix_256x192/0015.png,.png,58070
runs/dobbe_rgbd_study/main/rgb_prefix_256x192/0016.png,.png,58567
runs/dobbe_rgbd_study/main/rgb_prefix_256x192/0017.png,.png,58802
runs/dobbe_rgbd_study/main/rgb_prefix_256x192/0018.png,.png,58990
runs/dobbe_rgbd_study/main/rgb_prefix_256x192/0019.png,.png,59309
runs/dobbe_rgbd_study/main/rgb_prefix_256x192/0020.png,.png,59901
runs/dobbe_rgbd_study/main/rgb_prefix_256x192/0021.png,.png,59930
runs/dobbe_rgbd_study/main/rgb_prefix_256x192/0022.png,.png,59691
runs/dobbe_rgbd_study/main/rgb_prefix_256x192/0023.png,.png,59966
runs/dobbe_rgbd_study/main/rgb_prefix_256x192/0024.png,.png,60385
runs/dobbe_rgbd_study/main/rgb_prefix_256x192/0025.png,.png,60043
runs/dobbe_rgbd_study/main/rgb_prefix_256x192/0026.png,.png,60025
runs/dobbe_rgbd_study/main/rgb_prefix_256x192/0027.png,.png,60278
runs/dobbe_rgbd_study/main/rgb_prefix_256x192/0028.png,.png,60474
runs/dobbe_rgbd_study/main/rgb_prefix_256x192/0029.png,.png,60043
runs/dobbe_rgbd_study/main/rgb_prefix_256x192/0030.png,.png,60120
runs/dobbe_rgbd_study/main/rgb_prefix_256x192/0031.png,.png,59704
runs/dobbe_rgbd_study/main/rgb_prefix_256x192/0032.png,.png,59341
runs/dobbe_rgbd_study/main/rgb_prefix_256x192/0033.png,.png,59513
runs/dobbe_rgbd_study/main/rgb_prefix_256x192/0034.png,.png,59814
runs/dobbe_rgbd_study/main/rgb_prefix_256x192/0035.png,.png,60248
runs/dobbe_rgbd_study/main/rgb_prefix_256x192/0036.png,.png,60630
runs/dobbe_rgbd_study/main/rgb_prefix_256x192/0037.png,.png,60676
runs/dobbe_rgbd_study/main/rgb_prefix_256x192/0038.png,.png,61003
runs/dobbe_rgbd_study/main/rgb_prefix_256x192/0039.png,.png,61258
runs/dobbe_rgbd_study/main/rgb_prefix_256x192/0040.png,.png,61311
runs/dobbe_rgbd_study/main/rgb_prefix_256x192/0041.png,.png,61445
runs/dobbe_rgbd_study/main/rgb_prefix_256x192/0042.png,.png,61324
runs/dobbe_rgbd_study/main/rgb_prefix_256x192/0043.png,.png,61196
runs/dobbe_rgbd_study/main/rgb_prefix_256x192/0044.png,.png,60989
runs/dobbe_rgbd_study/main/rgb_prefix_256x192/0045.png,.png,61316
runs/dobbe_rgbd_study/main/rgb_prefix_256x192/0046.png,.png,61991
runs/dobbe_rgbd_study/main/rgb_prefix_256x192/0047.png,.png,61807
runs/dobbe_rgbd_study/main/rgb_prefix_256x192/0048.png,.png,61990
runs/dobbe_rgbd_study/main/rgb_prefix_256x192/0049.png,.png,61673
runs/dobbe_rgbd_study/main/rgb_prefix_256x192/0050.png,.png,61928
runs/dobbe_rgbd_study/main/rgb_prefix_256x192/0051.png,.png,61732
runs/dobbe_rgbd_study/main/rgb_prefix_256x192/0052.png,.png,62131
runs/dobbe_rgbd_study/main/rgb_prefix_256x192/0053.png,.png,62142
runs/dobbe_rgbd_study/main/rgb_prefix_256x192/0054.png,.png,62237
runs/dobbe_rgbd_study/main/rgb_prefix_256x192/0055.png,.png,62524
runs/dobbe_rgbd_study/main/rgb_prefix_256x192/0056.png,.png,63370
runs/dobbe_rgbd_study/main/rgb_prefix_256x192/0057.png,.png,63252
runs/dobbe_rgbd_study/main/rgb_prefix_256x192/0058.png,.png,63547
runs/dobbe_rgbd_study/main/rgb_prefix_256x192/0059.png,.png,62914
runs/dobbe_rgbd_study/main/rgb_prefix_256x192/0060.png,.png,63213
runs/dobbe_rgbd_study/main/rgb_prefix_256x192/0061.png,.png,63278
runs/dobbe_rgbd_study/main/rgb_prefix_256x192/0062.png,.png,64155
runs/dobbe_rgbd_study/main/rgb_prefix_256x192/0063.png,.png,63653
runs/dobbe_rgbd_study/main/rgb_prefix_256x192/0064.png,.png,64182
runs/dobbe_rgbd_study/main/rgb_prefix_256x192/0065.png,.png,64415
runs/dobbe_rgbd_study/main/rgb_prefix_256x192/0066.png,.png,65180
runs/dobbe_rgbd_study/main/rgb_prefix_256x192/0067.png,.png,64888
runs/dobbe_rgbd_study/main/rgb_prefix_256x192/0068.png,.png,65278
runs/dobbe_rgbd_study/main/rgb_prefix_256x192/0069.png,.png,65726
runs/dobbe_rgbd_study/main/rgb_prefix_256x192/0070.png,.png,65718
runs/dobbe_rgbd_study/main/rgb_prefix_256x192/0071.png,.png,65214
runs/dobbe_rgbd_study/main/rgb_prefix_256x192/0072.png,.png,65252
runs/dobbe_rgbd_study/main/rgb_prefix_256x192/0073.png,.png,64991
runs/dobbe_rgbd_study/main/rgb_prefix_256x192/0074.png,.png,65001
runs/dobbe_rgbd_study/main/rgb_prefix_256x192/0075.png,.png,64309
runs/dobbe_rgbd_study/main/rgb_prefix_256x192/0076.png,.png,64412
runs/dobbe_rgbd_study/main/rgb_prefix_256x192/0077.png,.png,64142
runs/dobbe_rgbd_study/main/rgb_prefix_256x192/0078.png,.png,64832
runs/dobbe_rgbd_study/main/rgb_prefix_256x192/0079.png,.png,64432
runs/dobbe_rgbd_study/main/rgb_prefix_256x192/0080.png,.png,64201
runs/dobbe_rgbd_study/main/rgb_prefix_256x192/0081.png,.png,64156
runs/dobbe_rgbd_study/main/rgb_prefix_256x192/0082.png,.png,64507
runs/dobbe_rgbd_study/main/rgb_prefix_256x192/0083.png,.png,64285
runs/dobbe_rgbd_study/main/rgb_prefix_256x192/0084.png,.png,64305
runs/dobbe_rgbd_study/main/rgb_prefix_256x192/0085.png,.png,64585
runs/dobbe_rgbd_study/main/rgb_prefix_256x192/0086.png,.png,64727
runs/dobbe_rgbd_study/main/rgb_prefix_256x192/0087.png,.png,64379
runs/dobbe_rgbd_study/main/rgb_prefix_256x192/0088.png,.png,64334
runs/dobbe_rgbd_study/main/rgb_prefix_256x192/0089.png,.png,64446
runs/dobbe_rgbd_study/main/rgb_prefix_256x192/0090.png,.png,64761
runs/dobbe_rgbd_study/main/rgb_prefix_256x192/0091.png,.png,64454
runs/dobbe_rgbd_study/main/rgb_prefix_256x192/0092.png,.png,64682
runs/dobbe_rgbd_study/main/rgb_prefix_256x192/0093.png,.png,64660
runs/dobbe_rgbd_study/main/rgb_prefix_256x192/0094.png,.png,65088
runs/dobbe_rgbd_study/main/rgb_prefix_256x192/0095.png,.png,64787
runs/dobbe_rgbd_study/main_aspect_colmap.log,.log,139738
runs/dobbe_rgbd_study/main_aspect_even.log,.log,69486
runs/dobbe_rgbd_study/main_aspect_init0_20.log,.log,503040
runs/dobbe_rgbd_study/main_aspect_odd.log,.log,71228
runs/dobbe_rgbd_study/main_contact.jpg,.jpg,190679
runs/dobbe_rgbd_study/main_depth_edge_overlay.jpg,.jpg,101461
runs/dobbe_rgbd_study/main_reprojection_0_20.png,.png,86034
runs/dobbe_rgbd_study/main_rgb_matches_0_20.png,.png,155384
runs/dobbe_rgbd_study/main_rgb_matches_80_95.png,.png,168869
runs/dobbe_rgbd_study/main_static_correspondences.json,.json,40451
runs/dobbe_rgbd_study/main_static_geometry.json,.json,56138
runs/dobbe_rgbd_study/protocol.json,.json,3416
runs/dobbe_rgbd_study/rgb_depth_alignment.json,.json,11068
runs/dobbe_rgbd_study/scene_inspection.json,.json,2856
runs/dobbe_rgbd_study/second/colmap_pinhole_all/colmap.log,.log,346348
runs/dobbe_rgbd_study/second/colmap_pinhole_all/database.db,.db,28614656
runs/dobbe_rgbd_study/second/colmap_pinhole_all/sparse/0/cameras.bin,.bin,64
runs/dobbe_rgbd_study/second/colmap_pinhole_all/sparse/0/frames.bin,.bin,428
runs/dobbe_rgbd_study/second/colmap_pinhole_all/sparse/0/images.bin,.bin,218885
runs/dobbe_rgbd_study/second/colmap_pinhole_all/sparse/0/points3D.bin,.bin,25317
runs/dobbe_rgbd_study/second/colmap_pinhole_all/sparse/0/rigs.bin,.bin,24
runs/dobbe_rgbd_study/second/colmap_pinhole_all/summary.json,.json,2782
runs/dobbe_rgbd_study/second/colmap_pinhole_all_fixedpp_init62_107/colmap.log,.log,141854
runs/dobbe_rgbd_study/second/colmap_pinhole_all_fixedpp_init62_107/database.db,.db,28614656
runs/dobbe_rgbd_study/second/colmap_pinhole_all_fixedpp_init62_107/sparse/0/cameras.bin,.bin,64
runs/dobbe_rgbd_study/second/colmap_pinhole_all_fixedpp_init62_107/sparse/0/frames.bin,.bin,10172
runs/dobbe_rgbd_study/second/colmap_pinhole_all_fixedpp_init62_107/sparse/0/images.bin,.bin,2836721
runs/dobbe_rgbd_study/second/colmap_pinhole_all_fixedpp_init62_107/sparse/0/points3D.bin,.bin,785789
runs/dobbe_rgbd_study/second/colmap_pinhole_all_fixedpp_init62_107/sparse/0/rigs.bin,.bin,24
runs/dobbe_rgbd_study/second/colmap_pinhole_all_fixedpp_init62_107/summary.json,.json,24777
runs/dobbe_rgbd_study/second/colmap_pinhole_all_init62_107/colmap.log,.log,203360
runs/dobbe_rgbd_study/second/colmap_pinhole_all_init62_107/database.db,.db,28614656
runs/dobbe_rgbd_study/second/colmap_pinhole_all_init62_107/sparse/0/cameras.bin,.bin,64
runs/dobbe_rgbd_study/second/colmap_pinhole_all_init62_107/sparse/0/frames.bin,.bin,512
runs/dobbe_rgbd_study/second/colmap_pinhole_all_init62_107/sparse/0/images.bin,.bin,221270
runs/dobbe_rgbd_study/second/colmap_pinhole_all_init62_107/sparse/0/points3D.bin,.bin,7303
runs/dobbe_rgbd_study/second/colmap_pinhole_all_init62_107/sparse/0/rigs.bin,.bin,24
runs/dobbe_rgbd_study/second/colmap_pinhole_all_init62_107/summary.json,.json,3003
runs/dobbe_rgbd_study/second/colmap_pinhole_even_fixedpp/colmap.log,.log,196918
runs/dobbe_rgbd_study/second/colmap_pinhole_even_fixedpp/database.db,.db,11673600
runs/dobbe_rgbd_study/second/colmap_pinhole_even_fixedpp/sparse/0/cameras.bin,.bin,64
runs/dobbe_rgbd_study/second/colmap_pinhole_even_fixedpp/sparse/0/frames.bin,.bin,596
runs/dobbe_rgbd_study/second/colmap_pinhole_even_fixedpp/sparse/0/images.bin,.bin,305279
runs/dobbe_rgbd_study/second/colmap_pinhole_even_fixedpp/sparse/0/points3D.bin,.bin,97102
runs/dobbe_rgbd_study/second/colmap_pinhole_even_fixedpp/sparse/0/rigs.bin,.bin,24
runs/dobbe_rgbd_study/second/colmap_pinhole_even_fixedpp/summary.json,.json,2644
runs/dobbe_rgbd_study/second/colmap_pinhole_even_fixedpp_init62_108/colmap.log,.log,171978
runs/dobbe_rgbd_study/second/colmap_pinhole_even_fixedpp_init62_108/database.db,.db,11685888
runs/dobbe_rgbd_study/second/colmap_pinhole_even_fixedpp_init62_108/sparse/0/cameras.bin,.bin,64
runs/dobbe_rgbd_study/second/colmap_pinhole_even_fixedpp_init62_108/sparse/0/frames.bin,.bin,512
runs/dobbe_rgbd_study/second/colmap_pinhole_even_fixedpp_init62_108/sparse/0/images.bin,.bin,235718
runs/dobbe_rgbd_study/second/colmap_pinhole_even_fixedpp_init62_108/sparse/0/points3D.bin,.bin,5914
runs/dobbe_rgbd_study/second/colmap_pinhole_even_fixedpp_init62_108/sparse/0/rigs.bin,.bin,24
runs/dobbe_rgbd_study/second/colmap_pinhole_even_fixedpp_init62_108/summary.json,.json,2465
runs/dobbe_rgbd_study/second/colmap_pinhole_even_fixedpp_init74_104/colmap.log,.log,100398
runs/dobbe_rgbd_study/second/colmap_pinhole_even_fixedpp_init74_104/database.db,.db,11673600
runs/dobbe_rgbd_study/second/colmap_pinhole_even_fixedpp_init74_104/sparse/0/cameras.bin,.bin,64
runs/dobbe_rgbd_study/second/colmap_pinhole_even_fixedpp_init74_104/sparse/0/frames.bin,.bin,344
runs/dobbe_rgbd_study/second/colmap_pinhole_even_fixedpp_init74_104/sparse/0/images.bin,.bin,168092
runs/dobbe_rgbd_study/second/colmap_pinhole_even_fixedpp_init74_104/sparse/0/points3D.bin,.bin,22588
runs/dobbe_rgbd_study/second/colmap_pinhole_even_fixedpp_init74_104/sparse/0/rigs.bin,.bin,24
runs/dobbe_rgbd_study/second/colmap_pinhole_even_fixedpp_init74_104/summary.json,.json,2093
runs/dobbe_rgbd_study/second/colmap_pinhole_odd_fixedpp_init65_111/colmap.log,.log,146522
runs/dobbe_rgbd_study/second/colmap_pinhole_odd_fixedpp_init65_111/database.db,.db,11395072
runs/dobbe_rgbd_study/second/colmap_pinhole_odd_fixedpp_init65_111/sparse/0/cameras.bin,.bin,64
runs/dobbe_rgbd_study/second/colmap_pinhole_odd_fixedpp_init65_111/sparse/0/frames.bin,.bin,5048
runs/dobbe_rgbd_study/second/colmap_pinhole_odd_fixedpp_init65_111/sparse/0/images.bin,.bin,1396556
runs/dobbe_rgbd_study/second/colmap_pinhole_odd_fixedpp_init65_111/sparse/0/points3D.bin,.bin,423836
runs/dobbe_rgbd_study/second/colmap_pinhole_odd_fixedpp_init65_111/sparse/0/rigs.bin,.bin,24
runs/dobbe_rgbd_study/second/colmap_pinhole_odd_fixedpp_init65_111/summary.json,.json,12756
runs/dobbe_rgbd_study/second/colmap_simple_pinhole_all_fixedpp_rectified/database.db,.db,19775488
runs/dobbe_rgbd_study/second/colmap_simple_pinhole_all_fixedpp_rectified/sparse/0/cameras.bin,.bin,56
runs/dobbe_rgbd_study/second/colmap_simple_pinhole_all_fixedpp_rectified/sparse/0/frames.bin,.bin,10172
runs/dobbe_rgbd_study/second/colmap_simple_pinhole_all_fixedpp_rectified/sparse/0/images.bin,.bin,1929929
runs/dobbe_rgbd_study/second/colmap_simple_pinhole_all_fixedpp_rectified/sparse/0/points3D.bin,.bin,532286
runs/dobbe_rgbd_study/second/colmap_simple_pinhole_all_fixedpp_rectified/sparse/0/rigs.bin,.bin,24
runs/dobbe_rgbd_study/second/colmap_simple_pinhole_all_fixedpp_rectified/summary.json,.json,24899
runs/dobbe_rgbd_study/second/colmap_simple_pinhole_even_fixedpp_rectified/database.db,.db,8097792
runs/dobbe_rgbd_study/second/colmap_simple_pinhole_even_fixedpp_rectified/sparse/0/cameras.bin,.bin,56
runs/dobbe_rgbd_study/second/colmap_simple_pinhole_even_fixedpp_rectified/sparse/0/frames.bin,.bin,512
runs/dobbe_rgbd_study/second/colmap_simple_pinhole_even_fixedpp_rectified/sparse/0/images.bin,.bin,164486
runs/dobbe_rgbd_study/second/colmap_simple_pinhole_even_fixedpp_rectified/sparse/0/points3D.bin,.bin,57138
runs/dobbe_rgbd_study/second/colmap_simple_pinhole_even_fixedpp_rectified/sparse/0/rigs.bin,.bin,24
runs/dobbe_rgbd_study/second/colmap_simple_pinhole_even_fixedpp_rectified/summary.json,.json,2669
runs/dobbe_rgbd_study/second/colmap_simple_pinhole_odd_fixedpp_rectified/database.db,.db,7860224
runs/dobbe_rgbd_study/second/colmap_simple_pinhole_odd_fixedpp_rectified/sparse/0/cameras.bin,.bin,56
runs/dobbe_rgbd_study/second/colmap_simple_pinhole_odd_fixedpp_rectified/sparse/0/frames.bin,.bin,5048
runs/dobbe_rgbd_study/second/colmap_simple_pinhole_odd_fixedpp_rectified/sparse/0/images.bin,.bin,949892
runs/dobbe_rgbd_study/second/colmap_simple_pinhole_odd_fixedpp_rectified/sparse/0/points3D.bin,.bin,256084
runs/dobbe_rgbd_study/second/colmap_simple_pinhole_odd_fixedpp_rectified/sparse/0/rigs.bin,.bin,24
runs/dobbe_rgbd_study/second/colmap_simple_pinhole_odd_fixedpp_rectified/summary.json,.json,12899
runs/dobbe_rgbd_study/second/rgb_prefix/0000.png,.png,186358
runs/dobbe_rgbd_study/second/rgb_prefix/0001.png,.png,184496
runs/dobbe_rgbd_study/second/rgb_prefix/0002.png,.png,184394
runs/dobbe_rgbd_study/second/rgb_prefix/0003.png,.png,183684
runs/dobbe_rgbd_study/second/rgb_prefix/0004.png,.png,185658
runs/dobbe_rgbd_study/second/rgb_prefix/0005.png,.png,183090
runs/dobbe_rgbd_study/second/rgb_prefix/0006.png,.png,185290
runs/dobbe_rgbd_study/second/rgb_prefix/0007.png,.png,184115
runs/dobbe_rgbd_study/second/rgb_prefix/0008.png,.png,185895
runs/dobbe_rgbd_study/second/rgb_prefix/0009.png,.png,181283
runs/dobbe_rgbd_study/second/rgb_prefix/0010.png,.png,184828
runs/dobbe_rgbd_study/second/rgb_prefix/0011.png,.png,184548
runs/dobbe_rgbd_study/second/rgb_prefix/0012.png,.png,185825
runs/dobbe_rgbd_study/second/rgb_prefix/0013.png,.png,183911
runs/dobbe_rgbd_study/second/rgb_prefix/0014.png,.png,184366
runs/dobbe_rgbd_study/second/rgb_prefix/0015.png,.png,184264
runs/dobbe_rgbd_study/second/rgb_prefix/0016.png,.png,186307
runs/dobbe_rgbd_study/second/rgb_prefix/0017.png,.png,184786
runs/dobbe_rgbd_study/second/rgb_prefix/0018.png,.png,185307
runs/dobbe_rgbd_study/second/rgb_prefix/0019.png,.png,184276
runs/dobbe_rgbd_study/second/rgb_prefix/0020.png,.png,187171
runs/dobbe_rgbd_study/second/rgb_prefix/0021.png,.png,185994
runs/dobbe_rgbd_study/second/rgb_prefix/0022.png,.png,184406
runs/dobbe_rgbd_study/second/rgb_prefix/0023.png,.png,185560
runs/dobbe_rgbd_study/second/rgb_prefix/0024.png,.png,189041
runs/dobbe_rgbd_study/second/rgb_prefix/0025.png,.png,186899
runs/dobbe_rgbd_study/second/rgb_prefix/0026.png,.png,187741
runs/dobbe_rgbd_study/second/rgb_prefix/0027.png,.png,186859
runs/dobbe_rgbd_study/second/rgb_prefix/0028.png,.png,188963
runs/dobbe_rgbd_study/second/rgb_prefix/0029.png,.png,185436
runs/dobbe_rgbd_study/second/rgb_prefix/0030.png,.png,186320
runs/dobbe_rgbd_study/second/rgb_prefix/0031.png,.png,186368
runs/dobbe_rgbd_study/second/rgb_prefix/0032.png,.png,188413
runs/dobbe_rgbd_study/second/rgb_prefix/0033.png,.png,186078
runs/dobbe_rgbd_study/second/rgb_prefix/0034.png,.png,186763
runs/dobbe_rgbd_study/second/rgb_prefix/0035.png,.png,186185
runs/dobbe_rgbd_study/second/rgb_prefix/0036.png,.png,187530
runs/dobbe_rgbd_study/second/rgb_prefix/0037.png,.png,184647
runs/dobbe_rgbd_study/second/rgb_prefix/0038.png,.png,185441
runs/dobbe_rgbd_study/second/rgb_prefix/0039.png,.png,182620
runs/dobbe_rgbd_study/second/rgb_prefix/0040.png,.png,185384
runs/dobbe_rgbd_study/second/rgb_prefix/0041.png,.png,182624
runs/dobbe_rgbd_study/second/rgb_prefix/0042.png,.png,184796
runs/dobbe_rgbd_study/second/rgb_prefix/0043.png,.png,183492
runs/dobbe_rgbd_study/second/rgb_prefix/0044.png,.png,182833
runs/dobbe_rgbd_study/second/rgb_prefix/0045.png,.png,177287
runs/dobbe_rgbd_study/second/rgb_prefix/0046.png,.png,179638
runs/dobbe_rgbd_study/second/rgb_prefix/0047.png,.png,179441
runs/dobbe_rgbd_study/second/rgb_prefix/0048.png,.png,182394
runs/dobbe_rgbd_study/second/rgb_prefix/0049.png,.png,178603
runs/dobbe_rgbd_study/second/rgb_prefix/0050.png,.png,177420
runs/dobbe_rgbd_study/second/rgb_prefix/0051.png,.png,175656
runs/dobbe_rgbd_study/second/rgb_prefix/0052.png,.png,179004
runs/dobbe_rgbd_study/second/rgb_prefix/0053.png,.png,175363
runs/dobbe_rgbd_study/second/rgb_prefix/0054.png,.png,173475
runs/dobbe_rgbd_study/second/rgb_prefix/0055.png,.png,169750
runs/dobbe_rgbd_study/second/rgb_prefix/0056.png,.png,170424
runs/dobbe_rgbd_study/second/rgb_prefix/0057.png,.png,166392
runs/dobbe_rgbd_study/second/rgb_prefix/0058.png,.png,161957
runs/dobbe_rgbd_study/second/rgb_prefix/0059.png,.png,165611
runs/dobbe_rgbd_study/second/rgb_prefix/0060.png,.png,164700
runs/dobbe_rgbd_study/second/rgb_prefix/0061.png,.png,169730
runs/dobbe_rgbd_study/second/rgb_prefix/0062.png,.png,168734
runs/dobbe_rgbd_study/second/rgb_prefix/0063.png,.png,171216
runs/dobbe_rgbd_study/second/rgb_prefix/0064.png,.png,168764
runs/dobbe_rgbd_study/second/rgb_prefix/0065.png,.png,168840
runs/dobbe_rgbd_study/second/rgb_prefix/0066.png,.png,168106
runs/dobbe_rgbd_study/second/rgb_prefix/0067.png,.png,169493
runs/dobbe_rgbd_study/second/rgb_prefix/0068.png,.png,165867
runs/dobbe_rgbd_study/second/rgb_prefix/0069.png,.png,163377
runs/dobbe_rgbd_study/second/rgb_prefix/0070.png,.png,162472
runs/dobbe_rgbd_study/second/rgb_prefix/0071.png,.png,164949
runs/dobbe_rgbd_study/second/rgb_prefix/0072.png,.png,162519
runs/dobbe_rgbd_study/second/rgb_prefix/0073.png,.png,162183
runs/dobbe_rgbd_study/second/rgb_prefix/0074.png,.png,161975
runs/dobbe_rgbd_study/second/rgb_prefix/0075.png,.png,164264
runs/dobbe_rgbd_study/second/rgb_prefix/0076.png,.png,162296
runs/dobbe_rgbd_study/second/rgb_prefix/0077.png,.png,161979
runs/dobbe_rgbd_study/second/rgb_prefix/0078.png,.png,160761
runs/dobbe_rgbd_study/second/rgb_prefix/0079.png,.png,160889
runs/dobbe_rgbd_study/second/rgb_prefix/0080.png,.png,153978
runs/dobbe_rgbd_study/second/rgb_prefix/0081.png,.png,156570
runs/dobbe_rgbd_study/second/rgb_prefix/0082.png,.png,155105
runs/dobbe_rgbd_study/second/rgb_prefix/0083.png,.png,155095
runs/dobbe_rgbd_study/second/rgb_prefix/0084.png,.png,154294
runs/dobbe_rgbd_study/second/rgb_prefix/0085.png,.png,156783
runs/dobbe_rgbd_study/second/rgb_prefix/0086.png,.png,155638
runs/dobbe_rgbd_study/second/rgb_prefix/0087.png,.png,156730
runs/dobbe_rgbd_study/second/rgb_prefix/0088.png,.png,155683
runs/dobbe_rgbd_study/second/rgb_prefix/0089.png,.png,155547
runs/dobbe_rgbd_study/second/rgb_prefix/0090.png,.png,155282
runs/dobbe_rgbd_study/second/rgb_prefix/0091.png,.png,156415
runs/dobbe_rgbd_study/second/rgb_prefix/0092.png,.png,155460
runs/dobbe_rgbd_study/second/rgb_prefix/0093.png,.png,156523
runs/dobbe_rgbd_study/second/rgb_prefix/0094.png,.png,155177
runs/dobbe_rgbd_study/second/rgb_prefix/0095.png,.png,155625
runs/dobbe_rgbd_study/second/rgb_prefix/0096.png,.png,155236
runs/dobbe_rgbd_study/second/rgb_prefix/0097.png,.png,156319
runs/dobbe_rgbd_study/second/rgb_prefix/0098.png,.png,155243
runs/dobbe_rgbd_study/second/rgb_prefix/0099.png,.png,155943
runs/dobbe_rgbd_study/second/rgb_prefix/0100.png,.png,155671
runs/dobbe_rgbd_study/second/rgb_prefix/0101.png,.png,156357
runs/dobbe_rgbd_study/second/rgb_prefix/0102.png,.png,155300
runs/dobbe_rgbd_study/second/rgb_prefix/0103.png,.png,155065
runs/dobbe_rgbd_study/second/rgb_prefix/0104.png,.png,154804
runs/dobbe_rgbd_study/second/rgb_prefix/0105.png,.png,155542
runs/dobbe_rgbd_study/second/rgb_prefix/0106.png,.png,154537
runs/dobbe_rgbd_study/second/rgb_prefix/0107.png,.png,155709
runs/dobbe_rgbd_study/second/rgb_prefix/0108.png,.png,155053
runs/dobbe_rgbd_study/second/rgb_prefix/0109.png,.png,155098
runs/dobbe_rgbd_study/second/rgb_prefix/0110.png,.png,156881
runs/dobbe_rgbd_study/second/rgb_prefix/0111.png,.png,156680
runs/dobbe_rgbd_study/second/rgb_prefix/0112.png,.png,158962
runs/dobbe_rgbd_study/second/rgb_prefix/0113.png,.png,159261
runs/dobbe_rgbd_study/second/rgb_prefix/0114.png,.png,160974
runs/dobbe_rgbd_study/second/rgb_prefix/0115.png,.png,160248
runs/dobbe_rgbd_study/second/rgb_prefix/0116.png,.png,160243
runs/dobbe_rgbd_study/second/rgb_prefix/0117.png,.png,161406
runs/dobbe_rgbd_study/second/rgb_prefix/0118.png,.png,160504
runs/dobbe_rgbd_study/second/rgb_prefix/0119.png,.png,160933
runs/dobbe_rgbd_study/second/rgb_prefix/0120.png,.png,160460
runs/dobbe_rgbd_study/second/rgb_prefix_256x192/0000.png,.png,133783
runs/dobbe_rgbd_study/second/rgb_prefix_256x192/0001.png,.png,131706
runs/dobbe_rgbd_study/second/rgb_prefix_256x192/0002.png,.png,131610
runs/dobbe_rgbd_study/second/rgb_prefix_256x192/0003.png,.png,130987
runs/dobbe_rgbd_study/second/rgb_prefix_256x192/0004.png,.png,132942
runs/dobbe_rgbd_study/second/rgb_prefix_256x192/0005.png,.png,130832
runs/dobbe_rgbd_study/second/rgb_prefix_256x192/0006.png,.png,132348
runs/dobbe_rgbd_study/second/rgb_prefix_256x192/0007.png,.png,131539
runs/dobbe_rgbd_study/second/rgb_prefix_256x192/0008.png,.png,133052
runs/dobbe_rgbd_study/second/rgb_prefix_256x192/0009.png,.png,128788
runs/dobbe_rgbd_study/second/rgb_prefix_256x192/0010.png,.png,132137
runs/dobbe_rgbd_study/second/rgb_prefix_256x192/0011.png,.png,131936
runs/dobbe_rgbd_study/second/rgb_prefix_256x192/0012.png,.png,132895
runs/dobbe_rgbd_study/second/rgb_prefix_256x192/0013.png,.png,131349
runs/dobbe_rgbd_study/second/rgb_prefix_256x192/0014.png,.png,131790
runs/dobbe_rgbd_study/second/rgb_prefix_256x192/0015.png,.png,131648
runs/dobbe_rgbd_study/second/rgb_prefix_256x192/0016.png,.png,133231
runs/dobbe_rgbd_study/second/rgb_prefix_256x192/0017.png,.png,131843
runs/dobbe_rgbd_study/second/rgb_prefix_256x192/0018.png,.png,132085
runs/dobbe_rgbd_study/second/rgb_prefix_256x192/0019.png,.png,131375
runs/dobbe_rgbd_study/second/rgb_prefix_256x192/0020.png,.png,133922
runs/dobbe_rgbd_study/second/rgb_prefix_256x192/0021.png,.png,132880
runs/dobbe_rgbd_study/second/rgb_prefix_256x192/0022.png,.png,131201
runs/dobbe_rgbd_study/second/rgb_prefix_256x192/0023.png,.png,131921
runs/dobbe_rgbd_study/second/rgb_prefix_256x192/0024.png,.png,135389
runs/dobbe_rgbd_study/second/rgb_prefix_256x192/0025.png,.png,133555
runs/dobbe_rgbd_study/second/rgb_prefix_256x192/0026.png,.png,134120
runs/dobbe_rgbd_study/second/rgb_prefix_256x192/0027.png,.png,133388
runs/dobbe_rgbd_study/second/rgb_prefix_256x192/0028.png,.png,134963
runs/dobbe_rgbd_study/second/rgb_prefix_256x192/0029.png,.png,132646
runs/dobbe_rgbd_study/second/rgb_prefix_256x192/0030.png,.png,133297
runs/dobbe_rgbd_study/second/rgb_prefix_256x192/0031.png,.png,133401
runs/dobbe_rgbd_study/second/rgb_prefix_256x192/0032.png,.png,135172
runs/dobbe_rgbd_study/second/rgb_prefix_256x192/0033.png,.png,133225
runs/dobbe_rgbd_study/second/rgb_prefix_256x192/0034.png,.png,134070
runs/dobbe_rgbd_study/second/rgb_prefix_256x192/0035.png,.png,133534
runs/dobbe_rgbd_study/second/rgb_prefix_256x192/0036.png,.png,134826
runs/dobbe_rgbd_study/second/rgb_prefix_256x192/0037.png,.png,132759
runs/dobbe_rgbd_study/second/rgb_prefix_256x192/0038.png,.png,133200
runs/dobbe_rgbd_study/second/rgb_prefix_256x192/0039.png,.png,131366
runs/dobbe_rgbd_study/second/rgb_prefix_256x192/0040.png,.png,133459
runs/dobbe_rgbd_study/second/rgb_prefix_256x192/0041.png,.png,131569
runs/dobbe_rgbd_study/second/rgb_prefix_256x192/0042.png,.png,133216
runs/dobbe_rgbd_study/second/rgb_prefix_256x192/0043.png,.png,132382
runs/dobbe_rgbd_study/second/rgb_prefix_256x192/0044.png,.png,132595
runs/dobbe_rgbd_study/second/rgb_prefix_256x192/0045.png,.png,128937
runs/dobbe_rgbd_study/second/rgb_prefix_256x192/0046.png,.png,130735
runs/dobbe_rgbd_study/second/rgb_prefix_256x192/0047.png,.png,130576
runs/dobbe_rgbd_study/second/rgb_prefix_256x192/0048.png,.png,132443
runs/dobbe_rgbd_study/second/rgb_prefix_256x192/0049.png,.png,129792
runs/dobbe_rgbd_study/second/rgb_prefix_256x192/0050.png,.png,128727
runs/dobbe_rgbd_study/second/rgb_prefix_256x192/0051.png,.png,127609
runs/dobbe_rgbd_study/second/rgb_prefix_256x192/0052.png,.png,130080
runs/dobbe_rgbd_study/second/rgb_prefix_256x192/0053.png,.png,127550
runs/dobbe_rgbd_study/second/rgb_prefix_256x192/0054.png,.png,126765
runs/dobbe_rgbd_study/second/rgb_prefix_256x192/0055.png,.png,124411
runs/dobbe_rgbd_study/second/rgb_prefix_256x192/0056.png,.png,124880
runs/dobbe_rgbd_study/second/rgb_prefix_256x192/0057.png,.png,122271
runs/dobbe_rgbd_study/second/rgb_prefix_256x192/0058.png,.png,119491
runs/dobbe_rgbd_study/second/rgb_prefix_256x192/0059.png,.png,122131
runs/dobbe_rgbd_study/second/rgb_prefix_256x192/0060.png,.png,121056
runs/dobbe_rgbd_study/second/rgb_prefix_256x192/0061.png,.png,124657
runs/dobbe_rgbd_study/second/rgb_prefix_256x192/0062.png,.png,123859
runs/dobbe_rgbd_study/second/rgb_prefix_256x192/0063.png,.png,125692
runs/dobbe_rgbd_study/second/rgb_prefix_256x192/0064.png,.png,123970
runs/dobbe_rgbd_study/second/rgb_prefix_256x192/0065.png,.png,124106
runs/dobbe_rgbd_study/second/rgb_prefix_256x192/0066.png,.png,123468
runs/dobbe_rgbd_study/second/rgb_prefix_256x192/0067.png,.png,124552
runs/dobbe_rgbd_study/second/rgb_prefix_256x192/0068.png,.png,122046
runs/dobbe_rgbd_study/second/rgb_prefix_256x192/0069.png,.png,120438
runs/dobbe_rgbd_study/second/rgb_prefix_256x192/0070.png,.png,119836
runs/dobbe_rgbd_study/second/rgb_prefix_256x192/0071.png,.png,121786
runs/dobbe_rgbd_study/second/rgb_prefix_256x192/0072.png,.png,120099
runs/dobbe_rgbd_study/second/rgb_prefix_256x192/0073.png,.png,119745
runs/dobbe_rgbd_study/second/rgb_prefix_256x192/0074.png,.png,119731
runs/dobbe_rgbd_study/second/rgb_prefix_256x192/0075.png,.png,121160
runs/dobbe_rgbd_study/second/rgb_prefix_256x192/0076.png,.png,120119
runs/dobbe_rgbd_study/second/rgb_prefix_256x192/0077.png,.png,119574
runs/dobbe_rgbd_study/second/rgb_prefix_256x192/0078.png,.png,118795
runs/dobbe_rgbd_study/second/rgb_prefix_256x192/0079.png,.png,119087
runs/dobbe_rgbd_study/second/rgb_prefix_256x192/0080.png,.png,114351
runs/dobbe_rgbd_study/second/rgb_prefix_256x192/0081.png,.png,116223
runs/dobbe_rgbd_study/second/rgb_prefix_256x192/0082.png,.png,115173
runs/dobbe_rgbd_study/second/rgb_prefix_256x192/0083.png,.png,115325
runs/dobbe_rgbd_study/second/rgb_prefix_256x192/0084.png,.png,114657
runs/dobbe_rgbd_study/second/rgb_prefix_256x192/0085.png,.png,116359
runs/dobbe_rgbd_study/second/rgb_prefix_256x192/0086.png,.png,115498
runs/dobbe_rgbd_study/second/rgb_prefix_256x192/0087.png,.png,116038
runs/dobbe_rgbd_study/second/rgb_prefix_256x192/0088.png,.png,115608
runs/dobbe_rgbd_study/second/rgb_prefix_256x192/0089.png,.png,115573
runs/dobbe_rgbd_study/second/rgb_prefix_256x192/0090.png,.png,115291
runs/dobbe_rgbd_study/second/rgb_prefix_256x192/0091.png,.png,116040
runs/dobbe_rgbd_study/second/rgb_prefix_256x192/0092.png,.png,115506
runs/dobbe_rgbd_study/second/rgb_prefix_256x192/0093.png,.png,116332
runs/dobbe_rgbd_study/second/rgb_prefix_256x192/0094.png,.png,115241
runs/dobbe_rgbd_study/second/rgb_prefix_256x192/0095.png,.png,115630
runs/dobbe_rgbd_study/second/rgb_prefix_256x192/0096.png,.png,115407
runs/dobbe_rgbd_study/second/rgb_prefix_256x192/0097.png,.png,116291
runs/dobbe_rgbd_study/second/rgb_prefix_256x192/0098.png,.png,115402
runs/dobbe_rgbd_study/second/rgb_prefix_256x192/0099.png,.png,115817
runs/dobbe_rgbd_study/second/rgb_prefix_256x192/0100.png,.png,115729
runs/dobbe_rgbd_study/second/rgb_prefix_256x192/0101.png,.png,116121
runs/dobbe_rgbd_study/second/rgb_prefix_256x192/0102.png,.png,115296
runs/dobbe_rgbd_study/second/rgb_prefix_256x192/0103.png,.png,115219
runs/dobbe_rgbd_study/second/rgb_prefix_256x192/0104.png,.png,114938
runs/dobbe_rgbd_study/second/rgb_prefix_256x192/0105.png,.png,115450
runs/dobbe_rgbd_study/second/rgb_prefix_256x192/0106.png,.png,114673
runs/dobbe_rgbd_study/second/rgb_prefix_256x192/0107.png,.png,115391
runs/dobbe_rgbd_study/second/rgb_prefix_256x192/0108.png,.png,114957
runs/dobbe_rgbd_study/second/rgb_prefix_256x192/0109.png,.png,114853
runs/dobbe_rgbd_study/second/rgb_prefix_256x192/0110.png,.png,116270
runs/dobbe_rgbd_study/second/rgb_prefix_256x192/0111.png,.png,115861
runs/dobbe_rgbd_study/second/rgb_prefix_256x192/0112.png,.png,117417
runs/dobbe_rgbd_study/second/rgb_prefix_256x192/0113.png,.png,117428
runs/dobbe_rgbd_study/second/rgb_prefix_256x192/0114.png,.png,118911
runs/dobbe_rgbd_study/second/rgb_prefix_256x192/0115.png,.png,118110
runs/dobbe_rgbd_study/second/rgb_prefix_256x192/0116.png,.png,117941
runs/dobbe_rgbd_study/second/rgb_prefix_256x192/0117.png,.png,118898
runs/dobbe_rgbd_study/second/rgb_prefix_256x192/0118.png,.png,118022
runs/dobbe_rgbd_study/second/rgb_prefix_256x192/0119.png,.png,118488
runs/dobbe_rgbd_study/second/rgb_prefix_256x192/0120.png,.png,117885
runs/dobbe_rgbd_study/second_aspect_all.log,.log,243654
runs/dobbe_rgbd_study/second_aspect_even.log,.log,174048
runs/dobbe_rgbd_study/second_aspect_odd.log,.log,113782
runs/dobbe_rgbd_study/second_contact.jpg,.jpg,297521
runs/dobbe_rgbd_study/second_depth_edge_overlay.jpg,.jpg,218699
runs/dobbe_rgbd_study/second_download_receipt.json,.json,920
runs/dobbe_rgbd_study/second_geometry_recomputed.log,.log,9896
runs/dobbe_rgbd_study/second_reprojection_80_100.png,.png,157359
runs/dobbe_rgbd_study/second_rgb_matches_100_120.png,.png,313725
runs/dobbe_rgbd_study/second_rgb_matches_80_100.png,.png,294051
runs/dobbe_rgbd_study/second_static_correspondences.json,.json,31353
runs/dobbe_rgbd_study/second_static_geometry.json,.json,42172
runs/dobbe_rgbd_study/static_and_reprojection_comparison.png,.png,135295
runs/dobbe_two_colmap_v1/A/history.npy,.npy,416
runs/dobbe_two_colmap_v1/A/history_world.npy,.npy,704
runs/dobbe_two_colmap_v1/A/K.npy,.npy,200
runs/dobbe_two_colmap_v1/A/model_run.json,.json,2142
runs/dobbe_two_colmap_v1/A/prediction.npy,.npy,3008
runs/dobbe_two_colmap_v1/A/projected_forecast_30hz.npy,.npy,7936
runs/dobbe_two_colmap_v1/A/raw_model_output.txt,.txt,2800
runs/dobbe_two_colmap_v1/A/reconstruction.json,.json,42712
runs/dobbe_two_colmap_v1/A/sparse_txt/0/cameras.txt,.txt,181
runs/dobbe_two_colmap_v1/A/sparse_txt/0/frames.txt,.txt,522
runs/dobbe_two_colmap_v1/A/sparse_txt/0/images.txt,.txt,7022
runs/dobbe_two_colmap_v1/A/sparse_txt/0/points3D.txt,.txt,3273
runs/dobbe_two_colmap_v1/A/sparse_txt/0/rigs.txt,.txt,218
runs/dobbe_two_colmap_v1/A/sparse_txt/1/cameras.txt,.txt,181
runs/dobbe_two_colmap_v1/A/sparse_txt/1/frames.txt,.txt,2588
runs/dobbe_two_colmap_v1/A/sparse_txt/1/images.txt,.txt,46349
runs/dobbe_two_colmap_v1/A/sparse_txt/1/points3D.txt,.txt,15290
runs/dobbe_two_colmap_v1/A/sparse_txt/1/rigs.txt,.txt,218
runs/dobbe_two_colmap_v1/A/sparse_txt/2/cameras.txt,.txt,181
runs/dobbe_two_colmap_v1/A/sparse_txt/2/frames.txt,.txt,2004
runs/dobbe_two_colmap_v1/A/sparse_txt/2/images.txt,.txt,28651
runs/dobbe_two_colmap_v1/A/sparse_txt/2/points3D.txt,.txt,9339
runs/dobbe_two_colmap_v1/A/sparse_txt/2/rigs.txt,.txt,218
runs/dobbe_two_colmap_v1/A/sparse_txt/3/cameras.txt,.txt,181
runs/dobbe_two_colmap_v1/A/sparse_txt/3/frames.txt,.txt,3077
runs/dobbe_two_colmap_v1/A/sparse_txt/3/images.txt,.txt,57140
runs/dobbe_two_colmap_v1/A/sparse_txt/3/points3D.txt,.txt,16493
runs/dobbe_two_colmap_v1/A/sparse_txt/3/rigs.txt,.txt,218
runs/dobbe_two_colmap_v1/B/history.npy,.npy,416
runs/dobbe_two_colmap_v1/B/history_world.npy,.npy,704
runs/dobbe_two_colmap_v1/B/K.npy,.npy,200
runs/dobbe_two_colmap_v1/B/model_run.json,.json,2142
runs/dobbe_two_colmap_v1/B/prediction.npy,.npy,3008
runs/dobbe_two_colmap_v1/B/projected_forecast_30hz.npy,.npy,7936
runs/dobbe_two_colmap_v1/B/raw_model_output.txt,.txt,3012
runs/dobbe_two_colmap_v1/B/reconstruction.json,.json,96924
runs/dobbe_two_colmap_v1/B/sparse_txt/0/cameras.txt,.txt,181
runs/dobbe_two_colmap_v1/B/sparse_txt/0/frames.txt,.txt,13985
runs/dobbe_two_colmap_v1/B/sparse_txt/0/images.txt,.txt,712770
runs/dobbe_two_colmap_v1/B/sparse_txt/0/points3D.txt,.txt,131758
runs/dobbe_two_colmap_v1/B/sparse_txt/0/rigs.txt,.txt,218
runs/dobbe_two_colmap_v1/B/sparse_txt/1/cameras.txt,.txt,181
runs/dobbe_two_colmap_v1/B/sparse_txt/1/frames.txt,.txt,1809
runs/dobbe_two_colmap_v1/B/sparse_txt/1/images.txt,.txt,100754
runs/dobbe_two_colmap_v1/B/sparse_txt/1/points3D.txt,.txt,32936
runs/dobbe_two_colmap_v1/B/sparse_txt/1/rigs.txt,.txt,218
runs/dobbe_two_colmap_v1/B/sparse_txt/2/cameras.txt,.txt,181
runs/dobbe_two_colmap_v1/B/sparse_txt/2/frames.txt,.txt,3114
runs/dobbe_two_colmap_v1/B/sparse_txt/2/images.txt,.txt,148675
runs/dobbe_two_colmap_v1/B/sparse_txt/2/points3D.txt,.txt,33637
runs/dobbe_two_colmap_v1/B/sparse_txt/2/rigs.txt,.txt,218
runs/dobbe_two_colmap_v1/comparison_by_step.csv,.csv,1890
runs/dobbe_two_colmap_v1/comparison_metrics.json,.json,2793
runs/dobbe_two_colmap_v1/geometry_audit.json,.json,6465
runs/dobbe_two_colmap_v1/input_freeze.json,.json,2905
runs/dobbe_two_colmap_v1/observed_rgb_uv.npy,.npy,4032
runs/dobbe_two_colmap_v1/observed_rgb_valid.npy,.npy,616
runs/dobbe_two_colmap_v1/official/colmap.log,.log,405152
runs/dobbe_two_colmap_v1/official/colmap_stdout.log,.log,0
runs/dobbe_two_colmap_v1/official/database.db,.db,4763648
runs/dobbe_two_colmap_v1/official/database.db-shm,.db-shm,32768
runs/dobbe_two_colmap_v1/official/database.db-wal,.db-wal,0
runs/dobbe_two_colmap_v1/official/database_audit.json,.json,148
runs/dobbe_two_colmap_v1/official/execution.json,.json,1065
runs/dobbe_two_colmap_v1/official/images/0000.png,.png,72909
runs/dobbe_two_colmap_v1/official/images/0001.png,.png,73357
runs/dobbe_two_colmap_v1/official/images/0002.png,.png,73415
runs/dobbe_two_colmap_v1/official/images/0003.png,.png,73507
runs/dobbe_two_colmap_v1/official/images/0004.png,.png,73929
runs/dobbe_two_colmap_v1/official/images/0005.png,.png,74179
runs/dobbe_two_colmap_v1/official/images/0006.png,.png,74761
runs/dobbe_two_colmap_v1/official/images/0007.png,.png,75184
runs/dobbe_two_colmap_v1/official/images/0008.png,.png,75814
runs/dobbe_two_colmap_v1/official/images/0009.png,.png,76104
runs/dobbe_two_colmap_v1/official/images/0010.png,.png,75990
runs/dobbe_two_colmap_v1/official/images/0011.png,.png,76120
runs/dobbe_two_colmap_v1/official/images/0012.png,.png,75971
runs/dobbe_two_colmap_v1/official/images/0013.png,.png,76404
runs/dobbe_two_colmap_v1/official/images/0014.png,.png,76731
runs/dobbe_two_colmap_v1/official/images/0015.png,.png,76462
runs/dobbe_two_colmap_v1/official/images/0016.png,.png,77161
runs/dobbe_two_colmap_v1/official/images/0017.png,.png,77331
runs/dobbe_two_colmap_v1/official/images/0018.png,.png,77708
runs/dobbe_two_colmap_v1/official/images/0019.png,.png,77989
runs/dobbe_two_colmap_v1/official/images/0020.png,.png,78722
runs/dobbe_two_colmap_v1/official/images/0021.png,.png,78689
runs/dobbe_two_colmap_v1/official/images/0022.png,.png,78479
runs/dobbe_two_colmap_v1/official/images/0023.png,.png,78894
runs/dobbe_two_colmap_v1/official/images/0024.png,.png,79478
runs/dobbe_two_colmap_v1/official/images/0025.png,.png,79022
runs/dobbe_two_colmap_v1/official/images/0026.png,.png,78927
runs/dobbe_two_colmap_v1/official/images/0027.png,.png,79316
runs/dobbe_two_colmap_v1/official/images/0028.png,.png,79667
runs/dobbe_two_colmap_v1/official/images/0029.png,.png,78924
runs/dobbe_two_colmap_v1/official/images/0030.png,.png,79080
runs/dobbe_two_colmap_v1/official/images/0031.png,.png,78407
runs/dobbe_two_colmap_v1/official/images/0032.png,.png,78087
runs/dobbe_two_colmap_v1/official/images/0033.png,.png,78271
runs/dobbe_two_colmap_v1/official/images/0034.png,.png,78302
runs/dobbe_two_colmap_v1/official/images/0035.png,.png,79031
runs/dobbe_two_colmap_v1/official/images/0036.png,.png,79614
runs/dobbe_two_colmap_v1/official/images/0037.png,.png,79453
runs/dobbe_two_colmap_v1/official/images/0038.png,.png,79818
runs/dobbe_two_colmap_v1/official/images/0039.png,.png,80221
runs/dobbe_two_colmap_v1/official/images/0040.png,.png,80206
runs/dobbe_two_colmap_v1/official/images/0041.png,.png,80334
runs/dobbe_two_colmap_v1/official/images/0042.png,.png,80140
runs/dobbe_two_colmap_v1/official/images/0043.png,.png,80000
runs/dobbe_two_colmap_v1/official/images/0044.png,.png,79894
runs/dobbe_two_colmap_v1/official/images/0045.png,.png,80171
runs/dobbe_two_colmap_v1/official/images/0046.png,.png,81082
runs/dobbe_two_colmap_v1/official/images/0047.png,.png,81004
runs/dobbe_two_colmap_v1/official/images/0048.png,.png,81415
runs/dobbe_two_colmap_v1/official/images/0049.png,.png,80769
runs/dobbe_two_colmap_v1/official/images/0050.png,.png,81188
runs/dobbe_two_colmap_v1/official/images/0051.png,.png,80933
runs/dobbe_two_colmap_v1/official/images/0052.png,.png,81689
runs/dobbe_two_colmap_v1/official/images/0053.png,.png,81597
runs/dobbe_two_colmap_v1/official/images/0054.png,.png,81993
runs/dobbe_two_colmap_v1/official/images/0055.png,.png,82156
runs/dobbe_two_colmap_v1/official/images/0056.png,.png,83155
runs/dobbe_two_colmap_v1/official/images/0057.png,.png,82947
runs/dobbe_two_colmap_v1/official/images/0058.png,.png,83345
runs/dobbe_two_colmap_v1/official/images/0059.png,.png,82337
runs/dobbe_two_colmap_v1/official/images/0060.png,.png,82562
runs/dobbe_two_colmap_v1/official/images/0061.png,.png,82828
runs/dobbe_two_colmap_v1/official/images/0062.png,.png,84442
runs/dobbe_two_colmap_v1/official/images/0063.png,.png,83458
runs/dobbe_two_colmap_v1/official/images/0064.png,.png,84257
runs/dobbe_two_colmap_v1/official/images/0065.png,.png,84504
runs/dobbe_two_colmap_v1/official/images/0066.png,.png,85709
runs/dobbe_two_colmap_v1/official/images/0067.png,.png,85128
runs/dobbe_two_colmap_v1/official/images/0068.png,.png,85655
runs/dobbe_two_colmap_v1/official/images/0069.png,.png,86067
runs/dobbe_two_colmap_v1/official/images/0070.png,.png,86446
runs/dobbe_two_colmap_v1/official/images/0071.png,.png,85550
runs/dobbe_two_colmap_v1/official/images/0072.png,.png,85490
runs/dobbe_two_colmap_v1/official/images/0073.png,.png,85198
runs/dobbe_two_colmap_v1/official/images/0074.png,.png,85288
runs/dobbe_two_colmap_v1/official/images/0075.png,.png,84279
runs/dobbe_two_colmap_v1/official/images/0076.png,.png,84374
runs/dobbe_two_colmap_v1/official/images/0077.png,.png,83973
runs/dobbe_two_colmap_v1/official/images/0078.png,.png,84969
runs/dobbe_two_colmap_v1/official/images/0079.png,.png,84250
runs/dobbe_two_colmap_v1/official/images/0080.png,.png,84097
runs/dobbe_two_colmap_v1/official/images/0081.png,.png,84086
runs/dobbe_two_colmap_v1/official/images/0082.png,.png,84621
runs/dobbe_two_colmap_v1/official/images/0083.png,.png,84392
runs/dobbe_two_colmap_v1/official/images/0084.png,.png,84530
runs/dobbe_two_colmap_v1/official/images/0085.png,.png,84617
runs/dobbe_two_colmap_v1/official/images/0086.png,.png,84980
runs/dobbe_two_colmap_v1/official/images/0087.png,.png,84336
runs/dobbe_two_colmap_v1/official/images/0088.png,.png,84378
runs/dobbe_two_colmap_v1/official/images/0089.png,.png,84332
runs/dobbe_two_colmap_v1/official/images/0090.png,.png,84926
runs/dobbe_two_colmap_v1/official/images/0091.png,.png,84575
runs/dobbe_two_colmap_v1/official/images/0092.png,.png,84608
runs/dobbe_two_colmap_v1/official/images/0093.png,.png,84830
runs/dobbe_two_colmap_v1/official/images/0094.png,.png,85347
runs/dobbe_two_colmap_v1/official/images/0095.png,.png,84654
runs/dobbe_two_colmap_v1/official/sparse/0/cameras.bin,.bin,64
runs/dobbe_two_colmap_v1/official/sparse/0/frames.bin,.bin,7148
runs/dobbe_two_colmap_v1/official/sparse/0/images.bin,.bin,412901
runs/dobbe_two_colmap_v1/official/sparse/0/points3D.bin,.bin,122074
runs/dobbe_two_colmap_v1/official/sparse/0/rigs.bin,.bin,24
runs/dobbe_two_colmap_v1/official/sparse/1/cameras.bin,.bin,64
runs/dobbe_two_colmap_v1/official/sparse/1/frames.bin,.bin,848
runs/dobbe_two_colmap_v1/official/sparse/1/images.bin,.bin,58322
runs/dobbe_two_colmap_v1/official/sparse/1/points3D.bin,.bin,27485
runs/dobbe_two_colmap_v1/official/sparse/1/rigs.bin,.bin,24
runs/dobbe_two_colmap_v1/official/sparse/2/cameras.bin,.bin,64
runs/dobbe_two_colmap_v1/official/sparse/2/frames.bin,.bin,1520
runs/dobbe_two_colmap_v1/official/sparse/2/images.bin,.bin,86810
runs/dobbe_two_colmap_v1/official/sparse/2/points3D.bin,.bin,27147
runs/dobbe_two_colmap_v1/official/sparse/2/rigs.bin,.bin,24
runs/dobbe_two_colmap_v1/official/sparse/project.ini,.ini,11969
runs/dobbe_two_colmap_v1/protocol.json,.json,10181
runs/dobbe_two_colmap_v1/raw_future_preview.png,.png,1061419
runs/dobbe_two_colmap_v1/rgb_tracking.json,.json,20208
runs/dobbe_two_colmap_v1/shared/history_depth_m.npy,.npy,320
runs/dobbe_two_colmap_v1/shared/history_uv.npy,.npy,512
runs/dobbe_two_colmap_v1/shared/points_2d_at_t0.npy,.npy,192
runs/dobbe_two_colmap_v1/shared/poses_c2w.npy,.npy,512
runs/dobbe_two_colmap_v1/shared/rgb_0096.png,.png,85077
runs/dobbe_two_colmap_v1/shared/rgb_0097.png,.png,84669
runs/dobbe_two_colmap_v1/shared/rgb_0098.png,.png,84905
runs/dobbe_vipe_v1/A/alltracker.log,.log,1452
runs/dobbe_vipe_v1/A/alltracker_execution.json,.json,781
runs/dobbe_vipe_v1/A/background_mask_t0.png,.png,2073
runs/dobbe_vipe_v1/A/camera_diagnostics.png,.png,58549
runs/dobbe_vipe_v1/A/causal_15hz.mp4,.mp4,2172218
runs/dobbe_vipe_v1/A/causal_tracks.mp4,.mp4,86104
runs/dobbe_vipe_v1/A/frame_map.json,.json,4768
runs/dobbe_vipe_v1/A/frames/00000.png,.png,72909
runs/dobbe_vipe_v1/A/frames/00001.png,.png,73415
runs/dobbe_vipe_v1/A/frames/00002.png,.png,73929
runs/dobbe_vipe_v1/A/frames/00003.png,.png,74761
runs/dobbe_vipe_v1/A/frames/00004.png,.png,75814
runs/dobbe_vipe_v1/A/frames/00005.png,.png,75990
runs/dobbe_vipe_v1/A/frames/00006.png,.png,75971
runs/dobbe_vipe_v1/A/frames/00007.png,.png,76731
runs/dobbe_vipe_v1/A/frames/00008.png,.png,77161
runs/dobbe_vipe_v1/A/frames/00009.png,.png,77708
runs/dobbe_vipe_v1/A/frames/00010.png,.png,78722
runs/dobbe_vipe_v1/A/frames/00011.png,.png,78479
runs/dobbe_vipe_v1/A/frames/00012.png,.png,79478
runs/dobbe_vipe_v1/A/frames/00013.png,.png,78927
runs/dobbe_vipe_v1/A/frames/00014.png,.png,79667
runs/dobbe_vipe_v1/A/frames/00015.png,.png,79080
runs/dobbe_vipe_v1/A/frames/00016.png,.png,78087
runs/dobbe_vipe_v1/A/frames/00017.png,.png,78302
runs/dobbe_vipe_v1/A/frames/00018.png,.png,79614
runs/dobbe_vipe_v1/A/frames/00019.png,.png,79818
runs/dobbe_vipe_v1/A/frames/00020.png,.png,80206
runs/dobbe_vipe_v1/A/frames/00021.png,.png,80140
runs/dobbe_vipe_v1/A/frames/00022.png,.png,79894
runs/dobbe_vipe_v1/A/frames/00023.png,.png,81082
runs/dobbe_vipe_v1/A/frames/00024.png,.png,81415
runs/dobbe_vipe_v1/A/frames/00025.png,.png,81188
runs/dobbe_vipe_v1/A/frames/00026.png,.png,81689
runs/dobbe_vipe_v1/A/frames/00027.png,.png,81993
runs/dobbe_vipe_v1/A/frames/00028.png,.png,83155
runs/dobbe_vipe_v1/A/frames/00029.png,.png,83345
runs/dobbe_vipe_v1/A/frames/00030.png,.png,82562
runs/dobbe_vipe_v1/A/frames/00031.png,.png,84442
runs/dobbe_vipe_v1/A/frames/00032.png,.png,84257
runs/dobbe_vipe_v1/A/frames/00033.png,.png,85709
runs/dobbe_vipe_v1/A/frames/00034.png,.png,85655
runs/dobbe_vipe_v1/A/frames/00035.png,.png,86446
runs/dobbe_vipe_v1/A/frames/00036.png,.png,85490
runs/dobbe_vipe_v1/A/frames/00037.png,.png,85288
runs/dobbe_vipe_v1/A/frames/00038.png,.png,84374
runs/dobbe_vipe_v1/A/frames/00039.png,.png,84969
runs/dobbe_vipe_v1/A/frames/00040.png,.png,84097
runs/dobbe_vipe_v1/A/frames/00041.png,.png,84621
runs/dobbe_vipe_v1/A/frames/00042.png,.png,84530
runs/dobbe_vipe_v1/A/frames/00043.png,.png,84980
runs/dobbe_vipe_v1/A/frames/00044.png,.png,84378
runs/dobbe_vipe_v1/A/frames/00045.png,.png,84926
runs/dobbe_vipe_v1/A/frames/00046.png,.png,84608
runs/dobbe_vipe_v1/A/frames/00047.png,.png,85347
runs/dobbe_vipe_v1/A/frames/00048.png,.png,85077
runs/dobbe_vipe_v1/A/frames/00049.png,.png,84905
runs/dobbe_vipe_v1/A/geometry_all.npz,.npz,13416962
runs/dobbe_vipe_v1/A/geometry_diagnostics.png,.png,1161834
runs/dobbe_vipe_v1/A/geometry_gate.json,.json,3694
runs/dobbe_vipe_v1/A/hybrid/c2w_t0.npy,.npy,192
runs/dobbe_vipe_v1/A/hybrid/geometry_gate.json,.json,1228
runs/dobbe_vipe_v1/A/hybrid/model_run.json,.json,124
runs/dobbe_vipe_v1/A/hybrid/points_2d_t0.npy,.npy,192
runs/dobbe_vipe_v1/A/hybrid/points_3d_world.npy,.npy,416
runs/dobbe_vipe_v1/A/hybrid_alignment_review.json,.json,754
runs/dobbe_vipe_v1/A/independent_static_sift.json,.json,1298
runs/dobbe_vipe_v1/A/mask_annotation.json,.json,1001
runs/dobbe_vipe_v1/A/mask_t0.png,.png,1207
runs/dobbe_vipe_v1/A/measured_depth_edges_00047.png,.png,86275
runs/dobbe_vipe_v1/A/measured_depth_edges_00048.png,.png,85986
runs/dobbe_vipe_v1/A/measured_depth_edges_00049.png,.png,85797
runs/dobbe_vipe_v1/A/measured_depth_prefix.npy,.npy,9830528
runs/dobbe_vipe_v1/A/observed_contact.jpg,.jpg,227200
runs/dobbe_vipe_v1/A/protocol.json,.json,1985
runs/dobbe_vipe_v1/A/protocol_action_correction.json,.json,373
runs/dobbe_vipe_v1/A/pure_vipe/c2w_t0.npy,.npy,192
runs/dobbe_vipe_v1/A/pure_vipe/geometry_gate.json,.json,517
runs/dobbe_vipe_v1/A/pure_vipe/model_run.json,.json,124
runs/dobbe_vipe_v1/A/pure_vipe/points_2d_t0.npy,.npy,192
runs/dobbe_vipe_v1/A/pure_vipe/points_3d_world.npy,.npy,416
runs/dobbe_vipe_v1/A/pure_vipe_unsmoothed/c2w_t0.npy,.npy,192
runs/dobbe_vipe_v1/A/pure_vipe_unsmoothed/geometry_gate.json,.json,518
runs/dobbe_vipe_v1/A/pure_vipe_unsmoothed/points_2d_t0.npy,.npy,192
runs/dobbe_vipe_v1/A/pure_vipe_unsmoothed/points_3d_world.npy,.npy,416
runs/dobbe_vipe_v1/A/query_overlay.png,.png,84791
runs/dobbe_vipe_v1/A/query_points.npz,.npz,4828
runs/dobbe_vipe_v1/A/rectified/alltracker_execution.json,.json,781
runs/dobbe_vipe_v1/A/rectified/camera_diagnostics.png,.png,53381
runs/dobbe_vipe_v1/A/rectified/causal_15hz.mp4,.mp4,1939470
runs/dobbe_vipe_v1/A/rectified/causal_tracks.mp4,.mp4,88447
runs/dobbe_vipe_v1/A/rectified/frame_map.json,.json,1083
runs/dobbe_vipe_v1/A/rectified/frames/00000.png,.png,72909
runs/dobbe_vipe_v1/A/rectified/frames/00001.png,.png,73415
runs/dobbe_vipe_v1/A/rectified/frames/00002.png,.png,73929
runs/dobbe_vipe_v1/A/rectified/frames/00003.png,.png,74761
runs/dobbe_vipe_v1/A/rectified/frames/00004.png,.png,75814
runs/dobbe_vipe_v1/A/rectified/frames/00005.png,.png,75990
runs/dobbe_vipe_v1/A/rectified/frames/00006.png,.png,75971
runs/dobbe_vipe_v1/A/rectified/frames/00007.png,.png,76731
runs/dobbe_vipe_v1/A/rectified/frames/00008.png,.png,77161
runs/dobbe_vipe_v1/A/rectified/frames/00009.png,.png,77708
runs/dobbe_vipe_v1/A/rectified/frames/00010.png,.png,78722
runs/dobbe_vipe_v1/A/rectified/frames/00011.png,.png,78479
runs/dobbe_vipe_v1/A/rectified/frames/00012.png,.png,79478
runs/dobbe_vipe_v1/A/rectified/frames/00013.png,.png,78927
runs/dobbe_vipe_v1/A/rectified/frames/00014.png,.png,79667
runs/dobbe_vipe_v1/A/rectified/frames/00015.png,.png,79080
runs/dobbe_vipe_v1/A/rectified/frames/00016.png,.png,78087
runs/dobbe_vipe_v1/A/rectified/frames/00017.png,.png,78302
runs/dobbe_vipe_v1/A/rectified/frames/00018.png,.png,79614
runs/dobbe_vipe_v1/A/rectified/frames/00019.png,.png,79818
runs/dobbe_vipe_v1/A/rectified/frames/00020.png,.png,80206
runs/dobbe_vipe_v1/A/rectified/frames/00021.png,.png,80140
runs/dobbe_vipe_v1/A/rectified/frames/00022.png,.png,79894
runs/dobbe_vipe_v1/A/rectified/frames/00023.png,.png,81082
runs/dobbe_vipe_v1/A/rectified/frames/00024.png,.png,81415
runs/dobbe_vipe_v1/A/rectified/frames/00025.png,.png,81188
runs/dobbe_vipe_v1/A/rectified/frames/00026.png,.png,81689
runs/dobbe_vipe_v1/A/rectified/frames/00027.png,.png,81993
runs/dobbe_vipe_v1/A/rectified/frames/00028.png,.png,83155
runs/dobbe_vipe_v1/A/rectified/frames/00029.png,.png,83345
runs/dobbe_vipe_v1/A/rectified/frames/00030.png,.png,82562
runs/dobbe_vipe_v1/A/rectified/frames/00031.png,.png,84442
runs/dobbe_vipe_v1/A/rectified/frames/00032.png,.png,84257
runs/dobbe_vipe_v1/A/rectified/frames/00033.png,.png,85709
runs/dobbe_vipe_v1/A/rectified/frames/00034.png,.png,85655
runs/dobbe_vipe_v1/A/rectified/frames/00035.png,.png,86446
runs/dobbe_vipe_v1/A/rectified/frames/00036.png,.png,85490
runs/dobbe_vipe_v1/A/rectified/frames/00037.png,.png,85288
runs/dobbe_vipe_v1/A/rectified/frames/00038.png,.png,84374
runs/dobbe_vipe_v1/A/rectified/frames/00039.png,.png,84969
runs/dobbe_vipe_v1/A/rectified/frames/00040.png,.png,84097
runs/dobbe_vipe_v1/A/rectified/frames/00041.png,.png,84621
runs/dobbe_vipe_v1/A/rectified/frames/00042.png,.png,84530
runs/dobbe_vipe_v1/A/rectified/frames/00043.png,.png,84980
runs/dobbe_vipe_v1/A/rectified/frames/00044.png,.png,84378
runs/dobbe_vipe_v1/A/rectified/frames/00045.png,.png,84926
runs/dobbe_vipe_v1/A/rectified/frames/00046.png,.png,84608
runs/dobbe_vipe_v1/A/rectified/frames/00047.png,.png,85347
runs/dobbe_vipe_v1/A/rectified/frames/00048.png,.png,85077
runs/dobbe_vipe_v1/A/rectified/frames/00049.png,.png,84905
runs/dobbe_vipe_v1/A/rectified/geometry_all.npz,.npz,13416962
runs/dobbe_vipe_v1/A/rectified/geometry_diagnostics.png,.png,1152014
runs/dobbe_vipe_v1/A/rectified/geometry_gate.json,.json,3749
runs/dobbe_vipe_v1/A/rectified/hybrid/c2w_t0.npy,.npy,192
runs/dobbe_vipe_v1/A/rectified/hybrid/geometry_gate.json,.json,1222
runs/dobbe_vipe_v1/A/rectified/hybrid/model_run.json,.json,124
runs/dobbe_vipe_v1/A/rectified/hybrid/points_2d_t0.npy,.npy,192
runs/dobbe_vipe_v1/A/rectified/hybrid/points_3d_world.npy,.npy,416
runs/dobbe_vipe_v1/A/rectified/hybrid_alignment_review.json,.json,754
runs/dobbe_vipe_v1/A/rectified/independent_static_sift.json,.json,1297
runs/dobbe_vipe_v1/A/rectified/mask_annotation.json,.json,1001
runs/dobbe_vipe_v1/A/rectified/mask_t0.png,.png,1207
runs/dobbe_vipe_v1/A/rectified/measured_depth_edges_00047.png,.png,86275
runs/dobbe_vipe_v1/A/rectified/measured_depth_edges_00048.png,.png,85986
runs/dobbe_vipe_v1/A/rectified/measured_depth_edges_00049.png,.png,85797
runs/dobbe_vipe_v1/A/rectified/measured_depth_prefix.npy,.npy,9830528
runs/dobbe_vipe_v1/A/rectified/protocol.json,.json,2401
runs/dobbe_vipe_v1/A/rectified/pure_vipe/c2w_t0.npy,.npy,192
runs/dobbe_vipe_v1/A/rectified/pure_vipe/geometry_gate.json,.json,517
runs/dobbe_vipe_v1/A/rectified/pure_vipe/model_run.json,.json,124
runs/dobbe_vipe_v1/A/rectified/pure_vipe/points_2d_t0.npy,.npy,192
runs/dobbe_vipe_v1/A/rectified/pure_vipe/points_3d_world.npy,.npy,416
runs/dobbe_vipe_v1/A/rectified/pure_vipe_unsmoothed/c2w_t0.npy,.npy,192
runs/dobbe_vipe_v1/A/rectified/pure_vipe_unsmoothed/geometry_gate.json,.json,518
runs/dobbe_vipe_v1/A/rectified/pure_vipe_unsmoothed/points_2d_t0.npy,.npy,192
runs/dobbe_vipe_v1/A/rectified/pure_vipe_unsmoothed/points_3d_world.npy,.npy,416
runs/dobbe_vipe_v1/A/rectified/query_points.npz,.npz,4828
runs/dobbe_vipe_v1/A/rectified/smoke_vipe/c2w_t0.npy,.npy,192
runs/dobbe_vipe_v1/A/rectified/smoke_vipe/geometry_gate.json,.json,868
runs/dobbe_vipe_v1/A/rectified/smoke_vipe/model_run.json,.json,124
runs/dobbe_vipe_v1/A/rectified/smoke_vipe/points_2d_t0.npy,.npy,192
runs/dobbe_vipe_v1/A/rectified/smoke_vipe/points_3d_world.npy,.npy,416
runs/dobbe_vipe_v1/A/rectified/static_sift_00036.npz,.npz,1278
runs/dobbe_vipe_v1/A/rectified/static_sift_00036.png,.png,76083
runs/dobbe_vipe_v1/A/rectified/static_sift_00046.npz,.npz,1608
runs/dobbe_vipe_v1/A/rectified/static_sift_00046.png,.png,74884
runs/dobbe_vipe_v1/A/rectified/static_sift_00047.npz,.npz,1740
runs/dobbe_vipe_v1/A/rectified/static_sift_00047.png,.png,76016
runs/dobbe_vipe_v1/A/rectified/static_sift_00048.npz,.npz,1641
runs/dobbe_vipe_v1/A/rectified/static_sift_00048.png,.png,75839
runs/dobbe_vipe_v1/A/rectified/tracks.npz,.npz,116348
runs/dobbe_vipe_v1/A/rectified/vipe/depth/causal_15hz.zip,.zip,1932332
runs/dobbe_vipe_v1/A/rectified/vipe/intrinsics/causal_15hz.npz,.npz,1702
runs/dobbe_vipe_v1/A/rectified/vipe/intrinsics/causal_15hz_camera.txt,.txt,590
runs/dobbe_vipe_v1/A/rectified/vipe/mask/causal_15hz.txt,.txt,21
runs/dobbe_vipe_v1/A/rectified/vipe/mask/causal_15hz.zip,.zip,46293
runs/dobbe_vipe_v1/A/rectified/vipe/pose/causal_15hz.npz,.npz,4102
runs/dobbe_vipe_v1/A/rectified/vipe/rgb/causal_15hz.mp4,.mp4,42503
runs/dobbe_vipe_v1/A/rectified/vipe/vipe/causal_15hz_info.pkl,.pkl,38
runs/dobbe_vipe_v1/A/rectified/vipe_no_vda.log,.log,9605
runs/dobbe_vipe_v1/A/rectified/vipe_no_vda_execution.json,.json,724
runs/dobbe_vipe_v1/A/sift_audited/ablation_input_audit.json,.json,290
runs/dobbe_vipe_v1/A/sift_audited/ablation_input_audit_initial.json,.json,990
runs/dobbe_vipe_v1/A/sift_audited/alltracker_execution.json,.json,781
runs/dobbe_vipe_v1/A/sift_audited/camera_diagnostics.png,.png,53381
runs/dobbe_vipe_v1/A/sift_audited/causal_15hz.mp4,.mp4,1939470
runs/dobbe_vipe_v1/A/sift_audited/causal_tracks.mp4,.mp4,88447
runs/dobbe_vipe_v1/A/sift_audited/control_protocol.json,.json,1199
runs/dobbe_vipe_v1/A/sift_audited/frame_map.json,.json,1083
runs/dobbe_vipe_v1/A/sift_audited/frames/00000.png,.png,72909
runs/dobbe_vipe_v1/A/sift_audited/frames/00001.png,.png,73415
runs/dobbe_vipe_v1/A/sift_audited/frames/00002.png,.png,73929
runs/dobbe_vipe_v1/A/sift_audited/frames/00003.png,.png,74761
runs/dobbe_vipe_v1/A/sift_audited/frames/00004.png,.png,75814
runs/dobbe_vipe_v1/A/sift_audited/frames/00005.png,.png,75990
runs/dobbe_vipe_v1/A/sift_audited/frames/00006.png,.png,75971
runs/dobbe_vipe_v1/A/sift_audited/frames/00007.png,.png,76731
runs/dobbe_vipe_v1/A/sift_audited/frames/00008.png,.png,77161
runs/dobbe_vipe_v1/A/sift_audited/frames/00009.png,.png,77708
runs/dobbe_vipe_v1/A/sift_audited/frames/00010.png,.png,78722
runs/dobbe_vipe_v1/A/sift_audited/frames/00011.png,.png,78479
runs/dobbe_vipe_v1/A/sift_audited/frames/00012.png,.png,79478
runs/dobbe_vipe_v1/A/sift_audited/frames/00013.png,.png,78927
runs/dobbe_vipe_v1/A/sift_audited/frames/00014.png,.png,79667
runs/dobbe_vipe_v1/A/sift_audited/frames/00015.png,.png,79080
runs/dobbe_vipe_v1/A/sift_audited/frames/00016.png,.png,78087
runs/dobbe_vipe_v1/A/sift_audited/frames/00017.png,.png,78302
runs/dobbe_vipe_v1/A/sift_audited/frames/00018.png,.png,79614
runs/dobbe_vipe_v1/A/sift_audited/frames/00019.png,.png,79818
runs/dobbe_vipe_v1/A/sift_audited/frames/00020.png,.png,80206
runs/dobbe_vipe_v1/A/sift_audited/frames/00021.png,.png,80140
runs/dobbe_vipe_v1/A/sift_audited/frames/00022.png,.png,79894
runs/dobbe_vipe_v1/A/sift_audited/frames/00023.png,.png,81082
runs/dobbe_vipe_v1/A/sift_audited/frames/00024.png,.png,81415
runs/dobbe_vipe_v1/A/sift_audited/frames/00025.png,.png,81188
runs/dobbe_vipe_v1/A/sift_audited/frames/00026.png,.png,81689
runs/dobbe_vipe_v1/A/sift_audited/frames/00027.png,.png,81993
runs/dobbe_vipe_v1/A/sift_audited/frames/00028.png,.png,83155
runs/dobbe_vipe_v1/A/sift_audited/frames/00029.png,.png,83345
runs/dobbe_vipe_v1/A/sift_audited/frames/00030.png,.png,82562
runs/dobbe_vipe_v1/A/sift_audited/frames/00031.png,.png,84442
runs/dobbe_vipe_v1/A/sift_audited/frames/00032.png,.png,84257
runs/dobbe_vipe_v1/A/sift_audited/frames/00033.png,.png,85709
runs/dobbe_vipe_v1/A/sift_audited/frames/00034.png,.png,85655
runs/dobbe_vipe_v1/A/sift_audited/frames/00035.png,.png,86446
runs/dobbe_vipe_v1/A/sift_audited/frames/00036.png,.png,85490
runs/dobbe_vipe_v1/A/sift_audited/frames/00037.png,.png,85288
runs/dobbe_vipe_v1/A/sift_audited/frames/00038.png,.png,84374
runs/dobbe_vipe_v1/A/sift_audited/frames/00039.png,.png,84969
runs/dobbe_vipe_v1/A/sift_audited/frames/00040.png,.png,84097
runs/dobbe_vipe_v1/A/sift_audited/frames/00041.png,.png,84621
runs/dobbe_vipe_v1/A/sift_audited/frames/00042.png,.png,84530
runs/dobbe_vipe_v1/A/sift_audited/frames/00043.png,.png,84980
runs/dobbe_vipe_v1/A/sift_audited/frames/00044.png,.png,84378
runs/dobbe_vipe_v1/A/sift_audited/frames/00045.png,.png,84926
runs/dobbe_vipe_v1/A/sift_audited/frames/00046.png,.png,84608
runs/dobbe_vipe_v1/A/sift_audited/frames/00047.png,.png,85347
runs/dobbe_vipe_v1/A/sift_audited/frames/00048.png,.png,85077
runs/dobbe_vipe_v1/A/sift_audited/frames/00049.png,.png,84905
runs/dobbe_vipe_v1/A/sift_audited/geometry_all.npz,.npz,13416962
runs/dobbe_vipe_v1/A/sift_audited/geometry_diagnostics.png,.png,1152014
runs/dobbe_vipe_v1/A/sift_audited/geometry_gate.json,.json,3679
runs/dobbe_vipe_v1/A/sift_audited/hybrid/c2w_t0.npy,.npy,192
runs/dobbe_vipe_v1/A/sift_audited/hybrid/geometry_gate.json,.json,2313
runs/dobbe_vipe_v1/A/sift_audited/hybrid/model_run.json,.json,126
runs/dobbe_vipe_v1/A/sift_audited/hybrid/points_2d_t0.npy,.npy,192
runs/dobbe_vipe_v1/A/sift_audited/hybrid/points_3d_world.npy,.npy,416
runs/dobbe_vipe_v1/A/sift_audited/hybrid_alignment_review.json,.json,754
runs/dobbe_vipe_v1/A/sift_audited/independent_static_sift.json,.json,1297
runs/dobbe_vipe_v1/A/sift_audited/mask_annotation.json,.json,1001
runs/dobbe_vipe_v1/A/sift_audited/mask_t0.png,.png,1207
runs/dobbe_vipe_v1/A/sift_audited/measured_depth_edges_00047.png,.png,86275
runs/dobbe_vipe_v1/A/sift_audited/measured_depth_edges_00048.png,.png,85986
runs/dobbe_vipe_v1/A/sift_audited/measured_depth_edges_00049.png,.png,85797
runs/dobbe_vipe_v1/A/sift_audited/measured_depth_prefix.npy,.npy,9830528
runs/dobbe_vipe_v1/A/sift_audited/paired_depth_comparison.png,.png,151773
runs/dobbe_vipe_v1/A/sift_audited/paired_forecast_summary.json,.json,565
runs/dobbe_vipe_v1/A/sift_audited/paired_hybrid/c2w_t0.npy,.npy,192
runs/dobbe_vipe_v1/A/sift_audited/paired_hybrid/evaluation/alltracker_execution.json,.json,684
runs/dobbe_vipe_v1/A/sift_audited/paired_hybrid/evaluation/conditional_error_over_time.png,.png,93444
runs/dobbe_vipe_v1/A/sift_audited/paired_hybrid/evaluation/conditional_projection.npz,.npz,15100
runs/dobbe_vipe_v1/A/sift_audited/paired_hybrid/evaluation/future_15hz.mp4,.mp4,1601416
runs/dobbe_vipe_v1/A/sift_audited/paired_hybrid/evaluation/future_access_receipt.json,.json,1086
runs/dobbe_vipe_v1/A/sift_audited/paired_hybrid/evaluation/future_comparison.png,.png,1040051
runs/dobbe_vipe_v1/A/sift_audited/paired_hybrid/evaluation/future_overlay.mp4,.mp4,273253
runs/dobbe_vipe_v1/A/sift_audited/paired_hybrid/evaluation/metrics.json,.json,4128
runs/dobbe_vipe_v1/A/sift_audited/paired_hybrid/evaluation/observed_future_tracks.npz,.npz,4802
runs/dobbe_vipe_v1/A/sift_audited/paired_hybrid/forecast_3d.png,.png,241290
runs/dobbe_vipe_v1/A/sift_audited/paired_hybrid/geometry_gate.json,.json,2299
runs/dobbe_vipe_v1/A/sift_audited/paired_hybrid/input_freeze.json,.json,1340
runs/dobbe_vipe_v1/A/sift_audited/paired_hybrid/model_run.json,.json,809
runs/dobbe_vipe_v1/A/sift_audited/paired_hybrid/points_2d_t0.npy,.npy,192
runs/dobbe_vipe_v1/A/sift_audited/paired_hybrid/points_3d_camera_t0_diagnostic.npy,.npy,416
runs/dobbe_vipe_v1/A/sift_audited/paired_hybrid/points_3d_world.npy,.npy,416
runs/dobbe_vipe_v1/A/sift_audited/paired_hybrid/prediction_15hz.npy,.npy,3008
runs/dobbe_vipe_v1/A/sift_audited/paired_hybrid/prediction_parsed_visibility.npy,.npy,368
runs/dobbe_vipe_v1/A/sift_audited/paired_hybrid/processor_equivalence.json,.json,408
runs/dobbe_vipe_v1/A/sift_audited/paired_hybrid/raw_model_output.txt,.txt,3011
runs/dobbe_vipe_v1/A/sift_audited/paired_selection_audit.json,.json,1678
runs/dobbe_vipe_v1/A/sift_audited/paired_selection_protocol.json,.json,874
runs/dobbe_vipe_v1/A/sift_audited/paired_vipe/c2w_t0.npy,.npy,192
runs/dobbe_vipe_v1/A/sift_audited/paired_vipe/evaluation/alltracker_execution.json,.json,684
runs/dobbe_vipe_v1/A/sift_audited/paired_vipe/evaluation/conditional_error_over_time.png,.png,98057
runs/dobbe_vipe_v1/A/sift_audited/paired_vipe/evaluation/conditional_projection.npz,.npz,15100
runs/dobbe_vipe_v1/A/sift_audited/paired_vipe/evaluation/future_15hz.mp4,.mp4,1601416
runs/dobbe_vipe_v1/A/sift_audited/paired_vipe/evaluation/future_access_receipt.json,.json,1086
runs/dobbe_vipe_v1/A/sift_audited/paired_vipe/evaluation/future_comparison.png,.png,1040174
runs/dobbe_vipe_v1/A/sift_audited/paired_vipe/evaluation/future_overlay.mp4,.mp4,274255
runs/dobbe_vipe_v1/A/sift_audited/paired_vipe/evaluation/metrics.json,.json,4137
runs/dobbe_vipe_v1/A/sift_audited/paired_vipe/evaluation/observed_future_tracks.npz,.npz,4802
runs/dobbe_vipe_v1/A/sift_audited/paired_vipe/forecast_3d.png,.png,236724
runs/dobbe_vipe_v1/A/sift_audited/paired_vipe/geometry_gate.json,.json,2224
runs/dobbe_vipe_v1/A/sift_audited/paired_vipe/input_freeze.json,.json,1330
runs/dobbe_vipe_v1/A/sift_audited/paired_vipe/model_run.json,.json,803
runs/dobbe_vipe_v1/A/sift_audited/paired_vipe/points_2d_t0.npy,.npy,192
runs/dobbe_vipe_v1/A/sift_audited/paired_vipe/points_3d_camera_t0_diagnostic.npy,.npy,416
runs/dobbe_vipe_v1/A/sift_audited/paired_vipe/points_3d_world.npy,.npy,416
runs/dobbe_vipe_v1/A/sift_audited/paired_vipe/prediction_15hz.npy,.npy,3008
runs/dobbe_vipe_v1/A/sift_audited/paired_vipe/prediction_parsed_visibility.npy,.npy,368
runs/dobbe_vipe_v1/A/sift_audited/paired_vipe/processor_equivalence.json,.json,408
runs/dobbe_vipe_v1/A/sift_audited/paired_vipe/raw_model_output.txt,.txt,3071
runs/dobbe_vipe_v1/A/sift_audited/protocol.json,.json,2624
runs/dobbe_vipe_v1/A/sift_audited/pure_vipe/c2w_t0.npy,.npy,192
runs/dobbe_vipe_v1/A/sift_audited/pure_vipe/evaluation/alltracker_execution.json,.json,684
runs/dobbe_vipe_v1/A/sift_audited/pure_vipe/evaluation/conditional_error_over_time.png,.png,100371
runs/dobbe_vipe_v1/A/sift_audited/pure_vipe/evaluation/conditional_projection.npz,.npz,15100
runs/dobbe_vipe_v1/A/sift_audited/pure_vipe/evaluation/future_15hz.mp4,.mp4,1601416
runs/dobbe_vipe_v1/A/sift_audited/pure_vipe/evaluation/future_access_receipt.json,.json,1086
runs/dobbe_vipe_v1/A/sift_audited/pure_vipe/evaluation/future_comparison.png,.png,1038508
runs/dobbe_vipe_v1/A/sift_audited/pure_vipe/evaluation/future_overlay.mp4,.mp4,271893
runs/dobbe_vipe_v1/A/sift_audited/pure_vipe/evaluation/metrics.json,.json,4129
runs/dobbe_vipe_v1/A/sift_audited/pure_vipe/evaluation/observed_future_tracks.npz,.npz,4802
runs/dobbe_vipe_v1/A/sift_audited/pure_vipe/forecast_3d.png,.png,220153
runs/dobbe_vipe_v1/A/sift_audited/pure_vipe/geometry_gate.json,.json,872
runs/dobbe_vipe_v1/A/sift_audited/pure_vipe/input_freeze.json,.json,1320
runs/dobbe_vipe_v1/A/sift_audited/pure_vipe/model_run.json,.json,806
runs/dobbe_vipe_v1/A/sift_audited/pure_vipe/points_2d_t0.npy,.npy,192
runs/dobbe_vipe_v1/A/sift_audited/pure_vipe/points_3d_camera_t0_diagnostic.npy,.npy,416
runs/dobbe_vipe_v1/A/sift_audited/pure_vipe/points_3d_world.npy,.npy,416
runs/dobbe_vipe_v1/A/sift_audited/pure_vipe/prediction_15hz.npy,.npy,3008
runs/dobbe_vipe_v1/A/sift_audited/pure_vipe/prediction_parsed_visibility.npy,.npy,368
runs/dobbe_vipe_v1/A/sift_audited/pure_vipe/processor_equivalence.json,.json,408
runs/dobbe_vipe_v1/A/sift_audited/pure_vipe/raw_model_output.txt,.txt,3191
runs/dobbe_vipe_v1/A/sift_audited/pure_vipe_unsmoothed/c2w_t0.npy,.npy,192
runs/dobbe_vipe_v1/A/sift_audited/pure_vipe_unsmoothed/evaluation/alltracker_execution.json,.json,684
runs/dobbe_vipe_v1/A/sift_audited/pure_vipe_unsmoothed/evaluation/conditional_error_over_time.png,.png,100121
runs/dobbe_vipe_v1/A/sift_audited/pure_vipe_unsmoothed/evaluation/conditional_projection.npz,.npz,15100
runs/dobbe_vipe_v1/A/sift_audited/pure_vipe_unsmoothed/evaluation/future_15hz.mp4,.mp4,1601416
runs/dobbe_vipe_v1/A/sift_audited/pure_vipe_unsmoothed/evaluation/future_access_receipt.json,.json,1086
runs/dobbe_vipe_v1/A/sift_audited/pure_vipe_unsmoothed/evaluation/future_comparison.png,.png,1038309
runs/dobbe_vipe_v1/A/sift_audited/pure_vipe_unsmoothed/evaluation/future_overlay.mp4,.mp4,272441
runs/dobbe_vipe_v1/A/sift_audited/pure_vipe_unsmoothed/evaluation/metrics.json,.json,4127
runs/dobbe_vipe_v1/A/sift_audited/pure_vipe_unsmoothed/evaluation/observed_future_tracks.npz,.npz,4802
runs/dobbe_vipe_v1/A/sift_audited/pure_vipe_unsmoothed/forecast_3d.png,.png,215201
runs/dobbe_vipe_v1/A/sift_audited/pure_vipe_unsmoothed/geometry_gate.json,.json,873
runs/dobbe_vipe_v1/A/sift_audited/pure_vipe_unsmoothed/input_freeze.json,.json,1375
runs/dobbe_vipe_v1/A/sift_audited/pure_vipe_unsmoothed/model_run.json,.json,816
runs/dobbe_vipe_v1/A/sift_audited/pure_vipe_unsmoothed/points_2d_t0.npy,.npy,192
runs/dobbe_vipe_v1/A/sift_audited/pure_vipe_unsmoothed/points_3d_camera_t0_diagnostic.npy,.npy,416
runs/dobbe_vipe_v1/A/sift_audited/pure_vipe_unsmoothed/points_3d_world.npy,.npy,416
runs/dobbe_vipe_v1/A/sift_audited/pure_vipe_unsmoothed/prediction_15hz.npy,.npy,3008
runs/dobbe_vipe_v1/A/sift_audited/pure_vipe_unsmoothed/prediction_parsed_visibility.npy,.npy,368
runs/dobbe_vipe_v1/A/sift_audited/pure_vipe_unsmoothed/processor_equivalence.json,.json,408
runs/dobbe_vipe_v1/A/sift_audited/pure_vipe_unsmoothed/raw_model_output.txt,.txt,3221
runs/dobbe_vipe_v1/A/sift_audited/query_points.npz,.npz,4828
runs/dobbe_vipe_v1/A/sift_audited/rejected_sensor_queries/hybrid/c2w_t0.npy,.npy,192
runs/dobbe_vipe_v1/A/sift_audited/rejected_sensor_queries/hybrid/geometry_gate.json,.json,2283
runs/dobbe_vipe_v1/A/sift_audited/rejected_sensor_queries/hybrid/points_2d_t0.npy,.npy,192
runs/dobbe_vipe_v1/A/sift_audited/rejected_sensor_queries/hybrid/points_3d_world.npy,.npy,416
runs/dobbe_vipe_v1/A/sift_audited/rejected_sensor_queries/pure_vipe_unsmoothed/c2w_t0.npy,.npy,192
runs/dobbe_vipe_v1/A/sift_audited/rejected_sensor_queries/pure_vipe_unsmoothed/geometry_gate.json,.json,873
runs/dobbe_vipe_v1/A/sift_audited/rejected_sensor_queries/pure_vipe_unsmoothed/points_2d_t0.npy,.npy,192
runs/dobbe_vipe_v1/A/sift_audited/rejected_sensor_queries/pure_vipe_unsmoothed/points_3d_world.npy,.npy,416
runs/dobbe_vipe_v1/A/sift_audited/smoke_vipe/c2w_t0.npy,.npy,192
runs/dobbe_vipe_v1/A/sift_audited/smoke_vipe/evaluation/alltracker_execution.json,.json,684
runs/dobbe_vipe_v1/A/sift_audited/smoke_vipe/evaluation/conditional_error_over_time.png,.png,100570
runs/dobbe_vipe_v1/A/sift_audited/smoke_vipe/evaluation/conditional_projection.npz,.npz,15100
runs/dobbe_vipe_v1/A/sift_audited/smoke_vipe/evaluation/future_15hz.mp4,.mp4,1601416
runs/dobbe_vipe_v1/A/sift_audited/smoke_vipe/evaluation/future_access_receipt.json,.json,1086
runs/dobbe_vipe_v1/A/sift_audited/smoke_vipe/evaluation/future_comparison.png,.png,1035320
runs/dobbe_vipe_v1/A/sift_audited/smoke_vipe/evaluation/future_overlay.mp4,.mp4,273527
runs/dobbe_vipe_v1/A/sift_audited/smoke_vipe/evaluation/metrics.json,.json,4136
runs/dobbe_vipe_v1/A/sift_audited/smoke_vipe/evaluation/observed_future_tracks.npz,.npz,4802
runs/dobbe_vipe_v1/A/sift_audited/smoke_vipe/forecast_3d.png,.png,233878
runs/dobbe_vipe_v1/A/sift_audited/smoke_vipe/geometry_gate.json,.json,1223
runs/dobbe_vipe_v1/A/sift_audited/smoke_vipe/input_freeze.json,.json,1325
runs/dobbe_vipe_v1/A/sift_audited/smoke_vipe/model_run.json,.json,808
runs/dobbe_vipe_v1/A/sift_audited/smoke_vipe/points_2d_t0.npy,.npy,192
runs/dobbe_vipe_v1/A/sift_audited/smoke_vipe/points_3d_camera_t0_diagnostic.npy,.npy,416
runs/dobbe_vipe_v1/A/sift_audited/smoke_vipe/points_3d_world.npy,.npy,416
runs/dobbe_vipe_v1/A/sift_audited/smoke_vipe/prediction_15hz.npy,.npy,3008
runs/dobbe_vipe_v1/A/sift_audited/smoke_vipe/prediction_parsed_visibility.npy,.npy,368
runs/dobbe_vipe_v1/A/sift_audited/smoke_vipe/processor_equivalence.json,.json,408
runs/dobbe_vipe_v1/A/sift_audited/smoke_vipe/raw_model_output.txt,.txt,3221
runs/dobbe_vipe_v1/A/sift_audited/static_sift_00036.npz,.npz,1278
runs/dobbe_vipe_v1/A/sift_audited/static_sift_00036.png,.png,76083
runs/dobbe_vipe_v1/A/sift_audited/static_sift_00046.npz,.npz,1608
runs/dobbe_vipe_v1/A/sift_audited/static_sift_00046.png,.png,74884
runs/dobbe_vipe_v1/A/sift_audited/static_sift_00047.npz,.npz,1740
runs/dobbe_vipe_v1/A/sift_audited/static_sift_00047.png,.png,76016
runs/dobbe_vipe_v1/A/sift_audited/static_sift_00048.npz,.npz,1641
runs/dobbe_vipe_v1/A/sift_audited/static_sift_00048.png,.png,75839
runs/dobbe_vipe_v1/A/sift_audited/tracks.npz,.npz,116348
runs/dobbe_vipe_v1/A/sift_audited/vipe/depth/causal_15hz.zip,.zip,1932332
runs/dobbe_vipe_v1/A/sift_audited/vipe/intrinsics/causal_15hz.npz,.npz,1702
runs/dobbe_vipe_v1/A/sift_audited/vipe/intrinsics/causal_15hz_camera.txt,.txt,590
runs/dobbe_vipe_v1/A/sift_audited/vipe/mask/causal_15hz.txt,.txt,21
runs/dobbe_vipe_v1/A/sift_audited/vipe/mask/causal_15hz.zip,.zip,46293
runs/dobbe_vipe_v1/A/sift_audited/vipe/pose/causal_15hz.npz,.npz,4102
runs/dobbe_vipe_v1/A/sift_audited/vipe/rgb/causal_15hz.mp4,.mp4,42503
runs/dobbe_vipe_v1/A/sift_audited/vipe/vipe/causal_15hz_info.pkl,.pkl,38
runs/dobbe_vipe_v1/A/sift_audited/vipe_no_vda.log,.log,9605
runs/dobbe_vipe_v1/A/sift_audited/vipe_no_vda_execution.json,.json,724
runs/dobbe_vipe_v1/A/smoke_vipe/c2w_t0.npy,.npy,192
runs/dobbe_vipe_v1/A/smoke_vipe/geometry_gate.json,.json,868
runs/dobbe_vipe_v1/A/smoke_vipe/model_run.json,.json,124
runs/dobbe_vipe_v1/A/smoke_vipe/points_2d_t0.npy,.npy,192
runs/dobbe_vipe_v1/A/smoke_vipe/points_3d_camera_t0_diagnostic.npy,.npy,416
runs/dobbe_vipe_v1/A/smoke_vipe/points_3d_world.npy,.npy,416
runs/dobbe_vipe_v1/A/smoke_vipe/processor_equivalence.json,.json,408
runs/dobbe_vipe_v1/A/static_sift_00036.npz,.npz,1278
runs/dobbe_vipe_v1/A/static_sift_00036.png,.png,76160
runs/dobbe_vipe_v1/A/static_sift_00046.npz,.npz,1608
runs/dobbe_vipe_v1/A/static_sift_00046.png,.png,74960
runs/dobbe_vipe_v1/A/static_sift_00047.npz,.npz,1740
runs/dobbe_vipe_v1/A/static_sift_00047.png,.png,76093
runs/dobbe_vipe_v1/A/static_sift_00048.npz,.npz,1641
runs/dobbe_vipe_v1/A/static_sift_00048.png,.png,75847
runs/dobbe_vipe_v1/A/tracks.npz,.npz,116348
runs/dobbe_vipe_v1/A/vipe/depth/causal_15hz.zip,.zip,2300062
runs/dobbe_vipe_v1/A/vipe/intrinsics/causal_15hz.npz,.npz,1702
runs/dobbe_vipe_v1/A/vipe/intrinsics/causal_15hz_camera.txt,.txt,590
runs/dobbe_vipe_v1/A/vipe/mask/causal_15hz.txt,.txt,21
runs/dobbe_vipe_v1/A/vipe/mask/causal_15hz.zip,.zip,60888
runs/dobbe_vipe_v1/A/vipe/pose/causal_15hz.npz,.npz,4102
runs/dobbe_vipe_v1/A/vipe/rgb/causal_15hz.mp4,.mp4,41366
runs/dobbe_vipe_v1/A/vipe/vipe/causal_15hz_info.pkl,.pkl,38
runs/dobbe_vipe_v1/A/vipe_no_vda.log,.log,8118
runs/dobbe_vipe_v1/A/vipe_no_vda_execution.json,.json,704
runs/dobbe_vipe_v1/B/alltracker.log,.log,12278
runs/dobbe_vipe_v1/B/alltracker_execution.json,.json,779
runs/dobbe_vipe_v1/B/background_mask_t0.png,.png,1526
runs/dobbe_vipe_v1/B/camera_diagnostics.png,.png,59434
runs/dobbe_vipe_v1/B/causal_15hz.mp4,.mp4,8686869
runs/dobbe_vipe_v1/B/causal_tracks.mp4,.mp4,995750
runs/dobbe_vipe_v1/B/default/alltracker_execution.json,.json,779
runs/dobbe_vipe_v1/B/default/camera_diagnostics.png,.png,54917
runs/dobbe_vipe_v1/B/default/causal_15hz.mp4,.mp4,8686869
runs/dobbe_vipe_v1/B/default/causal_tracks.mp4,.mp4,994260
runs/dobbe_vipe_v1/B/default/frame_map.json,.json,1232
runs/dobbe_vipe_v1/B/default/frames/00000.png,.png,184496
runs/dobbe_vipe_v1/B/default/frames/00001.png,.png,183684
runs/dobbe_vipe_v1/B/default/frames/00002.png,.png,183090
runs/dobbe_vipe_v1/B/default/frames/00003.png,.png,184115
runs/dobbe_vipe_v1/B/default/frames/00004.png,.png,181283
runs/dobbe_vipe_v1/B/default/frames/00005.png,.png,184548
runs/dobbe_vipe_v1/B/default/frames/00006.png,.png,183911
runs/dobbe_vipe_v1/B/default/frames/00007.png,.png,184264
runs/dobbe_vipe_v1/B/default/frames/00008.png,.png,184786
runs/dobbe_vipe_v1/B/default/frames/00009.png,.png,184276
runs/dobbe_vipe_v1/B/default/frames/00010.png,.png,185994
runs/dobbe_vipe_v1/B/default/frames/00011.png,.png,185560
runs/dobbe_vipe_v1/B/default/frames/00012.png,.png,186899
runs/dobbe_vipe_v1/B/default/frames/00013.png,.png,186859
runs/dobbe_vipe_v1/B/default/frames/00014.png,.png,185436
runs/dobbe_vipe_v1/B/default/frames/00015.png,.png,186368
runs/dobbe_vipe_v1/B/default/frames/00016.png,.png,186078
runs/dobbe_vipe_v1/B/default/frames/00017.png,.png,186185
runs/dobbe_vipe_v1/B/default/frames/00018.png,.png,184647
runs/dobbe_vipe_v1/B/default/frames/00019.png,.png,182620
runs/dobbe_vipe_v1/B/default/frames/00020.png,.png,182624
runs/dobbe_vipe_v1/B/default/frames/00021.png,.png,183492
runs/dobbe_vipe_v1/B/default/frames/00022.png,.png,177287
runs/dobbe_vipe_v1/B/default/frames/00023.png,.png,179441
runs/dobbe_vipe_v1/B/default/frames/00024.png,.png,178603
runs/dobbe_vipe_v1/B/default/frames/00025.png,.png,175656
runs/dobbe_vipe_v1/B/default/frames/00026.png,.png,175363
runs/dobbe_vipe_v1/B/default/frames/00027.png,.png,169750
runs/dobbe_vipe_v1/B/default/frames/00028.png,.png,166392
runs/dobbe_vipe_v1/B/default/frames/00029.png,.png,165611
runs/dobbe_vipe_v1/B/default/frames/00030.png,.png,169730
runs/dobbe_vipe_v1/B/default/frames/00031.png,.png,171216
runs/dobbe_vipe_v1/B/default/frames/00032.png,.png,168840
runs/dobbe_vipe_v1/B/default/frames/00033.png,.png,169493
runs/dobbe_vipe_v1/B/default/frames/00034.png,.png,163377
runs/dobbe_vipe_v1/B/default/frames/00035.png,.png,164949
runs/dobbe_vipe_v1/B/default/frames/00036.png,.png,162183
runs/dobbe_vipe_v1/B/default/frames/00037.png,.png,164264
runs/dobbe_vipe_v1/B/default/frames/00038.png,.png,161979
runs/dobbe_vipe_v1/B/default/frames/00039.png,.png,160889
runs/dobbe_vipe_v1/B/default/frames/00040.png,.png,156570
runs/dobbe_vipe_v1/B/default/frames/00041.png,.png,155095
runs/dobbe_vipe_v1/B/default/frames/00042.png,.png,156783
runs/dobbe_vipe_v1/B/default/frames/00043.png,.png,156730
runs/dobbe_vipe_v1/B/default/frames/00044.png,.png,155547
runs/dobbe_vipe_v1/B/default/frames/00045.png,.png,156415
runs/dobbe_vipe_v1/B/default/frames/00046.png,.png,156523
runs/dobbe_vipe_v1/B/default/frames/00047.png,.png,155625
runs/dobbe_vipe_v1/B/default/frames/00048.png,.png,156319
runs/dobbe_vipe_v1/B/default/frames/00049.png,.png,155943
runs/dobbe_vipe_v1/B/default/frames/00050.png,.png,156357
runs/dobbe_vipe_v1/B/default/frames/00051.png,.png,155065
runs/dobbe_vipe_v1/B/default/frames/00052.png,.png,155542
runs/dobbe_vipe_v1/B/default/frames/00053.png,.png,155709
runs/dobbe_vipe_v1/B/default/frames/00054.png,.png,155098
runs/dobbe_vipe_v1/B/default/frames/00055.png,.png,156680
runs/dobbe_vipe_v1/B/default/frames/00056.png,.png,159261
runs/dobbe_vipe_v1/B/default/frames/00057.png,.png,160248
runs/dobbe_vipe_v1/B/default/frames/00058.png,.png,161406
runs/dobbe_vipe_v1/B/default/frames/00059.png,.png,160933
runs/dobbe_vipe_v1/B/default/frames/00060.png,.png,159385
runs/dobbe_vipe_v1/B/default/frames/00061.png,.png,160333
runs/dobbe_vipe_v1/B/default/geometry_all.npz,.npz,16751310
runs/dobbe_vipe_v1/B/default/geometry_diagnostics.png,.png,1918495
runs/dobbe_vipe_v1/B/default/geometry_gate.json,.json,3739
runs/dobbe_vipe_v1/B/default/hybrid/c2w_t0.npy,.npy,192
runs/dobbe_vipe_v1/B/default/hybrid/geometry_gate.json,.json,1227
runs/dobbe_vipe_v1/B/default/hybrid/points_2d_t0.npy,.npy,192
runs/dobbe_vipe_v1/B/default/hybrid/points_3d_world.npy,.npy,416
runs/dobbe_vipe_v1/B/default/mask_annotation.json,.json,1243
runs/dobbe_vipe_v1/B/default/mask_t0.png,.png,1111
runs/dobbe_vipe_v1/B/default/measured_depth_edges_00059.png,.png,161039
runs/dobbe_vipe_v1/B/default/measured_depth_edges_00060.png,.png,160299
runs/dobbe_vipe_v1/B/default/measured_depth_edges_00061.png,.png,160941
runs/dobbe_vipe_v1/B/default/measured_depth_prefix.npy,.npy,12189824
runs/dobbe_vipe_v1/B/default/protocol.json,.json,2434
runs/dobbe_vipe_v1/B/default/pure_vipe/c2w_t0.npy,.npy,192
runs/dobbe_vipe_v1/B/default/pure_vipe/geometry_gate.json,.json,517
runs/dobbe_vipe_v1/B/default/pure_vipe/model_run.json,.json,153
runs/dobbe_vipe_v1/B/default/pure_vipe/points_2d_t0.npy,.npy,192
runs/dobbe_vipe_v1/B/default/pure_vipe/points_3d_world.npy,.npy,416
runs/dobbe_vipe_v1/B/default/pure_vipe_unsmoothed/c2w_t0.npy,.npy,192
runs/dobbe_vipe_v1/B/default/pure_vipe_unsmoothed/geometry_gate.json,.json,518
runs/dobbe_vipe_v1/B/default/pure_vipe_unsmoothed/points_2d_t0.npy,.npy,192
runs/dobbe_vipe_v1/B/default/pure_vipe_unsmoothed/points_3d_world.npy,.npy,416
runs/dobbe_vipe_v1/B/default/query_points.npz,.npz,6796
runs/dobbe_vipe_v1/B/default/tracks.npz,.npz,203276
runs/dobbe_vipe_v1/B/default/vipe/depth/causal_15hz.zip,.zip,1594903
runs/dobbe_vipe_v1/B/default/vipe/intrinsics/causal_15hz.npz,.npz,1990
runs/dobbe_vipe_v1/B/default/vipe/intrinsics/causal_15hz_camera.txt,.txt,734
runs/dobbe_vipe_v1/B/default/vipe/mask/causal_15hz.txt,.txt,14
runs/dobbe_vipe_v1/B/default/vipe/mask/causal_15hz.zip,.zip,10686
runs/dobbe_vipe_v1/B/default/vipe/pose/causal_15hz.npz,.npz,4966
runs/dobbe_vipe_v1/B/default/vipe/rgb/causal_15hz.mp4,.mp4,631454
runs/dobbe_vipe_v1/B/default/vipe/vipe/causal_15hz_info.pkl,.pkl,38
runs/dobbe_vipe_v1/B/default/vipe_default.log,.log,18769
runs/dobbe_vipe_v1/B/default/vipe_default_execution.json,.json,721
runs/dobbe_vipe_v1/B/frame_map.json,.json,5884
runs/dobbe_vipe_v1/B/frames/00000.png,.png,184496
runs/dobbe_vipe_v1/B/frames/00001.png,.png,183684
runs/dobbe_vipe_v1/B/frames/00002.png,.png,183090
runs/dobbe_vipe_v1/B/frames/00003.png,.png,184115
runs/dobbe_vipe_v1/B/frames/00004.png,.png,181283
runs/dobbe_vipe_v1/B/frames/00005.png,.png,184548
runs/dobbe_vipe_v1/B/frames/00006.png,.png,183911
runs/dobbe_vipe_v1/B/frames/00007.png,.png,184264
runs/dobbe_vipe_v1/B/frames/00008.png,.png,184786
runs/dobbe_vipe_v1/B/frames/00009.png,.png,184276
runs/dobbe_vipe_v1/B/frames/00010.png,.png,185994
runs/dobbe_vipe_v1/B/frames/00011.png,.png,185560
runs/dobbe_vipe_v1/B/frames/00012.png,.png,186899
runs/dobbe_vipe_v1/B/frames/00013.png,.png,186859
runs/dobbe_vipe_v1/B/frames/00014.png,.png,185436
runs/dobbe_vipe_v1/B/frames/00015.png,.png,186368
runs/dobbe_vipe_v1/B/frames/00016.png,.png,186078
runs/dobbe_vipe_v1/B/frames/00017.png,.png,186185
runs/dobbe_vipe_v1/B/frames/00018.png,.png,184647
runs/dobbe_vipe_v1/B/frames/00019.png,.png,182620
runs/dobbe_vipe_v1/B/frames/00020.png,.png,182624
runs/dobbe_vipe_v1/B/frames/00021.png,.png,183492
runs/dobbe_vipe_v1/B/frames/00022.png,.png,177287
runs/dobbe_vipe_v1/B/frames/00023.png,.png,179441
runs/dobbe_vipe_v1/B/frames/00024.png,.png,178603
runs/dobbe_vipe_v1/B/frames/00025.png,.png,175656
runs/dobbe_vipe_v1/B/frames/00026.png,.png,175363
runs/dobbe_vipe_v1/B/frames/00027.png,.png,169750
runs/dobbe_vipe_v1/B/frames/00028.png,.png,166392
runs/dobbe_vipe_v1/B/frames/00029.png,.png,165611
runs/dobbe_vipe_v1/B/frames/00030.png,.png,169730
runs/dobbe_vipe_v1/B/frames/00031.png,.png,171216
runs/dobbe_vipe_v1/B/frames/00032.png,.png,168840
runs/dobbe_vipe_v1/B/frames/00033.png,.png,169493
runs/dobbe_vipe_v1/B/frames/00034.png,.png,163377
runs/dobbe_vipe_v1/B/frames/00035.png,.png,164949
runs/dobbe_vipe_v1/B/frames/00036.png,.png,162183
runs/dobbe_vipe_v1/B/frames/00037.png,.png,164264
runs/dobbe_vipe_v1/B/frames/00038.png,.png,161979
runs/dobbe_vipe_v1/B/frames/00039.png,.png,160889
runs/dobbe_vipe_v1/B/frames/00040.png,.png,156570
runs/dobbe_vipe_v1/B/frames/00041.png,.png,155095
runs/dobbe_vipe_v1/B/frames/00042.png,.png,156783
runs/dobbe_vipe_v1/B/frames/00043.png,.png,156730
runs/dobbe_vipe_v1/B/frames/00044.png,.png,155547
runs/dobbe_vipe_v1/B/frames/00045.png,.png,156415
runs/dobbe_vipe_v1/B/frames/00046.png,.png,156523
runs/dobbe_vipe_v1/B/frames/00047.png,.png,155625
runs/dobbe_vipe_v1/B/frames/00048.png,.png,156319
runs/dobbe_vipe_v1/B/frames/00049.png,.png,155943
runs/dobbe_vipe_v1/B/frames/00050.png,.png,156357
runs/dobbe_vipe_v1/B/frames/00051.png,.png,155065
runs/dobbe_vipe_v1/B/frames/00052.png,.png,155542
runs/dobbe_vipe_v1/B/frames/00053.png,.png,155709
runs/dobbe_vipe_v1/B/frames/00054.png,.png,155098
runs/dobbe_vipe_v1/B/frames/00055.png,.png,156680
runs/dobbe_vipe_v1/B/frames/00056.png,.png,159261
runs/dobbe_vipe_v1/B/frames/00057.png,.png,160248
runs/dobbe_vipe_v1/B/frames/00058.png,.png,161406
runs/dobbe_vipe_v1/B/frames/00059.png,.png,160933
runs/dobbe_vipe_v1/B/frames/00060.png,.png,159385
runs/dobbe_vipe_v1/B/frames/00061.png,.png,160333
runs/dobbe_vipe_v1/B/geometry_all.npz,.npz,16751310
runs/dobbe_vipe_v1/B/geometry_diagnostics.png,.png,1973512
runs/dobbe_vipe_v1/B/geometry_gate.json,.json,3685
runs/dobbe_vipe_v1/B/hybrid/c2w_t0.npy,.npy,192
runs/dobbe_vipe_v1/B/hybrid/geometry_gate.json,.json,1229
runs/dobbe_vipe_v1/B/hybrid/points_2d_t0.npy,.npy,192
runs/dobbe_vipe_v1/B/hybrid/points_3d_world.npy,.npy,416
runs/dobbe_vipe_v1/B/independent_static_sift.json,.json,1178
runs/dobbe_vipe_v1/B/mask_annotation.json,.json,1243
runs/dobbe_vipe_v1/B/mask_t0.png,.png,1111
runs/dobbe_vipe_v1/B/measured_depth_edges_00059.png,.png,161039
runs/dobbe_vipe_v1/B/measured_depth_edges_00060.png,.png,160299
runs/dobbe_vipe_v1/B/measured_depth_edges_00061.png,.png,160941
runs/dobbe_vipe_v1/B/measured_depth_prefix.npy,.npy,12189824
runs/dobbe_vipe_v1/B/observed_contact.jpg,.jpg,593936
runs/dobbe_vipe_v1/B/protocol.json,.json,2101
runs/dobbe_vipe_v1/B/protocol_action_correction.json,.json,359
runs/dobbe_vipe_v1/B/pure_vipe/c2w_t0.npy,.npy,192
runs/dobbe_vipe_v1/B/pure_vipe/geometry_gate.json,.json,516
runs/dobbe_vipe_v1/B/pure_vipe/model_run.json,.json,153
runs/dobbe_vipe_v1/B/pure_vipe/points_2d_t0.npy,.npy,192
runs/dobbe_vipe_v1/B/pure_vipe/points_3d_world.npy,.npy,416
runs/dobbe_vipe_v1/B/pure_vipe_unsmoothed/c2w_t0.npy,.npy,192
runs/dobbe_vipe_v1/B/pure_vipe_unsmoothed/geometry_gate.json,.json,517
runs/dobbe_vipe_v1/B/pure_vipe_unsmoothed/points_2d_t0.npy,.npy,192
runs/dobbe_vipe_v1/B/pure_vipe_unsmoothed/points_3d_world.npy,.npy,416
runs/dobbe_vipe_v1/B/query_overlay.png,.png,162403
runs/dobbe_vipe_v1/B/query_points.npz,.npz,6796
runs/dobbe_vipe_v1/B/rectified/alltracker_execution.json,.json,779
runs/dobbe_vipe_v1/B/rectified/camera_diagnostics.png,.png,58422
runs/dobbe_vipe_v1/B/rectified/causal_15hz.mp4,.mp4,6747128
runs/dobbe_vipe_v1/B/rectified/causal_tracks.mp4,.mp4,966158
runs/dobbe_vipe_v1/B/rectified/frame_map.json,.json,1263
runs/dobbe_vipe_v1/B/rectified/frames/00000.png,.png,184496
runs/dobbe_vipe_v1/B/rectified/frames/00001.png,.png,183684
runs/dobbe_vipe_v1/B/rectified/frames/00002.png,.png,183090
runs/dobbe_vipe_v1/B/rectified/frames/00003.png,.png,184115
runs/dobbe_vipe_v1/B/rectified/frames/00004.png,.png,181283
runs/dobbe_vipe_v1/B/rectified/frames/00005.png,.png,184548
runs/dobbe_vipe_v1/B/rectified/frames/00006.png,.png,183911
runs/dobbe_vipe_v1/B/rectified/frames/00007.png,.png,184264
runs/dobbe_vipe_v1/B/rectified/frames/00008.png,.png,184786
runs/dobbe_vipe_v1/B/rectified/frames/00009.png,.png,184276
runs/dobbe_vipe_v1/B/rectified/frames/00010.png,.png,185994
runs/dobbe_vipe_v1/B/rectified/frames/00011.png,.png,185560
runs/dobbe_vipe_v1/B/rectified/frames/00012.png,.png,186899
runs/dobbe_vipe_v1/B/rectified/frames/00013.png,.png,186859
runs/dobbe_vipe_v1/B/rectified/frames/00014.png,.png,185436
runs/dobbe_vipe_v1/B/rectified/frames/00015.png,.png,186368
runs/dobbe_vipe_v1/B/rectified/frames/00016.png,.png,186078
runs/dobbe_vipe_v1/B/rectified/frames/00017.png,.png,186185
runs/dobbe_vipe_v1/B/rectified/frames/00018.png,.png,184647
runs/dobbe_vipe_v1/B/rectified/frames/00019.png,.png,182620
runs/dobbe_vipe_v1/B/rectified/frames/00020.png,.png,182624
runs/dobbe_vipe_v1/B/rectified/frames/00021.png,.png,183492
runs/dobbe_vipe_v1/B/rectified/frames/00022.png,.png,177287
runs/dobbe_vipe_v1/B/rectified/frames/00023.png,.png,179441
runs/dobbe_vipe_v1/B/rectified/frames/00024.png,.png,178603
runs/dobbe_vipe_v1/B/rectified/frames/00025.png,.png,175656
runs/dobbe_vipe_v1/B/rectified/frames/00026.png,.png,175363
runs/dobbe_vipe_v1/B/rectified/frames/00027.png,.png,169750
runs/dobbe_vipe_v1/B/rectified/frames/00028.png,.png,166392
runs/dobbe_vipe_v1/B/rectified/frames/00029.png,.png,165611
runs/dobbe_vipe_v1/B/rectified/frames/00030.png,.png,169730
runs/dobbe_vipe_v1/B/rectified/frames/00031.png,.png,171216
runs/dobbe_vipe_v1/B/rectified/frames/00032.png,.png,168840
runs/dobbe_vipe_v1/B/rectified/frames/00033.png,.png,169493
runs/dobbe_vipe_v1/B/rectified/frames/00034.png,.png,163377
runs/dobbe_vipe_v1/B/rectified/frames/00035.png,.png,164949
runs/dobbe_vipe_v1/B/rectified/frames/00036.png,.png,162183
runs/dobbe_vipe_v1/B/rectified/frames/00037.png,.png,164264
runs/dobbe_vipe_v1/B/rectified/frames/00038.png,.png,161979
runs/dobbe_vipe_v1/B/rectified/frames/00039.png,.png,160889
runs/dobbe_vipe_v1/B/rectified/frames/00040.png,.png,156570
runs/dobbe_vipe_v1/B/rectified/frames/00041.png,.png,155095
runs/dobbe_vipe_v1/B/rectified/frames/00042.png,.png,156783
runs/dobbe_vipe_v1/B/rectified/frames/00043.png,.png,156730
runs/dobbe_vipe_v1/B/rectified/frames/00044.png,.png,155547
runs/dobbe_vipe_v1/B/rectified/frames/00045.png,.png,156415
runs/dobbe_vipe_v1/B/rectified/frames/00046.png,.png,156523
runs/dobbe_vipe_v1/B/rectified/frames/00047.png,.png,155625
runs/dobbe_vipe_v1/B/rectified/frames/00048.png,.png,156319
runs/dobbe_vipe_v1/B/rectified/frames/00049.png,.png,155943
runs/dobbe_vipe_v1/B/rectified/frames/00050.png,.png,156357
runs/dobbe_vipe_v1/B/rectified/frames/00051.png,.png,155065
runs/dobbe_vipe_v1/B/rectified/frames/00052.png,.png,155542
runs/dobbe_vipe_v1/B/rectified/frames/00053.png,.png,155709
runs/dobbe_vipe_v1/B/rectified/frames/00054.png,.png,155098
runs/dobbe_vipe_v1/B/rectified/frames/00055.png,.png,156680
runs/dobbe_vipe_v1/B/rectified/frames/00056.png,.png,159261
runs/dobbe_vipe_v1/B/rectified/frames/00057.png,.png,160248
runs/dobbe_vipe_v1/B/rectified/frames/00058.png,.png,161406
runs/dobbe_vipe_v1/B/rectified/frames/00059.png,.png,160933
runs/dobbe_vipe_v1/B/rectified/frames/00060.png,.png,159385
runs/dobbe_vipe_v1/B/rectified/frames/00061.png,.png,160333
runs/dobbe_vipe_v1/B/rectified/geometry_all.npz,.npz,16751310
runs/dobbe_vipe_v1/B/rectified/geometry_diagnostics.png,.png,1944224
runs/dobbe_vipe_v1/B/rectified/geometry_gate.json,.json,3751
runs/dobbe_vipe_v1/B/rectified/hybrid/c2w_t0.npy,.npy,192
runs/dobbe_vipe_v1/B/rectified/hybrid/geometry_gate.json,.json,1226
runs/dobbe_vipe_v1/B/rectified/hybrid/points_2d_t0.npy,.npy,192
runs/dobbe_vipe_v1/B/rectified/hybrid/points_3d_world.npy,.npy,416
runs/dobbe_vipe_v1/B/rectified/independent_static_sift.json,.json,1182
runs/dobbe_vipe_v1/B/rectified/mask_annotation.json,.json,1243
runs/dobbe_vipe_v1/B/rectified/mask_t0.png,.png,1111
runs/dobbe_vipe_v1/B/rectified/measured_depth_edges_00059.png,.png,161039
runs/dobbe_vipe_v1/B/rectified/measured_depth_edges_00060.png,.png,160299
runs/dobbe_vipe_v1/B/rectified/measured_depth_edges_00061.png,.png,160941
runs/dobbe_vipe_v1/B/rectified/measured_depth_prefix.npy,.npy,12189824
runs/dobbe_vipe_v1/B/rectified/protocol.json,.json,2517
runs/dobbe_vipe_v1/B/rectified/pure_vipe/c2w_t0.npy,.npy,192
runs/dobbe_vipe_v1/B/rectified/pure_vipe/geometry_gate.json,.json,515
runs/dobbe_vipe_v1/B/rectified/pure_vipe/model_run.json,.json,132
runs/dobbe_vipe_v1/B/rectified/pure_vipe/points_2d_t0.npy,.npy,192
runs/dobbe_vipe_v1/B/rectified/pure_vipe/points_3d_world.npy,.npy,416
runs/dobbe_vipe_v1/B/rectified/pure_vipe_unsmoothed/c2w_t0.npy,.npy,192
runs/dobbe_vipe_v1/B/rectified/pure_vipe_unsmoothed/geometry_gate.json,.json,516
runs/dobbe_vipe_v1/B/rectified/pure_vipe_unsmoothed/points_2d_t0.npy,.npy,192
runs/dobbe_vipe_v1/B/rectified/pure_vipe_unsmoothed/points_3d_world.npy,.npy,416
runs/dobbe_vipe_v1/B/rectified/query_points.npz,.npz,6796
runs/dobbe_vipe_v1/B/rectified/static_sift_00058.npz,.npz,1641
runs/dobbe_vipe_v1/B/rectified/static_sift_00058.png,.png,159475
runs/dobbe_vipe_v1/B/rectified/static_sift_00059.npz,.npz,2169
runs/dobbe_vipe_v1/B/rectified/static_sift_00059.png,.png,159023
runs/dobbe_vipe_v1/B/rectified/static_sift_00060.npz,.npz,4743
runs/dobbe_vipe_v1/B/rectified/static_sift_00060.png,.png,157840
runs/dobbe_vipe_v1/B/rectified/tracks.npz,.npz,203276
runs/dobbe_vipe_v1/B/rectified/vipe/depth/causal_15hz.zip,.zip,1833400
runs/dobbe_vipe_v1/B/rectified/vipe/intrinsics/causal_15hz.npz,.npz,1990
runs/dobbe_vipe_v1/B/rectified/vipe/intrinsics/causal_15hz_camera.txt,.txt,734
runs/dobbe_vipe_v1/B/rectified/vipe/mask/causal_15hz.txt,.txt,25
runs/dobbe_vipe_v1/B/rectified/vipe/mask/causal_15hz.zip,.zip,26493
runs/dobbe_vipe_v1/B/rectified/vipe/pose/causal_15hz.npz,.npz,4966
runs/dobbe_vipe_v1/B/rectified/vipe/rgb/causal_15hz.mp4,.mp4,471887
runs/dobbe_vipe_v1/B/rectified/vipe/vipe/causal_15hz_info.pkl,.pkl,38
runs/dobbe_vipe_v1/B/rectified/vipe_no_vda.log,.log,16413
runs/dobbe_vipe_v1/B/rectified/vipe_no_vda_execution.json,.json,724
runs/dobbe_vipe_v1/B/static_sift_00058.npz,.npz,1641
runs/dobbe_vipe_v1/B/static_sift_00058.png,.png,158834
runs/dobbe_vipe_v1/B/static_sift_00059.npz,.npz,2169
runs/dobbe_vipe_v1/B/static_sift_00059.png,.png,158599
runs/dobbe_vipe_v1/B/static_sift_00060.npz,.npz,4743
runs/dobbe_vipe_v1/B/static_sift_00060.png,.png,158071
runs/dobbe_vipe_v1/B/tracks.npz,.npz,203276
runs/dobbe_vipe_v1/B/vipe/depth/causal_15hz.zip,.zip,2280372
runs/dobbe_vipe_v1/B/vipe/intrinsics/causal_15hz.npz,.npz,1990
runs/dobbe_vipe_v1/B/vipe/intrinsics/causal_15hz_camera.txt,.txt,734
runs/dobbe_vipe_v1/B/vipe/mask/causal_15hz.txt,.txt,14
runs/dobbe_vipe_v1/B/vipe/mask/causal_15hz.zip,.zip,10686
runs/dobbe_vipe_v1/B/vipe/pose/causal_15hz.npz,.npz,4966
runs/dobbe_vipe_v1/B/vipe/rgb/causal_15hz.mp4,.mp4,631454
runs/dobbe_vipe_v1/B/vipe/vipe/causal_15hz_info.pkl,.pkl,38
runs/dobbe_vipe_v1/B/vipe_failure.json,.json,810
runs/dobbe_vipe_v1/B/vipe_no_vda.log,.log,41945
runs/dobbe_vipe_v1/B/vipe_no_vda_execution.json,.json,660
runs/dobbe_vipe_v1/B/vipe_no_vda_gdown6_failure.log,.log,17140
runs/dobbe_vipe_v1/B/vipe_no_vda_gdown6_failure_execution.json,.json,658
runs/dobbe_vipe_v1/C/alltracker.log,.log,1432
runs/dobbe_vipe_v1/C/alltracker_execution.json,.json,781
runs/dobbe_vipe_v1/C/background_mask_t0.png,.png,636
runs/dobbe_vipe_v1/C/camera_diagnostics.png,.png,55969
runs/dobbe_vipe_v1/C/causal_15hz.mp4,.mp4,1754615
runs/dobbe_vipe_v1/C/causal_tracks.mp4,.mp4,74286
runs/dobbe_vipe_v1/C/frame_map.json,.json,3020
runs/dobbe_vipe_v1/C/frames/00000.png,.png,93369
runs/dobbe_vipe_v1/C/frames/00001.png,.png,95949
runs/dobbe_vipe_v1/C/frames/00002.png,.png,96198
runs/dobbe_vipe_v1/C/frames/00003.png,.png,96163
runs/dobbe_vipe_v1/C/frames/00004.png,.png,96149
runs/dobbe_vipe_v1/C/frames/00005.png,.png,96763
runs/dobbe_vipe_v1/C/frames/00006.png,.png,96779
runs/dobbe_vipe_v1/C/frames/00007.png,.png,96646
runs/dobbe_vipe_v1/C/frames/00008.png,.png,97452
runs/dobbe_vipe_v1/C/frames/00009.png,.png,96859
runs/dobbe_vipe_v1/C/frames/00010.png,.png,97311
runs/dobbe_vipe_v1/C/frames/00011.png,.png,96771
runs/dobbe_vipe_v1/C/frames/00012.png,.png,97325
runs/dobbe_vipe_v1/C/frames/00013.png,.png,96959
runs/dobbe_vipe_v1/C/frames/00014.png,.png,98175
runs/dobbe_vipe_v1/C/frames/00015.png,.png,97347
runs/dobbe_vipe_v1/C/frames/00016.png,.png,98447
runs/dobbe_vipe_v1/C/frames/00017.png,.png,97500
runs/dobbe_vipe_v1/C/frames/00018.png,.png,98622
runs/dobbe_vipe_v1/C/frames/00019.png,.png,96646
runs/dobbe_vipe_v1/C/frames/00020.png,.png,98398
runs/dobbe_vipe_v1/C/frames/00021.png,.png,97218
runs/dobbe_vipe_v1/C/frames/00022.png,.png,98245
runs/dobbe_vipe_v1/C/frames/00023.png,.png,95681
runs/dobbe_vipe_v1/C/frames/00024.png,.png,97027
runs/dobbe_vipe_v1/C/frames/00025.png,.png,96797
runs/dobbe_vipe_v1/C/frames/00026.png,.png,95716
runs/dobbe_vipe_v1/C/frames/00027.png,.png,96281
runs/dobbe_vipe_v1/C/frames/00028.png,.png,96042
runs/dobbe_vipe_v1/C/frames/00029.png,.png,94019
runs/dobbe_vipe_v1/C/frames/00030.png,.png,93654
runs/dobbe_vipe_v1/C/geometry_all.npz,.npz,8308336
runs/dobbe_vipe_v1/C/geometry_diagnostics.png,.png,1308960
runs/dobbe_vipe_v1/C/geometry_gate.json,.json,3722
runs/dobbe_vipe_v1/C/hybrid/c2w_t0.npy,.npy,192
runs/dobbe_vipe_v1/C/hybrid/geometry_gate.json,.json,1224
runs/dobbe_vipe_v1/C/hybrid/model_run.json,.json,106
runs/dobbe_vipe_v1/C/hybrid/points_2d_t0.npy,.npy,192
runs/dobbe_vipe_v1/C/hybrid/points_3d_world.npy,.npy,416
runs/dobbe_vipe_v1/C/hybrid_alignment_review.json,.json,571
runs/dobbe_vipe_v1/C/mask_annotation.json,.json,1290
runs/dobbe_vipe_v1/C/mask_annotation_initial.json,.json,1291
runs/dobbe_vipe_v1/C/mask_t0.png,.png,1704
runs/dobbe_vipe_v1/C/measured_depth_edges_00028.png,.png,95829
runs/dobbe_vipe_v1/C/measured_depth_edges_00029.png,.png,93959
runs/dobbe_vipe_v1/C/measured_depth_edges_00030.png,.png,93612
runs/dobbe_vipe_v1/C/measured_depth_prefix.npy,.npy,6094976
runs/dobbe_vipe_v1/C/observed_contact.jpg,.jpg,321931
runs/dobbe_vipe_v1/C/protocol.json,.json,1829
runs/dobbe_vipe_v1/C/pure_vipe/c2w_t0.npy,.npy,192
runs/dobbe_vipe_v1/C/pure_vipe/evaluation/alltracker_execution.json,.json,665
runs/dobbe_vipe_v1/C/pure_vipe/evaluation/conditional_error_over_time.png,.png,80967
runs/dobbe_vipe_v1/C/pure_vipe/evaluation/conditional_projection.npz,.npz,15100
runs/dobbe_vipe_v1/C/pure_vipe/evaluation/future_15hz.mp4,.mp4,2254753
runs/dobbe_vipe_v1/C/pure_vipe/evaluation/future_access_receipt.json,.json,580
runs/dobbe_vipe_v1/C/pure_vipe/evaluation/future_comparison.png,.png,1411658
runs/dobbe_vipe_v1/C/pure_vipe/evaluation/future_overlay.mp4,.mp4,367852
runs/dobbe_vipe_v1/C/pure_vipe/evaluation/metrics.json,.json,4129
runs/dobbe_vipe_v1/C/pure_vipe/evaluation/observed_future_tracks.npz,.npz,4802
runs/dobbe_vipe_v1/C/pure_vipe/forecast_3d.png,.png,296807
runs/dobbe_vipe_v1/C/pure_vipe/geometry_gate.json,.json,511
runs/dobbe_vipe_v1/C/pure_vipe/input_freeze.json,.json,1317
runs/dobbe_vipe_v1/C/pure_vipe/model_run.json,.json,658
runs/dobbe_vipe_v1/C/pure_vipe/points_2d_t0.npy,.npy,192
runs/dobbe_vipe_v1/C/pure_vipe/points_3d_camera_t0_diagnostic.npy,.npy,416
runs/dobbe_vipe_v1/C/pure_vipe/points_3d_world.npy,.npy,416
runs/dobbe_vipe_v1/C/pure_vipe/prediction_15hz.npy,.npy,3008
runs/dobbe_vipe_v1/C/pure_vipe/prediction_parsed_visibility.npy,.npy,368
runs/dobbe_vipe_v1/C/pure_vipe/processor_equivalence.json,.json,408
runs/dobbe_vipe_v1/C/pure_vipe/raw_model_output.txt,.txt,3300
runs/dobbe_vipe_v1/C/pure_vipe_unsmoothed/c2w_t0.npy,.npy,192
runs/dobbe_vipe_v1/C/pure_vipe_unsmoothed/geometry_gate.json,.json,512
runs/dobbe_vipe_v1/C/pure_vipe_unsmoothed/points_2d_t0.npy,.npy,192
runs/dobbe_vipe_v1/C/pure_vipe_unsmoothed/points_3d_world.npy,.npy,416
runs/dobbe_vipe_v1/C/query_overlay.png,.png,95550
runs/dobbe_vipe_v1/C/query_points.npz,.npz,4684
runs/dobbe_vipe_v1/C/tracks.npz,.npz,67082
runs/dobbe_vipe_v1/C/vipe/depth/causal_15hz.zip,.zip,1205285
runs/dobbe_vipe_v1/C/vipe/intrinsics/causal_15hz.npz,.npz,1246
runs/dobbe_vipe_v1/C/vipe/intrinsics/causal_15hz_camera.txt,.txt,362
runs/dobbe_vipe_v1/C/vipe/mask/causal_15hz.txt,.txt,14
runs/dobbe_vipe_v1/C/vipe/mask/causal_15hz.zip,.zip,5354
runs/dobbe_vipe_v1/C/vipe/pose/causal_15hz.npz,.npz,2734
runs/dobbe_vipe_v1/C/vipe/rgb/causal_15hz.mp4,.mp4,40232
runs/dobbe_vipe_v1/C/vipe/vipe/causal_15hz_info.pkl,.pkl,38
runs/dobbe_vipe_v1/C/vipe_no_vda.log,.log,7188
runs/dobbe_vipe_v1/C/vipe_no_vda_execution.json,.json,704
runs/dobbe_vipe_v1/environment.freeze.txt,.txt,2095
runs/dobbe_vipe_v1/environment_build_headers.log,.log,3306
runs/dobbe_vipe_v1/environment_install.log,.log,4684
runs/dobbe_vipe_v1/environment_install_ext4.log,.log,41284
runs/dobbe_vipe_v1/implementation_checks.json,.json,279
runs/dobbe_vipe_v1/system_install.log,.log,32364
runs/dobbe_vipe_v1/verification.json,.json,2080
runs/fmb_ablation_conclusions_v1/paired_effects.csv,.csv,6910
runs/fmb_ablation_conclusions_v1/paired_effects.json,.json,20024
runs/fmb_ablation_prompt_analysis_v1/comparison.csv,.csv,2355
runs/fmb_ablation_prompt_analysis_v1/comparison.json,.json,11237
runs/fmb_ablation_suite_v1_summary.csv,.csv,3212
runs/fmb_ablation_suite_v1_summary.png,.png,274853
runs/fmb_ablation_trajectory_scenarios.png,.png,175424
runs/fmb_colmap_official_pinhole_v1/audit.json,.json,718
runs/fmb_colmap_official_pinhole_v1/automatic_help.stderr.log,.log,1426
runs/fmb_colmap_official_pinhole_v1/automatic_help.stdout.log,.log,0
runs/fmb_colmap_official_pinhole_v1/automatic_reconstructor_help.txt,.txt,1431
runs/fmb_colmap_official_pinhole_v1/camera_diagnostics.csv,.csv,3019
runs/fmb_colmap_official_pinhole_v1/colmap_version.txt,.txt,1688
runs/fmb_colmap_official_pinhole_v1/decision.json,.json,1159
runs/fmb_colmap_official_pinhole_v1/episode2_wrist_1_causal/colmap.log,.log,731599
runs/fmb_colmap_official_pinhole_v1/episode2_wrist_1_causal/colmap_stdout.log,.log,0
runs/fmb_colmap_official_pinhole_v1/episode2_wrist_1_causal/database.db,.db,4022272
runs/fmb_colmap_official_pinhole_v1/episode2_wrist_1_causal/database.db-shm,.db-shm,32768
runs/fmb_colmap_official_pinhole_v1/episode2_wrist_1_causal/database.db-wal,.db-wal,0
runs/fmb_colmap_official_pinhole_v1/episode2_wrist_1_causal/execution.json,.json,2941
runs/fmb_colmap_official_pinhole_v1/episode2_wrist_1_causal/images/000000.png,.png,91449
runs/fmb_colmap_official_pinhole_v1/episode2_wrist_1_causal/images/000001.png,.png,89671
runs/fmb_colmap_official_pinhole_v1/episode2_wrist_1_causal/images/000002.png,.png,87675
runs/fmb_colmap_official_pinhole_v1/episode2_wrist_1_causal/images/000003.png,.png,88831
runs/fmb_colmap_official_pinhole_v1/episode2_wrist_1_causal/images/000004.png,.png,88082
runs/fmb_colmap_official_pinhole_v1/episode2_wrist_1_causal/images/000005.png,.png,86839
runs/fmb_colmap_official_pinhole_v1/episode2_wrist_1_causal/images/000006.png,.png,86951
runs/fmb_colmap_official_pinhole_v1/episode2_wrist_1_causal/images/000007.png,.png,86492
runs/fmb_colmap_official_pinhole_v1/episode2_wrist_1_causal/images/000008.png,.png,87261
runs/fmb_colmap_official_pinhole_v1/episode2_wrist_1_causal/images/000009.png,.png,86454
runs/fmb_colmap_official_pinhole_v1/episode2_wrist_1_causal/images/000010.png,.png,86260
runs/fmb_colmap_official_pinhole_v1/episode2_wrist_1_causal/images/000011.png,.png,85211
runs/fmb_colmap_official_pinhole_v1/episode2_wrist_1_causal/images/000012.png,.png,85292
runs/fmb_colmap_official_pinhole_v1/episode2_wrist_1_causal/images/000013.png,.png,85653
runs/fmb_colmap_official_pinhole_v1/episode2_wrist_1_causal/images/000014.png,.png,85916
runs/fmb_colmap_official_pinhole_v1/episode2_wrist_1_causal/images/000015.png,.png,86301
runs/fmb_colmap_official_pinhole_v1/episode2_wrist_1_causal/images/000016.png,.png,86807
runs/fmb_colmap_official_pinhole_v1/episode2_wrist_1_causal/images/000017.png,.png,89075
runs/fmb_colmap_official_pinhole_v1/episode2_wrist_1_causal/images/000018.png,.png,89113
runs/fmb_colmap_official_pinhole_v1/episode2_wrist_1_causal/images/000019.png,.png,89662
runs/fmb_colmap_official_pinhole_v1/episode2_wrist_1_causal/images/000020.png,.png,90780
runs/fmb_colmap_official_pinhole_v1/episode2_wrist_1_causal/images/000021.png,.png,90546
runs/fmb_colmap_official_pinhole_v1/episode2_wrist_1_causal/images/000022.png,.png,91458
runs/fmb_colmap_official_pinhole_v1/episode2_wrist_1_causal/images/000023.png,.png,91112
runs/fmb_colmap_official_pinhole_v1/episode2_wrist_1_causal/images/000024.png,.png,91045
runs/fmb_colmap_official_pinhole_v1/episode2_wrist_1_causal/images/000025.png,.png,90995
runs/fmb_colmap_official_pinhole_v1/episode2_wrist_1_causal/images/000026.png,.png,90962
runs/fmb_colmap_official_pinhole_v1/episode2_wrist_1_causal/images/000027.png,.png,90216
runs/fmb_colmap_official_pinhole_v1/episode2_wrist_1_causal/images/000028.png,.png,90208
runs/fmb_colmap_official_pinhole_v1/episode2_wrist_1_causal/images/000029.png,.png,90447
runs/fmb_colmap_official_pinhole_v1/episode2_wrist_1_causal/images/000030.png,.png,89626
runs/fmb_colmap_official_pinhole_v1/episode2_wrist_1_causal/images/000031.png,.png,89217
runs/fmb_colmap_official_pinhole_v1/episode2_wrist_1_causal/images/000032.png,.png,90391
runs/fmb_colmap_official_pinhole_v1/episode2_wrist_1_causal/images/000033.png,.png,90609
runs/fmb_colmap_official_pinhole_v1/episode2_wrist_1_causal/images/000034.png,.png,90747
runs/fmb_colmap_official_pinhole_v1/episode2_wrist_1_causal/images/000035.png,.png,89385
runs/fmb_colmap_official_pinhole_v1/episode2_wrist_1_causal/images/000036.png,.png,90085
runs/fmb_colmap_official_pinhole_v1/episode2_wrist_1_causal/images/000037.png,.png,91160
runs/fmb_colmap_official_pinhole_v1/episode2_wrist_1_causal/images/000038.png,.png,91136
runs/fmb_colmap_official_pinhole_v1/episode2_wrist_1_causal/images/000039.png,.png,91204
runs/fmb_colmap_official_pinhole_v1/episode2_wrist_1_causal/images/000040.png,.png,91223
runs/fmb_colmap_official_pinhole_v1/episode2_wrist_1_causal/images/000041.png,.png,91204
runs/fmb_colmap_official_pinhole_v1/episode2_wrist_1_causal/images/000042.png,.png,91125
runs/fmb_colmap_official_pinhole_v1/episode2_wrist_1_causal/images/000043.png,.png,91227
runs/fmb_colmap_official_pinhole_v1/episode2_wrist_1_causal/images/000044.png,.png,91206
runs/fmb_colmap_official_pinhole_v1/episode2_wrist_1_causal/images/000045.png,.png,91405
runs/fmb_colmap_official_pinhole_v1/episode2_wrist_1_causal/images/000046.png,.png,91269
runs/fmb_colmap_official_pinhole_v1/episode2_wrist_1_causal/images/000047.png,.png,91228
runs/fmb_colmap_official_pinhole_v1/episode2_wrist_1_causal/images/000048.png,.png,91251
runs/fmb_colmap_official_pinhole_v1/episode2_wrist_1_causal/images/000049.png,.png,91009
runs/fmb_colmap_official_pinhole_v1/episode2_wrist_1_causal/images/000050.png,.png,91233
runs/fmb_colmap_official_pinhole_v1/episode2_wrist_1_causal/images/000051.png,.png,91078
runs/fmb_colmap_official_pinhole_v1/episode2_wrist_1_causal/images/000052.png,.png,91095
runs/fmb_colmap_official_pinhole_v1/episode2_wrist_1_causal/images/000053.png,.png,91335
runs/fmb_colmap_official_pinhole_v1/episode2_wrist_1_causal/images/000054.png,.png,91209
runs/fmb_colmap_official_pinhole_v1/episode2_wrist_1_causal/images/000055.png,.png,91199
runs/fmb_colmap_official_pinhole_v1/episode2_wrist_1_causal/images/000056.png,.png,90946
runs/fmb_colmap_official_pinhole_v1/episode2_wrist_1_causal/images/000057.png,.png,91105
runs/fmb_colmap_official_pinhole_v1/episode2_wrist_1_causal/images/000058.png,.png,91029
runs/fmb_colmap_official_pinhole_v1/episode2_wrist_1_causal/images/000059.png,.png,91159
runs/fmb_colmap_official_pinhole_v1/episode2_wrist_1_causal/images/000060.png,.png,91156
runs/fmb_colmap_official_pinhole_v1/episode2_wrist_1_causal/images/000061.png,.png,91127
runs/fmb_colmap_official_pinhole_v1/episode2_wrist_1_causal/images/000062.png,.png,91232
runs/fmb_colmap_official_pinhole_v1/episode2_wrist_1_causal/images/000063.png,.png,91410
runs/fmb_colmap_official_pinhole_v1/episode2_wrist_1_causal/images/000064.png,.png,91162
runs/fmb_colmap_official_pinhole_v1/episode2_wrist_1_causal/images/000065.png,.png,91034
runs/fmb_colmap_official_pinhole_v1/episode2_wrist_1_causal/images/000066.png,.png,91044
runs/fmb_colmap_official_pinhole_v1/episode2_wrist_1_causal/images/000067.png,.png,87968
runs/fmb_colmap_official_pinhole_v1/episode2_wrist_1_causal/images/000068.png,.png,87085
runs/fmb_colmap_official_pinhole_v1/episode2_wrist_1_causal/images/000069.png,.png,86362
runs/fmb_colmap_official_pinhole_v1/episode2_wrist_1_causal/images/000070.png,.png,85667
runs/fmb_colmap_official_pinhole_v1/episode2_wrist_1_causal/images/000071.png,.png,85501
runs/fmb_colmap_official_pinhole_v1/episode2_wrist_1_causal/images/000072.png,.png,85160
runs/fmb_colmap_official_pinhole_v1/episode2_wrist_1_causal/images/000073.png,.png,84804
runs/fmb_colmap_official_pinhole_v1/episode2_wrist_1_causal/images/000074.png,.png,84142
runs/fmb_colmap_official_pinhole_v1/episode2_wrist_1_causal/images/000075.png,.png,84492
runs/fmb_colmap_official_pinhole_v1/episode2_wrist_1_causal/images/000076.png,.png,84061
runs/fmb_colmap_official_pinhole_v1/episode2_wrist_1_causal/images/000077.png,.png,84371
runs/fmb_colmap_official_pinhole_v1/episode2_wrist_1_causal/images/000078.png,.png,84263
runs/fmb_colmap_official_pinhole_v1/episode2_wrist_1_causal/images/000079.png,.png,84591
runs/fmb_colmap_official_pinhole_v1/episode2_wrist_1_causal/images/000080.png,.png,84554
runs/fmb_colmap_official_pinhole_v1/episode2_wrist_1_causal/images/000081.png,.png,84554
runs/fmb_colmap_official_pinhole_v1/episode2_wrist_1_causal/images/000082.png,.png,84808
runs/fmb_colmap_official_pinhole_v1/episode2_wrist_1_causal/images/000083.png,.png,84694
runs/fmb_colmap_official_pinhole_v1/episode2_wrist_1_causal/images/000084.png,.png,85006
runs/fmb_colmap_official_pinhole_v1/episode2_wrist_1_causal/images/000085.png,.png,84711
runs/fmb_colmap_official_pinhole_v1/episode2_wrist_1_causal/images/000086.png,.png,84717
runs/fmb_colmap_official_pinhole_v1/episode2_wrist_1_causal/images/000087.png,.png,84679
runs/fmb_colmap_official_pinhole_v1/episode2_wrist_1_causal/images/000088.png,.png,84483
runs/fmb_colmap_official_pinhole_v1/episode2_wrist_1_causal/images/000089.png,.png,84591
runs/fmb_colmap_official_pinhole_v1/episode2_wrist_1_causal/images/000090.png,.png,84713
runs/fmb_colmap_official_pinhole_v1/episode2_wrist_1_causal/images/000091.png,.png,84581
runs/fmb_colmap_official_pinhole_v1/episode2_wrist_1_causal/images/000092.png,.png,84723
runs/fmb_colmap_official_pinhole_v1/episode2_wrist_1_causal/images/000093.png,.png,85774
runs/fmb_colmap_official_pinhole_v1/episode2_wrist_1_causal/images/000094.png,.png,82662
runs/fmb_colmap_official_pinhole_v1/episode2_wrist_1_causal/images/000095.png,.png,85347
runs/fmb_colmap_official_pinhole_v1/episode2_wrist_1_causal/images/000096.png,.png,84552
runs/fmb_colmap_official_pinhole_v1/episode2_wrist_1_causal/images/000097.png,.png,85015
runs/fmb_colmap_official_pinhole_v1/episode2_wrist_1_causal/images/000098.png,.png,86905
runs/fmb_colmap_official_pinhole_v1/episode2_wrist_1_causal/images/000099.png,.png,87290
runs/fmb_colmap_official_pinhole_v1/episode2_wrist_1_causal/images/000100.png,.png,89049
runs/fmb_colmap_official_pinhole_v1/episode2_wrist_1_causal/images/000101.png,.png,89284
runs/fmb_colmap_official_pinhole_v1/episode2_wrist_1_causal/images/000102.png,.png,90974
runs/fmb_colmap_official_pinhole_v1/episode2_wrist_1_causal/images/000103.png,.png,91389
runs/fmb_colmap_official_pinhole_v1/episode2_wrist_1_causal/images/000104.png,.png,93571
runs/fmb_colmap_official_pinhole_v1/episode2_wrist_1_causal/images/000105.png,.png,94170
runs/fmb_colmap_official_pinhole_v1/episode2_wrist_1_causal/images/000106.png,.png,94089
runs/fmb_colmap_official_pinhole_v1/episode2_wrist_1_causal/images/000107.png,.png,95129
runs/fmb_colmap_official_pinhole_v1/episode2_wrist_1_causal/images/000108.png,.png,95175
runs/fmb_colmap_official_pinhole_v1/episode2_wrist_1_causal/images/000109.png,.png,94800
runs/fmb_colmap_official_pinhole_v1/episode2_wrist_1_causal/images/000110.png,.png,94110
runs/fmb_colmap_official_pinhole_v1/episode2_wrist_1_causal/images/000111.png,.png,94422
runs/fmb_colmap_official_pinhole_v1/episode2_wrist_1_causal/images/000112.png,.png,94530
runs/fmb_colmap_official_pinhole_v1/episode2_wrist_1_causal/images/000113.png,.png,94151
runs/fmb_colmap_official_pinhole_v1/episode2_wrist_1_causal/images/000114.png,.png,94305
runs/fmb_colmap_official_pinhole_v1/episode2_wrist_1_causal/images/000115.png,.png,93972
runs/fmb_colmap_official_pinhole_v1/episode2_wrist_1_causal/images/000116.png,.png,93776
runs/fmb_colmap_official_pinhole_v1/episode2_wrist_1_causal/images/000117.png,.png,93556
runs/fmb_colmap_official_pinhole_v1/episode2_wrist_1_causal/images/000118.png,.png,93057
runs/fmb_colmap_official_pinhole_v1/episode2_wrist_1_causal/images/000119.png,.png,92401
runs/fmb_colmap_official_pinhole_v1/episode2_wrist_1_causal/images/000120.png,.png,91608
runs/fmb_colmap_official_pinhole_v1/episode2_wrist_1_causal/images/000121.png,.png,91631
runs/fmb_colmap_official_pinhole_v1/episode2_wrist_1_causal/images/000122.png,.png,91498
runs/fmb_colmap_official_pinhole_v1/episode2_wrist_1_causal/images/000123.png,.png,91412
runs/fmb_colmap_official_pinhole_v1/episode2_wrist_1_causal/images/000124.png,.png,91386
runs/fmb_colmap_official_pinhole_v1/episode2_wrist_1_causal/images/000125.png,.png,91191
runs/fmb_colmap_official_pinhole_v1/episode2_wrist_1_causal/images/000126.png,.png,90744
runs/fmb_colmap_official_pinhole_v1/episode2_wrist_1_causal/match_graph.json,.json,2239
runs/fmb_colmap_official_pinhole_v1/episode2_wrist_1_causal/match_images.csv,.csv,2061
runs/fmb_colmap_official_pinhole_v1/episode2_wrist_1_causal/match_pairs.csv,.csv,25591
runs/fmb_colmap_official_pinhole_v1/episode2_wrist_1_causal/sparse/0/cameras.bin,.bin,64
runs/fmb_colmap_official_pinhole_v1/episode2_wrist_1_causal/sparse/0/frames.bin,.bin,2696
runs/fmb_colmap_official_pinhole_v1/episode2_wrist_1_causal/sparse/0/images.bin,.bin,165936
runs/fmb_colmap_official_pinhole_v1/episode2_wrist_1_causal/sparse/0/points3D.bin,.bin,44118
runs/fmb_colmap_official_pinhole_v1/episode2_wrist_1_causal/sparse/0/rigs.bin,.bin,24
runs/fmb_colmap_official_pinhole_v1/episode2_wrist_1_causal/sparse/1/cameras.bin,.bin,64
runs/fmb_colmap_official_pinhole_v1/episode2_wrist_1_causal/sparse/1/frames.bin,.bin,2864
runs/fmb_colmap_official_pinhole_v1/episode2_wrist_1_causal/sparse/1/images.bin,.bin,100582
runs/fmb_colmap_official_pinhole_v1/episode2_wrist_1_causal/sparse/1/points3D.bin,.bin,31246
runs/fmb_colmap_official_pinhole_v1/episode2_wrist_1_causal/sparse/1/rigs.bin,.bin,24
runs/fmb_colmap_official_pinhole_v1/episode2_wrist_1_causal/sparse/2/cameras.bin,.bin,64
runs/fmb_colmap_official_pinhole_v1/episode2_wrist_1_causal/sparse/2/frames.bin,.bin,4460
runs/fmb_colmap_official_pinhole_v1/episode2_wrist_1_causal/sparse/2/images.bin,.bin,115983
runs/fmb_colmap_official_pinhole_v1/episode2_wrist_1_causal/sparse/2/points3D.bin,.bin,42630
runs/fmb_colmap_official_pinhole_v1/episode2_wrist_1_causal/sparse/2/rigs.bin,.bin,24
runs/fmb_colmap_official_pinhole_v1/episode2_wrist_1_causal/sparse/3/cameras.bin,.bin,64
runs/fmb_colmap_official_pinhole_v1/episode2_wrist_1_causal/sparse/3/frames.bin,.bin,848
runs/fmb_colmap_official_pinhole_v1/episode2_wrist_1_causal/sparse/3/images.bin,.bin,32734
runs/fmb_colmap_official_pinhole_v1/episode2_wrist_1_causal/sparse/3/points3D.bin,.bin,15204
runs/fmb_colmap_official_pinhole_v1/episode2_wrist_1_causal/sparse/3/rigs.bin,.bin,24
runs/fmb_colmap_official_pinhole_v1/episode2_wrist_1_causal/sparse/4/cameras.bin,.bin,64
runs/fmb_colmap_official_pinhole_v1/episode2_wrist_1_causal/sparse/4/frames.bin,.bin,848
runs/fmb_colmap_official_pinhole_v1/episode2_wrist_1_causal/sparse/4/images.bin,.bin,22198
runs/fmb_colmap_official_pinhole_v1/episode2_wrist_1_causal/sparse/4/points3D.bin,.bin,11101
runs/fmb_colmap_official_pinhole_v1/episode2_wrist_1_causal/sparse/4/rigs.bin,.bin,24
runs/fmb_colmap_official_pinhole_v1/episode2_wrist_1_causal/sparse/5/cameras.bin,.bin,64
runs/fmb_colmap_official_pinhole_v1/episode2_wrist_1_causal/sparse/5/frames.bin,.bin,1436
runs/fmb_colmap_official_pinhole_v1/episode2_wrist_1_causal/sparse/5/images.bin,.bin,61803
runs/fmb_colmap_official_pinhole_v1/episode2_wrist_1_causal/sparse/5/points3D.bin,.bin,4243
runs/fmb_colmap_official_pinhole_v1/episode2_wrist_1_causal/sparse/5/rigs.bin,.bin,24
runs/fmb_colmap_official_pinhole_v1/episode2_wrist_1_causal/sparse/6/cameras.bin,.bin,64
runs/fmb_colmap_official_pinhole_v1/episode2_wrist_1_causal/sparse/6/frames.bin,.bin,428
runs/fmb_colmap_official_pinhole_v1/episode2_wrist_1_causal/sparse/6/images.bin,.bin,12999
runs/fmb_colmap_official_pinhole_v1/episode2_wrist_1_causal/sparse/6/points3D.bin,.bin,1668
runs/fmb_colmap_official_pinhole_v1/episode2_wrist_1_causal/sparse/6/rigs.bin,.bin,24
runs/fmb_colmap_official_pinhole_v1/episode2_wrist_1_causal/sparse/project.ini,.ini,12021
runs/fmb_colmap_official_pinhole_v1/episode2_wrist_1_causal/sparse_txt/0/cameras.txt,.txt,185
runs/fmb_colmap_official_pinhole_v1/episode2_wrist_1_causal/sparse_txt/0/converter.log,.log,0
runs/fmb_colmap_official_pinhole_v1/episode2_wrist_1_causal/sparse_txt/0/converter_stdout.log,.log,0
runs/fmb_colmap_official_pinhole_v1/episode2_wrist_1_causal/sparse_txt/0/frames.txt,.txt,5547
runs/fmb_colmap_official_pinhole_v1/episode2_wrist_1_causal/sparse_txt/0/images.txt,.txt,284042
runs/fmb_colmap_official_pinhole_v1/episode2_wrist_1_causal/sparse_txt/0/points3D.txt,.txt,58485
runs/fmb_colmap_official_pinhole_v1/episode2_wrist_1_causal/sparse_txt/0/rigs.txt,.txt,222
runs/fmb_colmap_official_pinhole_v1/episode2_wrist_1_causal/sparse_txt/0/trajectory.csv,.csv,2030
runs/fmb_colmap_official_pinhole_v1/episode2_wrist_1_causal/sparse_txt/1/cameras.txt,.txt,185
runs/fmb_colmap_official_pinhole_v1/episode2_wrist_1_causal/sparse_txt/1/converter.log,.log,0
runs/fmb_colmap_official_pinhole_v1/episode2_wrist_1_causal/sparse_txt/1/converter_stdout.log,.log,0
runs/fmb_colmap_official_pinhole_v1/episode2_wrist_1_causal/sparse_txt/1/frames.txt,.txt,5793
runs/fmb_colmap_official_pinhole_v1/episode2_wrist_1_causal/sparse_txt/1/images.txt,.txt,172364
runs/fmb_colmap_official_pinhole_v1/episode2_wrist_1_causal/sparse_txt/1/points3D.txt,.txt,37194
runs/fmb_colmap_official_pinhole_v1/episode2_wrist_1_causal/sparse_txt/1/rigs.txt,.txt,222
runs/fmb_colmap_official_pinhole_v1/episode2_wrist_1_causal/sparse_txt/1/trajectory.csv,.csv,2103
runs/fmb_colmap_official_pinhole_v1/episode2_wrist_1_causal/sparse_txt/2/cameras.txt,.txt,185
runs/fmb_colmap_official_pinhole_v1/episode2_wrist_1_causal/sparse_txt/2/converter.log,.log,0
runs/fmb_colmap_official_pinhole_v1/episode2_wrist_1_causal/sparse_txt/2/converter_stdout.log,.log,0
runs/fmb_colmap_official_pinhole_v1/episode2_wrist_1_causal/sparse_txt/2/frames.txt,.txt,9006
runs/fmb_colmap_official_pinhole_v1/episode2_wrist_1_causal/sparse_txt/2/images.txt,.txt,200258
runs/fmb_colmap_official_pinhole_v1/episode2_wrist_1_causal/sparse_txt/2/points3D.txt,.txt,43662
runs/fmb_colmap_official_pinhole_v1/episode2_wrist_1_causal/sparse_txt/2/rigs.txt,.txt,222
runs/fmb_colmap_official_pinhole_v1/episode2_wrist_1_causal/sparse_txt/2/trajectory.csv,.csv,3319
runs/fmb_colmap_official_pinhole_v1/episode2_wrist_1_causal/sparse_txt/3/cameras.txt,.txt,185
runs/fmb_colmap_official_pinhole_v1/episode2_wrist_1_causal/sparse_txt/3/converter.log,.log,0
runs/fmb_colmap_official_pinhole_v1/episode2_wrist_1_causal/sparse_txt/3/converter_stdout.log,.log,0
runs/fmb_colmap_official_pinhole_v1/episode2_wrist_1_causal/sparse_txt/3/frames.txt,.txt,1821
runs/fmb_colmap_official_pinhole_v1/episode2_wrist_1_causal/sparse_txt/3/images.txt,.txt,55936
runs/fmb_colmap_official_pinhole_v1/episode2_wrist_1_causal/sparse_txt/3/points3D.txt,.txt,20954
runs/fmb_colmap_official_pinhole_v1/episode2_wrist_1_causal/sparse_txt/3/rigs.txt,.txt,222
runs/fmb_colmap_official_pinhole_v1/episode2_wrist_1_causal/sparse_txt/3/trajectory.csv,.csv,636
runs/fmb_colmap_official_pinhole_v1/episode2_wrist_1_causal/sparse_txt/4/cameras.txt,.txt,184
runs/fmb_colmap_official_pinhole_v1/episode2_wrist_1_causal/sparse_txt/4/converter.log,.log,0
runs/fmb_colmap_official_pinhole_v1/episode2_wrist_1_causal/sparse_txt/4/converter_stdout.log,.log,0
runs/fmb_colmap_official_pinhole_v1/episode2_wrist_1_causal/sparse_txt/4/frames.txt,.txt,1858
runs/fmb_colmap_official_pinhole_v1/episode2_wrist_1_causal/sparse_txt/4/images.txt,.txt,37952
runs/fmb_colmap_official_pinhole_v1/episode2_wrist_1_causal/sparse_txt/4/points3D.txt,.txt,14074
runs/fmb_colmap_official_pinhole_v1/episode2_wrist_1_causal/sparse_txt/4/rigs.txt,.txt,222
runs/fmb_colmap_official_pinhole_v1/episode2_wrist_1_causal/sparse_txt/4/trajectory.csv,.csv,648
runs/fmb_colmap_official_pinhole_v1/episode2_wrist_1_causal/sparse_txt/5/cameras.txt,.txt,186
runs/fmb_colmap_official_pinhole_v1/episode2_wrist_1_causal/sparse_txt/5/converter.log,.log,0
runs/fmb_colmap_official_pinhole_v1/episode2_wrist_1_causal/sparse_txt/5/converter_stdout.log,.log,0
runs/fmb_colmap_official_pinhole_v1/episode2_wrist_1_causal/sparse_txt/5/frames.txt,.txt,2974
runs/fmb_colmap_official_pinhole_v1/episode2_wrist_1_causal/sparse_txt/5/images.txt,.txt,105268
runs/fmb_colmap_official_pinhole_v1/episode2_wrist_1_causal/sparse_txt/5/points3D.txt,.txt,5705
runs/fmb_colmap_official_pinhole_v1/episode2_wrist_1_causal/sparse_txt/5/rigs.txt,.txt,222
runs/fmb_colmap_official_pinhole_v1/episode2_wrist_1_causal/sparse_txt/5/trajectory.csv,.csv,1083
runs/fmb_colmap_official_pinhole_v1/episode2_wrist_1_causal/sparse_txt/6/cameras.txt,.txt,185
runs/fmb_colmap_official_pinhole_v1/episode2_wrist_1_causal/sparse_txt/6/converter.log,.log,0
runs/fmb_colmap_official_pinhole_v1/episode2_wrist_1_causal/sparse_txt/6/converter_stdout.log,.log,0
runs/fmb_colmap_official_pinhole_v1/episode2_wrist_1_causal/sparse_txt/6/frames.txt,.txt,1018
runs/fmb_colmap_official_pinhole_v1/episode2_wrist_1_causal/sparse_txt/6/images.txt,.txt,22371
runs/fmb_colmap_official_pinhole_v1/episode2_wrist_1_causal/sparse_txt/6/points3D.txt,.txt,2501
runs/fmb_colmap_official_pinhole_v1/episode2_wrist_1_causal/sparse_txt/6/rigs.txt,.txt,222
runs/fmb_colmap_official_pinhole_v1/episode2_wrist_1_causal/sparse_txt/6/trajectory.csv,.csv,339
runs/fmb_colmap_official_pinhole_v1/episode2_wrist_1_causal/summary.json,.json,182230
runs/fmb_colmap_official_pinhole_v1/episode2_wrist_1_causal/verified_pair_displacements.csv,.csv,41247
runs/fmb_colmap_official_pinhole_v1/episode3_wrist_1_causal/colmap.log,.log,1072698
runs/fmb_colmap_official_pinhole_v1/episode3_wrist_1_causal/colmap_stdout.log,.log,0
runs/fmb_colmap_official_pinhole_v1/episode3_wrist_1_causal/database.db,.db,4648960
runs/fmb_colmap_official_pinhole_v1/episode3_wrist_1_causal/database.db-shm,.db-shm,32768
runs/fmb_colmap_official_pinhole_v1/episode3_wrist_1_causal/database.db-wal,.db-wal,0
runs/fmb_colmap_official_pinhole_v1/episode3_wrist_1_causal/execution.json,.json,2933
runs/fmb_colmap_official_pinhole_v1/episode3_wrist_1_causal/images/000000.png,.png,89753
runs/fmb_colmap_official_pinhole_v1/episode3_wrist_1_causal/images/000001.png,.png,89460
runs/fmb_colmap_official_pinhole_v1/episode3_wrist_1_causal/images/000002.png,.png,87351
runs/fmb_colmap_official_pinhole_v1/episode3_wrist_1_causal/images/000003.png,.png,85583
runs/fmb_colmap_official_pinhole_v1/episode3_wrist_1_causal/images/000004.png,.png,84612
runs/fmb_colmap_official_pinhole_v1/episode3_wrist_1_causal/images/000005.png,.png,84773
runs/fmb_colmap_official_pinhole_v1/episode3_wrist_1_causal/images/000006.png,.png,85026
runs/fmb_colmap_official_pinhole_v1/episode3_wrist_1_causal/images/000007.png,.png,85827
runs/fmb_colmap_official_pinhole_v1/episode3_wrist_1_causal/images/000008.png,.png,86165
runs/fmb_colmap_official_pinhole_v1/episode3_wrist_1_causal/images/000009.png,.png,86007
runs/fmb_colmap_official_pinhole_v1/episode3_wrist_1_causal/images/000010.png,.png,85809
runs/fmb_colmap_official_pinhole_v1/episode3_wrist_1_causal/images/000011.png,.png,85743
runs/fmb_colmap_official_pinhole_v1/episode3_wrist_1_causal/images/000012.png,.png,85851
runs/fmb_colmap_official_pinhole_v1/episode3_wrist_1_causal/images/000013.png,.png,85617
runs/fmb_colmap_official_pinhole_v1/episode3_wrist_1_causal/images/000014.png,.png,85428
runs/fmb_colmap_official_pinhole_v1/episode3_wrist_1_causal/images/000015.png,.png,85062
runs/fmb_colmap_official_pinhole_v1/episode3_wrist_1_causal/images/000016.png,.png,85663
runs/fmb_colmap_official_pinhole_v1/episode3_wrist_1_causal/images/000017.png,.png,85716
runs/fmb_colmap_official_pinhole_v1/episode3_wrist_1_causal/images/000018.png,.png,86184
runs/fmb_colmap_official_pinhole_v1/episode3_wrist_1_causal/images/000019.png,.png,85036
runs/fmb_colmap_official_pinhole_v1/episode3_wrist_1_causal/images/000020.png,.png,84982
runs/fmb_colmap_official_pinhole_v1/episode3_wrist_1_causal/images/000021.png,.png,85530
runs/fmb_colmap_official_pinhole_v1/episode3_wrist_1_causal/images/000022.png,.png,87144
runs/fmb_colmap_official_pinhole_v1/episode3_wrist_1_causal/images/000023.png,.png,89235
runs/fmb_colmap_official_pinhole_v1/episode3_wrist_1_causal/images/000024.png,.png,87871
runs/fmb_colmap_official_pinhole_v1/episode3_wrist_1_causal/images/000025.png,.png,86575
runs/fmb_colmap_official_pinhole_v1/episode3_wrist_1_causal/images/000026.png,.png,86618
runs/fmb_colmap_official_pinhole_v1/episode3_wrist_1_causal/images/000027.png,.png,86822
runs/fmb_colmap_official_pinhole_v1/episode3_wrist_1_causal/images/000028.png,.png,91824
runs/fmb_colmap_official_pinhole_v1/episode3_wrist_1_causal/images/000029.png,.png,92143
runs/fmb_colmap_official_pinhole_v1/episode3_wrist_1_causal/images/000030.png,.png,91895
runs/fmb_colmap_official_pinhole_v1/episode3_wrist_1_causal/images/000031.png,.png,91087
runs/fmb_colmap_official_pinhole_v1/episode3_wrist_1_causal/images/000032.png,.png,89298
runs/fmb_colmap_official_pinhole_v1/episode3_wrist_1_causal/images/000033.png,.png,91078
runs/fmb_colmap_official_pinhole_v1/episode3_wrist_1_causal/images/000034.png,.png,91356
runs/fmb_colmap_official_pinhole_v1/episode3_wrist_1_causal/images/000035.png,.png,89665
runs/fmb_colmap_official_pinhole_v1/episode3_wrist_1_causal/images/000036.png,.png,88616
runs/fmb_colmap_official_pinhole_v1/episode3_wrist_1_causal/images/000037.png,.png,90476
runs/fmb_colmap_official_pinhole_v1/episode3_wrist_1_causal/images/000038.png,.png,89560
runs/fmb_colmap_official_pinhole_v1/episode3_wrist_1_causal/images/000039.png,.png,89423
runs/fmb_colmap_official_pinhole_v1/episode3_wrist_1_causal/images/000040.png,.png,90345
runs/fmb_colmap_official_pinhole_v1/episode3_wrist_1_causal/images/000041.png,.png,88728
runs/fmb_colmap_official_pinhole_v1/episode3_wrist_1_causal/images/000042.png,.png,91248
runs/fmb_colmap_official_pinhole_v1/episode3_wrist_1_causal/images/000043.png,.png,91587
runs/fmb_colmap_official_pinhole_v1/episode3_wrist_1_causal/images/000044.png,.png,91213
runs/fmb_colmap_official_pinhole_v1/episode3_wrist_1_causal/images/000045.png,.png,91623
runs/fmb_colmap_official_pinhole_v1/episode3_wrist_1_causal/images/000046.png,.png,91360
runs/fmb_colmap_official_pinhole_v1/episode3_wrist_1_causal/images/000047.png,.png,91590
runs/fmb_colmap_official_pinhole_v1/episode3_wrist_1_causal/images/000048.png,.png,91603
runs/fmb_colmap_official_pinhole_v1/episode3_wrist_1_causal/images/000049.png,.png,91822
runs/fmb_colmap_official_pinhole_v1/episode3_wrist_1_causal/images/000050.png,.png,91744
runs/fmb_colmap_official_pinhole_v1/episode3_wrist_1_causal/images/000051.png,.png,91465
runs/fmb_colmap_official_pinhole_v1/episode3_wrist_1_causal/images/000052.png,.png,91608
runs/fmb_colmap_official_pinhole_v1/episode3_wrist_1_causal/images/000053.png,.png,91541
runs/fmb_colmap_official_pinhole_v1/episode3_wrist_1_causal/images/000054.png,.png,91773
runs/fmb_colmap_official_pinhole_v1/episode3_wrist_1_causal/images/000055.png,.png,91556
runs/fmb_colmap_official_pinhole_v1/episode3_wrist_1_causal/images/000056.png,.png,91810
runs/fmb_colmap_official_pinhole_v1/episode3_wrist_1_causal/images/000057.png,.png,91745
runs/fmb_colmap_official_pinhole_v1/episode3_wrist_1_causal/images/000058.png,.png,91700
runs/fmb_colmap_official_pinhole_v1/episode3_wrist_1_causal/images/000059.png,.png,91754
runs/fmb_colmap_official_pinhole_v1/episode3_wrist_1_causal/images/000060.png,.png,91701
runs/fmb_colmap_official_pinhole_v1/episode3_wrist_1_causal/images/000061.png,.png,91672
runs/fmb_colmap_official_pinhole_v1/episode3_wrist_1_causal/images/000062.png,.png,91428
runs/fmb_colmap_official_pinhole_v1/episode3_wrist_1_causal/images/000063.png,.png,91658
runs/fmb_colmap_official_pinhole_v1/episode3_wrist_1_causal/images/000064.png,.png,91597
runs/fmb_colmap_official_pinhole_v1/episode3_wrist_1_causal/images/000065.png,.png,91814
runs/fmb_colmap_official_pinhole_v1/episode3_wrist_1_causal/images/000066.png,.png,91669
runs/fmb_colmap_official_pinhole_v1/episode3_wrist_1_causal/images/000067.png,.png,91819
runs/fmb_colmap_official_pinhole_v1/episode3_wrist_1_causal/images/000068.png,.png,91913
runs/fmb_colmap_official_pinhole_v1/episode3_wrist_1_causal/images/000069.png,.png,91692
runs/fmb_colmap_official_pinhole_v1/episode3_wrist_1_causal/images/000070.png,.png,91831
runs/fmb_colmap_official_pinhole_v1/episode3_wrist_1_causal/images/000071.png,.png,91622
runs/fmb_colmap_official_pinhole_v1/episode3_wrist_1_causal/images/000072.png,.png,89239
runs/fmb_colmap_official_pinhole_v1/episode3_wrist_1_causal/images/000073.png,.png,88029
runs/fmb_colmap_official_pinhole_v1/episode3_wrist_1_causal/images/000074.png,.png,86712
runs/fmb_colmap_official_pinhole_v1/episode3_wrist_1_causal/images/000075.png,.png,86509
runs/fmb_colmap_official_pinhole_v1/episode3_wrist_1_causal/images/000076.png,.png,86383
runs/fmb_colmap_official_pinhole_v1/episode3_wrist_1_causal/images/000077.png,.png,86222
runs/fmb_colmap_official_pinhole_v1/episode3_wrist_1_causal/images/000078.png,.png,86097
runs/fmb_colmap_official_pinhole_v1/episode3_wrist_1_causal/images/000079.png,.png,86369
runs/fmb_colmap_official_pinhole_v1/episode3_wrist_1_causal/images/000080.png,.png,86254
runs/fmb_colmap_official_pinhole_v1/episode3_wrist_1_causal/images/000081.png,.png,86435
runs/fmb_colmap_official_pinhole_v1/episode3_wrist_1_causal/images/000082.png,.png,86607
runs/fmb_colmap_official_pinhole_v1/episode3_wrist_1_causal/images/000083.png,.png,85757
runs/fmb_colmap_official_pinhole_v1/episode3_wrist_1_causal/images/000084.png,.png,86384
runs/fmb_colmap_official_pinhole_v1/episode3_wrist_1_causal/images/000085.png,.png,86202
runs/fmb_colmap_official_pinhole_v1/episode3_wrist_1_causal/images/000086.png,.png,86823
runs/fmb_colmap_official_pinhole_v1/episode3_wrist_1_causal/images/000087.png,.png,88898
runs/fmb_colmap_official_pinhole_v1/episode3_wrist_1_causal/images/000088.png,.png,83306
runs/fmb_colmap_official_pinhole_v1/episode3_wrist_1_causal/images/000089.png,.png,83930
runs/fmb_colmap_official_pinhole_v1/episode3_wrist_1_causal/images/000090.png,.png,85631
runs/fmb_colmap_official_pinhole_v1/episode3_wrist_1_causal/images/000091.png,.png,85105
runs/fmb_colmap_official_pinhole_v1/episode3_wrist_1_causal/images/000092.png,.png,85555
runs/fmb_colmap_official_pinhole_v1/episode3_wrist_1_causal/images/000093.png,.png,85169
runs/fmb_colmap_official_pinhole_v1/episode3_wrist_1_causal/images/000094.png,.png,84291
runs/fmb_colmap_official_pinhole_v1/episode3_wrist_1_causal/images/000095.png,.png,84813
runs/fmb_colmap_official_pinhole_v1/episode3_wrist_1_causal/images/000096.png,.png,85263
runs/fmb_colmap_official_pinhole_v1/episode3_wrist_1_causal/images/000097.png,.png,86889
runs/fmb_colmap_official_pinhole_v1/episode3_wrist_1_causal/images/000098.png,.png,87269
runs/fmb_colmap_official_pinhole_v1/episode3_wrist_1_causal/images/000099.png,.png,89633
runs/fmb_colmap_official_pinhole_v1/episode3_wrist_1_causal/images/000100.png,.png,91215
runs/fmb_colmap_official_pinhole_v1/episode3_wrist_1_causal/images/000101.png,.png,91756
runs/fmb_colmap_official_pinhole_v1/episode3_wrist_1_causal/images/000102.png,.png,92860
runs/fmb_colmap_official_pinhole_v1/episode3_wrist_1_causal/images/000103.png,.png,93306
runs/fmb_colmap_official_pinhole_v1/episode3_wrist_1_causal/images/000104.png,.png,94510
runs/fmb_colmap_official_pinhole_v1/episode3_wrist_1_causal/images/000105.png,.png,94078
runs/fmb_colmap_official_pinhole_v1/episode3_wrist_1_causal/images/000106.png,.png,95734
runs/fmb_colmap_official_pinhole_v1/episode3_wrist_1_causal/images/000107.png,.png,95659
runs/fmb_colmap_official_pinhole_v1/episode3_wrist_1_causal/images/000108.png,.png,95523
runs/fmb_colmap_official_pinhole_v1/episode3_wrist_1_causal/images/000109.png,.png,94736
runs/fmb_colmap_official_pinhole_v1/episode3_wrist_1_causal/images/000110.png,.png,93808
runs/fmb_colmap_official_pinhole_v1/episode3_wrist_1_causal/images/000111.png,.png,93664
runs/fmb_colmap_official_pinhole_v1/episode3_wrist_1_causal/images/000112.png,.png,93329
runs/fmb_colmap_official_pinhole_v1/episode3_wrist_1_causal/images/000113.png,.png,92949
runs/fmb_colmap_official_pinhole_v1/episode3_wrist_1_causal/images/000114.png,.png,91546
runs/fmb_colmap_official_pinhole_v1/episode3_wrist_1_causal/images/000115.png,.png,91508
runs/fmb_colmap_official_pinhole_v1/episode3_wrist_1_causal/images/000116.png,.png,91448
runs/fmb_colmap_official_pinhole_v1/episode3_wrist_1_causal/images/000117.png,.png,91710
runs/fmb_colmap_official_pinhole_v1/episode3_wrist_1_causal/images/000118.png,.png,92204
runs/fmb_colmap_official_pinhole_v1/episode3_wrist_1_causal/images/000119.png,.png,92114
runs/fmb_colmap_official_pinhole_v1/episode3_wrist_1_causal/images/000120.png,.png,92290
runs/fmb_colmap_official_pinhole_v1/episode3_wrist_1_causal/images/000121.png,.png,91881
runs/fmb_colmap_official_pinhole_v1/episode3_wrist_1_causal/images/000122.png,.png,92937
runs/fmb_colmap_official_pinhole_v1/episode3_wrist_1_causal/images/000123.png,.png,92625
runs/fmb_colmap_official_pinhole_v1/episode3_wrist_1_causal/images/000124.png,.png,91544
runs/fmb_colmap_official_pinhole_v1/episode3_wrist_1_causal/images/000125.png,.png,90693
runs/fmb_colmap_official_pinhole_v1/episode3_wrist_1_causal/images/000126.png,.png,90462
runs/fmb_colmap_official_pinhole_v1/episode3_wrist_1_causal/images/000127.png,.png,91107
runs/fmb_colmap_official_pinhole_v1/episode3_wrist_1_causal/images/000128.png,.png,93115
runs/fmb_colmap_official_pinhole_v1/episode3_wrist_1_causal/images/000129.png,.png,92358
runs/fmb_colmap_official_pinhole_v1/episode3_wrist_1_causal/images/000130.png,.png,92299
runs/fmb_colmap_official_pinhole_v1/episode3_wrist_1_causal/match_graph.json,.json,2220
runs/fmb_colmap_official_pinhole_v1/episode3_wrist_1_causal/match_images.csv,.csv,2255
runs/fmb_colmap_official_pinhole_v1/episode3_wrist_1_causal/match_pairs.csv,.csv,27335
runs/fmb_colmap_official_pinhole_v1/episode3_wrist_1_causal/sparse/0/cameras.bin,.bin,64
runs/fmb_colmap_official_pinhole_v1/episode3_wrist_1_causal/sparse/0/frames.bin,.bin,3200
runs/fmb_colmap_official_pinhole_v1/episode3_wrist_1_causal/sparse/0/images.bin,.bin,189378
runs/fmb_colmap_official_pinhole_v1/episode3_wrist_1_causal/sparse/0/points3D.bin,.bin,54966
runs/fmb_colmap_official_pinhole_v1/episode3_wrist_1_causal/sparse/0/rigs.bin,.bin,24
runs/fmb_colmap_official_pinhole_v1/episode3_wrist_1_causal/sparse/1/cameras.bin,.bin,64
runs/fmb_colmap_official_pinhole_v1/episode3_wrist_1_causal/sparse/1/frames.bin,.bin,1100
runs/fmb_colmap_official_pinhole_v1/episode3_wrist_1_causal/sparse/1/images.bin,.bin,44023
runs/fmb_colmap_official_pinhole_v1/episode3_wrist_1_causal/sparse/1/points3D.bin,.bin,19372
runs/fmb_colmap_official_pinhole_v1/episode3_wrist_1_causal/sparse/1/rigs.bin,.bin,24
runs/fmb_colmap_official_pinhole_v1/episode3_wrist_1_causal/sparse/10/cameras.bin,.bin,64
runs/fmb_colmap_official_pinhole_v1/episode3_wrist_1_causal/sparse/10/frames.bin,.bin,932
runs/fmb_colmap_official_pinhole_v1/episode3_wrist_1_causal/sparse/10/images.bin,.bin,34257
runs/fmb_colmap_official_pinhole_v1/episode3_wrist_1_causal/sparse/10/points3D.bin,.bin,174
runs/fmb_colmap_official_pinhole_v1/episode3_wrist_1_causal/sparse/10/rigs.bin,.bin,24
runs/fmb_colmap_official_pinhole_v1/episode3_wrist_1_causal/sparse/2/cameras.bin,.bin,64
runs/fmb_colmap_official_pinhole_v1/episode3_wrist_1_causal/sparse/2/frames.bin,.bin,1100
runs/fmb_colmap_official_pinhole_v1/episode3_wrist_1_causal/sparse/2/images.bin,.bin,35191
runs/fmb_colmap_official_pinhole_v1/episode3_wrist_1_causal/sparse/2/points3D.bin,.bin,14433
runs/fmb_colmap_official_pinhole_v1/episode3_wrist_1_causal/sparse/2/rigs.bin,.bin,24
runs/fmb_colmap_official_pinhole_v1/episode3_wrist_1_causal/sparse/3/cameras.bin,.bin,64
runs/fmb_colmap_official_pinhole_v1/episode3_wrist_1_causal/sparse/3/frames.bin,.bin,848
runs/fmb_colmap_official_pinhole_v1/episode3_wrist_1_causal/sparse/3/images.bin,.bin,47590
runs/fmb_colmap_official_pinhole_v1/episode3_wrist_1_causal/sparse/3/points3D.bin,.bin,9062
runs/fmb_colmap_official_pinhole_v1/episode3_wrist_1_causal/sparse/3/rigs.bin,.bin,24
runs/fmb_colmap_official_pinhole_v1/episode3_wrist_1_causal/sparse/4/cameras.bin,.bin,64
runs/fmb_colmap_official_pinhole_v1/episode3_wrist_1_causal/sparse/4/frames.bin,.bin,1100
runs/fmb_colmap_official_pinhole_v1/episode3_wrist_1_causal/sparse/4/images.bin,.bin,39847
runs/fmb_colmap_official_pinhole_v1/episode3_wrist_1_causal/sparse/4/points3D.bin,.bin,8099
runs/fmb_colmap_official_pinhole_v1/episode3_wrist_1_causal/sparse/4/rigs.bin,.bin,24
runs/fmb_colmap_official_pinhole_v1/episode3_wrist_1_causal/sparse/5/cameras.bin,.bin,64
runs/fmb_colmap_official_pinhole_v1/episode3_wrist_1_causal/sparse/5/frames.bin,.bin,260
runs/fmb_colmap_official_pinhole_v1/episode3_wrist_1_causal/sparse/5/images.bin,.bin,10241
runs/fmb_colmap_official_pinhole_v1/episode3_wrist_1_causal/sparse/5/points3D.bin,.bin,6065
runs/fmb_colmap_official_pinhole_v1/episode3_wrist_1_causal/sparse/5/rigs.bin,.bin,24
runs/fmb_colmap_official_pinhole_v1/episode3_wrist_1_causal/sparse/6/cameras.bin,.bin,64
runs/fmb_colmap_official_pinhole_v1/episode3_wrist_1_causal/sparse/6/frames.bin,.bin,1184
runs/fmb_colmap_official_pinhole_v1/episode3_wrist_1_causal/sparse/6/images.bin,.bin,38562
runs/fmb_colmap_official_pinhole_v1/episode3_wrist_1_causal/sparse/6/points3D.bin,.bin,7253
runs/fmb_colmap_official_pinhole_v1/episode3_wrist_1_causal/sparse/6/rigs.bin,.bin,24
runs/fmb_colmap_official_pinhole_v1/episode3_wrist_1_causal/sparse/7/cameras.bin,.bin,64
runs/fmb_colmap_official_pinhole_v1/episode3_wrist_1_causal/sparse/7/frames.bin,.bin,1184
runs/fmb_colmap_official_pinhole_v1/episode3_wrist_1_causal/sparse/7/images.bin,.bin,37362
runs/fmb_colmap_official_pinhole_v1/episode3_wrist_1_causal/sparse/7/points3D.bin,.bin,984
runs/fmb_colmap_official_pinhole_v1/episode3_wrist_1_causal/sparse/7/rigs.bin,.bin,24
runs/fmb_colmap_official_pinhole_v1/episode3_wrist_1_causal/sparse/8/cameras.bin,.bin,64
runs/fmb_colmap_official_pinhole_v1/episode3_wrist_1_causal/sparse/8/frames.bin,.bin,848
runs/fmb_colmap_official_pinhole_v1/episode3_wrist_1_causal/sparse/8/images.bin,.bin,26878
runs/fmb_colmap_official_pinhole_v1/episode3_wrist_1_causal/sparse/8/points3D.bin,.bin,278
runs/fmb_colmap_official_pinhole_v1/episode3_wrist_1_causal/sparse/8/rigs.bin,.bin,24
runs/fmb_colmap_official_pinhole_v1/episode3_wrist_1_causal/sparse/9/cameras.bin,.bin,64
runs/fmb_colmap_official_pinhole_v1/episode3_wrist_1_causal/sparse/9/frames.bin,.bin,848
runs/fmb_colmap_official_pinhole_v1/episode3_wrist_1_causal/sparse/9/images.bin,.bin,37054
runs/fmb_colmap_official_pinhole_v1/episode3_wrist_1_causal/sparse/9/points3D.bin,.bin,238
runs/fmb_colmap_official_pinhole_v1/episode3_wrist_1_causal/sparse/9/rigs.bin,.bin,24
runs/fmb_colmap_official_pinhole_v1/episode3_wrist_1_causal/sparse/project.ini,.ini,12021
runs/fmb_colmap_official_pinhole_v1/episode3_wrist_1_causal/sparse_txt/0/cameras.txt,.txt,185
runs/fmb_colmap_official_pinhole_v1/episode3_wrist_1_causal/sparse_txt/0/converter.log,.log,0
runs/fmb_colmap_official_pinhole_v1/episode3_wrist_1_causal/sparse_txt/0/converter_stdout.log,.log,0
runs/fmb_colmap_official_pinhole_v1/episode3_wrist_1_causal/sparse_txt/0/frames.txt,.txt,6412
runs/fmb_colmap_official_pinhole_v1/episode3_wrist_1_causal/sparse_txt/0/images.txt,.txt,324187
runs/fmb_colmap_official_pinhole_v1/episode3_wrist_1_causal/sparse_txt/0/points3D.txt,.txt,73361
runs/fmb_colmap_official_pinhole_v1/episode3_wrist_1_causal/sparse_txt/0/rigs.txt,.txt,222
runs/fmb_colmap_official_pinhole_v1/episode3_wrist_1_causal/sparse_txt/0/trajectory.csv,.csv,2396
runs/fmb_colmap_official_pinhole_v1/episode3_wrist_1_causal/sparse_txt/1/cameras.txt,.txt,184
runs/fmb_colmap_official_pinhole_v1/episode3_wrist_1_causal/sparse_txt/1/converter.log,.log,0
runs/fmb_colmap_official_pinhole_v1/episode3_wrist_1_causal/sparse_txt/1/converter_stdout.log,.log,0
runs/fmb_colmap_official_pinhole_v1/episode3_wrist_1_causal/sparse_txt/1/frames.txt,.txt,2334
runs/fmb_colmap_official_pinhole_v1/episode3_wrist_1_causal/sparse_txt/1/images.txt,.txt,75253
runs/fmb_colmap_official_pinhole_v1/episode3_wrist_1_causal/sparse_txt/1/points3D.txt,.txt,25065
runs/fmb_colmap_official_pinhole_v1/episode3_wrist_1_causal/sparse_txt/1/rigs.txt,.txt,222
runs/fmb_colmap_official_pinhole_v1/episode3_wrist_1_causal/sparse_txt/1/trajectory.csv,.csv,834
runs/fmb_colmap_official_pinhole_v1/episode3_wrist_1_causal/sparse_txt/10/cameras.txt,.txt,185
runs/fmb_colmap_official_pinhole_v1/episode3_wrist_1_causal/sparse_txt/10/converter.log,.log,0
runs/fmb_colmap_official_pinhole_v1/episode3_wrist_1_causal/sparse_txt/10/converter_stdout.log,.log,0
runs/fmb_colmap_official_pinhole_v1/episode3_wrist_1_causal/sparse_txt/10/frames.txt,.txt,2031
runs/fmb_colmap_official_pinhole_v1/episode3_wrist_1_causal/sparse_txt/10/images.txt,.txt,58499
runs/fmb_colmap_official_pinhole_v1/episode3_wrist_1_causal/sparse_txt/10/points3D.txt,.txt,401
runs/fmb_colmap_official_pinhole_v1/episode3_wrist_1_causal/sparse_txt/10/rigs.txt,.txt,222
runs/fmb_colmap_official_pinhole_v1/episode3_wrist_1_causal/sparse_txt/10/trajectory.csv,.csv,710
runs/fmb_colmap_official_pinhole_v1/episode3_wrist_1_causal/sparse_txt/2/cameras.txt,.txt,185
runs/fmb_colmap_official_pinhole_v1/episode3_wrist_1_causal/sparse_txt/2/converter.log,.log,0
runs/fmb_colmap_official_pinhole_v1/episode3_wrist_1_causal/sparse_txt/2/converter_stdout.log,.log,0
runs/fmb_colmap_official_pinhole_v1/episode3_wrist_1_causal/sparse_txt/2/frames.txt,.txt,2326
runs/fmb_colmap_official_pinhole_v1/episode3_wrist_1_causal/sparse_txt/2/images.txt,.txt,60062
runs/fmb_colmap_official_pinhole_v1/episode3_wrist_1_causal/sparse_txt/2/points3D.txt,.txt,17185
runs/fmb_colmap_official_pinhole_v1/episode3_wrist_1_causal/sparse_txt/2/rigs.txt,.txt,222
runs/fmb_colmap_official_pinhole_v1/episode3_wrist_1_causal/sparse_txt/2/trajectory.csv,.csv,824
runs/fmb_colmap_official_pinhole_v1/episode3_wrist_1_causal/sparse_txt/3/cameras.txt,.txt,185
runs/fmb_colmap_official_pinhole_v1/episode3_wrist_1_causal/sparse_txt/3/converter.log,.log,0
runs/fmb_colmap_official_pinhole_v1/episode3_wrist_1_causal/sparse_txt/3/converter_stdout.log,.log,0
runs/fmb_colmap_official_pinhole_v1/episode3_wrist_1_causal/sparse_txt/3/frames.txt,.txt,1895
runs/fmb_colmap_official_pinhole_v1/episode3_wrist_1_causal/sparse_txt/3/images.txt,.txt,81166
runs/fmb_colmap_official_pinhole_v1/episode3_wrist_1_causal/sparse_txt/3/points3D.txt,.txt,12632
runs/fmb_colmap_official_pinhole_v1/episode3_wrist_1_causal/sparse_txt/3/rigs.txt,.txt,222
runs/fmb_colmap_official_pinhole_v1/episode3_wrist_1_causal/sparse_txt/3/trajectory.csv,.csv,667
runs/fmb_colmap_official_pinhole_v1/episode3_wrist_1_causal/sparse_txt/4/cameras.txt,.txt,185
runs/fmb_colmap_official_pinhole_v1/episode3_wrist_1_causal/sparse_txt/4/converter.log,.log,0
runs/fmb_colmap_official_pinhole_v1/episode3_wrist_1_causal/sparse_txt/4/converter_stdout.log,.log,0
runs/fmb_colmap_official_pinhole_v1/episode3_wrist_1_causal/sparse_txt/4/frames.txt,.txt,2352
runs/fmb_colmap_official_pinhole_v1/episode3_wrist_1_causal/sparse_txt/4/images.txt,.txt,68192
runs/fmb_colmap_official_pinhole_v1/episode3_wrist_1_causal/sparse_txt/4/points3D.txt,.txt,10912
runs/fmb_colmap_official_pinhole_v1/episode3_wrist_1_causal/sparse_txt/4/rigs.txt,.txt,222
runs/fmb_colmap_official_pinhole_v1/episode3_wrist_1_causal/sparse_txt/4/trajectory.csv,.csv,823
runs/fmb_colmap_official_pinhole_v1/episode3_wrist_1_causal/sparse_txt/5/cameras.txt,.txt,185
runs/fmb_colmap_official_pinhole_v1/episode3_wrist_1_causal/sparse_txt/5/converter.log,.log,0
runs/fmb_colmap_official_pinhole_v1/episode3_wrist_1_causal/sparse_txt/5/converter_stdout.log,.log,0
runs/fmb_colmap_official_pinhole_v1/episode3_wrist_1_causal/sparse_txt/5/frames.txt,.txt,685
runs/fmb_colmap_official_pinhole_v1/episode3_wrist_1_causal/sparse_txt/5/images.txt,.txt,17550
runs/fmb_colmap_official_pinhole_v1/episode3_wrist_1_causal/sparse_txt/5/points3D.txt,.txt,9334
runs/fmb_colmap_official_pinhole_v1/episode3_wrist_1_causal/sparse_txt/5/rigs.txt,.txt,222
runs/fmb_colmap_official_pinhole_v1/episode3_wrist_1_causal/sparse_txt/5/trajectory.csv,.csv,218
runs/fmb_colmap_official_pinhole_v1/episode3_wrist_1_causal/sparse_txt/6/cameras.txt,.txt,185
runs/fmb_colmap_official_pinhole_v1/episode3_wrist_1_causal/sparse_txt/6/converter.log,.log,0
runs/fmb_colmap_official_pinhole_v1/episode3_wrist_1_causal/sparse_txt/6/converter_stdout.log,.log,0
runs/fmb_colmap_official_pinhole_v1/episode3_wrist_1_causal/sparse_txt/6/frames.txt,.txt,2530
runs/fmb_colmap_official_pinhole_v1/episode3_wrist_1_causal/sparse_txt/6/images.txt,.txt,65558
runs/fmb_colmap_official_pinhole_v1/episode3_wrist_1_causal/sparse_txt/6/points3D.txt,.txt,8114
runs/fmb_colmap_official_pinhole_v1/episode3_wrist_1_causal/sparse_txt/6/rigs.txt,.txt,222
runs/fmb_colmap_official_pinhole_v1/episode3_wrist_1_causal/sparse_txt/6/trajectory.csv,.csv,901
runs/fmb_colmap_official_pinhole_v1/episode3_wrist_1_causal/sparse_txt/7/cameras.txt,.txt,185
runs/fmb_colmap_official_pinhole_v1/episode3_wrist_1_causal/sparse_txt/7/converter.log,.log,0
runs/fmb_colmap_official_pinhole_v1/episode3_wrist_1_causal/sparse_txt/7/converter_stdout.log,.log,0
runs/fmb_colmap_official_pinhole_v1/episode3_wrist_1_causal/sparse_txt/7/frames.txt,.txt,2537
runs/fmb_colmap_official_pinhole_v1/episode3_wrist_1_causal/sparse_txt/7/images.txt,.txt,63694
runs/fmb_colmap_official_pinhole_v1/episode3_wrist_1_causal/sparse_txt/7/points3D.txt,.txt,1301
runs/fmb_colmap_official_pinhole_v1/episode3_wrist_1_causal/sparse_txt/7/rigs.txt,.txt,222
runs/fmb_colmap_official_pinhole_v1/episode3_wrist_1_causal/sparse_txt/7/trajectory.csv,.csv,904
runs/fmb_colmap_official_pinhole_v1/episode3_wrist_1_causal/sparse_txt/8/cameras.txt,.txt,185
runs/fmb_colmap_official_pinhole_v1/episode3_wrist_1_causal/sparse_txt/8/converter.log,.log,0
runs/fmb_colmap_official_pinhole_v1/episode3_wrist_1_causal/sparse_txt/8/converter_stdout.log,.log,0
runs/fmb_colmap_official_pinhole_v1/episode3_wrist_1_causal/sparse_txt/8/frames.txt,.txt,1873
runs/fmb_colmap_official_pinhole_v1/episode3_wrist_1_causal/sparse_txt/8/images.txt,.txt,45853
runs/fmb_colmap_official_pinhole_v1/episode3_wrist_1_causal/sparse_txt/8/points3D.txt,.txt,489
runs/fmb_colmap_official_pinhole_v1/episode3_wrist_1_causal/sparse_txt/8/rigs.txt,.txt,222
runs/fmb_colmap_official_pinhole_v1/episode3_wrist_1_causal/sparse_txt/8/trajectory.csv,.csv,653
runs/fmb_colmap_official_pinhole_v1/episode3_wrist_1_causal/sparse_txt/9/cameras.txt,.txt,185
runs/fmb_colmap_official_pinhole_v1/episode3_wrist_1_causal/sparse_txt/9/converter.log,.log,0
runs/fmb_colmap_official_pinhole_v1/episode3_wrist_1_causal/sparse_txt/9/converter_stdout.log,.log,0
runs/fmb_colmap_official_pinhole_v1/episode3_wrist_1_causal/sparse_txt/9/frames.txt,.txt,1864
runs/fmb_colmap_official_pinhole_v1/episode3_wrist_1_causal/sparse_txt/9/images.txt,.txt,63208
runs/fmb_colmap_official_pinhole_v1/episode3_wrist_1_causal/sparse_txt/9/points3D.txt,.txt,456
runs/fmb_colmap_official_pinhole_v1/episode3_wrist_1_causal/sparse_txt/9/rigs.txt,.txt,222
runs/fmb_colmap_official_pinhole_v1/episode3_wrist_1_causal/sparse_txt/9/trajectory.csv,.csv,636
runs/fmb_colmap_official_pinhole_v1/episode3_wrist_1_causal/summary.json,.json,175270
runs/fmb_colmap_official_pinhole_v1/episode3_wrist_1_causal/verified_pair_displacements.csv,.csv,49505
runs/fmb_colmap_official_pinhole_v1/experiment_results.csv,.csv,294
runs/fmb_colmap_official_pinhole_v1/input_contact_sheet.jpg,.jpg,106664
runs/fmb_colmap_official_pinhole_v1/png/episode2/wrist_1/000000.png,.png,91449
runs/fmb_colmap_official_pinhole_v1/png/episode2/wrist_1/000001.png,.png,89671
runs/fmb_colmap_official_pinhole_v1/png/episode2/wrist_1/000002.png,.png,87675
runs/fmb_colmap_official_pinhole_v1/png/episode2/wrist_1/000003.png,.png,88831
runs/fmb_colmap_official_pinhole_v1/png/episode2/wrist_1/000004.png,.png,88082
runs/fmb_colmap_official_pinhole_v1/png/episode2/wrist_1/000005.png,.png,86839
runs/fmb_colmap_official_pinhole_v1/png/episode2/wrist_1/000006.png,.png,86951
runs/fmb_colmap_official_pinhole_v1/png/episode2/wrist_1/000007.png,.png,86492
runs/fmb_colmap_official_pinhole_v1/png/episode2/wrist_1/000008.png,.png,87261
runs/fmb_colmap_official_pinhole_v1/png/episode2/wrist_1/000009.png,.png,86454
runs/fmb_colmap_official_pinhole_v1/png/episode2/wrist_1/000010.png,.png,86260
runs/fmb_colmap_official_pinhole_v1/png/episode2/wrist_1/000011.png,.png,85211
runs/fmb_colmap_official_pinhole_v1/png/episode2/wrist_1/000012.png,.png,85292
runs/fmb_colmap_official_pinhole_v1/png/episode2/wrist_1/000013.png,.png,85653
runs/fmb_colmap_official_pinhole_v1/png/episode2/wrist_1/000014.png,.png,85916
runs/fmb_colmap_official_pinhole_v1/png/episode2/wrist_1/000015.png,.png,86301
runs/fmb_colmap_official_pinhole_v1/png/episode2/wrist_1/000016.png,.png,86807
runs/fmb_colmap_official_pinhole_v1/png/episode2/wrist_1/000017.png,.png,89075
runs/fmb_colmap_official_pinhole_v1/png/episode2/wrist_1/000018.png,.png,89113
runs/fmb_colmap_official_pinhole_v1/png/episode2/wrist_1/000019.png,.png,89662
runs/fmb_colmap_official_pinhole_v1/png/episode2/wrist_1/000020.png,.png,90780
runs/fmb_colmap_official_pinhole_v1/png/episode2/wrist_1/000021.png,.png,90546
runs/fmb_colmap_official_pinhole_v1/png/episode2/wrist_1/000022.png,.png,91458
runs/fmb_colmap_official_pinhole_v1/png/episode2/wrist_1/000023.png,.png,91112
runs/fmb_colmap_official_pinhole_v1/png/episode2/wrist_1/000024.png,.png,91045
runs/fmb_colmap_official_pinhole_v1/png/episode2/wrist_1/000025.png,.png,90995
runs/fmb_colmap_official_pinhole_v1/png/episode2/wrist_1/000026.png,.png,90962
runs/fmb_colmap_official_pinhole_v1/png/episode2/wrist_1/000027.png,.png,90216
runs/fmb_colmap_official_pinhole_v1/png/episode2/wrist_1/000028.png,.png,90208
runs/fmb_colmap_official_pinhole_v1/png/episode2/wrist_1/000029.png,.png,90447
runs/fmb_colmap_official_pinhole_v1/png/episode2/wrist_1/000030.png,.png,89626
runs/fmb_colmap_official_pinhole_v1/png/episode2/wrist_1/000031.png,.png,89217
runs/fmb_colmap_official_pinhole_v1/png/episode2/wrist_1/000032.png,.png,90391
runs/fmb_colmap_official_pinhole_v1/png/episode2/wrist_1/000033.png,.png,90609
runs/fmb_colmap_official_pinhole_v1/png/episode2/wrist_1/000034.png,.png,90747
runs/fmb_colmap_official_pinhole_v1/png/episode2/wrist_1/000035.png,.png,89385
runs/fmb_colmap_official_pinhole_v1/png/episode2/wrist_1/000036.png,.png,90085
runs/fmb_colmap_official_pinhole_v1/png/episode2/wrist_1/000037.png,.png,91160
runs/fmb_colmap_official_pinhole_v1/png/episode2/wrist_1/000038.png,.png,91136
runs/fmb_colmap_official_pinhole_v1/png/episode2/wrist_1/000039.png,.png,91204
runs/fmb_colmap_official_pinhole_v1/png/episode2/wrist_1/000040.png,.png,91223
runs/fmb_colmap_official_pinhole_v1/png/episode2/wrist_1/000041.png,.png,91204
runs/fmb_colmap_official_pinhole_v1/png/episode2/wrist_1/000042.png,.png,91125
runs/fmb_colmap_official_pinhole_v1/png/episode2/wrist_1/000043.png,.png,91227
runs/fmb_colmap_official_pinhole_v1/png/episode2/wrist_1/000044.png,.png,91206
runs/fmb_colmap_official_pinhole_v1/png/episode2/wrist_1/000045.png,.png,91405
runs/fmb_colmap_official_pinhole_v1/png/episode2/wrist_1/000046.png,.png,91269
runs/fmb_colmap_official_pinhole_v1/png/episode2/wrist_1/000047.png,.png,91228
runs/fmb_colmap_official_pinhole_v1/png/episode2/wrist_1/000048.png,.png,91251
runs/fmb_colmap_official_pinhole_v1/png/episode2/wrist_1/000049.png,.png,91009
runs/fmb_colmap_official_pinhole_v1/png/episode2/wrist_1/000050.png,.png,91233
runs/fmb_colmap_official_pinhole_v1/png/episode2/wrist_1/000051.png,.png,91078
runs/fmb_colmap_official_pinhole_v1/png/episode2/wrist_1/000052.png,.png,91095
runs/fmb_colmap_official_pinhole_v1/png/episode2/wrist_1/000053.png,.png,91335
runs/fmb_colmap_official_pinhole_v1/png/episode2/wrist_1/000054.png,.png,91209
runs/fmb_colmap_official_pinhole_v1/png/episode2/wrist_1/000055.png,.png,91199
runs/fmb_colmap_official_pinhole_v1/png/episode2/wrist_1/000056.png,.png,90946
runs/fmb_colmap_official_pinhole_v1/png/episode2/wrist_1/000057.png,.png,91105
runs/fmb_colmap_official_pinhole_v1/png/episode2/wrist_1/000058.png,.png,91029
runs/fmb_colmap_official_pinhole_v1/png/episode2/wrist_1/000059.png,.png,91159
runs/fmb_colmap_official_pinhole_v1/png/episode2/wrist_1/000060.png,.png,91156
runs/fmb_colmap_official_pinhole_v1/png/episode2/wrist_1/000061.png,.png,91127
runs/fmb_colmap_official_pinhole_v1/png/episode2/wrist_1/000062.png,.png,91232
runs/fmb_colmap_official_pinhole_v1/png/episode2/wrist_1/000063.png,.png,91410
runs/fmb_colmap_official_pinhole_v1/png/episode2/wrist_1/000064.png,.png,91162
runs/fmb_colmap_official_pinhole_v1/png/episode2/wrist_1/000065.png,.png,91034
runs/fmb_colmap_official_pinhole_v1/png/episode2/wrist_1/000066.png,.png,91044
runs/fmb_colmap_official_pinhole_v1/png/episode2/wrist_1/000067.png,.png,87968
runs/fmb_colmap_official_pinhole_v1/png/episode2/wrist_1/000068.png,.png,87085
runs/fmb_colmap_official_pinhole_v1/png/episode2/wrist_1/000069.png,.png,86362
runs/fmb_colmap_official_pinhole_v1/png/episode2/wrist_1/000070.png,.png,85667
runs/fmb_colmap_official_pinhole_v1/png/episode2/wrist_1/000071.png,.png,85501
runs/fmb_colmap_official_pinhole_v1/png/episode2/wrist_1/000072.png,.png,85160
runs/fmb_colmap_official_pinhole_v1/png/episode2/wrist_1/000073.png,.png,84804
runs/fmb_colmap_official_pinhole_v1/png/episode2/wrist_1/000074.png,.png,84142
runs/fmb_colmap_official_pinhole_v1/png/episode2/wrist_1/000075.png,.png,84492
runs/fmb_colmap_official_pinhole_v1/png/episode2/wrist_1/000076.png,.png,84061
runs/fmb_colmap_official_pinhole_v1/png/episode2/wrist_1/000077.png,.png,84371
runs/fmb_colmap_official_pinhole_v1/png/episode2/wrist_1/000078.png,.png,84263
runs/fmb_colmap_official_pinhole_v1/png/episode2/wrist_1/000079.png,.png,84591
runs/fmb_colmap_official_pinhole_v1/png/episode2/wrist_1/000080.png,.png,84554
runs/fmb_colmap_official_pinhole_v1/png/episode2/wrist_1/000081.png,.png,84554
runs/fmb_colmap_official_pinhole_v1/png/episode2/wrist_1/000082.png,.png,84808
runs/fmb_colmap_official_pinhole_v1/png/episode2/wrist_1/000083.png,.png,84694
runs/fmb_colmap_official_pinhole_v1/png/episode2/wrist_1/000084.png,.png,85006
runs/fmb_colmap_official_pinhole_v1/png/episode2/wrist_1/000085.png,.png,84711
runs/fmb_colmap_official_pinhole_v1/png/episode2/wrist_1/000086.png,.png,84717
runs/fmb_colmap_official_pinhole_v1/png/episode2/wrist_1/000087.png,.png,84679
runs/fmb_colmap_official_pinhole_v1/png/episode2/wrist_1/000088.png,.png,84483
runs/fmb_colmap_official_pinhole_v1/png/episode2/wrist_1/000089.png,.png,84591
runs/fmb_colmap_official_pinhole_v1/png/episode2/wrist_1/000090.png,.png,84713
runs/fmb_colmap_official_pinhole_v1/png/episode2/wrist_1/000091.png,.png,84581
runs/fmb_colmap_official_pinhole_v1/png/episode2/wrist_1/000092.png,.png,84723
runs/fmb_colmap_official_pinhole_v1/png/episode2/wrist_1/000093.png,.png,85774
runs/fmb_colmap_official_pinhole_v1/png/episode2/wrist_1/000094.png,.png,82662
runs/fmb_colmap_official_pinhole_v1/png/episode2/wrist_1/000095.png,.png,85347
runs/fmb_colmap_official_pinhole_v1/png/episode2/wrist_1/000096.png,.png,84552
runs/fmb_colmap_official_pinhole_v1/png/episode2/wrist_1/000097.png,.png,85015
runs/fmb_colmap_official_pinhole_v1/png/episode2/wrist_1/000098.png,.png,86905
runs/fmb_colmap_official_pinhole_v1/png/episode2/wrist_1/000099.png,.png,87290
runs/fmb_colmap_official_pinhole_v1/png/episode2/wrist_1/000100.png,.png,89049
runs/fmb_colmap_official_pinhole_v1/png/episode2/wrist_1/000101.png,.png,89284
runs/fmb_colmap_official_pinhole_v1/png/episode2/wrist_1/000102.png,.png,90974
runs/fmb_colmap_official_pinhole_v1/png/episode2/wrist_1/000103.png,.png,91389
runs/fmb_colmap_official_pinhole_v1/png/episode2/wrist_1/000104.png,.png,93571
runs/fmb_colmap_official_pinhole_v1/png/episode2/wrist_1/000105.png,.png,94170
runs/fmb_colmap_official_pinhole_v1/png/episode2/wrist_1/000106.png,.png,94089
runs/fmb_colmap_official_pinhole_v1/png/episode2/wrist_1/000107.png,.png,95129
runs/fmb_colmap_official_pinhole_v1/png/episode2/wrist_1/000108.png,.png,95175
runs/fmb_colmap_official_pinhole_v1/png/episode2/wrist_1/000109.png,.png,94800
runs/fmb_colmap_official_pinhole_v1/png/episode2/wrist_1/000110.png,.png,94110
runs/fmb_colmap_official_pinhole_v1/png/episode2/wrist_1/000111.png,.png,94422
runs/fmb_colmap_official_pinhole_v1/png/episode2/wrist_1/000112.png,.png,94530
runs/fmb_colmap_official_pinhole_v1/png/episode2/wrist_1/000113.png,.png,94151
runs/fmb_colmap_official_pinhole_v1/png/episode2/wrist_1/000114.png,.png,94305
runs/fmb_colmap_official_pinhole_v1/png/episode2/wrist_1/000115.png,.png,93972
runs/fmb_colmap_official_pinhole_v1/png/episode2/wrist_1/000116.png,.png,93776
runs/fmb_colmap_official_pinhole_v1/png/episode2/wrist_1/000117.png,.png,93556
runs/fmb_colmap_official_pinhole_v1/png/episode2/wrist_1/000118.png,.png,93057
runs/fmb_colmap_official_pinhole_v1/png/episode2/wrist_1/000119.png,.png,92401
runs/fmb_colmap_official_pinhole_v1/png/episode2/wrist_1/000120.png,.png,91608
runs/fmb_colmap_official_pinhole_v1/png/episode2/wrist_1/000121.png,.png,91631
runs/fmb_colmap_official_pinhole_v1/png/episode2/wrist_1/000122.png,.png,91498
runs/fmb_colmap_official_pinhole_v1/png/episode2/wrist_1/000123.png,.png,91412
runs/fmb_colmap_official_pinhole_v1/png/episode2/wrist_1/000124.png,.png,91386
runs/fmb_colmap_official_pinhole_v1/png/episode2/wrist_1/000125.png,.png,91191
runs/fmb_colmap_official_pinhole_v1/png/episode2/wrist_1/000126.png,.png,90744
runs/fmb_colmap_official_pinhole_v1/png/episode2/wrist_1/000127.png,.png,90358
runs/fmb_colmap_official_pinhole_v1/png/episode2/wrist_1/000128.png,.png,90508
runs/fmb_colmap_official_pinhole_v1/png/episode2/wrist_1/000129.png,.png,91265
runs/fmb_colmap_official_pinhole_v1/png/episode2/wrist_1/000130.png,.png,91431
runs/fmb_colmap_official_pinhole_v1/png/episode2/wrist_1/000131.png,.png,91011
runs/fmb_colmap_official_pinhole_v1/png/episode2/wrist_1/000132.png,.png,91324
runs/fmb_colmap_official_pinhole_v1/png/episode2/wrist_1/000133.png,.png,91376
runs/fmb_colmap_official_pinhole_v1/png/episode2/wrist_1/000134.png,.png,92510
runs/fmb_colmap_official_pinhole_v1/png/episode2/wrist_1/000135.png,.png,92846
runs/fmb_colmap_official_pinhole_v1/png/episode2/wrist_1/000136.png,.png,93136
runs/fmb_colmap_official_pinhole_v1/png/episode2/wrist_1/000137.png,.png,93514
runs/fmb_colmap_official_pinhole_v1/png/episode2/wrist_1/000138.png,.png,93632
runs/fmb_colmap_official_pinhole_v1/png/episode2/wrist_1/000139.png,.png,93554
runs/fmb_colmap_official_pinhole_v1/png/episode2/wrist_1/000140.png,.png,93151
runs/fmb_colmap_official_pinhole_v1/png/episode2/wrist_1/000141.png,.png,93412
runs/fmb_colmap_official_pinhole_v1/png/episode2/wrist_1/000142.png,.png,93212
runs/fmb_colmap_official_pinhole_v1/png/episode2/wrist_1/000143.png,.png,93609
runs/fmb_colmap_official_pinhole_v1/png/episode2/wrist_1/000144.png,.png,93770
runs/fmb_colmap_official_pinhole_v1/png/episode2/wrist_1/000145.png,.png,96179
runs/fmb_colmap_official_pinhole_v1/png/episode2/wrist_1/000146.png,.png,98382
runs/fmb_colmap_official_pinhole_v1/png/episode2/wrist_1/000147.png,.png,95888
runs/fmb_colmap_official_pinhole_v1/png/episode3/wrist_1/000000.png,.png,89753
runs/fmb_colmap_official_pinhole_v1/png/episode3/wrist_1/000001.png,.png,89460
runs/fmb_colmap_official_pinhole_v1/png/episode3/wrist_1/000002.png,.png,87351
runs/fmb_colmap_official_pinhole_v1/png/episode3/wrist_1/000003.png,.png,85583
runs/fmb_colmap_official_pinhole_v1/png/episode3/wrist_1/000004.png,.png,84612
runs/fmb_colmap_official_pinhole_v1/png/episode3/wrist_1/000005.png,.png,84773
runs/fmb_colmap_official_pinhole_v1/png/episode3/wrist_1/000006.png,.png,85026
runs/fmb_colmap_official_pinhole_v1/png/episode3/wrist_1/000007.png,.png,85827
runs/fmb_colmap_official_pinhole_v1/png/episode3/wrist_1/000008.png,.png,86165
runs/fmb_colmap_official_pinhole_v1/png/episode3/wrist_1/000009.png,.png,86007
runs/fmb_colmap_official_pinhole_v1/png/episode3/wrist_1/000010.png,.png,85809
runs/fmb_colmap_official_pinhole_v1/png/episode3/wrist_1/000011.png,.png,85743
runs/fmb_colmap_official_pinhole_v1/png/episode3/wrist_1/000012.png,.png,85851
runs/fmb_colmap_official_pinhole_v1/png/episode3/wrist_1/000013.png,.png,85617
runs/fmb_colmap_official_pinhole_v1/png/episode3/wrist_1/000014.png,.png,85428
runs/fmb_colmap_official_pinhole_v1/png/episode3/wrist_1/000015.png,.png,85062
runs/fmb_colmap_official_pinhole_v1/png/episode3/wrist_1/000016.png,.png,85663
runs/fmb_colmap_official_pinhole_v1/png/episode3/wrist_1/000017.png,.png,85716
runs/fmb_colmap_official_pinhole_v1/png/episode3/wrist_1/000018.png,.png,86184
runs/fmb_colmap_official_pinhole_v1/png/episode3/wrist_1/000019.png,.png,85036
runs/fmb_colmap_official_pinhole_v1/png/episode3/wrist_1/000020.png,.png,84982
runs/fmb_colmap_official_pinhole_v1/png/episode3/wrist_1/000021.png,.png,85530
runs/fmb_colmap_official_pinhole_v1/png/episode3/wrist_1/000022.png,.png,87144
runs/fmb_colmap_official_pinhole_v1/png/episode3/wrist_1/000023.png,.png,89235
runs/fmb_colmap_official_pinhole_v1/png/episode3/wrist_1/000024.png,.png,87871
runs/fmb_colmap_official_pinhole_v1/png/episode3/wrist_1/000025.png,.png,86575
runs/fmb_colmap_official_pinhole_v1/png/episode3/wrist_1/000026.png,.png,86618
runs/fmb_colmap_official_pinhole_v1/png/episode3/wrist_1/000027.png,.png,86822
runs/fmb_colmap_official_pinhole_v1/png/episode3/wrist_1/000028.png,.png,91824
runs/fmb_colmap_official_pinhole_v1/png/episode3/wrist_1/000029.png,.png,92143
runs/fmb_colmap_official_pinhole_v1/png/episode3/wrist_1/000030.png,.png,91895
runs/fmb_colmap_official_pinhole_v1/png/episode3/wrist_1/000031.png,.png,91087
runs/fmb_colmap_official_pinhole_v1/png/episode3/wrist_1/000032.png,.png,89298
runs/fmb_colmap_official_pinhole_v1/png/episode3/wrist_1/000033.png,.png,91078
runs/fmb_colmap_official_pinhole_v1/png/episode3/wrist_1/000034.png,.png,91356
runs/fmb_colmap_official_pinhole_v1/png/episode3/wrist_1/000035.png,.png,89665
runs/fmb_colmap_official_pinhole_v1/png/episode3/wrist_1/000036.png,.png,88616
runs/fmb_colmap_official_pinhole_v1/png/episode3/wrist_1/000037.png,.png,90476
runs/fmb_colmap_official_pinhole_v1/png/episode3/wrist_1/000038.png,.png,89560
runs/fmb_colmap_official_pinhole_v1/png/episode3/wrist_1/000039.png,.png,89423
runs/fmb_colmap_official_pinhole_v1/png/episode3/wrist_1/000040.png,.png,90345
runs/fmb_colmap_official_pinhole_v1/png/episode3/wrist_1/000041.png,.png,88728
runs/fmb_colmap_official_pinhole_v1/png/episode3/wrist_1/000042.png,.png,91248
runs/fmb_colmap_official_pinhole_v1/png/episode3/wrist_1/000043.png,.png,91587
runs/fmb_colmap_official_pinhole_v1/png/episode3/wrist_1/000044.png,.png,91213
runs/fmb_colmap_official_pinhole_v1/png/episode3/wrist_1/000045.png,.png,91623
runs/fmb_colmap_official_pinhole_v1/png/episode3/wrist_1/000046.png,.png,91360
runs/fmb_colmap_official_pinhole_v1/png/episode3/wrist_1/000047.png,.png,91590
runs/fmb_colmap_official_pinhole_v1/png/episode3/wrist_1/000048.png,.png,91603
runs/fmb_colmap_official_pinhole_v1/png/episode3/wrist_1/000049.png,.png,91822
runs/fmb_colmap_official_pinhole_v1/png/episode3/wrist_1/000050.png,.png,91744
runs/fmb_colmap_official_pinhole_v1/png/episode3/wrist_1/000051.png,.png,91465
runs/fmb_colmap_official_pinhole_v1/png/episode3/wrist_1/000052.png,.png,91608
runs/fmb_colmap_official_pinhole_v1/png/episode3/wrist_1/000053.png,.png,91541
runs/fmb_colmap_official_pinhole_v1/png/episode3/wrist_1/000054.png,.png,91773
runs/fmb_colmap_official_pinhole_v1/png/episode3/wrist_1/000055.png,.png,91556
runs/fmb_colmap_official_pinhole_v1/png/episode3/wrist_1/000056.png,.png,91810
runs/fmb_colmap_official_pinhole_v1/png/episode3/wrist_1/000057.png,.png,91745
runs/fmb_colmap_official_pinhole_v1/png/episode3/wrist_1/000058.png,.png,91700
runs/fmb_colmap_official_pinhole_v1/png/episode3/wrist_1/000059.png,.png,91754
runs/fmb_colmap_official_pinhole_v1/png/episode3/wrist_1/000060.png,.png,91701
runs/fmb_colmap_official_pinhole_v1/png/episode3/wrist_1/000061.png,.png,91672
runs/fmb_colmap_official_pinhole_v1/png/episode3/wrist_1/000062.png,.png,91428
runs/fmb_colmap_official_pinhole_v1/png/episode3/wrist_1/000063.png,.png,91658
runs/fmb_colmap_official_pinhole_v1/png/episode3/wrist_1/000064.png,.png,91597
runs/fmb_colmap_official_pinhole_v1/png/episode3/wrist_1/000065.png,.png,91814
runs/fmb_colmap_official_pinhole_v1/png/episode3/wrist_1/000066.png,.png,91669
runs/fmb_colmap_official_pinhole_v1/png/episode3/wrist_1/000067.png,.png,91819
runs/fmb_colmap_official_pinhole_v1/png/episode3/wrist_1/000068.png,.png,91913
runs/fmb_colmap_official_pinhole_v1/png/episode3/wrist_1/000069.png,.png,91692
runs/fmb_colmap_official_pinhole_v1/png/episode3/wrist_1/000070.png,.png,91831
runs/fmb_colmap_official_pinhole_v1/png/episode3/wrist_1/000071.png,.png,91622
runs/fmb_colmap_official_pinhole_v1/png/episode3/wrist_1/000072.png,.png,89239
runs/fmb_colmap_official_pinhole_v1/png/episode3/wrist_1/000073.png,.png,88029
runs/fmb_colmap_official_pinhole_v1/png/episode3/wrist_1/000074.png,.png,86712
runs/fmb_colmap_official_pinhole_v1/png/episode3/wrist_1/000075.png,.png,86509
runs/fmb_colmap_official_pinhole_v1/png/episode3/wrist_1/000076.png,.png,86383
runs/fmb_colmap_official_pinhole_v1/png/episode3/wrist_1/000077.png,.png,86222
runs/fmb_colmap_official_pinhole_v1/png/episode3/wrist_1/000078.png,.png,86097
runs/fmb_colmap_official_pinhole_v1/png/episode3/wrist_1/000079.png,.png,86369
runs/fmb_colmap_official_pinhole_v1/png/episode3/wrist_1/000080.png,.png,86254
runs/fmb_colmap_official_pinhole_v1/png/episode3/wrist_1/000081.png,.png,86435
runs/fmb_colmap_official_pinhole_v1/png/episode3/wrist_1/000082.png,.png,86607
runs/fmb_colmap_official_pinhole_v1/png/episode3/wrist_1/000083.png,.png,85757
runs/fmb_colmap_official_pinhole_v1/png/episode3/wrist_1/000084.png,.png,86384
runs/fmb_colmap_official_pinhole_v1/png/episode3/wrist_1/000085.png,.png,86202
runs/fmb_colmap_official_pinhole_v1/png/episode3/wrist_1/000086.png,.png,86823
runs/fmb_colmap_official_pinhole_v1/png/episode3/wrist_1/000087.png,.png,88898
runs/fmb_colmap_official_pinhole_v1/png/episode3/wrist_1/000088.png,.png,83306
runs/fmb_colmap_official_pinhole_v1/png/episode3/wrist_1/000089.png,.png,83930
runs/fmb_colmap_official_pinhole_v1/png/episode3/wrist_1/000090.png,.png,85631
runs/fmb_colmap_official_pinhole_v1/png/episode3/wrist_1/000091.png,.png,85105
runs/fmb_colmap_official_pinhole_v1/png/episode3/wrist_1/000092.png,.png,85555
runs/fmb_colmap_official_pinhole_v1/png/episode3/wrist_1/000093.png,.png,85169
runs/fmb_colmap_official_pinhole_v1/png/episode3/wrist_1/000094.png,.png,84291
runs/fmb_colmap_official_pinhole_v1/png/episode3/wrist_1/000095.png,.png,84813
runs/fmb_colmap_official_pinhole_v1/png/episode3/wrist_1/000096.png,.png,85263
runs/fmb_colmap_official_pinhole_v1/png/episode3/wrist_1/000097.png,.png,86889
runs/fmb_colmap_official_pinhole_v1/png/episode3/wrist_1/000098.png,.png,87269
runs/fmb_colmap_official_pinhole_v1/png/episode3/wrist_1/000099.png,.png,89633
runs/fmb_colmap_official_pinhole_v1/png/episode3/wrist_1/000100.png,.png,91215
runs/fmb_colmap_official_pinhole_v1/png/episode3/wrist_1/000101.png,.png,91756
runs/fmb_colmap_official_pinhole_v1/png/episode3/wrist_1/000102.png,.png,92860
runs/fmb_colmap_official_pinhole_v1/png/episode3/wrist_1/000103.png,.png,93306
runs/fmb_colmap_official_pinhole_v1/png/episode3/wrist_1/000104.png,.png,94510
runs/fmb_colmap_official_pinhole_v1/png/episode3/wrist_1/000105.png,.png,94078
runs/fmb_colmap_official_pinhole_v1/png/episode3/wrist_1/000106.png,.png,95734
runs/fmb_colmap_official_pinhole_v1/png/episode3/wrist_1/000107.png,.png,95659
runs/fmb_colmap_official_pinhole_v1/png/episode3/wrist_1/000108.png,.png,95523
runs/fmb_colmap_official_pinhole_v1/png/episode3/wrist_1/000109.png,.png,94736
runs/fmb_colmap_official_pinhole_v1/png/episode3/wrist_1/000110.png,.png,93808
runs/fmb_colmap_official_pinhole_v1/png/episode3/wrist_1/000111.png,.png,93664
runs/fmb_colmap_official_pinhole_v1/png/episode3/wrist_1/000112.png,.png,93329
runs/fmb_colmap_official_pinhole_v1/png/episode3/wrist_1/000113.png,.png,92949
runs/fmb_colmap_official_pinhole_v1/png/episode3/wrist_1/000114.png,.png,91546
runs/fmb_colmap_official_pinhole_v1/png/episode3/wrist_1/000115.png,.png,91508
runs/fmb_colmap_official_pinhole_v1/png/episode3/wrist_1/000116.png,.png,91448
runs/fmb_colmap_official_pinhole_v1/png/episode3/wrist_1/000117.png,.png,91710
runs/fmb_colmap_official_pinhole_v1/png/episode3/wrist_1/000118.png,.png,92204
runs/fmb_colmap_official_pinhole_v1/png/episode3/wrist_1/000119.png,.png,92114
runs/fmb_colmap_official_pinhole_v1/png/episode3/wrist_1/000120.png,.png,92290
runs/fmb_colmap_official_pinhole_v1/png/episode3/wrist_1/000121.png,.png,91881
runs/fmb_colmap_official_pinhole_v1/png/episode3/wrist_1/000122.png,.png,92937
runs/fmb_colmap_official_pinhole_v1/png/episode3/wrist_1/000123.png,.png,92625
runs/fmb_colmap_official_pinhole_v1/png/episode3/wrist_1/000124.png,.png,91544
runs/fmb_colmap_official_pinhole_v1/png/episode3/wrist_1/000125.png,.png,90693
runs/fmb_colmap_official_pinhole_v1/png/episode3/wrist_1/000126.png,.png,90462
runs/fmb_colmap_official_pinhole_v1/png/episode3/wrist_1/000127.png,.png,91107
runs/fmb_colmap_official_pinhole_v1/png/episode3/wrist_1/000128.png,.png,93115
runs/fmb_colmap_official_pinhole_v1/png/episode3/wrist_1/000129.png,.png,92358
runs/fmb_colmap_official_pinhole_v1/png/episode3/wrist_1/000130.png,.png,92299
runs/fmb_colmap_official_pinhole_v1/png/episode3/wrist_1/000131.png,.png,91975
runs/fmb_colmap_official_pinhole_v1/png/episode3/wrist_1/000132.png,.png,93876
runs/fmb_colmap_official_pinhole_v1/png/episode3/wrist_1/000133.png,.png,94092
runs/fmb_colmap_official_pinhole_v1/png/episode3/wrist_1/000134.png,.png,93011
runs/fmb_colmap_official_pinhole_v1/png/episode3/wrist_1/000135.png,.png,93221
runs/fmb_colmap_official_pinhole_v1/png/episode3/wrist_1/000136.png,.png,93312
runs/fmb_colmap_official_pinhole_v1/png/episode3/wrist_1/000137.png,.png,94542
runs/fmb_colmap_official_pinhole_v1/png/episode3/wrist_1/000138.png,.png,94667
runs/fmb_colmap_official_pinhole_v1/png/episode3/wrist_1/000139.png,.png,93114
runs/fmb_colmap_official_pinhole_v1/png/episode3/wrist_1/000140.png,.png,93400
runs/fmb_colmap_official_pinhole_v1/png/episode3/wrist_1/000141.png,.png,94369
runs/fmb_colmap_official_pinhole_v1/png/episode3/wrist_1/000142.png,.png,93677
runs/fmb_colmap_official_pinhole_v1/png/episode3/wrist_1/000143.png,.png,93714
runs/fmb_colmap_official_pinhole_v1/png/episode3/wrist_1/000144.png,.png,95847
runs/fmb_colmap_official_pinhole_v1/png/episode3/wrist_1/000145.png,.png,95775
runs/fmb_colmap_official_pinhole_v1/png/episode3/wrist_1/000146.png,.png,95949
runs/fmb_colmap_official_pinhole_v1/png/episode3/wrist_1/000147.png,.png,97096
runs/fmb_colmap_official_pinhole_v1/png/episode3/wrist_1/000148.png,.png,98134
runs/fmb_colmap_official_pinhole_v1/png/episode3/wrist_1/000149.png,.png,98773
runs/fmb_colmap_official_pinhole_v1/png/episode3/wrist_1/000150.png,.png,99003
runs/fmb_colmap_official_pinhole_v1/png/episode3/wrist_1/000151.png,.png,98853
runs/fmb_colmap_official_pinhole_v1/png/episode3/wrist_1/000152.png,.png,95874
runs/fmb_colmap_official_pinhole_v1/png/episode3/wrist_1/000153.png,.png,95105
runs/fmb_colmap_official_pinhole_v1/png/episode3/wrist_1/000154.png,.png,94299
runs/fmb_colmap_official_pinhole_v1/png/episode3/wrist_1/000155.png,.png,95298
runs/fmb_colmap_official_pinhole_v1/png/episode3/wrist_1/000156.png,.png,95642
runs/fmb_colmap_official_pinhole_v1/png/episode3/wrist_1/000157.png,.png,95702
runs/fmb_colmap_official_pinhole_v1/png/episode3/wrist_1/000158.png,.png,96032
runs/fmb_colmap_official_pinhole_v1/png/episode3/wrist_1/000159.png,.png,96390
runs/fmb_colmap_official_pinhole_v1/png/episode3/wrist_1/000160.png,.png,96562
runs/fmb_colmap_official_pinhole_v1/png/episode3/wrist_1/000161.png,.png,99594
runs/fmb_colmap_official_pinhole_v1/png/episode3/wrist_1/000162.png,.png,100557
runs/fmb_colmap_official_pinhole_v1/png/episode3/wrist_1/000163.png,.png,100692
runs/fmb_colmap_official_pinhole_v1/png/episode3/wrist_1/000164.png,.png,97211
runs/fmb_colmap_official_pinhole_v1/protocol.json,.json,84397
runs/fmb_colmap_official_pinhole_v1/publication_manifest.json,.json,66235
runs/fmb_colmap_official_pinhole_v1/registered_frame_coverage.png,.png,132224
runs/fmb_colmap_official_pinhole_v1/validation_sources.json,.json,1292
runs/fmb_colmap_official_pinhole_v1/verified_match_graphs.png,.png,142161
runs/fmb_colmap_official_pinhole_v1/version.stderr.log,.log,0
runs/fmb_colmap_official_pinhole_v1/version.stdout.log,.log,1683
runs/fmb_colmap_official_v1/audit.json,.json,2623
runs/fmb_colmap_official_v1/automatic_help.stderr.log,.log,1426
runs/fmb_colmap_official_v1/automatic_help.stdout.log,.log,0
runs/fmb_colmap_official_v1/automatic_reconstructor_help.txt,.txt,1431
runs/fmb_colmap_official_v1/camera_diagnostics.csv,.csv,6209
runs/fmb_colmap_official_v1/colmap_version.txt,.txt,1688
runs/fmb_colmap_official_v1/decision.json,.json,3293
runs/fmb_colmap_official_v1/episode2_nominal_board_check.json,.json,1066
runs/fmb_colmap_official_v1/episode2_side_1_causal/colmap.log,.log,150325
runs/fmb_colmap_official_v1/episode2_side_1_causal/colmap_stdout.log,.log,0
runs/fmb_colmap_official_v1/episode2_side_1_causal/database.db,.db,8478720
runs/fmb_colmap_official_v1/episode2_side_1_causal/database.db-shm,.db-shm,32768
runs/fmb_colmap_official_v1/episode2_side_1_causal/database.db-wal,.db-wal,0
runs/fmb_colmap_official_v1/episode2_side_1_causal/execution.json,.json,2929
runs/fmb_colmap_official_v1/episode2_side_1_causal/images/000000.png,.png,97581
runs/fmb_colmap_official_v1/episode2_side_1_causal/images/000001.png,.png,97434
runs/fmb_colmap_official_v1/episode2_side_1_causal/images/000002.png,.png,97489
runs/fmb_colmap_official_v1/episode2_side_1_causal/images/000003.png,.png,97573
runs/fmb_colmap_official_v1/episode2_side_1_causal/images/000004.png,.png,97523
runs/fmb_colmap_official_v1/episode2_side_1_causal/images/000005.png,.png,97498
runs/fmb_colmap_official_v1/episode2_side_1_causal/images/000006.png,.png,97430
runs/fmb_colmap_official_v1/episode2_side_1_causal/images/000007.png,.png,97483
runs/fmb_colmap_official_v1/episode2_side_1_causal/images/000008.png,.png,97597
runs/fmb_colmap_official_v1/episode2_side_1_causal/images/000009.png,.png,97609
runs/fmb_colmap_official_v1/episode2_side_1_causal/images/000010.png,.png,98007
runs/fmb_colmap_official_v1/episode2_side_1_causal/images/000011.png,.png,97943
runs/fmb_colmap_official_v1/episode2_side_1_causal/images/000012.png,.png,98015
runs/fmb_colmap_official_v1/episode2_side_1_causal/images/000013.png,.png,98021
runs/fmb_colmap_official_v1/episode2_side_1_causal/images/000014.png,.png,97960
runs/fmb_colmap_official_v1/episode2_side_1_causal/images/000015.png,.png,98104
runs/fmb_colmap_official_v1/episode2_side_1_causal/images/000016.png,.png,98008
runs/fmb_colmap_official_v1/episode2_side_1_causal/images/000017.png,.png,98246
runs/fmb_colmap_official_v1/episode2_side_1_causal/images/000018.png,.png,98195
runs/fmb_colmap_official_v1/episode2_side_1_causal/images/000019.png,.png,98186
runs/fmb_colmap_official_v1/episode2_side_1_causal/images/000020.png,.png,98230
runs/fmb_colmap_official_v1/episode2_side_1_causal/images/000021.png,.png,98226
runs/fmb_colmap_official_v1/episode2_side_1_causal/images/000022.png,.png,98224
runs/fmb_colmap_official_v1/episode2_side_1_causal/images/000023.png,.png,98136
runs/fmb_colmap_official_v1/episode2_side_1_causal/images/000024.png,.png,98120
runs/fmb_colmap_official_v1/episode2_side_1_causal/images/000025.png,.png,97913
runs/fmb_colmap_official_v1/episode2_side_1_causal/images/000026.png,.png,98085
runs/fmb_colmap_official_v1/episode2_side_1_causal/images/000027.png,.png,98240
runs/fmb_colmap_official_v1/episode2_side_1_causal/images/000028.png,.png,98076
runs/fmb_colmap_official_v1/episode2_side_1_causal/images/000029.png,.png,98240
runs/fmb_colmap_official_v1/episode2_side_1_causal/images/000030.png,.png,98177
runs/fmb_colmap_official_v1/episode2_side_1_causal/images/000031.png,.png,98037
runs/fmb_colmap_official_v1/episode2_side_1_causal/images/000032.png,.png,98161
runs/fmb_colmap_official_v1/episode2_side_1_causal/images/000033.png,.png,98260
runs/fmb_colmap_official_v1/episode2_side_1_causal/images/000034.png,.png,98225
runs/fmb_colmap_official_v1/episode2_side_1_causal/images/000035.png,.png,98118
runs/fmb_colmap_official_v1/episode2_side_1_causal/images/000036.png,.png,98153
runs/fmb_colmap_official_v1/episode2_side_1_causal/images/000037.png,.png,98060
runs/fmb_colmap_official_v1/episode2_side_1_causal/images/000038.png,.png,98217
runs/fmb_colmap_official_v1/episode2_side_1_causal/images/000039.png,.png,98001
runs/fmb_colmap_official_v1/episode2_side_1_causal/images/000040.png,.png,98073
runs/fmb_colmap_official_v1/episode2_side_1_causal/images/000041.png,.png,98094
runs/fmb_colmap_official_v1/episode2_side_1_causal/images/000042.png,.png,98136
runs/fmb_colmap_official_v1/episode2_side_1_causal/images/000043.png,.png,98175
runs/fmb_colmap_official_v1/episode2_side_1_causal/images/000044.png,.png,98197
runs/fmb_colmap_official_v1/episode2_side_1_causal/images/000045.png,.png,98247
runs/fmb_colmap_official_v1/episode2_side_1_causal/images/000046.png,.png,98045
runs/fmb_colmap_official_v1/episode2_side_1_causal/images/000047.png,.png,97959
runs/fmb_colmap_official_v1/episode2_side_1_causal/images/000048.png,.png,97983
runs/fmb_colmap_official_v1/episode2_side_1_causal/images/000049.png,.png,98211
runs/fmb_colmap_official_v1/episode2_side_1_causal/images/000050.png,.png,98018
runs/fmb_colmap_official_v1/episode2_side_1_causal/images/000051.png,.png,98288
runs/fmb_colmap_official_v1/episode2_side_1_causal/images/000052.png,.png,98162
runs/fmb_colmap_official_v1/episode2_side_1_causal/images/000053.png,.png,98010
runs/fmb_colmap_official_v1/episode2_side_1_causal/images/000054.png,.png,98022
runs/fmb_colmap_official_v1/episode2_side_1_causal/images/000055.png,.png,98116
runs/fmb_colmap_official_v1/episode2_side_1_causal/images/000056.png,.png,98054
runs/fmb_colmap_official_v1/episode2_side_1_causal/images/000057.png,.png,98001
runs/fmb_colmap_official_v1/episode2_side_1_causal/images/000058.png,.png,98021
runs/fmb_colmap_official_v1/episode2_side_1_causal/images/000059.png,.png,97975
runs/fmb_colmap_official_v1/episode2_side_1_causal/images/000060.png,.png,97996
runs/fmb_colmap_official_v1/episode2_side_1_causal/images/000061.png,.png,98140
runs/fmb_colmap_official_v1/episode2_side_1_causal/images/000062.png,.png,98038
runs/fmb_colmap_official_v1/episode2_side_1_causal/images/000063.png,.png,98179
runs/fmb_colmap_official_v1/episode2_side_1_causal/images/000064.png,.png,98107
runs/fmb_colmap_official_v1/episode2_side_1_causal/images/000065.png,.png,98225
runs/fmb_colmap_official_v1/episode2_side_1_causal/images/000066.png,.png,98003
runs/fmb_colmap_official_v1/episode2_side_1_causal/images/000067.png,.png,98105
runs/fmb_colmap_official_v1/episode2_side_1_causal/images/000068.png,.png,98189
runs/fmb_colmap_official_v1/episode2_side_1_causal/images/000069.png,.png,97936
runs/fmb_colmap_official_v1/episode2_side_1_causal/images/000070.png,.png,98090
runs/fmb_colmap_official_v1/episode2_side_1_causal/images/000071.png,.png,97889
runs/fmb_colmap_official_v1/episode2_side_1_causal/images/000072.png,.png,97854
runs/fmb_colmap_official_v1/episode2_side_1_causal/images/000073.png,.png,97590
runs/fmb_colmap_official_v1/episode2_side_1_causal/images/000074.png,.png,97377
runs/fmb_colmap_official_v1/episode2_side_1_causal/images/000075.png,.png,97345
runs/fmb_colmap_official_v1/episode2_side_1_causal/images/000076.png,.png,97265
runs/fmb_colmap_official_v1/episode2_side_1_causal/images/000077.png,.png,97221
runs/fmb_colmap_official_v1/episode2_side_1_causal/images/000078.png,.png,97138
runs/fmb_colmap_official_v1/episode2_side_1_causal/images/000079.png,.png,96933
runs/fmb_colmap_official_v1/episode2_side_1_causal/images/000080.png,.png,96815
runs/fmb_colmap_official_v1/episode2_side_1_causal/images/000081.png,.png,96948
runs/fmb_colmap_official_v1/episode2_side_1_causal/images/000082.png,.png,96624
runs/fmb_colmap_official_v1/episode2_side_1_causal/images/000083.png,.png,96763
runs/fmb_colmap_official_v1/episode2_side_1_causal/images/000084.png,.png,96586
runs/fmb_colmap_official_v1/episode2_side_1_causal/images/000085.png,.png,96512
runs/fmb_colmap_official_v1/episode2_side_1_causal/images/000086.png,.png,96462
runs/fmb_colmap_official_v1/episode2_side_1_causal/images/000087.png,.png,96465
runs/fmb_colmap_official_v1/episode2_side_1_causal/images/000088.png,.png,96349
runs/fmb_colmap_official_v1/episode2_side_1_causal/images/000089.png,.png,96257
runs/fmb_colmap_official_v1/episode2_side_1_causal/images/000090.png,.png,96332
runs/fmb_colmap_official_v1/episode2_side_1_causal/images/000091.png,.png,96091
runs/fmb_colmap_official_v1/episode2_side_1_causal/images/000092.png,.png,96005
runs/fmb_colmap_official_v1/episode2_side_1_causal/images/000093.png,.png,95999
runs/fmb_colmap_official_v1/episode2_side_1_causal/images/000094.png,.png,95984
runs/fmb_colmap_official_v1/episode2_side_1_causal/images/000095.png,.png,95840
runs/fmb_colmap_official_v1/episode2_side_1_causal/images/000096.png,.png,95876
runs/fmb_colmap_official_v1/episode2_side_1_causal/images/000097.png,.png,95591
runs/fmb_colmap_official_v1/episode2_side_1_causal/images/000098.png,.png,95486
runs/fmb_colmap_official_v1/episode2_side_1_causal/images/000099.png,.png,94958
runs/fmb_colmap_official_v1/episode2_side_1_causal/images/000100.png,.png,94752
runs/fmb_colmap_official_v1/episode2_side_1_causal/images/000101.png,.png,95066
runs/fmb_colmap_official_v1/episode2_side_1_causal/images/000102.png,.png,94296
runs/fmb_colmap_official_v1/episode2_side_1_causal/images/000103.png,.png,94051
runs/fmb_colmap_official_v1/episode2_side_1_causal/images/000104.png,.png,93783
runs/fmb_colmap_official_v1/episode2_side_1_causal/images/000105.png,.png,93082
runs/fmb_colmap_official_v1/episode2_side_1_causal/images/000106.png,.png,94219
runs/fmb_colmap_official_v1/episode2_side_1_causal/images/000107.png,.png,95192
runs/fmb_colmap_official_v1/episode2_side_1_causal/images/000108.png,.png,94937
runs/fmb_colmap_official_v1/episode2_side_1_causal/images/000109.png,.png,95063
runs/fmb_colmap_official_v1/episode2_side_1_causal/images/000110.png,.png,94880
runs/fmb_colmap_official_v1/episode2_side_1_causal/images/000111.png,.png,94921
runs/fmb_colmap_official_v1/episode2_side_1_causal/images/000112.png,.png,94780
runs/fmb_colmap_official_v1/episode2_side_1_causal/images/000113.png,.png,94697
runs/fmb_colmap_official_v1/episode2_side_1_causal/images/000114.png,.png,94848
runs/fmb_colmap_official_v1/episode2_side_1_causal/images/000115.png,.png,94935
runs/fmb_colmap_official_v1/episode2_side_1_causal/images/000116.png,.png,94819
runs/fmb_colmap_official_v1/episode2_side_1_causal/images/000117.png,.png,95112
runs/fmb_colmap_official_v1/episode2_side_1_causal/images/000118.png,.png,95492
runs/fmb_colmap_official_v1/episode2_side_1_causal/images/000119.png,.png,96010
runs/fmb_colmap_official_v1/episode2_side_1_causal/images/000120.png,.png,96123
runs/fmb_colmap_official_v1/episode2_side_1_causal/images/000121.png,.png,96153
runs/fmb_colmap_official_v1/episode2_side_1_causal/images/000122.png,.png,96674
runs/fmb_colmap_official_v1/episode2_side_1_causal/images/000123.png,.png,96956
runs/fmb_colmap_official_v1/episode2_side_1_causal/images/000124.png,.png,97119
runs/fmb_colmap_official_v1/episode2_side_1_causal/images/000125.png,.png,97901
runs/fmb_colmap_official_v1/episode2_side_1_causal/images/000126.png,.png,98231
runs/fmb_colmap_official_v1/episode2_side_1_causal/match_graph.json,.json,1102
runs/fmb_colmap_official_v1/episode2_side_1_causal/match_images.csv,.csv,2244
runs/fmb_colmap_official_v1/episode2_side_1_causal/match_pairs.csv,.csv,28170
runs/fmb_colmap_official_v1/episode2_side_1_causal/sparse/0/cameras.bin,.bin,64
runs/fmb_colmap_official_v1/episode2_side_1_causal/sparse/0/frames.bin,.bin,10676
runs/fmb_colmap_official_v1/episode2_side_1_causal/sparse/0/images.bin,.bin,643813
runs/fmb_colmap_official_v1/episode2_side_1_causal/sparse/0/points3D.bin,.bin,48319
runs/fmb_colmap_official_v1/episode2_side_1_causal/sparse/0/rigs.bin,.bin,24
runs/fmb_colmap_official_v1/episode2_side_1_causal/sparse/project.ini,.ini,12009
runs/fmb_colmap_official_v1/episode2_side_1_causal/sparse_txt/0/cameras.txt,.txt,194
runs/fmb_colmap_official_v1/episode2_side_1_causal/sparse_txt/0/converter.log,.log,0
runs/fmb_colmap_official_v1/episode2_side_1_causal/sparse_txt/0/converter_stdout.log,.log,0
runs/fmb_colmap_official_v1/episode2_side_1_causal/sparse_txt/0/frames.txt,.txt,21524
runs/fmb_colmap_official_v1/episode2_side_1_causal/sparse_txt/0/images.txt,.txt,1104009
runs/fmb_colmap_official_v1/episode2_side_1_causal/sparse_txt/0/points3D.txt,.txt,42690
runs/fmb_colmap_official_v1/episode2_side_1_causal/sparse_txt/0/rigs.txt,.txt,222
runs/fmb_colmap_official_v1/episode2_side_1_causal/sparse_txt/0/trajectory.csv,.csv,8246
runs/fmb_colmap_official_v1/episode2_side_1_causal/summary.json,.json,137984
runs/fmb_colmap_official_v1/episode2_side_1_causal/verified_pair_displacements.csv,.csv,60727
runs/fmb_colmap_official_v1/episode2_side_1_full/colmap.log,.log,878638
runs/fmb_colmap_official_v1/episode2_side_1_full/colmap_stdout.log,.log,0
runs/fmb_colmap_official_v1/episode2_side_1_full/database.db,.db,9433088
runs/fmb_colmap_official_v1/episode2_side_1_full/database.db-shm,.db-shm,32768
runs/fmb_colmap_official_v1/episode2_side_1_full/database.db-wal,.db-wal,0
runs/fmb_colmap_official_v1/episode2_side_1_full/execution.json,.json,2917
runs/fmb_colmap_official_v1/episode2_side_1_full/images/000000.png,.png,97581
runs/fmb_colmap_official_v1/episode2_side_1_full/images/000001.png,.png,97434
runs/fmb_colmap_official_v1/episode2_side_1_full/images/000002.png,.png,97489
runs/fmb_colmap_official_v1/episode2_side_1_full/images/000003.png,.png,97573
runs/fmb_colmap_official_v1/episode2_side_1_full/images/000004.png,.png,97523
runs/fmb_colmap_official_v1/episode2_side_1_full/images/000005.png,.png,97498
runs/fmb_colmap_official_v1/episode2_side_1_full/images/000006.png,.png,97430
runs/fmb_colmap_official_v1/episode2_side_1_full/images/000007.png,.png,97483
runs/fmb_colmap_official_v1/episode2_side_1_full/images/000008.png,.png,97597
runs/fmb_colmap_official_v1/episode2_side_1_full/images/000009.png,.png,97609
runs/fmb_colmap_official_v1/episode2_side_1_full/images/000010.png,.png,98007
runs/fmb_colmap_official_v1/episode2_side_1_full/images/000011.png,.png,97943
runs/fmb_colmap_official_v1/episode2_side_1_full/images/000012.png,.png,98015
runs/fmb_colmap_official_v1/episode2_side_1_full/images/000013.png,.png,98021
runs/fmb_colmap_official_v1/episode2_side_1_full/images/000014.png,.png,97960
runs/fmb_colmap_official_v1/episode2_side_1_full/images/000015.png,.png,98104
runs/fmb_colmap_official_v1/episode2_side_1_full/images/000016.png,.png,98008
runs/fmb_colmap_official_v1/episode2_side_1_full/images/000017.png,.png,98246
runs/fmb_colmap_official_v1/episode2_side_1_full/images/000018.png,.png,98195
runs/fmb_colmap_official_v1/episode2_side_1_full/images/000019.png,.png,98186
runs/fmb_colmap_official_v1/episode2_side_1_full/images/000020.png,.png,98230
runs/fmb_colmap_official_v1/episode2_side_1_full/images/000021.png,.png,98226
runs/fmb_colmap_official_v1/episode2_side_1_full/images/000022.png,.png,98224
runs/fmb_colmap_official_v1/episode2_side_1_full/images/000023.png,.png,98136
runs/fmb_colmap_official_v1/episode2_side_1_full/images/000024.png,.png,98120
runs/fmb_colmap_official_v1/episode2_side_1_full/images/000025.png,.png,97913
runs/fmb_colmap_official_v1/episode2_side_1_full/images/000026.png,.png,98085
runs/fmb_colmap_official_v1/episode2_side_1_full/images/000027.png,.png,98240
runs/fmb_colmap_official_v1/episode2_side_1_full/images/000028.png,.png,98076
runs/fmb_colmap_official_v1/episode2_side_1_full/images/000029.png,.png,98240
runs/fmb_colmap_official_v1/episode2_side_1_full/images/000030.png,.png,98177
runs/fmb_colmap_official_v1/episode2_side_1_full/images/000031.png,.png,98037
runs/fmb_colmap_official_v1/episode2_side_1_full/images/000032.png,.png,98161
runs/fmb_colmap_official_v1/episode2_side_1_full/images/000033.png,.png,98260
runs/fmb_colmap_official_v1/episode2_side_1_full/images/000034.png,.png,98225
runs/fmb_colmap_official_v1/episode2_side_1_full/images/000035.png,.png,98118
runs/fmb_colmap_official_v1/episode2_side_1_full/images/000036.png,.png,98153
runs/fmb_colmap_official_v1/episode2_side_1_full/images/000037.png,.png,98060
runs/fmb_colmap_official_v1/episode2_side_1_full/images/000038.png,.png,98217
runs/fmb_colmap_official_v1/episode2_side_1_full/images/000039.png,.png,98001
runs/fmb_colmap_official_v1/episode2_side_1_full/images/000040.png,.png,98073
runs/fmb_colmap_official_v1/episode2_side_1_full/images/000041.png,.png,98094
runs/fmb_colmap_official_v1/episode2_side_1_full/images/000042.png,.png,98136
runs/fmb_colmap_official_v1/episode2_side_1_full/images/000043.png,.png,98175
runs/fmb_colmap_official_v1/episode2_side_1_full/images/000044.png,.png,98197
runs/fmb_colmap_official_v1/episode2_side_1_full/images/000045.png,.png,98247
runs/fmb_colmap_official_v1/episode2_side_1_full/images/000046.png,.png,98045
runs/fmb_colmap_official_v1/episode2_side_1_full/images/000047.png,.png,97959
runs/fmb_colmap_official_v1/episode2_side_1_full/images/000048.png,.png,97983
runs/fmb_colmap_official_v1/episode2_side_1_full/images/000049.png,.png,98211
runs/fmb_colmap_official_v1/episode2_side_1_full/images/000050.png,.png,98018
runs/fmb_colmap_official_v1/episode2_side_1_full/images/000051.png,.png,98288
runs/fmb_colmap_official_v1/episode2_side_1_full/images/000052.png,.png,98162
runs/fmb_colmap_official_v1/episode2_side_1_full/images/000053.png,.png,98010
runs/fmb_colmap_official_v1/episode2_side_1_full/images/000054.png,.png,98022
runs/fmb_colmap_official_v1/episode2_side_1_full/images/000055.png,.png,98116
runs/fmb_colmap_official_v1/episode2_side_1_full/images/000056.png,.png,98054
runs/fmb_colmap_official_v1/episode2_side_1_full/images/000057.png,.png,98001
runs/fmb_colmap_official_v1/episode2_side_1_full/images/000058.png,.png,98021
runs/fmb_colmap_official_v1/episode2_side_1_full/images/000059.png,.png,97975
runs/fmb_colmap_official_v1/episode2_side_1_full/images/000060.png,.png,97996
runs/fmb_colmap_official_v1/episode2_side_1_full/images/000061.png,.png,98140
runs/fmb_colmap_official_v1/episode2_side_1_full/images/000062.png,.png,98038
runs/fmb_colmap_official_v1/episode2_side_1_full/images/000063.png,.png,98179
runs/fmb_colmap_official_v1/episode2_side_1_full/images/000064.png,.png,98107
runs/fmb_colmap_official_v1/episode2_side_1_full/images/000065.png,.png,98225
runs/fmb_colmap_official_v1/episode2_side_1_full/images/000066.png,.png,98003
runs/fmb_colmap_official_v1/episode2_side_1_full/images/000067.png,.png,98105
runs/fmb_colmap_official_v1/episode2_side_1_full/images/000068.png,.png,98189
runs/fmb_colmap_official_v1/episode2_side_1_full/images/000069.png,.png,97936
runs/fmb_colmap_official_v1/episode2_side_1_full/images/000070.png,.png,98090
runs/fmb_colmap_official_v1/episode2_side_1_full/images/000071.png,.png,97889
runs/fmb_colmap_official_v1/episode2_side_1_full/images/000072.png,.png,97854
runs/fmb_colmap_official_v1/episode2_side_1_full/images/000073.png,.png,97590
runs/fmb_colmap_official_v1/episode2_side_1_full/images/000074.png,.png,97377
runs/fmb_colmap_official_v1/episode2_side_1_full/images/000075.png,.png,97345
runs/fmb_colmap_official_v1/episode2_side_1_full/images/000076.png,.png,97265
runs/fmb_colmap_official_v1/episode2_side_1_full/images/000077.png,.png,97221
runs/fmb_colmap_official_v1/episode2_side_1_full/images/000078.png,.png,97138
runs/fmb_colmap_official_v1/episode2_side_1_full/images/000079.png,.png,96933
runs/fmb_colmap_official_v1/episode2_side_1_full/images/000080.png,.png,96815
runs/fmb_colmap_official_v1/episode2_side_1_full/images/000081.png,.png,96948
runs/fmb_colmap_official_v1/episode2_side_1_full/images/000082.png,.png,96624
runs/fmb_colmap_official_v1/episode2_side_1_full/images/000083.png,.png,96763
runs/fmb_colmap_official_v1/episode2_side_1_full/images/000084.png,.png,96586
runs/fmb_colmap_official_v1/episode2_side_1_full/images/000085.png,.png,96512
runs/fmb_colmap_official_v1/episode2_side_1_full/images/000086.png,.png,96462
runs/fmb_colmap_official_v1/episode2_side_1_full/images/000087.png,.png,96465
runs/fmb_colmap_official_v1/episode2_side_1_full/images/000088.png,.png,96349
runs/fmb_colmap_official_v1/episode2_side_1_full/images/000089.png,.png,96257
runs/fmb_colmap_official_v1/episode2_side_1_full/images/000090.png,.png,96332
runs/fmb_colmap_official_v1/episode2_side_1_full/images/000091.png,.png,96091
runs/fmb_colmap_official_v1/episode2_side_1_full/images/000092.png,.png,96005
runs/fmb_colmap_official_v1/episode2_side_1_full/images/000093.png,.png,95999
runs/fmb_colmap_official_v1/episode2_side_1_full/images/000094.png,.png,95984
runs/fmb_colmap_official_v1/episode2_side_1_full/images/000095.png,.png,95840
runs/fmb_colmap_official_v1/episode2_side_1_full/images/000096.png,.png,95876
runs/fmb_colmap_official_v1/episode2_side_1_full/images/000097.png,.png,95591
runs/fmb_colmap_official_v1/episode2_side_1_full/images/000098.png,.png,95486
runs/fmb_colmap_official_v1/episode2_side_1_full/images/000099.png,.png,94958
runs/fmb_colmap_official_v1/episode2_side_1_full/images/000100.png,.png,94752
runs/fmb_colmap_official_v1/episode2_side_1_full/images/000101.png,.png,95066
runs/fmb_colmap_official_v1/episode2_side_1_full/images/000102.png,.png,94296
runs/fmb_colmap_official_v1/episode2_side_1_full/images/000103.png,.png,94051
runs/fmb_colmap_official_v1/episode2_side_1_full/images/000104.png,.png,93783
runs/fmb_colmap_official_v1/episode2_side_1_full/images/000105.png,.png,93082
runs/fmb_colmap_official_v1/episode2_side_1_full/images/000106.png,.png,94219
runs/fmb_colmap_official_v1/episode2_side_1_full/images/000107.png,.png,95192
runs/fmb_colmap_official_v1/episode2_side_1_full/images/000108.png,.png,94937
runs/fmb_colmap_official_v1/episode2_side_1_full/images/000109.png,.png,95063
runs/fmb_colmap_official_v1/episode2_side_1_full/images/000110.png,.png,94880
runs/fmb_colmap_official_v1/episode2_side_1_full/images/000111.png,.png,94921
runs/fmb_colmap_official_v1/episode2_side_1_full/images/000112.png,.png,94780
runs/fmb_colmap_official_v1/episode2_side_1_full/images/000113.png,.png,94697
runs/fmb_colmap_official_v1/episode2_side_1_full/images/000114.png,.png,94848
runs/fmb_colmap_official_v1/episode2_side_1_full/images/000115.png,.png,94935
runs/fmb_colmap_official_v1/episode2_side_1_full/images/000116.png,.png,94819
runs/fmb_colmap_official_v1/episode2_side_1_full/images/000117.png,.png,95112
runs/fmb_colmap_official_v1/episode2_side_1_full/images/000118.png,.png,95492
runs/fmb_colmap_official_v1/episode2_side_1_full/images/000119.png,.png,96010
runs/fmb_colmap_official_v1/episode2_side_1_full/images/000120.png,.png,96123
runs/fmb_colmap_official_v1/episode2_side_1_full/images/000121.png,.png,96153
runs/fmb_colmap_official_v1/episode2_side_1_full/images/000122.png,.png,96674
runs/fmb_colmap_official_v1/episode2_side_1_full/images/000123.png,.png,96956
runs/fmb_colmap_official_v1/episode2_side_1_full/images/000124.png,.png,97119
runs/fmb_colmap_official_v1/episode2_side_1_full/images/000125.png,.png,97901
runs/fmb_colmap_official_v1/episode2_side_1_full/images/000126.png,.png,98231
runs/fmb_colmap_official_v1/episode2_side_1_full/images/000127.png,.png,98639
runs/fmb_colmap_official_v1/episode2_side_1_full/images/000128.png,.png,99039
runs/fmb_colmap_official_v1/episode2_side_1_full/images/000129.png,.png,99005
runs/fmb_colmap_official_v1/episode2_side_1_full/images/000130.png,.png,99149
runs/fmb_colmap_official_v1/episode2_side_1_full/images/000131.png,.png,99003
runs/fmb_colmap_official_v1/episode2_side_1_full/images/000132.png,.png,99018
runs/fmb_colmap_official_v1/episode2_side_1_full/images/000133.png,.png,97184
runs/fmb_colmap_official_v1/episode2_side_1_full/images/000134.png,.png,94390
runs/fmb_colmap_official_v1/episode2_side_1_full/images/000135.png,.png,94170
runs/fmb_colmap_official_v1/episode2_side_1_full/images/000136.png,.png,93383
runs/fmb_colmap_official_v1/episode2_side_1_full/images/000137.png,.png,92053
runs/fmb_colmap_official_v1/episode2_side_1_full/images/000138.png,.png,91409
runs/fmb_colmap_official_v1/episode2_side_1_full/images/000139.png,.png,90527
runs/fmb_colmap_official_v1/episode2_side_1_full/images/000140.png,.png,89524
runs/fmb_colmap_official_v1/episode2_side_1_full/images/000141.png,.png,88957
runs/fmb_colmap_official_v1/episode2_side_1_full/images/000142.png,.png,88151
runs/fmb_colmap_official_v1/episode2_side_1_full/images/000143.png,.png,87663
runs/fmb_colmap_official_v1/episode2_side_1_full/images/000144.png,.png,87365
runs/fmb_colmap_official_v1/episode2_side_1_full/images/000145.png,.png,87404
runs/fmb_colmap_official_v1/episode2_side_1_full/images/000146.png,.png,88272
runs/fmb_colmap_official_v1/episode2_side_1_full/images/000147.png,.png,89078
runs/fmb_colmap_official_v1/episode2_side_1_full/match_graph.json,.json,1180
runs/fmb_colmap_official_v1/episode2_side_1_full/match_images.csv,.csv,2616
runs/fmb_colmap_official_v1/episode2_side_1_full/match_pairs.csv,.csv,33987
runs/fmb_colmap_official_v1/episode2_side_1_full/sparse/0/cameras.bin,.bin,64
runs/fmb_colmap_official_v1/episode2_side_1_full/sparse/0/frames.bin,.bin,848
runs/fmb_colmap_official_v1/episode2_side_1_full/sparse/0/images.bin,.bin,47782
runs/fmb_colmap_official_v1/episode2_side_1_full/sparse/0/points3D.bin,.bin,19336
runs/fmb_colmap_official_v1/episode2_side_1_full/sparse/0/rigs.bin,.bin,24
runs/fmb_colmap_official_v1/episode2_side_1_full/sparse/1/cameras.bin,.bin,64
runs/fmb_colmap_official_v1/episode2_side_1_full/sparse/1/frames.bin,.bin,848
runs/fmb_colmap_official_v1/episode2_side_1_full/sparse/1/images.bin,.bin,44470
runs/fmb_colmap_official_v1/episode2_side_1_full/sparse/1/points3D.bin,.bin,15601
runs/fmb_colmap_official_v1/episode2_side_1_full/sparse/1/rigs.bin,.bin,24
runs/fmb_colmap_official_v1/episode2_side_1_full/sparse/2/cameras.bin,.bin,64
runs/fmb_colmap_official_v1/episode2_side_1_full/sparse/2/frames.bin,.bin,344
runs/fmb_colmap_official_v1/episode2_side_1_full/sparse/2/images.bin,.bin,15100
runs/fmb_colmap_official_v1/episode2_side_1_full/sparse/2/points3D.bin,.bin,10504
runs/fmb_colmap_official_v1/episode2_side_1_full/sparse/2/rigs.bin,.bin,24
runs/fmb_colmap_official_v1/episode2_side_1_full/sparse/3/cameras.bin,.bin,64
runs/fmb_colmap_official_v1/episode2_side_1_full/sparse/3/frames.bin,.bin,932
runs/fmb_colmap_official_v1/episode2_side_1_full/sparse/3/images.bin,.bin,50241
runs/fmb_colmap_official_v1/episode2_side_1_full/sparse/3/points3D.bin,.bin,11799
runs/fmb_colmap_official_v1/episode2_side_1_full/sparse/3/rigs.bin,.bin,24
runs/fmb_colmap_official_v1/episode2_side_1_full/sparse/project.ini,.ini,12005
runs/fmb_colmap_official_v1/episode2_side_1_full/sparse_txt/0/cameras.txt,.txt,192
runs/fmb_colmap_official_v1/episode2_side_1_full/sparse_txt/0/converter.log,.log,0
runs/fmb_colmap_official_v1/episode2_side_1_full/sparse_txt/0/converter_stdout.log,.log,0
runs/fmb_colmap_official_v1/episode2_side_1_full/sparse_txt/0/frames.txt,.txt,1871
runs/fmb_colmap_official_v1/episode2_side_1_full/sparse_txt/0/images.txt,.txt,81728
runs/fmb_colmap_official_v1/episode2_side_1_full/sparse_txt/0/points3D.txt,.txt,25421
runs/fmb_colmap_official_v1/episode2_side_1_full/sparse_txt/0/rigs.txt,.txt,222
runs/fmb_colmap_official_v1/episode2_side_1_full/sparse_txt/0/trajectory.csv,.csv,663
runs/fmb_colmap_official_v1/episode2_side_1_full/sparse_txt/1/cameras.txt,.txt,192
runs/fmb_colmap_official_v1/episode2_side_1_full/sparse_txt/1/converter.log,.log,0
runs/fmb_colmap_official_v1/episode2_side_1_full/sparse_txt/1/converter_stdout.log,.log,0
runs/fmb_colmap_official_v1/episode2_side_1_full/sparse_txt/1/frames.txt,.txt,1873
runs/fmb_colmap_official_v1/episode2_side_1_full/sparse_txt/1/images.txt,.txt,75774
runs/fmb_colmap_official_v1/episode2_side_1_full/sparse_txt/1/points3D.txt,.txt,20965
runs/fmb_colmap_official_v1/episode2_side_1_full/sparse_txt/1/rigs.txt,.txt,222
runs/fmb_colmap_official_v1/episode2_side_1_full/sparse_txt/1/trajectory.csv,.csv,654
runs/fmb_colmap_official_v1/episode2_side_1_full/sparse_txt/2/cameras.txt,.txt,192
runs/fmb_colmap_official_v1/episode2_side_1_full/sparse_txt/2/converter.log,.log,0
runs/fmb_colmap_official_v1/episode2_side_1_full/sparse_txt/2/converter_stdout.log,.log,0
runs/fmb_colmap_official_v1/episode2_side_1_full/sparse_txt/2/frames.txt,.txt,869
runs/fmb_colmap_official_v1/episode2_side_1_full/sparse_txt/2/images.txt,.txt,25885
runs/fmb_colmap_official_v1/episode2_side_1_full/sparse_txt/2/points3D.txt,.txt,15940
runs/fmb_colmap_official_v1/episode2_side_1_full/sparse_txt/2/rigs.txt,.txt,222
runs/fmb_colmap_official_v1/episode2_side_1_full/sparse_txt/2/trajectory.csv,.csv,286
runs/fmb_colmap_official_v1/episode2_side_1_full/sparse_txt/3/cameras.txt,.txt,192
runs/fmb_colmap_official_v1/episode2_side_1_full/sparse_txt/3/converter.log,.log,0
runs/fmb_colmap_official_v1/episode2_side_1_full/sparse_txt/3/converter_stdout.log,.log,0
runs/fmb_colmap_official_v1/episode2_side_1_full/sparse_txt/3/frames.txt,.txt,2043
runs/fmb_colmap_official_v1/episode2_side_1_full/sparse_txt/3/images.txt,.txt,85479
runs/fmb_colmap_official_v1/episode2_side_1_full/sparse_txt/3/points3D.txt,.txt,15202
runs/fmb_colmap_official_v1/episode2_side_1_full/sparse_txt/3/rigs.txt,.txt,222
runs/fmb_colmap_official_v1/episode2_side_1_full/sparse_txt/3/trajectory.csv,.csv,715
runs/fmb_colmap_official_v1/episode2_side_1_full/summary.json,.json,54590
runs/fmb_colmap_official_v1/episode2_side_1_full/verified_pair_displacements.csv,.csv,71417
runs/fmb_colmap_official_v1/episode2_wrist_1_causal/colmap.log,.log,431756
runs/fmb_colmap_official_v1/episode2_wrist_1_causal/colmap_stdout.log,.log,0
runs/fmb_colmap_official_v1/episode2_wrist_1_causal/database.db,.db,3997696
runs/fmb_colmap_official_v1/episode2_wrist_1_causal/database.db-shm,.db-shm,32768
runs/fmb_colmap_official_v1/episode2_wrist_1_causal/database.db-wal,.db-wal,0
runs/fmb_colmap_official_v1/episode2_wrist_1_causal/execution.json,.json,2923
runs/fmb_colmap_official_v1/episode2_wrist_1_causal/images/000000.png,.png,91449
runs/fmb_colmap_official_v1/episode2_wrist_1_causal/images/000001.png,.png,89671
runs/fmb_colmap_official_v1/episode2_wrist_1_causal/images/000002.png,.png,87675
runs/fmb_colmap_official_v1/episode2_wrist_1_causal/images/000003.png,.png,88831
runs/fmb_colmap_official_v1/episode2_wrist_1_causal/images/000004.png,.png,88082
runs/fmb_colmap_official_v1/episode2_wrist_1_causal/images/000005.png,.png,86839
runs/fmb_colmap_official_v1/episode2_wrist_1_causal/images/000006.png,.png,86951
runs/fmb_colmap_official_v1/episode2_wrist_1_causal/images/000007.png,.png,86492
runs/fmb_colmap_official_v1/episode2_wrist_1_causal/images/000008.png,.png,87261
runs/fmb_colmap_official_v1/episode2_wrist_1_causal/images/000009.png,.png,86454
runs/fmb_colmap_official_v1/episode2_wrist_1_causal/images/000010.png,.png,86260
runs/fmb_colmap_official_v1/episode2_wrist_1_causal/images/000011.png,.png,85211
runs/fmb_colmap_official_v1/episode2_wrist_1_causal/images/000012.png,.png,85292
runs/fmb_colmap_official_v1/episode2_wrist_1_causal/images/000013.png,.png,85653
runs/fmb_colmap_official_v1/episode2_wrist_1_causal/images/000014.png,.png,85916
runs/fmb_colmap_official_v1/episode2_wrist_1_causal/images/000015.png,.png,86301
runs/fmb_colmap_official_v1/episode2_wrist_1_causal/images/000016.png,.png,86807
runs/fmb_colmap_official_v1/episode2_wrist_1_causal/images/000017.png,.png,89075
runs/fmb_colmap_official_v1/episode2_wrist_1_causal/images/000018.png,.png,89113
runs/fmb_colmap_official_v1/episode2_wrist_1_causal/images/000019.png,.png,89662
runs/fmb_colmap_official_v1/episode2_wrist_1_causal/images/000020.png,.png,90780
runs/fmb_colmap_official_v1/episode2_wrist_1_causal/images/000021.png,.png,90546
runs/fmb_colmap_official_v1/episode2_wrist_1_causal/images/000022.png,.png,91458
runs/fmb_colmap_official_v1/episode2_wrist_1_causal/images/000023.png,.png,91112
runs/fmb_colmap_official_v1/episode2_wrist_1_causal/images/000024.png,.png,91045
runs/fmb_colmap_official_v1/episode2_wrist_1_causal/images/000025.png,.png,90995
runs/fmb_colmap_official_v1/episode2_wrist_1_causal/images/000026.png,.png,90962
runs/fmb_colmap_official_v1/episode2_wrist_1_causal/images/000027.png,.png,90216
runs/fmb_colmap_official_v1/episode2_wrist_1_causal/images/000028.png,.png,90208
runs/fmb_colmap_official_v1/episode2_wrist_1_causal/images/000029.png,.png,90447
runs/fmb_colmap_official_v1/episode2_wrist_1_causal/images/000030.png,.png,89626
runs/fmb_colmap_official_v1/episode2_wrist_1_causal/images/000031.png,.png,89217
runs/fmb_colmap_official_v1/episode2_wrist_1_causal/images/000032.png,.png,90391
runs/fmb_colmap_official_v1/episode2_wrist_1_causal/images/000033.png,.png,90609
runs/fmb_colmap_official_v1/episode2_wrist_1_causal/images/000034.png,.png,90747
runs/fmb_colmap_official_v1/episode2_wrist_1_causal/images/000035.png,.png,89385
runs/fmb_colmap_official_v1/episode2_wrist_1_causal/images/000036.png,.png,90085
runs/fmb_colmap_official_v1/episode2_wrist_1_causal/images/000037.png,.png,91160
runs/fmb_colmap_official_v1/episode2_wrist_1_causal/images/000038.png,.png,91136
runs/fmb_colmap_official_v1/episode2_wrist_1_causal/images/000039.png,.png,91204
runs/fmb_colmap_official_v1/episode2_wrist_1_causal/images/000040.png,.png,91223
runs/fmb_colmap_official_v1/episode2_wrist_1_causal/images/000041.png,.png,91204
runs/fmb_colmap_official_v1/episode2_wrist_1_causal/images/000042.png,.png,91125
runs/fmb_colmap_official_v1/episode2_wrist_1_causal/images/000043.png,.png,91227
runs/fmb_colmap_official_v1/episode2_wrist_1_causal/images/000044.png,.png,91206
runs/fmb_colmap_official_v1/episode2_wrist_1_causal/images/000045.png,.png,91405
runs/fmb_colmap_official_v1/episode2_wrist_1_causal/images/000046.png,.png,91269
runs/fmb_colmap_official_v1/episode2_wrist_1_causal/images/000047.png,.png,91228
runs/fmb_colmap_official_v1/episode2_wrist_1_causal/images/000048.png,.png,91251
runs/fmb_colmap_official_v1/episode2_wrist_1_causal/images/000049.png,.png,91009
runs/fmb_colmap_official_v1/episode2_wrist_1_causal/images/000050.png,.png,91233
runs/fmb_colmap_official_v1/episode2_wrist_1_causal/images/000051.png,.png,91078
runs/fmb_colmap_official_v1/episode2_wrist_1_causal/images/000052.png,.png,91095
runs/fmb_colmap_official_v1/episode2_wrist_1_causal/images/000053.png,.png,91335
runs/fmb_colmap_official_v1/episode2_wrist_1_causal/images/000054.png,.png,91209
runs/fmb_colmap_official_v1/episode2_wrist_1_causal/images/000055.png,.png,91199
runs/fmb_colmap_official_v1/episode2_wrist_1_causal/images/000056.png,.png,90946
runs/fmb_colmap_official_v1/episode2_wrist_1_causal/images/000057.png,.png,91105
runs/fmb_colmap_official_v1/episode2_wrist_1_causal/images/000058.png,.png,91029
runs/fmb_colmap_official_v1/episode2_wrist_1_causal/images/000059.png,.png,91159
runs/fmb_colmap_official_v1/episode2_wrist_1_causal/images/000060.png,.png,91156
runs/fmb_colmap_official_v1/episode2_wrist_1_causal/images/000061.png,.png,91127
runs/fmb_colmap_official_v1/episode2_wrist_1_causal/images/000062.png,.png,91232
runs/fmb_colmap_official_v1/episode2_wrist_1_causal/images/000063.png,.png,91410
runs/fmb_colmap_official_v1/episode2_wrist_1_causal/images/000064.png,.png,91162
runs/fmb_colmap_official_v1/episode2_wrist_1_causal/images/000065.png,.png,91034
runs/fmb_colmap_official_v1/episode2_wrist_1_causal/images/000066.png,.png,91044
runs/fmb_colmap_official_v1/episode2_wrist_1_causal/images/000067.png,.png,87968
runs/fmb_colmap_official_v1/episode2_wrist_1_causal/images/000068.png,.png,87085
runs/fmb_colmap_official_v1/episode2_wrist_1_causal/images/000069.png,.png,86362
runs/fmb_colmap_official_v1/episode2_wrist_1_causal/images/000070.png,.png,85667
runs/fmb_colmap_official_v1/episode2_wrist_1_causal/images/000071.png,.png,85501
runs/fmb_colmap_official_v1/episode2_wrist_1_causal/images/000072.png,.png,85160
runs/fmb_colmap_official_v1/episode2_wrist_1_causal/images/000073.png,.png,84804
runs/fmb_colmap_official_v1/episode2_wrist_1_causal/images/000074.png,.png,84142
runs/fmb_colmap_official_v1/episode2_wrist_1_causal/images/000075.png,.png,84492
runs/fmb_colmap_official_v1/episode2_wrist_1_causal/images/000076.png,.png,84061
runs/fmb_colmap_official_v1/episode2_wrist_1_causal/images/000077.png,.png,84371
runs/fmb_colmap_official_v1/episode2_wrist_1_causal/images/000078.png,.png,84263
runs/fmb_colmap_official_v1/episode2_wrist_1_causal/images/000079.png,.png,84591
runs/fmb_colmap_official_v1/episode2_wrist_1_causal/images/000080.png,.png,84554
runs/fmb_colmap_official_v1/episode2_wrist_1_causal/images/000081.png,.png,84554
runs/fmb_colmap_official_v1/episode2_wrist_1_causal/images/000082.png,.png,84808
runs/fmb_colmap_official_v1/episode2_wrist_1_causal/images/000083.png,.png,84694
runs/fmb_colmap_official_v1/episode2_wrist_1_causal/images/000084.png,.png,85006
runs/fmb_colmap_official_v1/episode2_wrist_1_causal/images/000085.png,.png,84711
runs/fmb_colmap_official_v1/episode2_wrist_1_causal/images/000086.png,.png,84717
runs/fmb_colmap_official_v1/episode2_wrist_1_causal/images/000087.png,.png,84679
runs/fmb_colmap_official_v1/episode2_wrist_1_causal/images/000088.png,.png,84483
runs/fmb_colmap_official_v1/episode2_wrist_1_causal/images/000089.png,.png,84591
runs/fmb_colmap_official_v1/episode2_wrist_1_causal/images/000090.png,.png,84713
runs/fmb_colmap_official_v1/episode2_wrist_1_causal/images/000091.png,.png,84581
runs/fmb_colmap_official_v1/episode2_wrist_1_causal/images/000092.png,.png,84723
runs/fmb_colmap_official_v1/episode2_wrist_1_causal/images/000093.png,.png,85774
runs/fmb_colmap_official_v1/episode2_wrist_1_causal/images/000094.png,.png,82662
runs/fmb_colmap_official_v1/episode2_wrist_1_causal/images/000095.png,.png,85347
runs/fmb_colmap_official_v1/episode2_wrist_1_causal/images/000096.png,.png,84552
runs/fmb_colmap_official_v1/episode2_wrist_1_causal/images/000097.png,.png,85015
runs/fmb_colmap_official_v1/episode2_wrist_1_causal/images/000098.png,.png,86905
runs/fmb_colmap_official_v1/episode2_wrist_1_causal/images/000099.png,.png,87290
runs/fmb_colmap_official_v1/episode2_wrist_1_causal/images/000100.png,.png,89049
runs/fmb_colmap_official_v1/episode2_wrist_1_causal/images/000101.png,.png,89284
runs/fmb_colmap_official_v1/episode2_wrist_1_causal/images/000102.png,.png,90974
runs/fmb_colmap_official_v1/episode2_wrist_1_causal/images/000103.png,.png,91389
runs/fmb_colmap_official_v1/episode2_wrist_1_causal/images/000104.png,.png,93571
runs/fmb_colmap_official_v1/episode2_wrist_1_causal/images/000105.png,.png,94170
runs/fmb_colmap_official_v1/episode2_wrist_1_causal/images/000106.png,.png,94089
runs/fmb_colmap_official_v1/episode2_wrist_1_causal/images/000107.png,.png,95129
runs/fmb_colmap_official_v1/episode2_wrist_1_causal/images/000108.png,.png,95175
runs/fmb_colmap_official_v1/episode2_wrist_1_causal/images/000109.png,.png,94800
runs/fmb_colmap_official_v1/episode2_wrist_1_causal/images/000110.png,.png,94110
runs/fmb_colmap_official_v1/episode2_wrist_1_causal/images/000111.png,.png,94422
runs/fmb_colmap_official_v1/episode2_wrist_1_causal/images/000112.png,.png,94530
runs/fmb_colmap_official_v1/episode2_wrist_1_causal/images/000113.png,.png,94151
runs/fmb_colmap_official_v1/episode2_wrist_1_causal/images/000114.png,.png,94305
runs/fmb_colmap_official_v1/episode2_wrist_1_causal/images/000115.png,.png,93972
runs/fmb_colmap_official_v1/episode2_wrist_1_causal/images/000116.png,.png,93776
runs/fmb_colmap_official_v1/episode2_wrist_1_causal/images/000117.png,.png,93556
runs/fmb_colmap_official_v1/episode2_wrist_1_causal/images/000118.png,.png,93057
runs/fmb_colmap_official_v1/episode2_wrist_1_causal/images/000119.png,.png,92401
runs/fmb_colmap_official_v1/episode2_wrist_1_causal/images/000120.png,.png,91608
runs/fmb_colmap_official_v1/episode2_wrist_1_causal/images/000121.png,.png,91631
runs/fmb_colmap_official_v1/episode2_wrist_1_causal/images/000122.png,.png,91498
runs/fmb_colmap_official_v1/episode2_wrist_1_causal/images/000123.png,.png,91412
runs/fmb_colmap_official_v1/episode2_wrist_1_causal/images/000124.png,.png,91386
runs/fmb_colmap_official_v1/episode2_wrist_1_causal/images/000125.png,.png,91191
runs/fmb_colmap_official_v1/episode2_wrist_1_causal/images/000126.png,.png,90744
runs/fmb_colmap_official_v1/episode2_wrist_1_causal/match_graph.json,.json,2227
runs/fmb_colmap_official_v1/episode2_wrist_1_causal/match_images.csv,.csv,2064
runs/fmb_colmap_official_v1/episode2_wrist_1_causal/match_pairs.csv,.csv,25590
runs/fmb_colmap_official_v1/episode2_wrist_1_causal/sparse/0/cameras.bin,.bin,64
runs/fmb_colmap_official_v1/episode2_wrist_1_causal/sparse/0/frames.bin,.bin,2780
runs/fmb_colmap_official_v1/episode2_wrist_1_causal/sparse/0/images.bin,.bin,169379
runs/fmb_colmap_official_v1/episode2_wrist_1_causal/sparse/0/points3D.bin,.bin,63213
runs/fmb_colmap_official_v1/episode2_wrist_1_causal/sparse/0/rigs.bin,.bin,24
runs/fmb_colmap_official_v1/episode2_wrist_1_causal/sparse/1/cameras.bin,.bin,64
runs/fmb_colmap_official_v1/episode2_wrist_1_causal/sparse/1/frames.bin,.bin,1604
runs/fmb_colmap_official_v1/episode2_wrist_1_causal/sparse/1/images.bin,.bin,109369
runs/fmb_colmap_official_v1/episode2_wrist_1_causal/sparse/1/points3D.bin,.bin,53767
runs/fmb_colmap_official_v1/episode2_wrist_1_causal/sparse/1/rigs.bin,.bin,24
runs/fmb_colmap_official_v1/episode2_wrist_1_causal/sparse/2/cameras.bin,.bin,64
runs/fmb_colmap_official_v1/episode2_wrist_1_causal/sparse/2/frames.bin,.bin,3620
runs/fmb_colmap_official_v1/episode2_wrist_1_causal/sparse/2/images.bin,.bin,114145
runs/fmb_colmap_official_v1/episode2_wrist_1_causal/sparse/2/points3D.bin,.bin,44850
runs/fmb_colmap_official_v1/episode2_wrist_1_causal/sparse/2/rigs.bin,.bin,24
runs/fmb_colmap_official_v1/episode2_wrist_1_causal/sparse/3/cameras.bin,.bin,64
runs/fmb_colmap_official_v1/episode2_wrist_1_causal/sparse/3/frames.bin,.bin,5552
runs/fmb_colmap_official_v1/episode2_wrist_1_causal/sparse/3/images.bin,.bin,151790
runs/fmb_colmap_official_v1/episode2_wrist_1_causal/sparse/3/points3D.bin,.bin,18712
runs/fmb_colmap_official_v1/episode2_wrist_1_causal/sparse/3/rigs.bin,.bin,24
runs/fmb_colmap_official_v1/episode2_wrist_1_causal/sparse/4/cameras.bin,.bin,64
runs/fmb_colmap_official_v1/episode2_wrist_1_causal/sparse/4/frames.bin,.bin,848
runs/fmb_colmap_official_v1/episode2_wrist_1_causal/sparse/4/images.bin,.bin,35902
runs/fmb_colmap_official_v1/episode2_wrist_1_causal/sparse/4/points3D.bin,.bin,4801
runs/fmb_colmap_official_v1/episode2_wrist_1_causal/sparse/4/rigs.bin,.bin,24
runs/fmb_colmap_official_v1/episode2_wrist_1_causal/sparse/5/cameras.bin,.bin,64
runs/fmb_colmap_official_v1/episode2_wrist_1_causal/sparse/5/frames.bin,.bin,428
runs/fmb_colmap_official_v1/episode2_wrist_1_causal/sparse/5/images.bin,.bin,11943
runs/fmb_colmap_official_v1/episode2_wrist_1_causal/sparse/5/points3D.bin,.bin,1028
runs/fmb_colmap_official_v1/episode2_wrist_1_causal/sparse/5/rigs.bin,.bin,24
runs/fmb_colmap_official_v1/episode2_wrist_1_causal/sparse/6/cameras.bin,.bin,64
runs/fmb_colmap_official_v1/episode2_wrist_1_causal/sparse/6/frames.bin,.bin,932
runs/fmb_colmap_official_v1/episode2_wrist_1_causal/sparse/6/images.bin,.bin,23361
runs/fmb_colmap_official_v1/episode2_wrist_1_causal/sparse/6/points3D.bin,.bin,8
runs/fmb_colmap_official_v1/episode2_wrist_1_causal/sparse/6/rigs.bin,.bin,24
runs/fmb_colmap_official_v1/episode2_wrist_1_causal/sparse/project.ini,.ini,12011
runs/fmb_colmap_official_v1/episode2_wrist_1_causal/sparse_txt/0/cameras.txt,.txt,194
runs/fmb_colmap_official_v1/episode2_wrist_1_causal/sparse_txt/0/converter.log,.log,0
runs/fmb_colmap_official_v1/episode2_wrist_1_causal/sparse_txt/0/converter_stdout.log,.log,0
runs/fmb_colmap_official_v1/episode2_wrist_1_causal/sparse_txt/0/frames.txt,.txt,5653
runs/fmb_colmap_official_v1/episode2_wrist_1_causal/sparse_txt/0/images.txt,.txt,291417
runs/fmb_colmap_official_v1/episode2_wrist_1_causal/sparse_txt/0/points3D.txt,.txt,84917
runs/fmb_colmap_official_v1/episode2_wrist_1_causal/sparse_txt/0/rigs.txt,.txt,222
runs/fmb_colmap_official_v1/episode2_wrist_1_causal/sparse_txt/0/trajectory.csv,.csv,2079
runs/fmb_colmap_official_v1/episode2_wrist_1_causal/sparse_txt/1/cameras.txt,.txt,191
runs/fmb_colmap_official_v1/episode2_wrist_1_causal/sparse_txt/1/converter.log,.log,0
runs/fmb_colmap_official_v1/episode2_wrist_1_causal/sparse_txt/1/converter_stdout.log,.log,0
runs/fmb_colmap_official_v1/episode2_wrist_1_causal/sparse_txt/1/frames.txt,.txt,3343
runs/fmb_colmap_official_v1/episode2_wrist_1_causal/sparse_txt/1/images.txt,.txt,188743
runs/fmb_colmap_official_v1/episode2_wrist_1_causal/sparse_txt/1/points3D.txt,.txt,72034
runs/fmb_colmap_official_v1/episode2_wrist_1_causal/sparse_txt/1/rigs.txt,.txt,222
runs/fmb_colmap_official_v1/episode2_wrist_1_causal/sparse_txt/1/trajectory.csv,.csv,1227
runs/fmb_colmap_official_v1/episode2_wrist_1_causal/sparse_txt/2/cameras.txt,.txt,190
runs/fmb_colmap_official_v1/episode2_wrist_1_causal/sparse_txt/2/converter.log,.log,0
runs/fmb_colmap_official_v1/episode2_wrist_1_causal/sparse_txt/2/converter_stdout.log,.log,0
runs/fmb_colmap_official_v1/episode2_wrist_1_causal/sparse_txt/2/frames.txt,.txt,7116
runs/fmb_colmap_official_v1/episode2_wrist_1_causal/sparse_txt/2/images.txt,.txt,196108
runs/fmb_colmap_official_v1/episode2_wrist_1_causal/sparse_txt/2/points3D.txt,.txt,53146
runs/fmb_colmap_official_v1/episode2_wrist_1_causal/sparse_txt/2/rigs.txt,.txt,222
runs/fmb_colmap_official_v1/episode2_wrist_1_causal/sparse_txt/2/trajectory.csv,.csv,2616
runs/fmb_colmap_official_v1/episode2_wrist_1_causal/sparse_txt/3/cameras.txt,.txt,193
runs/fmb_colmap_official_v1/episode2_wrist_1_causal/sparse_txt/3/converter.log,.log,0
runs/fmb_colmap_official_v1/episode2_wrist_1_causal/sparse_txt/3/converter_stdout.log,.log,0
runs/fmb_colmap_official_v1/episode2_wrist_1_causal/sparse_txt/3/frames.txt,.txt,11066
runs/fmb_colmap_official_v1/episode2_wrist_1_causal/sparse_txt/3/images.txt,.txt,259470
runs/fmb_colmap_official_v1/episode2_wrist_1_causal/sparse_txt/3/points3D.txt,.txt,20246
runs/fmb_colmap_official_v1/episode2_wrist_1_causal/sparse_txt/3/rigs.txt,.txt,222
runs/fmb_colmap_official_v1/episode2_wrist_1_causal/sparse_txt/3/trajectory.csv,.csv,4008
runs/fmb_colmap_official_v1/episode2_wrist_1_causal/sparse_txt/4/cameras.txt,.txt,191
runs/fmb_colmap_official_v1/episode2_wrist_1_causal/sparse_txt/4/converter.log,.log,0
runs/fmb_colmap_official_v1/episode2_wrist_1_causal/sparse_txt/4/converter_stdout.log,.log,0
runs/fmb_colmap_official_v1/episode2_wrist_1_causal/sparse_txt/4/frames.txt,.txt,1860
runs/fmb_colmap_official_v1/episode2_wrist_1_causal/sparse_txt/4/images.txt,.txt,61178
runs/fmb_colmap_official_v1/episode2_wrist_1_causal/sparse_txt/4/points3D.txt,.txt,6188
runs/fmb_colmap_official_v1/episode2_wrist_1_causal/sparse_txt/4/rigs.txt,.txt,222
runs/fmb_colmap_official_v1/episode2_wrist_1_causal/sparse_txt/4/trajectory.csv,.csv,655
runs/fmb_colmap_official_v1/episode2_wrist_1_causal/sparse_txt/5/cameras.txt,.txt,193
runs/fmb_colmap_official_v1/episode2_wrist_1_causal/sparse_txt/5/converter.log,.log,0
runs/fmb_colmap_official_v1/episode2_wrist_1_causal/sparse_txt/5/converter_stdout.log,.log,0
runs/fmb_colmap_official_v1/episode2_wrist_1_causal/sparse_txt/5/frames.txt,.txt,1027
runs/fmb_colmap_official_v1/episode2_wrist_1_causal/sparse_txt/5/images.txt,.txt,20529
runs/fmb_colmap_official_v1/episode2_wrist_1_causal/sparse_txt/5/points3D.txt,.txt,1596
runs/fmb_colmap_official_v1/episode2_wrist_1_causal/sparse_txt/5/rigs.txt,.txt,222
runs/fmb_colmap_official_v1/episode2_wrist_1_causal/sparse_txt/5/trajectory.csv,.csv,338
runs/fmb_colmap_official_v1/episode2_wrist_1_causal/sparse_txt/6/cameras.txt,.txt,191
runs/fmb_colmap_official_v1/episode2_wrist_1_causal/sparse_txt/6/converter.log,.log,0
runs/fmb_colmap_official_v1/episode2_wrist_1_causal/sparse_txt/6/converter_stdout.log,.log,0
runs/fmb_colmap_official_v1/episode2_wrist_1_causal/sparse_txt/6/frames.txt,.txt,2011
runs/fmb_colmap_official_v1/episode2_wrist_1_causal/sparse_txt/6/images.txt,.txt,39910
runs/fmb_colmap_official_v1/episode2_wrist_1_causal/sparse_txt/6/points3D.txt,.txt,172
runs/fmb_colmap_official_v1/episode2_wrist_1_causal/sparse_txt/6/rigs.txt,.txt,222
runs/fmb_colmap_official_v1/episode2_wrist_1_causal/sparse_txt/6/trajectory.csv,.csv,701
runs/fmb_colmap_official_v1/episode2_wrist_1_causal/summary.json,.json,205385
runs/fmb_colmap_official_v1/episode2_wrist_1_causal/verified_pair_displacements.csv,.csv,41291
runs/fmb_colmap_official_v1/episode2_wrist_1_full/colmap.log,.log,357258
runs/fmb_colmap_official_v1/episode2_wrist_1_full/colmap_stdout.log,.log,0
runs/fmb_colmap_official_v1/episode2_wrist_1_full/database.db,.db,4673536
runs/fmb_colmap_official_v1/episode2_wrist_1_full/database.db-shm,.db-shm,32768
runs/fmb_colmap_official_v1/episode2_wrist_1_full/database.db-wal,.db-wal,0
runs/fmb_colmap_official_v1/episode2_wrist_1_full/execution.json,.json,2919
runs/fmb_colmap_official_v1/episode2_wrist_1_full/images/000000.png,.png,91449
runs/fmb_colmap_official_v1/episode2_wrist_1_full/images/000001.png,.png,89671
runs/fmb_colmap_official_v1/episode2_wrist_1_full/images/000002.png,.png,87675
runs/fmb_colmap_official_v1/episode2_wrist_1_full/images/000003.png,.png,88831
runs/fmb_colmap_official_v1/episode2_wrist_1_full/images/000004.png,.png,88082
runs/fmb_colmap_official_v1/episode2_wrist_1_full/images/000005.png,.png,86839
runs/fmb_colmap_official_v1/episode2_wrist_1_full/images/000006.png,.png,86951
runs/fmb_colmap_official_v1/episode2_wrist_1_full/images/000007.png,.png,86492
runs/fmb_colmap_official_v1/episode2_wrist_1_full/images/000008.png,.png,87261
runs/fmb_colmap_official_v1/episode2_wrist_1_full/images/000009.png,.png,86454
runs/fmb_colmap_official_v1/episode2_wrist_1_full/images/000010.png,.png,86260
runs/fmb_colmap_official_v1/episode2_wrist_1_full/images/000011.png,.png,85211
runs/fmb_colmap_official_v1/episode2_wrist_1_full/images/000012.png,.png,85292
runs/fmb_colmap_official_v1/episode2_wrist_1_full/images/000013.png,.png,85653
runs/fmb_colmap_official_v1/episode2_wrist_1_full/images/000014.png,.png,85916
runs/fmb_colmap_official_v1/episode2_wrist_1_full/images/000015.png,.png,86301
runs/fmb_colmap_official_v1/episode2_wrist_1_full/images/000016.png,.png,86807
runs/fmb_colmap_official_v1/episode2_wrist_1_full/images/000017.png,.png,89075
runs/fmb_colmap_official_v1/episode2_wrist_1_full/images/000018.png,.png,89113
runs/fmb_colmap_official_v1/episode2_wrist_1_full/images/000019.png,.png,89662
runs/fmb_colmap_official_v1/episode2_wrist_1_full/images/000020.png,.png,90780
runs/fmb_colmap_official_v1/episode2_wrist_1_full/images/000021.png,.png,90546
runs/fmb_colmap_official_v1/episode2_wrist_1_full/images/000022.png,.png,91458
runs/fmb_colmap_official_v1/episode2_wrist_1_full/images/000023.png,.png,91112
runs/fmb_colmap_official_v1/episode2_wrist_1_full/images/000024.png,.png,91045
runs/fmb_colmap_official_v1/episode2_wrist_1_full/images/000025.png,.png,90995
runs/fmb_colmap_official_v1/episode2_wrist_1_full/images/000026.png,.png,90962
runs/fmb_colmap_official_v1/episode2_wrist_1_full/images/000027.png,.png,90216
runs/fmb_colmap_official_v1/episode2_wrist_1_full/images/000028.png,.png,90208
runs/fmb_colmap_official_v1/episode2_wrist_1_full/images/000029.png,.png,90447
runs/fmb_colmap_official_v1/episode2_wrist_1_full/images/000030.png,.png,89626
runs/fmb_colmap_official_v1/episode2_wrist_1_full/images/000031.png,.png,89217
runs/fmb_colmap_official_v1/episode2_wrist_1_full/images/000032.png,.png,90391
runs/fmb_colmap_official_v1/episode2_wrist_1_full/images/000033.png,.png,90609
runs/fmb_colmap_official_v1/episode2_wrist_1_full/images/000034.png,.png,90747
runs/fmb_colmap_official_v1/episode2_wrist_1_full/images/000035.png,.png,89385
runs/fmb_colmap_official_v1/episode2_wrist_1_full/images/000036.png,.png,90085
runs/fmb_colmap_official_v1/episode2_wrist_1_full/images/000037.png,.png,91160
runs/fmb_colmap_official_v1/episode2_wrist_1_full/images/000038.png,.png,91136
runs/fmb_colmap_official_v1/episode2_wrist_1_full/images/000039.png,.png,91204
runs/fmb_colmap_official_v1/episode2_wrist_1_full/images/000040.png,.png,91223
runs/fmb_colmap_official_v1/episode2_wrist_1_full/images/000041.png,.png,91204
runs/fmb_colmap_official_v1/episode2_wrist_1_full/images/000042.png,.png,91125
runs/fmb_colmap_official_v1/episode2_wrist_1_full/images/000043.png,.png,91227
runs/fmb_colmap_official_v1/episode2_wrist_1_full/images/000044.png,.png,91206
runs/fmb_colmap_official_v1/episode2_wrist_1_full/images/000045.png,.png,91405
runs/fmb_colmap_official_v1/episode2_wrist_1_full/images/000046.png,.png,91269
runs/fmb_colmap_official_v1/episode2_wrist_1_full/images/000047.png,.png,91228
runs/fmb_colmap_official_v1/episode2_wrist_1_full/images/000048.png,.png,91251
runs/fmb_colmap_official_v1/episode2_wrist_1_full/images/000049.png,.png,91009
runs/fmb_colmap_official_v1/episode2_wrist_1_full/images/000050.png,.png,91233
runs/fmb_colmap_official_v1/episode2_wrist_1_full/images/000051.png,.png,91078
runs/fmb_colmap_official_v1/episode2_wrist_1_full/images/000052.png,.png,91095
runs/fmb_colmap_official_v1/episode2_wrist_1_full/images/000053.png,.png,91335
runs/fmb_colmap_official_v1/episode2_wrist_1_full/images/000054.png,.png,91209
runs/fmb_colmap_official_v1/episode2_wrist_1_full/images/000055.png,.png,91199
runs/fmb_colmap_official_v1/episode2_wrist_1_full/images/000056.png,.png,90946
runs/fmb_colmap_official_v1/episode2_wrist_1_full/images/000057.png,.png,91105
runs/fmb_colmap_official_v1/episode2_wrist_1_full/images/000058.png,.png,91029
runs/fmb_colmap_official_v1/episode2_wrist_1_full/images/000059.png,.png,91159
runs/fmb_colmap_official_v1/episode2_wrist_1_full/images/000060.png,.png,91156
runs/fmb_colmap_official_v1/episode2_wrist_1_full/images/000061.png,.png,91127
runs/fmb_colmap_official_v1/episode2_wrist_1_full/images/000062.png,.png,91232
runs/fmb_colmap_official_v1/episode2_wrist_1_full/images/000063.png,.png,91410
runs/fmb_colmap_official_v1/episode2_wrist_1_full/images/000064.png,.png,91162
runs/fmb_colmap_official_v1/episode2_wrist_1_full/images/000065.png,.png,91034
runs/fmb_colmap_official_v1/episode2_wrist_1_full/images/000066.png,.png,91044
runs/fmb_colmap_official_v1/episode2_wrist_1_full/images/000067.png,.png,87968
runs/fmb_colmap_official_v1/episode2_wrist_1_full/images/000068.png,.png,87085
runs/fmb_colmap_official_v1/episode2_wrist_1_full/images/000069.png,.png,86362
runs/fmb_colmap_official_v1/episode2_wrist_1_full/images/000070.png,.png,85667
runs/fmb_colmap_official_v1/episode2_wrist_1_full/images/000071.png,.png,85501
runs/fmb_colmap_official_v1/episode2_wrist_1_full/images/000072.png,.png,85160
runs/fmb_colmap_official_v1/episode2_wrist_1_full/images/000073.png,.png,84804
runs/fmb_colmap_official_v1/episode2_wrist_1_full/images/000074.png,.png,84142
runs/fmb_colmap_official_v1/episode2_wrist_1_full/images/000075.png,.png,84492
runs/fmb_colmap_official_v1/episode2_wrist_1_full/images/000076.png,.png,84061
runs/fmb_colmap_official_v1/episode2_wrist_1_full/images/000077.png,.png,84371
runs/fmb_colmap_official_v1/episode2_wrist_1_full/images/000078.png,.png,84263
runs/fmb_colmap_official_v1/episode2_wrist_1_full/images/000079.png,.png,84591
runs/fmb_colmap_official_v1/episode2_wrist_1_full/images/000080.png,.png,84554
runs/fmb_colmap_official_v1/episode2_wrist_1_full/images/000081.png,.png,84554
runs/fmb_colmap_official_v1/episode2_wrist_1_full/images/000082.png,.png,84808
runs/fmb_colmap_official_v1/episode2_wrist_1_full/images/000083.png,.png,84694
runs/fmb_colmap_official_v1/episode2_wrist_1_full/images/000084.png,.png,85006
runs/fmb_colmap_official_v1/episode2_wrist_1_full/images/000085.png,.png,84711
runs/fmb_colmap_official_v1/episode2_wrist_1_full/images/000086.png,.png,84717
runs/fmb_colmap_official_v1/episode2_wrist_1_full/images/000087.png,.png,84679
runs/fmb_colmap_official_v1/episode2_wrist_1_full/images/000088.png,.png,84483
runs/fmb_colmap_official_v1/episode2_wrist_1_full/images/000089.png,.png,84591
runs/fmb_colmap_official_v1/episode2_wrist_1_full/images/000090.png,.png,84713
runs/fmb_colmap_official_v1/episode2_wrist_1_full/images/000091.png,.png,84581
runs/fmb_colmap_official_v1/episode2_wrist_1_full/images/000092.png,.png,84723
runs/fmb_colmap_official_v1/episode2_wrist_1_full/images/000093.png,.png,85774
runs/fmb_colmap_official_v1/episode2_wrist_1_full/images/000094.png,.png,82662
runs/fmb_colmap_official_v1/episode2_wrist_1_full/images/000095.png,.png,85347
runs/fmb_colmap_official_v1/episode2_wrist_1_full/images/000096.png,.png,84552
runs/fmb_colmap_official_v1/episode2_wrist_1_full/images/000097.png,.png,85015
runs/fmb_colmap_official_v1/episode2_wrist_1_full/images/000098.png,.png,86905
runs/fmb_colmap_official_v1/episode2_wrist_1_full/images/000099.png,.png,87290
runs/fmb_colmap_official_v1/episode2_wrist_1_full/images/000100.png,.png,89049
runs/fmb_colmap_official_v1/episode2_wrist_1_full/images/000101.png,.png,89284
runs/fmb_colmap_official_v1/episode2_wrist_1_full/images/000102.png,.png,90974
runs/fmb_colmap_official_v1/episode2_wrist_1_full/images/000103.png,.png,91389
runs/fmb_colmap_official_v1/episode2_wrist_1_full/images/000104.png,.png,93571
runs/fmb_colmap_official_v1/episode2_wrist_1_full/images/000105.png,.png,94170
runs/fmb_colmap_official_v1/episode2_wrist_1_full/images/000106.png,.png,94089
runs/fmb_colmap_official_v1/episode2_wrist_1_full/images/000107.png,.png,95129
runs/fmb_colmap_official_v1/episode2_wrist_1_full/images/000108.png,.png,95175
runs/fmb_colmap_official_v1/episode2_wrist_1_full/images/000109.png,.png,94800
runs/fmb_colmap_official_v1/episode2_wrist_1_full/images/000110.png,.png,94110
runs/fmb_colmap_official_v1/episode2_wrist_1_full/images/000111.png,.png,94422
runs/fmb_colmap_official_v1/episode2_wrist_1_full/images/000112.png,.png,94530
runs/fmb_colmap_official_v1/episode2_wrist_1_full/images/000113.png,.png,94151
runs/fmb_colmap_official_v1/episode2_wrist_1_full/images/000114.png,.png,94305
runs/fmb_colmap_official_v1/episode2_wrist_1_full/images/000115.png,.png,93972
runs/fmb_colmap_official_v1/episode2_wrist_1_full/images/000116.png,.png,93776
runs/fmb_colmap_official_v1/episode2_wrist_1_full/images/000117.png,.png,93556
runs/fmb_colmap_official_v1/episode2_wrist_1_full/images/000118.png,.png,93057
runs/fmb_colmap_official_v1/episode2_wrist_1_full/images/000119.png,.png,92401
runs/fmb_colmap_official_v1/episode2_wrist_1_full/images/000120.png,.png,91608
runs/fmb_colmap_official_v1/episode2_wrist_1_full/images/000121.png,.png,91631
runs/fmb_colmap_official_v1/episode2_wrist_1_full/images/000122.png,.png,91498
runs/fmb_colmap_official_v1/episode2_wrist_1_full/images/000123.png,.png,91412
runs/fmb_colmap_official_v1/episode2_wrist_1_full/images/000124.png,.png,91386
runs/fmb_colmap_official_v1/episode2_wrist_1_full/images/000125.png,.png,91191
runs/fmb_colmap_official_v1/episode2_wrist_1_full/images/000126.png,.png,90744
runs/fmb_colmap_official_v1/episode2_wrist_1_full/images/000127.png,.png,90358
runs/fmb_colmap_official_v1/episode2_wrist_1_full/images/000128.png,.png,90508
runs/fmb_colmap_official_v1/episode2_wrist_1_full/images/000129.png,.png,91265
runs/fmb_colmap_official_v1/episode2_wrist_1_full/images/000130.png,.png,91431
runs/fmb_colmap_official_v1/episode2_wrist_1_full/images/000131.png,.png,91011
runs/fmb_colmap_official_v1/episode2_wrist_1_full/images/000132.png,.png,91324
runs/fmb_colmap_official_v1/episode2_wrist_1_full/images/000133.png,.png,91376
runs/fmb_colmap_official_v1/episode2_wrist_1_full/images/000134.png,.png,92510
runs/fmb_colmap_official_v1/episode2_wrist_1_full/images/000135.png,.png,92846
runs/fmb_colmap_official_v1/episode2_wrist_1_full/images/000136.png,.png,93136
runs/fmb_colmap_official_v1/episode2_wrist_1_full/images/000137.png,.png,93514
runs/fmb_colmap_official_v1/episode2_wrist_1_full/images/000138.png,.png,93632
runs/fmb_colmap_official_v1/episode2_wrist_1_full/images/000139.png,.png,93554
runs/fmb_colmap_official_v1/episode2_wrist_1_full/images/000140.png,.png,93151
runs/fmb_colmap_official_v1/episode2_wrist_1_full/images/000141.png,.png,93412
runs/fmb_colmap_official_v1/episode2_wrist_1_full/images/000142.png,.png,93212
runs/fmb_colmap_official_v1/episode2_wrist_1_full/images/000143.png,.png,93609
runs/fmb_colmap_official_v1/episode2_wrist_1_full/images/000144.png,.png,93770
runs/fmb_colmap_official_v1/episode2_wrist_1_full/images/000145.png,.png,96179
runs/fmb_colmap_official_v1/episode2_wrist_1_full/images/000146.png,.png,98382
runs/fmb_colmap_official_v1/episode2_wrist_1_full/images/000147.png,.png,95888
runs/fmb_colmap_official_v1/episode2_wrist_1_full/match_graph.json,.json,2428
runs/fmb_colmap_official_v1/episode2_wrist_1_full/match_images.csv,.csv,2438
runs/fmb_colmap_official_v1/episode2_wrist_1_full/match_pairs.csv,.csv,31100
runs/fmb_colmap_official_v1/episode2_wrist_1_full/sparse/0/cameras.bin,.bin,64
runs/fmb_colmap_official_v1/episode2_wrist_1_full/sparse/0/frames.bin,.bin,12440
runs/fmb_colmap_official_v1/episode2_wrist_1_full/sparse/0/images.bin,.bin,480364
runs/fmb_colmap_official_v1/episode2_wrist_1_full/sparse/0/points3D.bin,.bin,158494
runs/fmb_colmap_official_v1/episode2_wrist_1_full/sparse/0/rigs.bin,.bin,24
runs/fmb_colmap_official_v1/episode2_wrist_1_full/sparse/1/cameras.bin,.bin,64
runs/fmb_colmap_official_v1/episode2_wrist_1_full/sparse/1/frames.bin,.bin,260
runs/fmb_colmap_official_v1/episode2_wrist_1_full/sparse/1/images.bin,.bin,14609
runs/fmb_colmap_official_v1/episode2_wrist_1_full/sparse/1/points3D.bin,.bin,4997
runs/fmb_colmap_official_v1/episode2_wrist_1_full/sparse/1/rigs.bin,.bin,24
runs/fmb_colmap_official_v1/episode2_wrist_1_full/sparse/project.ini,.ini,12007
runs/fmb_colmap_official_v1/episode2_wrist_1_full/sparse_txt/0/cameras.txt,.txt,196
runs/fmb_colmap_official_v1/episode2_wrist_1_full/sparse_txt/0/converter.log,.log,0
runs/fmb_colmap_official_v1/episode2_wrist_1_full/sparse_txt/0/converter_stdout.log,.log,0
runs/fmb_colmap_official_v1/episode2_wrist_1_full/sparse_txt/0/frames.txt,.txt,24387
runs/fmb_colmap_official_v1/episode2_wrist_1_full/sparse_txt/0/images.txt,.txt,831913
runs/fmb_colmap_official_v1/episode2_wrist_1_full/sparse_txt/0/points3D.txt,.txt,189233
runs/fmb_colmap_official_v1/episode2_wrist_1_full/sparse_txt/0/rigs.txt,.txt,222
runs/fmb_colmap_official_v1/episode2_wrist_1_full/sparse_txt/0/trajectory.csv,.csv,9019
runs/fmb_colmap_official_v1/episode2_wrist_1_full/sparse_txt/1/cameras.txt,.txt,195
runs/fmb_colmap_official_v1/episode2_wrist_1_full/sparse_txt/1/converter.log,.log,0
runs/fmb_colmap_official_v1/episode2_wrist_1_full/sparse_txt/1/converter_stdout.log,.log,0
runs/fmb_colmap_official_v1/episode2_wrist_1_full/sparse_txt/1/frames.txt,.txt,708
runs/fmb_colmap_official_v1/episode2_wrist_1_full/sparse_txt/1/images.txt,.txt,24994
runs/fmb_colmap_official_v1/episode2_wrist_1_full/sparse_txt/1/points3D.txt,.txt,8024
runs/fmb_colmap_official_v1/episode2_wrist_1_full/sparse_txt/1/rigs.txt,.txt,222
runs/fmb_colmap_official_v1/episode2_wrist_1_full/sparse_txt/1/trajectory.csv,.csv,222
runs/fmb_colmap_official_v1/episode2_wrist_1_full/summary.json,.json,162311
runs/fmb_colmap_official_v1/episode2_wrist_1_full/verified_pair_displacements.csv,.csv,47897
runs/fmb_colmap_official_v1/episode3_nominal_board_check.json,.json,1068
runs/fmb_colmap_official_v1/episode3_side_1_causal/colmap.log,.log,205979
runs/fmb_colmap_official_v1/episode3_side_1_causal/colmap_stdout.log,.log,0
runs/fmb_colmap_official_v1/episode3_side_1_causal/database.db,.db,8413184
runs/fmb_colmap_official_v1/episode3_side_1_causal/database.db-shm,.db-shm,32768
runs/fmb_colmap_official_v1/episode3_side_1_causal/database.db-wal,.db-wal,0
runs/fmb_colmap_official_v1/episode3_side_1_causal/execution.json,.json,2921
runs/fmb_colmap_official_v1/episode3_side_1_causal/images/000000.png,.png,97799
runs/fmb_colmap_official_v1/episode3_side_1_causal/images/000001.png,.png,97920
runs/fmb_colmap_official_v1/episode3_side_1_causal/images/000002.png,.png,97876
runs/fmb_colmap_official_v1/episode3_side_1_causal/images/000003.png,.png,97634
runs/fmb_colmap_official_v1/episode3_side_1_causal/images/000004.png,.png,97587
runs/fmb_colmap_official_v1/episode3_side_1_causal/images/000005.png,.png,97514
runs/fmb_colmap_official_v1/episode3_side_1_causal/images/000006.png,.png,97432
runs/fmb_colmap_official_v1/episode3_side_1_causal/images/000007.png,.png,97569
runs/fmb_colmap_official_v1/episode3_side_1_causal/images/000008.png,.png,97493
runs/fmb_colmap_official_v1/episode3_side_1_causal/images/000009.png,.png,97594
runs/fmb_colmap_official_v1/episode3_side_1_causal/images/000010.png,.png,97453
runs/fmb_colmap_official_v1/episode3_side_1_causal/images/000011.png,.png,97410
runs/fmb_colmap_official_v1/episode3_side_1_causal/images/000012.png,.png,97284
runs/fmb_colmap_official_v1/episode3_side_1_causal/images/000013.png,.png,97339
runs/fmb_colmap_official_v1/episode3_side_1_causal/images/000014.png,.png,97299
runs/fmb_colmap_official_v1/episode3_side_1_causal/images/000015.png,.png,97271
runs/fmb_colmap_official_v1/episode3_side_1_causal/images/000016.png,.png,97543
runs/fmb_colmap_official_v1/episode3_side_1_causal/images/000017.png,.png,97457
runs/fmb_colmap_official_v1/episode3_side_1_causal/images/000018.png,.png,97504
runs/fmb_colmap_official_v1/episode3_side_1_causal/images/000019.png,.png,97576
runs/fmb_colmap_official_v1/episode3_side_1_causal/images/000020.png,.png,97560
runs/fmb_colmap_official_v1/episode3_side_1_causal/images/000021.png,.png,97529
runs/fmb_colmap_official_v1/episode3_side_1_causal/images/000022.png,.png,97482
runs/fmb_colmap_official_v1/episode3_side_1_causal/images/000023.png,.png,97396
runs/fmb_colmap_official_v1/episode3_side_1_causal/images/000024.png,.png,97500
runs/fmb_colmap_official_v1/episode3_side_1_causal/images/000025.png,.png,97695
runs/fmb_colmap_official_v1/episode3_side_1_causal/images/000026.png,.png,97625
runs/fmb_colmap_official_v1/episode3_side_1_causal/images/000027.png,.png,97858
runs/fmb_colmap_official_v1/episode3_side_1_causal/images/000028.png,.png,97854
runs/fmb_colmap_official_v1/episode3_side_1_causal/images/000029.png,.png,97675
runs/fmb_colmap_official_v1/episode3_side_1_causal/images/000030.png,.png,97938
runs/fmb_colmap_official_v1/episode3_side_1_causal/images/000031.png,.png,97903
runs/fmb_colmap_official_v1/episode3_side_1_causal/images/000032.png,.png,97862
runs/fmb_colmap_official_v1/episode3_side_1_causal/images/000033.png,.png,97892
runs/fmb_colmap_official_v1/episode3_side_1_causal/images/000034.png,.png,97753
runs/fmb_colmap_official_v1/episode3_side_1_causal/images/000035.png,.png,97781
runs/fmb_colmap_official_v1/episode3_side_1_causal/images/000036.png,.png,97826
runs/fmb_colmap_official_v1/episode3_side_1_causal/images/000037.png,.png,97879
runs/fmb_colmap_official_v1/episode3_side_1_causal/images/000038.png,.png,97690
runs/fmb_colmap_official_v1/episode3_side_1_causal/images/000039.png,.png,97889
runs/fmb_colmap_official_v1/episode3_side_1_causal/images/000040.png,.png,97718
runs/fmb_colmap_official_v1/episode3_side_1_causal/images/000041.png,.png,97749
runs/fmb_colmap_official_v1/episode3_side_1_causal/images/000042.png,.png,97871
runs/fmb_colmap_official_v1/episode3_side_1_causal/images/000043.png,.png,97870
runs/fmb_colmap_official_v1/episode3_side_1_causal/images/000044.png,.png,97857
runs/fmb_colmap_official_v1/episode3_side_1_causal/images/000045.png,.png,97929
runs/fmb_colmap_official_v1/episode3_side_1_causal/images/000046.png,.png,97772
runs/fmb_colmap_official_v1/episode3_side_1_causal/images/000047.png,.png,97743
runs/fmb_colmap_official_v1/episode3_side_1_causal/images/000048.png,.png,97718
runs/fmb_colmap_official_v1/episode3_side_1_causal/images/000049.png,.png,97788
runs/fmb_colmap_official_v1/episode3_side_1_causal/images/000050.png,.png,97840
runs/fmb_colmap_official_v1/episode3_side_1_causal/images/000051.png,.png,97894
runs/fmb_colmap_official_v1/episode3_side_1_causal/images/000052.png,.png,97951
runs/fmb_colmap_official_v1/episode3_side_1_causal/images/000053.png,.png,97870
runs/fmb_colmap_official_v1/episode3_side_1_causal/images/000054.png,.png,97809
runs/fmb_colmap_official_v1/episode3_side_1_causal/images/000055.png,.png,97922
runs/fmb_colmap_official_v1/episode3_side_1_causal/images/000056.png,.png,97850
runs/fmb_colmap_official_v1/episode3_side_1_causal/images/000057.png,.png,97860
runs/fmb_colmap_official_v1/episode3_side_1_causal/images/000058.png,.png,97717
runs/fmb_colmap_official_v1/episode3_side_1_causal/images/000059.png,.png,97919
runs/fmb_colmap_official_v1/episode3_side_1_causal/images/000060.png,.png,97925
runs/fmb_colmap_official_v1/episode3_side_1_causal/images/000061.png,.png,97737
runs/fmb_colmap_official_v1/episode3_side_1_causal/images/000062.png,.png,97846
runs/fmb_colmap_official_v1/episode3_side_1_causal/images/000063.png,.png,97976
runs/fmb_colmap_official_v1/episode3_side_1_causal/images/000064.png,.png,97942
runs/fmb_colmap_official_v1/episode3_side_1_causal/images/000065.png,.png,97922
runs/fmb_colmap_official_v1/episode3_side_1_causal/images/000066.png,.png,97879
runs/fmb_colmap_official_v1/episode3_side_1_causal/images/000067.png,.png,97832
runs/fmb_colmap_official_v1/episode3_side_1_causal/images/000068.png,.png,97836
runs/fmb_colmap_official_v1/episode3_side_1_causal/images/000069.png,.png,97810
runs/fmb_colmap_official_v1/episode3_side_1_causal/images/000070.png,.png,97856
runs/fmb_colmap_official_v1/episode3_side_1_causal/images/000071.png,.png,97893
runs/fmb_colmap_official_v1/episode3_side_1_causal/images/000072.png,.png,97882
runs/fmb_colmap_official_v1/episode3_side_1_causal/images/000073.png,.png,97822
runs/fmb_colmap_official_v1/episode3_side_1_causal/images/000074.png,.png,97831
runs/fmb_colmap_official_v1/episode3_side_1_causal/images/000075.png,.png,97497
runs/fmb_colmap_official_v1/episode3_side_1_causal/images/000076.png,.png,97502
runs/fmb_colmap_official_v1/episode3_side_1_causal/images/000077.png,.png,97332
runs/fmb_colmap_official_v1/episode3_side_1_causal/images/000078.png,.png,97298
runs/fmb_colmap_official_v1/episode3_side_1_causal/images/000079.png,.png,97131
runs/fmb_colmap_official_v1/episode3_side_1_causal/images/000080.png,.png,97078
runs/fmb_colmap_official_v1/episode3_side_1_causal/images/000081.png,.png,97146
runs/fmb_colmap_official_v1/episode3_side_1_causal/images/000082.png,.png,97018
runs/fmb_colmap_official_v1/episode3_side_1_causal/images/000083.png,.png,96913
runs/fmb_colmap_official_v1/episode3_side_1_causal/images/000084.png,.png,97028
runs/fmb_colmap_official_v1/episode3_side_1_causal/images/000085.png,.png,96887
runs/fmb_colmap_official_v1/episode3_side_1_causal/images/000086.png,.png,96745
runs/fmb_colmap_official_v1/episode3_side_1_causal/images/000087.png,.png,96808
runs/fmb_colmap_official_v1/episode3_side_1_causal/images/000088.png,.png,96626
runs/fmb_colmap_official_v1/episode3_side_1_causal/images/000089.png,.png,96722
runs/fmb_colmap_official_v1/episode3_side_1_causal/images/000090.png,.png,96703
runs/fmb_colmap_official_v1/episode3_side_1_causal/images/000091.png,.png,96751
runs/fmb_colmap_official_v1/episode3_side_1_causal/images/000092.png,.png,96680
runs/fmb_colmap_official_v1/episode3_side_1_causal/images/000093.png,.png,96560
runs/fmb_colmap_official_v1/episode3_side_1_causal/images/000094.png,.png,96709
runs/fmb_colmap_official_v1/episode3_side_1_causal/images/000095.png,.png,96465
runs/fmb_colmap_official_v1/episode3_side_1_causal/images/000096.png,.png,96394
runs/fmb_colmap_official_v1/episode3_side_1_causal/images/000097.png,.png,96058
runs/fmb_colmap_official_v1/episode3_side_1_causal/images/000098.png,.png,95645
runs/fmb_colmap_official_v1/episode3_side_1_causal/images/000099.png,.png,95280
runs/fmb_colmap_official_v1/episode3_side_1_causal/images/000100.png,.png,95206
runs/fmb_colmap_official_v1/episode3_side_1_causal/images/000101.png,.png,94661
runs/fmb_colmap_official_v1/episode3_side_1_causal/images/000102.png,.png,94336
runs/fmb_colmap_official_v1/episode3_side_1_causal/images/000103.png,.png,94265
runs/fmb_colmap_official_v1/episode3_side_1_causal/images/000104.png,.png,93692
runs/fmb_colmap_official_v1/episode3_side_1_causal/images/000105.png,.png,94381
runs/fmb_colmap_official_v1/episode3_side_1_causal/images/000106.png,.png,95739
runs/fmb_colmap_official_v1/episode3_side_1_causal/images/000107.png,.png,95477
runs/fmb_colmap_official_v1/episode3_side_1_causal/images/000108.png,.png,95569
runs/fmb_colmap_official_v1/episode3_side_1_causal/images/000109.png,.png,95319
runs/fmb_colmap_official_v1/episode3_side_1_causal/images/000110.png,.png,95492
runs/fmb_colmap_official_v1/episode3_side_1_causal/images/000111.png,.png,95245
runs/fmb_colmap_official_v1/episode3_side_1_causal/images/000112.png,.png,95479
runs/fmb_colmap_official_v1/episode3_side_1_causal/images/000113.png,.png,95536
runs/fmb_colmap_official_v1/episode3_side_1_causal/images/000114.png,.png,95994
runs/fmb_colmap_official_v1/episode3_side_1_causal/images/000115.png,.png,96152
runs/fmb_colmap_official_v1/episode3_side_1_causal/images/000116.png,.png,96080
runs/fmb_colmap_official_v1/episode3_side_1_causal/images/000117.png,.png,96225
runs/fmb_colmap_official_v1/episode3_side_1_causal/images/000118.png,.png,96192
runs/fmb_colmap_official_v1/episode3_side_1_causal/images/000119.png,.png,96182
runs/fmb_colmap_official_v1/episode3_side_1_causal/images/000120.png,.png,96443
runs/fmb_colmap_official_v1/episode3_side_1_causal/images/000121.png,.png,96441
runs/fmb_colmap_official_v1/episode3_side_1_causal/images/000122.png,.png,96827
runs/fmb_colmap_official_v1/episode3_side_1_causal/images/000123.png,.png,96733
runs/fmb_colmap_official_v1/episode3_side_1_causal/images/000124.png,.png,96782
runs/fmb_colmap_official_v1/episode3_side_1_causal/images/000125.png,.png,97172
runs/fmb_colmap_official_v1/episode3_side_1_causal/images/000126.png,.png,97781
runs/fmb_colmap_official_v1/episode3_side_1_causal/images/000127.png,.png,97726
runs/fmb_colmap_official_v1/episode3_side_1_causal/images/000128.png,.png,98043
runs/fmb_colmap_official_v1/episode3_side_1_causal/images/000129.png,.png,97895
runs/fmb_colmap_official_v1/episode3_side_1_causal/images/000130.png,.png,97828
runs/fmb_colmap_official_v1/episode3_side_1_causal/match_graph.json,.json,1168
runs/fmb_colmap_official_v1/episode3_side_1_causal/match_images.csv,.csv,2320
runs/fmb_colmap_official_v1/episode3_side_1_causal/match_pairs.csv,.csv,29884
runs/fmb_colmap_official_v1/episode3_side_1_causal/sparse/0/cameras.bin,.bin,64
runs/fmb_colmap_official_v1/episode3_side_1_causal/sparse/0/frames.bin,.bin,10004
runs/fmb_colmap_official_v1/episode3_side_1_causal/sparse/0/images.bin,.bin,586101
runs/fmb_colmap_official_v1/episode3_side_1_causal/sparse/0/points3D.bin,.bin,136853
runs/fmb_colmap_official_v1/episode3_side_1_causal/sparse/0/rigs.bin,.bin,24
runs/fmb_colmap_official_v1/episode3_side_1_causal/sparse/1/cameras.bin,.bin,64
runs/fmb_colmap_official_v1/episode3_side_1_causal/sparse/1/frames.bin,.bin,848
runs/fmb_colmap_official_v1/episode3_side_1_causal/sparse/1/images.bin,.bin,53710
runs/fmb_colmap_official_v1/episode3_side_1_causal/sparse/1/points3D.bin,.bin,8
runs/fmb_colmap_official_v1/episode3_side_1_causal/sparse/1/rigs.bin,.bin,24
runs/fmb_colmap_official_v1/episode3_side_1_causal/sparse/2/cameras.bin,.bin,64
runs/fmb_colmap_official_v1/episode3_side_1_causal/sparse/2/frames.bin,.bin,1100
runs/fmb_colmap_official_v1/episode3_side_1_causal/sparse/2/images.bin,.bin,58879
runs/fmb_colmap_official_v1/episode3_side_1_causal/sparse/2/points3D.bin,.bin,8
runs/fmb_colmap_official_v1/episode3_side_1_causal/sparse/2/rigs.bin,.bin,24
runs/fmb_colmap_official_v1/episode3_side_1_causal/sparse/project.ini,.ini,12009
runs/fmb_colmap_official_v1/episode3_side_1_causal/sparse_txt/0/cameras.txt,.txt,190
runs/fmb_colmap_official_v1/episode3_side_1_causal/sparse_txt/0/converter.log,.log,0
runs/fmb_colmap_official_v1/episode3_side_1_causal/sparse_txt/0/converter_stdout.log,.log,0
runs/fmb_colmap_official_v1/episode3_side_1_causal/sparse_txt/0/frames.txt,.txt,20461
runs/fmb_colmap_official_v1/episode3_side_1_causal/sparse_txt/0/images.txt,.txt,1005069
runs/fmb_colmap_official_v1/episode3_side_1_causal/sparse_txt/0/points3D.txt,.txt,121621
runs/fmb_colmap_official_v1/episode3_side_1_causal/sparse_txt/0/rigs.txt,.txt,222
runs/fmb_colmap_official_v1/episode3_side_1_causal/sparse_txt/0/trajectory.csv,.csv,7504
runs/fmb_colmap_official_v1/episode3_side_1_causal/sparse_txt/1/cameras.txt,.txt,191
runs/fmb_colmap_official_v1/episode3_side_1_causal/sparse_txt/1/converter.log,.log,0
runs/fmb_colmap_official_v1/episode3_side_1_causal/sparse_txt/1/converter_stdout.log,.log,0
runs/fmb_colmap_official_v1/episode3_side_1_causal/sparse_txt/1/frames.txt,.txt,1867
runs/fmb_colmap_official_v1/episode3_side_1_causal/sparse_txt/1/images.txt,.txt,91181
runs/fmb_colmap_official_v1/episode3_side_1_causal/sparse_txt/1/points3D.txt,.txt,172
runs/fmb_colmap_official_v1/episode3_side_1_causal/sparse_txt/1/rigs.txt,.txt,222
runs/fmb_colmap_official_v1/episode3_side_1_causal/sparse_txt/1/trajectory.csv,.csv,653
runs/fmb_colmap_official_v1/episode3_side_1_causal/sparse_txt/2/cameras.txt,.txt,191
runs/fmb_colmap_official_v1/episode3_side_1_causal/sparse_txt/2/converter.log,.log,0
runs/fmb_colmap_official_v1/episode3_side_1_causal/sparse_txt/2/converter_stdout.log,.log,0
runs/fmb_colmap_official_v1/episode3_side_1_causal/sparse_txt/2/frames.txt,.txt,2383
runs/fmb_colmap_official_v1/episode3_side_1_causal/sparse_txt/2/images.txt,.txt,100259
runs/fmb_colmap_official_v1/episode3_side_1_causal/sparse_txt/2/points3D.txt,.txt,172
runs/fmb_colmap_official_v1/episode3_side_1_causal/sparse_txt/2/rigs.txt,.txt,222
runs/fmb_colmap_official_v1/episode3_side_1_causal/sparse_txt/2/trajectory.csv,.csv,838
runs/fmb_colmap_official_v1/episode3_side_1_causal/summary.json,.json,155221
runs/fmb_colmap_official_v1/episode3_side_1_causal/verified_pair_displacements.csv,.csv,64337
runs/fmb_colmap_official_v1/episode3_side_1_full/colmap.log,.log,176122
runs/fmb_colmap_official_v1/episode3_side_1_full/colmap_stdout.log,.log,0
runs/fmb_colmap_official_v1/episode3_side_1_full/database.db,.db,9760768
runs/fmb_colmap_official_v1/episode3_side_1_full/database.db-shm,.db-shm,32768
runs/fmb_colmap_official_v1/episode3_side_1_full/database.db-wal,.db-wal,0
runs/fmb_colmap_official_v1/episode3_side_1_full/execution.json,.json,2917
runs/fmb_colmap_official_v1/episode3_side_1_full/images/000000.png,.png,97799
runs/fmb_colmap_official_v1/episode3_side_1_full/images/000001.png,.png,97920
runs/fmb_colmap_official_v1/episode3_side_1_full/images/000002.png,.png,97876
runs/fmb_colmap_official_v1/episode3_side_1_full/images/000003.png,.png,97634
runs/fmb_colmap_official_v1/episode3_side_1_full/images/000004.png,.png,97587
runs/fmb_colmap_official_v1/episode3_side_1_full/images/000005.png,.png,97514
runs/fmb_colmap_official_v1/episode3_side_1_full/images/000006.png,.png,97432
runs/fmb_colmap_official_v1/episode3_side_1_full/images/000007.png,.png,97569
runs/fmb_colmap_official_v1/episode3_side_1_full/images/000008.png,.png,97493
runs/fmb_colmap_official_v1/episode3_side_1_full/images/000009.png,.png,97594
runs/fmb_colmap_official_v1/episode3_side_1_full/images/000010.png,.png,97453
runs/fmb_colmap_official_v1/episode3_side_1_full/images/000011.png,.png,97410
runs/fmb_colmap_official_v1/episode3_side_1_full/images/000012.png,.png,97284
runs/fmb_colmap_official_v1/episode3_side_1_full/images/000013.png,.png,97339
runs/fmb_colmap_official_v1/episode3_side_1_full/images/000014.png,.png,97299
runs/fmb_colmap_official_v1/episode3_side_1_full/images/000015.png,.png,97271
runs/fmb_colmap_official_v1/episode3_side_1_full/images/000016.png,.png,97543
runs/fmb_colmap_official_v1/episode3_side_1_full/images/000017.png,.png,97457
runs/fmb_colmap_official_v1/episode3_side_1_full/images/000018.png,.png,97504
runs/fmb_colmap_official_v1/episode3_side_1_full/images/000019.png,.png,97576
runs/fmb_colmap_official_v1/episode3_side_1_full/images/000020.png,.png,97560
runs/fmb_colmap_official_v1/episode3_side_1_full/images/000021.png,.png,97529
runs/fmb_colmap_official_v1/episode3_side_1_full/images/000022.png,.png,97482
runs/fmb_colmap_official_v1/episode3_side_1_full/images/000023.png,.png,97396
runs/fmb_colmap_official_v1/episode3_side_1_full/images/000024.png,.png,97500
runs/fmb_colmap_official_v1/episode3_side_1_full/images/000025.png,.png,97695
runs/fmb_colmap_official_v1/episode3_side_1_full/images/000026.png,.png,97625
runs/fmb_colmap_official_v1/episode3_side_1_full/images/000027.png,.png,97858
runs/fmb_colmap_official_v1/episode3_side_1_full/images/000028.png,.png,97854
runs/fmb_colmap_official_v1/episode3_side_1_full/images/000029.png,.png,97675
runs/fmb_colmap_official_v1/episode3_side_1_full/images/000030.png,.png,97938
runs/fmb_colmap_official_v1/episode3_side_1_full/images/000031.png,.png,97903
runs/fmb_colmap_official_v1/episode3_side_1_full/images/000032.png,.png,97862
runs/fmb_colmap_official_v1/episode3_side_1_full/images/000033.png,.png,97892
runs/fmb_colmap_official_v1/episode3_side_1_full/images/000034.png,.png,97753
runs/fmb_colmap_official_v1/episode3_side_1_full/images/000035.png,.png,97781
runs/fmb_colmap_official_v1/episode3_side_1_full/images/000036.png,.png,97826
runs/fmb_colmap_official_v1/episode3_side_1_full/images/000037.png,.png,97879
runs/fmb_colmap_official_v1/episode3_side_1_full/images/000038.png,.png,97690
runs/fmb_colmap_official_v1/episode3_side_1_full/images/000039.png,.png,97889
runs/fmb_colmap_official_v1/episode3_side_1_full/images/000040.png,.png,97718
runs/fmb_colmap_official_v1/episode3_side_1_full/images/000041.png,.png,97749
runs/fmb_colmap_official_v1/episode3_side_1_full/images/000042.png,.png,97871
runs/fmb_colmap_official_v1/episode3_side_1_full/images/000043.png,.png,97870
runs/fmb_colmap_official_v1/episode3_side_1_full/images/000044.png,.png,97857
runs/fmb_colmap_official_v1/episode3_side_1_full/images/000045.png,.png,97929
runs/fmb_colmap_official_v1/episode3_side_1_full/images/000046.png,.png,97772
runs/fmb_colmap_official_v1/episode3_side_1_full/images/000047.png,.png,97743
runs/fmb_colmap_official_v1/episode3_side_1_full/images/000048.png,.png,97718
runs/fmb_colmap_official_v1/episode3_side_1_full/images/000049.png,.png,97788
runs/fmb_colmap_official_v1/episode3_side_1_full/images/000050.png,.png,97840
runs/fmb_colmap_official_v1/episode3_side_1_full/images/000051.png,.png,97894
runs/fmb_colmap_official_v1/episode3_side_1_full/images/000052.png,.png,97951
runs/fmb_colmap_official_v1/episode3_side_1_full/images/000053.png,.png,97870
runs/fmb_colmap_official_v1/episode3_side_1_full/images/000054.png,.png,97809
runs/fmb_colmap_official_v1/episode3_side_1_full/images/000055.png,.png,97922
runs/fmb_colmap_official_v1/episode3_side_1_full/images/000056.png,.png,97850
runs/fmb_colmap_official_v1/episode3_side_1_full/images/000057.png,.png,97860
runs/fmb_colmap_official_v1/episode3_side_1_full/images/000058.png,.png,97717
runs/fmb_colmap_official_v1/episode3_side_1_full/images/000059.png,.png,97919
runs/fmb_colmap_official_v1/episode3_side_1_full/images/000060.png,.png,97925
runs/fmb_colmap_official_v1/episode3_side_1_full/images/000061.png,.png,97737
runs/fmb_colmap_official_v1/episode3_side_1_full/images/000062.png,.png,97846
runs/fmb_colmap_official_v1/episode3_side_1_full/images/000063.png,.png,97976
runs/fmb_colmap_official_v1/episode3_side_1_full/images/000064.png,.png,97942
runs/fmb_colmap_official_v1/episode3_side_1_full/images/000065.png,.png,97922
runs/fmb_colmap_official_v1/episode3_side_1_full/images/000066.png,.png,97879
runs/fmb_colmap_official_v1/episode3_side_1_full/images/000067.png,.png,97832
runs/fmb_colmap_official_v1/episode3_side_1_full/images/000068.png,.png,97836
runs/fmb_colmap_official_v1/episode3_side_1_full/images/000069.png,.png,97810
runs/fmb_colmap_official_v1/episode3_side_1_full/images/000070.png,.png,97856
runs/fmb_colmap_official_v1/episode3_side_1_full/images/000071.png,.png,97893
runs/fmb_colmap_official_v1/episode3_side_1_full/images/000072.png,.png,97882
runs/fmb_colmap_official_v1/episode3_side_1_full/images/000073.png,.png,97822
runs/fmb_colmap_official_v1/episode3_side_1_full/images/000074.png,.png,97831
runs/fmb_colmap_official_v1/episode3_side_1_full/images/000075.png,.png,97497
runs/fmb_colmap_official_v1/episode3_side_1_full/images/000076.png,.png,97502
runs/fmb_colmap_official_v1/episode3_side_1_full/images/000077.png,.png,97332
runs/fmb_colmap_official_v1/episode3_side_1_full/images/000078.png,.png,97298
runs/fmb_colmap_official_v1/episode3_side_1_full/images/000079.png,.png,97131
runs/fmb_colmap_official_v1/episode3_side_1_full/images/000080.png,.png,97078
runs/fmb_colmap_official_v1/episode3_side_1_full/images/000081.png,.png,97146
runs/fmb_colmap_official_v1/episode3_side_1_full/images/000082.png,.png,97018
runs/fmb_colmap_official_v1/episode3_side_1_full/images/000083.png,.png,96913
runs/fmb_colmap_official_v1/episode3_side_1_full/images/000084.png,.png,97028
runs/fmb_colmap_official_v1/episode3_side_1_full/images/000085.png,.png,96887
runs/fmb_colmap_official_v1/episode3_side_1_full/images/000086.png,.png,96745
runs/fmb_colmap_official_v1/episode3_side_1_full/images/000087.png,.png,96808
runs/fmb_colmap_official_v1/episode3_side_1_full/images/000088.png,.png,96626
runs/fmb_colmap_official_v1/episode3_side_1_full/images/000089.png,.png,96722
runs/fmb_colmap_official_v1/episode3_side_1_full/images/000090.png,.png,96703
runs/fmb_colmap_official_v1/episode3_side_1_full/images/000091.png,.png,96751
runs/fmb_colmap_official_v1/episode3_side_1_full/images/000092.png,.png,96680
runs/fmb_colmap_official_v1/episode3_side_1_full/images/000093.png,.png,96560
runs/fmb_colmap_official_v1/episode3_side_1_full/images/000094.png,.png,96709
runs/fmb_colmap_official_v1/episode3_side_1_full/images/000095.png,.png,96465
runs/fmb_colmap_official_v1/episode3_side_1_full/images/000096.png,.png,96394
runs/fmb_colmap_official_v1/episode3_side_1_full/images/000097.png,.png,96058
runs/fmb_colmap_official_v1/episode3_side_1_full/images/000098.png,.png,95645
runs/fmb_colmap_official_v1/episode3_side_1_full/images/000099.png,.png,95280
runs/fmb_colmap_official_v1/episode3_side_1_full/images/000100.png,.png,95206
runs/fmb_colmap_official_v1/episode3_side_1_full/images/000101.png,.png,94661
runs/fmb_colmap_official_v1/episode3_side_1_full/images/000102.png,.png,94336
runs/fmb_colmap_official_v1/episode3_side_1_full/images/000103.png,.png,94265
runs/fmb_colmap_official_v1/episode3_side_1_full/images/000104.png,.png,93692
runs/fmb_colmap_official_v1/episode3_side_1_full/images/000105.png,.png,94381
runs/fmb_colmap_official_v1/episode3_side_1_full/images/000106.png,.png,95739
runs/fmb_colmap_official_v1/episode3_side_1_full/images/000107.png,.png,95477
runs/fmb_colmap_official_v1/episode3_side_1_full/images/000108.png,.png,95569
runs/fmb_colmap_official_v1/episode3_side_1_full/images/000109.png,.png,95319
runs/fmb_colmap_official_v1/episode3_side_1_full/images/000110.png,.png,95492
runs/fmb_colmap_official_v1/episode3_side_1_full/images/000111.png,.png,95245
runs/fmb_colmap_official_v1/episode3_side_1_full/images/000112.png,.png,95479
runs/fmb_colmap_official_v1/episode3_side_1_full/images/000113.png,.png,95536
runs/fmb_colmap_official_v1/episode3_side_1_full/images/000114.png,.png,95994
runs/fmb_colmap_official_v1/episode3_side_1_full/images/000115.png,.png,96152
runs/fmb_colmap_official_v1/episode3_side_1_full/images/000116.png,.png,96080
runs/fmb_colmap_official_v1/episode3_side_1_full/images/000117.png,.png,96225
runs/fmb_colmap_official_v1/episode3_side_1_full/images/000118.png,.png,96192
runs/fmb_colmap_official_v1/episode3_side_1_full/images/000119.png,.png,96182
runs/fmb_colmap_official_v1/episode3_side_1_full/images/000120.png,.png,96443
runs/fmb_colmap_official_v1/episode3_side_1_full/images/000121.png,.png,96441
runs/fmb_colmap_official_v1/episode3_side_1_full/images/000122.png,.png,96827
runs/fmb_colmap_official_v1/episode3_side_1_full/images/000123.png,.png,96733
runs/fmb_colmap_official_v1/episode3_side_1_full/images/000124.png,.png,96782
runs/fmb_colmap_official_v1/episode3_side_1_full/images/000125.png,.png,97172
runs/fmb_colmap_official_v1/episode3_side_1_full/images/000126.png,.png,97781
runs/fmb_colmap_official_v1/episode3_side_1_full/images/000127.png,.png,97726
runs/fmb_colmap_official_v1/episode3_side_1_full/images/000128.png,.png,98043
runs/fmb_colmap_official_v1/episode3_side_1_full/images/000129.png,.png,97895
runs/fmb_colmap_official_v1/episode3_side_1_full/images/000130.png,.png,97828
runs/fmb_colmap_official_v1/episode3_side_1_full/images/000131.png,.png,97456
runs/fmb_colmap_official_v1/episode3_side_1_full/images/000132.png,.png,95588
runs/fmb_colmap_official_v1/episode3_side_1_full/images/000133.png,.png,95561
runs/fmb_colmap_official_v1/episode3_side_1_full/images/000134.png,.png,95288
runs/fmb_colmap_official_v1/episode3_side_1_full/images/000135.png,.png,94142
runs/fmb_colmap_official_v1/episode3_side_1_full/images/000136.png,.png,93441
runs/fmb_colmap_official_v1/episode3_side_1_full/images/000137.png,.png,92339
runs/fmb_colmap_official_v1/episode3_side_1_full/images/000138.png,.png,91993
runs/fmb_colmap_official_v1/episode3_side_1_full/images/000139.png,.png,91089
runs/fmb_colmap_official_v1/episode3_side_1_full/images/000140.png,.png,89372
runs/fmb_colmap_official_v1/episode3_side_1_full/images/000141.png,.png,88718
runs/fmb_colmap_official_v1/episode3_side_1_full/images/000142.png,.png,88475
runs/fmb_colmap_official_v1/episode3_side_1_full/images/000143.png,.png,87864
runs/fmb_colmap_official_v1/episode3_side_1_full/images/000144.png,.png,86568
runs/fmb_colmap_official_v1/episode3_side_1_full/images/000145.png,.png,86614
runs/fmb_colmap_official_v1/episode3_side_1_full/images/000146.png,.png,86777
runs/fmb_colmap_official_v1/episode3_side_1_full/images/000147.png,.png,87184
runs/fmb_colmap_official_v1/episode3_side_1_full/images/000148.png,.png,87564
runs/fmb_colmap_official_v1/episode3_side_1_full/images/000149.png,.png,87931
runs/fmb_colmap_official_v1/episode3_side_1_full/images/000150.png,.png,88421
runs/fmb_colmap_official_v1/episode3_side_1_full/images/000151.png,.png,88261
runs/fmb_colmap_official_v1/episode3_side_1_full/images/000152.png,.png,88324
runs/fmb_colmap_official_v1/episode3_side_1_full/images/000153.png,.png,88033
runs/fmb_colmap_official_v1/episode3_side_1_full/images/000154.png,.png,87916
runs/fmb_colmap_official_v1/episode3_side_1_full/images/000155.png,.png,87719
runs/fmb_colmap_official_v1/episode3_side_1_full/images/000156.png,.png,87500
runs/fmb_colmap_official_v1/episode3_side_1_full/images/000157.png,.png,87802
runs/fmb_colmap_official_v1/episode3_side_1_full/images/000158.png,.png,87853
runs/fmb_colmap_official_v1/episode3_side_1_full/images/000159.png,.png,87930
runs/fmb_colmap_official_v1/episode3_side_1_full/images/000160.png,.png,87384
runs/fmb_colmap_official_v1/episode3_side_1_full/images/000161.png,.png,89027
runs/fmb_colmap_official_v1/episode3_side_1_full/images/000162.png,.png,89060
runs/fmb_colmap_official_v1/episode3_side_1_full/images/000163.png,.png,88915
runs/fmb_colmap_official_v1/episode3_side_1_full/images/000164.png,.png,87332
runs/fmb_colmap_official_v1/episode3_side_1_full/match_graph.json,.json,1247
runs/fmb_colmap_official_v1/episode3_side_1_full/match_images.csv,.csv,2928
runs/fmb_colmap_official_v1/episode3_side_1_full/match_pairs.csv,.csv,39073
runs/fmb_colmap_official_v1/episode3_side_1_full/sparse/0/cameras.bin,.bin,64
runs/fmb_colmap_official_v1/episode3_side_1_full/sparse/0/frames.bin,.bin,13868
runs/fmb_colmap_official_v1/episode3_side_1_full/sparse/0/images.bin,.bin,767639
runs/fmb_colmap_official_v1/episode3_side_1_full/sparse/0/points3D.bin,.bin,139691
runs/fmb_colmap_official_v1/episode3_side_1_full/sparse/0/rigs.bin,.bin,24
runs/fmb_colmap_official_v1/episode3_side_1_full/sparse/project.ini,.ini,12005
runs/fmb_colmap_official_v1/episode3_side_1_full/sparse_txt/0/cameras.txt,.txt,192
runs/fmb_colmap_official_v1/episode3_side_1_full/sparse_txt/0/converter.log,.log,0
runs/fmb_colmap_official_v1/episode3_side_1_full/sparse_txt/0/converter_stdout.log,.log,0
runs/fmb_colmap_official_v1/episode3_side_1_full/sparse_txt/0/frames.txt,.txt,27716
runs/fmb_colmap_official_v1/episode3_side_1_full/sparse_txt/0/images.txt,.txt,1310665
runs/fmb_colmap_official_v1/episode3_side_1_full/sparse_txt/0/points3D.txt,.txt,133930
runs/fmb_colmap_official_v1/episode3_side_1_full/sparse_txt/0/rigs.txt,.txt,222
runs/fmb_colmap_official_v1/episode3_side_1_full/sparse_txt/0/trajectory.csv,.csv,10581
runs/fmb_colmap_official_v1/episode3_side_1_full/summary.json,.json,176389
runs/fmb_colmap_official_v1/episode3_side_1_full/verified_pair_displacements.csv,.csv,81142
runs/fmb_colmap_official_v1/episode3_wrist_1_causal/colmap.log,.log,743286
runs/fmb_colmap_official_v1/episode3_wrist_1_causal/colmap_stdout.log,.log,0
runs/fmb_colmap_official_v1/episode3_wrist_1_causal/database.db,.db,4644864
runs/fmb_colmap_official_v1/episode3_wrist_1_causal/database.db-shm,.db-shm,32768
runs/fmb_colmap_official_v1/episode3_wrist_1_causal/database.db-wal,.db-wal,0
runs/fmb_colmap_official_v1/episode3_wrist_1_causal/execution.json,.json,2923
runs/fmb_colmap_official_v1/episode3_wrist_1_causal/images/000000.png,.png,89753
runs/fmb_colmap_official_v1/episode3_wrist_1_causal/images/000001.png,.png,89460
runs/fmb_colmap_official_v1/episode3_wrist_1_causal/images/000002.png,.png,87351
runs/fmb_colmap_official_v1/episode3_wrist_1_causal/images/000003.png,.png,85583
runs/fmb_colmap_official_v1/episode3_wrist_1_causal/images/000004.png,.png,84612
runs/fmb_colmap_official_v1/episode3_wrist_1_causal/images/000005.png,.png,84773
runs/fmb_colmap_official_v1/episode3_wrist_1_causal/images/000006.png,.png,85026
runs/fmb_colmap_official_v1/episode3_wrist_1_causal/images/000007.png,.png,85827
runs/fmb_colmap_official_v1/episode3_wrist_1_causal/images/000008.png,.png,86165
runs/fmb_colmap_official_v1/episode3_wrist_1_causal/images/000009.png,.png,86007
runs/fmb_colmap_official_v1/episode3_wrist_1_causal/images/000010.png,.png,85809
runs/fmb_colmap_official_v1/episode3_wrist_1_causal/images/000011.png,.png,85743
runs/fmb_colmap_official_v1/episode3_wrist_1_causal/images/000012.png,.png,85851
runs/fmb_colmap_official_v1/episode3_wrist_1_causal/images/000013.png,.png,85617
runs/fmb_colmap_official_v1/episode3_wrist_1_causal/images/000014.png,.png,85428
runs/fmb_colmap_official_v1/episode3_wrist_1_causal/images/000015.png,.png,85062
runs/fmb_colmap_official_v1/episode3_wrist_1_causal/images/000016.png,.png,85663
runs/fmb_colmap_official_v1/episode3_wrist_1_causal/images/000017.png,.png,85716
runs/fmb_colmap_official_v1/episode3_wrist_1_causal/images/000018.png,.png,86184
runs/fmb_colmap_official_v1/episode3_wrist_1_causal/images/000019.png,.png,85036
runs/fmb_colmap_official_v1/episode3_wrist_1_causal/images/000020.png,.png,84982
runs/fmb_colmap_official_v1/episode3_wrist_1_causal/images/000021.png,.png,85530
runs/fmb_colmap_official_v1/episode3_wrist_1_causal/images/000022.png,.png,87144
runs/fmb_colmap_official_v1/episode3_wrist_1_causal/images/000023.png,.png,89235
runs/fmb_colmap_official_v1/episode3_wrist_1_causal/images/000024.png,.png,87871
runs/fmb_colmap_official_v1/episode3_wrist_1_causal/images/000025.png,.png,86575
runs/fmb_colmap_official_v1/episode3_wrist_1_causal/images/000026.png,.png,86618
runs/fmb_colmap_official_v1/episode3_wrist_1_causal/images/000027.png,.png,86822
runs/fmb_colmap_official_v1/episode3_wrist_1_causal/images/000028.png,.png,91824
runs/fmb_colmap_official_v1/episode3_wrist_1_causal/images/000029.png,.png,92143
runs/fmb_colmap_official_v1/episode3_wrist_1_causal/images/000030.png,.png,91895
runs/fmb_colmap_official_v1/episode3_wrist_1_causal/images/000031.png,.png,91087
runs/fmb_colmap_official_v1/episode3_wrist_1_causal/images/000032.png,.png,89298
runs/fmb_colmap_official_v1/episode3_wrist_1_causal/images/000033.png,.png,91078
runs/fmb_colmap_official_v1/episode3_wrist_1_causal/images/000034.png,.png,91356
runs/fmb_colmap_official_v1/episode3_wrist_1_causal/images/000035.png,.png,89665
runs/fmb_colmap_official_v1/episode3_wrist_1_causal/images/000036.png,.png,88616
runs/fmb_colmap_official_v1/episode3_wrist_1_causal/images/000037.png,.png,90476
runs/fmb_colmap_official_v1/episode3_wrist_1_causal/images/000038.png,.png,89560
runs/fmb_colmap_official_v1/episode3_wrist_1_causal/images/000039.png,.png,89423
runs/fmb_colmap_official_v1/episode3_wrist_1_causal/images/000040.png,.png,90345
runs/fmb_colmap_official_v1/episode3_wrist_1_causal/images/000041.png,.png,88728
runs/fmb_colmap_official_v1/episode3_wrist_1_causal/images/000042.png,.png,91248
runs/fmb_colmap_official_v1/episode3_wrist_1_causal/images/000043.png,.png,91587
runs/fmb_colmap_official_v1/episode3_wrist_1_causal/images/000044.png,.png,91213
runs/fmb_colmap_official_v1/episode3_wrist_1_causal/images/000045.png,.png,91623
runs/fmb_colmap_official_v1/episode3_wrist_1_causal/images/000046.png,.png,91360
runs/fmb_colmap_official_v1/episode3_wrist_1_causal/images/000047.png,.png,91590
runs/fmb_colmap_official_v1/episode3_wrist_1_causal/images/000048.png,.png,91603
runs/fmb_colmap_official_v1/episode3_wrist_1_causal/images/000049.png,.png,91822
runs/fmb_colmap_official_v1/episode3_wrist_1_causal/images/000050.png,.png,91744
runs/fmb_colmap_official_v1/episode3_wrist_1_causal/images/000051.png,.png,91465
runs/fmb_colmap_official_v1/episode3_wrist_1_causal/images/000052.png,.png,91608
runs/fmb_colmap_official_v1/episode3_wrist_1_causal/images/000053.png,.png,91541
runs/fmb_colmap_official_v1/episode3_wrist_1_causal/images/000054.png,.png,91773
runs/fmb_colmap_official_v1/episode3_wrist_1_causal/images/000055.png,.png,91556
runs/fmb_colmap_official_v1/episode3_wrist_1_causal/images/000056.png,.png,91810
runs/fmb_colmap_official_v1/episode3_wrist_1_causal/images/000057.png,.png,91745
runs/fmb_colmap_official_v1/episode3_wrist_1_causal/images/000058.png,.png,91700
runs/fmb_colmap_official_v1/episode3_wrist_1_causal/images/000059.png,.png,91754
runs/fmb_colmap_official_v1/episode3_wrist_1_causal/images/000060.png,.png,91701
runs/fmb_colmap_official_v1/episode3_wrist_1_causal/images/000061.png,.png,91672
runs/fmb_colmap_official_v1/episode3_wrist_1_causal/images/000062.png,.png,91428
runs/fmb_colmap_official_v1/episode3_wrist_1_causal/images/000063.png,.png,91658
runs/fmb_colmap_official_v1/episode3_wrist_1_causal/images/000064.png,.png,91597
runs/fmb_colmap_official_v1/episode3_wrist_1_causal/images/000065.png,.png,91814
runs/fmb_colmap_official_v1/episode3_wrist_1_causal/images/000066.png,.png,91669
runs/fmb_colmap_official_v1/episode3_wrist_1_causal/images/000067.png,.png,91819
runs/fmb_colmap_official_v1/episode3_wrist_1_causal/images/000068.png,.png,91913
runs/fmb_colmap_official_v1/episode3_wrist_1_causal/images/000069.png,.png,91692
runs/fmb_colmap_official_v1/episode3_wrist_1_causal/images/000070.png,.png,91831
runs/fmb_colmap_official_v1/episode3_wrist_1_causal/images/000071.png,.png,91622
runs/fmb_colmap_official_v1/episode3_wrist_1_causal/images/000072.png,.png,89239
runs/fmb_colmap_official_v1/episode3_wrist_1_causal/images/000073.png,.png,88029
runs/fmb_colmap_official_v1/episode3_wrist_1_causal/images/000074.png,.png,86712
runs/fmb_colmap_official_v1/episode3_wrist_1_causal/images/000075.png,.png,86509
runs/fmb_colmap_official_v1/episode3_wrist_1_causal/images/000076.png,.png,86383
runs/fmb_colmap_official_v1/episode3_wrist_1_causal/images/000077.png,.png,86222
runs/fmb_colmap_official_v1/episode3_wrist_1_causal/images/000078.png,.png,86097
runs/fmb_colmap_official_v1/episode3_wrist_1_causal/images/000079.png,.png,86369
runs/fmb_colmap_official_v1/episode3_wrist_1_causal/images/000080.png,.png,86254
runs/fmb_colmap_official_v1/episode3_wrist_1_causal/images/000081.png,.png,86435
runs/fmb_colmap_official_v1/episode3_wrist_1_causal/images/000082.png,.png,86607
runs/fmb_colmap_official_v1/episode3_wrist_1_causal/images/000083.png,.png,85757
runs/fmb_colmap_official_v1/episode3_wrist_1_causal/images/000084.png,.png,86384
runs/fmb_colmap_official_v1/episode3_wrist_1_causal/images/000085.png,.png,86202
runs/fmb_colmap_official_v1/episode3_wrist_1_causal/images/000086.png,.png,86823
runs/fmb_colmap_official_v1/episode3_wrist_1_causal/images/000087.png,.png,88898
runs/fmb_colmap_official_v1/episode3_wrist_1_causal/images/000088.png,.png,83306
runs/fmb_colmap_official_v1/episode3_wrist_1_causal/images/000089.png,.png,83930
runs/fmb_colmap_official_v1/episode3_wrist_1_causal/images/000090.png,.png,85631
runs/fmb_colmap_official_v1/episode3_wrist_1_causal/images/000091.png,.png,85105
runs/fmb_colmap_official_v1/episode3_wrist_1_causal/images/000092.png,.png,85555
runs/fmb_colmap_official_v1/episode3_wrist_1_causal/images/000093.png,.png,85169
runs/fmb_colmap_official_v1/episode3_wrist_1_causal/images/000094.png,.png,84291
runs/fmb_colmap_official_v1/episode3_wrist_1_causal/images/000095.png,.png,84813
runs/fmb_colmap_official_v1/episode3_wrist_1_causal/images/000096.png,.png,85263
runs/fmb_colmap_official_v1/episode3_wrist_1_causal/images/000097.png,.png,86889
runs/fmb_colmap_official_v1/episode3_wrist_1_causal/images/000098.png,.png,87269
runs/fmb_colmap_official_v1/episode3_wrist_1_causal/images/000099.png,.png,89633
runs/fmb_colmap_official_v1/episode3_wrist_1_causal/images/000100.png,.png,91215
runs/fmb_colmap_official_v1/episode3_wrist_1_causal/images/000101.png,.png,91756
runs/fmb_colmap_official_v1/episode3_wrist_1_causal/images/000102.png,.png,92860
runs/fmb_colmap_official_v1/episode3_wrist_1_causal/images/000103.png,.png,93306
runs/fmb_colmap_official_v1/episode3_wrist_1_causal/images/000104.png,.png,94510
runs/fmb_colmap_official_v1/episode3_wrist_1_causal/images/000105.png,.png,94078
runs/fmb_colmap_official_v1/episode3_wrist_1_causal/images/000106.png,.png,95734
runs/fmb_colmap_official_v1/episode3_wrist_1_causal/images/000107.png,.png,95659
runs/fmb_colmap_official_v1/episode3_wrist_1_causal/images/000108.png,.png,95523
runs/fmb_colmap_official_v1/episode3_wrist_1_causal/images/000109.png,.png,94736
runs/fmb_colmap_official_v1/episode3_wrist_1_causal/images/000110.png,.png,93808
runs/fmb_colmap_official_v1/episode3_wrist_1_causal/images/000111.png,.png,93664
runs/fmb_colmap_official_v1/episode3_wrist_1_causal/images/000112.png,.png,93329
runs/fmb_colmap_official_v1/episode3_wrist_1_causal/images/000113.png,.png,92949
runs/fmb_colmap_official_v1/episode3_wrist_1_causal/images/000114.png,.png,91546
runs/fmb_colmap_official_v1/episode3_wrist_1_causal/images/000115.png,.png,91508
runs/fmb_colmap_official_v1/episode3_wrist_1_causal/images/000116.png,.png,91448
runs/fmb_colmap_official_v1/episode3_wrist_1_causal/images/000117.png,.png,91710
runs/fmb_colmap_official_v1/episode3_wrist_1_causal/images/000118.png,.png,92204
runs/fmb_colmap_official_v1/episode3_wrist_1_causal/images/000119.png,.png,92114
runs/fmb_colmap_official_v1/episode3_wrist_1_causal/images/000120.png,.png,92290
runs/fmb_colmap_official_v1/episode3_wrist_1_causal/images/000121.png,.png,91881
runs/fmb_colmap_official_v1/episode3_wrist_1_causal/images/000122.png,.png,92937
runs/fmb_colmap_official_v1/episode3_wrist_1_causal/images/000123.png,.png,92625
runs/fmb_colmap_official_v1/episode3_wrist_1_causal/images/000124.png,.png,91544
runs/fmb_colmap_official_v1/episode3_wrist_1_causal/images/000125.png,.png,90693
runs/fmb_colmap_official_v1/episode3_wrist_1_causal/images/000126.png,.png,90462
runs/fmb_colmap_official_v1/episode3_wrist_1_causal/images/000127.png,.png,91107
runs/fmb_colmap_official_v1/episode3_wrist_1_causal/images/000128.png,.png,93115
runs/fmb_colmap_official_v1/episode3_wrist_1_causal/images/000129.png,.png,92358
runs/fmb_colmap_official_v1/episode3_wrist_1_causal/images/000130.png,.png,92299
runs/fmb_colmap_official_v1/episode3_wrist_1_causal/match_graph.json,.json,2241
runs/fmb_colmap_official_v1/episode3_wrist_1_causal/match_images.csv,.csv,2256
runs/fmb_colmap_official_v1/episode3_wrist_1_causal/match_pairs.csv,.csv,27338
runs/fmb_colmap_official_v1/episode3_wrist_1_causal/sparse/0/cameras.bin,.bin,64
runs/fmb_colmap_official_v1/episode3_wrist_1_causal/sparse/0/frames.bin,.bin,5384
runs/fmb_colmap_official_v1/episode3_wrist_1_causal/sparse/0/images.bin,.bin,273424
runs/fmb_colmap_official_v1/episode3_wrist_1_causal/sparse/0/points3D.bin,.bin,70159
runs/fmb_colmap_official_v1/episode3_wrist_1_causal/sparse/0/rigs.bin,.bin,24
runs/fmb_colmap_official_v1/episode3_wrist_1_causal/sparse/1/cameras.bin,.bin,64
runs/fmb_colmap_official_v1/episode3_wrist_1_causal/sparse/1/frames.bin,.bin,848
runs/fmb_colmap_official_v1/episode3_wrist_1_causal/sparse/1/images.bin,.bin,34078
runs/fmb_colmap_official_v1/episode3_wrist_1_causal/sparse/1/points3D.bin,.bin,16555
runs/fmb_colmap_official_v1/episode3_wrist_1_causal/sparse/1/rigs.bin,.bin,24
runs/fmb_colmap_official_v1/episode3_wrist_1_causal/sparse/2/cameras.bin,.bin,64
runs/fmb_colmap_official_v1/episode3_wrist_1_causal/sparse/2/frames.bin,.bin,4712
runs/fmb_colmap_official_v1/episode3_wrist_1_causal/sparse/2/images.bin,.bin,155016
runs/fmb_colmap_official_v1/episode3_wrist_1_causal/sparse/2/points3D.bin,.bin,23704
runs/fmb_colmap_official_v1/episode3_wrist_1_causal/sparse/2/rigs.bin,.bin,24
runs/fmb_colmap_official_v1/episode3_wrist_1_causal/sparse/3/cameras.bin,.bin,64
runs/fmb_colmap_official_v1/episode3_wrist_1_causal/sparse/3/frames.bin,.bin,428
runs/fmb_colmap_official_v1/episode3_wrist_1_causal/sparse/3/images.bin,.bin,17439
runs/fmb_colmap_official_v1/episode3_wrist_1_causal/sparse/3/points3D.bin,.bin,9090
runs/fmb_colmap_official_v1/episode3_wrist_1_causal/sparse/3/rigs.bin,.bin,24
runs/fmb_colmap_official_v1/episode3_wrist_1_causal/sparse/4/cameras.bin,.bin,64
runs/fmb_colmap_official_v1/episode3_wrist_1_causal/sparse/4/frames.bin,.bin,1016
runs/fmb_colmap_official_v1/episode3_wrist_1_causal/sparse/4/images.bin,.bin,36692
runs/fmb_colmap_official_v1/episode3_wrist_1_causal/sparse/4/points3D.bin,.bin,10704
runs/fmb_colmap_official_v1/episode3_wrist_1_causal/sparse/4/rigs.bin,.bin,24
runs/fmb_colmap_official_v1/episode3_wrist_1_causal/sparse/5/cameras.bin,.bin,64
runs/fmb_colmap_official_v1/episode3_wrist_1_causal/sparse/5/frames.bin,.bin,1184
runs/fmb_colmap_official_v1/episode3_wrist_1_causal/sparse/5/images.bin,.bin,38874
runs/fmb_colmap_official_v1/episode3_wrist_1_causal/sparse/5/points3D.bin,.bin,14188
runs/fmb_colmap_official_v1/episode3_wrist_1_causal/sparse/5/rigs.bin,.bin,24
runs/fmb_colmap_official_v1/episode3_wrist_1_causal/sparse/6/cameras.bin,.bin,64
runs/fmb_colmap_official_v1/episode3_wrist_1_causal/sparse/6/frames.bin,.bin,848
runs/fmb_colmap_official_v1/episode3_wrist_1_causal/sparse/6/images.bin,.bin,30118
runs/fmb_colmap_official_v1/episode3_wrist_1_causal/sparse/6/points3D.bin,.bin,75
runs/fmb_colmap_official_v1/episode3_wrist_1_causal/sparse/6/rigs.bin,.bin,24
runs/fmb_colmap_official_v1/episode3_wrist_1_causal/sparse/project.ini,.ini,12011
runs/fmb_colmap_official_v1/episode3_wrist_1_causal/sparse_txt/0/cameras.txt,.txt,194
runs/fmb_colmap_official_v1/episode3_wrist_1_causal/sparse_txt/0/converter.log,.log,0
runs/fmb_colmap_official_v1/episode3_wrist_1_causal/sparse_txt/0/converter_stdout.log,.log,0
runs/fmb_colmap_official_v1/episode3_wrist_1_causal/sparse_txt/0/frames.txt,.txt,10745
runs/fmb_colmap_official_v1/episode3_wrist_1_causal/sparse_txt/0/images.txt,.txt,469182
runs/fmb_colmap_official_v1/episode3_wrist_1_causal/sparse_txt/0/points3D.txt,.txt,92213
runs/fmb_colmap_official_v1/episode3_wrist_1_causal/sparse_txt/0/rigs.txt,.txt,222
runs/fmb_colmap_official_v1/episode3_wrist_1_causal/sparse_txt/0/trajectory.csv,.csv,3948
runs/fmb_colmap_official_v1/episode3_wrist_1_causal/sparse_txt/1/cameras.txt,.txt,191
runs/fmb_colmap_official_v1/episode3_wrist_1_causal/sparse_txt/1/converter.log,.log,0
runs/fmb_colmap_official_v1/episode3_wrist_1_causal/sparse_txt/1/converter_stdout.log,.log,0
runs/fmb_colmap_official_v1/episode3_wrist_1_causal/sparse_txt/1/frames.txt,.txt,1826
runs/fmb_colmap_official_v1/episode3_wrist_1_causal/sparse_txt/1/images.txt,.txt,58343
runs/fmb_colmap_official_v1/episode3_wrist_1_causal/sparse_txt/1/points3D.txt,.txt,22408
runs/fmb_colmap_official_v1/episode3_wrist_1_causal/sparse_txt/1/rigs.txt,.txt,222
runs/fmb_colmap_official_v1/episode3_wrist_1_causal/sparse_txt/1/trajectory.csv,.csv,656
runs/fmb_colmap_official_v1/episode3_wrist_1_causal/sparse_txt/2/cameras.txt,.txt,192
runs/fmb_colmap_official_v1/episode3_wrist_1_causal/sparse_txt/2/converter.log,.log,0
runs/fmb_colmap_official_v1/episode3_wrist_1_causal/sparse_txt/2/converter_stdout.log,.log,0
runs/fmb_colmap_official_v1/episode3_wrist_1_causal/sparse_txt/2/frames.txt,.txt,9321
runs/fmb_colmap_official_v1/episode3_wrist_1_causal/sparse_txt/2/images.txt,.txt,264959
runs/fmb_colmap_official_v1/episode3_wrist_1_causal/sparse_txt/2/points3D.txt,.txt,24019
runs/fmb_colmap_official_v1/episode3_wrist_1_causal/sparse_txt/2/rigs.txt,.txt,222
runs/fmb_colmap_official_v1/episode3_wrist_1_causal/sparse_txt/2/trajectory.csv,.csv,3505
runs/fmb_colmap_official_v1/episode3_wrist_1_causal/sparse_txt/3/cameras.txt,.txt,190
runs/fmb_colmap_official_v1/episode3_wrist_1_causal/sparse_txt/3/converter.log,.log,0
runs/fmb_colmap_official_v1/episode3_wrist_1_causal/sparse_txt/3/converter_stdout.log,.log,0
runs/fmb_colmap_official_v1/episode3_wrist_1_causal/sparse_txt/3/frames.txt,.txt,1024
runs/fmb_colmap_official_v1/episode3_wrist_1_causal/sparse_txt/3/images.txt,.txt,29882
runs/fmb_colmap_official_v1/episode3_wrist_1_causal/sparse_txt/3/points3D.txt,.txt,13099
runs/fmb_colmap_official_v1/episode3_wrist_1_causal/sparse_txt/3/rigs.txt,.txt,222
runs/fmb_colmap_official_v1/episode3_wrist_1_causal/sparse_txt/3/trajectory.csv,.csv,337
runs/fmb_colmap_official_v1/episode3_wrist_1_causal/sparse_txt/4/cameras.txt,.txt,191
runs/fmb_colmap_official_v1/episode3_wrist_1_causal/sparse_txt/4/converter.log,.log,0
runs/fmb_colmap_official_v1/episode3_wrist_1_causal/sparse_txt/4/converter_stdout.log,.log,0
runs/fmb_colmap_official_v1/episode3_wrist_1_causal/sparse_txt/4/frames.txt,.txt,2161
runs/fmb_colmap_official_v1/episode3_wrist_1_causal/sparse_txt/4/images.txt,.txt,62771
runs/fmb_colmap_official_v1/episode3_wrist_1_causal/sparse_txt/4/points3D.txt,.txt,13340
runs/fmb_colmap_official_v1/episode3_wrist_1_causal/sparse_txt/4/rigs.txt,.txt,222
runs/fmb_colmap_official_v1/episode3_wrist_1_causal/sparse_txt/4/trajectory.csv,.csv,755
runs/fmb_colmap_official_v1/episode3_wrist_1_causal/sparse_txt/5/cameras.txt,.txt,191
runs/fmb_colmap_official_v1/episode3_wrist_1_causal/sparse_txt/5/converter.log,.log,0
runs/fmb_colmap_official_v1/episode3_wrist_1_causal/sparse_txt/5/converter_stdout.log,.log,0
runs/fmb_colmap_official_v1/episode3_wrist_1_causal/sparse_txt/5/frames.txt,.txt,2464
runs/fmb_colmap_official_v1/episode3_wrist_1_causal/sparse_txt/5/images.txt,.txt,66170
runs/fmb_colmap_official_v1/episode3_wrist_1_causal/sparse_txt/5/points3D.txt,.txt,16271
runs/fmb_colmap_official_v1/episode3_wrist_1_causal/sparse_txt/5/rigs.txt,.txt,222
runs/fmb_colmap_official_v1/episode3_wrist_1_causal/sparse_txt/5/trajectory.csv,.csv,898
runs/fmb_colmap_official_v1/episode3_wrist_1_causal/sparse_txt/6/cameras.txt,.txt,192
runs/fmb_colmap_official_v1/episode3_wrist_1_causal/sparse_txt/6/converter.log,.log,0
runs/fmb_colmap_official_v1/episode3_wrist_1_causal/sparse_txt/6/converter_stdout.log,.log,0
runs/fmb_colmap_official_v1/episode3_wrist_1_causal/sparse_txt/6/frames.txt,.txt,1879
runs/fmb_colmap_official_v1/episode3_wrist_1_causal/sparse_txt/6/images.txt,.txt,51488
runs/fmb_colmap_official_v1/episode3_wrist_1_causal/sparse_txt/6/points3D.txt,.txt,277
runs/fmb_colmap_official_v1/episode3_wrist_1_causal/sparse_txt/6/rigs.txt,.txt,222
runs/fmb_colmap_official_v1/episode3_wrist_1_causal/sparse_txt/6/trajectory.csv,.csv,644
runs/fmb_colmap_official_v1/episode3_wrist_1_causal/summary.json,.json,190600
runs/fmb_colmap_official_v1/episode3_wrist_1_causal/verified_pair_displacements.csv,.csv,49832
runs/fmb_colmap_official_v1/episode3_wrist_1_full/colmap.log,.log,407646
runs/fmb_colmap_official_v1/episode3_wrist_1_full/colmap_stdout.log,.log,0
runs/fmb_colmap_official_v1/episode3_wrist_1_full/database.db,.db,5959680
runs/fmb_colmap_official_v1/episode3_wrist_1_full/database.db-shm,.db-shm,32768
runs/fmb_colmap_official_v1/episode3_wrist_1_full/database.db-wal,.db-wal,0
runs/fmb_colmap_official_v1/episode3_wrist_1_full/execution.json,.json,2919
runs/fmb_colmap_official_v1/episode3_wrist_1_full/images/000000.png,.png,89753
runs/fmb_colmap_official_v1/episode3_wrist_1_full/images/000001.png,.png,89460
runs/fmb_colmap_official_v1/episode3_wrist_1_full/images/000002.png,.png,87351
runs/fmb_colmap_official_v1/episode3_wrist_1_full/images/000003.png,.png,85583
runs/fmb_colmap_official_v1/episode3_wrist_1_full/images/000004.png,.png,84612
runs/fmb_colmap_official_v1/episode3_wrist_1_full/images/000005.png,.png,84773
runs/fmb_colmap_official_v1/episode3_wrist_1_full/images/000006.png,.png,85026
runs/fmb_colmap_official_v1/episode3_wrist_1_full/images/000007.png,.png,85827
runs/fmb_colmap_official_v1/episode3_wrist_1_full/images/000008.png,.png,86165
runs/fmb_colmap_official_v1/episode3_wrist_1_full/images/000009.png,.png,86007
runs/fmb_colmap_official_v1/episode3_wrist_1_full/images/000010.png,.png,85809
runs/fmb_colmap_official_v1/episode3_wrist_1_full/images/000011.png,.png,85743
runs/fmb_colmap_official_v1/episode3_wrist_1_full/images/000012.png,.png,85851
runs/fmb_colmap_official_v1/episode3_wrist_1_full/images/000013.png,.png,85617
runs/fmb_colmap_official_v1/episode3_wrist_1_full/images/000014.png,.png,85428
runs/fmb_colmap_official_v1/episode3_wrist_1_full/images/000015.png,.png,85062
runs/fmb_colmap_official_v1/episode3_wrist_1_full/images/000016.png,.png,85663
runs/fmb_colmap_official_v1/episode3_wrist_1_full/images/000017.png,.png,85716
runs/fmb_colmap_official_v1/episode3_wrist_1_full/images/000018.png,.png,86184
runs/fmb_colmap_official_v1/episode3_wrist_1_full/images/000019.png,.png,85036
runs/fmb_colmap_official_v1/episode3_wrist_1_full/images/000020.png,.png,84982
runs/fmb_colmap_official_v1/episode3_wrist_1_full/images/000021.png,.png,85530
runs/fmb_colmap_official_v1/episode3_wrist_1_full/images/000022.png,.png,87144
runs/fmb_colmap_official_v1/episode3_wrist_1_full/images/000023.png,.png,89235
runs/fmb_colmap_official_v1/episode3_wrist_1_full/images/000024.png,.png,87871
runs/fmb_colmap_official_v1/episode3_wrist_1_full/images/000025.png,.png,86575
runs/fmb_colmap_official_v1/episode3_wrist_1_full/images/000026.png,.png,86618
runs/fmb_colmap_official_v1/episode3_wrist_1_full/images/000027.png,.png,86822
runs/fmb_colmap_official_v1/episode3_wrist_1_full/images/000028.png,.png,91824
runs/fmb_colmap_official_v1/episode3_wrist_1_full/images/000029.png,.png,92143
runs/fmb_colmap_official_v1/episode3_wrist_1_full/images/000030.png,.png,91895
runs/fmb_colmap_official_v1/episode3_wrist_1_full/images/000031.png,.png,91087
runs/fmb_colmap_official_v1/episode3_wrist_1_full/images/000032.png,.png,89298
runs/fmb_colmap_official_v1/episode3_wrist_1_full/images/000033.png,.png,91078
runs/fmb_colmap_official_v1/episode3_wrist_1_full/images/000034.png,.png,91356
runs/fmb_colmap_official_v1/episode3_wrist_1_full/images/000035.png,.png,89665
runs/fmb_colmap_official_v1/episode3_wrist_1_full/images/000036.png,.png,88616
runs/fmb_colmap_official_v1/episode3_wrist_1_full/images/000037.png,.png,90476
runs/fmb_colmap_official_v1/episode3_wrist_1_full/images/000038.png,.png,89560
runs/fmb_colmap_official_v1/episode3_wrist_1_full/images/000039.png,.png,89423
runs/fmb_colmap_official_v1/episode3_wrist_1_full/images/000040.png,.png,90345
runs/fmb_colmap_official_v1/episode3_wrist_1_full/images/000041.png,.png,88728
runs/fmb_colmap_official_v1/episode3_wrist_1_full/images/000042.png,.png,91248
runs/fmb_colmap_official_v1/episode3_wrist_1_full/images/000043.png,.png,91587
runs/fmb_colmap_official_v1/episode3_wrist_1_full/images/000044.png,.png,91213
runs/fmb_colmap_official_v1/episode3_wrist_1_full/images/000045.png,.png,91623
runs/fmb_colmap_official_v1/episode3_wrist_1_full/images/000046.png,.png,91360
runs/fmb_colmap_official_v1/episode3_wrist_1_full/images/000047.png,.png,91590
runs/fmb_colmap_official_v1/episode3_wrist_1_full/images/000048.png,.png,91603
runs/fmb_colmap_official_v1/episode3_wrist_1_full/images/000049.png,.png,91822
runs/fmb_colmap_official_v1/episode3_wrist_1_full/images/000050.png,.png,91744
runs/fmb_colmap_official_v1/episode3_wrist_1_full/images/000051.png,.png,91465
runs/fmb_colmap_official_v1/episode3_wrist_1_full/images/000052.png,.png,91608
runs/fmb_colmap_official_v1/episode3_wrist_1_full/images/000053.png,.png,91541
runs/fmb_colmap_official_v1/episode3_wrist_1_full/images/000054.png,.png,91773
runs/fmb_colmap_official_v1/episode3_wrist_1_full/images/000055.png,.png,91556
runs/fmb_colmap_official_v1/episode3_wrist_1_full/images/000056.png,.png,91810
runs/fmb_colmap_official_v1/episode3_wrist_1_full/images/000057.png,.png,91745
runs/fmb_colmap_official_v1/episode3_wrist_1_full/images/000058.png,.png,91700
runs/fmb_colmap_official_v1/episode3_wrist_1_full/images/000059.png,.png,91754
runs/fmb_colmap_official_v1/episode3_wrist_1_full/images/000060.png,.png,91701
runs/fmb_colmap_official_v1/episode3_wrist_1_full/images/000061.png,.png,91672
runs/fmb_colmap_official_v1/episode3_wrist_1_full/images/000062.png,.png,91428
runs/fmb_colmap_official_v1/episode3_wrist_1_full/images/000063.png,.png,91658
runs/fmb_colmap_official_v1/episode3_wrist_1_full/images/000064.png,.png,91597
runs/fmb_colmap_official_v1/episode3_wrist_1_full/images/000065.png,.png,91814
runs/fmb_colmap_official_v1/episode3_wrist_1_full/images/000066.png,.png,91669
runs/fmb_colmap_official_v1/episode3_wrist_1_full/images/000067.png,.png,91819
runs/fmb_colmap_official_v1/episode3_wrist_1_full/images/000068.png,.png,91913
runs/fmb_colmap_official_v1/episode3_wrist_1_full/images/000069.png,.png,91692
runs/fmb_colmap_official_v1/episode3_wrist_1_full/images/000070.png,.png,91831
runs/fmb_colmap_official_v1/episode3_wrist_1_full/images/000071.png,.png,91622
runs/fmb_colmap_official_v1/episode3_wrist_1_full/images/000072.png,.png,89239
runs/fmb_colmap_official_v1/episode3_wrist_1_full/images/000073.png,.png,88029
runs/fmb_colmap_official_v1/episode3_wrist_1_full/images/000074.png,.png,86712
runs/fmb_colmap_official_v1/episode3_wrist_1_full/images/000075.png,.png,86509
runs/fmb_colmap_official_v1/episode3_wrist_1_full/images/000076.png,.png,86383
runs/fmb_colmap_official_v1/episode3_wrist_1_full/images/000077.png,.png,86222
runs/fmb_colmap_official_v1/episode3_wrist_1_full/images/000078.png,.png,86097
runs/fmb_colmap_official_v1/episode3_wrist_1_full/images/000079.png,.png,86369
runs/fmb_colmap_official_v1/episode3_wrist_1_full/images/000080.png,.png,86254
runs/fmb_colmap_official_v1/episode3_wrist_1_full/images/000081.png,.png,86435
runs/fmb_colmap_official_v1/episode3_wrist_1_full/images/000082.png,.png,86607
runs/fmb_colmap_official_v1/episode3_wrist_1_full/images/000083.png,.png,85757
runs/fmb_colmap_official_v1/episode3_wrist_1_full/images/000084.png,.png,86384
runs/fmb_colmap_official_v1/episode3_wrist_1_full/images/000085.png,.png,86202
runs/fmb_colmap_official_v1/episode3_wrist_1_full/images/000086.png,.png,86823
runs/fmb_colmap_official_v1/episode3_wrist_1_full/images/000087.png,.png,88898
runs/fmb_colmap_official_v1/episode3_wrist_1_full/images/000088.png,.png,83306
runs/fmb_colmap_official_v1/episode3_wrist_1_full/images/000089.png,.png,83930
runs/fmb_colmap_official_v1/episode3_wrist_1_full/images/000090.png,.png,85631
runs/fmb_colmap_official_v1/episode3_wrist_1_full/images/000091.png,.png,85105
runs/fmb_colmap_official_v1/episode3_wrist_1_full/images/000092.png,.png,85555
runs/fmb_colmap_official_v1/episode3_wrist_1_full/images/000093.png,.png,85169
runs/fmb_colmap_official_v1/episode3_wrist_1_full/images/000094.png,.png,84291
runs/fmb_colmap_official_v1/episode3_wrist_1_full/images/000095.png,.png,84813
runs/fmb_colmap_official_v1/episode3_wrist_1_full/images/000096.png,.png,85263
runs/fmb_colmap_official_v1/episode3_wrist_1_full/images/000097.png,.png,86889
runs/fmb_colmap_official_v1/episode3_wrist_1_full/images/000098.png,.png,87269
runs/fmb_colmap_official_v1/episode3_wrist_1_full/images/000099.png,.png,89633
runs/fmb_colmap_official_v1/episode3_wrist_1_full/images/000100.png,.png,91215
runs/fmb_colmap_official_v1/episode3_wrist_1_full/images/000101.png,.png,91756
runs/fmb_colmap_official_v1/episode3_wrist_1_full/images/000102.png,.png,92860
runs/fmb_colmap_official_v1/episode3_wrist_1_full/images/000103.png,.png,93306
runs/fmb_colmap_official_v1/episode3_wrist_1_full/images/000104.png,.png,94510
runs/fmb_colmap_official_v1/episode3_wrist_1_full/images/000105.png,.png,94078
runs/fmb_colmap_official_v1/episode3_wrist_1_full/images/000106.png,.png,95734
runs/fmb_colmap_official_v1/episode3_wrist_1_full/images/000107.png,.png,95659
runs/fmb_colmap_official_v1/episode3_wrist_1_full/images/000108.png,.png,95523
runs/fmb_colmap_official_v1/episode3_wrist_1_full/images/000109.png,.png,94736
runs/fmb_colmap_official_v1/episode3_wrist_1_full/images/000110.png,.png,93808
runs/fmb_colmap_official_v1/episode3_wrist_1_full/images/000111.png,.png,93664
runs/fmb_colmap_official_v1/episode3_wrist_1_full/images/000112.png,.png,93329
runs/fmb_colmap_official_v1/episode3_wrist_1_full/images/000113.png,.png,92949
runs/fmb_colmap_official_v1/episode3_wrist_1_full/images/000114.png,.png,91546
runs/fmb_colmap_official_v1/episode3_wrist_1_full/images/000115.png,.png,91508
runs/fmb_colmap_official_v1/episode3_wrist_1_full/images/000116.png,.png,91448
runs/fmb_colmap_official_v1/episode3_wrist_1_full/images/000117.png,.png,91710
runs/fmb_colmap_official_v1/episode3_wrist_1_full/images/000118.png,.png,92204
runs/fmb_colmap_official_v1/episode3_wrist_1_full/images/000119.png,.png,92114
runs/fmb_colmap_official_v1/episode3_wrist_1_full/images/000120.png,.png,92290
runs/fmb_colmap_official_v1/episode3_wrist_1_full/images/000121.png,.png,91881
runs/fmb_colmap_official_v1/episode3_wrist_1_full/images/000122.png,.png,92937
runs/fmb_colmap_official_v1/episode3_wrist_1_full/images/000123.png,.png,92625
runs/fmb_colmap_official_v1/episode3_wrist_1_full/images/000124.png,.png,91544
runs/fmb_colmap_official_v1/episode3_wrist_1_full/images/000125.png,.png,90693
runs/fmb_colmap_official_v1/episode3_wrist_1_full/images/000126.png,.png,90462
runs/fmb_colmap_official_v1/episode3_wrist_1_full/images/000127.png,.png,91107
runs/fmb_colmap_official_v1/episode3_wrist_1_full/images/000128.png,.png,93115
runs/fmb_colmap_official_v1/episode3_wrist_1_full/images/000129.png,.png,92358
runs/fmb_colmap_official_v1/episode3_wrist_1_full/images/000130.png,.png,92299
runs/fmb_colmap_official_v1/episode3_wrist_1_full/images/000131.png,.png,91975
runs/fmb_colmap_official_v1/episode3_wrist_1_full/images/000132.png,.png,93876
runs/fmb_colmap_official_v1/episode3_wrist_1_full/images/000133.png,.png,94092
runs/fmb_colmap_official_v1/episode3_wrist_1_full/images/000134.png,.png,93011
runs/fmb_colmap_official_v1/episode3_wrist_1_full/images/000135.png,.png,93221
runs/fmb_colmap_official_v1/episode3_wrist_1_full/images/000136.png,.png,93312
runs/fmb_colmap_official_v1/episode3_wrist_1_full/images/000137.png,.png,94542
runs/fmb_colmap_official_v1/episode3_wrist_1_full/images/000138.png,.png,94667
runs/fmb_colmap_official_v1/episode3_wrist_1_full/images/000139.png,.png,93114
runs/fmb_colmap_official_v1/episode3_wrist_1_full/images/000140.png,.png,93400
runs/fmb_colmap_official_v1/episode3_wrist_1_full/images/000141.png,.png,94369
runs/fmb_colmap_official_v1/episode3_wrist_1_full/images/000142.png,.png,93677
runs/fmb_colmap_official_v1/episode3_wrist_1_full/images/000143.png,.png,93714
runs/fmb_colmap_official_v1/episode3_wrist_1_full/images/000144.png,.png,95847
runs/fmb_colmap_official_v1/episode3_wrist_1_full/images/000145.png,.png,95775
runs/fmb_colmap_official_v1/episode3_wrist_1_full/images/000146.png,.png,95949
runs/fmb_colmap_official_v1/episode3_wrist_1_full/images/000147.png,.png,97096
runs/fmb_colmap_official_v1/episode3_wrist_1_full/images/000148.png,.png,98134
runs/fmb_colmap_official_v1/episode3_wrist_1_full/images/000149.png,.png,98773
runs/fmb_colmap_official_v1/episode3_wrist_1_full/images/000150.png,.png,99003
runs/fmb_colmap_official_v1/episode3_wrist_1_full/images/000151.png,.png,98853
runs/fmb_colmap_official_v1/episode3_wrist_1_full/images/000152.png,.png,95874
runs/fmb_colmap_official_v1/episode3_wrist_1_full/images/000153.png,.png,95105
runs/fmb_colmap_official_v1/episode3_wrist_1_full/images/000154.png,.png,94299
runs/fmb_colmap_official_v1/episode3_wrist_1_full/images/000155.png,.png,95298
runs/fmb_colmap_official_v1/episode3_wrist_1_full/images/000156.png,.png,95642
runs/fmb_colmap_official_v1/episode3_wrist_1_full/images/000157.png,.png,95702
runs/fmb_colmap_official_v1/episode3_wrist_1_full/images/000158.png,.png,96032
runs/fmb_colmap_official_v1/episode3_wrist_1_full/images/000159.png,.png,96390
runs/fmb_colmap_official_v1/episode3_wrist_1_full/images/000160.png,.png,96562
runs/fmb_colmap_official_v1/episode3_wrist_1_full/images/000161.png,.png,99594
runs/fmb_colmap_official_v1/episode3_wrist_1_full/images/000162.png,.png,100557
runs/fmb_colmap_official_v1/episode3_wrist_1_full/images/000163.png,.png,100692
runs/fmb_colmap_official_v1/episode3_wrist_1_full/images/000164.png,.png,97211
runs/fmb_colmap_official_v1/episode3_wrist_1_full/match_graph.json,.json,2420
runs/fmb_colmap_official_v1/episode3_wrist_1_full/match_images.csv,.csv,2872
runs/fmb_colmap_official_v1/episode3_wrist_1_full/match_pairs.csv,.csv,36293
runs/fmb_colmap_official_v1/episode3_wrist_1_full/sparse/0/cameras.bin,.bin,64
runs/fmb_colmap_official_v1/episode3_wrist_1_full/sparse/0/frames.bin,.bin,9164
runs/fmb_colmap_official_v1/episode3_wrist_1_full/sparse/0/images.bin,.bin,412447
runs/fmb_colmap_official_v1/episode3_wrist_1_full/sparse/0/points3D.bin,.bin,96508
runs/fmb_colmap_official_v1/episode3_wrist_1_full/sparse/0/rigs.bin,.bin,24
runs/fmb_colmap_official_v1/episode3_wrist_1_full/sparse/1/cameras.bin,.bin,64
runs/fmb_colmap_official_v1/episode3_wrist_1_full/sparse/1/frames.bin,.bin,3368
runs/fmb_colmap_official_v1/episode3_wrist_1_full/sparse/1/images.bin,.bin,161848
runs/fmb_colmap_official_v1/episode3_wrist_1_full/sparse/1/points3D.bin,.bin,40036
runs/fmb_colmap_official_v1/episode3_wrist_1_full/sparse/1/rigs.bin,.bin,24
runs/fmb_colmap_official_v1/episode3_wrist_1_full/sparse/2/cameras.bin,.bin,64
runs/fmb_colmap_official_v1/episode3_wrist_1_full/sparse/2/frames.bin,.bin,1352
runs/fmb_colmap_official_v1/episode3_wrist_1_full/sparse/2/images.bin,.bin,68920
runs/fmb_colmap_official_v1/episode3_wrist_1_full/sparse/2/points3D.bin,.bin,21301
runs/fmb_colmap_official_v1/episode3_wrist_1_full/sparse/2/rigs.bin,.bin,24
runs/fmb_colmap_official_v1/episode3_wrist_1_full/sparse/3/cameras.bin,.bin,64
runs/fmb_colmap_official_v1/episode3_wrist_1_full/sparse/3/frames.bin,.bin,512
runs/fmb_colmap_official_v1/episode3_wrist_1_full/sparse/3/images.bin,.bin,20954
runs/fmb_colmap_official_v1/episode3_wrist_1_full/sparse/3/points3D.bin,.bin,12236
runs/fmb_colmap_official_v1/episode3_wrist_1_full/sparse/3/rigs.bin,.bin,24
runs/fmb_colmap_official_v1/episode3_wrist_1_full/sparse/4/cameras.bin,.bin,64
runs/fmb_colmap_official_v1/episode3_wrist_1_full/sparse/4/frames.bin,.bin,848
runs/fmb_colmap_official_v1/episode3_wrist_1_full/sparse/4/images.bin,.bin,33526
runs/fmb_colmap_official_v1/episode3_wrist_1_full/sparse/4/points3D.bin,.bin,2311
runs/fmb_colmap_official_v1/episode3_wrist_1_full/sparse/4/rigs.bin,.bin,24
runs/fmb_colmap_official_v1/episode3_wrist_1_full/sparse/5/cameras.bin,.bin,64
runs/fmb_colmap_official_v1/episode3_wrist_1_full/sparse/5/frames.bin,.bin,1100
runs/fmb_colmap_official_v1/episode3_wrist_1_full/sparse/5/images.bin,.bin,35335
runs/fmb_colmap_official_v1/episode3_wrist_1_full/sparse/5/points3D.bin,.bin,195
runs/fmb_colmap_official_v1/episode3_wrist_1_full/sparse/5/rigs.bin,.bin,24
runs/fmb_colmap_official_v1/episode3_wrist_1_full/sparse/6/cameras.bin,.bin,64
runs/fmb_colmap_official_v1/episode3_wrist_1_full/sparse/6/frames.bin,.bin,1268
runs/fmb_colmap_official_v1/episode3_wrist_1_full/sparse/6/images.bin,.bin,40709
runs/fmb_colmap_official_v1/episode3_wrist_1_full/sparse/6/points3D.bin,.bin,8
runs/fmb_colmap_official_v1/episode3_wrist_1_full/sparse/6/rigs.bin,.bin,24
runs/fmb_colmap_official_v1/episode3_wrist_1_full/sparse/7/cameras.bin,.bin,64
runs/fmb_colmap_official_v1/episode3_wrist_1_full/sparse/7/frames.bin,.bin,848
runs/fmb_colmap_official_v1/episode3_wrist_1_full/sparse/7/images.bin,.bin,26182
runs/fmb_colmap_official_v1/episode3_wrist_1_full/sparse/7/points3D.bin,.bin,8
runs/fmb_colmap_official_v1/episode3_wrist_1_full/sparse/7/rigs.bin,.bin,24
runs/fmb_colmap_official_v1/episode3_wrist_1_full/sparse/project.ini,.ini,12007
runs/fmb_colmap_official_v1/episode3_wrist_1_full/sparse_txt/0/cameras.txt,.txt,191
runs/fmb_colmap_official_v1/episode3_wrist_1_full/sparse_txt/0/converter.log,.log,0
runs/fmb_colmap_official_v1/episode3_wrist_1_full/sparse_txt/0/converter_stdout.log,.log,0
runs/fmb_colmap_official_v1/episode3_wrist_1_full/sparse_txt/0/frames.txt,.txt,18022
runs/fmb_colmap_official_v1/episode3_wrist_1_full/sparse_txt/0/images.txt,.txt,709481
runs/fmb_colmap_official_v1/episode3_wrist_1_full/sparse_txt/0/points3D.txt,.txt,106974
runs/fmb_colmap_official_v1/episode3_wrist_1_full/sparse_txt/0/rigs.txt,.txt,222
runs/fmb_colmap_official_v1/episode3_wrist_1_full/sparse_txt/0/trajectory.csv,.csv,6745
runs/fmb_colmap_official_v1/episode3_wrist_1_full/sparse_txt/1/cameras.txt,.txt,194
runs/fmb_colmap_official_v1/episode3_wrist_1_full/sparse_txt/1/converter.log,.log,0
runs/fmb_colmap_official_v1/episode3_wrist_1_full/sparse_txt/1/converter_stdout.log,.log,0
runs/fmb_colmap_official_v1/episode3_wrist_1_full/sparse_txt/1/frames.txt,.txt,6908
runs/fmb_colmap_official_v1/episode3_wrist_1_full/sparse_txt/1/images.txt,.txt,277769
runs/fmb_colmap_official_v1/episode3_wrist_1_full/sparse_txt/1/points3D.txt,.txt,50562
runs/fmb_colmap_official_v1/episode3_wrist_1_full/sparse_txt/1/rigs.txt,.txt,222
runs/fmb_colmap_official_v1/episode3_wrist_1_full/sparse_txt/1/trajectory.csv,.csv,2517
runs/fmb_colmap_official_v1/episode3_wrist_1_full/sparse_txt/2/cameras.txt,.txt,195
runs/fmb_colmap_official_v1/episode3_wrist_1_full/sparse_txt/2/converter.log,.log,0
runs/fmb_colmap_official_v1/episode3_wrist_1_full/sparse_txt/2/converter_stdout.log,.log,0
runs/fmb_colmap_official_v1/episode3_wrist_1_full/sparse_txt/2/frames.txt,.txt,2835
runs/fmb_colmap_official_v1/episode3_wrist_1_full/sparse_txt/2/images.txt,.txt,117997
runs/fmb_colmap_official_v1/episode3_wrist_1_full/sparse_txt/2/points3D.txt,.txt,28356
runs/fmb_colmap_official_v1/episode3_wrist_1_full/sparse_txt/2/rigs.txt,.txt,222
runs/fmb_colmap_official_v1/episode3_wrist_1_full/sparse_txt/2/trajectory.csv,.csv,1021
runs/fmb_colmap_official_v1/episode3_wrist_1_full/sparse_txt/3/cameras.txt,.txt,191
runs/fmb_colmap_official_v1/episode3_wrist_1_full/sparse_txt/3/converter.log,.log,0
runs/fmb_colmap_official_v1/episode3_wrist_1_full/sparse_txt/3/converter_stdout.log,.log,0
runs/fmb_colmap_official_v1/episode3_wrist_1_full/sparse_txt/3/frames.txt,.txt,1187
runs/fmb_colmap_official_v1/episode3_wrist_1_full/sparse_txt/3/images.txt,.txt,35890
runs/fmb_colmap_official_v1/episode3_wrist_1_full/sparse_txt/3/points3D.txt,.txt,17809
runs/fmb_colmap_official_v1/episode3_wrist_1_full/sparse_txt/3/rigs.txt,.txt,222
runs/fmb_colmap_official_v1/episode3_wrist_1_full/sparse_txt/3/trajectory.csv,.csv,395
runs/fmb_colmap_official_v1/episode3_wrist_1_full/sparse_txt/4/cameras.txt,.txt,191
runs/fmb_colmap_official_v1/episode3_wrist_1_full/sparse_txt/4/converter.log,.log,0
runs/fmb_colmap_official_v1/episode3_wrist_1_full/sparse_txt/4/converter_stdout.log,.log,0
runs/fmb_colmap_official_v1/episode3_wrist_1_full/sparse_txt/4/frames.txt,.txt,1857
runs/fmb_colmap_official_v1/episode3_wrist_1_full/sparse_txt/4/images.txt,.txt,57209
runs/fmb_colmap_official_v1/episode3_wrist_1_full/sparse_txt/4/points3D.txt,.txt,3114
runs/fmb_colmap_official_v1/episode3_wrist_1_full/sparse_txt/4/rigs.txt,.txt,222
runs/fmb_colmap_official_v1/episode3_wrist_1_full/sparse_txt/4/trajectory.csv,.csv,658
runs/fmb_colmap_official_v1/episode3_wrist_1_full/sparse_txt/5/cameras.txt,.txt,191
runs/fmb_colmap_official_v1/episode3_wrist_1_full/sparse_txt/5/converter.log,.log,0
runs/fmb_colmap_official_v1/episode3_wrist_1_full/sparse_txt/5/converter_stdout.log,.log,0
runs/fmb_colmap_official_v1/episode3_wrist_1_full/sparse_txt/5/frames.txt,.txt,2355
runs/fmb_colmap_official_v1/episode3_wrist_1_full/sparse_txt/5/images.txt,.txt,60208
runs/fmb_colmap_official_v1/episode3_wrist_1_full/sparse_txt/5/points3D.txt,.txt,369
runs/fmb_colmap_official_v1/episode3_wrist_1_full/sparse_txt/5/rigs.txt,.txt,222
runs/fmb_colmap_official_v1/episode3_wrist_1_full/sparse_txt/5/trajectory.csv,.csv,828
runs/fmb_colmap_official_v1/episode3_wrist_1_full/sparse_txt/6/cameras.txt,.txt,190
runs/fmb_colmap_official_v1/episode3_wrist_1_full/sparse_txt/6/converter.log,.log,0
runs/fmb_colmap_official_v1/episode3_wrist_1_full/sparse_txt/6/converter_stdout.log,.log,0
runs/fmb_colmap_official_v1/episode3_wrist_1_full/sparse_txt/6/frames.txt,.txt,2696
runs/fmb_colmap_official_v1/episode3_wrist_1_full/sparse_txt/6/images.txt,.txt,69341
runs/fmb_colmap_official_v1/episode3_wrist_1_full/sparse_txt/6/points3D.txt,.txt,172
runs/fmb_colmap_official_v1/episode3_wrist_1_full/sparse_txt/6/rigs.txt,.txt,222
runs/fmb_colmap_official_v1/episode3_wrist_1_full/sparse_txt/6/trajectory.csv,.csv,975
runs/fmb_colmap_official_v1/episode3_wrist_1_full/sparse_txt/7/cameras.txt,.txt,191
runs/fmb_colmap_official_v1/episode3_wrist_1_full/sparse_txt/7/converter.log,.log,0
runs/fmb_colmap_official_v1/episode3_wrist_1_full/sparse_txt/7/converter_stdout.log,.log,0
runs/fmb_colmap_official_v1/episode3_wrist_1_full/sparse_txt/7/frames.txt,.txt,1853
runs/fmb_colmap_official_v1/episode3_wrist_1_full/sparse_txt/7/images.txt,.txt,44628
runs/fmb_colmap_official_v1/episode3_wrist_1_full/sparse_txt/7/points3D.txt,.txt,172
runs/fmb_colmap_official_v1/episode3_wrist_1_full/sparse_txt/7/rigs.txt,.txt,222
runs/fmb_colmap_official_v1/episode3_wrist_1_full/sparse_txt/7/trajectory.csv,.csv,649
runs/fmb_colmap_official_v1/episode3_wrist_1_full/summary.json,.json,237111
runs/fmb_colmap_official_v1/episode3_wrist_1_full/verified_pair_displacements.csv,.csv,62814
runs/fmb_colmap_official_v1/experiment_results.csv,.csv,724
runs/fmb_colmap_official_v1/input_contact_sheet.jpg,.jpg,215781
runs/fmb_colmap_official_v1/png/episode2/side_1/000000.png,.png,97581
runs/fmb_colmap_official_v1/png/episode2/side_1/000001.png,.png,97434
runs/fmb_colmap_official_v1/png/episode2/side_1/000002.png,.png,97489
runs/fmb_colmap_official_v1/png/episode2/side_1/000003.png,.png,97573
runs/fmb_colmap_official_v1/png/episode2/side_1/000004.png,.png,97523
runs/fmb_colmap_official_v1/png/episode2/side_1/000005.png,.png,97498
runs/fmb_colmap_official_v1/png/episode2/side_1/000006.png,.png,97430
runs/fmb_colmap_official_v1/png/episode2/side_1/000007.png,.png,97483
runs/fmb_colmap_official_v1/png/episode2/side_1/000008.png,.png,97597
runs/fmb_colmap_official_v1/png/episode2/side_1/000009.png,.png,97609
runs/fmb_colmap_official_v1/png/episode2/side_1/000010.png,.png,98007
runs/fmb_colmap_official_v1/png/episode2/side_1/000011.png,.png,97943
runs/fmb_colmap_official_v1/png/episode2/side_1/000012.png,.png,98015
runs/fmb_colmap_official_v1/png/episode2/side_1/000013.png,.png,98021
runs/fmb_colmap_official_v1/png/episode2/side_1/000014.png,.png,97960
runs/fmb_colmap_official_v1/png/episode2/side_1/000015.png,.png,98104
runs/fmb_colmap_official_v1/png/episode2/side_1/000016.png,.png,98008
runs/fmb_colmap_official_v1/png/episode2/side_1/000017.png,.png,98246
runs/fmb_colmap_official_v1/png/episode2/side_1/000018.png,.png,98195
runs/fmb_colmap_official_v1/png/episode2/side_1/000019.png,.png,98186
runs/fmb_colmap_official_v1/png/episode2/side_1/000020.png,.png,98230
runs/fmb_colmap_official_v1/png/episode2/side_1/000021.png,.png,98226
runs/fmb_colmap_official_v1/png/episode2/side_1/000022.png,.png,98224
runs/fmb_colmap_official_v1/png/episode2/side_1/000023.png,.png,98136
runs/fmb_colmap_official_v1/png/episode2/side_1/000024.png,.png,98120
runs/fmb_colmap_official_v1/png/episode2/side_1/000025.png,.png,97913
runs/fmb_colmap_official_v1/png/episode2/side_1/000026.png,.png,98085
runs/fmb_colmap_official_v1/png/episode2/side_1/000027.png,.png,98240
runs/fmb_colmap_official_v1/png/episode2/side_1/000028.png,.png,98076
runs/fmb_colmap_official_v1/png/episode2/side_1/000029.png,.png,98240
runs/fmb_colmap_official_v1/png/episode2/side_1/000030.png,.png,98177
runs/fmb_colmap_official_v1/png/episode2/side_1/000031.png,.png,98037
runs/fmb_colmap_official_v1/png/episode2/side_1/000032.png,.png,98161
runs/fmb_colmap_official_v1/png/episode2/side_1/000033.png,.png,98260
runs/fmb_colmap_official_v1/png/episode2/side_1/000034.png,.png,98225
runs/fmb_colmap_official_v1/png/episode2/side_1/000035.png,.png,98118
runs/fmb_colmap_official_v1/png/episode2/side_1/000036.png,.png,98153
runs/fmb_colmap_official_v1/png/episode2/side_1/000037.png,.png,98060
runs/fmb_colmap_official_v1/png/episode2/side_1/000038.png,.png,98217
runs/fmb_colmap_official_v1/png/episode2/side_1/000039.png,.png,98001
runs/fmb_colmap_official_v1/png/episode2/side_1/000040.png,.png,98073
runs/fmb_colmap_official_v1/png/episode2/side_1/000041.png,.png,98094
runs/fmb_colmap_official_v1/png/episode2/side_1/000042.png,.png,98136
runs/fmb_colmap_official_v1/png/episode2/side_1/000043.png,.png,98175
runs/fmb_colmap_official_v1/png/episode2/side_1/000044.png,.png,98197
runs/fmb_colmap_official_v1/png/episode2/side_1/000045.png,.png,98247
runs/fmb_colmap_official_v1/png/episode2/side_1/000046.png,.png,98045
runs/fmb_colmap_official_v1/png/episode2/side_1/000047.png,.png,97959
runs/fmb_colmap_official_v1/png/episode2/side_1/000048.png,.png,97983
runs/fmb_colmap_official_v1/png/episode2/side_1/000049.png,.png,98211
runs/fmb_colmap_official_v1/png/episode2/side_1/000050.png,.png,98018
runs/fmb_colmap_official_v1/png/episode2/side_1/000051.png,.png,98288
runs/fmb_colmap_official_v1/png/episode2/side_1/000052.png,.png,98162
runs/fmb_colmap_official_v1/png/episode2/side_1/000053.png,.png,98010
runs/fmb_colmap_official_v1/png/episode2/side_1/000054.png,.png,98022
runs/fmb_colmap_official_v1/png/episode2/side_1/000055.png,.png,98116
runs/fmb_colmap_official_v1/png/episode2/side_1/000056.png,.png,98054
runs/fmb_colmap_official_v1/png/episode2/side_1/000057.png,.png,98001
runs/fmb_colmap_official_v1/png/episode2/side_1/000058.png,.png,98021
runs/fmb_colmap_official_v1/png/episode2/side_1/000059.png,.png,97975
runs/fmb_colmap_official_v1/png/episode2/side_1/000060.png,.png,97996
runs/fmb_colmap_official_v1/png/episode2/side_1/000061.png,.png,98140
runs/fmb_colmap_official_v1/png/episode2/side_1/000062.png,.png,98038
runs/fmb_colmap_official_v1/png/episode2/side_1/000063.png,.png,98179
runs/fmb_colmap_official_v1/png/episode2/side_1/000064.png,.png,98107
runs/fmb_colmap_official_v1/png/episode2/side_1/000065.png,.png,98225
runs/fmb_colmap_official_v1/png/episode2/side_1/000066.png,.png,98003
runs/fmb_colmap_official_v1/png/episode2/side_1/000067.png,.png,98105
runs/fmb_colmap_official_v1/png/episode2/side_1/000068.png,.png,98189
runs/fmb_colmap_official_v1/png/episode2/side_1/000069.png,.png,97936
runs/fmb_colmap_official_v1/png/episode2/side_1/000070.png,.png,98090
runs/fmb_colmap_official_v1/png/episode2/side_1/000071.png,.png,97889
runs/fmb_colmap_official_v1/png/episode2/side_1/000072.png,.png,97854
runs/fmb_colmap_official_v1/png/episode2/side_1/000073.png,.png,97590
runs/fmb_colmap_official_v1/png/episode2/side_1/000074.png,.png,97377
runs/fmb_colmap_official_v1/png/episode2/side_1/000075.png,.png,97345
runs/fmb_colmap_official_v1/png/episode2/side_1/000076.png,.png,97265
runs/fmb_colmap_official_v1/png/episode2/side_1/000077.png,.png,97221
runs/fmb_colmap_official_v1/png/episode2/side_1/000078.png,.png,97138
runs/fmb_colmap_official_v1/png/episode2/side_1/000079.png,.png,96933
runs/fmb_colmap_official_v1/png/episode2/side_1/000080.png,.png,96815
runs/fmb_colmap_official_v1/png/episode2/side_1/000081.png,.png,96948
runs/fmb_colmap_official_v1/png/episode2/side_1/000082.png,.png,96624
runs/fmb_colmap_official_v1/png/episode2/side_1/000083.png,.png,96763
runs/fmb_colmap_official_v1/png/episode2/side_1/000084.png,.png,96586
runs/fmb_colmap_official_v1/png/episode2/side_1/000085.png,.png,96512
runs/fmb_colmap_official_v1/png/episode2/side_1/000086.png,.png,96462
runs/fmb_colmap_official_v1/png/episode2/side_1/000087.png,.png,96465
runs/fmb_colmap_official_v1/png/episode2/side_1/000088.png,.png,96349
runs/fmb_colmap_official_v1/png/episode2/side_1/000089.png,.png,96257
runs/fmb_colmap_official_v1/png/episode2/side_1/000090.png,.png,96332
runs/fmb_colmap_official_v1/png/episode2/side_1/000091.png,.png,96091
runs/fmb_colmap_official_v1/png/episode2/side_1/000092.png,.png,96005
runs/fmb_colmap_official_v1/png/episode2/side_1/000093.png,.png,95999
runs/fmb_colmap_official_v1/png/episode2/side_1/000094.png,.png,95984
runs/fmb_colmap_official_v1/png/episode2/side_1/000095.png,.png,95840
runs/fmb_colmap_official_v1/png/episode2/side_1/000096.png,.png,95876
runs/fmb_colmap_official_v1/png/episode2/side_1/000097.png,.png,95591
runs/fmb_colmap_official_v1/png/episode2/side_1/000098.png,.png,95486
runs/fmb_colmap_official_v1/png/episode2/side_1/000099.png,.png,94958
runs/fmb_colmap_official_v1/png/episode2/side_1/000100.png,.png,94752
runs/fmb_colmap_official_v1/png/episode2/side_1/000101.png,.png,95066
runs/fmb_colmap_official_v1/png/episode2/side_1/000102.png,.png,94296
runs/fmb_colmap_official_v1/png/episode2/side_1/000103.png,.png,94051
runs/fmb_colmap_official_v1/png/episode2/side_1/000104.png,.png,93783
runs/fmb_colmap_official_v1/png/episode2/side_1/000105.png,.png,93082
runs/fmb_colmap_official_v1/png/episode2/side_1/000106.png,.png,94219
runs/fmb_colmap_official_v1/png/episode2/side_1/000107.png,.png,95192
runs/fmb_colmap_official_v1/png/episode2/side_1/000108.png,.png,94937
runs/fmb_colmap_official_v1/png/episode2/side_1/000109.png,.png,95063
runs/fmb_colmap_official_v1/png/episode2/side_1/000110.png,.png,94880
runs/fmb_colmap_official_v1/png/episode2/side_1/000111.png,.png,94921
runs/fmb_colmap_official_v1/png/episode2/side_1/000112.png,.png,94780
runs/fmb_colmap_official_v1/png/episode2/side_1/000113.png,.png,94697
runs/fmb_colmap_official_v1/png/episode2/side_1/000114.png,.png,94848
runs/fmb_colmap_official_v1/png/episode2/side_1/000115.png,.png,94935
runs/fmb_colmap_official_v1/png/episode2/side_1/000116.png,.png,94819
runs/fmb_colmap_official_v1/png/episode2/side_1/000117.png,.png,95112
runs/fmb_colmap_official_v1/png/episode2/side_1/000118.png,.png,95492
runs/fmb_colmap_official_v1/png/episode2/side_1/000119.png,.png,96010
runs/fmb_colmap_official_v1/png/episode2/side_1/000120.png,.png,96123
runs/fmb_colmap_official_v1/png/episode2/side_1/000121.png,.png,96153
runs/fmb_colmap_official_v1/png/episode2/side_1/000122.png,.png,96674
runs/fmb_colmap_official_v1/png/episode2/side_1/000123.png,.png,96956
runs/fmb_colmap_official_v1/png/episode2/side_1/000124.png,.png,97119
runs/fmb_colmap_official_v1/png/episode2/side_1/000125.png,.png,97901
runs/fmb_colmap_official_v1/png/episode2/side_1/000126.png,.png,98231
runs/fmb_colmap_official_v1/png/episode2/side_1/000127.png,.png,98639
runs/fmb_colmap_official_v1/png/episode2/side_1/000128.png,.png,99039
runs/fmb_colmap_official_v1/png/episode2/side_1/000129.png,.png,99005
runs/fmb_colmap_official_v1/png/episode2/side_1/000130.png,.png,99149
runs/fmb_colmap_official_v1/png/episode2/side_1/000131.png,.png,99003
runs/fmb_colmap_official_v1/png/episode2/side_1/000132.png,.png,99018
runs/fmb_colmap_official_v1/png/episode2/side_1/000133.png,.png,97184
runs/fmb_colmap_official_v1/png/episode2/side_1/000134.png,.png,94390
runs/fmb_colmap_official_v1/png/episode2/side_1/000135.png,.png,94170
runs/fmb_colmap_official_v1/png/episode2/side_1/000136.png,.png,93383
runs/fmb_colmap_official_v1/png/episode2/side_1/000137.png,.png,92053
runs/fmb_colmap_official_v1/png/episode2/side_1/000138.png,.png,91409
runs/fmb_colmap_official_v1/png/episode2/side_1/000139.png,.png,90527
runs/fmb_colmap_official_v1/png/episode2/side_1/000140.png,.png,89524
runs/fmb_colmap_official_v1/png/episode2/side_1/000141.png,.png,88957
runs/fmb_colmap_official_v1/png/episode2/side_1/000142.png,.png,88151
runs/fmb_colmap_official_v1/png/episode2/side_1/000143.png,.png,87663
runs/fmb_colmap_official_v1/png/episode2/side_1/000144.png,.png,87365
runs/fmb_colmap_official_v1/png/episode2/side_1/000145.png,.png,87404
runs/fmb_colmap_official_v1/png/episode2/side_1/000146.png,.png,88272
runs/fmb_colmap_official_v1/png/episode2/side_1/000147.png,.png,89078
runs/fmb_colmap_official_v1/png/episode2/wrist_1/000000.png,.png,91449
runs/fmb_colmap_official_v1/png/episode2/wrist_1/000001.png,.png,89671
runs/fmb_colmap_official_v1/png/episode2/wrist_1/000002.png,.png,87675
runs/fmb_colmap_official_v1/png/episode2/wrist_1/000003.png,.png,88831
runs/fmb_colmap_official_v1/png/episode2/wrist_1/000004.png,.png,88082
runs/fmb_colmap_official_v1/png/episode2/wrist_1/000005.png,.png,86839
runs/fmb_colmap_official_v1/png/episode2/wrist_1/000006.png,.png,86951
runs/fmb_colmap_official_v1/png/episode2/wrist_1/000007.png,.png,86492
runs/fmb_colmap_official_v1/png/episode2/wrist_1/000008.png,.png,87261
runs/fmb_colmap_official_v1/png/episode2/wrist_1/000009.png,.png,86454
runs/fmb_colmap_official_v1/png/episode2/wrist_1/000010.png,.png,86260
runs/fmb_colmap_official_v1/png/episode2/wrist_1/000011.png,.png,85211
runs/fmb_colmap_official_v1/png/episode2/wrist_1/000012.png,.png,85292
runs/fmb_colmap_official_v1/png/episode2/wrist_1/000013.png,.png,85653
runs/fmb_colmap_official_v1/png/episode2/wrist_1/000014.png,.png,85916
runs/fmb_colmap_official_v1/png/episode2/wrist_1/000015.png,.png,86301
runs/fmb_colmap_official_v1/png/episode2/wrist_1/000016.png,.png,86807
runs/fmb_colmap_official_v1/png/episode2/wrist_1/000017.png,.png,89075
runs/fmb_colmap_official_v1/png/episode2/wrist_1/000018.png,.png,89113
runs/fmb_colmap_official_v1/png/episode2/wrist_1/000019.png,.png,89662
runs/fmb_colmap_official_v1/png/episode2/wrist_1/000020.png,.png,90780
runs/fmb_colmap_official_v1/png/episode2/wrist_1/000021.png,.png,90546
runs/fmb_colmap_official_v1/png/episode2/wrist_1/000022.png,.png,91458
runs/fmb_colmap_official_v1/png/episode2/wrist_1/000023.png,.png,91112
runs/fmb_colmap_official_v1/png/episode2/wrist_1/000024.png,.png,91045
runs/fmb_colmap_official_v1/png/episode2/wrist_1/000025.png,.png,90995
runs/fmb_colmap_official_v1/png/episode2/wrist_1/000026.png,.png,90962
runs/fmb_colmap_official_v1/png/episode2/wrist_1/000027.png,.png,90216
runs/fmb_colmap_official_v1/png/episode2/wrist_1/000028.png,.png,90208
runs/fmb_colmap_official_v1/png/episode2/wrist_1/000029.png,.png,90447
runs/fmb_colmap_official_v1/png/episode2/wrist_1/000030.png,.png,89626
runs/fmb_colmap_official_v1/png/episode2/wrist_1/000031.png,.png,89217
runs/fmb_colmap_official_v1/png/episode2/wrist_1/000032.png,.png,90391
runs/fmb_colmap_official_v1/png/episode2/wrist_1/000033.png,.png,90609
runs/fmb_colmap_official_v1/png/episode2/wrist_1/000034.png,.png,90747
runs/fmb_colmap_official_v1/png/episode2/wrist_1/000035.png,.png,89385
runs/fmb_colmap_official_v1/png/episode2/wrist_1/000036.png,.png,90085
runs/fmb_colmap_official_v1/png/episode2/wrist_1/000037.png,.png,91160
runs/fmb_colmap_official_v1/png/episode2/wrist_1/000038.png,.png,91136
runs/fmb_colmap_official_v1/png/episode2/wrist_1/000039.png,.png,91204
runs/fmb_colmap_official_v1/png/episode2/wrist_1/000040.png,.png,91223
runs/fmb_colmap_official_v1/png/episode2/wrist_1/000041.png,.png,91204
runs/fmb_colmap_official_v1/png/episode2/wrist_1/000042.png,.png,91125
runs/fmb_colmap_official_v1/png/episode2/wrist_1/000043.png,.png,91227
runs/fmb_colmap_official_v1/png/episode2/wrist_1/000044.png,.png,91206
runs/fmb_colmap_official_v1/png/episode2/wrist_1/000045.png,.png,91405
runs/fmb_colmap_official_v1/png/episode2/wrist_1/000046.png,.png,91269
runs/fmb_colmap_official_v1/png/episode2/wrist_1/000047.png,.png,91228
runs/fmb_colmap_official_v1/png/episode2/wrist_1/000048.png,.png,91251
runs/fmb_colmap_official_v1/png/episode2/wrist_1/000049.png,.png,91009
runs/fmb_colmap_official_v1/png/episode2/wrist_1/000050.png,.png,91233
runs/fmb_colmap_official_v1/png/episode2/wrist_1/000051.png,.png,91078
runs/fmb_colmap_official_v1/png/episode2/wrist_1/000052.png,.png,91095
runs/fmb_colmap_official_v1/png/episode2/wrist_1/000053.png,.png,91335
runs/fmb_colmap_official_v1/png/episode2/wrist_1/000054.png,.png,91209
runs/fmb_colmap_official_v1/png/episode2/wrist_1/000055.png,.png,91199
runs/fmb_colmap_official_v1/png/episode2/wrist_1/000056.png,.png,90946
runs/fmb_colmap_official_v1/png/episode2/wrist_1/000057.png,.png,91105
runs/fmb_colmap_official_v1/png/episode2/wrist_1/000058.png,.png,91029
runs/fmb_colmap_official_v1/png/episode2/wrist_1/000059.png,.png,91159
runs/fmb_colmap_official_v1/png/episode2/wrist_1/000060.png,.png,91156
runs/fmb_colmap_official_v1/png/episode2/wrist_1/000061.png,.png,91127
runs/fmb_colmap_official_v1/png/episode2/wrist_1/000062.png,.png,91232
runs/fmb_colmap_official_v1/png/episode2/wrist_1/000063.png,.png,91410
runs/fmb_colmap_official_v1/png/episode2/wrist_1/000064.png,.png,91162
runs/fmb_colmap_official_v1/png/episode2/wrist_1/000065.png,.png,91034
runs/fmb_colmap_official_v1/png/episode2/wrist_1/000066.png,.png,91044
runs/fmb_colmap_official_v1/png/episode2/wrist_1/000067.png,.png,87968
runs/fmb_colmap_official_v1/png/episode2/wrist_1/000068.png,.png,87085
runs/fmb_colmap_official_v1/png/episode2/wrist_1/000069.png,.png,86362
runs/fmb_colmap_official_v1/png/episode2/wrist_1/000070.png,.png,85667
runs/fmb_colmap_official_v1/png/episode2/wrist_1/000071.png,.png,85501
runs/fmb_colmap_official_v1/png/episode2/wrist_1/000072.png,.png,85160
runs/fmb_colmap_official_v1/png/episode2/wrist_1/000073.png,.png,84804
runs/fmb_colmap_official_v1/png/episode2/wrist_1/000074.png,.png,84142
runs/fmb_colmap_official_v1/png/episode2/wrist_1/000075.png,.png,84492
runs/fmb_colmap_official_v1/png/episode2/wrist_1/000076.png,.png,84061
runs/fmb_colmap_official_v1/png/episode2/wrist_1/000077.png,.png,84371
runs/fmb_colmap_official_v1/png/episode2/wrist_1/000078.png,.png,84263
runs/fmb_colmap_official_v1/png/episode2/wrist_1/000079.png,.png,84591
runs/fmb_colmap_official_v1/png/episode2/wrist_1/000080.png,.png,84554
runs/fmb_colmap_official_v1/png/episode2/wrist_1/000081.png,.png,84554
runs/fmb_colmap_official_v1/png/episode2/wrist_1/000082.png,.png,84808
runs/fmb_colmap_official_v1/png/episode2/wrist_1/000083.png,.png,84694
runs/fmb_colmap_official_v1/png/episode2/wrist_1/000084.png,.png,85006
runs/fmb_colmap_official_v1/png/episode2/wrist_1/000085.png,.png,84711
runs/fmb_colmap_official_v1/png/episode2/wrist_1/000086.png,.png,84717
runs/fmb_colmap_official_v1/png/episode2/wrist_1/000087.png,.png,84679
runs/fmb_colmap_official_v1/png/episode2/wrist_1/000088.png,.png,84483
runs/fmb_colmap_official_v1/png/episode2/wrist_1/000089.png,.png,84591
runs/fmb_colmap_official_v1/png/episode2/wrist_1/000090.png,.png,84713
runs/fmb_colmap_official_v1/png/episode2/wrist_1/000091.png,.png,84581
runs/fmb_colmap_official_v1/png/episode2/wrist_1/000092.png,.png,84723
runs/fmb_colmap_official_v1/png/episode2/wrist_1/000093.png,.png,85774
runs/fmb_colmap_official_v1/png/episode2/wrist_1/000094.png,.png,82662
runs/fmb_colmap_official_v1/png/episode2/wrist_1/000095.png,.png,85347
runs/fmb_colmap_official_v1/png/episode2/wrist_1/000096.png,.png,84552
runs/fmb_colmap_official_v1/png/episode2/wrist_1/000097.png,.png,85015
runs/fmb_colmap_official_v1/png/episode2/wrist_1/000098.png,.png,86905
runs/fmb_colmap_official_v1/png/episode2/wrist_1/000099.png,.png,87290
runs/fmb_colmap_official_v1/png/episode2/wrist_1/000100.png,.png,89049
runs/fmb_colmap_official_v1/png/episode2/wrist_1/000101.png,.png,89284
runs/fmb_colmap_official_v1/png/episode2/wrist_1/000102.png,.png,90974
runs/fmb_colmap_official_v1/png/episode2/wrist_1/000103.png,.png,91389
runs/fmb_colmap_official_v1/png/episode2/wrist_1/000104.png,.png,93571
runs/fmb_colmap_official_v1/png/episode2/wrist_1/000105.png,.png,94170
runs/fmb_colmap_official_v1/png/episode2/wrist_1/000106.png,.png,94089
runs/fmb_colmap_official_v1/png/episode2/wrist_1/000107.png,.png,95129
runs/fmb_colmap_official_v1/png/episode2/wrist_1/000108.png,.png,95175
runs/fmb_colmap_official_v1/png/episode2/wrist_1/000109.png,.png,94800
runs/fmb_colmap_official_v1/png/episode2/wrist_1/000110.png,.png,94110
runs/fmb_colmap_official_v1/png/episode2/wrist_1/000111.png,.png,94422
runs/fmb_colmap_official_v1/png/episode2/wrist_1/000112.png,.png,94530
runs/fmb_colmap_official_v1/png/episode2/wrist_1/000113.png,.png,94151
runs/fmb_colmap_official_v1/png/episode2/wrist_1/000114.png,.png,94305
runs/fmb_colmap_official_v1/png/episode2/wrist_1/000115.png,.png,93972
runs/fmb_colmap_official_v1/png/episode2/wrist_1/000116.png,.png,93776
runs/fmb_colmap_official_v1/png/episode2/wrist_1/000117.png,.png,93556
runs/fmb_colmap_official_v1/png/episode2/wrist_1/000118.png,.png,93057
runs/fmb_colmap_official_v1/png/episode2/wrist_1/000119.png,.png,92401
runs/fmb_colmap_official_v1/png/episode2/wrist_1/000120.png,.png,91608
runs/fmb_colmap_official_v1/png/episode2/wrist_1/000121.png,.png,91631
runs/fmb_colmap_official_v1/png/episode2/wrist_1/000122.png,.png,91498
runs/fmb_colmap_official_v1/png/episode2/wrist_1/000123.png,.png,91412
runs/fmb_colmap_official_v1/png/episode2/wrist_1/000124.png,.png,91386
runs/fmb_colmap_official_v1/png/episode2/wrist_1/000125.png,.png,91191
runs/fmb_colmap_official_v1/png/episode2/wrist_1/000126.png,.png,90744
runs/fmb_colmap_official_v1/png/episode2/wrist_1/000127.png,.png,90358
runs/fmb_colmap_official_v1/png/episode2/wrist_1/000128.png,.png,90508
runs/fmb_colmap_official_v1/png/episode2/wrist_1/000129.png,.png,91265
runs/fmb_colmap_official_v1/png/episode2/wrist_1/000130.png,.png,91431
runs/fmb_colmap_official_v1/png/episode2/wrist_1/000131.png,.png,91011
runs/fmb_colmap_official_v1/png/episode2/wrist_1/000132.png,.png,91324
runs/fmb_colmap_official_v1/png/episode2/wrist_1/000133.png,.png,91376
runs/fmb_colmap_official_v1/png/episode2/wrist_1/000134.png,.png,92510
runs/fmb_colmap_official_v1/png/episode2/wrist_1/000135.png,.png,92846
runs/fmb_colmap_official_v1/png/episode2/wrist_1/000136.png,.png,93136
runs/fmb_colmap_official_v1/png/episode2/wrist_1/000137.png,.png,93514
runs/fmb_colmap_official_v1/png/episode2/wrist_1/000138.png,.png,93632
runs/fmb_colmap_official_v1/png/episode2/wrist_1/000139.png,.png,93554
runs/fmb_colmap_official_v1/png/episode2/wrist_1/000140.png,.png,93151
runs/fmb_colmap_official_v1/png/episode2/wrist_1/000141.png,.png,93412
runs/fmb_colmap_official_v1/png/episode2/wrist_1/000142.png,.png,93212
runs/fmb_colmap_official_v1/png/episode2/wrist_1/000143.png,.png,93609
runs/fmb_colmap_official_v1/png/episode2/wrist_1/000144.png,.png,93770
runs/fmb_colmap_official_v1/png/episode2/wrist_1/000145.png,.png,96179
runs/fmb_colmap_official_v1/png/episode2/wrist_1/000146.png,.png,98382
runs/fmb_colmap_official_v1/png/episode2/wrist_1/000147.png,.png,95888
runs/fmb_colmap_official_v1/png/episode3/side_1/000000.png,.png,97799
runs/fmb_colmap_official_v1/png/episode3/side_1/000001.png,.png,97920
runs/fmb_colmap_official_v1/png/episode3/side_1/000002.png,.png,97876
runs/fmb_colmap_official_v1/png/episode3/side_1/000003.png,.png,97634
runs/fmb_colmap_official_v1/png/episode3/side_1/000004.png,.png,97587
runs/fmb_colmap_official_v1/png/episode3/side_1/000005.png,.png,97514
runs/fmb_colmap_official_v1/png/episode3/side_1/000006.png,.png,97432
runs/fmb_colmap_official_v1/png/episode3/side_1/000007.png,.png,97569
runs/fmb_colmap_official_v1/png/episode3/side_1/000008.png,.png,97493
runs/fmb_colmap_official_v1/png/episode3/side_1/000009.png,.png,97594
runs/fmb_colmap_official_v1/png/episode3/side_1/000010.png,.png,97453
runs/fmb_colmap_official_v1/png/episode3/side_1/000011.png,.png,97410
runs/fmb_colmap_official_v1/png/episode3/side_1/000012.png,.png,97284
runs/fmb_colmap_official_v1/png/episode3/side_1/000013.png,.png,97339
runs/fmb_colmap_official_v1/png/episode3/side_1/000014.png,.png,97299
runs/fmb_colmap_official_v1/png/episode3/side_1/000015.png,.png,97271
runs/fmb_colmap_official_v1/png/episode3/side_1/000016.png,.png,97543
runs/fmb_colmap_official_v1/png/episode3/side_1/000017.png,.png,97457
runs/fmb_colmap_official_v1/png/episode3/side_1/000018.png,.png,97504
runs/fmb_colmap_official_v1/png/episode3/side_1/000019.png,.png,97576
runs/fmb_colmap_official_v1/png/episode3/side_1/000020.png,.png,97560
runs/fmb_colmap_official_v1/png/episode3/side_1/000021.png,.png,97529
runs/fmb_colmap_official_v1/png/episode3/side_1/000022.png,.png,97482
runs/fmb_colmap_official_v1/png/episode3/side_1/000023.png,.png,97396
runs/fmb_colmap_official_v1/png/episode3/side_1/000024.png,.png,97500
runs/fmb_colmap_official_v1/png/episode3/side_1/000025.png,.png,97695
runs/fmb_colmap_official_v1/png/episode3/side_1/000026.png,.png,97625
runs/fmb_colmap_official_v1/png/episode3/side_1/000027.png,.png,97858
runs/fmb_colmap_official_v1/png/episode3/side_1/000028.png,.png,97854
runs/fmb_colmap_official_v1/png/episode3/side_1/000029.png,.png,97675
runs/fmb_colmap_official_v1/png/episode3/side_1/000030.png,.png,97938
runs/fmb_colmap_official_v1/png/episode3/side_1/000031.png,.png,97903
runs/fmb_colmap_official_v1/png/episode3/side_1/000032.png,.png,97862
runs/fmb_colmap_official_v1/png/episode3/side_1/000033.png,.png,97892
runs/fmb_colmap_official_v1/png/episode3/side_1/000034.png,.png,97753
runs/fmb_colmap_official_v1/png/episode3/side_1/000035.png,.png,97781
runs/fmb_colmap_official_v1/png/episode3/side_1/000036.png,.png,97826
runs/fmb_colmap_official_v1/png/episode3/side_1/000037.png,.png,97879
runs/fmb_colmap_official_v1/png/episode3/side_1/000038.png,.png,97690
runs/fmb_colmap_official_v1/png/episode3/side_1/000039.png,.png,97889
runs/fmb_colmap_official_v1/png/episode3/side_1/000040.png,.png,97718
runs/fmb_colmap_official_v1/png/episode3/side_1/000041.png,.png,97749
runs/fmb_colmap_official_v1/png/episode3/side_1/000042.png,.png,97871
runs/fmb_colmap_official_v1/png/episode3/side_1/000043.png,.png,97870
runs/fmb_colmap_official_v1/png/episode3/side_1/000044.png,.png,97857
runs/fmb_colmap_official_v1/png/episode3/side_1/000045.png,.png,97929
runs/fmb_colmap_official_v1/png/episode3/side_1/000046.png,.png,97772
runs/fmb_colmap_official_v1/png/episode3/side_1/000047.png,.png,97743
runs/fmb_colmap_official_v1/png/episode3/side_1/000048.png,.png,97718
runs/fmb_colmap_official_v1/png/episode3/side_1/000049.png,.png,97788
runs/fmb_colmap_official_v1/png/episode3/side_1/000050.png,.png,97840
runs/fmb_colmap_official_v1/png/episode3/side_1/000051.png,.png,97894
runs/fmb_colmap_official_v1/png/episode3/side_1/000052.png,.png,97951
runs/fmb_colmap_official_v1/png/episode3/side_1/000053.png,.png,97870
runs/fmb_colmap_official_v1/png/episode3/side_1/000054.png,.png,97809
runs/fmb_colmap_official_v1/png/episode3/side_1/000055.png,.png,97922
runs/fmb_colmap_official_v1/png/episode3/side_1/000056.png,.png,97850
runs/fmb_colmap_official_v1/png/episode3/side_1/000057.png,.png,97860
runs/fmb_colmap_official_v1/png/episode3/side_1/000058.png,.png,97717
runs/fmb_colmap_official_v1/png/episode3/side_1/000059.png,.png,97919
runs/fmb_colmap_official_v1/png/episode3/side_1/000060.png,.png,97925
runs/fmb_colmap_official_v1/png/episode3/side_1/000061.png,.png,97737
runs/fmb_colmap_official_v1/png/episode3/side_1/000062.png,.png,97846
runs/fmb_colmap_official_v1/png/episode3/side_1/000063.png,.png,97976
runs/fmb_colmap_official_v1/png/episode3/side_1/000064.png,.png,97942
runs/fmb_colmap_official_v1/png/episode3/side_1/000065.png,.png,97922
runs/fmb_colmap_official_v1/png/episode3/side_1/000066.png,.png,97879
runs/fmb_colmap_official_v1/png/episode3/side_1/000067.png,.png,97832
runs/fmb_colmap_official_v1/png/episode3/side_1/000068.png,.png,97836
runs/fmb_colmap_official_v1/png/episode3/side_1/000069.png,.png,97810
runs/fmb_colmap_official_v1/png/episode3/side_1/000070.png,.png,97856
runs/fmb_colmap_official_v1/png/episode3/side_1/000071.png,.png,97893
runs/fmb_colmap_official_v1/png/episode3/side_1/000072.png,.png,97882
runs/fmb_colmap_official_v1/png/episode3/side_1/000073.png,.png,97822
runs/fmb_colmap_official_v1/png/episode3/side_1/000074.png,.png,97831
runs/fmb_colmap_official_v1/png/episode3/side_1/000075.png,.png,97497
runs/fmb_colmap_official_v1/png/episode3/side_1/000076.png,.png,97502
runs/fmb_colmap_official_v1/png/episode3/side_1/000077.png,.png,97332
runs/fmb_colmap_official_v1/png/episode3/side_1/000078.png,.png,97298
runs/fmb_colmap_official_v1/png/episode3/side_1/000079.png,.png,97131
runs/fmb_colmap_official_v1/png/episode3/side_1/000080.png,.png,97078
runs/fmb_colmap_official_v1/png/episode3/side_1/000081.png,.png,97146
runs/fmb_colmap_official_v1/png/episode3/side_1/000082.png,.png,97018
runs/fmb_colmap_official_v1/png/episode3/side_1/000083.png,.png,96913
runs/fmb_colmap_official_v1/png/episode3/side_1/000084.png,.png,97028
runs/fmb_colmap_official_v1/png/episode3/side_1/000085.png,.png,96887
runs/fmb_colmap_official_v1/png/episode3/side_1/000086.png,.png,96745
runs/fmb_colmap_official_v1/png/episode3/side_1/000087.png,.png,96808
runs/fmb_colmap_official_v1/png/episode3/side_1/000088.png,.png,96626
runs/fmb_colmap_official_v1/png/episode3/side_1/000089.png,.png,96722
runs/fmb_colmap_official_v1/png/episode3/side_1/000090.png,.png,96703
runs/fmb_colmap_official_v1/png/episode3/side_1/000091.png,.png,96751
runs/fmb_colmap_official_v1/png/episode3/side_1/000092.png,.png,96680
runs/fmb_colmap_official_v1/png/episode3/side_1/000093.png,.png,96560
runs/fmb_colmap_official_v1/png/episode3/side_1/000094.png,.png,96709
runs/fmb_colmap_official_v1/png/episode3/side_1/000095.png,.png,96465
runs/fmb_colmap_official_v1/png/episode3/side_1/000096.png,.png,96394
runs/fmb_colmap_official_v1/png/episode3/side_1/000097.png,.png,96058
runs/fmb_colmap_official_v1/png/episode3/side_1/000098.png,.png,95645
runs/fmb_colmap_official_v1/png/episode3/side_1/000099.png,.png,95280
runs/fmb_colmap_official_v1/png/episode3/side_1/000100.png,.png,95206
runs/fmb_colmap_official_v1/png/episode3/side_1/000101.png,.png,94661
runs/fmb_colmap_official_v1/png/episode3/side_1/000102.png,.png,94336
runs/fmb_colmap_official_v1/png/episode3/side_1/000103.png,.png,94265
runs/fmb_colmap_official_v1/png/episode3/side_1/000104.png,.png,93692
runs/fmb_colmap_official_v1/png/episode3/side_1/000105.png,.png,94381
runs/fmb_colmap_official_v1/png/episode3/side_1/000106.png,.png,95739
runs/fmb_colmap_official_v1/png/episode3/side_1/000107.png,.png,95477
runs/fmb_colmap_official_v1/png/episode3/side_1/000108.png,.png,95569
runs/fmb_colmap_official_v1/png/episode3/side_1/000109.png,.png,95319
runs/fmb_colmap_official_v1/png/episode3/side_1/000110.png,.png,95492
runs/fmb_colmap_official_v1/png/episode3/side_1/000111.png,.png,95245
runs/fmb_colmap_official_v1/png/episode3/side_1/000112.png,.png,95479
runs/fmb_colmap_official_v1/png/episode3/side_1/000113.png,.png,95536
runs/fmb_colmap_official_v1/png/episode3/side_1/000114.png,.png,95994
runs/fmb_colmap_official_v1/png/episode3/side_1/000115.png,.png,96152
runs/fmb_colmap_official_v1/png/episode3/side_1/000116.png,.png,96080
runs/fmb_colmap_official_v1/png/episode3/side_1/000117.png,.png,96225
runs/fmb_colmap_official_v1/png/episode3/side_1/000118.png,.png,96192
runs/fmb_colmap_official_v1/png/episode3/side_1/000119.png,.png,96182
runs/fmb_colmap_official_v1/png/episode3/side_1/000120.png,.png,96443
runs/fmb_colmap_official_v1/png/episode3/side_1/000121.png,.png,96441
runs/fmb_colmap_official_v1/png/episode3/side_1/000122.png,.png,96827
runs/fmb_colmap_official_v1/png/episode3/side_1/000123.png,.png,96733
runs/fmb_colmap_official_v1/png/episode3/side_1/000124.png,.png,96782
runs/fmb_colmap_official_v1/png/episode3/side_1/000125.png,.png,97172
runs/fmb_colmap_official_v1/png/episode3/side_1/000126.png,.png,97781
runs/fmb_colmap_official_v1/png/episode3/side_1/000127.png,.png,97726
runs/fmb_colmap_official_v1/png/episode3/side_1/000128.png,.png,98043
runs/fmb_colmap_official_v1/png/episode3/side_1/000129.png,.png,97895
runs/fmb_colmap_official_v1/png/episode3/side_1/000130.png,.png,97828
runs/fmb_colmap_official_v1/png/episode3/side_1/000131.png,.png,97456
runs/fmb_colmap_official_v1/png/episode3/side_1/000132.png,.png,95588
runs/fmb_colmap_official_v1/png/episode3/side_1/000133.png,.png,95561
runs/fmb_colmap_official_v1/png/episode3/side_1/000134.png,.png,95288
runs/fmb_colmap_official_v1/png/episode3/side_1/000135.png,.png,94142
runs/fmb_colmap_official_v1/png/episode3/side_1/000136.png,.png,93441
runs/fmb_colmap_official_v1/png/episode3/side_1/000137.png,.png,92339
runs/fmb_colmap_official_v1/png/episode3/side_1/000138.png,.png,91993
runs/fmb_colmap_official_v1/png/episode3/side_1/000139.png,.png,91089
runs/fmb_colmap_official_v1/png/episode3/side_1/000140.png,.png,89372
runs/fmb_colmap_official_v1/png/episode3/side_1/000141.png,.png,88718
runs/fmb_colmap_official_v1/png/episode3/side_1/000142.png,.png,88475
runs/fmb_colmap_official_v1/png/episode3/side_1/000143.png,.png,87864
runs/fmb_colmap_official_v1/png/episode3/side_1/000144.png,.png,86568
runs/fmb_colmap_official_v1/png/episode3/side_1/000145.png,.png,86614
runs/fmb_colmap_official_v1/png/episode3/side_1/000146.png,.png,86777
runs/fmb_colmap_official_v1/png/episode3/side_1/000147.png,.png,87184
runs/fmb_colmap_official_v1/png/episode3/side_1/000148.png,.png,87564
runs/fmb_colmap_official_v1/png/episode3/side_1/000149.png,.png,87931
runs/fmb_colmap_official_v1/png/episode3/side_1/000150.png,.png,88421
runs/fmb_colmap_official_v1/png/episode3/side_1/000151.png,.png,88261
runs/fmb_colmap_official_v1/png/episode3/side_1/000152.png,.png,88324
runs/fmb_colmap_official_v1/png/episode3/side_1/000153.png,.png,88033
runs/fmb_colmap_official_v1/png/episode3/side_1/000154.png,.png,87916
runs/fmb_colmap_official_v1/png/episode3/side_1/000155.png,.png,87719
runs/fmb_colmap_official_v1/png/episode3/side_1/000156.png,.png,87500
runs/fmb_colmap_official_v1/png/episode3/side_1/000157.png,.png,87802
runs/fmb_colmap_official_v1/png/episode3/side_1/000158.png,.png,87853
runs/fmb_colmap_official_v1/png/episode3/side_1/000159.png,.png,87930
runs/fmb_colmap_official_v1/png/episode3/side_1/000160.png,.png,87384
runs/fmb_colmap_official_v1/png/episode3/side_1/000161.png,.png,89027
runs/fmb_colmap_official_v1/png/episode3/side_1/000162.png,.png,89060
runs/fmb_colmap_official_v1/png/episode3/side_1/000163.png,.png,88915
runs/fmb_colmap_official_v1/png/episode3/side_1/000164.png,.png,87332
runs/fmb_colmap_official_v1/png/episode3/wrist_1/000000.png,.png,89753
runs/fmb_colmap_official_v1/png/episode3/wrist_1/000001.png,.png,89460
runs/fmb_colmap_official_v1/png/episode3/wrist_1/000002.png,.png,87351
runs/fmb_colmap_official_v1/png/episode3/wrist_1/000003.png,.png,85583
runs/fmb_colmap_official_v1/png/episode3/wrist_1/000004.png,.png,84612
runs/fmb_colmap_official_v1/png/episode3/wrist_1/000005.png,.png,84773
runs/fmb_colmap_official_v1/png/episode3/wrist_1/000006.png,.png,85026
runs/fmb_colmap_official_v1/png/episode3/wrist_1/000007.png,.png,85827
runs/fmb_colmap_official_v1/png/episode3/wrist_1/000008.png,.png,86165
runs/fmb_colmap_official_v1/png/episode3/wrist_1/000009.png,.png,86007
runs/fmb_colmap_official_v1/png/episode3/wrist_1/000010.png,.png,85809
runs/fmb_colmap_official_v1/png/episode3/wrist_1/000011.png,.png,85743
runs/fmb_colmap_official_v1/png/episode3/wrist_1/000012.png,.png,85851
runs/fmb_colmap_official_v1/png/episode3/wrist_1/000013.png,.png,85617
runs/fmb_colmap_official_v1/png/episode3/wrist_1/000014.png,.png,85428
runs/fmb_colmap_official_v1/png/episode3/wrist_1/000015.png,.png,85062
runs/fmb_colmap_official_v1/png/episode3/wrist_1/000016.png,.png,85663
runs/fmb_colmap_official_v1/png/episode3/wrist_1/000017.png,.png,85716
runs/fmb_colmap_official_v1/png/episode3/wrist_1/000018.png,.png,86184
runs/fmb_colmap_official_v1/png/episode3/wrist_1/000019.png,.png,85036
runs/fmb_colmap_official_v1/png/episode3/wrist_1/000020.png,.png,84982
runs/fmb_colmap_official_v1/png/episode3/wrist_1/000021.png,.png,85530
runs/fmb_colmap_official_v1/png/episode3/wrist_1/000022.png,.png,87144
runs/fmb_colmap_official_v1/png/episode3/wrist_1/000023.png,.png,89235
runs/fmb_colmap_official_v1/png/episode3/wrist_1/000024.png,.png,87871
runs/fmb_colmap_official_v1/png/episode3/wrist_1/000025.png,.png,86575
runs/fmb_colmap_official_v1/png/episode3/wrist_1/000026.png,.png,86618
runs/fmb_colmap_official_v1/png/episode3/wrist_1/000027.png,.png,86822
runs/fmb_colmap_official_v1/png/episode3/wrist_1/000028.png,.png,91824
runs/fmb_colmap_official_v1/png/episode3/wrist_1/000029.png,.png,92143
runs/fmb_colmap_official_v1/png/episode3/wrist_1/000030.png,.png,91895
runs/fmb_colmap_official_v1/png/episode3/wrist_1/000031.png,.png,91087
runs/fmb_colmap_official_v1/png/episode3/wrist_1/000032.png,.png,89298
runs/fmb_colmap_official_v1/png/episode3/wrist_1/000033.png,.png,91078
runs/fmb_colmap_official_v1/png/episode3/wrist_1/000034.png,.png,91356
runs/fmb_colmap_official_v1/png/episode3/wrist_1/000035.png,.png,89665
runs/fmb_colmap_official_v1/png/episode3/wrist_1/000036.png,.png,88616
runs/fmb_colmap_official_v1/png/episode3/wrist_1/000037.png,.png,90476
runs/fmb_colmap_official_v1/png/episode3/wrist_1/000038.png,.png,89560
runs/fmb_colmap_official_v1/png/episode3/wrist_1/000039.png,.png,89423
runs/fmb_colmap_official_v1/png/episode3/wrist_1/000040.png,.png,90345
runs/fmb_colmap_official_v1/png/episode3/wrist_1/000041.png,.png,88728
runs/fmb_colmap_official_v1/png/episode3/wrist_1/000042.png,.png,91248
runs/fmb_colmap_official_v1/png/episode3/wrist_1/000043.png,.png,91587
runs/fmb_colmap_official_v1/png/episode3/wrist_1/000044.png,.png,91213
runs/fmb_colmap_official_v1/png/episode3/wrist_1/000045.png,.png,91623
runs/fmb_colmap_official_v1/png/episode3/wrist_1/000046.png,.png,91360
runs/fmb_colmap_official_v1/png/episode3/wrist_1/000047.png,.png,91590
runs/fmb_colmap_official_v1/png/episode3/wrist_1/000048.png,.png,91603
runs/fmb_colmap_official_v1/png/episode3/wrist_1/000049.png,.png,91822
runs/fmb_colmap_official_v1/png/episode3/wrist_1/000050.png,.png,91744
runs/fmb_colmap_official_v1/png/episode3/wrist_1/000051.png,.png,91465
runs/fmb_colmap_official_v1/png/episode3/wrist_1/000052.png,.png,91608
runs/fmb_colmap_official_v1/png/episode3/wrist_1/000053.png,.png,91541
runs/fmb_colmap_official_v1/png/episode3/wrist_1/000054.png,.png,91773
runs/fmb_colmap_official_v1/png/episode3/wrist_1/000055.png,.png,91556
runs/fmb_colmap_official_v1/png/episode3/wrist_1/000056.png,.png,91810
runs/fmb_colmap_official_v1/png/episode3/wrist_1/000057.png,.png,91745
runs/fmb_colmap_official_v1/png/episode3/wrist_1/000058.png,.png,91700
runs/fmb_colmap_official_v1/png/episode3/wrist_1/000059.png,.png,91754
runs/fmb_colmap_official_v1/png/episode3/wrist_1/000060.png,.png,91701
runs/fmb_colmap_official_v1/png/episode3/wrist_1/000061.png,.png,91672
runs/fmb_colmap_official_v1/png/episode3/wrist_1/000062.png,.png,91428
runs/fmb_colmap_official_v1/png/episode3/wrist_1/000063.png,.png,91658
runs/fmb_colmap_official_v1/png/episode3/wrist_1/000064.png,.png,91597
runs/fmb_colmap_official_v1/png/episode3/wrist_1/000065.png,.png,91814
runs/fmb_colmap_official_v1/png/episode3/wrist_1/000066.png,.png,91669
runs/fmb_colmap_official_v1/png/episode3/wrist_1/000067.png,.png,91819
runs/fmb_colmap_official_v1/png/episode3/wrist_1/000068.png,.png,91913
runs/fmb_colmap_official_v1/png/episode3/wrist_1/000069.png,.png,91692
runs/fmb_colmap_official_v1/png/episode3/wrist_1/000070.png,.png,91831
runs/fmb_colmap_official_v1/png/episode3/wrist_1/000071.png,.png,91622
runs/fmb_colmap_official_v1/png/episode3/wrist_1/000072.png,.png,89239
runs/fmb_colmap_official_v1/png/episode3/wrist_1/000073.png,.png,88029
runs/fmb_colmap_official_v1/png/episode3/wrist_1/000074.png,.png,86712
runs/fmb_colmap_official_v1/png/episode3/wrist_1/000075.png,.png,86509
runs/fmb_colmap_official_v1/png/episode3/wrist_1/000076.png,.png,86383
runs/fmb_colmap_official_v1/png/episode3/wrist_1/000077.png,.png,86222
runs/fmb_colmap_official_v1/png/episode3/wrist_1/000078.png,.png,86097
runs/fmb_colmap_official_v1/png/episode3/wrist_1/000079.png,.png,86369
runs/fmb_colmap_official_v1/png/episode3/wrist_1/000080.png,.png,86254
runs/fmb_colmap_official_v1/png/episode3/wrist_1/000081.png,.png,86435
runs/fmb_colmap_official_v1/png/episode3/wrist_1/000082.png,.png,86607
runs/fmb_colmap_official_v1/png/episode3/wrist_1/000083.png,.png,85757
runs/fmb_colmap_official_v1/png/episode3/wrist_1/000084.png,.png,86384
runs/fmb_colmap_official_v1/png/episode3/wrist_1/000085.png,.png,86202
runs/fmb_colmap_official_v1/png/episode3/wrist_1/000086.png,.png,86823
runs/fmb_colmap_official_v1/png/episode3/wrist_1/000087.png,.png,88898
runs/fmb_colmap_official_v1/png/episode3/wrist_1/000088.png,.png,83306
runs/fmb_colmap_official_v1/png/episode3/wrist_1/000089.png,.png,83930
runs/fmb_colmap_official_v1/png/episode3/wrist_1/000090.png,.png,85631
runs/fmb_colmap_official_v1/png/episode3/wrist_1/000091.png,.png,85105
runs/fmb_colmap_official_v1/png/episode3/wrist_1/000092.png,.png,85555
runs/fmb_colmap_official_v1/png/episode3/wrist_1/000093.png,.png,85169
runs/fmb_colmap_official_v1/png/episode3/wrist_1/000094.png,.png,84291
runs/fmb_colmap_official_v1/png/episode3/wrist_1/000095.png,.png,84813
runs/fmb_colmap_official_v1/png/episode3/wrist_1/000096.png,.png,85263
runs/fmb_colmap_official_v1/png/episode3/wrist_1/000097.png,.png,86889
runs/fmb_colmap_official_v1/png/episode3/wrist_1/000098.png,.png,87269
runs/fmb_colmap_official_v1/png/episode3/wrist_1/000099.png,.png,89633
runs/fmb_colmap_official_v1/png/episode3/wrist_1/000100.png,.png,91215
runs/fmb_colmap_official_v1/png/episode3/wrist_1/000101.png,.png,91756
runs/fmb_colmap_official_v1/png/episode3/wrist_1/000102.png,.png,92860
runs/fmb_colmap_official_v1/png/episode3/wrist_1/000103.png,.png,93306
runs/fmb_colmap_official_v1/png/episode3/wrist_1/000104.png,.png,94510
runs/fmb_colmap_official_v1/png/episode3/wrist_1/000105.png,.png,94078
runs/fmb_colmap_official_v1/png/episode3/wrist_1/000106.png,.png,95734
runs/fmb_colmap_official_v1/png/episode3/wrist_1/000107.png,.png,95659
runs/fmb_colmap_official_v1/png/episode3/wrist_1/000108.png,.png,95523
runs/fmb_colmap_official_v1/png/episode3/wrist_1/000109.png,.png,94736
runs/fmb_colmap_official_v1/png/episode3/wrist_1/000110.png,.png,93808
runs/fmb_colmap_official_v1/png/episode3/wrist_1/000111.png,.png,93664
runs/fmb_colmap_official_v1/png/episode3/wrist_1/000112.png,.png,93329
runs/fmb_colmap_official_v1/png/episode3/wrist_1/000113.png,.png,92949
runs/fmb_colmap_official_v1/png/episode3/wrist_1/000114.png,.png,91546
runs/fmb_colmap_official_v1/png/episode3/wrist_1/000115.png,.png,91508
runs/fmb_colmap_official_v1/png/episode3/wrist_1/000116.png,.png,91448
runs/fmb_colmap_official_v1/png/episode3/wrist_1/000117.png,.png,91710
runs/fmb_colmap_official_v1/png/episode3/wrist_1/000118.png,.png,92204
runs/fmb_colmap_official_v1/png/episode3/wrist_1/000119.png,.png,92114
runs/fmb_colmap_official_v1/png/episode3/wrist_1/000120.png,.png,92290
runs/fmb_colmap_official_v1/png/episode3/wrist_1/000121.png,.png,91881
runs/fmb_colmap_official_v1/png/episode3/wrist_1/000122.png,.png,92937
runs/fmb_colmap_official_v1/png/episode3/wrist_1/000123.png,.png,92625
runs/fmb_colmap_official_v1/png/episode3/wrist_1/000124.png,.png,91544
runs/fmb_colmap_official_v1/png/episode3/wrist_1/000125.png,.png,90693
runs/fmb_colmap_official_v1/png/episode3/wrist_1/000126.png,.png,90462
runs/fmb_colmap_official_v1/png/episode3/wrist_1/000127.png,.png,91107
runs/fmb_colmap_official_v1/png/episode3/wrist_1/000128.png,.png,93115
runs/fmb_colmap_official_v1/png/episode3/wrist_1/000129.png,.png,92358
runs/fmb_colmap_official_v1/png/episode3/wrist_1/000130.png,.png,92299
runs/fmb_colmap_official_v1/png/episode3/wrist_1/000131.png,.png,91975
runs/fmb_colmap_official_v1/png/episode3/wrist_1/000132.png,.png,93876
runs/fmb_colmap_official_v1/png/episode3/wrist_1/000133.png,.png,94092
runs/fmb_colmap_official_v1/png/episode3/wrist_1/000134.png,.png,93011
runs/fmb_colmap_official_v1/png/episode3/wrist_1/000135.png,.png,93221
runs/fmb_colmap_official_v1/png/episode3/wrist_1/000136.png,.png,93312
runs/fmb_colmap_official_v1/png/episode3/wrist_1/000137.png,.png,94542
runs/fmb_colmap_official_v1/png/episode3/wrist_1/000138.png,.png,94667
runs/fmb_colmap_official_v1/png/episode3/wrist_1/000139.png,.png,93114
runs/fmb_colmap_official_v1/png/episode3/wrist_1/000140.png,.png,93400
runs/fmb_colmap_official_v1/png/episode3/wrist_1/000141.png,.png,94369
runs/fmb_colmap_official_v1/png/episode3/wrist_1/000142.png,.png,93677
runs/fmb_colmap_official_v1/png/episode3/wrist_1/000143.png,.png,93714
runs/fmb_colmap_official_v1/png/episode3/wrist_1/000144.png,.png,95847
runs/fmb_colmap_official_v1/png/episode3/wrist_1/000145.png,.png,95775
runs/fmb_colmap_official_v1/png/episode3/wrist_1/000146.png,.png,95949
runs/fmb_colmap_official_v1/png/episode3/wrist_1/000147.png,.png,97096
runs/fmb_colmap_official_v1/png/episode3/wrist_1/000148.png,.png,98134
runs/fmb_colmap_official_v1/png/episode3/wrist_1/000149.png,.png,98773
runs/fmb_colmap_official_v1/png/episode3/wrist_1/000150.png,.png,99003
runs/fmb_colmap_official_v1/png/episode3/wrist_1/000151.png,.png,98853
runs/fmb_colmap_official_v1/png/episode3/wrist_1/000152.png,.png,95874
runs/fmb_colmap_official_v1/png/episode3/wrist_1/000153.png,.png,95105
runs/fmb_colmap_official_v1/png/episode3/wrist_1/000154.png,.png,94299
runs/fmb_colmap_official_v1/png/episode3/wrist_1/000155.png,.png,95298
runs/fmb_colmap_official_v1/png/episode3/wrist_1/000156.png,.png,95642
runs/fmb_colmap_official_v1/png/episode3/wrist_1/000157.png,.png,95702
runs/fmb_colmap_official_v1/png/episode3/wrist_1/000158.png,.png,96032
runs/fmb_colmap_official_v1/png/episode3/wrist_1/000159.png,.png,96390
runs/fmb_colmap_official_v1/png/episode3/wrist_1/000160.png,.png,96562
runs/fmb_colmap_official_v1/png/episode3/wrist_1/000161.png,.png,99594
runs/fmb_colmap_official_v1/png/episode3/wrist_1/000162.png,.png,100557
runs/fmb_colmap_official_v1/png/episode3/wrist_1/000163.png,.png,100692
runs/fmb_colmap_official_v1/png/episode3/wrist_1/000164.png,.png,97211
runs/fmb_colmap_official_v1/protocol.json,.json,69836
runs/fmb_colmap_official_v1/publication_manifest.json,.json,123190
runs/fmb_colmap_official_v1/registered_frame_coverage.png,.png,219367
runs/fmb_colmap_official_v1/validation_sources.json,.json,1292
runs/fmb_colmap_official_v1/verified_match_graphs.png,.png,764367
runs/fmb_colmap_official_v1/version.stderr.log,.log,0
runs/fmb_colmap_official_v1/version.stdout.log,.log,1683
runs/fmb_depth_k_factorial_v1/comparison.csv,.csv,586
runs/fmb_depth_k_factorial_v1/comparison.json,.json,2367
runs/fmb_depth_k_factorial_v1/factorial.png,.png,73049
runs/fmb_effective_k_256_calibration/board_annotation_stability.json,.json,124375
runs/fmb_effective_k_256_calibration/board_bottom_grid.png,.png,64671
runs/fmb_effective_k_256_calibration/board_cad_rgb_correspondences.json,.json,305648
runs/fmb_effective_k_256_calibration/board_cad_top_vertices.png,.png,48823
runs/fmb_effective_k_256_calibration/board_calibration_console.json,.json,9732
runs/fmb_effective_k_256_calibration/board_calibration_frames.json,.json,12671
runs/fmb_effective_k_256_calibration/board_calibration_probe.json,.json,31848
runs/fmb_effective_k_256_calibration/board_frame0_x4.png,.png,603404
runs/fmb_effective_k_256_calibration/board_K_stability.png,.png,56799
runs/fmb_effective_k_256_calibration/board_landmark_overlay.png,.png,607288
runs/fmb_effective_k_256_calibration/board_peg_table_contact_K_probe.json,.json,24982
runs/fmb_effective_k_256_calibration/board_rgb_observations.json,.json,45085
runs/fmb_effective_k_256_calibration/board_RGB_vs_depth.png,.png,46906
runs/fmb_effective_k_256_calibration/board_second_frame0_x4.png,.png,604746
runs/fmb_effective_k_256_calibration/board_wires_console.txt,.txt,10376
runs/fmb_effective_k_256_calibration/bootstrap_K.csv,.csv,13056
runs/fmb_effective_k_256_calibration/bootstrap_K_summary.json,.json,772
runs/fmb_effective_k_256_calibration/cad_rgb_correspondences.json,.json,351
runs/fmb_effective_k_256_calibration/calibration_frames.json,.json,11408
runs/fmb_effective_k_256_calibration/calibration_status.json,.json,3201
runs/fmb_effective_k_256_calibration/cross_orientation_sensor_depth_check.json,.json,1849
runs/fmb_effective_k_256_calibration/cross_orientation_silhouette_k_probe.json,.json,22239
runs/fmb_effective_k_256_calibration/distortion_console.json,.json,5438
runs/fmb_effective_k_256_calibration/distortion_model_comparison.json,.json,5719
runs/fmb_effective_k_256_calibration/goal_requirement_audit.json,.json,3723
runs/fmb_effective_k_256_calibration/gripper_calibration_audit.json,.json,4059
runs/fmb_effective_k_256_calibration/gripper_landmark_zoom.png,.png,4013824
runs/fmb_effective_k_256_calibration/gripper_visibility_sheet.png,.png,2257763
runs/fmb_effective_k_256_calibration/horizontal_n0_n4_n8_early.png,.png,2196283
runs/fmb_effective_k_256_calibration/horizontal_n4_detail.png,.png,2760978
runs/fmb_effective_k_256_calibration/horizontal_n4_early_contact.png,.png,1850364
runs/fmb_effective_k_256_calibration/horizontal_peg_mask_t0.png,.png,5748
runs/fmb_effective_k_256_calibration/horizontal_peg_segmentation_stability.json,.json,5837
runs/fmb_effective_k_256_calibration/horizontal_peg_segmentation_thresholds.png,.png,984982
runs/fmb_effective_k_256_calibration/horizontal_peg_t0_crop.png,.png,129989
runs/fmb_effective_k_256_calibration/horizontal_table_contact_probe.json,.json,7574
runs/fmb_effective_k_256_calibration/K_candidate_stability.png,.png,85452
runs/fmb_effective_k_256_calibration/K_comparison.csv,.csv,3084
runs/fmb_effective_k_256_calibration/K_comparison.json,.json,7243
runs/fmb_effective_k_256_calibration/K_comparison_console.json,.json,13404
runs/fmb_effective_k_256_calibration/multi_board_bundle_calibration.json,.json,75705
runs/fmb_effective_k_256_calibration/multi_board_console.json,.json,7056
runs/fmb_effective_k_256_calibration/multi_board_frame0_contact.png,.png,478154
runs/fmb_effective_k_256_calibration/multi_episode_tcp_tip_console.json,.json,2420
runs/fmb_effective_k_256_calibration/multi_episode_tcp_tip_K_probe.json,.json,128966
runs/fmb_effective_k_256_calibration/multi_horizontal_contact_console.json,.json,12902
runs/fmb_effective_k_256_calibration/multi_horizontal_contact_K_probe.json,.json,51402
runs/fmb_effective_k_256_calibration/peg_board_official.step,.step,480784
runs/fmb_effective_k_256_calibration/peg_board_official_solids.json,.json,36277
runs/fmb_effective_k_256_calibration/peg_board_top_wires.json,.json,100401
runs/fmb_effective_k_256_calibration/peg_pose_diversity_contact.png,.png,3864998
runs/fmb_effective_k_256_calibration/peg_pose_diversity_survey.json,.json,28474
runs/fmb_effective_k_256_calibration/rgb_depth_affine_probe.json,.json,4043
runs/fmb_effective_k_256_calibration/shared_annotation_bias_stress.json,.json,30866
runs/fmb_effective_k_256_calibration/shared_plane_board_calibration.json,.json,63567
runs/fmb_effective_k_256_calibration/shared_plane_console.json,.json,5500
runs/fmb_effective_k_256_calibration/shared_tcp_offset_console.json,.json,4182
runs/fmb_effective_k_256_calibration/shared_tcp_offset_K_probe.json,.json,20824
runs/fmb_effective_k_256_calibration/stereo_contact_sheet.png,.png,1312325
runs/fmb_effective_k_256_calibration/stereo_rgb_probe.json,.json,5504
runs/fmb_effective_k_256_calibration/tcp_bottom_console.json,.json,16168
runs/fmb_effective_k_256_calibration/tcp_bottom_k_probe.json,.json,52722
runs/fmb_effective_k_256_calibration/tcp_cad_console.json,.json,5272
runs/fmb_effective_k_256_calibration/tcp_cad_k_probe.json,.json,32282
runs/fmb_effective_k_256_calibration/tcp_cad_sensor_depth_residuals.png,.png,56204
runs/fmb_effective_k_256_calibration/tcp_tip_insert_contact.png,.png,1571312
runs/fmb_effective_k_256_calibration/tcp_tip_k_probe.json,.json,33196
runs/fmb_effective_k_256_calibration/tcp_tip_landmarks.png,.png,2290515
runs/fmb_effective_k_256_calibration/tcp_tip_observability_console.json,.json,16554
runs/fmb_effective_k_256_calibration/tcp_tip_observability_horizontal.json,.json,253058
runs/fmb_effective_k_256_calibration/two_board_bundle_calibration.json,.json,39810
runs/fmb_effective_k_256_calibration/two_board_console.json,.json,22436
runs/fmb_effective_k_256_calibration/two_board_rgb_observations.json,.json,29185
runs/fmb_extended_2d_metrics_v1/metrics.csv,.csv,1322
runs/fmb_extended_2d_metrics_v1/metrics.json,.json,4772
runs/fmb_extended_2d_metrics_v1/point_time_error_heatmap.png,.png,51104
runs/fmb_geometry_forecast_comparison_v1/comparison.csv,.csv,2236
runs/fmb_geometry_forecast_comparison_v1/comparison.json,.json,5987
runs/fmb_geometry_forecast_comparison_v1/geometry_vs_forecast.png,.png,112702
runs/fmb_gt_sensitivity_v1/comparison.csv,.csv,2571
runs/fmb_gt_sensitivity_v1/comparison.json,.json,6567
runs/fmb_gt_sensitivity_v1/comparison.png,.png,150986
runs/fmb_K_sensitivity_combined_v1/comparison.csv,.csv,973
runs/fmb_K_sensitivity_combined_v1/comparison.json,.json,2531
runs/fmb_K_sensitivity_combined_v1/comparison.png,.png,165544
runs/fmb_moge2_temporal_geometry_v1/temporal_consistency.json,.json,2058
runs/fmb_moge2_temporal_geometry_v1/temporal_consistency.png,.png,213265
runs/fmb_second_example_1_M_L_3_vertical_n_3/history_point_candidates.json,.json,31061
runs/fmb_second_example_1_M_L_3_vertical_n_3/quantitative_2d_sensor_t130/ablation_suite_v1/focal_090/evaluation.json,.json,5769
runs/fmb_second_example_1_M_L_3_vertical_n_3/quantitative_2d_sensor_t130/ablation_suite_v1/focal_090/history_3d.npy,.npy,416
runs/fmb_second_example_1_M_L_3_vertical_n_3/quantitative_2d_sensor_t130/ablation_suite_v1/focal_090/manifest.json,.json,1849
runs/fmb_second_example_1_M_L_3_vertical_n_3/quantitative_2d_sensor_t130/ablation_suite_v1/focal_090/model_run.json,.json,1273
runs/fmb_second_example_1_M_L_3_vertical_n_3/quantitative_2d_sensor_t130/ablation_suite_v1/focal_090/parser_validation.json,.json,81
runs/fmb_second_example_1_M_L_3_vertical_n_3/quantitative_2d_sensor_t130/ablation_suite_v1/focal_090/points_2d_at_t0.npy,.npy,192
runs/fmb_second_example_1_M_L_3_vertical_n_3/quantitative_2d_sensor_t130/ablation_suite_v1/focal_090/prediction_10hz.npy,.npy,2048
runs/fmb_second_example_1_M_L_3_vertical_n_3/quantitative_2d_sensor_t130/ablation_suite_v1/focal_090/prediction_15hz.npy,.npy,3008
runs/fmb_second_example_1_M_L_3_vertical_n_3/quantitative_2d_sensor_t130/ablation_suite_v1/focal_090/prediction_15hz_model_order.npy,.npy,3008
runs/fmb_second_example_1_M_L_3_vertical_n_3/quantitative_2d_sensor_t130/ablation_suite_v1/focal_090/prediction_2d.npy,.npy,1408
runs/fmb_second_example_1_M_L_3_vertical_n_3/quantitative_2d_sensor_t130/ablation_suite_v1/focal_090/raw_model_output.txt,.txt,2621
runs/fmb_second_example_1_M_L_3_vertical_n_3/quantitative_2d_sensor_t130/ablation_suite_v1/focal_110/evaluation.json,.json,5770
runs/fmb_second_example_1_M_L_3_vertical_n_3/quantitative_2d_sensor_t130/ablation_suite_v1/focal_110/history_3d.npy,.npy,416
runs/fmb_second_example_1_M_L_3_vertical_n_3/quantitative_2d_sensor_t130/ablation_suite_v1/focal_110/manifest.json,.json,1858
runs/fmb_second_example_1_M_L_3_vertical_n_3/quantitative_2d_sensor_t130/ablation_suite_v1/focal_110/model_run.json,.json,1273
runs/fmb_second_example_1_M_L_3_vertical_n_3/quantitative_2d_sensor_t130/ablation_suite_v1/focal_110/parser_validation.json,.json,81
runs/fmb_second_example_1_M_L_3_vertical_n_3/quantitative_2d_sensor_t130/ablation_suite_v1/focal_110/points_2d_at_t0.npy,.npy,192
runs/fmb_second_example_1_M_L_3_vertical_n_3/quantitative_2d_sensor_t130/ablation_suite_v1/focal_110/prediction_10hz.npy,.npy,2048
runs/fmb_second_example_1_M_L_3_vertical_n_3/quantitative_2d_sensor_t130/ablation_suite_v1/focal_110/prediction_15hz.npy,.npy,3008
runs/fmb_second_example_1_M_L_3_vertical_n_3/quantitative_2d_sensor_t130/ablation_suite_v1/focal_110/prediction_15hz_model_order.npy,.npy,3008
runs/fmb_second_example_1_M_L_3_vertical_n_3/quantitative_2d_sensor_t130/ablation_suite_v1/focal_110/prediction_2d.npy,.npy,1408
runs/fmb_second_example_1_M_L_3_vertical_n_3/quantitative_2d_sensor_t130/ablation_suite_v1/focal_110/raw_model_output.txt,.txt,2561
runs/fmb_second_example_1_M_L_3_vertical_n_3/quantitative_2d_sensor_t130/ablation_suite_v1/input_audit.json,.json,4119
runs/fmb_second_example_1_M_L_3_vertical_n_3/quantitative_2d_sensor_t130/ablation_suite_v1/moge2_focal_090/evaluation.json,.json,5765
runs/fmb_second_example_1_M_L_3_vertical_n_3/quantitative_2d_sensor_t130/ablation_suite_v1/moge2_focal_090/history_3d.npy,.npy,416
runs/fmb_second_example_1_M_L_3_vertical_n_3/quantitative_2d_sensor_t130/ablation_suite_v1/moge2_focal_090/manifest.json,.json,2009
runs/fmb_second_example_1_M_L_3_vertical_n_3/quantitative_2d_sensor_t130/ablation_suite_v1/moge2_focal_090/model_run.json,.json,1279
runs/fmb_second_example_1_M_L_3_vertical_n_3/quantitative_2d_sensor_t130/ablation_suite_v1/moge2_focal_090/parser_validation.json,.json,81
runs/fmb_second_example_1_M_L_3_vertical_n_3/quantitative_2d_sensor_t130/ablation_suite_v1/moge2_focal_090/points_2d_at_t0.npy,.npy,192
runs/fmb_second_example_1_M_L_3_vertical_n_3/quantitative_2d_sensor_t130/ablation_suite_v1/moge2_focal_090/prediction_10hz.npy,.npy,2048
runs/fmb_second_example_1_M_L_3_vertical_n_3/quantitative_2d_sensor_t130/ablation_suite_v1/moge2_focal_090/prediction_15hz.npy,.npy,3008
runs/fmb_second_example_1_M_L_3_vertical_n_3/quantitative_2d_sensor_t130/ablation_suite_v1/moge2_focal_090/prediction_15hz_model_order.npy,.npy,3008
runs/fmb_second_example_1_M_L_3_vertical_n_3/quantitative_2d_sensor_t130/ablation_suite_v1/moge2_focal_090/prediction_2d.npy,.npy,1408
runs/fmb_second_example_1_M_L_3_vertical_n_3/quantitative_2d_sensor_t130/ablation_suite_v1/moge2_focal_090/raw_model_output.txt,.txt,2776
runs/fmb_second_example_1_M_L_3_vertical_n_3/quantitative_2d_sensor_t130/ablation_suite_v1/moge2_raw/evaluation.json,.json,5770
runs/fmb_second_example_1_M_L_3_vertical_n_3/quantitative_2d_sensor_t130/ablation_suite_v1/moge2_raw/history_3d.npy,.npy,416
runs/fmb_second_example_1_M_L_3_vertical_n_3/quantitative_2d_sensor_t130/ablation_suite_v1/moge2_raw/manifest.json,.json,2006
runs/fmb_second_example_1_M_L_3_vertical_n_3/quantitative_2d_sensor_t130/ablation_suite_v1/moge2_raw/model_run.json,.json,1272
runs/fmb_second_example_1_M_L_3_vertical_n_3/quantitative_2d_sensor_t130/ablation_suite_v1/moge2_raw/parser_validation.json,.json,81
runs/fmb_second_example_1_M_L_3_vertical_n_3/quantitative_2d_sensor_t130/ablation_suite_v1/moge2_raw/points_2d_at_t0.npy,.npy,192
runs/fmb_second_example_1_M_L_3_vertical_n_3/quantitative_2d_sensor_t130/ablation_suite_v1/moge2_raw/prediction_10hz.npy,.npy,2048
runs/fmb_second_example_1_M_L_3_vertical_n_3/quantitative_2d_sensor_t130/ablation_suite_v1/moge2_raw/prediction_15hz.npy,.npy,3008
runs/fmb_second_example_1_M_L_3_vertical_n_3/quantitative_2d_sensor_t130/ablation_suite_v1/moge2_raw/prediction_15hz_model_order.npy,.npy,3008
runs/fmb_second_example_1_M_L_3_vertical_n_3/quantitative_2d_sensor_t130/ablation_suite_v1/moge2_raw/prediction_2d.npy,.npy,1408
runs/fmb_second_example_1_M_L_3_vertical_n_3/quantitative_2d_sensor_t130/ablation_suite_v1/moge2_raw/raw_model_output.txt,.txt,2758
runs/fmb_second_example_1_M_L_3_vertical_n_3/quantitative_2d_sensor_t130/ablation_suite_v1/moge2_scaled/evaluation.json,.json,5760
runs/fmb_second_example_1_M_L_3_vertical_n_3/quantitative_2d_sensor_t130/ablation_suite_v1/moge2_scaled/history_3d.npy,.npy,416
runs/fmb_second_example_1_M_L_3_vertical_n_3/quantitative_2d_sensor_t130/ablation_suite_v1/moge2_scaled/manifest.json,.json,2032
runs/fmb_second_example_1_M_L_3_vertical_n_3/quantitative_2d_sensor_t130/ablation_suite_v1/moge2_scaled/model_run.json,.json,1275
runs/fmb_second_example_1_M_L_3_vertical_n_3/quantitative_2d_sensor_t130/ablation_suite_v1/moge2_scaled/parser_validation.json,.json,81
runs/fmb_second_example_1_M_L_3_vertical_n_3/quantitative_2d_sensor_t130/ablation_suite_v1/moge2_scaled/points_2d_at_t0.npy,.npy,192
runs/fmb_second_example_1_M_L_3_vertical_n_3/quantitative_2d_sensor_t130/ablation_suite_v1/moge2_scaled/prediction_10hz.npy,.npy,2048
runs/fmb_second_example_1_M_L_3_vertical_n_3/quantitative_2d_sensor_t130/ablation_suite_v1/moge2_scaled/prediction_15hz.npy,.npy,3008
runs/fmb_second_example_1_M_L_3_vertical_n_3/quantitative_2d_sensor_t130/ablation_suite_v1/moge2_scaled/prediction_15hz_model_order.npy,.npy,3008
runs/fmb_second_example_1_M_L_3_vertical_n_3/quantitative_2d_sensor_t130/ablation_suite_v1/moge2_scaled/prediction_2d.npy,.npy,1408
runs/fmb_second_example_1_M_L_3_vertical_n_3/quantitative_2d_sensor_t130/ablation_suite_v1/moge2_scaled/raw_model_output.txt,.txt,2810
runs/fmb_second_example_1_M_L_3_vertical_n_3/quantitative_2d_sensor_t130/ablation_suite_v1/no_history/evaluation.json,.json,5771
runs/fmb_second_example_1_M_L_3_vertical_n_3/quantitative_2d_sensor_t130/ablation_suite_v1/no_history/history_3d.npy,.npy,416
runs/fmb_second_example_1_M_L_3_vertical_n_3/quantitative_2d_sensor_t130/ablation_suite_v1/no_history/manifest.json,.json,1860
runs/fmb_second_example_1_M_L_3_vertical_n_3/quantitative_2d_sensor_t130/ablation_suite_v1/no_history/model_run.json,.json,1274
runs/fmb_second_example_1_M_L_3_vertical_n_3/quantitative_2d_sensor_t130/ablation_suite_v1/no_history/parser_validation.json,.json,81
runs/fmb_second_example_1_M_L_3_vertical_n_3/quantitative_2d_sensor_t130/ablation_suite_v1/no_history/points_2d_at_t0.npy,.npy,192
runs/fmb_second_example_1_M_L_3_vertical_n_3/quantitative_2d_sensor_t130/ablation_suite_v1/no_history/prediction_10hz.npy,.npy,2048
runs/fmb_second_example_1_M_L_3_vertical_n_3/quantitative_2d_sensor_t130/ablation_suite_v1/no_history/prediction_15hz.npy,.npy,3008
runs/fmb_second_example_1_M_L_3_vertical_n_3/quantitative_2d_sensor_t130/ablation_suite_v1/no_history/prediction_15hz_model_order.npy,.npy,3008
runs/fmb_second_example_1_M_L_3_vertical_n_3/quantitative_2d_sensor_t130/ablation_suite_v1/no_history/prediction_2d.npy,.npy,1408
runs/fmb_second_example_1_M_L_3_vertical_n_3/quantitative_2d_sensor_t130/ablation_suite_v1/no_history/raw_model_output.txt,.txt,2561
runs/fmb_second_example_1_M_L_3_vertical_n_3/quantitative_2d_sensor_t130/ablation_suite_v1/perm_keep_anchor/evaluation.json,.json,5759
runs/fmb_second_example_1_M_L_3_vertical_n_3/quantitative_2d_sensor_t130/ablation_suite_v1/perm_keep_anchor/history_3d.npy,.npy,416
runs/fmb_second_example_1_M_L_3_vertical_n_3/quantitative_2d_sensor_t130/ablation_suite_v1/perm_keep_anchor/manifest.json,.json,1872
runs/fmb_second_example_1_M_L_3_vertical_n_3/quantitative_2d_sensor_t130/ablation_suite_v1/perm_keep_anchor/model_run.json,.json,1280
runs/fmb_second_example_1_M_L_3_vertical_n_3/quantitative_2d_sensor_t130/ablation_suite_v1/perm_keep_anchor/parser_validation.json,.json,81
runs/fmb_second_example_1_M_L_3_vertical_n_3/quantitative_2d_sensor_t130/ablation_suite_v1/perm_keep_anchor/points_2d_at_t0.npy,.npy,192
runs/fmb_second_example_1_M_L_3_vertical_n_3/quantitative_2d_sensor_t130/ablation_suite_v1/perm_keep_anchor/prediction_10hz.npy,.npy,2048
runs/fmb_second_example_1_M_L_3_vertical_n_3/quantitative_2d_sensor_t130/ablation_suite_v1/perm_keep_anchor/prediction_15hz.npy,.npy,3008
runs/fmb_second_example_1_M_L_3_vertical_n_3/quantitative_2d_sensor_t130/ablation_suite_v1/perm_keep_anchor/prediction_15hz_model_order.npy,.npy,3008
runs/fmb_second_example_1_M_L_3_vertical_n_3/quantitative_2d_sensor_t130/ablation_suite_v1/perm_keep_anchor/prediction_2d.npy,.npy,1408
runs/fmb_second_example_1_M_L_3_vertical_n_3/quantitative_2d_sensor_t130/ablation_suite_v1/perm_keep_anchor/raw_model_output.txt,.txt,2591
runs/fmb_second_example_1_M_L_3_vertical_n_3/quantitative_2d_sensor_t130/ablation_suite_v1/perm_new_anchor/evaluation.json,.json,5766
runs/fmb_second_example_1_M_L_3_vertical_n_3/quantitative_2d_sensor_t130/ablation_suite_v1/perm_new_anchor/history_3d.npy,.npy,416
runs/fmb_second_example_1_M_L_3_vertical_n_3/quantitative_2d_sensor_t130/ablation_suite_v1/perm_new_anchor/manifest.json,.json,1870
runs/fmb_second_example_1_M_L_3_vertical_n_3/quantitative_2d_sensor_t130/ablation_suite_v1/perm_new_anchor/model_run.json,.json,1278
runs/fmb_second_example_1_M_L_3_vertical_n_3/quantitative_2d_sensor_t130/ablation_suite_v1/perm_new_anchor/parser_validation.json,.json,81
runs/fmb_second_example_1_M_L_3_vertical_n_3/quantitative_2d_sensor_t130/ablation_suite_v1/perm_new_anchor/points_2d_at_t0.npy,.npy,192
runs/fmb_second_example_1_M_L_3_vertical_n_3/quantitative_2d_sensor_t130/ablation_suite_v1/perm_new_anchor/prediction_10hz.npy,.npy,2048
runs/fmb_second_example_1_M_L_3_vertical_n_3/quantitative_2d_sensor_t130/ablation_suite_v1/perm_new_anchor/prediction_15hz.npy,.npy,3008
runs/fmb_second_example_1_M_L_3_vertical_n_3/quantitative_2d_sensor_t130/ablation_suite_v1/perm_new_anchor/prediction_15hz_model_order.npy,.npy,3008
runs/fmb_second_example_1_M_L_3_vertical_n_3/quantitative_2d_sensor_t130/ablation_suite_v1/perm_new_anchor/prediction_2d.npy,.npy,1408
runs/fmb_second_example_1_M_L_3_vertical_n_3/quantitative_2d_sensor_t130/ablation_suite_v1/perm_new_anchor/raw_model_output.txt,.txt,2831
runs/fmb_second_example_1_M_L_3_vertical_n_3/quantitative_2d_sensor_t130/ablation_suite_v1/scale_090/evaluation.json,.json,5748
runs/fmb_second_example_1_M_L_3_vertical_n_3/quantitative_2d_sensor_t130/ablation_suite_v1/scale_090/history_3d.npy,.npy,416
runs/fmb_second_example_1_M_L_3_vertical_n_3/quantitative_2d_sensor_t130/ablation_suite_v1/scale_090/manifest.json,.json,1858
runs/fmb_second_example_1_M_L_3_vertical_n_3/quantitative_2d_sensor_t130/ablation_suite_v1/scale_090/model_run.json,.json,1273
runs/fmb_second_example_1_M_L_3_vertical_n_3/quantitative_2d_sensor_t130/ablation_suite_v1/scale_090/parser_validation.json,.json,81
runs/fmb_second_example_1_M_L_3_vertical_n_3/quantitative_2d_sensor_t130/ablation_suite_v1/scale_090/points_2d_at_t0.npy,.npy,192
runs/fmb_second_example_1_M_L_3_vertical_n_3/quantitative_2d_sensor_t130/ablation_suite_v1/scale_090/prediction_10hz.npy,.npy,2048
runs/fmb_second_example_1_M_L_3_vertical_n_3/quantitative_2d_sensor_t130/ablation_suite_v1/scale_090/prediction_15hz.npy,.npy,3008
runs/fmb_second_example_1_M_L_3_vertical_n_3/quantitative_2d_sensor_t130/ablation_suite_v1/scale_090/prediction_15hz_model_order.npy,.npy,3008
runs/fmb_second_example_1_M_L_3_vertical_n_3/quantitative_2d_sensor_t130/ablation_suite_v1/scale_090/prediction_2d.npy,.npy,1408
runs/fmb_second_example_1_M_L_3_vertical_n_3/quantitative_2d_sensor_t130/ablation_suite_v1/scale_090/raw_model_output.txt,.txt,2561
runs/fmb_second_example_1_M_L_3_vertical_n_3/quantitative_2d_sensor_t130/ablation_suite_v1/scale_110/evaluation.json,.json,5771
runs/fmb_second_example_1_M_L_3_vertical_n_3/quantitative_2d_sensor_t130/ablation_suite_v1/scale_110/history_3d.npy,.npy,416
runs/fmb_second_example_1_M_L_3_vertical_n_3/quantitative_2d_sensor_t130/ablation_suite_v1/scale_110/manifest.json,.json,1858
runs/fmb_second_example_1_M_L_3_vertical_n_3/quantitative_2d_sensor_t130/ablation_suite_v1/scale_110/model_run.json,.json,1273
runs/fmb_second_example_1_M_L_3_vertical_n_3/quantitative_2d_sensor_t130/ablation_suite_v1/scale_110/parser_validation.json,.json,81
runs/fmb_second_example_1_M_L_3_vertical_n_3/quantitative_2d_sensor_t130/ablation_suite_v1/scale_110/points_2d_at_t0.npy,.npy,192
runs/fmb_second_example_1_M_L_3_vertical_n_3/quantitative_2d_sensor_t130/ablation_suite_v1/scale_110/prediction_10hz.npy,.npy,2048
runs/fmb_second_example_1_M_L_3_vertical_n_3/quantitative_2d_sensor_t130/ablation_suite_v1/scale_110/prediction_15hz.npy,.npy,3008
runs/fmb_second_example_1_M_L_3_vertical_n_3/quantitative_2d_sensor_t130/ablation_suite_v1/scale_110/prediction_15hz_model_order.npy,.npy,3008
runs/fmb_second_example_1_M_L_3_vertical_n_3/quantitative_2d_sensor_t130/ablation_suite_v1/scale_110/prediction_2d.npy,.npy,1408
runs/fmb_second_example_1_M_L_3_vertical_n_3/quantitative_2d_sensor_t130/ablation_suite_v1/scale_110/raw_model_output.txt,.txt,2649
runs/fmb_second_example_1_M_L_3_vertical_n_3/quantitative_2d_sensor_t130/ablation_suite_v1/text_counterfactual/evaluation.json,.json,5751
runs/fmb_second_example_1_M_L_3_vertical_n_3/quantitative_2d_sensor_t130/ablation_suite_v1/text_counterfactual/history_3d.npy,.npy,416
runs/fmb_second_example_1_M_L_3_vertical_n_3/quantitative_2d_sensor_t130/ablation_suite_v1/text_counterfactual/manifest.json,.json,1862
runs/fmb_second_example_1_M_L_3_vertical_n_3/quantitative_2d_sensor_t130/ablation_suite_v1/text_counterfactual/model_run.json,.json,1283
runs/fmb_second_example_1_M_L_3_vertical_n_3/quantitative_2d_sensor_t130/ablation_suite_v1/text_counterfactual/parser_validation.json,.json,81
runs/fmb_second_example_1_M_L_3_vertical_n_3/quantitative_2d_sensor_t130/ablation_suite_v1/text_counterfactual/points_2d_at_t0.npy,.npy,192
runs/fmb_second_example_1_M_L_3_vertical_n_3/quantitative_2d_sensor_t130/ablation_suite_v1/text_counterfactual/prediction_10hz.npy,.npy,2048
runs/fmb_second_example_1_M_L_3_vertical_n_3/quantitative_2d_sensor_t130/ablation_suite_v1/text_counterfactual/prediction_15hz.npy,.npy,3008
runs/fmb_second_example_1_M_L_3_vertical_n_3/quantitative_2d_sensor_t130/ablation_suite_v1/text_counterfactual/prediction_15hz_model_order.npy,.npy,3008
runs/fmb_second_example_1_M_L_3_vertical_n_3/quantitative_2d_sensor_t130/ablation_suite_v1/text_counterfactual/prediction_2d.npy,.npy,1408
runs/fmb_second_example_1_M_L_3_vertical_n_3/quantitative_2d_sensor_t130/ablation_suite_v1/text_counterfactual/raw_model_output.txt,.txt,2591
runs/fmb_second_example_1_M_L_3_vertical_n_3/quantitative_2d_sensor_t130/ablation_suite_v1/text_generic/evaluation.json,.json,5745
runs/fmb_second_example_1_M_L_3_vertical_n_3/quantitative_2d_sensor_t130/ablation_suite_v1/text_generic/history_3d.npy,.npy,416
runs/fmb_second_example_1_M_L_3_vertical_n_3/quantitative_2d_sensor_t130/ablation_suite_v1/text_generic/manifest.json,.json,1829
runs/fmb_second_example_1_M_L_3_vertical_n_3/quantitative_2d_sensor_t130/ablation_suite_v1/text_generic/model_run.json,.json,1276
runs/fmb_second_example_1_M_L_3_vertical_n_3/quantitative_2d_sensor_t130/ablation_suite_v1/text_generic/parser_validation.json,.json,81
runs/fmb_second_example_1_M_L_3_vertical_n_3/quantitative_2d_sensor_t130/ablation_suite_v1/text_generic/points_2d_at_t0.npy,.npy,192
runs/fmb_second_example_1_M_L_3_vertical_n_3/quantitative_2d_sensor_t130/ablation_suite_v1/text_generic/prediction_10hz.npy,.npy,2048
runs/fmb_second_example_1_M_L_3_vertical_n_3/quantitative_2d_sensor_t130/ablation_suite_v1/text_generic/prediction_15hz.npy,.npy,3008
runs/fmb_second_example_1_M_L_3_vertical_n_3/quantitative_2d_sensor_t130/ablation_suite_v1/text_generic/prediction_15hz_model_order.npy,.npy,3008
runs/fmb_second_example_1_M_L_3_vertical_n_3/quantitative_2d_sensor_t130/ablation_suite_v1/text_generic/prediction_2d.npy,.npy,1408
runs/fmb_second_example_1_M_L_3_vertical_n_3/quantitative_2d_sensor_t130/ablation_suite_v1/text_generic/raw_model_output.txt,.txt,2591
runs/fmb_second_example_1_M_L_3_vertical_n_3/quantitative_2d_sensor_t130/ablation_suite_v1/text_paraphrase/evaluation.json,.json,5758
runs/fmb_second_example_1_M_L_3_vertical_n_3/quantitative_2d_sensor_t130/ablation_suite_v1/text_paraphrase/history_3d.npy,.npy,416
runs/fmb_second_example_1_M_L_3_vertical_n_3/quantitative_2d_sensor_t130/ablation_suite_v1/text_paraphrase/manifest.json,.json,1874
runs/fmb_second_example_1_M_L_3_vertical_n_3/quantitative_2d_sensor_t130/ablation_suite_v1/text_paraphrase/model_run.json,.json,1279
runs/fmb_second_example_1_M_L_3_vertical_n_3/quantitative_2d_sensor_t130/ablation_suite_v1/text_paraphrase/parser_validation.json,.json,81
runs/fmb_second_example_1_M_L_3_vertical_n_3/quantitative_2d_sensor_t130/ablation_suite_v1/text_paraphrase/points_2d_at_t0.npy,.npy,192
runs/fmb_second_example_1_M_L_3_vertical_n_3/quantitative_2d_sensor_t130/ablation_suite_v1/text_paraphrase/prediction_10hz.npy,.npy,2048
runs/fmb_second_example_1_M_L_3_vertical_n_3/quantitative_2d_sensor_t130/ablation_suite_v1/text_paraphrase/prediction_15hz.npy,.npy,3008
runs/fmb_second_example_1_M_L_3_vertical_n_3/quantitative_2d_sensor_t130/ablation_suite_v1/text_paraphrase/prediction_15hz_model_order.npy,.npy,3008
runs/fmb_second_example_1_M_L_3_vertical_n_3/quantitative_2d_sensor_t130/ablation_suite_v1/text_paraphrase/prediction_2d.npy,.npy,1408
runs/fmb_second_example_1_M_L_3_vertical_n_3/quantitative_2d_sensor_t130/ablation_suite_v1/text_paraphrase/raw_model_output.txt,.txt,2590
runs/fmb_second_example_1_M_L_3_vertical_n_3/quantitative_2d_sensor_t130/action_traceability.json,.json,701
runs/fmb_second_example_1_M_L_3_vertical_n_3/quantitative_2d_sensor_t130/annotation_repeatability.json,.json,6761
runs/fmb_second_example_1_M_L_3_vertical_n_3/quantitative_2d_sensor_t130/annotation_repeatability_v1.png,.png,175360
runs/fmb_second_example_1_M_L_3_vertical_n_3/quantitative_2d_sensor_t130/baseline_constant_velocity_2d.npy,.npy,1408
runs/fmb_second_example_1_M_L_3_vertical_n_3/quantitative_2d_sensor_t130/baseline_stationary_2d.npy,.npy,1408
runs/fmb_second_example_1_M_L_3_vertical_n_3/quantitative_2d_sensor_t130/cad_dimension_check.json,.json,2789
runs/fmb_second_example_1_M_L_3_vertical_n_3/quantitative_2d_sensor_t130/cad_pose_fit.json,.json,6498
runs/fmb_second_example_1_M_L_3_vertical_n_3/quantitative_2d_sensor_t130/cad_silhouette_prediction_comparison.json,.json,4916
runs/fmb_second_example_1_M_L_3_vertical_n_3/quantitative_2d_sensor_t130/cad_silhouette_prediction_disagreement.png,.png,111491
runs/fmb_second_example_1_M_L_3_vertical_n_3/quantitative_2d_sensor_t130/cad_silhouette_prediction_disagreement_by_time.csv,.csv,1032
runs/fmb_second_example_1_M_L_3_vertical_n_3/quantitative_2d_sensor_t130/calibration_sensitivity.csv,.csv,486
runs/fmb_second_example_1_M_L_3_vertical_n_3/quantitative_2d_sensor_t130/calibration_sensitivity.png,.png,30998
runs/fmb_second_example_1_M_L_3_vertical_n_3/quantitative_2d_sensor_t130/coverage.png,.png,30342
runs/fmb_second_example_1_M_L_3_vertical_n_3/quantitative_2d_sensor_t130/current_state.json,.json,595
runs/fmb_second_example_1_M_L_3_vertical_n_3/quantitative_2d_sensor_t130/error_by_time.csv,.csv,1442
runs/fmb_second_example_1_M_L_3_vertical_n_3/quantitative_2d_sensor_t130/error_vs_time.png,.png,88577
runs/fmb_second_example_1_M_L_3_vertical_n_3/quantitative_2d_sensor_t130/evaluation_time_10hz_s.npy,.npy,288
runs/fmb_second_example_1_M_L_3_vertical_n_3/quantitative_2d_sensor_t130/experiment_config.json,.json,1917
runs/fmb_second_example_1_M_L_3_vertical_n_3/quantitative_2d_sensor_t130/frame_128.png,.png,98043
runs/fmb_second_example_1_M_L_3_vertical_n_3/quantitative_2d_sensor_t130/frame_129.png,.png,97895
runs/fmb_second_example_1_M_L_3_vertical_n_3/quantitative_2d_sensor_t130/frame_130.png,.png,97828
runs/fmb_second_example_1_M_L_3_vertical_n_3/quantitative_2d_sensor_t130/future_frames_predictions_gt.png,.png,1452546
runs/fmb_second_example_1_M_L_3_vertical_n_3/quantitative_2d_sensor_t130/future_trajectory_extended_plane.png,.png,221325
runs/fmb_second_example_1_M_L_3_vertical_n_3/quantitative_2d_sensor_t130/future_trajectory_overlay.png,.png,458509
runs/fmb_second_example_1_M_L_3_vertical_n_3/quantitative_2d_sensor_t130/geometry_bundle_v1/cad_silhouette_tcp.npz,.npz,1862
runs/fmb_second_example_1_M_L_3_vertical_n_3/quantitative_2d_sensor_t130/geometry_bundle_v1/history_clouds_common_axes.json,.json,562
runs/fmb_second_example_1_M_L_3_vertical_n_3/quantitative_2d_sensor_t130/geometry_bundle_v1/history_clouds_common_axes.png,.png,123687
runs/fmb_second_example_1_M_L_3_vertical_n_3/quantitative_2d_sensor_t130/geometry_bundle_v1/manifest.json,.json,3863
runs/fmb_second_example_1_M_L_3_vertical_n_3/quantitative_2d_sensor_t130/geometry_bundle_v1/moge2_history_scaled.npz,.npz,2731004
runs/fmb_second_example_1_M_L_3_vertical_n_3/quantitative_2d_sensor_t130/geometry_bundle_v1/moge2_raw.npz,.npz,2735792
runs/fmb_second_example_1_M_L_3_vertical_n_3/quantitative_2d_sensor_t130/geometry_bundle_v1/planar_pnp.npz,.npz,1862
runs/fmb_second_example_1_M_L_3_vertical_n_3/quantitative_2d_sensor_t130/geometry_bundle_v1/sensor.npz,.npz,202238
runs/fmb_second_example_1_M_L_3_vertical_n_3/quantitative_2d_sensor_t130/geometry_prediction_comparison.json,.json,4973
runs/fmb_second_example_1_M_L_3_vertical_n_3/quantitative_2d_sensor_t130/geometry_prediction_disagreement.png,.png,60391
runs/fmb_second_example_1_M_L_3_vertical_n_3/quantitative_2d_sensor_t130/geometry_prediction_disagreement_by_time.csv,.csv,1047
runs/fmb_second_example_1_M_L_3_vertical_n_3/quantitative_2d_sensor_t130/gt_2d.npy,.npy,1408
runs/fmb_second_example_1_M_L_3_vertical_n_3/quantitative_2d_sensor_t130/gt_all_future_frames.png,.png,1819933
runs/fmb_second_example_1_M_L_3_vertical_n_3/quantitative_2d_sensor_t130/gt_dense_flow_alternative.npy,.npy,1408
runs/fmb_second_example_1_M_L_3_vertical_n_3/quantitative_2d_sensor_t130/gt_tracking_diagnostics.json,.json,55557
runs/fmb_second_example_1_M_L_3_vertical_n_3/quantitative_2d_sensor_t130/history_8_points.png,.png,296611
runs/fmb_second_example_1_M_L_3_vertical_n_3/quantitative_2d_sensor_t130/history_cad_silhouette_tcp_3d.npy,.npy,416
runs/fmb_second_example_1_M_L_3_vertical_n_3/quantitative_2d_sensor_t130/history_depth_probe.json,.json,25229
runs/fmb_second_example_1_M_L_3_vertical_n_3/quantitative_2d_sensor_t130/history_depth_quality.png,.png,299789
runs/fmb_second_example_1_M_L_3_vertical_n_3/quantitative_2d_sensor_t130/history_moge2_history_scaled_3d.npy,.npy,416
runs/fmb_second_example_1_M_L_3_vertical_n_3/quantitative_2d_sensor_t130/history_moge2_raw_3d.npy,.npy,416
runs/fmb_second_example_1_M_L_3_vertical_n_3/quantitative_2d_sensor_t130/history_pnp_3d.npy,.npy,416
runs/fmb_second_example_1_M_L_3_vertical_n_3/quantitative_2d_sensor_t130/history_points_2d.npy,.npy,320
runs/fmb_second_example_1_M_L_3_vertical_n_3/quantitative_2d_sensor_t130/history_sensor_3d.npy,.npy,416
runs/fmb_second_example_1_M_L_3_vertical_n_3/quantitative_2d_sensor_t130/history_sensor_3d_K_focal_0925.npy,.npy,416
runs/fmb_second_example_1_M_L_3_vertical_n_3/quantitative_2d_sensor_t130/history_sensor_3d_K_nominal.npy,.npy,416
runs/fmb_second_example_1_M_L_3_vertical_n_3/quantitative_2d_sensor_t130/history_sensor_3d_K_simple.npy,.npy,416
runs/fmb_second_example_1_M_L_3_vertical_n_3/quantitative_2d_sensor_t130/input_freeze.json,.json,947
runs/fmb_second_example_1_M_L_3_vertical_n_3/quantitative_2d_sensor_t130/k_nominal.json,.json,633
runs/fmb_second_example_1_M_L_3_vertical_n_3/quantitative_2d_sensor_t130/k_sensitivity_variants.json,.json,1627
runs/fmb_second_example_1_M_L_3_vertical_n_3/quantitative_2d_sensor_t130/leakage_and_artifact_audit.json,.json,1998
runs/fmb_second_example_1_M_L_3_vertical_n_3/quantitative_2d_sensor_t130/metrics.csv,.csv,779
runs/fmb_second_example_1_M_L_3_vertical_n_3/quantitative_2d_sensor_t130/metrics.json,.json,12163
runs/fmb_second_example_1_M_L_3_vertical_n_3/quantitative_2d_sensor_t130/model_run.json,.json,1952
runs/fmb_second_example_1_M_L_3_vertical_n_3/quantitative_2d_sensor_t130/moge2_history_v1/depth_comparison.json,.json,1682
runs/fmb_second_example_1_M_L_3_vertical_n_3/quantitative_2d_sensor_t130/moge2_history_v1/depth_comparison.png,.png,1198351
runs/fmb_second_example_1_M_L_3_vertical_n_3/quantitative_2d_sensor_t130/moge2_history_v1/forecast_comparison.mp4,.mp4,496036
runs/fmb_second_example_1_M_L_3_vertical_n_3/quantitative_2d_sensor_t130/moge2_history_v1/forecast_comparison_overview.png,.png,1331928
runs/fmb_second_example_1_M_L_3_vertical_n_3/quantitative_2d_sensor_t130/moge2_history_v1/forecast_media_manifest.json,.json,574
runs/fmb_second_example_1_M_L_3_vertical_n_3/quantitative_2d_sensor_t130/moge2_history_v1/manifest.json,.json,3442
runs/fmb_second_example_1_M_L_3_vertical_n_3/quantitative_2d_sensor_t130/moge2_history_v1/moge2_history_maps.npz,.npz,2734114
runs/fmb_second_example_1_M_L_3_vertical_n_3/quantitative_2d_sensor_t130/nominal_repeatability.json,.json,402
runs/fmb_second_example_1_M_L_3_vertical_n_3/quantitative_2d_sensor_t130/parser_validation.json,.json,387
runs/fmb_second_example_1_M_L_3_vertical_n_3/quantitative_2d_sensor_t130/per_point_metrics.csv,.csv,1087
runs/fmb_second_example_1_M_L_3_vertical_n_3/quantitative_2d_sensor_t130/pnp_annotation_noise_sensitivity.json,.json,3653
runs/fmb_second_example_1_M_L_3_vertical_n_3/quantitative_2d_sensor_t130/pnp_correspondences.json,.json,20571
runs/fmb_second_example_1_M_L_3_vertical_n_3/quantitative_2d_sensor_t130/points_2d_at_t0.npy,.npy,192
runs/fmb_second_example_1_M_L_3_vertical_n_3/quantitative_2d_sensor_t130/prediction_10hz.npy,.npy,2048
runs/fmb_second_example_1_M_L_3_vertical_n_3/quantitative_2d_sensor_t130/prediction_15hz.npy,.npy,3008
runs/fmb_second_example_1_M_L_3_vertical_n_3/quantitative_2d_sensor_t130/prediction_2d.npy,.npy,1408
runs/fmb_second_example_1_M_L_3_vertical_n_3/quantitative_2d_sensor_t130/prediction_time_15hz_s.npy,.npy,368
runs/fmb_second_example_1_M_L_3_vertical_n_3/quantitative_2d_sensor_t130/preflight.json,.json,984
runs/fmb_second_example_1_M_L_3_vertical_n_3/quantitative_2d_sensor_t130/projection_check.json,.json,291
runs/fmb_second_example_1_M_L_3_vertical_n_3/quantitative_2d_sensor_t130/prompt_quantization_sensitivity.json,.json,6813
runs/fmb_second_example_1_M_L_3_vertical_n_3/quantitative_2d_sensor_t130/raw_model_output.txt,.txt,2591
runs/fmb_second_example_1_M_L_3_vertical_n_3/quantitative_2d_sensor_t130/reason_mask.npy,.npy,10368
runs/fmb_second_example_1_M_L_3_vertical_n_3/quantitative_2d_sensor_t130/rigid_correction_v1/corrected_prediction_10hz.npy,.npy,2048
runs/fmb_second_example_1_M_L_3_vertical_n_3/quantitative_2d_sensor_t130/rigid_correction_v1/corrected_prediction_15hz.npy,.npy,3008
runs/fmb_second_example_1_M_L_3_vertical_n_3/quantitative_2d_sensor_t130/rigid_correction_v1/corrected_prediction_2d.npy,.npy,1408
runs/fmb_second_example_1_M_L_3_vertical_n_3/quantitative_2d_sensor_t130/rigid_correction_v1/evaluation.json,.json,2761
runs/fmb_second_example_1_M_L_3_vertical_n_3/quantitative_2d_sensor_t130/rigid_correction_v1/rigid_correction.png,.png,75563
runs/fmb_second_example_1_M_L_3_vertical_n_3/quantitative_2d_sensor_t130/rigidity_check.json,.json,11974
runs/fmb_second_example_1_M_L_3_vertical_n_3/quantitative_2d_sensor_t130/sensor_vs_cad_silhouette_tcp.json,.json,3734
runs/fmb_second_example_1_M_L_3_vertical_n_3/quantitative_2d_sensor_t130/sensor_vs_pnp.json,.json,3755
runs/fmb_second_example_1_M_L_3_vertical_n_3/quantitative_2d_sensor_t130/sensor_vs_pnp_3d.png,.png,235899
runs/fmb_second_example_1_M_L_3_vertical_n_3/quantitative_2d_sensor_t130/study_media_v1/forecast_vs_observed.mp4,.mp4,312302
runs/fmb_second_example_1_M_L_3_vertical_n_3/quantitative_2d_sensor_t130/study_media_v1/forecast_vs_observed_overview.png,.png,732363
runs/fmb_second_example_1_M_L_3_vertical_n_3/quantitative_2d_sensor_t130/study_media_v1/geometry_methods.mp4,.mp4,430635
runs/fmb_second_example_1_M_L_3_vertical_n_3/quantitative_2d_sensor_t130/study_media_v1/geometry_methods_overview.png,.png,1312634
runs/fmb_second_example_1_M_L_3_vertical_n_3/quantitative_2d_sensor_t130/study_media_v1/input_and_geometry.mp4,.mp4,89664
runs/fmb_second_example_1_M_L_3_vertical_n_3/quantitative_2d_sensor_t130/study_media_v1/input_and_geometry_overview.png,.png,407016
runs/fmb_second_example_1_M_L_3_vertical_n_3/quantitative_2d_sensor_t130/study_media_v1/media_manifest.json,.json,976
runs/fmb_second_example_1_M_L_3_vertical_n_3/quantitative_2d_sensor_t130/temporal_forecast_diagnostic.json,.json,2310
runs/fmb_second_example_1_M_L_3_vertical_n_3/quantitative_2d_sensor_t130/temporal_interpretation.json,.json,798
runs/fmb_second_example_1_M_L_3_vertical_n_3/quantitative_2d_sensor_t130/tracking_uncertainty_v1/tracker_disagreement.json,.json,675
runs/fmb_second_example_1_M_L_3_vertical_n_3/quantitative_2d_sensor_t130/tracking_uncertainty_v1/tracker_disagreement.png,.png,173186
runs/fmb_second_example_1_M_L_3_vertical_n_3/quantitative_2d_sensor_t130/validity_mask.npy,.npy,288
runs/fmb_second_example_1_M_L_3_vertical_n_3/quantitative_2d_sensor_t130/variants/cad_silhouette/model_run.json,.json,1971
runs/fmb_second_example_1_M_L_3_vertical_n_3/quantitative_2d_sensor_t130/variants/cad_silhouette/parser_validation.json,.json,394
runs/fmb_second_example_1_M_L_3_vertical_n_3/quantitative_2d_sensor_t130/variants/cad_silhouette/prediction_10hz.npy,.npy,2048
runs/fmb_second_example_1_M_L_3_vertical_n_3/quantitative_2d_sensor_t130/variants/cad_silhouette/prediction_15hz.npy,.npy,3008
runs/fmb_second_example_1_M_L_3_vertical_n_3/quantitative_2d_sensor_t130/variants/cad_silhouette/raw_model_output.txt,.txt,2765
runs/fmb_second_example_1_M_L_3_vertical_n_3/quantitative_2d_sensor_t130/variants/focal/model_run.json,.json,1961
runs/fmb_second_example_1_M_L_3_vertical_n_3/quantitative_2d_sensor_t130/variants/focal/parser_validation.json,.json,385
runs/fmb_second_example_1_M_L_3_vertical_n_3/quantitative_2d_sensor_t130/variants/focal/prediction_10hz.npy,.npy,2048
runs/fmb_second_example_1_M_L_3_vertical_n_3/quantitative_2d_sensor_t130/variants/focal/prediction_15hz.npy,.npy,3008
runs/fmb_second_example_1_M_L_3_vertical_n_3/quantitative_2d_sensor_t130/variants/focal/raw_model_output.txt,.txt,2591
runs/fmb_second_example_1_M_L_3_vertical_n_3/quantitative_2d_sensor_t130/variants/nominal_repeat/model_run.json,.json,1959
runs/fmb_second_example_1_M_L_3_vertical_n_3/quantitative_2d_sensor_t130/variants/nominal_repeat/parser_validation.json,.json,394
runs/fmb_second_example_1_M_L_3_vertical_n_3/quantitative_2d_sensor_t130/variants/nominal_repeat/prediction_15hz.npy,.npy,3008
runs/fmb_second_example_1_M_L_3_vertical_n_3/quantitative_2d_sensor_t130/variants/nominal_repeat/raw_model_output.txt,.txt,2591
runs/fmb_second_example_1_M_L_3_vertical_n_3/quantitative_2d_sensor_t130/variants/pnp/model_run.json,.json,1945
runs/fmb_second_example_1_M_L_3_vertical_n_3/quantitative_2d_sensor_t130/variants/pnp/parser_validation.json,.json,383
runs/fmb_second_example_1_M_L_3_vertical_n_3/quantitative_2d_sensor_t130/variants/pnp/prediction_10hz.npy,.npy,2048
runs/fmb_second_example_1_M_L_3_vertical_n_3/quantitative_2d_sensor_t130/variants/pnp/prediction_15hz.npy,.npy,3008
runs/fmb_second_example_1_M_L_3_vertical_n_3/quantitative_2d_sensor_t130/variants/pnp/raw_model_output.txt,.txt,2618
runs/fmb_second_example_1_M_L_3_vertical_n_3/quantitative_2d_sensor_t130/variants/simple/model_run.json,.json,1959
runs/fmb_second_example_1_M_L_3_vertical_n_3/quantitative_2d_sensor_t130/variants/simple/parser_validation.json,.json,386
runs/fmb_second_example_1_M_L_3_vertical_n_3/quantitative_2d_sensor_t130/variants/simple/prediction_10hz.npy,.npy,2048
runs/fmb_second_example_1_M_L_3_vertical_n_3/quantitative_2d_sensor_t130/variants/simple/prediction_15hz.npy,.npy,3008
runs/fmb_second_example_1_M_L_3_vertical_n_3/quantitative_2d_sensor_t130/variants/simple/raw_model_output.txt,.txt,2591
runs/fmb_second_example_1_M_L_3_vertical_n_3/quantitative_2d_sensor_t130/visual_review.json,.json,547
runs/fmb_second_example_1_M_L_3_vertical_n_3/quantitative_2d_sensor_t130/window_selection.json,.json,888
runs/fmb_second_example_1_M_L_3_vertical_n_3/selected_window.png,.png,652311
runs/fmb_second_example_1_M_L_3_vertical_n_3/two_trial_comparison.csv,.csv,675
runs/fmb_second_example_1_M_L_3_vertical_n_3/two_trial_comparison.json,.json,6113
runs/fmb_second_example_1_M_L_3_vertical_n_3/two_trial_comparison.png,.png,46738
runs/fmb_second_example_1_M_L_3_vertical_n_3/window_candidates.png,.png,1233581
runs/fmb_second_example_1_M_L_3_vertical_n_3/window_point_search.json,.json,698647
runs/fmb_second_example_1_M_L_3_vertical_n_3/window_probe.json,.json,5254
runs/fmb_second_scene/candidate_depth_roi.json,.json,49492
runs/fmb_second_scene/candidate_previews/1_L_L_4_vertical_n_0_side_1.png,.png,1388785
runs/fmb_second_scene/candidate_previews/1_L_L_4_vertical_n_0_side_2.png,.png,1387974
runs/fmb_second_scene/candidate_previews/1_M_L_3_horizontal_n_0_side_1.png,.png,1487148
runs/fmb_second_scene/candidate_previews/1_M_L_3_horizontal_n_0_side_2.png,.png,1443737
runs/fmb_second_scene/candidate_previews/1_M_L_3_horizontal_n_4_side_1.png,.png,1482032
runs/fmb_second_scene/candidate_previews/1_M_L_3_horizontal_n_4_side_2.png,.png,1448088
runs/fmb_second_scene/candidate_previews/1_M_L_3_horizontal_n_8_side_1.png,.png,1439379
runs/fmb_second_scene/candidate_previews/1_M_L_3_horizontal_n_8_side_2.png,.png,1463004
runs/fmb_second_scene/candidate_previews/1_M_L_3_vertical_n_2_side_1.png,.png,1470703
runs/fmb_second_scene/candidate_previews/1_M_L_3_vertical_n_2_side_2.png,.png,1446664
runs/fmb_second_scene/candidate_previews/1_M_L_3_vertical_n_3_side_1.png,.png,1455944
runs/fmb_second_scene/candidate_previews/1_M_L_3_vertical_n_3_side_2.png,.png,1431612
runs/fmb_second_scene/candidate_previews/1_M_L_3_vertical_n_4_side_1.png,.png,1440500
runs/fmb_second_scene/candidate_previews/1_M_L_3_vertical_n_4_side_2.png,.png,1441576
runs/fmb_second_scene/candidate_previews/1_M_L_3_vertical_n_5_side_1.png,.png,1420046
runs/fmb_second_scene/candidate_previews/1_M_L_3_vertical_n_5_side_2.png,.png,1464121
runs/fmb_second_scene/candidate_previews/1_M_L_3_vertical_n_6_side_1.png,.png,1418228
runs/fmb_second_scene/candidate_previews/1_M_L_3_vertical_n_6_side_2.png,.png,1431572
runs/fmb_second_scene/candidate_previews/2_M_L_7_vertical_n_0_side_1.png,.png,1513938
runs/fmb_second_scene/candidate_previews/2_M_L_7_vertical_n_0_side_2.png,.png,1461958
runs/fmb_second_scene/candidate_previews/depth_mask_side_1_000.png,.png,85265
runs/fmb_second_scene/candidate_previews/depth_mask_side_1_056.png,.png,86315
runs/fmb_second_scene/candidate_previews/depth_mask_side_1_065.png,.png,85252
runs/fmb_second_scene/candidate_previews/depth_mask_side_1_094.png,.png,82690
runs/fmb_second_scene/candidate_previews/depth_mask_side_1_103.png,.png,83774
runs/fmb_second_scene/candidate_previews/depth_mask_side_1_112.png,.png,84348
runs/fmb_second_scene/candidate_previews/depth_mask_side_1_122.png,.png,84115
runs/fmb_second_scene/candidate_previews/depth_mask_side_1_131.png,.png,83581
runs/fmb_second_scene/candidate_previews/depth_mask_side_1_141.png,.png,87128
runs/fmb_second_scene/candidate_previews/depth_mask_side_2_000.png,.png,86255
runs/fmb_second_scene/candidate_previews/depth_mask_side_2_056.png,.png,87287
runs/fmb_second_scene/candidate_previews/depth_mask_side_2_065.png,.png,85404
runs/fmb_second_scene/candidate_previews/depth_mask_side_2_094.png,.png,86519
runs/fmb_second_scene/candidate_previews/depth_mask_side_2_103.png,.png,86606
runs/fmb_second_scene/candidate_previews/depth_mask_side_2_112.png,.png,86514
runs/fmb_second_scene/candidate_previews/depth_mask_side_2_122.png,.png,86576
runs/fmb_second_scene/candidate_previews/depth_mask_side_2_131.png,.png,86452
runs/fmb_second_scene/candidate_previews/depth_mask_side_2_141.png,.png,86501
runs/fmb_second_scene/candidate_selection.csv,.csv,3943
runs/fmb_second_scene/candidate_survey.json,.json,10532
runs/fmb_second_scene/data_audit.json,.json,3704
runs/fmb_second_scene/depth_statistics.json,.json,18003
runs/fmb_second_scene/evaluation/README.md,.md,189
runs/fmb_second_scene/method_readiness.json,.json,2396
runs/fmb_second_scene/observed/README.md,.md,188
runs/fmb_second_scene/previews/preview_side_1.mp4,.mp4,310760
runs/fmb_second_scene/previews/preview_side_2.mp4,.mp4,241796
runs/fmb_second_scene/previews/preview_wrist_1.mp4,.mp4,471048
runs/fmb_second_scene/previews/preview_wrist_2.mp4,.mp4,503024
runs/fmb_second_scene/reference_5201.json,.json,1004
runs/fmb_second_scene/selection.json,.json,1948
runs/fmb_second_scene/sharerobot_mapping.json,.json,2520
runs/fmb_second_scene/sharerobot_trajectory_manifest.json,.json,5033460
runs/fmb_second_scene/sharerobot_trajectory_search.json,.json,20287
runs/fmb_second_scene/t0_candidates.json,.json,5833
runs/fmb_second_scene/visuals/contact_side_1.png,.png,1388686
runs/fmb_second_scene/visuals/contact_side_2.png,.png,1387746
runs/fmb_second_scene/visuals/gripper_timeline.png,.png,29637
runs/fmb_second_scene/visuals/object_configuration.png,.png,407412
runs/fmb_second_scene/visuals/preview_overlay_check.png,.png,66058
runs/fmb_second_scene/visuals/primitive_timeline.png,.png,25812
runs/fmb_second_scene/visuals/rgb_depth_side_1.png,.png,1248162
runs/fmb_second_scene/visuals/rgb_depth_side_2.png,.png,1235799
runs/fmb_second_scene/visuals/sharerobot_search_best_pair.png,.png,165923
runs/fmb_second_scene/visuals/synchronized_four_cameras.png,.png,3248321
runs/fmb_second_scene/visuals/tcp_orientation_change.png,.png,62764
runs/fmb_second_scene/visuals/tcp_xyz.png,.png,62638
runs/fmb_second_scene/visuals/valid_depth_fraction.png,.png,100158
runs/fmb_study_audit.json,.json,23398
runs/fmb_v2_berkeley_matched/checkpoint_byte_audit.json,.json,663
runs/fmb_v2_berkeley_matched/completion_audit.json,.json,4679
runs/fmb_v2_berkeley_matched/continuation.log,.log,1617
runs/fmb_v2_berkeley_matched/continuation_status.json,.json,112
runs/fmb_v2_berkeley_matched/episode_5201/evaluation/alltracker_execution.json,.json,673
runs/fmb_v2_berkeley_matched/episode_5201/evaluation/alltracker_future.npz,.npz,7452
runs/fmb_v2_berkeley_matched/episode_5201/evaluation/ecc_uncertainty.npz,.npz,11357
runs/fmb_v2_berkeley_matched/episode_5201/evaluation/export_receipt.json,.json,386
runs/fmb_v2_berkeley_matched/episode_5201/evaluation/frame_000127.png,.png,98639
runs/fmb_v2_berkeley_matched/episode_5201/evaluation/frame_000128.png,.png,99039
runs/fmb_v2_berkeley_matched/episode_5201/evaluation/frame_000129.png,.png,99005
runs/fmb_v2_berkeley_matched/episode_5201/evaluation/frame_000130.png,.png,99149
runs/fmb_v2_berkeley_matched/episode_5201/evaluation/frame_000131.png,.png,99003
runs/fmb_v2_berkeley_matched/episode_5201/evaluation/frame_000132.png,.png,99018
runs/fmb_v2_berkeley_matched/episode_5201/evaluation/frame_000133.png,.png,97184
runs/fmb_v2_berkeley_matched/episode_5201/evaluation/frame_000134.png,.png,94390
runs/fmb_v2_berkeley_matched/episode_5201/evaluation/frame_000135.png,.png,94170
runs/fmb_v2_berkeley_matched/episode_5201/evaluation/frame_000136.png,.png,93383
runs/fmb_v2_berkeley_matched/episode_5201/evaluation/frame_000137.png,.png,92053
runs/fmb_v2_berkeley_matched/episode_5201/evaluation/frame_000138.png,.png,91409
runs/fmb_v2_berkeley_matched/episode_5201/evaluation/frame_000139.png,.png,90527
runs/fmb_v2_berkeley_matched/episode_5201/evaluation/frame_000140.png,.png,89524
runs/fmb_v2_berkeley_matched/episode_5201/evaluation/frame_000141.png,.png,88957
runs/fmb_v2_berkeley_matched/episode_5201/evaluation/frame_000142.png,.png,88151
runs/fmb_v2_berkeley_matched/episode_5201/evaluation/frame_000143.png,.png,87663
runs/fmb_v2_berkeley_matched/episode_5201/evaluation/frame_000144.png,.png,87365
runs/fmb_v2_berkeley_matched/episode_5201/evaluation/frame_000145.png,.png,87404
runs/fmb_v2_berkeley_matched/episode_5201/evaluation/frame_000146.png,.png,88272
runs/fmb_v2_berkeley_matched/episode_5201/evaluation/future_rgb.npy,.npy,3932288
runs/fmb_v2_berkeley_matched/episode_5201/evaluation/metrics.json,.json,17745
runs/fmb_v2_berkeley_matched/episode_5201/evaluation/native_depth_future.npy,.npy,5243008
runs/fmb_v2_berkeley_matched/episode_5201/evaluation/native_depth_metadata.json,.json,793
runs/fmb_v2_berkeley_matched/episode_5201/evaluation/reference_uncertainty.json,.json,6817
runs/fmb_v2_berkeley_matched/episode_5201/evaluation/references_and_methods.npz,.npz,26698
runs/fmb_v2_berkeley_matched/episode_5201/evaluation/sensor_z16.npy,.npy,2621568
runs/fmb_v2_berkeley_matched/episode_5201/evaluation/source_indices.npy,.npy,288
runs/fmb_v2_berkeley_matched/episode_5201/evaluation/timestamps.npy,.npy,288
runs/fmb_v2_berkeley_matched/episode_5201/geometry/camera_motion_audit.json,.json,2666
runs/fmb_v2_berkeley_matched/episode_5201/geometry/camera_poses.npy,.npy,640
runs/fmb_v2_berkeley_matched/episode_5201/geometry/depth_observed.npy,.npy,2097280
runs/fmb_v2_berkeley_matched/episode_5201/geometry/depth_source.json,.json,922
runs/fmb_v2_berkeley_matched/episode_5201/geometry/filter_diagnostics.npz,.npz,6037
runs/fmb_v2_berkeley_matched/episode_5201/geometry/input_audit.json,.json,1570
runs/fmb_v2_berkeley_matched/episode_5201/geometry/intrinsics_stability.json,.json,1889
runs/fmb_v2_berkeley_matched/episode_5201/geometry/K_median.npy,.npy,164
runs/fmb_v2_berkeley_matched/episode_5201/geometry/K_per_frame.npy,.npy,416
runs/fmb_v2_berkeley_matched/episode_5201/geometry/points_3d_filtered.npy,.npy,9728
runs/fmb_v2_berkeley_matched/episode_5201/geometry/points_3d_raw.npy,.npy,9728
runs/fmb_v2_berkeley_matched/episode_5201/geometry/registration_audit.json,.json,1826
runs/fmb_v2_berkeley_matched/episode_5201/geometry/selection_gates.json,.json,383
runs/fmb_v2_berkeley_matched/episode_5201/geometry/unidepth_confidence_observed.npy,.npy,2097280
runs/fmb_v2_berkeley_matched/episode_5201/geometry/unidepth_depth_observed.npy,.npy,2097280
runs/fmb_v2_berkeley_matched/episode_5201/groups/group_00/metadata.json,.json,332
runs/fmb_v2_berkeley_matched/episode_5201/groups/group_00/point_ids.npy,.npy,192
runs/fmb_v2_berkeley_matched/episode_5201/groups/group_00/points_2d_at_t0.npy,.npy,192
runs/fmb_v2_berkeley_matched/episode_5201/groups/group_00/points_3d_history.npy,.npy,416
runs/fmb_v2_berkeley_matched/episode_5201/groups/group_01/metadata.json,.json,332
runs/fmb_v2_berkeley_matched/episode_5201/groups/group_01/point_ids.npy,.npy,192
runs/fmb_v2_berkeley_matched/episode_5201/groups/group_01/points_2d_at_t0.npy,.npy,192
runs/fmb_v2_berkeley_matched/episode_5201/groups/group_01/points_3d_history.npy,.npy,416
runs/fmb_v2_berkeley_matched/episode_5201/groups/group_02/metadata.json,.json,333
runs/fmb_v2_berkeley_matched/episode_5201/groups/group_02/point_ids.npy,.npy,192
runs/fmb_v2_berkeley_matched/episode_5201/groups/group_02/points_2d_at_t0.npy,.npy,192
runs/fmb_v2_berkeley_matched/episode_5201/groups/group_02/points_3d_history.npy,.npy,416
runs/fmb_v2_berkeley_matched/episode_5201/metadata.json,.json,2336
runs/fmb_v2_berkeley_matched/episode_5201/observed/alltracker_execution.json,.json,601
runs/fmb_v2_berkeley_matched/episode_5201/observed/frame_000119.png,.png,96010
runs/fmb_v2_berkeley_matched/episode_5201/observed/frame_000120.png,.png,96123
runs/fmb_v2_berkeley_matched/episode_5201/observed/frame_000121.png,.png,96153
runs/fmb_v2_berkeley_matched/episode_5201/observed/frame_000122.png,.png,96674
runs/fmb_v2_berkeley_matched/episode_5201/observed/frame_000123.png,.png,96956
runs/fmb_v2_berkeley_matched/episode_5201/observed/frame_000124.png,.png,97119
runs/fmb_v2_berkeley_matched/episode_5201/observed/frame_000125.png,.png,97901
runs/fmb_v2_berkeley_matched/episode_5201/observed/frame_000126.png,.png,98231
runs/fmb_v2_berkeley_matched/episode_5201/observed/grounding_metadata.json,.json,1667
runs/fmb_v2_berkeley_matched/episode_5201/observed/historical_masks_h3.npy,.npy,196736
runs/fmb_v2_berkeley_matched/episode_5201/observed/historical_masks_metadata.json,.json,757
runs/fmb_v2_berkeley_matched/episode_5201/observed/history_rgb.npy,.npy,589952
runs/fmb_v2_berkeley_matched/episode_5201/observed/history_source_indices.npy,.npy,152
runs/fmb_v2_berkeley_matched/episode_5201/observed/history_timestamps.npy,.npy,152
runs/fmb_v2_berkeley_matched/episode_5201/observed/mask.png,.png,973
runs/fmb_v2_berkeley_matched/episode_5201/observed/mask_overlay.png,.png,97601
runs/fmb_v2_berkeley_matched/episode_5201/observed/molmopoint_generated_token_ids.npy,.npy,352
runs/fmb_v2_berkeley_matched/episode_5201/observed/molmopoint_grounding.json,.json,3214
runs/fmb_v2_berkeley_matched/episode_5201/observed/molmopoint_input_ids.npy,.npy,3728
runs/fmb_v2_berkeley_matched/episode_5201/observed/molmopoint_overlay.png,.png,99536
runs/fmb_v2_berkeley_matched/episode_5201/observed/molmopoint_preparation.json,.json,955
runs/fmb_v2_berkeley_matched/episode_5201/observed/molmopoint_raw_output.txt,.txt,148
runs/fmb_v2_berkeley_matched/episode_5201/observed/molmopoint_t0.png,.png,98231
runs/fmb_v2_berkeley_matched/episode_5201/observed/native_depth.npy,.npy,2097280
runs/fmb_v2_berkeley_matched/episode_5201/observed/native_depth_metadata.json,.json,686
runs/fmb_v2_berkeley_matched/episode_5201/observed/observed_tracks_2d.npz,.npz,11656
runs/fmb_v2_berkeley_matched/episode_5201/observed/points_2d_history.npy,.npy,704
runs/fmb_v2_berkeley_matched/episode_5201/observed/points_3d_history.npy,.npy,992
runs/fmb_v2_berkeley_matched/episode_5201/observed/query_in_mask.npy,.npy,228
runs/fmb_v2_berkeley_matched/episode_5201/observed/query_points_100.npy,.npy,928
runs/fmb_v2_berkeley_matched/episode_5201/observed/rgb.npy,.npy,1572992
runs/fmb_v2_berkeley_matched/episode_5201/observed/sam_candidates.npz,.npz,289574
runs/fmb_v2_berkeley_matched/episode_5201/observed/sam_historical_124.npz,.npz,285571
runs/fmb_v2_berkeley_matched/episode_5201/observed/sam_historical_125.npz,.npz,290807
runs/fmb_v2_berkeley_matched/episode_5201/observed/selected_point_ids.npy,.npy,320
runs/fmb_v2_berkeley_matched/episode_5201/observed/sensor_z16.npy,.npy,1048704
runs/fmb_v2_berkeley_matched/episode_5201/observed/source_indices.npy,.npy,192
runs/fmb_v2_berkeley_matched/episode_5201/observed/timestamps.npy,.npy,192
runs/fmb_v2_berkeley_matched/episode_5201/predictions/future_3d.npy,.npy,8768
runs/fmb_v2_berkeley_matched/episode_5201/predictions/group_00/anchor.npy,.npy,140
runs/fmb_v2_berkeley_matched/episode_5201/predictions/group_00/future_3d.npy,.npy,3008
runs/fmb_v2_berkeley_matched/episode_5201/predictions/group_00/input_hashes.json,.json,2952
runs/fmb_v2_berkeley_matched/episode_5201/predictions/group_00/model_run.json,.json,1091
runs/fmb_v2_berkeley_matched/episode_5201/predictions/group_00/processor_inputs.pt,.pt,1325894
runs/fmb_v2_berkeley_matched/episode_5201/predictions/group_00/raw_model_output.txt,.txt,3503
runs/fmb_v2_berkeley_matched/episode_5201/predictions/group_01/anchor.npy,.npy,140
runs/fmb_v2_berkeley_matched/episode_5201/predictions/group_01/future_3d.npy,.npy,3008
runs/fmb_v2_berkeley_matched/episode_5201/predictions/group_01/input_hashes.json,.json,2936
runs/fmb_v2_berkeley_matched/episode_5201/predictions/group_01/model_run.json,.json,1090
runs/fmb_v2_berkeley_matched/episode_5201/predictions/group_01/processor_inputs.pt,.pt,1325894
runs/fmb_v2_berkeley_matched/episode_5201/predictions/group_01/raw_model_output.txt,.txt,3460
runs/fmb_v2_berkeley_matched/episode_5201/predictions/group_02/anchor.npy,.npy,140
runs/fmb_v2_berkeley_matched/episode_5201/predictions/group_02/future_3d.npy,.npy,3008
runs/fmb_v2_berkeley_matched/episode_5201/predictions/group_02/input_hashes.json,.json,2934
runs/fmb_v2_berkeley_matched/episode_5201/predictions/group_02/model_run.json,.json,1085
runs/fmb_v2_berkeley_matched/episode_5201/predictions/group_02/processor_inputs.pt,.pt,1325382
runs/fmb_v2_berkeley_matched/episode_5201/predictions/group_02/raw_model_output.txt,.txt,2903
runs/fmb_v2_berkeley_matched/episode_5201/predictions/input_freeze.json,.json,7658
runs/fmb_v2_berkeley_matched/episode_5201/predictions/model_run.json,.json,4326
runs/fmb_v2_berkeley_matched/episode_5201/predictions_h1/future_3d.npy,.npy,9344
runs/fmb_v2_berkeley_matched/episode_5201/predictions_h1/group_00/anchor.npy,.npy,140
runs/fmb_v2_berkeley_matched/episode_5201/predictions_h1/group_00/future_3d.npy,.npy,3200
runs/fmb_v2_berkeley_matched/episode_5201/predictions_h1/group_00/input_hashes.json,.json,1243
runs/fmb_v2_berkeley_matched/episode_5201/predictions_h1/group_00/model_run.json,.json,1092
runs/fmb_v2_berkeley_matched/episode_5201/predictions_h1/group_00/processor_inputs.pt,.pt,445894
runs/fmb_v2_berkeley_matched/episode_5201/predictions_h1/group_00/raw_model_output.txt,.txt,3811
runs/fmb_v2_berkeley_matched/episode_5201/predictions_h1/group_01/anchor.npy,.npy,140
runs/fmb_v2_berkeley_matched/episode_5201/predictions_h1/group_01/future_3d.npy,.npy,3200
runs/fmb_v2_berkeley_matched/episode_5201/predictions_h1/group_01/input_hashes.json,.json,1244
runs/fmb_v2_berkeley_matched/episode_5201/predictions_h1/group_01/model_run.json,.json,1092
runs/fmb_v2_berkeley_matched/episode_5201/predictions_h1/group_01/processor_inputs.pt,.pt,445894
runs/fmb_v2_berkeley_matched/episode_5201/predictions_h1/group_01/raw_model_output.txt,.txt,3729
runs/fmb_v2_berkeley_matched/episode_5201/predictions_h1/group_02/anchor.npy,.npy,140
runs/fmb_v2_berkeley_matched/episode_5201/predictions_h1/group_02/future_3d.npy,.npy,3200
runs/fmb_v2_berkeley_matched/episode_5201/predictions_h1/group_02/input_hashes.json,.json,1243
runs/fmb_v2_berkeley_matched/episode_5201/predictions_h1/group_02/model_run.json,.json,1090
runs/fmb_v2_berkeley_matched/episode_5201/predictions_h1/group_02/processor_inputs.pt,.pt,445638
runs/fmb_v2_berkeley_matched/episode_5201/predictions_h1/group_02/raw_model_output.txt,.txt,3111
runs/fmb_v2_berkeley_matched/episode_5201/predictions_h1/model_run.json,.json,4336
runs/fmb_v2_berkeley_matched/episode_5201/provenance_v1_source_audit.json,.json,11462
runs/fmb_v2_berkeley_matched/episode_5201/viz/error_vs_time.png,.png,144421
runs/fmb_v2_berkeley_matched/episode_5201/viz/fixed_camera_check.png,.png,27208
runs/fmb_v2_berkeley_matched/episode_5201/viz/full_extent_trajectories.png,.png,707095
runs/fmb_v2_berkeley_matched/episode_5201/viz/h1_vs_h3.png,.png,54951
runs/fmb_v2_berkeley_matched/episode_5201/viz/historical_tracks.png,.png,1518386
runs/fmb_v2_berkeley_matched/episode_5201/viz/history_xyz_clouds.png,.png,97649
runs/fmb_v2_berkeley_matched/episode_5201/viz/intrinsics_stability.png,.png,137980
runs/fmb_v2_berkeley_matched/episode_5201/viz/manual_reference_audit.png,.png,1340397
runs/fmb_v2_berkeley_matched/episode_5201/viz/mask_and_100_queries.png,.png,102765
runs/fmb_v2_berkeley_matched/episode_5201/viz/observed_8_frames.png,.png,1480168
runs/fmb_v2_berkeley_matched/episode_5201/viz/per_point_ADE.png,.png,52284
runs/fmb_v2_berkeley_matched/episode_5201/viz/prediction_vs_real.mp4,.mp4,774518
runs/fmb_v2_berkeley_matched/episode_5201/viz/prediction_vs_real_contact.png,.png,1707806
runs/fmb_v2_berkeley_matched/episode_5201/viz/real_future_alltracker.png,.png,844601
runs/fmb_v2_berkeley_matched/episode_5201/viz/reference_uncertainty.png,.png,45921
runs/fmb_v2_berkeley_matched/episode_5201/viz/rgb_depth_registration_audit.png,.png,1678170
runs/fmb_v2_berkeley_matched/episode_5201/viz/selected_24_points.png,.png,102997
runs/fmb_v2_berkeley_matched/episode_5201/viz/sensor_depth.png,.png,240021
runs/fmb_v2_berkeley_matched/episode_5201/viz/side_by_side.mp4,.mp4,1476172
runs/fmb_v2_berkeley_matched/episode_5201/viz/video_receipts.json,.json,169
runs/fmb_v2_berkeley_matched/fmb_control_n3/evaluation/alltracker_execution.json,.json,673
runs/fmb_v2_berkeley_matched/fmb_control_n3/evaluation/alltracker_future.npz,.npz,7465
runs/fmb_v2_berkeley_matched/fmb_control_n3/evaluation/ecc_uncertainty.npz,.npz,11241
runs/fmb_v2_berkeley_matched/fmb_control_n3/evaluation/export_receipt.json,.json,386
runs/fmb_v2_berkeley_matched/fmb_control_n3/evaluation/frame_000131.png,.png,97456
runs/fmb_v2_berkeley_matched/fmb_control_n3/evaluation/frame_000132.png,.png,95588
runs/fmb_v2_berkeley_matched/fmb_control_n3/evaluation/frame_000133.png,.png,95561
runs/fmb_v2_berkeley_matched/fmb_control_n3/evaluation/frame_000134.png,.png,95288
runs/fmb_v2_berkeley_matched/fmb_control_n3/evaluation/frame_000135.png,.png,94142
runs/fmb_v2_berkeley_matched/fmb_control_n3/evaluation/frame_000136.png,.png,93441
runs/fmb_v2_berkeley_matched/fmb_control_n3/evaluation/frame_000137.png,.png,92339
runs/fmb_v2_berkeley_matched/fmb_control_n3/evaluation/frame_000138.png,.png,91993
runs/fmb_v2_berkeley_matched/fmb_control_n3/evaluation/frame_000139.png,.png,91089
runs/fmb_v2_berkeley_matched/fmb_control_n3/evaluation/frame_000140.png,.png,89372
runs/fmb_v2_berkeley_matched/fmb_control_n3/evaluation/frame_000141.png,.png,88718
runs/fmb_v2_berkeley_matched/fmb_control_n3/evaluation/frame_000142.png,.png,88475
runs/fmb_v2_berkeley_matched/fmb_control_n3/evaluation/frame_000143.png,.png,87864
runs/fmb_v2_berkeley_matched/fmb_control_n3/evaluation/frame_000144.png,.png,86568
runs/fmb_v2_berkeley_matched/fmb_control_n3/evaluation/frame_000145.png,.png,86614
runs/fmb_v2_berkeley_matched/fmb_control_n3/evaluation/frame_000146.png,.png,86777
runs/fmb_v2_berkeley_matched/fmb_control_n3/evaluation/frame_000147.png,.png,87184
runs/fmb_v2_berkeley_matched/fmb_control_n3/evaluation/frame_000148.png,.png,87564
runs/fmb_v2_berkeley_matched/fmb_control_n3/evaluation/frame_000149.png,.png,87931
runs/fmb_v2_berkeley_matched/fmb_control_n3/evaluation/frame_000150.png,.png,88421
runs/fmb_v2_berkeley_matched/fmb_control_n3/evaluation/future_rgb.npy,.npy,3932288
runs/fmb_v2_berkeley_matched/fmb_control_n3/evaluation/metrics.json,.json,13516
runs/fmb_v2_berkeley_matched/fmb_control_n3/evaluation/native_depth_future.npy,.npy,5243008
runs/fmb_v2_berkeley_matched/fmb_control_n3/evaluation/native_depth_metadata.json,.json,793
runs/fmb_v2_berkeley_matched/fmb_control_n3/evaluation/reference_uncertainty.json,.json,6815
runs/fmb_v2_berkeley_matched/fmb_control_n3/evaluation/references_and_methods.npz,.npz,17683
runs/fmb_v2_berkeley_matched/fmb_control_n3/evaluation/sensor_z16.npy,.npy,2621568
runs/fmb_v2_berkeley_matched/fmb_control_n3/evaluation/source_indices.npy,.npy,288
runs/fmb_v2_berkeley_matched/fmb_control_n3/evaluation/timestamps.npy,.npy,288
runs/fmb_v2_berkeley_matched/fmb_control_n3/geometry/camera_motion_audit.json,.json,2677
runs/fmb_v2_berkeley_matched/fmb_control_n3/geometry/camera_poses.npy,.npy,640
runs/fmb_v2_berkeley_matched/fmb_control_n3/geometry/depth_observed.npy,.npy,2097280
runs/fmb_v2_berkeley_matched/fmb_control_n3/geometry/depth_source.json,.json,924
runs/fmb_v2_berkeley_matched/fmb_control_n3/geometry/filter_diagnostics.npz,.npz,7240
runs/fmb_v2_berkeley_matched/fmb_control_n3/geometry/input_audit.json,.json,1571
runs/fmb_v2_berkeley_matched/fmb_control_n3/geometry/intrinsics_stability.json,.json,1890
runs/fmb_v2_berkeley_matched/fmb_control_n3/geometry/K_median.npy,.npy,164
runs/fmb_v2_berkeley_matched/fmb_control_n3/geometry/K_per_frame.npy,.npy,416
runs/fmb_v2_berkeley_matched/fmb_control_n3/geometry/points_3d_filtered.npy,.npy,9728
runs/fmb_v2_berkeley_matched/fmb_control_n3/geometry/points_3d_raw.npy,.npy,9728
runs/fmb_v2_berkeley_matched/fmb_control_n3/geometry/registration_audit.json,.json,1839
runs/fmb_v2_berkeley_matched/fmb_control_n3/geometry/selection_gates.json,.json,383
runs/fmb_v2_berkeley_matched/fmb_control_n3/geometry/unidepth_confidence_observed.npy,.npy,2097280
runs/fmb_v2_berkeley_matched/fmb_control_n3/geometry/unidepth_depth_observed.npy,.npy,2097280
runs/fmb_v2_berkeley_matched/fmb_control_n3/groups/group_00/metadata.json,.json,332
runs/fmb_v2_berkeley_matched/fmb_control_n3/groups/group_00/point_ids.npy,.npy,192
runs/fmb_v2_berkeley_matched/fmb_control_n3/groups/group_00/points_2d_at_t0.npy,.npy,192
runs/fmb_v2_berkeley_matched/fmb_control_n3/groups/group_00/points_3d_history.npy,.npy,416
runs/fmb_v2_berkeley_matched/fmb_control_n3/groups/group_01/metadata.json,.json,334
runs/fmb_v2_berkeley_matched/fmb_control_n3/groups/group_01/point_ids.npy,.npy,192
runs/fmb_v2_berkeley_matched/fmb_control_n3/groups/group_01/points_2d_at_t0.npy,.npy,192
runs/fmb_v2_berkeley_matched/fmb_control_n3/groups/group_01/points_3d_history.npy,.npy,416
runs/fmb_v2_berkeley_matched/fmb_control_n3/groups/group_02/metadata.json,.json,334
runs/fmb_v2_berkeley_matched/fmb_control_n3/groups/group_02/point_ids.npy,.npy,192
runs/fmb_v2_berkeley_matched/fmb_control_n3/groups/group_02/points_2d_at_t0.npy,.npy,192
runs/fmb_v2_berkeley_matched/fmb_control_n3/groups/group_02/points_3d_history.npy,.npy,416
runs/fmb_v2_berkeley_matched/fmb_control_n3/metadata.json,.json,2366
runs/fmb_v2_berkeley_matched/fmb_control_n3/observed/alltracker_execution.json,.json,602
runs/fmb_v2_berkeley_matched/fmb_control_n3/observed/frame_000123.png,.png,96733
runs/fmb_v2_berkeley_matched/fmb_control_n3/observed/frame_000124.png,.png,96782
runs/fmb_v2_berkeley_matched/fmb_control_n3/observed/frame_000125.png,.png,97172
runs/fmb_v2_berkeley_matched/fmb_control_n3/observed/frame_000126.png,.png,97781
runs/fmb_v2_berkeley_matched/fmb_control_n3/observed/frame_000127.png,.png,97726
runs/fmb_v2_berkeley_matched/fmb_control_n3/observed/frame_000128.png,.png,98043
runs/fmb_v2_berkeley_matched/fmb_control_n3/observed/frame_000129.png,.png,97895
runs/fmb_v2_berkeley_matched/fmb_control_n3/observed/frame_000130.png,.png,97828
runs/fmb_v2_berkeley_matched/fmb_control_n3/observed/grounding_metadata.json,.json,1669
runs/fmb_v2_berkeley_matched/fmb_control_n3/observed/historical_masks_h3.npy,.npy,196736
runs/fmb_v2_berkeley_matched/fmb_control_n3/observed/historical_masks_metadata.json,.json,749
runs/fmb_v2_berkeley_matched/fmb_control_n3/observed/history_rgb.npy,.npy,589952
runs/fmb_v2_berkeley_matched/fmb_control_n3/observed/history_source_indices.npy,.npy,152
runs/fmb_v2_berkeley_matched/fmb_control_n3/observed/history_timestamps.npy,.npy,152
runs/fmb_v2_berkeley_matched/fmb_control_n3/observed/mask.png,.png,964
runs/fmb_v2_berkeley_matched/fmb_control_n3/observed/mask_overlay.png,.png,97214
runs/fmb_v2_berkeley_matched/fmb_control_n3/observed/molmopoint_generated_token_ids.npy,.npy,352
runs/fmb_v2_berkeley_matched/fmb_control_n3/observed/molmopoint_grounding.json,.json,3214
runs/fmb_v2_berkeley_matched/fmb_control_n3/observed/molmopoint_input_ids.npy,.npy,3728
runs/fmb_v2_berkeley_matched/fmb_control_n3/observed/molmopoint_overlay.png,.png,99494
runs/fmb_v2_berkeley_matched/fmb_control_n3/observed/molmopoint_preparation.json,.json,957
runs/fmb_v2_berkeley_matched/fmb_control_n3/observed/molmopoint_raw_output.txt,.txt,148
runs/fmb_v2_berkeley_matched/fmb_control_n3/observed/molmopoint_t0.png,.png,97828
runs/fmb_v2_berkeley_matched/fmb_control_n3/observed/native_depth.npy,.npy,2097280
runs/fmb_v2_berkeley_matched/fmb_control_n3/observed/native_depth_metadata.json,.json,686
runs/fmb_v2_berkeley_matched/fmb_control_n3/observed/observed_tracks_2d.npz,.npz,10400
runs/fmb_v2_berkeley_matched/fmb_control_n3/observed/points_2d_history.npy,.npy,704
runs/fmb_v2_berkeley_matched/fmb_control_n3/observed/points_3d_history.npy,.npy,992
runs/fmb_v2_berkeley_matched/fmb_control_n3/observed/query_in_mask.npy,.npy,228
runs/fmb_v2_berkeley_matched/fmb_control_n3/observed/query_points_100.npy,.npy,928
runs/fmb_v2_berkeley_matched/fmb_control_n3/observed/rgb.npy,.npy,1572992
runs/fmb_v2_berkeley_matched/fmb_control_n3/observed/sam_candidates.npz,.npz,276243
runs/fmb_v2_berkeley_matched/fmb_control_n3/observed/sam_historical_128.npz,.npz,275129
runs/fmb_v2_berkeley_matched/fmb_control_n3/observed/sam_historical_129.npz,.npz,275478
runs/fmb_v2_berkeley_matched/fmb_control_n3/observed/selected_point_ids.npy,.npy,320
runs/fmb_v2_berkeley_matched/fmb_control_n3/observed/sensor_z16.npy,.npy,1048704
runs/fmb_v2_berkeley_matched/fmb_control_n3/observed/source_indices.npy,.npy,192
runs/fmb_v2_berkeley_matched/fmb_control_n3/observed/timestamps.npy,.npy,192
runs/fmb_v2_berkeley_matched/fmb_control_n3/predictions/future_3d.npy,.npy,8768
runs/fmb_v2_berkeley_matched/fmb_control_n3/predictions/group_00/anchor.npy,.npy,140
runs/fmb_v2_berkeley_matched/fmb_control_n3/predictions/group_00/future_3d.npy,.npy,3008
runs/fmb_v2_berkeley_matched/fmb_control_n3/predictions/group_00/input_hashes.json,.json,2960
runs/fmb_v2_berkeley_matched/fmb_control_n3/predictions/group_00/model_run.json,.json,1086
runs/fmb_v2_berkeley_matched/fmb_control_n3/predictions/group_00/processor_inputs.pt,.pt,1325382
runs/fmb_v2_berkeley_matched/fmb_control_n3/predictions/group_00/raw_model_output.txt,.txt,2951
runs/fmb_v2_berkeley_matched/fmb_control_n3/predictions/group_01/anchor.npy,.npy,140
runs/fmb_v2_berkeley_matched/fmb_control_n3/predictions/group_01/future_3d.npy,.npy,3008
runs/fmb_v2_berkeley_matched/fmb_control_n3/predictions/group_01/input_hashes.json,.json,2967
runs/fmb_v2_berkeley_matched/fmb_control_n3/predictions/group_01/model_run.json,.json,1089
runs/fmb_v2_berkeley_matched/fmb_control_n3/predictions/group_01/processor_inputs.pt,.pt,1325638
runs/fmb_v2_berkeley_matched/fmb_control_n3/predictions/group_01/raw_model_output.txt,.txt,2801
runs/fmb_v2_berkeley_matched/fmb_control_n3/predictions/group_02/anchor.npy,.npy,140
runs/fmb_v2_berkeley_matched/fmb_control_n3/predictions/group_02/future_3d.npy,.npy,3008
runs/fmb_v2_berkeley_matched/fmb_control_n3/predictions/group_02/input_hashes.json,.json,2947
runs/fmb_v2_berkeley_matched/fmb_control_n3/predictions/group_02/model_run.json,.json,1091
runs/fmb_v2_berkeley_matched/fmb_control_n3/predictions/group_02/processor_inputs.pt,.pt,1324870
runs/fmb_v2_berkeley_matched/fmb_control_n3/predictions/group_02/raw_model_output.txt,.txt,2681
runs/fmb_v2_berkeley_matched/fmb_control_n3/predictions/input_freeze.json,.json,7658
runs/fmb_v2_berkeley_matched/fmb_control_n3/predictions/model_run.json,.json,4326
runs/fmb_v2_berkeley_matched/fmb_control_n3/viz/error_vs_time.png,.png,112524
runs/fmb_v2_berkeley_matched/fmb_control_n3/viz/fixed_camera_check.png,.png,27330
runs/fmb_v2_berkeley_matched/fmb_control_n3/viz/full_extent_trajectories.png,.png,650185
runs/fmb_v2_berkeley_matched/fmb_control_n3/viz/historical_tracks.png,.png,1536292
runs/fmb_v2_berkeley_matched/fmb_control_n3/viz/history_xyz_clouds.png,.png,98680
runs/fmb_v2_berkeley_matched/fmb_control_n3/viz/intrinsics_stability.png,.png,147876
runs/fmb_v2_berkeley_matched/fmb_control_n3/viz/manual_reference_audit.png,.png,1319952
runs/fmb_v2_berkeley_matched/fmb_control_n3/viz/mask_and_100_queries.png,.png,101457
runs/fmb_v2_berkeley_matched/fmb_control_n3/viz/observed_8_frames.png,.png,1487074
runs/fmb_v2_berkeley_matched/fmb_control_n3/viz/per_point_ADE.png,.png,46231
runs/fmb_v2_berkeley_matched/fmb_control_n3/viz/prediction_vs_real.mp4,.mp4,762444
runs/fmb_v2_berkeley_matched/fmb_control_n3/viz/prediction_vs_real_contact.png,.png,1644624
runs/fmb_v2_berkeley_matched/fmb_control_n3/viz/real_future_alltracker.png,.png,832334
runs/fmb_v2_berkeley_matched/fmb_control_n3/viz/reference_uncertainty.png,.png,46929
runs/fmb_v2_berkeley_matched/fmb_control_n3/viz/rgb_depth_registration_audit.png,.png,1680294
runs/fmb_v2_berkeley_matched/fmb_control_n3/viz/selected_24_points.png,.png,102668
runs/fmb_v2_berkeley_matched/fmb_control_n3/viz/sensor_depth.png,.png,241403
runs/fmb_v2_berkeley_matched/fmb_control_n3/viz/side_by_side.mp4,.mp4,1480327
runs/fmb_v2_berkeley_matched/fmb_control_n3/viz/video_receipts.json,.json,169
runs/fmb_v2_berkeley_matched/h1_checkpoint_hub.json,.json,1634
runs/fmb_v2_berkeley_matched/preserved_v1.json,.json,159326
runs/fmb_v2_berkeley_matched/REPRODUCE.md,.md,5170
runs/fmb_v2_berkeley_matched/second_share_search.json,.json,18042
runs/fmb_v2_berkeley_matched/visual_review.json,.json,2546
runs/fmb_wrist_publication_20261003/manifest.json,.json,309804
runs/fmb_wrist_publication_20261003/verification.json,.json,377
runs/fmb_wrist_v3/builtin_blinded_review.json,.json,21709
runs/fmb_wrist_v3/builtin_selection_review.json,.json,2676
runs/fmb_wrist_v3/builtin_visual_review_future.json,.json,29035
runs/fmb_wrist_v3/builtin_visual_review_observed.json,.json,14197
runs/fmb_wrist_v3/completion_audit.json,.json,19370
runs/fmb_wrist_v3/coordinate_test_receipt.json,.json,718
runs/fmb_wrist_v3/crossview_observed_audit.json,.json,4356
runs/fmb_wrist_v3/forecast_pipeline.log,.log,3948
runs/fmb_wrist_v3/forecast_pipeline_status.json,.json,104
runs/fmb_wrist_v3/geometry_pipeline.log,.log,14348
runs/fmb_wrist_v3/geometry_repair_preregistration.json,.json,1074
runs/fmb_wrist_v3/geometry_status.json,.json,151
runs/fmb_wrist_v3/gpu_wait.json,.json,451
runs/fmb_wrist_v3/index.html,.html,2512
runs/fmb_wrist_v3/observed_finalization.log,.log,18578
runs/fmb_wrist_v3/observed_preprocess.log,.log,3495
runs/fmb_wrist_v3/preprocess_status.json,.json,51
runs/fmb_wrist_v3/preprocess_wait.json,.json,108
runs/fmb_wrist_v3/preserved_prior_runs.json,.json,283
runs/fmb_wrist_v3/PROTOCOL.md,.md,7074
runs/fmb_wrist_v3/REPRODUCE.md,.md,7865
runs/fmb_wrist_v3/requirements_progress.json,.json,302
runs/fmb_wrist_v3/selection/1_L_L_4_vertical_n_0.png,.png,383085
runs/fmb_wrist_v3/selection/1_M_L_3_horizontal_n_0.png,.png,382686
runs/fmb_wrist_v3/selection/1_M_L_3_horizontal_n_4.png,.png,385203
runs/fmb_wrist_v3/selection/1_M_L_3_horizontal_n_8.png,.png,380852
runs/fmb_wrist_v3/selection/1_M_L_3_vertical_n_2.png,.png,388007
runs/fmb_wrist_v3/selection/1_M_L_3_vertical_n_3.png,.png,383077
runs/fmb_wrist_v3/selection/1_M_L_3_vertical_n_4.png,.png,381746
runs/fmb_wrist_v3/selection/1_M_L_3_vertical_n_5.png,.png,386820
runs/fmb_wrist_v3/selection/1_M_L_3_vertical_n_6.png,.png,384286
runs/fmb_wrist_v3/selection/2_M_L_7_vertical_n_0.png,.png,411986
runs/fmb_wrist_v3/selection/all_candidates.png,.png,3866792
runs/fmb_wrist_v3/selection/candidates.json,.json,20079
runs/fmb_wrist_v3/selection/geometry_candidates/1_L_L_4_vertical_n_0/sources/official_K_candidates.json,.json,21157
runs/fmb_wrist_v3/selection/geometry_candidates/1_L_L_4_vertical_n_0/wrist_1/geometry/independent_robot_rgbd_bootstrap.json,.json,13140
runs/fmb_wrist_v3/selection/geometry_candidates/1_L_L_4_vertical_n_0/wrist_1/geometry/independent_robot_rgbd_hand_eye.json,.json,3295
runs/fmb_wrist_v3/selection/geometry_candidates/1_L_L_4_vertical_n_0/wrist_1/geometry/independent_robot_rgbd_X.npy,.npy,256
runs/fmb_wrist_v3/selection/geometry_candidates/1_L_L_4_vertical_n_0/wrist_1/observed/rgb.npy,.npy,9830528
runs/fmb_wrist_v3/selection/geometry_candidates/1_L_L_4_vertical_n_0/wrist_1/observed/sensor_z16.npy,.npy,6553728
runs/fmb_wrist_v3/selection/geometry_candidates/1_L_L_4_vertical_n_0/wrist_1/observed/tcp_pose_xyzw.npy,.npy,2928
runs/fmb_wrist_v3/selection/geometry_candidates/1_L_L_4_vertical_n_0/wrist_2/geometry/independent_robot_rgbd_bootstrap.json,.json,11272
runs/fmb_wrist_v3/selection/geometry_candidates/1_L_L_4_vertical_n_0/wrist_2/geometry/independent_robot_rgbd_hand_eye.json,.json,3304
runs/fmb_wrist_v3/selection/geometry_candidates/1_L_L_4_vertical_n_0/wrist_2/geometry/independent_robot_rgbd_X.npy,.npy,256
runs/fmb_wrist_v3/selection/geometry_candidates/1_L_L_4_vertical_n_0/wrist_2/observed/rgb.npy,.npy,9830528
runs/fmb_wrist_v3/selection/geometry_candidates/1_L_L_4_vertical_n_0/wrist_2/observed/sensor_z16.npy,.npy,6553728
runs/fmb_wrist_v3/selection/geometry_candidates/1_L_L_4_vertical_n_0/wrist_2/observed/tcp_pose_xyzw.npy,.npy,2928
runs/fmb_wrist_v3/selection/geometry_candidates/1_M_L_3_horizontal_n_0/sources/official_K_candidates.json,.json,21157
runs/fmb_wrist_v3/selection/geometry_candidates/1_M_L_3_horizontal_n_0/wrist_1/geometry/independent_robot_rgbd_bootstrap.json,.json,13133
runs/fmb_wrist_v3/selection/geometry_candidates/1_M_L_3_horizontal_n_0/wrist_1/geometry/independent_robot_rgbd_hand_eye.json,.json,2732
runs/fmb_wrist_v3/selection/geometry_candidates/1_M_L_3_horizontal_n_0/wrist_1/geometry/independent_robot_rgbd_X.npy,.npy,256
runs/fmb_wrist_v3/selection/geometry_candidates/1_M_L_3_horizontal_n_0/wrist_1/observed/rgb.npy,.npy,9830528
runs/fmb_wrist_v3/selection/geometry_candidates/1_M_L_3_horizontal_n_0/wrist_1/observed/sensor_z16.npy,.npy,6553728
runs/fmb_wrist_v3/selection/geometry_candidates/1_M_L_3_horizontal_n_0/wrist_1/observed/tcp_pose_xyzw.npy,.npy,2928
runs/fmb_wrist_v3/selection/geometry_candidates/1_M_L_3_horizontal_n_0/wrist_2/geometry/independent_robot_rgbd_bootstrap.json,.json,13160
runs/fmb_wrist_v3/selection/geometry_candidates/1_M_L_3_horizontal_n_0/wrist_2/geometry/independent_robot_rgbd_hand_eye.json,.json,3299
runs/fmb_wrist_v3/selection/geometry_candidates/1_M_L_3_horizontal_n_0/wrist_2/geometry/independent_robot_rgbd_X.npy,.npy,256
runs/fmb_wrist_v3/selection/geometry_candidates/1_M_L_3_horizontal_n_0/wrist_2/observed/rgb.npy,.npy,9830528
runs/fmb_wrist_v3/selection/geometry_candidates/1_M_L_3_horizontal_n_0/wrist_2/observed/sensor_z16.npy,.npy,6553728
runs/fmb_wrist_v3/selection/geometry_candidates/1_M_L_3_horizontal_n_0/wrist_2/observed/tcp_pose_xyzw.npy,.npy,2928
runs/fmb_wrist_v3/selection/geometry_candidates/1_M_L_3_horizontal_n_4/sources/official_K_candidates.json,.json,21157
runs/fmb_wrist_v3/selection/geometry_candidates/1_M_L_3_horizontal_n_4/wrist_1/geometry/independent_robot_rgbd_bootstrap.json,.json,12211
runs/fmb_wrist_v3/selection/geometry_candidates/1_M_L_3_horizontal_n_4/wrist_1/geometry/independent_robot_rgbd_hand_eye.json,.json,2510
runs/fmb_wrist_v3/selection/geometry_candidates/1_M_L_3_horizontal_n_4/wrist_1/geometry/independent_robot_rgbd_X.npy,.npy,256
runs/fmb_wrist_v3/selection/geometry_candidates/1_M_L_3_horizontal_n_4/wrist_1/observed/rgb.npy,.npy,9830528
runs/fmb_wrist_v3/selection/geometry_candidates/1_M_L_3_horizontal_n_4/wrist_1/observed/sensor_z16.npy,.npy,6553728
runs/fmb_wrist_v3/selection/geometry_candidates/1_M_L_3_horizontal_n_4/wrist_1/observed/tcp_pose_xyzw.npy,.npy,2928
runs/fmb_wrist_v3/selection/geometry_candidates/1_M_L_3_horizontal_n_4/wrist_2/geometry/independent_robot_rgbd_bootstrap.json,.json,12206
runs/fmb_wrist_v3/selection/geometry_candidates/1_M_L_3_horizontal_n_4/wrist_2/geometry/independent_robot_rgbd_hand_eye.json,.json,2965
runs/fmb_wrist_v3/selection/geometry_candidates/1_M_L_3_horizontal_n_4/wrist_2/geometry/independent_robot_rgbd_X.npy,.npy,256
runs/fmb_wrist_v3/selection/geometry_candidates/1_M_L_3_horizontal_n_4/wrist_2/observed/rgb.npy,.npy,9830528
runs/fmb_wrist_v3/selection/geometry_candidates/1_M_L_3_horizontal_n_4/wrist_2/observed/sensor_z16.npy,.npy,6553728
runs/fmb_wrist_v3/selection/geometry_candidates/1_M_L_3_horizontal_n_4/wrist_2/observed/tcp_pose_xyzw.npy,.npy,2928
runs/fmb_wrist_v3/selection/geometry_candidates/1_M_L_3_horizontal_n_8/sources/official_K_candidates.json,.json,21157
runs/fmb_wrist_v3/selection/geometry_candidates/1_M_L_3_horizontal_n_8/wrist_1/geometry/independent_robot_rgbd_bootstrap.json,.json,11240
runs/fmb_wrist_v3/selection/geometry_candidates/1_M_L_3_horizontal_n_8/wrist_1/geometry/independent_robot_rgbd_hand_eye.json,.json,2729
runs/fmb_wrist_v3/selection/geometry_candidates/1_M_L_3_horizontal_n_8/wrist_1/geometry/independent_robot_rgbd_X.npy,.npy,256
runs/fmb_wrist_v3/selection/geometry_candidates/1_M_L_3_horizontal_n_8/wrist_1/observed/rgb.npy,.npy,9830528
runs/fmb_wrist_v3/selection/geometry_candidates/1_M_L_3_horizontal_n_8/wrist_1/observed/sensor_z16.npy,.npy,6553728
runs/fmb_wrist_v3/selection/geometry_candidates/1_M_L_3_horizontal_n_8/wrist_1/observed/tcp_pose_xyzw.npy,.npy,2928
runs/fmb_wrist_v3/selection/geometry_candidates/1_M_L_3_horizontal_n_8/wrist_2/geometry/independent_robot_rgbd_bootstrap.json,.json,12203
runs/fmb_wrist_v3/selection/geometry_candidates/1_M_L_3_horizontal_n_8/wrist_2/geometry/independent_robot_rgbd_hand_eye.json,.json,2852
runs/fmb_wrist_v3/selection/geometry_candidates/1_M_L_3_horizontal_n_8/wrist_2/geometry/independent_robot_rgbd_X.npy,.npy,256
runs/fmb_wrist_v3/selection/geometry_candidates/1_M_L_3_horizontal_n_8/wrist_2/observed/rgb.npy,.npy,9830528
runs/fmb_wrist_v3/selection/geometry_candidates/1_M_L_3_horizontal_n_8/wrist_2/observed/sensor_z16.npy,.npy,6553728
runs/fmb_wrist_v3/selection/geometry_candidates/1_M_L_3_horizontal_n_8/wrist_2/observed/tcp_pose_xyzw.npy,.npy,2928
runs/fmb_wrist_v3/selection/geometry_candidates/1_M_L_3_vertical_n_2/sources/official_K_candidates.json,.json,21157
runs/fmb_wrist_v3/selection/geometry_candidates/1_M_L_3_vertical_n_2/wrist_1/geometry/independent_robot_rgbd_bootstrap.json,.json,13161
runs/fmb_wrist_v3/selection/geometry_candidates/1_M_L_3_vertical_n_2/wrist_1/geometry/independent_robot_rgbd_hand_eye.json,.json,3410
runs/fmb_wrist_v3/selection/geometry_candidates/1_M_L_3_vertical_n_2/wrist_1/geometry/independent_robot_rgbd_X.npy,.npy,256
runs/fmb_wrist_v3/selection/geometry_candidates/1_M_L_3_vertical_n_2/wrist_1/observed/rgb.npy,.npy,9830528
runs/fmb_wrist_v3/selection/geometry_candidates/1_M_L_3_vertical_n_2/wrist_1/observed/sensor_z16.npy,.npy,6553728
runs/fmb_wrist_v3/selection/geometry_candidates/1_M_L_3_vertical_n_2/wrist_1/observed/tcp_pose_xyzw.npy,.npy,2928
runs/fmb_wrist_v3/selection/geometry_candidates/1_M_L_3_vertical_n_2/wrist_2/geometry/independent_robot_rgbd_bootstrap.json,.json,13168
runs/fmb_wrist_v3/selection/geometry_candidates/1_M_L_3_vertical_n_2/wrist_2/geometry/independent_robot_rgbd_hand_eye.json,.json,3418
runs/fmb_wrist_v3/selection/geometry_candidates/1_M_L_3_vertical_n_2/wrist_2/geometry/independent_robot_rgbd_X.npy,.npy,256
runs/fmb_wrist_v3/selection/geometry_candidates/1_M_L_3_vertical_n_2/wrist_2/observed/rgb.npy,.npy,9830528
runs/fmb_wrist_v3/selection/geometry_candidates/1_M_L_3_vertical_n_2/wrist_2/observed/sensor_z16.npy,.npy,6553728
runs/fmb_wrist_v3/selection/geometry_candidates/1_M_L_3_vertical_n_2/wrist_2/observed/tcp_pose_xyzw.npy,.npy,2928
runs/fmb_wrist_v3/selection/geometry_candidates/1_M_L_3_vertical_n_3/sources/official_K_candidates.json,.json,21157
runs/fmb_wrist_v3/selection/geometry_candidates/1_M_L_3_vertical_n_3/wrist_1/geometry/independent_robot_rgbd_bootstrap.json,.json,13136
runs/fmb_wrist_v3/selection/geometry_candidates/1_M_L_3_vertical_n_3/wrist_1/geometry/independent_robot_rgbd_hand_eye.json,.json,3295
runs/fmb_wrist_v3/selection/geometry_candidates/1_M_L_3_vertical_n_3/wrist_1/geometry/independent_robot_rgbd_X.npy,.npy,256
runs/fmb_wrist_v3/selection/geometry_candidates/1_M_L_3_vertical_n_3/wrist_1/observed/rgb.npy,.npy,9830528
runs/fmb_wrist_v3/selection/geometry_candidates/1_M_L_3_vertical_n_3/wrist_1/observed/sensor_z16.npy,.npy,6553728
runs/fmb_wrist_v3/selection/geometry_candidates/1_M_L_3_vertical_n_3/wrist_1/observed/tcp_pose_xyzw.npy,.npy,2928
runs/fmb_wrist_v3/selection/geometry_candidates/1_M_L_3_vertical_n_3/wrist_2/geometry/independent_robot_rgbd_bootstrap.json,.json,12201
runs/fmb_wrist_v3/selection/geometry_candidates/1_M_L_3_vertical_n_3/wrist_2/geometry/independent_robot_rgbd_hand_eye.json,.json,3301
runs/fmb_wrist_v3/selection/geometry_candidates/1_M_L_3_vertical_n_3/wrist_2/geometry/independent_robot_rgbd_X.npy,.npy,256
runs/fmb_wrist_v3/selection/geometry_candidates/1_M_L_3_vertical_n_3/wrist_2/observed/rgb.npy,.npy,9830528
runs/fmb_wrist_v3/selection/geometry_candidates/1_M_L_3_vertical_n_3/wrist_2/observed/sensor_z16.npy,.npy,6553728
runs/fmb_wrist_v3/selection/geometry_candidates/1_M_L_3_vertical_n_3/wrist_2/observed/tcp_pose_xyzw.npy,.npy,2928
runs/fmb_wrist_v3/selection/geometry_candidates/1_M_L_3_vertical_n_4/sources/official_K_candidates.json,.json,21157
runs/fmb_wrist_v3/selection/geometry_candidates/1_M_L_3_vertical_n_4/wrist_1/geometry/independent_robot_rgbd_bootstrap.json,.json,12226
runs/fmb_wrist_v3/selection/geometry_candidates/1_M_L_3_vertical_n_4/wrist_1/geometry/independent_robot_rgbd_hand_eye.json,.json,3423
runs/fmb_wrist_v3/selection/geometry_candidates/1_M_L_3_vertical_n_4/wrist_1/geometry/independent_robot_rgbd_X.npy,.npy,256
runs/fmb_wrist_v3/selection/geometry_candidates/1_M_L_3_vertical_n_4/wrist_1/observed/rgb.npy,.npy,9830528
runs/fmb_wrist_v3/selection/geometry_candidates/1_M_L_3_vertical_n_4/wrist_1/observed/sensor_z16.npy,.npy,6553728
runs/fmb_wrist_v3/selection/geometry_candidates/1_M_L_3_vertical_n_4/wrist_1/observed/tcp_pose_xyzw.npy,.npy,2928
runs/fmb_wrist_v3/selection/geometry_candidates/1_M_L_3_vertical_n_4/wrist_2/geometry/independent_robot_rgbd_bootstrap.json,.json,13173
runs/fmb_wrist_v3/selection/geometry_candidates/1_M_L_3_vertical_n_4/wrist_2/geometry/independent_robot_rgbd_hand_eye.json,.json,3540
runs/fmb_wrist_v3/selection/geometry_candidates/1_M_L_3_vertical_n_4/wrist_2/geometry/independent_robot_rgbd_X.npy,.npy,256
runs/fmb_wrist_v3/selection/geometry_candidates/1_M_L_3_vertical_n_4/wrist_2/observed/rgb.npy,.npy,9830528
runs/fmb_wrist_v3/selection/geometry_candidates/1_M_L_3_vertical_n_4/wrist_2/observed/sensor_z16.npy,.npy,6553728
runs/fmb_wrist_v3/selection/geometry_candidates/1_M_L_3_vertical_n_4/wrist_2/observed/tcp_pose_xyzw.npy,.npy,2928
runs/fmb_wrist_v3/selection/geometry_candidates/1_M_L_3_vertical_n_5/sources/official_K_candidates.json,.json,21157
runs/fmb_wrist_v3/selection/geometry_candidates/1_M_L_3_vertical_n_5/wrist_1/geometry/independent_robot_rgbd_bootstrap.json,.json,13149
runs/fmb_wrist_v3/selection/geometry_candidates/1_M_L_3_vertical_n_5/wrist_1/geometry/independent_robot_rgbd_hand_eye.json,.json,3406
runs/fmb_wrist_v3/selection/geometry_candidates/1_M_L_3_vertical_n_5/wrist_1/geometry/independent_robot_rgbd_X.npy,.npy,256
runs/fmb_wrist_v3/selection/geometry_candidates/1_M_L_3_vertical_n_5/wrist_1/observed/rgb.npy,.npy,9830528
runs/fmb_wrist_v3/selection/geometry_candidates/1_M_L_3_vertical_n_5/wrist_1/observed/sensor_z16.npy,.npy,6553728
runs/fmb_wrist_v3/selection/geometry_candidates/1_M_L_3_vertical_n_5/wrist_1/observed/tcp_pose_xyzw.npy,.npy,2928
runs/fmb_wrist_v3/selection/geometry_candidates/1_M_L_3_vertical_n_5/wrist_2/geometry/independent_robot_rgbd_bootstrap.json,.json,13168
runs/fmb_wrist_v3/selection/geometry_candidates/1_M_L_3_vertical_n_5/wrist_2/geometry/independent_robot_rgbd_hand_eye.json,.json,3412
runs/fmb_wrist_v3/selection/geometry_candidates/1_M_L_3_vertical_n_5/wrist_2/geometry/independent_robot_rgbd_X.npy,.npy,256
runs/fmb_wrist_v3/selection/geometry_candidates/1_M_L_3_vertical_n_5/wrist_2/observed/rgb.npy,.npy,9830528
runs/fmb_wrist_v3/selection/geometry_candidates/1_M_L_3_vertical_n_5/wrist_2/observed/sensor_z16.npy,.npy,6553728
runs/fmb_wrist_v3/selection/geometry_candidates/1_M_L_3_vertical_n_5/wrist_2/observed/tcp_pose_xyzw.npy,.npy,2928
runs/fmb_wrist_v3/selection/geometry_candidates/1_M_L_3_vertical_n_6/sources/official_K_candidates.json,.json,21157
runs/fmb_wrist_v3/selection/geometry_candidates/1_M_L_3_vertical_n_6/wrist_1/geometry/independent_robot_rgbd_bootstrap.json,.json,13144
runs/fmb_wrist_v3/selection/geometry_candidates/1_M_L_3_vertical_n_6/wrist_1/geometry/independent_robot_rgbd_hand_eye.json,.json,2962
runs/fmb_wrist_v3/selection/geometry_candidates/1_M_L_3_vertical_n_6/wrist_1/geometry/independent_robot_rgbd_X.npy,.npy,256
runs/fmb_wrist_v3/selection/geometry_candidates/1_M_L_3_vertical_n_6/wrist_1/observed/rgb.npy,.npy,9830528
runs/fmb_wrist_v3/selection/geometry_candidates/1_M_L_3_vertical_n_6/wrist_1/observed/sensor_z16.npy,.npy,6553728
runs/fmb_wrist_v3/selection/geometry_candidates/1_M_L_3_vertical_n_6/wrist_1/observed/tcp_pose_xyzw.npy,.npy,2928
runs/fmb_wrist_v3/selection/geometry_candidates/1_M_L_3_vertical_n_6/wrist_2/geometry/independent_robot_rgbd_bootstrap.json,.json,13163
runs/fmb_wrist_v3/selection/geometry_candidates/1_M_L_3_vertical_n_6/wrist_2/geometry/independent_robot_rgbd_hand_eye.json,.json,3295
runs/fmb_wrist_v3/selection/geometry_candidates/1_M_L_3_vertical_n_6/wrist_2/geometry/independent_robot_rgbd_X.npy,.npy,256
runs/fmb_wrist_v3/selection/geometry_candidates/1_M_L_3_vertical_n_6/wrist_2/observed/rgb.npy,.npy,9830528
runs/fmb_wrist_v3/selection/geometry_candidates/1_M_L_3_vertical_n_6/wrist_2/observed/sensor_z16.npy,.npy,6553728
runs/fmb_wrist_v3/selection/geometry_candidates/1_M_L_3_vertical_n_6/wrist_2/observed/tcp_pose_xyzw.npy,.npy,2928
runs/fmb_wrist_v3/selection/geometry_candidates/2_M_L_7_vertical_n_0/sources/official_K_candidates.json,.json,21157
runs/fmb_wrist_v3/selection/geometry_candidates/2_M_L_7_vertical_n_0/wrist_1/geometry/independent_robot_rgbd_bootstrap.json,.json,13205
runs/fmb_wrist_v3/selection/geometry_candidates/2_M_L_7_vertical_n_0/wrist_1/geometry/independent_robot_rgbd_hand_eye.json,.json,3292
runs/fmb_wrist_v3/selection/geometry_candidates/2_M_L_7_vertical_n_0/wrist_1/geometry/independent_robot_rgbd_X.npy,.npy,256
runs/fmb_wrist_v3/selection/geometry_candidates/2_M_L_7_vertical_n_0/wrist_1/observed/rgb.npy,.npy,9830528
runs/fmb_wrist_v3/selection/geometry_candidates/2_M_L_7_vertical_n_0/wrist_1/observed/sensor_z16.npy,.npy,6553728
runs/fmb_wrist_v3/selection/geometry_candidates/2_M_L_7_vertical_n_0/wrist_1/observed/tcp_pose_xyzw.npy,.npy,2928
runs/fmb_wrist_v3/selection/geometry_candidates/2_M_L_7_vertical_n_0/wrist_2/geometry/independent_robot_rgbd_bootstrap.json,.json,13162
runs/fmb_wrist_v3/selection/geometry_candidates/2_M_L_7_vertical_n_0/wrist_2/geometry/independent_robot_rgbd_hand_eye.json,.json,3518
runs/fmb_wrist_v3/selection/geometry_candidates/2_M_L_7_vertical_n_0/wrist_2/geometry/independent_robot_rgbd_X.npy,.npy,256
runs/fmb_wrist_v3/selection/geometry_candidates/2_M_L_7_vertical_n_0/wrist_2/observed/rgb.npy,.npy,9830528
runs/fmb_wrist_v3/selection/geometry_candidates/2_M_L_7_vertical_n_0/wrist_2/observed/sensor_z16.npy,.npy,6553728
runs/fmb_wrist_v3/selection/geometry_candidates/2_M_L_7_vertical_n_0/wrist_2/observed/tcp_pose_xyzw.npy,.npy,2928
runs/fmb_wrist_v3/selection/geometry_ranking.json,.json,9533
runs/fmb_wrist_v3/selection/target_depth_support.json,.json,9234
runs/fmb_wrist_v3/selection/target_depth_support.png,.png,2000273
runs/fmb_wrist_v3/side_1/evaluation/export_receipt.json,.json,1123
runs/fmb_wrist_v3/side_1/evaluation/future_rgb.npy,.npy,4128896
runs/fmb_wrist_v3/side_1/evaluation/future_sensor_depth.npy,.npy,5505152
runs/fmb_wrist_v3/side_1/evaluation/future_tcp_pose_xyzw.npy,.npy,1304
runs/fmb_wrist_v3/side_1/evaluation/source_indices.npy,.npy,296
runs/fmb_wrist_v3/side_1/evaluation/target_color_centroids.npy,.npy,632
runs/fmb_wrist_v3/side_1/geometry/observed_target_color_centroids.npy,.npy,1328
runs/fmb_wrist_v3/side_1/metadata.json,.json,1545
runs/fmb_wrist_v3/side_1/observed/frame_000077.png,.png,97221
runs/fmb_wrist_v3/side_1/observed/frame_000102.png,.png,94296
runs/fmb_wrist_v3/side_1/observed/frame_000124.png,.png,97119
runs/fmb_wrist_v3/side_1/observed/frame_000125.png,.png,97901
runs/fmb_wrist_v3/side_1/observed/frame_000126.png,.png,98231
runs/fmb_wrist_v3/side_1/observed/history_rgb.npy,.npy,589952
runs/fmb_wrist_v3/side_1/observed/history_source_indices.npy,.npy,152
runs/fmb_wrist_v3/side_1/observed/observed_10hz.mp4,.mp4,4009913
runs/fmb_wrist_v3/side_1/observed/rgb.npy,.npy,9830528
runs/fmb_wrist_v3/side_1/observed/sensor_z16.npy,.npy,6553728
runs/fmb_wrist_v3/side_1/observed/source_indices.npy,.npy,528
runs/fmb_wrist_v3/side_1/observed/tcp_pose_xyzw.npy,.npy,2928
runs/fmb_wrist_v3/side_1/observed/timestamps.npy,.npy,528
runs/fmb_wrist_v3/side_1/viz/crossview_board_matches.png,.png,191989
runs/fmb_wrist_v3/side_1/viz/observed_prefix_review.png,.png,1391988
runs/fmb_wrist_v3/side_1/viz/real_future.mp4,.mp4,59443
runs/fmb_wrist_v3/side_1/viz/registration_review.png,.png,1938359
runs/fmb_wrist_v3/side_1/viz/side_future_color_control.png,.png,1075318
runs/fmb_wrist_v3/side_2/evaluation/export_receipt.json,.json,1123
runs/fmb_wrist_v3/side_2/evaluation/future_rgb.npy,.npy,4128896
runs/fmb_wrist_v3/side_2/evaluation/future_sensor_depth.npy,.npy,5505152
runs/fmb_wrist_v3/side_2/evaluation/future_tcp_pose_xyzw.npy,.npy,1304
runs/fmb_wrist_v3/side_2/evaluation/source_indices.npy,.npy,296
runs/fmb_wrist_v3/side_2/evaluation/target_color_centroids.npy,.npy,632
runs/fmb_wrist_v3/side_2/geometry/observed_target_color_centroids.npy,.npy,1328
runs/fmb_wrist_v3/side_2/metadata.json,.json,1545
runs/fmb_wrist_v3/side_2/observed/frame_000077.png,.png,94331
runs/fmb_wrist_v3/side_2/observed/frame_000102.png,.png,91008
runs/fmb_wrist_v3/side_2/observed/frame_000124.png,.png,90845
runs/fmb_wrist_v3/side_2/observed/frame_000125.png,.png,91110
runs/fmb_wrist_v3/side_2/observed/frame_000126.png,.png,90934
runs/fmb_wrist_v3/side_2/observed/history_rgb.npy,.npy,589952
runs/fmb_wrist_v3/side_2/observed/history_source_indices.npy,.npy,152
runs/fmb_wrist_v3/side_2/observed/observed_10hz.mp4,.mp4,3857702
runs/fmb_wrist_v3/side_2/observed/rgb.npy,.npy,9830528
runs/fmb_wrist_v3/side_2/observed/sensor_z16.npy,.npy,6553728
runs/fmb_wrist_v3/side_2/observed/source_indices.npy,.npy,528
runs/fmb_wrist_v3/side_2/observed/tcp_pose_xyzw.npy,.npy,2928
runs/fmb_wrist_v3/side_2/observed/timestamps.npy,.npy,528
runs/fmb_wrist_v3/side_2/viz/crossview_board_matches.png,.png,182670
runs/fmb_wrist_v3/side_2/viz/observed_prefix_review.png,.png,1292682
runs/fmb_wrist_v3/side_2/viz/real_future.mp4,.mp4,34667
runs/fmb_wrist_v3/side_2/viz/registration_review.png,.png,1780995
runs/fmb_wrist_v3/side_2/viz/side_future_color_control.png,.png,1009779
runs/fmb_wrist_v3/side_future_crosscheck.json,.json,2578
runs/fmb_wrist_v3/side_future_motion_crosscheck.png,.png,110471
runs/fmb_wrist_v3/source_episode_5201_provenance.json,.json,378
runs/fmb_wrist_v3/sources/calibration/static/files/side_1,,4356
runs/fmb_wrist_v3/sources/calibration/static/files/side_2,,4358
runs/fmb_wrist_v3/sources/calibration/static/files/wrist_1,,4355
runs/fmb_wrist_v3/sources/calibration/static/files/wrist_2,,4354
runs/fmb_wrist_v3/sources/capture/robot_infra/camera/__init__.py,.py,0
runs/fmb_wrist_v3/sources/capture/robot_infra/camera/rs_capture.py,.py,1693
runs/fmb_wrist_v3/sources/capture/robot_infra/camera/video_capture.py,.py,1002
runs/fmb_wrist_v3/sources/capture/robot_infra/envs/__init__.py,.py,37
runs/fmb_wrist_v3/sources/capture/robot_infra/envs/franka_fmb_env.py,.py,17166
runs/fmb_wrist_v3/sources/capture/robot_infra/franka_server.py,.py,12037
runs/fmb_wrist_v3/sources/official_K_candidates.json,.json,21157
runs/fmb_wrist_v3/sources/source_receipts.json,.json,4389
runs/fmb_wrist_v3/video_gallery_receipt.json,.json,352
runs/fmb_wrist_v3/visual_reviews/initial_geometry/wrist_2_depth_comparison.png,.png,1505860
runs/fmb_wrist_v3/visual_reviews/initial_geometry/wrist_2_pose_K_comparison.png,.png,263466
runs/fmb_wrist_v3/wrist_1/branches/A_vipe_full/geometry/camera_poses.npy,.npy,6528
runs/fmb_wrist_v3/wrist_1/branches/A_vipe_full/geometry/input_audit.json,.json,3690
runs/fmb_wrist_v3/wrist_1/branches/A_vipe_full/geometry/K.npy,.npy,3728
runs/fmb_wrist_v3/wrist_1/branches/A_vipe_full/geometry/points_3d_filtered.npy,.npy,60128
runs/fmb_wrist_v3/wrist_1/branches/A_vipe_full/geometry/points_3d_raw.npy,.npy,120128
runs/fmb_wrist_v3/wrist_1/branches/A_vipe_full/groups/group_00/point_ids.npy,.npy,192
runs/fmb_wrist_v3/wrist_1/branches/A_vipe_full/groups/group_00/points_2d_at_t0.npy,.npy,192
runs/fmb_wrist_v3/wrist_1/branches/A_vipe_full/groups/group_00/points_3d_history.npy,.npy,416
runs/fmb_wrist_v3/wrist_1/branches/A_vipe_full/groups/group_01/point_ids.npy,.npy,192
runs/fmb_wrist_v3/wrist_1/branches/A_vipe_full/groups/group_01/points_2d_at_t0.npy,.npy,192
runs/fmb_wrist_v3/wrist_1/branches/A_vipe_full/groups/group_01/points_3d_history.npy,.npy,416
runs/fmb_wrist_v3/wrist_1/branches/A_vipe_full/groups/group_02/point_ids.npy,.npy,192
runs/fmb_wrist_v3/wrist_1/branches/A_vipe_full/groups/group_02/points_2d_at_t0.npy,.npy,192
runs/fmb_wrist_v3/wrist_1/branches/A_vipe_full/groups/group_02/points_3d_history.npy,.npy,416
runs/fmb_wrist_v3/wrist_1/branches/A_vipe_full/metadata.json,.json,1865
runs/fmb_wrist_v3/wrist_1/branches/A_vipe_full/observed/alltracker_execution.json,.json,579
runs/fmb_wrist_v3/wrist_1/branches/A_vipe_full/observed/aspect_rectified/observed_10hz.mp4,.mp4,2700188
runs/fmb_wrist_v3/wrist_1/branches/A_vipe_full/observed/candidate_resampling.json,.json,665
runs/fmb_wrist_v3/wrist_1/branches/A_vipe_full/observed/depth_supported_sampling_mask.png,.png,1100
runs/fmb_wrist_v3/wrist_1/branches/A_vipe_full/observed/frame_000077.png,.png,84371
runs/fmb_wrist_v3/wrist_1/branches/A_vipe_full/observed/frame_000102.png,.png,90974
runs/fmb_wrist_v3/wrist_1/branches/A_vipe_full/observed/frame_000124.png,.png,91386
runs/fmb_wrist_v3/wrist_1/branches/A_vipe_full/observed/frame_000125.png,.png,91191
runs/fmb_wrist_v3/wrist_1/branches/A_vipe_full/observed/frame_000126.png,.png,90744
runs/fmb_wrist_v3/wrist_1/branches/A_vipe_full/observed/grounding_metadata.json,.json,1647
runs/fmb_wrist_v3/wrist_1/branches/A_vipe_full/observed/historical_masks_h3.npy,.npy,786560
runs/fmb_wrist_v3/wrist_1/branches/A_vipe_full/observed/history_rgb.npy,.npy,589952
runs/fmb_wrist_v3/wrist_1/branches/A_vipe_full/observed/history_source_indices.npy,.npy,152
runs/fmb_wrist_v3/wrist_1/branches/A_vipe_full/observed/mask.png,.png,1032
runs/fmb_wrist_v3/wrist_1/branches/A_vipe_full/observed/mask_overlay.png,.png,89717
runs/fmb_wrist_v3/wrist_1/branches/A_vipe_full/observed/molmopoint_generated_token_ids.npy,.npy,352
runs/fmb_wrist_v3/wrist_1/branches/A_vipe_full/observed/molmopoint_grounding.json,.json,3214
runs/fmb_wrist_v3/wrist_1/branches/A_vipe_full/observed/molmopoint_input_ids.npy,.npy,3728
runs/fmb_wrist_v3/wrist_1/branches/A_vipe_full/observed/molmopoint_overlay.png,.png,91810
runs/fmb_wrist_v3/wrist_1/branches/A_vipe_full/observed/molmopoint_preparation.json,.json,951
runs/fmb_wrist_v3/wrist_1/branches/A_vipe_full/observed/molmopoint_raw_output.txt,.txt,148
runs/fmb_wrist_v3/wrist_1/branches/A_vipe_full/observed/molmopoint_t0.png,.png,90744
runs/fmb_wrist_v3/wrist_1/branches/A_vipe_full/observed/native_depth.npy,.npy,13107328
runs/fmb_wrist_v3/wrist_1/branches/A_vipe_full/observed/observed_10hz.mp4,.mp4,3681159
runs/fmb_wrist_v3/wrist_1/branches/A_vipe_full/observed/observed_tracks_2d.npz,.npz,56271
runs/fmb_wrist_v3/wrist_1/branches/A_vipe_full/observed/points_2d_history.npy,.npy,704
runs/fmb_wrist_v3/wrist_1/branches/A_vipe_full/observed/points_3d_history.npy,.npy,992
runs/fmb_wrist_v3/wrist_1/branches/A_vipe_full/observed/query_in_mask.npy,.npy,228
runs/fmb_wrist_v3/wrist_1/branches/A_vipe_full/observed/query_points_100.npy,.npy,928
runs/fmb_wrist_v3/wrist_1/branches/A_vipe_full/observed/rgb.npy,.npy,9830528
runs/fmb_wrist_v3/wrist_1/branches/A_vipe_full/observed/sam_candidates.npz,.npz,291018
runs/fmb_wrist_v3/wrist_1/branches/A_vipe_full/observed/selected_point_ids.npy,.npy,320
runs/fmb_wrist_v3/wrist_1/branches/A_vipe_full/observed/sensor_z16.npy,.npy,6553728
runs/fmb_wrist_v3/wrist_1/branches/A_vipe_full/observed/source_indices.npy,.npy,528
runs/fmb_wrist_v3/wrist_1/branches/A_vipe_full/observed/tcp_pose_xyzw.npy,.npy,2928
runs/fmb_wrist_v3/wrist_1/branches/A_vipe_full/observed/timestamps.npy,.npy,528
runs/fmb_wrist_v3/wrist_1/branches/B_sensor_vipe/geometry/camera_poses.npy,.npy,6528
runs/fmb_wrist_v3/wrist_1/branches/B_sensor_vipe/geometry/input_audit.json,.json,3692
runs/fmb_wrist_v3/wrist_1/branches/B_sensor_vipe/geometry/K.npy,.npy,3728
runs/fmb_wrist_v3/wrist_1/branches/B_sensor_vipe/geometry/points_3d_filtered.npy,.npy,60128
runs/fmb_wrist_v3/wrist_1/branches/B_sensor_vipe/geometry/points_3d_raw.npy,.npy,120128
runs/fmb_wrist_v3/wrist_1/branches/B_sensor_vipe/groups/group_00/point_ids.npy,.npy,192
runs/fmb_wrist_v3/wrist_1/branches/B_sensor_vipe/groups/group_00/points_2d_at_t0.npy,.npy,192
runs/fmb_wrist_v3/wrist_1/branches/B_sensor_vipe/groups/group_00/points_3d_history.npy,.npy,416
runs/fmb_wrist_v3/wrist_1/branches/B_sensor_vipe/groups/group_01/point_ids.npy,.npy,192
runs/fmb_wrist_v3/wrist_1/branches/B_sensor_vipe/groups/group_01/points_2d_at_t0.npy,.npy,192
runs/fmb_wrist_v3/wrist_1/branches/B_sensor_vipe/groups/group_01/points_3d_history.npy,.npy,416
runs/fmb_wrist_v3/wrist_1/branches/B_sensor_vipe/groups/group_02/point_ids.npy,.npy,192
runs/fmb_wrist_v3/wrist_1/branches/B_sensor_vipe/groups/group_02/points_2d_at_t0.npy,.npy,192
runs/fmb_wrist_v3/wrist_1/branches/B_sensor_vipe/groups/group_02/points_3d_history.npy,.npy,416
runs/fmb_wrist_v3/wrist_1/branches/B_sensor_vipe/metadata.json,.json,1867
runs/fmb_wrist_v3/wrist_1/branches/B_sensor_vipe/observed/alltracker_execution.json,.json,579
runs/fmb_wrist_v3/wrist_1/branches/B_sensor_vipe/observed/aspect_rectified/observed_10hz.mp4,.mp4,2700188
runs/fmb_wrist_v3/wrist_1/branches/B_sensor_vipe/observed/candidate_resampling.json,.json,665
runs/fmb_wrist_v3/wrist_1/branches/B_sensor_vipe/observed/depth_supported_sampling_mask.png,.png,1100
runs/fmb_wrist_v3/wrist_1/branches/B_sensor_vipe/observed/frame_000077.png,.png,84371
runs/fmb_wrist_v3/wrist_1/branches/B_sensor_vipe/observed/frame_000102.png,.png,90974
runs/fmb_wrist_v3/wrist_1/branches/B_sensor_vipe/observed/frame_000124.png,.png,91386
runs/fmb_wrist_v3/wrist_1/branches/B_sensor_vipe/observed/frame_000125.png,.png,91191
runs/fmb_wrist_v3/wrist_1/branches/B_sensor_vipe/observed/frame_000126.png,.png,90744
runs/fmb_wrist_v3/wrist_1/branches/B_sensor_vipe/observed/grounding_metadata.json,.json,1647
runs/fmb_wrist_v3/wrist_1/branches/B_sensor_vipe/observed/historical_masks_h3.npy,.npy,786560
runs/fmb_wrist_v3/wrist_1/branches/B_sensor_vipe/observed/history_rgb.npy,.npy,589952
runs/fmb_wrist_v3/wrist_1/branches/B_sensor_vipe/observed/history_source_indices.npy,.npy,152
runs/fmb_wrist_v3/wrist_1/branches/B_sensor_vipe/observed/mask.png,.png,1032
runs/fmb_wrist_v3/wrist_1/branches/B_sensor_vipe/observed/mask_overlay.png,.png,89717
runs/fmb_wrist_v3/wrist_1/branches/B_sensor_vipe/observed/molmopoint_generated_token_ids.npy,.npy,352
runs/fmb_wrist_v3/wrist_1/branches/B_sensor_vipe/observed/molmopoint_grounding.json,.json,3214
runs/fmb_wrist_v3/wrist_1/branches/B_sensor_vipe/observed/molmopoint_input_ids.npy,.npy,3728
runs/fmb_wrist_v3/wrist_1/branches/B_sensor_vipe/observed/molmopoint_overlay.png,.png,91810
runs/fmb_wrist_v3/wrist_1/branches/B_sensor_vipe/observed/molmopoint_preparation.json,.json,951
runs/fmb_wrist_v3/wrist_1/branches/B_sensor_vipe/observed/molmopoint_raw_output.txt,.txt,148
runs/fmb_wrist_v3/wrist_1/branches/B_sensor_vipe/observed/molmopoint_t0.png,.png,90744
runs/fmb_wrist_v3/wrist_1/branches/B_sensor_vipe/observed/native_depth.npy,.npy,13107328
runs/fmb_wrist_v3/wrist_1/branches/B_sensor_vipe/observed/observed_10hz.mp4,.mp4,3681159
runs/fmb_wrist_v3/wrist_1/branches/B_sensor_vipe/observed/observed_tracks_2d.npz,.npz,56271
runs/fmb_wrist_v3/wrist_1/branches/B_sensor_vipe/observed/points_2d_history.npy,.npy,704
runs/fmb_wrist_v3/wrist_1/branches/B_sensor_vipe/observed/points_3d_history.npy,.npy,992
runs/fmb_wrist_v3/wrist_1/branches/B_sensor_vipe/observed/query_in_mask.npy,.npy,228
runs/fmb_wrist_v3/wrist_1/branches/B_sensor_vipe/observed/query_points_100.npy,.npy,928
runs/fmb_wrist_v3/wrist_1/branches/B_sensor_vipe/observed/rgb.npy,.npy,9830528
runs/fmb_wrist_v3/wrist_1/branches/B_sensor_vipe/observed/sam_candidates.npz,.npz,291018
runs/fmb_wrist_v3/wrist_1/branches/B_sensor_vipe/observed/selected_point_ids.npy,.npy,320
runs/fmb_wrist_v3/wrist_1/branches/B_sensor_vipe/observed/sensor_z16.npy,.npy,6553728
runs/fmb_wrist_v3/wrist_1/branches/B_sensor_vipe/observed/source_indices.npy,.npy,528
runs/fmb_wrist_v3/wrist_1/branches/B_sensor_vipe/observed/tcp_pose_xyzw.npy,.npy,2928
runs/fmb_wrist_v3/wrist_1/branches/B_sensor_vipe/observed/timestamps.npy,.npy,528
runs/fmb_wrist_v3/wrist_1/branches/C_sensor_tcp_official/geometry/camera_poses.npy,.npy,6528
runs/fmb_wrist_v3/wrist_1/branches/C_sensor_tcp_official/geometry/input_audit.json,.json,3689
runs/fmb_wrist_v3/wrist_1/branches/C_sensor_tcp_official/geometry/K.npy,.npy,200
runs/fmb_wrist_v3/wrist_1/branches/C_sensor_tcp_official/geometry/points_3d_filtered.npy,.npy,60128
runs/fmb_wrist_v3/wrist_1/branches/C_sensor_tcp_official/geometry/points_3d_raw.npy,.npy,120128
runs/fmb_wrist_v3/wrist_1/branches/C_sensor_tcp_official/groups/group_00/point_ids.npy,.npy,192
runs/fmb_wrist_v3/wrist_1/branches/C_sensor_tcp_official/groups/group_00/points_2d_at_t0.npy,.npy,192
runs/fmb_wrist_v3/wrist_1/branches/C_sensor_tcp_official/groups/group_00/points_3d_history.npy,.npy,416
runs/fmb_wrist_v3/wrist_1/branches/C_sensor_tcp_official/groups/group_01/point_ids.npy,.npy,192
runs/fmb_wrist_v3/wrist_1/branches/C_sensor_tcp_official/groups/group_01/points_2d_at_t0.npy,.npy,192
runs/fmb_wrist_v3/wrist_1/branches/C_sensor_tcp_official/groups/group_01/points_3d_history.npy,.npy,416
runs/fmb_wrist_v3/wrist_1/branches/C_sensor_tcp_official/groups/group_02/point_ids.npy,.npy,192
runs/fmb_wrist_v3/wrist_1/branches/C_sensor_tcp_official/groups/group_02/points_2d_at_t0.npy,.npy,192
runs/fmb_wrist_v3/wrist_1/branches/C_sensor_tcp_official/groups/group_02/points_3d_history.npy,.npy,416
runs/fmb_wrist_v3/wrist_1/branches/C_sensor_tcp_official/metadata.json,.json,1875
runs/fmb_wrist_v3/wrist_1/branches/C_sensor_tcp_official/observed/alltracker_execution.json,.json,579
runs/fmb_wrist_v3/wrist_1/branches/C_sensor_tcp_official/observed/aspect_rectified/observed_10hz.mp4,.mp4,2700188
runs/fmb_wrist_v3/wrist_1/branches/C_sensor_tcp_official/observed/candidate_resampling.json,.json,665
runs/fmb_wrist_v3/wrist_1/branches/C_sensor_tcp_official/observed/depth_supported_sampling_mask.png,.png,1100
runs/fmb_wrist_v3/wrist_1/branches/C_sensor_tcp_official/observed/frame_000077.png,.png,84371
runs/fmb_wrist_v3/wrist_1/branches/C_sensor_tcp_official/observed/frame_000102.png,.png,90974
runs/fmb_wrist_v3/wrist_1/branches/C_sensor_tcp_official/observed/frame_000124.png,.png,91386
runs/fmb_wrist_v3/wrist_1/branches/C_sensor_tcp_official/observed/frame_000125.png,.png,91191
runs/fmb_wrist_v3/wrist_1/branches/C_sensor_tcp_official/observed/frame_000126.png,.png,90744
runs/fmb_wrist_v3/wrist_1/branches/C_sensor_tcp_official/observed/grounding_metadata.json,.json,1647
runs/fmb_wrist_v3/wrist_1/branches/C_sensor_tcp_official/observed/historical_masks_h3.npy,.npy,786560
runs/fmb_wrist_v3/wrist_1/branches/C_sensor_tcp_official/observed/history_rgb.npy,.npy,589952
runs/fmb_wrist_v3/wrist_1/branches/C_sensor_tcp_official/observed/history_source_indices.npy,.npy,152
runs/fmb_wrist_v3/wrist_1/branches/C_sensor_tcp_official/observed/mask.png,.png,1032
runs/fmb_wrist_v3/wrist_1/branches/C_sensor_tcp_official/observed/mask_overlay.png,.png,89717
runs/fmb_wrist_v3/wrist_1/branches/C_sensor_tcp_official/observed/molmopoint_generated_token_ids.npy,.npy,352
runs/fmb_wrist_v3/wrist_1/branches/C_sensor_tcp_official/observed/molmopoint_grounding.json,.json,3214
runs/fmb_wrist_v3/wrist_1/branches/C_sensor_tcp_official/observed/molmopoint_input_ids.npy,.npy,3728
runs/fmb_wrist_v3/wrist_1/branches/C_sensor_tcp_official/observed/molmopoint_overlay.png,.png,91810
runs/fmb_wrist_v3/wrist_1/branches/C_sensor_tcp_official/observed/molmopoint_preparation.json,.json,951
runs/fmb_wrist_v3/wrist_1/branches/C_sensor_tcp_official/observed/molmopoint_raw_output.txt,.txt,148
runs/fmb_wrist_v3/wrist_1/branches/C_sensor_tcp_official/observed/molmopoint_t0.png,.png,90744
runs/fmb_wrist_v3/wrist_1/branches/C_sensor_tcp_official/observed/native_depth.npy,.npy,13107328
runs/fmb_wrist_v3/wrist_1/branches/C_sensor_tcp_official/observed/observed_10hz.mp4,.mp4,3681159
runs/fmb_wrist_v3/wrist_1/branches/C_sensor_tcp_official/observed/observed_tracks_2d.npz,.npz,56271
runs/fmb_wrist_v3/wrist_1/branches/C_sensor_tcp_official/observed/points_2d_history.npy,.npy,704
runs/fmb_wrist_v3/wrist_1/branches/C_sensor_tcp_official/observed/points_3d_history.npy,.npy,992
runs/fmb_wrist_v3/wrist_1/branches/C_sensor_tcp_official/observed/query_in_mask.npy,.npy,228
runs/fmb_wrist_v3/wrist_1/branches/C_sensor_tcp_official/observed/query_points_100.npy,.npy,928
runs/fmb_wrist_v3/wrist_1/branches/C_sensor_tcp_official/observed/rgb.npy,.npy,9830528
runs/fmb_wrist_v3/wrist_1/branches/C_sensor_tcp_official/observed/sam_candidates.npz,.npz,291018
runs/fmb_wrist_v3/wrist_1/branches/C_sensor_tcp_official/observed/selected_point_ids.npy,.npy,320
runs/fmb_wrist_v3/wrist_1/branches/C_sensor_tcp_official/observed/sensor_z16.npy,.npy,6553728
runs/fmb_wrist_v3/wrist_1/branches/C_sensor_tcp_official/observed/source_indices.npy,.npy,528
runs/fmb_wrist_v3/wrist_1/branches/C_sensor_tcp_official/observed/tcp_pose_xyzw.npy,.npy,2928
runs/fmb_wrist_v3/wrist_1/branches/C_sensor_tcp_official/observed/timestamps.npy,.npy,528
runs/fmb_wrist_v3/wrist_1/branches/C_sensor_tcp_official/predictions/future_3d.npy,.npy,8768
runs/fmb_wrist_v3/wrist_1/branches/C_sensor_tcp_official/predictions/group_00/anchor.npy,.npy,140
runs/fmb_wrist_v3/wrist_1/branches/C_sensor_tcp_official/predictions/group_00/future_3d.npy,.npy,3008
runs/fmb_wrist_v3/wrist_1/branches/C_sensor_tcp_official/predictions/group_00/input_hashes.json,.json,2989
runs/fmb_wrist_v3/wrist_1/branches/C_sensor_tcp_official/predictions/group_00/model_run.json,.json,1090
runs/fmb_wrist_v3/wrist_1/branches/C_sensor_tcp_official/predictions/group_00/processor_inputs.pt,.pt,1325382
runs/fmb_wrist_v3/wrist_1/branches/C_sensor_tcp_official/predictions/group_00/raw_model_output.txt,.txt,3374
runs/fmb_wrist_v3/wrist_1/branches/C_sensor_tcp_official/predictions/group_01/anchor.npy,.npy,140
runs/fmb_wrist_v3/wrist_1/branches/C_sensor_tcp_official/predictions/group_01/future_3d.npy,.npy,3008
runs/fmb_wrist_v3/wrist_1/branches/C_sensor_tcp_official/predictions/group_01/input_hashes.json,.json,2975
runs/fmb_wrist_v3/wrist_1/branches/C_sensor_tcp_official/predictions/group_01/model_run.json,.json,1090
runs/fmb_wrist_v3/wrist_1/branches/C_sensor_tcp_official/predictions/group_01/processor_inputs.pt,.pt,1325638
runs/fmb_wrist_v3/wrist_1/branches/C_sensor_tcp_official/predictions/group_01/raw_model_output.txt,.txt,2978
runs/fmb_wrist_v3/wrist_1/branches/C_sensor_tcp_official/predictions/group_02/anchor.npy,.npy,140
runs/fmb_wrist_v3/wrist_1/branches/C_sensor_tcp_official/predictions/group_02/future_3d.npy,.npy,3008
runs/fmb_wrist_v3/wrist_1/branches/C_sensor_tcp_official/predictions/group_02/input_hashes.json,.json,2976
runs/fmb_wrist_v3/wrist_1/branches/C_sensor_tcp_official/predictions/group_02/model_run.json,.json,1087
runs/fmb_wrist_v3/wrist_1/branches/C_sensor_tcp_official/predictions/group_02/processor_inputs.pt,.pt,1325382
runs/fmb_wrist_v3/wrist_1/branches/C_sensor_tcp_official/predictions/group_02/raw_model_output.txt,.txt,3392
runs/fmb_wrist_v3/wrist_1/branches/C_sensor_tcp_official/predictions/input_freeze.json,.json,6403
runs/fmb_wrist_v3/wrist_1/branches/C_sensor_tcp_official/predictions/model_run.json,.json,4326
runs/fmb_wrist_v3/wrist_1/evaluation/alltracker_receipt.json,.json,503
runs/fmb_wrist_v3/wrist_1/evaluation/blinding_map.json,.json,316
runs/fmb_wrist_v3/wrist_1/evaluation/estimated_world_point_displacements.npy,.npy,11648
runs/fmb_wrist_v3/wrist_1/evaluation/export_receipt.json,.json,1123
runs/fmb_wrist_v3/wrist_1/evaluation/future_alltracker.npz,.npz,6965
runs/fmb_wrist_v3/wrist_1/evaluation/future_reference.npz,.npz,19926
runs/fmb_wrist_v3/wrist_1/evaluation/future_rgb.npy,.npy,4128896
runs/fmb_wrist_v3/wrist_1/evaluation/future_sensor_depth.npy,.npy,5505152
runs/fmb_wrist_v3/wrist_1/evaluation/future_tcp_pose_xyzw.npy,.npy,1304
runs/fmb_wrist_v3/wrist_1/evaluation/hand_eye_reference_sensitivity.json,.json,38993
runs/fmb_wrist_v3/wrist_1/evaluation/metrics.json,.json,16381
runs/fmb_wrist_v3/wrist_1/evaluation/source_indices.npy,.npy,296
runs/fmb_wrist_v3/wrist_1/geometry/A_vipe_full/c2w.npy,.npy,6528
runs/fmb_wrist_v3/wrist_1/geometry/A_vipe_full/depth.npy,.npy,13107328
runs/fmb_wrist_v3/wrist_1/geometry/A_vipe_full/filter_diagnostics.npz,.npz,29248
runs/fmb_wrist_v3/wrist_1/geometry/A_vipe_full/K.npy,.npy,3728
runs/fmb_wrist_v3/wrist_1/geometry/A_vipe_full/points_3d_filtered.npy,.npy,60128
runs/fmb_wrist_v3/wrist_1/geometry/A_vipe_full/points_3d_raw.npy,.npy,120128
runs/fmb_wrist_v3/wrist_1/geometry/B_sensor_vipe/c2w.npy,.npy,6528
runs/fmb_wrist_v3/wrist_1/geometry/B_sensor_vipe/depth.npy,.npy,13107328
runs/fmb_wrist_v3/wrist_1/geometry/B_sensor_vipe/filter_diagnostics.npz,.npz,38310
runs/fmb_wrist_v3/wrist_1/geometry/B_sensor_vipe/K.npy,.npy,3728
runs/fmb_wrist_v3/wrist_1/geometry/B_sensor_vipe/points_3d_filtered.npy,.npy,60128
runs/fmb_wrist_v3/wrist_1/geometry/B_sensor_vipe/points_3d_raw.npy,.npy,120128
runs/fmb_wrist_v3/wrist_1/geometry/branch_selection.json,.json,10515
runs/fmb_wrist_v3/wrist_1/geometry/C_sensor_tcp_official/c2w.npy,.npy,6528
runs/fmb_wrist_v3/wrist_1/geometry/C_sensor_tcp_official/depth.npy,.npy,13107328
runs/fmb_wrist_v3/wrist_1/geometry/C_sensor_tcp_official/filter_diagnostics.npz,.npz,38425
runs/fmb_wrist_v3/wrist_1/geometry/C_sensor_tcp_official/K.npy,.npy,200
runs/fmb_wrist_v3/wrist_1/geometry/C_sensor_tcp_official/points_3d_filtered.npy,.npy,60128
runs/fmb_wrist_v3/wrist_1/geometry/C_sensor_tcp_official/points_3d_raw.npy,.npy,120128
runs/fmb_wrist_v3/wrist_1/geometry/depth_comparison.json,.json,17760
runs/fmb_wrist_v3/wrist_1/geometry/geometry_diagnostics.json,.json,12608
runs/fmb_wrist_v3/wrist_1/geometry/hand_eye.json,.json,4807
runs/fmb_wrist_v3/wrist_1/geometry/hand_eye_bootstrap.json,.json,2438
runs/fmb_wrist_v3/wrist_1/geometry/hand_eye_X.npy,.npy,256
runs/fmb_wrist_v3/wrist_1/geometry/hand_eye_Y.npy,.npy,256
runs/fmb_wrist_v3/wrist_1/geometry/independent_robot_rgbd_bootstrap.json,.json,13161
runs/fmb_wrist_v3/wrist_1/geometry/independent_robot_rgbd_hand_eye.json,.json,3410
runs/fmb_wrist_v3/wrist_1/geometry/independent_robot_rgbd_X.npy,.npy,256
runs/fmb_wrist_v3/wrist_1/geometry/initial_100_candidates/alltracker_execution.json,.json,956
runs/fmb_wrist_v3/wrist_1/geometry/initial_100_candidates/candidate_history_tracks.png,.png,1444740
runs/fmb_wrist_v3/wrist_1/geometry/initial_100_candidates/mask_and_100_queries.png,.png,95278
runs/fmb_wrist_v3/wrist_1/geometry/initial_100_candidates/observed_tracks_2d.npz,.npz,58981
runs/fmb_wrist_v3/wrist_1/geometry/initial_100_candidates/query_points_100.npy,.npy,928
runs/fmb_wrist_v3/wrist_1/geometry/initial_100_eligibility.json,.json,854
runs/fmb_wrist_v3/wrist_1/geometry/intrinsics_variation.json,.json,804
runs/fmb_wrist_v3/wrist_1/geometry/native_square_control.json,.json,13935
runs/fmb_wrist_v3/wrist_1/geometry/official_K.npy,.npy,200
runs/fmb_wrist_v3/wrist_1/geometry/official_profile_validation.json,.json,34363
runs/fmb_wrist_v3/wrist_1/geometry/rejected_canonical_vipe_hand_eye_static.json,.json,2284
runs/fmb_wrist_v3/wrist_1/geometry/selected_hand_eye.json,.json,1899
runs/fmb_wrist_v3/wrist_1/geometry/selected_hand_eye_X.npy,.npy,256
runs/fmb_wrist_v3/wrist_1/geometry/selected_hand_eye_Y.npy,.npy,256
runs/fmb_wrist_v3/wrist_1/geometry/static_correspondences.json,.json,137717
runs/fmb_wrist_v3/wrist_1/geometry/tcp_camera_poses_in_vipe_world.npy,.npy,6528
runs/fmb_wrist_v3/wrist_1/geometry/unidepth_depth.npy,.npy,2097280
runs/fmb_wrist_v3/wrist_1/geometry/unidepth_K.npy,.npy,416
runs/fmb_wrist_v3/wrist_1/geometry/unidepth_local_ids.npy,.npy,192
runs/fmb_wrist_v3/wrist_1/geometry/unidepth_receipt.json,.json,453
runs/fmb_wrist_v3/wrist_1/geometry/vipe_camera_poses.npy,.npy,6528
runs/fmb_wrist_v3/wrist_1/geometry/vipe_depth.npy,.npy,13107328
runs/fmb_wrist_v3/wrist_1/geometry/vipe_K.npy,.npy,3728
runs/fmb_wrist_v3/wrist_1/geometry/vipe_source_selection.json,.json,445
runs/fmb_wrist_v3/wrist_1/metadata.json,.json,1546
runs/fmb_wrist_v3/wrist_1/observed/alltracker_execution.json,.json,579
runs/fmb_wrist_v3/wrist_1/observed/aspect_rectified/observed_10hz.mp4,.mp4,2700188
runs/fmb_wrist_v3/wrist_1/observed/candidate_resampling.json,.json,665
runs/fmb_wrist_v3/wrist_1/observed/depth_supported_sampling_mask.png,.png,1100
runs/fmb_wrist_v3/wrist_1/observed/frame_000077.png,.png,84371
runs/fmb_wrist_v3/wrist_1/observed/frame_000102.png,.png,90974
runs/fmb_wrist_v3/wrist_1/observed/frame_000124.png,.png,91386
runs/fmb_wrist_v3/wrist_1/observed/frame_000125.png,.png,91191
runs/fmb_wrist_v3/wrist_1/observed/frame_000126.png,.png,90744
runs/fmb_wrist_v3/wrist_1/observed/grounding_metadata.json,.json,1647
runs/fmb_wrist_v3/wrist_1/observed/historical_masks_h3.npy,.npy,786560
runs/fmb_wrist_v3/wrist_1/observed/history_rgb.npy,.npy,589952
runs/fmb_wrist_v3/wrist_1/observed/history_source_indices.npy,.npy,152
runs/fmb_wrist_v3/wrist_1/observed/mask.png,.png,1032
runs/fmb_wrist_v3/wrist_1/observed/mask_overlay.png,.png,89717
runs/fmb_wrist_v3/wrist_1/observed/molmopoint_generated_token_ids.npy,.npy,352
runs/fmb_wrist_v3/wrist_1/observed/molmopoint_grounding.json,.json,3214
runs/fmb_wrist_v3/wrist_1/observed/molmopoint_input_ids.npy,.npy,3728
runs/fmb_wrist_v3/wrist_1/observed/molmopoint_overlay.png,.png,91810
runs/fmb_wrist_v3/wrist_1/observed/molmopoint_preparation.json,.json,951
runs/fmb_wrist_v3/wrist_1/observed/molmopoint_raw_output.txt,.txt,148
runs/fmb_wrist_v3/wrist_1/observed/molmopoint_t0.png,.png,90744
runs/fmb_wrist_v3/wrist_1/observed/observed_10hz.mp4,.mp4,3681159
runs/fmb_wrist_v3/wrist_1/observed/observed_tracks_2d.npz,.npz,56271
runs/fmb_wrist_v3/wrist_1/observed/points_2d_history.npy,.npy,704
runs/fmb_wrist_v3/wrist_1/observed/query_in_mask.npy,.npy,228
runs/fmb_wrist_v3/wrist_1/observed/query_points_100.npy,.npy,928
runs/fmb_wrist_v3/wrist_1/observed/rgb.npy,.npy,9830528
runs/fmb_wrist_v3/wrist_1/observed/sam_candidates.npz,.npz,291018
runs/fmb_wrist_v3/wrist_1/observed/selected_point_ids.npy,.npy,320
runs/fmb_wrist_v3/wrist_1/observed/sensor_z16.npy,.npy,6553728
runs/fmb_wrist_v3/wrist_1/observed/source_indices.npy,.npy,528
runs/fmb_wrist_v3/wrist_1/observed/tcp_pose_xyzw.npy,.npy,2928
runs/fmb_wrist_v3/wrist_1/observed/timestamps.npy,.npy,528
runs/fmb_wrist_v3/wrist_1/vipe_default/depth/observed_10hz.zip,.zip,1407152
runs/fmb_wrist_v3/wrist_1/vipe_default/intrinsics/observed_10hz.npz,.npz,1702
runs/fmb_wrist_v3/wrist_1/vipe_default/intrinsics/observed_10hz_camera.txt,.txt,590
runs/fmb_wrist_v3/wrist_1/vipe_default/mask/observed_10hz.txt,.txt,21
runs/fmb_wrist_v3/wrist_1/vipe_default/mask/observed_10hz.zip,.zip,50939
runs/fmb_wrist_v3/wrist_1/vipe_default/pose/observed_10hz.npz,.npz,4102
runs/fmb_wrist_v3/wrist_1/vipe_default/rgb/observed_10hz.mp4,.mp4,80724
runs/fmb_wrist_v3/wrist_1/vipe_default/vipe/observed_10hz_info.pkl,.pkl,38
runs/fmb_wrist_v3/wrist_1/vipe_default.log,.log,9122
runs/fmb_wrist_v3/wrist_1/vipe_default_receipt.json,.json,725
runs/fmb_wrist_v3/wrist_1/vipe_rectified_default/depth/observed_10hz.zip,.zip,1259924
runs/fmb_wrist_v3/wrist_1/vipe_rectified_default/intrinsics/observed_10hz.npz,.npz,1702
runs/fmb_wrist_v3/wrist_1/vipe_rectified_default/intrinsics/observed_10hz_camera.txt,.txt,590
runs/fmb_wrist_v3/wrist_1/vipe_rectified_default/mask/observed_10hz.txt,.txt,21
runs/fmb_wrist_v3/wrist_1/vipe_rectified_default/mask/observed_10hz.zip,.zip,68212
runs/fmb_wrist_v3/wrist_1/vipe_rectified_default/pose/observed_10hz.npz,.npz,4102
runs/fmb_wrist_v3/wrist_1/vipe_rectified_default/rgb/observed_10hz.mp4,.mp4,61980
runs/fmb_wrist_v3/wrist_1/vipe_rectified_default/vipe/observed_10hz_info.pkl,.pkl,38
runs/fmb_wrist_v3/wrist_1/vipe_rectified_default.log,.log,10163
runs/fmb_wrist_v3/wrist_1/vipe_rectified_default_receipt.json,.json,1183
runs/fmb_wrist_v3/wrist_1/viz/blinded_review_01.png,.png,1065939
runs/fmb_wrist_v3/wrist_1/viz/blinded_review_10.png,.png,1108895
runs/fmb_wrist_v3/wrist_1/viz/blinded_review_20.png,.png,1181987
runs/fmb_wrist_v3/wrist_1/viz/camera_paths_3d.png,.png,200003
runs/fmb_wrist_v3/wrist_1/viz/candidate_history_tracks.png,.png,1417929
runs/fmb_wrist_v3/wrist_1/viz/candidates_to_selected.png,.png,1054910
runs/fmb_wrist_v3/wrist_1/viz/depth_comparison.png,.png,1918320
runs/fmb_wrist_v3/wrist_1/viz/forecast_errors.png,.png,128003
runs/fmb_wrist_v3/wrist_1/viz/forecast_review_01.png,.png,534219
runs/fmb_wrist_v3/wrist_1/viz/forecast_review_10.png,.png,552172
runs/fmb_wrist_v3/wrist_1/viz/forecast_review_20.png,.png,579466
runs/fmb_wrist_v3/wrist_1/viz/full_30step_xyz.png,.png,334846
runs/fmb_wrist_v3/wrist_1/viz/geometry_forecasts_side_by_side.mp4,.mp4,317893
runs/fmb_wrist_v3/wrist_1/viz/history_3d_clouds.png,.png,455549
runs/fmb_wrist_v3/wrist_1/viz/intrinsics_observed_frames.png,.png,128538
runs/fmb_wrist_v3/wrist_1/viz/mask_and_100_queries.png,.png,95278
runs/fmb_wrist_v3/wrist_1/viz/observed_prefix_review.png,.png,1326624
runs/fmb_wrist_v3/wrist_1/viz/pose_K_comparison.png,.png,265003
runs/fmb_wrist_v3/wrist_1/viz/primary_prediction_vs_real.mp4,.mp4,161690
runs/fmb_wrist_v3/wrist_1/viz/real_future.mp4,.mp4,67819
runs/fmb_wrist_v3/wrist_1/viz/reference_all24_review.png,.png,1648005
runs/fmb_wrist_v3/wrist_1/viz/reference_hand_eye_sensitivity.png,.png,107040
runs/fmb_wrist_v3/wrist_1/viz/registration_review.png,.png,1872028
runs/fmb_wrist_v3/wrist_1/viz/selected_24_points.png,.png,528239
runs/fmb_wrist_v3/wrist_1/viz/selected_history_tracks.png,.png,1384896
runs/fmb_wrist_v3/wrist_2/branches/A_vipe_full/geometry/camera_poses.npy,.npy,6528
runs/fmb_wrist_v3/wrist_2/branches/A_vipe_full/geometry/input_audit.json,.json,3860
runs/fmb_wrist_v3/wrist_2/branches/A_vipe_full/geometry/K.npy,.npy,3728
runs/fmb_wrist_v3/wrist_2/branches/A_vipe_full/geometry/points_3d_filtered.npy,.npy,60128
runs/fmb_wrist_v3/wrist_2/branches/A_vipe_full/geometry/points_3d_raw.npy,.npy,120128
runs/fmb_wrist_v3/wrist_2/branches/A_vipe_full/groups/group_00/point_ids.npy,.npy,192
runs/fmb_wrist_v3/wrist_2/branches/A_vipe_full/groups/group_00/points_2d_at_t0.npy,.npy,192
runs/fmb_wrist_v3/wrist_2/branches/A_vipe_full/groups/group_00/points_3d_history.npy,.npy,416
runs/fmb_wrist_v3/wrist_2/branches/A_vipe_full/groups/group_01/point_ids.npy,.npy,192
runs/fmb_wrist_v3/wrist_2/branches/A_vipe_full/groups/group_01/points_2d_at_t0.npy,.npy,192
runs/fmb_wrist_v3/wrist_2/branches/A_vipe_full/groups/group_01/points_3d_history.npy,.npy,416
runs/fmb_wrist_v3/wrist_2/branches/A_vipe_full/groups/group_02/point_ids.npy,.npy,192
runs/fmb_wrist_v3/wrist_2/branches/A_vipe_full/groups/group_02/points_2d_at_t0.npy,.npy,192
runs/fmb_wrist_v3/wrist_2/branches/A_vipe_full/groups/group_02/points_3d_history.npy,.npy,416
runs/fmb_wrist_v3/wrist_2/branches/A_vipe_full/metadata.json,.json,1865
runs/fmb_wrist_v3/wrist_2/branches/A_vipe_full/observed/alltracker_execution.json,.json,580
runs/fmb_wrist_v3/wrist_2/branches/A_vipe_full/observed/aspect_rectified/observed_10hz.mp4,.mp4,2994231
runs/fmb_wrist_v3/wrist_2/branches/A_vipe_full/observed/candidate_resampling.json,.json,664
runs/fmb_wrist_v3/wrist_2/branches/A_vipe_full/observed/depth_supported_sampling_mask.png,.png,677
runs/fmb_wrist_v3/wrist_2/branches/A_vipe_full/observed/frame_000077.png,.png,99400
runs/fmb_wrist_v3/wrist_2/branches/A_vipe_full/observed/frame_000102.png,.png,99475
runs/fmb_wrist_v3/wrist_2/branches/A_vipe_full/observed/frame_000124.png,.png,100875
runs/fmb_wrist_v3/wrist_2/branches/A_vipe_full/observed/frame_000125.png,.png,100380
runs/fmb_wrist_v3/wrist_2/branches/A_vipe_full/observed/frame_000126.png,.png,100328
runs/fmb_wrist_v3/wrist_2/branches/A_vipe_full/observed/grounding_metadata.json,.json,1650
runs/fmb_wrist_v3/wrist_2/branches/A_vipe_full/observed/historical_masks_h3.npy,.npy,786560
runs/fmb_wrist_v3/wrist_2/branches/A_vipe_full/observed/history_rgb.npy,.npy,589952
runs/fmb_wrist_v3/wrist_2/branches/A_vipe_full/observed/history_source_indices.npy,.npy,152
runs/fmb_wrist_v3/wrist_2/branches/A_vipe_full/observed/mask.png,.png,1068
runs/fmb_wrist_v3/wrist_2/branches/A_vipe_full/observed/mask_overlay.png,.png,99522
runs/fmb_wrist_v3/wrist_2/branches/A_vipe_full/observed/molmopoint_generated_token_ids.npy,.npy,352
runs/fmb_wrist_v3/wrist_2/branches/A_vipe_full/observed/molmopoint_grounding.json,.json,3214
runs/fmb_wrist_v3/wrist_2/branches/A_vipe_full/observed/molmopoint_input_ids.npy,.npy,3728
runs/fmb_wrist_v3/wrist_2/branches/A_vipe_full/observed/molmopoint_overlay.png,.png,101908
runs/fmb_wrist_v3/wrist_2/branches/A_vipe_full/observed/molmopoint_preparation.json,.json,951
runs/fmb_wrist_v3/wrist_2/branches/A_vipe_full/observed/molmopoint_raw_output.txt,.txt,148
runs/fmb_wrist_v3/wrist_2/branches/A_vipe_full/observed/molmopoint_t0.png,.png,100328
runs/fmb_wrist_v3/wrist_2/branches/A_vipe_full/observed/native_depth.npy,.npy,13107328
runs/fmb_wrist_v3/wrist_2/branches/A_vipe_full/observed/observed_10hz.mp4,.mp4,4124870
runs/fmb_wrist_v3/wrist_2/branches/A_vipe_full/observed/observed_tracks_2d.npz,.npz,57897
runs/fmb_wrist_v3/wrist_2/branches/A_vipe_full/observed/points_2d_history.npy,.npy,704
runs/fmb_wrist_v3/wrist_2/branches/A_vipe_full/observed/points_3d_history.npy,.npy,992
runs/fmb_wrist_v3/wrist_2/branches/A_vipe_full/observed/query_in_mask.npy,.npy,228
runs/fmb_wrist_v3/wrist_2/branches/A_vipe_full/observed/query_points_100.npy,.npy,928
runs/fmb_wrist_v3/wrist_2/branches/A_vipe_full/observed/rgb.npy,.npy,9830528
runs/fmb_wrist_v3/wrist_2/branches/A_vipe_full/observed/sam_candidates.npz,.npz,286028
runs/fmb_wrist_v3/wrist_2/branches/A_vipe_full/observed/selected_point_ids.npy,.npy,320
runs/fmb_wrist_v3/wrist_2/branches/A_vipe_full/observed/sensor_z16.npy,.npy,6553728
runs/fmb_wrist_v3/wrist_2/branches/A_vipe_full/observed/source_indices.npy,.npy,528
runs/fmb_wrist_v3/wrist_2/branches/A_vipe_full/observed/tcp_pose_xyzw.npy,.npy,2928
runs/fmb_wrist_v3/wrist_2/branches/A_vipe_full/observed/timestamps.npy,.npy,528
runs/fmb_wrist_v3/wrist_2/branches/A_vipe_full/predictions/future_3d.npy,.npy,8768
runs/fmb_wrist_v3/wrist_2/branches/A_vipe_full/predictions/group_00/anchor.npy,.npy,140
runs/fmb_wrist_v3/wrist_2/branches/A_vipe_full/predictions/group_00/future_3d.npy,.npy,3008
runs/fmb_wrist_v3/wrist_2/branches/A_vipe_full/predictions/group_00/input_hashes.json,.json,2911
runs/fmb_wrist_v3/wrist_2/branches/A_vipe_full/predictions/group_00/model_run.json,.json,1089
runs/fmb_wrist_v3/wrist_2/branches/A_vipe_full/predictions/group_00/processor_inputs.pt,.pt,1327174
runs/fmb_wrist_v3/wrist_2/branches/A_vipe_full/predictions/group_00/raw_model_output.txt,.txt,3610
runs/fmb_wrist_v3/wrist_2/branches/A_vipe_full/predictions/group_01/anchor.npy,.npy,140
runs/fmb_wrist_v3/wrist_2/branches/A_vipe_full/predictions/group_01/future_3d.npy,.npy,3008
runs/fmb_wrist_v3/wrist_2/branches/A_vipe_full/predictions/group_01/input_hashes.json,.json,2923
runs/fmb_wrist_v3/wrist_2/branches/A_vipe_full/predictions/group_01/model_run.json,.json,1089
runs/fmb_wrist_v3/wrist_2/branches/A_vipe_full/predictions/group_01/processor_inputs.pt,.pt,1326406
runs/fmb_wrist_v3/wrist_2/branches/A_vipe_full/predictions/group_01/raw_model_output.txt,.txt,3221
runs/fmb_wrist_v3/wrist_2/branches/A_vipe_full/predictions/group_02/anchor.npy,.npy,140
runs/fmb_wrist_v3/wrist_2/branches/A_vipe_full/predictions/group_02/future_3d.npy,.npy,3008
runs/fmb_wrist_v3/wrist_2/branches/A_vipe_full/predictions/group_02/input_hashes.json,.json,2919
runs/fmb_wrist_v3/wrist_2/branches/A_vipe_full/predictions/group_02/model_run.json,.json,1090
runs/fmb_wrist_v3/wrist_2/branches/A_vipe_full/predictions/group_02/processor_inputs.pt,.pt,1326662
runs/fmb_wrist_v3/wrist_2/branches/A_vipe_full/predictions/group_02/raw_model_output.txt,.txt,3221
runs/fmb_wrist_v3/wrist_2/branches/A_vipe_full/predictions/input_freeze.json,.json,6403
runs/fmb_wrist_v3/wrist_2/branches/A_vipe_full/predictions/interrupted_resource_attempt_00/group_00/anchor.npy,.npy,140
runs/fmb_wrist_v3/wrist_2/branches/A_vipe_full/predictions/interrupted_resource_attempt_00/group_00/input_hashes.json,.json,2911
runs/fmb_wrist_v3/wrist_2/branches/A_vipe_full/predictions/interrupted_resource_attempt_00/group_00/model_run.json,.json,637
runs/fmb_wrist_v3/wrist_2/branches/A_vipe_full/predictions/interrupted_resource_attempt_00/group_00/processor_inputs.pt,.pt,1327174
runs/fmb_wrist_v3/wrist_2/branches/A_vipe_full/predictions/interrupted_resource_attempt_00/interruption_receipt.json,.json,976
runs/fmb_wrist_v3/wrist_2/branches/A_vipe_full/predictions/model_run.json,.json,4327
runs/fmb_wrist_v3/wrist_2/branches/B_sensor_vipe/geometry/camera_poses.npy,.npy,6528
runs/fmb_wrist_v3/wrist_2/branches/B_sensor_vipe/geometry/input_audit.json,.json,3857
runs/fmb_wrist_v3/wrist_2/branches/B_sensor_vipe/geometry/K.npy,.npy,3728
runs/fmb_wrist_v3/wrist_2/branches/B_sensor_vipe/geometry/points_3d_filtered.npy,.npy,60128
runs/fmb_wrist_v3/wrist_2/branches/B_sensor_vipe/geometry/points_3d_raw.npy,.npy,120128
runs/fmb_wrist_v3/wrist_2/branches/B_sensor_vipe/groups/group_00/point_ids.npy,.npy,192
runs/fmb_wrist_v3/wrist_2/branches/B_sensor_vipe/groups/group_00/points_2d_at_t0.npy,.npy,192
runs/fmb_wrist_v3/wrist_2/branches/B_sensor_vipe/groups/group_00/points_3d_history.npy,.npy,416
runs/fmb_wrist_v3/wrist_2/branches/B_sensor_vipe/groups/group_01/point_ids.npy,.npy,192
runs/fmb_wrist_v3/wrist_2/branches/B_sensor_vipe/groups/group_01/points_2d_at_t0.npy,.npy,192
runs/fmb_wrist_v3/wrist_2/branches/B_sensor_vipe/groups/group_01/points_3d_history.npy,.npy,416
runs/fmb_wrist_v3/wrist_2/branches/B_sensor_vipe/groups/group_02/point_ids.npy,.npy,192
runs/fmb_wrist_v3/wrist_2/branches/B_sensor_vipe/groups/group_02/points_2d_at_t0.npy,.npy,192
runs/fmb_wrist_v3/wrist_2/branches/B_sensor_vipe/groups/group_02/points_3d_history.npy,.npy,416
runs/fmb_wrist_v3/wrist_2/branches/B_sensor_vipe/metadata.json,.json,1867
runs/fmb_wrist_v3/wrist_2/branches/B_sensor_vipe/observed/alltracker_execution.json,.json,580
runs/fmb_wrist_v3/wrist_2/branches/B_sensor_vipe/observed/aspect_rectified/observed_10hz.mp4,.mp4,2994231
runs/fmb_wrist_v3/wrist_2/branches/B_sensor_vipe/observed/candidate_resampling.json,.json,664
runs/fmb_wrist_v3/wrist_2/branches/B_sensor_vipe/observed/depth_supported_sampling_mask.png,.png,677
runs/fmb_wrist_v3/wrist_2/branches/B_sensor_vipe/observed/frame_000077.png,.png,99400
runs/fmb_wrist_v3/wrist_2/branches/B_sensor_vipe/observed/frame_000102.png,.png,99475
runs/fmb_wrist_v3/wrist_2/branches/B_sensor_vipe/observed/frame_000124.png,.png,100875
runs/fmb_wrist_v3/wrist_2/branches/B_sensor_vipe/observed/frame_000125.png,.png,100380
runs/fmb_wrist_v3/wrist_2/branches/B_sensor_vipe/observed/frame_000126.png,.png,100328
runs/fmb_wrist_v3/wrist_2/branches/B_sensor_vipe/observed/grounding_metadata.json,.json,1650
runs/fmb_wrist_v3/wrist_2/branches/B_sensor_vipe/observed/historical_masks_h3.npy,.npy,786560
runs/fmb_wrist_v3/wrist_2/branches/B_sensor_vipe/observed/history_rgb.npy,.npy,589952
runs/fmb_wrist_v3/wrist_2/branches/B_sensor_vipe/observed/history_source_indices.npy,.npy,152
runs/fmb_wrist_v3/wrist_2/branches/B_sensor_vipe/observed/mask.png,.png,1068
runs/fmb_wrist_v3/wrist_2/branches/B_sensor_vipe/observed/mask_overlay.png,.png,99522
runs/fmb_wrist_v3/wrist_2/branches/B_sensor_vipe/observed/molmopoint_generated_token_ids.npy,.npy,352
runs/fmb_wrist_v3/wrist_2/branches/B_sensor_vipe/observed/molmopoint_grounding.json,.json,3214
runs/fmb_wrist_v3/wrist_2/branches/B_sensor_vipe/observed/molmopoint_input_ids.npy,.npy,3728
runs/fmb_wrist_v3/wrist_2/branches/B_sensor_vipe/observed/molmopoint_overlay.png,.png,101908
runs/fmb_wrist_v3/wrist_2/branches/B_sensor_vipe/observed/molmopoint_preparation.json,.json,951
runs/fmb_wrist_v3/wrist_2/branches/B_sensor_vipe/observed/molmopoint_raw_output.txt,.txt,148
runs/fmb_wrist_v3/wrist_2/branches/B_sensor_vipe/observed/molmopoint_t0.png,.png,100328
runs/fmb_wrist_v3/wrist_2/branches/B_sensor_vipe/observed/native_depth.npy,.npy,13107328
runs/fmb_wrist_v3/wrist_2/branches/B_sensor_vipe/observed/observed_10hz.mp4,.mp4,4124870
runs/fmb_wrist_v3/wrist_2/branches/B_sensor_vipe/observed/observed_tracks_2d.npz,.npz,57897
runs/fmb_wrist_v3/wrist_2/branches/B_sensor_vipe/observed/points_2d_history.npy,.npy,704
runs/fmb_wrist_v3/wrist_2/branches/B_sensor_vipe/observed/points_3d_history.npy,.npy,992
runs/fmb_wrist_v3/wrist_2/branches/B_sensor_vipe/observed/query_in_mask.npy,.npy,228
runs/fmb_wrist_v3/wrist_2/branches/B_sensor_vipe/observed/query_points_100.npy,.npy,928
runs/fmb_wrist_v3/wrist_2/branches/B_sensor_vipe/observed/rgb.npy,.npy,9830528
runs/fmb_wrist_v3/wrist_2/branches/B_sensor_vipe/observed/sam_candidates.npz,.npz,286028
runs/fmb_wrist_v3/wrist_2/branches/B_sensor_vipe/observed/selected_point_ids.npy,.npy,320
runs/fmb_wrist_v3/wrist_2/branches/B_sensor_vipe/observed/sensor_z16.npy,.npy,6553728
runs/fmb_wrist_v3/wrist_2/branches/B_sensor_vipe/observed/source_indices.npy,.npy,528
runs/fmb_wrist_v3/wrist_2/branches/B_sensor_vipe/observed/tcp_pose_xyzw.npy,.npy,2928
runs/fmb_wrist_v3/wrist_2/branches/B_sensor_vipe/observed/timestamps.npy,.npy,528
runs/fmb_wrist_v3/wrist_2/branches/B_sensor_vipe/predictions/future_3d.npy,.npy,8768
runs/fmb_wrist_v3/wrist_2/branches/B_sensor_vipe/predictions/group_00/anchor.npy,.npy,140
runs/fmb_wrist_v3/wrist_2/branches/B_sensor_vipe/predictions/group_00/future_3d.npy,.npy,3008
runs/fmb_wrist_v3/wrist_2/branches/B_sensor_vipe/predictions/group_00/input_hashes.json,.json,2984
runs/fmb_wrist_v3/wrist_2/branches/B_sensor_vipe/predictions/group_00/model_run.json,.json,1088
runs/fmb_wrist_v3/wrist_2/branches/B_sensor_vipe/predictions/group_00/processor_inputs.pt,.pt,1325638
runs/fmb_wrist_v3/wrist_2/branches/B_sensor_vipe/predictions/group_00/raw_model_output.txt,.txt,3041
runs/fmb_wrist_v3/wrist_2/branches/B_sensor_vipe/predictions/group_01/anchor.npy,.npy,140
runs/fmb_wrist_v3/wrist_2/branches/B_sensor_vipe/predictions/group_01/future_3d.npy,.npy,3008
runs/fmb_wrist_v3/wrist_2/branches/B_sensor_vipe/predictions/group_01/input_hashes.json,.json,2983
runs/fmb_wrist_v3/wrist_2/branches/B_sensor_vipe/predictions/group_01/model_run.json,.json,1071
runs/fmb_wrist_v3/wrist_2/branches/B_sensor_vipe/predictions/group_01/processor_inputs.pt,.pt,1324870
runs/fmb_wrist_v3/wrist_2/branches/B_sensor_vipe/predictions/group_01/raw_model_output.txt,.txt,2652
runs/fmb_wrist_v3/wrist_2/branches/B_sensor_vipe/predictions/group_02/anchor.npy,.npy,140
runs/fmb_wrist_v3/wrist_2/branches/B_sensor_vipe/predictions/group_02/future_3d.npy,.npy,3008
runs/fmb_wrist_v3/wrist_2/branches/B_sensor_vipe/predictions/group_02/input_hashes.json,.json,2972
runs/fmb_wrist_v3/wrist_2/branches/B_sensor_vipe/predictions/group_02/model_run.json,.json,1089
runs/fmb_wrist_v3/wrist_2/branches/B_sensor_vipe/predictions/group_02/processor_inputs.pt,.pt,1324614
runs/fmb_wrist_v3/wrist_2/branches/B_sensor_vipe/predictions/group_02/raw_model_output.txt,.txt,2561
runs/fmb_wrist_v3/wrist_2/branches/B_sensor_vipe/predictions/input_freeze.json,.json,6403
runs/fmb_wrist_v3/wrist_2/branches/B_sensor_vipe/predictions/model_run.json,.json,4307
runs/fmb_wrist_v3/wrist_2/branches/C_sensor_tcp_official/geometry/camera_poses.npy,.npy,6528
runs/fmb_wrist_v3/wrist_2/branches/C_sensor_tcp_official/geometry/input_audit.json,.json,3866
runs/fmb_wrist_v3/wrist_2/branches/C_sensor_tcp_official/geometry/K.npy,.npy,200
runs/fmb_wrist_v3/wrist_2/branches/C_sensor_tcp_official/geometry/points_3d_filtered.npy,.npy,60128
runs/fmb_wrist_v3/wrist_2/branches/C_sensor_tcp_official/geometry/points_3d_raw.npy,.npy,120128
runs/fmb_wrist_v3/wrist_2/branches/C_sensor_tcp_official/groups/group_00/point_ids.npy,.npy,192
runs/fmb_wrist_v3/wrist_2/branches/C_sensor_tcp_official/groups/group_00/points_2d_at_t0.npy,.npy,192
runs/fmb_wrist_v3/wrist_2/branches/C_sensor_tcp_official/groups/group_00/points_3d_history.npy,.npy,416
runs/fmb_wrist_v3/wrist_2/branches/C_sensor_tcp_official/groups/group_01/point_ids.npy,.npy,192
runs/fmb_wrist_v3/wrist_2/branches/C_sensor_tcp_official/groups/group_01/points_2d_at_t0.npy,.npy,192
runs/fmb_wrist_v3/wrist_2/branches/C_sensor_tcp_official/groups/group_01/points_3d_history.npy,.npy,416
runs/fmb_wrist_v3/wrist_2/branches/C_sensor_tcp_official/groups/group_02/point_ids.npy,.npy,192
runs/fmb_wrist_v3/wrist_2/branches/C_sensor_tcp_official/groups/group_02/points_2d_at_t0.npy,.npy,192
runs/fmb_wrist_v3/wrist_2/branches/C_sensor_tcp_official/groups/group_02/points_3d_history.npy,.npy,416
runs/fmb_wrist_v3/wrist_2/branches/C_sensor_tcp_official/metadata.json,.json,1875
runs/fmb_wrist_v3/wrist_2/branches/C_sensor_tcp_official/observed/alltracker_execution.json,.json,580
runs/fmb_wrist_v3/wrist_2/branches/C_sensor_tcp_official/observed/aspect_rectified/observed_10hz.mp4,.mp4,2994231
runs/fmb_wrist_v3/wrist_2/branches/C_sensor_tcp_official/observed/candidate_resampling.json,.json,664
runs/fmb_wrist_v3/wrist_2/branches/C_sensor_tcp_official/observed/depth_supported_sampling_mask.png,.png,677
runs/fmb_wrist_v3/wrist_2/branches/C_sensor_tcp_official/observed/frame_000077.png,.png,99400
runs/fmb_wrist_v3/wrist_2/branches/C_sensor_tcp_official/observed/frame_000102.png,.png,99475
runs/fmb_wrist_v3/wrist_2/branches/C_sensor_tcp_official/observed/frame_000124.png,.png,100875
runs/fmb_wrist_v3/wrist_2/branches/C_sensor_tcp_official/observed/frame_000125.png,.png,100380
runs/fmb_wrist_v3/wrist_2/branches/C_sensor_tcp_official/observed/frame_000126.png,.png,100328
runs/fmb_wrist_v3/wrist_2/branches/C_sensor_tcp_official/observed/grounding_metadata.json,.json,1650
runs/fmb_wrist_v3/wrist_2/branches/C_sensor_tcp_official/observed/historical_masks_h3.npy,.npy,786560
runs/fmb_wrist_v3/wrist_2/branches/C_sensor_tcp_official/observed/history_rgb.npy,.npy,589952
runs/fmb_wrist_v3/wrist_2/branches/C_sensor_tcp_official/observed/history_source_indices.npy,.npy,152
runs/fmb_wrist_v3/wrist_2/branches/C_sensor_tcp_official/observed/mask.png,.png,1068
runs/fmb_wrist_v3/wrist_2/branches/C_sensor_tcp_official/observed/mask_overlay.png,.png,99522
runs/fmb_wrist_v3/wrist_2/branches/C_sensor_tcp_official/observed/molmopoint_generated_token_ids.npy,.npy,352
runs/fmb_wrist_v3/wrist_2/branches/C_sensor_tcp_official/observed/molmopoint_grounding.json,.json,3214
runs/fmb_wrist_v3/wrist_2/branches/C_sensor_tcp_official/observed/molmopoint_input_ids.npy,.npy,3728
runs/fmb_wrist_v3/wrist_2/branches/C_sensor_tcp_official/observed/molmopoint_overlay.png,.png,101908
runs/fmb_wrist_v3/wrist_2/branches/C_sensor_tcp_official/observed/molmopoint_preparation.json,.json,951
runs/fmb_wrist_v3/wrist_2/branches/C_sensor_tcp_official/observed/molmopoint_raw_output.txt,.txt,148
runs/fmb_wrist_v3/wrist_2/branches/C_sensor_tcp_official/observed/molmopoint_t0.png,.png,100328
runs/fmb_wrist_v3/wrist_2/branches/C_sensor_tcp_official/observed/native_depth.npy,.npy,13107328
runs/fmb_wrist_v3/wrist_2/branches/C_sensor_tcp_official/observed/observed_10hz.mp4,.mp4,4124870
runs/fmb_wrist_v3/wrist_2/branches/C_sensor_tcp_official/observed/observed_tracks_2d.npz,.npz,57897
runs/fmb_wrist_v3/wrist_2/branches/C_sensor_tcp_official/observed/points_2d_history.npy,.npy,704
runs/fmb_wrist_v3/wrist_2/branches/C_sensor_tcp_official/observed/points_3d_history.npy,.npy,992
runs/fmb_wrist_v3/wrist_2/branches/C_sensor_tcp_official/observed/query_in_mask.npy,.npy,228
runs/fmb_wrist_v3/wrist_2/branches/C_sensor_tcp_official/observed/query_points_100.npy,.npy,928
runs/fmb_wrist_v3/wrist_2/branches/C_sensor_tcp_official/observed/rgb.npy,.npy,9830528
runs/fmb_wrist_v3/wrist_2/branches/C_sensor_tcp_official/observed/sam_candidates.npz,.npz,286028
runs/fmb_wrist_v3/wrist_2/branches/C_sensor_tcp_official/observed/selected_point_ids.npy,.npy,320
runs/fmb_wrist_v3/wrist_2/branches/C_sensor_tcp_official/observed/sensor_z16.npy,.npy,6553728
runs/fmb_wrist_v3/wrist_2/branches/C_sensor_tcp_official/observed/source_indices.npy,.npy,528
runs/fmb_wrist_v3/wrist_2/branches/C_sensor_tcp_official/observed/tcp_pose_xyzw.npy,.npy,2928
runs/fmb_wrist_v3/wrist_2/branches/C_sensor_tcp_official/observed/timestamps.npy,.npy,528
runs/fmb_wrist_v3/wrist_2/branches/C_sensor_tcp_official/predictions/future_3d.npy,.npy,8768
runs/fmb_wrist_v3/wrist_2/branches/C_sensor_tcp_official/predictions/group_00/anchor.npy,.npy,140
runs/fmb_wrist_v3/wrist_2/branches/C_sensor_tcp_official/predictions/group_00/future_3d.npy,.npy,3008
runs/fmb_wrist_v3/wrist_2/branches/C_sensor_tcp_official/predictions/group_00/input_hashes.json,.json,2975
runs/fmb_wrist_v3/wrist_2/branches/C_sensor_tcp_official/predictions/group_00/model_run.json,.json,1090
runs/fmb_wrist_v3/wrist_2/branches/C_sensor_tcp_official/predictions/group_00/processor_inputs.pt,.pt,1325638
runs/fmb_wrist_v3/wrist_2/branches/C_sensor_tcp_official/predictions/group_00/raw_model_output.txt,.txt,3101
runs/fmb_wrist_v3/wrist_2/branches/C_sensor_tcp_official/predictions/group_01/anchor.npy,.npy,140
runs/fmb_wrist_v3/wrist_2/branches/C_sensor_tcp_official/predictions/group_01/future_3d.npy,.npy,3008
runs/fmb_wrist_v3/wrist_2/branches/C_sensor_tcp_official/predictions/group_01/input_hashes.json,.json,2974
runs/fmb_wrist_v3/wrist_2/branches/C_sensor_tcp_official/predictions/group_01/model_run.json,.json,1087
runs/fmb_wrist_v3/wrist_2/branches/C_sensor_tcp_official/predictions/group_01/processor_inputs.pt,.pt,1324870
runs/fmb_wrist_v3/wrist_2/branches/C_sensor_tcp_official/predictions/group_01/raw_model_output.txt,.txt,2623
runs/fmb_wrist_v3/wrist_2/branches/C_sensor_tcp_official/predictions/group_02/anchor.npy,.npy,140
runs/fmb_wrist_v3/wrist_2/branches/C_sensor_tcp_official/predictions/group_02/future_3d.npy,.npy,3008
runs/fmb_wrist_v3/wrist_2/branches/C_sensor_tcp_official/predictions/group_02/input_hashes.json,.json,2974
runs/fmb_wrist_v3/wrist_2/branches/C_sensor_tcp_official/predictions/group_02/model_run.json,.json,1088
runs/fmb_wrist_v3/wrist_2/branches/C_sensor_tcp_official/predictions/group_02/processor_inputs.pt,.pt,1325126
runs/fmb_wrist_v3/wrist_2/branches/C_sensor_tcp_official/predictions/group_02/raw_model_output.txt,.txt,2591
runs/fmb_wrist_v3/wrist_2/branches/C_sensor_tcp_official/predictions/input_freeze.json,.json,6403
runs/fmb_wrist_v3/wrist_2/branches/C_sensor_tcp_official/predictions/model_run.json,.json,4324
runs/fmb_wrist_v3/wrist_2/evaluation/alltracker_receipt.json,.json,501
runs/fmb_wrist_v3/wrist_2/evaluation/blinding_map.json,.json,384
runs/fmb_wrist_v3/wrist_2/evaluation/estimated_world_point_displacements.npy,.npy,11648
runs/fmb_wrist_v3/wrist_2/evaluation/export_receipt.json,.json,1123
runs/fmb_wrist_v3/wrist_2/evaluation/future_alltracker.npz,.npz,6972
runs/fmb_wrist_v3/wrist_2/evaluation/future_reference.npz,.npz,20440
runs/fmb_wrist_v3/wrist_2/evaluation/future_rgb.npy,.npy,4128896
runs/fmb_wrist_v3/wrist_2/evaluation/future_sensor_depth.npy,.npy,5505152
runs/fmb_wrist_v3/wrist_2/evaluation/future_tcp_pose_xyzw.npy,.npy,1304
runs/fmb_wrist_v3/wrist_2/evaluation/hand_eye_reference_sensitivity.json,.json,110807
runs/fmb_wrist_v3/wrist_2/evaluation/metrics.json,.json,47041
runs/fmb_wrist_v3/wrist_2/evaluation/source_indices.npy,.npy,296
runs/fmb_wrist_v3/wrist_2/geometry/A_vipe_full/c2w.npy,.npy,6528
runs/fmb_wrist_v3/wrist_2/geometry/A_vipe_full/depth.npy,.npy,13107328
runs/fmb_wrist_v3/wrist_2/geometry/A_vipe_full/filter_diagnostics.npz,.npz,28539
runs/fmb_wrist_v3/wrist_2/geometry/A_vipe_full/K.npy,.npy,3728
runs/fmb_wrist_v3/wrist_2/geometry/A_vipe_full/points_3d_filtered.npy,.npy,60128
runs/fmb_wrist_v3/wrist_2/geometry/A_vipe_full/points_3d_raw.npy,.npy,120128
runs/fmb_wrist_v3/wrist_2/geometry/B_sensor_vipe/c2w.npy,.npy,6528
runs/fmb_wrist_v3/wrist_2/geometry/B_sensor_vipe/depth.npy,.npy,13107328
runs/fmb_wrist_v3/wrist_2/geometry/B_sensor_vipe/filter_diagnostics.npz,.npz,37718
runs/fmb_wrist_v3/wrist_2/geometry/B_sensor_vipe/K.npy,.npy,3728
runs/fmb_wrist_v3/wrist_2/geometry/B_sensor_vipe/points_3d_filtered.npy,.npy,60128
runs/fmb_wrist_v3/wrist_2/geometry/B_sensor_vipe/points_3d_raw.npy,.npy,120128
runs/fmb_wrist_v3/wrist_2/geometry/branch_selection.json,.json,11063
runs/fmb_wrist_v3/wrist_2/geometry/C_sensor_tcp_official/c2w.npy,.npy,6528
runs/fmb_wrist_v3/wrist_2/geometry/C_sensor_tcp_official/depth.npy,.npy,13107328
runs/fmb_wrist_v3/wrist_2/geometry/C_sensor_tcp_official/filter_diagnostics.npz,.npz,37677
runs/fmb_wrist_v3/wrist_2/geometry/C_sensor_tcp_official/K.npy,.npy,200
runs/fmb_wrist_v3/wrist_2/geometry/C_sensor_tcp_official/points_3d_filtered.npy,.npy,60128
runs/fmb_wrist_v3/wrist_2/geometry/C_sensor_tcp_official/points_3d_raw.npy,.npy,120128
runs/fmb_wrist_v3/wrist_2/geometry/depth_comparison.json,.json,17792
runs/fmb_wrist_v3/wrist_2/geometry/geometry_diagnostics.json,.json,13102
runs/fmb_wrist_v3/wrist_2/geometry/hand_eye.json,.json,4797
runs/fmb_wrist_v3/wrist_2/geometry/hand_eye_bootstrap.json,.json,2441
runs/fmb_wrist_v3/wrist_2/geometry/hand_eye_X.npy,.npy,256
runs/fmb_wrist_v3/wrist_2/geometry/hand_eye_Y.npy,.npy,256
runs/fmb_wrist_v3/wrist_2/geometry/independent_robot_rgbd_bootstrap.json,.json,13168
runs/fmb_wrist_v3/wrist_2/geometry/independent_robot_rgbd_hand_eye.json,.json,3418
runs/fmb_wrist_v3/wrist_2/geometry/independent_robot_rgbd_X.npy,.npy,256
runs/fmb_wrist_v3/wrist_2/geometry/initial_100_candidates/alltracker_execution.json,.json,956
runs/fmb_wrist_v3/wrist_2/geometry/initial_100_candidates/candidate_history_tracks.png,.png,1598374
runs/fmb_wrist_v3/wrist_2/geometry/initial_100_candidates/mask_and_100_queries.png,.png,104970
runs/fmb_wrist_v3/wrist_2/geometry/initial_100_candidates/observed_tracks_2d.npz,.npz,58979
runs/fmb_wrist_v3/wrist_2/geometry/initial_100_candidates/query_points_100.npy,.npy,928
runs/fmb_wrist_v3/wrist_2/geometry/initial_100_eligibility.json,.json,848
runs/fmb_wrist_v3/wrist_2/geometry/intrinsics_variation.json,.json,800
runs/fmb_wrist_v3/wrist_2/geometry/native_square_control.json,.json,14456
runs/fmb_wrist_v3/wrist_2/geometry/official_K.npy,.npy,200
runs/fmb_wrist_v3/wrist_2/geometry/official_profile_validation.json,.json,35998
runs/fmb_wrist_v3/wrist_2/geometry/rejected_canonical_vipe_hand_eye_static.json,.json,2420
runs/fmb_wrist_v3/wrist_2/geometry/selected_hand_eye.json,.json,1903
runs/fmb_wrist_v3/wrist_2/geometry/selected_hand_eye_X.npy,.npy,256
runs/fmb_wrist_v3/wrist_2/geometry/selected_hand_eye_Y.npy,.npy,256
runs/fmb_wrist_v3/wrist_2/geometry/static_correspondences.json,.json,167135
runs/fmb_wrist_v3/wrist_2/geometry/tcp_camera_poses_in_vipe_world.npy,.npy,6528
runs/fmb_wrist_v3/wrist_2/geometry/unidepth_depth.npy,.npy,2097280
runs/fmb_wrist_v3/wrist_2/geometry/unidepth_K.npy,.npy,416
runs/fmb_wrist_v3/wrist_2/geometry/unidepth_local_ids.npy,.npy,192
runs/fmb_wrist_v3/wrist_2/geometry/unidepth_receipt.json,.json,453
runs/fmb_wrist_v3/wrist_2/geometry/vipe_camera_poses.npy,.npy,6528
runs/fmb_wrist_v3/wrist_2/geometry/vipe_depth.npy,.npy,13107328
runs/fmb_wrist_v3/wrist_2/geometry/vipe_K.npy,.npy,3728
runs/fmb_wrist_v3/wrist_2/geometry/vipe_source_selection.json,.json,445
runs/fmb_wrist_v3/wrist_2/metadata.json,.json,1546
runs/fmb_wrist_v3/wrist_2/observed/alltracker_execution.json,.json,580
runs/fmb_wrist_v3/wrist_2/observed/aspect_rectified/observed_10hz.mp4,.mp4,2994231
runs/fmb_wrist_v3/wrist_2/observed/candidate_resampling.json,.json,664
runs/fmb_wrist_v3/wrist_2/observed/depth_supported_sampling_mask.png,.png,677
runs/fmb_wrist_v3/wrist_2/observed/frame_000077.png,.png,99400
runs/fmb_wrist_v3/wrist_2/observed/frame_000102.png,.png,99475
runs/fmb_wrist_v3/wrist_2/observed/frame_000124.png,.png,100875
runs/fmb_wrist_v3/wrist_2/observed/frame_000125.png,.png,100380
runs/fmb_wrist_v3/wrist_2/observed/frame_000126.png,.png,100328
runs/fmb_wrist_v3/wrist_2/observed/grounding_metadata.json,.json,1650
runs/fmb_wrist_v3/wrist_2/observed/historical_masks_h3.npy,.npy,786560
runs/fmb_wrist_v3/wrist_2/observed/history_rgb.npy,.npy,589952
runs/fmb_wrist_v3/wrist_2/observed/history_source_indices.npy,.npy,152
runs/fmb_wrist_v3/wrist_2/observed/mask.png,.png,1068
runs/fmb_wrist_v3/wrist_2/observed/mask_overlay.png,.png,99522
runs/fmb_wrist_v3/wrist_2/observed/molmopoint_generated_token_ids.npy,.npy,352
runs/fmb_wrist_v3/wrist_2/observed/molmopoint_grounding.json,.json,3214
runs/fmb_wrist_v3/wrist_2/observed/molmopoint_input_ids.npy,.npy,3728
runs/fmb_wrist_v3/wrist_2/observed/molmopoint_overlay.png,.png,101908
runs/fmb_wrist_v3/wrist_2/observed/molmopoint_preparation.json,.json,951
runs/fmb_wrist_v3/wrist_2/observed/molmopoint_raw_output.txt,.txt,148
runs/fmb_wrist_v3/wrist_2/observed/molmopoint_t0.png,.png,100328
runs/fmb_wrist_v3/wrist_2/observed/observed_10hz.mp4,.mp4,4124870
runs/fmb_wrist_v3/wrist_2/observed/observed_tracks_2d.npz,.npz,57897
runs/fmb_wrist_v3/wrist_2/observed/points_2d_history.npy,.npy,704
runs/fmb_wrist_v3/wrist_2/observed/query_in_mask.npy,.npy,228
runs/fmb_wrist_v3/wrist_2/observed/query_points_100.npy,.npy,928
runs/fmb_wrist_v3/wrist_2/observed/rgb.npy,.npy,9830528
runs/fmb_wrist_v3/wrist_2/observed/sam_candidates.npz,.npz,286028
runs/fmb_wrist_v3/wrist_2/observed/selected_point_ids.npy,.npy,320
runs/fmb_wrist_v3/wrist_2/observed/sensor_z16.npy,.npy,6553728
runs/fmb_wrist_v3/wrist_2/observed/source_indices.npy,.npy,528
runs/fmb_wrist_v3/wrist_2/observed/tcp_pose_xyzw.npy,.npy,2928
runs/fmb_wrist_v3/wrist_2/observed/timestamps.npy,.npy,528
runs/fmb_wrist_v3/wrist_2/vipe_default/depth/observed_10hz.zip,.zip,1588895
runs/fmb_wrist_v3/wrist_2/vipe_default/intrinsics/observed_10hz.npz,.npz,1702
runs/fmb_wrist_v3/wrist_2/vipe_default/intrinsics/observed_10hz_camera.txt,.txt,590
runs/fmb_wrist_v3/wrist_2/vipe_default/mask/observed_10hz.txt,.txt,21
runs/fmb_wrist_v3/wrist_2/vipe_default/mask/observed_10hz.zip,.zip,99195
runs/fmb_wrist_v3/wrist_2/vipe_default/pose/observed_10hz.npz,.npz,4102
runs/fmb_wrist_v3/wrist_2/vipe_default/rgb/observed_10hz.mp4,.mp4,79516
runs/fmb_wrist_v3/wrist_2/vipe_default/vipe/observed_10hz_info.pkl,.pkl,38
runs/fmb_wrist_v3/wrist_2/vipe_default.log,.log,8731
runs/fmb_wrist_v3/wrist_2/vipe_default_receipt.json,.json,729
runs/fmb_wrist_v3/wrist_2/vipe_early_hand_eye_probe.json,.json,4809
runs/fmb_wrist_v3/wrist_2/vipe_rectified_default/depth/observed_10hz.zip,.zip,1453814
runs/fmb_wrist_v3/wrist_2/vipe_rectified_default/intrinsics/observed_10hz.npz,.npz,1702
runs/fmb_wrist_v3/wrist_2/vipe_rectified_default/intrinsics/observed_10hz_camera.txt,.txt,590
runs/fmb_wrist_v3/wrist_2/vipe_rectified_default/mask/observed_10hz.txt,.txt,21
runs/fmb_wrist_v3/wrist_2/vipe_rectified_default/mask/observed_10hz.zip,.zip,67679
runs/fmb_wrist_v3/wrist_2/vipe_rectified_default/pose/observed_10hz.npz,.npz,4102
runs/fmb_wrist_v3/wrist_2/vipe_rectified_default/rgb/observed_10hz.mp4,.mp4,63343
runs/fmb_wrist_v3/wrist_2/vipe_rectified_default/vipe/observed_10hz_info.pkl,.pkl,38
runs/fmb_wrist_v3/wrist_2/vipe_rectified_default.log,.log,9936
runs/fmb_wrist_v3/wrist_2/vipe_rectified_default_receipt.json,.json,1183
runs/fmb_wrist_v3/wrist_2/viz/blinded_review_01.png,.png,1719730
runs/fmb_wrist_v3/wrist_2/viz/blinded_review_10.png,.png,1769123
runs/fmb_wrist_v3/wrist_2/viz/blinded_review_20.png,.png,1846917
runs/fmb_wrist_v3/wrist_2/viz/camera_paths_3d.png,.png,223927
runs/fmb_wrist_v3/wrist_2/viz/candidate_history_tracks.png,.png,1520583
runs/fmb_wrist_v3/wrist_2/viz/candidates_to_selected.png,.png,1160037
runs/fmb_wrist_v3/wrist_2/viz/depth_comparison.png,.png,2023323
runs/fmb_wrist_v3/wrist_2/viz/forecast_errors.png,.png,164846
runs/fmb_wrist_v3/wrist_2/viz/forecast_review_01.png,.png,1159288
runs/fmb_wrist_v3/wrist_2/viz/forecast_review_10.png,.png,1183600
runs/fmb_wrist_v3/wrist_2/viz/forecast_review_20.png,.png,1234916
runs/fmb_wrist_v3/wrist_2/viz/full_30step_xyz.png,.png,109836
runs/fmb_wrist_v3/wrist_2/viz/geometry_forecasts_side_by_side.mp4,.mp4,790468
runs/fmb_wrist_v3/wrist_2/viz/history_3d_clouds.png,.png,353579
runs/fmb_wrist_v3/wrist_2/viz/intrinsics_observed_frames.png,.png,150560
runs/fmb_wrist_v3/wrist_2/viz/mask_and_100_queries.png,.png,104970
runs/fmb_wrist_v3/wrist_2/viz/observed_prefix_review.png,.png,1475817
runs/fmb_wrist_v3/wrist_2/viz/pose_K_comparison.png,.png,301383
runs/fmb_wrist_v3/wrist_2/viz/primary_prediction_vs_real.mp4,.mp4,200919
runs/fmb_wrist_v3/wrist_2/viz/real_future.mp4,.mp4,78846
runs/fmb_wrist_v3/wrist_2/viz/reference_all24_review.png,.png,1782502
runs/fmb_wrist_v3/wrist_2/viz/reference_hand_eye_sensitivity.png,.png,124056
runs/fmb_wrist_v3/wrist_2/viz/registration_review.png,.png,2014428
runs/fmb_wrist_v3/wrist_2/viz/selected_24_points.png,.png,581421
runs/fmb_wrist_v3/wrist_2/viz/selected_history_tracks.png,.png,1505495
runs/fmb_wrist_v3/wrist_crossview_base_clouds.png,.png,281887
runs/fmb_wrist_v3/wrist_future_world_motion.json,.json,6197
runs/fmb_wrist_v3/wrist_future_world_motion.png,.png,155216
runs/fmb_wrist_v3_control_horizontal_n0/control_selection.json,.json,765
runs/fmb_wrist_v3_control_horizontal_n0/preserved_prior_runs.json,.json,283
runs/fmb_wrist_v3_control_horizontal_n0/PROTOCOL.md,.md,7207
runs/fmb_wrist_v3_control_horizontal_n0/REPRODUCE.md,.md,4288
runs/fmb_wrist_v3_control_horizontal_n0/selection/1_L_L_4_vertical_n_0.png,.png,383085
runs/fmb_wrist_v3_control_horizontal_n0/selection/1_M_L_3_horizontal_n_0.png,.png,382686
runs/fmb_wrist_v3_control_horizontal_n0/selection/1_M_L_3_horizontal_n_4.png,.png,385203
runs/fmb_wrist_v3_control_horizontal_n0/selection/1_M_L_3_horizontal_n_8.png,.png,380852
runs/fmb_wrist_v3_control_horizontal_n0/selection/1_M_L_3_vertical_n_2.png,.png,388007
runs/fmb_wrist_v3_control_horizontal_n0/selection/1_M_L_3_vertical_n_3.png,.png,383077
runs/fmb_wrist_v3_control_horizontal_n0/selection/1_M_L_3_vertical_n_4.png,.png,381746
runs/fmb_wrist_v3_control_horizontal_n0/selection/1_M_L_3_vertical_n_5.png,.png,386820
runs/fmb_wrist_v3_control_horizontal_n0/selection/1_M_L_3_vertical_n_6.png,.png,384286
runs/fmb_wrist_v3_control_horizontal_n0/selection/2_M_L_7_vertical_n_0.png,.png,411986
runs/fmb_wrist_v3_control_horizontal_n0/selection/all_candidates.png,.png,3866792
runs/fmb_wrist_v3_control_horizontal_n0/selection/candidates.json,.json,20079
runs/fmb_wrist_v3_control_horizontal_n0/selection/target_depth_support.json,.json,9234
runs/fmb_wrist_v3_control_horizontal_n0/selection/target_depth_support.png,.png,2000273
runs/fmb_wrist_v3_control_horizontal_n0/side_1/metadata.json,.json,1572
runs/fmb_wrist_v3_control_horizontal_n0/side_1/observed/frame_000167.png,.png,101527
runs/fmb_wrist_v3_control_horizontal_n0/side_1/observed/frame_000192.png,.png,95840
runs/fmb_wrist_v3_control_horizontal_n0/side_1/observed/frame_000214.png,.png,95341
runs/fmb_wrist_v3_control_horizontal_n0/side_1/observed/frame_000215.png,.png,95347
runs/fmb_wrist_v3_control_horizontal_n0/side_1/observed/frame_000216.png,.png,95238
runs/fmb_wrist_v3_control_horizontal_n0/side_1/observed/history_rgb.npy,.npy,589952
runs/fmb_wrist_v3_control_horizontal_n0/side_1/observed/history_source_indices.npy,.npy,152
runs/fmb_wrist_v3_control_horizontal_n0/side_1/observed/observed_10hz.mp4,.mp4,4134141
runs/fmb_wrist_v3_control_horizontal_n0/side_1/observed/rgb.npy,.npy,9830528
runs/fmb_wrist_v3_control_horizontal_n0/side_1/observed/sensor_z16.npy,.npy,6553728
runs/fmb_wrist_v3_control_horizontal_n0/side_1/observed/source_indices.npy,.npy,528
runs/fmb_wrist_v3_control_horizontal_n0/side_1/observed/tcp_pose_xyzw.npy,.npy,2928
runs/fmb_wrist_v3_control_horizontal_n0/side_1/observed/timestamps.npy,.npy,528
runs/fmb_wrist_v3_control_horizontal_n0/side_1/viz/observed_prefix_review.png,.png,1391538
runs/fmb_wrist_v3_control_horizontal_n0/side_1/viz/registration_review.png,.png,1939345
runs/fmb_wrist_v3_control_horizontal_n0/side_2/metadata.json,.json,1572
runs/fmb_wrist_v3_control_horizontal_n0/side_2/observed/frame_000167.png,.png,92277
runs/fmb_wrist_v3_control_horizontal_n0/side_2/observed/frame_000192.png,.png,89873
runs/fmb_wrist_v3_control_horizontal_n0/side_2/observed/frame_000214.png,.png,90010
runs/fmb_wrist_v3_control_horizontal_n0/side_2/observed/frame_000215.png,.png,89965
runs/fmb_wrist_v3_control_horizontal_n0/side_2/observed/frame_000216.png,.png,90088
runs/fmb_wrist_v3_control_horizontal_n0/side_2/observed/history_rgb.npy,.npy,589952
runs/fmb_wrist_v3_control_horizontal_n0/side_2/observed/history_source_indices.npy,.npy,152
runs/fmb_wrist_v3_control_horizontal_n0/side_2/observed/observed_10hz.mp4,.mp4,3803226
runs/fmb_wrist_v3_control_horizontal_n0/side_2/observed/rgb.npy,.npy,9830528
runs/fmb_wrist_v3_control_horizontal_n0/side_2/observed/sensor_z16.npy,.npy,6553728
runs/fmb_wrist_v3_control_horizontal_n0/side_2/observed/source_indices.npy,.npy,528
runs/fmb_wrist_v3_control_horizontal_n0/side_2/observed/tcp_pose_xyzw.npy,.npy,2928
runs/fmb_wrist_v3_control_horizontal_n0/side_2/observed/timestamps.npy,.npy,528
runs/fmb_wrist_v3_control_horizontal_n0/side_2/viz/observed_prefix_review.png,.png,1279598
runs/fmb_wrist_v3_control_horizontal_n0/side_2/viz/registration_review.png,.png,1775080
runs/fmb_wrist_v3_control_horizontal_n0/source_fmb_control_provenance.json,.json,379
runs/fmb_wrist_v3_control_horizontal_n0/sources/calibration/static/files/side_1,,4356
runs/fmb_wrist_v3_control_horizontal_n0/sources/calibration/static/files/side_2,,4358
runs/fmb_wrist_v3_control_horizontal_n0/sources/calibration/static/files/wrist_1,,4355
runs/fmb_wrist_v3_control_horizontal_n0/sources/calibration/static/files/wrist_2,,4354
runs/fmb_wrist_v3_control_horizontal_n0/sources/capture/robot_infra/camera/__init__.py,.py,0
runs/fmb_wrist_v3_control_horizontal_n0/sources/capture/robot_infra/camera/rs_capture.py,.py,1693
runs/fmb_wrist_v3_control_horizontal_n0/sources/capture/robot_infra/camera/video_capture.py,.py,1002
runs/fmb_wrist_v3_control_horizontal_n0/sources/capture/robot_infra/envs/__init__.py,.py,37
runs/fmb_wrist_v3_control_horizontal_n0/sources/capture/robot_infra/envs/franka_fmb_env.py,.py,17166
runs/fmb_wrist_v3_control_horizontal_n0/sources/capture/robot_infra/franka_server.py,.py,12037
runs/fmb_wrist_v3_control_horizontal_n0/sources/official_K_candidates.json,.json,21157
runs/fmb_wrist_v3_control_horizontal_n0/sources/source_receipts.json,.json,4389
runs/fmb_wrist_v3_control_horizontal_n0/wrist_1/geometry/independent_robot_rgbd_bootstrap.json,.json,13133
runs/fmb_wrist_v3_control_horizontal_n0/wrist_1/geometry/independent_robot_rgbd_hand_eye.json,.json,2732
runs/fmb_wrist_v3_control_horizontal_n0/wrist_1/geometry/independent_robot_rgbd_X.npy,.npy,256
runs/fmb_wrist_v3_control_horizontal_n0/wrist_1/metadata.json,.json,1573
runs/fmb_wrist_v3_control_horizontal_n0/wrist_1/observed/frame_000167.png,.png,98354
runs/fmb_wrist_v3_control_horizontal_n0/wrist_1/observed/frame_000192.png,.png,101994
runs/fmb_wrist_v3_control_horizontal_n0/wrist_1/observed/frame_000214.png,.png,94359
runs/fmb_wrist_v3_control_horizontal_n0/wrist_1/observed/frame_000215.png,.png,93855
runs/fmb_wrist_v3_control_horizontal_n0/wrist_1/observed/frame_000216.png,.png,93263
runs/fmb_wrist_v3_control_horizontal_n0/wrist_1/observed/history_rgb.npy,.npy,589952
runs/fmb_wrist_v3_control_horizontal_n0/wrist_1/observed/history_source_indices.npy,.npy,152
runs/fmb_wrist_v3_control_horizontal_n0/wrist_1/observed/observed_10hz.mp4,.mp4,3929022
runs/fmb_wrist_v3_control_horizontal_n0/wrist_1/observed/rgb.npy,.npy,9830528
runs/fmb_wrist_v3_control_horizontal_n0/wrist_1/observed/sensor_z16.npy,.npy,6553728
runs/fmb_wrist_v3_control_horizontal_n0/wrist_1/observed/source_indices.npy,.npy,528
runs/fmb_wrist_v3_control_horizontal_n0/wrist_1/observed/tcp_pose_xyzw.npy,.npy,2928
runs/fmb_wrist_v3_control_horizontal_n0/wrist_1/observed/timestamps.npy,.npy,528
runs/fmb_wrist_v3_control_horizontal_n0/wrist_1/viz/observed_prefix_review.png,.png,1430002
runs/fmb_wrist_v3_control_horizontal_n0/wrist_1/viz/registration_review.png,.png,2009786
runs/fmb_wrist_v3_control_horizontal_n0/wrist_2/geometry/independent_robot_rgbd_bootstrap.json,.json,13160
runs/fmb_wrist_v3_control_horizontal_n0/wrist_2/geometry/independent_robot_rgbd_hand_eye.json,.json,3299
runs/fmb_wrist_v3_control_horizontal_n0/wrist_2/geometry/independent_robot_rgbd_X.npy,.npy,256
runs/fmb_wrist_v3_control_horizontal_n0/wrist_2/metadata.json,.json,1573
runs/fmb_wrist_v3_control_horizontal_n0/wrist_2/observed/frame_000167.png,.png,93690
runs/fmb_wrist_v3_control_horizontal_n0/wrist_2/observed/frame_000192.png,.png,99389
runs/fmb_wrist_v3_control_horizontal_n0/wrist_2/observed/frame_000214.png,.png,96774
runs/fmb_wrist_v3_control_horizontal_n0/wrist_2/observed/frame_000215.png,.png,96194
runs/fmb_wrist_v3_control_horizontal_n0/wrist_2/observed/frame_000216.png,.png,95468
runs/fmb_wrist_v3_control_horizontal_n0/wrist_2/observed/history_rgb.npy,.npy,589952
runs/fmb_wrist_v3_control_horizontal_n0/wrist_2/observed/history_source_indices.npy,.npy,152
runs/fmb_wrist_v3_control_horizontal_n0/wrist_2/observed/observed_10hz.mp4,.mp4,3835365
runs/fmb_wrist_v3_control_horizontal_n0/wrist_2/observed/rgb.npy,.npy,9830528
runs/fmb_wrist_v3_control_horizontal_n0/wrist_2/observed/sensor_z16.npy,.npy,6553728
runs/fmb_wrist_v3_control_horizontal_n0/wrist_2/observed/source_indices.npy,.npy,528
runs/fmb_wrist_v3_control_horizontal_n0/wrist_2/observed/tcp_pose_xyzw.npy,.npy,2928
runs/fmb_wrist_v3_control_horizontal_n0/wrist_2/observed/timestamps.npy,.npy,528
runs/fmb_wrist_v3_control_horizontal_n0/wrist_2/viz/observed_prefix_review.png,.png,1405024
runs/fmb_wrist_v3_control_horizontal_n0/wrist_2/viz/registration_review.png,.png,1949613
runs/fmb_wrist_v4_improvement/builtin_visual_review.json,.json,5648
runs/fmb_wrist_v4_improvement/code_snapshots/fmb_wrist_v4_infer_initial.py,.py,6859
runs/fmb_wrist_v4_improvement/completion_audit.json,.json,14482
runs/fmb_wrist_v4_improvement/coordinate_tests.json,.json,1087
runs/fmb_wrist_v4_improvement/index.html,.html,1499
runs/fmb_wrist_v4_improvement/inference_status.json,.json,56
runs/fmb_wrist_v4_improvement/initialization_failure_00.json,.json,534
runs/fmb_wrist_v4_improvement/initialization_failure_01.json,.json,340
runs/fmb_wrist_v4_improvement/media_receipt.json,.json,173
runs/fmb_wrist_v4_improvement/motion_policy_amendment.json,.json,10745
runs/fmb_wrist_v4_improvement/motion_policy_amendment_v2.json,.json,11508
runs/fmb_wrist_v4_improvement/neural_progress.json,.json,509
runs/fmb_wrist_v4_improvement/observed_diagnosis.json,.json,11746
runs/fmb_wrist_v4_improvement/preregistration.json,.json,1408
runs/fmb_wrist_v4_improvement/preserved_v3.json,.json,139820
runs/fmb_wrist_v4_improvement/REPRODUCE.md,.md,6621
runs/fmb_wrist_v4_improvement/robot_observed_model_selection.json,.json,3165
runs/fmb_wrist_v4_improvement/runtime_interruption_00/group_00/anchor.npy,.npy,140
runs/fmb_wrist_v4_improvement/runtime_interruption_00/group_00/decoded_prompt.txt,.txt,3011
runs/fmb_wrist_v4_improvement/runtime_interruption_00/group_00/input_ids.npy,.npy,4664
runs/fmb_wrist_v4_improvement/runtime_interruption_00/group_00/model_run.json,.json,838
runs/fmb_wrist_v4_improvement/runtime_interruption_00/group_00/processor_inputs.pt,.pt,1325382
runs/fmb_wrist_v4_improvement/runtime_interruption_00/receipt.json,.json,759
runs/fmb_wrist_v4_improvement/sources/data_generation/README.md,.md,9748
runs/fmb_wrist_v4_improvement/sources/hf_model_inventory.json,.json,1036
runs/fmb_wrist_v4_improvement/sources/README.md,.md,24943
runs/fmb_wrist_v4_improvement/sources/source_receipts.json,.json,2476
runs/fmb_wrist_v4_improvement/sources/src/molmo_motion/data/trajectory_3d_dataset.py,.py,112417
runs/fmb_wrist_v4_improvement/sources/src/molmo_motion/processor.py,.py,11428
runs/fmb_wrist_v4_improvement/sources/upstream_commit.json,.json,4402
runs/fmb_wrist_v4_improvement/wrist_1/calibration_ranking_sensitivity.json,.json,112782
runs/fmb_wrist_v4_improvement/wrist_1/denoised_rigid_H3.npy,.npy,992
runs/fmb_wrist_v4_improvement/wrist_1/hybrid_correction.npy,.npy,608
runs/fmb_wrist_v4_improvement/wrist_1/metrics.json,.json,30185
runs/fmb_wrist_v4_improvement/wrist_1/observed_reference.npz,.npz,34401
runs/fmb_wrist_v4_improvement/wrist_1/predictions_and_projections.npz,.npz,115887
runs/fmb_wrist_v4_improvement/wrist_1/provisional_policy_metrics.json,.json,17105
runs/fmb_wrist_v4_improvement/wrist_1/provisional_policy_predictions_and_projections.npz,.npz,63923
runs/fmb_wrist_v4_improvement/wrist_1/provisional_robot_metrics.json,.json,13779
runs/fmb_wrist_v4_improvement/wrist_1/provisional_robot_predictions_and_projections.npz,.npz,49722
runs/fmb_wrist_v4_improvement/wrist_1/robot_attached_forecast_15hz.npy,.npy,8768
runs/fmb_wrist_v4_improvement/wrist_1/selected_motion_policy_15hz.npy,.npy,8768
runs/fmb_wrist_v4_improvement/wrist_1/selected_motion_policy_v2_15hz.npy,.npy,8768
runs/fmb_wrist_v4_improvement/wrist_1/variants/H1_native/future_3d.npy,.npy,9344
runs/fmb_wrist_v4_improvement/wrist_1/variants/H1_native/group_00/anchor.npy,.npy,140
runs/fmb_wrist_v4_improvement/wrist_1/variants/H1_native/group_00/decoded_prompt.txt,.txt,1196
runs/fmb_wrist_v4_improvement/wrist_1/variants/H1_native/group_00/future_3d.npy,.npy,3200
runs/fmb_wrist_v4_improvement/wrist_1/variants/H1_native/group_00/input_ids.npy,.npy,2016
runs/fmb_wrist_v4_improvement/wrist_1/variants/H1_native/group_00/model_run.json,.json,1235
runs/fmb_wrist_v4_improvement/wrist_1/variants/H1_native/group_00/processor_inputs.pt,.pt,445638
runs/fmb_wrist_v4_improvement/wrist_1/variants/H1_native/group_00/raw_model_output.txt,.txt,3159
runs/fmb_wrist_v4_improvement/wrist_1/variants/H1_native/group_01/anchor.npy,.npy,140
runs/fmb_wrist_v4_improvement/wrist_1/variants/H1_native/group_01/decoded_prompt.txt,.txt,1196
runs/fmb_wrist_v4_improvement/wrist_1/variants/H1_native/group_01/future_3d.npy,.npy,3200
runs/fmb_wrist_v4_improvement/wrist_1/variants/H1_native/group_01/input_ids.npy,.npy,2040
runs/fmb_wrist_v4_improvement/wrist_1/variants/H1_native/group_01/model_run.json,.json,1235
runs/fmb_wrist_v4_improvement/wrist_1/variants/H1_native/group_01/processor_inputs.pt,.pt,445894
runs/fmb_wrist_v4_improvement/wrist_1/variants/H1_native/group_01/raw_model_output.txt,.txt,2887
runs/fmb_wrist_v4_improvement/wrist_1/variants/H1_native/group_02/anchor.npy,.npy,140
runs/fmb_wrist_v4_improvement/wrist_1/variants/H1_native/group_02/decoded_prompt.txt,.txt,1197
runs/fmb_wrist_v4_improvement/wrist_1/variants/H1_native/group_02/future_3d.npy,.npy,3200
runs/fmb_wrist_v4_improvement/wrist_1/variants/H1_native/group_02/input_ids.npy,.npy,1984
runs/fmb_wrist_v4_improvement/wrist_1/variants/H1_native/group_02/model_run.json,.json,1231
runs/fmb_wrist_v4_improvement/wrist_1/variants/H1_native/group_02/processor_inputs.pt,.pt,445638
runs/fmb_wrist_v4_improvement/wrist_1/variants/H1_native/group_02/raw_model_output.txt,.txt,3335
runs/fmb_wrist_v4_improvement/wrist_1/variants/H1_native/history_rgb.npy,.npy,196736
runs/fmb_wrist_v4_improvement/wrist_1/variants/H1_native/history_xyz.npy,.npy,416
runs/fmb_wrist_v4_improvement/wrist_1/variants/H1_native/input_spec.json,.json,859
runs/fmb_wrist_v4_improvement/wrist_1/variants/H1_native/model_run.json,.json,4173
runs/fmb_wrist_v4_improvement/wrist_1/variants/H1_native/point_ids.npy,.npy,320
runs/fmb_wrist_v4_improvement/wrist_1/variants/H1_native/query_uv.npy,.npy,320
runs/fmb_wrist_v4_improvement/wrist_1/variants/H3_rigid_observed/future_3d.npy,.npy,8768
runs/fmb_wrist_v4_improvement/wrist_1/variants/H3_rigid_observed/group_00/anchor.npy,.npy,140
runs/fmb_wrist_v4_improvement/wrist_1/variants/H3_rigid_observed/group_00/decoded_prompt.txt,.txt,3011
runs/fmb_wrist_v4_improvement/wrist_1/variants/H3_rigid_observed/group_00/future_3d.npy,.npy,3008
runs/fmb_wrist_v4_improvement/wrist_1/variants/H3_rigid_observed/group_00/input_ids.npy,.npy,4664
runs/fmb_wrist_v4_improvement/wrist_1/variants/H3_rigid_observed/group_00/model_run.json,.json,1242
runs/fmb_wrist_v4_improvement/wrist_1/variants/H3_rigid_observed/group_00/processor_inputs.pt,.pt,1325382
runs/fmb_wrist_v4_improvement/wrist_1/variants/H3_rigid_observed/group_00/raw_model_output.txt,.txt,3433
runs/fmb_wrist_v4_improvement/wrist_1/variants/H3_rigid_observed/group_01/anchor.npy,.npy,140
runs/fmb_wrist_v4_improvement/wrist_1/variants/H3_rigid_observed/group_01/decoded_prompt.txt,.txt,3014
runs/fmb_wrist_v4_improvement/wrist_1/variants/H3_rigid_observed/group_01/future_3d.npy,.npy,3008
runs/fmb_wrist_v4_improvement/wrist_1/variants/H3_rigid_observed/group_01/input_ids.npy,.npy,4768
runs/fmb_wrist_v4_improvement/wrist_1/variants/H3_rigid_observed/group_01/model_run.json,.json,1241
runs/fmb_wrist_v4_improvement/wrist_1/variants/H3_rigid_observed/group_01/processor_inputs.pt,.pt,1325638
runs/fmb_wrist_v4_improvement/wrist_1/variants/H3_rigid_observed/group_01/raw_model_output.txt,.txt,2942
runs/fmb_wrist_v4_improvement/wrist_1/variants/H3_rigid_observed/group_02/anchor.npy,.npy,140
runs/fmb_wrist_v4_improvement/wrist_1/variants/H3_rigid_observed/group_02/decoded_prompt.txt,.txt,3020
runs/fmb_wrist_v4_improvement/wrist_1/variants/H3_rigid_observed/group_02/future_3d.npy,.npy,3008
runs/fmb_wrist_v4_improvement/wrist_1/variants/H3_rigid_observed/group_02/input_ids.npy,.npy,4656
runs/fmb_wrist_v4_improvement/wrist_1/variants/H3_rigid_observed/group_02/model_run.json,.json,1241
runs/fmb_wrist_v4_improvement/wrist_1/variants/H3_rigid_observed/group_02/processor_inputs.pt,.pt,1325126
runs/fmb_wrist_v4_improvement/wrist_1/variants/H3_rigid_observed/group_02/raw_model_output.txt,.txt,3089
runs/fmb_wrist_v4_improvement/wrist_1/variants/H3_rigid_observed/history_rgb.npy,.npy,589952
runs/fmb_wrist_v4_improvement/wrist_1/variants/H3_rigid_observed/history_xyz.npy,.npy,992
runs/fmb_wrist_v4_improvement/wrist_1/variants/H3_rigid_observed/input_spec.json,.json,928
runs/fmb_wrist_v4_improvement/wrist_1/variants/H3_rigid_observed/model_run.json,.json,4196
runs/fmb_wrist_v4_improvement/wrist_1/variants/H3_rigid_observed/point_ids.npy,.npy,320
runs/fmb_wrist_v4_improvement/wrist_1/variants/H3_rigid_observed/query_uv.npy,.npy,320
runs/fmb_wrist_v4_improvement/wrist_1/viz/comparison_01.png,.png,463023
runs/fmb_wrist_v4_improvement/wrist_1/viz/comparison_10.png,.png,492346
runs/fmb_wrist_v4_improvement/wrist_1/viz/comparison_20.png,.png,514444
runs/fmb_wrist_v4_improvement/wrist_1/viz/errors.png,.png,184798
runs/fmb_wrist_v4_improvement/wrist_1/viz/forecast_comparison.mp4,.mp4,1128112
runs/fmb_wrist_v4_improvement/wrist_1/viz/full_neural_outputs.png,.png,296169
runs/fmb_wrist_v4_improvement/wrist_1/viz/provisional_robot_comparison_01.png,.png,230103
runs/fmb_wrist_v4_improvement/wrist_1/viz/provisional_robot_comparison_10.png,.png,244138
runs/fmb_wrist_v4_improvement/wrist_1/viz/provisional_robot_comparison_20.png,.png,252796
runs/fmb_wrist_v4_improvement/wrist_1/viz/provisional_robot_errors.png,.png,127869
runs/fmb_wrist_v4_improvement/wrist_1/viz/provisional_robot_forecast_comparison.mp4,.mp4,553688
runs/fmb_wrist_v4_improvement/wrist_2/calibration_ranking_sensitivity.json,.json,112870
runs/fmb_wrist_v4_improvement/wrist_2/denoised_rigid_H3.npy,.npy,992
runs/fmb_wrist_v4_improvement/wrist_2/hybrid_correction.npy,.npy,608
runs/fmb_wrist_v4_improvement/wrist_2/metrics.json,.json,30270
runs/fmb_wrist_v4_improvement/wrist_2/observed_reference.npz,.npz,34594
runs/fmb_wrist_v4_improvement/wrist_2/predictions_and_projections.npz,.npz,104125
runs/fmb_wrist_v4_improvement/wrist_2/provisional_policy_metrics.json,.json,17079
runs/fmb_wrist_v4_improvement/wrist_2/provisional_policy_predictions_and_projections.npz,.npz,58884
runs/fmb_wrist_v4_improvement/wrist_2/provisional_robot_metrics.json,.json,13764
runs/fmb_wrist_v4_improvement/wrist_2/provisional_robot_predictions_and_projections.npz,.npz,44883
runs/fmb_wrist_v4_improvement/wrist_2/robot_attached_forecast_15hz.npy,.npy,8768
runs/fmb_wrist_v4_improvement/wrist_2/selected_motion_policy_15hz.npy,.npy,8768
runs/fmb_wrist_v4_improvement/wrist_2/selected_motion_policy_v2_15hz.npy,.npy,8768
runs/fmb_wrist_v4_improvement/wrist_2/variants/H1_native/future_3d.npy,.npy,9344
runs/fmb_wrist_v4_improvement/wrist_2/variants/H1_native/group_00/anchor.npy,.npy,140
runs/fmb_wrist_v4_improvement/wrist_2/variants/H1_native/group_00/decoded_prompt.txt,.txt,1207
runs/fmb_wrist_v4_improvement/wrist_2/variants/H1_native/group_00/future_3d.npy,.npy,3200
runs/fmb_wrist_v4_improvement/wrist_2/variants/H1_native/group_00/input_ids.npy,.npy,2040
runs/fmb_wrist_v4_improvement/wrist_2/variants/H1_native/group_00/model_run.json,.json,1234
runs/fmb_wrist_v4_improvement/wrist_2/variants/H1_native/group_00/processor_inputs.pt,.pt,445894
runs/fmb_wrist_v4_improvement/wrist_2/variants/H1_native/group_00/raw_model_output.txt,.txt,3333
runs/fmb_wrist_v4_improvement/wrist_2/variants/H1_native/group_01/anchor.npy,.npy,140
runs/fmb_wrist_v4_improvement/wrist_2/variants/H1_native/group_01/decoded_prompt.txt,.txt,1192
runs/fmb_wrist_v4_improvement/wrist_2/variants/H1_native/group_01/future_3d.npy,.npy,3200
runs/fmb_wrist_v4_improvement/wrist_2/variants/H1_native/group_01/input_ids.npy,.npy,1968
runs/fmb_wrist_v4_improvement/wrist_2/variants/H1_native/group_01/model_run.json,.json,1235
runs/fmb_wrist_v4_improvement/wrist_2/variants/H1_native/group_01/processor_inputs.pt,.pt,445382
runs/fmb_wrist_v4_improvement/wrist_2/variants/H1_native/group_01/raw_model_output.txt,.txt,2801
runs/fmb_wrist_v4_improvement/wrist_2/variants/H1_native/group_02/anchor.npy,.npy,140
runs/fmb_wrist_v4_improvement/wrist_2/variants/H1_native/group_02/decoded_prompt.txt,.txt,1191
runs/fmb_wrist_v4_improvement/wrist_2/variants/H1_native/group_02/future_3d.npy,.npy,3200
runs/fmb_wrist_v4_improvement/wrist_2/variants/H1_native/group_02/input_ids.npy,.npy,1952
runs/fmb_wrist_v4_improvement/wrist_2/variants/H1_native/group_02/model_run.json,.json,1235
runs/fmb_wrist_v4_improvement/wrist_2/variants/H1_native/group_02/processor_inputs.pt,.pt,445382
runs/fmb_wrist_v4_improvement/wrist_2/variants/H1_native/group_02/raw_model_output.txt,.txt,2769
runs/fmb_wrist_v4_improvement/wrist_2/variants/H1_native/history_rgb.npy,.npy,196736
runs/fmb_wrist_v4_improvement/wrist_2/variants/H1_native/history_xyz.npy,.npy,416
runs/fmb_wrist_v4_improvement/wrist_2/variants/H1_native/input_spec.json,.json,859
runs/fmb_wrist_v4_improvement/wrist_2/variants/H1_native/model_run.json,.json,4176
runs/fmb_wrist_v4_improvement/wrist_2/variants/H1_native/point_ids.npy,.npy,320
runs/fmb_wrist_v4_improvement/wrist_2/variants/H1_native/query_uv.npy,.npy,320
runs/fmb_wrist_v4_improvement/wrist_2/variants/H3_rigid_observed/future_3d.npy,.npy,8768
runs/fmb_wrist_v4_improvement/wrist_2/variants/H3_rigid_observed/group_00/anchor.npy,.npy,140
runs/fmb_wrist_v4_improvement/wrist_2/variants/H3_rigid_observed/group_00/decoded_prompt.txt,.txt,3041
runs/fmb_wrist_v4_improvement/wrist_2/variants/H3_rigid_observed/group_00/future_3d.npy,.npy,3008
runs/fmb_wrist_v4_improvement/wrist_2/variants/H3_rigid_observed/group_00/input_ids.npy,.npy,4760
runs/fmb_wrist_v4_improvement/wrist_2/variants/H3_rigid_observed/group_00/model_run.json,.json,1211
runs/fmb_wrist_v4_improvement/wrist_2/variants/H3_rigid_observed/group_00/processor_inputs.pt,.pt,1325638
runs/fmb_wrist_v4_improvement/wrist_2/variants/H3_rigid_observed/group_00/raw_model_output.txt,.txt,3131
runs/fmb_wrist_v4_improvement/wrist_2/variants/H3_rigid_observed/group_01/anchor.npy,.npy,140
runs/fmb_wrist_v4_improvement/wrist_2/variants/H3_rigid_observed/group_01/decoded_prompt.txt,.txt,3019
runs/fmb_wrist_v4_improvement/wrist_2/variants/H3_rigid_observed/group_01/future_3d.npy,.npy,3008
runs/fmb_wrist_v4_improvement/wrist_2/variants/H3_rigid_observed/group_01/input_ids.npy,.npy,4584
runs/fmb_wrist_v4_improvement/wrist_2/variants/H3_rigid_observed/group_01/model_run.json,.json,1215
runs/fmb_wrist_v4_improvement/wrist_2/variants/H3_rigid_observed/group_01/processor_inputs.pt,.pt,1324870
runs/fmb_wrist_v4_improvement/wrist_2/variants/H3_rigid_observed/group_01/raw_model_output.txt,.txt,2981
runs/fmb_wrist_v4_improvement/wrist_2/variants/H3_rigid_observed/group_02/anchor.npy,.npy,140
runs/fmb_wrist_v4_improvement/wrist_2/variants/H3_rigid_observed/group_02/decoded_prompt.txt,.txt,3014
runs/fmb_wrist_v4_improvement/wrist_2/variants/H3_rigid_observed/group_02/future_3d.npy,.npy,3008
runs/fmb_wrist_v4_improvement/wrist_2/variants/H3_rigid_observed/group_02/input_ids.npy,.npy,4600
runs/fmb_wrist_v4_improvement/wrist_2/variants/H3_rigid_observed/group_02/model_run.json,.json,1215
runs/fmb_wrist_v4_improvement/wrist_2/variants/H3_rigid_observed/group_02/processor_inputs.pt,.pt,1325126
runs/fmb_wrist_v4_improvement/wrist_2/variants/H3_rigid_observed/group_02/raw_model_output.txt,.txt,2681
runs/fmb_wrist_v4_improvement/wrist_2/variants/H3_rigid_observed/history_rgb.npy,.npy,589952
runs/fmb_wrist_v4_improvement/wrist_2/variants/H3_rigid_observed/history_xyz.npy,.npy,992
runs/fmb_wrist_v4_improvement/wrist_2/variants/H3_rigid_observed/input_spec.json,.json,928
runs/fmb_wrist_v4_improvement/wrist_2/variants/H3_rigid_observed/model_run.json,.json,4101
runs/fmb_wrist_v4_improvement/wrist_2/variants/H3_rigid_observed/point_ids.npy,.npy,320
runs/fmb_wrist_v4_improvement/wrist_2/variants/H3_rigid_observed/query_uv.npy,.npy,320
runs/fmb_wrist_v4_improvement/wrist_2/viz/comparison_01.png,.png,497434
runs/fmb_wrist_v4_improvement/wrist_2/viz/comparison_10.png,.png,508301
runs/fmb_wrist_v4_improvement/wrist_2/viz/comparison_20.png,.png,534018
runs/fmb_wrist_v4_improvement/wrist_2/viz/errors.png,.png,158124
runs/fmb_wrist_v4_improvement/wrist_2/viz/forecast_comparison.mp4,.mp4,1288293
runs/fmb_wrist_v4_improvement/wrist_2/viz/full_neural_outputs.png,.png,162929
runs/fmb_wrist_v4_improvement/wrist_2/viz/provisional_robot_comparison_01.png,.png,247395
runs/fmb_wrist_v4_improvement/wrist_2/viz/provisional_robot_comparison_10.png,.png,252895
runs/fmb_wrist_v4_improvement/wrist_2/viz/provisional_robot_comparison_20.png,.png,265570
runs/fmb_wrist_v4_improvement/wrist_2/viz/provisional_robot_errors.png,.png,122127
runs/fmb_wrist_v4_improvement/wrist_2/viz/provisional_robot_forecast_comparison.mp4,.mp4,641649
runs/plex_dobbe_preflight/dobbe_3651_camera_pose_probe.json,.json,14860
runs/plex_dobbe_preflight/dobbe_3651_cup_rgb_depth_alignment.json,.json,4925
runs/plex_dobbe_preflight/dobbe_3651_effective_k_fit.json,.json,3147
runs/plex_dobbe_preflight/dobbe_3651_joint_calibration_stress.json,.json,3099
runs/plex_dobbe_preflight/dobbe_3651_lerobot_receipt.json,.json,748
runs/plex_dobbe_preflight/dobbe_3651_recovered_audit.json,.json,2662
runs/plex_dobbe_preflight/dobbe_3651_rgb_depth_frame0.png,.png,198381
runs/plex_dobbe_preflight/dobbe_3651_rgb_depth_sheet.jpg,.jpg,166082
runs/plex_dobbe_preflight/dobbe_3651_rgbd_receipt.json,.json,948
runs/plex_dobbe_preflight/dobbe_3651_rgbd_self_calibration.json,.json,5270
runs/plex_dobbe_preflight/dobbe_3651_source_match.json,.json,1642
runs/plex_dobbe_preflight/dobbe_depth_delivery_probe.json,.json,1215
runs/plex_dobbe_preflight/dobbe_depth_nested_index.json,.json,7492279
runs/plex_dobbe_preflight/dobbe_r3d_files.txt,.txt,429211
runs/plex_dobbe_preflight/dobbe_rgb_archive_inventory.json,.json,654
runs/plex_dobbe_preflight/dobbe_rgbd_sample/compressed_np_depth_float32.bin,.bin,6923889
runs/plex_dobbe_preflight/dobbe_rgbd_sample/compressed_video_h264.mp4,.mp4,63422
runs/plex_dobbe_preflight/dobbe_rgbd_sample/labels.json,.json,27180
runs/plex_dobbe_preflight/dobbe_rgbd_sample_audit.json,.json,749
runs/plex_dobbe_preflight/dobbe_rgbd_sample_frame0.png,.png,135299
runs/plex_dobbe_preflight/dobbe_rgbd_sample_receipt.json,.json,721
runs/plex_dobbe_preflight/lerobot_episode_003651_sheet.jpg,.jpg,192939
runs/plex_dobbe_preflight/plex_asset_receipt.json,.json,9383
runs/plex_dobbe_preflight/plex_cereal_hdf5_audit.json,.json,118216
runs/plex_dobbe_preflight/plex_cereal_state_geometry.json,.json,57150
runs/plex_dobbe_preflight/sharerobot_candidate_rows.json,.json,6640
runs/preview_from_bundled_prediction.mp4,.mp4,90865
runs/second_episode_geometry/candidate_images/frame_108.png,.png,377856
runs/second_episode_geometry/candidate_images/frame_108_overlay.png,.png,378277
runs/second_episode_geometry/candidate_images/frame_109.png,.png,378617
runs/second_episode_geometry/candidate_images/frame_109_overlay.png,.png,379268
runs/second_episode_geometry/candidate_images/frame_110.png,.png,377093
runs/second_episode_geometry/candidate_images/frame_110_overlay.png,.png,377692
runs/second_episode_geometry/candidate_images/frame_140.png,.png,385010
runs/second_episode_geometry/candidate_images/frame_140_overlay.png,.png,385483
runs/second_episode_geometry/candidate_images/selected_frame_110.png,.png,377093
runs/second_episode_geometry/candidate_images/selected_frame_110_overlay.png,.png,378898
runs/second_episode_geometry/candidate_images/selected_frame_111.png,.png,376645
runs/second_episode_geometry/candidate_images/selected_frame_111_overlay.png,.png,378428
runs/second_episode_geometry/candidate_images/selected_frame_112.png,.png,376674
runs/second_episode_geometry/candidate_images/selected_frame_112_overlay.png,.png,378441
runs/second_episode_geometry/candidate_images/selected_frame_113.png,.png,378476
runs/second_episode_geometry/candidate_images/selected_frame_113_overlay.png,.png,380284
runs/second_episode_geometry/candidate_images/selected_frame_142.png,.png,383386
runs/second_episode_geometry/candidate_images/selected_frame_142_overlay.png,.png,384614
runs/second_episode_geometry/check_candidate.py,.py,3308
runs/second_episode_geometry/decode.py,.py,1193
runs/second_episode_geometry/episode.npz,.npz,21419
runs/second_episode_geometry/error_arrays.npz,.npz,45591
runs/second_episode_geometry/error_by_horizon.png,.png,137157
runs/second_episode_geometry/evaluate.py,.py,14846
runs/second_episode_geometry/fetch.py,.py,2969
runs/second_episode_geometry/frame_mapping.csv,.csv,4577
runs/second_episode_geometry/frames/frame_110.jpg,.jpg,86315
runs/second_episode_geometry/frames/frame_111.jpg,.jpg,86204
runs/second_episode_geometry/frames/frame_112.jpg,.jpg,86158
runs/second_episode_geometry/frames/frame_113.jpg,.jpg,86868
runs/second_episode_geometry/frames/frame_114.jpg,.jpg,87276
runs/second_episode_geometry/frames/frame_115.jpg,.jpg,88139
runs/second_episode_geometry/frames/frame_116.jpg,.jpg,88857
runs/second_episode_geometry/frames/frame_117.jpg,.jpg,89181
runs/second_episode_geometry/frames/frame_118.jpg,.jpg,89326
runs/second_episode_geometry/frames/frame_119.jpg,.jpg,89550
runs/second_episode_geometry/frames/frame_120.jpg,.jpg,89749
runs/second_episode_geometry/frames/frame_121.jpg,.jpg,89655
runs/second_episode_geometry/frames/frame_122.jpg,.jpg,89752
runs/second_episode_geometry/frames/frame_123.jpg,.jpg,90971
runs/second_episode_geometry/frames/frame_124.jpg,.jpg,90685
runs/second_episode_geometry/frames/frame_125.jpg,.jpg,90734
runs/second_episode_geometry/frames/frame_126.jpg,.jpg,90643
runs/second_episode_geometry/frames/frame_127.jpg,.jpg,90374
runs/second_episode_geometry/frames/frame_128.jpg,.jpg,90989
runs/second_episode_geometry/frames/frame_129.jpg,.jpg,91146
runs/second_episode_geometry/frames/frame_130.jpg,.jpg,90868
runs/second_episode_geometry/frames/frame_131.jpg,.jpg,90689
runs/second_episode_geometry/frames/frame_132.jpg,.jpg,91099
runs/second_episode_geometry/frames/frame_133.jpg,.jpg,90983
runs/second_episode_geometry/frames/frame_134.jpg,.jpg,90951
runs/second_episode_geometry/frames/frame_135.jpg,.jpg,91179
runs/second_episode_geometry/frames/frame_136.jpg,.jpg,91522
runs/second_episode_geometry/frames/frame_137.jpg,.jpg,91411
runs/second_episode_geometry/frames/frame_138.jpg,.jpg,91326
runs/second_episode_geometry/frames/frame_139.jpg,.jpg,91276
runs/second_episode_geometry/frames/frame_140.jpg,.jpg,90845
runs/second_episode_geometry/frames/frame_141.jpg,.jpg,90742
runs/second_episode_geometry/frames/frame_142.jpg,.jpg,90321
runs/second_episode_geometry/future_overlays.png,.png,3231233
runs/second_episode_geometry/history_projections.png,.png,3389555
runs/second_episode_geometry/input_frames.png,.png,1785000
runs/second_episode_geometry/inspect_source.py,.py,808
runs/second_episode_geometry/inspect_worldtrack_index.py,.py,667
runs/second_episode_geometry/metrics.json,.json,11522
runs/second_episode_geometry/model_output_A_raw.txt,.txt,3023
runs/second_episode_geometry/model_output_B_raw.txt,.txt,3273
runs/second_episode_geometry/prediction_A.npz,.npz,5774
runs/second_episode_geometry/prediction_B.npz,.npz,9492
runs/second_episode_geometry/preflight.json,.json,5103
runs/second_episode_geometry/prepare.py,.py,12478
runs/second_episode_geometry/probe_remote_tar.py,.py,1856
runs/second_episode_geometry/probe_shards.py,.py,938
runs/second_episode_geometry/processor_A.pt,.pt,1325893
runs/second_episode_geometry/processor_B.pt,.pt,1325893
runs/second_episode_geometry/processor_images.png,.png,649106
runs/second_episode_geometry/projection_history.json,.json,3341
runs/second_episode_geometry/prompt_A.txt,.txt,3069
runs/second_episode_geometry/prompt_B.txt,.txt,3044
runs/second_episode_geometry/run.py,.py,6249
runs/second_episode_geometry/run_status.json,.json,3979
runs/second_episode_geometry/source/adt_drive.html,.html,819807
runs/second_episode_geometry/source/Apartment_release_clean_seq131_0.npz,.npz,33815492
runs/second_episode_geometry/source/camera_first.bin,.bin,131072
runs/second_episode_geometry/source/egodex_readme.md,.md,3935
runs/second_episode_geometry/source/reconstruct_worldtrack.py,.py,6056
runs/second_episode_geometry/source/worldtrack_drive.html,.html,340827
runs/second_episode_geometry/source/worldtrack_index_map.json,.json,68124748
runs/second_episode_geometry/trajectories_common_3d.png,.png,752721
runs/sharerobot_fmb_episode_5201/1_M_L_3_vertical_n_2.npy,.npy,194093135
runs/sharerobot_fmb_episode_5201/cad_history_candidate/frame_130.png,.png,93845
runs/sharerobot_fmb_episode_5201/cad_history_candidate/frame_130_points.png,.png,460013
runs/sharerobot_fmb_episode_5201/cad_history_candidate/frame_135.png,.png,89716
runs/sharerobot_fmb_episode_5201/cad_history_candidate/frame_135_points.png,.png,437734
runs/sharerobot_fmb_episode_5201/cad_history_candidate/frame_140.png,.png,85182
runs/sharerobot_fmb_episode_5201/cad_history_candidate/frame_140_points.png,.png,416466
runs/sharerobot_fmb_episode_5201/cad_history_candidate/manifest.json,.json,7757
runs/sharerobot_fmb_episode_5201/cad_history_candidate/molmo_candidate_future.npy,.npy,3008
runs/sharerobot_fmb_episode_5201/cad_history_candidate/molmo_candidate_output_raw.txt,.txt,2621
runs/sharerobot_fmb_episode_5201/cad_history_candidate/molmo_candidate_status.json,.json,790
runs/sharerobot_fmb_episode_5201/cad_history_candidate/molmo_candidate_validation.json,.json,447
runs/sharerobot_fmb_episode_5201/cad_history_candidate/points_2d_at_t0_candidate.npy,.npy,192
runs/sharerobot_fmb_episode_5201/cad_history_candidate/points_3d_history_candidate.npy,.npy,416
runs/sharerobot_fmb_episode_5201/cad_history_candidate/sensor_cad_comparison.json,.json,14588
runs/sharerobot_fmb_episode_5201/cad_history_candidate/sensor_history_candidate.npy,.npy,416
runs/sharerobot_fmb_episode_5201/cad_pnp_focal_depth_sweep.json,.json,13232
runs/sharerobot_fmb_episode_5201/cad_pnp_history_candidate.npy,.npy,416
runs/sharerobot_fmb_episode_5201/cad_pnp_history_joint_candidate.npy,.npy,416
runs/sharerobot_fmb_episode_5201/cad_pnp_local_sensitivity.json,.json,7778
runs/sharerobot_fmb_episode_5201/cad_pnp_overlay_130.png,.png,459107
runs/sharerobot_fmb_episode_5201/cad_pnp_overlay_135.png,.png,436697
runs/sharerobot_fmb_episode_5201/cad_pnp_overlay_140.png,.png,415329
runs/sharerobot_fmb_episode_5201/cad_pnp_probe.json,.json,30839
runs/sharerobot_fmb_episode_5201/cad_scale_check.json,.json,5101
runs/sharerobot_fmb_episode_5201/camera_motion_0_147.png,.png,185838
runs/sharerobot_fmb_episode_5201/camera_motion_0_37.png,.png,190277
runs/sharerobot_fmb_episode_5201/camera_motion_110_147.png,.png,180779
runs/sharerobot_fmb_episode_5201/camera_motion_37_74.png,.png,190714
runs/sharerobot_fmb_episode_5201/camera_motion_74_110.png,.png,187152
runs/sharerobot_fmb_episode_5201/camera_motion_check.json,.json,1299
runs/sharerobot_fmb_episode_5201/camera_motion_check_extended.json,.json,3286
runs/sharerobot_fmb_episode_5201/candidate_rlds_5201/image_side_1_000.jpg,.jpg,21261
runs/sharerobot_fmb_episode_5201/candidate_rlds_5201/image_side_1_037.jpg,.jpg,21539
runs/sharerobot_fmb_episode_5201/candidate_rlds_5201/image_side_1_074.jpg,.jpg,21159
runs/sharerobot_fmb_episode_5201/candidate_rlds_5201/image_side_1_111.jpg,.jpg,19991
runs/sharerobot_fmb_episode_5201/candidate_rlds_5201/image_side_1_147.jpg,.jpg,19686
runs/sharerobot_fmb_episode_5201/candidate_rlds_5201/image_side_2_000.jpg,.jpg,20710
runs/sharerobot_fmb_episode_5201/candidate_rlds_5201/image_side_2_037.jpg,.jpg,20419
runs/sharerobot_fmb_episode_5201/candidate_rlds_5201/image_side_2_074.jpg,.jpg,20107
runs/sharerobot_fmb_episode_5201/candidate_rlds_5201/image_side_2_111.jpg,.jpg,18577
runs/sharerobot_fmb_episode_5201/candidate_rlds_5201/image_side_2_147.jpg,.jpg,18781
runs/sharerobot_fmb_episode_5201/candidate_rlds_5201/image_wrist_1_000.jpg,.jpg,19586
runs/sharerobot_fmb_episode_5201/candidate_rlds_5201/image_wrist_1_037.jpg,.jpg,17970
runs/sharerobot_fmb_episode_5201/candidate_rlds_5201/image_wrist_1_074.jpg,.jpg,16744
runs/sharerobot_fmb_episode_5201/candidate_rlds_5201/image_wrist_1_111.jpg,.jpg,21046
runs/sharerobot_fmb_episode_5201/candidate_rlds_5201/image_wrist_1_147.jpg,.jpg,21537
runs/sharerobot_fmb_episode_5201/candidate_rlds_5201/image_wrist_2_000.jpg,.jpg,21416
runs/sharerobot_fmb_episode_5201/candidate_rlds_5201/image_wrist_2_037.jpg,.jpg,19652
runs/sharerobot_fmb_episode_5201/candidate_rlds_5201/image_wrist_2_074.jpg,.jpg,19804
runs/sharerobot_fmb_episode_5201/candidate_rlds_5201/image_wrist_2_111.jpg,.jpg,22185
runs/sharerobot_fmb_episode_5201/candidate_rlds_5201/image_wrist_2_147.jpg,.jpg,24105
runs/sharerobot_fmb_episode_5201/candidate_rlds_5201/rlds_record_summary.json,.json,7576
runs/sharerobot_fmb_episode_5201/candidate_rlds_5201_record.bin,.bin,167302474
runs/sharerobot_fmb_episode_5201/depth_calibration_check.json,.json,4868
runs/sharerobot_fmb_episode_5201/effective_k_bundle_probe.json,.json,36256
runs/sharerobot_fmb_episode_5201/effective_k_landmark_overlay.png,.png,1410077
runs/sharerobot_fmb_episode_5201/effective_k_rounded_cad_history_candidates.npz,.npz,26741
runs/sharerobot_fmb_episode_5201/effective_k_rounded_cad_history_uncertainty.json,.json,3527
runs/sharerobot_fmb_episode_5201/effective_k_rounded_cad_rigid_probe.json,.json,24838
runs/sharerobot_fmb_episode_5201/effective_k_rounded_cad_silhouette.json,.json,25968
runs/sharerobot_fmb_episode_5201/effective_k_rounded_cad_silhouette_overlay.png,.png,1412141
runs/sharerobot_fmb_episode_5201/fmb_materials_official.xlsx,.xlsx,2006820
runs/sharerobot_fmb_episode_5201/fmb_reference_code/.git/config,,305
runs/sharerobot_fmb_episode_5201/fmb_reference_code/.git/description,,73
runs/sharerobot_fmb_episode_5201/fmb_reference_code/.git/FETCH_HEAD,,96
runs/sharerobot_fmb_episode_5201/fmb_reference_code/.git/HEAD,,21
runs/sharerobot_fmb_episode_5201/fmb_reference_code/.git/hooks/applypatch-msg.sample,.sample,478
runs/sharerobot_fmb_episode_5201/fmb_reference_code/.git/hooks/commit-msg.sample,.sample,1972
runs/sharerobot_fmb_episode_5201/fmb_reference_code/.git/hooks/fsmonitor-watchman.sample,.sample,4611
runs/sharerobot_fmb_episode_5201/fmb_reference_code/.git/hooks/post-update.sample,.sample,189
runs/sharerobot_fmb_episode_5201/fmb_reference_code/.git/hooks/pre-applypatch.sample,.sample,424
runs/sharerobot_fmb_episode_5201/fmb_reference_code/.git/hooks/pre-commit.sample,.sample,1649
runs/sharerobot_fmb_episode_5201/fmb_reference_code/.git/hooks/pre-merge-commit.sample,.sample,416
runs/sharerobot_fmb_episode_5201/fmb_reference_code/.git/hooks/pre-push.sample,.sample,1374
runs/sharerobot_fmb_episode_5201/fmb_reference_code/.git/hooks/pre-rebase.sample,.sample,4898
runs/sharerobot_fmb_episode_5201/fmb_reference_code/.git/hooks/pre-receive.sample,.sample,544
runs/sharerobot_fmb_episode_5201/fmb_reference_code/.git/hooks/prepare-commit-msg.sample,.sample,1492
runs/sharerobot_fmb_episode_5201/fmb_reference_code/.git/hooks/push-to-checkout.sample,.sample,2783
runs/sharerobot_fmb_episode_5201/fmb_reference_code/.git/hooks/sendemail-validate.sample,.sample,2308
runs/sharerobot_fmb_episode_5201/fmb_reference_code/.git/hooks/update.sample,.sample,3650
runs/sharerobot_fmb_episode_5201/fmb_reference_code/.git/index,,11671
runs/sharerobot_fmb_episode_5201/fmb_reference_code/.git/info/exclude,,240
runs/sharerobot_fmb_episode_5201/fmb_reference_code/.git/logs/HEAD,,186
runs/sharerobot_fmb_episode_5201/fmb_reference_code/.git/logs/refs/heads/main,,186
runs/sharerobot_fmb_episode_5201/fmb_reference_code/.git/logs/refs/remotes/origin/HEAD,,186
runs/sharerobot_fmb_episode_5201/fmb_reference_code/.git/objects/09/0cd938fedb6d6b38067cf73667f233c123b695,,170
runs/sharerobot_fmb_episode_5201/fmb_reference_code/.git/objects/0d/1ada7cfe0754dd432fb0011c8a8ca4a034176b,,262
runs/sharerobot_fmb_episode_5201/fmb_reference_code/.git/objects/12/36cc1025ac04465f1fef770d625bbdccd03d31,,60
runs/sharerobot_fmb_episode_5201/fmb_reference_code/.git/objects/13/ec1b6a3afa6a636c92a74fbb161b5af7abad5f,,154
runs/sharerobot_fmb_episode_5201/fmb_reference_code/.git/objects/13/fc3ded465e360a85120f6f1c891b320758deaa,,638
runs/sharerobot_fmb_episode_5201/fmb_reference_code/.git/objects/16/d6b95ba17df85759bd7b2b03b41d9b884b2dd0,,262
runs/sharerobot_fmb_episode_5201/fmb_reference_code/.git/objects/1b/ee6bfd685f040a3b90a5d9dfcc0791ebaa679b,,3547
runs/sharerobot_fmb_episode_5201/fmb_reference_code/.git/objects/20/2d9b9e62bdfc3d9049b1ad83c360a1cc5c1e4d,,842
runs/sharerobot_fmb_episode_5201/fmb_reference_code/.git/objects/23/7b689e73b5ef5109b9177823ab11190aaa4e42,,435
runs/sharerobot_fmb_episode_5201/fmb_reference_code/.git/objects/24/0f386c8380d1ffcbffac6090de8d94d02257df,,4499
runs/sharerobot_fmb_episode_5201/fmb_reference_code/.git/objects/24/9135f883810c126bc0c945713ef6a44f470519,,767
runs/sharerobot_fmb_episode_5201/fmb_reference_code/.git/objects/26/85f95c19b44a708286aa82ac0e31a9705d8e1b,,344
runs/sharerobot_fmb_episode_5201/fmb_reference_code/.git/objects/26/96a179814a63853ab0479f9574840e96a001c2,,172
runs/sharerobot_fmb_episode_5201/fmb_reference_code/.git/objects/27/4d0b9edf643f25d116fcd2a1e7544ff1d760a6,,3827
runs/sharerobot_fmb_episode_5201/fmb_reference_code/.git/objects/2a/1850db6c27fc4ca9ca22095485dab0e35c421d,,245
runs/sharerobot_fmb_episode_5201/fmb_reference_code/.git/objects/2a/9c098395bbf202e6458c0ca6adbdb09967f2ae,,130
runs/sharerobot_fmb_episode_5201/fmb_reference_code/.git/objects/2c/0c8ab1b5dce48eed24189f3b41b0274a16443c,,435
runs/sharerobot_fmb_episode_5201/fmb_reference_code/.git/objects/30/1d0410452e34cb9c223c9e84e78e8ebec9fcbf,,4597
runs/sharerobot_fmb_episode_5201/fmb_reference_code/.git/objects/30/fa22e57c52b9b03ba9682cc7e01bbdc48b2784,,130
runs/sharerobot_fmb_episode_5201/fmb_reference_code/.git/objects/33/45d08b59e4a938335b164d130a64ee4f7568ed,,257
runs/sharerobot_fmb_episode_5201/fmb_reference_code/.git/objects/39/6e8e7c70e5debd09de58f3a06d2cb9817731f0,,577
runs/sharerobot_fmb_episode_5201/fmb_reference_code/.git/objects/3b/5fa60f99849ab64f55ec5732f6bd7bb714be9f,,1049
runs/sharerobot_fmb_episode_5201/fmb_reference_code/.git/objects/40/a7d46bc05841d1476d83ebc643f7ddf53de1b0,,251
runs/sharerobot_fmb_episode_5201/fmb_reference_code/.git/objects/41/6593ceda6439cc8a33a33397ba7a5d291558ee,,658
runs/sharerobot_fmb_episode_5201/fmb_reference_code/.git/objects/45/2b0242321fc0d291added82dc76aa95f735965,,218
runs/sharerobot_fmb_episode_5201/fmb_reference_code/.git/objects/4a/cb53f9c256fd7c4cef8d879baf771332723ce4,,6437
runs/sharerobot_fmb_episode_5201/fmb_reference_code/.git/objects/4b/1ff9b7944287bc7a9339ab47775942d98b0cf9,,329
runs/sharerobot_fmb_episode_5201/fmb_reference_code/.git/objects/4b/d1847f93ae7a380feac11ce04f174d1605a748,,3356
runs/sharerobot_fmb_episode_5201/fmb_reference_code/.git/objects/4d/b1df8ad249fe6cc72f4519a859c117141d34ec,,154
runs/sharerobot_fmb_episode_5201/fmb_reference_code/.git/objects/51/e323d847210bce92e59b593472cf922cc83e06,,378
runs/sharerobot_fmb_episode_5201/fmb_reference_code/.git/objects/52/1bfa7e754bcbebb3d0dcb7c6a80a6f80fd7f27,,154
runs/sharerobot_fmb_episode_5201/fmb_reference_code/.git/objects/59/1ae2ccfada1c12f3b2d22da4a87673c9b03cae,,233
runs/sharerobot_fmb_episode_5201/fmb_reference_code/.git/objects/60/60206b8ef185385d441759742a3c3f5609e303,,3490
runs/sharerobot_fmb_episode_5201/fmb_reference_code/.git/objects/63/fc5c3eaf62f4285341ae12f1d98d671cd22ee4,,509
runs/sharerobot_fmb_episode_5201/fmb_reference_code/.git/objects/64/732199992623db153e54670b9d2b1296ba6133,,260
runs/sharerobot_fmb_episode_5201/fmb_reference_code/.git/objects/68/8c4f5953ffd7de2917d16d59423c0fc07ac0ff,,142
runs/sharerobot_fmb_episode_5201/fmb_reference_code/.git/objects/6e/07ed3dca7837d6bb20757a6ac6f73ead77fc7b,,122
runs/sharerobot_fmb_episode_5201/fmb_reference_code/.git/objects/6f/84478e7aaa41a3d31336d1b5591fce57ea99b3,,5571
runs/sharerobot_fmb_episode_5201/fmb_reference_code/.git/objects/71/3815a126d427697d7a105c3278a2e38e2dedd1,,132
runs/sharerobot_fmb_episode_5201/fmb_reference_code/.git/objects/71/6d4a9349585e6962a3b84dedb67a51b0f9f82a,,160
runs/sharerobot_fmb_episode_5201/fmb_reference_code/.git/objects/72/b9b8d965cb4b678c263081fc17f027a2bb526e,,4797
runs/sharerobot_fmb_episode_5201/fmb_reference_code/.git/objects/74/77f900fc65acb74d3422c02d912e1494afd0ad,,5743
runs/sharerobot_fmb_episode_5201/fmb_reference_code/.git/objects/75/1490d9a6b042d7e772a913a347fce709640838,,20
runs/sharerobot_fmb_episode_5201/fmb_reference_code/.git/objects/77/b16feffe72a73b7920f8286aade79f12b13e86,,1354
runs/sharerobot_fmb_episode_5201/fmb_reference_code/.git/objects/79/8df55e0cf4f617129447459c8cbb2c81056eec,,1795
runs/sharerobot_fmb_episode_5201/fmb_reference_code/.git/objects/79/c6b9f60aa245b30f9d3b5161bd59857d9bd6b3,,186
runs/sharerobot_fmb_episode_5201/fmb_reference_code/.git/objects/7a/74110d61e36cedc273ef36178d275745a6b903,,991
runs/sharerobot_fmb_episode_5201/fmb_reference_code/.git/objects/7c/4886fbf862d32a04a7212b20ab75ad818a98df,,249
runs/sharerobot_fmb_episode_5201/fmb_reference_code/.git/objects/7c/6625da34e02f400d5e085ac719868baf824eef,,190
runs/sharerobot_fmb_episode_5201/fmb_reference_code/.git/objects/7e/8b5ad4c7598740d173a4f4f5842b4eddb25e8c,,245
runs/sharerobot_fmb_episode_5201/fmb_reference_code/.git/objects/82/ccde4a0e1dc137922a5c669b6274753f97c9ea,,143
runs/sharerobot_fmb_episode_5201/fmb_reference_code/.git/objects/86/1f8f2972e5927bc9c5da67c18d7f47b384c523,,251
runs/sharerobot_fmb_episode_5201/fmb_reference_code/.git/objects/89/0183aa381e869a6bedf438574fdc961b9bbda8,,3697
runs/sharerobot_fmb_episode_5201/fmb_reference_code/.git/objects/89/7c691dcd57057f826641d1190c2f30a594979a,,284
runs/sharerobot_fmb_episode_5201/fmb_reference_code/.git/objects/8c/17c3e34e38021b875affa24c2dcd12dcd3b021,,95
runs/sharerobot_fmb_episode_5201/fmb_reference_code/.git/objects/8e/752ba06da944d7d6fce34582abf64d63675401,,544
runs/sharerobot_fmb_episode_5201/fmb_reference_code/.git/objects/8f/1d8de56e52bd1c8e016efe7cd19e0186981b7a,,156
runs/sharerobot_fmb_episode_5201/fmb_reference_code/.git/objects/8f/6cc38cf42d795d3f19b13682e74102be392089,,157
runs/sharerobot_fmb_episode_5201/fmb_reference_code/.git/objects/8f/a674849085984801bdb49a4636d9ef3aa3fa91,,235
runs/sharerobot_fmb_episode_5201/fmb_reference_code/.git/objects/90/5803da3e2f31143febd98920d5b02176d6bd76,,165
runs/sharerobot_fmb_episode_5201/fmb_reference_code/.git/objects/91/b74058df023c2759c9b626c0ef28411ac290b2,,161
runs/sharerobot_fmb_episode_5201/fmb_reference_code/.git/objects/9d/fad0e6082b12fa46609c65f1040ce1de38052b,,3698
runs/sharerobot_fmb_episode_5201/fmb_reference_code/.git/objects/a2/7aca564b8dbf0df4e6fc748e13104aa1d04575,,2451
runs/sharerobot_fmb_episode_5201/fmb_reference_code/.git/objects/a9/112abb75d46caa0f1971fb64044a66ac4ef466,,919
runs/sharerobot_fmb_episode_5201/fmb_reference_code/.git/objects/ad/cdfc47fc50429fe2e9175dd464b484db0b00b2,,4724
runs/sharerobot_fmb_episode_5201/fmb_reference_code/.git/objects/b2/5e9ec9c67aa4f0fa0c3b9234e31ac50eeb4d0a,,132
runs/sharerobot_fmb_episode_5201/fmb_reference_code/.git/objects/b4/98fe888a1990852244d43ac99297f094ec3acd,,1523324
runs/sharerobot_fmb_episode_5201/fmb_reference_code/.git/objects/b4/deb57bd2db290f9e5f522987e75447174d3f2f,,832
runs/sharerobot_fmb_episode_5201/fmb_reference_code/.git/objects/b6/bdd50b2b6127a676bf7e03d67746cff710cf95,,3748
runs/sharerobot_fmb_episode_5201/fmb_reference_code/.git/objects/b6/de4a0ad38df0bc35fdc188094c3d74adff0f31,,132
runs/sharerobot_fmb_episode_5201/fmb_reference_code/.git/objects/b8/6b05daa1c1638e4b0247d04903d527bc07611c,,1973
runs/sharerobot_fmb_episode_5201/fmb_reference_code/.git/objects/bb/cfd02fa61187761d723a4043625ab0583ef0f3,,181
runs/sharerobot_fmb_episode_5201/fmb_reference_code/.git/objects/c6/bc534b635ba80ea19a4cb658e9a5cab6596531,,331
runs/sharerobot_fmb_episode_5201/fmb_reference_code/.git/objects/cd/d7f427e31653267c0d827752082d6db97364fe,,167
runs/sharerobot_fmb_episode_5201/fmb_reference_code/.git/objects/cf/bd4f53980c8c72b0308b35c507e1f8ea5dbd64,,181
runs/sharerobot_fmb_episode_5201/fmb_reference_code/.git/objects/d0/74bbd9b813e4626985a800f6a1101a2d92979d,,197
runs/sharerobot_fmb_episode_5201/fmb_reference_code/.git/objects/d2/798883fbd9d64819156c2d6b5c3908cb126e72,,342
runs/sharerobot_fmb_episode_5201/fmb_reference_code/.git/objects/d5/eb1f40865374775d37616678727c0e62b298f5,,1565
runs/sharerobot_fmb_episode_5201/fmb_reference_code/.git/objects/d5/fffe87b58a9ca6794cfd8c8a7acb3f25d10b4d,,376
runs/sharerobot_fmb_episode_5201/fmb_reference_code/.git/objects/d6/92ff2cfb22cf366540415b3903b7850162ce77,,179
runs/sharerobot_fmb_episode_5201/fmb_reference_code/.git/objects/d8/96839bbdecb5d0b67518224c6960dc2fd8e638,,796
runs/sharerobot_fmb_episode_5201/fmb_reference_code/.git/objects/db/e1ab7597a54026a05f0d0aafb9a73ffc77fc75,,54
runs/sharerobot_fmb_episode_5201/fmb_reference_code/.git/objects/dc/c7a90e78f072f1516e4bd670d01794c4e49b16,,262
runs/sharerobot_fmb_episode_5201/fmb_reference_code/.git/objects/de/a7c64c7d2ac430bd8df20ad0e1bbbcbabaeb56,,4251
runs/sharerobot_fmb_episode_5201/fmb_reference_code/.git/objects/e2/21d6d67831bcb549a7ec7ffe2832fcada07d31,,374
runs/sharerobot_fmb_episode_5201/fmb_reference_code/.git/objects/e5/55140e5e245329f38d8b0c7ab5953d496fa570,,282
runs/sharerobot_fmb_episode_5201/fmb_reference_code/.git/objects/e6/859bed258103c72edb6fde1c7eea9f51e0c2b9,,1953
runs/sharerobot_fmb_episode_5201/fmb_reference_code/.git/objects/ed/e8a31b81af1bf04c74434ed23185ae993a60c9,,164
runs/sharerobot_fmb_episode_5201/fmb_reference_code/.git/objects/ee/87a8dafbe62b2dca9a69f7fe7cf9edbe092cd6,,213
runs/sharerobot_fmb_episode_5201/fmb_reference_code/.git/objects/f3/57e3d76f1ed88409c32fc789b2ab3ef9616011,,191
runs/sharerobot_fmb_episode_5201/fmb_reference_code/.git/objects/f3/acb80337a6a15fcf4ba78c5afc7f5f01c9c864,,256
runs/sharerobot_fmb_episode_5201/fmb_reference_code/.git/objects/f6/b440b936fe7376bf92ab0f3de6deade0e9a1eb,,94
runs/sharerobot_fmb_episode_5201/fmb_reference_code/.git/objects/f9/3628694a5dd1c73e11e244da9bb1b82db2398a,,1218
runs/sharerobot_fmb_episode_5201/fmb_reference_code/.git/objects/fb/7442ee18276ea85c4df5ce213a1ea08d6bc152,,1495
runs/sharerobot_fmb_episode_5201/fmb_reference_code/.git/objects/ff/0680b2f27ca20d93f4d4fa8f6664592f0198b2,,197
runs/sharerobot_fmb_episode_5201/fmb_reference_code/.git/objects/pack/pack-4e716a814c04557d1b6b6126d3689ef5aedd476b.idx,.idx,4068
runs/sharerobot_fmb_episode_5201/fmb_reference_code/.git/objects/pack/pack-4e716a814c04557d1b6b6126d3689ef5aedd476b.pack,.pack,21943696
runs/sharerobot_fmb_episode_5201/fmb_reference_code/.git/objects/pack/pack-4e716a814c04557d1b6b6126d3689ef5aedd476b.rev,.rev,480
runs/sharerobot_fmb_episode_5201/fmb_reference_code/.git/packed-refs,,112
runs/sharerobot_fmb_episode_5201/fmb_reference_code/.git/refs/heads/main,,41
runs/sharerobot_fmb_episode_5201/fmb_reference_code/.git/refs/remotes/origin/HEAD,,30
runs/sharerobot_fmb_episode_5201/fmb_reference_code/.gitignore,,3302
runs/sharerobot_fmb_episode_5201/fmb_reference_code/docs/Insertion_setup.png,.png,11177265
runs/sharerobot_fmb_episode_5201/fmb_reference_code/docs/intro.gif,.gif,5528296
runs/sharerobot_fmb_episode_5201/fmb_reference_code/docs/intro_vid_twitter.mp4,.mp4,5160675
runs/sharerobot_fmb_episode_5201/fmb_reference_code/docs/robot_infra_interfaces.jpg,.jpg,14741
runs/sharerobot_fmb_episode_5201/fmb_reference_code/fmb_dataset_builder/environment_macos.yml,.yml,4460
runs/sharerobot_fmb_episode_5201/fmb_reference_code/fmb_dataset_builder/environment_ubuntu.yml,.yml,3392
runs/sharerobot_fmb_episode_5201/fmb_reference_code/fmb_dataset_builder/fmb_dataset/__init__.py,.py,0
runs/sharerobot_fmb_episode_5201/fmb_reference_code/fmb_dataset_builder/fmb_dataset/CITATIONS.bib,.bib,43
runs/sharerobot_fmb_episode_5201/fmb_reference_code/fmb_dataset_builder/fmb_dataset/count_examples.py,.py,262
runs/sharerobot_fmb_episode_5201/fmb_reference_code/fmb_dataset_builder/fmb_dataset/create_example_data.py,.py,1110
runs/sharerobot_fmb_episode_5201/fmb_reference_code/fmb_dataset_builder/fmb_dataset/fmb_dataset_dataset_builder.py,.py,27346
runs/sharerobot_fmb_episode_5201/fmb_reference_code/fmb_dataset_builder/fmb_multi_object_dataset/__init__.py,.py,0
runs/sharerobot_fmb_episode_5201/fmb_reference_code/fmb_dataset_builder/fmb_multi_object_dataset/CITATIONS.bib,.bib,43
runs/sharerobot_fmb_episode_5201/fmb_reference_code/fmb_dataset_builder/fmb_multi_object_dataset/count_examples.py,.py,262
runs/sharerobot_fmb_episode_5201/fmb_reference_code/fmb_dataset_builder/fmb_multi_object_dataset/create_example_data.py,.py,1110
runs/sharerobot_fmb_episode_5201/fmb_reference_code/fmb_dataset_builder/fmb_multi_object_dataset/fmb_multi_object_dataset_dataset_builder.py,.py,22004
runs/sharerobot_fmb_episode_5201/fmb_reference_code/fmb_dataset_builder/fmb_single_object_dataset/__init__.py,.py,0
runs/sharerobot_fmb_episode_5201/fmb_reference_code/fmb_dataset_builder/fmb_single_object_dataset/CITATIONS.bib,.bib,43
runs/sharerobot_fmb_episode_5201/fmb_reference_code/fmb_dataset_builder/fmb_single_object_dataset/count_examples.py,.py,262
runs/sharerobot_fmb_episode_5201/fmb_reference_code/fmb_dataset_builder/fmb_single_object_dataset/create_example_data.py,.py,1110
runs/sharerobot_fmb_episode_5201/fmb_reference_code/fmb_dataset_builder/fmb_single_object_dataset/fmb_single_object_dataset_dataset_builder.py,.py,25273
runs/sharerobot_fmb_episode_5201/fmb_reference_code/fmb_dataset_builder/fmb_single_object_insert_dataset/__init__.py,.py,0
runs/sharerobot_fmb_episode_5201/fmb_reference_code/fmb_dataset_builder/fmb_single_object_insert_dataset/CITATIONS.bib,.bib,43
runs/sharerobot_fmb_episode_5201/fmb_reference_code/fmb_dataset_builder/fmb_single_object_insert_dataset/count_examples.py,.py,262
runs/sharerobot_fmb_episode_5201/fmb_reference_code/fmb_dataset_builder/fmb_single_object_insert_dataset/create_example_data.py,.py,1110
runs/sharerobot_fmb_episode_5201/fmb_reference_code/fmb_dataset_builder/fmb_single_object_insert_dataset/fmb_single_object_insert_dataset_dataset_builder.py,.py,25307
runs/sharerobot_fmb_episode_5201/fmb_reference_code/fmb_dataset_builder/LICENSE,,1090
runs/sharerobot_fmb_episode_5201/fmb_reference_code/fmb_dataset_builder/README.md,.md,1778
runs/sharerobot_fmb_episode_5201/fmb_reference_code/fmb_dataset_builder/setup.py,.py,85
runs/sharerobot_fmb_episode_5201/fmb_reference_code/README.md,.md,9241
runs/sharerobot_fmb_episode_5201/fmb_reference_code/ResNet/README.md,.md,4078
runs/sharerobot_fmb_episode_5201/fmb_reference_code/ResNet/requirements.txt,.txt,308
runs/sharerobot_fmb_episode_5201/fmb_reference_code/ResNet/scripts/rollout_bc.sh,.sh,184
runs/sharerobot_fmb_episode_5201/fmb_reference_code/ResNet/scripts/sequential_rollout.sh,.sh,113
runs/sharerobot_fmb_episode_5201/fmb_reference_code/ResNet/scripts/train.sh,.sh,1229
runs/sharerobot_fmb_episode_5201/fmb_reference_code/ResNet/src/__init__.py,.py,0
runs/sharerobot_fmb_episode_5201/fmb_reference_code/ResNet/src/bc_main.py,.py,19146
runs/sharerobot_fmb_episode_5201/fmb_reference_code/ResNet/src/data.py,.py,8317
runs/sharerobot_fmb_episode_5201/fmb_reference_code/ResNet/src/dataloader.py,.py,11324
runs/sharerobot_fmb_episode_5201/fmb_reference_code/ResNet/src/env_wrapper.py,.py,4502
runs/sharerobot_fmb_episode_5201/fmb_reference_code/ResNet/src/jax_utils.py,.py,5425
runs/sharerobot_fmb_episode_5201/fmb_reference_code/ResNet/src/model.py,.py,16920
runs/sharerobot_fmb_episode_5201/fmb_reference_code/ResNet/src/rlds/dataset.py,.py,10742
runs/sharerobot_fmb_episode_5201/fmb_reference_code/ResNet/src/rlds/primitive_peg_map.py,.py,783
runs/sharerobot_fmb_episode_5201/fmb_reference_code/ResNet/src/rlds/rlds_dataset.py,.py,11908
runs/sharerobot_fmb_episode_5201/fmb_reference_code/ResNet/src/rollout_main.py,.py,14741
runs/sharerobot_fmb_episode_5201/fmb_reference_code/ResNet/src/sequential_rollout.py,.py,14677
runs/sharerobot_fmb_episode_5201/fmb_reference_code/ResNet/src/utils.py,.py,6667
runs/sharerobot_fmb_episode_5201/fmb_reference_code/robot_infra/__init__.py,.py,135
runs/sharerobot_fmb_episode_5201/fmb_reference_code/robot_infra/camera/__init__.py,.py,0
runs/sharerobot_fmb_episode_5201/fmb_reference_code/robot_infra/camera/rs_capture.py,.py,1737
runs/sharerobot_fmb_episode_5201/fmb_reference_code/robot_infra/camera/video_capture.py,.py,1041
runs/sharerobot_fmb_episode_5201/fmb_reference_code/robot_infra/envs/__init__.py,.py,37
runs/sharerobot_fmb_episode_5201/fmb_reference_code/robot_infra/envs/franka_fmb_env.py,.py,17585
runs/sharerobot_fmb_episode_5201/fmb_reference_code/robot_infra/franka_server.py,.py,12391
runs/sharerobot_fmb_episode_5201/fmb_reference_code/robot_infra/README.md,.md,4757
runs/sharerobot_fmb_episode_5201/fmb_reference_code/robot_infra/setup.py,.py,495
runs/sharerobot_fmb_episode_5201/fmb_reference_code/robot_infra/spacemouse/__init__.py,.py,0
runs/sharerobot_fmb_episode_5201/fmb_reference_code/robot_infra/spacemouse/spacemouse_expert.py,.py,1340
runs/sharerobot_fmb_episode_5201/fmb_reference_code/robot_infra/spacemouse/spacemouse_test.py,.py,863
runs/sharerobot_fmb_episode_5201/fmb_reference_code/robot_infra/utils/__init__.py,.py,0
runs/sharerobot_fmb_episode_5201/fmb_reference_code/robot_infra/utils/rotations.py,.py,986
runs/sharerobot_fmb_episode_5201/fmb_reference_code/robot_infra/utils/transformations.py,.py,1141
runs/sharerobot_fmb_episode_5201/fmb_reference_code/Transformer/experiments/__init__.py,.py,0
runs/sharerobot_fmb_episode_5201/fmb_reference_code/Transformer/experiments/configs/train_config.py,.py,16636
runs/sharerobot_fmb_episode_5201/fmb_reference_code/Transformer/experiments/scripts/train_rlds_fmb.sh,.sh,213
runs/sharerobot_fmb_episode_5201/fmb_reference_code/Transformer/experiments/scripts/transformer_rollout.sh,.sh,271
runs/sharerobot_fmb_episode_5201/fmb_reference_code/Transformer/experiments/scripts/transformer_seqrollout.sh,.sh,219
runs/sharerobot_fmb_episode_5201/fmb_reference_code/Transformer/experiments/train_rlds_fmb.py,.py,8545
runs/sharerobot_fmb_episode_5201/fmb_reference_code/Transformer/experiments/transformer_rollout.py,.py,11622
runs/sharerobot_fmb_episode_5201/fmb_reference_code/Transformer/experiments/transformer_seqrollout.py,.py,10341
runs/sharerobot_fmb_episode_5201/fmb_reference_code/Transformer/experiments/transforms.py,.py,483
runs/sharerobot_fmb_episode_5201/fmb_reference_code/Transformer/orca/__init__.py,.py,0
runs/sharerobot_fmb_episode_5201/fmb_reference_code/Transformer/orca/data/__init__.py,.py,0
runs/sharerobot_fmb_episode_5201/fmb_reference_code/Transformer/orca/data/dataset.py,.py,15015
runs/sharerobot_fmb_episode_5201/fmb_reference_code/Transformer/orca/data/rlds/__init__.py,.py,0
runs/sharerobot_fmb_episode_5201/fmb_reference_code/Transformer/orca/data/rlds/fmb_primitive_peg_map.py,.py,783
runs/sharerobot_fmb_episode_5201/fmb_reference_code/Transformer/orca/data/rlds/rlds_dataset.py,.py,11975
runs/sharerobot_fmb_episode_5201/fmb_reference_code/Transformer/orca/data/rlds/rlds_dataset_transforms.py,.py,2230
runs/sharerobot_fmb_episode_5201/fmb_reference_code/Transformer/orca/data/utils/__init__.py,.py,0
runs/sharerobot_fmb_episode_5201/fmb_reference_code/Transformer/orca/data/utils/text_processing.py,.py,2405
runs/sharerobot_fmb_episode_5201/fmb_reference_code/Transformer/orca/data/utils/tf_augmentations.py,.py,4888
runs/sharerobot_fmb_episode_5201/fmb_reference_code/Transformer/orca/data/utils/tf_goal_relabeling.py,.py,5887
runs/sharerobot_fmb_episode_5201/fmb_reference_code/Transformer/orca/model/__init__.py,.py,1794
runs/sharerobot_fmb_episode_5201/fmb_reference_code/Transformer/orca/model/attention.py,.py,10114
runs/sharerobot_fmb_episode_5201/fmb_reference_code/Transformer/orca/model/clip.py,.py,4065
runs/sharerobot_fmb_episode_5201/fmb_reference_code/Transformer/orca/model/proprio/__init__.py,.py,91
runs/sharerobot_fmb_episode_5201/fmb_reference_code/Transformer/orca/model/proprio/mlp.py,.py,646
runs/sharerobot_fmb_episode_5201/fmb_reference_code/Transformer/orca/model/tokenizers.py,.py,22261
runs/sharerobot_fmb_episode_5201/fmb_reference_code/Transformer/orca/model/transformer.py,.py,5899
runs/sharerobot_fmb_episode_5201/fmb_reference_code/Transformer/orca/model/transformer_policy.py,.py,7931
runs/sharerobot_fmb_episode_5201/fmb_reference_code/Transformer/orca/model/transformer_policy_fmb.py,.py,8257
runs/sharerobot_fmb_episode_5201/fmb_reference_code/Transformer/orca/model/vision/__init__.py,.py,114
runs/sharerobot_fmb_episode_5201/fmb_reference_code/Transformer/orca/model/vision/film_conditioning_layer.py,.py,1704
runs/sharerobot_fmb_episode_5201/fmb_reference_code/Transformer/orca/model/vision/resnet_v1.py,.py,10727
runs/sharerobot_fmb_episode_5201/fmb_reference_code/Transformer/orca/train_utils.py,.py,3323
runs/sharerobot_fmb_episode_5201/fmb_reference_code/Transformer/orca/typing.py,.py,504
runs/sharerobot_fmb_episode_5201/fmb_reference_code/Transformer/README.md,.md,2958
runs/sharerobot_fmb_episode_5201/fmb_reference_code/Transformer/requirements.txt,.txt,543
runs/sharerobot_fmb_episode_5201/fmb_reference_code/Transformer/setup.py,.py,71
runs/sharerobot_fmb_episode_5201/four_camera_sampling_check.json,.json,9491
runs/sharerobot_fmb_episode_5201/frame_survey_every8.png,.png,1823521
runs/sharerobot_fmb_episode_5201/frame_survey_grasp.png,.png,4926348
runs/sharerobot_fmb_episode_5201/geometry_probe.json,.json,13547
runs/sharerobot_fmb_episode_5201/intrinsics_decode.json,.json,2005
runs/sharerobot_fmb_episode_5201/mapping_contact_sheet.png,.png,328343
runs/sharerobot_fmb_episode_5201/material_row_27.png,.png,16398
runs/sharerobot_fmb_episode_5201/material_row_28.png,.png,8432
runs/sharerobot_fmb_episode_5201/material_row_29.png,.png,8819
runs/sharerobot_fmb_episode_5201/material_row_30.png,.png,7017
runs/sharerobot_fmb_episode_5201/material_row_31.png,.png,13828
runs/sharerobot_fmb_episode_5201/material_row_32.png,.png,4465
runs/sharerobot_fmb_episode_5201/material_row_33.png,.png,7897
runs/sharerobot_fmb_episode_5201/material_row_34.png,.png,6034
runs/sharerobot_fmb_episode_5201/metric_depth_comparison.png,.png,1457289
runs/sharerobot_fmb_episode_5201/metric_geometry_comparison.json,.json,199027
runs/sharerobot_fmb_episode_5201/metrics.json,.json,1020
runs/sharerobot_fmb_episode_5201/moge2_aspect_fov_metric_predictions.json,.json,3004
runs/sharerobot_fmb_episode_5201/moge2_aspect_fov_metric_predictions.npz,.npz,5457842
runs/sharerobot_fmb_episode_5201/moge2_aspect_metric_predictions.json,.json,2963
runs/sharerobot_fmb_episode_5201/moge2_aspect_metric_predictions.npz,.npz,5452630
runs/sharerobot_fmb_episode_5201/moge2_metric_predictions.json,.json,2914
runs/sharerobot_fmb_episode_5201/moge2_metric_predictions.npz,.npz,5461038
runs/sharerobot_fmb_episode_5201/moge3_aspect_fov_metric_predictions.json,.json,3348
runs/sharerobot_fmb_episode_5201/moge3_aspect_fov_metric_predictions.npz,.npz,5459197
runs/sharerobot_fmb_episode_5201/moge3_aspect_metric_predictions.json,.json,3299
runs/sharerobot_fmb_episode_5201/moge3_aspect_metric_predictions.npz,.npz,5454373
runs/sharerobot_fmb_episode_5201/moge3_metric_predictions.json,.json,3261
runs/sharerobot_fmb_episode_5201/moge3_metric_predictions.npz,.npz,5476740
runs/sharerobot_fmb_episode_5201/peg_crop_0.png,.png,23221
runs/sharerobot_fmb_episode_5201/peg_crop_130.png,.png,72796
runs/sharerobot_fmb_episode_5201/peg_crop_135.png,.png,65216
runs/sharerobot_fmb_episode_5201/peg_crop_140.png,.png,59624
runs/sharerobot_fmb_episode_5201/peg_crop_145.png,.png,60548
runs/sharerobot_fmb_episode_5201/peg_final_frames_crops.png,.png,1151956
runs/sharerobot_fmb_episode_5201/peg_initial_frames_crops.png,.png,948743
runs/sharerobot_fmb_episode_5201/peg_official.step,.step,949267
runs/sharerobot_fmb_episode_5201/peg_official_solids.json,.json,92787
runs/sharerobot_fmb_episode_5201/peg_pose_contact.png,.png,3798597
runs/sharerobot_fmb_episode_5201/peg_pose_diversity_crops.png,.png,1076141
runs/sharerobot_fmb_episode_5201/peg_tip_motion_probe.png,.png,544655
runs/sharerobot_fmb_episode_5201/planning_rows.json,.json,48985
runs/sharerobot_fmb_episode_5201/preflight.json,.json,11462
runs/sharerobot_fmb_episode_5201/quantitative_2d_sensor_20261001/dense_flow_probe.json,.json,17346
runs/sharerobot_fmb_episode_5201/quantitative_2d_sensor_20261001/dense_flow_probe.png,.png,2141305
runs/sharerobot_fmb_episode_5201/quantitative_2d_sensor_20261001/frame_127_grid.png,.png,661961
runs/sharerobot_fmb_episode_5201/quantitative_2d_sensor_20261001/history_pnp_probe.json,.json,5677
runs/sharerobot_fmb_episode_5201/quantitative_2d_sensor_20261001/history_point_candidates.json,.json,30843
runs/sharerobot_fmb_episode_5201/quantitative_2d_sensor_20261001/history_sensor_candidate_3d.npy,.npy,416
runs/sharerobot_fmb_episode_5201/quantitative_2d_sensor_20261001/history_silhouette_pose_probe.json,.json,8488
runs/sharerobot_fmb_episode_5201/quantitative_2d_sensor_20261001/history_silhouette_pose_probe.png,.png,843050
runs/sharerobot_fmb_episode_5201/quantitative_2d_sensor_20261001/mask_ecc_probe.json,.json,26512
runs/sharerobot_fmb_episode_5201/quantitative_2d_sensor_20261001/mask_ecc_probe.png,.png,2142792
runs/sharerobot_fmb_episode_5201/quantitative_2d_sensor_20261001/tracking_probe.json,.json,39338
runs/sharerobot_fmb_episode_5201/quantitative_2d_sensor_20261001/tracking_probe.png,.png,2141571
runs/sharerobot_fmb_episode_5201/quantitative_2d_sensor_20261001/window_detail.png,.png,3239551
runs/sharerobot_fmb_episode_5201/quantitative_2d_sensor_20261001/window_montage.png,.png,1890984
runs/sharerobot_fmb_episode_5201/quantitative_2d_sensor_t126/ablation_suite_v1/focal_090/evaluation.json,.json,5785
runs/sharerobot_fmb_episode_5201/quantitative_2d_sensor_t126/ablation_suite_v1/focal_090/history_3d.npy,.npy,416
runs/sharerobot_fmb_episode_5201/quantitative_2d_sensor_t126/ablation_suite_v1/focal_090/manifest.json,.json,1837
runs/sharerobot_fmb_episode_5201/quantitative_2d_sensor_t126/ablation_suite_v1/focal_090/model_run.json,.json,1272
runs/sharerobot_fmb_episode_5201/quantitative_2d_sensor_t126/ablation_suite_v1/focal_090/parser_validation.json,.json,81
runs/sharerobot_fmb_episode_5201/quantitative_2d_sensor_t126/ablation_suite_v1/focal_090/points_2d_at_t0.npy,.npy,192
runs/sharerobot_fmb_episode_5201/quantitative_2d_sensor_t126/ablation_suite_v1/focal_090/prediction_10hz.npy,.npy,2048
runs/sharerobot_fmb_episode_5201/quantitative_2d_sensor_t126/ablation_suite_v1/focal_090/prediction_15hz.npy,.npy,3008
runs/sharerobot_fmb_episode_5201/quantitative_2d_sensor_t126/ablation_suite_v1/focal_090/prediction_15hz_model_order.npy,.npy,3008
runs/sharerobot_fmb_episode_5201/quantitative_2d_sensor_t126/ablation_suite_v1/focal_090/prediction_2d.npy,.npy,1408
runs/sharerobot_fmb_episode_5201/quantitative_2d_sensor_t126/ablation_suite_v1/focal_090/raw_model_output.txt,.txt,3101
runs/sharerobot_fmb_episode_5201/quantitative_2d_sensor_t126/ablation_suite_v1/focal_110/evaluation.json,.json,5749
runs/sharerobot_fmb_episode_5201/quantitative_2d_sensor_t126/ablation_suite_v1/focal_110/history_3d.npy,.npy,416
runs/sharerobot_fmb_episode_5201/quantitative_2d_sensor_t126/ablation_suite_v1/focal_110/manifest.json,.json,1846
runs/sharerobot_fmb_episode_5201/quantitative_2d_sensor_t126/ablation_suite_v1/focal_110/model_run.json,.json,1272
runs/sharerobot_fmb_episode_5201/quantitative_2d_sensor_t126/ablation_suite_v1/focal_110/parser_validation.json,.json,81
runs/sharerobot_fmb_episode_5201/quantitative_2d_sensor_t126/ablation_suite_v1/focal_110/points_2d_at_t0.npy,.npy,192
runs/sharerobot_fmb_episode_5201/quantitative_2d_sensor_t126/ablation_suite_v1/focal_110/prediction_10hz.npy,.npy,2048
runs/sharerobot_fmb_episode_5201/quantitative_2d_sensor_t126/ablation_suite_v1/focal_110/prediction_15hz.npy,.npy,3008
runs/sharerobot_fmb_episode_5201/quantitative_2d_sensor_t126/ablation_suite_v1/focal_110/prediction_15hz_model_order.npy,.npy,3008
runs/sharerobot_fmb_episode_5201/quantitative_2d_sensor_t126/ablation_suite_v1/focal_110/prediction_2d.npy,.npy,1408
runs/sharerobot_fmb_episode_5201/quantitative_2d_sensor_t126/ablation_suite_v1/focal_110/raw_model_output.txt,.txt,2694
runs/sharerobot_fmb_episode_5201/quantitative_2d_sensor_t126/ablation_suite_v1/input_audit.json,.json,4118
runs/sharerobot_fmb_episode_5201/quantitative_2d_sensor_t126/ablation_suite_v1/moge2_focal_090/evaluation.json,.json,5708
runs/sharerobot_fmb_episode_5201/quantitative_2d_sensor_t126/ablation_suite_v1/moge2_focal_090/history_3d.npy,.npy,416
runs/sharerobot_fmb_episode_5201/quantitative_2d_sensor_t126/ablation_suite_v1/moge2_focal_090/manifest.json,.json,1997
runs/sharerobot_fmb_episode_5201/quantitative_2d_sensor_t126/ablation_suite_v1/moge2_focal_090/model_run.json,.json,1278
runs/sharerobot_fmb_episode_5201/quantitative_2d_sensor_t126/ablation_suite_v1/moge2_focal_090/parser_validation.json,.json,81
runs/sharerobot_fmb_episode_5201/quantitative_2d_sensor_t126/ablation_suite_v1/moge2_focal_090/points_2d_at_t0.npy,.npy,192
runs/sharerobot_fmb_episode_5201/quantitative_2d_sensor_t126/ablation_suite_v1/moge2_focal_090/prediction_10hz.npy,.npy,2048
runs/sharerobot_fmb_episode_5201/quantitative_2d_sensor_t126/ablation_suite_v1/moge2_focal_090/prediction_15hz.npy,.npy,3008
runs/sharerobot_fmb_episode_5201/quantitative_2d_sensor_t126/ablation_suite_v1/moge2_focal_090/prediction_15hz_model_order.npy,.npy,3008
runs/sharerobot_fmb_episode_5201/quantitative_2d_sensor_t126/ablation_suite_v1/moge2_focal_090/prediction_2d.npy,.npy,1408
runs/sharerobot_fmb_episode_5201/quantitative_2d_sensor_t126/ablation_suite_v1/moge2_focal_090/raw_model_output.txt,.txt,2940
runs/sharerobot_fmb_episode_5201/quantitative_2d_sensor_t126/ablation_suite_v1/moge2_raw/evaluation.json,.json,5720
runs/sharerobot_fmb_episode_5201/quantitative_2d_sensor_t126/ablation_suite_v1/moge2_raw/history_3d.npy,.npy,416
runs/sharerobot_fmb_episode_5201/quantitative_2d_sensor_t126/ablation_suite_v1/moge2_raw/manifest.json,.json,1994
runs/sharerobot_fmb_episode_5201/quantitative_2d_sensor_t126/ablation_suite_v1/moge2_raw/model_run.json,.json,1272
runs/sharerobot_fmb_episode_5201/quantitative_2d_sensor_t126/ablation_suite_v1/moge2_raw/parser_validation.json,.json,81
runs/sharerobot_fmb_episode_5201/quantitative_2d_sensor_t126/ablation_suite_v1/moge2_raw/points_2d_at_t0.npy,.npy,192
runs/sharerobot_fmb_episode_5201/quantitative_2d_sensor_t126/ablation_suite_v1/moge2_raw/prediction_10hz.npy,.npy,2048
runs/sharerobot_fmb_episode_5201/quantitative_2d_sensor_t126/ablation_suite_v1/moge2_raw/prediction_15hz.npy,.npy,3008
runs/sharerobot_fmb_episode_5201/quantitative_2d_sensor_t126/ablation_suite_v1/moge2_raw/prediction_15hz_model_order.npy,.npy,3008
runs/sharerobot_fmb_episode_5201/quantitative_2d_sensor_t126/ablation_suite_v1/moge2_raw/prediction_2d.npy,.npy,1408
runs/sharerobot_fmb_episode_5201/quantitative_2d_sensor_t126/ablation_suite_v1/moge2_raw/raw_model_output.txt,.txt,2811
runs/sharerobot_fmb_episode_5201/quantitative_2d_sensor_t126/ablation_suite_v1/moge2_scaled/evaluation.json,.json,5726
runs/sharerobot_fmb_episode_5201/quantitative_2d_sensor_t126/ablation_suite_v1/moge2_scaled/history_3d.npy,.npy,416
runs/sharerobot_fmb_episode_5201/quantitative_2d_sensor_t126/ablation_suite_v1/moge2_scaled/manifest.json,.json,2020
runs/sharerobot_fmb_episode_5201/quantitative_2d_sensor_t126/ablation_suite_v1/moge2_scaled/model_run.json,.json,1275
runs/sharerobot_fmb_episode_5201/quantitative_2d_sensor_t126/ablation_suite_v1/moge2_scaled/parser_validation.json,.json,81
runs/sharerobot_fmb_episode_5201/quantitative_2d_sensor_t126/ablation_suite_v1/moge2_scaled/points_2d_at_t0.npy,.npy,192
runs/sharerobot_fmb_episode_5201/quantitative_2d_sensor_t126/ablation_suite_v1/moge2_scaled/prediction_10hz.npy,.npy,2048
runs/sharerobot_fmb_episode_5201/quantitative_2d_sensor_t126/ablation_suite_v1/moge2_scaled/prediction_15hz.npy,.npy,3008
runs/sharerobot_fmb_episode_5201/quantitative_2d_sensor_t126/ablation_suite_v1/moge2_scaled/prediction_15hz_model_order.npy,.npy,3008
runs/sharerobot_fmb_episode_5201/quantitative_2d_sensor_t126/ablation_suite_v1/moge2_scaled/prediction_2d.npy,.npy,1408
runs/sharerobot_fmb_episode_5201/quantitative_2d_sensor_t126/ablation_suite_v1/moge2_scaled/raw_model_output.txt,.txt,2858
runs/sharerobot_fmb_episode_5201/quantitative_2d_sensor_t126/ablation_suite_v1/no_history/evaluation.json,.json,5725
runs/sharerobot_fmb_episode_5201/quantitative_2d_sensor_t126/ablation_suite_v1/no_history/history_3d.npy,.npy,416
runs/sharerobot_fmb_episode_5201/quantitative_2d_sensor_t126/ablation_suite_v1/no_history/manifest.json,.json,1848
runs/sharerobot_fmb_episode_5201/quantitative_2d_sensor_t126/ablation_suite_v1/no_history/model_run.json,.json,1273
runs/sharerobot_fmb_episode_5201/quantitative_2d_sensor_t126/ablation_suite_v1/no_history/parser_validation.json,.json,81
runs/sharerobot_fmb_episode_5201/quantitative_2d_sensor_t126/ablation_suite_v1/no_history/points_2d_at_t0.npy,.npy,192
runs/sharerobot_fmb_episode_5201/quantitative_2d_sensor_t126/ablation_suite_v1/no_history/prediction_10hz.npy,.npy,2048
runs/sharerobot_fmb_episode_5201/quantitative_2d_sensor_t126/ablation_suite_v1/no_history/prediction_15hz.npy,.npy,3008
runs/sharerobot_fmb_episode_5201/quantitative_2d_sensor_t126/ablation_suite_v1/no_history/prediction_15hz_model_order.npy,.npy,3008
runs/sharerobot_fmb_episode_5201/quantitative_2d_sensor_t126/ablation_suite_v1/no_history/prediction_2d.npy,.npy,1408
runs/sharerobot_fmb_episode_5201/quantitative_2d_sensor_t126/ablation_suite_v1/no_history/raw_model_output.txt,.txt,2501
runs/sharerobot_fmb_episode_5201/quantitative_2d_sensor_t126/ablation_suite_v1/perm_keep_anchor/evaluation.json,.json,5754
runs/sharerobot_fmb_episode_5201/quantitative_2d_sensor_t126/ablation_suite_v1/perm_keep_anchor/history_3d.npy,.npy,416
runs/sharerobot_fmb_episode_5201/quantitative_2d_sensor_t126/ablation_suite_v1/perm_keep_anchor/manifest.json,.json,1860
runs/sharerobot_fmb_episode_5201/quantitative_2d_sensor_t126/ablation_suite_v1/perm_keep_anchor/model_run.json,.json,1279
runs/sharerobot_fmb_episode_5201/quantitative_2d_sensor_t126/ablation_suite_v1/perm_keep_anchor/parser_validation.json,.json,81
runs/sharerobot_fmb_episode_5201/quantitative_2d_sensor_t126/ablation_suite_v1/perm_keep_anchor/points_2d_at_t0.npy,.npy,192
runs/sharerobot_fmb_episode_5201/quantitative_2d_sensor_t126/ablation_suite_v1/perm_keep_anchor/prediction_10hz.npy,.npy,2048
runs/sharerobot_fmb_episode_5201/quantitative_2d_sensor_t126/ablation_suite_v1/perm_keep_anchor/prediction_15hz.npy,.npy,3008
runs/sharerobot_fmb_episode_5201/quantitative_2d_sensor_t126/ablation_suite_v1/perm_keep_anchor/prediction_15hz_model_order.npy,.npy,3008
runs/sharerobot_fmb_episode_5201/quantitative_2d_sensor_t126/ablation_suite_v1/perm_keep_anchor/prediction_2d.npy,.npy,1408
runs/sharerobot_fmb_episode_5201/quantitative_2d_sensor_t126/ablation_suite_v1/perm_keep_anchor/raw_model_output.txt,.txt,2721
runs/sharerobot_fmb_episode_5201/quantitative_2d_sensor_t126/ablation_suite_v1/perm_new_anchor/evaluation.json,.json,5776
runs/sharerobot_fmb_episode_5201/quantitative_2d_sensor_t126/ablation_suite_v1/perm_new_anchor/history_3d.npy,.npy,416
runs/sharerobot_fmb_episode_5201/quantitative_2d_sensor_t126/ablation_suite_v1/perm_new_anchor/manifest.json,.json,1858
runs/sharerobot_fmb_episode_5201/quantitative_2d_sensor_t126/ablation_suite_v1/perm_new_anchor/model_run.json,.json,1277
runs/sharerobot_fmb_episode_5201/quantitative_2d_sensor_t126/ablation_suite_v1/perm_new_anchor/parser_validation.json,.json,81
runs/sharerobot_fmb_episode_5201/quantitative_2d_sensor_t126/ablation_suite_v1/perm_new_anchor/points_2d_at_t0.npy,.npy,192
runs/sharerobot_fmb_episode_5201/quantitative_2d_sensor_t126/ablation_suite_v1/perm_new_anchor/prediction_10hz.npy,.npy,2048
runs/sharerobot_fmb_episode_5201/quantitative_2d_sensor_t126/ablation_suite_v1/perm_new_anchor/prediction_15hz.npy,.npy,3008
runs/sharerobot_fmb_episode_5201/quantitative_2d_sensor_t126/ablation_suite_v1/perm_new_anchor/prediction_15hz_model_order.npy,.npy,3008
runs/sharerobot_fmb_episode_5201/quantitative_2d_sensor_t126/ablation_suite_v1/perm_new_anchor/prediction_2d.npy,.npy,1408
runs/sharerobot_fmb_episode_5201/quantitative_2d_sensor_t126/ablation_suite_v1/perm_new_anchor/raw_model_output.txt,.txt,3313
runs/sharerobot_fmb_episode_5201/quantitative_2d_sensor_t126/ablation_suite_v1/scale_090/evaluation.json,.json,5730
runs/sharerobot_fmb_episode_5201/quantitative_2d_sensor_t126/ablation_suite_v1/scale_090/history_3d.npy,.npy,416
runs/sharerobot_fmb_episode_5201/quantitative_2d_sensor_t126/ablation_suite_v1/scale_090/manifest.json,.json,1846
runs/sharerobot_fmb_episode_5201/quantitative_2d_sensor_t126/ablation_suite_v1/scale_090/model_run.json,.json,1272
runs/sharerobot_fmb_episode_5201/quantitative_2d_sensor_t126/ablation_suite_v1/scale_090/parser_validation.json,.json,81
runs/sharerobot_fmb_episode_5201/quantitative_2d_sensor_t126/ablation_suite_v1/scale_090/points_2d_at_t0.npy,.npy,192
runs/sharerobot_fmb_episode_5201/quantitative_2d_sensor_t126/ablation_suite_v1/scale_090/prediction_10hz.npy,.npy,2048
runs/sharerobot_fmb_episode_5201/quantitative_2d_sensor_t126/ablation_suite_v1/scale_090/prediction_15hz.npy,.npy,3008
runs/sharerobot_fmb_episode_5201/quantitative_2d_sensor_t126/ablation_suite_v1/scale_090/prediction_15hz_model_order.npy,.npy,3008
runs/sharerobot_fmb_episode_5201/quantitative_2d_sensor_t126/ablation_suite_v1/scale_090/prediction_2d.npy,.npy,1408
runs/sharerobot_fmb_episode_5201/quantitative_2d_sensor_t126/ablation_suite_v1/scale_090/raw_model_output.txt,.txt,2646
runs/sharerobot_fmb_episode_5201/quantitative_2d_sensor_t126/ablation_suite_v1/scale_110/evaluation.json,.json,5715
runs/sharerobot_fmb_episode_5201/quantitative_2d_sensor_t126/ablation_suite_v1/scale_110/history_3d.npy,.npy,416
runs/sharerobot_fmb_episode_5201/quantitative_2d_sensor_t126/ablation_suite_v1/scale_110/manifest.json,.json,1846
runs/sharerobot_fmb_episode_5201/quantitative_2d_sensor_t126/ablation_suite_v1/scale_110/model_run.json,.json,1271
runs/sharerobot_fmb_episode_5201/quantitative_2d_sensor_t126/ablation_suite_v1/scale_110/parser_validation.json,.json,81
runs/sharerobot_fmb_episode_5201/quantitative_2d_sensor_t126/ablation_suite_v1/scale_110/points_2d_at_t0.npy,.npy,192
runs/sharerobot_fmb_episode_5201/quantitative_2d_sensor_t126/ablation_suite_v1/scale_110/prediction_10hz.npy,.npy,2048
runs/sharerobot_fmb_episode_5201/quantitative_2d_sensor_t126/ablation_suite_v1/scale_110/prediction_15hz.npy,.npy,3008
runs/sharerobot_fmb_episode_5201/quantitative_2d_sensor_t126/ablation_suite_v1/scale_110/prediction_15hz_model_order.npy,.npy,3008
runs/sharerobot_fmb_episode_5201/quantitative_2d_sensor_t126/ablation_suite_v1/scale_110/prediction_2d.npy,.npy,1408
runs/sharerobot_fmb_episode_5201/quantitative_2d_sensor_t126/ablation_suite_v1/scale_110/raw_model_output.txt,.txt,2714
runs/sharerobot_fmb_episode_5201/quantitative_2d_sensor_t126/ablation_suite_v1/text_counterfactual/evaluation.json,.json,5737
runs/sharerobot_fmb_episode_5201/quantitative_2d_sensor_t126/ablation_suite_v1/text_counterfactual/history_3d.npy,.npy,416
runs/sharerobot_fmb_episode_5201/quantitative_2d_sensor_t126/ablation_suite_v1/text_counterfactual/manifest.json,.json,1850
runs/sharerobot_fmb_episode_5201/quantitative_2d_sensor_t126/ablation_suite_v1/text_counterfactual/model_run.json,.json,1282
runs/sharerobot_fmb_episode_5201/quantitative_2d_sensor_t126/ablation_suite_v1/text_counterfactual/parser_validation.json,.json,81
runs/sharerobot_fmb_episode_5201/quantitative_2d_sensor_t126/ablation_suite_v1/text_counterfactual/points_2d_at_t0.npy,.npy,192
runs/sharerobot_fmb_episode_5201/quantitative_2d_sensor_t126/ablation_suite_v1/text_counterfactual/prediction_10hz.npy,.npy,2048
runs/sharerobot_fmb_episode_5201/quantitative_2d_sensor_t126/ablation_suite_v1/text_counterfactual/prediction_15hz.npy,.npy,3008
runs/sharerobot_fmb_episode_5201/quantitative_2d_sensor_t126/ablation_suite_v1/text_counterfactual/prediction_15hz_model_order.npy,.npy,3008
runs/sharerobot_fmb_episode_5201/quantitative_2d_sensor_t126/ablation_suite_v1/text_counterfactual/prediction_2d.npy,.npy,1408
runs/sharerobot_fmb_episode_5201/quantitative_2d_sensor_t126/ablation_suite_v1/text_counterfactual/raw_model_output.txt,.txt,3408
runs/sharerobot_fmb_episode_5201/quantitative_2d_sensor_t126/ablation_suite_v1/text_generic/evaluation.json,.json,5769
runs/sharerobot_fmb_episode_5201/quantitative_2d_sensor_t126/ablation_suite_v1/text_generic/history_3d.npy,.npy,416
runs/sharerobot_fmb_episode_5201/quantitative_2d_sensor_t126/ablation_suite_v1/text_generic/manifest.json,.json,1817
runs/sharerobot_fmb_episode_5201/quantitative_2d_sensor_t126/ablation_suite_v1/text_generic/model_run.json,.json,1275
runs/sharerobot_fmb_episode_5201/quantitative_2d_sensor_t126/ablation_suite_v1/text_generic/parser_validation.json,.json,81
runs/sharerobot_fmb_episode_5201/quantitative_2d_sensor_t126/ablation_suite_v1/text_generic/points_2d_at_t0.npy,.npy,192
runs/sharerobot_fmb_episode_5201/quantitative_2d_sensor_t126/ablation_suite_v1/text_generic/prediction_10hz.npy,.npy,2048
runs/sharerobot_fmb_episode_5201/quantitative_2d_sensor_t126/ablation_suite_v1/text_generic/prediction_15hz.npy,.npy,3008
runs/sharerobot_fmb_episode_5201/quantitative_2d_sensor_t126/ablation_suite_v1/text_generic/prediction_15hz_model_order.npy,.npy,3008
runs/sharerobot_fmb_episode_5201/quantitative_2d_sensor_t126/ablation_suite_v1/text_generic/prediction_2d.npy,.npy,1408
runs/sharerobot_fmb_episode_5201/quantitative_2d_sensor_t126/ablation_suite_v1/text_generic/raw_model_output.txt,.txt,3313
runs/sharerobot_fmb_episode_5201/quantitative_2d_sensor_t126/ablation_suite_v1/text_paraphrase/evaluation.json,.json,5785
runs/sharerobot_fmb_episode_5201/quantitative_2d_sensor_t126/ablation_suite_v1/text_paraphrase/history_3d.npy,.npy,416
runs/sharerobot_fmb_episode_5201/quantitative_2d_sensor_t126/ablation_suite_v1/text_paraphrase/manifest.json,.json,1862
runs/sharerobot_fmb_episode_5201/quantitative_2d_sensor_t126/ablation_suite_v1/text_paraphrase/model_run.json,.json,1278
runs/sharerobot_fmb_episode_5201/quantitative_2d_sensor_t126/ablation_suite_v1/text_paraphrase/parser_validation.json,.json,81
runs/sharerobot_fmb_episode_5201/quantitative_2d_sensor_t126/ablation_suite_v1/text_paraphrase/points_2d_at_t0.npy,.npy,192
runs/sharerobot_fmb_episode_5201/quantitative_2d_sensor_t126/ablation_suite_v1/text_paraphrase/prediction_10hz.npy,.npy,2048
runs/sharerobot_fmb_episode_5201/quantitative_2d_sensor_t126/ablation_suite_v1/text_paraphrase/prediction_15hz.npy,.npy,3008
runs/sharerobot_fmb_episode_5201/quantitative_2d_sensor_t126/ablation_suite_v1/text_paraphrase/prediction_15hz_model_order.npy,.npy,3008
runs/sharerobot_fmb_episode_5201/quantitative_2d_sensor_t126/ablation_suite_v1/text_paraphrase/prediction_2d.npy,.npy,1408
runs/sharerobot_fmb_episode_5201/quantitative_2d_sensor_t126/ablation_suite_v1/text_paraphrase/raw_model_output.txt,.txt,3028
runs/sharerobot_fmb_episode_5201/quantitative_2d_sensor_t126/action_traceability.json,.json,1968
runs/sharerobot_fmb_episode_5201/quantitative_2d_sensor_t126/annotation_repeatability.json,.json,7056
runs/sharerobot_fmb_episode_5201/quantitative_2d_sensor_t126/annotation_repeatability_v1.png,.png,173810
runs/sharerobot_fmb_episode_5201/quantitative_2d_sensor_t126/baseline_constant_velocity_2d.npy,.npy,1408
runs/sharerobot_fmb_episode_5201/quantitative_2d_sensor_t126/baseline_stationary_2d.npy,.npy,1408
runs/sharerobot_fmb_episode_5201/quantitative_2d_sensor_t126/cad_dimension_check.json,.json,3848
runs/sharerobot_fmb_episode_5201/quantitative_2d_sensor_t126/cad_pose_fit.json,.json,6180
runs/sharerobot_fmb_episode_5201/quantitative_2d_sensor_t126/cad_silhouette_prediction_comparison.json,.json,5127
runs/sharerobot_fmb_episode_5201/quantitative_2d_sensor_t126/cad_silhouette_prediction_disagreement.png,.png,103427
runs/sharerobot_fmb_episode_5201/quantitative_2d_sensor_t126/cad_silhouette_prediction_disagreement_by_time.csv,.csv,1007
runs/sharerobot_fmb_episode_5201/quantitative_2d_sensor_t126/calibration_sensitivity.csv,.csv,493
runs/sharerobot_fmb_episode_5201/quantitative_2d_sensor_t126/calibration_sensitivity.png,.png,31189
runs/sharerobot_fmb_episode_5201/quantitative_2d_sensor_t126/coverage.png,.png,30179
runs/sharerobot_fmb_episode_5201/quantitative_2d_sensor_t126/current_state.json,.json,841
runs/sharerobot_fmb_episode_5201/quantitative_2d_sensor_t126/error_by_time.csv,.csv,1438
runs/sharerobot_fmb_episode_5201/quantitative_2d_sensor_t126/error_vs_time.png,.png,95613
runs/sharerobot_fmb_episode_5201/quantitative_2d_sensor_t126/evaluation_time_10hz_s.npy,.npy,288
runs/sharerobot_fmb_episode_5201/quantitative_2d_sensor_t126/experiment_config.json,.json,1646
runs/sharerobot_fmb_episode_5201/quantitative_2d_sensor_t126/frame_124.png,.png,97119
runs/sharerobot_fmb_episode_5201/quantitative_2d_sensor_t126/frame_125.png,.png,97901
runs/sharerobot_fmb_episode_5201/quantitative_2d_sensor_t126/frame_126.png,.png,98231
runs/sharerobot_fmb_episode_5201/quantitative_2d_sensor_t126/future_frames_predictions_gt.png,.png,1482159
runs/sharerobot_fmb_episode_5201/quantitative_2d_sensor_t126/future_trajectory_extended_plane.png,.png,232114
runs/sharerobot_fmb_episode_5201/quantitative_2d_sensor_t126/future_trajectory_overlay.png,.png,478064
runs/sharerobot_fmb_episode_5201/quantitative_2d_sensor_t126/geometry_bundle_v1/cad_silhouette_tcp.npz,.npz,1872
runs/sharerobot_fmb_episode_5201/quantitative_2d_sensor_t126/geometry_bundle_v1/history_clouds_common_axes.json,.json,562
runs/sharerobot_fmb_episode_5201/quantitative_2d_sensor_t126/geometry_bundle_v1/history_clouds_common_axes.png,.png,132129
runs/sharerobot_fmb_episode_5201/quantitative_2d_sensor_t126/geometry_bundle_v1/manifest.json,.json,3862
runs/sharerobot_fmb_episode_5201/quantitative_2d_sensor_t126/geometry_bundle_v1/moge2_history_scaled.npz,.npz,2724012
runs/sharerobot_fmb_episode_5201/quantitative_2d_sensor_t126/geometry_bundle_v1/moge2_raw.npz,.npz,2728059
runs/sharerobot_fmb_episode_5201/quantitative_2d_sensor_t126/geometry_bundle_v1/planar_pnp.npz,.npz,1871
runs/sharerobot_fmb_episode_5201/quantitative_2d_sensor_t126/geometry_bundle_v1/sensor.npz,.npz,198275
runs/sharerobot_fmb_episode_5201/quantitative_2d_sensor_t126/geometry_prediction_comparison.json,.json,5055
runs/sharerobot_fmb_episode_5201/quantitative_2d_sensor_t126/geometry_prediction_disagreement.png,.png,97963
runs/sharerobot_fmb_episode_5201/quantitative_2d_sensor_t126/geometry_prediction_disagreement_by_time.csv,.csv,1016
runs/sharerobot_fmb_episode_5201/quantitative_2d_sensor_t126/gt_2d.npy,.npy,1408
runs/sharerobot_fmb_episode_5201/quantitative_2d_sensor_t126/gt_all_future_frames.png,.png,1861444
runs/sharerobot_fmb_episode_5201/quantitative_2d_sensor_t126/gt_dense_flow_alternative.npy,.npy,1408
runs/sharerobot_fmb_episode_5201/quantitative_2d_sensor_t126/gt_tracking_diagnostics.json,.json,57885
runs/sharerobot_fmb_episode_5201/quantitative_2d_sensor_t126/history_8_points.png,.png,293549
runs/sharerobot_fmb_episode_5201/quantitative_2d_sensor_t126/history_cad_silhouette_tcp_3d.npy,.npy,416
runs/sharerobot_fmb_episode_5201/quantitative_2d_sensor_t126/history_depth_probe.json,.json,25035
runs/sharerobot_fmb_episode_5201/quantitative_2d_sensor_t126/history_depth_quality.png,.png,293867
runs/sharerobot_fmb_episode_5201/quantitative_2d_sensor_t126/history_moge2_history_scaled_3d.npy,.npy,416
runs/sharerobot_fmb_episode_5201/quantitative_2d_sensor_t126/history_moge2_raw_3d.npy,.npy,416
runs/sharerobot_fmb_episode_5201/quantitative_2d_sensor_t126/history_pnp_3d.npy,.npy,416
runs/sharerobot_fmb_episode_5201/quantitative_2d_sensor_t126/history_points_2d.npy,.npy,320
runs/sharerobot_fmb_episode_5201/quantitative_2d_sensor_t126/history_sensor_3d.npy,.npy,416
runs/sharerobot_fmb_episode_5201/quantitative_2d_sensor_t126/history_sensor_3d_K_focal_0925.npy,.npy,416
runs/sharerobot_fmb_episode_5201/quantitative_2d_sensor_t126/history_sensor_3d_K_nominal.npy,.npy,416
runs/sharerobot_fmb_episode_5201/quantitative_2d_sensor_t126/history_sensor_3d_K_simple.npy,.npy,416
runs/sharerobot_fmb_episode_5201/quantitative_2d_sensor_t126/input_freeze.json,.json,947
runs/sharerobot_fmb_episode_5201/quantitative_2d_sensor_t126/k_nominal.json,.json,708
runs/sharerobot_fmb_episode_5201/quantitative_2d_sensor_t126/k_sensitivity_variants.json,.json,1637
runs/sharerobot_fmb_episode_5201/quantitative_2d_sensor_t126/leakage_and_artifact_audit.json,.json,2080
runs/sharerobot_fmb_episode_5201/quantitative_2d_sensor_t126/metrics.csv,.csv,783
runs/sharerobot_fmb_episode_5201/quantitative_2d_sensor_t126/metrics.json,.json,12586
runs/sharerobot_fmb_episode_5201/quantitative_2d_sensor_t126/model_run.json,.json,1951
runs/sharerobot_fmb_episode_5201/quantitative_2d_sensor_t126/moge2_history_v1/depth_comparison.json,.json,1676
runs/sharerobot_fmb_episode_5201/quantitative_2d_sensor_t126/moge2_history_v1/depth_comparison.png,.png,1205422
runs/sharerobot_fmb_episode_5201/quantitative_2d_sensor_t126/moge2_history_v1/forecast_comparison.mp4,.mp4,478901
runs/sharerobot_fmb_episode_5201/quantitative_2d_sensor_t126/moge2_history_v1/forecast_comparison_overview.png,.png,1358189
runs/sharerobot_fmb_episode_5201/quantitative_2d_sensor_t126/moge2_history_v1/forecast_media_manifest.json,.json,573
runs/sharerobot_fmb_episode_5201/quantitative_2d_sensor_t126/moge2_history_v1/manifest.json,.json,3440
runs/sharerobot_fmb_episode_5201/quantitative_2d_sensor_t126/moge2_history_v1/moge2_history_maps.npz,.npz,2726383
runs/sharerobot_fmb_episode_5201/quantitative_2d_sensor_t126/nominal_repeatability.json,.json,413
runs/sharerobot_fmb_episode_5201/quantitative_2d_sensor_t126/parser_validation.json,.json,387
runs/sharerobot_fmb_episode_5201/quantitative_2d_sensor_t126/per_point_metrics.csv,.csv,1082
runs/sharerobot_fmb_episode_5201/quantitative_2d_sensor_t126/pnp_annotation_noise_sensitivity.json,.json,3748
runs/sharerobot_fmb_episode_5201/quantitative_2d_sensor_t126/pnp_correspondences.json,.json,20326
runs/sharerobot_fmb_episode_5201/quantitative_2d_sensor_t126/points_2d_at_t0.npy,.npy,192
runs/sharerobot_fmb_episode_5201/quantitative_2d_sensor_t126/prediction_10hz.npy,.npy,2048
runs/sharerobot_fmb_episode_5201/quantitative_2d_sensor_t126/prediction_15hz.npy,.npy,3008
runs/sharerobot_fmb_episode_5201/quantitative_2d_sensor_t126/prediction_2d.npy,.npy,1408
runs/sharerobot_fmb_episode_5201/quantitative_2d_sensor_t126/prediction_time_15hz_s.npy,.npy,368
runs/sharerobot_fmb_episode_5201/quantitative_2d_sensor_t126/preflight.json,.json,1311
runs/sharerobot_fmb_episode_5201/quantitative_2d_sensor_t126/projection_check.json,.json,321
runs/sharerobot_fmb_episode_5201/quantitative_2d_sensor_t126/prompt_quantization_sensitivity.json,.json,5574
runs/sharerobot_fmb_episode_5201/quantitative_2d_sensor_t126/raw_model_output.txt,.txt,3059
runs/sharerobot_fmb_episode_5201/quantitative_2d_sensor_t126/reason_mask.npy,.npy,10368
runs/sharerobot_fmb_episode_5201/quantitative_2d_sensor_t126/rigid_correction_v1/corrected_prediction_10hz.npy,.npy,2048
runs/sharerobot_fmb_episode_5201/quantitative_2d_sensor_t126/rigid_correction_v1/corrected_prediction_15hz.npy,.npy,3008
runs/sharerobot_fmb_episode_5201/quantitative_2d_sensor_t126/rigid_correction_v1/corrected_prediction_2d.npy,.npy,1408
runs/sharerobot_fmb_episode_5201/quantitative_2d_sensor_t126/rigid_correction_v1/evaluation.json,.json,2762
runs/sharerobot_fmb_episode_5201/quantitative_2d_sensor_t126/rigid_correction_v1/rigid_correction.png,.png,79421
runs/sharerobot_fmb_episode_5201/quantitative_2d_sensor_t126/rigidity_check.json,.json,11947
runs/sharerobot_fmb_episode_5201/quantitative_2d_sensor_t126/sensor_vs_cad_silhouette_tcp.json,.json,3758
runs/sharerobot_fmb_episode_5201/quantitative_2d_sensor_t126/sensor_vs_pnp.json,.json,3730
runs/sharerobot_fmb_episode_5201/quantitative_2d_sensor_t126/sensor_vs_pnp_3d.png,.png,222003
runs/sharerobot_fmb_episode_5201/quantitative_2d_sensor_t126/share_to_fmb_mapping.png,.png,328343
runs/sharerobot_fmb_episode_5201/quantitative_2d_sensor_t126/study_media_v1/forecast_vs_observed.mp4,.mp4,344217
runs/sharerobot_fmb_episode_5201/quantitative_2d_sensor_t126/study_media_v1/forecast_vs_observed_overview.png,.png,759403
runs/sharerobot_fmb_episode_5201/quantitative_2d_sensor_t126/study_media_v1/geometry_methods.mp4,.mp4,417993
runs/sharerobot_fmb_episode_5201/quantitative_2d_sensor_t126/study_media_v1/geometry_methods_overview.png,.png,1334284
runs/sharerobot_fmb_episode_5201/quantitative_2d_sensor_t126/study_media_v1/input_and_geometry.mp4,.mp4,94012
runs/sharerobot_fmb_episode_5201/quantitative_2d_sensor_t126/study_media_v1/input_and_geometry_overview.png,.png,405342
runs/sharerobot_fmb_episode_5201/quantitative_2d_sensor_t126/study_media_v1/media_manifest.json,.json,977
runs/sharerobot_fmb_episode_5201/quantitative_2d_sensor_t126/temporal_forecast_diagnostic.json,.json,2524
runs/sharerobot_fmb_episode_5201/quantitative_2d_sensor_t126/temporal_interpretation.json,.json,1042
runs/sharerobot_fmb_episode_5201/quantitative_2d_sensor_t126/tracking_uncertainty_v1/tracker_disagreement.json,.json,675
runs/sharerobot_fmb_episode_5201/quantitative_2d_sensor_t126/tracking_uncertainty_v1/tracker_disagreement.png,.png,175683
runs/sharerobot_fmb_episode_5201/quantitative_2d_sensor_t126/validity_mask.npy,.npy,288
runs/sharerobot_fmb_episode_5201/quantitative_2d_sensor_t126/variants/cad_silhouette/model_run.json,.json,1970
runs/sharerobot_fmb_episode_5201/quantitative_2d_sensor_t126/variants/cad_silhouette/parser_validation.json,.json,394
runs/sharerobot_fmb_episode_5201/quantitative_2d_sensor_t126/variants/cad_silhouette/prediction_10hz.npy,.npy,2048
runs/sharerobot_fmb_episode_5201/quantitative_2d_sensor_t126/variants/cad_silhouette/prediction_15hz.npy,.npy,3008
runs/sharerobot_fmb_episode_5201/quantitative_2d_sensor_t126/variants/cad_silhouette/raw_model_output.txt,.txt,3530
runs/sharerobot_fmb_episode_5201/quantitative_2d_sensor_t126/variants/focal/model_run.json,.json,1963
runs/sharerobot_fmb_episode_5201/quantitative_2d_sensor_t126/variants/focal/parser_validation.json,.json,385
runs/sharerobot_fmb_episode_5201/quantitative_2d_sensor_t126/variants/focal/prediction_10hz.npy,.npy,2048
runs/sharerobot_fmb_episode_5201/quantitative_2d_sensor_t126/variants/focal/prediction_15hz.npy,.npy,3008
runs/sharerobot_fmb_episode_5201/quantitative_2d_sensor_t126/variants/focal/raw_model_output.txt,.txt,2906
runs/sharerobot_fmb_episode_5201/quantitative_2d_sensor_t126/variants/nominal_repeat/model_run.json,.json,1959
runs/sharerobot_fmb_episode_5201/quantitative_2d_sensor_t126/variants/nominal_repeat/parser_validation.json,.json,394
runs/sharerobot_fmb_episode_5201/quantitative_2d_sensor_t126/variants/nominal_repeat/prediction_15hz.npy,.npy,3008
runs/sharerobot_fmb_episode_5201/quantitative_2d_sensor_t126/variants/nominal_repeat/raw_model_output.txt,.txt,3059
runs/sharerobot_fmb_episode_5201/quantitative_2d_sensor_t126/variants/pnp/model_run.json,.json,1945
runs/sharerobot_fmb_episode_5201/quantitative_2d_sensor_t126/variants/pnp/parser_validation.json,.json,383
runs/sharerobot_fmb_episode_5201/quantitative_2d_sensor_t126/variants/pnp/prediction_10hz.npy,.npy,2048
runs/sharerobot_fmb_episode_5201/quantitative_2d_sensor_t126/variants/pnp/prediction_15hz.npy,.npy,3008
runs/sharerobot_fmb_episode_5201/quantitative_2d_sensor_t126/variants/pnp/raw_model_output.txt,.txt,2740
runs/sharerobot_fmb_episode_5201/quantitative_2d_sensor_t126/variants/simple/model_run.json,.json,1959
runs/sharerobot_fmb_episode_5201/quantitative_2d_sensor_t126/variants/simple/parser_validation.json,.json,386
runs/sharerobot_fmb_episode_5201/quantitative_2d_sensor_t126/variants/simple/prediction_10hz.npy,.npy,2048
runs/sharerobot_fmb_episode_5201/quantitative_2d_sensor_t126/variants/simple/prediction_15hz.npy,.npy,3008
runs/sharerobot_fmb_episode_5201/quantitative_2d_sensor_t126/variants/simple/raw_model_output.txt,.txt,2889
runs/sharerobot_fmb_episode_5201/quantitative_2d_sensor_t126/visual_review.json,.json,628
runs/sharerobot_fmb_episode_5201/quantitative_2d_sensor_t126/window_selection.json,.json,1709
runs/sharerobot_fmb_episode_5201/rgb_depth_alignment_check.json,.json,63448
runs/sharerobot_fmb_episode_5201/rgb_depth_alignment_edges.png,.png,630039
runs/sharerobot_fmb_episode_5201/rgb_depth_multiframe.png,.png,995635
runs/sharerobot_fmb_episode_5201/rgb_depth_side_by_side.png,.png,154311
runs/sharerobot_fmb_episode_5201/scene_montage.png,.png,916313
runs/sharerobot_fmb_episode_5201/share_to_source_mapping.csv,.csv,3437
runs/sharerobot_fmb_episode_5201/side_1_intrinsics_official,,4356
runs/sharerobot_fmb_episode_5201/side_1_pose_diversity_contact.png,.png,2877389
runs/sharerobot_fmb_episode_5201/source_side_1_step_000.png,.png,79714
runs/sharerobot_fmb_episode_5201/source_side_1_step_074.png,.png,79922
runs/sharerobot_fmb_episode_5201/temporal_alignment.json,.json,1419
runs/sharerobot_fmb_episode_5201/unidepthv2_aspect_metric_predictions.json,.json,3111
runs/sharerobot_fmb_episode_5201/unidepthv2_aspect_metric_predictions.npz,.npz,6769577
runs/sharerobot_fmb_episode_5201/unidepthv2_metric_predictions.json,.json,3071
runs/sharerobot_fmb_episode_5201/unidepthv2_metric_predictions.npz,.npz,6714132
runs/sharerobot_transfer_berkeley_ur5_episode_26/preflight.json,.json,4865
runs/sharerobot_transfer_berkeley_ur5_episode_26/reserve_fmb_episode_5201_frame_0.png,.png,80725
runs/sharerobot_transfer_berkeley_ur5_episode_26/reserve_fmb_episode_5201_frame_15.png,.png,80887
runs/sharerobot_transfer_berkeley_ur5_episode_26/reserve_fmb_side1_intrinsics,,4356
runs/sharerobot_transfer_berkeley_ur5_episode_26/sharerobot_frame_15.png,.png,419116
runs/sharerobot_transfer_berkeley_ur5_episode_26/zip_probe.txt,.txt,75
runs/smoke_real_f1.json,.json,327
runs/smoke_real_f1.npz,.npz,220
report/author_davis.md,.md,16878
report/author_davis_coordinate_audit.md,.md,49510
report/dobbe_approx_colmap_f2nerf_molmo.md,.md,10141
report/dobbe_colmap_clean_rerun.md,.md,15090
report/dobbe_colmap_official_baseline.md,.md,18888
report/dobbe_episode_3651_recovery.md,.md,11056
report/dobbe_rgbd_colmap_study.md,.md,26059
report/dobbe_vipe_publication.json,.json,951
report/dobbe_vipe_results/A/alltracker_execution.json,.json,781
report/dobbe_vipe_results/A/camera_diagnostics.png,.png,58549
report/dobbe_vipe_results/A/causal_tracks.mp4,.mp4,86104
report/dobbe_vipe_results/A/frame_map.json,.json,4768
report/dobbe_vipe_results/A/frames/00047.png,.png,85347
report/dobbe_vipe_results/A/frames/00048.png,.png,85077
report/dobbe_vipe_results/A/frames/00049.png,.png,84905
report/dobbe_vipe_results/A/geometry_diagnostics.png,.png,1161834
report/dobbe_vipe_results/A/geometry_gate.json,.json,3694
report/dobbe_vipe_results/A/hybrid/c2w_t0.npy,.npy,192
report/dobbe_vipe_results/A/hybrid/geometry_gate.json,.json,1228
report/dobbe_vipe_results/A/hybrid/model_run.json,.json,124
report/dobbe_vipe_results/A/hybrid/points_2d_t0.npy,.npy,192
report/dobbe_vipe_results/A/hybrid/points_3d_world.npy,.npy,416
report/dobbe_vipe_results/A/hybrid_alignment_review.json,.json,754
report/dobbe_vipe_results/A/independent_static_sift.json,.json,1298
report/dobbe_vipe_results/A/mask_annotation.json,.json,1001
report/dobbe_vipe_results/A/mask_t0.png,.png,1207
report/dobbe_vipe_results/A/measured_depth_edges_00047.png,.png,86275
report/dobbe_vipe_results/A/measured_depth_edges_00048.png,.png,85986
report/dobbe_vipe_results/A/measured_depth_edges_00049.png,.png,85797
report/dobbe_vipe_results/A/protocol.json,.json,1985
report/dobbe_vipe_results/A/protocol_action_correction.json,.json,373
report/dobbe_vipe_results/A/pure_vipe/c2w_t0.npy,.npy,192
report/dobbe_vipe_results/A/pure_vipe/geometry_gate.json,.json,517
report/dobbe_vipe_results/A/pure_vipe/model_run.json,.json,124
report/dobbe_vipe_results/A/pure_vipe/points_2d_t0.npy,.npy,192
report/dobbe_vipe_results/A/pure_vipe/points_3d_world.npy,.npy,416
report/dobbe_vipe_results/A/pure_vipe_unsmoothed/c2w_t0.npy,.npy,192
report/dobbe_vipe_results/A/pure_vipe_unsmoothed/geometry_gate.json,.json,518
report/dobbe_vipe_results/A/pure_vipe_unsmoothed/points_2d_t0.npy,.npy,192
report/dobbe_vipe_results/A/pure_vipe_unsmoothed/points_3d_world.npy,.npy,416
report/dobbe_vipe_results/A/query_overlay.png,.png,84791
report/dobbe_vipe_results/A/query_points.npz,.npz,4828
report/dobbe_vipe_results/A/rectified/alltracker_execution.json,.json,781
report/dobbe_vipe_results/A/rectified/camera_diagnostics.png,.png,53381
report/dobbe_vipe_results/A/rectified/causal_tracks.mp4,.mp4,88447
report/dobbe_vipe_results/A/rectified/frame_map.json,.json,1083
report/dobbe_vipe_results/A/rectified/frames/00047.png,.png,85347
report/dobbe_vipe_results/A/rectified/frames/00048.png,.png,85077
report/dobbe_vipe_results/A/rectified/frames/00049.png,.png,84905
report/dobbe_vipe_results/A/rectified/geometry_diagnostics.png,.png,1152014
report/dobbe_vipe_results/A/rectified/geometry_gate.json,.json,3749
report/dobbe_vipe_results/A/rectified/hybrid/c2w_t0.npy,.npy,192
report/dobbe_vipe_results/A/rectified/hybrid/geometry_gate.json,.json,1222
report/dobbe_vipe_results/A/rectified/hybrid/model_run.json,.json,124
report/dobbe_vipe_results/A/rectified/hybrid/points_2d_t0.npy,.npy,192
report/dobbe_vipe_results/A/rectified/hybrid/points_3d_world.npy,.npy,416
report/dobbe_vipe_results/A/rectified/hybrid_alignment_review.json,.json,754
report/dobbe_vipe_results/A/rectified/independent_static_sift.json,.json,1297
report/dobbe_vipe_results/A/rectified/mask_annotation.json,.json,1001
report/dobbe_vipe_results/A/rectified/mask_t0.png,.png,1207
report/dobbe_vipe_results/A/rectified/measured_depth_edges_00047.png,.png,86275
report/dobbe_vipe_results/A/rectified/measured_depth_edges_00048.png,.png,85986
report/dobbe_vipe_results/A/rectified/measured_depth_edges_00049.png,.png,85797
report/dobbe_vipe_results/A/rectified/protocol.json,.json,2401
report/dobbe_vipe_results/A/rectified/pure_vipe/c2w_t0.npy,.npy,192
report/dobbe_vipe_results/A/rectified/pure_vipe/geometry_gate.json,.json,517
report/dobbe_vipe_results/A/rectified/pure_vipe/model_run.json,.json,124
report/dobbe_vipe_results/A/rectified/pure_vipe/points_2d_t0.npy,.npy,192
report/dobbe_vipe_results/A/rectified/pure_vipe/points_3d_world.npy,.npy,416
report/dobbe_vipe_results/A/rectified/pure_vipe_unsmoothed/c2w_t0.npy,.npy,192
report/dobbe_vipe_results/A/rectified/pure_vipe_unsmoothed/geometry_gate.json,.json,518
report/dobbe_vipe_results/A/rectified/pure_vipe_unsmoothed/points_2d_t0.npy,.npy,192
report/dobbe_vipe_results/A/rectified/pure_vipe_unsmoothed/points_3d_world.npy,.npy,416
report/dobbe_vipe_results/A/rectified/query_points.npz,.npz,4828
report/dobbe_vipe_results/A/rectified/smoke_vipe/c2w_t0.npy,.npy,192
report/dobbe_vipe_results/A/rectified/smoke_vipe/geometry_gate.json,.json,868
report/dobbe_vipe_results/A/rectified/smoke_vipe/model_run.json,.json,124
report/dobbe_vipe_results/A/rectified/smoke_vipe/points_2d_t0.npy,.npy,192
report/dobbe_vipe_results/A/rectified/smoke_vipe/points_3d_world.npy,.npy,416
report/dobbe_vipe_results/A/rectified/static_sift_00036.npz,.npz,1278
report/dobbe_vipe_results/A/rectified/static_sift_00046.npz,.npz,1608
report/dobbe_vipe_results/A/rectified/static_sift_00047.npz,.npz,1740
report/dobbe_vipe_results/A/rectified/static_sift_00048.npz,.npz,1641
report/dobbe_vipe_results/A/rectified/vipe/intrinsics/causal_15hz.npz,.npz,1702
report/dobbe_vipe_results/A/rectified/vipe/intrinsics/causal_15hz_camera.txt,.txt,590
report/dobbe_vipe_results/A/rectified/vipe/pose/causal_15hz.npz,.npz,4102
report/dobbe_vipe_results/A/rectified/vipe_no_vda_execution.json,.json,724
report/dobbe_vipe_results/A/sift_audited/ablation_input_audit.json,.json,290
report/dobbe_vipe_results/A/sift_audited/ablation_input_audit_initial.json,.json,990
report/dobbe_vipe_results/A/sift_audited/alltracker_execution.json,.json,781
report/dobbe_vipe_results/A/sift_audited/camera_diagnostics.png,.png,53381
report/dobbe_vipe_results/A/sift_audited/causal_tracks.mp4,.mp4,88447
report/dobbe_vipe_results/A/sift_audited/control_protocol.json,.json,1199
report/dobbe_vipe_results/A/sift_audited/frame_map.json,.json,1083
report/dobbe_vipe_results/A/sift_audited/frames/00047.png,.png,85347
report/dobbe_vipe_results/A/sift_audited/frames/00048.png,.png,85077
report/dobbe_vipe_results/A/sift_audited/frames/00049.png,.png,84905
report/dobbe_vipe_results/A/sift_audited/geometry_diagnostics.png,.png,1152014
report/dobbe_vipe_results/A/sift_audited/geometry_gate.json,.json,3679
report/dobbe_vipe_results/A/sift_audited/hybrid/c2w_t0.npy,.npy,192
report/dobbe_vipe_results/A/sift_audited/hybrid/geometry_gate.json,.json,2313
report/dobbe_vipe_results/A/sift_audited/hybrid/model_run.json,.json,126
report/dobbe_vipe_results/A/sift_audited/hybrid/points_2d_t0.npy,.npy,192
report/dobbe_vipe_results/A/sift_audited/hybrid/points_3d_world.npy,.npy,416
report/dobbe_vipe_results/A/sift_audited/hybrid_alignment_review.json,.json,754
report/dobbe_vipe_results/A/sift_audited/independent_static_sift.json,.json,1297
report/dobbe_vipe_results/A/sift_audited/mask_annotation.json,.json,1001
report/dobbe_vipe_results/A/sift_audited/mask_t0.png,.png,1207
report/dobbe_vipe_results/A/sift_audited/measured_depth_edges_00047.png,.png,86275
report/dobbe_vipe_results/A/sift_audited/measured_depth_edges_00048.png,.png,85986
report/dobbe_vipe_results/A/sift_audited/measured_depth_edges_00049.png,.png,85797
report/dobbe_vipe_results/A/sift_audited/paired_depth_comparison.png,.png,151773
report/dobbe_vipe_results/A/sift_audited/paired_forecast_summary.json,.json,565
report/dobbe_vipe_results/A/sift_audited/paired_hybrid/c2w_t0.npy,.npy,192
report/dobbe_vipe_results/A/sift_audited/paired_hybrid/evaluation/alltracker_execution.json,.json,684
report/dobbe_vipe_results/A/sift_audited/paired_hybrid/evaluation/conditional_error_over_time.png,.png,93444
report/dobbe_vipe_results/A/sift_audited/paired_hybrid/evaluation/conditional_projection.npz,.npz,15100
report/dobbe_vipe_results/A/sift_audited/paired_hybrid/evaluation/future_access_receipt.json,.json,1086
report/dobbe_vipe_results/A/sift_audited/paired_hybrid/evaluation/future_comparison.png,.png,1040051
report/dobbe_vipe_results/A/sift_audited/paired_hybrid/evaluation/future_overlay.mp4,.mp4,273253
report/dobbe_vipe_results/A/sift_audited/paired_hybrid/evaluation/metrics.json,.json,4128
report/dobbe_vipe_results/A/sift_audited/paired_hybrid/evaluation/observed_future_tracks.npz,.npz,4802
report/dobbe_vipe_results/A/sift_audited/paired_hybrid/forecast_3d.png,.png,241290
report/dobbe_vipe_results/A/sift_audited/paired_hybrid/geometry_gate.json,.json,2299
report/dobbe_vipe_results/A/sift_audited/paired_hybrid/input_freeze.json,.json,1340
report/dobbe_vipe_results/A/sift_audited/paired_hybrid/model_run.json,.json,809
report/dobbe_vipe_results/A/sift_audited/paired_hybrid/points_2d_t0.npy,.npy,192
report/dobbe_vipe_results/A/sift_audited/paired_hybrid/points_3d_camera_t0_diagnostic.npy,.npy,416
report/dobbe_vipe_results/A/sift_audited/paired_hybrid/points_3d_world.npy,.npy,416
report/dobbe_vipe_results/A/sift_audited/paired_hybrid/prediction_15hz.npy,.npy,3008
report/dobbe_vipe_results/A/sift_audited/paired_hybrid/prediction_parsed_visibility.npy,.npy,368
report/dobbe_vipe_results/A/sift_audited/paired_hybrid/processor_equivalence.json,.json,408
report/dobbe_vipe_results/A/sift_audited/paired_hybrid/raw_model_output.txt,.txt,3011
report/dobbe_vipe_results/A/sift_audited/paired_selection_audit.json,.json,1678
report/dobbe_vipe_results/A/sift_audited/paired_selection_protocol.json,.json,874
report/dobbe_vipe_results/A/sift_audited/paired_vipe/c2w_t0.npy,.npy,192
report/dobbe_vipe_results/A/sift_audited/paired_vipe/evaluation/alltracker_execution.json,.json,684
report/dobbe_vipe_results/A/sift_audited/paired_vipe/evaluation/conditional_error_over_time.png,.png,98057
report/dobbe_vipe_results/A/sift_audited/paired_vipe/evaluation/conditional_projection.npz,.npz,15100
report/dobbe_vipe_results/A/sift_audited/paired_vipe/evaluation/future_access_receipt.json,.json,1086
report/dobbe_vipe_results/A/sift_audited/paired_vipe/evaluation/future_comparison.png,.png,1040174
report/dobbe_vipe_results/A/sift_audited/paired_vipe/evaluation/future_overlay.mp4,.mp4,274255
report/dobbe_vipe_results/A/sift_audited/paired_vipe/evaluation/metrics.json,.json,4137
report/dobbe_vipe_results/A/sift_audited/paired_vipe/evaluation/observed_future_tracks.npz,.npz,4802
report/dobbe_vipe_results/A/sift_audited/paired_vipe/forecast_3d.png,.png,236724
report/dobbe_vipe_results/A/sift_audited/paired_vipe/geometry_gate.json,.json,2224
report/dobbe_vipe_results/A/sift_audited/paired_vipe/input_freeze.json,.json,1330
report/dobbe_vipe_results/A/sift_audited/paired_vipe/model_run.json,.json,803
report/dobbe_vipe_results/A/sift_audited/paired_vipe/points_2d_t0.npy,.npy,192
report/dobbe_vipe_results/A/sift_audited/paired_vipe/points_3d_camera_t0_diagnostic.npy,.npy,416
report/dobbe_vipe_results/A/sift_audited/paired_vipe/points_3d_world.npy,.npy,416
report/dobbe_vipe_results/A/sift_audited/paired_vipe/prediction_15hz.npy,.npy,3008
report/dobbe_vipe_results/A/sift_audited/paired_vipe/prediction_parsed_visibility.npy,.npy,368
report/dobbe_vipe_results/A/sift_audited/paired_vipe/processor_equivalence.json,.json,408
report/dobbe_vipe_results/A/sift_audited/paired_vipe/raw_model_output.txt,.txt,3071
report/dobbe_vipe_results/A/sift_audited/protocol.json,.json,2624
report/dobbe_vipe_results/A/sift_audited/pure_vipe/c2w_t0.npy,.npy,192
report/dobbe_vipe_results/A/sift_audited/pure_vipe/evaluation/alltracker_execution.json,.json,684
report/dobbe_vipe_results/A/sift_audited/pure_vipe/evaluation/conditional_error_over_time.png,.png,100371
report/dobbe_vipe_results/A/sift_audited/pure_vipe/evaluation/conditional_projection.npz,.npz,15100
report/dobbe_vipe_results/A/sift_audited/pure_vipe/evaluation/future_access_receipt.json,.json,1086
report/dobbe_vipe_results/A/sift_audited/pure_vipe/evaluation/future_comparison.png,.png,1038508
report/dobbe_vipe_results/A/sift_audited/pure_vipe/evaluation/future_overlay.mp4,.mp4,271893
report/dobbe_vipe_results/A/sift_audited/pure_vipe/evaluation/metrics.json,.json,4129
report/dobbe_vipe_results/A/sift_audited/pure_vipe/evaluation/observed_future_tracks.npz,.npz,4802
report/dobbe_vipe_results/A/sift_audited/pure_vipe/forecast_3d.png,.png,220153
report/dobbe_vipe_results/A/sift_audited/pure_vipe/geometry_gate.json,.json,872
report/dobbe_vipe_results/A/sift_audited/pure_vipe/input_freeze.json,.json,1320
report/dobbe_vipe_results/A/sift_audited/pure_vipe/model_run.json,.json,806
report/dobbe_vipe_results/A/sift_audited/pure_vipe/points_2d_t0.npy,.npy,192
report/dobbe_vipe_results/A/sift_audited/pure_vipe/points_3d_camera_t0_diagnostic.npy,.npy,416
report/dobbe_vipe_results/A/sift_audited/pure_vipe/points_3d_world.npy,.npy,416
report/dobbe_vipe_results/A/sift_audited/pure_vipe/prediction_15hz.npy,.npy,3008
report/dobbe_vipe_results/A/sift_audited/pure_vipe/prediction_parsed_visibility.npy,.npy,368
report/dobbe_vipe_results/A/sift_audited/pure_vipe/processor_equivalence.json,.json,408
report/dobbe_vipe_results/A/sift_audited/pure_vipe/raw_model_output.txt,.txt,3191
report/dobbe_vipe_results/A/sift_audited/pure_vipe_unsmoothed/c2w_t0.npy,.npy,192
report/dobbe_vipe_results/A/sift_audited/pure_vipe_unsmoothed/evaluation/alltracker_execution.json,.json,684
report/dobbe_vipe_results/A/sift_audited/pure_vipe_unsmoothed/evaluation/conditional_error_over_time.png,.png,100121
report/dobbe_vipe_results/A/sift_audited/pure_vipe_unsmoothed/evaluation/conditional_projection.npz,.npz,15100
report/dobbe_vipe_results/A/sift_audited/pure_vipe_unsmoothed/evaluation/future_access_receipt.json,.json,1086
report/dobbe_vipe_results/A/sift_audited/pure_vipe_unsmoothed/evaluation/future_comparison.png,.png,1038309
report/dobbe_vipe_results/A/sift_audited/pure_vipe_unsmoothed/evaluation/future_overlay.mp4,.mp4,272441
report/dobbe_vipe_results/A/sift_audited/pure_vipe_unsmoothed/evaluation/metrics.json,.json,4127
report/dobbe_vipe_results/A/sift_audited/pure_vipe_unsmoothed/evaluation/observed_future_tracks.npz,.npz,4802
report/dobbe_vipe_results/A/sift_audited/pure_vipe_unsmoothed/forecast_3d.png,.png,215201
report/dobbe_vipe_results/A/sift_audited/pure_vipe_unsmoothed/geometry_gate.json,.json,873
report/dobbe_vipe_results/A/sift_audited/pure_vipe_unsmoothed/input_freeze.json,.json,1375
report/dobbe_vipe_results/A/sift_audited/pure_vipe_unsmoothed/model_run.json,.json,816
report/dobbe_vipe_results/A/sift_audited/pure_vipe_unsmoothed/points_2d_t0.npy,.npy,192
report/dobbe_vipe_results/A/sift_audited/pure_vipe_unsmoothed/points_3d_camera_t0_diagnostic.npy,.npy,416
report/dobbe_vipe_results/A/sift_audited/pure_vipe_unsmoothed/points_3d_world.npy,.npy,416
report/dobbe_vipe_results/A/sift_audited/pure_vipe_unsmoothed/prediction_15hz.npy,.npy,3008
report/dobbe_vipe_results/A/sift_audited/pure_vipe_unsmoothed/prediction_parsed_visibility.npy,.npy,368
report/dobbe_vipe_results/A/sift_audited/pure_vipe_unsmoothed/processor_equivalence.json,.json,408
report/dobbe_vipe_results/A/sift_audited/pure_vipe_unsmoothed/raw_model_output.txt,.txt,3221
report/dobbe_vipe_results/A/sift_audited/query_points.npz,.npz,4828
report/dobbe_vipe_results/A/sift_audited/rejected_sensor_queries/hybrid/c2w_t0.npy,.npy,192
report/dobbe_vipe_results/A/sift_audited/rejected_sensor_queries/hybrid/geometry_gate.json,.json,2283
report/dobbe_vipe_results/A/sift_audited/rejected_sensor_queries/hybrid/points_2d_t0.npy,.npy,192
report/dobbe_vipe_results/A/sift_audited/rejected_sensor_queries/hybrid/points_3d_world.npy,.npy,416
report/dobbe_vipe_results/A/sift_audited/rejected_sensor_queries/pure_vipe_unsmoothed/c2w_t0.npy,.npy,192
report/dobbe_vipe_results/A/sift_audited/rejected_sensor_queries/pure_vipe_unsmoothed/geometry_gate.json,.json,873
report/dobbe_vipe_results/A/sift_audited/rejected_sensor_queries/pure_vipe_unsmoothed/points_2d_t0.npy,.npy,192
report/dobbe_vipe_results/A/sift_audited/rejected_sensor_queries/pure_vipe_unsmoothed/points_3d_world.npy,.npy,416
report/dobbe_vipe_results/A/sift_audited/smoke_vipe/c2w_t0.npy,.npy,192
report/dobbe_vipe_results/A/sift_audited/smoke_vipe/evaluation/alltracker_execution.json,.json,684
report/dobbe_vipe_results/A/sift_audited/smoke_vipe/evaluation/conditional_error_over_time.png,.png,100570
report/dobbe_vipe_results/A/sift_audited/smoke_vipe/evaluation/conditional_projection.npz,.npz,15100
report/dobbe_vipe_results/A/sift_audited/smoke_vipe/evaluation/future_access_receipt.json,.json,1086
report/dobbe_vipe_results/A/sift_audited/smoke_vipe/evaluation/future_comparison.png,.png,1035320
report/dobbe_vipe_results/A/sift_audited/smoke_vipe/evaluation/future_overlay.mp4,.mp4,273527
report/dobbe_vipe_results/A/sift_audited/smoke_vipe/evaluation/metrics.json,.json,4136
report/dobbe_vipe_results/A/sift_audited/smoke_vipe/evaluation/observed_future_tracks.npz,.npz,4802
report/dobbe_vipe_results/A/sift_audited/smoke_vipe/forecast_3d.png,.png,233878
report/dobbe_vipe_results/A/sift_audited/smoke_vipe/geometry_gate.json,.json,1223
report/dobbe_vipe_results/A/sift_audited/smoke_vipe/input_freeze.json,.json,1325
report/dobbe_vipe_results/A/sift_audited/smoke_vipe/model_run.json,.json,808
report/dobbe_vipe_results/A/sift_audited/smoke_vipe/points_2d_t0.npy,.npy,192
report/dobbe_vipe_results/A/sift_audited/smoke_vipe/points_3d_camera_t0_diagnostic.npy,.npy,416
report/dobbe_vipe_results/A/sift_audited/smoke_vipe/points_3d_world.npy,.npy,416
report/dobbe_vipe_results/A/sift_audited/smoke_vipe/prediction_15hz.npy,.npy,3008
report/dobbe_vipe_results/A/sift_audited/smoke_vipe/prediction_parsed_visibility.npy,.npy,368
report/dobbe_vipe_results/A/sift_audited/smoke_vipe/processor_equivalence.json,.json,408
report/dobbe_vipe_results/A/sift_audited/smoke_vipe/raw_model_output.txt,.txt,3221
report/dobbe_vipe_results/A/sift_audited/static_sift_00036.npz,.npz,1278
report/dobbe_vipe_results/A/sift_audited/static_sift_00046.npz,.npz,1608
report/dobbe_vipe_results/A/sift_audited/static_sift_00047.npz,.npz,1740
report/dobbe_vipe_results/A/sift_audited/static_sift_00048.npz,.npz,1641
report/dobbe_vipe_results/A/sift_audited/vipe/intrinsics/causal_15hz.npz,.npz,1702
report/dobbe_vipe_results/A/sift_audited/vipe/intrinsics/causal_15hz_camera.txt,.txt,590
report/dobbe_vipe_results/A/sift_audited/vipe/pose/causal_15hz.npz,.npz,4102
report/dobbe_vipe_results/A/sift_audited/vipe_no_vda_execution.json,.json,724
report/dobbe_vipe_results/A/smoke_vipe/c2w_t0.npy,.npy,192
report/dobbe_vipe_results/A/smoke_vipe/geometry_gate.json,.json,868
report/dobbe_vipe_results/A/smoke_vipe/model_run.json,.json,124
report/dobbe_vipe_results/A/smoke_vipe/points_2d_t0.npy,.npy,192
report/dobbe_vipe_results/A/smoke_vipe/points_3d_camera_t0_diagnostic.npy,.npy,416
report/dobbe_vipe_results/A/smoke_vipe/points_3d_world.npy,.npy,416
report/dobbe_vipe_results/A/smoke_vipe/processor_equivalence.json,.json,408
report/dobbe_vipe_results/A/static_sift_00036.npz,.npz,1278
report/dobbe_vipe_results/A/static_sift_00046.npz,.npz,1608
report/dobbe_vipe_results/A/static_sift_00047.npz,.npz,1740
report/dobbe_vipe_results/A/static_sift_00048.npz,.npz,1641
report/dobbe_vipe_results/A/vipe/intrinsics/causal_15hz.npz,.npz,1702
report/dobbe_vipe_results/A/vipe/intrinsics/causal_15hz_camera.txt,.txt,590
report/dobbe_vipe_results/A/vipe/pose/causal_15hz.npz,.npz,4102
report/dobbe_vipe_results/A/vipe_no_vda_execution.json,.json,704
report/dobbe_vipe_results/B/alltracker_execution.json,.json,779
report/dobbe_vipe_results/B/camera_diagnostics.png,.png,59434
report/dobbe_vipe_results/B/causal_tracks.mp4,.mp4,995750
report/dobbe_vipe_results/B/default/alltracker_execution.json,.json,779
report/dobbe_vipe_results/B/default/camera_diagnostics.png,.png,54917
report/dobbe_vipe_results/B/default/causal_tracks.mp4,.mp4,994260
report/dobbe_vipe_results/B/default/frame_map.json,.json,1232
report/dobbe_vipe_results/B/default/frames/00059.png,.png,160933
report/dobbe_vipe_results/B/default/frames/00060.png,.png,159385
report/dobbe_vipe_results/B/default/frames/00061.png,.png,160333
report/dobbe_vipe_results/B/default/geometry_diagnostics.png,.png,1918495
report/dobbe_vipe_results/B/default/geometry_gate.json,.json,3739
report/dobbe_vipe_results/B/default/hybrid/c2w_t0.npy,.npy,192
report/dobbe_vipe_results/B/default/hybrid/geometry_gate.json,.json,1227
report/dobbe_vipe_results/B/default/hybrid/points_2d_t0.npy,.npy,192
report/dobbe_vipe_results/B/default/hybrid/points_3d_world.npy,.npy,416
report/dobbe_vipe_results/B/default/mask_annotation.json,.json,1243
report/dobbe_vipe_results/B/default/mask_t0.png,.png,1111
report/dobbe_vipe_results/B/default/measured_depth_edges_00059.png,.png,161039
report/dobbe_vipe_results/B/default/measured_depth_edges_00060.png,.png,160299
report/dobbe_vipe_results/B/default/measured_depth_edges_00061.png,.png,160941
report/dobbe_vipe_results/B/default/protocol.json,.json,2434
report/dobbe_vipe_results/B/default/pure_vipe/c2w_t0.npy,.npy,192
report/dobbe_vipe_results/B/default/pure_vipe/geometry_gate.json,.json,517
report/dobbe_vipe_results/B/default/pure_vipe/model_run.json,.json,153
report/dobbe_vipe_results/B/default/pure_vipe/points_2d_t0.npy,.npy,192
report/dobbe_vipe_results/B/default/pure_vipe/points_3d_world.npy,.npy,416
report/dobbe_vipe_results/B/default/pure_vipe_unsmoothed/c2w_t0.npy,.npy,192
report/dobbe_vipe_results/B/default/pure_vipe_unsmoothed/geometry_gate.json,.json,518
report/dobbe_vipe_results/B/default/pure_vipe_unsmoothed/points_2d_t0.npy,.npy,192
report/dobbe_vipe_results/B/default/pure_vipe_unsmoothed/points_3d_world.npy,.npy,416
report/dobbe_vipe_results/B/default/query_points.npz,.npz,6796
report/dobbe_vipe_results/B/default/vipe/intrinsics/causal_15hz.npz,.npz,1990
report/dobbe_vipe_results/B/default/vipe/intrinsics/causal_15hz_camera.txt,.txt,734
report/dobbe_vipe_results/B/default/vipe/pose/causal_15hz.npz,.npz,4966
report/dobbe_vipe_results/B/default/vipe_default_execution.json,.json,721
report/dobbe_vipe_results/B/frame_map.json,.json,5884
report/dobbe_vipe_results/B/frames/00059.png,.png,160933
report/dobbe_vipe_results/B/frames/00060.png,.png,159385
report/dobbe_vipe_results/B/frames/00061.png,.png,160333
report/dobbe_vipe_results/B/geometry_diagnostics.png,.png,1973512
report/dobbe_vipe_results/B/geometry_gate.json,.json,3685
report/dobbe_vipe_results/B/hybrid/c2w_t0.npy,.npy,192
report/dobbe_vipe_results/B/hybrid/geometry_gate.json,.json,1229
report/dobbe_vipe_results/B/hybrid/points_2d_t0.npy,.npy,192
report/dobbe_vipe_results/B/hybrid/points_3d_world.npy,.npy,416
report/dobbe_vipe_results/B/independent_static_sift.json,.json,1178
report/dobbe_vipe_results/B/mask_annotation.json,.json,1243
report/dobbe_vipe_results/B/mask_t0.png,.png,1111
report/dobbe_vipe_results/B/measured_depth_edges_00059.png,.png,161039
report/dobbe_vipe_results/B/measured_depth_edges_00060.png,.png,160299
report/dobbe_vipe_results/B/measured_depth_edges_00061.png,.png,160941
report/dobbe_vipe_results/B/protocol.json,.json,2101
report/dobbe_vipe_results/B/protocol_action_correction.json,.json,359
report/dobbe_vipe_results/B/pure_vipe/c2w_t0.npy,.npy,192
report/dobbe_vipe_results/B/pure_vipe/geometry_gate.json,.json,516
report/dobbe_vipe_results/B/pure_vipe/model_run.json,.json,153
report/dobbe_vipe_results/B/pure_vipe/points_2d_t0.npy,.npy,192
report/dobbe_vipe_results/B/pure_vipe/points_3d_world.npy,.npy,416
report/dobbe_vipe_results/B/pure_vipe_unsmoothed/c2w_t0.npy,.npy,192
report/dobbe_vipe_results/B/pure_vipe_unsmoothed/geometry_gate.json,.json,517
report/dobbe_vipe_results/B/pure_vipe_unsmoothed/points_2d_t0.npy,.npy,192
report/dobbe_vipe_results/B/pure_vipe_unsmoothed/points_3d_world.npy,.npy,416
report/dobbe_vipe_results/B/query_overlay.png,.png,162403
report/dobbe_vipe_results/B/query_points.npz,.npz,6796
report/dobbe_vipe_results/B/rectified/alltracker_execution.json,.json,779
report/dobbe_vipe_results/B/rectified/camera_diagnostics.png,.png,58422
report/dobbe_vipe_results/B/rectified/causal_tracks.mp4,.mp4,966158
report/dobbe_vipe_results/B/rectified/frame_map.json,.json,1263
report/dobbe_vipe_results/B/rectified/frames/00059.png,.png,160933
report/dobbe_vipe_results/B/rectified/frames/00060.png,.png,159385
report/dobbe_vipe_results/B/rectified/frames/00061.png,.png,160333
report/dobbe_vipe_results/B/rectified/geometry_diagnostics.png,.png,1944224
report/dobbe_vipe_results/B/rectified/geometry_gate.json,.json,3751
report/dobbe_vipe_results/B/rectified/hybrid/c2w_t0.npy,.npy,192
report/dobbe_vipe_results/B/rectified/hybrid/geometry_gate.json,.json,1226
report/dobbe_vipe_results/B/rectified/hybrid/points_2d_t0.npy,.npy,192
report/dobbe_vipe_results/B/rectified/hybrid/points_3d_world.npy,.npy,416
report/dobbe_vipe_results/B/rectified/independent_static_sift.json,.json,1182
report/dobbe_vipe_results/B/rectified/mask_annotation.json,.json,1243
report/dobbe_vipe_results/B/rectified/mask_t0.png,.png,1111
report/dobbe_vipe_results/B/rectified/measured_depth_edges_00059.png,.png,161039
report/dobbe_vipe_results/B/rectified/measured_depth_edges_00060.png,.png,160299
report/dobbe_vipe_results/B/rectified/measured_depth_edges_00061.png,.png,160941
report/dobbe_vipe_results/B/rectified/protocol.json,.json,2517
report/dobbe_vipe_results/B/rectified/pure_vipe/c2w_t0.npy,.npy,192
report/dobbe_vipe_results/B/rectified/pure_vipe/geometry_gate.json,.json,515
report/dobbe_vipe_results/B/rectified/pure_vipe/model_run.json,.json,132
report/dobbe_vipe_results/B/rectified/pure_vipe/points_2d_t0.npy,.npy,192
report/dobbe_vipe_results/B/rectified/pure_vipe/points_3d_world.npy,.npy,416
report/dobbe_vipe_results/B/rectified/pure_vipe_unsmoothed/c2w_t0.npy,.npy,192
report/dobbe_vipe_results/B/rectified/pure_vipe_unsmoothed/geometry_gate.json,.json,516
report/dobbe_vipe_results/B/rectified/pure_vipe_unsmoothed/points_2d_t0.npy,.npy,192
report/dobbe_vipe_results/B/rectified/pure_vipe_unsmoothed/points_3d_world.npy,.npy,416
report/dobbe_vipe_results/B/rectified/query_points.npz,.npz,6796
report/dobbe_vipe_results/B/rectified/static_sift_00058.npz,.npz,1641
report/dobbe_vipe_results/B/rectified/static_sift_00059.npz,.npz,2169
report/dobbe_vipe_results/B/rectified/static_sift_00060.npz,.npz,4743
report/dobbe_vipe_results/B/rectified/vipe/intrinsics/causal_15hz.npz,.npz,1990
report/dobbe_vipe_results/B/rectified/vipe/intrinsics/causal_15hz_camera.txt,.txt,734
report/dobbe_vipe_results/B/rectified/vipe/pose/causal_15hz.npz,.npz,4966
report/dobbe_vipe_results/B/rectified/vipe_no_vda_execution.json,.json,724
report/dobbe_vipe_results/B/static_sift_00058.npz,.npz,1641
report/dobbe_vipe_results/B/static_sift_00059.npz,.npz,2169
report/dobbe_vipe_results/B/static_sift_00060.npz,.npz,4743
report/dobbe_vipe_results/B/vipe/intrinsics/causal_15hz.npz,.npz,1990
report/dobbe_vipe_results/B/vipe/intrinsics/causal_15hz_camera.txt,.txt,734
report/dobbe_vipe_results/B/vipe/pose/causal_15hz.npz,.npz,4966
report/dobbe_vipe_results/B/vipe_no_vda_execution.json,.json,660
report/dobbe_vipe_results/B/vipe_no_vda_gdown6_failure_execution.json,.json,658
report/dobbe_vipe_results/C/alltracker_execution.json,.json,781
report/dobbe_vipe_results/C/camera_diagnostics.png,.png,55969
report/dobbe_vipe_results/C/causal_tracks.mp4,.mp4,74286
report/dobbe_vipe_results/C/frame_map.json,.json,3020
report/dobbe_vipe_results/C/frames/00028.png,.png,96042
report/dobbe_vipe_results/C/frames/00029.png,.png,94019
report/dobbe_vipe_results/C/frames/00030.png,.png,93654
report/dobbe_vipe_results/C/geometry_diagnostics.png,.png,1308960
report/dobbe_vipe_results/C/geometry_gate.json,.json,3722
report/dobbe_vipe_results/C/hybrid/c2w_t0.npy,.npy,192
report/dobbe_vipe_results/C/hybrid/geometry_gate.json,.json,1224
report/dobbe_vipe_results/C/hybrid/model_run.json,.json,106
report/dobbe_vipe_results/C/hybrid/points_2d_t0.npy,.npy,192
report/dobbe_vipe_results/C/hybrid/points_3d_world.npy,.npy,416
report/dobbe_vipe_results/C/hybrid_alignment_review.json,.json,571
report/dobbe_vipe_results/C/mask_annotation.json,.json,1290
report/dobbe_vipe_results/C/mask_t0.png,.png,1704
report/dobbe_vipe_results/C/measured_depth_edges_00028.png,.png,95829
report/dobbe_vipe_results/C/measured_depth_edges_00029.png,.png,93959
report/dobbe_vipe_results/C/measured_depth_edges_00030.png,.png,93612
report/dobbe_vipe_results/C/protocol.json,.json,1829
report/dobbe_vipe_results/C/pure_vipe/c2w_t0.npy,.npy,192
report/dobbe_vipe_results/C/pure_vipe/evaluation/alltracker_execution.json,.json,665
report/dobbe_vipe_results/C/pure_vipe/evaluation/conditional_error_over_time.png,.png,80967
report/dobbe_vipe_results/C/pure_vipe/evaluation/conditional_projection.npz,.npz,15100
report/dobbe_vipe_results/C/pure_vipe/evaluation/future_access_receipt.json,.json,580
report/dobbe_vipe_results/C/pure_vipe/evaluation/future_comparison.png,.png,1411658
report/dobbe_vipe_results/C/pure_vipe/evaluation/future_overlay.mp4,.mp4,367852
report/dobbe_vipe_results/C/pure_vipe/evaluation/metrics.json,.json,4129
report/dobbe_vipe_results/C/pure_vipe/evaluation/observed_future_tracks.npz,.npz,4802
report/dobbe_vipe_results/C/pure_vipe/forecast_3d.png,.png,296807
report/dobbe_vipe_results/C/pure_vipe/geometry_gate.json,.json,511
report/dobbe_vipe_results/C/pure_vipe/input_freeze.json,.json,1317
report/dobbe_vipe_results/C/pure_vipe/model_run.json,.json,658
report/dobbe_vipe_results/C/pure_vipe/points_2d_t0.npy,.npy,192
report/dobbe_vipe_results/C/pure_vipe/points_3d_camera_t0_diagnostic.npy,.npy,416
report/dobbe_vipe_results/C/pure_vipe/points_3d_world.npy,.npy,416
report/dobbe_vipe_results/C/pure_vipe/prediction_15hz.npy,.npy,3008
report/dobbe_vipe_results/C/pure_vipe/prediction_parsed_visibility.npy,.npy,368
report/dobbe_vipe_results/C/pure_vipe/processor_equivalence.json,.json,408
report/dobbe_vipe_results/C/pure_vipe/raw_model_output.txt,.txt,3300
report/dobbe_vipe_results/C/pure_vipe_unsmoothed/c2w_t0.npy,.npy,192
report/dobbe_vipe_results/C/pure_vipe_unsmoothed/geometry_gate.json,.json,512
report/dobbe_vipe_results/C/pure_vipe_unsmoothed/points_2d_t0.npy,.npy,192
report/dobbe_vipe_results/C/pure_vipe_unsmoothed/points_3d_world.npy,.npy,416
report/dobbe_vipe_results/C/query_overlay.png,.png,95550
report/dobbe_vipe_results/C/query_points.npz,.npz,4684
report/dobbe_vipe_results/C/vipe/intrinsics/causal_15hz.npz,.npz,1246
report/dobbe_vipe_results/C/vipe/intrinsics/causal_15hz_camera.txt,.txt,362
report/dobbe_vipe_results/C/vipe/pose/causal_15hz.npz,.npz,2734
report/dobbe_vipe_results/C/vipe_no_vda_execution.json,.json,704
report/dobbe_vipe_results/environment.freeze.txt,.txt,2095
report/dobbe_vipe_results/implementation_checks.json,.json,279
report/dobbe_vipe_results/manifest.json,.json,98373
report/dobbe_vipe_results/verification.json,.json,2080
report/dobbe_vipe_v1.md,.md,31819
report/fmb_alternative_calibration_abc.md,.md,8928
report/fmb_cad_metric_depth_experiment.md,.md,49624
report/fmb_colmap_official_baseline.md,.md,20423
report/fmb_effective_k_256_calibration.md,.md,32170
report/fmb_geometry_forecast_study.md,.md,42730
report/fmb_quantitative_2d_episode_5201.md,.md,22334
report/fmb_quantitative_2d_second_trial.md,.md,17875
report/fmb_second_scene_export.md,.md,16018
report/fmb_v2_berkeley_matched.md,.md,24233
report/fmb_wrist_v3.md,.md,26957
report/fmb_wrist_v4_improvement.md,.md,21481
report/plex_dobbe_sharerobot_preflight.md,.md,17727
report/PUBLICATION.md,.md,8356
report/README.md,.md,3544
report/remaining_assets.md,.md,3318
report/remaining_assets_manifest.json,.json,1036641
report/second_episode_geometry.md,.md,26383
report/sharerobot_fmb_episode_5201.md,.md,19388
report/sharerobot_transfer.md,.md,19514
visualizations/data/artifact_audit.json,.json,1539
visualizations/data/dobbe/A/history.npy,.npy,416
visualizations/data/dobbe/A/history_world.npy,.npy,704
visualizations/data/dobbe/A/K.npy,.npy,200
visualizations/data/dobbe/A/model_run.json,.json,2142
visualizations/data/dobbe/A/prediction.npy,.npy,3008
visualizations/data/dobbe/A/projected_forecast_30hz.npy,.npy,7936
visualizations/data/dobbe/A/raw_model_output.txt,.txt,2800
visualizations/data/dobbe/A/reconstruction.json,.json,42712
visualizations/data/dobbe/B/history.npy,.npy,416
visualizations/data/dobbe/B/history_world.npy,.npy,704
visualizations/data/dobbe/B/K.npy,.npy,200
visualizations/data/dobbe/B/model_run.json,.json,2142
visualizations/data/dobbe/B/prediction.npy,.npy,3008
visualizations/data/dobbe/B/projected_forecast_30hz.npy,.npy,7936
visualizations/data/dobbe/B/raw_model_output.txt,.txt,3012
visualizations/data/dobbe/B/reconstruction.json,.json,96924
visualizations/data/dobbe/comparison_by_step.csv,.csv,1890
visualizations/data/dobbe/comparison_metrics.json,.json,2793
visualizations/data/dobbe/geometry_audit.json,.json,6465
visualizations/data/dobbe/input_freeze.json,.json,2905
visualizations/data/dobbe/observed_rgb_uv.npy,.npy,4032
visualizations/data/dobbe/observed_rgb_valid.npy,.npy,616
visualizations/data/dobbe/official_database_audit.json,.json,148
visualizations/data/dobbe/official_execution.json,.json,1065
visualizations/data/dobbe/protocol.json,.json,10181
visualizations/data/dobbe/rgb_tracking.json,.json,20208
visualizations/data/dobbe/shared/history_depth_m.npy,.npy,320
visualizations/data/dobbe/shared/history_uv.npy,.npy,512
visualizations/data/dobbe/shared/points_2d_at_t0.npy,.npy,192
visualizations/data/dobbe/shared/poses_c2w.npy,.npy,512
visualizations/data/dobbe/shared/rgb_0096.png,.png,85077
visualizations/data/dobbe/shared/rgb_0097.png,.png,84669
visualizations/data/dobbe/shared/rgb_0098.png,.png,84905
visualizations/data/dobbe_provenance.json,.json,8839
visualizations/data/fmb/baseline_constant_velocity_2d.npy,.npy,1408
visualizations/data/fmb/experiment_config.json,.json,1646
visualizations/data/fmb/frame_124.png,.png,97119
visualizations/data/fmb/frame_125.png,.png,97901
visualizations/data/fmb/frame_126.png,.png,98231
visualizations/data/fmb/gt_2d.npy,.npy,1408
visualizations/data/fmb/history_points_2d.npy,.npy,320
visualizations/data/fmb/history_sensor_3d.npy,.npy,416
visualizations/data/fmb/input_freeze.json,.json,947
visualizations/data/fmb/metrics.json,.json,12586
visualizations/data/fmb/model_run.json,.json,1951
visualizations/data/fmb/parser_validation.json,.json,387
visualizations/data/fmb/prediction_15hz.npy,.npy,3008
visualizations/data/fmb/prediction_2d.npy,.npy,1408
visualizations/data/fmb/raw_model_output.txt,.txt,3059
visualizations/data/fmb/validity_mask.npy,.npy,288
visualizations/data/fmb_provenance.json,.json,1346
visualizations/dobbe_two_colmap_molmo_comparison.mp4,.mp4,6688361
visualizations/dobbe_two_colmap_molmo_comparison_summary.png,.png,561827
visualizations/fmb_prediction_vs_reality.mp4,.mp4,5929582
visualizations/fmb_prediction_vs_reality_summary.png,.png,1789935
visualizations/README.md,.md,12657
configs/installed-packages-wsl.txt,.txt,2215
examples/data/davis_bmx_trees/caption.txt,.txt,37
examples/data/davis_bmx_trees/frame_t+0.jpg,.jpg,124185
examples/data/davis_bmx_trees/frame_t-1.jpg,.jpg,123640
examples/data/davis_bmx_trees/frame_t-2.jpg,.jpg,119092
examples/data/davis_bmx_trees/intrinsics_K.pt,.pt,1205
examples/data/davis_bmx_trees/meta.json,.json,456
examples/data/davis_bmx_trees/points_2d_at_t0.pt,.pt,1284
examples/data/davis_bmx_trees/points_3d_history.pt,.pt,1486
examples/data/davis_car_turn/caption.txt,.txt,61
examples/data/davis_car_turn/frame_t+0.jpg,.jpg,135130
examples/data/davis_car_turn/frame_t-1.jpg,.jpg,132028
examples/data/davis_car_turn/frame_t-2.jpg,.jpg,116379
examples/data/davis_car_turn/intrinsics_K.pt,.pt,1205
examples/data/davis_car_turn/meta.json,.json,476
examples/data/davis_car_turn/points_2d_at_t0.pt,.pt,1284
examples/data/davis_car_turn/points_3d_history.pt,.pt,1486
examples/data/davis_flamingo/caption.txt,.txt,68
examples/data/davis_flamingo/frame_t+0.jpg,.jpg,149571
examples/data/davis_flamingo/frame_t-1.jpg,.jpg,151266
examples/data/davis_flamingo/frame_t-2.jpg,.jpg,121235
examples/data/davis_flamingo/intrinsics_K.pt,.pt,1205
examples/data/davis_flamingo/meta.json,.json,481
examples/data/davis_flamingo/points_2d_at_t0.pt,.pt,1284
examples/data/davis_flamingo/points_3d_history.pt,.pt,1486
examples/data/egodex_ball_base/caption.txt,.txt,41
examples/data/egodex_ball_base/frame_t+0.jpg,.jpg,52801
examples/data/egodex_ball_base/frame_t-1.jpg,.jpg,52494
examples/data/egodex_ball_base/frame_t-2.jpg,.jpg,52267
examples/data/egodex_ball_base/intrinsics_K.pt,.pt,1205
examples/data/egodex_ball_base/meta.json,.json,497
examples/data/egodex_ball_base/points_2d_at_t0.pt,.pt,1284
examples/data/egodex_ball_base/points_3d_history.pt,.pt,1486
examples/data/egodex_clean_surface/caption.txt,.txt,36
examples/data/egodex_clean_surface/frame_t+0.jpg,.jpg,54657
examples/data/egodex_clean_surface/frame_t-1.jpg,.jpg,55776
examples/data/egodex_clean_surface/frame_t-2.jpg,.jpg,56751
examples/data/egodex_clean_surface/intrinsics_K.pt,.pt,1205
examples/data/egodex_clean_surface/meta.json,.json,465
examples/data/egodex_clean_surface/points_2d_at_t0.pt,.pt,1284
examples/data/egodex_clean_surface/points_3d_history.pt,.pt,1486
examples/data/predictions_h3.jsonl,.jsonl,250270
