# Image list with two lines of data per image:
#   IMAGE_ID, QW, QX, QY, QZ, TX, TY, TZ, CAMERA_ID, NAME
#   POINTS2D[] as (X, Y, POINT3D_ID)
# Number of images: 43, mean observations per image: 76.093023255813947
1 0.96763724132345008 -0.16884843568960345 0.18627572638332718 0.021673226097677745 -4.8234639063106899 -2.568162957803541 2.7508144710475086 1 000002.png
130.23370361328125 56.617591857910156 170 130.23370361328125 56.617591857910156 169 130.23370361328125 56.617591857910156 171 62.966072082519531 14.464282035827637 234 37.369899749755859 48.395668029785156 120 221.98783874511719 83.540206909179688 3 92.216651916503906 141.84913635253906 198 92.216651916503906 141.84913635253906 197 104.76371002197266 31.310665130615234 6 104.76371002197266 31.310665130615234 155 119.45048522949219 12.415682792663574 -1 98.613906860351562 13.621174812316895 5 196.40731811523438 102.11121368408203 60 196.40731811523438 102.11121368408203 235 196.40731811523438 102.11121368408203 11 232.77760314941406 132.47076416015625 289 84.023429870605469 18.761238098144531 9 23.201839447021484 44.900405883789062 267 201.97282409667969 117.11011505126953 12 164.27079772949219 189.71881103515625 286 18.719705581665039 55.401157379150391 -1 201.97282409667969 117.11011505126953 8 23.201839447021484 44.900405883789062 268 40.187648773193359 35.4158935546875 -1 224.32257080078125 94.171005249023438 302 54.5244140625 37.051979064941406 279 118.15529632568359 64.176010131835938 210 245.79188537597656 88.357627868652344 290 184.53111267089844 99.107696533203125 528 175.41600036621094 100.28401184082031 274 245.79188537597656 88.357627868652344 -1 221.61540222167969 71.851760864257812 21 41.819423675537109 66.757423400878906 59 231.55772399902344 95.286224365234375 -1 36.629650115966797 95.989578247070312 206 239.22027587890625 109.68460083007812 292 196.34397888183594 84.553665161132812 24 196.34397888183594 84.553665161132812 22 66.331474304199219 132.03131103515625 -1 188.09904479980469 124.01686096191406 209 195.1829833984375 120.66070556640625 -1 216.76211547851562 81.617599487304688 77 31.361682891845703 82.574325561523438 -1 207.73289489746094 87.605438232421875 147 213.81167602539062 87.981803894042969 128 92.909706115722656 35.681659698486328 211 222.31430053710938 103.18013000488281 -1 205.33804321289062 94.517967224121094 -1 171.43321228027344 133.0635986328125 129 207.42208862304688 125.42388153076172 269 168.51533508300781 141.78225708007812 25 222.31430053710938 103.18013000488281 -1 207.73289489746094 87.605438232421875 213 216.76211547851562 81.617599487304688 76 92.909706115722656 35.681659698486328 212 198.44038391113281 110.06996917724609 26 213.81167602539062 87.981803894042969 132 204.49369812011719 120.74105834960938 33 191.3695068359375 243.7467041015625 -1 93.021209716796875 22.002817153930664 -1 204.49369812011719 120.74105834960938 29 121.96768951416016 6.6235537528991699 295 117.73497009277344 55.075607299804688 282 92.659423828125 11.010006904602051 134 93.021209716796875 22.002817153930664 224 96.56329345703125 29.735136032104492 82 88.762405395507812 35.028720855712891 28 212.70468139648438 79.910797119140625 31 196.57661437988281 115.43628692626953 32 175.49884033203125 106.10242462158203 96 221.99307250976562 132.01274108886719 270 67.431411743164062 139.35968017578125 -1 226.44578552246094 135.81800842285156 271 238.69291687011719 155.29328918457031 238 243.42646789550781 159.06735229492188 -1 246.25413513183594 161.12420654296875 -1 251.27644348144531 165.02742004394531 -1 109.18489837646484 18.453840255737305 40 216.66903686523438 211.88810729980469 -1 73.152137756347656 87.936447143554688 237 222.39547729492188 102.67507171630859 -1 83.735328674316406 140.72077941894531 272 43.3646240234375 109.08889770507812 160 28.103126525878906 124.32122039794922 -1 73.152137756347656 87.936447143554688 215 222.39547729492188 102.67507171630859 -1 25.561471939086914 52.621280670166016 223 207.32376098632812 211.03007507324219 -1 243.97090148925781 240.34434509277344 -1 103.37216949462891 22.023519515991211 46 251.96002197265625 248.50054931640625 -1 181.57400512695312 120.15095520019531 103 71.037002563476562 148.90765380859375 -1 25.654163360595703 118.39649200439453 -1 198.74533081054688 126.33026885986328 -1 209.51377868652344 131.69636535644531 -1 213.01132202148438 134.51466369628906 233 9.6896657943725586 137.57365417480469 -1 3.1527981758117676 142.13197326660156 -1 172.19825744628906 116.78974151611328 -1 29.917060852050781 115.39134216308594 -1 170.1551513671875 113.65312957763672 -1 181.12925720214844 99.405120849609375 164 221.39678955078125 94.796051025390625 150 217.70884704589844 94.940895080566406 -1 197.10171508789062 118.61319732666016 163 72.997520446777344 84.706192016601562 -1 194.21530151367188 79.623222351074219 181 216.53468322753906 70.78839111328125 165 113.02143096923828 62.134250640869141 -1 123.73032379150391 59.109916687011719 275 45.717132568359375 58.938652038574219 276 95.816444396972656 57.03472900390625 247 115.31686401367188 52.795825958251953 -1 170.1551513671875 113.65312957763672 -1 198.74533081054688 126.33026885986328 -1 198.74533081054688 126.33026885986328 -1 94.825874328613281 46.310451507568359 -1 95.060935974121094 50.580619812011719 -1 171.25991821289062 146.73609924316406 -1 200.96769714355469 196.28565979003906 -1 250.0615234375 246.72544860839844 -1 179.15220642089844 121.78826141357422 103 
2 0.97535687727869069 -0.1577616129878705 0.15268281735480366 0.021867617548010376 -4.3231364625275246 -2.4241630338695401 2.4063048051249361 1 000005.png
126.71482086181641 54.760604858398438 169 126.71482086181641 54.760604858398438 170 126.71482086181641 54.760604858398438 171 52.461658477783203 50.207450866699219 120 104.94252014160156 146.19841003417969 197 104.94252014160156 146.19841003417969 198 222.76072692871094 83.835365295410156 3 71.317634582519531 20.493375778198242 156 124.06069183349609 20.85106086730957 205 199.08926391601562 209.98757934570312 172 98.428352355957031 13.707642555236816 5 104.99321746826172 31.079408645629883 6 171.54183959960938 242.31532287597656 -1 104.99321746826172 31.079408645629883 155 60.640529632568359 72.388832092285156 59 197.53477478027344 102.64488983154297 11 181.19099426269531 201.23690795898438 286 83.939170837402344 18.641094207763672 9 27.210046768188477 53.036796569824219 14 42.831317901611328 94.0167236328125 206 212.74307250976562 135.43241882324219 183 132.33833312988281 16.838077545166016 184 212.74307250976562 135.43241882324219 185 208.84999084472656 65.184310913085938 -1 184.57902526855469 98.898056030273438 528 241.98338317871094 100.42949676513672 285 253.47958374023438 101.73754119873047 207 184.57902526855469 98.898056030273438 528 169.752197265625 98.150619506835938 109 189.90847778320312 193.95301818847656 -1 73.691314697265625 124.00657653808594 -1 127.39738464355469 61.738441467285156 210 169.752197265625 98.150619506835938 -1 221.65478515625 71.914230346679688 174 131.35787963867188 13.751547813415527 65 117.3719482421875 52.349384307861328 -1 95.246994018554688 69.332611083984375 -1 94.676872253417969 84.430976867675781 -1 196.31533813476562 84.554115295410156 22 178.2879638671875 95.129310607910156 274 63.748542785644531 31.790615081787109 199 178.2879638671875 95.129310607910156 214 187.80752563476562 123.78330230712891 209 94.676872253417969 84.430976867675781 -1 196.31533813476562 84.554115295410156 24 116.75369262695312 53.968460083007812 -1 217.27882385253906 81.075485229492188 76 240.43338012695312 83.054824829101562 127 168.79774475097656 141.53167724609375 25 171.52264404296875 133.1903076171875 129 210.53977966308594 120.21788787841797 130 217.27882385253906 81.075485229492188 77 207.85153198242188 87.895965576171875 147 210.53977966308594 120.21788787841797 131 207.85153198242188 87.895965576171875 213 198.797607421875 110.20327758789062 26 224.52523803710938 95.560905456542969 302 6.8658652305603027 141.76315307617188 -1 6.8658652305603027 141.76315307617188 -1 126.70320892333984 52.952590942382812 186 204.51502990722656 120.52658081054688 33 203.81214904785156 125.5009765625 -1 203.81214904785156 125.5009765625 93 110.84954833984375 21.971899032592773 281 96.341049194335938 29.763790130615234 82 126.70320892333984 52.952590942382812 187 50.925086975097656 108.99952697753906 160 196.51266479492188 115.44426727294922 32 204.51502990722656 120.52658081054688 29 203.81214904785156 125.5009765625 93 122.77787017822266 51.576854705810547 -1 238.45516967773438 123.07115173339844 175 94.3131103515625 42.654880523681641 -1 212.96739196777344 127.06708526611328 188 245.58029174804688 143.39395141601562 -1 216.07511901855469 129.34056091308594 189 13.735417366027832 140.74664306640625 -1 6.6410951614379883 146.17779541015625 -1 234.15452575683594 231.66950988769531 -1 92.889640808105469 10.399160385131836 134 109.25420379638672 18.463384628295898 40 129.92250061035156 21.306404113769531 -1 96.021812438964844 150.61195373535156 180 212.85914611816406 80.255775451660156 31 247.25347900390625 86.126243591308594 191 178.109375 98.931961059570312 274 48.326347351074219 101.32389831542969 192 26.132417678833008 123.03373718261719 -1 170.2557373046875 95.972183227539062 -1 237.67581176757812 147.169677734375 162 169.49455261230469 144.53604125976562 -1 103.35981750488281 22.06822395324707 46 239.05882263183594 227.81141662597656 287 196.51136779785156 242.36283874511719 194 184.11349487304688 227.94856262207031 227 230.41807556152344 92.440193176269531 229 228.35423278808594 96.112396240234375 302 181.15530395507812 99.398536682128906 164 175.63272094726562 105.75350189208984 96 174.55366516113281 109.42079162597656 138 50.343673706054688 113.03664398193359 216 165.8154296875 113.57174682617188 294 213.12638854980469 117.61029052734375 -1 47.069602966308594 90.576583862304688 -1 200.18905639648438 86.400161743164062 300 218.710693359375 85.836570739746094 195 231.3935546875 85.452850341796875 196 93.793045043945312 27.338430404663086 283 194.27302551269531 79.632850646972656 181 173.80172729492188 140.67781066894531 226 145.40850830078125 63.928440093994141 -1 34.976673126220703 59.763088226318359 137 115.54775238037109 57.305000305175781 203 37.091732025146484 57.121295928955078 223 135.492919921875 56.003246307373047 -1 216.561767578125 70.770484924316406 165 50.343673706054688 113.03664398193359 -1 169.49455261230469 144.53604125976562 -1 197.09078979492188 118.59368133544922 163 233.39614868164062 133.93428039550781 -1 115.54775238037109 57.305000305175781 179 220.35835266113281 132.64254760742188 270 43.020267486572266 80.824508666992188 -1 174.87100219726562 88.010009765625 -1 
3 0.97146795800317864 -0.16549034255295955 0.16876288944620993 0.019545849702816212 -4.5678848298129298 -2.517712795335628 2.569172447621725 1 000004.png
127.83740234375 55.724506378173828 169 127.83740234375 55.724506378173828 170 127.83740234375 55.724506378173828 171 66.477485656738281 14.908139228820801 234 45.774238586425781 48.130516052246094 120 124.20092010498047 20.333616256713867 205 222.41679382324219 83.746894836425781 3 98.442108154296875 144.66925048828125 197 191.69252014160156 205.54823303222656 172 98.442108154296875 144.66925048828125 198 98.474479675292969 13.619510650634766 5 104.87181091308594 31.057247161865234 6 104.87181091308594 31.057247161865234 155 244.2445068359375 136.52340698242188 -1 82.4144287109375 16.932479858398438 9 197.48046875 102.67740631103516 11 175.08277893066406 196.32328796386719 286 197.48046875 102.67740631103516 60 197.48046875 102.67740631103516 235 29.179040908813477 43.163719177246094 267 22.86250114440918 53.403751373291016 14 56.028152465820312 111.70301818847656 230 60.492763519287109 32.512779235839844 199 29.179040908813477 43.163719177246094 268 164.27410888671875 97.675056457519531 -1 40.239006042480469 95.211029052734375 206 244.37388610839844 98.852447509765625 -1 244.37388610839844 98.852447509765625 -1 184.49630737304688 99.014045715332031 528 50.75372314453125 68.304924011230469 59 245.86480712890625 87.977409362792969 290 196.32759094238281 84.551353454589844 24 235.39378356933594 98.678024291992188 285 187.82307434082031 123.61977386474609 209 56.501869201660156 38.93988037109375 -1 123.664794921875 61.518417358398438 210 221.52694702148438 71.794975280761719 174 177.304443359375 97.275840759277344 274 108.3690185546875 74.153167724609375 -1 235.39378356933594 98.678024291992188 -1 196.32759094238281 84.551353454589844 22 127.46915435791016 10.724343299865723 65 92.799591064453125 35.217426300048828 211 67.634895324707031 41.56353759765625 -1 209.78608703613281 122.03959655761719 -1 171.47763061523438 133.10078430175781 129 168.67839050292969 141.48643493652344 25 198.74172973632812 110.24289703369141 26 170.62745666503906 105.66178894042969 291 92.799591064453125 35.217426300048828 212 170.62745666503906 105.66178894042969 -1 224.40534973144531 95.251144409179688 302 207.72569274902344 87.776618957519531 147 217.02944946289062 81.084922790527344 77 116.84146881103516 52.017051696777344 -1 207.72569274902344 87.776618957519531 213 209.78608703613281 122.03959655761719 269 203.791015625 125.78134155273438 -1 190.50718688964844 238.14027404785156 -1 81.497062683105469 84.393989562988281 -1 76.770729064941406 86.073631286621094 237 213.52510070800781 87.919448852539062 132 177.54525756835938 92.542938232421875 214 226.02853393554688 108.64859771728516 -1 226.02853393554688 108.64859771728516 -1 204.59300231933594 120.64870452880859 33 203.791015625 125.78134155273438 93 177.54525756835938 92.542938232421875 -1 224.62461853027344 101.68051910400391 -1 96.405281066894531 29.760364532470703 82 122.81327056884766 53.618595123291016 187 212.58775329589844 80.061981201171875 31 81.497062683105469 84.393989562988281 -1 76.770729064941406 86.073631286621094 215 213.52510070800781 87.919448852539062 128 231.56973266601562 91.260749816894531 229 44.334037780761719 101.08792114257812 192 226.02853393554688 108.64859771728516 -1 47.4088134765625 108.92327117919922 160 196.58863830566406 115.43386840820312 32 204.59300231933594 120.64870452880859 29 126.97018432617188 9.1545724868774414 65 146.24580383300781 67.524795532226562 297 199.140380859375 188.87214660644531 -1 230.37640380859375 143.700927734375 -1 242.28074645996094 153.39984130859375 -1 109.20708465576172 18.462133407592773 40 79.924819946289062 169.96995544433594 -1 92.969970703125 10.443323135375977 134 242.56629943847656 233.75076293945312 -1 94.862464904785156 73.705032348632812 296 230.89427185058594 120.08187866210938 175 125.38505554199219 27.860191345214844 -1 115.64302825927734 54.918220520019531 179 31.999055862426758 62.786205291748047 137 210.0364990234375 127.17316436767578 188 227.74729919433594 131.85713195800781 271 221.32304382324219 135.96183776855469 233 226.39524841308594 140.04959106445312 -1 90.372642517089844 142.42349243164062 272 2.9911062717437744 145.416015625 -1 92.313499450683594 152.06488037109375 -1 46.808792114257812 112.89597320556641 216 247.5931396484375 157.49667358398438 238 96.618148803710938 160.28140258789062 -1 210.65921020507812 201.12992858886719 -1 224.99874877929688 215.99429321289062 -1 178.39324951171875 228.71623229980469 -1 239.89750671386719 231.00382995605469 -1 175.52540588378906 106.02065277099609 96 181.15473937988281 99.409622192382812 164 227.04887390136719 98.213180541992188 302 221.68009948730469 94.899093627929688 150 165.54951477050781 90.89923095703125 -1 231.03721618652344 86.045814514160156 196 218.68621826171875 86.033920288085938 195 208.43617248535156 83.5367431640625 98 36.049850463867188 60.991268157958984 276 164.29324340820312 82.40545654296875 219 194.239501953125 79.629852294921875 181 151.37982177734375 71.917030334472656 -1 110.46138000488281 67.550491333007812 -1 115.64302825927734 54.918220520019531 203 208.43617248535156 83.5367431640625 139 96.618148803710938 160.28140258789062 -1 172.14375305175781 117.06190490722656 221 216.32575988769531 70.644866943359375 165 103.26746368408203 22.134767532348633 46 211.78825378417969 119.36418914794922 -1 92.598106384277344 23.091793060302734 224 218.64259338378906 133.93035888671875 -1 128.48178100585938 54.178745269775391 -1 125.81311798095703 21.068702697753906 -1 31.2406005859375 55.201755523681641 223 
4 0.96622574345546752 -0.17050747797493965 0.19193619460616229 0.022260050284313136 -4.9042841890078854 -2.593037736111699 2.8194483174851812 1 000000.png
130.03167724609375 56.496356964111328 170 130.03167724609375 56.496356964111328 169 130.03167724609375 56.496356964111328 171 36.009731292724609 48.794010162353516 120 221.93775939941406 83.688156127929688 3 89.467689514160156 141.21205139160156 197 89.467689514160156 141.21205139160156 198 118.44245910644531 11.307068824768066 -1 98.627243041992188 13.659690856933594 5 104.74274444580078 31.333576202392578 6 104.74274444580078 31.333576202392578 155 120.17722320556641 44.693008422851562 -1 228.65902709960938 131.83934020996094 289 195.99052429199219 102.46541595458984 11 195.99052429199219 102.46541595458984 235 195.99052429199219 102.46541595458984 60 244.50326538085938 89.066215515136719 290 233.13246154785156 95.527557373046875 285 201.89106750488281 117.24485778808594 12 152.66181945800781 202.27548217773438 -1 49.579322814941406 111.97383880615234 230 21.690113067626953 45.001674652099609 267 21.690113067626953 45.001674652099609 268 175.0408935546875 101.33420562744141 274 216.75325012207031 111.61660766601562 -1 216.75325012207031 111.61660766601562 239 54.019489288330078 49.758415222167969 -1 161.720458984375 188.30197143554688 286 85.402877807617188 19.836467742919922 9 38.994590759277344 35.801582336425781 -1 52.395313262939453 37.043025970458984 279 54.019489288330078 49.758415222167969 -1 184.53874206542969 99.12677001953125 528 43.912055969238281 78.255195617675781 -1 39.820125579833984 66.611160278320312 59 221.62887573242188 71.837860107421875 21 196.32292175292969 84.606224060058594 24 168.29061889648438 105.79679107666016 291 194.99833679199219 120.78247833251953 -1 235.61625671386719 109.46659851074219 292 196.32292175292969 84.606224060058594 22 117.27666473388672 63.073596954345703 210 102.06098937988281 71.557281494140625 -1 64.484375 132.07496643066406 -1 171.42939758300781 133.21641540527344 129 168.48733520507812 141.81285095214844 25 206.55987548828125 126.56504058837891 269 188.71510314941406 124.49217224121094 209 198.68804931640625 110.02146148681641 26 224.48504638671875 95.236221313476562 302 209.35009765625 106.74481201171875 -1 92.885269165039062 35.875980377197266 211 207.77667236328125 87.558868408203125 147 207.77667236328125 87.558868408203125 213 92.885269165039062 35.875980377197266 212 196.55122375488281 115.44188690185547 32 204.38752746582031 120.71974182128906 33 88.894508361816406 153.51844787597656 -1 188.50796508789062 241.94566345214844 -1 251.64495849609375 98.762908935546875 207 42.006538391113281 108.40897369384766 -1 204.38752746582031 120.71974182128906 29 88.894508361816406 153.51844787597656 -1 96.481246948242188 29.743497848510742 82 88.616653442382812 34.052146911621094 28 251.64495849609375 98.762908935546875 -1 249.84953308105469 103.83032989501953 -1 42.006538391113281 108.40897369384766 160 57.449989318847656 115.4388427734375 -1 163.91120910644531 115.23319244384766 294 215.98870849609375 116.52055358886719 -1 120.37925720214844 5.0044035911560059 295 162.31298828125 210.97366333007812 -1 12.429851531982422 133.70027160644531 176 159.99172973632812 203.09536743164062 -1 178.56242370605469 106.91165924072266 -1 94.382133483886719 70.07440185546875 296 183.06423950195312 235.59597778320312 -1 71.446037292480469 87.696563720703125 237 122.94478607177734 248.84228515625 -1 178.55909729003906 98.085189819335938 274 195.31170654296875 249.94419860839844 -1 212.78074645996094 80.198074340820312 31 94.382133483886719 70.07440185546875 -1 130.40802001953125 65.652908325195312 -1 71.446037292480469 87.696563720703125 -1 183.06423950195312 235.59597778320312 -1 109.21057891845703 18.439153671264648 40 116.51934814453125 54.653511047363281 282 130.40802001953125 65.652908325195312 297 252.75105285644531 168.6187744140625 -1 224.56199645996094 145.80296325683594 -1 231.72457885742188 151.56210327148438 238 70.943527221679688 151.93571472167969 -1 240.5885009765625 158.72538757324219 -1 202.35859680175781 208.02848815917969 -1 85.731033325195312 3.1258394718170166 48 226.97563171386719 234.10479736328125 -1 126.35647583007812 249.90042114257812 -1 197.10548400878906 118.62270355224609 163 172.2606201171875 116.50410461425781 -1 209.877685546875 113.24332427978516 -1 175.63211059570312 106.02947998046875 96 181.14324951171875 99.3602294921875 164 228.01719665527344 97.01458740234375 302 221.15623474121094 94.582145690917969 150 248.54171752929688 86.858657836914062 191 93.618980407714844 27.423578262329102 283 199.93379211425781 86.86859130859375 300 208.3265380859375 83.456466674804688 98 95.834754943847656 57.101779937744141 247 85.731033325195312 3.1258394718170166 91 124.00522613525391 60.049163818359375 -1 208.3265380859375 83.456466674804688 139 209.877685546875 113.24332427978516 301 121.24117279052734 57.878894805908203 275 227.26109313964844 148.09999084472656 -1 216.5499267578125 70.714439392089844 165 124.00522613525391 60.049163818359375 -1 250.98886108398438 94.685493469238281 -1 215.3455810546875 76.223739624023438 -1 209.10464477539062 118.24076080322266 -1 194.29890441894531 79.583053588867188 181 63.265617370605469 132.21614074707031 -1 
5 0.96917682113978421 -0.16786816864424112 0.17926299018629555 0.019528125124541496 -4.7221418309061578 -2.5445446010617658 2.6868968502659087 1 000003.png
129.72196960449219 56.594245910644531 169 129.72196960449219 56.594245910644531 171 129.72196960449219 56.594245910644531 170 64.310256958007812 14.813000679016113 234 40.912338256835938 48.726028442382812 120 222.35380554199219 83.782379150390625 3 95.333259582519531 143.29476928710938 198 95.333259582519531 143.29476928710938 197 98.545730590820312 13.617691040039062 5 104.80979156494141 31.083499908447266 6 104.80979156494141 31.083499908447266 155 238.80940246582031 134.497314453125 -1 197.33683776855469 102.83163452148438 11 197.33683776855469 102.83163452148438 60 238.80940246582031 134.497314453125 289 197.33683776855469 102.83163452148438 235 83.844329833984375 18.44243049621582 9 20.609590530395508 55.406501770019531 -1 234.78016662597656 92.700309753417969 285 48.930690765380859 102.17510223388672 -1 165.93898010253906 104.10950469970703 291 201.98997497558594 117.19710540771484 8 160.92201232910156 207.44830322265625 -1 46.61346435546875 68.213897705078125 59 165.93898010253906 104.10950469970703 -1 201.98997497558594 117.19710540771484 12 57.107093811035156 35.947845458984375 279 120.57302093505859 64.206085205078125 210 52.892173767089844 111.82978057861328 230 184.49490356445312 99.083518981933594 528 38.378692626953125 96.440048217773438 206 176.22740173339844 98.907913208007812 274 224.1597900390625 102.69663238525391 -1 245.72970581054688 111.0185546875 292 63.403316497802734 118.65583038330078 -1 187.80729675292969 123.47055053710938 209 224.1597900390625 102.69663238525391 -1 196.34710693359375 84.539649963378906 22 221.58499145507812 71.890167236328125 174 45.000564575195312 67.484046936035156 59 196.34710693359375 84.539649963378906 24 227.947509765625 112.53844451904297 -1 227.947509765625 112.53844451904297 -1 227.947509765625 112.53844451904297 -1 198.630615234375 110.04624938964844 26 249.02732849121094 88.946449279785156 290 207.72186279296875 87.640464782714844 213 92.849723815917969 35.358055114746094 212 207.72186279296875 87.640464782714844 147 216.99427795410156 81.416595458984375 77 29.417783737182617 74.011787414550781 -1 249.02732849121094 88.946449279785156 -1 92.849723815917969 35.358055114746094 211 124.49162292480469 8.5115871429443359 65 171.46600341796875 133.02630615234375 129 71.501884460449219 142.89683532714844 -1 168.61543273925781 141.73110961914062 25 216.99427795410156 81.416595458984375 76 93.061622619628906 21.831357955932617 224 213.64016723632812 87.990951538085938 132 93.061622619628906 21.831357955932617 -1 213.64016723632812 87.990951538085938 128 165.34614562988281 126.74180603027344 -1 204.57711791992188 120.77994537353516 29 108.19212341308594 72.716964721679688 -1 96.476165771484375 29.759376525878906 82 52.792472839355469 39.693572998046875 -1 119.9918212890625 55.104198455810547 282 94.307548522949219 73.707611083984375 296 212.62498474121094 80.00164794921875 31 239.76600646972656 82.147857666015625 127 41.979183197021484 101.58052062988281 192 196.60142517089844 115.47712707519531 32 165.34614562988281 126.74180603027344 -1 78.572776794433594 162.53565979003906 -1 74.363609313964844 163.2847900390625 -1 204.3282470703125 251.05995178222656 -1 94.307548522949219 73.707611083984375 -1 204.57711791992188 120.77994537353516 33 199.89010620117188 251.37649536132812 -1 45.439876556396484 109.80663299560547 160 63.858715057373047 124.60392761230469 -1 229.71044921875 145.40318298339844 -1 252.62525939941406 163.59609985351562 -1 76.405845642089844 167.23365783691406 -1 221.79031372070312 102.99504852294922 -1 86.080703735351562 2.8917129039764404 48 172.62236022949219 142.81379699707031 226 93.283027648925781 10.418068885803223 134 109.20161437988281 18.474861145019531 40 170.72798156738281 217.39117431640625 227 115.90316772460938 53.529182434082031 -1 76.699874877929688 87.382514953613281 237 76.699874877929688 87.382514953613281 215 76.405845642089844 167.23365783691406 -1 93.147987365722656 158.08027648925781 -1 178.31199645996094 190.79090881347656 -1 200.13282775878906 200.92863464355469 -1 207.97505187988281 128.04330444335938 188 213.97232055664062 206.94137573242188 -1 181.68109130859375 120.08573913574219 103 225.2763671875 118.49298858642578 175 197.17791748046875 118.73287963867188 163 124.04798889160156 7.1040177345275879 -1 175.63185119628906 105.87419891357422 96 181.10089111328125 99.388526916503906 164 227.38995361328125 97.450263977050781 302 230.34208679199219 92.621406555175781 229 218.82490539550781 86.152503967285156 -1 231.22174072265625 85.684501647949219 196 194.21107482910156 79.64166259765625 181 204.194580078125 64.717765808105469 -1 216.38446044921875 70.681915283203125 165 219.85218811035156 128.357177734375 -1 171.51699829101562 146.62045288085938 -1 125.78369140625 58.55682373046875 275 30.541402816772461 55.945339202880859 223 95.115333557128906 50.517341613769531 -1 218.82490539550781 86.152503967285156 195 93.147987365722656 158.08027648925781 -1 174.47747802734375 109.47755432128906 138 241.87901306152344 154.86856079101562 238 92.595314025878906 23.091079711914062 224 216.92507934570312 135.006103515625 233 103.08310699462891 22.249870300292969 46 214.57675170898438 133.28277587890625 -1 33.845016479492188 63.813610076904297 -1 
6 0.9668357319596631 -0.16982773786136957 0.18944457514572768 0.022315013035340205 -4.8692720005855028 -2.5851986784944927 2.7837011203731685 1 000001.png
129.99128723144531 56.452091217041016 170 129.99128723144531 56.452091217041016 169 129.99128723144531 56.452091217041016 171 36.251003265380859 48.677318572998047 120 221.92295837402344 83.623031616210938 3 90.364898681640625 140.8609619140625 198 90.364898681640625 140.8609619140625 197 118.63076782226562 11.546126365661621 -1 98.635551452636719 13.660479545593262 5 104.74522399902344 31.413528442382812 6 104.74522399902344 31.413528442382812 155 196.1239013671875 102.26461791992188 11 119.96915435791016 43.852840423583984 -1 229.65945434570312 131.845458984375 289 196.1239013671875 102.26461791992188 60 196.1239013671875 102.26461791992188 235 84.06439208984375 18.712804794311523 9 22.877153396606445 45.224296569824219 267 244.93173217773438 89.069770812988281 290 202.000244140625 117.14105224609375 12 162.28968811035156 187.637939453125 286 233.18673706054688 95.490142822265625 285 22.877153396606445 45.224296569824219 268 49.82000732421875 111.66732025146484 230 53.814300537109375 49.588874816894531 -1 53.814300537109375 49.588874816894531 -1 175.06784057617188 101.10002136230469 274 216.98860168457031 111.63105010986328 -1 216.98860168457031 111.63105010986328 -1 216.98860168457031 111.63105010986328 239 39.397434234619141 35.657722473144531 -1 52.770729064941406 36.885616302490234 279 17.942390441894531 54.606235504150391 -1 184.53120422363281 99.130119323730469 528 221.68003845214844 71.889862060546875 21 117.37181854248047 63.018424987792969 210 40.804561614990234 66.652549743652344 59 196.33006286621094 84.568519592285156 24 35.558700561523438 95.158111572265625 206 195.00624084472656 120.77647399902344 -1 236.30729675292969 109.50888061523438 292 196.33006286621094 84.568519592285156 22 168.73480224609375 105.75139617919922 291 92.849166870117188 35.503082275390625 211 102.05403900146484 71.698379516601562 -1 168.56962585449219 141.738525390625 25 206.72993469238281 126.37040710449219 269 188.64634704589844 124.38340759277344 209 198.63058471679688 110.02663421630859 26 209.55300903320312 106.56341552734375 -1 230.00804138183594 96.014480590820312 -1 213.90141296386719 87.928459167480469 128 224.47463989257812 95.302749633789062 302 171.4407958984375 132.86695861816406 129 207.71591186523438 87.548637390136719 147 213.90141296386719 87.928459167480469 132 207.71591186523438 87.548637390136719 213 92.849166870117188 35.503082275390625 212 204.4481201171875 120.66407775878906 33 165.73873901367188 125.61788940429688 -1 157.91455078125 200.89688110351562 -1 186.54647827148438 239.21195983886719 -1 252.20623779296875 98.528846740722656 -1 204.4481201171875 120.66407775878906 29 165.73873901367188 125.61788940429688 -1 186.54647827148438 239.21195983886719 -1 196.59527587890625 115.42433929443359 32 92.662582397460938 10.451163291931152 134 96.385147094726562 29.793825149536133 82 24.090778350830078 66.580154418945312 -1 216.19422912597656 81.670135498046875 77 252.20623779296875 98.528846740722656 207 250.61576843261719 103.70060729980469 -1 209.08740234375 118.29639434814453 -1 233.77511596679688 153.06387329101562 238 164.72232055664062 195.64402770996094 -1 189.5443115234375 242.62086486816406 194 133.40837097167969 67.913032531738281 297 111.20918273925781 21.207332611083984 281 71.662666320800781 87.736763000488281 215 88.717155456542969 34.456184387207031 28 178.68710327148438 97.805152893066406 274 133.40837097167969 67.913032531738281 -1 42.308052062988281 108.47480010986328 160 164.52384948730469 115.43100738525391 294 190.11259460449219 123.31987762451172 -1 197.99378967285156 126.33668518066406 -1 109.180419921875 18.450454711914062 40 116.71051025390625 54.74212646484375 282 249.10905456542969 165.33859252929688 -1 42.308052062988281 108.47480010986328 -1 197.99378967285156 126.33668518066406 -1 212.9072265625 80.132232666015625 31 71.662666320800781 87.736763000488281 237 252.11964416503906 94.261116027832031 -1 172.43798828125 142.6800537109375 226 146.93734741210938 75.407272338867188 -1 236.41914367675781 154.96377563476562 238 206.0452880859375 211.43959045410156 -1 220.64942932128906 218.3790283203125 287 247.33015441894531 245.87310791015625 -1 221.03959655761719 142.55221557617188 -1 123.52198028564453 249.04554748535156 -1 85.715278625488281 2.9199056625366211 48 4.5416345596313477 139.57382202148438 -1 12.031919479370117 126.62302398681641 -1 179.15324401855469 121.83016204833984 103 217.14566040039062 116.75677490234375 -1 172.15167236328125 116.74037933349609 -1 173.22145080566406 104.1290283203125 -1 181.14421081542969 99.407745361328125 164 247.72999572753906 94.579612731933594 -1 242.86354064941406 87.507560729980469 -1 175.51400756835938 106.15053558349609 96 218.89617919921875 85.983505249023438 -1 194.250732421875 79.610145568847656 181 85.715278625488281 2.9199056625366211 91 58.972953796386719 49.708263397216797 -1 218.89617919921875 85.983505249023438 195 173.22145080566406 104.1290283203125 -1 172.70408630371094 115.61077880859375 -1 101.05260467529297 23.34367561340332 46 93.768013000488281 27.465213775634766 283 58.972953796386719 49.708263397216797 -1 95.1058349609375 50.557117462158203 -1 216.53636169433594 70.745620727539062 165 231.33103942871094 85.515830993652344 196 149.27777099609375 241.64019775390625 -1 235.93359375 234.51393127441406 -1 226.26036071777344 146.60762023925781 -1 123.90287780761719 59.804050445556641 -1 123.90287780761719 59.804050445556641 -1 
7 0.98684493791848982 -0.11976454852819864 0.10799535344623057 0.011424756212391529 -3.6349098628690464 -1.7689646413363935 2.0643749622691701 1 000008.png
132.81639099121094 54.080528259277344 307 132.81639099121094 54.080528259277344 -1 72.180656433105469 68.015159606933594 120 72.180656433105469 68.015159606933594 1 69.189064025878906 23.275518417358398 156 220.92710876464844 234.07156372070312 -1 220.92710876464844 234.07156372070312 -1 222.59172058105469 84.018272399902344 3 103.16139984130859 43.047187805175781 121 46.326824188232422 80.6312255859375 4 98.478530883789062 13.620646476745605 5 105.11251831054688 31.989274978637695 6 121.19824981689453 50.762531280517578 123 228.40847778320312 110.47947692871094 140 105.11251831054688 31.989274978637695 155 105.11251831054688 31.989274978637695 155 120.10416412353516 54.674583435058594 -1 120.10416412353516 54.674583435058594 141 55.794849395751953 42.347713470458984 -1 120.10416412353516 54.674583435058594 -1 86.022506713867188 95.182266235351562 59 197.254638671875 102.3021240234375 11 86.022506713867188 95.182266235351562 -1 202.10838317871094 221.71272277832031 125 205.54924011230469 235.40927124023438 124 107.41895294189453 188.02935791015625 71 217.05671691894531 133.82746887207031 61 202.27946472167969 116.79499053955078 12 83.924957275390625 19.444599151611328 9 84.1810302734375 42.529682159423828 142 202.27946472167969 116.79499053955078 8 217.05671691894531 133.82746887207031 62 107.41895294189453 188.02935791015625 67 170.99853515625 93.562629699707031 167 184.75489807128906 98.552024841308594 528 85.392326354980469 109.98421478271484 -1 8.4557962417602539 168.214111328125 -1 245.60809326171875 234.83235168457031 144 170.99853515625 93.562629699707031 109 245.60809326171875 234.83235168457031 145 184.75489807128906 98.552024841308594 528 8.4557962417602539 168.214111328125 -1 109.69773864746094 77.639129638671875 -1 196.26499938964844 84.504928588867188 22 224.37132263183594 95.008323669433594 302 181.51643371582031 90.994888305664062 15 57.156044006347656 127.04337310791016 72 57.156044006347656 127.04337310791016 66 181.51643371582031 90.994888305664062 214 196.26499938964844 84.504928588867188 24 140.92662048339844 20.04926872253418 65 137.72000122070312 63.556732177734375 70 221.59745788574219 71.878578186035156 21 137.72000122070312 63.556732177734375 13 207.85501098632812 88.10546875 147 198.66299438476562 110.17556762695312 26 171.61109924316406 133.04130554199219 129 169.01322937011719 141.71479797363281 25 214.41508483886719 88.069114685058594 128 214.41508483886719 88.069114685058594 132 115.80976867675781 65.356575012207031 -1 216.990966796875 81.127067565917969 76 115.80976867675781 65.356575012207031 -1 216.990966796875 81.127067565917969 77 245.97149658203125 86.438522338867188 127 136.981689453125 55.225776672363281 30 136.981689453125 55.225776672363281 36 204.38710021972656 120.60398101806641 29 44.547233581542969 124.62670135498047 -1 13.968843460083008 159.26229858398438 43 230.82366943359375 92.671562194824219 229 204.38710021972656 120.60398101806641 33 213.04942321777344 115.63009643554688 131 92.559478759765625 10.559439659118652 134 196.698486328125 115.526123046875 32 213.04942321777344 115.63009643554688 130 62.963417053222656 114.44623565673828 160 9.7795066833496094 161.73458862304688 -1 109.27304077148438 18.455917358398438 40 215.17269897460938 76.469017028808594 -1 178.26004028320312 98.530624389648438 274 230.79656982421875 135.05038452148438 162 175.59988403320312 105.81504821777344 96 118.57478332519531 3.4731495380401611 295 203.86537170410156 125.11668395996094 93 52.133285522460938 127.19871520996094 92 221.77655029296875 127.58473968505859 189 55.564056396484375 124.56849670410156 92 30.293258666992188 144.95388793945312 -1 249.29005432128906 149.850830078125 -1 230.69082641601562 211.63758850097656 -1 213.27372741699219 120.77582550048828 94 197.08851623535156 118.66232299804688 163 190.3802490234375 138.70285034179688 118 183.23210144042969 88.042434692382812 97 208.3701171875 83.322425842285156 98 212.88893127441406 80.098716735839844 31 106.53842926025391 75.385894775390625 -1 121.61901092529297 63.342269897460938 -1 181.75445556640625 120.60204315185547 103 58.852741241455078 121.40750122070312 -1 115.42271423339844 60.029705047607422 149 103.37081146240234 22.053823471069336 46 108.47954559326172 14.438925743103027 86 221.51185607910156 94.917221069335938 150 209.92666625976562 113.66447448730469 301 85.842063903808594 3.2126531600952148 48 244.37051391601562 136.13766479492188 152 85.842063903808594 3.2126531600952148 91 181.17825317382812 99.414627075195312 164 208.3701171875 83.322425842285156 139 204.5247802734375 116.47942352294922 -1 202.55743408203125 242.93954467773438 -1 204.5247802734375 116.47942352294922 49 202.55743408203125 242.93954467773438 153 106.53842926025391 75.385894775390625 -1 216.56950378417969 70.771987915039062 165 49.121536254882812 129.22419738769531 -1 237.42434692382812 131.06748962402344 154 
8 0.97709356120239987 -0.15387059243702558 0.14552188002887806 0.020866141779251137 -4.2117215721835306 -2.3629801700445068 2.4065177231239776 1 000006.png
127.02995300292969 54.541069030761719 169 127.02995300292969 54.541069030761719 170 127.02995300292969 54.541069030761719 171 56.397796630859375 52.658710479736328 120 108.32036590576172 147.96614074707031 197 108.32036590576172 147.96614074707031 198 72.110107421875 20.802120208740234 156 222.50349426269531 83.838897705078125 3 203.18748474121094 213.97972106933594 172 226.54954528808594 109.85912322998047 140 98.417198181152344 13.719322204589844 5 105.03479766845703 31.019149780273438 6 105.03479766845703 31.019149780273438 155 197.54058837890625 102.58019256591797 11 134.77615356445312 19.067235946655273 184 65.282356262207031 76.039474487304688 59 58.764713287353516 99.805442810058594 173 58.764713287353516 99.805442810058594 -1 185.06590270996094 206.00091552734375 125 175.7943115234375 220.81291198730469 -1 230.94198608398438 230.38067626953125 144 58.764713287353516 99.805442810058594 -1 167.04736328125 96.736198425292969 -1 214.24644470214844 135.36126708984375 183 188.97398376464844 220.53205871582031 -1 83.876533508300781 18.564363479614258 9 167.04736328125 96.736198425292969 -1 214.24644470214844 135.36126708984375 185 184.61479187011719 98.834663391113281 528 118.07982635498047 52.363967895507812 -1 30.942142486572266 53.609096527099609 14 184.61479187011719 98.834663391113281 528 246.26446533203125 101.98902893066406 -1 209.10269165039062 65.188850402832031 -1 133.72677612304688 16.015897750854492 65 196.2750244140625 84.588134765625 24 129.77035522460938 61.2720947265625 -1 203.58598327636719 119.65141296386719 -1 117.36540222167969 54.402534484863281 -1 221.61866760253906 71.940711975097656 174 196.2750244140625 84.588134765625 22 179.0469970703125 93.958320617675781 15 203.58598327636719 119.65141296386719 -1 190.36257934570312 237.26957702636719 153 170.78076171875 97.307357788085938 167 133.43608093261719 14.630059242248535 65 129.77035522460938 61.2720947265625 -1 66.479782104492188 32.542747497558594 199 179.0469970703125 93.958320617675781 214 170.78076171875 97.307357788085938 109 187.50149536132812 123.44709777832031 209 95.543495178222656 71.951889038085938 -1 217.34808349609375 81.023666381835938 76 91.875099182128906 81.256584167480469 -1 210.94725036621094 119.27376556396484 131 171.58757019042969 133.04086303710938 129 242.71479797363281 84.541030883789062 127 210.94725036621094 119.27376556396484 130 217.34808349609375 81.023666381835938 77 198.74261474609375 110.17958831787109 26 224.40791320800781 95.478691101074219 302 207.90119934082031 88.040267944335938 147 168.72456359863281 141.53460693359375 25 128.99143981933594 53.191131591796875 186 96.5523681640625 77.415283203125 -1 204.44009399414062 120.51022338867188 33 203.84402465820312 125.3173828125 93 53.412029266357422 109.62446594238281 160 99.404975891113281 157.86573791503906 -1 110.82484436035156 21.918621063232422 281 96.489570617675781 29.67266845703125 82 128.99143981933594 53.191131591796875 187 96.5523681640625 77.415283203125 -1 196.5821533203125 115.43824005126953 32 204.44009399414062 120.51022338867188 29 203.84402465820312 125.3173828125 93 80.063728332519531 140.23689270019531 -1 99.404975891113281 157.86573791503906 -1 175.90829467773438 133.50685119628906 -1 243.35647583007812 240.10186767578125 -1 210.25218200683594 123.700927734375 -1 228.50636291503906 96.092582702636719 302 212.85092163085938 80.221855163574219 31 178.10224914550781 98.864906311035156 274 214.39956665039062 105.96392059326172 -1 87.278350830078125 85.055450439453125 -1 37.174461364746094 117.62491607666016 -1 168.78654479980469 117.41492462158203 -1 242.42666625976562 124.74417114257812 175 18.354726791381836 131.49177551269531 176 221.44416809082031 132.5576171875 270 27.76966667175293 132.83865356445312 -1 170.01945495605469 81.837646484375 219 20.55302619934082 138.15290832519531 159 233.7236328125 142.56304931640625 -1 3.4744114875793457 151.71153259277344 -1 251.83738708496094 157.55711364746094 -1 210.25218200683594 123.700927734375 -1 115.74295043945312 58.589340209960938 203 3.4744114875793457 151.71153259277344 -1 92.956466674804688 10.36944580078125 134 109.21829986572266 18.454944610595703 40 115.74295043945312 58.589340209960938 179 181.6217041015625 120.26695251464844 103 204.74105834960938 116.37779235839844 49 98.471824645996094 146.84320068359375 180 215.59323120117188 202.04219055175781 -1 85.793098449707031 3.1735293865203857 48 175.61726379394531 105.74111938476562 96 181.13186645507812 99.432937622070312 164 221.52095031738281 95.0089111328125 150 48.382053375244141 94.735267639160156 -1 230.41792297363281 92.56256103515625 229 208.42776489257812 83.541946411132812 98 194.27946472167969 79.609626770019531 181 93.039649963378906 76.328445434570312 -1 95.793159484863281 55.380027770996094 247 216.35359191894531 70.66741943359375 165 46.025241851806641 66.095657348632812 -1 103.47527313232422 21.998882293701172 46 143.04690551757812 60.193881988525391 182 85.793098449707031 3.1735293865203857 91 93.039649963378906 76.328445434570312 -1 208.42776489257812 83.541946411132812 139 204.74105834960938 116.37779235839844 -1 172.13566589355469 116.89532470703125 257 47.037559509277344 91.194320678710938 -1 92.584213256835938 23.177627563476562 -1 93.748550415039062 27.383626937866211 283 238.48138427734375 234.97357177734375 -1 172.13566589355469 116.89532470703125 221 197.10330200195312 118.66639709472656 163 44.764400482177734 119.99238586425781 92 38.588718414306641 62.571559906005859 137 222.28895568847656 123.93165588378906 154 231.299072265625 218.84426879882812 -1 227.62837219238281 128.18701171875 152 
9 0.99567240069587282 -0.077428316443246617 0.051087260678171403 0.0056051852496199605 -2.7101485848919058 -1.0352387309752067 1.4271553702456969 1 000011.png
142.90176391601562 54.378879547119141 51 144.876953125 176.39764404296875 52 142.90176391601562 54.378879547119141 53 64.685493469238281 35.748359680175781 54 64.685493469238281 35.748359680175781 55 93.441253662109375 87.847053527832031 1 93.441253662109375 87.847053527832031 -1 222.67353820800781 84.014877319335938 3 197.40434265136719 64.161376953125 56 129.336181640625 109.13597869873047 -1 97.112068176269531 140.9034423828125 57 97.112068176269531 140.9034423828125 58 98.371368408203125 13.621018409729004 5 105.20633697509766 32.405685424804688 6 105.20633697509766 32.405685424804688 155 195.71226501464844 103.81359100341797 11 73.000991821289062 60.015598297119141 157 112.74063110351562 119.62943267822266 59 195.71226501464844 103.81359100341797 60 83.968124389648438 19.391645431518555 9 118.67371368408203 48.054466247558594 -1 64.265151977539062 85.2210693359375 14 202.750244140625 116.29624176025391 12 222.21107482910156 237.8822021484375 104 232.55445861816406 141.67437744140625 61 243.54104614257812 149.81942749023438 -1 202.750244140625 116.29624176025391 8 232.55445861816406 141.67437744140625 62 243.54104614257812 149.81942749023438 -1 224.27186584472656 93.870376586914062 302 111.25905609130859 195.01435852050781 168 150.63081359863281 26.856803894042969 65 117.27935791015625 29.691354751586914 23 147.54875183105469 66.854629516601562 13 172.26249694824219 88.264907836914062 107 184.79034423828125 98.613349914550781 528 67.220069885253906 135.94046020507812 66 121.12049102783203 202.41339111328125 67 239.09848022460938 227.58126831054688 68 246.28428649902344 230.97201538085938 69 147.54875183105469 66.854629516601562 70 121.12049102783203 202.41339111328125 71 67.220069885253906 135.94046020507812 72 184.79034423828125 98.613349914550781 528 172.26249694824219 88.264907836914062 10 224.27186584472656 93.870376586914062 -1 111.25905609130859 195.01435852050781 27 184.32369995117188 87.550735473632812 242 196.21006774902344 84.535255432128906 22 218.52082824707031 249.71595764160156 73 170.01106262207031 142.20353698730469 25 184.32369995117188 87.550735473632812 18 218.52082824707031 249.71595764160156 105 221.60316467285156 71.942512512207031 21 205.87110900878906 61.402584075927734 -1 126.43924713134766 75.480804443359375 75 196.21006774902344 84.535255432128906 24 198.70268249511719 110.07254791259766 26 216.64743041992188 81.810554504394531 76 216.64743041992188 81.810554504394531 77 213.29783630371094 65.699150085449219 78 210.02677917480469 108.34452056884766 79 209.56260681152344 118.40109252929688 -1 72.43890380859375 126.44302368164062 -1 114.54092407226562 204.28884887695312 37 215.46675109863281 138.31654357910156 34 178.27363586425781 98.358863830566406 274 204.32752990722656 120.73972320556641 33 87.250564575195312 143.70970153808594 261 220.79830932617188 164.05693054199219 81 96.454330444335938 29.759910583496094 82 146.92860412597656 57.445724487304688 30 210.02677917480469 108.34452056884766 83 196.69317626953125 115.53093719482422 32 75.785545349121094 118.62226104736328 84 209.56260681152344 118.40109252929688 -1 80.252906799316406 119.22399139404297 85 72.43890380859375 126.44302368164062 -1 79.957908630371094 132.16661071777344 113 114.54092407226562 204.28884887695312 35 204.32752990722656 120.73972320556641 29 146.92860412597656 57.445724487304688 36 108.46607208251953 14.299891471862793 86 70.853240966796875 90.242881774902344 137 218.3955078125 119.20029449462891 -1 209.73023986816406 112.98878479003906 87 3.4616324901580811 186.37445068359375 88 70.751319885253906 118.84886932373047 89 222.00552368164062 122.57308197021484 265 212.38960266113281 80.279518127441406 31 86.463676452636719 3.1382231712341309 48 109.2701416015625 18.439916610717773 40 132.36192321777344 83.00537109375 -1 70.751319885253906 118.84886932373047 90 86.463676452636719 3.1382231712341309 91 40.957691192626953 144.40121459960938 -1 7.6562724113464355 181.98028564453125 44 93.095924377441406 242.09858703613281 -1 60.647613525390625 135.45404052734375 92 195.19781494140625 124.95933532714844 -1 78.419082641601562 124.73944091796875 -1 204.03144836425781 124.74889373779297 93 197.07252502441406 118.65544128417969 163 214.97314453125 116.38722229003906 94 204.51692199707031 116.65705871582031 49 207.05833435058594 113.79005432128906 95 174.38665771484375 109.65997314453125 138 175.5987548828125 105.79644012451172 96 226.90957641601562 98.719367980957031 302 229.09571838378906 95.044845581054688 229 214.26663208007812 92.653038024902344 -1 73.535911560058594 87.926864624023438 -1 186.32066345214844 84.391075134277344 251 208.51174926757812 83.403305053710938 98 120.30657196044922 72.845184326171875 99 125.47608184814453 71.545814514160156 -1 93.092514038085938 17.829605102539062 224 139.47659301757812 59.383022308349609 -1 208.51174926757812 83.403305053710938 139 207.05833435058594 113.79005432128906 101 93.095924377441406 242.09858703613281 -1 103.49483489990234 22.038642883300781 46 108.12743377685547 61.605808258056641 -1 48.985828399658203 145.66763305664062 -1 115.61354064941406 57.933036804199219 102 46.679847717285156 147.76863098144531 45 43.426139831542969 150.21678161621094 -1 181.88827514648438 120.61287689208984 103 65.914222717285156 130.42469787597656 -1 205.42518615722656 146.95968627929688 118 
10 0.98218873012306529 -0.13927792849313972 0.12516403425710548 0.015521648829501692 -3.9043539572277512 -2.0994726134280257 2.1573698014593972 1 000007.png
128.943603515625 54.396110534667969 170 128.943603515625 54.396110534667969 169 128.943603515625 54.396110534667969 171 64.041740417480469 59.101306915283203 120 211.5909423828125 223.49696350097656 -1 64.041740417480469 59.101306915283203 1 211.5909423828125 223.49696350097656 -1 71.908958435058594 20.916229248046875 156 222.40609741210938 83.952644348144531 3 39.667453765869141 73.399574279785156 4 79.600090026855469 36.170433044433594 142 98.324821472167969 13.73530101776123 5 105.1214599609375 31.543760299682617 6 65.283851623535156 103.40814208984375 173 225.03253173828125 109.64846801757812 140 105.1214599609375 31.543760299682617 -1 105.1214599609375 31.543760299682617 155 193.14042663574219 212.86099243164062 125 197.16641235351562 227.80986022949219 -1 49.058250427246094 36.052036285400391 157 119.75868988037109 50.550979614257812 -1 74.960311889648438 84.671615600585938 59 197.39889526367188 102.60172271728516 11 241.95429992675781 238.04632568359375 145 241.95429992675781 238.04632568359375 144 74.960311889648438 84.671615600585938 -1 83.801025390625 18.94441032409668 9 138.520751953125 20.834558486938477 184 221.23619079589844 139.13832092285156 183 202.21267700195312 117.00132751464844 8 202.21267700195312 117.00132751464844 12 221.23619079589844 139.13832092285156 185 170.14688110351562 95.474723815917969 109 109.20309448242188 81.999542236328125 -1 133.76075744628906 62.906360626220703 -1 137.77777099609375 19.037960052490234 65 133.76075744628906 62.906360626220703 70 248.28329467773438 90.125556945800781 290 170.14688110351562 95.474723815917969 167 184.67488098144531 98.721397399902344 528 80.139205932617188 115.35845947265625 -1 52.733730316162109 124.96757507324219 66 233.42764282226562 225.6097412109375 -1 52.733730316162109 124.96757507324219 72 184.67488098144531 98.721397399902344 528 180.4769287109375 92.453880310058594 15 230.61003112792969 96.213523864746094 229 203.09675598144531 118.94002532958984 -1 187.93309020996094 238.88395690917969 -1 199.83363342285156 245.63250732421875 153 196.27754211425781 84.523117065429688 22 203.09675598144531 118.94002532958984 -1 214.42008972167969 88.003028869628906 132 221.58055114746094 71.959678649902344 174 214.42008972167969 88.003028869628906 128 196.27754211425781 84.523117065429688 24 37.416835784912109 56.568523406982422 -1 224.42709350585938 95.460601806640625 302 212.33119201660156 117.79593658447266 131 217.05717468261719 81.249443054199219 76 168.89317321777344 141.49331665039062 25 171.59169006347656 133.08055114746094 129 212.33119201660156 117.79593658447266 130 198.68266296386719 110.15364837646484 26 207.80465698242188 88.044021606445312 147 217.05717468261719 81.249443054199219 77 116.49734497070312 60.868232727050781 179 6.9154119491577148 151.65922546386719 -1 6.9154119491577148 151.65922546386719 -1 23.615333557128906 143.26901245117188 159 133.02572631835938 53.972846984863281 186 99.385246276855469 80.158409118652344 -1 212.44769287109375 80.073104858398438 31 57.897487640380859 111.88128662109375 160 196.52998352050781 115.44728851318359 32 196.65672302246094 119.83165740966797 -1 204.36772155761719 120.54657745361328 29 12.059432983398438 147.3953857421875 -1 104.97322082519531 158.46324157714844 -1 93.468269348144531 183.02287292480469 168 133.02572631835938 53.972846984863281 187 204.36772155761719 120.54657745361328 33 12.059432983398438 147.3953857421875 -1 109.23424530029297 18.455615997314453 40 230.57850646972656 86.125297546386719 -1 230.57850646972656 86.125297546386719 -1 178.11231994628906 98.753776550292969 274 175.6397705078125 105.69243621826172 96 48.168628692626953 123.39984893798828 92 203.94482421875 124.94622802734375 93 250.42178344726562 128.21884155273438 -1 65.942268371582031 132.48255920410156 -1 227.450927734375 134.97892761230469 -1 235.94099426269531 141.70639038085938 162 104.43492126464844 152.02729797363281 180 206.5714111328125 250.44020080566406 -1 108.52585601806641 14.47770881652832 86 250.42178344726562 128.21884155273438 175 92.794708251953125 10.56861686706543 134 197.04949951171875 118.63034057617188 163 191.33457946777344 126.77564239501953 -1 42.843502044677734 127.61349487304688 119 183.96754455566406 134.94699096679688 -1 221.43424987792969 205.13580322265625 -1 246.14682006835938 230.927734375 -1 240.01029968261719 233.38150024414062 -1 195.48765563964844 237.43800354003906 -1 172.28480529785156 116.57074737548828 221 197.491943359375 239.65608215332031 -1 199.988037109375 242.60952758789062 194 248.43641662597656 242.36959838867188 -1 55.457447052001953 110.04579925537109 89 174.56361389160156 109.22965240478516 138 181.14314270019531 99.401763916015625 164 194.20896911621094 79.609825134277344 181 104.77516174316406 75.754776000976562 -1 216.51611328125 70.721542358398438 165 46.109825134277344 70.954025268554688 137 158.20887756347656 70.1328125 182 113.11630249023438 57.378322601318359 149 103.33925628662109 22.086347579956055 46 92.959388732910156 56.608814239501953 -1 89.08123779296875 37.046707153320312 -1 93.009178161621094 17.860782623291016 224 218.76628112792969 85.725509643554688 195 85.892570495605469 3.2950000762939453 48 85.892570495605469 3.2950000762939453 91 55.457447052001953 110.04579925537109 90 191.33457946777344 126.77564239501953 -1 191.33457946777344 126.77564239501953 -1 227.43278503417969 97.915817260742188 302 183.96754455566406 134.94699096679688 118 251.772705078125 245.87762451171875 -1 243.6214599609375 83.437858581542969 191 251.772705078125 245.87762451171875 -1 91.944869995117188 247.91397094726562 -1 191.33457946777344 126.77564239501953 -1 182.17430114746094 89.6363525390625 97 
11 0.9887838883139235 -0.11280150991278536 0.097504655875645746 0.0086650825019882281 -3.4690487353599058 -1.6389375154154786 1.9341183826570776 1 000009.png
135.30239868164062 53.959373474121094 307 135.30239868164062 53.959373474121094 -1 76.121162414550781 72.524017333984375 120 76.121162414550781 72.524017333984375 -1 76.121162414550781 72.524017333984375 1 68.882911682128906 26.384733200073242 -1 68.882911682128906 26.384733200073242 -1 104.26718902587891 42.919151306152344 121 222.66319274902344 84.063705444335938 3 195.47297668457031 63.562473297119141 56 49.258457183837891 83.337692260742188 4 205.85464477539062 220.70584106445312 -1 230.133544921875 110.91572570800781 140 78.7530517578125 120.40666961669922 58 105.08422088623047 32.259513854980469 6 78.7530517578125 120.40666961669922 57 121.89545440673828 50.993877410888672 -1 105.08422088623047 32.259513854980469 155 105.08422088623047 32.259513854980469 155 98.432838439941406 13.609283447265625 5 121.89545440673828 50.993877410888672 123 210.456298828125 239.22245788574219 124 59.027275085449219 45.653583526611328 157 206.21511840820312 224.25747680664062 104 197.12623596191406 102.35269165039062 11 91.468986511230469 100.41352081298828 59 120.966796875 54.342990875244141 141 206.21511840820312 224.25747680664062 125 120.966796875 54.342990875244141 -1 91.468986511230469 100.41352081298828 -1 83.848358154296875 19.60455322265625 9 168.7076416015625 92.193763732910156 167 219.63581848144531 134.8560791015625 61 110.56852722167969 191.41964721679688 67 168.7076416015625 92.193763732910156 -1 202.38090515136719 116.64580535888672 12 202.38090515136719 116.64580535888672 8 219.63581848144531 134.8560791015625 62 110.56852722167969 191.41964721679688 71 9.638005256652832 172.11891174316406 -1 59.351062774658203 130.56494140625 66 115.54409790039062 75.73016357421875 -1 115.54409790039062 75.73016357421875 -1 143.09408569335938 21.960874557495117 65 86.706924438476562 44.808719635009766 142 117.60535430908203 64.3763427734375 -1 139.74964904785156 65.0599365234375 70 48.632236480712891 70.818572998046875 14 244.03065490722656 86.510284423828125 127 171.56765747070312 92.890769958496094 167 184.79249572753906 98.510597229003906 528 47.449653625488281 140.51164245605469 -1 9.638005256652832 172.11891174316406 -1 117.60535430908203 64.3763427734375 -1 139.74964904785156 65.0599365234375 13 171.56765747070312 92.890769958496094 109 184.79249572753906 98.510597229003906 528 59.351062774658203 130.56494140625 72 196.26470947265625 84.505210876464844 22 221.65748596191406 71.968856811523438 21 250.14370727539062 238.20916748046875 145 196.26470947265625 84.505210876464844 24 173.253662109375 93.942886352539062 109 250.14370727539062 238.20916748046875 144 206.58346557617188 62.03558349609375 78 202.25263977050781 237.04266357421875 105 173.253662109375 93.942886352539062 167 182.10940551757812 90.361289978027344 15 94.334793090820312 57.937053680419922 -1 214.36749267578125 88.057220458984375 128 171.6741943359375 133.01333618164062 129 174.000244140625 126.84590911865234 -1 213.6619873046875 115.27607727050781 130 198.69631958007812 110.1837158203125 26 250.11190795898438 88.873405456542969 -1 208.05950927734375 88.327804565429688 147 216.97920227050781 81.365669250488281 77 216.97920227050781 81.365669250488281 76 250.11190795898438 88.873405456542969 -1 213.6619873046875 115.27607727050781 131 100.99734497070312 189.67596435546875 -1 214.36749267578125 88.057220458984375 132 100.99734497070312 189.67596435546875 168 169.16818237304688 141.99769592285156 25 207.97779846191406 248.74380493164062 153 207.97779846191406 248.74380493164062 -1 224.61666870117188 96.093788146972656 302 10.589731216430664 155.579833984375 -1 107.61163330078125 194.9732666015625 -1 92.571060180664062 10.780869483947754 134 96.541778564453125 29.79511833190918 82 204.41600036621094 120.70522308349609 33 107.61163330078125 194.9732666015625 -1 196.65541076660156 115.52208709716797 32 65.16790771484375 116.02581787109375 160 204.41600036621094 120.70522308349609 29 226.40835571289062 130.77439880371094 -1 23.711616516113281 154.47660827636719 -1 3.1401212215423584 171.78762817382812 -1 183.39851379394531 86.079147338867188 97 235.42312622070312 137.58418273925781 -1 215.40621948242188 121.63779449462891 -1 203.90333557128906 125.05913543701172 93 109.29666137695312 18.449085235595703 40 220.14224243164062 125.3212890625 189 57.331737518310547 91.070938110351562 -1 56.896934509277344 81.119049072265625 137 178.25787353515625 98.434860229492188 274 216.43980407714844 112.65097045898438 -1 209.9383544921875 113.48070526123047 301 63.864295959472656 109.96026611328125 192 174.50689697265625 109.39962768554688 138 175.58055114746094 105.89990997314453 96 231.18240356445312 85.768150329589844 196 54.896381378173828 83.970527648925781 -1 208.52006530761719 83.377510070800781 98 212.97987365722656 80.114952087402344 31 115.59785461425781 60.169696807861328 149 235.67265319824219 215.60490417480469 -1 240.43643188476562 228.94577026367188 -1 249.96690368652344 239.30447387695312 -1 103.58071899414062 21.945695877075195 46 68.416114807128906 122.82426452636719 113 217.54476928710938 134.88168334960938 -1 248.22319030761719 137.89659118652344 152 41.051952362060547 139.42860412597656 45 193.66154479980469 140.40074157714844 118 108.41144561767578 14.323025703430176 86 208.52006530761719 83.377510070800781 139 249.96690368652344 239.30447387695312 -1 136.11634826660156 53.817882537841797 36 181.70751953125 120.61717224121094 103 253.20420837402344 242.11477661132812 -1 212.10067749023438 118.79179382324219 -1 253.20420837402344 242.11477661132812 -1 212.10067749023438 118.79179382324219 94 
12 0.99309480429049424 -0.091228497340986398 0.073324481969225669 0.0079744158454008191 -3.0791712835240315 -1.2809222039162138 1.650406590019482 1 000010.png
138.12214660644531 52.996601104736328 51 140.17987060546875 172.17524719238281 52 140.17987060546875 172.17524719238281 -1 138.12214660644531 52.996601104736328 53 223.07237243652344 199.9776611328125 -1 65.4686279296875 30.23023796081543 55 84.958717346191406 81.642402648925781 1 84.958717346191406 81.642402648925781 120 84.958717346191406 81.642402648925781 -1 65.4686279296875 30.23023796081543 54 58.071537017822266 120.14171600341797 -1 58.071537017822266 120.14171600341797 -1 58.071537017822266 120.14171600341797 -1 222.91476440429688 83.975250244140625 3 105.18468475341797 43.17919921875 121 117.59974670410156 106.57998657226562 -1 196.56732177734375 63.882129669189453 56 87.515144348144531 130.99371337890625 57 87.515144348144531 130.99371337890625 58 122.90392303466797 50.310405731201172 123 56.313041687011719 87.230857849121094 4 98.361961364746094 13.63282585144043 5 105.12022399902344 32.446067810058594 6 105.12022399902344 32.446067810058594 155 122.90392303466797 50.310405731201172 141 105.12022399902344 32.446067810058594 155 101.93848419189453 111.24169158935547 59 226.32723999023438 139.18910217285156 61 226.32723999023438 139.18910217285156 62 214.53694152832031 232.34468078613281 104 217.92855834960938 245.74342346191406 124 195.56599426269531 103.24980163574219 60 169.64169311523438 89.673835754394531 167 202.58203125 116.44306182861328 8 83.838790893554688 19.35279655456543 9 121.07029724121094 61.723941802978516 -1 169.64169311523438 89.673835754394531 266 195.56599426269531 103.24980163574219 11 202.58203125 116.44306182861328 12 116.22968292236328 196.91238403320312 67 214.53694152832031 232.34468078613281 125 116.22968292236328 196.91238403320312 71 245.75138854980469 88.633598327636719 127 147.048095703125 24.58003044128418 65 143.63371276855469 66.073661804199219 13 56.445163726806641 78.01165771484375 14 182.89987182617188 88.96380615234375 15 172.4609375 90.903633117675781 167 73.87255859375 110.6815185546875 -1 73.87255859375 110.6815185546875 -1 63.057929992675781 133.65794372558594 66 184.80909729003906 98.533271789550781 528 143.63371276855469 66.073661804199219 70 182.89987182617188 88.96380615234375 -1 172.4609375 90.903633117675781 109 184.80909729003906 98.533271789550781 528 63.057929992675781 133.65794372558594 72 210.50271606445312 244.47137451171875 105 221.52847290039062 71.900917053222656 21 210.50271606445312 244.47137451171875 73 196.24317932128906 84.4998779296875 22 116.47196960449219 27.784351348876953 23 196.24317932128906 84.4998779296875 24 174.07328796386719 91.807243347167969 -1 169.68943786621094 141.81513977050781 25 230.57960510253906 221.81942749023438 68 214.24064636230469 88.1356201171875 128 224.41905212402344 95.396736145019531 302 198.7186279296875 110.08330535888672 26 171.66354370117188 133.02947998046875 129 107.07552337646484 195.94679260253906 168 121.18003082275391 75.119010925292969 -1 107.07552337646484 195.94679260253906 -1 92.729866027832031 35.998218536376953 212 216.93772888183594 81.365242004394531 77 214.24064636230469 88.1356201171875 132 146.51028442382812 22.822946548461914 65 87.520515441894531 34.359111785888672 28 92.729866027832031 35.998218536376953 211 116.44761657714844 59.159549713134766 102 216.93772888183594 81.365242004394531 76 204.30648803710938 120.61684417724609 29 178.2423095703125 98.430313110351562 274 213.71466064453125 112.97115325927734 -1 143.02288818359375 56.638229370117188 30 212.37913513183594 79.946121215820312 31 213.71466064453125 112.97115325927734 -1 196.70045471191406 115.55878448486328 32 70.357467651367188 117.4981689453125 -1 204.30648803710938 120.61684417724609 33 209.97463989257812 135.78733825683594 34 109.15598297119141 200.08851623535156 35 143.02288818359375 56.638229370117188 36 109.15598297119141 200.08851623535156 37 209.97463989257812 135.78733825683594 38 64.411323547363281 87.792869567871094 137 209.80364990234375 113.06256866455078 87 108.56595611572266 14.33220386505127 86 73.922599792480469 117.76765441894531 -1 203.96597290039062 124.90830230712891 93 73.453727722167969 125.22269439697266 113 226.81980895996094 128.56671142578125 39 247.52888488769531 135.12066650390625 154 109.29593658447266 18.469558715820312 40 30.811178207397461 146.69783020019531 176 39.271800994873047 147.84271240234375 -1 35.896999359130859 150.90115356445312 -1 32.087059020996094 154.01860046386719 159 18.119863510131836 166.552490234375 43 6.4601826667785645 176.38798522949219 44 92.232559204101562 50.530117034912109 -1 209.80364990234375 113.06256866455078 -1 92.902976989746094 10.407805442810059 134 86.798095703125 165.3868408203125 339 78.425514221191406 141.34017944335938 -1 67.135856628417969 116.41259002685547 89 43.468456268310547 143.94009399414062 45 49.865772247314453 138.54641723632812 119 77.546615600585938 137.71458435058594 -1 127.35731506347656 65.531394958496094 -1 129.60891723632812 63.625644683837891 -1 103.49304962158203 22.008567810058594 46 216.587890625 143.89920043945312 -1 80.34649658203125 146.09487915039062 -1 228.23435974121094 96.793663024902344 229 92.981399536132812 17.848522186279297 224 86.107757568359375 3.2054843902587891 48 239.5008544921875 220.93351745605469 69 204.72752380371094 116.68196105957031 49 208.57730102539062 83.518829345703125 98 61.943756103515625 82.428085327148438 -1 119.6546630859375 71.923965454101562 -1 86.107757568359375 3.2054843902587891 91 119.6546630859375 71.923965454101562 -1 216.587890625 143.89920043945312 -1 71.115249633789062 109.3111572265625 111 159.02201843261719 65.392044067382812 -1 67.135856628417969 116.41259002685547 90 213.49179077148438 117.72508239746094 94 236.99566650390625 126.91522216796875 50 57.009868621826172 132.49752807617188 92 239.5008544921875 220.93351745605469 347 227.67138671875 92.800971984863281 229 181.72860717773438 120.60997009277344 103 
13 0.99556430038016364 -0.092749342554261704 0.014170233363629716 -0.0069633146365589644 -2.0883275394547454 -1.2388930043633946 1.0815104040901062 1 000014.png
152.46174621582031 191.67918395996094 -1 131.75689697265625 43.892574310302734 -1 158.08157348632812 58.179347991943359 -1 131.75689697265625 43.892574310302734 306 158.08157348632812 58.179347991943359 -1 104.38115692138672 86.038833618164062 -1 104.38115692138672 86.038833618164062 -1 222.19062805175781 84.766647338867188 3 105.24501037597656 31.501811981201172 155 105.24501037597656 31.501811981201172 6 98.359649658203125 13.60973072052002 5 196.00015258789062 103.9481201171875 11 82.591217041015625 18.071382522583008 9 174.07339477539062 84.196296691894531 107 84.669075012207031 89.104537963867188 308 202.27792358398438 116.55818176269531 12 242.69306945800781 140.21800231933594 61 236.40406799316406 240.36698913574219 104 174.07339477539062 84.196296691894531 10 174.07339477539062 84.196296691894531 108 202.27792358398438 116.55818176269531 8 202.27792358398438 116.55818176269531 8 135.11036682128906 203.65313720703125 71 217.29656982421875 108.09208679199219 79 135.11036682128906 203.65313720703125 67 102.67417907714844 59.114898681640625 -1 217.29656982421875 108.09208679199219 239 217.29656982421875 108.09208679199219 83 154.77378845214844 66.486137390136719 13 184.59028625488281 98.906074523925781 528 231.98390197753906 79.623031616210938 240 177.89808654785156 84.911209106445312 241 136.50852966308594 125.50547027587891 -1 171.27030944824219 142.41481018066406 25 126.31369018554688 202.88688659667969 35 184.59028625488281 98.906074523925781 528 126.31369018554688 202.88688659667969 37 156.72169494628906 29.727758407592773 -1 91.625434875488281 70.153404235839844 -1 96.313438415527344 108.78396606445312 111 195.96669006347656 84.751701354980469 22 187.96412658691406 83.495643615722656 242 221.66682434082031 71.988441467285156 21 179.41424560546875 85.167587280273438 241 248.78373718261719 88.773735046386719 127 195.96669006347656 84.751701354980469 24 187.96412658691406 83.495643615722656 18 100.48841094970703 63.657318115234375 326 243.24537658691406 84.476829528808594 349 221.58172607421875 103.41919708251953 243 198.68959045410156 110.05226135253906 26 96.759651184082031 115.85294342041016 85 105.32689666748047 65.481254577636719 -1 233.40719604492188 251.35299682617188 105 233.40719604492188 251.35299682617188 73 123.40491485595703 59.192539215087891 244 99.401351928710938 131.45816040039062 245 221.05119323730469 134.54495239257812 310 154.06260681152344 56.905811309814453 36 112.57356262207031 59.100345611572266 -1 178.18968200683594 98.44927978515625 309 216.64759826660156 105.73397827148438 79 204.23710632324219 120.67982482910156 29 221.05119323730469 134.54495239257812 38 204.23710632324219 120.67982482910156 33 154.06260681152344 56.905811309814453 30 112.57356262207031 59.100345611572266 -1 96.750892639160156 94.867965698242188 -1 178.18968200683594 98.44927978515625 274 216.64759826660156 105.73397827148438 259 229.12753295898438 109.41103363037109 246 196.71366882324219 115.51265716552734 32 239.16445922851562 116.92191314697266 110 112.57477569580078 254.627197265625 -1 108.57613372802734 14.382040023803711 86 109.26324462890625 18.449863433837891 40 95.711585998535156 56.346591949462891 247 91.978782653808594 113.62889099121094 84 170.9482421875 145.32449340820312 248 124.38168334960938 61.248405456542969 -1 96.498664855957031 63.715419769287109 -1 238.43891906738281 126.54259490966797 249 242.50936889648438 129.85530090332031 39 145.12648010253906 176.53153991699219 -1 143.09495544433594 188.04522705078125 -1 11.095999717712402 192.62394714355469 -1 128.40777587890625 64.677742004394531 99 131.34779357910156 66.8321533203125 250 189.21893310546875 79.108619689941406 251 86.642631530761719 3.0966446399688721 48 175.55410766601562 105.85980987548828 96 228.1192626953125 97.287940979003906 229 93.668792724609375 120.024169921875 -1 137.25453186035156 71.642890930175781 75 86.642631530761719 3.0966446399688721 91 96.498664855957031 63.715419769287109 -1 112.57477569580078 254.627197265625 -1 133.31074523925781 72.272857666015625 116 189.21893310546875 79.108619689941406 -1 209.57417297363281 108.52606201171875 -1 224.37069702148438 116.03379058837891 364 228.05960083007812 118.77676391601562 364 204.55522155761719 116.85781097412109 49 172.21604919433594 116.60360717773438 221 207.048095703125 114.03281402587891 95 218.83648681640625 111.92885589599609 254 216.65406799316406 109.93718719482422 -1 93.319343566894531 18.078245162963867 224 231.98426818847656 90.525489807128906 -1 103.44895172119141 22.055704116821289 46 92.563323974609375 48.601173400878906 255 207.048095703125 114.03281402587891 101 89.040809631347656 7.6278133392333984 -1 190.57704162597656 123.73741912841797 -1 252.9981689453125 238.95429992675781 -1 176.08964538574219 69.905975341796875 324 121.61009979248047 62.610710144042969 -1 248.70994567871094 247.32376098632812 313 172.21604919433594 116.60360717773438 257 109.03242492675781 248.57968139648438 115 252.9981689453125 238.95429992675781 -1 142.00128173828125 191.40592956542969 -1 24.612968444824219 172.01515197753906 43 190.57704162597656 123.73741912841797 -1 106.39206695556641 244.42692565917969 -1 97.858955383300781 53.305641174316406 -1 58.241268157958984 147.81263732910156 325 121.44191741943359 59.570903778076172 -1 
14 0.99595849112464441 -0.079913588820725481 0.040953730916111653 0.0018149938194248899 -2.5393205134371239 -1.0572526742004278 1.3325232508609977 1 000012.png
68.015350341796875 36.710521697998047 55 145.17741394042969 54.634075164794922 51 147.32391357421875 179.18145751953125 52 68.015350341796875 36.710521697998047 54 145.17741394042969 54.634075164794922 53 147.32391357421875 179.18145751953125 106 97.475456237792969 89.269065856933594 1 97.475456237792969 89.269065856933594 -1 222.66331481933594 84.012039184570312 3 101.84162902832031 143.468017578125 -1 101.84162902832031 143.468017578125 -1 197.62489318847656 64.279815673828125 56 98.356842041015625 13.634431838989258 5 105.21910095214844 32.459182739257812 155 68.140083312988281 93.665054321289062 4 105.21910095214844 32.459182739257812 6 195.63323974609375 103.620361328125 11 235.71939086914062 142.17158508300781 61 118.41166687011719 122.55792999267578 -1 195.63323974609375 103.620361328125 60 84.1297607421875 19.499704360961914 9 171.68537902832031 87.377685546875 107 226.46833801269531 240.32395935058594 104 114.15747833251953 195.78474426269531 27 202.80026245117188 116.16710662841797 12 171.68537902832031 87.377685546875 10 114.15747833251953 195.78474426269531 168 202.80026245117188 116.16710662841797 8 171.68537902832031 87.377685546875 108 118.19617462158203 31.799602508544922 23 118.19617462158203 31.799602508544922 -1 124.78754425048828 203.51679992675781 71 124.78754425048828 203.51679992675781 67 149.5938720703125 66.977958679199219 70 184.93284606933594 86.426582336425781 242 174.43394470214844 88.112724304199219 -1 184.72006225585938 98.706886291503906 528 68.874267578125 137.33969116210938 66 170.57217407226562 142.22665405273438 25 7.6471529006958008 191.72433471679688 -1 174.43394470214844 88.112724304199219 -1 184.72006225585938 98.706886291503906 528 224.30772399902344 94.133110046386719 302 68.874267578125 137.33969116210938 72 7.6471529006958008 191.72433471679688 -1 184.93284606933594 86.426582336425781 18 152.49407958984375 27.778812408447266 65 110.00969696044922 56.920578002929688 -1 204.04167175292969 61.408344268798828 -1 149.5938720703125 66.977958679199219 13 244.28524780273438 230.03494262695312 68 196.15364074707031 84.615615844726562 22 176.30120849609375 88.671798706054688 -1 116.05487823486328 201.14886474609375 35 223.28279113769531 250.97380065917969 105 221.70968627929688 72.283035278320312 21 196.15364074707031 84.615615844726562 24 116.05487823486328 201.14886474609375 37 213.47950744628906 65.855117797851562 78 128.70098876953125 75.221832275390625 75 211.21484375 108.10516357421875 83 198.71290588378906 110.20460510253906 26 84.629341125488281 119.67364501953125 85 116.22824859619141 53.041877746582031 -1 211.21484375 108.10516357421875 79 232.33457946777344 117.6343994140625 110 119.140625 67.297523498535156 -1 248.01457214355469 234.8731689453125 -1 204.26783752441406 120.65892028808594 29 204.26783752441406 120.65892028808594 33 148.93800354003906 57.557720184326172 36 252.39323425292969 229.9361572265625 -1 84.85125732421875 136.99150085449219 -1 115.49510192871094 25.105400085449219 351 96.463844299316406 29.775136947631836 82 148.93800354003906 57.557720184326172 30 216.25433349609375 81.84844970703125 77 82.112693786621094 114.29315948486328 111 196.62791442871094 115.46962738037109 32 79.077903747558594 118.70840454101562 84 251.28440856933594 143.42973327636719 -1 252.39323425292969 229.9361572265625 69 248.01457214355469 234.8731689453125 -1 178.30564880371094 98.280113220214844 274 115.50442504882812 53.209529876708984 -1 86.679473876953125 3.2318844795227051 91 51.514476776123047 142.69345092773438 112 224.44877624511719 164.86831665039062 -1 83.336479187011719 130.54151916503906 113 232.98403930664062 128.63970947265625 249 88.99639892578125 140.36317443847656 -1 73.29974365234375 119.53343200683594 90 224.44877624511719 164.86831665039062 81 51.514476776123047 142.69345092773438 114 109.29872894287109 18.458662033081055 40 98.38250732421875 52.408664703369141 -1 86.679473876953125 3.2318844795227051 48 122.92019653320312 71.302749633789062 99 108.64546203613281 14.361530303955078 86 75.951873779296875 93.202163696289062 -1 209.70285034179688 113.06531524658203 87 73.29974365234375 119.53343200683594 89 99.1634521484375 249.11167907714844 115 235.85296630859375 131.34268188476562 39 96.762046813964844 25.889581680297852 -1 92.516098022460938 49.439323425292969 -1 158.0614013671875 60.842239379882812 -1 112.58259582519531 62.461750030517578 -1 194.26390075683594 79.66668701171875 181 134.0294189453125 81.640243530273438 -1 221.30433654785156 94.802757263183594 150 163.30877685546875 64.835792541503906 -1 123.67378234863281 75.508552551269531 116 77.098731994628906 124.24752044677734 -1 60.138458251953125 138.91081237792969 92 63.093189239501953 136.31411743164062 92 68.561256408691406 131.35000610351562 -1 53.822147369384766 208.589111328125 -1 48.83563232421875 212.55366516113281 -1 73.609001159667969 126.94223785400391 -1 175.61007690429688 105.81179809570312 96 217.87052917480469 116.83453369140625 94 208.73048400878906 147.86814880371094 -1 48.83563232421875 212.55366516113281 -1 71.652481079101562 128.695068359375 -1 103.37252044677734 22.081501007080078 46 208.73048400878906 147.86814880371094 118 2.6994049549102783 190.55960083007812 88 27.329015731811523 168.15968322753906 136 56.755184173583984 141.59317016601562 119 86.366455078125 141.02769470214844 -1 93.031044006347656 54.376922607421875 -1 207.0709228515625 113.88264465332031 95 207.0709228515625 113.88264465332031 101 
15 0.99593853936860832 -0.086277192131453628 0.025190685913878113 -0.0053010622920109047 -2.2770795440159715 -1.1287508935372932 1.1578429483402988 1 000013.png
150.96517944335938 185.23681640625 -1 150.96517944335938 185.23681640625 106 103.03279113769531 89.6971435546875 1 103.03279113769531 89.6971435546875 -1 222.45851135253906 84.223114013671875 3 105.22683715820312 32.031898498535156 155 105.22683715820312 32.031898498535156 6 76.203498840332031 93.804191589355469 4 98.376472473144531 13.622540473937988 5 195.67454528808594 103.64505004882812 11 84.038841247558594 19.437362670898438 9 155.07719421386719 30.662117004394531 -1 172.69551086425781 85.480331420898438 107 202.72540283203125 116.21810150146484 12 119.94922637939453 197.36189270019531 27 131.01460266113281 204.12008666992188 71 232.53936767578125 241.989013671875 104 240.22152709960938 141.87959289550781 61 119.94922637939453 197.36189270019531 168 131.01460266113281 204.12008666992188 67 202.72540283203125 116.21810150146484 8 202.72540283203125 116.21810150146484 8 172.69551086425781 85.480331420898438 108 172.69551086425781 85.480331420898438 10 118.16269683837891 32.076957702636719 23 141.8740234375 181.4862060546875 -1 231.40162658691406 79.788780212402344 240 141.8740234375 181.4862060546875 -1 77.430732727050781 87.290763854980469 -1 246.86720275878906 88.321525573730469 127 184.61012268066406 98.850074768066406 528 176.24037170410156 86.3875732421875 241 170.96177673339844 142.24534606933594 25 152.55131530761719 66.847480773925781 13 184.61012268066406 98.850074768066406 528 224.28459167480469 95.235618591308594 302 221.64234924316406 71.978530883789062 21 229.50971984863281 252.28004455566406 105 186.37449645996094 84.896926879882812 242 122.24944305419922 204.97926330566406 35 196.02851867675781 84.717697143554688 22 122.24944305419922 204.97926330566406 37 196.02851867675781 84.717697143554688 24 214.34004211425781 107.92247009277344 83 186.37449645996094 84.896926879882812 18 214.34004211425781 107.92247009277344 259 214.34004211425781 107.92247009277344 79 213.21109008789062 65.718460083007812 78 90.672966003417969 117.86830139160156 85 128.6435546875 207.31968688964844 -1 154.70925903320312 27.845129013061523 65 120.29476928710938 62.265323638916016 244 116.22526550292969 26.815921783447266 23 198.76350402832031 110.24333190917969 26 225.60557556152344 114.83661651611328 -1 128.6435546875 207.31968688964844 -1 133.58277893066406 73.552108764648438 75 128.39361572265625 74.238006591796875 116 212.04826354980469 79.833915710449219 31 218.08518981933594 104.51419830322266 243 226.73646545410156 110.37368011474609 246 196.73344421386719 115.52935791015625 32 205.79292297363281 115.50741577148438 321 236.59475708007812 117.84612274169922 110 222.99745178222656 139.13398742675781 34 204.28034973144531 120.73740386962891 29 151.84217834472656 57.485301971435547 36 222.99745178222656 139.13398742675781 -1 85.448936462402344 117.00131988525391 84 204.28034973144531 120.73740386962891 33 96.452545166015625 29.869173049926758 82 88.535636901855469 36.169872283935547 28 151.84217834472656 57.485301971435547 30 124.55364227294922 66.700248718261719 99 120.16484069824219 67.443626403808594 -1 5.1070847511291504 189.72010803222656 -1 59.981849670410156 139.69706726074219 114 109.29218292236328 18.43181037902832 40 115.5606689453125 53.883846282958984 258 95.696456909179688 56.390491485595703 -1 131.64698791503906 77.065925598144531 260 247.9263916015625 126.74053955078125 50 6.3585724830627441 192.97274780273438 -1 187.95333862304688 80.572547912597656 251 83.650672912597656 93.85595703125 -1 222.18260192871094 117.07850646972656 364 225.70353698730469 119.90596771240234 364 3.5608513355255127 195.49449157714844 88 104.63419342041016 250.64530944824219 115 170.91987609863281 145.28602600097656 248 239.83415222167969 130.98863220214844 39 76.039558410644531 125.20745086669922 -1 172.41764831542969 116.23162078857422 221 9.3522987365722656 189.82579040527344 -1 76.039558410644531 125.20745086669922 264 95.696456909179688 56.390491485595703 -1 15.364765167236328 184.51580810546875 -1 59.981849670410156 139.69706726074219 112 170.91987609863281 145.28602600097656 -1 216.51087951660156 112.99059295654297 254 99.993019104003906 242.96908569335938 -1 250.58961486816406 243.08070373535156 -1 101.62000274658203 245.52549743652344 -1 241.16476440429688 249.10911560058594 262 249.00132751464844 237.36141967773438 -1 12.277556419372559 179.132080078125 -1 86.49481201171875 91.56695556640625 -1 32.374954223632812 168.30178833007812 136 228.91786193847656 165.01344299316406 -1 30.145526885986328 162.839111328125 -1 32.987510681152344 160.34428405761719 -1 49.850772857666016 152.43260192871094 -1 52.641765594482422 149.65452575683594 45 60.563957214355469 142.94482421875 -1 221.93801879882812 132.84146118164062 -1 89.123100280761719 7.8313326835632324 -1 204.08595275878906 124.70972442626953 93 20.571054458618164 232.62101745605469 -1 103.39981842041016 22.082551956176758 46 92.336463928222656 48.087604522705078 255 92.336463928222656 48.087604522705078 -1 204.08595275878906 124.70972442626953 93 113.12674713134766 57.410972595214844 -1 228.91786193847656 165.01344299316406 81 20.571054458618164 232.62101745605469 -1 25.312688827514648 174.9659423828125 43 250.58961486816406 243.08070373535156 -1 128.33999633789062 70.666481018066406 250 228.84291076660156 95.749252319335938 229 175.53300476074219 105.90947723388672 96 173.76014709472656 111.91444396972656 138 99.993019104003906 242.96908569335938 -1 207.016357421875 113.92615509033203 101 176.86834716796875 80.245399475097656 -1 63.088878631591797 140.20223999023438 -1 207.016357421875 113.92615509033203 95 204.77809143066406 117.04457855224609 49 
16 0.99505579490000906 -0.098598299149884536 0.0079412881998546445 -0.0089037285666270869 -1.9837535202661418 -1.3322820134280084 1.0429116363155548 1 000015.png
130.17108154296875 42.800849914550781 -1 161.11650085449219 58.638671875 307 151.83340454101562 196.20259094238281 -1 161.11650085449219 58.638671875 -1 130.17108154296875 42.800849914550781 306 159.38009643554688 129.81596374511719 -1 104.70305633544922 84.411949157714844 -1 222.04048156738281 85.358192443847656 3 104.70305633544922 84.411949157714844 -1 76.871925354003906 10.751628875732422 -1 105.30267333984375 55.522808074951172 317 98.356208801269531 13.602056503295898 5 105.23190307617188 31.434316635131836 155 105.23190307617188 31.434316635131836 6 195.94316101074219 103.84471130371094 11 84.042045593261719 19.556610107421875 9 174.55299377441406 83.102378845214844 107 88.467483520507812 89.199165344238281 308 102.32011413574219 116.34921264648438 -1 201.94300842285156 116.85362243652344 12 243.53286743164062 139.07417297363281 61 237.58415222167969 238.61135864257812 104 201.94300842285156 116.85362243652344 8 201.94300842285156 116.85362243652344 8 174.55299377441406 83.102378845214844 108 174.55299377441406 83.102378845214844 -1 128.13287353515625 200.49107360839844 35 184.37785339355469 98.924530029296875 528 171.43157958984375 142.05699157714844 25 139.07597351074219 126.60547637939453 -1 102.50312042236328 62.593898773193359 -1 231.95912170410156 79.698051452636719 240 221.80133056640625 72.570068359375 21 155.54734802246094 65.924430847167969 13 128.13287353515625 200.49107360839844 37 184.37785339355469 98.924530029296875 528 125.43140411376953 57.088275909423828 244 116.81837463378906 59.495391845703125 -1 101.49953460693359 64.782112121582031 326 188.59494018554688 82.752799987792969 242 180.28019714355469 84.4735107421875 241 195.96286010742188 84.723297119140625 22 116.81837463378906 59.495391845703125 319 248.65040588378906 88.800796508789062 127 99.193069458007812 106.81494903564453 111 205.71467590332031 61.404541015625 -1 195.96286010742188 84.723297119140625 24 188.59494018554688 82.752799987792969 18 198.71592712402344 110.16361999511719 26 222.60133361816406 102.84311676025391 243 239.96403503417969 251.18470764160156 124 239.96403503417969 251.18470764160156 320 99.644828796386719 113.55003356933594 85 234.48594665527344 250.87351989746094 105 129.34745788574219 205.05076599121094 35 229.47636413574219 113.48786163330078 364 234.48594665527344 250.87351989746094 73 116.25811004638672 49.591995239257812 258 233.15792846679688 121.71108245849609 265 250.38020324707031 134.81346130371094 327 226.64813232421875 137.18795776367188 -1 234.60980224609375 251.99674987792969 -1 154.84823608398438 56.4412841796875 36 178.24749755859375 98.384696960449219 309 217.75251770019531 105.27590942382812 79 204.23921203613281 120.60600280761719 29 226.64813232421875 137.18795776367188 34 234.60980224609375 251.99674987792969 -1 230.09124755859375 108.52503967285156 246 96.569252014160156 29.762989044189453 82 87.701400756835938 31.441276550292969 28 115.52619171142578 34.115833282470703 -1 154.84823608398438 56.4412841796875 30 130.13813781738281 67.266685485839844 -1 242.90864562988281 84.118019104003906 349 95.3543701171875 94.172332763671875 -1 224.23582458496094 96.578460693359375 302 178.24749755859375 98.384696960449219 274 217.75251770019531 105.27590942382812 259 196.708740234375 115.53739929199219 32 240.0992431640625 115.95671081542969 110 204.23921203613281 120.60600280761719 33 108.44644927978516 14.338045120239258 86 139.59547424316406 69.969650268554688 75 138.67808532714844 73.637855529785156 260 108.43655395507812 64.258331298828125 102 225.20222473144531 115.14166259765625 364 229.16928100585938 118.26756286621094 364 11.799470901489258 189.15533447265625 -1 109.29876708984375 18.418025970458984 40 243.09498596191406 128.93214416503906 39 95.745292663574219 56.387619018554688 247 145.623779296875 181.71604919433594 -1 239.218017578125 125.43045806884766 249 95.000968933105469 111.61009979248047 84 230.16024780273438 109.37552642822266 -1 222.05625915527344 134.05740356445312 38 222.05625915527344 134.05740356445312 310 103.86374664306641 140.37092590332031 261 11.799470901489258 189.15533447265625 -1 9.0031604766845703 196.09744262695312 -1 250.10562133789062 241.53424072265625 -1 108.457275390625 243.25074768066406 -1 249.26698303222656 246.02456665039062 -1 111.16519927978516 246.96511840820312 -1 245.04733276367188 250.37196350097656 -1 114.32488250732422 252.59298706054688 -1 133.92955017089844 66.187980651855469 250 18.081897735595703 186.9755859375 -1 248.07772827148438 243.59352111816406 262 37.125408172607422 168.92323303222656 -1 106.5093994140625 167.67684936523438 339 39.482009887695312 166.61410522460938 -1 43.890804290771484 162.60054016113281 331 105.40395355224609 148.94979858398438 352 83.092445373535156 122.50986480712891 -1 246.01950073242188 121.08392333984375 -1 228.50596618652344 96.383575439453125 229 172.18984985351562 116.74371337890625 221 233.43089294433594 112.02754974365234 -1 219.65553283691406 111.10495758056641 254 164.75080871582031 60.316448211669922 330 190.65786743164062 79.629692077636719 -1 172.18984985351562 116.74371337890625 257 83.092445373535156 122.50986480712891 -1 168.14543151855469 62.520179748535156 -1 34.09051513671875 171.85362243652344 353 94.973648071289062 72.222793579101562 -1 190.65786743164062 79.629692077636719 251 144.85273742675781 185.71841430664062 -1 220.95980834960938 94.945663452148438 -1 175.57008361816406 105.86605834960938 96 13.12920093536377 192.03947448730469 -1 147.90199279785156 169.58187866210938 -1 186.22409057617188 84.159210205078125 266 186.22409057617188 84.159210205078125 323 
17 0.99453425767625492 -0.10367051289990337 -0.0007778802329790242 -0.012386685018792159 -1.8308526364291164 -1.4146015673418337 1.0810807067491885 1 000016.png
127.07557678222656 40.798530578613281 -1 150.83671569824219 200.13670349121094 316 127.07557678222656 40.798530578613281 306 167.89671325683594 59.269138336181641 307 221.89938354492188 88.678924560546875 334 163.07884216308594 118.82084655761719 335 76.815826416015625 10.517821311950684 -1 200.64215087890625 64.912094116210938 56 98.318229675292969 13.595918655395508 5 105.18684387207031 31.494739532470703 155 105.72676086425781 80.665740966796875 -1 129.44239807128906 189.1737060546875 -1 105.72885131835938 58.743427276611328 317 129.44239807128906 189.1737060546875 539 105.72676086425781 80.665740966796875 -1 105.18684387207031 31.494739532470703 6 121.21334838867188 60.310375213623047 319 196.66156005859375 102.77398681640625 11 84.056594848632812 19.637531280517578 9 94.382980346679688 87.866424560546875 308 201.36618041992188 117.39912414550781 12 244.04534912109375 137.05792236328125 61 130.51499938964844 195.76606750488281 -1 239.31185913085938 235.41110229492188 104 222.44090270996094 107.46451568603516 -1 201.36618041992188 117.39912414550781 8 130.51499938964844 195.76606750488281 37 184.3880615234375 98.9119873046875 528 179.778076171875 82.937614440917969 -1 231.6656494140625 79.768905639648438 240 221.80546569824219 72.604835510253906 21 156.76089477539062 64.810440063476562 13 171.36935424804688 142.0791015625 25 131.33135986328125 198.97283935546875 35 179.778076171875 82.937614440917969 108 184.3880615234375 98.9119873046875 528 195.97445678710938 84.657455444335938 22 241.79248046875 247.95455932617188 320 93.391929626464844 122.39534759521484 -1 93.391929626464844 122.39534759521484 -1 189.59733581542969 81.433502197265625 18 241.79248046875 247.95455932617188 124 195.97445678710938 84.657455444335938 24 189.59733581542969 81.433502197265625 242 181.60078430175781 83.231086730957031 338 236.38311767578125 247.36907958984375 73 198.63252258300781 110.17121887207031 26 242.00404357910156 83.750129699707031 349 231.33531188964844 106.43699645996094 246 162.66123962402344 100.65680694580078 -1 230.58966064453125 111.70606994628906 364 236.38311767578125 247.36907958984375 105 223.90882873535156 96.656524658203125 -1 223.90882873535156 96.656524658203125 302 219.88652038574219 104.46479797363281 79 160.48666381835938 112.58976745605469 -1 160.48666381835938 112.58976745605469 -1 96.551361083984375 29.829404830932617 82 128.03495788574219 55.104953765869141 244 156.08364868164062 55.498802185058594 30 95.978019714355469 82.283088684082031 -1 178.2386474609375 98.410934448242188 274 223.45614624023438 101.87884521484375 243 219.88652038574219 104.46479797363281 259 103.90048980712891 108.79046630859375 85 196.75068664550781 115.51673889160156 32 205.78939819335938 115.41417694091797 321 234.09414672851562 119.79476165771484 265 204.16157531738281 120.59609985351562 33 156.08364868164062 55.498802185058594 36 178.2386474609375 98.410934448242188 309 108.46307373046875 14.291736602783203 86 226.29078674316406 113.38900756835938 364 241.03305053710938 114.32335662841797 110 147.3558349609375 185.493408203125 -1 249.94183349609375 120.86004638671875 -1 204.14073181152344 124.88001251220703 93 223.56404113769531 132.27838134765625 310 230.11117553710938 116.29263305664062 364 86.5640869140625 3.332106351852417 91 86.5640869140625 3.332106351852417 48 109.36177825927734 18.447589874267578 40 95.709098815917969 56.355556488037109 247 223.56404113769531 132.27838134765625 38 136.44993591308594 62.344902038574219 -1 100.24612426757812 71.043891906738281 311 100.04653930664062 108.07363891601562 84 103.40532684326172 22.081457138061523 46 109.45248413085938 148.15670776367188 352 252.20419311523438 237.6304931640625 312 111.64154052734375 240.087158203125 -1 249.718017578125 240.16722106933594 262 252.447021484375 241.26605224609375 -1 246.89453125 243.16177368164062 262 34.987033843994141 172.7117919921875 353 179.51312255859375 121.83220672607422 -1 246.98298645019531 119.04263305664062 -1 153.3924560546875 57.076152801513672 342 194.52142333984375 79.493194580078125 181 142.67269897460938 67.3236083984375 75 207.7161865234375 65.654022216796875 -1 204.58885192871094 116.59990692138672 49 207.03675842285156 114.12712860107422 101 179.51312255859375 121.83220672607422 -1 111.64154052734375 240.087158203125 -1 252.447021484375 241.26605224609375 -1 207.03675842285156 114.12712860107422 95 221.14653015136719 109.72734832763672 -1 100.04540252685547 88.766639709472656 341 133.0228271484375 205.43780517578125 -1 187.41163635253906 83.001251220703125 323 172.29304504394531 116.50248718261719 221 
18 0.9935561722481312 -0.11233766774476665 -0.0051667207390710488 -0.014131029336639966 -1.752876271005992 -1.5664503245943622 1.1734441148544745 1 000017.png
149.177490234375 202.69845581054688 316 122.48291778564453 35.604812622070312 332 170.47856140136719 59.027870178222656 -1 120.1373291015625 89.449150085449219 -1 122.48291778564453 35.604812622070312 333 222.12696838378906 89.243988037109375 334 164.01611328125 114.76949310302734 335 164.01611328125 114.76949310302734 336 98.517997741699219 13.476558685302734 5 105.21340942382812 31.396949768066406 155 106.13456726074219 57.975662231445312 317 123.40938568115234 60.289215087890625 -1 106.13456726074219 57.975662231445312 -1 105.21340942382812 31.396949768066406 6 196.91307067871094 102.60066223144531 11 226.90798950195312 128.33723449707031 348 116.67244720458984 190.49290466308594 337 230.95411682128906 79.795745849609375 240 201.66355895996094 116.88884735107422 8 244.33714294433594 134.2808837890625 61 132.93019104003906 194.11233520507812 -1 240.24858093261719 230.67738342285156 104 84.159797668457031 19.659566879272461 9 201.66355895996094 116.88884735107422 12 247.7554931640625 88.746932983398438 290 242.61207580566406 243.51808166503906 320 221.87303161621094 72.818260192871094 21 180.70039367675781 81.593193054199219 -1 184.63702392578125 98.873542785644531 528 171.19221496582031 141.87852478027344 25 71.613388061523438 144.66758728027344 357 133.35902404785156 195.76594543457031 -1 125.60299682617188 198.1524658203125 -1 242.61207580566406 243.51808166503906 124 184.63702392578125 98.873542785644531 528 180.70039367675781 81.593193054199219 10 180.70039367675781 81.593193054199219 108 190.59414672851562 80.212043762207031 242 182.33351135253906 81.745811462402344 338 102.63234710693359 67.010162353515625 -1 196.0389404296875 84.553863525390625 22 196.0389404296875 84.553863525390625 24 190.59414672851562 80.212043762207031 18 101.68851470947266 68.915664672851562 -1 157.37208557128906 62.567440032958984 13 133.9801025390625 197.94537353515625 -1 237.17005920410156 242.33395385742188 73 198.79072570800781 109.80005645751953 26 104.78815460205078 73.783790588378906 -1 237.17005920410156 242.33395385742188 105 156.63992309570312 54.201614379882812 30 204.33395385742188 120.83572387695312 33 92.378814697265625 10.583680152893066 134 141.82504272460938 64.518020629882812 116 100.82466888427734 71.050277709960938 311 221.89488220214844 103.49863433837891 259 231.80680847167969 104.92438507080078 246 241.58158874511719 111.91590881347656 110 196.76266479492188 115.52627563476562 32 205.75094604492188 115.42153930664062 321 251.56562805175781 129.93768310546875 327 96.515777587890625 29.741828918457031 82 156.63992309570312 54.201614379882812 36 109.32976531982422 18.452457427978516 40 145.64820861816406 67.113700866699219 260 86.445686340332031 3.1144828796386719 48 166.66172790527344 95.232109069824219 -1 220.57185363769531 106.91065979003906 254 223.44566345214844 109.2196044921875 -1 188.85165405273438 100.96689605712891 -1 247.9189453125 252.29942321777344 -1 244.57052612304688 124.59125518798828 39 111.47067260742188 157.71330261230469 339 108.56690216064453 14.289541244506836 86 95.811447143554688 56.839885711669922 247 86.445686340332031 3.1144828796386719 91 204.78742980957031 116.66851043701172 49 149.11546325683594 181.45831298828125 -1 252.97410583496094 235.95396423339844 -1 247.65260314941406 238.03875732421875 262 117.19358825683594 240.72673034667969 328 108.61147308349609 116.84468078613281 -1 206.99783325195312 113.99427795410156 95 100.69320678710938 107.01802062988281 -1 188.29867553710938 82.00469970703125 323 104.54218292236328 85.210395812988281 341 179.77642822265625 67.53436279296875 -1 146.43928527832031 63.203113555908203 75 227.13743591308594 111.54222869873047 364 154.01545715332031 55.852451324462891 342 114.95078277587891 27.228046417236328 351 103.31306457519531 22.136085510253906 46 86.019378662109375 117.12330627441406 -1 100.69320678710938 107.01802062988281 -1 88.931678771972656 121.32027435302734 -1 120.16522979736328 245.21418762207031 -1 66.086647033691406 142.79217529296875 -1 80.599784851074219 7.8200802803039551 -1 114.23558807373047 174.96368408203125 344 
19 0.99071644732001773 -0.13379245869080547 -0.015644931954847445 -0.018323075920817562 -1.5779032637625372 -1.9340929182161875 1.2498496421995833 1 000020.png
145.83096313476562 204.12033081054688 316 122.352783203125 32.755653381347656 332 222.3714599609375 89.891006469726562 334 132.08512878417969 108.75930786132812 -1 132.08512878417969 108.75930786132812 -1 119.49475860595703 78.309814453125 -1 166.64459228515625 104.37657165527344 336 166.64459228515625 104.37657165527344 335 98.531303405761719 13.460982322692871 5 105.29132080078125 31.060321807861328 155 105.29132080078125 31.060321807861328 6 105.29132080078125 31.060321807861328 155 105.13982391357422 64.944236755371094 317 168.90792846679688 73.750381469726562 -1 196.89582824707031 102.76892852783203 11 196.89582824707031 102.76892852783203 -1 84.100273132324219 19.398952484130859 9 230.52914428710938 80.082756042480469 240 118.14921569824219 101.80880737304688 -1 244.76371765136719 128.33798217773438 61 115.20591735839844 162.71279907226562 -1 136.93655395507812 186.96818542480469 358 241.89070129394531 220.67491149902344 347 228.88906860351562 121.23880767822266 348 115.20591735839844 162.71279907226562 -1 135.16860961914062 47.959945678710938 -1 221.86882019042969 72.819694519042969 21 184.66802978515625 98.863876342773438 528 179.56954956054688 114.41032409667969 -1 201.48959350585938 117.35134887695312 8 170.68426513671875 142.07704162597656 25 201.48959350585938 117.35134887695312 12 137.39091491699219 188.57664489746094 358 244.23591613769531 86.580322265625 127 145.32870483398438 190.42105102539062 71 184.82270812988281 78.772499084472656 241 157.90455627441406 52.549053192138672 368 193.2410888671875 77.335830688476562 18 157.90455627441406 52.549053192138672 -1 196.44865417480469 83.896430969238281 24 193.2410888671875 77.335830688476562 242 184.82270812988281 78.772499084472656 10 244.38444519042969 240.83633422851562 320 138.38543701171875 191.95695495605469 389 116.38902282714844 159.39959716796875 -1 198.78823852539062 109.82335662841797 26 244.38444519042969 240.83633422851562 350 133.68275451660156 193.35481262207031 -1 251.44776916503906 123.81073760986328 327 158.13998413085938 51.429485321044922 30 220.39405822753906 97.44720458984375 79 205.88282775878906 115.50813293457031 -1 204.32485961914062 120.7158203125 33 92.567779541015625 10.528360366821289 134 96.395027160644531 29.779232025146484 82 158.13998413085938 51.429485321044922 -1 220.39405822753906 97.44720458984375 259 196.80410766601562 115.48207855224609 32 205.88282775878906 115.50813293457031 321 224.48219299316406 104.44638061523438 254 131.60466003417969 46.582393646240234 -1 5.4335708618164062 202.09986877441406 377 115.45240783691406 25.951051712036133 23 188.82969665527344 101.06831359863281 -1 203.98081970214844 124.88604736328125 93 229.760009765625 126.41349029541016 -1 93.312400817871094 17.862937927246094 224 109.29201507568359 18.423831939697266 40 250.546875 100.68889617919922 436 134.53131103515625 193.73587036132812 -1 245.06431579589844 119.06450653076172 39 229.760009765625 126.41349029541016 34 86.048355102539062 2.8890445232391357 48 238.6534423828125 250.81166076660156 -1 251.72264099121094 247.19577026367188 -1 92.628517150878906 113.06736755371094 402 115.59085845947266 133.40115356445312 352 175.52926635742188 105.89515686035156 96 170.89028930664062 145.52374267578125 248 41.5955810546875 165.9189453125 353 37.713798522949219 169.89335632324219 -1 25.181051254272461 182.09678649902344 400 14.782049179077148 192.50395202636719 472 10.020468711853027 196.98928833007812 354 235.86427307128906 103.00651550292969 246 103.41516876220703 103.15821838378906 -1 155.229248046875 99.468841552734375 -1 107.56322479248047 99.446723937988281 -1 250.63278198242188 88.400688171386719 -1 200.97695922851562 81.432472229003906 370 202.02474975585938 78.89263916015625 -1 190.61749267578125 78.652816772460938 266 189.83650207519531 70.355255126953125 466 175.00959777832031 86.2398681640625 -1 107.56322479248047 99.446723937988281 -1 173.75694274902344 111.89508819580078 138 252.30441284179688 223.54273986816406 312 249.00389099121094 227.30877685546875 -1 86.048355102539062 2.8890445232391357 91 249.21444702148438 244.35415649414062 -1 238.81246948242188 234.90557861328125 -1 153.0648193359375 55.218517303466797 75 
20 0.99297416895722113 -0.11670062401182703 -0.010983926431142576 -0.016205477441947849 -1.6569420977055749 -1.6369061461244689 1.143745039745466 1 000018.png
148.06584167480469 203.61833190917969 316 122.52041625976562 34.598995208740234 332 171.65242004394531 58.964733123779297 -1 122.52041625976562 34.598995208740234 333 222.19926452636719 89.511512756347656 334 164.30813598632812 112.65013122558594 335 164.30813598632812 112.65013122558594 336 98.522956848144531 13.491081237792969 5 105.17933654785156 31.361196517944336 155 106.26687622070312 56.405960083007812 317 124.42465209960938 59.296291351318359 -1 159.21292114257812 72.365440368652344 -1 116.68500518798828 188.98060607910156 337 105.17933654785156 31.361196517944336 6 124.42465209960938 59.296291351318359 -1 106.26687622070312 56.405960083007812 -1 196.89414978027344 102.66030120849609 11 202.28146362304688 62.833126068115234 56 169.88456726074219 78.46112060546875 -1 169.88456726074219 78.46112060546875 -1 84.23968505859375 19.557731628417969 9 230.89697265625 79.806205749511719 240 201.62525939941406 116.89215087890625 8 244.37043762207031 132.95899963378906 61 144.8330078125 193.43898010253906 71 240.72831726074219 227.71556091308594 104 112.41195678710938 108.22777557373047 -1 228.51271057128906 125.31739044189453 348 133.68659973144531 190.83447265625 358 201.62525939941406 116.89215087890625 12 144.8330078125 193.43898010253906 67 246.11112976074219 88.219612121582031 290 184.61427307128906 98.875038146972656 528 170.87399291992188 142.33175659179688 25 71.711540222167969 144.3656005859375 331 134.44085693359375 194.33200073242188 -1 126.53758239746094 196.93568420410156 -1 184.61427307128906 98.875038146972656 528 221.8096923828125 72.958663940429688 21 182.93115234375 81.046127319335938 338 196.041748046875 84.537117004394531 22 181.35804748535156 80.77545166015625 10 181.35804748535156 80.77545166015625 108 196.041748046875 84.537117004394531 24 191.13905334472656 79.581718444824219 18 181.35804748535156 80.77545166015625 241 157.7957763671875 61.516841888427734 13 191.13905334472656 79.581718444824219 181 198.78684997558594 110.04044342041016 26 231.30172729492188 108.38233947753906 364 92.78179931640625 36.074180603027344 -1 223.66009521484375 103.48660278320312 259 101.43952178955078 72.22210693359375 311 106.33628082275391 71.497077941894531 -1 117.4718017578125 60.609611511230469 319 92.78179931640625 36.074180603027344 211 92.78179931640625 36.074180603027344 212 208.98907470703125 118.23612213134766 -1 242.75949096679688 249.05072021484375 350 242.75949096679688 249.05072021484375 320 196.83290100097656 115.50379180908203 32 204.31646728515625 120.74309539794922 33 92.639808654785156 10.686545372009277 134 96.507568359375 29.781227111816406 82 157.10226440429688 53.647743225097656 30 143.88790893554688 62.277778625488281 116 241.49818420410156 110.54308319091797 110 178.23016357421875 98.421318054199219 309 205.76954650878906 115.69940185546875 321 231.65621948242188 103.35719299316406 246 204.31646728515625 120.74309539794922 29 157.10226440429688 53.647743225097656 36 178.23016357421875 98.421318054199219 274 86.456787109375 3.368556022644043 48 104.40373992919922 88.226852416992188 -1 230.34989929199219 112.68214416503906 364 244.71951293945312 123.29242706298828 39 107.24177551269531 86.329193115234375 341 192.24320983886719 74.963462829589844 -1 192.24320983886719 74.963462829589844 -1 109.29180908203125 18.463964462280273 40 103.81171417236328 83.005912780761719 -1 95.793678283691406 56.722129821777344 247 86.456787109375 3.368556022644043 91 247.84339904785156 235.50155639648438 262 245.56108093261719 241.55223083496094 -1 247.75361633300781 253.06028747558594 -1 10.092330932617188 197.11943054199219 -1 110.45465850830078 115.56925964355469 -1 204.75245666503906 116.59613800048828 49 207.094970703125 114.04500579833984 95 175.50834655761719 105.94671630859375 96 166.88853454589844 99.501220703125 -1 221.47129821777344 106.12020111083984 254 189.12266540527344 81.132171630859375 323 207.47416687011719 65.65234375 -1 177.114990234375 64.465667724609375 324 148.09527587890625 61.337451934814453 75 86.620048522949219 123.246337890625 -1 79.640350341796875 129.65382385253906 -1 166.27973937988281 56.635227203369141 330 92.610610961914062 48.45770263671875 255 227.2425537109375 110.37083435058594 364 93.284629821777344 18.105094909667969 224 92.610610961914062 48.45770263671875 -1 248.05451965332031 249.5311279296875 -1 207.094970703125 114.04500579833984 101 170.82231140136719 145.700439453125 248 60.747943878173828 147.90861511230469 325 253.48814392089844 229.36697387695312 312 253.91081237792969 233.01400756835938 312 147.16232299804688 64.145645141601562 260 89.180831909179688 36.584827423095703 -1 156.95069885253906 56.290061950683594 -1 110.88336181640625 119.53743743896484 -1 156.95069885253906 56.290061950683594 -1 156.95069885253906 56.290061950683594 -1 
21 0.99184751440200036 -0.12563302740640581 -0.01370999150173313 -0.016336668335293111 -1.6106343068804068 -1.7938337544590439 1.1727667142218403 1 000019.png
147.0845947265625 204.18780517578125 316 122.48410034179688 33.442237854003906 332 174.89479064941406 59.421226501464844 -1 122.48410034179688 33.442237854003906 333 222.35165405273438 89.787246704101562 334 130.09507751464844 112.66244506835938 -1 165.05453491210938 109.20651245117188 336 165.05453491210938 109.20651245117188 335 116.67872619628906 79.61572265625 -1 98.518348693847656 13.446374893188477 5 105.17469787597656 31.040231704711914 155 164.0770263671875 74.392402648925781 -1 118.10713958740234 187.16738891601562 337 105.17469787597656 31.040231704711914 6 105.17469787597656 31.040231704711914 155 159.2421875 68.207847595214844 -1 196.96244812011719 102.63206481933594 11 159.2421875 68.207847595214844 -1 84.156570434570312 19.368810653686523 9 112.02726745605469 69.475822448730469 -1 230.62828063964844 79.952613830566406 240 244.45484924316406 130.27149963378906 61 241.18690490722656 224.09153747558594 347 202.41517639160156 61.767189025878906 56 201.43052673339844 117.27924346923828 8 184.62547302246094 98.890632629394531 528 245.05351257324219 87.339271545410156 290 103.25612640380859 69.343765258789062 326 135.93084716796875 190.63575744628906 358 144.62467956542969 192.45689392089844 71 221.84870910644531 72.814117431640625 21 170.67391967773438 142.12677001953125 25 201.43052673339844 117.27924346923828 12 103.25612640380859 69.343765258789062 -1 226.48825073242188 112.45372772216797 -1 129.70472717285156 193.88459777832031 -1 182.39849853515625 79.732780456542969 241 192.05442810058594 78.270126342773438 18 192.05442810058594 78.270126342773438 181 182.39849853515625 79.732780456542969 10 182.39849853515625 79.732780456542969 108 196.07337951660156 84.460014343261719 24 196.07337951660156 84.460014343261719 22 243.67427062988281 244.70863342285156 320 131.34208679199219 49.408016204833984 -1 238.31571960449219 235.0850830078125 -1 115.60843658447266 168.79667663574219 344 198.72114562988281 109.87288665771484 26 225.83966064453125 102.74828338623047 -1 158.43424987792969 58.937068939208984 13 243.67427062988281 244.70863342285156 350 107.0648193359375 80.081298828125 -1 241.53561401367188 108.19532775878906 110 196.81358337402344 115.49908447265625 32 205.78704833984375 115.51001739501953 321 115.61207580566406 127.70159149169922 261 205.78704833984375 115.51001739501953 -1 157.58033752441406 52.375919342041016 30 204.24269104003906 120.72597503662109 33 92.551261901855469 10.747340202331543 134 96.483352661132812 29.799079895019531 82 124.54080200195312 53.666839599609375 -1 147.37152099609375 59.266868591308594 116 86.276290893554688 2.9619176387786865 48 204.15121459960938 124.76658630371094 93 109.32823181152344 18.455057144165039 40 95.727272033691406 56.399757385253906 247 248.38133239746094 248.36689758300781 -1 250.47813415527344 102.5269775390625 436 251.72605895996094 126.25294494628906 327 115.15245056152344 24.944551467895508 351 244.87525939941406 120.84431457519531 39 86.276290893554688 2.9619176387786865 91 204.15121459960938 124.76658630371094 93 103.47454071044922 22.045034408569336 46 92.4615478515625 48.397243499755859 255 160.38197326660156 50.842952728271484 -1 253.97431945800781 228.44235229492188 312 248.69377136230469 230.75355529785156 -1 120.21115112304688 234.60992431640625 328 251.05400085449219 251.01968383789062 -1 151.16413879394531 57.702384948730469 75 230.51876831054688 110.45928955078125 364 78.220893859863281 130.81452941894531 -1 40.274871826171875 167.17318725585938 353 113.35636138916016 135.55447387695312 352 204.7364501953125 116.70241546630859 49 170.8519287109375 145.58938598632812 248 207.07502746582031 114.08469390869141 95 19.130462646484375 188.30329895019531 -1 13.197432518005371 193.99137878417969 -1 137.54804992675781 197.31298828125 -1 8.2011089324951172 198.75592041015625 -1 173.73765563964844 111.94966888427734 138 95.995025634765625 110.58131408691406 -1 175.55691528320312 105.83164215087891 96 109.33321380615234 97.910346984863281 84 82.132949829101562 123.54608154296875 464 189.88261413574219 79.596603393554688 266 92.4615478515625 48.397243499755859 -1 150.56005859375 60.979076385498047 260 167.00848388671875 55.451374053955078 330 154.96415710449219 53.99615478515625 342 118.28035736083984 3.3067588806152344 295 251.51797485351562 227.51182556152344 312 189.88261413574219 79.596603393554688 323 95.995025634765625 110.58131408691406 -1 207.07502746582031 114.08469390869141 101 82.132949829101562 123.54608154296875 264 93.140953063964844 18.088104248046875 224 59.475154876708984 148.3973388671875 -1 174.6025390625 68.011604309082031 -1 73.288414001464844 135.27357482910156 331 178.74697875976562 70.936729431152344 -1 
23 0.99030662726629226 -0.13632563642199214 -0.015810357827692946 -0.02140414520507767 -1.582889347664143 -1.9630684774327096 1.2011636693705032 1 000021.png
145.68930053710938 204.43746948242188 316 122.30105590820312 32.725925445556641 332 183.8297119140625 62.655055999755859 379 222.61231994628906 90.165817260742188 334 160.71560668945312 168.49040222167969 365 167.705078125 103.74615478515625 336 167.705078125 103.74615478515625 335 98.512130737304688 13.456342697143555 5 105.23951721191406 31.012264251708984 155 208.03810119628906 98.226516723632812 -1 105.23951721191406 31.012264251708984 155 105.23951721191406 31.012264251708984 6 170.76605224609375 73.412803649902344 -1 197.03367614746094 102.71736145019531 11 229.46861267089844 120.97575378417969 348 136.51451110839844 180.82247924804688 413 170.76605224609375 73.412803649902344 -1 197.03367614746094 102.71736145019531 -1 136.51451110839844 180.82247924804688 414 83.984024047851562 19.197687149047852 9 159.30213928222656 63.058376312255859 -1 230.399169921875 80.100738525390625 240 201.50456237792969 116.84614562988281 8 245.04867553710938 127.36521148681641 61 242.81857299804688 220.5670166015625 347 201.50456237792969 116.84614562988281 12 115.90334320068359 69.123336791992188 -1 162.70761108398438 90.609443664550781 -1 184.68589782714844 98.831451416015625 528 179.24436950683594 115.21835327148438 -1 70.289657592773438 145.23188781738281 357 138.30712890625 188.51943969726562 358 170.6268310546875 142.10603332519531 25 136.37533569335938 47.3955078125 -1 221.88143920898438 72.986831665039062 21 243.78865051269531 86.146026611328125 290 196.50273132324219 83.813072204589844 24 102.0858154296875 70.9696044921875 -1 158.2198486328125 52.249748229980469 368 185.32711791992188 78.481727600097656 10 145.38288879394531 191.09260559082031 71 185.32711791992188 78.481727600097656 241 198.77458190917969 109.81754302978516 26 240.09623718261719 230.77775573730469 -1 186.9415283203125 78.287796020507812 -1 186.9415283203125 78.287796020507812 -1 245.50186157226562 240.28701782226562 320 146.50672912597656 47.145751953125 -1 245.50186157226562 240.28701782226562 350 196.87522888183594 115.47772216796875 32 205.80393981933594 115.43451690673828 321 139.61445617675781 193.19459533691406 389 237.26539611816406 237.72590637207031 -1 158.56202697753906 51.15289306640625 30 220.58891296386719 97.885421752929688 79 205.80393981933594 115.43451690673828 -1 139.61445617675781 193.19459533691406 391 105.97552490234375 74.461410522460938 -1 158.56202697753906 51.15289306640625 -1 204.28054809570312 120.80979156494141 33 115.67021179199219 25.687358856201172 23 96.53997802734375 29.743556976318359 82 178.2540283203125 98.350013732910156 309 220.58891296386719 97.885421752929688 259 242.55067443847656 106.01091003417969 110 190.51979064941406 123.70286560058594 -1 170.97978210449219 145.51483154296875 248 27.64729118347168 176.43080139160156 504 24.681499481201172 179.35383605957031 504 251.0238037109375 100.11249542236328 436 88.728233337402344 37.116867065429688 28 231.50895690917969 108.31934356689453 364 113.32057189941406 94.296104431152344 463 244.90447998046875 117.98883056640625 39 109.34818267822266 18.434150695800781 40 164.62028503417969 121.89390563964844 388 225.40536499023438 123.41359710693359 310 92.9268798828125 10.441047668457031 134 204.08621215820312 124.78663635253906 93 119.62677764892578 139.78080749511719 -1 190.51979064941406 123.70286560058594 -1 95.714897155761719 56.468803405761719 247 225.40536499023438 123.41359710693359 38 190.51979064941406 123.70286560058594 -1 190.51979064941406 123.70286560058594 -1 27.64729118347168 176.43080139160156 505 24.681499481201172 179.35383605957031 505 199.81690979003906 86.991203308105469 -1 249.03778076171875 227.88525390625 -1 238.52824401855469 237.41313171386719 -1 86.054206848144531 3.1298437118530273 48 22.766452789306641 185.05355834960938 -1 33.925224304199219 173.8857421875 410 37.850997924804688 170.20472717285156 353 81.5731201171875 124.08202362060547 464 117.50091552734375 116.32700347900391 -1 173.7552490234375 111.90203094482422 138 174.45750427246094 82.940757751464844 -1 98.200263977050781 108.43441009521484 378 93.295028686523438 18.142763137817383 224 224.574951171875 103.74831390380859 254 86.054206848144531 3.1298437118530273 91 168.95245361328125 67.055496215820312 -1 200.9765625 81.352752685546875 370 176.5517578125 85.405647277832031 -1 80.151832580566406 129.11895751953125 372 253.343505859375 90.088088989257812 -1 253.61930847167969 222.57960510253906 312 251.079345703125 225.59855651855469 -1 27.994489669799805 179.82562255859375 465 25.695396423339844 182.44241333007812 -1 175.55506896972656 105.8624267578125 96 2.9075024127960205 204.78353881835938 377 240.2470703125 233.98503112792969 -1 253.052490234375 246.31465148925781 -1 
24 0.99016839524175904 -0.13607558225283786 -0.02215319508583646 -0.023647852469083439 -1.4689404103266037 -1.9566638714213582 1.190258119384461 1 000022.png
145.7008056640625 205.14933776855469 316 122.167724609375 32.994327545166016 332 186.73017883300781 63.562305450439453 379 222.84114074707031 90.279319763183594 334 135.79000854492188 107.63127136230469 -1 135.79000854492188 107.63127136230469 -1 162.04054260253906 168.06399536132812 365 123.10696411132812 77.1319580078125 -1 98.502410888671875 13.44544792175293 5 105.20994567871094 30.974184036254883 155 106.61821746826172 60.685970306396484 -1 120.74224853515625 71.244659423828125 -1 105.20994567871094 30.974184036254883 6 105.20994567871094 30.974184036254883 155 197.15579223632812 102.55130767822266 11 231.48829650878906 120.97528076171875 348 197.15579223632812 102.55130767822266 -1 83.985382080078125 19.215400695800781 9 230.341796875 79.995391845703125 240 178.56427001953125 116.24908447265625 -1 245.113525390625 221.07215881347656 347 201.37548828125 117.22740936279297 12 184.65274047851562 98.771263122558594 528 150.92977905273438 53.960891723632812 -1 139.44145202636719 46.955890655517578 -1 177.73248291015625 72.93426513671875 -1 244.23826599121094 86.516700744628906 127 201.37548828125 117.22740936279297 8 167.98348999023438 89.927841186523438 -1 140.59199523925781 190.63287353515625 358 133.13699340820312 191.0672607421875 366 159.83808898925781 58.811244964599609 13 196.56022644042969 83.755836486816406 24 126.01618194580078 172.65861511230469 -1 140.59199523925781 190.63287353515625 391 126.01618194580078 172.65861511230469 -1 248.31532287597656 240.594970703125 320 198.70576477050781 109.70398712158203 26 228.86415100097656 100.51654052734375 -1 248.31532287597656 240.594970703125 350 106.79375457763672 74.409812927246094 -1 188.1839599609375 77.600425720214844 -1 159.27536010742188 51.697948455810547 368 106.79375457763672 74.409812927246094 -1 116.39181518554688 64.257217407226562 -1 205.78973388671875 115.25535583496094 321 175.87631225585938 117.25700378417969 -1 196.56796264648438 119.81711578369141 367 220.5892333984375 98.042350769042969 259 220.5892333984375 98.042350769042969 -1 205.78973388671875 115.25535583496094 -1 96.367820739746094 29.787700653076172 82 204.36474609375 120.90095520019531 33 92.652374267578125 10.608222007751465 134 199.75576782226562 79.665199279785156 370 220.5892333984375 98.042350769042969 79 234.74032592773438 98.854545593261719 -1 237.21044921875 111.42243194580078 265 196.92811584472656 115.48679351806641 32 233.05081176757812 107.87869262695312 364 113.053466796875 61.949615478515625 -1 204.059814453125 124.79618835449219 93 109.25237274169922 18.476913452148438 40 170.96566772460938 145.28146362304688 248 86.305427551269531 2.6370296478271484 48 28.868232727050781 177.04693603515625 504 178.49586486816406 98.324020385742188 309 226.63752746582031 103.66085815429688 254 229.39686584472656 105.41256713867188 -1 145.36843872070312 193.453369140625 -1 247.42674255371094 118.17986297607422 39 86.305427551269531 2.6370296478271484 91 28.868232727050781 177.04693603515625 505 201.0531005859375 81.388092041015625 370 192.12155151367188 77.862663269042969 -1 115.50186920166016 82.9615478515625 -1 68.478271484375 141.77986145019531 -1 65.808998107910156 144.24664306640625 -1 118.376708984375 129.41957092285156 -1 16.560821533203125 193.08865356445312 -1 121.49268341064453 54.013362884521484 -1 253.4483642578125 241.25277709960938 -1 239.60795593261719 242.83856201171875 -1 244.63525390625 245.982666015625 -1 14.227471351623535 195.45947265625 -1 165.42892456054688 126.04976654052734 -1 179.41908264160156 122.05265808105469 -1 94.410614013671875 117.20407867431641 -1 178.9266357421875 61.017726898193359 324 92.067481994628906 115.5311279296875 -1 175.70697021484375 105.85238647460938 96 176.77000427246094 102.41712188720703 -1 176.98394775390625 95.204719543457031 -1 92.067481994628906 115.5311279296875 441 94.5155029296875 112.93019104003906 402 169.48980712890625 54.520095825195312 330 95.822158813476562 56.863945007324219 247 93.376808166503906 18.009517669677734 224 76.8343505859375 133.8082275390625 -1 165.42892456054688 126.04976654052734 -1 3.2180318832397461 206.56759643554688 377 50.830299377441406 158.8424072265625 375 
26 0.95233877266848033 0.077153631136917006 -0.28062475213953386 -0.091366994923257422 3.2203866555936385 1.4435025844289946 1.8451693607420276 1 000025.png
128.34556579589844 107.00634002685547 -1 144.59855651855469 196.71788024902344 474 200.7962646484375 75.333877563476562 379 121.53136444091797 87.519981384277344 376 127.21028137207031 150.85467529296875 509 154.07563781738281 154.13446044921875 365 127.21028137207031 150.85467529296875 510 113.87586975097656 23.785322189331055 475 110.85810852050781 64.4481201171875 -1 98.472335815429688 30.564729690551758 9 216.79046630859375 106.08626556396484 476 231.43708801269531 119.36934661865234 443 130.14028930664062 166.98770141601562 413 130.14028930664062 166.98770141601562 414 216.79046630859375 106.08626556396484 477 228.05731201171875 76.395439147949219 478 150.93882751464844 120.780029296875 25 104.46718597412109 12.659893989562988 479 193.05889892578125 53.477508544921875 481 156.67527770996094 77.452308654785156 528 78.874649047851562 136.92222595214844 313 140.16415405273438 178.71229553222656 513 248.35174560546875 229.07363891601562 -1 143.83740234375 72.887321472167969 -1 174.46670532226562 40.267292022705078 483 180.76182556152344 44.665439605712891 480 105.59959411621094 93.074653625488281 463 212.57215881347656 93.955924987792969 448 168.41752624511719 96.596366882324219 367 151.75337219238281 104.11016082763672 511 133.64918518066406 179.01130676269531 389 133.64918518066406 179.01130676269531 391 164.29928588867188 102.35234832763672 484 164.29928588867188 102.35234832763672 485 234.54443359375 97.036827087402344 246 244.27748107910156 103.76433563232422 110 248.37605285644531 236.06742858886719 -1 244.53273010253906 246.70625305175781 487 116.78922271728516 4.099853515625 488 163.46084594726562 52.790687561035156 -1 155.15283203125 64.925567626953125 521 188.67231750488281 70.388404846191406 489 175.29100036621094 95.429039001464844 29 248.37605285644531 236.06742858886719 -1 244.53273010253906 246.70625305175781 490 116.78922271728516 4.099853515625 491 159.48124694824219 50.476261138916016 368 163.46084594726562 52.790687561035156 -1 159.98182678222656 55.650241851806641 536 169.86093139648438 62.877948760986328 24 155.15283203125 64.925567626953125 522 188.67231750488281 70.388404846191406 492 172.05101013183594 88.435379028320312 493 169.18074035644531 91.666145324707031 32 179.96839904785156 94.412399291992188 486 175.29100036621094 95.429039001464844 33 107.41799926757812 100.93065643310547 -1 248.06585693359375 235.26899719238281 507 248.06585693359375 235.26899719238281 501 248.06585693359375 235.26899719238281 500 227.42849731445312 121.47728729248047 310 192.07685852050781 68.682464599609375 -1 195.48924255371094 70.984077453613281 -1 233.34927368164062 106.51944732666016 364 166.25947570800781 89.15069580078125 -1 177.63319396972656 91.289787292480469 321 169.22715759277344 95.281959533691406 -1 221.89222717285156 98.592300415039062 498 224.03961181640625 100.16161346435547 498 28.170267105102539 181.95787048339844 -1 18.382024765014648 191.96800231933594 -1 83.915473937988281 123.07471466064453 464 244.05693054199219 113.581787109375 39 100.55265045166016 107.27970886230469 378 113.59963989257812 2.5291581153869629 -1 67.141937255859375 143.0552978515625 357 177.63319396972656 91.289787292480469 -1 31.047857284545898 179.10072326660156 465 113.59963989257812 2.5291581153869629 494 172.77659606933594 60.240940093994141 370 229.34530639648438 103.71005249023438 364 204.12234497070312 85.15948486328125 496 247.22427368164062 116.10736846923828 39 166.25947570800781 89.15069580078125 -1 157.34268188476562 102.68244171142578 508 166.20033264160156 101.32337188720703 -1 241.3541259765625 252.747802734375 -1 180.75379943847656 89.493682861328125 503 180.75379943847656 89.493682861328125 502 
27 0.95293172662061243 0.075903979080531037 -0.27921335596054642 -0.090551710159719925 3.1903361919529374 1.4284318352602756 1.7881789046307053 1 000026.png
128.60552978515625 107.16867828369141 -1 144.69932556152344 196.9227294921875 474 200.77627563476562 75.293510437011719 334 121.50870513916016 87.617050170898438 376 154.060546875 154.86148071289062 365 113.87136077880859 23.801387786865234 475 98.541267395019531 30.455656051635742 9 217.68186950683594 106.12739562988281 477 130.71696472167969 168.84823608398438 414 230.39724731445312 119.71958923339844 443 230.39724731445312 119.71958923339844 -1 130.71696472167969 168.84823608398438 413 217.68186950683594 106.12739562988281 476 202.67869567871094 60.852806091308594 -1 240.13333129882812 84.839569091796875 -1 227.90159606933594 76.221244812011719 478 150.88919067382812 120.70471954345703 25 180.814453125 44.721336364746094 480 151.98216247558594 103.76474761962891 511 104.42313385009766 12.391495704650879 479 193.09562683105469 53.472625732421875 481 156.69235229492188 77.443931579589844 528 248.22056579589844 229.2607421875 -1 168.44187927246094 96.62286376953125 367 233.59359741210938 101.66928863525391 246 164.16963195800781 102.4488525390625 485 174.4283447265625 40.273040771484375 483 133.85498046875 179.46144104003906 389 133.85498046875 179.46144104003906 391 139.37174987792969 179.61994934082031 513 243.24136352539062 227.87605285644531 515 212.86616516113281 93.988395690917969 448 164.16963195800781 102.4488525390625 484 109.14547729492188 34.084300994873047 519 151.28802490234375 68.934646606445312 -1 188.74072265625 70.43988037109375 492 172.09393310546875 88.424263000488281 493 169.25570678710938 91.726478576660156 32 179.96952819824219 94.460975646972656 486 175.30708312988281 95.4112548828125 33 116.83229064941406 4.1012191772460938 488 163.74809265136719 52.963775634765625 -1 155.05484008789062 65.049201965332031 521 151.28802490234375 68.934646606445312 -1 188.74072265625 70.43988037109375 489 175.30708312988281 95.4112548828125 29 155.05484008789062 65.049201965332031 522 116.83229064941406 4.1012191772460938 491 244.195068359375 103.77703857421875 110 134.58619689941406 37.831188201904297 -1 159.54348754882812 50.450897216796875 368 163.74809265136719 52.963775634765625 -1 159.95530700683594 55.553043365478516 536 169.85733032226562 62.884742736816406 24 113.25776672363281 2.9907608032226562 494 149.54447937011719 85.332443237304688 -1 107.37681579589844 101.08091735839844 -1 236.77891540527344 109.35825347900391 265 233.39405822753906 106.49791717529297 364 27.126106262207031 179.33955383300781 505 247.28541564941406 116.14924621582031 39 226.72702026367188 102.04123687744141 -1 227.44265747070312 121.627197265625 310 27.126106262207031 179.33955383300781 504 104.75350189208984 7.1971487998962402 523 97.946693420410156 24.904325485229492 -1 162.65641784667969 48.699790954589844 -1 172.73562622070312 60.229564666748047 370 204.15081787109375 85.179702758789062 496 172.07769775390625 89.354904174804688 493 218.23423767089844 95.332427978515625 518 224.06190490722656 100.06059265136719 498 157.34481811523438 102.63301086425781 508 154.18461608886719 102.84247589111328 524 253.61827087402344 223.27342224121094 -1 243.48289489746094 230.92759704589844 525 243.58558654785156 246.95892333984375 487 241.48202514648438 252.65371704101562 -1 10.742072105407715 199.59959411621094 -1 87.058258056640625 120.14359283447266 -1 39.787174224853516 170.39125061035156 -1 89.716865539550781 117.58380126953125 -1 172.73562622070312 60.229564666748047 527 89.716865539550781 117.58380126953125 -1 229.47700500488281 103.78160095214844 364 8.9132013320922852 201.54246520996094 -1 67.510307312011719 142.94609069824219 357 6.6420736312866211 204.14736938476562 533 48.233787536621094 161.75381469726562 -1 180.70729064941406 89.522193908691406 502 180.70729064941406 89.522193908691406 503 90.744209289550781 119.95946502685547 -1 146.81680297851562 165.39860534667969 -1 
28 0.95231796459218998 0.075920930474008524 -0.28050915188530362 -0.09295763733839639 3.219348040534816 1.4226193321576042 1.7907150294781069 1 000027.png
128.03317260742188 107.03009796142578 -1 144.32185363769531 196.76530456542969 474 200.75361633300781 74.866447448730469 379 154.1026611328125 154.232421875 365 130.09272766113281 165.89067077636719 413 113.85726928710938 23.783201217651367 475 98.508522033691406 30.479305267333984 9 218.41130065917969 106.12914276123047 476 231.3087158203125 118.01117706298828 443 218.41130065917969 106.12914276123047 477 181.66499328613281 46.572067260742188 -1 228.30876159667969 76.2860107421875 478 211.57722473144531 95.113380432128906 448 150.93740844726562 120.61700439453125 25 56.847053527832031 161.24237060546875 -1 132.76155090332031 175.92843627929688 389 246.73252868652344 217.28567504882812 -1 151.86549377441406 104.06524658203125 511 104.20815277099609 12.079548835754395 479 193.09465026855469 53.477157592773438 481 156.6600341796875 77.443283081054688 528 79.420204162597656 137.576904296875 313 71.209495544433594 145.46286010742188 -1 249.50595092773438 227.7158203125 -1 249.50595092773438 227.7158203125 -1 163.99845886230469 102.52641296386719 485 109.4764404296875 123.18181610107422 -1 110.57663726806641 130.46250915527344 245 139.39328002929688 179.51800537109375 513 160.09599304199219 50.317775726318359 368 174.44900512695312 40.22210693359375 483 159.66192626953125 55.741950988769531 536 101.60779571533203 63.773250579833984 -1 163.99845886230469 102.52641296386719 484 168.45730590820312 96.591041564941406 367 148.24229431152344 71.631126403808594 -1 148.24229431152344 71.631126403808594 -1 109.14117431640625 34.017696380615234 519 245.76614379882812 244.90444946289062 487 116.83172607421875 4.0887994766235352 488 154.29762268066406 65.669349670410156 521 175.29707336425781 95.438140869140625 29 245.76614379882812 244.90444946289062 490 169.85731506347656 62.908805847167969 24 116.83172607421875 4.0887994766235352 491 168.97633361816406 58.805179595947266 527 154.29762268066406 65.669349670410156 522 189.14720153808594 69.974159240722656 492 172.06597900390625 88.402290344238281 493 169.29974365234375 91.732269287109375 32 179.98390197753906 94.43798828125 486 175.29707336425781 95.438140869140625 33 234.77546691894531 96.309761047363281 246 227.87428283691406 120.64032745361328 310 242.55174255371094 233.20498657226562 525 243.16023254394531 250.99345397949219 -1 74.579292297363281 133.19378662109375 -1 74.579292297363281 133.19378662109375 -1 230.15658569335938 103.10023498535156 364 244.2708740234375 102.92690277099609 110 233.71792602539062 105.8096923828125 364 172.74488830566406 60.172473907470703 370 154.04804992675781 77.060859680175781 -1 147.46641540527344 79.474830627441406 531 204.38504028320312 84.68316650390625 496 172.08445739746094 89.334274291992188 493 224.44357299804688 99.435356140136719 498 53.923286437988281 157.2496337890625 534 44.363773345947266 167.00199890136719 -1 30.21940803527832 181.59893798828125 -1 26.846092224121094 184.77859497070312 -1 24.821874618530273 186.85249328613281 -1 11.740315437316895 192.43424987792969 -1 16.874977111816406 194.98872375488281 -1 6.1489410400390625 205.87478637695312 533 154.48878479003906 99.29510498046875 524 154.14340209960938 103.05271911621094 524 146.38107299804688 90.36834716796875 -1 172.74488830566406 60.172473907470703 527 154.04804992675781 77.060859680175781 -1 3.2130663394927979 208.8780517578125 -1 253.95211791992188 222.52447509765625 -1 248.23811340332031 115.59037780761719 39 107.51194000244141 101.39217376708984 -1 180.71998596191406 89.527145385742188 502 157.35598754882812 102.46929168701172 508 180.71998596191406 89.527145385742188 503 
31 0.95133761677301742 0.077567358493835573 -0.28351660812070589 -0.092511495116307199 3.2765730944628686 1.4454832028524478 1.8224652932914496 1 000031.png
128.97586059570312 108.31707763671875 -1 144.06968688964844 197.00190734863281 474 200.87391662597656 75.068511962890625 379 154.14845275878906 153.61497497558594 365 113.80904388427734 23.763174057006836 475 112.04000854492188 67.567863464355469 -1 129.80052185058594 164.88046264648438 413 98.463218688964844 30.412862777709961 9 217.60064697265625 106.12699890136719 476 232.28701782226562 119.12812805175781 443 217.60064697265625 106.12699890136719 477 131.81208801269531 172.72474670410156 358 151.00892639160156 120.65460968017578 25 248.14178466796875 220.76565551757812 -1 228.94497680664062 76.702560424804688 478 181.18257141113281 45.465274810791016 -1 192.96653747558594 53.454158782958984 481 156.66999816894531 77.399284362792969 528 133.06475830078125 176.91169738769531 389 133.06475830078125 176.91169738769531 391 105.60308837890625 92.805015563964844 517 213.64247131347656 93.686195373535156 448 168.49554443359375 96.629013061523438 367 164.18229675292969 102.41159820556641 485 139.45834350585938 179.53060913085938 513 246.18537902832031 228.065185546875 515 235.08726501464844 101.83591461181641 -1 174.42562866210938 40.180351257324219 483 164.18229675292969 102.41159820556641 484 160.23161315917969 55.634960174560547 536 169.8515625 62.906803131103516 24 151.49504089355469 68.91156005859375 -1 188.92457580566406 70.154792785644531 492 172.01783752441406 88.31695556640625 493 169.10699462890625 91.629173278808594 32 179.98178100585938 94.456886291503906 486 175.40475463867188 95.479209899902344 33 235.60136413574219 96.927970886230469 246 245.50241088867188 103.45836639404297 110 251.70114135742188 236.08544921875 501 116.78147125244141 3.9955267906188965 488 151.49504089355469 68.91156005859375 -1 188.92457580566406 70.154792785644531 489 175.40475463867188 95.479209899902344 29 251.70114135742188 236.08544921875 -1 251.70114135742188 236.08544921875 507 116.78147125244141 3.9955267906188965 491 109.1160888671875 34.106067657470703 519 160.18978881835938 50.897960662841797 368 249.29325866699219 116.18978881835938 39 228.831298828125 121.35420227050781 310 228.831298828125 121.35420227050781 38 238.26863098144531 109.26473999023438 265 28.858467102050781 181.19720458984375 504 234.43789672851562 106.20669555664062 364 113.16336822509766 3.0286862850189209 -1 28.858467102050781 181.19720458984375 505 113.16336822509766 3.0286862850189209 494 196.25137329101562 70.858978271484375 -1 222.85247802734375 98.302803039550781 498 225.27922058105469 100.15781402587891 498 157.48269653320312 102.60071563720703 508 230.51519775390625 103.64167785644531 364 96.593963623046875 113.08546447753906 402 213.14860534667969 115.47383880615234 -1 78.108749389648438 135.20944213867188 313 240.21817016601562 147.87200927734375 -1 41.1058349609375 172.35411071777344 410 25.982152938842773 188.20243835449219 -1 6.6487364768981934 207.98320007324219 -1 29.96638298034668 184.17018127441406 -1 36.533966064453125 176.97555541992188 -1 172.75035095214844 60.191677093505859 527 213.14860534667969 115.47383880615234 -1 101.63417816162109 108.36624908447266 378 141.77023315429688 247.7030029296875 -1 146.17625427246094 253.66407775878906 -1 141.77023315429688 247.7030029296875 -1 172.75035095214844 60.191677093505859 370 146.17625427246094 253.66407775878906 -1 205.20529174804688 85.245689392089844 496 15.49769401550293 198.85208129882812 472 219.51141357421875 95.781440734863281 518 240.21817016601562 147.87200927734375 -1 38.659736633300781 174.7344970703125 -1 46.814964294433594 166.45486450195312 -1 180.74063110351562 89.488914489746094 502 68.482734680175781 144.39788818359375 -1 3.2265961170196533 211.28506469726562 -1 180.74063110351562 89.488914489746094 503 
32 0.95104179235558883 0.079798663323763286 -0.28440181403836168 -0.090924642955026683 3.2893421467157662 1.4877514354156076 1.8541366483784254 1 000030.png
129.32083129882812 108.03960418701172 -1 144.19967651367188 196.96437072753906 474 200.82926940917969 75.541427612304688 379 121.55487060546875 87.610801696777344 376 154.09284973144531 154.64358520507812 365 113.82022857666016 23.78748893737793 475 214.66412353515625 108.30326080322266 -1 98.525245666503906 30.306703567504883 9 231.86109924316406 119.80538177490234 443 202.6732177734375 60.918807983398438 -1 131.68572998046875 172.98341369628906 358 151.10025024414062 120.32424926757812 25 228.44448852539062 76.728034973144531 478 124.59092712402344 176.73236083984375 366 247.28666687011719 220.47174072265625 -1 124.59092712402344 176.73236083984375 -1 151.81573486328125 104.16681671142578 511 104.18827819824219 12.020930290222168 479 181.09754943847656 45.291038513183594 480 193.00387573242188 53.47607421875 481 156.66567993164062 77.435386657714844 528 164.23873901367188 102.39816284179688 485 139.22549438476562 179.66748046875 513 212.9588623046875 94.880020141601562 448 168.4677734375 96.63800048828125 367 164.23873901367188 102.39816284179688 484 110.72509002685547 130.78436279296875 245 109.1915283203125 33.958805084228516 519 250.58317565917969 237.45443725585938 507 159.99314880371094 55.537811279296875 536 116.85575866699219 4.0655522346496582 491 188.26373291015625 70.544105529785156 492 159.87216186523438 51.124397277832031 368 169.87266540527344 62.855678558349609 24 172.16792297363281 88.519233703613281 493 169.29022216796875 91.718605041503906 32 179.97535705566406 94.426353454589844 486 175.34530639648438 95.438941955566406 33 235.36434936523438 97.745048522949219 246 244.60826110839844 104.16896057128906 110 237.52294921875 109.94673919677734 265 250.58317565917969 237.45443725585938 501 116.85575866699219 4.0655522346496582 488 188.26373291015625 70.544105529785156 489 175.34530639648438 95.438941955566406 29 232.86320495605469 124.52391052246094 -1 14.605108261108398 199.07392883300781 472 113.31752014160156 2.8340966701507568 494 233.82981872558594 107.04331970214844 364 232.86320495605469 124.52391052246094 34 9.9534797668457031 203.83802795410156 533 227.88569641113281 122.01641845703125 310 227.88569641113281 122.01641845703125 38 247.78567504882812 116.61875915527344 39 102.58098602294922 15.312735557556152 48 169.75804138183594 40.138637542724609 -1 172.62181091308594 60.270965576171875 370 198.46202087402344 81.358474731445312 -1 204.1380615234375 85.561614990234375 496 216.16925048828125 94.3934326171875 -1 169.17535400390625 95.131141662597656 -1 219.90631103515625 97.169075012207031 518 154.46478271484375 99.2725830078125 524 224.7972412109375 100.87523651123047 498 238.4500732421875 100.93449401855469 246 157.30841064453125 102.40451049804688 508 229.96463012695312 104.4141845703125 364 76.330825805664062 136.35935974121094 313 30.558017730712891 178.42942810058594 504 83.178314208984375 129.48529052734375 372 8.514124870300293 196.93586730957031 -1 16.093231201171875 196.84550476074219 -1 5.4344840049743652 200.19570922851562 -1 11.898073196411133 201.18586730957031 -1 5.0613412857055664 208.44361877441406 -1 2.6467745304107666 211.04713439941406 -1 101.49402618408203 108.10182952880859 378 237.46260070800781 253.40078735351562 -1 172.62181091308594 60.270965576171875 527 30.558017730712891 178.42942810058594 505 102.58098602294922 15.312735557556152 91 48.632205963134766 163.99040222167969 -1 154.29801940917969 102.71424102783203 524 153.84715270996094 76.8326416015625 -1 180.7470703125 89.493415832519531 502 252.91259765625 235.08421325683594 -1 64.794548034667969 147.34080505371094 -1 211.54391479492188 90.905403137207031 -1 180.7470703125 89.493415832519531 503 194.83592224121094 78.734779357910156 -1 153.84715270996094 76.8326416015625 -1 51.682357788085938 160.63406372070312 375 
34 0.94964013477735831 0.077650186043031186 -0.28862919262409148 -0.094059833046251012 3.3745214876842375 1.4376851765354035 1.8435327062120201 1 000032.png
120.56147766113281 108.00150299072266 -1 120.56147766113281 108.00150299072266 -1 144.18778991699219 197.20970153808594 474 200.7103271484375 74.435043334960938 379 154.05397033691406 154.45803833007812 365 113.75408935546875 23.769968032836914 475 217.47891235351562 107.85260009765625 -1 98.413078308105469 30.389636993408203 9 130.09719848632812 167.35464477539062 413 233.46272277832031 119.55490875244141 443 130.09719848632812 167.35464477539062 -1 233.46272277832031 119.55490875244141 -1 130.09719848632812 167.35464477539062 539 151.02906799316406 120.53622436523438 25 241.60220336914062 85.396316528320312 -1 133.12016296386719 177.93429565429688 389 180.71476745605469 44.689460754394531 480 139.94300842285156 179.3597412109375 513 133.12016296386719 177.93429565429688 391 151.98170471191406 103.80951690673828 511 193.01945495605469 53.420425415039062 481 229.83670043945312 76.853607177734375 478 156.69438171386719 77.377960205078125 528 103.46437072753906 13.010045051574707 479 162.11555480957031 51.360557556152344 368 102.65481567382812 71.327156066894531 388 164.32478332519531 102.50653076171875 485 237.14520263671875 96.307693481445312 246 103.46437072753906 13.010045051574707 48 168.50291442871094 96.683837890625 367 215.2828369140625 93.861167907714844 448 228.06721496582031 90.798240661621094 -1 164.32478332519531 102.50653076171875 484 109.67138671875 123.53738403320312 -1 162.11555480957031 51.360557556152344 -1 175.24501037597656 95.413764953613281 33 109.14707946777344 33.990341186523438 519 175.24501037597656 95.413764953613281 29 172.06097412109375 88.3243408203125 493 179.95793151855469 94.485404968261719 486 246.78672790527344 103.12635040283203 110 239.63099670410156 108.94525909423828 265 250.57780456542969 247.07833862304688 487 116.85993194580078 4.0612034797668457 488 250.57780456542969 247.07833862304688 490 169.32266235351562 91.751884460449219 32 116.85993194580078 4.0612034797668457 491 160.12818908691406 55.650901794433594 536 169.83097839355469 62.951328277587891 24 189.46490478515625 69.735374450683594 492 113.45948028564453 2.7430863380432129 494 164.3232421875 52.365097045898438 -1 226.64495849609375 91.201072692871094 -1 113.45948028564453 2.7430863380432129 -1 5.9169888496398926 211.78170776367188 -1 164.3232421875 52.365097045898438 -1 197.47463989257812 70.829795837402344 -1 236.09683227539062 106.21810150146484 364 250.26150512695312 115.74166107177734 327 230.20310974121094 121.20245361328125 310 241.02943420410156 253.31776428222656 -1 172.78811645507812 60.155326843261719 370 194.05430603027344 61.004413604736328 -1 200.54136657714844 80.917999267578125 -1 43.013641357421875 172.87876892089844 -1 222.27197265625 96.71490478515625 518 31.578649520874023 184.833251953125 -1 12.060366630554199 197.45368957519531 -1 3.1341094970703125 214.32691955566406 -1 59.529312133789062 155.94015502929688 -1 246.51383972167969 237.318603515625 -1 242.39605712890625 250.06985473632812 -1 39.848052978515625 175.8660888671875 -1 103.52665710449219 108.01653289794922 -1 232.26513671875 103.46299743652344 364 154.2880859375 102.88919067382812 524 154.4146728515625 99.286888122558594 524 157.43470764160156 102.68105316162109 508 172.78811645507812 60.155326843261719 527 194.05430603027344 61.004413604736328 -1 157.43470764160156 102.68105316162109 -1 226.55012512207031 99.88494873046875 498 180.7431640625 89.431785583496094 503 180.7431640625 89.431785583496094 502 242.21903991699219 147.18623352050781 -1 242.21903991699219 147.18623352050781 -1 248.63046264648438 231.34451293945312 525 50.838760375976562 164.4564208984375 -1 82.303703308105469 132.61932373046875 -1 70.388618469238281 144.48457336425781 -1 
35 0.94848512532195761 0.082104172469212727 -0.29168543722091833 -0.092490419068020316 3.426448531378139 1.5174778520265717 1.8464139948121179 1 000034.png
124.35552215576172 109.53091430664062 -1 124.35552215576172 109.53091430664062 -1 144.69146728515625 197.32583618164062 474 200.96026611328125 75.015274047851562 334 120.7086181640625 86.972671508789062 376 153.8035888671875 155.13166809082031 365 113.79061126708984 23.793004989624023 475 98.419647216796875 30.358303070068359 9 234.13282775878906 120.76728820800781 443 242.6263427734375 86.323387145996094 -1 131.14726257324219 174.47526550292969 358 190.90557861328125 80.483024597167969 -1 151.08720397949219 120.79474639892578 25 104.20058441162109 11.748870849609375 479 151.96188354492188 103.83598327636719 511 180.96176147460938 45.053260803222656 480 192.9593505859375 53.437858581542969 481 156.64584350585938 77.402496337890625 528 230.85148620605469 77.663307189941406 478 232.53485107421875 109.05268096923828 -1 97.686561584472656 123.68115234375 -1 125.21202087402344 178.75801086425781 366 132.26678466796875 178.80789184570312 389 132.26678466796875 178.80789184570312 391 97.686561584472656 123.68115234375 -1 164.11158752441406 102.41926574707031 485 132.65296936035156 179.84951782226562 -1 138.400390625 180.88931274414062 513 249.26544189453125 231.42591857910156 515 174.49909973144531 40.386623382568359 483 161.95552062988281 51.797599792480469 368 164.11158752441406 102.41926574707031 484 161.95552062988281 51.797599792480469 -1 215.68013000488281 95.39093017578125 448 168.44160461425781 96.650741577148438 367 132.65296936035156 179.84951782226562 -1 102.737548828125 71.410591125488281 388 109.12245941162109 34.021907806396484 519 237.61955261230469 98.011116027832031 246 116.83882904052734 3.9976356029510498 488 154.11367797851562 65.915824890136719 521 175.3472900390625 95.463157653808594 29 189.08860778808594 70.094680786132812 492 116.83882904052734 3.9976356029510498 491 169.86111450195312 62.899383544921875 24 154.11367797851562 65.915824890136719 522 172.10726928710938 88.460517883300781 493 169.27433776855469 91.715232849121094 32 179.92449951171875 94.412002563476562 486 175.3472900390625 95.463157653808594 33 113.4576416015625 2.7771146297454834 494 232.52151489257812 104.88166046142578 364 247.54653930664062 104.81781768798828 110 236.84715270996094 107.73451232910156 364 100.28884124755859 6.767265796661377 -1 160.51823425292969 55.780681610107422 536 30.468387603759766 182.70932006835938 504 113.4576416015625 2.7771146297454834 -1 30.468387603759766 182.70932006835938 505 100.28884124755859 6.767265796661377 -1 4.2916135787963867 214.19163513183594 -1 221.36689758300781 96.698989868164062 518 227.07527160644531 101.08934020996094 498 144.13734436035156 108.53748321533203 -1 177.724853515625 91.190559387207031 321 69.742973327636719 146.22691345214844 -1 38.708606719970703 178.10743713378906 410 32.581951141357422 180.51484680175781 504 101.85951995849609 35.489631652832031 -1 27.676687240600586 189.62588500976562 -1 206.41226196289062 86.274520874023438 496 147.30715942382812 83.494911193847656 -1 147.30715942382812 83.494911193847656 -1 154.45791625976562 99.255096435546875 524 172.78813171386719 60.170772552490234 370 172.78813171386719 60.170772552490234 -1 177.724853515625 91.190559387207031 -1 32.581951141357422 180.51484680175781 505 193.66474914550781 69.454368591308594 -1 12.382687568664551 197.73365783691406 -1 251.12741088867188 117.43032073974609 327 11.997471809387207 205.98782348632812 533 225.1484375 99.545364379882812 498 180.72514343261719 89.526283264160156 502 180.72514343261719 89.526283264160156 503 
36 0.94976717906325192 0.08114655498596765 -0.28789724515097237 -0.092047370536170833 3.3539753410455844 1.5111585179469682 1.8026032892427215 1 000035.png
122.93562316894531 108.90147399902344 -1 122.93562316894531 108.90147399902344 -1 144.2044677734375 197.62156677246094 474 200.90260314941406 75.414588928222656 379 120.64176177978516 87.156402587890625 376 127.15946197509766 155.82633972167969 509 153.80424499511719 154.92852783203125 365 127.15946197509766 155.82633972167969 510 113.73408508300781 23.827791213989258 475 110.86235809326172 63.724948883056641 -1 98.476921081542969 30.511348724365234 9 219.08839416503906 107.81228637695312 476 233.57048034667969 120.78350830078125 443 219.08839416503906 107.81228637695312 477 242.46391296386719 86.187576293945312 -1 57.746109008789062 166.347412109375 -1 229.80152893066406 77.492515563964844 478 151.12416076660156 120.67177581787109 25 104.17347717285156 11.500126838684082 479 180.7528076171875 44.718624114990234 480 192.98150634765625 53.458240509033203 481 156.65878295898438 77.399795532226562 528 124.89694976806641 179.35832214355469 366 151.99833679199219 103.67594909667969 511 236.22749328613281 103.39228057861328 -1 138.85739135742188 180.65380859375 513 174.17242431640625 39.883842468261719 483 214.64114379882812 95.306953430175781 448 168.43655395507812 96.621803283691406 367 164.10261535644531 102.40763092041016 485 132.06364440917969 179.72843933105469 389 164.10261535644531 102.40763092041016 484 132.06364440917969 179.72843933105469 391 109.18157958984375 33.885879516601562 519 116.80077362060547 4.1285247802734375 491 179.91957092285156 94.414077758789062 486 169.21849060058594 91.728546142578125 32 172.0968017578125 88.486686706542969 493 247.82688903808594 231.87696838378906 515 169.86972045898438 62.831676483154297 24 160.67610168457031 51.537967681884766 368 106.91411590576172 105.18607330322266 -1 242.75892639160156 246.54420471191406 -1 188.58950805664062 70.498695373535156 492 246.52008056640625 105.03099822998047 110 236.59718322753906 98.367889404296875 246 175.37626647949219 95.496505737304688 33 116.80077362060547 4.1285247802734375 488 188.58950805664062 70.498695373535156 489 175.37626647949219 95.496505737304688 29 252.92927551269531 239.20193481445312 501 231.61900329589844 105.15091705322266 364 252.92927551269531 239.20193481445312 507 160.42973327636719 55.634479522705078 536 235.41302490234375 107.86552429199219 364 249.44572448730469 117.39267730712891 39 31.501073837280273 180.22642517089844 504 31.501073837280273 180.22642517089844 505 28.327455520629883 183.46003723144531 505 28.327455520629883 183.46003723144531 504 132.79225158691406 182.19107055664062 389 132.79225158691406 182.19107055664062 -1 223.91905212402344 99.83160400390625 498 220.82267761230469 97.294403076171875 518 217.64227294921875 95.075119018554688 -1 166.20021057128906 89.000503540039062 -1 195.80899047851562 79.134292602539062 -1 172.68318176269531 60.248889923095703 370 2.9465372562408447 213.87876892089844 -1 169.57780456542969 40.321022033691406 -1 142.2283935546875 125.64155578613281 -1 48.961765289306641 165.95654296875 -1 93.787109375 121.13596343994141 -1 41.342624664306641 173.9061279296875 410 133.07839965820312 183.11126708984375 389 57.132049560546875 157.87713623046875 534 157.40557861328125 102.55799865722656 -1 133.07839965820312 183.11126708984375 -1 14.427516937255859 201.54225158691406 472 10.015207290649414 206.57852172851562 533 96.577682495117188 114.56338500976562 402 101.97720336914062 109.4971923828125 -1 157.40557861328125 102.55799865722656 508 166.20021057128906 89.000503540039062 -1 180.69050598144531 89.495811462402344 503 180.69050598144531 89.495811462402344 502 154.07499694824219 103.23809051513672 524 
37 0.94944665710666021 0.087981090656572974 -0.28676691247107472 -0.092601894730481457 3.33704161585282 1.6410611582966337 1.7527437232770884 1 000038.png
126.07644653320312 110.24327087402344 -1 126.07644653320312 110.24327087402344 -1 144.46054077148438 197.53565979003906 474 201.06126403808594 76.323356628417969 379 120.64276123046875 87.282577514648438 376 153.574462890625 155.60455322265625 365 113.76744079589844 23.828760147094727 475 111.29380035400391 64.818115234375 -1 109.07843780517578 60.991725921630859 -1 98.48736572265625 30.57904052734375 9 233.42782592773438 122.70459747314453 443 243.86289978027344 87.082588195800781 -1 151.11746215820312 120.47514343261719 25 151.87599182128906 103.93050384521484 511 104.29620361328125 11.820591926574707 479 146.32586669921875 47.379985809326172 -1 193.01638793945312 53.471103668212891 481 156.67921447753906 77.395286560058594 528 132.01960754394531 179.30375671386719 358 138.64776611328125 180.81661987304688 513 132.01960754394531 179.30375671386719 391 174.3958740234375 40.102066040039062 483 180.8203125 44.668682098388672 480 167.91200256347656 58.318588256835938 527 102.36898040771484 72.347572326660156 388 168.4462890625 96.624443054199219 367 214.49066162109375 97.110084533691406 448 164.23915100097656 102.33943939208984 485 247.58366394042969 235.50949096679688 515 164.23915100097656 102.33943939208984 484 167.91200256347656 58.318588256835938 -1 120.66752624511719 172.51004028320312 -1 253.04597473144531 243.96420288085938 501 116.81186676025391 4.0285654067993164 488 155.77865600585938 64.389755249023438 -1 187.67745971679688 71.554817199707031 489 175.40081787109375 95.486831665039062 29 253.04597473144531 243.96420288085938 507 253.04597473144531 243.96420288085938 -1 116.81186676025391 4.0285654067993164 491 134.46961975097656 37.680171966552734 -1 169.79899597167969 62.888454437255859 24 155.77865600585938 64.389755249023438 -1 187.67745971679688 71.554817199707031 492 172.06913757324219 88.349006652832031 493 169.36415100097656 91.738059997558594 32 179.9344482421875 94.483566284179688 486 175.40081787109375 95.486831665039062 33 236.73260498046875 100.48541259765625 246 246.22042846679688 107.17453002929688 110 235.60787963867188 110.00852966308594 364 107.19700622558594 105.81401824951172 -1 231.74784851074219 107.26496887207031 364 250.06510925292969 120.03836059570312 327 229.80136108398438 125.39749908447266 310 27.320230484008789 184.90362548828125 504 27.320230484008789 184.90362548828125 505 160.53788757324219 52.406227111816406 368 167.738525390625 53.566696166992188 -1 172.49375915527344 60.344154357910156 370 228.86549377441406 80.35382080078125 -1 217.39262390136719 96.8536376953125 -1 95.470817565917969 116.55906677246094 402 154.0704345703125 102.93888092041016 524 157.36189270019531 102.46640777587891 508 174.74995422363281 53.230033874511719 -1 174.74995422363281 53.230033874511719 -1 174.74995422363281 53.230033874511719 -1 95.470817565917969 116.55906677246094 441 9.5459518432617188 207.03569030761719 354 4.6978912353515625 212.35165405273438 377 56.807163238525391 158.59184265136719 534 228.86549377441406 80.35382080078125 -1 206.14830017089844 88.341346740722656 496 180.71014404296875 89.5322265625 503 75.256759643554688 140.13711547851562 -1 180.71014404296875 89.5322265625 502 
40 0.94960223186902715 0.087970547827499246 -0.28613558013038554 -0.092968885804552301 3.3276059378296559 1.6392398687975245 1.7708847924719604 1 000041.png
124.80017852783203 109.78863525390625 -1 124.80017852783203 109.78863525390625 -1 144.37171936035156 197.67913818359375 474 201.09249877929688 76.280532836914062 379 120.51634216308594 86.690765380859375 376 153.67355346679688 154.96788024902344 365 113.77693939208984 23.803241729736328 475 111.56635284423828 65.636672973632812 -1 233.21426391601562 123.44025421142578 443 129.58015441894531 169.05918884277344 -1 129.58015441894531 169.05918884277344 -1 98.509178161621094 30.456085205078125 9 229.62776184082031 78.126258850097656 478 243.38764953613281 86.881454467773438 -1 130.89666748046875 174.86537170410156 358 151.08016967773438 120.62541961669922 25 180.72195434570312 44.752758026123047 480 104.31383514404297 11.438783645629883 479 193.08918762207031 53.45849609375 481 156.6527099609375 77.449089050292969 528 214.51803588867188 97.825965881347656 448 231.42341613769531 111.367919921875 -1 96.756401062011719 124.50267028808594 -1 96.756401062011719 124.50267028808594 -1 174.10263061523438 39.766086578369141 483 148.09117126464844 70.900276184082031 -1 105.67462158203125 96.767913818359375 517 168.47512817382812 96.585174560546875 367 164.13278198242188 102.34506988525391 485 151.86436462402344 103.85553741455078 511 247.66009521484375 235.13752746582031 515 164.13278198242188 102.34506988525391 484 148.09117126464844 70.900276184082031 -1 102.59269714355469 71.772377014160156 388 109.24571990966797 33.730995178222656 519 249.16426086425781 255.54000854492188 487 116.83119964599609 3.9833443164825439 488 155.4346923828125 64.190055847167969 -1 187.7652587890625 71.499618530273438 489 175.39112854003906 95.454116821289062 29 132.6004638671875 180.98471069335938 391 249.16426086425781 255.54000854492188 490 116.83119964599609 3.9833443164825439 491 169.81639099121094 62.883670806884766 24 155.4346923828125 64.190055847167969 -1 187.7652587890625 71.499618530273438 492 172.03083801269531 88.299026489257812 493 169.308837890625 91.7093505859375 32 179.94583129882812 94.360923767089844 486 175.39112854003906 95.454116821289062 33 246.72239685058594 107.07445526123047 110 132.6004638671875 180.98471069335938 389 246.31748962402344 116.80198669433594 39 160.43389892578125 52.314090728759766 368 107.35285949707031 105.49385833740234 -1 250.35368347167969 120.06737518310547 327 226.46781921386719 103.62749481201172 498 63.493400573730469 148.18389892578125 -1 63.493400573730469 148.18389892578125 -1 27.202953338623047 185.12831115722656 505 252.89553833007812 242.34782409667969 507 252.89553833007812 242.34782409667969 500 27.202953338623047 185.12831115722656 504 252.89553833007812 242.34782409667969 501 172.50640869140625 60.338157653808594 370 205.5068359375 88.083961486816406 496 220.34976196289062 98.776695251464844 518 223.72885131835938 101.40744018554688 498 14.906898498535156 201.44668579101562 472 24.89044189453125 191.21159362792969 400 231.8990478515625 107.18544006347656 364 235.24848937988281 109.65262603759766 364 95.41961669921875 116.47379302978516 402 32.852901458740234 183.02479553222656 -1 78.006187438964844 137.62925720214844 -1 87.865318298339844 124.1793212890625 -1 154.28363037109375 102.73587799072266 524 191.97914123535156 77.988372802734375 -1 72.921524047851562 142.53155517578125 -1 17.56077766418457 198.97052001953125 -1 87.865318298339844 124.1793212890625 -1 180.7425537109375 89.489692687988281 503 180.7425537109375 89.489692687988281 502 
41 0.94955967433578559 0.088757409135874446 -0.286573577707329 -0.091291465969307067 3.3324400939619476 1.654074566680156 1.7982431789840267 1 000037.png
126.84447479248047 110.45027160644531 -1 126.84447479248047 110.45027160644531 -1 144.61880493164062 197.63594055175781 474 201.04216003417969 76.416748046875 334 120.60659790039062 87.3028564453125 376 153.69139099121094 155.50897216796875 365 113.75706481933594 23.874195098876953 475 111.02284240722656 64.419578552246094 -1 98.390121459960938 30.613264083862305 9 219.14222717285156 110.10958099365234 477 232.90884399414062 123.72776031494141 443 219.14222717285156 110.10958099365234 476 243.64288330078125 87.062545776367188 -1 151.109130859375 120.60086059570312 25 151.88818359375 104.05062103271484 511 180.75503540039062 44.769775390625 480 104.42445373535156 12.325960159301758 479 192.659912109375 53.339458465576172 481 156.62664794921875 77.462730407714844 528 164.148193359375 102.37834930419922 485 94.736167907714844 124.61270141601562 -1 247.48719787597656 236.28501892089844 515 174.469970703125 40.226730346679688 483 167.59246826171875 58.331501007080078 527 102.35028839111328 72.799224853515625 388 131.87022399902344 179.97183227539062 389 168.40480041503906 96.577003479003906 367 214.66314697265625 97.517333984375 448 131.87022399902344 179.97183227539062 391 164.148193359375 102.37834930419922 484 167.59246826171875 58.331501007080078 -1 135.51432800292969 38.268463134765625 -1 109.24079895019531 33.912044525146484 519 109.24079895019531 33.912044525146484 -1 169.28273010253906 91.714332580566406 32 179.9227294921875 94.403800964355469 486 175.37037658691406 95.50286865234375 33 236.85321044921875 100.99887847900391 246 246.44183349609375 107.59581756591797 110 116.74992370605469 4.0664796829223633 488 187.54531860351562 71.700851440429688 489 187.54531860351562 71.700851440429688 -1 175.37037658691406 95.50286865234375 29 116.74992370605469 4.0664796829223633 491 106.88369750976562 106.25375366210938 -1 169.79299926757812 62.910903930664062 24 187.54531860351562 71.700851440429688 492 151.61268615722656 75.101669311523438 -1 171.99356079101562 88.358299255371094 493 155.8076171875 64.211891174316406 -1 155.8076171875 64.211891174316406 -1 231.56512451171875 107.65577697753906 364 250.08856201171875 120.45010375976562 327 160.523681640625 52.474678039550781 368 235.34111022949219 110.23598480224609 364 102.61136627197266 15.728304862976074 48 172.455810546875 60.387306213378906 370 202.51040649414062 78.105567932128906 -1 166.22624206542969 89.070358276367188 -1 182.10752868652344 96.990730285644531 -1 93.112442016601562 119.00504302978516 402 42.880233764648438 172.76570129394531 -1 33.498798370361328 182.1253662109375 -1 27.933128356933594 188.21376037597656 400 12.12034797668457 204.39703369140625 354 252.500732421875 243.15385437011719 500 157.30137634277344 102.06231689453125 508 166.22624206542969 89.070358276367188 -1 95.446205139160156 116.54547119140625 402 154.08497619628906 102.95729827880859 524 223.99493408203125 102.30323791503906 498 221.08226013183594 99.892669677734375 518 102.61136627197266 15.728304862976074 91 172.455810546875 60.387306213378906 527 84.051528930664062 127.82265472412109 372 182.10752868652344 96.990730285644531 -1 252.500732421875 243.15385437011719 507 157.30137634277344 102.06231689453125 -1 63.498046875 151.74861145019531 -1 180.72303771972656 89.440605163574219 502 154.54283142089844 99.240188598632812 524 217.29847717285156 97.044647216796875 -1 180.72303771972656 89.440605163574219 503 203.40107727050781 86.663421630859375 496 60.608592987060547 154.72697448730469 -1 
42 0.94931062008350853 0.088214478794100451 -0.2871981894221271 -0.092437829487724499 3.3442886533176659 1.6438011554686709 1.7649069736458654 1 000040.png
125.64824676513672 110.15824890136719 -1 125.64824676513672 110.15824890136719 -1 144.44183349609375 197.59239196777344 474 201.03981018066406 76.282188415527344 379 120.55300140380859 86.575393676757812 376 127.04184722900391 154.69429016113281 509 153.52249145507812 155.7841796875 365 127.04184722900391 154.69429016113281 510 113.78968811035156 23.81675910949707 475 98.430038452148438 30.747653961181641 9 219.08036804199219 109.90261840820312 476 233.24790954589844 122.79434204101562 443 219.08036804199219 109.90261840820312 477 243.52815246582031 86.939590454101562 -1 106.71804046630859 56.889503479003906 -1 193.00146484375 53.460010528564453 481 156.68731689453125 77.391899108886719 528 188.82054138183594 80.27081298828125 -1 231.23884582519531 111.39949798583984 -1 151.82235717773438 104.15067291259766 511 104.15795135498047 11.693210601806641 479 146.49795532226562 47.663417816162109 -1 174.12680053710938 39.857685089111328 483 180.7916259765625 44.693443298339844 480 167.80583190917969 58.312122344970703 527 102.52288055419922 72.440994262695312 388 125.17250061035156 178.69741821289062 366 132.35731506347656 180.226318359375 389 214.80827331542969 97.96466064453125 448 253.63148498535156 244.94767761230469 501 164.12774658203125 102.39318084716797 485 167.80583190917969 58.312122344970703 -1 168.42039489746094 96.602104187011719 367 105.66288757324219 97.03692626953125 517 253.63148498535156 244.94767761230469 507 132.35731506347656 180.226318359375 391 164.12774658203125 102.39318084716797 484 109.21272277832031 34.068782806396484 519 109.21272277832031 34.068782806396484 -1 247.83843994140625 235.85653686523438 515 116.78553771972656 4.1040735244750977 488 155.18539428710938 64.535194396972656 -1 187.72174072265625 71.547416687011719 489 175.40296936035156 95.454277038574219 29 116.78553771972656 4.1040735244750977 491 169.83464050292969 62.853908538818359 24 155.18539428710938 64.535194396972656 -1 187.72174072265625 71.547416687011719 492 151.56184387207031 75.263824462890625 -1 172.04084777832031 88.283309936523438 493 169.37069702148438 91.696136474609375 32 179.945068359375 94.347572326660156 486 175.40296936035156 95.454277038574219 33 236.30764770507812 100.44582366943359 246 246.74624633789062 107.17864990234375 110 95.42010498046875 116.677490234375 402 160.52235412597656 52.396598815917969 368 107.32172393798828 105.65645599365234 -1 235.53079223632812 109.79840087890625 364 250.10305786132812 119.93254852294922 327 137.00564575195312 182.27969360351562 513 27.161924362182617 185.15353393554688 504 132.94802856445312 182.78465270996094 391 95.42010498046875 116.677490234375 441 27.161924362182617 185.15353393554688 505 132.94802856445312 182.78465270996094 389 113.52670288085938 2.4916090965270996 494 101.84345245361328 35.428798675537109 -1 192.89350891113281 78.84619140625 -1 252.6103515625 241.63572692871094 500 84.207313537597656 127.67824554443359 372 157.14779663085938 102.34841156005859 508 231.34062194824219 107.08274078369141 364 154.15693664550781 103.01320648193359 524 223.57707214355469 101.44710540771484 498 169.24324035644531 95.271736145019531 -1 177.619140625 91.212547302246094 321 205.48538208007812 88.037696838378906 496 113.52670288085938 2.4916090965270996 -1 172.47825622558594 60.3099365234375 370 177.619140625 91.212547302246094 -1 252.6103515625 241.63572692871094 507 226.13394165039062 103.51874542236328 498 195.85948181152344 80.923683166503906 -1 180.72911071777344 89.502105712890625 503 75.824508666992188 139.61579895019531 -1 180.72911071777344 89.502105712890625 502 
44 0.94939747951537012 0.088715771452352363 -0.28647956329854407 -0.09329200178874883 3.3346007635814674 1.6512481625421849 1.7611686297406892 1 000045.png
124.89057159423828 109.72761535644531 -1 124.89057159423828 109.72761535644531 -1 144.2606201171875 197.66349792480469 474 201.05882263183594 76.233688354492188 379 120.65594482421875 86.592399597167969 376 153.87554931640625 154.96307373046875 365 113.77625274658203 23.815269470214844 475 129.7069091796875 171.49150085449219 -1 219.42546081542969 109.36050415039062 476 98.421989440917969 30.673652648925781 9 219.42546081542969 109.36050415039062 477 233.35020446777344 122.25574493408203 443 243.41474914550781 86.765556335449219 -1 130.92109680175781 175.26007080078125 358 229.84762573242188 77.997543334960938 478 151.21421813964844 120.33163452148438 25 119.57316589355469 160.89288330078125 -1 119.57316589355469 160.89288330078125 -1 151.82379150390625 104.16827392578125 511 104.30735778808594 12.051255226135254 479 180.92276000976562 44.952701568603516 480 147.11761474609375 48.355644226074219 -1 193.0487060546875 53.421291351318359 481 156.67985534667969 77.387596130371094 528 214.42849731445312 97.708351135253906 448 231.07765197753906 111.35671234130859 -1 131.67019653320312 177.55317687988281 389 174.56900024414062 40.404178619384766 483 102.44998931884766 71.757102966308594 388 105.53611755371094 96.883781433105469 517 168.45060729980469 96.592948913574219 367 253.46188354492188 244.09342956542969 501 253.46188354492188 244.09342956542969 507 164.12211608886719 102.365234375 484 164.12211608886719 102.365234375 485 103.90518951416016 79.463615417480469 -1 246.57991027832031 106.90090179443359 110 240.46725463867188 113.31646728515625 265 153.76994323730469 66.133354187011719 521 187.75265502929688 71.398666381835938 489 175.46487426757812 95.492088317871094 29 172.04562377929688 88.342384338378906 493 168.47050476074219 58.500576019287109 527 169.81632995605469 62.87841796875 24 153.76994323730469 66.133354187011719 522 187.75265502929688 71.398666381835938 492 169.36215209960938 91.720298767089844 32 179.95976257324219 94.385231018066406 486 175.46487426757812 95.492088317871094 33 236.48936462402344 99.973304748535156 246 24.344697952270508 192.36045837402344 400 249.85031127929688 119.54218292236328 327 27.210748672485352 185.14234924316406 504 154.14772033691406 77.090469360351562 -1 247.84275817871094 236.42315673828125 515 113.16782379150391 2.8485643863677979 494 154.14772033691406 77.090469360351562 -1 27.210748672485352 185.14234924316406 505 131.57745361328125 35.080772399902344 -1 160.41923522949219 52.268791198730469 368 220.31634521484375 98.536674499511719 518 154.44819641113281 99.309898376464844 524 154.30853271484375 102.69153594970703 524 107.56236267089844 105.18109893798828 -1 75.273101806640625 140.16677856445312 -1 63.267585754394531 152.0313720703125 -1 5.0528035163879395 212.01754760742188 377 242.45491027832031 253.13008117675781 -1 177.73481750488281 91.302352905273438 321 205.93386840820312 88.0416259765625 496 202.81729125976562 85.893348693847656 496 102.67890930175781 15.447166442871094 48 148.04507446289062 76.669937133789062 -1 172.50889587402344 60.302024841308594 370 177.73481750488281 91.302352905273438 -1 157.40327453613281 102.58838653564453 508 148.04507446289062 76.669937133789062 -1 147.42109680175781 80.168479919433594 531 95.343185424804688 116.45368957519531 402 157.40327453613281 102.58838653564453 -1 180.77033996582031 89.4964599609375 503 198.80534362792969 82.745376586914062 -1 180.77033996582031 89.4964599609375 502 
45 0.9493830028926914 0.086962505746613822 -0.28712369871946286 -0.09310970973202308 3.3443652714907008 1.6197135927640631 1.7625562214159256 1 000044.png
124.86852264404297 109.64164733886719 -1 124.86852264404297 109.64164733886719 -1 144.25718688964844 197.53990173339844 474 201.06071472167969 76.247940063476562 379 120.66904449462891 86.777687072753906 376 153.82748413085938 154.82301330566406 365 113.77321624755859 23.798240661621094 475 98.511238098144531 30.54151725769043 9 219.49623107910156 109.67342376708984 477 219.49623107910156 109.67342376708984 476 229.64213562011719 78.16046142578125 478 243.009521484375 86.617362976074219 -1 234.70030212402344 121.82007598876953 443 131.04844665527344 175.25212097167969 358 189.9483642578125 61.933769226074219 -1 213.6185302734375 98.690933227539062 -1 151.03976440429688 120.91658782958984 25 151.87580871582031 103.87813568115234 511 104.200927734375 11.51447582244873 479 181.16987609863281 45.499057769775391 -1 192.90261840820312 53.388168334960938 481 156.636962890625 77.430732727050781 528 119.32590484619141 171.20878601074219 -1 231.14399719238281 111.22926330566406 -1 174.04219055175781 39.880229949951172 483 102.56582641601562 71.910774230957031 388 168.46112060546875 96.559295654296875 367 214.82797241210938 97.038131713867188 448 164.3514404296875 102.37248229980469 485 247.6785888671875 234.99739074707031 515 164.3514404296875 102.37248229980469 484 109.18718719482422 33.756359100341797 519 246.60208129882812 106.98902893066406 110 120.40998077392578 171.67607116699219 -1 132.96284484863281 181.61778259277344 389 137.42845153808594 181.65876770019531 513 116.76795196533203 4.1250247955322266 488 155.93234252929688 63.869529724121094 -1 187.86521911621094 71.48193359375 -1 175.37095642089844 95.396194458007812 29 132.96284484863281 181.61778259277344 -1 187.86521911621094 71.48193359375 492 116.76795196533203 4.1250247955322266 491 168.47554016113281 58.494911193847656 527 169.84382629394531 62.844799041748047 24 155.93234252929688 63.869529724121094 -1 172.09574890136719 88.338340759277344 493 169.39920043945312 91.710990905761719 32 179.96717834472656 94.395133972167969 486 175.37095642089844 95.396194458007812 33 236.4984130859375 99.969818115234375 246 27.322778701782227 184.90428161621094 504 160.53361511230469 52.315910339355469 368 102.42092132568359 62.097606658935547 -1 27.322778701782227 184.90428161621094 505 249.74386596679688 119.51383209228516 327 7.9297080039978027 209.34114074707031 533 102.61273193359375 15.358756065368652 48 172.52427673339844 60.318225860595703 370 107.56324005126953 105.17803192138672 -1 205.55604553222656 87.921104431152344 496 177.595458984375 91.276611328125 321 220.54776000976562 98.893470764160156 518 223.66032409667969 101.26319122314453 498 77.73681640625 137.83218383789062 -1 56.491031646728516 158.98377990722656 534 133.1348876953125 182.95361328125 389 24.472539901733398 192.10124206542969 400 17.651523590087891 198.96562194824219 -1 92.963211059570312 122.71987915039062 -1 14.481094360351562 202.05206298828125 472 154.29550170898438 102.70403289794922 524 177.595458984375 91.276611328125 -1 133.1348876953125 182.95361328125 391 231.41473388671875 106.86904144287109 364 226.09254455566406 103.11519622802734 498 84.30145263671875 127.51287841796875 372 180.74943542480469 89.55865478515625 503 154.47750854492188 99.212623596191406 524 62.829929351806641 152.37254333496094 -1 157.28688049316406 102.32633209228516 508 189.74406433105469 76.293075561523438 -1 180.74943542480469 89.55865478515625 502 
47 0.94936780265377652 0.088211850139770273 -0.28683182263603518 -0.092988979468262747 3.3409420229371154 1.6409115215439691 1.7911074311444324 1 000043.png
124.96913146972656 109.77060699462891 -1 124.96913146972656 109.77060699462891 -1 144.30319213867188 197.59718322753906 474 201.03691101074219 76.217636108398438 334 120.60376739501953 86.647552490234375 376 153.69894409179688 155.26313781738281 365 113.76654052734375 23.786945343017578 475 112.67794036865234 67.466285705566406 -1 98.608314514160156 30.774530410766602 9 233.53926086425781 122.42893981933594 443 243.12489318847656 86.767684936523438 -1 131.24026489257812 175.68794250488281 358 150.99528503417969 120.94174957275391 25 151.91987609863281 103.84059143066406 511 104.111328125 11.366354942321777 479 146.2825927734375 47.567584991455078 -1 193.01808166503906 53.435745239257812 481 156.63658142089844 77.423324584960938 528 231.08561706542969 111.23928833007812 -1 111.57807159423828 146.38932800292969 -1 125.51126861572266 178.84095764160156 366 132.2823486328125 179.53379821777344 389 253.50112915039062 244.17373657226562 501 180.84811401367188 44.758853912353516 480 102.43285369873047 71.669525146484375 388 168.36502075195312 96.569122314453125 367 214.64155578613281 96.935089111328125 448 164.29765319824219 102.37661743164062 485 174.490478515625 40.281177520751953 483 132.2823486328125 179.53379821777344 391 164.29765319824219 102.37661743164062 484 253.50112915039062 244.17373657226562 507 109.22208404541016 33.864124298095703 519 175.38310241699219 95.443962097167969 33 236.470703125 99.978218078613281 246 239.73048400878906 112.99713134765625 265 132.95112609863281 181.82557678222656 389 249.18524169921875 254.96141052246094 487 116.85116577148438 4.0660009384155273 488 155.46875 64.347618103027344 -1 187.87281799316406 71.507354736328125 -1 187.87281799316406 71.507354736328125 489 175.38310241699219 95.443962097167969 29 132.95112609863281 181.82557678222656 -1 249.18524169921875 254.96141052246094 490 116.85116577148438 4.0660009384155273 491 168.55662536621094 58.534881591796875 527 169.81314086914062 62.879024505615234 24 155.46875 64.347618103027344 -1 187.87281799316406 71.507354736328125 492 172.01710510253906 88.208793640136719 493 169.34516906738281 91.67645263671875 32 179.96092224121094 94.416305541992188 486 252.99295043945312 242.79100036621094 -1 250.37185668945312 119.890869140625 327 95.563125610351562 116.35713958740234 402 252.99295043945312 242.79100036621094 -1 235.59928894042969 109.65328216552734 364 95.563125610351562 116.35713958740234 441 160.46784973144531 52.305187225341797 368 167.68443298339844 53.540111541748047 -1 107.46947479248047 105.36906433105469 -1 246.34429931640625 107.02313232421875 110 172.51852416992188 60.321525573730469 370 27.443244934082031 184.75193786621094 505 220.81134033203125 98.934318542480469 518 231.76274108886719 106.97713470458984 364 246.54421997070312 116.83851623535156 39 93.181083679199219 118.82353973388672 402 24.875505447387695 191.6121826171875 400 27.443244934082031 184.75193786621094 504 101.84806060791016 35.527290344238281 -1 42.94403076171875 173.08993530273438 -1 56.354011535644531 159.1175537109375 534 67.562164306640625 147.83079528808594 -1 169.15927124023438 95.1131591796875 -1 252.64761352539062 241.32872009277344 500 252.64761352539062 241.32872009277344 507 252.64761352539062 241.32872009277344 501 35.347511291503906 180.5416259765625 -1 7.4343867301940918 209.42591857910156 533 4.9462480545043945 212.23806762695312 377 199.43864440917969 83.206130981445312 -1 17.282295227050781 199.09226989746094 472 72.732490539550781 142.63015747070312 -1 180.76374816894531 89.529754638671875 502 247.84222412109375 237.71232604980469 525 180.76374816894531 89.529754638671875 503 154.49668884277344 99.247138977050781 524 
50 0.94944016820783683 0.08720586407159088 -0.28707506083344742 -0.092446815588609094 3.3419980690564284 1.6227116746916084 1.7832292102658451 1 000047.png
127.09422302246094 110.20704650878906 -1 127.09422302246094 110.20704650878906 -1 144.264892578125 198.10824584960938 474 201.06755065917969 76.259147644042969 379 120.58468627929688 86.424018859863281 376 154.02105712890625 154.72319030761719 365 113.75384521484375 23.799158096313477 475 219.4423828125 109.79417419433594 477 219.4423828125 109.79417419433594 476 98.485450744628906 30.799020767211914 9 243.55839538574219 86.961494445800781 -1 131.05636596679688 174.9434814453125 358 233.45895385742188 121.86073303222656 443 189.88565063476562 62.329479217529297 -1 151.12960815429688 120.46198272705078 25 131.64352416992188 177.086669921875 389 151.85726928710938 104.37504577636719 511 104.21279907226562 11.422737121582031 479 181.15516662597656 45.451606750488281 -1 193.01727294921875 53.451229095458984 481 156.66065979003906 77.493354797363281 528 71.926322937011719 148.67344665527344 -1 230.95730590820312 111.09978485107422 -1 174.29835510253906 40.157562255859375 483 167.94404602050781 58.273822784423828 527 102.64682006835938 71.912872314453125 388 105.51441192626953 96.29241943359375 517 214.6239013671875 97.05755615234375 448 164.1656494140625 102.29352569580078 485 164.1656494140625 102.29352569580078 484 167.94404602050781 58.273822784423828 -1 168.42120361328125 96.63140869140625 367 109.16220855712891 33.952220916748047 519 152.51617431640625 67.249778747558594 -1 187.91171264648438 71.475692749023438 492 172.08201599121094 88.372077941894531 493 169.28514099121094 91.692268371582031 32 179.99839782714844 94.378456115722656 486 175.38485717773438 95.437606811523438 33 137.90345764160156 181.38156127929688 513 249.17286682128906 255.19845581054688 487 116.80426025390625 3.9559116363525391 488 155.68930053710938 64.201309204101562 -1 152.51617431640625 67.249778747558594 -1 187.91171264648438 71.475692749023438 489 175.38485717773438 95.437606811523438 29 249.17286682128906 255.19845581054688 490 116.80426025390625 3.9559116363525391 491 168.93963623046875 58.590961456298828 527 169.82600402832031 62.864253997802734 24 155.68930053710938 64.201309204101562 -1 249.51165771484375 119.19675445556641 327 11.827136993408203 200.98611450195312 -1 160.28367614746094 52.208522796630859 368 235.70487976074219 109.63558959960938 364 231.79129028320312 106.98221588134766 364 31.464527130126953 180.70187377929688 -1 31.464527130126953 180.70187377929688 -1 27.078800201416016 185.28404235839844 504 246.23551940917969 107.05291748046875 110 27.078800201416016 185.28404235839844 505 11.827136993408203 200.98611450195312 -1 8.2527837753295898 208.97000122070312 533 102.47273254394531 61.961307525634766 -1 205.50978088378906 87.943618774414062 496 172.07435607910156 89.363983154296875 493 177.56671142578125 91.04315185546875 321 154.49136352539062 99.36859130859375 524 223.73429870605469 101.26307678222656 498 81.834487915039062 130.08251953125 372 226.21682739257812 103.23536682128906 498 113.51374053955078 2.4581918716430664 494 84.019432067871094 127.83567810058594 372 107.55764770507812 105.20787048339844 -1 154.29069519042969 102.87169647216797 524 113.51374053955078 2.4581918716430664 -1 102.62422943115234 15.276471138000488 91 202.80563354492188 85.89910888671875 -1 102.62422943115234 15.276471138000488 48 167.48039245605469 53.912445068359375 -1 252.71011352539062 241.08517456054688 507 252.71011352539062 241.08517456054688 501 172.50274658203125 60.285480499267578 370 252.71011352539062 241.08517456054688 500 87.940093994140625 123.90818786621094 -1 38.160423278808594 177.76617431640625 410 177.56671142578125 91.04315185546875 -1 188.62351989746094 75.374710083007812 -1 157.3349609375 102.37347412109375 508 180.75593566894531 89.531654357910156 502 14.60830020904541 201.77093505859375 472 180.75593566894531 89.531654357910156 503 
52 0.94983454616104324 0.08521388328283909 -0.28608259909666939 -0.093325642290841282 3.3250072473098413 1.5927689035025752 1.74716050040265 1 000053.png
127.37667846679688 110.22817230224609 -1 127.37667846679688 110.22817230224609 -1 144.23846435546875 198.56492614746094 474 200.95060729980469 76.148757934570312 379 120.50630950927734 86.542945861816406 376 154.19346618652344 153.47581481933594 365 113.76873779296875 23.799558639526367 475 110.71000671386719 63.705841064453125 -1 98.431076049804688 30.468120574951172 9 130.04901123046875 170.45681762695312 413 130.04901123046875 170.45681762695312 414 202.86045837402344 61.125595092773438 -1 202.86045837402344 61.125595092773438 -1 229.6815185546875 78.140480041503906 478 243.30787658691406 86.806564331054688 -1 131.00157165527344 174.22372436523438 358 233.60090637207031 121.84761810302734 443 151.46916198730469 120.14678192138672 25 56.121318817138672 166.33018493652344 -1 151.46916198730469 120.14678192138672 -1 180.759033203125 44.700550079345703 480 104.18779754638672 11.243727684020996 479 146.40208435058594 47.830425262451172 -1 192.95744323730469 53.432014465332031 481 156.67378234863281 77.384613037109375 528 231.13427734375 111.04647827148438 -1 174.07577514648438 39.777324676513672 483 102.43922424316406 71.861618041992188 388 168.46905517578125 96.56219482421875 367 214.58052062988281 96.886344909667969 448 236.716064453125 99.634132385253906 246 164.10707092285156 102.23497009277344 485 111.51591491699219 146.3272705078125 -1 253.74591064453125 244.04508972167969 507 247.72833251953125 234.75178527832031 515 164.10707092285156 102.23497009277344 484 253.74591064453125 244.04508972167969 501 109.17511749267578 33.80780029296875 519 116.79962921142578 4.0216407775878906 491 179.98406982421875 94.309890747070312 486 175.34504699707031 95.392784118652344 33 116.79962921142578 4.0216407775878906 488 155.46322631835938 64.287246704101562 -1 187.84773254394531 71.436988830566406 489 175.34504699707031 95.392784118652344 29 169.85246276855469 62.836540222167969 24 155.46322631835938 64.287246704101562 -1 187.84773254394531 71.436988830566406 492 169.33995056152344 91.715652465820312 32 4.6045031547546387 212.89558410644531 377 250.03396606445312 119.5885009765625 327 229.80545043945312 125.01347351074219 310 239.65885925292969 112.65503692626953 265 27.327085494995117 184.97178649902344 504 8.1260643005371094 209.28897094726562 -1 232.62924194335938 107.28117370605469 364 160.3812255859375 52.255352020263672 368 151.5638427734375 75.382125854492188 -1 172.09367370605469 89.116264343261719 493 246.28181457519531 106.89107513427734 110 235.73023986816406 109.71943664550781 364 143.03797912597656 111.13638305664062 -1 113.45358276367188 2.6524555683135986 494 113.45358276367188 2.6524555683135986 -1 229.80545043945312 125.01347351074219 38 27.327085494995117 184.97178649902344 505 107.55233764648438 105.22226715087891 -1 154.40702819824219 102.39242553710938 524 102.77967071533203 109.44046020507812 -1 174.82246398925781 53.281753540039062 436 83.237716674804688 132.27589416503906 372 223.737060546875 101.38120269775391 498 220.74456787109375 98.930213928222656 518 167.6241455078125 53.978630065917969 -1 169.15008544921875 95.098091125488281 -1 172.50999450683594 60.306682586669922 370 133.40858459472656 183.077392578125 391 252.60403442382812 240.92987060546875 507 252.60403442382812 240.92987060546875 501 53.069972991943359 162.3944091796875 -1 201.19401550292969 84.7064208984375 -1 252.60403442382812 240.92987060546875 500 38.505062103271484 177.35133361816406 410 133.40858459472656 183.077392578125 389 87.443511962890625 124.51608276367188 -1 56.265518188476562 159.13775634765625 534 186.85118103027344 74.247077941894531 -1 67.41595458984375 147.85031127929688 357 61.545047760009766 153.74118041992188 -1 
53 0.94967302441603352 0.086846656975933356 -0.28609156767058952 -0.093436715355330061 3.3277992188246674 1.6193220015907432 1.7714793793524151 1 000050.png
127.31851959228516 110.20411682128906 -1 127.31851959228516 110.20411682128906 -1 144.29246520996094 198.59324645996094 474 201.03472900390625 76.21173095703125 379 120.41345977783203 86.623115539550781 376 155.26217651367188 151.56488037109375 365 113.76750946044922 23.791492462158203 475 110.61399841308594 63.304397583007812 -1 98.592338562011719 30.688444137573242 9 219.76336669921875 109.82350158691406 477 233.33601379394531 121.85463714599609 443 219.76336669921875 109.82350158691406 476 202.7794189453125 61.119575500488281 -1 202.7794189453125 61.119575500488281 -1 243.26158142089844 86.85894775390625 -1 229.67315673828125 77.938507080078125 478 151.36976623535156 120.57235717773438 25 151.36976623535156 120.57235717773438 -1 180.78181457519531 44.717262268066406 480 104.17824554443359 11.329838752746582 479 145.54501342773438 46.747852325439453 -1 193.10697937011719 53.507968902587891 481 156.689453125 77.381065368652344 528 214.19471740722656 97.447486877441406 448 125.66434478759766 179.62187194824219 366 230.90275573730469 111.13596343994141 -1 174.46658325195312 40.356048583984375 483 164.26101684570312 102.29606628417969 485 247.80216979980469 234.45732116699219 515 168.43260192871094 96.586570739746094 367 236.558837890625 99.737213134765625 246 164.26101684570312 102.29606628417969 484 147.58750915527344 71.456222534179688 -1 102.48677062988281 72.000877380371094 388 109.18285369873047 33.869403839111328 519 169.29994201660156 91.671310424804688 32 179.95988464355469 94.446189880371094 486 175.40840148925781 95.463066101074219 33 116.78227996826172 4.0573110580444336 488 155.71180725097656 64.131439208984375 -1 152.19114685058594 67.570259094238281 522 187.75347900390625 71.407707214355469 489 175.40840148925781 95.463066101074219 29 116.78227996826172 4.0573110580444336 491 169.81706237792969 62.885440826416016 24 155.71180725097656 64.131439208984375 -1 152.19114685058594 67.570259094238281 521 187.75347900390625 71.407707214355469 492 172.02740478515625 88.396461486816406 493 249.56245422363281 119.20504760742188 39 107.55112457275391 105.21292877197266 -1 229.86253356933594 125.08808898925781 310 27.363073348999023 184.98068237304688 504 160.32069396972656 52.221446990966797 368 252.92558288574219 241.91064453125 501 239.18614196777344 112.45275115966797 265 235.23887634277344 109.31687927246094 364 229.86253356933594 125.08808898925781 38 27.363073348999023 184.98068237304688 505 252.92558288574219 241.91064453125 507 252.92558288574219 241.91064453125 500 172.14468383789062 89.201988220214844 493 231.66632080078125 106.99430847167969 364 246.19300842285156 106.96286010742188 110 83.056991577148438 132.44424438476562 372 42.797107696533203 173.01640319824219 -1 40.439598083496094 175.53057861328125 410 15.036322593688965 201.42861938476562 472 4.1949253082275391 212.88740539550781 377 142.35533142089844 125.48731994628906 -1 154.41806030273438 102.77566528320312 524 157.32942199707031 102.51347351074219 508 223.57470703125 101.08225250244141 498 172.52235412597656 60.311779022216797 370 167.49787902832031 54.003189086914062 -1 147.3114013671875 80.297889709472656 531 166.277587890625 89.085670471191406 -1 220.4755859375 98.748329162597656 518 154.54515075683594 99.34228515625 524 226.19013977050781 103.26516723632812 498 81.943122863769531 129.9429931640625 372 166.277587890625 89.085670471191406 -1 80.442893981933594 135.02619934082031 -1 180.73255920410156 89.476287841796875 503 180.73255920410156 89.476287841796875 502 
54 0.94957458700801212 0.086549879483371811 -0.28688839862226073 -0.092261957522762311 3.3394382540713785 1.613711276741121 1.7669723835413893 1 000052.png
127.32813262939453 110.17110443115234 -1 127.32813262939453 110.17110443115234 -1 144.25709533691406 198.71537780761719 474 201.06889343261719 76.235504150390625 334 120.48236846923828 86.550262451171875 376 155.30766296386719 151.62333679199219 365 112.88091278076172 68.332115173339844 -1 113.75672149658203 23.813398361206055 475 98.434341430664062 30.483552932739258 9 233.40631103515625 122.09955596923828 443 229.35304260253906 77.955108642578125 478 243.01202392578125 86.752174377441406 -1 131.26235961914062 174.94056701660156 358 151.47589111328125 120.27886199951172 25 55.290702819824219 167.54411315917969 -1 151.47589111328125 120.27886199951172 -1 103.96785736083984 12.240157127380371 479 180.82080078125 44.735671997070312 480 146.48045349121094 47.863170623779297 -1 193.0810546875 53.435981750488281 481 156.65699768066406 77.451179504394531 528 72.202774047851562 148.54881286621094 -1 231.02774047851562 111.17696380615234 -1 103.96785736083984 12.240157127380371 48 214.42562866210938 96.751205444335938 448 164.17364501953125 102.34603881835938 485 247.61276245117188 234.73051452636719 515 253.65040588378906 244.05339050292969 501 105.60073089599609 96.193122863769531 517 168.43304443359375 96.589462280273438 367 253.65040588378906 244.05339050292969 507 164.17364501953125 102.34603881835938 484 149.1708984375 70.633056640625 -1 149.1708984375 70.633056640625 -1 138.08656311035156 181.42886352539062 513 247.80751037597656 236.09730529785156 -1 249.10321044921875 255.04801940917969 487 116.802734375 4.0487899780273438 488 187.85127258300781 71.4678955078125 489 187.85127258300781 71.4678955078125 -1 175.52569580078125 95.574188232421875 29 133.20523071289062 181.93612670898438 -1 249.10321044921875 255.04801940917969 490 116.802734375 4.0487899780273438 491 246.55361938476562 106.93656921386719 110 169.80720520019531 62.894878387451172 24 187.85127258300781 71.4678955078125 492 171.87380981445312 88.214324951171875 493 169.36177062988281 91.709365844726562 32 179.9713134765625 94.425399780273438 486 175.52569580078125 95.574188232421875 33 236.70259094238281 99.961647033691406 246 133.20523071289062 181.93612670898438 389 29.907960891723633 182.34786987304688 504 160.44548034667969 52.26611328125 368 197.53863525390625 73.918014526367188 466 177.48783874511719 90.543464660644531 -1 107.41753387451172 105.36566162109375 -1 29.907960891723633 182.34786987304688 505 250.20550537109375 119.66532135009766 327 177.48783874511719 90.543464660644531 321 229.81378173828125 125.14516448974609 38 229.81378173828125 125.14516448974609 310 167.34376525878906 53.938926696777344 -1 172.51052856445312 60.306262969970703 370 203.05586242675781 85.989471435546875 496 205.59324645996094 87.9395751953125 496 166.256103515625 89.128250122070312 -1 169.17965698242188 95.060562133789062 -1 154.60005187988281 99.310203552246094 524 133.44239807128906 183.09683227539062 389 235.28610229492188 109.26964569091797 364 56.478660583496094 159.01718139648438 534 78.837623596191406 133.10951232910156 -1 226.00929260253906 103.17659759521484 498 154.33218383789062 102.75482177734375 524 166.256103515625 89.128250122070312 -1 231.32975769042969 106.73335266113281 364 133.44239807128906 183.09683227539062 391 247.82073974609375 237.17887878417969 525 24.809299468994141 191.76458740234375 400 250.53395080566406 248.18817138671875 -1 78.837623596191406 133.10951232910156 -1 33.900733947753906 181.77992248535156 -1 67.025672912597656 148.25538635253906 357 
61 0.9494817287459365 0.08739577292007783 -0.28666276736090146 -0.093117578696613287 3.3388739630263675 1.6266122026634851 1.7948008375835576 1 000060.png
126.93492889404297 110.03345489501953 -1 126.93492889404297 110.03345489501953 -1 144.27349853515625 198.66415405273438 474 201.03167724609375 76.221855163574219 379 120.49568176269531 86.503608703613281 376 155.40435791015625 152.01786804199219 365 113.77394866943359 23.816814422607422 475 219.55436706542969 109.358642578125 476 219.55436706542969 109.358642578125 477 233.35287475585938 122.11537933349609 443 99.72308349609375 31.621191024780273 9 243.38766479492188 86.83831787109375 -1 131.24778747558594 174.74496459960938 358 229.57609558105469 78.146476745605469 478 124.82595825195312 10.922900199890137 -1 151.30813598632812 120.53556823730469 25 55.981945037841797 166.53517150878906 -1 151.30813598632812 120.53556823730469 -1 104.22023773193359 11.823934555053711 479 181.08248901367188 45.137939453125 480 193.05921936035156 53.481464385986328 481 156.64988708496094 77.38641357421875 528 72.079307556152344 148.42002868652344 -1 231.12718200683594 111.26406860351562 -1 132.23114013671875 178.65646362304688 389 132.23114013671875 178.65646362304688 391 174.38775634765625 40.317844390869141 483 102.36176300048828 71.836624145507812 388 168.44705200195312 96.572517395019531 367 214.84829711914062 97.232688903808594 448 111.55410766601562 146.39254760742188 -1 247.5762939453125 235.02525329589844 515 164.16319274902344 102.21809387207031 484 164.16319274902344 102.21809387207031 485 109.21867370605469 33.736934661865234 519 169.34266662597656 91.717842102050781 32 179.98764038085938 94.413421630859375 486 175.43704223632812 95.500694274902344 33 236.661376953125 100.08627319335938 246 249.28306579589844 254.85911560058594 487 116.8353271484375 4.0579586029052734 488 169.230712890625 58.681392669677734 -1 155.34770202636719 64.572799682617188 -1 187.90142822265625 71.47283935546875 -1 187.90142822265625 71.47283935546875 489 175.43704223632812 95.500694274902344 29 249.28306579589844 254.85911560058594 490 116.8353271484375 4.0579586029052734 491 169.230712890625 58.681392669677734 527 169.82106018066406 62.8731689453125 24 155.34770202636719 64.572799682617188 -1 187.90142822265625 71.47283935546875 492 171.9306640625 88.25823974609375 493 113.41358184814453 2.7686541080474854 494 27.106536865234375 185.29025268554688 504 113.41358184814453 2.7686541080474854 -1 107.41269683837891 105.37435150146484 -1 250.11952209472656 119.54248809814453 327 229.83219909667969 125.00901794433594 310 160.49258422851562 52.305412292480469 368 229.83219909667969 125.00901794433594 38 27.106536865234375 185.29025268554688 505 247.95907592773438 236.77836608886719 525 204.40693664550781 87.090591430664062 496 172.02102661132812 89.345993041992188 493 169.26344299316406 95.250823974609375 -1 220.60528564453125 98.906494140625 518 154.56001281738281 99.257698059082031 524 133.34297180175781 182.98707580566406 389 4.8010363578796387 212.23715209960938 377 84.0186767578125 127.82270812988281 372 90.970443725585938 121.06477355957031 -1 93.336997985839844 118.64926147460938 402 235.29248046875 109.54832458496094 364 154.19671630859375 102.99854278564453 524 223.7862548828125 101.41218566894531 498 166.2430419921875 89.067626953125 -1 90.970443725585938 121.06477355957031 -1 166.2430419921875 89.067626953125 -1 104.80453491210938 7.0841503143310547 523 167.49848937988281 53.754890441894531 -1 252.73747253417969 241.46322631835938 500 252.73747253417969 241.46322631835938 507 172.52447509765625 60.324417114257812 370 252.73747253417969 241.46322631835938 501 142.37324523925781 119.58905792236328 -1 83.190376281738281 132.26165771484375 372 133.34297180175781 182.98707580566406 391 14.742026329040527 201.75065612792969 354 180.7298583984375 89.479484558105469 502 56.968692779541016 158.35853576660156 534 180.7298583984375 89.479484558105469 503 
