I20261002 19:58:19.249703 27396 automatic_reconstruction.cc:271] === Feature extraction ===
I20261002 19:58:19.252938 27512 feature_extraction.cc:498] === Feature extraction ===
I20261002 19:58:19.255975  7600 sift.cc:754] Creating Covariant SIFT CPU feature extractor
I20261002 19:58:19.256125 15444 sift.cc:754] Creating Covariant SIFT CPU feature extractor
I20261002 19:58:19.256365 12596 sift.cc:754] Creating Covariant SIFT CPU feature extractor
I20261002 19:58:19.256443  6660 sift.cc:754] Creating Covariant SIFT CPU feature extractor
I20261002 19:58:19.256531 19796 sift.cc:754] Creating Covariant SIFT CPU feature extractor
I20261002 19:58:19.256721  7728 sift.cc:754] Creating Covariant SIFT CPU feature extractor
I20261002 19:58:19.256816 16980 sift.cc:754] Creating Covariant SIFT CPU feature extractor
I20261002 19:58:19.256966 25068 sift.cc:754] Creating Covariant SIFT CPU feature extractor
I20261002 19:58:19.257009 25772 sift.cc:754] Creating Covariant SIFT CPU feature extractor
I20261002 19:58:19.257095 27336 sift.cc:754] Creating Covariant SIFT CPU feature extractor
I20261002 19:58:19.257140 27592 sift.cc:754] Creating Covariant SIFT CPU feature extractor
I20261002 19:58:19.257300 19704 sift.cc:754] Creating Covariant SIFT CPU feature extractor
I20261002 19:58:19.257354 22908 sift.cc:754] Creating Covariant SIFT CPU feature extractor
I20261002 19:58:19.257537 20840 sift.cc:754] Creating Covariant SIFT CPU feature extractor
I20261002 19:58:19.257580 15188 sift.cc:754] Creating Covariant SIFT CPU feature extractor
I20261002 19:58:19.257623  6084 sift.cc:754] Creating Covariant SIFT CPU feature extractor
I20261002 19:58:19.257659 26856 sift.cc:754] Creating Covariant SIFT CPU feature extractor
I20261002 19:58:19.257698 27520 sift.cc:754] Creating Covariant SIFT CPU feature extractor
I20261002 19:58:19.257847 20024 sift.cc:754] Creating Covariant SIFT CPU feature extractor
I20261002 19:58:19.257884  6104 sift.cc:754] Creating Covariant SIFT CPU feature extractor
I20261002 19:58:19.317084  5744 feature_extraction.cc:270] Processed file [1/127]
I20261002 19:58:19.317510  5744 feature_extraction.cc:273]   Name:            000002.png
I20261002 19:58:19.317732  5744 feature_extraction.cc:282]   Dimensions:      256 x 256
I20261002 19:58:19.317918  5744 feature_extraction.cc:285]   Camera:          #1 - SIMPLE_RADIAL
I20261002 19:58:19.318088  5744 feature_extraction.cc:289]   Focal Length:    307.20px
I20261002 19:58:19.318285  5744 feature_extraction.cc:294]   Features:        123 (SIFT)
I20261002 19:58:19.327967  5744 feature_extraction.cc:270] Processed file [2/127]
I20261002 19:58:19.328353  5744 feature_extraction.cc:273]   Name:            000005.png
I20261002 19:58:19.328620  5744 feature_extraction.cc:282]   Dimensions:      256 x 256
I20261002 19:58:19.328865  5744 feature_extraction.cc:285]   Camera:          #1 - SIMPLE_RADIAL
I20261002 19:58:19.329078  5744 feature_extraction.cc:289]   Focal Length:    307.20px
I20261002 19:58:19.329243  5744 feature_extraction.cc:294]   Features:        124 (SIFT)
I20261002 19:58:19.330110  5744 feature_extraction.cc:270] Processed file [3/127]
I20261002 19:58:19.330310  5744 feature_extraction.cc:273]   Name:            000004.png
I20261002 19:58:19.330490  5744 feature_extraction.cc:282]   Dimensions:      256 x 256
I20261002 19:58:19.330671  5744 feature_extraction.cc:285]   Camera:          #1 - SIMPLE_RADIAL
I20261002 19:58:19.330870  5744 feature_extraction.cc:289]   Focal Length:    307.20px
I20261002 19:58:19.331074  5744 feature_extraction.cc:294]   Features:        134 (SIFT)
I20261002 19:58:19.336854  5744 feature_extraction.cc:270] Processed file [4/127]
I20261002 19:58:19.337109  5744 feature_extraction.cc:273]   Name:            000000.png
I20261002 19:58:19.337243  5744 feature_extraction.cc:282]   Dimensions:      256 x 256
I20261002 19:58:19.337324  5744 feature_extraction.cc:285]   Camera:          #1 - SIMPLE_RADIAL
I20261002 19:58:19.337460  5744 feature_extraction.cc:289]   Focal Length:    307.20px
I20261002 19:58:19.337691  5744 feature_extraction.cc:294]   Features:        124 (SIFT)
I20261002 19:58:19.367383  5744 feature_extraction.cc:270] Processed file [5/127]
I20261002 19:58:19.367839  5744 feature_extraction.cc:273]   Name:            000003.png
I20261002 19:58:19.367961  5744 feature_extraction.cc:282]   Dimensions:      256 x 256
I20261002 19:58:19.368035  5744 feature_extraction.cc:285]   Camera:          #1 - SIMPLE_RADIAL
I20261002 19:58:19.368102  5744 feature_extraction.cc:289]   Focal Length:    307.20px
I20261002 19:58:19.368169  5744 feature_extraction.cc:294]   Features:        127 (SIFT)
I20261002 19:58:19.368961  5744 feature_extraction.cc:270] Processed file [6/127]
I20261002 19:58:19.369181  5744 feature_extraction.cc:273]   Name:            000001.png
I20261002 19:58:19.369306  5744 feature_extraction.cc:282]   Dimensions:      256 x 256
I20261002 19:58:19.369382  5744 feature_extraction.cc:285]   Camera:          #1 - SIMPLE_RADIAL
I20261002 19:58:19.369452  5744 feature_extraction.cc:289]   Focal Length:    307.20px
I20261002 19:58:19.369521  5744 feature_extraction.cc:294]   Features:        132 (SIFT)
I20261002 19:58:19.370568  5744 feature_extraction.cc:270] Processed file [7/127]
I20261002 19:58:19.370716  5744 feature_extraction.cc:273]   Name:            000008.png
I20261002 19:58:19.370861  5744 feature_extraction.cc:282]   Dimensions:      256 x 256
I20261002 19:58:19.371089  5744 feature_extraction.cc:285]   Camera:          #1 - SIMPLE_RADIAL
I20261002 19:58:19.371211  5744 feature_extraction.cc:289]   Focal Length:    307.20px
I20261002 19:58:19.371289  5744 feature_extraction.cc:294]   Features:        119 (SIFT)
I20261002 19:58:19.372192  5744 feature_extraction.cc:270] Processed file [8/127]
I20261002 19:58:19.372311  5744 feature_extraction.cc:273]   Name:            000006.png
I20261002 19:58:19.372411  5744 feature_extraction.cc:282]   Dimensions:      256 x 256
I20261002 19:58:19.372482  5744 feature_extraction.cc:285]   Camera:          #1 - SIMPLE_RADIAL
I20261002 19:58:19.372544  5744 feature_extraction.cc:289]   Focal Length:    307.20px
I20261002 19:58:19.372606  5744 feature_extraction.cc:294]   Features:        137 (SIFT)
I20261002 19:58:19.373908  5744 feature_extraction.cc:270] Processed file [9/127]
I20261002 19:58:19.374092  5744 feature_extraction.cc:273]   Name:            000011.png
I20261002 19:58:19.374369  5744 feature_extraction.cc:282]   Dimensions:      256 x 256
I20261002 19:58:19.374529  5744 feature_extraction.cc:285]   Camera:          #1 - SIMPLE_RADIAL
I20261002 19:58:19.374671  5744 feature_extraction.cc:289]   Focal Length:    307.20px
I20261002 19:58:19.374819  5744 feature_extraction.cc:294]   Features:        130 (SIFT)
I20261002 19:58:19.375676  5744 feature_extraction.cc:270] Processed file [10/127]
I20261002 19:58:19.376101  5744 feature_extraction.cc:273]   Name:            000007.png
I20261002 19:58:19.376286  5744 feature_extraction.cc:282]   Dimensions:      256 x 256
I20261002 19:58:19.376436  5744 feature_extraction.cc:285]   Camera:          #1 - SIMPLE_RADIAL
I20261002 19:58:19.376604  5744 feature_extraction.cc:289]   Focal Length:    307.20px
I20261002 19:58:19.376793  5744 feature_extraction.cc:294]   Features:        138 (SIFT)
I20261002 19:58:19.378735  5744 feature_extraction.cc:270] Processed file [11/127]
I20261002 19:58:19.379084  5744 feature_extraction.cc:273]   Name:            000009.png
I20261002 19:58:19.379297  5744 feature_extraction.cc:282]   Dimensions:      256 x 256
I20261002 19:58:19.379473  5744 feature_extraction.cc:285]   Camera:          #1 - SIMPLE_RADIAL
I20261002 19:58:19.379641  5744 feature_extraction.cc:289]   Focal Length:    307.20px
I20261002 19:58:19.379808  5744 feature_extraction.cc:294]   Features:        136 (SIFT)
I20261002 19:58:19.382071  5744 feature_extraction.cc:270] Processed file [12/127]
I20261002 19:58:19.382414  5744 feature_extraction.cc:273]   Name:            000010.png
I20261002 19:58:19.382617  5744 feature_extraction.cc:282]   Dimensions:      256 x 256
I20261002 19:58:19.382964  5744 feature_extraction.cc:285]   Camera:          #1 - SIMPLE_RADIAL
I20261002 19:58:19.383154  5744 feature_extraction.cc:289]   Focal Length:    307.20px
I20261002 19:58:19.383381  5744 feature_extraction.cc:294]   Features:        144 (SIFT)
I20261002 19:58:19.385203  5744 feature_extraction.cc:270] Processed file [13/127]
I20261002 19:58:19.385426  5744 feature_extraction.cc:273]   Name:            000014.png
I20261002 19:58:19.385582  5744 feature_extraction.cc:282]   Dimensions:      256 x 256
I20261002 19:58:19.385766  5744 feature_extraction.cc:285]   Camera:          #1 - SIMPLE_RADIAL
I20261002 19:58:19.385931  5744 feature_extraction.cc:289]   Focal Length:    307.20px
I20261002 19:58:19.386118  5744 feature_extraction.cc:294]   Features:        128 (SIFT)
I20261002 19:58:19.388557  5744 feature_extraction.cc:270] Processed file [14/127]
I20261002 19:58:19.388845  5744 feature_extraction.cc:273]   Name:            000012.png
I20261002 19:58:19.389064  5744 feature_extraction.cc:282]   Dimensions:      256 x 256
I20261002 19:58:19.389239  5744 feature_extraction.cc:285]   Camera:          #1 - SIMPLE_RADIAL
I20261002 19:58:19.389395  5744 feature_extraction.cc:289]   Focal Length:    307.20px
I20261002 19:58:19.389554  5744 feature_extraction.cc:294]   Features:        134 (SIFT)
I20261002 19:58:19.392058  5744 feature_extraction.cc:270] Processed file [15/127]
I20261002 19:58:19.392304  5744 feature_extraction.cc:273]   Name:            000013.png
I20261002 19:58:19.392483  5744 feature_extraction.cc:282]   Dimensions:      256 x 256
I20261002 19:58:19.392642  5744 feature_extraction.cc:285]   Camera:          #1 - SIMPLE_RADIAL
I20261002 19:58:19.392808  5744 feature_extraction.cc:289]   Focal Length:    307.20px
I20261002 19:58:19.392966  5744 feature_extraction.cc:294]   Features:        137 (SIFT)
I20261002 19:58:19.395459  5744 feature_extraction.cc:270] Processed file [16/127]
I20261002 19:58:19.395727  5744 feature_extraction.cc:273]   Name:            000015.png
I20261002 19:58:19.395925  5744 feature_extraction.cc:282]   Dimensions:      256 x 256
I20261002 19:58:19.396108  5744 feature_extraction.cc:285]   Camera:          #1 - SIMPLE_RADIAL
I20261002 19:58:19.396274  5744 feature_extraction.cc:289]   Focal Length:    307.20px
I20261002 19:58:19.396442  5744 feature_extraction.cc:294]   Features:        136 (SIFT)
I20261002 19:58:19.397886  5744 feature_extraction.cc:270] Processed file [17/127]
I20261002 19:58:19.398149  5744 feature_extraction.cc:273]   Name:            000016.png
I20261002 19:58:19.398378  5744 feature_extraction.cc:282]   Dimensions:      256 x 256
I20261002 19:58:19.398593  5744 feature_extraction.cc:285]   Camera:          #1 - SIMPLE_RADIAL
I20261002 19:58:19.398764  5744 feature_extraction.cc:289]   Focal Length:    307.20px
I20261002 19:58:19.398910  5744 feature_extraction.cc:294]   Features:        112 (SIFT)
I20261002 19:58:19.399955  5744 feature_extraction.cc:270] Processed file [18/127]
I20261002 19:58:19.400176  5744 feature_extraction.cc:273]   Name:            000017.png
I20261002 19:58:19.400327  5744 feature_extraction.cc:282]   Dimensions:      256 x 256
I20261002 19:58:19.400465  5744 feature_extraction.cc:285]   Camera:          #1 - SIMPLE_RADIAL
I20261002 19:58:19.400599  5744 feature_extraction.cc:289]   Focal Length:    307.20px
I20261002 19:58:19.400734  5744 feature_extraction.cc:294]   Features:        99 (SIFT)
I20261002 19:58:19.403194  5744 feature_extraction.cc:270] Processed file [19/127]
I20261002 19:58:19.403523  5744 feature_extraction.cc:273]   Name:            000020.png
I20261002 19:58:19.403740  5744 feature_extraction.cc:282]   Dimensions:      256 x 256
I20261002 19:58:19.403934  5744 feature_extraction.cc:285]   Camera:          #1 - SIMPLE_RADIAL
I20261002 19:58:19.404094  5744 feature_extraction.cc:289]   Focal Length:    307.20px
I20261002 19:58:19.404297  5744 feature_extraction.cc:294]   Features:        102 (SIFT)
I20261002 19:58:19.406473  5744 feature_extraction.cc:270] Processed file [20/127]
I20261002 19:58:19.406742  5744 feature_extraction.cc:273]   Name:            000018.png
I20261002 19:58:19.406902  5744 feature_extraction.cc:282]   Dimensions:      256 x 256
I20261002 19:58:19.407067  5744 feature_extraction.cc:285]   Camera:          #1 - SIMPLE_RADIAL
I20261002 19:58:19.407379  5744 feature_extraction.cc:289]   Focal Length:    307.20px
I20261002 19:58:19.407568  5744 feature_extraction.cc:294]   Features:        117 (SIFT)
I20261002 19:58:19.409832  5744 feature_extraction.cc:270] Processed file [21/127]
I20261002 19:58:19.410131  5744 feature_extraction.cc:273]   Name:            000019.png
I20261002 19:58:19.410413  5744 feature_extraction.cc:282]   Dimensions:      256 x 256
I20261002 19:58:19.410647  5744 feature_extraction.cc:285]   Camera:          #1 - SIMPLE_RADIAL
I20261002 19:58:19.410828  5744 feature_extraction.cc:289]   Focal Length:    307.20px
I20261002 19:58:19.410998  5744 feature_extraction.cc:294]   Features:        114 (SIFT)
I20261002 19:58:19.413034  5744 feature_extraction.cc:270] Processed file [22/127]
I20261002 19:58:19.413320  5744 feature_extraction.cc:273]   Name:            000023.png
I20261002 19:58:19.413530  5744 feature_extraction.cc:282]   Dimensions:      256 x 256
I20261002 19:58:19.413692  5744 feature_extraction.cc:285]   Camera:          #1 - SIMPLE_RADIAL
I20261002 19:58:19.413845  5744 feature_extraction.cc:289]   Focal Length:    307.20px
I20261002 19:58:19.414005  5744 feature_extraction.cc:294]   Features:        78 (SIFT)
I20261002 19:58:19.416300  5744 feature_extraction.cc:270] Processed file [23/127]
I20261002 19:58:19.416576  5744 feature_extraction.cc:273]   Name:            000021.png
I20261002 19:58:19.416753  5744 feature_extraction.cc:282]   Dimensions:      256 x 256
I20261002 19:58:19.416913  5744 feature_extraction.cc:285]   Camera:          #1 - SIMPLE_RADIAL
I20261002 19:58:19.417053  5744 feature_extraction.cc:289]   Focal Length:    307.20px
I20261002 19:58:19.417232  5744 feature_extraction.cc:294]   Features:        115 (SIFT)
I20261002 19:58:19.419395  5744 feature_extraction.cc:270] Processed file [24/127]
I20261002 19:58:19.419636  5744 feature_extraction.cc:273]   Name:            000022.png
I20261002 19:58:19.419833  5744 feature_extraction.cc:282]   Dimensions:      256 x 256
I20261002 19:58:19.420012  5744 feature_extraction.cc:285]   Camera:          #1 - SIMPLE_RADIAL
I20261002 19:58:19.420204  5744 feature_extraction.cc:289]   Focal Length:    307.20px
I20261002 19:58:19.420440  5744 feature_extraction.cc:294]   Features:        102 (SIFT)
I20261002 19:58:19.421328  5744 feature_extraction.cc:270] Processed file [25/127]
I20261002 19:58:19.421600  5744 feature_extraction.cc:273]   Name:            000024.png
I20261002 19:58:19.421795  5744 feature_extraction.cc:282]   Dimensions:      256 x 256
I20261002 19:58:19.422013  5744 feature_extraction.cc:285]   Camera:          #1 - SIMPLE_RADIAL
I20261002 19:58:19.422227  5744 feature_extraction.cc:289]   Focal Length:    307.20px
I20261002 19:58:19.422435  5744 feature_extraction.cc:294]   Features:        83 (SIFT)
I20261002 19:58:19.424773  5744 feature_extraction.cc:270] Processed file [26/127]
I20261002 19:58:19.425014  5744 feature_extraction.cc:273]   Name:            000025.png
I20261002 19:58:19.425182  5744 feature_extraction.cc:282]   Dimensions:      256 x 256
I20261002 19:58:19.425377  5744 feature_extraction.cc:285]   Camera:          #1 - SIMPLE_RADIAL
I20261002 19:58:19.425614  5744 feature_extraction.cc:289]   Focal Length:    307.20px
I20261002 19:58:19.425787  5744 feature_extraction.cc:294]   Features:        89 (SIFT)
I20261002 19:58:19.427952  5744 feature_extraction.cc:270] Processed file [27/127]
I20261002 19:58:19.428180  5744 feature_extraction.cc:273]   Name:            000026.png
I20261002 19:58:19.428329  5744 feature_extraction.cc:282]   Dimensions:      256 x 256
I20261002 19:58:19.428475  5744 feature_extraction.cc:285]   Camera:          #1 - SIMPLE_RADIAL
I20261002 19:58:19.428614  5744 feature_extraction.cc:289]   Focal Length:    307.20px
I20261002 19:58:19.428825  5744 feature_extraction.cc:294]   Features:        93 (SIFT)
I20261002 19:58:19.431069  5744 feature_extraction.cc:270] Processed file [28/127]
I20261002 19:58:19.431312  5744 feature_extraction.cc:273]   Name:            000027.png
I20261002 19:58:19.431693  5744 feature_extraction.cc:282]   Dimensions:      256 x 256
I20261002 19:58:19.431940  5744 feature_extraction.cc:285]   Camera:          #1 - SIMPLE_RADIAL
I20261002 19:58:19.432109  5744 feature_extraction.cc:289]   Focal Length:    307.20px
I20261002 19:58:19.432252  5744 feature_extraction.cc:294]   Features:        87 (SIFT)
I20261002 19:58:19.434205  5744 feature_extraction.cc:270] Processed file [29/127]
I20261002 19:58:19.434480  5744 feature_extraction.cc:273]   Name:            000028.png
I20261002 19:58:19.434657  5744 feature_extraction.cc:282]   Dimensions:      256 x 256
I20261002 19:58:19.434821  5744 feature_extraction.cc:285]   Camera:          #1 - SIMPLE_RADIAL
I20261002 19:58:19.434967  5744 feature_extraction.cc:289]   Focal Length:    307.20px
I20261002 19:58:19.435110  5744 feature_extraction.cc:294]   Features:        93 (SIFT)
I20261002 19:58:19.436649  5744 feature_extraction.cc:270] Processed file [30/127]
I20261002 19:58:19.436849  5744 feature_extraction.cc:273]   Name:            000029.png
I20261002 19:58:19.437006  5744 feature_extraction.cc:282]   Dimensions:      256 x 256
I20261002 19:58:19.437163  5744 feature_extraction.cc:285]   Camera:          #1 - SIMPLE_RADIAL
I20261002 19:58:19.437319  5744 feature_extraction.cc:289]   Focal Length:    307.20px
I20261002 19:58:19.437528  5744 feature_extraction.cc:294]   Features:        97 (SIFT)
I20261002 19:58:19.438957  5744 feature_extraction.cc:270] Processed file [31/127]
I20261002 19:58:19.439157  5744 feature_extraction.cc:273]   Name:            000031.png
I20261002 19:58:19.439386  5744 feature_extraction.cc:282]   Dimensions:      256 x 256
I20261002 19:58:19.439618  5744 feature_extraction.cc:285]   Camera:          #1 - SIMPLE_RADIAL
I20261002 19:58:19.439824  5744 feature_extraction.cc:289]   Focal Length:    307.20px
I20261002 19:58:19.440012  5744 feature_extraction.cc:294]   Features:        90 (SIFT)
I20261002 19:58:19.442138  5744 feature_extraction.cc:270] Processed file [32/127]
I20261002 19:58:19.442369  5744 feature_extraction.cc:273]   Name:            000030.png
I20261002 19:58:19.442500  5744 feature_extraction.cc:282]   Dimensions:      256 x 256
I20261002 19:58:19.442688  5744 feature_extraction.cc:285]   Camera:          #1 - SIMPLE_RADIAL
I20261002 19:58:19.442862  5744 feature_extraction.cc:289]   Focal Length:    307.20px
I20261002 19:58:19.443011  5744 feature_extraction.cc:294]   Features:        92 (SIFT)
I20261002 19:58:19.444270  5744 feature_extraction.cc:270] Processed file [33/127]
I20261002 19:58:19.444459  5744 feature_extraction.cc:273]   Name:            000033.png
I20261002 19:58:19.444559  5744 feature_extraction.cc:282]   Dimensions:      256 x 256
I20261002 19:58:19.444645  5744 feature_extraction.cc:285]   Camera:          #1 - SIMPLE_RADIAL
I20261002 19:58:19.444729  5744 feature_extraction.cc:289]   Focal Length:    307.20px
I20261002 19:58:19.444860  5744 feature_extraction.cc:294]   Features:        89 (SIFT)
I20261002 19:58:19.446181  5744 feature_extraction.cc:270] Processed file [34/127]
I20261002 19:58:19.446446  5744 feature_extraction.cc:273]   Name:            000032.png
I20261002 19:58:19.446654  5744 feature_extraction.cc:282]   Dimensions:      256 x 256
I20261002 19:58:19.446808  5744 feature_extraction.cc:285]   Camera:          #1 - SIMPLE_RADIAL
I20261002 19:58:19.446955  5744 feature_extraction.cc:289]   Focal Length:    307.20px
I20261002 19:58:19.447129  5744 feature_extraction.cc:294]   Features:        90 (SIFT)
I20261002 19:58:19.449289  5744 feature_extraction.cc:270] Processed file [35/127]
I20261002 19:58:19.449526  5744 feature_extraction.cc:273]   Name:            000034.png
I20261002 19:58:19.449894  5744 feature_extraction.cc:282]   Dimensions:      256 x 256
I20261002 19:58:19.450117  5744 feature_extraction.cc:285]   Camera:          #1 - SIMPLE_RADIAL
I20261002 19:58:19.450303  5744 feature_extraction.cc:289]   Focal Length:    307.20px
I20261002 19:58:19.450458  5744 feature_extraction.cc:294]   Features:        85 (SIFT)
I20261002 19:58:19.452502  5744 feature_extraction.cc:270] Processed file [36/127]
I20261002 19:58:19.452750  5744 feature_extraction.cc:273]   Name:            000035.png
I20261002 19:58:19.452918  5744 feature_extraction.cc:282]   Dimensions:      256 x 256
I20261002 19:58:19.453099  5744 feature_extraction.cc:285]   Camera:          #1 - SIMPLE_RADIAL
I20261002 19:58:19.453269  5744 feature_extraction.cc:289]   Focal Length:    307.20px
I20261002 19:58:19.453443  5744 feature_extraction.cc:294]   Features:        87 (SIFT)
I20261002 19:58:19.455651  5744 feature_extraction.cc:270] Processed file [37/127]
I20261002 19:58:19.455959  5744 feature_extraction.cc:273]   Name:            000038.png
I20261002 19:58:19.456183  5744 feature_extraction.cc:282]   Dimensions:      256 x 256
I20261002 19:58:19.456365  5744 feature_extraction.cc:285]   Camera:          #1 - SIMPLE_RADIAL
I20261002 19:58:19.456513  5744 feature_extraction.cc:289]   Focal Length:    307.20px
I20261002 19:58:19.456660  5744 feature_extraction.cc:294]   Features:        77 (SIFT)
I20261002 19:58:19.457902  5744 feature_extraction.cc:270] Processed file [38/127]
I20261002 19:58:19.458130  5744 feature_extraction.cc:273]   Name:            000036.png
I20261002 19:58:19.458320  5744 feature_extraction.cc:282]   Dimensions:      256 x 256
I20261002 19:58:19.458516  5744 feature_extraction.cc:285]   Camera:          #1 - SIMPLE_RADIAL
I20261002 19:58:19.458718  5744 feature_extraction.cc:289]   Focal Length:    307.20px
I20261002 19:58:19.458887  5744 feature_extraction.cc:294]   Features:        86 (SIFT)
I20261002 19:58:19.459999  5744 feature_extraction.cc:270] Processed file [39/127]
I20261002 19:58:19.460202  5744 feature_extraction.cc:273]   Name:            000039.png
I20261002 19:58:19.460384  5744 feature_extraction.cc:282]   Dimensions:      256 x 256
I20261002 19:58:19.460541  5744 feature_extraction.cc:285]   Camera:          #1 - SIMPLE_RADIAL
I20261002 19:58:19.460690  5744 feature_extraction.cc:289]   Focal Length:    307.20px
I20261002 19:58:19.460892  5744 feature_extraction.cc:294]   Features:        88 (SIFT)
I20261002 19:58:19.461770  5744 feature_extraction.cc:270] Processed file [40/127]
I20261002 19:58:19.462013  5744 feature_extraction.cc:273]   Name:            000041.png
I20261002 19:58:19.462239  5744 feature_extraction.cc:282]   Dimensions:      256 x 256
I20261002 19:58:19.462468  5744 feature_extraction.cc:285]   Camera:          #1 - SIMPLE_RADIAL
I20261002 19:58:19.462651  5744 feature_extraction.cc:289]   Focal Length:    307.20px
I20261002 19:58:19.462842  5744 feature_extraction.cc:294]   Features:        83 (SIFT)
I20261002 19:58:19.463959  5744 feature_extraction.cc:270] Processed file [41/127]
I20261002 19:58:19.464205  5744 feature_extraction.cc:273]   Name:            000037.png
I20261002 19:58:19.464416  5744 feature_extraction.cc:282]   Dimensions:      256 x 256
I20261002 19:58:19.464743  5744 feature_extraction.cc:285]   Camera:          #1 - SIMPLE_RADIAL
I20261002 19:58:19.464989  5744 feature_extraction.cc:289]   Focal Length:    307.20px
I20261002 19:58:19.465257  5744 feature_extraction.cc:294]   Features:        85 (SIFT)
I20261002 19:58:19.467181  5744 feature_extraction.cc:270] Processed file [42/127]
I20261002 19:58:19.467556  5744 feature_extraction.cc:273]   Name:            000040.png
I20261002 19:58:19.467790  5744 feature_extraction.cc:282]   Dimensions:      256 x 256
I20261002 19:58:19.468042  5744 feature_extraction.cc:285]   Camera:          #1 - SIMPLE_RADIAL
I20261002 19:58:19.468316  5744 feature_extraction.cc:289]   Focal Length:    307.20px
I20261002 19:58:19.468566  5744 feature_extraction.cc:294]   Features:        87 (SIFT)
I20261002 19:58:19.469688  5744 feature_extraction.cc:270] Processed file [43/127]
I20261002 19:58:19.469995  5744 feature_extraction.cc:273]   Name:            000042.png
I20261002 19:58:19.470260  5744 feature_extraction.cc:282]   Dimensions:      256 x 256
I20261002 19:58:19.470513  5744 feature_extraction.cc:285]   Camera:          #1 - SIMPLE_RADIAL
I20261002 19:58:19.470793  5744 feature_extraction.cc:289]   Focal Length:    307.20px
I20261002 19:58:19.471018  5744 feature_extraction.cc:294]   Features:        84 (SIFT)
I20261002 19:58:19.472795  5744 feature_extraction.cc:270] Processed file [44/127]
I20261002 19:58:19.473088  5744 feature_extraction.cc:273]   Name:            000045.png
I20261002 19:58:19.473339  5744 feature_extraction.cc:282]   Dimensions:      256 x 256
I20261002 19:58:19.473576  5744 feature_extraction.cc:285]   Camera:          #1 - SIMPLE_RADIAL
I20261002 19:58:19.473814  5744 feature_extraction.cc:289]   Focal Length:    307.20px
I20261002 19:58:19.474023  5744 feature_extraction.cc:294]   Features:        83 (SIFT)
I20261002 19:58:19.475946  5744 feature_extraction.cc:270] Processed file [45/127]
I20261002 19:58:19.476283  5744 feature_extraction.cc:273]   Name:            000044.png
I20261002 19:58:19.476534  5744 feature_extraction.cc:282]   Dimensions:      256 x 256
I20261002 19:58:19.476780  5744 feature_extraction.cc:285]   Camera:          #1 - SIMPLE_RADIAL
I20261002 19:58:19.477022  5744 feature_extraction.cc:289]   Focal Length:    307.20px
I20261002 19:58:19.477239  5744 feature_extraction.cc:294]   Features:        83 (SIFT)
I20261002 19:58:19.478238  5744 feature_extraction.cc:270] Processed file [46/127]
I20261002 19:58:19.478491  5744 feature_extraction.cc:273]   Name:            000046.png
I20261002 19:58:19.478716  5744 feature_extraction.cc:282]   Dimensions:      256 x 256
I20261002 19:58:19.478919  5744 feature_extraction.cc:285]   Camera:          #1 - SIMPLE_RADIAL
I20261002 19:58:19.479123  5744 feature_extraction.cc:289]   Focal Length:    307.20px
I20261002 19:58:19.479318  5744 feature_extraction.cc:294]   Features:        80 (SIFT)
I20261002 19:58:19.480422  5744 feature_extraction.cc:270] Processed file [47/127]
I20261002 19:58:19.480663  5744 feature_extraction.cc:273]   Name:            000043.png
I20261002 19:58:19.480802  5744 feature_extraction.cc:282]   Dimensions:      256 x 256
I20261002 19:58:19.481017  5744 feature_extraction.cc:285]   Camera:          #1 - SIMPLE_RADIAL
I20261002 19:58:19.481208  5744 feature_extraction.cc:289]   Focal Length:    307.20px
I20261002 19:58:19.481423  5744 feature_extraction.cc:294]   Features:        89 (SIFT)
I20261002 19:58:19.483701  5744 feature_extraction.cc:270] Processed file [48/127]
I20261002 19:58:19.484006  5744 feature_extraction.cc:273]   Name:            000048.png
I20261002 19:58:19.484248  5744 feature_extraction.cc:282]   Dimensions:      256 x 256
I20261002 19:58:19.484409  5744 feature_extraction.cc:285]   Camera:          #1 - SIMPLE_RADIAL
I20261002 19:58:19.484601  5744 feature_extraction.cc:289]   Focal Length:    307.20px
I20261002 19:58:19.484836  5744 feature_extraction.cc:294]   Features:        85 (SIFT)
I20261002 19:58:19.485981  5744 feature_extraction.cc:270] Processed file [49/127]
I20261002 19:58:19.486241  5744 feature_extraction.cc:273]   Name:            000049.png
I20261002 19:58:19.486438  5744 feature_extraction.cc:282]   Dimensions:      256 x 256
I20261002 19:58:19.486652  5744 feature_extraction.cc:285]   Camera:          #1 - SIMPLE_RADIAL
I20261002 19:58:19.486874  5744 feature_extraction.cc:289]   Focal Length:    307.20px
I20261002 19:58:19.487106  5744 feature_extraction.cc:294]   Features:        72 (SIFT)
I20261002 19:58:19.489143  5744 feature_extraction.cc:270] Processed file [50/127]
I20261002 19:58:19.489476  5744 feature_extraction.cc:273]   Name:            000047.png
I20261002 19:58:19.489738  5744 feature_extraction.cc:282]   Dimensions:      256 x 256
I20261002 19:58:19.489938  5744 feature_extraction.cc:285]   Camera:          #1 - SIMPLE_RADIAL
I20261002 19:58:19.490145  5744 feature_extraction.cc:289]   Focal Length:    307.20px
I20261002 19:58:19.490318  5744 feature_extraction.cc:294]   Features:        92 (SIFT)
I20261002 19:58:19.491292  5744 feature_extraction.cc:270] Processed file [51/127]
I20261002 19:58:19.491552  5744 feature_extraction.cc:273]   Name:            000051.png
I20261002 19:58:19.491768  5744 feature_extraction.cc:282]   Dimensions:      256 x 256
I20261002 19:58:19.491902  5744 feature_extraction.cc:285]   Camera:          #1 - SIMPLE_RADIAL
I20261002 19:58:19.491983  5744 feature_extraction.cc:289]   Focal Length:    307.20px
I20261002 19:58:19.492158  5744 feature_extraction.cc:294]   Features:        76 (SIFT)
I20261002 19:58:19.494950  5744 feature_extraction.cc:270] Processed file [52/127]
I20261002 19:58:19.495236  5744 feature_extraction.cc:273]   Name:            000053.png
I20261002 19:58:19.495428  5744 feature_extraction.cc:282]   Dimensions:      256 x 256
I20261002 19:58:19.495594  5744 feature_extraction.cc:285]   Camera:          #1 - SIMPLE_RADIAL
I20261002 19:58:19.495744  5744 feature_extraction.cc:289]   Focal Length:    307.20px
I20261002 19:58:19.495902  5744 feature_extraction.cc:294]   Features:        89 (SIFT)
I20261002 19:58:19.497048  5744 feature_extraction.cc:270] Processed file [53/127]
I20261002 19:58:19.497235  5744 feature_extraction.cc:273]   Name:            000050.png
I20261002 19:58:19.497322  5744 feature_extraction.cc:282]   Dimensions:      256 x 256
I20261002 19:58:19.497395  5744 feature_extraction.cc:285]   Camera:          #1 - SIMPLE_RADIAL
I20261002 19:58:19.497468  5744 feature_extraction.cc:289]   Focal Length:    307.20px
I20261002 19:58:19.497545  5744 feature_extraction.cc:294]   Features:        85 (SIFT)
I20261002 19:58:19.500309  5744 feature_extraction.cc:270] Processed file [54/127]
I20261002 19:58:19.500609  5744 feature_extraction.cc:273]   Name:            000052.png
I20261002 19:58:19.500829  5744 feature_extraction.cc:282]   Dimensions:      256 x 256
I20261002 19:58:19.501038  5744 feature_extraction.cc:285]   Camera:          #1 - SIMPLE_RADIAL
I20261002 19:58:19.501200  5744 feature_extraction.cc:289]   Focal Length:    307.20px
I20261002 19:58:19.501384  5744 feature_extraction.cc:294]   Features:        85 (SIFT)
I20261002 19:58:19.502420  5744 feature_extraction.cc:270] Processed file [55/127]
I20261002 19:58:19.502585  5744 feature_extraction.cc:273]   Name:            000054.png
I20261002 19:58:19.502752  5744 feature_extraction.cc:282]   Dimensions:      256 x 256
I20261002 19:58:19.502959  5744 feature_extraction.cc:285]   Camera:          #1 - SIMPLE_RADIAL
I20261002 19:58:19.503064  5744 feature_extraction.cc:289]   Focal Length:    307.20px
I20261002 19:58:19.503189  5744 feature_extraction.cc:294]   Features:        93 (SIFT)
I20261002 19:58:19.505408  5744 feature_extraction.cc:270] Processed file [56/127]
I20261002 19:58:19.505757  5744 feature_extraction.cc:273]   Name:            000055.png
I20261002 19:58:19.506008  5744 feature_extraction.cc:282]   Dimensions:      256 x 256
I20261002 19:58:19.506227  5744 feature_extraction.cc:285]   Camera:          #1 - SIMPLE_RADIAL
I20261002 19:58:19.506443  5744 feature_extraction.cc:289]   Focal Length:    307.20px
I20261002 19:58:19.506647  5744 feature_extraction.cc:294]   Features:        77 (SIFT)
I20261002 19:58:19.507673  5744 feature_extraction.cc:270] Processed file [57/127]
I20261002 19:58:19.507938  5744 feature_extraction.cc:273]   Name:            000056.png
I20261002 19:58:19.508183  5744 feature_extraction.cc:282]   Dimensions:      256 x 256
I20261002 19:58:19.508391  5744 feature_extraction.cc:285]   Camera:          #1 - SIMPLE_RADIAL
I20261002 19:58:19.508588  5744 feature_extraction.cc:289]   Focal Length:    307.20px
I20261002 19:58:19.508759  5744 feature_extraction.cc:294]   Features:        77 (SIFT)
I20261002 19:58:19.509897  5744 feature_extraction.cc:270] Processed file [58/127]
I20261002 19:58:19.510149  5744 feature_extraction.cc:273]   Name:            000058.png
I20261002 19:58:19.510348  5744 feature_extraction.cc:282]   Dimensions:      256 x 256
I20261002 19:58:19.510477  5744 feature_extraction.cc:285]   Camera:          #1 - SIMPLE_RADIAL
I20261002 19:58:19.510580  5744 feature_extraction.cc:289]   Focal Length:    307.20px
I20261002 19:58:19.510786  5744 feature_extraction.cc:294]   Features:        80 (SIFT)
I20261002 19:58:19.512033  5744 feature_extraction.cc:270] Processed file [59/127]
I20261002 19:58:19.512274  5744 feature_extraction.cc:273]   Name:            000061.png
I20261002 19:58:19.512462  5744 feature_extraction.cc:282]   Dimensions:      256 x 256
I20261002 19:58:19.512639  5744 feature_extraction.cc:285]   Camera:          #1 - SIMPLE_RADIAL
I20261002 19:58:19.512827  5744 feature_extraction.cc:289]   Focal Length:    307.20px
I20261002 19:58:19.513006  5744 feature_extraction.cc:294]   Features:        74 (SIFT)
I20261002 19:58:19.514227  5744 feature_extraction.cc:270] Processed file [60/127]
I20261002 19:58:19.514482  5744 feature_extraction.cc:273]   Name:            000059.png
I20261002 19:58:19.514650  5744 feature_extraction.cc:282]   Dimensions:      256 x 256
I20261002 19:58:19.514827  5744 feature_extraction.cc:285]   Camera:          #1 - SIMPLE_RADIAL
I20261002 19:58:19.514997  5744 feature_extraction.cc:289]   Focal Length:    307.20px
I20261002 19:58:19.515173  5744 feature_extraction.cc:294]   Features:        84 (SIFT)
I20261002 19:58:19.516597  5744 feature_extraction.cc:270] Processed file [61/127]
I20261002 19:58:19.516914  5744 feature_extraction.cc:273]   Name:            000060.png
I20261002 19:58:19.517101  5744 feature_extraction.cc:282]   Dimensions:      256 x 256
I20261002 19:58:19.517279  5744 feature_extraction.cc:285]   Camera:          #1 - SIMPLE_RADIAL
I20261002 19:58:19.517460  5744 feature_extraction.cc:289]   Focal Length:    307.20px
I20261002 19:58:19.517626  5744 feature_extraction.cc:294]   Features:        92 (SIFT)
I20261002 19:58:19.518760  5744 feature_extraction.cc:270] Processed file [62/127]
I20261002 19:58:19.519006  5744 feature_extraction.cc:273]   Name:            000057.png
I20261002 19:58:19.519220  5744 feature_extraction.cc:282]   Dimensions:      256 x 256
I20261002 19:58:19.519406  5744 feature_extraction.cc:285]   Camera:          #1 - SIMPLE_RADIAL
I20261002 19:58:19.519601  5744 feature_extraction.cc:289]   Focal Length:    307.20px
I20261002 19:58:19.519836  5744 feature_extraction.cc:294]   Features:        86 (SIFT)
I20261002 19:58:19.521167  5744 feature_extraction.cc:270] Processed file [63/127]
I20261002 19:58:19.521387  5744 feature_extraction.cc:273]   Name:            000062.png
I20261002 19:58:19.521516  5744 feature_extraction.cc:282]   Dimensions:      256 x 256
I20261002 19:58:19.521725  5744 feature_extraction.cc:285]   Camera:          #1 - SIMPLE_RADIAL
I20261002 19:58:19.521898  5744 feature_extraction.cc:289]   Focal Length:    307.20px
I20261002 19:58:19.522075  5744 feature_extraction.cc:294]   Features:        78 (SIFT)
I20261002 19:58:19.524458  5744 feature_extraction.cc:270] Processed file [64/127]
I20261002 19:58:19.524839  5744 feature_extraction.cc:273]   Name:            000063.png
I20261002 19:58:19.525091  5744 feature_extraction.cc:282]   Dimensions:      256 x 256
I20261002 19:58:19.525337  5744 feature_extraction.cc:285]   Camera:          #1 - SIMPLE_RADIAL
I20261002 19:58:19.525582  5744 feature_extraction.cc:289]   Focal Length:    307.20px
I20261002 19:58:19.525789  5744 feature_extraction.cc:294]   Features:        84 (SIFT)
I20261002 19:58:19.527786  5744 feature_extraction.cc:270] Processed file [65/127]
I20261002 19:58:19.528055  5744 feature_extraction.cc:273]   Name:            000064.png
I20261002 19:58:19.528252  5744 feature_extraction.cc:282]   Dimensions:      256 x 256
I20261002 19:58:19.528459  5744 feature_extraction.cc:285]   Camera:          #1 - SIMPLE_RADIAL
I20261002 19:58:19.528707  5744 feature_extraction.cc:289]   Focal Length:    307.20px
I20261002 19:58:19.528935  5744 feature_extraction.cc:294]   Features:        98 (SIFT)
I20261002 19:58:19.531161  5744 feature_extraction.cc:270] Processed file [66/127]
I20261002 19:58:19.531490  5744 feature_extraction.cc:273]   Name:            000066.png
I20261002 19:58:19.531724  5744 feature_extraction.cc:282]   Dimensions:      256 x 256
I20261002 19:58:19.531904  5744 feature_extraction.cc:285]   Camera:          #1 - SIMPLE_RADIAL
I20261002 19:58:19.532134  5744 feature_extraction.cc:289]   Focal Length:    307.20px
I20261002 19:58:19.532357  5744 feature_extraction.cc:294]   Features:        85 (SIFT)
I20261002 19:58:19.533603  5744 feature_extraction.cc:270] Processed file [67/127]
I20261002 19:58:19.535197  5744 feature_extraction.cc:273]   Name:            000065.png
I20261002 19:58:19.536911  5744 feature_extraction.cc:282]   Dimensions:      256 x 256
I20261002 19:58:19.537124  5744 feature_extraction.cc:285]   Camera:          #1 - SIMPLE_RADIAL
I20261002 19:58:19.537270  5744 feature_extraction.cc:289]   Focal Length:    307.20px
I20261002 19:58:19.537407  5744 feature_extraction.cc:294]   Features:        92 (SIFT)
I20261002 19:58:19.538834  5744 feature_extraction.cc:270] Processed file [68/127]
I20261002 19:58:19.539062  5744 feature_extraction.cc:273]   Name:            000067.png
I20261002 19:58:19.539214  5744 feature_extraction.cc:282]   Dimensions:      256 x 256
I20261002 19:58:19.539457  5744 feature_extraction.cc:285]   Camera:          #1 - SIMPLE_RADIAL
I20261002 19:58:19.539631  5744 feature_extraction.cc:289]   Focal Length:    307.20px
I20261002 19:58:19.539770  5744 feature_extraction.cc:294]   Features:        95 (SIFT)
I20261002 19:58:19.545728  5744 feature_extraction.cc:270] Processed file [69/127]
I20261002 19:58:19.546049  5744 feature_extraction.cc:273]   Name:            000068.png
I20261002 19:58:19.546224  5744 feature_extraction.cc:282]   Dimensions:      256 x 256
I20261002 19:58:19.546389  5744 feature_extraction.cc:285]   Camera:          #1 - SIMPLE_RADIAL
I20261002 19:58:19.546559  5744 feature_extraction.cc:289]   Focal Length:    307.20px
I20261002 19:58:19.546795  5744 feature_extraction.cc:294]   Features:        86 (SIFT)
I20261002 19:58:19.549004  5744 feature_extraction.cc:270] Processed file [70/127]
I20261002 19:58:19.549322  5744 feature_extraction.cc:273]   Name:            000069.png
I20261002 19:58:19.549536  5744 feature_extraction.cc:282]   Dimensions:      256 x 256
I20261002 19:58:19.549749  5744 feature_extraction.cc:285]   Camera:          #1 - SIMPLE_RADIAL
I20261002 19:58:19.549957  5744 feature_extraction.cc:289]   Focal Length:    307.20px
I20261002 19:58:19.550124  5744 feature_extraction.cc:294]   Features:        80 (SIFT)
I20261002 19:58:19.552223  5744 feature_extraction.cc:270] Processed file [71/127]
I20261002 19:58:19.554832  5744 feature_extraction.cc:273]   Name:            000070.png
I20261002 19:58:19.555052  5744 feature_extraction.cc:282]   Dimensions:      256 x 256
I20261002 19:58:19.555236  5744 feature_extraction.cc:285]   Camera:          #1 - SIMPLE_RADIAL
I20261002 19:58:19.555444  5744 feature_extraction.cc:289]   Focal Length:    307.20px
I20261002 19:58:19.555682  5744 feature_extraction.cc:294]   Features:        96 (SIFT)
I20261002 19:58:19.556171  5744 feature_extraction.cc:270] Processed file [72/127]
I20261002 19:58:19.556419  5744 feature_extraction.cc:273]   Name:            000071.png
I20261002 19:58:19.556615  5744 feature_extraction.cc:282]   Dimensions:      256 x 256
I20261002 19:58:19.556770  5744 feature_extraction.cc:285]   Camera:          #1 - SIMPLE_RADIAL
I20261002 19:58:19.556903  5744 feature_extraction.cc:289]   Focal Length:    307.20px
I20261002 19:58:19.557033  5744 feature_extraction.cc:294]   Features:        105 (SIFT)
I20261002 19:58:19.559420  5744 feature_extraction.cc:270] Processed file [73/127]
I20261002 19:58:19.559728  5744 feature_extraction.cc:273]   Name:            000074.png
I20261002 19:58:19.559905  5744 feature_extraction.cc:282]   Dimensions:      256 x 256
I20261002 19:58:19.560060  5744 feature_extraction.cc:285]   Camera:          #1 - SIMPLE_RADIAL
I20261002 19:58:19.560681  5744 feature_extraction.cc:289]   Focal Length:    307.20px
I20261002 19:58:19.560998  5744 feature_extraction.cc:294]   Features:        98 (SIFT)
I20261002 19:58:19.564506  5744 feature_extraction.cc:270] Processed file [74/127]
I20261002 19:58:19.564861  5744 feature_extraction.cc:273]   Name:            000073.png
I20261002 19:58:19.565126  5744 feature_extraction.cc:282]   Dimensions:      256 x 256
I20261002 19:58:19.565292  5744 feature_extraction.cc:285]   Camera:          #1 - SIMPLE_RADIAL
I20261002 19:58:19.565481  5744 feature_extraction.cc:289]   Focal Length:    307.20px
I20261002 19:58:19.565723  5744 feature_extraction.cc:294]   Features:        110 (SIFT)
I20261002 19:58:19.566739  5744 feature_extraction.cc:270] Processed file [75/127]
I20261002 19:58:19.567037  5744 feature_extraction.cc:273]   Name:            000072.png
I20261002 19:58:19.567298  5744 feature_extraction.cc:282]   Dimensions:      256 x 256
I20261002 19:58:19.567541  5744 feature_extraction.cc:285]   Camera:          #1 - SIMPLE_RADIAL
I20261002 19:58:19.567731  5744 feature_extraction.cc:289]   Focal Length:    307.20px
I20261002 19:58:19.567913  5744 feature_extraction.cc:294]   Features:        107 (SIFT)
I20261002 19:58:19.568923  5744 feature_extraction.cc:270] Processed file [76/127]
I20261002 19:58:19.569571  5744 feature_extraction.cc:273]   Name:            000076.png
I20261002 19:58:19.572215  5744 feature_extraction.cc:282]   Dimensions:      256 x 256
I20261002 19:58:19.572509  5744 feature_extraction.cc:285]   Camera:          #1 - SIMPLE_RADIAL
I20261002 19:58:19.572741  5744 feature_extraction.cc:289]   Focal Length:    307.20px
I20261002 19:58:19.572955  5744 feature_extraction.cc:294]   Features:        103 (SIFT)
I20261002 19:58:19.573481  5744 feature_extraction.cc:270] Processed file [77/127]
I20261002 19:58:19.573674  5744 feature_extraction.cc:273]   Name:            000078.png
I20261002 19:58:19.573871  5744 feature_extraction.cc:282]   Dimensions:      256 x 256
I20261002 19:58:19.574018  5744 feature_extraction.cc:285]   Camera:          #1 - SIMPLE_RADIAL
I20261002 19:58:19.574161  5744 feature_extraction.cc:289]   Focal Length:    307.20px
I20261002 19:58:19.574313  5744 feature_extraction.cc:294]   Features:        92 (SIFT)
I20261002 19:58:19.576616  5744 feature_extraction.cc:270] Processed file [78/127]
I20261002 19:58:19.576903  5744 feature_extraction.cc:273]   Name:            000077.png
I20261002 19:58:19.577161  5744 feature_extraction.cc:282]   Dimensions:      256 x 256
I20261002 19:58:19.577397  5744 feature_extraction.cc:285]   Camera:          #1 - SIMPLE_RADIAL
I20261002 19:58:19.577637  5744 feature_extraction.cc:289]   Focal Length:    307.20px
I20261002 19:58:19.577871  5744 feature_extraction.cc:294]   Features:        97 (SIFT)
I20261002 19:58:19.579736  5744 feature_extraction.cc:270] Processed file [79/127]
I20261002 19:58:19.580009  5744 feature_extraction.cc:273]   Name:            000079.png
I20261002 19:58:19.580168  5744 feature_extraction.cc:282]   Dimensions:      256 x 256
I20261002 19:58:19.580363  5744 feature_extraction.cc:285]   Camera:          #1 - SIMPLE_RADIAL
I20261002 19:58:19.580541  5744 feature_extraction.cc:289]   Focal Length:    307.20px
I20261002 19:58:19.580713  5744 feature_extraction.cc:294]   Features:        101 (SIFT)
I20261002 19:58:19.581862  5744 feature_extraction.cc:270] Processed file [80/127]
I20261002 19:58:19.582064  5744 feature_extraction.cc:273]   Name:            000081.png
I20261002 19:58:19.582222  5744 feature_extraction.cc:282]   Dimensions:      256 x 256
I20261002 19:58:19.582378  5744 feature_extraction.cc:285]   Camera:          #1 - SIMPLE_RADIAL
I20261002 19:58:19.582556  5744 feature_extraction.cc:289]   Focal Length:    307.20px
I20261002 19:58:19.582744  5744 feature_extraction.cc:294]   Features:        94 (SIFT)
I20261002 19:58:19.583958  5744 feature_extraction.cc:270] Processed file [81/127]
I20261002 19:58:19.584289  5744 feature_extraction.cc:273]   Name:            000082.png
I20261002 19:58:19.584494  5744 feature_extraction.cc:282]   Dimensions:      256 x 256
I20261002 19:58:19.584667  5744 feature_extraction.cc:285]   Camera:          #1 - SIMPLE_RADIAL
I20261002 19:58:19.584858  5744 feature_extraction.cc:289]   Focal Length:    307.20px
I20261002 19:58:19.585048  5744 feature_extraction.cc:294]   Features:        119 (SIFT)
I20261002 19:58:19.586185  5744 feature_extraction.cc:270] Processed file [82/127]
I20261002 19:58:19.586488  5744 feature_extraction.cc:273]   Name:            000075.png
I20261002 19:58:19.586606  5744 feature_extraction.cc:282]   Dimensions:      256 x 256
I20261002 19:58:19.586693  5744 feature_extraction.cc:285]   Camera:          #1 - SIMPLE_RADIAL
I20261002 19:58:19.586805  5744 feature_extraction.cc:289]   Focal Length:    307.20px
I20261002 19:58:19.586956  5744 feature_extraction.cc:294]   Features:        87 (SIFT)
I20261002 19:58:19.588479  5744 feature_extraction.cc:270] Processed file [83/127]
I20261002 19:58:19.588715  5744 feature_extraction.cc:273]   Name:            000083.png
I20261002 19:58:19.588820  5744 feature_extraction.cc:282]   Dimensions:      256 x 256
I20261002 19:58:19.588902  5744 feature_extraction.cc:285]   Camera:          #1 - SIMPLE_RADIAL
I20261002 19:58:19.588980  5744 feature_extraction.cc:289]   Focal Length:    307.20px
I20261002 19:58:19.589204  5744 feature_extraction.cc:294]   Features:        114 (SIFT)
I20261002 19:58:19.591561  5744 feature_extraction.cc:270] Processed file [84/127]
I20261002 19:58:19.591894  5744 feature_extraction.cc:273]   Name:            000084.png
I20261002 19:58:19.592094  5744 feature_extraction.cc:282]   Dimensions:      256 x 256
I20261002 19:58:19.592283  5744 feature_extraction.cc:285]   Camera:          #1 - SIMPLE_RADIAL
I20261002 19:58:19.592468  5744 feature_extraction.cc:289]   Focal Length:    307.20px
I20261002 19:58:19.592660  5744 feature_extraction.cc:294]   Features:        120 (SIFT)
I20261002 19:58:19.593151  5744 feature_extraction.cc:270] Processed file [85/127]
I20261002 19:58:19.593394  5744 feature_extraction.cc:273]   Name:            000080.png
I20261002 19:58:19.593584  5744 feature_extraction.cc:282]   Dimensions:      256 x 256
I20261002 19:58:19.593749  5744 feature_extraction.cc:285]   Camera:          #1 - SIMPLE_RADIAL
I20261002 19:58:19.593910  5744 feature_extraction.cc:289]   Focal Length:    307.20px
I20261002 19:58:19.594079  5744 feature_extraction.cc:294]   Features:        96 (SIFT)
I20261002 19:58:19.594468  5744 feature_extraction.cc:270] Processed file [86/127]
I20261002 19:58:19.594681  5744 feature_extraction.cc:273]   Name:            000086.png
I20261002 19:58:19.594895  5744 feature_extraction.cc:282]   Dimensions:      256 x 256
I20261002 19:58:19.595044  5744 feature_extraction.cc:285]   Camera:          #1 - SIMPLE_RADIAL
I20261002 19:58:19.595124  5744 feature_extraction.cc:289]   Focal Length:    307.20px
I20261002 19:58:19.595300  5744 feature_extraction.cc:294]   Features:        123 (SIFT)
I20261002 19:58:19.595849  5744 feature_extraction.cc:270] Processed file [87/127]
I20261002 19:58:19.596098  5744 feature_extraction.cc:273]   Name:            000085.png
I20261002 19:58:19.596322  5744 feature_extraction.cc:282]   Dimensions:      256 x 256
I20261002 19:58:19.596469  5744 feature_extraction.cc:285]   Camera:          #1 - SIMPLE_RADIAL
I20261002 19:58:19.596588  5744 feature_extraction.cc:289]   Focal Length:    307.20px
I20261002 19:58:19.596734  5744 feature_extraction.cc:294]   Features:        132 (SIFT)
I20261002 19:58:19.597116  5744 feature_extraction.cc:270] Processed file [88/127]
I20261002 19:58:19.597319  5744 feature_extraction.cc:273]   Name:            000088.png
I20261002 19:58:19.597509  5744 feature_extraction.cc:282]   Dimensions:      256 x 256
I20261002 19:58:19.597751  5744 feature_extraction.cc:285]   Camera:          #1 - SIMPLE_RADIAL
I20261002 19:58:19.598024  5744 feature_extraction.cc:289]   Focal Length:    307.20px
I20261002 19:58:19.598210  5744 feature_extraction.cc:294]   Features:        149 (SIFT)
I20261002 19:58:19.598726  5744 feature_extraction.cc:270] Processed file [89/127]
I20261002 19:58:19.598970  5744 feature_extraction.cc:273]   Name:            000090.png
I20261002 19:58:19.599173  5744 feature_extraction.cc:282]   Dimensions:      256 x 256
I20261002 19:58:19.599343  5744 feature_extraction.cc:285]   Camera:          #1 - SIMPLE_RADIAL
I20261002 19:58:19.599502  5744 feature_extraction.cc:289]   Focal Length:    307.20px
I20261002 19:58:19.599712  5744 feature_extraction.cc:294]   Features:        140 (SIFT)
I20261002 19:58:19.600127  5744 feature_extraction.cc:270] Processed file [90/127]
I20261002 19:58:19.600303  5744 feature_extraction.cc:273]   Name:            000087.png
I20261002 19:58:19.600457  5744 feature_extraction.cc:282]   Dimensions:      256 x 256
I20261002 19:58:19.600596  5744 feature_extraction.cc:285]   Camera:          #1 - SIMPLE_RADIAL
I20261002 19:58:19.600739  5744 feature_extraction.cc:289]   Focal Length:    307.20px
I20261002 19:58:19.600917  5744 feature_extraction.cc:294]   Features:        139 (SIFT)
I20261002 19:58:19.601372  5744 feature_extraction.cc:270] Processed file [91/127]
I20261002 19:58:19.601563  5744 feature_extraction.cc:273]   Name:            000089.png
I20261002 19:58:19.601694  5744 feature_extraction.cc:282]   Dimensions:      256 x 256
I20261002 19:58:19.601824  5744 feature_extraction.cc:285]   Camera:          #1 - SIMPLE_RADIAL
I20261002 19:58:19.602100  5744 feature_extraction.cc:289]   Focal Length:    307.20px
I20261002 19:58:19.602309  5744 feature_extraction.cc:294]   Features:        158 (SIFT)
I20261002 19:58:19.603311  5744 feature_extraction.cc:270] Processed file [92/127]
I20261002 19:58:19.603581  5744 feature_extraction.cc:273]   Name:            000091.png
I20261002 19:58:19.603821  5744 feature_extraction.cc:282]   Dimensions:      256 x 256
I20261002 19:58:19.604001  5744 feature_extraction.cc:285]   Camera:          #1 - SIMPLE_RADIAL
I20261002 19:58:19.604155  5744 feature_extraction.cc:289]   Focal Length:    307.20px
I20261002 19:58:19.604307  5744 feature_extraction.cc:294]   Features:        156 (SIFT)
I20261002 19:58:19.610275  5744 feature_extraction.cc:270] Processed file [93/127]
I20261002 19:58:19.610610  5744 feature_extraction.cc:273]   Name:            000093.png
I20261002 19:58:19.610824  5744 feature_extraction.cc:282]   Dimensions:      256 x 256
I20261002 19:58:19.610988  5744 feature_extraction.cc:285]   Camera:          #1 - SIMPLE_RADIAL
I20261002 19:58:19.611145  5744 feature_extraction.cc:289]   Focal Length:    307.20px
I20261002 19:58:19.611303  5744 feature_extraction.cc:294]   Features:        147 (SIFT)
I20261002 19:58:19.614585  5744 feature_extraction.cc:270] Processed file [94/127]
I20261002 19:58:19.614890  5744 feature_extraction.cc:273]   Name:            000092.png
I20261002 19:58:19.615029  5744 feature_extraction.cc:282]   Dimensions:      256 x 256
I20261002 19:58:19.615162  5744 feature_extraction.cc:285]   Camera:          #1 - SIMPLE_RADIAL
I20261002 19:58:19.615284  5744 feature_extraction.cc:289]   Focal Length:    307.20px
I20261002 19:58:19.615403  5744 feature_extraction.cc:294]   Features:        159 (SIFT)
I20261002 19:58:19.616348  5744 feature_extraction.cc:270] Processed file [95/127]
I20261002 19:58:19.616581  5744 feature_extraction.cc:273]   Name:            000095.png
I20261002 19:58:19.616750  5744 feature_extraction.cc:282]   Dimensions:      256 x 256
I20261002 19:58:19.616948  5744 feature_extraction.cc:285]   Camera:          #1 - SIMPLE_RADIAL
I20261002 19:58:19.617150  5744 feature_extraction.cc:289]   Focal Length:    307.20px
I20261002 19:58:19.617319  5744 feature_extraction.cc:294]   Features:        135 (SIFT)
I20261002 19:58:19.619113  5744 feature_extraction.cc:270] Processed file [96/127]
I20261002 19:58:19.619419  5744 feature_extraction.cc:273]   Name:            000094.png
I20261002 19:58:19.619613  5744 feature_extraction.cc:282]   Dimensions:      256 x 256
I20261002 19:58:19.619876  5744 feature_extraction.cc:285]   Camera:          #1 - SIMPLE_RADIAL
I20261002 19:58:19.620032  5744 feature_extraction.cc:289]   Focal Length:    307.20px
I20261002 19:58:19.620148  5744 feature_extraction.cc:294]   Features:        158 (SIFT)
I20261002 19:58:19.627194  5744 feature_extraction.cc:270] Processed file [97/127]
I20261002 19:58:19.627514  5744 feature_extraction.cc:273]   Name:            000096.png
I20261002 19:58:19.627651  5744 feature_extraction.cc:282]   Dimensions:      256 x 256
I20261002 19:58:19.627823  5744 feature_extraction.cc:285]   Camera:          #1 - SIMPLE_RADIAL
I20261002 19:58:19.627951  5744 feature_extraction.cc:289]   Focal Length:    307.20px
I20261002 19:58:19.628076  5744 feature_extraction.cc:294]   Features:        150 (SIFT)
I20261002 19:58:19.633314  5744 feature_extraction.cc:270] Processed file [98/127]
I20261002 19:58:19.633647  5744 feature_extraction.cc:273]   Name:            000097.png
I20261002 19:58:19.633840  5744 feature_extraction.cc:282]   Dimensions:      256 x 256
I20261002 19:58:19.633998  5744 feature_extraction.cc:285]   Camera:          #1 - SIMPLE_RADIAL
I20261002 19:58:19.634134  5744 feature_extraction.cc:289]   Focal Length:    307.20px
I20261002 19:58:19.634267  5744 feature_extraction.cc:294]   Features:        157 (SIFT)
I20261002 19:58:19.636708  5744 feature_extraction.cc:270] Processed file [99/127]
I20261002 19:58:19.636959  5744 feature_extraction.cc:273]   Name:            000098.png
I20261002 19:58:19.637091  5744 feature_extraction.cc:282]   Dimensions:      256 x 256
I20261002 19:58:19.637210  5744 feature_extraction.cc:285]   Camera:          #1 - SIMPLE_RADIAL
I20261002 19:58:19.637332  5744 feature_extraction.cc:289]   Focal Length:    307.20px
I20261002 19:58:19.637452  5744 feature_extraction.cc:294]   Features:        186 (SIFT)
I20261002 19:58:19.639564  5744 feature_extraction.cc:270] Processed file [100/127]
I20261002 19:58:19.639797  5744 feature_extraction.cc:273]   Name:            000100.png
I20261002 19:58:19.640008  5744 feature_extraction.cc:282]   Dimensions:      256 x 256
I20261002 19:58:19.640136  5744 feature_extraction.cc:285]   Camera:          #1 - SIMPLE_RADIAL
I20261002 19:58:19.640247  5744 feature_extraction.cc:289]   Focal Length:    307.20px
I20261002 19:58:19.640357  5744 feature_extraction.cc:294]   Features:        193 (SIFT)
I20261002 19:58:19.641232  5744 feature_extraction.cc:270] Processed file [101/127]
I20261002 19:58:19.641409  5744 feature_extraction.cc:273]   Name:            000099.png
I20261002 19:58:19.641538  5744 feature_extraction.cc:282]   Dimensions:      256 x 256
I20261002 19:58:19.641661  5744 feature_extraction.cc:285]   Camera:          #1 - SIMPLE_RADIAL
I20261002 19:58:19.641767  5744 feature_extraction.cc:289]   Focal Length:    307.20px
I20261002 19:58:19.641874  5744 feature_extraction.cc:294]   Features:        168 (SIFT)
I20261002 19:58:19.648144  5744 feature_extraction.cc:270] Processed file [102/127]
I20261002 19:58:19.648452  5744 feature_extraction.cc:273]   Name:            000101.png
I20261002 19:58:19.648595  5744 feature_extraction.cc:282]   Dimensions:      256 x 256
I20261002 19:58:19.648717  5744 feature_extraction.cc:285]   Camera:          #1 - SIMPLE_RADIAL
I20261002 19:58:19.648859  5744 feature_extraction.cc:289]   Focal Length:    307.20px
I20261002 19:58:19.649004  5744 feature_extraction.cc:294]   Features:        200 (SIFT)
I20261002 19:58:19.649504  5744 feature_extraction.cc:270] Processed file [103/127]
I20261002 19:58:19.649664  5744 feature_extraction.cc:273]   Name:            000103.png
I20261002 19:58:19.649814  5744 feature_extraction.cc:282]   Dimensions:      256 x 256
I20261002 19:58:19.650023  5744 feature_extraction.cc:285]   Camera:          #1 - SIMPLE_RADIAL
I20261002 19:58:19.650183  5744 feature_extraction.cc:289]   Focal Length:    307.20px
I20261002 19:58:19.650338  5744 feature_extraction.cc:294]   Features:        199 (SIFT)
I20261002 19:58:19.650794  5744 feature_extraction.cc:270] Processed file [104/127]
I20261002 19:58:19.650938  5744 feature_extraction.cc:273]   Name:            000102.png
I20261002 19:58:19.651036  5744 feature_extraction.cc:282]   Dimensions:      256 x 256
I20261002 19:58:19.651136  5744 feature_extraction.cc:285]   Camera:          #1 - SIMPLE_RADIAL
I20261002 19:58:19.651246  5744 feature_extraction.cc:289]   Focal Length:    307.20px
I20261002 19:58:19.651343  5744 feature_extraction.cc:294]   Features:        205 (SIFT)
I20261002 19:58:19.652207  5744 feature_extraction.cc:270] Processed file [105/127]
I20261002 19:58:19.652475  5744 feature_extraction.cc:273]   Name:            000104.png
I20261002 19:58:19.652638  5744 feature_extraction.cc:282]   Dimensions:      256 x 256
I20261002 19:58:19.652765  5744 feature_extraction.cc:285]   Camera:          #1 - SIMPLE_RADIAL
I20261002 19:58:19.652886  5744 feature_extraction.cc:289]   Focal Length:    307.20px
I20261002 19:58:19.653042  5744 feature_extraction.cc:294]   Features:        205 (SIFT)
I20261002 19:58:19.661762  5744 feature_extraction.cc:270] Processed file [106/127]
I20261002 19:58:19.662118  5744 feature_extraction.cc:273]   Name:            000107.png
I20261002 19:58:19.662350  5744 feature_extraction.cc:282]   Dimensions:      256 x 256
I20261002 19:58:19.662512  5744 feature_extraction.cc:285]   Camera:          #1 - SIMPLE_RADIAL
I20261002 19:58:19.662635  5744 feature_extraction.cc:289]   Focal Length:    307.20px
I20261002 19:58:19.662761  5744 feature_extraction.cc:294]   Features:        229 (SIFT)
I20261002 19:58:19.663144  5744 feature_extraction.cc:270] Processed file [107/127]
I20261002 19:58:19.663315  5744 feature_extraction.cc:273]   Name:            000106.png
I20261002 19:58:19.663429  5744 feature_extraction.cc:282]   Dimensions:      256 x 256
I20261002 19:58:19.663689  5744 feature_extraction.cc:285]   Camera:          #1 - SIMPLE_RADIAL
I20261002 19:58:19.663849  5744 feature_extraction.cc:289]   Focal Length:    307.20px
I20261002 19:58:19.663961  5744 feature_extraction.cc:294]   Features:        244 (SIFT)
I20261002 19:58:19.666191  5744 feature_extraction.cc:270] Processed file [108/127]
I20261002 19:58:19.666432  5744 feature_extraction.cc:273]   Name:            000108.png
I20261002 19:58:19.666569  5744 feature_extraction.cc:282]   Dimensions:      256 x 256
I20261002 19:58:19.666696  5744 feature_extraction.cc:285]   Camera:          #1 - SIMPLE_RADIAL
I20261002 19:58:19.666824  5744 feature_extraction.cc:289]   Focal Length:    307.20px
I20261002 19:58:19.666971  5744 feature_extraction.cc:294]   Features:        207 (SIFT)
I20261002 19:58:19.669032  5744 feature_extraction.cc:270] Processed file [109/127]
I20261002 19:58:19.669299  5744 feature_extraction.cc:273]   Name:            000105.png
I20261002 19:58:19.669447  5744 feature_extraction.cc:282]   Dimensions:      256 x 256
I20261002 19:58:19.669602  5744 feature_extraction.cc:285]   Camera:          #1 - SIMPLE_RADIAL
I20261002 19:58:19.669761  5744 feature_extraction.cc:289]   Focal Length:    307.20px
I20261002 19:58:19.669899  5744 feature_extraction.cc:294]   Features:        237 (SIFT)
I20261002 19:58:19.672499  5744 feature_extraction.cc:270] Processed file [110/127]
I20261002 19:58:19.672813  5744 feature_extraction.cc:273]   Name:            000109.png
I20261002 19:58:19.673046  5744 feature_extraction.cc:282]   Dimensions:      256 x 256
I20261002 19:58:19.673260  5744 feature_extraction.cc:285]   Camera:          #1 - SIMPLE_RADIAL
I20261002 19:58:19.673466  5744 feature_extraction.cc:289]   Focal Length:    307.20px
I20261002 19:58:19.673667  5744 feature_extraction.cc:294]   Features:        248 (SIFT)
I20261002 19:58:19.674349  5744 feature_extraction.cc:270] Processed file [111/127]
I20261002 19:58:19.674566  5744 feature_extraction.cc:273]   Name:            000110.png
I20261002 19:58:19.674752  5744 feature_extraction.cc:282]   Dimensions:      256 x 256
I20261002 19:58:19.674934  5744 feature_extraction.cc:285]   Camera:          #1 - SIMPLE_RADIAL
I20261002 19:58:19.675099  5744 feature_extraction.cc:289]   Focal Length:    307.20px
I20261002 19:58:19.675264  5744 feature_extraction.cc:294]   Features:        289 (SIFT)
I20261002 19:58:19.678347  5744 feature_extraction.cc:270] Processed file [112/127]
I20261002 19:58:19.678511  5744 feature_extraction.cc:273]   Name:            000112.png
I20261002 19:58:19.678689  5744 feature_extraction.cc:282]   Dimensions:      256 x 256
I20261002 19:58:19.678859  5744 feature_extraction.cc:285]   Camera:          #1 - SIMPLE_RADIAL
I20261002 19:58:19.679030  5744 feature_extraction.cc:289]   Focal Length:    307.20px
I20261002 19:58:19.679250  5744 feature_extraction.cc:294]   Features:        264 (SIFT)
I20261002 19:58:19.681565  5744 feature_extraction.cc:270] Processed file [113/127]
I20261002 19:58:19.681795  5744 feature_extraction.cc:273]   Name:            000111.png
I20261002 19:58:19.681996  5744 feature_extraction.cc:282]   Dimensions:      256 x 256
I20261002 19:58:19.682166  5744 feature_extraction.cc:285]   Camera:          #1 - SIMPLE_RADIAL
I20261002 19:58:19.682320  5744 feature_extraction.cc:289]   Focal Length:    307.20px
I20261002 19:58:19.682477  5744 feature_extraction.cc:294]   Features:        260 (SIFT)
I20261002 19:58:19.684708  5744 feature_extraction.cc:270] Processed file [114/127]
I20261002 19:58:19.684868  5744 feature_extraction.cc:273]   Name:            000114.png
I20261002 19:58:19.685053  5744 feature_extraction.cc:282]   Dimensions:      256 x 256
I20261002 19:58:19.685229  5744 feature_extraction.cc:285]   Camera:          #1 - SIMPLE_RADIAL
I20261002 19:58:19.685383  5744 feature_extraction.cc:289]   Focal Length:    307.20px
I20261002 19:58:19.685532  5744 feature_extraction.cc:294]   Features:        259 (SIFT)
I20261002 19:58:19.692617  5744 feature_extraction.cc:270] Processed file [115/127]
I20261002 19:58:19.692882  5744 feature_extraction.cc:273]   Name:            000115.png
I20261002 19:58:19.693061  5744 feature_extraction.cc:282]   Dimensions:      256 x 256
I20261002 19:58:19.693218  5744 feature_extraction.cc:285]   Camera:          #1 - SIMPLE_RADIAL
I20261002 19:58:19.693369  5744 feature_extraction.cc:289]   Focal Length:    307.20px
I20261002 19:58:19.693546  5744 feature_extraction.cc:294]   Features:        281 (SIFT)
I20261002 19:58:19.696064  5744 feature_extraction.cc:270] Processed file [116/127]
I20261002 19:58:19.696270  5744 feature_extraction.cc:273]   Name:            000120.png
I20261002 19:58:19.696423  5744 feature_extraction.cc:282]   Dimensions:      256 x 256
I20261002 19:58:19.696578  5744 feature_extraction.cc:285]   Camera:          #1 - SIMPLE_RADIAL
I20261002 19:58:19.696731  5744 feature_extraction.cc:289]   Focal Length:    307.20px
I20261002 19:58:19.696882  5744 feature_extraction.cc:294]   Features:        206 (SIFT)
I20261002 19:58:19.697612  5744 feature_extraction.cc:270] Processed file [117/127]
I20261002 19:58:19.697836  5744 feature_extraction.cc:273]   Name:            000123.png
I20261002 19:58:19.698018  5744 feature_extraction.cc:282]   Dimensions:      256 x 256
I20261002 19:58:19.698222  5744 feature_extraction.cc:285]   Camera:          #1 - SIMPLE_RADIAL
I20261002 19:58:19.698422  5744 feature_extraction.cc:289]   Focal Length:    307.20px
I20261002 19:58:19.698613  5744 feature_extraction.cc:294]   Features:        175 (SIFT)
I20261002 19:58:19.699008  5744 feature_extraction.cc:270] Processed file [118/127]
I20261002 19:58:19.699222  5744 feature_extraction.cc:273]   Name:            000117.png
I20261002 19:58:19.699421  5744 feature_extraction.cc:282]   Dimensions:      256 x 256
I20261002 19:58:19.699623  5744 feature_extraction.cc:285]   Camera:          #1 - SIMPLE_RADIAL
I20261002 19:58:19.699803  5744 feature_extraction.cc:289]   Focal Length:    307.20px
I20261002 19:58:19.699969  5744 feature_extraction.cc:294]   Features:        240 (SIFT)
I20261002 19:58:19.700349  5744 feature_extraction.cc:270] Processed file [119/127]
I20261002 19:58:19.700526  5744 feature_extraction.cc:273]   Name:            000116.png
I20261002 19:58:19.700694  5744 feature_extraction.cc:282]   Dimensions:      256 x 256
I20261002 19:58:19.700922  5744 feature_extraction.cc:285]   Camera:          #1 - SIMPLE_RADIAL
I20261002 19:58:19.701104  5744 feature_extraction.cc:289]   Focal Length:    307.20px
I20261002 19:58:19.701245  5744 feature_extraction.cc:294]   Features:        248 (SIFT)
I20261002 19:58:19.701570  5744 feature_extraction.cc:270] Processed file [120/127]
I20261002 19:58:19.701723  5744 feature_extraction.cc:273]   Name:            000113.png
I20261002 19:58:19.701858  5744 feature_extraction.cc:282]   Dimensions:      256 x 256
I20261002 19:58:19.702075  5744 feature_extraction.cc:285]   Camera:          #1 - SIMPLE_RADIAL
I20261002 19:58:19.702216  5744 feature_extraction.cc:289]   Focal Length:    307.20px
I20261002 19:58:19.702362  5744 feature_extraction.cc:294]   Features:        259 (SIFT)
I20261002 19:58:19.702735  5744 feature_extraction.cc:270] Processed file [121/127]
I20261002 19:58:19.702900  5744 feature_extraction.cc:273]   Name:            000118.png
I20261002 19:58:19.703054  5744 feature_extraction.cc:282]   Dimensions:      256 x 256
I20261002 19:58:19.703202  5744 feature_extraction.cc:285]   Camera:          #1 - SIMPLE_RADIAL
I20261002 19:58:19.703344  5744 feature_extraction.cc:289]   Focal Length:    307.20px
I20261002 19:58:19.703496  5744 feature_extraction.cc:294]   Features:        233 (SIFT)
I20261002 19:58:19.703841  5744 feature_extraction.cc:270] Processed file [122/127]
I20261002 19:58:19.703963  5744 feature_extraction.cc:273]   Name:            000126.png
I20261002 19:58:19.704040  5744 feature_extraction.cc:282]   Dimensions:      256 x 256
I20261002 19:58:19.704110  5744 feature_extraction.cc:285]   Camera:          #1 - SIMPLE_RADIAL
I20261002 19:58:19.704171  5744 feature_extraction.cc:289]   Focal Length:    307.20px
I20261002 19:58:19.704237  5744 feature_extraction.cc:294]   Features:        181 (SIFT)
I20261002 19:58:19.704428  5744 feature_extraction.cc:270] Processed file [123/127]
I20261002 19:58:19.704514  5744 feature_extraction.cc:273]   Name:            000121.png
I20261002 19:58:19.704608  5744 feature_extraction.cc:282]   Dimensions:      256 x 256
I20261002 19:58:19.704741  5744 feature_extraction.cc:285]   Camera:          #1 - SIMPLE_RADIAL
I20261002 19:58:19.704868  5744 feature_extraction.cc:289]   Focal Length:    307.20px
I20261002 19:58:19.704960  5744 feature_extraction.cc:294]   Features:        179 (SIFT)
I20261002 19:58:19.705221  5744 feature_extraction.cc:270] Processed file [124/127]
I20261002 19:58:19.705356  5744 feature_extraction.cc:273]   Name:            000119.png
I20261002 19:58:19.705435  5744 feature_extraction.cc:282]   Dimensions:      256 x 256
I20261002 19:58:19.705498  5744 feature_extraction.cc:285]   Camera:          #1 - SIMPLE_RADIAL
I20261002 19:58:19.705557  5744 feature_extraction.cc:289]   Focal Length:    307.20px
I20261002 19:58:19.705619  5744 feature_extraction.cc:294]   Features:        219 (SIFT)
I20261002 19:58:19.706033  5744 feature_extraction.cc:270] Processed file [125/127]
I20261002 19:58:19.706128  5744 feature_extraction.cc:273]   Name:            000122.png
I20261002 19:58:19.706245  5744 feature_extraction.cc:282]   Dimensions:      256 x 256
I20261002 19:58:19.706341  5744 feature_extraction.cc:285]   Camera:          #1 - SIMPLE_RADIAL
I20261002 19:58:19.706412  5744 feature_extraction.cc:289]   Focal Length:    307.20px
I20261002 19:58:19.706483  5744 feature_extraction.cc:294]   Features:        184 (SIFT)
I20261002 19:58:19.706666  5744 feature_extraction.cc:270] Processed file [126/127]
I20261002 19:58:19.706747  5744 feature_extraction.cc:273]   Name:            000124.png
I20261002 19:58:19.706811  5744 feature_extraction.cc:282]   Dimensions:      256 x 256
I20261002 19:58:19.706873  5744 feature_extraction.cc:285]   Camera:          #1 - SIMPLE_RADIAL
I20261002 19:58:19.706943  5744 feature_extraction.cc:289]   Focal Length:    307.20px
I20261002 19:58:19.707005  5744 feature_extraction.cc:294]   Features:        182 (SIFT)
I20261002 19:58:19.707292  5744 feature_extraction.cc:270] Processed file [127/127]
I20261002 19:58:19.707388  5744 feature_extraction.cc:273]   Name:            000125.png
I20261002 19:58:19.707453  5744 feature_extraction.cc:282]   Dimensions:      256 x 256
I20261002 19:58:19.707504  5744 feature_extraction.cc:285]   Camera:          #1 - SIMPLE_RADIAL
I20261002 19:58:19.707553  5744 feature_extraction.cc:289]   Focal Length:    307.20px
I20261002 19:58:19.707603  5744 feature_extraction.cc:294]   Features:        181 (SIFT)
I20261002 19:58:19.707846 27512 timer.cc:90] Elapsed time: 0.008 [minutes]
I20261002 19:58:19.708594 27396 automatic_reconstruction.cc:282] === Feature matching ===
I20261002 19:58:19.708881 23216 feature_matching.cc:196] === Feature matching & geometric verification ===
I20261002 19:58:19.770386 26472 feature_matching_utils.cc:79] Bind FeatureMatcherWorker to GPU device 0
I20261002 19:58:19.770386 26348 feature_matching_utils.cc:79] Bind FeatureMatcherWorker to GPU device 0
I20261002 19:58:19.771184 26472 sift.cc:1679] Creating SIFT GPU feature matcher
I20261002 19:58:19.771190 26348 sift.cc:1679] Creating SIFT GPU feature matcher
I20261002 19:58:19.771533 23216 pairing.cc:438] Generating sequential image pairs...
I20261002 19:58:19.772187 23216 pairing.cc:249] Generating image pairs with vocabulary tree...
I20261002 19:58:19.772336 23216 pairing.cc:372] Indexing image [1/127]
I20261002 19:58:20.296443 23216 pairing.cc:389]  in 0.524s
I20261002 19:58:20.305650 23216 pairing.cc:372] Indexing image [2/127]
I20261002 19:58:20.310315 23216 pairing.cc:389]  in 0.005s
I20261002 19:58:20.310426 23216 pairing.cc:372] Indexing image [3/127]
I20261002 19:58:20.315244 23216 pairing.cc:389]  in 0.005s
I20261002 19:58:20.315373 23216 pairing.cc:372] Indexing image [4/127]
I20261002 19:58:20.319997 23216 pairing.cc:389]  in 0.005s
I20261002 19:58:20.320168 23216 pairing.cc:372] Indexing image [5/127]
I20261002 19:58:20.324867 23216 pairing.cc:389]  in 0.005s
I20261002 19:58:20.324957 23216 pairing.cc:372] Indexing image [6/127]
I20261002 19:58:20.329613 23216 pairing.cc:389]  in 0.005s
I20261002 19:58:20.329726 23216 pairing.cc:372] Indexing image [7/127]
I20261002 19:58:20.334420 23216 pairing.cc:389]  in 0.005s
I20261002 19:58:20.334545 23216 pairing.cc:372] Indexing image [8/127]
I20261002 19:58:20.339668 23216 pairing.cc:389]  in 0.005s
I20261002 19:58:20.339789 23216 pairing.cc:372] Indexing image [9/127]
I20261002 19:58:20.344608 23216 pairing.cc:389]  in 0.005s
I20261002 19:58:20.344736 23216 pairing.cc:372] Indexing image [10/127]
I20261002 19:58:20.349782 23216 pairing.cc:389]  in 0.005s
I20261002 19:58:20.349892 23216 pairing.cc:372] Indexing image [11/127]
I20261002 19:58:20.354805 23216 pairing.cc:389]  in 0.005s
I20261002 19:58:20.354920 23216 pairing.cc:372] Indexing image [12/127]
I20261002 19:58:20.360132 23216 pairing.cc:389]  in 0.005s
I20261002 19:58:20.360244 23216 pairing.cc:372] Indexing image [13/127]
I20261002 19:58:20.364643 23216 pairing.cc:389]  in 0.004s
I20261002 19:58:20.364734 23216 pairing.cc:372] Indexing image [14/127]
I20261002 19:58:20.369376 23216 pairing.cc:389]  in 0.005s
I20261002 19:58:20.369465 23216 pairing.cc:372] Indexing image [15/127]
I20261002 19:58:20.374793 23216 pairing.cc:389]  in 0.005s
I20261002 19:58:20.374919 23216 pairing.cc:372] Indexing image [16/127]
I20261002 19:58:20.380049 23216 pairing.cc:389]  in 0.005s
I20261002 19:58:20.380206 23216 pairing.cc:372] Indexing image [17/127]
I20261002 19:58:20.384770 23216 pairing.cc:389]  in 0.005s
I20261002 19:58:20.384871 23216 pairing.cc:372] Indexing image [18/127]
I20261002 19:58:20.388382 23216 pairing.cc:389]  in 0.004s
I20261002 19:58:20.388531 23216 pairing.cc:372] Indexing image [19/127]
I20261002 19:58:20.392304 23216 pairing.cc:389]  in 0.004s
I20261002 19:58:20.392489 23216 pairing.cc:372] Indexing image [20/127]
I20261002 19:58:20.397015 23216 pairing.cc:389]  in 0.005s
I20261002 19:58:20.397142 23216 pairing.cc:372] Indexing image [21/127]
I20261002 19:58:20.401928 23216 pairing.cc:389]  in 0.005s
I20261002 19:58:20.402208 23216 pairing.cc:372] Indexing image [22/127]
I20261002 19:58:20.405188 23216 pairing.cc:389]  in 0.003s
I20261002 19:58:20.405309 23216 pairing.cc:372] Indexing image [23/127]
I20261002 19:58:20.409542 23216 pairing.cc:389]  in 0.004s
I20261002 19:58:20.409681 23216 pairing.cc:372] Indexing image [24/127]
I20261002 19:58:20.413470 23216 pairing.cc:389]  in 0.004s
I20261002 19:58:20.413589 23216 pairing.cc:372] Indexing image [25/127]
I20261002 19:58:20.416787 23216 pairing.cc:389]  in 0.003s
I20261002 19:58:20.416901 23216 pairing.cc:372] Indexing image [26/127]
I20261002 19:58:20.420142 23216 pairing.cc:389]  in 0.003s
I20261002 19:58:20.420246 23216 pairing.cc:372] Indexing image [27/127]
I20261002 19:58:20.423687 23216 pairing.cc:389]  in 0.003s
I20261002 19:58:20.423773 23216 pairing.cc:372] Indexing image [28/127]
I20261002 19:58:20.426959 23216 pairing.cc:389]  in 0.003s
I20261002 19:58:20.427049 23216 pairing.cc:372] Indexing image [29/127]
I20261002 19:58:20.430355 23216 pairing.cc:389]  in 0.003s
I20261002 19:58:20.430439 23216 pairing.cc:372] Indexing image [30/127]
I20261002 19:58:20.434131 23216 pairing.cc:389]  in 0.004s
I20261002 19:58:20.434256 23216 pairing.cc:372] Indexing image [31/127]
I20261002 19:58:20.437446 23216 pairing.cc:389]  in 0.003s
I20261002 19:58:20.437538 23216 pairing.cc:372] Indexing image [32/127]
I20261002 19:58:20.440955 23216 pairing.cc:389]  in 0.003s
I20261002 19:58:20.441073 23216 pairing.cc:372] Indexing image [33/127]
I20261002 19:58:20.444455 23216 pairing.cc:389]  in 0.003s
I20261002 19:58:20.444615 23216 pairing.cc:372] Indexing image [34/127]
I20261002 19:58:20.448273 23216 pairing.cc:389]  in 0.004s
I20261002 19:58:20.448427 23216 pairing.cc:372] Indexing image [35/127]
I20261002 19:58:20.451540 23216 pairing.cc:389]  in 0.003s
I20261002 19:58:20.451671 23216 pairing.cc:372] Indexing image [36/127]
I20261002 19:58:20.454910 23216 pairing.cc:389]  in 0.003s
I20261002 19:58:20.455022 23216 pairing.cc:372] Indexing image [37/127]
I20261002 19:58:20.457941 23216 pairing.cc:389]  in 0.003s
I20261002 19:58:20.458056 23216 pairing.cc:372] Indexing image [38/127]
I20261002 19:58:20.461221 23216 pairing.cc:389]  in 0.003s
I20261002 19:58:20.461308 23216 pairing.cc:372] Indexing image [39/127]
I20261002 19:58:20.464541 23216 pairing.cc:389]  in 0.003s
I20261002 19:58:20.464654 23216 pairing.cc:372] Indexing image [40/127]
I20261002 19:58:20.467580 23216 pairing.cc:389]  in 0.003s
I20261002 19:58:20.467668 23216 pairing.cc:372] Indexing image [41/127]
I20261002 19:58:20.470810 23216 pairing.cc:389]  in 0.003s
I20261002 19:58:20.470917 23216 pairing.cc:372] Indexing image [42/127]
I20261002 19:58:20.474144 23216 pairing.cc:389]  in 0.003s
I20261002 19:58:20.474232 23216 pairing.cc:372] Indexing image [43/127]
I20261002 19:58:20.477503 23216 pairing.cc:389]  in 0.003s
I20261002 19:58:20.477644 23216 pairing.cc:372] Indexing image [44/127]
I20261002 19:58:20.480625 23216 pairing.cc:389]  in 0.003s
I20261002 19:58:20.480799 23216 pairing.cc:372] Indexing image [45/127]
I20261002 19:58:20.483716 23216 pairing.cc:389]  in 0.003s
I20261002 19:58:20.483822 23216 pairing.cc:372] Indexing image [46/127]
I20261002 19:58:20.486592 23216 pairing.cc:389]  in 0.003s
I20261002 19:58:20.486684 23216 pairing.cc:372] Indexing image [47/127]
I20261002 19:58:20.489884 23216 pairing.cc:389]  in 0.003s
I20261002 19:58:20.489976 23216 pairing.cc:372] Indexing image [48/127]
I20261002 19:58:20.492980 23216 pairing.cc:389]  in 0.003s
I20261002 19:58:20.493146 23216 pairing.cc:372] Indexing image [49/127]
I20261002 19:58:20.495938 23216 pairing.cc:389]  in 0.003s
I20261002 19:58:20.496043 23216 pairing.cc:372] Indexing image [50/127]
I20261002 19:58:20.499288 23216 pairing.cc:389]  in 0.003s
I20261002 19:58:20.499383 23216 pairing.cc:372] Indexing image [51/127]
I20261002 19:58:20.502393 23216 pairing.cc:389]  in 0.003s
I20261002 19:58:20.502503 23216 pairing.cc:372] Indexing image [52/127]
I20261002 19:58:20.505736 23216 pairing.cc:389]  in 0.003s
I20261002 19:58:20.505826 23216 pairing.cc:372] Indexing image [53/127]
I20261002 19:58:20.508816 23216 pairing.cc:389]  in 0.003s
I20261002 19:58:20.508926 23216 pairing.cc:372] Indexing image [54/127]
I20261002 19:58:20.512054 23216 pairing.cc:389]  in 0.003s
I20261002 19:58:20.512196 23216 pairing.cc:372] Indexing image [55/127]
I20261002 19:58:20.515368 23216 pairing.cc:389]  in 0.003s
I20261002 19:58:20.515458 23216 pairing.cc:372] Indexing image [56/127]
I20261002 19:58:20.518186 23216 pairing.cc:389]  in 0.003s
I20261002 19:58:20.518302 23216 pairing.cc:372] Indexing image [57/127]
I20261002 19:58:20.520999 23216 pairing.cc:389]  in 0.003s
I20261002 19:58:20.521103 23216 pairing.cc:372] Indexing image [58/127]
I20261002 19:58:20.523874 23216 pairing.cc:389]  in 0.003s
I20261002 19:58:20.523981 23216 pairing.cc:372] Indexing image [59/127]
I20261002 19:58:20.526536 23216 pairing.cc:389]  in 0.003s
I20261002 19:58:20.526621 23216 pairing.cc:372] Indexing image [60/127]
I20261002 19:58:20.529519 23216 pairing.cc:389]  in 0.003s
I20261002 19:58:20.529641 23216 pairing.cc:372] Indexing image [61/127]
I20261002 19:58:20.533080 23216 pairing.cc:389]  in 0.003s
I20261002 19:58:20.533181 23216 pairing.cc:372] Indexing image [62/127]
I20261002 19:58:20.536285 23216 pairing.cc:389]  in 0.003s
I20261002 19:58:20.536402 23216 pairing.cc:372] Indexing image [63/127]
I20261002 19:58:20.539087 23216 pairing.cc:389]  in 0.003s
I20261002 19:58:20.539172 23216 pairing.cc:372] Indexing image [64/127]
I20261002 19:58:20.542144 23216 pairing.cc:389]  in 0.003s
I20261002 19:58:20.542235 23216 pairing.cc:372] Indexing image [65/127]
I20261002 19:58:20.545841 23216 pairing.cc:389]  in 0.004s
I20261002 19:58:20.545933 23216 pairing.cc:372] Indexing image [66/127]
I20261002 19:58:20.548875 23216 pairing.cc:389]  in 0.003s
I20261002 19:58:20.548986 23216 pairing.cc:372] Indexing image [67/127]
I20261002 19:58:20.552201 23216 pairing.cc:389]  in 0.003s
I20261002 19:58:20.552300 23216 pairing.cc:372] Indexing image [68/127]
I20261002 19:58:20.555898 23216 pairing.cc:389]  in 0.004s
I20261002 19:58:20.556068 23216 pairing.cc:372] Indexing image [69/127]
I20261002 19:58:20.559122 23216 pairing.cc:389]  in 0.003s
I20261002 19:58:20.559215 23216 pairing.cc:372] Indexing image [70/127]
I20261002 19:58:20.562359 23216 pairing.cc:389]  in 0.003s
I20261002 19:58:20.562528 23216 pairing.cc:372] Indexing image [71/127]
I20261002 19:58:20.566140 23216 pairing.cc:389]  in 0.004s
I20261002 19:58:20.566403 23216 pairing.cc:372] Indexing image [72/127]
I20261002 19:58:20.570336 23216 pairing.cc:389]  in 0.004s
I20261002 19:58:20.570470 23216 pairing.cc:372] Indexing image [73/127]
I20261002 19:58:20.574248 23216 pairing.cc:389]  in 0.004s
I20261002 19:58:20.574392 23216 pairing.cc:372] Indexing image [74/127]
I20261002 19:58:20.578408 23216 pairing.cc:389]  in 0.004s
I20261002 19:58:20.578546 23216 pairing.cc:372] Indexing image [75/127]
I20261002 19:58:20.582270 23216 pairing.cc:389]  in 0.004s
I20261002 19:58:20.582453 23216 pairing.cc:372] Indexing image [76/127]
I20261002 19:58:20.586424 23216 pairing.cc:389]  in 0.004s
I20261002 19:58:20.586620 23216 pairing.cc:372] Indexing image [77/127]
I20261002 19:58:20.590001 23216 pairing.cc:389]  in 0.003s
I20261002 19:58:20.590090 23216 pairing.cc:372] Indexing image [78/127]
I20261002 19:58:20.593846 23216 pairing.cc:389]  in 0.004s
I20261002 19:58:20.593994 23216 pairing.cc:372] Indexing image [79/127]
I20261002 19:58:20.597971 23216 pairing.cc:389]  in 0.004s
I20261002 19:58:20.598111 23216 pairing.cc:372] Indexing image [80/127]
I20261002 19:58:20.601396 23216 pairing.cc:389]  in 0.003s
I20261002 19:58:20.601501 23216 pairing.cc:372] Indexing image [81/127]
I20261002 19:58:20.606038 23216 pairing.cc:389]  in 0.005s
I20261002 19:58:20.606233 23216 pairing.cc:372] Indexing image [82/127]
I20261002 19:58:20.609705 23216 pairing.cc:389]  in 0.003s
I20261002 19:58:20.609927 23216 pairing.cc:372] Indexing image [83/127]
I20261002 19:58:20.614395 23216 pairing.cc:389]  in 0.004s
I20261002 19:58:20.614535 23216 pairing.cc:372] Indexing image [84/127]
I20261002 19:58:20.619453 23216 pairing.cc:389]  in 0.005s
I20261002 19:58:20.619580 23216 pairing.cc:372] Indexing image [85/127]
I20261002 19:58:20.623239 23216 pairing.cc:389]  in 0.004s
I20261002 19:58:20.623439 23216 pairing.cc:372] Indexing image [86/127]
I20261002 19:58:20.628192 23216 pairing.cc:389]  in 0.005s
I20261002 19:58:20.628404 23216 pairing.cc:372] Indexing image [87/127]
I20261002 19:58:20.633423 23216 pairing.cc:389]  in 0.005s
I20261002 19:58:20.633576 23216 pairing.cc:372] Indexing image [88/127]
I20261002 19:58:20.639442 23216 pairing.cc:389]  in 0.006s
I20261002 19:58:20.639586 23216 pairing.cc:372] Indexing image [89/127]
I20261002 19:58:20.644704 23216 pairing.cc:389]  in 0.005s
I20261002 19:58:20.644817 23216 pairing.cc:372] Indexing image [90/127]
I20261002 19:58:20.649940 23216 pairing.cc:389]  in 0.005s
I20261002 19:58:20.650087 23216 pairing.cc:372] Indexing image [91/127]
I20261002 19:58:20.655731 23216 pairing.cc:389]  in 0.006s
I20261002 19:58:20.655949 23216 pairing.cc:372] Indexing image [92/127]
I20261002 19:58:20.661629 23216 pairing.cc:389]  in 0.006s
I20261002 19:58:20.661826 23216 pairing.cc:372] Indexing image [93/127]
I20261002 19:58:20.667549 23216 pairing.cc:389]  in 0.006s
I20261002 19:58:20.667699 23216 pairing.cc:372] Indexing image [94/127]
I20261002 19:58:20.673712 23216 pairing.cc:389]  in 0.006s
I20261002 19:58:20.673853 23216 pairing.cc:372] Indexing image [95/127]
I20261002 19:58:20.678848 23216 pairing.cc:389]  in 0.005s
I20261002 19:58:20.679061 23216 pairing.cc:372] Indexing image [96/127]
I20261002 19:58:20.685088 23216 pairing.cc:389]  in 0.006s
I20261002 19:58:20.685217 23216 pairing.cc:372] Indexing image [97/127]
I20261002 19:58:20.690768 23216 pairing.cc:389]  in 0.006s
I20261002 19:58:20.690958 23216 pairing.cc:372] Indexing image [98/127]
I20261002 19:58:20.696994 23216 pairing.cc:389]  in 0.006s
I20261002 19:58:20.697224 23216 pairing.cc:372] Indexing image [99/127]
I20261002 19:58:20.704315 23216 pairing.cc:389]  in 0.007s
I20261002 19:58:20.704496 23216 pairing.cc:372] Indexing image [100/127]
I20261002 19:58:20.711907 23216 pairing.cc:389]  in 0.007s
I20261002 19:58:20.712128 23216 pairing.cc:372] Indexing image [101/127]
I20261002 19:58:20.718993 23216 pairing.cc:389]  in 0.007s
I20261002 19:58:20.719197 23216 pairing.cc:372] Indexing image [102/127]
I20261002 19:58:20.726772 23216 pairing.cc:389]  in 0.008s
I20261002 19:58:20.726943 23216 pairing.cc:372] Indexing image [103/127]
I20261002 19:58:20.734506 23216 pairing.cc:389]  in 0.008s
I20261002 19:58:20.734666 23216 pairing.cc:372] Indexing image [104/127]
I20261002 19:58:20.742253 23216 pairing.cc:389]  in 0.008s
I20261002 19:58:20.742408 23216 pairing.cc:372] Indexing image [105/127]
I20261002 19:58:20.750344 23216 pairing.cc:389]  in 0.008s
I20261002 19:58:20.750510 23216 pairing.cc:372] Indexing image [106/127]
I20261002 19:58:20.759343 23216 pairing.cc:389]  in 0.009s
I20261002 19:58:20.759589 23216 pairing.cc:372] Indexing image [107/127]
I20261002 19:58:20.768949 23216 pairing.cc:389]  in 0.009s
I20261002 19:58:20.769135 23216 pairing.cc:372] Indexing image [108/127]
I20261002 19:58:20.776435 23216 pairing.cc:389]  in 0.007s
I20261002 19:58:20.776602 23216 pairing.cc:372] Indexing image [109/127]
I20261002 19:58:20.784933 23216 pairing.cc:389]  in 0.008s
I20261002 19:58:20.785089 23216 pairing.cc:372] Indexing image [110/127]
I20261002 19:58:20.793800 23216 pairing.cc:389]  in 0.009s
I20261002 19:58:20.793949 23216 pairing.cc:372] Indexing image [111/127]
I20261002 19:58:20.804539 23216 pairing.cc:389]  in 0.011s
I20261002 19:58:20.804772 23216 pairing.cc:372] Indexing image [112/127]
I20261002 19:58:20.814406 23216 pairing.cc:389]  in 0.010s
I20261002 19:58:20.814568 23216 pairing.cc:372] Indexing image [113/127]
I20261002 19:58:20.823736 23216 pairing.cc:389]  in 0.009s
I20261002 19:58:20.823912 23216 pairing.cc:372] Indexing image [114/127]
I20261002 19:58:20.832747 23216 pairing.cc:389]  in 0.009s
I20261002 19:58:20.832992 23216 pairing.cc:372] Indexing image [115/127]
I20261002 19:58:20.843581 23216 pairing.cc:389]  in 0.011s
I20261002 19:58:20.843731 23216 pairing.cc:372] Indexing image [116/127]
I20261002 19:58:20.851119 23216 pairing.cc:389]  in 0.007s
I20261002 19:58:20.851524 23216 pairing.cc:372] Indexing image [117/127]
I20261002 19:58:20.859184 23216 pairing.cc:389]  in 0.008s
I20261002 19:58:20.859392 23216 pairing.cc:372] Indexing image [118/127]
I20261002 19:58:20.868221 23216 pairing.cc:389]  in 0.009s
I20261002 19:58:20.868417 23216 pairing.cc:372] Indexing image [119/127]
I20261002 19:58:20.877448 23216 pairing.cc:389]  in 0.009s
I20261002 19:58:20.877627 23216 pairing.cc:372] Indexing image [120/127]
I20261002 19:58:20.887579 23216 pairing.cc:389]  in 0.010s
I20261002 19:58:20.887826 23216 pairing.cc:372] Indexing image [121/127]
I20261002 19:58:20.896824 23216 pairing.cc:389]  in 0.009s
I20261002 19:58:20.897075 23216 pairing.cc:372] Indexing image [122/127]
I20261002 19:58:20.904495 23216 pairing.cc:389]  in 0.007s
I20261002 19:58:20.904764 23216 pairing.cc:372] Indexing image [123/127]
I20261002 19:58:20.912170 23216 pairing.cc:389]  in 0.007s
I20261002 19:58:20.912424 23216 pairing.cc:372] Indexing image [124/127]
I20261002 19:58:20.920839 23216 pairing.cc:389]  in 0.008s
I20261002 19:58:20.921069 23216 pairing.cc:372] Indexing image [125/127]
I20261002 19:58:20.927922 23216 pairing.cc:389]  in 0.007s
I20261002 19:58:20.928071 23216 pairing.cc:372] Indexing image [126/127]
I20261002 19:58:20.934783 23216 pairing.cc:389]  in 0.007s
I20261002 19:58:20.934900 23216 pairing.cc:372] Indexing image [127/127]
I20261002 19:58:20.941585 23216 pairing.cc:389]  in 0.007s
I20261002 19:58:20.945471 23216 pairing.cc:562] Processing image [1/127]
I20261002 19:58:20.952667 23216 feature_matching.cc:218] in 0.007s
I20261002 19:58:20.952796 23216 pairing.cc:562] Processing image [2/127]
I20261002 19:58:20.958447 23216 feature_matching.cc:218] in 0.006s
I20261002 19:58:20.958556 23216 pairing.cc:562] Processing image [3/127]
I20261002 19:58:20.964561 23216 feature_matching.cc:218] in 0.006s
I20261002 19:58:20.964698 23216 pairing.cc:562] Processing image [4/127]
I20261002 19:58:20.971488 23216 feature_matching.cc:218] in 0.007s
I20261002 19:58:20.971606 23216 pairing.cc:562] Processing image [5/127]
I20261002 19:58:20.976276 23216 feature_matching.cc:218] in 0.005s
I20261002 19:58:20.976455 23216 pairing.cc:562] Processing image [6/127]
I20261002 19:58:20.982253 23216 feature_matching.cc:218] in 0.006s
I20261002 19:58:20.982429 23216 pairing.cc:562] Processing image [7/127]
I20261002 19:58:20.989889 23216 feature_matching.cc:218] in 0.007s
I20261002 19:58:20.990026 23216 pairing.cc:562] Processing image [8/127]
I20261002 19:58:20.995101 23216 feature_matching.cc:218] in 0.005s
I20261002 19:58:20.995274 23216 pairing.cc:562] Processing image [9/127]
I20261002 19:58:21.003139 23216 feature_matching.cc:218] in 0.008s
I20261002 19:58:21.003295 23216 pairing.cc:562] Processing image [10/127]
I20261002 19:58:21.009263 23216 feature_matching.cc:218] in 0.006s
I20261002 19:58:21.009411 23216 pairing.cc:562] Processing image [11/127]
I20261002 19:58:21.015275 23216 feature_matching.cc:218] in 0.006s
I20261002 19:58:21.015392 23216 pairing.cc:562] Processing image [12/127]
I20261002 19:58:21.020928 23216 feature_matching.cc:218] in 0.006s
I20261002 19:58:21.021052 23216 pairing.cc:562] Processing image [13/127]
I20261002 19:58:21.036674 23216 feature_matching.cc:218] in 0.016s
I20261002 19:58:21.036804 23216 pairing.cc:562] Processing image [14/127]
I20261002 19:58:21.042091 23216 feature_matching.cc:218] in 0.005s
I20261002 19:58:21.042201 23216 pairing.cc:562] Processing image [15/127]
I20261002 19:58:21.047805 23216 feature_matching.cc:218] in 0.006s
I20261002 19:58:21.047935 23216 pairing.cc:562] Processing image [16/127]
I20261002 19:58:21.052786 23216 feature_matching.cc:218] in 0.005s
I20261002 19:58:21.052908 23216 pairing.cc:562] Processing image [17/127]
I20261002 19:58:21.062024 23216 feature_matching.cc:218] in 0.009s
I20261002 19:58:21.062144 23216 pairing.cc:562] Processing image [18/127]
I20261002 19:58:21.066366 23216 feature_matching.cc:218] in 0.004s
I20261002 19:58:21.066493 23216 pairing.cc:562] Processing image [19/127]
I20261002 19:58:21.071378 23216 feature_matching.cc:218] in 0.005s
I20261002 19:58:21.071500 23216 pairing.cc:562] Processing image [20/127]
I20261002 19:58:21.086247 23216 feature_matching.cc:218] in 0.015s
I20261002 19:58:21.086381 23216 pairing.cc:562] Processing image [21/127]
I20261002 19:58:21.091142 23216 feature_matching.cc:218] in 0.005s
I20261002 19:58:21.091277 23216 pairing.cc:562] Processing image [22/127]
I20261002 19:58:21.096188 23216 feature_matching.cc:218] in 0.005s
I20261002 19:58:21.096329 23216 pairing.cc:562] Processing image [23/127]
I20261002 19:58:21.101626 23216 feature_matching.cc:218] in 0.005s
I20261002 19:58:21.101769 23216 pairing.cc:562] Processing image [24/127]
I20261002 19:58:21.108473 23216 feature_matching.cc:218] in 0.007s
I20261002 19:58:21.108591 23216 pairing.cc:562] Processing image [25/127]
I20261002 19:58:21.114575 23216 feature_matching.cc:218] in 0.006s
I20261002 19:58:21.114694 23216 pairing.cc:562] Processing image [26/127]
I20261002 19:58:21.120081 23216 feature_matching.cc:218] in 0.005s
I20261002 19:58:21.120197 23216 pairing.cc:562] Processing image [27/127]
I20261002 19:58:21.125829 23216 feature_matching.cc:218] in 0.006s
I20261002 19:58:21.125950 23216 pairing.cc:562] Processing image [28/127]
I20261002 19:58:21.131664 23216 feature_matching.cc:218] in 0.006s
I20261002 19:58:21.131784 23216 pairing.cc:562] Processing image [29/127]
I20261002 19:58:21.137505 23216 feature_matching.cc:218] in 0.006s
I20261002 19:58:21.137629 23216 pairing.cc:562] Processing image [30/127]
I20261002 19:58:21.143612 23216 feature_matching.cc:218] in 0.006s
I20261002 19:58:21.143734 23216 pairing.cc:562] Processing image [31/127]
I20261002 19:58:21.149238 23216 feature_matching.cc:218] in 0.006s
I20261002 19:58:21.149361 23216 pairing.cc:562] Processing image [32/127]
I20261002 19:58:21.155714 23216 feature_matching.cc:218] in 0.006s
I20261002 19:58:21.155843 23216 pairing.cc:562] Processing image [33/127]
I20261002 19:58:21.162622 23216 feature_matching.cc:218] in 0.007s
I20261002 19:58:21.162747 23216 pairing.cc:562] Processing image [34/127]
I20261002 19:58:21.167655 23216 feature_matching.cc:218] in 0.005s
I20261002 19:58:21.167797 23216 pairing.cc:562] Processing image [35/127]
I20261002 19:58:21.173326 23216 feature_matching.cc:218] in 0.006s
I20261002 19:58:21.173439 23216 pairing.cc:562] Processing image [36/127]
I20261002 19:58:21.180272 23216 feature_matching.cc:218] in 0.007s
I20261002 19:58:21.180405 23216 pairing.cc:562] Processing image [37/127]
I20261002 19:58:21.186073 23216 feature_matching.cc:218] in 0.006s
I20261002 19:58:21.186196 23216 pairing.cc:562] Processing image [38/127]
I20261002 19:58:21.191259 23216 feature_matching.cc:218] in 0.005s
I20261002 19:58:21.191371 23216 pairing.cc:562] Processing image [39/127]
I20261002 19:58:21.197215 23216 feature_matching.cc:218] in 0.006s
I20261002 19:58:21.197345 23216 pairing.cc:562] Processing image [40/127]
I20261002 19:58:21.202692 23216 feature_matching.cc:218] in 0.005s
I20261002 19:58:21.202828 23216 pairing.cc:562] Processing image [41/127]
I20261002 19:58:21.208765 23216 feature_matching.cc:218] in 0.006s
I20261002 19:58:21.208888 23216 pairing.cc:562] Processing image [42/127]
I20261002 19:58:21.214334 23216 feature_matching.cc:218] in 0.005s
I20261002 19:58:21.214451 23216 pairing.cc:562] Processing image [43/127]
I20261002 19:58:21.220187 23216 feature_matching.cc:218] in 0.006s
I20261002 19:58:21.220314 23216 pairing.cc:562] Processing image [44/127]
I20261002 19:58:21.226940 23216 feature_matching.cc:218] in 0.007s
I20261002 19:58:21.227060 23216 pairing.cc:562] Processing image [45/127]
I20261002 19:58:21.231954 23216 feature_matching.cc:218] in 0.005s
I20261002 19:58:21.232088 23216 pairing.cc:562] Processing image [46/127]
I20261002 19:58:21.237633 23216 feature_matching.cc:218] in 0.006s
I20261002 19:58:21.237777 23216 pairing.cc:562] Processing image [47/127]
I20261002 19:58:21.244410 23216 feature_matching.cc:218] in 0.007s
I20261002 19:58:21.244529 23216 pairing.cc:562] Processing image [48/127]
I20261002 19:58:21.250108 23216 feature_matching.cc:218] in 0.006s
I20261002 19:58:21.250232 23216 pairing.cc:562] Processing image [49/127]
I20261002 19:58:21.256118 23216 feature_matching.cc:218] in 0.006s
I20261002 19:58:21.256249 23216 pairing.cc:562] Processing image [50/127]
I20261002 19:58:21.261697 23216 feature_matching.cc:218] in 0.005s
I20261002 19:58:21.261816 23216 pairing.cc:562] Processing image [51/127]
I20261002 19:58:21.266989 23216 feature_matching.cc:218] in 0.005s
I20261002 19:58:21.267135 23216 pairing.cc:562] Processing image [52/127]
I20261002 19:58:21.272331 23216 feature_matching.cc:218] in 0.005s
I20261002 19:58:21.272441 23216 pairing.cc:562] Processing image [53/127]
I20261002 19:58:21.278285 23216 feature_matching.cc:218] in 0.006s
I20261002 19:58:21.278406 23216 pairing.cc:562] Processing image [54/127]
I20261002 19:58:21.283956 23216 feature_matching.cc:218] in 0.006s
I20261002 19:58:21.284101 23216 pairing.cc:562] Processing image [55/127]
I20261002 19:58:21.289508 23216 feature_matching.cc:218] in 0.005s
I20261002 19:58:21.289626 23216 pairing.cc:562] Processing image [56/127]
I20261002 19:58:21.295282 23216 feature_matching.cc:218] in 0.006s
I20261002 19:58:21.295407 23216 pairing.cc:562] Processing image [57/127]
I20261002 19:58:21.300547 23216 feature_matching.cc:218] in 0.005s
I20261002 19:58:21.300669 23216 pairing.cc:562] Processing image [58/127]
I20261002 19:58:21.306208 23216 feature_matching.cc:218] in 0.006s
I20261002 19:58:21.306334 23216 pairing.cc:562] Processing image [59/127]
I20261002 19:58:21.311543 23216 feature_matching.cc:218] in 0.005s
I20261002 19:58:21.311658 23216 pairing.cc:562] Processing image [60/127]
I20261002 19:58:21.317130 23216 feature_matching.cc:218] in 0.005s
I20261002 19:58:21.317252 23216 pairing.cc:562] Processing image [61/127]
I20261002 19:58:21.322805 23216 feature_matching.cc:218] in 0.006s
I20261002 19:58:21.322920 23216 pairing.cc:562] Processing image [62/127]
I20261002 19:58:21.328198 23216 feature_matching.cc:218] in 0.005s
I20261002 19:58:21.328309 23216 pairing.cc:562] Processing image [63/127]
I20261002 19:58:21.333113 23216 feature_matching.cc:218] in 0.005s
I20261002 19:58:21.333242 23216 pairing.cc:562] Processing image [64/127]
I20261002 19:58:21.338303 23216 feature_matching.cc:218] in 0.005s
I20261002 19:58:21.338432 23216 pairing.cc:562] Processing image [65/127]
I20261002 19:58:21.344049 23216 feature_matching.cc:218] in 0.006s
I20261002 19:58:21.344210 23216 pairing.cc:562] Processing image [66/127]
I20261002 19:58:21.348632 23216 feature_matching.cc:218] in 0.004s
I20261002 19:58:21.348766 23216 pairing.cc:562] Processing image [67/127]
I20261002 19:58:21.353787 23216 feature_matching.cc:218] in 0.005s
I20261002 19:58:21.353902 23216 pairing.cc:562] Processing image [68/127]
I20261002 19:58:21.358643 23216 feature_matching.cc:218] in 0.005s
I20261002 19:58:21.358768 23216 pairing.cc:562] Processing image [69/127]
I20261002 19:58:21.365263 23216 feature_matching.cc:218] in 0.007s
I20261002 19:58:21.365384 23216 pairing.cc:562] Processing image [70/127]
I20261002 19:58:21.370631 23216 feature_matching.cc:218] in 0.005s
I20261002 19:58:21.370752 23216 pairing.cc:562] Processing image [71/127]
I20261002 19:58:21.376482 23216 feature_matching.cc:218] in 0.006s
I20261002 19:58:21.376614 23216 pairing.cc:562] Processing image [72/127]
I20261002 19:58:21.381987 23216 feature_matching.cc:218] in 0.005s
I20261002 19:58:21.382109 23216 pairing.cc:562] Processing image [73/127]
I20261002 19:58:21.387522 23216 feature_matching.cc:218] in 0.005s
I20261002 19:58:21.387636 23216 pairing.cc:562] Processing image [74/127]
I20261002 19:58:21.392884 23216 feature_matching.cc:218] in 0.005s
I20261002 19:58:21.393009 23216 pairing.cc:562] Processing image [75/127]
I20261002 19:58:21.398021 23216 feature_matching.cc:218] in 0.005s
I20261002 19:58:21.398151 23216 pairing.cc:562] Processing image [76/127]
I20261002 19:58:21.403411 23216 feature_matching.cc:218] in 0.005s
I20261002 19:58:21.403533 23216 pairing.cc:562] Processing image [77/127]
I20261002 19:58:21.408208 23216 feature_matching.cc:218] in 0.005s
I20261002 19:58:21.408337 23216 pairing.cc:562] Processing image [78/127]
I20261002 19:58:21.412909 23216 feature_matching.cc:218] in 0.005s
I20261002 19:58:21.413030 23216 pairing.cc:562] Processing image [79/127]
I20261002 19:58:21.418211 23216 feature_matching.cc:218] in 0.005s
I20261002 19:58:21.418336 23216 pairing.cc:562] Processing image [80/127]
I20261002 19:58:21.423499 23216 feature_matching.cc:218] in 0.005s
I20261002 19:58:21.423642 23216 pairing.cc:562] Processing image [81/127]
I20261002 19:58:21.429139 23216 feature_matching.cc:218] in 0.006s
I20261002 19:58:21.429257 23216 pairing.cc:562] Processing image [82/127]
I20261002 19:58:21.434277 23216 feature_matching.cc:218] in 0.005s
I20261002 19:58:21.434408 23216 pairing.cc:562] Processing image [83/127]
I20261002 19:58:21.439508 23216 feature_matching.cc:218] in 0.005s
I20261002 19:58:21.439634 23216 pairing.cc:562] Processing image [84/127]
I20261002 19:58:21.444364 23216 feature_matching.cc:218] in 0.005s
I20261002 19:58:21.444477 23216 pairing.cc:562] Processing image [85/127]
I20261002 19:58:21.450713 23216 feature_matching.cc:218] in 0.006s
I20261002 19:58:21.450848 23216 pairing.cc:562] Processing image [86/127]
I20261002 19:58:21.456505 23216 feature_matching.cc:218] in 0.006s
I20261002 19:58:21.456619 23216 pairing.cc:562] Processing image [87/127]
I20261002 19:58:21.462383 23216 feature_matching.cc:218] in 0.006s
I20261002 19:58:21.462507 23216 pairing.cc:562] Processing image [88/127]
I20261002 19:58:21.469476 23216 feature_matching.cc:218] in 0.007s
I20261002 19:58:21.469607 23216 pairing.cc:562] Processing image [89/127]
I20261002 19:58:21.475432 23216 feature_matching.cc:218] in 0.006s
I20261002 19:58:21.475572 23216 pairing.cc:562] Processing image [90/127]
I20261002 19:58:21.480849 23216 feature_matching.cc:218] in 0.005s
I20261002 19:58:21.481000 23216 pairing.cc:562] Processing image [91/127]
I20261002 19:58:21.485898 23216 feature_matching.cc:218] in 0.005s
I20261002 19:58:21.486035 23216 pairing.cc:562] Processing image [92/127]
I20261002 19:58:21.491691 23216 feature_matching.cc:218] in 0.006s
I20261002 19:58:21.491814 23216 pairing.cc:562] Processing image [93/127]
I20261002 19:58:21.497291 23216 feature_matching.cc:218] in 0.005s
I20261002 19:58:21.497437 23216 pairing.cc:562] Processing image [94/127]
I20261002 19:58:21.503245 23216 feature_matching.cc:218] in 0.006s
I20261002 19:58:21.503458 23216 pairing.cc:562] Processing image [95/127]
I20261002 19:58:21.509150 23216 feature_matching.cc:218] in 0.006s
I20261002 19:58:21.509320 23216 pairing.cc:562] Processing image [96/127]
I20261002 19:58:21.514811 23216 feature_matching.cc:218] in 0.006s
I20261002 19:58:21.514975 23216 pairing.cc:562] Processing image [97/127]
I20261002 19:58:21.521118 23216 feature_matching.cc:218] in 0.006s
I20261002 19:58:21.521291 23216 pairing.cc:562] Processing image [98/127]
I20261002 19:58:21.526801 23216 feature_matching.cc:218] in 0.006s
I20261002 19:58:21.526961 23216 pairing.cc:562] Processing image [99/127]
I20261002 19:58:21.532199 23216 feature_matching.cc:218] in 0.005s
I20261002 19:58:21.532381 23216 pairing.cc:562] Processing image [100/127]
I20261002 19:58:21.538626 23216 feature_matching.cc:218] in 0.006s
I20261002 19:58:21.538813 23216 pairing.cc:562] Processing image [101/127]
I20261002 19:58:21.547393 23216 feature_matching.cc:218] in 0.009s
I20261002 19:58:21.547602 23216 pairing.cc:562] Processing image [102/127]
I20261002 19:58:21.554040 23216 feature_matching.cc:218] in 0.006s
I20261002 19:58:21.554230 23216 pairing.cc:562] Processing image [103/127]
I20261002 19:58:21.562995 23216 feature_matching.cc:218] in 0.009s
I20261002 19:58:21.563171 23216 pairing.cc:562] Processing image [104/127]
I20261002 19:58:21.570419 23216 feature_matching.cc:218] in 0.007s
I20261002 19:58:21.570611 23216 pairing.cc:562] Processing image [105/127]
I20261002 19:58:21.576446 23216 feature_matching.cc:218] in 0.006s
I20261002 19:58:21.576624 23216 pairing.cc:562] Processing image [106/127]
I20261002 19:58:21.585081 23216 feature_matching.cc:218] in 0.008s
I20261002 19:58:21.585271 23216 pairing.cc:562] Processing image [107/127]
I20261002 19:58:21.593314 23216 feature_matching.cc:218] in 0.008s
I20261002 19:58:21.593514 23216 pairing.cc:562] Processing image [108/127]
I20261002 19:58:21.605569 23216 feature_matching.cc:218] in 0.012s
I20261002 19:58:21.605779 23216 pairing.cc:562] Processing image [109/127]
I20261002 19:58:21.613940 23216 feature_matching.cc:218] in 0.008s
I20261002 19:58:21.614145 23216 pairing.cc:562] Processing image [110/127]
I20261002 19:58:21.620438 23216 feature_matching.cc:218] in 0.006s
I20261002 19:58:21.620600 23216 pairing.cc:562] Processing image [111/127]
I20261002 19:58:21.631963 23216 feature_matching.cc:218] in 0.011s
I20261002 19:58:21.632165 23216 pairing.cc:562] Processing image [112/127]
I20261002 19:58:21.640350 23216 feature_matching.cc:218] in 0.008s
I20261002 19:58:21.640542 23216 pairing.cc:562] Processing image [113/127]
I20261002 19:58:21.645806 23216 feature_matching.cc:218] in 0.005s
I20261002 19:58:21.645968 23216 pairing.cc:562] Processing image [114/127]
I20261002 19:58:21.654229 23216 feature_matching.cc:218] in 0.008s
I20261002 19:58:21.654421 23216 pairing.cc:562] Processing image [115/127]
I20261002 19:58:21.662596 23216 feature_matching.cc:218] in 0.008s
I20261002 19:58:21.662788 23216 pairing.cc:562] Processing image [116/127]
I20261002 19:58:21.673721 23216 feature_matching.cc:218] in 0.011s
I20261002 19:58:21.673924 23216 pairing.cc:562] Processing image [117/127]
I20261002 19:58:21.681205 23216 feature_matching.cc:218] in 0.007s
I20261002 19:58:21.681369 23216 pairing.cc:562] Processing image [118/127]
I20261002 19:58:21.688762 23216 feature_matching.cc:218] in 0.007s
I20261002 19:58:21.688956 23216 pairing.cc:562] Processing image [119/127]
I20261002 19:58:21.696261 23216 feature_matching.cc:218] in 0.007s
I20261002 19:58:21.696439 23216 pairing.cc:562] Processing image [120/127]
I20261002 19:58:21.701556 23216 feature_matching.cc:218] in 0.005s
I20261002 19:58:21.701732 23216 pairing.cc:562] Processing image [121/127]
I20261002 19:58:21.706575 23216 feature_matching.cc:218] in 0.005s
I20261002 19:58:21.706745 23216 pairing.cc:562] Processing image [122/127]
I20261002 19:58:21.712285 23216 feature_matching.cc:218] in 0.006s
I20261002 19:58:21.712445 23216 pairing.cc:562] Processing image [123/127]
I20261002 19:58:21.718364 23216 feature_matching.cc:218] in 0.006s
I20261002 19:58:21.718541 23216 pairing.cc:562] Processing image [124/127]
I20261002 19:58:21.726371 23216 feature_matching.cc:218] in 0.008s
I20261002 19:58:21.726582 23216 pairing.cc:562] Processing image [125/127]
I20261002 19:58:21.730638 23216 feature_matching.cc:218] in 0.004s
I20261002 19:58:21.730779 23216 pairing.cc:562] Processing image [126/127]
I20261002 19:58:21.736236 23216 feature_matching.cc:218] in 0.005s
I20261002 19:58:21.736426 23216 pairing.cc:562] Processing image [127/127]
I20261002 19:58:21.736525 23216 feature_matching.cc:218] in 0.000s
I20261002 19:58:21.736694 23216 pairing.cc:333] Processing image [1/13]
I20261002 19:58:21.759381 23216 feature_matching.cc:218] in 0.023s
I20261002 19:58:21.759581 23216 pairing.cc:333] Processing image [2/13]
I20261002 19:58:21.777065 23216 feature_matching.cc:218] in 0.017s
I20261002 19:58:21.777244 23216 pairing.cc:333] Processing image [3/13]
I20261002 19:58:21.793782 23216 feature_matching.cc:218] in 0.017s
I20261002 19:58:21.793987 23216 pairing.cc:333] Processing image [4/13]
I20261002 19:58:21.812346 23216 feature_matching.cc:218] in 0.018s
I20261002 19:58:21.812549 23216 pairing.cc:333] Processing image [5/13]
I20261002 19:58:21.824730 23216 feature_matching.cc:218] in 0.012s
I20261002 19:58:21.824932 23216 pairing.cc:333] Processing image [6/13]
I20261002 19:58:21.835600 23216 feature_matching.cc:218] in 0.011s
I20261002 19:58:21.835803 23216 pairing.cc:333] Processing image [7/13]
I20261002 19:58:21.850989 23216 feature_matching.cc:218] in 0.015s
I20261002 19:58:21.851190 23216 pairing.cc:333] Processing image [8/13]
I20261002 19:58:21.865607 23216 feature_matching.cc:218] in 0.014s
I20261002 19:58:21.865773 23216 pairing.cc:333] Processing image [9/13]
I20261002 19:58:21.876269 23216 feature_matching.cc:218] in 0.011s
I20261002 19:58:21.876462 23216 pairing.cc:333] Processing image [10/13]
I20261002 19:58:21.889981 23216 feature_matching.cc:218] in 0.014s
I20261002 19:58:21.890197 23216 pairing.cc:333] Processing image [11/13]
I20261002 19:58:21.903169 23216 feature_matching.cc:218] in 0.013s
I20261002 19:58:21.903363 23216 pairing.cc:333] Processing image [12/13]
I20261002 19:58:21.920462 23216 feature_matching.cc:218] in 0.017s
I20261002 19:58:21.920660 23216 pairing.cc:333] Processing image [13/13]
I20261002 19:58:21.935147 23216 feature_matching.cc:218] in 0.015s
I20261002 19:58:21.935362 23216 timer.cc:90] Elapsed time: 0.037 [minutes]
I20261002 19:58:21.953686 27396 automatic_reconstruction.cc:309] === Sparse reconstruction ===
I20261002 19:58:21.955043 27396 incremental_pipeline.cc:353] Loading database
I20261002 19:58:21.955211 27396 database_cache.cc:82] Loading rigs...
I20261002 19:58:21.955320 27396 database_cache.cc:92]  1 in 0.000s
I20261002 19:58:21.955388 27396 database_cache.cc:100] Loading cameras...
I20261002 19:58:21.955454 27396 database_cache.cc:118]  1 in 0.000s
I20261002 19:58:21.955510 27396 database_cache.cc:126] Loading frames...
I20261002 19:58:21.955717 27396 database_cache.cc:136]  127 in 0.000s
I20261002 19:58:21.955784 27396 database_cache.cc:144] Loading matches...
I20261002 19:58:21.957351 27396 database_cache.cc:163]  917 in 0.002s
I20261002 19:58:21.957445 27396 database_cache.cc:171] Loading images...
I20261002 19:58:21.958760 27396 database_cache.cc:268]  127 in 0.001s (connected 127, loaded 127)
I20261002 19:58:21.958847 27396 database_cache.cc:282] Loading pose priors...
I20261002 19:58:21.958910 27396 database_cache.cc:290]  0 in 0.000s
I20261002 19:58:21.958965 27396 database_cache.cc:298] Building correspondence graph...
I20261002 19:58:21.963727 27396 database_cache.cc:327]  in 0.005s (ignored 0)
I20261002 19:58:21.963943 27396 timer.cc:90] Elapsed time: 0.000 [minutes]
I20261002 19:58:21.965441 27396 incremental_pipeline.cc:465] Finding good initial image pair
I20261002 19:58:21.987734 27396 incremental_pipeline.cc:472] => No good initial image pair found.
I20261002 19:58:21.987922 27396 incremental_pipeline.cc:800] Discarding reconstruction due to no initial pair
I20261002 19:58:21.988616 27396 incremental_pipeline.cc:429] => Relaxing the initialization constraints.
I20261002 19:58:21.989381 27396 incremental_pipeline.cc:465] Finding good initial image pair
I20261002 19:58:22.003684 27396 incremental_pipeline.cc:492] Registering initial image pair #85 and #79
I20261002 19:58:22.004256 27396 incremental_pipeline.cc:510] Global bundle adjustment
W20261002 19:58:22.004551 27396 bundle_adjustment_ceres.cc:162] Requested to use GPU for bundle adjustment, but Ceres was compiled without CUDA support. Falling back to CPU-based dense solvers.
W20261002 19:58:22.005056 27396 bundle_adjustment_ceres.cc:181] Requested to use GPU for bundle adjustment, but Ceres was compiled without cuDSS support. Falling back to CPU-based sparse solvers.
I20261002 19:58:22.011561 27396 incremental_pipeline.cc:620] Registering image #77 (num_reg_frames=2)
I20261002 19:58:22.011735 27396 incremental_pipeline.cc:623] => Image sees 46 / 88 points
I20261002 19:58:22.014818 27396 incremental_pipeline.cc:88] Retriangulation and Global bundle adjustment
I20261002 19:58:22.025724 27396 incremental_pipeline.cc:620] Registering image #78 (num_reg_frames=3)
I20261002 19:58:22.026134 27396 incremental_pipeline.cc:623] => Image sees 52 / 86 points
I20261002 19:58:22.031423 27396 incremental_pipeline.cc:620] Registering image #80 (num_reg_frames=4)
I20261002 19:58:22.031739 27396 incremental_pipeline.cc:623] => Image sees 59 / 90 points
I20261002 19:58:22.047257 27396 incremental_pipeline.cc:88] Retriangulation and Global bundle adjustment
I20261002 19:58:22.083494 27396 incremental_pipeline.cc:88] Retriangulation and Global bundle adjustment
I20261002 19:58:22.101012 27396 incremental_pipeline.cc:826] Keeping successful reconstruction
I20261002 19:58:22.102501 27396 incremental_pipeline.cc:465] Finding good initial image pair
I20261002 19:58:22.121406 27396 incremental_pipeline.cc:492] Registering initial image pair #89 and #90
I20261002 19:58:22.122053 27396 incremental_pipeline.cc:510] Global bundle adjustment
I20261002 19:58:22.129686 27396 incremental_pipeline.cc:620] Registering image #92 (num_reg_frames=2)
I20261002 19:58:22.129803 27396 incremental_pipeline.cc:623] => Image sees 68 / 140 points
I20261002 19:58:22.140146 27396 incremental_pipeline.cc:88] Retriangulation and Global bundle adjustment
I20261002 19:58:22.152529 27396 incremental_pipeline.cc:620] Registering image #91 (num_reg_frames=3)
I20261002 19:58:22.152636 27396 incremental_pipeline.cc:623] => Image sees 83 / 138 points
I20261002 19:58:22.157621 27396 incremental_pipeline.cc:620] Registering image #88 (num_reg_frames=4)
I20261002 19:58:22.157733 27396 incremental_pipeline.cc:623] => Image sees 98 / 138 points
I20261002 19:58:22.162120 27396 incremental_pipeline.cc:88] Retriangulation and Global bundle adjustment
I20261002 19:58:22.164926 27396 incremental_pipeline.cc:620] Registering image #94 (num_reg_frames=5)
I20261002 19:58:22.165055 27396 incremental_pipeline.cc:623] => Image sees 88 / 135 points
I20261002 19:58:22.173841 27396 incremental_pipeline.cc:620] Registering image #93 (num_reg_frames=6)
I20261002 19:58:22.173976 27396 incremental_pipeline.cc:623] => Image sees 94 / 135 points
I20261002 19:58:22.178516 27396 incremental_pipeline.cc:88] Retriangulation and Global bundle adjustment
I20261002 19:58:22.292819 27396 incremental_pipeline.cc:620] Registering image #96 (num_reg_frames=7)
I20261002 19:58:22.292993 27396 incremental_pipeline.cc:623] => Image sees 91 / 132 points
I20261002 19:58:22.298594 27396 incremental_pipeline.cc:620] Registering image #86 (num_reg_frames=8)
I20261002 19:58:22.298719 27396 incremental_pipeline.cc:623] => Image sees 83 / 115 points
I20261002 19:58:22.305518 27396 incremental_pipeline.cc:620] Registering image #87 (num_reg_frames=9)
I20261002 19:58:22.305636 27396 incremental_pipeline.cc:623] => Image sees 83 / 123 points
I20261002 19:58:22.311566 27396 incremental_pipeline.cc:88] Retriangulation and Global bundle adjustment
I20261002 19:58:22.439142 27396 incremental_pipeline.cc:88] Retriangulation and Global bundle adjustment
I20261002 19:58:22.443611 27396 incremental_pipeline.cc:826] Keeping successful reconstruction
I20261002 19:58:22.444496 27396 incremental_pipeline.cc:465] Finding good initial image pair
I20261002 19:58:22.459435 27396 incremental_pipeline.cc:492] Registering initial image pair #114 and #116
I20261002 19:58:22.459891 27396 incremental_pipeline.cc:510] Global bundle adjustment
I20261002 19:58:22.461171 27396 incremental_pipeline.cc:791] Discarding reconstruction due to bad initial pair
I20261002 19:58:22.462615 27396 incremental_pipeline.cc:465] Finding good initial image pair
I20261002 19:58:22.469470 27396 incremental_pipeline.cc:492] Registering initial image pair #111 and #124
I20261002 19:58:22.469951 27396 incremental_pipeline.cc:510] Global bundle adjustment
I20261002 19:58:22.474957 27396 incremental_pipeline.cc:620] Registering image #110 (num_reg_frames=2)
I20261002 19:58:22.475054 27396 incremental_pipeline.cc:623] => Image sees 34 / 227 points
I20261002 19:58:22.476749 27396 incremental_pipeline.cc:88] Retriangulation and Global bundle adjustment
I20261002 19:58:22.486045 27396 incremental_pipeline.cc:620] Registering image #115 (num_reg_frames=3)
I20261002 19:58:22.486150 27396 incremental_pipeline.cc:623] => Image sees 32 / 252 points
I20261002 19:58:22.495727 27396 incremental_pipeline.cc:88] Retriangulation and Global bundle adjustment
I20261002 19:58:22.528578 27396 incremental_pipeline.cc:620] Registering image #114 (num_reg_frames=4)
I20261002 19:58:22.528711 27396 incremental_pipeline.cc:623] => Image sees 105 / 237 points
I20261002 19:58:22.528805 27396 incremental_pipeline.cc:646] => Could not register, trying another image.
I20261002 19:58:22.528862 27396 incremental_pipeline.cc:620] Registering image #113 (num_reg_frames=4)
I20261002 19:58:22.528913 27396 incremental_pipeline.cc:623] => Image sees 109 / 242 points
I20261002 19:58:22.528981 27396 incremental_pipeline.cc:646] => Could not register, trying another image.
I20261002 19:58:22.529034 27396 incremental_pipeline.cc:620] Registering image #120 (num_reg_frames=4)
I20261002 19:58:22.529084 27396 incremental_pipeline.cc:623] => Image sees 110 / 243 points
I20261002 19:58:22.529173 27396 incremental_pipeline.cc:646] => Could not register, trying another image.
I20261002 19:58:22.529223 27396 incremental_pipeline.cc:620] Registering image #106 (num_reg_frames=4)
I20261002 19:58:22.529272 27396 incremental_pipeline.cc:623] => Image sees 101 / 217 points
I20261002 19:58:22.529336 27396 incremental_pipeline.cc:646] => Could not register, trying another image.
I20261002 19:58:22.529389 27396 incremental_pipeline.cc:620] Registering image #119 (num_reg_frames=4)
I20261002 19:58:22.529436 27396 incremental_pipeline.cc:623] => Image sees 96 / 223 points
I20261002 19:58:22.529498 27396 incremental_pipeline.cc:646] => Could not register, trying another image.
I20261002 19:58:22.529545 27396 incremental_pipeline.cc:620] Registering image #112 (num_reg_frames=4)
I20261002 19:58:22.529596 27396 incremental_pipeline.cc:623] => Image sees 97 / 241 points
I20261002 19:58:22.529657 27396 incremental_pipeline.cc:646] => Could not register, trying another image.
I20261002 19:58:22.529704 27396 incremental_pipeline.cc:620] Registering image #108 (num_reg_frames=4)
I20261002 19:58:22.529754 27396 incremental_pipeline.cc:623] => Image sees 91 / 201 points
I20261002 19:58:22.529815 27396 incremental_pipeline.cc:646] => Could not register, trying another image.
I20261002 19:58:22.529861 27396 incremental_pipeline.cc:620] Registering image #109 (num_reg_frames=4)
I20261002 19:58:22.529908 27396 incremental_pipeline.cc:623] => Image sees 87 / 216 points
I20261002 19:58:22.529968 27396 incremental_pipeline.cc:646] => Could not register, trying another image.
I20261002 19:58:22.530014 27396 incremental_pipeline.cc:620] Registering image #118 (num_reg_frames=4)
I20261002 19:58:22.530061 27396 incremental_pipeline.cc:623] => Image sees 82 / 217 points
I20261002 19:58:22.530124 27396 incremental_pipeline.cc:646] => Could not register, trying another image.
I20261002 19:58:22.530170 27396 incremental_pipeline.cc:620] Registering image #107 (num_reg_frames=4)
I20261002 19:58:22.530217 27396 incremental_pipeline.cc:623] => Image sees 84 / 223 points
I20261002 19:58:22.530276 27396 incremental_pipeline.cc:646] => Could not register, trying another image.
I20261002 19:58:22.530321 27396 incremental_pipeline.cc:620] Registering image #105 (num_reg_frames=4)
I20261002 19:58:22.530368 27396 incremental_pipeline.cc:623] => Image sees 70 / 187 points
I20261002 19:58:22.530424 27396 incremental_pipeline.cc:646] => Could not register, trying another image.
I20261002 19:58:22.530470 27396 incremental_pipeline.cc:620] Registering image #121 (num_reg_frames=4)
I20261002 19:58:22.530521 27396 incremental_pipeline.cc:623] => Image sees 64 / 209 points
I20261002 19:58:22.530580 27396 incremental_pipeline.cc:646] => Could not register, trying another image.
I20261002 19:58:22.530626 27396 incremental_pipeline.cc:620] Registering image #103 (num_reg_frames=4)
I20261002 19:58:22.530675 27396 incremental_pipeline.cc:623] => Image sees 48 / 166 points
I20261002 19:58:22.530730 27396 incremental_pipeline.cc:646] => Could not register, trying another image.
I20261002 19:58:22.530776 27396 incremental_pipeline.cc:620] Registering image #116 (num_reg_frames=4)
I20261002 19:58:22.530823 27396 incremental_pipeline.cc:623] => Image sees 41 / 192 points
I20261002 19:58:22.530884 27396 incremental_pipeline.cc:646] => Could not register, trying another image.
I20261002 19:58:22.530931 27396 incremental_pipeline.cc:620] Registering image #104 (num_reg_frames=4)
I20261002 19:58:22.530977 27396 incremental_pipeline.cc:623] => Image sees 41 / 172 points
I20261002 19:58:22.531031 27396 incremental_pipeline.cc:646] => Could not register, trying another image.
I20261002 19:58:22.531078 27396 incremental_pipeline.cc:620] Registering image #102 (num_reg_frames=4)
I20261002 19:58:22.531124 27396 incremental_pipeline.cc:623] => Image sees 36 / 181 points
I20261002 19:58:22.531180 27396 incremental_pipeline.cc:646] => Could not register, trying another image.
I20261002 19:58:22.531227 27396 incremental_pipeline.cc:620] Registering image #117 (num_reg_frames=4)
I20261002 19:58:22.531285 27396 incremental_pipeline.cc:623] => Image sees 30 / 153 points
I20261002 19:58:22.531343 27396 incremental_pipeline.cc:646] => Could not register, trying another image.
I20261002 19:58:22.531398 27396 incremental_pipeline.cc:620] Registering image #113 (num_reg_frames=4)
I20261002 19:58:22.531446 27396 incremental_pipeline.cc:623] => Image sees 109 / 242 points
I20261002 19:58:22.531493 27396 incremental_pipeline.cc:629] Registering image with structure-less fallback
I20261002 19:58:22.531539 27396 incremental_pipeline.cc:631] => Image sees 529 / 1202 correspondences
I20261002 19:58:22.531609 27396 incremental_pipeline.cc:646] => Could not register, trying another image.
I20261002 19:58:22.531657 27396 incremental_pipeline.cc:620] Registering image #106 (num_reg_frames=4)
I20261002 19:58:22.531703 27396 incremental_pipeline.cc:623] => Image sees 101 / 217 points
I20261002 19:58:22.531750 27396 incremental_pipeline.cc:629] Registering image with structure-less fallback
I20261002 19:58:22.531796 27396 incremental_pipeline.cc:631] => Image sees 442 / 1294 correspondences
I20261002 19:58:22.531856 27396 incremental_pipeline.cc:646] => Could not register, trying another image.
I20261002 19:58:22.531902 27396 incremental_pipeline.cc:620] Registering image #120 (num_reg_frames=4)
I20261002 19:58:22.531995 27396 incremental_pipeline.cc:623] => Image sees 110 / 243 points
I20261002 19:58:22.532188 27396 incremental_pipeline.cc:629] Registering image with structure-less fallback
I20261002 19:58:22.532271 27396 incremental_pipeline.cc:631] => Image sees 423 / 1214 correspondences
I20261002 19:58:22.532345 27396 incremental_pipeline.cc:646] => Could not register, trying another image.
I20261002 19:58:22.532399 27396 incremental_pipeline.cc:620] Registering image #118 (num_reg_frames=4)
I20261002 19:58:22.532448 27396 incremental_pipeline.cc:623] => Image sees 82 / 217 points
I20261002 19:58:22.532499 27396 incremental_pipeline.cc:629] Registering image with structure-less fallback
I20261002 19:58:22.532547 27396 incremental_pipeline.cc:631] => Image sees 422 / 1040 correspondences
I20261002 19:58:22.532609 27396 incremental_pipeline.cc:646] => Could not register, trying another image.
I20261002 19:58:22.532736 27396 incremental_pipeline.cc:620] Registering image #114 (num_reg_frames=4)
I20261002 19:58:22.532926 27396 incremental_pipeline.cc:623] => Image sees 105 / 237 points
I20261002 19:58:22.533002 27396 incremental_pipeline.cc:629] Registering image with structure-less fallback
I20261002 19:58:22.533059 27396 incremental_pipeline.cc:631] => Image sees 308 / 1104 correspondences
I20261002 19:58:22.533124 27396 incremental_pipeline.cc:646] => Could not register, trying another image.
I20261002 19:58:22.533172 27396 incremental_pipeline.cc:620] Registering image #108 (num_reg_frames=4)
I20261002 19:58:22.533219 27396 incremental_pipeline.cc:623] => Image sees 91 / 201 points
I20261002 19:58:22.533266 27396 incremental_pipeline.cc:629] Registering image with structure-less fallback
I20261002 19:58:22.533312 27396 incremental_pipeline.cc:631] => Image sees 298 / 1040 correspondences
I20261002 19:58:22.533371 27396 incremental_pipeline.cc:646] => Could not register, trying another image.
I20261002 19:58:22.533417 27396 incremental_pipeline.cc:620] Registering image #109 (num_reg_frames=4)
I20261002 19:58:22.533464 27396 incremental_pipeline.cc:623] => Image sees 87 / 216 points
I20261002 19:58:22.533512 27396 incremental_pipeline.cc:629] Registering image with structure-less fallback
I20261002 19:58:22.533558 27396 incremental_pipeline.cc:631] => Image sees 288 / 1103 correspondences
I20261002 19:58:22.533617 27396 incremental_pipeline.cc:646] => Could not register, trying another image.
I20261002 19:58:22.533663 27396 incremental_pipeline.cc:620] Registering image #116 (num_reg_frames=4)
I20261002 19:58:22.533710 27396 incremental_pipeline.cc:623] => Image sees 41 / 192 points
I20261002 19:58:22.533756 27396 incremental_pipeline.cc:629] Registering image with structure-less fallback
I20261002 19:58:22.533814 27396 incremental_pipeline.cc:631] => Image sees 264 / 1415 correspondences
I20261002 19:58:22.533875 27396 incremental_pipeline.cc:646] => Could not register, trying another image.
I20261002 19:58:22.533924 27396 incremental_pipeline.cc:620] Registering image #119 (num_reg_frames=4)
I20261002 19:58:22.533970 27396 incremental_pipeline.cc:623] => Image sees 96 / 223 points
I20261002 19:58:22.534017 27396 incremental_pipeline.cc:629] Registering image with structure-less fallback
I20261002 19:58:22.534063 27396 incremental_pipeline.cc:631] => Image sees 259 / 1003 correspondences
I20261002 19:58:22.534122 27396 incremental_pipeline.cc:646] => Could not register, trying another image.
I20261002 19:58:22.534168 27396 incremental_pipeline.cc:620] Registering image #121 (num_reg_frames=4)
I20261002 19:58:22.534214 27396 incremental_pipeline.cc:623] => Image sees 64 / 209 points
I20261002 19:58:22.534261 27396 incremental_pipeline.cc:629] Registering image with structure-less fallback
I20261002 19:58:22.534307 27396 incremental_pipeline.cc:631] => Image sees 213 / 831 correspondences
I20261002 19:58:22.534365 27396 incremental_pipeline.cc:646] => Could not register, trying another image.
I20261002 19:58:22.534411 27396 incremental_pipeline.cc:620] Registering image #112 (num_reg_frames=4)
I20261002 19:58:22.534457 27396 incremental_pipeline.cc:623] => Image sees 97 / 241 points
I20261002 19:58:22.534503 27396 incremental_pipeline.cc:629] Registering image with structure-less fallback
I20261002 19:58:22.534548 27396 incremental_pipeline.cc:631] => Image sees 165 / 1063 correspondences
I20261002 19:58:22.534607 27396 incremental_pipeline.cc:646] => Could not register, trying another image.
I20261002 19:58:22.534653 27396 incremental_pipeline.cc:620] Registering image #107 (num_reg_frames=4)
I20261002 19:58:22.534699 27396 incremental_pipeline.cc:623] => Image sees 84 / 223 points
I20261002 19:58:22.534747 27396 incremental_pipeline.cc:629] Registering image with structure-less fallback
I20261002 19:58:22.534794 27396 incremental_pipeline.cc:631] => Image sees 128 / 1022 correspondences
I20261002 19:58:22.534852 27396 incremental_pipeline.cc:646] => Could not register, trying another image.
I20261002 19:58:22.534897 27396 incremental_pipeline.cc:620] Registering image #117 (num_reg_frames=4)
I20261002 19:58:22.534944 27396 incremental_pipeline.cc:623] => Image sees 30 / 153 points
I20261002 19:58:22.534990 27396 incremental_pipeline.cc:629] Registering image with structure-less fallback
I20261002 19:58:22.535038 27396 incremental_pipeline.cc:631] => Image sees 116 / 644 correspondences
I20261002 19:58:22.535092 27396 incremental_pipeline.cc:646] => Could not register, trying another image.
I20261002 19:58:22.535138 27396 incremental_pipeline.cc:620] Registering image #105 (num_reg_frames=4)
I20261002 19:58:22.535185 27396 incremental_pipeline.cc:623] => Image sees 70 / 187 points
I20261002 19:58:22.535231 27396 incremental_pipeline.cc:629] Registering image with structure-less fallback
I20261002 19:58:22.535277 27396 incremental_pipeline.cc:631] => Image sees 110 / 859 correspondences
I20261002 19:58:22.535332 27396 incremental_pipeline.cc:646] => Could not register, trying another image.
I20261002 19:58:22.535378 27396 incremental_pipeline.cc:620] Registering image #102 (num_reg_frames=4)
I20261002 19:58:22.535425 27396 incremental_pipeline.cc:623] => Image sees 36 / 181 points
I20261002 19:58:22.535471 27396 incremental_pipeline.cc:629] Registering image with structure-less fallback
I20261002 19:58:22.535517 27396 incremental_pipeline.cc:631] => Image sees 107 / 697 correspondences
I20261002 19:58:22.535571 27396 incremental_pipeline.cc:646] => Could not register, trying another image.
I20261002 19:58:22.535617 27396 incremental_pipeline.cc:620] Registering image #103 (num_reg_frames=4)
I20261002 19:58:22.535667 27396 incremental_pipeline.cc:623] => Image sees 48 / 166 points
I20261002 19:58:22.535713 27396 incremental_pipeline.cc:629] Registering image with structure-less fallback
I20261002 19:58:22.535768 27396 incremental_pipeline.cc:631] => Image sees 94 / 772 correspondences
I20261002 19:58:22.535822 27396 incremental_pipeline.cc:646] => Could not register, trying another image.
I20261002 19:58:22.535868 27396 incremental_pipeline.cc:620] Registering image #104 (num_reg_frames=4)
I20261002 19:58:22.535914 27396 incremental_pipeline.cc:623] => Image sees 41 / 172 points
I20261002 19:58:22.535961 27396 incremental_pipeline.cc:629] Registering image with structure-less fallback
I20261002 19:58:22.536006 27396 incremental_pipeline.cc:631] => Image sees 69 / 636 correspondences
I20261002 19:58:22.536060 27396 incremental_pipeline.cc:646] => Could not register, trying another image.
I20261002 19:58:22.536106 27396 incremental_pipeline.cc:88] Retriangulation and Global bundle adjustment
I20261002 19:58:22.551364 27396 incremental_pipeline.cc:620] Registering image #114 (num_reg_frames=4)
I20261002 19:58:22.551489 27396 incremental_pipeline.cc:623] => Image sees 105 / 237 points
I20261002 19:58:22.551577 27396 incremental_pipeline.cc:646] => Could not register, trying another image.
I20261002 19:58:22.551628 27396 incremental_pipeline.cc:620] Registering image #113 (num_reg_frames=4)
I20261002 19:58:22.551674 27396 incremental_pipeline.cc:623] => Image sees 109 / 242 points
I20261002 19:58:22.551740 27396 incremental_pipeline.cc:646] => Could not register, trying another image.
I20261002 19:58:22.551786 27396 incremental_pipeline.cc:620] Registering image #120 (num_reg_frames=4)
I20261002 19:58:22.551832 27396 incremental_pipeline.cc:623] => Image sees 110 / 243 points
I20261002 19:58:22.551897 27396 incremental_pipeline.cc:646] => Could not register, trying another image.
I20261002 19:58:22.551942 27396 incremental_pipeline.cc:620] Registering image #106 (num_reg_frames=4)
I20261002 19:58:22.551986 27396 incremental_pipeline.cc:623] => Image sees 101 / 217 points
I20261002 19:58:22.552048 27396 incremental_pipeline.cc:646] => Could not register, trying another image.
I20261002 19:58:22.552093 27396 incremental_pipeline.cc:620] Registering image #119 (num_reg_frames=4)
I20261002 19:58:22.552137 27396 incremental_pipeline.cc:623] => Image sees 96 / 223 points
I20261002 19:58:22.552195 27396 incremental_pipeline.cc:646] => Could not register, trying another image.
I20261002 19:58:22.552239 27396 incremental_pipeline.cc:620] Registering image #112 (num_reg_frames=4)
I20261002 19:58:22.552283 27396 incremental_pipeline.cc:623] => Image sees 97 / 241 points
I20261002 19:58:22.552384 27396 incremental_pipeline.cc:646] => Could not register, trying another image.
I20261002 19:58:22.552429 27396 incremental_pipeline.cc:620] Registering image #108 (num_reg_frames=4)
I20261002 19:58:22.552474 27396 incremental_pipeline.cc:623] => Image sees 91 / 201 points
I20261002 19:58:22.552534 27396 incremental_pipeline.cc:646] => Could not register, trying another image.
I20261002 19:58:22.552578 27396 incremental_pipeline.cc:620] Registering image #109 (num_reg_frames=4)
I20261002 19:58:22.552622 27396 incremental_pipeline.cc:623] => Image sees 87 / 216 points
I20261002 19:58:22.552679 27396 incremental_pipeline.cc:646] => Could not register, trying another image.
I20261002 19:58:22.552726 27396 incremental_pipeline.cc:620] Registering image #118 (num_reg_frames=4)
I20261002 19:58:22.552770 27396 incremental_pipeline.cc:623] => Image sees 82 / 217 points
I20261002 19:58:22.552831 27396 incremental_pipeline.cc:646] => Could not register, trying another image.
I20261002 19:58:22.552874 27396 incremental_pipeline.cc:620] Registering image #107 (num_reg_frames=4)
I20261002 19:58:22.552918 27396 incremental_pipeline.cc:623] => Image sees 84 / 223 points
I20261002 19:58:22.552974 27396 incremental_pipeline.cc:646] => Could not register, trying another image.
I20261002 19:58:22.553017 27396 incremental_pipeline.cc:620] Registering image #105 (num_reg_frames=4)
I20261002 19:58:22.553060 27396 incremental_pipeline.cc:623] => Image sees 70 / 187 points
I20261002 19:58:22.553113 27396 incremental_pipeline.cc:646] => Could not register, trying another image.
I20261002 19:58:22.553195 27396 incremental_pipeline.cc:620] Registering image #121 (num_reg_frames=4)
I20261002 19:58:22.553240 27396 incremental_pipeline.cc:623] => Image sees 64 / 209 points
I20261002 19:58:22.553297 27396 incremental_pipeline.cc:646] => Could not register, trying another image.
I20261002 19:58:22.553344 27396 incremental_pipeline.cc:620] Registering image #103 (num_reg_frames=4)
I20261002 19:58:22.553388 27396 incremental_pipeline.cc:623] => Image sees 48 / 166 points
I20261002 19:58:22.553441 27396 incremental_pipeline.cc:646] => Could not register, trying another image.
I20261002 19:58:22.553485 27396 incremental_pipeline.cc:620] Registering image #116 (num_reg_frames=4)
I20261002 19:58:22.553528 27396 incremental_pipeline.cc:623] => Image sees 41 / 192 points
I20261002 19:58:22.553587 27396 incremental_pipeline.cc:646] => Could not register, trying another image.
I20261002 19:58:22.553638 27396 incremental_pipeline.cc:620] Registering image #104 (num_reg_frames=4)
I20261002 19:58:22.553684 27396 incremental_pipeline.cc:623] => Image sees 41 / 172 points
I20261002 19:58:22.553736 27396 incremental_pipeline.cc:646] => Could not register, trying another image.
I20261002 19:58:22.553779 27396 incremental_pipeline.cc:620] Registering image #102 (num_reg_frames=4)
I20261002 19:58:22.553823 27396 incremental_pipeline.cc:623] => Image sees 36 / 181 points
I20261002 19:58:22.553875 27396 incremental_pipeline.cc:646] => Could not register, trying another image.
I20261002 19:58:22.553918 27396 incremental_pipeline.cc:620] Registering image #117 (num_reg_frames=4)
I20261002 19:58:22.553962 27396 incremental_pipeline.cc:623] => Image sees 30 / 153 points
I20261002 19:58:22.554013 27396 incremental_pipeline.cc:646] => Could not register, trying another image.
I20261002 19:58:22.554062 27396 incremental_pipeline.cc:620] Registering image #113 (num_reg_frames=4)
I20261002 19:58:22.554106 27396 incremental_pipeline.cc:623] => Image sees 109 / 242 points
I20261002 19:58:22.554150 27396 incremental_pipeline.cc:629] Registering image with structure-less fallback
I20261002 19:58:22.554193 27396 incremental_pipeline.cc:631] => Image sees 529 / 1202 correspondences
I20261002 19:58:22.554253 27396 incremental_pipeline.cc:646] => Could not register, trying another image.
I20261002 19:58:22.554297 27396 incremental_pipeline.cc:620] Registering image #106 (num_reg_frames=4)
I20261002 19:58:22.554347 27396 incremental_pipeline.cc:623] => Image sees 101 / 217 points
I20261002 19:58:22.554392 27396 incremental_pipeline.cc:629] Registering image with structure-less fallback
I20261002 19:58:22.554435 27396 incremental_pipeline.cc:631] => Image sees 442 / 1294 correspondences
I20261002 19:58:22.554495 27396 incremental_pipeline.cc:646] => Could not register, trying another image.
I20261002 19:58:22.554538 27396 incremental_pipeline.cc:620] Registering image #120 (num_reg_frames=4)
I20261002 19:58:22.554581 27396 incremental_pipeline.cc:623] => Image sees 110 / 243 points
I20261002 19:58:22.554624 27396 incremental_pipeline.cc:629] Registering image with structure-less fallback
I20261002 19:58:22.554667 27396 incremental_pipeline.cc:631] => Image sees 423 / 1214 correspondences
I20261002 19:58:22.554725 27396 incremental_pipeline.cc:646] => Could not register, trying another image.
I20261002 19:58:22.554769 27396 incremental_pipeline.cc:620] Registering image #118 (num_reg_frames=4)
I20261002 19:58:22.554813 27396 incremental_pipeline.cc:623] => Image sees 82 / 217 points
I20261002 19:58:22.554856 27396 incremental_pipeline.cc:629] Registering image with structure-less fallback
I20261002 19:58:22.554899 27396 incremental_pipeline.cc:631] => Image sees 422 / 1040 correspondences
I20261002 19:58:22.554958 27396 incremental_pipeline.cc:646] => Could not register, trying another image.
I20261002 19:58:22.555001 27396 incremental_pipeline.cc:620] Registering image #114 (num_reg_frames=4)
I20261002 19:58:22.555044 27396 incremental_pipeline.cc:623] => Image sees 105 / 237 points
I20261002 19:58:22.555088 27396 incremental_pipeline.cc:629] Registering image with structure-less fallback
I20261002 19:58:22.555171 27396 incremental_pipeline.cc:631] => Image sees 308 / 1104 correspondences
I20261002 19:58:22.555231 27396 incremental_pipeline.cc:646] => Could not register, trying another image.
I20261002 19:58:22.555275 27396 incremental_pipeline.cc:620] Registering image #108 (num_reg_frames=4)
I20261002 19:58:22.555318 27396 incremental_pipeline.cc:623] => Image sees 91 / 201 points
I20261002 19:58:22.555441 27396 incremental_pipeline.cc:629] Registering image with structure-less fallback
I20261002 19:58:22.555507 27396 incremental_pipeline.cc:631] => Image sees 298 / 1040 correspondences
I20261002 19:58:22.555564 27396 incremental_pipeline.cc:646] => Could not register, trying another image.
I20261002 19:58:22.555607 27396 incremental_pipeline.cc:620] Registering image #109 (num_reg_frames=4)
I20261002 19:58:22.555651 27396 incremental_pipeline.cc:623] => Image sees 87 / 216 points
I20261002 19:58:22.555694 27396 incremental_pipeline.cc:629] Registering image with structure-less fallback
I20261002 19:58:22.555737 27396 incremental_pipeline.cc:631] => Image sees 288 / 1103 correspondences
I20261002 19:58:22.555794 27396 incremental_pipeline.cc:646] => Could not register, trying another image.
I20261002 19:58:22.555838 27396 incremental_pipeline.cc:620] Registering image #116 (num_reg_frames=4)
I20261002 19:58:22.555882 27396 incremental_pipeline.cc:623] => Image sees 41 / 192 points
I20261002 19:58:22.555924 27396 incremental_pipeline.cc:629] Registering image with structure-less fallback
I20261002 19:58:22.555968 27396 incremental_pipeline.cc:631] => Image sees 264 / 1415 correspondences
I20261002 19:58:22.556024 27396 incremental_pipeline.cc:646] => Could not register, trying another image.
I20261002 19:58:22.556067 27396 incremental_pipeline.cc:620] Registering image #119 (num_reg_frames=4)
I20261002 19:58:22.556111 27396 incremental_pipeline.cc:623] => Image sees 96 / 223 points
I20261002 19:58:22.556153 27396 incremental_pipeline.cc:629] Registering image with structure-less fallback
I20261002 19:58:22.556196 27396 incremental_pipeline.cc:631] => Image sees 259 / 1003 correspondences
I20261002 19:58:22.556310 27396 incremental_pipeline.cc:646] => Could not register, trying another image.
I20261002 19:58:22.556436 27396 incremental_pipeline.cc:620] Registering image #121 (num_reg_frames=4)
I20261002 19:58:22.556536 27396 incremental_pipeline.cc:623] => Image sees 64 / 209 points
I20261002 19:58:22.556594 27396 incremental_pipeline.cc:629] Registering image with structure-less fallback
I20261002 19:58:22.556643 27396 incremental_pipeline.cc:631] => Image sees 213 / 831 correspondences
I20261002 19:58:22.556701 27396 incremental_pipeline.cc:646] => Could not register, trying another image.
I20261002 19:58:22.556746 27396 incremental_pipeline.cc:620] Registering image #112 (num_reg_frames=4)
I20261002 19:58:22.556790 27396 incremental_pipeline.cc:623] => Image sees 97 / 241 points
I20261002 19:58:22.556834 27396 incremental_pipeline.cc:629] Registering image with structure-less fallback
I20261002 19:58:22.556877 27396 incremental_pipeline.cc:631] => Image sees 165 / 1063 correspondences
I20261002 19:58:22.556933 27396 incremental_pipeline.cc:646] => Could not register, trying another image.
I20261002 19:58:22.556976 27396 incremental_pipeline.cc:620] Registering image #107 (num_reg_frames=4)
I20261002 19:58:22.557020 27396 incremental_pipeline.cc:623] => Image sees 84 / 223 points
I20261002 19:58:22.557063 27396 incremental_pipeline.cc:629] Registering image with structure-less fallback
I20261002 19:58:22.557107 27396 incremental_pipeline.cc:631] => Image sees 128 / 1022 correspondences
I20261002 19:58:22.557161 27396 incremental_pipeline.cc:646] => Could not register, trying another image.
I20261002 19:58:22.557204 27396 incremental_pipeline.cc:620] Registering image #117 (num_reg_frames=4)
I20261002 19:58:22.557248 27396 incremental_pipeline.cc:623] => Image sees 30 / 153 points
I20261002 19:58:22.557292 27396 incremental_pipeline.cc:629] Registering image with structure-less fallback
I20261002 19:58:22.557348 27396 incremental_pipeline.cc:631] => Image sees 116 / 644 correspondences
I20261002 19:58:22.557401 27396 incremental_pipeline.cc:646] => Could not register, trying another image.
I20261002 19:58:22.557449 27396 incremental_pipeline.cc:620] Registering image #105 (num_reg_frames=4)
I20261002 19:58:22.557493 27396 incremental_pipeline.cc:623] => Image sees 70 / 187 points
I20261002 19:58:22.557539 27396 incremental_pipeline.cc:629] Registering image with structure-less fallback
I20261002 19:58:22.557582 27396 incremental_pipeline.cc:631] => Image sees 110 / 859 correspondences
I20261002 19:58:22.557635 27396 incremental_pipeline.cc:646] => Could not register, trying another image.
I20261002 19:58:22.557680 27396 incremental_pipeline.cc:620] Registering image #102 (num_reg_frames=4)
I20261002 19:58:22.557724 27396 incremental_pipeline.cc:623] => Image sees 36 / 181 points
I20261002 19:58:22.557774 27396 incremental_pipeline.cc:629] Registering image with structure-less fallback
I20261002 19:58:22.557834 27396 incremental_pipeline.cc:631] => Image sees 107 / 697 correspondences
I20261002 19:58:22.557895 27396 incremental_pipeline.cc:646] => Could not register, trying another image.
I20261002 19:58:22.557942 27396 incremental_pipeline.cc:620] Registering image #103 (num_reg_frames=4)
I20261002 19:58:22.557987 27396 incremental_pipeline.cc:623] => Image sees 48 / 166 points
I20261002 19:58:22.558031 27396 incremental_pipeline.cc:629] Registering image with structure-less fallback
I20261002 19:58:22.558075 27396 incremental_pipeline.cc:631] => Image sees 94 / 772 correspondences
I20261002 19:58:22.558127 27396 incremental_pipeline.cc:646] => Could not register, trying another image.
I20261002 19:58:22.558175 27396 incremental_pipeline.cc:620] Registering image #104 (num_reg_frames=4)
I20261002 19:58:22.558221 27396 incremental_pipeline.cc:623] => Image sees 41 / 172 points
I20261002 19:58:22.558265 27396 incremental_pipeline.cc:629] Registering image with structure-less fallback
I20261002 19:58:22.558309 27396 incremental_pipeline.cc:631] => Image sees 69 / 636 correspondences
I20261002 19:58:22.558373 27396 incremental_pipeline.cc:646] => Could not register, trying another image.
W20261002 19:58:22.558418 27396 incremental_pipeline.cc:821] Discarding reconstruction due to insufficient size
I20261002 19:58:22.560069 27396 incremental_pipeline.cc:465] Finding good initial image pair
I20261002 19:58:22.568796 27396 incremental_pipeline.cc:492] Registering initial image pair #116 and #122
I20261002 19:58:22.569238 27396 incremental_pipeline.cc:510] Global bundle adjustment
I20261002 19:58:22.574281 27396 incremental_pipeline.cc:620] Registering image #127 (num_reg_frames=2)
I20261002 19:58:22.574391 27396 incremental_pipeline.cc:623] => Image sees 37 / 152 points
I20261002 19:58:22.578161 27396 incremental_pipeline.cc:88] Retriangulation and Global bundle adjustment
I20261002 19:58:22.581556 27396 incremental_pipeline.cc:620] Registering image #123 (num_reg_frames=3)
I20261002 19:58:22.581661 27396 incremental_pipeline.cc:623] => Image sees 30 / 161 points
I20261002 19:58:22.581733 27396 incremental_pipeline.cc:646] => Could not register, trying another image.
I20261002 19:58:22.581785 27396 incremental_pipeline.cc:620] Registering image #125 (num_reg_frames=3)
I20261002 19:58:22.581835 27396 incremental_pipeline.cc:623] => Image sees 30 / 158 points
I20261002 19:58:22.581894 27396 incremental_pipeline.cc:646] => Could not register, trying another image.
I20261002 19:58:22.581945 27396 incremental_pipeline.cc:620] Registering image #123 (num_reg_frames=3)
I20261002 19:58:22.581999 27396 incremental_pipeline.cc:623] => Image sees 30 / 161 points
I20261002 19:58:22.582047 27396 incremental_pipeline.cc:629] Registering image with structure-less fallback
I20261002 19:58:22.582095 27396 incremental_pipeline.cc:631] => Image sees 203 / 699 correspondences
I20261002 19:58:22.582151 27396 incremental_pipeline.cc:646] => Could not register, trying another image.
I20261002 19:58:22.582215 27396 incremental_pipeline.cc:620] Registering image #125 (num_reg_frames=3)
I20261002 19:58:22.582263 27396 incremental_pipeline.cc:623] => Image sees 30 / 158 points
I20261002 19:58:22.582309 27396 incremental_pipeline.cc:629] Registering image with structure-less fallback
I20261002 19:58:22.582355 27396 incremental_pipeline.cc:631] => Image sees 177 / 640 correspondences
I20261002 19:58:22.582411 27396 incremental_pipeline.cc:646] => Could not register, trying another image.
I20261002 19:58:22.582459 27396 incremental_pipeline.cc:88] Retriangulation and Global bundle adjustment
I20261002 19:58:22.582855 27396 incremental_pipeline.cc:620] Registering image #123 (num_reg_frames=3)
I20261002 19:58:22.582947 27396 incremental_pipeline.cc:623] => Image sees 30 / 161 points
I20261002 19:58:22.583012 27396 incremental_pipeline.cc:646] => Could not register, trying another image.
I20261002 19:58:22.583061 27396 incremental_pipeline.cc:620] Registering image #125 (num_reg_frames=3)
I20261002 19:58:22.583109 27396 incremental_pipeline.cc:623] => Image sees 30 / 158 points
I20261002 19:58:22.583166 27396 incremental_pipeline.cc:646] => Could not register, trying another image.
I20261002 19:58:22.583215 27396 incremental_pipeline.cc:620] Registering image #123 (num_reg_frames=3)
I20261002 19:58:22.583264 27396 incremental_pipeline.cc:623] => Image sees 30 / 161 points
I20261002 19:58:22.583314 27396 incremental_pipeline.cc:629] Registering image with structure-less fallback
I20261002 19:58:22.583361 27396 incremental_pipeline.cc:631] => Image sees 203 / 699 correspondences
I20261002 19:58:22.583418 27396 incremental_pipeline.cc:646] => Could not register, trying another image.
I20261002 19:58:22.583465 27396 incremental_pipeline.cc:620] Registering image #125 (num_reg_frames=3)
I20261002 19:58:22.583511 27396 incremental_pipeline.cc:623] => Image sees 30 / 158 points
I20261002 19:58:22.583558 27396 incremental_pipeline.cc:629] Registering image with structure-less fallback
I20261002 19:58:22.583604 27396 incremental_pipeline.cc:631] => Image sees 177 / 640 correspondences
I20261002 19:58:22.583660 27396 incremental_pipeline.cc:646] => Could not register, trying another image.
W20261002 19:58:22.583706 27396 incremental_pipeline.cc:821] Discarding reconstruction due to insufficient size
I20261002 19:58:22.585006 27396 incremental_pipeline.cc:465] Finding good initial image pair
I20261002 19:58:22.599992 27396 incremental_pipeline.cc:492] Registering initial image pair #121 and #122
I20261002 19:58:22.600490 27396 incremental_pipeline.cc:510] Global bundle adjustment
I20261002 19:58:22.606023 27396 incremental_pipeline.cc:620] Registering image #126 (num_reg_frames=2)
I20261002 19:58:22.606143 27396 incremental_pipeline.cc:623] => Image sees 37 / 159 points
I20261002 19:58:22.610749 27396 incremental_pipeline.cc:88] Retriangulation and Global bundle adjustment
I20261002 19:58:22.627980 27396 incremental_pipeline.cc:620] Registering image #127 (num_reg_frames=3)
I20261002 19:58:22.628108 27396 incremental_pipeline.cc:623] => Image sees 68 / 152 points
I20261002 19:58:22.628192 27396 incremental_pipeline.cc:646] => Could not register, trying another image.
I20261002 19:58:22.628251 27396 incremental_pipeline.cc:620] Registering image #125 (num_reg_frames=3)
I20261002 19:58:22.628302 27396 incremental_pipeline.cc:623] => Image sees 53 / 158 points
I20261002 19:58:22.628360 27396 incremental_pipeline.cc:646] => Could not register, trying another image.
I20261002 19:58:22.628407 27396 incremental_pipeline.cc:620] Registering image #116 (num_reg_frames=3)
I20261002 19:58:22.628453 27396 incremental_pipeline.cc:623] => Image sees 49 / 192 points
I20261002 19:58:22.628515 27396 incremental_pipeline.cc:646] => Could not register, trying another image.
I20261002 19:58:22.628563 27396 incremental_pipeline.cc:620] Registering image #117 (num_reg_frames=3)
I20261002 19:58:22.628609 27396 incremental_pipeline.cc:623] => Image sees 50 / 153 points
I20261002 19:58:22.628664 27396 incremental_pipeline.cc:646] => Could not register, trying another image.
I20261002 19:58:22.628732 27396 incremental_pipeline.cc:620] Registering image #125 (num_reg_frames=3)
I20261002 19:58:22.628782 27396 incremental_pipeline.cc:623] => Image sees 53 / 158 points
I20261002 19:58:22.628828 27396 incremental_pipeline.cc:629] Registering image with structure-less fallback
I20261002 19:58:22.628874 27396 incremental_pipeline.cc:631] => Image sees 246 / 640 correspondences
I20261002 19:58:22.629047 27396 incremental_pipeline.cc:646] => Could not register, trying another image.
I20261002 19:58:22.629173 27396 incremental_pipeline.cc:620] Registering image #116 (num_reg_frames=3)
I20261002 19:58:22.629235 27396 incremental_pipeline.cc:623] => Image sees 49 / 192 points
I20261002 19:58:22.629286 27396 incremental_pipeline.cc:629] Registering image with structure-less fallback
I20261002 19:58:22.629478 27396 incremental_pipeline.cc:631] => Image sees 246 / 1415 correspondences
I20261002 19:58:22.629616 27396 incremental_pipeline.cc:646] => Could not register, trying another image.
I20261002 19:58:22.629683 27396 incremental_pipeline.cc:620] Registering image #127 (num_reg_frames=3)
I20261002 19:58:22.629749 27396 incremental_pipeline.cc:623] => Image sees 68 / 152 points
I20261002 19:58:22.629803 27396 incremental_pipeline.cc:629] Registering image with structure-less fallback
I20261002 19:58:22.629854 27396 incremental_pipeline.cc:631] => Image sees 219 / 495 correspondences
I20261002 19:58:22.629927 27396 incremental_pipeline.cc:646] => Could not register, trying another image.
I20261002 19:58:22.629983 27396 incremental_pipeline.cc:620] Registering image #117 (num_reg_frames=3)
I20261002 19:58:22.630041 27396 incremental_pipeline.cc:623] => Image sees 50 / 153 points
I20261002 19:58:22.630087 27396 incremental_pipeline.cc:629] Registering image with structure-less fallback
I20261002 19:58:22.630134 27396 incremental_pipeline.cc:631] => Image sees 117 / 644 correspondences
I20261002 19:58:22.630187 27396 incremental_pipeline.cc:646] => Could not register, trying another image.
I20261002 19:58:22.630230 27396 incremental_pipeline.cc:88] Retriangulation and Global bundle adjustment
I20261002 19:58:22.630822 27396 incremental_pipeline.cc:620] Registering image #127 (num_reg_frames=3)
I20261002 19:58:22.630900 27396 incremental_pipeline.cc:623] => Image sees 68 / 152 points
I20261002 19:58:22.630959 27396 incremental_pipeline.cc:646] => Could not register, trying another image.
I20261002 19:58:22.631004 27396 incremental_pipeline.cc:620] Registering image #125 (num_reg_frames=3)
I20261002 19:58:22.631049 27396 incremental_pipeline.cc:623] => Image sees 53 / 158 points
I20261002 19:58:22.631103 27396 incremental_pipeline.cc:646] => Could not register, trying another image.
I20261002 19:58:22.631150 27396 incremental_pipeline.cc:620] Registering image #116 (num_reg_frames=3)
I20261002 19:58:22.631196 27396 incremental_pipeline.cc:623] => Image sees 49 / 192 points
I20261002 19:58:22.631254 27396 incremental_pipeline.cc:646] => Could not register, trying another image.
I20261002 19:58:22.631299 27396 incremental_pipeline.cc:620] Registering image #117 (num_reg_frames=3)
I20261002 19:58:22.631344 27396 incremental_pipeline.cc:623] => Image sees 50 / 153 points
I20261002 19:58:22.631397 27396 incremental_pipeline.cc:646] => Could not register, trying another image.
I20261002 19:58:22.631444 27396 incremental_pipeline.cc:620] Registering image #125 (num_reg_frames=3)
I20261002 19:58:22.631489 27396 incremental_pipeline.cc:623] => Image sees 53 / 158 points
I20261002 19:58:22.631532 27396 incremental_pipeline.cc:629] Registering image with structure-less fallback
I20261002 19:58:22.631577 27396 incremental_pipeline.cc:631] => Image sees 246 / 640 correspondences
I20261002 19:58:22.631629 27396 incremental_pipeline.cc:646] => Could not register, trying another image.
I20261002 19:58:22.631748 27396 incremental_pipeline.cc:620] Registering image #116 (num_reg_frames=3)
I20261002 19:58:22.631803 27396 incremental_pipeline.cc:623] => Image sees 49 / 192 points
I20261002 19:58:22.631865 27396 incremental_pipeline.cc:629] Registering image with structure-less fallback
I20261002 19:58:22.631920 27396 incremental_pipeline.cc:631] => Image sees 246 / 1415 correspondences
I20261002 19:58:22.631979 27396 incremental_pipeline.cc:646] => Could not register, trying another image.
I20261002 19:58:22.632023 27396 incremental_pipeline.cc:620] Registering image #127 (num_reg_frames=3)
I20261002 19:58:22.632066 27396 incremental_pipeline.cc:623] => Image sees 68 / 152 points
I20261002 19:58:22.632114 27396 incremental_pipeline.cc:629] Registering image with structure-less fallback
I20261002 19:58:22.632158 27396 incremental_pipeline.cc:631] => Image sees 219 / 495 correspondences
I20261002 19:58:22.632210 27396 incremental_pipeline.cc:646] => Could not register, trying another image.
I20261002 19:58:22.632253 27396 incremental_pipeline.cc:620] Registering image #117 (num_reg_frames=3)
I20261002 19:58:22.632297 27396 incremental_pipeline.cc:623] => Image sees 50 / 153 points
I20261002 19:58:22.632340 27396 incremental_pipeline.cc:629] Registering image with structure-less fallback
I20261002 19:58:22.632384 27396 incremental_pipeline.cc:631] => Image sees 117 / 644 correspondences
I20261002 19:58:22.632437 27396 incremental_pipeline.cc:646] => Could not register, trying another image.
W20261002 19:58:22.632481 27396 incremental_pipeline.cc:821] Discarding reconstruction due to insufficient size
I20261002 19:58:22.634060 27396 incremental_pipeline.cc:465] Finding good initial image pair
I20261002 19:58:22.663725 27396 incremental_pipeline.cc:492] Registering initial image pair #98 and #99
I20261002 19:58:22.664234 27396 incremental_pipeline.cc:510] Global bundle adjustment
I20261002 19:58:22.671931 27396 incremental_pipeline.cc:620] Registering image #97 (num_reg_frames=2)
I20261002 19:58:22.672094 27396 incremental_pipeline.cc:623] => Image sees 60 / 128 points
I20261002 19:58:22.679644 27396 incremental_pipeline.cc:88] Retriangulation and Global bundle adjustment
I20261002 19:58:22.691719 27396 incremental_pipeline.cc:620] Registering image #101 (num_reg_frames=3)
I20261002 19:58:22.691841 27396 incremental_pipeline.cc:623] => Image sees 75 / 144 points
I20261002 19:58:22.710661 27396 incremental_pipeline.cc:620] Registering image #100 (num_reg_frames=4)
I20261002 19:58:22.710809 27396 incremental_pipeline.cc:623] => Image sees 51 / 172 points
I20261002 19:58:22.724282 27396 incremental_pipeline.cc:88] Retriangulation and Global bundle adjustment
I20261002 19:58:22.745260 27396 incremental_pipeline.cc:620] Registering image #102 (num_reg_frames=5)
I20261002 19:58:22.745433 27396 incremental_pipeline.cc:623] => Image sees 42 / 181 points
I20261002 19:58:22.757062 27396 incremental_pipeline.cc:620] Registering image #104 (num_reg_frames=6)
I20261002 19:58:22.757170 27396 incremental_pipeline.cc:623] => Image sees 33 / 172 points
I20261002 19:58:22.760331 27396 incremental_pipeline.cc:88] Retriangulation and Global bundle adjustment
I20261002 19:58:22.765213 27396 incremental_pipeline.cc:620] Registering image #103 (num_reg_frames=7)
I20261002 19:58:22.765377 27396 incremental_pipeline.cc:623] => Image sees 54 / 166 points
I20261002 19:58:22.770859 27396 incremental_pipeline.cc:620] Registering image #105 (num_reg_frames=8)
I20261002 19:58:22.770975 27396 incremental_pipeline.cc:623] => Image sees 56 / 187 points
I20261002 19:58:22.777097 27396 incremental_pipeline.cc:620] Registering image #111 (num_reg_frames=9)
I20261002 19:58:22.777195 27396 incremental_pipeline.cc:623] => Image sees 57 / 274 points
I20261002 19:58:22.783315 27396 incremental_pipeline.cc:88] Retriangulation and Global bundle adjustment
I20261002 19:58:22.830548 27396 incremental_pipeline.cc:620] Registering image #109 (num_reg_frames=10)
I20261002 19:58:22.830680 27396 incremental_pipeline.cc:623] => Image sees 74 / 216 points
I20261002 19:58:22.839950 27396 incremental_pipeline.cc:620] Registering image #107 (num_reg_frames=11)
I20261002 19:58:22.840074 27396 incremental_pipeline.cc:623] => Image sees 90 / 223 points
I20261002 19:58:22.849428 27396 incremental_pipeline.cc:620] Registering image #112 (num_reg_frames=12)
I20261002 19:58:22.849536 27396 incremental_pipeline.cc:623] => Image sees 95 / 241 points
I20261002 19:58:22.857195 27396 incremental_pipeline.cc:620] Registering image #113 (num_reg_frames=13)
I20261002 19:58:22.857286 27396 incremental_pipeline.cc:623] => Image sees 104 / 242 points
I20261002 19:58:22.865138 27396 incremental_pipeline.cc:88] Retriangulation and Global bundle adjustment
I20261002 19:58:22.891112 27396 incremental_pipeline.cc:620] Registering image #110 (num_reg_frames=14)
I20261002 19:58:22.891256 27396 incremental_pipeline.cc:623] => Image sees 98 / 227 points
I20261002 19:58:22.901103 27396 incremental_pipeline.cc:620] Registering image #120 (num_reg_frames=15)
I20261002 19:58:22.901236 27396 incremental_pipeline.cc:623] => Image sees 105 / 243 points
I20261002 19:58:22.913610 27396 incremental_pipeline.cc:620] Registering image #114 (num_reg_frames=16)
I20261002 19:58:22.913787 27396 incremental_pipeline.cc:623] => Image sees 108 / 237 points
I20261002 19:58:22.926297 27396 incremental_pipeline.cc:620] Registering image #115 (num_reg_frames=17)
I20261002 19:58:22.926510 27396 incremental_pipeline.cc:623] => Image sees 120 / 252 points
I20261002 19:58:22.938619 27396 incremental_pipeline.cc:620] Registering image #119 (num_reg_frames=18)
I20261002 19:58:22.938807 27396 incremental_pipeline.cc:623] => Image sees 108 / 223 points
I20261002 19:58:22.950368 27396 incremental_pipeline.cc:620] Registering image #106 (num_reg_frames=19)
I20261002 19:58:22.950526 27396 incremental_pipeline.cc:623] => Image sees 116 / 217 points
I20261002 19:58:22.966014 27396 incremental_pipeline.cc:88] Retriangulation and Global bundle adjustment
I20261002 19:58:23.059660 27396 incremental_pipeline.cc:620] Registering image #108 (num_reg_frames=20)
I20261002 19:58:23.059838 27396 incremental_pipeline.cc:623] => Image sees 111 / 201 points
I20261002 19:58:23.076002 27396 incremental_pipeline.cc:620] Registering image #118 (num_reg_frames=21)
I20261002 19:58:23.076195 27396 incremental_pipeline.cc:623] => Image sees 98 / 217 points
I20261002 19:58:23.085734 27396 incremental_pipeline.cc:620] Registering image #121 (num_reg_frames=22)
I20261002 19:58:23.085838 27396 incremental_pipeline.cc:623] => Image sees 90 / 209 points
I20261002 19:58:23.097109 27396 incremental_pipeline.cc:620] Registering image #124 (num_reg_frames=23)
I20261002 19:58:23.097256 27396 incremental_pipeline.cc:623] => Image sees 88 / 199 points
I20261002 19:58:23.108379 27396 incremental_pipeline.cc:620] Registering image #116 (num_reg_frames=24)
I20261002 19:58:23.108564 27396 incremental_pipeline.cc:623] => Image sees 94 / 192 points
I20261002 19:58:23.126229 27396 incremental_pipeline.cc:620] Registering image #123 (num_reg_frames=25)
I20261002 19:58:23.126332 27396 incremental_pipeline.cc:623] => Image sees 81 / 161 points
I20261002 19:58:23.136433 27396 incremental_pipeline.cc:620] Registering image #125 (num_reg_frames=26)
I20261002 19:58:23.136573 27396 incremental_pipeline.cc:623] => Image sees 71 / 158 points
I20261002 19:58:23.143836 27396 incremental_pipeline.cc:620] Registering image #126 (num_reg_frames=27)
I20261002 19:58:23.143936 27396 incremental_pipeline.cc:623] => Image sees 69 / 159 points
I20261002 19:58:23.150362 27396 incremental_pipeline.cc:88] Retriangulation and Global bundle adjustment
I20261002 19:58:23.492728 27396 incremental_pipeline.cc:620] Registering image #117 (num_reg_frames=28)
I20261002 19:58:23.501844 27396 incremental_pipeline.cc:623] => Image sees 81 / 153 points
I20261002 19:58:23.512565 27396 incremental_pipeline.cc:620] Registering image #127 (num_reg_frames=29)
I20261002 19:58:23.512680 27396 incremental_pipeline.cc:623] => Image sees 84 / 152 points
I20261002 19:58:23.521306 27396 incremental_pipeline.cc:620] Registering image #122 (num_reg_frames=30)
I20261002 19:58:23.521405 27396 incremental_pipeline.cc:623] => Image sees 82 / 133 points
I20261002 19:58:23.529299 27396 incremental_pipeline.cc:620] Registering image #89 (num_reg_frames=31)
I20261002 19:58:23.529414 27396 incremental_pipeline.cc:623] => Image sees 32 / 133 points
I20261002 19:58:23.529696 27396 incremental_pipeline.cc:646] => Could not register, trying another image.
I20261002 19:58:23.529773 27396 incremental_pipeline.cc:620] Registering image #89 (num_reg_frames=31)
I20261002 19:58:23.529842 27396 incremental_pipeline.cc:623] => Image sees 32 / 133 points
I20261002 19:58:23.529908 27396 incremental_pipeline.cc:629] Registering image with structure-less fallback
I20261002 19:58:23.529974 27396 incremental_pipeline.cc:631] => Image sees 327 / 1447 correspondences
I20261002 19:58:23.555142 27396 incremental_pipeline.cc:620] Registering image #95 (num_reg_frames=32)
I20261002 19:58:23.555340 27396 incremental_pipeline.cc:623] => Image sees 48 / 118 points
I20261002 19:58:23.566352 27396 incremental_pipeline.cc:620] Registering image #93 (num_reg_frames=33)
I20261002 19:58:23.566496 27396 incremental_pipeline.cc:623] => Image sees 53 / 135 points
I20261002 19:58:23.579362 27396 incremental_pipeline.cc:620] Registering image #96 (num_reg_frames=34)
I20261002 19:58:23.579487 27396 incremental_pipeline.cc:623] => Image sees 60 / 132 points
I20261002 19:58:23.592112 27396 incremental_pipeline.cc:620] Registering image #94 (num_reg_frames=35)
I20261002 19:58:23.592232 27396 incremental_pipeline.cc:623] => Image sees 69 / 135 points
I20261002 19:58:23.605465 27396 incremental_pipeline.cc:620] Registering image #92 (num_reg_frames=36)
I20261002 19:58:23.605598 27396 incremental_pipeline.cc:623] => Image sees 85 / 140 points
I20261002 19:58:23.619897 27396 incremental_pipeline.cc:620] Registering image #91 (num_reg_frames=37)
I20261002 19:58:23.620019 27396 incremental_pipeline.cc:623] => Image sees 72 / 138 points
I20261002 19:58:23.629942 27396 incremental_pipeline.cc:620] Registering image #90 (num_reg_frames=38)
I20261002 19:58:23.630062 27396 incremental_pipeline.cc:623] => Image sees 74 / 133 points
I20261002 19:58:23.639565 27396 incremental_pipeline.cc:620] Registering image #88 (num_reg_frames=39)
I20261002 19:58:23.639686 27396 incremental_pipeline.cc:623] => Image sees 82 / 138 points
I20261002 19:58:23.647701 27396 incremental_pipeline.cc:88] Retriangulation and Global bundle adjustment
I20261002 19:58:24.205606 27396 incremental_pipeline.cc:88] Retriangulation and Global bundle adjustment
W20261002 19:58:24.205804 27396 incremental_mapper.cc:1155] At least two images must be registered for global bundle-adjustment
W20261002 19:58:24.205919 27396 incremental_pipeline.cc:821] Discarding reconstruction due to insufficient size
I20261002 19:58:24.207565 27396 incremental_pipeline.cc:465] Finding good initial image pair
I20261002 19:58:24.217088 27396 incremental_pipeline.cc:492] Registering initial image pair #7 and #10
I20261002 19:58:24.217496 27396 incremental_pipeline.cc:510] Global bundle adjustment
I20261002 19:58:24.223730 27396 incremental_pipeline.cc:620] Registering image #8 (num_reg_frames=2)
I20261002 19:58:24.223847 27396 incremental_pipeline.cc:623] => Image sees 54 / 116 points
I20261002 19:58:24.230832 27396 incremental_pipeline.cc:88] Retriangulation and Global bundle adjustment
I20261002 19:58:24.239253 27396 incremental_pipeline.cc:620] Registering image #11 (num_reg_frames=3)
I20261002 19:58:24.239418 27396 incremental_pipeline.cc:623] => Image sees 67 / 119 points
I20261002 19:58:24.249385 27396 incremental_pipeline.cc:620] Registering image #12 (num_reg_frames=4)
I20261002 19:58:24.249552 27396 incremental_pipeline.cc:623] => Image sees 75 / 123 points
I20261002 19:58:24.264040 27396 incremental_pipeline.cc:88] Retriangulation and Global bundle adjustment
I20261002 19:58:24.299387 27396 incremental_pipeline.cc:88] Retriangulation and Global bundle adjustment
W20261002 19:58:24.300786 27396 incremental_pipeline.cc:821] Discarding reconstruction due to insufficient size
I20261002 19:58:24.302085 27396 incremental_pipeline.cc:465] Finding good initial image pair
I20261002 19:58:24.306155 27396 incremental_pipeline.cc:472] => No good initial image pair found.
I20261002 19:58:24.306318 27396 incremental_pipeline.cc:800] Discarding reconstruction due to no initial pair
I20261002 19:58:24.306855 27396 incremental_pipeline.cc:442] => Relaxing the initialization constraints.
I20261002 19:58:24.307581 27396 incremental_pipeline.cc:465] Finding good initial image pair
I20261002 19:58:24.322882 27396 incremental_pipeline.cc:492] Registering initial image pair #111 and #110
I20261002 19:58:24.323874 27396 incremental_pipeline.cc:510] Global bundle adjustment
I20261002 19:58:24.337467 27396 incremental_pipeline.cc:620] Registering image #106 (num_reg_frames=2)
I20261002 19:58:24.337576 27396 incremental_pipeline.cc:623] => Image sees 151 / 217 points
I20261002 19:58:24.341793 27396 incremental_pipeline.cc:88] Retriangulation and Global bundle adjustment
I20261002 19:58:24.361989 27396 incremental_pipeline.cc:620] Registering image #113 (num_reg_frames=3)
I20261002 19:58:24.362203 27396 incremental_pipeline.cc:623] => Image sees 146 / 242 points
I20261002 19:58:24.371375 27396 incremental_pipeline.cc:620] Registering image #112 (num_reg_frames=4)
I20261002 19:58:24.371525 27396 incremental_pipeline.cc:623] => Image sees 172 / 241 points
I20261002 19:58:24.378411 27396 incremental_pipeline.cc:88] Retriangulation and Global bundle adjustment
I20261002 19:58:24.419200 27396 incremental_pipeline.cc:620] Registering image #120 (num_reg_frames=5)
I20261002 19:58:24.419398 27396 incremental_pipeline.cc:623] => Image sees 177 / 243 points
I20261002 19:58:24.429109 27396 incremental_pipeline.cc:620] Registering image #114 (num_reg_frames=6)
I20261002 19:58:24.429237 27396 incremental_pipeline.cc:623] => Image sees 166 / 237 points
I20261002 19:58:24.441553 27396 incremental_pipeline.cc:88] Retriangulation and Global bundle adjustment
I20261002 19:58:24.495878 27396 incremental_pipeline.cc:620] Registering image #115 (num_reg_frames=7)
I20261002 19:58:24.496016 27396 incremental_pipeline.cc:623] => Image sees 189 / 252 points
I20261002 19:58:24.510417 27396 incremental_pipeline.cc:620] Registering image #119 (num_reg_frames=8)
I20261002 19:58:24.510541 27396 incremental_pipeline.cc:623] => Image sees 170 / 223 points
I20261002 19:58:24.525015 27396 incremental_pipeline.cc:620] Registering image #108 (num_reg_frames=9)
I20261002 19:58:24.525210 27396 incremental_pipeline.cc:623] => Image sees 169 / 201 points
I20261002 19:58:24.539004 27396 incremental_pipeline.cc:88] Retriangulation and Global bundle adjustment
I20261002 19:58:24.658796 27396 incremental_pipeline.cc:620] Registering image #107 (num_reg_frames=10)
I20261002 19:58:24.658931 27396 incremental_pipeline.cc:623] => Image sees 178 / 223 points
I20261002 19:58:24.676869 27396 incremental_pipeline.cc:620] Registering image #109 (num_reg_frames=11)
I20261002 19:58:24.677006 27396 incremental_pipeline.cc:623] => Image sees 174 / 216 points
I20261002 19:58:24.687761 27396 incremental_pipeline.cc:620] Registering image #118 (num_reg_frames=12)
I20261002 19:58:24.687882 27396 incremental_pipeline.cc:623] => Image sees 159 / 217 points
I20261002 19:58:24.700735 27396 incremental_pipeline.cc:620] Registering image #121 (num_reg_frames=13)
I20261002 19:58:24.700910 27396 incremental_pipeline.cc:623] => Image sees 156 / 209 points
I20261002 19:58:24.717580 27396 incremental_pipeline.cc:88] Retriangulation and Global bundle adjustment
I20261002 19:58:25.008811 27396 incremental_pipeline.cc:620] Registering image #105 (num_reg_frames=14)
I20261002 19:58:25.017941 27396 incremental_pipeline.cc:623] => Image sees 147 / 187 points
I20261002 19:58:25.030138 27396 incremental_pipeline.cc:620] Registering image #124 (num_reg_frames=15)
I20261002 19:58:25.030248 27396 incremental_pipeline.cc:623] => Image sees 133 / 199 points
I20261002 19:58:25.043640 27396 incremental_pipeline.cc:620] Registering image #116 (num_reg_frames=16)
I20261002 19:58:25.043772 27396 incremental_pipeline.cc:623] => Image sees 138 / 192 points
I20261002 19:58:25.055697 27396 incremental_pipeline.cc:620] Registering image #123 (num_reg_frames=17)
I20261002 19:58:25.055812 27396 incremental_pipeline.cc:623] => Image sees 123 / 161 points
I20261002 19:58:25.068534 27396 incremental_pipeline.cc:620] Registering image #125 (num_reg_frames=18)
I20261002 19:58:25.068648 27396 incremental_pipeline.cc:623] => Image sees 115 / 158 points
I20261002 19:58:25.081855 27396 incremental_pipeline.cc:620] Registering image #117 (num_reg_frames=19)
I20261002 19:58:25.081969 27396 incremental_pipeline.cc:623] => Image sees 114 / 153 points
I20261002 19:58:25.091276 27396 incremental_pipeline.cc:88] Retriangulation and Global bundle adjustment
I20261002 19:58:26.353022 27396 incremental_pipeline.cc:88] Retriangulation and Global bundle adjustment
W20261002 19:58:26.362089 27396 incremental_mapper.cc:1155] At least two images must be registered for global bundle-adjustment
W20261002 19:58:26.362195 27396 incremental_pipeline.cc:821] Discarding reconstruction due to insufficient size
I20261002 19:58:26.363574 27396 incremental_pipeline.cc:465] Finding good initial image pair
I20261002 19:58:26.371860 27396 incremental_pipeline.cc:492] Registering initial image pair #53 and #36
I20261002 19:58:26.372452 27396 incremental_pipeline.cc:510] Global bundle adjustment
I20261002 19:58:26.379054 27396 incremental_pipeline.cc:620] Registering image #47 (num_reg_frames=2)
I20261002 19:58:26.379235 27396 incremental_pipeline.cc:623] => Image sees 47 / 87 points
I20261002 19:58:26.381161 27396 incremental_pipeline.cc:88] Retriangulation and Global bundle adjustment
I20261002 19:58:26.385455 27396 incremental_pipeline.cc:620] Registering image #39 (num_reg_frames=3)
I20261002 19:58:26.385563 27396 incremental_pipeline.cc:623] => Image sees 52 / 83 points
I20261002 19:58:26.389371 27396 incremental_pipeline.cc:620] Registering image #40 (num_reg_frames=4)
I20261002 19:58:26.389509 27396 incremental_pipeline.cc:623] => Image sees 54 / 78 points
I20261002 19:58:26.392960 27396 incremental_pipeline.cc:88] Retriangulation and Global bundle adjustment
I20261002 19:58:26.400404 27396 incremental_pipeline.cc:620] Registering image #60 (num_reg_frames=5)
I20261002 19:58:26.400513 27396 incremental_pipeline.cc:623] => Image sees 51 / 81 points
I20261002 19:58:26.403668 27396 incremental_pipeline.cc:620] Registering image #51 (num_reg_frames=6)
I20261002 19:58:26.404504 27396 incremental_pipeline.cc:623] => Image sees 50 / 70 points
I20261002 19:58:26.406662 27396 incremental_pipeline.cc:88] Retriangulation and Global bundle adjustment
I20261002 19:58:26.423641 27396 incremental_pipeline.cc:620] Registering image #52 (num_reg_frames=7)
I20261002 19:58:26.423738 27396 incremental_pipeline.cc:623] => Image sees 48 / 84 points
I20261002 19:58:26.426443 27396 incremental_pipeline.cc:620] Registering image #41 (num_reg_frames=8)
I20261002 19:58:26.426544 27396 incremental_pipeline.cc:623] => Image sees 51 / 82 points
I20261002 19:58:26.430350 27396 incremental_pipeline.cc:620] Registering image #37 (num_reg_frames=9)
I20261002 19:58:26.430467 27396 incremental_pipeline.cc:623] => Image sees 50 / 67 points
I20261002 19:58:26.434421 27396 incremental_pipeline.cc:88] Retriangulation and Global bundle adjustment
I20261002 19:58:26.468462 27396 incremental_pipeline.cc:620] Registering image #61 (num_reg_frames=10)
I20261002 19:58:26.468580 27396 incremental_pipeline.cc:623] => Image sees 30 / 90 points
I20261002 19:58:26.476506 27396 incremental_pipeline.cc:88] Retriangulation and Global bundle adjustment
W20261002 19:58:26.513529 27396 bundle_adjustment_ceres.cc:391] Failed to fix Gauge with two cameras. Falling back to fixing Gauge with three points.
W20261002 19:58:26.513709 27396 bundle_adjustment_ceres.cc:298] Failed to fix Gauge due to insufficient number of fixed points: 0
I20261002 19:58:26.514953 27396 incremental_pipeline.cc:88] Retriangulation and Global bundle adjustment
W20261002 19:58:26.521372 27396 bundle_adjustment_ceres.cc:391] Failed to fix Gauge with two cameras. Falling back to fixing Gauge with three points.
W20261002 19:58:26.521466 27396 bundle_adjustment_ceres.cc:298] Failed to fix Gauge due to insufficient number of fixed points: 0
I20261002 19:58:26.521551 27396 incremental_pipeline.cc:826] Keeping successful reconstruction
I20261002 19:58:26.523056 27396 incremental_pipeline.cc:465] Finding good initial image pair
I20261002 19:58:26.531863 27396 incremental_pipeline.cc:492] Registering initial image pair #116 and #124
I20261002 19:58:26.532475 27396 incremental_pipeline.cc:510] Global bundle adjustment
I20261002 19:58:26.542254 27396 incremental_pipeline.cc:620] Registering image #123 (num_reg_frames=2)
I20261002 19:58:26.542351 27396 incremental_pipeline.cc:623] => Image sees 92 / 161 points
I20261002 19:58:26.549499 27396 incremental_pipeline.cc:88] Retriangulation and Global bundle adjustment
I20261002 19:58:26.566116 27396 incremental_pipeline.cc:620] Registering image #118 (num_reg_frames=3)
I20261002 19:58:26.566242 27396 incremental_pipeline.cc:623] => Image sees 101 / 217 points
I20261002 19:58:26.566518 27396 incremental_pipeline.cc:646] => Could not register, trying another image.
I20261002 19:58:26.566696 27396 incremental_pipeline.cc:620] Registering image #125 (num_reg_frames=3)
I20261002 19:58:26.566874 27396 incremental_pipeline.cc:623] => Image sees 102 / 158 points
I20261002 19:58:26.567067 27396 incremental_pipeline.cc:646] => Could not register, trying another image.
I20261002 19:58:26.567218 27396 incremental_pipeline.cc:620] Registering image #121 (num_reg_frames=3)
I20261002 19:58:26.567424 27396 incremental_pipeline.cc:623] => Image sees 94 / 209 points
I20261002 19:58:26.567639 27396 incremental_pipeline.cc:646] => Could not register, trying another image.
I20261002 19:58:26.567835 27396 incremental_pipeline.cc:620] Registering image #117 (num_reg_frames=3)
I20261002 19:58:26.567987 27396 incremental_pipeline.cc:623] => Image sees 92 / 153 points
I20261002 19:58:26.568109 27396 incremental_pipeline.cc:646] => Could not register, trying another image.
I20261002 19:58:26.568254 27396 incremental_pipeline.cc:620] Registering image #126 (num_reg_frames=3)
I20261002 19:58:26.568350 27396 incremental_pipeline.cc:623] => Image sees 80 / 159 points
I20261002 19:58:26.568437 27396 incremental_pipeline.cc:646] => Could not register, trying another image.
I20261002 19:58:26.568502 27396 incremental_pipeline.cc:620] Registering image #115 (num_reg_frames=3)
I20261002 19:58:26.568577 27396 incremental_pipeline.cc:623] => Image sees 75 / 252 points
I20261002 19:58:26.568655 27396 incremental_pipeline.cc:646] => Could not register, trying another image.
I20261002 19:58:26.568717 27396 incremental_pipeline.cc:620] Registering image #119 (num_reg_frames=3)
I20261002 19:58:26.568800 27396 incremental_pipeline.cc:623] => Image sees 69 / 223 points
I20261002 19:58:26.568892 27396 incremental_pipeline.cc:646] => Could not register, trying another image.
I20261002 19:58:26.568959 27396 incremental_pipeline.cc:620] Registering image #127 (num_reg_frames=3)
I20261002 19:58:26.569021 27396 incremental_pipeline.cc:623] => Image sees 74 / 152 points
I20261002 19:58:26.569091 27396 incremental_pipeline.cc:646] => Could not register, trying another image.
I20261002 19:58:26.569156 27396 incremental_pipeline.cc:620] Registering image #120 (num_reg_frames=3)
I20261002 19:58:26.569217 27396 incremental_pipeline.cc:623] => Image sees 59 / 243 points
I20261002 19:58:26.569302 27396 incremental_pipeline.cc:646] => Could not register, trying another image.
I20261002 19:58:26.569364 27396 incremental_pipeline.cc:620] Registering image #122 (num_reg_frames=3)
I20261002 19:58:26.569424 27396 incremental_pipeline.cc:623] => Image sees 59 / 133 points
I20261002 19:58:26.569493 27396 incremental_pipeline.cc:646] => Could not register, trying another image.
I20261002 19:58:26.569559 27396 incremental_pipeline.cc:620] Registering image #113 (num_reg_frames=3)
I20261002 19:58:26.569625 27396 incremental_pipeline.cc:623] => Image sees 57 / 242 points
I20261002 19:58:26.569704 27396 incremental_pipeline.cc:646] => Could not register, trying another image.
I20261002 19:58:26.569767 27396 incremental_pipeline.cc:620] Registering image #114 (num_reg_frames=3)
I20261002 19:58:26.569846 27396 incremental_pipeline.cc:623] => Image sees 55 / 237 points
I20261002 19:58:26.569919 27396 incremental_pipeline.cc:646] => Could not register, trying another image.
I20261002 19:58:26.569986 27396 incremental_pipeline.cc:620] Registering image #111 (num_reg_frames=3)
I20261002 19:58:26.570051 27396 incremental_pipeline.cc:623] => Image sees 53 / 274 points
I20261002 19:58:26.570145 27396 incremental_pipeline.cc:646] => Could not register, trying another image.
I20261002 19:58:26.570207 27396 incremental_pipeline.cc:620] Registering image #110 (num_reg_frames=3)
I20261002 19:58:26.570270 27396 incremental_pipeline.cc:623] => Image sees 37 / 227 points
I20261002 19:58:26.570346 27396 incremental_pipeline.cc:646] => Could not register, trying another image.
I20261002 19:58:26.570433 27396 incremental_pipeline.cc:620] Registering image #109 (num_reg_frames=3)
I20261002 19:58:26.570496 27396 incremental_pipeline.cc:623] => Image sees 36 / 216 points
I20261002 19:58:26.570569 27396 incremental_pipeline.cc:646] => Could not register, trying another image.
I20261002 19:58:26.570645 27396 incremental_pipeline.cc:620] Registering image #112 (num_reg_frames=3)
I20261002 19:58:26.570725 27396 incremental_pipeline.cc:623] => Image sees 37 / 241 points
I20261002 19:58:26.570801 27396 incremental_pipeline.cc:646] => Could not register, trying another image.
I20261002 19:58:26.570865 27396 incremental_pipeline.cc:620] Registering image #108 (num_reg_frames=3)
I20261002 19:58:26.570931 27396 incremental_pipeline.cc:623] => Image sees 33 / 201 points
I20261002 19:58:26.571006 27396 incremental_pipeline.cc:646] => Could not register, trying another image.
I20261002 19:58:26.571067 27396 incremental_pipeline.cc:620] Registering image #106 (num_reg_frames=3)
I20261002 19:58:26.571128 27396 incremental_pipeline.cc:623] => Image sees 32 / 217 points
I20261002 19:58:26.571196 27396 incremental_pipeline.cc:646] => Could not register, trying another image.
I20261002 19:58:26.571264 27396 incremental_pipeline.cc:620] Registering image #107 (num_reg_frames=3)
I20261002 19:58:26.571327 27396 incremental_pipeline.cc:623] => Image sees 31 / 223 points
I20261002 19:58:26.571405 27396 incremental_pipeline.cc:646] => Could not register, trying another image.
I20261002 19:58:26.571473 27396 incremental_pipeline.cc:620] Registering image #118 (num_reg_frames=3)
I20261002 19:58:26.571540 27396 incremental_pipeline.cc:623] => Image sees 101 / 217 points
I20261002 19:58:26.571601 27396 incremental_pipeline.cc:629] Registering image with structure-less fallback
I20261002 19:58:26.571660 27396 incremental_pipeline.cc:631] => Image sees 292 / 1040 correspondences
I20261002 19:58:26.571735 27396 incremental_pipeline.cc:646] => Could not register, trying another image.
I20261002 19:58:26.571795 27396 incremental_pipeline.cc:620] Registering image #117 (num_reg_frames=3)
I20261002 19:58:26.571856 27396 incremental_pipeline.cc:623] => Image sees 92 / 153 points
I20261002 19:58:26.571916 27396 incremental_pipeline.cc:629] Registering image with structure-less fallback
I20261002 19:58:26.571979 27396 incremental_pipeline.cc:631] => Image sees 253 / 644 correspondences
I20261002 19:58:26.572047 27396 incremental_pipeline.cc:646] => Could not register, trying another image.
I20261002 19:58:26.572107 27396 incremental_pipeline.cc:620] Registering image #121 (num_reg_frames=3)
I20261002 19:58:26.572172 27396 incremental_pipeline.cc:623] => Image sees 94 / 209 points
I20261002 19:58:26.572233 27396 incremental_pipeline.cc:629] Registering image with structure-less fallback
I20261002 19:58:26.572294 27396 incremental_pipeline.cc:631] => Image sees 236 / 831 correspondences
I20261002 19:58:26.572366 27396 incremental_pipeline.cc:646] => Could not register, trying another image.
I20261002 19:58:26.572438 27396 incremental_pipeline.cc:620] Registering image #125 (num_reg_frames=3)
I20261002 19:58:26.572499 27396 incremental_pipeline.cc:623] => Image sees 102 / 158 points
I20261002 19:58:26.572565 27396 incremental_pipeline.cc:629] Registering image with structure-less fallback
I20261002 19:58:26.572638 27396 incremental_pipeline.cc:631] => Image sees 214 / 640 correspondences
I20261002 19:58:26.572710 27396 incremental_pipeline.cc:646] => Could not register, trying another image.
I20261002 19:58:26.572773 27396 incremental_pipeline.cc:620] Registering image #115 (num_reg_frames=3)
I20261002 19:58:26.572834 27396 incremental_pipeline.cc:623] => Image sees 75 / 252 points
I20261002 19:58:26.572893 27396 incremental_pipeline.cc:629] Registering image with structure-less fallback
I20261002 19:58:26.572952 27396 incremental_pipeline.cc:631] => Image sees 165 / 1243 correspondences
I20261002 19:58:26.573023 27396 incremental_pipeline.cc:646] => Could not register, trying another image.
I20261002 19:58:26.573083 27396 incremental_pipeline.cc:620] Registering image #127 (num_reg_frames=3)
I20261002 19:58:26.573144 27396 incremental_pipeline.cc:623] => Image sees 74 / 152 points
I20261002 19:58:26.573217 27396 incremental_pipeline.cc:629] Registering image with structure-less fallback
I20261002 19:58:26.573382 27396 incremental_pipeline.cc:631] => Image sees 141 / 495 correspondences
I20261002 19:58:26.573929 27396 incremental_pipeline.cc:646] => Could not register, trying another image.
I20261002 19:58:26.574021 27396 incremental_pipeline.cc:620] Registering image #111 (num_reg_frames=3)
I20261002 19:58:26.574094 27396 incremental_pipeline.cc:623] => Image sees 53 / 274 points
I20261002 19:58:26.574157 27396 incremental_pipeline.cc:629] Registering image with structure-less fallback
I20261002 19:58:26.574215 27396 incremental_pipeline.cc:631] => Image sees 136 / 2266 correspondences
I20261002 19:58:26.574291 27396 incremental_pipeline.cc:646] => Could not register, trying another image.
I20261002 19:58:26.574353 27396 incremental_pipeline.cc:620] Registering image #113 (num_reg_frames=3)
I20261002 19:58:26.574424 27396 incremental_pipeline.cc:623] => Image sees 57 / 242 points
I20261002 19:58:26.574499 27396 incremental_pipeline.cc:629] Registering image with structure-less fallback
I20261002 19:58:26.574571 27396 incremental_pipeline.cc:631] => Image sees 122 / 1202 correspondences
I20261002 19:58:26.574643 27396 incremental_pipeline.cc:646] => Could not register, trying another image.
I20261002 19:58:26.574704 27396 incremental_pipeline.cc:620] Registering image #120 (num_reg_frames=3)
I20261002 19:58:26.574764 27396 incremental_pipeline.cc:623] => Image sees 59 / 243 points
I20261002 19:58:26.574822 27396 incremental_pipeline.cc:629] Registering image with structure-less fallback
I20261002 19:58:26.574881 27396 incremental_pipeline.cc:631] => Image sees 104 / 1214 correspondences
I20261002 19:58:26.574949 27396 incremental_pipeline.cc:646] => Could not register, trying another image.
I20261002 19:58:26.575013 27396 incremental_pipeline.cc:620] Registering image #126 (num_reg_frames=3)
I20261002 19:58:26.575080 27396 incremental_pipeline.cc:623] => Image sees 80 / 159 points
I20261002 19:58:26.575142 27396 incremental_pipeline.cc:629] Registering image with structure-less fallback
I20261002 19:58:26.575202 27396 incremental_pipeline.cc:631] => Image sees 88 / 623 correspondences
I20261002 19:58:26.575269 27396 incremental_pipeline.cc:646] => Could not register, trying another image.
I20261002 19:58:26.575331 27396 incremental_pipeline.cc:620] Registering image #119 (num_reg_frames=3)
I20261002 19:58:26.575390 27396 incremental_pipeline.cc:623] => Image sees 69 / 223 points
I20261002 19:58:26.575456 27396 incremental_pipeline.cc:629] Registering image with structure-less fallback
I20261002 19:58:26.575531 27396 incremental_pipeline.cc:631] => Image sees 80 / 1003 correspondences
I20261002 19:58:26.575601 27396 incremental_pipeline.cc:646] => Could not register, trying another image.
I20261002 19:58:26.575660 27396 incremental_pipeline.cc:620] Registering image #114 (num_reg_frames=3)
I20261002 19:58:26.575719 27396 incremental_pipeline.cc:623] => Image sees 55 / 237 points
I20261002 19:58:26.575778 27396 incremental_pipeline.cc:629] Registering image with structure-less fallback
I20261002 19:58:26.575848 27396 incremental_pipeline.cc:631] => Image sees 65 / 1104 correspondences
I20261002 19:58:26.575917 27396 incremental_pipeline.cc:646] => Could not register, trying another image.
I20261002 19:58:26.575989 27396 incremental_pipeline.cc:620] Registering image #109 (num_reg_frames=3)
I20261002 19:58:26.576052 27396 incremental_pipeline.cc:623] => Image sees 36 / 216 points
I20261002 19:58:26.576113 27396 incremental_pipeline.cc:629] Registering image with structure-less fallback
I20261002 19:58:26.576176 27396 incremental_pipeline.cc:631] => Image sees 62 / 1103 correspondences
I20261002 19:58:26.576248 27396 incremental_pipeline.cc:646] => Could not register, trying another image.
I20261002 19:58:26.576305 27396 incremental_pipeline.cc:620] Registering image #122 (num_reg_frames=3)
I20261002 19:58:26.576364 27396 incremental_pipeline.cc:623] => Image sees 59 / 133 points
I20261002 19:58:26.576449 27396 incremental_pipeline.cc:629] Registering image with structure-less fallback
I20261002 19:58:26.576507 27396 incremental_pipeline.cc:631] => Image sees 60 / 389 correspondences
I20261002 19:58:26.576572 27396 incremental_pipeline.cc:646] => Could not register, trying another image.
I20261002 19:58:26.576638 27396 incremental_pipeline.cc:620] Registering image #112 (num_reg_frames=3)
I20261002 19:58:26.576703 27396 incremental_pipeline.cc:623] => Image sees 37 / 241 points
I20261002 19:58:26.576762 27396 incremental_pipeline.cc:629] Registering image with structure-less fallback
I20261002 19:58:26.576821 27396 incremental_pipeline.cc:631] => Image sees 41 / 1063 correspondences
I20261002 19:58:26.576880 27396 incremental_pipeline.cc:646] => Could not register, trying another image.
I20261002 19:58:26.576938 27396 incremental_pipeline.cc:620] Registering image #110 (num_reg_frames=3)
I20261002 19:58:26.576996 27396 incremental_pipeline.cc:623] => Image sees 37 / 227 points
I20261002 19:58:26.577060 27396 incremental_pipeline.cc:629] Registering image with structure-less fallback
I20261002 19:58:26.577119 27396 incremental_pipeline.cc:631] => Image sees 39 / 1137 correspondences
I20261002 19:58:26.577183 27396 incremental_pipeline.cc:646] => Could not register, trying another image.
I20261002 19:58:26.577241 27396 incremental_pipeline.cc:620] Registering image #107 (num_reg_frames=3)
I20261002 19:58:26.577299 27396 incremental_pipeline.cc:623] => Image sees 31 / 223 points
I20261002 19:58:26.577361 27396 incremental_pipeline.cc:629] Registering image with structure-less fallback
I20261002 19:58:26.577420 27396 incremental_pipeline.cc:631] => Image sees 38 / 1022 correspondences
I20261002 19:58:26.577479 27396 incremental_pipeline.cc:646] => Could not register, trying another image.
I20261002 19:58:26.577538 27396 incremental_pipeline.cc:620] Registering image #108 (num_reg_frames=3)
I20261002 19:58:26.577597 27396 incremental_pipeline.cc:623] => Image sees 33 / 201 points
I20261002 19:58:26.577655 27396 incremental_pipeline.cc:629] Registering image with structure-less fallback
I20261002 19:58:26.577716 27396 incremental_pipeline.cc:631] => Image sees 36 / 1040 correspondences
I20261002 19:58:26.577781 27396 incremental_pipeline.cc:646] => Could not register, trying another image.
I20261002 19:58:26.577839 27396 incremental_pipeline.cc:620] Registering image #106 (num_reg_frames=3)
I20261002 19:58:26.577900 27396 incremental_pipeline.cc:623] => Image sees 32 / 217 points
I20261002 19:58:26.577958 27396 incremental_pipeline.cc:629] Registering image with structure-less fallback
I20261002 19:58:26.578017 27396 incremental_pipeline.cc:631] => Image sees 34 / 1294 correspondences
I20261002 19:58:26.578079 27396 incremental_pipeline.cc:646] => Could not register, trying another image.
I20261002 19:58:26.578136 27396 incremental_pipeline.cc:88] Retriangulation and Global bundle adjustment
I20261002 19:58:26.594338 27396 incremental_pipeline.cc:620] Registering image #118 (num_reg_frames=3)
I20261002 19:58:26.594553 27396 incremental_pipeline.cc:623] => Image sees 101 / 217 points
I20261002 19:58:26.594657 27396 incremental_pipeline.cc:646] => Could not register, trying another image.
I20261002 19:58:26.594731 27396 incremental_pipeline.cc:620] Registering image #125 (num_reg_frames=3)
I20261002 19:58:26.594786 27396 incremental_pipeline.cc:623] => Image sees 102 / 158 points
I20261002 19:58:26.594902 27396 incremental_pipeline.cc:646] => Could not register, trying another image.
I20261002 19:58:26.594992 27396 incremental_pipeline.cc:620] Registering image #121 (num_reg_frames=3)
I20261002 19:58:26.595053 27396 incremental_pipeline.cc:623] => Image sees 94 / 209 points
I20261002 19:58:26.595237 27396 incremental_pipeline.cc:646] => Could not register, trying another image.
I20261002 19:58:26.595325 27396 incremental_pipeline.cc:620] Registering image #117 (num_reg_frames=3)
I20261002 19:58:26.595414 27396 incremental_pipeline.cc:623] => Image sees 92 / 153 points
I20261002 19:58:26.595531 27396 incremental_pipeline.cc:646] => Could not register, trying another image.
I20261002 19:58:26.595607 27396 incremental_pipeline.cc:620] Registering image #126 (num_reg_frames=3)
I20261002 19:58:26.595657 27396 incremental_pipeline.cc:623] => Image sees 80 / 159 points
I20261002 19:58:26.595741 27396 incremental_pipeline.cc:646] => Could not register, trying another image.
I20261002 19:58:26.595813 27396 incremental_pipeline.cc:620] Registering image #115 (num_reg_frames=3)
I20261002 19:58:26.595880 27396 incremental_pipeline.cc:623] => Image sees 75 / 252 points
I20261002 19:58:26.595978 27396 incremental_pipeline.cc:646] => Could not register, trying another image.
I20261002 19:58:26.596035 27396 incremental_pipeline.cc:620] Registering image #119 (num_reg_frames=3)
I20261002 19:58:26.596086 27396 incremental_pipeline.cc:623] => Image sees 69 / 223 points
I20261002 19:58:26.596147 27396 incremental_pipeline.cc:646] => Could not register, trying another image.
I20261002 19:58:26.596199 27396 incremental_pipeline.cc:620] Registering image #127 (num_reg_frames=3)
I20261002 19:58:26.596248 27396 incremental_pipeline.cc:623] => Image sees 74 / 152 points
I20261002 19:58:26.596305 27396 incremental_pipeline.cc:646] => Could not register, trying another image.
I20261002 19:58:26.596352 27396 incremental_pipeline.cc:620] Registering image #120 (num_reg_frames=3)
I20261002 19:58:26.596402 27396 incremental_pipeline.cc:623] => Image sees 59 / 243 points
I20261002 19:58:26.596534 27396 incremental_pipeline.cc:646] => Could not register, trying another image.
I20261002 19:58:26.596681 27396 incremental_pipeline.cc:620] Registering image #122 (num_reg_frames=3)
I20261002 19:58:26.596804 27396 incremental_pipeline.cc:623] => Image sees 59 / 133 points
I20261002 19:58:26.596920 27396 incremental_pipeline.cc:646] => Could not register, trying another image.
I20261002 19:58:26.597031 27396 incremental_pipeline.cc:620] Registering image #113 (num_reg_frames=3)
I20261002 19:58:26.597113 27396 incremental_pipeline.cc:623] => Image sees 57 / 242 points
I20261002 19:58:26.597185 27396 incremental_pipeline.cc:646] => Could not register, trying another image.
I20261002 19:58:26.597237 27396 incremental_pipeline.cc:620] Registering image #114 (num_reg_frames=3)
I20261002 19:58:26.597287 27396 incremental_pipeline.cc:623] => Image sees 55 / 237 points
I20261002 19:58:26.597350 27396 incremental_pipeline.cc:646] => Could not register, trying another image.
I20261002 19:58:26.597398 27396 incremental_pipeline.cc:620] Registering image #111 (num_reg_frames=3)
I20261002 19:58:26.597483 27396 incremental_pipeline.cc:623] => Image sees 53 / 274 points
I20261002 19:58:26.597647 27396 incremental_pipeline.cc:646] => Could not register, trying another image.
I20261002 19:58:26.597724 27396 incremental_pipeline.cc:620] Registering image #110 (num_reg_frames=3)
I20261002 19:58:26.597791 27396 incremental_pipeline.cc:623] => Image sees 37 / 227 points
I20261002 19:58:26.597866 27396 incremental_pipeline.cc:646] => Could not register, trying another image.
I20261002 19:58:26.597996 27396 incremental_pipeline.cc:620] Registering image #109 (num_reg_frames=3)
I20261002 19:58:26.598109 27396 incremental_pipeline.cc:623] => Image sees 36 / 216 points
I20261002 19:58:26.598235 27396 incremental_pipeline.cc:646] => Could not register, trying another image.
I20261002 19:58:26.598321 27396 incremental_pipeline.cc:620] Registering image #112 (num_reg_frames=3)
I20261002 19:58:26.598379 27396 incremental_pipeline.cc:623] => Image sees 37 / 241 points
I20261002 19:58:26.598449 27396 incremental_pipeline.cc:646] => Could not register, trying another image.
I20261002 19:58:26.598498 27396 incremental_pipeline.cc:620] Registering image #108 (num_reg_frames=3)
I20261002 19:58:26.598548 27396 incremental_pipeline.cc:623] => Image sees 33 / 201 points
I20261002 19:58:26.598607 27396 incremental_pipeline.cc:646] => Could not register, trying another image.
I20261002 19:58:26.598655 27396 incremental_pipeline.cc:620] Registering image #106 (num_reg_frames=3)
I20261002 19:58:26.598721 27396 incremental_pipeline.cc:623] => Image sees 32 / 217 points
I20261002 19:58:26.598831 27396 incremental_pipeline.cc:646] => Could not register, trying another image.
I20261002 19:58:26.598895 27396 incremental_pipeline.cc:620] Registering image #107 (num_reg_frames=3)
I20261002 19:58:26.598946 27396 incremental_pipeline.cc:623] => Image sees 31 / 223 points
I20261002 19:58:26.599008 27396 incremental_pipeline.cc:646] => Could not register, trying another image.
I20261002 19:58:26.599067 27396 incremental_pipeline.cc:620] Registering image #118 (num_reg_frames=3)
I20261002 19:58:26.599118 27396 incremental_pipeline.cc:623] => Image sees 101 / 217 points
I20261002 19:58:26.599167 27396 incremental_pipeline.cc:629] Registering image with structure-less fallback
I20261002 19:58:26.599216 27396 incremental_pipeline.cc:631] => Image sees 292 / 1040 correspondences
I20261002 19:58:26.599364 27396 incremental_pipeline.cc:646] => Could not register, trying another image.
I20261002 19:58:26.599470 27396 incremental_pipeline.cc:620] Registering image #117 (num_reg_frames=3)
I20261002 19:58:26.599540 27396 incremental_pipeline.cc:623] => Image sees 92 / 153 points
I20261002 19:58:26.599594 27396 incremental_pipeline.cc:629] Registering image with structure-less fallback
I20261002 19:58:26.599645 27396 incremental_pipeline.cc:631] => Image sees 253 / 644 correspondences
I20261002 19:58:26.599706 27396 incremental_pipeline.cc:646] => Could not register, trying another image.
I20261002 19:58:26.599773 27396 incremental_pipeline.cc:620] Registering image #121 (num_reg_frames=3)
I20261002 19:58:26.599823 27396 incremental_pipeline.cc:623] => Image sees 94 / 209 points
I20261002 19:58:26.599872 27396 incremental_pipeline.cc:629] Registering image with structure-less fallback
I20261002 19:58:26.599920 27396 incremental_pipeline.cc:631] => Image sees 236 / 831 correspondences
I20261002 19:58:26.599982 27396 incremental_pipeline.cc:646] => Could not register, trying another image.
I20261002 19:58:26.600049 27396 incremental_pipeline.cc:620] Registering image #125 (num_reg_frames=3)
I20261002 19:58:26.600147 27396 incremental_pipeline.cc:623] => Image sees 102 / 158 points
I20261002 19:58:26.600208 27396 incremental_pipeline.cc:629] Registering image with structure-less fallback
I20261002 19:58:26.600260 27396 incremental_pipeline.cc:631] => Image sees 214 / 640 correspondences
I20261002 19:58:26.600322 27396 incremental_pipeline.cc:646] => Could not register, trying another image.
I20261002 19:58:26.600372 27396 incremental_pipeline.cc:620] Registering image #115 (num_reg_frames=3)
I20261002 19:58:26.600422 27396 incremental_pipeline.cc:623] => Image sees 75 / 252 points
I20261002 19:58:26.600472 27396 incremental_pipeline.cc:629] Registering image with structure-less fallback
I20261002 19:58:26.600527 27396 incremental_pipeline.cc:631] => Image sees 165 / 1243 correspondences
I20261002 19:58:26.600596 27396 incremental_pipeline.cc:646] => Could not register, trying another image.
I20261002 19:58:26.600645 27396 incremental_pipeline.cc:620] Registering image #127 (num_reg_frames=3)
I20261002 19:58:26.600696 27396 incremental_pipeline.cc:623] => Image sees 74 / 152 points
I20261002 19:58:26.600756 27396 incremental_pipeline.cc:629] Registering image with structure-less fallback
I20261002 19:58:26.600806 27396 incremental_pipeline.cc:631] => Image sees 141 / 495 correspondences
I20261002 19:58:26.600864 27396 incremental_pipeline.cc:646] => Could not register, trying another image.
I20261002 19:58:26.600913 27396 incremental_pipeline.cc:620] Registering image #111 (num_reg_frames=3)
I20261002 19:58:26.600961 27396 incremental_pipeline.cc:623] => Image sees 53 / 274 points
I20261002 19:58:26.601009 27396 incremental_pipeline.cc:629] Registering image with structure-less fallback
I20261002 19:58:26.601059 27396 incremental_pipeline.cc:631] => Image sees 136 / 2266 correspondences
I20261002 19:58:26.601124 27396 incremental_pipeline.cc:646] => Could not register, trying another image.
I20261002 19:58:26.601173 27396 incremental_pipeline.cc:620] Registering image #113 (num_reg_frames=3)
I20261002 19:58:26.601222 27396 incremental_pipeline.cc:623] => Image sees 57 / 242 points
I20261002 19:58:26.601271 27396 incremental_pipeline.cc:629] Registering image with structure-less fallback
I20261002 19:58:26.601319 27396 incremental_pipeline.cc:631] => Image sees 122 / 1202 correspondences
I20261002 19:58:26.601379 27396 incremental_pipeline.cc:646] => Could not register, trying another image.
I20261002 19:58:26.601429 27396 incremental_pipeline.cc:620] Registering image #120 (num_reg_frames=3)
I20261002 19:58:26.601480 27396 incremental_pipeline.cc:623] => Image sees 59 / 243 points
I20261002 19:58:26.601531 27396 incremental_pipeline.cc:629] Registering image with structure-less fallback
I20261002 19:58:26.601579 27396 incremental_pipeline.cc:631] => Image sees 104 / 1214 correspondences
I20261002 19:58:26.601642 27396 incremental_pipeline.cc:646] => Could not register, trying another image.
I20261002 19:58:26.601690 27396 incremental_pipeline.cc:620] Registering image #126 (num_reg_frames=3)
I20261002 19:58:26.601739 27396 incremental_pipeline.cc:623] => Image sees 80 / 159 points
I20261002 19:58:26.601786 27396 incremental_pipeline.cc:629] Registering image with structure-less fallback
I20261002 19:58:26.601835 27396 incremental_pipeline.cc:631] => Image sees 88 / 623 correspondences
I20261002 19:58:26.601893 27396 incremental_pipeline.cc:646] => Could not register, trying another image.
I20261002 19:58:26.601941 27396 incremental_pipeline.cc:620] Registering image #119 (num_reg_frames=3)
I20261002 19:58:26.601990 27396 incremental_pipeline.cc:623] => Image sees 69 / 223 points
I20261002 19:58:26.602039 27396 incremental_pipeline.cc:629] Registering image with structure-less fallback
I20261002 19:58:26.602121 27396 incremental_pipeline.cc:631] => Image sees 80 / 1003 correspondences
I20261002 19:58:26.602212 27396 incremental_pipeline.cc:646] => Could not register, trying another image.
I20261002 19:58:26.602279 27396 incremental_pipeline.cc:620] Registering image #114 (num_reg_frames=3)
I20261002 19:58:26.602394 27396 incremental_pipeline.cc:623] => Image sees 55 / 237 points
I20261002 19:58:26.602465 27396 incremental_pipeline.cc:629] Registering image with structure-less fallback
I20261002 19:58:26.602557 27396 incremental_pipeline.cc:631] => Image sees 65 / 1104 correspondences
I20261002 19:58:26.602632 27396 incremental_pipeline.cc:646] => Could not register, trying another image.
I20261002 19:58:26.602705 27396 incremental_pipeline.cc:620] Registering image #109 (num_reg_frames=3)
I20261002 19:58:26.602790 27396 incremental_pipeline.cc:623] => Image sees 36 / 216 points
I20261002 19:58:26.602846 27396 incremental_pipeline.cc:629] Registering image with structure-less fallback
I20261002 19:58:26.602897 27396 incremental_pipeline.cc:631] => Image sees 62 / 1103 correspondences
I20261002 19:58:26.602959 27396 incremental_pipeline.cc:646] => Could not register, trying another image.
I20261002 19:58:26.603008 27396 incremental_pipeline.cc:620] Registering image #122 (num_reg_frames=3)
I20261002 19:58:26.603058 27396 incremental_pipeline.cc:623] => Image sees 59 / 133 points
I20261002 19:58:26.603120 27396 incremental_pipeline.cc:629] Registering image with structure-less fallback
I20261002 19:58:26.603170 27396 incremental_pipeline.cc:631] => Image sees 60 / 389 correspondences
I20261002 19:58:26.603226 27396 incremental_pipeline.cc:646] => Could not register, trying another image.
I20261002 19:58:26.603274 27396 incremental_pipeline.cc:620] Registering image #112 (num_reg_frames=3)
I20261002 19:58:26.603323 27396 incremental_pipeline.cc:623] => Image sees 37 / 241 points
I20261002 19:58:26.603372 27396 incremental_pipeline.cc:629] Registering image with structure-less fallback
I20261002 19:58:26.603421 27396 incremental_pipeline.cc:631] => Image sees 41 / 1063 correspondences
I20261002 19:58:26.603471 27396 incremental_pipeline.cc:646] => Could not register, trying another image.
I20261002 19:58:26.603519 27396 incremental_pipeline.cc:620] Registering image #110 (num_reg_frames=3)
I20261002 19:58:26.603582 27396 incremental_pipeline.cc:623] => Image sees 37 / 227 points
I20261002 19:58:26.603660 27396 incremental_pipeline.cc:629] Registering image with structure-less fallback
I20261002 19:58:26.603747 27396 incremental_pipeline.cc:631] => Image sees 39 / 1137 correspondences
I20261002 19:58:26.603840 27396 incremental_pipeline.cc:646] => Could not register, trying another image.
I20261002 19:58:26.603895 27396 incremental_pipeline.cc:620] Registering image #107 (num_reg_frames=3)
I20261002 19:58:26.603944 27396 incremental_pipeline.cc:623] => Image sees 31 / 223 points
I20261002 19:58:26.604015 27396 incremental_pipeline.cc:629] Registering image with structure-less fallback
I20261002 19:58:26.604092 27396 incremental_pipeline.cc:631] => Image sees 38 / 1022 correspondences
I20261002 19:58:26.604201 27396 incremental_pipeline.cc:646] => Could not register, trying another image.
I20261002 19:58:26.604263 27396 incremental_pipeline.cc:620] Registering image #108 (num_reg_frames=3)
I20261002 19:58:26.604318 27396 incremental_pipeline.cc:623] => Image sees 33 / 201 points
I20261002 19:58:26.604399 27396 incremental_pipeline.cc:629] Registering image with structure-less fallback
I20261002 19:58:26.604463 27396 incremental_pipeline.cc:631] => Image sees 36 / 1040 correspondences
I20261002 19:58:26.604517 27396 incremental_pipeline.cc:646] => Could not register, trying another image.
I20261002 19:58:26.604584 27396 incremental_pipeline.cc:620] Registering image #106 (num_reg_frames=3)
I20261002 19:58:26.604675 27396 incremental_pipeline.cc:623] => Image sees 32 / 217 points
I20261002 19:58:26.604733 27396 incremental_pipeline.cc:629] Registering image with structure-less fallback
I20261002 19:58:26.604784 27396 incremental_pipeline.cc:631] => Image sees 34 / 1294 correspondences
I20261002 19:58:26.604845 27396 incremental_pipeline.cc:646] => Could not register, trying another image.
W20261002 19:58:26.605223 27396 incremental_pipeline.cc:821] Discarding reconstruction due to insufficient size
I20261002 19:58:26.607164 27396 incremental_pipeline.cc:465] Finding good initial image pair
I20261002 19:58:26.615719 27396 incremental_pipeline.cc:492] Registering initial image pair #111 and #107
I20261002 19:58:26.617080 27396 incremental_pipeline.cc:510] Global bundle adjustment
I20261002 19:58:26.628865 27396 incremental_pipeline.cc:620] Registering image #110 (num_reg_frames=2)
I20261002 19:58:26.629020 27396 incremental_pipeline.cc:623] => Image sees 116 / 227 points
I20261002 19:58:26.641091 27396 incremental_pipeline.cc:88] Retriangulation and Global bundle adjustment
I20261002 19:58:26.704259 27396 incremental_pipeline.cc:620] Registering image #108 (num_reg_frames=3)
I20261002 19:58:26.704442 27396 incremental_pipeline.cc:623] => Image sees 43 / 201 points
I20261002 19:58:26.712493 27396 incremental_pipeline.cc:88] Retriangulation and Global bundle adjustment
I20261002 19:58:26.735734 27396 incremental_pipeline.cc:620] Registering image #106 (num_reg_frames=4)
I20261002 19:58:26.735887 27396 incremental_pipeline.cc:623] => Image sees 130 / 217 points
I20261002 19:58:26.745257 27396 incremental_pipeline.cc:620] Registering image #113 (num_reg_frames=5)
I20261002 19:58:26.745398 27396 incremental_pipeline.cc:623] => Image sees 151 / 242 points
I20261002 19:58:26.753546 27396 incremental_pipeline.cc:88] Retriangulation and Global bundle adjustment
I20261002 19:58:26.804244 27396 incremental_pipeline.cc:620] Registering image #112 (num_reg_frames=6)
I20261002 19:58:26.804362 27396 incremental_pipeline.cc:623] => Image sees 174 / 241 points
I20261002 19:58:26.812336 27396 incremental_pipeline.cc:620] Registering image #120 (num_reg_frames=7)
I20261002 19:58:26.812453 27396 incremental_pipeline.cc:623] => Image sees 166 / 243 points
I20261002 19:58:26.820606 27396 incremental_pipeline.cc:620] Registering image #114 (num_reg_frames=8)
I20261002 19:58:26.820707 27396 incremental_pipeline.cc:623] => Image sees 172 / 237 points
I20261002 19:58:26.828677 27396 incremental_pipeline.cc:88] Retriangulation and Global bundle adjustment
I20261002 19:58:26.920783 27396 incremental_pipeline.cc:620] Registering image #115 (num_reg_frames=9)
I20261002 19:58:26.920939 27396 incremental_pipeline.cc:623] => Image sees 190 / 252 points
I20261002 19:58:26.936183 27396 incremental_pipeline.cc:620] Registering image #109 (num_reg_frames=10)
I20261002 19:58:26.936305 27396 incremental_pipeline.cc:623] => Image sees 165 / 216 points
I20261002 19:58:26.951967 27396 incremental_pipeline.cc:620] Registering image #119 (num_reg_frames=11)
I20261002 19:58:26.952097 27396 incremental_pipeline.cc:623] => Image sees 163 / 223 points
I20261002 19:58:26.966648 27396 incremental_pipeline.cc:620] Registering image #118 (num_reg_frames=12)
I20261002 19:58:26.966749 27396 incremental_pipeline.cc:623] => Image sees 159 / 217 points
I20261002 19:58:26.976094 27396 incremental_pipeline.cc:88] Retriangulation and Global bundle adjustment
I20261002 19:58:27.129889 27396 incremental_pipeline.cc:620] Registering image #121 (num_reg_frames=13)
I20261002 19:58:27.130056 27396 incremental_pipeline.cc:623] => Image sees 156 / 209 points
I20261002 19:58:27.142928 27396 incremental_pipeline.cc:620] Registering image #105 (num_reg_frames=14)
I20261002 19:58:27.143053 27396 incremental_pipeline.cc:623] => Image sees 148 / 187 points
I20261002 19:58:27.155018 27396 incremental_pipeline.cc:620] Registering image #124 (num_reg_frames=15)
I20261002 19:58:27.155134 27396 incremental_pipeline.cc:623] => Image sees 140 / 199 points
I20261002 19:58:27.168996 27396 incremental_pipeline.cc:620] Registering image #116 (num_reg_frames=16)
I20261002 19:58:27.169126 27396 incremental_pipeline.cc:623] => Image sees 138 / 192 points
I20261002 19:58:27.181366 27396 incremental_pipeline.cc:620] Registering image #123 (num_reg_frames=17)
I20261002 19:58:27.181486 27396 incremental_pipeline.cc:623] => Image sees 123 / 161 points
I20261002 19:58:27.193967 27396 incremental_pipeline.cc:620] Registering image #125 (num_reg_frames=18)
I20261002 19:58:27.194087 27396 incremental_pipeline.cc:623] => Image sees 117 / 158 points
I20261002 19:58:27.203719 27396 incremental_pipeline.cc:88] Retriangulation and Global bundle adjustment
I20261002 19:58:28.146050 27396 incremental_pipeline.cc:620] Registering image #117 (num_reg_frames=19)
I20261002 19:58:28.155116 27396 incremental_pipeline.cc:623] => Image sees 113 / 153 points
I20261002 19:58:28.155257 27396 incremental_pipeline.cc:646] => Could not register, trying another image.
I20261002 19:58:28.155339 27396 incremental_pipeline.cc:620] Registering image #126 (num_reg_frames=19)
I20261002 19:58:28.155452 27396 incremental_pipeline.cc:623] => Image sees 110 / 159 points
I20261002 19:58:28.155536 27396 incremental_pipeline.cc:646] => Could not register, trying another image.
I20261002 19:58:28.155589 27396 incremental_pipeline.cc:620] Registering image #103 (num_reg_frames=19)
I20261002 19:58:28.155654 27396 incremental_pipeline.cc:623] => Image sees 100 / 166 points
I20261002 19:58:28.155763 27396 incremental_pipeline.cc:646] => Could not register, trying another image.
I20261002 19:58:28.155820 27396 incremental_pipeline.cc:620] Registering image #104 (num_reg_frames=19)
I20261002 19:58:28.155904 27396 incremental_pipeline.cc:623] => Image sees 94 / 172 points
I20261002 19:58:28.155995 27396 incremental_pipeline.cc:646] => Could not register, trying another image.
I20261002 19:58:28.156068 27396 incremental_pipeline.cc:620] Registering image #127 (num_reg_frames=19)
I20261002 19:58:28.156131 27396 incremental_pipeline.cc:623] => Image sees 83 / 152 points
I20261002 19:58:28.156194 27396 incremental_pipeline.cc:646] => Could not register, trying another image.
I20261002 19:58:28.156251 27396 incremental_pipeline.cc:620] Registering image #122 (num_reg_frames=19)
I20261002 19:58:28.156306 27396 incremental_pipeline.cc:623] => Image sees 80 / 133 points
I20261002 19:58:28.156375 27396 incremental_pipeline.cc:646] => Could not register, trying another image.
I20261002 19:58:28.156438 27396 incremental_pipeline.cc:620] Registering image #102 (num_reg_frames=19)
I20261002 19:58:28.156501 27396 incremental_pipeline.cc:623] => Image sees 75 / 181 points
I20261002 19:58:28.156579 27396 incremental_pipeline.cc:646] => Could not register, trying another image.
I20261002 19:58:28.156670 27396 incremental_pipeline.cc:620] Registering image #100 (num_reg_frames=19)
I20261002 19:58:28.156742 27396 incremental_pipeline.cc:623] => Image sees 75 / 172 points
I20261002 19:58:28.156968 27396 incremental_pipeline.cc:646] => Could not register, trying another image.
I20261002 19:58:28.157091 27396 incremental_pipeline.cc:620] Registering image #89 (num_reg_frames=19)
I20261002 19:58:28.157154 27396 incremental_pipeline.cc:623] => Image sees 50 / 133 points
I20261002 19:58:28.157248 27396 incremental_pipeline.cc:646] => Could not register, trying another image.
I20261002 19:58:28.157315 27396 incremental_pipeline.cc:620] Registering image #98 (num_reg_frames=19)
I20261002 19:58:28.157403 27396 incremental_pipeline.cc:623] => Image sees 40 / 125 points
I20261002 19:58:28.157505 27396 incremental_pipeline.cc:646] => Could not register, trying another image.
I20261002 19:58:28.157577 27396 incremental_pipeline.cc:620] Registering image #99 (num_reg_frames=19)
I20261002 19:58:28.157643 27396 incremental_pipeline.cc:623] => Image sees 42 / 149 points
I20261002 19:58:28.157702 27396 incremental_pipeline.cc:646] => Could not register, trying another image.
I20261002 19:58:28.157749 27396 incremental_pipeline.cc:620] Registering image #101 (num_reg_frames=19)
I20261002 19:58:28.157795 27396 incremental_pipeline.cc:623] => Image sees 36 / 144 points
I20261002 19:58:28.157848 27396 incremental_pipeline.cc:646] => Could not register, trying another image.
I20261002 19:58:28.157894 27396 incremental_pipeline.cc:620] Registering image #83 (num_reg_frames=19)
I20261002 19:58:28.157939 27396 incremental_pipeline.cc:623] => Image sees 33 / 109 points
I20261002 19:58:28.157993 27396 incremental_pipeline.cc:646] => Could not register, trying another image.
I20261002 19:58:28.158045 27396 incremental_pipeline.cc:620] Registering image #117 (num_reg_frames=19)
I20261002 19:58:28.158095 27396 incremental_pipeline.cc:623] => Image sees 113 / 153 points
I20261002 19:58:28.158144 27396 incremental_pipeline.cc:629] Registering image with structure-less fallback
I20261002 19:58:28.158191 27396 incremental_pipeline.cc:631] => Image sees 433 / 644 correspondences
I20261002 19:58:28.158247 27396 incremental_pipeline.cc:646] => Could not register, trying another image.
I20261002 19:58:28.158292 27396 incremental_pipeline.cc:620] Registering image #103 (num_reg_frames=19)
I20261002 19:58:28.158338 27396 incremental_pipeline.cc:623] => Image sees 100 / 166 points
I20261002 19:58:28.158404 27396 incremental_pipeline.cc:629] Registering image with structure-less fallback
I20261002 19:58:28.158506 27396 incremental_pipeline.cc:631] => Image sees 400 / 772 correspondences
I20261002 19:58:28.158581 27396 incremental_pipeline.cc:646] => Could not register, trying another image.
I20261002 19:58:28.158634 27396 incremental_pipeline.cc:620] Registering image #100 (num_reg_frames=19)
I20261002 19:58:28.158702 27396 incremental_pipeline.cc:623] => Image sees 75 / 172 points
I20261002 19:58:28.158852 27396 incremental_pipeline.cc:629] Registering image with structure-less fallback
I20261002 19:58:28.158948 27396 incremental_pipeline.cc:631] => Image sees 317 / 1215 correspondences
I20261002 19:58:28.159024 27396 incremental_pipeline.cc:646] => Could not register, trying another image.
I20261002 19:58:28.159075 27396 incremental_pipeline.cc:620] Registering image #126 (num_reg_frames=19)
I20261002 19:58:28.159126 27396 incremental_pipeline.cc:623] => Image sees 110 / 159 points
I20261002 19:58:28.159178 27396 incremental_pipeline.cc:629] Registering image with structure-less fallback
I20261002 19:58:28.159227 27396 incremental_pipeline.cc:631] => Image sees 285 / 623 correspondences
I20261002 19:58:28.159287 27396 incremental_pipeline.cc:646] => Could not register, trying another image.
I20261002 19:58:28.159335 27396 incremental_pipeline.cc:620] Registering image #104 (num_reg_frames=19)
I20261002 19:58:28.159383 27396 incremental_pipeline.cc:623] => Image sees 94 / 172 points
I20261002 19:58:28.159434 27396 incremental_pipeline.cc:629] Registering image with structure-less fallback
I20261002 19:58:28.159482 27396 incremental_pipeline.cc:631] => Image sees 237 / 636 correspondences
I20261002 19:58:28.159540 27396 incremental_pipeline.cc:646] => Could not register, trying another image.
I20261002 19:58:28.159587 27396 incremental_pipeline.cc:620] Registering image #102 (num_reg_frames=19)
I20261002 19:58:28.159638 27396 incremental_pipeline.cc:623] => Image sees 75 / 181 points
I20261002 19:58:28.159690 27396 incremental_pipeline.cc:629] Registering image with structure-less fallback
I20261002 19:58:28.159739 27396 incremental_pipeline.cc:631] => Image sees 185 / 697 correspondences
I20261002 19:58:28.159796 27396 incremental_pipeline.cc:646] => Could not register, trying another image.
I20261002 19:58:28.159843 27396 incremental_pipeline.cc:620] Registering image #122 (num_reg_frames=19)
I20261002 19:58:28.159891 27396 incremental_pipeline.cc:623] => Image sees 80 / 133 points
I20261002 19:58:28.159939 27396 incremental_pipeline.cc:629] Registering image with structure-less fallback
I20261002 19:58:28.159986 27396 incremental_pipeline.cc:631] => Image sees 183 / 389 correspondences
I20261002 19:58:28.160042 27396 incremental_pipeline.cc:646] => Could not register, trying another image.
I20261002 19:58:28.160090 27396 incremental_pipeline.cc:620] Registering image #127 (num_reg_frames=19)
I20261002 19:58:28.160138 27396 incremental_pipeline.cc:623] => Image sees 83 / 152 points
I20261002 19:58:28.160187 27396 incremental_pipeline.cc:629] Registering image with structure-less fallback
I20261002 19:58:28.160234 27396 incremental_pipeline.cc:631] => Image sees 182 / 495 correspondences
I20261002 19:58:28.160291 27396 incremental_pipeline.cc:646] => Could not register, trying another image.
I20261002 19:58:28.160339 27396 incremental_pipeline.cc:620] Registering image #89 (num_reg_frames=19)
I20261002 19:58:28.160386 27396 incremental_pipeline.cc:623] => Image sees 50 / 133 points
I20261002 19:58:28.160434 27396 incremental_pipeline.cc:629] Registering image with structure-less fallback
I20261002 19:58:28.160481 27396 incremental_pipeline.cc:631] => Image sees 119 / 1447 correspondences
I20261002 19:58:28.160542 27396 incremental_pipeline.cc:646] => Could not register, trying another image.
I20261002 19:58:28.160590 27396 incremental_pipeline.cc:620] Registering image #98 (num_reg_frames=19)
I20261002 19:58:28.160638 27396 incremental_pipeline.cc:623] => Image sees 40 / 125 points
I20261002 19:58:28.160686 27396 incremental_pipeline.cc:629] Registering image with structure-less fallback
I20261002 19:58:28.160735 27396 incremental_pipeline.cc:631] => Image sees 77 / 607 correspondences
I20261002 19:58:28.160790 27396 incremental_pipeline.cc:646] => Could not register, trying another image.
I20261002 19:58:28.160837 27396 incremental_pipeline.cc:620] Registering image #99 (num_reg_frames=19)
I20261002 19:58:28.160885 27396 incremental_pipeline.cc:623] => Image sees 42 / 149 points
I20261002 19:58:28.160946 27396 incremental_pipeline.cc:629] Registering image with structure-less fallback
I20261002 19:58:28.161041 27396 incremental_pipeline.cc:631] => Image sees 61 / 556 correspondences
I20261002 19:58:28.161133 27396 incremental_pipeline.cc:646] => Could not register, trying another image.
I20261002 19:58:28.161192 27396 incremental_pipeline.cc:620] Registering image #83 (num_reg_frames=19)
I20261002 19:58:28.161247 27396 incremental_pipeline.cc:623] => Image sees 33 / 109 points
I20261002 19:58:28.161311 27396 incremental_pipeline.cc:629] Registering image with structure-less fallback
I20261002 19:58:28.161368 27396 incremental_pipeline.cc:631] => Image sees 47 / 674 correspondences
I20261002 19:58:28.161421 27396 incremental_pipeline.cc:646] => Could not register, trying another image.
I20261002 19:58:28.161470 27396 incremental_pipeline.cc:620] Registering image #101 (num_reg_frames=19)
I20261002 19:58:28.161519 27396 incremental_pipeline.cc:623] => Image sees 36 / 144 points
I20261002 19:58:28.161612 27396 incremental_pipeline.cc:629] Registering image with structure-less fallback
I20261002 19:58:28.161679 27396 incremental_pipeline.cc:631] => Image sees 36 / 578 correspondences
I20261002 19:58:28.161728 27396 incremental_pipeline.cc:646] => Could not register, trying another image.
I20261002 19:58:28.161776 27396 incremental_pipeline.cc:88] Retriangulation and Global bundle adjustment
I20261002 19:58:28.401624 27396 incremental_pipeline.cc:620] Registering image #117 (num_reg_frames=19)
I20261002 19:58:28.410725 27396 incremental_pipeline.cc:623] => Image sees 113 / 153 points
I20261002 19:58:28.410837 27396 incremental_pipeline.cc:646] => Could not register, trying another image.
I20261002 19:58:28.410886 27396 incremental_pipeline.cc:620] Registering image #126 (num_reg_frames=19)
I20261002 19:58:28.410933 27396 incremental_pipeline.cc:623] => Image sees 110 / 159 points
I20261002 19:58:28.410992 27396 incremental_pipeline.cc:646] => Could not register, trying another image.
I20261002 19:58:28.411037 27396 incremental_pipeline.cc:620] Registering image #103 (num_reg_frames=19)
I20261002 19:58:28.411081 27396 incremental_pipeline.cc:623] => Image sees 100 / 166 points
I20261002 19:58:28.411143 27396 incremental_pipeline.cc:646] => Could not register, trying another image.
I20261002 19:58:28.411188 27396 incremental_pipeline.cc:620] Registering image #104 (num_reg_frames=19)
I20261002 19:58:28.411232 27396 incremental_pipeline.cc:623] => Image sees 94 / 172 points
I20261002 19:58:28.411289 27396 incremental_pipeline.cc:646] => Could not register, trying another image.
I20261002 19:58:28.411333 27396 incremental_pipeline.cc:620] Registering image #127 (num_reg_frames=19)
I20261002 19:58:28.411376 27396 incremental_pipeline.cc:623] => Image sees 83 / 152 points
I20261002 19:58:28.411439 27396 incremental_pipeline.cc:646] => Could not register, trying another image.
I20261002 19:58:28.411483 27396 incremental_pipeline.cc:620] Registering image #122 (num_reg_frames=19)
I20261002 19:58:28.411527 27396 incremental_pipeline.cc:623] => Image sees 80 / 133 points
I20261002 19:58:28.411581 27396 incremental_pipeline.cc:646] => Could not register, trying another image.
I20261002 19:58:28.411625 27396 incremental_pipeline.cc:620] Registering image #102 (num_reg_frames=19)
I20261002 19:58:28.411670 27396 incremental_pipeline.cc:623] => Image sees 75 / 181 points
I20261002 19:58:28.411725 27396 incremental_pipeline.cc:646] => Could not register, trying another image.
I20261002 19:58:28.411894 27396 incremental_pipeline.cc:620] Registering image #100 (num_reg_frames=19)
I20261002 19:58:28.411996 27396 incremental_pipeline.cc:623] => Image sees 75 / 172 points
I20261002 19:58:28.412077 27396 incremental_pipeline.cc:646] => Could not register, trying another image.
I20261002 19:58:28.412125 27396 incremental_pipeline.cc:620] Registering image #89 (num_reg_frames=19)
I20261002 19:58:28.412171 27396 incremental_pipeline.cc:623] => Image sees 50 / 133 points
I20261002 19:58:28.412246 27396 incremental_pipeline.cc:646] => Could not register, trying another image.
I20261002 19:58:28.412290 27396 incremental_pipeline.cc:620] Registering image #98 (num_reg_frames=19)
I20261002 19:58:28.412342 27396 incremental_pipeline.cc:623] => Image sees 40 / 125 points
I20261002 19:58:28.412395 27396 incremental_pipeline.cc:646] => Could not register, trying another image.
I20261002 19:58:28.412439 27396 incremental_pipeline.cc:620] Registering image #99 (num_reg_frames=19)
I20261002 19:58:28.412483 27396 incremental_pipeline.cc:623] => Image sees 42 / 149 points
I20261002 19:58:28.412539 27396 incremental_pipeline.cc:646] => Could not register, trying another image.
I20261002 19:58:28.412582 27396 incremental_pipeline.cc:620] Registering image #101 (num_reg_frames=19)
I20261002 19:58:28.412626 27396 incremental_pipeline.cc:623] => Image sees 36 / 144 points
I20261002 19:58:28.412677 27396 incremental_pipeline.cc:646] => Could not register, trying another image.
I20261002 19:58:28.412721 27396 incremental_pipeline.cc:620] Registering image #83 (num_reg_frames=19)
I20261002 19:58:28.412764 27396 incremental_pipeline.cc:623] => Image sees 33 / 109 points
I20261002 19:58:28.412814 27396 incremental_pipeline.cc:646] => Could not register, trying another image.
I20261002 19:58:28.412862 27396 incremental_pipeline.cc:620] Registering image #117 (num_reg_frames=19)
I20261002 19:58:28.412906 27396 incremental_pipeline.cc:623] => Image sees 113 / 153 points
I20261002 19:58:28.412949 27396 incremental_pipeline.cc:629] Registering image with structure-less fallback
I20261002 19:58:28.412997 27396 incremental_pipeline.cc:631] => Image sees 433 / 644 correspondences
I20261002 19:58:28.413054 27396 incremental_pipeline.cc:646] => Could not register, trying another image.
I20261002 19:58:28.413099 27396 incremental_pipeline.cc:620] Registering image #103 (num_reg_frames=19)
I20261002 19:58:28.413142 27396 incremental_pipeline.cc:623] => Image sees 100 / 166 points
I20261002 19:58:28.413186 27396 incremental_pipeline.cc:629] Registering image with structure-less fallback
I20261002 19:58:28.413229 27396 incremental_pipeline.cc:631] => Image sees 400 / 772 correspondences
I20261002 19:58:28.413283 27396 incremental_pipeline.cc:646] => Could not register, trying another image.
I20261002 19:58:28.413327 27396 incremental_pipeline.cc:620] Registering image #100 (num_reg_frames=19)
I20261002 19:58:28.413374 27396 incremental_pipeline.cc:623] => Image sees 75 / 172 points
I20261002 19:58:28.413419 27396 incremental_pipeline.cc:629] Registering image with structure-less fallback
I20261002 19:58:28.413462 27396 incremental_pipeline.cc:631] => Image sees 317 / 1215 correspondences
I20261002 19:58:28.413517 27396 incremental_pipeline.cc:646] => Could not register, trying another image.
I20261002 19:58:28.413560 27396 incremental_pipeline.cc:620] Registering image #126 (num_reg_frames=19)
I20261002 19:58:28.413603 27396 incremental_pipeline.cc:623] => Image sees 110 / 159 points
I20261002 19:58:28.413648 27396 incremental_pipeline.cc:629] Registering image with structure-less fallback
I20261002 19:58:28.413692 27396 incremental_pipeline.cc:631] => Image sees 285 / 623 correspondences
I20261002 19:58:28.413745 27396 incremental_pipeline.cc:646] => Could not register, trying another image.
I20261002 19:58:28.413789 27396 incremental_pipeline.cc:620] Registering image #104 (num_reg_frames=19)
I20261002 19:58:28.413832 27396 incremental_pipeline.cc:623] => Image sees 94 / 172 points
I20261002 19:58:28.413876 27396 incremental_pipeline.cc:629] Registering image with structure-less fallback
I20261002 19:58:28.413919 27396 incremental_pipeline.cc:631] => Image sees 237 / 636 correspondences
I20261002 19:58:28.413972 27396 incremental_pipeline.cc:646] => Could not register, trying another image.
I20261002 19:58:28.414015 27396 incremental_pipeline.cc:620] Registering image #102 (num_reg_frames=19)
I20261002 19:58:28.414059 27396 incremental_pipeline.cc:623] => Image sees 75 / 181 points
I20261002 19:58:28.414103 27396 incremental_pipeline.cc:629] Registering image with structure-less fallback
I20261002 19:58:28.414158 27396 incremental_pipeline.cc:631] => Image sees 185 / 697 correspondences
I20261002 19:58:28.414214 27396 incremental_pipeline.cc:646] => Could not register, trying another image.
I20261002 19:58:28.414258 27396 incremental_pipeline.cc:620] Registering image #122 (num_reg_frames=19)
I20261002 19:58:28.414303 27396 incremental_pipeline.cc:623] => Image sees 80 / 133 points
I20261002 19:58:28.414347 27396 incremental_pipeline.cc:629] Registering image with structure-less fallback
I20261002 19:58:28.414390 27396 incremental_pipeline.cc:631] => Image sees 183 / 389 correspondences
I20261002 19:58:28.414442 27396 incremental_pipeline.cc:646] => Could not register, trying another image.
I20261002 19:58:28.414485 27396 incremental_pipeline.cc:620] Registering image #127 (num_reg_frames=19)
I20261002 19:58:28.414529 27396 incremental_pipeline.cc:623] => Image sees 83 / 152 points
I20261002 19:58:28.414572 27396 incremental_pipeline.cc:629] Registering image with structure-less fallback
I20261002 19:58:28.414616 27396 incremental_pipeline.cc:631] => Image sees 182 / 495 correspondences
I20261002 19:58:28.414668 27396 incremental_pipeline.cc:646] => Could not register, trying another image.
I20261002 19:58:28.414712 27396 incremental_pipeline.cc:620] Registering image #89 (num_reg_frames=19)
I20261002 19:58:28.414755 27396 incremental_pipeline.cc:623] => Image sees 50 / 133 points
I20261002 19:58:28.414802 27396 incremental_pipeline.cc:629] Registering image with structure-less fallback
I20261002 19:58:28.414850 27396 incremental_pipeline.cc:631] => Image sees 119 / 1447 correspondences
I20261002 19:58:28.414904 27396 incremental_pipeline.cc:646] => Could not register, trying another image.
I20261002 19:58:28.414947 27396 incremental_pipeline.cc:620] Registering image #98 (num_reg_frames=19)
I20261002 19:58:28.414991 27396 incremental_pipeline.cc:623] => Image sees 40 / 125 points
I20261002 19:58:28.415246 27396 incremental_pipeline.cc:629] Registering image with structure-less fallback
I20261002 19:58:28.415329 27396 incremental_pipeline.cc:631] => Image sees 77 / 607 correspondences
I20261002 19:58:28.415420 27396 incremental_pipeline.cc:646] => Could not register, trying another image.
I20261002 19:58:28.415495 27396 incremental_pipeline.cc:620] Registering image #99 (num_reg_frames=19)
I20261002 19:58:28.415556 27396 incremental_pipeline.cc:623] => Image sees 42 / 149 points
I20261002 19:58:28.415609 27396 incremental_pipeline.cc:629] Registering image with structure-less fallback
I20261002 19:58:28.415653 27396 incremental_pipeline.cc:631] => Image sees 61 / 556 correspondences
I20261002 19:58:28.415709 27396 incremental_pipeline.cc:646] => Could not register, trying another image.
I20261002 19:58:28.415756 27396 incremental_pipeline.cc:620] Registering image #83 (num_reg_frames=19)
I20261002 19:58:28.415800 27396 incremental_pipeline.cc:623] => Image sees 33 / 109 points
I20261002 19:58:28.415894 27396 incremental_pipeline.cc:629] Registering image with structure-less fallback
I20261002 19:58:28.415975 27396 incremental_pipeline.cc:631] => Image sees 47 / 674 correspondences
I20261002 19:58:28.416067 27396 incremental_pipeline.cc:646] => Could not register, trying another image.
I20261002 19:58:28.416120 27396 incremental_pipeline.cc:620] Registering image #101 (num_reg_frames=19)
I20261002 19:58:28.416168 27396 incremental_pipeline.cc:623] => Image sees 36 / 144 points
I20261002 19:58:28.416215 27396 incremental_pipeline.cc:629] Registering image with structure-less fallback
I20261002 19:58:28.416260 27396 incremental_pipeline.cc:631] => Image sees 36 / 578 correspondences
I20261002 19:58:28.416307 27396 incremental_pipeline.cc:646] => Could not register, trying another image.
I20261002 19:58:28.416469 27396 incremental_pipeline.cc:826] Keeping successful reconstruction
I20261002 19:58:28.418153 27396 incremental_pipeline.cc:465] Finding good initial image pair
I20261002 19:58:28.431966 27396 incremental_pipeline.cc:492] Registering initial image pair #33 and #42
I20261002 19:58:28.432552 27396 incremental_pipeline.cc:510] Global bundle adjustment
I20261002 19:58:28.439244 27396 incremental_pipeline.cc:620] Registering image #41 (num_reg_frames=2)
I20261002 19:58:28.439375 27396 incremental_pipeline.cc:623] => Image sees 49 / 82 points
I20261002 19:58:28.440782 27396 incremental_pipeline.cc:88] Retriangulation and Global bundle adjustment
I20261002 19:58:28.444851 27396 incremental_pipeline.cc:620] Registering image #37 (num_reg_frames=3)
I20261002 19:58:28.444981 27396 incremental_pipeline.cc:623] => Image sees 48 / 67 points
I20261002 19:58:28.447798 27396 incremental_pipeline.cc:620] Registering image #44 (num_reg_frames=4)
I20261002 19:58:28.447897 27396 incremental_pipeline.cc:623] => Image sees 47 / 76 points
I20261002 19:58:28.450191 27396 incremental_pipeline.cc:88] Retriangulation and Global bundle adjustment
I20261002 19:58:28.459794 27396 incremental_pipeline.cc:620] Registering image #50 (num_reg_frames=5)
I20261002 19:58:28.459890 27396 incremental_pipeline.cc:623] => Image sees 51 / 87 points
I20261002 19:58:28.462694 27396 incremental_pipeline.cc:620] Registering image #35 (num_reg_frames=6)
I20261002 19:58:28.462793 27396 incremental_pipeline.cc:623] => Image sees 49 / 78 points
I20261002 19:58:28.465130 27396 incremental_pipeline.cc:88] Retriangulation and Global bundle adjustment
I20261002 19:58:28.511185 27396 incremental_pipeline.cc:620] Registering image #40 (num_reg_frames=7)
I20261002 19:58:28.511343 27396 incremental_pipeline.cc:623] => Image sees 34 / 78 points
I20261002 19:58:28.516340 27396 incremental_pipeline.cc:88] Retriangulation and Global bundle adjustment
I20261002 19:58:28.557398 27396 incremental_pipeline.cc:620] Registering image #47 (num_reg_frames=8)
I20261002 19:58:28.557622 27396 incremental_pipeline.cc:623] => Image sees 50 / 87 points
I20261002 19:58:28.557776 27396 incremental_pipeline.cc:646] => Could not register, trying another image.
I20261002 19:58:28.557894 27396 incremental_pipeline.cc:620] Registering image #45 (num_reg_frames=8)
I20261002 19:58:28.557970 27396 incremental_pipeline.cc:623] => Image sees 49 / 80 points
I20261002 19:58:28.558029 27396 incremental_pipeline.cc:646] => Could not register, trying another image.
I20261002 19:58:28.558076 27396 incremental_pipeline.cc:620] Registering image #43 (num_reg_frames=8)
I20261002 19:58:28.558120 27396 incremental_pipeline.cc:623] => Image sees 51 / 79 points
I20261002 19:58:28.558172 27396 incremental_pipeline.cc:646] => Could not register, trying another image.
I20261002 19:58:28.558215 27396 incremental_pipeline.cc:620] Registering image #61 (num_reg_frames=8)
I20261002 19:58:28.558259 27396 incremental_pipeline.cc:623] => Image sees 49 / 90 points
I20261002 19:58:28.558323 27396 incremental_pipeline.cc:646] => Could not register, trying another image.
I20261002 19:58:28.558366 27396 incremental_pipeline.cc:620] Registering image #67 (num_reg_frames=8)
I20261002 19:58:28.558409 27396 incremental_pipeline.cc:623] => Image sees 48 / 85 points
I20261002 19:58:28.558460 27396 incremental_pipeline.cc:646] => Could not register, trying another image.
I20261002 19:58:28.558503 27396 incremental_pipeline.cc:620] Registering image #36 (num_reg_frames=8)
I20261002 19:58:28.558552 27396 incremental_pipeline.cc:623] => Image sees 46 / 83 points
I20261002 19:58:28.558604 27396 incremental_pipeline.cc:646] => Could not register, trying another image.
I20261002 19:58:28.558647 27396 incremental_pipeline.cc:620] Registering image #53 (num_reg_frames=8)
I20261002 19:58:28.558690 27396 incremental_pipeline.cc:623] => Image sees 46 / 81 points
I20261002 19:58:28.558752 27396 incremental_pipeline.cc:646] => Could not register, trying another image.
I20261002 19:58:28.558795 27396 incremental_pipeline.cc:620] Registering image #52 (num_reg_frames=8)
I20261002 19:58:28.558838 27396 incremental_pipeline.cc:623] => Image sees 44 / 84 points
I20261002 19:58:28.558891 27396 incremental_pipeline.cc:646] => Could not register, trying another image.
I20261002 19:58:28.558945 27396 incremental_pipeline.cc:620] Registering image #49 (num_reg_frames=8)
I20261002 19:58:28.559005 27396 incremental_pipeline.cc:623] => Image sees 44 / 69 points
I20261002 19:58:28.559057 27396 incremental_pipeline.cc:646] => Could not register, trying another image.
I20261002 19:58:28.559100 27396 incremental_pipeline.cc:620] Registering image #48 (num_reg_frames=8)
I20261002 19:58:28.559143 27396 incremental_pipeline.cc:623] => Image sees 45 / 82 points
I20261002 19:58:28.559195 27396 incremental_pipeline.cc:646] => Could not register, trying another image.
I20261002 19:58:28.559238 27396 incremental_pipeline.cc:620] Registering image #62 (num_reg_frames=8)
I20261002 19:58:28.559280 27396 incremental_pipeline.cc:623] => Image sees 44 / 80 points
I20261002 19:58:28.559331 27396 incremental_pipeline.cc:646] => Could not register, trying another image.
I20261002 19:58:28.559373 27396 incremental_pipeline.cc:620] Registering image #32 (num_reg_frames=8)
I20261002 19:58:28.559423 27396 incremental_pipeline.cc:623] => Image sees 43 / 90 points
I20261002 19:58:28.559481 27396 incremental_pipeline.cc:646] => Could not register, trying another image.
I20261002 19:58:28.559524 27396 incremental_pipeline.cc:620] Registering image #51 (num_reg_frames=8)
I20261002 19:58:28.559567 27396 incremental_pipeline.cc:623] => Image sees 46 / 70 points
I20261002 19:58:28.559617 27396 incremental_pipeline.cc:646] => Could not register, trying another image.
I20261002 19:58:28.559664 27396 incremental_pipeline.cc:620] Registering image #64 (num_reg_frames=8)
I20261002 19:58:28.559707 27396 incremental_pipeline.cc:623] => Image sees 43 / 78 points
I20261002 19:58:28.559757 27396 incremental_pipeline.cc:646] => Could not register, trying another image.
I20261002 19:58:28.559799 27396 incremental_pipeline.cc:620] Registering image #38 (num_reg_frames=8)
I20261002 19:58:28.559842 27396 incremental_pipeline.cc:623] => Image sees 43 / 83 points
I20261002 19:58:28.559894 27396 incremental_pipeline.cc:646] => Could not register, trying another image.
I20261002 19:58:28.559940 27396 incremental_pipeline.cc:620] Registering image #34 (num_reg_frames=8)
I20261002 19:58:28.559983 27396 incremental_pipeline.cc:623] => Image sees 44 / 80 points
I20261002 19:58:28.560033 27396 incremental_pipeline.cc:646] => Could not register, trying another image.
I20261002 19:58:28.560075 27396 incremental_pipeline.cc:620] Registering image #60 (num_reg_frames=8)
I20261002 19:58:28.560118 27396 incremental_pipeline.cc:623] => Image sees 44 / 81 points
I20261002 19:58:28.560168 27396 incremental_pipeline.cc:646] => Could not register, trying another image.
I20261002 19:58:28.560212 27396 incremental_pipeline.cc:620] Registering image #55 (num_reg_frames=8)
I20261002 19:58:28.560258 27396 incremental_pipeline.cc:623] => Image sees 44 / 85 points
I20261002 19:58:28.560308 27396 incremental_pipeline.cc:646] => Could not register, trying another image.
I20261002 19:58:28.560350 27396 incremental_pipeline.cc:620] Registering image #31 (num_reg_frames=8)
I20261002 19:58:28.560394 27396 incremental_pipeline.cc:623] => Image sees 44 / 82 points
I20261002 19:58:28.560444 27396 incremental_pipeline.cc:646] => Could not register, trying another image.
I20261002 19:58:28.560486 27396 incremental_pipeline.cc:620] Registering image #27 (num_reg_frames=8)
I20261002 19:58:28.560528 27396 incremental_pipeline.cc:623] => Image sees 42 / 84 points
I20261002 19:58:28.560577 27396 incremental_pipeline.cc:646] => Could not register, trying another image.
I20261002 19:58:28.560620 27396 incremental_pipeline.cc:620] Registering image #39 (num_reg_frames=8)
I20261002 19:58:28.560662 27396 incremental_pipeline.cc:623] => Image sees 40 / 83 points
I20261002 19:58:28.560714 27396 incremental_pipeline.cc:646] => Could not register, trying another image.
I20261002 19:58:28.560757 27396 incremental_pipeline.cc:620] Registering image #26 (num_reg_frames=8)
I20261002 19:58:28.560800 27396 incremental_pipeline.cc:623] => Image sees 41 / 88 points
I20261002 19:58:28.560851 27396 incremental_pipeline.cc:646] => Could not register, trying another image.
I20261002 19:58:28.560905 27396 incremental_pipeline.cc:620] Registering image #46 (num_reg_frames=8)
I20261002 19:58:28.561009 27396 incremental_pipeline.cc:623] => Image sees 41 / 71 points
I20261002 19:58:28.561065 27396 incremental_pipeline.cc:646] => Could not register, trying another image.
I20261002 19:58:28.561108 27396 incremental_pipeline.cc:620] Registering image #63 (num_reg_frames=8)
I20261002 19:58:28.561154 27396 incremental_pipeline.cc:623] => Image sees 39 / 73 points
I20261002 19:58:28.561203 27396 incremental_pipeline.cc:646] => Could not register, trying another image.
I20261002 19:58:28.561245 27396 incremental_pipeline.cc:620] Registering image #56 (num_reg_frames=8)
I20261002 19:58:28.561288 27396 incremental_pipeline.cc:623] => Image sees 39 / 75 points
I20261002 19:58:28.561339 27396 incremental_pipeline.cc:646] => Could not register, trying another image.
I20261002 19:58:28.561381 27396 incremental_pipeline.cc:620] Registering image #30 (num_reg_frames=8)
I20261002 19:58:28.561424 27396 incremental_pipeline.cc:623] => Image sees 42 / 88 points
I20261002 19:58:28.561473 27396 incremental_pipeline.cc:646] => Could not register, trying another image.
I20261002 19:58:28.561515 27396 incremental_pipeline.cc:620] Registering image #66 (num_reg_frames=8)
I20261002 19:58:28.561562 27396 incremental_pipeline.cc:623] => Image sees 41 / 77 points
I20261002 19:58:28.561611 27396 incremental_pipeline.cc:646] => Could not register, trying another image.
I20261002 19:58:28.561653 27396 incremental_pipeline.cc:620] Registering image #59 (num_reg_frames=8)
I20261002 19:58:28.561696 27396 incremental_pipeline.cc:623] => Image sees 39 / 69 points
I20261002 19:58:28.561745 27396 incremental_pipeline.cc:646] => Could not register, trying another image.
I20261002 19:58:28.561787 27396 incremental_pipeline.cc:620] Registering image #71 (num_reg_frames=8)
I20261002 19:58:28.561830 27396 incremental_pipeline.cc:623] => Image sees 34 / 92 points
I20261002 19:58:28.561886 27396 incremental_pipeline.cc:646] => Could not register, trying another image.
I20261002 19:58:28.561929 27396 incremental_pipeline.cc:620] Registering image #57 (num_reg_frames=8)
I20261002 19:58:28.561978 27396 incremental_pipeline.cc:623] => Image sees 38 / 74 points
I20261002 19:58:28.562027 27396 incremental_pipeline.cc:646] => Could not register, trying another image.
I20261002 19:58:28.562071 27396 incremental_pipeline.cc:620] Registering image #65 (num_reg_frames=8)
I20261002 19:58:28.562114 27396 incremental_pipeline.cc:623] => Image sees 39 / 93 points
I20261002 19:58:28.562163 27396 incremental_pipeline.cc:646] => Could not register, trying another image.
I20261002 19:58:28.562213 27396 incremental_pipeline.cc:620] Registering image #61 (num_reg_frames=8)
I20261002 19:58:28.562257 27396 incremental_pipeline.cc:623] => Image sees 49 / 90 points
I20261002 19:58:28.562300 27396 incremental_pipeline.cc:629] Registering image with structure-less fallback
I20261002 19:58:28.562343 27396 incremental_pipeline.cc:631] => Image sees 442 / 2620 correspondences
I20261002 19:58:28.562404 27396 incremental_pipeline.cc:646] => Could not register, trying another image.
I20261002 19:58:28.562449 27396 incremental_pipeline.cc:620] Registering image #53 (num_reg_frames=8)
I20261002 19:58:28.562492 27396 incremental_pipeline.cc:623] => Image sees 46 / 81 points
I20261002 19:58:28.562535 27396 incremental_pipeline.cc:629] Registering image with structure-less fallback
I20261002 19:58:28.562578 27396 incremental_pipeline.cc:631] => Image sees 424 / 2517 correspondences
I20261002 19:58:28.562637 27396 incremental_pipeline.cc:646] => Could not register, trying another image.
I20261002 19:58:28.562680 27396 incremental_pipeline.cc:620] Registering image #32 (num_reg_frames=8)
I20261002 19:58:28.562722 27396 incremental_pipeline.cc:623] => Image sees 43 / 90 points
I20261002 19:58:28.562765 27396 incremental_pipeline.cc:629] Registering image with structure-less fallback
I20261002 19:58:28.562810 27396 incremental_pipeline.cc:631] => Image sees 366 / 2206 correspondences
I20261002 19:58:28.562877 27396 incremental_pipeline.cc:646] => Could not register, trying another image.
I20261002 19:58:28.562920 27396 incremental_pipeline.cc:620] Registering image #39 (num_reg_frames=8)
I20261002 19:58:28.562966 27396 incremental_pipeline.cc:623] => Image sees 40 / 83 points
I20261002 19:58:28.563009 27396 incremental_pipeline.cc:629] Registering image with structure-less fallback
I20261002 19:58:28.563052 27396 incremental_pipeline.cc:631] => Image sees 264 / 750 correspondences
I20261002 19:58:28.563102 27396 incremental_pipeline.cc:646] => Could not register, trying another image.
I20261002 19:58:28.563144 27396 incremental_pipeline.cc:620] Registering image #71 (num_reg_frames=8)
I20261002 19:58:28.563186 27396 incremental_pipeline.cc:623] => Image sees 34 / 92 points
I20261002 19:58:28.563228 27396 incremental_pipeline.cc:629] Registering image with structure-less fallback
I20261002 19:58:28.563271 27396 incremental_pipeline.cc:631] => Image sees 253 / 1764 correspondences
I20261002 19:58:28.563326 27396 incremental_pipeline.cc:646] => Could not register, trying another image.
I20261002 19:58:28.563368 27396 incremental_pipeline.cc:620] Registering image #49 (num_reg_frames=8)
I20261002 19:58:28.563425 27396 incremental_pipeline.cc:623] => Image sees 44 / 69 points
I20261002 19:58:28.563472 27396 incremental_pipeline.cc:629] Registering image with structure-less fallback
I20261002 19:58:28.563599 27396 incremental_pipeline.cc:631] => Image sees 231 / 701 correspondences
I20261002 19:58:28.563675 27396 incremental_pipeline.cc:646] => Could not register, trying another image.
I20261002 19:58:28.563756 27396 incremental_pipeline.cc:620] Registering image #47 (num_reg_frames=8)
I20261002 19:58:28.563846 27396 incremental_pipeline.cc:623] => Image sees 50 / 87 points
I20261002 19:58:28.563913 27396 incremental_pipeline.cc:629] Registering image with structure-less fallback
I20261002 19:58:28.563968 27396 incremental_pipeline.cc:631] => Image sees 226 / 862 correspondences
I20261002 19:58:28.564025 27396 incremental_pipeline.cc:646] => Could not register, trying another image.
I20261002 19:58:28.564135 27396 incremental_pipeline.cc:620] Registering image #43 (num_reg_frames=8)
I20261002 19:58:28.564234 27396 incremental_pipeline.cc:623] => Image sees 51 / 79 points
I20261002 19:58:28.564306 27396 incremental_pipeline.cc:629] Registering image with structure-less fallback
I20261002 19:58:28.564354 27396 incremental_pipeline.cc:631] => Image sees 217 / 676 correspondences
I20261002 19:58:28.564413 27396 incremental_pipeline.cc:646] => Could not register, trying another image.
I20261002 19:58:28.564458 27396 incremental_pipeline.cc:620] Registering image #38 (num_reg_frames=8)
I20261002 19:58:28.564504 27396 incremental_pipeline.cc:623] => Image sees 43 / 83 points
I20261002 19:58:28.564550 27396 incremental_pipeline.cc:629] Registering image with structure-less fallback
I20261002 19:58:28.564596 27396 incremental_pipeline.cc:631] => Image sees 210 / 709 correspondences
I20261002 19:58:28.564650 27396 incremental_pipeline.cc:646] => Could not register, trying another image.
I20261002 19:58:28.564698 27396 incremental_pipeline.cc:620] Registering image #36 (num_reg_frames=8)
I20261002 19:58:28.564745 27396 incremental_pipeline.cc:623] => Image sees 46 / 83 points
I20261002 19:58:28.564791 27396 incremental_pipeline.cc:629] Registering image with structure-less fallback
I20261002 19:58:28.564874 27396 incremental_pipeline.cc:631] => Image sees 205 / 717 correspondences
I20261002 19:58:28.564936 27396 incremental_pipeline.cc:646] => Could not register, trying another image.
I20261002 19:58:28.564982 27396 incremental_pipeline.cc:620] Registering image #46 (num_reg_frames=8)
I20261002 19:58:28.565027 27396 incremental_pipeline.cc:623] => Image sees 41 / 71 points
I20261002 19:58:28.565072 27396 incremental_pipeline.cc:629] Registering image with structure-less fallback
I20261002 19:58:28.565117 27396 incremental_pipeline.cc:631] => Image sees 186 / 584 correspondences
I20261002 19:58:28.565180 27396 incremental_pipeline.cc:646] => Could not register, trying another image.
I20261002 19:58:28.565226 27396 incremental_pipeline.cc:620] Registering image #30 (num_reg_frames=8)
I20261002 19:58:28.565271 27396 incremental_pipeline.cc:623] => Image sees 42 / 88 points
I20261002 19:58:28.565316 27396 incremental_pipeline.cc:629] Registering image with structure-less fallback
I20261002 19:58:28.565360 27396 incremental_pipeline.cc:631] => Image sees 173 / 610 correspondences
I20261002 19:58:28.565415 27396 incremental_pipeline.cc:646] => Could not register, trying another image.
I20261002 19:58:28.565460 27396 incremental_pipeline.cc:620] Registering image #52 (num_reg_frames=8)
I20261002 19:58:28.565506 27396 incremental_pipeline.cc:623] => Image sees 44 / 84 points
I20261002 19:58:28.565551 27396 incremental_pipeline.cc:629] Registering image with structure-less fallback
I20261002 19:58:28.565597 27396 incremental_pipeline.cc:631] => Image sees 156 / 804 correspondences
I20261002 19:58:28.565649 27396 incremental_pipeline.cc:646] => Could not register, trying another image.
I20261002 19:58:28.565694 27396 incremental_pipeline.cc:620] Registering image #31 (num_reg_frames=8)
I20261002 19:58:28.565739 27396 incremental_pipeline.cc:623] => Image sees 44 / 82 points
I20261002 19:58:28.565790 27396 incremental_pipeline.cc:629] Registering image with structure-less fallback
I20261002 19:58:28.565835 27396 incremental_pipeline.cc:631] => Image sees 150 / 694 correspondences
I20261002 19:58:28.565890 27396 incremental_pipeline.cc:646] => Could not register, trying another image.
I20261002 19:58:28.565935 27396 incremental_pipeline.cc:620] Registering image #34 (num_reg_frames=8)
I20261002 19:58:28.565980 27396 incremental_pipeline.cc:623] => Image sees 44 / 80 points
I20261002 19:58:28.566027 27396 incremental_pipeline.cc:629] Registering image with structure-less fallback
I20261002 19:58:28.566072 27396 incremental_pipeline.cc:631] => Image sees 145 / 577 correspondences
I20261002 19:58:28.566123 27396 incremental_pipeline.cc:646] => Could not register, trying another image.
I20261002 19:58:28.566168 27396 incremental_pipeline.cc:620] Registering image #26 (num_reg_frames=8)
I20261002 19:58:28.566213 27396 incremental_pipeline.cc:623] => Image sees 41 / 88 points
I20261002 19:58:28.566258 27396 incremental_pipeline.cc:629] Registering image with structure-less fallback
I20261002 19:58:28.566303 27396 incremental_pipeline.cc:631] => Image sees 141 / 653 correspondences
I20261002 19:58:28.566355 27396 incremental_pipeline.cc:646] => Could not register, trying another image.
I20261002 19:58:28.566400 27396 incremental_pipeline.cc:620] Registering image #48 (num_reg_frames=8)
I20261002 19:58:28.566445 27396 incremental_pipeline.cc:623] => Image sees 45 / 82 points
I20261002 19:58:28.566490 27396 incremental_pipeline.cc:629] Registering image with structure-less fallback
I20261002 19:58:28.566537 27396 incremental_pipeline.cc:631] => Image sees 120 / 694 correspondences
I20261002 19:58:28.566589 27396 incremental_pipeline.cc:646] => Could not register, trying another image.
I20261002 19:58:28.566636 27396 incremental_pipeline.cc:620] Registering image #56 (num_reg_frames=8)
I20261002 19:58:28.566682 27396 incremental_pipeline.cc:623] => Image sees 39 / 75 points
I20261002 19:58:28.566728 27396 incremental_pipeline.cc:629] Registering image with structure-less fallback
I20261002 19:58:28.566773 27396 incremental_pipeline.cc:631] => Image sees 118 / 831 correspondences
I20261002 19:58:28.566825 27396 incremental_pipeline.cc:646] => Could not register, trying another image.
I20261002 19:58:28.566870 27396 incremental_pipeline.cc:620] Registering image #55 (num_reg_frames=8)
I20261002 19:58:28.566915 27396 incremental_pipeline.cc:623] => Image sees 44 / 85 points
I20261002 19:58:28.566960 27396 incremental_pipeline.cc:629] Registering image with structure-less fallback
I20261002 19:58:28.567005 27396 incremental_pipeline.cc:631] => Image sees 114 / 710 correspondences
I20261002 19:58:28.567057 27396 incremental_pipeline.cc:646] => Could not register, trying another image.
I20261002 19:58:28.567111 27396 incremental_pipeline.cc:620] Registering image #67 (num_reg_frames=8)
I20261002 19:58:28.567157 27396 incremental_pipeline.cc:623] => Image sees 48 / 85 points
I20261002 19:58:28.567202 27396 incremental_pipeline.cc:629] Registering image with structure-less fallback
I20261002 19:58:28.567247 27396 incremental_pipeline.cc:631] => Image sees 112 / 767 correspondences
I20261002 19:58:28.567299 27396 incremental_pipeline.cc:646] => Could not register, trying another image.
I20261002 19:58:28.567344 27396 incremental_pipeline.cc:620] Registering image #62 (num_reg_frames=8)
I20261002 19:58:28.567389 27396 incremental_pipeline.cc:623] => Image sees 44 / 80 points
I20261002 19:58:28.567434 27396 incremental_pipeline.cc:629] Registering image with structure-less fallback
I20261002 19:58:28.567482 27396 incremental_pipeline.cc:631] => Image sees 112 / 845 correspondences
I20261002 19:58:28.567534 27396 incremental_pipeline.cc:646] => Could not register, trying another image.
I20261002 19:58:28.567579 27396 incremental_pipeline.cc:620] Registering image #45 (num_reg_frames=8)
I20261002 19:58:28.567624 27396 incremental_pipeline.cc:623] => Image sees 49 / 80 points
I20261002 19:58:28.567672 27396 incremental_pipeline.cc:629] Registering image with structure-less fallback
I20261002 19:58:28.567718 27396 incremental_pipeline.cc:631] => Image sees 110 / 672 correspondences
I20261002 19:58:28.567769 27396 incremental_pipeline.cc:646] => Could not register, trying another image.
I20261002 19:58:28.567813 27396 incremental_pipeline.cc:620] Registering image #64 (num_reg_frames=8)
I20261002 19:58:28.567859 27396 incremental_pipeline.cc:623] => Image sees 43 / 78 points
I20261002 19:58:28.567904 27396 incremental_pipeline.cc:629] Registering image with structure-less fallback
I20261002 19:58:28.567949 27396 incremental_pipeline.cc:631] => Image sees 103 / 823 correspondences
I20261002 19:58:28.568000 27396 incremental_pipeline.cc:646] => Could not register, trying another image.
I20261002 19:58:28.568045 27396 incremental_pipeline.cc:620] Registering image #66 (num_reg_frames=8)
I20261002 19:58:28.568090 27396 incremental_pipeline.cc:623] => Image sees 41 / 77 points
I20261002 19:58:28.568136 27396 incremental_pipeline.cc:629] Registering image with structure-less fallback
I20261002 19:58:28.568182 27396 incremental_pipeline.cc:631] => Image sees 102 / 618 correspondences
I20261002 19:58:28.568233 27396 incremental_pipeline.cc:646] => Could not register, trying another image.
I20261002 19:58:28.568277 27396 incremental_pipeline.cc:620] Registering image #51 (num_reg_frames=8)
I20261002 19:58:28.568324 27396 incremental_pipeline.cc:623] => Image sees 46 / 70 points
I20261002 19:58:28.568369 27396 incremental_pipeline.cc:629] Registering image with structure-less fallback
I20261002 19:58:28.568414 27396 incremental_pipeline.cc:631] => Image sees 100 / 684 correspondences
I20261002 19:58:28.568465 27396 incremental_pipeline.cc:646] => Could not register, trying another image.
I20261002 19:58:28.568510 27396 incremental_pipeline.cc:620] Registering image #27 (num_reg_frames=8)
I20261002 19:58:28.568555 27396 incremental_pipeline.cc:623] => Image sees 42 / 84 points
I20261002 19:58:28.568601 27396 incremental_pipeline.cc:629] Registering image with structure-less fallback
I20261002 19:58:28.568645 27396 incremental_pipeline.cc:631] => Image sees 95 / 614 correspondences
I20261002 19:58:28.568696 27396 incremental_pipeline.cc:646] => Could not register, trying another image.
I20261002 19:58:28.568741 27396 incremental_pipeline.cc:620] Registering image #59 (num_reg_frames=8)
I20261002 19:58:28.568786 27396 incremental_pipeline.cc:623] => Image sees 39 / 69 points
I20261002 19:58:28.568834 27396 incremental_pipeline.cc:629] Registering image with structure-less fallback
I20261002 19:58:28.568879 27396 incremental_pipeline.cc:631] => Image sees 92 / 651 correspondences
I20261002 19:58:28.568931 27396 incremental_pipeline.cc:646] => Could not register, trying another image.
I20261002 19:58:28.568985 27396 incremental_pipeline.cc:620] Registering image #70 (num_reg_frames=8)
I20261002 19:58:28.569030 27396 incremental_pipeline.cc:623] => Image sees 33 / 77 points
I20261002 19:58:28.569076 27396 incremental_pipeline.cc:629] Registering image with structure-less fallback
I20261002 19:58:28.569121 27396 incremental_pipeline.cc:631] => Image sees 81 / 606 correspondences
I20261002 19:58:28.569177 27396 incremental_pipeline.cc:646] => Could not register, trying another image.
I20261002 19:58:28.569222 27396 incremental_pipeline.cc:620] Registering image #74 (num_reg_frames=8)
I20261002 19:58:28.569268 27396 incremental_pipeline.cc:623] => Image sees 31 / 99 points
I20261002 19:58:28.569315 27396 incremental_pipeline.cc:629] Registering image with structure-less fallback
I20261002 19:58:28.569360 27396 incremental_pipeline.cc:631] => Image sees 63 / 643 correspondences
I20261002 19:58:28.569412 27396 incremental_pipeline.cc:646] => Could not register, trying another image.
I20261002 19:58:28.569456 27396 incremental_pipeline.cc:620] Registering image #60 (num_reg_frames=8)
I20261002 19:58:28.569512 27396 incremental_pipeline.cc:623] => Image sees 44 / 81 points
I20261002 19:58:28.569561 27396 incremental_pipeline.cc:629] Registering image with structure-less fallback
I20261002 19:58:28.569690 27396 incremental_pipeline.cc:631] => Image sees 60 / 780 correspondences
I20261002 19:58:28.569837 27396 incremental_pipeline.cc:646] => Could not register, trying another image.
I20261002 19:58:28.569935 27396 incremental_pipeline.cc:620] Registering image #65 (num_reg_frames=8)
I20261002 19:58:28.569994 27396 incremental_pipeline.cc:623] => Image sees 39 / 93 points
I20261002 19:58:28.570041 27396 incremental_pipeline.cc:629] Registering image with structure-less fallback
I20261002 19:58:28.570084 27396 incremental_pipeline.cc:631] => Image sees 56 / 738 correspondences
I20261002 19:58:28.570128 27396 incremental_pipeline.cc:646] => Could not register, trying another image.
I20261002 19:58:28.570172 27396 incremental_pipeline.cc:88] Retriangulation and Global bundle adjustment
I20261002 19:58:28.589982 27396 incremental_pipeline.cc:620] Registering image #22 (num_reg_frames=8)
I20261002 19:58:28.590192 27396 incremental_pipeline.cc:623] => Image sees 35 / 74 points
I20261002 19:58:28.590309 27396 incremental_pipeline.cc:646] => Could not register, trying another image.
I20261002 19:58:28.590384 27396 incremental_pipeline.cc:620] Registering image #28 (num_reg_frames=8)
I20261002 19:58:28.590445 27396 incremental_pipeline.cc:623] => Image sees 36 / 84 points
I20261002 19:58:28.590511 27396 incremental_pipeline.cc:646] => Could not register, trying another image.
I20261002 19:58:28.590575 27396 incremental_pipeline.cc:620] Registering image #29 (num_reg_frames=8)
I20261002 19:58:28.590635 27396 incremental_pipeline.cc:623] => Image sees 36 / 88 points
I20261002 19:58:28.590699 27396 incremental_pipeline.cc:646] => Could not register, trying another image.
I20261002 19:58:28.590757 27396 incremental_pipeline.cc:620] Registering image #58 (num_reg_frames=8)
I20261002 19:58:28.590816 27396 incremental_pipeline.cc:623] => Image sees 37 / 75 points
I20261002 19:58:28.590882 27396 incremental_pipeline.cc:646] => Could not register, trying another image.
I20261002 19:58:28.590941 27396 incremental_pipeline.cc:620] Registering image #70 (num_reg_frames=8)
I20261002 19:58:28.590999 27396 incremental_pipeline.cc:623] => Image sees 33 / 77 points
I20261002 19:58:28.591064 27396 incremental_pipeline.cc:646] => Could not register, trying another image.
I20261002 19:58:28.591133 27396 incremental_pipeline.cc:620] Registering image #25 (num_reg_frames=8)
I20261002 19:58:28.591192 27396 incremental_pipeline.cc:623] => Image sees 36 / 76 points
I20261002 19:58:28.591256 27396 incremental_pipeline.cc:646] => Could not register, trying another image.
I20261002 19:58:28.591314 27396 incremental_pipeline.cc:620] Registering image #68 (num_reg_frames=8)
I20261002 19:58:28.591381 27396 incremental_pipeline.cc:623] => Image sees 32 / 83 points
I20261002 19:58:28.591460 27396 incremental_pipeline.cc:646] => Could not register, trying another image.
I20261002 19:58:28.591520 27396 incremental_pipeline.cc:620] Registering image #54 (num_reg_frames=8)
I20261002 19:58:28.591579 27396 incremental_pipeline.cc:623] => Image sees 33 / 82 points
I20261002 19:58:28.591644 27396 incremental_pipeline.cc:646] => Could not register, trying another image.
I20261002 19:58:28.591702 27396 incremental_pipeline.cc:620] Registering image #74 (num_reg_frames=8)
I20261002 19:58:28.591825 27396 incremental_pipeline.cc:623] => Image sees 31 / 99 points
I20261002 19:58:28.591912 27396 incremental_pipeline.cc:646] => Could not register, trying another image.
I20261002 19:58:28.591975 27396 incremental_pipeline.cc:620] Registering image #47 (num_reg_frames=8)
I20261002 19:58:28.592037 27396 incremental_pipeline.cc:623] => Image sees 50 / 87 points
I20261002 19:58:28.592107 27396 incremental_pipeline.cc:646] => Could not register, trying another image.
I20261002 19:58:28.592171 27396 incremental_pipeline.cc:620] Registering image #45 (num_reg_frames=8)
I20261002 19:58:28.592330 27396 incremental_pipeline.cc:623] => Image sees 49 / 80 points
I20261002 19:58:28.592401 27396 incremental_pipeline.cc:646] => Could not register, trying another image.
I20261002 19:58:28.592460 27396 incremental_pipeline.cc:620] Registering image #43 (num_reg_frames=8)
I20261002 19:58:28.592521 27396 incremental_pipeline.cc:623] => Image sees 51 / 79 points
I20261002 19:58:28.592605 27396 incremental_pipeline.cc:646] => Could not register, trying another image.
I20261002 19:58:28.592663 27396 incremental_pipeline.cc:620] Registering image #61 (num_reg_frames=8)
I20261002 19:58:28.592721 27396 incremental_pipeline.cc:623] => Image sees 49 / 90 points
I20261002 19:58:28.592800 27396 incremental_pipeline.cc:646] => Could not register, trying another image.
I20261002 19:58:28.592867 27396 incremental_pipeline.cc:620] Registering image #67 (num_reg_frames=8)
I20261002 19:58:28.592927 27396 incremental_pipeline.cc:623] => Image sees 48 / 85 points
I20261002 19:58:28.592993 27396 incremental_pipeline.cc:646] => Could not register, trying another image.
I20261002 19:58:28.593051 27396 incremental_pipeline.cc:620] Registering image #36 (num_reg_frames=8)
I20261002 19:58:28.593109 27396 incremental_pipeline.cc:623] => Image sees 46 / 83 points
I20261002 19:58:28.593176 27396 incremental_pipeline.cc:646] => Could not register, trying another image.
I20261002 19:58:28.593238 27396 incremental_pipeline.cc:620] Registering image #53 (num_reg_frames=8)
I20261002 19:58:28.593296 27396 incremental_pipeline.cc:623] => Image sees 46 / 81 points
I20261002 19:58:28.593374 27396 incremental_pipeline.cc:646] => Could not register, trying another image.
I20261002 19:58:28.593432 27396 incremental_pipeline.cc:620] Registering image #52 (num_reg_frames=8)
I20261002 19:58:28.593491 27396 incremental_pipeline.cc:623] => Image sees 44 / 84 points
I20261002 19:58:28.593557 27396 incremental_pipeline.cc:646] => Could not register, trying another image.
I20261002 19:58:28.593614 27396 incremental_pipeline.cc:620] Registering image #49 (num_reg_frames=8)
I20261002 19:58:28.593673 27396 incremental_pipeline.cc:623] => Image sees 44 / 69 points
I20261002 19:58:28.593749 27396 incremental_pipeline.cc:646] => Could not register, trying another image.
I20261002 19:58:28.593807 27396 incremental_pipeline.cc:620] Registering image #48 (num_reg_frames=8)
I20261002 19:58:28.593888 27396 incremental_pipeline.cc:623] => Image sees 45 / 82 points
I20261002 19:58:28.593961 27396 incremental_pipeline.cc:646] => Could not register, trying another image.
I20261002 19:58:28.594057 27396 incremental_pipeline.cc:620] Registering image #62 (num_reg_frames=8)
I20261002 19:58:28.594162 27396 incremental_pipeline.cc:623] => Image sees 44 / 80 points
I20261002 19:58:28.594368 27396 incremental_pipeline.cc:646] => Could not register, trying another image.
I20261002 19:58:28.594508 27396 incremental_pipeline.cc:620] Registering image #32 (num_reg_frames=8)
I20261002 19:58:28.594672 27396 incremental_pipeline.cc:623] => Image sees 43 / 90 points
I20261002 19:58:28.594762 27396 incremental_pipeline.cc:646] => Could not register, trying another image.
I20261002 19:58:28.594821 27396 incremental_pipeline.cc:620] Registering image #51 (num_reg_frames=8)
I20261002 19:58:28.594907 27396 incremental_pipeline.cc:623] => Image sees 46 / 70 points
I20261002 19:58:28.594972 27396 incremental_pipeline.cc:646] => Could not register, trying another image.
I20261002 19:58:28.595031 27396 incremental_pipeline.cc:620] Registering image #64 (num_reg_frames=8)
I20261002 19:58:28.595089 27396 incremental_pipeline.cc:623] => Image sees 43 / 78 points
I20261002 19:58:28.595155 27396 incremental_pipeline.cc:646] => Could not register, trying another image.
I20261002 19:58:28.595213 27396 incremental_pipeline.cc:620] Registering image #38 (num_reg_frames=8)
I20261002 19:58:28.595272 27396 incremental_pipeline.cc:623] => Image sees 43 / 83 points
I20261002 19:58:28.595391 27396 incremental_pipeline.cc:646] => Could not register, trying another image.
I20261002 19:58:28.595474 27396 incremental_pipeline.cc:620] Registering image #34 (num_reg_frames=8)
I20261002 19:58:28.595538 27396 incremental_pipeline.cc:623] => Image sees 44 / 80 points
I20261002 19:58:28.595604 27396 incremental_pipeline.cc:646] => Could not register, trying another image.
I20261002 19:58:28.595662 27396 incremental_pipeline.cc:620] Registering image #60 (num_reg_frames=8)
I20261002 19:58:28.595721 27396 incremental_pipeline.cc:623] => Image sees 44 / 81 points
I20261002 19:58:28.595786 27396 incremental_pipeline.cc:646] => Could not register, trying another image.
I20261002 19:58:28.595845 27396 incremental_pipeline.cc:620] Registering image #55 (num_reg_frames=8)
I20261002 19:58:28.595903 27396 incremental_pipeline.cc:623] => Image sees 44 / 85 points
I20261002 19:58:28.595969 27396 incremental_pipeline.cc:646] => Could not register, trying another image.
I20261002 19:58:28.596027 27396 incremental_pipeline.cc:620] Registering image #31 (num_reg_frames=8)
I20261002 19:58:28.596086 27396 incremental_pipeline.cc:623] => Image sees 44 / 82 points
I20261002 19:58:28.596152 27396 incremental_pipeline.cc:646] => Could not register, trying another image.
I20261002 19:58:28.596210 27396 incremental_pipeline.cc:620] Registering image #27 (num_reg_frames=8)
I20261002 19:58:28.596268 27396 incremental_pipeline.cc:623] => Image sees 42 / 84 points
I20261002 19:58:28.596333 27396 incremental_pipeline.cc:646] => Could not register, trying another image.
I20261002 19:58:28.596392 27396 incremental_pipeline.cc:620] Registering image #39 (num_reg_frames=8)
I20261002 19:58:28.596656 27396 incremental_pipeline.cc:623] => Image sees 40 / 83 points
I20261002 19:58:28.596886 27396 incremental_pipeline.cc:646] => Could not register, trying another image.
I20261002 19:58:28.596989 27396 incremental_pipeline.cc:620] Registering image #26 (num_reg_frames=8)
I20261002 19:58:28.597058 27396 incremental_pipeline.cc:623] => Image sees 41 / 88 points
I20261002 19:58:28.597142 27396 incremental_pipeline.cc:646] => Could not register, trying another image.
I20261002 19:58:28.597211 27396 incremental_pipeline.cc:620] Registering image #58 (num_reg_frames=8)
I20261002 19:58:28.597294 27396 incremental_pipeline.cc:623] => Image sees 37 / 75 points
I20261002 19:58:28.597450 27396 incremental_pipeline.cc:629] Registering image with structure-less fallback
I20261002 19:58:28.597547 27396 incremental_pipeline.cc:631] => Image sees 52 / 703 correspondences
I20261002 19:58:28.597617 27396 incremental_pipeline.cc:646] => Could not register, trying another image.
I20261002 19:58:28.597682 27396 incremental_pipeline.cc:620] Registering image #63 (num_reg_frames=8)
I20261002 19:58:28.597745 27396 incremental_pipeline.cc:623] => Image sees 39 / 73 points
I20261002 19:58:28.597806 27396 incremental_pipeline.cc:629] Registering image with structure-less fallback
I20261002 19:58:28.597867 27396 incremental_pipeline.cc:631] => Image sees 50 / 665 correspondences
I20261002 19:58:28.597940 27396 incremental_pipeline.cc:646] => Could not register, trying another image.
I20261002 19:58:28.598004 27396 incremental_pipeline.cc:620] Registering image #57 (num_reg_frames=8)
I20261002 19:58:28.598066 27396 incremental_pipeline.cc:623] => Image sees 38 / 74 points
I20261002 19:58:28.598128 27396 incremental_pipeline.cc:629] Registering image with structure-less fallback
I20261002 19:58:28.598190 27396 incremental_pipeline.cc:631] => Image sees 49 / 688 correspondences
I20261002 19:58:28.598259 27396 incremental_pipeline.cc:646] => Could not register, trying another image.
I20261002 19:58:28.598320 27396 incremental_pipeline.cc:620] Registering image #68 (num_reg_frames=8)
I20261002 19:58:28.598389 27396 incremental_pipeline.cc:623] => Image sees 32 / 83 points
I20261002 19:58:28.598450 27396 incremental_pipeline.cc:629] Registering image with structure-less fallback
I20261002 19:58:28.598511 27396 incremental_pipeline.cc:631] => Image sees 46 / 737 correspondences
I20261002 19:58:28.598573 27396 incremental_pipeline.cc:646] => Could not register, trying another image.
I20261002 19:58:28.598642 27396 incremental_pipeline.cc:620] Registering image #54 (num_reg_frames=8)
I20261002 19:58:28.598703 27396 incremental_pipeline.cc:623] => Image sees 33 / 82 points
I20261002 19:58:28.598762 27396 incremental_pipeline.cc:629] Registering image with structure-less fallback
I20261002 19:58:28.598820 27396 incremental_pipeline.cc:631] => Image sees 46 / 670 correspondences
I20261002 19:58:28.598897 27396 incremental_pipeline.cc:646] => Could not register, trying another image.
I20261002 19:58:28.598957 27396 incremental_pipeline.cc:620] Registering image #22 (num_reg_frames=8)
I20261002 19:58:28.599016 27396 incremental_pipeline.cc:623] => Image sees 35 / 74 points
I20261002 19:58:28.599074 27396 incremental_pipeline.cc:629] Registering image with structure-less fallback
I20261002 19:58:28.599142 27396 incremental_pipeline.cc:631] => Image sees 45 / 506 correspondences
I20261002 19:58:28.599201 27396 incremental_pipeline.cc:646] => Could not register, trying another image.
I20261002 19:58:28.599260 27396 incremental_pipeline.cc:620] Registering image #25 (num_reg_frames=8)
I20261002 19:58:28.599325 27396 incremental_pipeline.cc:623] => Image sees 36 / 76 points
I20261002 19:58:28.599396 27396 incremental_pipeline.cc:629] Registering image with structure-less fallback
I20261002 19:58:28.599457 27396 incremental_pipeline.cc:631] => Image sees 45 / 514 correspondences
I20261002 19:58:28.599520 27396 incremental_pipeline.cc:646] => Could not register, trying another image.
I20261002 19:58:28.599578 27396 incremental_pipeline.cc:620] Registering image #28 (num_reg_frames=8)
I20261002 19:58:28.599646 27396 incremental_pipeline.cc:623] => Image sees 36 / 84 points
I20261002 19:58:28.599705 27396 incremental_pipeline.cc:629] Registering image with structure-less fallback
I20261002 19:58:28.599764 27396 incremental_pipeline.cc:631] => Image sees 44 / 712 correspondences
I20261002 19:58:28.599825 27396 incremental_pipeline.cc:646] => Could not register, trying another image.
I20261002 19:58:28.599927 27396 incremental_pipeline.cc:620] Registering image #29 (num_reg_frames=8)
I20261002 19:58:28.600007 27396 incremental_pipeline.cc:623] => Image sees 36 / 88 points
I20261002 19:58:28.600124 27396 incremental_pipeline.cc:629] Registering image with structure-less fallback
I20261002 19:58:28.600272 27396 incremental_pipeline.cc:631] => Image sees 41 / 527 correspondences
I20261002 19:58:28.600388 27396 incremental_pipeline.cc:646] => Could not register, trying another image.
I20261002 19:58:28.600581 27396 incremental_pipeline.cc:620] Registering image #61 (num_reg_frames=8)
I20261002 19:58:28.600673 27396 incremental_pipeline.cc:623] => Image sees 49 / 90 points
I20261002 19:58:28.600739 27396 incremental_pipeline.cc:629] Registering image with structure-less fallback
I20261002 19:58:28.600799 27396 incremental_pipeline.cc:631] => Image sees 442 / 2620 correspondences
I20261002 19:58:28.600877 27396 incremental_pipeline.cc:646] => Could not register, trying another image.
I20261002 19:58:28.600954 27396 incremental_pipeline.cc:620] Registering image #53 (num_reg_frames=8)
I20261002 19:58:28.601071 27396 incremental_pipeline.cc:623] => Image sees 46 / 81 points
I20261002 19:58:28.601198 27396 incremental_pipeline.cc:629] Registering image with structure-less fallback
I20261002 19:58:28.601264 27396 incremental_pipeline.cc:631] => Image sees 424 / 2517 correspondences
I20261002 19:58:28.601353 27396 incremental_pipeline.cc:646] => Could not register, trying another image.
I20261002 19:58:28.601413 27396 incremental_pipeline.cc:620] Registering image #32 (num_reg_frames=8)
I20261002 19:58:28.601471 27396 incremental_pipeline.cc:623] => Image sees 43 / 90 points
I20261002 19:58:28.601530 27396 incremental_pipeline.cc:629] Registering image with structure-less fallback
I20261002 19:58:28.601588 27396 incremental_pipeline.cc:631] => Image sees 366 / 2206 correspondences
I20261002 19:58:28.601662 27396 incremental_pipeline.cc:646] => Could not register, trying another image.
I20261002 19:58:28.601726 27396 incremental_pipeline.cc:620] Registering image #39 (num_reg_frames=8)
I20261002 19:58:28.601784 27396 incremental_pipeline.cc:623] => Image sees 40 / 83 points
I20261002 19:58:28.601843 27396 incremental_pipeline.cc:629] Registering image with structure-less fallback
I20261002 19:58:28.601901 27396 incremental_pipeline.cc:631] => Image sees 264 / 750 correspondences
I20261002 19:58:28.601968 27396 incremental_pipeline.cc:646] => Could not register, trying another image.
I20261002 19:58:28.602028 27396 incremental_pipeline.cc:620] Registering image #71 (num_reg_frames=8)
I20261002 19:58:28.602087 27396 incremental_pipeline.cc:623] => Image sees 34 / 92 points
I20261002 19:58:28.602151 27396 incremental_pipeline.cc:629] Registering image with structure-less fallback
I20261002 19:58:28.602215 27396 incremental_pipeline.cc:631] => Image sees 253 / 1764 correspondences
I20261002 19:58:28.602291 27396 incremental_pipeline.cc:646] => Could not register, trying another image.
I20261002 19:58:28.602351 27396 incremental_pipeline.cc:620] Registering image #49 (num_reg_frames=8)
I20261002 19:58:28.602409 27396 incremental_pipeline.cc:623] => Image sees 44 / 69 points
I20261002 19:58:28.602468 27396 incremental_pipeline.cc:629] Registering image with structure-less fallback
I20261002 19:58:28.602526 27396 incremental_pipeline.cc:631] => Image sees 231 / 701 correspondences
I20261002 19:58:28.602592 27396 incremental_pipeline.cc:646] => Could not register, trying another image.
I20261002 19:58:28.602650 27396 incremental_pipeline.cc:620] Registering image #47 (num_reg_frames=8)
I20261002 19:58:28.602708 27396 incremental_pipeline.cc:623] => Image sees 50 / 87 points
I20261002 19:58:28.602767 27396 incremental_pipeline.cc:629] Registering image with structure-less fallback
I20261002 19:58:28.602829 27396 incremental_pipeline.cc:631] => Image sees 226 / 862 correspondences
I20261002 19:58:28.602898 27396 incremental_pipeline.cc:646] => Could not register, trying another image.
I20261002 19:58:28.602957 27396 incremental_pipeline.cc:620] Registering image #43 (num_reg_frames=8)
I20261002 19:58:28.603017 27396 incremental_pipeline.cc:623] => Image sees 51 / 79 points
I20261002 19:58:28.603076 27396 incremental_pipeline.cc:629] Registering image with structure-less fallback
I20261002 19:58:28.603134 27396 incremental_pipeline.cc:631] => Image sees 217 / 676 correspondences
I20261002 19:58:28.603204 27396 incremental_pipeline.cc:646] => Could not register, trying another image.
I20261002 19:58:28.603262 27396 incremental_pipeline.cc:620] Registering image #38 (num_reg_frames=8)
I20261002 19:58:28.603325 27396 incremental_pipeline.cc:623] => Image sees 43 / 83 points
I20261002 19:58:28.603383 27396 incremental_pipeline.cc:629] Registering image with structure-less fallback
I20261002 19:58:28.603442 27396 incremental_pipeline.cc:631] => Image sees 210 / 709 correspondences
I20261002 19:58:28.603509 27396 incremental_pipeline.cc:646] => Could not register, trying another image.
I20261002 19:58:28.603581 27396 incremental_pipeline.cc:620] Registering image #36 (num_reg_frames=8)
I20261002 19:58:28.603639 27396 incremental_pipeline.cc:623] => Image sees 46 / 83 points
I20261002 19:58:28.603698 27396 incremental_pipeline.cc:629] Registering image with structure-less fallback
I20261002 19:58:28.603756 27396 incremental_pipeline.cc:631] => Image sees 205 / 717 correspondences
I20261002 19:58:28.603822 27396 incremental_pipeline.cc:646] => Could not register, trying another image.
I20261002 19:58:28.603880 27396 incremental_pipeline.cc:620] Registering image #46 (num_reg_frames=8)
I20261002 19:58:28.603938 27396 incremental_pipeline.cc:623] => Image sees 41 / 71 points
I20261002 19:58:28.603997 27396 incremental_pipeline.cc:629] Registering image with structure-less fallback
I20261002 19:58:28.604055 27396 incremental_pipeline.cc:631] => Image sees 186 / 584 correspondences
I20261002 19:58:28.604122 27396 incremental_pipeline.cc:646] => Could not register, trying another image.
I20261002 19:58:28.604191 27396 incremental_pipeline.cc:620] Registering image #30 (num_reg_frames=8)
I20261002 19:58:28.604250 27396 incremental_pipeline.cc:623] => Image sees 42 / 88 points
I20261002 19:58:28.604324 27396 incremental_pipeline.cc:629] Registering image with structure-less fallback
I20261002 19:58:28.604411 27396 incremental_pipeline.cc:631] => Image sees 173 / 610 correspondences
I20261002 19:58:28.604502 27396 incremental_pipeline.cc:646] => Could not register, trying another image.
I20261002 19:58:28.604565 27396 incremental_pipeline.cc:620] Registering image #52 (num_reg_frames=8)
I20261002 19:58:28.604639 27396 incremental_pipeline.cc:623] => Image sees 44 / 84 points
I20261002 19:58:28.604702 27396 incremental_pipeline.cc:629] Registering image with structure-less fallback
I20261002 19:58:28.604763 27396 incremental_pipeline.cc:631] => Image sees 156 / 804 correspondences
I20261002 19:58:28.604843 27396 incremental_pipeline.cc:646] => Could not register, trying another image.
I20261002 19:58:28.604904 27396 incremental_pipeline.cc:620] Registering image #31 (num_reg_frames=8)
I20261002 19:58:28.604964 27396 incremental_pipeline.cc:623] => Image sees 44 / 82 points
I20261002 19:58:28.605037 27396 incremental_pipeline.cc:629] Registering image with structure-less fallback
I20261002 19:58:28.605100 27396 incremental_pipeline.cc:631] => Image sees 150 / 694 correspondences
I20261002 19:58:28.605168 27396 incremental_pipeline.cc:646] => Could not register, trying another image.
I20261002 19:58:28.605231 27396 incremental_pipeline.cc:620] Registering image #34 (num_reg_frames=8)
I20261002 19:58:28.605309 27396 incremental_pipeline.cc:623] => Image sees 44 / 80 points
I20261002 19:58:28.605380 27396 incremental_pipeline.cc:629] Registering image with structure-less fallback
I20261002 19:58:28.605445 27396 incremental_pipeline.cc:631] => Image sees 145 / 577 correspondences
I20261002 19:58:28.605514 27396 incremental_pipeline.cc:646] => Could not register, trying another image.
I20261002 19:58:28.605576 27396 incremental_pipeline.cc:620] Registering image #26 (num_reg_frames=8)
I20261002 19:58:28.605639 27396 incremental_pipeline.cc:623] => Image sees 41 / 88 points
I20261002 19:58:28.605708 27396 incremental_pipeline.cc:629] Registering image with structure-less fallback
I20261002 19:58:28.605778 27396 incremental_pipeline.cc:631] => Image sees 141 / 653 correspondences
I20261002 19:58:28.605845 27396 incremental_pipeline.cc:646] => Could not register, trying another image.
I20261002 19:58:28.605906 27396 incremental_pipeline.cc:620] Registering image #48 (num_reg_frames=8)
I20261002 19:58:28.605978 27396 incremental_pipeline.cc:623] => Image sees 45 / 82 points
I20261002 19:58:28.606087 27396 incremental_pipeline.cc:629] Registering image with structure-less fallback
I20261002 19:58:28.606194 27396 incremental_pipeline.cc:631] => Image sees 120 / 694 correspondences
I20261002 19:58:28.606282 27396 incremental_pipeline.cc:646] => Could not register, trying another image.
I20261002 19:58:28.606352 27396 incremental_pipeline.cc:620] Registering image #56 (num_reg_frames=8)
I20261002 19:58:28.606413 27396 incremental_pipeline.cc:623] => Image sees 39 / 75 points
I20261002 19:58:28.606475 27396 incremental_pipeline.cc:629] Registering image with structure-less fallback
I20261002 19:58:28.606534 27396 incremental_pipeline.cc:631] => Image sees 118 / 831 correspondences
I20261002 19:58:28.606600 27396 incremental_pipeline.cc:646] => Could not register, trying another image.
I20261002 19:58:28.606658 27396 incremental_pipeline.cc:620] Registering image #55 (num_reg_frames=8)
I20261002 19:58:28.606732 27396 incremental_pipeline.cc:623] => Image sees 44 / 85 points
I20261002 19:58:28.606813 27396 incremental_pipeline.cc:629] Registering image with structure-less fallback
I20261002 19:58:28.606899 27396 incremental_pipeline.cc:631] => Image sees 114 / 710 correspondences
I20261002 19:58:28.606966 27396 incremental_pipeline.cc:646] => Could not register, trying another image.
I20261002 19:58:28.607041 27396 incremental_pipeline.cc:620] Registering image #67 (num_reg_frames=8)
I20261002 19:58:28.607103 27396 incremental_pipeline.cc:623] => Image sees 48 / 85 points
I20261002 19:58:28.607170 27396 incremental_pipeline.cc:629] Registering image with structure-less fallback
I20261002 19:58:28.607236 27396 incremental_pipeline.cc:631] => Image sees 112 / 767 correspondences
I20261002 19:58:28.607302 27396 incremental_pipeline.cc:646] => Could not register, trying another image.
I20261002 19:58:28.607360 27396 incremental_pipeline.cc:620] Registering image #62 (num_reg_frames=8)
I20261002 19:58:28.607419 27396 incremental_pipeline.cc:623] => Image sees 44 / 80 points
I20261002 19:58:28.607478 27396 incremental_pipeline.cc:629] Registering image with structure-less fallback
I20261002 19:58:28.607536 27396 incremental_pipeline.cc:631] => Image sees 112 / 845 correspondences
I20261002 19:58:28.607602 27396 incremental_pipeline.cc:646] => Could not register, trying another image.
I20261002 19:58:28.607660 27396 incremental_pipeline.cc:620] Registering image #45 (num_reg_frames=8)
I20261002 19:58:28.607719 27396 incremental_pipeline.cc:623] => Image sees 49 / 80 points
I20261002 19:58:28.607777 27396 incremental_pipeline.cc:629] Registering image with structure-less fallback
I20261002 19:58:28.607836 27396 incremental_pipeline.cc:631] => Image sees 110 / 672 correspondences
I20261002 19:58:28.607901 27396 incremental_pipeline.cc:646] => Could not register, trying another image.
W20261002 19:58:28.607972 27396 incremental_pipeline.cc:821] Discarding reconstruction due to insufficient size
I20261002 19:58:28.609893 27396 incremental_pipeline.cc:465] Finding good initial image pair
I20261002 19:58:28.618294 27396 incremental_pipeline.cc:492] Registering initial image pair #64 and #68
I20261002 19:58:28.618718 27396 incremental_pipeline.cc:510] Global bundle adjustment
I20261002 19:58:28.624856 27396 incremental_pipeline.cc:620] Registering image #53 (num_reg_frames=2)
I20261002 19:58:28.624953 27396 incremental_pipeline.cc:623] => Image sees 45 / 81 points
I20261002 19:58:28.626605 27396 incremental_pipeline.cc:88] Retriangulation and Global bundle adjustment
I20261002 19:58:28.648620 27396 incremental_pipeline.cc:620] Registering image #65 (num_reg_frames=3)
I20261002 19:58:28.648756 27396 incremental_pipeline.cc:623] => Image sees 40 / 93 points
I20261002 19:58:28.651431 27396 incremental_pipeline.cc:620] Registering image #67 (num_reg_frames=4)
I20261002 19:58:28.651527 27396 incremental_pipeline.cc:623] => Image sees 39 / 85 points
W20261002 19:58:28.661385 27396 levenberg_marquardt_strategy.cc:123] Linear solver failure. Failed to compute a step: Eigen failure. Unable to perform dense Cholesky factorization.
W20261002 19:58:28.661844 27396 levenberg_marquardt_strategy.cc:123] Linear solver failure. Failed to compute a step: Eigen failure. Unable to perform dense Cholesky factorization.
W20261002 19:58:28.662180 27396 levenberg_marquardt_strategy.cc:123] Linear solver failure. Failed to compute a step: Eigen failure. Unable to perform dense Cholesky factorization.
W20261002 19:58:28.662393 27396 levenberg_marquardt_strategy.cc:123] Linear solver failure. Failed to compute a step: Eigen failure. Unable to perform dense Cholesky factorization.
I20261002 19:58:28.668228 27396 incremental_pipeline.cc:88] Retriangulation and Global bundle adjustment
I20261002 19:58:28.685251 27396 incremental_pipeline.cc:620] Registering image #42 (num_reg_frames=5)
I20261002 19:58:28.685376 27396 incremental_pipeline.cc:623] => Image sees 41 / 85 points
I20261002 19:58:28.702066 27396 incremental_pipeline.cc:88] Retriangulation and Global bundle adjustment
I20261002 19:58:28.707667 27396 incremental_pipeline.cc:88] Retriangulation and Global bundle adjustment
W20261002 19:58:28.710438 27396 incremental_pipeline.cc:821] Discarding reconstruction due to insufficient size
I20261002 19:58:28.711863 27396 incremental_pipeline.cc:465] Finding good initial image pair
I20261002 19:58:28.730211 27396 incremental_pipeline.cc:492] Registering initial image pair #19 and #21
I20261002 19:58:28.730714 27396 incremental_pipeline.cc:510] Global bundle adjustment
I20261002 19:58:28.735103 27396 incremental_pipeline.cc:620] Registering image #23 (num_reg_frames=2)
I20261002 19:58:28.735247 27396 incremental_pipeline.cc:623] => Image sees 41 / 100 points
I20261002 19:58:28.739060 27396 incremental_pipeline.cc:88] Retriangulation and Global bundle adjustment
I20261002 19:58:28.744735 27396 incremental_pipeline.cc:620] Registering image #20 (num_reg_frames=3)
I20261002 19:58:28.744852 27396 incremental_pipeline.cc:623] => Image sees 38 / 100 points
I20261002 19:58:28.755696 27396 incremental_pipeline.cc:620] Registering image #18 (num_reg_frames=4)
I20261002 19:58:28.755883 27396 incremental_pipeline.cc:623] => Image sees 47 / 88 points
I20261002 19:58:28.767856 27396 incremental_pipeline.cc:88] Retriangulation and Global bundle adjustment
I20261002 19:58:28.778333 27396 incremental_pipeline.cc:620] Registering image #17 (num_reg_frames=5)
I20261002 19:58:28.778462 27396 incremental_pipeline.cc:623] => Image sees 51 / 99 points
I20261002 19:58:28.792738 27396 incremental_pipeline.cc:620] Registering image #16 (num_reg_frames=6)
I20261002 19:58:28.792873 27396 incremental_pipeline.cc:623] => Image sees 58 / 118 points
I20261002 19:58:28.797587 27396 incremental_pipeline.cc:88] Retriangulation and Global bundle adjustment
I20261002 19:58:28.855406 27396 incremental_pipeline.cc:620] Registering image #13 (num_reg_frames=7)
I20261002 19:58:28.855568 27396 incremental_pipeline.cc:623] => Image sees 64 / 113 points
I20261002 19:58:28.862631 27396 incremental_pipeline.cc:620] Registering image #15 (num_reg_frames=8)
I20261002 19:58:28.862744 27396 incremental_pipeline.cc:623] => Image sees 68 / 116 points
I20261002 19:58:28.869155 27396 incremental_pipeline.cc:620] Registering image #12 (num_reg_frames=9)
I20261002 19:58:28.869281 27396 incremental_pipeline.cc:623] => Image sees 61 / 123 points
I20261002 19:58:28.874613 27396 incremental_pipeline.cc:88] Retriangulation and Global bundle adjustment
I20261002 19:58:28.910180 27396 incremental_pipeline.cc:620] Registering image #9 (num_reg_frames=10)
I20261002 19:58:28.910313 27396 incremental_pipeline.cc:623] => Image sees 68 / 118 points
I20261002 19:58:28.917256 27396 incremental_pipeline.cc:620] Registering image #14 (num_reg_frames=11)
I20261002 19:58:28.917374 27396 incremental_pipeline.cc:623] => Image sees 73 / 111 points
I20261002 19:58:28.924345 27396 incremental_pipeline.cc:620] Registering image #11 (num_reg_frames=12)
I20261002 19:58:28.924446 27396 incremental_pipeline.cc:623] => Image sees 60 / 119 points
I20261002 19:58:28.930933 27396 incremental_pipeline.cc:620] Registering image #7 (num_reg_frames=13)
I20261002 19:58:28.931026 27396 incremental_pipeline.cc:623] => Image sees 67 / 109 points
I20261002 19:58:28.937219 27396 incremental_pipeline.cc:88] Retriangulation and Global bundle adjustment
I20261002 19:58:29.048653 27396 incremental_pipeline.cc:620] Registering image #10 (num_reg_frames=14)
I20261002 19:58:29.048950 27396 incremental_pipeline.cc:623] => Image sees 61 / 108 points
I20261002 19:58:29.054327 27396 incremental_pipeline.cc:620] Registering image #8 (num_reg_frames=15)
I20261002 19:58:29.054437 27396 incremental_pipeline.cc:623] => Image sees 64 / 116 points
I20261002 19:58:29.062643 27396 incremental_pipeline.cc:620] Registering image #2 (num_reg_frames=16)
I20261002 19:58:29.062751 27396 incremental_pipeline.cc:623] => Image sees 65 / 111 points
I20261002 19:58:29.073378 27396 incremental_pipeline.cc:620] Registering image #3 (num_reg_frames=17)
I20261002 19:58:29.073498 27396 incremental_pipeline.cc:623] => Image sees 62 / 115 points
I20261002 19:58:29.080641 27396 incremental_pipeline.cc:620] Registering image #5 (num_reg_frames=18)
I20261002 19:58:29.080746 27396 incremental_pipeline.cc:623] => Image sees 63 / 111 points
I20261002 19:58:29.087897 27396 incremental_pipeline.cc:620] Registering image #1 (num_reg_frames=19)
I20261002 19:58:29.088007 27396 incremental_pipeline.cc:623] => Image sees 65 / 105 points
I20261002 19:58:29.098999 27396 incremental_pipeline.cc:88] Retriangulation and Global bundle adjustment
I20261002 19:58:29.598365 27396 incremental_pipeline.cc:88] Retriangulation and Global bundle adjustment
W20261002 19:58:29.598573 27396 incremental_mapper.cc:1155] At least two images must be registered for global bundle-adjustment
W20261002 19:58:29.598697 27396 incremental_pipeline.cc:821] Discarding reconstruction due to insufficient size
I20261002 19:58:29.600039 27396 incremental_pipeline.cc:465] Finding good initial image pair
I20261002 19:58:29.606829 27396 incremental_pipeline.cc:492] Registering initial image pair #117 and #127
I20261002 19:58:29.607457 27396 incremental_pipeline.cc:510] Global bundle adjustment
I20261002 19:58:29.611677 27396 incremental_pipeline.cc:620] Registering image #126 (num_reg_frames=2)
I20261002 19:58:29.611822 27396 incremental_pipeline.cc:623] => Image sees 89 / 159 points
I20261002 19:58:29.615867 27396 incremental_pipeline.cc:88] Retriangulation and Global bundle adjustment
I20261002 19:58:29.653756 27396 incremental_pipeline.cc:620] Registering image #125 (num_reg_frames=3)
I20261002 19:58:29.653932 27396 incremental_pipeline.cc:623] => Image sees 72 / 158 points
I20261002 19:58:29.672256 27396 incremental_pipeline.cc:620] Registering image #116 (num_reg_frames=4)
I20261002 19:58:29.672411 27396 incremental_pipeline.cc:623] => Image sees 76 / 192 points
I20261002 19:58:29.688021 27396 incremental_pipeline.cc:88] Retriangulation and Global bundle adjustment
I20261002 19:58:29.719666 27396 incremental_pipeline.cc:620] Registering image #123 (num_reg_frames=5)
I20261002 19:58:29.719848 27396 incremental_pipeline.cc:623] => Image sees 53 / 161 points
I20261002 19:58:29.733581 27396 incremental_pipeline.cc:88] Retriangulation and Global bundle adjustment
I20261002 19:58:29.858361 27396 incremental_pipeline.cc:620] Registering image #122 (num_reg_frames=6)
I20261002 19:58:29.858528 27396 incremental_pipeline.cc:623] => Image sees 51 / 133 points
I20261002 19:58:29.864820 27396 incremental_pipeline.cc:88] Retriangulation and Global bundle adjustment
I20261002 19:58:29.943472 27396 incremental_pipeline.cc:620] Registering image #124 (num_reg_frames=7)
I20261002 19:58:29.943631 27396 incremental_pipeline.cc:623] => Image sees 75 / 199 points
I20261002 19:58:29.950567 27396 incremental_pipeline.cc:620] Registering image #121 (num_reg_frames=8)
I20261002 19:58:29.950696 27396 incremental_pipeline.cc:623] => Image sees 97 / 209 points
I20261002 19:58:29.957702 27396 incremental_pipeline.cc:88] Retriangulation and Global bundle adjustment
I20261002 19:58:30.136792 27396 incremental_pipeline.cc:620] Registering image #118 (num_reg_frames=9)
I20261002 19:58:30.136960 27396 incremental_pipeline.cc:623] => Image sees 93 / 217 points
I20261002 19:58:30.137058 27396 incremental_pipeline.cc:646] => Could not register, trying another image.
I20261002 19:58:30.137126 27396 incremental_pipeline.cc:620] Registering image #119 (num_reg_frames=9)
I20261002 19:58:30.137195 27396 incremental_pipeline.cc:623] => Image sees 68 / 223 points
I20261002 19:58:30.137339 27396 incremental_pipeline.cc:646] => Could not register, trying another image.
I20261002 19:58:30.137411 27396 incremental_pipeline.cc:620] Registering image #115 (num_reg_frames=9)
I20261002 19:58:30.137476 27396 incremental_pipeline.cc:623] => Image sees 60 / 252 points
I20261002 19:58:30.137557 27396 incremental_pipeline.cc:646] => Could not register, trying another image.
I20261002 19:58:30.137620 27396 incremental_pipeline.cc:620] Registering image #114 (num_reg_frames=9)
I20261002 19:58:30.137682 27396 incremental_pipeline.cc:623] => Image sees 55 / 237 points
I20261002 19:58:30.137778 27396 incremental_pipeline.cc:646] => Could not register, trying another image.
I20261002 19:58:30.137849 27396 incremental_pipeline.cc:620] Registering image #111 (num_reg_frames=9)
I20261002 19:58:30.137922 27396 incremental_pipeline.cc:623] => Image sees 42 / 274 points
I20261002 19:58:30.138006 27396 incremental_pipeline.cc:646] => Could not register, trying another image.
I20261002 19:58:30.138074 27396 incremental_pipeline.cc:620] Registering image #120 (num_reg_frames=9)
I20261002 19:58:30.138141 27396 incremental_pipeline.cc:623] => Image sees 33 / 243 points
I20261002 19:58:30.138213 27396 incremental_pipeline.cc:646] => Could not register, trying another image.
I20261002 19:58:30.138284 27396 incremental_pipeline.cc:620] Registering image #113 (num_reg_frames=9)
I20261002 19:58:30.138355 27396 incremental_pipeline.cc:623] => Image sees 32 / 242 points
I20261002 19:58:30.138435 27396 incremental_pipeline.cc:646] => Could not register, trying another image.
I20261002 19:58:30.138503 27396 incremental_pipeline.cc:620] Registering image #118 (num_reg_frames=9)
I20261002 19:58:30.138568 27396 incremental_pipeline.cc:623] => Image sees 93 / 217 points
I20261002 19:58:30.138629 27396 incremental_pipeline.cc:629] Registering image with structure-less fallback
I20261002 19:58:30.138693 27396 incremental_pipeline.cc:631] => Image sees 486 / 1040 correspondences
I20261002 19:58:30.138783 27396 incremental_pipeline.cc:646] => Could not register, trying another image.
I20261002 19:58:30.138876 27396 incremental_pipeline.cc:620] Registering image #119 (num_reg_frames=9)
I20261002 19:58:30.138947 27396 incremental_pipeline.cc:623] => Image sees 68 / 223 points
I20261002 19:58:30.139011 27396 incremental_pipeline.cc:629] Registering image with structure-less fallback
I20261002 19:58:30.139075 27396 incremental_pipeline.cc:631] => Image sees 253 / 1003 correspondences
I20261002 19:58:30.139155 27396 incremental_pipeline.cc:646] => Could not register, trying another image.
I20261002 19:58:30.139218 27396 incremental_pipeline.cc:620] Registering image #111 (num_reg_frames=9)
I20261002 19:58:30.139281 27396 incremental_pipeline.cc:623] => Image sees 42 / 274 points
I20261002 19:58:30.139345 27396 incremental_pipeline.cc:629] Registering image with structure-less fallback
I20261002 19:58:30.139408 27396 incremental_pipeline.cc:631] => Image sees 237 / 2266 correspondences
I20261002 19:58:30.139486 27396 incremental_pipeline.cc:646] => Could not register, trying another image.
I20261002 19:58:30.139548 27396 incremental_pipeline.cc:620] Registering image #115 (num_reg_frames=9)
I20261002 19:58:30.139611 27396 incremental_pipeline.cc:623] => Image sees 60 / 252 points
I20261002 19:58:30.139674 27396 incremental_pipeline.cc:629] Registering image with structure-less fallback
I20261002 19:58:30.139740 27396 incremental_pipeline.cc:631] => Image sees 209 / 1243 correspondences
I20261002 19:58:30.139816 27396 incremental_pipeline.cc:646] => Could not register, trying another image.
I20261002 19:58:30.139875 27396 incremental_pipeline.cc:620] Registering image #114 (num_reg_frames=9)
I20261002 19:58:30.139938 27396 incremental_pipeline.cc:623] => Image sees 55 / 237 points
I20261002 19:58:30.139998 27396 incremental_pipeline.cc:629] Registering image with structure-less fallback
I20261002 19:58:30.140060 27396 incremental_pipeline.cc:631] => Image sees 206 / 1104 correspondences
I20261002 19:58:30.140147 27396 incremental_pipeline.cc:646] => Could not register, trying another image.
I20261002 19:58:30.140207 27396 incremental_pipeline.cc:620] Registering image #113 (num_reg_frames=9)
I20261002 19:58:30.140268 27396 incremental_pipeline.cc:623] => Image sees 32 / 242 points
I20261002 19:58:30.140332 27396 incremental_pipeline.cc:629] Registering image with structure-less fallback
I20261002 19:58:30.140393 27396 incremental_pipeline.cc:631] => Image sees 122 / 1202 correspondences
I20261002 19:58:30.140465 27396 incremental_pipeline.cc:646] => Could not register, trying another image.
I20261002 19:58:30.140526 27396 incremental_pipeline.cc:620] Registering image #120 (num_reg_frames=9)
I20261002 19:58:30.140591 27396 incremental_pipeline.cc:623] => Image sees 33 / 243 points
I20261002 19:58:30.140661 27396 incremental_pipeline.cc:629] Registering image with structure-less fallback
I20261002 19:58:30.140724 27396 incremental_pipeline.cc:631] => Image sees 104 / 1214 correspondences
I20261002 19:58:30.140798 27396 incremental_pipeline.cc:646] => Could not register, trying another image.
I20261002 19:58:30.140858 27396 incremental_pipeline.cc:88] Retriangulation and Global bundle adjustment
I20261002 19:58:30.143636 27396 incremental_pipeline.cc:620] Registering image #118 (num_reg_frames=9)
I20261002 19:58:30.143764 27396 incremental_pipeline.cc:623] => Image sees 93 / 217 points
I20261002 19:58:30.143859 27396 incremental_pipeline.cc:646] => Could not register, trying another image.
I20261002 19:58:30.143946 27396 incremental_pipeline.cc:620] Registering image #119 (num_reg_frames=9)
I20261002 19:58:30.144050 27396 incremental_pipeline.cc:623] => Image sees 68 / 223 points
I20261002 19:58:30.144133 27396 incremental_pipeline.cc:646] => Could not register, trying another image.
I20261002 19:58:30.144198 27396 incremental_pipeline.cc:620] Registering image #115 (num_reg_frames=9)
I20261002 19:58:30.144260 27396 incremental_pipeline.cc:623] => Image sees 60 / 252 points
I20261002 19:58:30.144342 27396 incremental_pipeline.cc:646] => Could not register, trying another image.
I20261002 19:58:30.144402 27396 incremental_pipeline.cc:620] Registering image #114 (num_reg_frames=9)
I20261002 19:58:30.144463 27396 incremental_pipeline.cc:623] => Image sees 55 / 237 points
I20261002 19:58:30.144543 27396 incremental_pipeline.cc:646] => Could not register, trying another image.
I20261002 19:58:30.144606 27396 incremental_pipeline.cc:620] Registering image #111 (num_reg_frames=9)
I20261002 19:58:30.144668 27396 incremental_pipeline.cc:623] => Image sees 42 / 274 points
I20261002 19:58:30.144747 27396 incremental_pipeline.cc:646] => Could not register, trying another image.
I20261002 19:58:30.144809 27396 incremental_pipeline.cc:620] Registering image #120 (num_reg_frames=9)
I20261002 19:58:30.144875 27396 incremental_pipeline.cc:623] => Image sees 33 / 243 points
I20261002 19:58:30.144949 27396 incremental_pipeline.cc:646] => Could not register, trying another image.
I20261002 19:58:30.145008 27396 incremental_pipeline.cc:620] Registering image #113 (num_reg_frames=9)
I20261002 19:58:30.145070 27396 incremental_pipeline.cc:623] => Image sees 32 / 242 points
I20261002 19:58:30.145140 27396 incremental_pipeline.cc:646] => Could not register, trying another image.
I20261002 19:58:30.145202 27396 incremental_pipeline.cc:620] Registering image #118 (num_reg_frames=9)
I20261002 19:58:30.145264 27396 incremental_pipeline.cc:623] => Image sees 93 / 217 points
I20261002 19:58:30.145325 27396 incremental_pipeline.cc:629] Registering image with structure-less fallback
I20261002 19:58:30.145390 27396 incremental_pipeline.cc:631] => Image sees 486 / 1040 correspondences
I20261002 19:58:30.145465 27396 incremental_pipeline.cc:646] => Could not register, trying another image.
I20261002 19:58:30.145528 27396 incremental_pipeline.cc:620] Registering image #119 (num_reg_frames=9)
I20261002 19:58:30.145594 27396 incremental_pipeline.cc:623] => Image sees 68 / 223 points
I20261002 19:58:30.145653 27396 incremental_pipeline.cc:629] Registering image with structure-less fallback
I20261002 19:58:30.145725 27396 incremental_pipeline.cc:631] => Image sees 253 / 1003 correspondences
I20261002 19:58:30.145803 27396 incremental_pipeline.cc:646] => Could not register, trying another image.
I20261002 19:58:30.145865 27396 incremental_pipeline.cc:620] Registering image #111 (num_reg_frames=9)
I20261002 19:58:30.145928 27396 incremental_pipeline.cc:623] => Image sees 42 / 274 points
I20261002 19:58:30.146000 27396 incremental_pipeline.cc:629] Registering image with structure-less fallback
I20261002 19:58:30.146060 27396 incremental_pipeline.cc:631] => Image sees 237 / 2266 correspondences
I20261002 19:58:30.146140 27396 incremental_pipeline.cc:646] => Could not register, trying another image.
I20261002 19:58:30.146207 27396 incremental_pipeline.cc:620] Registering image #115 (num_reg_frames=9)
I20261002 19:58:30.146268 27396 incremental_pipeline.cc:623] => Image sees 60 / 252 points
I20261002 19:58:30.146328 27396 incremental_pipeline.cc:629] Registering image with structure-less fallback
I20261002 19:58:30.146387 27396 incremental_pipeline.cc:631] => Image sees 209 / 1243 correspondences
I20261002 19:58:30.146459 27396 incremental_pipeline.cc:646] => Could not register, trying another image.
I20261002 19:58:30.146521 27396 incremental_pipeline.cc:620] Registering image #114 (num_reg_frames=9)
I20261002 19:58:30.146580 27396 incremental_pipeline.cc:623] => Image sees 55 / 237 points
I20261002 19:58:30.146647 27396 incremental_pipeline.cc:629] Registering image with structure-less fallback
I20261002 19:58:30.146708 27396 incremental_pipeline.cc:631] => Image sees 206 / 1104 correspondences
I20261002 19:58:30.146781 27396 incremental_pipeline.cc:646] => Could not register, trying another image.
I20261002 19:58:30.146844 27396 incremental_pipeline.cc:620] Registering image #113 (num_reg_frames=9)
I20261002 19:58:30.146904 27396 incremental_pipeline.cc:623] => Image sees 32 / 242 points
I20261002 19:58:30.146965 27396 incremental_pipeline.cc:629] Registering image with structure-less fallback
I20261002 19:58:30.147024 27396 incremental_pipeline.cc:631] => Image sees 122 / 1202 correspondences
I20261002 19:58:30.147097 27396 incremental_pipeline.cc:646] => Could not register, trying another image.
I20261002 19:58:30.147157 27396 incremental_pipeline.cc:620] Registering image #120 (num_reg_frames=9)
I20261002 19:58:30.147290 27396 incremental_pipeline.cc:623] => Image sees 33 / 243 points
I20261002 19:58:30.147394 27396 incremental_pipeline.cc:629] Registering image with structure-less fallback
I20261002 19:58:30.147468 27396 incremental_pipeline.cc:631] => Image sees 104 / 1214 correspondences
I20261002 19:58:30.147541 27396 incremental_pipeline.cc:646] => Could not register, trying another image.
W20261002 19:58:30.147604 27396 incremental_pipeline.cc:821] Discarding reconstruction due to insufficient size
I20261002 19:58:30.149548 27396 incremental_pipeline.cc:465] Finding good initial image pair
I20261002 19:58:30.158111 27396 incremental_pipeline.cc:492] Registering initial image pair #13 and #17
I20261002 19:58:30.158588 27396 incremental_pipeline.cc:510] Global bundle adjustment
I20261002 19:58:30.165559 27396 incremental_pipeline.cc:620] Registering image #16 (num_reg_frames=2)
I20261002 19:58:30.165699 27396 incremental_pipeline.cc:623] => Image sees 56 / 118 points
I20261002 19:58:30.168696 27396 incremental_pipeline.cc:88] Retriangulation and Global bundle adjustment
I20261002 19:58:30.181538 27396 incremental_pipeline.cc:620] Registering image #15 (num_reg_frames=3)
I20261002 19:58:30.181895 27396 incremental_pipeline.cc:623] => Image sees 65 / 116 points
I20261002 19:58:30.191058 27396 incremental_pipeline.cc:620] Registering image #20 (num_reg_frames=4)
I20261002 19:58:30.191351 27396 incremental_pipeline.cc:623] => Image sees 61 / 100 points
I20261002 19:58:30.202677 27396 incremental_pipeline.cc:88] Retriangulation and Global bundle adjustment
I20261002 19:58:30.221490 27396 incremental_pipeline.cc:620] Registering image #21 (num_reg_frames=5)
I20261002 19:58:30.221659 27396 incremental_pipeline.cc:623] => Image sees 58 / 101 points
I20261002 19:58:30.246595 27396 incremental_pipeline.cc:620] Registering image #18 (num_reg_frames=6)
I20261002 19:58:30.246740 27396 incremental_pipeline.cc:623] => Image sees 67 / 88 points
I20261002 19:58:30.250781 27396 incremental_pipeline.cc:88] Retriangulation and Global bundle adjustment
I20261002 19:58:30.269882 27396 incremental_pipeline.cc:620] Registering image #19 (num_reg_frames=7)
I20261002 19:58:30.270006 27396 incremental_pipeline.cc:623] => Image sees 63 / 95 points
I20261002 19:58:30.276634 27396 incremental_pipeline.cc:620] Registering image #23 (num_reg_frames=8)
I20261002 19:58:30.276803 27396 incremental_pipeline.cc:623] => Image sees 63 / 100 points
I20261002 19:58:30.282242 27396 incremental_pipeline.cc:620] Registering image #9 (num_reg_frames=9)
I20261002 19:58:30.282344 27396 incremental_pipeline.cc:623] => Image sees 67 / 118 points
I20261002 19:58:30.288392 27396 incremental_pipeline.cc:88] Retriangulation and Global bundle adjustment
I20261002 19:58:30.351859 27396 incremental_pipeline.cc:620] Registering image #12 (num_reg_frames=10)
I20261002 19:58:30.352051 27396 incremental_pipeline.cc:623] => Image sees 72 / 123 points
I20261002 19:58:30.361533 27396 incremental_pipeline.cc:620] Registering image #14 (num_reg_frames=11)
I20261002 19:58:30.361675 27396 incremental_pipeline.cc:623] => Image sees 88 / 111 points
I20261002 19:58:30.369082 27396 incremental_pipeline.cc:620] Registering image #11 (num_reg_frames=12)
I20261002 19:58:30.369241 27396 incremental_pipeline.cc:623] => Image sees 73 / 119 points
I20261002 19:58:30.375634 27396 incremental_pipeline.cc:620] Registering image #7 (num_reg_frames=13)
I20261002 19:58:30.375750 27396 incremental_pipeline.cc:623] => Image sees 79 / 109 points
I20261002 19:58:30.382370 27396 incremental_pipeline.cc:88] Retriangulation and Global bundle adjustment
I20261002 19:58:30.454702 27396 incremental_pipeline.cc:620] Registering image #10 (num_reg_frames=14)
I20261002 19:58:30.454920 27396 incremental_pipeline.cc:623] => Image sees 72 / 108 points
I20261002 19:58:30.462927 27396 incremental_pipeline.cc:620] Registering image #8 (num_reg_frames=15)
I20261002 19:58:30.463047 27396 incremental_pipeline.cc:623] => Image sees 72 / 116 points
I20261002 19:58:30.470751 27396 incremental_pipeline.cc:620] Registering image #2 (num_reg_frames=16)
I20261002 19:58:30.470862 27396 incremental_pipeline.cc:623] => Image sees 74 / 111 points
I20261002 19:58:30.478461 27396 incremental_pipeline.cc:620] Registering image #3 (num_reg_frames=17)
I20261002 19:58:30.478566 27396 incremental_pipeline.cc:623] => Image sees 72 / 115 points
I20261002 19:58:30.486293 27396 incremental_pipeline.cc:620] Registering image #5 (num_reg_frames=18)
I20261002 19:58:30.486463 27396 incremental_pipeline.cc:623] => Image sees 74 / 111 points
I20261002 19:58:30.495433 27396 incremental_pipeline.cc:620] Registering image #1 (num_reg_frames=19)
I20261002 19:58:30.495579 27396 incremental_pipeline.cc:623] => Image sees 65 / 105 points
I20261002 19:58:30.501597 27396 incremental_pipeline.cc:88] Retriangulation and Global bundle adjustment
I20261002 19:58:30.995333 27396 incremental_pipeline.cc:88] Retriangulation and Global bundle adjustment
W20261002 19:58:30.995536 27396 incremental_mapper.cc:1155] At least two images must be registered for global bundle-adjustment
W20261002 19:58:30.995650 27396 incremental_pipeline.cc:821] Discarding reconstruction due to insufficient size
I20261002 19:58:30.996277 27396 incremental_pipeline.cc:465] Finding good initial image pair
I20261002 19:58:31.003187 27396 incremental_pipeline.cc:492] Registering initial image pair #15 and #9
I20261002 19:58:31.003413 27396 incremental_pipeline.cc:791] Discarding reconstruction due to bad initial pair
I20261002 19:58:31.004263 27396 incremental_pipeline.cc:465] Finding good initial image pair
I20261002 19:58:31.010022 27396 incremental_pipeline.cc:492] Registering initial image pair #10 and #7
I20261002 19:58:31.010443 27396 incremental_pipeline.cc:510] Global bundle adjustment
I20261002 19:58:31.017494 27396 incremental_pipeline.cc:620] Registering image #8 (num_reg_frames=2)
I20261002 19:58:31.017634 27396 incremental_pipeline.cc:623] => Image sees 54 / 116 points
I20261002 19:58:31.021795 27396 incremental_pipeline.cc:88] Retriangulation and Global bundle adjustment
I20261002 19:58:31.052261 27396 incremental_pipeline.cc:620] Registering image #11 (num_reg_frames=3)
I20261002 19:58:31.052384 27396 incremental_pipeline.cc:623] => Image sees 57 / 119 points
I20261002 19:58:31.052460 27396 incremental_pipeline.cc:646] => Could not register, trying another image.
I20261002 19:58:31.052525 27396 incremental_pipeline.cc:620] Registering image #12 (num_reg_frames=3)
I20261002 19:58:31.052579 27396 incremental_pipeline.cc:623] => Image sees 51 / 123 points
I20261002 19:58:31.052641 27396 incremental_pipeline.cc:646] => Could not register, trying another image.
I20261002 19:58:31.052692 27396 incremental_pipeline.cc:620] Registering image #3 (num_reg_frames=3)
I20261002 19:58:31.052747 27396 incremental_pipeline.cc:623] => Image sees 44 / 115 points
I20261002 19:58:31.052809 27396 incremental_pipeline.cc:646] => Could not register, trying another image.
I20261002 19:58:31.052859 27396 incremental_pipeline.cc:620] Registering image #2 (num_reg_frames=3)
I20261002 19:58:31.052907 27396 incremental_pipeline.cc:623] => Image sees 48 / 111 points
I20261002 19:58:31.052962 27396 incremental_pipeline.cc:646] => Could not register, trying another image.
I20261002 19:58:31.053009 27396 incremental_pipeline.cc:620] Registering image #14 (num_reg_frames=3)
I20261002 19:58:31.053057 27396 incremental_pipeline.cc:623] => Image sees 39 / 111 points
I20261002 19:58:31.053114 27396 incremental_pipeline.cc:646] => Could not register, trying another image.
I20261002 19:58:31.053161 27396 incremental_pipeline.cc:620] Registering image #1 (num_reg_frames=3)
I20261002 19:58:31.053209 27396 incremental_pipeline.cc:623] => Image sees 31 / 105 points
I20261002 19:58:31.053262 27396 incremental_pipeline.cc:646] => Could not register, trying another image.
I20261002 19:58:31.053309 27396 incremental_pipeline.cc:620] Registering image #4 (num_reg_frames=3)
I20261002 19:58:31.053356 27396 incremental_pipeline.cc:623] => Image sees 30 / 113 points
I20261002 19:58:31.053411 27396 incremental_pipeline.cc:646] => Could not register, trying another image.
I20261002 19:58:31.053462 27396 incremental_pipeline.cc:620] Registering image #5 (num_reg_frames=3)
I20261002 19:58:31.053511 27396 incremental_pipeline.cc:623] => Image sees 31 / 111 points
I20261002 19:58:31.053565 27396 incremental_pipeline.cc:646] => Could not register, trying another image.
I20261002 19:58:31.053628 27396 incremental_pipeline.cc:620] Registering image #9 (num_reg_frames=3)
I20261002 19:58:31.053681 27396 incremental_pipeline.cc:623] => Image sees 32 / 118 points
I20261002 19:58:31.053737 27396 incremental_pipeline.cc:646] => Could not register, trying another image.
I20261002 19:58:31.053789 27396 incremental_pipeline.cc:620] Registering image #12 (num_reg_frames=3)
I20261002 19:58:31.053837 27396 incremental_pipeline.cc:623] => Image sees 51 / 123 points
I20261002 19:58:31.053883 27396 incremental_pipeline.cc:629] Registering image with structure-less fallback
I20261002 19:58:31.053930 27396 incremental_pipeline.cc:631] => Image sees 160 / 793 correspondences
I20261002 19:58:31.053987 27396 incremental_pipeline.cc:646] => Could not register, trying another image.
I20261002 19:58:31.054034 27396 incremental_pipeline.cc:620] Registering image #11 (num_reg_frames=3)
I20261002 19:58:31.054082 27396 incremental_pipeline.cc:623] => Image sees 57 / 119 points
I20261002 19:58:31.054129 27396 incremental_pipeline.cc:629] Registering image with structure-less fallback
I20261002 19:58:31.054176 27396 incremental_pipeline.cc:631] => Image sees 144 / 418 correspondences
I20261002 19:58:31.054231 27396 incremental_pipeline.cc:646] => Could not register, trying another image.
I20261002 19:58:31.054278 27396 incremental_pipeline.cc:620] Registering image #2 (num_reg_frames=3)
I20261002 19:58:31.054337 27396 incremental_pipeline.cc:623] => Image sees 48 / 111 points
I20261002 19:58:31.054384 27396 incremental_pipeline.cc:629] Registering image with structure-less fallback
I20261002 19:58:31.054438 27396 incremental_pipeline.cc:631] => Image sees 139 / 442 correspondences
I20261002 19:58:31.054612 27396 incremental_pipeline.cc:646] => Could not register, trying another image.
I20261002 19:58:31.054727 27396 incremental_pipeline.cc:620] Registering image #3 (num_reg_frames=3)
I20261002 19:58:31.054783 27396 incremental_pipeline.cc:623] => Image sees 44 / 115 points
I20261002 19:58:31.054837 27396 incremental_pipeline.cc:629] Registering image with structure-less fallback
I20261002 19:58:31.054887 27396 incremental_pipeline.cc:631] => Image sees 106 / 405 correspondences
I20261002 19:58:31.054942 27396 incremental_pipeline.cc:646] => Could not register, trying another image.
I20261002 19:58:31.054988 27396 incremental_pipeline.cc:620] Registering image #4 (num_reg_frames=3)
I20261002 19:58:31.055035 27396 incremental_pipeline.cc:623] => Image sees 30 / 113 points
I20261002 19:58:31.055085 27396 incremental_pipeline.cc:629] Registering image with structure-less fallback
I20261002 19:58:31.055130 27396 incremental_pipeline.cc:631] => Image sees 96 / 495 correspondences
I20261002 19:58:31.055183 27396 incremental_pipeline.cc:646] => Could not register, trying another image.
I20261002 19:58:31.055228 27396 incremental_pipeline.cc:620] Registering image #14 (num_reg_frames=3)
I20261002 19:58:31.055277 27396 incremental_pipeline.cc:623] => Image sees 39 / 111 points
I20261002 19:58:31.055324 27396 incremental_pipeline.cc:629] Registering image with structure-less fallback
I20261002 19:58:31.055371 27396 incremental_pipeline.cc:631] => Image sees 48 / 400 correspondences
I20261002 19:58:31.055419 27396 incremental_pipeline.cc:646] => Could not register, trying another image.
I20261002 19:58:31.055466 27396 incremental_pipeline.cc:620] Registering image #9 (num_reg_frames=3)
I20261002 19:58:31.055513 27396 incremental_pipeline.cc:623] => Image sees 32 / 118 points
I20261002 19:58:31.055560 27396 incremental_pipeline.cc:629] Registering image with structure-less fallback
I20261002 19:58:31.055607 27396 incremental_pipeline.cc:631] => Image sees 42 / 460 correspondences
I20261002 19:58:31.055653 27396 incremental_pipeline.cc:646] => Could not register, trying another image.
I20261002 19:58:31.055700 27396 incremental_pipeline.cc:620] Registering image #1 (num_reg_frames=3)
I20261002 19:58:31.055746 27396 incremental_pipeline.cc:623] => Image sees 31 / 105 points
I20261002 19:58:31.055791 27396 incremental_pipeline.cc:629] Registering image with structure-less fallback
I20261002 19:58:31.055838 27396 incremental_pipeline.cc:631] => Image sees 40 / 367 correspondences
I20261002 19:58:31.055883 27396 incremental_pipeline.cc:646] => Could not register, trying another image.
I20261002 19:58:31.055928 27396 incremental_pipeline.cc:620] Registering image #5 (num_reg_frames=3)
I20261002 19:58:31.055974 27396 incremental_pipeline.cc:623] => Image sees 31 / 111 points
I20261002 19:58:31.056021 27396 incremental_pipeline.cc:629] Registering image with structure-less fallback
I20261002 19:58:31.056068 27396 incremental_pipeline.cc:631] => Image sees 38 / 441 correspondences
I20261002 19:58:31.056114 27396 incremental_pipeline.cc:646] => Could not register, trying another image.
I20261002 19:58:31.056159 27396 incremental_pipeline.cc:88] Retriangulation and Global bundle adjustment
I20261002 19:58:31.063585 27396 incremental_pipeline.cc:620] Registering image #11 (num_reg_frames=3)
I20261002 19:58:31.063671 27396 incremental_pipeline.cc:623] => Image sees 57 / 119 points
I20261002 19:58:31.063738 27396 incremental_pipeline.cc:646] => Could not register, trying another image.
I20261002 19:58:31.063789 27396 incremental_pipeline.cc:620] Registering image #12 (num_reg_frames=3)
I20261002 19:58:31.063838 27396 incremental_pipeline.cc:623] => Image sees 51 / 123 points
I20261002 19:58:31.063909 27396 incremental_pipeline.cc:646] => Could not register, trying another image.
I20261002 19:58:31.063970 27396 incremental_pipeline.cc:620] Registering image #3 (num_reg_frames=3)
I20261002 19:58:31.064024 27396 incremental_pipeline.cc:623] => Image sees 44 / 115 points
I20261002 19:58:31.064083 27396 incremental_pipeline.cc:646] => Could not register, trying another image.
I20261002 19:58:31.064132 27396 incremental_pipeline.cc:620] Registering image #2 (num_reg_frames=3)
I20261002 19:58:31.064200 27396 incremental_pipeline.cc:623] => Image sees 48 / 111 points
I20261002 19:58:31.064306 27396 incremental_pipeline.cc:646] => Could not register, trying another image.
I20261002 19:58:31.064362 27396 incremental_pipeline.cc:620] Registering image #14 (num_reg_frames=3)
I20261002 19:58:31.064413 27396 incremental_pipeline.cc:623] => Image sees 39 / 111 points
I20261002 19:58:31.064471 27396 incremental_pipeline.cc:646] => Could not register, trying another image.
I20261002 19:58:31.064519 27396 incremental_pipeline.cc:620] Registering image #1 (num_reg_frames=3)
I20261002 19:58:31.064568 27396 incremental_pipeline.cc:623] => Image sees 31 / 105 points
I20261002 19:58:31.064672 27396 incremental_pipeline.cc:646] => Could not register, trying another image.
I20261002 19:58:31.064790 27396 incremental_pipeline.cc:620] Registering image #4 (num_reg_frames=3)
I20261002 19:58:31.064887 27396 incremental_pipeline.cc:623] => Image sees 30 / 113 points
I20261002 19:58:31.064961 27396 incremental_pipeline.cc:646] => Could not register, trying another image.
I20261002 19:58:31.065014 27396 incremental_pipeline.cc:620] Registering image #5 (num_reg_frames=3)
I20261002 19:58:31.065064 27396 incremental_pipeline.cc:623] => Image sees 31 / 111 points
I20261002 19:58:31.065120 27396 incremental_pipeline.cc:646] => Could not register, trying another image.
I20261002 19:58:31.065170 27396 incremental_pipeline.cc:620] Registering image #9 (num_reg_frames=3)
I20261002 19:58:31.065278 27396 incremental_pipeline.cc:623] => Image sees 32 / 118 points
I20261002 19:58:31.065376 27396 incremental_pipeline.cc:646] => Could not register, trying another image.
I20261002 19:58:31.065430 27396 incremental_pipeline.cc:620] Registering image #12 (num_reg_frames=3)
I20261002 19:58:31.065479 27396 incremental_pipeline.cc:623] => Image sees 51 / 123 points
I20261002 19:58:31.065531 27396 incremental_pipeline.cc:629] Registering image with structure-less fallback
I20261002 19:58:31.065579 27396 incremental_pipeline.cc:631] => Image sees 160 / 793 correspondences
I20261002 19:58:31.065638 27396 incremental_pipeline.cc:646] => Could not register, trying another image.
I20261002 19:58:31.065687 27396 incremental_pipeline.cc:620] Registering image #11 (num_reg_frames=3)
I20261002 19:58:31.065735 27396 incremental_pipeline.cc:623] => Image sees 57 / 119 points
I20261002 19:58:31.065785 27396 incremental_pipeline.cc:629] Registering image with structure-less fallback
I20261002 19:58:31.065834 27396 incremental_pipeline.cc:631] => Image sees 144 / 418 correspondences
I20261002 19:58:31.065890 27396 incremental_pipeline.cc:646] => Could not register, trying another image.
I20261002 19:58:31.065939 27396 incremental_pipeline.cc:620] Registering image #2 (num_reg_frames=3)
I20261002 19:58:31.065988 27396 incremental_pipeline.cc:623] => Image sees 48 / 111 points
I20261002 19:58:31.066036 27396 incremental_pipeline.cc:629] Registering image with structure-less fallback
I20261002 19:58:31.066085 27396 incremental_pipeline.cc:631] => Image sees 139 / 442 correspondences
I20261002 19:58:31.066140 27396 incremental_pipeline.cc:646] => Could not register, trying another image.
I20261002 19:58:31.066188 27396 incremental_pipeline.cc:620] Registering image #3 (num_reg_frames=3)
I20261002 19:58:31.066236 27396 incremental_pipeline.cc:623] => Image sees 44 / 115 points
I20261002 19:58:31.066285 27396 incremental_pipeline.cc:629] Registering image with structure-less fallback
I20261002 19:58:31.066333 27396 incremental_pipeline.cc:631] => Image sees 106 / 405 correspondences
I20261002 19:58:31.066396 27396 incremental_pipeline.cc:646] => Could not register, trying another image.
I20261002 19:58:31.066444 27396 incremental_pipeline.cc:620] Registering image #4 (num_reg_frames=3)
I20261002 19:58:31.066493 27396 incremental_pipeline.cc:623] => Image sees 30 / 113 points
I20261002 19:58:31.066541 27396 incremental_pipeline.cc:629] Registering image with structure-less fallback
I20261002 19:58:31.066592 27396 incremental_pipeline.cc:631] => Image sees 96 / 495 correspondences
I20261002 19:58:31.066650 27396 incremental_pipeline.cc:646] => Could not register, trying another image.
I20261002 19:58:31.066700 27396 incremental_pipeline.cc:620] Registering image #14 (num_reg_frames=3)
I20261002 19:58:31.066750 27396 incremental_pipeline.cc:623] => Image sees 39 / 111 points
I20261002 19:58:31.066798 27396 incremental_pipeline.cc:629] Registering image with structure-less fallback
I20261002 19:58:31.066847 27396 incremental_pipeline.cc:631] => Image sees 48 / 400 correspondences
I20261002 19:58:31.066895 27396 incremental_pipeline.cc:646] => Could not register, trying another image.
I20261002 19:58:31.066943 27396 incremental_pipeline.cc:620] Registering image #9 (num_reg_frames=3)
I20261002 19:58:31.067008 27396 incremental_pipeline.cc:623] => Image sees 32 / 118 points
I20261002 19:58:31.067142 27396 incremental_pipeline.cc:629] Registering image with structure-less fallback
I20261002 19:58:31.067192 27396 incremental_pipeline.cc:631] => Image sees 42 / 460 correspondences
I20261002 19:58:31.067242 27396 incremental_pipeline.cc:646] => Could not register, trying another image.
I20261002 19:58:31.067290 27396 incremental_pipeline.cc:620] Registering image #1 (num_reg_frames=3)
I20261002 19:58:31.067338 27396 incremental_pipeline.cc:623] => Image sees 31 / 105 points
I20261002 19:58:31.067386 27396 incremental_pipeline.cc:629] Registering image with structure-less fallback
I20261002 19:58:31.067434 27396 incremental_pipeline.cc:631] => Image sees 40 / 367 correspondences
I20261002 19:58:31.067483 27396 incremental_pipeline.cc:646] => Could not register, trying another image.
I20261002 19:58:31.067531 27396 incremental_pipeline.cc:620] Registering image #5 (num_reg_frames=3)
I20261002 19:58:31.067579 27396 incremental_pipeline.cc:623] => Image sees 31 / 111 points
I20261002 19:58:31.067627 27396 incremental_pipeline.cc:629] Registering image with structure-less fallback
I20261002 19:58:31.067675 27396 incremental_pipeline.cc:631] => Image sees 38 / 441 correspondences
I20261002 19:58:31.067727 27396 incremental_pipeline.cc:646] => Could not register, trying another image.
W20261002 19:58:31.067775 27396 incremental_pipeline.cc:821] Discarding reconstruction due to insufficient size
I20261002 19:58:31.068530 27396 incremental_pipeline.cc:465] Finding good initial image pair
I20261002 19:58:31.072308 27396 incremental_pipeline.cc:492] Registering initial image pair #5 and #6
I20261002 19:58:31.072831 27396 incremental_pipeline.cc:510] Global bundle adjustment
I20261002 19:58:31.078219 27396 incremental_pipeline.cc:620] Registering image #1 (num_reg_frames=2)
I20261002 19:58:31.078357 27396 incremental_pipeline.cc:623] => Image sees 40 / 105 points
I20261002 19:58:31.087283 27396 incremental_pipeline.cc:88] Retriangulation and Global bundle adjustment
I20261002 19:58:31.105991 27396 incremental_pipeline.cc:88] Retriangulation and Global bundle adjustment
W20261002 19:58:31.106382 27396 incremental_pipeline.cc:821] Discarding reconstruction due to insufficient size
I20261002 19:58:31.107357 27396 incremental_pipeline.cc:465] Finding good initial image pair
I20261002 19:58:31.109444 27396 incremental_pipeline.cc:472] => No good initial image pair found.
I20261002 19:58:31.109607 27396 incremental_pipeline.cc:800] Discarding reconstruction due to no initial pair
I20261002 19:58:31.109833 27396 incremental_pipeline.cc:429] => Relaxing the initialization constraints.
I20261002 19:58:31.110445 27396 incremental_pipeline.cc:465] Finding good initial image pair
I20261002 19:58:31.120945 27396 incremental_pipeline.cc:492] Registering initial image pair #33 and #42
I20261002 19:58:31.121561 27396 incremental_pipeline.cc:510] Global bundle adjustment
I20261002 19:58:31.128014 27396 incremental_pipeline.cc:620] Registering image #41 (num_reg_frames=2)
I20261002 19:58:31.128133 27396 incremental_pipeline.cc:623] => Image sees 49 / 82 points
I20261002 19:58:31.129554 27396 incremental_pipeline.cc:88] Retriangulation and Global bundle adjustment
I20261002 19:58:31.133540 27396 incremental_pipeline.cc:620] Registering image #37 (num_reg_frames=3)
I20261002 19:58:31.133688 27396 incremental_pipeline.cc:623] => Image sees 48 / 67 points
I20261002 19:58:31.136592 27396 incremental_pipeline.cc:620] Registering image #44 (num_reg_frames=4)
I20261002 19:58:31.136705 27396 incremental_pipeline.cc:623] => Image sees 47 / 76 points
I20261002 19:58:31.138960 27396 incremental_pipeline.cc:88] Retriangulation and Global bundle adjustment
I20261002 19:58:31.141633 27396 incremental_pipeline.cc:620] Registering image #50 (num_reg_frames=5)
I20261002 19:58:31.141729 27396 incremental_pipeline.cc:623] => Image sees 51 / 87 points
I20261002 19:58:31.145175 27396 incremental_pipeline.cc:620] Registering image #35 (num_reg_frames=6)
I20261002 19:58:31.145302 27396 incremental_pipeline.cc:623] => Image sees 49 / 78 points
I20261002 19:58:31.147813 27396 incremental_pipeline.cc:88] Retriangulation and Global bundle adjustment
I20261002 19:58:31.170264 27396 incremental_pipeline.cc:88] Retriangulation and Global bundle adjustment
W20261002 19:58:31.172373 27396 incremental_pipeline.cc:821] Discarding reconstruction due to insufficient size
I20261002 19:58:31.173152 27396 incremental_pipeline.cc:465] Finding good initial image pair
I20261002 19:58:31.179865 27396 incremental_pipeline.cc:492] Registering initial image pair #71 and #75
I20261002 19:58:31.180360 27396 incremental_pipeline.cc:510] Global bundle adjustment
I20261002 19:58:31.186121 27396 incremental_pipeline.cc:620] Registering image #72 (num_reg_frames=2)
I20261002 19:58:31.186253 27396 incremental_pipeline.cc:623] => Image sees 41 / 103 points
I20261002 19:58:31.189269 27396 incremental_pipeline.cc:88] Retriangulation and Global bundle adjustment
I20261002 19:58:31.198931 27396 incremental_pipeline.cc:620] Registering image #74 (num_reg_frames=3)
I20261002 19:58:31.199066 27396 incremental_pipeline.cc:623] => Image sees 61 / 99 points
I20261002 19:58:31.207497 27396 incremental_pipeline.cc:620] Registering image #73 (num_reg_frames=4)
I20261002 19:58:31.207635 27396 incremental_pipeline.cc:623] => Image sees 70 / 90 points
I20261002 19:58:31.216206 27396 incremental_pipeline.cc:88] Retriangulation and Global bundle adjustment
I20261002 19:58:31.235356 27396 incremental_pipeline.cc:620] Registering image #76 (num_reg_frames=5)
I20261002 19:58:31.235480 27396 incremental_pipeline.cc:623] => Image sees 67 / 92 points
I20261002 19:58:31.250105 27396 incremental_pipeline.cc:620] Registering image #82 (num_reg_frames=6)
I20261002 19:58:31.250301 27396 incremental_pipeline.cc:623] => Image sees 67 / 79 points
I20261002 19:58:31.253950 27396 incremental_pipeline.cc:88] Retriangulation and Global bundle adjustment
I20261002 19:58:31.297499 27396 incremental_pipeline.cc:620] Registering image #78 (num_reg_frames=7)
I20261002 19:58:31.297700 27396 incremental_pipeline.cc:623] => Image sees 62 / 86 points
I20261002 19:58:31.302358 27396 incremental_pipeline.cc:620] Registering image #69 (num_reg_frames=8)
I20261002 19:58:31.302500 27396 incremental_pipeline.cc:623] => Image sees 61 / 83 points
I20261002 19:58:31.308519 27396 incremental_pipeline.cc:620] Registering image #70 (num_reg_frames=9)
I20261002 19:58:31.308690 27396 incremental_pipeline.cc:623] => Image sees 59 / 77 points
I20261002 19:58:31.311995 27396 incremental_pipeline.cc:88] Retriangulation and Global bundle adjustment
I20261002 19:58:31.341804 27396 incremental_pipeline.cc:620] Registering image #61 (num_reg_frames=10)
I20261002 19:58:31.341942 27396 incremental_pipeline.cc:623] => Image sees 60 / 90 points
I20261002 19:58:31.347993 27396 incremental_pipeline.cc:620] Registering image #68 (num_reg_frames=11)
I20261002 19:58:31.348123 27396 incremental_pipeline.cc:623] => Image sees 60 / 83 points
I20261002 19:58:31.354907 27396 incremental_pipeline.cc:620] Registering image #67 (num_reg_frames=12)
I20261002 19:58:31.355029 27396 incremental_pipeline.cc:623] => Image sees 62 / 85 points
I20261002 19:58:31.361136 27396 incremental_pipeline.cc:620] Registering image #64 (num_reg_frames=13)
I20261002 19:58:31.361241 27396 incremental_pipeline.cc:623] => Image sees 62 / 78 points
I20261002 19:58:31.366344 27396 incremental_pipeline.cc:88] Retriangulation and Global bundle adjustment
I20261002 19:58:31.436329 27396 incremental_pipeline.cc:620] Registering image #53 (num_reg_frames=14)
I20261002 19:58:31.436489 27396 incremental_pipeline.cc:623] => Image sees 61 / 81 points
I20261002 19:58:31.441913 27396 incremental_pipeline.cc:620] Registering image #47 (num_reg_frames=15)
I20261002 19:58:31.442032 27396 incremental_pipeline.cc:623] => Image sees 60 / 87 points
I20261002 19:58:31.446718 27396 incremental_pipeline.cc:620] Registering image #39 (num_reg_frames=16)
I20261002 19:58:31.446852 27396 incremental_pipeline.cc:623] => Image sees 61 / 83 points
I20261002 19:58:31.453368 27396 incremental_pipeline.cc:620] Registering image #38 (num_reg_frames=17)
I20261002 19:58:31.453506 27396 incremental_pipeline.cc:623] => Image sees 59 / 83 points
I20261002 19:58:31.458123 27396 incremental_pipeline.cc:620] Registering image #65 (num_reg_frames=18)
I20261002 19:58:31.458238 27396 incremental_pipeline.cc:623] => Image sees 62 / 93 points
I20261002 19:58:31.464889 27396 incremental_pipeline.cc:620] Registering image #55 (num_reg_frames=19)
I20261002 19:58:31.464998 27396 incremental_pipeline.cc:623] => Image sees 61 / 85 points
I20261002 19:58:31.468582 27396 incremental_pipeline.cc:88] Retriangulation and Global bundle adjustment
I20261002 19:58:31.552790 27396 incremental_pipeline.cc:620] Registering image #42 (num_reg_frames=20)
I20261002 19:58:31.552927 27396 incremental_pipeline.cc:623] => Image sees 61 / 85 points
I20261002 19:58:31.559767 27396 incremental_pipeline.cc:620] Registering image #32 (num_reg_frames=21)
I20261002 19:58:31.559941 27396 incremental_pipeline.cc:623] => Image sees 59 / 90 points
I20261002 19:58:31.567492 27396 incremental_pipeline.cc:620] Registering image #44 (num_reg_frames=22)
I20261002 19:58:31.567589 27396 incremental_pipeline.cc:623] => Image sees 59 / 76 points
I20261002 19:58:31.573909 27396 incremental_pipeline.cc:620] Registering image #52 (num_reg_frames=23)
I20261002 19:58:31.574007 27396 incremental_pipeline.cc:623] => Image sees 61 / 84 points
I20261002 19:58:31.580313 27396 incremental_pipeline.cc:620] Registering image #45 (num_reg_frames=24)
I20261002 19:58:31.580481 27396 incremental_pipeline.cc:623] => Image sees 60 / 80 points
I20261002 19:58:31.585446 27396 incremental_pipeline.cc:620] Registering image #33 (num_reg_frames=25)
I20261002 19:58:31.585596 27396 incremental_pipeline.cc:623] => Image sees 64 / 82 points
I20261002 19:58:31.590378 27396 incremental_pipeline.cc:620] Registering image #40 (num_reg_frames=26)
I20261002 19:58:31.590474 27396 incremental_pipeline.cc:623] => Image sees 61 / 78 points
I20261002 19:58:31.596781 27396 incremental_pipeline.cc:620] Registering image #62 (num_reg_frames=27)
I20261002 19:58:31.596883 27396 incremental_pipeline.cc:623] => Image sees 63 / 80 points
I20261002 19:58:31.602856 27396 incremental_pipeline.cc:88] Retriangulation and Global bundle adjustment
I20261002 19:58:31.702672 27396 incremental_pipeline.cc:620] Registering image #58 (num_reg_frames=28)
I20261002 19:58:31.702836 27396 incremental_pipeline.cc:623] => Image sees 62 / 75 points
I20261002 19:58:31.708203 27396 incremental_pipeline.cc:620] Registering image #49 (num_reg_frames=29)
I20261002 19:58:31.708353 27396 incremental_pipeline.cc:623] => Image sees 61 / 69 points
I20261002 19:58:31.714473 27396 incremental_pipeline.cc:620] Registering image #63 (num_reg_frames=30)
I20261002 19:58:31.714607 27396 incremental_pipeline.cc:623] => Image sees 59 / 73 points
I20261002 19:58:31.719955 27396 incremental_pipeline.cc:620] Registering image #54 (num_reg_frames=31)
I20261002 19:58:31.720067 27396 incremental_pipeline.cc:623] => Image sees 65 / 82 points
I20261002 19:58:31.727047 27396 incremental_pipeline.cc:620] Registering image #50 (num_reg_frames=32)
I20261002 19:58:31.727162 27396 incremental_pipeline.cc:623] => Image sees 60 / 87 points
I20261002 19:58:31.734708 27396 incremental_pipeline.cc:620] Registering image #85 (num_reg_frames=33)
I20261002 19:58:31.734868 27396 incremental_pipeline.cc:623] => Image sees 63 / 92 points
I20261002 19:58:31.739650 27396 incremental_pipeline.cc:620] Registering image #77 (num_reg_frames=34)
I20261002 19:58:31.739764 27396 incremental_pipeline.cc:623] => Image sees 68 / 88 points
I20261002 19:58:31.744299 27396 incremental_pipeline.cc:620] Registering image #79 (num_reg_frames=35)
I20261002 19:58:31.744437 27396 incremental_pipeline.cc:623] => Image sees 67 / 87 points
I20261002 19:58:31.750481 27396 incremental_pipeline.cc:620] Registering image #48 (num_reg_frames=36)
I20261002 19:58:31.750590 27396 incremental_pipeline.cc:623] => Image sees 59 / 82 points
I20261002 19:58:31.758741 27396 incremental_pipeline.cc:620] Registering image #57 (num_reg_frames=37)
I20261002 19:58:31.758869 27396 incremental_pipeline.cc:623] => Image sees 56 / 74 points
I20261002 19:58:31.765147 27396 incremental_pipeline.cc:620] Registering image #56 (num_reg_frames=38)
I20261002 19:58:31.765256 27396 incremental_pipeline.cc:623] => Image sees 61 / 75 points
I20261002 19:58:31.772216 27396 incremental_pipeline.cc:620] Registering image #60 (num_reg_frames=39)
I20261002 19:58:31.772347 27396 incremental_pipeline.cc:623] => Image sees 61 / 81 points
I20261002 19:58:31.779521 27396 incremental_pipeline.cc:88] Retriangulation and Global bundle adjustment
I20261002 19:58:31.938843 27396 incremental_pipeline.cc:620] Registering image #41 (num_reg_frames=40)
I20261002 19:58:31.939022 27396 incremental_pipeline.cc:623] => Image sees 66 / 82 points
I20261002 19:58:31.945646 27396 incremental_pipeline.cc:620] Registering image #28 (num_reg_frames=41)
I20261002 19:58:31.945839 27396 incremental_pipeline.cc:623] => Image sees 60 / 84 points
I20261002 19:58:31.950950 27396 incremental_pipeline.cc:620] Registering image #51 (num_reg_frames=42)
I20261002 19:58:31.951079 27396 incremental_pipeline.cc:623] => Image sees 60 / 70 points
I20261002 19:58:31.957271 27396 incremental_pipeline.cc:620] Registering image #36 (num_reg_frames=43)
I20261002 19:58:31.957386 27396 incremental_pipeline.cc:623] => Image sees 61 / 83 points
I20261002 19:58:31.966419 27396 incremental_pipeline.cc:620] Registering image #35 (num_reg_frames=44)
I20261002 19:58:31.966604 27396 incremental_pipeline.cc:623] => Image sees 61 / 78 points
I20261002 19:58:31.973697 27396 incremental_pipeline.cc:620] Registering image #22 (num_reg_frames=45)
I20261002 19:58:31.973920 27396 incremental_pipeline.cc:623] => Image sees 60 / 74 points
I20261002 19:58:31.985591 27396 incremental_pipeline.cc:620] Registering image #31 (num_reg_frames=46)
I20261002 19:58:31.985926 27396 incremental_pipeline.cc:623] => Image sees 63 / 82 points
I20261002 19:58:31.996791 27396 incremental_pipeline.cc:620] Registering image #43 (num_reg_frames=47)
I20261002 19:58:31.996971 27396 incremental_pipeline.cc:623] => Image sees 62 / 79 points
I20261002 19:58:32.004357 27396 incremental_pipeline.cc:620] Registering image #66 (num_reg_frames=48)
I20261002 19:58:32.004515 27396 incremental_pipeline.cc:623] => Image sees 62 / 77 points
I20261002 19:58:32.012619 27396 incremental_pipeline.cc:620] Registering image #46 (num_reg_frames=49)
I20261002 19:58:32.012766 27396 incremental_pipeline.cc:623] => Image sees 60 / 71 points
I20261002 19:58:32.019219 27396 incremental_pipeline.cc:620] Registering image #34 (num_reg_frames=50)
I20261002 19:58:32.019463 27396 incremental_pipeline.cc:623] => Image sees 58 / 80 points
I20261002 19:58:32.026925 27396 incremental_pipeline.cc:620] Registering image #37 (num_reg_frames=51)
I20261002 19:58:32.027110 27396 incremental_pipeline.cc:623] => Image sees 55 / 67 points
I20261002 19:58:32.033423 27396 incremental_pipeline.cc:620] Registering image #59 (num_reg_frames=52)
I20261002 19:58:32.033560 27396 incremental_pipeline.cc:623] => Image sees 55 / 69 points
I20261002 19:58:32.046764 27396 incremental_pipeline.cc:620] Registering image #30 (num_reg_frames=53)
I20261002 19:58:32.047005 27396 incremental_pipeline.cc:623] => Image sees 61 / 88 points
I20261002 19:58:32.055316 27396 incremental_pipeline.cc:620] Registering image #26 (num_reg_frames=54)
I20261002 19:58:32.055439 27396 incremental_pipeline.cc:623] => Image sees 59 / 88 points
I20261002 19:58:32.062247 27396 incremental_pipeline.cc:620] Registering image #27 (num_reg_frames=55)
I20261002 19:58:32.062361 27396 incremental_pipeline.cc:623] => Image sees 58 / 84 points
I20261002 19:58:32.069153 27396 incremental_pipeline.cc:88] Retriangulation and Global bundle adjustment
I20261002 19:58:32.838985 27396 incremental_pipeline.cc:620] Registering image #25 (num_reg_frames=56)
I20261002 19:58:32.848024 27396 incremental_pipeline.cc:623] => Image sees 54 / 76 points
I20261002 19:58:32.856420 27396 incremental_pipeline.cc:620] Registering image #29 (num_reg_frames=57)
I20261002 19:58:32.856528 27396 incremental_pipeline.cc:623] => Image sees 58 / 88 points
I20261002 19:58:32.864730 27396 incremental_pipeline.cc:620] Registering image #80 (num_reg_frames=58)
I20261002 19:58:32.864833 27396 incremental_pipeline.cc:623] => Image sees 63 / 90 points
I20261002 19:58:32.871268 27396 incremental_pipeline.cc:620] Registering image #81 (num_reg_frames=59)
I20261002 19:58:32.871390 27396 incremental_pipeline.cc:623] => Image sees 55 / 96 points
I20261002 19:58:32.877705 27396 incremental_pipeline.cc:620] Registering image #83 (num_reg_frames=60)
I20261002 19:58:32.877853 27396 incremental_pipeline.cc:623] => Image sees 70 / 109 points
I20261002 19:58:32.883777 27396 incremental_pipeline.cc:620] Registering image #84 (num_reg_frames=61)
I20261002 19:58:32.883983 27396 incremental_pipeline.cc:623] => Image sees 69 / 110 points
I20261002 19:58:32.888906 27396 incremental_pipeline.cc:620] Registering image #87 (num_reg_frames=62)
I20261002 19:58:32.889005 27396 incremental_pipeline.cc:623] => Image sees 73 / 123 points
I20261002 19:58:32.894790 27396 incremental_pipeline.cc:620] Registering image #90 (num_reg_frames=63)
I20261002 19:58:32.894894 27396 incremental_pipeline.cc:623] => Image sees 85 / 133 points
I20261002 19:58:32.900365 27396 incremental_pipeline.cc:88] Retriangulation and Global bundle adjustment
W20261002 19:58:34.680434 27396 levenberg_marquardt_strategy.cc:123] Linear solver failure. Failed to compute a step: CHOLMOD warning: Matrix not positive definite.
W20261002 19:58:34.692059 27396 levenberg_marquardt_strategy.cc:123] Linear solver failure. Failed to compute a step: CHOLMOD warning: Matrix not positive definite.
W20261002 19:58:34.694712 27396 levenberg_marquardt_strategy.cc:123] Linear solver failure. Failed to compute a step: CHOLMOD warning: Matrix not positive definite.
W20261002 19:58:34.695682 27396 levenberg_marquardt_strategy.cc:123] Linear solver failure. Failed to compute a step: CHOLMOD warning: Matrix not positive definite.
W20261002 19:58:34.699934 27396 levenberg_marquardt_strategy.cc:123] Linear solver failure. Failed to compute a step: CHOLMOD warning: Matrix not positive definite.
W20261002 19:58:34.700952 27396 levenberg_marquardt_strategy.cc:123] Linear solver failure. Failed to compute a step: CHOLMOD warning: Matrix not positive definite.
W20261002 19:58:34.703593 27396 levenberg_marquardt_strategy.cc:123] Linear solver failure. Failed to compute a step: CHOLMOD warning: Matrix not positive definite.
W20261002 19:58:34.706272 27396 levenberg_marquardt_strategy.cc:123] Linear solver failure. Failed to compute a step: CHOLMOD warning: Matrix not positive definite.
W20261002 19:58:34.708918 27396 levenberg_marquardt_strategy.cc:123] Linear solver failure. Failed to compute a step: CHOLMOD warning: Matrix not positive definite.
W20261002 19:58:34.709906 27396 levenberg_marquardt_strategy.cc:123] Linear solver failure. Failed to compute a step: CHOLMOD warning: Matrix not positive definite.
W20261002 19:58:34.714178 27396 levenberg_marquardt_strategy.cc:123] Linear solver failure. Failed to compute a step: CHOLMOD warning: Matrix not positive definite.
I20261002 19:58:34.716146 27396 incremental_pipeline.cc:620] Registering image #86 (num_reg_frames=64)
I20261002 19:58:34.716242 27396 incremental_pipeline.cc:623] => Image sees 36 / 115 points
I20261002 19:58:34.724002 27396 incremental_pipeline.cc:620] Registering image #89 (num_reg_frames=65)
I20261002 19:58:34.724129 27396 incremental_pipeline.cc:623] => Image sees 46 / 133 points
I20261002 19:58:34.735125 27396 incremental_pipeline.cc:88] Retriangulation and Global bundle adjustment
W20261002 19:58:35.479347 27396 levenberg_marquardt_strategy.cc:123] Linear solver failure. Failed to compute a step: CHOLMOD warning: Matrix not positive definite.
W20261002 19:58:35.499698 27396 levenberg_marquardt_strategy.cc:123] Linear solver failure. Failed to compute a step: CHOLMOD warning: Matrix not positive definite.
W20261002 19:58:35.504700 27396 levenberg_marquardt_strategy.cc:123] Linear solver failure. Failed to compute a step: CHOLMOD warning: Matrix not positive definite.
W20261002 19:58:35.515336 27396 levenberg_marquardt_strategy.cc:123] Linear solver failure. Failed to compute a step: CHOLMOD warning: Matrix not positive definite.
W20261002 19:58:35.525927 27396 levenberg_marquardt_strategy.cc:123] Linear solver failure. Failed to compute a step: CHOLMOD warning: Matrix not positive definite.
I20261002 19:58:36.377178 27396 incremental_pipeline.cc:826] Keeping successful reconstruction
I20261002 19:58:36.378788 27396 incremental_pipeline.cc:465] Finding good initial image pair
I20261002 19:58:36.385578 27396 incremental_pipeline.cc:492] Registering initial image pair #100 and #99
I20261002 19:58:36.386089 27396 incremental_pipeline.cc:510] Global bundle adjustment
I20261002 19:58:36.391237 27396 incremental_pipeline.cc:620] Registering image #102 (num_reg_frames=2)
I20261002 19:58:36.391406 27396 incremental_pipeline.cc:623] => Image sees 34 / 181 points
I20261002 19:58:36.403367 27396 incremental_pipeline.cc:88] Retriangulation and Global bundle adjustment
I20261002 19:58:36.409448 27396 incremental_pipeline.cc:620] Registering image #104 (num_reg_frames=3)
I20261002 19:58:36.409572 27396 incremental_pipeline.cc:623] => Image sees 33 / 172 points
I20261002 19:58:36.427921 27396 incremental_pipeline.cc:88] Retriangulation and Global bundle adjustment
I20261002 19:58:36.456469 27396 incremental_pipeline.cc:620] Registering image #101 (num_reg_frames=4)
I20261002 19:58:36.456673 27396 incremental_pipeline.cc:623] => Image sees 53 / 144 points
I20261002 19:58:36.470317 27396 incremental_pipeline.cc:88] Retriangulation and Global bundle adjustment
I20261002 19:58:36.479750 27396 incremental_pipeline.cc:620] Registering image #103 (num_reg_frames=5)
I20261002 19:58:36.479892 27396 incremental_pipeline.cc:623] => Image sees 66 / 166 points
I20261002 19:58:36.479987 27396 incremental_pipeline.cc:646] => Could not register, trying another image.
I20261002 19:58:36.480047 27396 incremental_pipeline.cc:620] Registering image #97 (num_reg_frames=5)
I20261002 19:58:36.480103 27396 incremental_pipeline.cc:623] => Image sees 69 / 128 points
I20261002 19:58:36.480160 27396 incremental_pipeline.cc:646] => Could not register, trying another image.
I20261002 19:58:36.480206 27396 incremental_pipeline.cc:620] Registering image #98 (num_reg_frames=5)
I20261002 19:58:36.480252 27396 incremental_pipeline.cc:623] => Image sees 69 / 125 points
I20261002 19:58:36.480308 27396 incremental_pipeline.cc:646] => Could not register, trying another image.
I20261002 19:58:36.480353 27396 incremental_pipeline.cc:620] Registering image #95 (num_reg_frames=5)
I20261002 19:58:36.480398 27396 incremental_pipeline.cc:623] => Image sees 58 / 118 points
I20261002 19:58:36.480471 27396 incremental_pipeline.cc:646] => Could not register, trying another image.
I20261002 19:58:36.480517 27396 incremental_pipeline.cc:620] Registering image #105 (num_reg_frames=5)
I20261002 19:58:36.480563 27396 incremental_pipeline.cc:623] => Image sees 45 / 187 points
I20261002 19:58:36.480620 27396 incremental_pipeline.cc:646] => Could not register, trying another image.
I20261002 19:58:36.480671 27396 incremental_pipeline.cc:620] Registering image #89 (num_reg_frames=5)
I20261002 19:58:36.480717 27396 incremental_pipeline.cc:623] => Image sees 46 / 133 points
I20261002 19:58:36.480776 27396 incremental_pipeline.cc:646] => Could not register, trying another image.
I20261002 19:58:36.480823 27396 incremental_pipeline.cc:620] Registering image #111 (num_reg_frames=5)
I20261002 19:58:36.480870 27396 incremental_pipeline.cc:623] => Image sees 43 / 274 points
I20261002 19:58:36.480936 27396 incremental_pipeline.cc:646] => Could not register, trying another image.
I20261002 19:58:36.480983 27396 incremental_pipeline.cc:620] Registering image #106 (num_reg_frames=5)
I20261002 19:58:36.481029 27396 incremental_pipeline.cc:623] => Image sees 41 / 217 points
I20261002 19:58:36.481087 27396 incremental_pipeline.cc:646] => Could not register, trying another image.
I20261002 19:58:36.481226 27396 incremental_pipeline.cc:620] Registering image #109 (num_reg_frames=5)
I20261002 19:58:36.481275 27396 incremental_pipeline.cc:623] => Image sees 37 / 216 points
I20261002 19:58:36.481335 27396 incremental_pipeline.cc:646] => Could not register, trying another image.
I20261002 19:58:36.481381 27396 incremental_pipeline.cc:620] Registering image #93 (num_reg_frames=5)
I20261002 19:58:36.481427 27396 incremental_pipeline.cc:623] => Image sees 38 / 135 points
I20261002 19:58:36.481481 27396 incremental_pipeline.cc:646] => Could not register, trying another image.
I20261002 19:58:36.481530 27396 incremental_pipeline.cc:620] Registering image #110 (num_reg_frames=5)
I20261002 19:58:36.481575 27396 incremental_pipeline.cc:623] => Image sees 37 / 227 points
I20261002 19:58:36.481632 27396 incremental_pipeline.cc:646] => Could not register, trying another image.
I20261002 19:58:36.482031 27396 incremental_pipeline.cc:620] Registering image #107 (num_reg_frames=5)
I20261002 19:58:36.482122 27396 incremental_pipeline.cc:623] => Image sees 37 / 223 points
I20261002 19:58:36.482252 27396 incremental_pipeline.cc:646] => Could not register, trying another image.
I20261002 19:58:36.482316 27396 incremental_pipeline.cc:620] Registering image #96 (num_reg_frames=5)
I20261002 19:58:36.482367 27396 incremental_pipeline.cc:623] => Image sees 37 / 132 points
I20261002 19:58:36.482426 27396 incremental_pipeline.cc:646] => Could not register, trying another image.
I20261002 19:58:36.482472 27396 incremental_pipeline.cc:620] Registering image #108 (num_reg_frames=5)
I20261002 19:58:36.482518 27396 incremental_pipeline.cc:623] => Image sees 37 / 201 points
I20261002 19:58:36.482573 27396 incremental_pipeline.cc:646] => Could not register, trying another image.
I20261002 19:58:36.482621 27396 incremental_pipeline.cc:620] Registering image #92 (num_reg_frames=5)
I20261002 19:58:36.482668 27396 incremental_pipeline.cc:623] => Image sees 34 / 140 points
I20261002 19:58:36.482722 27396 incremental_pipeline.cc:646] => Could not register, trying another image.
I20261002 19:58:36.482770 27396 incremental_pipeline.cc:620] Registering image #113 (num_reg_frames=5)
I20261002 19:58:36.482816 27396 incremental_pipeline.cc:623] => Image sees 33 / 242 points
I20261002 19:58:36.482873 27396 incremental_pipeline.cc:646] => Could not register, trying another image.
I20261002 19:58:36.482919 27396 incremental_pipeline.cc:620] Registering image #94 (num_reg_frames=5)
I20261002 19:58:36.482966 27396 incremental_pipeline.cc:623] => Image sees 32 / 135 points
I20261002 19:58:36.483020 27396 incremental_pipeline.cc:646] => Could not register, trying another image.
I20261002 19:58:36.483067 27396 incremental_pipeline.cc:620] Registering image #91 (num_reg_frames=5)
I20261002 19:58:36.483127 27396 incremental_pipeline.cc:623] => Image sees 31 / 138 points
I20261002 19:58:36.483182 27396 incremental_pipeline.cc:646] => Could not register, trying another image.
I20261002 19:58:36.483233 27396 incremental_pipeline.cc:620] Registering image #103 (num_reg_frames=5)
I20261002 19:58:36.483284 27396 incremental_pipeline.cc:623] => Image sees 66 / 166 points
I20261002 19:58:36.483331 27396 incremental_pipeline.cc:629] Registering image with structure-less fallback
I20261002 19:58:36.483378 27396 incremental_pipeline.cc:631] => Image sees 314 / 772 correspondences
I20261002 19:58:36.483436 27396 incremental_pipeline.cc:646] => Could not register, trying another image.
I20261002 19:58:36.483482 27396 incremental_pipeline.cc:620] Registering image #98 (num_reg_frames=5)
I20261002 19:58:36.483528 27396 incremental_pipeline.cc:623] => Image sees 69 / 125 points
I20261002 19:58:36.483575 27396 incremental_pipeline.cc:629] Registering image with structure-less fallback
I20261002 19:58:36.483621 27396 incremental_pipeline.cc:631] => Image sees 226 / 607 correspondences
I20261002 19:58:36.483677 27396 incremental_pipeline.cc:646] => Could not register, trying another image.
I20261002 19:58:36.483724 27396 incremental_pipeline.cc:620] Registering image #105 (num_reg_frames=5)
I20261002 19:58:36.483770 27396 incremental_pipeline.cc:623] => Image sees 45 / 187 points
I20261002 19:58:36.483816 27396 incremental_pipeline.cc:629] Registering image with structure-less fallback
I20261002 19:58:36.483863 27396 incremental_pipeline.cc:631] => Image sees 133 / 859 correspondences
I20261002 19:58:36.483920 27396 incremental_pipeline.cc:646] => Could not register, trying another image.
I20261002 19:58:36.483966 27396 incremental_pipeline.cc:620] Registering image #97 (num_reg_frames=5)
I20261002 19:58:36.484043 27396 incremental_pipeline.cc:623] => Image sees 69 / 128 points
I20261002 19:58:36.484100 27396 incremental_pipeline.cc:629] Registering image with structure-less fallback
I20261002 19:58:36.484148 27396 incremental_pipeline.cc:631] => Image sees 132 / 498 correspondences
I20261002 19:58:36.484203 27396 incremental_pipeline.cc:646] => Could not register, trying another image.
I20261002 19:58:36.484250 27396 incremental_pipeline.cc:620] Registering image #111 (num_reg_frames=5)
I20261002 19:58:36.484297 27396 incremental_pipeline.cc:623] => Image sees 43 / 274 points
I20261002 19:58:36.484343 27396 incremental_pipeline.cc:629] Registering image with structure-less fallback
I20261002 19:58:36.484390 27396 incremental_pipeline.cc:631] => Image sees 124 / 2266 correspondences
I20261002 19:58:36.484453 27396 incremental_pipeline.cc:646] => Could not register, trying another image.
I20261002 19:58:36.484499 27396 incremental_pipeline.cc:620] Registering image #89 (num_reg_frames=5)
I20261002 19:58:36.484546 27396 incremental_pipeline.cc:623] => Image sees 46 / 133 points
I20261002 19:58:36.484593 27396 incremental_pipeline.cc:629] Registering image with structure-less fallback
I20261002 19:58:36.484640 27396 incremental_pipeline.cc:631] => Image sees 122 / 1447 correspondences
I20261002 19:58:36.484697 27396 incremental_pipeline.cc:646] => Could not register, trying another image.
I20261002 19:58:36.484743 27396 incremental_pipeline.cc:620] Registering image #96 (num_reg_frames=5)
I20261002 19:58:36.484789 27396 incremental_pipeline.cc:623] => Image sees 37 / 132 points
I20261002 19:58:36.484835 27396 incremental_pipeline.cc:629] Registering image with structure-less fallback
I20261002 19:58:36.484880 27396 incremental_pipeline.cc:631] => Image sees 104 / 531 correspondences
I20261002 19:58:36.484933 27396 incremental_pipeline.cc:646] => Could not register, trying another image.
I20261002 19:58:36.484979 27396 incremental_pipeline.cc:620] Registering image #107 (num_reg_frames=5)
I20261002 19:58:36.485026 27396 incremental_pipeline.cc:623] => Image sees 37 / 223 points
I20261002 19:58:36.485078 27396 incremental_pipeline.cc:629] Registering image with structure-less fallback
I20261002 19:58:36.485124 27396 incremental_pipeline.cc:631] => Image sees 103 / 1022 correspondences
I20261002 19:58:36.485192 27396 incremental_pipeline.cc:646] => Could not register, trying another image.
I20261002 19:58:36.486149 27396 incremental_pipeline.cc:620] Registering image #95 (num_reg_frames=5)
I20261002 19:58:36.486197 27396 incremental_pipeline.cc:623] => Image sees 58 / 118 points
I20261002 19:58:36.486243 27396 incremental_pipeline.cc:629] Registering image with structure-less fallback
I20261002 19:58:36.486290 27396 incremental_pipeline.cc:631] => Image sees 94 / 584 correspondences
I20261002 19:58:36.486344 27396 incremental_pipeline.cc:646] => Could not register, trying another image.
I20261002 19:58:36.486390 27396 incremental_pipeline.cc:620] Registering image #109 (num_reg_frames=5)
I20261002 19:58:36.486436 27396 incremental_pipeline.cc:623] => Image sees 37 / 216 points
I20261002 19:58:36.486485 27396 incremental_pipeline.cc:629] Registering image with structure-less fallback
I20261002 19:58:36.486530 27396 incremental_pipeline.cc:631] => Image sees 90 / 1103 correspondences
I20261002 19:58:36.486587 27396 incremental_pipeline.cc:646] => Could not register, trying another image.
I20261002 19:58:36.486633 27396 incremental_pipeline.cc:620] Registering image #106 (num_reg_frames=5)
I20261002 19:58:36.486680 27396 incremental_pipeline.cc:623] => Image sees 41 / 217 points
I20261002 19:58:36.486728 27396 incremental_pipeline.cc:629] Registering image with structure-less fallback
I20261002 19:58:36.486774 27396 incremental_pipeline.cc:631] => Image sees 76 / 1294 correspondences
I20261002 19:58:36.486832 27396 incremental_pipeline.cc:646] => Could not register, trying another image.
I20261002 19:58:36.486878 27396 incremental_pipeline.cc:620] Registering image #93 (num_reg_frames=5)
I20261002 19:58:36.486924 27396 incremental_pipeline.cc:623] => Image sees 38 / 135 points
I20261002 19:58:36.486970 27396 incremental_pipeline.cc:629] Registering image with structure-less fallback
I20261002 19:58:36.487017 27396 incremental_pipeline.cc:631] => Image sees 71 / 628 correspondences
I20261002 19:58:36.487071 27396 incremental_pipeline.cc:646] => Could not register, trying another image.
I20261002 19:58:36.487118 27396 incremental_pipeline.cc:620] Registering image #110 (num_reg_frames=5)
I20261002 19:58:36.487165 27396 incremental_pipeline.cc:623] => Image sees 37 / 227 points
I20261002 19:58:36.487211 27396 incremental_pipeline.cc:629] Registering image with structure-less fallback
I20261002 19:58:36.487258 27396 incremental_pipeline.cc:631] => Image sees 52 / 1137 correspondences
I20261002 19:58:36.487305 27396 incremental_pipeline.cc:646] => Could not register, trying another image.
I20261002 19:58:36.487350 27396 incremental_pipeline.cc:620] Registering image #108 (num_reg_frames=5)
I20261002 19:58:36.487396 27396 incremental_pipeline.cc:623] => Image sees 37 / 201 points
I20261002 19:58:36.487443 27396 incremental_pipeline.cc:629] Registering image with structure-less fallback
I20261002 19:58:36.487490 27396 incremental_pipeline.cc:631] => Image sees 46 / 1040 correspondences
I20261002 19:58:36.487537 27396 incremental_pipeline.cc:646] => Could not register, trying another image.
I20261002 19:58:36.487582 27396 incremental_pipeline.cc:620] Registering image #113 (num_reg_frames=5)
I20261002 19:58:36.487629 27396 incremental_pipeline.cc:623] => Image sees 33 / 242 points
I20261002 19:58:36.487675 27396 incremental_pipeline.cc:629] Registering image with structure-less fallback
I20261002 19:58:36.487721 27396 incremental_pipeline.cc:631] => Image sees 43 / 1202 correspondences
I20261002 19:58:36.487768 27396 incremental_pipeline.cc:646] => Could not register, trying another image.
I20261002 19:58:36.487814 27396 incremental_pipeline.cc:620] Registering image #94 (num_reg_frames=5)
I20261002 19:58:36.487860 27396 incremental_pipeline.cc:623] => Image sees 32 / 135 points
I20261002 19:58:36.487906 27396 incremental_pipeline.cc:629] Registering image with structure-less fallback
I20261002 19:58:36.487952 27396 incremental_pipeline.cc:631] => Image sees 36 / 549 correspondences
I20261002 19:58:36.488006 27396 incremental_pipeline.cc:646] => Could not register, trying another image.
I20261002 19:58:36.488053 27396 incremental_pipeline.cc:620] Registering image #92 (num_reg_frames=5)
I20261002 19:58:36.488102 27396 incremental_pipeline.cc:623] => Image sees 34 / 140 points
I20261002 19:58:36.488199 27396 incremental_pipeline.cc:629] Registering image with structure-less fallback
I20261002 19:58:36.488300 27396 incremental_pipeline.cc:631] => Image sees 35 / 573 correspondences
I20261002 19:58:36.488362 27396 incremental_pipeline.cc:646] => Could not register, trying another image.
I20261002 19:58:36.488414 27396 incremental_pipeline.cc:620] Registering image #91 (num_reg_frames=5)
I20261002 19:58:36.488463 27396 incremental_pipeline.cc:623] => Image sees 31 / 138 points
I20261002 19:58:36.488511 27396 incremental_pipeline.cc:629] Registering image with structure-less fallback
I20261002 19:58:36.488558 27396 incremental_pipeline.cc:631] => Image sees 35 / 622 correspondences
I20261002 19:58:36.488606 27396 incremental_pipeline.cc:646] => Could not register, trying another image.
I20261002 19:58:36.488651 27396 incremental_pipeline.cc:88] Retriangulation and Global bundle adjustment
I20261002 19:58:36.489570 27396 incremental_pipeline.cc:620] Registering image #103 (num_reg_frames=5)
I20261002 19:58:36.489666 27396 incremental_pipeline.cc:623] => Image sees 66 / 166 points
I20261002 19:58:36.489740 27396 incremental_pipeline.cc:646] => Could not register, trying another image.
I20261002 19:58:36.489791 27396 incremental_pipeline.cc:620] Registering image #97 (num_reg_frames=5)
I20261002 19:58:36.489840 27396 incremental_pipeline.cc:623] => Image sees 69 / 128 points
I20261002 19:58:36.489896 27396 incremental_pipeline.cc:646] => Could not register, trying another image.
I20261002 19:58:36.489945 27396 incremental_pipeline.cc:620] Registering image #98 (num_reg_frames=5)
I20261002 19:58:36.489992 27396 incremental_pipeline.cc:623] => Image sees 69 / 125 points
I20261002 19:58:36.490049 27396 incremental_pipeline.cc:646] => Could not register, trying another image.
I20261002 19:58:36.490094 27396 incremental_pipeline.cc:620] Registering image #95 (num_reg_frames=5)
I20261002 19:58:36.490141 27396 incremental_pipeline.cc:623] => Image sees 58 / 118 points
I20261002 19:58:36.490195 27396 incremental_pipeline.cc:646] => Could not register, trying another image.
I20261002 19:58:36.490241 27396 incremental_pipeline.cc:620] Registering image #105 (num_reg_frames=5)
I20261002 19:58:36.490288 27396 incremental_pipeline.cc:623] => Image sees 45 / 187 points
I20261002 19:58:36.490346 27396 incremental_pipeline.cc:646] => Could not register, trying another image.
I20261002 19:58:36.490393 27396 incremental_pipeline.cc:620] Registering image #89 (num_reg_frames=5)
I20261002 19:58:36.490441 27396 incremental_pipeline.cc:623] => Image sees 46 / 133 points
I20261002 19:58:36.490499 27396 incremental_pipeline.cc:646] => Could not register, trying another image.
I20261002 19:58:36.490546 27396 incremental_pipeline.cc:620] Registering image #111 (num_reg_frames=5)
I20261002 19:58:36.490593 27396 incremental_pipeline.cc:623] => Image sees 43 / 274 points
I20261002 19:58:36.490656 27396 incremental_pipeline.cc:646] => Could not register, trying another image.
I20261002 19:58:36.490703 27396 incremental_pipeline.cc:620] Registering image #106 (num_reg_frames=5)
I20261002 19:58:36.490750 27396 incremental_pipeline.cc:623] => Image sees 41 / 217 points
I20261002 19:58:36.490808 27396 incremental_pipeline.cc:646] => Could not register, trying another image.
I20261002 19:58:36.490854 27396 incremental_pipeline.cc:620] Registering image #109 (num_reg_frames=5)
I20261002 19:58:36.490901 27396 incremental_pipeline.cc:623] => Image sees 37 / 216 points
I20261002 19:58:36.490958 27396 incremental_pipeline.cc:646] => Could not register, trying another image.
I20261002 19:58:36.491004 27396 incremental_pipeline.cc:620] Registering image #93 (num_reg_frames=5)
I20261002 19:58:36.491050 27396 incremental_pipeline.cc:623] => Image sees 38 / 135 points
I20261002 19:58:36.491114 27396 incremental_pipeline.cc:646] => Could not register, trying another image.
I20261002 19:58:36.491163 27396 incremental_pipeline.cc:620] Registering image #110 (num_reg_frames=5)
I20261002 19:58:36.491211 27396 incremental_pipeline.cc:623] => Image sees 37 / 227 points
I20261002 19:58:36.491268 27396 incremental_pipeline.cc:646] => Could not register, trying another image.
I20261002 19:58:36.491315 27396 incremental_pipeline.cc:620] Registering image #107 (num_reg_frames=5)
I20261002 19:58:36.491363 27396 incremental_pipeline.cc:623] => Image sees 37 / 223 points
I20261002 19:58:36.491420 27396 incremental_pipeline.cc:646] => Could not register, trying another image.
I20261002 19:58:36.491466 27396 incremental_pipeline.cc:620] Registering image #96 (num_reg_frames=5)
I20261002 19:58:36.491513 27396 incremental_pipeline.cc:623] => Image sees 37 / 132 points
I20261002 19:58:36.491566 27396 incremental_pipeline.cc:646] => Could not register, trying another image.
I20261002 19:58:36.491612 27396 incremental_pipeline.cc:620] Registering image #108 (num_reg_frames=5)
I20261002 19:58:36.491658 27396 incremental_pipeline.cc:623] => Image sees 37 / 201 points
I20261002 19:58:36.491716 27396 incremental_pipeline.cc:646] => Could not register, trying another image.
I20261002 19:58:36.491763 27396 incremental_pipeline.cc:620] Registering image #92 (num_reg_frames=5)
I20261002 19:58:36.491808 27396 incremental_pipeline.cc:623] => Image sees 34 / 140 points
I20261002 19:58:36.491861 27396 incremental_pipeline.cc:646] => Could not register, trying another image.
I20261002 19:58:36.491909 27396 incremental_pipeline.cc:620] Registering image #113 (num_reg_frames=5)
I20261002 19:58:36.491955 27396 incremental_pipeline.cc:623] => Image sees 33 / 242 points
I20261002 19:58:36.492011 27396 incremental_pipeline.cc:646] => Could not register, trying another image.
I20261002 19:58:36.492058 27396 incremental_pipeline.cc:620] Registering image #94 (num_reg_frames=5)
I20261002 19:58:36.492106 27396 incremental_pipeline.cc:623] => Image sees 32 / 135 points
I20261002 19:58:36.492158 27396 incremental_pipeline.cc:646] => Could not register, trying another image.
I20261002 19:58:36.492204 27396 incremental_pipeline.cc:620] Registering image #91 (num_reg_frames=5)
I20261002 19:58:36.492250 27396 incremental_pipeline.cc:623] => Image sees 31 / 138 points
I20261002 19:58:36.492302 27396 incremental_pipeline.cc:646] => Could not register, trying another image.
I20261002 19:58:36.492352 27396 incremental_pipeline.cc:620] Registering image #103 (num_reg_frames=5)
I20261002 19:58:36.492400 27396 incremental_pipeline.cc:623] => Image sees 66 / 166 points
I20261002 19:58:36.492446 27396 incremental_pipeline.cc:629] Registering image with structure-less fallback
I20261002 19:58:36.492493 27396 incremental_pipeline.cc:631] => Image sees 314 / 772 correspondences
I20261002 19:58:36.492551 27396 incremental_pipeline.cc:646] => Could not register, trying another image.
I20261002 19:58:36.492598 27396 incremental_pipeline.cc:620] Registering image #98 (num_reg_frames=5)
I20261002 19:58:36.492644 27396 incremental_pipeline.cc:623] => Image sees 69 / 125 points
I20261002 19:58:36.492690 27396 incremental_pipeline.cc:629] Registering image with structure-less fallback
I20261002 19:58:36.492736 27396 incremental_pipeline.cc:631] => Image sees 226 / 607 correspondences
I20261002 19:58:36.492792 27396 incremental_pipeline.cc:646] => Could not register, trying another image.
I20261002 19:58:36.492839 27396 incremental_pipeline.cc:620] Registering image #105 (num_reg_frames=5)
I20261002 19:58:36.492886 27396 incremental_pipeline.cc:623] => Image sees 45 / 187 points
I20261002 19:58:36.492933 27396 incremental_pipeline.cc:629] Registering image with structure-less fallback
I20261002 19:58:36.492979 27396 incremental_pipeline.cc:631] => Image sees 133 / 859 correspondences
I20261002 19:58:36.493036 27396 incremental_pipeline.cc:646] => Could not register, trying another image.
I20261002 19:58:36.493082 27396 incremental_pipeline.cc:620] Registering image #97 (num_reg_frames=5)
I20261002 19:58:36.493138 27396 incremental_pipeline.cc:623] => Image sees 69 / 128 points
I20261002 19:58:36.493187 27396 incremental_pipeline.cc:629] Registering image with structure-less fallback
I20261002 19:58:36.493234 27396 incremental_pipeline.cc:631] => Image sees 132 / 498 correspondences
I20261002 19:58:36.493288 27396 incremental_pipeline.cc:646] => Could not register, trying another image.
I20261002 19:58:36.493334 27396 incremental_pipeline.cc:620] Registering image #111 (num_reg_frames=5)
I20261002 19:58:36.493380 27396 incremental_pipeline.cc:623] => Image sees 43 / 274 points
I20261002 19:58:36.493429 27396 incremental_pipeline.cc:629] Registering image with structure-less fallback
I20261002 19:58:36.493475 27396 incremental_pipeline.cc:631] => Image sees 124 / 2266 correspondences
I20261002 19:58:36.493537 27396 incremental_pipeline.cc:646] => Could not register, trying another image.
I20261002 19:58:36.493584 27396 incremental_pipeline.cc:620] Registering image #89 (num_reg_frames=5)
I20261002 19:58:36.493631 27396 incremental_pipeline.cc:623] => Image sees 46 / 133 points
I20261002 19:58:36.493678 27396 incremental_pipeline.cc:629] Registering image with structure-less fallback
I20261002 19:58:36.493726 27396 incremental_pipeline.cc:631] => Image sees 122 / 1447 correspondences
I20261002 19:58:36.493783 27396 incremental_pipeline.cc:646] => Could not register, trying another image.
I20261002 19:58:36.493830 27396 incremental_pipeline.cc:620] Registering image #96 (num_reg_frames=5)
I20261002 19:58:36.493877 27396 incremental_pipeline.cc:623] => Image sees 37 / 132 points
I20261002 19:58:36.493923 27396 incremental_pipeline.cc:629] Registering image with structure-less fallback
I20261002 19:58:36.493970 27396 incremental_pipeline.cc:631] => Image sees 104 / 531 correspondences
I20261002 19:58:36.494023 27396 incremental_pipeline.cc:646] => Could not register, trying another image.
I20261002 19:58:36.494070 27396 incremental_pipeline.cc:620] Registering image #107 (num_reg_frames=5)
I20261002 19:58:36.494117 27396 incremental_pipeline.cc:623] => Image sees 37 / 223 points
I20261002 19:58:36.494164 27396 incremental_pipeline.cc:629] Registering image with structure-less fallback
I20261002 19:58:36.494241 27396 incremental_pipeline.cc:631] => Image sees 103 / 1022 correspondences
I20261002 19:58:36.494303 27396 incremental_pipeline.cc:646] => Could not register, trying another image.
I20261002 19:58:36.494350 27396 incremental_pipeline.cc:620] Registering image #95 (num_reg_frames=5)
I20261002 19:58:36.494398 27396 incremental_pipeline.cc:623] => Image sees 58 / 118 points
I20261002 19:58:36.494497 27396 incremental_pipeline.cc:629] Registering image with structure-less fallback
I20261002 19:58:36.494566 27396 incremental_pipeline.cc:631] => Image sees 94 / 584 correspondences
I20261002 19:58:36.494658 27396 incremental_pipeline.cc:646] => Could not register, trying another image.
I20261002 19:58:36.494834 27396 incremental_pipeline.cc:620] Registering image #109 (num_reg_frames=5)
I20261002 19:58:36.494933 27396 incremental_pipeline.cc:623] => Image sees 37 / 216 points
I20261002 19:58:36.495014 27396 incremental_pipeline.cc:629] Registering image with structure-less fallback
I20261002 19:58:36.495066 27396 incremental_pipeline.cc:631] => Image sees 90 / 1103 correspondences
I20261002 19:58:36.495126 27396 incremental_pipeline.cc:646] => Could not register, trying another image.
I20261002 19:58:36.495173 27396 incremental_pipeline.cc:620] Registering image #106 (num_reg_frames=5)
I20261002 19:58:36.495223 27396 incremental_pipeline.cc:623] => Image sees 41 / 217 points
I20261002 19:58:36.495270 27396 incremental_pipeline.cc:629] Registering image with structure-less fallback
I20261002 19:58:36.495317 27396 incremental_pipeline.cc:631] => Image sees 76 / 1294 correspondences
I20261002 19:58:36.495374 27396 incremental_pipeline.cc:646] => Could not register, trying another image.
I20261002 19:58:36.495419 27396 incremental_pipeline.cc:620] Registering image #93 (num_reg_frames=5)
I20261002 19:58:36.495476 27396 incremental_pipeline.cc:623] => Image sees 38 / 135 points
I20261002 19:58:36.495525 27396 incremental_pipeline.cc:629] Registering image with structure-less fallback
I20261002 19:58:36.495674 27396 incremental_pipeline.cc:631] => Image sees 71 / 628 correspondences
I20261002 19:58:36.495773 27396 incremental_pipeline.cc:646] => Could not register, trying another image.
I20261002 19:58:36.495823 27396 incremental_pipeline.cc:620] Registering image #110 (num_reg_frames=5)
I20261002 19:58:36.495866 27396 incremental_pipeline.cc:623] => Image sees 37 / 227 points
I20261002 19:58:36.495910 27396 incremental_pipeline.cc:629] Registering image with structure-less fallback
I20261002 19:58:36.495953 27396 incremental_pipeline.cc:631] => Image sees 52 / 1137 correspondences
I20261002 19:58:36.495996 27396 incremental_pipeline.cc:646] => Could not register, trying another image.
I20261002 19:58:36.496039 27396 incremental_pipeline.cc:620] Registering image #108 (num_reg_frames=5)
I20261002 19:58:36.496082 27396 incremental_pipeline.cc:623] => Image sees 37 / 201 points
I20261002 19:58:36.496124 27396 incremental_pipeline.cc:629] Registering image with structure-less fallback
I20261002 19:58:36.496168 27396 incremental_pipeline.cc:631] => Image sees 46 / 1040 correspondences
I20261002 19:58:36.496211 27396 incremental_pipeline.cc:646] => Could not register, trying another image.
I20261002 19:58:36.496253 27396 incremental_pipeline.cc:620] Registering image #113 (num_reg_frames=5)
I20261002 19:58:36.496296 27396 incremental_pipeline.cc:623] => Image sees 33 / 242 points
I20261002 19:58:36.496339 27396 incremental_pipeline.cc:629] Registering image with structure-less fallback
I20261002 19:58:36.496382 27396 incremental_pipeline.cc:631] => Image sees 43 / 1202 correspondences
I20261002 19:58:36.496425 27396 incremental_pipeline.cc:646] => Could not register, trying another image.
I20261002 19:58:36.496467 27396 incremental_pipeline.cc:620] Registering image #94 (num_reg_frames=5)
I20261002 19:58:36.496510 27396 incremental_pipeline.cc:623] => Image sees 32 / 135 points
I20261002 19:58:36.496552 27396 incremental_pipeline.cc:629] Registering image with structure-less fallback
I20261002 19:58:36.496596 27396 incremental_pipeline.cc:631] => Image sees 36 / 549 correspondences
I20261002 19:58:36.496639 27396 incremental_pipeline.cc:646] => Could not register, trying another image.
I20261002 19:58:36.496680 27396 incremental_pipeline.cc:620] Registering image #92 (num_reg_frames=5)
I20261002 19:58:36.496725 27396 incremental_pipeline.cc:623] => Image sees 34 / 140 points
I20261002 19:58:36.496767 27396 incremental_pipeline.cc:629] Registering image with structure-less fallback
I20261002 19:58:36.496810 27396 incremental_pipeline.cc:631] => Image sees 35 / 573 correspondences
I20261002 19:58:36.496853 27396 incremental_pipeline.cc:646] => Could not register, trying another image.
I20261002 19:58:36.496896 27396 incremental_pipeline.cc:620] Registering image #91 (num_reg_frames=5)
I20261002 19:58:36.496939 27396 incremental_pipeline.cc:623] => Image sees 31 / 138 points
I20261002 19:58:36.496981 27396 incremental_pipeline.cc:629] Registering image with structure-less fallback
I20261002 19:58:36.497024 27396 incremental_pipeline.cc:631] => Image sees 35 / 622 correspondences
I20261002 19:58:36.497067 27396 incremental_pipeline.cc:646] => Could not register, trying another image.
W20261002 19:58:36.497110 27396 incremental_pipeline.cc:821] Discarding reconstruction due to insufficient size
I20261002 19:58:36.498114 27396 incremental_pipeline.cc:465] Finding good initial image pair
I20261002 19:58:36.505286 27396 incremental_pipeline.cc:492] Registering initial image pair #100 and #97
I20261002 19:58:36.505717 27396 incremental_pipeline.cc:510] Global bundle adjustment
I20261002 19:58:36.510422 27396 incremental_pipeline.cc:620] Registering image #101 (num_reg_frames=2)
I20261002 19:58:36.510537 27396 incremental_pipeline.cc:623] => Image sees 33 / 144 points
I20261002 19:58:36.519871 27396 incremental_pipeline.cc:88] Retriangulation and Global bundle adjustment
I20261002 19:58:36.530457 27396 incremental_pipeline.cc:620] Registering image #102 (num_reg_frames=3)
I20261002 19:58:36.530556 27396 incremental_pipeline.cc:623] => Image sees 42 / 181 points
I20261002 19:58:36.542343 27396 incremental_pipeline.cc:88] Retriangulation and Global bundle adjustment
I20261002 19:58:36.555125 27396 incremental_pipeline.cc:620] Registering image #99 (num_reg_frames=4)
I20261002 19:58:36.555257 27396 incremental_pipeline.cc:623] => Image sees 49 / 149 points
I20261002 19:58:36.574359 27396 incremental_pipeline.cc:620] Registering image #103 (num_reg_frames=5)
I20261002 19:58:36.574494 27396 incremental_pipeline.cc:623] => Image sees 38 / 166 points
I20261002 19:58:36.574580 27396 incremental_pipeline.cc:646] => Could not register, trying another image.
I20261002 19:58:36.574631 27396 incremental_pipeline.cc:620] Registering image #104 (num_reg_frames=5)
I20261002 19:58:36.574678 27396 incremental_pipeline.cc:623] => Image sees 39 / 172 points
I20261002 19:58:36.574734 27396 incremental_pipeline.cc:646] => Could not register, trying another image.
I20261002 19:58:36.574784 27396 incremental_pipeline.cc:620] Registering image #98 (num_reg_frames=5)
I20261002 19:58:36.574831 27396 incremental_pipeline.cc:623] => Image sees 32 / 125 points
I20261002 19:58:36.574885 27396 incremental_pipeline.cc:646] => Could not register, trying another image.
I20261002 19:58:36.574933 27396 incremental_pipeline.cc:620] Registering image #98 (num_reg_frames=5)
I20261002 19:58:36.574979 27396 incremental_pipeline.cc:623] => Image sees 32 / 125 points
I20261002 19:58:36.575025 27396 incremental_pipeline.cc:629] Registering image with structure-less fallback
I20261002 19:58:36.575068 27396 incremental_pipeline.cc:631] => Image sees 312 / 607 correspondences
I20261002 19:58:36.575122 27396 incremental_pipeline.cc:646] => Could not register, trying another image.
I20261002 19:58:36.575165 27396 incremental_pipeline.cc:620] Registering image #104 (num_reg_frames=5)
I20261002 19:58:36.575208 27396 incremental_pipeline.cc:623] => Image sees 39 / 172 points
I20261002 19:58:36.575252 27396 incremental_pipeline.cc:629] Registering image with structure-less fallback
I20261002 19:58:36.575295 27396 incremental_pipeline.cc:631] => Image sees 218 / 636 correspondences
I20261002 19:58:36.575348 27396 incremental_pipeline.cc:646] => Could not register, trying another image.
I20261002 19:58:36.575390 27396 incremental_pipeline.cc:620] Registering image #103 (num_reg_frames=5)
I20261002 19:58:36.575434 27396 incremental_pipeline.cc:623] => Image sees 38 / 166 points
I20261002 19:58:36.575477 27396 incremental_pipeline.cc:629] Registering image with structure-less fallback
I20261002 19:58:36.575520 27396 incremental_pipeline.cc:631] => Image sees 188 / 772 correspondences
I20261002 19:58:36.575574 27396 incremental_pipeline.cc:646] => Could not register, trying another image.
I20261002 19:58:36.575617 27396 incremental_pipeline.cc:88] Retriangulation and Global bundle adjustment
I20261002 19:58:36.601213 27396 incremental_pipeline.cc:620] Registering image #104 (num_reg_frames=5)
I20261002 19:58:36.601356 27396 incremental_pipeline.cc:623] => Image sees 38 / 172 points
I20261002 19:58:36.601441 27396 incremental_pipeline.cc:646] => Could not register, trying another image.
I20261002 19:58:36.601493 27396 incremental_pipeline.cc:620] Registering image #103 (num_reg_frames=5)
I20261002 19:58:36.601543 27396 incremental_pipeline.cc:623] => Image sees 36 / 166 points
I20261002 19:58:36.601601 27396 incremental_pipeline.cc:646] => Could not register, trying another image.
I20261002 19:58:36.601646 27396 incremental_pipeline.cc:620] Registering image #98 (num_reg_frames=5)
I20261002 19:58:36.601693 27396 incremental_pipeline.cc:623] => Image sees 31 / 125 points
I20261002 19:58:36.601748 27396 incremental_pipeline.cc:646] => Could not register, trying another image.
I20261002 19:58:36.601797 27396 incremental_pipeline.cc:620] Registering image #98 (num_reg_frames=5)
I20261002 19:58:36.601862 27396 incremental_pipeline.cc:623] => Image sees 31 / 125 points
I20261002 19:58:36.601910 27396 incremental_pipeline.cc:629] Registering image with structure-less fallback
I20261002 19:58:36.601957 27396 incremental_pipeline.cc:631] => Image sees 312 / 607 correspondences
I20261002 19:58:36.602013 27396 incremental_pipeline.cc:646] => Could not register, trying another image.
I20261002 19:58:36.602059 27396 incremental_pipeline.cc:620] Registering image #104 (num_reg_frames=5)
I20261002 19:58:36.602105 27396 incremental_pipeline.cc:623] => Image sees 38 / 172 points
I20261002 19:58:36.602152 27396 incremental_pipeline.cc:629] Registering image with structure-less fallback
I20261002 19:58:36.602198 27396 incremental_pipeline.cc:631] => Image sees 218 / 636 correspondences
I20261002 19:58:36.602255 27396 incremental_pipeline.cc:646] => Could not register, trying another image.
I20261002 19:58:36.602301 27396 incremental_pipeline.cc:620] Registering image #103 (num_reg_frames=5)
I20261002 19:58:36.602348 27396 incremental_pipeline.cc:623] => Image sees 36 / 166 points
I20261002 19:58:36.602394 27396 incremental_pipeline.cc:629] Registering image with structure-less fallback
I20261002 19:58:36.602439 27396 incremental_pipeline.cc:631] => Image sees 188 / 772 correspondences
I20261002 19:58:36.602495 27396 incremental_pipeline.cc:646] => Could not register, trying another image.
I20261002 19:58:36.602542 27396 incremental_pipeline.cc:88] Retriangulation and Global bundle adjustment
W20261002 19:58:36.615672 27396 incremental_pipeline.cc:821] Discarding reconstruction due to insufficient size
I20261002 19:58:36.616470 27396 incremental_pipeline.cc:465] Finding good initial image pair
I20261002 19:58:36.620634 27396 incremental_pipeline.cc:492] Registering initial image pair #12 and #15
I20261002 19:58:36.620980 27396 incremental_pipeline.cc:510] Global bundle adjustment
I20261002 19:58:36.626705 27396 incremental_pipeline.cc:620] Registering image #9 (num_reg_frames=2)
I20261002 19:58:36.626804 27396 incremental_pipeline.cc:623] => Image sees 43 / 118 points
I20261002 19:58:36.634094 27396 incremental_pipeline.cc:88] Retriangulation and Global bundle adjustment
I20261002 19:58:36.637961 27396 incremental_pipeline.cc:620] Registering image #14 (num_reg_frames=3)
I20261002 19:58:36.638139 27396 incremental_pipeline.cc:623] => Image sees 80 / 111 points
I20261002 19:58:36.643060 27396 incremental_pipeline.cc:620] Registering image #11 (num_reg_frames=4)
I20261002 19:58:36.643159 27396 incremental_pipeline.cc:623] => Image sees 70 / 119 points
I20261002 19:58:36.649210 27396 incremental_pipeline.cc:88] Retriangulation and Global bundle adjustment
I20261002 19:58:36.669767 27396 incremental_pipeline.cc:620] Registering image #7 (num_reg_frames=5)
I20261002 19:58:36.669877 27396 incremental_pipeline.cc:623] => Image sees 78 / 109 points
I20261002 19:58:36.692453 27396 incremental_pipeline.cc:620] Registering image #10 (num_reg_frames=6)
I20261002 19:58:36.692566 27396 incremental_pipeline.cc:623] => Image sees 76 / 108 points
I20261002 19:58:36.699026 27396 incremental_pipeline.cc:88] Retriangulation and Global bundle adjustment
I20261002 19:58:36.718159 27396 incremental_pipeline.cc:620] Registering image #8 (num_reg_frames=7)
I20261002 19:58:36.718274 27396 incremental_pipeline.cc:623] => Image sees 78 / 116 points
I20261002 19:58:36.725543 27396 incremental_pipeline.cc:620] Registering image #2 (num_reg_frames=8)
I20261002 19:58:36.725654 27396 incremental_pipeline.cc:623] => Image sees 69 / 111 points
I20261002 19:58:36.733218 27396 incremental_pipeline.cc:620] Registering image #3 (num_reg_frames=9)
I20261002 19:58:36.733328 27396 incremental_pipeline.cc:623] => Image sees 71 / 115 points
I20261002 19:58:36.739501 27396 incremental_pipeline.cc:88] Retriangulation and Global bundle adjustment
I20261002 19:58:36.761491 27396 incremental_pipeline.cc:620] Registering image #5 (num_reg_frames=10)
I20261002 19:58:36.761621 27396 incremental_pipeline.cc:623] => Image sees 73 / 111 points
I20261002 19:58:36.769226 27396 incremental_pipeline.cc:620] Registering image #13 (num_reg_frames=11)
I20261002 19:58:36.769383 27396 incremental_pipeline.cc:623] => Image sees 74 / 113 points
I20261002 19:58:36.777815 27396 incremental_pipeline.cc:620] Registering image #16 (num_reg_frames=12)
I20261002 19:58:36.778027 27396 incremental_pipeline.cc:623] => Image sees 79 / 118 points
I20261002 19:58:36.786713 27396 incremental_pipeline.cc:620] Registering image #1 (num_reg_frames=13)
I20261002 19:58:36.786877 27396 incremental_pipeline.cc:623] => Image sees 71 / 105 points
I20261002 19:58:36.793607 27396 incremental_pipeline.cc:88] Retriangulation and Global bundle adjustment
I20261002 19:58:36.882479 27396 incremental_pipeline.cc:620] Registering image #6 (num_reg_frames=14)
I20261002 19:58:36.882713 27396 incremental_pipeline.cc:623] => Image sees 69 / 112 points
I20261002 19:58:36.891515 27396 incremental_pipeline.cc:620] Registering image #4 (num_reg_frames=15)
I20261002 19:58:36.891617 27396 incremental_pipeline.cc:623] => Image sees 72 / 113 points
I20261002 19:58:36.899848 27396 incremental_pipeline.cc:620] Registering image #17 (num_reg_frames=16)
I20261002 19:58:36.899960 27396 incremental_pipeline.cc:623] => Image sees 67 / 99 points
I20261002 19:58:36.906926 27396 incremental_pipeline.cc:620] Registering image #20 (num_reg_frames=17)
I20261002 19:58:36.907105 27396 incremental_pipeline.cc:623] => Image sees 65 / 100 points
I20261002 19:58:36.913618 27396 incremental_pipeline.cc:620] Registering image #21 (num_reg_frames=18)
I20261002 19:58:36.913814 27396 incremental_pipeline.cc:623] => Image sees 64 / 101 points
I20261002 19:58:36.920995 27396 incremental_pipeline.cc:620] Registering image #18 (num_reg_frames=19)
I20261002 19:58:36.921120 27396 incremental_pipeline.cc:623] => Image sees 69 / 88 points
I20261002 19:58:36.927350 27396 incremental_pipeline.cc:88] Retriangulation and Global bundle adjustment
I20261002 19:58:37.061541 27396 incremental_pipeline.cc:620] Registering image #19 (num_reg_frames=20)
I20261002 19:58:37.061722 27396 incremental_pipeline.cc:623] => Image sees 61 / 95 points
I20261002 19:58:37.069796 27396 incremental_pipeline.cc:620] Registering image #23 (num_reg_frames=21)
I20261002 19:58:37.069922 27396 incremental_pipeline.cc:623] => Image sees 60 / 100 points
I20261002 19:58:37.076925 27396 incremental_pipeline.cc:620] Registering image #24 (num_reg_frames=22)
I20261002 19:58:37.077140 27396 incremental_pipeline.cc:623] => Image sees 48 / 75 points
I20261002 19:58:37.082968 27396 incremental_pipeline.cc:620] Registering image #32 (num_reg_frames=23)
I20261002 19:58:37.083079 27396 incremental_pipeline.cc:623] => Image sees 41 / 90 points
I20261002 19:58:37.083907 27396 incremental_pipeline.cc:646] => Could not register, trying another image.
I20261002 19:58:37.083989 27396 incremental_pipeline.cc:620] Registering image #32 (num_reg_frames=23)
I20261002 19:58:37.084046 27396 incremental_pipeline.cc:623] => Image sees 41 / 90 points
I20261002 19:58:37.084094 27396 incremental_pipeline.cc:629] Registering image with structure-less fallback
I20261002 19:58:37.084141 27396 incremental_pipeline.cc:631] => Image sees 121 / 2206 correspondences
I20261002 19:58:37.107034 27396 incremental_pipeline.cc:620] Registering image #68 (num_reg_frames=24)
I20261002 19:58:37.107264 27396 incremental_pipeline.cc:623] => Image sees 33 / 83 points
I20261002 19:58:37.108164 27396 incremental_pipeline.cc:646] => Could not register, trying another image.
I20261002 19:58:37.108318 27396 incremental_pipeline.cc:620] Registering image #41 (num_reg_frames=24)
I20261002 19:58:37.108434 27396 incremental_pipeline.cc:623] => Image sees 31 / 82 points
I20261002 19:58:37.108890 27396 incremental_pipeline.cc:646] => Could not register, trying another image.
I20261002 19:58:37.109061 27396 incremental_pipeline.cc:620] Registering image #69 (num_reg_frames=24)
I20261002 19:58:37.109187 27396 incremental_pipeline.cc:623] => Image sees 30 / 83 points
I20261002 19:58:37.110004 27396 incremental_pipeline.cc:646] => Could not register, trying another image.
I20261002 19:58:37.110129 27396 incremental_pipeline.cc:620] Registering image #41 (num_reg_frames=24)
I20261002 19:58:37.110206 27396 incremental_pipeline.cc:623] => Image sees 31 / 82 points
I20261002 19:58:37.110320 27396 incremental_pipeline.cc:629] Registering image with structure-less fallback
I20261002 19:58:37.110404 27396 incremental_pipeline.cc:631] => Image sees 93 / 848 correspondences
I20261002 19:58:37.130331 27396 incremental_pipeline.cc:620] Registering image #39 (num_reg_frames=25)
I20261002 19:58:37.130480 27396 incremental_pipeline.cc:623] => Image sees 34 / 83 points
I20261002 19:58:37.131010 27396 incremental_pipeline.cc:646] => Could not register, trying another image.
I20261002 19:58:37.131102 27396 incremental_pipeline.cc:620] Registering image #52 (num_reg_frames=25)
I20261002 19:58:37.131168 27396 incremental_pipeline.cc:623] => Image sees 34 / 84 points
I20261002 19:58:37.138209 27396 incremental_pipeline.cc:620] Registering image #30 (num_reg_frames=26)
I20261002 19:58:37.138386 27396 incremental_pipeline.cc:623] => Image sees 35 / 88 points
I20261002 19:58:37.139400 27396 incremental_pipeline.cc:646] => Could not register, trying another image.
I20261002 19:58:37.139718 27396 incremental_pipeline.cc:620] Registering image #38 (num_reg_frames=26)
I20261002 19:58:37.139806 27396 incremental_pipeline.cc:623] => Image sees 34 / 83 points
I20261002 19:58:37.140353 27396 incremental_pipeline.cc:646] => Could not register, trying another image.
I20261002 19:58:37.140438 27396 incremental_pipeline.cc:620] Registering image #37 (num_reg_frames=26)
I20261002 19:58:37.140508 27396 incremental_pipeline.cc:623] => Image sees 33 / 67 points
I20261002 19:58:37.148545 27396 incremental_pipeline.cc:620] Registering image #26 (num_reg_frames=27)
I20261002 19:58:37.148680 27396 incremental_pipeline.cc:623] => Image sees 48 / 88 points
I20261002 19:58:37.155655 27396 incremental_pipeline.cc:88] Retriangulation and Global bundle adjustment
I20261002 19:58:37.271248 27396 incremental_pipeline.cc:620] Registering image #54 (num_reg_frames=28)
I20261002 19:58:37.271445 27396 incremental_pipeline.cc:623] => Image sees 38 / 82 points
I20261002 19:58:37.278220 27396 incremental_pipeline.cc:620] Registering image #56 (num_reg_frames=29)
I20261002 19:58:37.278327 27396 incremental_pipeline.cc:623] => Image sees 37 / 75 points
I20261002 19:58:37.278736 27396 incremental_pipeline.cc:646] => Could not register, trying another image.
I20261002 19:58:37.278809 27396 incremental_pipeline.cc:620] Registering image #47 (num_reg_frames=29)
I20261002 19:58:37.278951 27396 incremental_pipeline.cc:623] => Image sees 32 / 87 points
I20261002 19:58:37.283632 27396 incremental_pipeline.cc:620] Registering image #33 (num_reg_frames=30)
I20261002 19:58:37.283802 27396 incremental_pipeline.cc:623] => Image sees 32 / 82 points
I20261002 19:58:37.284131 27396 incremental_pipeline.cc:646] => Could not register, trying another image.
I20261002 19:58:37.284199 27396 incremental_pipeline.cc:620] Registering image #61 (num_reg_frames=30)
I20261002 19:58:37.284252 27396 incremental_pipeline.cc:623] => Image sees 35 / 90 points
I20261002 19:58:37.292510 27396 incremental_pipeline.cc:620] Registering image #53 (num_reg_frames=31)
I20261002 19:58:37.292610 27396 incremental_pipeline.cc:623] => Image sees 59 / 81 points
I20261002 19:58:37.299048 27396 incremental_pipeline.cc:620] Registering image #42 (num_reg_frames=32)
I20261002 19:58:37.299154 27396 incremental_pipeline.cc:623] => Image sees 62 / 85 points
I20261002 19:58:37.308052 27396 incremental_pipeline.cc:620] Registering image #50 (num_reg_frames=33)
I20261002 19:58:37.308223 27396 incremental_pipeline.cc:623] => Image sees 66 / 87 points
I20261002 19:58:37.314280 27396 incremental_pipeline.cc:620] Registering image #31 (num_reg_frames=34)
I20261002 19:58:37.314381 27396 incremental_pipeline.cc:623] => Image sees 62 / 82 points
I20261002 19:58:37.322974 27396 incremental_pipeline.cc:620] Registering image #44 (num_reg_frames=35)
I20261002 19:58:37.323114 27396 incremental_pipeline.cc:623] => Image sees 58 / 76 points
I20261002 19:58:37.329584 27396 incremental_pipeline.cc:620] Registering image #36 (num_reg_frames=36)
I20261002 19:58:37.329733 27396 incremental_pipeline.cc:623] => Image sees 63 / 83 points
I20261002 19:58:37.335959 27396 incremental_pipeline.cc:620] Registering image #40 (num_reg_frames=37)
I20261002 19:58:37.336136 27396 incremental_pipeline.cc:623] => Image sees 61 / 78 points
I20261002 19:58:37.342420 27396 incremental_pipeline.cc:620] Registering image #45 (num_reg_frames=38)
I20261002 19:58:37.342533 27396 incremental_pipeline.cc:623] => Image sees 60 / 80 points
I20261002 19:58:37.348317 27396 incremental_pipeline.cc:620] Registering image #27 (num_reg_frames=39)
I20261002 19:58:37.348453 27396 incremental_pipeline.cc:623] => Image sees 61 / 84 points
I20261002 19:58:37.354412 27396 incremental_pipeline.cc:88] Retriangulation and Global bundle adjustment
I20261002 19:58:37.447379 27396 incremental_pipeline.cc:620] Registering image #28 (num_reg_frames=40)
I20261002 19:58:37.447551 27396 incremental_pipeline.cc:623] => Image sees 62 / 84 points
I20261002 19:58:37.454980 27396 incremental_pipeline.cc:620] Registering image #35 (num_reg_frames=41)
I20261002 19:58:37.455120 27396 incremental_pipeline.cc:623] => Image sees 65 / 78 points
I20261002 19:58:37.460194 27396 incremental_pipeline.cc:620] Registering image #34 (num_reg_frames=42)
I20261002 19:58:37.460326 27396 incremental_pipeline.cc:623] => Image sees 64 / 80 points
I20261002 19:58:37.466622 27396 incremental_pipeline.cc:88] Retriangulation and Global bundle adjustment
I20261002 19:58:37.531459 27396 incremental_pipeline.cc:826] Keeping successful reconstruction
I20261002 19:58:37.533050 27396 incremental_pipeline.cc:465] Finding good initial image pair
I20261002 19:58:37.538342 27396 incremental_pipeline.cc:492] Registering initial image pair #95 and #100
I20261002 19:58:37.538731 27396 incremental_pipeline.cc:510] Global bundle adjustment
I20261002 19:58:37.543904 27396 incremental_pipeline.cc:620] Registering image #98 (num_reg_frames=2)
I20261002 19:58:37.544011 27396 incremental_pipeline.cc:623] => Image sees 37 / 125 points
I20261002 19:58:37.551768 27396 incremental_pipeline.cc:88] Retriangulation and Global bundle adjustment
I20261002 19:58:37.555301 27396 incremental_pipeline.cc:620] Registering image #97 (num_reg_frames=3)
I20261002 19:58:37.555394 27396 incremental_pipeline.cc:623] => Image sees 72 / 128 points
I20261002 19:58:37.567392 27396 incremental_pipeline.cc:620] Registering image #99 (num_reg_frames=4)
I20261002 19:58:37.567506 27396 incremental_pipeline.cc:623] => Image sees 72 / 149 points
I20261002 19:58:37.585450 27396 incremental_pipeline.cc:88] Retriangulation and Global bundle adjustment
I20261002 19:58:37.635969 27396 incremental_pipeline.cc:620] Registering image #101 (num_reg_frames=5)
I20261002 19:58:37.636118 27396 incremental_pipeline.cc:623] => Image sees 78 / 144 points
I20261002 19:58:37.667973 27396 incremental_pipeline.cc:620] Registering image #102 (num_reg_frames=6)
I20261002 19:58:37.668098 27396 incremental_pipeline.cc:623] => Image sees 75 / 181 points
I20261002 19:58:37.683401 27396 incremental_pipeline.cc:88] Retriangulation and Global bundle adjustment
I20261002 19:58:37.830786 27396 incremental_pipeline.cc:620] Registering image #104 (num_reg_frames=7)
I20261002 19:58:37.830935 27396 incremental_pipeline.cc:623] => Image sees 73 / 172 points
I20261002 19:58:37.831012 27396 incremental_pipeline.cc:646] => Could not register, trying another image.
I20261002 19:58:37.833166 27396 incremental_pipeline.cc:620] Registering image #103 (num_reg_frames=7)
I20261002 19:58:37.833236 27396 incremental_pipeline.cc:623] => Image sees 64 / 166 points
I20261002 19:58:37.833304 27396 incremental_pipeline.cc:646] => Could not register, trying another image.
I20261002 19:58:37.833355 27396 incremental_pipeline.cc:620] Registering image #93 (num_reg_frames=7)
I20261002 19:58:37.833424 27396 incremental_pipeline.cc:623] => Image sees 51 / 135 points
I20261002 19:58:37.833498 27396 incremental_pipeline.cc:646] => Could not register, trying another image.
I20261002 19:58:37.833544 27396 incremental_pipeline.cc:620] Registering image #89 (num_reg_frames=7)
I20261002 19:58:37.833589 27396 incremental_pipeline.cc:623] => Image sees 53 / 133 points
I20261002 19:58:37.833647 27396 incremental_pipeline.cc:646] => Could not register, trying another image.
I20261002 19:58:37.833691 27396 incremental_pipeline.cc:620] Registering image #109 (num_reg_frames=7)
I20261002 19:58:37.833736 27396 incremental_pipeline.cc:623] => Image sees 41 / 216 points
I20261002 19:58:37.833792 27396 incremental_pipeline.cc:646] => Could not register, trying another image.
I20261002 19:58:37.833836 27396 incremental_pipeline.cc:620] Registering image #105 (num_reg_frames=7)
I20261002 19:58:37.833881 27396 incremental_pipeline.cc:623] => Image sees 41 / 187 points
I20261002 19:58:37.833934 27396 incremental_pipeline.cc:646] => Could not register, trying another image.
I20261002 19:58:37.837776 27396 incremental_pipeline.cc:620] Registering image #111 (num_reg_frames=7)
I20261002 19:58:37.837844 27396 incremental_pipeline.cc:623] => Image sees 41 / 274 points
I20261002 19:58:37.837913 27396 incremental_pipeline.cc:646] => Could not register, trying another image.
I20261002 19:58:37.837959 27396 incremental_pipeline.cc:620] Registering image #96 (num_reg_frames=7)
I20261002 19:58:37.838003 27396 incremental_pipeline.cc:623] => Image sees 44 / 132 points
I20261002 19:58:37.838057 27396 incremental_pipeline.cc:646] => Could not register, trying another image.
I20261002 19:58:37.838101 27396 incremental_pipeline.cc:620] Registering image #106 (num_reg_frames=7)
I20261002 19:58:37.838146 27396 incremental_pipeline.cc:623] => Image sees 39 / 217 points
I20261002 19:58:37.838202 27396 incremental_pipeline.cc:646] => Could not register, trying another image.
I20261002 19:58:37.838246 27396 incremental_pipeline.cc:620] Registering image #92 (num_reg_frames=7)
I20261002 19:58:37.838290 27396 incremental_pipeline.cc:623] => Image sees 40 / 140 points
I20261002 19:58:37.838341 27396 incremental_pipeline.cc:646] => Could not register, trying another image.
I20261002 19:58:37.838385 27396 incremental_pipeline.cc:620] Registering image #108 (num_reg_frames=7)
I20261002 19:58:37.838428 27396 incremental_pipeline.cc:623] => Image sees 38 / 201 points
I20261002 19:58:37.838482 27396 incremental_pipeline.cc:646] => Could not register, trying another image.
I20261002 19:58:37.838525 27396 incremental_pipeline.cc:620] Registering image #88 (num_reg_frames=7)
I20261002 19:58:37.838570 27396 incremental_pipeline.cc:623] => Image sees 41 / 138 points
I20261002 19:58:37.838620 27396 incremental_pipeline.cc:646] => Could not register, trying another image.
I20261002 19:58:37.838663 27396 incremental_pipeline.cc:620] Registering image #113 (num_reg_frames=7)
I20261002 19:58:37.838707 27396 incremental_pipeline.cc:623] => Image sees 34 / 242 points
I20261002 19:58:37.838761 27396 incremental_pipeline.cc:646] => Could not register, trying another image.
I20261002 19:58:37.838805 27396 incremental_pipeline.cc:620] Registering image #94 (num_reg_frames=7)
I20261002 19:58:37.838848 27396 incremental_pipeline.cc:623] => Image sees 40 / 135 points
I20261002 19:58:37.838903 27396 incremental_pipeline.cc:646] => Could not register, trying another image.
I20261002 19:58:37.838946 27396 incremental_pipeline.cc:620] Registering image #91 (num_reg_frames=7)
I20261002 19:58:37.838996 27396 incremental_pipeline.cc:623] => Image sees 34 / 138 points
I20261002 19:58:37.839046 27396 incremental_pipeline.cc:646] => Could not register, trying another image.
I20261002 19:58:37.839088 27396 incremental_pipeline.cc:620] Registering image #110 (num_reg_frames=7)
I20261002 19:58:37.839132 27396 incremental_pipeline.cc:623] => Image sees 32 / 227 points
I20261002 19:58:37.839190 27396 incremental_pipeline.cc:646] => Could not register, trying another image.
I20261002 19:58:37.839234 27396 incremental_pipeline.cc:620] Registering image #90 (num_reg_frames=7)
I20261002 19:58:37.839291 27396 incremental_pipeline.cc:623] => Image sees 35 / 133 points
I20261002 19:58:37.839342 27396 incremental_pipeline.cc:646] => Could not register, trying another image.
I20261002 19:58:37.839391 27396 incremental_pipeline.cc:620] Registering image #89 (num_reg_frames=7)
I20261002 19:58:37.839435 27396 incremental_pipeline.cc:623] => Image sees 53 / 133 points
I20261002 19:58:37.839479 27396 incremental_pipeline.cc:629] Registering image with structure-less fallback
I20261002 19:58:37.839522 27396 incremental_pipeline.cc:631] => Image sees 253 / 1447 correspondences
I20261002 19:58:37.839578 27396 incremental_pipeline.cc:646] => Could not register, trying another image.
I20261002 19:58:37.845357 27396 incremental_pipeline.cc:620] Registering image #103 (num_reg_frames=7)
I20261002 19:58:37.845422 27396 incremental_pipeline.cc:623] => Image sees 64 / 166 points
I20261002 19:58:37.845473 27396 incremental_pipeline.cc:629] Registering image with structure-less fallback
I20261002 19:58:37.845522 27396 incremental_pipeline.cc:631] => Image sees 221 / 772 correspondences
I20261002 19:58:37.845582 27396 incremental_pipeline.cc:646] => Could not register, trying another image.
I20261002 19:58:37.845629 27396 incremental_pipeline.cc:620] Registering image #104 (num_reg_frames=7)
I20261002 19:58:37.845677 27396 incremental_pipeline.cc:623] => Image sees 73 / 172 points
I20261002 19:58:37.845724 27396 incremental_pipeline.cc:629] Registering image with structure-less fallback
I20261002 19:58:37.845771 27396 incremental_pipeline.cc:631] => Image sees 218 / 636 correspondences
I20261002 19:58:37.845829 27396 incremental_pipeline.cc:646] => Could not register, trying another image.
I20261002 19:58:37.845876 27396 incremental_pipeline.cc:620] Registering image #96 (num_reg_frames=7)
I20261002 19:58:37.845924 27396 incremental_pipeline.cc:623] => Image sees 44 / 132 points
I20261002 19:58:37.845972 27396 incremental_pipeline.cc:629] Registering image with structure-less fallback
I20261002 19:58:37.846017 27396 incremental_pipeline.cc:631] => Image sees 180 / 531 correspondences
I20261002 19:58:37.846072 27396 incremental_pipeline.cc:646] => Could not register, trying another image.
I20261002 19:58:37.846118 27396 incremental_pipeline.cc:620] Registering image #93 (num_reg_frames=7)
I20261002 19:58:37.850222 27396 incremental_pipeline.cc:623] => Image sees 51 / 135 points
I20261002 19:58:37.850285 27396 incremental_pipeline.cc:629] Registering image with structure-less fallback
I20261002 19:58:37.850335 27396 incremental_pipeline.cc:631] => Image sees 175 / 628 correspondences
I20261002 19:58:37.850389 27396 incremental_pipeline.cc:646] => Could not register, trying another image.
I20261002 19:58:37.850434 27396 incremental_pipeline.cc:620] Registering image #109 (num_reg_frames=7)
I20261002 19:58:37.850481 27396 incremental_pipeline.cc:623] => Image sees 41 / 216 points
I20261002 19:58:37.850526 27396 incremental_pipeline.cc:629] Registering image with structure-less fallback
I20261002 19:58:37.850570 27396 incremental_pipeline.cc:631] => Image sees 115 / 1103 correspondences
I20261002 19:58:37.850626 27396 incremental_pipeline.cc:646] => Could not register, trying another image.
I20261002 19:58:37.850670 27396 incremental_pipeline.cc:620] Registering image #111 (num_reg_frames=7)
I20261002 19:58:37.850713 27396 incremental_pipeline.cc:623] => Image sees 41 / 274 points
I20261002 19:58:37.850757 27396 incremental_pipeline.cc:629] Registering image with structure-less fallback
I20261002 19:58:37.850800 27396 incremental_pipeline.cc:631] => Image sees 85 / 2266 correspondences
I20261002 19:58:37.850860 27396 incremental_pipeline.cc:646] => Could not register, trying another image.
I20261002 19:58:37.850904 27396 incremental_pipeline.cc:620] Registering image #92 (num_reg_frames=7)
I20261002 19:58:37.851655 27396 incremental_pipeline.cc:623] => Image sees 40 / 140 points
I20261002 19:58:37.851699 27396 incremental_pipeline.cc:629] Registering image with structure-less fallback
I20261002 19:58:37.851743 27396 incremental_pipeline.cc:631] => Image sees 84 / 573 correspondences
I20261002 19:58:37.851805 27396 incremental_pipeline.cc:646] => Could not register, trying another image.
I20261002 19:58:37.851848 27396 incremental_pipeline.cc:620] Registering image #105 (num_reg_frames=7)
I20261002 19:58:37.851894 27396 incremental_pipeline.cc:623] => Image sees 41 / 187 points
I20261002 19:58:37.851937 27396 incremental_pipeline.cc:629] Registering image with structure-less fallback
I20261002 19:58:37.851980 27396 incremental_pipeline.cc:631] => Image sees 77 / 859 correspondences
I20261002 19:58:37.852032 27396 incremental_pipeline.cc:646] => Could not register, trying another image.
I20261002 19:58:37.852075 27396 incremental_pipeline.cc:620] Registering image #106 (num_reg_frames=7)
I20261002 19:58:37.852119 27396 incremental_pipeline.cc:623] => Image sees 39 / 217 points
I20261002 19:58:37.852162 27396 incremental_pipeline.cc:629] Registering image with structure-less fallback
I20261002 19:58:37.852206 27396 incremental_pipeline.cc:631] => Image sees 76 / 1294 correspondences
I20261002 19:58:37.852260 27396 incremental_pipeline.cc:646] => Could not register, trying another image.
I20261002 19:58:37.852303 27396 incremental_pipeline.cc:620] Registering image #94 (num_reg_frames=7)
I20261002 19:58:37.852347 27396 incremental_pipeline.cc:623] => Image sees 40 / 135 points
I20261002 19:58:37.856151 27396 incremental_pipeline.cc:629] Registering image with structure-less fallback
I20261002 19:58:37.856223 27396 incremental_pipeline.cc:631] => Image sees 75 / 549 correspondences
I20261002 19:58:37.856281 27396 incremental_pipeline.cc:646] => Could not register, trying another image.
I20261002 19:58:37.856326 27396 incremental_pipeline.cc:620] Registering image #113 (num_reg_frames=7)
I20261002 19:58:37.856370 27396 incremental_pipeline.cc:623] => Image sees 34 / 242 points
I20261002 19:58:37.856414 27396 incremental_pipeline.cc:629] Registering image with structure-less fallback
I20261002 19:58:37.856457 27396 incremental_pipeline.cc:631] => Image sees 72 / 1202 correspondences
I20261002 19:58:37.856512 27396 incremental_pipeline.cc:646] => Could not register, trying another image.
I20261002 19:58:37.856556 27396 incremental_pipeline.cc:620] Registering image #88 (num_reg_frames=7)
I20261002 19:58:37.856599 27396 incremental_pipeline.cc:623] => Image sees 41 / 138 points
I20261002 19:58:37.856645 27396 incremental_pipeline.cc:629] Registering image with structure-less fallback
I20261002 19:58:37.856690 27396 incremental_pipeline.cc:631] => Image sees 71 / 589 correspondences
I20261002 19:58:37.856740 27396 incremental_pipeline.cc:646] => Could not register, trying another image.
I20261002 19:58:37.856783 27396 incremental_pipeline.cc:620] Registering image #91 (num_reg_frames=7)
I20261002 19:58:37.856826 27396 incremental_pipeline.cc:623] => Image sees 34 / 138 points
I20261002 19:58:37.856869 27396 incremental_pipeline.cc:629] Registering image with structure-less fallback
I20261002 19:58:37.856912 27396 incremental_pipeline.cc:631] => Image sees 70 / 622 correspondences
I20261002 19:58:37.856962 27396 incremental_pipeline.cc:646] => Could not register, trying another image.
I20261002 19:58:37.857004 27396 incremental_pipeline.cc:620] Registering image #110 (num_reg_frames=7)
I20261002 19:58:37.857048 27396 incremental_pipeline.cc:623] => Image sees 32 / 227 points
I20261002 19:58:37.857092 27396 incremental_pipeline.cc:629] Registering image with structure-less fallback
I20261002 19:58:37.857135 27396 incremental_pipeline.cc:631] => Image sees 52 / 1137 correspondences
I20261002 19:58:37.857178 27396 incremental_pipeline.cc:646] => Could not register, trying another image.
I20261002 19:58:37.857220 27396 incremental_pipeline.cc:620] Registering image #90 (num_reg_frames=7)
I20261002 19:58:37.857268 27396 incremental_pipeline.cc:623] => Image sees 35 / 133 points
I20261002 19:58:37.857312 27396 incremental_pipeline.cc:629] Registering image with structure-less fallback
I20261002 19:58:37.857354 27396 incremental_pipeline.cc:631] => Image sees 48 / 720 correspondences
I20261002 19:58:37.857409 27396 incremental_pipeline.cc:646] => Could not register, trying another image.
I20261002 19:58:37.857453 27396 incremental_pipeline.cc:620] Registering image #108 (num_reg_frames=7)
I20261002 19:58:37.857497 27396 incremental_pipeline.cc:623] => Image sees 38 / 201 points
I20261002 19:58:37.857540 27396 incremental_pipeline.cc:629] Registering image with structure-less fallback
I20261002 19:58:37.857583 27396 incremental_pipeline.cc:631] => Image sees 46 / 1040 correspondences
I20261002 19:58:37.857629 27396 incremental_pipeline.cc:646] => Could not register, trying another image.
I20261002 19:58:37.857673 27396 incremental_pipeline.cc:88] Retriangulation and Global bundle adjustment
I20261002 19:58:37.976673 27396 incremental_pipeline.cc:620] Registering image #104 (num_reg_frames=7)
I20261002 19:58:37.976934 27396 incremental_pipeline.cc:623] => Image sees 66 / 172 points
I20261002 19:58:37.977065 27396 incremental_pipeline.cc:646] => Could not register, trying another image.
I20261002 19:58:37.979601 27396 incremental_pipeline.cc:620] Registering image #103 (num_reg_frames=7)
I20261002 19:58:37.979656 27396 incremental_pipeline.cc:623] => Image sees 55 / 166 points
I20261002 19:58:37.979718 27396 incremental_pipeline.cc:646] => Could not register, trying another image.
I20261002 19:58:37.979766 27396 incremental_pipeline.cc:620] Registering image #93 (num_reg_frames=7)
I20261002 19:58:37.979813 27396 incremental_pipeline.cc:623] => Image sees 45 / 135 points
I20261002 19:58:37.979870 27396 incremental_pipeline.cc:646] => Could not register, trying another image.
I20261002 19:58:37.979915 27396 incremental_pipeline.cc:620] Registering image #105 (num_reg_frames=7)
I20261002 19:58:37.979961 27396 incremental_pipeline.cc:623] => Image sees 39 / 187 points
I20261002 19:58:37.980019 27396 incremental_pipeline.cc:646] => Could not register, trying another image.
I20261002 19:58:37.980074 27396 incremental_pipeline.cc:620] Registering image #109 (num_reg_frames=7)
I20261002 19:58:37.980151 27396 incremental_pipeline.cc:623] => Image sees 37 / 216 points
I20261002 19:58:37.980228 27396 incremental_pipeline.cc:646] => Could not register, trying another image.
I20261002 19:58:37.980276 27396 incremental_pipeline.cc:620] Registering image #89 (num_reg_frames=7)
I20261002 19:58:37.980324 27396 incremental_pipeline.cc:623] => Image sees 45 / 133 points
I20261002 19:58:37.980384 27396 incremental_pipeline.cc:646] => Could not register, trying another image.
I20261002 19:58:37.980430 27396 incremental_pipeline.cc:620] Registering image #96 (num_reg_frames=7)
I20261002 19:58:37.980476 27396 incremental_pipeline.cc:623] => Image sees 41 / 132 points
I20261002 19:58:37.980531 27396 incremental_pipeline.cc:646] => Could not register, trying another image.
I20261002 19:58:37.980577 27396 incremental_pipeline.cc:620] Registering image #108 (num_reg_frames=7)
I20261002 19:58:37.980623 27396 incremental_pipeline.cc:623] => Image sees 38 / 201 points
I20261002 19:58:37.980679 27396 incremental_pipeline.cc:646] => Could not register, trying another image.
I20261002 19:58:37.980766 27396 incremental_pipeline.cc:620] Registering image #111 (num_reg_frames=7)
I20261002 19:58:37.980814 27396 incremental_pipeline.cc:623] => Image sees 34 / 274 points
I20261002 19:58:37.980879 27396 incremental_pipeline.cc:646] => Could not register, trying another image.
I20261002 19:58:37.980962 27396 incremental_pipeline.cc:620] Registering image #92 (num_reg_frames=7)
I20261002 19:58:37.981094 27396 incremental_pipeline.cc:623] => Image sees 37 / 140 points
I20261002 19:58:37.981214 27396 incremental_pipeline.cc:646] => Could not register, trying another image.
I20261002 19:58:37.981276 27396 incremental_pipeline.cc:620] Registering image #88 (num_reg_frames=7)
I20261002 19:58:37.981330 27396 incremental_pipeline.cc:623] => Image sees 37 / 138 points
I20261002 19:58:37.981385 27396 incremental_pipeline.cc:646] => Could not register, trying another image.
I20261002 19:58:37.981432 27396 incremental_pipeline.cc:620] Registering image #94 (num_reg_frames=7)
I20261002 19:58:37.981495 27396 incremental_pipeline.cc:623] => Image sees 38 / 135 points
I20261002 19:58:37.981549 27396 incremental_pipeline.cc:646] => Could not register, trying another image.
I20261002 19:58:37.981594 27396 incremental_pipeline.cc:620] Registering image #113 (num_reg_frames=7)
I20261002 19:58:37.981640 27396 incremental_pipeline.cc:623] => Image sees 31 / 242 points
I20261002 19:58:37.981698 27396 incremental_pipeline.cc:646] => Could not register, trying another image.
I20261002 19:58:37.981744 27396 incremental_pipeline.cc:620] Registering image #106 (num_reg_frames=7)
I20261002 19:58:37.981790 27396 incremental_pipeline.cc:623] => Image sees 32 / 217 points
I20261002 19:58:37.985893 27396 incremental_pipeline.cc:646] => Could not register, trying another image.
I20261002 19:58:37.985952 27396 incremental_pipeline.cc:620] Registering image #91 (num_reg_frames=7)
I20261002 19:58:37.986001 27396 incremental_pipeline.cc:623] => Image sees 33 / 138 points
I20261002 19:58:37.986056 27396 incremental_pipeline.cc:646] => Could not register, trying another image.
I20261002 19:58:37.986103 27396 incremental_pipeline.cc:620] Registering image #90 (num_reg_frames=7)
I20261002 19:58:37.986150 27396 incremental_pipeline.cc:623] => Image sees 30 / 133 points
I20261002 19:58:37.986203 27396 incremental_pipeline.cc:646] => Could not register, trying another image.
I20261002 19:58:37.986255 27396 incremental_pipeline.cc:620] Registering image #89 (num_reg_frames=7)
I20261002 19:58:37.986302 27396 incremental_pipeline.cc:623] => Image sees 45 / 133 points
I20261002 19:58:37.986349 27396 incremental_pipeline.cc:629] Registering image with structure-less fallback
I20261002 19:58:37.986395 27396 incremental_pipeline.cc:631] => Image sees 253 / 1447 correspondences
I20261002 19:58:37.986453 27396 incremental_pipeline.cc:646] => Could not register, trying another image.
I20261002 19:58:37.986498 27396 incremental_pipeline.cc:620] Registering image #103 (num_reg_frames=7)
I20261002 19:58:37.986544 27396 incremental_pipeline.cc:623] => Image sees 55 / 166 points
I20261002 19:58:37.986591 27396 incremental_pipeline.cc:629] Registering image with structure-less fallback
I20261002 19:58:37.986638 27396 incremental_pipeline.cc:631] => Image sees 221 / 772 correspondences
I20261002 19:58:37.986695 27396 incremental_pipeline.cc:646] => Could not register, trying another image.
I20261002 19:58:37.986741 27396 incremental_pipeline.cc:620] Registering image #104 (num_reg_frames=7)
I20261002 19:58:37.986787 27396 incremental_pipeline.cc:623] => Image sees 66 / 172 points
I20261002 19:58:37.986832 27396 incremental_pipeline.cc:629] Registering image with structure-less fallback
I20261002 19:58:37.986877 27396 incremental_pipeline.cc:631] => Image sees 218 / 636 correspondences
I20261002 19:58:37.986986 27396 incremental_pipeline.cc:646] => Could not register, trying another image.
I20261002 19:58:37.987102 27396 incremental_pipeline.cc:620] Registering image #96 (num_reg_frames=7)
I20261002 19:58:37.987201 27396 incremental_pipeline.cc:623] => Image sees 41 / 132 points
I20261002 19:58:37.987285 27396 incremental_pipeline.cc:629] Registering image with structure-less fallback
I20261002 19:58:37.987357 27396 incremental_pipeline.cc:631] => Image sees 180 / 531 correspondences
I20261002 19:58:37.987419 27396 incremental_pipeline.cc:646] => Could not register, trying another image.
I20261002 19:58:37.987468 27396 incremental_pipeline.cc:620] Registering image #93 (num_reg_frames=7)
I20261002 19:58:37.987516 27396 incremental_pipeline.cc:623] => Image sees 45 / 135 points
I20261002 19:58:37.987562 27396 incremental_pipeline.cc:629] Registering image with structure-less fallback
I20261002 19:58:37.987649 27396 incremental_pipeline.cc:631] => Image sees 175 / 628 correspondences
I20261002 19:58:37.987737 27396 incremental_pipeline.cc:646] => Could not register, trying another image.
I20261002 19:58:37.987790 27396 incremental_pipeline.cc:620] Registering image #109 (num_reg_frames=7)
I20261002 19:58:37.987851 27396 incremental_pipeline.cc:623] => Image sees 37 / 216 points
I20261002 19:58:37.987899 27396 incremental_pipeline.cc:629] Registering image with structure-less fallback
I20261002 19:58:37.987947 27396 incremental_pipeline.cc:631] => Image sees 115 / 1103 correspondences
I20261002 19:58:37.988004 27396 incremental_pipeline.cc:646] => Could not register, trying another image.
I20261002 19:58:37.988052 27396 incremental_pipeline.cc:620] Registering image #111 (num_reg_frames=7)
I20261002 19:58:37.988100 27396 incremental_pipeline.cc:623] => Image sees 34 / 274 points
I20261002 19:58:37.991719 27396 incremental_pipeline.cc:629] Registering image with structure-less fallback
I20261002 19:58:37.991772 27396 incremental_pipeline.cc:631] => Image sees 85 / 2266 correspondences
I20261002 19:58:37.991836 27396 incremental_pipeline.cc:646] => Could not register, trying another image.
I20261002 19:58:37.991882 27396 incremental_pipeline.cc:620] Registering image #92 (num_reg_frames=7)
I20261002 19:58:37.991930 27396 incremental_pipeline.cc:623] => Image sees 37 / 140 points
I20261002 19:58:37.991978 27396 incremental_pipeline.cc:629] Registering image with structure-less fallback
I20261002 19:58:37.992023 27396 incremental_pipeline.cc:631] => Image sees 84 / 573 correspondences
I20261002 19:58:37.992077 27396 incremental_pipeline.cc:646] => Could not register, trying another image.
I20261002 19:58:37.992129 27396 incremental_pipeline.cc:620] Registering image #105 (num_reg_frames=7)
I20261002 19:58:37.992192 27396 incremental_pipeline.cc:623] => Image sees 39 / 187 points
I20261002 19:58:37.992248 27396 incremental_pipeline.cc:629] Registering image with structure-less fallback
I20261002 19:58:37.992296 27396 incremental_pipeline.cc:631] => Image sees 77 / 859 correspondences
I20261002 19:58:37.992354 27396 incremental_pipeline.cc:646] => Could not register, trying another image.
I20261002 19:58:37.992400 27396 incremental_pipeline.cc:620] Registering image #106 (num_reg_frames=7)
I20261002 19:58:37.992448 27396 incremental_pipeline.cc:623] => Image sees 32 / 217 points
I20261002 19:58:37.992494 27396 incremental_pipeline.cc:629] Registering image with structure-less fallback
I20261002 19:58:37.992540 27396 incremental_pipeline.cc:631] => Image sees 76 / 1294 correspondences
I20261002 19:58:37.992597 27396 incremental_pipeline.cc:646] => Could not register, trying another image.
I20261002 19:58:37.992643 27396 incremental_pipeline.cc:620] Registering image #94 (num_reg_frames=7)
I20261002 19:58:37.992689 27396 incremental_pipeline.cc:623] => Image sees 38 / 135 points
I20261002 19:58:37.992736 27396 incremental_pipeline.cc:629] Registering image with structure-less fallback
I20261002 19:58:37.992781 27396 incremental_pipeline.cc:631] => Image sees 75 / 549 correspondences
I20261002 19:58:37.992832 27396 incremental_pipeline.cc:646] => Could not register, trying another image.
I20261002 19:58:37.992877 27396 incremental_pipeline.cc:620] Registering image #113 (num_reg_frames=7)
I20261002 19:58:37.992923 27396 incremental_pipeline.cc:623] => Image sees 31 / 242 points
I20261002 19:58:37.992987 27396 incremental_pipeline.cc:629] Registering image with structure-less fallback
I20261002 19:58:37.993037 27396 incremental_pipeline.cc:631] => Image sees 72 / 1202 correspondences
I20261002 19:58:37.993095 27396 incremental_pipeline.cc:646] => Could not register, trying another image.
I20261002 19:58:37.993140 27396 incremental_pipeline.cc:620] Registering image #88 (num_reg_frames=7)
I20261002 19:58:37.993185 27396 incremental_pipeline.cc:623] => Image sees 37 / 138 points
I20261002 19:58:37.993230 27396 incremental_pipeline.cc:629] Registering image with structure-less fallback
I20261002 19:58:37.993279 27396 incremental_pipeline.cc:631] => Image sees 71 / 589 correspondences
I20261002 19:58:37.993331 27396 incremental_pipeline.cc:646] => Could not register, trying another image.
I20261002 19:58:37.993376 27396 incremental_pipeline.cc:620] Registering image #91 (num_reg_frames=7)
I20261002 19:58:37.993424 27396 incremental_pipeline.cc:623] => Image sees 33 / 138 points
I20261002 19:58:37.993480 27396 incremental_pipeline.cc:629] Registering image with structure-less fallback
I20261002 19:58:37.993526 27396 incremental_pipeline.cc:631] => Image sees 70 / 622 correspondences
I20261002 19:58:37.993578 27396 incremental_pipeline.cc:646] => Could not register, trying another image.
I20261002 19:58:37.993623 27396 incremental_pipeline.cc:620] Registering image #90 (num_reg_frames=7)
I20261002 19:58:37.993669 27396 incremental_pipeline.cc:623] => Image sees 30 / 133 points
I20261002 19:58:37.999609 27396 incremental_pipeline.cc:629] Registering image with structure-less fallback
I20261002 19:58:37.999682 27396 incremental_pipeline.cc:631] => Image sees 48 / 720 correspondences
I20261002 19:58:37.999736 27396 incremental_pipeline.cc:646] => Could not register, trying another image.
I20261002 19:58:37.999782 27396 incremental_pipeline.cc:620] Registering image #108 (num_reg_frames=7)
I20261002 19:58:37.999828 27396 incremental_pipeline.cc:623] => Image sees 38 / 201 points
I20261002 19:58:37.999874 27396 incremental_pipeline.cc:629] Registering image with structure-less fallback
I20261002 19:58:37.999919 27396 incremental_pipeline.cc:631] => Image sees 46 / 1040 correspondences
I20261002 19:58:37.999965 27396 incremental_pipeline.cc:646] => Could not register, trying another image.
W20261002 19:58:38.000013 27396 incremental_pipeline.cc:821] Discarding reconstruction due to insufficient size
I20261002 19:58:38.001113 27396 incremental_pipeline.cc:465] Finding good initial image pair
I20261002 19:58:38.003786 27396 incremental_pipeline.cc:472] => No good initial image pair found.
I20261002 19:58:38.003957 27396 incremental_pipeline.cc:800] Discarding reconstruction due to no initial pair
I20261002 19:58:38.004218 27396 incremental_pipeline.cc:442] => Relaxing the initialization constraints.
I20261002 19:58:38.004903 27396 incremental_pipeline.cc:465] Finding good initial image pair
I20261002 19:58:38.016405 27396 incremental_pipeline.cc:492] Registering initial image pair #117 and #127
I20261002 19:58:38.016961 27396 incremental_pipeline.cc:510] Global bundle adjustment
I20261002 19:58:38.026167 27396 incremental_pipeline.cc:620] Registering image #126 (num_reg_frames=2)
I20261002 19:58:38.026291 27396 incremental_pipeline.cc:623] => Image sees 90 / 159 points
I20261002 19:58:38.029259 27396 incremental_pipeline.cc:88] Retriangulation and Global bundle adjustment
I20261002 19:58:38.037063 27396 incremental_pipeline.cc:620] Registering image #125 (num_reg_frames=3)
I20261002 19:58:38.037201 27396 incremental_pipeline.cc:623] => Image sees 101 / 158 points
I20261002 19:58:38.061404 27396 incremental_pipeline.cc:620] Registering image #116 (num_reg_frames=4)
I20261002 19:58:38.061524 27396 incremental_pipeline.cc:623] => Image sees 69 / 192 points
I20261002 19:58:38.081018 27396 incremental_pipeline.cc:88] Retriangulation and Global bundle adjustment
I20261002 19:58:38.096852 27396 incremental_pipeline.cc:620] Registering image #123 (num_reg_frames=5)
I20261002 19:58:38.097051 27396 incremental_pipeline.cc:623] => Image sees 61 / 161 points
I20261002 19:58:38.114473 27396 incremental_pipeline.cc:620] Registering image #124 (num_reg_frames=6)
I20261002 19:58:38.114622 27396 incremental_pipeline.cc:623] => Image sees 74 / 199 points
I20261002 19:58:38.120813 27396 incremental_pipeline.cc:88] Retriangulation and Global bundle adjustment
I20261002 19:58:38.170236 27396 incremental_pipeline.cc:620] Registering image #122 (num_reg_frames=7)
I20261002 19:58:38.170453 27396 incremental_pipeline.cc:623] => Image sees 54 / 133 points
I20261002 19:58:38.176616 27396 incremental_pipeline.cc:620] Registering image #121 (num_reg_frames=8)
I20261002 19:58:38.176736 27396 incremental_pipeline.cc:623] => Image sees 48 / 209 points
I20261002 19:58:38.182117 27396 incremental_pipeline.cc:88] Retriangulation and Global bundle adjustment
I20261002 19:58:38.192357 27396 incremental_pipeline.cc:620] Registering image #118 (num_reg_frames=9)
I20261002 19:58:38.192468 27396 incremental_pipeline.cc:623] => Image sees 72 / 217 points
I20261002 19:58:38.201377 27396 incremental_pipeline.cc:620] Registering image #119 (num_reg_frames=10)
I20261002 19:58:38.201521 27396 incremental_pipeline.cc:623] => Image sees 70 / 223 points
I20261002 19:58:38.209117 27396 incremental_pipeline.cc:620] Registering image #115 (num_reg_frames=11)
I20261002 19:58:38.209249 27396 incremental_pipeline.cc:623] => Image sees 82 / 252 points
I20261002 19:58:38.217719 27396 incremental_pipeline.cc:88] Retriangulation and Global bundle adjustment
I20261002 19:58:38.228410 27396 incremental_pipeline.cc:620] Registering image #114 (num_reg_frames=12)
I20261002 19:58:38.228510 27396 incremental_pipeline.cc:623] => Image sees 90 / 237 points
I20261002 19:58:38.238396 27396 incremental_pipeline.cc:620] Registering image #120 (num_reg_frames=13)
I20261002 19:58:38.238518 27396 incremental_pipeline.cc:623] => Image sees 89 / 243 points
I20261002 19:58:38.248583 27396 incremental_pipeline.cc:620] Registering image #111 (num_reg_frames=14)
I20261002 19:58:38.248753 27396 incremental_pipeline.cc:623] => Image sees 94 / 274 points
I20261002 19:58:38.264049 27396 incremental_pipeline.cc:620] Registering image #112 (num_reg_frames=15)
I20261002 19:58:38.264181 27396 incremental_pipeline.cc:623] => Image sees 111 / 241 points
I20261002 19:58:38.275924 27396 incremental_pipeline.cc:620] Registering image #113 (num_reg_frames=16)
I20261002 19:58:38.276066 27396 incremental_pipeline.cc:623] => Image sees 115 / 242 points
I20261002 19:58:38.287619 27396 incremental_pipeline.cc:88] Retriangulation and Global bundle adjustment
I20261002 19:58:38.343000 27396 incremental_pipeline.cc:620] Registering image #108 (num_reg_frames=17)
I20261002 19:58:38.343230 27396 incremental_pipeline.cc:623] => Image sees 84 / 201 points
I20261002 19:58:38.350923 27396 incremental_pipeline.cc:620] Registering image #110 (num_reg_frames=18)
I20261002 19:58:38.351145 27396 incremental_pipeline.cc:623] => Image sees 88 / 227 points
I20261002 19:58:38.361022 27396 incremental_pipeline.cc:620] Registering image #107 (num_reg_frames=19)
I20261002 19:58:38.361207 27396 incremental_pipeline.cc:623] => Image sees 88 / 223 points
I20261002 19:58:38.375460 27396 incremental_pipeline.cc:620] Registering image #109 (num_reg_frames=20)
I20261002 19:58:38.375668 27396 incremental_pipeline.cc:623] => Image sees 103 / 216 points
I20261002 19:58:38.387962 27396 incremental_pipeline.cc:620] Registering image #106 (num_reg_frames=21)
I20261002 19:58:38.388142 27396 incremental_pipeline.cc:623] => Image sees 157 / 217 points
I20261002 19:58:38.402535 27396 incremental_pipeline.cc:620] Registering image #105 (num_reg_frames=22)
I20261002 19:58:38.402718 27396 incremental_pipeline.cc:623] => Image sees 120 / 187 points
I20261002 19:58:38.414089 27396 incremental_pipeline.cc:88] Retriangulation and Global bundle adjustment
I20261002 19:58:38.522887 27396 incremental_pipeline.cc:620] Registering image #103 (num_reg_frames=23)
I20261002 19:58:38.523065 27396 incremental_pipeline.cc:623] => Image sees 97 / 166 points
I20261002 19:58:38.531391 27396 incremental_pipeline.cc:620] Registering image #104 (num_reg_frames=24)
I20261002 19:58:38.531516 27396 incremental_pipeline.cc:623] => Image sees 109 / 172 points
I20261002 19:58:38.542067 27396 incremental_pipeline.cc:620] Registering image #102 (num_reg_frames=25)
I20261002 19:58:38.542253 27396 incremental_pipeline.cc:623] => Image sees 95 / 181 points
I20261002 19:58:38.552015 27396 incremental_pipeline.cc:620] Registering image #100 (num_reg_frames=26)
I20261002 19:58:38.552131 27396 incremental_pipeline.cc:623] => Image sees 104 / 172 points
I20261002 19:58:38.562303 27396 incremental_pipeline.cc:620] Registering image #101 (num_reg_frames=27)
I20261002 19:58:38.562398 27396 incremental_pipeline.cc:623] => Image sees 88 / 144 points
I20261002 19:58:38.572065 27396 incremental_pipeline.cc:620] Registering image #99 (num_reg_frames=28)
I20261002 19:58:38.572181 27396 incremental_pipeline.cc:623] => Image sees 99 / 149 points
I20261002 19:58:38.580905 27396 incremental_pipeline.cc:620] Registering image #97 (num_reg_frames=29)
I20261002 19:58:38.581042 27396 incremental_pipeline.cc:623] => Image sees 77 / 128 points
I20261002 19:58:38.587201 27396 incremental_pipeline.cc:620] Registering image #98 (num_reg_frames=30)
I20261002 19:58:38.587325 27396 incremental_pipeline.cc:623] => Image sees 88 / 125 points
I20261002 19:58:38.594741 27396 incremental_pipeline.cc:88] Retriangulation and Global bundle adjustment
I20261002 19:58:38.823884 27396 incremental_pipeline.cc:620] Registering image #95 (num_reg_frames=31)
I20261002 19:58:38.824052 27396 incremental_pipeline.cc:623] => Image sees 78 / 118 points
I20261002 19:58:38.832614 27396 incremental_pipeline.cc:620] Registering image #89 (num_reg_frames=32)
I20261002 19:58:38.832725 27396 incremental_pipeline.cc:623] => Image sees 79 / 133 points
I20261002 19:58:38.841734 27396 incremental_pipeline.cc:88] Retriangulation and Global bundle adjustment
I20261002 19:58:39.302134 27396 incremental_pipeline.cc:826] Keeping successful reconstruction
I20261002 19:58:39.303066 27396 timer.cc:90] Elapsed time: 0.289 [minutes]
