I20261002 19:59:24.793651 24480 automatic_reconstruction.cc:271] === Feature extraction ===
I20261002 19:59:24.795272 22896 feature_extraction.cc:498] === Feature extraction ===
I20261002 19:59:24.798554 27092 sift.cc:754] Creating Covariant SIFT CPU feature extractor
I20261002 19:59:24.798758 22464 sift.cc:754] Creating Covariant SIFT CPU feature extractor
I20261002 19:59:24.798978  6096 sift.cc:754] Creating Covariant SIFT CPU feature extractor
I20261002 19:59:24.799077 20524 sift.cc:754] Creating Covariant SIFT CPU feature extractor
I20261002 19:59:24.799145 26652 sift.cc:754] Creating Covariant SIFT CPU feature extractor
I20261002 19:59:24.799246 10564 sift.cc:754] Creating Covariant SIFT CPU feature extractor
I20261002 19:59:24.799423 19812 sift.cc:754] Creating Covariant SIFT CPU feature extractor
I20261002 19:59:24.799525 17112 sift.cc:754] Creating Covariant SIFT CPU feature extractor
I20261002 19:59:24.799615  4524 sift.cc:754] Creating Covariant SIFT CPU feature extractor
I20261002 19:59:24.799660 18060 sift.cc:754] Creating Covariant SIFT CPU feature extractor
I20261002 19:59:24.799809  5612 sift.cc:754] Creating Covariant SIFT CPU feature extractor
I20261002 19:59:24.799852 26332 sift.cc:754] Creating Covariant SIFT CPU feature extractor
I20261002 19:59:24.799966  6948 sift.cc:754] Creating Covariant SIFT CPU feature extractor
I20261002 19:59:24.800057 25104 sift.cc:754] Creating Covariant SIFT CPU feature extractor
I20261002 19:59:24.800131 25960 sift.cc:754] Creating Covariant SIFT CPU feature extractor
I20261002 19:59:24.800186 23840 sift.cc:754] Creating Covariant SIFT CPU feature extractor
I20261002 19:59:24.800236 26752 sift.cc:754] Creating Covariant SIFT CPU feature extractor
I20261002 19:59:24.800274 15200 sift.cc:754] Creating Covariant SIFT CPU feature extractor
I20261002 19:59:24.800351 18764 sift.cc:754] Creating Covariant SIFT CPU feature extractor
I20261002 19:59:24.800409 17556 sift.cc:754] Creating Covariant SIFT CPU feature extractor
I20261002 19:59:24.862547  9676 feature_extraction.cc:270] Processed file [1/131]
I20261002 19:59:24.862978  9676 feature_extraction.cc:273]   Name:            000002.png
I20261002 19:59:24.863229  9676 feature_extraction.cc:282]   Dimensions:      256 x 256
I20261002 19:59:24.863496  9676 feature_extraction.cc:285]   Camera:          #1 - SIMPLE_RADIAL
I20261002 19:59:24.864196  9676 feature_extraction.cc:289]   Focal Length:    307.20px
I20261002 19:59:24.864499  9676 feature_extraction.cc:294]   Features:        111 (SIFT)
I20261002 19:59:24.868406  9676 feature_extraction.cc:270] Processed file [2/131]
I20261002 19:59:24.868798  9676 feature_extraction.cc:273]   Name:            000000.png
I20261002 19:59:24.869077  9676 feature_extraction.cc:282]   Dimensions:      256 x 256
I20261002 19:59:24.869286  9676 feature_extraction.cc:285]   Camera:          #1 - SIMPLE_RADIAL
I20261002 19:59:24.869497  9676 feature_extraction.cc:289]   Focal Length:    307.20px
I20261002 19:59:24.869649  9676 feature_extraction.cc:294]   Features:        124 (SIFT)
I20261002 19:59:24.871787  9676 feature_extraction.cc:270] Processed file [3/131]
I20261002 19:59:24.872080  9676 feature_extraction.cc:273]   Name:            000001.png
I20261002 19:59:24.872249  9676 feature_extraction.cc:282]   Dimensions:      256 x 256
I20261002 19:59:24.872395  9676 feature_extraction.cc:285]   Camera:          #1 - SIMPLE_RADIAL
I20261002 19:59:24.872549  9676 feature_extraction.cc:289]   Focal Length:    307.20px
I20261002 19:59:24.872721  9676 feature_extraction.cc:294]   Features:        119 (SIFT)
I20261002 19:59:24.876929  9676 feature_extraction.cc:270] Processed file [4/131]
I20261002 19:59:24.877199  9676 feature_extraction.cc:273]   Name:            000003.png
I20261002 19:59:24.877383  9676 feature_extraction.cc:282]   Dimensions:      256 x 256
I20261002 19:59:24.877561  9676 feature_extraction.cc:285]   Camera:          #1 - SIMPLE_RADIAL
I20261002 19:59:24.877716  9676 feature_extraction.cc:289]   Focal Length:    307.20px
I20261002 19:59:24.877868  9676 feature_extraction.cc:294]   Features:        119 (SIFT)
I20261002 19:59:24.879978  9676 feature_extraction.cc:270] Processed file [5/131]
I20261002 19:59:24.880432  9676 feature_extraction.cc:273]   Name:            000004.png
I20261002 19:59:24.880562  9676 feature_extraction.cc:282]   Dimensions:      256 x 256
I20261002 19:59:24.880686  9676 feature_extraction.cc:285]   Camera:          #1 - SIMPLE_RADIAL
I20261002 19:59:24.880821  9676 feature_extraction.cc:289]   Focal Length:    307.20px
I20261002 19:59:24.880950  9676 feature_extraction.cc:294]   Features:        125 (SIFT)
I20261002 19:59:24.883240  9676 feature_extraction.cc:270] Processed file [6/131]
I20261002 19:59:24.883484  9676 feature_extraction.cc:273]   Name:            000007.png
I20261002 19:59:24.883659  9676 feature_extraction.cc:282]   Dimensions:      256 x 256
I20261002 19:59:24.883811  9676 feature_extraction.cc:285]   Camera:          #1 - SIMPLE_RADIAL
I20261002 19:59:24.883952  9676 feature_extraction.cc:289]   Focal Length:    307.20px
I20261002 19:59:24.884101  9676 feature_extraction.cc:294]   Features:        147 (SIFT)
I20261002 19:59:24.886499  9676 feature_extraction.cc:270] Processed file [7/131]
I20261002 19:59:24.886774  9676 feature_extraction.cc:273]   Name:            000012.png
I20261002 19:59:24.886938  9676 feature_extraction.cc:282]   Dimensions:      256 x 256
I20261002 19:59:24.887078  9676 feature_extraction.cc:285]   Camera:          #1 - SIMPLE_RADIAL
I20261002 19:59:24.887239  9676 feature_extraction.cc:289]   Focal Length:    307.20px
I20261002 19:59:24.887438  9676 feature_extraction.cc:294]   Features:        112 (SIFT)
I20261002 19:59:24.889821  9676 feature_extraction.cc:270] Processed file [8/131]
I20261002 19:59:24.890115  9676 feature_extraction.cc:273]   Name:            000008.png
I20261002 19:59:24.890347  9676 feature_extraction.cc:282]   Dimensions:      256 x 256
I20261002 19:59:24.890578  9676 feature_extraction.cc:285]   Camera:          #1 - SIMPLE_RADIAL
I20261002 19:59:24.890746  9676 feature_extraction.cc:289]   Focal Length:    307.20px
I20261002 19:59:24.890929  9676 feature_extraction.cc:294]   Features:        127 (SIFT)
I20261002 19:59:24.893712  9676 feature_extraction.cc:270] Processed file [9/131]
I20261002 19:59:24.893931  9676 feature_extraction.cc:273]   Name:            000005.png
I20261002 19:59:24.894131  9676 feature_extraction.cc:282]   Dimensions:      256 x 256
I20261002 19:59:24.894354  9676 feature_extraction.cc:285]   Camera:          #1 - SIMPLE_RADIAL
I20261002 19:59:24.894550  9676 feature_extraction.cc:289]   Focal Length:    307.20px
I20261002 19:59:24.894749  9676 feature_extraction.cc:294]   Features:        134 (SIFT)
I20261002 19:59:24.899737  9676 feature_extraction.cc:270] Processed file [10/131]
I20261002 19:59:24.900044  9676 feature_extraction.cc:273]   Name:            000009.png
I20261002 19:59:24.900229  9676 feature_extraction.cc:282]   Dimensions:      256 x 256
I20261002 19:59:24.900399  9676 feature_extraction.cc:285]   Camera:          #1 - SIMPLE_RADIAL
I20261002 19:59:24.900605  9676 feature_extraction.cc:289]   Focal Length:    307.20px
I20261002 19:59:24.900811  9676 feature_extraction.cc:294]   Features:        107 (SIFT)
I20261002 19:59:24.926222  9676 feature_extraction.cc:270] Processed file [11/131]
I20261002 19:59:24.926448  9676 feature_extraction.cc:273]   Name:            000013.png
I20261002 19:59:24.926557  9676 feature_extraction.cc:282]   Dimensions:      256 x 256
I20261002 19:59:24.926635  9676 feature_extraction.cc:285]   Camera:          #1 - SIMPLE_RADIAL
I20261002 19:59:24.926708  9676 feature_extraction.cc:289]   Focal Length:    307.20px
I20261002 19:59:24.926779  9676 feature_extraction.cc:294]   Features:        128 (SIFT)
I20261002 19:59:24.932415  9676 feature_extraction.cc:270] Processed file [12/131]
I20261002 19:59:24.932587  9676 feature_extraction.cc:273]   Name:            000011.png
I20261002 19:59:24.932677  9676 feature_extraction.cc:282]   Dimensions:      256 x 256
I20261002 19:59:24.932782  9676 feature_extraction.cc:285]   Camera:          #1 - SIMPLE_RADIAL
I20261002 19:59:24.932844  9676 feature_extraction.cc:289]   Focal Length:    307.20px
I20261002 19:59:24.932956  9676 feature_extraction.cc:294]   Features:        116 (SIFT)
I20261002 19:59:24.933927  9676 feature_extraction.cc:270] Processed file [13/131]
I20261002 19:59:24.934042  9676 feature_extraction.cc:273]   Name:            000010.png
I20261002 19:59:24.934115  9676 feature_extraction.cc:282]   Dimensions:      256 x 256
I20261002 19:59:24.934170  9676 feature_extraction.cc:285]   Camera:          #1 - SIMPLE_RADIAL
I20261002 19:59:24.934220  9676 feature_extraction.cc:289]   Focal Length:    307.20px
I20261002 19:59:24.934415  9676 feature_extraction.cc:294]   Features:        114 (SIFT)
I20261002 19:59:24.935443  9676 feature_extraction.cc:270] Processed file [14/131]
I20261002 19:59:24.935643  9676 feature_extraction.cc:273]   Name:            000006.png
I20261002 19:59:24.935797  9676 feature_extraction.cc:282]   Dimensions:      256 x 256
I20261002 19:59:24.935935  9676 feature_extraction.cc:285]   Camera:          #1 - SIMPLE_RADIAL
I20261002 19:59:24.936278  9676 feature_extraction.cc:289]   Focal Length:    307.20px
I20261002 19:59:24.936363  9676 feature_extraction.cc:294]   Features:        144 (SIFT)
I20261002 19:59:24.937340  9676 feature_extraction.cc:270] Processed file [15/131]
I20261002 19:59:24.937547  9676 feature_extraction.cc:273]   Name:            000015.png
I20261002 19:59:24.937792  9676 feature_extraction.cc:282]   Dimensions:      256 x 256
I20261002 19:59:24.938017  9676 feature_extraction.cc:285]   Camera:          #1 - SIMPLE_RADIAL
I20261002 19:59:24.938246  9676 feature_extraction.cc:289]   Focal Length:    307.20px
I20261002 19:59:24.938441  9676 feature_extraction.cc:294]   Features:        124 (SIFT)
I20261002 19:59:24.938995  9676 feature_extraction.cc:270] Processed file [16/131]
I20261002 19:59:24.939187  9676 feature_extraction.cc:273]   Name:            000016.png
I20261002 19:59:24.939342  9676 feature_extraction.cc:282]   Dimensions:      256 x 256
I20261002 19:59:24.939487  9676 feature_extraction.cc:285]   Camera:          #1 - SIMPLE_RADIAL
I20261002 19:59:24.939632  9676 feature_extraction.cc:289]   Focal Length:    307.20px
I20261002 19:59:24.939781  9676 feature_extraction.cc:294]   Features:        133 (SIFT)
I20261002 19:59:24.942025  9676 feature_extraction.cc:270] Processed file [17/131]
I20261002 19:59:24.942647  9676 feature_extraction.cc:273]   Name:            000018.png
I20261002 19:59:24.942862  9676 feature_extraction.cc:282]   Dimensions:      256 x 256
I20261002 19:59:24.943027  9676 feature_extraction.cc:285]   Camera:          #1 - SIMPLE_RADIAL
I20261002 19:59:24.943178  9676 feature_extraction.cc:289]   Focal Length:    307.20px
I20261002 19:59:24.943323  9676 feature_extraction.cc:294]   Features:        131 (SIFT)
I20261002 19:59:24.943993  9676 feature_extraction.cc:270] Processed file [18/131]
I20261002 19:59:24.944197  9676 feature_extraction.cc:273]   Name:            000017.png
I20261002 19:59:24.944359  9676 feature_extraction.cc:282]   Dimensions:      256 x 256
I20261002 19:59:24.944505  9676 feature_extraction.cc:285]   Camera:          #1 - SIMPLE_RADIAL
I20261002 19:59:24.944651  9676 feature_extraction.cc:289]   Focal Length:    307.20px
I20261002 19:59:24.944803  9676 feature_extraction.cc:294]   Features:        132 (SIFT)
I20261002 19:59:24.946998  9676 feature_extraction.cc:270] Processed file [19/131]
I20261002 19:59:24.947246  9676 feature_extraction.cc:273]   Name:            000014.png
I20261002 19:59:24.947426  9676 feature_extraction.cc:282]   Dimensions:      256 x 256
I20261002 19:59:24.947585  9676 feature_extraction.cc:285]   Camera:          #1 - SIMPLE_RADIAL
I20261002 19:59:24.947738  9676 feature_extraction.cc:289]   Focal Length:    307.20px
I20261002 19:59:24.947906  9676 feature_extraction.cc:294]   Features:        146 (SIFT)
I20261002 19:59:24.950236  9676 feature_extraction.cc:270] Processed file [20/131]
I20261002 19:59:24.950705  9676 feature_extraction.cc:273]   Name:            000019.png
I20261002 19:59:24.950898  9676 feature_extraction.cc:282]   Dimensions:      256 x 256
I20261002 19:59:24.951063  9676 feature_extraction.cc:285]   Camera:          #1 - SIMPLE_RADIAL
I20261002 19:59:24.951249  9676 feature_extraction.cc:289]   Focal Length:    307.20px
I20261002 19:59:24.951400  9676 feature_extraction.cc:294]   Features:        144 (SIFT)
I20261002 19:59:24.953650  9676 feature_extraction.cc:270] Processed file [21/131]
I20261002 19:59:24.953919  9676 feature_extraction.cc:273]   Name:            000020.png
I20261002 19:59:24.954097  9676 feature_extraction.cc:282]   Dimensions:      256 x 256
I20261002 19:59:24.954263  9676 feature_extraction.cc:285]   Camera:          #1 - SIMPLE_RADIAL
I20261002 19:59:24.954426  9676 feature_extraction.cc:289]   Focal Length:    307.20px
I20261002 19:59:24.954589  9676 feature_extraction.cc:294]   Features:        128 (SIFT)
I20261002 19:59:24.956755  9676 feature_extraction.cc:270] Processed file [22/131]
I20261002 19:59:24.956971  9676 feature_extraction.cc:273]   Name:            000021.png
I20261002 19:59:24.957155  9676 feature_extraction.cc:282]   Dimensions:      256 x 256
I20261002 19:59:24.957316  9676 feature_extraction.cc:285]   Camera:          #1 - SIMPLE_RADIAL
I20261002 19:59:24.957467  9676 feature_extraction.cc:289]   Focal Length:    307.20px
I20261002 19:59:24.957611  9676 feature_extraction.cc:294]   Features:        133 (SIFT)
I20261002 19:59:24.959717  9676 feature_extraction.cc:270] Processed file [23/131]
I20261002 19:59:24.959989  9676 feature_extraction.cc:273]   Name:            000023.png
I20261002 19:59:24.960209  9676 feature_extraction.cc:282]   Dimensions:      256 x 256
I20261002 19:59:24.960384  9676 feature_extraction.cc:285]   Camera:          #1 - SIMPLE_RADIAL
I20261002 19:59:24.960566  9676 feature_extraction.cc:289]   Focal Length:    307.20px
I20261002 19:59:24.960757  9676 feature_extraction.cc:294]   Features:        123 (SIFT)
I20261002 19:59:24.962977  9676 feature_extraction.cc:270] Processed file [24/131]
I20261002 19:59:24.963274  9676 feature_extraction.cc:273]   Name:            000024.png
I20261002 19:59:24.963490  9676 feature_extraction.cc:282]   Dimensions:      256 x 256
I20261002 19:59:24.963668  9676 feature_extraction.cc:285]   Camera:          #1 - SIMPLE_RADIAL
I20261002 19:59:24.963836  9676 feature_extraction.cc:289]   Focal Length:    307.20px
I20261002 19:59:24.964014  9676 feature_extraction.cc:294]   Features:        127 (SIFT)
I20261002 19:59:24.964707  9676 feature_extraction.cc:270] Processed file [25/131]
I20261002 19:59:24.964974  9676 feature_extraction.cc:273]   Name:            000022.png
I20261002 19:59:24.965157  9676 feature_extraction.cc:282]   Dimensions:      256 x 256
I20261002 19:59:24.965657  9676 feature_extraction.cc:285]   Camera:          #1 - SIMPLE_RADIAL
I20261002 19:59:24.965864  9676 feature_extraction.cc:289]   Focal Length:    307.20px
I20261002 19:59:24.966055  9676 feature_extraction.cc:294]   Features:        154 (SIFT)
I20261002 19:59:24.966572  9676 feature_extraction.cc:270] Processed file [26/131]
I20261002 19:59:24.966780  9676 feature_extraction.cc:273]   Name:            000029.png
I20261002 19:59:24.967012  9676 feature_extraction.cc:282]   Dimensions:      256 x 256
I20261002 19:59:24.967238  9676 feature_extraction.cc:285]   Camera:          #1 - SIMPLE_RADIAL
I20261002 19:59:24.967478  9676 feature_extraction.cc:289]   Focal Length:    307.20px
I20261002 19:59:24.967688  9676 feature_extraction.cc:294]   Features:        88 (SIFT)
I20261002 19:59:24.969890  9676 feature_extraction.cc:270] Processed file [27/131]
I20261002 19:59:24.970150  9676 feature_extraction.cc:273]   Name:            000025.png
I20261002 19:59:24.970320  9676 feature_extraction.cc:282]   Dimensions:      256 x 256
I20261002 19:59:24.970471  9676 feature_extraction.cc:285]   Camera:          #1 - SIMPLE_RADIAL
I20261002 19:59:24.970634  9676 feature_extraction.cc:289]   Focal Length:    307.20px
I20261002 19:59:24.970849  9676 feature_extraction.cc:294]   Features:        148 (SIFT)
I20261002 19:59:24.973123  9676 feature_extraction.cc:270] Processed file [28/131]
I20261002 19:59:24.973392  9676 feature_extraction.cc:273]   Name:            000028.png
I20261002 19:59:24.973634  9676 feature_extraction.cc:282]   Dimensions:      256 x 256
I20261002 19:59:24.973785  9676 feature_extraction.cc:285]   Camera:          #1 - SIMPLE_RADIAL
I20261002 19:59:24.973920  9676 feature_extraction.cc:289]   Focal Length:    307.20px
I20261002 19:59:24.974056  9676 feature_extraction.cc:294]   Features:        102 (SIFT)
I20261002 19:59:24.975522  9676 feature_extraction.cc:270] Processed file [29/131]
I20261002 19:59:24.975726  9676 feature_extraction.cc:273]   Name:            000027.png
I20261002 19:59:24.975882  9676 feature_extraction.cc:282]   Dimensions:      256 x 256
I20261002 19:59:24.976037  9676 feature_extraction.cc:285]   Camera:          #1 - SIMPLE_RADIAL
I20261002 19:59:24.976192  9676 feature_extraction.cc:289]   Focal Length:    307.20px
I20261002 19:59:24.976354  9676 feature_extraction.cc:294]   Features:        137 (SIFT)
I20261002 19:59:24.977783  9676 feature_extraction.cc:270] Processed file [30/131]
I20261002 19:59:24.978041  9676 feature_extraction.cc:273]   Name:            000030.png
I20261002 19:59:24.978176  9676 feature_extraction.cc:282]   Dimensions:      256 x 256
I20261002 19:59:24.978354  9676 feature_extraction.cc:285]   Camera:          #1 - SIMPLE_RADIAL
I20261002 19:59:24.978499  9676 feature_extraction.cc:289]   Focal Length:    307.20px
I20261002 19:59:24.978654  9676 feature_extraction.cc:294]   Features:        96 (SIFT)
I20261002 19:59:24.980056  9676 feature_extraction.cc:270] Processed file [31/131]
I20261002 19:59:24.980337  9676 feature_extraction.cc:273]   Name:            000026.png
I20261002 19:59:24.980455  9676 feature_extraction.cc:282]   Dimensions:      256 x 256
I20261002 19:59:24.980551  9676 feature_extraction.cc:285]   Camera:          #1 - SIMPLE_RADIAL
I20261002 19:59:24.980742  9676 feature_extraction.cc:289]   Focal Length:    307.20px
I20261002 19:59:24.980903  9676 feature_extraction.cc:294]   Features:        153 (SIFT)
I20261002 19:59:24.983420  9676 feature_extraction.cc:270] Processed file [32/131]
I20261002 19:59:24.983749  9676 feature_extraction.cc:273]   Name:            000031.png
I20261002 19:59:24.983948  9676 feature_extraction.cc:282]   Dimensions:      256 x 256
I20261002 19:59:24.984107  9676 feature_extraction.cc:285]   Camera:          #1 - SIMPLE_RADIAL
I20261002 19:59:24.984256  9676 feature_extraction.cc:289]   Focal Length:    307.20px
I20261002 19:59:24.984406  9676 feature_extraction.cc:294]   Features:        103 (SIFT)
I20261002 19:59:24.985307  9676 feature_extraction.cc:270] Processed file [33/131]
I20261002 19:59:24.985532  9676 feature_extraction.cc:273]   Name:            000032.png
I20261002 19:59:24.985714  9676 feature_extraction.cc:282]   Dimensions:      256 x 256
I20261002 19:59:24.985888  9676 feature_extraction.cc:285]   Camera:          #1 - SIMPLE_RADIAL
I20261002 19:59:24.986030  9676 feature_extraction.cc:289]   Focal Length:    307.20px
I20261002 19:59:24.986203  9676 feature_extraction.cc:294]   Features:        112 (SIFT)
I20261002 19:59:24.988372  9676 feature_extraction.cc:270] Processed file [34/131]
I20261002 19:59:24.988630  9676 feature_extraction.cc:273]   Name:            000034.png
I20261002 19:59:24.988812  9676 feature_extraction.cc:282]   Dimensions:      256 x 256
I20261002 19:59:24.989024  9676 feature_extraction.cc:285]   Camera:          #1 - SIMPLE_RADIAL
I20261002 19:59:24.989225  9676 feature_extraction.cc:289]   Focal Length:    307.20px
I20261002 19:59:24.989416  9676 feature_extraction.cc:294]   Features:        93 (SIFT)
I20261002 19:59:24.991264  9676 feature_extraction.cc:270] Processed file [35/131]
I20261002 19:59:24.991488  9676 feature_extraction.cc:273]   Name:            000035.png
I20261002 19:59:24.991763  9676 feature_extraction.cc:282]   Dimensions:      256 x 256
I20261002 19:59:24.991985  9676 feature_extraction.cc:285]   Camera:          #1 - SIMPLE_RADIAL
I20261002 19:59:24.992165  9676 feature_extraction.cc:289]   Focal Length:    307.20px
I20261002 19:59:24.992368  9676 feature_extraction.cc:294]   Features:        99 (SIFT)
I20261002 19:59:24.994523  9676 feature_extraction.cc:270] Processed file [36/131]
I20261002 19:59:24.994788  9676 feature_extraction.cc:273]   Name:            000036.png
I20261002 19:59:24.994989  9676 feature_extraction.cc:282]   Dimensions:      256 x 256
I20261002 19:59:24.995213  9676 feature_extraction.cc:285]   Camera:          #1 - SIMPLE_RADIAL
I20261002 19:59:24.995450  9676 feature_extraction.cc:289]   Focal Length:    307.20px
I20261002 19:59:24.995670  9676 feature_extraction.cc:294]   Features:        97 (SIFT)
I20261002 19:59:24.998236  9676 feature_extraction.cc:270] Processed file [37/131]
I20261002 19:59:24.998517  9676 feature_extraction.cc:273]   Name:            000033.png
I20261002 19:59:24.998714  9676 feature_extraction.cc:282]   Dimensions:      256 x 256
I20261002 19:59:24.998862  9676 feature_extraction.cc:285]   Camera:          #1 - SIMPLE_RADIAL
I20261002 19:59:24.999000  9676 feature_extraction.cc:289]   Focal Length:    307.20px
I20261002 19:59:24.999137  9676 feature_extraction.cc:294]   Features:        97 (SIFT)
I20261002 19:59:25.001297  9676 feature_extraction.cc:270] Processed file [38/131]
I20261002 19:59:25.001581  9676 feature_extraction.cc:273]   Name:            000037.png
I20261002 19:59:25.001800  9676 feature_extraction.cc:282]   Dimensions:      256 x 256
I20261002 19:59:25.001987  9676 feature_extraction.cc:285]   Camera:          #1 - SIMPLE_RADIAL
I20261002 19:59:25.002175  9676 feature_extraction.cc:289]   Focal Length:    307.20px
I20261002 19:59:25.002338  9676 feature_extraction.cc:294]   Features:        113 (SIFT)
I20261002 19:59:25.003864  9676 feature_extraction.cc:270] Processed file [39/131]
I20261002 19:59:25.004162  9676 feature_extraction.cc:273]   Name:            000038.png
I20261002 19:59:25.004404  9676 feature_extraction.cc:282]   Dimensions:      256 x 256
I20261002 19:59:25.004603  9676 feature_extraction.cc:285]   Camera:          #1 - SIMPLE_RADIAL
I20261002 19:59:25.004799  9676 feature_extraction.cc:289]   Focal Length:    307.20px
I20261002 19:59:25.004957  9676 feature_extraction.cc:294]   Features:        105 (SIFT)
I20261002 19:59:25.005998  9676 feature_extraction.cc:270] Processed file [40/131]
I20261002 19:59:25.006208  9676 feature_extraction.cc:273]   Name:            000042.png
I20261002 19:59:25.006369  9676 feature_extraction.cc:282]   Dimensions:      256 x 256
I20261002 19:59:25.006535  9676 feature_extraction.cc:285]   Camera:          #1 - SIMPLE_RADIAL
I20261002 19:59:25.006692  9676 feature_extraction.cc:289]   Focal Length:    307.20px
I20261002 19:59:25.006853  9676 feature_extraction.cc:294]   Features:        96 (SIFT)
I20261002 19:59:25.009155  9676 feature_extraction.cc:270] Processed file [41/131]
I20261002 19:59:25.009460  9676 feature_extraction.cc:273]   Name:            000039.png
I20261002 19:59:25.009648  9676 feature_extraction.cc:282]   Dimensions:      256 x 256
I20261002 19:59:25.009826  9676 feature_extraction.cc:285]   Camera:          #1 - SIMPLE_RADIAL
I20261002 19:59:25.009993  9676 feature_extraction.cc:289]   Focal Length:    307.20px
I20261002 19:59:25.010158  9676 feature_extraction.cc:294]   Features:        124 (SIFT)
I20261002 19:59:25.010848  9676 feature_extraction.cc:270] Processed file [42/131]
I20261002 19:59:25.011066  9676 feature_extraction.cc:273]   Name:            000040.png
I20261002 19:59:25.011264  9676 feature_extraction.cc:282]   Dimensions:      256 x 256
I20261002 19:59:25.011443  9676 feature_extraction.cc:285]   Camera:          #1 - SIMPLE_RADIAL
I20261002 19:59:25.011627  9676 feature_extraction.cc:289]   Focal Length:    307.20px
I20261002 19:59:25.011807  9676 feature_extraction.cc:294]   Features:        101 (SIFT)
I20261002 19:59:25.013119  9676 feature_extraction.cc:270] Processed file [43/131]
I20261002 19:59:25.013376  9676 feature_extraction.cc:273]   Name:            000041.png
I20261002 19:59:25.013606  9676 feature_extraction.cc:282]   Dimensions:      256 x 256
I20261002 19:59:25.013805  9676 feature_extraction.cc:285]   Camera:          #1 - SIMPLE_RADIAL
I20261002 19:59:25.014017  9676 feature_extraction.cc:289]   Focal Length:    307.20px
I20261002 19:59:25.014187  9676 feature_extraction.cc:294]   Features:        109 (SIFT)
I20261002 19:59:25.016986  9676 feature_extraction.cc:270] Processed file [44/131]
I20261002 19:59:25.017280  9676 feature_extraction.cc:273]   Name:            000047.png
I20261002 19:59:25.017482  9676 feature_extraction.cc:282]   Dimensions:      256 x 256
I20261002 19:59:25.017695  9676 feature_extraction.cc:285]   Camera:          #1 - SIMPLE_RADIAL
I20261002 19:59:25.017865  9676 feature_extraction.cc:289]   Focal Length:    307.20px
I20261002 19:59:25.018022  9676 feature_extraction.cc:294]   Features:        96 (SIFT)
I20261002 19:59:25.020395  9676 feature_extraction.cc:270] Processed file [45/131]
I20261002 19:59:25.020675  9676 feature_extraction.cc:273]   Name:            000043.png
I20261002 19:59:25.020886  9676 feature_extraction.cc:282]   Dimensions:      256 x 256
I20261002 19:59:25.021114  9676 feature_extraction.cc:285]   Camera:          #1 - SIMPLE_RADIAL
I20261002 19:59:25.021311  9676 feature_extraction.cc:289]   Focal Length:    307.20px
I20261002 19:59:25.021527  9676 feature_extraction.cc:294]   Features:        102 (SIFT)
I20261002 19:59:25.023817  9676 feature_extraction.cc:270] Processed file [46/131]
I20261002 19:59:25.024123  9676 feature_extraction.cc:273]   Name:            000044.png
I20261002 19:59:25.024304  9676 feature_extraction.cc:282]   Dimensions:      256 x 256
I20261002 19:59:25.024501  9676 feature_extraction.cc:285]   Camera:          #1 - SIMPLE_RADIAL
I20261002 19:59:25.024692  9676 feature_extraction.cc:289]   Focal Length:    307.20px
I20261002 19:59:25.024853  9676 feature_extraction.cc:294]   Features:        116 (SIFT)
I20261002 19:59:25.026294  9676 feature_extraction.cc:270] Processed file [47/131]
I20261002 19:59:25.026562  9676 feature_extraction.cc:273]   Name:            000045.png
I20261002 19:59:25.026750  9676 feature_extraction.cc:282]   Dimensions:      256 x 256
I20261002 19:59:25.026909  9676 feature_extraction.cc:285]   Camera:          #1 - SIMPLE_RADIAL
I20261002 19:59:25.027054  9676 feature_extraction.cc:289]   Focal Length:    307.20px
I20261002 19:59:25.027196  9676 feature_extraction.cc:294]   Features:        112 (SIFT)
I20261002 19:59:25.028519  9676 feature_extraction.cc:270] Processed file [48/131]
I20261002 19:59:25.028761  9676 feature_extraction.cc:273]   Name:            000048.png
I20261002 19:59:25.028944  9676 feature_extraction.cc:282]   Dimensions:      256 x 256
I20261002 19:59:25.029140  9676 feature_extraction.cc:285]   Camera:          #1 - SIMPLE_RADIAL
I20261002 19:59:25.029316  9676 feature_extraction.cc:289]   Focal Length:    307.20px
I20261002 19:59:25.029472  9676 feature_extraction.cc:294]   Features:        107 (SIFT)
I20261002 19:59:25.031953  9676 feature_extraction.cc:270] Processed file [49/131]
I20261002 19:59:25.032450  9676 feature_extraction.cc:273]   Name:            000046.png
I20261002 19:59:25.032704  9676 feature_extraction.cc:282]   Dimensions:      256 x 256
I20261002 19:59:25.032918  9676 feature_extraction.cc:285]   Camera:          #1 - SIMPLE_RADIAL
I20261002 19:59:25.033104  9676 feature_extraction.cc:289]   Focal Length:    307.20px
I20261002 19:59:25.033285  9676 feature_extraction.cc:294]   Features:        100 (SIFT)
I20261002 19:59:25.035845  9676 feature_extraction.cc:270] Processed file [50/131]
I20261002 19:59:25.036234  9676 feature_extraction.cc:273]   Name:            000051.png
I20261002 19:59:25.036395  9676 feature_extraction.cc:282]   Dimensions:      256 x 256
I20261002 19:59:25.036606  9676 feature_extraction.cc:285]   Camera:          #1 - SIMPLE_RADIAL
I20261002 19:59:25.036775  9676 feature_extraction.cc:289]   Focal Length:    307.20px
I20261002 19:59:25.036945  9676 feature_extraction.cc:294]   Features:        115 (SIFT)
I20261002 19:59:25.038117  9676 feature_extraction.cc:270] Processed file [51/131]
I20261002 19:59:25.038442  9676 feature_extraction.cc:273]   Name:            000052.png
I20261002 19:59:25.038661  9676 feature_extraction.cc:282]   Dimensions:      256 x 256
I20261002 19:59:25.038821  9676 feature_extraction.cc:285]   Camera:          #1 - SIMPLE_RADIAL
I20261002 19:59:25.039081  9676 feature_extraction.cc:289]   Focal Length:    307.20px
I20261002 19:59:25.039301  9676 feature_extraction.cc:294]   Features:        107 (SIFT)
I20261002 19:59:25.040051  9676 feature_extraction.cc:270] Processed file [52/131]
I20261002 19:59:25.040349  9676 feature_extraction.cc:273]   Name:            000053.png
I20261002 19:59:25.040546  9676 feature_extraction.cc:282]   Dimensions:      256 x 256
I20261002 19:59:25.040707  9676 feature_extraction.cc:285]   Camera:          #1 - SIMPLE_RADIAL
I20261002 19:59:25.040854  9676 feature_extraction.cc:289]   Focal Length:    307.20px
I20261002 19:59:25.041003  9676 feature_extraction.cc:294]   Features:        103 (SIFT)
I20261002 19:59:25.043187  9676 feature_extraction.cc:270] Processed file [53/131]
I20261002 19:59:25.043402  9676 feature_extraction.cc:273]   Name:            000050.png
I20261002 19:59:25.043612  9676 feature_extraction.cc:282]   Dimensions:      256 x 256
I20261002 19:59:25.043834  9676 feature_extraction.cc:285]   Camera:          #1 - SIMPLE_RADIAL
I20261002 19:59:25.044024  9676 feature_extraction.cc:289]   Focal Length:    307.20px
I20261002 19:59:25.044346  9676 feature_extraction.cc:294]   Features:        112 (SIFT)
I20261002 19:59:25.045687  9676 feature_extraction.cc:270] Processed file [54/131]
I20261002 19:59:25.045995  9676 feature_extraction.cc:273]   Name:            000049.png
I20261002 19:59:25.046207  9676 feature_extraction.cc:282]   Dimensions:      256 x 256
I20261002 19:59:25.046406  9676 feature_extraction.cc:285]   Camera:          #1 - SIMPLE_RADIAL
I20261002 19:59:25.046568  9676 feature_extraction.cc:289]   Focal Length:    307.20px
I20261002 19:59:25.046733  9676 feature_extraction.cc:294]   Features:        106 (SIFT)
I20261002 19:59:25.049235  9676 feature_extraction.cc:270] Processed file [55/131]
I20261002 19:59:25.049577  9676 feature_extraction.cc:273]   Name:            000055.png
I20261002 19:59:25.049843  9676 feature_extraction.cc:282]   Dimensions:      256 x 256
I20261002 19:59:25.050035  9676 feature_extraction.cc:285]   Camera:          #1 - SIMPLE_RADIAL
I20261002 19:59:25.050192  9676 feature_extraction.cc:289]   Focal Length:    307.20px
I20261002 19:59:25.050427  9676 feature_extraction.cc:294]   Features:        100 (SIFT)
I20261002 19:59:25.051946  9676 feature_extraction.cc:270] Processed file [56/131]
I20261002 19:59:25.052364  9676 feature_extraction.cc:273]   Name:            000056.png
I20261002 19:59:25.052600  9676 feature_extraction.cc:282]   Dimensions:      256 x 256
I20261002 19:59:25.052806  9676 feature_extraction.cc:285]   Camera:          #1 - SIMPLE_RADIAL
I20261002 19:59:25.052980  9676 feature_extraction.cc:289]   Focal Length:    307.20px
I20261002 19:59:25.053159  9676 feature_extraction.cc:294]   Features:        118 (SIFT)
I20261002 19:59:25.055944  9676 feature_extraction.cc:270] Processed file [57/131]
I20261002 19:59:25.056287  9676 feature_extraction.cc:273]   Name:            000054.png
I20261002 19:59:25.056508  9676 feature_extraction.cc:282]   Dimensions:      256 x 256
I20261002 19:59:25.056693  9676 feature_extraction.cc:285]   Camera:          #1 - SIMPLE_RADIAL
I20261002 19:59:25.056867  9676 feature_extraction.cc:289]   Focal Length:    307.20px
I20261002 19:59:25.057042  9676 feature_extraction.cc:294]   Features:        110 (SIFT)
I20261002 19:59:25.059081  9676 feature_extraction.cc:270] Processed file [58/131]
I20261002 19:59:25.059418  9676 feature_extraction.cc:273]   Name:            000058.png
I20261002 19:59:25.059589  9676 feature_extraction.cc:282]   Dimensions:      256 x 256
I20261002 19:59:25.059775  9676 feature_extraction.cc:285]   Camera:          #1 - SIMPLE_RADIAL
I20261002 19:59:25.059958  9676 feature_extraction.cc:289]   Focal Length:    307.20px
I20261002 19:59:25.060178  9676 feature_extraction.cc:294]   Features:        103 (SIFT)
I20261002 19:59:25.061295  9676 feature_extraction.cc:270] Processed file [59/131]
I20261002 19:59:25.061468  9676 feature_extraction.cc:273]   Name:            000060.png
I20261002 19:59:25.061662  9676 feature_extraction.cc:282]   Dimensions:      256 x 256
I20261002 19:59:25.061966  9676 feature_extraction.cc:285]   Camera:          #1 - SIMPLE_RADIAL
I20261002 19:59:25.062189  9676 feature_extraction.cc:289]   Focal Length:    307.20px
I20261002 19:59:25.062432  9676 feature_extraction.cc:294]   Features:        115 (SIFT)
I20261002 19:59:25.063888  9676 feature_extraction.cc:270] Processed file [60/131]
I20261002 19:59:25.064131  9676 feature_extraction.cc:273]   Name:            000059.png
I20261002 19:59:25.064377  9676 feature_extraction.cc:282]   Dimensions:      256 x 256
I20261002 19:59:25.064579  9676 feature_extraction.cc:285]   Camera:          #1 - SIMPLE_RADIAL
I20261002 19:59:25.064768  9676 feature_extraction.cc:289]   Focal Length:    307.20px
I20261002 19:59:25.064956  9676 feature_extraction.cc:294]   Features:        101 (SIFT)
I20261002 19:59:25.067197  9676 feature_extraction.cc:270] Processed file [61/131]
I20261002 19:59:25.067512  9676 feature_extraction.cc:273]   Name:            000057.png
I20261002 19:59:25.067797  9676 feature_extraction.cc:282]   Dimensions:      256 x 256
I20261002 19:59:25.068037  9676 feature_extraction.cc:285]   Camera:          #1 - SIMPLE_RADIAL
I20261002 19:59:25.068281  9676 feature_extraction.cc:289]   Focal Length:    307.20px
I20261002 19:59:25.068401  9676 feature_extraction.cc:294]   Features:        110 (SIFT)
I20261002 19:59:25.070424  9676 feature_extraction.cc:270] Processed file [62/131]
I20261002 19:59:25.070729  9676 feature_extraction.cc:273]   Name:            000061.png
I20261002 19:59:25.070932  9676 feature_extraction.cc:282]   Dimensions:      256 x 256
I20261002 19:59:25.071130  9676 feature_extraction.cc:285]   Camera:          #1 - SIMPLE_RADIAL
I20261002 19:59:25.071346  9676 feature_extraction.cc:289]   Focal Length:    307.20px
I20261002 19:59:25.071573  9676 feature_extraction.cc:294]   Features:        100 (SIFT)
I20261002 19:59:25.072907  9676 feature_extraction.cc:270] Processed file [63/131]
I20261002 19:59:25.073194  9676 feature_extraction.cc:273]   Name:            000062.png
I20261002 19:59:25.073390  9676 feature_extraction.cc:282]   Dimensions:      256 x 256
I20261002 19:59:25.073582  9676 feature_extraction.cc:285]   Camera:          #1 - SIMPLE_RADIAL
I20261002 19:59:25.073764  9676 feature_extraction.cc:289]   Focal Length:    307.20px
I20261002 19:59:25.074030  9676 feature_extraction.cc:294]   Features:        107 (SIFT)
I20261002 19:59:25.076501  9676 feature_extraction.cc:270] Processed file [64/131]
I20261002 19:59:25.076891  9676 feature_extraction.cc:273]   Name:            000063.png
I20261002 19:59:25.077106  9676 feature_extraction.cc:282]   Dimensions:      256 x 256
I20261002 19:59:25.077291  9676 feature_extraction.cc:285]   Camera:          #1 - SIMPLE_RADIAL
I20261002 19:59:25.077471  9676 feature_extraction.cc:289]   Focal Length:    307.20px
I20261002 19:59:25.077649  9676 feature_extraction.cc:294]   Features:        97 (SIFT)
I20261002 19:59:25.079547  9676 feature_extraction.cc:270] Processed file [65/131]
I20261002 19:59:25.079769  9676 feature_extraction.cc:273]   Name:            000064.png
I20261002 19:59:25.079993  9676 feature_extraction.cc:282]   Dimensions:      256 x 256
I20261002 19:59:25.080252  9676 feature_extraction.cc:285]   Camera:          #1 - SIMPLE_RADIAL
I20261002 19:59:25.080483  9676 feature_extraction.cc:289]   Focal Length:    307.20px
I20261002 19:59:25.080921  9676 feature_extraction.cc:294]   Features:        104 (SIFT)
I20261002 19:59:25.087009  9676 feature_extraction.cc:270] Processed file [66/131]
I20261002 19:59:25.087390  9676 feature_extraction.cc:273]   Name:            000065.png
I20261002 19:59:25.087542  9676 feature_extraction.cc:282]   Dimensions:      256 x 256
I20261002 19:59:25.087658  9676 feature_extraction.cc:285]   Camera:          #1 - SIMPLE_RADIAL
I20261002 19:59:25.087942  9676 feature_extraction.cc:289]   Focal Length:    307.20px
I20261002 19:59:25.088160  9676 feature_extraction.cc:294]   Features:        110 (SIFT)
I20261002 19:59:25.090378  9676 feature_extraction.cc:270] Processed file [67/131]
I20261002 19:59:25.090673  9676 feature_extraction.cc:273]   Name:            000067.png
I20261002 19:59:25.090893  9676 feature_extraction.cc:282]   Dimensions:      256 x 256
I20261002 19:59:25.091098  9676 feature_extraction.cc:285]   Camera:          #1 - SIMPLE_RADIAL
I20261002 19:59:25.091266  9676 feature_extraction.cc:289]   Focal Length:    307.20px
I20261002 19:59:25.091445  9676 feature_extraction.cc:294]   Features:        109 (SIFT)
I20261002 19:59:25.093092  9676 feature_extraction.cc:270] Processed file [68/131]
I20261002 19:59:25.093412  9676 feature_extraction.cc:273]   Name:            000068.png
I20261002 19:59:25.093605  9676 feature_extraction.cc:282]   Dimensions:      256 x 256
I20261002 19:59:25.093795  9676 feature_extraction.cc:285]   Camera:          #1 - SIMPLE_RADIAL
I20261002 19:59:25.093973  9676 feature_extraction.cc:289]   Focal Length:    307.20px
I20261002 19:59:25.094157  9676 feature_extraction.cc:294]   Features:        109 (SIFT)
I20261002 19:59:25.095252  9676 feature_extraction.cc:270] Processed file [69/131]
I20261002 19:59:25.095573  9676 feature_extraction.cc:273]   Name:            000066.png
I20261002 19:59:25.095779  9676 feature_extraction.cc:282]   Dimensions:      256 x 256
I20261002 19:59:25.095944  9676 feature_extraction.cc:285]   Camera:          #1 - SIMPLE_RADIAL
I20261002 19:59:25.096095  9676 feature_extraction.cc:289]   Focal Length:    307.20px
I20261002 19:59:25.096250  9676 feature_extraction.cc:294]   Features:        103 (SIFT)
I20261002 19:59:25.098801  9676 feature_extraction.cc:270] Processed file [70/131]
I20261002 19:59:25.099273  9676 feature_extraction.cc:273]   Name:            000072.png
I20261002 19:59:25.099582  9676 feature_extraction.cc:282]   Dimensions:      256 x 256
I20261002 19:59:25.099872  9676 feature_extraction.cc:285]   Camera:          #1 - SIMPLE_RADIAL
I20261002 19:59:25.100139  9676 feature_extraction.cc:289]   Focal Length:    307.20px
I20261002 19:59:25.100398  9676 feature_extraction.cc:294]   Features:        120 (SIFT)
I20261002 19:59:25.102273  9676 feature_extraction.cc:270] Processed file [71/131]
I20261002 19:59:25.102792  9676 feature_extraction.cc:273]   Name:            000070.png
I20261002 19:59:25.103034  9676 feature_extraction.cc:282]   Dimensions:      256 x 256
I20261002 19:59:25.103233  9676 feature_extraction.cc:285]   Camera:          #1 - SIMPLE_RADIAL
I20261002 19:59:25.103431  9676 feature_extraction.cc:289]   Focal Length:    307.20px
I20261002 19:59:25.103672  9676 feature_extraction.cc:294]   Features:        109 (SIFT)
I20261002 19:59:25.104920  9676 feature_extraction.cc:270] Processed file [72/131]
I20261002 19:59:25.105242  9676 feature_extraction.cc:273]   Name:            000069.png
I20261002 19:59:25.105448  9676 feature_extraction.cc:282]   Dimensions:      256 x 256
I20261002 19:59:25.105644  9676 feature_extraction.cc:285]   Camera:          #1 - SIMPLE_RADIAL
I20261002 19:59:25.105839  9676 feature_extraction.cc:289]   Focal Length:    307.20px
I20261002 19:59:25.106047  9676 feature_extraction.cc:294]   Features:        106 (SIFT)
I20261002 19:59:25.108515  9676 feature_extraction.cc:270] Processed file [73/131]
I20261002 19:59:25.108851  9676 feature_extraction.cc:273]   Name:            000071.png
I20261002 19:59:25.109097  9676 feature_extraction.cc:282]   Dimensions:      256 x 256
I20261002 19:59:25.109326  9676 feature_extraction.cc:285]   Camera:          #1 - SIMPLE_RADIAL
I20261002 19:59:25.109524  9676 feature_extraction.cc:289]   Focal Length:    307.20px
I20261002 19:59:25.109747  9676 feature_extraction.cc:294]   Features:        118 (SIFT)
I20261002 19:59:25.110741  9676 feature_extraction.cc:270] Processed file [74/131]
I20261002 19:59:25.111044  9676 feature_extraction.cc:273]   Name:            000073.png
I20261002 19:59:25.111341  9676 feature_extraction.cc:282]   Dimensions:      256 x 256
I20261002 19:59:25.111529  9676 feature_extraction.cc:285]   Camera:          #1 - SIMPLE_RADIAL
I20261002 19:59:25.111719  9676 feature_extraction.cc:289]   Focal Length:    307.20px
I20261002 19:59:25.111907  9676 feature_extraction.cc:294]   Features:        134 (SIFT)
I20261002 19:59:25.113448  9676 feature_extraction.cc:270] Processed file [75/131]
I20261002 19:59:25.113886  9676 feature_extraction.cc:273]   Name:            000074.png
I20261002 19:59:25.114137  9676 feature_extraction.cc:282]   Dimensions:      256 x 256
I20261002 19:59:25.114351  9676 feature_extraction.cc:285]   Camera:          #1 - SIMPLE_RADIAL
I20261002 19:59:25.114530  9676 feature_extraction.cc:289]   Focal Length:    307.20px
I20261002 19:59:25.114724  9676 feature_extraction.cc:294]   Features:        115 (SIFT)
I20261002 19:59:25.115900  9676 feature_extraction.cc:270] Processed file [76/131]
I20261002 19:59:25.116156  9676 feature_extraction.cc:273]   Name:            000076.png
I20261002 19:59:25.116329  9676 feature_extraction.cc:282]   Dimensions:      256 x 256
I20261002 19:59:25.116580  9676 feature_extraction.cc:285]   Camera:          #1 - SIMPLE_RADIAL
I20261002 19:59:25.116780  9676 feature_extraction.cc:289]   Focal Length:    307.20px
I20261002 19:59:25.116955  9676 feature_extraction.cc:294]   Features:        123 (SIFT)
I20261002 19:59:25.118171  9676 feature_extraction.cc:270] Processed file [77/131]
I20261002 19:59:25.118402  9676 feature_extraction.cc:273]   Name:            000075.png
I20261002 19:59:25.118580  9676 feature_extraction.cc:282]   Dimensions:      256 x 256
I20261002 19:59:25.118739  9676 feature_extraction.cc:285]   Camera:          #1 - SIMPLE_RADIAL
I20261002 19:59:25.118903  9676 feature_extraction.cc:289]   Focal Length:    307.20px
I20261002 19:59:25.119068  9676 feature_extraction.cc:294]   Features:        150 (SIFT)
I20261002 19:59:25.120298  9676 feature_extraction.cc:270] Processed file [78/131]
I20261002 19:59:25.120550  9676 feature_extraction.cc:273]   Name:            000077.png
I20261002 19:59:25.120738  9676 feature_extraction.cc:282]   Dimensions:      256 x 256
I20261002 19:59:25.120965  9676 feature_extraction.cc:285]   Camera:          #1 - SIMPLE_RADIAL
I20261002 19:59:25.121185  9676 feature_extraction.cc:289]   Focal Length:    307.20px
I20261002 19:59:25.121393  9676 feature_extraction.cc:294]   Features:        149 (SIFT)
I20261002 19:59:25.122604  9676 feature_extraction.cc:270] Processed file [79/131]
I20261002 19:59:25.122936  9676 feature_extraction.cc:273]   Name:            000080.png
I20261002 19:59:25.123133  9676 feature_extraction.cc:282]   Dimensions:      256 x 256
I20261002 19:59:25.123291  9676 feature_extraction.cc:285]   Camera:          #1 - SIMPLE_RADIAL
I20261002 19:59:25.123446  9676 feature_extraction.cc:289]   Focal Length:    307.20px
I20261002 19:59:25.123608  9676 feature_extraction.cc:294]   Features:        135 (SIFT)
I20261002 19:59:25.124870  9676 feature_extraction.cc:270] Processed file [80/131]
I20261002 19:59:25.125106  9676 feature_extraction.cc:273]   Name:            000083.png
I20261002 19:59:25.125232  9676 feature_extraction.cc:282]   Dimensions:      256 x 256
I20261002 19:59:25.125406  9676 feature_extraction.cc:285]   Camera:          #1 - SIMPLE_RADIAL
I20261002 19:59:25.125564  9676 feature_extraction.cc:289]   Focal Length:    307.20px
I20261002 19:59:25.125731  9676 feature_extraction.cc:294]   Features:        119 (SIFT)
I20261002 19:59:25.126999  9676 feature_extraction.cc:270] Processed file [81/131]
I20261002 19:59:25.127191  9676 feature_extraction.cc:273]   Name:            000079.png
I20261002 19:59:25.127283  9676 feature_extraction.cc:282]   Dimensions:      256 x 256
I20261002 19:59:25.127359  9676 feature_extraction.cc:285]   Camera:          #1 - SIMPLE_RADIAL
I20261002 19:59:25.127432  9676 feature_extraction.cc:289]   Focal Length:    307.20px
I20261002 19:59:25.127508  9676 feature_extraction.cc:294]   Features:        131 (SIFT)
I20261002 19:59:25.129340  9676 feature_extraction.cc:270] Processed file [82/131]
I20261002 19:59:25.129656  9676 feature_extraction.cc:273]   Name:            000078.png
I20261002 19:59:25.129869  9676 feature_extraction.cc:282]   Dimensions:      256 x 256
I20261002 19:59:25.130416  9676 feature_extraction.cc:285]   Camera:          #1 - SIMPLE_RADIAL
I20261002 19:59:25.130621  9676 feature_extraction.cc:289]   Focal Length:    307.20px
I20261002 19:59:25.130790  9676 feature_extraction.cc:294]   Features:        150 (SIFT)
I20261002 19:59:25.132581  9676 feature_extraction.cc:270] Processed file [83/131]
I20261002 19:59:25.132808  9676 feature_extraction.cc:273]   Name:            000081.png
I20261002 19:59:25.132909  9676 feature_extraction.cc:282]   Dimensions:      256 x 256
I20261002 19:59:25.132983  9676 feature_extraction.cc:285]   Camera:          #1 - SIMPLE_RADIAL
I20261002 19:59:25.133053  9676 feature_extraction.cc:289]   Focal Length:    307.20px
I20261002 19:59:25.133128  9676 feature_extraction.cc:294]   Features:        134 (SIFT)
I20261002 19:59:25.135182  9676 feature_extraction.cc:270] Processed file [84/131]
I20261002 19:59:25.135763  9676 feature_extraction.cc:273]   Name:            000082.png
I20261002 19:59:25.136065  9676 feature_extraction.cc:282]   Dimensions:      256 x 256
I20261002 19:59:25.136282  9676 feature_extraction.cc:285]   Camera:          #1 - SIMPLE_RADIAL
I20261002 19:59:25.136558  9676 feature_extraction.cc:289]   Focal Length:    307.20px
I20261002 19:59:25.136783  9676 feature_extraction.cc:294]   Features:        132 (SIFT)
I20261002 19:59:25.138790  9676 feature_extraction.cc:270] Processed file [85/131]
I20261002 19:59:25.139116  9676 feature_extraction.cc:273]   Name:            000084.png
I20261002 19:59:25.139225  9676 feature_extraction.cc:282]   Dimensions:      256 x 256
I20261002 19:59:25.139433  9676 feature_extraction.cc:285]   Camera:          #1 - SIMPLE_RADIAL
I20261002 19:59:25.139626  9676 feature_extraction.cc:289]   Focal Length:    307.20px
I20261002 19:59:25.139811  9676 feature_extraction.cc:294]   Features:        133 (SIFT)
I20261002 19:59:25.142615  9676 feature_extraction.cc:270] Processed file [86/131]
I20261002 19:59:25.142998  9676 feature_extraction.cc:273]   Name:            000085.png
I20261002 19:59:25.143257  9676 feature_extraction.cc:282]   Dimensions:      256 x 256
I20261002 19:59:25.143473  9676 feature_extraction.cc:285]   Camera:          #1 - SIMPLE_RADIAL
I20261002 19:59:25.143684  9676 feature_extraction.cc:289]   Focal Length:    307.20px
I20261002 19:59:25.143891  9676 feature_extraction.cc:294]   Features:        136 (SIFT)
I20261002 19:59:25.146273  9676 feature_extraction.cc:270] Processed file [87/131]
I20261002 19:59:25.146732  9676 feature_extraction.cc:273]   Name:            000089.png
I20261002 19:59:25.147029  9676 feature_extraction.cc:282]   Dimensions:      256 x 256
I20261002 19:59:25.147279  9676 feature_extraction.cc:285]   Camera:          #1 - SIMPLE_RADIAL
I20261002 19:59:25.147528  9676 feature_extraction.cc:289]   Focal Length:    307.20px
I20261002 19:59:25.147701  9676 feature_extraction.cc:294]   Features:        126 (SIFT)
I20261002 19:59:25.149794  9676 feature_extraction.cc:270] Processed file [88/131]
I20261002 19:59:25.150115  9676 feature_extraction.cc:273]   Name:            000086.png
I20261002 19:59:25.150298  9676 feature_extraction.cc:282]   Dimensions:      256 x 256
I20261002 19:59:25.150492  9676 feature_extraction.cc:285]   Camera:          #1 - SIMPLE_RADIAL
I20261002 19:59:25.150715  9676 feature_extraction.cc:289]   Focal Length:    307.20px
I20261002 19:59:25.150899  9676 feature_extraction.cc:294]   Features:        143 (SIFT)
I20261002 19:59:25.151353  9676 feature_extraction.cc:270] Processed file [89/131]
I20261002 19:59:25.151531  9676 feature_extraction.cc:273]   Name:            000087.png
I20261002 19:59:25.151697  9676 feature_extraction.cc:282]   Dimensions:      256 x 256
I20261002 19:59:25.151877  9676 feature_extraction.cc:285]   Camera:          #1 - SIMPLE_RADIAL
I20261002 19:59:25.152065  9676 feature_extraction.cc:289]   Focal Length:    307.20px
I20261002 19:59:25.152304  9676 feature_extraction.cc:294]   Features:        142 (SIFT)
I20261002 19:59:25.152883  9676 feature_extraction.cc:270] Processed file [90/131]
I20261002 19:59:25.153060  9676 feature_extraction.cc:273]   Name:            000090.png
I20261002 19:59:25.153237  9676 feature_extraction.cc:282]   Dimensions:      256 x 256
I20261002 19:59:25.153446  9676 feature_extraction.cc:285]   Camera:          #1 - SIMPLE_RADIAL
I20261002 19:59:25.153625  9676 feature_extraction.cc:289]   Focal Length:    307.20px
I20261002 19:59:25.153915  9676 feature_extraction.cc:294]   Features:        139 (SIFT)
I20261002 19:59:25.154416  9676 feature_extraction.cc:270] Processed file [91/131]
I20261002 19:59:25.154613  9676 feature_extraction.cc:273]   Name:            000088.png
I20261002 19:59:25.154805  9676 feature_extraction.cc:282]   Dimensions:      256 x 256
I20261002 19:59:25.154958  9676 feature_extraction.cc:285]   Camera:          #1 - SIMPLE_RADIAL
I20261002 19:59:25.155118  9676 feature_extraction.cc:289]   Focal Length:    307.20px
I20261002 19:59:25.155258  9676 feature_extraction.cc:294]   Features:        129 (SIFT)
I20261002 19:59:25.155668  9676 feature_extraction.cc:270] Processed file [92/131]
I20261002 19:59:25.155837  9676 feature_extraction.cc:273]   Name:            000091.png
I20261002 19:59:25.155987  9676 feature_extraction.cc:282]   Dimensions:      256 x 256
I20261002 19:59:25.156165  9676 feature_extraction.cc:285]   Camera:          #1 - SIMPLE_RADIAL
I20261002 19:59:25.156344  9676 feature_extraction.cc:289]   Focal Length:    307.20px
I20261002 19:59:25.156532  9676 feature_extraction.cc:294]   Features:        157 (SIFT)
I20261002 19:59:25.156995  9676 feature_extraction.cc:270] Processed file [93/131]
I20261002 19:59:25.157238  9676 feature_extraction.cc:273]   Name:            000093.png
I20261002 19:59:25.157413  9676 feature_extraction.cc:282]   Dimensions:      256 x 256
I20261002 19:59:25.157574  9676 feature_extraction.cc:285]   Camera:          #1 - SIMPLE_RADIAL
I20261002 19:59:25.157764  9676 feature_extraction.cc:289]   Focal Length:    307.20px
I20261002 19:59:25.157934  9676 feature_extraction.cc:294]   Features:        143 (SIFT)
I20261002 19:59:25.158372  9676 feature_extraction.cc:270] Processed file [94/131]
I20261002 19:59:25.158546  9676 feature_extraction.cc:273]   Name:            000092.png
I20261002 19:59:25.158701  9676 feature_extraction.cc:282]   Dimensions:      256 x 256
I20261002 19:59:25.158921  9676 feature_extraction.cc:285]   Camera:          #1 - SIMPLE_RADIAL
I20261002 19:59:25.159155  9676 feature_extraction.cc:289]   Focal Length:    307.20px
I20261002 19:59:25.159339  9676 feature_extraction.cc:294]   Features:        158 (SIFT)
I20261002 19:59:25.159844  9676 feature_extraction.cc:270] Processed file [95/131]
I20261002 19:59:25.160032  9676 feature_extraction.cc:273]   Name:            000096.png
I20261002 19:59:25.160201  9676 feature_extraction.cc:282]   Dimensions:      256 x 256
I20261002 19:59:25.160367  9676 feature_extraction.cc:285]   Camera:          #1 - SIMPLE_RADIAL
I20261002 19:59:25.160527  9676 feature_extraction.cc:289]   Focal Length:    307.20px
I20261002 19:59:25.160698  9676 feature_extraction.cc:294]   Features:        142 (SIFT)
I20261002 19:59:25.161148  9676 feature_extraction.cc:270] Processed file [96/131]
I20261002 19:59:25.161331  9676 feature_extraction.cc:273]   Name:            000094.png
I20261002 19:59:25.161458  9676 feature_extraction.cc:282]   Dimensions:      256 x 256
I20261002 19:59:25.161596  9676 feature_extraction.cc:285]   Camera:          #1 - SIMPLE_RADIAL
I20261002 19:59:25.161782  9676 feature_extraction.cc:289]   Focal Length:    307.20px
I20261002 19:59:25.161939  9676 feature_extraction.cc:294]   Features:        163 (SIFT)
I20261002 19:59:25.169864  9676 feature_extraction.cc:270] Processed file [97/131]
I20261002 19:59:25.170201  9676 feature_extraction.cc:273]   Name:            000095.png
I20261002 19:59:25.170444  9676 feature_extraction.cc:282]   Dimensions:      256 x 256
I20261002 19:59:25.170703  9676 feature_extraction.cc:285]   Camera:          #1 - SIMPLE_RADIAL
I20261002 19:59:25.170898  9676 feature_extraction.cc:289]   Focal Length:    307.20px
I20261002 19:59:25.171077  9676 feature_extraction.cc:294]   Features:        143 (SIFT)
I20261002 19:59:25.171549  9676 feature_extraction.cc:270] Processed file [98/131]
I20261002 19:59:25.171739  9676 feature_extraction.cc:273]   Name:            000097.png
I20261002 19:59:25.171932  9676 feature_extraction.cc:282]   Dimensions:      256 x 256
I20261002 19:59:25.172118  9676 feature_extraction.cc:285]   Camera:          #1 - SIMPLE_RADIAL
I20261002 19:59:25.172304  9676 feature_extraction.cc:289]   Focal Length:    307.20px
I20261002 19:59:25.172489  9676 feature_extraction.cc:294]   Features:        165 (SIFT)
I20261002 19:59:25.184352  9676 feature_extraction.cc:270] Processed file [99/131]
I20261002 19:59:25.184658  9676 feature_extraction.cc:273]   Name:            000098.png
I20261002 19:59:25.184800  9676 feature_extraction.cc:282]   Dimensions:      256 x 256
I20261002 19:59:25.184924  9676 feature_extraction.cc:285]   Camera:          #1 - SIMPLE_RADIAL
I20261002 19:59:25.185045  9676 feature_extraction.cc:289]   Focal Length:    307.20px
I20261002 19:59:25.185182  9676 feature_extraction.cc:294]   Features:        173 (SIFT)
I20261002 19:59:25.191160  9676 feature_extraction.cc:270] Processed file [100/131]
I20261002 19:59:25.191497  9676 feature_extraction.cc:273]   Name:            000100.png
I20261002 19:59:25.191666  9676 feature_extraction.cc:282]   Dimensions:      256 x 256
I20261002 19:59:25.191811  9676 feature_extraction.cc:285]   Camera:          #1 - SIMPLE_RADIAL
I20261002 19:59:25.191974  9676 feature_extraction.cc:289]   Focal Length:    307.20px
I20261002 19:59:25.192137  9676 feature_extraction.cc:294]   Features:        217 (SIFT)
I20261002 19:59:25.192552  9676 feature_extraction.cc:270] Processed file [101/131]
I20261002 19:59:25.192734  9676 feature_extraction.cc:273]   Name:            000099.png
I20261002 19:59:25.192896  9676 feature_extraction.cc:282]   Dimensions:      256 x 256
I20261002 19:59:25.193013  9676 feature_extraction.cc:285]   Camera:          #1 - SIMPLE_RADIAL
I20261002 19:59:25.193119  9676 feature_extraction.cc:289]   Focal Length:    307.20px
I20261002 19:59:25.193263  9676 feature_extraction.cc:294]   Features:        166 (SIFT)
I20261002 19:59:25.194371  9676 feature_extraction.cc:270] Processed file [102/131]
I20261002 19:59:25.194563  9676 feature_extraction.cc:273]   Name:            000101.png
I20261002 19:59:25.194738  9676 feature_extraction.cc:282]   Dimensions:      256 x 256
I20261002 19:59:25.194854  9676 feature_extraction.cc:285]   Camera:          #1 - SIMPLE_RADIAL
I20261002 19:59:25.194978  9676 feature_extraction.cc:289]   Focal Length:    307.20px
I20261002 19:59:25.195087  9676 feature_extraction.cc:294]   Features:        214 (SIFT)
I20261002 19:59:25.196558  9676 feature_extraction.cc:270] Processed file [103/131]
I20261002 19:59:25.196790  9676 feature_extraction.cc:273]   Name:            000102.png
I20261002 19:59:25.196989  9676 feature_extraction.cc:282]   Dimensions:      256 x 256
I20261002 19:59:25.197142  9676 feature_extraction.cc:285]   Camera:          #1 - SIMPLE_RADIAL
I20261002 19:59:25.197281  9676 feature_extraction.cc:289]   Focal Length:    307.20px
I20261002 19:59:25.197460  9676 feature_extraction.cc:294]   Features:        218 (SIFT)
I20261002 19:59:25.200564  9676 feature_extraction.cc:270] Processed file [104/131]
I20261002 19:59:25.200850  9676 feature_extraction.cc:273]   Name:            000103.png
I20261002 19:59:25.200995  9676 feature_extraction.cc:282]   Dimensions:      256 x 256
I20261002 19:59:25.201107  9676 feature_extraction.cc:285]   Camera:          #1 - SIMPLE_RADIAL
I20261002 19:59:25.201249  9676 feature_extraction.cc:289]   Focal Length:    307.20px
I20261002 19:59:25.201419  9676 feature_extraction.cc:294]   Features:        226 (SIFT)
I20261002 19:59:25.215037  9676 feature_extraction.cc:270] Processed file [105/131]
I20261002 19:59:25.215370  9676 feature_extraction.cc:273]   Name:            000105.png
I20261002 19:59:25.215502  9676 feature_extraction.cc:282]   Dimensions:      256 x 256
I20261002 19:59:25.215603  9676 feature_extraction.cc:285]   Camera:          #1 - SIMPLE_RADIAL
I20261002 19:59:25.215712  9676 feature_extraction.cc:289]   Focal Length:    307.20px
I20261002 19:59:25.215845  9676 feature_extraction.cc:294]   Features:        286 (SIFT)
I20261002 19:59:25.216232  9676 feature_extraction.cc:270] Processed file [106/131]
I20261002 19:59:25.216425  9676 feature_extraction.cc:273]   Name:            000104.png
I20261002 19:59:25.216600  9676 feature_extraction.cc:282]   Dimensions:      256 x 256
I20261002 19:59:25.216773  9676 feature_extraction.cc:285]   Camera:          #1 - SIMPLE_RADIAL
I20261002 19:59:25.216938  9676 feature_extraction.cc:289]   Focal Length:    307.20px
I20261002 19:59:25.217105  9676 feature_extraction.cc:294]   Features:        283 (SIFT)
I20261002 19:59:25.217546  9676 feature_extraction.cc:270] Processed file [107/131]
I20261002 19:59:25.217719  9676 feature_extraction.cc:273]   Name:            000106.png
I20261002 19:59:25.217860  9676 feature_extraction.cc:282]   Dimensions:      256 x 256
I20261002 19:59:25.218010  9676 feature_extraction.cc:285]   Camera:          #1 - SIMPLE_RADIAL
I20261002 19:59:25.218151  9676 feature_extraction.cc:289]   Focal Length:    307.20px
I20261002 19:59:25.218288  9676 feature_extraction.cc:294]   Features:        259 (SIFT)
I20261002 19:59:25.218657  9676 feature_extraction.cc:270] Processed file [108/131]
I20261002 19:59:25.218808  9676 feature_extraction.cc:273]   Name:            000107.png
I20261002 19:59:25.218923  9676 feature_extraction.cc:282]   Dimensions:      256 x 256
I20261002 19:59:25.219024  9676 feature_extraction.cc:285]   Camera:          #1 - SIMPLE_RADIAL
I20261002 19:59:25.219126  9676 feature_extraction.cc:289]   Focal Length:    307.20px
I20261002 19:59:25.219231  9676 feature_extraction.cc:294]   Features:        270 (SIFT)
I20261002 19:59:25.221465  9676 feature_extraction.cc:270] Processed file [109/131]
I20261002 19:59:25.221711  9676 feature_extraction.cc:273]   Name:            000112.png
I20261002 19:59:25.221892  9676 feature_extraction.cc:282]   Dimensions:      256 x 256
I20261002 19:59:25.222004  9676 feature_extraction.cc:285]   Camera:          #1 - SIMPLE_RADIAL
I20261002 19:59:25.222115  9676 feature_extraction.cc:289]   Focal Length:    307.20px
I20261002 19:59:25.222224  9676 feature_extraction.cc:294]   Features:        211 (SIFT)
I20261002 19:59:25.225893  9676 feature_extraction.cc:270] Processed file [110/131]
I20261002 19:59:25.226257  9676 feature_extraction.cc:273]   Name:            000109.png
I20261002 19:59:25.226451  9676 feature_extraction.cc:282]   Dimensions:      256 x 256
I20261002 19:59:25.226590  9676 feature_extraction.cc:285]   Camera:          #1 - SIMPLE_RADIAL
I20261002 19:59:25.226719  9676 feature_extraction.cc:289]   Focal Length:    307.20px
I20261002 19:59:25.226843  9676 feature_extraction.cc:294]   Features:        273 (SIFT)
I20261002 19:59:25.227232  9676 feature_extraction.cc:270] Processed file [111/131]
I20261002 19:59:25.227372  9676 feature_extraction.cc:273]   Name:            000113.png
I20261002 19:59:25.227490  9676 feature_extraction.cc:282]   Dimensions:      256 x 256
I20261002 19:59:25.227589  9676 feature_extraction.cc:285]   Camera:          #1 - SIMPLE_RADIAL
I20261002 19:59:25.227693  9676 feature_extraction.cc:289]   Focal Length:    307.20px
I20261002 19:59:25.227817  9676 feature_extraction.cc:294]   Features:        226 (SIFT)
I20261002 19:59:25.228227  9676 feature_extraction.cc:270] Processed file [112/131]
I20261002 19:59:25.228397  9676 feature_extraction.cc:273]   Name:            000116.png
I20261002 19:59:25.228547  9676 feature_extraction.cc:282]   Dimensions:      256 x 256
I20261002 19:59:25.228705  9676 feature_extraction.cc:285]   Camera:          #1 - SIMPLE_RADIAL
I20261002 19:59:25.228848  9676 feature_extraction.cc:289]   Focal Length:    307.20px
I20261002 19:59:25.229064  9676 feature_extraction.cc:294]   Features:        175 (SIFT)
I20261002 19:59:25.229989  9676 feature_extraction.cc:270] Processed file [113/131]
I20261002 19:59:25.230275  9676 feature_extraction.cc:273]   Name:            000115.png
I20261002 19:59:25.230508  9676 feature_extraction.cc:282]   Dimensions:      256 x 256
I20261002 19:59:25.230714  9676 feature_extraction.cc:285]   Camera:          #1 - SIMPLE_RADIAL
I20261002 19:59:25.230900  9676 feature_extraction.cc:289]   Focal Length:    307.20px
I20261002 19:59:25.231065  9676 feature_extraction.cc:294]   Features:        204 (SIFT)
I20261002 19:59:25.231579  9676 feature_extraction.cc:270] Processed file [114/131]
I20261002 19:59:25.231815  9676 feature_extraction.cc:273]   Name:            000114.png
I20261002 19:59:25.231982  9676 feature_extraction.cc:282]   Dimensions:      256 x 256
I20261002 19:59:25.232148  9676 feature_extraction.cc:285]   Camera:          #1 - SIMPLE_RADIAL
I20261002 19:59:25.232367  9676 feature_extraction.cc:289]   Focal Length:    307.20px
I20261002 19:59:25.232568  9676 feature_extraction.cc:294]   Features:        202 (SIFT)
I20261002 19:59:25.233044  9676 feature_extraction.cc:270] Processed file [115/131]
I20261002 19:59:25.233256  9676 feature_extraction.cc:273]   Name:            000108.png
I20261002 19:59:25.233479  9676 feature_extraction.cc:282]   Dimensions:      256 x 256
I20261002 19:59:25.233657  9676 feature_extraction.cc:285]   Camera:          #1 - SIMPLE_RADIAL
I20261002 19:59:25.233933  9676 feature_extraction.cc:289]   Focal Length:    307.20px
I20261002 19:59:25.234151  9676 feature_extraction.cc:294]   Features:        266 (SIFT)
I20261002 19:59:25.234546  9676 feature_extraction.cc:270] Processed file [116/131]
I20261002 19:59:25.234739  9676 feature_extraction.cc:273]   Name:            000111.png
I20261002 19:59:25.234913  9676 feature_extraction.cc:282]   Dimensions:      256 x 256
I20261002 19:59:25.235061  9676 feature_extraction.cc:285]   Camera:          #1 - SIMPLE_RADIAL
I20261002 19:59:25.235207  9676 feature_extraction.cc:289]   Focal Length:    307.20px
I20261002 19:59:25.235363  9676 feature_extraction.cc:294]   Features:        238 (SIFT)
I20261002 19:59:25.235807  9676 feature_extraction.cc:270] Processed file [117/131]
I20261002 19:59:25.236063  9676 feature_extraction.cc:273]   Name:            000110.png
I20261002 19:59:25.236276  9676 feature_extraction.cc:282]   Dimensions:      256 x 256
I20261002 19:59:25.236427  9676 feature_extraction.cc:285]   Camera:          #1 - SIMPLE_RADIAL
I20261002 19:59:25.236633  9676 feature_extraction.cc:289]   Focal Length:    307.20px
I20261002 19:59:25.236925  9676 feature_extraction.cc:294]   Features:        257 (SIFT)
I20261002 19:59:25.237440  9676 feature_extraction.cc:270] Processed file [118/131]
I20261002 19:59:25.237637  9676 feature_extraction.cc:273]   Name:            000117.png
I20261002 19:59:25.237800  9676 feature_extraction.cc:282]   Dimensions:      256 x 256
I20261002 19:59:25.238036  9676 feature_extraction.cc:285]   Camera:          #1 - SIMPLE_RADIAL
I20261002 19:59:25.238292  9676 feature_extraction.cc:289]   Focal Length:    307.20px
I20261002 19:59:25.238479  9676 feature_extraction.cc:294]   Features:        195 (SIFT)
I20261002 19:59:25.248177  9676 feature_extraction.cc:270] Processed file [119/131]
I20261002 19:59:25.248620  9676 feature_extraction.cc:273]   Name:            000122.png
I20261002 19:59:25.248828  9676 feature_extraction.cc:282]   Dimensions:      256 x 256
I20261002 19:59:25.249074  9676 feature_extraction.cc:285]   Camera:          #1 - SIMPLE_RADIAL
I20261002 19:59:25.249269  9676 feature_extraction.cc:289]   Focal Length:    307.20px
I20261002 19:59:25.249430  9676 feature_extraction.cc:294]   Features:        176 (SIFT)
I20261002 19:59:25.249825  9676 feature_extraction.cc:270] Processed file [120/131]
I20261002 19:59:25.250009  9676 feature_extraction.cc:273]   Name:            000118.png
I20261002 19:59:25.250207  9676 feature_extraction.cc:282]   Dimensions:      256 x 256
I20261002 19:59:25.250473  9676 feature_extraction.cc:285]   Camera:          #1 - SIMPLE_RADIAL
I20261002 19:59:25.250651  9676 feature_extraction.cc:289]   Focal Length:    307.20px
I20261002 19:59:25.250809  9676 feature_extraction.cc:294]   Features:        228 (SIFT)
I20261002 19:59:25.251976  9676 feature_extraction.cc:270] Processed file [121/131]
I20261002 19:59:25.252150  9676 feature_extraction.cc:273]   Name:            000121.png
I20261002 19:59:25.252320  9676 feature_extraction.cc:282]   Dimensions:      256 x 256
I20261002 19:59:25.252489  9676 feature_extraction.cc:285]   Camera:          #1 - SIMPLE_RADIAL
I20261002 19:59:25.252638  9676 feature_extraction.cc:289]   Focal Length:    307.20px
I20261002 19:59:25.252778  9676 feature_extraction.cc:294]   Features:        177 (SIFT)
I20261002 19:59:25.254009  9676 feature_extraction.cc:270] Processed file [122/131]
I20261002 19:59:25.254188  9676 feature_extraction.cc:273]   Name:            000119.png
I20261002 19:59:25.254393  9676 feature_extraction.cc:282]   Dimensions:      256 x 256
I20261002 19:59:25.254569  9676 feature_extraction.cc:285]   Camera:          #1 - SIMPLE_RADIAL
I20261002 19:59:25.254735  9676 feature_extraction.cc:289]   Focal Length:    307.20px
I20261002 19:59:25.254901  9676 feature_extraction.cc:294]   Features:        214 (SIFT)
I20261002 19:59:25.255954  9676 feature_extraction.cc:270] Processed file [123/131]
I20261002 19:59:25.256167  9676 feature_extraction.cc:273]   Name:            000120.png
I20261002 19:59:25.256356  9676 feature_extraction.cc:282]   Dimensions:      256 x 256
I20261002 19:59:25.256504  9676 feature_extraction.cc:285]   Camera:          #1 - SIMPLE_RADIAL
I20261002 19:59:25.256648  9676 feature_extraction.cc:289]   Focal Length:    307.20px
I20261002 19:59:25.256789  9676 feature_extraction.cc:294]   Features:        199 (SIFT)
I20261002 19:59:25.257126  9676 feature_extraction.cc:270] Processed file [124/131]
I20261002 19:59:25.257287  9676 feature_extraction.cc:273]   Name:            000123.png
I20261002 19:59:25.257426  9676 feature_extraction.cc:282]   Dimensions:      256 x 256
I20261002 19:59:25.257563  9676 feature_extraction.cc:285]   Camera:          #1 - SIMPLE_RADIAL
I20261002 19:59:25.257697  9676 feature_extraction.cc:289]   Focal Length:    307.20px
I20261002 19:59:25.257834  9676 feature_extraction.cc:294]   Features:        184 (SIFT)
I20261002 19:59:25.263995  9676 feature_extraction.cc:270] Processed file [125/131]
I20261002 19:59:25.264318  9676 feature_extraction.cc:273]   Name:            000124.png
I20261002 19:59:25.264498  9676 feature_extraction.cc:282]   Dimensions:      256 x 256
I20261002 19:59:25.264654  9676 feature_extraction.cc:285]   Camera:          #1 - SIMPLE_RADIAL
I20261002 19:59:25.264815  9676 feature_extraction.cc:289]   Focal Length:    307.20px
I20261002 19:59:25.264990  9676 feature_extraction.cc:294]   Features:        196 (SIFT)
I20261002 19:59:25.268825  9676 feature_extraction.cc:270] Processed file [126/131]
I20261002 19:59:25.269024  9676 feature_extraction.cc:273]   Name:            000127.png
I20261002 19:59:25.269148  9676 feature_extraction.cc:282]   Dimensions:      256 x 256
I20261002 19:59:25.269261  9676 feature_extraction.cc:285]   Camera:          #1 - SIMPLE_RADIAL
I20261002 19:59:25.269416  9676 feature_extraction.cc:289]   Focal Length:    307.20px
I20261002 19:59:25.269500  9676 feature_extraction.cc:294]   Features:        182 (SIFT)
I20261002 19:59:25.269826  9676 feature_extraction.cc:270] Processed file [127/131]
I20261002 19:59:25.269967  9676 feature_extraction.cc:273]   Name:            000128.png
I20261002 19:59:25.270120  9676 feature_extraction.cc:282]   Dimensions:      256 x 256
I20261002 19:59:25.270264  9676 feature_extraction.cc:285]   Camera:          #1 - SIMPLE_RADIAL
I20261002 19:59:25.270353  9676 feature_extraction.cc:289]   Focal Length:    307.20px
I20261002 19:59:25.270419  9676 feature_extraction.cc:294]   Features:        159 (SIFT)
I20261002 19:59:25.270627  9676 feature_extraction.cc:270] Processed file [128/131]
I20261002 19:59:25.270817  9676 feature_extraction.cc:273]   Name:            000126.png
I20261002 19:59:25.270909  9676 feature_extraction.cc:282]   Dimensions:      256 x 256
I20261002 19:59:25.270977  9676 feature_extraction.cc:285]   Camera:          #1 - SIMPLE_RADIAL
I20261002 19:59:25.271039  9676 feature_extraction.cc:289]   Focal Length:    307.20px
I20261002 19:59:25.271101  9676 feature_extraction.cc:294]   Features:        185 (SIFT)
I20261002 19:59:25.271280  9676 feature_extraction.cc:270] Processed file [129/131]
I20261002 19:59:25.271357  9676 feature_extraction.cc:273]   Name:            000130.png
I20261002 19:59:25.271417  9676 feature_extraction.cc:282]   Dimensions:      256 x 256
I20261002 19:59:25.271475  9676 feature_extraction.cc:285]   Camera:          #1 - SIMPLE_RADIAL
I20261002 19:59:25.271537  9676 feature_extraction.cc:289]   Focal Length:    307.20px
I20261002 19:59:25.271598  9676 feature_extraction.cc:294]   Features:        191 (SIFT)
I20261002 19:59:25.273410  9676 feature_extraction.cc:270] Processed file [130/131]
I20261002 19:59:25.273497  9676 feature_extraction.cc:273]   Name:            000125.png
I20261002 19:59:25.273587  9676 feature_extraction.cc:282]   Dimensions:      256 x 256
I20261002 19:59:25.273653  9676 feature_extraction.cc:285]   Camera:          #1 - SIMPLE_RADIAL
I20261002 19:59:25.273714  9676 feature_extraction.cc:289]   Focal Length:    307.20px
I20261002 19:59:25.273774  9676 feature_extraction.cc:294]   Features:        161 (SIFT)
I20261002 19:59:25.274587  9676 feature_extraction.cc:270] Processed file [131/131]
I20261002 19:59:25.274695  9676 feature_extraction.cc:273]   Name:            000129.png
I20261002 19:59:25.274781  9676 feature_extraction.cc:282]   Dimensions:      256 x 256
I20261002 19:59:25.274902  9676 feature_extraction.cc:285]   Camera:          #1 - SIMPLE_RADIAL
I20261002 19:59:25.275045  9676 feature_extraction.cc:289]   Focal Length:    307.20px
I20261002 19:59:25.275151  9676 feature_extraction.cc:294]   Features:        192 (SIFT)
I20261002 19:59:25.275475 22896 timer.cc:90] Elapsed time: 0.008 [minutes]
I20261002 19:59:25.276300 24480 automatic_reconstruction.cc:282] === Feature matching ===
I20261002 19:59:25.276641 20376 feature_matching.cc:196] === Feature matching & geometric verification ===
I20261002 19:59:25.340519 13900 feature_matching_utils.cc:79] Bind FeatureMatcherWorker to GPU device 0
I20261002 19:59:25.340519 12700 feature_matching_utils.cc:79] Bind FeatureMatcherWorker to GPU device 0
I20261002 19:59:25.341206 13900 sift.cc:1679] Creating SIFT GPU feature matcher
I20261002 19:59:25.341211 12700 sift.cc:1679] Creating SIFT GPU feature matcher
I20261002 19:59:25.341527 20376 pairing.cc:438] Generating sequential image pairs...
I20261002 19:59:25.342258 20376 pairing.cc:249] Generating image pairs with vocabulary tree...
I20261002 19:59:25.342475 20376 pairing.cc:372] Indexing image [1/131]
I20261002 19:59:25.850594 20376 pairing.cc:389]  in 0.508s
I20261002 19:59:25.850834 20376 pairing.cc:372] Indexing image [2/131]
I20261002 19:59:25.855723 20376 pairing.cc:389]  in 0.005s
I20261002 19:59:25.855824 20376 pairing.cc:372] Indexing image [3/131]
I20261002 19:59:25.860377 20376 pairing.cc:389]  in 0.005s
I20261002 19:59:25.860468 20376 pairing.cc:372] Indexing image [4/131]
I20261002 19:59:25.865139 20376 pairing.cc:389]  in 0.005s
I20261002 19:59:25.865235 20376 pairing.cc:372] Indexing image [5/131]
I20261002 19:59:25.869836 20376 pairing.cc:389]  in 0.005s
I20261002 19:59:25.869920 20376 pairing.cc:372] Indexing image [6/131]
I20261002 19:59:25.875287 20376 pairing.cc:389]  in 0.005s
I20261002 19:59:25.875386 20376 pairing.cc:372] Indexing image [7/131]
I20261002 19:59:25.879696 20376 pairing.cc:389]  in 0.004s
I20261002 19:59:25.879795 20376 pairing.cc:372] Indexing image [8/131]
I20261002 19:59:25.884326 20376 pairing.cc:389]  in 0.005s
I20261002 19:59:25.884413 20376 pairing.cc:372] Indexing image [9/131]
I20261002 19:59:25.889202 20376 pairing.cc:389]  in 0.005s
I20261002 19:59:25.889302 20376 pairing.cc:372] Indexing image [10/131]
I20261002 19:59:25.893150 20376 pairing.cc:389]  in 0.004s
I20261002 19:59:25.893247 20376 pairing.cc:372] Indexing image [11/131]
I20261002 19:59:25.898031 20376 pairing.cc:389]  in 0.005s
I20261002 19:59:25.898150 20376 pairing.cc:372] Indexing image [12/131]
I20261002 19:59:25.902630 20376 pairing.cc:389]  in 0.004s
I20261002 19:59:25.902772 20376 pairing.cc:372] Indexing image [13/131]
I20261002 19:59:25.907181 20376 pairing.cc:389]  in 0.004s
I20261002 19:59:25.907277 20376 pairing.cc:372] Indexing image [14/131]
I20261002 19:59:25.912516 20376 pairing.cc:389]  in 0.005s
I20261002 19:59:25.912615 20376 pairing.cc:372] Indexing image [15/131]
I20261002 19:59:25.917074 20376 pairing.cc:389]  in 0.004s
I20261002 19:59:25.917164 20376 pairing.cc:372] Indexing image [16/131]
I20261002 19:59:25.922156 20376 pairing.cc:389]  in 0.005s
I20261002 19:59:25.922269 20376 pairing.cc:372] Indexing image [17/131]
I20261002 19:59:25.926967 20376 pairing.cc:389]  in 0.005s
I20261002 19:59:25.927070 20376 pairing.cc:372] Indexing image [18/131]
I20261002 19:59:25.932109 20376 pairing.cc:389]  in 0.005s
I20261002 19:59:25.932317 20376 pairing.cc:372] Indexing image [19/131]
I20261002 19:59:25.937935 20376 pairing.cc:389]  in 0.006s
I20261002 19:59:25.938028 20376 pairing.cc:372] Indexing image [20/131]
I20261002 19:59:25.943516 20376 pairing.cc:389]  in 0.005s
I20261002 19:59:25.943604 20376 pairing.cc:372] Indexing image [21/131]
I20261002 19:59:25.948431 20376 pairing.cc:389]  in 0.005s
I20261002 19:59:25.948515 20376 pairing.cc:372] Indexing image [22/131]
I20261002 19:59:25.953509 20376 pairing.cc:389]  in 0.005s
I20261002 19:59:25.953591 20376 pairing.cc:372] Indexing image [23/131]
I20261002 19:59:25.958260 20376 pairing.cc:389]  in 0.005s
I20261002 19:59:25.958341 20376 pairing.cc:372] Indexing image [24/131]
I20261002 19:59:25.963123 20376 pairing.cc:389]  in 0.005s
I20261002 19:59:25.963275 20376 pairing.cc:372] Indexing image [25/131]
I20261002 19:59:25.969285 20376 pairing.cc:389]  in 0.006s
I20261002 19:59:25.969441 20376 pairing.cc:372] Indexing image [26/131]
I20261002 19:59:25.972780 20376 pairing.cc:389]  in 0.003s
I20261002 19:59:25.972909 20376 pairing.cc:372] Indexing image [27/131]
I20261002 19:59:25.978248 20376 pairing.cc:389]  in 0.005s
I20261002 19:59:25.978371 20376 pairing.cc:372] Indexing image [28/131]
I20261002 19:59:25.982101 20376 pairing.cc:389]  in 0.004s
I20261002 19:59:25.982202 20376 pairing.cc:372] Indexing image [29/131]
I20261002 19:59:25.987160 20376 pairing.cc:389]  in 0.005s
I20261002 19:59:25.987267 20376 pairing.cc:372] Indexing image [30/131]
I20261002 19:59:25.990845 20376 pairing.cc:389]  in 0.004s
I20261002 19:59:25.990969 20376 pairing.cc:372] Indexing image [31/131]
I20261002 19:59:25.996583 20376 pairing.cc:389]  in 0.006s
I20261002 19:59:25.996705 20376 pairing.cc:372] Indexing image [32/131]
I20261002 19:59:26.000572 20376 pairing.cc:389]  in 0.004s
I20261002 19:59:26.000702 20376 pairing.cc:372] Indexing image [33/131]
I20261002 19:59:26.004907 20376 pairing.cc:389]  in 0.004s
I20261002 19:59:26.005072 20376 pairing.cc:372] Indexing image [34/131]
I20261002 19:59:26.008784 20376 pairing.cc:389]  in 0.004s
I20261002 19:59:26.008902 20376 pairing.cc:372] Indexing image [35/131]
I20261002 19:59:26.012950 20376 pairing.cc:389]  in 0.004s
I20261002 19:59:26.013108 20376 pairing.cc:372] Indexing image [36/131]
I20261002 19:59:26.016787 20376 pairing.cc:389]  in 0.004s
I20261002 19:59:26.016909 20376 pairing.cc:372] Indexing image [37/131]
I20261002 19:59:26.020519 20376 pairing.cc:389]  in 0.004s
I20261002 19:59:26.020620 20376 pairing.cc:372] Indexing image [38/131]
I20261002 19:59:26.024681 20376 pairing.cc:389]  in 0.004s
I20261002 19:59:26.024831 20376 pairing.cc:372] Indexing image [39/131]
I20261002 19:59:26.028719 20376 pairing.cc:389]  in 0.004s
I20261002 19:59:26.028835 20376 pairing.cc:372] Indexing image [40/131]
I20261002 19:59:26.032299 20376 pairing.cc:389]  in 0.003s
I20261002 19:59:26.032406 20376 pairing.cc:372] Indexing image [41/131]
I20261002 19:59:26.036972 20376 pairing.cc:389]  in 0.005s
I20261002 19:59:26.037116 20376 pairing.cc:372] Indexing image [42/131]
I20261002 19:59:26.040975 20376 pairing.cc:389]  in 0.004s
I20261002 19:59:26.041088 20376 pairing.cc:372] Indexing image [43/131]
I20261002 19:59:26.045003 20376 pairing.cc:389]  in 0.004s
I20261002 19:59:26.045121 20376 pairing.cc:372] Indexing image [44/131]
I20261002 19:59:26.048727 20376 pairing.cc:389]  in 0.004s
I20261002 19:59:26.048819 20376 pairing.cc:372] Indexing image [45/131]
I20261002 19:59:26.052615 20376 pairing.cc:389]  in 0.004s
I20261002 19:59:26.052786 20376 pairing.cc:372] Indexing image [46/131]
I20261002 19:59:26.057101 20376 pairing.cc:389]  in 0.004s
I20261002 19:59:26.057216 20376 pairing.cc:372] Indexing image [47/131]
I20261002 19:59:26.061278 20376 pairing.cc:389]  in 0.004s
I20261002 19:59:26.061391 20376 pairing.cc:372] Indexing image [48/131]
I20261002 19:59:26.065326 20376 pairing.cc:389]  in 0.004s
I20261002 19:59:26.065457 20376 pairing.cc:372] Indexing image [49/131]
I20261002 19:59:26.069146 20376 pairing.cc:389]  in 0.004s
I20261002 19:59:26.069256 20376 pairing.cc:372] Indexing image [50/131]
I20261002 19:59:26.073534 20376 pairing.cc:389]  in 0.004s
I20261002 19:59:26.073635 20376 pairing.cc:372] Indexing image [51/131]
I20261002 19:59:26.077716 20376 pairing.cc:389]  in 0.004s
I20261002 19:59:26.077835 20376 pairing.cc:372] Indexing image [52/131]
I20261002 19:59:26.081598 20376 pairing.cc:389]  in 0.004s
I20261002 19:59:26.081735 20376 pairing.cc:372] Indexing image [53/131]
I20261002 19:59:26.085828 20376 pairing.cc:389]  in 0.004s
I20261002 19:59:26.085937 20376 pairing.cc:372] Indexing image [54/131]
I20261002 19:59:26.090041 20376 pairing.cc:389]  in 0.004s
I20261002 19:59:26.090168 20376 pairing.cc:372] Indexing image [55/131]
I20261002 19:59:26.093813 20376 pairing.cc:389]  in 0.004s
I20261002 19:59:26.093933 20376 pairing.cc:372] Indexing image [56/131]
I20261002 19:59:26.097994 20376 pairing.cc:389]  in 0.004s
I20261002 19:59:26.098082 20376 pairing.cc:372] Indexing image [57/131]
I20261002 19:59:26.102020 20376 pairing.cc:389]  in 0.004s
I20261002 19:59:26.102160 20376 pairing.cc:372] Indexing image [58/131]
I20261002 19:59:26.105901 20376 pairing.cc:389]  in 0.004s
I20261002 19:59:26.106014 20376 pairing.cc:372] Indexing image [59/131]
I20261002 19:59:26.110108 20376 pairing.cc:389]  in 0.004s
I20261002 19:59:26.110204 20376 pairing.cc:372] Indexing image [60/131]
I20261002 19:59:26.113719 20376 pairing.cc:389]  in 0.004s
I20261002 19:59:26.113858 20376 pairing.cc:372] Indexing image [61/131]
I20261002 19:59:26.117891 20376 pairing.cc:389]  in 0.004s
I20261002 19:59:26.117992 20376 pairing.cc:372] Indexing image [62/131]
I20261002 19:59:26.121430 20376 pairing.cc:389]  in 0.003s
I20261002 19:59:26.121517 20376 pairing.cc:372] Indexing image [63/131]
I20261002 19:59:26.125191 20376 pairing.cc:389]  in 0.004s
I20261002 19:59:26.125278 20376 pairing.cc:372] Indexing image [64/131]
I20261002 19:59:26.128710 20376 pairing.cc:389]  in 0.003s
I20261002 19:59:26.128825 20376 pairing.cc:372] Indexing image [65/131]
I20261002 19:59:26.132656 20376 pairing.cc:389]  in 0.004s
I20261002 19:59:26.132789 20376 pairing.cc:372] Indexing image [66/131]
I20261002 19:59:26.136801 20376 pairing.cc:389]  in 0.004s
I20261002 19:59:26.136946 20376 pairing.cc:372] Indexing image [67/131]
I20261002 19:59:26.140711 20376 pairing.cc:389]  in 0.004s
I20261002 19:59:26.140799 20376 pairing.cc:372] Indexing image [68/131]
I20261002 19:59:26.144932 20376 pairing.cc:389]  in 0.004s
I20261002 19:59:26.145072 20376 pairing.cc:372] Indexing image [69/131]
I20261002 19:59:26.148905 20376 pairing.cc:389]  in 0.004s
I20261002 19:59:26.149023 20376 pairing.cc:372] Indexing image [70/131]
I20261002 19:59:26.153163 20376 pairing.cc:389]  in 0.004s
I20261002 19:59:26.153270 20376 pairing.cc:372] Indexing image [71/131]
I20261002 19:59:26.157214 20376 pairing.cc:389]  in 0.004s
I20261002 19:59:26.157348 20376 pairing.cc:372] Indexing image [72/131]
I20261002 19:59:26.161142 20376 pairing.cc:389]  in 0.004s
I20261002 19:59:26.161249 20376 pairing.cc:372] Indexing image [73/131]
I20261002 19:59:26.165289 20376 pairing.cc:389]  in 0.004s
I20261002 19:59:26.165408 20376 pairing.cc:372] Indexing image [74/131]
I20261002 19:59:26.170004 20376 pairing.cc:389]  in 0.005s
I20261002 19:59:26.170102 20376 pairing.cc:372] Indexing image [75/131]
I20261002 19:59:26.174092 20376 pairing.cc:389]  in 0.004s
I20261002 19:59:26.174221 20376 pairing.cc:372] Indexing image [76/131]
I20261002 19:59:26.178461 20376 pairing.cc:389]  in 0.004s
I20261002 19:59:26.178557 20376 pairing.cc:372] Indexing image [77/131]
I20261002 19:59:26.183717 20376 pairing.cc:389]  in 0.005s
I20261002 19:59:26.183811 20376 pairing.cc:372] Indexing image [78/131]
I20261002 19:59:26.189265 20376 pairing.cc:389]  in 0.005s
I20261002 19:59:26.189368 20376 pairing.cc:372] Indexing image [79/131]
I20261002 19:59:26.194287 20376 pairing.cc:389]  in 0.005s
I20261002 19:59:26.194451 20376 pairing.cc:372] Indexing image [80/131]
I20261002 19:59:26.199201 20376 pairing.cc:389]  in 0.005s
I20261002 19:59:26.199349 20376 pairing.cc:372] Indexing image [81/131]
I20261002 19:59:26.204222 20376 pairing.cc:389]  in 0.005s
I20261002 19:59:26.204342 20376 pairing.cc:372] Indexing image [82/131]
I20261002 19:59:26.210136 20376 pairing.cc:389]  in 0.006s
I20261002 19:59:26.210258 20376 pairing.cc:372] Indexing image [83/131]
I20261002 19:59:26.215028 20376 pairing.cc:389]  in 0.005s
I20261002 19:59:26.215150 20376 pairing.cc:372] Indexing image [84/131]
I20261002 19:59:26.219719 20376 pairing.cc:389]  in 0.005s
I20261002 19:59:26.219814 20376 pairing.cc:372] Indexing image [85/131]
I20261002 19:59:26.224496 20376 pairing.cc:389]  in 0.005s
I20261002 19:59:26.224608 20376 pairing.cc:372] Indexing image [86/131]
I20261002 19:59:26.229452 20376 pairing.cc:389]  in 0.005s
I20261002 19:59:26.229546 20376 pairing.cc:372] Indexing image [87/131]
I20261002 19:59:26.234202 20376 pairing.cc:389]  in 0.005s
I20261002 19:59:26.234329 20376 pairing.cc:372] Indexing image [88/131]
I20261002 19:59:26.239654 20376 pairing.cc:389]  in 0.005s
I20261002 19:59:26.239773 20376 pairing.cc:372] Indexing image [89/131]
I20261002 19:59:26.244599 20376 pairing.cc:389]  in 0.005s
I20261002 19:59:26.244767 20376 pairing.cc:372] Indexing image [90/131]
I20261002 19:59:26.249841 20376 pairing.cc:389]  in 0.005s
I20261002 19:59:26.250019 20376 pairing.cc:372] Indexing image [91/131]
I20261002 19:59:26.254738 20376 pairing.cc:389]  in 0.005s
I20261002 19:59:26.254828 20376 pairing.cc:372] Indexing image [92/131]
I20261002 19:59:26.260439 20376 pairing.cc:389]  in 0.006s
I20261002 19:59:26.260546 20376 pairing.cc:372] Indexing image [93/131]
I20261002 19:59:26.266109 20376 pairing.cc:389]  in 0.006s
I20261002 19:59:26.266254 20376 pairing.cc:372] Indexing image [94/131]
I20261002 19:59:26.271951 20376 pairing.cc:389]  in 0.006s
I20261002 19:59:26.272067 20376 pairing.cc:372] Indexing image [95/131]
I20261002 19:59:26.277324 20376 pairing.cc:389]  in 0.005s
I20261002 19:59:26.277485 20376 pairing.cc:372] Indexing image [96/131]
I20261002 19:59:26.283294 20376 pairing.cc:389]  in 0.006s
I20261002 19:59:26.283420 20376 pairing.cc:372] Indexing image [97/131]
I20261002 19:59:26.288488 20376 pairing.cc:389]  in 0.005s
I20261002 19:59:26.288585 20376 pairing.cc:372] Indexing image [98/131]
I20261002 19:59:26.294266 20376 pairing.cc:389]  in 0.006s
I20261002 19:59:26.294369 20376 pairing.cc:372] Indexing image [99/131]
I20261002 19:59:26.300754 20376 pairing.cc:389]  in 0.006s
I20261002 19:59:26.300853 20376 pairing.cc:372] Indexing image [100/131]
I20261002 19:59:26.308288 20376 pairing.cc:389]  in 0.007s
I20261002 19:59:26.308385 20376 pairing.cc:372] Indexing image [101/131]
I20261002 19:59:26.314039 20376 pairing.cc:389]  in 0.006s
I20261002 19:59:26.314129 20376 pairing.cc:372] Indexing image [102/131]
I20261002 19:59:26.321430 20376 pairing.cc:389]  in 0.007s
I20261002 19:59:26.321543 20376 pairing.cc:372] Indexing image [103/131]
I20261002 19:59:26.329081 20376 pairing.cc:389]  in 0.008s
I20261002 19:59:26.329266 20376 pairing.cc:372] Indexing image [104/131]
I20261002 19:59:26.337248 20376 pairing.cc:389]  in 0.008s
I20261002 19:59:26.337427 20376 pairing.cc:372] Indexing image [105/131]
I20261002 19:59:26.347587 20376 pairing.cc:389]  in 0.010s
I20261002 19:59:26.347773 20376 pairing.cc:372] Indexing image [106/131]
I20261002 19:59:26.357933 20376 pairing.cc:389]  in 0.010s
I20261002 19:59:26.358027 20376 pairing.cc:372] Indexing image [107/131]
I20261002 19:59:26.367339 20376 pairing.cc:389]  in 0.009s
I20261002 19:59:26.367430 20376 pairing.cc:372] Indexing image [108/131]
I20261002 19:59:26.376811 20376 pairing.cc:389]  in 0.009s
I20261002 19:59:26.376939 20376 pairing.cc:372] Indexing image [109/131]
I20261002 19:59:26.384481 20376 pairing.cc:389]  in 0.008s
I20261002 19:59:26.384648 20376 pairing.cc:372] Indexing image [110/131]
I20261002 19:59:26.394117 20376 pairing.cc:389]  in 0.009s
I20261002 19:59:26.394251 20376 pairing.cc:372] Indexing image [111/131]
I20261002 19:59:26.402391 20376 pairing.cc:389]  in 0.008s
I20261002 19:59:26.402525 20376 pairing.cc:372] Indexing image [112/131]
I20261002 19:59:26.408950 20376 pairing.cc:389]  in 0.006s
I20261002 19:59:26.409078 20376 pairing.cc:372] Indexing image [113/131]
I20261002 19:59:26.416257 20376 pairing.cc:389]  in 0.007s
I20261002 19:59:26.416437 20376 pairing.cc:372] Indexing image [114/131]
I20261002 19:59:26.423666 20376 pairing.cc:389]  in 0.007s
I20261002 19:59:26.423753 20376 pairing.cc:372] Indexing image [115/131]
I20261002 19:59:26.433321 20376 pairing.cc:389]  in 0.010s
I20261002 19:59:26.433482 20376 pairing.cc:372] Indexing image [116/131]
I20261002 19:59:26.442352 20376 pairing.cc:389]  in 0.009s
I20261002 19:59:26.442482 20376 pairing.cc:372] Indexing image [117/131]
I20261002 19:59:26.452052 20376 pairing.cc:389]  in 0.010s
I20261002 19:59:26.452215 20376 pairing.cc:372] Indexing image [118/131]
I20261002 19:59:26.459194 20376 pairing.cc:389]  in 0.007s
I20261002 19:59:26.459328 20376 pairing.cc:372] Indexing image [119/131]
I20261002 19:59:26.465861 20376 pairing.cc:389]  in 0.007s
I20261002 19:59:26.466057 20376 pairing.cc:372] Indexing image [120/131]
I20261002 19:59:26.474647 20376 pairing.cc:389]  in 0.009s
I20261002 19:59:26.474771 20376 pairing.cc:372] Indexing image [121/131]
I20261002 19:59:26.480967 20376 pairing.cc:389]  in 0.006s
I20261002 19:59:26.481073 20376 pairing.cc:372] Indexing image [122/131]
I20261002 19:59:26.488632 20376 pairing.cc:389]  in 0.008s
I20261002 19:59:26.488796 20376 pairing.cc:372] Indexing image [123/131]
I20261002 19:59:26.496176 20376 pairing.cc:389]  in 0.007s
I20261002 19:59:26.496349 20376 pairing.cc:372] Indexing image [124/131]
I20261002 19:59:26.503310 20376 pairing.cc:389]  in 0.007s
I20261002 19:59:26.503468 20376 pairing.cc:372] Indexing image [125/131]
I20261002 19:59:26.510739 20376 pairing.cc:389]  in 0.007s
I20261002 19:59:26.510986 20376 pairing.cc:372] Indexing image [126/131]
I20261002 19:59:26.517775 20376 pairing.cc:389]  in 0.007s
I20261002 19:59:26.518031 20376 pairing.cc:372] Indexing image [127/131]
I20261002 19:59:26.524078 20376 pairing.cc:389]  in 0.006s
I20261002 19:59:26.524209 20376 pairing.cc:372] Indexing image [128/131]
I20261002 19:59:26.530895 20376 pairing.cc:389]  in 0.007s
I20261002 19:59:26.531019 20376 pairing.cc:372] Indexing image [129/131]
I20261002 19:59:26.537963 20376 pairing.cc:389]  in 0.007s
I20261002 19:59:26.538084 20376 pairing.cc:372] Indexing image [130/131]
I20261002 19:59:26.544351 20376 pairing.cc:389]  in 0.006s
I20261002 19:59:26.544488 20376 pairing.cc:372] Indexing image [131/131]
I20261002 19:59:26.551221 20376 pairing.cc:389]  in 0.007s
I20261002 19:59:26.555169 20376 pairing.cc:562] Processing image [1/131]
I20261002 19:59:26.563117 20376 feature_matching.cc:218] in 0.008s
I20261002 19:59:26.563239 20376 pairing.cc:562] Processing image [2/131]
I20261002 19:59:26.568374 20376 feature_matching.cc:218] in 0.005s
I20261002 19:59:26.568487 20376 pairing.cc:562] Processing image [3/131]
I20261002 19:59:26.573200 20376 feature_matching.cc:218] in 0.005s
I20261002 19:59:26.573351 20376 pairing.cc:562] Processing image [4/131]
I20261002 19:59:26.578448 20376 feature_matching.cc:218] in 0.005s
I20261002 19:59:26.578564 20376 pairing.cc:562] Processing image [5/131]
I20261002 19:59:26.584752 20376 feature_matching.cc:218] in 0.006s
I20261002 19:59:26.584896 20376 pairing.cc:562] Processing image [6/131]
I20261002 19:59:26.589871 20376 feature_matching.cc:218] in 0.005s
I20261002 19:59:26.589989 20376 pairing.cc:562] Processing image [7/131]
I20261002 19:59:26.596459 20376 feature_matching.cc:218] in 0.006s
I20261002 19:59:26.596581 20376 pairing.cc:562] Processing image [8/131]
I20261002 19:59:26.602625 20376 feature_matching.cc:218] in 0.006s
I20261002 19:59:26.602749 20376 pairing.cc:562] Processing image [9/131]
I20261002 19:59:26.608744 20376 feature_matching.cc:218] in 0.006s
I20261002 19:59:26.608859 20376 pairing.cc:562] Processing image [10/131]
I20261002 19:59:26.614062 20376 feature_matching.cc:218] in 0.005s
I20261002 19:59:26.614170 20376 pairing.cc:562] Processing image [11/131]
I20261002 19:59:26.622459 20376 feature_matching.cc:218] in 0.008s
I20261002 19:59:26.622605 20376 pairing.cc:562] Processing image [12/131]
I20261002 19:59:26.628849 20376 feature_matching.cc:218] in 0.006s
I20261002 19:59:26.628970 20376 pairing.cc:562] Processing image [13/131]
I20261002 19:59:26.634876 20376 feature_matching.cc:218] in 0.006s
I20261002 19:59:26.635010 20376 pairing.cc:562] Processing image [14/131]
I20261002 19:59:26.641375 20376 feature_matching.cc:218] in 0.006s
I20261002 19:59:26.641502 20376 pairing.cc:562] Processing image [15/131]
I20261002 19:59:26.646642 20376 feature_matching.cc:218] in 0.005s
I20261002 19:59:26.646767 20376 pairing.cc:562] Processing image [16/131]
I20261002 19:59:26.652810 20376 feature_matching.cc:218] in 0.006s
I20261002 19:59:26.652934 20376 pairing.cc:562] Processing image [17/131]
I20261002 19:59:26.660182 20376 feature_matching.cc:218] in 0.007s
I20261002 19:59:26.660302 20376 pairing.cc:562] Processing image [18/131]
I20261002 19:59:26.665877 20376 feature_matching.cc:218] in 0.006s
I20261002 19:59:26.666026 20376 pairing.cc:562] Processing image [19/131]
I20261002 19:59:26.671569 20376 feature_matching.cc:218] in 0.006s
I20261002 19:59:26.671741 20376 pairing.cc:562] Processing image [20/131]
I20261002 19:59:26.677160 20376 feature_matching.cc:218] in 0.005s
I20261002 19:59:26.677268 20376 pairing.cc:562] Processing image [21/131]
I20261002 19:59:26.682589 20376 feature_matching.cc:218] in 0.005s
I20261002 19:59:26.682709 20376 pairing.cc:562] Processing image [22/131]
I20261002 19:59:26.687835 20376 feature_matching.cc:218] in 0.005s
I20261002 19:59:26.687944 20376 pairing.cc:562] Processing image [23/131]
I20261002 19:59:26.694312 20376 feature_matching.cc:218] in 0.006s
I20261002 19:59:26.694414 20376 pairing.cc:562] Processing image [24/131]
I20261002 19:59:26.700997 20376 feature_matching.cc:218] in 0.007s
I20261002 19:59:26.701114 20376 pairing.cc:562] Processing image [25/131]
I20261002 19:59:26.705829 20376 feature_matching.cc:218] in 0.005s
I20261002 19:59:26.705948 20376 pairing.cc:562] Processing image [26/131]
I20261002 19:59:26.710626 20376 feature_matching.cc:218] in 0.005s
I20261002 19:59:26.710742 20376 pairing.cc:562] Processing image [27/131]
I20261002 19:59:26.716634 20376 feature_matching.cc:218] in 0.006s
I20261002 19:59:26.716766 20376 pairing.cc:562] Processing image [28/131]
I20261002 19:59:26.722615 20376 feature_matching.cc:218] in 0.006s
I20261002 19:59:26.722743 20376 pairing.cc:562] Processing image [29/131]
I20261002 19:59:26.728991 20376 feature_matching.cc:218] in 0.006s
I20261002 19:59:26.729125 20376 pairing.cc:562] Processing image [30/131]
I20261002 19:59:26.734882 20376 feature_matching.cc:218] in 0.006s
I20261002 19:59:26.735047 20376 pairing.cc:562] Processing image [31/131]
I20261002 19:59:26.741820 20376 feature_matching.cc:218] in 0.007s
I20261002 19:59:26.741998 20376 pairing.cc:562] Processing image [32/131]
I20261002 19:59:26.748315 20376 feature_matching.cc:218] in 0.006s
I20261002 19:59:26.748476 20376 pairing.cc:562] Processing image [33/131]
I20261002 19:59:26.753971 20376 feature_matching.cc:218] in 0.006s
I20261002 19:59:26.754097 20376 pairing.cc:562] Processing image [34/131]
I20261002 19:59:26.759770 20376 feature_matching.cc:218] in 0.006s
I20261002 19:59:26.759905 20376 pairing.cc:562] Processing image [35/131]
I20261002 19:59:26.765841 20376 feature_matching.cc:218] in 0.006s
I20261002 19:59:26.765967 20376 pairing.cc:562] Processing image [36/131]
I20261002 19:59:26.772352 20376 feature_matching.cc:218] in 0.006s
I20261002 19:59:26.772487 20376 pairing.cc:562] Processing image [37/131]
I20261002 19:59:26.778178 20376 feature_matching.cc:218] in 0.006s
I20261002 19:59:26.778310 20376 pairing.cc:562] Processing image [38/131]
I20261002 19:59:26.783838 20376 feature_matching.cc:218] in 0.006s
I20261002 19:59:26.783966 20376 pairing.cc:562] Processing image [39/131]
I20261002 19:59:26.789691 20376 feature_matching.cc:218] in 0.006s
I20261002 19:59:26.789819 20376 pairing.cc:562] Processing image [40/131]
I20261002 19:59:26.796136 20376 feature_matching.cc:218] in 0.006s
I20261002 19:59:26.796267 20376 pairing.cc:562] Processing image [41/131]
I20261002 19:59:26.803869 20376 feature_matching.cc:218] in 0.008s
I20261002 19:59:26.804036 20376 pairing.cc:562] Processing image [42/131]
I20261002 19:59:26.812086 20376 feature_matching.cc:218] in 0.008s
I20261002 19:59:26.812235 20376 pairing.cc:562] Processing image [43/131]
I20261002 19:59:26.817702 20376 feature_matching.cc:218] in 0.005s
I20261002 19:59:26.817823 20376 pairing.cc:562] Processing image [44/131]
I20261002 19:59:26.823804 20376 feature_matching.cc:218] in 0.006s
I20261002 19:59:26.823950 20376 pairing.cc:562] Processing image [45/131]
I20261002 19:59:26.833488 20376 feature_matching.cc:218] in 0.010s
I20261002 19:59:26.833626 20376 pairing.cc:562] Processing image [46/131]
I20261002 19:59:26.840496 20376 feature_matching.cc:218] in 0.007s
I20261002 19:59:26.840648 20376 pairing.cc:562] Processing image [47/131]
I20261002 19:59:26.847294 20376 feature_matching.cc:218] in 0.007s
I20261002 19:59:26.847446 20376 pairing.cc:562] Processing image [48/131]
I20261002 19:59:26.853957 20376 feature_matching.cc:218] in 0.007s
I20261002 19:59:26.854078 20376 pairing.cc:562] Processing image [49/131]
I20261002 19:59:26.859913 20376 feature_matching.cc:218] in 0.006s
I20261002 19:59:26.860034 20376 pairing.cc:562] Processing image [50/131]
I20261002 19:59:26.868096 20376 feature_matching.cc:218] in 0.008s
I20261002 19:59:26.868259 20376 pairing.cc:562] Processing image [51/131]
I20261002 19:59:26.874839 20376 feature_matching.cc:218] in 0.007s
I20261002 19:59:26.874979 20376 pairing.cc:562] Processing image [52/131]
I20261002 19:59:26.882836 20376 feature_matching.cc:218] in 0.008s
I20261002 19:59:26.882968 20376 pairing.cc:562] Processing image [53/131]
I20261002 19:59:26.890070 20376 feature_matching.cc:218] in 0.007s
I20261002 19:59:26.890188 20376 pairing.cc:562] Processing image [54/131]
I20261002 19:59:26.896476 20376 feature_matching.cc:218] in 0.006s
I20261002 19:59:26.896621 20376 pairing.cc:562] Processing image [55/131]
I20261002 19:59:26.903086 20376 feature_matching.cc:218] in 0.006s
I20261002 19:59:26.903271 20376 pairing.cc:562] Processing image [56/131]
I20261002 19:59:26.911100 20376 feature_matching.cc:218] in 0.008s
I20261002 19:59:26.911348 20376 pairing.cc:562] Processing image [57/131]
I20261002 19:59:26.918563 20376 feature_matching.cc:218] in 0.007s
I20261002 19:59:26.918845 20376 pairing.cc:562] Processing image [58/131]
I20261002 19:59:26.926470 20376 feature_matching.cc:218] in 0.008s
I20261002 19:59:26.926612 20376 pairing.cc:562] Processing image [59/131]
I20261002 19:59:26.933302 20376 feature_matching.cc:218] in 0.007s
I20261002 19:59:26.933456 20376 pairing.cc:562] Processing image [60/131]
I20261002 19:59:26.940873 20376 feature_matching.cc:218] in 0.007s
I20261002 19:59:26.941023 20376 pairing.cc:562] Processing image [61/131]
I20261002 19:59:26.947786 20376 feature_matching.cc:218] in 0.007s
I20261002 19:59:26.947951 20376 pairing.cc:562] Processing image [62/131]
I20261002 19:59:26.954869 20376 feature_matching.cc:218] in 0.007s
I20261002 19:59:26.955008 20376 pairing.cc:562] Processing image [63/131]
I20261002 19:59:26.960904 20376 feature_matching.cc:218] in 0.006s
I20261002 19:59:26.961039 20376 pairing.cc:562] Processing image [64/131]
I20261002 19:59:26.966454 20376 feature_matching.cc:218] in 0.005s
I20261002 19:59:26.966582 20376 pairing.cc:562] Processing image [65/131]
I20261002 19:59:26.972043 20376 feature_matching.cc:218] in 0.005s
I20261002 19:59:26.972189 20376 pairing.cc:562] Processing image [66/131]
I20261002 19:59:26.977449 20376 feature_matching.cc:218] in 0.005s
I20261002 19:59:26.977676 20376 pairing.cc:562] Processing image [67/131]
I20261002 19:59:26.983209 20376 feature_matching.cc:218] in 0.006s
I20261002 19:59:26.983326 20376 pairing.cc:562] Processing image [68/131]
I20261002 19:59:26.989523 20376 feature_matching.cc:218] in 0.006s
I20261002 19:59:26.989705 20376 pairing.cc:562] Processing image [69/131]
I20261002 19:59:26.995348 20376 feature_matching.cc:218] in 0.006s
I20261002 19:59:26.995487 20376 pairing.cc:562] Processing image [70/131]
I20261002 19:59:27.002561 20376 feature_matching.cc:218] in 0.007s
I20261002 19:59:27.002741 20376 pairing.cc:562] Processing image [71/131]
I20261002 19:59:27.009863 20376 feature_matching.cc:218] in 0.007s
I20261002 19:59:27.010040 20376 pairing.cc:562] Processing image [72/131]
I20261002 19:59:27.015333 20376 feature_matching.cc:218] in 0.005s
I20261002 19:59:27.015485 20376 pairing.cc:562] Processing image [73/131]
I20261002 19:59:27.020655 20376 feature_matching.cc:218] in 0.005s
I20261002 19:59:27.020787 20376 pairing.cc:562] Processing image [74/131]
I20261002 19:59:27.025578 20376 feature_matching.cc:218] in 0.005s
I20261002 19:59:27.025699 20376 pairing.cc:562] Processing image [75/131]
I20261002 19:59:27.031351 20376 feature_matching.cc:218] in 0.006s
I20261002 19:59:27.031474 20376 pairing.cc:562] Processing image [76/131]
I20261002 19:59:27.037343 20376 feature_matching.cc:218] in 0.006s
I20261002 19:59:27.037469 20376 pairing.cc:562] Processing image [77/131]
I20261002 19:59:27.042507 20376 feature_matching.cc:218] in 0.005s
I20261002 19:59:27.042630 20376 pairing.cc:562] Processing image [78/131]
I20261002 19:59:27.048374 20376 feature_matching.cc:218] in 0.006s
I20261002 19:59:27.048491 20376 pairing.cc:562] Processing image [79/131]
I20261002 19:59:27.053902 20376 feature_matching.cc:218] in 0.005s
I20261002 19:59:27.054028 20376 pairing.cc:562] Processing image [80/131]
I20261002 19:59:27.061398 20376 feature_matching.cc:218] in 0.007s
I20261002 19:59:27.061517 20376 pairing.cc:562] Processing image [81/131]
I20261002 19:59:27.066825 20376 feature_matching.cc:218] in 0.005s
I20261002 19:59:27.066960 20376 pairing.cc:562] Processing image [82/131]
I20261002 19:59:27.072962 20376 feature_matching.cc:218] in 0.006s
I20261002 19:59:27.073087 20376 pairing.cc:562] Processing image [83/131]
I20261002 19:59:27.078490 20376 feature_matching.cc:218] in 0.005s
I20261002 19:59:27.078611 20376 pairing.cc:562] Processing image [84/131]
I20261002 19:59:27.084567 20376 feature_matching.cc:218] in 0.006s
I20261002 19:59:27.084679 20376 pairing.cc:562] Processing image [85/131]
I20261002 19:59:27.090563 20376 feature_matching.cc:218] in 0.006s
I20261002 19:59:27.090683 20376 pairing.cc:562] Processing image [86/131]
I20261002 19:59:27.095902 20376 feature_matching.cc:218] in 0.005s
I20261002 19:59:27.096024 20376 pairing.cc:562] Processing image [87/131]
I20261002 19:59:27.101518 20376 feature_matching.cc:218] in 0.006s
I20261002 19:59:27.101626 20376 pairing.cc:562] Processing image [88/131]
I20261002 19:59:27.108137 20376 feature_matching.cc:218] in 0.007s
I20261002 19:59:27.108256 20376 pairing.cc:562] Processing image [89/131]
I20261002 19:59:27.113414 20376 feature_matching.cc:218] in 0.005s
I20261002 19:59:27.113534 20376 pairing.cc:562] Processing image [90/131]
I20261002 19:59:27.118435 20376 feature_matching.cc:218] in 0.005s
I20261002 19:59:27.118570 20376 pairing.cc:562] Processing image [91/131]
I20261002 19:59:27.123724 20376 feature_matching.cc:218] in 0.005s
I20261002 19:59:27.123847 20376 pairing.cc:562] Processing image [92/131]
I20261002 19:59:27.129958 20376 feature_matching.cc:218] in 0.006s
I20261002 19:59:27.130077 20376 pairing.cc:562] Processing image [93/131]
I20261002 19:59:27.136514 20376 feature_matching.cc:218] in 0.006s
I20261002 19:59:27.136642 20376 pairing.cc:562] Processing image [94/131]
I20261002 19:59:27.143360 20376 feature_matching.cc:218] in 0.007s
I20261002 19:59:27.143493 20376 pairing.cc:562] Processing image [95/131]
I20261002 19:59:27.150191 20376 feature_matching.cc:218] in 0.007s
I20261002 19:59:27.150318 20376 pairing.cc:562] Processing image [96/131]
I20261002 19:59:27.156386 20376 feature_matching.cc:218] in 0.006s
I20261002 19:59:27.156510 20376 pairing.cc:562] Processing image [97/131]
I20261002 19:59:27.162308 20376 feature_matching.cc:218] in 0.006s
I20261002 19:59:27.162423 20376 pairing.cc:562] Processing image [98/131]
I20261002 19:59:27.169416 20376 feature_matching.cc:218] in 0.007s
I20261002 19:59:27.169555 20376 pairing.cc:562] Processing image [99/131]
I20261002 19:59:27.174613 20376 feature_matching.cc:218] in 0.005s
I20261002 19:59:27.174735 20376 pairing.cc:562] Processing image [100/131]
I20261002 19:59:27.180662 20376 feature_matching.cc:218] in 0.006s
I20261002 19:59:27.180829 20376 pairing.cc:562] Processing image [101/131]
I20261002 19:59:27.186230 20376 feature_matching.cc:218] in 0.005s
I20261002 19:59:27.186346 20376 pairing.cc:562] Processing image [102/131]
I20261002 19:59:27.191932 20376 feature_matching.cc:218] in 0.006s
I20261002 19:59:27.192050 20376 pairing.cc:562] Processing image [103/131]
I20261002 19:59:27.198848 20376 feature_matching.cc:218] in 0.007s
I20261002 19:59:27.198995 20376 pairing.cc:562] Processing image [104/131]
I20261002 19:59:27.205065 20376 feature_matching.cc:218] in 0.006s
I20261002 19:59:27.205185 20376 pairing.cc:562] Processing image [105/131]
I20261002 19:59:27.211789 20376 feature_matching.cc:218] in 0.007s
I20261002 19:59:27.211913 20376 pairing.cc:562] Processing image [106/131]
I20261002 19:59:27.217954 20376 feature_matching.cc:218] in 0.006s
I20261002 19:59:27.218079 20376 pairing.cc:562] Processing image [107/131]
I20261002 19:59:27.224654 20376 feature_matching.cc:218] in 0.007s
I20261002 19:59:27.224783 20376 pairing.cc:562] Processing image [108/131]
I20261002 19:59:27.231465 20376 feature_matching.cc:218] in 0.007s
I20261002 19:59:27.231582 20376 pairing.cc:562] Processing image [109/131]
I20261002 19:59:27.237664 20376 feature_matching.cc:218] in 0.006s
I20261002 19:59:27.237797 20376 pairing.cc:562] Processing image [110/131]
I20261002 19:59:27.243467 20376 feature_matching.cc:218] in 0.006s
I20261002 19:59:27.243596 20376 pairing.cc:562] Processing image [111/131]
I20261002 19:59:27.249532 20376 feature_matching.cc:218] in 0.006s
I20261002 19:59:27.249649 20376 pairing.cc:562] Processing image [112/131]
I20261002 19:59:27.255046 20376 feature_matching.cc:218] in 0.005s
I20261002 19:59:27.255186 20376 pairing.cc:562] Processing image [113/131]
I20261002 19:59:27.260625 20376 feature_matching.cc:218] in 0.005s
I20261002 19:59:27.260742 20376 pairing.cc:562] Processing image [114/131]
I20261002 19:59:27.267071 20376 feature_matching.cc:218] in 0.006s
I20261002 19:59:27.267205 20376 pairing.cc:562] Processing image [115/131]
I20261002 19:59:27.274610 20376 feature_matching.cc:218] in 0.007s
I20261002 19:59:27.274737 20376 pairing.cc:562] Processing image [116/131]
I20261002 19:59:27.281668 20376 feature_matching.cc:218] in 0.007s
I20261002 19:59:27.281786 20376 pairing.cc:562] Processing image [117/131]
I20261002 19:59:27.286346 20376 feature_matching.cc:218] in 0.005s
I20261002 19:59:27.286464 20376 pairing.cc:562] Processing image [118/131]
I20261002 19:59:27.293802 20376 feature_matching.cc:218] in 0.007s
I20261002 19:59:27.293919 20376 pairing.cc:562] Processing image [119/131]
I20261002 19:59:27.300308 20376 feature_matching.cc:218] in 0.006s
I20261002 19:59:27.300447 20376 pairing.cc:562] Processing image [120/131]
I20261002 19:59:27.305542 20376 feature_matching.cc:218] in 0.005s
I20261002 19:59:27.305662 20376 pairing.cc:562] Processing image [121/131]
I20261002 19:59:27.311272 20376 feature_matching.cc:218] in 0.006s
I20261002 19:59:27.311387 20376 pairing.cc:562] Processing image [122/131]
I20261002 19:59:27.318047 20376 feature_matching.cc:218] in 0.007s
I20261002 19:59:27.318150 20376 pairing.cc:562] Processing image [123/131]
I20261002 19:59:27.324690 20376 feature_matching.cc:218] in 0.007s
I20261002 19:59:27.324820 20376 pairing.cc:562] Processing image [124/131]
I20261002 19:59:27.329364 20376 feature_matching.cc:218] in 0.005s
I20261002 19:59:27.329481 20376 pairing.cc:562] Processing image [125/131]
I20261002 19:59:27.333738 20376 feature_matching.cc:218] in 0.004s
I20261002 19:59:27.333889 20376 pairing.cc:562] Processing image [126/131]
I20261002 19:59:27.338363 20376 feature_matching.cc:218] in 0.004s
I20261002 19:59:27.338490 20376 pairing.cc:562] Processing image [127/131]
I20261002 19:59:27.342939 20376 feature_matching.cc:218] in 0.004s
I20261002 19:59:27.343056 20376 pairing.cc:562] Processing image [128/131]
I20261002 19:59:27.347829 20376 feature_matching.cc:218] in 0.005s
I20261002 19:59:27.347942 20376 pairing.cc:562] Processing image [129/131]
I20261002 19:59:27.352180 20376 feature_matching.cc:218] in 0.004s
I20261002 19:59:27.352299 20376 pairing.cc:562] Processing image [130/131]
I20261002 19:59:27.356113 20376 feature_matching.cc:218] in 0.004s
I20261002 19:59:27.356230 20376 pairing.cc:562] Processing image [131/131]
I20261002 19:59:27.356305 20376 feature_matching.cc:218] in 0.000s
I20261002 19:59:27.356465 20376 pairing.cc:333] Processing image [1/14]
I20261002 19:59:27.383272 20376 feature_matching.cc:218] in 0.027s
I20261002 19:59:27.383457 20376 pairing.cc:333] Processing image [2/14]
I20261002 19:59:27.396841 20376 feature_matching.cc:218] in 0.013s
I20261002 19:59:27.397016 20376 pairing.cc:333] Processing image [3/14]
I20261002 19:59:27.409247 20376 feature_matching.cc:218] in 0.012s
I20261002 19:59:27.409437 20376 pairing.cc:333] Processing image [4/14]
I20261002 19:59:27.427174 20376 feature_matching.cc:218] in 0.018s
I20261002 19:59:27.427357 20376 pairing.cc:333] Processing image [5/14]
I20261002 19:59:27.444417 20376 feature_matching.cc:218] in 0.017s
I20261002 19:59:27.444607 20376 pairing.cc:333] Processing image [6/14]
I20261002 19:59:27.462993 20376 feature_matching.cc:218] in 0.018s
I20261002 19:59:27.463180 20376 pairing.cc:333] Processing image [7/14]
I20261002 19:59:27.479718 20376 feature_matching.cc:218] in 0.017s
I20261002 19:59:27.479968 20376 pairing.cc:333] Processing image [8/14]
I20261002 19:59:27.497508 20376 feature_matching.cc:218] in 0.018s
I20261002 19:59:27.497678 20376 pairing.cc:333] Processing image [9/14]
I20261002 19:59:27.513613 20376 feature_matching.cc:218] in 0.016s
I20261002 19:59:27.513784 20376 pairing.cc:333] Processing image [10/14]
I20261002 19:59:27.530050 20376 feature_matching.cc:218] in 0.016s
I20261002 19:59:27.530226 20376 pairing.cc:333] Processing image [11/14]
I20261002 19:59:27.542904 20376 feature_matching.cc:218] in 0.013s
I20261002 19:59:27.543086 20376 pairing.cc:333] Processing image [12/14]
I20261002 19:59:27.554955 20376 feature_matching.cc:218] in 0.012s
I20261002 19:59:27.555137 20376 pairing.cc:333] Processing image [13/14]
I20261002 19:59:27.570672 20376 feature_matching.cc:218] in 0.016s
I20261002 19:59:27.570853 20376 pairing.cc:333] Processing image [14/14]
I20261002 19:59:27.585189 20376 feature_matching.cc:218] in 0.014s
I20261002 19:59:27.585370 20376 timer.cc:90] Elapsed time: 0.038 [minutes]
I20261002 19:59:27.602801 24480 automatic_reconstruction.cc:309] === Sparse reconstruction ===
I20261002 19:59:27.604783 24480 incremental_pipeline.cc:353] Loading database
I20261002 19:59:27.604968 24480 database_cache.cc:82] Loading rigs...
I20261002 19:59:27.605083 24480 database_cache.cc:92]  1 in 0.000s
I20261002 19:59:27.605152 24480 database_cache.cc:100] Loading cameras...
I20261002 19:59:27.605237 24480 database_cache.cc:118]  1 in 0.000s
I20261002 19:59:27.605293 24480 database_cache.cc:126] Loading frames...
I20261002 19:59:27.605486 24480 database_cache.cc:136]  131 in 0.000s
I20261002 19:59:27.605549 24480 database_cache.cc:144] Loading matches...
I20261002 19:59:27.607272 24480 database_cache.cc:163]  1106 in 0.002s
I20261002 19:59:27.607359 24480 database_cache.cc:171] Loading images...
I20261002 19:59:27.608547 24480 database_cache.cc:268]  131 in 0.001s (connected 131, loaded 131)
I20261002 19:59:27.608629 24480 database_cache.cc:282] Loading pose priors...
I20261002 19:59:27.608691 24480 database_cache.cc:290]  0 in 0.000s
I20261002 19:59:27.608745 24480 database_cache.cc:298] Building correspondence graph...
I20261002 19:59:27.614339 24480 database_cache.cc:327]  in 0.006s (ignored 0)
I20261002 19:59:27.614474 24480 timer.cc:90] Elapsed time: 0.000 [minutes]
I20261002 19:59:27.615935 24480 incremental_pipeline.cc:465] Finding good initial image pair
I20261002 19:59:27.632521 24480 incremental_pipeline.cc:472] => No good initial image pair found.
I20261002 19:59:27.632676 24480 incremental_pipeline.cc:800] Discarding reconstruction due to no initial pair
I20261002 19:59:27.633495 24480 incremental_pipeline.cc:429] => Relaxing the initialization constraints.
I20261002 19:59:27.634238 24480 incremental_pipeline.cc:465] Finding good initial image pair
I20261002 19:59:27.650721 24480 incremental_pipeline.cc:492] Registering initial image pair #90 and #91
I20261002 19:59:27.651370 24480 incremental_pipeline.cc:510] Global bundle adjustment
W20261002 19:59:27.651647 24480 bundle_adjustment_ceres.cc:162] Requested to use GPU for bundle adjustment, but Ceres was compiled without CUDA support. Falling back to CPU-based dense solvers.
W20261002 19:59:27.652145 24480 bundle_adjustment_ceres.cc:181] Requested to use GPU for bundle adjustment, but Ceres was compiled without cuDSS support. Falling back to CPU-based sparse solvers.
I20261002 19:59:27.657719 24480 incremental_pipeline.cc:620] Registering image #87 (num_reg_frames=2)
I20261002 19:59:27.657843 24480 incremental_pipeline.cc:623] => Image sees 41 / 117 points
I20261002 19:59:27.664185 24480 incremental_pipeline.cc:88] Retriangulation and Global bundle adjustment
I20261002 19:59:27.676623 24480 incremental_pipeline.cc:620] Registering image #94 (num_reg_frames=3)
I20261002 19:59:27.676831 24480 incremental_pipeline.cc:623] => Image sees 62 / 135 points
I20261002 19:59:27.686394 24480 incremental_pipeline.cc:620] Registering image #92 (num_reg_frames=4)
I20261002 19:59:27.686525 24480 incremental_pipeline.cc:623] => Image sees 80 / 129 points
I20261002 19:59:27.707998 24480 incremental_pipeline.cc:88] Retriangulation and Global bundle adjustment
I20261002 19:59:27.768185 24480 incremental_pipeline.cc:620] Registering image #93 (num_reg_frames=5)
I20261002 19:59:27.768365 24480 incremental_pipeline.cc:623] => Image sees 71 / 119 points
I20261002 19:59:27.768490 24480 incremental_pipeline.cc:646] => Could not register, trying another image.
I20261002 19:59:27.768598 24480 incremental_pipeline.cc:620] Registering image #89 (num_reg_frames=5)
I20261002 19:59:27.768674 24480 incremental_pipeline.cc:623] => Image sees 60 / 119 points
I20261002 19:59:27.768753 24480 incremental_pipeline.cc:646] => Could not register, trying another image.
I20261002 19:59:27.768817 24480 incremental_pipeline.cc:620] Registering image #96 (num_reg_frames=5)
I20261002 19:59:27.768878 24480 incremental_pipeline.cc:623] => Image sees 62 / 136 points
I20261002 19:59:27.768947 24480 incremental_pipeline.cc:646] => Could not register, trying another image.
I20261002 19:59:27.769007 24480 incremental_pipeline.cc:620] Registering image #88 (num_reg_frames=5)
I20261002 19:59:27.769066 24480 incremental_pipeline.cc:623] => Image sees 57 / 130 points
I20261002 19:59:27.769134 24480 incremental_pipeline.cc:646] => Could not register, trying another image.
I20261002 19:59:27.769193 24480 incremental_pipeline.cc:620] Registering image #97 (num_reg_frames=5)
I20261002 19:59:27.769269 24480 incremental_pipeline.cc:623] => Image sees 53 / 127 points
I20261002 19:59:27.769336 24480 incremental_pipeline.cc:646] => Could not register, trying another image.
I20261002 19:59:27.769397 24480 incremental_pipeline.cc:620] Registering image #80 (num_reg_frames=5)
I20261002 19:59:27.769462 24480 incremental_pipeline.cc:623] => Image sees 52 / 115 points
I20261002 19:59:27.769529 24480 incremental_pipeline.cc:646] => Could not register, trying another image.
I20261002 19:59:27.769588 24480 incremental_pipeline.cc:620] Registering image #85 (num_reg_frames=5)
I20261002 19:59:27.769647 24480 incremental_pipeline.cc:623] => Image sees 55 / 113 points
I20261002 19:59:27.769714 24480 incremental_pipeline.cc:646] => Could not register, trying another image.
I20261002 19:59:27.769779 24480 incremental_pipeline.cc:620] Registering image #95 (num_reg_frames=5)
I20261002 19:59:27.769843 24480 incremental_pipeline.cc:623] => Image sees 46 / 130 points
I20261002 19:59:27.769913 24480 incremental_pipeline.cc:646] => Could not register, trying another image.
I20261002 19:59:27.769971 24480 incremental_pipeline.cc:620] Registering image #83 (num_reg_frames=5)
I20261002 19:59:27.770029 24480 incremental_pipeline.cc:623] => Image sees 46 / 115 points
I20261002 19:59:27.770096 24480 incremental_pipeline.cc:646] => Could not register, trying another image.
I20261002 19:59:27.770153 24480 incremental_pipeline.cc:620] Registering image #79 (num_reg_frames=5)
I20261002 19:59:27.770212 24480 incremental_pipeline.cc:623] => Image sees 47 / 125 points
I20261002 19:59:27.770286 24480 incremental_pipeline.cc:646] => Could not register, trying another image.
I20261002 19:59:27.770350 24480 incremental_pipeline.cc:620] Registering image #59 (num_reg_frames=5)
I20261002 19:59:27.770408 24480 incremental_pipeline.cc:623] => Image sees 39 / 113 points
I20261002 19:59:27.770484 24480 incremental_pipeline.cc:646] => Could not register, trying another image.
I20261002 19:59:27.770550 24480 incremental_pipeline.cc:620] Registering image #61 (num_reg_frames=5)
I20261002 19:59:27.770609 24480 incremental_pipeline.cc:623] => Image sees 37 / 104 points
I20261002 19:59:27.770676 24480 incremental_pipeline.cc:646] => Could not register, trying another image.
I20261002 19:59:27.770735 24480 incremental_pipeline.cc:620] Registering image #86 (num_reg_frames=5)
I20261002 19:59:27.770795 24480 incremental_pipeline.cc:623] => Image sees 44 / 125 points
I20261002 19:59:27.770862 24480 incremental_pipeline.cc:646] => Could not register, trying another image.
I20261002 19:59:27.770928 24480 incremental_pipeline.cc:620] Registering image #77 (num_reg_frames=5)
I20261002 19:59:27.770986 24480 incremental_pipeline.cc:623] => Image sees 35 / 125 points
I20261002 19:59:27.771053 24480 incremental_pipeline.cc:646] => Could not register, trying another image.
I20261002 19:59:27.771112 24480 incremental_pipeline.cc:620] Registering image #76 (num_reg_frames=5)
I20261002 19:59:27.771171 24480 incremental_pipeline.cc:623] => Image sees 36 / 110 points
I20261002 19:59:27.771237 24480 incremental_pipeline.cc:646] => Could not register, trying another image.
I20261002 19:59:27.771298 24480 incremental_pipeline.cc:620] Registering image #78 (num_reg_frames=5)
I20261002 19:59:27.771357 24480 incremental_pipeline.cc:623] => Image sees 38 / 132 points
I20261002 19:59:27.771423 24480 incremental_pipeline.cc:646] => Could not register, trying another image.
I20261002 19:59:27.771481 24480 incremental_pipeline.cc:620] Registering image #53 (num_reg_frames=5)
I20261002 19:59:27.771540 24480 incremental_pipeline.cc:623] => Image sees 36 / 111 points
I20261002 19:59:27.771615 24480 incremental_pipeline.cc:646] => Could not register, trying another image.
I20261002 19:59:27.771673 24480 incremental_pipeline.cc:620] Registering image #52 (num_reg_frames=5)
I20261002 19:59:27.771732 24480 incremental_pipeline.cc:623] => Image sees 34 / 103 points
I20261002 19:59:27.771801 24480 incremental_pipeline.cc:646] => Could not register, trying another image.
I20261002 19:59:27.771884 24480 incremental_pipeline.cc:620] Registering image #70 (num_reg_frames=5)
I20261002 19:59:27.771950 24480 incremental_pipeline.cc:623] => Image sees 36 / 114 points
I20261002 19:59:27.772017 24480 incremental_pipeline.cc:646] => Could not register, trying another image.
I20261002 19:59:27.772080 24480 incremental_pipeline.cc:620] Registering image #82 (num_reg_frames=5)
I20261002 19:59:27.772138 24480 incremental_pipeline.cc:623] => Image sees 37 / 127 points
I20261002 19:59:27.772204 24480 incremental_pipeline.cc:646] => Could not register, trying another image.
I20261002 19:59:27.772262 24480 incremental_pipeline.cc:620] Registering image #69 (num_reg_frames=5)
I20261002 19:59:27.772321 24480 incremental_pipeline.cc:623] => Image sees 36 / 102 points
I20261002 19:59:27.772387 24480 incremental_pipeline.cc:646] => Could not register, trying another image.
I20261002 19:59:27.772445 24480 incremental_pipeline.cc:620] Registering image #101 (num_reg_frames=5)
I20261002 19:59:27.772508 24480 incremental_pipeline.cc:623] => Image sees 35 / 145 points
I20261002 19:59:27.772574 24480 incremental_pipeline.cc:646] => Could not register, trying another image.
I20261002 19:59:27.772631 24480 incremental_pipeline.cc:620] Registering image #84 (num_reg_frames=5)
I20261002 19:59:27.772690 24480 incremental_pipeline.cc:623] => Image sees 37 / 113 points
I20261002 19:59:27.772755 24480 incremental_pipeline.cc:646] => Could not register, trying another image.
I20261002 19:59:27.772817 24480 incremental_pipeline.cc:620] Registering image #71 (num_reg_frames=5)
I20261002 19:59:27.772877 24480 incremental_pipeline.cc:623] => Image sees 35 / 108 points
I20261002 19:59:27.772953 24480 incremental_pipeline.cc:646] => Could not register, trying another image.
I20261002 19:59:27.773012 24480 incremental_pipeline.cc:620] Registering image #57 (num_reg_frames=5)
I20261002 19:59:27.773071 24480 incremental_pipeline.cc:623] => Image sees 33 / 107 points
I20261002 19:59:27.773137 24480 incremental_pipeline.cc:646] => Could not register, trying another image.
I20261002 19:59:27.773194 24480 incremental_pipeline.cc:620] Registering image #50 (num_reg_frames=5)
I20261002 19:59:27.773253 24480 incremental_pipeline.cc:623] => Image sees 34 / 113 points
I20261002 19:59:27.773320 24480 incremental_pipeline.cc:646] => Could not register, trying another image.
I20261002 19:59:27.773379 24480 incremental_pipeline.cc:620] Registering image #73 (num_reg_frames=5)
I20261002 19:59:27.773446 24480 incremental_pipeline.cc:623] => Image sees 35 / 113 points
I20261002 19:59:27.773519 24480 incremental_pipeline.cc:646] => Could not register, trying another image.
I20261002 19:59:27.773577 24480 incremental_pipeline.cc:620] Registering image #65 (num_reg_frames=5)
I20261002 19:59:27.773635 24480 incremental_pipeline.cc:623] => Image sees 35 / 100 points
I20261002 19:59:27.773701 24480 incremental_pipeline.cc:646] => Could not register, trying another image.
I20261002 19:59:27.773759 24480 incremental_pipeline.cc:620] Registering image #58 (num_reg_frames=5)
I20261002 19:59:27.773818 24480 incremental_pipeline.cc:623] => Image sees 32 / 101 points
I20261002 19:59:27.773912 24480 incremental_pipeline.cc:646] => Could not register, trying another image.
I20261002 19:59:27.773989 24480 incremental_pipeline.cc:620] Registering image #46 (num_reg_frames=5)
I20261002 19:59:27.774141 24480 incremental_pipeline.cc:623] => Image sees 34 / 112 points
I20261002 19:59:27.774253 24480 incremental_pipeline.cc:646] => Could not register, trying another image.
I20261002 19:59:27.774323 24480 incremental_pipeline.cc:620] Registering image #47 (num_reg_frames=5)
I20261002 19:59:27.774383 24480 incremental_pipeline.cc:623] => Image sees 32 / 106 points
I20261002 19:59:27.774459 24480 incremental_pipeline.cc:646] => Could not register, trying another image.
I20261002 19:59:27.774527 24480 incremental_pipeline.cc:620] Registering image #93 (num_reg_frames=5)
I20261002 19:59:27.774585 24480 incremental_pipeline.cc:623] => Image sees 71 / 119 points
I20261002 19:59:27.774653 24480 incremental_pipeline.cc:629] Registering image with structure-less fallback
I20261002 19:59:27.774711 24480 incremental_pipeline.cc:631] => Image sees 267 / 700 correspondences
I20261002 19:59:27.774790 24480 incremental_pipeline.cc:646] => Could not register, trying another image.
I20261002 19:59:27.774849 24480 incremental_pipeline.cc:620] Registering image #89 (num_reg_frames=5)
I20261002 19:59:27.774908 24480 incremental_pipeline.cc:623] => Image sees 60 / 119 points
I20261002 19:59:27.774976 24480 incremental_pipeline.cc:629] Registering image with structure-less fallback
I20261002 19:59:27.775034 24480 incremental_pipeline.cc:631] => Image sees 228 / 689 correspondences
I20261002 19:59:27.775101 24480 incremental_pipeline.cc:646] => Could not register, trying another image.
I20261002 19:59:27.775159 24480 incremental_pipeline.cc:620] Registering image #85 (num_reg_frames=5)
I20261002 19:59:27.775217 24480 incremental_pipeline.cc:623] => Image sees 55 / 113 points
I20261002 19:59:27.775276 24480 incremental_pipeline.cc:629] Registering image with structure-less fallback
I20261002 19:59:27.775334 24480 incremental_pipeline.cc:631] => Image sees 147 / 652 correspondences
I20261002 19:59:27.775400 24480 incremental_pipeline.cc:646] => Could not register, trying another image.
I20261002 19:59:27.775458 24480 incremental_pipeline.cc:620] Registering image #79 (num_reg_frames=5)
I20261002 19:59:27.775516 24480 incremental_pipeline.cc:623] => Image sees 47 / 125 points
I20261002 19:59:27.775575 24480 incremental_pipeline.cc:629] Registering image with structure-less fallback
I20261002 19:59:27.775634 24480 incremental_pipeline.cc:631] => Image sees 138 / 2486 correspondences
I20261002 19:59:27.775713 24480 incremental_pipeline.cc:646] => Could not register, trying another image.
I20261002 19:59:27.775771 24480 incremental_pipeline.cc:620] Registering image #96 (num_reg_frames=5)
I20261002 19:59:27.775830 24480 incremental_pipeline.cc:623] => Image sees 62 / 136 points
I20261002 19:59:27.775925 24480 incremental_pipeline.cc:629] Registering image with structure-less fallback
I20261002 19:59:27.775983 24480 incremental_pipeline.cc:631] => Image sees 123 / 703 correspondences
I20261002 19:59:27.776050 24480 incremental_pipeline.cc:646] => Could not register, trying another image.
I20261002 19:59:27.776109 24480 incremental_pipeline.cc:620] Registering image #88 (num_reg_frames=5)
I20261002 19:59:27.776170 24480 incremental_pipeline.cc:623] => Image sees 57 / 130 points
I20261002 19:59:27.776231 24480 incremental_pipeline.cc:629] Registering image with structure-less fallback
I20261002 19:59:27.776294 24480 incremental_pipeline.cc:631] => Image sees 119 / 740 correspondences
I20261002 19:59:27.776361 24480 incremental_pipeline.cc:646] => Could not register, trying another image.
I20261002 19:59:27.776418 24480 incremental_pipeline.cc:620] Registering image #83 (num_reg_frames=5)
I20261002 19:59:27.776478 24480 incremental_pipeline.cc:623] => Image sees 46 / 115 points
I20261002 19:59:27.776537 24480 incremental_pipeline.cc:629] Registering image with structure-less fallback
I20261002 19:59:27.776595 24480 incremental_pipeline.cc:631] => Image sees 95 / 698 correspondences
I20261002 19:59:27.776660 24480 incremental_pipeline.cc:646] => Could not register, trying another image.
I20261002 19:59:27.776719 24480 incremental_pipeline.cc:620] Registering image #80 (num_reg_frames=5)
I20261002 19:59:27.776778 24480 incremental_pipeline.cc:623] => Image sees 52 / 115 points
I20261002 19:59:27.776836 24480 incremental_pipeline.cc:629] Registering image with structure-less fallback
I20261002 19:59:27.776895 24480 incremental_pipeline.cc:631] => Image sees 95 / 870 correspondences
I20261002 19:59:27.776960 24480 incremental_pipeline.cc:646] => Could not register, trying another image.
I20261002 19:59:27.777018 24480 incremental_pipeline.cc:620] Registering image #86 (num_reg_frames=5)
I20261002 19:59:27.777076 24480 incremental_pipeline.cc:623] => Image sees 44 / 125 points
I20261002 19:59:27.777135 24480 incremental_pipeline.cc:629] Registering image with structure-less fallback
I20261002 19:59:27.777214 24480 incremental_pipeline.cc:631] => Image sees 90 / 734 correspondences
I20261002 19:59:27.777280 24480 incremental_pipeline.cc:646] => Could not register, trying another image.
I20261002 19:59:27.777338 24480 incremental_pipeline.cc:620] Registering image #95 (num_reg_frames=5)
I20261002 19:59:27.777395 24480 incremental_pipeline.cc:623] => Image sees 46 / 130 points
I20261002 19:59:27.777454 24480 incremental_pipeline.cc:629] Registering image with structure-less fallback
I20261002 19:59:27.777513 24480 incremental_pipeline.cc:631] => Image sees 90 / 661 correspondences
I20261002 19:59:27.777580 24480 incremental_pipeline.cc:646] => Could not register, trying another image.
I20261002 19:59:27.777639 24480 incremental_pipeline.cc:620] Registering image #97 (num_reg_frames=5)
I20261002 19:59:27.777697 24480 incremental_pipeline.cc:623] => Image sees 53 / 127 points
I20261002 19:59:27.777754 24480 incremental_pipeline.cc:629] Registering image with structure-less fallback
I20261002 19:59:27.777813 24480 incremental_pipeline.cc:631] => Image sees 89 / 708 correspondences
I20261002 19:59:27.777884 24480 incremental_pipeline.cc:646] => Could not register, trying another image.
I20261002 19:59:27.777941 24480 incremental_pipeline.cc:620] Registering image #59 (num_reg_frames=5)
I20261002 19:59:27.778001 24480 incremental_pipeline.cc:623] => Image sees 39 / 113 points
I20261002 19:59:27.778059 24480 incremental_pipeline.cc:629] Registering image with structure-less fallback
I20261002 19:59:27.778118 24480 incremental_pipeline.cc:631] => Image sees 79 / 3460 correspondences
I20261002 19:59:27.778196 24480 incremental_pipeline.cc:646] => Could not register, trying another image.
I20261002 19:59:27.778253 24480 incremental_pipeline.cc:620] Registering image #70 (num_reg_frames=5)
I20261002 19:59:27.778312 24480 incremental_pipeline.cc:623] => Image sees 36 / 114 points
I20261002 19:59:27.778370 24480 incremental_pipeline.cc:629] Registering image with structure-less fallback
I20261002 19:59:27.778429 24480 incremental_pipeline.cc:631] => Image sees 76 / 986 correspondences
I20261002 19:59:27.778495 24480 incremental_pipeline.cc:646] => Could not register, trying another image.
I20261002 19:59:27.778552 24480 incremental_pipeline.cc:620] Registering image #76 (num_reg_frames=5)
I20261002 19:59:27.778611 24480 incremental_pipeline.cc:623] => Image sees 36 / 110 points
I20261002 19:59:27.778719 24480 incremental_pipeline.cc:629] Registering image with structure-less fallback
I20261002 19:59:27.778781 24480 incremental_pipeline.cc:631] => Image sees 74 / 775 correspondences
I20261002 19:59:27.778846 24480 incremental_pipeline.cc:646] => Could not register, trying another image.
I20261002 19:59:27.778904 24480 incremental_pipeline.cc:620] Registering image #61 (num_reg_frames=5)
I20261002 19:59:27.778963 24480 incremental_pipeline.cc:623] => Image sees 37 / 104 points
I20261002 19:59:27.779021 24480 incremental_pipeline.cc:629] Registering image with structure-less fallback
I20261002 19:59:27.779079 24480 incremental_pipeline.cc:631] => Image sees 73 / 1232 correspondences
I20261002 19:59:27.779149 24480 incremental_pipeline.cc:646] => Could not register, trying another image.
I20261002 19:59:27.779208 24480 incremental_pipeline.cc:620] Registering image #101 (num_reg_frames=5)
I20261002 19:59:27.779266 24480 incremental_pipeline.cc:623] => Image sees 35 / 145 points
I20261002 19:59:27.779325 24480 incremental_pipeline.cc:629] Registering image with structure-less fallback
I20261002 19:59:27.779384 24480 incremental_pipeline.cc:631] => Image sees 66 / 709 correspondences
I20261002 19:59:27.779457 24480 incremental_pipeline.cc:646] => Could not register, trying another image.
I20261002 19:59:27.779515 24480 incremental_pipeline.cc:620] Registering image #100 (num_reg_frames=5)
I20261002 19:59:27.779574 24480 incremental_pipeline.cc:623] => Image sees 30 / 197 points
I20261002 19:59:27.779632 24480 incremental_pipeline.cc:629] Registering image with structure-less fallback
I20261002 19:59:27.779697 24480 incremental_pipeline.cc:631] => Image sees 66 / 1757 correspondences
I20261002 19:59:27.779768 24480 incremental_pipeline.cc:646] => Could not register, trying another image.
I20261002 19:59:27.779826 24480 incremental_pipeline.cc:620] Registering image #77 (num_reg_frames=5)
I20261002 19:59:27.779912 24480 incremental_pipeline.cc:623] => Image sees 35 / 125 points
I20261002 19:59:27.779971 24480 incremental_pipeline.cc:629] Registering image with structure-less fallback
I20261002 19:59:27.780038 24480 incremental_pipeline.cc:631] => Image sees 62 / 956 correspondences
I20261002 19:59:27.780267 24480 incremental_pipeline.cc:646] => Could not register, trying another image.
I20261002 19:59:27.780361 24480 incremental_pipeline.cc:620] Registering image #78 (num_reg_frames=5)
I20261002 19:59:27.780453 24480 incremental_pipeline.cc:623] => Image sees 38 / 132 points
I20261002 19:59:27.780521 24480 incremental_pipeline.cc:629] Registering image with structure-less fallback
I20261002 19:59:27.780587 24480 incremental_pipeline.cc:631] => Image sees 47 / 874 correspondences
I20261002 19:59:27.780649 24480 incremental_pipeline.cc:646] => Could not register, trying another image.
I20261002 19:59:27.780708 24480 incremental_pipeline.cc:620] Registering image #73 (num_reg_frames=5)
I20261002 19:59:27.780767 24480 incremental_pipeline.cc:623] => Image sees 35 / 113 points
I20261002 19:59:27.780825 24480 incremental_pipeline.cc:629] Registering image with structure-less fallback
I20261002 19:59:27.780895 24480 incremental_pipeline.cc:631] => Image sees 42 / 1151 correspondences
I20261002 19:59:27.780954 24480 incremental_pipeline.cc:646] => Could not register, trying another image.
I20261002 19:59:27.781012 24480 incremental_pipeline.cc:620] Registering image #53 (num_reg_frames=5)
I20261002 19:59:27.781077 24480 incremental_pipeline.cc:623] => Image sees 36 / 111 points
I20261002 19:59:27.781138 24480 incremental_pipeline.cc:629] Registering image with structure-less fallback
I20261002 19:59:27.781197 24480 incremental_pipeline.cc:631] => Image sees 42 / 3456 correspondences
I20261002 19:59:27.781258 24480 incremental_pipeline.cc:646] => Could not register, trying another image.
I20261002 19:59:27.781316 24480 incremental_pipeline.cc:620] Registering image #47 (num_reg_frames=5)
I20261002 19:59:27.781375 24480 incremental_pipeline.cc:623] => Image sees 32 / 106 points
I20261002 19:59:27.781440 24480 incremental_pipeline.cc:629] Registering image with structure-less fallback
I20261002 19:59:27.781499 24480 incremental_pipeline.cc:631] => Image sees 41 / 1053 correspondences
I20261002 19:59:27.781560 24480 incremental_pipeline.cc:646] => Could not register, trying another image.
I20261002 19:59:27.781629 24480 incremental_pipeline.cc:620] Registering image #41 (num_reg_frames=5)
I20261002 19:59:27.781688 24480 incremental_pipeline.cc:623] => Image sees 34 / 120 points
I20261002 19:59:27.781747 24480 incremental_pipeline.cc:629] Registering image with structure-less fallback
I20261002 19:59:27.781807 24480 incremental_pipeline.cc:631] => Image sees 40 / 1080 correspondences
I20261002 19:59:27.781867 24480 incremental_pipeline.cc:646] => Could not register, trying another image.
I20261002 19:59:27.781928 24480 incremental_pipeline.cc:620] Registering image #71 (num_reg_frames=5)
I20261002 19:59:27.781989 24480 incremental_pipeline.cc:623] => Image sees 35 / 108 points
I20261002 19:59:27.782052 24480 incremental_pipeline.cc:629] Registering image with structure-less fallback
I20261002 19:59:27.782111 24480 incremental_pipeline.cc:631] => Image sees 40 / 3427 correspondences
I20261002 19:59:27.782172 24480 incremental_pipeline.cc:646] => Could not register, trying another image.
I20261002 19:59:27.782233 24480 incremental_pipeline.cc:620] Registering image #56 (num_reg_frames=5)
I20261002 19:59:27.782294 24480 incremental_pipeline.cc:623] => Image sees 36 / 114 points
I20261002 19:59:27.782352 24480 incremental_pipeline.cc:629] Registering image with structure-less fallback
I20261002 19:59:27.782422 24480 incremental_pipeline.cc:631] => Image sees 40 / 1072 correspondences
I20261002 19:59:27.782484 24480 incremental_pipeline.cc:646] => Could not register, trying another image.
I20261002 19:59:27.782541 24480 incremental_pipeline.cc:620] Registering image #81 (num_reg_frames=5)
I20261002 19:59:27.782602 24480 incremental_pipeline.cc:623] => Image sees 35 / 116 points
I20261002 19:59:27.782661 24480 incremental_pipeline.cc:629] Registering image with structure-less fallback
I20261002 19:59:27.782720 24480 incremental_pipeline.cc:631] => Image sees 40 / 736 correspondences
I20261002 19:59:27.782781 24480 incremental_pipeline.cc:646] => Could not register, trying another image.
I20261002 19:59:27.782839 24480 incremental_pipeline.cc:620] Registering image #84 (num_reg_frames=5)
I20261002 19:59:27.782898 24480 incremental_pipeline.cc:623] => Image sees 37 / 113 points
I20261002 19:59:27.782958 24480 incremental_pipeline.cc:629] Registering image with structure-less fallback
I20261002 19:59:27.783017 24480 incremental_pipeline.cc:631] => Image sees 40 / 663 correspondences
I20261002 19:59:27.783076 24480 incremental_pipeline.cc:646] => Could not register, trying another image.
I20261002 19:59:27.783145 24480 incremental_pipeline.cc:620] Registering image #50 (num_reg_frames=5)
I20261002 19:59:27.783204 24480 incremental_pipeline.cc:623] => Image sees 34 / 113 points
I20261002 19:59:27.783262 24480 incremental_pipeline.cc:629] Registering image with structure-less fallback
I20261002 19:59:27.783325 24480 incremental_pipeline.cc:631] => Image sees 40 / 1218 correspondences
I20261002 19:59:27.783384 24480 incremental_pipeline.cc:646] => Could not register, trying another image.
I20261002 19:59:27.783442 24480 incremental_pipeline.cc:620] Registering image #82 (num_reg_frames=5)
I20261002 19:59:27.783501 24480 incremental_pipeline.cc:623] => Image sees 37 / 127 points
I20261002 19:59:27.783559 24480 incremental_pipeline.cc:629] Registering image with structure-less fallback
I20261002 19:59:27.783618 24480 incremental_pipeline.cc:631] => Image sees 39 / 790 correspondences
I20261002 19:59:27.783679 24480 incremental_pipeline.cc:646] => Could not register, trying another image.
I20261002 19:59:27.783737 24480 incremental_pipeline.cc:620] Registering image #69 (num_reg_frames=5)
I20261002 19:59:27.783796 24480 incremental_pipeline.cc:623] => Image sees 36 / 102 points
I20261002 19:59:27.783878 24480 incremental_pipeline.cc:629] Registering image with structure-less fallback
I20261002 19:59:27.783960 24480 incremental_pipeline.cc:631] => Image sees 39 / 1076 correspondences
I20261002 19:59:27.784019 24480 incremental_pipeline.cc:646] => Could not register, trying another image.
I20261002 19:59:27.784077 24480 incremental_pipeline.cc:620] Registering image #65 (num_reg_frames=5)
I20261002 19:59:27.784138 24480 incremental_pipeline.cc:623] => Image sees 35 / 100 points
I20261002 19:59:27.784197 24480 incremental_pipeline.cc:629] Registering image with structure-less fallback
I20261002 19:59:27.784255 24480 incremental_pipeline.cc:631] => Image sees 39 / 1063 correspondences
I20261002 19:59:27.784316 24480 incremental_pipeline.cc:646] => Could not register, trying another image.
I20261002 19:59:27.784377 24480 incremental_pipeline.cc:88] Retriangulation and Global bundle adjustment
I20261002 19:59:27.785326 24480 incremental_pipeline.cc:620] Registering image #55 (num_reg_frames=5)
I20261002 19:59:27.785431 24480 incremental_pipeline.cc:623] => Image sees 32 / 99 points
I20261002 19:59:27.785513 24480 incremental_pipeline.cc:646] => Could not register, trying another image.
I20261002 19:59:27.785578 24480 incremental_pipeline.cc:620] Registering image #62 (num_reg_frames=5)
I20261002 19:59:27.785645 24480 incremental_pipeline.cc:623] => Image sees 33 / 97 points
I20261002 19:59:27.785715 24480 incremental_pipeline.cc:646] => Could not register, trying another image.
I20261002 19:59:27.785778 24480 incremental_pipeline.cc:620] Registering image #54 (num_reg_frames=5)
I20261002 19:59:27.785900 24480 incremental_pipeline.cc:623] => Image sees 33 / 106 points
I20261002 19:59:27.786001 24480 incremental_pipeline.cc:646] => Could not register, trying another image.
I20261002 19:59:27.786063 24480 incremental_pipeline.cc:620] Registering image #56 (num_reg_frames=5)
I20261002 19:59:27.786155 24480 incremental_pipeline.cc:623] => Image sees 36 / 114 points
I20261002 19:59:27.786247 24480 incremental_pipeline.cc:646] => Could not register, trying another image.
I20261002 19:59:27.786314 24480 incremental_pipeline.cc:620] Registering image #41 (num_reg_frames=5)
I20261002 19:59:27.786379 24480 incremental_pipeline.cc:623] => Image sees 34 / 120 points
I20261002 19:59:27.786445 24480 incremental_pipeline.cc:646] => Could not register, trying another image.
I20261002 19:59:27.786503 24480 incremental_pipeline.cc:620] Registering image #99 (num_reg_frames=5)
I20261002 19:59:27.786560 24480 incremental_pipeline.cc:623] => Image sees 32 / 144 points
I20261002 19:59:27.786643 24480 incremental_pipeline.cc:646] => Could not register, trying another image.
I20261002 19:59:27.786776 24480 incremental_pipeline.cc:620] Registering image #43 (num_reg_frames=5)
I20261002 19:59:27.786875 24480 incremental_pipeline.cc:623] => Image sees 30 / 107 points
I20261002 19:59:27.786987 24480 incremental_pipeline.cc:646] => Could not register, trying another image.
I20261002 19:59:27.787070 24480 incremental_pipeline.cc:620] Registering image #72 (num_reg_frames=5)
I20261002 19:59:27.787127 24480 incremental_pipeline.cc:623] => Image sees 33 / 105 points
I20261002 19:59:27.787211 24480 incremental_pipeline.cc:646] => Could not register, trying another image.
I20261002 19:59:27.787273 24480 incremental_pipeline.cc:620] Registering image #63 (num_reg_frames=5)
I20261002 19:59:27.787324 24480 incremental_pipeline.cc:623] => Image sees 33 / 107 points
I20261002 19:59:27.787379 24480 incremental_pipeline.cc:646] => Could not register, trying another image.
I20261002 19:59:27.787471 24480 incremental_pipeline.cc:620] Registering image #48 (num_reg_frames=5)
I20261002 19:59:27.787550 24480 incremental_pipeline.cc:623] => Image sees 32 / 105 points
I20261002 19:59:27.787613 24480 incremental_pipeline.cc:646] => Could not register, trying another image.
I20261002 19:59:27.787677 24480 incremental_pipeline.cc:620] Registering image #81 (num_reg_frames=5)
I20261002 19:59:27.787731 24480 incremental_pipeline.cc:623] => Image sees 35 / 116 points
I20261002 19:59:27.787785 24480 incremental_pipeline.cc:646] => Could not register, trying another image.
I20261002 19:59:27.787831 24480 incremental_pipeline.cc:620] Registering image #26 (num_reg_frames=5)
I20261002 19:59:27.787878 24480 incremental_pipeline.cc:623] => Image sees 30 / 87 points
I20261002 19:59:27.787930 24480 incremental_pipeline.cc:646] => Could not register, trying another image.
I20261002 19:59:27.787978 24480 incremental_pipeline.cc:620] Registering image #36 (num_reg_frames=5)
I20261002 19:59:27.788024 24480 incremental_pipeline.cc:623] => Image sees 30 / 93 points
I20261002 19:59:27.788077 24480 incremental_pipeline.cc:646] => Could not register, trying another image.
I20261002 19:59:27.788123 24480 incremental_pipeline.cc:620] Registering image #66 (num_reg_frames=5)
I20261002 19:59:27.788168 24480 incremental_pipeline.cc:623] => Image sees 30 / 104 points
I20261002 19:59:27.788222 24480 incremental_pipeline.cc:646] => Could not register, trying another image.
I20261002 19:59:27.788267 24480 incremental_pipeline.cc:620] Registering image #100 (num_reg_frames=5)
I20261002 19:59:27.788313 24480 incremental_pipeline.cc:623] => Image sees 30 / 197 points
I20261002 19:59:27.788371 24480 incremental_pipeline.cc:646] => Could not register, trying another image.
I20261002 19:59:27.788416 24480 incremental_pipeline.cc:620] Registering image #28 (num_reg_frames=5)
I20261002 19:59:27.788463 24480 incremental_pipeline.cc:623] => Image sees 30 / 99 points
I20261002 19:59:27.788514 24480 incremental_pipeline.cc:646] => Could not register, trying another image.
I20261002 19:59:27.788561 24480 incremental_pipeline.cc:620] Registering image #75 (num_reg_frames=5)
I20261002 19:59:27.788618 24480 incremental_pipeline.cc:623] => Image sees 30 / 104 points
I20261002 19:59:27.788672 24480 incremental_pipeline.cc:646] => Could not register, trying another image.
I20261002 19:59:27.788717 24480 incremental_pipeline.cc:620] Registering image #93 (num_reg_frames=5)
I20261002 19:59:27.788762 24480 incremental_pipeline.cc:623] => Image sees 71 / 119 points
I20261002 19:59:27.788820 24480 incremental_pipeline.cc:646] => Could not register, trying another image.
I20261002 19:59:27.788865 24480 incremental_pipeline.cc:620] Registering image #89 (num_reg_frames=5)
I20261002 19:59:27.788911 24480 incremental_pipeline.cc:623] => Image sees 60 / 119 points
I20261002 19:59:27.788967 24480 incremental_pipeline.cc:646] => Could not register, trying another image.
I20261002 19:59:27.789013 24480 incremental_pipeline.cc:620] Registering image #96 (num_reg_frames=5)
I20261002 19:59:27.789059 24480 incremental_pipeline.cc:623] => Image sees 62 / 136 points
I20261002 19:59:27.789115 24480 incremental_pipeline.cc:646] => Could not register, trying another image.
I20261002 19:59:27.789160 24480 incremental_pipeline.cc:620] Registering image #88 (num_reg_frames=5)
I20261002 19:59:27.789207 24480 incremental_pipeline.cc:623] => Image sees 57 / 130 points
I20261002 19:59:27.789262 24480 incremental_pipeline.cc:646] => Could not register, trying another image.
I20261002 19:59:27.789309 24480 incremental_pipeline.cc:620] Registering image #97 (num_reg_frames=5)
I20261002 19:59:27.789355 24480 incremental_pipeline.cc:623] => Image sees 53 / 127 points
I20261002 19:59:27.789409 24480 incremental_pipeline.cc:646] => Could not register, trying another image.
I20261002 19:59:27.789455 24480 incremental_pipeline.cc:620] Registering image #80 (num_reg_frames=5)
I20261002 19:59:27.789501 24480 incremental_pipeline.cc:623] => Image sees 52 / 115 points
I20261002 19:59:27.789554 24480 incremental_pipeline.cc:646] => Could not register, trying another image.
I20261002 19:59:27.789599 24480 incremental_pipeline.cc:620] Registering image #85 (num_reg_frames=5)
I20261002 19:59:27.789645 24480 incremental_pipeline.cc:623] => Image sees 55 / 113 points
I20261002 19:59:27.789698 24480 incremental_pipeline.cc:646] => Could not register, trying another image.
I20261002 19:59:27.789747 24480 incremental_pipeline.cc:620] Registering image #95 (num_reg_frames=5)
I20261002 19:59:27.789794 24480 incremental_pipeline.cc:623] => Image sees 46 / 130 points
I20261002 19:59:27.789847 24480 incremental_pipeline.cc:646] => Could not register, trying another image.
I20261002 19:59:27.789894 24480 incremental_pipeline.cc:620] Registering image #83 (num_reg_frames=5)
I20261002 19:59:27.789939 24480 incremental_pipeline.cc:623] => Image sees 46 / 115 points
I20261002 19:59:27.789994 24480 incremental_pipeline.cc:646] => Could not register, trying another image.
I20261002 19:59:27.790039 24480 incremental_pipeline.cc:620] Registering image #79 (num_reg_frames=5)
I20261002 19:59:27.790086 24480 incremental_pipeline.cc:623] => Image sees 47 / 125 points
I20261002 19:59:27.790147 24480 incremental_pipeline.cc:646] => Could not register, trying another image.
I20261002 19:59:27.790195 24480 incremental_pipeline.cc:620] Registering image #59 (num_reg_frames=5)
I20261002 19:59:27.790241 24480 incremental_pipeline.cc:623] => Image sees 39 / 113 points
I20261002 19:59:27.790304 24480 incremental_pipeline.cc:646] => Could not register, trying another image.
I20261002 19:59:27.790350 24480 incremental_pipeline.cc:620] Registering image #61 (num_reg_frames=5)
I20261002 19:59:27.790396 24480 incremental_pipeline.cc:623] => Image sees 37 / 104 points
I20261002 19:59:27.790450 24480 incremental_pipeline.cc:646] => Could not register, trying another image.
I20261002 19:59:27.790497 24480 incremental_pipeline.cc:620] Registering image #86 (num_reg_frames=5)
I20261002 19:59:27.790543 24480 incremental_pipeline.cc:623] => Image sees 44 / 125 points
I20261002 19:59:27.790597 24480 incremental_pipeline.cc:646] => Could not register, trying another image.
I20261002 19:59:27.790652 24480 incremental_pipeline.cc:620] Registering image #77 (num_reg_frames=5)
I20261002 19:59:27.790699 24480 incremental_pipeline.cc:623] => Image sees 35 / 125 points
I20261002 19:59:27.790753 24480 incremental_pipeline.cc:646] => Could not register, trying another image.
I20261002 19:59:27.790805 24480 incremental_pipeline.cc:620] Registering image #46 (num_reg_frames=5)
I20261002 19:59:27.790852 24480 incremental_pipeline.cc:623] => Image sees 34 / 112 points
I20261002 19:59:27.790898 24480 incremental_pipeline.cc:629] Registering image with structure-less fallback
I20261002 19:59:27.790944 24480 incremental_pipeline.cc:631] => Image sees 38 / 1050 correspondences
I20261002 19:59:27.790992 24480 incremental_pipeline.cc:646] => Could not register, trying another image.
I20261002 19:59:27.791037 24480 incremental_pipeline.cc:620] Registering image #57 (num_reg_frames=5)
I20261002 19:59:27.791083 24480 incremental_pipeline.cc:623] => Image sees 33 / 107 points
I20261002 19:59:27.791130 24480 incremental_pipeline.cc:629] Registering image with structure-less fallback
I20261002 19:59:27.791176 24480 incremental_pipeline.cc:631] => Image sees 38 / 1085 correspondences
I20261002 19:59:27.791223 24480 incremental_pipeline.cc:646] => Could not register, trying another image.
I20261002 19:59:27.791269 24480 incremental_pipeline.cc:620] Registering image #62 (num_reg_frames=5)
I20261002 19:59:27.791315 24480 incremental_pipeline.cc:623] => Image sees 33 / 97 points
I20261002 19:59:27.791360 24480 incremental_pipeline.cc:629] Registering image with structure-less fallback
I20261002 19:59:27.791406 24480 incremental_pipeline.cc:631] => Image sees 38 / 1079 correspondences
I20261002 19:59:27.791453 24480 incremental_pipeline.cc:646] => Could not register, trying another image.
I20261002 19:59:27.791501 24480 incremental_pipeline.cc:620] Registering image #48 (num_reg_frames=5)
I20261002 19:59:27.791547 24480 incremental_pipeline.cc:623] => Image sees 32 / 105 points
I20261002 19:59:27.791593 24480 incremental_pipeline.cc:629] Registering image with structure-less fallback
I20261002 19:59:27.791638 24480 incremental_pipeline.cc:631] => Image sees 37 / 1038 correspondences
I20261002 19:59:27.791687 24480 incremental_pipeline.cc:646] => Could not register, trying another image.
I20261002 19:59:27.791732 24480 incremental_pipeline.cc:620] Registering image #52 (num_reg_frames=5)
I20261002 19:59:27.791779 24480 incremental_pipeline.cc:623] => Image sees 34 / 103 points
I20261002 19:59:27.791824 24480 incremental_pipeline.cc:629] Registering image with structure-less fallback
I20261002 19:59:27.791870 24480 incremental_pipeline.cc:631] => Image sees 37 / 1203 correspondences
I20261002 19:59:27.791917 24480 incremental_pipeline.cc:646] => Could not register, trying another image.
I20261002 19:59:27.791962 24480 incremental_pipeline.cc:620] Registering image #54 (num_reg_frames=5)
I20261002 19:59:27.792008 24480 incremental_pipeline.cc:623] => Image sees 33 / 106 points
I20261002 19:59:27.792054 24480 incremental_pipeline.cc:629] Registering image with structure-less fallback
I20261002 19:59:27.792100 24480 incremental_pipeline.cc:631] => Image sees 37 / 1128 correspondences
I20261002 19:59:27.792146 24480 incremental_pipeline.cc:646] => Could not register, trying another image.
I20261002 19:59:27.792219 24480 incremental_pipeline.cc:620] Registering image #26 (num_reg_frames=5)
I20261002 19:59:27.792296 24480 incremental_pipeline.cc:623] => Image sees 30 / 87 points
I20261002 19:59:27.792352 24480 incremental_pipeline.cc:629] Registering image with structure-less fallback
I20261002 19:59:27.792451 24480 incremental_pipeline.cc:631] => Image sees 36 / 768 correspondences
I20261002 19:59:27.792526 24480 incremental_pipeline.cc:646] => Could not register, trying another image.
I20261002 19:59:27.792617 24480 incremental_pipeline.cc:620] Registering image #63 (num_reg_frames=5)
I20261002 19:59:27.792692 24480 incremental_pipeline.cc:623] => Image sees 33 / 107 points
I20261002 19:59:27.792772 24480 incremental_pipeline.cc:629] Registering image with structure-less fallback
I20261002 19:59:27.792849 24480 incremental_pipeline.cc:631] => Image sees 36 / 968 correspondences
I20261002 19:59:27.792900 24480 incremental_pipeline.cc:646] => Could not register, trying another image.
I20261002 19:59:27.792948 24480 incremental_pipeline.cc:620] Registering image #75 (num_reg_frames=5)
I20261002 19:59:27.792995 24480 incremental_pipeline.cc:623] => Image sees 30 / 104 points
I20261002 19:59:27.793041 24480 incremental_pipeline.cc:629] Registering image with structure-less fallback
I20261002 19:59:27.793087 24480 incremental_pipeline.cc:631] => Image sees 35 / 821 correspondences
I20261002 19:59:27.793134 24480 incremental_pipeline.cc:646] => Could not register, trying another image.
I20261002 19:59:27.793181 24480 incremental_pipeline.cc:620] Registering image #58 (num_reg_frames=5)
I20261002 19:59:27.793226 24480 incremental_pipeline.cc:623] => Image sees 32 / 101 points
I20261002 19:59:27.793272 24480 incremental_pipeline.cc:629] Registering image with structure-less fallback
I20261002 19:59:27.793318 24480 incremental_pipeline.cc:631] => Image sees 34 / 979 correspondences
I20261002 19:59:27.793365 24480 incremental_pipeline.cc:646] => Could not register, trying another image.
I20261002 19:59:27.793410 24480 incremental_pipeline.cc:620] Registering image #55 (num_reg_frames=5)
I20261002 19:59:27.793456 24480 incremental_pipeline.cc:623] => Image sees 32 / 99 points
I20261002 19:59:27.793501 24480 incremental_pipeline.cc:629] Registering image with structure-less fallback
I20261002 19:59:27.793547 24480 incremental_pipeline.cc:631] => Image sees 34 / 1166 correspondences
I20261002 19:59:27.793593 24480 incremental_pipeline.cc:646] => Could not register, trying another image.
I20261002 19:59:27.793639 24480 incremental_pipeline.cc:620] Registering image #72 (num_reg_frames=5)
I20261002 19:59:27.793684 24480 incremental_pipeline.cc:623] => Image sees 33 / 105 points
I20261002 19:59:27.793730 24480 incremental_pipeline.cc:629] Registering image with structure-less fallback
I20261002 19:59:27.793776 24480 incremental_pipeline.cc:631] => Image sees 34 / 1178 correspondences
I20261002 19:59:27.793826 24480 incremental_pipeline.cc:646] => Could not register, trying another image.
I20261002 19:59:27.793872 24480 incremental_pipeline.cc:620] Registering image #43 (num_reg_frames=5)
I20261002 19:59:27.793918 24480 incremental_pipeline.cc:623] => Image sees 30 / 107 points
I20261002 19:59:27.793964 24480 incremental_pipeline.cc:629] Registering image with structure-less fallback
I20261002 19:59:27.794010 24480 incremental_pipeline.cc:631] => Image sees 34 / 1003 correspondences
I20261002 19:59:27.794057 24480 incremental_pipeline.cc:646] => Could not register, trying another image.
I20261002 19:59:27.794102 24480 incremental_pipeline.cc:620] Registering image #66 (num_reg_frames=5)
I20261002 19:59:27.794147 24480 incremental_pipeline.cc:623] => Image sees 30 / 104 points
I20261002 19:59:27.794193 24480 incremental_pipeline.cc:629] Registering image with structure-less fallback
I20261002 19:59:27.794240 24480 incremental_pipeline.cc:631] => Image sees 33 / 1245 correspondences
I20261002 19:59:27.794287 24480 incremental_pipeline.cc:646] => Could not register, trying another image.
I20261002 19:59:27.794333 24480 incremental_pipeline.cc:620] Registering image #36 (num_reg_frames=5)
I20261002 19:59:27.794379 24480 incremental_pipeline.cc:623] => Image sees 30 / 93 points
I20261002 19:59:27.794424 24480 incremental_pipeline.cc:629] Registering image with structure-less fallback
I20261002 19:59:27.794470 24480 incremental_pipeline.cc:631] => Image sees 33 / 867 correspondences
I20261002 19:59:27.794517 24480 incremental_pipeline.cc:646] => Could not register, trying another image.
I20261002 19:59:27.794563 24480 incremental_pipeline.cc:620] Registering image #99 (num_reg_frames=5)
I20261002 19:59:27.794609 24480 incremental_pipeline.cc:623] => Image sees 32 / 144 points
I20261002 19:59:27.794655 24480 incremental_pipeline.cc:629] Registering image with structure-less fallback
I20261002 19:59:27.794709 24480 incremental_pipeline.cc:631] => Image sees 32 / 658 correspondences
I20261002 19:59:27.794755 24480 incremental_pipeline.cc:646] => Could not register, trying another image.
I20261002 19:59:27.794800 24480 incremental_pipeline.cc:620] Registering image #28 (num_reg_frames=5)
I20261002 19:59:27.794847 24480 incremental_pipeline.cc:623] => Image sees 30 / 99 points
I20261002 19:59:27.794893 24480 incremental_pipeline.cc:629] Registering image with structure-less fallback
I20261002 19:59:27.794941 24480 incremental_pipeline.cc:631] => Image sees 31 / 752 correspondences
I20261002 19:59:27.794987 24480 incremental_pipeline.cc:646] => Could not register, trying another image.
I20261002 19:59:27.795033 24480 incremental_pipeline.cc:620] Registering image #93 (num_reg_frames=5)
I20261002 19:59:27.795079 24480 incremental_pipeline.cc:623] => Image sees 71 / 119 points
I20261002 19:59:27.795125 24480 incremental_pipeline.cc:629] Registering image with structure-less fallback
I20261002 19:59:27.795171 24480 incremental_pipeline.cc:631] => Image sees 267 / 700 correspondences
I20261002 19:59:27.795226 24480 incremental_pipeline.cc:646] => Could not register, trying another image.
I20261002 19:59:27.795272 24480 incremental_pipeline.cc:620] Registering image #89 (num_reg_frames=5)
I20261002 19:59:27.795318 24480 incremental_pipeline.cc:623] => Image sees 60 / 119 points
I20261002 19:59:27.795365 24480 incremental_pipeline.cc:629] Registering image with structure-less fallback
I20261002 19:59:27.795411 24480 incremental_pipeline.cc:631] => Image sees 228 / 689 correspondences
I20261002 19:59:27.795465 24480 incremental_pipeline.cc:646] => Could not register, trying another image.
I20261002 19:59:27.795511 24480 incremental_pipeline.cc:620] Registering image #85 (num_reg_frames=5)
I20261002 19:59:27.795557 24480 incremental_pipeline.cc:623] => Image sees 55 / 113 points
I20261002 19:59:27.795603 24480 incremental_pipeline.cc:629] Registering image with structure-less fallback
I20261002 19:59:27.795648 24480 incremental_pipeline.cc:631] => Image sees 147 / 652 correspondences
I20261002 19:59:27.795704 24480 incremental_pipeline.cc:646] => Could not register, trying another image.
I20261002 19:59:27.795750 24480 incremental_pipeline.cc:620] Registering image #79 (num_reg_frames=5)
I20261002 19:59:27.795796 24480 incremental_pipeline.cc:623] => Image sees 47 / 125 points
I20261002 19:59:27.795843 24480 incremental_pipeline.cc:629] Registering image with structure-less fallback
I20261002 19:59:27.795888 24480 incremental_pipeline.cc:631] => Image sees 138 / 2486 correspondences
I20261002 19:59:27.795949 24480 incremental_pipeline.cc:646] => Could not register, trying another image.
I20261002 19:59:27.795994 24480 incremental_pipeline.cc:620] Registering image #96 (num_reg_frames=5)
I20261002 19:59:27.796040 24480 incremental_pipeline.cc:623] => Image sees 62 / 136 points
I20261002 19:59:27.796085 24480 incremental_pipeline.cc:629] Registering image with structure-less fallback
I20261002 19:59:27.796131 24480 incremental_pipeline.cc:631] => Image sees 123 / 703 correspondences
I20261002 19:59:27.796185 24480 incremental_pipeline.cc:646] => Could not register, trying another image.
I20261002 19:59:27.796230 24480 incremental_pipeline.cc:620] Registering image #88 (num_reg_frames=5)
I20261002 19:59:27.796276 24480 incremental_pipeline.cc:623] => Image sees 57 / 130 points
I20261002 19:59:27.796322 24480 incremental_pipeline.cc:629] Registering image with structure-less fallback
I20261002 19:59:27.796368 24480 incremental_pipeline.cc:631] => Image sees 119 / 740 correspondences
I20261002 19:59:27.796422 24480 incremental_pipeline.cc:646] => Could not register, trying another image.
I20261002 19:59:27.796468 24480 incremental_pipeline.cc:620] Registering image #83 (num_reg_frames=5)
I20261002 19:59:27.796516 24480 incremental_pipeline.cc:623] => Image sees 46 / 115 points
I20261002 19:59:27.796563 24480 incremental_pipeline.cc:629] Registering image with structure-less fallback
I20261002 19:59:27.796617 24480 incremental_pipeline.cc:631] => Image sees 95 / 698 correspondences
I20261002 19:59:27.796671 24480 incremental_pipeline.cc:646] => Could not register, trying another image.
I20261002 19:59:27.796716 24480 incremental_pipeline.cc:620] Registering image #80 (num_reg_frames=5)
I20261002 19:59:27.796762 24480 incremental_pipeline.cc:623] => Image sees 52 / 115 points
I20261002 19:59:27.796808 24480 incremental_pipeline.cc:629] Registering image with structure-less fallback
I20261002 19:59:27.796854 24480 incremental_pipeline.cc:631] => Image sees 95 / 870 correspondences
I20261002 19:59:27.796907 24480 incremental_pipeline.cc:646] => Could not register, trying another image.
I20261002 19:59:27.796952 24480 incremental_pipeline.cc:620] Registering image #95 (num_reg_frames=5)
I20261002 19:59:27.796997 24480 incremental_pipeline.cc:623] => Image sees 46 / 130 points
I20261002 19:59:27.797044 24480 incremental_pipeline.cc:629] Registering image with structure-less fallback
I20261002 19:59:27.797090 24480 incremental_pipeline.cc:631] => Image sees 90 / 661 correspondences
I20261002 19:59:27.797143 24480 incremental_pipeline.cc:646] => Could not register, trying another image.
I20261002 19:59:27.797188 24480 incremental_pipeline.cc:620] Registering image #86 (num_reg_frames=5)
I20261002 19:59:27.797235 24480 incremental_pipeline.cc:623] => Image sees 44 / 125 points
I20261002 19:59:27.797280 24480 incremental_pipeline.cc:629] Registering image with structure-less fallback
I20261002 19:59:27.797326 24480 incremental_pipeline.cc:631] => Image sees 90 / 734 correspondences
I20261002 19:59:27.797379 24480 incremental_pipeline.cc:646] => Could not register, trying another image.
I20261002 19:59:27.797424 24480 incremental_pipeline.cc:620] Registering image #97 (num_reg_frames=5)
I20261002 19:59:27.797471 24480 incremental_pipeline.cc:623] => Image sees 53 / 127 points
I20261002 19:59:27.797517 24480 incremental_pipeline.cc:629] Registering image with structure-less fallback
I20261002 19:59:27.797562 24480 incremental_pipeline.cc:631] => Image sees 89 / 708 correspondences
I20261002 19:59:27.797617 24480 incremental_pipeline.cc:646] => Could not register, trying another image.
I20261002 19:59:27.797663 24480 incremental_pipeline.cc:620] Registering image #59 (num_reg_frames=5)
I20261002 19:59:27.797709 24480 incremental_pipeline.cc:623] => Image sees 39 / 113 points
I20261002 19:59:27.797754 24480 incremental_pipeline.cc:629] Registering image with structure-less fallback
I20261002 19:59:27.797800 24480 incremental_pipeline.cc:631] => Image sees 79 / 3460 correspondences
I20261002 19:59:27.797862 24480 incremental_pipeline.cc:646] => Could not register, trying another image.
I20261002 19:59:27.797908 24480 incremental_pipeline.cc:620] Registering image #70 (num_reg_frames=5)
I20261002 19:59:27.797954 24480 incremental_pipeline.cc:623] => Image sees 36 / 114 points
I20261002 19:59:27.798000 24480 incremental_pipeline.cc:629] Registering image with structure-less fallback
I20261002 19:59:27.798047 24480 incremental_pipeline.cc:631] => Image sees 76 / 986 correspondences
I20261002 19:59:27.798100 24480 incremental_pipeline.cc:646] => Could not register, trying another image.
I20261002 19:59:27.798145 24480 incremental_pipeline.cc:620] Registering image #76 (num_reg_frames=5)
I20261002 19:59:27.798192 24480 incremental_pipeline.cc:623] => Image sees 36 / 110 points
I20261002 19:59:27.798270 24480 incremental_pipeline.cc:629] Registering image with structure-less fallback
I20261002 19:59:27.798373 24480 incremental_pipeline.cc:631] => Image sees 74 / 775 correspondences
I20261002 19:59:27.798452 24480 incremental_pipeline.cc:646] => Could not register, trying another image.
I20261002 19:59:27.798579 24480 incremental_pipeline.cc:826] Keeping successful reconstruction
I20261002 19:59:27.800044 24480 incremental_pipeline.cc:465] Finding good initial image pair
I20261002 19:59:27.822563 24480 incremental_pipeline.cc:492] Registering initial image pair #30 and #53
I20261002 19:59:27.823498 24480 incremental_pipeline.cc:510] Global bundle adjustment
I20261002 19:59:27.830061 24480 incremental_pipeline.cc:620] Registering image #32 (num_reg_frames=2)
I20261002 19:59:27.830162 24480 incremental_pipeline.cc:623] => Image sees 56 / 102 points
I20261002 19:59:27.835626 24480 incremental_pipeline.cc:88] Retriangulation and Global bundle adjustment
I20261002 19:59:27.844427 24480 incremental_pipeline.cc:620] Registering image #51 (num_reg_frames=3)
I20261002 19:59:27.844561 24480 incremental_pipeline.cc:623] => Image sees 58 / 107 points
I20261002 19:59:27.854514 24480 incremental_pipeline.cc:620] Registering image #50 (num_reg_frames=4)
I20261002 19:59:27.854632 24480 incremental_pipeline.cc:623] => Image sees 65 / 113 points
I20261002 19:59:27.868368 24480 incremental_pipeline.cc:88] Retriangulation and Global bundle adjustment
I20261002 19:59:27.876237 24480 incremental_pipeline.cc:88] Retriangulation and Global bundle adjustment
W20261002 19:59:27.883172 24480 incremental_pipeline.cc:821] Discarding reconstruction due to insufficient size
I20261002 19:59:27.884850 24480 incremental_pipeline.cc:465] Finding good initial image pair
I20261002 19:59:27.894134 24480 incremental_pipeline.cc:492] Registering initial image pair #30 and #61
I20261002 19:59:27.894795 24480 incremental_pipeline.cc:510] Global bundle adjustment
I20261002 19:59:27.901245 24480 incremental_pipeline.cc:620] Registering image #32 (num_reg_frames=2)
I20261002 19:59:27.901357 24480 incremental_pipeline.cc:623] => Image sees 54 / 102 points
I20261002 19:59:27.902706 24480 incremental_pipeline.cc:88] Retriangulation and Global bundle adjustment
I20261002 19:59:27.910481 24480 incremental_pipeline.cc:620] Registering image #71 (num_reg_frames=3)
I20261002 19:59:27.910579 24480 incremental_pipeline.cc:623] => Image sees 54 / 108 points
I20261002 19:59:27.914537 24480 incremental_pipeline.cc:620] Registering image #56 (num_reg_frames=4)
I20261002 19:59:27.914637 24480 incremental_pipeline.cc:623] => Image sees 66 / 114 points
I20261002 19:59:27.917939 24480 incremental_pipeline.cc:88] Retriangulation and Global bundle adjustment
I20261002 19:59:27.933147 24480 incremental_pipeline.cc:620] Registering image #46 (num_reg_frames=5)
I20261002 19:59:27.933255 24480 incremental_pipeline.cc:623] => Image sees 63 / 112 points
I20261002 19:59:27.937856 24480 incremental_pipeline.cc:620] Registering image #51 (num_reg_frames=6)
I20261002 19:59:27.937971 24480 incremental_pipeline.cc:623] => Image sees 66 / 107 points
I20261002 19:59:27.941874 24480 incremental_pipeline.cc:88] Retriangulation and Global bundle adjustment
I20261002 19:59:27.965521 24480 incremental_pipeline.cc:620] Registering image #54 (num_reg_frames=7)
I20261002 19:59:27.965664 24480 incremental_pipeline.cc:623] => Image sees 65 / 106 points
I20261002 19:59:27.971441 24480 incremental_pipeline.cc:620] Registering image #67 (num_reg_frames=8)
I20261002 19:59:27.971575 24480 incremental_pipeline.cc:623] => Image sees 69 / 109 points
I20261002 19:59:27.974940 24480 incremental_pipeline.cc:620] Registering image #53 (num_reg_frames=9)
I20261002 19:59:27.975057 24480 incremental_pipeline.cc:623] => Image sees 67 / 111 points
I20261002 19:59:27.980942 24480 incremental_pipeline.cc:88] Retriangulation and Global bundle adjustment
I20261002 19:59:28.021560 24480 incremental_pipeline.cc:620] Registering image #57 (num_reg_frames=10)
I20261002 19:59:28.021729 24480 incremental_pipeline.cc:623] => Image sees 73 / 107 points
I20261002 19:59:28.027597 24480 incremental_pipeline.cc:620] Registering image #64 (num_reg_frames=11)
I20261002 19:59:28.027698 24480 incremental_pipeline.cc:623] => Image sees 69 / 95 points
I20261002 19:59:28.033099 24480 incremental_pipeline.cc:620] Registering image #48 (num_reg_frames=12)
I20261002 19:59:28.033216 24480 incremental_pipeline.cc:623] => Image sees 69 / 105 points
I20261002 19:59:28.039791 24480 incremental_pipeline.cc:620] Registering image #52 (num_reg_frames=13)
I20261002 19:59:28.039896 24480 incremental_pipeline.cc:623] => Image sees 68 / 103 points
I20261002 19:59:28.045125 24480 incremental_pipeline.cc:88] Retriangulation and Global bundle adjustment
I20261002 19:59:28.229234 24480 incremental_pipeline.cc:620] Registering image #62 (num_reg_frames=14)
I20261002 19:59:28.229424 24480 incremental_pipeline.cc:623] => Image sees 68 / 97 points
I20261002 19:59:28.235549 24480 incremental_pipeline.cc:620] Registering image #47 (num_reg_frames=15)
I20261002 19:59:28.235680 24480 incremental_pipeline.cc:623] => Image sees 66 / 106 points
I20261002 19:59:28.240890 24480 incremental_pipeline.cc:620] Registering image #70 (num_reg_frames=16)
I20261002 19:59:28.240983 24480 incremental_pipeline.cc:623] => Image sees 68 / 114 points
I20261002 19:59:28.245852 24480 incremental_pipeline.cc:620] Registering image #72 (num_reg_frames=17)
I20261002 19:59:28.245959 24480 incremental_pipeline.cc:623] => Image sees 68 / 105 points
I20261002 19:59:28.249540 24480 incremental_pipeline.cc:620] Registering image #74 (num_reg_frames=18)
I20261002 19:59:28.249645 24480 incremental_pipeline.cc:623] => Image sees 71 / 121 points
I20261002 19:59:28.256239 24480 incremental_pipeline.cc:620] Registering image #59 (num_reg_frames=19)
I20261002 19:59:28.256361 24480 incremental_pipeline.cc:623] => Image sees 82 / 113 points
I20261002 19:59:28.267016 24480 incremental_pipeline.cc:88] Retriangulation and Global bundle adjustment
I20261002 19:59:28.661224 24480 incremental_pipeline.cc:88] Retriangulation and Global bundle adjustment
W20261002 19:59:28.718580 24480 levenberg_marquardt_strategy.cc:123] Linear solver failure. Failed to compute a step: Eigen failure. Unable to perform dense Cholesky factorization.
W20261002 19:59:28.719412 24480 levenberg_marquardt_strategy.cc:123] Linear solver failure. Failed to compute a step: Eigen failure. Unable to perform dense Cholesky factorization.
W20261002 19:59:28.722235 24480 levenberg_marquardt_strategy.cc:123] Linear solver failure. Failed to compute a step: Eigen failure. Unable to perform dense Cholesky factorization.
W20261002 19:59:28.725973 24480 levenberg_marquardt_strategy.cc:123] Linear solver failure. Failed to compute a step: Eigen failure. Unable to perform dense Cholesky factorization.
W20261002 19:59:28.726923 24480 levenberg_marquardt_strategy.cc:123] Linear solver failure. Failed to compute a step: Eigen failure. Unable to perform dense Cholesky factorization.
W20261002 19:59:28.729827 24480 levenberg_marquardt_strategy.cc:123] Linear solver failure. Failed to compute a step: Eigen failure. Unable to perform dense Cholesky factorization.
W20261002 19:59:28.730577 24480 levenberg_marquardt_strategy.cc:123] Linear solver failure. Failed to compute a step: Eigen failure. Unable to perform dense Cholesky factorization.
W20261002 19:59:28.732427 24480 levenberg_marquardt_strategy.cc:123] Linear solver failure. Failed to compute a step: Eigen failure. Unable to perform dense Cholesky factorization.
W20261002 19:59:28.734357 24480 levenberg_marquardt_strategy.cc:123] Linear solver failure. Failed to compute a step: Eigen failure. Unable to perform dense Cholesky factorization.
W20261002 19:59:28.736185 24480 levenberg_marquardt_strategy.cc:123] Linear solver failure. Failed to compute a step: Eigen failure. Unable to perform dense Cholesky factorization.
W20261002 19:59:28.737934 24480 levenberg_marquardt_strategy.cc:123] Linear solver failure. Failed to compute a step: Eigen failure. Unable to perform dense Cholesky factorization.
W20261002 19:59:28.738616 24480 levenberg_marquardt_strategy.cc:123] Linear solver failure. Failed to compute a step: Eigen failure. Unable to perform dense Cholesky factorization.
W20261002 19:59:28.867888 24480 incremental_pipeline.cc:821] Discarding reconstruction due to insufficient size
I20261002 19:59:28.869558 24480 incremental_pipeline.cc:465] Finding good initial image pair
I20261002 19:59:28.875841 24480 incremental_pipeline.cc:492] Registering initial image pair #21 and #19
I20261002 19:59:28.876344 24480 incremental_pipeline.cc:510] Global bundle adjustment
I20261002 19:59:28.880443 24480 incremental_pipeline.cc:620] Registering image #11 (num_reg_frames=2)
I20261002 19:59:28.880572 24480 incremental_pipeline.cc:623] => Image sees 34 / 110 points
I20261002 19:59:28.881653 24480 incremental_pipeline.cc:88] Retriangulation and Global bundle adjustment
I20261002 19:59:28.886783 24480 incremental_pipeline.cc:620] Registering image #22 (num_reg_frames=3)
I20261002 19:59:28.886897 24480 incremental_pipeline.cc:623] => Image sees 38 / 118 points
I20261002 19:59:28.889786 24480 incremental_pipeline.cc:620] Registering image #17 (num_reg_frames=4)
I20261002 19:59:28.889896 24480 incremental_pipeline.cc:623] => Image sees 40 / 113 points
I20261002 19:59:28.891830 24480 incremental_pipeline.cc:88] Retriangulation and Global bundle adjustment
I20261002 19:59:28.921262 24480 incremental_pipeline.cc:620] Registering image #18 (num_reg_frames=5)
I20261002 19:59:28.921388 24480 incremental_pipeline.cc:623] => Image sees 39 / 123 points
I20261002 19:59:28.934893 24480 incremental_pipeline.cc:88] Retriangulation and Global bundle adjustment
I20261002 19:59:28.947749 24480 incremental_pipeline.cc:88] Retriangulation and Global bundle adjustment
W20261002 19:59:28.951976 24480 incremental_pipeline.cc:821] Discarding reconstruction due to insufficient size
I20261002 19:59:28.953735 24480 incremental_pipeline.cc:465] Finding good initial image pair
I20261002 19:59:28.961508 24480 incremental_pipeline.cc:492] Registering initial image pair #117 and #113
I20261002 19:59:28.962025 24480 incremental_pipeline.cc:791] Discarding reconstruction due to bad initial pair
I20261002 19:59:28.963293 24480 incremental_pipeline.cc:465] Finding good initial image pair
I20261002 19:59:28.979637 24480 incremental_pipeline.cc:492] Registering initial image pair #100 and #98
I20261002 19:59:28.980172 24480 incremental_pipeline.cc:510] Global bundle adjustment
I20261002 19:59:28.984583 24480 incremental_pipeline.cc:620] Registering image #101 (num_reg_frames=2)
I20261002 19:59:28.984714 24480 incremental_pipeline.cc:623] => Image sees 52 / 145 points
I20261002 19:59:29.006108 24480 incremental_pipeline.cc:88] Retriangulation and Global bundle adjustment
W20261002 19:59:29.031770 24480 bundle_adjustment_ceres.cc:391] Failed to fix Gauge with two cameras. Falling back to fixing Gauge with three points.
W20261002 19:59:29.031937 24480 bundle_adjustment_ceres.cc:298] Failed to fix Gauge due to insufficient number of fixed points: 0
I20261002 19:59:29.033265 24480 incremental_pipeline.cc:88] Retriangulation and Global bundle adjustment
W20261002 19:59:29.033933 24480 bundle_adjustment_ceres.cc:391] Failed to fix Gauge with two cameras. Falling back to fixing Gauge with three points.
W20261002 19:59:29.034026 24480 bundle_adjustment_ceres.cc:298] Failed to fix Gauge due to insufficient number of fixed points: 0
W20261002 19:59:29.034099 24480 incremental_pipeline.cc:821] Discarding reconstruction due to insufficient size
I20261002 19:59:29.035440 24480 incremental_pipeline.cc:465] Finding good initial image pair
I20261002 19:59:29.043916 24480 incremental_pipeline.cc:492] Registering initial image pair #74 and #75
I20261002 19:59:29.044426 24480 incremental_pipeline.cc:510] Global bundle adjustment
I20261002 19:59:29.050048 24480 incremental_pipeline.cc:620] Registering image #71 (num_reg_frames=2)
I20261002 19:59:29.050170 24480 incremental_pipeline.cc:623] => Image sees 42 / 108 points
I20261002 19:59:29.058484 24480 incremental_pipeline.cc:88] Retriangulation and Global bundle adjustment
I20261002 19:59:29.066895 24480 incremental_pipeline.cc:88] Retriangulation and Global bundle adjustment
W20261002 19:59:29.067925 24480 incremental_pipeline.cc:821] Discarding reconstruction due to insufficient size
I20261002 19:59:29.069544 24480 incremental_pipeline.cc:465] Finding good initial image pair
I20261002 19:59:29.086999 24480 incremental_pipeline.cc:492] Registering initial image pair #54 and #30
I20261002 19:59:29.087677 24480 incremental_pipeline.cc:510] Global bundle adjustment
I20261002 19:59:29.094023 24480 incremental_pipeline.cc:620] Registering image #71 (num_reg_frames=2)
I20261002 19:59:29.094219 24480 incremental_pipeline.cc:623] => Image sees 52 / 108 points
I20261002 19:59:29.097015 24480 incremental_pipeline.cc:88] Retriangulation and Global bundle adjustment
I20261002 19:59:29.110661 24480 incremental_pipeline.cc:88] Retriangulation and Global bundle adjustment
W20261002 19:59:29.111059 24480 incremental_pipeline.cc:821] Discarding reconstruction due to insufficient size
I20261002 19:59:29.112670 24480 incremental_pipeline.cc:465] Finding good initial image pair
I20261002 19:59:29.125737 24480 incremental_pipeline.cc:492] Registering initial image pair #59 and #75
I20261002 19:59:29.126420 24480 incremental_pipeline.cc:510] Global bundle adjustment
I20261002 19:59:29.132710 24480 incremental_pipeline.cc:620] Registering image #51 (num_reg_frames=2)
I20261002 19:59:29.132833 24480 incremental_pipeline.cc:623] => Image sees 51 / 107 points
I20261002 19:59:29.134325 24480 incremental_pipeline.cc:88] Retriangulation and Global bundle adjustment
I20261002 19:59:29.141690 24480 incremental_pipeline.cc:620] Registering image #71 (num_reg_frames=3)
I20261002 19:59:29.141807 24480 incremental_pipeline.cc:623] => Image sees 51 / 108 points
I20261002 19:59:29.145128 24480 incremental_pipeline.cc:88] Retriangulation and Global bundle adjustment
I20261002 19:59:29.158672 24480 incremental_pipeline.cc:620] Registering image #56 (num_reg_frames=4)
I20261002 19:59:29.158818 24480 incremental_pipeline.cc:623] => Image sees 76 / 114 points
I20261002 19:59:29.163674 24480 incremental_pipeline.cc:620] Registering image #67 (num_reg_frames=5)
I20261002 19:59:29.163812 24480 incremental_pipeline.cc:623] => Image sees 58 / 109 points
I20261002 19:59:29.169322 24480 incremental_pipeline.cc:88] Retriangulation and Global bundle adjustment
I20261002 19:59:29.214498 24480 incremental_pipeline.cc:620] Registering image #54 (num_reg_frames=6)
I20261002 19:59:29.214700 24480 incremental_pipeline.cc:623] => Image sees 79 / 106 points
I20261002 19:59:29.222070 24480 incremental_pipeline.cc:620] Registering image #74 (num_reg_frames=7)
I20261002 19:59:29.222174 24480 incremental_pipeline.cc:623] => Image sees 58 / 121 points
I20261002 19:59:29.228668 24480 incremental_pipeline.cc:620] Registering image #70 (num_reg_frames=8)
I20261002 19:59:29.228768 24480 incremental_pipeline.cc:623] => Image sees 82 / 114 points
I20261002 19:59:29.236336 24480 incremental_pipeline.cc:88] Retriangulation and Global bundle adjustment
I20261002 19:59:29.318162 24480 incremental_pipeline.cc:620] Registering image #73 (num_reg_frames=9)
I20261002 19:59:29.318334 24480 incremental_pipeline.cc:623] => Image sees 86 / 113 points
I20261002 19:59:29.329708 24480 incremental_pipeline.cc:620] Registering image #53 (num_reg_frames=10)
I20261002 19:59:29.329810 24480 incremental_pipeline.cc:623] => Image sees 93 / 111 points
I20261002 19:59:29.340535 24480 incremental_pipeline.cc:620] Registering image #66 (num_reg_frames=11)
I20261002 19:59:29.340710 24480 incremental_pipeline.cc:623] => Image sees 92 / 104 points
I20261002 19:59:29.351421 24480 incremental_pipeline.cc:620] Registering image #46 (num_reg_frames=12)
I20261002 19:59:29.351557 24480 incremental_pipeline.cc:623] => Image sees 84 / 112 points
I20261002 19:59:29.360639 24480 incremental_pipeline.cc:88] Retriangulation and Global bundle adjustment
I20261002 19:59:29.505941 24480 incremental_pipeline.cc:620] Registering image #61 (num_reg_frames=13)
I20261002 19:59:29.506128 24480 incremental_pipeline.cc:623] => Image sees 92 / 104 points
I20261002 19:59:29.515458 24480 incremental_pipeline.cc:620] Registering image #50 (num_reg_frames=14)
I20261002 19:59:29.515637 24480 incremental_pipeline.cc:623] => Image sees 94 / 113 points
I20261002 19:59:29.522713 24480 incremental_pipeline.cc:620] Registering image #57 (num_reg_frames=15)
I20261002 19:59:29.522813 24480 incremental_pipeline.cc:623] => Image sees 91 / 107 points
I20261002 19:59:29.530863 24480 incremental_pipeline.cc:620] Registering image #63 (num_reg_frames=16)
I20261002 19:59:29.530955 24480 incremental_pipeline.cc:623] => Image sees 89 / 107 points
I20261002 19:59:29.538305 24480 incremental_pipeline.cc:620] Registering image #72 (num_reg_frames=17)
I20261002 19:59:29.538479 24480 incremental_pipeline.cc:623] => Image sees 95 / 105 points
I20261002 19:59:29.544171 24480 incremental_pipeline.cc:620] Registering image #52 (num_reg_frames=18)
I20261002 19:59:29.544289 24480 incremental_pipeline.cc:623] => Image sees 87 / 103 points
I20261002 19:59:29.550717 24480 incremental_pipeline.cc:88] Retriangulation and Global bundle adjustment
I20261002 19:59:29.688123 24480 incremental_pipeline.cc:620] Registering image #55 (num_reg_frames=19)
I20261002 19:59:29.688279 24480 incremental_pipeline.cc:623] => Image sees 90 / 99 points
I20261002 19:59:29.694112 24480 incremental_pipeline.cc:620] Registering image #48 (num_reg_frames=20)
I20261002 19:59:29.694317 24480 incremental_pipeline.cc:623] => Image sees 93 / 105 points
I20261002 19:59:29.699958 24480 incremental_pipeline.cc:620] Registering image #60 (num_reg_frames=21)
I20261002 19:59:29.700164 24480 incremental_pipeline.cc:623] => Image sees 92 / 100 points
I20261002 19:59:29.705641 24480 incremental_pipeline.cc:620] Registering image #77 (num_reg_frames=22)
I20261002 19:59:29.705833 24480 incremental_pipeline.cc:623] => Image sees 87 / 125 points
I20261002 19:59:29.713053 24480 incremental_pipeline.cc:620] Registering image #44 (num_reg_frames=23)
I20261002 19:59:29.713172 24480 incremental_pipeline.cc:623] => Image sees 88 / 95 points
I20261002 19:59:29.719472 24480 incremental_pipeline.cc:620] Registering image #69 (num_reg_frames=24)
I20261002 19:59:29.719642 24480 incremental_pipeline.cc:623] => Image sees 93 / 102 points
I20261002 19:59:29.725016 24480 incremental_pipeline.cc:620] Registering image #58 (num_reg_frames=25)
I20261002 19:59:29.725134 24480 incremental_pipeline.cc:623] => Image sees 92 / 101 points
I20261002 19:59:29.729922 24480 incremental_pipeline.cc:620] Registering image #45 (num_reg_frames=26)
I20261002 19:59:29.730043 24480 incremental_pipeline.cc:623] => Image sees 88 / 99 points
I20261002 19:59:29.734526 24480 incremental_pipeline.cc:88] Retriangulation and Global bundle adjustment
I20261002 19:59:30.605898 24480 incremental_pipeline.cc:620] Registering image #68 (num_reg_frames=27)
I20261002 19:59:30.615031 24480 incremental_pipeline.cc:623] => Image sees 91 / 108 points
I20261002 19:59:30.620198 24480 incremental_pipeline.cc:620] Registering image #47 (num_reg_frames=28)
I20261002 19:59:30.620322 24480 incremental_pipeline.cc:623] => Image sees 89 / 106 points
I20261002 19:59:30.626664 24480 incremental_pipeline.cc:620] Registering image #43 (num_reg_frames=29)
I20261002 19:59:30.626764 24480 incremental_pipeline.cc:623] => Image sees 89 / 107 points
I20261002 19:59:30.632232 24480 incremental_pipeline.cc:620] Registering image #41 (num_reg_frames=30)
I20261002 19:59:30.632327 24480 incremental_pipeline.cc:623] => Image sees 95 / 120 points
I20261002 19:59:30.638981 24480 incremental_pipeline.cc:620] Registering image #64 (num_reg_frames=31)
I20261002 19:59:30.639100 24480 incremental_pipeline.cc:623] => Image sees 88 / 95 points
I20261002 19:59:30.643769 24480 incremental_pipeline.cc:620] Registering image #40 (num_reg_frames=32)
I20261002 19:59:30.643861 24480 incremental_pipeline.cc:623] => Image sees 87 / 93 points
I20261002 19:59:30.649119 24480 incremental_pipeline.cc:620] Registering image #62 (num_reg_frames=33)
I20261002 19:59:30.649241 24480 incremental_pipeline.cc:623] => Image sees 88 / 97 points
I20261002 19:59:30.654013 24480 incremental_pipeline.cc:620] Registering image #42 (num_reg_frames=34)
I20261002 19:59:30.654123 24480 incremental_pipeline.cc:623] => Image sees 87 / 101 points
I20261002 19:59:30.661741 24480 incremental_pipeline.cc:620] Registering image #30 (num_reg_frames=35)
I20261002 19:59:30.661843 24480 incremental_pipeline.cc:623] => Image sees 87 / 96 points
I20261002 19:59:30.669780 24480 incremental_pipeline.cc:620] Registering image #32 (num_reg_frames=36)
I20261002 19:59:30.669968 24480 incremental_pipeline.cc:623] => Image sees 90 / 102 points
I20261002 19:59:30.677701 24480 incremental_pipeline.cc:620] Registering image #33 (num_reg_frames=37)
I20261002 19:59:30.677801 24480 incremental_pipeline.cc:623] => Image sees 91 / 105 points
I20261002 19:59:30.681821 24480 incremental_pipeline.cc:88] Retriangulation and Global bundle adjustment
I20261002 19:59:32.211841 24480 incremental_pipeline.cc:620] Registering image #36 (num_reg_frames=38)
I20261002 19:59:32.220981 24480 incremental_pipeline.cc:623] => Image sees 88 / 93 points
I20261002 19:59:32.226001 24480 incremental_pipeline.cc:620] Registering image #38 (num_reg_frames=39)
I20261002 19:59:32.226175 24480 incremental_pipeline.cc:623] => Image sees 89 / 103 points
I20261002 19:59:32.232818 24480 incremental_pipeline.cc:620] Registering image #65 (num_reg_frames=40)
I20261002 19:59:32.232945 24480 incremental_pipeline.cc:623] => Image sees 94 / 100 points
I20261002 19:59:32.239941 24480 incremental_pipeline.cc:620] Registering image #39 (num_reg_frames=41)
I20261002 19:59:32.240078 24480 incremental_pipeline.cc:623] => Image sees 84 / 98 points
I20261002 19:59:32.247544 24480 incremental_pipeline.cc:620] Registering image #35 (num_reg_frames=42)
I20261002 19:59:32.247651 24480 incremental_pipeline.cc:623] => Image sees 86 / 95 points
I20261002 19:59:32.252879 24480 incremental_pipeline.cc:620] Registering image #37 (num_reg_frames=43)
I20261002 19:59:32.252982 24480 incremental_pipeline.cc:623] => Image sees 85 / 95 points
I20261002 19:59:32.259570 24480 incremental_pipeline.cc:620] Registering image #49 (num_reg_frames=44)
I20261002 19:59:32.259671 24480 incremental_pipeline.cc:623] => Image sees 91 / 98 points
I20261002 19:59:32.266095 24480 incremental_pipeline.cc:620] Registering image #28 (num_reg_frames=45)
I20261002 19:59:32.266197 24480 incremental_pipeline.cc:623] => Image sees 86 / 99 points
I20261002 19:59:32.273745 24480 incremental_pipeline.cc:620] Registering image #34 (num_reg_frames=46)
I20261002 19:59:32.273857 24480 incremental_pipeline.cc:623] => Image sees 86 / 91 points
I20261002 19:59:32.279080 24480 incremental_pipeline.cc:620] Registering image #26 (num_reg_frames=47)
I20261002 19:59:32.279184 24480 incremental_pipeline.cc:623] => Image sees 83 / 87 points
I20261002 19:59:32.286959 24480 incremental_pipeline.cc:620] Registering image #76 (num_reg_frames=48)
I20261002 19:59:32.287063 24480 incremental_pipeline.cc:623] => Image sees 78 / 110 points
I20261002 19:59:32.294580 24480 incremental_pipeline.cc:620] Registering image #78 (num_reg_frames=49)
I20261002 19:59:32.294711 24480 incremental_pipeline.cc:623] => Image sees 86 / 132 points
I20261002 19:59:32.302289 24480 incremental_pipeline.cc:620] Registering image #81 (num_reg_frames=50)
I20261002 19:59:32.302401 24480 incremental_pipeline.cc:623] => Image sees 83 / 116 points
I20261002 19:59:32.310682 24480 incremental_pipeline.cc:88] Retriangulation and Global bundle adjustment
I20261002 19:59:35.769418 24480 incremental_pipeline.cc:88] Retriangulation and Global bundle adjustment
W20261002 19:59:35.778663 24480 incremental_mapper.cc:1155] At least two images must be registered for global bundle-adjustment
W20261002 19:59:35.778812 24480 incremental_pipeline.cc:821] Discarding reconstruction due to insufficient size
I20261002 19:59:35.779671 24480 incremental_pipeline.cc:465] Finding good initial image pair
I20261002 19:59:35.787686 24480 incremental_pipeline.cc:492] Registering initial image pair #53 and #38
I20261002 19:59:35.788253 24480 incremental_pipeline.cc:510] Global bundle adjustment
I20261002 19:59:35.793711 24480 incremental_pipeline.cc:620] Registering image #71 (num_reg_frames=2)
I20261002 19:59:35.793809 24480 incremental_pipeline.cc:623] => Image sees 42 / 108 points
I20261002 19:59:35.796024 24480 incremental_pipeline.cc:88] Retriangulation and Global bundle adjustment
I20261002 19:59:35.804534 24480 incremental_pipeline.cc:620] Registering image #73 (num_reg_frames=3)
I20261002 19:59:35.804652 24480 incremental_pipeline.cc:623] => Image sees 59 / 113 points
I20261002 19:59:35.808502 24480 incremental_pipeline.cc:620] Registering image #54 (num_reg_frames=4)
I20261002 19:59:35.808640 24480 incremental_pipeline.cc:623] => Image sees 57 / 106 points
I20261002 19:59:35.811449 24480 incremental_pipeline.cc:88] Retriangulation and Global bundle adjustment
I20261002 19:59:35.825387 24480 incremental_pipeline.cc:620] Registering image #70 (num_reg_frames=5)
I20261002 19:59:35.825506 24480 incremental_pipeline.cc:623] => Image sees 58 / 114 points
I20261002 19:59:35.839709 24480 incremental_pipeline.cc:620] Registering image #46 (num_reg_frames=6)
I20261002 19:59:35.839848 24480 incremental_pipeline.cc:623] => Image sees 72 / 112 points
I20261002 19:59:35.845233 24480 incremental_pipeline.cc:88] Retriangulation and Global bundle adjustment
I20261002 19:59:35.890668 24480 incremental_pipeline.cc:620] Registering image #67 (num_reg_frames=7)
I20261002 19:59:35.890856 24480 incremental_pipeline.cc:623] => Image sees 62 / 109 points
I20261002 19:59:35.896811 24480 incremental_pipeline.cc:620] Registering image #51 (num_reg_frames=8)
I20261002 19:59:35.896938 24480 incremental_pipeline.cc:623] => Image sees 69 / 107 points
I20261002 19:59:35.902335 24480 incremental_pipeline.cc:620] Registering image #63 (num_reg_frames=9)
I20261002 19:59:35.902458 24480 incremental_pipeline.cc:623] => Image sees 57 / 107 points
I20261002 19:59:35.907651 24480 incremental_pipeline.cc:88] Retriangulation and Global bundle adjustment
I20261002 19:59:35.942211 24480 incremental_pipeline.cc:620] Registering image #72 (num_reg_frames=10)
I20261002 19:59:35.942339 24480 incremental_pipeline.cc:623] => Image sees 61 / 105 points
I20261002 19:59:35.948617 24480 incremental_pipeline.cc:620] Registering image #56 (num_reg_frames=11)
I20261002 19:59:35.948742 24480 incremental_pipeline.cc:623] => Image sees 78 / 114 points
I20261002 19:59:35.956331 24480 incremental_pipeline.cc:88] Retriangulation and Global bundle adjustment
I20261002 19:59:36.064615 24480 incremental_pipeline.cc:620] Registering image #50 (num_reg_frames=12)
I20261002 19:59:36.064811 24480 incremental_pipeline.cc:623] => Image sees 77 / 113 points
I20261002 19:59:36.072843 24480 incremental_pipeline.cc:620] Registering image #68 (num_reg_frames=13)
I20261002 19:59:36.072964 24480 incremental_pipeline.cc:623] => Image sees 77 / 108 points
I20261002 19:59:36.080729 24480 incremental_pipeline.cc:620] Registering image #52 (num_reg_frames=14)
I20261002 19:59:36.080854 24480 incremental_pipeline.cc:623] => Image sees 70 / 103 points
I20261002 19:59:36.089367 24480 incremental_pipeline.cc:620] Registering image #48 (num_reg_frames=15)
I20261002 19:59:36.089518 24480 incremental_pipeline.cc:623] => Image sees 74 / 105 points
I20261002 19:59:36.094840 24480 incremental_pipeline.cc:620] Registering image #66 (num_reg_frames=16)
I20261002 19:59:36.094960 24480 incremental_pipeline.cc:623] => Image sees 73 / 104 points
I20261002 19:59:36.098631 24480 incremental_pipeline.cc:88] Retriangulation and Global bundle adjustment
I20261002 19:59:36.340432 24480 incremental_pipeline.cc:620] Registering image #59 (num_reg_frames=17)
I20261002 19:59:36.340576 24480 incremental_pipeline.cc:623] => Image sees 65 / 113 points
I20261002 19:59:36.349699 24480 incremental_pipeline.cc:88] Retriangulation and Global bundle adjustment
I20261002 19:59:36.544642 24480 incremental_pipeline.cc:620] Registering image #61 (num_reg_frames=18)
I20261002 19:59:36.544791 24480 incremental_pipeline.cc:623] => Image sees 67 / 104 points
I20261002 19:59:36.550445 24480 incremental_pipeline.cc:620] Registering image #57 (num_reg_frames=19)
I20261002 19:59:36.550560 24480 incremental_pipeline.cc:623] => Image sees 81 / 107 points
I20261002 19:59:36.556092 24480 incremental_pipeline.cc:88] Retriangulation and Global bundle adjustment
I20261002 19:59:36.814907 24480 incremental_pipeline.cc:620] Registering image #47 (num_reg_frames=20)
I20261002 19:59:36.815104 24480 incremental_pipeline.cc:623] => Image sees 84 / 106 points
I20261002 19:59:36.821642 24480 incremental_pipeline.cc:620] Registering image #58 (num_reg_frames=21)
I20261002 19:59:36.821783 24480 incremental_pipeline.cc:623] => Image sees 85 / 101 points
I20261002 19:59:36.826341 24480 incremental_pipeline.cc:620] Registering image #45 (num_reg_frames=22)
I20261002 19:59:36.826451 24480 incremental_pipeline.cc:623] => Image sees 81 / 99 points
I20261002 19:59:36.831888 24480 incremental_pipeline.cc:620] Registering image #44 (num_reg_frames=23)
I20261002 19:59:36.832001 24480 incremental_pipeline.cc:623] => Image sees 84 / 95 points
I20261002 19:59:36.837658 24480 incremental_pipeline.cc:620] Registering image #64 (num_reg_frames=24)
I20261002 19:59:36.837778 24480 incremental_pipeline.cc:623] => Image sees 84 / 95 points
I20261002 19:59:36.842223 24480 incremental_pipeline.cc:620] Registering image #62 (num_reg_frames=25)
I20261002 19:59:36.842338 24480 incremental_pipeline.cc:623] => Image sees 85 / 97 points
I20261002 19:59:36.848502 24480 incremental_pipeline.cc:620] Registering image #60 (num_reg_frames=26)
I20261002 19:59:36.848609 24480 incremental_pipeline.cc:623] => Image sees 85 / 100 points
I20261002 19:59:36.855233 24480 incremental_pipeline.cc:620] Registering image #55 (num_reg_frames=27)
I20261002 19:59:36.855367 24480 incremental_pipeline.cc:623] => Image sees 84 / 99 points
I20261002 19:59:36.859173 24480 incremental_pipeline.cc:88] Retriangulation and Global bundle adjustment
I20261002 19:59:37.485502 24480 incremental_pipeline.cc:620] Registering image #43 (num_reg_frames=28)
I20261002 19:59:37.494600 24480 incremental_pipeline.cc:623] => Image sees 68 / 107 points
I20261002 19:59:37.500629 24480 incremental_pipeline.cc:620] Registering image #42 (num_reg_frames=29)
I20261002 19:59:37.500810 24480 incremental_pipeline.cc:623] => Image sees 75 / 101 points
I20261002 19:59:37.508702 24480 incremental_pipeline.cc:620] Registering image #41 (num_reg_frames=30)
I20261002 19:59:37.508873 24480 incremental_pipeline.cc:623] => Image sees 82 / 120 points
I20261002 19:59:37.514276 24480 incremental_pipeline.cc:88] Retriangulation and Global bundle adjustment
I20261002 19:59:38.265561 24480 incremental_pipeline.cc:620] Registering image #74 (num_reg_frames=31)
I20261002 19:59:38.274633 24480 incremental_pipeline.cc:623] => Image sees 83 / 121 points
I20261002 19:59:38.280586 24480 incremental_pipeline.cc:620] Registering image #77 (num_reg_frames=32)
I20261002 19:59:38.280715 24480 incremental_pipeline.cc:623] => Image sees 78 / 125 points
I20261002 19:59:38.287776 24480 incremental_pipeline.cc:620] Registering image #69 (num_reg_frames=33)
I20261002 19:59:38.287905 24480 incremental_pipeline.cc:623] => Image sees 84 / 102 points
I20261002 19:59:38.294876 24480 incremental_pipeline.cc:620] Registering image #30 (num_reg_frames=34)
I20261002 19:59:38.294991 24480 incremental_pipeline.cc:623] => Image sees 81 / 96 points
I20261002 19:59:38.303329 24480 incremental_pipeline.cc:620] Registering image #32 (num_reg_frames=35)
I20261002 19:59:38.303461 24480 incremental_pipeline.cc:623] => Image sees 85 / 102 points
I20261002 19:59:38.308906 24480 incremental_pipeline.cc:620] Registering image #36 (num_reg_frames=36)
I20261002 19:59:38.309024 24480 incremental_pipeline.cc:623] => Image sees 84 / 93 points
I20261002 19:59:38.317482 24480 incremental_pipeline.cc:620] Registering image #33 (num_reg_frames=37)
I20261002 19:59:38.317650 24480 incremental_pipeline.cc:623] => Image sees 89 / 105 points
I20261002 19:59:38.324571 24480 incremental_pipeline.cc:620] Registering image #28 (num_reg_frames=38)
I20261002 19:59:38.324727 24480 incremental_pipeline.cc:623] => Image sees 85 / 99 points
I20261002 19:59:38.332016 24480 incremental_pipeline.cc:620] Registering image #40 (num_reg_frames=39)
I20261002 19:59:38.332223 24480 incremental_pipeline.cc:623] => Image sees 82 / 93 points
I20261002 19:59:38.337790 24480 incremental_pipeline.cc:620] Registering image #65 (num_reg_frames=40)
I20261002 19:59:38.337912 24480 incremental_pipeline.cc:623] => Image sees 86 / 100 points
I20261002 19:59:38.343968 24480 incremental_pipeline.cc:620] Registering image #75 (num_reg_frames=41)
I20261002 19:59:38.344088 24480 incremental_pipeline.cc:623] => Image sees 85 / 104 points
I20261002 19:59:38.351558 24480 incremental_pipeline.cc:620] Registering image #39 (num_reg_frames=42)
I20261002 19:59:38.351689 24480 incremental_pipeline.cc:623] => Image sees 81 / 98 points
I20261002 19:59:38.358132 24480 incremental_pipeline.cc:620] Registering image #37 (num_reg_frames=43)
I20261002 19:59:38.358253 24480 incremental_pipeline.cc:623] => Image sees 80 / 95 points
I20261002 19:59:38.362510 24480 incremental_pipeline.cc:88] Retriangulation and Global bundle adjustment
I20261002 19:59:39.285672 24480 incremental_pipeline.cc:88] Retriangulation and Global bundle adjustment
W20261002 19:59:39.294848 24480 incremental_mapper.cc:1155] At least two images must be registered for global bundle-adjustment
W20261002 19:59:39.294974 24480 incremental_pipeline.cc:821] Discarding reconstruction due to insufficient size
I20261002 19:59:39.296560 24480 incremental_pipeline.cc:465] Finding good initial image pair
I20261002 19:59:39.303798 24480 incremental_pipeline.cc:492] Registering initial image pair #59 and #38
I20261002 19:59:39.304458 24480 incremental_pipeline.cc:510] Global bundle adjustment
I20261002 19:59:39.310783 24480 incremental_pipeline.cc:620] Registering image #56 (num_reg_frames=2)
I20261002 19:59:39.310901 24480 incremental_pipeline.cc:623] => Image sees 52 / 114 points
I20261002 19:59:39.312226 24480 incremental_pipeline.cc:88] Retriangulation and Global bundle adjustment
I20261002 19:59:39.319697 24480 incremental_pipeline.cc:620] Registering image #70 (num_reg_frames=3)
I20261002 19:59:39.319812 24480 incremental_pipeline.cc:623] => Image sees 51 / 114 points
I20261002 19:59:39.322670 24480 incremental_pipeline.cc:620] Registering image #54 (num_reg_frames=4)
I20261002 19:59:39.322797 24480 incremental_pipeline.cc:623] => Image sees 50 / 106 points
I20261002 19:59:39.324579 24480 incremental_pipeline.cc:88] Retriangulation and Global bundle adjustment
I20261002 19:59:39.337373 24480 incremental_pipeline.cc:620] Registering image #72 (num_reg_frames=5)
I20261002 19:59:39.337512 24480 incremental_pipeline.cc:623] => Image sees 51 / 105 points
I20261002 19:59:39.348600 24480 incremental_pipeline.cc:620] Registering image #71 (num_reg_frames=6)
I20261002 19:59:39.348756 24480 incremental_pipeline.cc:623] => Image sees 56 / 108 points
I20261002 19:59:39.355375 24480 incremental_pipeline.cc:88] Retriangulation and Global bundle adjustment
I20261002 19:59:39.377610 24480 incremental_pipeline.cc:620] Registering image #73 (num_reg_frames=7)
I20261002 19:59:39.377786 24480 incremental_pipeline.cc:623] => Image sees 62 / 113 points
I20261002 19:59:39.384904 24480 incremental_pipeline.cc:620] Registering image #67 (num_reg_frames=8)
I20261002 19:59:39.385035 24480 incremental_pipeline.cc:623] => Image sees 62 / 109 points
I20261002 19:59:39.392761 24480 incremental_pipeline.cc:620] Registering image #53 (num_reg_frames=9)
I20261002 19:59:39.392874 24480 incremental_pipeline.cc:623] => Image sees 62 / 111 points
I20261002 19:59:39.402233 24480 incremental_pipeline.cc:88] Retriangulation and Global bundle adjustment
I20261002 19:59:39.450187 24480 incremental_pipeline.cc:620] Registering image #50 (num_reg_frames=10)
I20261002 19:59:39.450437 24480 incremental_pipeline.cc:623] => Image sees 82 / 113 points
I20261002 19:59:39.461463 24480 incremental_pipeline.cc:620] Registering image #46 (num_reg_frames=11)
I20261002 19:59:39.461637 24480 incremental_pipeline.cc:623] => Image sees 80 / 112 points
I20261002 19:59:39.473259 24480 incremental_pipeline.cc:620] Registering image #63 (num_reg_frames=12)
I20261002 19:59:39.473433 24480 incremental_pipeline.cc:623] => Image sees 82 / 107 points
I20261002 19:59:39.481098 24480 incremental_pipeline.cc:620] Registering image #51 (num_reg_frames=13)
I20261002 19:59:39.481236 24480 incremental_pipeline.cc:623] => Image sees 73 / 107 points
I20261002 19:59:39.490324 24480 incremental_pipeline.cc:88] Retriangulation and Global bundle adjustment
I20261002 19:59:39.564094 24480 incremental_pipeline.cc:620] Registering image #48 (num_reg_frames=14)
I20261002 19:59:39.564406 24480 incremental_pipeline.cc:623] => Image sees 80 / 105 points
I20261002 19:59:39.564628 24480 incremental_pipeline.cc:646] => Could not register, trying another image.
I20261002 19:59:39.564748 24480 incremental_pipeline.cc:620] Registering image #47 (num_reg_frames=14)
I20261002 19:59:39.564864 24480 incremental_pipeline.cc:623] => Image sees 78 / 106 points
I20261002 19:59:39.564966 24480 incremental_pipeline.cc:646] => Could not register, trying another image.
I20261002 19:59:39.565036 24480 incremental_pipeline.cc:620] Registering image #66 (num_reg_frames=14)
I20261002 19:59:39.565100 24480 incremental_pipeline.cc:623] => Image sees 80 / 104 points
I20261002 19:59:39.565178 24480 incremental_pipeline.cc:646] => Could not register, trying another image.
I20261002 19:59:39.565331 24480 incremental_pipeline.cc:620] Registering image #61 (num_reg_frames=14)
I20261002 19:59:39.565397 24480 incremental_pipeline.cc:623] => Image sees 79 / 104 points
I20261002 19:59:39.565474 24480 incremental_pipeline.cc:646] => Could not register, trying another image.
I20261002 19:59:39.565534 24480 incremental_pipeline.cc:620] Registering image #58 (num_reg_frames=14)
I20261002 19:59:39.565595 24480 incremental_pipeline.cc:623] => Image sees 77 / 101 points
I20261002 19:59:39.565667 24480 incremental_pipeline.cc:646] => Could not register, trying another image.
I20261002 19:59:39.565726 24480 incremental_pipeline.cc:620] Registering image #52 (num_reg_frames=14)
I20261002 19:59:39.565786 24480 incremental_pipeline.cc:623] => Image sees 73 / 103 points
I20261002 19:59:39.565864 24480 incremental_pipeline.cc:646] => Could not register, trying another image.
I20261002 19:59:39.565929 24480 incremental_pipeline.cc:620] Registering image #64 (num_reg_frames=14)
I20261002 19:59:39.565989 24480 incremental_pipeline.cc:623] => Image sees 75 / 95 points
I20261002 19:59:39.566063 24480 incremental_pipeline.cc:646] => Could not register, trying another image.
I20261002 19:59:39.566124 24480 incremental_pipeline.cc:620] Registering image #55 (num_reg_frames=14)
I20261002 19:59:39.566183 24480 incremental_pipeline.cc:623] => Image sees 76 / 99 points
I20261002 19:59:39.566258 24480 incremental_pipeline.cc:646] => Could not register, trying another image.
I20261002 19:59:39.566318 24480 incremental_pipeline.cc:620] Registering image #57 (num_reg_frames=14)
I20261002 19:59:39.566378 24480 incremental_pipeline.cc:623] => Image sees 78 / 107 points
I20261002 19:59:39.566451 24480 incremental_pipeline.cc:646] => Could not register, trying another image.
I20261002 19:59:39.566514 24480 incremental_pipeline.cc:620] Registering image #62 (num_reg_frames=14)
I20261002 19:59:39.566573 24480 incremental_pipeline.cc:623] => Image sees 76 / 97 points
I20261002 19:59:39.566646 24480 incremental_pipeline.cc:646] => Could not register, trying another image.
I20261002 19:59:39.566706 24480 incremental_pipeline.cc:620] Registering image #40 (num_reg_frames=14)
I20261002 19:59:39.566765 24480 incremental_pipeline.cc:623] => Image sees 74 / 93 points
I20261002 19:59:39.566838 24480 incremental_pipeline.cc:646] => Could not register, trying another image.
I20261002 19:59:39.566898 24480 incremental_pipeline.cc:620] Registering image #69 (num_reg_frames=14)
I20261002 19:59:39.566960 24480 incremental_pipeline.cc:623] => Image sees 76 / 102 points
I20261002 19:59:39.567033 24480 incremental_pipeline.cc:646] => Could not register, trying another image.
I20261002 19:59:39.567093 24480 incremental_pipeline.cc:620] Registering image #68 (num_reg_frames=14)
I20261002 19:59:39.567154 24480 incremental_pipeline.cc:623] => Image sees 76 / 108 points
I20261002 19:59:39.567229 24480 incremental_pipeline.cc:646] => Could not register, trying another image.
I20261002 19:59:39.567288 24480 incremental_pipeline.cc:620] Registering image #43 (num_reg_frames=14)
I20261002 19:59:39.567348 24480 incremental_pipeline.cc:623] => Image sees 74 / 107 points
I20261002 19:59:39.567420 24480 incremental_pipeline.cc:646] => Could not register, trying another image.
I20261002 19:59:39.567494 24480 incremental_pipeline.cc:620] Registering image #74 (num_reg_frames=14)
I20261002 19:59:39.567553 24480 incremental_pipeline.cc:623] => Image sees 75 / 121 points
I20261002 19:59:39.567627 24480 incremental_pipeline.cc:646] => Could not register, trying another image.
I20261002 19:59:39.567689 24480 incremental_pipeline.cc:620] Registering image #45 (num_reg_frames=14)
I20261002 19:59:39.567751 24480 incremental_pipeline.cc:623] => Image sees 72 / 99 points
I20261002 19:59:39.567822 24480 incremental_pipeline.cc:646] => Could not register, trying another image.
I20261002 19:59:39.567881 24480 incremental_pipeline.cc:620] Registering image #30 (num_reg_frames=14)
I20261002 19:59:39.567939 24480 incremental_pipeline.cc:623] => Image sees 73 / 96 points
I20261002 19:59:39.568029 24480 incremental_pipeline.cc:646] => Could not register, trying another image.
I20261002 19:59:39.568088 24480 incremental_pipeline.cc:620] Registering image #49 (num_reg_frames=14)
I20261002 19:59:39.568146 24480 incremental_pipeline.cc:623] => Image sees 73 / 98 points
I20261002 19:59:39.568215 24480 incremental_pipeline.cc:646] => Could not register, trying another image.
I20261002 19:59:39.568272 24480 incremental_pipeline.cc:620] Registering image #44 (num_reg_frames=14)
I20261002 19:59:39.568331 24480 incremental_pipeline.cc:623] => Image sees 69 / 95 points
I20261002 19:59:39.568400 24480 incremental_pipeline.cc:646] => Could not register, trying another image.
I20261002 19:59:39.568458 24480 incremental_pipeline.cc:620] Registering image #36 (num_reg_frames=14)
I20261002 19:59:39.568516 24480 incremental_pipeline.cc:623] => Image sees 70 / 93 points
I20261002 19:59:39.568588 24480 incremental_pipeline.cc:646] => Could not register, trying another image.
I20261002 19:59:39.568646 24480 incremental_pipeline.cc:620] Registering image #65 (num_reg_frames=14)
I20261002 19:59:39.568704 24480 incremental_pipeline.cc:623] => Image sees 70 / 100 points
I20261002 19:59:39.568776 24480 incremental_pipeline.cc:646] => Could not register, trying another image.
I20261002 19:59:39.568836 24480 incremental_pipeline.cc:620] Registering image #42 (num_reg_frames=14)
I20261002 19:59:39.568894 24480 incremental_pipeline.cc:623] => Image sees 71 / 101 points
I20261002 19:59:39.568981 24480 incremental_pipeline.cc:646] => Could not register, trying another image.
I20261002 19:59:39.569040 24480 incremental_pipeline.cc:620] Registering image #60 (num_reg_frames=14)
I20261002 19:59:39.569099 24480 incremental_pipeline.cc:623] => Image sees 67 / 100 points
I20261002 19:59:39.569170 24480 incremental_pipeline.cc:646] => Could not register, trying another image.
I20261002 19:59:39.569226 24480 incremental_pipeline.cc:620] Registering image #33 (num_reg_frames=14)
I20261002 19:59:39.569282 24480 incremental_pipeline.cc:623] => Image sees 68 / 105 points
I20261002 19:59:39.569346 24480 incremental_pipeline.cc:646] => Could not register, trying another image.
I20261002 19:59:39.569401 24480 incremental_pipeline.cc:620] Registering image #28 (num_reg_frames=14)
I20261002 19:59:39.569457 24480 incremental_pipeline.cc:623] => Image sees 68 / 99 points
I20261002 19:59:39.569522 24480 incremental_pipeline.cc:646] => Could not register, trying another image.
I20261002 19:59:39.569577 24480 incremental_pipeline.cc:620] Registering image #37 (num_reg_frames=14)
I20261002 19:59:39.569632 24480 incremental_pipeline.cc:623] => Image sees 65 / 95 points
I20261002 19:59:39.569698 24480 incremental_pipeline.cc:646] => Could not register, trying another image.
I20261002 19:59:39.569754 24480 incremental_pipeline.cc:620] Registering image #77 (num_reg_frames=14)
I20261002 19:59:39.569809 24480 incremental_pipeline.cc:623] => Image sees 63 / 125 points
I20261002 19:59:39.569876 24480 incremental_pipeline.cc:646] => Could not register, trying another image.
I20261002 19:59:39.569934 24480 incremental_pipeline.cc:620] Registering image #41 (num_reg_frames=14)
I20261002 19:59:39.570027 24480 incremental_pipeline.cc:623] => Image sees 67 / 120 points
I20261002 19:59:39.570257 24480 incremental_pipeline.cc:646] => Could not register, trying another image.
I20261002 19:59:39.570356 24480 incremental_pipeline.cc:620] Registering image #32 (num_reg_frames=14)
I20261002 19:59:39.570420 24480 incremental_pipeline.cc:623] => Image sees 63 / 102 points
I20261002 19:59:39.570489 24480 incremental_pipeline.cc:646] => Could not register, trying another image.
I20261002 19:59:39.570547 24480 incremental_pipeline.cc:620] Registering image #75 (num_reg_frames=14)
I20261002 19:59:39.570614 24480 incremental_pipeline.cc:623] => Image sees 64 / 104 points
I20261002 19:59:39.570796 24480 incremental_pipeline.cc:646] => Could not register, trying another image.
I20261002 19:59:39.570871 24480 incremental_pipeline.cc:620] Registering image #35 (num_reg_frames=14)
I20261002 19:59:39.570931 24480 incremental_pipeline.cc:623] => Image sees 62 / 95 points
I20261002 19:59:39.571001 24480 incremental_pipeline.cc:646] => Could not register, trying another image.
I20261002 19:59:39.571058 24480 incremental_pipeline.cc:620] Registering image #34 (num_reg_frames=14)
I20261002 19:59:39.571187 24480 incremental_pipeline.cc:623] => Image sees 63 / 91 points
I20261002 19:59:39.571331 24480 incremental_pipeline.cc:646] => Could not register, trying another image.
I20261002 19:59:39.571412 24480 incremental_pipeline.cc:620] Registering image #39 (num_reg_frames=14)
I20261002 19:59:39.571490 24480 incremental_pipeline.cc:623] => Image sees 59 / 98 points
I20261002 19:59:39.571603 24480 incremental_pipeline.cc:646] => Could not register, trying another image.
I20261002 19:59:39.571672 24480 incremental_pipeline.cc:620] Registering image #26 (num_reg_frames=14)
I20261002 19:59:39.571764 24480 incremental_pipeline.cc:623] => Image sees 57 / 87 points
I20261002 19:59:39.571893 24480 incremental_pipeline.cc:646] => Could not register, trying another image.
I20261002 19:59:39.571950 24480 incremental_pipeline.cc:620] Registering image #76 (num_reg_frames=14)
I20261002 19:59:39.572000 24480 incremental_pipeline.cc:623] => Image sees 56 / 110 points
I20261002 19:59:39.572058 24480 incremental_pipeline.cc:646] => Could not register, trying another image.
I20261002 19:59:39.572138 24480 incremental_pipeline.cc:620] Registering image #79 (num_reg_frames=14)
I20261002 19:59:39.572213 24480 incremental_pipeline.cc:623] => Image sees 60 / 125 points
I20261002 19:59:39.572296 24480 incremental_pipeline.cc:646] => Could not register, trying another image.
I20261002 19:59:39.572353 24480 incremental_pipeline.cc:620] Registering image #82 (num_reg_frames=14)
I20261002 19:59:39.572408 24480 incremental_pipeline.cc:623] => Image sees 55 / 127 points
I20261002 19:59:39.572474 24480 incremental_pipeline.cc:646] => Could not register, trying another image.
I20261002 19:59:39.572530 24480 incremental_pipeline.cc:620] Registering image #78 (num_reg_frames=14)
I20261002 19:59:39.572589 24480 incremental_pipeline.cc:623] => Image sees 54 / 132 points
I20261002 19:59:39.572654 24480 incremental_pipeline.cc:646] => Could not register, trying another image.
I20261002 19:59:39.572757 24480 incremental_pipeline.cc:620] Registering image #21 (num_reg_frames=14)
I20261002 19:59:39.572979 24480 incremental_pipeline.cc:623] => Image sees 43 / 125 points
I20261002 19:59:39.573105 24480 incremental_pipeline.cc:646] => Could not register, trying another image.
I20261002 19:59:39.573183 24480 incremental_pipeline.cc:620] Registering image #90 (num_reg_frames=14)
I20261002 19:59:39.573235 24480 incremental_pipeline.cc:623] => Image sees 50 / 128 points
I20261002 19:59:39.573303 24480 incremental_pipeline.cc:646] => Could not register, trying another image.
I20261002 19:59:39.573348 24480 incremental_pipeline.cc:620] Registering image #81 (num_reg_frames=14)
I20261002 19:59:39.573393 24480 incremental_pipeline.cc:623] => Image sees 50 / 116 points
I20261002 19:59:39.573445 24480 incremental_pipeline.cc:646] => Could not register, trying another image.
I20261002 19:59:39.573490 24480 incremental_pipeline.cc:620] Registering image #80 (num_reg_frames=14)
I20261002 19:59:39.573571 24480 incremental_pipeline.cc:623] => Image sees 46 / 115 points
I20261002 19:59:39.573645 24480 incremental_pipeline.cc:646] => Could not register, trying another image.
I20261002 19:59:39.573700 24480 incremental_pipeline.cc:620] Registering image #84 (num_reg_frames=14)
I20261002 19:59:39.573769 24480 incremental_pipeline.cc:623] => Image sees 46 / 113 points
I20261002 19:59:39.573838 24480 incremental_pipeline.cc:646] => Could not register, trying another image.
I20261002 19:59:39.573896 24480 incremental_pipeline.cc:620] Registering image #88 (num_reg_frames=14)
I20261002 19:59:39.573953 24480 incremental_pipeline.cc:623] => Image sees 41 / 130 points
I20261002 19:59:39.574017 24480 incremental_pipeline.cc:646] => Could not register, trying another image.
I20261002 19:59:39.574073 24480 incremental_pipeline.cc:620] Registering image #89 (num_reg_frames=14)
I20261002 19:59:39.574128 24480 incremental_pipeline.cc:623] => Image sees 40 / 119 points
I20261002 19:59:39.574191 24480 incremental_pipeline.cc:646] => Could not register, trying another image.
I20261002 19:59:39.574250 24480 incremental_pipeline.cc:620] Registering image #91 (num_reg_frames=14)
I20261002 19:59:39.574306 24480 incremental_pipeline.cc:623] => Image sees 40 / 107 points
I20261002 19:59:39.574369 24480 incremental_pipeline.cc:646] => Could not register, trying another image.
I20261002 19:59:39.574424 24480 incremental_pipeline.cc:620] Registering image #85 (num_reg_frames=14)
I20261002 19:59:39.574479 24480 incremental_pipeline.cc:623] => Image sees 36 / 113 points
I20261002 19:59:39.574545 24480 incremental_pipeline.cc:646] => Could not register, trying another image.
I20261002 19:59:39.574600 24480 incremental_pipeline.cc:620] Registering image #86 (num_reg_frames=14)
I20261002 19:59:39.574656 24480 incremental_pipeline.cc:623] => Image sees 37 / 125 points
I20261002 19:59:39.574718 24480 incremental_pipeline.cc:646] => Could not register, trying another image.
I20261002 19:59:39.574773 24480 incremental_pipeline.cc:620] Registering image #83 (num_reg_frames=14)
I20261002 19:59:39.574828 24480 incremental_pipeline.cc:623] => Image sees 34 / 115 points
I20261002 19:59:39.574890 24480 incremental_pipeline.cc:646] => Could not register, trying another image.
I20261002 19:59:39.574946 24480 incremental_pipeline.cc:620] Registering image #94 (num_reg_frames=14)
I20261002 19:59:39.575002 24480 incremental_pipeline.cc:623] => Image sees 31 / 135 points
I20261002 19:59:39.575064 24480 incremental_pipeline.cc:646] => Could not register, trying another image.
I20261002 19:59:39.575128 24480 incremental_pipeline.cc:620] Registering image #42 (num_reg_frames=14)
I20261002 19:59:39.575185 24480 incremental_pipeline.cc:623] => Image sees 71 / 101 points
I20261002 19:59:39.575239 24480 incremental_pipeline.cc:629] Registering image with structure-less fallback
I20261002 19:59:39.575297 24480 incremental_pipeline.cc:631] => Image sees 843 / 2917 correspondences
I20261002 19:59:39.575378 24480 incremental_pipeline.cc:646] => Could not register, trying another image.
I20261002 19:59:39.575433 24480 incremental_pipeline.cc:620] Registering image #30 (num_reg_frames=14)
I20261002 19:59:39.575488 24480 incremental_pipeline.cc:623] => Image sees 73 / 96 points
I20261002 19:59:39.575544 24480 incremental_pipeline.cc:629] Registering image with structure-less fallback
I20261002 19:59:39.575598 24480 incremental_pipeline.cc:631] => Image sees 808 / 2945 correspondences
I20261002 19:59:39.575677 24480 incremental_pipeline.cc:646] => Could not register, trying another image.
I20261002 19:59:39.575733 24480 incremental_pipeline.cc:620] Registering image #52 (num_reg_frames=14)
I20261002 19:59:39.575788 24480 incremental_pipeline.cc:623] => Image sees 73 / 103 points
I20261002 19:59:39.575843 24480 incremental_pipeline.cc:629] Registering image with structure-less fallback
I20261002 19:59:39.575897 24480 incremental_pipeline.cc:631] => Image sees 578 / 1203 correspondences
I20261002 19:59:39.575965 24480 incremental_pipeline.cc:646] => Could not register, trying another image.
I20261002 19:59:39.576031 24480 incremental_pipeline.cc:620] Registering image #48 (num_reg_frames=14)
I20261002 19:59:39.576147 24480 incremental_pipeline.cc:623] => Image sees 80 / 105 points
I20261002 19:59:39.576247 24480 incremental_pipeline.cc:629] Registering image with structure-less fallback
I20261002 19:59:39.576317 24480 incremental_pipeline.cc:631] => Image sees 533 / 1038 correspondences
I20261002 19:59:39.576391 24480 incremental_pipeline.cc:646] => Could not register, trying another image.
I20261002 19:59:39.576451 24480 incremental_pipeline.cc:620] Registering image #68 (num_reg_frames=14)
I20261002 19:59:39.576512 24480 incremental_pipeline.cc:623] => Image sees 76 / 108 points
I20261002 19:59:39.576570 24480 incremental_pipeline.cc:629] Registering image with structure-less fallback
I20261002 19:59:39.576627 24480 incremental_pipeline.cc:631] => Image sees 526 / 976 correspondences
I20261002 19:59:39.576695 24480 incremental_pipeline.cc:646] => Could not register, trying another image.
I20261002 19:59:39.576752 24480 incremental_pipeline.cc:620] Registering image #66 (num_reg_frames=14)
I20261002 19:59:39.576809 24480 incremental_pipeline.cc:623] => Image sees 80 / 104 points
I20261002 19:59:39.576865 24480 incremental_pipeline.cc:629] Registering image with structure-less fallback
I20261002 19:59:39.576921 24480 incremental_pipeline.cc:631] => Image sees 466 / 1245 correspondences
I20261002 19:59:39.576989 24480 incremental_pipeline.cc:646] => Could not register, trying another image.
I20261002 19:59:39.577047 24480 incremental_pipeline.cc:620] Registering image #79 (num_reg_frames=14)
I20261002 19:59:39.577103 24480 incremental_pipeline.cc:623] => Image sees 60 / 125 points
I20261002 19:59:39.577159 24480 incremental_pipeline.cc:629] Registering image with structure-less fallback
I20261002 19:59:39.577214 24480 incremental_pipeline.cc:631] => Image sees 457 / 2486 correspondences
I20261002 19:59:39.577288 24480 incremental_pipeline.cc:646] => Could not register, trying another image.
I20261002 19:59:39.577344 24480 incremental_pipeline.cc:620] Registering image #57 (num_reg_frames=14)
I20261002 19:59:39.577399 24480 incremental_pipeline.cc:623] => Image sees 78 / 107 points
I20261002 19:59:39.577453 24480 incremental_pipeline.cc:629] Registering image with structure-less fallback
I20261002 19:59:39.577508 24480 incremental_pipeline.cc:631] => Image sees 452 / 1085 correspondences
I20261002 19:59:39.577579 24480 incremental_pipeline.cc:646] => Could not register, trying another image.
I20261002 19:59:39.577634 24480 incremental_pipeline.cc:620] Registering image #64 (num_reg_frames=14)
I20261002 19:59:39.577690 24480 incremental_pipeline.cc:623] => Image sees 75 / 95 points
I20261002 19:59:39.577746 24480 incremental_pipeline.cc:629] Registering image with structure-less fallback
I20261002 19:59:39.577801 24480 incremental_pipeline.cc:631] => Image sees 437 / 1114 correspondences
I20261002 19:59:39.577867 24480 incremental_pipeline.cc:646] => Could not register, trying another image.
I20261002 19:59:39.577922 24480 incremental_pipeline.cc:620] Registering image #55 (num_reg_frames=14)
I20261002 19:59:39.577977 24480 incremental_pipeline.cc:623] => Image sees 76 / 99 points
I20261002 19:59:39.578032 24480 incremental_pipeline.cc:629] Registering image with structure-less fallback
I20261002 19:59:39.578086 24480 incremental_pipeline.cc:631] => Image sees 427 / 1166 correspondences
I20261002 19:59:39.578153 24480 incremental_pipeline.cc:646] => Could not register, trying another image.
I20261002 19:59:39.578208 24480 incremental_pipeline.cc:620] Registering image #74 (num_reg_frames=14)
I20261002 19:59:39.578263 24480 incremental_pipeline.cc:623] => Image sees 75 / 121 points
I20261002 19:59:39.578318 24480 incremental_pipeline.cc:629] Registering image with structure-less fallback
I20261002 19:59:39.578372 24480 incremental_pipeline.cc:631] => Image sees 417 / 1098 correspondences
I20261002 19:59:39.578439 24480 incremental_pipeline.cc:646] => Could not register, trying another image.
I20261002 19:59:39.578504 24480 incremental_pipeline.cc:620] Registering image #90 (num_reg_frames=14)
I20261002 19:59:39.578559 24480 incremental_pipeline.cc:623] => Image sees 50 / 128 points
I20261002 19:59:39.578616 24480 incremental_pipeline.cc:629] Registering image with structure-less fallback
I20261002 19:59:39.578672 24480 incremental_pipeline.cc:631] => Image sees 416 / 2180 correspondences
I20261002 19:59:39.578744 24480 incremental_pipeline.cc:646] => Could not register, trying another image.
I20261002 19:59:39.578798 24480 incremental_pipeline.cc:620] Registering image #65 (num_reg_frames=14)
I20261002 19:59:39.578854 24480 incremental_pipeline.cc:623] => Image sees 70 / 100 points
I20261002 19:59:39.578909 24480 incremental_pipeline.cc:629] Registering image with structure-less fallback
I20261002 19:59:39.578964 24480 incremental_pipeline.cc:631] => Image sees 414 / 1063 correspondences
I20261002 19:59:39.579030 24480 incremental_pipeline.cc:646] => Could not register, trying another image.
I20261002 19:59:39.579084 24480 incremental_pipeline.cc:620] Registering image #47 (num_reg_frames=14)
I20261002 19:59:39.579139 24480 incremental_pipeline.cc:623] => Image sees 78 / 106 points
I20261002 19:59:39.579193 24480 incremental_pipeline.cc:629] Registering image with structure-less fallback
I20261002 19:59:39.579248 24480 incremental_pipeline.cc:631] => Image sees 393 / 1053 correspondences
I20261002 19:59:39.579314 24480 incremental_pipeline.cc:646] => Could not register, trying another image.
I20261002 19:59:39.579371 24480 incremental_pipeline.cc:620] Registering image #61 (num_reg_frames=14)
I20261002 19:59:39.579426 24480 incremental_pipeline.cc:623] => Image sees 79 / 104 points
I20261002 19:59:39.579480 24480 incremental_pipeline.cc:629] Registering image with structure-less fallback
I20261002 19:59:39.579535 24480 incremental_pipeline.cc:631] => Image sees 372 / 1232 correspondences
I20261002 19:59:39.579602 24480 incremental_pipeline.cc:646] => Could not register, trying another image.
I20261002 19:59:39.579658 24480 incremental_pipeline.cc:620] Registering image #60 (num_reg_frames=14)
I20261002 19:59:39.579713 24480 incremental_pipeline.cc:623] => Image sees 67 / 100 points
I20261002 19:59:39.579768 24480 incremental_pipeline.cc:629] Registering image with structure-less fallback
I20261002 19:59:39.579822 24480 incremental_pipeline.cc:631] => Image sees 371 / 1021 correspondences
I20261002 19:59:39.579888 24480 incremental_pipeline.cc:646] => Could not register, trying another image.
I20261002 19:59:39.579945 24480 incremental_pipeline.cc:620] Registering image #69 (num_reg_frames=14)
I20261002 19:59:39.580001 24480 incremental_pipeline.cc:623] => Image sees 76 / 102 points
I20261002 19:59:39.580057 24480 incremental_pipeline.cc:629] Registering image with structure-less fallback
I20261002 19:59:39.580112 24480 incremental_pipeline.cc:631] => Image sees 368 / 1076 correspondences
I20261002 19:59:39.580178 24480 incremental_pipeline.cc:646] => Could not register, trying another image.
I20261002 19:59:39.580233 24480 incremental_pipeline.cc:620] Registering image #58 (num_reg_frames=14)
I20261002 19:59:39.580291 24480 incremental_pipeline.cc:623] => Image sees 77 / 101 points
I20261002 19:59:39.580347 24480 incremental_pipeline.cc:629] Registering image with structure-less fallback
I20261002 19:59:39.580402 24480 incremental_pipeline.cc:631] => Image sees 363 / 979 correspondences
I20261002 19:59:39.580471 24480 incremental_pipeline.cc:646] => Could not register, trying another image.
I20261002 19:59:39.580526 24480 incremental_pipeline.cc:620] Registering image #62 (num_reg_frames=14)
I20261002 19:59:39.580581 24480 incremental_pipeline.cc:623] => Image sees 76 / 97 points
I20261002 19:59:39.580636 24480 incremental_pipeline.cc:629] Registering image with structure-less fallback
I20261002 19:59:39.580737 24480 incremental_pipeline.cc:631] => Image sees 363 / 1079 correspondences
I20261002 19:59:39.580824 24480 incremental_pipeline.cc:646] => Could not register, trying another image.
I20261002 19:59:39.580890 24480 incremental_pipeline.cc:620] Registering image #36 (num_reg_frames=14)
I20261002 19:59:39.580946 24480 incremental_pipeline.cc:623] => Image sees 70 / 93 points
I20261002 19:59:39.581001 24480 incremental_pipeline.cc:629] Registering image with structure-less fallback
I20261002 19:59:39.581056 24480 incremental_pipeline.cc:631] => Image sees 347 / 867 correspondences
I20261002 19:59:39.581121 24480 incremental_pipeline.cc:646] => Could not register, trying another image.
I20261002 19:59:39.581175 24480 incremental_pipeline.cc:620] Registering image #44 (num_reg_frames=14)
I20261002 19:59:39.581230 24480 incremental_pipeline.cc:623] => Image sees 69 / 95 points
I20261002 19:59:39.581285 24480 incremental_pipeline.cc:629] Registering image with structure-less fallback
I20261002 19:59:39.581340 24480 incremental_pipeline.cc:631] => Image sees 346 / 1045 correspondences
I20261002 19:59:39.581405 24480 incremental_pipeline.cc:646] => Could not register, trying another image.
I20261002 19:59:39.581460 24480 incremental_pipeline.cc:620] Registering image #45 (num_reg_frames=14)
I20261002 19:59:39.581516 24480 incremental_pipeline.cc:623] => Image sees 72 / 99 points
I20261002 19:59:39.581570 24480 incremental_pipeline.cc:629] Registering image with structure-less fallback
I20261002 19:59:39.581625 24480 incremental_pipeline.cc:631] => Image sees 341 / 1002 correspondences
I20261002 19:59:39.581689 24480 incremental_pipeline.cc:646] => Could not register, trying another image.
I20261002 19:59:39.581747 24480 incremental_pipeline.cc:620] Registering image #35 (num_reg_frames=14)
I20261002 19:59:39.581805 24480 incremental_pipeline.cc:623] => Image sees 62 / 95 points
I20261002 19:59:39.581861 24480 incremental_pipeline.cc:629] Registering image with structure-less fallback
I20261002 19:59:39.581915 24480 incremental_pipeline.cc:631] => Image sees 338 / 978 correspondences
I20261002 19:59:39.581980 24480 incremental_pipeline.cc:646] => Could not register, trying another image.
I20261002 19:59:39.582035 24480 incremental_pipeline.cc:620] Registering image #49 (num_reg_frames=14)
I20261002 19:59:39.582088 24480 incremental_pipeline.cc:623] => Image sees 73 / 98 points
I20261002 19:59:39.582160 24480 incremental_pipeline.cc:629] Registering image with structure-less fallback
I20261002 19:59:39.582278 24480 incremental_pipeline.cc:631] => Image sees 336 / 922 correspondences
I20261002 19:59:39.582368 24480 incremental_pipeline.cc:646] => Could not register, trying another image.
I20261002 19:59:39.582439 24480 incremental_pipeline.cc:620] Registering image #41 (num_reg_frames=14)
I20261002 19:59:39.582498 24480 incremental_pipeline.cc:623] => Image sees 67 / 120 points
I20261002 19:59:39.582557 24480 incremental_pipeline.cc:629] Registering image with structure-less fallback
I20261002 19:59:39.582615 24480 incremental_pipeline.cc:631] => Image sees 333 / 1080 correspondences
I20261002 19:59:39.582683 24480 incremental_pipeline.cc:646] => Could not register, trying another image.
I20261002 19:59:39.582738 24480 incremental_pipeline.cc:620] Registering image #43 (num_reg_frames=14)
I20261002 19:59:39.582796 24480 incremental_pipeline.cc:623] => Image sees 74 / 107 points
I20261002 19:59:39.582851 24480 incremental_pipeline.cc:629] Registering image with structure-less fallback
I20261002 19:59:39.582907 24480 incremental_pipeline.cc:631] => Image sees 323 / 1003 correspondences
I20261002 19:59:39.582975 24480 incremental_pipeline.cc:646] => Could not register, trying another image.
I20261002 19:59:39.583032 24480 incremental_pipeline.cc:620] Registering image #37 (num_reg_frames=14)
I20261002 19:59:39.583088 24480 incremental_pipeline.cc:623] => Image sees 65 / 95 points
I20261002 19:59:39.583143 24480 incremental_pipeline.cc:629] Registering image with structure-less fallback
I20261002 19:59:39.583197 24480 incremental_pipeline.cc:631] => Image sees 282 / 907 correspondences
I20261002 19:59:39.583261 24480 incremental_pipeline.cc:646] => Could not register, trying another image.
I20261002 19:59:39.583328 24480 incremental_pipeline.cc:620] Registering image #40 (num_reg_frames=14)
I20261002 19:59:39.583384 24480 incremental_pipeline.cc:623] => Image sees 74 / 93 points
I20261002 19:59:39.583441 24480 incremental_pipeline.cc:629] Registering image with structure-less fallback
I20261002 19:59:39.583497 24480 incremental_pipeline.cc:631] => Image sees 264 / 860 correspondences
I20261002 19:59:39.583561 24480 incremental_pipeline.cc:646] => Could not register, trying another image.
I20261002 19:59:39.583618 24480 incremental_pipeline.cc:620] Registering image #77 (num_reg_frames=14)
I20261002 19:59:39.583673 24480 incremental_pipeline.cc:623] => Image sees 63 / 125 points
I20261002 19:59:39.583729 24480 incremental_pipeline.cc:629] Registering image with structure-less fallback
I20261002 19:59:39.583787 24480 incremental_pipeline.cc:631] => Image sees 260 / 956 correspondences
I20261002 19:59:39.583856 24480 incremental_pipeline.cc:646] => Could not register, trying another image.
I20261002 19:59:39.583911 24480 incremental_pipeline.cc:620] Registering image #21 (num_reg_frames=14)
I20261002 19:59:39.583969 24480 incremental_pipeline.cc:623] => Image sees 43 / 125 points
I20261002 19:59:39.584027 24480 incremental_pipeline.cc:629] Registering image with structure-less fallback
I20261002 19:59:39.584084 24480 incremental_pipeline.cc:631] => Image sees 256 / 1957 correspondences
I20261002 19:59:39.584159 24480 incremental_pipeline.cc:646] => Could not register, trying another image.
I20261002 19:59:39.584215 24480 incremental_pipeline.cc:620] Registering image #28 (num_reg_frames=14)
I20261002 19:59:39.584270 24480 incremental_pipeline.cc:623] => Image sees 68 / 99 points
I20261002 19:59:39.584328 24480 incremental_pipeline.cc:629] Registering image with structure-less fallback
I20261002 19:59:39.584383 24480 incremental_pipeline.cc:631] => Image sees 242 / 752 correspondences
I20261002 19:59:39.584448 24480 incremental_pipeline.cc:646] => Could not register, trying another image.
I20261002 19:59:39.584502 24480 incremental_pipeline.cc:620] Registering image #76 (num_reg_frames=14)
I20261002 19:59:39.584560 24480 incremental_pipeline.cc:623] => Image sees 56 / 110 points
I20261002 19:59:39.584614 24480 incremental_pipeline.cc:629] Registering image with structure-less fallback
I20261002 19:59:39.584670 24480 incremental_pipeline.cc:631] => Image sees 236 / 775 correspondences
I20261002 19:59:39.584735 24480 incremental_pipeline.cc:646] => Could not register, trying another image.
I20261002 19:59:39.584791 24480 incremental_pipeline.cc:620] Registering image #39 (num_reg_frames=14)
I20261002 19:59:39.584847 24480 incremental_pipeline.cc:623] => Image sees 59 / 98 points
I20261002 19:59:39.584904 24480 incremental_pipeline.cc:629] Registering image with structure-less fallback
I20261002 19:59:39.584960 24480 incremental_pipeline.cc:631] => Image sees 219 / 719 correspondences
I20261002 19:59:39.585025 24480 incremental_pipeline.cc:646] => Could not register, trying another image.
I20261002 19:59:39.585082 24480 incremental_pipeline.cc:620] Registering image #26 (num_reg_frames=14)
I20261002 19:59:39.585140 24480 incremental_pipeline.cc:623] => Image sees 57 / 87 points
I20261002 19:59:39.585196 24480 incremental_pipeline.cc:629] Registering image with structure-less fallback
I20261002 19:59:39.585253 24480 incremental_pipeline.cc:631] => Image sees 201 / 768 correspondences
I20261002 19:59:39.585317 24480 incremental_pipeline.cc:646] => Could not register, trying another image.
I20261002 19:59:39.585373 24480 incremental_pipeline.cc:620] Registering image #75 (num_reg_frames=14)
I20261002 19:59:39.585428 24480 incremental_pipeline.cc:623] => Image sees 64 / 104 points
I20261002 19:59:39.585484 24480 incremental_pipeline.cc:629] Registering image with structure-less fallback
I20261002 19:59:39.585540 24480 incremental_pipeline.cc:631] => Image sees 181 / 821 correspondences
I20261002 19:59:39.585605 24480 incremental_pipeline.cc:646] => Could not register, trying another image.
I20261002 19:59:39.585661 24480 incremental_pipeline.cc:620] Registering image #33 (num_reg_frames=14)
I20261002 19:59:39.585724 24480 incremental_pipeline.cc:623] => Image sees 68 / 105 points
I20261002 19:59:39.585781 24480 incremental_pipeline.cc:629] Registering image with structure-less fallback
I20261002 19:59:39.585837 24480 incremental_pipeline.cc:631] => Image sees 181 / 765 correspondences
I20261002 19:59:39.585900 24480 incremental_pipeline.cc:646] => Could not register, trying another image.
I20261002 19:59:39.585956 24480 incremental_pipeline.cc:620] Registering image #32 (num_reg_frames=14)
I20261002 19:59:39.586012 24480 incremental_pipeline.cc:623] => Image sees 63 / 102 points
I20261002 19:59:39.586068 24480 incremental_pipeline.cc:629] Registering image with structure-less fallback
I20261002 19:59:39.586125 24480 incremental_pipeline.cc:631] => Image sees 172 / 893 correspondences
I20261002 19:59:39.586190 24480 incremental_pipeline.cc:646] => Could not register, trying another image.
I20261002 19:59:39.586246 24480 incremental_pipeline.cc:620] Registering image #80 (num_reg_frames=14)
I20261002 19:59:39.586303 24480 incremental_pipeline.cc:623] => Image sees 46 / 115 points
I20261002 19:59:39.586360 24480 incremental_pipeline.cc:629] Registering image with structure-less fallback
I20261002 19:59:39.586415 24480 incremental_pipeline.cc:631] => Image sees 170 / 870 correspondences
I20261002 19:59:39.586482 24480 incremental_pipeline.cc:646] => Could not register, trying another image.
I20261002 19:59:39.586540 24480 incremental_pipeline.cc:620] Registering image #34 (num_reg_frames=14)
I20261002 19:59:39.586596 24480 incremental_pipeline.cc:623] => Image sees 63 / 91 points
I20261002 19:59:39.586654 24480 incremental_pipeline.cc:629] Registering image with structure-less fallback
I20261002 19:59:39.586710 24480 incremental_pipeline.cc:631] => Image sees 164 / 768 correspondences
I20261002 19:59:39.586774 24480 incremental_pipeline.cc:646] => Could not register, trying another image.
I20261002 19:59:39.586830 24480 incremental_pipeline.cc:620] Registering image #82 (num_reg_frames=14)
I20261002 19:59:39.586885 24480 incremental_pipeline.cc:623] => Image sees 55 / 127 points
I20261002 19:59:39.586942 24480 incremental_pipeline.cc:629] Registering image with structure-less fallback
I20261002 19:59:39.586997 24480 incremental_pipeline.cc:631] => Image sees 154 / 790 correspondences
I20261002 19:59:39.587063 24480 incremental_pipeline.cc:646] => Could not register, trying another image.
I20261002 19:59:39.587118 24480 incremental_pipeline.cc:620] Registering image #91 (num_reg_frames=14)
I20261002 19:59:39.587176 24480 incremental_pipeline.cc:623] => Image sees 40 / 107 points
I20261002 19:59:39.587234 24480 incremental_pipeline.cc:629] Registering image with structure-less fallback
I20261002 19:59:39.587289 24480 incremental_pipeline.cc:631] => Image sees 81 / 573 correspondences
I20261002 19:59:39.587352 24480 incremental_pipeline.cc:646] => Could not register, trying another image.
I20261002 19:59:39.587410 24480 incremental_pipeline.cc:620] Registering image #78 (num_reg_frames=14)
I20261002 19:59:39.587466 24480 incremental_pipeline.cc:623] => Image sees 54 / 132 points
I20261002 19:59:39.587523 24480 incremental_pipeline.cc:629] Registering image with structure-less fallback
I20261002 19:59:39.587579 24480 incremental_pipeline.cc:631] => Image sees 61 / 874 correspondences
I20261002 19:59:39.587643 24480 incremental_pipeline.cc:646] => Could not register, trying another image.
I20261002 19:59:39.587699 24480 incremental_pipeline.cc:620] Registering image #81 (num_reg_frames=14)
I20261002 19:59:39.587755 24480 incremental_pipeline.cc:623] => Image sees 50 / 116 points
I20261002 19:59:39.587811 24480 incremental_pipeline.cc:629] Registering image with structure-less fallback
I20261002 19:59:39.587868 24480 incremental_pipeline.cc:631] => Image sees 53 / 736 correspondences
I20261002 19:59:39.587925 24480 incremental_pipeline.cc:646] => Could not register, trying another image.
I20261002 19:59:39.587980 24480 incremental_pipeline.cc:620] Registering image #84 (num_reg_frames=14)
I20261002 19:59:39.588044 24480 incremental_pipeline.cc:623] => Image sees 46 / 113 points
I20261002 19:59:39.588101 24480 incremental_pipeline.cc:629] Registering image with structure-less fallback
I20261002 19:59:39.588154 24480 incremental_pipeline.cc:631] => Image sees 51 / 663 correspondences
I20261002 19:59:39.588239 24480 incremental_pipeline.cc:646] => Could not register, trying another image.
I20261002 19:59:39.588305 24480 incremental_pipeline.cc:620] Registering image #89 (num_reg_frames=14)
I20261002 19:59:39.588365 24480 incremental_pipeline.cc:623] => Image sees 40 / 119 points
I20261002 19:59:39.588425 24480 incremental_pipeline.cc:629] Registering image with structure-less fallback
I20261002 19:59:39.588481 24480 incremental_pipeline.cc:631] => Image sees 43 / 689 correspondences
I20261002 19:59:39.588538 24480 incremental_pipeline.cc:646] => Could not register, trying another image.
I20261002 19:59:39.588593 24480 incremental_pipeline.cc:620] Registering image #88 (num_reg_frames=14)
I20261002 19:59:39.588649 24480 incremental_pipeline.cc:623] => Image sees 41 / 130 points
I20261002 19:59:39.588706 24480 incremental_pipeline.cc:629] Registering image with structure-less fallback
I20261002 19:59:39.588762 24480 incremental_pipeline.cc:631] => Image sees 42 / 740 correspondences
I20261002 19:59:39.588822 24480 incremental_pipeline.cc:646] => Could not register, trying another image.
I20261002 19:59:39.588878 24480 incremental_pipeline.cc:620] Registering image #86 (num_reg_frames=14)
I20261002 19:59:39.588934 24480 incremental_pipeline.cc:623] => Image sees 37 / 125 points
I20261002 19:59:39.588991 24480 incremental_pipeline.cc:629] Registering image with structure-less fallback
I20261002 19:59:39.589047 24480 incremental_pipeline.cc:631] => Image sees 39 / 734 correspondences
I20261002 19:59:39.589102 24480 incremental_pipeline.cc:646] => Could not register, trying another image.
I20261002 19:59:39.589158 24480 incremental_pipeline.cc:620] Registering image #83 (num_reg_frames=14)
I20261002 19:59:39.589213 24480 incremental_pipeline.cc:623] => Image sees 34 / 115 points
I20261002 19:59:39.589270 24480 incremental_pipeline.cc:629] Registering image with structure-less fallback
I20261002 19:59:39.589327 24480 incremental_pipeline.cc:631] => Image sees 38 / 698 correspondences
I20261002 19:59:39.589383 24480 incremental_pipeline.cc:646] => Could not register, trying another image.
I20261002 19:59:39.589439 24480 incremental_pipeline.cc:620] Registering image #85 (num_reg_frames=14)
I20261002 19:59:39.589496 24480 incremental_pipeline.cc:623] => Image sees 36 / 113 points
I20261002 19:59:39.589552 24480 incremental_pipeline.cc:629] Registering image with structure-less fallback
I20261002 19:59:39.589608 24480 incremental_pipeline.cc:631] => Image sees 38 / 652 correspondences
I20261002 19:59:39.589664 24480 incremental_pipeline.cc:646] => Could not register, trying another image.
I20261002 19:59:39.589719 24480 incremental_pipeline.cc:620] Registering image #94 (num_reg_frames=14)
I20261002 19:59:39.589775 24480 incremental_pipeline.cc:623] => Image sees 31 / 135 points
I20261002 19:59:39.589829 24480 incremental_pipeline.cc:629] Registering image with structure-less fallback
I20261002 19:59:39.589885 24480 incremental_pipeline.cc:631] => Image sees 36 / 678 correspondences
I20261002 19:59:39.589943 24480 incremental_pipeline.cc:646] => Could not register, trying another image.
I20261002 19:59:39.589999 24480 incremental_pipeline.cc:88] Retriangulation and Global bundle adjustment
I20261002 19:59:39.661775 24480 incremental_pipeline.cc:620] Registering image #48 (num_reg_frames=14)
I20261002 19:59:39.661947 24480 incremental_pipeline.cc:623] => Image sees 80 / 105 points
I20261002 19:59:39.662056 24480 incremental_pipeline.cc:646] => Could not register, trying another image.
I20261002 19:59:39.662121 24480 incremental_pipeline.cc:620] Registering image #47 (num_reg_frames=14)
I20261002 19:59:39.662187 24480 incremental_pipeline.cc:623] => Image sees 78 / 106 points
I20261002 19:59:39.662277 24480 incremental_pipeline.cc:646] => Could not register, trying another image.
I20261002 19:59:39.662336 24480 incremental_pipeline.cc:620] Registering image #66 (num_reg_frames=14)
I20261002 19:59:39.662393 24480 incremental_pipeline.cc:623] => Image sees 80 / 104 points
I20261002 19:59:39.662508 24480 incremental_pipeline.cc:646] => Could not register, trying another image.
I20261002 19:59:39.662600 24480 incremental_pipeline.cc:620] Registering image #61 (num_reg_frames=14)
I20261002 19:59:39.662669 24480 incremental_pipeline.cc:623] => Image sees 79 / 104 points
I20261002 19:59:39.662746 24480 incremental_pipeline.cc:646] => Could not register, trying another image.
I20261002 19:59:39.662807 24480 incremental_pipeline.cc:620] Registering image #58 (num_reg_frames=14)
I20261002 19:59:39.662864 24480 incremental_pipeline.cc:623] => Image sees 77 / 101 points
I20261002 19:59:39.662934 24480 incremental_pipeline.cc:646] => Could not register, trying another image.
I20261002 19:59:39.662990 24480 incremental_pipeline.cc:620] Registering image #52 (num_reg_frames=14)
I20261002 19:59:39.663048 24480 incremental_pipeline.cc:623] => Image sees 73 / 103 points
I20261002 19:59:39.663121 24480 incremental_pipeline.cc:646] => Could not register, trying another image.
I20261002 19:59:39.663181 24480 incremental_pipeline.cc:620] Registering image #64 (num_reg_frames=14)
I20261002 19:59:39.663239 24480 incremental_pipeline.cc:623] => Image sees 75 / 95 points
I20261002 19:59:39.663310 24480 incremental_pipeline.cc:646] => Could not register, trying another image.
I20261002 19:59:39.663365 24480 incremental_pipeline.cc:620] Registering image #55 (num_reg_frames=14)
I20261002 19:59:39.663424 24480 incremental_pipeline.cc:623] => Image sees 76 / 99 points
I20261002 19:59:39.663494 24480 incremental_pipeline.cc:646] => Could not register, trying another image.
I20261002 19:59:39.663549 24480 incremental_pipeline.cc:620] Registering image #57 (num_reg_frames=14)
I20261002 19:59:39.663607 24480 incremental_pipeline.cc:623] => Image sees 78 / 107 points
I20261002 19:59:39.663676 24480 incremental_pipeline.cc:646] => Could not register, trying another image.
I20261002 19:59:39.663732 24480 incremental_pipeline.cc:620] Registering image #62 (num_reg_frames=14)
I20261002 19:59:39.663787 24480 incremental_pipeline.cc:623] => Image sees 76 / 97 points
I20261002 19:59:39.663856 24480 incremental_pipeline.cc:646] => Could not register, trying another image.
I20261002 19:59:39.663912 24480 incremental_pipeline.cc:620] Registering image #40 (num_reg_frames=14)
I20261002 19:59:39.663967 24480 incremental_pipeline.cc:623] => Image sees 74 / 93 points
I20261002 19:59:39.664032 24480 incremental_pipeline.cc:646] => Could not register, trying another image.
I20261002 19:59:39.664087 24480 incremental_pipeline.cc:620] Registering image #69 (num_reg_frames=14)
I20261002 19:59:39.664143 24480 incremental_pipeline.cc:623] => Image sees 76 / 102 points
I20261002 19:59:39.664211 24480 incremental_pipeline.cc:646] => Could not register, trying another image.
I20261002 19:59:39.664267 24480 incremental_pipeline.cc:620] Registering image #68 (num_reg_frames=14)
I20261002 19:59:39.664322 24480 incremental_pipeline.cc:623] => Image sees 76 / 108 points
I20261002 19:59:39.664391 24480 incremental_pipeline.cc:646] => Could not register, trying another image.
I20261002 19:59:39.664446 24480 incremental_pipeline.cc:620] Registering image #43 (num_reg_frames=14)
I20261002 19:59:39.664503 24480 incremental_pipeline.cc:623] => Image sees 74 / 107 points
I20261002 19:59:39.664571 24480 incremental_pipeline.cc:646] => Could not register, trying another image.
I20261002 19:59:39.664626 24480 incremental_pipeline.cc:620] Registering image #74 (num_reg_frames=14)
I20261002 19:59:39.664681 24480 incremental_pipeline.cc:623] => Image sees 75 / 121 points
I20261002 19:59:39.664750 24480 incremental_pipeline.cc:646] => Could not register, trying another image.
I20261002 19:59:39.664805 24480 incremental_pipeline.cc:620] Registering image #45 (num_reg_frames=14)
I20261002 19:59:39.664873 24480 incremental_pipeline.cc:623] => Image sees 72 / 99 points
I20261002 19:59:39.664941 24480 incremental_pipeline.cc:646] => Could not register, trying another image.
I20261002 19:59:39.664996 24480 incremental_pipeline.cc:620] Registering image #30 (num_reg_frames=14)
I20261002 19:59:39.665051 24480 incremental_pipeline.cc:623] => Image sees 73 / 96 points
I20261002 19:59:39.665136 24480 incremental_pipeline.cc:646] => Could not register, trying another image.
I20261002 19:59:39.665192 24480 incremental_pipeline.cc:620] Registering image #49 (num_reg_frames=14)
I20261002 19:59:39.665246 24480 incremental_pipeline.cc:623] => Image sees 73 / 98 points
I20261002 19:59:39.665313 24480 incremental_pipeline.cc:646] => Could not register, trying another image.
I20261002 19:59:39.665368 24480 incremental_pipeline.cc:620] Registering image #44 (num_reg_frames=14)
I20261002 19:59:39.665422 24480 incremental_pipeline.cc:623] => Image sees 69 / 95 points
I20261002 19:59:39.665490 24480 incremental_pipeline.cc:646] => Could not register, trying another image.
I20261002 19:59:39.665545 24480 incremental_pipeline.cc:620] Registering image #36 (num_reg_frames=14)
I20261002 19:59:39.665602 24480 incremental_pipeline.cc:623] => Image sees 70 / 93 points
I20261002 19:59:39.665672 24480 incremental_pipeline.cc:646] => Could not register, trying another image.
I20261002 19:59:39.665728 24480 incremental_pipeline.cc:620] Registering image #65 (num_reg_frames=14)
I20261002 19:59:39.665785 24480 incremental_pipeline.cc:623] => Image sees 70 / 100 points
I20261002 19:59:39.665854 24480 incremental_pipeline.cc:646] => Could not register, trying another image.
I20261002 19:59:39.665910 24480 incremental_pipeline.cc:620] Registering image #42 (num_reg_frames=14)
I20261002 19:59:39.665965 24480 incremental_pipeline.cc:623] => Image sees 71 / 101 points
I20261002 19:59:39.666050 24480 incremental_pipeline.cc:646] => Could not register, trying another image.
I20261002 19:59:39.666105 24480 incremental_pipeline.cc:620] Registering image #60 (num_reg_frames=14)
I20261002 19:59:39.666162 24480 incremental_pipeline.cc:623] => Image sees 67 / 100 points
I20261002 19:59:39.666231 24480 incremental_pipeline.cc:646] => Could not register, trying another image.
I20261002 19:59:39.666288 24480 incremental_pipeline.cc:620] Registering image #33 (num_reg_frames=14)
I20261002 19:59:39.666346 24480 incremental_pipeline.cc:623] => Image sees 68 / 105 points
I20261002 19:59:39.666409 24480 incremental_pipeline.cc:646] => Could not register, trying another image.
I20261002 19:59:39.666465 24480 incremental_pipeline.cc:620] Registering image #28 (num_reg_frames=14)
I20261002 19:59:39.666521 24480 incremental_pipeline.cc:623] => Image sees 68 / 99 points
I20261002 19:59:39.666588 24480 incremental_pipeline.cc:646] => Could not register, trying another image.
I20261002 19:59:39.666643 24480 incremental_pipeline.cc:620] Registering image #37 (num_reg_frames=14)
I20261002 19:59:39.666701 24480 incremental_pipeline.cc:623] => Image sees 65 / 95 points
I20261002 19:59:39.666769 24480 incremental_pipeline.cc:646] => Could not register, trying another image.
I20261002 19:59:39.666824 24480 incremental_pipeline.cc:620] Registering image #77 (num_reg_frames=14)
I20261002 19:59:39.666878 24480 incremental_pipeline.cc:623] => Image sees 63 / 125 points
I20261002 19:59:39.666946 24480 incremental_pipeline.cc:646] => Could not register, trying another image.
I20261002 19:59:39.667001 24480 incremental_pipeline.cc:620] Registering image #41 (num_reg_frames=14)
I20261002 19:59:39.667057 24480 incremental_pipeline.cc:623] => Image sees 67 / 120 points
I20261002 19:59:39.667157 24480 incremental_pipeline.cc:646] => Could not register, trying another image.
I20261002 19:59:39.667222 24480 incremental_pipeline.cc:620] Registering image #32 (num_reg_frames=14)
I20261002 19:59:39.667286 24480 incremental_pipeline.cc:623] => Image sees 63 / 102 points
I20261002 19:59:39.667351 24480 incremental_pipeline.cc:646] => Could not register, trying another image.
I20261002 19:59:39.667416 24480 incremental_pipeline.cc:620] Registering image #75 (num_reg_frames=14)
I20261002 19:59:39.667471 24480 incremental_pipeline.cc:623] => Image sees 64 / 104 points
I20261002 19:59:39.667606 24480 incremental_pipeline.cc:646] => Could not register, trying another image.
I20261002 19:59:39.667678 24480 incremental_pipeline.cc:620] Registering image #35 (num_reg_frames=14)
I20261002 19:59:39.667732 24480 incremental_pipeline.cc:623] => Image sees 62 / 95 points
I20261002 19:59:39.667827 24480 incremental_pipeline.cc:646] => Could not register, trying another image.
I20261002 19:59:39.667901 24480 incremental_pipeline.cc:620] Registering image #34 (num_reg_frames=14)
I20261002 19:59:39.667963 24480 incremental_pipeline.cc:623] => Image sees 63 / 91 points
I20261002 19:59:39.668031 24480 incremental_pipeline.cc:646] => Could not register, trying another image.
I20261002 19:59:39.668088 24480 incremental_pipeline.cc:620] Registering image #39 (num_reg_frames=14)
I20261002 19:59:39.668146 24480 incremental_pipeline.cc:623] => Image sees 59 / 98 points
I20261002 19:59:39.668229 24480 incremental_pipeline.cc:646] => Could not register, trying another image.
I20261002 19:59:39.668317 24480 incremental_pipeline.cc:620] Registering image #26 (num_reg_frames=14)
I20261002 19:59:39.668381 24480 incremental_pipeline.cc:623] => Image sees 57 / 87 points
I20261002 19:59:39.668447 24480 incremental_pipeline.cc:646] => Could not register, trying another image.
I20261002 19:59:39.668504 24480 incremental_pipeline.cc:620] Registering image #76 (num_reg_frames=14)
I20261002 19:59:39.668560 24480 incremental_pipeline.cc:623] => Image sees 56 / 110 points
I20261002 19:59:39.668626 24480 incremental_pipeline.cc:646] => Could not register, trying another image.
I20261002 19:59:39.668685 24480 incremental_pipeline.cc:620] Registering image #79 (num_reg_frames=14)
I20261002 19:59:39.668742 24480 incremental_pipeline.cc:623] => Image sees 60 / 125 points
I20261002 19:59:39.668821 24480 incremental_pipeline.cc:646] => Could not register, trying another image.
I20261002 19:59:39.668878 24480 incremental_pipeline.cc:620] Registering image #82 (num_reg_frames=14)
I20261002 19:59:39.668936 24480 incremental_pipeline.cc:623] => Image sees 55 / 127 points
I20261002 19:59:39.669002 24480 incremental_pipeline.cc:646] => Could not register, trying another image.
I20261002 19:59:39.669058 24480 incremental_pipeline.cc:620] Registering image #78 (num_reg_frames=14)
I20261002 19:59:39.669117 24480 incremental_pipeline.cc:623] => Image sees 54 / 132 points
I20261002 19:59:39.669182 24480 incremental_pipeline.cc:646] => Could not register, trying another image.
I20261002 19:59:39.669239 24480 incremental_pipeline.cc:620] Registering image #21 (num_reg_frames=14)
I20261002 19:59:39.669296 24480 incremental_pipeline.cc:623] => Image sees 43 / 125 points
I20261002 19:59:39.669367 24480 incremental_pipeline.cc:646] => Could not register, trying another image.
I20261002 19:59:39.669424 24480 incremental_pipeline.cc:620] Registering image #90 (num_reg_frames=14)
I20261002 19:59:39.669479 24480 incremental_pipeline.cc:623] => Image sees 50 / 128 points
I20261002 19:59:39.669553 24480 incremental_pipeline.cc:646] => Could not register, trying another image.
I20261002 19:59:39.669608 24480 incremental_pipeline.cc:620] Registering image #81 (num_reg_frames=14)
I20261002 19:59:39.669664 24480 incremental_pipeline.cc:623] => Image sees 50 / 116 points
I20261002 19:59:39.669726 24480 incremental_pipeline.cc:646] => Could not register, trying another image.
I20261002 19:59:39.669782 24480 incremental_pipeline.cc:620] Registering image #80 (num_reg_frames=14)
I20261002 19:59:39.669839 24480 incremental_pipeline.cc:623] => Image sees 46 / 115 points
I20261002 19:59:39.669905 24480 incremental_pipeline.cc:646] => Could not register, trying another image.
I20261002 19:59:39.669961 24480 incremental_pipeline.cc:620] Registering image #84 (num_reg_frames=14)
I20261002 19:59:39.670015 24480 incremental_pipeline.cc:623] => Image sees 46 / 113 points
I20261002 19:59:39.670090 24480 incremental_pipeline.cc:646] => Could not register, trying another image.
I20261002 19:59:39.670146 24480 incremental_pipeline.cc:620] Registering image #88 (num_reg_frames=14)
I20261002 19:59:39.670250 24480 incremental_pipeline.cc:623] => Image sees 41 / 130 points
I20261002 19:59:39.670339 24480 incremental_pipeline.cc:646] => Could not register, trying another image.
I20261002 19:59:39.670400 24480 incremental_pipeline.cc:620] Registering image #89 (num_reg_frames=14)
I20261002 19:59:39.670456 24480 incremental_pipeline.cc:623] => Image sees 40 / 119 points
I20261002 19:59:39.670521 24480 incremental_pipeline.cc:646] => Could not register, trying another image.
I20261002 19:59:39.670581 24480 incremental_pipeline.cc:620] Registering image #91 (num_reg_frames=14)
I20261002 19:59:39.670640 24480 incremental_pipeline.cc:623] => Image sees 40 / 107 points
I20261002 19:59:39.670702 24480 incremental_pipeline.cc:646] => Could not register, trying another image.
I20261002 19:59:39.670760 24480 incremental_pipeline.cc:620] Registering image #85 (num_reg_frames=14)
I20261002 19:59:39.670817 24480 incremental_pipeline.cc:623] => Image sees 36 / 113 points
I20261002 19:59:39.670883 24480 incremental_pipeline.cc:646] => Could not register, trying another image.
I20261002 19:59:39.670938 24480 incremental_pipeline.cc:620] Registering image #86 (num_reg_frames=14)
I20261002 19:59:39.670994 24480 incremental_pipeline.cc:623] => Image sees 37 / 125 points
I20261002 19:59:39.671059 24480 incremental_pipeline.cc:646] => Could not register, trying another image.
I20261002 19:59:39.671114 24480 incremental_pipeline.cc:620] Registering image #83 (num_reg_frames=14)
I20261002 19:59:39.671169 24480 incremental_pipeline.cc:623] => Image sees 34 / 115 points
I20261002 19:59:39.671230 24480 incremental_pipeline.cc:646] => Could not register, trying another image.
I20261002 19:59:39.671287 24480 incremental_pipeline.cc:620] Registering image #94 (num_reg_frames=14)
I20261002 19:59:39.671345 24480 incremental_pipeline.cc:623] => Image sees 31 / 135 points
I20261002 19:59:39.671410 24480 incremental_pipeline.cc:646] => Could not register, trying another image.
I20261002 19:59:39.671475 24480 incremental_pipeline.cc:620] Registering image #42 (num_reg_frames=14)
I20261002 19:59:39.671532 24480 incremental_pipeline.cc:623] => Image sees 71 / 101 points
I20261002 19:59:39.671590 24480 incremental_pipeline.cc:629] Registering image with structure-less fallback
I20261002 19:59:39.671646 24480 incremental_pipeline.cc:631] => Image sees 843 / 2917 correspondences
I20261002 19:59:39.671729 24480 incremental_pipeline.cc:646] => Could not register, trying another image.
I20261002 19:59:39.671786 24480 incremental_pipeline.cc:620] Registering image #30 (num_reg_frames=14)
I20261002 19:59:39.671842 24480 incremental_pipeline.cc:623] => Image sees 73 / 96 points
I20261002 19:59:39.671898 24480 incremental_pipeline.cc:629] Registering image with structure-less fallback
I20261002 19:59:39.671953 24480 incremental_pipeline.cc:631] => Image sees 808 / 2945 correspondences
I20261002 19:59:39.672032 24480 incremental_pipeline.cc:646] => Could not register, trying another image.
I20261002 19:59:39.672088 24480 incremental_pipeline.cc:620] Registering image #52 (num_reg_frames=14)
I20261002 19:59:39.672145 24480 incremental_pipeline.cc:623] => Image sees 73 / 103 points
I20261002 19:59:39.672202 24480 incremental_pipeline.cc:629] Registering image with structure-less fallback
I20261002 19:59:39.672258 24480 incremental_pipeline.cc:631] => Image sees 578 / 1203 correspondences
I20261002 19:59:39.672328 24480 incremental_pipeline.cc:646] => Could not register, trying another image.
I20261002 19:59:39.672384 24480 incremental_pipeline.cc:620] Registering image #48 (num_reg_frames=14)
I20261002 19:59:39.672441 24480 incremental_pipeline.cc:623] => Image sees 80 / 105 points
I20261002 19:59:39.672497 24480 incremental_pipeline.cc:629] Registering image with structure-less fallback
I20261002 19:59:39.672551 24480 incremental_pipeline.cc:631] => Image sees 533 / 1038 correspondences
I20261002 19:59:39.672629 24480 incremental_pipeline.cc:646] => Could not register, trying another image.
I20261002 19:59:39.672683 24480 incremental_pipeline.cc:620] Registering image #68 (num_reg_frames=14)
I20261002 19:59:39.672738 24480 incremental_pipeline.cc:623] => Image sees 76 / 108 points
I20261002 19:59:39.672810 24480 incremental_pipeline.cc:629] Registering image with structure-less fallback
I20261002 19:59:39.672897 24480 incremental_pipeline.cc:631] => Image sees 526 / 976 correspondences
I20261002 19:59:39.672977 24480 incremental_pipeline.cc:646] => Could not register, trying another image.
I20261002 19:59:39.673038 24480 incremental_pipeline.cc:620] Registering image #66 (num_reg_frames=14)
I20261002 19:59:39.673094 24480 incremental_pipeline.cc:623] => Image sees 80 / 104 points
I20261002 19:59:39.673169 24480 incremental_pipeline.cc:629] Registering image with structure-less fallback
I20261002 19:59:39.673251 24480 incremental_pipeline.cc:631] => Image sees 466 / 1245 correspondences
I20261002 19:59:39.673373 24480 incremental_pipeline.cc:646] => Could not register, trying another image.
I20261002 19:59:39.673523 24480 incremental_pipeline.cc:620] Registering image #79 (num_reg_frames=14)
I20261002 19:59:39.673582 24480 incremental_pipeline.cc:623] => Image sees 60 / 125 points
I20261002 19:59:39.673640 24480 incremental_pipeline.cc:629] Registering image with structure-less fallback
I20261002 19:59:39.673695 24480 incremental_pipeline.cc:631] => Image sees 457 / 2486 correspondences
I20261002 19:59:39.673771 24480 incremental_pipeline.cc:646] => Could not register, trying another image.
I20261002 19:59:39.673826 24480 incremental_pipeline.cc:620] Registering image #57 (num_reg_frames=14)
I20261002 19:59:39.673880 24480 incremental_pipeline.cc:623] => Image sees 78 / 107 points
I20261002 19:59:39.673935 24480 incremental_pipeline.cc:629] Registering image with structure-less fallback
I20261002 19:59:39.673988 24480 incremental_pipeline.cc:631] => Image sees 452 / 1085 correspondences
I20261002 19:59:39.674054 24480 incremental_pipeline.cc:646] => Could not register, trying another image.
I20261002 19:59:39.674108 24480 incremental_pipeline.cc:620] Registering image #64 (num_reg_frames=14)
I20261002 19:59:39.674161 24480 incremental_pipeline.cc:623] => Image sees 75 / 95 points
I20261002 19:59:39.674215 24480 incremental_pipeline.cc:629] Registering image with structure-less fallback
I20261002 19:59:39.674296 24480 incremental_pipeline.cc:631] => Image sees 437 / 1114 correspondences
I20261002 19:59:39.674373 24480 incremental_pipeline.cc:646] => Could not register, trying another image.
I20261002 19:59:39.674432 24480 incremental_pipeline.cc:620] Registering image #55 (num_reg_frames=14)
I20261002 19:59:39.674491 24480 incremental_pipeline.cc:623] => Image sees 76 / 99 points
I20261002 19:59:39.674547 24480 incremental_pipeline.cc:629] Registering image with structure-less fallback
I20261002 19:59:39.674604 24480 incremental_pipeline.cc:631] => Image sees 427 / 1166 correspondences
I20261002 19:59:39.674670 24480 incremental_pipeline.cc:646] => Could not register, trying another image.
I20261002 19:59:39.674727 24480 incremental_pipeline.cc:620] Registering image #74 (num_reg_frames=14)
I20261002 19:59:39.674784 24480 incremental_pipeline.cc:623] => Image sees 75 / 121 points
I20261002 19:59:39.674839 24480 incremental_pipeline.cc:629] Registering image with structure-less fallback
I20261002 19:59:39.674894 24480 incremental_pipeline.cc:631] => Image sees 417 / 1098 correspondences
I20261002 19:59:39.674960 24480 incremental_pipeline.cc:646] => Could not register, trying another image.
I20261002 19:59:39.675014 24480 incremental_pipeline.cc:620] Registering image #90 (num_reg_frames=14)
I20261002 19:59:39.675068 24480 incremental_pipeline.cc:623] => Image sees 50 / 128 points
I20261002 19:59:39.675123 24480 incremental_pipeline.cc:629] Registering image with structure-less fallback
I20261002 19:59:39.675177 24480 incremental_pipeline.cc:631] => Image sees 416 / 2180 correspondences
I20261002 19:59:39.675288 24480 incremental_pipeline.cc:646] => Could not register, trying another image.
I20261002 19:59:39.675345 24480 incremental_pipeline.cc:620] Registering image #65 (num_reg_frames=14)
I20261002 19:59:39.675401 24480 incremental_pipeline.cc:623] => Image sees 70 / 100 points
I20261002 19:59:39.675455 24480 incremental_pipeline.cc:629] Registering image with structure-less fallback
I20261002 19:59:39.675509 24480 incremental_pipeline.cc:631] => Image sees 414 / 1063 correspondences
I20261002 19:59:39.675577 24480 incremental_pipeline.cc:646] => Could not register, trying another image.
I20261002 19:59:39.675632 24480 incremental_pipeline.cc:620] Registering image #47 (num_reg_frames=14)
I20261002 19:59:39.675687 24480 incremental_pipeline.cc:623] => Image sees 78 / 106 points
I20261002 19:59:39.675743 24480 incremental_pipeline.cc:629] Registering image with structure-less fallback
I20261002 19:59:39.675800 24480 incremental_pipeline.cc:631] => Image sees 393 / 1053 correspondences
I20261002 19:59:39.675870 24480 incremental_pipeline.cc:646] => Could not register, trying another image.
I20261002 19:59:39.675929 24480 incremental_pipeline.cc:620] Registering image #61 (num_reg_frames=14)
I20261002 19:59:39.675984 24480 incremental_pipeline.cc:623] => Image sees 79 / 104 points
I20261002 19:59:39.676038 24480 incremental_pipeline.cc:629] Registering image with structure-less fallback
I20261002 19:59:39.676092 24480 incremental_pipeline.cc:631] => Image sees 372 / 1232 correspondences
I20261002 19:59:39.676158 24480 incremental_pipeline.cc:646] => Could not register, trying another image.
I20261002 19:59:39.676214 24480 incremental_pipeline.cc:620] Registering image #60 (num_reg_frames=14)
I20261002 19:59:39.676268 24480 incremental_pipeline.cc:623] => Image sees 67 / 100 points
I20261002 19:59:39.676323 24480 incremental_pipeline.cc:629] Registering image with structure-less fallback
I20261002 19:59:39.676377 24480 incremental_pipeline.cc:631] => Image sees 371 / 1021 correspondences
I20261002 19:59:39.676441 24480 incremental_pipeline.cc:646] => Could not register, trying another image.
I20261002 19:59:39.676495 24480 incremental_pipeline.cc:620] Registering image #69 (num_reg_frames=14)
I20261002 19:59:39.676549 24480 incremental_pipeline.cc:623] => Image sees 76 / 102 points
I20261002 19:59:39.676604 24480 incremental_pipeline.cc:629] Registering image with structure-less fallback
I20261002 19:59:39.676657 24480 incremental_pipeline.cc:631] => Image sees 368 / 1076 correspondences
I20261002 19:59:39.676723 24480 incremental_pipeline.cc:646] => Could not register, trying another image.
I20261002 19:59:39.676776 24480 incremental_pipeline.cc:620] Registering image #58 (num_reg_frames=14)
I20261002 19:59:39.676832 24480 incremental_pipeline.cc:623] => Image sees 77 / 101 points
I20261002 19:59:39.676886 24480 incremental_pipeline.cc:629] Registering image with structure-less fallback
I20261002 19:59:39.676940 24480 incremental_pipeline.cc:631] => Image sees 363 / 979 correspondences
I20261002 19:59:39.677003 24480 incremental_pipeline.cc:646] => Could not register, trying another image.
I20261002 19:59:39.677057 24480 incremental_pipeline.cc:620] Registering image #62 (num_reg_frames=14)
I20261002 19:59:39.677111 24480 incremental_pipeline.cc:623] => Image sees 76 / 97 points
I20261002 19:59:39.677165 24480 incremental_pipeline.cc:629] Registering image with structure-less fallback
I20261002 19:59:39.677219 24480 incremental_pipeline.cc:631] => Image sees 363 / 1079 correspondences
I20261002 19:59:39.677284 24480 incremental_pipeline.cc:646] => Could not register, trying another image.
I20261002 19:59:39.677339 24480 incremental_pipeline.cc:620] Registering image #36 (num_reg_frames=14)
I20261002 19:59:39.677393 24480 incremental_pipeline.cc:623] => Image sees 70 / 93 points
I20261002 19:59:39.677447 24480 incremental_pipeline.cc:629] Registering image with structure-less fallback
I20261002 19:59:39.677501 24480 incremental_pipeline.cc:631] => Image sees 347 / 867 correspondences
I20261002 19:59:39.677572 24480 incremental_pipeline.cc:646] => Could not register, trying another image.
I20261002 19:59:39.677626 24480 incremental_pipeline.cc:620] Registering image #44 (num_reg_frames=14)
I20261002 19:59:39.677679 24480 incremental_pipeline.cc:623] => Image sees 69 / 95 points
I20261002 19:59:39.677733 24480 incremental_pipeline.cc:629] Registering image with structure-less fallback
I20261002 19:59:39.677787 24480 incremental_pipeline.cc:631] => Image sees 346 / 1045 correspondences
I20261002 19:59:39.677855 24480 incremental_pipeline.cc:646] => Could not register, trying another image.
I20261002 19:59:39.677911 24480 incremental_pipeline.cc:620] Registering image #45 (num_reg_frames=14)
I20261002 19:59:39.677965 24480 incremental_pipeline.cc:623] => Image sees 72 / 99 points
I20261002 19:59:39.678020 24480 incremental_pipeline.cc:629] Registering image with structure-less fallback
I20261002 19:59:39.678090 24480 incremental_pipeline.cc:631] => Image sees 341 / 1002 correspondences
I20261002 19:59:39.678182 24480 incremental_pipeline.cc:646] => Could not register, trying another image.
I20261002 19:59:39.678246 24480 incremental_pipeline.cc:620] Registering image #35 (num_reg_frames=14)
I20261002 19:59:39.678302 24480 incremental_pipeline.cc:623] => Image sees 62 / 95 points
I20261002 19:59:39.678356 24480 incremental_pipeline.cc:629] Registering image with structure-less fallback
I20261002 19:59:39.678410 24480 incremental_pipeline.cc:631] => Image sees 338 / 978 correspondences
I20261002 19:59:39.678474 24480 incremental_pipeline.cc:646] => Could not register, trying another image.
I20261002 19:59:39.678529 24480 incremental_pipeline.cc:620] Registering image #49 (num_reg_frames=14)
I20261002 19:59:39.678583 24480 incremental_pipeline.cc:623] => Image sees 73 / 98 points
I20261002 19:59:39.678636 24480 incremental_pipeline.cc:629] Registering image with structure-less fallback
I20261002 19:59:39.678691 24480 incremental_pipeline.cc:631] => Image sees 336 / 922 correspondences
I20261002 19:59:39.678754 24480 incremental_pipeline.cc:646] => Could not register, trying another image.
I20261002 19:59:39.678808 24480 incremental_pipeline.cc:620] Registering image #41 (num_reg_frames=14)
I20261002 19:59:39.678862 24480 incremental_pipeline.cc:623] => Image sees 67 / 120 points
I20261002 19:59:39.678917 24480 incremental_pipeline.cc:629] Registering image with structure-less fallback
I20261002 19:59:39.678971 24480 incremental_pipeline.cc:631] => Image sees 333 / 1080 correspondences
I20261002 19:59:39.679037 24480 incremental_pipeline.cc:646] => Could not register, trying another image.
I20261002 19:59:39.679103 24480 incremental_pipeline.cc:620] Registering image #43 (num_reg_frames=14)
I20261002 19:59:39.679160 24480 incremental_pipeline.cc:623] => Image sees 74 / 107 points
I20261002 19:59:39.679233 24480 incremental_pipeline.cc:629] Registering image with structure-less fallback
I20261002 19:59:39.679288 24480 incremental_pipeline.cc:631] => Image sees 323 / 1003 correspondences
I20261002 19:59:39.679380 24480 incremental_pipeline.cc:646] => Could not register, trying another image.
I20261002 19:59:39.679438 24480 incremental_pipeline.cc:620] Registering image #37 (num_reg_frames=14)
I20261002 19:59:39.679681 24480 incremental_pipeline.cc:623] => Image sees 65 / 95 points
I20261002 19:59:39.679767 24480 incremental_pipeline.cc:629] Registering image with structure-less fallback
I20261002 19:59:39.679862 24480 incremental_pipeline.cc:631] => Image sees 282 / 907 correspondences
I20261002 19:59:39.680210 24480 incremental_pipeline.cc:646] => Could not register, trying another image.
I20261002 19:59:39.680261 24480 incremental_pipeline.cc:620] Registering image #40 (num_reg_frames=14)
I20261002 19:59:39.680311 24480 incremental_pipeline.cc:623] => Image sees 74 / 93 points
I20261002 19:59:39.680360 24480 incremental_pipeline.cc:629] Registering image with structure-less fallback
I20261002 19:59:39.680406 24480 incremental_pipeline.cc:631] => Image sees 264 / 860 correspondences
I20261002 19:59:39.680461 24480 incremental_pipeline.cc:646] => Could not register, trying another image.
I20261002 19:59:39.680524 24480 incremental_pipeline.cc:620] Registering image #77 (num_reg_frames=14)
I20261002 19:59:39.680571 24480 incremental_pipeline.cc:623] => Image sees 63 / 125 points
I20261002 19:59:39.680618 24480 incremental_pipeline.cc:629] Registering image with structure-less fallback
I20261002 19:59:39.680664 24480 incremental_pipeline.cc:631] => Image sees 260 / 956 correspondences
I20261002 19:59:39.680721 24480 incremental_pipeline.cc:646] => Could not register, trying another image.
I20261002 19:59:39.680768 24480 incremental_pipeline.cc:620] Registering image #21 (num_reg_frames=14)
I20261002 19:59:39.680813 24480 incremental_pipeline.cc:623] => Image sees 43 / 125 points
I20261002 19:59:39.680861 24480 incremental_pipeline.cc:629] Registering image with structure-less fallback
I20261002 19:59:39.680907 24480 incremental_pipeline.cc:631] => Image sees 256 / 1957 correspondences
I20261002 19:59:39.680968 24480 incremental_pipeline.cc:646] => Could not register, trying another image.
I20261002 19:59:39.681018 24480 incremental_pipeline.cc:620] Registering image #28 (num_reg_frames=14)
I20261002 19:59:39.681064 24480 incremental_pipeline.cc:623] => Image sees 68 / 99 points
I20261002 19:59:39.681110 24480 incremental_pipeline.cc:629] Registering image with structure-less fallback
I20261002 19:59:39.681157 24480 incremental_pipeline.cc:631] => Image sees 242 / 752 correspondences
I20261002 19:59:39.681210 24480 incremental_pipeline.cc:646] => Could not register, trying another image.
I20261002 19:59:39.681256 24480 incremental_pipeline.cc:620] Registering image #76 (num_reg_frames=14)
I20261002 19:59:39.681302 24480 incremental_pipeline.cc:623] => Image sees 56 / 110 points
I20261002 19:59:39.681347 24480 incremental_pipeline.cc:629] Registering image with structure-less fallback
I20261002 19:59:39.681488 24480 incremental_pipeline.cc:631] => Image sees 236 / 775 correspondences
I20261002 19:59:39.681546 24480 incremental_pipeline.cc:646] => Could not register, trying another image.
I20261002 19:59:39.681592 24480 incremental_pipeline.cc:620] Registering image #39 (num_reg_frames=14)
I20261002 19:59:39.681639 24480 incremental_pipeline.cc:623] => Image sees 59 / 98 points
I20261002 19:59:39.681685 24480 incremental_pipeline.cc:629] Registering image with structure-less fallback
I20261002 19:59:39.681732 24480 incremental_pipeline.cc:631] => Image sees 219 / 719 correspondences
I20261002 19:59:39.681786 24480 incremental_pipeline.cc:646] => Could not register, trying another image.
I20261002 19:59:39.681832 24480 incremental_pipeline.cc:620] Registering image #26 (num_reg_frames=14)
I20261002 19:59:39.681879 24480 incremental_pipeline.cc:623] => Image sees 57 / 87 points
I20261002 19:59:39.681924 24480 incremental_pipeline.cc:629] Registering image with structure-less fallback
I20261002 19:59:39.681969 24480 incremental_pipeline.cc:631] => Image sees 201 / 768 correspondences
I20261002 19:59:39.682023 24480 incremental_pipeline.cc:646] => Could not register, trying another image.
I20261002 19:59:39.682068 24480 incremental_pipeline.cc:620] Registering image #75 (num_reg_frames=14)
I20261002 19:59:39.682114 24480 incremental_pipeline.cc:623] => Image sees 64 / 104 points
I20261002 19:59:39.682160 24480 incremental_pipeline.cc:629] Registering image with structure-less fallback
I20261002 19:59:39.682205 24480 incremental_pipeline.cc:631] => Image sees 181 / 821 correspondences
I20261002 19:59:39.682260 24480 incremental_pipeline.cc:646] => Could not register, trying another image.
I20261002 19:59:39.682305 24480 incremental_pipeline.cc:620] Registering image #33 (num_reg_frames=14)
I20261002 19:59:39.682353 24480 incremental_pipeline.cc:623] => Image sees 68 / 105 points
I20261002 19:59:39.682398 24480 incremental_pipeline.cc:629] Registering image with structure-less fallback
I20261002 19:59:39.682444 24480 incremental_pipeline.cc:631] => Image sees 181 / 765 correspondences
I20261002 19:59:39.682500 24480 incremental_pipeline.cc:646] => Could not register, trying another image.
I20261002 19:59:39.682554 24480 incremental_pipeline.cc:620] Registering image #32 (num_reg_frames=14)
I20261002 19:59:39.682599 24480 incremental_pipeline.cc:623] => Image sees 63 / 102 points
I20261002 19:59:39.682645 24480 incremental_pipeline.cc:629] Registering image with structure-less fallback
I20261002 19:59:39.682690 24480 incremental_pipeline.cc:631] => Image sees 172 / 893 correspondences
I20261002 19:59:39.682743 24480 incremental_pipeline.cc:646] => Could not register, trying another image.
I20261002 19:59:39.682789 24480 incremental_pipeline.cc:620] Registering image #80 (num_reg_frames=14)
I20261002 19:59:39.682834 24480 incremental_pipeline.cc:623] => Image sees 46 / 115 points
I20261002 19:59:39.682881 24480 incremental_pipeline.cc:629] Registering image with structure-less fallback
I20261002 19:59:39.682927 24480 incremental_pipeline.cc:631] => Image sees 170 / 870 correspondences
I20261002 19:59:39.682980 24480 incremental_pipeline.cc:646] => Could not register, trying another image.
I20261002 19:59:39.683027 24480 incremental_pipeline.cc:620] Registering image #34 (num_reg_frames=14)
I20261002 19:59:39.683074 24480 incremental_pipeline.cc:623] => Image sees 63 / 91 points
I20261002 19:59:39.683120 24480 incremental_pipeline.cc:629] Registering image with structure-less fallback
I20261002 19:59:39.683164 24480 incremental_pipeline.cc:631] => Image sees 164 / 768 correspondences
I20261002 19:59:39.683219 24480 incremental_pipeline.cc:646] => Could not register, trying another image.
I20261002 19:59:39.683264 24480 incremental_pipeline.cc:620] Registering image #82 (num_reg_frames=14)
I20261002 19:59:39.683310 24480 incremental_pipeline.cc:623] => Image sees 55 / 127 points
I20261002 19:59:39.683356 24480 incremental_pipeline.cc:629] Registering image with structure-less fallback
I20261002 19:59:39.683400 24480 incremental_pipeline.cc:631] => Image sees 154 / 790 correspondences
I20261002 19:59:39.683454 24480 incremental_pipeline.cc:646] => Could not register, trying another image.
I20261002 19:59:39.683500 24480 incremental_pipeline.cc:620] Registering image #91 (num_reg_frames=14)
I20261002 19:59:39.683546 24480 incremental_pipeline.cc:623] => Image sees 40 / 107 points
I20261002 19:59:39.683591 24480 incremental_pipeline.cc:629] Registering image with structure-less fallback
I20261002 19:59:39.683638 24480 incremental_pipeline.cc:631] => Image sees 81 / 573 correspondences
I20261002 19:59:39.683690 24480 incremental_pipeline.cc:646] => Could not register, trying another image.
I20261002 19:59:39.683736 24480 incremental_pipeline.cc:620] Registering image #78 (num_reg_frames=14)
I20261002 19:59:39.683781 24480 incremental_pipeline.cc:623] => Image sees 54 / 132 points
I20261002 19:59:39.683827 24480 incremental_pipeline.cc:629] Registering image with structure-less fallback
I20261002 19:59:39.683873 24480 incremental_pipeline.cc:631] => Image sees 61 / 874 correspondences
I20261002 19:59:39.683927 24480 incremental_pipeline.cc:646] => Could not register, trying another image.
I20261002 19:59:39.683972 24480 incremental_pipeline.cc:620] Registering image #81 (num_reg_frames=14)
I20261002 19:59:39.684017 24480 incremental_pipeline.cc:623] => Image sees 50 / 116 points
I20261002 19:59:39.684065 24480 incremental_pipeline.cc:629] Registering image with structure-less fallback
I20261002 19:59:39.684111 24480 incremental_pipeline.cc:631] => Image sees 53 / 736 correspondences
I20261002 19:59:39.684157 24480 incremental_pipeline.cc:646] => Could not register, trying another image.
I20261002 19:59:39.684201 24480 incremental_pipeline.cc:620] Registering image #84 (num_reg_frames=14)
I20261002 19:59:39.684247 24480 incremental_pipeline.cc:623] => Image sees 46 / 113 points
I20261002 19:59:39.684293 24480 incremental_pipeline.cc:629] Registering image with structure-less fallback
I20261002 19:59:39.684339 24480 incremental_pipeline.cc:631] => Image sees 51 / 663 correspondences
I20261002 19:59:39.684386 24480 incremental_pipeline.cc:646] => Could not register, trying another image.
I20261002 19:59:39.684437 24480 incremental_pipeline.cc:620] Registering image #89 (num_reg_frames=14)
I20261002 19:59:39.684483 24480 incremental_pipeline.cc:623] => Image sees 40 / 119 points
I20261002 19:59:39.684529 24480 incremental_pipeline.cc:629] Registering image with structure-less fallback
I20261002 19:59:39.684574 24480 incremental_pipeline.cc:631] => Image sees 43 / 689 correspondences
I20261002 19:59:39.684621 24480 incremental_pipeline.cc:646] => Could not register, trying another image.
I20261002 19:59:39.684667 24480 incremental_pipeline.cc:620] Registering image #88 (num_reg_frames=14)
I20261002 19:59:39.684712 24480 incremental_pipeline.cc:623] => Image sees 41 / 130 points
I20261002 19:59:39.684758 24480 incremental_pipeline.cc:629] Registering image with structure-less fallback
I20261002 19:59:39.684803 24480 incremental_pipeline.cc:631] => Image sees 42 / 740 correspondences
I20261002 19:59:39.684851 24480 incremental_pipeline.cc:646] => Could not register, trying another image.
I20261002 19:59:39.684898 24480 incremental_pipeline.cc:620] Registering image #86 (num_reg_frames=14)
I20261002 19:59:39.684944 24480 incremental_pipeline.cc:623] => Image sees 37 / 125 points
I20261002 19:59:39.684989 24480 incremental_pipeline.cc:629] Registering image with structure-less fallback
I20261002 19:59:39.685035 24480 incremental_pipeline.cc:631] => Image sees 39 / 734 correspondences
I20261002 19:59:39.685081 24480 incremental_pipeline.cc:646] => Could not register, trying another image.
I20261002 19:59:39.685126 24480 incremental_pipeline.cc:620] Registering image #83 (num_reg_frames=14)
I20261002 19:59:39.685171 24480 incremental_pipeline.cc:623] => Image sees 34 / 115 points
I20261002 19:59:39.685216 24480 incremental_pipeline.cc:629] Registering image with structure-less fallback
I20261002 19:59:39.685263 24480 incremental_pipeline.cc:631] => Image sees 38 / 698 correspondences
I20261002 19:59:39.685451 24480 incremental_pipeline.cc:646] => Could not register, trying another image.
I20261002 19:59:39.685551 24480 incremental_pipeline.cc:620] Registering image #85 (num_reg_frames=14)
I20261002 19:59:39.685632 24480 incremental_pipeline.cc:623] => Image sees 36 / 113 points
I20261002 19:59:39.685700 24480 incremental_pipeline.cc:629] Registering image with structure-less fallback
I20261002 19:59:39.685766 24480 incremental_pipeline.cc:631] => Image sees 38 / 652 correspondences
I20261002 19:59:39.685826 24480 incremental_pipeline.cc:646] => Could not register, trying another image.
I20261002 19:59:39.685883 24480 incremental_pipeline.cc:620] Registering image #94 (num_reg_frames=14)
I20261002 19:59:39.685940 24480 incremental_pipeline.cc:623] => Image sees 31 / 135 points
I20261002 19:59:39.685995 24480 incremental_pipeline.cc:629] Registering image with structure-less fallback
I20261002 19:59:39.686056 24480 incremental_pipeline.cc:631] => Image sees 36 / 678 correspondences
I20261002 19:59:39.686114 24480 incremental_pipeline.cc:646] => Could not register, trying another image.
I20261002 19:59:39.686211 24480 incremental_pipeline.cc:826] Keeping successful reconstruction
I20261002 19:59:39.687680 24480 incremental_pipeline.cc:465] Finding good initial image pair
I20261002 19:59:39.708172 24480 incremental_pipeline.cc:492] Registering initial image pair #78 and #83
I20261002 19:59:39.708690 24480 incremental_pipeline.cc:510] Global bundle adjustment
I20261002 19:59:39.715642 24480 incremental_pipeline.cc:620] Registering image #79 (num_reg_frames=2)
I20261002 19:59:39.715835 24480 incremental_pipeline.cc:623] => Image sees 63 / 125 points
I20261002 19:59:39.718841 24480 incremental_pipeline.cc:88] Retriangulation and Global bundle adjustment
I20261002 19:59:39.730138 24480 incremental_pipeline.cc:620] Registering image #82 (num_reg_frames=3)
I20261002 19:59:39.730262 24480 incremental_pipeline.cc:623] => Image sees 77 / 127 points
I20261002 19:59:39.735401 24480 incremental_pipeline.cc:620] Registering image #84 (num_reg_frames=4)
I20261002 19:59:39.735508 24480 incremental_pipeline.cc:623] => Image sees 81 / 113 points
I20261002 19:59:39.739387 24480 incremental_pipeline.cc:88] Retriangulation and Global bundle adjustment
I20261002 19:59:39.760947 24480 incremental_pipeline.cc:620] Registering image #80 (num_reg_frames=5)
I20261002 19:59:39.761058 24480 incremental_pipeline.cc:623] => Image sees 82 / 115 points
I20261002 19:59:39.775893 24480 incremental_pipeline.cc:620] Registering image #81 (num_reg_frames=6)
I20261002 19:59:39.776005 24480 incremental_pipeline.cc:623] => Image sees 88 / 116 points
I20261002 19:59:39.781465 24480 incremental_pipeline.cc:88] Retriangulation and Global bundle adjustment
I20261002 19:59:39.868344 24480 incremental_pipeline.cc:88] Retriangulation and Global bundle adjustment
W20261002 19:59:39.894071 24480 incremental_pipeline.cc:821] Discarding reconstruction due to insufficient size
I20261002 19:59:39.895604 24480 incremental_pipeline.cc:465] Finding good initial image pair
I20261002 19:59:39.904271 24480 incremental_pipeline.cc:492] Registering initial image pair #118 and #122
I20261002 19:59:39.904817 24480 incremental_pipeline.cc:510] Global bundle adjustment
I20261002 19:59:39.913027 24480 incremental_pipeline.cc:620] Registering image #120 (num_reg_frames=2)
I20261002 19:59:39.913146 24480 incremental_pipeline.cc:623] => Image sees 83 / 193 points
I20261002 19:59:39.922489 24480 incremental_pipeline.cc:88] Retriangulation and Global bundle adjustment
I20261002 19:59:39.939678 24480 incremental_pipeline.cc:620] Registering image #123 (num_reg_frames=3)
I20261002 19:59:39.939795 24480 incremental_pipeline.cc:623] => Image sees 101 / 179 points
I20261002 19:59:39.945318 24480 incremental_pipeline.cc:620] Registering image #121 (num_reg_frames=4)
I20261002 19:59:39.945440 24480 incremental_pipeline.cc:623] => Image sees 110 / 157 points
I20261002 19:59:39.960805 24480 incremental_pipeline.cc:88] Retriangulation and Global bundle adjustment
I20261002 19:59:40.035932 24480 incremental_pipeline.cc:88] Retriangulation and Global bundle adjustment
W20261002 19:59:40.036534 24480 incremental_pipeline.cc:821] Discarding reconstruction due to insufficient size
I20261002 19:59:40.038314 24480 incremental_pipeline.cc:465] Finding good initial image pair
I20261002 19:59:40.044423 24480 incremental_pipeline.cc:492] Registering initial image pair #102 and #98
I20261002 19:59:40.044834 24480 incremental_pipeline.cc:510] Global bundle adjustment
I20261002 19:59:40.050859 24480 incremental_pipeline.cc:620] Registering image #99 (num_reg_frames=2)
I20261002 19:59:40.050968 24480 incremental_pipeline.cc:623] => Image sees 47 / 144 points
I20261002 19:59:40.054037 24480 incremental_pipeline.cc:88] Retriangulation and Global bundle adjustment
I20261002 19:59:40.059429 24480 incremental_pipeline.cc:620] Registering image #101 (num_reg_frames=3)
I20261002 19:59:40.059538 24480 incremental_pipeline.cc:623] => Image sees 81 / 145 points
I20261002 19:59:40.079317 24480 incremental_pipeline.cc:620] Registering image #100 (num_reg_frames=4)
I20261002 19:59:40.079443 24480 incremental_pipeline.cc:623] => Image sees 97 / 197 points
I20261002 19:59:40.114935 24480 incremental_pipeline.cc:88] Retriangulation and Global bundle adjustment
I20261002 19:59:40.150049 24480 incremental_pipeline.cc:88] Retriangulation and Global bundle adjustment
W20261002 19:59:40.155983 24480 incremental_pipeline.cc:821] Discarding reconstruction due to insufficient size
I20261002 19:59:40.156845 24480 incremental_pipeline.cc:465] Finding good initial image pair
I20261002 19:59:40.169227 24480 incremental_pipeline.cc:492] Registering initial image pair #101 and #99
I20261002 19:59:40.169734 24480 incremental_pipeline.cc:510] Global bundle adjustment
I20261002 19:59:40.174309 24480 incremental_pipeline.cc:620] Registering image #100 (num_reg_frames=2)
I20261002 19:59:40.174429 24480 incremental_pipeline.cc:623] => Image sees 63 / 197 points
I20261002 19:59:40.194601 24480 incremental_pipeline.cc:88] Retriangulation and Global bundle adjustment
I20261002 19:59:40.210474 24480 incremental_pipeline.cc:620] Registering image #98 (num_reg_frames=3)
I20261002 19:59:40.210618 24480 incremental_pipeline.cc:623] => Image sees 37 / 141 points
I20261002 19:59:40.223041 24480 incremental_pipeline.cc:620] Registering image #102 (num_reg_frames=4)
I20261002 19:59:40.223143 24480 incremental_pipeline.cc:623] => Image sees 35 / 193 points
I20261002 19:59:40.235801 24480 incremental_pipeline.cc:88] Retriangulation and Global bundle adjustment
I20261002 19:59:40.259759 24480 incremental_pipeline.cc:88] Retriangulation and Global bundle adjustment
W20261002 19:59:40.262917 24480 incremental_pipeline.cc:821] Discarding reconstruction due to insufficient size
I20261002 19:59:40.264497 24480 incremental_pipeline.cc:465] Finding good initial image pair
I20261002 19:59:40.270513 24480 incremental_pipeline.cc:492] Registering initial image pair #96 and #95
I20261002 19:59:40.271063 24480 incremental_pipeline.cc:510] Global bundle adjustment
I20261002 19:59:40.278511 24480 incremental_pipeline.cc:620] Registering image #99 (num_reg_frames=2)
I20261002 19:59:40.278626 24480 incremental_pipeline.cc:623] => Image sees 63 / 144 points
I20261002 19:59:40.285072 24480 incremental_pipeline.cc:88] Retriangulation and Global bundle adjustment
I20261002 19:59:40.289463 24480 incremental_pipeline.cc:620] Registering image #98 (num_reg_frames=3)
I20261002 19:59:40.289575 24480 incremental_pipeline.cc:623] => Image sees 87 / 141 points
I20261002 19:59:40.294248 24480 incremental_pipeline.cc:620] Registering image #97 (num_reg_frames=4)
I20261002 19:59:40.294433 24480 incremental_pipeline.cc:623] => Image sees 92 / 127 points
I20261002 19:59:40.300692 24480 incremental_pipeline.cc:88] Retriangulation and Global bundle adjustment
I20261002 19:59:40.311011 24480 incremental_pipeline.cc:620] Registering image #101 (num_reg_frames=5)
I20261002 19:59:40.311208 24480 incremental_pipeline.cc:623] => Image sees 95 / 145 points
I20261002 19:59:40.322618 24480 incremental_pipeline.cc:620] Registering image #100 (num_reg_frames=6)
I20261002 19:59:40.322733 24480 incremental_pipeline.cc:623] => Image sees 99 / 197 points
I20261002 19:59:40.332132 24480 incremental_pipeline.cc:88] Retriangulation and Global bundle adjustment
I20261002 19:59:40.359420 24480 incremental_pipeline.cc:620] Registering image #102 (num_reg_frames=7)
I20261002 19:59:40.359548 24480 incremental_pipeline.cc:623] => Image sees 108 / 193 points
I20261002 19:59:40.370563 24480 incremental_pipeline.cc:620] Registering image #103 (num_reg_frames=8)
I20261002 19:59:40.370684 24480 incremental_pipeline.cc:623] => Image sees 113 / 200 points
I20261002 19:59:40.382361 24480 incremental_pipeline.cc:620] Registering image #104 (num_reg_frames=9)
I20261002 19:59:40.382474 24480 incremental_pipeline.cc:623] => Image sees 117 / 198 points
I20261002 19:59:40.390811 24480 incremental_pipeline.cc:88] Retriangulation and Global bundle adjustment
I20261002 19:59:40.435968 24480 incremental_pipeline.cc:620] Registering image #106 (num_reg_frames=10)
I20261002 19:59:40.436088 24480 incremental_pipeline.cc:623] => Image sees 135 / 254 points
I20261002 19:59:40.445527 24480 incremental_pipeline.cc:620] Registering image #105 (num_reg_frames=11)
I20261002 19:59:40.445650 24480 incremental_pipeline.cc:623] => Image sees 143 / 258 points
I20261002 19:59:40.460322 24480 incremental_pipeline.cc:620] Registering image #117 (num_reg_frames=12)
I20261002 19:59:40.460440 24480 incremental_pipeline.cc:623] => Image sees 119 / 233 points
I20261002 19:59:40.473008 24480 incremental_pipeline.cc:620] Registering image #110 (num_reg_frames=13)
I20261002 19:59:40.473134 24480 incremental_pipeline.cc:623] => Image sees 163 / 251 points
I20261002 19:59:40.484937 24480 incremental_pipeline.cc:88] Retriangulation and Global bundle adjustment
I20261002 19:59:40.584139 24480 incremental_pipeline.cc:620] Registering image #108 (num_reg_frames=14)
I20261002 19:59:40.584308 24480 incremental_pipeline.cc:623] => Image sees 191 / 263 points
I20261002 19:59:40.600693 24480 incremental_pipeline.cc:620] Registering image #107 (num_reg_frames=15)
I20261002 19:59:40.600843 24480 incremental_pipeline.cc:623] => Image sees 212 / 246 points
I20261002 19:59:40.616083 24480 incremental_pipeline.cc:620] Registering image #115 (num_reg_frames=16)
I20261002 19:59:40.616212 24480 incremental_pipeline.cc:623] => Image sees 219 / 251 points
I20261002 19:59:40.632081 24480 incremental_pipeline.cc:620] Registering image #116 (num_reg_frames=17)
I20261002 19:59:40.632234 24480 incremental_pipeline.cc:623] => Image sees 157 / 205 points
I20261002 19:59:40.649390 24480 incremental_pipeline.cc:620] Registering image #109 (num_reg_frames=18)
I20261002 19:59:40.649507 24480 incremental_pipeline.cc:623] => Image sees 150 / 190 points
I20261002 19:59:40.663629 24480 incremental_pipeline.cc:620] Registering image #111 (num_reg_frames=19)
I20261002 19:59:40.663753 24480 incremental_pipeline.cc:623] => Image sees 138 / 190 points
I20261002 19:59:40.677171 24480 incremental_pipeline.cc:88] Retriangulation and Global bundle adjustment
I20261002 19:59:41.657523 24480 incremental_pipeline.cc:88] Retriangulation and Global bundle adjustment
W20261002 19:59:41.666616 24480 incremental_mapper.cc:1155] At least two images must be registered for global bundle-adjustment
W20261002 19:59:41.666754 24480 incremental_pipeline.cc:821] Discarding reconstruction due to insufficient size
I20261002 19:59:41.668469 24480 incremental_pipeline.cc:465] Finding good initial image pair
I20261002 19:59:41.681252 24480 incremental_pipeline.cc:492] Registering initial image pair #20 and #17
I20261002 19:59:41.681747 24480 incremental_pipeline.cc:510] Global bundle adjustment
I20261002 19:59:41.688614 24480 incremental_pipeline.cc:620] Registering image #21 (num_reg_frames=2)
I20261002 19:59:41.688731 24480 incremental_pipeline.cc:623] => Image sees 48 / 125 points
I20261002 19:59:41.693660 24480 incremental_pipeline.cc:88] Retriangulation and Global bundle adjustment
I20261002 19:59:41.699784 24480 incremental_pipeline.cc:620] Registering image #22 (num_reg_frames=3)
I20261002 19:59:41.699916 24480 incremental_pipeline.cc:623] => Image sees 72 / 118 points
I20261002 19:59:41.704844 24480 incremental_pipeline.cc:620] Registering image #29 (num_reg_frames=4)
I20261002 19:59:41.704953 24480 incremental_pipeline.cc:623] => Image sees 64 / 118 points
I20261002 19:59:41.718431 24480 incremental_pipeline.cc:88] Retriangulation and Global bundle adjustment
I20261002 19:59:41.736973 24480 incremental_pipeline.cc:620] Registering image #27 (num_reg_frames=5)
I20261002 19:59:41.737138 24480 incremental_pipeline.cc:623] => Image sees 67 / 127 points
I20261002 19:59:41.745888 24480 incremental_pipeline.cc:620] Registering image #31 (num_reg_frames=6)
I20261002 19:59:41.746004 24480 incremental_pipeline.cc:623] => Image sees 78 / 130 points
I20261002 19:59:41.753216 24480 incremental_pipeline.cc:88] Retriangulation and Global bundle adjustment
I20261002 19:59:41.784658 24480 incremental_pipeline.cc:620] Registering image #18 (num_reg_frames=7)
I20261002 19:59:41.784768 24480 incremental_pipeline.cc:623] => Image sees 78 / 123 points
I20261002 19:59:41.792551 24480 incremental_pipeline.cc:620] Registering image #16 (num_reg_frames=8)
I20261002 19:59:41.792663 24480 incremental_pipeline.cc:623] => Image sees 85 / 124 points
I20261002 19:59:41.800314 24480 incremental_pipeline.cc:620] Registering image #19 (num_reg_frames=9)
I20261002 19:59:41.800429 24480 incremental_pipeline.cc:623] => Image sees 84 / 130 points
I20261002 19:59:41.807272 24480 incremental_pipeline.cc:88] Retriangulation and Global bundle adjustment
I20261002 19:59:41.893388 24480 incremental_pipeline.cc:620] Registering image #15 (num_reg_frames=10)
I20261002 19:59:41.893617 24480 incremental_pipeline.cc:623] => Image sees 84 / 111 points
I20261002 19:59:41.893735 24480 incremental_pipeline.cc:646] => Could not register, trying another image.
I20261002 19:59:41.893805 24480 incremental_pipeline.cc:620] Registering image #24 (num_reg_frames=10)
I20261002 19:59:41.893876 24480 incremental_pipeline.cc:623] => Image sees 83 / 114 points
I20261002 19:59:41.893951 24480 incremental_pipeline.cc:646] => Could not register, trying another image.
I20261002 19:59:41.894040 24480 incremental_pipeline.cc:620] Registering image #23 (num_reg_frames=10)
I20261002 19:59:41.894134 24480 incremental_pipeline.cc:623] => Image sees 82 / 111 points
I20261002 19:59:41.894290 24480 incremental_pipeline.cc:646] => Could not register, trying another image.
I20261002 19:59:41.894409 24480 incremental_pipeline.cc:620] Registering image #11 (num_reg_frames=10)
I20261002 19:59:41.894500 24480 incremental_pipeline.cc:623] => Image sees 79 / 110 points
I20261002 19:59:41.894619 24480 incremental_pipeline.cc:646] => Could not register, trying another image.
I20261002 19:59:41.894762 24480 incremental_pipeline.cc:620] Registering image #25 (num_reg_frames=10)
I20261002 19:59:41.894852 24480 incremental_pipeline.cc:623] => Image sees 82 / 133 points
I20261002 19:59:41.894938 24480 incremental_pipeline.cc:646] => Could not register, trying another image.
I20261002 19:59:41.895005 24480 incremental_pipeline.cc:620] Registering image #13 (num_reg_frames=10)
I20261002 19:59:41.895069 24480 incremental_pipeline.cc:623] => Image sees 65 / 108 points
I20261002 19:59:41.895147 24480 incremental_pipeline.cc:646] => Could not register, trying another image.
I20261002 19:59:41.895210 24480 incremental_pipeline.cc:620] Registering image #7 (num_reg_frames=10)
I20261002 19:59:41.895272 24480 incremental_pipeline.cc:623] => Image sees 61 / 103 points
I20261002 19:59:41.895344 24480 incremental_pipeline.cc:646] => Could not register, trying another image.
I20261002 19:59:41.895407 24480 incremental_pipeline.cc:620] Registering image #35 (num_reg_frames=10)
I20261002 19:59:41.895470 24480 incremental_pipeline.cc:623] => Image sees 41 / 95 points
I20261002 19:59:41.895542 24480 incremental_pipeline.cc:646] => Could not register, trying another image.
I20261002 19:59:41.895604 24480 incremental_pipeline.cc:620] Registering image #12 (num_reg_frames=10)
I20261002 19:59:41.895667 24480 incremental_pipeline.cc:623] => Image sees 43 / 102 points
I20261002 19:59:41.895737 24480 incremental_pipeline.cc:646] => Could not register, trying another image.
I20261002 19:59:41.895800 24480 incremental_pipeline.cc:620] Registering image #61 (num_reg_frames=10)
I20261002 19:59:41.895890 24480 incremental_pipeline.cc:623] => Image sees 38 / 104 points
I20261002 19:59:41.895955 24480 incremental_pipeline.cc:646] => Could not register, trying another image.
I20261002 19:59:41.896010 24480 incremental_pipeline.cc:620] Registering image #2 (num_reg_frames=10)
I20261002 19:59:41.896068 24480 incremental_pipeline.cc:623] => Image sees 37 / 108 points
I20261002 19:59:41.896132 24480 incremental_pipeline.cc:646] => Could not register, trying another image.
I20261002 19:59:41.896188 24480 incremental_pipeline.cc:620] Registering image #56 (num_reg_frames=10)
I20261002 19:59:41.896243 24480 incremental_pipeline.cc:623] => Image sees 37 / 114 points
I20261002 19:59:41.896305 24480 incremental_pipeline.cc:646] => Could not register, trying another image.
I20261002 19:59:41.896360 24480 incremental_pipeline.cc:620] Registering image #8 (num_reg_frames=10)
I20261002 19:59:41.896415 24480 incremental_pipeline.cc:623] => Image sees 34 / 111 points
I20261002 19:59:41.896474 24480 incremental_pipeline.cc:646] => Could not register, trying another image.
I20261002 19:59:41.896528 24480 incremental_pipeline.cc:620] Registering image #50 (num_reg_frames=10)
I20261002 19:59:41.896582 24480 incremental_pipeline.cc:623] => Image sees 37 / 113 points
I20261002 19:59:41.896645 24480 incremental_pipeline.cc:646] => Could not register, trying another image.
I20261002 19:59:41.896699 24480 incremental_pipeline.cc:620] Registering image #28 (num_reg_frames=10)
I20261002 19:59:41.896753 24480 incremental_pipeline.cc:623] => Image sees 36 / 99 points
I20261002 19:59:41.896816 24480 incremental_pipeline.cc:646] => Could not register, trying another image.
I20261002 19:59:41.896870 24480 incremental_pipeline.cc:620] Registering image #52 (num_reg_frames=10)
I20261002 19:59:41.896924 24480 incremental_pipeline.cc:623] => Image sees 37 / 103 points
I20261002 19:59:41.896998 24480 incremental_pipeline.cc:646] => Could not register, trying another image.
I20261002 19:59:41.897103 24480 incremental_pipeline.cc:620] Registering image #10 (num_reg_frames=10)
I20261002 19:59:41.897184 24480 incremental_pipeline.cc:623] => Image sees 36 / 93 points
I20261002 19:59:41.897263 24480 incremental_pipeline.cc:646] => Could not register, trying another image.
I20261002 19:59:41.897332 24480 incremental_pipeline.cc:620] Registering image #14 (num_reg_frames=10)
I20261002 19:59:41.897392 24480 incremental_pipeline.cc:623] => Image sees 33 / 122 points
I20261002 19:59:41.897456 24480 incremental_pipeline.cc:646] => Could not register, trying another image.
I20261002 19:59:41.897517 24480 incremental_pipeline.cc:620] Registering image #34 (num_reg_frames=10)
I20261002 19:59:41.897574 24480 incremental_pipeline.cc:623] => Image sees 32 / 91 points
I20261002 19:59:41.897637 24480 incremental_pipeline.cc:646] => Could not register, trying another image.
I20261002 19:59:41.897692 24480 incremental_pipeline.cc:620] Registering image #51 (num_reg_frames=10)
I20261002 19:59:41.897748 24480 incremental_pipeline.cc:623] => Image sees 33 / 107 points
I20261002 19:59:41.897813 24480 incremental_pipeline.cc:646] => Could not register, trying another image.
I20261002 19:59:41.897870 24480 incremental_pipeline.cc:620] Registering image #26 (num_reg_frames=10)
I20261002 19:59:41.897926 24480 incremental_pipeline.cc:623] => Image sees 33 / 87 points
I20261002 19:59:41.897989 24480 incremental_pipeline.cc:646] => Could not register, trying another image.
I20261002 19:59:41.898044 24480 incremental_pipeline.cc:620] Registering image #30 (num_reg_frames=10)
I20261002 19:59:41.898103 24480 incremental_pipeline.cc:623] => Image sees 31 / 96 points
I20261002 19:59:41.898174 24480 incremental_pipeline.cc:646] => Could not register, trying another image.
I20261002 19:59:41.898231 24480 incremental_pipeline.cc:620] Registering image #59 (num_reg_frames=10)
I20261002 19:59:41.898335 24480 incremental_pipeline.cc:623] => Image sees 31 / 113 points
I20261002 19:59:41.898423 24480 incremental_pipeline.cc:646] => Could not register, trying another image.
I20261002 19:59:41.898479 24480 incremental_pipeline.cc:620] Registering image #40 (num_reg_frames=10)
I20261002 19:59:41.898537 24480 incremental_pipeline.cc:623] => Image sees 33 / 93 points
I20261002 19:59:41.898600 24480 incremental_pipeline.cc:646] => Could not register, trying another image.
I20261002 19:59:41.898656 24480 incremental_pipeline.cc:620] Registering image #63 (num_reg_frames=10)
I20261002 19:59:41.898713 24480 incremental_pipeline.cc:623] => Image sees 31 / 107 points
I20261002 19:59:41.898777 24480 incremental_pipeline.cc:646] => Could not register, trying another image.
I20261002 19:59:41.898832 24480 incremental_pipeline.cc:620] Registering image #70 (num_reg_frames=10)
I20261002 19:59:41.898888 24480 incremental_pipeline.cc:623] => Image sees 32 / 114 points
I20261002 19:59:41.898950 24480 incremental_pipeline.cc:646] => Could not register, trying another image.
I20261002 19:59:41.899005 24480 incremental_pipeline.cc:620] Registering image #3 (num_reg_frames=10)
I20261002 19:59:41.899060 24480 incremental_pipeline.cc:623] => Image sees 30 / 100 points
I20261002 19:59:41.899120 24480 incremental_pipeline.cc:646] => Could not register, trying another image.
I20261002 19:59:41.899177 24480 incremental_pipeline.cc:620] Registering image #41 (num_reg_frames=10)
I20261002 19:59:41.899231 24480 incremental_pipeline.cc:623] => Image sees 30 / 120 points
I20261002 19:59:41.899294 24480 incremental_pipeline.cc:646] => Could not register, trying another image.
I20261002 19:59:41.899349 24480 incremental_pipeline.cc:620] Registering image #78 (num_reg_frames=10)
I20261002 19:59:41.899408 24480 incremental_pipeline.cc:623] => Image sees 32 / 132 points
I20261002 19:59:41.899473 24480 incremental_pipeline.cc:646] => Could not register, trying another image.
I20261002 19:59:41.899529 24480 incremental_pipeline.cc:620] Registering image #74 (num_reg_frames=10)
I20261002 19:59:41.899593 24480 incremental_pipeline.cc:623] => Image sees 30 / 121 points
I20261002 19:59:41.899659 24480 incremental_pipeline.cc:646] => Could not register, trying another image.
I20261002 19:59:41.899715 24480 incremental_pipeline.cc:620] Registering image #48 (num_reg_frames=10)
I20261002 19:59:41.899772 24480 incremental_pipeline.cc:623] => Image sees 30 / 105 points
I20261002 19:59:41.899836 24480 incremental_pipeline.cc:646] => Could not register, trying another image.
I20261002 19:59:41.899899 24480 incremental_pipeline.cc:620] Registering image #13 (num_reg_frames=10)
I20261002 19:59:41.899955 24480 incremental_pipeline.cc:623] => Image sees 65 / 108 points
I20261002 19:59:41.900010 24480 incremental_pipeline.cc:629] Registering image with structure-less fallback
I20261002 19:59:41.900120 24480 incremental_pipeline.cc:631] => Image sees 333 / 1062 correspondences
I20261002 19:59:41.900200 24480 incremental_pipeline.cc:646] => Could not register, trying another image.
I20261002 19:59:41.900256 24480 incremental_pipeline.cc:620] Registering image #15 (num_reg_frames=10)
I20261002 19:59:41.900314 24480 incremental_pipeline.cc:623] => Image sees 84 / 111 points
I20261002 19:59:41.900373 24480 incremental_pipeline.cc:629] Registering image with structure-less fallback
I20261002 19:59:41.900427 24480 incremental_pipeline.cc:631] => Image sees 314 / 586 correspondences
I20261002 19:59:41.900525 24480 incremental_pipeline.cc:646] => Could not register, trying another image.
I20261002 19:59:41.900688 24480 incremental_pipeline.cc:620] Registering image #23 (num_reg_frames=10)
I20261002 19:59:41.900792 24480 incremental_pipeline.cc:623] => Image sees 82 / 111 points
I20261002 19:59:41.900869 24480 incremental_pipeline.cc:629] Registering image with structure-less fallback
I20261002 19:59:41.900931 24480 incremental_pipeline.cc:631] => Image sees 298 / 647 correspondences
I20261002 19:59:41.901000 24480 incremental_pipeline.cc:646] => Could not register, trying another image.
I20261002 19:59:41.901054 24480 incremental_pipeline.cc:620] Registering image #25 (num_reg_frames=10)
I20261002 19:59:41.901110 24480 incremental_pipeline.cc:623] => Image sees 82 / 133 points
I20261002 19:59:41.901164 24480 incremental_pipeline.cc:629] Registering image with structure-less fallback
I20261002 19:59:41.901222 24480 incremental_pipeline.cc:631] => Image sees 279 / 631 correspondences
I20261002 19:59:41.901291 24480 incremental_pipeline.cc:646] => Could not register, trying another image.
I20261002 19:59:41.901345 24480 incremental_pipeline.cc:620] Registering image #11 (num_reg_frames=10)
I20261002 19:59:41.901401 24480 incremental_pipeline.cc:623] => Image sees 79 / 110 points
I20261002 19:59:41.901458 24480 incremental_pipeline.cc:629] Registering image with structure-less fallback
I20261002 19:59:41.901514 24480 incremental_pipeline.cc:631] => Image sees 242 / 601 correspondences
I20261002 19:59:41.901580 24480 incremental_pipeline.cc:646] => Could not register, trying another image.
I20261002 19:59:41.901636 24480 incremental_pipeline.cc:620] Registering image #24 (num_reg_frames=10)
I20261002 19:59:41.901691 24480 incremental_pipeline.cc:623] => Image sees 83 / 114 points
I20261002 19:59:41.901747 24480 incremental_pipeline.cc:629] Registering image with structure-less fallback
I20261002 19:59:41.901804 24480 incremental_pipeline.cc:631] => Image sees 238 / 518 correspondences
I20261002 19:59:41.901870 24480 incremental_pipeline.cc:646] => Could not register, trying another image.
I20261002 19:59:41.901924 24480 incremental_pipeline.cc:620] Registering image #2 (num_reg_frames=10)
I20261002 19:59:41.901980 24480 incremental_pipeline.cc:623] => Image sees 37 / 108 points
I20261002 19:59:41.902038 24480 incremental_pipeline.cc:629] Registering image with structure-less fallback
I20261002 19:59:41.902093 24480 incremental_pipeline.cc:631] => Image sees 225 / 779 correspondences
I20261002 19:59:41.902156 24480 incremental_pipeline.cc:646] => Could not register, trying another image.
I20261002 19:59:41.902220 24480 incremental_pipeline.cc:620] Registering image #7 (num_reg_frames=10)
I20261002 19:59:41.902278 24480 incremental_pipeline.cc:623] => Image sees 61 / 103 points
I20261002 19:59:41.902338 24480 incremental_pipeline.cc:629] Registering image with structure-less fallback
I20261002 19:59:41.902394 24480 incremental_pipeline.cc:631] => Image sees 160 / 482 correspondences
I20261002 19:59:41.902458 24480 incremental_pipeline.cc:646] => Could not register, trying another image.
I20261002 19:59:41.902514 24480 incremental_pipeline.cc:620] Registering image #28 (num_reg_frames=10)
I20261002 19:59:41.902569 24480 incremental_pipeline.cc:623] => Image sees 36 / 99 points
I20261002 19:59:41.902628 24480 incremental_pipeline.cc:629] Registering image with structure-less fallback
I20261002 19:59:41.902683 24480 incremental_pipeline.cc:631] => Image sees 100 / 752 correspondences
I20261002 19:59:41.902746 24480 incremental_pipeline.cc:646] => Could not register, trying another image.
I20261002 19:59:41.902801 24480 incremental_pipeline.cc:620] Registering image #35 (num_reg_frames=10)
I20261002 19:59:41.902861 24480 incremental_pipeline.cc:623] => Image sees 41 / 95 points
I20261002 19:59:41.902917 24480 incremental_pipeline.cc:629] Registering image with structure-less fallback
I20261002 19:59:41.902972 24480 incremental_pipeline.cc:631] => Image sees 95 / 978 correspondences
I20261002 19:59:41.903035 24480 incremental_pipeline.cc:646] => Could not register, trying another image.
I20261002 19:59:41.903089 24480 incremental_pipeline.cc:620] Registering image #12 (num_reg_frames=10)
I20261002 19:59:41.903145 24480 incremental_pipeline.cc:623] => Image sees 43 / 102 points
I20261002 19:59:41.903200 24480 incremental_pipeline.cc:629] Registering image with structure-less fallback
I20261002 19:59:41.903258 24480 incremental_pipeline.cc:631] => Image sees 74 / 462 correspondences
I20261002 19:59:41.903317 24480 incremental_pipeline.cc:646] => Could not register, trying another image.
I20261002 19:59:41.903374 24480 incremental_pipeline.cc:620] Registering image #26 (num_reg_frames=10)
I20261002 19:59:41.903430 24480 incremental_pipeline.cc:623] => Image sees 33 / 87 points
I20261002 19:59:41.903485 24480 incremental_pipeline.cc:629] Registering image with structure-less fallback
I20261002 19:59:41.903541 24480 incremental_pipeline.cc:631] => Image sees 74 / 768 correspondences
I20261002 19:59:41.903603 24480 incremental_pipeline.cc:646] => Could not register, trying another image.
I20261002 19:59:41.903658 24480 incremental_pipeline.cc:620] Registering image #61 (num_reg_frames=10)
I20261002 19:59:41.903713 24480 incremental_pipeline.cc:623] => Image sees 38 / 104 points
I20261002 19:59:41.903768 24480 incremental_pipeline.cc:629] Registering image with structure-less fallback
I20261002 19:59:41.903823 24480 incremental_pipeline.cc:631] => Image sees 65 / 1232 correspondences
I20261002 19:59:41.903891 24480 incremental_pipeline.cc:646] => Could not register, trying another image.
I20261002 19:59:41.903945 24480 incremental_pipeline.cc:620] Registering image #10 (num_reg_frames=10)
I20261002 19:59:41.904002 24480 incremental_pipeline.cc:623] => Image sees 36 / 93 points
I20261002 19:59:41.904057 24480 incremental_pipeline.cc:629] Registering image with structure-less fallback
I20261002 19:59:41.904112 24480 incremental_pipeline.cc:631] => Image sees 64 / 436 correspondences
I20261002 19:59:41.904172 24480 incremental_pipeline.cc:646] => Could not register, trying another image.
I20261002 19:59:41.904226 24480 incremental_pipeline.cc:620] Registering image #14 (num_reg_frames=10)
I20261002 19:59:41.904282 24480 incremental_pipeline.cc:623] => Image sees 33 / 122 points
I20261002 19:59:41.904337 24480 incremental_pipeline.cc:629] Registering image with structure-less fallback
I20261002 19:59:41.904392 24480 incremental_pipeline.cc:631] => Image sees 64 / 464 correspondences
I20261002 19:59:41.904454 24480 incremental_pipeline.cc:646] => Could not register, trying another image.
I20261002 19:59:41.904519 24480 incremental_pipeline.cc:620] Registering image #50 (num_reg_frames=10)
I20261002 19:59:41.904574 24480 incremental_pipeline.cc:623] => Image sees 37 / 113 points
I20261002 19:59:41.904629 24480 incremental_pipeline.cc:629] Registering image with structure-less fallback
I20261002 19:59:41.904685 24480 incremental_pipeline.cc:631] => Image sees 63 / 1218 correspondences
I20261002 19:59:41.904749 24480 incremental_pipeline.cc:646] => Could not register, trying another image.
I20261002 19:59:41.904804 24480 incremental_pipeline.cc:620] Registering image #40 (num_reg_frames=10)
I20261002 19:59:41.904859 24480 incremental_pipeline.cc:623] => Image sees 33 / 93 points
I20261002 19:59:41.904918 24480 incremental_pipeline.cc:629] Registering image with structure-less fallback
I20261002 19:59:41.904973 24480 incremental_pipeline.cc:631] => Image sees 62 / 860 correspondences
I20261002 19:59:41.905036 24480 incremental_pipeline.cc:646] => Could not register, trying another image.
I20261002 19:59:41.905091 24480 incremental_pipeline.cc:620] Registering image #34 (num_reg_frames=10)
I20261002 19:59:41.905148 24480 incremental_pipeline.cc:623] => Image sees 32 / 91 points
I20261002 19:59:41.905203 24480 incremental_pipeline.cc:629] Registering image with structure-less fallback
I20261002 19:59:41.905258 24480 incremental_pipeline.cc:631] => Image sees 61 / 768 correspondences
I20261002 19:59:41.905320 24480 incremental_pipeline.cc:646] => Could not register, trying another image.
I20261002 19:59:41.905376 24480 incremental_pipeline.cc:620] Registering image #52 (num_reg_frames=10)
I20261002 19:59:41.905431 24480 incremental_pipeline.cc:623] => Image sees 37 / 103 points
I20261002 19:59:41.905486 24480 incremental_pipeline.cc:629] Registering image with structure-less fallback
I20261002 19:59:41.905542 24480 incremental_pipeline.cc:631] => Image sees 60 / 1203 correspondences
I20261002 19:59:41.905609 24480 incremental_pipeline.cc:646] => Could not register, trying another image.
I20261002 19:59:41.905663 24480 incremental_pipeline.cc:620] Registering image #30 (num_reg_frames=10)
I20261002 19:59:41.905717 24480 incremental_pipeline.cc:623] => Image sees 31 / 96 points
I20261002 19:59:41.905773 24480 incremental_pipeline.cc:629] Registering image with structure-less fallback
I20261002 19:59:41.905830 24480 incremental_pipeline.cc:631] => Image sees 55 / 2945 correspondences
I20261002 19:59:41.905887 24480 incremental_pipeline.cc:646] => Could not register, trying another image.
I20261002 19:59:41.905943 24480 incremental_pipeline.cc:620] Registering image #8 (num_reg_frames=10)
I20261002 19:59:41.905998 24480 incremental_pipeline.cc:623] => Image sees 34 / 111 points
I20261002 19:59:41.906053 24480 incremental_pipeline.cc:629] Registering image with structure-less fallback
I20261002 19:59:41.906118 24480 incremental_pipeline.cc:631] => Image sees 43 / 423 correspondences
I20261002 19:59:41.906279 24480 incremental_pipeline.cc:646] => Could not register, trying another image.
I20261002 19:59:41.906473 24480 incremental_pipeline.cc:620] Registering image #56 (num_reg_frames=10)
I20261002 19:59:41.906563 24480 incremental_pipeline.cc:623] => Image sees 37 / 114 points
I20261002 19:59:41.906643 24480 incremental_pipeline.cc:629] Registering image with structure-less fallback
I20261002 19:59:41.906732 24480 incremental_pipeline.cc:631] => Image sees 37 / 1072 correspondences
I20261002 19:59:41.906822 24480 incremental_pipeline.cc:646] => Could not register, trying another image.
I20261002 19:59:41.906878 24480 incremental_pipeline.cc:620] Registering image #78 (num_reg_frames=10)
I20261002 19:59:41.906950 24480 incremental_pipeline.cc:623] => Image sees 32 / 132 points
I20261002 19:59:41.907020 24480 incremental_pipeline.cc:629] Registering image with structure-less fallback
I20261002 19:59:41.907076 24480 incremental_pipeline.cc:631] => Image sees 36 / 874 correspondences
I20261002 19:59:41.907132 24480 incremental_pipeline.cc:646] => Could not register, trying another image.
I20261002 19:59:41.907186 24480 incremental_pipeline.cc:620] Registering image #51 (num_reg_frames=10)
I20261002 19:59:41.907248 24480 incremental_pipeline.cc:623] => Image sees 33 / 107 points
I20261002 19:59:41.907303 24480 incremental_pipeline.cc:629] Registering image with structure-less fallback
I20261002 19:59:41.907359 24480 incremental_pipeline.cc:631] => Image sees 33 / 1040 correspondences
I20261002 19:59:41.907414 24480 incremental_pipeline.cc:646] => Could not register, trying another image.
I20261002 19:59:41.907467 24480 incremental_pipeline.cc:620] Registering image #74 (num_reg_frames=10)
I20261002 19:59:41.907524 24480 incremental_pipeline.cc:623] => Image sees 30 / 121 points
I20261002 19:59:41.907577 24480 incremental_pipeline.cc:629] Registering image with structure-less fallback
I20261002 19:59:41.907632 24480 incremental_pipeline.cc:631] => Image sees 32 / 1098 correspondences
I20261002 19:59:41.907686 24480 incremental_pipeline.cc:646] => Could not register, trying another image.
I20261002 19:59:41.907740 24480 incremental_pipeline.cc:620] Registering image #63 (num_reg_frames=10)
I20261002 19:59:41.907794 24480 incremental_pipeline.cc:623] => Image sees 31 / 107 points
I20261002 19:59:41.907848 24480 incremental_pipeline.cc:629] Registering image with structure-less fallback
I20261002 19:59:41.907901 24480 incremental_pipeline.cc:631] => Image sees 32 / 968 correspondences
I20261002 19:59:41.907956 24480 incremental_pipeline.cc:646] => Could not register, trying another image.
I20261002 19:59:41.908010 24480 incremental_pipeline.cc:620] Registering image #70 (num_reg_frames=10)
I20261002 19:59:41.908065 24480 incremental_pipeline.cc:623] => Image sees 32 / 114 points
I20261002 19:59:41.908119 24480 incremental_pipeline.cc:629] Registering image with structure-less fallback
I20261002 19:59:41.908173 24480 incremental_pipeline.cc:631] => Image sees 32 / 986 correspondences
I20261002 19:59:41.908228 24480 incremental_pipeline.cc:646] => Could not register, trying another image.
I20261002 19:59:41.908281 24480 incremental_pipeline.cc:620] Registering image #48 (num_reg_frames=10)
I20261002 19:59:41.908337 24480 incremental_pipeline.cc:623] => Image sees 30 / 105 points
I20261002 19:59:41.908392 24480 incremental_pipeline.cc:629] Registering image with structure-less fallback
I20261002 19:59:41.908445 24480 incremental_pipeline.cc:631] => Image sees 31 / 1038 correspondences
I20261002 19:59:41.908500 24480 incremental_pipeline.cc:646] => Could not register, trying another image.
I20261002 19:59:41.908556 24480 incremental_pipeline.cc:620] Registering image #59 (num_reg_frames=10)
I20261002 19:59:41.908610 24480 incremental_pipeline.cc:623] => Image sees 31 / 113 points
I20261002 19:59:41.908664 24480 incremental_pipeline.cc:629] Registering image with structure-less fallback
I20261002 19:59:41.908717 24480 incremental_pipeline.cc:631] => Image sees 31 / 3460 correspondences
I20261002 19:59:41.908771 24480 incremental_pipeline.cc:646] => Could not register, trying another image.
I20261002 19:59:41.908824 24480 incremental_pipeline.cc:620] Registering image #41 (num_reg_frames=10)
I20261002 19:59:41.908877 24480 incremental_pipeline.cc:623] => Image sees 30 / 120 points
I20261002 19:59:41.908932 24480 incremental_pipeline.cc:629] Registering image with structure-less fallback
I20261002 19:59:41.908985 24480 incremental_pipeline.cc:631] => Image sees 30 / 1080 correspondences
I20261002 19:59:41.909039 24480 incremental_pipeline.cc:646] => Could not register, trying another image.
I20261002 19:59:41.909092 24480 incremental_pipeline.cc:620] Registering image #3 (num_reg_frames=10)
I20261002 19:59:41.909146 24480 incremental_pipeline.cc:623] => Image sees 30 / 100 points
I20261002 19:59:41.909199 24480 incremental_pipeline.cc:629] Registering image with structure-less fallback
I20261002 19:59:41.909256 24480 incremental_pipeline.cc:631] => Image sees 30 / 347 correspondences
I20261002 19:59:41.909307 24480 incremental_pipeline.cc:646] => Could not register, trying another image.
I20261002 19:59:41.909352 24480 incremental_pipeline.cc:88] Retriangulation and Global bundle adjustment
I20261002 19:59:41.911199 24480 incremental_pipeline.cc:620] Registering image #15 (num_reg_frames=10)
I20261002 19:59:41.911308 24480 incremental_pipeline.cc:623] => Image sees 84 / 111 points
I20261002 19:59:41.911379 24480 incremental_pipeline.cc:646] => Could not register, trying another image.
I20261002 19:59:41.911428 24480 incremental_pipeline.cc:620] Registering image #24 (num_reg_frames=10)
I20261002 19:59:41.911475 24480 incremental_pipeline.cc:623] => Image sees 83 / 114 points
I20261002 19:59:41.911532 24480 incremental_pipeline.cc:646] => Could not register, trying another image.
I20261002 19:59:41.911577 24480 incremental_pipeline.cc:620] Registering image #23 (num_reg_frames=10)
I20261002 19:59:41.911621 24480 incremental_pipeline.cc:623] => Image sees 82 / 111 points
I20261002 19:59:41.911676 24480 incremental_pipeline.cc:646] => Could not register, trying another image.
I20261002 19:59:41.911720 24480 incremental_pipeline.cc:620] Registering image #11 (num_reg_frames=10)
I20261002 19:59:41.911763 24480 incremental_pipeline.cc:623] => Image sees 79 / 110 points
I20261002 19:59:41.911829 24480 incremental_pipeline.cc:646] => Could not register, trying another image.
I20261002 19:59:41.911875 24480 incremental_pipeline.cc:620] Registering image #25 (num_reg_frames=10)
I20261002 19:59:41.911919 24480 incremental_pipeline.cc:623] => Image sees 82 / 133 points
I20261002 19:59:41.911974 24480 incremental_pipeline.cc:646] => Could not register, trying another image.
I20261002 19:59:41.912018 24480 incremental_pipeline.cc:620] Registering image #13 (num_reg_frames=10)
I20261002 19:59:41.912065 24480 incremental_pipeline.cc:623] => Image sees 65 / 108 points
I20261002 19:59:41.912228 24480 incremental_pipeline.cc:646] => Could not register, trying another image.
I20261002 19:59:41.912306 24480 incremental_pipeline.cc:620] Registering image #7 (num_reg_frames=10)
I20261002 19:59:41.912368 24480 incremental_pipeline.cc:623] => Image sees 61 / 103 points
I20261002 19:59:41.912434 24480 incremental_pipeline.cc:646] => Could not register, trying another image.
I20261002 19:59:41.912490 24480 incremental_pipeline.cc:620] Registering image #35 (num_reg_frames=10)
I20261002 19:59:41.912545 24480 incremental_pipeline.cc:623] => Image sees 41 / 95 points
I20261002 19:59:41.912608 24480 incremental_pipeline.cc:646] => Could not register, trying another image.
I20261002 19:59:41.912662 24480 incremental_pipeline.cc:620] Registering image #12 (num_reg_frames=10)
I20261002 19:59:41.912718 24480 incremental_pipeline.cc:623] => Image sees 43 / 102 points
I20261002 19:59:41.912778 24480 incremental_pipeline.cc:646] => Could not register, trying another image.
I20261002 19:59:41.912832 24480 incremental_pipeline.cc:620] Registering image #61 (num_reg_frames=10)
I20261002 19:59:41.912886 24480 incremental_pipeline.cc:623] => Image sees 38 / 104 points
I20261002 19:59:41.912951 24480 incremental_pipeline.cc:646] => Could not register, trying another image.
I20261002 19:59:41.913007 24480 incremental_pipeline.cc:620] Registering image #2 (num_reg_frames=10)
I20261002 19:59:41.913062 24480 incremental_pipeline.cc:623] => Image sees 37 / 108 points
I20261002 19:59:41.913126 24480 incremental_pipeline.cc:646] => Could not register, trying another image.
I20261002 19:59:41.913181 24480 incremental_pipeline.cc:620] Registering image #56 (num_reg_frames=10)
I20261002 19:59:41.913238 24480 incremental_pipeline.cc:623] => Image sees 37 / 114 points
I20261002 19:59:41.913300 24480 incremental_pipeline.cc:646] => Could not register, trying another image.
I20261002 19:59:41.913353 24480 incremental_pipeline.cc:620] Registering image #8 (num_reg_frames=10)
I20261002 19:59:41.913407 24480 incremental_pipeline.cc:623] => Image sees 34 / 111 points
I20261002 19:59:41.913467 24480 incremental_pipeline.cc:646] => Could not register, trying another image.
I20261002 19:59:41.913521 24480 incremental_pipeline.cc:620] Registering image #50 (num_reg_frames=10)
I20261002 19:59:41.913575 24480 incremental_pipeline.cc:623] => Image sees 37 / 113 points
I20261002 19:59:41.913646 24480 incremental_pipeline.cc:646] => Could not register, trying another image.
I20261002 19:59:41.913701 24480 incremental_pipeline.cc:620] Registering image #28 (num_reg_frames=10)
I20261002 19:59:41.913756 24480 incremental_pipeline.cc:623] => Image sees 36 / 99 points
I20261002 19:59:41.913818 24480 incremental_pipeline.cc:646] => Could not register, trying another image.
I20261002 19:59:41.913872 24480 incremental_pipeline.cc:620] Registering image #52 (num_reg_frames=10)
I20261002 19:59:41.913964 24480 incremental_pipeline.cc:623] => Image sees 37 / 103 points
I20261002 19:59:41.914028 24480 incremental_pipeline.cc:646] => Could not register, trying another image.
I20261002 19:59:41.914081 24480 incremental_pipeline.cc:620] Registering image #10 (num_reg_frames=10)
I20261002 19:59:41.914135 24480 incremental_pipeline.cc:623] => Image sees 36 / 93 points
I20261002 19:59:41.914197 24480 incremental_pipeline.cc:646] => Could not register, trying another image.
I20261002 19:59:41.914251 24480 incremental_pipeline.cc:620] Registering image #14 (num_reg_frames=10)
I20261002 19:59:41.914305 24480 incremental_pipeline.cc:623] => Image sees 33 / 122 points
I20261002 19:59:41.914364 24480 incremental_pipeline.cc:646] => Could not register, trying another image.
I20261002 19:59:41.914419 24480 incremental_pipeline.cc:620] Registering image #34 (num_reg_frames=10)
I20261002 19:59:41.914472 24480 incremental_pipeline.cc:623] => Image sees 32 / 91 points
I20261002 19:59:41.914533 24480 incremental_pipeline.cc:646] => Could not register, trying another image.
I20261002 19:59:41.914586 24480 incremental_pipeline.cc:620] Registering image #51 (num_reg_frames=10)
I20261002 19:59:41.914640 24480 incremental_pipeline.cc:623] => Image sees 33 / 107 points
I20261002 19:59:41.914702 24480 incremental_pipeline.cc:646] => Could not register, trying another image.
I20261002 19:59:41.914757 24480 incremental_pipeline.cc:620] Registering image #26 (num_reg_frames=10)
I20261002 19:59:41.914810 24480 incremental_pipeline.cc:623] => Image sees 33 / 87 points
I20261002 19:59:41.914872 24480 incremental_pipeline.cc:646] => Could not register, trying another image.
I20261002 19:59:41.914926 24480 incremental_pipeline.cc:620] Registering image #30 (num_reg_frames=10)
I20261002 19:59:41.914979 24480 incremental_pipeline.cc:623] => Image sees 31 / 96 points
I20261002 19:59:41.915048 24480 incremental_pipeline.cc:646] => Could not register, trying another image.
I20261002 19:59:41.915103 24480 incremental_pipeline.cc:620] Registering image #59 (num_reg_frames=10)
I20261002 19:59:41.915157 24480 incremental_pipeline.cc:623] => Image sees 31 / 113 points
I20261002 19:59:41.915229 24480 incremental_pipeline.cc:646] => Could not register, trying another image.
I20261002 19:59:41.915284 24480 incremental_pipeline.cc:620] Registering image #40 (num_reg_frames=10)
I20261002 19:59:41.915339 24480 incremental_pipeline.cc:623] => Image sees 33 / 93 points
I20261002 19:59:41.915400 24480 incremental_pipeline.cc:646] => Could not register, trying another image.
I20261002 19:59:41.915454 24480 incremental_pipeline.cc:620] Registering image #63 (num_reg_frames=10)
I20261002 19:59:41.915508 24480 incremental_pipeline.cc:623] => Image sees 31 / 107 points
I20261002 19:59:41.915570 24480 incremental_pipeline.cc:646] => Could not register, trying another image.
I20261002 19:59:41.915623 24480 incremental_pipeline.cc:620] Registering image #70 (num_reg_frames=10)
I20261002 19:59:41.915677 24480 incremental_pipeline.cc:623] => Image sees 32 / 114 points
I20261002 19:59:41.915739 24480 incremental_pipeline.cc:646] => Could not register, trying another image.
I20261002 19:59:41.915793 24480 incremental_pipeline.cc:620] Registering image #3 (num_reg_frames=10)
I20261002 19:59:41.915847 24480 incremental_pipeline.cc:623] => Image sees 30 / 100 points
I20261002 19:59:41.915906 24480 incremental_pipeline.cc:646] => Could not register, trying another image.
I20261002 19:59:41.915960 24480 incremental_pipeline.cc:620] Registering image #41 (num_reg_frames=10)
I20261002 19:59:41.916048 24480 incremental_pipeline.cc:623] => Image sees 30 / 120 points
I20261002 19:59:41.916112 24480 incremental_pipeline.cc:646] => Could not register, trying another image.
I20261002 19:59:41.916169 24480 incremental_pipeline.cc:620] Registering image #78 (num_reg_frames=10)
I20261002 19:59:41.916225 24480 incremental_pipeline.cc:623] => Image sees 32 / 132 points
I20261002 19:59:41.916289 24480 incremental_pipeline.cc:646] => Could not register, trying another image.
I20261002 19:59:41.916346 24480 incremental_pipeline.cc:620] Registering image #74 (num_reg_frames=10)
I20261002 19:59:41.916401 24480 incremental_pipeline.cc:623] => Image sees 30 / 121 points
I20261002 19:59:41.916464 24480 incremental_pipeline.cc:646] => Could not register, trying another image.
I20261002 19:59:41.916518 24480 incremental_pipeline.cc:620] Registering image #48 (num_reg_frames=10)
I20261002 19:59:41.916572 24480 incremental_pipeline.cc:623] => Image sees 30 / 105 points
I20261002 19:59:41.916634 24480 incremental_pipeline.cc:646] => Could not register, trying another image.
I20261002 19:59:41.916693 24480 incremental_pipeline.cc:620] Registering image #13 (num_reg_frames=10)
I20261002 19:59:41.916748 24480 incremental_pipeline.cc:623] => Image sees 65 / 108 points
I20261002 19:59:41.916801 24480 incremental_pipeline.cc:629] Registering image with structure-less fallback
I20261002 19:59:41.916855 24480 incremental_pipeline.cc:631] => Image sees 333 / 1062 correspondences
I20261002 19:59:41.916919 24480 incremental_pipeline.cc:646] => Could not register, trying another image.
I20261002 19:59:41.916973 24480 incremental_pipeline.cc:620] Registering image #15 (num_reg_frames=10)
I20261002 19:59:41.917027 24480 incremental_pipeline.cc:623] => Image sees 84 / 111 points
I20261002 19:59:41.917080 24480 incremental_pipeline.cc:629] Registering image with structure-less fallback
I20261002 19:59:41.917134 24480 incremental_pipeline.cc:631] => Image sees 314 / 586 correspondences
I20261002 19:59:41.917197 24480 incremental_pipeline.cc:646] => Could not register, trying another image.
I20261002 19:59:41.917250 24480 incremental_pipeline.cc:620] Registering image #23 (num_reg_frames=10)
I20261002 19:59:41.917351 24480 incremental_pipeline.cc:623] => Image sees 82 / 111 points
I20261002 19:59:41.917429 24480 incremental_pipeline.cc:629] Registering image with structure-less fallback
I20261002 19:59:41.917483 24480 incremental_pipeline.cc:631] => Image sees 298 / 647 correspondences
I20261002 19:59:41.917546 24480 incremental_pipeline.cc:646] => Could not register, trying another image.
I20261002 19:59:41.917601 24480 incremental_pipeline.cc:620] Registering image #25 (num_reg_frames=10)
I20261002 19:59:41.917654 24480 incremental_pipeline.cc:623] => Image sees 82 / 133 points
I20261002 19:59:41.917708 24480 incremental_pipeline.cc:629] Registering image with structure-less fallback
I20261002 19:59:41.917762 24480 incremental_pipeline.cc:631] => Image sees 279 / 631 correspondences
I20261002 19:59:41.917825 24480 incremental_pipeline.cc:646] => Could not register, trying another image.
I20261002 19:59:41.917879 24480 incremental_pipeline.cc:620] Registering image #11 (num_reg_frames=10)
I20261002 19:59:41.917936 24480 incremental_pipeline.cc:623] => Image sees 79 / 110 points
I20261002 19:59:41.917990 24480 incremental_pipeline.cc:629] Registering image with structure-less fallback
I20261002 19:59:41.918044 24480 incremental_pipeline.cc:631] => Image sees 242 / 601 correspondences
I20261002 19:59:41.918106 24480 incremental_pipeline.cc:646] => Could not register, trying another image.
I20261002 19:59:41.918159 24480 incremental_pipeline.cc:620] Registering image #24 (num_reg_frames=10)
I20261002 19:59:41.918211 24480 incremental_pipeline.cc:623] => Image sees 83 / 114 points
I20261002 19:59:41.918301 24480 incremental_pipeline.cc:629] Registering image with structure-less fallback
I20261002 19:59:41.918370 24480 incremental_pipeline.cc:631] => Image sees 238 / 518 correspondences
I20261002 19:59:41.918485 24480 incremental_pipeline.cc:646] => Could not register, trying another image.
I20261002 19:59:41.918545 24480 incremental_pipeline.cc:620] Registering image #2 (num_reg_frames=10)
I20261002 19:59:41.918603 24480 incremental_pipeline.cc:623] => Image sees 37 / 108 points
I20261002 19:59:41.918659 24480 incremental_pipeline.cc:629] Registering image with structure-less fallback
I20261002 19:59:41.918716 24480 incremental_pipeline.cc:631] => Image sees 225 / 779 correspondences
I20261002 19:59:41.918783 24480 incremental_pipeline.cc:646] => Could not register, trying another image.
I20261002 19:59:41.918839 24480 incremental_pipeline.cc:620] Registering image #7 (num_reg_frames=10)
I20261002 19:59:41.918896 24480 incremental_pipeline.cc:623] => Image sees 61 / 103 points
I20261002 19:59:41.918952 24480 incremental_pipeline.cc:629] Registering image with structure-less fallback
I20261002 19:59:41.919007 24480 incremental_pipeline.cc:631] => Image sees 160 / 482 correspondences
I20261002 19:59:41.919069 24480 incremental_pipeline.cc:646] => Could not register, trying another image.
I20261002 19:59:41.919125 24480 incremental_pipeline.cc:620] Registering image #28 (num_reg_frames=10)
I20261002 19:59:41.919182 24480 incremental_pipeline.cc:623] => Image sees 36 / 99 points
I20261002 19:59:41.919237 24480 incremental_pipeline.cc:629] Registering image with structure-less fallback
I20261002 19:59:41.919294 24480 incremental_pipeline.cc:631] => Image sees 100 / 752 correspondences
I20261002 19:59:41.919357 24480 incremental_pipeline.cc:646] => Could not register, trying another image.
I20261002 19:59:41.919412 24480 incremental_pipeline.cc:620] Registering image #35 (num_reg_frames=10)
I20261002 19:59:41.919469 24480 incremental_pipeline.cc:623] => Image sees 41 / 95 points
I20261002 19:59:41.919526 24480 incremental_pipeline.cc:629] Registering image with structure-less fallback
I20261002 19:59:41.919581 24480 incremental_pipeline.cc:631] => Image sees 95 / 978 correspondences
I20261002 19:59:41.919643 24480 incremental_pipeline.cc:646] => Could not register, trying another image.
I20261002 19:59:41.919700 24480 incremental_pipeline.cc:620] Registering image #12 (num_reg_frames=10)
I20261002 19:59:41.919758 24480 incremental_pipeline.cc:623] => Image sees 43 / 102 points
I20261002 19:59:41.919813 24480 incremental_pipeline.cc:629] Registering image with structure-less fallback
I20261002 19:59:41.919869 24480 incremental_pipeline.cc:631] => Image sees 74 / 462 correspondences
I20261002 19:59:41.919931 24480 incremental_pipeline.cc:646] => Could not register, trying another image.
I20261002 19:59:41.919986 24480 incremental_pipeline.cc:620] Registering image #26 (num_reg_frames=10)
I20261002 19:59:41.920042 24480 incremental_pipeline.cc:623] => Image sees 33 / 87 points
I20261002 19:59:41.920097 24480 incremental_pipeline.cc:629] Registering image with structure-less fallback
I20261002 19:59:41.920152 24480 incremental_pipeline.cc:631] => Image sees 74 / 768 correspondences
I20261002 19:59:41.920214 24480 incremental_pipeline.cc:646] => Could not register, trying another image.
I20261002 19:59:41.920269 24480 incremental_pipeline.cc:620] Registering image #61 (num_reg_frames=10)
I20261002 19:59:41.920324 24480 incremental_pipeline.cc:623] => Image sees 38 / 104 points
I20261002 19:59:41.920379 24480 incremental_pipeline.cc:629] Registering image with structure-less fallback
I20261002 19:59:41.920435 24480 incremental_pipeline.cc:631] => Image sees 65 / 1232 correspondences
I20261002 19:59:41.920499 24480 incremental_pipeline.cc:646] => Could not register, trying another image.
I20261002 19:59:41.920556 24480 incremental_pipeline.cc:620] Registering image #10 (num_reg_frames=10)
I20261002 19:59:41.920611 24480 incremental_pipeline.cc:623] => Image sees 36 / 93 points
I20261002 19:59:41.920666 24480 incremental_pipeline.cc:629] Registering image with structure-less fallback
I20261002 19:59:41.920722 24480 incremental_pipeline.cc:631] => Image sees 64 / 436 correspondences
I20261002 19:59:41.920783 24480 incremental_pipeline.cc:646] => Could not register, trying another image.
I20261002 19:59:41.920847 24480 incremental_pipeline.cc:620] Registering image #14 (num_reg_frames=10)
I20261002 19:59:41.920903 24480 incremental_pipeline.cc:623] => Image sees 33 / 122 points
I20261002 19:59:41.920958 24480 incremental_pipeline.cc:629] Registering image with structure-less fallback
I20261002 19:59:41.921014 24480 incremental_pipeline.cc:631] => Image sees 64 / 464 correspondences
I20261002 19:59:41.921077 24480 incremental_pipeline.cc:646] => Could not register, trying another image.
I20261002 19:59:41.921132 24480 incremental_pipeline.cc:620] Registering image #50 (num_reg_frames=10)
I20261002 19:59:41.921188 24480 incremental_pipeline.cc:623] => Image sees 37 / 113 points
I20261002 19:59:41.921243 24480 incremental_pipeline.cc:629] Registering image with structure-less fallback
I20261002 19:59:41.921300 24480 incremental_pipeline.cc:631] => Image sees 63 / 1218 correspondences
I20261002 19:59:41.921365 24480 incremental_pipeline.cc:646] => Could not register, trying another image.
I20261002 19:59:41.921422 24480 incremental_pipeline.cc:620] Registering image #40 (num_reg_frames=10)
I20261002 19:59:41.921477 24480 incremental_pipeline.cc:623] => Image sees 33 / 93 points
I20261002 19:59:41.921532 24480 incremental_pipeline.cc:629] Registering image with structure-less fallback
I20261002 19:59:41.921588 24480 incremental_pipeline.cc:631] => Image sees 62 / 860 correspondences
I20261002 19:59:41.921652 24480 incremental_pipeline.cc:646] => Could not register, trying another image.
I20261002 19:59:41.921708 24480 incremental_pipeline.cc:620] Registering image #34 (num_reg_frames=10)
I20261002 19:59:41.921762 24480 incremental_pipeline.cc:623] => Image sees 32 / 91 points
I20261002 19:59:41.921817 24480 incremental_pipeline.cc:629] Registering image with structure-less fallback
I20261002 19:59:41.921871 24480 incremental_pipeline.cc:631] => Image sees 61 / 768 correspondences
I20261002 19:59:41.921934 24480 incremental_pipeline.cc:646] => Could not register, trying another image.
I20261002 19:59:41.921987 24480 incremental_pipeline.cc:620] Registering image #52 (num_reg_frames=10)
I20261002 19:59:41.922042 24480 incremental_pipeline.cc:623] => Image sees 37 / 103 points
I20261002 19:59:41.922097 24480 incremental_pipeline.cc:629] Registering image with structure-less fallback
I20261002 19:59:41.922152 24480 incremental_pipeline.cc:631] => Image sees 60 / 1203 correspondences
I20261002 19:59:41.922214 24480 incremental_pipeline.cc:646] => Could not register, trying another image.
I20261002 19:59:41.922270 24480 incremental_pipeline.cc:620] Registering image #30 (num_reg_frames=10)
I20261002 19:59:41.922325 24480 incremental_pipeline.cc:623] => Image sees 31 / 96 points
I20261002 19:59:41.922381 24480 incremental_pipeline.cc:629] Registering image with structure-less fallback
I20261002 19:59:41.922436 24480 incremental_pipeline.cc:631] => Image sees 55 / 2945 correspondences
I20261002 19:59:41.922491 24480 incremental_pipeline.cc:646] => Could not register, trying another image.
I20261002 19:59:41.922545 24480 incremental_pipeline.cc:620] Registering image #8 (num_reg_frames=10)
I20261002 19:59:41.922601 24480 incremental_pipeline.cc:623] => Image sees 34 / 111 points
I20261002 19:59:41.922655 24480 incremental_pipeline.cc:629] Registering image with structure-less fallback
I20261002 19:59:41.922711 24480 incremental_pipeline.cc:631] => Image sees 43 / 423 correspondences
I20261002 19:59:41.922767 24480 incremental_pipeline.cc:646] => Could not register, trying another image.
I20261002 19:59:41.922821 24480 incremental_pipeline.cc:620] Registering image #56 (num_reg_frames=10)
I20261002 19:59:41.922879 24480 incremental_pipeline.cc:623] => Image sees 37 / 114 points
I20261002 19:59:41.922934 24480 incremental_pipeline.cc:629] Registering image with structure-less fallback
I20261002 19:59:41.922990 24480 incremental_pipeline.cc:631] => Image sees 37 / 1072 correspondences
I20261002 19:59:41.923045 24480 incremental_pipeline.cc:646] => Could not register, trying another image.
I20261002 19:59:41.923109 24480 incremental_pipeline.cc:620] Registering image #78 (num_reg_frames=10)
I20261002 19:59:41.923166 24480 incremental_pipeline.cc:623] => Image sees 32 / 132 points
I20261002 19:59:41.923222 24480 incremental_pipeline.cc:629] Registering image with structure-less fallback
I20261002 19:59:41.923279 24480 incremental_pipeline.cc:631] => Image sees 36 / 874 correspondences
I20261002 19:59:41.923335 24480 incremental_pipeline.cc:646] => Could not register, trying another image.
I20261002 19:59:41.923389 24480 incremental_pipeline.cc:620] Registering image #51 (num_reg_frames=10)
I20261002 19:59:41.923444 24480 incremental_pipeline.cc:623] => Image sees 33 / 107 points
I20261002 19:59:41.923497 24480 incremental_pipeline.cc:629] Registering image with structure-less fallback
I20261002 19:59:41.923552 24480 incremental_pipeline.cc:631] => Image sees 33 / 1040 correspondences
I20261002 19:59:41.923609 24480 incremental_pipeline.cc:646] => Could not register, trying another image.
I20261002 19:59:41.923667 24480 incremental_pipeline.cc:620] Registering image #74 (num_reg_frames=10)
I20261002 19:59:41.923723 24480 incremental_pipeline.cc:623] => Image sees 30 / 121 points
I20261002 19:59:41.923778 24480 incremental_pipeline.cc:629] Registering image with structure-less fallback
I20261002 19:59:41.923834 24480 incremental_pipeline.cc:631] => Image sees 32 / 1098 correspondences
I20261002 19:59:41.923889 24480 incremental_pipeline.cc:646] => Could not register, trying another image.
I20261002 19:59:41.923942 24480 incremental_pipeline.cc:620] Registering image #63 (num_reg_frames=10)
I20261002 19:59:41.923997 24480 incremental_pipeline.cc:623] => Image sees 31 / 107 points
I20261002 19:59:41.924052 24480 incremental_pipeline.cc:629] Registering image with structure-less fallback
I20261002 19:59:41.924108 24480 incremental_pipeline.cc:631] => Image sees 32 / 968 correspondences
I20261002 19:59:41.924164 24480 incremental_pipeline.cc:646] => Could not register, trying another image.
I20261002 19:59:41.924218 24480 incremental_pipeline.cc:620] Registering image #70 (num_reg_frames=10)
I20261002 19:59:41.924272 24480 incremental_pipeline.cc:623] => Image sees 32 / 114 points
I20261002 19:59:41.924330 24480 incremental_pipeline.cc:629] Registering image with structure-less fallback
I20261002 19:59:41.924403 24480 incremental_pipeline.cc:631] => Image sees 32 / 986 correspondences
I20261002 19:59:41.924468 24480 incremental_pipeline.cc:646] => Could not register, trying another image.
I20261002 19:59:41.924528 24480 incremental_pipeline.cc:620] Registering image #48 (num_reg_frames=10)
I20261002 19:59:41.924585 24480 incremental_pipeline.cc:623] => Image sees 30 / 105 points
I20261002 19:59:41.924643 24480 incremental_pipeline.cc:629] Registering image with structure-less fallback
I20261002 19:59:41.924698 24480 incremental_pipeline.cc:631] => Image sees 31 / 1038 correspondences
I20261002 19:59:41.924755 24480 incremental_pipeline.cc:646] => Could not register, trying another image.
I20261002 19:59:41.924809 24480 incremental_pipeline.cc:620] Registering image #59 (num_reg_frames=10)
I20261002 19:59:41.924865 24480 incremental_pipeline.cc:623] => Image sees 31 / 113 points
I20261002 19:59:41.924920 24480 incremental_pipeline.cc:629] Registering image with structure-less fallback
I20261002 19:59:41.924975 24480 incremental_pipeline.cc:631] => Image sees 31 / 3460 correspondences
I20261002 19:59:41.925031 24480 incremental_pipeline.cc:646] => Could not register, trying another image.
I20261002 19:59:41.925087 24480 incremental_pipeline.cc:620] Registering image #41 (num_reg_frames=10)
I20261002 19:59:41.925143 24480 incremental_pipeline.cc:623] => Image sees 30 / 120 points
I20261002 19:59:41.925198 24480 incremental_pipeline.cc:629] Registering image with structure-less fallback
I20261002 19:59:41.925253 24480 incremental_pipeline.cc:631] => Image sees 30 / 1080 correspondences
I20261002 19:59:41.925308 24480 incremental_pipeline.cc:646] => Could not register, trying another image.
I20261002 19:59:41.925372 24480 incremental_pipeline.cc:620] Registering image #3 (num_reg_frames=10)
I20261002 19:59:41.925428 24480 incremental_pipeline.cc:623] => Image sees 30 / 100 points
I20261002 19:59:41.925482 24480 incremental_pipeline.cc:629] Registering image with structure-less fallback
I20261002 19:59:41.925539 24480 incremental_pipeline.cc:631] => Image sees 30 / 347 correspondences
I20261002 19:59:41.925595 24480 incremental_pipeline.cc:646] => Could not register, trying another image.
I20261002 19:59:41.925680 24480 incremental_pipeline.cc:826] Keeping successful reconstruction
I20261002 19:59:41.927055 24480 incremental_pipeline.cc:465] Finding good initial image pair
I20261002 19:59:41.936047 24480 incremental_pipeline.cc:492] Registering initial image pair #11 and #12
I20261002 19:59:41.936208 24480 incremental_pipeline.cc:791] Discarding reconstruction due to bad initial pair
I20261002 19:59:41.936918 24480 incremental_pipeline.cc:465] Finding good initial image pair
I20261002 19:59:41.938625 24480 incremental_pipeline.cc:472] => No good initial image pair found.
I20261002 19:59:41.938735 24480 incremental_pipeline.cc:800] Discarding reconstruction due to no initial pair
I20261002 19:59:41.938886 24480 incremental_pipeline.cc:442] => Relaxing the initialization constraints.
I20261002 19:59:41.939330 24480 incremental_pipeline.cc:465] Finding good initial image pair
I20261002 19:59:41.951870 24480 incremental_pipeline.cc:492] Registering initial image pair #117 and #116
I20261002 19:59:41.952639 24480 incremental_pipeline.cc:510] Global bundle adjustment
I20261002 19:59:41.963663 24480 incremental_pipeline.cc:620] Registering image #109 (num_reg_frames=2)
I20261002 19:59:41.963786 24480 incremental_pipeline.cc:623] => Image sees 105 / 190 points
I20261002 19:59:41.975180 24480 incremental_pipeline.cc:88] Retriangulation and Global bundle adjustment
I20261002 19:59:41.995369 24480 incremental_pipeline.cc:620] Registering image #111 (num_reg_frames=3)
I20261002 19:59:41.995523 24480 incremental_pipeline.cc:623] => Image sees 125 / 190 points
I20261002 19:59:41.995645 24480 incremental_pipeline.cc:646] => Could not register, trying another image.
I20261002 19:59:41.995816 24480 incremental_pipeline.cc:620] Registering image #110 (num_reg_frames=3)
I20261002 19:59:41.996014 24480 incremental_pipeline.cc:623] => Image sees 130 / 251 points
I20261002 19:59:41.996223 24480 incremental_pipeline.cc:646] => Could not register, trying another image.
I20261002 19:59:41.996329 24480 incremental_pipeline.cc:620] Registering image #108 (num_reg_frames=3)
I20261002 19:59:41.996508 24480 incremental_pipeline.cc:623] => Image sees 113 / 263 points
I20261002 19:59:41.996640 24480 incremental_pipeline.cc:646] => Could not register, trying another image.
I20261002 19:59:41.996711 24480 incremental_pipeline.cc:620] Registering image #115 (num_reg_frames=3)
I20261002 19:59:41.996777 24480 incremental_pipeline.cc:623] => Image sees 110 / 251 points
I20261002 19:59:41.996853 24480 incremental_pipeline.cc:646] => Could not register, trying another image.
I20261002 19:59:41.996915 24480 incremental_pipeline.cc:620] Registering image #105 (num_reg_frames=3)
I20261002 19:59:41.996976 24480 incremental_pipeline.cc:623] => Image sees 100 / 258 points
I20261002 19:59:41.997055 24480 incremental_pipeline.cc:646] => Could not register, trying another image.
I20261002 19:59:41.997116 24480 incremental_pipeline.cc:620] Registering image #106 (num_reg_frames=3)
I20261002 19:59:41.997200 24480 incremental_pipeline.cc:623] => Image sees 98 / 254 points
I20261002 19:59:41.997276 24480 incremental_pipeline.cc:646] => Could not register, trying another image.
I20261002 19:59:41.997338 24480 incremental_pipeline.cc:620] Registering image #107 (num_reg_frames=3)
I20261002 19:59:41.997412 24480 incremental_pipeline.cc:623] => Image sees 86 / 246 points
I20261002 19:59:41.997483 24480 incremental_pipeline.cc:646] => Could not register, trying another image.
I20261002 19:59:41.997541 24480 incremental_pipeline.cc:620] Registering image #114 (num_reg_frames=3)
I20261002 19:59:41.997710 24480 incremental_pipeline.cc:623] => Image sees 81 / 170 points
I20261002 19:59:41.997850 24480 incremental_pipeline.cc:646] => Could not register, trying another image.
I20261002 19:59:41.998003 24480 incremental_pipeline.cc:620] Registering image #104 (num_reg_frames=3)
I20261002 19:59:41.998143 24480 incremental_pipeline.cc:623] => Image sees 71 / 198 points
I20261002 19:59:41.998240 24480 incremental_pipeline.cc:646] => Could not register, trying another image.
I20261002 19:59:41.998308 24480 incremental_pipeline.cc:620] Registering image #113 (num_reg_frames=3)
I20261002 19:59:41.998373 24480 incremental_pipeline.cc:623] => Image sees 67 / 173 points
I20261002 19:59:41.998447 24480 incremental_pipeline.cc:646] => Could not register, trying another image.
I20261002 19:59:41.998512 24480 incremental_pipeline.cc:620] Registering image #112 (num_reg_frames=3)
I20261002 19:59:41.998577 24480 incremental_pipeline.cc:623] => Image sees 57 / 150 points
I20261002 19:59:41.998650 24480 incremental_pipeline.cc:646] => Could not register, trying another image.
I20261002 19:59:41.998712 24480 incremental_pipeline.cc:620] Registering image #103 (num_reg_frames=3)
I20261002 19:59:41.998781 24480 incremental_pipeline.cc:623] => Image sees 52 / 200 points
I20261002 19:59:41.998866 24480 incremental_pipeline.cc:646] => Could not register, trying another image.
I20261002 19:59:41.998961 24480 incremental_pipeline.cc:620] Registering image #102 (num_reg_frames=3)
I20261002 19:59:41.999032 24480 incremental_pipeline.cc:623] => Image sees 43 / 193 points
I20261002 19:59:41.999106 24480 incremental_pipeline.cc:646] => Could not register, trying another image.
I20261002 19:59:41.999169 24480 incremental_pipeline.cc:620] Registering image #100 (num_reg_frames=3)
I20261002 19:59:41.999240 24480 incremental_pipeline.cc:623] => Image sees 40 / 197 points
I20261002 19:59:41.999317 24480 incremental_pipeline.cc:646] => Could not register, trying another image.
I20261002 19:59:41.999379 24480 incremental_pipeline.cc:620] Registering image #123 (num_reg_frames=3)
I20261002 19:59:41.999442 24480 incremental_pipeline.cc:623] => Image sees 36 / 179 points
I20261002 19:59:41.999518 24480 incremental_pipeline.cc:646] => Could not register, trying another image.
I20261002 19:59:41.999591 24480 incremental_pipeline.cc:620] Registering image #101 (num_reg_frames=3)
I20261002 19:59:41.999654 24480 incremental_pipeline.cc:623] => Image sees 32 / 145 points
I20261002 19:59:41.999724 24480 incremental_pipeline.cc:646] => Could not register, trying another image.
I20261002 19:59:41.999787 24480 incremental_pipeline.cc:620] Registering image #122 (num_reg_frames=3)
I20261002 19:59:41.999849 24480 incremental_pipeline.cc:623] => Image sees 34 / 179 points
I20261002 19:59:41.999921 24480 incremental_pipeline.cc:646] => Could not register, trying another image.
I20261002 19:59:41.999984 24480 incremental_pipeline.cc:620] Registering image #129 (num_reg_frames=3)
I20261002 19:59:42.000047 24480 incremental_pipeline.cc:623] => Image sees 32 / 181 points
I20261002 19:59:42.000117 24480 incremental_pipeline.cc:646] => Could not register, trying another image.
I20261002 19:59:42.000178 24480 incremental_pipeline.cc:620] Registering image #128 (num_reg_frames=3)
I20261002 19:59:42.000240 24480 incremental_pipeline.cc:623] => Image sees 32 / 160 points
I20261002 19:59:42.000311 24480 incremental_pipeline.cc:646] => Could not register, trying another image.
I20261002 19:59:42.000371 24480 incremental_pipeline.cc:620] Registering image #120 (num_reg_frames=3)
I20261002 19:59:42.000444 24480 incremental_pipeline.cc:623] => Image sees 33 / 193 points
I20261002 19:59:42.000514 24480 incremental_pipeline.cc:646] => Could not register, trying another image.
I20261002 19:59:42.000576 24480 incremental_pipeline.cc:620] Registering image #127 (num_reg_frames=3)
I20261002 19:59:42.000637 24480 incremental_pipeline.cc:623] => Image sees 30 / 150 points
I20261002 19:59:42.000707 24480 incremental_pipeline.cc:646] => Could not register, trying another image.
I20261002 19:59:42.000823 24480 incremental_pipeline.cc:620] Registering image #126 (num_reg_frames=3)
I20261002 19:59:42.000886 24480 incremental_pipeline.cc:623] => Image sees 30 / 158 points
I20261002 19:59:42.000966 24480 incremental_pipeline.cc:646] => Could not register, trying another image.
I20261002 19:59:42.001029 24480 incremental_pipeline.cc:620] Registering image #118 (num_reg_frames=3)
I20261002 19:59:42.001092 24480 incremental_pipeline.cc:623] => Image sees 30 / 179 points
I20261002 19:59:42.001163 24480 incremental_pipeline.cc:646] => Could not register, trying another image.
I20261002 19:59:42.001229 24480 incremental_pipeline.cc:620] Registering image #111 (num_reg_frames=3)
I20261002 19:59:42.001293 24480 incremental_pipeline.cc:623] => Image sees 125 / 190 points
I20261002 19:59:42.001356 24480 incremental_pipeline.cc:629] Registering image with structure-less fallback
I20261002 19:59:42.001419 24480 incremental_pipeline.cc:631] => Image sees 350 / 974 correspondences
I20261002 19:59:42.001494 24480 incremental_pipeline.cc:646] => Could not register, trying another image.
I20261002 19:59:42.001558 24480 incremental_pipeline.cc:620] Registering image #110 (num_reg_frames=3)
I20261002 19:59:42.001620 24480 incremental_pipeline.cc:623] => Image sees 130 / 251 points
I20261002 19:59:42.001688 24480 incremental_pipeline.cc:629] Registering image with structure-less fallback
I20261002 19:59:42.001752 24480 incremental_pipeline.cc:631] => Image sees 275 / 1147 correspondences
I20261002 19:59:42.001833 24480 incremental_pipeline.cc:646] => Could not register, trying another image.
I20261002 19:59:42.001896 24480 incremental_pipeline.cc:620] Registering image #108 (num_reg_frames=3)
I20261002 19:59:42.001963 24480 incremental_pipeline.cc:623] => Image sees 113 / 263 points
I20261002 19:59:42.002026 24480 incremental_pipeline.cc:629] Registering image with structure-less fallback
I20261002 19:59:42.002087 24480 incremental_pipeline.cc:631] => Image sees 233 / 1332 correspondences
I20261002 19:59:42.002163 24480 incremental_pipeline.cc:646] => Could not register, trying another image.
I20261002 19:59:42.002224 24480 incremental_pipeline.cc:620] Registering image #115 (num_reg_frames=3)
I20261002 19:59:42.002287 24480 incremental_pipeline.cc:623] => Image sees 110 / 251 points
I20261002 19:59:42.002348 24480 incremental_pipeline.cc:629] Registering image with structure-less fallback
I20261002 19:59:42.002409 24480 incremental_pipeline.cc:631] => Image sees 213 / 1154 correspondences
I20261002 19:59:42.002483 24480 incremental_pipeline.cc:646] => Could not register, trying another image.
I20261002 19:59:42.002544 24480 incremental_pipeline.cc:620] Registering image #106 (num_reg_frames=3)
I20261002 19:59:42.002607 24480 incremental_pipeline.cc:623] => Image sees 98 / 254 points
I20261002 19:59:42.002668 24480 incremental_pipeline.cc:629] Registering image with structure-less fallback
I20261002 19:59:42.002728 24480 incremental_pipeline.cc:631] => Image sees 187 / 1095 correspondences
I20261002 19:59:42.002819 24480 incremental_pipeline.cc:646] => Could not register, trying another image.
I20261002 19:59:42.002889 24480 incremental_pipeline.cc:620] Registering image #114 (num_reg_frames=3)
I20261002 19:59:42.002956 24480 incremental_pipeline.cc:623] => Image sees 81 / 170 points
I20261002 19:59:42.003020 24480 incremental_pipeline.cc:629] Registering image with structure-less fallback
I20261002 19:59:42.003081 24480 incremental_pipeline.cc:631] => Image sees 157 / 742 correspondences
I20261002 19:59:42.003155 24480 incremental_pipeline.cc:646] => Could not register, trying another image.
I20261002 19:59:42.003233 24480 incremental_pipeline.cc:620] Registering image #104 (num_reg_frames=3)
I20261002 19:59:42.003306 24480 incremental_pipeline.cc:623] => Image sees 71 / 198 points
I20261002 19:59:42.003369 24480 incremental_pipeline.cc:629] Registering image with structure-less fallback
I20261002 19:59:42.003429 24480 incremental_pipeline.cc:631] => Image sees 140 / 898 correspondences
I20261002 19:59:42.003513 24480 incremental_pipeline.cc:646] => Could not register, trying another image.
I20261002 19:59:42.003577 24480 incremental_pipeline.cc:620] Registering image #113 (num_reg_frames=3)
I20261002 19:59:42.003647 24480 incremental_pipeline.cc:623] => Image sees 67 / 173 points
I20261002 19:59:42.003710 24480 incremental_pipeline.cc:629] Registering image with structure-less fallback
I20261002 19:59:42.003771 24480 incremental_pipeline.cc:631] => Image sees 131 / 824 correspondences
I20261002 19:59:42.003850 24480 incremental_pipeline.cc:646] => Could not register, trying another image.
I20261002 19:59:42.003910 24480 incremental_pipeline.cc:620] Registering image #105 (num_reg_frames=3)
I20261002 19:59:42.003971 24480 incremental_pipeline.cc:623] => Image sees 100 / 258 points
I20261002 19:59:42.004034 24480 incremental_pipeline.cc:629] Registering image with structure-less fallback
I20261002 19:59:42.004103 24480 incremental_pipeline.cc:631] => Image sees 119 / 1264 correspondences
I20261002 19:59:42.004175 24480 incremental_pipeline.cc:646] => Could not register, trying another image.
I20261002 19:59:42.004238 24480 incremental_pipeline.cc:620] Registering image #112 (num_reg_frames=3)
I20261002 19:59:42.004298 24480 incremental_pipeline.cc:623] => Image sees 57 / 150 points
I20261002 19:59:42.004360 24480 incremental_pipeline.cc:629] Registering image with structure-less fallback
I20261002 19:59:42.004419 24480 incremental_pipeline.cc:631] => Image sees 105 / 614 correspondences
I20261002 19:59:42.004488 24480 incremental_pipeline.cc:646] => Could not register, trying another image.
I20261002 19:59:42.004552 24480 incremental_pipeline.cc:620] Registering image #107 (num_reg_frames=3)
I20261002 19:59:42.004613 24480 incremental_pipeline.cc:623] => Image sees 86 / 246 points
I20261002 19:59:42.004674 24480 incremental_pipeline.cc:629] Registering image with structure-less fallback
I20261002 19:59:42.004741 24480 incremental_pipeline.cc:631] => Image sees 97 / 1160 correspondences
I20261002 19:59:42.004838 24480 incremental_pipeline.cc:646] => Could not register, trying another image.
I20261002 19:59:42.004943 24480 incremental_pipeline.cc:620] Registering image #123 (num_reg_frames=3)
I20261002 19:59:42.005057 24480 incremental_pipeline.cc:623] => Image sees 36 / 179 points
I20261002 19:59:42.005157 24480 incremental_pipeline.cc:629] Registering image with structure-less fallback
I20261002 19:59:42.005247 24480 incremental_pipeline.cc:631] => Image sees 94 / 1475 correspondences
I20261002 19:59:42.005370 24480 incremental_pipeline.cc:646] => Could not register, trying another image.
I20261002 19:59:42.005474 24480 incremental_pipeline.cc:620] Registering image #100 (num_reg_frames=3)
I20261002 19:59:42.005671 24480 incremental_pipeline.cc:623] => Image sees 40 / 197 points
I20261002 19:59:42.005800 24480 incremental_pipeline.cc:629] Registering image with structure-less fallback
I20261002 19:59:42.005874 24480 incremental_pipeline.cc:631] => Image sees 78 / 1757 correspondences
I20261002 19:59:42.005955 24480 incremental_pipeline.cc:646] => Could not register, trying another image.
I20261002 19:59:42.006029 24480 incremental_pipeline.cc:620] Registering image #122 (num_reg_frames=3)
I20261002 19:59:42.006112 24480 incremental_pipeline.cc:623] => Image sees 34 / 179 points
I20261002 19:59:42.006184 24480 incremental_pipeline.cc:629] Registering image with structure-less fallback
I20261002 19:59:42.006245 24480 incremental_pipeline.cc:631] => Image sees 66 / 696 correspondences
I20261002 19:59:42.006317 24480 incremental_pipeline.cc:646] => Could not register, trying another image.
I20261002 19:59:42.006378 24480 incremental_pipeline.cc:620] Registering image #103 (num_reg_frames=3)
I20261002 19:59:42.006446 24480 incremental_pipeline.cc:623] => Image sees 52 / 200 points
I20261002 19:59:42.006523 24480 incremental_pipeline.cc:629] Registering image with structure-less fallback
I20261002 19:59:42.006587 24480 incremental_pipeline.cc:631] => Image sees 65 / 777 correspondences
I20261002 19:59:42.006662 24480 incremental_pipeline.cc:646] => Could not register, trying another image.
I20261002 19:59:42.006741 24480 incremental_pipeline.cc:620] Registering image #129 (num_reg_frames=3)
I20261002 19:59:42.006831 24480 incremental_pipeline.cc:623] => Image sees 32 / 181 points
I20261002 19:59:42.006894 24480 incremental_pipeline.cc:629] Registering image with structure-less fallback
I20261002 19:59:42.006960 24480 incremental_pipeline.cc:631] => Image sees 63 / 1105 correspondences
I20261002 19:59:42.007038 24480 incremental_pipeline.cc:646] => Could not register, trying another image.
I20261002 19:59:42.007100 24480 incremental_pipeline.cc:620] Registering image #127 (num_reg_frames=3)
I20261002 19:59:42.007161 24480 incremental_pipeline.cc:623] => Image sees 30 / 150 points
I20261002 19:59:42.007253 24480 incremental_pipeline.cc:629] Registering image with structure-less fallback
I20261002 19:59:42.007336 24480 incremental_pipeline.cc:631] => Image sees 55 / 586 correspondences
I20261002 19:59:42.007452 24480 incremental_pipeline.cc:646] => Could not register, trying another image.
I20261002 19:59:42.007589 24480 incremental_pipeline.cc:620] Registering image #126 (num_reg_frames=3)
I20261002 19:59:42.007954 24480 incremental_pipeline.cc:623] => Image sees 30 / 158 points
I20261002 19:59:42.008041 24480 incremental_pipeline.cc:629] Registering image with structure-less fallback
I20261002 19:59:42.008114 24480 incremental_pipeline.cc:631] => Image sees 53 / 667 correspondences
I20261002 19:59:42.008179 24480 incremental_pipeline.cc:646] => Could not register, trying another image.
I20261002 19:59:42.008280 24480 incremental_pipeline.cc:620] Registering image #102 (num_reg_frames=3)
I20261002 19:59:42.008434 24480 incremental_pipeline.cc:623] => Image sees 43 / 193 points
I20261002 19:59:42.008552 24480 incremental_pipeline.cc:629] Registering image with structure-less fallback
I20261002 19:59:42.008724 24480 incremental_pipeline.cc:631] => Image sees 52 / 813 correspondences
I20261002 19:59:42.008864 24480 incremental_pipeline.cc:646] => Could not register, trying another image.
I20261002 19:59:42.008937 24480 incremental_pipeline.cc:620] Registering image #101 (num_reg_frames=3)
I20261002 19:59:42.009028 24480 incremental_pipeline.cc:623] => Image sees 32 / 145 points
I20261002 19:59:42.009102 24480 incremental_pipeline.cc:629] Registering image with structure-less fallback
I20261002 19:59:42.009167 24480 incremental_pipeline.cc:631] => Image sees 40 / 709 correspondences
I20261002 19:59:42.009248 24480 incremental_pipeline.cc:646] => Could not register, trying another image.
I20261002 19:59:42.009416 24480 incremental_pipeline.cc:620] Registering image #120 (num_reg_frames=3)
I20261002 19:59:42.009507 24480 incremental_pipeline.cc:623] => Image sees 33 / 193 points
I20261002 19:59:42.009580 24480 incremental_pipeline.cc:629] Registering image with structure-less fallback
I20261002 19:59:42.009657 24480 incremental_pipeline.cc:631] => Image sees 36 / 738 correspondences
I20261002 19:59:42.009764 24480 incremental_pipeline.cc:646] => Could not register, trying another image.
I20261002 19:59:42.009873 24480 incremental_pipeline.cc:620] Registering image #128 (num_reg_frames=3)
I20261002 19:59:42.009980 24480 incremental_pipeline.cc:623] => Image sees 32 / 160 points
I20261002 19:59:42.010060 24480 incremental_pipeline.cc:629] Registering image with structure-less fallback
I20261002 19:59:42.010131 24480 incremental_pipeline.cc:631] => Image sees 36 / 670 correspondences
I20261002 19:59:42.010198 24480 incremental_pipeline.cc:646] => Could not register, trying another image.
I20261002 19:59:42.010258 24480 incremental_pipeline.cc:620] Registering image #118 (num_reg_frames=3)
I20261002 19:59:42.010321 24480 incremental_pipeline.cc:623] => Image sees 30 / 179 points
I20261002 19:59:42.010384 24480 incremental_pipeline.cc:629] Registering image with structure-less fallback
I20261002 19:59:42.010454 24480 incremental_pipeline.cc:631] => Image sees 34 / 826 correspondences
I20261002 19:59:42.010516 24480 incremental_pipeline.cc:646] => Could not register, trying another image.
I20261002 19:59:42.010598 24480 incremental_pipeline.cc:88] Retriangulation and Global bundle adjustment
I20261002 19:59:42.012157 24480 incremental_pipeline.cc:620] Registering image #111 (num_reg_frames=3)
I20261002 19:59:42.012312 24480 incremental_pipeline.cc:623] => Image sees 125 / 190 points
I20261002 19:59:42.012425 24480 incremental_pipeline.cc:646] => Could not register, trying another image.
I20261002 19:59:42.012493 24480 incremental_pipeline.cc:620] Registering image #110 (num_reg_frames=3)
I20261002 19:59:42.012586 24480 incremental_pipeline.cc:623] => Image sees 130 / 251 points
I20261002 19:59:42.012684 24480 incremental_pipeline.cc:646] => Could not register, trying another image.
I20261002 19:59:42.012766 24480 incremental_pipeline.cc:620] Registering image #108 (num_reg_frames=3)
I20261002 19:59:42.012842 24480 incremental_pipeline.cc:623] => Image sees 113 / 263 points
I20261002 19:59:42.012934 24480 incremental_pipeline.cc:646] => Could not register, trying another image.
I20261002 19:59:42.013006 24480 incremental_pipeline.cc:620] Registering image #115 (num_reg_frames=3)
I20261002 19:59:42.013071 24480 incremental_pipeline.cc:623] => Image sees 110 / 251 points
I20261002 19:59:42.013158 24480 incremental_pipeline.cc:646] => Could not register, trying another image.
I20261002 19:59:42.013223 24480 incremental_pipeline.cc:620] Registering image #105 (num_reg_frames=3)
I20261002 19:59:42.013290 24480 incremental_pipeline.cc:623] => Image sees 100 / 258 points
I20261002 19:59:42.013367 24480 incremental_pipeline.cc:646] => Could not register, trying another image.
I20261002 19:59:42.013430 24480 incremental_pipeline.cc:620] Registering image #106 (num_reg_frames=3)
I20261002 19:59:42.013493 24480 incremental_pipeline.cc:623] => Image sees 98 / 254 points
I20261002 19:59:42.013573 24480 incremental_pipeline.cc:646] => Could not register, trying another image.
I20261002 19:59:42.013639 24480 incremental_pipeline.cc:620] Registering image #107 (num_reg_frames=3)
I20261002 19:59:42.013702 24480 incremental_pipeline.cc:623] => Image sees 86 / 246 points
I20261002 19:59:42.013776 24480 incremental_pipeline.cc:646] => Could not register, trying another image.
I20261002 19:59:42.013846 24480 incremental_pipeline.cc:620] Registering image #114 (num_reg_frames=3)
I20261002 19:59:42.013909 24480 incremental_pipeline.cc:623] => Image sees 81 / 170 points
I20261002 19:59:42.013981 24480 incremental_pipeline.cc:646] => Could not register, trying another image.
I20261002 19:59:42.014044 24480 incremental_pipeline.cc:620] Registering image #104 (num_reg_frames=3)
I20261002 19:59:42.014108 24480 incremental_pipeline.cc:623] => Image sees 71 / 198 points
I20261002 19:59:42.014183 24480 incremental_pipeline.cc:646] => Could not register, trying another image.
I20261002 19:59:42.014247 24480 incremental_pipeline.cc:620] Registering image #113 (num_reg_frames=3)
I20261002 19:59:42.014309 24480 incremental_pipeline.cc:623] => Image sees 67 / 173 points
I20261002 19:59:42.014383 24480 incremental_pipeline.cc:646] => Could not register, trying another image.
I20261002 19:59:42.014445 24480 incremental_pipeline.cc:620] Registering image #112 (num_reg_frames=3)
I20261002 19:59:42.014523 24480 incremental_pipeline.cc:623] => Image sees 57 / 150 points
I20261002 19:59:42.014592 24480 incremental_pipeline.cc:646] => Could not register, trying another image.
I20261002 19:59:42.014656 24480 incremental_pipeline.cc:620] Registering image #103 (num_reg_frames=3)
I20261002 19:59:42.014719 24480 incremental_pipeline.cc:623] => Image sees 52 / 200 points
I20261002 19:59:42.014831 24480 incremental_pipeline.cc:646] => Could not register, trying another image.
I20261002 19:59:42.014895 24480 incremental_pipeline.cc:620] Registering image #102 (num_reg_frames=3)
I20261002 19:59:42.014957 24480 incremental_pipeline.cc:623] => Image sees 43 / 193 points
I20261002 19:59:42.015029 24480 incremental_pipeline.cc:646] => Could not register, trying another image.
I20261002 19:59:42.015092 24480 incremental_pipeline.cc:620] Registering image #100 (num_reg_frames=3)
I20261002 19:59:42.015174 24480 incremental_pipeline.cc:623] => Image sees 40 / 197 points
I20261002 19:59:42.015250 24480 incremental_pipeline.cc:646] => Could not register, trying another image.
I20261002 19:59:42.015316 24480 incremental_pipeline.cc:620] Registering image #123 (num_reg_frames=3)
I20261002 19:59:42.015384 24480 incremental_pipeline.cc:623] => Image sees 36 / 179 points
I20261002 19:59:42.015471 24480 incremental_pipeline.cc:646] => Could not register, trying another image.
I20261002 19:59:42.015540 24480 incremental_pipeline.cc:620] Registering image #101 (num_reg_frames=3)
I20261002 19:59:42.015605 24480 incremental_pipeline.cc:623] => Image sees 32 / 145 points
I20261002 19:59:42.015677 24480 incremental_pipeline.cc:646] => Could not register, trying another image.
I20261002 19:59:42.015741 24480 incremental_pipeline.cc:620] Registering image #122 (num_reg_frames=3)
I20261002 19:59:42.015810 24480 incremental_pipeline.cc:623] => Image sees 34 / 179 points
I20261002 19:59:42.015883 24480 incremental_pipeline.cc:646] => Could not register, trying another image.
I20261002 19:59:42.015946 24480 incremental_pipeline.cc:620] Registering image #129 (num_reg_frames=3)
I20261002 19:59:42.016018 24480 incremental_pipeline.cc:623] => Image sees 32 / 181 points
I20261002 19:59:42.016097 24480 incremental_pipeline.cc:646] => Could not register, trying another image.
I20261002 19:59:42.016159 24480 incremental_pipeline.cc:620] Registering image #128 (num_reg_frames=3)
I20261002 19:59:42.016221 24480 incremental_pipeline.cc:623] => Image sees 32 / 160 points
I20261002 19:59:42.016292 24480 incremental_pipeline.cc:646] => Could not register, trying another image.
I20261002 19:59:42.016360 24480 incremental_pipeline.cc:620] Registering image #120 (num_reg_frames=3)
I20261002 19:59:42.016423 24480 incremental_pipeline.cc:623] => Image sees 33 / 193 points
I20261002 19:59:42.016495 24480 incremental_pipeline.cc:646] => Could not register, trying another image.
I20261002 19:59:42.016557 24480 incremental_pipeline.cc:620] Registering image #127 (num_reg_frames=3)
I20261002 19:59:42.016621 24480 incremental_pipeline.cc:623] => Image sees 30 / 150 points
I20261002 19:59:42.016691 24480 incremental_pipeline.cc:646] => Could not register, trying another image.
I20261002 19:59:42.016764 24480 incremental_pipeline.cc:620] Registering image #126 (num_reg_frames=3)
I20261002 19:59:42.016829 24480 incremental_pipeline.cc:623] => Image sees 30 / 158 points
I20261002 19:59:42.016900 24480 incremental_pipeline.cc:646] => Could not register, trying another image.
I20261002 19:59:42.016965 24480 incremental_pipeline.cc:620] Registering image #118 (num_reg_frames=3)
I20261002 19:59:42.017030 24480 incremental_pipeline.cc:623] => Image sees 30 / 179 points
I20261002 19:59:42.017101 24480 incremental_pipeline.cc:646] => Could not register, trying another image.
I20261002 19:59:42.017171 24480 incremental_pipeline.cc:620] Registering image #111 (num_reg_frames=3)
I20261002 19:59:42.017237 24480 incremental_pipeline.cc:623] => Image sees 125 / 190 points
I20261002 19:59:42.017306 24480 incremental_pipeline.cc:629] Registering image with structure-less fallback
I20261002 19:59:42.017369 24480 incremental_pipeline.cc:631] => Image sees 350 / 974 correspondences
I20261002 19:59:42.017447 24480 incremental_pipeline.cc:646] => Could not register, trying another image.
I20261002 19:59:42.017510 24480 incremental_pipeline.cc:620] Registering image #110 (num_reg_frames=3)
I20261002 19:59:42.017573 24480 incremental_pipeline.cc:623] => Image sees 130 / 251 points
I20261002 19:59:42.017637 24480 incremental_pipeline.cc:629] Registering image with structure-less fallback
I20261002 19:59:42.017701 24480 incremental_pipeline.cc:631] => Image sees 275 / 1147 correspondences
I20261002 19:59:42.017778 24480 incremental_pipeline.cc:646] => Could not register, trying another image.
I20261002 19:59:42.017842 24480 incremental_pipeline.cc:620] Registering image #108 (num_reg_frames=3)
I20261002 19:59:42.017917 24480 incremental_pipeline.cc:623] => Image sees 113 / 263 points
I20261002 19:59:42.017990 24480 incremental_pipeline.cc:629] Registering image with structure-less fallback
I20261002 19:59:42.018055 24480 incremental_pipeline.cc:631] => Image sees 233 / 1332 correspondences
I20261002 19:59:42.018131 24480 incremental_pipeline.cc:646] => Could not register, trying another image.
I20261002 19:59:42.018195 24480 incremental_pipeline.cc:620] Registering image #115 (num_reg_frames=3)
I20261002 19:59:42.018260 24480 incremental_pipeline.cc:623] => Image sees 110 / 251 points
I20261002 19:59:42.018323 24480 incremental_pipeline.cc:629] Registering image with structure-less fallback
I20261002 19:59:42.018386 24480 incremental_pipeline.cc:631] => Image sees 213 / 1154 correspondences
I20261002 19:59:42.018464 24480 incremental_pipeline.cc:646] => Could not register, trying another image.
I20261002 19:59:42.018533 24480 incremental_pipeline.cc:620] Registering image #106 (num_reg_frames=3)
I20261002 19:59:42.018596 24480 incremental_pipeline.cc:623] => Image sees 98 / 254 points
I20261002 19:59:42.018659 24480 incremental_pipeline.cc:629] Registering image with structure-less fallback
I20261002 19:59:42.018722 24480 incremental_pipeline.cc:631] => Image sees 187 / 1095 correspondences
I20261002 19:59:42.018797 24480 incremental_pipeline.cc:646] => Could not register, trying another image.
I20261002 19:59:42.018860 24480 incremental_pipeline.cc:620] Registering image #114 (num_reg_frames=3)
I20261002 19:59:42.018923 24480 incremental_pipeline.cc:623] => Image sees 81 / 170 points
I20261002 19:59:42.018990 24480 incremental_pipeline.cc:629] Registering image with structure-less fallback
I20261002 19:59:42.019053 24480 incremental_pipeline.cc:631] => Image sees 157 / 742 correspondences
I20261002 19:59:42.019126 24480 incremental_pipeline.cc:646] => Could not register, trying another image.
I20261002 19:59:42.019189 24480 incremental_pipeline.cc:620] Registering image #104 (num_reg_frames=3)
I20261002 19:59:42.019252 24480 incremental_pipeline.cc:623] => Image sees 71 / 198 points
I20261002 19:59:42.019314 24480 incremental_pipeline.cc:629] Registering image with structure-less fallback
I20261002 19:59:42.019378 24480 incremental_pipeline.cc:631] => Image sees 140 / 898 correspondences
I20261002 19:59:42.019451 24480 incremental_pipeline.cc:646] => Could not register, trying another image.
I20261002 19:59:42.019517 24480 incremental_pipeline.cc:620] Registering image #113 (num_reg_frames=3)
I20261002 19:59:42.019580 24480 incremental_pipeline.cc:623] => Image sees 67 / 173 points
I20261002 19:59:42.019643 24480 incremental_pipeline.cc:629] Registering image with structure-less fallback
I20261002 19:59:42.019713 24480 incremental_pipeline.cc:631] => Image sees 131 / 824 correspondences
I20261002 19:59:42.019787 24480 incremental_pipeline.cc:646] => Could not register, trying another image.
I20261002 19:59:42.019852 24480 incremental_pipeline.cc:620] Registering image #105 (num_reg_frames=3)
I20261002 19:59:42.019915 24480 incremental_pipeline.cc:623] => Image sees 100 / 258 points
I20261002 19:59:42.019978 24480 incremental_pipeline.cc:629] Registering image with structure-less fallback
I20261002 19:59:42.020045 24480 incremental_pipeline.cc:631] => Image sees 119 / 1264 correspondences
I20261002 19:59:42.020120 24480 incremental_pipeline.cc:646] => Could not register, trying another image.
I20261002 19:59:42.020183 24480 incremental_pipeline.cc:620] Registering image #112 (num_reg_frames=3)
I20261002 19:59:42.020246 24480 incremental_pipeline.cc:623] => Image sees 57 / 150 points
I20261002 19:59:42.020309 24480 incremental_pipeline.cc:629] Registering image with structure-less fallback
I20261002 19:59:42.020375 24480 incremental_pipeline.cc:631] => Image sees 105 / 614 correspondences
I20261002 19:59:42.020452 24480 incremental_pipeline.cc:646] => Could not register, trying another image.
I20261002 19:59:42.020514 24480 incremental_pipeline.cc:620] Registering image #107 (num_reg_frames=3)
I20261002 19:59:42.020576 24480 incremental_pipeline.cc:623] => Image sees 86 / 246 points
I20261002 19:59:42.020636 24480 incremental_pipeline.cc:629] Registering image with structure-less fallback
I20261002 19:59:42.020685 24480 incremental_pipeline.cc:631] => Image sees 97 / 1160 correspondences
I20261002 19:59:42.020745 24480 incremental_pipeline.cc:646] => Could not register, trying another image.
I20261002 19:59:42.020793 24480 incremental_pipeline.cc:620] Registering image #123 (num_reg_frames=3)
I20261002 19:59:42.020844 24480 incremental_pipeline.cc:623] => Image sees 36 / 179 points
I20261002 19:59:42.020893 24480 incremental_pipeline.cc:629] Registering image with structure-less fallback
I20261002 19:59:42.020941 24480 incremental_pipeline.cc:631] => Image sees 94 / 1475 correspondences
I20261002 19:59:42.021002 24480 incremental_pipeline.cc:646] => Could not register, trying another image.
I20261002 19:59:42.021050 24480 incremental_pipeline.cc:620] Registering image #100 (num_reg_frames=3)
I20261002 19:59:42.021099 24480 incremental_pipeline.cc:623] => Image sees 40 / 197 points
I20261002 19:59:42.021147 24480 incremental_pipeline.cc:629] Registering image with structure-less fallback
I20261002 19:59:42.021195 24480 incremental_pipeline.cc:631] => Image sees 78 / 1757 correspondences
I20261002 19:59:42.021260 24480 incremental_pipeline.cc:646] => Could not register, trying another image.
I20261002 19:59:42.021309 24480 incremental_pipeline.cc:620] Registering image #122 (num_reg_frames=3)
I20261002 19:59:42.021357 24480 incremental_pipeline.cc:623] => Image sees 34 / 179 points
I20261002 19:59:42.021414 24480 incremental_pipeline.cc:629] Registering image with structure-less fallback
I20261002 19:59:42.021488 24480 incremental_pipeline.cc:631] => Image sees 66 / 696 correspondences
I20261002 19:59:42.021557 24480 incremental_pipeline.cc:646] => Could not register, trying another image.
I20261002 19:59:42.021609 24480 incremental_pipeline.cc:620] Registering image #103 (num_reg_frames=3)
I20261002 19:59:42.021661 24480 incremental_pipeline.cc:623] => Image sees 52 / 200 points
I20261002 19:59:42.021711 24480 incremental_pipeline.cc:629] Registering image with structure-less fallback
I20261002 19:59:42.021759 24480 incremental_pipeline.cc:631] => Image sees 65 / 777 correspondences
I20261002 19:59:42.021820 24480 incremental_pipeline.cc:646] => Could not register, trying another image.
I20261002 19:59:42.021869 24480 incremental_pipeline.cc:620] Registering image #129 (num_reg_frames=3)
I20261002 19:59:42.021921 24480 incremental_pipeline.cc:623] => Image sees 32 / 181 points
I20261002 19:59:42.021970 24480 incremental_pipeline.cc:629] Registering image with structure-less fallback
I20261002 19:59:42.022018 24480 incremental_pipeline.cc:631] => Image sees 63 / 1105 correspondences
I20261002 19:59:42.022076 24480 incremental_pipeline.cc:646] => Could not register, trying another image.
I20261002 19:59:42.022126 24480 incremental_pipeline.cc:620] Registering image #127 (num_reg_frames=3)
I20261002 19:59:42.022175 24480 incremental_pipeline.cc:623] => Image sees 30 / 150 points
I20261002 19:59:42.022224 24480 incremental_pipeline.cc:629] Registering image with structure-less fallback
I20261002 19:59:42.022272 24480 incremental_pipeline.cc:631] => Image sees 55 / 586 correspondences
I20261002 19:59:42.022321 24480 incremental_pipeline.cc:646] => Could not register, trying another image.
I20261002 19:59:42.022371 24480 incremental_pipeline.cc:620] Registering image #126 (num_reg_frames=3)
I20261002 19:59:42.022419 24480 incremental_pipeline.cc:623] => Image sees 30 / 158 points
I20261002 19:59:42.022468 24480 incremental_pipeline.cc:629] Registering image with structure-less fallback
I20261002 19:59:42.022516 24480 incremental_pipeline.cc:631] => Image sees 53 / 667 correspondences
I20261002 19:59:42.022565 24480 incremental_pipeline.cc:646] => Could not register, trying another image.
I20261002 19:59:42.022614 24480 incremental_pipeline.cc:620] Registering image #102 (num_reg_frames=3)
I20261002 19:59:42.022667 24480 incremental_pipeline.cc:623] => Image sees 43 / 193 points
I20261002 19:59:42.022729 24480 incremental_pipeline.cc:629] Registering image with structure-less fallback
I20261002 19:59:42.022777 24480 incremental_pipeline.cc:631] => Image sees 52 / 813 correspondences
I20261002 19:59:42.022826 24480 incremental_pipeline.cc:646] => Could not register, trying another image.
I20261002 19:59:42.022874 24480 incremental_pipeline.cc:620] Registering image #101 (num_reg_frames=3)
I20261002 19:59:42.022922 24480 incremental_pipeline.cc:623] => Image sees 32 / 145 points
I20261002 19:59:42.022971 24480 incremental_pipeline.cc:629] Registering image with structure-less fallback
I20261002 19:59:42.023019 24480 incremental_pipeline.cc:631] => Image sees 40 / 709 correspondences
I20261002 19:59:42.023068 24480 incremental_pipeline.cc:646] => Could not register, trying another image.
I20261002 19:59:42.023116 24480 incremental_pipeline.cc:620] Registering image #120 (num_reg_frames=3)
I20261002 19:59:42.023165 24480 incremental_pipeline.cc:623] => Image sees 33 / 193 points
I20261002 19:59:42.023213 24480 incremental_pipeline.cc:629] Registering image with structure-less fallback
I20261002 19:59:42.023262 24480 incremental_pipeline.cc:631] => Image sees 36 / 738 correspondences
I20261002 19:59:42.023312 24480 incremental_pipeline.cc:646] => Could not register, trying another image.
I20261002 19:59:42.023361 24480 incremental_pipeline.cc:620] Registering image #128 (num_reg_frames=3)
I20261002 19:59:42.023410 24480 incremental_pipeline.cc:623] => Image sees 32 / 160 points
I20261002 19:59:42.023458 24480 incremental_pipeline.cc:629] Registering image with structure-less fallback
I20261002 19:59:42.023506 24480 incremental_pipeline.cc:631] => Image sees 36 / 670 correspondences
I20261002 19:59:42.023555 24480 incremental_pipeline.cc:646] => Could not register, trying another image.
I20261002 19:59:42.023606 24480 incremental_pipeline.cc:620] Registering image #118 (num_reg_frames=3)
I20261002 19:59:42.023655 24480 incremental_pipeline.cc:623] => Image sees 30 / 179 points
I20261002 19:59:42.023704 24480 incremental_pipeline.cc:629] Registering image with structure-less fallback
I20261002 19:59:42.023752 24480 incremental_pipeline.cc:631] => Image sees 34 / 826 correspondences
I20261002 19:59:42.023801 24480 incremental_pipeline.cc:646] => Could not register, trying another image.
W20261002 19:59:42.023851 24480 incremental_pipeline.cc:821] Discarding reconstruction due to insufficient size
I20261002 19:59:42.025760 24480 incremental_pipeline.cc:465] Finding good initial image pair
I20261002 19:59:42.032929 24480 incremental_pipeline.cc:492] Registering initial image pair #30 and #41
I20261002 19:59:42.033598 24480 incremental_pipeline.cc:510] Global bundle adjustment
I20261002 19:59:42.039872 24480 incremental_pipeline.cc:620] Registering image #32 (num_reg_frames=2)
I20261002 19:59:42.039988 24480 incremental_pipeline.cc:623] => Image sees 47 / 102 points
I20261002 19:59:42.048260 24480 incremental_pipeline.cc:88] Retriangulation and Global bundle adjustment
I20261002 19:59:42.085235 24480 incremental_pipeline.cc:88] Retriangulation and Global bundle adjustment
W20261002 19:59:42.092568 24480 incremental_pipeline.cc:821] Discarding reconstruction due to insufficient size
I20261002 19:59:42.093300 24480 incremental_pipeline.cc:465] Finding good initial image pair
I20261002 19:59:42.101967 24480 incremental_pipeline.cc:492] Registering initial image pair #100 and #106
I20261002 19:59:42.102692 24480 incremental_pipeline.cc:510] Global bundle adjustment
I20261002 19:59:42.108316 24480 incremental_pipeline.cc:620] Registering image #104 (num_reg_frames=2)
I20261002 19:59:42.108442 24480 incremental_pipeline.cc:623] => Image sees 57 / 198 points
I20261002 19:59:42.125565 24480 incremental_pipeline.cc:88] Retriangulation and Global bundle adjustment
I20261002 19:59:42.132805 24480 incremental_pipeline.cc:620] Registering image #103 (num_reg_frames=3)
I20261002 19:59:42.132990 24480 incremental_pipeline.cc:623] => Image sees 69 / 200 points
I20261002 19:59:42.151079 24480 incremental_pipeline.cc:88] Retriangulation and Global bundle adjustment
I20261002 19:59:42.155185 24480 incremental_pipeline.cc:620] Registering image #105 (num_reg_frames=4)
I20261002 19:59:42.155299 24480 incremental_pipeline.cc:623] => Image sees 77 / 258 points
I20261002 19:59:42.167829 24480 incremental_pipeline.cc:620] Registering image #102 (num_reg_frames=5)
I20261002 19:59:42.168074 24480 incremental_pipeline.cc:623] => Image sees 76 / 193 points
I20261002 19:59:42.196282 24480 incremental_pipeline.cc:88] Retriangulation and Global bundle adjustment
I20261002 19:59:42.210269 24480 incremental_pipeline.cc:620] Registering image #107 (num_reg_frames=6)
I20261002 19:59:42.210398 24480 incremental_pipeline.cc:623] => Image sees 78 / 246 points
I20261002 19:59:42.219137 24480 incremental_pipeline.cc:620] Registering image #115 (num_reg_frames=7)
I20261002 19:59:42.219246 24480 incremental_pipeline.cc:623] => Image sees 108 / 251 points
I20261002 19:59:42.227432 24480 incremental_pipeline.cc:620] Registering image #108 (num_reg_frames=8)
I20261002 19:59:42.227531 24480 incremental_pipeline.cc:623] => Image sees 117 / 263 points
I20261002 19:59:42.238094 24480 incremental_pipeline.cc:88] Retriangulation and Global bundle adjustment
I20261002 19:59:42.478185 24480 incremental_pipeline.cc:620] Registering image #110 (num_reg_frames=9)
I20261002 19:59:42.487247 24480 incremental_pipeline.cc:623] => Image sees 93 / 251 points
I20261002 19:59:42.487366 24480 incremental_pipeline.cc:646] => Could not register, trying another image.
I20261002 19:59:42.487436 24480 incremental_pipeline.cc:620] Registering image #117 (num_reg_frames=9)
I20261002 19:59:42.487499 24480 incremental_pipeline.cc:623] => Image sees 83 / 233 points
I20261002 19:59:42.487588 24480 incremental_pipeline.cc:646] => Could not register, trying another image.
I20261002 19:59:42.487650 24480 incremental_pipeline.cc:620] Registering image #116 (num_reg_frames=9)
I20261002 19:59:42.487709 24480 incremental_pipeline.cc:623] => Image sees 57 / 205 points
I20261002 19:59:42.487780 24480 incremental_pipeline.cc:646] => Could not register, trying another image.
I20261002 19:59:42.487839 24480 incremental_pipeline.cc:620] Registering image #101 (num_reg_frames=9)
I20261002 19:59:42.487897 24480 incremental_pipeline.cc:623] => Image sees 47 / 145 points
I20261002 19:59:42.487967 24480 incremental_pipeline.cc:646] => Could not register, trying another image.
I20261002 19:59:42.488026 24480 incremental_pipeline.cc:620] Registering image #109 (num_reg_frames=9)
I20261002 19:59:42.488084 24480 incremental_pipeline.cc:623] => Image sees 41 / 190 points
I20261002 19:59:42.488154 24480 incremental_pipeline.cc:646] => Could not register, trying another image.
I20261002 19:59:42.488212 24480 incremental_pipeline.cc:620] Registering image #99 (num_reg_frames=9)
I20261002 19:59:42.488269 24480 incremental_pipeline.cc:623] => Image sees 35 / 144 points
I20261002 19:59:42.488338 24480 incremental_pipeline.cc:646] => Could not register, trying another image.
I20261002 19:59:42.488395 24480 incremental_pipeline.cc:620] Registering image #98 (num_reg_frames=9)
I20261002 19:59:42.488542 24480 incremental_pipeline.cc:623] => Image sees 30 / 141 points
I20261002 19:59:42.488707 24480 incremental_pipeline.cc:646] => Could not register, trying another image.
I20261002 19:59:42.488790 24480 incremental_pipeline.cc:620] Registering image #117 (num_reg_frames=9)
I20261002 19:59:42.488855 24480 incremental_pipeline.cc:623] => Image sees 83 / 233 points
I20261002 19:59:42.488919 24480 incremental_pipeline.cc:629] Registering image with structure-less fallback
I20261002 19:59:42.488977 24480 incremental_pipeline.cc:631] => Image sees 810 / 2218 correspondences
I20261002 19:59:42.489061 24480 incremental_pipeline.cc:646] => Could not register, trying another image.
I20261002 19:59:42.489120 24480 incremental_pipeline.cc:620] Registering image #110 (num_reg_frames=9)
I20261002 19:59:42.489219 24480 incremental_pipeline.cc:623] => Image sees 93 / 251 points
I20261002 19:59:42.489278 24480 incremental_pipeline.cc:629] Registering image with structure-less fallback
I20261002 19:59:42.489353 24480 incremental_pipeline.cc:631] => Image sees 646 / 1147 correspondences
I20261002 19:59:42.489427 24480 incremental_pipeline.cc:646] => Could not register, trying another image.
I20261002 19:59:42.489485 24480 incremental_pipeline.cc:620] Registering image #101 (num_reg_frames=9)
I20261002 19:59:42.489542 24480 incremental_pipeline.cc:623] => Image sees 47 / 145 points
I20261002 19:59:42.489600 24480 incremental_pipeline.cc:629] Registering image with structure-less fallback
I20261002 19:59:42.489657 24480 incremental_pipeline.cc:631] => Image sees 301 / 709 correspondences
I20261002 19:59:42.489728 24480 incremental_pipeline.cc:646] => Could not register, trying another image.
I20261002 19:59:42.489785 24480 incremental_pipeline.cc:620] Registering image #116 (num_reg_frames=9)
I20261002 19:59:42.489843 24480 incremental_pipeline.cc:623] => Image sees 57 / 205 points
I20261002 19:59:42.489900 24480 incremental_pipeline.cc:629] Registering image with structure-less fallback
I20261002 19:59:42.489957 24480 incremental_pipeline.cc:631] => Image sees 206 / 939 correspondences
I20261002 19:59:42.490027 24480 incremental_pipeline.cc:646] => Could not register, trying another image.
I20261002 19:59:42.490084 24480 incremental_pipeline.cc:620] Registering image #99 (num_reg_frames=9)
I20261002 19:59:42.490141 24480 incremental_pipeline.cc:623] => Image sees 35 / 144 points
I20261002 19:59:42.490198 24480 incremental_pipeline.cc:629] Registering image with structure-less fallback
I20261002 19:59:42.490255 24480 incremental_pipeline.cc:631] => Image sees 187 / 658 correspondences
I20261002 19:59:42.490321 24480 incremental_pipeline.cc:646] => Could not register, trying another image.
I20261002 19:59:42.490382 24480 incremental_pipeline.cc:620] Registering image #109 (num_reg_frames=9)
I20261002 19:59:42.490439 24480 incremental_pipeline.cc:623] => Image sees 41 / 190 points
I20261002 19:59:42.490497 24480 incremental_pipeline.cc:629] Registering image with structure-less fallback
I20261002 19:59:42.490554 24480 incremental_pipeline.cc:631] => Image sees 168 / 787 correspondences
I20261002 19:59:42.490622 24480 incremental_pipeline.cc:646] => Could not register, trying another image.
I20261002 19:59:42.490679 24480 incremental_pipeline.cc:620] Registering image #98 (num_reg_frames=9)
I20261002 19:59:42.490736 24480 incremental_pipeline.cc:623] => Image sees 30 / 141 points
I20261002 19:59:42.490797 24480 incremental_pipeline.cc:629] Registering image with structure-less fallback
I20261002 19:59:42.490854 24480 incremental_pipeline.cc:631] => Image sees 152 / 676 correspondences
I20261002 19:59:42.490920 24480 incremental_pipeline.cc:646] => Could not register, trying another image.
I20261002 19:59:42.490977 24480 incremental_pipeline.cc:88] Retriangulation and Global bundle adjustment
I20261002 19:59:42.493815 24480 incremental_pipeline.cc:620] Registering image #110 (num_reg_frames=9)
I20261002 19:59:42.493929 24480 incremental_pipeline.cc:623] => Image sees 93 / 251 points
I20261002 19:59:42.494020 24480 incremental_pipeline.cc:646] => Could not register, trying another image.
I20261002 19:59:42.494085 24480 incremental_pipeline.cc:620] Registering image #117 (num_reg_frames=9)
I20261002 19:59:42.494146 24480 incremental_pipeline.cc:623] => Image sees 83 / 233 points
I20261002 19:59:42.494233 24480 incremental_pipeline.cc:646] => Could not register, trying another image.
I20261002 19:59:42.494292 24480 incremental_pipeline.cc:620] Registering image #116 (num_reg_frames=9)
I20261002 19:59:42.494351 24480 incremental_pipeline.cc:623] => Image sees 57 / 205 points
I20261002 19:59:42.494422 24480 incremental_pipeline.cc:646] => Could not register, trying another image.
I20261002 19:59:42.494481 24480 incremental_pipeline.cc:620] Registering image #101 (num_reg_frames=9)
I20261002 19:59:42.494543 24480 incremental_pipeline.cc:623] => Image sees 47 / 145 points
I20261002 19:59:42.494612 24480 incremental_pipeline.cc:646] => Could not register, trying another image.
I20261002 19:59:42.494687 24480 incremental_pipeline.cc:620] Registering image #109 (num_reg_frames=9)
I20261002 19:59:42.494808 24480 incremental_pipeline.cc:623] => Image sees 41 / 190 points
I20261002 19:59:42.494931 24480 incremental_pipeline.cc:646] => Could not register, trying another image.
I20261002 19:59:42.495003 24480 incremental_pipeline.cc:620] Registering image #99 (num_reg_frames=9)
I20261002 19:59:42.495058 24480 incremental_pipeline.cc:623] => Image sees 35 / 144 points
I20261002 19:59:42.495171 24480 incremental_pipeline.cc:646] => Could not register, trying another image.
I20261002 19:59:42.495252 24480 incremental_pipeline.cc:620] Registering image #98 (num_reg_frames=9)
I20261002 19:59:42.495400 24480 incremental_pipeline.cc:623] => Image sees 30 / 141 points
I20261002 19:59:42.495477 24480 incremental_pipeline.cc:646] => Could not register, trying another image.
I20261002 19:59:42.495602 24480 incremental_pipeline.cc:620] Registering image #117 (num_reg_frames=9)
I20261002 19:59:42.495688 24480 incremental_pipeline.cc:623] => Image sees 83 / 233 points
I20261002 19:59:42.495750 24480 incremental_pipeline.cc:629] Registering image with structure-less fallback
I20261002 19:59:42.495809 24480 incremental_pipeline.cc:631] => Image sees 810 / 2218 correspondences
I20261002 19:59:42.495888 24480 incremental_pipeline.cc:646] => Could not register, trying another image.
I20261002 19:59:42.495943 24480 incremental_pipeline.cc:620] Registering image #110 (num_reg_frames=9)
I20261002 19:59:42.496045 24480 incremental_pipeline.cc:623] => Image sees 93 / 251 points
I20261002 19:59:42.496123 24480 incremental_pipeline.cc:629] Registering image with structure-less fallback
I20261002 19:59:42.496182 24480 incremental_pipeline.cc:631] => Image sees 646 / 1147 correspondences
I20261002 19:59:42.496254 24480 incremental_pipeline.cc:646] => Could not register, trying another image.
I20261002 19:59:42.496308 24480 incremental_pipeline.cc:620] Registering image #101 (num_reg_frames=9)
I20261002 19:59:42.496365 24480 incremental_pipeline.cc:623] => Image sees 47 / 145 points
I20261002 19:59:42.496420 24480 incremental_pipeline.cc:629] Registering image with structure-less fallback
I20261002 19:59:42.496478 24480 incremental_pipeline.cc:631] => Image sees 301 / 709 correspondences
I20261002 19:59:42.496542 24480 incremental_pipeline.cc:646] => Could not register, trying another image.
I20261002 19:59:42.496596 24480 incremental_pipeline.cc:620] Registering image #116 (num_reg_frames=9)
I20261002 19:59:42.496650 24480 incremental_pipeline.cc:623] => Image sees 57 / 205 points
I20261002 19:59:42.496704 24480 incremental_pipeline.cc:629] Registering image with structure-less fallback
I20261002 19:59:42.496758 24480 incremental_pipeline.cc:631] => Image sees 206 / 939 correspondences
I20261002 19:59:42.496824 24480 incremental_pipeline.cc:646] => Could not register, trying another image.
I20261002 19:59:42.496981 24480 incremental_pipeline.cc:620] Registering image #99 (num_reg_frames=9)
I20261002 19:59:42.497113 24480 incremental_pipeline.cc:623] => Image sees 35 / 144 points
I20261002 19:59:42.497186 24480 incremental_pipeline.cc:629] Registering image with structure-less fallback
I20261002 19:59:42.497255 24480 incremental_pipeline.cc:631] => Image sees 187 / 658 correspondences
I20261002 19:59:42.497339 24480 incremental_pipeline.cc:646] => Could not register, trying another image.
I20261002 19:59:42.497401 24480 incremental_pipeline.cc:620] Registering image #109 (num_reg_frames=9)
I20261002 19:59:42.497470 24480 incremental_pipeline.cc:623] => Image sees 41 / 190 points
I20261002 19:59:42.497530 24480 incremental_pipeline.cc:629] Registering image with structure-less fallback
I20261002 19:59:42.497601 24480 incremental_pipeline.cc:631] => Image sees 168 / 787 correspondences
I20261002 19:59:42.497685 24480 incremental_pipeline.cc:646] => Could not register, trying another image.
I20261002 19:59:42.497750 24480 incremental_pipeline.cc:620] Registering image #98 (num_reg_frames=9)
I20261002 19:59:42.497851 24480 incremental_pipeline.cc:623] => Image sees 30 / 141 points
I20261002 19:59:42.497926 24480 incremental_pipeline.cc:629] Registering image with structure-less fallback
I20261002 19:59:42.497985 24480 incremental_pipeline.cc:631] => Image sees 152 / 676 correspondences
I20261002 19:59:42.498050 24480 incremental_pipeline.cc:646] => Could not register, trying another image.
W20261002 19:59:42.498106 24480 incremental_pipeline.cc:821] Discarding reconstruction due to insufficient size
I20261002 19:59:42.500243 24480 incremental_pipeline.cc:465] Finding good initial image pair
I20261002 19:59:42.507361 24480 incremental_pipeline.cc:492] Registering initial image pair #30 and #57
I20261002 19:59:42.508069 24480 incremental_pipeline.cc:510] Global bundle adjustment
I20261002 19:59:42.514702 24480 incremental_pipeline.cc:620] Registering image #32 (num_reg_frames=2)
I20261002 19:59:42.514819 24480 incremental_pipeline.cc:623] => Image sees 55 / 102 points
I20261002 19:59:42.516002 24480 incremental_pipeline.cc:88] Retriangulation and Global bundle adjustment
I20261002 19:59:42.518739 24480 incremental_pipeline.cc:620] Registering image #71 (num_reg_frames=3)
I20261002 19:59:42.518851 24480 incremental_pipeline.cc:623] => Image sees 55 / 108 points
I20261002 19:59:42.522677 24480 incremental_pipeline.cc:620] Registering image #56 (num_reg_frames=4)
I20261002 19:59:42.522791 24480 incremental_pipeline.cc:623] => Image sees 67 / 114 points
I20261002 19:59:42.525797 24480 incremental_pipeline.cc:88] Retriangulation and Global bundle adjustment
I20261002 19:59:42.541558 24480 incremental_pipeline.cc:620] Registering image #53 (num_reg_frames=5)
I20261002 19:59:42.541674 24480 incremental_pipeline.cc:623] => Image sees 67 / 111 points
I20261002 19:59:42.547870 24480 incremental_pipeline.cc:620] Registering image #70 (num_reg_frames=6)
I20261002 19:59:42.547988 24480 incremental_pipeline.cc:623] => Image sees 69 / 114 points
I20261002 19:59:42.551257 24480 incremental_pipeline.cc:88] Retriangulation and Global bundle adjustment
W20261002 19:59:42.581507 24480 bundle_adjustment_ceres.cc:391] Failed to fix Gauge with two cameras. Falling back to fixing Gauge with three points.
W20261002 19:59:42.581658 24480 bundle_adjustment_ceres.cc:298] Failed to fix Gauge due to insufficient number of fixed points: 0
I20261002 19:59:42.582865 24480 incremental_pipeline.cc:88] Retriangulation and Global bundle adjustment
W20261002 19:59:42.585436 24480 bundle_adjustment_ceres.cc:391] Failed to fix Gauge with two cameras. Falling back to fixing Gauge with three points.
W20261002 19:59:42.585537 24480 bundle_adjustment_ceres.cc:298] Failed to fix Gauge due to insufficient number of fixed points: 0
W20261002 19:59:42.585622 24480 incremental_pipeline.cc:821] Discarding reconstruction due to insufficient size
I20261002 19:59:42.586428 24480 incremental_pipeline.cc:465] Finding good initial image pair
I20261002 19:59:42.593423 24480 incremental_pipeline.cc:492] Registering initial image pair #79 and #85
I20261002 19:59:42.594031 24480 incremental_pipeline.cc:510] Global bundle adjustment
I20261002 19:59:42.600386 24480 incremental_pipeline.cc:620] Registering image #84 (num_reg_frames=2)
I20261002 19:59:42.600505 24480 incremental_pipeline.cc:623] => Image sees 56 / 113 points
I20261002 19:59:42.603632 24480 incremental_pipeline.cc:88] Retriangulation and Global bundle adjustment
I20261002 19:59:42.608897 24480 incremental_pipeline.cc:620] Registering image #80 (num_reg_frames=3)
I20261002 19:59:42.609042 24480 incremental_pipeline.cc:623] => Image sees 67 / 115 points
I20261002 19:59:42.620365 24480 incremental_pipeline.cc:620] Registering image #83 (num_reg_frames=4)
I20261002 19:59:42.620486 24480 incremental_pipeline.cc:623] => Image sees 76 / 115 points
I20261002 19:59:42.636985 24480 incremental_pipeline.cc:88] Retriangulation and Global bundle adjustment
I20261002 19:59:42.657859 24480 incremental_pipeline.cc:620] Registering image #86 (num_reg_frames=5)
I20261002 19:59:42.657986 24480 incremental_pipeline.cc:623] => Image sees 82 / 125 points
I20261002 19:59:42.673996 24480 incremental_pipeline.cc:620] Registering image #88 (num_reg_frames=6)
I20261002 19:59:42.674113 24480 incremental_pipeline.cc:623] => Image sees 83 / 130 points
I20261002 19:59:42.678649 24480 incremental_pipeline.cc:88] Retriangulation and Global bundle adjustment
I20261002 19:59:42.819160 24480 incremental_pipeline.cc:88] Retriangulation and Global bundle adjustment
W20261002 19:59:42.830016 24480 incremental_pipeline.cc:821] Discarding reconstruction due to insufficient size
I20261002 19:59:42.830794 24480 incremental_pipeline.cc:465] Finding good initial image pair
I20261002 19:59:42.839841 24480 incremental_pipeline.cc:492] Registering initial image pair #79 and #89
I20261002 19:59:42.840424 24480 incremental_pipeline.cc:510] Global bundle adjustment
I20261002 19:59:42.846502 24480 incremental_pipeline.cc:620] Registering image #88 (num_reg_frames=2)
I20261002 19:59:42.846623 24480 incremental_pipeline.cc:623] => Image sees 51 / 130 points
I20261002 19:59:42.849625 24480 incremental_pipeline.cc:88] Retriangulation and Global bundle adjustment
I20261002 19:59:42.862984 24480 incremental_pipeline.cc:620] Registering image #82 (num_reg_frames=3)
I20261002 19:59:42.863161 24480 incremental_pipeline.cc:623] => Image sees 60 / 127 points
I20261002 19:59:42.867046 24480 incremental_pipeline.cc:620] Registering image #86 (num_reg_frames=4)
I20261002 19:59:42.867173 24480 incremental_pipeline.cc:623] => Image sees 65 / 125 points
I20261002 19:59:42.871650 24480 incremental_pipeline.cc:88] Retriangulation and Global bundle adjustment
I20261002 19:59:42.887675 24480 incremental_pipeline.cc:620] Registering image #80 (num_reg_frames=5)
I20261002 19:59:42.887787 24480 incremental_pipeline.cc:623] => Image sees 69 / 115 points
I20261002 19:59:42.896179 24480 incremental_pipeline.cc:620] Registering image #84 (num_reg_frames=6)
I20261002 19:59:42.896301 24480 incremental_pipeline.cc:623] => Image sees 76 / 113 points
I20261002 19:59:42.901105 24480 incremental_pipeline.cc:88] Retriangulation and Global bundle adjustment
I20261002 19:59:43.005040 24480 incremental_pipeline.cc:620] Registering image #83 (num_reg_frames=7)
I20261002 19:59:43.005241 24480 incremental_pipeline.cc:623] => Image sees 74 / 115 points
I20261002 19:59:43.005406 24480 incremental_pipeline.cc:646] => Could not register, trying another image.
I20261002 19:59:43.005503 24480 incremental_pipeline.cc:620] Registering image #85 (num_reg_frames=7)
I20261002 19:59:43.005604 24480 incremental_pipeline.cc:623] => Image sees 74 / 113 points
I20261002 19:59:43.005772 24480 incremental_pipeline.cc:646] => Could not register, trying another image.
I20261002 19:59:43.005902 24480 incremental_pipeline.cc:620] Registering image #81 (num_reg_frames=7)
I20261002 19:59:43.006081 24480 incremental_pipeline.cc:623] => Image sees 68 / 116 points
I20261002 19:59:43.006188 24480 incremental_pipeline.cc:646] => Could not register, trying another image.
I20261002 19:59:43.006325 24480 incremental_pipeline.cc:620] Registering image #78 (num_reg_frames=7)
I20261002 19:59:43.006409 24480 incremental_pipeline.cc:623] => Image sees 68 / 132 points
I20261002 19:59:43.006558 24480 incremental_pipeline.cc:646] => Could not register, trying another image.
I20261002 19:59:43.006805 24480 incremental_pipeline.cc:620] Registering image #77 (num_reg_frames=7)
I20261002 19:59:43.006975 24480 incremental_pipeline.cc:623] => Image sees 55 / 125 points
I20261002 19:59:43.007145 24480 incremental_pipeline.cc:646] => Could not register, trying another image.
I20261002 19:59:43.007256 24480 incremental_pipeline.cc:620] Registering image #90 (num_reg_frames=7)
I20261002 19:59:43.007372 24480 incremental_pipeline.cc:623] => Image sees 55 / 128 points
I20261002 19:59:43.007494 24480 incremental_pipeline.cc:646] => Could not register, trying another image.
I20261002 19:59:43.007588 24480 incremental_pipeline.cc:620] Registering image #76 (num_reg_frames=7)
I20261002 19:59:43.007664 24480 incremental_pipeline.cc:623] => Image sees 54 / 110 points
I20261002 19:59:43.007768 24480 incremental_pipeline.cc:646] => Could not register, trying another image.
I20261002 19:59:43.007875 24480 incremental_pipeline.cc:620] Registering image #53 (num_reg_frames=7)
I20261002 19:59:43.007959 24480 incremental_pipeline.cc:623] => Image sees 53 / 111 points
I20261002 19:59:43.008068 24480 incremental_pipeline.cc:646] => Could not register, trying another image.
I20261002 19:59:43.008147 24480 incremental_pipeline.cc:620] Registering image #87 (num_reg_frames=7)
I20261002 19:59:43.008226 24480 incremental_pipeline.cc:623] => Image sees 47 / 117 points
I20261002 19:59:43.008343 24480 incremental_pipeline.cc:646] => Could not register, trying another image.
I20261002 19:59:43.008428 24480 incremental_pipeline.cc:620] Registering image #50 (num_reg_frames=7)
I20261002 19:59:43.008497 24480 incremental_pipeline.cc:623] => Image sees 49 / 113 points
I20261002 19:59:43.008637 24480 incremental_pipeline.cc:646] => Could not register, trying another image.
I20261002 19:59:43.008718 24480 incremental_pipeline.cc:620] Registering image #52 (num_reg_frames=7)
I20261002 19:59:43.008796 24480 incremental_pipeline.cc:623] => Image sees 47 / 103 points
I20261002 19:59:43.008901 24480 incremental_pipeline.cc:646] => Could not register, trying another image.
I20261002 19:59:43.009024 24480 incremental_pipeline.cc:620] Registering image #91 (num_reg_frames=7)
I20261002 19:59:43.009112 24480 incremental_pipeline.cc:623] => Image sees 51 / 107 points
I20261002 19:59:43.009282 24480 incremental_pipeline.cc:646] => Could not register, trying another image.
I20261002 19:59:43.009397 24480 incremental_pipeline.cc:620] Registering image #37 (num_reg_frames=7)
I20261002 19:59:43.009518 24480 incremental_pipeline.cc:623] => Image sees 43 / 95 points
I20261002 19:59:43.009700 24480 incremental_pipeline.cc:646] => Could not register, trying another image.
I20261002 19:59:43.009800 24480 incremental_pipeline.cc:620] Registering image #74 (num_reg_frames=7)
I20261002 19:59:43.009897 24480 incremental_pipeline.cc:623] => Image sees 48 / 121 points
I20261002 19:59:43.009974 24480 incremental_pipeline.cc:646] => Could not register, trying another image.
I20261002 19:59:43.010083 24480 incremental_pipeline.cc:620] Registering image #38 (num_reg_frames=7)
I20261002 19:59:43.010180 24480 incremental_pipeline.cc:623] => Image sees 43 / 103 points
I20261002 19:59:43.010266 24480 incremental_pipeline.cc:646] => Could not register, trying another image.
I20261002 19:59:43.010349 24480 incremental_pipeline.cc:620] Registering image #57 (num_reg_frames=7)
I20261002 19:59:43.010422 24480 incremental_pipeline.cc:623] => Image sees 44 / 107 points
I20261002 19:59:43.010506 24480 incremental_pipeline.cc:646] => Could not register, trying another image.
I20261002 19:59:43.010601 24480 incremental_pipeline.cc:620] Registering image #55 (num_reg_frames=7)
I20261002 19:59:43.010680 24480 incremental_pipeline.cc:623] => Image sees 45 / 99 points
I20261002 19:59:43.010764 24480 incremental_pipeline.cc:646] => Could not register, trying another image.
I20261002 19:59:43.010835 24480 incremental_pipeline.cc:620] Registering image #72 (num_reg_frames=7)
I20261002 19:59:43.010930 24480 incremental_pipeline.cc:623] => Image sees 46 / 105 points
I20261002 19:59:43.011035 24480 incremental_pipeline.cc:646] => Could not register, trying another image.
I20261002 19:59:43.011153 24480 incremental_pipeline.cc:620] Registering image #71 (num_reg_frames=7)
I20261002 19:59:43.011247 24480 incremental_pipeline.cc:623] => Image sees 44 / 108 points
I20261002 19:59:43.011362 24480 incremental_pipeline.cc:646] => Could not register, trying another image.
I20261002 19:59:43.011439 24480 incremental_pipeline.cc:620] Registering image #49 (num_reg_frames=7)
I20261002 19:59:43.011523 24480 incremental_pipeline.cc:623] => Image sees 46 / 98 points
I20261002 19:59:43.011600 24480 incremental_pipeline.cc:646] => Could not register, trying another image.
I20261002 19:59:43.011684 24480 incremental_pipeline.cc:620] Registering image #63 (num_reg_frames=7)
I20261002 19:59:43.011773 24480 incremental_pipeline.cc:623] => Image sees 45 / 107 points
I20261002 19:59:43.011886 24480 incremental_pipeline.cc:646] => Could not register, trying another image.
I20261002 19:59:43.011976 24480 incremental_pipeline.cc:620] Registering image #41 (num_reg_frames=7)
I20261002 19:59:43.012050 24480 incremental_pipeline.cc:623] => Image sees 42 / 120 points
I20261002 19:59:43.012130 24480 incremental_pipeline.cc:646] => Could not register, trying another image.
I20261002 19:59:43.012202 24480 incremental_pipeline.cc:620] Registering image #59 (num_reg_frames=7)
I20261002 19:59:43.012272 24480 incremental_pipeline.cc:623] => Image sees 45 / 113 points
I20261002 19:59:43.012441 24480 incremental_pipeline.cc:646] => Could not register, trying another image.
I20261002 19:59:43.012522 24480 incremental_pipeline.cc:620] Registering image #70 (num_reg_frames=7)
I20261002 19:59:43.012585 24480 incremental_pipeline.cc:623] => Image sees 46 / 114 points
I20261002 19:59:43.012654 24480 incremental_pipeline.cc:646] => Could not register, trying another image.
I20261002 19:59:43.012713 24480 incremental_pipeline.cc:620] Registering image #75 (num_reg_frames=7)
I20261002 19:59:43.012772 24480 incremental_pipeline.cc:623] => Image sees 43 / 104 points
I20261002 19:59:43.012839 24480 incremental_pipeline.cc:646] => Could not register, trying another image.
I20261002 19:59:43.012898 24480 incremental_pipeline.cc:620] Registering image #58 (num_reg_frames=7)
I20261002 19:59:43.012958 24480 incremental_pipeline.cc:623] => Image sees 41 / 101 points
I20261002 19:59:43.013024 24480 incremental_pipeline.cc:646] => Could not register, trying another image.
I20261002 19:59:43.013083 24480 incremental_pipeline.cc:620] Registering image #73 (num_reg_frames=7)
I20261002 19:59:43.013142 24480 incremental_pipeline.cc:623] => Image sees 43 / 113 points
I20261002 19:59:43.013209 24480 incremental_pipeline.cc:646] => Could not register, trying another image.
I20261002 19:59:43.013279 24480 incremental_pipeline.cc:620] Registering image #69 (num_reg_frames=7)
I20261002 19:59:43.013337 24480 incremental_pipeline.cc:623] => Image sees 44 / 102 points
I20261002 19:59:43.013404 24480 incremental_pipeline.cc:646] => Could not register, trying another image.
I20261002 19:59:43.013464 24480 incremental_pipeline.cc:620] Registering image #25 (num_reg_frames=7)
I20261002 19:59:43.013523 24480 incremental_pipeline.cc:623] => Image sees 35 / 133 points
I20261002 19:59:43.013590 24480 incremental_pipeline.cc:646] => Could not register, trying another image.
I20261002 19:59:43.013652 24480 incremental_pipeline.cc:620] Registering image #35 (num_reg_frames=7)
I20261002 19:59:43.013711 24480 incremental_pipeline.cc:623] => Image sees 39 / 95 points
I20261002 19:59:43.013777 24480 incremental_pipeline.cc:646] => Could not register, trying another image.
I20261002 19:59:43.013835 24480 incremental_pipeline.cc:620] Registering image #61 (num_reg_frames=7)
I20261002 19:59:43.013895 24480 incremental_pipeline.cc:623] => Image sees 40 / 104 points
I20261002 19:59:43.013962 24480 incremental_pipeline.cc:646] => Could not register, trying another image.
I20261002 19:59:43.014032 24480 incremental_pipeline.cc:620] Registering image #85 (num_reg_frames=7)
I20261002 19:59:43.014091 24480 incremental_pipeline.cc:623] => Image sees 74 / 113 points
I20261002 19:59:43.014150 24480 incremental_pipeline.cc:629] Registering image with structure-less fallback
I20261002 19:59:43.014208 24480 incremental_pipeline.cc:631] => Image sees 363 / 652 correspondences
I20261002 19:59:43.014278 24480 incremental_pipeline.cc:646] => Could not register, trying another image.
I20261002 19:59:43.014335 24480 incremental_pipeline.cc:620] Registering image #90 (num_reg_frames=7)
I20261002 19:59:43.014412 24480 incremental_pipeline.cc:623] => Image sees 55 / 128 points
I20261002 19:59:43.014475 24480 incremental_pipeline.cc:629] Registering image with structure-less fallback
I20261002 19:59:43.014533 24480 incremental_pipeline.cc:631] => Image sees 333 / 2180 correspondences
I20261002 19:59:43.014613 24480 incremental_pipeline.cc:646] => Could not register, trying another image.
I20261002 19:59:43.014682 24480 incremental_pipeline.cc:620] Registering image #83 (num_reg_frames=7)
I20261002 19:59:43.014741 24480 incremental_pipeline.cc:623] => Image sees 74 / 115 points
I20261002 19:59:43.014800 24480 incremental_pipeline.cc:629] Registering image with structure-less fallback
I20261002 19:59:43.014859 24480 incremental_pipeline.cc:631] => Image sees 284 / 698 correspondences
I20261002 19:59:43.014927 24480 incremental_pipeline.cc:646] => Could not register, trying another image.
I20261002 19:59:43.014986 24480 incremental_pipeline.cc:620] Registering image #81 (num_reg_frames=7)
I20261002 19:59:43.015044 24480 incremental_pipeline.cc:623] => Image sees 68 / 116 points
I20261002 19:59:43.015103 24480 incremental_pipeline.cc:629] Registering image with structure-less fallback
I20261002 19:59:43.015161 24480 incremental_pipeline.cc:631] => Image sees 258 / 736 correspondences
I20261002 19:59:43.015229 24480 incremental_pipeline.cc:646] => Could not register, trying another image.
I20261002 19:59:43.015287 24480 incremental_pipeline.cc:620] Registering image #78 (num_reg_frames=7)
I20261002 19:59:43.015348 24480 incremental_pipeline.cc:623] => Image sees 68 / 132 points
I20261002 19:59:43.015406 24480 incremental_pipeline.cc:629] Registering image with structure-less fallback
I20261002 19:59:43.015465 24480 incremental_pipeline.cc:631] => Image sees 220 / 874 correspondences
I20261002 19:59:43.015557 24480 incremental_pipeline.cc:646] => Could not register, trying another image.
I20261002 19:59:43.015616 24480 incremental_pipeline.cc:620] Registering image #53 (num_reg_frames=7)
I20261002 19:59:43.015675 24480 incremental_pipeline.cc:623] => Image sees 53 / 111 points
I20261002 19:59:43.015732 24480 incremental_pipeline.cc:629] Registering image with structure-less fallback
I20261002 19:59:43.015791 24480 incremental_pipeline.cc:631] => Image sees 203 / 3456 correspondences
I20261002 19:59:43.015867 24480 incremental_pipeline.cc:646] => Could not register, trying another image.
I20261002 19:59:43.015926 24480 incremental_pipeline.cc:620] Registering image #91 (num_reg_frames=7)
I20261002 19:59:43.015984 24480 incremental_pipeline.cc:623] => Image sees 51 / 107 points
I20261002 19:59:43.016043 24480 incremental_pipeline.cc:629] Registering image with structure-less fallback
I20261002 19:59:43.016110 24480 incremental_pipeline.cc:631] => Image sees 179 / 573 correspondences
I20261002 19:59:43.016179 24480 incremental_pipeline.cc:646] => Could not register, trying another image.
I20261002 19:59:43.016236 24480 incremental_pipeline.cc:620] Registering image #87 (num_reg_frames=7)
I20261002 19:59:43.016296 24480 incremental_pipeline.cc:623] => Image sees 47 / 117 points
I20261002 19:59:43.016354 24480 incremental_pipeline.cc:629] Registering image with structure-less fallback
I20261002 19:59:43.016413 24480 incremental_pipeline.cc:631] => Image sees 148 / 587 correspondences
I20261002 19:59:43.016597 24480 incremental_pipeline.cc:646] => Could not register, trying another image.
I20261002 19:59:43.016867 24480 incremental_pipeline.cc:620] Registering image #71 (num_reg_frames=7)
I20261002 19:59:43.016950 24480 incremental_pipeline.cc:623] => Image sees 44 / 108 points
I20261002 19:59:43.017095 24480 incremental_pipeline.cc:629] Registering image with structure-less fallback
I20261002 19:59:43.017182 24480 incremental_pipeline.cc:631] => Image sees 131 / 3427 correspondences
I20261002 19:59:43.017261 24480 incremental_pipeline.cc:646] => Could not register, trying another image.
I20261002 19:59:43.017320 24480 incremental_pipeline.cc:620] Registering image #75 (num_reg_frames=7)
I20261002 19:59:43.017384 24480 incremental_pipeline.cc:623] => Image sees 43 / 104 points
I20261002 19:59:43.017442 24480 incremental_pipeline.cc:629] Registering image with structure-less fallback
I20261002 19:59:43.017517 24480 incremental_pipeline.cc:631] => Image sees 125 / 821 correspondences
I20261002 19:59:43.017583 24480 incremental_pipeline.cc:646] => Could not register, trying another image.
I20261002 19:59:43.017652 24480 incremental_pipeline.cc:620] Registering image #76 (num_reg_frames=7)
I20261002 19:59:43.017711 24480 incremental_pipeline.cc:623] => Image sees 54 / 110 points
I20261002 19:59:43.017770 24480 incremental_pipeline.cc:629] Registering image with structure-less fallback
I20261002 19:59:43.017832 24480 incremental_pipeline.cc:631] => Image sees 105 / 775 correspondences
I20261002 19:59:43.017975 24480 incremental_pipeline.cc:646] => Could not register, trying another image.
I20261002 19:59:43.018059 24480 incremental_pipeline.cc:620] Registering image #77 (num_reg_frames=7)
I20261002 19:59:43.018124 24480 incremental_pipeline.cc:623] => Image sees 55 / 125 points
I20261002 19:59:43.018184 24480 incremental_pipeline.cc:629] Registering image with structure-less fallback
I20261002 19:59:43.018242 24480 incremental_pipeline.cc:631] => Image sees 96 / 956 correspondences
I20261002 19:59:43.018310 24480 incremental_pipeline.cc:646] => Could not register, trying another image.
I20261002 19:59:43.018376 24480 incremental_pipeline.cc:620] Registering image #49 (num_reg_frames=7)
I20261002 19:59:43.018435 24480 incremental_pipeline.cc:623] => Image sees 46 / 98 points
I20261002 19:59:43.018493 24480 incremental_pipeline.cc:629] Registering image with structure-less fallback
I20261002 19:59:43.018552 24480 incremental_pipeline.cc:631] => Image sees 94 / 922 correspondences
I20261002 19:59:43.018630 24480 incremental_pipeline.cc:646] => Could not register, trying another image.
I20261002 19:59:43.018725 24480 incremental_pipeline.cc:620] Registering image #50 (num_reg_frames=7)
I20261002 19:59:43.018800 24480 incremental_pipeline.cc:623] => Image sees 49 / 113 points
I20261002 19:59:43.018870 24480 incremental_pipeline.cc:629] Registering image with structure-less fallback
I20261002 19:59:43.018942 24480 incremental_pipeline.cc:631] => Image sees 92 / 1218 correspondences
I20261002 19:59:43.019020 24480 incremental_pipeline.cc:646] => Could not register, trying another image.
I20261002 19:59:43.019089 24480 incremental_pipeline.cc:620] Registering image #92 (num_reg_frames=7)
I20261002 19:59:43.019157 24480 incremental_pipeline.cc:623] => Image sees 37 / 129 points
I20261002 19:59:43.019227 24480 incremental_pipeline.cc:629] Registering image with structure-less fallback
I20261002 19:59:43.019295 24480 incremental_pipeline.cc:631] => Image sees 89 / 650 correspondences
I20261002 19:59:43.019372 24480 incremental_pipeline.cc:646] => Could not register, trying another image.
I20261002 19:59:43.019441 24480 incremental_pipeline.cc:620] Registering image #69 (num_reg_frames=7)
I20261002 19:59:43.019511 24480 incremental_pipeline.cc:623] => Image sees 44 / 102 points
I20261002 19:59:43.019580 24480 incremental_pipeline.cc:629] Registering image with structure-less fallback
I20261002 19:59:43.019654 24480 incremental_pipeline.cc:631] => Image sees 88 / 1076 correspondences
I20261002 19:59:43.019730 24480 incremental_pipeline.cc:646] => Could not register, trying another image.
I20261002 19:59:43.019799 24480 incremental_pipeline.cc:620] Registering image #72 (num_reg_frames=7)
I20261002 19:59:43.019897 24480 incremental_pipeline.cc:623] => Image sees 46 / 105 points
I20261002 19:59:43.019970 24480 incremental_pipeline.cc:629] Registering image with structure-less fallback
I20261002 19:59:43.020040 24480 incremental_pipeline.cc:631] => Image sees 86 / 1178 correspondences
I20261002 19:59:43.020119 24480 incremental_pipeline.cc:646] => Could not register, trying another image.
I20261002 19:59:43.020187 24480 incremental_pipeline.cc:620] Registering image #73 (num_reg_frames=7)
I20261002 19:59:43.020268 24480 incremental_pipeline.cc:623] => Image sees 43 / 113 points
I20261002 19:59:43.020338 24480 incremental_pipeline.cc:629] Registering image with structure-less fallback
I20261002 19:59:43.020407 24480 incremental_pipeline.cc:631] => Image sees 86 / 1151 correspondences
I20261002 19:59:43.020483 24480 incremental_pipeline.cc:646] => Could not register, trying another image.
I20261002 19:59:43.020569 24480 incremental_pipeline.cc:620] Registering image #52 (num_reg_frames=7)
I20261002 19:59:43.020638 24480 incremental_pipeline.cc:623] => Image sees 47 / 103 points
I20261002 19:59:43.020706 24480 incremental_pipeline.cc:629] Registering image with structure-less fallback
I20261002 19:59:43.020773 24480 incremental_pipeline.cc:631] => Image sees 84 / 1203 correspondences
I20261002 19:59:43.020849 24480 incremental_pipeline.cc:646] => Could not register, trying another image.
I20261002 19:59:43.020918 24480 incremental_pipeline.cc:620] Registering image #59 (num_reg_frames=7)
I20261002 19:59:43.020996 24480 incremental_pipeline.cc:623] => Image sees 45 / 113 points
I20261002 19:59:43.021067 24480 incremental_pipeline.cc:629] Registering image with structure-less fallback
I20261002 19:59:43.021140 24480 incremental_pipeline.cc:631] => Image sees 84 / 3460 correspondences
I20261002 19:59:43.021225 24480 incremental_pipeline.cc:646] => Could not register, trying another image.
I20261002 19:59:43.021296 24480 incremental_pipeline.cc:620] Registering image #57 (num_reg_frames=7)
I20261002 19:59:43.021366 24480 incremental_pipeline.cc:623] => Image sees 44 / 107 points
I20261002 19:59:43.021438 24480 incremental_pipeline.cc:629] Registering image with structure-less fallback
I20261002 19:59:43.021509 24480 incremental_pipeline.cc:631] => Image sees 83 / 1085 correspondences
I20261002 19:59:43.021587 24480 incremental_pipeline.cc:646] => Could not register, trying another image.
I20261002 19:59:43.021655 24480 incremental_pipeline.cc:620] Registering image #55 (num_reg_frames=7)
I20261002 19:59:43.021723 24480 incremental_pipeline.cc:623] => Image sees 45 / 99 points
I20261002 19:59:43.021795 24480 incremental_pipeline.cc:629] Registering image with structure-less fallback
I20261002 19:59:43.021864 24480 incremental_pipeline.cc:631] => Image sees 81 / 1166 correspondences
I20261002 19:59:43.021939 24480 incremental_pipeline.cc:646] => Could not register, trying another image.
I20261002 19:59:43.022008 24480 incremental_pipeline.cc:620] Registering image #96 (num_reg_frames=7)
I20261002 19:59:43.022075 24480 incremental_pipeline.cc:623] => Image sees 34 / 136 points
I20261002 19:59:43.022147 24480 incremental_pipeline.cc:629] Registering image with structure-less fallback
I20261002 19:59:43.022215 24480 incremental_pipeline.cc:631] => Image sees 76 / 703 correspondences
I20261002 19:59:43.022299 24480 incremental_pipeline.cc:646] => Could not register, trying another image.
I20261002 19:59:43.022368 24480 incremental_pipeline.cc:620] Registering image #25 (num_reg_frames=7)
I20261002 19:59:43.022436 24480 incremental_pipeline.cc:623] => Image sees 35 / 133 points
I20261002 19:59:43.022505 24480 incremental_pipeline.cc:629] Registering image with structure-less fallback
I20261002 19:59:43.022574 24480 incremental_pipeline.cc:631] => Image sees 69 / 631 correspondences
I20261002 19:59:43.022663 24480 incremental_pipeline.cc:646] => Could not register, trying another image.
I20261002 19:59:43.022754 24480 incremental_pipeline.cc:620] Registering image #63 (num_reg_frames=7)
I20261002 19:59:43.022827 24480 incremental_pipeline.cc:623] => Image sees 45 / 107 points
I20261002 19:59:43.022897 24480 incremental_pipeline.cc:629] Registering image with structure-less fallback
I20261002 19:59:43.022969 24480 incremental_pipeline.cc:631] => Image sees 57 / 968 correspondences
I20261002 19:59:43.023044 24480 incremental_pipeline.cc:646] => Could not register, trying another image.
I20261002 19:59:43.023113 24480 incremental_pipeline.cc:620] Registering image #74 (num_reg_frames=7)
I20261002 19:59:43.023189 24480 incremental_pipeline.cc:623] => Image sees 48 / 121 points
I20261002 19:59:43.023260 24480 incremental_pipeline.cc:629] Registering image with structure-less fallback
I20261002 19:59:43.023330 24480 incremental_pipeline.cc:631] => Image sees 50 / 1098 correspondences
I20261002 19:59:43.023408 24480 incremental_pipeline.cc:646] => Could not register, trying another image.
I20261002 19:59:43.023487 24480 incremental_pipeline.cc:620] Registering image #38 (num_reg_frames=7)
I20261002 19:59:43.023570 24480 incremental_pipeline.cc:623] => Image sees 43 / 103 points
I20261002 19:59:43.023646 24480 incremental_pipeline.cc:629] Registering image with structure-less fallback
I20261002 19:59:43.023713 24480 incremental_pipeline.cc:631] => Image sees 50 / 957 correspondences
I20261002 19:59:43.023784 24480 incremental_pipeline.cc:646] => Could not register, trying another image.
I20261002 19:59:43.023857 24480 incremental_pipeline.cc:620] Registering image #37 (num_reg_frames=7)
I20261002 19:59:43.023927 24480 incremental_pipeline.cc:623] => Image sees 43 / 95 points
I20261002 19:59:43.023997 24480 incremental_pipeline.cc:629] Registering image with structure-less fallback
I20261002 19:59:43.024065 24480 incremental_pipeline.cc:631] => Image sees 50 / 907 correspondences
I20261002 19:59:43.024135 24480 incremental_pipeline.cc:646] => Could not register, trying another image.
I20261002 19:59:43.024205 24480 incremental_pipeline.cc:620] Registering image #70 (num_reg_frames=7)
I20261002 19:59:43.024273 24480 incremental_pipeline.cc:623] => Image sees 46 / 114 points
I20261002 19:59:43.024345 24480 incremental_pipeline.cc:629] Registering image with structure-less fallback
I20261002 19:59:43.024415 24480 incremental_pipeline.cc:631] => Image sees 48 / 986 correspondences
I20261002 19:59:43.024483 24480 incremental_pipeline.cc:646] => Could not register, trying another image.
I20261002 19:59:43.024553 24480 incremental_pipeline.cc:620] Registering image #41 (num_reg_frames=7)
I20261002 19:59:43.024621 24480 incremental_pipeline.cc:623] => Image sees 42 / 120 points
I20261002 19:59:43.024692 24480 incremental_pipeline.cc:629] Registering image with structure-less fallback
I20261002 19:59:43.024760 24480 incremental_pipeline.cc:631] => Image sees 45 / 1080 correspondences
I20261002 19:59:43.024830 24480 incremental_pipeline.cc:646] => Could not register, trying another image.
I20261002 19:59:43.024907 24480 incremental_pipeline.cc:620] Registering image #58 (num_reg_frames=7)
I20261002 19:59:43.024975 24480 incremental_pipeline.cc:623] => Image sees 41 / 101 points
I20261002 19:59:43.025047 24480 incremental_pipeline.cc:629] Registering image with structure-less fallback
I20261002 19:59:43.025115 24480 incremental_pipeline.cc:631] => Image sees 44 / 979 correspondences
I20261002 19:59:43.025183 24480 incremental_pipeline.cc:646] => Could not register, trying another image.
I20261002 19:59:43.025254 24480 incremental_pipeline.cc:88] Retriangulation and Global bundle adjustment
I20261002 19:59:43.075913 24480 incremental_pipeline.cc:620] Registering image #51 (num_reg_frames=7)
I20261002 19:59:43.076089 24480 incremental_pipeline.cc:623] => Image sees 38 / 107 points
I20261002 19:59:43.076190 24480 incremental_pipeline.cc:646] => Could not register, trying another image.
I20261002 19:59:43.076255 24480 incremental_pipeline.cc:620] Registering image #66 (num_reg_frames=7)
I20261002 19:59:43.076315 24480 incremental_pipeline.cc:623] => Image sees 40 / 104 points
I20261002 19:59:43.076382 24480 incremental_pipeline.cc:646] => Could not register, trying another image.
I20261002 19:59:43.076440 24480 incremental_pipeline.cc:620] Registering image #65 (num_reg_frames=7)
I20261002 19:59:43.076497 24480 incremental_pipeline.cc:623] => Image sees 40 / 100 points
I20261002 19:59:43.076562 24480 incremental_pipeline.cc:646] => Could not register, trying another image.
I20261002 19:59:43.076618 24480 incremental_pipeline.cc:620] Registering image #44 (num_reg_frames=7)
I20261002 19:59:43.076677 24480 incremental_pipeline.cc:623] => Image sees 38 / 95 points
I20261002 19:59:43.076738 24480 incremental_pipeline.cc:646] => Could not register, trying another image.
I20261002 19:59:43.076795 24480 incremental_pipeline.cc:620] Registering image #47 (num_reg_frames=7)
I20261002 19:59:43.076849 24480 incremental_pipeline.cc:623] => Image sees 38 / 106 points
I20261002 19:59:43.076911 24480 incremental_pipeline.cc:646] => Could not register, trying another image.
I20261002 19:59:43.076980 24480 incremental_pipeline.cc:620] Registering image #64 (num_reg_frames=7)
I20261002 19:59:43.077034 24480 incremental_pipeline.cc:623] => Image sees 38 / 95 points
I20261002 19:59:43.077095 24480 incremental_pipeline.cc:646] => Could not register, trying another image.
I20261002 19:59:43.077149 24480 incremental_pipeline.cc:620] Registering image #28 (num_reg_frames=7)
I20261002 19:59:43.077209 24480 incremental_pipeline.cc:623] => Image sees 37 / 99 points
I20261002 19:59:43.077344 24480 incremental_pipeline.cc:646] => Could not register, trying another image.
I20261002 19:59:43.077416 24480 incremental_pipeline.cc:620] Registering image #48 (num_reg_frames=7)
I20261002 19:59:43.077481 24480 incremental_pipeline.cc:623] => Image sees 39 / 105 points
I20261002 19:59:43.077546 24480 incremental_pipeline.cc:646] => Could not register, trying another image.
I20261002 19:59:43.077627 24480 incremental_pipeline.cc:620] Registering image #67 (num_reg_frames=7)
I20261002 19:59:43.077694 24480 incremental_pipeline.cc:623] => Image sees 37 / 109 points
I20261002 19:59:43.077758 24480 incremental_pipeline.cc:646] => Could not register, trying another image.
I20261002 19:59:43.077813 24480 incremental_pipeline.cc:620] Registering image #43 (num_reg_frames=7)
I20261002 19:59:43.077867 24480 incremental_pipeline.cc:623] => Image sees 35 / 107 points
I20261002 19:59:43.077930 24480 incremental_pipeline.cc:646] => Could not register, trying another image.
I20261002 19:59:43.077987 24480 incremental_pipeline.cc:620] Registering image #92 (num_reg_frames=7)
I20261002 19:59:43.078041 24480 incremental_pipeline.cc:623] => Image sees 37 / 129 points
I20261002 19:59:43.078103 24480 incremental_pipeline.cc:646] => Could not register, trying another image.
I20261002 19:59:43.078157 24480 incremental_pipeline.cc:620] Registering image #54 (num_reg_frames=7)
I20261002 19:59:43.078210 24480 incremental_pipeline.cc:623] => Image sees 37 / 106 points
I20261002 19:59:43.078272 24480 incremental_pipeline.cc:646] => Could not register, trying another image.
I20261002 19:59:43.078325 24480 incremental_pipeline.cc:620] Registering image #30 (num_reg_frames=7)
I20261002 19:59:43.078379 24480 incremental_pipeline.cc:623] => Image sees 35 / 96 points
I20261002 19:59:43.078446 24480 incremental_pipeline.cc:646] => Could not register, trying another image.
I20261002 19:59:43.078501 24480 incremental_pipeline.cc:620] Registering image #32 (num_reg_frames=7)
I20261002 19:59:43.078554 24480 incremental_pipeline.cc:623] => Image sees 35 / 102 points
I20261002 19:59:43.078616 24480 incremental_pipeline.cc:646] => Could not register, trying another image.
I20261002 19:59:43.078670 24480 incremental_pipeline.cc:620] Registering image #26 (num_reg_frames=7)
I20261002 19:59:43.078723 24480 incremental_pipeline.cc:623] => Image sees 33 / 87 points
I20261002 19:59:43.078783 24480 incremental_pipeline.cc:646] => Could not register, trying another image.
I20261002 19:59:43.078836 24480 incremental_pipeline.cc:620] Registering image #96 (num_reg_frames=7)
I20261002 19:59:43.078890 24480 incremental_pipeline.cc:623] => Image sees 34 / 136 points
I20261002 19:59:43.078954 24480 incremental_pipeline.cc:646] => Could not register, trying another image.
I20261002 19:59:43.079016 24480 incremental_pipeline.cc:620] Registering image #42 (num_reg_frames=7)
I20261002 19:59:43.079074 24480 incremental_pipeline.cc:623] => Image sees 33 / 101 points
I20261002 19:59:43.079145 24480 incremental_pipeline.cc:646] => Could not register, trying another image.
I20261002 19:59:43.079205 24480 incremental_pipeline.cc:620] Registering image #93 (num_reg_frames=7)
I20261002 19:59:43.079260 24480 incremental_pipeline.cc:623] => Image sees 31 / 119 points
I20261002 19:59:43.079323 24480 incremental_pipeline.cc:646] => Could not register, trying another image.
I20261002 19:59:43.079379 24480 incremental_pipeline.cc:620] Registering image #83 (num_reg_frames=7)
I20261002 19:59:43.079433 24480 incremental_pipeline.cc:623] => Image sees 74 / 115 points
I20261002 19:59:43.079511 24480 incremental_pipeline.cc:646] => Could not register, trying another image.
I20261002 19:59:43.079567 24480 incremental_pipeline.cc:620] Registering image #85 (num_reg_frames=7)
I20261002 19:59:43.079622 24480 incremental_pipeline.cc:623] => Image sees 73 / 113 points
I20261002 19:59:43.079689 24480 incremental_pipeline.cc:646] => Could not register, trying another image.
I20261002 19:59:43.079744 24480 incremental_pipeline.cc:620] Registering image #81 (num_reg_frames=7)
I20261002 19:59:43.079799 24480 incremental_pipeline.cc:623] => Image sees 68 / 116 points
I20261002 19:59:43.079865 24480 incremental_pipeline.cc:646] => Could not register, trying another image.
I20261002 19:59:43.079919 24480 incremental_pipeline.cc:620] Registering image #78 (num_reg_frames=7)
I20261002 19:59:43.079974 24480 incremental_pipeline.cc:623] => Image sees 68 / 132 points
I20261002 19:59:43.080041 24480 incremental_pipeline.cc:646] => Could not register, trying another image.
I20261002 19:59:43.080098 24480 incremental_pipeline.cc:620] Registering image #77 (num_reg_frames=7)
I20261002 19:59:43.080187 24480 incremental_pipeline.cc:623] => Image sees 55 / 125 points
I20261002 19:59:43.080254 24480 incremental_pipeline.cc:646] => Could not register, trying another image.
I20261002 19:59:43.080309 24480 incremental_pipeline.cc:620] Registering image #76 (num_reg_frames=7)
I20261002 19:59:43.080382 24480 incremental_pipeline.cc:623] => Image sees 54 / 110 points
I20261002 19:59:43.080477 24480 incremental_pipeline.cc:646] => Could not register, trying another image.
I20261002 19:59:43.080539 24480 incremental_pipeline.cc:620] Registering image #90 (num_reg_frames=7)
I20261002 19:59:43.080596 24480 incremental_pipeline.cc:623] => Image sees 54 / 128 points
I20261002 19:59:43.080670 24480 incremental_pipeline.cc:646] => Could not register, trying another image.
I20261002 19:59:43.080726 24480 incremental_pipeline.cc:620] Registering image #53 (num_reg_frames=7)
I20261002 19:59:43.080781 24480 incremental_pipeline.cc:623] => Image sees 53 / 111 points
I20261002 19:59:43.080854 24480 incremental_pipeline.cc:646] => Could not register, trying another image.
I20261002 19:59:43.080910 24480 incremental_pipeline.cc:620] Registering image #87 (num_reg_frames=7)
I20261002 19:59:43.080966 24480 incremental_pipeline.cc:623] => Image sees 47 / 117 points
I20261002 19:59:43.081029 24480 incremental_pipeline.cc:646] => Could not register, trying another image.
I20261002 19:59:43.081084 24480 incremental_pipeline.cc:620] Registering image #50 (num_reg_frames=7)
I20261002 19:59:43.081142 24480 incremental_pipeline.cc:623] => Image sees 49 / 113 points
I20261002 19:59:43.081208 24480 incremental_pipeline.cc:646] => Could not register, trying another image.
I20261002 19:59:43.081267 24480 incremental_pipeline.cc:620] Registering image #52 (num_reg_frames=7)
I20261002 19:59:43.081334 24480 incremental_pipeline.cc:623] => Image sees 47 / 103 points
I20261002 19:59:43.081416 24480 incremental_pipeline.cc:646] => Could not register, trying another image.
I20261002 19:59:43.081479 24480 incremental_pipeline.cc:620] Registering image #91 (num_reg_frames=7)
I20261002 19:59:43.081537 24480 incremental_pipeline.cc:623] => Image sees 51 / 107 points
I20261002 19:59:43.081604 24480 incremental_pipeline.cc:646] => Could not register, trying another image.
I20261002 19:59:43.081659 24480 incremental_pipeline.cc:620] Registering image #37 (num_reg_frames=7)
I20261002 19:59:43.081718 24480 incremental_pipeline.cc:623] => Image sees 43 / 95 points
I20261002 19:59:43.081781 24480 incremental_pipeline.cc:646] => Could not register, trying another image.
I20261002 19:59:43.081844 24480 incremental_pipeline.cc:620] Registering image #66 (num_reg_frames=7)
I20261002 19:59:43.081901 24480 incremental_pipeline.cc:623] => Image sees 40 / 104 points
I20261002 19:59:43.081957 24480 incremental_pipeline.cc:629] Registering image with structure-less fallback
I20261002 19:59:43.082012 24480 incremental_pipeline.cc:631] => Image sees 43 / 1245 correspondences
I20261002 19:59:43.082077 24480 incremental_pipeline.cc:646] => Could not register, trying another image.
I20261002 19:59:43.082131 24480 incremental_pipeline.cc:620] Registering image #65 (num_reg_frames=7)
I20261002 19:59:43.082186 24480 incremental_pipeline.cc:623] => Image sees 40 / 100 points
I20261002 19:59:43.082241 24480 incremental_pipeline.cc:629] Registering image with structure-less fallback
I20261002 19:59:43.082295 24480 incremental_pipeline.cc:631] => Image sees 43 / 1063 correspondences
I20261002 19:59:43.082353 24480 incremental_pipeline.cc:646] => Could not register, trying another image.
I20261002 19:59:43.082407 24480 incremental_pipeline.cc:620] Registering image #61 (num_reg_frames=7)
I20261002 19:59:43.082463 24480 incremental_pipeline.cc:623] => Image sees 40 / 104 points
I20261002 19:59:43.082518 24480 incremental_pipeline.cc:629] Registering image with structure-less fallback
I20261002 19:59:43.082572 24480 incremental_pipeline.cc:631] => Image sees 43 / 1232 correspondences
I20261002 19:59:43.082627 24480 incremental_pipeline.cc:646] => Could not register, trying another image.
I20261002 19:59:43.082681 24480 incremental_pipeline.cc:620] Registering image #48 (num_reg_frames=7)
I20261002 19:59:43.082736 24480 incremental_pipeline.cc:623] => Image sees 39 / 105 points
I20261002 19:59:43.082790 24480 incremental_pipeline.cc:629] Registering image with structure-less fallback
I20261002 19:59:43.082845 24480 incremental_pipeline.cc:631] => Image sees 42 / 1038 correspondences
I20261002 19:59:43.082901 24480 incremental_pipeline.cc:646] => Could not register, trying another image.
I20261002 19:59:43.082955 24480 incremental_pipeline.cc:620] Registering image #35 (num_reg_frames=7)
I20261002 19:59:43.083010 24480 incremental_pipeline.cc:623] => Image sees 39 / 95 points
I20261002 19:59:43.083065 24480 incremental_pipeline.cc:629] Registering image with structure-less fallback
I20261002 19:59:43.083120 24480 incremental_pipeline.cc:631] => Image sees 41 / 978 correspondences
I20261002 19:59:43.083175 24480 incremental_pipeline.cc:646] => Could not register, trying another image.
I20261002 19:59:43.083228 24480 incremental_pipeline.cc:620] Registering image #64 (num_reg_frames=7)
I20261002 19:59:43.083315 24480 incremental_pipeline.cc:623] => Image sees 38 / 95 points
I20261002 19:59:43.083433 24480 incremental_pipeline.cc:629] Registering image with structure-less fallback
I20261002 19:59:43.083498 24480 incremental_pipeline.cc:631] => Image sees 41 / 1114 correspondences
I20261002 19:59:43.083556 24480 incremental_pipeline.cc:646] => Could not register, trying another image.
I20261002 19:59:43.083637 24480 incremental_pipeline.cc:620] Registering image #47 (num_reg_frames=7)
I20261002 19:59:43.083702 24480 incremental_pipeline.cc:623] => Image sees 38 / 106 points
I20261002 19:59:43.083759 24480 incremental_pipeline.cc:629] Registering image with structure-less fallback
I20261002 19:59:43.083815 24480 incremental_pipeline.cc:631] => Image sees 41 / 1053 correspondences
I20261002 19:59:43.083873 24480 incremental_pipeline.cc:646] => Could not register, trying another image.
I20261002 19:59:43.083929 24480 incremental_pipeline.cc:620] Registering image #51 (num_reg_frames=7)
I20261002 19:59:43.083986 24480 incremental_pipeline.cc:623] => Image sees 38 / 107 points
I20261002 19:59:43.084042 24480 incremental_pipeline.cc:629] Registering image with structure-less fallback
I20261002 19:59:43.084115 24480 incremental_pipeline.cc:631] => Image sees 41 / 1040 correspondences
I20261002 19:59:43.084205 24480 incremental_pipeline.cc:646] => Could not register, trying another image.
I20261002 19:59:43.084279 24480 incremental_pipeline.cc:620] Registering image #28 (num_reg_frames=7)
I20261002 19:59:43.084340 24480 incremental_pipeline.cc:623] => Image sees 37 / 99 points
I20261002 19:59:43.084400 24480 incremental_pipeline.cc:629] Registering image with structure-less fallback
I20261002 19:59:43.084456 24480 incremental_pipeline.cc:631] => Image sees 39 / 752 correspondences
I20261002 19:59:43.084514 24480 incremental_pipeline.cc:646] => Could not register, trying another image.
I20261002 19:59:43.084582 24480 incremental_pipeline.cc:620] Registering image #44 (num_reg_frames=7)
I20261002 19:59:43.084651 24480 incremental_pipeline.cc:623] => Image sees 38 / 95 points
I20261002 19:59:43.084724 24480 incremental_pipeline.cc:629] Registering image with structure-less fallback
I20261002 19:59:43.084786 24480 incremental_pipeline.cc:631] => Image sees 39 / 1045 correspondences
I20261002 19:59:43.084846 24480 incremental_pipeline.cc:646] => Could not register, trying another image.
I20261002 19:59:43.084902 24480 incremental_pipeline.cc:620] Registering image #67 (num_reg_frames=7)
I20261002 19:59:43.084959 24480 incremental_pipeline.cc:623] => Image sees 37 / 109 points
I20261002 19:59:43.085018 24480 incremental_pipeline.cc:629] Registering image with structure-less fallback
I20261002 19:59:43.085075 24480 incremental_pipeline.cc:631] => Image sees 39 / 1143 correspondences
I20261002 19:59:43.085136 24480 incremental_pipeline.cc:646] => Could not register, trying another image.
I20261002 19:59:43.085202 24480 incremental_pipeline.cc:620] Registering image #54 (num_reg_frames=7)
I20261002 19:59:43.085265 24480 incremental_pipeline.cc:623] => Image sees 37 / 106 points
I20261002 19:59:43.085326 24480 incremental_pipeline.cc:629] Registering image with structure-less fallback
I20261002 19:59:43.085383 24480 incremental_pipeline.cc:631] => Image sees 39 / 1128 correspondences
I20261002 19:59:43.085441 24480 incremental_pipeline.cc:646] => Could not register, trying another image.
I20261002 19:59:43.085495 24480 incremental_pipeline.cc:620] Registering image #32 (num_reg_frames=7)
I20261002 19:59:43.085550 24480 incremental_pipeline.cc:623] => Image sees 35 / 102 points
I20261002 19:59:43.085610 24480 incremental_pipeline.cc:629] Registering image with structure-less fallback
I20261002 19:59:43.085677 24480 incremental_pipeline.cc:631] => Image sees 38 / 893 correspondences
I20261002 19:59:43.085741 24480 incremental_pipeline.cc:646] => Could not register, trying another image.
I20261002 19:59:43.085799 24480 incremental_pipeline.cc:620] Registering image #30 (num_reg_frames=7)
I20261002 19:59:43.085856 24480 incremental_pipeline.cc:623] => Image sees 35 / 96 points
I20261002 19:59:43.085913 24480 incremental_pipeline.cc:629] Registering image with structure-less fallback
I20261002 19:59:43.085970 24480 incremental_pipeline.cc:631] => Image sees 37 / 2945 correspondences
I20261002 19:59:43.086027 24480 incremental_pipeline.cc:646] => Could not register, trying another image.
I20261002 19:59:43.086086 24480 incremental_pipeline.cc:620] Registering image #43 (num_reg_frames=7)
I20261002 19:59:43.086149 24480 incremental_pipeline.cc:623] => Image sees 35 / 107 points
I20261002 19:59:43.086211 24480 incremental_pipeline.cc:629] Registering image with structure-less fallback
I20261002 19:59:43.086271 24480 incremental_pipeline.cc:631] => Image sees 37 / 1003 correspondences
I20261002 19:59:43.086330 24480 incremental_pipeline.cc:646] => Could not register, trying another image.
I20261002 19:59:43.086386 24480 incremental_pipeline.cc:620] Registering image #93 (num_reg_frames=7)
I20261002 19:59:43.086442 24480 incremental_pipeline.cc:623] => Image sees 31 / 119 points
I20261002 19:59:43.086497 24480 incremental_pipeline.cc:629] Registering image with structure-less fallback
I20261002 19:59:43.086560 24480 incremental_pipeline.cc:631] => Image sees 36 / 700 correspondences
I20261002 19:59:43.086623 24480 incremental_pipeline.cc:646] => Could not register, trying another image.
I20261002 19:59:43.086686 24480 incremental_pipeline.cc:620] Registering image #26 (num_reg_frames=7)
I20261002 19:59:43.086794 24480 incremental_pipeline.cc:623] => Image sees 33 / 87 points
I20261002 19:59:43.086876 24480 incremental_pipeline.cc:629] Registering image with structure-less fallback
I20261002 19:59:43.086936 24480 incremental_pipeline.cc:631] => Image sees 36 / 768 correspondences
I20261002 19:59:43.086992 24480 incremental_pipeline.cc:646] => Could not register, trying another image.
I20261002 19:59:43.087058 24480 incremental_pipeline.cc:620] Registering image #42 (num_reg_frames=7)
I20261002 19:59:43.087113 24480 incremental_pipeline.cc:623] => Image sees 33 / 101 points
I20261002 19:59:43.087170 24480 incremental_pipeline.cc:629] Registering image with structure-less fallback
I20261002 19:59:43.087224 24480 incremental_pipeline.cc:631] => Image sees 35 / 2917 correspondences
I20261002 19:59:43.087282 24480 incremental_pipeline.cc:646] => Could not register, trying another image.
I20261002 19:59:43.087337 24480 incremental_pipeline.cc:620] Registering image #85 (num_reg_frames=7)
I20261002 19:59:43.087395 24480 incremental_pipeline.cc:623] => Image sees 73 / 113 points
I20261002 19:59:43.087452 24480 incremental_pipeline.cc:629] Registering image with structure-less fallback
I20261002 19:59:43.087508 24480 incremental_pipeline.cc:631] => Image sees 363 / 652 correspondences
I20261002 19:59:43.087574 24480 incremental_pipeline.cc:646] => Could not register, trying another image.
I20261002 19:59:43.087629 24480 incremental_pipeline.cc:620] Registering image #90 (num_reg_frames=7)
I20261002 19:59:43.087687 24480 incremental_pipeline.cc:623] => Image sees 54 / 128 points
I20261002 19:59:43.087744 24480 incremental_pipeline.cc:629] Registering image with structure-less fallback
I20261002 19:59:43.087799 24480 incremental_pipeline.cc:631] => Image sees 333 / 2180 correspondences
I20261002 19:59:43.087873 24480 incremental_pipeline.cc:646] => Could not register, trying another image.
I20261002 19:59:43.087929 24480 incremental_pipeline.cc:620] Registering image #83 (num_reg_frames=7)
I20261002 19:59:43.087985 24480 incremental_pipeline.cc:623] => Image sees 74 / 115 points
I20261002 19:59:43.088041 24480 incremental_pipeline.cc:629] Registering image with structure-less fallback
I20261002 19:59:43.088096 24480 incremental_pipeline.cc:631] => Image sees 284 / 698 correspondences
I20261002 19:59:43.088160 24480 incremental_pipeline.cc:646] => Could not register, trying another image.
I20261002 19:59:43.088216 24480 incremental_pipeline.cc:620] Registering image #81 (num_reg_frames=7)
I20261002 19:59:43.088272 24480 incremental_pipeline.cc:623] => Image sees 68 / 116 points
I20261002 19:59:43.088329 24480 incremental_pipeline.cc:629] Registering image with structure-less fallback
I20261002 19:59:43.088384 24480 incremental_pipeline.cc:631] => Image sees 258 / 736 correspondences
I20261002 19:59:43.088449 24480 incremental_pipeline.cc:646] => Could not register, trying another image.
I20261002 19:59:43.088505 24480 incremental_pipeline.cc:620] Registering image #78 (num_reg_frames=7)
I20261002 19:59:43.088563 24480 incremental_pipeline.cc:623] => Image sees 68 / 132 points
I20261002 19:59:43.088620 24480 incremental_pipeline.cc:629] Registering image with structure-less fallback
I20261002 19:59:43.088676 24480 incremental_pipeline.cc:631] => Image sees 220 / 874 correspondences
I20261002 19:59:43.088742 24480 incremental_pipeline.cc:646] => Could not register, trying another image.
I20261002 19:59:43.088798 24480 incremental_pipeline.cc:620] Registering image #53 (num_reg_frames=7)
I20261002 19:59:43.088855 24480 incremental_pipeline.cc:623] => Image sees 53 / 111 points
I20261002 19:59:43.088913 24480 incremental_pipeline.cc:629] Registering image with structure-less fallback
I20261002 19:59:43.088973 24480 incremental_pipeline.cc:631] => Image sees 203 / 3456 correspondences
I20261002 19:59:43.089048 24480 incremental_pipeline.cc:646] => Could not register, trying another image.
I20261002 19:59:43.089105 24480 incremental_pipeline.cc:620] Registering image #91 (num_reg_frames=7)
I20261002 19:59:43.089161 24480 incremental_pipeline.cc:623] => Image sees 51 / 107 points
I20261002 19:59:43.089216 24480 incremental_pipeline.cc:629] Registering image with structure-less fallback
I20261002 19:59:43.089272 24480 incremental_pipeline.cc:631] => Image sees 179 / 573 correspondences
I20261002 19:59:43.089333 24480 incremental_pipeline.cc:646] => Could not register, trying another image.
I20261002 19:59:43.089472 24480 incremental_pipeline.cc:620] Registering image #87 (num_reg_frames=7)
I20261002 19:59:43.089640 24480 incremental_pipeline.cc:623] => Image sees 47 / 117 points
I20261002 19:59:43.089781 24480 incremental_pipeline.cc:629] Registering image with structure-less fallback
I20261002 19:59:43.089883 24480 incremental_pipeline.cc:631] => Image sees 148 / 587 correspondences
I20261002 19:59:43.089964 24480 incremental_pipeline.cc:646] => Could not register, trying another image.
I20261002 19:59:43.090023 24480 incremental_pipeline.cc:620] Registering image #71 (num_reg_frames=7)
I20261002 19:59:43.090088 24480 incremental_pipeline.cc:623] => Image sees 44 / 108 points
I20261002 19:59:43.090158 24480 incremental_pipeline.cc:629] Registering image with structure-less fallback
I20261002 19:59:43.090221 24480 incremental_pipeline.cc:631] => Image sees 131 / 3427 correspondences
I20261002 19:59:43.090296 24480 incremental_pipeline.cc:646] => Could not register, trying another image.
I20261002 19:59:43.090355 24480 incremental_pipeline.cc:620] Registering image #75 (num_reg_frames=7)
I20261002 19:59:43.090414 24480 incremental_pipeline.cc:623] => Image sees 43 / 104 points
I20261002 19:59:43.090471 24480 incremental_pipeline.cc:629] Registering image with structure-less fallback
I20261002 19:59:43.090529 24480 incremental_pipeline.cc:631] => Image sees 125 / 821 correspondences
I20261002 19:59:43.090591 24480 incremental_pipeline.cc:646] => Could not register, trying another image.
I20261002 19:59:43.090647 24480 incremental_pipeline.cc:620] Registering image #76 (num_reg_frames=7)
I20261002 19:59:43.090702 24480 incremental_pipeline.cc:623] => Image sees 54 / 110 points
I20261002 19:59:43.090759 24480 incremental_pipeline.cc:629] Registering image with structure-less fallback
I20261002 19:59:43.090815 24480 incremental_pipeline.cc:631] => Image sees 105 / 775 correspondences
I20261002 19:59:43.090878 24480 incremental_pipeline.cc:646] => Could not register, trying another image.
I20261002 19:59:43.090934 24480 incremental_pipeline.cc:620] Registering image #77 (num_reg_frames=7)
I20261002 19:59:43.090990 24480 incremental_pipeline.cc:623] => Image sees 55 / 125 points
I20261002 19:59:43.091045 24480 incremental_pipeline.cc:629] Registering image with structure-less fallback
I20261002 19:59:43.091117 24480 incremental_pipeline.cc:631] => Image sees 96 / 956 correspondences
I20261002 19:59:43.091194 24480 incremental_pipeline.cc:646] => Could not register, trying another image.
I20261002 19:59:43.091252 24480 incremental_pipeline.cc:620] Registering image #49 (num_reg_frames=7)
I20261002 19:59:43.091310 24480 incremental_pipeline.cc:623] => Image sees 46 / 98 points
I20261002 19:59:43.091369 24480 incremental_pipeline.cc:629] Registering image with structure-less fallback
I20261002 19:59:43.091428 24480 incremental_pipeline.cc:631] => Image sees 94 / 922 correspondences
I20261002 19:59:43.091491 24480 incremental_pipeline.cc:646] => Could not register, trying another image.
W20261002 19:59:43.091559 24480 incremental_pipeline.cc:821] Discarding reconstruction due to insufficient size
I20261002 19:59:43.092724 24480 incremental_pipeline.cc:465] Finding good initial image pair
I20261002 19:59:43.103097 24480 incremental_pipeline.cc:492] Registering initial image pair #100 and #98
I20261002 19:59:43.103725 24480 incremental_pipeline.cc:510] Global bundle adjustment
I20261002 19:59:43.108017 24480 incremental_pipeline.cc:620] Registering image #101 (num_reg_frames=2)
I20261002 19:59:43.108137 24480 incremental_pipeline.cc:623] => Image sees 52 / 145 points
I20261002 19:59:43.127912 24480 incremental_pipeline.cc:88] Retriangulation and Global bundle adjustment
W20261002 19:59:43.152622 24480 bundle_adjustment_ceres.cc:391] Failed to fix Gauge with two cameras. Falling back to fixing Gauge with three points.
W20261002 19:59:43.152772 24480 bundle_adjustment_ceres.cc:298] Failed to fix Gauge due to insufficient number of fixed points: 0
I20261002 19:59:43.153973 24480 incremental_pipeline.cc:88] Retriangulation and Global bundle adjustment
W20261002 19:59:43.154644 24480 bundle_adjustment_ceres.cc:391] Failed to fix Gauge with two cameras. Falling back to fixing Gauge with three points.
W20261002 19:59:43.154739 24480 bundle_adjustment_ceres.cc:298] Failed to fix Gauge due to insufficient number of fixed points: 0
W20261002 19:59:43.154812 24480 incremental_pipeline.cc:821] Discarding reconstruction due to insufficient size
I20261002 19:59:43.156455 24480 incremental_pipeline.cc:465] Finding good initial image pair
I20261002 19:59:43.164850 24480 incremental_pipeline.cc:492] Registering initial image pair #41 and #39
I20261002 19:59:43.165402 24480 incremental_pipeline.cc:510] Global bundle adjustment
I20261002 19:59:43.170787 24480 incremental_pipeline.cc:620] Registering image #44 (num_reg_frames=2)
I20261002 19:59:43.170891 24480 incremental_pipeline.cc:623] => Image sees 35 / 95 points
I20261002 19:59:43.173535 24480 incremental_pipeline.cc:88] Retriangulation and Global bundle adjustment
I20261002 19:59:43.182535 24480 incremental_pipeline.cc:620] Registering image #73 (num_reg_frames=3)
I20261002 19:59:43.182637 24480 incremental_pipeline.cc:623] => Image sees 63 / 113 points
I20261002 19:59:43.182712 24480 incremental_pipeline.cc:646] => Could not register, trying another image.
I20261002 19:59:43.182766 24480 incremental_pipeline.cc:620] Registering image #59 (num_reg_frames=3)
I20261002 19:59:43.182817 24480 incremental_pipeline.cc:623] => Image sees 58 / 113 points
I20261002 19:59:43.182888 24480 incremental_pipeline.cc:646] => Could not register, trying another image.
I20261002 19:59:43.182938 24480 incremental_pipeline.cc:620] Registering image #54 (num_reg_frames=3)
I20261002 19:59:43.182990 24480 incremental_pipeline.cc:623] => Image sees 55 / 106 points
I20261002 19:59:43.183050 24480 incremental_pipeline.cc:646] => Could not register, trying another image.
I20261002 19:59:43.183100 24480 incremental_pipeline.cc:620] Registering image #32 (num_reg_frames=3)
I20261002 19:59:43.183151 24480 incremental_pipeline.cc:623] => Image sees 55 / 102 points
I20261002 19:59:43.183210 24480 incremental_pipeline.cc:646] => Could not register, trying another image.
I20261002 19:59:43.183262 24480 incremental_pipeline.cc:620] Registering image #71 (num_reg_frames=3)
I20261002 19:59:43.183318 24480 incremental_pipeline.cc:623] => Image sees 53 / 108 points
I20261002 19:59:43.183389 24480 incremental_pipeline.cc:646] => Could not register, trying another image.
I20261002 19:59:43.183437 24480 incremental_pipeline.cc:620] Registering image #45 (num_reg_frames=3)
I20261002 19:59:43.183487 24480 incremental_pipeline.cc:623] => Image sees 54 / 99 points
I20261002 19:59:43.183547 24480 incremental_pipeline.cc:646] => Could not register, trying another image.
I20261002 19:59:43.183595 24480 incremental_pipeline.cc:620] Registering image #64 (num_reg_frames=3)
I20261002 19:59:43.183644 24480 incremental_pipeline.cc:623] => Image sees 53 / 95 points
I20261002 19:59:43.183702 24480 incremental_pipeline.cc:646] => Could not register, trying another image.
I20261002 19:59:43.183751 24480 incremental_pipeline.cc:620] Registering image #50 (num_reg_frames=3)
I20261002 19:59:43.183799 24480 incremental_pipeline.cc:623] => Image sees 53 / 113 points
I20261002 19:59:43.183864 24480 incremental_pipeline.cc:646] => Could not register, trying another image.
I20261002 19:59:43.183913 24480 incremental_pipeline.cc:620] Registering image #43 (num_reg_frames=3)
I20261002 19:59:43.183962 24480 incremental_pipeline.cc:623] => Image sees 53 / 107 points
I20261002 19:59:43.184018 24480 incremental_pipeline.cc:646] => Could not register, trying another image.
I20261002 19:59:43.184067 24480 incremental_pipeline.cc:620] Registering image #53 (num_reg_frames=3)
I20261002 19:59:43.184118 24480 incremental_pipeline.cc:623] => Image sees 54 / 111 points
I20261002 19:59:43.184186 24480 incremental_pipeline.cc:646] => Could not register, trying another image.
I20261002 19:59:43.184236 24480 incremental_pipeline.cc:620] Registering image #48 (num_reg_frames=3)
I20261002 19:59:43.184349 24480 incremental_pipeline.cc:623] => Image sees 56 / 105 points
I20261002 19:59:43.184409 24480 incremental_pipeline.cc:646] => Could not register, trying another image.
I20261002 19:59:43.184458 24480 incremental_pipeline.cc:620] Registering image #49 (num_reg_frames=3)
I20261002 19:59:43.184508 24480 incremental_pipeline.cc:623] => Image sees 55 / 98 points
I20261002 19:59:43.184567 24480 incremental_pipeline.cc:646] => Could not register, trying another image.
I20261002 19:59:43.184616 24480 incremental_pipeline.cc:620] Registering image #30 (num_reg_frames=3)
I20261002 19:59:43.184664 24480 incremental_pipeline.cc:623] => Image sees 51 / 96 points
I20261002 19:59:43.184730 24480 incremental_pipeline.cc:646] => Could not register, trying another image.
I20261002 19:59:43.184779 24480 incremental_pipeline.cc:620] Registering image #42 (num_reg_frames=3)
I20261002 19:59:43.184827 24480 incremental_pipeline.cc:623] => Image sees 55 / 101 points
I20261002 19:59:43.184895 24480 incremental_pipeline.cc:646] => Could not register, trying another image.
I20261002 19:59:43.184945 24480 incremental_pipeline.cc:620] Registering image #47 (num_reg_frames=3)
I20261002 19:59:43.184994 24480 incremental_pipeline.cc:623] => Image sees 49 / 106 points
I20261002 19:59:43.185051 24480 incremental_pipeline.cc:646] => Could not register, trying another image.
I20261002 19:59:43.185100 24480 incremental_pipeline.cc:620] Registering image #55 (num_reg_frames=3)
I20261002 19:59:43.185148 24480 incremental_pipeline.cc:623] => Image sees 51 / 99 points
I20261002 19:59:43.185207 24480 incremental_pipeline.cc:646] => Could not register, trying another image.
I20261002 19:59:43.185257 24480 incremental_pipeline.cc:620] Registering image #35 (num_reg_frames=3)
I20261002 19:59:43.185310 24480 incremental_pipeline.cc:623] => Image sees 49 / 95 points
I20261002 19:59:43.185367 24480 incremental_pipeline.cc:646] => Could not register, trying another image.
I20261002 19:59:43.185415 24480 incremental_pipeline.cc:620] Registering image #38 (num_reg_frames=3)
I20261002 19:59:43.185466 24480 incremental_pipeline.cc:623] => Image sees 48 / 103 points
I20261002 19:59:43.185526 24480 incremental_pipeline.cc:646] => Could not register, trying another image.
I20261002 19:59:43.185574 24480 incremental_pipeline.cc:620] Registering image #57 (num_reg_frames=3)
I20261002 19:59:43.185624 24480 incremental_pipeline.cc:623] => Image sees 35 / 107 points
I20261002 19:59:43.185681 24480 incremental_pipeline.cc:646] => Could not register, trying another image.
I20261002 19:59:43.185729 24480 incremental_pipeline.cc:620] Registering image #36 (num_reg_frames=3)
I20261002 19:59:43.185778 24480 incremental_pipeline.cc:623] => Image sees 33 / 93 points
I20261002 19:59:43.185836 24480 incremental_pipeline.cc:646] => Could not register, trying another image.
I20261002 19:59:43.185885 24480 incremental_pipeline.cc:620] Registering image #34 (num_reg_frames=3)
I20261002 19:59:43.185935 24480 incremental_pipeline.cc:623] => Image sees 32 / 91 points
I20261002 19:59:43.185992 24480 incremental_pipeline.cc:646] => Could not register, trying another image.
I20261002 19:59:43.186040 24480 incremental_pipeline.cc:620] Registering image #79 (num_reg_frames=3)
I20261002 19:59:43.186092 24480 incremental_pipeline.cc:623] => Image sees 35 / 125 points
I20261002 19:59:43.186156 24480 incremental_pipeline.cc:646] => Could not register, trying another image.
I20261002 19:59:43.186205 24480 incremental_pipeline.cc:620] Registering image #81 (num_reg_frames=3)
I20261002 19:59:43.186257 24480 incremental_pipeline.cc:623] => Image sees 33 / 116 points
I20261002 19:59:43.186314 24480 incremental_pipeline.cc:646] => Could not register, trying another image.
I20261002 19:59:43.186363 24480 incremental_pipeline.cc:620] Registering image #90 (num_reg_frames=3)
I20261002 19:59:43.186411 24480 incremental_pipeline.cc:623] => Image sees 32 / 128 points
I20261002 19:59:43.186497 24480 incremental_pipeline.cc:646] => Could not register, trying another image.
I20261002 19:59:43.186551 24480 incremental_pipeline.cc:620] Registering image #53 (num_reg_frames=3)
I20261002 19:59:43.186641 24480 incremental_pipeline.cc:623] => Image sees 54 / 111 points
I20261002 19:59:43.186806 24480 incremental_pipeline.cc:629] Registering image with structure-less fallback
I20261002 19:59:43.186911 24480 incremental_pipeline.cc:631] => Image sees 189 / 3456 correspondences
I20261002 19:59:43.187104 24480 incremental_pipeline.cc:646] => Could not register, trying another image.
I20261002 19:59:43.187175 24480 incremental_pipeline.cc:620] Registering image #42 (num_reg_frames=3)
I20261002 19:59:43.187227 24480 incremental_pipeline.cc:623] => Image sees 55 / 101 points
I20261002 19:59:43.187277 24480 incremental_pipeline.cc:629] Registering image with structure-less fallback
I20261002 19:59:43.187448 24480 incremental_pipeline.cc:631] => Image sees 187 / 2917 correspondences
I20261002 19:59:43.187662 24480 incremental_pipeline.cc:646] => Could not register, trying another image.
I20261002 19:59:43.187753 24480 incremental_pipeline.cc:620] Registering image #71 (num_reg_frames=3)
I20261002 19:59:43.187810 24480 incremental_pipeline.cc:623] => Image sees 53 / 108 points
I20261002 19:59:43.187871 24480 incremental_pipeline.cc:629] Registering image with structure-less fallback
I20261002 19:59:43.187927 24480 incremental_pipeline.cc:631] => Image sees 184 / 3427 correspondences
I20261002 19:59:43.187996 24480 incremental_pipeline.cc:646] => Could not register, trying another image.
I20261002 19:59:43.188044 24480 incremental_pipeline.cc:620] Registering image #59 (num_reg_frames=3)
I20261002 19:59:43.188093 24480 incremental_pipeline.cc:623] => Image sees 58 / 113 points
I20261002 19:59:43.188139 24480 incremental_pipeline.cc:629] Registering image with structure-less fallback
I20261002 19:59:43.188185 24480 incremental_pipeline.cc:631] => Image sees 180 / 3460 correspondences
I20261002 19:59:43.188249 24480 incremental_pipeline.cc:646] => Could not register, trying another image.
I20261002 19:59:43.188294 24480 incremental_pipeline.cc:620] Registering image #30 (num_reg_frames=3)
I20261002 19:59:43.188341 24480 incremental_pipeline.cc:623] => Image sees 51 / 96 points
I20261002 19:59:43.188391 24480 incremental_pipeline.cc:629] Registering image with structure-less fallback
I20261002 19:59:43.188436 24480 incremental_pipeline.cc:631] => Image sees 163 / 2945 correspondences
I20261002 19:59:43.188496 24480 incremental_pipeline.cc:646] => Could not register, trying another image.
I20261002 19:59:43.188542 24480 incremental_pipeline.cc:620] Registering image #38 (num_reg_frames=3)
I20261002 19:59:43.188587 24480 incremental_pipeline.cc:623] => Image sees 48 / 103 points
I20261002 19:59:43.188632 24480 incremental_pipeline.cc:629] Registering image with structure-less fallback
I20261002 19:59:43.188676 24480 incremental_pipeline.cc:631] => Image sees 130 / 957 correspondences
I20261002 19:59:43.188730 24480 incremental_pipeline.cc:646] => Could not register, trying another image.
I20261002 19:59:43.188774 24480 incremental_pipeline.cc:620] Registering image #45 (num_reg_frames=3)
I20261002 19:59:43.188822 24480 incremental_pipeline.cc:623] => Image sees 54 / 99 points
I20261002 19:59:43.188871 24480 incremental_pipeline.cc:629] Registering image with structure-less fallback
I20261002 19:59:43.188917 24480 incremental_pipeline.cc:631] => Image sees 130 / 1002 correspondences
I20261002 19:59:43.188970 24480 incremental_pipeline.cc:646] => Could not register, trying another image.
I20261002 19:59:43.189015 24480 incremental_pipeline.cc:620] Registering image #32 (num_reg_frames=3)
I20261002 19:59:43.189061 24480 incremental_pipeline.cc:623] => Image sees 55 / 102 points
I20261002 19:59:43.189106 24480 incremental_pipeline.cc:629] Registering image with structure-less fallback
I20261002 19:59:43.189151 24480 incremental_pipeline.cc:631] => Image sees 126 / 893 correspondences
I20261002 19:59:43.189203 24480 incremental_pipeline.cc:646] => Could not register, trying another image.
I20261002 19:59:43.189248 24480 incremental_pipeline.cc:620] Registering image #55 (num_reg_frames=3)
I20261002 19:59:43.189306 24480 incremental_pipeline.cc:623] => Image sees 51 / 99 points
I20261002 19:59:43.189351 24480 incremental_pipeline.cc:629] Registering image with structure-less fallback
I20261002 19:59:43.189395 24480 incremental_pipeline.cc:631] => Image sees 120 / 1166 correspondences
I20261002 19:59:43.189450 24480 incremental_pipeline.cc:646] => Could not register, trying another image.
I20261002 19:59:43.189496 24480 incremental_pipeline.cc:620] Registering image #49 (num_reg_frames=3)
I20261002 19:59:43.189542 24480 incremental_pipeline.cc:623] => Image sees 55 / 98 points
I20261002 19:59:43.189588 24480 incremental_pipeline.cc:629] Registering image with structure-less fallback
I20261002 19:59:43.189632 24480 incremental_pipeline.cc:631] => Image sees 116 / 922 correspondences
I20261002 19:59:43.189688 24480 incremental_pipeline.cc:646] => Could not register, trying another image.
I20261002 19:59:43.189733 24480 incremental_pipeline.cc:620] Registering image #79 (num_reg_frames=3)
I20261002 19:59:43.189777 24480 incremental_pipeline.cc:623] => Image sees 35 / 125 points
I20261002 19:59:43.189822 24480 incremental_pipeline.cc:629] Registering image with structure-less fallback
I20261002 19:59:43.189866 24480 incremental_pipeline.cc:631] => Image sees 84 / 2486 correspondences
I20261002 19:59:43.189925 24480 incremental_pipeline.cc:646] => Could not register, trying another image.
I20261002 19:59:43.189970 24480 incremental_pipeline.cc:620] Registering image #73 (num_reg_frames=3)
I20261002 19:59:43.190015 24480 incremental_pipeline.cc:623] => Image sees 63 / 113 points
I20261002 19:59:43.190059 24480 incremental_pipeline.cc:629] Registering image with structure-less fallback
I20261002 19:59:43.190104 24480 incremental_pipeline.cc:631] => Image sees 74 / 1151 correspondences
I20261002 19:59:43.190157 24480 incremental_pipeline.cc:646] => Could not register, trying another image.
I20261002 19:59:43.190201 24480 incremental_pipeline.cc:620] Registering image #48 (num_reg_frames=3)
I20261002 19:59:43.190247 24480 incremental_pipeline.cc:623] => Image sees 56 / 105 points
I20261002 19:59:43.190292 24480 incremental_pipeline.cc:629] Registering image with structure-less fallback
I20261002 19:59:43.190336 24480 incremental_pipeline.cc:631] => Image sees 73 / 1038 correspondences
I20261002 19:59:43.190388 24480 incremental_pipeline.cc:646] => Could not register, trying another image.
I20261002 19:59:43.190433 24480 incremental_pipeline.cc:620] Registering image #50 (num_reg_frames=3)
I20261002 19:59:43.190478 24480 incremental_pipeline.cc:623] => Image sees 53 / 113 points
I20261002 19:59:43.190525 24480 incremental_pipeline.cc:629] Registering image with structure-less fallback
I20261002 19:59:43.190570 24480 incremental_pipeline.cc:631] => Image sees 72 / 1218 correspondences
I20261002 19:59:43.190623 24480 incremental_pipeline.cc:646] => Could not register, trying another image.
I20261002 19:59:43.190668 24480 incremental_pipeline.cc:620] Registering image #90 (num_reg_frames=3)
I20261002 19:59:43.190712 24480 incremental_pipeline.cc:623] => Image sees 32 / 128 points
I20261002 19:59:43.190761 24480 incremental_pipeline.cc:629] Registering image with structure-less fallback
I20261002 19:59:43.190805 24480 incremental_pipeline.cc:631] => Image sees 72 / 2180 correspondences
I20261002 19:59:43.190862 24480 incremental_pipeline.cc:646] => Could not register, trying another image.
I20261002 19:59:43.190907 24480 incremental_pipeline.cc:620] Registering image #35 (num_reg_frames=3)
I20261002 19:59:43.190952 24480 incremental_pipeline.cc:623] => Image sees 49 / 95 points
I20261002 19:59:43.190997 24480 incremental_pipeline.cc:629] Registering image with structure-less fallback
I20261002 19:59:43.191041 24480 incremental_pipeline.cc:631] => Image sees 71 / 978 correspondences
I20261002 19:59:43.191093 24480 incremental_pipeline.cc:646] => Could not register, trying another image.
I20261002 19:59:43.191138 24480 incremental_pipeline.cc:620] Registering image #43 (num_reg_frames=3)
I20261002 19:59:43.191191 24480 incremental_pipeline.cc:623] => Image sees 53 / 107 points
I20261002 19:59:43.191236 24480 incremental_pipeline.cc:629] Registering image with structure-less fallback
I20261002 19:59:43.191281 24480 incremental_pipeline.cc:631] => Image sees 71 / 1003 correspondences
I20261002 19:59:43.191333 24480 incremental_pipeline.cc:646] => Could not register, trying another image.
I20261002 19:59:43.191381 24480 incremental_pipeline.cc:620] Registering image #54 (num_reg_frames=3)
I20261002 19:59:43.191425 24480 incremental_pipeline.cc:623] => Image sees 55 / 106 points
I20261002 19:59:43.191470 24480 incremental_pipeline.cc:629] Registering image with structure-less fallback
I20261002 19:59:43.191514 24480 incremental_pipeline.cc:631] => Image sees 69 / 1128 correspondences
I20261002 19:59:43.191567 24480 incremental_pipeline.cc:646] => Could not register, trying another image.
I20261002 19:59:43.191611 24480 incremental_pipeline.cc:620] Registering image #64 (num_reg_frames=3)
I20261002 19:59:43.191656 24480 incremental_pipeline.cc:623] => Image sees 53 / 95 points
I20261002 19:59:43.191701 24480 incremental_pipeline.cc:629] Registering image with structure-less fallback
I20261002 19:59:43.191745 24480 incremental_pipeline.cc:631] => Image sees 64 / 1114 correspondences
I20261002 19:59:43.191798 24480 incremental_pipeline.cc:646] => Could not register, trying another image.
I20261002 19:59:43.191842 24480 incremental_pipeline.cc:620] Registering image #47 (num_reg_frames=3)
I20261002 19:59:43.191887 24480 incremental_pipeline.cc:623] => Image sees 49 / 106 points
I20261002 19:59:43.191932 24480 incremental_pipeline.cc:629] Registering image with structure-less fallback
I20261002 19:59:43.191977 24480 incremental_pipeline.cc:631] => Image sees 63 / 1053 correspondences
I20261002 19:59:43.192030 24480 incremental_pipeline.cc:646] => Could not register, trying another image.
I20261002 19:59:43.192074 24480 incremental_pipeline.cc:620] Registering image #36 (num_reg_frames=3)
I20261002 19:59:43.192118 24480 incremental_pipeline.cc:623] => Image sees 33 / 93 points
I20261002 19:59:43.192163 24480 incremental_pipeline.cc:629] Registering image with structure-less fallback
I20261002 19:59:43.192209 24480 incremental_pipeline.cc:631] => Image sees 58 / 867 correspondences
I20261002 19:59:43.192254 24480 incremental_pipeline.cc:646] => Could not register, trying another image.
I20261002 19:59:43.192298 24480 incremental_pipeline.cc:620] Registering image #57 (num_reg_frames=3)
I20261002 19:59:43.192342 24480 incremental_pipeline.cc:623] => Image sees 35 / 107 points
I20261002 19:59:43.192387 24480 incremental_pipeline.cc:629] Registering image with structure-less fallback
I20261002 19:59:43.192432 24480 incremental_pipeline.cc:631] => Image sees 57 / 1085 correspondences
I20261002 19:59:43.192477 24480 incremental_pipeline.cc:646] => Could not register, trying another image.
I20261002 19:59:43.192585 24480 incremental_pipeline.cc:620] Registering image #34 (num_reg_frames=3)
I20261002 19:59:43.192673 24480 incremental_pipeline.cc:623] => Image sees 32 / 91 points
I20261002 19:59:43.192780 24480 incremental_pipeline.cc:629] Registering image with structure-less fallback
I20261002 19:59:43.192835 24480 incremental_pipeline.cc:631] => Image sees 53 / 768 correspondences
I20261002 19:59:43.192884 24480 incremental_pipeline.cc:646] => Could not register, trying another image.
I20261002 19:59:43.192931 24480 incremental_pipeline.cc:620] Registering image #81 (num_reg_frames=3)
I20261002 19:59:43.192978 24480 incremental_pipeline.cc:623] => Image sees 33 / 116 points
I20261002 19:59:43.193024 24480 incremental_pipeline.cc:629] Registering image with structure-less fallback
I20261002 19:59:43.193090 24480 incremental_pipeline.cc:631] => Image sees 34 / 736 correspondences
I20261002 19:59:43.193185 24480 incremental_pipeline.cc:646] => Could not register, trying another image.
I20261002 19:59:43.193243 24480 incremental_pipeline.cc:88] Retriangulation and Global bundle adjustment
I20261002 19:59:43.194107 24480 incremental_pipeline.cc:620] Registering image #73 (num_reg_frames=3)
I20261002 19:59:43.194250 24480 incremental_pipeline.cc:623] => Image sees 63 / 113 points
I20261002 19:59:43.194361 24480 incremental_pipeline.cc:646] => Could not register, trying another image.
I20261002 19:59:43.194430 24480 incremental_pipeline.cc:620] Registering image #59 (num_reg_frames=3)
I20261002 19:59:43.194484 24480 incremental_pipeline.cc:623] => Image sees 58 / 113 points
I20261002 19:59:43.194596 24480 incremental_pipeline.cc:646] => Could not register, trying another image.
I20261002 19:59:43.194656 24480 incremental_pipeline.cc:620] Registering image #54 (num_reg_frames=3)
I20261002 19:59:43.194755 24480 incremental_pipeline.cc:623] => Image sees 55 / 106 points
I20261002 19:59:43.194864 24480 incremental_pipeline.cc:646] => Could not register, trying another image.
I20261002 19:59:43.194921 24480 incremental_pipeline.cc:620] Registering image #32 (num_reg_frames=3)
I20261002 19:59:43.194971 24480 incremental_pipeline.cc:623] => Image sees 55 / 102 points
I20261002 19:59:43.195030 24480 incremental_pipeline.cc:646] => Could not register, trying another image.
I20261002 19:59:43.195079 24480 incremental_pipeline.cc:620] Registering image #71 (num_reg_frames=3)
I20261002 19:59:43.195128 24480 incremental_pipeline.cc:623] => Image sees 53 / 108 points
I20261002 19:59:43.195197 24480 incremental_pipeline.cc:646] => Could not register, trying another image.
I20261002 19:59:43.195246 24480 incremental_pipeline.cc:620] Registering image #45 (num_reg_frames=3)
I20261002 19:59:43.195295 24480 incremental_pipeline.cc:623] => Image sees 54 / 99 points
I20261002 19:59:43.195353 24480 incremental_pipeline.cc:646] => Could not register, trying another image.
I20261002 19:59:43.195406 24480 incremental_pipeline.cc:620] Registering image #64 (num_reg_frames=3)
I20261002 19:59:43.195457 24480 incremental_pipeline.cc:623] => Image sees 53 / 95 points
I20261002 19:59:43.195516 24480 incremental_pipeline.cc:646] => Could not register, trying another image.
I20261002 19:59:43.195576 24480 incremental_pipeline.cc:620] Registering image #50 (num_reg_frames=3)
I20261002 19:59:43.195658 24480 incremental_pipeline.cc:623] => Image sees 53 / 113 points
I20261002 19:59:43.195718 24480 incremental_pipeline.cc:646] => Could not register, trying another image.
I20261002 19:59:43.195769 24480 incremental_pipeline.cc:620] Registering image #43 (num_reg_frames=3)
I20261002 19:59:43.195818 24480 incremental_pipeline.cc:623] => Image sees 53 / 107 points
I20261002 19:59:43.195875 24480 incremental_pipeline.cc:646] => Could not register, trying another image.
I20261002 19:59:43.195923 24480 incremental_pipeline.cc:620] Registering image #53 (num_reg_frames=3)
I20261002 19:59:43.195971 24480 incremental_pipeline.cc:623] => Image sees 54 / 111 points
I20261002 19:59:43.196040 24480 incremental_pipeline.cc:646] => Could not register, trying another image.
I20261002 19:59:43.196089 24480 incremental_pipeline.cc:620] Registering image #48 (num_reg_frames=3)
I20261002 19:59:43.196144 24480 incremental_pipeline.cc:623] => Image sees 56 / 105 points
I20261002 19:59:43.196201 24480 incremental_pipeline.cc:646] => Could not register, trying another image.
I20261002 19:59:43.196250 24480 incremental_pipeline.cc:620] Registering image #49 (num_reg_frames=3)
I20261002 19:59:43.196300 24480 incremental_pipeline.cc:623] => Image sees 55 / 98 points
I20261002 19:59:43.196357 24480 incremental_pipeline.cc:646] => Could not register, trying another image.
I20261002 19:59:43.196409 24480 incremental_pipeline.cc:620] Registering image #30 (num_reg_frames=3)
I20261002 19:59:43.196457 24480 incremental_pipeline.cc:623] => Image sees 51 / 96 points
I20261002 19:59:43.196523 24480 incremental_pipeline.cc:646] => Could not register, trying another image.
I20261002 19:59:43.196571 24480 incremental_pipeline.cc:620] Registering image #42 (num_reg_frames=3)
I20261002 19:59:43.196620 24480 incremental_pipeline.cc:623] => Image sees 55 / 101 points
I20261002 19:59:43.196686 24480 incremental_pipeline.cc:646] => Could not register, trying another image.
I20261002 19:59:43.196747 24480 incremental_pipeline.cc:620] Registering image #47 (num_reg_frames=3)
I20261002 19:59:43.196795 24480 incremental_pipeline.cc:623] => Image sees 49 / 106 points
I20261002 19:59:43.196851 24480 incremental_pipeline.cc:646] => Could not register, trying another image.
I20261002 19:59:43.196900 24480 incremental_pipeline.cc:620] Registering image #55 (num_reg_frames=3)
I20261002 19:59:43.196949 24480 incremental_pipeline.cc:623] => Image sees 51 / 99 points
I20261002 19:59:43.197007 24480 incremental_pipeline.cc:646] => Could not register, trying another image.
I20261002 19:59:43.197055 24480 incremental_pipeline.cc:620] Registering image #35 (num_reg_frames=3)
I20261002 19:59:43.197103 24480 incremental_pipeline.cc:623] => Image sees 49 / 95 points
I20261002 19:59:43.197159 24480 incremental_pipeline.cc:646] => Could not register, trying another image.
I20261002 19:59:43.197207 24480 incremental_pipeline.cc:620] Registering image #38 (num_reg_frames=3)
I20261002 19:59:43.197256 24480 incremental_pipeline.cc:623] => Image sees 48 / 103 points
I20261002 19:59:43.197313 24480 incremental_pipeline.cc:646] => Could not register, trying another image.
I20261002 19:59:43.197363 24480 incremental_pipeline.cc:620] Registering image #57 (num_reg_frames=3)
I20261002 19:59:43.197412 24480 incremental_pipeline.cc:623] => Image sees 35 / 107 points
I20261002 19:59:43.197469 24480 incremental_pipeline.cc:646] => Could not register, trying another image.
I20261002 19:59:43.197517 24480 incremental_pipeline.cc:620] Registering image #36 (num_reg_frames=3)
I20261002 19:59:43.197565 24480 incremental_pipeline.cc:623] => Image sees 33 / 93 points
I20261002 19:59:43.197620 24480 incremental_pipeline.cc:646] => Could not register, trying another image.
I20261002 19:59:43.197668 24480 incremental_pipeline.cc:620] Registering image #34 (num_reg_frames=3)
I20261002 19:59:43.197716 24480 incremental_pipeline.cc:623] => Image sees 32 / 91 points
I20261002 19:59:43.197771 24480 incremental_pipeline.cc:646] => Could not register, trying another image.
I20261002 19:59:43.197820 24480 incremental_pipeline.cc:620] Registering image #79 (num_reg_frames=3)
I20261002 19:59:43.197870 24480 incremental_pipeline.cc:623] => Image sees 35 / 125 points
I20261002 19:59:43.197932 24480 incremental_pipeline.cc:646] => Could not register, trying another image.
I20261002 19:59:43.197981 24480 incremental_pipeline.cc:620] Registering image #81 (num_reg_frames=3)
I20261002 19:59:43.198029 24480 incremental_pipeline.cc:623] => Image sees 33 / 116 points
I20261002 19:59:43.198084 24480 incremental_pipeline.cc:646] => Could not register, trying another image.
I20261002 19:59:43.198132 24480 incremental_pipeline.cc:620] Registering image #90 (num_reg_frames=3)
I20261002 19:59:43.198180 24480 incremental_pipeline.cc:623] => Image sees 32 / 128 points
I20261002 19:59:43.198240 24480 incremental_pipeline.cc:646] => Could not register, trying another image.
I20261002 19:59:43.198300 24480 incremental_pipeline.cc:620] Registering image #53 (num_reg_frames=3)
I20261002 19:59:43.198351 24480 incremental_pipeline.cc:623] => Image sees 54 / 111 points
I20261002 19:59:43.198399 24480 incremental_pipeline.cc:629] Registering image with structure-less fallback
I20261002 19:59:43.198447 24480 incremental_pipeline.cc:631] => Image sees 189 / 3456 correspondences
I20261002 19:59:43.198517 24480 incremental_pipeline.cc:646] => Could not register, trying another image.
I20261002 19:59:43.198565 24480 incremental_pipeline.cc:620] Registering image #42 (num_reg_frames=3)
I20261002 19:59:43.198640 24480 incremental_pipeline.cc:623] => Image sees 55 / 101 points
I20261002 19:59:43.198727 24480 incremental_pipeline.cc:629] Registering image with structure-less fallback
I20261002 19:59:43.198805 24480 incremental_pipeline.cc:631] => Image sees 187 / 2917 correspondences
I20261002 19:59:43.198887 24480 incremental_pipeline.cc:646] => Could not register, trying another image.
I20261002 19:59:43.198985 24480 incremental_pipeline.cc:620] Registering image #71 (num_reg_frames=3)
I20261002 19:59:43.199090 24480 incremental_pipeline.cc:623] => Image sees 53 / 108 points
I20261002 19:59:43.199200 24480 incremental_pipeline.cc:629] Registering image with structure-less fallback
I20261002 19:59:43.199256 24480 incremental_pipeline.cc:631] => Image sees 184 / 3427 correspondences
I20261002 19:59:43.199327 24480 incremental_pipeline.cc:646] => Could not register, trying another image.
I20261002 19:59:43.199378 24480 incremental_pipeline.cc:620] Registering image #59 (num_reg_frames=3)
I20261002 19:59:43.199427 24480 incremental_pipeline.cc:623] => Image sees 58 / 113 points
I20261002 19:59:43.199477 24480 incremental_pipeline.cc:629] Registering image with structure-less fallback
I20261002 19:59:43.199529 24480 incremental_pipeline.cc:631] => Image sees 180 / 3460 correspondences
I20261002 19:59:43.199599 24480 incremental_pipeline.cc:646] => Could not register, trying another image.
I20261002 19:59:43.199647 24480 incremental_pipeline.cc:620] Registering image #30 (num_reg_frames=3)
I20261002 19:59:43.199695 24480 incremental_pipeline.cc:623] => Image sees 51 / 96 points
I20261002 19:59:43.199744 24480 incremental_pipeline.cc:629] Registering image with structure-less fallback
I20261002 19:59:43.199793 24480 incremental_pipeline.cc:631] => Image sees 163 / 2945 correspondences
I20261002 19:59:43.199858 24480 incremental_pipeline.cc:646] => Could not register, trying another image.
I20261002 19:59:43.199906 24480 incremental_pipeline.cc:620] Registering image #38 (num_reg_frames=3)
I20261002 19:59:43.199955 24480 incremental_pipeline.cc:623] => Image sees 48 / 103 points
I20261002 19:59:43.200003 24480 incremental_pipeline.cc:629] Registering image with structure-less fallback
I20261002 19:59:43.200053 24480 incremental_pipeline.cc:631] => Image sees 130 / 957 correspondences
I20261002 19:59:43.200110 24480 incremental_pipeline.cc:646] => Could not register, trying another image.
I20261002 19:59:43.200178 24480 incremental_pipeline.cc:620] Registering image #45 (num_reg_frames=3)
I20261002 19:59:43.200271 24480 incremental_pipeline.cc:623] => Image sees 54 / 99 points
I20261002 19:59:43.200323 24480 incremental_pipeline.cc:629] Registering image with structure-less fallback
I20261002 19:59:43.200373 24480 incremental_pipeline.cc:631] => Image sees 130 / 1002 correspondences
I20261002 19:59:43.200430 24480 incremental_pipeline.cc:646] => Could not register, trying another image.
I20261002 19:59:43.200477 24480 incremental_pipeline.cc:620] Registering image #32 (num_reg_frames=3)
I20261002 19:59:43.200529 24480 incremental_pipeline.cc:623] => Image sees 55 / 102 points
I20261002 19:59:43.200578 24480 incremental_pipeline.cc:629] Registering image with structure-less fallback
I20261002 19:59:43.200626 24480 incremental_pipeline.cc:631] => Image sees 126 / 893 correspondences
I20261002 19:59:43.200683 24480 incremental_pipeline.cc:646] => Could not register, trying another image.
I20261002 19:59:43.200736 24480 incremental_pipeline.cc:620] Registering image #55 (num_reg_frames=3)
I20261002 19:59:43.200788 24480 incremental_pipeline.cc:623] => Image sees 51 / 99 points
I20261002 19:59:43.200836 24480 incremental_pipeline.cc:629] Registering image with structure-less fallback
I20261002 19:59:43.200884 24480 incremental_pipeline.cc:631] => Image sees 120 / 1166 correspondences
I20261002 19:59:43.200942 24480 incremental_pipeline.cc:646] => Could not register, trying another image.
I20261002 19:59:43.200990 24480 incremental_pipeline.cc:620] Registering image #49 (num_reg_frames=3)
I20261002 19:59:43.201039 24480 incremental_pipeline.cc:623] => Image sees 55 / 98 points
I20261002 19:59:43.201087 24480 incremental_pipeline.cc:629] Registering image with structure-less fallback
I20261002 19:59:43.201135 24480 incremental_pipeline.cc:631] => Image sees 116 / 922 correspondences
I20261002 19:59:43.201193 24480 incremental_pipeline.cc:646] => Could not register, trying another image.
I20261002 19:59:43.201241 24480 incremental_pipeline.cc:620] Registering image #79 (num_reg_frames=3)
I20261002 19:59:43.201299 24480 incremental_pipeline.cc:623] => Image sees 35 / 125 points
I20261002 19:59:43.201350 24480 incremental_pipeline.cc:629] Registering image with structure-less fallback
I20261002 19:59:43.201399 24480 incremental_pipeline.cc:631] => Image sees 84 / 2486 correspondences
I20261002 19:59:43.201465 24480 incremental_pipeline.cc:646] => Could not register, trying another image.
I20261002 19:59:43.201513 24480 incremental_pipeline.cc:620] Registering image #73 (num_reg_frames=3)
I20261002 19:59:43.201562 24480 incremental_pipeline.cc:623] => Image sees 63 / 113 points
I20261002 19:59:43.201610 24480 incremental_pipeline.cc:629] Registering image with structure-less fallback
I20261002 19:59:43.201658 24480 incremental_pipeline.cc:631] => Image sees 74 / 1151 correspondences
I20261002 19:59:43.201715 24480 incremental_pipeline.cc:646] => Could not register, trying another image.
I20261002 19:59:43.201763 24480 incremental_pipeline.cc:620] Registering image #48 (num_reg_frames=3)
I20261002 19:59:43.201812 24480 incremental_pipeline.cc:623] => Image sees 56 / 105 points
I20261002 19:59:43.201861 24480 incremental_pipeline.cc:629] Registering image with structure-less fallback
I20261002 19:59:43.201909 24480 incremental_pipeline.cc:631] => Image sees 73 / 1038 correspondences
I20261002 19:59:43.201965 24480 incremental_pipeline.cc:646] => Could not register, trying another image.
I20261002 19:59:43.202013 24480 incremental_pipeline.cc:620] Registering image #50 (num_reg_frames=3)
I20261002 19:59:43.202061 24480 incremental_pipeline.cc:623] => Image sees 53 / 113 points
I20261002 19:59:43.202110 24480 incremental_pipeline.cc:629] Registering image with structure-less fallback
I20261002 19:59:43.202158 24480 incremental_pipeline.cc:631] => Image sees 72 / 1218 correspondences
I20261002 19:59:43.202216 24480 incremental_pipeline.cc:646] => Could not register, trying another image.
I20261002 19:59:43.202264 24480 incremental_pipeline.cc:620] Registering image #90 (num_reg_frames=3)
I20261002 19:59:43.202313 24480 incremental_pipeline.cc:623] => Image sees 32 / 128 points
I20261002 19:59:43.202364 24480 incremental_pipeline.cc:629] Registering image with structure-less fallback
I20261002 19:59:43.202413 24480 incremental_pipeline.cc:631] => Image sees 72 / 2180 correspondences
I20261002 19:59:43.202474 24480 incremental_pipeline.cc:646] => Could not register, trying another image.
I20261002 19:59:43.202522 24480 incremental_pipeline.cc:620] Registering image #35 (num_reg_frames=3)
I20261002 19:59:43.202571 24480 incremental_pipeline.cc:623] => Image sees 49 / 95 points
I20261002 19:59:43.202620 24480 incremental_pipeline.cc:629] Registering image with structure-less fallback
I20261002 19:59:43.202668 24480 incremental_pipeline.cc:631] => Image sees 71 / 978 correspondences
I20261002 19:59:43.202724 24480 incremental_pipeline.cc:646] => Could not register, trying another image.
I20261002 19:59:43.202776 24480 incremental_pipeline.cc:620] Registering image #43 (num_reg_frames=3)
I20261002 19:59:43.202825 24480 incremental_pipeline.cc:623] => Image sees 53 / 107 points
I20261002 19:59:43.202873 24480 incremental_pipeline.cc:629] Registering image with structure-less fallback
I20261002 19:59:43.202921 24480 incremental_pipeline.cc:631] => Image sees 71 / 1003 correspondences
I20261002 19:59:43.202977 24480 incremental_pipeline.cc:646] => Could not register, trying another image.
I20261002 19:59:43.203025 24480 incremental_pipeline.cc:620] Registering image #54 (num_reg_frames=3)
I20261002 19:59:43.203073 24480 incremental_pipeline.cc:623] => Image sees 55 / 106 points
I20261002 19:59:43.203122 24480 incremental_pipeline.cc:629] Registering image with structure-less fallback
I20261002 19:59:43.203171 24480 incremental_pipeline.cc:631] => Image sees 69 / 1128 correspondences
I20261002 19:59:43.203227 24480 incremental_pipeline.cc:646] => Could not register, trying another image.
I20261002 19:59:43.203280 24480 incremental_pipeline.cc:620] Registering image #64 (num_reg_frames=3)
I20261002 19:59:43.203337 24480 incremental_pipeline.cc:623] => Image sees 53 / 95 points
I20261002 19:59:43.203388 24480 incremental_pipeline.cc:629] Registering image with structure-less fallback
I20261002 19:59:43.203436 24480 incremental_pipeline.cc:631] => Image sees 64 / 1114 correspondences
I20261002 19:59:43.203494 24480 incremental_pipeline.cc:646] => Could not register, trying another image.
I20261002 19:59:43.203544 24480 incremental_pipeline.cc:620] Registering image #47 (num_reg_frames=3)
I20261002 19:59:43.203594 24480 incremental_pipeline.cc:623] => Image sees 49 / 106 points
I20261002 19:59:43.203642 24480 incremental_pipeline.cc:629] Registering image with structure-less fallback
I20261002 19:59:43.203690 24480 incremental_pipeline.cc:631] => Image sees 63 / 1053 correspondences
I20261002 19:59:43.203746 24480 incremental_pipeline.cc:646] => Could not register, trying another image.
I20261002 19:59:43.203794 24480 incremental_pipeline.cc:620] Registering image #36 (num_reg_frames=3)
I20261002 19:59:43.203843 24480 incremental_pipeline.cc:623] => Image sees 33 / 93 points
I20261002 19:59:43.203891 24480 incremental_pipeline.cc:629] Registering image with structure-less fallback
I20261002 19:59:43.203938 24480 incremental_pipeline.cc:631] => Image sees 58 / 867 correspondences
I20261002 19:59:43.203987 24480 incremental_pipeline.cc:646] => Could not register, trying another image.
I20261002 19:59:43.204035 24480 incremental_pipeline.cc:620] Registering image #57 (num_reg_frames=3)
I20261002 19:59:43.204084 24480 incremental_pipeline.cc:623] => Image sees 35 / 107 points
I20261002 19:59:43.204133 24480 incremental_pipeline.cc:629] Registering image with structure-less fallback
I20261002 19:59:43.204184 24480 incremental_pipeline.cc:631] => Image sees 57 / 1085 correspondences
I20261002 19:59:43.204233 24480 incremental_pipeline.cc:646] => Could not register, trying another image.
I20261002 19:59:43.204281 24480 incremental_pipeline.cc:620] Registering image #34 (num_reg_frames=3)
I20261002 19:59:43.204330 24480 incremental_pipeline.cc:623] => Image sees 32 / 91 points
I20261002 19:59:43.204378 24480 incremental_pipeline.cc:629] Registering image with structure-less fallback
I20261002 19:59:43.204426 24480 incremental_pipeline.cc:631] => Image sees 53 / 768 correspondences
I20261002 19:59:43.204476 24480 incremental_pipeline.cc:646] => Could not register, trying another image.
I20261002 19:59:43.204524 24480 incremental_pipeline.cc:620] Registering image #81 (num_reg_frames=3)
I20261002 19:59:43.204572 24480 incremental_pipeline.cc:623] => Image sees 33 / 116 points
I20261002 19:59:43.204619 24480 incremental_pipeline.cc:629] Registering image with structure-less fallback
I20261002 19:59:43.204707 24480 incremental_pipeline.cc:631] => Image sees 34 / 736 correspondences
I20261002 19:59:43.204838 24480 incremental_pipeline.cc:646] => Could not register, trying another image.
W20261002 19:59:43.204957 24480 incremental_pipeline.cc:821] Discarding reconstruction due to insufficient size
I20261002 19:59:43.205936 24480 incremental_pipeline.cc:465] Finding good initial image pair
I20261002 19:59:43.212467 24480 incremental_pipeline.cc:492] Registering initial image pair #123 and #128
I20261002 19:59:43.212924 24480 incremental_pipeline.cc:510] Global bundle adjustment
I20261002 19:59:43.219077 24480 incremental_pipeline.cc:620] Registering image #130 (num_reg_frames=2)
I20261002 19:59:43.219192 24480 incremental_pipeline.cc:623] => Image sees 42 / 145 points
I20261002 19:59:43.227404 24480 incremental_pipeline.cc:88] Retriangulation and Global bundle adjustment
I20261002 19:59:43.236676 24480 incremental_pipeline.cc:620] Registering image #125 (num_reg_frames=3)
I20261002 19:59:43.236783 24480 incremental_pipeline.cc:623] => Image sees 82 / 175 points
I20261002 19:59:43.260668 24480 incremental_pipeline.cc:620] Registering image #119 (num_reg_frames=4)
I20261002 19:59:43.260786 24480 incremental_pipeline.cc:623] => Image sees 106 / 158 points
I20261002 19:59:43.280091 24480 incremental_pipeline.cc:88] Retriangulation and Global bundle adjustment
I20261002 19:59:43.322993 24480 incremental_pipeline.cc:620] Registering image #124 (num_reg_frames=5)
I20261002 19:59:43.323118 24480 incremental_pipeline.cc:623] => Image sees 117 / 168 points
I20261002 19:59:43.339757 24480 incremental_pipeline.cc:620] Registering image #121 (num_reg_frames=6)
I20261002 19:59:43.339877 24480 incremental_pipeline.cc:623] => Image sees 114 / 157 points
I20261002 19:59:43.349803 24480 incremental_pipeline.cc:88] Retriangulation and Global bundle adjustment
I20261002 19:59:43.393773 24480 incremental_pipeline.cc:620] Registering image #122 (num_reg_frames=7)
I20261002 19:59:43.393920 24480 incremental_pipeline.cc:623] => Image sees 105 / 179 points
I20261002 19:59:43.394017 24480 incremental_pipeline.cc:646] => Could not register, trying another image.
I20261002 19:59:43.394088 24480 incremental_pipeline.cc:620] Registering image #126 (num_reg_frames=7)
I20261002 19:59:43.394154 24480 incremental_pipeline.cc:623] => Image sees 99 / 158 points
I20261002 19:59:43.394231 24480 incremental_pipeline.cc:646] => Could not register, trying another image.
I20261002 19:59:43.394295 24480 incremental_pipeline.cc:620] Registering image #120 (num_reg_frames=7)
I20261002 19:59:43.394375 24480 incremental_pipeline.cc:623] => Image sees 94 / 193 points
I20261002 19:59:43.394489 24480 incremental_pipeline.cc:646] => Could not register, trying another image.
I20261002 19:59:43.394676 24480 incremental_pipeline.cc:620] Registering image #118 (num_reg_frames=7)
I20261002 19:59:43.394761 24480 incremental_pipeline.cc:623] => Image sees 89 / 179 points
I20261002 19:59:43.394834 24480 incremental_pipeline.cc:646] => Could not register, trying another image.
I20261002 19:59:43.394889 24480 incremental_pipeline.cc:620] Registering image #129 (num_reg_frames=7)
I20261002 19:59:43.394943 24480 incremental_pipeline.cc:623] => Image sees 86 / 181 points
I20261002 19:59:43.395014 24480 incremental_pipeline.cc:646] => Could not register, trying another image.
I20261002 19:59:43.395069 24480 incremental_pipeline.cc:620] Registering image #127 (num_reg_frames=7)
I20261002 19:59:43.395123 24480 incremental_pipeline.cc:623] => Image sees 72 / 150 points
I20261002 19:59:43.395187 24480 incremental_pipeline.cc:646] => Could not register, trying another image.
I20261002 19:59:43.395241 24480 incremental_pipeline.cc:620] Registering image #117 (num_reg_frames=7)
I20261002 19:59:43.395298 24480 incremental_pipeline.cc:623] => Image sees 65 / 233 points
I20261002 19:59:43.395370 24480 incremental_pipeline.cc:646] => Could not register, trying another image.
I20261002 19:59:43.395424 24480 incremental_pipeline.cc:620] Registering image #111 (num_reg_frames=7)
I20261002 19:59:43.395478 24480 incremental_pipeline.cc:623] => Image sees 64 / 190 points
I20261002 19:59:43.395542 24480 incremental_pipeline.cc:646] => Could not register, trying another image.
I20261002 19:59:43.395601 24480 incremental_pipeline.cc:620] Registering image #131 (num_reg_frames=7)
I20261002 19:59:43.395658 24480 incremental_pipeline.cc:623] => Image sees 74 / 158 points
I20261002 19:59:43.395723 24480 incremental_pipeline.cc:646] => Could not register, trying another image.
I20261002 19:59:43.395777 24480 incremental_pipeline.cc:620] Registering image #113 (num_reg_frames=7)
I20261002 19:59:43.395831 24480 incremental_pipeline.cc:623] => Image sees 64 / 173 points
I20261002 19:59:43.395932 24480 incremental_pipeline.cc:646] => Could not register, trying another image.
I20261002 19:59:43.395999 24480 incremental_pipeline.cc:620] Registering image #114 (num_reg_frames=7)
I20261002 19:59:43.396056 24480 incremental_pipeline.cc:623] => Image sees 57 / 170 points
I20261002 19:59:43.396126 24480 incremental_pipeline.cc:646] => Could not register, trying another image.
I20261002 19:59:43.396182 24480 incremental_pipeline.cc:620] Registering image #112 (num_reg_frames=7)
I20261002 19:59:43.396240 24480 incremental_pipeline.cc:623] => Image sees 59 / 150 points
I20261002 19:59:43.396308 24480 incremental_pipeline.cc:646] => Could not register, trying another image.
I20261002 19:59:43.396380 24480 incremental_pipeline.cc:620] Registering image #110 (num_reg_frames=7)
I20261002 19:59:43.396435 24480 incremental_pipeline.cc:623] => Image sees 47 / 251 points
I20261002 19:59:43.396502 24480 incremental_pipeline.cc:646] => Could not register, trying another image.
I20261002 19:59:43.396557 24480 incremental_pipeline.cc:620] Registering image #107 (num_reg_frames=7)
I20261002 19:59:43.396612 24480 incremental_pipeline.cc:623] => Image sees 44 / 246 points
I20261002 19:59:43.396678 24480 incremental_pipeline.cc:646] => Could not register, trying another image.
I20261002 19:59:43.396732 24480 incremental_pipeline.cc:620] Registering image #115 (num_reg_frames=7)
I20261002 19:59:43.396790 24480 incremental_pipeline.cc:623] => Image sees 41 / 251 points
I20261002 19:59:43.396857 24480 incremental_pipeline.cc:646] => Could not register, trying another image.
I20261002 19:59:43.396912 24480 incremental_pipeline.cc:620] Registering image #108 (num_reg_frames=7)
I20261002 19:59:43.396968 24480 incremental_pipeline.cc:623] => Image sees 41 / 263 points
I20261002 19:59:43.397033 24480 incremental_pipeline.cc:646] => Could not register, trying another image.
I20261002 19:59:43.397088 24480 incremental_pipeline.cc:620] Registering image #105 (num_reg_frames=7)
I20261002 19:59:43.397143 24480 incremental_pipeline.cc:623] => Image sees 34 / 258 points
I20261002 19:59:43.397209 24480 incremental_pipeline.cc:646] => Could not register, trying another image.
I20261002 19:59:43.397268 24480 incremental_pipeline.cc:620] Registering image #129 (num_reg_frames=7)
I20261002 19:59:43.397325 24480 incremental_pipeline.cc:623] => Image sees 86 / 181 points
I20261002 19:59:43.397380 24480 incremental_pipeline.cc:629] Registering image with structure-less fallback
I20261002 19:59:43.397436 24480 incremental_pipeline.cc:631] => Image sees 362 / 1105 correspondences
I20261002 19:59:43.397505 24480 incremental_pipeline.cc:646] => Could not register, trying another image.
I20261002 19:59:43.397562 24480 incremental_pipeline.cc:620] Registering image #126 (num_reg_frames=7)
I20261002 19:59:43.397617 24480 incremental_pipeline.cc:623] => Image sees 99 / 158 points
I20261002 19:59:43.397673 24480 incremental_pipeline.cc:629] Registering image with structure-less fallback
I20261002 19:59:43.397729 24480 incremental_pipeline.cc:631] => Image sees 282 / 667 correspondences
I20261002 19:59:43.397794 24480 incremental_pipeline.cc:646] => Could not register, trying another image.
I20261002 19:59:43.397851 24480 incremental_pipeline.cc:620] Registering image #122 (num_reg_frames=7)
I20261002 19:59:43.397908 24480 incremental_pipeline.cc:623] => Image sees 105 / 179 points
I20261002 19:59:43.397963 24480 incremental_pipeline.cc:629] Registering image with structure-less fallback
I20261002 19:59:43.398022 24480 incremental_pipeline.cc:631] => Image sees 261 / 696 correspondences
I20261002 19:59:43.398089 24480 incremental_pipeline.cc:646] => Could not register, trying another image.
I20261002 19:59:43.398143 24480 incremental_pipeline.cc:620] Registering image #117 (num_reg_frames=7)
I20261002 19:59:43.398198 24480 incremental_pipeline.cc:623] => Image sees 65 / 233 points
I20261002 19:59:43.398253 24480 incremental_pipeline.cc:629] Registering image with structure-less fallback
I20261002 19:59:43.398308 24480 incremental_pipeline.cc:631] => Image sees 222 / 2218 correspondences
I20261002 19:59:43.398380 24480 incremental_pipeline.cc:646] => Could not register, trying another image.
I20261002 19:59:43.398434 24480 incremental_pipeline.cc:620] Registering image #120 (num_reg_frames=7)
I20261002 19:59:43.398490 24480 incremental_pipeline.cc:623] => Image sees 94 / 193 points
I20261002 19:59:43.398548 24480 incremental_pipeline.cc:629] Registering image with structure-less fallback
I20261002 19:59:43.398604 24480 incremental_pipeline.cc:631] => Image sees 203 / 738 correspondences
I20261002 19:59:43.398669 24480 incremental_pipeline.cc:646] => Could not register, trying another image.
I20261002 19:59:43.398736 24480 incremental_pipeline.cc:620] Registering image #118 (num_reg_frames=7)
I20261002 19:59:43.398788 24480 incremental_pipeline.cc:623] => Image sees 89 / 179 points
I20261002 19:59:43.398898 24480 incremental_pipeline.cc:629] Registering image with structure-less fallback
I20261002 19:59:43.399051 24480 incremental_pipeline.cc:631] => Image sees 196 / 826 correspondences
I20261002 19:59:43.399145 24480 incremental_pipeline.cc:646] => Could not register, trying another image.
I20261002 19:59:43.399202 24480 incremental_pipeline.cc:620] Registering image #127 (num_reg_frames=7)
I20261002 19:59:43.399256 24480 incremental_pipeline.cc:623] => Image sees 72 / 150 points
I20261002 19:59:43.399327 24480 incremental_pipeline.cc:629] Registering image with structure-less fallback
I20261002 19:59:43.399447 24480 incremental_pipeline.cc:631] => Image sees 160 / 586 correspondences
I20261002 19:59:43.399569 24480 incremental_pipeline.cc:646] => Could not register, trying another image.
I20261002 19:59:43.399633 24480 incremental_pipeline.cc:620] Registering image #131 (num_reg_frames=7)
I20261002 19:59:43.399688 24480 incremental_pipeline.cc:623] => Image sees 74 / 158 points
I20261002 19:59:43.399742 24480 incremental_pipeline.cc:629] Registering image with structure-less fallback
I20261002 19:59:43.399794 24480 incremental_pipeline.cc:631] => Image sees 138 / 552 correspondences
I20261002 19:59:43.399873 24480 incremental_pipeline.cc:646] => Could not register, trying another image.
I20261002 19:59:43.399966 24480 incremental_pipeline.cc:620] Registering image #113 (num_reg_frames=7)
I20261002 19:59:43.400025 24480 incremental_pipeline.cc:623] => Image sees 64 / 173 points
I20261002 19:59:43.400103 24480 incremental_pipeline.cc:629] Registering image with structure-less fallback
I20261002 19:59:43.400172 24480 incremental_pipeline.cc:631] => Image sees 112 / 824 correspondences
I20261002 19:59:43.400242 24480 incremental_pipeline.cc:646] => Could not register, trying another image.
I20261002 19:59:43.400300 24480 incremental_pipeline.cc:620] Registering image #112 (num_reg_frames=7)
I20261002 19:59:43.400358 24480 incremental_pipeline.cc:623] => Image sees 59 / 150 points
I20261002 19:59:43.400416 24480 incremental_pipeline.cc:629] Registering image with structure-less fallback
I20261002 19:59:43.400469 24480 incremental_pipeline.cc:631] => Image sees 100 / 614 correspondences
I20261002 19:59:43.400566 24480 incremental_pipeline.cc:646] => Could not register, trying another image.
I20261002 19:59:43.400627 24480 incremental_pipeline.cc:620] Registering image #114 (num_reg_frames=7)
I20261002 19:59:43.400683 24480 incremental_pipeline.cc:623] => Image sees 57 / 170 points
I20261002 19:59:43.400738 24480 incremental_pipeline.cc:629] Registering image with structure-less fallback
I20261002 19:59:43.400798 24480 incremental_pipeline.cc:631] => Image sees 95 / 742 correspondences
I20261002 19:59:43.400861 24480 incremental_pipeline.cc:646] => Could not register, trying another image.
I20261002 19:59:43.400916 24480 incremental_pipeline.cc:620] Registering image #111 (num_reg_frames=7)
I20261002 19:59:43.400973 24480 incremental_pipeline.cc:623] => Image sees 64 / 190 points
I20261002 19:59:43.401030 24480 incremental_pipeline.cc:629] Registering image with structure-less fallback
I20261002 19:59:43.401087 24480 incremental_pipeline.cc:631] => Image sees 93 / 974 correspondences
I20261002 19:59:43.401152 24480 incremental_pipeline.cc:646] => Could not register, trying another image.
I20261002 19:59:43.401207 24480 incremental_pipeline.cc:620] Registering image #107 (num_reg_frames=7)
I20261002 19:59:43.401263 24480 incremental_pipeline.cc:623] => Image sees 44 / 246 points
I20261002 19:59:43.401318 24480 incremental_pipeline.cc:629] Registering image with structure-less fallback
I20261002 19:59:43.401373 24480 incremental_pipeline.cc:631] => Image sees 69 / 1160 correspondences
I20261002 19:59:43.401440 24480 incremental_pipeline.cc:646] => Could not register, trying another image.
I20261002 19:59:43.401495 24480 incremental_pipeline.cc:620] Registering image #110 (num_reg_frames=7)
I20261002 19:59:43.401562 24480 incremental_pipeline.cc:623] => Image sees 47 / 251 points
I20261002 19:59:43.401619 24480 incremental_pipeline.cc:629] Registering image with structure-less fallback
I20261002 19:59:43.401674 24480 incremental_pipeline.cc:631] => Image sees 66 / 1147 correspondences
I20261002 19:59:43.401739 24480 incremental_pipeline.cc:646] => Could not register, trying another image.
I20261002 19:59:43.401795 24480 incremental_pipeline.cc:620] Registering image #108 (num_reg_frames=7)
I20261002 19:59:43.401851 24480 incremental_pipeline.cc:623] => Image sees 41 / 263 points
I20261002 19:59:43.401907 24480 incremental_pipeline.cc:629] Registering image with structure-less fallback
I20261002 19:59:43.401963 24480 incremental_pipeline.cc:631] => Image sees 63 / 1332 correspondences
I20261002 19:59:43.402029 24480 incremental_pipeline.cc:646] => Could not register, trying another image.
I20261002 19:59:43.402085 24480 incremental_pipeline.cc:620] Registering image #115 (num_reg_frames=7)
I20261002 19:59:43.402140 24480 incremental_pipeline.cc:623] => Image sees 41 / 251 points
I20261002 19:59:43.402197 24480 incremental_pipeline.cc:629] Registering image with structure-less fallback
I20261002 19:59:43.402253 24480 incremental_pipeline.cc:631] => Image sees 57 / 1154 correspondences
I20261002 19:59:43.402308 24480 incremental_pipeline.cc:646] => Could not register, trying another image.
I20261002 19:59:43.402362 24480 incremental_pipeline.cc:620] Registering image #105 (num_reg_frames=7)
I20261002 19:59:43.402417 24480 incremental_pipeline.cc:623] => Image sees 34 / 258 points
I20261002 19:59:43.402474 24480 incremental_pipeline.cc:629] Registering image with structure-less fallback
I20261002 19:59:43.402529 24480 incremental_pipeline.cc:631] => Image sees 41 / 1264 correspondences
I20261002 19:59:43.402584 24480 incremental_pipeline.cc:646] => Could not register, trying another image.
I20261002 19:59:43.402639 24480 incremental_pipeline.cc:88] Retriangulation and Global bundle adjustment
I20261002 19:59:43.445527 24480 incremental_pipeline.cc:620] Registering image #122 (num_reg_frames=7)
I20261002 19:59:43.445683 24480 incremental_pipeline.cc:623] => Image sees 105 / 179 points
I20261002 19:59:43.445773 24480 incremental_pipeline.cc:646] => Could not register, trying another image.
I20261002 19:59:43.445825 24480 incremental_pipeline.cc:620] Registering image #126 (num_reg_frames=7)
I20261002 19:59:43.445873 24480 incremental_pipeline.cc:623] => Image sees 99 / 158 points
I20261002 19:59:43.445933 24480 incremental_pipeline.cc:646] => Could not register, trying another image.
I20261002 19:59:43.445980 24480 incremental_pipeline.cc:620] Registering image #120 (num_reg_frames=7)
I20261002 19:59:43.446031 24480 incremental_pipeline.cc:623] => Image sees 94 / 193 points
I20261002 19:59:43.446090 24480 incremental_pipeline.cc:646] => Could not register, trying another image.
I20261002 19:59:43.446136 24480 incremental_pipeline.cc:620] Registering image #118 (num_reg_frames=7)
I20261002 19:59:43.446182 24480 incremental_pipeline.cc:623] => Image sees 89 / 179 points
I20261002 19:59:43.446239 24480 incremental_pipeline.cc:646] => Could not register, trying another image.
I20261002 19:59:43.446286 24480 incremental_pipeline.cc:620] Registering image #129 (num_reg_frames=7)
I20261002 19:59:43.446333 24480 incremental_pipeline.cc:623] => Image sees 86 / 181 points
I20261002 19:59:43.446400 24480 incremental_pipeline.cc:646] => Could not register, trying another image.
I20261002 19:59:43.446447 24480 incremental_pipeline.cc:620] Registering image #127 (num_reg_frames=7)
I20261002 19:59:43.446493 24480 incremental_pipeline.cc:623] => Image sees 72 / 150 points
I20261002 19:59:43.446549 24480 incremental_pipeline.cc:646] => Could not register, trying another image.
I20261002 19:59:43.446595 24480 incremental_pipeline.cc:620] Registering image #117 (num_reg_frames=7)
I20261002 19:59:43.446642 24480 incremental_pipeline.cc:623] => Image sees 65 / 233 points
I20261002 19:59:43.446721 24480 incremental_pipeline.cc:646] => Could not register, trying another image.
I20261002 19:59:43.446768 24480 incremental_pipeline.cc:620] Registering image #111 (num_reg_frames=7)
I20261002 19:59:43.446814 24480 incremental_pipeline.cc:623] => Image sees 64 / 190 points
I20261002 19:59:43.446869 24480 incremental_pipeline.cc:646] => Could not register, trying another image.
I20261002 19:59:43.446914 24480 incremental_pipeline.cc:620] Registering image #131 (num_reg_frames=7)
I20261002 19:59:43.446959 24480 incremental_pipeline.cc:623] => Image sees 74 / 158 points
I20261002 19:59:43.447014 24480 incremental_pipeline.cc:646] => Could not register, trying another image.
I20261002 19:59:43.447060 24480 incremental_pipeline.cc:620] Registering image #113 (num_reg_frames=7)
I20261002 19:59:43.447106 24480 incremental_pipeline.cc:623] => Image sees 64 / 173 points
I20261002 19:59:43.447161 24480 incremental_pipeline.cc:646] => Could not register, trying another image.
I20261002 19:59:43.447207 24480 incremental_pipeline.cc:620] Registering image #114 (num_reg_frames=7)
I20261002 19:59:43.447253 24480 incremental_pipeline.cc:623] => Image sees 57 / 170 points
I20261002 19:59:43.447463 24480 incremental_pipeline.cc:646] => Could not register, trying another image.
I20261002 19:59:43.447589 24480 incremental_pipeline.cc:620] Registering image #112 (num_reg_frames=7)
I20261002 19:59:43.447780 24480 incremental_pipeline.cc:623] => Image sees 59 / 150 points
I20261002 19:59:43.447863 24480 incremental_pipeline.cc:646] => Could not register, trying another image.
I20261002 19:59:43.447916 24480 incremental_pipeline.cc:620] Registering image #110 (num_reg_frames=7)
I20261002 19:59:43.448012 24480 incremental_pipeline.cc:623] => Image sees 47 / 251 points
I20261002 19:59:43.448108 24480 incremental_pipeline.cc:646] => Could not register, trying another image.
I20261002 19:59:43.448171 24480 incremental_pipeline.cc:620] Registering image #107 (num_reg_frames=7)
I20261002 19:59:43.448229 24480 incremental_pipeline.cc:623] => Image sees 44 / 246 points
I20261002 19:59:43.448297 24480 incremental_pipeline.cc:646] => Could not register, trying another image.
I20261002 19:59:43.448351 24480 incremental_pipeline.cc:620] Registering image #115 (num_reg_frames=7)
I20261002 19:59:43.448407 24480 incremental_pipeline.cc:623] => Image sees 41 / 251 points
I20261002 19:59:43.448478 24480 incremental_pipeline.cc:646] => Could not register, trying another image.
I20261002 19:59:43.448532 24480 incremental_pipeline.cc:620] Registering image #108 (num_reg_frames=7)
I20261002 19:59:43.448587 24480 incremental_pipeline.cc:623] => Image sees 41 / 263 points
I20261002 19:59:43.448657 24480 incremental_pipeline.cc:646] => Could not register, trying another image.
I20261002 19:59:43.448712 24480 incremental_pipeline.cc:620] Registering image #105 (num_reg_frames=7)
I20261002 19:59:43.448768 24480 incremental_pipeline.cc:623] => Image sees 34 / 258 points
I20261002 19:59:43.448837 24480 incremental_pipeline.cc:646] => Could not register, trying another image.
I20261002 19:59:43.448895 24480 incremental_pipeline.cc:620] Registering image #129 (num_reg_frames=7)
I20261002 19:59:43.448951 24480 incremental_pipeline.cc:623] => Image sees 86 / 181 points
I20261002 19:59:43.449005 24480 incremental_pipeline.cc:629] Registering image with structure-less fallback
I20261002 19:59:43.449059 24480 incremental_pipeline.cc:631] => Image sees 362 / 1105 correspondences
I20261002 19:59:43.449126 24480 incremental_pipeline.cc:646] => Could not register, trying another image.
I20261002 19:59:43.449181 24480 incremental_pipeline.cc:620] Registering image #126 (num_reg_frames=7)
I20261002 19:59:43.449235 24480 incremental_pipeline.cc:623] => Image sees 99 / 158 points
I20261002 19:59:43.449289 24480 incremental_pipeline.cc:629] Registering image with structure-less fallback
I20261002 19:59:43.449342 24480 incremental_pipeline.cc:631] => Image sees 282 / 667 correspondences
I20261002 19:59:43.449406 24480 incremental_pipeline.cc:646] => Could not register, trying another image.
I20261002 19:59:43.449472 24480 incremental_pipeline.cc:620] Registering image #122 (num_reg_frames=7)
I20261002 19:59:43.449527 24480 incremental_pipeline.cc:623] => Image sees 105 / 179 points
I20261002 19:59:43.449581 24480 incremental_pipeline.cc:629] Registering image with structure-less fallback
I20261002 19:59:43.449635 24480 incremental_pipeline.cc:631] => Image sees 261 / 696 correspondences
I20261002 19:59:43.449699 24480 incremental_pipeline.cc:646] => Could not register, trying another image.
I20261002 19:59:43.449752 24480 incremental_pipeline.cc:620] Registering image #117 (num_reg_frames=7)
I20261002 19:59:43.449804 24480 incremental_pipeline.cc:623] => Image sees 65 / 233 points
I20261002 19:59:43.449860 24480 incremental_pipeline.cc:629] Registering image with structure-less fallback
I20261002 19:59:43.449914 24480 incremental_pipeline.cc:631] => Image sees 222 / 2218 correspondences
I20261002 19:59:43.449983 24480 incremental_pipeline.cc:646] => Could not register, trying another image.
I20261002 19:59:43.450036 24480 incremental_pipeline.cc:620] Registering image #120 (num_reg_frames=7)
I20261002 19:59:43.450090 24480 incremental_pipeline.cc:623] => Image sees 94 / 193 points
I20261002 19:59:43.450144 24480 incremental_pipeline.cc:629] Registering image with structure-less fallback
I20261002 19:59:43.450197 24480 incremental_pipeline.cc:631] => Image sees 203 / 738 correspondences
I20261002 19:59:43.450261 24480 incremental_pipeline.cc:646] => Could not register, trying another image.
I20261002 19:59:43.450313 24480 incremental_pipeline.cc:620] Registering image #118 (num_reg_frames=7)
I20261002 19:59:43.450367 24480 incremental_pipeline.cc:623] => Image sees 89 / 179 points
I20261002 19:59:43.450420 24480 incremental_pipeline.cc:629] Registering image with structure-less fallback
I20261002 19:59:43.450473 24480 incremental_pipeline.cc:631] => Image sees 196 / 826 correspondences
I20261002 19:59:43.450535 24480 incremental_pipeline.cc:646] => Could not register, trying another image.
I20261002 19:59:43.450589 24480 incremental_pipeline.cc:620] Registering image #127 (num_reg_frames=7)
I20261002 19:59:43.450642 24480 incremental_pipeline.cc:623] => Image sees 72 / 150 points
I20261002 19:59:43.450695 24480 incremental_pipeline.cc:629] Registering image with structure-less fallback
I20261002 19:59:43.450748 24480 incremental_pipeline.cc:631] => Image sees 160 / 586 correspondences
I20261002 19:59:43.450810 24480 incremental_pipeline.cc:646] => Could not register, trying another image.
I20261002 19:59:43.450865 24480 incremental_pipeline.cc:620] Registering image #131 (num_reg_frames=7)
I20261002 19:59:43.450979 24480 incremental_pipeline.cc:623] => Image sees 74 / 158 points
I20261002 19:59:43.451035 24480 incremental_pipeline.cc:629] Registering image with structure-less fallback
I20261002 19:59:43.451089 24480 incremental_pipeline.cc:631] => Image sees 138 / 552 correspondences
I20261002 19:59:43.451151 24480 incremental_pipeline.cc:646] => Could not register, trying another image.
I20261002 19:59:43.451206 24480 incremental_pipeline.cc:620] Registering image #113 (num_reg_frames=7)
I20261002 19:59:43.451259 24480 incremental_pipeline.cc:623] => Image sees 64 / 173 points
I20261002 19:59:43.451312 24480 incremental_pipeline.cc:629] Registering image with structure-less fallback
I20261002 19:59:43.451366 24480 incremental_pipeline.cc:631] => Image sees 112 / 824 correspondences
I20261002 19:59:43.451428 24480 incremental_pipeline.cc:646] => Could not register, trying another image.
I20261002 19:59:43.451481 24480 incremental_pipeline.cc:620] Registering image #112 (num_reg_frames=7)
I20261002 19:59:43.451534 24480 incremental_pipeline.cc:623] => Image sees 59 / 150 points
I20261002 19:59:43.451587 24480 incremental_pipeline.cc:629] Registering image with structure-less fallback
I20261002 19:59:43.451641 24480 incremental_pipeline.cc:631] => Image sees 100 / 614 correspondences
I20261002 19:59:43.451702 24480 incremental_pipeline.cc:646] => Could not register, trying another image.
I20261002 19:59:43.451781 24480 incremental_pipeline.cc:620] Registering image #114 (num_reg_frames=7)
I20261002 19:59:43.451839 24480 incremental_pipeline.cc:623] => Image sees 57 / 170 points
I20261002 19:59:43.451894 24480 incremental_pipeline.cc:629] Registering image with structure-less fallback
I20261002 19:59:43.451948 24480 incremental_pipeline.cc:631] => Image sees 95 / 742 correspondences
I20261002 19:59:43.452010 24480 incremental_pipeline.cc:646] => Could not register, trying another image.
I20261002 19:59:43.452064 24480 incremental_pipeline.cc:620] Registering image #111 (num_reg_frames=7)
I20261002 19:59:43.452117 24480 incremental_pipeline.cc:623] => Image sees 64 / 190 points
I20261002 19:59:43.452172 24480 incremental_pipeline.cc:629] Registering image with structure-less fallback
I20261002 19:59:43.452226 24480 incremental_pipeline.cc:631] => Image sees 93 / 974 correspondences
I20261002 19:59:43.452289 24480 incremental_pipeline.cc:646] => Could not register, trying another image.
I20261002 19:59:43.452344 24480 incremental_pipeline.cc:620] Registering image #107 (num_reg_frames=7)
I20261002 19:59:43.452397 24480 incremental_pipeline.cc:623] => Image sees 44 / 246 points
I20261002 19:59:43.452450 24480 incremental_pipeline.cc:629] Registering image with structure-less fallback
I20261002 19:59:43.452503 24480 incremental_pipeline.cc:631] => Image sees 69 / 1160 correspondences
I20261002 19:59:43.452567 24480 incremental_pipeline.cc:646] => Could not register, trying another image.
I20261002 19:59:43.452620 24480 incremental_pipeline.cc:620] Registering image #110 (num_reg_frames=7)
I20261002 19:59:43.452674 24480 incremental_pipeline.cc:623] => Image sees 47 / 251 points
I20261002 19:59:43.452727 24480 incremental_pipeline.cc:629] Registering image with structure-less fallback
I20261002 19:59:43.452780 24480 incremental_pipeline.cc:631] => Image sees 66 / 1147 correspondences
I20261002 19:59:43.452846 24480 incremental_pipeline.cc:646] => Could not register, trying another image.
I20261002 19:59:43.452899 24480 incremental_pipeline.cc:620] Registering image #108 (num_reg_frames=7)
I20261002 19:59:43.452952 24480 incremental_pipeline.cc:623] => Image sees 41 / 263 points
I20261002 19:59:43.453005 24480 incremental_pipeline.cc:629] Registering image with structure-less fallback
I20261002 19:59:43.453059 24480 incremental_pipeline.cc:631] => Image sees 63 / 1332 correspondences
I20261002 19:59:43.453123 24480 incremental_pipeline.cc:646] => Could not register, trying another image.
I20261002 19:59:43.453175 24480 incremental_pipeline.cc:620] Registering image #115 (num_reg_frames=7)
I20261002 19:59:43.453231 24480 incremental_pipeline.cc:623] => Image sees 41 / 251 points
I20261002 19:59:43.453284 24480 incremental_pipeline.cc:629] Registering image with structure-less fallback
I20261002 19:59:43.453338 24480 incremental_pipeline.cc:631] => Image sees 57 / 1154 correspondences
I20261002 19:59:43.453390 24480 incremental_pipeline.cc:646] => Could not register, trying another image.
I20261002 19:59:43.453531 24480 incremental_pipeline.cc:620] Registering image #105 (num_reg_frames=7)
I20261002 19:59:43.453611 24480 incremental_pipeline.cc:623] => Image sees 34 / 258 points
I20261002 19:59:43.453669 24480 incremental_pipeline.cc:629] Registering image with structure-less fallback
I20261002 19:59:43.453723 24480 incremental_pipeline.cc:631] => Image sees 41 / 1264 correspondences
I20261002 19:59:43.453778 24480 incremental_pipeline.cc:646] => Could not register, trying another image.
W20261002 19:59:43.453832 24480 incremental_pipeline.cc:821] Discarding reconstruction due to insufficient size
I20261002 19:59:43.454934 24480 incremental_pipeline.cc:465] Finding good initial image pair
I20261002 19:59:43.462241 24480 incremental_pipeline.cc:492] Registering initial image pair #74 and #79
I20261002 19:59:43.462784 24480 incremental_pipeline.cc:510] Global bundle adjustment
I20261002 19:59:43.466580 24480 incremental_pipeline.cc:620] Registering image #70 (num_reg_frames=2)
I20261002 19:59:43.466691 24480 incremental_pipeline.cc:623] => Image sees 47 / 114 points
I20261002 19:59:43.470298 24480 incremental_pipeline.cc:88] Retriangulation and Global bundle adjustment
I20261002 19:59:43.473927 24480 incremental_pipeline.cc:620] Registering image #53 (num_reg_frames=3)
I20261002 19:59:43.474034 24480 incremental_pipeline.cc:623] => Image sees 49 / 111 points
I20261002 19:59:43.482614 24480 incremental_pipeline.cc:620] Registering image #82 (num_reg_frames=4)
I20261002 19:59:43.482733 24480 incremental_pipeline.cc:623] => Image sees 54 / 127 points
I20261002 19:59:43.486450 24480 incremental_pipeline.cc:88] Retriangulation and Global bundle adjustment
I20261002 19:59:43.494306 24480 incremental_pipeline.cc:620] Registering image #50 (num_reg_frames=5)
I20261002 19:59:43.494419 24480 incremental_pipeline.cc:623] => Image sees 56 / 113 points
I20261002 19:59:43.497297 24480 incremental_pipeline.cc:620] Registering image #72 (num_reg_frames=6)
I20261002 19:59:43.497414 24480 incremental_pipeline.cc:623] => Image sees 55 / 105 points
I20261002 19:59:43.499127 24480 incremental_pipeline.cc:88] Retriangulation and Global bundle adjustment
I20261002 19:59:43.554687 24480 incremental_pipeline.cc:620] Registering image #84 (num_reg_frames=7)
I20261002 19:59:43.554832 24480 incremental_pipeline.cc:623] => Image sees 55 / 113 points
I20261002 19:59:43.559055 24480 incremental_pipeline.cc:620] Registering image #71 (num_reg_frames=8)
I20261002 19:59:43.559184 24480 incremental_pipeline.cc:623] => Image sees 51 / 108 points
I20261002 19:59:43.566959 24480 incremental_pipeline.cc:620] Registering image #63 (num_reg_frames=9)
I20261002 19:59:43.567146 24480 incremental_pipeline.cc:623] => Image sees 54 / 107 points
I20261002 19:59:43.571009 24480 incremental_pipeline.cc:88] Retriangulation and Global bundle adjustment
W20261002 19:59:43.601101 24480 bundle_adjustment_ceres.cc:391] Failed to fix Gauge with two cameras. Falling back to fixing Gauge with three points.
W20261002 19:59:43.601322 24480 bundle_adjustment_ceres.cc:298] Failed to fix Gauge due to insufficient number of fixed points: 0
I20261002 19:59:43.602533 24480 incremental_pipeline.cc:88] Retriangulation and Global bundle adjustment
I20261002 19:59:43.607171 24480 incremental_pipeline.cc:826] Keeping successful reconstruction
I20261002 19:59:43.607943 24480 incremental_pipeline.cc:465] Finding good initial image pair
I20261002 19:59:43.613930 24480 incremental_pipeline.cc:492] Registering initial image pair #47 and #30
I20261002 19:59:43.614528 24480 incremental_pipeline.cc:510] Global bundle adjustment
I20261002 19:59:43.620702 24480 incremental_pipeline.cc:620] Registering image #71 (num_reg_frames=2)
I20261002 19:59:43.620809 24480 incremental_pipeline.cc:623] => Image sees 46 / 108 points
I20261002 19:59:43.623003 24480 incremental_pipeline.cc:88] Retriangulation and Global bundle adjustment
I20261002 19:59:43.634208 24480 incremental_pipeline.cc:88] Retriangulation and Global bundle adjustment
W20261002 19:59:43.640874 24480 incremental_pipeline.cc:821] Discarding reconstruction due to insufficient size
I20261002 19:59:43.641711 24480 incremental_pipeline.cc:465] Finding good initial image pair
I20261002 19:59:43.652132 24480 incremental_pipeline.cc:492] Registering initial image pair #42 and #37
I20261002 19:59:43.652730 24480 incremental_pipeline.cc:510] Global bundle adjustment
I20261002 19:59:43.658776 24480 incremental_pipeline.cc:620] Registering image #43 (num_reg_frames=2)
I20261002 19:59:43.658890 24480 incremental_pipeline.cc:623] => Image sees 49 / 107 points
I20261002 19:59:43.662389 24480 incremental_pipeline.cc:88] Retriangulation and Global bundle adjustment
I20261002 19:59:43.680346 24480 incremental_pipeline.cc:620] Registering image #41 (num_reg_frames=3)
I20261002 19:59:43.680480 24480 incremental_pipeline.cc:623] => Image sees 62 / 120 points
I20261002 19:59:43.686525 24480 incremental_pipeline.cc:620] Registering image #54 (num_reg_frames=4)
I20261002 19:59:43.686653 24480 incremental_pipeline.cc:623] => Image sees 66 / 106 points
I20261002 19:59:43.690664 24480 incremental_pipeline.cc:88] Retriangulation and Global bundle adjustment
I20261002 19:59:43.709180 24480 incremental_pipeline.cc:620] Registering image #71 (num_reg_frames=5)
I20261002 19:59:43.709333 24480 incremental_pipeline.cc:623] => Image sees 71 / 108 points
I20261002 19:59:43.714505 24480 incremental_pipeline.cc:620] Registering image #46 (num_reg_frames=6)
I20261002 19:59:43.714630 24480 incremental_pipeline.cc:623] => Image sees 77 / 112 points
I20261002 19:59:43.716621 24480 incremental_pipeline.cc:88] Retriangulation and Global bundle adjustment
I20261002 19:59:43.744671 24480 incremental_pipeline.cc:620] Registering image #53 (num_reg_frames=7)
I20261002 19:59:43.744838 24480 incremental_pipeline.cc:623] => Image sees 79 / 111 points
I20261002 19:59:43.750499 24480 incremental_pipeline.cc:620] Registering image #56 (num_reg_frames=8)
I20261002 19:59:43.750644 24480 incremental_pipeline.cc:623] => Image sees 88 / 114 points
I20261002 19:59:43.756487 24480 incremental_pipeline.cc:620] Registering image #45 (num_reg_frames=9)
I20261002 19:59:43.756602 24480 incremental_pipeline.cc:623] => Image sees 81 / 99 points
I20261002 19:59:43.760820 24480 incremental_pipeline.cc:88] Retriangulation and Global bundle adjustment
I20261002 19:59:43.810587 24480 incremental_pipeline.cc:620] Registering image #59 (num_reg_frames=10)
I20261002 19:59:43.810767 24480 incremental_pipeline.cc:623] => Image sees 90 / 113 points
I20261002 19:59:43.821371 24480 incremental_pipeline.cc:620] Registering image #73 (num_reg_frames=11)
I20261002 19:59:43.821498 24480 incremental_pipeline.cc:623] => Image sees 100 / 113 points
I20261002 19:59:43.828238 24480 incremental_pipeline.cc:620] Registering image #67 (num_reg_frames=12)
I20261002 19:59:43.828370 24480 incremental_pipeline.cc:623] => Image sees 95 / 109 points
I20261002 19:59:43.835075 24480 incremental_pipeline.cc:620] Registering image #66 (num_reg_frames=13)
I20261002 19:59:43.835198 24480 incremental_pipeline.cc:623] => Image sees 99 / 104 points
I20261002 19:59:43.842683 24480 incremental_pipeline.cc:88] Retriangulation and Global bundle adjustment
I20261002 19:59:44.095494 24480 incremental_pipeline.cc:620] Registering image #50 (num_reg_frames=14)
I20261002 19:59:44.095657 24480 incremental_pipeline.cc:623] => Image sees 100 / 113 points
I20261002 19:59:44.105713 24480 incremental_pipeline.cc:620] Registering image #51 (num_reg_frames=15)
I20261002 19:59:44.105872 24480 incremental_pipeline.cc:623] => Image sees 94 / 107 points
I20261002 19:59:44.114279 24480 incremental_pipeline.cc:620] Registering image #70 (num_reg_frames=16)
I20261002 19:59:44.114404 24480 incremental_pipeline.cc:623] => Image sees 96 / 114 points
I20261002 19:59:44.120396 24480 incremental_pipeline.cc:620] Registering image #52 (num_reg_frames=17)
I20261002 19:59:44.120516 24480 incremental_pipeline.cc:623] => Image sees 92 / 103 points
I20261002 19:59:44.125976 24480 incremental_pipeline.cc:620] Registering image #48 (num_reg_frames=18)
I20261002 19:59:44.126087 24480 incremental_pipeline.cc:623] => Image sees 98 / 105 points
I20261002 19:59:44.133283 24480 incremental_pipeline.cc:620] Registering image #72 (num_reg_frames=19)
I20261002 19:59:44.133433 24480 incremental_pipeline.cc:623] => Image sees 97 / 105 points
I20261002 19:59:44.136458 24480 incremental_pipeline.cc:88] Retriangulation and Global bundle adjustment
I20261002 19:59:44.830283 24480 incremental_pipeline.cc:620] Registering image #61 (num_reg_frames=20)
I20261002 19:59:44.839426 24480 incremental_pipeline.cc:623] => Image sees 91 / 104 points
I20261002 19:59:44.846412 24480 incremental_pipeline.cc:620] Registering image #63 (num_reg_frames=21)
I20261002 19:59:44.846530 24480 incremental_pipeline.cc:623] => Image sees 91 / 107 points
I20261002 19:59:44.853310 24480 incremental_pipeline.cc:620] Registering image #68 (num_reg_frames=22)
I20261002 19:59:44.853435 24480 incremental_pipeline.cc:623] => Image sees 93 / 108 points
I20261002 19:59:44.859733 24480 incremental_pipeline.cc:620] Registering image #57 (num_reg_frames=23)
I20261002 19:59:44.859868 24480 incremental_pipeline.cc:623] => Image sees 95 / 107 points
I20261002 19:59:44.866642 24480 incremental_pipeline.cc:620] Registering image #62 (num_reg_frames=24)
I20261002 19:59:44.866757 24480 incremental_pipeline.cc:623] => Image sees 93 / 97 points
I20261002 19:59:44.875182 24480 incremental_pipeline.cc:620] Registering image #60 (num_reg_frames=25)
I20261002 19:59:44.875383 24480 incremental_pipeline.cc:623] => Image sees 95 / 100 points
I20261002 19:59:44.882395 24480 incremental_pipeline.cc:620] Registering image #77 (num_reg_frames=26)
I20261002 19:59:44.882581 24480 incremental_pipeline.cc:623] => Image sees 90 / 125 points
I20261002 19:59:44.889859 24480 incremental_pipeline.cc:620] Registering image #74 (num_reg_frames=27)
I20261002 19:59:44.889974 24480 incremental_pipeline.cc:623] => Image sees 94 / 121 points
I20261002 19:59:44.896447 24480 incremental_pipeline.cc:88] Retriangulation and Global bundle adjustment
I20261002 19:59:46.055846 24480 incremental_pipeline.cc:620] Registering image #47 (num_reg_frames=28)
I20261002 19:59:46.056003 24480 incremental_pipeline.cc:623] => Image sees 87 / 106 points
I20261002 19:59:46.062656 24480 incremental_pipeline.cc:620] Registering image #55 (num_reg_frames=29)
I20261002 19:59:46.062822 24480 incremental_pipeline.cc:623] => Image sees 86 / 99 points
I20261002 19:59:46.068117 24480 incremental_pipeline.cc:620] Registering image #58 (num_reg_frames=30)
I20261002 19:59:46.068253 24480 incremental_pipeline.cc:623] => Image sees 86 / 101 points
I20261002 19:59:46.073292 24480 incremental_pipeline.cc:620] Registering image #64 (num_reg_frames=31)
I20261002 19:59:46.073424 24480 incremental_pipeline.cc:623] => Image sees 86 / 95 points
I20261002 19:59:46.078500 24480 incremental_pipeline.cc:620] Registering image #69 (num_reg_frames=32)
I20261002 19:59:46.078615 24480 incremental_pipeline.cc:623] => Image sees 86 / 102 points
I20261002 19:59:46.083678 24480 incremental_pipeline.cc:620] Registering image #75 (num_reg_frames=33)
I20261002 19:59:46.083805 24480 incremental_pipeline.cc:623] => Image sees 88 / 104 points
I20261002 19:59:46.090007 24480 incremental_pipeline.cc:620] Registering image #44 (num_reg_frames=34)
I20261002 19:59:46.090134 24480 incremental_pipeline.cc:623] => Image sees 83 / 95 points
I20261002 19:59:46.095418 24480 incremental_pipeline.cc:620] Registering image #30 (num_reg_frames=35)
I20261002 19:59:46.095544 24480 incremental_pipeline.cc:623] => Image sees 87 / 96 points
I20261002 19:59:46.102921 24480 incremental_pipeline.cc:620] Registering image #32 (num_reg_frames=36)
I20261002 19:59:46.103075 24480 incremental_pipeline.cc:623] => Image sees 92 / 102 points
I20261002 19:59:46.109290 24480 incremental_pipeline.cc:620] Registering image #36 (num_reg_frames=37)
I20261002 19:59:46.109422 24480 incremental_pipeline.cc:623] => Image sees 87 / 93 points
I20261002 19:59:46.114519 24480 incremental_pipeline.cc:620] Registering image #33 (num_reg_frames=38)
I20261002 19:59:46.114645 24480 incremental_pipeline.cc:623] => Image sees 92 / 105 points
I20261002 19:59:46.119657 24480 incremental_pipeline.cc:620] Registering image #40 (num_reg_frames=39)
I20261002 19:59:46.119778 24480 incremental_pipeline.cc:623] => Image sees 85 / 93 points
I20261002 19:59:46.123812 24480 incremental_pipeline.cc:88] Retriangulation and Global bundle adjustment
I20261002 19:59:46.761259 24480 incremental_pipeline.cc:620] Registering image #35 (num_reg_frames=40)
I20261002 19:59:46.761433 24480 incremental_pipeline.cc:623] => Image sees 85 / 95 points
I20261002 19:59:46.768173 24480 incremental_pipeline.cc:620] Registering image #39 (num_reg_frames=41)
I20261002 19:59:46.768300 24480 incremental_pipeline.cc:623] => Image sees 84 / 98 points
I20261002 19:59:46.773542 24480 incremental_pipeline.cc:620] Registering image #38 (num_reg_frames=42)
I20261002 19:59:46.773673 24480 incremental_pipeline.cc:623] => Image sees 89 / 103 points
I20261002 19:59:46.780426 24480 incremental_pipeline.cc:620] Registering image #65 (num_reg_frames=43)
I20261002 19:59:46.780555 24480 incremental_pipeline.cc:623] => Image sees 92 / 100 points
I20261002 19:59:46.785861 24480 incremental_pipeline.cc:620] Registering image #49 (num_reg_frames=44)
I20261002 19:59:46.785972 24480 incremental_pipeline.cc:623] => Image sees 89 / 98 points
I20261002 19:59:46.792116 24480 incremental_pipeline.cc:620] Registering image #28 (num_reg_frames=45)
I20261002 19:59:46.792229 24480 incremental_pipeline.cc:623] => Image sees 87 / 99 points
I20261002 19:59:46.799199 24480 incremental_pipeline.cc:620] Registering image #34 (num_reg_frames=46)
I20261002 19:59:46.799316 24480 incremental_pipeline.cc:623] => Image sees 86 / 91 points
I20261002 19:59:46.805779 24480 incremental_pipeline.cc:620] Registering image #26 (num_reg_frames=47)
I20261002 19:59:46.805898 24480 incremental_pipeline.cc:623] => Image sees 82 / 87 points
I20261002 19:59:46.810924 24480 incremental_pipeline.cc:620] Registering image #76 (num_reg_frames=48)
I20261002 19:59:46.811040 24480 incremental_pipeline.cc:623] => Image sees 80 / 110 points
I20261002 19:59:46.817724 24480 incremental_pipeline.cc:620] Registering image #78 (num_reg_frames=49)
I20261002 19:59:46.817835 24480 incremental_pipeline.cc:623] => Image sees 89 / 132 points
I20261002 19:59:46.824569 24480 incremental_pipeline.cc:620] Registering image #81 (num_reg_frames=50)
I20261002 19:59:46.824680 24480 incremental_pipeline.cc:623] => Image sees 85 / 116 points
I20261002 19:59:46.831008 24480 incremental_pipeline.cc:620] Registering image #82 (num_reg_frames=51)
I20261002 19:59:46.831125 24480 incremental_pipeline.cc:623] => Image sees 95 / 127 points
I20261002 19:59:46.837155 24480 incremental_pipeline.cc:88] Retriangulation and Global bundle adjustment
I20261002 19:59:49.579560 24480 incremental_pipeline.cc:620] Registering image #21 (num_reg_frames=52)
I20261002 19:59:49.588666 24480 incremental_pipeline.cc:623] => Image sees 41 / 125 points
I20261002 19:59:49.616859 24480 incremental_pipeline.cc:620] Registering image #79 (num_reg_frames=53)
I20261002 19:59:49.617009 24480 incremental_pipeline.cc:623] => Image sees 40 / 125 points
I20261002 19:59:49.668024 24480 incremental_pipeline.cc:88] Retriangulation and Global bundle adjustment
W20261002 19:59:50.883476 24480 levenberg_marquardt_strategy.cc:123] Linear solver failure. Failed to compute a step: CHOLMOD warning: Matrix not positive definite.
W20261002 19:59:50.900998 24480 levenberg_marquardt_strategy.cc:123] Linear solver failure. Failed to compute a step: CHOLMOD warning: Matrix not positive definite.
W20261002 19:59:50.913840 24480 levenberg_marquardt_strategy.cc:123] Linear solver failure. Failed to compute a step: CHOLMOD warning: Matrix not positive definite.
W20261002 19:59:50.917713 24480 levenberg_marquardt_strategy.cc:123] Linear solver failure. Failed to compute a step: CHOLMOD warning: Matrix not positive definite.
W20261002 19:59:50.921496 24480 levenberg_marquardt_strategy.cc:123] Linear solver failure. Failed to compute a step: CHOLMOD warning: Matrix not positive definite.
W20261002 19:59:50.946321 24480 levenberg_marquardt_strategy.cc:123] Linear solver failure. Failed to compute a step: CHOLMOD warning: Matrix not positive definite.
W20261002 19:59:50.950121 24480 levenberg_marquardt_strategy.cc:123] Linear solver failure. Failed to compute a step: CHOLMOD warning: Matrix not positive definite.
I20261002 19:59:51.411071 24480 incremental_pipeline.cc:620] Registering image #29 (num_reg_frames=54)
I20261002 19:59:51.411238 24480 incremental_pipeline.cc:623] => Image sees 31 / 118 points
I20261002 19:59:51.411903 24480 incremental_pipeline.cc:646] => Could not register, trying another image.
I20261002 19:59:51.411990 24480 incremental_pipeline.cc:620] Registering image #29 (num_reg_frames=54)
I20261002 19:59:51.412046 24480 incremental_pipeline.cc:623] => Image sees 31 / 118 points
I20261002 19:59:51.412101 24480 incremental_pipeline.cc:629] Registering image with structure-less fallback
I20261002 19:59:51.412169 24480 incremental_pipeline.cc:631] => Image sees 245 / 586 correspondences
I20261002 19:59:51.433859 24480 incremental_pipeline.cc:620] Registering image #31 (num_reg_frames=55)
I20261002 19:59:51.434090 24480 incremental_pipeline.cc:623] => Image sees 35 / 130 points
I20261002 19:59:51.443058 24480 incremental_pipeline.cc:88] Retriangulation and Global bundle adjustment
W20261002 19:59:52.536663 24480 levenberg_marquardt_strategy.cc:123] Linear solver failure. Failed to compute a step: CHOLMOD warning: Matrix not positive definite.
W20261002 19:59:52.563037 24480 levenberg_marquardt_strategy.cc:123] Linear solver failure. Failed to compute a step: CHOLMOD warning: Matrix not positive definite.
W20261002 19:59:52.570786 24480 levenberg_marquardt_strategy.cc:123] Linear solver failure. Failed to compute a step: CHOLMOD warning: Matrix not positive definite.
W20261002 19:59:52.605088 24480 levenberg_marquardt_strategy.cc:123] Linear solver failure. Failed to compute a step: CHOLMOD warning: Matrix not positive definite.
W20261002 19:59:52.621930 24480 levenberg_marquardt_strategy.cc:123] Linear solver failure. Failed to compute a step: CHOLMOD warning: Matrix not positive definite.
W20261002 19:59:52.638902 24480 levenberg_marquardt_strategy.cc:123] Linear solver failure. Failed to compute a step: CHOLMOD warning: Matrix not positive definite.
W20261002 19:59:52.647097 24480 levenberg_marquardt_strategy.cc:123] Linear solver failure. Failed to compute a step: CHOLMOD warning: Matrix not positive definite.
W20261002 19:59:52.673392 24480 levenberg_marquardt_strategy.cc:123] Linear solver failure. Failed to compute a step: CHOLMOD warning: Matrix not positive definite.
W20261002 19:59:52.681474 24480 levenberg_marquardt_strategy.cc:123] Linear solver failure. Failed to compute a step: CHOLMOD warning: Matrix not positive definite.
W20261002 19:59:52.698488 24480 levenberg_marquardt_strategy.cc:123] Linear solver failure. Failed to compute a step: CHOLMOD warning: Matrix not positive definite.
W20261002 19:59:52.716096 24480 levenberg_marquardt_strategy.cc:123] Linear solver failure. Failed to compute a step: CHOLMOD warning: Matrix not positive definite.
W20261002 19:59:52.733274 24480 levenberg_marquardt_strategy.cc:123] Linear solver failure. Failed to compute a step: CHOLMOD warning: Matrix not positive definite.
W20261002 19:59:52.750541 24480 levenberg_marquardt_strategy.cc:123] Linear solver failure. Failed to compute a step: CHOLMOD warning: Matrix not positive definite.
W20261002 19:59:52.758036 24480 levenberg_marquardt_strategy.cc:123] Linear solver failure. Failed to compute a step: CHOLMOD warning: Matrix not positive definite.
W20261002 19:59:52.775190 24480 levenberg_marquardt_strategy.cc:123] Linear solver failure. Failed to compute a step: CHOLMOD warning: Matrix not positive definite.
W20261002 19:59:52.801956 24480 levenberg_marquardt_strategy.cc:123] Linear solver failure. Failed to compute a step: CHOLMOD warning: Matrix not positive definite.
W20261002 19:59:52.809877 24480 levenberg_marquardt_strategy.cc:123] Linear solver failure. Failed to compute a step: CHOLMOD warning: Matrix not positive definite.
W20261002 19:59:52.826716 24480 levenberg_marquardt_strategy.cc:123] Linear solver failure. Failed to compute a step: CHOLMOD warning: Matrix not positive definite.
W20261002 19:59:52.844157 24480 levenberg_marquardt_strategy.cc:123] Linear solver failure. Failed to compute a step: CHOLMOD warning: Matrix not positive definite.
W20261002 19:59:52.860522 24480 levenberg_marquardt_strategy.cc:123] Linear solver failure. Failed to compute a step: CHOLMOD warning: Matrix not positive definite.
W20261002 19:59:52.868067 24480 levenberg_marquardt_strategy.cc:123] Linear solver failure. Failed to compute a step: CHOLMOD warning: Matrix not positive definite.
W20261002 19:59:52.885102 24480 levenberg_marquardt_strategy.cc:123] Linear solver failure. Failed to compute a step: CHOLMOD warning: Matrix not positive definite.
W20261002 19:59:52.901858 24480 levenberg_marquardt_strategy.cc:123] Linear solver failure. Failed to compute a step: CHOLMOD warning: Matrix not positive definite.
W20261002 19:59:52.909472 24480 levenberg_marquardt_strategy.cc:123] Linear solver failure. Failed to compute a step: CHOLMOD warning: Matrix not positive definite.
W20261002 19:59:53.031343 24480 levenberg_marquardt_strategy.cc:123] Linear solver failure. Failed to compute a step: CHOLMOD warning: Matrix not positive definite.
W20261002 19:59:53.040172 24480 levenberg_marquardt_strategy.cc:123] Linear solver failure. Failed to compute a step: CHOLMOD warning: Matrix not positive definite.
I20261002 19:59:53.283016 24480 incremental_pipeline.cc:826] Keeping successful reconstruction
I20261002 19:59:53.293969 24480 incremental_pipeline.cc:465] Finding good initial image pair
I20261002 19:59:53.306830 24480 incremental_pipeline.cc:492] Registering initial image pair #116 and #104
I20261002 19:59:53.307322 24480 incremental_pipeline.cc:510] Global bundle adjustment
I20261002 19:59:53.312265 24480 incremental_pipeline.cc:88] Retriangulation and Global bundle adjustment
W20261002 19:59:53.314836 24480 incremental_pipeline.cc:821] Discarding reconstruction due to insufficient size
I20261002 19:59:53.315704 24480 incremental_pipeline.cc:465] Finding good initial image pair
I20261002 19:59:53.322303 24480 incremental_pipeline.cc:492] Registering initial image pair #80 and #83
I20261002 19:59:53.322777 24480 incremental_pipeline.cc:510] Global bundle adjustment
I20261002 19:59:53.326158 24480 incremental_pipeline.cc:620] Registering image #79 (num_reg_frames=2)
I20261002 19:59:53.326273 24480 incremental_pipeline.cc:623] => Image sees 62 / 125 points
I20261002 19:59:53.338056 24480 incremental_pipeline.cc:88] Retriangulation and Global bundle adjustment
I20261002 19:59:53.347815 24480 incremental_pipeline.cc:620] Registering image #84 (num_reg_frames=3)
I20261002 19:59:53.347937 24480 incremental_pipeline.cc:623] => Image sees 54 / 113 points
I20261002 19:59:53.357106 24480 incremental_pipeline.cc:88] Retriangulation and Global bundle adjustment
I20261002 19:59:53.362362 24480 incremental_pipeline.cc:88] Retriangulation and Global bundle adjustment
W20261002 19:59:53.364645 24480 incremental_pipeline.cc:821] Discarding reconstruction due to insufficient size
I20261002 19:59:53.365520 24480 incremental_pipeline.cc:465] Finding good initial image pair
I20261002 19:59:53.374686 24480 incremental_pipeline.cc:492] Registering initial image pair #118 and #122
I20261002 19:59:53.375287 24480 incremental_pipeline.cc:510] Global bundle adjustment
I20261002 19:59:53.384155 24480 incremental_pipeline.cc:620] Registering image #120 (num_reg_frames=2)
I20261002 19:59:53.384274 24480 incremental_pipeline.cc:623] => Image sees 87 / 193 points
I20261002 19:59:53.389507 24480 incremental_pipeline.cc:88] Retriangulation and Global bundle adjustment
I20261002 19:59:53.407371 24480 incremental_pipeline.cc:620] Registering image #123 (num_reg_frames=3)
I20261002 19:59:53.407517 24480 incremental_pipeline.cc:623] => Image sees 101 / 179 points
I20261002 19:59:53.413416 24480 incremental_pipeline.cc:620] Registering image #121 (num_reg_frames=4)
I20261002 19:59:53.413541 24480 incremental_pipeline.cc:623] => Image sees 110 / 157 points
I20261002 19:59:53.424683 24480 incremental_pipeline.cc:88] Retriangulation and Global bundle adjustment
I20261002 19:59:53.502516 24480 incremental_pipeline.cc:88] Retriangulation and Global bundle adjustment
W20261002 19:59:53.503090 24480 incremental_pipeline.cc:821] Discarding reconstruction due to insufficient size
I20261002 19:59:53.503915 24480 incremental_pipeline.cc:465] Finding good initial image pair
I20261002 19:59:53.509102 24480 incremental_pipeline.cc:492] Registering initial image pair #124 and #130
I20261002 19:59:53.509519 24480 incremental_pipeline.cc:510] Global bundle adjustment
I20261002 19:59:53.516276 24480 incremental_pipeline.cc:620] Registering image #125 (num_reg_frames=2)
I20261002 19:59:53.516384 24480 incremental_pipeline.cc:623] => Image sees 66 / 175 points
I20261002 19:59:53.521534 24480 incremental_pipeline.cc:88] Retriangulation and Global bundle adjustment
I20261002 19:59:53.532169 24480 incremental_pipeline.cc:620] Registering image #119 (num_reg_frames=3)
I20261002 19:59:53.532307 24480 incremental_pipeline.cc:623] => Image sees 68 / 158 points
I20261002 19:59:53.536631 24480 incremental_pipeline.cc:620] Registering image #128 (num_reg_frames=4)
I20261002 19:59:53.536744 24480 incremental_pipeline.cc:623] => Image sees 65 / 160 points
I20261002 19:59:53.543913 24480 incremental_pipeline.cc:88] Retriangulation and Global bundle adjustment
I20261002 19:59:53.594593 24480 incremental_pipeline.cc:88] Retriangulation and Global bundle adjustment
W20261002 19:59:53.601143 24480 incremental_pipeline.cc:821] Discarding reconstruction due to insufficient size
I20261002 19:59:53.601897 24480 incremental_pipeline.cc:465] Finding good initial image pair
I20261002 19:59:53.608157 24480 incremental_pipeline.cc:492] Registering initial image pair #120 and #128
I20261002 19:59:53.608550 24480 incremental_pipeline.cc:510] Global bundle adjustment
I20261002 19:59:53.609102 24480 incremental_pipeline.cc:791] Discarding reconstruction due to bad initial pair
I20261002 19:59:53.609702 24480 incremental_pipeline.cc:465] Finding good initial image pair
I20261002 19:59:53.615986 24480 incremental_pipeline.cc:492] Registering initial image pair #96 and #99
I20261002 19:59:53.616418 24480 incremental_pipeline.cc:510] Global bundle adjustment
I20261002 19:59:53.622782 24480 incremental_pipeline.cc:620] Registering image #97 (num_reg_frames=2)
I20261002 19:59:53.622894 24480 incremental_pipeline.cc:623] => Image sees 54 / 127 points
I20261002 19:59:53.626589 24480 incremental_pipeline.cc:88] Retriangulation and Global bundle adjustment
I20261002 19:59:53.629036 24480 incremental_pipeline.cc:620] Registering image #95 (num_reg_frames=3)
I20261002 19:59:53.629147 24480 incremental_pipeline.cc:623] => Image sees 74 / 130 points
I20261002 19:59:53.649942 24480 incremental_pipeline.cc:620] Registering image #98 (num_reg_frames=4)
I20261002 19:59:53.650073 24480 incremental_pipeline.cc:623] => Image sees 61 / 141 points
I20261002 19:59:53.665335 24480 incremental_pipeline.cc:88] Retriangulation and Global bundle adjustment
W20261002 19:59:53.680213 24480 bundle_adjustment_ceres.cc:391] Failed to fix Gauge with two cameras. Falling back to fixing Gauge with three points.
W20261002 19:59:53.680369 24480 bundle_adjustment_ceres.cc:298] Failed to fix Gauge due to insufficient number of fixed points: 0
I20261002 19:59:53.681552 24480 incremental_pipeline.cc:88] Retriangulation and Global bundle adjustment
W20261002 19:59:53.683011 24480 bundle_adjustment_ceres.cc:391] Failed to fix Gauge with two cameras. Falling back to fixing Gauge with three points.
W20261002 19:59:53.683124 24480 bundle_adjustment_ceres.cc:298] Failed to fix Gauge due to insufficient number of fixed points: 0
W20261002 19:59:53.683218 24480 incremental_pipeline.cc:821] Discarding reconstruction due to insufficient size
I20261002 19:59:53.683830 24480 incremental_pipeline.cc:465] Finding good initial image pair
I20261002 19:59:53.688761 24480 incremental_pipeline.cc:492] Registering initial image pair #11 and #12
I20261002 19:59:53.689224 24480 incremental_pipeline.cc:510] Global bundle adjustment
I20261002 19:59:53.694484 24480 incremental_pipeline.cc:620] Registering image #7 (num_reg_frames=2)
I20261002 19:59:53.694614 24480 incremental_pipeline.cc:623] => Image sees 39 / 103 points
I20261002 19:59:53.704209 24480 incremental_pipeline.cc:88] Retriangulation and Global bundle adjustment
I20261002 19:59:53.712500 24480 incremental_pipeline.cc:620] Registering image #19 (num_reg_frames=3)
I20261002 19:59:53.712612 24480 incremental_pipeline.cc:623] => Image sees 62 / 130 points
I20261002 19:59:53.721840 24480 incremental_pipeline.cc:620] Registering image #13 (num_reg_frames=4)
I20261002 19:59:53.721958 24480 incremental_pipeline.cc:623] => Image sees 46 / 108 points
I20261002 19:59:53.729423 24480 incremental_pipeline.cc:88] Retriangulation and Global bundle adjustment
I20261002 19:59:53.765495 24480 incremental_pipeline.cc:88] Retriangulation and Global bundle adjustment
W20261002 19:59:53.769031 24480 incremental_pipeline.cc:821] Discarding reconstruction due to insufficient size
I20261002 19:59:53.769866 24480 incremental_pipeline.cc:465] Finding good initial image pair
I20261002 19:59:53.774426 24480 incremental_pipeline.cc:492] Registering initial image pair #14 and #9
I20261002 19:59:53.774819 24480 incremental_pipeline.cc:510] Global bundle adjustment
I20261002 19:59:53.780937 24480 incremental_pipeline.cc:620] Registering image #5 (num_reg_frames=2)
I20261002 19:59:53.781104 24480 incremental_pipeline.cc:623] => Image sees 49 / 107 points
I20261002 19:59:53.783794 24480 incremental_pipeline.cc:88] Retriangulation and Global bundle adjustment
I20261002 19:59:53.792623 24480 incremental_pipeline.cc:88] Retriangulation and Global bundle adjustment
W20261002 19:59:53.793384 24480 incremental_pipeline.cc:821] Discarding reconstruction due to insufficient size
I20261002 19:59:53.794178 24480 incremental_pipeline.cc:465] Finding good initial image pair
I20261002 19:59:53.796341 24480 incremental_pipeline.cc:472] => No good initial image pair found.
I20261002 19:59:53.796454 24480 incremental_pipeline.cc:800] Discarding reconstruction due to no initial pair
I20261002 19:59:53.796608 24480 incremental_pipeline.cc:429] => Relaxing the initialization constraints.
I20261002 19:59:53.797097 24480 incremental_pipeline.cc:465] Finding good initial image pair
I20261002 19:59:53.810307 24480 incremental_pipeline.cc:492] Registering initial image pair #117 and #116
I20261002 19:59:53.811071 24480 incremental_pipeline.cc:510] Global bundle adjustment
I20261002 19:59:53.821568 24480 incremental_pipeline.cc:620] Registering image #109 (num_reg_frames=2)
I20261002 19:59:53.821681 24480 incremental_pipeline.cc:623] => Image sees 105 / 190 points
I20261002 19:59:53.832603 24480 incremental_pipeline.cc:88] Retriangulation and Global bundle adjustment
I20261002 19:59:53.851687 24480 incremental_pipeline.cc:620] Registering image #111 (num_reg_frames=3)
I20261002 19:59:53.851815 24480 incremental_pipeline.cc:623] => Image sees 125 / 190 points
I20261002 19:59:53.851896 24480 incremental_pipeline.cc:646] => Could not register, trying another image.
I20261002 19:59:53.851949 24480 incremental_pipeline.cc:620] Registering image #110 (num_reg_frames=3)
I20261002 19:59:53.852009 24480 incremental_pipeline.cc:623] => Image sees 130 / 251 points
I20261002 19:59:53.852082 24480 incremental_pipeline.cc:646] => Could not register, trying another image.
I20261002 19:59:53.852132 24480 incremental_pipeline.cc:620] Registering image #108 (num_reg_frames=3)
I20261002 19:59:53.852183 24480 incremental_pipeline.cc:623] => Image sees 113 / 263 points
I20261002 19:59:53.852250 24480 incremental_pipeline.cc:646] => Could not register, trying another image.
I20261002 19:59:53.852304 24480 incremental_pipeline.cc:620] Registering image #115 (num_reg_frames=3)
I20261002 19:59:53.852355 24480 incremental_pipeline.cc:623] => Image sees 110 / 251 points
I20261002 19:59:53.852420 24480 incremental_pipeline.cc:646] => Could not register, trying another image.
I20261002 19:59:53.852469 24480 incremental_pipeline.cc:620] Registering image #105 (num_reg_frames=3)
I20261002 19:59:53.852515 24480 incremental_pipeline.cc:623] => Image sees 100 / 258 points
I20261002 19:59:53.852578 24480 incremental_pipeline.cc:646] => Could not register, trying another image.
I20261002 19:59:53.852625 24480 incremental_pipeline.cc:620] Registering image #106 (num_reg_frames=3)
I20261002 19:59:53.852672 24480 incremental_pipeline.cc:623] => Image sees 98 / 254 points
I20261002 19:59:53.852735 24480 incremental_pipeline.cc:646] => Could not register, trying another image.
I20261002 19:59:53.852781 24480 incremental_pipeline.cc:620] Registering image #107 (num_reg_frames=3)
I20261002 19:59:53.852827 24480 incremental_pipeline.cc:623] => Image sees 86 / 246 points
I20261002 19:59:53.852884 24480 incremental_pipeline.cc:646] => Could not register, trying another image.
I20261002 19:59:53.852930 24480 incremental_pipeline.cc:620] Registering image #114 (num_reg_frames=3)
I20261002 19:59:53.852995 24480 incremental_pipeline.cc:623] => Image sees 81 / 170 points
I20261002 19:59:53.853052 24480 incremental_pipeline.cc:646] => Could not register, trying another image.
I20261002 19:59:53.853098 24480 incremental_pipeline.cc:620] Registering image #104 (num_reg_frames=3)
I20261002 19:59:53.853144 24480 incremental_pipeline.cc:623] => Image sees 71 / 198 points
I20261002 19:59:53.853201 24480 incremental_pipeline.cc:646] => Could not register, trying another image.
I20261002 19:59:53.853246 24480 incremental_pipeline.cc:620] Registering image #113 (num_reg_frames=3)
I20261002 19:59:53.853293 24480 incremental_pipeline.cc:623] => Image sees 67 / 173 points
I20261002 19:59:53.853349 24480 incremental_pipeline.cc:646] => Could not register, trying another image.
I20261002 19:59:53.853394 24480 incremental_pipeline.cc:620] Registering image #112 (num_reg_frames=3)
I20261002 19:59:53.853440 24480 incremental_pipeline.cc:623] => Image sees 57 / 150 points
I20261002 19:59:53.853494 24480 incremental_pipeline.cc:646] => Could not register, trying another image.
I20261002 19:59:53.853539 24480 incremental_pipeline.cc:620] Registering image #103 (num_reg_frames=3)
I20261002 19:59:53.853585 24480 incremental_pipeline.cc:623] => Image sees 52 / 200 points
I20261002 19:59:53.853640 24480 incremental_pipeline.cc:646] => Could not register, trying another image.
I20261002 19:59:53.853685 24480 incremental_pipeline.cc:620] Registering image #102 (num_reg_frames=3)
I20261002 19:59:53.853731 24480 incremental_pipeline.cc:623] => Image sees 43 / 193 points
I20261002 19:59:53.853785 24480 incremental_pipeline.cc:646] => Could not register, trying another image.
I20261002 19:59:53.853854 24480 incremental_pipeline.cc:620] Registering image #100 (num_reg_frames=3)
I20261002 19:59:53.853920 24480 incremental_pipeline.cc:623] => Image sees 40 / 197 points
I20261002 19:59:53.853993 24480 incremental_pipeline.cc:646] => Could not register, trying another image.
I20261002 19:59:53.854081 24480 incremental_pipeline.cc:620] Registering image #123 (num_reg_frames=3)
I20261002 19:59:53.854148 24480 incremental_pipeline.cc:623] => Image sees 36 / 179 points
I20261002 19:59:53.854213 24480 incremental_pipeline.cc:646] => Could not register, trying another image.
I20261002 19:59:53.854265 24480 incremental_pipeline.cc:620] Registering image #101 (num_reg_frames=3)
I20261002 19:59:53.854314 24480 incremental_pipeline.cc:623] => Image sees 32 / 145 points
I20261002 19:59:53.854368 24480 incremental_pipeline.cc:646] => Could not register, trying another image.
I20261002 19:59:53.854414 24480 incremental_pipeline.cc:620] Registering image #122 (num_reg_frames=3)
I20261002 19:59:53.854461 24480 incremental_pipeline.cc:623] => Image sees 34 / 179 points
I20261002 19:59:53.854516 24480 incremental_pipeline.cc:646] => Could not register, trying another image.
I20261002 19:59:53.854561 24480 incremental_pipeline.cc:620] Registering image #129 (num_reg_frames=3)
I20261002 19:59:53.854608 24480 incremental_pipeline.cc:623] => Image sees 32 / 181 points
I20261002 19:59:53.854663 24480 incremental_pipeline.cc:646] => Could not register, trying another image.
I20261002 19:59:53.854709 24480 incremental_pipeline.cc:620] Registering image #128 (num_reg_frames=3)
I20261002 19:59:53.854754 24480 incremental_pipeline.cc:623] => Image sees 32 / 160 points
I20261002 19:59:53.854807 24480 incremental_pipeline.cc:646] => Could not register, trying another image.
I20261002 19:59:53.854852 24480 incremental_pipeline.cc:620] Registering image #120 (num_reg_frames=3)
I20261002 19:59:53.854901 24480 incremental_pipeline.cc:623] => Image sees 33 / 193 points
I20261002 19:59:53.854955 24480 incremental_pipeline.cc:646] => Could not register, trying another image.
I20261002 19:59:53.855000 24480 incremental_pipeline.cc:620] Registering image #127 (num_reg_frames=3)
I20261002 19:59:53.855045 24480 incremental_pipeline.cc:623] => Image sees 30 / 150 points
I20261002 19:59:53.855096 24480 incremental_pipeline.cc:646] => Could not register, trying another image.
I20261002 19:59:53.855153 24480 incremental_pipeline.cc:620] Registering image #126 (num_reg_frames=3)
I20261002 19:59:53.855199 24480 incremental_pipeline.cc:623] => Image sees 30 / 158 points
I20261002 19:59:53.855252 24480 incremental_pipeline.cc:646] => Could not register, trying another image.
I20261002 19:59:53.855298 24480 incremental_pipeline.cc:620] Registering image #118 (num_reg_frames=3)
I20261002 19:59:53.855344 24480 incremental_pipeline.cc:623] => Image sees 30 / 179 points
I20261002 19:59:53.855398 24480 incremental_pipeline.cc:646] => Could not register, trying another image.
I20261002 19:59:53.855448 24480 incremental_pipeline.cc:620] Registering image #111 (num_reg_frames=3)
I20261002 19:59:53.855494 24480 incremental_pipeline.cc:623] => Image sees 125 / 190 points
I20261002 19:59:53.855540 24480 incremental_pipeline.cc:629] Registering image with structure-less fallback
I20261002 19:59:53.855586 24480 incremental_pipeline.cc:631] => Image sees 350 / 974 correspondences
I20261002 19:59:53.855646 24480 incremental_pipeline.cc:646] => Could not register, trying another image.
I20261002 19:59:53.855692 24480 incremental_pipeline.cc:620] Registering image #110 (num_reg_frames=3)
I20261002 19:59:53.855737 24480 incremental_pipeline.cc:623] => Image sees 130 / 251 points
I20261002 19:59:53.855785 24480 incremental_pipeline.cc:629] Registering image with structure-less fallback
I20261002 19:59:53.855831 24480 incremental_pipeline.cc:631] => Image sees 275 / 1147 correspondences
I20261002 19:59:53.855890 24480 incremental_pipeline.cc:646] => Could not register, trying another image.
I20261002 19:59:53.855935 24480 incremental_pipeline.cc:620] Registering image #108 (num_reg_frames=3)
I20261002 19:59:53.855982 24480 incremental_pipeline.cc:623] => Image sees 113 / 263 points
I20261002 19:59:53.856028 24480 incremental_pipeline.cc:629] Registering image with structure-less fallback
I20261002 19:59:53.856075 24480 incremental_pipeline.cc:631] => Image sees 233 / 1332 correspondences
I20261002 19:59:53.856133 24480 incremental_pipeline.cc:646] => Could not register, trying another image.
I20261002 19:59:53.856179 24480 incremental_pipeline.cc:620] Registering image #115 (num_reg_frames=3)
I20261002 19:59:53.856227 24480 incremental_pipeline.cc:623] => Image sees 110 / 251 points
I20261002 19:59:53.856274 24480 incremental_pipeline.cc:629] Registering image with structure-less fallback
I20261002 19:59:53.856321 24480 incremental_pipeline.cc:631] => Image sees 213 / 1154 correspondences
I20261002 19:59:53.856380 24480 incremental_pipeline.cc:646] => Could not register, trying another image.
I20261002 19:59:53.856425 24480 incremental_pipeline.cc:620] Registering image #106 (num_reg_frames=3)
I20261002 19:59:53.856470 24480 incremental_pipeline.cc:623] => Image sees 98 / 254 points
I20261002 19:59:53.856517 24480 incremental_pipeline.cc:629] Registering image with structure-less fallback
I20261002 19:59:53.856562 24480 incremental_pipeline.cc:631] => Image sees 187 / 1095 correspondences
I20261002 19:59:53.856619 24480 incremental_pipeline.cc:646] => Could not register, trying another image.
I20261002 19:59:53.856667 24480 incremental_pipeline.cc:620] Registering image #114 (num_reg_frames=3)
I20261002 19:59:53.856713 24480 incremental_pipeline.cc:623] => Image sees 81 / 170 points
I20261002 19:59:53.856759 24480 incremental_pipeline.cc:629] Registering image with structure-less fallback
I20261002 19:59:53.856805 24480 incremental_pipeline.cc:631] => Image sees 157 / 742 correspondences
I20261002 19:59:53.856860 24480 incremental_pipeline.cc:646] => Could not register, trying another image.
I20261002 19:59:53.856906 24480 incremental_pipeline.cc:620] Registering image #104 (num_reg_frames=3)
I20261002 19:59:53.856950 24480 incremental_pipeline.cc:623] => Image sees 71 / 198 points
I20261002 19:59:53.856995 24480 incremental_pipeline.cc:629] Registering image with structure-less fallback
I20261002 19:59:53.857041 24480 incremental_pipeline.cc:631] => Image sees 140 / 898 correspondences
I20261002 19:59:53.857108 24480 incremental_pipeline.cc:646] => Could not register, trying another image.
I20261002 19:59:53.857153 24480 incremental_pipeline.cc:620] Registering image #113 (num_reg_frames=3)
I20261002 19:59:53.857200 24480 incremental_pipeline.cc:623] => Image sees 67 / 173 points
I20261002 19:59:53.857246 24480 incremental_pipeline.cc:629] Registering image with structure-less fallback
I20261002 19:59:53.857291 24480 incremental_pipeline.cc:631] => Image sees 131 / 824 correspondences
I20261002 19:59:53.857345 24480 incremental_pipeline.cc:646] => Could not register, trying another image.
I20261002 19:59:53.857389 24480 incremental_pipeline.cc:620] Registering image #105 (num_reg_frames=3)
I20261002 19:59:53.857435 24480 incremental_pipeline.cc:623] => Image sees 100 / 258 points
I20261002 19:59:53.857481 24480 incremental_pipeline.cc:629] Registering image with structure-less fallback
I20261002 19:59:53.857528 24480 incremental_pipeline.cc:631] => Image sees 119 / 1264 correspondences
I20261002 19:59:53.857586 24480 incremental_pipeline.cc:646] => Could not register, trying another image.
I20261002 19:59:53.857632 24480 incremental_pipeline.cc:620] Registering image #112 (num_reg_frames=3)
I20261002 19:59:53.857678 24480 incremental_pipeline.cc:623] => Image sees 57 / 150 points
I20261002 19:59:53.857723 24480 incremental_pipeline.cc:629] Registering image with structure-less fallback
I20261002 19:59:53.857767 24480 incremental_pipeline.cc:631] => Image sees 105 / 614 correspondences
I20261002 19:59:53.857821 24480 incremental_pipeline.cc:646] => Could not register, trying another image.
I20261002 19:59:53.857868 24480 incremental_pipeline.cc:620] Registering image #107 (num_reg_frames=3)
I20261002 19:59:53.857914 24480 incremental_pipeline.cc:623] => Image sees 86 / 246 points
I20261002 19:59:53.857960 24480 incremental_pipeline.cc:629] Registering image with structure-less fallback
I20261002 19:59:53.858005 24480 incremental_pipeline.cc:631] => Image sees 97 / 1160 correspondences
I20261002 19:59:53.858062 24480 incremental_pipeline.cc:646] => Could not register, trying another image.
I20261002 19:59:53.858107 24480 incremental_pipeline.cc:620] Registering image #123 (num_reg_frames=3)
I20261002 19:59:53.858152 24480 incremental_pipeline.cc:623] => Image sees 36 / 179 points
I20261002 19:59:53.858197 24480 incremental_pipeline.cc:629] Registering image with structure-less fallback
I20261002 19:59:53.858243 24480 incremental_pipeline.cc:631] => Image sees 94 / 1475 correspondences
I20261002 19:59:53.858300 24480 incremental_pipeline.cc:646] => Could not register, trying another image.
I20261002 19:59:53.858346 24480 incremental_pipeline.cc:620] Registering image #100 (num_reg_frames=3)
I20261002 19:59:53.858434 24480 incremental_pipeline.cc:623] => Image sees 40 / 197 points
I20261002 19:59:53.858500 24480 incremental_pipeline.cc:629] Registering image with structure-less fallback
I20261002 19:59:53.858546 24480 incremental_pipeline.cc:631] => Image sees 78 / 1757 correspondences
I20261002 19:59:53.858603 24480 incremental_pipeline.cc:646] => Could not register, trying another image.
I20261002 19:59:53.858650 24480 incremental_pipeline.cc:620] Registering image #122 (num_reg_frames=3)
I20261002 19:59:53.858696 24480 incremental_pipeline.cc:623] => Image sees 34 / 179 points
I20261002 19:59:53.858741 24480 incremental_pipeline.cc:629] Registering image with structure-less fallback
I20261002 19:59:53.858786 24480 incremental_pipeline.cc:631] => Image sees 66 / 696 correspondences
I20261002 19:59:53.858840 24480 incremental_pipeline.cc:646] => Could not register, trying another image.
I20261002 19:59:53.858885 24480 incremental_pipeline.cc:620] Registering image #103 (num_reg_frames=3)
I20261002 19:59:53.858931 24480 incremental_pipeline.cc:623] => Image sees 52 / 200 points
I20261002 19:59:53.858976 24480 incremental_pipeline.cc:629] Registering image with structure-less fallback
I20261002 19:59:53.859021 24480 incremental_pipeline.cc:631] => Image sees 65 / 777 correspondences
I20261002 19:59:53.859075 24480 incremental_pipeline.cc:646] => Could not register, trying another image.
I20261002 19:59:53.859127 24480 incremental_pipeline.cc:620] Registering image #129 (num_reg_frames=3)
I20261002 19:59:53.859174 24480 incremental_pipeline.cc:623] => Image sees 32 / 181 points
I20261002 19:59:53.859219 24480 incremental_pipeline.cc:629] Registering image with structure-less fallback
I20261002 19:59:53.859265 24480 incremental_pipeline.cc:631] => Image sees 63 / 1105 correspondences
I20261002 19:59:53.859323 24480 incremental_pipeline.cc:646] => Could not register, trying another image.
I20261002 19:59:53.859368 24480 incremental_pipeline.cc:620] Registering image #127 (num_reg_frames=3)
I20261002 19:59:53.859414 24480 incremental_pipeline.cc:623] => Image sees 30 / 150 points
I20261002 19:59:53.859459 24480 incremental_pipeline.cc:629] Registering image with structure-less fallback
I20261002 19:59:53.859504 24480 incremental_pipeline.cc:631] => Image sees 55 / 586 correspondences
I20261002 19:59:53.859549 24480 incremental_pipeline.cc:646] => Could not register, trying another image.
I20261002 19:59:53.859594 24480 incremental_pipeline.cc:620] Registering image #126 (num_reg_frames=3)
I20261002 19:59:53.859638 24480 incremental_pipeline.cc:623] => Image sees 30 / 158 points
I20261002 19:59:53.859683 24480 incremental_pipeline.cc:629] Registering image with structure-less fallback
I20261002 19:59:53.859728 24480 incremental_pipeline.cc:631] => Image sees 53 / 667 correspondences
I20261002 19:59:53.859773 24480 incremental_pipeline.cc:646] => Could not register, trying another image.
I20261002 19:59:53.859817 24480 incremental_pipeline.cc:620] Registering image #102 (num_reg_frames=3)
I20261002 19:59:53.859863 24480 incremental_pipeline.cc:623] => Image sees 43 / 193 points
I20261002 19:59:53.859946 24480 incremental_pipeline.cc:629] Registering image with structure-less fallback
I20261002 19:59:53.860047 24480 incremental_pipeline.cc:631] => Image sees 52 / 813 correspondences
I20261002 19:59:53.860106 24480 incremental_pipeline.cc:646] => Could not register, trying another image.
I20261002 19:59:53.860153 24480 incremental_pipeline.cc:620] Registering image #101 (num_reg_frames=3)
I20261002 19:59:53.860206 24480 incremental_pipeline.cc:623] => Image sees 32 / 145 points
I20261002 19:59:53.860256 24480 incremental_pipeline.cc:629] Registering image with structure-less fallback
I20261002 19:59:53.860301 24480 incremental_pipeline.cc:631] => Image sees 40 / 709 correspondences
I20261002 19:59:53.860347 24480 incremental_pipeline.cc:646] => Could not register, trying another image.
I20261002 19:59:53.860392 24480 incremental_pipeline.cc:620] Registering image #120 (num_reg_frames=3)
I20261002 19:59:53.860439 24480 incremental_pipeline.cc:623] => Image sees 33 / 193 points
I20261002 19:59:53.860486 24480 incremental_pipeline.cc:629] Registering image with structure-less fallback
I20261002 19:59:53.860532 24480 incremental_pipeline.cc:631] => Image sees 36 / 738 correspondences
I20261002 19:59:53.860578 24480 incremental_pipeline.cc:646] => Could not register, trying another image.
I20261002 19:59:53.860624 24480 incremental_pipeline.cc:620] Registering image #128 (num_reg_frames=3)
I20261002 19:59:53.860670 24480 incremental_pipeline.cc:623] => Image sees 32 / 160 points
I20261002 19:59:53.860716 24480 incremental_pipeline.cc:629] Registering image with structure-less fallback
I20261002 19:59:53.860763 24480 incremental_pipeline.cc:631] => Image sees 36 / 670 correspondences
I20261002 19:59:53.860809 24480 incremental_pipeline.cc:646] => Could not register, trying another image.
I20261002 19:59:53.860855 24480 incremental_pipeline.cc:620] Registering image #118 (num_reg_frames=3)
I20261002 19:59:53.860900 24480 incremental_pipeline.cc:623] => Image sees 30 / 179 points
I20261002 19:59:53.860946 24480 incremental_pipeline.cc:629] Registering image with structure-less fallback
I20261002 19:59:53.860991 24480 incremental_pipeline.cc:631] => Image sees 34 / 826 correspondences
I20261002 19:59:53.861036 24480 incremental_pipeline.cc:646] => Could not register, trying another image.
I20261002 19:59:53.861092 24480 incremental_pipeline.cc:88] Retriangulation and Global bundle adjustment
I20261002 19:59:53.862394 24480 incremental_pipeline.cc:620] Registering image #111 (num_reg_frames=3)
I20261002 19:59:53.862492 24480 incremental_pipeline.cc:623] => Image sees 125 / 190 points
I20261002 19:59:53.862567 24480 incremental_pipeline.cc:646] => Could not register, trying another image.
I20261002 19:59:53.862616 24480 incremental_pipeline.cc:620] Registering image #110 (num_reg_frames=3)
I20261002 19:59:53.862665 24480 incremental_pipeline.cc:623] => Image sees 130 / 251 points
I20261002 19:59:53.862726 24480 incremental_pipeline.cc:646] => Could not register, trying another image.
I20261002 19:59:53.862773 24480 incremental_pipeline.cc:620] Registering image #108 (num_reg_frames=3)
I20261002 19:59:53.862820 24480 incremental_pipeline.cc:623] => Image sees 113 / 263 points
I20261002 19:59:53.862880 24480 incremental_pipeline.cc:646] => Could not register, trying another image.
I20261002 19:59:53.862926 24480 incremental_pipeline.cc:620] Registering image #115 (num_reg_frames=3)
I20261002 19:59:53.862972 24480 incremental_pipeline.cc:623] => Image sees 110 / 251 points
I20261002 19:59:53.863031 24480 incremental_pipeline.cc:646] => Could not register, trying another image.
I20261002 19:59:53.863078 24480 incremental_pipeline.cc:620] Registering image #105 (num_reg_frames=3)
I20261002 19:59:53.863124 24480 incremental_pipeline.cc:623] => Image sees 100 / 258 points
I20261002 19:59:53.863182 24480 incremental_pipeline.cc:646] => Could not register, trying another image.
I20261002 19:59:53.863230 24480 incremental_pipeline.cc:620] Registering image #106 (num_reg_frames=3)
I20261002 19:59:53.863275 24480 incremental_pipeline.cc:623] => Image sees 98 / 254 points
I20261002 19:59:53.863337 24480 incremental_pipeline.cc:646] => Could not register, trying another image.
I20261002 19:59:53.863383 24480 incremental_pipeline.cc:620] Registering image #107 (num_reg_frames=3)
I20261002 19:59:53.863429 24480 incremental_pipeline.cc:623] => Image sees 86 / 246 points
I20261002 19:59:53.863492 24480 incremental_pipeline.cc:646] => Could not register, trying another image.
I20261002 19:59:53.863537 24480 incremental_pipeline.cc:620] Registering image #114 (num_reg_frames=3)
I20261002 19:59:53.863583 24480 incremental_pipeline.cc:623] => Image sees 81 / 170 points
I20261002 19:59:53.863641 24480 incremental_pipeline.cc:646] => Could not register, trying another image.
I20261002 19:59:53.863686 24480 incremental_pipeline.cc:620] Registering image #104 (num_reg_frames=3)
I20261002 19:59:53.863733 24480 incremental_pipeline.cc:623] => Image sees 71 / 198 points
I20261002 19:59:53.863789 24480 incremental_pipeline.cc:646] => Could not register, trying another image.
I20261002 19:59:53.863834 24480 incremental_pipeline.cc:620] Registering image #113 (num_reg_frames=3)
I20261002 19:59:53.863880 24480 incremental_pipeline.cc:623] => Image sees 67 / 173 points
I20261002 19:59:53.863935 24480 incremental_pipeline.cc:646] => Could not register, trying another image.
I20261002 19:59:53.863980 24480 incremental_pipeline.cc:620] Registering image #112 (num_reg_frames=3)
I20261002 19:59:53.864025 24480 incremental_pipeline.cc:623] => Image sees 57 / 150 points
I20261002 19:59:53.864078 24480 incremental_pipeline.cc:646] => Could not register, trying another image.
I20261002 19:59:53.864125 24480 incremental_pipeline.cc:620] Registering image #103 (num_reg_frames=3)
I20261002 19:59:53.864170 24480 incremental_pipeline.cc:623] => Image sees 52 / 200 points
I20261002 19:59:53.864227 24480 incremental_pipeline.cc:646] => Could not register, trying another image.
I20261002 19:59:53.864273 24480 incremental_pipeline.cc:620] Registering image #102 (num_reg_frames=3)
I20261002 19:59:53.864318 24480 incremental_pipeline.cc:623] => Image sees 43 / 193 points
I20261002 19:59:53.864373 24480 incremental_pipeline.cc:646] => Could not register, trying another image.
I20261002 19:59:53.864420 24480 incremental_pipeline.cc:620] Registering image #100 (num_reg_frames=3)
I20261002 19:59:53.864475 24480 incremental_pipeline.cc:623] => Image sees 40 / 197 points
I20261002 19:59:53.864533 24480 incremental_pipeline.cc:646] => Could not register, trying another image.
I20261002 19:59:53.864578 24480 incremental_pipeline.cc:620] Registering image #123 (num_reg_frames=3)
I20261002 19:59:53.864624 24480 incremental_pipeline.cc:623] => Image sees 36 / 179 points
I20261002 19:59:53.864681 24480 incremental_pipeline.cc:646] => Could not register, trying another image.
I20261002 19:59:53.864726 24480 incremental_pipeline.cc:620] Registering image #101 (num_reg_frames=3)
I20261002 19:59:53.864771 24480 incremental_pipeline.cc:623] => Image sees 32 / 145 points
I20261002 19:59:53.864824 24480 incremental_pipeline.cc:646] => Could not register, trying another image.
I20261002 19:59:53.864869 24480 incremental_pipeline.cc:620] Registering image #122 (num_reg_frames=3)
I20261002 19:59:53.864915 24480 incremental_pipeline.cc:623] => Image sees 34 / 179 points
I20261002 19:59:53.864970 24480 incremental_pipeline.cc:646] => Could not register, trying another image.
I20261002 19:59:53.865015 24480 incremental_pipeline.cc:620] Registering image #129 (num_reg_frames=3)
I20261002 19:59:53.865060 24480 incremental_pipeline.cc:623] => Image sees 32 / 181 points
I20261002 19:59:53.865117 24480 incremental_pipeline.cc:646] => Could not register, trying another image.
I20261002 19:59:53.865164 24480 incremental_pipeline.cc:620] Registering image #128 (num_reg_frames=3)
I20261002 19:59:53.865209 24480 incremental_pipeline.cc:623] => Image sees 32 / 160 points
I20261002 19:59:53.865262 24480 incremental_pipeline.cc:646] => Could not register, trying another image.
I20261002 19:59:53.865309 24480 incremental_pipeline.cc:620] Registering image #120 (num_reg_frames=3)
I20261002 19:59:53.865354 24480 incremental_pipeline.cc:623] => Image sees 33 / 193 points
I20261002 19:59:53.865409 24480 incremental_pipeline.cc:646] => Could not register, trying another image.
I20261002 19:59:53.865456 24480 incremental_pipeline.cc:620] Registering image #127 (num_reg_frames=3)
I20261002 19:59:53.865503 24480 incremental_pipeline.cc:623] => Image sees 30 / 150 points
I20261002 19:59:53.865555 24480 incremental_pipeline.cc:646] => Could not register, trying another image.
I20261002 19:59:53.865600 24480 incremental_pipeline.cc:620] Registering image #126 (num_reg_frames=3)
I20261002 19:59:53.865645 24480 incremental_pipeline.cc:623] => Image sees 30 / 158 points
I20261002 19:59:53.865698 24480 incremental_pipeline.cc:646] => Could not register, trying another image.
I20261002 19:59:53.865745 24480 incremental_pipeline.cc:620] Registering image #118 (num_reg_frames=3)
I20261002 19:59:53.865791 24480 incremental_pipeline.cc:623] => Image sees 30 / 179 points
I20261002 19:59:53.865845 24480 incremental_pipeline.cc:646] => Could not register, trying another image.
I20261002 19:59:53.865894 24480 incremental_pipeline.cc:620] Registering image #111 (num_reg_frames=3)
I20261002 19:59:53.866008 24480 incremental_pipeline.cc:623] => Image sees 125 / 190 points
I20261002 19:59:53.866075 24480 incremental_pipeline.cc:629] Registering image with structure-less fallback
I20261002 19:59:53.866163 24480 incremental_pipeline.cc:631] => Image sees 350 / 974 correspondences
I20261002 19:59:53.866258 24480 incremental_pipeline.cc:646] => Could not register, trying another image.
I20261002 19:59:53.866358 24480 incremental_pipeline.cc:620] Registering image #110 (num_reg_frames=3)
I20261002 19:59:53.866486 24480 incremental_pipeline.cc:623] => Image sees 130 / 251 points
I20261002 19:59:53.866568 24480 incremental_pipeline.cc:629] Registering image with structure-less fallback
I20261002 19:59:53.866621 24480 incremental_pipeline.cc:631] => Image sees 275 / 1147 correspondences
I20261002 19:59:53.866683 24480 incremental_pipeline.cc:646] => Could not register, trying another image.
I20261002 19:59:53.866765 24480 incremental_pipeline.cc:620] Registering image #108 (num_reg_frames=3)
I20261002 19:59:53.866833 24480 incremental_pipeline.cc:623] => Image sees 113 / 263 points
I20261002 19:59:53.866892 24480 incremental_pipeline.cc:629] Registering image with structure-less fallback
I20261002 19:59:53.866940 24480 incremental_pipeline.cc:631] => Image sees 233 / 1332 correspondences
I20261002 19:59:53.867001 24480 incremental_pipeline.cc:646] => Could not register, trying another image.
I20261002 19:59:53.867047 24480 incremental_pipeline.cc:620] Registering image #115 (num_reg_frames=3)
I20261002 19:59:53.867132 24480 incremental_pipeline.cc:623] => Image sees 110 / 251 points
I20261002 19:59:53.867196 24480 incremental_pipeline.cc:629] Registering image with structure-less fallback
I20261002 19:59:53.867247 24480 incremental_pipeline.cc:631] => Image sees 213 / 1154 correspondences
I20261002 19:59:53.867307 24480 incremental_pipeline.cc:646] => Could not register, trying another image.
I20261002 19:59:53.867355 24480 incremental_pipeline.cc:620] Registering image #106 (num_reg_frames=3)
I20261002 19:59:53.867401 24480 incremental_pipeline.cc:623] => Image sees 98 / 254 points
I20261002 19:59:53.867447 24480 incremental_pipeline.cc:629] Registering image with structure-less fallback
I20261002 19:59:53.867492 24480 incremental_pipeline.cc:631] => Image sees 187 / 1095 correspondences
I20261002 19:59:53.867551 24480 incremental_pipeline.cc:646] => Could not register, trying another image.
I20261002 19:59:53.867596 24480 incremental_pipeline.cc:620] Registering image #114 (num_reg_frames=3)
I20261002 19:59:53.867642 24480 incremental_pipeline.cc:623] => Image sees 81 / 170 points
I20261002 19:59:53.867687 24480 incremental_pipeline.cc:629] Registering image with structure-less fallback
I20261002 19:59:53.867732 24480 incremental_pipeline.cc:631] => Image sees 157 / 742 correspondences
I20261002 19:59:53.867788 24480 incremental_pipeline.cc:646] => Could not register, trying another image.
I20261002 19:59:53.867834 24480 incremental_pipeline.cc:620] Registering image #104 (num_reg_frames=3)
I20261002 19:59:53.867881 24480 incremental_pipeline.cc:623] => Image sees 71 / 198 points
I20261002 19:59:53.867965 24480 incremental_pipeline.cc:629] Registering image with structure-less fallback
I20261002 19:59:53.868012 24480 incremental_pipeline.cc:631] => Image sees 140 / 898 correspondences
I20261002 19:59:53.868067 24480 incremental_pipeline.cc:646] => Could not register, trying another image.
I20261002 19:59:53.868114 24480 incremental_pipeline.cc:620] Registering image #113 (num_reg_frames=3)
I20261002 19:59:53.868162 24480 incremental_pipeline.cc:623] => Image sees 67 / 173 points
I20261002 19:59:53.868207 24480 incremental_pipeline.cc:629] Registering image with structure-less fallback
I20261002 19:59:53.868254 24480 incremental_pipeline.cc:631] => Image sees 131 / 824 correspondences
I20261002 19:59:53.868310 24480 incremental_pipeline.cc:646] => Could not register, trying another image.
I20261002 19:59:53.868356 24480 incremental_pipeline.cc:620] Registering image #105 (num_reg_frames=3)
I20261002 19:59:53.868403 24480 incremental_pipeline.cc:623] => Image sees 100 / 258 points
I20261002 19:59:53.868448 24480 incremental_pipeline.cc:629] Registering image with structure-less fallback
I20261002 19:59:53.868496 24480 incremental_pipeline.cc:631] => Image sees 119 / 1264 correspondences
I20261002 19:59:53.868554 24480 incremental_pipeline.cc:646] => Could not register, trying another image.
I20261002 19:59:53.868599 24480 incremental_pipeline.cc:620] Registering image #112 (num_reg_frames=3)
I20261002 19:59:53.868646 24480 incremental_pipeline.cc:623] => Image sees 57 / 150 points
I20261002 19:59:53.868691 24480 incremental_pipeline.cc:629] Registering image with structure-less fallback
I20261002 19:59:53.868736 24480 incremental_pipeline.cc:631] => Image sees 105 / 614 correspondences
I20261002 19:59:53.868789 24480 incremental_pipeline.cc:646] => Could not register, trying another image.
I20261002 19:59:53.868834 24480 incremental_pipeline.cc:620] Registering image #107 (num_reg_frames=3)
I20261002 19:59:53.868879 24480 incremental_pipeline.cc:623] => Image sees 86 / 246 points
I20261002 19:59:53.868963 24480 incremental_pipeline.cc:629] Registering image with structure-less fallback
I20261002 19:59:53.869011 24480 incremental_pipeline.cc:631] => Image sees 97 / 1160 correspondences
I20261002 19:59:53.869071 24480 incremental_pipeline.cc:646] => Could not register, trying another image.
I20261002 19:59:53.869117 24480 incremental_pipeline.cc:620] Registering image #123 (num_reg_frames=3)
I20261002 19:59:53.869164 24480 incremental_pipeline.cc:623] => Image sees 36 / 179 points
I20261002 19:59:53.869209 24480 incremental_pipeline.cc:629] Registering image with structure-less fallback
I20261002 19:59:53.869256 24480 incremental_pipeline.cc:631] => Image sees 94 / 1475 correspondences
I20261002 19:59:53.869314 24480 incremental_pipeline.cc:646] => Could not register, trying another image.
I20261002 19:59:53.869360 24480 incremental_pipeline.cc:620] Registering image #100 (num_reg_frames=3)
I20261002 19:59:53.869406 24480 incremental_pipeline.cc:623] => Image sees 40 / 197 points
I20261002 19:59:53.869451 24480 incremental_pipeline.cc:629] Registering image with structure-less fallback
I20261002 19:59:53.869498 24480 incremental_pipeline.cc:631] => Image sees 78 / 1757 correspondences
I20261002 19:59:53.869557 24480 incremental_pipeline.cc:646] => Could not register, trying another image.
I20261002 19:59:53.869604 24480 incremental_pipeline.cc:620] Registering image #122 (num_reg_frames=3)
I20261002 19:59:53.869649 24480 incremental_pipeline.cc:623] => Image sees 34 / 179 points
I20261002 19:59:53.869694 24480 incremental_pipeline.cc:629] Registering image with structure-less fallback
I20261002 19:59:53.869741 24480 incremental_pipeline.cc:631] => Image sees 66 / 696 correspondences
I20261002 19:59:53.869794 24480 incremental_pipeline.cc:646] => Could not register, trying another image.
I20261002 19:59:53.869839 24480 incremental_pipeline.cc:620] Registering image #103 (num_reg_frames=3)
I20261002 19:59:53.869885 24480 incremental_pipeline.cc:623] => Image sees 52 / 200 points
I20261002 19:59:53.869936 24480 incremental_pipeline.cc:629] Registering image with structure-less fallback
I20261002 19:59:53.869982 24480 incremental_pipeline.cc:631] => Image sees 65 / 777 correspondences
I20261002 19:59:53.870037 24480 incremental_pipeline.cc:646] => Could not register, trying another image.
I20261002 19:59:53.870084 24480 incremental_pipeline.cc:620] Registering image #129 (num_reg_frames=3)
I20261002 19:59:53.870131 24480 incremental_pipeline.cc:623] => Image sees 32 / 181 points
I20261002 19:59:53.870177 24480 incremental_pipeline.cc:629] Registering image with structure-less fallback
I20261002 19:59:53.870223 24480 incremental_pipeline.cc:631] => Image sees 63 / 1105 correspondences
I20261002 19:59:53.870277 24480 incremental_pipeline.cc:646] => Could not register, trying another image.
I20261002 19:59:53.870322 24480 incremental_pipeline.cc:620] Registering image #127 (num_reg_frames=3)
I20261002 19:59:53.870369 24480 incremental_pipeline.cc:623] => Image sees 30 / 150 points
I20261002 19:59:53.870416 24480 incremental_pipeline.cc:629] Registering image with structure-less fallback
I20261002 19:59:53.870461 24480 incremental_pipeline.cc:631] => Image sees 55 / 586 correspondences
I20261002 19:59:53.870508 24480 incremental_pipeline.cc:646] => Could not register, trying another image.
I20261002 19:59:53.870553 24480 incremental_pipeline.cc:620] Registering image #126 (num_reg_frames=3)
I20261002 19:59:53.870600 24480 incremental_pipeline.cc:623] => Image sees 30 / 158 points
I20261002 19:59:53.870645 24480 incremental_pipeline.cc:629] Registering image with structure-less fallback
I20261002 19:59:53.870692 24480 incremental_pipeline.cc:631] => Image sees 53 / 667 correspondences
I20261002 19:59:53.870737 24480 incremental_pipeline.cc:646] => Could not register, trying another image.
I20261002 19:59:53.870785 24480 incremental_pipeline.cc:620] Registering image #102 (num_reg_frames=3)
I20261002 19:59:53.870832 24480 incremental_pipeline.cc:623] => Image sees 43 / 193 points
I20261002 19:59:53.870916 24480 incremental_pipeline.cc:629] Registering image with structure-less fallback
I20261002 19:59:53.870963 24480 incremental_pipeline.cc:631] => Image sees 52 / 813 correspondences
I20261002 19:59:53.871009 24480 incremental_pipeline.cc:646] => Could not register, trying another image.
I20261002 19:59:53.871054 24480 incremental_pipeline.cc:620] Registering image #101 (num_reg_frames=3)
I20261002 19:59:53.871099 24480 incremental_pipeline.cc:623] => Image sees 32 / 145 points
I20261002 19:59:53.871147 24480 incremental_pipeline.cc:629] Registering image with structure-less fallback
I20261002 19:59:53.871192 24480 incremental_pipeline.cc:631] => Image sees 40 / 709 correspondences
I20261002 19:59:53.871239 24480 incremental_pipeline.cc:646] => Could not register, trying another image.
I20261002 19:59:53.871284 24480 incremental_pipeline.cc:620] Registering image #120 (num_reg_frames=3)
I20261002 19:59:53.871331 24480 incremental_pipeline.cc:623] => Image sees 33 / 193 points
I20261002 19:59:53.871377 24480 incremental_pipeline.cc:629] Registering image with structure-less fallback
I20261002 19:59:53.871424 24480 incremental_pipeline.cc:631] => Image sees 36 / 738 correspondences
I20261002 19:59:53.871469 24480 incremental_pipeline.cc:646] => Could not register, trying another image.
I20261002 19:59:53.871513 24480 incremental_pipeline.cc:620] Registering image #128 (num_reg_frames=3)
I20261002 19:59:53.871558 24480 incremental_pipeline.cc:623] => Image sees 32 / 160 points
I20261002 19:59:53.871603 24480 incremental_pipeline.cc:629] Registering image with structure-less fallback
I20261002 19:59:53.871650 24480 incremental_pipeline.cc:631] => Image sees 36 / 670 correspondences
I20261002 19:59:53.871697 24480 incremental_pipeline.cc:646] => Could not register, trying another image.
I20261002 19:59:53.871742 24480 incremental_pipeline.cc:620] Registering image #118 (num_reg_frames=3)
I20261002 19:59:53.871791 24480 incremental_pipeline.cc:623] => Image sees 30 / 179 points
I20261002 19:59:53.871837 24480 incremental_pipeline.cc:629] Registering image with structure-less fallback
I20261002 19:59:53.871882 24480 incremental_pipeline.cc:631] => Image sees 34 / 826 correspondences
I20261002 19:59:53.871929 24480 incremental_pipeline.cc:646] => Could not register, trying another image.
W20261002 19:59:53.871975 24480 incremental_pipeline.cc:821] Discarding reconstruction due to insufficient size
I20261002 19:59:53.872930 24480 incremental_pipeline.cc:465] Finding good initial image pair
I20261002 19:59:53.882437 24480 incremental_pipeline.cc:492] Registering initial image pair #123 and #124
I20261002 19:59:53.883032 24480 incremental_pipeline.cc:510] Global bundle adjustment
I20261002 19:59:53.891455 24480 incremental_pipeline.cc:620] Registering image #121 (num_reg_frames=2)
I20261002 19:59:53.891561 24480 incremental_pipeline.cc:623] => Image sees 83 / 157 points
I20261002 19:59:53.894299 24480 incremental_pipeline.cc:88] Retriangulation and Global bundle adjustment
I20261002 19:59:53.933417 24480 incremental_pipeline.cc:620] Registering image #119 (num_reg_frames=3)
I20261002 19:59:53.933623 24480 incremental_pipeline.cc:623] => Image sees 51 / 158 points
I20261002 19:59:53.942108 24480 incremental_pipeline.cc:620] Registering image #125 (num_reg_frames=4)
I20261002 19:59:53.942217 24480 incremental_pipeline.cc:623] => Image sees 50 / 175 points
I20261002 19:59:53.949982 24480 incremental_pipeline.cc:88] Retriangulation and Global bundle adjustment
I20261002 19:59:53.952603 24480 incremental_pipeline.cc:620] Registering image #122 (num_reg_frames=5)
I20261002 19:59:53.952716 24480 incremental_pipeline.cc:623] => Image sees 44 / 179 points
I20261002 19:59:53.961792 24480 incremental_pipeline.cc:88] Retriangulation and Global bundle adjustment
I20261002 19:59:53.969052 24480 incremental_pipeline.cc:620] Registering image #120 (num_reg_frames=6)
I20261002 19:59:53.969195 24480 incremental_pipeline.cc:623] => Image sees 53 / 193 points
I20261002 19:59:53.974349 24480 incremental_pipeline.cc:620] Registering image #118 (num_reg_frames=7)
I20261002 19:59:53.976703 24480 incremental_pipeline.cc:623] => Image sees 63 / 179 points
I20261002 19:59:53.982385 24480 incremental_pipeline.cc:620] Registering image #113 (num_reg_frames=8)
I20261002 19:59:53.982503 24480 incremental_pipeline.cc:623] => Image sees 45 / 173 points
I20261002 19:59:53.986132 24480 incremental_pipeline.cc:88] Retriangulation and Global bundle adjustment
I20261002 19:59:53.995941 24480 incremental_pipeline.cc:620] Registering image #112 (num_reg_frames=9)
I20261002 19:59:53.996191 24480 incremental_pipeline.cc:623] => Image sees 58 / 150 points
I20261002 19:59:54.004583 24480 incremental_pipeline.cc:620] Registering image #114 (num_reg_frames=10)
I20261002 19:59:54.004834 24480 incremental_pipeline.cc:623] => Image sees 54 / 170 points
I20261002 19:59:54.014980 24480 incremental_pipeline.cc:620] Registering image #111 (num_reg_frames=11)
I20261002 19:59:54.015152 24480 incremental_pipeline.cc:623] => Image sees 59 / 190 points
I20261002 19:59:54.021694 24480 incremental_pipeline.cc:620] Registering image #117 (num_reg_frames=12)
I20261002 19:59:54.021827 24480 incremental_pipeline.cc:623] => Image sees 53 / 233 points
I20261002 19:59:54.035213 24480 incremental_pipeline.cc:88] Retriangulation and Global bundle adjustment
I20261002 19:59:54.050326 24480 incremental_pipeline.cc:620] Registering image #109 (num_reg_frames=13)
I20261002 19:59:54.050444 24480 incremental_pipeline.cc:623] => Image sees 64 / 190 points
I20261002 19:59:54.059313 24480 incremental_pipeline.cc:620] Registering image #116 (num_reg_frames=14)
I20261002 19:59:54.059431 24480 incremental_pipeline.cc:623] => Image sees 91 / 205 points
I20261002 19:59:54.069279 24480 incremental_pipeline.cc:620] Registering image #110 (num_reg_frames=15)
I20261002 19:59:54.069410 24480 incremental_pipeline.cc:623] => Image sees 91 / 251 points
I20261002 19:59:54.077491 24480 incremental_pipeline.cc:88] Retriangulation and Global bundle adjustment
I20261002 19:59:54.105336 24480 incremental_pipeline.cc:620] Registering image #105 (num_reg_frames=16)
I20261002 19:59:54.105466 24480 incremental_pipeline.cc:623] => Image sees 89 / 258 points
I20261002 19:59:54.114636 24480 incremental_pipeline.cc:620] Registering image #106 (num_reg_frames=17)
I20261002 19:59:54.114846 24480 incremental_pipeline.cc:623] => Image sees 110 / 254 points
I20261002 19:59:54.123611 24480 incremental_pipeline.cc:620] Registering image #115 (num_reg_frames=18)
I20261002 19:59:54.123722 24480 incremental_pipeline.cc:623] => Image sees 110 / 251 points
I20261002 19:59:54.135988 24480 incremental_pipeline.cc:620] Registering image #108 (num_reg_frames=19)
I20261002 19:59:54.136098 24480 incremental_pipeline.cc:623] => Image sees 121 / 263 points
I20261002 19:59:54.152383 24480 incremental_pipeline.cc:620] Registering image #107 (num_reg_frames=20)
I20261002 19:59:54.152521 24480 incremental_pipeline.cc:623] => Image sees 122 / 246 points
I20261002 19:59:54.169164 24480 incremental_pipeline.cc:620] Registering image #104 (num_reg_frames=21)
I20261002 19:59:54.169550 24480 incremental_pipeline.cc:623] => Image sees 82 / 198 points
I20261002 19:59:54.180325 24480 incremental_pipeline.cc:620] Registering image #103 (num_reg_frames=22)
I20261002 19:59:54.180457 24480 incremental_pipeline.cc:623] => Image sees 82 / 200 points
I20261002 19:59:54.189421 24480 incremental_pipeline.cc:88] Retriangulation and Global bundle adjustment
I20261002 19:59:54.257153 24480 incremental_pipeline.cc:620] Registering image #102 (num_reg_frames=23)
I20261002 19:59:54.257318 24480 incremental_pipeline.cc:623] => Image sees 70 / 193 points
I20261002 19:59:54.266341 24480 incremental_pipeline.cc:620] Registering image #100 (num_reg_frames=24)
I20261002 19:59:54.266526 24480 incremental_pipeline.cc:623] => Image sees 92 / 197 points
I20261002 19:59:54.285067 24480 incremental_pipeline.cc:620] Registering image #101 (num_reg_frames=25)
I20261002 19:59:54.285250 24480 incremental_pipeline.cc:623] => Image sees 59 / 145 points
I20261002 19:59:54.294764 24480 incremental_pipeline.cc:620] Registering image #128 (num_reg_frames=26)
I20261002 19:59:54.294892 24480 incremental_pipeline.cc:623] => Image sees 59 / 160 points
I20261002 19:59:54.302001 24480 incremental_pipeline.cc:620] Registering image #130 (num_reg_frames=27)
I20261002 19:59:54.302150 24480 incremental_pipeline.cc:623] => Image sees 71 / 145 points
I20261002 19:59:54.313262 24480 incremental_pipeline.cc:620] Registering image #126 (num_reg_frames=28)
I20261002 19:59:54.313394 24480 incremental_pipeline.cc:623] => Image sees 94 / 158 points
I20261002 19:59:54.321202 24480 incremental_pipeline.cc:88] Retriangulation and Global bundle adjustment
I20261002 19:59:54.638976 24480 incremental_pipeline.cc:620] Registering image #129 (num_reg_frames=29)
I20261002 19:59:54.648090 24480 incremental_pipeline.cc:623] => Image sees 92 / 181 points
I20261002 19:59:54.660765 24480 incremental_pipeline.cc:620] Registering image #131 (num_reg_frames=30)
I20261002 19:59:54.660907 24480 incremental_pipeline.cc:623] => Image sees 105 / 158 points
I20261002 19:59:54.670762 24480 incremental_pipeline.cc:620] Registering image #127 (num_reg_frames=31)
I20261002 19:59:54.670948 24480 incremental_pipeline.cc:623] => Image sees 103 / 150 points
I20261002 19:59:54.682315 24480 incremental_pipeline.cc:620] Registering image #95 (num_reg_frames=32)
I20261002 19:59:54.682452 24480 incremental_pipeline.cc:623] => Image sees 46 / 130 points
I20261002 19:59:54.683011 24480 incremental_pipeline.cc:646] => Could not register, trying another image.
I20261002 19:59:54.683140 24480 incremental_pipeline.cc:620] Registering image #99 (num_reg_frames=32)
I20261002 19:59:54.683217 24480 incremental_pipeline.cc:623] => Image sees 43 / 144 points
I20261002 19:59:54.690875 24480 incremental_pipeline.cc:620] Registering image #98 (num_reg_frames=33)
I20261002 19:59:54.690991 24480 incremental_pipeline.cc:623] => Image sees 46 / 141 points
I20261002 19:59:54.701691 24480 incremental_pipeline.cc:620] Registering image #96 (num_reg_frames=34)
I20261002 19:59:54.701893 24480 incremental_pipeline.cc:623] => Image sees 47 / 136 points
I20261002 19:59:54.702506 24480 incremental_pipeline.cc:646] => Could not register, trying another image.
I20261002 19:59:54.702596 24480 incremental_pipeline.cc:620] Registering image #93 (num_reg_frames=34)
I20261002 19:59:54.702667 24480 incremental_pipeline.cc:623] => Image sees 39 / 119 points
I20261002 19:59:54.703282 24480 incremental_pipeline.cc:646] => Could not register, trying another image.
I20261002 19:59:54.703433 24480 incremental_pipeline.cc:620] Registering image #97 (num_reg_frames=34)
I20261002 19:59:54.703614 24480 incremental_pipeline.cc:623] => Image sees 39 / 127 points
W20261002 19:59:54.708221 24480 levenberg_marquardt_strategy.cc:123] Linear solver failure. Failed to compute a step: Eigen failure. Unable to perform dense Cholesky factorization.
W20261002 19:59:54.708601 24480 levenberg_marquardt_strategy.cc:123] Linear solver failure. Failed to compute a step: Eigen failure. Unable to perform dense Cholesky factorization.
W20261002 19:59:54.708755 24480 levenberg_marquardt_strategy.cc:123] Linear solver failure. Failed to compute a step: Eigen failure. Unable to perform dense Cholesky factorization.
W20261002 19:59:54.709235 24480 levenberg_marquardt_strategy.cc:123] Linear solver failure. Failed to compute a step: Eigen failure. Unable to perform dense Cholesky factorization.
W20261002 19:59:54.709372 24480 levenberg_marquardt_strategy.cc:123] Linear solver failure. Failed to compute a step: Eigen failure. Unable to perform dense Cholesky factorization.
W20261002 19:59:54.709771 24480 levenberg_marquardt_strategy.cc:123] Linear solver failure. Failed to compute a step: Eigen failure. Unable to perform dense Cholesky factorization.
I20261002 19:59:54.716431 24480 incremental_pipeline.cc:620] Registering image #95 (num_reg_frames=35)
I20261002 19:59:54.716545 24480 incremental_pipeline.cc:623] => Image sees 73 / 130 points
I20261002 19:59:54.724763 24480 incremental_pipeline.cc:620] Registering image #96 (num_reg_frames=36)
I20261002 19:59:54.724889 24480 incremental_pipeline.cc:623] => Image sees 61 / 136 points
I20261002 19:59:54.733408 24480 incremental_pipeline.cc:620] Registering image #93 (num_reg_frames=37)
I20261002 19:59:54.733524 24480 incremental_pipeline.cc:623] => Image sees 50 / 119 points
I20261002 19:59:54.734166 24480 incremental_pipeline.cc:646] => Could not register, trying another image.
I20261002 19:59:54.734264 24480 incremental_pipeline.cc:620] Registering image #93 (num_reg_frames=37)
I20261002 19:59:54.734422 24480 incremental_pipeline.cc:623] => Image sees 50 / 119 points
I20261002 19:59:54.734518 24480 incremental_pipeline.cc:629] Registering image with structure-less fallback
I20261002 19:59:54.734575 24480 incremental_pipeline.cc:631] => Image sees 314 / 700 correspondences
I20261002 19:59:54.760533 24480 incremental_pipeline.cc:620] Registering image #94 (num_reg_frames=38)
I20261002 19:59:54.760717 24480 incremental_pipeline.cc:623] => Image sees 65 / 135 points
I20261002 19:59:54.770252 24480 incremental_pipeline.cc:620] Registering image #92 (num_reg_frames=39)
I20261002 19:59:54.770460 24480 incremental_pipeline.cc:623] => Image sees 72 / 129 points
I20261002 19:59:54.779552 24480 incremental_pipeline.cc:620] Registering image #90 (num_reg_frames=40)
I20261002 19:59:54.779673 24480 incremental_pipeline.cc:623] => Image sees 57 / 128 points
I20261002 19:59:54.790352 24480 incremental_pipeline.cc:88] Retriangulation and Global bundle adjustment
I20261002 19:59:55.148276 24480 incremental_pipeline.cc:88] Retriangulation and Global bundle adjustment
I20261002 19:59:55.470842 24480 incremental_pipeline.cc:620] Registering image #87 (num_reg_frames=41)
I20261002 19:59:55.471045 24480 incremental_pipeline.cc:623] => Image sees 31 / 117 points
I20261002 19:59:55.471649 24480 incremental_pipeline.cc:646] => Could not register, trying another image.
I20261002 19:59:55.471765 24480 incremental_pipeline.cc:620] Registering image #87 (num_reg_frames=41)
I20261002 19:59:55.471844 24480 incremental_pipeline.cc:623] => Image sees 31 / 117 points
I20261002 19:59:55.471913 24480 incremental_pipeline.cc:629] Registering image with structure-less fallback
I20261002 19:59:55.471986 24480 incremental_pipeline.cc:631] => Image sees 255 / 587 correspondences
I20261002 19:59:55.528318 24480 incremental_pipeline.cc:620] Registering image #91 (num_reg_frames=42)
I20261002 19:59:55.528512 24480 incremental_pipeline.cc:623] => Image sees 64 / 107 points
I20261002 19:59:55.539980 24480 incremental_pipeline.cc:620] Registering image #89 (num_reg_frames=43)
I20261002 19:59:55.540102 24480 incremental_pipeline.cc:623] => Image sees 60 / 119 points
W20261002 19:59:55.549698 24480 levenberg_marquardt_strategy.cc:123] Linear solver failure. Failed to compute a step: Eigen failure. Unable to perform dense Cholesky factorization.
W20261002 19:59:55.549936 24480 levenberg_marquardt_strategy.cc:123] Linear solver failure. Failed to compute a step: Eigen failure. Unable to perform dense Cholesky factorization.
W20261002 19:59:55.550730 24480 levenberg_marquardt_strategy.cc:123] Linear solver failure. Failed to compute a step: Eigen failure. Unable to perform dense Cholesky factorization.
W20261002 19:59:55.550902 24480 levenberg_marquardt_strategy.cc:123] Linear solver failure. Failed to compute a step: Eigen failure. Unable to perform dense Cholesky factorization.
I20261002 19:59:55.557149 24480 incremental_pipeline.cc:620] Registering image #88 (num_reg_frames=44)
I20261002 19:59:55.557264 24480 incremental_pipeline.cc:623] => Image sees 64 / 130 points
I20261002 19:59:55.573253 24480 incremental_pipeline.cc:620] Registering image #86 (num_reg_frames=45)
I20261002 19:59:55.573372 24480 incremental_pipeline.cc:623] => Image sees 70 / 125 points
I20261002 19:59:55.596387 24480 incremental_pipeline.cc:620] Registering image #85 (num_reg_frames=46)
I20261002 19:59:55.596531 24480 incremental_pipeline.cc:623] => Image sees 66 / 113 points
I20261002 19:59:55.610200 24480 incremental_pipeline.cc:620] Registering image #80 (num_reg_frames=47)
I20261002 19:59:55.610307 24480 incremental_pipeline.cc:623] => Image sees 75 / 115 points
I20261002 19:59:55.623796 24480 incremental_pipeline.cc:620] Registering image #83 (num_reg_frames=48)
I20261002 19:59:55.623901 24480 incremental_pipeline.cc:623] => Image sees 66 / 115 points
I20261002 19:59:55.635654 24480 incremental_pipeline.cc:620] Registering image #79 (num_reg_frames=49)
I20261002 19:59:55.635776 24480 incremental_pipeline.cc:623] => Image sees 70 / 125 points
I20261002 19:59:55.653131 24480 incremental_pipeline.cc:620] Registering image #81 (num_reg_frames=50)
I20261002 19:59:55.653281 24480 incremental_pipeline.cc:623] => Image sees 61 / 116 points
I20261002 19:59:55.664438 24480 incremental_pipeline.cc:620] Registering image #82 (num_reg_frames=51)
I20261002 19:59:55.664573 24480 incremental_pipeline.cc:623] => Image sees 72 / 127 points
I20261002 19:59:55.678908 24480 incremental_pipeline.cc:620] Registering image #84 (num_reg_frames=52)
I20261002 19:59:55.679049 24480 incremental_pipeline.cc:623] => Image sees 69 / 113 points
I20261002 19:59:55.693812 24480 incremental_pipeline.cc:620] Registering image #78 (num_reg_frames=53)
I20261002 19:59:55.693969 24480 incremental_pipeline.cc:623] => Image sees 68 / 132 points
I20261002 19:59:55.706450 24480 incremental_pipeline.cc:620] Registering image #77 (num_reg_frames=54)
I20261002 19:59:55.706596 24480 incremental_pipeline.cc:623] => Image sees 59 / 125 points
I20261002 19:59:55.716212 24480 incremental_pipeline.cc:620] Registering image #76 (num_reg_frames=55)
I20261002 19:59:55.716329 24480 incremental_pipeline.cc:623] => Image sees 64 / 110 points
I20261002 19:59:55.726242 24480 incremental_pipeline.cc:620] Registering image #74 (num_reg_frames=56)
I20261002 19:59:55.726361 24480 incremental_pipeline.cc:623] => Image sees 65 / 121 points
I20261002 19:59:55.737521 24480 incremental_pipeline.cc:620] Registering image #59 (num_reg_frames=57)
I20261002 19:59:55.737648 24480 incremental_pipeline.cc:623] => Image sees 70 / 113 points
I20261002 19:59:55.750105 24480 incremental_pipeline.cc:88] Retriangulation and Global bundle adjustment
I20261002 19:59:57.173437 24480 incremental_pipeline.cc:620] Registering image #71 (num_reg_frames=58)
I20261002 19:59:57.182606 24480 incremental_pipeline.cc:623] => Image sees 40 / 108 points
I20261002 19:59:57.199218 24480 incremental_pipeline.cc:620] Registering image #70 (num_reg_frames=59)
I20261002 19:59:57.199389 24480 incremental_pipeline.cc:623] => Image sees 50 / 114 points
I20261002 19:59:57.213873 24480 incremental_pipeline.cc:620] Registering image #73 (num_reg_frames=60)
I20261002 19:59:57.214012 24480 incremental_pipeline.cc:623] => Image sees 51 / 113 points
W20261002 19:59:57.219947 24480 levenberg_marquardt_strategy.cc:123] Linear solver failure. Failed to compute a step: Eigen failure. Unable to perform dense Cholesky factorization.
W20261002 19:59:57.220123 24480 levenberg_marquardt_strategy.cc:123] Linear solver failure. Failed to compute a step: Eigen failure. Unable to perform dense Cholesky factorization.
W20261002 19:59:57.220393 24480 levenberg_marquardt_strategy.cc:123] Linear solver failure. Failed to compute a step: Eigen failure. Unable to perform dense Cholesky factorization.
W20261002 19:59:57.220651 24480 levenberg_marquardt_strategy.cc:123] Linear solver failure. Failed to compute a step: Eigen failure. Unable to perform dense Cholesky factorization.
I20261002 19:59:57.230771 24480 incremental_pipeline.cc:620] Registering image #72 (num_reg_frames=61)
I20261002 19:59:57.230884 24480 incremental_pipeline.cc:623] => Image sees 50 / 105 points
I20261002 19:59:57.248891 24480 incremental_pipeline.cc:620] Registering image #75 (num_reg_frames=62)
I20261002 19:59:57.249111 24480 incremental_pipeline.cc:623] => Image sees 48 / 104 points
I20261002 19:59:57.266619 24480 incremental_pipeline.cc:620] Registering image #67 (num_reg_frames=63)
I20261002 19:59:57.266736 24480 incremental_pipeline.cc:623] => Image sees 53 / 109 points
I20261002 19:59:57.282436 24480 incremental_pipeline.cc:88] Retriangulation and Global bundle adjustment
I20261002 19:59:59.378137 24480 incremental_pipeline.cc:826] Keeping successful reconstruction
I20261002 19:59:59.388362 24480 incremental_pipeline.cc:465] Finding good initial image pair
I20261002 19:59:59.393084 24480 incremental_pipeline.cc:492] Registering initial image pair #23 and #25
I20261002 19:59:59.393550 24480 incremental_pipeline.cc:510] Global bundle adjustment
I20261002 19:59:59.402122 24480 incremental_pipeline.cc:620] Registering image #24 (num_reg_frames=2)
I20261002 19:59:59.402266 24480 incremental_pipeline.cc:623] => Image sees 76 / 114 points
I20261002 19:59:59.404202 24480 incremental_pipeline.cc:88] Retriangulation and Global bundle adjustment
I20261002 19:59:59.414792 24480 incremental_pipeline.cc:620] Registering image #22 (num_reg_frames=3)
I20261002 19:59:59.414913 24480 incremental_pipeline.cc:623] => Image sees 68 / 118 points
I20261002 19:59:59.415093 24480 incremental_pipeline.cc:646] => Could not register, trying another image.
I20261002 19:59:59.415175 24480 incremental_pipeline.cc:620] Registering image #27 (num_reg_frames=3)
I20261002 19:59:59.415231 24480 incremental_pipeline.cc:623] => Image sees 63 / 127 points
I20261002 19:59:59.415292 24480 incremental_pipeline.cc:646] => Could not register, trying another image.
I20261002 19:59:59.415338 24480 incremental_pipeline.cc:620] Registering image #21 (num_reg_frames=3)
I20261002 19:59:59.415385 24480 incremental_pipeline.cc:623] => Image sees 56 / 125 points
I20261002 19:59:59.415447 24480 incremental_pipeline.cc:646] => Could not register, trying another image.
I20261002 19:59:59.415516 24480 incremental_pipeline.cc:620] Registering image #20 (num_reg_frames=3)
I20261002 19:59:59.415568 24480 incremental_pipeline.cc:623] => Image sees 54 / 116 points
I20261002 19:59:59.415641 24480 incremental_pipeline.cc:646] => Could not register, trying another image.
I20261002 19:59:59.415692 24480 incremental_pipeline.cc:620] Registering image #31 (num_reg_frames=3)
I20261002 19:59:59.415739 24480 incremental_pipeline.cc:623] => Image sees 55 / 130 points
I20261002 19:59:59.415797 24480 incremental_pipeline.cc:646] => Could not register, trying another image.
I20261002 19:59:59.415849 24480 incremental_pipeline.cc:620] Registering image #29 (num_reg_frames=3)
I20261002 19:59:59.415901 24480 incremental_pipeline.cc:623] => Image sees 44 / 118 points
I20261002 19:59:59.415956 24480 incremental_pipeline.cc:646] => Could not register, trying another image.
I20261002 19:59:59.416002 24480 incremental_pipeline.cc:620] Registering image #79 (num_reg_frames=3)
I20261002 19:59:59.416048 24480 incremental_pipeline.cc:623] => Image sees 32 / 125 points
I20261002 19:59:59.416126 24480 incremental_pipeline.cc:646] => Could not register, trying another image.
I20261002 19:59:59.416187 24480 incremental_pipeline.cc:620] Registering image #17 (num_reg_frames=3)
I20261002 19:59:59.416245 24480 incremental_pipeline.cc:623] => Image sees 36 / 113 points
I20261002 19:59:59.416311 24480 incremental_pipeline.cc:646] => Could not register, trying another image.
I20261002 19:59:59.416370 24480 incremental_pipeline.cc:620] Registering image #15 (num_reg_frames=3)
I20261002 19:59:59.416428 24480 incremental_pipeline.cc:623] => Image sees 36 / 111 points
I20261002 19:59:59.416530 24480 incremental_pipeline.cc:646] => Could not register, trying another image.
I20261002 19:59:59.416593 24480 incremental_pipeline.cc:620] Registering image #16 (num_reg_frames=3)
I20261002 19:59:59.416652 24480 incremental_pipeline.cc:623] => Image sees 33 / 124 points
I20261002 19:59:59.416717 24480 incremental_pipeline.cc:646] => Could not register, trying another image.
I20261002 19:59:59.416776 24480 incremental_pipeline.cc:620] Registering image #19 (num_reg_frames=3)
I20261002 19:59:59.416839 24480 incremental_pipeline.cc:623] => Image sees 34 / 130 points
I20261002 19:59:59.416903 24480 incremental_pipeline.cc:646] => Could not register, trying another image.
I20261002 19:59:59.416967 24480 incremental_pipeline.cc:620] Registering image #21 (num_reg_frames=3)
I20261002 19:59:59.417034 24480 incremental_pipeline.cc:623] => Image sees 56 / 125 points
I20261002 19:59:59.417093 24480 incremental_pipeline.cc:629] Registering image with structure-less fallback
I20261002 19:59:59.417151 24480 incremental_pipeline.cc:631] => Image sees 174 / 1957 correspondences
I20261002 19:59:59.417222 24480 incremental_pipeline.cc:646] => Could not register, trying another image.
I20261002 19:59:59.417282 24480 incremental_pipeline.cc:620] Registering image #22 (num_reg_frames=3)
I20261002 19:59:59.417341 24480 incremental_pipeline.cc:623] => Image sees 68 / 118 points
I20261002 19:59:59.417399 24480 incremental_pipeline.cc:629] Registering image with structure-less fallback
I20261002 19:59:59.417485 24480 incremental_pipeline.cc:631] => Image sees 146 / 598 correspondences
I20261002 19:59:59.417552 24480 incremental_pipeline.cc:646] => Could not register, trying another image.
I20261002 19:59:59.417613 24480 incremental_pipeline.cc:620] Registering image #27 (num_reg_frames=3)
I20261002 19:59:59.417672 24480 incremental_pipeline.cc:623] => Image sees 63 / 127 points
I20261002 19:59:59.417731 24480 incremental_pipeline.cc:629] Registering image with structure-less fallback
I20261002 19:59:59.417792 24480 incremental_pipeline.cc:631] => Image sees 136 / 643 correspondences
I20261002 19:59:59.417858 24480 incremental_pipeline.cc:646] => Could not register, trying another image.
I20261002 19:59:59.417918 24480 incremental_pipeline.cc:620] Registering image #31 (num_reg_frames=3)
I20261002 19:59:59.417976 24480 incremental_pipeline.cc:623] => Image sees 55 / 130 points
I20261002 19:59:59.418089 24480 incremental_pipeline.cc:629] Registering image with structure-less fallback
I20261002 19:59:59.418235 24480 incremental_pipeline.cc:631] => Image sees 129 / 598 correspondences
I20261002 19:59:59.418364 24480 incremental_pipeline.cc:646] => Could not register, trying another image.
I20261002 19:59:59.418476 24480 incremental_pipeline.cc:620] Registering image #20 (num_reg_frames=3)
I20261002 19:59:59.418555 24480 incremental_pipeline.cc:623] => Image sees 54 / 116 points
I20261002 19:59:59.418618 24480 incremental_pipeline.cc:629] Registering image with structure-less fallback
I20261002 19:59:59.418679 24480 incremental_pipeline.cc:631] => Image sees 60 / 611 correspondences
I20261002 19:59:59.418750 24480 incremental_pipeline.cc:646] => Could not register, trying another image.
I20261002 19:59:59.418812 24480 incremental_pipeline.cc:620] Registering image #29 (num_reg_frames=3)
I20261002 19:59:59.418873 24480 incremental_pipeline.cc:623] => Image sees 44 / 118 points
I20261002 19:59:59.418934 24480 incremental_pipeline.cc:629] Registering image with structure-less fallback
I20261002 19:59:59.418997 24480 incremental_pipeline.cc:631] => Image sees 47 / 586 correspondences
I20261002 19:59:59.419069 24480 incremental_pipeline.cc:646] => Could not register, trying another image.
I20261002 19:59:59.419130 24480 incremental_pipeline.cc:620] Registering image #16 (num_reg_frames=3)
I20261002 19:59:59.419190 24480 incremental_pipeline.cc:623] => Image sees 33 / 124 points
I20261002 19:59:59.419254 24480 incremental_pipeline.cc:629] Registering image with structure-less fallback
I20261002 19:59:59.419313 24480 incremental_pipeline.cc:631] => Image sees 43 / 562 correspondences
I20261002 19:59:59.419373 24480 incremental_pipeline.cc:646] => Could not register, trying another image.
I20261002 19:59:59.419449 24480 incremental_pipeline.cc:620] Registering image #19 (num_reg_frames=3)
I20261002 19:59:59.419510 24480 incremental_pipeline.cc:623] => Image sees 34 / 130 points
I20261002 19:59:59.419581 24480 incremental_pipeline.cc:629] Registering image with structure-less fallback
I20261002 19:59:59.419642 24480 incremental_pipeline.cc:631] => Image sees 40 / 607 correspondences
I20261002 19:59:59.419727 24480 incremental_pipeline.cc:646] => Could not register, trying another image.
I20261002 19:59:59.419837 24480 incremental_pipeline.cc:620] Registering image #17 (num_reg_frames=3)
I20261002 19:59:59.419918 24480 incremental_pipeline.cc:623] => Image sees 36 / 113 points
I20261002 19:59:59.419987 24480 incremental_pipeline.cc:629] Registering image with structure-less fallback
I20261002 19:59:59.420052 24480 incremental_pipeline.cc:631] => Image sees 40 / 538 correspondences
I20261002 19:59:59.420114 24480 incremental_pipeline.cc:646] => Could not register, trying another image.
I20261002 19:59:59.420177 24480 incremental_pipeline.cc:620] Registering image #15 (num_reg_frames=3)
I20261002 19:59:59.420239 24480 incremental_pipeline.cc:623] => Image sees 36 / 111 points
I20261002 19:59:59.420302 24480 incremental_pipeline.cc:629] Registering image with structure-less fallback
I20261002 19:59:59.420363 24480 incremental_pipeline.cc:631] => Image sees 39 / 586 correspondences
I20261002 19:59:59.420424 24480 incremental_pipeline.cc:646] => Could not register, trying another image.
I20261002 19:59:59.420484 24480 incremental_pipeline.cc:620] Registering image #79 (num_reg_frames=3)
I20261002 19:59:59.420546 24480 incremental_pipeline.cc:623] => Image sees 32 / 125 points
I20261002 19:59:59.420607 24480 incremental_pipeline.cc:629] Registering image with structure-less fallback
I20261002 19:59:59.420667 24480 incremental_pipeline.cc:631] => Image sees 39 / 2486 correspondences
I20261002 19:59:59.420728 24480 incremental_pipeline.cc:646] => Could not register, trying another image.
I20261002 19:59:59.420795 24480 incremental_pipeline.cc:88] Retriangulation and Global bundle adjustment
I20261002 19:59:59.430870 24480 incremental_pipeline.cc:620] Registering image #22 (num_reg_frames=3)
I20261002 19:59:59.430997 24480 incremental_pipeline.cc:623] => Image sees 68 / 118 points
I20261002 19:59:59.431144 24480 incremental_pipeline.cc:646] => Could not register, trying another image.
I20261002 19:59:59.431230 24480 incremental_pipeline.cc:620] Registering image #27 (num_reg_frames=3)
I20261002 19:59:59.431322 24480 incremental_pipeline.cc:623] => Image sees 63 / 127 points
I20261002 19:59:59.431402 24480 incremental_pipeline.cc:646] => Could not register, trying another image.
I20261002 19:59:59.431466 24480 incremental_pipeline.cc:620] Registering image #21 (num_reg_frames=3)
I20261002 19:59:59.431534 24480 incremental_pipeline.cc:623] => Image sees 56 / 125 points
I20261002 19:59:59.431609 24480 incremental_pipeline.cc:646] => Could not register, trying another image.
I20261002 19:59:59.431669 24480 incremental_pipeline.cc:620] Registering image #20 (num_reg_frames=3)
I20261002 19:59:59.431732 24480 incremental_pipeline.cc:623] => Image sees 54 / 116 points
I20261002 19:59:59.431932 24480 incremental_pipeline.cc:646] => Could not register, trying another image.
I20261002 19:59:59.432007 24480 incremental_pipeline.cc:620] Registering image #31 (num_reg_frames=3)
I20261002 19:59:59.432071 24480 incremental_pipeline.cc:623] => Image sees 55 / 130 points
I20261002 19:59:59.432141 24480 incremental_pipeline.cc:646] => Could not register, trying another image.
I20261002 19:59:59.432202 24480 incremental_pipeline.cc:620] Registering image #29 (num_reg_frames=3)
I20261002 19:59:59.432263 24480 incremental_pipeline.cc:623] => Image sees 44 / 118 points
I20261002 19:59:59.432340 24480 incremental_pipeline.cc:646] => Could not register, trying another image.
I20261002 19:59:59.432410 24480 incremental_pipeline.cc:620] Registering image #79 (num_reg_frames=3)
I20261002 19:59:59.432471 24480 incremental_pipeline.cc:623] => Image sees 32 / 125 points
I20261002 19:59:59.432547 24480 incremental_pipeline.cc:646] => Could not register, trying another image.
I20261002 19:59:59.432607 24480 incremental_pipeline.cc:620] Registering image #17 (num_reg_frames=3)
I20261002 19:59:59.432668 24480 incremental_pipeline.cc:623] => Image sees 36 / 113 points
I20261002 19:59:59.432735 24480 incremental_pipeline.cc:646] => Could not register, trying another image.
I20261002 19:59:59.432794 24480 incremental_pipeline.cc:620] Registering image #15 (num_reg_frames=3)
I20261002 19:59:59.432856 24480 incremental_pipeline.cc:623] => Image sees 36 / 111 points
I20261002 19:59:59.432922 24480 incremental_pipeline.cc:646] => Could not register, trying another image.
I20261002 19:59:59.432982 24480 incremental_pipeline.cc:620] Registering image #16 (num_reg_frames=3)
I20261002 19:59:59.433043 24480 incremental_pipeline.cc:623] => Image sees 33 / 124 points
I20261002 19:59:59.433110 24480 incremental_pipeline.cc:646] => Could not register, trying another image.
I20261002 19:59:59.433171 24480 incremental_pipeline.cc:620] Registering image #19 (num_reg_frames=3)
I20261002 19:59:59.433232 24480 incremental_pipeline.cc:623] => Image sees 34 / 130 points
I20261002 19:59:59.433299 24480 incremental_pipeline.cc:646] => Could not register, trying another image.
I20261002 19:59:59.433363 24480 incremental_pipeline.cc:620] Registering image #21 (num_reg_frames=3)
I20261002 19:59:59.433426 24480 incremental_pipeline.cc:623] => Image sees 56 / 125 points
I20261002 19:59:59.433566 24480 incremental_pipeline.cc:629] Registering image with structure-less fallback
I20261002 19:59:59.433638 24480 incremental_pipeline.cc:631] => Image sees 174 / 1957 correspondences
I20261002 19:59:59.433712 24480 incremental_pipeline.cc:646] => Could not register, trying another image.
I20261002 19:59:59.433772 24480 incremental_pipeline.cc:620] Registering image #22 (num_reg_frames=3)
I20261002 19:59:59.433832 24480 incremental_pipeline.cc:623] => Image sees 68 / 118 points
I20261002 19:59:59.433893 24480 incremental_pipeline.cc:629] Registering image with structure-less fallback
I20261002 19:59:59.433958 24480 incremental_pipeline.cc:631] => Image sees 146 / 598 correspondences
I20261002 19:59:59.434039 24480 incremental_pipeline.cc:646] => Could not register, trying another image.
I20261002 19:59:59.434109 24480 incremental_pipeline.cc:620] Registering image #27 (num_reg_frames=3)
I20261002 19:59:59.434170 24480 incremental_pipeline.cc:623] => Image sees 63 / 127 points
I20261002 19:59:59.434231 24480 incremental_pipeline.cc:629] Registering image with structure-less fallback
I20261002 19:59:59.434292 24480 incremental_pipeline.cc:631] => Image sees 136 / 643 correspondences
I20261002 19:59:59.434362 24480 incremental_pipeline.cc:646] => Could not register, trying another image.
I20261002 19:59:59.434422 24480 incremental_pipeline.cc:620] Registering image #31 (num_reg_frames=3)
I20261002 19:59:59.434485 24480 incremental_pipeline.cc:623] => Image sees 55 / 130 points
I20261002 19:59:59.434546 24480 incremental_pipeline.cc:629] Registering image with structure-less fallback
I20261002 19:59:59.434605 24480 incremental_pipeline.cc:631] => Image sees 129 / 598 correspondences
I20261002 19:59:59.434673 24480 incremental_pipeline.cc:646] => Could not register, trying another image.
I20261002 19:59:59.434738 24480 incremental_pipeline.cc:620] Registering image #20 (num_reg_frames=3)
I20261002 19:59:59.434798 24480 incremental_pipeline.cc:623] => Image sees 54 / 116 points
I20261002 19:59:59.434859 24480 incremental_pipeline.cc:629] Registering image with structure-less fallback
I20261002 19:59:59.434920 24480 incremental_pipeline.cc:631] => Image sees 60 / 611 correspondences
I20261002 19:59:59.434987 24480 incremental_pipeline.cc:646] => Could not register, trying another image.
I20261002 19:59:59.435048 24480 incremental_pipeline.cc:620] Registering image #29 (num_reg_frames=3)
I20261002 19:59:59.435111 24480 incremental_pipeline.cc:623] => Image sees 44 / 118 points
I20261002 19:59:59.435172 24480 incremental_pipeline.cc:629] Registering image with structure-less fallback
I20261002 19:59:59.435238 24480 incremental_pipeline.cc:631] => Image sees 47 / 586 correspondences
I20261002 19:59:59.435299 24480 incremental_pipeline.cc:646] => Could not register, trying another image.
I20261002 19:59:59.435361 24480 incremental_pipeline.cc:620] Registering image #16 (num_reg_frames=3)
I20261002 19:59:59.435421 24480 incremental_pipeline.cc:623] => Image sees 33 / 124 points
I20261002 19:59:59.435490 24480 incremental_pipeline.cc:629] Registering image with structure-less fallback
I20261002 19:59:59.435549 24480 incremental_pipeline.cc:631] => Image sees 43 / 562 correspondences
I20261002 19:59:59.435608 24480 incremental_pipeline.cc:646] => Could not register, trying another image.
I20261002 19:59:59.435670 24480 incremental_pipeline.cc:620] Registering image #19 (num_reg_frames=3)
I20261002 19:59:59.435731 24480 incremental_pipeline.cc:623] => Image sees 34 / 130 points
I20261002 19:59:59.435790 24480 incremental_pipeline.cc:629] Registering image with structure-less fallback
I20261002 19:59:59.435858 24480 incremental_pipeline.cc:631] => Image sees 40 / 607 correspondences
I20261002 19:59:59.435919 24480 incremental_pipeline.cc:646] => Could not register, trying another image.
I20261002 19:59:59.435977 24480 incremental_pipeline.cc:620] Registering image #17 (num_reg_frames=3)
I20261002 19:59:59.436036 24480 incremental_pipeline.cc:623] => Image sees 36 / 113 points
I20261002 19:59:59.436099 24480 incremental_pipeline.cc:629] Registering image with structure-less fallback
I20261002 19:59:59.436158 24480 incremental_pipeline.cc:631] => Image sees 40 / 538 correspondences
I20261002 19:59:59.436378 24480 incremental_pipeline.cc:646] => Could not register, trying another image.
I20261002 19:59:59.436465 24480 incremental_pipeline.cc:620] Registering image #15 (num_reg_frames=3)
I20261002 19:59:59.436548 24480 incremental_pipeline.cc:623] => Image sees 36 / 111 points
I20261002 19:59:59.436654 24480 incremental_pipeline.cc:629] Registering image with structure-less fallback
I20261002 19:59:59.436734 24480 incremental_pipeline.cc:631] => Image sees 39 / 586 correspondences
I20261002 19:59:59.436799 24480 incremental_pipeline.cc:646] => Could not register, trying another image.
I20261002 19:59:59.436878 24480 incremental_pipeline.cc:620] Registering image #79 (num_reg_frames=3)
I20261002 19:59:59.436938 24480 incremental_pipeline.cc:623] => Image sees 32 / 125 points
I20261002 19:59:59.436997 24480 incremental_pipeline.cc:629] Registering image with structure-less fallback
I20261002 19:59:59.437055 24480 incremental_pipeline.cc:631] => Image sees 39 / 2486 correspondences
I20261002 19:59:59.437114 24480 incremental_pipeline.cc:646] => Could not register, trying another image.
W20261002 19:59:59.437173 24480 incremental_pipeline.cc:821] Discarding reconstruction due to insufficient size
I20261002 19:59:59.437963 24480 incremental_pipeline.cc:465] Finding good initial image pair
I20261002 19:59:59.442157 24480 incremental_pipeline.cc:492] Registering initial image pair #2 and #1
I20261002 19:59:59.442654 24480 incremental_pipeline.cc:510] Global bundle adjustment
I20261002 19:59:59.449640 24480 incremental_pipeline.cc:620] Registering image #3 (num_reg_frames=2)
I20261002 19:59:59.449761 24480 incremental_pipeline.cc:623] => Image sees 61 / 100 points
I20261002 19:59:59.451906 24480 incremental_pipeline.cc:88] Retriangulation and Global bundle adjustment
I20261002 19:59:59.453687 24480 incremental_pipeline.cc:620] Registering image #4 (num_reg_frames=3)
I20261002 19:59:59.453803 24480 incremental_pipeline.cc:623] => Image sees 53 / 100 points
I20261002 19:59:59.458105 24480 incremental_pipeline.cc:620] Registering image #5 (num_reg_frames=4)
I20261002 19:59:59.458229 24480 incremental_pipeline.cc:623] => Image sees 53 / 107 points
I20261002 19:59:59.471582 24480 incremental_pipeline.cc:88] Retriangulation and Global bundle adjustment
I20261002 19:59:59.488286 24480 incremental_pipeline.cc:620] Registering image #9 (num_reg_frames=5)
I20261002 19:59:59.488476 24480 incremental_pipeline.cc:623] => Image sees 51 / 103 points
I20261002 19:59:59.511231 24480 incremental_pipeline.cc:620] Registering image #14 (num_reg_frames=6)
I20261002 19:59:59.511369 24480 incremental_pipeline.cc:623] => Image sees 54 / 122 points
I20261002 19:59:59.515501 24480 incremental_pipeline.cc:88] Retriangulation and Global bundle adjustment
I20261002 19:59:59.551438 24480 incremental_pipeline.cc:620] Registering image #13 (num_reg_frames=7)
I20261002 19:59:59.551732 24480 incremental_pipeline.cc:623] => Image sees 44 / 108 points
I20261002 19:59:59.556879 24480 incremental_pipeline.cc:620] Registering image #6 (num_reg_frames=8)
I20261002 19:59:59.556996 24480 incremental_pipeline.cc:623] => Image sees 54 / 113 points
I20261002 19:59:59.561410 24480 incremental_pipeline.cc:88] Retriangulation and Global bundle adjustment
I20261002 19:59:59.622162 24480 incremental_pipeline.cc:620] Registering image #8 (num_reg_frames=9)
I20261002 19:59:59.622292 24480 incremental_pipeline.cc:623] => Image sees 56 / 111 points
I20261002 19:59:59.622367 24480 incremental_pipeline.cc:646] => Could not register, trying another image.
I20261002 19:59:59.622422 24480 incremental_pipeline.cc:620] Registering image #10 (num_reg_frames=9)
I20261002 19:59:59.622473 24480 incremental_pipeline.cc:623] => Image sees 54 / 93 points
I20261002 19:59:59.622533 24480 incremental_pipeline.cc:646] => Could not register, trying another image.
I20261002 19:59:59.622582 24480 incremental_pipeline.cc:620] Registering image #12 (num_reg_frames=9)
I20261002 19:59:59.622631 24480 incremental_pipeline.cc:623] => Image sees 53 / 102 points
I20261002 19:59:59.622688 24480 incremental_pipeline.cc:646] => Could not register, trying another image.
I20261002 19:59:59.622733 24480 incremental_pipeline.cc:620] Registering image #19 (num_reg_frames=9)
I20261002 19:59:59.622782 24480 incremental_pipeline.cc:623] => Image sees 51 / 130 points
I20261002 19:59:59.622840 24480 incremental_pipeline.cc:646] => Could not register, trying another image.
I20261002 19:59:59.622889 24480 incremental_pipeline.cc:620] Registering image #7 (num_reg_frames=9)
I20261002 19:59:59.622937 24480 incremental_pipeline.cc:623] => Image sees 50 / 103 points
I20261002 19:59:59.623026 24480 incremental_pipeline.cc:646] => Could not register, trying another image.
I20261002 19:59:59.623078 24480 incremental_pipeline.cc:620] Registering image #11 (num_reg_frames=9)
I20261002 19:59:59.623125 24480 incremental_pipeline.cc:623] => Image sees 48 / 110 points
I20261002 19:59:59.623181 24480 incremental_pipeline.cc:646] => Could not register, trying another image.
I20261002 19:59:59.623225 24480 incremental_pipeline.cc:620] Registering image #16 (num_reg_frames=9)
I20261002 19:59:59.623272 24480 incremental_pipeline.cc:623] => Image sees 39 / 124 points
I20261002 19:59:59.623326 24480 incremental_pipeline.cc:646] => Could not register, trying another image.
I20261002 19:59:59.623372 24480 incremental_pipeline.cc:620] Registering image #18 (num_reg_frames=9)
I20261002 19:59:59.623418 24480 incremental_pipeline.cc:623] => Image sees 40 / 123 points
I20261002 19:59:59.623476 24480 incremental_pipeline.cc:646] => Could not register, trying another image.
I20261002 19:59:59.623521 24480 incremental_pipeline.cc:620] Registering image #15 (num_reg_frames=9)
I20261002 19:59:59.623568 24480 incremental_pipeline.cc:623] => Image sees 38 / 111 points
I20261002 19:59:59.623623 24480 incremental_pipeline.cc:646] => Could not register, trying another image.
I20261002 19:59:59.623668 24480 incremental_pipeline.cc:620] Registering image #17 (num_reg_frames=9)
I20261002 19:59:59.623716 24480 incremental_pipeline.cc:623] => Image sees 37 / 113 points
I20261002 19:59:59.623771 24480 incremental_pipeline.cc:646] => Could not register, trying another image.
I20261002 19:59:59.623817 24480 incremental_pipeline.cc:620] Registering image #27 (num_reg_frames=9)
I20261002 19:59:59.623863 24480 incremental_pipeline.cc:623] => Image sees 36 / 127 points
I20261002 19:59:59.623917 24480 incremental_pipeline.cc:646] => Could not register, trying another image.
I20261002 19:59:59.623970 24480 incremental_pipeline.cc:620] Registering image #21 (num_reg_frames=9)
I20261002 19:59:59.624015 24480 incremental_pipeline.cc:623] => Image sees 34 / 125 points
I20261002 19:59:59.624077 24480 incremental_pipeline.cc:646] => Could not register, trying another image.
I20261002 19:59:59.624123 24480 incremental_pipeline.cc:620] Registering image #31 (num_reg_frames=9)
I20261002 19:59:59.624169 24480 incremental_pipeline.cc:623] => Image sees 34 / 130 points
I20261002 19:59:59.624222 24480 incremental_pipeline.cc:646] => Could not register, trying another image.
I20261002 19:59:59.624265 24480 incremental_pipeline.cc:620] Registering image #29 (num_reg_frames=9)
I20261002 19:59:59.624310 24480 incremental_pipeline.cc:623] => Image sees 32 / 118 points
I20261002 19:59:59.624393 24480 incremental_pipeline.cc:646] => Could not register, trying another image.
I20261002 19:59:59.624502 24480 incremental_pipeline.cc:620] Registering image #20 (num_reg_frames=9)
I20261002 19:59:59.624574 24480 incremental_pipeline.cc:623] => Image sees 31 / 116 points
I20261002 19:59:59.624644 24480 incremental_pipeline.cc:646] => Could not register, trying another image.
I20261002 19:59:59.624703 24480 incremental_pipeline.cc:620] Registering image #22 (num_reg_frames=9)
I20261002 19:59:59.624761 24480 incremental_pipeline.cc:623] => Image sees 32 / 118 points
I20261002 19:59:59.624825 24480 incremental_pipeline.cc:646] => Could not register, trying another image.
I20261002 19:59:59.624882 24480 incremental_pipeline.cc:620] Registering image #23 (num_reg_frames=9)
I20261002 19:59:59.624939 24480 incremental_pipeline.cc:623] => Image sees 30 / 111 points
I20261002 19:59:59.625003 24480 incremental_pipeline.cc:646] => Could not register, trying another image.
I20261002 19:59:59.625063 24480 incremental_pipeline.cc:620] Registering image #25 (num_reg_frames=9)
I20261002 19:59:59.625120 24480 incremental_pipeline.cc:623] => Image sees 30 / 133 points
I20261002 19:59:59.625185 24480 incremental_pipeline.cc:646] => Could not register, trying another image.
I20261002 19:59:59.625252 24480 incremental_pipeline.cc:620] Registering image #8 (num_reg_frames=9)
I20261002 19:59:59.625323 24480 incremental_pipeline.cc:623] => Image sees 56 / 111 points
I20261002 19:59:59.625379 24480 incremental_pipeline.cc:629] Registering image with structure-less fallback
I20261002 19:59:59.625436 24480 incremental_pipeline.cc:631] => Image sees 251 / 423 correspondences
I20261002 19:59:59.625499 24480 incremental_pipeline.cc:646] => Could not register, trying another image.
I20261002 19:59:59.625556 24480 incremental_pipeline.cc:620] Registering image #10 (num_reg_frames=9)
I20261002 19:59:59.625611 24480 incremental_pipeline.cc:623] => Image sees 54 / 93 points
I20261002 19:59:59.625667 24480 incremental_pipeline.cc:629] Registering image with structure-less fallback
I20261002 19:59:59.625722 24480 incremental_pipeline.cc:631] => Image sees 211 / 436 correspondences
I20261002 19:59:59.625786 24480 incremental_pipeline.cc:646] => Could not register, trying another image.
I20261002 19:59:59.625841 24480 incremental_pipeline.cc:620] Registering image #12 (num_reg_frames=9)
I20261002 19:59:59.625897 24480 incremental_pipeline.cc:623] => Image sees 53 / 102 points
I20261002 19:59:59.625952 24480 incremental_pipeline.cc:629] Registering image with structure-less fallback
I20261002 19:59:59.626007 24480 incremental_pipeline.cc:631] => Image sees 160 / 462 correspondences
I20261002 19:59:59.626070 24480 incremental_pipeline.cc:646] => Could not register, trying another image.
I20261002 19:59:59.626132 24480 incremental_pipeline.cc:620] Registering image #21 (num_reg_frames=9)
I20261002 19:59:59.626189 24480 incremental_pipeline.cc:623] => Image sees 34 / 125 points
I20261002 19:59:59.626245 24480 incremental_pipeline.cc:629] Registering image with structure-less fallback
I20261002 19:59:59.626301 24480 incremental_pipeline.cc:631] => Image sees 145 / 1957 correspondences
I20261002 19:59:59.626370 24480 incremental_pipeline.cc:646] => Could not register, trying another image.
I20261002 19:59:59.626426 24480 incremental_pipeline.cc:620] Registering image #7 (num_reg_frames=9)
I20261002 19:59:59.626483 24480 incremental_pipeline.cc:623] => Image sees 50 / 103 points
I20261002 19:59:59.626540 24480 incremental_pipeline.cc:629] Registering image with structure-less fallback
I20261002 19:59:59.626595 24480 incremental_pipeline.cc:631] => Image sees 123 / 482 correspondences
I20261002 19:59:59.626657 24480 incremental_pipeline.cc:646] => Could not register, trying another image.
I20261002 19:59:59.626713 24480 incremental_pipeline.cc:620] Registering image #19 (num_reg_frames=9)
I20261002 19:59:59.626768 24480 incremental_pipeline.cc:623] => Image sees 51 / 130 points
I20261002 19:59:59.626824 24480 incremental_pipeline.cc:629] Registering image with structure-less fallback
I20261002 19:59:59.626880 24480 incremental_pipeline.cc:631] => Image sees 119 / 607 correspondences
I20261002 19:59:59.626947 24480 incremental_pipeline.cc:646] => Could not register, trying another image.
I20261002 19:59:59.627002 24480 incremental_pipeline.cc:620] Registering image #11 (num_reg_frames=9)
I20261002 19:59:59.627059 24480 incremental_pipeline.cc:623] => Image sees 48 / 110 points
I20261002 19:59:59.627115 24480 incremental_pipeline.cc:629] Registering image with structure-less fallback
I20261002 19:59:59.627172 24480 incremental_pipeline.cc:631] => Image sees 119 / 601 correspondences
I20261002 19:59:59.627235 24480 incremental_pipeline.cc:646] => Could not register, trying another image.
I20261002 19:59:59.627292 24480 incremental_pipeline.cc:620] Registering image #15 (num_reg_frames=9)
I20261002 19:59:59.627347 24480 incremental_pipeline.cc:623] => Image sees 38 / 111 points
I20261002 19:59:59.627402 24480 incremental_pipeline.cc:629] Registering image with structure-less fallback
I20261002 19:59:59.627457 24480 incremental_pipeline.cc:631] => Image sees 88 / 586 correspondences
I20261002 19:59:59.627519 24480 incremental_pipeline.cc:646] => Could not register, trying another image.
I20261002 19:59:59.627578 24480 incremental_pipeline.cc:620] Registering image #20 (num_reg_frames=9)
I20261002 19:59:59.627634 24480 incremental_pipeline.cc:623] => Image sees 31 / 116 points
I20261002 19:59:59.627698 24480 incremental_pipeline.cc:629] Registering image with structure-less fallback
I20261002 19:59:59.627754 24480 incremental_pipeline.cc:631] => Image sees 85 / 611 correspondences
I20261002 19:59:59.627817 24480 incremental_pipeline.cc:646] => Could not register, trying another image.
I20261002 19:59:59.627871 24480 incremental_pipeline.cc:620] Registering image #18 (num_reg_frames=9)
I20261002 19:59:59.627927 24480 incremental_pipeline.cc:623] => Image sees 40 / 123 points
I20261002 19:59:59.627982 24480 incremental_pipeline.cc:629] Registering image with structure-less fallback
I20261002 19:59:59.628037 24480 incremental_pipeline.cc:631] => Image sees 74 / 692 correspondences
I20261002 19:59:59.628100 24480 incremental_pipeline.cc:646] => Could not register, trying another image.
I20261002 19:59:59.628154 24480 incremental_pipeline.cc:620] Registering image #16 (num_reg_frames=9)
I20261002 19:59:59.628213 24480 incremental_pipeline.cc:623] => Image sees 39 / 124 points
I20261002 19:59:59.628268 24480 incremental_pipeline.cc:629] Registering image with structure-less fallback
I20261002 19:59:59.628324 24480 incremental_pipeline.cc:631] => Image sees 70 / 562 correspondences
I20261002 19:59:59.628385 24480 incremental_pipeline.cc:646] => Could not register, trying another image.
I20261002 19:59:59.628441 24480 incremental_pipeline.cc:620] Registering image #17 (num_reg_frames=9)
I20261002 19:59:59.628497 24480 incremental_pipeline.cc:623] => Image sees 37 / 113 points
I20261002 19:59:59.628553 24480 incremental_pipeline.cc:629] Registering image with structure-less fallback
I20261002 19:59:59.628609 24480 incremental_pipeline.cc:631] => Image sees 63 / 538 correspondences
I20261002 19:59:59.628672 24480 incremental_pipeline.cc:646] => Could not register, trying another image.
I20261002 19:59:59.628727 24480 incremental_pipeline.cc:620] Registering image #27 (num_reg_frames=9)
I20261002 19:59:59.628783 24480 incremental_pipeline.cc:623] => Image sees 36 / 127 points
I20261002 19:59:59.628839 24480 incremental_pipeline.cc:629] Registering image with structure-less fallback
I20261002 19:59:59.628894 24480 incremental_pipeline.cc:631] => Image sees 61 / 643 correspondences
I20261002 19:59:59.628957 24480 incremental_pipeline.cc:646] => Could not register, trying another image.
I20261002 19:59:59.629012 24480 incremental_pipeline.cc:620] Registering image #31 (num_reg_frames=9)
I20261002 19:59:59.629068 24480 incremental_pipeline.cc:623] => Image sees 34 / 130 points
I20261002 19:59:59.629124 24480 incremental_pipeline.cc:629] Registering image with structure-less fallback
I20261002 19:59:59.629180 24480 incremental_pipeline.cc:631] => Image sees 58 / 598 correspondences
I20261002 19:59:59.629239 24480 incremental_pipeline.cc:646] => Could not register, trying another image.
I20261002 19:59:59.629295 24480 incremental_pipeline.cc:620] Registering image #22 (num_reg_frames=9)
I20261002 19:59:59.629350 24480 incremental_pipeline.cc:623] => Image sees 32 / 118 points
I20261002 19:59:59.629407 24480 incremental_pipeline.cc:629] Registering image with structure-less fallback
I20261002 19:59:59.629463 24480 incremental_pipeline.cc:631] => Image sees 58 / 598 correspondences
I20261002 19:59:59.629521 24480 incremental_pipeline.cc:646] => Could not register, trying another image.
I20261002 19:59:59.629575 24480 incremental_pipeline.cc:620] Registering image #25 (num_reg_frames=9)
I20261002 19:59:59.629632 24480 incremental_pipeline.cc:623] => Image sees 30 / 133 points
I20261002 19:59:59.629686 24480 incremental_pipeline.cc:629] Registering image with structure-less fallback
I20261002 19:59:59.629741 24480 incremental_pipeline.cc:631] => Image sees 58 / 631 correspondences
I20261002 19:59:59.629798 24480 incremental_pipeline.cc:646] => Could not register, trying another image.
I20261002 19:59:59.629857 24480 incremental_pipeline.cc:620] Registering image #23 (num_reg_frames=9)
I20261002 19:59:59.629912 24480 incremental_pipeline.cc:623] => Image sees 30 / 111 points
I20261002 19:59:59.629977 24480 incremental_pipeline.cc:629] Registering image with structure-less fallback
I20261002 19:59:59.630035 24480 incremental_pipeline.cc:631] => Image sees 56 / 647 correspondences
I20261002 19:59:59.630092 24480 incremental_pipeline.cc:646] => Could not register, trying another image.
I20261002 19:59:59.630149 24480 incremental_pipeline.cc:620] Registering image #29 (num_reg_frames=9)
I20261002 19:59:59.630204 24480 incremental_pipeline.cc:623] => Image sees 32 / 118 points
I20261002 19:59:59.630262 24480 incremental_pipeline.cc:629] Registering image with structure-less fallback
I20261002 19:59:59.630318 24480 incremental_pipeline.cc:631] => Image sees 54 / 586 correspondences
I20261002 19:59:59.630373 24480 incremental_pipeline.cc:646] => Could not register, trying another image.
I20261002 19:59:59.630442 24480 incremental_pipeline.cc:88] Retriangulation and Global bundle adjustment
I20261002 19:59:59.660307 24480 incremental_pipeline.cc:620] Registering image #8 (num_reg_frames=9)
I20261002 19:59:59.660438 24480 incremental_pipeline.cc:623] => Image sees 56 / 111 points
I20261002 19:59:59.660526 24480 incremental_pipeline.cc:646] => Could not register, trying another image.
I20261002 19:59:59.660590 24480 incremental_pipeline.cc:620] Registering image #10 (num_reg_frames=9)
I20261002 19:59:59.660651 24480 incremental_pipeline.cc:623] => Image sees 54 / 93 points
I20261002 19:59:59.660719 24480 incremental_pipeline.cc:646] => Could not register, trying another image.
I20261002 19:59:59.660806 24480 incremental_pipeline.cc:620] Registering image #12 (num_reg_frames=9)
I20261002 19:59:59.660949 24480 incremental_pipeline.cc:623] => Image sees 53 / 102 points
I20261002 19:59:59.661034 24480 incremental_pipeline.cc:646] => Could not register, trying another image.
I20261002 19:59:59.661101 24480 incremental_pipeline.cc:620] Registering image #19 (num_reg_frames=9)
I20261002 19:59:59.661159 24480 incremental_pipeline.cc:623] => Image sees 51 / 130 points
I20261002 19:59:59.661255 24480 incremental_pipeline.cc:646] => Could not register, trying another image.
I20261002 19:59:59.661410 24480 incremental_pipeline.cc:620] Registering image #7 (num_reg_frames=9)
I20261002 19:59:59.661500 24480 incremental_pipeline.cc:623] => Image sees 50 / 103 points
I20261002 19:59:59.661601 24480 incremental_pipeline.cc:646] => Could not register, trying another image.
I20261002 19:59:59.661674 24480 incremental_pipeline.cc:620] Registering image #11 (num_reg_frames=9)
I20261002 19:59:59.661736 24480 incremental_pipeline.cc:623] => Image sees 48 / 110 points
I20261002 19:59:59.661803 24480 incremental_pipeline.cc:646] => Could not register, trying another image.
I20261002 19:59:59.661860 24480 incremental_pipeline.cc:620] Registering image #16 (num_reg_frames=9)
I20261002 19:59:59.661916 24480 incremental_pipeline.cc:623] => Image sees 39 / 124 points
I20261002 19:59:59.661981 24480 incremental_pipeline.cc:646] => Could not register, trying another image.
I20261002 19:59:59.662035 24480 incremental_pipeline.cc:620] Registering image #18 (num_reg_frames=9)
I20261002 19:59:59.662092 24480 incremental_pipeline.cc:623] => Image sees 40 / 123 points
I20261002 19:59:59.662156 24480 incremental_pipeline.cc:646] => Could not register, trying another image.
I20261002 19:59:59.662211 24480 incremental_pipeline.cc:620] Registering image #15 (num_reg_frames=9)
I20261002 19:59:59.662304 24480 incremental_pipeline.cc:623] => Image sees 38 / 111 points
I20261002 19:59:59.662398 24480 incremental_pipeline.cc:646] => Could not register, trying another image.
I20261002 19:59:59.662466 24480 incremental_pipeline.cc:620] Registering image #17 (num_reg_frames=9)
I20261002 19:59:59.662527 24480 incremental_pipeline.cc:623] => Image sees 37 / 113 points
I20261002 19:59:59.662592 24480 incremental_pipeline.cc:646] => Could not register, trying another image.
I20261002 19:59:59.662690 24480 incremental_pipeline.cc:620] Registering image #27 (num_reg_frames=9)
I20261002 19:59:59.662748 24480 incremental_pipeline.cc:623] => Image sees 36 / 127 points
I20261002 19:59:59.662825 24480 incremental_pipeline.cc:646] => Could not register, trying another image.
I20261002 19:59:59.662884 24480 incremental_pipeline.cc:620] Registering image #21 (num_reg_frames=9)
I20261002 19:59:59.662940 24480 incremental_pipeline.cc:623] => Image sees 34 / 125 points
I20261002 19:59:59.663011 24480 incremental_pipeline.cc:646] => Could not register, trying another image.
I20261002 19:59:59.663067 24480 incremental_pipeline.cc:620] Registering image #31 (num_reg_frames=9)
I20261002 19:59:59.663123 24480 incremental_pipeline.cc:623] => Image sees 34 / 130 points
I20261002 19:59:59.663185 24480 incremental_pipeline.cc:646] => Could not register, trying another image.
I20261002 19:59:59.663241 24480 incremental_pipeline.cc:620] Registering image #29 (num_reg_frames=9)
I20261002 19:59:59.663297 24480 incremental_pipeline.cc:623] => Image sees 32 / 118 points
I20261002 19:59:59.663359 24480 incremental_pipeline.cc:646] => Could not register, trying another image.
I20261002 19:59:59.663414 24480 incremental_pipeline.cc:620] Registering image #20 (num_reg_frames=9)
I20261002 19:59:59.663469 24480 incremental_pipeline.cc:623] => Image sees 31 / 116 points
I20261002 19:59:59.663532 24480 incremental_pipeline.cc:646] => Could not register, trying another image.
I20261002 19:59:59.663588 24480 incremental_pipeline.cc:620] Registering image #22 (num_reg_frames=9)
I20261002 19:59:59.663642 24480 incremental_pipeline.cc:623] => Image sees 32 / 118 points
I20261002 19:59:59.663704 24480 incremental_pipeline.cc:646] => Could not register, trying another image.
I20261002 19:59:59.663761 24480 incremental_pipeline.cc:620] Registering image #23 (num_reg_frames=9)
I20261002 19:59:59.663816 24480 incremental_pipeline.cc:623] => Image sees 30 / 111 points
I20261002 19:59:59.663878 24480 incremental_pipeline.cc:646] => Could not register, trying another image.
I20261002 19:59:59.663934 24480 incremental_pipeline.cc:620] Registering image #25 (num_reg_frames=9)
I20261002 19:59:59.663988 24480 incremental_pipeline.cc:623] => Image sees 30 / 133 points
I20261002 19:59:59.664050 24480 incremental_pipeline.cc:646] => Could not register, trying another image.
I20261002 19:59:59.664110 24480 incremental_pipeline.cc:620] Registering image #8 (num_reg_frames=9)
I20261002 19:59:59.664166 24480 incremental_pipeline.cc:623] => Image sees 56 / 111 points
I20261002 19:59:59.664221 24480 incremental_pipeline.cc:629] Registering image with structure-less fallback
I20261002 19:59:59.664277 24480 incremental_pipeline.cc:631] => Image sees 251 / 423 correspondences
I20261002 19:59:59.664340 24480 incremental_pipeline.cc:646] => Could not register, trying another image.
I20261002 19:59:59.664398 24480 incremental_pipeline.cc:620] Registering image #10 (num_reg_frames=9)
I20261002 19:59:59.664455 24480 incremental_pipeline.cc:623] => Image sees 54 / 93 points
I20261002 19:59:59.664512 24480 incremental_pipeline.cc:629] Registering image with structure-less fallback
I20261002 19:59:59.664567 24480 incremental_pipeline.cc:631] => Image sees 211 / 436 correspondences
I20261002 19:59:59.664629 24480 incremental_pipeline.cc:646] => Could not register, trying another image.
I20261002 19:59:59.664683 24480 incremental_pipeline.cc:620] Registering image #12 (num_reg_frames=9)
I20261002 19:59:59.664759 24480 incremental_pipeline.cc:623] => Image sees 53 / 102 points
I20261002 19:59:59.664862 24480 incremental_pipeline.cc:629] Registering image with structure-less fallback
I20261002 19:59:59.664942 24480 incremental_pipeline.cc:631] => Image sees 160 / 462 correspondences
I20261002 19:59:59.665006 24480 incremental_pipeline.cc:646] => Could not register, trying another image.
I20261002 19:59:59.665062 24480 incremental_pipeline.cc:620] Registering image #21 (num_reg_frames=9)
I20261002 19:59:59.665120 24480 incremental_pipeline.cc:623] => Image sees 34 / 125 points
I20261002 19:59:59.665176 24480 incremental_pipeline.cc:629] Registering image with structure-less fallback
I20261002 19:59:59.665231 24480 incremental_pipeline.cc:631] => Image sees 145 / 1957 correspondences
I20261002 19:59:59.665309 24480 incremental_pipeline.cc:646] => Could not register, trying another image.
I20261002 19:59:59.665365 24480 incremental_pipeline.cc:620] Registering image #7 (num_reg_frames=9)
I20261002 19:59:59.665420 24480 incremental_pipeline.cc:623] => Image sees 50 / 103 points
I20261002 19:59:59.665475 24480 incremental_pipeline.cc:629] Registering image with structure-less fallback
I20261002 19:59:59.665529 24480 incremental_pipeline.cc:631] => Image sees 123 / 482 correspondences
I20261002 19:59:59.665589 24480 incremental_pipeline.cc:646] => Could not register, trying another image.
I20261002 19:59:59.665642 24480 incremental_pipeline.cc:620] Registering image #19 (num_reg_frames=9)
I20261002 19:59:59.665697 24480 incremental_pipeline.cc:623] => Image sees 51 / 130 points
I20261002 19:59:59.665752 24480 incremental_pipeline.cc:629] Registering image with structure-less fallback
I20261002 19:59:59.665808 24480 incremental_pipeline.cc:631] => Image sees 119 / 607 correspondences
I20261002 19:59:59.665870 24480 incremental_pipeline.cc:646] => Could not register, trying another image.
I20261002 19:59:59.665928 24480 incremental_pipeline.cc:620] Registering image #11 (num_reg_frames=9)
I20261002 19:59:59.665985 24480 incremental_pipeline.cc:623] => Image sees 48 / 110 points
I20261002 19:59:59.666041 24480 incremental_pipeline.cc:629] Registering image with structure-less fallback
I20261002 19:59:59.666096 24480 incremental_pipeline.cc:631] => Image sees 119 / 601 correspondences
I20261002 19:59:59.666159 24480 incremental_pipeline.cc:646] => Could not register, trying another image.
I20261002 19:59:59.666214 24480 incremental_pipeline.cc:620] Registering image #15 (num_reg_frames=9)
I20261002 19:59:59.666269 24480 incremental_pipeline.cc:623] => Image sees 38 / 111 points
I20261002 19:59:59.666324 24480 incremental_pipeline.cc:629] Registering image with structure-less fallback
I20261002 19:59:59.666380 24480 incremental_pipeline.cc:631] => Image sees 88 / 586 correspondences
I20261002 19:59:59.666443 24480 incremental_pipeline.cc:646] => Could not register, trying another image.
I20261002 19:59:59.666498 24480 incremental_pipeline.cc:620] Registering image #20 (num_reg_frames=9)
I20261002 19:59:59.666554 24480 incremental_pipeline.cc:623] => Image sees 31 / 116 points
I20261002 19:59:59.666609 24480 incremental_pipeline.cc:629] Registering image with structure-less fallback
I20261002 19:59:59.666664 24480 incremental_pipeline.cc:631] => Image sees 85 / 611 correspondences
I20261002 19:59:59.666726 24480 incremental_pipeline.cc:646] => Could not register, trying another image.
I20261002 19:59:59.666780 24480 incremental_pipeline.cc:620] Registering image #18 (num_reg_frames=9)
I20261002 19:59:59.666835 24480 incremental_pipeline.cc:623] => Image sees 40 / 123 points
I20261002 19:59:59.666916 24480 incremental_pipeline.cc:629] Registering image with structure-less fallback
I20261002 19:59:59.666978 24480 incremental_pipeline.cc:631] => Image sees 74 / 692 correspondences
I20261002 19:59:59.667072 24480 incremental_pipeline.cc:646] => Could not register, trying another image.
I20261002 19:59:59.667137 24480 incremental_pipeline.cc:620] Registering image #16 (num_reg_frames=9)
I20261002 19:59:59.667213 24480 incremental_pipeline.cc:623] => Image sees 39 / 124 points
I20261002 19:59:59.667308 24480 incremental_pipeline.cc:629] Registering image with structure-less fallback
I20261002 19:59:59.667373 24480 incremental_pipeline.cc:631] => Image sees 70 / 562 correspondences
I20261002 19:59:59.667494 24480 incremental_pipeline.cc:646] => Could not register, trying another image.
I20261002 19:59:59.667552 24480 incremental_pipeline.cc:620] Registering image #17 (num_reg_frames=9)
I20261002 19:59:59.667615 24480 incremental_pipeline.cc:623] => Image sees 37 / 113 points
I20261002 19:59:59.667699 24480 incremental_pipeline.cc:629] Registering image with structure-less fallback
I20261002 19:59:59.667760 24480 incremental_pipeline.cc:631] => Image sees 63 / 538 correspondences
I20261002 19:59:59.667837 24480 incremental_pipeline.cc:646] => Could not register, trying another image.
I20261002 19:59:59.667893 24480 incremental_pipeline.cc:620] Registering image #27 (num_reg_frames=9)
I20261002 19:59:59.667949 24480 incremental_pipeline.cc:623] => Image sees 36 / 127 points
I20261002 19:59:59.668005 24480 incremental_pipeline.cc:629] Registering image with structure-less fallback
I20261002 19:59:59.668061 24480 incremental_pipeline.cc:631] => Image sees 61 / 643 correspondences
I20261002 19:59:59.668125 24480 incremental_pipeline.cc:646] => Could not register, trying another image.
I20261002 19:59:59.668180 24480 incremental_pipeline.cc:620] Registering image #31 (num_reg_frames=9)
I20261002 19:59:59.668240 24480 incremental_pipeline.cc:623] => Image sees 34 / 130 points
I20261002 19:59:59.668300 24480 incremental_pipeline.cc:629] Registering image with structure-less fallback
I20261002 19:59:59.668358 24480 incremental_pipeline.cc:631] => Image sees 58 / 598 correspondences
I20261002 19:59:59.668417 24480 incremental_pipeline.cc:646] => Could not register, trying another image.
I20261002 19:59:59.668474 24480 incremental_pipeline.cc:620] Registering image #22 (num_reg_frames=9)
I20261002 19:59:59.668529 24480 incremental_pipeline.cc:623] => Image sees 32 / 118 points
I20261002 19:59:59.668586 24480 incremental_pipeline.cc:629] Registering image with structure-less fallback
I20261002 19:59:59.668643 24480 incremental_pipeline.cc:631] => Image sees 58 / 598 correspondences
I20261002 19:59:59.668699 24480 incremental_pipeline.cc:646] => Could not register, trying another image.
I20261002 19:59:59.668754 24480 incremental_pipeline.cc:620] Registering image #25 (num_reg_frames=9)
I20261002 19:59:59.668809 24480 incremental_pipeline.cc:623] => Image sees 30 / 133 points
I20261002 19:59:59.668864 24480 incremental_pipeline.cc:629] Registering image with structure-less fallback
I20261002 19:59:59.668919 24480 incremental_pipeline.cc:631] => Image sees 58 / 631 correspondences
I20261002 19:59:59.668975 24480 incremental_pipeline.cc:646] => Could not register, trying another image.
I20261002 19:59:59.669030 24480 incremental_pipeline.cc:620] Registering image #23 (num_reg_frames=9)
I20261002 19:59:59.669086 24480 incremental_pipeline.cc:623] => Image sees 30 / 111 points
I20261002 19:59:59.669141 24480 incremental_pipeline.cc:629] Registering image with structure-less fallback
I20261002 19:59:59.669197 24480 incremental_pipeline.cc:631] => Image sees 56 / 647 correspondences
I20261002 19:59:59.669255 24480 incremental_pipeline.cc:646] => Could not register, trying another image.
I20261002 19:59:59.669310 24480 incremental_pipeline.cc:620] Registering image #29 (num_reg_frames=9)
I20261002 19:59:59.669366 24480 incremental_pipeline.cc:623] => Image sees 32 / 118 points
I20261002 19:59:59.669421 24480 incremental_pipeline.cc:629] Registering image with structure-less fallback
I20261002 19:59:59.669477 24480 incremental_pipeline.cc:631] => Image sees 54 / 586 correspondences
I20261002 19:59:59.669534 24480 incremental_pipeline.cc:646] => Could not register, trying another image.
W20261002 19:59:59.669591 24480 incremental_pipeline.cc:821] Discarding reconstruction due to insufficient size
I20261002 19:59:59.670577 24480 incremental_pipeline.cc:465] Finding good initial image pair
I20261002 19:59:59.674056 24480 incremental_pipeline.cc:492] Registering initial image pair #13 and #8
I20261002 19:59:59.674439 24480 incremental_pipeline.cc:510] Global bundle adjustment
I20261002 19:59:59.678670 24480 incremental_pipeline.cc:620] Registering image #6 (num_reg_frames=2)
I20261002 19:59:59.678777 24480 incremental_pipeline.cc:623] => Image sees 30 / 113 points
I20261002 19:59:59.682914 24480 incremental_pipeline.cc:88] Retriangulation and Global bundle adjustment
I20261002 19:59:59.698639 24480 incremental_pipeline.cc:88] Retriangulation and Global bundle adjustment
W20261002 19:59:59.702107 24480 incremental_pipeline.cc:821] Discarding reconstruction due to insufficient size
I20261002 19:59:59.702776 24480 incremental_pipeline.cc:465] Finding good initial image pair
I20261002 19:59:59.707716 24480 incremental_pipeline.cc:492] Registering initial image pair #2 and #5
I20261002 19:59:59.708059 24480 incremental_pipeline.cc:510] Global bundle adjustment
I20261002 19:59:59.713292 24480 incremental_pipeline.cc:620] Registering image #4 (num_reg_frames=2)
I20261002 19:59:59.713415 24480 incremental_pipeline.cc:623] => Image sees 38 / 100 points
I20261002 19:59:59.716867 24480 incremental_pipeline.cc:88] Retriangulation and Global bundle adjustment
I20261002 19:59:59.724837 24480 incremental_pipeline.cc:620] Registering image #9 (num_reg_frames=3)
I20261002 19:59:59.724946 24480 incremental_pipeline.cc:623] => Image sees 51 / 103 points
I20261002 19:59:59.731177 24480 incremental_pipeline.cc:620] Registering image #14 (num_reg_frames=4)
I20261002 19:59:59.731288 24480 incremental_pipeline.cc:623] => Image sees 62 / 122 points
I20261002 19:59:59.735856 24480 incremental_pipeline.cc:88] Retriangulation and Global bundle adjustment
I20261002 19:59:59.800953 24480 incremental_pipeline.cc:88] Retriangulation and Global bundle adjustment
W20261002 19:59:59.810235 24480 incremental_pipeline.cc:821] Discarding reconstruction due to insufficient size
I20261002 19:59:59.810967 24480 incremental_pipeline.cc:465] Finding good initial image pair
I20261002 19:59:59.816064 24480 incremental_pipeline.cc:492] Registering initial image pair #13 and #4
I20261002 19:59:59.816433 24480 incremental_pipeline.cc:510] Global bundle adjustment
I20261002 19:59:59.821229 24480 incremental_pipeline.cc:88] Retriangulation and Global bundle adjustment
W20261002 19:59:59.822436 24480 incremental_pipeline.cc:821] Discarding reconstruction due to insufficient size
I20261002 19:59:59.823117 24480 incremental_pipeline.cc:465] Finding good initial image pair
I20261002 19:59:59.826802 24480 incremental_pipeline.cc:492] Registering initial image pair #11 and #2
I20261002 19:59:59.827089 24480 incremental_pipeline.cc:510] Global bundle adjustment
I20261002 19:59:59.829209 24480 incremental_pipeline.cc:791] Discarding reconstruction due to bad initial pair
I20261002 19:59:59.829794 24480 incremental_pipeline.cc:465] Finding good initial image pair
I20261002 19:59:59.834736 24480 incremental_pipeline.cc:492] Registering initial image pair #7 and #2
I20261002 19:59:59.835141 24480 incremental_pipeline.cc:510] Global bundle adjustment
I20261002 19:59:59.837461 24480 incremental_pipeline.cc:791] Discarding reconstruction due to bad initial pair
I20261002 19:59:59.838205 24480 incremental_pipeline.cc:465] Finding good initial image pair
I20261002 19:59:59.841504 24480 incremental_pipeline.cc:492] Registering initial image pair #6 and #2
I20261002 19:59:59.841813 24480 incremental_pipeline.cc:510] Global bundle adjustment
I20261002 19:59:59.843912 24480 incremental_pipeline.cc:791] Discarding reconstruction due to bad initial pair
I20261002 19:59:59.844532 24480 incremental_pipeline.cc:465] Finding good initial image pair
I20261002 19:59:59.847644 24480 incremental_pipeline.cc:492] Registering initial image pair #14 and #2
I20261002 19:59:59.847955 24480 incremental_pipeline.cc:510] Global bundle adjustment
I20261002 19:59:59.852934 24480 incremental_pipeline.cc:620] Registering image #3 (num_reg_frames=2)
I20261002 19:59:59.853049 24480 incremental_pipeline.cc:623] => Image sees 33 / 100 points
I20261002 19:59:59.854381 24480 incremental_pipeline.cc:88] Retriangulation and Global bundle adjustment
I20261002 19:59:59.858239 24480 incremental_pipeline.cc:620] Registering image #4 (num_reg_frames=3)
I20261002 19:59:59.858354 24480 incremental_pipeline.cc:623] => Image sees 32 / 100 points
I20261002 19:59:59.861256 24480 incremental_pipeline.cc:620] Registering image #1 (num_reg_frames=4)
I20261002 19:59:59.861382 24480 incremental_pipeline.cc:623] => Image sees 33 / 96 points
I20261002 19:59:59.866750 24480 incremental_pipeline.cc:88] Retriangulation and Global bundle adjustment
I20261002 19:59:59.870822 24480 incremental_pipeline.cc:88] Retriangulation and Global bundle adjustment
W20261002 19:59:59.871100 24480 incremental_pipeline.cc:821] Discarding reconstruction due to insufficient size
I20261002 19:59:59.871705 24480 incremental_pipeline.cc:465] Finding good initial image pair
I20261002 19:59:59.873455 24480 incremental_pipeline.cc:472] => No good initial image pair found.
I20261002 19:59:59.873586 24480 incremental_pipeline.cc:800] Discarding reconstruction due to no initial pair
I20261002 19:59:59.873746 24480 incremental_pipeline.cc:442] => Relaxing the initialization constraints.
I20261002 19:59:59.874206 24480 incremental_pipeline.cc:465] Finding good initial image pair
I20261002 19:59:59.879235 24480 incremental_pipeline.cc:492] Registering initial image pair #23 and #25
I20261002 19:59:59.879715 24480 incremental_pipeline.cc:510] Global bundle adjustment
I20261002 19:59:59.888112 24480 incremental_pipeline.cc:620] Registering image #24 (num_reg_frames=2)
I20261002 19:59:59.888229 24480 incremental_pipeline.cc:623] => Image sees 76 / 114 points
I20261002 19:59:59.889895 24480 incremental_pipeline.cc:88] Retriangulation and Global bundle adjustment
I20261002 19:59:59.900952 24480 incremental_pipeline.cc:620] Registering image #22 (num_reg_frames=3)
I20261002 19:59:59.901078 24480 incremental_pipeline.cc:623] => Image sees 68 / 118 points
I20261002 19:59:59.901164 24480 incremental_pipeline.cc:646] => Could not register, trying another image.
I20261002 19:59:59.901229 24480 incremental_pipeline.cc:620] Registering image #27 (num_reg_frames=3)
I20261002 19:59:59.901298 24480 incremental_pipeline.cc:623] => Image sees 63 / 127 points
I20261002 19:59:59.901368 24480 incremental_pipeline.cc:646] => Could not register, trying another image.
I20261002 19:59:59.901428 24480 incremental_pipeline.cc:620] Registering image #21 (num_reg_frames=3)
I20261002 19:59:59.901488 24480 incremental_pipeline.cc:623] => Image sees 56 / 125 points
I20261002 19:59:59.901563 24480 incremental_pipeline.cc:646] => Could not register, trying another image.
I20261002 19:59:59.901625 24480 incremental_pipeline.cc:620] Registering image #20 (num_reg_frames=3)
I20261002 19:59:59.901687 24480 incremental_pipeline.cc:623] => Image sees 54 / 116 points
I20261002 19:59:59.901758 24480 incremental_pipeline.cc:646] => Could not register, trying another image.
I20261002 19:59:59.901820 24480 incremental_pipeline.cc:620] Registering image #31 (num_reg_frames=3)
I20261002 19:59:59.901882 24480 incremental_pipeline.cc:623] => Image sees 55 / 130 points
I20261002 19:59:59.901953 24480 incremental_pipeline.cc:646] => Could not register, trying another image.
I20261002 19:59:59.902015 24480 incremental_pipeline.cc:620] Registering image #29 (num_reg_frames=3)
I20261002 19:59:59.902077 24480 incremental_pipeline.cc:623] => Image sees 44 / 118 points
I20261002 19:59:59.902146 24480 incremental_pipeline.cc:646] => Could not register, trying another image.
I20261002 19:59:59.902209 24480 incremental_pipeline.cc:620] Registering image #79 (num_reg_frames=3)
I20261002 19:59:59.902271 24480 incremental_pipeline.cc:623] => Image sees 32 / 125 points
I20261002 19:59:59.902348 24480 incremental_pipeline.cc:646] => Could not register, trying another image.
I20261002 19:59:59.902410 24480 incremental_pipeline.cc:620] Registering image #17 (num_reg_frames=3)
I20261002 19:59:59.902474 24480 incremental_pipeline.cc:623] => Image sees 36 / 113 points
I20261002 19:59:59.902544 24480 incremental_pipeline.cc:646] => Could not register, trying another image.
I20261002 19:59:59.902609 24480 incremental_pipeline.cc:620] Registering image #15 (num_reg_frames=3)
I20261002 19:59:59.902671 24480 incremental_pipeline.cc:623] => Image sees 36 / 111 points
I20261002 19:59:59.902746 24480 incremental_pipeline.cc:646] => Could not register, trying another image.
I20261002 19:59:59.902809 24480 incremental_pipeline.cc:620] Registering image #16 (num_reg_frames=3)
I20261002 19:59:59.902871 24480 incremental_pipeline.cc:623] => Image sees 33 / 124 points
I20261002 19:59:59.902940 24480 incremental_pipeline.cc:646] => Could not register, trying another image.
I20261002 19:59:59.903018 24480 incremental_pipeline.cc:620] Registering image #19 (num_reg_frames=3)
I20261002 19:59:59.903081 24480 incremental_pipeline.cc:623] => Image sees 34 / 130 points
I20261002 19:59:59.903149 24480 incremental_pipeline.cc:646] => Could not register, trying another image.
I20261002 19:59:59.903215 24480 incremental_pipeline.cc:620] Registering image #21 (num_reg_frames=3)
I20261002 19:59:59.903279 24480 incremental_pipeline.cc:623] => Image sees 56 / 125 points
I20261002 19:59:59.903341 24480 incremental_pipeline.cc:629] Registering image with structure-less fallback
I20261002 19:59:59.903403 24480 incremental_pipeline.cc:631] => Image sees 174 / 1957 correspondences
I20261002 19:59:59.903476 24480 incremental_pipeline.cc:646] => Could not register, trying another image.
I20261002 19:59:59.903537 24480 incremental_pipeline.cc:620] Registering image #22 (num_reg_frames=3)
I20261002 19:59:59.903598 24480 incremental_pipeline.cc:623] => Image sees 68 / 118 points
I20261002 19:59:59.903662 24480 incremental_pipeline.cc:629] Registering image with structure-less fallback
I20261002 19:59:59.903725 24480 incremental_pipeline.cc:631] => Image sees 146 / 598 correspondences
I20261002 19:59:59.903794 24480 incremental_pipeline.cc:646] => Could not register, trying another image.
I20261002 19:59:59.903852 24480 incremental_pipeline.cc:620] Registering image #27 (num_reg_frames=3)
I20261002 19:59:59.903910 24480 incremental_pipeline.cc:623] => Image sees 63 / 127 points
I20261002 19:59:59.903972 24480 incremental_pipeline.cc:629] Registering image with structure-less fallback
I20261002 19:59:59.904031 24480 incremental_pipeline.cc:631] => Image sees 136 / 643 correspondences
I20261002 19:59:59.904099 24480 incremental_pipeline.cc:646] => Could not register, trying another image.
I20261002 19:59:59.904158 24480 incremental_pipeline.cc:620] Registering image #31 (num_reg_frames=3)
I20261002 19:59:59.904218 24480 incremental_pipeline.cc:623] => Image sees 55 / 130 points
I20261002 19:59:59.904277 24480 incremental_pipeline.cc:629] Registering image with structure-less fallback
I20261002 19:59:59.904337 24480 incremental_pipeline.cc:631] => Image sees 129 / 598 correspondences
I20261002 19:59:59.904405 24480 incremental_pipeline.cc:646] => Could not register, trying another image.
I20261002 19:59:59.904465 24480 incremental_pipeline.cc:620] Registering image #20 (num_reg_frames=3)
I20261002 19:59:59.904523 24480 incremental_pipeline.cc:623] => Image sees 54 / 116 points
I20261002 19:59:59.904581 24480 incremental_pipeline.cc:629] Registering image with structure-less fallback
I20261002 19:59:59.904637 24480 incremental_pipeline.cc:631] => Image sees 60 / 611 correspondences
I20261002 19:59:59.904701 24480 incremental_pipeline.cc:646] => Could not register, trying another image.
I20261002 19:59:59.904760 24480 incremental_pipeline.cc:620] Registering image #29 (num_reg_frames=3)
I20261002 19:59:59.904818 24480 incremental_pipeline.cc:623] => Image sees 44 / 118 points
I20261002 19:59:59.904876 24480 incremental_pipeline.cc:629] Registering image with structure-less fallback
I20261002 19:59:59.904932 24480 incremental_pipeline.cc:631] => Image sees 47 / 586 correspondences
I20261002 19:59:59.904989 24480 incremental_pipeline.cc:646] => Could not register, trying another image.
I20261002 19:59:59.905045 24480 incremental_pipeline.cc:620] Registering image #16 (num_reg_frames=3)
I20261002 19:59:59.905102 24480 incremental_pipeline.cc:623] => Image sees 33 / 124 points
I20261002 19:59:59.905159 24480 incremental_pipeline.cc:629] Registering image with structure-less fallback
I20261002 19:59:59.905218 24480 incremental_pipeline.cc:631] => Image sees 43 / 562 correspondences
I20261002 19:59:59.905276 24480 incremental_pipeline.cc:646] => Could not register, trying another image.
I20261002 19:59:59.905332 24480 incremental_pipeline.cc:620] Registering image #19 (num_reg_frames=3)
I20261002 19:59:59.905389 24480 incremental_pipeline.cc:623] => Image sees 34 / 130 points
I20261002 19:59:59.905446 24480 incremental_pipeline.cc:629] Registering image with structure-less fallback
I20261002 19:59:59.905514 24480 incremental_pipeline.cc:631] => Image sees 40 / 607 correspondences
I20261002 19:59:59.905571 24480 incremental_pipeline.cc:646] => Could not register, trying another image.
I20261002 19:59:59.905627 24480 incremental_pipeline.cc:620] Registering image #17 (num_reg_frames=3)
I20261002 19:59:59.905684 24480 incremental_pipeline.cc:623] => Image sees 36 / 113 points
I20261002 19:59:59.905741 24480 incremental_pipeline.cc:629] Registering image with structure-less fallback
I20261002 19:59:59.905800 24480 incremental_pipeline.cc:631] => Image sees 40 / 538 correspondences
I20261002 19:59:59.905857 24480 incremental_pipeline.cc:646] => Could not register, trying another image.
I20261002 19:59:59.905914 24480 incremental_pipeline.cc:620] Registering image #15 (num_reg_frames=3)
I20261002 19:59:59.905970 24480 incremental_pipeline.cc:623] => Image sees 36 / 111 points
I20261002 19:59:59.906027 24480 incremental_pipeline.cc:629] Registering image with structure-less fallback
I20261002 19:59:59.906084 24480 incremental_pipeline.cc:631] => Image sees 39 / 586 correspondences
I20261002 19:59:59.906142 24480 incremental_pipeline.cc:646] => Could not register, trying another image.
I20261002 19:59:59.906201 24480 incremental_pipeline.cc:620] Registering image #79 (num_reg_frames=3)
I20261002 19:59:59.906259 24480 incremental_pipeline.cc:623] => Image sees 32 / 125 points
I20261002 19:59:59.906316 24480 incremental_pipeline.cc:629] Registering image with structure-less fallback
I20261002 19:59:59.906374 24480 incremental_pipeline.cc:631] => Image sees 39 / 2486 correspondences
I20261002 19:59:59.906432 24480 incremental_pipeline.cc:646] => Could not register, trying another image.
I20261002 19:59:59.906489 24480 incremental_pipeline.cc:88] Retriangulation and Global bundle adjustment
I20261002 19:59:59.916583 24480 incremental_pipeline.cc:620] Registering image #22 (num_reg_frames=3)
I20261002 19:59:59.916699 24480 incremental_pipeline.cc:623] => Image sees 68 / 118 points
I20261002 19:59:59.916785 24480 incremental_pipeline.cc:646] => Could not register, trying another image.
I20261002 19:59:59.916852 24480 incremental_pipeline.cc:620] Registering image #27 (num_reg_frames=3)
I20261002 19:59:59.916916 24480 incremental_pipeline.cc:623] => Image sees 63 / 127 points
I20261002 19:59:59.916991 24480 incremental_pipeline.cc:646] => Could not register, trying another image.
I20261002 19:59:59.917053 24480 incremental_pipeline.cc:620] Registering image #21 (num_reg_frames=3)
I20261002 19:59:59.917115 24480 incremental_pipeline.cc:623] => Image sees 56 / 125 points
I20261002 19:59:59.917192 24480 incremental_pipeline.cc:646] => Could not register, trying another image.
I20261002 19:59:59.917254 24480 incremental_pipeline.cc:620] Registering image #20 (num_reg_frames=3)
I20261002 19:59:59.917316 24480 incremental_pipeline.cc:623] => Image sees 54 / 116 points
I20261002 19:59:59.917386 24480 incremental_pipeline.cc:646] => Could not register, trying another image.
I20261002 19:59:59.917447 24480 incremental_pipeline.cc:620] Registering image #31 (num_reg_frames=3)
I20261002 19:59:59.917509 24480 incremental_pipeline.cc:623] => Image sees 55 / 130 points
I20261002 19:59:59.917580 24480 incremental_pipeline.cc:646] => Could not register, trying another image.
I20261002 19:59:59.917641 24480 incremental_pipeline.cc:620] Registering image #29 (num_reg_frames=3)
I20261002 19:59:59.917703 24480 incremental_pipeline.cc:623] => Image sees 44 / 118 points
I20261002 19:59:59.917775 24480 incremental_pipeline.cc:646] => Could not register, trying another image.
I20261002 19:59:59.917837 24480 incremental_pipeline.cc:620] Registering image #79 (num_reg_frames=3)
I20261002 19:59:59.917899 24480 incremental_pipeline.cc:623] => Image sees 32 / 125 points
I20261002 19:59:59.917976 24480 incremental_pipeline.cc:646] => Could not register, trying another image.
I20261002 19:59:59.918038 24480 incremental_pipeline.cc:620] Registering image #17 (num_reg_frames=3)
I20261002 19:59:59.918112 24480 incremental_pipeline.cc:623] => Image sees 36 / 113 points
I20261002 19:59:59.918183 24480 incremental_pipeline.cc:646] => Could not register, trying another image.
I20261002 19:59:59.918245 24480 incremental_pipeline.cc:620] Registering image #15 (num_reg_frames=3)
I20261002 19:59:59.918309 24480 incremental_pipeline.cc:623] => Image sees 36 / 111 points
I20261002 19:59:59.918377 24480 incremental_pipeline.cc:646] => Could not register, trying another image.
I20261002 19:59:59.918439 24480 incremental_pipeline.cc:620] Registering image #16 (num_reg_frames=3)
I20261002 19:59:59.918500 24480 incremental_pipeline.cc:623] => Image sees 33 / 124 points
I20261002 19:59:59.918569 24480 incremental_pipeline.cc:646] => Could not register, trying another image.
I20261002 19:59:59.918630 24480 incremental_pipeline.cc:620] Registering image #19 (num_reg_frames=3)
I20261002 19:59:59.918692 24480 incremental_pipeline.cc:623] => Image sees 34 / 130 points
I20261002 19:59:59.918759 24480 incremental_pipeline.cc:646] => Could not register, trying another image.
I20261002 19:59:59.918824 24480 incremental_pipeline.cc:620] Registering image #21 (num_reg_frames=3)
I20261002 19:59:59.918886 24480 incremental_pipeline.cc:623] => Image sees 56 / 125 points
I20261002 19:59:59.918948 24480 incremental_pipeline.cc:629] Registering image with structure-less fallback
I20261002 19:59:59.919009 24480 incremental_pipeline.cc:631] => Image sees 174 / 1957 correspondences
I20261002 19:59:59.919084 24480 incremental_pipeline.cc:646] => Could not register, trying another image.
I20261002 19:59:59.919146 24480 incremental_pipeline.cc:620] Registering image #22 (num_reg_frames=3)
I20261002 19:59:59.919208 24480 incremental_pipeline.cc:623] => Image sees 68 / 118 points
I20261002 19:59:59.919269 24480 incremental_pipeline.cc:629] Registering image with structure-less fallback
I20261002 19:59:59.919332 24480 incremental_pipeline.cc:631] => Image sees 146 / 598 correspondences
I20261002 19:59:59.919402 24480 incremental_pipeline.cc:646] => Could not register, trying another image.
I20261002 19:59:59.919463 24480 incremental_pipeline.cc:620] Registering image #27 (num_reg_frames=3)
I20261002 19:59:59.919525 24480 incremental_pipeline.cc:623] => Image sees 63 / 127 points
I20261002 19:59:59.919586 24480 incremental_pipeline.cc:629] Registering image with structure-less fallback
I20261002 19:59:59.919648 24480 incremental_pipeline.cc:631] => Image sees 136 / 643 correspondences
I20261002 19:59:59.919717 24480 incremental_pipeline.cc:646] => Could not register, trying another image.
I20261002 19:59:59.919778 24480 incremental_pipeline.cc:620] Registering image #31 (num_reg_frames=3)
I20261002 19:59:59.919839 24480 incremental_pipeline.cc:623] => Image sees 55 / 130 points
I20261002 19:59:59.919901 24480 incremental_pipeline.cc:629] Registering image with structure-less fallback
I20261002 19:59:59.919962 24480 incremental_pipeline.cc:631] => Image sees 129 / 598 correspondences
I20261002 19:59:59.920031 24480 incremental_pipeline.cc:646] => Could not register, trying another image.
I20261002 19:59:59.920092 24480 incremental_pipeline.cc:620] Registering image #20 (num_reg_frames=3)
I20261002 19:59:59.920154 24480 incremental_pipeline.cc:623] => Image sees 54 / 116 points
I20261002 19:59:59.920218 24480 incremental_pipeline.cc:629] Registering image with structure-less fallback
I20261002 19:59:59.920281 24480 incremental_pipeline.cc:631] => Image sees 60 / 611 correspondences
I20261002 19:59:59.920350 24480 incremental_pipeline.cc:646] => Could not register, trying another image.
I20261002 19:59:59.920415 24480 incremental_pipeline.cc:620] Registering image #29 (num_reg_frames=3)
I20261002 19:59:59.920527 24480 incremental_pipeline.cc:623] => Image sees 44 / 118 points
I20261002 19:59:59.920611 24480 incremental_pipeline.cc:629] Registering image with structure-less fallback
I20261002 19:59:59.920674 24480 incremental_pipeline.cc:631] => Image sees 47 / 586 correspondences
I20261002 19:59:59.920736 24480 incremental_pipeline.cc:646] => Could not register, trying another image.
I20261002 19:59:59.920808 24480 incremental_pipeline.cc:620] Registering image #16 (num_reg_frames=3)
I20261002 19:59:59.920871 24480 incremental_pipeline.cc:623] => Image sees 33 / 124 points
I20261002 19:59:59.920933 24480 incremental_pipeline.cc:629] Registering image with structure-less fallback
I20261002 19:59:59.920994 24480 incremental_pipeline.cc:631] => Image sees 43 / 562 correspondences
I20261002 19:59:59.921056 24480 incremental_pipeline.cc:646] => Could not register, trying another image.
I20261002 19:59:59.921116 24480 incremental_pipeline.cc:620] Registering image #19 (num_reg_frames=3)
I20261002 19:59:59.921177 24480 incremental_pipeline.cc:623] => Image sees 34 / 130 points
I20261002 19:59:59.921239 24480 incremental_pipeline.cc:629] Registering image with structure-less fallback
I20261002 19:59:59.921301 24480 incremental_pipeline.cc:631] => Image sees 40 / 607 correspondences
I20261002 19:59:59.921362 24480 incremental_pipeline.cc:646] => Could not register, trying another image.
I20261002 19:59:59.921424 24480 incremental_pipeline.cc:620] Registering image #17 (num_reg_frames=3)
I20261002 19:59:59.921485 24480 incremental_pipeline.cc:623] => Image sees 36 / 113 points
I20261002 19:59:59.921546 24480 incremental_pipeline.cc:629] Registering image with structure-less fallback
I20261002 19:59:59.921607 24480 incremental_pipeline.cc:631] => Image sees 40 / 538 correspondences
I20261002 19:59:59.921670 24480 incremental_pipeline.cc:646] => Could not register, trying another image.
I20261002 19:59:59.921751 24480 incremental_pipeline.cc:620] Registering image #15 (num_reg_frames=3)
I20261002 19:59:59.921815 24480 incremental_pipeline.cc:623] => Image sees 36 / 111 points
I20261002 19:59:59.921875 24480 incremental_pipeline.cc:629] Registering image with structure-less fallback
I20261002 19:59:59.921932 24480 incremental_pipeline.cc:631] => Image sees 39 / 586 correspondences
I20261002 19:59:59.921990 24480 incremental_pipeline.cc:646] => Could not register, trying another image.
I20261002 19:59:59.922049 24480 incremental_pipeline.cc:620] Registering image #79 (num_reg_frames=3)
I20261002 19:59:59.922107 24480 incremental_pipeline.cc:623] => Image sees 32 / 125 points
I20261002 19:59:59.922163 24480 incremental_pipeline.cc:629] Registering image with structure-less fallback
I20261002 19:59:59.922221 24480 incremental_pipeline.cc:631] => Image sees 39 / 2486 correspondences
I20261002 19:59:59.922277 24480 incremental_pipeline.cc:646] => Could not register, trying another image.
W20261002 19:59:59.922334 24480 incremental_pipeline.cc:821] Discarding reconstruction due to insufficient size
I20261002 19:59:59.923034 24480 incremental_pipeline.cc:465] Finding good initial image pair
I20261002 19:59:59.927240 24480 incremental_pipeline.cc:492] Registering initial image pair #13 and #7
I20261002 19:59:59.927669 24480 incremental_pipeline.cc:510] Global bundle adjustment
I20261002 19:59:59.934241 24480 incremental_pipeline.cc:620] Registering image #19 (num_reg_frames=2)
I20261002 19:59:59.934356 24480 incremental_pipeline.cc:623] => Image sees 46 / 130 points
I20261002 19:59:59.939261 24480 incremental_pipeline.cc:88] Retriangulation and Global bundle adjustment
I20261002 19:59:59.949700 24480 incremental_pipeline.cc:620] Registering image #11 (num_reg_frames=3)
I20261002 19:59:59.949827 24480 incremental_pipeline.cc:623] => Image sees 71 / 110 points
I20261002 19:59:59.962203 24480 incremental_pipeline.cc:620] Registering image #15 (num_reg_frames=4)
I20261002 19:59:59.962343 24480 incremental_pipeline.cc:623] => Image sees 72 / 111 points
I20261002 19:59:59.969347 24480 incremental_pipeline.cc:88] Retriangulation and Global bundle adjustment
I20261002 19:59:59.986113 24480 incremental_pipeline.cc:620] Registering image #16 (num_reg_frames=5)
I20261002 19:59:59.986249 24480 incremental_pipeline.cc:623] => Image sees 74 / 124 points
I20261002 20:00:00.013152 24480 incremental_pipeline.cc:620] Registering image #18 (num_reg_frames=6)
I20261002 20:00:00.013336 24480 incremental_pipeline.cc:623] => Image sees 89 / 123 points
I20261002 20:00:00.013455 24480 incremental_pipeline.cc:646] => Could not register, trying another image.
I20261002 20:00:00.013521 24480 incremental_pipeline.cc:620] Registering image #12 (num_reg_frames=6)
I20261002 20:00:00.013585 24480 incremental_pipeline.cc:623] => Image sees 73 / 102 points
I20261002 20:00:00.013656 24480 incremental_pipeline.cc:646] => Could not register, trying another image.
I20261002 20:00:00.013717 24480 incremental_pipeline.cc:620] Registering image #21 (num_reg_frames=6)
I20261002 20:00:00.013777 24480 incremental_pipeline.cc:623] => Image sees 67 / 125 points
I20261002 20:00:00.013856 24480 incremental_pipeline.cc:646] => Could not register, trying another image.
I20261002 20:00:00.013917 24480 incremental_pipeline.cc:620] Registering image #17 (num_reg_frames=6)
I20261002 20:00:00.013978 24480 incremental_pipeline.cc:623] => Image sees 70 / 113 points
I20261002 20:00:00.014055 24480 incremental_pipeline.cc:646] => Could not register, trying another image.
I20261002 20:00:00.014117 24480 incremental_pipeline.cc:620] Registering image #8 (num_reg_frames=6)
I20261002 20:00:00.014176 24480 incremental_pipeline.cc:623] => Image sees 50 / 111 points
I20261002 20:00:00.014241 24480 incremental_pipeline.cc:646] => Could not register, trying another image.
I20261002 20:00:00.014297 24480 incremental_pipeline.cc:620] Registering image #20 (num_reg_frames=6)
I20261002 20:00:00.014357 24480 incremental_pipeline.cc:623] => Image sees 58 / 116 points
I20261002 20:00:00.014423 24480 incremental_pipeline.cc:646] => Could not register, trying another image.
I20261002 20:00:00.014479 24480 incremental_pipeline.cc:620] Registering image #10 (num_reg_frames=6)
I20261002 20:00:00.014538 24480 incremental_pipeline.cc:623] => Image sees 52 / 93 points
I20261002 20:00:00.014602 24480 incremental_pipeline.cc:646] => Could not register, trying another image.
I20261002 20:00:00.014659 24480 incremental_pipeline.cc:620] Registering image #14 (num_reg_frames=6)
I20261002 20:00:00.014715 24480 incremental_pipeline.cc:623] => Image sees 47 / 122 points
I20261002 20:00:00.014778 24480 incremental_pipeline.cc:646] => Could not register, trying another image.
I20261002 20:00:00.014835 24480 incremental_pipeline.cc:620] Registering image #9 (num_reg_frames=6)
I20261002 20:00:00.014891 24480 incremental_pipeline.cc:623] => Image sees 51 / 103 points
I20261002 20:00:00.014954 24480 incremental_pipeline.cc:646] => Could not register, trying another image.
I20261002 20:00:00.015011 24480 incremental_pipeline.cc:620] Registering image #6 (num_reg_frames=6)
I20261002 20:00:00.015067 24480 incremental_pipeline.cc:623] => Image sees 46 / 113 points
I20261002 20:00:00.015134 24480 incremental_pipeline.cc:646] => Could not register, trying another image.
I20261002 20:00:00.015192 24480 incremental_pipeline.cc:620] Registering image #22 (num_reg_frames=6)
I20261002 20:00:00.015248 24480 incremental_pipeline.cc:623] => Image sees 54 / 118 points
I20261002 20:00:00.015312 24480 incremental_pipeline.cc:646] => Could not register, trying another image.
I20261002 20:00:00.015368 24480 incremental_pipeline.cc:620] Registering image #24 (num_reg_frames=6)
I20261002 20:00:00.015425 24480 incremental_pipeline.cc:623] => Image sees 45 / 114 points
I20261002 20:00:00.015488 24480 incremental_pipeline.cc:646] => Could not register, trying another image.
I20261002 20:00:00.015543 24480 incremental_pipeline.cc:620] Registering image #2 (num_reg_frames=6)
I20261002 20:00:00.015603 24480 incremental_pipeline.cc:623] => Image sees 33 / 108 points
I20261002 20:00:00.015669 24480 incremental_pipeline.cc:646] => Could not register, trying another image.
I20261002 20:00:00.015725 24480 incremental_pipeline.cc:620] Registering image #5 (num_reg_frames=6)
I20261002 20:00:00.015781 24480 incremental_pipeline.cc:623] => Image sees 36 / 107 points
I20261002 20:00:00.015843 24480 incremental_pipeline.cc:646] => Could not register, trying another image.
I20261002 20:00:00.015899 24480 incremental_pipeline.cc:620] Registering image #23 (num_reg_frames=6)
I20261002 20:00:00.015966 24480 incremental_pipeline.cc:623] => Image sees 39 / 111 points
I20261002 20:00:00.016030 24480 incremental_pipeline.cc:646] => Could not register, trying another image.
I20261002 20:00:00.016085 24480 incremental_pipeline.cc:620] Registering image #25 (num_reg_frames=6)
I20261002 20:00:00.016142 24480 incremental_pipeline.cc:623] => Image sees 41 / 133 points
I20261002 20:00:00.016208 24480 incremental_pipeline.cc:646] => Could not register, trying another image.
I20261002 20:00:00.016272 24480 incremental_pipeline.cc:620] Registering image #21 (num_reg_frames=6)
I20261002 20:00:00.016330 24480 incremental_pipeline.cc:623] => Image sees 67 / 125 points
I20261002 20:00:00.016387 24480 incremental_pipeline.cc:629] Registering image with structure-less fallback
I20261002 20:00:00.016442 24480 incremental_pipeline.cc:631] => Image sees 270 / 1957 correspondences
I20261002 20:00:00.016514 24480 incremental_pipeline.cc:646] => Could not register, trying another image.
I20261002 20:00:00.016571 24480 incremental_pipeline.cc:620] Registering image #18 (num_reg_frames=6)
I20261002 20:00:00.016626 24480 incremental_pipeline.cc:623] => Image sees 89 / 123 points
I20261002 20:00:00.016682 24480 incremental_pipeline.cc:629] Registering image with structure-less fallback
I20261002 20:00:00.016738 24480 incremental_pipeline.cc:631] => Image sees 257 / 692 correspondences
I20261002 20:00:00.016804 24480 incremental_pipeline.cc:646] => Could not register, trying another image.
I20261002 20:00:00.016860 24480 incremental_pipeline.cc:620] Registering image #12 (num_reg_frames=6)
I20261002 20:00:00.016915 24480 incremental_pipeline.cc:623] => Image sees 73 / 102 points
I20261002 20:00:00.016971 24480 incremental_pipeline.cc:629] Registering image with structure-less fallback
I20261002 20:00:00.017027 24480 incremental_pipeline.cc:631] => Image sees 232 / 462 correspondences
I20261002 20:00:00.017090 24480 incremental_pipeline.cc:646] => Could not register, trying another image.
I20261002 20:00:00.017145 24480 incremental_pipeline.cc:620] Registering image #17 (num_reg_frames=6)
I20261002 20:00:00.017202 24480 incremental_pipeline.cc:623] => Image sees 70 / 113 points
I20261002 20:00:00.017378 24480 incremental_pipeline.cc:629] Registering image with structure-less fallback
I20261002 20:00:00.017438 24480 incremental_pipeline.cc:631] => Image sees 175 / 538 correspondences
I20261002 20:00:00.017509 24480 incremental_pipeline.cc:646] => Could not register, trying another image.
I20261002 20:00:00.017565 24480 incremental_pipeline.cc:620] Registering image #2 (num_reg_frames=6)
I20261002 20:00:00.017625 24480 incremental_pipeline.cc:623] => Image sees 33 / 108 points
I20261002 20:00:00.017684 24480 incremental_pipeline.cc:629] Registering image with structure-less fallback
I20261002 20:00:00.017740 24480 incremental_pipeline.cc:631] => Image sees 170 / 779 correspondences
I20261002 20:00:00.017805 24480 incremental_pipeline.cc:646] => Could not register, trying another image.
I20261002 20:00:00.017861 24480 incremental_pipeline.cc:620] Registering image #8 (num_reg_frames=6)
I20261002 20:00:00.017917 24480 incremental_pipeline.cc:623] => Image sees 50 / 111 points
I20261002 20:00:00.017974 24480 incremental_pipeline.cc:629] Registering image with structure-less fallback
I20261002 20:00:00.018030 24480 incremental_pipeline.cc:631] => Image sees 130 / 423 correspondences
I20261002 20:00:00.018096 24480 incremental_pipeline.cc:646] => Could not register, trying another image.
I20261002 20:00:00.018151 24480 incremental_pipeline.cc:620] Registering image #10 (num_reg_frames=6)
I20261002 20:00:00.018208 24480 incremental_pipeline.cc:623] => Image sees 52 / 93 points
I20261002 20:00:00.018265 24480 incremental_pipeline.cc:629] Registering image with structure-less fallback
I20261002 20:00:00.018321 24480 incremental_pipeline.cc:631] => Image sees 100 / 436 correspondences
I20261002 20:00:00.018384 24480 incremental_pipeline.cc:646] => Could not register, trying another image.
I20261002 20:00:00.018454 24480 incremental_pipeline.cc:620] Registering image #20 (num_reg_frames=6)
I20261002 20:00:00.018555 24480 incremental_pipeline.cc:623] => Image sees 58 / 116 points
I20261002 20:00:00.018617 24480 incremental_pipeline.cc:629] Registering image with structure-less fallback
I20261002 20:00:00.018673 24480 incremental_pipeline.cc:631] => Image sees 90 / 611 correspondences
I20261002 20:00:00.018737 24480 incremental_pipeline.cc:646] => Could not register, trying another image.
I20261002 20:00:00.018795 24480 incremental_pipeline.cc:620] Registering image #9 (num_reg_frames=6)
I20261002 20:00:00.018875 24480 incremental_pipeline.cc:623] => Image sees 51 / 103 points
I20261002 20:00:00.018974 24480 incremental_pipeline.cc:629] Registering image with structure-less fallback
I20261002 20:00:00.019038 24480 incremental_pipeline.cc:631] => Image sees 86 / 464 correspondences
I20261002 20:00:00.019104 24480 incremental_pipeline.cc:646] => Could not register, trying another image.
I20261002 20:00:00.019162 24480 incremental_pipeline.cc:620] Registering image #6 (num_reg_frames=6)
I20261002 20:00:00.019218 24480 incremental_pipeline.cc:623] => Image sees 46 / 113 points
I20261002 20:00:00.019275 24480 incremental_pipeline.cc:629] Registering image with structure-less fallback
I20261002 20:00:00.019331 24480 incremental_pipeline.cc:631] => Image sees 83 / 500 correspondences
I20261002 20:00:00.019394 24480 incremental_pipeline.cc:646] => Could not register, trying another image.
I20261002 20:00:00.019449 24480 incremental_pipeline.cc:620] Registering image #14 (num_reg_frames=6)
I20261002 20:00:00.019506 24480 incremental_pipeline.cc:623] => Image sees 47 / 122 points
I20261002 20:00:00.019561 24480 incremental_pipeline.cc:629] Registering image with structure-less fallback
I20261002 20:00:00.019621 24480 incremental_pipeline.cc:631] => Image sees 82 / 464 correspondences
I20261002 20:00:00.019683 24480 incremental_pipeline.cc:646] => Could not register, trying another image.
I20261002 20:00:00.019739 24480 incremental_pipeline.cc:620] Registering image #24 (num_reg_frames=6)
I20261002 20:00:00.019796 24480 incremental_pipeline.cc:623] => Image sees 45 / 114 points
I20261002 20:00:00.019852 24480 incremental_pipeline.cc:629] Registering image with structure-less fallback
I20261002 20:00:00.019914 24480 incremental_pipeline.cc:631] => Image sees 76 / 518 correspondences
I20261002 20:00:00.019977 24480 incremental_pipeline.cc:646] => Could not register, trying another image.
I20261002 20:00:00.020034 24480 incremental_pipeline.cc:620] Registering image #5 (num_reg_frames=6)
I20261002 20:00:00.020092 24480 incremental_pipeline.cc:623] => Image sees 36 / 107 points
I20261002 20:00:00.020149 24480 incremental_pipeline.cc:629] Registering image with structure-less fallback
I20261002 20:00:00.020204 24480 incremental_pipeline.cc:631] => Image sees 70 / 413 correspondences
I20261002 20:00:00.020265 24480 incremental_pipeline.cc:646] => Could not register, trying another image.
I20261002 20:00:00.020321 24480 incremental_pipeline.cc:620] Registering image #25 (num_reg_frames=6)
I20261002 20:00:00.020377 24480 incremental_pipeline.cc:623] => Image sees 41 / 133 points
I20261002 20:00:00.020434 24480 incremental_pipeline.cc:629] Registering image with structure-less fallback
I20261002 20:00:00.020489 24480 incremental_pipeline.cc:631] => Image sees 70 / 631 correspondences
I20261002 20:00:00.020557 24480 incremental_pipeline.cc:646] => Could not register, trying another image.
I20261002 20:00:00.020613 24480 incremental_pipeline.cc:620] Registering image #23 (num_reg_frames=6)
I20261002 20:00:00.020671 24480 incremental_pipeline.cc:623] => Image sees 39 / 111 points
I20261002 20:00:00.020728 24480 incremental_pipeline.cc:629] Registering image with structure-less fallback
I20261002 20:00:00.020785 24480 incremental_pipeline.cc:631] => Image sees 68 / 647 correspondences
I20261002 20:00:00.020849 24480 incremental_pipeline.cc:646] => Could not register, trying another image.
I20261002 20:00:00.020906 24480 incremental_pipeline.cc:620] Registering image #22 (num_reg_frames=6)
I20261002 20:00:00.020972 24480 incremental_pipeline.cc:623] => Image sees 54 / 118 points
I20261002 20:00:00.021029 24480 incremental_pipeline.cc:629] Registering image with structure-less fallback
I20261002 20:00:00.021087 24480 incremental_pipeline.cc:631] => Image sees 55 / 598 correspondences
I20261002 20:00:00.021143 24480 incremental_pipeline.cc:646] => Could not register, trying another image.
I20261002 20:00:00.021201 24480 incremental_pipeline.cc:88] Retriangulation and Global bundle adjustment
I20261002 20:00:00.046260 24480 incremental_pipeline.cc:620] Registering image #18 (num_reg_frames=6)
I20261002 20:00:00.046465 24480 incremental_pipeline.cc:623] => Image sees 89 / 123 points
I20261002 20:00:00.046566 24480 incremental_pipeline.cc:646] => Could not register, trying another image.
I20261002 20:00:00.046636 24480 incremental_pipeline.cc:620] Registering image #12 (num_reg_frames=6)
I20261002 20:00:00.046699 24480 incremental_pipeline.cc:623] => Image sees 73 / 102 points
I20261002 20:00:00.046772 24480 incremental_pipeline.cc:646] => Could not register, trying another image.
I20261002 20:00:00.046833 24480 incremental_pipeline.cc:620] Registering image #21 (num_reg_frames=6)
I20261002 20:00:00.046894 24480 incremental_pipeline.cc:623] => Image sees 67 / 125 points
I20261002 20:00:00.046981 24480 incremental_pipeline.cc:646] => Could not register, trying another image.
I20261002 20:00:00.047046 24480 incremental_pipeline.cc:620] Registering image #17 (num_reg_frames=6)
I20261002 20:00:00.047107 24480 incremental_pipeline.cc:623] => Image sees 70 / 113 points
I20261002 20:00:00.047179 24480 incremental_pipeline.cc:646] => Could not register, trying another image.
I20261002 20:00:00.047239 24480 incremental_pipeline.cc:620] Registering image #8 (num_reg_frames=6)
I20261002 20:00:00.047299 24480 incremental_pipeline.cc:623] => Image sees 50 / 111 points
I20261002 20:00:00.047368 24480 incremental_pipeline.cc:646] => Could not register, trying another image.
I20261002 20:00:00.047428 24480 incremental_pipeline.cc:620] Registering image #20 (num_reg_frames=6)
I20261002 20:00:00.047490 24480 incremental_pipeline.cc:623] => Image sees 58 / 116 points
I20261002 20:00:00.047561 24480 incremental_pipeline.cc:646] => Could not register, trying another image.
I20261002 20:00:00.047621 24480 incremental_pipeline.cc:620] Registering image #10 (num_reg_frames=6)
I20261002 20:00:00.047681 24480 incremental_pipeline.cc:623] => Image sees 52 / 93 points
I20261002 20:00:00.047749 24480 incremental_pipeline.cc:646] => Could not register, trying another image.
I20261002 20:00:00.047810 24480 incremental_pipeline.cc:620] Registering image #14 (num_reg_frames=6)
I20261002 20:00:00.047870 24480 incremental_pipeline.cc:623] => Image sees 47 / 122 points
I20261002 20:00:00.047937 24480 incremental_pipeline.cc:646] => Could not register, trying another image.
I20261002 20:00:00.047997 24480 incremental_pipeline.cc:620] Registering image #9 (num_reg_frames=6)
I20261002 20:00:00.048056 24480 incremental_pipeline.cc:623] => Image sees 51 / 103 points
I20261002 20:00:00.048126 24480 incremental_pipeline.cc:646] => Could not register, trying another image.
I20261002 20:00:00.048186 24480 incremental_pipeline.cc:620] Registering image #6 (num_reg_frames=6)
I20261002 20:00:00.048253 24480 incremental_pipeline.cc:623] => Image sees 46 / 113 points
I20261002 20:00:00.048323 24480 incremental_pipeline.cc:646] => Could not register, trying another image.
I20261002 20:00:00.048381 24480 incremental_pipeline.cc:620] Registering image #22 (num_reg_frames=6)
I20261002 20:00:00.048442 24480 incremental_pipeline.cc:623] => Image sees 54 / 118 points
I20261002 20:00:00.048509 24480 incremental_pipeline.cc:646] => Could not register, trying another image.
I20261002 20:00:00.048568 24480 incremental_pipeline.cc:620] Registering image #24 (num_reg_frames=6)
I20261002 20:00:00.048628 24480 incremental_pipeline.cc:623] => Image sees 45 / 114 points
I20261002 20:00:00.048695 24480 incremental_pipeline.cc:646] => Could not register, trying another image.
I20261002 20:00:00.048773 24480 incremental_pipeline.cc:620] Registering image #2 (num_reg_frames=6)
I20261002 20:00:00.048833 24480 incremental_pipeline.cc:623] => Image sees 33 / 108 points
I20261002 20:00:00.048904 24480 incremental_pipeline.cc:646] => Could not register, trying another image.
I20261002 20:00:00.048963 24480 incremental_pipeline.cc:620] Registering image #5 (num_reg_frames=6)
I20261002 20:00:00.049024 24480 incremental_pipeline.cc:623] => Image sees 36 / 107 points
I20261002 20:00:00.049090 24480 incremental_pipeline.cc:646] => Could not register, trying another image.
I20261002 20:00:00.049153 24480 incremental_pipeline.cc:620] Registering image #23 (num_reg_frames=6)
I20261002 20:00:00.049277 24480 incremental_pipeline.cc:623] => Image sees 39 / 111 points
I20261002 20:00:00.049355 24480 incremental_pipeline.cc:646] => Could not register, trying another image.
I20261002 20:00:00.049417 24480 incremental_pipeline.cc:620] Registering image #25 (num_reg_frames=6)
I20261002 20:00:00.049481 24480 incremental_pipeline.cc:623] => Image sees 41 / 133 points
I20261002 20:00:00.049552 24480 incremental_pipeline.cc:646] => Could not register, trying another image.
I20261002 20:00:00.049620 24480 incremental_pipeline.cc:620] Registering image #21 (num_reg_frames=6)
I20261002 20:00:00.049683 24480 incremental_pipeline.cc:623] => Image sees 67 / 125 points
I20261002 20:00:00.049745 24480 incremental_pipeline.cc:629] Registering image with structure-less fallback
I20261002 20:00:00.049806 24480 incremental_pipeline.cc:631] => Image sees 270 / 1957 correspondences
I20261002 20:00:00.049884 24480 incremental_pipeline.cc:646] => Could not register, trying another image.
I20261002 20:00:00.049988 24480 incremental_pipeline.cc:620] Registering image #18 (num_reg_frames=6)
I20261002 20:00:00.050095 24480 incremental_pipeline.cc:623] => Image sees 89 / 123 points
I20261002 20:00:00.050176 24480 incremental_pipeline.cc:629] Registering image with structure-less fallback
I20261002 20:00:00.050236 24480 incremental_pipeline.cc:631] => Image sees 257 / 692 correspondences
I20261002 20:00:00.050304 24480 incremental_pipeline.cc:646] => Could not register, trying another image.
I20261002 20:00:00.050360 24480 incremental_pipeline.cc:620] Registering image #12 (num_reg_frames=6)
I20261002 20:00:00.050416 24480 incremental_pipeline.cc:623] => Image sees 73 / 102 points
I20261002 20:00:00.050471 24480 incremental_pipeline.cc:629] Registering image with structure-less fallback
I20261002 20:00:00.050527 24480 incremental_pipeline.cc:631] => Image sees 232 / 462 correspondences
I20261002 20:00:00.050596 24480 incremental_pipeline.cc:646] => Could not register, trying another image.
I20261002 20:00:00.050653 24480 incremental_pipeline.cc:620] Registering image #17 (num_reg_frames=6)
I20261002 20:00:00.050711 24480 incremental_pipeline.cc:623] => Image sees 70 / 113 points
I20261002 20:00:00.050767 24480 incremental_pipeline.cc:629] Registering image with structure-less fallback
I20261002 20:00:00.050822 24480 incremental_pipeline.cc:631] => Image sees 175 / 538 correspondences
I20261002 20:00:00.050886 24480 incremental_pipeline.cc:646] => Could not register, trying another image.
I20261002 20:00:00.050941 24480 incremental_pipeline.cc:620] Registering image #2 (num_reg_frames=6)
I20261002 20:00:00.051000 24480 incremental_pipeline.cc:623] => Image sees 33 / 108 points
I20261002 20:00:00.051059 24480 incremental_pipeline.cc:629] Registering image with structure-less fallback
I20261002 20:00:00.051115 24480 incremental_pipeline.cc:631] => Image sees 170 / 779 correspondences
I20261002 20:00:00.051179 24480 incremental_pipeline.cc:646] => Could not register, trying another image.
I20261002 20:00:00.051234 24480 incremental_pipeline.cc:620] Registering image #8 (num_reg_frames=6)
I20261002 20:00:00.051289 24480 incremental_pipeline.cc:623] => Image sees 50 / 111 points
I20261002 20:00:00.051344 24480 incremental_pipeline.cc:629] Registering image with structure-less fallback
I20261002 20:00:00.051413 24480 incremental_pipeline.cc:631] => Image sees 130 / 423 correspondences
I20261002 20:00:00.051476 24480 incremental_pipeline.cc:646] => Could not register, trying another image.
I20261002 20:00:00.051531 24480 incremental_pipeline.cc:620] Registering image #10 (num_reg_frames=6)
I20261002 20:00:00.051586 24480 incremental_pipeline.cc:623] => Image sees 52 / 93 points
I20261002 20:00:00.051645 24480 incremental_pipeline.cc:629] Registering image with structure-less fallback
I20261002 20:00:00.051700 24480 incremental_pipeline.cc:631] => Image sees 100 / 436 correspondences
I20261002 20:00:00.051761 24480 incremental_pipeline.cc:646] => Could not register, trying another image.
I20261002 20:00:00.051816 24480 incremental_pipeline.cc:620] Registering image #20 (num_reg_frames=6)
I20261002 20:00:00.051872 24480 incremental_pipeline.cc:623] => Image sees 58 / 116 points
I20261002 20:00:00.051927 24480 incremental_pipeline.cc:629] Registering image with structure-less fallback
I20261002 20:00:00.051982 24480 incremental_pipeline.cc:631] => Image sees 90 / 611 correspondences
I20261002 20:00:00.052045 24480 incremental_pipeline.cc:646] => Could not register, trying another image.
I20261002 20:00:00.052101 24480 incremental_pipeline.cc:620] Registering image #9 (num_reg_frames=6)
I20261002 20:00:00.052156 24480 incremental_pipeline.cc:623] => Image sees 51 / 103 points
I20261002 20:00:00.052210 24480 incremental_pipeline.cc:629] Registering image with structure-less fallback
I20261002 20:00:00.052265 24480 incremental_pipeline.cc:631] => Image sees 86 / 464 correspondences
I20261002 20:00:00.052327 24480 incremental_pipeline.cc:646] => Could not register, trying another image.
I20261002 20:00:00.052382 24480 incremental_pipeline.cc:620] Registering image #6 (num_reg_frames=6)
I20261002 20:00:00.052437 24480 incremental_pipeline.cc:623] => Image sees 46 / 113 points
I20261002 20:00:00.052492 24480 incremental_pipeline.cc:629] Registering image with structure-less fallback
I20261002 20:00:00.052546 24480 incremental_pipeline.cc:631] => Image sees 83 / 500 correspondences
I20261002 20:00:00.052608 24480 incremental_pipeline.cc:646] => Could not register, trying another image.
I20261002 20:00:00.052666 24480 incremental_pipeline.cc:620] Registering image #14 (num_reg_frames=6)
I20261002 20:00:00.052721 24480 incremental_pipeline.cc:623] => Image sees 47 / 122 points
I20261002 20:00:00.052776 24480 incremental_pipeline.cc:629] Registering image with structure-less fallback
I20261002 20:00:00.052830 24480 incremental_pipeline.cc:631] => Image sees 82 / 464 correspondences
I20261002 20:00:00.052892 24480 incremental_pipeline.cc:646] => Could not register, trying another image.
I20261002 20:00:00.052946 24480 incremental_pipeline.cc:620] Registering image #24 (num_reg_frames=6)
I20261002 20:00:00.053001 24480 incremental_pipeline.cc:623] => Image sees 45 / 114 points
I20261002 20:00:00.053056 24480 incremental_pipeline.cc:629] Registering image with structure-less fallback
I20261002 20:00:00.053111 24480 incremental_pipeline.cc:631] => Image sees 76 / 518 correspondences
I20261002 20:00:00.053172 24480 incremental_pipeline.cc:646] => Could not register, trying another image.
I20261002 20:00:00.053227 24480 incremental_pipeline.cc:620] Registering image #5 (num_reg_frames=6)
I20261002 20:00:00.053285 24480 incremental_pipeline.cc:623] => Image sees 36 / 107 points
I20261002 20:00:00.053340 24480 incremental_pipeline.cc:629] Registering image with structure-less fallback
I20261002 20:00:00.053395 24480 incremental_pipeline.cc:631] => Image sees 70 / 413 correspondences
I20261002 20:00:00.053456 24480 incremental_pipeline.cc:646] => Could not register, trying another image.
I20261002 20:00:00.053510 24480 incremental_pipeline.cc:620] Registering image #25 (num_reg_frames=6)
I20261002 20:00:00.053566 24480 incremental_pipeline.cc:623] => Image sees 41 / 133 points
I20261002 20:00:00.053621 24480 incremental_pipeline.cc:629] Registering image with structure-less fallback
I20261002 20:00:00.053678 24480 incremental_pipeline.cc:631] => Image sees 70 / 631 correspondences
I20261002 20:00:00.053750 24480 incremental_pipeline.cc:646] => Could not register, trying another image.
I20261002 20:00:00.053804 24480 incremental_pipeline.cc:620] Registering image #23 (num_reg_frames=6)
I20261002 20:00:00.053860 24480 incremental_pipeline.cc:623] => Image sees 39 / 111 points
I20261002 20:00:00.053914 24480 incremental_pipeline.cc:629] Registering image with structure-less fallback
I20261002 20:00:00.053969 24480 incremental_pipeline.cc:631] => Image sees 68 / 647 correspondences
I20261002 20:00:00.054033 24480 incremental_pipeline.cc:646] => Could not register, trying another image.
I20261002 20:00:00.054090 24480 incremental_pipeline.cc:620] Registering image #22 (num_reg_frames=6)
I20261002 20:00:00.054145 24480 incremental_pipeline.cc:623] => Image sees 54 / 118 points
I20261002 20:00:00.054200 24480 incremental_pipeline.cc:629] Registering image with structure-less fallback
I20261002 20:00:00.054255 24480 incremental_pipeline.cc:631] => Image sees 55 / 598 correspondences
I20261002 20:00:00.054310 24480 incremental_pipeline.cc:646] => Could not register, trying another image.
I20261002 20:00:00.054366 24480 incremental_pipeline.cc:88] Retriangulation and Global bundle adjustment
W20261002 20:00:00.079610 24480 incremental_pipeline.cc:821] Discarding reconstruction due to insufficient size
I20261002 20:00:00.080692 24480 incremental_pipeline.cc:465] Finding good initial image pair
I20261002 20:00:00.084813 24480 incremental_pipeline.cc:492] Registering initial image pair #2 and #4
I20261002 20:00:00.085245 24480 incremental_pipeline.cc:510] Global bundle adjustment
I20261002 20:00:00.091403 24480 incremental_pipeline.cc:620] Registering image #3 (num_reg_frames=2)
I20261002 20:00:00.091522 24480 incremental_pipeline.cc:623] => Image sees 51 / 100 points
I20261002 20:00:00.093130 24480 incremental_pipeline.cc:88] Retriangulation and Global bundle adjustment
I20261002 20:00:00.096986 24480 incremental_pipeline.cc:620] Registering image #1 (num_reg_frames=3)
I20261002 20:00:00.097101 24480 incremental_pipeline.cc:623] => Image sees 55 / 96 points
I20261002 20:00:00.101403 24480 incremental_pipeline.cc:620] Registering image #5 (num_reg_frames=4)
I20261002 20:00:00.101524 24480 incremental_pipeline.cc:623] => Image sees 44 / 107 points
I20261002 20:00:00.112757 24480 incremental_pipeline.cc:88] Retriangulation and Global bundle adjustment
I20261002 20:00:00.141715 24480 incremental_pipeline.cc:88] Retriangulation and Global bundle adjustment
W20261002 20:00:00.163093 24480 incremental_pipeline.cc:821] Discarding reconstruction due to insufficient size
I20261002 20:00:00.163784 24480 incremental_pipeline.cc:465] Finding good initial image pair
I20261002 20:00:00.167946 24480 incremental_pipeline.cc:492] Registering initial image pair #13 and #10
I20261002 20:00:00.168410 24480 incremental_pipeline.cc:510] Global bundle adjustment
I20261002 20:00:00.174582 24480 incremental_pipeline.cc:620] Registering image #8 (num_reg_frames=2)
I20261002 20:00:00.174701 24480 incremental_pipeline.cc:623] => Image sees 43 / 111 points
I20261002 20:00:00.176138 24480 incremental_pipeline.cc:88] Retriangulation and Global bundle adjustment
I20261002 20:00:00.181104 24480 incremental_pipeline.cc:620] Registering image #6 (num_reg_frames=3)
I20261002 20:00:00.181229 24480 incremental_pipeline.cc:623] => Image sees 57 / 113 points
I20261002 20:00:00.188096 24480 incremental_pipeline.cc:620] Registering image #12 (num_reg_frames=4)
I20261002 20:00:00.188196 24480 incremental_pipeline.cc:623] => Image sees 64 / 102 points
I20261002 20:00:00.193265 24480 incremental_pipeline.cc:88] Retriangulation and Global bundle adjustment
I20261002 20:00:00.228049 24480 incremental_pipeline.cc:620] Registering image #14 (num_reg_frames=5)
I20261002 20:00:00.228189 24480 incremental_pipeline.cc:623] => Image sees 61 / 122 points
I20261002 20:00:00.237267 24480 incremental_pipeline.cc:620] Registering image #9 (num_reg_frames=6)
I20261002 20:00:00.237467 24480 incremental_pipeline.cc:623] => Image sees 60 / 103 points
I20261002 20:00:00.241665 24480 incremental_pipeline.cc:88] Retriangulation and Global bundle adjustment
I20261002 20:00:00.307213 24480 incremental_pipeline.cc:620] Registering image #3 (num_reg_frames=7)
I20261002 20:00:00.307363 24480 incremental_pipeline.cc:623] => Image sees 31 / 100 points
I20261002 20:00:00.310223 24480 incremental_pipeline.cc:620] Registering image #2 (num_reg_frames=8)
I20261002 20:00:00.310351 24480 incremental_pipeline.cc:623] => Image sees 31 / 108 points
I20261002 20:00:00.313864 24480 incremental_pipeline.cc:88] Retriangulation and Global bundle adjustment
I20261002 20:00:00.350818 24480 incremental_pipeline.cc:620] Registering image #1 (num_reg_frames=9)
I20261002 20:00:00.350967 24480 incremental_pipeline.cc:623] => Image sees 44 / 96 points
I20261002 20:00:00.355832 24480 incremental_pipeline.cc:620] Registering image #4 (num_reg_frames=10)
I20261002 20:00:00.355946 24480 incremental_pipeline.cc:623] => Image sees 48 / 100 points
I20261002 20:00:00.361563 24480 incremental_pipeline.cc:620] Registering image #5 (num_reg_frames=11)
I20261002 20:00:00.361674 24480 incremental_pipeline.cc:623] => Image sees 55 / 107 points
I20261002 20:00:00.367820 24480 incremental_pipeline.cc:88] Retriangulation and Global bundle adjustment
I20261002 20:00:00.442843 24480 incremental_pipeline.cc:620] Registering image #11 (num_reg_frames=12)
I20261002 20:00:00.442986 24480 incremental_pipeline.cc:623] => Image sees 44 / 110 points
I20261002 20:00:00.443073 24480 incremental_pipeline.cc:646] => Could not register, trying another image.
I20261002 20:00:00.443136 24480 incremental_pipeline.cc:620] Registering image #7 (num_reg_frames=12)
I20261002 20:00:00.443194 24480 incremental_pipeline.cc:623] => Image sees 40 / 103 points
I20261002 20:00:00.443261 24480 incremental_pipeline.cc:646] => Could not register, trying another image.
I20261002 20:00:00.443318 24480 incremental_pipeline.cc:620] Registering image #16 (num_reg_frames=12)
I20261002 20:00:00.443376 24480 incremental_pipeline.cc:623] => Image sees 33 / 124 points
I20261002 20:00:00.443441 24480 incremental_pipeline.cc:646] => Could not register, trying another image.
I20261002 20:00:00.443498 24480 incremental_pipeline.cc:620] Registering image #15 (num_reg_frames=12)
I20261002 20:00:00.443630 24480 incremental_pipeline.cc:623] => Image sees 35 / 111 points
I20261002 20:00:00.443744 24480 incremental_pipeline.cc:646] => Could not register, trying another image.
I20261002 20:00:00.443823 24480 incremental_pipeline.cc:620] Registering image #19 (num_reg_frames=12)
I20261002 20:00:00.443940 24480 incremental_pipeline.cc:623] => Image sees 35 / 130 points
I20261002 20:00:00.444103 24480 incremental_pipeline.cc:646] => Could not register, trying another image.
I20261002 20:00:00.444202 24480 incremental_pipeline.cc:620] Registering image #29 (num_reg_frames=12)
I20261002 20:00:00.444258 24480 incremental_pipeline.cc:623] => Image sees 33 / 118 points
I20261002 20:00:00.444363 24480 incremental_pipeline.cc:646] => Could not register, trying another image.
I20261002 20:00:00.444446 24480 incremental_pipeline.cc:620] Registering image #18 (num_reg_frames=12)
I20261002 20:00:00.444519 24480 incremental_pipeline.cc:623] => Image sees 30 / 123 points
I20261002 20:00:00.444590 24480 incremental_pipeline.cc:646] => Could not register, trying another image.
I20261002 20:00:00.444650 24480 incremental_pipeline.cc:620] Registering image #31 (num_reg_frames=12)
I20261002 20:00:00.444792 24480 incremental_pipeline.cc:623] => Image sees 32 / 130 points
I20261002 20:00:00.444880 24480 incremental_pipeline.cc:646] => Could not register, trying another image.
I20261002 20:00:00.444943 24480 incremental_pipeline.cc:620] Registering image #22 (num_reg_frames=12)
I20261002 20:00:00.445006 24480 incremental_pipeline.cc:623] => Image sees 32 / 118 points
I20261002 20:00:00.445072 24480 incremental_pipeline.cc:646] => Could not register, trying another image.
I20261002 20:00:00.445131 24480 incremental_pipeline.cc:620] Registering image #27 (num_reg_frames=12)
I20261002 20:00:00.445235 24480 incremental_pipeline.cc:623] => Image sees 32 / 127 points
I20261002 20:00:00.445304 24480 incremental_pipeline.cc:646] => Could not register, trying another image.
I20261002 20:00:00.445362 24480 incremental_pipeline.cc:620] Registering image #23 (num_reg_frames=12)
I20261002 20:00:00.445419 24480 incremental_pipeline.cc:623] => Image sees 30 / 111 points
I20261002 20:00:00.445483 24480 incremental_pipeline.cc:646] => Could not register, trying another image.
I20261002 20:00:00.445544 24480 incremental_pipeline.cc:620] Registering image #24 (num_reg_frames=12)
I20261002 20:00:00.445603 24480 incremental_pipeline.cc:623] => Image sees 30 / 114 points
I20261002 20:00:00.445668 24480 incremental_pipeline.cc:646] => Could not register, trying another image.
I20261002 20:00:00.445729 24480 incremental_pipeline.cc:620] Registering image #7 (num_reg_frames=12)
I20261002 20:00:00.445788 24480 incremental_pipeline.cc:623] => Image sees 40 / 103 points
I20261002 20:00:00.445878 24480 incremental_pipeline.cc:629] Registering image with structure-less fallback
I20261002 20:00:00.445936 24480 incremental_pipeline.cc:631] => Image sees 230 / 482 correspondences
I20261002 20:00:00.446002 24480 incremental_pipeline.cc:646] => Could not register, trying another image.
I20261002 20:00:00.446060 24480 incremental_pipeline.cc:620] Registering image #11 (num_reg_frames=12)
I20261002 20:00:00.446117 24480 incremental_pipeline.cc:623] => Image sees 44 / 110 points
I20261002 20:00:00.446172 24480 incremental_pipeline.cc:629] Registering image with structure-less fallback
I20261002 20:00:00.446227 24480 incremental_pipeline.cc:631] => Image sees 220 / 601 correspondences
I20261002 20:00:00.446291 24480 incremental_pipeline.cc:646] => Could not register, trying another image.
I20261002 20:00:00.446346 24480 incremental_pipeline.cc:620] Registering image #15 (num_reg_frames=12)
I20261002 20:00:00.446401 24480 incremental_pipeline.cc:623] => Image sees 35 / 111 points
I20261002 20:00:00.446457 24480 incremental_pipeline.cc:629] Registering image with structure-less fallback
I20261002 20:00:00.446512 24480 incremental_pipeline.cc:631] => Image sees 142 / 586 correspondences
I20261002 20:00:00.446574 24480 incremental_pipeline.cc:646] => Could not register, trying another image.
I20261002 20:00:00.446678 24480 incremental_pipeline.cc:620] Registering image #19 (num_reg_frames=12)
I20261002 20:00:00.446767 24480 incremental_pipeline.cc:623] => Image sees 35 / 130 points
I20261002 20:00:00.446824 24480 incremental_pipeline.cc:629] Registering image with structure-less fallback
I20261002 20:00:00.446880 24480 incremental_pipeline.cc:631] => Image sees 119 / 607 correspondences
I20261002 20:00:00.446944 24480 incremental_pipeline.cc:646] => Could not register, trying another image.
I20261002 20:00:00.446999 24480 incremental_pipeline.cc:620] Registering image #16 (num_reg_frames=12)
I20261002 20:00:00.447054 24480 incremental_pipeline.cc:623] => Image sees 33 / 124 points
I20261002 20:00:00.447109 24480 incremental_pipeline.cc:629] Registering image with structure-less fallback
I20261002 20:00:00.447168 24480 incremental_pipeline.cc:631] => Image sees 113 / 562 correspondences
I20261002 20:00:00.447230 24480 incremental_pipeline.cc:646] => Could not register, trying another image.
I20261002 20:00:00.447285 24480 incremental_pipeline.cc:620] Registering image #18 (num_reg_frames=12)
I20261002 20:00:00.447339 24480 incremental_pipeline.cc:623] => Image sees 30 / 123 points
I20261002 20:00:00.447394 24480 incremental_pipeline.cc:629] Registering image with structure-less fallback
I20261002 20:00:00.447449 24480 incremental_pipeline.cc:631] => Image sees 111 / 692 correspondences
I20261002 20:00:00.447512 24480 incremental_pipeline.cc:646] => Could not register, trying another image.
I20261002 20:00:00.447567 24480 incremental_pipeline.cc:620] Registering image #29 (num_reg_frames=12)
I20261002 20:00:00.447622 24480 incremental_pipeline.cc:623] => Image sees 33 / 118 points
I20261002 20:00:00.447677 24480 incremental_pipeline.cc:629] Registering image with structure-less fallback
I20261002 20:00:00.447804 24480 incremental_pipeline.cc:631] => Image sees 94 / 586 correspondences
I20261002 20:00:00.447868 24480 incremental_pipeline.cc:646] => Could not register, trying another image.
I20261002 20:00:00.447923 24480 incremental_pipeline.cc:620] Registering image #27 (num_reg_frames=12)
I20261002 20:00:00.447977 24480 incremental_pipeline.cc:623] => Image sees 32 / 127 points
I20261002 20:00:00.448032 24480 incremental_pipeline.cc:629] Registering image with structure-less fallback
I20261002 20:00:00.448086 24480 incremental_pipeline.cc:631] => Image sees 88 / 643 correspondences
I20261002 20:00:00.448150 24480 incremental_pipeline.cc:646] => Could not register, trying another image.
I20261002 20:00:00.448207 24480 incremental_pipeline.cc:620] Registering image #24 (num_reg_frames=12)
I20261002 20:00:00.448263 24480 incremental_pipeline.cc:623] => Image sees 30 / 114 points
I20261002 20:00:00.448318 24480 incremental_pipeline.cc:629] Registering image with structure-less fallback
I20261002 20:00:00.448373 24480 incremental_pipeline.cc:631] => Image sees 59 / 518 correspondences
I20261002 20:00:00.448428 24480 incremental_pipeline.cc:646] => Could not register, trying another image.
I20261002 20:00:00.448482 24480 incremental_pipeline.cc:620] Registering image #31 (num_reg_frames=12)
I20261002 20:00:00.448538 24480 incremental_pipeline.cc:623] => Image sees 32 / 130 points
I20261002 20:00:00.448595 24480 incremental_pipeline.cc:629] Registering image with structure-less fallback
I20261002 20:00:00.448650 24480 incremental_pipeline.cc:631] => Image sees 58 / 598 correspondences
I20261002 20:00:00.448706 24480 incremental_pipeline.cc:646] => Could not register, trying another image.
I20261002 20:00:00.448760 24480 incremental_pipeline.cc:620] Registering image #22 (num_reg_frames=12)
I20261002 20:00:00.448818 24480 incremental_pipeline.cc:623] => Image sees 32 / 118 points
I20261002 20:00:00.448874 24480 incremental_pipeline.cc:629] Registering image with structure-less fallback
I20261002 20:00:00.448929 24480 incremental_pipeline.cc:631] => Image sees 58 / 598 correspondences
I20261002 20:00:00.448984 24480 incremental_pipeline.cc:646] => Could not register, trying another image.
I20261002 20:00:00.449037 24480 incremental_pipeline.cc:620] Registering image #23 (num_reg_frames=12)
I20261002 20:00:00.449092 24480 incremental_pipeline.cc:623] => Image sees 30 / 111 points
I20261002 20:00:00.449147 24480 incremental_pipeline.cc:629] Registering image with structure-less fallback
I20261002 20:00:00.449202 24480 incremental_pipeline.cc:631] => Image sees 56 / 647 correspondences
I20261002 20:00:00.449258 24480 incremental_pipeline.cc:646] => Could not register, trying another image.
I20261002 20:00:00.449312 24480 incremental_pipeline.cc:88] Retriangulation and Global bundle adjustment
I20261002 20:00:00.487491 24480 incremental_pipeline.cc:620] Registering image #11 (num_reg_frames=12)
I20261002 20:00:00.487639 24480 incremental_pipeline.cc:623] => Image sees 44 / 110 points
I20261002 20:00:00.487732 24480 incremental_pipeline.cc:646] => Could not register, trying another image.
I20261002 20:00:00.487798 24480 incremental_pipeline.cc:620] Registering image #7 (num_reg_frames=12)
I20261002 20:00:00.487860 24480 incremental_pipeline.cc:623] => Image sees 40 / 103 points
I20261002 20:00:00.487929 24480 incremental_pipeline.cc:646] => Could not register, trying another image.
I20261002 20:00:00.487990 24480 incremental_pipeline.cc:620] Registering image #16 (num_reg_frames=12)
I20261002 20:00:00.488050 24480 incremental_pipeline.cc:623] => Image sees 33 / 124 points
I20261002 20:00:00.488120 24480 incremental_pipeline.cc:646] => Could not register, trying another image.
I20261002 20:00:00.488181 24480 incremental_pipeline.cc:620] Registering image #15 (num_reg_frames=12)
I20261002 20:00:00.488239 24480 incremental_pipeline.cc:623] => Image sees 35 / 111 points
I20261002 20:00:00.488306 24480 incremental_pipeline.cc:646] => Could not register, trying another image.
I20261002 20:00:00.488404 24480 incremental_pipeline.cc:620] Registering image #19 (num_reg_frames=12)
I20261002 20:00:00.488463 24480 incremental_pipeline.cc:623] => Image sees 35 / 130 points
I20261002 20:00:00.488530 24480 incremental_pipeline.cc:646] => Could not register, trying another image.
I20261002 20:00:00.488588 24480 incremental_pipeline.cc:620] Registering image #29 (num_reg_frames=12)
I20261002 20:00:00.488646 24480 incremental_pipeline.cc:623] => Image sees 33 / 118 points
I20261002 20:00:00.488713 24480 incremental_pipeline.cc:646] => Could not register, trying another image.
I20261002 20:00:00.488771 24480 incremental_pipeline.cc:620] Registering image #18 (num_reg_frames=12)
I20261002 20:00:00.488828 24480 incremental_pipeline.cc:623] => Image sees 30 / 123 points
I20261002 20:00:00.488894 24480 incremental_pipeline.cc:646] => Could not register, trying another image.
I20261002 20:00:00.488952 24480 incremental_pipeline.cc:620] Registering image #31 (num_reg_frames=12)
I20261002 20:00:00.489009 24480 incremental_pipeline.cc:623] => Image sees 32 / 130 points
I20261002 20:00:00.489074 24480 incremental_pipeline.cc:646] => Could not register, trying another image.
I20261002 20:00:00.489131 24480 incremental_pipeline.cc:620] Registering image #22 (num_reg_frames=12)
I20261002 20:00:00.489188 24480 incremental_pipeline.cc:623] => Image sees 32 / 118 points
I20261002 20:00:00.489255 24480 incremental_pipeline.cc:646] => Could not register, trying another image.
I20261002 20:00:00.489313 24480 incremental_pipeline.cc:620] Registering image #27 (num_reg_frames=12)
I20261002 20:00:00.489370 24480 incremental_pipeline.cc:623] => Image sees 32 / 127 points
I20261002 20:00:00.489435 24480 incremental_pipeline.cc:646] => Could not register, trying another image.
I20261002 20:00:00.489492 24480 incremental_pipeline.cc:620] Registering image #23 (num_reg_frames=12)
I20261002 20:00:00.489549 24480 incremental_pipeline.cc:623] => Image sees 30 / 111 points
I20261002 20:00:00.489613 24480 incremental_pipeline.cc:646] => Could not register, trying another image.
I20261002 20:00:00.489670 24480 incremental_pipeline.cc:620] Registering image #24 (num_reg_frames=12)
I20261002 20:00:00.489727 24480 incremental_pipeline.cc:623] => Image sees 30 / 114 points
I20261002 20:00:00.489791 24480 incremental_pipeline.cc:646] => Could not register, trying another image.
I20261002 20:00:00.489852 24480 incremental_pipeline.cc:620] Registering image #7 (num_reg_frames=12)
I20261002 20:00:00.489911 24480 incremental_pipeline.cc:623] => Image sees 40 / 103 points
I20261002 20:00:00.489968 24480 incremental_pipeline.cc:629] Registering image with structure-less fallback
I20261002 20:00:00.490025 24480 incremental_pipeline.cc:631] => Image sees 230 / 482 correspondences
I20261002 20:00:00.490089 24480 incremental_pipeline.cc:646] => Could not register, trying another image.
I20261002 20:00:00.490144 24480 incremental_pipeline.cc:620] Registering image #11 (num_reg_frames=12)
I20261002 20:00:00.490200 24480 incremental_pipeline.cc:623] => Image sees 44 / 110 points
I20261002 20:00:00.490260 24480 incremental_pipeline.cc:629] Registering image with structure-less fallback
I20261002 20:00:00.490319 24480 incremental_pipeline.cc:631] => Image sees 220 / 601 correspondences
I20261002 20:00:00.490384 24480 incremental_pipeline.cc:646] => Could not register, trying another image.
I20261002 20:00:00.490439 24480 incremental_pipeline.cc:620] Registering image #15 (num_reg_frames=12)
I20261002 20:00:00.490496 24480 incremental_pipeline.cc:623] => Image sees 35 / 111 points
I20261002 20:00:00.490551 24480 incremental_pipeline.cc:629] Registering image with structure-less fallback
I20261002 20:00:00.490605 24480 incremental_pipeline.cc:631] => Image sees 142 / 586 correspondences
I20261002 20:00:00.490669 24480 incremental_pipeline.cc:646] => Could not register, trying another image.
I20261002 20:00:00.490723 24480 incremental_pipeline.cc:620] Registering image #19 (num_reg_frames=12)
I20261002 20:00:00.490777 24480 incremental_pipeline.cc:623] => Image sees 35 / 130 points
I20261002 20:00:00.490860 24480 incremental_pipeline.cc:629] Registering image with structure-less fallback
I20261002 20:00:00.490916 24480 incremental_pipeline.cc:631] => Image sees 119 / 607 correspondences
I20261002 20:00:00.490981 24480 incremental_pipeline.cc:646] => Could not register, trying another image.
I20261002 20:00:00.491036 24480 incremental_pipeline.cc:620] Registering image #16 (num_reg_frames=12)
I20261002 20:00:00.491092 24480 incremental_pipeline.cc:623] => Image sees 33 / 124 points
I20261002 20:00:00.491147 24480 incremental_pipeline.cc:629] Registering image with structure-less fallback
I20261002 20:00:00.491203 24480 incremental_pipeline.cc:631] => Image sees 113 / 562 correspondences
I20261002 20:00:00.491265 24480 incremental_pipeline.cc:646] => Could not register, trying another image.
I20261002 20:00:00.491319 24480 incremental_pipeline.cc:620] Registering image #18 (num_reg_frames=12)
I20261002 20:00:00.491377 24480 incremental_pipeline.cc:623] => Image sees 30 / 123 points
I20261002 20:00:00.491432 24480 incremental_pipeline.cc:629] Registering image with structure-less fallback
I20261002 20:00:00.491488 24480 incremental_pipeline.cc:631] => Image sees 111 / 692 correspondences
I20261002 20:00:00.491551 24480 incremental_pipeline.cc:646] => Could not register, trying another image.
I20261002 20:00:00.491607 24480 incremental_pipeline.cc:620] Registering image #29 (num_reg_frames=12)
I20261002 20:00:00.491662 24480 incremental_pipeline.cc:623] => Image sees 33 / 118 points
I20261002 20:00:00.491718 24480 incremental_pipeline.cc:629] Registering image with structure-less fallback
I20261002 20:00:00.491773 24480 incremental_pipeline.cc:631] => Image sees 94 / 586 correspondences
I20261002 20:00:00.491837 24480 incremental_pipeline.cc:646] => Could not register, trying another image.
I20261002 20:00:00.491892 24480 incremental_pipeline.cc:620] Registering image #27 (num_reg_frames=12)
I20261002 20:00:00.491947 24480 incremental_pipeline.cc:623] => Image sees 32 / 127 points
I20261002 20:00:00.492003 24480 incremental_pipeline.cc:629] Registering image with structure-less fallback
I20261002 20:00:00.492058 24480 incremental_pipeline.cc:631] => Image sees 88 / 643 correspondences
I20261002 20:00:00.492181 24480 incremental_pipeline.cc:646] => Could not register, trying another image.
I20261002 20:00:00.492264 24480 incremental_pipeline.cc:620] Registering image #24 (num_reg_frames=12)
I20261002 20:00:00.492380 24480 incremental_pipeline.cc:623] => Image sees 30 / 114 points
I20261002 20:00:00.492470 24480 incremental_pipeline.cc:629] Registering image with structure-less fallback
I20261002 20:00:00.492528 24480 incremental_pipeline.cc:631] => Image sees 59 / 518 correspondences
I20261002 20:00:00.492597 24480 incremental_pipeline.cc:646] => Could not register, trying another image.
I20261002 20:00:00.492730 24480 incremental_pipeline.cc:620] Registering image #31 (num_reg_frames=12)
I20261002 20:00:00.492802 24480 incremental_pipeline.cc:623] => Image sees 32 / 130 points
I20261002 20:00:00.492897 24480 incremental_pipeline.cc:629] Registering image with structure-less fallback
I20261002 20:00:00.492966 24480 incremental_pipeline.cc:631] => Image sees 58 / 598 correspondences
I20261002 20:00:00.493024 24480 incremental_pipeline.cc:646] => Could not register, trying another image.
I20261002 20:00:00.493079 24480 incremental_pipeline.cc:620] Registering image #22 (num_reg_frames=12)
I20261002 20:00:00.493133 24480 incremental_pipeline.cc:623] => Image sees 32 / 118 points
I20261002 20:00:00.493188 24480 incremental_pipeline.cc:629] Registering image with structure-less fallback
I20261002 20:00:00.493241 24480 incremental_pipeline.cc:631] => Image sees 58 / 598 correspondences
I20261002 20:00:00.493330 24480 incremental_pipeline.cc:646] => Could not register, trying another image.
I20261002 20:00:00.493387 24480 incremental_pipeline.cc:620] Registering image #23 (num_reg_frames=12)
I20261002 20:00:00.493443 24480 incremental_pipeline.cc:623] => Image sees 30 / 111 points
I20261002 20:00:00.493527 24480 incremental_pipeline.cc:629] Registering image with structure-less fallback
I20261002 20:00:00.493583 24480 incremental_pipeline.cc:631] => Image sees 56 / 647 correspondences
I20261002 20:00:00.493639 24480 incremental_pipeline.cc:646] => Could not register, trying another image.
I20261002 20:00:00.493715 24480 incremental_pipeline.cc:826] Keeping successful reconstruction
I20261002 20:00:00.494331 24480 incremental_pipeline.cc:465] Finding good initial image pair
I20261002 20:00:00.496217 24480 incremental_pipeline.cc:472] => No good initial image pair found.
I20261002 20:00:00.496353 24480 incremental_pipeline.cc:800] Discarding reconstruction due to no initial pair
I20261002 20:00:00.496554 24480 timer.cc:90] Elapsed time: 0.548 [minutes]
